15715.0,12575.0,15536.0,15595.0,15515.0,379.0,15594.0,2.0,9144.0,17109.0,9140.0,15591.0,15593.0,13401.0,14856.0,15648.0,13482.0,410.0,3.0,15589.0,1302.0,15538.0,37.0,15439.0,15509.0,12529.0,15590.0,39.0,14678.0,15588.0,21.0,4.0,9052.0,462.0,2497.0,14054.0,14.0,461.0,81.0,29.0,15596.0,10.0,1.0,14341.0,438.0,283.0,16339.0,14838.0,15031.0,9088.0,236.0,386.0,15446.0,382.0,36.0,15585.0,222.0,367.0,15498.0,8137.0,24.0,14750.0,2415.0,22.0,15599.0,256.0,34.0,14107.0,20.0,2015.0,9114.0,574.0,9053.0,19.0,15587.0,457.0,112.0,110.0,67.0,381.0,13.0,378.0,482.0,60.0,729.0,15945.0,15600.0,14298.0,541.0,366.0,332.0,15622.0,314.0,210.0,512.0,42.0,23.0,16655.0,55.0,13955.0,16116.0,9050.0,390.0,16658.0,13984.0,274.0,503.0,560.0,14112.0,1638.0,2012.0,14163.0,7040.0,194.0,545.0,147.0,437.0,16657.0,297.0,542.0,133.0,1554.0,14110.0,370.0,342.0,9113.0,16350.0,4126.0,16596.0,197.0,16078.0,65.0,2559.0,392.0,8982.0,14677.0,15642.0,17818.0,16120.0,15676.0,162.0,8622.0,9069.0,17982.0,16047.0,481.0,109.0,16298.0,2553.0,1547.0,143.0,9062.0,189.0,442.0,288.0,321.0,15532.0,9082.0,2447.0,17169.0,268.0,2499.0,16126.0,4057.0,17816.0,16878.0,103.0,9092.0,75.0,166.0,5001.0,8338.0,13489.0,676.0,362.0,326.0,15520.0,5002.0,16160.0,417.0,488.0,46.0,121.0,1246.0,404.0,88.0,9068.0,292.0,17411.0,290.0,9064.0,159.0,16399.0,1812.0,9061.0,15019.0,372.0,677.0,308.0,16252.0
397.50208938438107,48.58146856037481,106.31228996697746,60.86837858152196,57.33593258593258,11.355409500630088,29.747682872682873,97.43610874079624,6.328093203093203,43.559409340659336,70.56140550285771,44.584542772042774,165.93875864545507,21.888415635290634,22.371111064861065,7.712805712805713,93.39837503766074,7.352873688811188,4.728550641745086,39.398859329328076,46.75096629560915,69.3117967102342,7.5750152625152625,30.02262506012506,22.61556817025567,9.262566137566138,48.6507506960632,19.455278993881937,51.42652717652717,22.746401977651978,10.855137917637919,3.832942982942983,41.86815851632028,32.03381978519846,1.9318181818181817,1.0759977869352868,69.99116116467307,1.691877566877567,6.310042735042735,3.4306526806526807,17.153422965922967,27.094012938314407,7.179286858974359,7.856058466995967,1.7223517223517224,2.083603896103896,1.3611111111111112,4.604789886039886,6.382947607947608,1.59375,7.6239316239316235,11.008699633699633,0.0,3.694444444444444,3.1633470695970693,12.166587174399675,20.08121646871647,32.887785825285825,6.127136752136752,21.24819381398329,0.9321581196581197,2.263888888888889,12.420833795833795,26.189050532800533,24.42489801864802,0.9930555555555556,1.71228063024938,1.7708333333333333,2.0658970658970657,0.0,0.0,0.0,8.597504347504348,0.0,5.175025138260432,0.0,0.0,139.2996456637904,14.316069347319347,0.0,18.42667748917749,5.995220057720058,14.672149067960516,42.44942618387375,2.833333333333333,9.32976282976283,2.352207977207977,6.941142191142191,0.625,0.652033152033152,11.98844246031746,0.8035714285714286,0.625,4.357182940516274,0.0,1.9270833333333333,3.803831585081585,4.619075369075369,2.8541666666666665,0.915954415954416,1.6077441077441077,10.518458393458394,0.0,0.6182336182336182,0.0,0.0,2.9720643939393936,0.5502136752136753,1.4855769230769231,6.468915820018761,14.192550505050505,2.2168524473211972,0.533068783068783,0.0,1.111111111111111,1.2291666666666665,0.0,0.0,1.25,0.0,1.832167832167832,3.0844155844155843,0.537037037037037,3.7800925925925926,0.0,0.0,3.1634672619047617,2.389946790682085,6.011637667887668,0.0,0.0,0.0,0.0,1.2395382395382395,1.3887686387686387,0.8333333333333333,2.451923076923077,0.0,0.0,0.7916666666666666,0.0,0.5289351851851852,0.0,0.0,0.0,5.5979020979020975,0.0,0.0,21.085311435640385,0.0,0.5888888888888889,0.0,5.265392015392015,0.0,0.0,0.0,1.9791666666666665,0.0,2.9745370370370368,0.893939393939394,0.0,1.7291666666666667,0.0,1.9823232323232323,0.0,0.0,0.0,0.5119047619047619,0.0,9.998039493575208,0.5925925925925926,0.928030303030303,0.0,0.0,1.4583333333333335,4.0263532763532766,0.0,0.0,2.317460317460317,0.0,0.0,0.0,0.0,2.926767676767677,0.0,3.958333333333333,0.7142857142857142,0.0,0.6111111111111112,0.0,0.9999999999999999,0.0,0.7638888888888888,0.0,0.0,0.625,0.0,0.0,5.596196338383838,0.0
1289.01392048251,573.2785018611818,655.5471393533419,194.05503048880632,214.15139787363674,222.16209625301224,102.06651371450837,232.71888447292127,89.3649510241524,551.4688508599118,117.97754149071409,86.16857289535861,372.2939539284259,181.4415697445554,113.118661059452,132.9557476605632,247.17107192757103,32.910825117205555,25.457633734875444,162.71385622037803,164.96900897884183,99.30534653630468,14.179198874756919,122.31834035542393,110.26822976840529,188.53193283594112,163.5093613937537,40.474453148262675,172.7703679751205,58.31855035591523,16.533972913541486,22.377270716215527,153.797284141759,19.933427736746022,30.289260074421378,46.52664929778353,10.211273448773449,0.7953643578643579,41.89973920530586,5.851142180246191,13.328499994273804,48.16569051863169,50.27972579035215,36.87963499678616,6.833787672166837,6.151035868893012,17.015381582890484,12.021692613849476,15.482883276915231,6.866928939336988,25.948542320252844,0.0,24.462683488315264,5.970299416540018,2.5494317473032644,6.56042152639897,2.2226995226995228,150.33989538249793,3.225908350908351,45.43366599922488,11.850261149939897,5.26432379349046,1.933877465127465,17.510782427449094,30.23915990361499,0.9609582216725073,1.2501489143931004,2.253659039373325,1.1039784490871447,2.575343927215585,7.155618686868687,1.7383195508195508,25.439919300455824,1.897126022126022,2.2192055860037585,5.904248062861509,0.9167740239092311,3.621392496392496,0.0,1.1325040991922806,8.599479671695093,2.0207570207570207,2.6439458359101216,1.94423163337637,1.9841585767337646,12.078997556676129,14.875094386607545,0.6319444444444444,1.5811817151102865,2.0226070226070227,7.242309145880574,4.486083308921654,1.8386243386243386,0.0,5.034750566893424,6.511442139731614,2.564969422112279,15.45232337250526,5.460673916031059,1.7341401449903822,7.7458012666346,47.990321682285966,3.090858930183805,2.0601643465835195,7.880866293461007,6.592655430061445,2.44639534442166,0.0,3.3545651673747647,0.0,0.610866316223459,9.116697633332972,6.189935064935065,0.6802232854864434,5.099206349206349,0.0,0.9506725713622265,2.1674728490204678,5.595817377067377,2.857702281615325,2.8423758259284573,0.0,5.537203492724562,0.0,4.150132275132275,14.885164070937805,0.5324045443093062,1.5732022607022607,32.1529464411455,8.461269613209268,3.335467772967773,5.66307634164777,0.0,142.51178104303105,2.5728157424585993,2.3289919563668406,2.7247546324927274,0.0,3.1925505050505047,7.436502014941209,0.0,1.1842277984719844,1.23502886002886,1.4259259259259258,3.924916683845255,0.0,1.6891828235813198,0.0,1.5555555555555556,0.0,0.0,2.5406273398164463,0.0,0.0,0.0,0.0,5.212136672850958,1.0900372775372775,0.5914918414918415,21.301257472686043,0.9569346864428832,2.6218805704099823,0.7708934583934584,5.39578766947953,0.5874433106575964,1.7014430014430015,1.096424774056353,24.66317954920896,1.180245254258412,3.8823923987457825,0.666479353979354,0.0,2.001984126984127,0.7063492063492063,0.0,0.0,7.310876623376624,1.4087301587301586,18.456814392423635,2.0505050505050506,0.0,0.6253306878306878,0.0,0.0,0.0,0.7443934511603684,1.5373060175691755,0.0,0.0,2.1203703703703702,2.412087912087912,3.2490530303030307,0.0,0.6001984126984127,2.6823566547831255,0.0,3.3449074074074074,0.0,0.6084656084656084,0.0
822.5555958189165,135.06644294407837,145.7406386684424,89.62566937172703,136.32233576675225,71.66721111586477,135.94612856745644,100.89994691221779,425.58963517163704,137.38122488654167,16.314406309028872,56.043416069160116,183.61138721088412,147.3837269447743,68.10542902394876,37.20543738338381,177.88862483849812,25.321582192405334,32.19691062244633,100.81296977032565,58.54236398155552,62.96865801364473,60.549375950878925,176.37896367724562,20.838498276414942,0.9908339345839347,76.8835052755886,23.535352092792568,87.07723434744268,12.11164002289145,21.47848494098494,11.579615867812215,2.1424073168080016,40.87492413991332,34.20823508281842,102.9207902442575,5.268501984126984,21.67685429154179,48.143084940852795,56.23322021067557,54.90654870922728,12.403452982519763,45.76736524993965,9.554534732243065,36.21832069844973,31.658001605543113,18.34038835546113,9.269857804232805,15.809473670830691,5.253978937728938,1.8966600529100528,18.639732235357236,68.82066599075527,11.049577922077923,13.136419088517302,0.85625,9.575297619047618,3.8492063492063493,7.513144841269841,0.0,3.517815806878307,13.991376678876678,6.435717903128618,0.0,1.6636904761904763,12.101846613683735,10.304633190883191,5.740827320827321,1.3523809523809522,5.876889921025195,6.439248144570633,8.739135723733938,0.0,2.6484953703703704,2.0205522486772485,14.628482321250178,2.699619708994709,0.0,0.6562118437118437,5.764217149949782,0.0,2.24464436026936,2.7663249559082894,4.490842490842491,0.7916666666666666,0.0,3.1870370370370367,0.0,0.7351438492063492,5.694396113146113,3.444457163207163,0.0,1.2565310846560847,1.8138227513227512,6.52165658856135,0.0,0.0,0.0,6.13267679080179,3.061970899470899,0.6662533068783069,0.0,1.452717151675485,20.03777260548094,1.4187785594035593,2.6857488576238575,17.005152316818982,1.0549355158730158,0.0,0.8939069634703196,5.294524027559742,0.0,7.597764041514041,1.0350058836665978,1.7848443223443222,0.7281746031746031,1.518849206349206,1.4285714285714284,25.06212679516251,33.279028633403634,0.0,0.0,0.0,15.59484126984127,2.837962962962963,0.0,0.0,0.0,0.0,2.4054834054834053,1.72010582010582,5.665674603174603,2.47801008289022,0.0,0.0,1.4293981481481481,0.0,12.865530303030303,8.084993858654572,0.5065972222222223,7.3693474207172835,2.5924272486772484,0.0,0.0,0.7835648148148149,0.5423565552552833,0.5208333333333333,9.873875661375662,0.0,0.6247271825396825,0.8895502645502645,0.8504497354497353,0.0,0.0,3.0527014652014652,2.025462962962963,0.0,0.0,0.0,0.0,2.649722222222222,0.0,0.0,2.681878306878307,2.2296213624338623,1.05489417989418,1.8486507936507937,0.0,8.176025132275132,0.0,0.0,0.0,0.0,0.0,0.0,0.0,0.0,0.0,0.0,1.25,0.0,30.944260276760275,0.5536954365079365,0.0,1.0132101086048455,0.0,0.0,0.7681051587301587,0.0,2.1973824786324787,1.3310185185185186,0.0,0.0,0.0,0.0,0.0,5.624597178615036,0.0,0.0,29.120873917748916
851.9325407371667,431.59075150082435,358.00400796037036,110.69543074999977,208.15355123038535,60.118668101776734,58.49758823844858,317.7239854996429,74.66241615192712,417.07417493215837,142.6374465531757,63.914416850987415,337.5539382880678,84.98498019489934,58.95628887775763,71.04944626336663,218.273639928243,18.332079930356237,14.113092294648672,95.62894646809808,74.4352990204514,98.08369402712682,42.20546416218949,130.3789185661071,70.12907410066853,97.43931275377574,44.96383910601753,35.8600158544567,75.94341870791125,25.75069618640908,34.606782225116106,28.716380901979413,143.84917653901167,13.140187167219283,18.88711802616548,38.95727749798571,29.07766393533504,1.5623761177921471,36.91918188336381,3.7890583258546777,38.26493624691719,36.674465529816885,10.122625504437016,25.061990904260824,2.099252788607705,24.443154557446324,3.723167710559675,6.349190439279315,4.841994849303562,4.895749534148778,36.65101549538402,13.760042406300546,4.873591664613336,2.1290372225321876,1.3656886452752257,5.6706932896183595,12.466597884634275,213.0331714924029,2.393443591764826,48.09029822732683,7.539906988288274,3.4631616835177206,1.9255607972900062,13.183597725843109,28.5260600653736,4.025933168323151,1.1048469870527058,2.4481196314632276,4.315203756106927,7.0151467790026025,5.627147182838039,0.7242011114515652,3.6341796600452616,0.6353084598520704,0.0,1.2277055651115802,0.0,12.476195998800977,10.505120441346687,1.3443172764898734,9.630068241163395,0.0,1.6201906233378067,4.862791326360238,1.3925642141960928,4.8294253192074095,20.030049309521125,1.3861769322295638,3.2175015939390113,0.0,1.8285473785473787,5.28945742904847,0.0,2.0136501098377453,0.8517770543632612,0.912216406067826,1.431191126468918,27.99638624264594,2.254345397987973,2.0648014398898984,1.5675371378638165,117.21596350499728,6.054203610938958,0.9346958081478206,9.347516443135108,3.4523938986413634,0.0,0.9148188975775183,8.160931237092228,1.7171225250688615,0.8533769063180827,39.84975544039462,6.564559252471403,0.0,0.6218652135183576,0.6377896613190731,6.059361776755286,1.4701418193998528,0.6900890775890777,0.5218253968253969,1.4999989023822695,2.6689404590489216,3.6072226126011193,1.4629142787037523,1.1979746815295085,2.7503618996706645,3.093807310884931,5.108596425855308,26.63618003855055,9.725887122892567,0.7622450920825534,0.653057136833228,0.0,828.9016673380166,4.169128987992819,2.4579945886527503,2.747390932724862,0.8567665571975916,3.1308143668050787,3.0925556520248754,0.0,0.5149122807017544,0.9734025720867826,0.0,0.9763733643377606,0.0,0.0,0.0,3.1067681458548333,0.8300645714438818,0.0,8.002500860884348,0.666446578465251,0.0,0.0,0.0,5.747577276524645,1.4470465948281668,0.5195521645757147,24.72655940337392,0.6073025701508674,12.116253334442188,0.8099622789224583,0.8172974602589207,1.7556343331304631,0.0,0.0,2.314800759382803,0.0,10.835830504061928,1.2826922137800754,1.9253657163773796,20.44617049646675,2.5560740367935844,0.0,0.0,3.4533884419056537,0.750401097440571,30.24582233410163,0.0,0.0,0.0,0.0,0.0,0.0,0.5036274207959046,0.8830271036153389,0.0,0.0,0.0,1.0414807431811108,0.0,0.9409235551631534,0.0,1.3241849739527758,0.9110342701673971,0.0,0.8521645021645021,0.0,0.0
803.6247627867991,229.69965571309137,178.41402394018954,66.63224215689635,178.1896176128666,57.51610367435965,28.22760774884139,59.820698918464004,156.66731304128473,268.43145033728484,30.332852680127353,41.92633080562453,94.47877423390923,129.47815907140372,54.97808278733084,24.041827509794423,156.50676614158039,108.83751826676902,35.15969332285276,27.15918013165167,79.60087627807789,72.80489851556607,59.546296208724314,48.512032131466704,110.67365870260579,34.51448472900974,68.64018068611183,6.152292389437539,50.65283235322446,36.575168978219196,42.8573595070812,15.199965040499805,5.806973857140129,13.257190582728558,12.592240237131211,21.367306320443767,5.8909949698806185,20.2395243198398,2.693629257673763,6.434251411620597,9.325965070161416,14.211645313767448,15.978283413689997,2.039269758019758,4.3686199668165875,5.627480061506504,121.07243358930216,37.57815268022271,20.317602739259097,15.393437946065891,0.7055790890653205,12.576218219485304,15.872038382992082,4.641213175560059,4.043255858150915,32.20430740246745,38.46741014444136,10.150563188920076,6.731937917395053,8.749280928994441,5.164272311182784,0.7351551835668758,5.175864433723649,2.6191997666631797,7.420973014099834,5.676441087931252,5.51066863745683,10.230928895512674,4.334260957632521,3.751073319004283,1.1745225440268543,4.008483831205366,2.487755289907609,4.28871696854153,1.134476927048924,14.715225860162873,0.6023716363500754,1.8653477277198505,1.626994832914642,1.4865768999426745,3.104940362082012,0.6184988140202043,1.5182208367178383,0.0,1.8917685063126792,2.632875377331745,3.4202404604489356,14.26596370412565,0.0,1.0457790511473897,7.870419462718224,2.2231637796565202,8.016594070918762,2.5941767180544093,0.7364524303812118,2.032809022067735,1.8779961188049423,0.6122388798772647,0.0,0.5253903188713088,0.0,0.6585425632427867,1.1024818178215745,0.0,0.0,1.6359142542506513,7.665301397779698,0.7532459558233456,1.1800048890006347,1.9769824311490978,0.0,0.0,0.7122822570337783,2.484033027820291,0.9867687459599224,3.15263249028923,0.0,0.0,2.499678563610452,37.49616109865971,0.0,0.8040984750543575,0.6629970971488829,2.7912001193251195,0.6497518203318796,1.6915795363452255,1.053984792371549,0.0,0.648675157596569,0.843841426430712,0.0,0.0,8.507865994514601,0.7577279804895338,0.0,1.7593144209244165,0.5310336522101731,0.8753396158389596,0.0,0.0,11.02665036590085,0.0,1.562357541883404,8.270698516874216,0.0,0.5882352941176471,0.9972433909065896,2.098399625517554,0.5277777777777778,1.1672123358947537,9.783403262186157,0.0,0.0,2.5923617741474283,8.36545124150319,3.2278138528138527,0.8583849101090479,0.0,0.7298621422940842,0.0,0.0,0.6884870265571391,1.4769732276247913,1.7461080586080586,0.0,5.1427766585052925,0.0,0.0,0.0,0.0,0.0,0.6440288040503558,0.5750272331154683,0.0,3.2904783028571263,1.1202633214026025,0.0,0.0,0.0,0.8993427271539594,1.986133145190195,4.124100468776815,0.0,0.90006468909878,0.0,0.5686487682424215,0.0,3.4829993596745616,1.2869165795889934,3.4646823650907135,0.0,9.613489547365122,0.0,5.107600775557432,0.0,0.0,1.3747109372109372,1.1419610028461704,0.7872041723372637,1.7127411488866597
1085.8249883164249,359.9646323248396,313.89293277986593,372.7539577611844,314.82428177497434,59.997675682043884,72.86077386732758,164.95518895107801,73.19030896863804,1114.0923794658036,242.16027414996168,141.8207021925592,160.30228985550556,149.887751336821,200.56058379187638,36.87200188661167,241.98187114297764,220.11807783724055,94.80814585709896,82.97962869032192,251.67011436119557,373.68789797588533,216.70238432398907,275.6662537805677,100.9321913417309,37.738549904668,224.91318434225758,119.42249896197204,360.65072824839046,792.9167803634557,30.084023005876876,83.09447343481315,146.92987331017062,168.11986776346714,74.48937278865654,132.63755711257767,21.242543633767877,22.42290346546812,39.069860648643996,24.903507165178073,51.261196637600904,10.819883333282228,257.03199168725325,362.0347621344915,67.99543422237653,19.90980400558268,109.20726848442709,50.13568558470039,11.516940209388956,55.51696277179957,7.328088456224866,1.1848071412473036,31.214943708728182,55.19801415242447,25.12229472134753,251.17582537075327,3.0408008658008656,22.755406721294452,72.59989075780057,555.1012941352126,72.73694652175821,31.749925484979332,22.786423229376236,6.695372412308058,382.06544915895677,68.72332690982375,4.369855564889371,121.9404908931126,43.892560228442576,8.300709251714153,104.98441711704642,22.42872155644309,211.0206490307074,1.2488328664799253,27.292347997308756,48.863790289512906,7.984452074848482,4.522496706192358,8.183997381469224,44.356283811861594,24.55078512941769,0.0,70.4043321323757,12.307182014420858,94.63113310229556,274.8271688220363,5.324187093773471,3.623767821304767,30.11986923735994,3.8554167442816865,10.92876984126984,75.71391487788124,2.552027959331881,9.058316488958885,10.783562664062579,77.8661596866372,18.184556927410227,0.0,5.69899603960089,9.261172880469868,5.370335102208411,13.366958992492549,42.75414904087295,33.32920262381047,28.75214784398608,12.330139926340905,22.23221403460374,2.3712885227526517,32.68934001981192,3.601531638296344,6.024094371465061,12.118701294168435,10.555486220825976,18.465061896192072,1.888242556281772,5.925040463474371,1.800528774728282,175.020779221255,4.902092025621437,0.0,15.425414958135546,1.7824074074074074,7.060961558282987,43.60197839288526,5.656858766233766,3.7928582150115444,101.4363536586499,13.44645559521028,9.3266428063662,0.0,11.214428480953734,1.3719472463314828,0.7400793650793651,2.5424382716049383,7.1374354371378175,30.179699969045455,10.836737263540485,2.175454824330754,7.1479903312011155,12.623628834528212,1.3314176245210727,5.748683580618165,18.664610146499452,15.444408963404062,5.4227343625247615,0.0,2.198290204273977,0.0,5.0,1.077924694652636,0.0,7.0703461435079085,0.5693113912231559,1.6227515910578791,0.6944444444444444,0.7301587301587301,9.72027917053272,10.9368663761801,4.501183795357223,0.0,0.0,0.0,8.680519912421476,9.781075648208,1.5149884259259259,6.03370513054421,2.496626984126984,4.184255093354358,10.574576968276258,0.0,11.937918017634404,19.05367842458233,1.9368386243386242,3.202724358974359,3.820381247105385,0.0,3.4937531157467405,5.8297617301906515,5.456970387624546,1.6197541682455474,3.129447327363994,20.235126942023495,0.6257697044334974,0.0,9.823971247071738,2.2981024286171343,0.5045365101168673,0.732028691106072,1.2552246603970743,0.5748836891078271,9.478608793033597,0.0,7.713590267756934,0.0,18.515893812053235,14.940620685596175,0.0,0.0,3.667119898357221,0.0
7153.230515366924,1951.7470704244713,770.0232926642034,1866.6529377048846,790.6557459017469,131.55983805670627,451.5072466328917,1228.0371781518347,116.20720247874112,6409.688520749968,846.4733247242485,816.9542088426582,1219.0193518257427,390.1216167210927,1090.2827877053396,176.9486646093462,1786.7237337242166,1510.6532489223152,559.9183960346111,200.36873965878337,1016.7214034343322,651.4224026112138,1233.4737907949814,1349.369950817528,260.0423135089609,172.30933860264966,671.9814047643296,873.0600810290449,2393.692953102266,5903.458035114526,65.0631286224825,285.1188854425585,794.7439041703734,626.2159920238591,328.09836065925157,643.876578230446,47.31409661782086,20.24597622604088,208.5451270849839,122.68306603223694,349.4012836533707,44.01800604390494,596.1527475297353,596.8873415727677,212.06628978796368,148.3640144776503,138.42515512370636,156.93577383127848,127.79538066527194,275.9765887774077,20.697354111204806,8.31785960465691,53.885359172893644,129.96931002702917,102.5380652933681,485.39372670442845,5.73524531024531,34.45984811323584,316.5736393289176,3784.042311942196,406.77257219148737,192.29813378021143,48.98887481218496,7.350999192934839,1876.1008565412828,187.89446473364015,19.11340472956949,229.23024338631396,326.88641211068733,17.864201315206216,437.6505683709953,69.2515099522578,800.2649765201854,15.674402667049726,78.50898583477992,133.08073277163396,39.86768342136224,9.283714654910307,25.493521190993032,158.66586173393952,183.83059790923048,4.166666666666667,227.0793651295813,95.9715060061258,371.778885312955,784.9324528347607,20.127543605682614,29.763077585614532,131.9508454811338,9.422995461860404,23.31418650793651,941.164846336804,7.629408911712833,51.60324193388433,28.42947274526678,253.40915891624357,30.837875830729132,20.890904739683474,29.517415384805947,47.75702301431603,64.06948202010533,77.57849745403101,186.3922790545982,69.63959269670053,70.04550065519604,54.24269403889502,82.77284129949571,17.411041924113196,107.68089178814941,6.408247145011851,75.52429126451909,24.84842249888964,75.68568218227193,167.22697099679164,8.130306048345263,14.060291786225694,4.8095990695128625,583.2611393012276,9.019211017740428,0.8056029219822323,108.63202470641197,1.3617724867724867,61.26824177806321,90.96659103022198,38.319752585377586,5.455060595963926,455.99721940225373,70.81727987674884,9.799170278893673,1.0517006802721087,32.24270229047754,22.010836135220373,8.00734126984127,7.744378306878307,15.392139261169373,89.70817709385793,25.203001452026896,6.165337490684008,51.699622726583506,67.51881697971635,0.0,30.80663583559423,93.60896995335926,65.76570837283371,32.42769467998508,5.680153191035544,10.415053071036844,0.0,2.876068376068376,1.077924694652636,3.5317460317460316,19.650034752958423,3.9970891690009336,2.2338627021689903,0.9217171717171717,0.9007936507936508,75.00119433120979,60.984083554944895,38.10211005164062,8.275216864872037,1.2993265993265992,3.3637371615312794,30.230234747850595,24.45356169390833,1.7242687289562288,14.256623085605023,4.583834089191232,10.849077924843856,32.40974033074225,6.92189132706374,28.91109066729515,78.40869979210369,8.557488807488808,2.847565628815629,8.709270135994274,1.3867845117845117,11.056223053216678,28.17703482746375,30.519895888050044,3.36217841066979,3.341839102255769,0.0,0.6257697044334974,0.9893353174603173,21.16325696135745,44.76834052385523,37.50001081094831,12.256830278407659,3.38129303646545,1.512383689107827,25.279586684190058,0.0,33.475288622312426,9.743284493284493,67.17561989656002,76.2614988264148,0.0,0.0,7.771471895566361,0.0
1311.2109554837868,629.623423575311,367.93041281643644,56.06384083248193,431.7553685268243,36.1747860864389,101.50946815943702,610.4974473052097,82.17742554731103,170.61189233666715,110.5873282338365,34.645203760063815,325.03632015849104,147.67490305782297,94.78954964532328,105.23584730337774,275.8794118722255,4.863060599769396,36.844655829639336,232.69826021053262,146.85350790957895,101.70321195725502,10.727448715447947,128.872049576153,52.72426622195108,323.8970823380807,223.15715787911984,6.906933977618501,63.7231101718518,41.40654277192846,3.4493464052287583,61.16956311060139,108.34844913055926,18.614768894962147,25.853103374373536,19.04119154911883,3.8715067340067337,4.850348725348725,18.4919678438586,0.9046840284935522,12.98214391817333,4.4757366816190345,24.41360431975549,157.28713324289544,15.223023504273504,0.6821551520008743,0.0,0.8634860509860509,4.499987116058544,7.7858968082182365,1.77196333078686,3.062770562770563,6.065205627705628,12.068583046474808,0.9584223646723646,6.271902700474129,0.0,89.3745842541927,6.211147716662422,8.782638061696721,4.863272715682354,0.0,0.0,2.8216407775231303,52.81072821572505,0.627843056414485,0.769218199661748,0.0,0.0,3.4140211640211637,2.90958639671875,0.8766233766233766,7.4598665223665215,0.618156353450471,16.388005707333438,0.6353859725708465,0.0,18.380013681489427,0.0,0.5667981915292587,0.0,1.1458333333333333,1.3770854832515822,0.0,6.020200330802798,6.895844200150923,4.11577380952381,0.0,1.3696062821726245,0.0,0.0,0.552051123479695,0.0,0.0,0.0,1.277056277056277,0.0,39.38801129426129,2.849057804940158,0.5891213234605137,18.986882716049383,30.115356210149095,3.8628447170113835,2.9647331154684093,5.12720855489475,0.0,0.0,0.0,0.0,0.0,0.0,9.790733840462943,2.2118029029793735,0.0,0.0,0.0,0.0,7.267877184543851,0.0,0.0,0.7965367965367965,0.0,13.481424152152442,0.0,0.0,1.42533526640087,0.7106037701275796,8.581108706108706,6.108534779606137,0.0,2.7559152448858333,0.0,0.0,8.387025497674362,5.583333333333333,0.0,5.765873015873016,0.0,0.5787157287157287,0.7878208101422387,0.0,0.5555555555555556,2.655122655122655,0.0,6.716720779220779,0.0,0.0,0.0,0.0,2.2222222222222223,0.0,1.4075600325600326,0.0,0.0,0.0,0.0,1.5465686274509802,2.486171236171236,0.0,6.915993767986177,0.0,0.0,0.0,0.0,0.7692307692307693,0.0,0.0,0.5341015193956371,0.0,2.573529411764706,4.010822510822511,1.195661976911977,3.5216450216450217,0.0,0.0,0.0,2.759259259259259,0.0,0.0,0.0,0.0,0.0,0.0,0.0,0.0,0.0,0.0,0.0,0.0,0.0,1.0649350649350648,0.0,0.0,0.0,0.0,0.0,0.0,0.0,0.0,0.0
1676.5181335317739,834.6464713909285,532.4386523695676,128.5726834045985,375.3636846602953,35.474999761652576,171.12557439725379,576.006900062921,54.150309145194626,338.2071043249712,63.54527457026582,53.900077054410794,269.76841080176587,52.893957638719655,238.8862845381108,144.22251229101022,202.0702013459097,7.5384991962606245,134.41410027408378,307.7948732709615,379.14463230280603,272.38032754033037,75.34611343279687,272.7192717983752,280.7702901870927,123.67931877066539,409.2921122994845,5.484419357735461,44.27501075664713,107.30237610526179,0.9493464052287581,31.62862743808677,81.18488918903878,21.978966425826343,34.598473744743906,109.83285821578549,1.5798400673400674,3.6003487253487254,26.091504880895638,1.5296840284935522,17.218255029284443,3.1000056874669877,30.54455670070787,412.54907281404553,6.0100605413105415,2.348821818667541,0.5762594893029676,8.863486050986051,15.541653782725211,2.959507919329348,2.39696333078686,0.5627705627705628,2.685575998075998,38.27063331102507,2.520922364672365,1.3587082560296846,0.0,285.04502772397825,8.9889254944402,6.4544216874277165,12.849383826793465,2.0019991582491583,1.4351851851851851,1.5716407775231305,72.57263297762981,2.2945097230811515,6.081718199661748,0.0,0.0,0.9695767195767195,7.4929197300520824,11.043290043290042,8.588521493126756,0.618156353450471,5.832450151777882,4.246497083681957,0.0,23.67168034815609,0.0,3.3445759693070363,0.0,1.1458333333333333,4.1402433779884245,0.0,16.71464477524724,9.826399755706477,6.546329365079365,0.0,3.753507210965194,0.0,0.0,6.297665158567414,0.0,0.0,7.784722222222222,0.0,0.0,2.6866224053724053,3.474057804940158,0.5891213234605137,34.20679012345679,128.47197385720793,13.862844717011383,8.242510893246187,4.4327641104503055,0.0,5.444444444444445,0.0,2.097207190957191,0.0,0.0,5.996352052660102,0.6145806807571513,0.0,0.0,0.0,0.0,3.1012105178771847,0.0,0.6277056277056277,0.7965367965367965,0.0,4.259201929930221,0.0,0.0,0.0,8.52310377012758,7.956108706108706,4.873154662647073,0.0,18.88895618055835,0.0,0.0,19.45281497135857,1.0,0.0,0.7658730158730158,4.270833333333333,0.5191919191919192,4.537820810142239,0.0,0.5555555555555556,0.5717893217893217,0.0,2.341720779220779,0.0,0.0,0.0,0.0,2.2222222222222223,0.0,14.092919263971895,0.0,0.0,0.0,0.0,10.29656862745098,1.236171236171236,0.0,4.249327101319511,0.0,0.0,0.0,0.0,1.2955465587044535,0.0,0.0,5.534101519395637,2.6778499278499277,0.0,2.767401458190932,0.0,3.5216450216450212,0.0,0.0,0.0,0.0,0.0,0.6261284932762012,0.0,0.0,0.0,0.0,0.0,0.0,0.0,0.0,0.0,0.0,0.0,4.051046176046176,0.0,0.9166666666666665,0.0,0.5988455988455988,0.0,0.0,0.0,0.0,0.0
5076.057241406998,2799.1695963720863,1682.3530666222923,1006.3292376154981,1495.7565912787104,236.79048856059862,861.3253791647533,518.2430883721761,435.17671591825416,2358.5536058020793,843.6183694434818,436.8867516523206,1281.9986193141538,611.2608464965449,644.4266657458718,383.4661784922495,1410.47165507618,524.7663022090461,278.16537561206263,555.0791282458648,1558.651990275634,669.503002482309,469.2696636309936,756.54153003439,459.43572346205093,332.4881849594768,654.3192984894253,95.22686418458586,1184.5429665635543,786.2856344501315,72.73439200264147,221.27615387791366,544.7004700604383,312.891494343287,290.6614806793392,211.12742496620032,62.4760261933056,53.16383490377298,273.41512648627275,68.21032243597028,365.8249322704483,45.73658607259613,96.43695554351106,174.4449009834049,44.683073329545806,37.572426711503724,317.7988928034255,63.54650702517474,256.2854518840006,171.7118889069577,24.012324391531113,18.244710467124065,47.70810291419929,64.73495783041062,79.2255038526268,148.96334630437894,17.676258141225247,276.82663863366184,29.43181100772515,399.81074852534294,77.89776090074501,23.682442706359115,14.657846089096088,68.17687936537911,153.69496125669926,7.767544922009208,13.827986024534809,32.974244604550606,16.1180623427763,30.587147013575517,58.554377905036034,46.43416049352799,145.95807731278992,15.597773053931833,11.490623695600164,116.96884368919343,14.716354411212741,7.391941391941392,54.542386773085305,8.651044030091233,123.48724072211925,2.825810321214733,5.323388114310733,68.98374210964188,38.63202228615993,40.04639409567723,13.726214991220795,15.263659627520273,32.52364965806658,15.436942232962757,15.642205542325478,104.60194944145057,11.785224089635854,70.98246391336562,22.408309530795243,57.991007704626305,62.17144133967017,66.92320243789864,13.230336670446915,34.577604986543776,26.083739032868287,69.88836677319874,13.468002363873543,13.543537171561736,23.201496744902496,164.92214782098037,130.11988358034264,7.772050364434818,65.23388880563641,2.009552947052947,9.776347835760237,38.79245404770845,19.494453803336995,2.289526616563968,2.4470413165266103,21.19761951927731,3.432100018037518,36.31599711085847,33.93294634287281,22.25211863401487,22.364885763284395,4.800814536340852,27.316085863673308,0.8872793872793873,71.6457358129664,63.44198639076521,14.320649960158889,15.564697364959969,71.77419392533537,57.97799745637184,39.00757570238833,5.038770854106988,12.650992911409578,80.02977192582686,19.073134009064532,25.000168726679938,10.179817779674268,17.204732172589317,7.2861297521707735,53.64622626650031,6.819380782616077,9.950692823715652,17.121992936484357,28.711633034624107,29.681415792978868,3.195384509133265,23.985691369047423,6.10970571539457,1.1111111111111112,7.983104525190439,3.484375,6.919686131596861,2.1138392857142856,27.49036495911496,1.1155431869717585,4.227023181067298,23.417396445757788,9.532447876197876,1.0008394383394383,115.29590902016218,1.3447911066282676,40.99288453047355,2.1382939976689976,14.65955080064774,12.109693493753367,12.968715599949768,0.0,16.012077646152722,22.819114773412057,16.208128231970004,4.731204502650581,4.752998068637846,4.025169468474422,5.813367188367189,2.4583715576362635,1.2752489884842826,26.302216711259536,4.026722606895021,98.75978068683546,4.613272327088117,3.134875541125541,1.6749715197083619,3.7734088827838828,3.4640378362321087,0.8028163947765341,21.703527326598792,11.440995921075254,6.097538778094334,0.0,1.537037037037037,3.6774210550252215,0.8277750329380764,3.295112253817611,8.741067284902126,8.780818528934223,8.83117884067639,0.0,2.4916011619958987,0.8463573463573463,0.0
1035.711033953209,310.5358059302708,153.90152066158907,51.43127766144033,111.35276554891814,136.34279580438252,49.35572266777753,78.20220762658937,193.79234810528203,275.36825767809285,50.569311239809686,63.38873629176915,66.28852605193839,86.57161603019429,45.27378383140935,46.02648012062986,129.57640054200883,50.83590681840541,66.40244713038754,118.03844771425582,27.23892523656751,78.95088727425933,39.571272388708515,62.8120057637973,41.56173183847295,19.26648038488464,56.547568804526954,56.01199422988748,90.72735365026818,35.23290891180477,24.834597695267828,24.112982599078332,3.511138255299037,17.719612945700362,16.645173634435327,31.008858795960347,5.57245879731802,13.961835771754703,7.134363176140242,15.751751934874175,11.81091993146455,25.99192052244485,11.251436393447463,12.435187016309465,2.028204890621429,17.90212475183367,71.76482546777271,24.322975037186858,17.348902550633078,11.579161695495925,4.649726630911836,6.0547155278003,11.5580445865302,6.357824670192721,2.844308312982662,1.1381200985228483,16.898626171370317,12.304844767329707,6.493488987099121,12.904141863265725,2.1648311147935173,1.384064309714225,10.828076118925729,4.9437485870785425,36.93098051907662,3.162498635361802,7.935063495234821,12.898597966908083,5.450180820855177,6.845067518783986,8.08488124627543,10.445667885211945,17.36799650075281,3.0879380787724124,1.7237747347555188,4.0198821016994835,1.2994173789046815,2.28639802074676,2.384929431542732,15.496520874881197,3.097879645307202,16.48932086054535,0.7180763114436584,1.1989432023914781,1.1450941915227628,27.368917145555386,0.9900703021048993,5.508007070870973,1.1119856356925322,2.4486622881669406,3.1137839421626987,6.020928783859818,1.0694645130779583,32.45865376202359,1.3016478573240589,1.5063770712046574,3.9561507936507936,0.669198869392395,8.919750616426942,0.0,0.6351795017347446,1.2986835428247336,3.2089509765002373,0.8249426437241563,0.5574350760681744,10.571551888141823,3.545045993410655,10.565303190241613,1.2041572942212508,5.839068901085488,3.84147207335631,1.7152339140784518,3.5282638725988478,17.750479365729397,12.933844397039886,7.7068809575495,2.3427181314382746,0.7829610758243764,3.3263510765611604,57.78320310974372,0.0,1.4177912703542956,0.0,0.673731030873888,1.2590322889719268,1.4805059752838865,15.504643105936209,1.0571329927319764,0.0,18.802451410681417,4.143777020386699,9.049790184272943,4.021897977153264,0.7501797385620915,0.0,1.1237793619711904,0.7534493284493284,3.8814770523273614,0.0,0.0,34.9051442086893,0.0,1.8313119944947678,17.80464501920546,0.0,5.531688565837293,3.4983678101552833,7.454500261643118,0.50828331332533,47.3574752051701,9.92872757050428,0.7183997408487204,0.8942897688545948,3.597806556567992,11.610005165627836,3.091987823434402,2.4846269630752387,4.653679653679654,1.0438218390804597,0.8606819848902889,0.0,0.0,0.0,0.6505102040816326,1.375132275132275,3.532613878884887,3.2019760285066408,0.0,0.0,0.0,0.0,0.5070326981367259,1.1392330741820538,1.6077380952380953,0.0,1.9949378019606108,0.0,2.013548752834467,0.0,0.0,7.5186192353756045,8.822216661443695,2.368342979148009,2.860518999141448,3.785583605736667,0.8675649747078318,0.0,6.846938110275276,2.7404920521724137,13.016493495069321,0.0,4.118723133735449,0.0,1.0874623788909503,5.040277777777778,0.0,13.299568245840362,3.6260785136565445,0.0,4.842404231703372
1834.2306736574362,278.36728849092003,366.4134001649546,97.62379347895615,205.76536289166253,99.69559993466345,56.568868780923644,68.10384071572246,371.5079804545791,369.1225284791309,11.073027431025878,31.994269647302502,150.81757894349127,68.53367827350654,96.96720614983167,28.51892517557492,352.7739375024987,26.581839358087954,95.42164552458593,48.15636798842609,86.39053057567286,71.11527381364587,29.522886746572873,38.700899277690816,15.067684219425336,6.072276521115561,17.52601397047212,16.47560700600026,45.161463521878055,5.934679363575223,35.30546295708137,17.025320261415995,3.1554453371061184,26.226557390144805,72.10747522173692,10.764677173489249,1.7669032417624644,32.49280589811956,5.193886985664052,21.82508832071056,4.870392865937485,15.4414154719398,5.923218315229384,16.199075905198356,6.671062033478572,28.522329778288697,72.39143728188452,6.797181386393209,34.38797458970512,8.331145822480053,2.3997266309118364,18.1063028293876,21.722574501060112,2.607824670192721,1.6895464082207572,4.471453431856181,24.588072142066288,10.570195644522688,2.187933431543565,2.4309275775514387,1.926735876698279,1.1137651644150794,2.9935462968959072,3.1150448833748383,1.9230440111401104,2.3430541909173574,2.2373121724834983,5.297407490717608,2.116847487521844,4.995530481746949,0.5789288653230498,4.143626724618153,3.0318673521236614,8.777091517925852,0.8833142084397294,2.603215435032817,0.6883062677935705,2.28639802074676,0.5761331352464357,3.6292659319683604,4.556212978640535,32.98932086054535,0.5791874225547695,0.9608479642962401,0.9935790400076113,1.627966919311043,0.9900703021048993,34.43339880876271,1.1119856356925322,0.967180806685459,3.5899744183531745,0.7292621171931517,8.18057562418907,1.937955710075535,1.3016478573240589,1.0301865950141813,0.8500901875901876,0.669198869392395,0.0,0.0,0.6351795017347446,1.2986835428247336,0.0,0.0,0.5574350760681744,1.3105569133310595,2.1164745648392267,1.6764143013527248,0.6486017386656953,3.3390689010854886,0.6470276289118654,0.0,0.0,18.21313707838711,5.57159261373547,2.1354523861209294,1.9260514647716078,3.7829610758243764,0.7421019923120763,379.04844747866457,0.0,0.7927912703542956,0.5191370643051315,0.673731030873888,1.2590322889719268,31.371378991156902,0.0,0.0,0.0,2.1060228392528475,0.5326659092755877,2.8831235176062764,4.862175754931042,11.68864127702363,0.0,0.0,0.0,2.876493001290679,0.0,0.0,37.92370163165849,0.0,0.0,0.518930733491173,0.0,2.1160139626626906,6.831701143488616,1.424738356881214,0.50828331332533,28.7818240045189,2.5081899109960335,0.0,0.6561945307593567,8.393899352660789,23.806566012188682,2.5046862361328146,0.0,0.0,0.0,0.0,0.9330808430608182,0.0,0.0,0.0,0.0,0.6635662598372682,4.392452218982831,0.0,0.0,0.0,0.0,10.22925492035895,0.0,0.0,0.0,0.5663663733891825,0.0,0.0,0.0,12.330763708103609,3.6618371285934974,20.054359518586555,0.0,2.2435318196542684,0.8014566216096828,4.772326879469736,0.0,0.8930262813634472,0.5083491950295568,95.48912870299864,0.0,1.1276517051640205,0.0,1.0874623788909503,0.0,0.0,22.751023272295388,3.209411846989878,0.0,9.050737565036705
10203.261586402028,1027.1283813218622,2281.454606739434,2676.7094590278766,2206.4816473225883,500.30077405199273,1254.9437916264053,1082.2597068538103,304.4195035800695,8110.646020579251,740.5046934733535,507.25539251592915,947.9025133020342,663.0251646386266,1085.9547985595661,329.2568765839301,3055.957133848759,986.5559596439828,508.92562917845135,670.5139830070292,919.3343785833277,776.493324536296,946.3924732713784,885.0220748774602,1287.114866090811,196.3930754705344,1213.7666511204,710.3548772029568,1680.6935690021203,3123.9192388299566,469.96036294680016,626.7682488339423,372.1133670192315,1298.669879523162,419.2430982171313,529.4378942357396,260.89062333184756,85.90733786479613,172.5973826914856,358.766388159497,518.6426950703074,191.02842581593185,1201.8615640516914,444.2966733216275,146.7656014559366,48.50773496126439,734.166893631489,255.99843094478658,82.40309426697158,297.62510755360506,270.3147876036383,32.07926255355986,71.63751055986646,128.7291827533974,77.44804327834609,585.8612736370839,4.681673881673881,14.667361086373816,275.05921531326874,1802.5929867519978,566.8320007398562,106.927124394929,77.87549999256014,3.9572771742128197,1559.4948948978554,297.9151267105521,22.375618981367072,257.28259515784856,143.25148291950813,48.11916163266653,192.21537162985885,243.6537393627109,709.5778252099074,1.465764083411142,138.16758968683615,373.63999018089135,73.94561515119013,1.4213062300018822,39.59310685859341,192.3835889141667,16.525141791274354,1.5707671957671956,216.41824537474702,40.910106206630765,237.69625815049056,549.0430197796056,68.8496906091706,8.386333958870905,82.5269554051604,31.31910219239051,35.10614984430774,446.55714633332775,61.48532070824963,12.056284261926658,71.0997906820763,139.73370443245577,25.49281811067141,9.362355356967425,27.84070049916249,30.264220445002024,28.279681542804852,29.772603200530373,239.778247957829,31.224473094080935,26.125889512370605,15.534902690032242,106.67607823365923,14.849368643689916,54.48474025449787,15.968173329938034,24.037634402862235,18.198195773119433,15.931141352731109,60.17047833821566,8.009274302313518,1.9263632147971228,13.639483801183308,223.12201857933957,7.01509013861955,7.7965217254010355,53.13499889271948,3.9987373737373737,21.57430932163075,13.079789668910816,26.355271464646464,38.132561689641484,384.09990798351373,39.268947968310556,8.379552859276254,4.93265306122449,27.66654617146428,6.434168195317137,2.208730158730159,1.1888227513227512,18.163531431090956,203.1692378121547,43.70005596644252,2.6820685809445104,9.8888964158572,44.326712248028294,0.0,34.59470501949674,25.52469635161254,155.09280887649672,78.68251139105179,5.141174808307161,9.931755812739585,10.141468253968254,2.0,1.077924694652636,2.443783068783069,32.20031980741014,1.5137558356676004,8.918036371636777,3.827380952380952,4.056311413454271,18.372618894301016,85.01328007972228,34.10613380566438,0.5787882934434658,0.8044973544973545,1.6484593837535013,39.61492089503675,37.163560491407125,16.74081815175565,40.263145993913646,12.614272400879543,13.602905887005152,105.42993341349614,0.0,20.299642833823505,49.99976428316819,41.52810846560847,32.960901367151365,32.3732251624493,11.961850649350648,17.067363367928422,21.264863665292587,4.3941396997938575,5.455973504464883,26.11820394112061,0.9017936086901603,18.034499863163656,0.0,17.913918337018828,10.80351368402839,5.607314287894645,5.341249331576712,0.0,0.0,25.864606525459898,1.0643973842249703,19.378211393985204,0.7849511599511599,45.59286669297349,8.764269589602222,0.0,6.199452003023431,25.94805919715366,0.0
1098.9198119151094,376.240188008099,735.530734893323,130.83019506143032,201.28684783892766,223.09294512617714,284.88446028231664,390.3332489930358,154.07794513273933,96.44645639609408,37.62922042203847,37.99493200492207,352.71723674815536,125.50022871164175,84.87049836670356,67.54819622319621,536.296233708697,59.16590839724898,67.66849399124762,217.62118755201303,165.363024776298,177.5216468619376,33.719993670957905,59.81400397714037,205.17233179391405,15.540567094009122,114.57629046787982,26.893890143875396,45.575541202486505,34.73170123410159,40.97693224934576,55.35671475599012,15.748363833454412,44.70926000702473,45.1430970482148,48.2528314700869,17.866989963167498,29.48355718378805,7.126403457925198,19.754857999423216,23.06386638934948,7.531101455107184,24.650788007989096,11.99620056232375,26.8818177773133,29.9532767956681,90.58830311707737,19.629242536851233,17.743396197200543,3.4261674718196455,19.321452769411803,13.59575668896321,3.8541666666666665,27.680776309037178,11.528415190552872,9.971831438346165,3.7069166474963575,55.65157956451646,12.838885010189358,10.311583127970428,20.405625029043197,15.63916673548316,9.477647702117372,8.517318977282745,40.44249062129497,7.950301806823546,5.586229547676559,20.714722822739127,1.3784404253154254,6.341435185185185,17.036044862947037,10.469107141661489,86.99222082598514,7.6254339125715935,15.926506467448496,1.7944444444444445,4.611041957509348,42.8991525153163,8.268949669114757,13.478327965646805,5.717681728551294,55.76071803704459,10.397468976273323,1.9379974617579498,6.668964116201435,5.098690594161608,16.281577229403315,2.1923076923076925,22.41807568438003,7.587116520087535,2.4999999999999996,22.48514627862454,0.0,10.616091207504251,2.149866287094548,6.886378610653972,1.8077290507846062,2.147295687793584,9.066624270790937,2.3637813637813636,0.0,0.0,9.240705515297906,28.35685413674544,1.2521632956415565,1.7005070546737213,9.162603021978022,2.2931134259259256,2.138352120236178,2.27916538333205,9.847014482431149,8.484953911074834,2.695454846617637,0.0,6.197303281542412,1.1904761904761902,0.0,0.0,1.6087962962962963,1.1071428571428572,4.0896126005834015,2.0206456456456454,3.3977693203236683,1.0771161809205287,0.0,7.463898953301127,11.30391532837185,6.316587699739873,0.8396087559131037,1.1469907407407407,2.9722222222222223,7.621309715512614,0.8333333333333334,1.639620811287478,1.7846112556257485,38.98914241622575,1.1282945208307527,0.8625785673471509,2.9678000439162195,6.27457264957265,0.7142857142857142,0.0,0.0,7.329639701016513,4.766404866404867,0.0,0.0,0.0,0.9393315600409422,0.0,2.1582892416225747,1.3541073124406457,2.5961538461538463,5.082427536231884,1.1539682539682539,0.814975845410628,2.4975308641975307,1.4568353743025129,4.457400685210866,0.0,0.0,1.6666666666666665,4.861362721417069,2.33,0.0,0.0,0.5555555555555556,0.0,3.106237060041408,0.9754500877689283,0.0,2.2744539411206075,7.179487179487179,0.5945767195767195,0.0,0.0,1.9041867954911431,0.0,0.0,3.026645531400966,1.7728174603174602,0.0,0.0,0.0,4.587962962962963,0.0,2.8379412020716366,0.0,0.0,0.0,0.0,1.9394841269841272,0.5150437525437526,0.0,0.734375,0.0,0.0,0.8333333333333333,0.0,0.0
3191.065876907992,1945.7694298599922,1205.435260812586,589.2240256430416,716.2084171767086,199.48404243466584,367.95785610902664,860.8658600245246,152.54989061732883,963.4159099047565,198.0993590401153,175.2547396552052,710.2205911893552,240.98057612848663,579.5963088547417,374.84054256600433,549.5383649810378,39.99523744711652,125.77064634692887,604.4459271369061,402.1385989099598,524.530925372659,114.44708345043355,520.6048943642875,454.9530805664211,383.98354818653036,474.944879029443,104.92741655661501,218.25186856659317,163.83670020727996,21.488395741438335,94.00217676278741,387.8461155815584,45.790898942940935,64.1699150349352,164.9855781231929,12.232272568118157,13.846560846560847,157.24186035090997,5.605694004243111,61.496203567817346,36.62973841389089,55.759486923527994,370.86493173296174,18.286787898920252,11.071237366083087,47.92703683423217,25.661732403399068,47.57597490750686,17.896759124295897,27.16734053270431,27.118326118326117,20.453118663290233,50.8808736108487,11.927866809116809,7.74903012551822,14.266233766233766,475.55919508643854,15.721966430112715,75.28746810807277,17.386551193740242,14.330570586820587,1.5018518518518518,18.578997005036946,108.20323915619308,5.756644226005128,3.683280699661748,5.278621675943104,2.935243188184365,6.341865079365079,20.52962607925843,8.352317821067821,27.964274475739256,4.909823020117138,9.657068888161325,10.24733250557001,0.6319862610741971,252.10043302213901,1.349537037037037,15.177289262957828,12.476645658263305,1.1458333333333333,24.029132266877312,10.719346829640946,30.13107523632056,28.186684147240868,18.071785598929495,1.6666666666666665,3.841226509210808,2.124432690964949,4.257142857142856,39.77872576462802,2.544642857142857,5.030212842712842,22.35921717171717,1.1880411255411256,14.091666666666667,75.2171694046694,3.5157244716068243,5.047141373585826,32.98321759259259,249.33538242838867,50.541424267740055,10.102629940865235,21.380085539021735,2.3528138528138527,3.9184027777777777,0.0,15.555061101752278,1.1703703703703705,0.6550925925925926,24.795268774879435,9.831259018759019,0.0,1.042892156862745,1.75,0.8394051350947902,4.051827801827802,2.5,0.0,0.7965367965367965,0.0,18.197269470261695,7.766233766233766,0.0,3.796763837829441,9.156260736617881,20.82446418783628,59.774008827242326,0.0,36.837485592323056,0.0,0.0,372.66515991807853,4.3625,1.1157851101375198,7.030987394957983,25.963194444444444,6.849014874014873,14.478190163011591,0.0,5.392592592592592,4.7940115440115445,0.0,4.48847101972102,0.0,0.0,0.0,32.35539215686275,2.3003472222222223,0.0,5.767274422702054,0.0,0.0,0.0,0.0,12.052051083591332,2.958121127238774,1.6130952380952381,65.8336524981449,0.0,8.161595022624434,0.8743078626799556,0.6795634920634921,7.441379892037786,0.5555555555555556,0.0,5.249089945321563,2.6778499278499277,5.191248266983561,8.211845902635377,3.5607413419913416,2.9753930280246066,2.5357142857142856,0.0,0.0,2.554695767195767,0.0,29.844393602350134,0.0,0.0,0.0,0.6010737628384686,0.0,0.0,1.0,1.9495833687010156,0.0,0.0,0.0,6.859624607418725,0.9999999999999999,0.7777777777777777,0.0,1.1463172190726372,3.4646636432350717,0.0,0.0,0.0,0.0
1193.8735013779476,599.4465165229898,401.73994960329634,190.2167496275381,348.46497409188964,58.258136125355065,95.0727866883777,151.60256326108455,106.20068169999395,631.3179674347201,89.52095130129806,37.15665691202845,215.0842264584631,94.09973637210584,156.42561996151423,55.17899433652683,364.6438582303307,169.07836175420636,37.586342136893606,107.96517997381498,215.14840823839015,197.58886835522694,160.43223703976187,224.76757974714482,56.65056656182122,26.84522457309755,119.33224675010302,33.213520513408426,140.28025417800066,387.2977543858394,37.55511320357489,17.89613110466769,64.27041232947936,34.90045276716056,14.102112780329692,26.620093584601413,13.98510551948052,7.316491460774997,21.594255152452288,16.777460343998012,97.14169659996865,11.507714840157451,38.02198642020393,14.66824494949495,16.029695304695306,16.98961374954022,335.5501298755026,24.703529380179308,38.57494779825816,11.657470572091372,1.1976127828400556,9.574001216648275,18.743908624055685,9.792168564272222,18.96398250442368,27.566784032960502,4.21209001085895,3.969812537418068,36.83359646147079,198.30215835679425,55.590261070367575,21.374261097698597,3.342527733085888,1.9051991779264508,73.1922885262785,2.5556155795651594,7.398239648423472,16.246843876439463,10.036694786694786,22.86011390570214,10.546242360580596,9.713738983179983,50.356951984130966,6.206168831168831,7.5714676527176525,12.455158730158729,2.57062216928838,2.621031746031746,2.8757366123676285,6.8465179647244865,38.38369500869501,1.6332585414024807,2.9383838383838383,11.651542826943718,3.712898212898213,18.801786448845274,9.935429460720158,4.062554112554112,2.254945054945055,1.1451446280991735,5.256313131313131,32.48143746134817,3.6452111646093845,3.091231593038822,0.5,2.7157902072674798,0.5813240068754775,3.723809523809524,4.478160728160728,5.2926004099784585,2.398268398268398,6.8769042704801215,7.8958930162974275,5.777056277056277,1.847981895749753,39.4733718487395,38.28897001691119,1.1631652661064424,2.9470238095238095,6.587121212121212,3.333333333333333,8.087286324786325,7.4352873977873974,5.6547169956874965,3.262422490363667,4.6104797979797985,6.180555555555555,1.4083333333333332,4.1629272143978024,7.255425431922106,20.47528345801372,1.2981952461119128,2.766477272727273,0.7329545454545454,4.850775202887879,14.765542328042327,8.733018207282914,7.138191588772984,5.79769519885799,2.35829307568438,1.9034090909090908,2.109848484848485,4.835105403855404,0.5396132492169078,1.1508838383838385,6.377578712137535,1.0383761861034588,3.5871535871535873,1.6666666666666665,1.633974358974359,3.0118426916221033,0.8333333333333333,8.325622294372295,5.4207459207459205,3.219798430735931,2.3825757575757573,41.7662475860114,9.413944641217368,0.0,0.0,1.0634920634920635,1.3578574203574203,0.0,6.27794976859148,4.784031328148975,0.0,1.125,3.6935980685980687,0.0,1.2,0.5555555555555556,3.406589465054314,2.324599818785865,0.0,0.8755411255411255,1.2997999475272204,1.1401515151515151,0.0,5.794656732156732,0.6666666666666666,6.3969696969696965,2.053240740740741,1.4375,0.0,10.250312357019673,1.15210027100271,0.0,1.2319004524886878,24.719738621944504,2.2222222222222223,1.4155518983982187,2.2916706750040086,0.0,1.3270054080909344,1.2135416666666665,7.461837998602704,0.0,0.0,0.5386363636363637,4.638888888888888,0.9999999999999999,0.0,1.130952380952381,4.99537037037037,0.0,0.0,3.1168206793206794,1.2400387806637807,1.643939393939394,1.9827453870007061
1028.058137521819,142.44398223304472,165.03950945192722,134.2708384756082,216.84640808526896,93.26210457224711,101.77789469404053,265.339733073364,257.9543866795043,134.17413420742722,63.589856708405094,143.29941345741076,236.9020362987769,153.04968093249343,18.56938381834215,84.7845954585538,430.06043178540017,113.51215430811018,61.861712361712364,65.88916276533,152.64442089546256,122.80031715969216,87.80090410634766,53.321897195049075,84.85727834195879,24.629788036038036,223.3338423921757,72.91397757335257,64.39321037758538,38.607969576719576,142.92526903540008,11.664088804713804,22.34333317145817,18.278758931480706,20.364999872812373,18.2789797008547,85.39178616522366,11.220328282828282,18.439782247073914,7.994521103896104,27.611558172219937,32.01759810405644,27.7525229978355,10.27959656084656,7.355906535594036,27.79983847171347,34.16752753622271,1.4438657407407407,10.116071428571429,3.6909722222222223,46.76107303190636,45.726878156565654,16.900289139872473,16.148974867724867,3.803687920875421,11.41261485179496,18.124228395061728,88.52807589786757,5.393849206349206,6.105324074074074,26.150992063492062,0.7638888888888888,18.338154086305966,47.51238576238576,6.754464285714286,7.945849867724867,2.083881578947368,43.80900783244533,7.17092803030303,2.242739898989899,5.072575957992624,1.6666666666666667,7.1208964646464645,53.58899636243386,4.59375,1.5641233766233766,14.367758784425451,149.32930345117845,4.795601463948238,2.8350694444444446,3.5104166666666665,75.91891832592438,2.1666666666666665,2.05275974025974,0.0,0.9791666666666666,1.1197916666666665,8.71577380952381,5.954177188552189,15.930690836940837,0.0,0.0,3.44629329004329,3.0057870370370368,0.5032467532467533,4.04274515993266,5.495738636363637,0.642361111111111,0.0,10.743303571428571,0.0,3.541666666666667,0.0,3.5980902777777777,0.625,5.807291666666666,5.769717261904761,5.829489087301587,2.1638257575757573,2.4702581369248033,3.802083333333333,1.6365555060408001,0.6197916666666666,3.969809704184704,4.675910894660895,5.460299422799423,1.082175925925926,0.0,5.182291666666666,21.66257816257816,1.9365530303030303,20.502314814814813,0.0,0.0,3.202628968253968,0.625,1.2199074074074074,0.0,4.145833333333333,0.0,0.0,1.5972222222222223,1.40625,4.166666666666666,0.693287037037037,0.0,0.0,10.713668656612205,0.5833333333333333,1.927083333333333,32.90135281385281,1.5069444444444444,0.0,1.7083333333333333,1.484375,3.3972800925925926,5.2844178391053385,0.0,17.345328282828284,0.0,64.05525793650793,0.0,13.333333333333332,154.1745342813051,5.85188943001443,1.267361111111111,0.0,0.7924107142857142,4.979166666666666,0.0,0.9821428571428571,0.7291666666666666,4.338383838383838,0.0,0.0,0.5637851731601732,0.0,0.0,1.328125,11.51388888888889,0.8883101851851851,3.020833333333333,2.335648148148148,0.0,0.0,1.3194444444444446,0.0,0.9335430194805194,0.0,15.666666666666666,0.7986111111111112,3.8854166666666665,3.125,0.5208333333333333,2.96875,0.0,0.0,0.0,1.0863095238095237,12.338888888888889,1.3634259259259258,1.3556547619047619,0.0,0.0,0.0,1.1011904761904763,4.864430014430014,0.0,0.0,0.0
3955.2699178894377,524.9982836337904,1667.5252599637051,1798.7689319536316,1438.7957052787758,536.5567392821231,821.8024232140281,451.9069118609746,435.53291492154216,4081.9122916671095,181.100493727866,487.3406540972679,2816.9885828155484,880.1049159450014,654.4646158092023,254.77967945182812,987.6652936016137,222.27520172317082,254.59615906221742,755.6132250882553,750.7833804123806,1004.054422531379,302.880458743176,901.7079548943807,1552.2315703120642,96.63099147725663,412.3542874849444,460.67875052028097,1300.7500921623962,438.47537820639286,124.06805944873685,621.4393359796757,165.24939187889674,372.55356558020065,183.74074893444057,127.95059765820335,187.46753590728954,356.87596390405486,87.15548774504695,53.17073802799717,2585.5577527683963,26.1168410052399,373.0457406697522,144.8263369664172,81.60681566532891,32.481679978193945,183.5632233150804,93.1642247671718,30.78828667901129,87.30784781268461,85.22044956733598,2.1397410961812584,30.54893755879346,227.00769835438808,28.660053259106068,180.1796223343717,5.500517075517076,80.734963275851,142.74918105084086,577.4991764959644,177.889933100724,66.8359454591572,25.212393247012923,6.151775279968532,1308.0799027782105,33.79265110414795,12.874948157481963,122.00157194169364,66.27823773176715,49.790172334927234,84.42388120234385,208.4712575879497,363.8906569015952,4.919467787114845,138.24428163012473,55.88043290615552,42.902312493788926,0.726200409896062,164.47651988304744,62.9775343206121,19.74703332566589,0.0,79.48593386397744,36.60760227576549,143.1548443447568,265.2707527412161,30.127578147164524,30.41986570490265,25.777276644767348,27.128805392670333,14.043583948731007,295.02905982905685,1.3956787529826746,16.194511775154172,14.606161361661277,130.19866468164219,44.78740084275414,3.5313368384489072,15.855063011844333,27.063339259842127,9.138237338860648,32.850785351318905,107.6778708475798,9.729214648822492,17.88411078844902,91.01971701591799,31.793656540899185,49.59033012929426,43.435996195879866,6.067343604108309,54.137117459488145,17.333317696284837,33.270428685768444,19.17108041471059,1.3485600165992322,2.5700140084479166,20.162458731896333,40.35286195333772,15.733140144169555,0.0,20.063041220761807,11.150132275132275,12.568904078725508,1.695412736319599,4.356594215969216,11.60935653150986,201.5572390693444,10.984438037604487,18.34185444657784,4.309637188208617,10.73975916878442,21.274635367034307,10.493551587301587,15.147156084656084,15.511326116175555,202.25802758388423,10.663126152429374,12.335911535750954,6.028942712153496,22.630433372582747,0.0,9.290350247284831,14.987541844431151,172.06428852733734,9.691583568873968,0.0,2.57130607728985,14.097023809523808,0.0,3.756496123224064,9.503968253968253,16.28245090965679,0.5693113912231559,3.4580690513753396,0.6944444444444444,3.7672902494331066,18.436488886742435,76.08976440407812,17.55194938778948,10.057954960110132,5.1576047590753475,4.146805944600062,92.57124280608555,11.6545253466577,2.376099537037037,29.977279413404208,1.8339285714285714,8.804068069049686,12.790832934532224,0.0,8.157164049380436,13.040450911354815,2.61739417989418,110.095647530574,101.9194349711591,0.0,7.183945859510913,68.92128502171394,26.305002058205236,2.705973504464884,9.172106057522724,5.790682497579049,5.020610974274767,0.5682945526695526,11.15730458040507,9.710190340705045,5.275832806413163,0.732028691106072,1.2552246603970743,2.7971059113300494,6.179402443827248,4.015786273113859,24.83677325307227,0.9046092796092796,15.027955215562008,15.991105033119997,0.0,17.863593417164846,7.090349446586769,0.0
462.7680790460359,84.42451941743037,217.97966563986404,35.2282169469522,114.07625341791658,22.85883617956821,25.44517456803094,88.74165447644128,19.165308348227537,40.43197828161596,15.617514072832124,23.354852639842704,42.954241954278224,9.24306781698086,31.704360800565986,9.772402572402573,73.90002058540054,39.20162268296326,37.641768402022024,78.98778206860754,29.681080331853572,48.130229483020216,8.98559612406036,12.904976199362595,92.77183576216804,5.423415418524114,14.466973550229559,1.2316877629230174,20.748027974973283,19.302093650327347,9.35656187897539,11.471938421213784,8.623363833454412,4.4259266736914,25.311747841865593,85.10265595116138,7.679489963167499,13.666006678737546,1.3930701245918637,3.418052443867661,13.584910160393251,4.114434788440518,4.318956298032385,1.9753672289904174,9.262770158265681,0.6696687370600414,49.02009424261849,1.0955123781210738,0.0,4.14561191626409,5.731946596572298,4.03950668896321,0.5763888888888888,0.5332590115198811,2.5909151905528716,4.2297679462826725,1.6166388697185798,6.730283268220167,2.702773899078247,5.53380535019265,1.8532440766622456,4.958611179927605,0.9359810354507059,1.496485643949412,4.062596441400789,0.9225240290457681,2.2886105000575108,9.915119648135953,1.045107091982092,1.1331018518518519,5.3786374555396295,4.348075395629744,8.162194370958687,0.6809894681271492,6.287996366438396,1.1694444444444445,2.981412327879719,14.398010139173927,1.1022830024480912,6.519994632313472,1.431967442837008,4.239554015880571,2.741218976273324,2.9565159802764684,1.3356307828681018,0.5986905941616086,5.283164530990618,1.3034188034188035,0.0,8.670449853420868,2.7777777777777777,1.4434796119578728,0.0,1.0548538337668774,0.0,3.5058230550984173,0.8077290507846063,0.0,0.9731718898385565,0.0,0.0,0.0,1.396261070853462,2.6276874700787745,0.0,0.0,1.0076121794871795,0.0,0.0,0.6333320499987167,19.02409781576448,0.0,0.0,0.0,0.0,0.0,0.0,0.521011396011396,0.0,0.8571428571428572,2.0710940820648833,0.0,1.7311026536570016,0.0,0.0,0.0,1.9705819950385166,0.5943654775176515,0.0,0.0,0.0,7.537976382179281,0.0,1.139620811287478,0.5346112556257484,40.95162437870771,0.0,0.0,0.0,0.6495726495726496,0.0,0.0,0.0,1.5657508121276238,2.283071533071533,0.0,0.0,1.0,0.9393315600409422,0.0,0.0,0.0,0.0,0.926177536231884,0.0,0.7733091787439613,0.8308641975308643,0.7068353743025129,1.9574006852108654,0.0,0.0,0.0,0.0,0.0,0.0,0.0,0.0,0.0,0.0,0.5587834211022616,0.0,0.0,0.0,0.0,0.0,0.0,0.0,0.0,0.0,0.9433121980676328,0.0,0.0,0.0,0.0,0.0,0.0,0.0,0.0,0.0,0.0,0.0,0.0,0.5150437525437526,0.0,0.0,0.0,0.0,1.6666666666666665,0.0,0.0
515.6478037640784,66.46042607057038,215.431634708722,32.13858309287002,123.9182575512638,17.295945974776618,16.962423137423137,66.23612624928414,17.94927823062498,32.128309646051584,13.386083433664078,12.828479560387455,46.68115338058412,10.092664092664092,27.254202887097623,9.82860452618517,43.91779191127309,40.2070930377382,36.35006613756614,87.18183678687711,15.613663663663663,43.18537023865971,5.417992667992668,15.213695838695838,101.08353808353809,0.9252585919252585,5.239447781114448,0.5011520737327189,15.985978835978836,4.628437961771295,2.8805424531230983,7.733294930875576,1.9743170589944785,2.5608108108108105,21.596390168970814,84.88926426426426,5.457122445025671,20.599136915076194,1.9234234234234235,1.7117117117117115,19.02812227812228,1.0568425568425568,3.4842342342342345,1.3901482127288578,5.234234234234234,0.0,54.49970506220506,0.0,0.0,3.9138888888888888,0.6414748081414747,3.8749999999999996,0.0,0.6644880174291938,0.8333333333333333,2.3558558558558556,0.0,6.834756415401577,2.0265980265980263,0.0,1.0,3.5,0.0,0.0,3.149470899470899,0.0,2.0,13.992867867867867,0.0,1.0,5.564814814814815,3.108858858858859,5.567889317889318,2.5,6.025266175266175,1.0833333333333333,2.533339791404307,4.126153464388758,0.0,6.416666666666666,0.0,2.753378378378378,1.0,2.2268518518518516,0.0,0.0,3.6317567567567566,1.1111111111111112,0.0,13.472222222222221,4.263888888888888,0.5668168168168168,0.0,0.0,0.0,0.0,0.0,0.0,0.0,0.0,0.0,0.0,1.1666666666666665,3.4909909909909906,0.0,0.0,0.7083333333333333,0.0,0.0,0.0,28.5,0.0,0.0,0.0,0.0,0.0,0.0,0.0,0.0,0.0,1.3703703703703702,0.0,1.34009009009009,0.0,0.0,0.0,1.2222222222222223,0.0,0.0,0.0,0.0,10.468300516687613,0.0,0.0,0.0,38.55573593073593,3.333333333333333,0.0,0.0,0.5,0.0,0.8333333333333333,0.0,0.0,2.045045045045045,0.0,0.0,1.0,0.8388157894736842,0.0,1.6666666666666665,0.0,0.0,0.0,0.0,0.0,0.8,0.5,1.5833333333333333,0.0,0.0,0.0,0.0,0.0,0.0,0.0,0.0,0.0,0.0,0.0,0.0,0.0,0.0,0.0,0.0,0.0,0.0,0.0,0.0,0.6666666666666666,0.0,0.0,0.0,0.0,0.0,0.0,0.0,0.0,0.0,0.0,0.0,0.0,0.0,0.0,0.0,0.0,0.0,2.5,0.0,0.0
641.5856031453181,287.84475787998826,305.01628194952684,129.44055872238704,221.66202068142996,67.9397650732607,82.76305724656464,188.52462338514917,35.263875608649734,189.86943897552706,85.13428919639992,69.50931160048742,256.246689686,77.92979298444897,45.17905032683486,80.1214009290713,331.66635696417904,49.79862033439664,16.009583522718845,107.14925397706658,136.18790937306176,126.75828391092723,46.43760701933235,103.69922279891135,89.82677431711875,65.69037475220615,66.17190707004525,39.382391234244864,72.3971403761066,117.09771999593289,23.606782225116106,25.98304756864608,144.01958636739457,16.016179230711344,15.53693005624067,33.222158450366656,66.24130862397973,4.89570945112548,25.781495066212713,3.9557249925213442,32.716065673046614,55.33311493919304,12.578181059992572,41.941679076712155,5.765919455274371,25.296043743423745,4.494001043893008,7.004480073297019,7.091994849303562,8.351106677005921,19.35002343189196,11.898931295189435,3.5408595818812536,8.640002134812889,4.841879121465702,3.5065618963203,20.899954560638008,118.3837230607176,7.23193565525689,32.230956180484775,9.040989239370525,5.0980823184383555,3.398483299624273,22.312952976715387,27.835782287595823,3.6925998349898173,8.732029526735245,2.345441060034656,14.522743438646609,6.0776467790026025,2.7245782605322746,2.8075344447848987,10.717512993378595,31.458721158264765,2.554031633918852,2.0610388984449135,3.2898440716989104,12.763695998800976,12.371191869918116,2.0943172764898734,21.67034601894117,9.112345257082099,1.1450026534129947,10.168346881915793,1.5116118332437118,8.935576112858202,14.364374706346522,1.231415027467659,0.717501593939011,4.723188102220361,10.20949975949976,27.811282825873867,0.0,2.8469834431710788,1.5958246734108803,1.5830497394011593,3.0978577931355846,16.676839585599282,3.9210120646546396,2.8148014398898984,6.331426026752705,89.28798636517804,6.775506869084321,0.8305291414811539,9.961603744722408,3.2023938986413634,0.9193259729784231,0.9148188975775183,11.41170685036784,1.5308991805121837,3.7670673825085585,18.329357855523348,10.583279259854201,5.98015873015873,0.5593652135183576,0.6377896613190731,2.5306580730515824,4.0177608670189,0.6900890775890777,0.0,2.1249989023822695,22.712591252699717,6.208015460104493,0.8924014581909319,1.8011492847041117,2.3381685374773022,4.27237873945636,3.8724853147441967,29.39887845124896,10.58402995471961,3.2146260444635057,0.653057136833228,2.0,84.59207309627953,11.986589305453135,5.760077921986083,10.049054546888476,0.8567665571975916,10.161899022889735,1.2393497205294701,0.0,0.6815789473684211,0.9734025720867826,1.1736111111111112,0.6847066976710939,0.0,0.0,0.0,2.6484348125215,0.8300645714438818,9.902777777777777,10.590018898402386,1.289200730631168,0.0,0.0,1.4774305555555556,1.5690058479532163,0.6405681895125522,7.960028355051905,25.031844396158913,0.6073025701508674,9.567642223331077,1.365517834478014,1.0983821163435767,1.4431343331304631,2.0625493477674004,0.8242721330956625,4.326705521287565,0.0,9.994205924937349,2.8382477693356307,3.527929818941482,0.0,3.353693084412632,0.0,0.0,1.4456503466675588,1.0242106212500948,16.69450001224359,0.0,0.0,0.0,1.7361111111111112,0.5555555555555556,0.0,0.5036274207959046,2.5855884311766664,0.0,0.0,0.0,0.0,0.0,0.9409235551631534,0.0,2.157518307286109,0.7443676035007305,0.0,0.0,0.0,0.0
1277.8941430648458,611.3983865521043,321.43672508932076,175.9770728550236,534.0382717867892,113.54826827297362,131.63998572508606,188.88046647485535,154.12101303932732,354.6268413751537,174.30769388076757,157.6570855334573,295.78452238181177,291.7894274115145,112.94814481579338,158.3664777063638,322.95104436360646,38.67355919368715,43.53599834582704,213.0129288696782,173.58813108529037,507.3345506302044,31.657419985538073,228.05360119895917,88.97220613949794,103.18409065548168,97.31490396952346,32.77285415596916,67.54902170260877,69.09648725673885,102.93352706728933,85.43114648216347,252.61094923049467,37.23954629402516,52.137374001112676,87.93691311223132,96.9840047928859,19.04765846705635,38.28439622862162,16.780119279953425,107.65720636647494,114.13838811023754,11.143479986359242,70.63815681818392,14.416345767990599,76.24640977357696,22.89014843411929,10.846284538208312,5.050074855525983,5.098091908285998,74.59660768439792,79.77947472950714,7.865420319061689,2.2590614794562165,4.438345864661654,3.716980731686614,14.9379745206851,210.85339678456359,3.3924963924963922,76.19480784575207,6.774620360146676,6.4097554492291335,9.001875031286795,47.69413330907139,89.28026834903166,5.962131609688001,2.555725137938074,9.744279529993815,1.1720494417862837,13.933029689608636,13.735624572795626,0.7572656016154468,9.506987260613974,5.960635043968376,0.9697908316547939,2.447940739294123,1.2321799647381042,34.59585060704211,16.539430598641125,1.0209086026755199,3.260371411534202,7.5202429149797565,1.356980425589448,4.070961345729147,0.8508713508713508,24.42380402596568,4.411758563074352,2.1794871794871793,3.2820932200631447,1.7330447330447332,0.0,2.7363519075341736,0.6678921568627451,0.0,0.9273438486800556,1.2461612461612461,1.4947023283230179,34.02741456592409,5.594121509582036,13.58489603229863,3.6900986440460124,68.25723003466584,14.628575128575129,2.2544903926482873,68.14099527692699,0.5778018278018278,0.0,1.855314824064824,44.44789111816976,0.7743107769423558,0.0,37.89273066465635,8.385592438071019,3.3055555555555554,0.0,0.0,1.0633116883116882,1.7322158105052843,0.0,2.4305555555555554,0.0,0.0,9.629620291673316,4.731687172476645,0.0,6.728025191183085,5.0868972819160785,6.313497264395852,68.62592806362586,0.0,0.8371212121212122,0.0,0.0,94.94711588153058,14.656410727724248,2.2531233386496545,5.258123368555699,0.932936507936508,9.851805601805601,15.309035420652926,0.8021541950113378,0.0,8.127183315153239,0.0,1.1512683223209539,0.0,0.0,0.0,8.901002506265664,0.0,0.0,8.356883847684795,4.2644365438483085,0.0,0.7619047619047619,0.0,0.0,2.650800840779421,3.1358082706766917,18.986923164554742,2.850209390998865,7.328979986874723,0.5338345864661653,6.002748660276728,3.216946248196248,0.0,0.5762729334157906,9.952120248172879,0.0,55.339086352244244,9.385171115434273,8.388141620284477,0.0,4.562738918002076,1.1263736263736264,0.0,8.03681479339374,0.0,11.688114212637139,0.0,0.0,0.0,0.0,0.0,0.0,0.5,2.230790043290043,0.0,0.0,0.0,3.3693482443482443,0.0,3.5772357723577235,0.0,1.7262123841071209,5.207669280037701,0.0,0.0,0.0,0.0
710.200162409515,206.1186780038223,402.5505444877124,114.92760895180866,223.84267911735205,149.59349842232905,170.73855722336904,279.14315209381,97.41641387276061,103.09743288392481,25.529734227314872,36.49568041508831,215.74105468728774,45.47847689097689,40.32154110443584,91.32628971137035,203.18876456838916,36.948230603875764,33.41179653679654,132.2703040245379,100.7043637043637,87.23425623915861,30.90731538231538,23.801974197135486,109.34500994500995,25.545608149774814,63.594728919728915,23.36266308640652,53.345238095238095,24.27798008631342,68.8001819185959,13.031362603943249,17.119033453710873,17.969144144144146,19.885080645161292,12.414625014625015,44.358391777545,41.401535904975184,5.65721971971972,9.48948948948949,12.406098468598469,21.710768217744963,14.762012012012011,12.72287104545169,8.58377127127127,5.804497354497355,35.01501107986323,4.034722222222222,12.083333333333334,10.39021164021164,16.020222553824706,7.694444444444445,3.8216135716135713,5.870043572984749,9.967522446689113,7.902508277508278,1.1550925925925926,68.11335948795626,5.137047762047762,5.156135531135531,7.523478835978835,8.166666666666666,7.355413105413105,27.335735735735735,13.075661375661376,2.869119119119119,5.721726190476191,3.1595345345345347,4.424145299145299,0.625,6.802188552188552,0.7477477477477478,32.64761708713321,13.69047619047619,4.876276276276276,3.48502886002886,24.289987464718646,38.97668995000589,3.165064102564102,5.423611111111111,6.096846846846847,31.1032461032461,0.0,3.1435185185185186,0.8308308308308308,4.660714285714286,8.626201201201201,2.625641025641025,11.277777777777779,6.001388888888888,1.2111111111111112,2.65015015015015,2.7592592592592595,13.681089743589743,1.093073593073593,4.386574074074074,7.542811355311355,4.849590373783922,2.5,0.0,0.0,5.423423423423423,3.0324074074074074,3.1437687687687688,0.5555555555555556,3.111111111111111,0.0,3.7916666666666665,0.5555555555555556,3.021860496860497,2.4305555555555554,2.268518518518518,3.510981912144703,1.1273148148148149,6.339714714714715,2.76010101010101,0.0,0.0,1.550925925925926,2.0541666666666667,1.7314814814814814,5.41267073525138,0.6687937937937938,4.159722222222222,0.5662393162393162,2.9259259259259256,0.0,1.0555555555555556,3.3819396319396318,0.6666666666666666,0.8333333333333333,7.397593445980542,0.8333333333333333,20.916666666666664,0.0,7.884920634920634,1.8148148148148149,1.6666666666666667,4.084023539668701,1.3611111111111112,2.4555555555555557,1.1904761904761902,1.4607614607614607,0.0,3.3783783783783785,0.0,0.6666666666666666,0.0,12.372421073078968,1.7351190476190474,1.6666666666666665,1.4583333333333333,0.0,5.015151515151515,5.934343434343434,5.708333333333333,0.0,0.6869078380706288,3.69017094017094,0.0,0.0,0.0,4.6726190476190474,0.0,0.0,0.5194805194805195,1.9444444444444444,0.0,5.0,2.6036036036036037,0.95679012345679,0.0,2.5,0.625,0.0,1.4583333333333333,3.4826762246117084,2.9166666666666665,0.0,0.0,0.0,1.625,2.5,0.0,0.5,0.5,1.6966966966966965,0.8333333333333333,0.0,3.0,0.6666666666666666,0.0,1.1944444444444444,1.6,0.0,0.5555555555555556,0.0,1.4583333333333333,0.0,0.0
284.2471987846882,43.365839259843746,64.66255837571926,44.236331692210776,54.26607159441664,50.82426850952932,45.60466546706476,23.80454132574077,68.61354347233106,33.03392284311894,5.4062430437227516,11.780306658729279,87.58885319727867,52.0444412304886,22.274079817599553,21.211295282098853,72.69225688766588,17.15449035567064,6.751036060500346,51.439127177733056,24.340672320042426,25.238782730198018,20.164809624348315,51.29134643337839,8.534250440917107,1.1575006012506013,34.5674428657762,9.26834529007148,40.896149691358026,6.851223356224783,4.493365893365893,4.385171423367771,1.3090739834746683,15.135179757311791,10.522719209802544,26.740801582125986,1.9961805555555554,13.092348519536019,14.961679045161189,24.262672900842542,24.805783403104833,10.018036315853097,17.586648645115908,6.036677589385922,10.925449383256991,14.07712266305703,9.843635108707883,2.917013888888889,11.400082136439156,2.218264652014652,1.0772156084656084,5.951420547045547,21.765819051979765,4.407261904761905,6.738809918586704,0.85625,1.64375,1.2896825396825398,1.9476686507936507,0.0,0.9850777116402116,6.470543345543345,2.4593148419041277,0.0,0.0,4.5140489946361155,8.224276048026049,2.1020286195286197,0.9892857142857143,3.698318492453766,3.5166290969515854,3.1233477418745275,0.0,1.377662037037037,1.8940641534391534,9.454802495784639,1.6281911375661375,2.079861111111111,0.5669261294261294,2.6494212315824353,0.0,1.6196443602693602,1.1373567019400352,0.0,0.7916666666666666,0.0,0.0,0.0,0.7351438492063492,2.3729675417175415,0.7807666870166869,0.0,1.077959656084656,1.0102513227513228,2.3605171327790373,0.0,0.0,0.0,3.096962505087505,1.4473875661375661,0.0,0.0,0.8931933421516755,8.127058319766652,0.0,0.6024155242905243,6.838485650152316,0.525173611111111,0.0,0.0,1.8002638234781092,0.0,4.978716422466422,0.7862813938706795,1.5259157509157508,0.6537698412698413,0.0,0.0,7.349116591080877,9.144107998483,0.0,0.0,0.0,3.182638888888889,0.7248677248677249,0.0,0.0,0.0,0.0,0.5721500721500722,0.0,1.6180555555555556,2.1506291305092673,0.0,0.0,0.0,0.0,0.0,3.458293178382464,0.5065972222222223,1.5360140873839503,0.6534391534391535,0.0,0.0,0.0,0.5168463511736505,0.5208333333333333,1.2998015873015873,0.0,0.6247271825396825,0.0,0.0,0.0,0.0,2.1360347985347983,0.0,0.0,0.0,0.0,0.0,0.0,0.0,0.0,0.0,0.9052166005291005,0.0,0.5986507936507937,2.2,2.155191798941799,0.0,0.0,0.0,0.0,0.0,0.0,0.0,0.0,0.0,0.0,0.0,0.0,10.739279433848399,0.5536954365079365,0.0,1.0132101086048455,0.0,0.0,0.0,0.0,0.8640491452991453,0.0,0.0,0.0,0.0,0.0,0.0,2.5528593925915355,0.0,0.0,2.4542072510822512
7432.759813765443,895.5378036949921,1816.0326915300461,188.86472165636494,653.3507942722813,313.3237124146284,185.35293420859017,291.2763338662066,118.1961958027656,1763.9589998434817,50.312858951031544,723.6124177931508,751.4397747210211,1386.4120148499478,154.7142273561461,258.24555045036595,2192.9228622774135,53.20181974086147,317.80917991278835,258.7409706899128,174.38339089322375,124.75167067999725,120.0680877636458,255.76205867414225,196.49466074483627,570.3533159085088,379.1404656695948,39.470484894294415,484.4930358301413,65.44355035591524,9.676830056398629,24.153810625108378,279.7548864809403,17.225094403412687,75.50410273663246,41.3545713757056,5.499734987234987,5.795364357864358,44.700665131231794,75.57336440246841,157.11392369071967,2.304579407520584,74.77130828193465,211.0524192615983,77.20250186870884,7.817702535559678,16.598714916223816,53.39372998193948,49.81380329267567,8.616928939336988,3.9485423202528462,0.0,21.348750972743407,38.70152330960602,3.7994317473032644,2.671532637510081,2.2226995226995228,308.91562736909054,8.940194065194065,61.36885118441007,253.9457483347128,26.302202581369247,1.933877465127465,312.3116244947385,32.6002710147261,0.9609582216725073,1.2501489143931004,4.336992372706658,1.1039784490871447,37.575343927215584,38.81755129616972,6.738319550819551,92.17801453855105,1.3415704665704664,2.2192055860037585,19.60795176656521,0.9167740239092311,20.288059163059163,0.0,2.1325040991922806,7.028051100266523,0.9096459096459095,1.0148731542058609,1.94423163337637,3.442491910067098,13.830981683660255,67.30498856650172,0.6319444444444444,2.0811817151102865,2.0226070226070227,1.6867535903250188,4.486083308921654,1.8386243386243386,0.0,6.3680839002267575,6.511442139731614,2.564969422112279,135.39285605820444,93.29418762454476,20.413878707081885,23.093023488856822,249.7575683245326,4.004810475714297,2.833668620087793,9.83919962679434,6.592655430061445,2.863062011088327,0.0,4.67996199277159,0.0,0.610866316223459,37.237520523892705,1.7454906204906204,0.6802232854864434,0.0,0.0,0.9506725713622265,2.1674728490204678,3.92915071040071,2.857702281615325,1.413804397357029,0.0,2.26965963307544,0.0,4.150132275132275,24.679768900133425,0.5324045443093062,5.176376863876864,144.08187862007767,371.843357012026,4.494197931697932,2.329743008314437,0.0,361.1423365985866,9.76893906358192,3.773436400811285,2.7247546324927274,0.0,6.942550505050505,14.591180377514307,0.0,1.1842277984719844,1.23502886002886,0.0,17.375188634117205,0.0,1.6891828235813198,0.0,1.5555555555555556,0.0,0.0,4.540627339816447,0.0,0.0,0.0,0.0,5.212136672850958,1.3281325156325157,0.0,13.301257472686043,0.9569346864428832,2.6218805704099823,0.7708934583934584,6.284676558368419,0.5874433106575964,1.7014430014430015,0.0,6.675084311113722,0.7635785875917455,16.927460425956667,0.666479353979354,6.041486291486291,2.314484126984127,0.7063492063492063,0.0,0.0,2.616432178932179,1.8253968253968254,15.405227090836334,0.0,0.0,0.6253306878306878,0.0,0.5303030303030303,0.0,0.7443934511603684,1.5373060175691755,0.0,0.0,225.1026936026936,3.6157916157916157,140.18060064935065,0.0,0.6001984126984127,12.196245543672013,2.944444444444444,0.0,0.0,0.6084656084656084,0.0
3128.7914895447525,165.32203763527386,677.6462271677073,371.7719398200105,137.46501633421516,103.73087207562219,93.25983607298306,279.99100261437286,159.1214268503682,731.7647233171722,84.22543175519365,150.01753126955194,242.53406975381583,427.6123404964673,81.49065801517243,27.03845377695952,288.70939686385935,85.49289665361094,42.27639620833543,250.5072284469044,44.66880802820139,172.45014472097083,33.302673847316704,152.86170067072845,242.5055841882835,42.30320686576952,152.64294074184426,26.431387577269206,474.5712799642962,331.94451992346,10.945331123902552,21.285025209762885,122.9790670694208,96.1645551743627,32.328636024189564,59.21451527062521,41.31955609552754,3.3924164071222895,59.567705112347966,134.0506682470968,134.86129871752397,10.406746031746032,109.30496288397634,317.9250096453096,8.104616062949397,12.612412389198104,13.322364804507663,45.83277222305722,12.378460769829816,30.16386403046067,0.0,1.365921115921116,3.0736531986531985,35.67845703273335,2.3844246031746033,14.53437220847935,3.0663780663780664,64.30107082461114,13.305517013850347,168.1394797263348,6.08351368264234,7.301707551707551,5.211462148962149,86.34359161793373,132.13555275875677,14.278460626674912,5.053556397306397,5.555392436694958,5.670274170274171,359.07251313501314,19.371036266712956,2.8046536796536796,134.41931253205763,6.561147186147186,31.484925788497215,1.41114446620399,1.6758056758056756,37.99007936507937,2.5502645502645502,21.547955160476675,0.0,0.0,34.06352136098376,6.103177341664184,8.094588282088282,25.14716252662681,1.478174603174603,0.0,3.6524105854462996,0.0,1.0744047619047619,23.487230692587833,2.2724867724867726,0.0,1.718419312169312,7.049707237207237,6.174768518518518,6.866968128872891,4.350634319384319,1.2676697400723373,5.269124779541446,365.3965848965849,10.200811249104126,8.985449735449736,5.469376302709636,5.114838864838865,5.763558201058201,0.0,5.16619440357125,0.0,0.0,53.6578555764411,24.03799259602831,1.516515483427248,0.0,0.0,22.917147667147667,6.812298151583866,0.0,0.0,3.120768120768121,10.123015873015873,3.7901830964565923,0.0,0.0,11.757731812507092,24.423635975011415,1.927611808126514,10.661556036556036,68.57346696919065,5.878622534872535,3.9545913394597605,2.5793650793650795,108.7056129396203,6.298492527564047,90.10846038658124,1.7328042328042326,0.5023881347410759,1.2968223905723906,2.4524235044690594,0.0,15.813161375661375,0.0,0.657051282051282,1.4758297258297257,0.0,0.0,1.2113095238095237,0.0,0.0,0.0,3.998778998778999,0.0,0.7440476190476191,0.0,2.3784722222222223,0.991045991045991,1.7359307359307359,6.439118629908102,13.821969696969697,0.5044642857142857,23.017676767676768,4.827262849584278,4.495471372309607,0.0,0.0,0.0,1.5413209475709475,8.959175084175085,0.0,0.0,4.724025974025974,0.7168109668109668,1.0158730158730158,0.0,0.0,0.5555555555555556,31.48509329112777,27.60756943066056,3.33939594356261,0.0,0.0,3.992063492063492,0.0,0.0,0.0,1.567159692159692,0.0,0.0,0.0,0.0,0.0,5.016491445062874,0.0,5.459149316292173,66.02645502645503,0.0,0.0,0.0,0.0
2821.335683523493,1738.8736970390976,1117.0913031184573,519.8080967016939,761.094954592491,238.0244684101931,186.7371939912811,425.9841701132069,151.50090904372388,1113.126649659614,186.53472117429433,569.6851645825385,525.6835528397335,655.5108016039659,312.054618017993,288.03310879732555,614.1218559493137,71.72741008452581,167.98050097919474,740.12016951508,647.0587540645013,878.8581618305203,93.95922242263761,381.5452991184204,263.00743876939003,577.9175021782856,354.0587369520578,71.23540593004878,232.16243818704365,152.52763095785298,40.0607783832041,95.36636972606033,409.8258316524494,77.39911350600322,138.62991679165373,135.70435271209408,32.105753968253964,8.310332333358648,88.42106461478917,16.03478765183809,43.988582966856775,27.047815338256513,140.43411579518857,194.66359920018314,27.534031872411035,59.119247320140175,23.108868414041787,25.33187779903466,41.892296284542525,30.44105025452973,15.78733200279253,14.457687107067912,24.526270034044668,13.677640686381288,7.9522095250810425,9.804041941072017,19.957612088204193,390.80805619480265,15.541488969120547,124.64845191359062,26.41253221221096,8.52442480359147,5.335266354016354,147.57734086900754,119.5288224100317,0.9609582216725073,4.722620226150126,20.312615955473095,4.020645115753811,10.327328054199711,12.611684446505874,17.867287804787804,76.61093751834905,11.26804105480576,25.62468899148716,7.393996740110186,4.9857975929328,3.621392496392496,18.132936507936506,6.489646956335137,13.605792803008224,1.6497252747252746,5.331175273139559,10.02954909369383,35.05276060962151,45.42734730460294,14.096895733408891,2.5367063492063493,12.868574877503448,5.380450159861924,2.9605631141345428,8.759892832731179,3.068783068783069,7.2038476874003186,15.862356988249845,16.318981822271297,2.564969422112279,87.83408017779148,17.46988593417165,12.072892312524061,14.934954705788039,127.60531095683683,7.6155445620122935,8.516591361834063,44.60583376583007,16.598607811013824,9.274768360294676,0.0,16.592602048794,0.0,1.7156282209853637,39.15697193018622,14.797739297739296,1.1802232854864434,0.0,0.0,4.450672571362226,18.435149616697235,16.21089674214674,4.763426187339231,3.413804397357029,0.0,12.665510371031441,0.0,18.711356764928194,42.55150127403971,6.810182322087083,4.993205868205868,70.39567130887036,45.70855449207309,20.35105734212877,2.329743008314437,0.0,315.56654764664216,17.69371031240779,5.881300758675643,7.636886151767104,2.083333333333333,4.224296536796537,13.410094229604852,0.8741582491582491,1.1842277984719844,9.631854256854258,0.0,15.646433320803068,0.0,3.245555372600928,0.0,2.865079365079365,0.6020587599534968,0.0,17.29802272221183,0.0,0.0,0.0,6.261599511599511,27.890708101422387,3.1852753727753726,1.3995726495726497,42.94366593179618,1.2347124642206608,7.488402936932348,2.6458934583934584,24.058486082177943,3.129109977324263,15.745580612627826,0.0,10.593735104764516,2.3999775916378083,28.317908271761656,1.8718364968364967,1.5216450216450217,4.088023088023088,3.699259074259074,0.0,0.0,10.36180254930255,3.2698412698412698,28.85397047707972,0.0,2.369047619047619,0.6253306878306878,0.0,0.0,0.0,3.1942942448111618,3.6206393509025085,0.0,0.6574074074074074,3.648148148148148,6.726292226292226,31.770382395382395,3.9091553287981857,0.6696428571428571,4.708150305576776,5.6242183742183744,0.0,0.5892743221690591,0.6084656084656084,0.0
571.6478609189344,310.32278856707194,225.07678669235963,96.78622363563915,257.9013398939635,47.43481642713559,53.14890402792226,173.16165346033713,34.85911370388783,173.11288661034376,81.29073760909833,65.72316742059324,222.10581930179092,61.68159673625272,28.016748739533277,57.42427791319829,209.70511671169348,21.713573436849742,12.176250189385513,90.17468581646901,73.31812730327968,94.67253355017687,38.737210193935525,133.45299264018118,55.94473066632511,69.52757713315853,42.06351538003591,37.367952362393204,68.70965563862187,31.402481900694795,13.07900444733833,19.383047568646077,131.94910734245124,42.93979034182246,15.68970783401845,56.12394416465237,33.13520361787472,10.312376117792146,35.117594581776515,3.9765583258546777,36.230748212729154,32.491132196483555,14.45595883777035,34.86595156348464,2.575443264798181,15.832043446335211,3.723167710559675,5.349122930439877,6.133661515970229,4.816384454783698,27.345459939828466,23.093375739633878,4.814669105690777,2.070557690368445,1.3656886452752257,4.63453808679649,8.29993121796761,99.59503068584102,1.893443591764826,50.10923762126622,5.0727352711165565,3.489616709972747,1.9255607972900062,10.367808252158898,26.2760600653736,2.0259331683231507,1.1048469870527058,2.4481196314632276,4.315203756106927,15.169908683764506,2.8376734986275127,0.7242011114515652,3.6341796600452616,0.6948322693758799,0.0,1.2277055651115802,0.0,9.492862665467642,10.088453774680021,1.3443172764898734,13.082449193544345,0.0,1.1450026534129947,8.987791326360238,2.096929293561172,4.8294253192074095,5.3772715317433475,0.8147483608009923,3.2175015939390113,0.0,1.8285473785473787,5.28945742904847,1.446078431372549,2.0136501098377453,0.8517770543632612,0.912216406067826,1.431191126468918,19.031403077662773,2.254345397987973,2.0648014398898984,0.5675371378638167,79.69222613125991,3.0278878214652742,0.9346958081478206,14.347516443135108,3.4523938986413634,0.0,0.9148188975775183,13.01825446941546,1.7058991805121835,0.8533769063180827,15.597347273512767,8.426464014376165,0.0,0.6218652135183576,0.6377896613190731,1.8556580730515821,1.5951418193998528,0.6900890775890777,0.5218253968253969,1.4999989023822695,2.6689404590489216,2.5205154601044932,1.1424014581909319,1.3037947873496143,2.7453113946201597,2.4271406442182646,4.691929759188641,23.47744987982039,0.0,0.7622450920825534,0.653057136833228,0.0,145.44867922801097,3.9310337498975803,2.4579945886527503,3.5807242660581955,0.8567665571975916,3.1308143668050787,1.57684972052947,0.0,0.5149122807017544,0.9734025720867826,0.0,0.9763733643377606,0.0,0.0,0.0,1.9401014791881666,0.8300645714438818,0.0,6.002500860884348,0.6496115616302343,0.0,0.0,0.0,1.8071010860484544,0.6018084995900717,0.5195521645757147,19.274899951714467,0.6073025701508674,8.199586667775522,0.8099622789224583,0.8172974602589207,1.2556343331304631,0.0,0.0,1.5231340927161359,0.0,18.034483702715125,1.2826922137800754,1.8612631522748155,1.2795038298000825,2.5560740367935844,0.0,0.0,2.858150346667559,0.750401097440571,24.114208577487872,0.0,0.0,0.0,0.0,0.0,0.0,0.5036274207959046,0.7820170026052379,0.0,0.0,0.0,1.531064076514444,0.0,0.9409235551631534,0.0,1.3241849739527758,0.7443676035007305,0.0,0.0,0.0,0.0
1230.272356986675,172.32117146831902,211.60497028606244,158.6072857095839,274.0625298597907,55.963005951655404,48.037512752371306,115.46221254603986,490.4799470291038,226.49162039444033,22.07229987529443,81.50965240779759,304.586407759819,240.84105657535156,47.23379049516072,19.382643375719656,436.55245742932647,63.21694903761531,42.902009931498455,37.94295115432629,101.58768849046578,112.45965452287234,71.9068750575702,75.31440061605699,75.61750591261111,63.97363667363746,42.953386038400495,7.273113072587936,223.25018934472087,11.336977431476692,209.3610589104925,5.205525693102901,6.054457038823889,11.306659563414188,7.5646724343811895,13.756281417077277,2.139344965942329,15.06552792622544,7.756550431263075,12.557936299276538,23.408016395829875,6.338354728485549,20.392044345058896,7.016648177080508,4.431831578383302,12.345819257168204,38.43127889571313,92.80431834903956,57.30937677524585,37.02782793597979,10.071454301339358,10.828282141139283,8.757692020883647,0.7107240756315609,4.546909868092134,4.98934674763903,8.013522852808567,35.72802803906627,0.0,9.191536244507972,6.861289850230136,7.068893058835587,24.33220785086774,30.790768704230242,8.946167901289606,1.7472985347985348,7.015271439660807,4.321355815321333,49.93169145669145,0.616043907274844,0.9326834165196234,1.6087586092278408,14.637693281077745,29.851649325333536,0.8507833120476798,1.7005692530117817,6.265537846572329,10.852069914117015,9.75114444942031,0.0,4.174240903838605,5.204761904761905,0.0,2.3706064050891635,3.562358276643991,6.637203712634747,1.7792839557207372,54.44959478827046,0.0,0.0,24.240416191552555,8.30293724474759,8.511411029058088,1.3348689411907801,1.8260285531837257,4.631738855014717,0.0,0.0,5.694957580733442,0.0,0.0,0.0,0.0,0.0,0.6491874527588813,0.694017094017094,0.6913121427908395,0.0,0.0,1.1143391587836031,7.536394958808751,0.0,0.0,0.0,1.8872463515320659,0.6330671244464348,1.225944801693191,2.5106542297634253,2.027361853832442,17.43663915978981,0.5458840101697244,0.0,0.0,0.0,0.0,0.0,1.018059546615581,0.0,0.0,0.0,1.2483536628398022,1.5953822943765472,11.365643615643616,0.0,4.608201322487036,1.7491789819376025,0.0,3.269885441573282,0.0,0.0,8.652130765802296,0.0,0.5,2.359813797313797,11.769863677191262,1.1348680254930255,0.0,0.0,0.0,0.9959656084656084,3.426681783824641,0.0,3.3761904761904757,7.019492959148131,24.2244034360701,0.8699633699633699,0.0,0.0,0.0,0.0,0.0,0.0,0.6475417143520592,0.0,1.1515429015429015,0.0,0.836734693877551,0.0,1.1372657887025703,1.2319213353696112,0.0,0.0,0.0,0.0,0.8652682360314824,0.0,1.0054734537493157,1.1964606381273049,0.0,1.6936371259647123,0.512982973504859,12.654873430853822,0.0,1.2152276511367421,0.5844155844155844,0.0,0.0,1.7138990638990639,1.9928872213354971,10.712939997422756,1.0045075501464953,7.272778924687792,0.0,0.98989898989899,0.0,0.0,7.8402070540726,1.3877289377289377,1.5549290486594562,2.0175054112554114
5208.487562292926,1864.79727504798,1714.3434074766487,716.1324598677044,1165.0666607548958,275.02183967490794,236.78591608085284,554.4677016167045,941.2832734768908,1660.5081089009857,277.6056171526215,266.6297105497014,883.6578654457993,443.12595812982124,399.5225604758956,194.32543489427982,1313.9361777986687,371.4038549824906,133.32784135553092,312.3110588302814,537.9172999172112,515.3662658127805,286.2655673857694,824.099070050892,363.44136162987485,248.83151183925162,335.32417863508925,96.22502807344296,664.9659489430511,421.6811726472545,152.3635662686299,142.95978021726603,215.75727564643685,161.68115378358436,93.51935080586739,180.77536361874306,48.467063781243546,59.436935982699,117.92975226969976,86.05848820794654,261.1572443441292,73.57652689188431,126.22023452276763,87.45280432480986,36.47477644922307,57.98195223887784,685.4538739336621,174.25698315976848,156.25247472950824,59.473034418442104,8.62682459192847,33.32322523324652,33.51687609541955,22.746947784866098,22.541294426725198,83.89285433780583,51.54696753446172,100.05296326019483,29.624722556503222,199.3088358971167,61.15193094884142,43.187045101259166,18.006119526538114,19.613621856918602,167.6283109386182,30.97672755482311,19.188795294750154,24.325781074207733,43.75060882933754,31.8098845694822,20.22501707944786,12.177014917217654,91.08357958461728,16.294093073917633,33.30140252913043,22.052122298013902,5.617542410626334,9.448681061053183,38.612662596523585,10.128780529646304,42.16931549312381,5.638941334462725,7.170138826135828,30.414898684732435,23.184759101520214,19.471931332853035,11.040707030915506,72.60711891344744,11.607679965121648,18.562721883994364,108.55954226038075,163.2246071257077,18.27402474940207,7.297730109107801,6.395018691727301,31.271174822933535,17.203837385381505,18.046200520088902,4.592188134653104,20.038553412391543,25.364507168560387,29.987518256084027,6.1448069422553795,16.9222054985229,11.206854576847574,46.19244082604978,80.3722395014868,8.260373704617761,18.134134655385303,4.530158421825089,22.829909944780635,22.03231659883644,16.339702017408083,20.700973600592544,2.8336839009107915,16.937218274875015,5.184053519022597,13.239204668389295,21.407163113374413,69.63716867475685,26.96830606910494,1.1165984750543574,14.393006408565757,17.116875651522392,50.19198661375715,17.3829275583305,17.164745763426637,8.155396333918905,8.574684728091434,17.71283599395469,10.42438075808756,17.766614153498388,29.298433976395383,41.688618114320846,16.407663467484895,21.22445650469395,2.442729980573168,32.79534801600283,2.2003185045948204,12.925785256160076,22.39951592626641,6.290480984863525,7.489063846653434,30.657956021533682,11.701891398866234,3.4175101858925387,40.074773730936926,6.305176912557999,1.1298786181139122,12.216889238512833,6.390745820421572,8.868501272119692,0.5410721631309867,27.17509385687951,14.976051743035065,6.2578991775420345,2.97544840217254,7.866663102692514,2.9707585008375013,38.89345348935866,2.6306932496972446,10.149848010344593,2.6188660570176205,8.262204689397672,2.4766555630042473,14.032033171781412,2.150499360583394,2.3137750049514754,16.180916539055975,3.894113549285963,1.426186721774957,3.1924754554381836,3.9983317064199415,5.3978174603174605,21.56139725318784,1.427911380626292,8.834680954118557,3.6087838295462134,28.327801913912726,4.928593568904801,5.624253086251312,11.467643037319384,2.037717710131503,2.4399115706123284,2.4375,19.939970116647103,2.908049242424242,6.491861793536995,1.7062287489011627,3.4593913597997084,2.817432038726591,33.10588887735843,3.748152038593215,29.12071127616793,3.07844014798902,2.8935203685203685,2.334332563639286,2.643636218386932,1.811242633875725,2.475103786249297
706.2208535136814,160.13844118082272,116.06205237560376,92.8139578467521,130.99895768524186,31.819215518998842,66.40006438270748,41.42435970290811,192.65641511271048,113.46933520680194,17.139461780726357,45.62454677757963,42.535886561798904,43.297597687425956,26.243901676527194,19.472298191447937,120.95309385812564,30.634472835721432,19.097042349982758,19.673744130802238,30.007594067736342,25.7144134654171,29.593517869835576,36.05970105792117,46.73677091976204,11.124349448188488,8.787125081583232,9.54693382732708,59.84590921416688,26.773171427067286,25.636996685166817,5.275320261415995,5.584016765677547,12.563714677302094,16.3424680067297,33.367271801083874,19.033569908429133,5.726602194415863,7.814918731695798,7.933602029224271,7.397560143104762,14.205810118687388,12.548218315229384,2.5415001476225965,2.0346983971149357,8.456192212151132,70.14622996559878,3.9749591641709867,5.438646140376668,7.644241060575291,4.371948853134058,8.279583252668024,9.580961253196866,2.656844278035858,3.705239048913398,1.2307126911154411,12.485127297185961,6.117124886304872,2.187933431543565,3.942291213915075,2.760069210031612,1.9535087541586693,1.9459272492768596,3.1100184283483836,4.789710677806777,2.134720857584024,2.5729765081478337,5.497407490717608,2.116847487521844,3.9455304817469488,1.9122621986563832,3.3743959553873837,1.5652006854569949,5.832647073481407,2.824872649998171,5.386548768366151,1.239821419308722,2.28639802074676,0.0,3.6292659319683604,13.306212978640536,8.00916213038662,0.5791874225547695,0.9608479642962401,0.9935790400076113,2.130997222341346,1.4484036354382326,6.69206791743182,1.3619856356925322,6.967180806685459,9.161402989781745,2.729262117193152,1.495038938652384,6.114723386843211,1.8016478573240589,1.173043737871324,2.2894841269841266,1.0511433138368396,0.0,0.0,0.6351795017347446,1.2986835428247336,0.0,0.0,0.5574350760681744,2.803612468886615,2.166979615344277,1.6764143013527248,0.9786883187522754,3.3390689010854886,0.6470276289118654,0.0,0.0,4.102025967275998,1.954834371977229,2.3735476242161675,2.2117657504858936,1.1162944091577096,0.0,59.19883597905306,0.0,0.7927912703542956,0.5104790556471228,0.673731030873888,2.757348787288425,1.1233631181410293,0.7000796138727173,0.8428472784462622,0.0,1.8401949171749254,3.727110353720032,2.1331235176062764,3.084397977153264,0.0,0.0,1.1374367693785978,0.0,2.251493001290679,0.0,0.0,33.74891808187494,0.0,0.0,7.994904759465198,0.0,0.0,4.158108069895543,0.7580716902145473,0.50828331332533,2.6279778506727474,2.5081899109960335,0.0,0.6561945307593567,3.613679572441008,13.930517986140655,1.949130680577259,0.0,0.0,0.0,0.0,0.9529221129020882,0.0,0.0,0.0,0.0,2.784778381049389,1.0591188856494977,0.0,0.0,0.0,0.0,0.0,0.0,0.6791666666666667,0.0,0.8163663733891825,2.2531777308624603,0.0,1.1497331691297208,0.0,4.004099033355402,7.137692851919886,0.0,2.5465621226845716,0.8847899549430162,0.0,0.0,0.8930262813634472,0.5083491950295568,4.087922066497893,0.0,3.072096149608465,0.0,6.216430632859204,1.7069444444444444,0.0,5.640308986581103,1.5427451803232115,0.0,5.342404231703372
672.9532081388268,165.80125643611302,206.67780924257778,106.2124014422628,125.58833606289187,27.436176425682405,34.04243947666331,71.84602359378869,103.92576431364176,204.9583945956894,18.911734157856348,42.13666592257729,51.299082232788656,46.43486245631827,40.48141972816778,14.67579423751115,83.2783431627704,22.054952452953216,24.76915053230997,23.36238780360934,43.71974888498242,58.286445019171396,35.873881837240795,32.376031636166694,39.15916775516412,28.10626647861712,32.15319739649697,15.755894941569503,43.58138832883926,55.75524122079144,12.155001640857789,12.481891447426213,7.167675519312379,17.658946234484212,8.450345095236068,19.40220184430988,4.045756874642524,2.295486875802354,2.8022151162596214,14.545362522731708,10.575965070161416,17.37174569097309,17.523918334324918,5.113343832093832,7.988990337186958,6.006293721473415,130.70578853235344,9.149650626720652,10.746817737224095,9.070971742678635,0.8065891900754216,0.9651071083741938,15.384532832986531,2.2581689322216985,1.9599225248175816,14.208876907036952,10.637564064595281,2.3633291463668833,5.225904915309419,22.975441342654854,18.06047766832564,1.8715188199305122,6.166605174464389,2.642347914811328,19.159526127652946,4.269462649702814,2.9483252790608403,2.4017368457323887,6.428010957632521,3.7176933003301467,4.428941735946046,3.8144570977049486,5.202041004193323,0.9553836352081966,0.5566991492711463,5.50811381711333,0.9357049696834087,3.532014394386517,1.626994832914642,1.7365768999426745,12.814969575787696,1.7097686552900455,3.200760519257521,0.0,4.056330795874969,3.966208710665078,3.4202404604489356,3.9376161257780717,0.7464007895042377,0.7427487481170867,1.537086129384891,20.556497112989852,2.588948531044119,4.666597352975044,0.6715173654461468,5.709937449196162,1.1875199283287519,4.612238879877265,0.0,0.9539617474427374,1.3513937581541937,0.6585425632427867,2.259889225228982,1.7430943863235528,0.0,4.822422190758587,42.11025459273289,1.1699126224900123,0.6995917835875292,1.6865783907450576,0.0,3.5100911682601703,1.6845044792560007,4.1310027247899885,0.6509934101845867,3.2859658236225635,0.0,5.886022710550474,5.299678563610453,17.905941298618487,0.9812243677375256,0.8040984750543575,0.5439494781012638,3.2634223415473413,0.6497518203318796,4.8450186897843786,1.678984792371549,0.0,0.8570084909299023,1.6771747597640454,0.0,0.0,2.12691361356222,0.7577279804895338,0.0,1.762447253004617,0.5310336522101731,0.771172949172293,0.0,0.0,3.0623646516151353,0.0,3.4947862243120866,3.91477666095236,0.9972677817426169,0.5882352941176471,0.9972433909065896,2.098399625517554,0.0,1.1672123358947537,0.9283647821476769,0.0,0.0,2.5923617741474283,1.4835067970587459,2.477092352092352,0.0,0.87006512006512,0.0,0.8397190293742017,0.0,0.6884870265571391,0.6803971185486823,0.0,0.0,0.8224754319540658,0.0,0.0,0.0,0.0,0.0,0.0,0.0,0.0,1.0953724827513063,0.9119299880692691,0.0,0.8140417660541499,5.701996603238996,0.8993427271539594,1.4886133039203537,8.41955501423136,0.0,0.0,0.0,0.0,0.0,2.7665142318991114,0.5577499129223268,0.0,0.0,1.896994237119811,1.4285714285714284,3.289418957375614,0.0,0.0,0.5413776038776039,1.1419610028461704,0.7872041723372637,1.573852259997771
1805.339418290292,1324.9933992386577,731.4181621580958,421.90047040631185,339.1830606777112,91.82694637074464,151.36558242475476,177.4024265925777,178.60428670002318,743.4821764822236,200.29891872113177,131.41995328523123,558.2910204956878,215.37543015139332,93.19102265814472,62.314543334918724,495.3636557887718,101.69586887006646,74.39646118658094,134.93008794029498,528.95486240475,199.12945019970306,82.25776020439869,333.1127502944919,93.06830277633131,147.66550705648785,90.30251774144975,42.448777004685944,265.62729607831983,213.24788824675,47.384417585232825,33.75294749111524,171.99164188146855,50.444586608629514,37.53835181765085,47.063012071271984,18.62582716226937,11.614505011464201,45.98629023845874,13.354600575781827,197.87584403449645,26.31574423986344,33.062820747858325,81.52478722602116,9.931949178272708,13.244134055086066,66.9244097013093,30.538794564690345,55.62514631832275,35.19026468574579,8.800840845837044,9.45066778692067,21.54218990790198,12.063786154803212,15.899714864248748,32.7128948272703,4.165343915343915,96.64070084343336,21.486189119522454,119.14972255427696,21.00988438264868,50.16397975446813,3.6351802337096455,18.02465563523355,61.617557923034774,2.2675515071348404,1.098772815878079,8.612139755812356,35.488558570247164,4.888596606733862,4.953761238787711,10.58174245026003,39.84030069571865,2.5236102238166223,2.06657848324515,9.486936870423774,2.6694439761482367,1.3095238095238095,18.526114789350082,0.0,85.65429253617754,3.817707891237303,2.2606942440275772,40.53810943910273,15.92057762498939,11.618818628816049,5.2692701633878105,7.030639730639731,8.3733441287928,1.9776865291571175,16.40321167623799,16.03847034983516,4.873412363350444,11.711178648111053,4.479440393631933,9.295887536573812,6.660905924141218,14.737028958562812,4.291396212481094,10.299757649331076,2.9826177004969576,49.77952247485358,4.009574811100519,7.903727046374105,4.574488318054494,116.23072545829065,13.56159229749916,3.919928836595503,6.71673677195654,4.956942342907255,7.702904029686561,14.211780095597174,8.373632076844151,0.0,3.2503812636165574,4.575346019255655,0.9883357383357383,5.782701807304982,5.34751929564021,5.711841371356529,21.499894906188278,2.981526417052733,4.188976783869257,1.2594696969696968,11.84599466935014,9.847071726687739,1.3848651348651349,9.8315507076343,9.98158655827276,22.762378688849278,4.4630711136129095,4.673692810457516,4.084741261824595,42.82412656608962,3.8663416056429005,5.58080940530631,4.295757619287031,0.9624579124579125,7.108939985500873,4.3730345193834035,0.549719887955182,3.837703599958502,3.269654093183505,3.133248243302591,4.3665012556911424,2.117533174886116,14.978015373624718,8.999006675967461,0.0,12.624083671600319,1.426767676767677,2.4663195507622753,0.0,0.0,2.6666666666666665,4.892187472350516,5.81984311984312,1.0826639409972743,1.049766206016206,23.730221914525853,2.427773297871337,7.7326136889543555,1.417989417989418,2.4385603227570596,1.5817025528159983,6.434465610281589,1.7283549783549783,1.2096681837286412,2.282677269029178,15.837491724562343,1.2842930036557487,3.31980734407205,2.1486146960863164,2.6257284717429643,0.7653471588191818,4.23506931720705,2.007659761310432,0.6681034482758621,105.40716455178641,1.0080187843345738,1.5964840714840713,0.5357142857142857,1.3104256854256855,1.1324684756057304,0.7543859649122806,4.1280823321844995,1.2209617724323607,0.0,2.7394179894179898,2.564393939393939,2.0604355521022186,0.0,2.5824955685839064,2.9600765519883168,2.522717534682189,5.84093090097992,0.0,0.0,2.2406015037593985,0.6944444444444444
1760.517285253692,181.25795736973382,382.52600904701507,174.14980316550006,274.60437315084863,35.17689312323092,67.67756014728903,46.98994785280179,644.9767359762247,144.23349062699185,17.528973426762033,61.581504937983446,175.44227847089803,108.79154552934499,20.06288352214234,16.160497370853065,730.8074828277115,144.61968853238267,14.738667371576614,78.74677558295814,41.29683925054247,69.92296814853117,96.77037216095701,133.3856094320105,26.823687297363914,47.76557443594231,56.528902827539575,5.13006853996007,229.80087305929777,8.82385398085324,155.35966752123016,5.454665904743112,3.3120327963996465,10.153553410308035,1.6060142147580572,10.856877383617142,9.09440502026709,28.100640855855914,2.2724234471360907,8.305245670307135,23.134257747071228,11.98821467246314,13.493445258959811,3.30071608285894,1.4286816781745788,2.46011660985565,41.8713421182252,33.09064313536435,8.834110529146272,4.730795107696966,0.6814080050430624,13.547341074428111,6.753086664971103,0.5519939169014022,1.3461522923345584,3.1780592696848853,7.92159163587735,17.338477774516004,5.142371995820271,4.768917196888925,3.790222029162315,2.265402413678276,8.545155487834986,20.834877373338912,1.6187869489086528,1.0320207570207571,6.620851045240412,2.2281018470673644,35.161468623968624,1.6269043918195392,0.0,3.5724338229030543,3.84944706227597,9.092111592111591,6.017449978714347,2.422791475234004,0.0,0.0,1.0309063541822163,0.0,2.8406871119514796,4.807900197115883,0.0,8.612890355706448,1.5068027210884354,0.0,3.682061733498515,161.34754111391285,0.0,0.0,55.74402369516006,2.9457943876047326,2.1570940497411084,0.0,0.0,1.0622944105702725,0.0,0.0,0.8457512315270935,2.5484529021114386,8.528728030164812,0.0,0.0,0.5,0.6491874527588813,0.7204721204721205,0.0,0.0,1.2761908908460633,6.1606354550799,0.8697282921420852,0.0,0.0,0.0,0.0,1.8969560133353238,0.9759448016931912,0.0,0.5378236142942026,21.779714090805488,6.707176421462135,0.7220982142857142,0.0,0.0,0.5048500881834215,0.0,0.0,0.0,0.0,0.0,0.0,8.646279844538803,1.4119399119399119,0.0,0.8582013224870368,0.0,0.0,1.0869976665802437,0.0,0.0,21.39870717414341,0.0,0.0,1.1098137973137974,6.2256717579993435,0.0,0.0,1.458926875593542,0.0,0.0,0.787792894935752,0.0,0.0,11.638179827835,21.256849022437258,1.7429792429792428,0.0,0.0,0.0,0.0,0.836734693877551,0.0,0.0,0.0,0.0,0.0,0.0,0.0,0.0,1.0804061838544599,0.0,0.0,0.0,0.0,0.8652682360314824,0.0,1.0054734537493157,0.6409050825717493,0.0,9.171811729139314,0.61399307451496,6.5336860670194,1.2062230443337878,2.95873311686443,1.6955266955266954,0.0,0.0,1.2477818477818479,0.0,5.921273330756089,0.0,5.965459700701901,0.0,6.918470418470418,0.0,0.0,12.865849639519107,8.409373959373958,1.1184211121515197,5.3066114123712165
2132.186208149187,1009.1969119672749,704.2415136776641,391.5013351578716,664.8792682653693,125.34068177476162,105.6702819467644,289.1495492993328,280.05208156898567,1068.686199857093,149.77385031166187,144.64303151325538,533.4457869978066,270.55481484378976,111.02077086102895,77.39342971588727,676.0228527249673,156.30956537506512,93.64716337032866,314.04375420696346,664.4118743647786,279.7690232636736,75.57735272669488,472.207352947925,109.86348104072576,314.9950189446573,134.24166811339376,71.35206583934706,267.5548841732351,159.4637169721624,55.95409552133624,49.76263178488456,185.0495244734793,39.39492425263075,59.733356348882516,158.3395953667082,37.33853940377777,3.367843110039117,61.87441689560193,23.909785588474907,78.1619537535483,53.3745497653843,38.72617642938742,116.02546798322162,6.884190735305286,24.335973706398754,65.17897334424444,29.856695144765734,38.25833355138972,31.19485947397802,20.85806070218124,13.130232672846036,30.182895168855765,11.077198476103066,2.8302787402152196,16.02118137948891,12.047424458610003,227.2544625578923,5.401298189274596,131.8080416382209,18.997204193937407,10.761213007265638,12.558563598288496,57.23012543286267,49.42124684644633,1.7676656920077973,3.0096060933445656,5.130281279647406,39.23215613177761,9.79090742410275,4.06974651324182,6.322664384555643,37.54253781027547,3.648179601956825,13.874479142112252,4.53821950814432,2.9464707411489335,1.5356637495646117,6.238643390957366,2.6006493797479884,66.95309465063379,13.968952454598387,1.513557039770742,8.708867496186008,4.628370395037062,28.93741390632433,10.93955162387234,8.173747025391762,1.2760072529809372,3.410991785991786,50.65414464939445,129.91252806420908,2.8179729856200444,1.1831722673374216,7.023222360166552,15.847084200076086,11.735849687229557,43.5548280786163,4.4204883215115025,3.0192420925179544,7.3006502252872485,88.33160072043258,2.759021050373089,3.208209535057906,15.620163240132104,8.794091143762863,6.003296050955609,0.860078590189757,49.56404428201501,11.019927376545024,8.503410292120662,31.62683152850192,20.823867096147218,2.441716195722606,1.0216249645103601,18.327407386061232,7.620402591548636,7.449277631985209,10.274939611949415,11.97249370999371,6.801918053211157,16.067463803865532,6.143465521756509,1.0021805679700417,15.76522851873818,4.36756451593009,2.418323659771028,9.542144283591652,43.01143300039576,41.44267342088069,5.25431246993747,5.1522528157268415,11.825794181308886,125.29724166962257,12.02069676886816,6.240039216513808,7.352712566904852,18.22628719571711,27.412894416957883,36.7418765129814,2.280941280941281,0.8181425367777877,2.9079543220797093,3.916661361514303,7.951222666918156,0.810115323273218,10.33626795458692,9.514652585976116,0.0,33.69178068065919,9.534325396825396,12.869021674631695,1.4143217893217892,0.9539201539201538,1.761574074074074,3.504326923076923,3.9417930582653047,2.7106511349554303,2.1473635556694766,265.7112794008391,1.4700476681900831,18.86635708417829,0.0,10.219760781241057,5.571936961547351,16.764577360578137,1.9053103758986112,3.6678118117262852,2.586907786130456,25.82245827128954,1.1260524031546415,0.6997457447775052,1.2829754368774333,1.8335222853371673,1.7920839373045254,9.836480569239189,2.7823266051771043,3.439082505768077,40.09374565010408,0.0,3.8459280915163268,1.646255790992633,6.303460020371785,1.6685934980052628,0.0,18.575611695817603,5.2924289206040545,1.8213217703349283,5.124405432671153,0.0,0.5119036056536056,1.9986829501915708,0.7162698412698413,6.398725811225812,0.5079191033138402,1.3054627991547496,1.6666666666666665,0.0,1.4816017316017316,0.6944444444444444
1658.7209469843428,690.3652112425298,432.1794215500333,214.39192152120634,373.6335534845859,100.2822991527433,65.93116790505063,266.16228008865903,332.79876385139653,804.3816114880366,226.73107367094414,182.87070040292647,387.60861934485484,132.72089551009097,98.41857289597223,119.17441781958819,325.9880883971568,56.81713537110981,16.94212320525853,150.04958427345701,244.4430932010781,226.04542586203146,51.6515321717554,122.60535251201273,51.42535999070443,199.89235225008466,70.82159753027491,62.80920026013081,181.20142157058388,69.04705862027151,56.96982592744552,38.592571378169886,184.89837001110985,19.257250659282775,61.743234168794785,74.27842789146406,45.74964195731306,7.790153895569925,43.85743301715066,2.8059234052197572,38.98861257059351,95.34000193848112,21.163747508794312,41.041632826665904,7.150244852099768,77.49656827336004,68.56470968656797,26.804715552103925,15.713464649344791,16.56291917006841,30.552900416018943,14.310683431941573,21.655834519224612,6.528891023701778,7.315424095010675,3.355981416194365,44.35938585646636,74.73857952266363,3.5285626393838734,25.66555517936949,8.255841847080275,11.920292515648551,9.115766424995634,20.55034793469858,41.90699299410065,3.1220870144769965,1.2923469870527058,4.367762488606084,16.435441851345022,8.87526582662165,3.307911593865608,2.2648173579501645,13.110370136235737,11.160726329019939,0.8229710278582459,6.171488633894649,0.5270735089283477,10.888695998800976,9.351350600076847,2.9355871177597144,28.87849897709413,10.992136761873605,1.978335986746328,7.083029421598334,2.337008658640537,18.349931433463524,3.7671524841243,4.161970583023215,1.270531896969314,2.2926325466648048,26.53087583367434,4.72398123857228,2.692927170868347,4.096983443171078,4.995130228966436,2.7313301626815822,5.099445094722886,21.831219927479623,6.1432342868768615,6.434245884334342,4.781822852149531,80.15988454497095,3.312543906121359,1.739620050572063,9.63144501456368,8.861124057371521,0.0,0.9148188975775183,24.52291416157515,10.345574088937092,3.2353213507625274,24.326922790588284,8.390555206408532,0.9275793650793651,4.692301721454865,14.663550937080348,5.736345903739412,2.117364041622075,4.431513425105862,26.723010785510784,6.5892846166679835,10.854125644234106,5.338938662718872,0.8924014581909319,6.0388837724385995,3.6531486962074613,2.4271406442182646,4.816929759188641,16.059773112143624,74.25876283654203,1.7840704889079502,3.0846810684571597,5.905257936507937,121.86766846651776,11.541149726112627,3.5378556997638615,3.1141838620177915,5.696052271483306,2.7558143668050787,4.1582086393883895,11.079032079032078,0.0,2.195624794309005,1.4930555555555556,0.6847066976710939,0.9618192265251089,10.387049037657556,12.014959577459576,2.4401014791881663,35.99250568553594,4.166666666666666,5.966786575170063,0.9181300801487527,0.6944444444444444,4.228339947089947,25.94171626984127,2.9975772765246447,1.3160942138757858,0.0,37.29425282106734,0.9406359034842007,9.678753334442188,1.0348300037901832,4.10102761898908,2.35980099979713,39.10395288470665,1.3480816569051863,1.2314674260494693,0.0,17.70737238810381,1.6160255471134086,2.9723742633859267,0.5652181155143683,2.5203597510792983,31.171152172990407,8.18486590038314,1.7432693942866064,0.0,18.636689766933344,0.0,2.4679487179487176,5.054615705931496,3.32747113997114,3.238095238095238,0.0,6.451679368847852,0.6728900184782538,1.4128787878787878,4.432873480287273,4.993518518518518,1.7206474098477775,5.187346059113301,1.2980664123060106,1.4436813186813187,1.3241849739527758,1.299923159056286,3.333333333333333,0.5545454545454546,0.0,2.361111111111111
1978.3098958245635,489.1712144015687,446.09398271084984,156.22811619027038,335.48904931221864,102.80295177784008,122.08195320497256,249.92247729943713,334.62320866423215,887.0420423526236,158.09825502469636,65.74473900029324,188.1889521216717,75.33416378912801,140.63540242653073,80.03480508997438,346.35351684821194,59.91446608746685,60.15465414906358,58.35895300538287,223.12136204231365,177.67896752674991,117.23673185332663,122.7104636059875,68.02812674917911,113.29610591380845,62.512835366551606,61.5696509567961,150.83828738605345,121.44140401632923,43.95333929857045,25.385991976526743,31.70793612238811,34.29601634030432,37.295709904588975,34.66062409221502,6.689407668293317,12.46637947526638,28.432554221598725,21.144121516269006,30.954103598299945,33.32474055186268,38.191999459548896,17.244608995501853,8.300438148634768,35.23817460514001,297.8456909064979,54.56837426419429,32.37368161408797,36.01530759862163,5.362144745630977,10.682754470349288,32.35078621144229,9.232430781483547,6.6976235143042855,18.77047030702321,103.30462187645351,11.155216868573754,3.7645620914665954,34.2168245626095,21.922391969302442,2.9862735096852018,7.017839607631596,11.646108043571456,37.39125768974165,4.08690978589995,6.316771647507209,7.467668367913911,20.298546671918235,3.0411059987428453,2.138477570481881,4.471068865218972,6.229841227220195,3.8078968627214236,3.7055086730806703,7.874557269494282,1.5956357796142187,2.032014394386517,6.858476314396124,3.333799122164897,10.714254087572208,3.2788662243876145,4.304621935618937,0.9602888612777051,14.728492463572351,13.762895819852186,4.363654453862929,9.665956072868019,1.6268721699756183,1.4382615686299072,9.135432690231452,55.77112970262244,3.124707216802805,3.3392164005940916,2.4264776829064645,6.956347983106696,1.8224405632493867,3.5437864989248835,1.4076160268667102,2.1932474617284514,4.217194623955059,11.875365555065779,3.5122040400437964,1.0243443863235528,1.7786358819622123,3.8184539367903336,13.107462909973828,1.4080078605852504,7.367124251119996,3.2721213200379866,1.4625213148920047,8.15550877974921,3.465060034811556,6.032689232726496,6.621742678552902,6.040529315686055,2.598133039719765,2.078676353204117,7.522071217253106,19.205877242304428,0.0,0.8040984750543575,4.9885071088458695,1.457866785991786,9.845188328268387,1.6186568571725464,1.7511001769869337,3.9144545415065246,2.074450770872182,75.34684467318395,1.540024495418477,1.0439349808192173,11.474848086496692,9.915466075727629,1.133280905602334,6.047457114937555,1.0402929114694324,3.3709745364738803,0.0,1.1618705092907842,7.692986344736828,1.6678511064286925,2.7447862243120866,7.8076338038095034,4.974475758950594,1.3685383244206775,4.833943727606926,7.743240895358824,0.0,25.0694940819265,2.8241823684414538,5.8000992063492065,1.2863930187459598,10.102943784729439,8.358633984685934,10.271429958929959,3.003226179950318,1.0453897953897955,1.463989126421068,8.48786717752235,0.0,5.142653693223806,4.4859526741042375,0.0,0.5374307253419095,13.833474502328135,3.164131561715595,0.0,1.5451992000749606,1.505224660397074,0.6686889499389499,0.0,0.6213235294117647,3.46031746031746,7.29474255712138,1.3654113806262917,0.0,0.0,4.383971572713966,0.9830368108480431,13.020455535762586,3.8528883475646936,4.061527233941026,3.2357789748130656,0.0,5.530950355544009,1.0118438852813851,2.7497289264041287,11.93208853726095,8.769275919684269,5.399966334496181,19.583483582036475,0.0,5.674519967476623,1.4413265306122447,2.592857142857143,4.283518399589829,4.6483120591972265,0.7872041723372637,2.7186935298390407
2533.2174745504444,1289.8718215810334,668.6947725312297,280.30027007112847,505.5379442437309,112.88242534081718,155.61384611415173,276.7324181166328,267.1179859043448,1074.3371889682821,168.3203862224228,122.09128860109703,502.4403165472999,160.36367713705536,205.2266674951067,63.357394581611494,589.901897910635,186.95175326017068,63.64483387674331,158.6465784686877,394.27181450185225,376.52355578422333,204.4541537886096,260.8054422739534,116.09017041538944,111.91322810436053,119.98760463735474,72.93773541863057,285.66032033809245,563.4148911663044,47.71558915276109,53.27100723133366,119.81954802949265,138.00414768383942,29.885414383246534,69.83045437881242,19.976709255594905,18.83084041115589,42.17483557858596,45.65837903664108,169.24526398112698,34.087351783223916,52.062985362975276,35.41864438171256,30.24084218903881,31.15205189848159,348.1287749976512,53.54207991260232,71.18403955145483,26.805654833734273,15.531100789587022,14.057837680271431,30.982770128098828,21.47528052433329,11.75348020170859,44.58044650256488,16.37913152491274,20.791324182312646,20.115923924078427,289.9596120661113,62.83574055158899,76.7654494811309,5.593214839309349,17.073964361230406,109.36165340873244,7.232936675676839,4.094158612394174,21.66270966920521,31.56985399114222,16.495471078107926,25.613001888756198,13.655201002922539,59.30739299347388,6.264411412985974,6.0744460628513925,24.689967322404335,4.128165287143726,3.768125505497628,9.207351975771784,6.988139280128243,71.0063362500491,4.180006750528141,17.841931154178155,24.4711432030144,12.790470884181723,51.52737450694992,14.92470474616322,5.216957155119101,7.162947206050654,1.1084894888578274,11.817178721977484,106.83311434496423,2.718578160673749,10.084256083133774,0.9909618098905912,14.662318401577114,6.520853261662085,6.62242406506245,7.289486856654206,11.89420345018444,3.4283337934275626,11.132790248427971,10.537497419503843,10.618723386952553,8.023914132151177,88.48832174259563,42.59250264605938,2.6639802832243396,21.536512460949382,4.3443742985409655,4.171388836259526,6.590407611076612,13.850179082430603,16.765201858989123,1.3871045212956978,12.943572742166982,2.89101852724811,11.089129788657552,24.25626364519553,18.847690521617707,32.56328241690083,0.9051085760644585,4.176885986037772,5.896418974543974,11.621583229663289,21.570833384349072,15.139029707773608,16.356009283061265,7.157444166365578,7.768444601033886,4.326069468963451,7.75226831415255,6.738823503780934,8.272608932870487,3.488456483992198,10.957933865157896,3.1131043592808805,6.402291830291174,2.798445767195767,2.0400918250121,3.5385551278056115,2.2546809432585295,4.754923309449172,14.580031930374297,3.078837446645615,2.3210094643918175,41.47093197084517,3.1284922181101464,0.0,2.6280726234059846,1.084614782147677,3.4482473544973544,0.0,14.175695107480761,6.469340130392079,0.5427974802974803,3.316718243442381,3.893060643060643,0.9405102904422323,8.043422733077906,1.852844332352529,4.9861060741761865,4.942072942724506,1.243615181115181,2.70508945550064,11.538384522863156,0.8151614181025946,0.5925925925925926,3.1561263059600497,13.419754574926989,3.300002081252081,2.6186652786868305,0.7412730243612596,0.0,5.942594704973528,1.1392027153419964,0.0,3.128856580868965,24.014341434333826,0.8993427271539594,2.666510129317179,2.7350312047075507,0.7877177101315032,0.5072075462416371,1.5401234567901234,10.464482101575754,0.502584626022126,2.537923602098804,0.5577499129223268,2.4805553809637293,2.9475853821152285,4.34648918661476,5.304232804232804,5.622752290708947,1.5058976807097106,6.218253968253968,0.5413776038776039,2.14196100284617,3.140378775511867,1.573852259997771
1186.6543169249778,488.4904170553099,571.9620239526217,279.4749515743671,465.7732099551192,144.93868078173523,122.59221341236854,325.01546587599165,34.19019234746647,276.8514590524001,180.5086125174144,118.93293898073244,1251.6050164417968,125.88805469822539,64.81511687466612,84.9566187205391,495.98061498506326,64.40245277646437,17.040196700390847,135.9301339086818,170.9663775168708,171.5679399411715,55.1399879717133,173.84628793421177,117.21334516049107,56.9313108993923,109.56629315781369,44.671950447641294,89.33273865582254,122.94554602611186,24.626894057727938,28.428754639353148,223.94142511552008,16.232913884946,20.25916758178702,27.31378904199725,106.37488705535227,1.5623761177921471,61.34643013114778,2.527273814070166,42.695152762427824,73.70114911991959,15.250980482791995,47.72824733119485,9.902914404769321,33.79464848835202,10.494001043893007,7.93819219450914,6.435744849303562,14.953965623614868,19.053306260174786,10.149398148597465,4.030037071058743,4.138739508550263,1.8557680103545908,5.336107350865754,9.177732338415789,245.21758867767147,6.272339695660929,67.27139629592489,9.52394378482507,5.942238162594199,8.354171130312103,17.730611706874118,30.9885600653736,2.8592665016564838,2.17647397117969,2.6187094583030546,35.87217525682843,7.820071021426845,2.7245782605322746,1.2261852384356922,11.498762993378595,5.846347420891031,2.0956983005855188,1.2277055651115802,5.2736103054651435,11.617862665467642,6.94289100411725,2.548862731035328,21.92842841856769,0.6700981102894978,1.7838915423018835,11.585013548582461,1.3925642141960928,10.069265952430396,31.257502411974226,0.8147483608009923,2.9081581595955766,2.3140971931294514,13.897575572575573,42.17368431327535,0.6127450980392156,2.6386501098377453,0.9847135622997693,2.18405984041126,1.570080015357807,14.863708272467969,2.319704875112156,2.5370236621121207,5.720314915641595,125.28022323763936,4.011083792161245,1.6638624748144872,14.82235410547277,8.827393898641363,0.0,0.9148188975775183,14.981527076438066,3.9281914307456103,4.778972144413321,20.518421107086603,18.27004867046082,3.972582972582973,0.5811517058930852,2.728698752228164,2.6005667183278742,5.431902281160315,0.6900890775890777,0.0,1.4999989023822695,13.02812756823603,9.762308389397422,1.0060378218272956,1.642419125973953,4.838168537477302,4.01554702949965,12.014846425855309,67.58051625788677,0.0,7.231040185877647,0.653057136833228,2.128205128205128,149.2632787628896,11.566277591023773,6.385077921986083,24.764332324666253,0.8567665571975916,12.899377979118691,3.3081871331168826,0.0,0.7952153110047847,0.9734025720867826,1.7291666666666665,3.952383465347862,0.0,0.0,0.0,1.8151014791881666,0.8300645714438818,8.42931697931698,21.421603979987466,0.7728608613501221,0.0,0.0,0.921875,2.6406598883572565,0.6018084995900717,0.0,19.804523106337623,0.6073025701508674,10.525975556664411,4.143295612255791,0.9131969311583916,1.2982541588385241,0.0,0.0,4.715594410176453,3.100028330091317,15.570594813826238,2.609081102668964,3.527929818941482,0.7586704964667492,2.5203597510792983,0.5257352941176471,0.0,2.778983680000892,0.0,25.449640704884285,0.0,0.0,0.0,0.0,0.0,0.0,0.6016666364821791,4.754685822199191,0.0,0.0,0.0,0.0,0.0,1.5659235551631534,0.0,1.3241849739527758,0.7443676035007305,0.0,0.0,0.0,0.0
1157.3621274944192,270.85028169168794,359.54429418960666,221.56517265002654,173.74687835312835,38.27577987100046,69.21900321900321,203.16144243487992,35.959069634069635,200.68304655870443,110.72603145424836,61.09418081918082,373.0784672920716,40.67608398545899,49.01300921300921,13.249842749842749,357.1531970674828,28.7452347999223,22.28063397507842,228.52549322783696,333.82365148079435,250.23668247261998,15.945385632885634,111.7914442039442,16.92773748242498,25.97089947089947,93.88997027278278,31.655720913073853,125.09494348244348,47.71009245384245,86.94574638324639,15.777387427387426,94.64398349543472,51.1989964114045,7.586820586820586,13.261182972120471,359.2441704239323,16.07335904835905,11.678632478632478,13.758033633033632,30.03883963258963,85.03038511876554,20.240794795482294,23.77503994847745,1.6760554260554261,25.104437229437227,9.395833333333332,7.563123219373219,8.767868242868243,2.0337301587301586,51.773071835571834,37.103637103637105,10.08828197945845,1.1111111111111112,2.9550137362637363,11.60177235958486,195.93210932585933,247.33110593110592,3.6502849002849,90.52699498357393,2.7196581196581198,3.75,140.864565989566,95.89920264920265,17.38650516150516,3.775462962962963,4.598391741360491,1.6666666666666665,16.628397065897065,0.0,1.8231534090909092,0.7626262626262627,15.37379403004403,3.564814814814815,7.719278950896598,0.7999999999999999,2.0925925925925926,542.1306377589273,73.22827172827172,0.0,87.84830447330447,18.064454064454065,4.994861486261171,72.20159817840255,2.7037037037037037,23.528572353572354,1.3660968660968662,29.936025232077863,0.0,4.985366485366486,4.730505952380953,3.6666666666666665,0.625,41.46783108866442,0.992063492063492,0.0,26.413090844340843,38.37161865911866,5.333333333333333,2.661324786324786,11.297558922558922,45.27245670995671,1.9444444444444442,1.9862891737891737,3.253968253968254,0.0,0.7101596320346321,5.9668803418803416,10.940438034188034,32.67949086875171,14.531670875420875,20.361212716681464,6.69047619047619,0.7196969696969697,2.5462962962962963,1.0833333333333333,0.9722222222222222,1.4316239316239316,0.0,0.0,5.082167832167832,14.466360028860029,2.759259259259259,2.7334656084656084,0.0,5.65079365079365,2.6954117063492062,19.925073619191267,10.959554334554333,0.0,0.0,1.8636363636363638,0.0,27.424944938102833,4.701268638768639,0.8333333333333333,9.910256410256409,0.0,2.661111111111111,0.0,0.0,2.0011574074074074,1.0,0.0,0.0,17.1516058016058,0.0,0.0,117.39526165841956,0.0,1.4291666666666667,8.386032196969696,48.3526936026936,0.6666666666666666,0.0,7.263558201058201,0.0,0.0,6.944444444444444,15.89949494949495,8.44047619047619,8.243055555555555,0.0,8.815656565656566,3.333333333333333,0.0,0.0,2.248015873015873,0.5,64.4697656840514,1.4246632996632997,2.8030303030303028,1.5277777777777777,0.0,1.0416666666666667,19.63653846153846,1.25,0.0,5.689285714285714,6.296425796425797,0.0,0.0,0.0,4.295815295815296,0.0,18.88888888888889,3.9087301587301586,0.9722222222222222,3.9305555555555554,0.0,0.0,0.0,2.4884259259259256,0.0,0.0,2.4537037037037037,0.0,0.0,0.0,0.0
526.0175174555383,132.93700344794095,209.1792754506296,89.50660609474947,61.70954369704369,16.475614527085114,26.63061938061938,120.41747498257915,28.03808845475512,70.22580043413376,71.11413643319281,38.22651808068475,192.40744250788893,29.344434153809154,34.27157402782403,8.783572908572909,142.57928332690238,26.908429244366744,19.201930271374714,113.20879236504236,95.17199804164089,118.6924184033559,2.923009089675756,47.35981641814975,7.421564642918809,8.595238095238095,51.122625696063196,20.761941852628127,58.97097162097162,15.468558062308063,44.8204156954157,3.6523874273874273,38.84284987434497,40.07450605970826,1.1308922558922558,14.705627416564916,143.93557254033445,6.618244409911076,5.748076923076923,6.833430458430458,17.306200743700742,46.23429071609218,17.35785828754579,9.682447355884856,0.6806850556850557,11.493326118326118,6.967592592592592,1.4936787749287748,5.869058719058719,1.0416666666666665,29.0159069325736,22.51332926332926,0.0,0.0,1.0661248473748473,6.999920507733008,102.3762120595454,150.35319587819586,0.9188034188034188,29.520283761073234,3.2696581196581196,0.0,28.97126792960126,44.59530053280053,5.060314685314685,0.6597222222222222,3.418121404058904,0.0,3.399230399230399,0.0,0.0,0.0,4.104118104118104,0.0,3.5900578179989946,0.8666666666666667,0.5262345679012346,212.82088684544826,77.44454156954157,0.0,26.019600769600768,5.385431697931698,1.3804824012938508,45.755185987795315,2.5,17.849207274207274,0.0,10.850533725533726,0.0,2.985366485366485,1.3495535714285714,0.5,0.625,15.947923681257015,0.9642857142857142,0.0,4.537164918414918,8.65657536907537,10.0,5.05252849002849,2.524410774410774,27.183581850248515,0.0,0.0,5.888888888888888,0.0,0.5501893939393939,2.355769230769231,7.0793269230769225,25.090983721253327,4.10111531986532,7.401507154111321,11.329365079365079,0.0,2.839506172839506,0.6666666666666666,0.0,0.0,0.0,0.0,2.2025382025382028,3.7510822510822512,0.537037037037037,1.4351851851851851,0.0,2.1666666666666665,3.8213376322751325,8.064216683824526,6.436406186406186,1.3888888888888888,2.5,1.3080808080808082,0.0,10.545093795093795,2.101731601731602,1.3333333333333333,4.229700854700854,0.5858585858585859,3.1166666666666663,1.25,1.282051282051282,0.0,0.0,0.0,0.0,4.071976171976172,0.0,0.0,37.18060464551692,0.0,0.5888888888888889,2.361032196969697,7.453663620330286,0.0,0.0,1.2962962962962963,0.0,0.0,6.12037037037037,3.860606060606061,0.0,4.083333333333333,0.0,2.3989898989898992,0.0,0.0,0.0,0.5119047619047619,0.0,24.097852103804485,0.7407407407407407,1.9696969696969695,0.0,0.0,0.0,12.450118708452042,1.25,0.0,1.5785714285714285,0.7130924630924631,0.0,0.0,0.0,0.5934343434343434,0.0,6.277777777777778,1.2142857142857142,1.0,3.0972222222222223,0.0,0.0,0.0,0.5092592592592593,0.0,0.0,1.2777777777777777,0.0,0.0,0.0,0.0
2406.6320133490162,577.1814123843973,433.2924989641734,134.1151551713088,344.81968439571796,94.63841799821941,69.75686908300469,109.54248337719699,472.7376136244571,326.2004091113881,48.79789982434116,77.44964851460401,98.15594176114587,95.84384350794637,101.90413467661801,28.50534418103168,321.06895556038194,49.92688351102558,30.316638923548357,62.094243149773895,39.629400202983405,54.70214994166166,102.32585898101621,103.80963514167937,103.59971704014178,34.77180580040644,35.11312078637392,6.392371754516904,61.77148586746621,32.507428847979064,237.438662345168,11.719056329327938,5.08017056783684,18.33434518194198,31.53611167858392,37.238594482173106,6.108256874642524,25.193459223502963,9.462478464022968,5.698667660576319,12.361679355875703,34.08886286745559,21.918173384829966,3.8395343082843083,4.672489014435635,12.043881904894931,261.17550725696697,8.861952214022239,18.40971456262092,4.613600410307304,2.425464276341812,9.78989204565913,23.934617008070706,11.554442369826404,5.299958374044607,4.25003781584492,33.11919285247407,17.046396522253406,3.479839869244373,7.395377309465821,9.455938977849451,4.602676551088243,6.473779359928049,4.666157438620852,10.079703172829992,19.41848492372509,3.930468136203697,2.1636416076371505,4.205473078844642,6.824608315139899,1.1120225440268543,2.714833037554573,3.965929893082212,4.629220215294777,0.8066991492711463,1.6424144123514253,1.9769137608921998,1.8653477277198505,6.851201182120991,2.708799122164897,7.938526574344695,1.150244845766236,1.8307208367178383,0.0,0.8479974625416354,3.1606531551095225,2.4401268240852994,4.4085155966775424,0.5668272765973915,1.983845614213953,3.8585147008134624,3.4911376358656705,9.108789800885388,2.1269148132925046,3.5148815629770107,0.0,5.5327580235668465,1.2233499909883758,1.9051555244062075,0.0,2.771848303608739,11.908542563242786,1.1473857443044482,0.638875505788883,0.0,0.9557555240919211,5.808056790535091,5.527055479632869,0.0,7.931069874207129,0.0,0.8143840975530995,0.5733933681448895,10.5733638359011,0.6232156324068089,5.430410268067008,1.20351852724811,2.4336417581695216,5.840904313169535,224.32761823192607,1.189557701070859,1.8943762528321353,0.7602193193711051,1.457866785991786,2.5247518203318795,2.865256785022474,1.091021829408586,0.0,0.0,3.218841426430712,1.3178181886533467,2.398101647485884,3.2102469468955537,2.7021724249339782,0.0,1.5838758244331883,0.5310336522101731,1.5806967586961025,2.894345238095238,0.8883662357865105,53.36266504566553,0.0,0.9392306687565308,4.8869988831745825,0.0,0.7757352941176471,0.9972433909065896,2.9317329588508874,0.0,16.9274269823594,1.6228092265921215,0.0,0.0,17.23530910459476,112.63265644664376,0.0,0.0,0.0,0.0,0.0,0.8667332212414179,2.84195161752173,1.0137304518820156,0.0,5.093978344389528,0.8224754319540658,0.6995048524460289,0.0,0.0,0.0,0.567775974025974,0.0,0.0,0.0,3.626055443581326,0.9119299880692691,0.0,0.0,0.0,1.3437871715984038,2.946946637253687,49.10674436808738,0.0,8.563604852638944,0.0,0.8424582920519452,0.0,1.5111378878130899,0.5577499129223268,0.0,0.0,2.9674307450563187,0.0,55.19287238500822,0.0,0.0,1.285425222925223,3.4871990980842655,0.7872041723372637,64.28987917289969
9057.991761349498,1370.7749892969462,957.9057577983065,374.2856348761864,1617.598802163657,449.5088380121991,297.061037610373,248.95911497692893,1411.8056486929563,654.5202774488574,130.6402099454392,177.33914695399872,199.66928349362803,201.31299577565014,357.7831283754024,94.48379745065444,876.3263323974505,149.30103232180338,249.4554858691553,615.040577288054,172.60042369181596,255.5667109248014,99.70320186299062,158.49747404490031,78.25240375703602,32.17836650955849,89.89069985582333,68.82915307007264,79.63822518613972,113.45506682567617,154.3383588309249,36.46534928697134,6.503659622820404,61.44389560748302,77.83700977030237,32.38517704398912,23.390279865139085,66.24330281405766,44.119208192235256,18.29370303932528,19.31337091185671,220.9108188715299,41.39333916088918,20.86682482294727,22.464712827129365,191.00481274728529,276.99985282783615,6.643862483074305,13.277931854662382,36.045432775039316,4.871948853134058,28.162775452111703,59.95066299753096,20.941158003526052,20.229228947903295,5.929786765189515,113.59934649506013,45.736862311189356,12.652515339830048,8.709123066273243,2.492900579157176,13.91738274248918,6.892406695756306,11.08818285651281,20.278533429129528,16.464668687531855,52.24425661692794,76.0801455859557,17.98887129704565,30.446016985199552,4.722447383841568,6.4299515109429395,8.482324302580611,94.04274937607937,0.8833142084397294,20.724247181064563,7.248281015268318,7.28639802074676,14.598653348075636,70.24815761037753,17.935869744591496,21.64810529191817,2.245854089221436,6.516403519851796,0.9935790400076113,1.8552396465837704,0.9900703021048993,48.14343876880267,2.111985635692532,42.11998572078457,18.74852420190296,7.951484339415374,17.45716792021734,48.539404985437855,8.034452090128292,3.02934484417243,2.5320869152258605,1.2247544249479505,3.628816060786504,0.7242873339812116,4.489346168401411,2.132016876158067,0.5682305857798469,0.0,0.5574350760681744,32.75785701238758,1.5609190092836709,10.843080968019391,3.649854871497775,37.16777260478919,9.586421568305804,2.6596783585228967,1.6235019678369431,14.964376177452296,22.339782143219196,66.26045238612093,13.592718131438275,0.7829610758243764,11.228213103423188,1356.2545975209594,10.398752834467121,6.584457937020963,0.0,5.739868597011454,10.86531248220864,1.823098567876479,0.0,0.0,0.0,2.1060228392528475,1.0882214648311432,47.98629812078088,9.347865990621278,3.1362908496732027,0.0,1.1145201027119311,2.2117826617826615,2.251493001290679,1.1202020202020202,0.0,205.71776626267965,1.3614237548166117,8.835280248463022,5.826612634923074,0.0,0.641897801046529,13.776145587933062,1.0705716902145472,5.841616646658663,7.929565152260049,15.014863792669914,11.690621963070942,5.695546382611209,11.424691477202913,80.73736470884903,5.521053926413549,0.0,0.0,0.0,2.4440153182236224,22.866387120117093,2.852630337411092,0.0,0.0,0.7507936507936508,3.9291085878795964,4.277372853903466,0.0,0.0,0.0,0.0,0.0,0.0,0.9859432234432234,11.922376458477796,18.71059714261995,0.6698443975291266,0.0,0.0,1.97125654859645,52.83822350592924,162.28759070749024,0.0,4.426512419301535,18.617059033496705,2.653279260422117,0.0,5.777285540622707,0.8416825283628901,7.476810955386782,0.0,4.155429482941798,0.0,19.771805813234383,0.0,0.0,242.0304994276551,5.71157634915438,0.0,126.19751905907
317.14946342617696,43.05313620591262,59.06980043921131,43.64373909961818,50.98829381663886,45.09445787182394,45.42284728524658,22.540652436851882,66.29775399864685,25.898089965906745,4.1562430437227516,10.669195547618166,88.94301986394534,54.81874678604416,21.652734788359787,16.565672386475956,76.36355318396218,15.154490355670639,6.528813838278124,45.53266674002262,25.17400565337576,25.107203782829597,19.192587402126094,51.29134643337839,11.398833774250441,5.990833934583934,34.5674428657762,9.26834529007148,39.229483024691355,6.851223356224783,4.493365893365893,4.385171423367771,1.3090739834746683,15.135179757311791,10.231052543135876,26.740801582125986,2.3086805555555556,12.050681852869353,14.961679045161189,24.262672900842542,23.555783403104833,5.922798220615001,13.211648645115908,6.036677589385922,10.925449383256991,12.964549563641825,13.090388355461128,2.917013888888889,11.029711766068786,2.218264652014652,0.8549933862433863,5.951420547045547,21.765819051979765,4.407261904761905,5.822985002761788,0.85625,0.9840277777777777,0.0,1.9476686507936507,0.0,0.9850777116402116,7.720543345543345,7.459314841904127,0.0,0.0,4.5140489946361155,7.599276048026048,1.3747558922558922,0.9892857142857143,3.698318492453766,3.5166290969515854,3.1233477418745275,0.0,1.377662037037037,1.8940641534391534,7.671733712715855,1.6281911375661375,0.0,0.5669261294261294,2.6494212315824353,0.0,4.11964436026936,1.1373567019400352,0.0,0.7916666666666666,0.0,0.0,0.0,0.7351438492063492,2.3729675417175415,0.7807666870166869,0.0,0.6612929894179894,1.0102513227513228,2.3605171327790373,0.0,0.0,0.0,3.096962505087505,1.4473875661375661,0.0,0.0,0.8931933421516755,8.127058319766652,0.0,0.6024155242905243,6.838485650152316,0.525173611111111,0.0,0.0,1.8002638234781092,0.0,0.9787164224664224,0.7862813938706795,1.5259157509157508,0.6537698412698413,0.0,0.0,7.349116591080877,9.977441331816332,0.0,0.0,0.0,3.182638888888889,0.7248677248677249,0.0,0.0,0.0,0.0,0.5721500721500722,0.0,0.0,1.2756291305092675,0.0,0.0,0.0,0.0,0.0,3.458293178382464,0.5065972222222223,1.5360140873839503,0.6534391534391535,0.0,0.0,0.0,0.5168463511736505,0.0,1.2998015873015873,0.0,0.6247271825396825,0.0,0.0,0.0,0.0,1.9693681318681318,0.0,0.0,0.0,0.0,0.0,0.0,0.0,0.0,0.0,0.9052166005291005,0.0,0.5986507936507937,0.0,2.155191798941799,0.0,0.0,0.0,0.0,0.0,0.0,0.0,0.0,0.0,0.0,0.0,0.0,8.936323768823769,0.5536954365079365,0.0,0.9474206349206349,0.0,0.0,0.0,0.0,0.8640491452991453,0.0,0.0,0.0,0.0,0.0,0.0,2.1892230289551717,0.0,0.0,2.4542072510822512
1521.9247912471415,945.6188230344975,769.8045403638641,309.7931258494517,376.40407383876567,109.914394207811,133.46494076987963,130.14008355887805,118.69585600038744,497.59079164422883,191.2432380739539,110.4819328041343,399.59903271688654,221.7856192665028,76.50472284476525,61.71360849517086,525.3768369245385,95.39778177197937,51.40751054170924,169.12891699007216,497.18029330425304,146.55168376658503,58.809989390556446,239.97143082804067,118.07324406301925,160.21694942656654,74.83341447400964,27.86589460930355,254.81776180573732,136.38025803745313,46.612527607578436,24.589966192664757,151.38935143834166,77.22000140223408,50.06335172955552,27.60309824488591,15.071190570790673,6.48283112979032,54.6626358945663,12.029003175294076,67.55003471463307,18.19661288270985,24.290076070508384,70.08376502589533,5.678763039792452,2.666011276305394,74.54478357265066,13.912850138745918,29.02012570424825,32.19768111191222,8.144003238999437,1.6091031016059851,15.732350795932545,9.664096955114012,9.1264705160044,37.155278257532515,2.801008251008251,114.46173074334982,11.277375875887781,99.65431323997666,10.473470928378081,15.440875787285218,3.1993016061643513,13.96085644815061,29.391278404493352,0.0,1.8362007836982035,7.19679391338318,11.697501065373872,1.426202194778046,4.829013764040236,8.530805206675726,34.71273659315455,2.7413325599600107,0.922077922077922,5.1407898076100444,1.8803862177922328,0.8273809523809523,7.684123447358742,0.6233291562238931,38.96613116051617,1.1942110177404295,0.5768799102132436,34.03345728584377,15.587244291656056,7.046574360738448,5.329049074952437,3.2908438122723838,7.554119493778691,2.3801121458684484,14.367365650918282,17.069657526855668,5.195300416817445,4.502845314777719,8.833035872227411,21.17405011473639,7.114420663370243,12.010573932107786,6.080392093143641,6.5154252379153315,1.8525972579765149,25.39754653633002,2.270156821682529,4.870559464396999,5.768980862547039,78.83906242555618,5.702219349278173,4.157983991317325,8.150798778825564,2.564899200864113,9.596843423625955,10.403524924842005,3.749926980770634,0.560228201488364,2.464666977902272,4.7823737798548445,0.871933621933622,7.207084523354364,7.627425896975383,5.404767162496606,10.834063661409663,2.481526417052733,5.6572908771833506,0.9816919191919191,11.866778823467628,5.747406088827657,1.6705794205794204,7.959363602991054,18.260246170265706,3.7266644031349916,3.476839752381548,3.360200746965453,2.581213924963925,43.659029253905835,3.322740087417322,5.121823285605904,3.1328250353018157,0.0,5.476210061104282,6.8152150240639084,1.82437975190076,3.5136295258844275,3.1668803237430687,0.6654903067946546,3.475586724895659,1.1620851837238393,1.8077085970679412,2.3294471094780693,0.0,5.193772794972485,0.6246134817563389,2.533912143354868,0.0,4.673844271670358,0.0,0.952207313620357,4.910848410848411,1.9249258457591791,1.2402423964923965,64.96638083937525,1.5940792141772535,6.139591631646584,0.0,3.9935053777021143,1.8244683500930736,3.065409401939666,1.2402597402597402,2.288371887432345,0.8160477322242028,14.846750983821602,0.7676870346688274,2.8445427938074994,1.536240958712579,1.8849877310022236,1.318130024102047,1.366743198880932,3.3064813101319808,1.3051885853609992,95.7074767395986,0.9617224880382775,0.5587507730364873,3.0841836734693877,0.7449494949494949,0.6730328495034378,0.0,1.4719468010489682,1.7757236771942655,0.9147139625080801,0.9603174603174605,0.0,1.803406073644169,2.1428571428571423,1.6883156744040122,5.10283311889349,2.913049425014079,0.9659309009799206,0.0,0.0,1.0526315789473684,0.0
2923.641226256104,917.8695217263835,1098.1207370011746,194.16003355840266,637.2805745770155,133.98264058334192,93.6371560739452,179.36881157084375,632.9818624088837,974.4584158376857,120.82929071079157,92.7726647080707,379.94173950348784,133.93924012843974,136.19764891465488,62.29280859440646,716.4159016973936,109.6535976789794,56.660047308806156,173.26549050148543,109.46268356768631,182.49507746665003,165.00468082066286,187.74176570822078,194.34891990200916,96.44449521416728,124.57022478222736,34.41789442797375,315.87614634107763,241.3577546476583,114.01547082967421,34.66124334552811,16.632726754748617,42.67506994957501,30.523359316464575,44.21103573366723,5.07710608099173,33.617005816757114,50.21531536477654,56.69884320315075,96.79866958125878,74.70116126986888,49.58213894968839,10.042932758012123,7.366801183747803,17.136004596676695,487.5664953900727,91.79951999044872,48.60328004328957,27.345167984781625,7.084238367030154,12.824799141753202,56.174493093184886,8.750124766614507,6.645968621577964,35.35443108830542,47.55721246440241,7.770933559290445,8.100053598010733,63.12922835128546,13.630751289597852,16.824765419010443,19.754726365701828,6.036994934458347,46.09261346515205,24.088834610046995,8.620517122305316,14.089558229142007,15.643123391494955,11.447884609565573,1.8523308468351571,8.43148080777377,12.594898147050467,1.7926852225097838,1.9152916603496517,7.084407925525494,3.272373691173559,1.8653477277198505,5.8416412975611065,2.7855186988844736,15.64397146986312,1.4175007380221283,3.2501156779876794,4.273168558611184,4.5722918520145965,30.603072453183582,4.268653158861634,41.99191286867131,0.6653822709857192,1.1467891521574907,28.795471191175526,57.254311066012136,28.369080473405162,8.982149856027547,1.8914365831332216,4.052650291909004,6.547368413177236,0.8900166576550425,0.7333035668399644,2.3693056627866524,2.8537536667641024,1.4918758965761199,3.729697855751898,3.776553982283149,1.7563522462857197,6.10301725706794,47.54323398822887,2.350468178045568,3.9817906032863486,13.03452211368878,2.131724796595486,2.9356080416762027,2.795615590367112,8.194663084038583,1.8619104693159314,5.537222437379177,9.453226924377141,17.350537362565127,9.054445555877445,115.20314205702587,10.366091319568763,0.8781725491284316,0.669749798229315,15.731955016601756,2.951439330352723,4.054428261693951,16.240187478574235,6.062778439830423,0.8364040953255067,8.294502802092087,10.247495120332566,1.5182315176157541,10.659812042293982,0.7577279804895338,0.8097909035409034,5.696814420924416,1.8757306219071428,1.0706935598857141,0.0,0.0,23.312755464505948,0.9365823751599613,6.283364113380172,15.413507097182796,7.706923866398701,3.389912783295136,10.169922563585763,4.521720132171394,5.281349206349207,36.781369783385536,19.523862786127822,0.8139880952380951,0.7561982135511547,9.303175560941607,10.737585779078904,4.106876589019446,0.8940991958233336,3.100565012329718,1.6187510311829731,6.561941251596424,0.6285435009088405,5.860648198718311,2.508719259370823,2.606820648487315,2.016026203937388,7.4952898860185195,6.052588416442291,0.0,1.8484944070466383,0.0,0.6478556166056165,1.2789494389709908,1.2039954870837224,0.8762125220458553,13.312118185608119,8.64591567636168,1.2250469153178514,0.7226396496520335,1.1186632699056633,3.2107905386017705,2.666269829493546,30.396601938500506,5.903656298292313,2.4699336832733296,3.3363095238095237,4.360375559969213,0.0,4.012628989304192,2.8052867125424594,2.3369533202564057,0.0,33.52899085718034,0.0,16.883162405285727,0.0,0.0,3.7480069166577104,1.6316577148643108,1.5455815973813554,4.932528306173817
1695.2562940576795,287.6924074971885,623.9780059776901,145.2120450926171,427.7819579750649,56.83043166519096,48.015272261380815,77.15366218987047,618.5409791728953,141.98552429151093,37.19726728361088,62.781107894939346,390.66441276978543,183.16033874950068,35.11983697831531,14.73097781633351,995.0998126180517,126.0015493773627,36.15128082495094,126.6660473226693,56.335929679513846,182.98436669196892,138.79906854627103,109.73174214035548,102.80304171719453,73.08306727584852,28.061143734780483,6.713420971841914,232.53779641357795,9.173463521639253,156.00250440885605,1.8120071745843822,8.262429621796471,8.32065618770493,4.926946754440596,11.47309878443644,0.6005377763998454,25.95455519659329,4.749834924547568,15.975579267750708,16.594695457508937,17.233858526659624,43.05947298123753,1.2390555211983783,1.1219828622845864,2.384426279231109,127.89340929704812,68.31798292520415,17.11615487369062,5.944035706966977,0.0,6.681846705337502,5.417433695331204,0.8564810963885816,0.5204675603998264,2.939964031589647,4.717277431563145,18.361625922664153,2.642371995820272,3.4964304244021527,1.8147946787349647,9.945048403128187,7.056520126282957,11.781120944582483,6.915504120625824,4.529686489980608,9.464616076505443,2.318890687856205,8.908212620712622,1.6715994628303996,0.0,1.9815247319939637,19.89819345477236,0.6265031265031265,0.6985891010299394,1.0339025863451152,1.18133963737412,0.0,0.0,0.0,1.8585442548086226,3.147308488612836,0.8042615596963423,6.728230262713021,0.0,2.3421862301172647,1.0233315747683562,232.88647930289298,0.0,3.52533960292581,117.44678444203845,2.2791277209380656,6.306710840902017,0.0,0.0,0.7845166327924948,0.888888888888889,0.0,11.234690995466858,0.0,1.6768761783129598,0.0,0.0,0.0,0.0,3.0829059829059826,7.769340323760197,0.0,0.0,1.4384132328576773,8.78949833691213,0.0,0.0,0.0,0.0,0.5080671244464348,0.9759448016931912,2.318745058687587,9.452736633373888,35.6088612968457,2.224853189138903,0.0,0.0,0.0,0.0,0.6383046737213404,0.0,0.6560800310800311,0.0,6.423412698412698,0.0,5.189959013953267,4.120273245273245,0.0,1.0505090147947291,0.0,0.0,0.5116008411834183,0.0,0.0,15.12997468114621,0.0,0.0,1.1590748810576397,6.806028900856487,0.0,0.0,0.0,0.0,2.4681878306878304,4.348398955541812,0.0,0.0,11.87429093894611,9.99731267098914,0.8699633699633699,0.0,0.0,0.0,0.0,0.0,1.0484510408290897,0.0,0.0,0.0,2.610364145658263,0.0,0.0,0.6908372172739989,1.3978665013147773,0.0,1.1123882503192848,1.0416666666666665,0.0,12.177948611211857,1.6137638607663203,1.0054734537493157,1.8909050825717493,0.0,1.470333577661164,0.6617924973143827,3.224162257495591,0.0,1.8689674298765206,1.8344155844155843,0.0,0.0,4.1774216524216525,1.2428872213354971,5.223119431515234,0.0,5.7516149035237705,0.0,2.214114589114589,0.0,0.0,4.224759103330531,1.3877289377289377,3.201754445484853,2.5690545565545566
2151.332423008328,792.636705074399,749.8741835861896,200.21814843939782,686.2329536870598,177.50785871546796,103.22009826606602,279.95034139181143,220.85031770104533,946.0867476132095,189.499249449561,131.506310132784,743.1201753663084,524.3344542174957,100.96719431774652,65.03746279920605,836.4445740971337,102.99477442162285,219.74800970412952,376.9390751527875,1394.7204118513935,217.91268907498647,47.91335376269592,319.5547207383586,152.78854717829188,303.52008474429744,267.9187328205721,97.21879263107385,148.84960634920728,77.68315494160036,52.564214568955286,78.06816410659336,184.79025620906395,39.6249026076091,65.30036295338913,138.40609904205476,43.430206070444434,0.6511523933484006,183.0390071664422,5.494517523206843,49.837456029050585,32.211633977468516,35.99428332249432,396.2675604866778,6.343873274987827,13.486245656670704,19.66358471240844,41.28515455085672,77.46408682589299,28.434259657128205,18.416231697852236,7.382938300551664,30.273943009903608,4.469989018893608,0.5525009624374415,16.384475030282562,7.094806039447467,342.5695642203624,8.330342755819162,74.97511229904157,9.593552290285503,3.2846257056783372,8.430821895546794,70.07047823451579,28.631527537977018,1.7676656920077973,0.0,36.414507470123596,41.98161500623648,9.999962258157584,11.402493504812341,7.178219940111198,16.106534924272584,3.648179601956825,4.20435737791154,0.7093123042371162,6.620713165391358,1.5356637495646117,2.807161909475884,2.400649379747988,137.768907602302,2.03625089689683,0.0,6.846433633752145,9.996921982338648,46.362896294306715,15.074255808576524,2.629675902911549,1.053785030758715,3.2571456321456322,134.28472911122893,175.87827134870238,2.4034569461040047,5.4864079205730745,5.887175536619729,7.18041753340942,11.993324157204027,108.82966108874344,5.239028755436552,1.6807680665439286,11.43732188695891,198.85048896726198,3.33044962180166,1.0072025173842216,16.08315025311912,13.874850662022382,0.6117292843888428,0.721189701300868,66.00478201650274,9.27603238265003,4.892804231514602,43.32362547529587,19.725418785198908,3.7536438514002617,0.7359106787960743,45.428964545070315,6.937457064853109,9.908628466336044,15.642906829916633,1.8651244588744589,8.363985152778255,12.50944312084485,7.2199356202854315,1.835513901303375,19.078748332257994,3.4151835635491383,2.1326093740567424,15.118451309898678,54.02185544831821,28.61109943930671,10.465225168350168,4.207808371282397,3.5006228248875306,298.23571910993826,17.9414653877137,8.22615032762492,11.255858440638962,0.629727073692591,31.257584449147917,64.78859715345205,1.0915473415473416,0.0,2.1579543220797093,0.0,5.56589503159052,1.0373880505459452,4.917358623177589,3.8363517201752497,0.0,5.036315775194285,8.562103174603175,20.08568834129836,2.580988455988456,0.0,0.0,1.8376602564102564,6.093413428635675,1.0824460067503021,1.0362524445583656,319.1168938260964,0.0,19.425008726653463,0.0,8.115975677455953,11.127492517102906,5.602050304301082,0.9308473389355743,8.287851494265968,0.5601761843988544,26.68655251038378,1.4527840048862433,0.6997457447775052,5.148909502811499,5.166855618670501,0.9369703009408892,3.08648056923919,2.848993271843771,4.27241583910141,47.94471031724522,0.0,1.4248769204651557,0.0,4.1119917664035315,2.6395891690009337,0.0,13.562755107961015,9.47879255696769,0.0,1.3849874432531633,0.0,5.178570272320273,1.8007662835249043,0.7162698412698413,0.8023860398860398,2.50791910331384,4.897526291218242,0.0,0.0,1.4816017316017316,0.0
1081.7195301027548,861.0530557973145,607.9529128554179,288.5063620597744,221.6501859567818,98.6465962546489,108.74895910678434,97.7914628346713,106.67902735524122,419.7831223444856,183.59605442647265,122.22665646671511,397.00481022343433,188.99319092375936,68.13546393166881,37.73024982341933,411.68462500933987,75.15293984142316,49.60919798681774,146.56828648042205,417.4291932527328,128.153200113626,71.67769945826652,201.1054619618617,88.95797356340185,117.78432180890498,77.38949647039277,35.40379143470037,266.7998044205586,130.74338588183096,53.217565118568324,27.72925504340319,175.20904624970314,39.920680455259074,29.458305320937686,55.39881192969734,14.887467373909582,6.499425646384837,39.39021840905358,17.216223593764493,71.74170274936833,10.66118387857231,21.764793482725796,116.88212464169192,2.365973024796554,9.608540968835086,33.005189416888335,15.230584785051994,30.712757406529075,34.8655414922726,9.169003238999437,2.1385736310765147,14.732325600669254,9.794144685161742,8.942968832502716,20.42704753763513,0.5462962962962963,92.51058744220653,12.95035157743491,106.17118433184775,9.067976422883575,13.991598213007643,1.6509209744503863,18.198096181042516,29.226561507633598,1.5513768638768637,1.93322848366708,8.204730421319688,15.756866651055248,5.982071033541622,6.069774310683136,3.274802014152927,42.05689120397583,1.8437856624131135,0.8941798941798942,4.162031637675404,7.5185400960776905,0.753968253968254,7.847086410321705,1.008249791144528,63.55430456118957,2.95016339869281,0.7157687991021324,31.977240354626836,14.142799847211611,9.387711926876014,3.150619369737017,6.169528619528619,7.375548065207262,2.061019862490451,16.316481277007593,16.810846893045035,4.1825184619302265,5.3292342036666085,6.344297758489297,10.040596531282805,16.5950329082682,12.39417181570567,4.219636953221834,10.399900240037393,1.971644877024134,37.30597606975955,1.7185695200952278,3.598159465806525,3.6805489241151004,70.51773844530364,7.917506853168618,5.619904786571453,7.498946926973712,0.0,8.688510090292622,12.679438825755904,4.733552711764786,0.5582440745042371,3.083714596949891,2.402065595975232,0.7290764790764791,5.012640078909921,5.30627522225328,0.0,5.229566306912308,3.606394141920458,2.851013820906294,0.9816919191919191,4.677889934578739,10.48732291975756,0.9840714840714841,10.63332914362326,16.58199540868161,5.16242829202388,3.4179773185191142,13.74829598506069,2.73597582972583,71.29020495651011,3.3012204694691327,4.061629511126415,4.549491701968482,0.7696969696969698,11.376272961167182,3.4001865340354183,0.0,3.9765924888473907,3.535927942790688,1.879776021080369,1.9168660143892342,1.4639737713267125,1.093422882782227,4.145793531087649,0.0,4.622400475341652,0.0,2.2996528840956088,0.0,0.0,0.0,0.0,4.262700262700263,1.2757856341189675,1.352796509046509,21.767589639393577,0.9694399645380037,8.635005414875494,0.0,3.2559003900971266,1.7999565210699664,2.7557653422956063,0.0,2.644853368913826,1.186418102594573,16.719766856837474,0.8923377367004818,3.1630613123260183,2.0728571203287407,1.8849877310022236,0.6542360477080706,1.0247518568895901,4.983850237500908,0.5431034482758621,97.91015831728018,2.8664843928001824,0.6888528138528138,0.0,1.2577700077700078,0.0,0.0,1.6678462719484393,1.2209617724323607,0.0,0.8412698412698414,0.0,1.6001180917847586,0.0,1.6815492926376303,11.247002588914352,1.9592254711901256,0.9962339312829509,0.0,0.0,0.7577972709551657,0.0
874.9935101901277,711.4945579340953,455.9376920196089,212.1356434265558,183.61696223605807,84.8425558506085,98.03314714097237,86.43634263412625,73.18194191753078,311.88650802947114,163.38344319511143,101.44041909297775,324.71601244713656,157.67410260467102,57.99428746108057,34.041611868237254,316.10597416457057,51.83411025830786,46.14185699447675,91.49078791689408,306.61730714501334,98.04576265708695,48.83716221772928,153.96913532553506,75.21109405402234,95.58276421617092,61.562928605280014,24.571846990255928,199.0136012604003,85.83788744508254,32.95058738730488,18.20565065215174,119.2217095123664,44.076272085850704,29.069520859784802,25.472915068274162,14.128208114650324,4.666092313051503,26.671811815646986,6.336939683230584,62.49764495531054,9.58181879920723,21.4309971864295,65.20242830317204,1.532639691463221,4.685140295434413,44.14671888220982,15.886291512187293,22.295188863960533,27.516845743576848,8.144003238999437,1.4242879167908002,13.547140415484069,6.5700104860275435,8.609635499169382,28.479426591329972,0.5462962962962963,80.10066435875403,9.42000044708378,88.38081636647979,6.4337883886955405,10.412894509303941,1.6509209744503863,10.789762847709184,23.158391714463807,0.0,0.6554507058893024,5.863460580049847,8.481614125802722,1.0858292034762622,3.9161795394413055,2.73313534748626,27.016667538752163,1.8437856624131135,10.591330891330891,4.113012029832267,1.6058416833792775,0.6845238095238095,7.387827151062445,0.0,34.329887774272784,0.9084967320261438,0.0,30.764938767325248,14.97525598756249,12.825532439696525,2.6089527030703503,4.780639730639731,8.486659176318373,2.505464306934895,14.545076755603072,10.535053242251385,13.697669977081741,4.502845314777719,3.5270594412509797,9.657263197949472,17.41487417810947,10.949727371261226,4.094636953221834,7.027925237915332,1.7335496389288958,22.378607142390628,7.994363170888878,1.759414877061936,3.14014488371106,71.80106622863141,3.9688046158634394,3.055691222357889,5.644846397873183,0.8387087246736369,7.0968434236259546,9.113962635279714,3.2335527117647858,2.082053598313761,2.4170479302832244,3.056827500737137,0.7290764790764791,6.875735317005158,3.916061864182779,0.0,3.9795663069123086,2.481526417052733,2.304717524609998,0.9816919191919191,5.944556601245406,3.141439010638357,3.2896270396270397,6.814810625104743,6.945752022438223,3.282219958690547,3.519585505653617,1.9316293183940243,2.4026424963924966,37.99655416285932,2.6663719846206475,7.156867606364511,2.7439361464129264,0.0,3.7817656166598375,3.1387830252634887,0.0,3.421036933291835,3.1192612761240213,0.5464426877470356,1.7293660143892342,0.8607991681521093,2.929786519145863,1.1828305681246858,0.0,4.804218657159834,0.0,2.2996528840956088,0.0,0.0,0.0,0.0,4.262700262700263,1.0826639409972743,1.049766206016206,12.005684877488816,0.9694399645380037,5.375470831811498,0.0,2.1826079418046787,0.9666231877366331,1.9852025717328359,0.0,1.2096681837286412,0.7697514359279065,12.680084317154934,0.5324892518519969,2.4725851218498276,1.4251298476014678,5.043717889732382,0.6542360477080706,1.0247518568895901,2.007659761310432,0.5431034482758621,76.51724104936291,0.9617224880382775,0.0,0.0,0.7449494949494949,0.0,0.0,1.357661086763254,1.2209617724323607,0.0,0.8412698412698414,0.0,1.2667847584514251,0.0,1.614241600329938,1.160422502334267,1.9592254711901256,0.9659309009799206,0.0,0.6666666666666666,0.5263157894736842,0.0
1645.0261130412966,837.4401384952928,694.8799384491116,313.96092815749387,472.7862532642214,106.25178790939798,148.15921367532926,177.9651142615157,231.32375076754744,723.1306467063248,146.86430722613176,115.9753006351098,377.95492306720126,201.86105062542873,152.26993438422252,98.6556302442013,516.8503234743863,135.5897924093221,104.45829194817752,206.98499181858912,517.7059999969144,227.3822732776512,106.13191395782724,287.62097584551736,225.44190093326463,222.8637705060851,188.77600683285084,46.701719884441566,234.56948339989268,198.94536612057752,55.01681262434781,76.05725582406978,156.51629618507127,92.58452381819394,68.05781158608679,79.59781549614968,12.334369239148652,12.133742311180391,65.80410817257585,21.805078312375777,101.61157849459451,17.067033403043464,38.206292600400644,97.08712681313071,18.264632973605455,8.48108055765757,145.78652493772114,27.284884137221322,61.81901022380899,28.17146544153426,7.508356137562862,2.8143352867488844,25.00646843756481,25.491795899748684,8.71875137308021,42.515939381236734,7.561359151326257,103.04403173438831,20.753795937047034,143.67075079159522,20.320987211471326,12.550406686823095,4.487428679708091,27.30442697209338,61.67446354453489,1.2584540129182986,10.485724119772904,20.662840730646735,7.744080306294265,21.22013054239238,11.223610293018424,33.03402821839572,67.6839435761562,4.31331280518587,5.672171314647782,17.296032010131764,7.818217825576156,7.475274725274725,11.653690570050864,1.755287009334213,66.99426379164233,5.7424769878814,3.958308749231368,27.45075357040334,18.31217321466612,13.761924398707533,8.320017022522826,7.85961922347987,6.195238485905411,4.8805954207335915,10.80490395502389,43.70170164174625,9.231291910703675,6.191978010379713,9.644850767336479,26.900224168989833,12.827437032430568,27.772144236840443,4.426002116112361,11.093702124699739,3.162301673930931,31.17390068373265,5.582300103171283,5.110158050682616,10.165198783604536,49.39186213444469,38.56986682662811,4.043129979264433,11.412292577790192,1.7822802197802197,5.85968116909357,15.303903382687198,4.560789782172973,2.039526616563968,0.7572265017117958,14.164652486310278,0.8586873196248196,16.023090017951375,8.37593539746901,6.798037001361809,10.913587061985695,4.800814536340852,11.511823459410905,0.6372793872793873,47.175743558747946,12.103301042888685,6.334899599408528,4.573956624219229,35.190438174912956,18.027420255794638,8.833699038928334,5.038770854106988,9.395040530457198,36.11853501458995,4.8640047544807326,11.484920086431298,5.001246351102839,4.046878121878122,4.651209117250139,14.96672289949694,2.991999830235124,4.837209085231914,3.024260807502229,8.949880897871969,10.505831447104665,2.5485591123078684,14.232141257542766,5.200662273456391,0.0,7.556216598302512,0.0,2.181826768737498,2.1138392857142856,3.040509259259259,0.5934343434343434,1.3424077964519139,7.68740421576556,2.2447494634994634,0.6139346764346765,80.52727415261427,1.3447911066282676,19.43987503996406,0.6420818764568764,8.452606356203296,3.8217592058190797,5.201956741524243,0.0,5.000079459154536,5.870864674666435,13.610672583043769,1.346871474567553,2.88142057206035,1.0251694684744221,2.1424270174270177,1.5188874306521365,1.2752489884842826,5.960946869989698,1.8878337180061318,28.004586806641576,3.45896136027715,1.059839466089466,1.6749715197083619,3.00555173992674,0.9640378362321087,0.8028163947765341,8.489503585789336,3.9899885950679295,2.7642054447610005,0.0,0.0,1.4690877216918883,0.0,3.1165408252461826,6.9890831579179995,4.209377435627804,2.1461139056114544,0.0,1.4392923596870963,0.8463573463573463,0.0
252.8364569859302,21.272278016897815,16.64660016053205,9.235527544351072,67.6797385620915,10.995536425952496,6.296296296296296,6.074074074074074,4.9518009223891575,11.11111111111111,10.016806722689076,13.759029927760578,15.426163447835274,13.997821350762527,2.008403361344538,10.338624338624339,108.28221288515405,0.0,10.0,0.0,60.355508237622054,27.471804511278194,17.94187675070028,8.121345029239766,2.2222222222222223,1.119514472455649,0.0,4.277777777777778,0.0,0.0,0.0,4.046296296296296,0.0,6.548137773627969,37.23088023088023,0.0,0.0,0.6834733893557423,0.0,0.0,0.0,0.0,0.0,0.0,0.0,4.333333333333333,2.5555555555555554,10.0,8.296296296296296,0.0,0.0,0.0,0.0,0.0,0.0,0.0,58.010582010582006,0.0,0.0,0.0,0.0,0.0,0.0,0.0,0.0,0.0,0.0,0.0,0.0,0.0,0.0,1.1111111111111112,0.0,0.0,0.0,0.0,0.0,0.0,0.0,0.0,0.0,10.616946778711483,0.0,0.0,0.0,0.0,0.0,3.333333333333333,0.0,0.0,0.0,0.0,0.0,0.0,0.0,0.0,15.666666666666666,0.0,0.0,0.0,0.0,0.0,0.0,0.0,0.0,0.6349206349206349,0.0,0.0,0.0,0.0,0.0,0.0,0.0,0.0,0.0,0.0,0.0,0.0,0.0,0.6277056277056277,0.0,0.0,0.0,0.0,0.0,3.1547619047619047,0.0,0.0,0.0,0.0,0.0,0.0,17.152717652717655,0.0,0.0,0.0,0.0,0.0,0.0,0.0,0.0,0.0,0.0,0.0,0.0,0.0,1.6666666666666667,0.0,0.0,0.0,0.0,0.0,19.058823529411764,0.0,1.7491441020852787,3.333333333333333,0.0,0.0,0.0,0.0,0.0,0.0,0.0,0.0,0.0,0.0,0.0,0.0,0.0,0.0,0.0,0.0,0.0,0.0,0.0,0.0,0.0,0.0,0.0,0.0,6.25,0.0,0.0,0.0,0.0,0.0,0.0,0.0,0.0,8.666666666666666,0.0,0.0,0.0,0.0,0.0,0.0,0.0,0.0,0.0,0.0
2476.0368035311403,761.4313340935151,1070.430368433914,323.9929227175027,604.2352489247475,263.6273330608287,196.15278892360195,737.6361369629457,47.79407920135333,431.8679061168514,299.2143265201872,212.7533832695591,819.9711058670774,150.10344918935516,225.65533099061554,163.02712136604174,998.3359158961691,81.89144591159722,112.83989648461075,237.49045935733446,351.1002153060657,382.12925482597706,55.65526574949108,430.55386121604977,196.307236563206,91.21810882369022,148.31529380993933,90.79375458596328,247.35378313636778,240.55326494701356,26.313762744596627,33.92875463935315,328.0864535940832,43.27192001770213,23.537534313094927,39.053868407076614,146.33716274549175,7.923487228903258,99.72039082653704,8.979588628884981,106.05199432772527,87.65299518468582,24.515861435172944,145.25734439834338,21.344833596688513,26.03531142019142,13.520726633118597,33.6157715595885,7.758755172313885,19.223806893456135,48.819179276047805,14.21837573963388,6.861882309153981,10.703554323365077,1.8557680103545908,4.850740287373691,20.011065671749122,539.2015038423142,16.008698822645055,94.52935396325756,14.428705689586975,6.330134987991025,12.52083779697877,28.57783392909634,32.98198388692242,2.8592665016564838,4.843140637846356,4.3329951725887685,87.73031017746334,9.58594403729986,13.065352070056084,2.867058254308708,21.805682636235737,12.096347420891032,2.3734760783632964,1.2277055651115802,4.7362726431274815,14.267862665467643,8.704795766022013,2.1776506098232065,15.934730939576093,0.6185108087021962,2.8148439232542644,22.757151595720508,4.517564214196092,29.431442746224835,61.57000241197423,2.6361769322295636,13.463713715151131,9.397430526462784,17.097533326809643,70.7990450636361,1.8627450980392157,2.6386501098377453,1.3775707051569122,2.225726507077927,2.90341334869114,67.54683365403085,3.9210120646546396,6.520257789096248,21.542964488291165,269.1295908498746,3.754673535750989,1.8201124748144872,26.798544581663247,5.49406056530803,0.6201806738331239,0.9148188975775183,22.00335247326346,3.19756584717885,5.921035636476812,21.477619316284812,26.7449486729924,3.972582972582973,0.5593652135183576,6.728698752228164,1.1938525174960266,19.955711804969837,0.6900890775890777,0.0,6.499998902382269,15.103193705802168,12.265055642144675,1.3265506423401159,1.642419125973953,5.165549489858255,4.64054702949965,5.030719441728324,78.30214324201376,1.923255543945199,13.602071931909393,0.653057136833228,9.083333333333334,352.1345230083488,23.818320074683907,7.607300144208305,27.04500998034391,0.8567665571975916,14.704933534674247,7.544878219807969,1.494047619047619,3.3507708665603406,4.1400692387534495,0.0,5.602893669429494,0.7901020548079372,0.0,0.0,5.773434812521499,0.8300645714438818,6.229316979316979,20.606141664525154,0.7336451750756123,0.0,0.0,0.0,2.8192313169286853,0.6018084995900717,1.7497108947344449,59.870396122210636,0.6073025701508674,14.664864445553299,4.309962278922458,1.4340302644917249,9.244111134107264,0.0,0.0,6.173927743509787,13.278599758662745,15.427737670969094,2.4761445947324563,3.869810160821824,3.0920038298000825,6.237290968010515,0.0,0.0,3.3345392355564476,1.1888931609326345,70.05205945016017,0.0,0.0,0.0,0.0,0.0,1.6666666666666665,0.5036274207959046,8.571912712955493,0.0,0.0,0.0,1.6908855050858727,0.0,1.5659235551631534,0.0,1.7408516406194425,3.2443676035007303,0.0,0.0,0.9808612440191388,0.0
70.383656337431,18.71445444959876,15.664282616369903,18.960112489399414,13.680162313168571,8.362678779009425,5.161232661232662,32.20365871681661,3.663563944910694,7.081087423829359,0.7241786717593168,9.453479560387455,3.064486713917454,0.7593307593307592,5.571795479690216,9.497255319835965,6.769776038257221,6.826140656785818,0.9999999999999999,3.79236514740547,1.0803303303303302,3.01314801643749,0.8422350922350922,3.3386958386958385,5.1441441441441444,0.9252585919252585,4.295003336670003,0.5011520737327189,5.613756613756614,1.6026443109776443,1.4574655300461752,0.0,1.9743170589944785,0.0,2.239247311827957,3.8475975975975976,3.3876780005812264,0.0,1.96509009009009,3.378378378378378,0.0,2.3068425568425566,0.0,0.0,0.0,0.0,0.0,0.0,0.0,0.0,0.6414748081414747,0.5416666666666666,0.0,0.6644880174291938,1.25,0.0,0.0,4.529200859846021,0.8043758043758042,0.0,0.0,0.0,0.0,0.0,0.0,0.0,0.0,0.7567567567567567,0.0,0.0,0.0,0.0,0.0,0.0,0.0,0.0,0.8666731247376409,2.7094867977220916,0.0,0.6666666666666666,1.4301801801801801,3.170045045045045,0.0,0.0,0.0,0.0,1.96509009009009,0.0,0.0,0.0,0.0,0.0,0.0,0.0,0.0,0.0,1.6666666666666665,0.0,0.0,0.0,0.0,0.0,0.0,0.8243243243243242,0.0,0.0,0.0,0.0,0.0,0.0,0.0,0.0,0.0,0.0,0.0,0.0,0.0,0.0,0.0,0.0,0.0,0.0,0.0,0.0,0.0,0.0,0.0,0.0,0.0,0.0,0.0,2.1198156682027647,0.0,0.0,0.0,0.0,0.0,0.0,0.0,0.0,0.0,0.0,0.0,0.0,0.0,0.0,0.0,0.0,0.8388157894736842,0.0,0.0,0.0,0.0,0.0,0.0,0.0,0.0,0.0,0.0,0.0,0.0,0.0,0.0,0.0,0.0,0.0,0.0,0.0,0.0,0.0,0.0,0.0,0.0,0.0,0.0,0.0,0.0,0.0,0.0,0.0,0.0,0.0,0.0,0.0,0.0,0.0,0.0,0.0,0.0,0.0,0.0,0.0,0.0,0.0,0.0,0.0,0.0,0.0,0.0,0.0
1352.515538985542,455.0560798079341,313.509026147032,178.0207283052509,332.0546907242673,87.738020193288,93.009907506999,98.84727667158639,323.52211516237827,378.6946193058822,55.40818873218191,71.74636639820915,139.81757347966408,86.8025475959489,112.23215179937087,39.332897088364,366.67304408185856,47.209191732192494,38.194965068650816,81.3990144375574,82.50696835619378,109.17156377323595,94.98216183876565,89.63786365080236,86.32024597254832,47.02192605052669,39.72404962627777,14.953255315400465,194.74762263775932,68.97789654861594,68.15578855235898,11.938844216878982,11.178531221344551,40.0541301510967,32.378497619040765,52.83777818068545,14.029090207975857,7.512316342631821,34.035493106568055,10.831005583374768,24.337361081557425,24.826636259640747,34.47367867746761,6.253853091353091,2.8989229971196173,4.740337125159676,182.03736313297176,19.29472438012774,29.991908526064883,15.140764912471806,2.526033634519866,9.528175213108964,21.212132619987578,4.9896615292605135,7.3531404180354745,6.407950981111027,18.386087196182928,8.45586985574635,5.416347805752309,11.176830231543743,8.839194611105084,6.369534692946385,6.558740816600031,5.32730863310538,13.095297895567573,10.626978989572095,5.698401591637152,3.706495921079699,8.420280757938036,3.9614967191335655,3.0869538627081727,4.881499704221239,7.047071238509272,6.016230196054757,2.8959848635568606,4.634081079018092,1.3104524444308834,1.8653477277198505,7.424132880052689,2.3556245189902936,16.575438273756394,7.0835060290274185,1.795998614495616,8.168622194611038,2.5424419069860797,8.130952300408667,2.6841293493378244,15.289249436107033,1.0666719535254017,11.533026525894865,20.610367015165778,13.388177007169746,9.603077676752212,9.969433405811097,2.077314466895422,4.572040623799337,69.73778692712516,1.009725652364037,0.6312627505134338,0.7198347633157532,3.716292748053184,2.112624195895848,0.8247040400437966,2.2338860021151685,0.5277288524837545,5.83432695266335,12.903294885773185,2.36259494017233,2.9952479248319057,5.94920465337132,0.8599572123279019,1.275964184133186,3.073393368144889,6.51410457664184,3.148347907539084,4.3718022094589495,5.0295183716303065,0.9336417581695218,4.147892849324738,39.263467103996454,8.245113256626414,0.8040984750543575,0.7892597234115091,4.156279484404484,11.800019762266487,1.8975078672735566,2.138941502328259,1.2775497796017632,0.5097862687076802,3.467263143602429,4.410780668257983,8.083076394960631,2.12691361356222,2.007727980489534,0.0,2.4401258244331885,0.7572241284006492,2.52151801473475,0.0,1.346699569119844,19.433650772901256,0.6396015781791643,1.307156248079169,18.661002348844715,2.1601205154286838,1.1239495798319328,6.000568306731505,4.8841139112318395,0.0,9.197274865957285,1.6513085050913998,2.5223214285714284,0.0,11.460417329702983,8.796006797058745,1.9479918229918232,0.5409245926487305,1.2396908646908646,0.0,0.8555920452472177,1.1445109990191957,3.29959813766825,0.6803971185486823,0.0,0.0,5.1231808993262,0.0,0.0,1.9368766402818125,0.0,0.0,0.0,0.0,0.0,3.7828863577651815,1.9813744325137135,2.02096528266479,0.7214491734615573,1.416282317524711,6.0129790907903224,2.9285642843125106,11.493629088305434,0.0,1.0905408795749705,0.7976190476190476,0.6519821015757548,0.0,1.5111378878130899,1.9219644021368159,0.6666664920748405,0.0,17.37664791677349,0.0,10.6267205446772,2.012755102040816,0.0,0.8413776038776039,1.9182957791809465,0.9154093005423919,4.502423688569199
1659.4966849004222,121.81017955696264,482.62706004131604,79.15492198469173,373.38108150152135,155.56436685245058,143.9167509995635,243.1707370561537,503.8863882157821,211.0101135789329,55.43311067665906,118.61972936226614,171.40141377315436,125.75199597855847,40.433550824175825,86.14784332180166,657.9773300029949,174.92884546009546,68.75418794168795,64.65503292458251,144.97913016767183,105.40765426702926,143.29552291346647,160.78554697119884,65.36436450975924,26.45958251056935,233.6297270630604,24.138773148148147,69.2201612045362,19.89966399341399,284.6579654934255,10.201125841750843,11.759999838124838,19.627243779965553,11.983055428367928,24.716479700854702,114.69833378427128,37.41657505076623,38.44095468574635,7.86627435064935,33.34008699633699,15.015247676706009,29.43373992905243,17.40459656084656,4.943869498556999,36.04489341676842,72.38709360611773,3.3776264245014245,7.959020146520146,13.36954365079365,53.76338784672118,71.99870355339105,24.138537003120334,18.09837962962963,3.5024058695933693,6.759837074017182,8.695747154080488,114.56404455883623,6.2688492063492065,6.033895502645502,11.762103174603174,3.401143790849673,18.084185832337713,90.20087782587782,4.880907287157287,12.565633678685149,5.5561038011695905,27.20997838966589,7.79592803030303,5.617739898989899,5.729363614780281,1.6666666666666667,2.968118686868687,50.90447255291005,3.59375,5.1474567099567095,7.048314339981006,19.31435636123136,4.721196702043476,2.8350694444444446,6.246527777777778,63.244315151321196,0.0,3.124188311688312,1.5694444444444444,0.9791666666666666,2.336647727272727,86.13407446311858,7.565288299663299,32.25013528138528,25.52281746031746,7.542613636363636,2.47754329004329,3.0057870370370368,0.5032467532467533,3.4026352698227695,4.995738636363637,1.8923611111111112,0.0,2.2313988095238093,2.512019230769231,0.0,0.0,5.014756944444445,0.0,6.223958333333333,5.769717261904761,4.131076388888889,0.0,1.7758136924803591,0.0,0.7274645969498911,0.9174107142857142,2.3031430375180375,8.763212481962482,5.604743867243867,0.6990341634738186,0.0,11.432291666666666,20.557266807266807,7.168695887445887,26.335648148148145,0.0,0.0,3.619295634920635,0.625,0.8032407407407407,4.71875,0.0,1.8836805555555554,0.0,1.0416666666666665,4.442040598290598,0.0,0.693287037037037,0.0,0.0,12.5589067518503,0.5833333333333333,0.0,45.2423618048618,1.0069444444444444,0.0,2.477564102564102,2.595486111111111,5.540137235449735,6.236798791486291,0.0,1.7897727272727273,0.0,7.035416666666666,0.0,0.0,158.23432865359948,21.478110431235432,5.434027777777778,7.15625,0.0,0.0,0.0,0.9821428571428571,0.7291666666666666,6.005050505050505,0.0,0.0,0.5637851731601732,1.8721064814814814,0.0,2.9947916666666665,2.625,0.8883101851851851,0.9375,0.9467592592592593,0.0,0.8697916666666666,1.078525641025641,1.7291666666666665,0.9335430194805194,0.0,21.41287878787879,1.1458333333333333,7.357751349527665,20.381944444444443,1.5982142857142856,0.8854166666666666,0.0,0.0,0.5714285714285714,1.9196428571428572,1.7833333333333332,0.5300925925925926,6.563988095238095,0.0,7.322916666666666,0.0,0.625,14.261865911865911,1.2286324786324787,0.0,1.8854166666666665
895.575107196697,193.7717267859369,253.38252701296125,57.93509956239776,230.32552509683674,44.13472533850637,34.46761089496945,65.8779386849803,218.70526821144082,165.77751620320694,18.05993626424661,49.2112871927657,101.86750602112558,196.15467074803436,12.312369300298979,21.990644075999768,266.40820431740747,40.03423499240126,9.388238915169897,55.36160194797708,83.87459550338644,176.99300890971358,28.53104082236097,66.29075192475479,43.6962536639779,77.30944585900546,40.04260018682517,4.405222860947724,67.68377999154683,10.739500834000093,97.85273121384387,9.578541566118774,12.200921685288534,12.974903955187992,3.3097179184617604,13.290264026601681,4.028233854831218,13.252212229576411,10.37460598681863,7.35329106634183,16.542804755618235,12.736502876633697,9.590036168050721,1.0723888545317117,2.791129687681412,9.822842234191182,21.37032549725973,22.35590565062687,11.717443862479607,5.7259249778268355,5.500025729910787,12.457061412550134,7.208444971636599,0.0,0.0,3.495519587145203,2.4401101543958688,61.25408624012447,0.0,0.5427267206984491,0.0,3.2570690803449422,2.7547674807803118,28.536596950058488,16.382675837797542,3.8065517815517813,1.3158666777560457,2.4555133244788414,6.635064472564473,0.6463469375778744,0.6449850038212107,1.2113227117919434,1.6899232527521606,3.9598364598364597,0.0,4.033902586345115,1.3925219735564562,6.719353864734299,2.697573020848883,0.0,2.2474331436975117,1.8547619047619044,0.0,0.7844952939780526,0.0,1.9299387553697898,1.064998241435023,23.314491601696684,2.5234142188165176,0.0,7.2916126802490435,1.4457943876047326,0.9983638910109499,0.0,0.0,0.7845166327924948,0.0,8.600027367268746,3.51241789819376,1.8976592513177877,0.8435428449796265,7.203000926334572,1.0464331326400291,0.0,1.8991874527588815,0.0,2.2111534126321093,0.0,5.859524224179396,0.6976724921169366,1.9797710271848201,4.713208616780045,0.0,0.0,0.0,0.60330521968453,1.4521352778836674,0.676990208599404,0.6767125031830914,30.64881913667567,0.0,0.0,1.259003601440576,0.0,0.0,0.0,0.0,0.0,11.340111995284408,0.0,0.0,1.284271183265436,6.300828800828801,7.652883638211382,4.024867989153703,0.0,2.564102564102564,0.5856749152574924,0.0,3.3486590038314175,3.1622317759033054,0.0,0.0,1.1098137973137974,2.1974430422706286,0.0,0.0,0.0,1.0047619047619047,0.0,4.537792894935752,0.0,0.0,1.4000845897397622,13.254284852574326,0.8699633699633699,0.0,0.0,0.0,0.0,0.0,0.0,0.0,0.6706349206349206,0.0,0.0,0.0,0.0,0.0,1.4970728505211264,0.6666666666666666,0.0,0.0,0.0,2.6834500542133006,1.416541638544098,1.0054734537493157,1.38164582331249,0.0,5.691714049041636,0.0,0.0,0.8782804712931754,0.9646010847207019,0.5844155844155844,0.0,0.0,0.7258038258038259,1.0901094435577194,5.783257457740216,0.0,9.053863580772449,0.0,0.601010101010101,0.0,1.1206349206349207,0.9422180060835523,3.054395604395604,0.840643334373742,1.5143986861092125
1096.4471744242398,896.5129962290687,547.813899145816,253.62284858251093,226.22034904532723,76.34517129072394,100.31529400645258,119.61146298702438,162.21660401469288,402.78177078599117,160.15012288887445,98.8570857596444,395.71650154137564,180.63056204029712,66.52989139962568,42.57137377299916,397.97940823537306,67.41022164691925,53.025885003504754,99.3353461364523,336.9890773501169,148.44816544435815,55.34244582301288,193.8948318512316,71.64998294291122,138.96315634088123,69.1432515116478,26.691291434700375,241.45230355541065,121.9108041117492,42.75714194385944,20.154063350564435,140.28803439119127,37.20960541918404,30.030996518628882,30.062077367962775,14.128208114650324,4.943870090829281,30.623443517278687,6.920273016563917,64.0528860105516,10.137374354762786,23.36135432928664,65.12644791101519,3.032639691463221,3.2360662213603386,36.60538891587985,15.076767702663483,27.576934895706565,32.83564826458525,10.03664763164383,1.4242879167908002,16.04714041548407,12.341439057456114,9.313339202873086,21.15389938948698,0.6574074074074074,109.48369336678303,9.388864915948249,90.48807646748989,11.476717681624834,10.412894509303941,1.6509209744503863,11.07415438210072,26.756071812143905,0.0,0.0,4.754333595922863,9.672090316278913,1.3987377002082884,3.999512872774639,3.278589892940806,28.029293801378426,2.245300813928265,2.3988095238095237,4.113012029832267,2.2308416833792775,0.6845238095238095,7.700327151062445,0.0,43.68910494598995,0.9084967320261438,0.0,32.43160543399191,13.809466513878279,10.822812936977023,2.6089527030703503,4.028835978835978,7.375548065207262,1.8387976402682287,24.55084876137508,10.535053242251385,4.1825184619302265,4.502845314777719,3.5270594412509797,8.457263197949473,5.19265195588725,13.787028958562813,4.094636953221834,6.8279252379153315,1.8525972579765149,24.44089670468019,1.2860298375555452,2.317748210395269,3.6957004392666155,66.17646860403379,3.5567167037755274,3.055691222357889,5.644846397873183,0.0,7.0968434236259546,10.502851524168603,5.3764098546219286,0.7169742332343958,2.4170479302832244,1.9853989293085654,0.7290764790764791,5.387640078909921,13.564566137687052,0.0,3.9795663069123086,2.481526417052733,5.650677120569594,0.9816919191919191,6.525364682053486,3.5878675820669286,0.8451825951825952,7.004787315081432,9.938176264862465,4.393331069801658,3.7235328740746696,1.9316293183940243,2.4026424963924966,40.36560178190694,4.333038651287314,5.1644433639402685,2.7439361464129264,0.5045454545454545,3.7817656166598375,3.0335198673687516,0.0,3.421036933291835,3.1192612761240213,0.5464426877470356,1.7293660143892342,1.1385769459298871,3.700565739925084,1.6373760226701404,0.0,5.2825736355148125,0.0,2.2996528840956088,0.0,0.0,0.0,0.0,4.262700262700263,3.3326639409972745,1.049766206016206,12.133890005693946,0.9694399645380037,5.560656016996684,0.0,2.9564174656142024,0.9666231877366331,2.6367177232479877,0.0,1.2096681837286412,2.144210310386781,17.013417650488268,0.5324892518519969,2.7404422647069704,1.4251298476014678,1.8849877310022236,0.6542360477080706,1.0247518568895901,2.007659761310432,1.793103448275862,79.32478073190259,0.9617224880382775,0.8495670995670995,0.0,0.7449494949494949,0.6016042780748663,0.0,2.7854388645410317,1.2209617724323607,0.0,0.8412698412698414,0.0,1.2667847584514251,0.0,1.614241600329938,0.0,1.9592254711901256,0.9659309009799206,0.0,0.0,0.5263157894736842,0.0
693.7497445426217,203.71953241947463,377.1595568135052,251.82424268047794,410.5643035622167,124.59789041237245,162.66961239871875,408.4711017267219,164.08417488474115,361.86970976309743,35.99004218129773,61.71751798375805,436.3431308431671,66.3437622614253,57.85875894871413,77.1029801738135,229.48046490959487,28.361565363739278,41.28475782001144,363.4347341038408,94.34913588740913,160.64013909501315,74.60626711973136,115.51531570553543,60.904772270104544,27.062304307413005,111.7981298553442,26.511720230455484,82.8364539008992,29.769355555089252,119.63433965675317,17.360165934441298,35.192808277898855,30.60086053612526,40.21849387361163,25.080770429275862,103.59384181501935,43.08457258995052,26.904644198665938,20.058484542633092,17.607847870830962,13.720916269921998,56.66584783242392,19.12715294327613,12.059331004826529,13.679589371980676,167.2290889516132,8.516588215863578,5.889229530533878,4.546537842190016,47.435650300276,27.5533955778521,5.104166666666666,7.42214790040877,14.282581857219538,6.405693872208599,6.61663886971858,100.56778326822017,42.5083294546338,27.15880535019265,7.760651484069653,5.328981550297976,38.49153659100626,12.454818977282745,17.138786917591265,11.311412917934657,1.3238494220151829,3.456786314802619,5.32288486975987,5.818287037037036,12.074239307391482,4.653630951185299,10.255448339212656,11.903211690349371,6.358450911892941,5.326851851851852,12.71752343899083,80.19280861411946,9.907838558003647,0.5385131508319914,5.488515061884627,56.68477006526329,4.684340669395017,10.919478943239431,3.5922445394818583,2.5616535571245715,11.523243896069983,12.306394993894994,20.93196457326892,5.837116520087535,1.1805555555555556,8.949035167513427,4.241071428571429,15.999298278211322,2.0531400966183573,13.167860092135454,11.641062384117939,5.72269251319041,5.380579297245964,2.348900411400411,7.191612399945733,12.774980910397577,2.604594404186795,3.1276874700787745,0.5299410734193343,3.478284832451499,3.0996260683760686,1.3208912037037037,1.867518786902845,5.33703575370242,6.829653371320038,3.7495248436145174,1.237121513284304,0.0,4.991946138685269,1.4444444444444444,0.0,3.118233618233618,1.3796296296296298,1.492063492063492,4.219242230213031,0.6317567567567568,0.7033248758792238,5.035449514253862,1.3995726495726497,8.608343397745571,4.081693106149627,3.094365477517651,17.534053200357548,0.0,5.861111111111111,0.0,1.0416666666666665,1.6951763668430335,2.9790557000701927,0.0,6.1005167430529745,3.973689678458262,0.7201148587310345,0.0,3.228282828282828,1.1111111111111112,0.0,2.9546397010165126,11.116404866404867,1.0836197819893472,17.7481884057971,0.0,5.689331560040942,0.0,2.3070987654320985,2.2097620743454076,5.929487179487179,2.4817330917874396,4.763888888888889,11.750161030595812,0.0,3.067946485413624,7.999067351877532,2.5666666666666664,1.3194444444444444,3.3722222222222222,9.47247383252818,1.6425,2.145833333333333,0.7094017094017094,0.0,1.5536786786786785,3.4858666896710377,22.058783421102262,0.0,1.7744539411206075,3.721153846153846,0.0,0.5333635265700483,2.530864197530864,0.8115942028985507,0.0,2.2083333333333335,1.3877566425120775,0.0,1.1111111111111112,0.9366612989801395,1.8518518518518516,1.1111111111111112,0.7815016103059581,6.004607868738303,0.825,0.0,0.7976190476190476,3.0787037037037037,1.7013888888888888,0.5150437525437526,2.7777777777777777,1.484375,0.0,0.0,0.0,1.0494244244244244,0.0
348.5245768048618,58.64245026486954,67.20566589650534,50.57837371103851,138.40102572758505,48.677532323826966,52.88123730792232,31.494828551742284,73.62801382479954,41.37057369133165,4.468034426942706,18.160408699545606,116.19792349206325,69.66596900826639,23.581306216931218,18.301273293505435,76.98725877731063,17.501599199208055,7.8652650854436565,56.77572229557817,49.613962191546584,27.85238518872529,23.44836971505126,57.50999722702919,8.913714726631394,0.9908339345839347,37.39780000863334,13.959246650615698,46.039006834215165,9.197850340351767,9.360760073260073,9.704615867812215,1.3090739834746683,18.123785199488662,11.300100162183496,29.75100566375864,2.2541170634920635,23.144134233821735,18.024448319537605,26.802723921250706,28.415817416710272,18.25513949045627,15.05918265872135,6.810487113195446,12.360743223015117,14.126369291532981,8.927689942762717,3.0936011904761904,14.059275258132278,2.7629075091575093,0.8549933862433863,6.32443642006142,26.081640572895825,4.875515873015873,6.8715394245304955,0.85625,1.8124007936507935,0.0,2.100049603174603,0.8333333333333334,1.2985697751322751,7.372130647130647,2.6846549779585493,1.0547945205479452,0.0,4.667818835905957,7.8195141432641435,1.5924146224146225,1.2313492063492064,3.9006994448347188,3.772184652507141,3.3070212112622825,0.0,1.877662037037037,2.3117228835978834,9.461255632594918,1.8140046296296295,0.0,0.626449938949939,2.809285177160666,0.0,1.6196443602693602,1.3298170194003527,0.0,0.7916666666666666,0.0,0.0,0.0,0.7351438492063492,2.5178088115588118,0.8898936711436711,0.0,1.8914517195767195,1.1292989417989419,3.0076259763164526,0.0,0.0,0.0,3.4025180606430605,1.7301256613756613,0.0,0.0,0.9495425485008818,9.641145621353955,0.0,0.6024155242905243,7.456144380311047,0.5450148809523809,0.0,0.0,1.9541753881039594,0.0,1.3199862637362638,0.9520977204012918,1.754090354090354,0.7033730158730158,0.0,0.0,8.199059901738472,25.99446514134014,0.0,0.0,0.0,3.346329365079365,0.7447089947089947,0.568576388888889,0.0,0.0,0.0,0.5721500721500722,0.0,3.701388888888889,1.4938830987632357,0.0,0.0,0.0,0.0,0.0,3.758633314436886,0.5621527777777778,1.6550617064315694,0.6683201058201058,0.0,0.0,0.0,0.533853153894739,0.0,1.2998015873015873,0.0,0.6247271825396825,0.0,0.0,0.0,0.0,1.9693681318681318,0.0,0.0,0.0,0.0,0.0,0.0,0.0,5.034722222222222,0.0,0.9825975529100529,0.0,0.6581746031746032,0.0,2.3040013227513225,0.0,0.0,0.0,0.0,0.5555555555555556,0.0,0.0,0.0,0.0,0.0,0.0,0.0,9.865688848188848,0.5536954365079365,0.0,0.9474206349206349,0.0,0.0,1.0181051587301588,0.0,3.0862713675213675,0.0,0.0,0.0,0.0,0.0,0.0,6.465583573172858,0.0,0.0,2.5097628066378066
869.0486874124064,218.1116360867622,256.6600736264915,117.57759819820204,173.79867981983242,64.27172330844964,88.80880551902214,126.77498451900912,200.4143652244967,261.96147874489697,68.02041804746412,33.64158968837255,211.59976011238462,86.96345928394231,82.84761231773784,61.45152729567704,193.0664420426254,73.96385079902797,79.41718831629468,65.1037428396875,76.75593622381659,70.15120316207522,47.16230169670211,133.8051596143041,76.48290094714206,13.434737446627956,91.85050812710914,44.8225748529681,125.4756376188059,27.11924132938719,31.04590721907735,30.20491959726533,17.461250642911423,52.7363720904357,31.229598128786293,66.89147919091627,2.7150324934631445,20.65649637431004,14.282464083169721,29.94353562095933,9.671369666914286,25.574351979876308,49.55876084809334,17.866238603611052,17.691300128716666,21.14947924918817,102.5900847627624,20.588055035161595,62.99119721131009,20.077439211630583,13.215698853134057,18.0381499446906,57.00425269940497,21.05625239987045,5.505067692492041,27.352153287556035,31.53933384332799,1.6118623111893557,9.268290574400707,38.31959201768647,14.661717561679962,6.245175420825336,174.8586787134989,6.897782978612933,42.0518413546696,13.51733685270002,7.3275899502612765,21.693276436586554,13.523097487521843,3.826879688096155,8.317024103418287,20.466988547979977,31.63544433070064,7.0457990009190485,3.8912507163762373,4.799644006461389,1.5216396011269038,2.28639802074676,31.370195962397496,7.073710376412805,17.669308216735775,23.386146257370747,5.579187422554769,10.64422708517536,10.862075512670751,9.46824469708882,0.9900703021048993,31.12668156086899,5.460943969025865,7.510831600336252,3.8539534948322514,23.639678783859818,12.561888755502201,2.1611699957898205,4.474266904943106,7.7481098754374615,2.0513888888888885,0.669198869392395,0.6515433335137769,1.0302036398975174,1.0929626149800427,1.2986835428247336,2.5106909032401643,1.438648382429895,0.5574350760681744,14.74866741394156,46.15392024186547,5.888114638053062,3.749431464495421,3.9194260439426314,23.715708947593182,4.001406075250613,0.5977083170432924,5.9098963376463685,8.106680211323068,21.357178576597118,3.801051464771608,8.488318218681519,7.587242962453047,50.23797739319447,3.2712275819418677,0.7927912703542956,1.721518016686084,18.110599717742573,15.965750834976186,4.010267880045791,3.4143653281584316,0.0,0.0,2.1536418868718954,1.1264159092755877,3.836649158631917,7.1439217866770734,0.0,1.2917756846328274,5.87448583142766,1.2594017094017091,4.071770607282571,0.0,2.5632877236579064,42.116161949118805,1.6292808976737547,0.0,12.991369405929845,0.0,0.7740000737738018,7.688844000631474,2.839024071166928,0.50828331332533,2.907342930037827,3.093507371313494,1.4822886297376092,3.1561945307593566,2.2882827470441827,19.604459785082454,6.324130680577259,2.1096269630752387,1.1547619047619047,0.5229885057471264,0.6801264293347333,0.6056998906798658,2.1479575592089017,1.0597450547981822,1.7338435374149659,0.0,2.413566259837268,2.3291806140445597,2.65625,2.1980706619728436,0.0,0.9900565704137133,1.0625882536922815,0.0,1.5578582875457876,1.6822970933984305,0.5663663733891825,1.0865110641957931,0.0,0.0,5.567189088278989,31.396144487900855,7.177375391602426,2.58241983796171,3.198077274199723,0.9577066216096828,0.6124629338915053,0.0,0.8930262813634472,0.5083491950295568,7.089244817820644,0.0,20.148485038497352,0.0,1.8474822201607914,1.3944444444444444,0.0,22.620537744751037,1.5427451803232115,1.2474407694112126,4.842404231703372
73.7888153914136,20.634336097705898,29.73895225288414,19.431460084033613,26.452408848154644,7.633108179595677,6.1309523809523805,17.14195411070411,19.04604695413519,31.01984126984127,16.517964130096484,10.91628471001536,34.63246756038939,24.96425653594771,5.618853096794274,12.642406204906205,50.36901844070962,1.5,5.479166666666666,1.1875,16.260380371660858,24.07423506683375,12.765194058392588,9.03287100326574,5.959821428571429,0.0,12.951680672268907,17.860367063492063,15.273381574852161,4.086205096073517,1.4583333333333333,5.866071428571428,0.0,4.664098972922503,7.184676434676435,4.515873015873016,1.1160714285714286,2.9929971988795514,0.0,3.3030303030303028,0.0,7.431941526610644,1.232142857142857,2.2222222222222223,0.9375,6.532407407407407,0.0,5.384589947089947,9.38343253968254,12.806940083725797,1.6145833333333333,6.982954545454545,32.662114845938376,4.427248677248677,2.2777777777777777,0.0,6.632936507936508,0.0,0.0,1.6116071428571428,0.0,0.0,0.0,0.8928571428571428,0.875,0.546875,0.6026785714285714,5.17609126984127,0.0,0.0,0.0,0.0,0.0,0.0,0.0,1.4583333333333333,0.5357142857142856,0.0,0.625,3.069444444444444,4.5,0.7836134453781513,0.0,0.0,0.0,0.0,0.0,4.234126984126984,0.0,0.625,0.5416666666666666,0.0,1.875,0.0,0.0,3.124669312169312,0.0,0.0,0.0,0.0,0.0,0.0,0.0,0.0,0.0,0.0,7.946428571428571,1.837797619047619,0.0,1.569940476190476,0.0,0.625,0.0,2.477678571428571,1.0184433621933622,0.0,0.0,0.0,0.0,0.0,0.0,0.0,0.0,1.6666666666666665,0.0,1.726190476190476,0.0,0.0,0.0,0.0,0.0,2.7881360877684407,1.818452380952381,0.0,0.0,0.0,0.0,1.1085858585858586,0.0,0.0,3.3991228070175437,1.0714285714285712,0.0,0.0,0.0,0.0,3.4444444444444446,0.0,0.0,0.0,1.2946428571428572,0.0,5.132484243697479,0.0,3.67953431372549,0.0,0.0,0.0,0.0,0.0,0.0,0.0,0.0,0.0,0.0,0.0,1.1458333333333333,0.0,0.0,0.0,0.0,0.0,0.0,0.0,1.9375,0.0,0.0,0.0,0.0,0.0,0.0,0.0,0.0,0.0,0.0,0.0,0.0,0.0,0.0,4.2519841269841265,0.0,0.5625,0.0,0.0,0.0,0.0,4.583333333333334,0.0,0.0,0.0
865.2039525184904,492.8030729241468,310.22209268471556,168.0243133852455,226.40164130428929,59.3352142382701,90.50606381524321,231.47842863593053,56.10867240502847,218.99836859604756,44.37333924574841,75.03716855767877,168.44426146169943,71.37756111534638,107.16336248815388,113.78441700572921,138.5695035306589,15.474251178498735,28.460345904118743,186.88248834547377,81.7251771137145,139.55125228884145,20.89240972909317,127.29079836887098,76.02889802299191,122.99734139315107,133.02841158928496,11.98441935773546,60.83924109994724,29.9236784140641,14.845793433652531,32.170709387145465,77.16153574177545,17.088610249685853,12.011049110807644,34.24059246581626,7.635395622895623,5.475348725348725,17.21677404540899,3.433980903493552,9.976191537220949,8.1580122234147,18.37193765308882,70.90087083299471,10.324710012210012,11.265488485334206,23.60480548970099,6.502374939874939,31.93093724232117,4.363340430084097,4.148886407709937,18.375270562770563,14.906613896439477,12.085034766051526,1.8612001424501425,1.4802360338074623,4.266233766233766,118.76045977000243,6.477020732535438,33.11898887089025,2.814661604571243,2.140888047138047,0.0,7.545599110856464,32.6832623068809,0.627843056414485,0.6190244012121356,0.0,2.1760461760461762,1.1917989417989419,6.854030841163194,1.70995670995671,4.754541861933503,1.868156353450471,2.4865769187637468,3.9687193059041794,0.0,38.06511469159044,3.333333333333333,1.7473537470848144,4.122093023255814,1.1458333333333333,11.723576711321757,1.3149350649350648,5.103533664136131,5.253483089039811,5.47688492063492,0.0,1.662003942991338,0.0,0.0,7.964331825234081,0.0,0.0,10.37310606060606,0.7353896103896104,0.0,12.235233516483516,2.349057804940158,2.0891213234605135,7.898919753086419,23.3716558133237,20.348955828122495,3.2425108932461875,9.01829382621258,1.1028138528138527,0.0,0.0,7.659843356534533,0.0,0.0,8.007951564259614,1.2326362363127068,0.0,0.0,0.0,0.0,0.6938031104697772,0.0,0.0,2.3590367965367967,0.0,0.8390361245899973,2.5162337662337664,0.8024691358024691,0.0,0.8058418653656749,3.3727753727753726,11.361932809564754,0.0,8.472289513891681,0.0,0.0,45.148199265427074,0.0,1.5398922529946626,3.265873015873016,2.9770833333333333,1.5945887445887446,2.8266112617233876,0.0,2.1136950904392764,0.5717893217893217,0.0,0.8833874458874459,0.0,0.0,0.0,0.5637254901960784,2.2612847222222223,0.0,2.0681868904023126,0.0,0.0,0.0,0.0,1.5465686274509802,1.236171236171236,0.625,20.26784561983803,0.0,3.166666666666667,0.0,0.8581810631229235,3.7955465587044532,0.0,0.0,1.460027445321563,0.0,0.0,5.455266955266955,5.917884199134199,0.5216450216450217,0.0,1.25,0.0,4.1878306878306875,0.0,30.537648101119338,0.0,0.0,0.0,0.0,0.0,0.0,0.0,0.9816017316017316,0.0,0.0,0.0,2.3982683982683985,0.0,0.0,0.0,0.0,1.0343915343915344,0.0,0.0,0.0,0.0
651.3496438947304,329.50429077413804,351.3444128084626,125.54212491029043,142.44569672760602,39.65382797114713,52.331417603527946,194.9751196681919,36.504856849630976,179.5500793999175,84.99905290491363,73.19027600645182,163.32167428014588,55.0641364187924,56.66591901370355,73.75677250194288,230.02504009970897,18.93895222472853,43.67625018938551,112.68725765009347,65.78098805364043,132.6454772731206,29.99713082885616,73.50200057668913,87.53225772260215,50.92063958541216,39.66867411019464,27.17757537826622,72.75352288248911,24.667362853075748,20.91233778067166,21.11638090197941,110.01579848860669,12.00030621483833,19.624592393903008,24.86263464084285,41.711790919462025,1.5623761177921471,20.222079481797127,1.7890583258546777,56.140668847649785,33.01127108537244,10.400403282214793,20.083934968968048,2.746574217179133,14.248710113001879,4.151739139131104,6.333664777481723,4.758661515970229,4.462217788117032,12.02065835252688,9.760042406300546,3.3911481821698537,2.1122243570351116,1.3299743595609401,5.381561896320299,6.966597884634275,165.46863167062622,1.787491210812445,20.599876149404746,5.07111189449318,3.391733112089149,1.9255607972900062,14.117808252158898,29.033004509818046,2.0259331683231507,1.0423469870527058,2.345441060034656,9.4632196291228,6.633202334558158,2.7245782605322746,0.7242011114515652,6.050846326711929,11.278165602709214,0.0,1.366594454000469,0.0,13.180362665467642,6.656906155632402,1.3443172764898734,7.166377764972918,0.0,2.1450026534129947,5.327077040645952,2.434230880862759,5.018909446191536,4.8147715317433475,0.8147483608009923,0.717501593939011,0.764854768887027,1.8285473785473787,4.72398123857228,0.0,2.0136501098377453,0.762491340077547,0.849716406067826,1.431191126468918,18.573123856883555,2.3585120646546396,3.4100395351279933,0.5675371378638167,84.384578223612,3.2199513135287665,0.8305291414811539,10.874302157420821,3.2023938986413634,0.0,0.9148188975775183,15.924333112994104,2.7977341973472005,1.2075435729847495,15.53895381511931,4.036583061995212,0.0,0.5593652135183576,0.6377896613190731,0.919546961940471,1.4701418193998528,0.6900890775890777,0.0,1.4999989023822695,3.1451309352393975,9.958015460104493,0.8924014581909319,1.1979746815295085,2.34574429505306,2.4271406442182646,3.0312154734743553,15.295703848074359,0.0,0.6312927111301725,0.653057136833228,0.0,179.0750501095197,3.9310337498975803,2.4267445886527503,2.5063195041534336,0.8567665571975916,5.255814366805079,1.3529860841658337,0.0,0.0,0.9734025720867826,0.0,15.684706697671093,0.0,0.0,0.0,1.8151014791881666,1.2467312381105484,0.0,6.105675464058951,0.6748640868827595,0.0,0.0,0.0,1.8071010860484544,0.8101418329234049,0.0,13.373285119178583,0.6073025701508674,9.678753334442188,0.8099622789224583,1.025630793592254,1.1098009997971299,0.0,0.0,1.2314674260494693,0.0,7.0216229523543765,1.4017398328276944,1.8612631522748155,1.0711704964667492,2.5203597510792983,0.0,0.0,6.445650346667559,0.0,21.869103186846765,0.0,0.0,0.0,0.0,0.0,0.0,0.5036274207959046,0.6656750112632466,0.0,0.0,0.0,1.5539807431811108,0.0,0.9409235551631534,0.0,1.4670421168099186,0.7443676035007305,0.0,0.0,0.0,0.0
562.6554250681378,330.4341118144446,214.88916294618974,104.21060404323012,222.2927473876473,42.73092143019996,50.76063693272239,190.43694189913094,35.67611873493625,150.71498364755757,59.307554545394936,63.962744492947515,138.1807567397163,110.45060542829846,54.51825197481862,76.81270514736678,161.74266561791546,16.835926509034337,21.06571356524814,142.73452975941578,79.08635445685793,173.2501165694128,12.6515843179377,128.85814657188692,64.49081386148912,57.09090734688917,58.89003192607556,19.752095220309048,41.15102312663705,31.802262900329627,31.828749900012166,40.305934303274825,110.52189133276805,26.883707058564077,20.902365182770524,43.27617495527468,41.360988919870024,5.568672175570062,25.59974202505985,10.674121111455255,22.178687458911917,27.21996600523343,14.140659413685729,39.5101252741823,7.561247162891995,29.589519964513233,17.44923527505958,15.16374485566863,9.654451959903087,8.101068098762187,22.970203764244012,35.32345621098862,2.8422721709135415,1.2590614794562163,1.1187691450849344,0.9760510264711945,5.530567113277693,85.22885931642392,5.869678932178932,33.857452130519114,2.7375833231096385,5.370072909546594,2.4464674758792406,17.426276166214247,39.56313671523336,1.2977797578361487,1.2924976247105608,2.9883271490414343,1.64823991797676,6.440966197545145,4.136418223589276,3.168353016379332,11.35294685657357,5.121128871128871,2.799389337723888,1.7673851837385672,1.4783920859502255,16.9292780491652,8.84498615419668,2.5680316185485355,5.1353714115342015,0.8535762483130904,2.5842060984672948,5.302442827210629,1.550405010489044,9.847928675825624,3.5089807852965746,0.5128205128205128,0.9577468148343867,1.4159451659451658,2.8571428571428568,3.15301857420084,0.0,1.3064479380268854,5.520291179127386,15.756803381803381,1.355813439434129,18.488919496179022,3.306954741165267,6.217766103403995,1.120654199601568,30.15376534851169,6.242993117993118,3.861749963143152,18.712540561707563,0.0,0.0,2.095890220890221,11.943922864201502,0.7743107769423558,0.0,11.4197919521343,3.5961713724871616,1.4999999999999998,0.623249299719888,0.0,1.0633116883116882,0.6742793025687762,3.777930402930403,0.8548280423280423,0.7303529803529804,0.0,7.007839634966189,2.231687172476646,0.0,0.5474696356275304,2.3607068057256027,2.71627504217363,28.43915557685338,0.5238095238095237,1.0814022578728462,0.0,0.0,46.82822142316244,6.8601057291166185,2.287244310270626,3.3798673652996962,0.0,3.7193100109766775,3.962143886261392,0.8021541950113378,0.5249016783375937,1.3149195207465882,0.0,2.984601655654287,0.0,0.0,0.0,2.2343358395989976,0.0,0.0,6.434926175727124,0.6930079724197371,0.0,1.1111111111111112,0.0,1.262531328320802,1.6004670767828661,0.9810463659147869,18.402858837069363,1.732616798406272,2.8069510898458265,0.589390142021721,4.90949469202276,3.290178571428571,0.0,0.0,6.894249877802509,0.0,2.7724642488574376,7.291255771518929,3.3524273345701916,0.5611092124250019,1.4280587833219411,2.654151404151404,0.0,2.4257036822826294,0.6715320498215235,35.04095812798106,0.0,0.0,0.0,0.7142857142857142,0.0,0.0,0.0,0.5641233766233766,0.0,0.0,0.0,3.573051948051948,0.0,0.0,0.0,2.11510127299601,4.533800159740009,0.0,0.0,0.0,0.0
455.1864079942367,252.87353626855233,166.8857366649771,61.439255550602326,111.3772077932875,35.077287580501704,50.64229416083102,118.48519919340387,21.06338112781611,122.88492917014163,57.11137782909438,38.24497068751891,207.98379201038205,52.64465750062619,31.498129784528363,53.4919128219305,345.108986371499,14.606730152129003,16.97210945693815,107.46886036508339,52.91620604395742,116.36998999696378,14.687298603651985,130.65764051476322,44.725843705635505,49.81206730845834,35.090211928964536,28.45901877920629,32.12123238952534,28.18543283497015,70.08668640794868,38.202351203368195,88.44118427322972,10.024344828823699,14.787914124569465,28.80997726407699,53.148687332568436,7.658769578167464,18.054738981107228,5.740589365423509,15.487861128379704,24.286120975993665,4.64661179463811,35.56966034552078,8.620049471694303,17.229214006381188,15.758845913110886,4.401840093763869,4.294603475054603,2.5980919082859986,22.835463504503753,52.60936890940132,2.4950499486913196,0.7590614794562163,0.8568643831801726,1.035574835995004,6.530567113277693,88.38540388564965,2.9480519480519476,27.74904064998487,2.1125833231096385,8.330390369864054,1.957049486461251,11.954053943992024,28.114257163412635,1.193613091169482,0.0,2.9883271490414343,2.283160552897395,5.528267784846732,2.8130055251765778,1.1249126604389763,3.2028936933625123,5.371128871128871,0.9697908316547939,0.0,8.523846631404771,22.651406162597663,6.5433988526093785,2.135491936008853,5.5520380782008685,0.8535762483130904,0.7617423303513529,3.496887271655073,0.0,7.829954819616473,4.953425229741019,0.5128205128205128,0.0,0.5108225108225108,0.0,0.0,0.0,0.0,1.2110740074102142,0.5794945794945794,1.355813439434129,7.622156629416157,2.482778916989443,5.766458913861511,0.5650986440460124,27.490695643131446,1.3322788322788321,1.1711570593149538,27.946352419784127,0.0,0.0,2.095890220890221,6.856621276899914,0.7743107769423558,0.0,8.838442745785095,2.7628380391538285,3.166666666666666,0.0,0.0,1.0633116883116882,0.5076126359021096,3.3035714285714284,3.435185185185185,4.7779720279720275,0.0,4.259084577387602,3.0650205058099793,0.0,0.839136302294197,1.920230615249412,3.573417899316487,15.766007428705233,0.0,0.0,0.0,0.625,39.5604687080413,4.637883506894396,1.9684011164274322,0.9632006986330294,0.0,2.376717418384085,1.5405169021344083,2.4688208616780045,0.0,2.1442846001116678,1.7857142857142856,1.1909508620034934,0.0,0.0,0.0,3.484335839598997,0.0,0.0,6.913596810647759,0.6930079724197371,0.0,0.873015873015873,0.0,0.0,1.0588004101161996,0.8143796992481203,10.687319989951568,1.9409501317396054,2.517268550163287,0.5338345864661653,1.0206058031338705,2.7624007936507935,0.0,0.0,2.0030461740988055,0.0,6.615601503759398,0.6950082081661029,5.76115749330035,0.0,1.4280587833219411,2.793040293040293,0.0,1.4733227299016771,0.0,5.766156540679467,0.0,0.0,0.0,0.0,0.8333333333333333,0.0,0.0,0.5641233766233766,0.0,0.0,0.0,2.9063852813852815,0.0,0.0,0.0,1.1706568285515653,1.835670908039329,0.0,0.0,0.0,0.0
995.9871646168328,969.2358881314543,663.306021875123,349.67852680566307,997.5062653964743,172.15749431016496,281.62505844175706,420.3362159541342,89.92223877343847,310.430281072711,137.83323930095585,166.9404242535607,409.41280795630973,227.86776918426418,173.31244556134413,199.2606096708905,640.5650388802218,30.26686138298392,48.290969683112614,389.23882045673463,151.51035885465436,523.3638922569844,185.07898861298904,442.74935902229055,329.84754761447175,219.31815151564547,112.1492481949861,65.66713011231762,132.8217079373693,97.73429022757753,93.79959849586076,121.55886873267984,355.83835333510467,58.00896784469671,61.381536032050064,362.09793095504097,199.31637163914593,35.86782563648823,75.08726848863674,42.5578970577312,26.57169049345907,120.09018843631112,32.59119152046784,123.1955930502525,43.2013403213675,97.1519069724565,10.45142294392321,27.71576399665836,9.044603475054602,11.230036352730442,68.53559577963603,197.1467162842487,5.727192805834177,3.036839257233994,8.690528404344192,6.487549944220112,42.43563426834485,238.80905812536986,6.951028138528138,85.2505541827484,6.38837697390329,12.635945925419609,32.82663823105,47.05640182758991,78.00113839220563,3.7769464245028153,1.5236484183613543,10.085549371263657,21.255382775119617,56.2918940686936,17.74070160360795,2.3659840890104045,14.830941084567797,17.87630964714298,3.5739574983214606,1.031274072627456,0.0,103.23183737354358,52.23387504308557,5.919718126485043,6.135371411534202,11.207742914979757,6.955194711303734,8.496887271655073,4.383838383838384,20.66601632755298,11.950449039264829,5.173534798534798,3.365426553396478,8.495941558441558,1.8099415204678362,17.830597939280203,10.654761904761905,5.476090795169743,2.0731771820133886,5.260050135050135,3.300257883878573,41.22500054476007,3.3994455836561097,13.474181746584343,1.9460510249983933,51.01107803851384,7.523416398416398,2.8378237259816204,56.38041326634497,3.904190716690717,0.0,4.005612443112443,26.589604470177225,2.857644110275689,3.616071428571429,56.87767464224738,27.756990085937453,6.14781746031746,2.6301256613756614,1.4285714285714284,1.0633116883116882,5.799279302568776,0.0,0.0,0.9982101232101233,14.377140768588136,13.096055476858501,7.30113161692109,1.0,0.651636302294197,3.114427043820841,7.15675123264982,44.10787250807031,0.0,0.0,0.0,0.5,120.02165291856761,20.45286366562455,12.071558314979367,14.31896992940226,0.0,7.2760819790231555,14.27199838361589,0.8021541950113378,6.802679456115371,4.053014758841826,0.0,0.9131730842257157,0.0,0.0,0.7738095238095237,3.3176691729323307,0.0,4.732142857142857,23.245111360912308,2.4013413057530704,0.0,0.7619047619047619,0.0,19.27046783625731,4.04954115085694,2.12687969924812,50.62928427566585,6.654754845544319,20.870786559931297,1.6707393483709272,12.39262961265768,3.6631944444444446,0.0,0.0,7.230823951876584,0.0,24.056077694235587,6.879218734481892,5.689232890125747,1.1236092124250017,1.3725032277663856,1.4597069597069599,0.0,12.084433841012787,1.412681799194957,18.487981937504863,0.0,2.5,0.0,0.6160714285714286,2.5,0.0,0.0,7.20995670995671,0.0,0.625,0.0,3.684163059163059,0.0,0.62467974994876,0.0,1.6617282571229939,3.1319672043356253,0.0,0.0,1.0798872180451127,0.0
492.84990355661154,228.0175951156757,238.67180141292263,119.15335601984985,139.31218298106842,46.876687390930925,69.51924910947714,153.26530611921513,26.23434673628172,191.49638956933424,44.61999860695098,48.361432656922055,174.2315479309321,84.92029796902337,59.62267460245553,56.65410840641711,125.76219083864822,18.238091541714077,32.47497954436706,133.69326285019358,83.54467826617964,92.6349283487,17.69126685762024,92.15253589715859,79.42326907891872,59.63420588611162,52.195037760812426,28.664749159936672,65.60855103493222,47.21385367300233,26.27789052117291,29.172064088522255,117.62879709613667,38.14713319242088,14.554643922549264,40.9274355618565,57.47428257066367,6.9712695781674645,15.66310630464483,10.609636984471129,18.228144741825083,66.51982195638583,28.010309167526657,51.25024095318472,7.645784765811951,35.89753411220129,7.3410333335336,6.830411522335297,10.504920935372063,9.452258574952664,19.39072727667929,28.197794835327244,4.43552613916751,2.92354949688541,2.959708298524088,4.327685998641881,30.602300935011513,80.24027649435997,8.622596765979118,44.77731445950868,5.971710307236623,4.993088782562467,23.735546452458216,21.526445400574655,29.659408771064243,1.4019464245028155,6.587822525504212,8.752216037930323,15.005382775119617,8.04590476388077,6.971988562836086,2.3659840890104045,11.62955219567891,9.058453801100859,3.4350686094325718,0.0,1.1766244091825486,32.13025186754631,17.761652820863347,5.58638479315171,5.1353714115342015,5.992465137201979,6.002813758922781,7.496887271655073,3.6842046842046843,18.787048073584728,19.34925856307435,7.809898434898435,1.6987598867298115,7.162608225108225,1.3888888888888888,16.99726460594687,0.6547619047619048,14.020535239614187,0.8846851185213254,3.7183834683834682,4.480813439434129,12.964310309069838,3.6935632307149335,4.917054151956749,1.0743579033052717,35.94560184803765,5.50489787989788,3.3239348370927315,16.95297006684295,5.769931457431457,0.0,2.983787046287046,11.799081594360231,2.857644110275689,3.616071428571429,10.280157313556646,5.604399663803688,2.3928571428571423,0.9449404761904762,1.4285714285714284,1.479978354978355,4.718326921616395,0.0,0.0,0.9982101232101233,12.948569340016707,8.656406005959031,2.4400205058099793,0.0,0.0,3.114427043820841,2.6660104919090797,20.606635346539033,0.0,0.0,0.0,0.5,36.8203729621406,12.754946998957887,10.77526201868307,3.2548673652996962,0.7583333333333333,3.0741786640909448,13.090781452398959,0.8378684807256235,1.3860127894487049,3.687368500338425,0.0,0.9131730842257157,0.0,0.0,0.7738095238095237,3.3911985846970367,1.1111111111111112,4.732142857142857,7.717994958795907,2.4013413057530704,0.0,0.6507936507936508,0.0,2.6320458007764507,1.0588004101161996,0.9810463659147869,34.33598362207108,1.0150242058136794,13.060423312068048,1.6628028404344193,7.781518501546569,2.3854166666666665,0.0,1.0623840445269017,3.836379507432139,0.0,6.520363408521303,0.9069965122596702,1.8618519377447948,3.206942545758335,1.31694767221083,1.1263736263736264,0.0,4.077489396568343,0.0,5.4358986041715305,0.0,0.0,0.0,0.5237511671335201,2.083333333333333,0.0,0.0,5.564123376623376,0.0,0.625,0.0,2.9063852813852815,0.0,0.8391405342624855,0.0,1.6617282571229939,2.790341237709659,0.0,0.0,0.5535714285714286,0.0
2816.083249706056,1503.6785587475447,1021.6245904665728,397.03211312190206,1066.810821490465,284.3305968832538,257.89118110919355,561.9050189325793,254.29085369887662,946.5369593027497,404.1685160688664,268.56369650544354,955.1417424869712,370.803333876539,247.1281622133428,301.8188545807715,923.271973578698,62.82016460031844,53.375972672908766,425.2860660286509,399.6401728625314,596.0313859335112,129.16149844343713,556.4735784677368,277.4596232132863,261.9055014751248,170.58566620010282,114.79814992331147,201.73719410895802,177.739186192841,152.33463980062317,103.90696882152174,493.7127518403563,146.94072275377795,147.24240482842927,197.45051397409193,183.10456727922343,40.0171455600475,122.99322845138306,41.230382878109886,72.24479579879959,230.1397199169524,63.9530196920302,133.05539657074027,20.183829322018273,72.15250723613994,209.55359031232092,37.930405113936395,24.71480328012283,21.682983151582413,111.04330515997471,145.413199242542,17.31634436890491,8.806046678165552,3.4554230403595194,16.10589667102272,60.03246398715732,453.8698985717163,17.543397166599135,198.8998883391311,21.717283651516862,7.2470570365307205,29.32052786631894,71.87536119552396,136.94924526293576,7.206509916566307,6.033125676697638,10.529391735795675,29.756578292649074,39.09677805809839,12.795959033992155,11.467553731147998,20.215316171814337,13.030816884265159,7.7255946683409835,9.256274072627455,5.463439932840178,116.32365197654039,29.081318308632284,9.969902855549083,24.73271336555719,6.647227041963884,10.014995614423603,17.576149723762352,10.713399695542552,32.532821541017675,16.72769985565309,9.699895342752486,10.458680521650447,3.8992784992784992,6.082692307692307,13.420800943072138,1.2202380952380951,15.328819767984923,9.814122347958554,26.07303673338156,10.734073076622337,69.59529860557538,16.51252284005233,25.802334604263063,5.37640132603835,193.90889922569528,13.228237598927254,5.195438994311174,60.600548063558875,11.57285810795663,6.834580314531539,3.2566900293193397,43.037137928004796,9.681056808688387,0.6071428571428571,47.206935655148875,34.83990734411006,5.046626984126984,5.8849343185550085,8.010616367759225,1.8528573916504951,6.939750931833509,6.875719518576661,21.72274616917474,9.50050469500133,2.4553085299455533,14.666588910538486,14.569650135439609,1.030985121956084,6.201025099958857,10.297214742233539,16.22189673529532,106.4067806680776,8.152014652014651,1.2468434343434345,4.3964285714285705,1.357142857142857,276.0979097622554,20.95943448446041,4.722860238432574,19.947297578764392,5.177562571528089,22.75754153254153,18.378558027675535,8.421026592455163,3.0246580136202446,17.238861319688386,7.023809523809524,6.426778526402586,8.598603777175205,1.8029556650246303,1.7376775271512113,3.5190580618212195,4.648491765698449,1.3520408163265305,21.25879253924866,14.46603428820921,10.920678053830228,4.700396825396825,9.959970238095238,3.234753550543024,15.387345266979018,10.38560985797828,71.38525633818931,13.445579761369235,13.259422163745471,4.968700486849307,6.0837331389488325,7.5499775652501215,1.7648902821316614,3.4423443619872187,7.552583211135842,0.5995953028620905,33.74797584238374,10.273664327802907,23.34362419645671,4.777105381007377,7.890063891878773,20.79899267399267,2.593875951634572,12.167698756174255,3.420871728985764,65.76681694068064,0.8055555555555556,3.577097505668934,7.120748299319727,5.5476190476190474,4.309523809523809,0.0,0.9640941434044883,10.001623376623376,2.473872369460605,2.0906130268199234,0.5419988508223802,6.91573902288188,5.253147235905856,1.1814024390243902,9.400694248991462,4.435790659861867,9.294382170322018,1.211080586080586,0.976190476190476,0.0,1.676190476190476
478.77160081139544,293.64482449543266,101.03284053576517,68.02358094742772,168.21379330468505,35.545872236586355,59.68876552715533,105.30591417530306,39.50959926153425,168.9221855054243,59.962568305284854,63.67155798910621,154.78316370350373,59.57670115141984,39.273526609925185,67.1407658572967,147.43290380396903,8.968415615788151,25.664569774398466,102.73307994180296,69.66392429792567,166.1934688329426,22.955155746509128,128.11015374227642,40.16532783261963,51.36299323438426,46.97910081785343,13.193145763333275,29.26329588158883,16.814401088938403,44.51029751905978,25.476160727177717,106.48225570180115,16.74061467009354,14.131201161606503,37.384772838872564,37.88479844367954,4.1171029115007975,13.289338376420908,5.490589365423509,12.286670652189228,35.10754954742224,4.118834016860332,26.037804084497854,6.953382805027637,29.766581731248912,1.3778935321585049,6.485173427097202,4.711270141721269,2.3203141305082204,25.018003187043433,39.382517057549464,3.3283832820246526,0.7590614794562163,0.76427179058758,1.392717693137861,10.30834489105547,112.89814987098336,4.510551948051948,19.054596205540424,2.1125833231096385,1.6637237031973875,1.957049486461251,17.15775764769573,31.693126211031682,2.2121316096880004,0.6159103231232591,2.9883271490414343,1.1720494417862837,5.528267784846732,3.4796721918432447,0.0,3.298653927280641,5.121128871128871,1.803124164988127,0.0,0.0,24.651406162597663,5.511652820863347,0.8542419360088532,5.510371411534202,0.8535762483130904,1.0474566160656387,5.596887271655073,0.9552669552669552,7.274399264060918,2.953425229741019,0.5128205128205128,2.8654265533964782,0.5108225108225108,0.0,1.4863519075341736,0.0,0.0,0.5721851185213254,0.0,1.355813439434129,10.480291550051078,2.5348622503227762,5.94503034243294,0.5650986440460124,32.69208453202033,0.0,1.1711570593149538,33.892780991212696,0.0,0.0,1.332001332001332,11.751462546741184,0.7743107769423558,0.0,12.128125285467634,2.7628380391538285,1.4999999999999998,0.0,0.0,1.0633116883116882,1.5933269216163952,0.0,2.951178451178451,0.6113053613053613,0.0,4.259084577387602,2.231687172476646,0.0,1.0058029689608636,2.3368972819160785,1.3234178993164871,20.6826740953719,0.0,0.0,0.0,0.0,29.424232283646983,4.637883506894396,1.2809011164274322,3.225105460537791,0.0,2.3149890233223562,3.9479243095418157,0.9536693465264893,0.0,5.977617933445001,0.0,1.3893635604161918,0.0,0.0,0.0,4.317669172932331,0.0,0.0,6.120772736573684,0.8596746390864037,0.0,0.6507936507936508,0.0,0.0,1.7879670767828661,0.8143796992481203,11.300415228046806,1.0150242058136794,3.5589352168299535,0.0,0.7428280253560927,2.206845238095238,0.0,0.0,2.0030461740988055,0.0,20.115601503759397,0.9417187344818924,3.5359590806019376,0.0,1.31694767221083,1.1263736263736264,0.0,1.4733227299016771,0.0,4.543934318457245,0.0,0.7142857142857142,0.0,0.0,0.0,0.0,0.0,0.5641233766233766,0.0,0.0,0.0,2.9063852813852815,0.0,0.0,0.0,1.1706568285515653,1.6273375747059955,0.0,0.0,0.0,0.0
434.65703806912586,200.6093953392982,139.51264404490635,139.61534519833916,90.41701900668441,54.3289252570087,39.69298548529915,213.13272366555398,16.692182925839205,403.01233687969807,33.90036060720584,16.12001311600309,56.11449557799166,63.50018653057882,63.45297553439784,14.8964233536791,226.06963950892128,14.713285061499345,36.60227635347727,45.727909579043875,40.692422530982554,125.73443506536825,2.6870433358528594,39.149564427342206,76.03124111068752,13.076048692558716,42.59058613846626,39.08493695998526,66.77065349457249,88.49674683129034,21.274876578448005,16.552817217138223,29.602232265173708,134.2122402500083,13.482039313557765,17.546769821629766,49.51071169918315,0.6608424255483079,11.68282456080075,6.612617100712338,30.969547875773124,1.0317460317460316,33.40151959913687,47.22850880830312,5.149479378646045,6.91168487597059,3.3014613252708487,24.75015218917622,7.145731693350741,7.753276932373571,6.043194845278179,0.6714766714766714,1.9903198653198653,3.2300964954473725,1.375165343915344,4.415006928697404,0.0,64.56143199122232,2.7304921416032526,57.44922399441239,6.301602306980964,1.896394500561167,0.0,4.7210474101921465,32.90714939771453,2.6002198859341714,3.5450737534070864,0.0,0.6702741702741704,8.67879188712522,2.3917535692285066,1.2486020923520922,36.75702895657961,0.8944805194805194,1.7887176756224374,0.7681219794315032,1.060064935064935,13.24371693121693,1.7169312169312168,9.105494843016357,2.1552028218694885,0.0,38.15010643770042,3.8413955277990364,2.8907743491076823,8.32351433839529,0.0,0.0,0.7917420615833314,0.6108682983682984,0.0,6.391144679835156,0.5676807760141093,0.0,1.0875220458553791,3.5510299885299883,0.8256172839506173,2.026690351095113,1.8537758537758537,0.0,6.594172545561434,23.95242103575437,4.784451193873457,0.0,0.9595291539735984,0.0,3.279100529100529,0.0,2.615048019091533,0.0,0.0,4.918425983941335,8.259007306626353,3.136289613618045,0.0,0.0,2.464987173320506,3.1035239011429487,0.0,0.0,2.34034484034484,3.428571428571428,4.52201267039143,0.0,0.0,0.0,12.73689618369646,2.9750655118302176,1.6571468654801988,12.349884865783988,3.8805515472182135,3.287153067854822,0.0,52.87466055866791,1.0605157485333467,6.266550197550963,0.0,0.6597955421484833,2.7787447891614554,0.7010825452333634,0.0,1.7450396825396823,4.803339517625232,0.0,4.174132194965528,0.0,0.0,1.2113095238095237,0.0,0.0,0.0,2.9259513634513636,0.0,0.0,0.0,0.0,0.8821394654727986,2.245189995189995,0.8703703703703702,25.448623136123135,0.0,0.0,2.74623330813807,1.4372151994701015,2.125,0.0,0.0,0.9367684784351451,1.7146865480198812,0.0,2.7236501924001923,1.0692640692640691,0.0,1.0158730158730158,0.0,0.0,1.6666666666666665,2.257257854959004,51.27816850750964,0.7005070546737212,0.0,0.0,0.0,0.0,0.0,0.0,0.9730238896905563,0.0,0.0,0.0,0.0,0.0,1.197047000618429,0.0,4.61068951991571,1.5304934263267596,0.0,0.0,0.9740740740740741,0.0
4819.038719126275,2139.2145780043493,2121.945015396028,843.1644078765247,1066.4602179570936,478.9224730608779,287.44332768577084,727.063549974834,368.87743990373224,2050.4058978839257,610.9059552185249,356.0666421767967,1033.4424041744714,1269.410704392526,486.49410526813836,262.1197235441663,1543.4529498899833,154.29441140825938,348.500397871417,992.5791054844599,1336.8786224835376,960.4214527382126,126.0600957089717,766.7025064536656,400.35159182238084,715.7456571773678,549.5883818726019,167.06149182507409,378.00922102256357,368.74845563202695,83.6415933976465,185.5543014248772,391.6221133613386,96.93097285036256,173.33014038011444,191.32634859146023,75.92296749596214,6.049137205387205,203.31050299289004,18.95225134390666,120.66223281488743,58.93523372052784,332.5985136323916,257.36304106682644,9.662627541447883,27.38517092243596,47.24728613857922,36.98117057399588,126.8304558432378,59.31050009894741,46.30113648534701,1.941088979246874,58.58661243318074,73.9170593573789,66.54305495416176,43.44540321138066,7.7449217449217445,577.1346995400011,24.637718762718762,160.04204233631367,25.104742548171295,13.4034819505912,10.52681277056277,82.98113944663557,180.00144645585794,2.2542482649625506,2.8073879716321577,22.45886263207692,27.389043384152078,7.90086100273266,17.853469039130804,25.995561510647715,72.33472299213452,5.7562435128224605,28.811918428716602,14.38138035817562,13.021591071708734,5.774170274170274,3.0093795093795093,8.506313623001803,159.39314458378107,6.315078860533406,14.35137729334158,21.96656208070682,18.995130739491643,53.82364802185954,29.892174198330213,4.6136069340016705,16.034189233907277,17.738377363377364,54.165800027894186,65.51149077182912,2.207930957930958,2.336444257496889,18.1691263934766,32.98925136754084,5.333161667577252,66.97997392017645,75.09138111074924,11.099801283183034,21.86297055567889,202.51624528055834,8.363844136825644,7.070042139356049,36.275086493049905,74.22377869276366,6.590031310027323,0.8832881178182934,27.560547551563946,21.590954184704184,8.511377428699813,51.94322870030521,17.199811299811298,1.240829346092504,2.9564694564694567,6.363345911253151,4.621343567033222,9.35582616237378,27.96843364968365,6.477291026204069,9.606420210662497,1.4945054945054945,15.845054206825276,0.0,32.11193460535566,26.45824210265554,4.614054375959138,11.57497594997595,127.23547926731868,33.710237375245214,22.337271524771523,8.356910790027673,4.464411976911977,672.0511504338428,10.669432936502051,8.328714320059792,12.785060670555657,1.2824675324675325,16.567325267325266,60.07430766573427,1.9189814814814814,4.608869129363315,7.327561327561328,0.0,27.717389733671244,13.432274414182308,16.899319908718404,2.5841269841269843,2.426767676767677,3.8488955488955487,1.7844065656565657,18.308698157887264,10.66948051948052,0.0,0.0,1.0900793650793652,29.235405071119356,4.878554316054315,1.626845376845377,79.60923673590854,1.9776318541988744,23.027514172918586,6.882004569504569,21.495144643467047,3.853714245110349,9.085816829148168,0.5917951444267233,15.326215713967262,4.300860017742337,83.10848443536413,5.411304590471257,2.3170884914305967,3.3247863247863245,3.0082972582972585,1.5799538152479329,3.7623556998557,10.053821949655283,15.465993058665472,60.51670625553285,0.9393939393939394,5.852958152958153,0.7438087010455432,0.7689393939393939,0.0,2.5,17.077264809599907,5.401122756385914,0.7543859649122806,0.0,2.1203703703703702,10.821770821770821,3.8839736652236656,4.76530612244898,1.6180555555555556,8.8814307288572,7.281746031746032,0.0,0.0,1.6084656084656084,0.0
114.25005845383312,23.68733804748236,32.95594928303657,10.907082186369113,83.0869083449146,10.27934544567609,4.605677105677105,21.849492050149944,5.9968972782440275,7.257013349755285,2.152750100330745,2.370146227054122,13.367517016947756,0.7593307593307592,12.405128813023548,4.830588653169299,31.087236355717536,3.9094739901191518,3.8333333333333335,9.149508004548327,1.0803303303303302,6.425846429135903,1.842235092235092,5.886314886314886,6.5816441441441444,0.9252585919252585,12.795003336670003,1.61226318484383,7.697089947089947,7.227644310977644,1.4574655300461752,2.82258064516129,1.9743170589944785,0.0,0.989247311827957,1.764264264264264,3.3876780005812264,23.432289873229152,1.5067567567567566,3.378378378378378,0.0,2.1679536679536677,0.0,0.0,3.4009009009009006,2.599206349206349,6.911411411411411,0.0,1.5833333333333333,0.0,1.474808141474808,0.5416666666666666,0.0,0.6644880174291938,0.0,0.0,0.0,7.9458675265126875,0.8043758043758042,6.25,0.0,0.0,5.333333333333333,2.1246246246246248,0.0,0.0,0.0,0.0,0.0,0.0,0.0,0.0,0.0,0.0,0.0,0.0,0.8666731247376409,4.542820131055425,0.0,0.6666666666666666,0.0,5.045045045045045,0.0,0.0,0.0,5.119047619047619,0.0,0.0,0.0,0.0,0.0,0.0,0.0,0.0,0.0,0.0,0.0,0.0,0.0,0.0,0.0,0.0,0.0,0.8243243243243242,1.0,0.0,0.0,0.0,0.0,0.0,0.0,0.0,1.6666666666666665,0.0,0.0,0.0,0.0,4.0,0.0,0.0,0.0,0.0,0.0,0.0,0.0,0.0,0.0,0.0,0.0,0.0,0.0,0.0,0.0,0.0,0.0,0.0,3.333333333333333,0.0,0.0,0.0,0.0,0.0,0.0,0.0,0.0,0.0,0.0,0.0,0.8388157894736842,0.0,0.0,0.0,0.0,0.0,0.0,0.0,0.0,0.0,0.0,0.0,0.0,0.0,0.0,0.0,0.0,0.0,0.0,0.0,11.666666666666666,0.0,0.0,0.0,0.0,0.0,0.0,0.0,0.0,0.0,0.0,0.0,0.0,0.0,0.0,0.0,0.0,0.0,0.0,0.0,0.0,0.0,0.0,0.0,0.0,0.0,0.0,0.0,0.0,0.0,0.0,0.0
777.3808947167901,453.4195749159642,333.37498309578115,123.74981022023702,236.15073193534565,59.53820837843262,98.21910672471468,152.19302553650226,37.39766364254913,171.979758927748,76.45867326307626,59.4309180457781,275.18315165823606,78.38838318671662,179.85219136867929,81.27983823308296,140.2218602550874,12.319409806118603,23.999417734401245,169.55781236472765,65.98416441194598,155.47394832197634,27.08062331862255,118.58673211583553,165.39755593410632,82.86387953941734,187.4087880445893,32.890267310951835,51.84924395869987,31.811304676690362,8.877917833800186,29.95156838602772,158.5149173845275,23.37454780652677,15.39087909072068,63.33583440626169,11.172810588882017,2.636063011063011,42.09712657401733,0.9046840284935522,13.327382013411425,12.868933960530597,11.117969399120568,98.57834975403676,8.008737789987789,22.44746127444985,1.3540372670807452,3.053962241462241,3.976177592249021,5.395786918108347,11.182677616501145,9.003246753246753,7.033459595959596,7.024059365790413,1.3354064916564916,3.504045557616986,6.397186147186146,103.00652869863714,5.135750891265597,18.565532798538825,1.5299393823490208,0.6210467772967773,8.727975727975727,6.083545539427892,28.546555880124146,2.1635573421287706,1.4140594695030178,1.5909090909090908,0.0,10.433496903034717,7.311339405614615,1.5194805194805194,6.412247474747474,3.368156353450471,2.0839764033041344,1.8576081947930687,1.0216450216450217,78.7530295545053,1.4285714285714284,1.6818775566086237,0.0,1.1458333333333333,1.9326410388071378,0.9577922077922076,9.770200330802798,10.271108320950757,14.436635487528344,0.8333333333333333,3.0905753715627666,3.6618476569513434,0.0,1.683003504432076,1.0028609928820011,2.3427128427128427,3.1875,0.0,0.0,19.783857115107114,2.4532244716068243,5.370073704412895,4.431327160493827,115.77031137403283,5.085066939233606,2.9647331154684093,12.66689109457729,0.0,0.0,0.0,9.478159571909572,0.0,0.0,10.31451283924194,10.499217868965767,0.0,0.0,0.0,0.0,0.7440676607343274,0.0,0.0,2.225108225108225,0.0,10.53811349455607,0.0,0.0,0.0,2.269045328569138,0.0,42.90064899371283,0.0,6.737774655316672,0.0,0.0,63.029882640531504,11.221706864564007,3.023027173629583,3.765873015873016,5.73015873015873,5.189259946402803,4.482265254586683,0.0,1.473922902494331,2.8217893217893217,0.0,2.2300261013496305,1.3333333333333333,0.0,0.0,0.0,2.2222222222222223,0.0,2.9945781731496015,0.0,0.0,0.0,0.0,1.5465686274509802,1.4445045695045695,0.846938775510204,16.464729929117297,0.6845238095238095,12.532312925170068,0.0,0.6398809523809523,0.9358974358974359,0.0,1.0974025974025974,1.2364824717765894,0.0,3.4187675070028005,1.748917748917749,2.334550865800866,0.0,3.6063936063936066,0.0,0.0,0.0,0.8887987012987013,12.820525199327042,0.0,0.0,0.0,0.0,0.0,0.0,1.0,0.0,0.0,0.0,0.0,2.120490620490621,0.0,1.9285714285714284,0.0,0.0,1.097883597883598,0.0,0.0,0.0,0.0
1435.350379526058,981.1812455636398,678.775971102966,183.5615873922529,849.2990477503649,179.92071745421308,183.94639566740307,308.63474243276823,88.77498671976085,612.8646236519618,251.1899108895216,217.71116345233926,942.7917701321496,265.7205848314908,110.6117443303622,195.2886628338332,615.4171681843293,49.140359151135456,29.569636432771755,150.82144914301173,179.2000898907247,307.8071896348329,58.12808320980854,398.9045799417685,129.7851076504521,145.45407567117022,137.4408632636338,107.0849166481075,352.3110445275108,93.84844054731133,35.61372666956055,50.150850598949106,432.7438999923661,40.4874093894415,76.97323958005019,79.49697421000384,66.14254488771599,7.462376117792147,126.51457587429351,4.705724992521344,86.78197175770269,118.43796661206797,27.047449137593983,244.79260500263808,3.932586121941038,32.8412638011438,3.927334377226342,35.20586896218591,6.253105960414674,8.920055089704334,45.88672978109831,75.20686780312595,9.825085772357443,1.8622243570351118,4.488307692894273,6.693069832828236,16.889041862225312,239.6259308529254,2.989872163193397,75.7026900022186,14.900446911328196,4.225066445422482,7.208007109148083,26.788151389413798,45.718520382833916,5.8314887238787065,1.0423469870527058,3.0002029647965607,11.102108518011688,11.784627298483123,8.423652334606349,1.8575344447848985,5.77306854893415,5.63530845985207,0.0,1.2277055651115802,1.7088916907465295,20.362902348007324,19.628587252313498,4.594647964320561,21.727389669734823,1.0528214475582898,3.454724875635217,13.240569104138016,2.8925642141960926,20.885179287461376,12.600485817457633,3.481415027467659,1.879538630976048,2.362076991109249,3.6063251563251564,9.168425683016725,0.0,3.9898405860282216,2.179158006744214,0.849716406067826,1.681191126468918,56.49611267362237,5.045317620210195,21.190658221996678,2.734203804530483,272.4812855854509,11.386617980195433,1.0805291414811538,33.15406406218273,3.2023938986413634,0.0,0.9148188975775183,36.338690977351966,2.267010291623295,0.7908769063180827,46.32969724566537,35.53578941120156,0.0,1.0593652135183576,0.6377896613190731,0.8639914063849155,2.4225227717808053,1.3984224109224108,0.0,2.2499989023822695,3.824496014604477,9.302151262573629,12.975734791524266,3.1979746815295087,4.579239966048731,3.093807310884931,8.788159917918799,96.75258215495266,0.0,1.2794408592783206,1.2780571368332279,0.0,331.05873960472235,11.722700416564248,2.6767445886527503,12.71862109145502,1.4123221127531471,14.45819531918603,16.442921149100897,0.0,1.431578947368421,4.528958127642338,0.0,0.7640717770361733,5.820405085110967,0.0,0.0,2.9609348125215,0.8300645714438818,0.75,23.012421495804983,10.958843587774025,0.0,0.0,0.0,19.128529657477024,3.029784690066262,0.0,33.09930471361923,1.6156359034842007,17.07725760794646,1.6432956122557916,5.172456190417651,3.85980099979713,1.7698143050323578,0.6814149902385196,6.339933034515077,0.0,41.05422576620719,7.379914436002298,11.70650124751291,1.8350593853556383,6.381470862190409,0.9963235294117647,0.0,11.945650346667557,4.758337605377079,55.896790777034354,0.0,0.0,0.0,0.0,0.0,0.0,1.5036274207959046,2.4308265264147617,0.0,0.753448275862069,0.0,0.0,0.0,3.23259022182982,0.0,1.9491849739527758,3.0505845347176614,0.0,0.0,0.0,0.0
400.4087226854362,53.942025094801515,69.06980043921132,43.64373909961818,78.76607159441664,45.09445787182394,50.42284728524658,27.67954132574077,157.26071696160983,36.12031218812897,4.1562430437227516,10.669195547618166,111.13051986394534,57.59652456382194,24.152734788359787,16.565672386475956,97.23855318396218,15.154490355670639,6.629823939288225,45.53266674002262,24.479561208931315,30.107203782829597,24.609254068792758,52.958013100045065,8.065500440917107,0.9908339345839347,34.5674428657762,9.26834529007148,47.229483024691355,6.851223356224783,4.493365893365893,4.385171423367771,1.3090739834746683,38.88517975731179,10.647719209802544,36.74080158212599,5.329513888888888,12.050681852869353,15.517234600716744,25.215053853223495,23.555783403104833,15.922798220615,13.211648645115908,6.036677589385922,10.925449383256991,12.964549563641825,10.768959784032557,2.917013888888889,11.029711766068786,2.218264652014652,1.132771164021164,6.576420547045547,21.765819051979765,4.407261904761905,5.923995103771889,0.85625,0.9840277777777777,0.0,1.9476686507936507,0.0,0.9850777116402116,7.720543345543345,5.709314841904128,0.0,0.0,12.514048994636116,7.599276048026048,1.3747558922558922,0.9892857142857143,3.698318492453766,3.5166290969515854,3.1233477418745275,0.0,1.377662037037037,1.8940641534391534,8.580824621806764,1.6281911375661375,0.0,0.5669261294261294,18.720849803011006,0.0,1.6196443602693602,1.1373567019400352,1.2805250305250306,0.7916666666666666,0.0,0.0,0.0,0.7351438492063492,2.3729675417175415,0.7807666870166869,0.0,0.6612929894179894,1.0102513227513228,2.3605171327790373,1.4045673076923075,0.0,0.0,3.096962505087505,2.280720899470899,0.0,0.0,0.8931933421516755,8.285788478496812,0.0,1.7135266354016354,6.838485650152316,0.525173611111111,0.0,0.0,1.8002638234781092,0.0,0.9787164224664224,0.7862813938706795,1.5259157509157508,0.6537698412698413,0.0,0.0,7.349116591080877,28.727441331816333,0.0,0.0,0.0,3.182638888888889,0.7248677248677249,0.0,0.0,0.0,0.0,0.5721500721500722,0.0,0.0,1.2756291305092675,0.0,0.0,0.0,0.0,0.0,3.458293178382464,0.5065972222222223,1.5360140873839503,0.6534391534391535,0.0,0.0,0.0,0.5168463511736505,0.0,1.2998015873015873,0.0,0.6247271825396825,0.0,0.0,0.0,0.0,3.2193681318681318,0.0,0.0,0.0,0.0,0.0,0.0,0.0,0.0,0.0,0.9052166005291005,0.0,0.5986507936507937,0.0,2.155191798941799,0.0,0.0,0.0,0.0,0.0,0.0,0.0,0.0,0.0,0.0,13.333333333333332,0.0,8.936323768823769,0.5536954365079365,0.0,0.9474206349206349,0.0,0.0,0.0,0.0,0.8640491452991453,0.0,0.0,0.0,0.0,0.0,0.0,7.189223028955172,0.0,0.0,2.4542072510822512
2649.3888093730952,296.65048011010236,656.0818622584167,86.16757695725975,284.3987630577446,86.61079631235982,116.07522561853048,97.38573937262112,758.4582746374558,153.13725090035618,59.53561436894176,35.14746645049931,129.59143537122702,56.86448635431462,79.09448789586341,100.12130612795588,369.95881917354524,74.50406158031018,25.75101060395101,107.68086895042705,90.74147361411589,93.13371778797219,122.22926457590896,68.43852167707792,16.488319140060256,12.995741944580985,14.067680637138787,22.89316398605724,26.02654288695742,13.263719767615626,111.22634228109136,9.38936940671514,2.441159622820404,13.100366913954332,17.548807719648362,27.467307876119953,12.204403241762463,10.829313834627502,14.426327461854529,3.4895724476946888,8.656290301834922,27.316415471939802,7.046829426340496,2.0601870163094653,2.6939787001452387,22.019684275643197,156.1371265341527,5.1652369419487645,4.539638203868732,11.220034711368942,6.5316710753562806,21.092413940498712,23.23819429792991,4.6316341940022445,10.181213074887424,9.13812009852285,40.078815094765766,54.72297342230046,5.276822320432454,6.347594244218105,4.426735876698279,1.2154135160634312,8.611601852451463,2.854628216708172,3.1928852809813804,2.134720857584024,2.403978839150165,7.511097966908084,12.116847487521843,4.134419370635838,1.1873944737886581,3.3743959553873837,1.365200685456995,6.943758184592518,1.0499808751063961,2.9871440064613886,1.5487229344602371,4.78639802074676,0.0,5.414980217682646,3.722879645307202,29.36332879705329,1.870854089221436,0.9608479642962401,0.9935790400076113,1.627966919311043,0.9900703021048993,13.204766330130232,1.1119856356925322,8.494958584463236,40.579134961112786,0.7292621171931517,3.5694645130779583,4.409546619166444,3.332897857324059,1.0301865950141813,1.87281746031746,0.669198869392395,0.5265433335137769,0.0,0.6351795017347446,1.2986835428247336,0.0,0.0,2.3756168942499927,1.331390246664393,1.5936571045217662,2.3907000156384393,0.6486017386656953,3.3390689010854886,0.6470276289118654,0.0,0.0,2.240914856164887,7.800759280402137,4.135452386120929,1.9260514647716078,2.0329610758243764,1.4563877065977906,790.500029611129,0.0,0.7927912703542956,0.0,4.7570643642072215,3.7590322889719268,5.369394864172775,0.0,0.0,0.0,4.278641886871895,0.5326659092755877,14.187217084857737,4.121435014190301,1.816846405228758,0.0,0.0,0.0,2.251493001290679,0.0,0.0,69.98902519698206,0.0,0.0,1.2537792183396579,0.0,0.0,9.609478921266394,1.0914050235478807,0.50828331332533,8.897819120514017,2.6644399109960335,0.0,5.656194530759357,3.4234368086688325,20.430517986140657,3.3777021091486876,5.192960296408573,0.0,0.0,6.027348651556956,7.587842747822722,0.0,0.0,0.0,0.0,0.6635662598372682,1.0591188856494977,0.0,0.0,0.0,0.0,9.395921587025615,0.0,0.0,5.255709791811129,1.8163663733891824,0.0,0.0,0.0,5.205383532723435,4.618627252050287,20.958126288452394,0.5883722189140909,2.5435318196542687,8.432409002562064,0.0,0.0,1.1430262813634473,0.5083491950295568,6.171255399831226,0.0,7.655429482941798,0.0,7.198573490002061,0.0,0.0,15.876023272295388,1.5427451803232115,0.0,180.5332795586468
1686.5167778900516,500.4176414574274,610.8027369488071,228.533898765134,324.5749661249626,269.6949049553691,315.37662298072934,389.38622518351195,199.2680244978187,210.27257021283287,50.59449819981625,73.41013183485404,325.5537867722054,101.85645558661862,108.3778508026274,86.03829920883491,405.8620669109885,89.05488747372804,60.772853058106676,278.8285213062218,108.12969144296468,121.17474951325453,51.05940393001102,160.07313096126734,108.21776830185057,76.1001129493883,141.1938368544738,58.675140143875396,97.97350897545428,65.32711569618273,66.7500803974939,38.84183638039745,44.029826418488426,53.92195841972315,80.55777958789734,44.81619761782805,65.7529026615802,43.14639731984247,6.931618877426331,41.60048583389033,33.57312564860874,29.69776812177385,44.94956295988904,23.463958498831687,34.466473861969384,23.273693680370698,68.00399228901654,8.764163171771868,28.528118419422768,15.987675408327581,41.539431164473534,7.765697165153687,20.933531746031747,17.71398420563793,35.202522333410016,15.52738699390172,23.025369028448736,128.0157330036699,9.617456438760787,31.311583127970426,8.28227338069155,27.440754037070462,18.935981035450705,45.93398564394941,28.476204245633593,9.644746251267991,5.518202336792204,13.202818060834364,21.461773758648757,7.398974867724867,24.304563381465556,6.903630951185298,108.96713579197153,18.525896875534556,12.921942975385004,1.086111111111111,18.00361565365447,117.48597310213688,14.935616335781425,11.242216854535695,5.015300776170341,120.31329740212395,12.123872037497813,11.961145609906097,6.946741893979213,4.913505408976423,15.283164530990618,6.108974358974359,10.8503673510467,6.587116520087534,11.326388888888888,8.474729611957873,4.122023809523809,5.915964944877988,3.0134575569358177,11.872489721765085,14.54185603491159,43.159200449698346,10.674560778727445,5.867749617749618,7.020977479310812,15.48331424373091,10.021261070853463,18.849909692300997,8.40692520040346,20.21467939027463,6.069120115995116,10.513068074452002,4.489542596426654,6.049998716665383,2.5379867046533713,14.88620543732636,12.622042148204939,0.7211538461538461,18.618723131533688,1.2037037037037037,3.1602733686067017,1.3821225071225072,2.8935185185185186,1.6904761904761902,3.0664644524352536,5.006756756756756,9.91562646318081,7.892592371396718,0.5662393162393162,2.5567560961582703,1.30391532837185,6.761032144184318,14.212624628928976,2.615740740740741,4.552083333333333,15.612381144084042,0.8333333333333334,1.9729541446208112,8.113976334990827,22.89588844797178,2.0806754732117048,3.3625785673471507,5.419188932805109,2.857905982905983,1.4285714285714286,1.25,0.0,8.301861923238734,4.866404866404866,0.0,1.2690217391304348,0.0,10.418498226707609,0.0,6.495023935500125,7.7112501695835025,0.6517094017094017,2.3845108695652173,0.9821428571428572,3.314975845410628,0.0,2.895327437794576,0.9574006852108654,0.0,0.9027777777777777,3.333333333333333,17.87525161030596,4.871666666666666,0.0,0.0,0.5555555555555556,1.8974286786786787,3.820522774327122,2.4337834211022615,0.0,1.232787274453941,7.596153846153847,1.1008725071225072,3.6166968599033815,5.030864197530864,4.02058891189326,3.6190476190476186,0.0,9.651645531400966,4.722222222222222,0.0,1.5616612989801395,0.0,3.75,0.0,1.3934967576271924,3.2555555555555555,0.684850863422292,11.603174603174603,0.0,1.0069444444444444,13.487265974765975,0.0,3.234375,3.954790249433106,0.0,0.0,0.0,0.0
90.82980236276246,36.220033160044316,46.20068941555116,23.37663120803877,45.505633503401356,12.968253968253968,18.710223116617126,19.536796536796537,11.922593279736136,62.51882558578987,7.16214628212396,15.391259534116676,27.163161375661375,4.891414141414141,24.25705073696145,2.6190476190476186,30.256809163059163,3.357142857142857,0.670995670995671,21.81871109447974,18.46825396825397,31.52879166084811,5.777777777777778,12.91168598426663,32.99149659863945,1.6666666666666665,10.052481464076859,1.4285714285714284,10.591450216450216,25.7464281749996,0.6428571428571428,6.587301587301587,13.595276999688764,10.769416099773242,1.6046176046176046,8.147321428571429,5.468253968253968,7.952380952380952,7.727891156462584,1.3333333333333333,7.69297052154195,4.146825396825396,3.5612244897959178,2.7817460317460316,0.7142857142857142,6.329365079365079,5.548051075268817,0.0,1.4285714285714284,3.2420634920634916,0.0,3.3116883116883113,0.6111111111111112,5.7142857142857135,0.0,1.6326530612244896,2.3095238095238093,14.483913637139443,0.7142857142857142,14.422815279958137,4.6598639455782305,0.0,15.773809523809522,6.492063492063492,7.826530612244897,0.0,0.0,1.9047619047619047,0.8412698412698412,0.0,0.0,0.6547619047619047,2.5917818740399383,0.0,1.2857142857142856,0.7142857142857142,2.1904761904761902,29.218379067169387,0.0,0.6428571428571428,0.0,0.0,2.714285714285714,0.0,0.0,4.559523809523809,0.0,1.9666666666666666,0.0,0.0,0.0,4.064935064935065,2.0,1.0,0.0,2.5,3.0476190476190474,2.7583088954056696,0.0,0.0,0.5555555555555556,1.936026936026936,1.1428571428571428,0.0,0.0,0.0,0.0,0.0,1.0317460317460316,0.0,0.0,0.0,0.0,0.0,0.0,0.0,0.0,2.7936507936507935,0.0,2.0,0.0,0.0,0.0,0.0,0.0,0.0,0.8452380952380951,0.0,0.0,0.0,0.0,0.0,0.0,3.121212121212121,0.0,1.6326530612244898,0.0,0.0,0.0,7.999999999999999,0.0,0.0,0.0,1.4030612244897958,0.0,0.0,0.0,1.6666666666666665,2.132275132275132,0.0,0.0,0.0,1.0,0.0,0.0,0.0,0.0,3.214285714285714,0.7142857142857142,0.7777777777777778,0.0,0.0,0.0,1.5357142857142856,0.0,0.0,0.0,1.6666666666666665,0.0,0.0,0.0,0.0,0.0,2.0238095238095237,0.0,0.7142857142857142,0.0,0.0,0.9444444444444444,0.0,0.0,0.0,0.0,0.0,0.0,0.6666666666666666,0.0,0.0,0.0,0.0,0.0,0.0,0.0,0.0,0.0,0.0,0.0,0.0,0.0,0.0
199.2843398685467,242.85513509804605,79.10630104149944,28.594083950319206,608.1689662606294,37.02133617956821,19.071112518968892,58.157058516845325,43.01595769887689,38.481978281615966,10.580609310927363,18.40604311603318,41.115353065389336,64.12798845190149,18.56163593284112,23.807124794624794,66.65027311065307,8.646067127407708,15.307575280328903,43.23657355489903,55.055154405927645,50.77282207561281,7.32650521496945,39.564698421584815,21.987774915607186,32.52080298466168,32.74078307403908,9.445973477208732,10.732948609893917,37.31796666620036,24.648228545642056,9.219954294229655,8.901141611232191,3.8902123879771144,13.454604984722739,2.2554337289391637,6.582267740945277,4.837723850454718,8.268070124591864,1.7513857772009946,3.976829352312444,9.739434788440517,6.601099155175242,0.9753672289904174,1.5961034915990158,0.6101449275362318,62.57193406945832,0.8097980924067881,4.569785086089434,16.065056360708535,25.981946596572296,0.7061733556298774,2.2430555555555554,6.366592344853214,0.5075818572195384,4.694053660568387,1.6166388697185798,11.730283268220168,1.5847183435226913,15.617138683525983,0.8532440766622456,1.4586111799276051,2.3943143687840394,1.0798189772827453,1.9316440604484082,7.589190695712435,0.0,1.6790085370248413,1.045107091982092,0.0,0.6008596777618517,1.8441071416614894,17.537194370958687,4.847656134793816,0.844562023004052,0.0,1.3147456612130526,23.675787916951705,1.380060780225869,0.0,0.7176817285512938,9.10066512699168,2.084076119130467,0.9565159802764684,1.7384085606458795,3.3070239274949422,2.634355007181094,0.8173076923076923,2.5291867954911433,1.4482276311986457,0.0,7.276812945291206,0.0,1.0548538337668774,0.0,5.589156388431751,0.8077290507846063,1.8417401322380285,2.520790937457604,0.9748924748924748,0.0,5.48331424373091,0.0,1.2110208034121077,1.0854966289748897,0.0,1.9242788461538463,0.0,1.999463231347289,0.6333320499987167,1.079653371320038,1.0286047047256286,0.0,0.0,1.308414392653523,0.0,0.0,0.0,0.0,0.8571428571428572,1.9044274153982168,0.0,0.7588804314347793,0.0,0.0,0.0,0.7483597728162945,0.9068654775176515,14.589608755913103,0.0,2.5714285714285716,0.0,0.0,3.639620811287478,0.5346112556257484,0.0,0.0,0.0,0.0,0.0,0.0,0.0,0.0,1.5657508121276238,0.0,1.1414901523597174,0.0,0.0,0.9393315600409422,0.0,0.0,0.0,0.0,0.926177536231884,5.513888888888889,0.9816425120772946,0.0,0.8318353743025129,1.4574006852108654,0.0,0.0,0.0,6.458584943639291,0.0,0.0,0.0,0.0,0.0,1.1756815044858524,0.5587834211022616,0.0,0.0,0.0,0.0,0.0,2.5308641975308643,0.0,0.0,0.0,0.0,0.0,0.0,0.0,0.0,0.0,0.0,0.0,0.0,0.0,0.0,0.0,0.0,0.5150437525437526,0.0,0.0,0.0,0.0,0.0,0.0,0.0
2024.4792467158238,1000.5047610994932,222.36105859101644,85.54023592699187,469.96204195862805,139.00027327106096,76.94357951514628,131.6223076141231,45.828297036598535,1388.8946659301382,178.9177023130542,36.008789644451404,260.95267717446535,165.8095281489045,176.7324860406581,87.68121950541418,462.22025466241655,382.40636896783485,70.8387070251566,261.1062843986679,25.934857703765264,88.88881466858585,28.716282560032557,140.38735992120743,72.02273639306034,6.052058702268786,133.58666644580677,6.218354008269975,262.08617553081837,3.334467120181406,114.58653026867312,39.58394333113426,1.9347674384439089,18.17523929865305,99.97153007797264,45.434574684574685,2.8392341785198925,1.9828042328042328,3.8891321971679114,2.121731883636645,3.4265873015873014,123.36882451309971,2.8690476190476186,24.833923425625105,19.82188604495152,114.71357370065353,22.629560584917726,1.476190476190476,45.48281745941059,43.21370888260769,54.53691220595982,18.08661650007063,3.64585051192194,99.24491084182961,1.3721655328798184,0.0,17.006009979749475,4.8267268445839875,0.0,4.368795666414714,0.0,1.6843112244897958,54.843999102166116,1.2004801920768307,1.851048752834467,28.42221449786385,0.9623015873015872,1.4583333333333333,106.74261423683691,20.464379271522127,0.9345238095238094,0.0,0.0,13.206782965711536,0.0,13.087289518241898,0.8531746031746031,0.0,1.9982638888888888,0.0,3.8811649659863945,0.0,0.0,2.7634637188208613,0.0,0.0,0.0,25.662653318903317,0.0,0.0,0.0,0.0,54.342554951273435,1.8869047619047619,12.899659863945578,0.0,1.1098356009070294,0.0,4.4020691609977325,2.814484126984127,0.875,0.0,1.25,0.7142857142857142,0.0,6.967041281029376,0.0,2.764138639138639,0.0,103.5591665764985,3.035289115646258,1.6477272727272725,0.0,13.420515889138821,96.51423830993159,50.77324535583464,48.63795522417721,0.0,10.396615312791782,6.953290448528543,2.320436507936508,37.85884492685963,0.7452480992396958,0.0,2.3514911014911015,0.0,0.0,0.0,0.0,6.7899538603320115,0.5653473510616368,7.907620983513841,62.35063050569878,5.329142262965792,0.5782312925170068,0.0,0.0,2.8229517396184063,0.0,0.0,2.511904761904762,0.0,1.797524565381708,1.7260060842518825,0.0,3.3090277777777777,2.898242630385487,68.5982017418467,0.0,305.12657610829876,2.1448412698412698,0.0,1.8265306122448979,4.904572940287226,1.7307256235827664,0.0,1.0491071428571428,0.0,0.0,8.710782389879029,0.0,0.0,0.0,0.0,0.0,7.0278056929842645,17.723152641657542,0.0,0.0,0.0,0.0,0.0,0.0,3.963246409674981,5.869289895327583,89.59967801708872,0.0,0.0,0.0,0.0,18.103423440083102,0.0,22.033719300333445,29.204961847468848,5.122875581208914,8.384559884559884,0.0,1.6626855287569573,23.19732642474239,11.082268260839689,0.0,42.91545096768311,0.0,0.8694255479969765,0.0,0.0,7.769032444627682,3.2434889244954177,0.0,1.5476190476190474
2102.7396633824906,1057.32767776616,225.932487162445,106.37356926032521,503.83704195862805,139.1788446996324,88.3721509437177,155.78897428078974,52.4949637032652,1529.3738325968047,181.62603564638752,46.008789644451404,278.45267717446535,187.00000433938067,177.9824860406581,87.8895528387475,505.55358799574987,382.40636896783485,72.50537369182327,285.65985582723937,25.934857703765264,88.88881466858585,28.716282560032557,147.0540265878741,72.02273639306034,6.052058702268786,136.08666644580677,6.218354008269975,299.58617553081837,3.334467120181406,119.58653026867312,39.58394333113426,1.9347674384439089,18.17523929865305,104.97153007797264,55.434574684574685,2.8392341785198925,1.9828042328042328,3.8891321971679114,2.121731883636645,3.4265873015873014,130.51168165595686,2.8690476190476186,24.833923425625105,19.82188604495152,146.3802403673202,30.129560584917726,1.476190476190476,47.89948412607726,43.21370888260769,54.53691220595982,18.08661650007063,3.64585051192194,120.28657750849626,1.3721655328798184,0.0,17.006009979749475,4.8267268445839875,0.0,4.368795666414714,0.0,3.6843112244897958,54.843999102166116,1.2004801920768307,1.851048752834467,28.42221449786385,0.9623015873015872,1.4583333333333333,106.74261423683691,20.464379271522127,0.9345238095238094,0.0,0.0,13.206782965711536,0.0,13.087289518241898,0.8531746031746031,0.0,1.9982638888888888,0.0,3.8811649659863945,0.0,0.0,2.7634637188208613,0.0,0.0,0.0,38.16265331890332,0.0,0.0,0.0,0.0,71.84255495127343,1.8869047619047619,12.899659863945578,0.0,1.1098356009070294,0.0,4.4020691609977325,2.814484126984127,0.875,0.0,1.25,0.7142857142857142,0.0,10.30037461436271,0.0,2.764138639138639,0.0,103.5591665764985,3.035289115646258,1.6477272727272725,0.0,13.420515889138821,96.51423830993159,50.77324535583464,65.54271712893912,0.0,10.396615312791782,15.286623781861875,2.320436507936508,37.85884492685963,0.7452480992396958,0.0,2.3514911014911015,0.0,0.0,0.0,0.0,6.7899538603320115,0.5653473510616368,7.907620983513841,67.35063050569877,5.329142262965792,0.5782312925170068,0.0,0.0,2.8229517396184063,0.0,0.0,4.178571428571428,0.0,2.0058578987150413,1.7260060842518825,0.0,3.3090277777777777,2.898242630385487,70.07141602756099,0.0,330.33490944163213,2.1448412698412698,0.0,1.8265306122448979,4.904572940287226,1.7307256235827664,0.0,1.0491071428571428,0.0,0.0,8.710782389879029,0.0,0.0,0.0,0.0,0.0,7.0278056929842645,17.723152641657542,0.0,0.0,0.0,0.0,0.0,0.0,3.963246409674981,5.869289895327583,99.59967801708872,0.0,0.0,0.0,0.0,19.531994868654532,0.0,32.033719300333445,29.204961847468848,5.122875581208914,8.384559884559884,0.0,1.6626855287569573,23.19732642474239,11.082268260839689,0.0,51.427355729587866,0.0,0.8694255479969765,0.0,0.0,7.769032444627682,3.2434889244954177,0.0,1.5476190476190474
2411.5089496517767,1104.5218215853035,283.5564534739113,118.87356926032521,556.1231939874272,169.1976939059816,105.70900689822072,152.6223076141231,76.89026284856435,1601.790679638652,199.6815912019431,39.008789644451404,344.89910574589396,203.91667100604735,227.4824860406581,105.47883855303323,545.7371498043117,437.82303563450154,82.8525959140455,294.9951732875568,29.545247314154874,107.92535655806893,46.03771113146113,169.990534524382,72.43940305972701,6.677058702268786,170.3385603852007,6.218354008269975,303.33617553081837,3.334467120181406,130.75698481412766,39.58394333113426,2.237797741474212,19.071343194756945,112.13819674463932,75.67266992266991,2.8392341785198925,2.6494708994708995,5.813374621410335,3.3518906137953755,5.426587301587301,123.36882451309971,2.8690476190476186,24.833923425625105,21.488552711618187,153.00380090264542,27.6031055584627,1.476190476190476,59.47091269750583,65.14426443816325,63.0646899837376,34.47550538895952,3.797365663437092,120.10548776490653,1.3721655328798184,0.0,25.633956107695603,15.243393511250654,0.8786848072562359,4.368795666414714,1.4166666666666665,1.8694964096749809,60.93827519644221,1.2004801920768307,1.851048752834467,36.09620717185652,0.9623015873015872,1.4583333333333333,123.25487974910243,22.36914117628403,0.9345238095238094,1.6507936507936507,0.0,14.206782965711536,0.0,14.142845073797453,0.8531746031746031,0.0,1.9982638888888888,0.0,3.8811649659863945,0.0,0.0,2.7634637188208613,0.0,0.0,0.0,28.23841089466089,0.0,0.0,0.0,0.0,76.81603979975829,1.8869047619047619,14.090136054421768,0.0,1.1098356009070294,0.0,5.2354024943310655,2.814484126984127,0.875,0.0,1.25,0.7142857142857142,0.0,7.512495826483922,0.0,2.764138639138639,0.0,106.06547970781163,3.035289115646258,1.6477272727272725,0.0,15.730761199384132,99.51423830993159,53.0351501177394,68.27053098175297,0.0,12.896615312791782,10.536623781861877,2.320436507936508,49.19217826019296,0.7452480992396958,0.0,2.3514911014911015,0.0,0.0,0.0,0.0,9.6788427492209,0.5653473510616368,8.185398761291617,66.26729717236545,6.61702105084458,0.5782312925170068,0.0,0.0,2.8229517396184063,0.0,0.0,2.511904761904762,0.0,2.0058578987150413,10.059339417585216,0.0,4.023313492063492,3.898242630385487,99.18858126972623,0.0,356.69421680093944,2.1448412698412698,0.6666666666666666,1.8265306122448979,4.904572940287226,1.7307256235827664,0.0,1.0491071428571428,0.0,0.0,8.710782389879029,0.0,0.0,0.0,0.0,0.0,7.936896602075174,22.723152641657542,0.0,0.0,0.0,0.0,0.0,0.0,3.963246409674981,6.702623228660916,93.09967801708872,0.0,0.0,0.0,0.0,23.964534551194212,0.0,30.29021280682695,34.121628514135516,5.435375581208914,9.329004329004329,0.0,1.6626855287569573,30.02182137423734,11.082268260839689,0.0,72.2309271581593,0.0,0.8694255479969765,0.0,0.0,11.414865777961015,3.2434889244954177,0.0,1.5476190476190474
3741.3721275661474,663.9395495631811,673.7678791411441,469.91907689923954,554.1847665763315,478.4918453559088,290.77541634201083,171.93103949201011,1298.8473134227154,1688.1137748515512,73.94778203372165,157.1317918473247,196.1088538722662,185.62613396596223,160.55748392760944,79.05364739779715,445.64177892034013,208.60708355833216,52.99902647696688,326.70028648822694,173.08290070554298,157.52628573201073,125.48054020422633,164.1800932862966,140.048293887535,29.171410026499064,56.53417093696242,11.538997319390573,128.66184230975685,17.924262696908556,202.6560262666964,91.30887004496577,19.173973105633888,153.31416422775163,56.66339152765322,63.10208665728031,10.100236575095797,120.5761392314529,14.720101511878578,11.812932176201477,50.73287760342222,157.68950765753198,45.00258339459446,11.009288840411289,5.537404024820564,59.37877834061961,211.43502680309552,8.71889855811038,82.05448863121916,18.33312994946418,20.010837742022947,20.672847395932166,62.63443347541909,59.143538955907005,4.725260693935043,13.427802638205387,448.4886149543738,17.304844767329705,8.22960009821023,8.264260910884772,8.166052116014518,32.03221245786237,21.446348124697735,15.503933772263727,4.890992729088828,39.24872973517986,57.483114980786304,41.654550347860464,28.36684748752184,115.6514648251813,0.5789288653230498,5.624395955387384,2.833950685456995,118.34312964646398,0.8833142084397294,33.18654876836615,1.4025919820792847,3.53639802074676,4.372429431542732,3.6292659319683604,20.594091766519323,31.52305101927551,9.567282660650006,31.591800345248622,3.1837499801785514,5.347303138647262,2.5552412422758395,37.89623458409849,1.6119856356925322,3.629879219383872,4.551004129382886,5.014976402907437,46.53375022736367,22.352638249758073,11.236712792388994,4.317223632051218,0.6228174603174602,0.669198869392395,1.3737655557359991,2.002065111758989,0.9382098047650476,16.298683542824733,0.0,9.131490262771775,0.9145779332110315,23.644882310156454,12.685919009283671,8.065303190241613,0.6486017386656953,26.19224350426009,2.035916517800754,1.2152339140784518,0.6115972059321813,87.53792340317344,33.744249817642675,18.83783333850188,95.11156733778748,0.7829610758243764,15.904601992312076,136.63684241705948,14.065419501133787,12.959457937020963,1.2969148420829093,4.4237310308738875,1.2590322889719268,1.2920139117918228,0.0,0.501577437176421,0.0,172.1687032144332,1.355647275735215,16.966456850939608,20.736815004570293,2.1501797385620915,0.0,0.9042026423944708,0.0,16.00149300129068,0.0,0.0,365.92726465360386,0.9670785167213738,0.0,14.069856659417098,0.0,28.9117945709433,5.16503447682195,24.65787327751613,1.7582833133253302,84.72817626337115,4.10434375714988,0.0,5.100638975203801,6.401377985139421,208.46608862465246,67.89159099803757,0.0,1.1408730158730158,0.0,0.0,0.0,0.0,0.0,0.0,0.6535714285714286,123.08682702684803,19.26745221898283,0.0,0.0,0.0,0.0,0.5863977775018052,0.0,4.012499999999999,85.16016644626778,4.405652087674897,0.0,0.0,0.5783045977011494,5.205383532723435,113.9328508371072,68.29741507414211,5.218001848543721,15.227515156578782,7.420504240657301,10.878026735169593,0.0,4.988264376601542,20.833746020426382,19.681536785112613,0.0,21.669498747011062,0.0,8.73169314812172,0.0,0.0,43.51226665853877,16.789122985524546,0.0,35.64368628298542
539.1957349857519,183.48572350020308,297.1561888715343,54.00677106768204,155.87058296122487,55.200369745856676,52.43390562636984,246.66490993306778,24.32346775418106,96.38829576360746,27.534085573227152,16.08909364393665,126.39721536158987,26.79698938560831,34.28720856282551,51.128605438164264,177.89048993981064,30.910151511161207,17.96898984615523,84.86360177359391,54.38573171260789,104.97343287548831,7.109068240179535,56.064819997993155,70.40314576480156,39.46194761677853,55.09477425503189,17.05317693551513,46.99427531650249,64.06682438830154,62.851888157635,11.733230438020506,46.94619296510707,18.57292714054481,7.961345180801169,11.388745066294618,39.32001283898449,7.027446709295224,2.06113735148262,26.04632041772387,10.620362135796208,29.098160181950977,9.588330183950388,18.360638003967075,5.077721138657839,2.676321398124467,21.130954787302567,4.4363007768138845,4.212758942298584,3.2420925598035573,18.309700167136324,13.595062244518767,3.417483660130719,1.8078281696674705,3.0504740140822832,6.798395397263065,10.574972203051914,88.52956872314287,6.774669323914848,20.638789010323368,5.995634366111359,8.120550955837968,7.2733993361043,19.656207866171634,21.247151050281378,4.495440695712435,1.5056973347914044,1.5599609179772223,15.01978029459647,0.0,2.901604049584655,1.903630951185299,46.282817620258406,1.3059894681271493,9.189129016468105,0.0,1.376474056274781,254.93196075645787,19.255060780225868,0.0,7.814903950773515,8.260387349213904,5.232232048168749,7.962688819782641,3.1673301292733305,5.877734711808667,9.084168265817882,34.129336349924586,2.8069645732689215,1.1704498534208678,1.5776143790849673,19.004462338381774,0.0,4.849725628638672,0.6816123188405797,3.2974897217650843,2.15544146908526,6.57594492526635,3.3474716097265116,1.5106067606067606,1.9866637538206162,3.7156905275777827,5.231330515297907,26.627687470078776,0.7714647662297918,0.0,1.0659104988149106,0.523505582788671,0.0,3.9666653833320495,8.857431149097815,4.695271371392296,2.6418834180462083,0.5659250879839115,0.6834143926535231,0.0,0.6047178130511464,3.633756494050612,0.6876361655773421,1.2738095238095237,1.329938360517005,2.6456456456456454,1.8536516732648445,0.0,0.0,0.0,5.658023638362513,3.0596432552954287,0.5209813049327116,0.5462962962962963,0.0,0.0,0.0,4.786679634816889,0.7478465497433955,4.2717054414358335,0.0,1.0570230117915953,0.0,0.6489599044746104,0.0,1.7647058823529411,0.8690610859728507,2.1356037533040944,0.0,3.347045707915273,2.789855072463768,1.021874775551246,37.02266489337428,0.0,0.0,1.0922025505358839,0.0,0.926177536231884,0.0,0.0,0.0,0.8612471390083952,2.207400685210865,0.0,0.0,0.0,1.4673384450398517,3.191111111111111,0.0,0.0,0.5555555555555556,0.6578453453453453,0.0,4.204616754435595,0.0,0.0,5.672951231774761,0.0,0.0,0.8641975308641975,0.0,0.0,4.168242296918767,3.1933121980676327,0.0,0.0,0.0,0.5555555555555556,0.0,0.0,0.9629412020716368,0.0,0.7307692307692307,0.0,0.0,0.0,3.8483770858770856,0.0,0.0,0.0,0.0,0.0,2.5009494788906554,0.0
891.6392646573677,247.28948579715103,252.96681748682414,69.87302743371103,182.6771302285018,66.90806768801484,39.98655234908501,59.437161353231396,164.99674409679787,378.808676320656,39.1541453062169,27.692827584988958,64.33662391926781,58.1157174712069,38.724055496538845,26.643229579946492,209.00765228293895,36.3437627711753,21.79524943340887,54.42976186616529,52.50571083233472,60.09448310214554,51.734614305970986,53.901762207646364,87.25764945958417,24.66412981431659,24.694343274039905,9.140781297044095,57.84387800419658,79.78836490661304,46.889875119975216,20.602748123429947,6.691271068643223,14.445981503137126,7.939962503971125,23.896088880476327,4.282936361822011,4.343105923421402,7.583836068836456,41.94322078219711,20.701104636477453,16.41923681985877,20.923156786504546,4.300318622009798,2.257508855705476,3.515552980732674,112.88899631435947,20.36796674104517,28.128496706403062,8.082029448589282,7.743359731625374,3.4844974402645255,8.172467514690563,2.8692800433328096,1.6568922217872786,4.422545455264324,10.891227068258285,2.388658427015313,2.928540814268848,19.424956084449008,10.591001336126094,1.25338042238035,9.961279517215655,3.326519512444464,30.788246671814665,3.2535896338297983,3.1045752790608403,9.361820879345833,7.192701128572692,2.904201236838083,1.3620225440268543,1.9539634723371815,13.314990885000347,0.9553836352081966,0.5566991492711463,11.82263574330805,1.5174812944937894,1.8653477277198505,1.965883721803531,2.155889069254844,3.692494828312949,0.9227316182530086,2.264214426461428,0.6993357620893118,3.2342264296529555,29.039681786764202,3.9487304889389643,13.497056685218631,0.6200391337308173,0.82608208145042,7.862889955188717,13.545598843425617,8.393241460337048,1.333264019641711,0.6715173654461468,1.164963904222617,2.0300107708195942,0.9768222132105979,0.0,0.0,0.0,0.6585425632427867,2.4199421352818917,1.4654280167454188,2.1620825939803527,1.2992740426104397,9.069630864609165,1.308801511378901,1.0039899317356773,10.133548087714754,0.0,0.0,0.5733933681448895,4.082512163064132,0.0,3.3907277283844683,2.221079491924459,2.470756604107897,2.194286406747707,19.270317101387146,3.841794353307511,0.8040984750543575,1.178374081275867,1.457866785991786,0.6497518203318796,3.6094487042143935,5.181730762554494,1.2050528321048157,0.0,0.843841426430712,6.759270527164508,2.2456291200133562,2.12691361356222,0.7577279804895338,0.0,1.8338758244331883,0.8088114299879509,0.771172949172293,0.0,0.0,10.017109337129051,0.8804979367225817,1.6132502765996681,7.4704489298599235,4.91674529497013,1.6488413547237077,3.158354502017701,4.197758599876528,0.0,10.929117097799516,5.7520827308656255,0.9623015873015872,0.0,2.5923617741474283,1.9638675310959504,0.0,0.0,0.0,0.6195680246470254,1.1174968071519795,0.0,2.688487026557139,1.5553971185486823,0.9619200244200243,0.6887331266443109,1.2854383949170287,0.7754788784200548,0.0,1.5961762575646232,0.0,0.0,0.0,0.0,0.0,1.5664118600406833,1.1480410991803804,0.0,0.9683966704090543,0.0,2.2116739144851465,1.3996522649593148,5.258840728517074,0.0,0.5621526011866921,0.0,1.3186487682424215,0.0,2.2819712211464234,1.272035627208041,0.0,0.0,2.0068843470099207,0.0,3.7060856240422804,0.0,0.0,1.5108525733525733,1.1419610028461704,0.9723893575224488,3.4732029093484202
488.60902518418135,63.25895620374483,122.01965061254741,29.275729602292508,144.07376070528682,22.51633549940575,19.0657183430769,27.824873308998253,97.35469925869519,58.943103067323236,9.316880708691054,19.234180965659476,54.412114190733746,76.27363715744195,5.710214741894422,8.393862770885132,224.26392479187402,16.46009831752929,6.399151613582594,25.408475874315293,30.80025635812624,68.09478753758202,20.646120187440335,24.825127868012313,20.5191372618615,33.17000017589437,17.051027847581263,2.4029080461329095,46.20356113632797,2.949080606079866,62.805838764190376,1.4416368042140117,1.9231439075107577,6.465389722144348,1.6060142147580572,4.995687307024963,0.6966916225536915,3.679064081428263,0.8914710661837099,5.76293269177293,2.878915866729346,2.578823138071606,7.819202834717387,2.06048409262695,0.6800185765703007,1.9008404206452503,26.426448010367537,20.083381299977518,16.494366939402685,3.4493046074564657,0.6547876346726921,1.0700035423434437,3.393624171521681,0.0,0.0,2.939964031589647,3.55122126550698,5.253160314198545,0.0,1.3760600540317824,0.0,1.173735747011609,4.635400736413567,11.715168378629917,4.787978868100572,2.4605921855921853,1.164351526240894,5.660641529607046,7.42673113923114,0.616043907274844,0.0,1.126781648990011,2.09944706227597,0.6265031265031265,0.0,1.0339025863451152,0.0,0.0,2.197573020848883,0.0,1.5807664770308447,0.907142857142857,0.8042615596963423,1.7178286273113859,0.0,0.0,0.0,30.15403862874371,0.0,0.0,16.578409217045582,2.0707943876047326,0.7647780324250912,0.0,0.0,0.7845166327924948,0.0,0.0,1.0838464696223316,0.0,0.0,0.0,0.0,0.0,0.0,0.0,0.0,0.0,0.0,0.6976724921169366,0.0,0.0,0.0,0.0,0.0,0.5080671244464348,0.9759448016931912,3.5367785683877635,0.6271093285799167,6.228706841563374,0.0,0.0,0.0,0.0,0.0,0.0,0.0,0.0,0.0,0.0,0.0,0.0,2.661939911939912,0.0,0.8582013224870368,0.0,0.0,0.5116008411834183,0.0,0.0,4.121827735499266,0.0,0.0,1.1590748810576397,1.3338066786342648,0.0,0.0,0.0,0.0,0.0,0.787792894935752,0.0,0.0,0.9715131611683336,4.685194233870704,0.8699633699633699,0.0,0.0,0.0,0.0,0.0,0.0,0.0,0.0,0.0,0.0,0.0,0.0,0.0,1.0804061838544599,0.0,0.0,0.0,0.0,0.8652682360314824,0.0,1.0054734537493157,0.6409050825717493,0.0,1.5543132553908416,0.7754288609507465,0.0,0.0,0.9295133654224563,0.5844155844155844,0.0,0.0,0.7258038258038259,0.0,4.994686029168788,0.0,4.289974691883559,0.0,1.2676767676767677,0.0,0.0,1.6704985490699777,1.4803215303215302,0.701754445484853,0.0
999.192115485457,103.19417301448551,177.1879554503732,84.82931009657983,262.4588839196198,108.66827895342149,119.33426625457875,236.02229059520727,306.6104872188285,184.94382084389017,49.378216496764885,79.5813488830962,140.9590685026841,133.4443291083916,36.09185363247863,71.0917112594196,500.22925887334486,150.6118245180745,45.28659534909535,63.67624373991097,210.55205215309383,76.65442948255448,79.93537322519177,50.12780887596075,100.97929124968599,32.78628090963617,173.47767772351105,23.01526124338624,41.51037099474599,8.811800468050468,182.44996887259992,13.4118318024568,9.070897274022274,25.94542559814737,17.087222095034594,15.522035256410255,67.52556211149961,18.886994949494948,31.041430598722265,8.902259199134198,23.639537545787544,16.83896562542396,26.31634574915825,12.112319393569393,4.735536165223666,11.399044820919821,33.68501583496101,3.027199074074074,7.741071428571428,17.439484126984127,35.686846332679664,40.02251307720058,17.664178028761363,3.8275462962962963,6.327497444684944,13.58889690307701,4.957561728395062,90.35779109008276,4.1438492063492065,9.247570716320716,10.095436507936508,2.013888888888889,14.597006345158226,186.907227032227,9.833498677248677,8.136326058201057,3.7922149122807016,19.213183517871016,8.164517773892774,2.867739898989899,6.1770131874298535,2.5,6.807404401154401,75.2499812109187,11.024305555555555,0.8419011544011543,8.963912630579298,19.69861562049062,4.8307052490520235,2.626736111111111,4.829861111111111,45.412965944971994,0.0,0.6241883116883117,0.0,1.9791666666666665,0.703125,12.355502136752136,6.440288299663299,16.26402417027417,0.0,0.0,5.757801226551226,5.540547415547415,3.241341991341991,2.04274515993266,12.845097610722611,1.4756944444444444,0.8333333333333333,2.3177083333333335,1.593215811965812,3.4583333333333335,1.8229166666666665,2.764756944444444,2.946428571428571,0.8072916666666666,4.942336309523809,4.488219246031746,0.9990530303030303,2.775813692480359,1.71875,2.711591581076875,2.3757440476190474,2.719809704184704,5.798926767676767,4.059289321789322,2.3321759259259256,0.0,3.2100694444444446,15.894059644059643,3.8948863636363638,15.440806878306878,0.0,0.8072916666666666,2.6994238400488397,0.625,1.2199074074074074,3.083333333333333,1.033653846153846,0.0,0.0,5.803571428571428,2.03125,1.25,1.8599537037037037,0.0,1.6527777777777777,15.38033532327887,0.5833333333333333,0.0,7.8516414141414135,1.0069444444444444,0.0,1.2916666666666667,1.609375,4.022280092592593,2.189179743867244,5.0,3.7897727272727275,0.0,8.979861111111111,0.0,5.721153846153846,103.08551912978996,24.626691017316016,4.600694444444444,1.7395833333333333,0.0,0.7804487179487178,0.0,0.9821428571428571,1.0416666666666667,15.27588383838384,1.8229166666666665,0.0,0.5637851731601732,2.0572916666666665,0.0,0.9114583333333333,2.625,0.8883101851851851,1.4652777777777777,2.6134259259259256,0.0,2.3697916666666665,0.0,0.5625,1.2460430194805194,0.0,5.194444444444445,1.3541666666666665,1.9731359649122806,3.2916666666666665,2.4791666666666665,0.0,0.0,0.0,0.0,1.9196428571428572,2.2,0.5300925925925926,10.230654761904761,0.0,17.322916666666664,0.0,0.625,8.016215728715729,0.0,0.0,0.9895833333333333
707.6481749622216,396.23253315481526,385.3799220060772,53.265229721370815,219.81779542740915,60.19953679868961,63.850111434290824,206.24744730520973,44.10798110286659,115.21010662238143,55.48645104085405,36.617425982286036,133.99413135314433,26.23192060168262,80.17843853421218,28.610847303377742,255.6308738605296,4.585282821991618,33.094655829639336,253.77234206549684,123.06588321057654,109.8574517233369,16.83855982655906,185.64288290948633,97.36315511083997,80.38282795211575,117.44431065689763,3.573600644285168,29.903665727407358,29.670431660817346,0.9493464052287581,12.53140521586455,56.89011579722592,24.4203244505177,22.436436707706868,18.81896932689661,2.204840067340067,4.850348725348725,15.755856732747489,5.106072917382441,5.509921695951108,1.1424033482857014,7.260826541977712,97.72114719935522,4.389690170940171,3.1821551520008744,5.020703933747412,0.8634860509860509,1.9999871160585447,4.4525634748849034,1.77196333078686,3.062770562770563,3.0096500721500723,9.478553284570046,0.7500890313390314,1.0635693671407958,2.432900432900433,81.61069536530381,5.206518087032793,8.523866131872161,1.5299393823490208,3.335332491582492,0.0,1.5716407775231305,19.402815050458948,0.627843056414485,0.5608848663284147,0.0,0.0,1.4695767195767195,2.90958639671875,4.2099567099567095,20.807088744588743,0.618156353450471,1.3880057073334384,0.6353859725708465,0.0,9.630013681489427,0.0,0.5667981915292587,0.0,1.1458333333333333,1.3770854832515822,0.0,10.464644775247242,4.253483089039811,3.1782738095238092,0.0,1.1064483874357824,2.9577660242982824,0.0,0.552051123479695,0.0,0.0,0.0,0.6520562770562771,0.0,16.499122405372404,2.349057804940158,0.5891213234605137,6.834104938271605,67.51118954348243,13.862844717011383,2.9647331154684093,5.12720855489475,0.0,0.0,0.0,0.0,0.0,0.0,8.95740050712961,0.5451362363127069,0.0,0.0,0.0,0.5681818181818181,2.4900994067660736,0.0,0.0,0.7965367965367965,0.0,2.1203130410413324,0.0,0.0,1.42533526640087,0.7106037701275796,5.247775372775372,2.512043551535961,0.0,2.3253596893302775,0.0,0.0,9.637025497674362,0.0,0.0,1.599206349206349,0.0,0.0,0.7878208101422387,0.0,1.8055555555555556,3.9884559884559883,0.0,1.0222763347763348,0.0,0.0,0.0,6.813725490196078,2.2222222222222223,0.0,1.228988603988604,0.0,0.0,0.0,0.0,1.5465686274509802,1.236171236171236,0.0,7.415993767986178,0.0,0.8333333333333333,0.0,0.0,1.1025641025641026,0.0,0.0,0.5341015193956371,0.0,0.0,0.6774891774891776,0.0,0.0,0.0,0.0,0.0,0.0,0.0,3.508960573476702,0.0,0.0,0.0,0.0,0.0,0.0,0.0,0.0,0.0,0.0,0.0,1.7316017316017316,0.0,0.9166666666666665,0.0,0.0,0.0,0.0,0.0,0.0,0.0
1342.4839207752395,471.78639491193695,724.4155887036665,263.0198395130657,547.0894243313372,60.67676878458794,125.57114174074239,217.8150378802692,287.322294691814,677.3487458638922,123.30226539625174,93.13474706683157,351.9070583102228,200.99481120117602,197.2388331035541,118.93821831621679,357.2335125081877,130.16235031932766,143.17552911283343,216.64818791799405,157.25585986814022,378.2415567684307,109.63278376382854,254.97439966368097,219.1359850621162,98.5169785196165,339.21190982255536,8.114186491860288,321.5133784861496,100.79528618705376,101.23719428609643,86.44322851287,36.28480186690414,166.8026615020386,77.50258857249453,131.8558400481256,0.9031436817151103,29.60621765330479,96.97748714897837,69.51010709979892,41.52601062958205,11.704679733846401,144.62568973004898,43.775478638425064,51.31467197795979,15.90252816662591,502.3981058093689,60.055962462071484,118.89750617456497,15.190707992304311,7.770402437069103,14.853870451314428,15.080921448971699,50.531606331377816,10.549124487879714,213.86966796044905,6.644934497242515,12.130511463844798,24.983986109636263,102.5173868052129,8.544297071975643,14.79595205085401,24.25064118793429,7.029621893258256,64.21310042330977,14.046532541532542,26.054656405102833,53.316130277988044,7.336334300620015,15.460956044336063,6.700766202396637,111.96558371312231,54.25112604501878,5.3365457294028715,10.04400152316819,6.343099700007595,1.3099799010513296,0.0,174.8268430557517,6.587553808050703,27.434349950806535,2.1789938456605125,1.9315476190476188,23.088970533823474,26.768003908511428,2.8634606134606133,1.911655844155844,26.342641763026556,7.4270161055875334,7.192665330506717,17.02473033502445,37.657735825487926,23.902495516466104,0.0,5.598250009370139,24.790438635632963,22.877052277787573,5.587301587301587,0.0,1.090453858311001,4.7587950222117525,20.475863422291994,5.971028315520897,1.764975764975765,4.532429638522075,28.277953527953528,103.50603372682187,6.180990884115884,3.9510551737824464,1.442901234567901,21.838591963591963,3.249390292247435,2.4532554987100443,8.339375901875902,2.060266738274257,33.849259635225216,1.7298185941043083,8.791425092764378,16.54655184140478,22.500678340477997,20.513007966344432,0.0,1.7516006402561024,1.9014550264550265,49.23679941090655,9.250522030879173,5.832667332667333,1.4911186696900982,5.461175068317925,10.678950216450216,17.238943057503665,4.298951048951049,17.4949837233031,0.0,5.823404109118394,33.65691243136895,9.440255731922399,12.842985047300903,1.1902597402597404,6.942001375848778,14.390903442797383,0.928016428016428,1.1273448773448773,42.2694252015044,1.3967624086671704,1.1903136545993689,21.238696313506917,16.896928071928073,0.0,2.2986802549302547,0.0,0.6170634920634921,0.0,24.192460317460316,40.52103914603914,2.1156311009252184,4.976190476190476,3.0448371073371074,0.6134259259259258,20.69000873465159,0.0,10.667538243687696,2.0476190476190474,5.4913213537163115,3.6719322344322345,6.233861570528237,0.0,2.074175824175824,11.209314324020205,0.0,0.0,1.0923091458805743,0.7927489177489178,1.2083746693121693,5.218501406001406,2.753815162428608,1.6930816097482764,0.8253813646670789,2.735347985347985,7.683570596070596,4.183419378974935,13.046355496355496,0.8658008658008657,2.422062039944815,2.496031746031746,4.475675118532261,1.7606837606837606,2.1751526251526254,0.0,0.0,0.0,5.30420485599057,0.0,29.815402339497734,4.8319440149797295,1.236928811928812,0.0,4.328548051275324,0.0,16.054824561403507
383.4741316671976,68.82027994391149,47.39597314752762,29.42171777688045,61.41639405004664,22.215314016877528,21.06749515455002,20.77264413452588,93.29197551443629,57.74345215953731,8.91490777290622,20.047466450499307,23.66860661951896,32.12458736441563,16.09815853078405,10.849282318432065,48.71326761682881,19.853267929516527,12.804582032522438,15.59251517457328,15.361309796452073,17.697894896266952,9.522886746572873,19.931363258154796,14.710541362282479,4.384630833469873,7.526013970472121,5.538997319390572,11.220987331401863,5.518012696908557,16.10543102860116,5.025320261415995,2.441159622820404,6.226557390144808,11.210649824911519,8.74544640425848,1.7669032417624644,5.2080836758973446,3.9438869856640517,3.424294669916911,3.6396236351682547,7.469193249717579,5.923218315229384,1.5324092385316874,1.6710620334785722,8.170477926436847,51.702265342712586,2.630514719726542,2.7719794737100014,4.5533680447022755,2.3997266309118364,2.828525051609824,8.363600142085755,2.607824670192721,1.5109749796493286,1.1381200985228483,11.534042838036985,1.6118623111893557,2.187933431543565,2.4309275775514387,1.926735876698279,1.0368420874920026,1.6602129635625738,2.698378216708172,1.9230440111401104,2.134720857584024,2.2373121724834983,5.297407490717608,2.116847487521844,2.7455304817469486,0.5789288653230498,3.3743959553873837,1.365200685456995,1.9437581845925183,0.8833142084397294,2.603215435032817,0.6883062677935705,2.28639802074676,0.0,3.6292659319683604,2.889546311973869,2.870273241497731,0.5791874225547695,0.9608479642962401,0.9935790400076113,1.627966919311043,0.9900703021048993,3.760321885685788,1.1119856356925322,0.967180806685459,2.161402989781746,0.7292621171931517,1.0694645130779583,1.937955710075535,1.3016478573240589,1.0301865950141813,0.6228174603174602,0.669198869392395,0.0,0.0,0.6351795017347446,1.2986835428247336,0.0,0.0,0.5574350760681744,0.9980569133310595,1.5609190092836709,1.6764143013527248,0.6486017386656953,3.3390689010854886,0.6470276289118654,0.0,0.0,1.9631370783871094,1.954834371977229,2.1354523861209294,1.9260514647716078,0.7829610758243764,0.0,49.02765993287701,0.0,0.7927912703542956,0.0,0.673731030873888,1.2590322889719268,0.0,0.0,0.0,0.0,1.1536418868718952,0.5326659092755877,0.8831235176062762,3.084397977153264,0.0,0.0,0.0,0.0,2.251493001290679,0.0,0.0,27.29870163165849,0.0,0.0,0.518930733491173,0.0,0.0,3.4983678101552833,0.7580716902145473,0.50828331332533,2.6279778506727474,2.5081899109960335,0.0,0.6561945307593567,2.026377985139421,6.263851319473989,1.949130680577259,0.0,0.0,0.0,0.0,0.0,0.0,0.0,0.0,0.0,0.6635662598372682,1.0591188856494977,0.0,0.0,0.0,0.0,0.0,0.0,0.0,0.0,0.5663663733891825,0.0,0.0,0.0,0.0,3.6618371285934974,7.137692851919886,0.0,2.2435318196542684,0.8014566216096828,0.0,0.0,0.8930262813634472,0.5083491950295568,4.087922066497893,0.0,1.1276517051640205,0.0,1.0874623788909503,0.0,0.0,4.951420097692215,1.5427451803232115,0.0,4.842404231703372
814.7061294934832,128.38009949089005,266.85129078910865,192.28068498360915,132.98251762311693,69.85267966617978,81.3710088508225,223.88022464468528,22.912353881426824,274.3539018108517,21.61508723859914,29.585676696250005,80.90749636805127,114.17080005376587,39.47410309510873,17.50621171346746,306.4583227631936,30.630507884972168,16.419813625875655,104.14687653030249,20.42550805120576,139.6856482811648,5.4061791383219955,87.46524604510715,102.96448392240255,16.70633969784972,61.153795948203836,29.359628318009946,51.30088754807043,81.95876836346062,5.928962076283504,24.48459531558299,26.523219919494696,44.319262857030914,10.004051252236371,13.07201849271177,30.398898627995074,9.390640405346288,14.463688758331616,8.761151051329623,49.04306679512538,1.0685107376283847,32.4554206348598,50.72195541253404,10.957129290462623,5.967571119356833,2.2613378684807257,11.576645795878159,3.9967868881559356,15.365525250504241,6.095278178611512,0.7964766714766714,7.125901875901875,8.759291220475431,0.9642857142857142,5.770317975675118,0.0,56.43927290031323,3.398448773448773,42.803500890355956,13.800444899573556,3.234577922077922,0.0,10.998825187969924,16.54216736328805,4.326410362124648,1.7557720057720057,0.763725770028291,2.059163059163059,17.08068783068783,3.9938258796341506,0.9986020923520924,29.74177862351882,1.5194805194805194,2.1089337250051536,1.0601744485673057,4.305435305435306,5.845238095238095,5.17526455026455,7.440451552973067,1.1458333333333333,0.0,5.596955884549869,2.546642441379283,2.8984903984903987,8.478226138940425,1.2698412698412698,0.0,0.6841516067706543,1.1108682983682983,0.9077380952380951,16.295330000687144,0.0,0.0,0.625,1.4842310467310467,2.5,2.9919681288728905,3.756718975468975,0.0,1.4270833333333333,14.295327221797809,12.80848160019553,15.256734006734007,1.4364177489177488,0.0,9.690416065416064,0.0,4.070294932671779,0.0,0.0,7.274135860484544,8.433390022675736,1.4943143049760697,0.0,0.0,4.773629148629149,0.6767161410018552,0.0,0.0,1.7688561438561436,3.428571428571428,7.123203146581906,0.0,0.0,0.0,5.4402045553054865,4.103626765391471,2.8454184704184704,23.338156470722257,6.736426767676767,0.0,0.0,50.65826622315593,4.650187265288197,17.234163863387668,1.5476190476190474,0.0,0.0,1.0367692985671755,0.0,1.4163359788359786,1.898577612863327,0.0,6.104797979797979,0.0,0.0,1.7668650793650793,0.0,0.0,0.0,7.703373015873016,0.0,0.0,0.0,0.0,0.7463369963369962,0.6896344396344396,0.7142857142857142,21.055104617604616,0.0,0.0,2.215986394557823,1.4619065574947927,0.0,0.0,0.0,0.0,5.951569264069264,0.0,1.3903168590668589,0.5692640692640693,0.0,1.48015873015873,0.0,0.0,0.0,1.3778486838831667,42.13780655464769,0.7005070546737212,0.0,0.0,0.0,0.0,0.0,0.0,0.8495670995670995,0.0,0.0,0.0,0.0,0.0,0.5720470006184292,0.0,3.8551780560709132,0.6299603174603174,0.0,0.0,0.6881313131313131,0.0
1997.1551936814096,476.7227010151039,663.3269818196433,483.1318448032316,450.04041178454145,246.25411938477635,162.54097644936152,572.2446142551231,80.60516993882621,859.8418549035613,85.08535038594562,192.34929788546643,153.7220276292737,371.85823727612956,157.405455693128,57.3000278510336,1040.6649235899197,140.8396786745001,117.37749881619973,391.6927028451589,93.43541812665673,507.2362092171424,48.296170319979844,340.4942807229513,406.9368665698844,18.055215359225382,210.8578269994571,56.36023457903287,375.19545658500056,474.8369254027189,9.819186435257864,80.59845213777314,76.87688268089555,160.30853895791415,34.86324606976452,54.576894624076,173.17354527764172,40.118527101982984,29.494254334730524,67.53672424356948,175.84096141593665,0.9523809523809523,96.82092915049087,81.8325460519237,29.29167514584181,32.97833350511922,25.495905769715293,35.85798498138401,27.47261661398566,75.36696648356312,48.05956389289722,0.8103655603655604,12.502224627224626,32.2211679240188,8.21792328042328,9.425568589259065,0.8441558441558441,61.62166441752617,27.625730236841346,415.44594030720015,28.74640750178616,40.77904756178565,0.0,4.7210474101921465,393.6523996501076,20.267608053322338,8.435225268558602,34.40592153722405,14.162337662337661,11.165895061728394,38.30084447831941,8.815566378066377,182.81142059668554,2.5194805194805197,33.90298535239011,28.18776483657436,15.468398268398268,3.9103835978835977,4.728835978835979,15.870375795397308,4.926461325270849,0.0,40.63449319292051,13.008062194465703,15.14794555092174,47.310050619574426,11.44047619047619,1.107142857142857,13.02608163074433,3.527534965034965,3.2132936507936507,47.06277166396214,1.2373236331569664,2.9004329004329,4.212522045855379,10.026228401228401,5.714506172839506,1.637801462206224,8.975303631553631,5.389032173934771,8.245320504745107,27.56948452781786,12.888962076509339,5.722222222222221,7.287902169846614,0.0,23.227558321308322,0.6917388167388167,10.258987413030926,0.0,1.507936507936508,8.193117341966026,9.936195858814907,5.179850219678651,0.0,0.0,3.089987173320506,7.192148239767287,0.0,0.0,9.137963887963886,8.428571428571427,16.73332219420095,1.7667748917748916,0.0,3.037824405099686,24.16031651336679,9.075759956274663,12.490480198813533,15.405440421339543,18.17441492590302,8.864173269875025,0.0,33.75429018829754,4.132981477249076,26.56662685700262,19.274029982363317,0.8638771748015445,3.0135331489498154,1.1891777833286015,0.0,4.842460317460318,2.3231807874665016,2.948717948717949,8.750025052108386,0.0,1.5558862433862433,7.776785714285714,0.8333333333333333,0.0,0.0,4.817365504865505,0.0,0.0,0.0,0.0,2.9059489892823223,4.833152958152958,10.286044973544973,7.884469696969696,0.0,0.0,9.025171037075799,6.080072342327244,1.3888888888888888,1.2777777777777777,0.9548160173160173,1.9784351451018116,10.068853214686548,2.916305916305916,4.902221620971621,1.0275974025974026,1.9008387445887447,11.015873015873016,0.0,0.0,2.794312169312169,5.251305474006623,130.30352707751106,0.978284832451499,0.0,0.0,0.0,0.0,1.736111111111111,0.0,1.4938572230238896,8.666666666666666,0.0,0.0,0.0,0.0,12.417285095856524,0.0,6.770411742137933,4.0721600929934265,0.0,0.0,3.526455026455026,0.0
733.1096328972538,206.85211563485154,226.9195175142182,131.89661428750293,140.63700296953908,64.11915310647548,83.5290484794219,110.35217263136,40.37708755091252,309.44308054173445,47.40255190660828,64.4859898651134,165.4528819510068,85.0055661484603,85.15044108665165,21.630783784809893,214.90532278282166,41.73423945517083,27.29546279383289,81.25890044444455,126.71563245693655,134.85866787492327,25.59095368691226,88.07132191292169,72.31817177099882,44.959595055590896,48.23255762273283,21.24203308602643,79.61764790448831,123.07439501290973,17.756614359081464,32.0945218123887,89.50907061612116,59.74747175365873,11.197767041975654,34.156371513522245,24.671872822255413,14.9115135023836,20.469384379727366,10.909791257217728,58.80348014246516,14.819953095198192,43.12118458256997,25.238672272528763,9.691538864185922,8.043432755859683,45.30382992014692,14.854615059361576,23.54254688666453,15.646185557063061,6.110874194795763,6.830952380952381,6.752679868243594,15.433988573473867,2.5151611687150903,14.649522929848628,28.525537579704245,25.093956096624456,19.70356276983728,103.61692914539337,26.20722139917868,22.00712244061917,67.79348780213977,24.221461314453414,56.83817759560673,7.460456857956858,5.810034535181594,3.239714582802818,26.18026284445402,6.547438701649228,6.04389650518327,8.149885461177478,37.45890237553841,2.8402438610771945,11.256127207841278,8.519633280662692,3.8850105042016807,32.51780313360663,8.802976412657785,8.725136961593543,7.796417527819967,1.3034781576448242,26.891890816583604,14.275048168237271,8.280149261789667,14.70917396003941,9.859199705523235,12.375722092450033,2.4393134973492114,1.3870883655197381,9.65687879318394,15.2920914053267,1.1609130772191918,9.205840455840455,2.5733621226268286,13.669087730533809,12.341295735640745,7.917604789267992,4.420695940725233,3.031175867324839,3.516076291627762,42.51310082989537,7.4203649645289484,4.618961362711363,4.260404506531957,12.12943079297246,6.253801141668789,2.4576377816083697,4.324633301145303,2.597281576448243,3.357760819427486,4.322314310725163,5.417254273504273,1.4488717709305945,0.0,2.097162097162097,12.527782865282866,9.540175907970026,3.2662686442098208,0.0,6.7393148200746245,6.648856658047834,3.40551304632187,0.6367735042735042,0.0,1.1721427231584123,17.720031592409043,4.8084680923651515,7.375844974742033,1.8634602665852666,1.9078097828097829,4.180577601410935,1.4447802197802198,8.03205191804908,2.491682103753182,17.075930605500087,2.547805589472256,0.9900222983387283,3.275735992402659,4.784993685508391,1.0897435897435896,2.3313725490196076,3.0221845828463474,4.1196488207570905,1.2101031865737748,2.3190079365079366,2.396362433862434,2.309908963585434,5.168827360003831,0.0,0.8943768719409744,0.960437147135865,3.674884852801519,1.1003787878787878,0.0,0.5886818495514148,1.2518552435219101,2.108229798523916,3.4940325913402837,11.153787572721395,2.0557889822595703,2.2191424309264867,5.732137021475257,2.0718046223928575,0.0,3.076958661809205,0.7871459694989107,3.298743535875889,4.600236718619072,3.1979938271604937,1.8862791783380017,3.0887726942628904,0.8754084967320261,5.527508829618804,1.1076388888888888,0.0,3.3947829131652663,1.5765148325493152,6.8561822644354695,3.195818320205575,0.0,0.0,0.8999118165784832,0.0,0.71875,0.8394612332112332,2.021031746031746,0.0,0.0,0.0,0.8636838624338624,0.0,2.9106994856994857,0.0,1.897662037037037,3.528354119425548,0.0,0.0,2.7124076903488668,0.0
4122.908724345335,1135.757918435769,1290.036648826351,1176.5107538137545,1117.5521370823462,461.837030317481,384.42844116538686,1006.6470645830492,185.15111193943378,2148.736406739956,475.7348558834319,380.87109999347155,813.781888562866,641.2526497430161,838.6868575831088,156.93041660792943,1317.272994357165,283.33317624369096,261.6484293592994,278.9883075539315,634.2271134431213,964.8701699245153,248.475937774491,382.1272707215211,725.2191789982164,213.92500207790582,422.0151323730947,153.62686262274067,454.9423186371947,1076.246956783374,114.44626799248509,364.29124749168614,195.8299185223591,511.4310506300947,139.105949097356,143.7787826671834,179.09822563610822,127.35002620963445,118.66901962575012,49.336207732898906,454.4074324758311,40.91944455845016,376.6980078334423,123.25014195299354,136.99093058851847,60.631665356592286,286.50826326057097,76.8484480218395,80.72485192784603,131.16917237999735,45.97792381184538,8.322354497354498,15.879651970215695,127.94879827357768,17.63075760931153,107.47531025920738,24.411450278116945,122.29198546377147,125.687721062703,902.6437224621045,426.36720034167956,45.828837762334494,154.6922599509119,9.616633272125375,557.7846716736846,154.77903514785868,15.976701201848261,70.65760664444488,48.468431243126616,22.14393942314995,58.6851307339175,95.8508203380522,336.2385471543253,3.3164343372676703,79.90279608129586,36.1223205544026,52.504246188823785,57.04458884789234,40.73686890905028,124.15517644150033,21.59342029357273,4.567367046533713,250.37012550411174,90.40652370952319,98.84118391657432,147.17790762877308,59.36383410621027,35.11374564297358,39.440891350712775,8.056263172194544,30.918963930269076,213.83214633192836,5.962764929071043,11.634411884411884,12.508201588716295,103.44548263192871,27.539708434053445,8.762842884506087,11.733991958433014,18.134711220860193,18.71178336233483,43.67212606392061,105.15498520399198,11.770747076997077,12.834200502202952,16.765145078686743,42.93442019581725,10.676074437545026,20.170403981614257,15.59320430451383,39.238682821402115,15.866461136121988,21.90033508158508,25.927046374105196,6.7702442002442,3.245971620971621,26.72222730972731,112.91777932307343,1.7828030357442122,1.3151974836757443,116.04967321168301,6.20441221360339,11.787710016018838,2.9701068376068376,6.255681818181818,7.074247100262789,153.8272307772398,10.997097817759581,17.236956085853144,16.73912164224664,7.656787656787657,19.659581930415264,4.222557997557997,9.64316302916019,7.164697976769055,153.55683746253936,19.921054889192142,6.323355631672062,10.641807420974088,39.722051072565776,3.798076923076923,11.207454800101859,8.190301188462954,43.265506430148534,10.015261916732504,1.3190079365079364,7.4658068783068785,9.194829598506068,2.6688273600038306,0.0,1.8665990941631967,9.65240143285015,3.241551519468186,1.1761363636363635,1.269078144078144,3.338681849551415,11.168521910188577,14.039603054897173,10.05851671832441,20.48712090605473,2.067693744164332,2.4691424309264867,56.43054289120465,10.675596509518078,9.214742664742664,1.294707579558123,1.805664488017429,7.5631284565108094,12.406189099571453,3.1979938271604937,12.488636788048552,20.295302275792473,9.07580532212885,38.530142307252284,20.524810606060605,0.0,6.9634457318280845,6.378925065994031,10.333094241347446,10.25516175454901,6.334415584415584,1.6794871794871793,19.564107409345503,0.0,0.8060515873015872,1.689461233211233,4.626190476190476,2.203525641025641,0.0,0.6369047619047619,5.5143248880748885,0.0,14.345058699470464,0.7678062678062678,16.596322173197173,13.746112055933484,0.0,4.415493996743996,2.634593837535014,0.0
10290.658964762835,2958.0705481079085,3898.667260222441,2719.88868537202,2676.0776453637036,811.4770656708682,1033.3751644802333,1612.57515216428,531.4570324978891,5171.308523728342,1118.4771708520007,772.1982747923616,1383.7578502314784,1417.83603701253,2203.880464254463,390.1361084226437,2837.091879809147,547.8041314197853,611.3442778845806,523.6462254038513,1420.8201550845586,2333.941688862293,667.7613213361391,625.9182094381706,1545.7236377181005,330.41333539718534,1042.020449039258,166.17647960461946,914.8611606458982,2082.94327138224,547.1165739607318,898.4239887233623,220.22791233384515,1150.6061385472165,331.432202462848,275.5761383308991,459.39937384059806,282.0037322902673,215.38625236978314,52.041466346519606,892.391275776582,29.65035100025909,986.5338458392533,201.47169340484888,824.571357067409,130.71251686161963,932.5475750374358,133.96204553458145,117.4526959175336,186.67910836256357,181.03998836187478,8.62759814653831,72.99777430405878,241.01347345350268,100.75887480792761,208.64365868149073,21.285605585934533,92.67836220399258,208.47816271205937,1534.7044711835058,862.9529290611041,68.09461089216474,58.81790683976215,27.2132295551652,1079.7534923383432,175.78330137819208,37.62944709421774,105.43771605491793,58.408384205663616,82.3328565026114,182.6745365654992,263.32077219586216,588.8709782208493,0.6932773109243697,117.60375264536357,106.76078506718345,102.26242937160315,15.153449087144738,57.5987285517151,217.41231212189317,15.06527526890783,1.8888888888888888,424.9729558685609,109.33620201402908,164.01316171717193,286.01472138959514,145.462572003211,27.01679377683072,141.43373199571377,29.799629766668083,25.535020315941367,380.07439462843485,20.55167275897668,17.227606199792714,50.43143450122013,202.88274696902636,37.10914949170867,4.027211942876644,25.805078041166084,30.283359027656015,33.543229459313295,20.60148280201636,257.83003535553064,27.71524944735729,23.03320243754067,18.01199642962598,127.57377436993895,13.4255647776868,48.610151879334815,19.97372888549359,53.44333546175878,58.1516233015842,17.552359717699474,39.57524265110967,6.166020334059549,12.682315595749504,16.275548168450683,171.96340835138412,2.2125542242415306,17.316310781374302,146.19381792456483,0.5324074074074074,35.36559720041863,4.895809561716424,17.345107165008482,11.955346189999519,304.78714688213654,18.908226830510927,12.475181767405163,14.869160997732425,31.974221350121603,37.74229409719304,7.710839598997493,2.9081209969367863,14.250266124968505,279.41151349570623,25.619874082861514,14.675454824330753,3.8702125534233374,44.74140243519655,7.4059790280298445,27.840945485380068,24.916280544003182,123.07111383351409,47.85618979598019,2.8156427015250545,6.113077171692523,8.149509189640767,0.0,1.077924694652636,2.473266499582289,5.73850090541267,1.9137558356676003,1.4547534707571272,6.033834586466165,2.109126984126984,15.929875130128679,19.19257825689198,14.480748658694017,5.973629563284735,0.8620370370370369,1.196078431372549,108.55436505635801,23.93931025938218,41.98701347689834,33.64732250731948,2.1993386243386244,7.3013185854178495,30.945245406591756,0.7530879082603221,15.555897260613646,57.94340906431297,13.879298941798941,51.39159308828426,56.8879622934145,1.7956565851302693,5.5161196381132624,15.838444735697614,15.321841083377594,17.689859988351365,12.449883835300502,15.911198433884458,24.988663035281817,0.6743551587301587,14.366629977230467,21.641698160370762,6.258504764085121,1.78765070067545,1.2552246603970743,0.8346998962924553,11.784164348589153,2.404675162002748,31.275018980656235,6.865800135536977,26.67183140110486,15.70571422301114,0.9190115440115441,17.478557504873294,5.7036725270151125,5.6988304093567255
293.82402939265603,159.42344403116553,172.67819182924498,99.63368752685307,103.6705675703594,62.29320131773084,30.70986648012132,159.37335397536,8.427855713472775,147.83531513147537,11.505511969097403,17.29170494088119,23.345468934700314,72.81369168011338,27.296938416105817,10.326677399741971,165.8215567661662,9.230852189360592,12.679271120994915,54.613624114145665,6.698839485228645,56.92281164884287,1.1649326397225557,28.667368282891157,55.47995235919452,12.710307951817976,6.567749029436335,12.283414499149067,29.98408374321515,25.151015904239387,10.28681464038607,6.272177014929395,7.365096670194977,24.320429990550988,2.5479175166908696,4.6361524796398745,19.745247622138187,4.913065284388813,6.048280928533029,0.8026134696302762,15.539752135928364,0.0,12.695515031204197,17.06747361981695,3.4179136041881137,0.9236285423260213,1.9978574763238628,5.6248746707614465,4.264463125317467,8.168357494512957,0.0,0.6714766714766714,0.5394172820643409,1.7574121355081105,0.0,1.1139454266555107,0.0,15.092419386180303,2.2342330871742635,28.64558772508985,1.274680427117908,0.0,0.0,4.342575187969924,11.449440727179063,1.5446643303786158,1.1243739920210507,0.0,0.0,6.705687830687831,1.2197245724446077,0.0,14.170278432533333,0.0,1.4778062740247613,0.5068656250378939,1.8447210197210198,4.154761904761905,2.9669312169312168,2.168986906508421,0.0,0.0,4.445111813588151,2.546642441379283,0.8303881575940399,0.5885202565874835,0.0,0.0,0.6841516067706543,0.0,1.3375350140056022,7.404923838222158,0.0,0.0,0.0,0.7997072372072371,0.0,0.9576544033826947,0.7386575842458195,0.0,0.9865196078431372,13.765565317035906,2.004204280293209,2.5595238095238093,0.0,0.0,2.0540756901051016,0.0,2.5138640269761683,0.0,0.0,3.9616358604845443,1.7302875695732838,1.504805243775832,0.0,0.0,2.2736291486291482,0.8727945723744043,0.0,0.0,8.454568307509485,3.428571428571428,0.8290854995230824,0.0,0.0,0.0,2.1638565160898007,1.1185840303487362,4.2331402257872845,12.28815647072226,1.8450577200577198,0.0,0.0,32.44566118113912,1.008038360271645,6.3091376028834665,0.9126984126984126,0.0,0.0,0.7677647736802977,0.0,0.9727085278555866,0.0,0.0,0.7202191482653667,0.0,0.0,1.8101073762838469,0.0,0.0,0.0,0.550595238095238,0.0,0.0,0.0,0.0,0.7463369963369962,0.6264536117477294,2.5892857142857144,4.20187165775401,0.0,0.0,1.7247398959583833,0.0,0.6349206349206349,0.0,0.0,0.0,0.0,0.0,1.4339968310556546,0.0,0.0,1.1629318394024275,0.0,0.0,0.0,0.7528486838831666,112.86314632280866,3.825507054673721,0.0,0.0,0.0,0.0,0.0,0.0,1.4745670995670994,0.0,0.0,0.0,0.0,0.0,0.5720470006184292,0.0,1.1989280560709132,0.0,0.0,0.0,1.3357843137254901,0.0
1397.456403602466,373.3744648761689,766.4840587217399,200.87567534004904,403.4517849788113,129.26528446136288,126.50103854932286,621.737987975217,55.93226183860858,157.3362199256807,132.25596315449258,102.72280428257174,338.1964084174667,48.055666843102905,103.39741737878725,180.18478835978834,418.6264471196836,70.76307997557997,22.8930062992563,503.6558697664623,105.2572456371826,205.4220381334352,24.69799297924298,160.81694856140217,64.38111473221767,85.32206184943112,219.83955843179785,36.52515172735761,103.70750871124963,148.1124040953902,73.79550179758513,15.325702075702075,53.13811558811559,32.22755736910148,7.33511396011396,16.969644054202877,119.94471577092375,5.854075064369182,27.32767094017094,8.560502406090642,20.046398545173055,71.46373117623118,27.505807387057388,19.530334249084248,10.342612044817926,7.4830532212885155,16.004780060172216,8.719754782254782,10.33377849002849,8.422619047619047,16.756357544204764,18.371031746031747,2.7605042016806722,16.810528841166096,1.8194444444444442,18.321068206484874,61.46071428571428,455.94184048975717,4.914423076923077,58.39949220241403,16.687769338504634,5.700854700854701,30.60157203907204,66.53316060066821,38.47175749290776,0.0,2.6666666666666665,0.708943833943834,20.9746833028083,0.0,3.070297449464116,8.49534942182001,70.37968948263065,2.5112179487179485,9.996229260935143,0.0,1.4078822412155745,1608.063573017301,20.613970588235293,13.69047619047619,16.999389499389498,30.70601851851852,8.0800740167862,26.384638682658547,4.370281339031338,9.168014349860192,12.398148148148147,16.95486111111111,1.5347222222222223,2.021901709401709,6.607563025210084,7.503694426488544,0.0,3.2847222222222223,0.0,2.9166666666666665,13.580555555555556,9.4,8.239812271062272,2.437010701716584,3.6497507122507122,48.32702482702483,5.4793028322440085,2.083333333333333,4.120860042735043,2.5,15.470352564102564,3.480769230769231,3.4382002801120444,6.719971001221001,10.072649572649572,5.64072039072039,6.506028693528694,0.6891025641025641,4.458333333333333,0.6666666666666666,1.9642857142857144,0.0,0.9375,1.2000000000000002,8.111780965947633,24.23859126984127,2.6547110297110295,3.0721535409035408,0.0,0.0,15.830162443765385,13.946051497522085,9.038995726495726,0.0,0.7886904761904762,1.75,0.0,13.26984126984127,6.719834087481146,13.980742296918766,1.4610042735042734,0.0,1.1069444444444445,1.2927350427350428,0.0,5.847222222222222,2.4023199023199022,2.6089087809036657,1.1677350427350426,8.090628815628815,0.0,0.0,316.6940146841462,0.0,0.5333333333333333,3.5887896825396823,14.5515873015873,0.8541666666666666,0.0,4.027777777777778,0.0,0.0,5.865384615384615,2.138888888888889,12.528011204481793,3.4416666666666664,1.5441176470588236,0.8333333333333333,0.0,0.0,0.0,3.6267273576097105,0.0,11.110969387755102,2.583887306109528,0.0,3.8170787545787546,0.8795518207282913,2.0,3.8055555555555554,2.8742283950617282,3.0,4.369047619047619,1.7307692307692306,0.0,0.0,2.5,4.257936507936508,1.0,0.0,1.1904761904761905,1.6805555555555554,6.167239010989011,0.0,0.0,0.0,1.2458925878043523,0.0,1.185897435897436,13.237103174603174,0.0,0.0,3.454861111111111,0.7142857142857142
472.4820015984124,170.05184307168435,283.6940796857463,148.63454735039164,201.0655261804202,46.08377425044092,24.61190676607343,240.14023537378802,35.702139428339116,45.91665548957216,69.15950630252101,29.055248601301233,140.77536194834127,22.567550505050505,19.94551917989418,79.19272486772486,205.41305859605345,26.088095238095235,17.20558261183261,114.10351330767998,37.05291005291005,103.76510642135642,12.463458994708994,103.36810816498317,23.93568121693122,32.353982951205175,82.79776601998825,10.881944444444443,45.59208491758095,64.00809266607878,67.94884518622264,5.659722222222221,27.578637566137566,6.03587962962963,1.9764309764309764,1.9031084656084656,70.52671957671957,6.987433862433862,14.04513888888889,3.272321428571429,14.17581569664903,20.280291005291005,12.958829365079364,3.3209325396825395,5.479166666666666,0.0,7.629365079365079,1.9872685185185186,5.672453703703703,0.8333333333333333,2.068185993533216,4.659090909090909,0.0,3.195216049382716,0.5972222222222222,3.8715277777777777,1.9593253968253967,86.27970679012346,2.013888888888889,8.624503968253968,0.0,3.386904761904762,3.638888888888889,19.62847222222222,17.503692680776012,1.4583333333333333,5.166666666666667,0.0,2.0944940476190474,0.0,1.4645282186948854,0.0,16.575396825396826,1.1130952380952381,1.0,0.0,0.6867283950617283,243.08681858265192,12.708333333333332,5.833333333333333,3.6011904761904763,13.943076599326599,4.069240196078431,7.183256172839506,3.2581018518518516,8.033333333333333,9.130952380952381,8.333333333333332,5.3125,0.0,1.9375,0.5208333333333333,0.0,1.7333333333333334,0.0,0.5729166666666666,1.2194444444444446,14.892424242424243,7.59375,5.208333333333333,2.2314814814814814,13.568082137161083,0.0,1.25,10.078125,0.0,5.565972222222221,2.1666666666666665,0.0,2.2584325396825395,6.5,5.843434343434343,5.349206349206349,0.0,1.3333333333333333,0.0,0.0,2.5,0.625,4.166666666666666,0.0,1.5773809523809523,0.9953703703703703,0.6225198412698413,0.0,0.0,5.687003968253968,1.6111111111111112,11.083333333333332,0.0,0.0,0.5,0.0,17.186868686868685,0.0,0.0,4.229166666666666,0.0,0.6902777777777778,5.0,3.333333333333333,0.0,0.0,0.0,1.125,0.8166666666666667,0.0,0.0,40.9343671679198,0.0,0.0,1.8526785714285714,0.0,0.0,0.0,0.0,0.0,0.0,0.0,5.0,3.333333333333333,1.1083333333333334,0.625,0.8333333333333333,0.0,0.0,0.0,0.0,1.2946428571428572,2.5,0.0,0.0,0.8958333333333333,0.0,0.0,1.3055555555555556,0.0,0.625,2.25,0.0,0.0,0.0,0.0,2.0,0.0,0.0,0.0,0.0,0.7142857142857142,0.0,0.0,0.0,0.0,0.0,0.0,0.0,0.0,0.0,0.0,3.6544117647058822
2770.3267224903943,1281.032539280135,996.1784096537866,781.3324410339582,1173.85479916683,704.3026881238683,477.5769934005238,1017.4656451888878,555.202668283208,1236.66857595727,235.35319534870948,694.9427843950364,1095.6547512857762,403.93616278664445,408.94964816972237,218.44097148144766,1463.508039826508,297.47786208444774,218.86552720494748,548.8823728264335,1007.7767775349772,473.3193443736158,389.0417420504444,279.83009596198235,350.79987754609215,223.21997111682683,389.5543419908718,275.5151084317603,394.335273715344,148.1831172893867,349.85241293061074,154.59933205673067,211.32165723978352,291.8674164724729,107.55812129865572,79.70270224745768,324.5921547597259,134.2328343946724,83.84655004854798,139.04135963711533,159.68928461219417,165.6650686716234,160.23035600943209,56.950484119180835,93.21320765649729,85.45035535093118,244.55714161971488,154.6028685613351,114.11591603847037,52.73564987394911,72.53141348770585,80.2569690105922,87.7558000641334,22.958989674155305,119.69995288896557,90.80891256709396,80.76549926857898,280.8762686825879,106.5056839519883,116.7850355089228,71.8264914311596,102.84952235208877,49.20324002237881,93.33964164825737,161.8965911503955,40.231474646329715,63.00777149778993,77.96861291412921,193.6778511997262,31.901650895400895,71.39442859522782,36.80409391414826,136.8303907909408,117.50394120774556,47.965163874855904,76.08091931216931,57.197480320733426,254.05538447779827,69.04956835598344,25.398698336017176,77.63840710203402,328.76848298814286,46.03693587414358,97.20649899448162,33.43701967175699,33.508315555257155,22.960413208239295,96.12655302786881,37.66037366417801,28.472698530669543,24.21309523809524,39.88985129582956,107.73496431400844,36.18679827821132,21.24712157809984,34.62971474982344,100.28190799683856,167.5874194937262,41.6261103429976,60.71507104632104,5.664495997829331,77.51424174631089,22.080536864504253,42.595048581189886,69.35754248435407,34.8548154446964,18.069252391127392,26.404215088813302,27.04083015690539,23.257913178746513,45.51368114909781,118.10364166395377,46.619299384432765,11.861455673955673,45.17463778566263,31.34537037037037,4.579717813051146,38.833511396011396,22.872685185185183,14.129563492063491,35.306363442334245,39.217349790266454,34.515494188048535,39.72790983171418,3.992165242165242,56.19187125333225,7.880304217260739,66.82287076852295,45.283061136865484,2.7352843915343916,12.653672580143168,21.6872333071715,0.6448412698412699,13.483429167963482,28.36097538713694,31.097277336860667,44.871184732470965,6.583357788126372,16.421503747619923,8.701655982905983,5.147619047619047,20.877314814814813,9.23344017094017,19.037973034349847,15.562833437833438,13.213367421786007,19.051850021958717,0.5580357142857143,43.23099822670761,5.569811207311207,39.38154380660646,19.833885188503352,61.79903083028083,120.94671158037704,6.529629629629629,21.308031400966183,2.440586419753086,44.488581406048546,23.941527669337848,6.8999999999999995,10.694444444444445,3.0918825863678805,32.303281913336264,14.323055555555555,5.800347222222222,1.5427350427350428,12.847222222222221,11.732051694551695,16.65203732459167,23.09391414005651,22.39049145299145,36.71674891466558,24.08658335128923,7.002314814814814,5.680188923395445,8.808641975308642,16.41655452035887,10.930735930735931,3.011574074074074,57.75233997584541,4.875,2.303055555555556,5.311661298980139,10.732208994708994,1.3611111111111112,23.493307165861513,21.03238564651608,21.547619047619047,7.596698935984651,31.32281746031746,12.163271604938272,19.876884920634918,27.26626924273983,8.855744810744811,11.432291666666666,19.159438775510203,3.8551907968574635,13.379629629629628,6.518670456170456,12.045238095238094
4252.182305833008,3152.0659447538146,1879.5253872155647,712.31546930121,2227.325163175453,301.2634838770215,410.08407746020566,1108.475907022147,178.72380397393525,1854.074701206682,591.7121716644609,861.0261887048645,2728.493196267135,891.4461216954205,378.9675808905755,1141.0022791778067,1682.0994228928416,252.83803832381463,170.60540840833488,752.0518467507728,475.23519400618596,1121.9345945398693,557.7238063358888,1476.3703174945374,905.3372670248651,664.1399296685373,544.4375406272754,263.2808231681519,1297.299398129612,211.31018563875568,278.9612134420473,226.56850354785206,1758.6223208518254,164.06160836370205,226.73492660334435,358.7473552773492,199.70905590888736,12.73618564160167,394.5762957020848,23.394511156753936,100.42007092705187,178.98139271308335,105.32283972474052,818.4387192058952,25.388007684505457,134.5468771575975,11.219401635365028,227.93551431683125,27.804393066166064,29.593191972662645,108.7301275869961,186.0576558640257,56.77877873944327,9.181539962065003,6.149021978608559,20.405768245526648,45.75411592215231,1504.9172979669816,28.57320549652673,200.49909022897597,29.72797817635946,11.395701366057402,22.01521281194202,111.05272115671465,113.04749078412574,8.439623644513626,8.443990977982411,27.56440364506867,14.88931089896407,60.148078506472146,20.54036961203791,13.486757074007528,21.484874104489705,42.48848306302667,14.573415028302245,7.69817708705369,2.784288516143355,27.44458224218722,60.42377123499748,27.13066287533547,28.242270622115775,7.594488114224957,16.233296304206647,53.65584688191579,17.70479365142553,149.3756417118496,43.196975009482536,2.215542011594643,27.215517466954886,8.593936401540088,2.8547587402850563,15.040900430491472,5.6681854560005815,4.819205665393301,16.11379281637902,2.296144977496397,5.791310174087966,215.3364175076772,19.194505072969076,52.867561180149636,10.019816340143018,945.8357349250977,32.64302129909875,20.223552927693795,148.85387188671922,8.089298660546124,0.9951806738331238,0.9148188975775183,83.49638999130097,1.9490539424169455,2.357543572984749,129.53760805439853,120.49043843455358,3.1180555555555554,5.2597620389151825,0.8163610898905016,10.753376327019836,3.9195465813046146,6.648783161283161,0.935515873015873,3.119046521429888,6.946718236826699,82.38541521274058,13.079977770767243,10.294913457039712,7.9810256803344455,15.222437361389982,22.874965473474354,216.30517552718888,12.122735462175116,9.349971849452167,0.653057136833228,0.0,809.2446360095568,54.62766846438944,15.113252525160686,37.52485520126056,3.696052271483306,41.299619767753335,26.899373559124736,0.0,4.056578947368421,18.14876160458867,0.0,20.118646940434864,6.167131275587158,4.75330084140936,0.0,7.0512125902992775,0.8300645714438818,0.0,191.448521110476,1.2448496568683294,1.25,0.0,1.7879464285714284,34.90739870509607,16.211790184571754,4.867406691001669,142.14719998283803,6.504705167553465,37.66115783470383,2.07186704082722,9.367415199662373,21.40543592043205,4.525369860587913,2.381244922211309,30.38120287578492,8.076540872267138,276.9445641315456,15.303525547113408,34.12321152136604,6.863829226625479,9.679242534962082,8.139180672268907,0.0,31.196311722328932,13.268258240297714,137.05797848095605,0.0,1.6666666666666665,0.0,0.0,0.0,1.6666666666666665,2.379074889993374,3.7701122407004757,0.0,0.5386334610472542,1.9915343915343915,5.333742647943016,0.0,8.827828317067915,0.5555555555555556,5.306327831095633,12.791445525578652,0.0,0.5924242424242424,0.5858395989974937,0.0
2058.6873024009883,864.0959669040974,697.5503224681038,351.11687248973686,466.009319241454,90.62798935345657,132.7997352601329,167.18895451204767,198.38632281268252,873.8243511686438,262.06507978845895,112.5457454460308,387.3274915273748,251.92969788925998,177.58814323989637,106.38703656935763,510.16035731915173,116.22347385684282,102.85391715630273,193.01600413545577,683.2933080261868,226.30549951258962,122.907416431544,274.4001447447051,120.78376216868699,237.1285460744321,127.27803565054683,44.31596952369121,208.07656630247257,164.48719573120965,44.860928136165185,79.53498899192901,139.81405705365196,125.24676275417238,138.00338212352762,65.58963914868761,13.882980350259762,5.626416303854384,106.19795281999194,27.836807991426884,100.99859789054248,14.397480733490795,42.69782785086447,91.85199190835296,9.770035134469802,10.454294843371855,101.86271576809983,23.937292575344046,59.237385895756084,89.56851515108397,10.631066760273484,3.294545552673436,26.058194951791325,14.996657440324512,7.11047472908928,65.4832966271654,8.34936281432992,100.36960955163279,17.354502248279662,127.33970865251736,22.344088118500803,8.993859067775476,3.4197278620072735,34.795931543359856,65.20466713723849,0.0,5.80781076328812,22.65576447357048,7.6051914174053765,13.002892248473414,7.813614893892591,8.775477951276233,60.62515249950797,4.882095873968939,5.723453365929833,14.397806053082277,5.723520855879187,7.391941391941392,9.838214379574673,0.8394706828036009,63.168203608439285,2.5790154494198614,3.2638643047869236,26.381814176463944,20.626410828903733,15.302869564652699,15.8257117246461,7.026285890146536,5.534904772000268,4.223716585283327,9.438825588945525,37.8258770694931,7.445577624989389,6.234636740538443,12.399566289909144,20.135188609311417,12.194680899674436,24.39939291408912,9.793065608175853,9.51987155711917,6.952111401240658,27.271122905954876,4.761700068285534,4.947612263136828,8.49853211693787,55.27865173373429,11.766457263502161,1.3883680745025284,17.878165593663205,1.7822802197802197,3.785186219598621,16.250392079175896,4.7549937263769175,1.2180980451353964,0.5720413165266106,3.031014820717726,1.1205920815295816,15.038120622267694,5.732150610827081,6.798037001361809,13.47852212692076,4.92901966454598,10.899186096773542,0.6372793872793873,37.794751094422146,11.370105666836166,3.358709123218052,4.356647478338655,35.643400512399104,14.09884882722321,7.988460943690239,5.038770854106988,8.966094476511143,44.944964273162064,4.0990113604288965,9.70794705945827,5.166470016326505,5.330483405483406,5.079383720424742,14.720356170987355,2.8134284016636957,5.027685275708103,3.024260807502229,3.743248244810745,3.558062945764737,1.8661611531241948,9.659047684449193,5.200662273456391,0.0,6.286375328461242,0.0,2.0230966100073395,2.1138392857142856,0.8291095478595478,0.5934343434343434,0.0,11.863727892089237,2.433241526991527,0.0,76.6897763329736,1.0049015276082538,11.887015890831622,0.6420818764568764,7.540938658821312,3.5241401582000322,6.195607535175037,0.0,4.500903634978712,3.8323846361863967,13.402339249710435,1.0690936967897753,3.271374533442883,1.0251694684744221,2.1424270174270177,1.019386931151637,1.2752489884842826,5.822057981100809,2.4857173158897297,27.415120717175487,3.45896136027715,1.059839466089466,1.4964000911369333,2.6484088827838828,0.5266884531590414,0.8028163947765341,5.719301565587316,4.0110508661302005,1.6469893275448833,0.0,0.0,1.135754388358555,0.0,3.1165408252461826,1.6617022055370472,2.631146143110797,2.2889710484685972,0.0,3.225006645401382,0.8463573463573463,0.0
2966.643426927184,1562.016552758746,915.9630157918898,380.3064023151517,907.8786056136553,238.627463919632,146.84773404259886,477.9056428215001,285.76183582681415,1543.751545658496,309.0184733253325,309.94609673507057,845.2356249059463,798.2128152133033,352.0347516475938,145.979908361347,981.4525647176243,128.33745132986348,342.02030886418635,525.7419452450746,1336.473354796896,723.9217713617473,104.34547395731612,568.5130334486186,185.2109691057319,500.4154397523975,254.70091673514239,94.49151389129511,319.2155797276806,243.619555578001,58.91491803215875,120.49146105746382,297.1849488102692,55.66953945224595,138.99308427268608,144.65040493133614,46.338539403777766,2.317819060015067,144.08422629916132,9.885414077049825,53.292882084476645,35.76025202608656,177.86891604757346,189.90732270257635,7.349312280426831,25.81536078757155,20.987547208245935,35.681554447256616,70.78375770836149,49.60498506267504,31.606961107331646,9.430181691835303,36.952056232659686,10.891387065291655,5.552500962437442,30.456719298360166,6.4375639759554035,364.60957868153406,15.306762169738576,124.63040862308789,9.361229057962271,7.395736816789448,10.48961819184309,127.56324864493325,126.93368926513874,2.6009990253411304,0.9555622535864402,35.16691676717575,34.245503895125374,9.15995504315037,10.50053950642977,21.325786108510698,36.25245092956359,4.064846268623492,24.664765025819186,1.1259789709037828,7.798623218301411,1.5356637495646117,4.251606353920328,7.341125570224179,67.82171174260614,3.5679969286428617,9.071619810333512,14.662835750154262,20.236234752901417,60.81338407693459,15.945738492559208,2.077011816156553,8.83057074504443,11.879830817330816,64.98966537866518,59.62822625490729,2.1951236127706713,1.712598396763551,15.06037964732384,12.417851395843282,4.48836383974371,61.023939522727744,58.00628679501602,9.79430221757808,12.49295375509078,149.07499558614887,5.539444330796369,3.6934192217897808,39.61457768159666,27.50886942104114,2.451014998674557,1.2544141021723276,22.846517826988556,6.654504604872252,4.278807117517488,36.93900685317725,22.176924686704808,3.9521328623892726,0.7577360756214712,19.777426846657615,7.253429287075331,8.656288213995792,22.227262289272094,4.562515031265031,0.0,6.586824073225802,12.121631146980958,1.9281064938959676,29.64679007887117,12.227530938396514,6.53075752220489,10.585199839147208,111.3010978108939,36.59449104769832,14.140536959733387,3.374475037949064,3.5006228248875306,246.93773057886148,14.474443983192296,12.974166200640791,11.799501888694174,0.0,9.880419946983414,46.81566283727543,2.463390775890776,0.651475870111121,5.5398987665241535,0.0,17.274176292812957,1.610304717212612,7.296326877145843,4.082563841387371,1.3912622465254043,4.202982441860952,9.218353174603175,22.03924866985869,2.4143217893217894,0.0,0.0,5.557898351648351,20.828697820170067,1.597555896860192,0.5447994531053741,64.96555944619058,0.6236424394319131,14.869849996494732,1.2216766773254977,14.104681416161691,3.627492517102907,8.917625701126479,1.1739028944911298,12.111198055112528,5.8460599109458595,97.25139045022172,2.6424665445687827,1.3386346336663941,1.8155761694781658,1.6847127615276436,1.5684187136393017,3.08648056923919,13.275580573431073,5.947019013704585,34.98071284957128,0.0,1.4248769204651557,0.5549859497227918,2.296515575927341,0.0,0.0,7.246463760419668,3.2119274776026114,0.0,1.67665410991983,0.0,1.6785702723202722,1.6236829501915708,4.049603174603174,0.8023860398860398,1.6706175160122527,2.7983199420118923,0.0,0.0,1.4816017316017316,0.0
486.70415210971805,131.13805291168444,58.57930648086096,28.477273332436006,79.87274325639585,23.227218778782287,21.15678086883573,28.867882229763975,130.96697551443629,90.66726168334684,13.573241106239553,21.714133117165975,25.535273286185625,35.378555618383885,19.584269641895162,14.54372676287651,70.47837056943176,30.058823485072082,12.804582032522438,18.703229460287567,16.818981754124028,20.126466324838383,12.094315318001444,26.52324360003514,15.960541362282479,9.99177369061273,14.33553777999593,5.538997319390572,16.820987331401863,11.018012696908556,16.60543102860116,5.025320261415995,2.441159622820404,6.297985961573379,11.210649824911519,9.34544640425848,1.7669032417624644,5.3866551044687725,3.9438869856640517,8.980582826205067,3.6396236351682547,11.802526583050911,6.777064469075539,1.5324092385316874,1.6710620334785722,9.170477926436847,53.84274153318878,2.630514719726542,2.7719794737100014,4.5533680447022755,2.3997266309118364,3.90987425795903,9.196933475419089,2.607824670192721,1.8443083129826618,1.4449382803410302,11.811820615814764,1.6118623111893557,2.187933431543565,4.54203868866255,1.926735876698279,1.0368420874920026,1.887485690835301,2.698378216708172,2.1313773444734436,2.2775780004411668,2.2373121724834983,5.297407490717608,4.616847487521844,2.7455304817469486,0.5789288653230498,3.3743959553873837,3.365200685456995,1.9437581845925183,0.8833142084397294,2.603215435032817,0.6883062677935705,2.28639802074676,0.5057627648760654,3.6292659319683604,2.889546311973869,3.182773241497731,0.6561104994778464,0.9608479642962401,1.175397221825793,5.961300252644376,0.9900703021048993,3.760321885685788,1.1119856356925322,1.092180806685459,2.161402989781746,0.7292621171931517,1.0694645130779583,1.937955710075535,1.3016478573240589,1.7801865950141813,3.9561507936507936,0.669198869392395,0.0,0.0,0.6351795017347446,1.2986835428247336,0.0,0.0,0.5574350760681744,2.1587711990453453,1.5609190092836709,1.6764143013527248,0.6486017386656953,3.3390689010854886,3.84147207335631,0.0,0.0,1.9631370783871094,1.954834371977229,2.1354523861209294,3.176051464771608,0.7829610758243764,0.0,53.40265993287701,0.0,0.7927912703542956,0.0,0.673731030873888,1.2590322889719268,0.0,0.0,0.0,0.0,1.1536418868718952,0.5326659092755877,0.8831235176062762,3.084397977153264,0.0,0.0,0.0,0.0,2.251493001290679,0.0,0.0,28.17370163165849,0.0,0.0,0.518930733491173,0.0,0.0,5.0733678101552835,0.9664050235478806,0.50828331332533,2.6279778506727474,2.5081899109960335,0.0,0.6561945307593567,2.026377985139421,6.263851319473989,1.949130680577259,0.0,0.0,0.0,0.0,0.0,0.0,0.0,0.0,0.0,0.6635662598372682,1.0591188856494977,0.0,0.0,0.0,0.0,0.0,0.0,0.0,0.0,0.5663663733891825,0.0,0.0,0.0,0.0,4.661837128593498,7.566264280491315,0.0,2.9101984863209354,0.8014566216096828,0.0,0.0,0.8930262813634472,0.5083491950295568,4.087922066497893,0.0,1.1276517051640205,0.0,1.0874623788909503,0.0,0.0,5.379991526263643,1.5427451803232115,0.0,4.842404231703372
10.562046211519434,3.3278335724533714,1.0592985732304618,0.6045751633986928,2.294817927170868,2.0510919815080504,0.7777777777777778,2.5,2.1872506578388933,0.0,5.016806722689076,0.0,0.6483856700574967,1.1274509803921569,0.0,0.0,5.294117647058823,5.520833333333333,2.0,2.1666666666666665,0.0,0.0,0.0,0.0,0.0,0.0,0.0,0.0,0.0,0.0,0.0,1.1111111111111112,2.5,0.0,0.0,0.0,0.0,0.0,0.0,0.0,11.12828947368421,0.0,0.0,0.0,0.0,0.0,12.047619047619047,0.0,0.0,0.0,0.0,0.0,0.0,0.8333333333333333,0.0,0.0,3.333333333333333,0.0,0.0,0.0,0.6165311653116532,0.0,0.0,0.0,0.0,0.0,0.0,0.0,0.0,4.424603174603174,0.0,0.0,0.0,0.0,0.0,0.0,0.0,0.0,0.0,0.5,0.0,0.0,0.0,0.0,0.0,0.0,0.0,0.0,0.0,0.0,0.0,0.0,0.0,0.0,0.0,0.0,0.0,0.0,0.0,0.0,0.0,0.0,0.0,0.0,0.0,0.0,0.0,0.0,0.0,0.0,0.0,0.0,0.0,0.0,0.0,0.0,0.0,0.0,0.0,3.333333333333333,0.0,0.0,0.0,0.0,0.0,0.0,0.0,0.0,0.0,0.0,0.0,0.0,0.0,0.0,0.0,0.0,0.0,0.0,0.0,0.0,0.0,0.0,0.0,0.0,0.0,0.0,0.0,0.0,0.0,0.0,0.0,0.0,0.0,0.0,0.0,0.0,0.0,0.0,0.0,0.0,0.0,0.0,2.5,0.0,0.0,0.0,0.0,0.0,0.0,0.0,0.0,0.0,0.0,0.0,0.0,0.0,0.0,0.0,0.0,0.0,0.0,0.0,0.0,0.0,2.5,0.0,0.0,0.0,0.0,0.0,0.0,0.0,0.0,0.0,0.0,0.0,0.0,0.0,0.0,0.0
988.936468712868,286.2277891014206,102.02989478144926,51.167749522912196,145.4234148070674,46.93753623909975,36.067495154550016,26.189310801192548,218.24513809259886,85.25932517541032,24.98633634433479,20.047466450499307,74.77441053782287,32.95792069774897,33.975142657768174,31.40483787398762,112.37489765345885,20.68660126284986,17.090296318236724,63.00097477053288,21.750198685340962,35.69789489626695,54.82167592036205,33.40358548037702,16.377208028949145,4.384630833469873,7.526013970472121,9.497330652723905,11.220987331401863,5.518012696908557,48.624661797831926,5.275320261415995,2.857826289487071,6.851557390144808,19.96064982491152,13.74544640425848,4.266903241762464,5.2080836758973446,4.658172699949766,3.424294669916911,3.6396236351682547,17.46919324971758,7.423218315229385,2.199075905198354,1.6710620334785722,10.670477926436847,65.4522653427126,12.630514719726543,2.7719794737100014,4.970034711368942,2.6497266309118364,4.078525051609824,10.863600142085755,4.607824670192721,1.5109749796493286,1.1381200985228483,15.93880474279889,1.6118623111893557,2.187933431543565,4.79203868866255,1.926735876698279,1.0368420874920026,8.160212963562573,2.698378216708172,1.9230440111401104,2.134720857584024,2.2373121724834983,5.297407490717608,2.116847487521844,11.828863815080283,1.412262198656383,3.3743959553873837,1.365200685456995,1.9437581845925183,0.8833142084397294,2.603215435032817,0.6883062677935705,5.619731354080093,0.0,8.37926593196836,2.889546311973869,18.42582879705329,0.5791874225547695,0.9608479642962401,0.9935790400076113,1.627966919311043,0.9900703021048993,9.565877441241343,1.1119856356925322,1.5227363622410146,4.0123645282432845,0.7292621171931517,1.0694645130779583,1.937955710075535,3.176647857324059,2.280186595014181,0.6228174603174602,0.669198869392395,0.0,0.0,0.6351795017347446,1.2986835428247336,0.0,0.0,0.6963239649570634,1.6647235799977262,1.5609190092836709,2.6287952537336774,0.6486017386656953,7.505735567752154,0.6470276289118654,0.0,0.0,1.9631370783871094,1.954834371977229,9.218785719454262,1.9260514647716078,0.7829610758243764,0.0,163.71737299759008,0.7320861678004534,0.7927912703542956,0.0,0.673731030873888,1.2590322889719268,0.0,0.0,0.0,0.0,4.278641886871895,0.5326659092755877,0.8831235176062762,3.084397977153264,0.0,0.0,0.0,0.0,2.251493001290679,0.0,0.0,34.935453768410625,0.0,0.0,0.518930733491173,0.0,0.0,5.720590032377506,2.424738356881214,0.50828331332533,2.6279778506727474,2.5081899109960335,0.0,0.6561945307593567,9.52637798513942,22.305517986140654,1.949130680577259,0.0,0.0,0.0,0.0,2.689033224013199,0.0,0.0,0.0,0.0,0.6635662598372682,1.0591188856494977,0.0,0.0,0.0,0.0,0.0,0.0,0.0,0.0,0.5663663733891825,0.0,1.388548752834467,0.0,0.0,19.61862725205029,7.137692851919886,0.0,2.3824207085431572,0.8014566216096828,0.0,0.0,1.6073119956491613,0.5083491950295568,11.587922066497894,0.0,1.1276517051640205,0.0,2.1985734900020613,0.0,0.0,9.11808676435888,1.5427451803232115,0.0,33.34240423170337
320.78526589531276,42.63646953924596,59.06980043921131,43.64373909961818,61.21051603886108,45.09445787182394,45.42284728524658,24.20731910351855,97.89034659123945,27.398089965906745,4.1562430437227516,10.669195547618166,89.047186530612,49.2631912304886,21.652734788359787,16.565672386475956,81.90521985062884,15.154490355670639,6.629823939288225,65.53266674002262,23.92400565337576,25.107203782829597,22.34073555027424,51.29134643337839,8.065500440917107,0.9908339345839347,34.5674428657762,12.601678623404814,39.229483024691355,6.851223356224783,5.326699226699226,4.385171423367771,1.3090739834746683,20.135179757311793,10.231052543135876,26.740801582125986,1.9961805555555554,12.050681852869353,14.961679045161189,26.262672900842542,23.555783403104833,5.922798220615001,13.211648645115908,6.036677589385922,10.925449383256991,12.964549563641825,8.09038835546113,2.917013888888889,11.029711766068786,2.218264652014652,1.132771164021164,5.951420547045547,21.765819051979765,4.407261904761905,5.923995103771889,0.85625,4.3173611111111105,0.0,1.9476686507936507,0.0,0.9850777116402116,6.470543345543345,3.7093148419041273,0.0,0.0,4.5140489946361155,7.599276048026048,1.3747558922558922,0.9892857142857143,3.698318492453766,3.5166290969515854,3.1233477418745275,0.0,1.377662037037037,1.8940641534391534,8.580824621806764,1.6281911375661375,0.0,0.5669261294261294,2.6494212315824353,0.0,1.6196443602693602,1.1373567019400352,1.2805250305250306,0.7916666666666666,0.0,0.0,0.0,0.7351438492063492,2.3729675417175415,0.7807666870166869,0.0,0.6612929894179894,1.0102513227513228,2.3605171327790373,0.0,0.0,0.0,3.096962505087505,2.280720899470899,0.0,0.0,0.8931933421516755,8.127058319766652,0.0,1.7135266354016354,6.838485650152316,1.4775545634920635,0.0,0.0,1.8002638234781092,0.0,0.9787164224664224,0.7862813938706795,1.5259157509157508,0.6537698412698413,0.0,0.0,7.349116591080877,41.22744133181633,0.0,0.0,0.0,3.182638888888889,0.7248677248677249,0.0,0.0,0.0,0.0,0.5721500721500722,0.0,0.0,1.2756291305092675,0.0,0.0,0.0,0.0,0.0,3.458293178382464,0.5065972222222223,1.5360140873839503,0.6534391534391535,0.0,0.0,0.0,0.5168463511736505,0.0,1.2998015873015873,0.0,0.6247271825396825,0.0,0.0,0.0,0.0,3.2193681318681318,0.0,0.0,0.0,0.0,0.0,0.0,0.0,0.0,0.0,0.9052166005291005,0.0,0.5986507936507937,0.0,2.155191798941799,0.0,0.0,0.0,0.0,0.0,0.0,0.0,0.0,0.0,0.0,3.333333333333333,5.451664462081129,8.936323768823769,0.5536954365079365,0.0,0.9474206349206349,0.0,0.0,0.0,0.0,0.8640491452991453,0.0,0.0,0.0,0.0,0.0,0.0,2.1892230289551717,0.0,0.0,2.4542072510822512
533.4006461490587,96.8317970512941,120.52791096562629,27.82632484038775,129.49588104621358,21.067867686354603,24.11017041877897,37.752818434860046,147.9748445776271,82.21694265366283,8.521275850586195,16.270811002289513,61.82806490668446,53.02715447345926,14.92383908051876,15.05634573545143,155.6704578614136,23.372468164457963,5.972564311995293,36.08964771173713,24.351152221522106,44.65562887016248,22.753313919634067,24.83350490763935,19.60961345233769,23.054199310093505,15.708549326265022,2.788093231318095,41.97725966002649,2.856488013487273,42.4745695828267,2.552747915325123,1.6771121614790117,4.704705961460587,7.231014214758057,6.455616266953923,1.1005377763998454,2.4522122295764115,1.5819472566599002,5.3925623214025595,2.323360311173791,2.370489804738273,10.091028231542785,1.3263571084999657,0.8883519099036341,4.077923753978584,37.90579273971227,22.964371259092477,10.242840687876432,10.364813866715725,0.0,2.7337054215625645,8.745957023854533,0.0,0.0,2.939964031589647,5.524696620561282,5.65792221896045,0.0,1.5612452392169676,0.5707470596873456,1.3654024136782759,9.311315099827931,10.941358854820393,1.341009171130875,1.6272588522588523,1.9976848595742274,1.4939748629403802,11.54781376031376,0.616043907274844,0.0,1.0724338229030546,10.532377557706464,0.6265031265031265,0.0,1.0339025863451152,0.0,0.0,1.8642396875155496,0.8083347846278881,1.5807664770308447,0.907142857142857,0.0,0.717828627311386,0.0,0.0,0.0,21.48115826836335,0.0,0.0,7.681223069859434,1.4457943876047326,2.385569278216337,0.0,0.0,1.2845166327924948,0.0,0.0,0.8457512315270935,0.0,0.0,0.0,0.0,0.0,0.0,0.0,0.0,0.0,0.0,0.6976724921169366,0.0,0.0,0.0,0.0,0.0,0.5080671244464348,0.9759448016931912,0.0,4.507520583991172,6.692968614648676,0.0,0.0,0.0,0.0,0.0,0.0,0.0,0.0,0.0,5.520634920634921,0.0,0.0,1.7591621341621342,0.0,0.8582013224870368,0.0,0.0,0.5116008411834183,0.0,0.0,3.957686321357851,0.0,0.0,1.2764804639804639,0.8338066786342648,0.0,0.0,0.0,0.0,0.0,1.090823197966055,0.0,0.0,0.9715131611683336,2.383606932283403,0.8699633699633699,0.0,0.0,0.0,0.0,0.0,0.0,0.0,0.0,0.0,0.0,0.0,0.0,0.0,1.0804061838544599,0.0,0.0,0.0,0.0,0.8652682360314824,0.0,1.0054734537493157,0.6409050825717493,0.0,0.838772872571047,0.0,0.0,0.0,1.0684022543113452,0.5844155844155844,0.0,0.0,1.1945538258038257,0.6873316657799416,4.343892378375137,0.0,4.289974691883559,0.0,0.0,0.0,0.0,0.0,1.3877289377289377,0.701754445484853,1.3230609668109667
2499.4931663492457,546.4639402631275,562.080715509867,151.67172106431235,486.1339640138859,257.63392077828956,74.81928137115227,139.22308877397887,633.100293830942,541.48784920718,48.87037079037874,82.418790344614,82.11280230900873,70.94599576745158,75.90980816072287,25.06146296692988,495.5376642893311,97.24795578676537,89.1881816897826,96.5202676937809,52.24511571692518,60.74242227778023,69.60128616744396,115.23562398513536,65.17925354441822,26.59791091222584,29.985297703597276,10.361991024136174,105.08658804923506,71.8831424201212,39.88460210575237,13.445427602629035,13.375775425941697,24.38486960965001,26.628958554222113,29.131500078755174,13.92789973178538,6.576768865417677,7.879846000263054,59.2359434185601,30.467693866056877,42.39857058892802,30.1245579588616,4.682818801568802,5.005420666117287,17.590348555528248,124.46278617199543,27.046519850970828,17.006260146666506,21.323394501473942,7.311068507054738,16.586672271606023,15.50361352081722,2.7640168854380724,5.3229865441316,5.056099129259175,20.37701715402465,8.95611874447563,5.270845160249664,45.939661343333185,20.71553894578275,4.10510652851822,18.187874799900683,43.116229588693,23.72917407230089,11.035685484107466,3.92891715095706,4.687580631576174,11.838890587262151,2.578804411441258,2.54127230660995,2.993183159654695,23.859057598709917,10.887129666954229,2.3499090258143562,3.5359329308699436,1.4515779855564246,1.8653477277198505,3.2936614995813085,4.106666686699128,3.104940362082012,1.7249201704415609,1.5182208367178383,7.256585157574001,1.4868863514305244,32.75893978911044,2.7936972505723925,10.141391054553,0.6723267154301638,1.8538598592281978,10.670684012982775,7.578416992052589,12.172259464845249,11.146275082652775,3.62985069877948,1.914963904222617,1.409742150550974,0.6122388798772647,0.0,0.0,0.9416013900284923,1.028912933613157,1.5592719412783644,1.6481168330126663,0.0,4.444055187391585,4.766390123868424,1.0989249681690245,0.938348397344143,2.5779925321591985,0.0,0.7786096867786886,0.7122822570337783,4.298006091793355,1.0892650151228582,8.981336193992934,1.0576851939147764,1.069885144412908,2.680630944562833,55.937777858028575,20.331512968026125,1.460664131620014,0.6352193193711051,7.7912001193251195,4.908317328897388,0.6069234516891409,5.87742413962042,3.3626868647388486,0.0,1.2778692042084898,10.665355183249165,1.7800460919303283,2.4741358357844425,0.9092431320046853,0.6102444182801325,6.722048223022254,0.6897638109403318,2.5340697745691183,0.0,0.0,46.68005945680994,0.0,1.21452828780415,6.6636743681834005,2.10044238491722,2.321851215233568,6.205576724239923,3.765066292184221,0.5555555555555556,2.000545669228087,4.793985272768167,0.0,0.6141652465181877,2.7607119424975965,30.2814923462987,1.0974627224627225,0.0,0.8197327363994031,0.8224547348866768,0.0,0.0,0.7995981376682502,1.2190367196882834,0.0,0.0,1.5441715599001937,1.2688651218062983,0.0,0.5319839139605149,0.0,0.0,0.873244033265585,1.4083605664488017,0.0,9.75130682618565,1.2707262843655656,0.0,0.6288565808689648,0.0,1.0464015506833713,2.274823621380671,21.14517430235065,0.0,1.7095884986225895,0.9326499118165784,1.3384900380836913,0.0,7.302372526829987,2.0508054684778823,1.7375900129983615,0.0,18.060188681564252,0.0,8.891270809227464,0.0,0.0,2.5528464590964592,2.6168287277138953,1.1760930612261526,7.692599253744764
4465.188492272924,1236.9493503600434,1178.430256696918,428.9939585493854,852.0200373326405,603.3295687546677,205.73786554560076,330.3175067706714,1346.9860620498587,719.3513696176777,171.92183363163713,201.23640179491065,314.39842925789424,174.5657471305754,253.62879057575432,77.47141574056549,925.0495701463052,261.4709097784084,115.75282795670984,138.16822707593903,79.03065742413303,210.6106225803762,127.11764381713597,260.4101146887406,184.2927434295389,12.8374696613087,110.77136496665516,33.438835444228694,98.48076509902276,220.54950851590436,150.00621678968105,17.69774089633663,20.19869212299996,21.66592072041723,139.76687197121987,74.67649267894141,35.692366204725424,59.7817729223807,59.844608486385546,43.70835151915233,33.098539719084336,101.25354662424122,125.08360505150898,7.0433079803127825,8.16833559325213,87.83277396373288,327.4793347572648,21.59610514781697,18.44559058482111,36.59501189467946,4.30369488488009,36.32387229695707,59.37682881739426,10.210894845631318,19.84053662171097,6.042160502563252,56.66564999086655,43.74329099602361,11.058202051812184,28.768421136552348,27.54293356789597,8.105614981264896,16.286189995789606,23.901787307617262,7.782341063294305,24.32852769567562,7.2706415645085425,13.728888972199089,12.102958598632956,5.225292386508854,3.9379032242974086,4.6423675671089955,24.032913528169836,45.21524780608214,6.399187224312745,11.584878216695598,2.701401505888809,2.3697313540800935,6.996437368050668,12.758329678679166,14.88028705271461,6.390475261699751,2.310338216205563,7.349736853185129,1.3408012622298335,1.9946335859777098,4.082662894697492,33.07548311334702,2.361985635692532,9.471149060653712,14.706857535236292,4.3959287838598184,14.390179836244261,61.89887501045562,5.431277486953689,1.4766151664427527,3.000132275132275,1.7803099805035063,0.7045736365440799,1.2533878630817405,2.4129572795125225,1.669053913195104,0.0,4.555101373882886,1.2717207903538887,3.2770973173714633,9.838696787061448,6.741773778476908,2.337780493633924,13.942604254620841,3.9589934408776775,4.112119435963974,0.0,12.494486284736315,9.267470537554571,9.233997359665903,2.64827368699383,3.8662944091577094,1.473894709398911,168.36784322381493,12.606194902203306,1.626124603687629,0.5104790556471228,15.784842141985,4.098193128132766,0.536061530839442,0.7000796138727173,3.2793552149541987,1.6301006152191855,1.7347284881790848,6.017784956894635,20.664373517606275,7.94978259253788,0.0,0.0,1.1374367693785978,0.0,4.5133977631954405,1.259090909090909,1.2835803939505765,93.60276820778388,1.0266023262451833,1.0720279778578097,20.734340786401226,0.0,0.5998102589589869,11.874558286345758,2.7104526425954996,4.119394424436441,9.583665681360579,9.396212999019122,0.0,5.830695955260781,14.076883035644471,81.44332860682333,5.758906416823583,5.192960296408573,0.0,0.0,1.082904207112511,3.701690585808492,6.499689160940504,1.4954068195040646,0.0,3.361904761904762,1.4432865395575478,1.2972141237447359,0.0,0.0,0.0,0.0,1.0849732760773036,0.0,1.1942765567765568,9.468984806556731,0.8163663733891825,0.0,1.249659863945578,0.0,0.5625263898662913,5.534582438838807,32.810961250188285,0.0,13.360211436333884,4.9905083106613715,0.0,0.0,15.432493534540377,9.675015861696224,6.119361460437287,1.8409757528925885,27.16534109910341,0.0,24.07820311963169,1.7069444444444444,0.0,16.73357332122475,5.499094386672418,0.0,23.12151537110863
429.5938436616142,263.63741618280307,313.0655411585302,51.38401867731745,94.33856688916444,18.5022181852539,48.71731495370859,43.70793960838355,11.899278330252226,142.62957618531283,26.100529100529098,40.158670033670035,129.14937773866345,57.412391345427054,19.164598724794576,39.25201608421146,74.74229634783205,16.677193562610228,10.745189995189994,63.52763278169367,51.883201553206575,62.074584278155704,8.829365079365079,34.31402625152625,59.3994598442996,55.8365720699054,48.84497017532732,12.782407407407407,49.20546107331821,26.049564926372152,10.737050264550264,5.961670506049635,60.88915077231609,12.958299379749466,6.3441193396550535,7.00705467372134,7.646683673469387,0.0,9.468872674517836,0.9351851851851852,22.330191798941797,26.460834750566892,9.136574074074074,16.444201962059104,0.0,12.533578987150415,1.1458333333333333,8.66468253968254,5.019385321468655,1.6365918803418802,6.353835978835979,1.1785714285714284,1.3551587301587302,2.437435580292723,0.9728835978835978,3.313712522045855,3.321428571428571,70.46307319223986,3.2738095238095237,14.64766081871345,5.9070791713864,7.276695526695526,4.636294261294261,3.813822751322751,14.78325774754346,0.0,1.0912698412698412,4.120181405895691,11.43667328042328,4.474384334153242,2.1004796790511073,0.9109347442680775,14.286706349206348,3.1979166666666665,0.0,0.0,1.4259259259259258,19.0406746031746,1.3740079365079363,0.0,5.530833973374296,0.0,0.0,2.946428571428571,0.625,3.994923727066584,7.114261730333158,0.6845238095238095,2.450396825396825,1.6483371126228268,1.3194444444444444,10.303571428571429,0.0,0.625,0.0,1.2334656084656084,0.0,9.095767195767195,0.0,1.3174603174603174,0.0,80.26216673538102,0.0,4.909569597069597,0.9107142857142857,3.958333333333333,0.0,0.0,6.378306878306878,1.9285714285714284,0.0,3.5923127798127794,11.690665154950869,0.0,0.5714285714285714,0.0,0.0,0.7123015873015873,0.0,0.0,0.7142857142857142,0.8465608465608465,16.891887937970886,0.0,1.5822879330943849,0.0,4.240943662818663,0.6423611111111112,5.494457042076089,0.0,3.9214852607709747,1.4583333333333333,0.0,22.150034571909572,5.228908987837559,4.092847580799388,2.8402777777777777,0.0,7.345252267573696,0.0,0.0,0.0,0.0,0.0,1.2943510737628383,0.0,0.8518518518518519,0.0,0.0,0.0,0.0,1.5544217687074828,0.0,0.0,0.0,0.0,0.8705357142857142,0.0,0.0,3.3266167578142367,2.003367003367003,12.475069771498342,0.0,0.0,0.0,0.0,0.5357142857142856,2.2924603174603173,0.0,3.7351190476190474,0.8621031746031745,0.6249999999999999,0.0,0.0,0.0,0.0,0.0,0.0,54.79050453514739,0.0,0.0,0.0,0.0,0.0,0.0,1.1706349206349205,5.0,0.0,0.0,0.0,0.0,0.0,1.3392857142857142,0.0,0.0,0.0,0.0,0.0,0.0,0.0
2168.910625515801,1421.3241880027751,1161.6681550361502,408.9812890026437,966.38238979732,127.5812190785405,218.0681387660884,488.9175090658505,44.72341648292763,913.9530536581324,287.40395925781263,242.68280463002353,869.7283162309008,304.6988665678515,127.72632130783968,660.7916390604415,538.961397393872,79.16760298784108,49.51101826163745,376.0598769925093,318.6786235705362,271.8634908011788,64.30365732151446,247.19619120242461,352.8446656387079,316.19078303924795,308.6532474139617,104.65150358900358,588.8499871125811,143.03337625393348,52.1361963325275,55.67878672316585,430.12189251104934,73.31155026941953,108.31467738610596,61.55218180167962,83.8302540713255,9.583333333333332,147.05250461214138,11.295935545935546,47.684922533606745,98.77150415721844,90.88324640820548,271.5317640605704,4.811449579831932,45.61563681027967,4.76739751456138,28.930723046794476,10.987069209218332,26.535782967032965,57.03996417812207,13.25297619047619,28.946699134199132,10.212172747887033,4.279130591630592,15.644295133878467,34.13721001221001,515.7388464780938,13.668560606060607,77.69534552922711,12.94480302161025,6.350041771094403,36.45452464202464,18.436010186903044,40.46505372586199,1.494047619047619,3.0691137566137563,12.008219954648526,16.268849206349206,26.89997480865736,11.043867076745228,10.369268077601411,35.164366883116884,28.203869047619047,9.550137362637361,0.9027777777777778,6.238425925925926,40.72767857142857,16.90079365079365,12.701747466054695,27.073518810467025,3.611111111111111,8.53968253968254,25.176150603782183,8.502525252525253,38.302640563801276,33.61275001453573,6.636904761904762,19.706349206349206,11.19004243111386,1.5277777777777777,25.46599927849928,2.1490076094233546,4.590097402597403,8.827762515262515,6.432780182780183,3.1845238095238093,45.04715608465608,0.0,26.494227994227995,0.0,690.9905115422032,9.649470899470899,7.217261904761905,9.400342712842713,22.956526002455497,1.1111111111111112,1.5625,39.052777504482044,6.123015873015873,3.4375,40.67049300601932,52.86820722441023,0.8928571428571428,2.6225198412698414,1.9548872180451125,2.1041666666666665,4.101190476190476,0.7227891156462585,0.0,13.095238095238095,13.76223544973545,65.93779443188158,10.925925925925926,1.5822879330943849,0.8888888888888888,4.385078463203463,12.766203703703702,124.50324389014865,0.0,2.9087599952261605,0.0,0.5,139.820340737305,17.551071943929085,20.623914832261377,15.661549707602338,0.0,15.767806399949256,17.249152082485416,0.0,4.63547261009667,13.834656084656084,0.0,5.334515544654863,2.93015873015873,1.25,0.7738095238095237,1.8125,0.0,4.701719576719577,11.936224489795919,5.636904761904762,0.0,0.0,0.0,3.0446428571428568,2.095238095238095,1.251700680272109,42.92642675757171,2.965367965367965,40.862011698618836,2.119047619047619,8.056863771149485,0.0,0.0,1.4285714285714284,12.532960557960557,0.0,21.705679128376495,4.676587301587301,7.001488095238095,1.4930555555555554,10.156898656898656,0.0,0.0,1.9791666666666665,3.1324404761904763,178.93469242065876,0.9090909090909092,0.0,0.0,0.6180555555555556,1.6136363636363638,1.6666666666666665,2.71031746031746,5.181878306878307,0.0,0.625,0.0,2.25,0.0,4.316323073945025,0.0,2.3382936507936507,2.954365079365079,0.0,0.0,0.0,0.0
1449.874824006258,601.133544060749,1255.7853192444868,201.70638196898025,222.8320530999918,676.4819219608577,143.45202274177845,235.63687904590935,88.2740446737277,846.8927988231034,119.97990395745585,280.41719788631485,385.93427352536065,214.37142108479554,83.53544415936481,490.923606424633,382.78299516292344,155.8767030181859,38.50160457356343,214.48449302546567,149.84934411278596,212.50325247333276,72.23919432091965,214.81620842766168,270.1081306902818,413.95087756005876,496.573132105514,71.52116003435087,130.93367873240902,125.61206466542461,23.679930782784787,34.33077271931241,238.20832868945732,71.50582390813835,125.56081688369892,52.83685690550629,53.0296291658717,6.848090403506433,105.88179049418312,23.851558325854676,60.79980684389186,38.870014582771404,81.9292584140111,146.60114180313917,3.1600140106592494,40.58887193530656,19.051240101132066,9.51891862619711,12.039218678106337,12.571115834515078,27.021358632638925,12.117185263443403,15.582447380047999,11.312959196425414,3.0495510791376597,18.618436133194535,13.86198028001667,185.0587753304293,7.336043965247552,122.79961159914019,23.396508719890004,7.367923588279625,21.95509376432297,22.025682512974335,57.426983051118015,3.8116474540374363,3.395521590227309,3.92707371309588,3.852108518011689,21.664773820961578,9.087115583153631,2.065470952721406,60.016124104489705,3.622236564427234,0.875002329889548,6.551234976876286,4.79936788122272,10.344228211686131,7.529922028648275,4.106222038394635,29.650504749099902,1.6614073061441483,3.385014377799719,12.172315135884046,7.080064214196092,25.955185471753275,32.71420463831931,0.8147483608009923,3.217501593939011,3.343936401540088,16.620214045214045,22.305330444921488,4.154296567111693,3.4495475457351814,25.762491340077545,1.4087441838456036,4.038333983611775,39.90837169871034,25.548463045046795,6.415330540418998,13.484203804530482,276.7954857684481,3.254673535750989,4.580529141481153,16.915443614003454,3.2023938986413634,2.863770417422867,1.2273188975775184,19.07914589280688,6.971014620627623,0.7908769063180827,29.778269306273035,15.555440605012418,4.607142857142857,1.2141271182802622,1.4711229946524063,2.5862136286071378,2.3629989622569956,0.6900890775890777,0.6021825396825398,4.803570330953698,2.6689404590489216,13.865399246952565,1.2049014581909319,1.1979746815295085,3.923125247434012,9.62777796985559,13.72698266924155,37.5854530811009,10.571042941732596,3.7520410104499002,0.653057136833228,0.0,269.0257438373032,20.04692050864148,4.902935064843226,3.2206052184391476,1.1345443349753694,10.290230764943281,6.715540196719946,0.0,5.5999462943071965,2.768274366958577,0.0,3.6980120197999455,0.0,1.7671897302982493,0.0,3.1386308909528724,0.8300645714438818,1.125,13.774042810997727,0.8534355154541879,0.0,0.0,0.0,2.339313971202516,0.6018084995900717,1.3069671305621093,58.02330082721618,1.0834930463413435,26.497391045937043,1.1671051360653153,2.989916507877968,6.932717666463796,1.74203652725458,1.3957007045242338,2.767181711763755,0.0,18.927707608439032,7.1041207852086465,3.527929818941482,3.362837163133416,3.399480630200178,0.0,0.0,3.1956503466675588,2.6908772879167615,39.809768341797636,2.638888888888889,0.0,0.0,0.0,0.0,0.0,0.5036274207959046,9.3680559636442,0.0,0.0,7.213756613756614,2.0956474098477775,2.907088122605364,6.952828317067915,0.0,4.4591056088734105,2.7126215717546986,0.0,0.0,0.0,0.0
2435.7227591656447,912.7547066092346,812.0061235499992,573.9034288666265,664.4075610811459,201.89437049932707,227.87351789628053,297.7659097949936,254.22349067089274,1181.822340376248,180.7934520428752,280.2867352687868,670.2747321490654,233.57626194842481,278.7717326150297,79.95391047256209,671.54357414726,146.70154028979354,98.11319479093795,275.6683255687803,498.2429699162823,368.6187712948951,116.05307044446025,298.361201379661,196.60512996358304,144.40378997796748,188.17129260093304,98.00389046908053,706.1453926950053,508.029001858243,79.70379286484165,79.80854587154823,298.83207552675026,175.95871616307198,37.353663053577634,77.2616781439376,60.65751019686338,31.56372009209019,79.73036645774376,22.825840996951676,495.4967946487735,26.286097350171136,95.18174349613743,67.07436725493427,21.519625129772187,9.229948772522759,127.21224806975216,72.0900343186991,82.70496757571061,62.64650683839938,19.52384325994627,7.205952380952381,21.07286887892968,31.48321513084118,12.47954000223008,46.79065133185057,17.726421418088083,100.48215342087431,79.22374883377334,373.7980193787052,49.485680228320284,84.86863422471775,57.69641820507017,15.199575670857246,149.98223818243807,10.072920782920782,9.263424955677278,7.529919261165391,103.16371392687311,18.71234528722889,21.325322425753928,26.08266894753239,90.95275434841837,11.213349921683255,37.725670109500776,13.33781509884451,7.572968530008003,53.657760398563894,45.24222928941066,11.754410877228583,50.55303162638268,1.6834315375982043,31.36579014228463,48.01675398874211,35.206611468013776,61.652782847844726,12.89140361272714,29.074508872119164,8.07361999772714,6.075466038625918,20.24303199183714,90.91102333287107,17.860814448847705,48.45684128249918,6.540838892860951,28.4202290184398,83.04462071488545,16.20551373095983,6.089686622099815,8.770193988693444,8.895173679570792,88.0513504252528,22.00012848359535,6.735032791282791,14.497706093833544,57.59945126957188,26.132943037354803,6.435812384782973,12.9277148062577,8.912299891466558,37.85262511692336,6.540672706715138,18.34751197876198,42.39556396762279,0.7284673043006377,3.4555580871370344,14.634925722425722,80.58248897239847,26.92108006372712,0.0,13.10893185880931,32.70374059992868,14.5106717764806,11.356664724164725,12.200126262626261,10.629931394182377,35.91284275727903,11.696547469415117,20.522653916287815,3.5301269332519336,8.003937530723245,16.06159164909165,1.4447802197802198,16.28562388214736,9.667934228534719,47.08334196427014,3.6512080349799647,1.9253964479985923,7.8457616457616455,12.061073508463213,1.4138176638176638,1.4181171883958261,29.35563238504415,29.93046994407821,4.190307279006969,1.3190079365079364,21.648440034624244,3.839976118652589,4.335494026670497,0.9323169323169322,1.261043538607641,1.94528563198435,3.791580913942025,1.3434343434343434,0.0,21.34099666436623,3.0856311897978563,11.770630360924478,11.78714225944995,29.283385452369753,5.837840264310852,15.78027805456211,7.638668538204142,2.026067951656187,3.1872285122285122,20.587559172409716,1.2944034179328296,8.227390120772474,3.954403385285738,6.11466049382716,3.609417151475975,8.02228291623465,10.576697461178885,42.50435231565346,0.0,0.0,16.2483440407202,3.256409012443495,47.332914497835105,29.676958177080724,0.0,0.6054131054131054,2.4315052231718894,0.0,0.5734508547008548,4.296067492449071,7.798809523809524,0.9326923076923077,0.0,1.9849773242630384,0.6136838624338624,0.0,7.071716573187161,4.025750602673679,3.6937146686159843,8.615481277981278,0.0,7.376373626373627,20.06868567162685,0.8333333333333333
2505.337418306675,816.6981456428757,1172.5962884783175,600.6843596483949,696.688741246535,151.1584857155472,210.83405736086266,357.65678144162183,161.01935500343774,1136.0405698583224,178.39998843884874,322.19607009757374,752.0459412066892,202.43331343197482,223.90397436207408,78.12357073432761,729.7174107747928,143.09428206883334,90.00083936695972,225.19810555930104,486.83939225588745,364.54052948310067,112.0732819264682,415.58553902750646,200.8934165229927,162.8884231201664,243.18589385751164,144.10839232011017,390.16959124463716,638.0461893039788,63.13463024595362,50.66850621683125,328.2672810339108,197.29134604653208,39.032920291223036,69.77475768889371,59.2428868328979,29.019107297477394,72.7259172032945,26.516832364258835,405.23209646045694,35.62718154213252,95.66867061773716,236.27505215320687,19.82539112303818,25.896483164057152,88.29352813228223,40.997422696880754,82.10782975194739,57.32008625953519,21.71637286279443,6.900396825396825,20.44732030859482,61.56036059340331,15.409723731755914,68.67974290277694,34.26862921029588,83.00622421647176,55.7667888570217,377.69710554907897,59.109709638063975,75.54391312814515,61.626793385445346,15.419187199679303,224.43081655613784,19.91912087912088,14.24356628121334,28.10754967980458,91.77063407453113,26.306260631144234,47.58505462538551,13.845728969520986,121.00854104089835,8.993442514275847,27.723707323899205,22.40058566161507,10.878438644688645,62.213315954119444,47.469261516442884,16.610364343144454,72.61589897230141,1.7970679012345678,41.297988466447244,46.85096915629061,31.130526067523615,136.33465449801994,11.094318753142282,18.550699348309642,7.143017201052915,2.677738765898645,39.86167060225206,89.22902599851129,11.129370708912118,57.317125004625005,6.371535626682686,32.637336602214056,56.09728725124764,14.87012882772953,8.688861326537678,10.215928614577587,5.757654974382915,133.8504164826522,11.617704686834934,25.060058845475513,21.1537907499182,53.84181008035175,13.222201001612767,3.5991721731427613,15.57234971569524,16.96520994437661,14.691903528570196,11.477605316016168,24.500906326454572,14.778620725679549,1.7824796499796498,4.013828763828764,14.134925722425722,83.24580867738484,7.945688489070841,0.749721293199554,20.30572750955233,19.87924881491058,13.139561405370229,24.38256475006475,5.2556818181818175,6.646845104110793,69.91581894775523,20.490309141466263,27.078027514424573,3.488039391164391,6.379740629740629,11.570890991724324,5.9447802197802195,28.40852266951983,11.90404533964583,25.817218253037733,3.320953737620404,1.8233556316720616,8.484730701397368,11.745514646029351,0.0,1.459540190345144,32.690793751455516,17.960893224501493,4.7264086857224115,1.3190079365079364,8.749231786731787,3.6583521870286577,5.002160693337164,0.9323169323169322,1.7332657608298634,4.185861819928959,3.5946379392212724,0.7878787878787878,0.0,20.97062629399586,5.8044763878097205,12.467814658108775,19.66069925800695,14.429873006895065,3.367252029016735,15.842336366620422,15.98965782669343,5.249612925201161,5.51515059015059,14.851459161309705,1.978867102396514,5.243022636404989,5.96928433766669,16.232716049382717,4.065766357825181,8.020654914606649,6.166783788107317,20.55978762108877,0.0,0.7268869248035915,6.347376343699873,4.237890493924977,73.49977705257359,31.065847065969614,0.0,0.6054131054131054,1.7127552231718899,0.0,0.7956730769230769,3.7556191493691493,9.375198412698413,1.4088827838827838,0.0,0.7718253968253967,4.206276455026455,0.0,8.186805831927783,2.3326289095519863,7.283244047619047,10.135322547822547,0.0,1.9597069597069596,10.626086117185189,0.0
1258.5738098007103,307.8658381544214,546.2514509963737,188.72151801032334,290.4543693567787,94.15330748605501,143.95118018017888,299.24228785141753,93.76493724173193,431.8509174341317,78.77406465312103,92.49487217432464,272.2661813596385,173.72683612089128,92.11304153086975,48.73264199604311,316.75246390624073,55.946309080701994,72.49368863489929,183.7181884511972,206.40305168259107,240.4426018524343,25.368334639293213,154.20924218742002,205.55571901524797,91.0896509247399,122.43335436759602,52.692968493211836,201.2907786094629,205.73579557222695,25.596197692414798,55.19080479139227,155.97883302963356,80.87497423586046,27.220983408942022,62.281586057893136,58.90495062408321,16.023736927107024,22.916353498571482,39.19430743548391,97.60372574874584,58.65973484122994,123.00216704633752,77.15798744809393,29.700636393858787,20.158079220506146,56.78081722811864,34.49725226546032,29.08449478535263,36.552237144364646,10.999149808071376,15.726785714285715,7.25982272538645,16.90756661580191,9.789421630475552,31.77565883098453,45.4931047347714,66.82247942514778,24.734169431693942,143.25438829572016,52.22714801776453,24.159886343383075,52.998061006712966,15.61104464778675,121.13757227031786,8.44220288970289,16.63324882089588,13.71491299550123,40.99175875594993,33.7235299714905,17.06003955331161,15.999091810383826,66.44679904271139,12.148279575362908,21.9429658321799,9.07320470923412,7.775416666666667,84.5877436097971,20.96534999180768,26.101375184155295,24.251985108387547,8.059430538597205,41.9381987842151,17.093368274057376,15.551474332221881,30.087668729159176,13.667235419808948,20.328103044830986,9.39367857671429,8.633571049502422,13.70579654210169,38.73588381193556,3.869246410552525,27.755329161579162,2.706870281134987,22.634899696345773,14.59089891024392,13.307926658756529,5.03401664779594,7.609879571028543,5.027439927991399,118.99281928945254,22.399909177625794,13.51560407185407,18.248830432457883,28.458597459639126,8.76499399293517,3.8177568292274175,19.79535679061879,8.013948243114909,10.793177486094152,8.623405580566432,9.881936813186813,8.255419389978213,1.9433592796092796,9.095839345839345,32.23661223036223,13.004130934425051,4.48785955330073,0.0,20.113262631522435,27.931462478153655,12.745129448438272,4.50945868945869,1.0723484848484848,2.759642723158412,32.38413542838788,11.120792573439632,21.989270900667957,15.294015822140821,5.327948671698672,5.112323633156967,2.4896520146520147,19.040439363936525,11.258745595816674,44.70736355879836,8.346416700583367,1.3684945205609507,7.130497897164563,9.447905773420478,0.0,3.8730392156862745,9.3507865364483,9.62766164126991,1.916948424669013,1.366626984126984,1.2535052910052908,2.598942846369317,4.32755751873399,0.0,5.135448300512403,7.127103813802531,4.335764482431149,1.4128787878787878,0.0,1.4740985162180813,3.7875695292361957,3.329946970241088,6.587119475216641,30.76250479149296,2.000233426704015,17.683156562220027,7.849861889200124,15.62636811445635,3.908465608465608,1.6403515189520625,0.9260348583877995,7.8924935358758885,5.50855987694223,6.633509700176367,5.541041083099906,3.977165551405747,2.510825163398693,3.7232760253859998,0.6909722222222222,0.0,3.3845315904139435,8.639907689692173,19.157733490986697,4.070818320205575,1.25,0.0,1.7878086419753085,1.6805555555555556,1.7187499999999998,4.7311278998779,11.403472222222222,3.0368589743589745,1.1011904761904763,1.0099206349206349,0.8220171957671958,0.0,5.816827671239436,0.0,6.817148252575884,1.5113215488215488,0.0,0.6263736263736264,1.2669711824123588,0.0
1809.2295024368862,275.2132189028458,284.5231083085207,117.86115830379788,720.4085855213903,129.31115035646386,315.5192595319963,191.02711621942393,427.3362250065769,270.01571896948695,61.712655817345436,153.55425278357873,260.6739401217306,116.4425386398762,131.66039959431822,64.94769501684476,351.3891056712642,701.9145063986497,69.83289994751631,108.09059718515529,52.03579548985224,93.49901391613597,44.19306240424853,138.64478235650307,38.44123205030676,10.493252059738158,27.5219698120162,17.390849171242422,36.08002412793866,32.43951567309903,43.00350635068401,25.399684657984338,12.095673511709293,30.721421404909115,59.45076589998787,64.9801135630097,28.659760384619606,32.47031912563279,23.599911516688582,28.045161072033313,66.4505626689014,64.47649844452278,100.61140866147832,5.312832518954967,25.853962466379006,45.317646729855646,876.5175902562546,9.650355989567812,12.146265488621015,14.117521483855715,8.23305996424517,23.22897661154414,20.770676861662473,24.141554828922878,13.440614784289133,7.172308132710882,20.862263228757374,4.857894057221102,7.296113445973579,5.621899799773661,10.765088033800437,9.225292525942441,3.039632155481766,4.677544883374838,7.630516102540773,27.461912845490296,5.896042331213657,13.557749001059118,7.931662302336659,11.144950506166973,6.553315589709774,7.57231262205405,3.770706637837947,8.597965700932388,3.6999808751063963,13.714326546143928,1.6352759647632675,55.80326310011184,3.2474294315427317,18.09409690838339,6.008593931021488,9.564717685942176,9.215451694345356,4.439108833861457,1.0456623733409447,2.0803478716919956,14.05019507316717,31.078503703867604,3.9056364293433257,2.9415027810074332,11.677636756015513,2.7084287838598184,5.694464513077959,10.336103858223682,8.019901825578026,1.0301865950141813,14.884817156527681,3.8358655360590617,4.617355299325743,2.7103984450923226,1.129971168401411,1.2986835428247336,2.9366168291660903,2.2465696278511404,1.691788817564773,12.581390246664393,6.673766231505892,4.283557158495582,0.8866969767609334,5.005735567752155,2.3136942955785322,0.8170857659303038,2.218969000803976,3.057052422302453,10.635389927532785,10.37619312686167,6.0232736869938295,1.1579610758243764,2.95043532564541,154.8358429943689,3.136848072562358,20.62612460368763,1.9114981754162426,1.3403976975405547,4.9511619186015565,1.3832837530616642,1.116746280539384,1.8349107705097543,0.7504709855895558,3.6536418868718954,3.6040944807041586,14.21645685093961,4.008009088264375,0.0,0.9985658080896176,1.0760585642503928,0.0,2.251493001290679,0.0,0.0,35.27718148513834,0.0,0.0,2.234858483901682,0.0,1.5639306293293573,49.47455828634576,1.3136272457701028,2.097569027611044,10.6846236150391,4.658189910996033,0.0,0.6561945307593567,2.026377985139421,74.96955984541577,2.1991306805772592,0.0,0.0,0.5229885057471264,0.0,0.0,1.3746891609405034,2.8618283881315154,0.5810657596371882,0.0,0.9135662598372682,1.8545734311040434,0.0,1.6280157169178986,0.0,1.133142650999794,0.5625882536922815,0.0,0.0,0.0,0.8996997067225158,0.8087332864180155,5.138548752834467,0.0,5.622050199390101,4.495170461926831,17.963115837205955,2.011983330025202,12.247665417537867,1.4959010660541272,0.0,0.0,1.1654621787993447,0.5083491950295568,10.10458873316456,0.5817164936333293,1.4609850384973537,0.0,2.5457957122242836,0.0,0.0,8.678813075085191,13.185602323180355,2.080774102744546,59.58915747845662
2373.4320101327858,100.3888123105621,123.46325158851418,662.3945972461411,1075.747944650914,46.46012570335049,350.7821888775322,368.49580984880356,58.78353977695714,3012.4533221334614,268.90597571128717,90.38716229549931,176.6520797576995,56.52921941237952,327.5480106508753,66.32233219628178,941.3504329707196,525.6198718473403,80.64868972453006,403.4951751291037,44.40247140425712,60.634280485698554,365.6193937212638,114.18595678494138,227.9792015446427,28.644088847660274,144.0287950533749,310.23351605836075,697.930246771073,587.189645082259,12.024904031154032,35.25803042079303,53.004978380240985,287.91722484395325,114.00728986492291,121.1434605498506,2.841414141414141,16.85460472067615,30.399132411317286,223.6412612850113,30.614575122978483,205.16137113547828,275.25887407828617,183.47428570949228,16.406679237351508,7.292401556582228,652.8426371012723,130.873133241253,15.273912620603797,63.75798066247996,37.98828506149935,15.86228156763871,17.989427538692244,8.371254739269444,7.468042115836234,66.01851899267865,1.810515873015873,1.3344671201814058,29.43695818070818,387.2679426795323,90.14326574070788,38.28277801019398,48.96642857803572,2.026984126984127,545.0269009453248,28.102328616631837,6.765948601662887,69.60984952126408,85.93414029299883,10.06096681096681,41.026401928292685,35.33335738335738,528.1659223149244,1.1914134340604927,26.984148739138234,27.463774299541104,4.033688709401889,4.361580086580086,5.298077305142522,55.76071360556654,30.0561465495289,0.8888888888888888,14.231909041782991,7.607198712280958,29.876881826934348,176.90275995725926,5.696248196248196,4.608730158730158,13.861793007801412,3.1884920634920633,5.17106765293192,180.5452609676349,14.296176046176045,1.4604497354497354,3.8968913439501676,12.540019248440117,6.961339586339586,0.578042328042328,4.832013158798873,2.4258312079040367,4.467748917748918,2.0257936507936507,55.45601512555294,3.501332763097469,5.262158752389845,8.533152958152957,5.446314102564103,15.283721701578843,7.943316493263972,10.26658001584472,2.096797052154195,3.53005757858699,10.692915322694734,76.16501619119074,4.39982732409203,5.166666666666667,1.833333333333333,36.333102950452385,4.862868395221336,2.5244133885438234,12.678143479614068,2.3890873015873018,6.213672438672439,10.930751037788852,69.70657444407445,1.3458243145743145,143.7779672112305,6.236358583837576,1.9206349206349207,2.4217171717171717,14.79039077752313,2.764190821256039,1.3618326118326118,0.0,2.9148526077097503,37.96503364360507,5.991359498344792,0.9343915343915343,1.9853476112667288,9.510313805656942,0.7886904761904762,9.060301766394204,5.027151416122004,97.53210592317734,8.317104804237157,2.264969902102255,7.64294733044733,7.8809523809523805,0.0,0.0,2.273148148148148,17.21903234487268,0.5333333333333333,3.3681318681318677,2.5595238095238093,12.386391848891849,2.3008592325819217,43.5447534945084,12.222326152683296,0.0,1.9970238095238095,1.5896825396825396,8.90958895254008,3.9254686839770874,1.1464646464646466,15.967932267118192,23.03965997626712,1.5874961095549331,16.597235036205625,0.0,8.642828520297007,16.1791744475568,2.361111111111111,0.0,0.7142857142857142,11.632527657527657,2.9176994029935206,5.318908324790677,0.0,0.0,37.68546588993018,6.8655955155955155,1.0138888888888888,0.0,9.960984848484848,0.0,0.7878684807256235,9.210143097643098,0.0,0.0,6.8208327775554665,5.9829365079365076,5.22464096749811,0.0,9.310150171179583,1.621660886576853,1.1910774410774412,7.32017612017612,5.064998558345897,1.2310030395136777
908.4925223566567,89.55136184961552,120.4436346882893,88.88438465165439,267.7077065090674,102.18592612106866,76.2972750050875,253.18220541583636,282.475870881695,207.05422951154213,35.15401014755854,61.802518916766225,173.67106946468505,187.63978642884894,37.28497532560032,71.44112804633637,391.20593821252425,37.97750282125282,46.05799333516725,47.05237455354178,137.0101616362033,106.85513155825656,93.29437302169157,41.477477725629605,84.31653760121804,49.24085520960521,173.92485995161434,24.494097222222223,138.73868897306397,16.92153795278795,151.11693269581374,8.022764850889851,13.551666504791505,16.445425598147374,17.121944317256816,26.136642119275635,43.358056006493506,15.692550505050503,27.300893358185025,4.509672619047619,18.23014601139601,15.234264770723104,27.302343547656047,9.514976677805624,6.818869498556999,14.92219296906797,14.272113922059097,47.66608796296296,12.306547619047619,26.523944805194805,30.372184143017478,54.758624188311686,26.696585436168768,3.8275462962962963,13.007391624579125,6.435762999943107,8.270061728395062,107.64943833173,4.1438492063492065,11.486276455026454,13.654960317460317,0.7638888888888888,15.100389536041417,66.5573593073593,19.563988095238095,2.7077546296296293,4.063048245614035,17.822310501998,16.557291666666668,0.617739898989899,3.009083894500561,1.6666666666666667,12.462166305916305,41.06248121091871,4.010416666666667,0.8974567099567099,11.29170058336725,41.643060064935064,2.1170300353768097,3.9924768518518516,2.954861111111111,28.13915642116247,2.208333333333333,0.6241883116883117,0.0,1.6458333333333333,0.9809027777777778,2.892361111111111,3.870843855218855,13.569579725829726,3.883928571428571,0.0,3.44629329004329,3.8391203703703702,0.6282467532467533,8.29274515993266,4.870738636363637,0.642361111111111,3.6666666666666665,0.7552083333333333,0.0,0.0,0.0,1.7230902777777777,3.748346560846561,0.8072916666666666,4.511780753968254,4.381076388888889,0.5198863636363636,1.1924803591470257,0.0,1.9774645969498912,0.0,2.094809704184704,5.222003690753691,3.382521645021645,1.0266203703703702,3.943452380952381,2.126736111111111,28.71747234247234,0.0,9.668981481481481,0.0,0.0,2.619295634920635,0.625,0.8032407407407407,0.0,0.0,1.4670138888888888,0.0,1.0416666666666665,1.40625,0.0,9.193287037037036,0.0,1.236111111111111,15.082089709243784,0.5833333333333333,5.260416666666667,4.999789562289562,1.0069444444444444,0.0,2.875,7.171875,3.730613425925926,2.189179743867244,0.0,3.7897727272727275,0.0,12.785416666666666,0.0,0.0,81.44536761463844,10.696135461760461,2.545138888888889,0.0,0.0,0.0,0.0,0.9821428571428571,0.7291666666666666,5.275883838383838,0.0,0.0,0.5637851731601732,2.0572916666666665,0.0,0.9114583333333333,5.458333333333333,0.8883101851851851,0.0,0.9467592592592593,0.0,0.0,0.7638888888888888,0.0,1.6742837602212601,0.0,3.0416666666666665,0.9375,2.0706018518518516,4.125,0.0,1.0243055555555556,0.0,0.0,0.8333333333333333,2.308531746031746,6.042592592592593,4.149140211640212,10.128141534391533,0.0,0.0,0.0,0.625,2.5416786916786918,0.0,0.0,0.0
545.3872269052929,85.01750216613371,67.53208425863873,43.77171777688045,107.67234643099903,34.024573276136785,26.870603620158484,29.77264413452588,111.28040144036221,88.10039660398175,19.026018884017333,24.13079978383264,44.50101402692637,41.497272549600815,19.34815853078405,11.391874911024656,101.7048020083632,24.719934596183194,13.012915365855772,24.319367026425134,17.472420907563183,17.934006007378063,11.370505794191919,25.33863839042993,15.108689510430628,4.384630833469873,7.9982361926943435,5.599182504575757,15.08275981817435,6.339308993204853,29.704637377807508,5.261431372527107,2.441159622820404,7.148250511837929,12.643983158244852,9.816874975687051,1.794681019540242,15.408083675897345,17.293886985664052,5.14823646885871,9.938036333580953,7.543267323791652,6.115810907821977,1.8472240533465023,2.3246995996161384,8.335557291516212,76.13546640091364,2.630514719726542,5.2016091033396314,4.636701378035609,7.399726630911837,4.257096480181253,18.669155697641308,2.945126257494308,1.9415305352048842,1.1381200985228483,11.534042838036985,1.6118623111893557,2.2323778759880097,2.4309275775514387,2.1628469878093903,1.2035087541586693,1.7620648154144258,2.698378216708172,1.9230440111401104,2.134720857584024,6.903978839150165,5.391851935162052,2.116847487521844,2.828863815080282,0.6678177542119387,3.5410626220540506,1.365200685456995,1.9437581845925183,1.2722030973286182,3.4836387154560975,0.7244173789046816,2.28639802074676,0.0,3.6292659319683604,3.889546311973869,2.870273241497731,0.7180763114436584,0.9608479642962401,0.9935790400076113,1.627966919311043,0.9900703021048993,3.760321885685788,1.1119856356925322,1.092180806685459,2.161402989781746,0.7292621171931517,1.0694645130779583,1.937955710075535,1.3016478573240589,1.0301865950141813,0.6228174603174602,0.669198869392395,0.5682100001804435,0.0,0.6351795017347446,1.2986835428247336,0.0,1.2544399982215109,0.5574350760681744,0.9980569133310595,3.344252342617004,1.6764143013527248,0.6486017386656953,7.339068901085488,0.688694295578532,0.0,0.0,6.963137078387109,2.010389927532785,3.802119052787596,1.9260514647716078,0.7829610758243764,3.8587686589787427,49.064696969914046,0.0,0.7927912703542956,0.0,0.673731030873888,1.2590322889719268,0.0,0.0,0.0,0.0,1.1536418868718952,0.5326659092755877,0.8831235176062762,3.084397977153264,0.0,0.0,0.0,0.0,2.251493001290679,0.0,0.0,39.07647940943627,0.0,0.0,7.018930733491173,0.0,0.7271250737738018,3.4983678101552833,0.7580716902145473,0.50828331332533,2.6279778506727474,2.5081899109960335,0.0,0.6561945307593567,2.026377985139421,6.263851319473989,1.949130680577259,0.0,0.0,0.0,0.0,0.0,0.0,0.0,0.0,0.0,0.6635662598372682,1.0591188856494977,0.0,5.409100373002554,0.0,0.0,0.0,0.0,0.0,0.0,0.5663663733891825,0.0,0.0,0.0,0.0,3.6618371285934974,7.673803963030997,0.0,3.6721032482256972,0.8014566216096828,0.0,0.0,0.8930262813634472,0.5083491950295568,9.087922066497892,0.0,1.1276517051640205,0.0,1.0874623788909503,0.0,0.0,4.993086764358881,1.5427451803232115,0.0,6.027589416888557
985.2392055522705,832.5160491621655,526.0793830527473,308.91825462627224,311.4769808723925,67.31604069909335,121.33291097363094,74.19200466756607,82.75409198968084,385.79647440595795,188.1691574808257,112.00060427816292,408.980448181967,232.36708506081138,61.5150894660931,35.65272297934837,380.53127449776565,62.04335934255694,46.382366484986235,92.85991184851801,344.18202913517393,95.14464622965474,48.97473531714448,172.43094422813346,74.41982421275249,91.62295940110295,61.30994824084454,29.413513656922596,243.1181422245388,139.5093577876055,35.68531367466275,22.122317318818403,133.73758252823941,50.76615303823166,25.172591035223398,20.287486218371626,17.253208114650324,4.666092313051503,29.44222342158491,6.639969986260887,68.61180856947415,10.58181879920723,16.081070285844703,96.32042815104806,3.1993063581298875,4.277732888027005,30.823335929879494,12.719624845520626,28.133392327163996,30.79618044396418,16.251146096142293,1.4242879167908002,15.213807082150735,6.5700104860275435,10.334781697999793,19.84411102969862,0.5462962962962963,89.72504582524076,7.634286161369495,78.096605840164,6.561993516900669,13.190672287081718,1.6509209744503863,10.234207292153629,22.385974560467705,0.0,0.0,3.613460580049847,10.14828079246939,2.5098488113193995,4.7495128727746385,4.836309950660864,26.600000872085495,1.8437856624131135,0.8571428571428571,4.113012029832267,1.6058416833792775,0.6845238095238095,7.387827151062445,0.0,43.48193455789851,0.9084967320261438,0.0,36.59827210065858,13.809466513878279,10.594249103150032,2.8172860364036834,9.863973063973065,7.375548065207262,2.6721309736015617,12.711743422269738,11.368386575584719,4.1825184619302265,5.058400870333275,3.5270594412509797,9.290596531282805,10.22295498619028,12.199727371261226,8.469636953221835,6.5154252379153315,2.7481600285392855,22.378607142390628,1.202696504222212,1.759414877061936,3.14014488371106,138.81488355165928,8.937909584968407,3.055691222357889,5.644846397873183,0.0,7.0968434236259546,11.59015311147019,4.233552711764786,0.0,2.4170479302832244,6.568732262641898,0.7290764790764791,6.63764007890992,13.601247049367965,0.0,4.119917184105291,2.481526417052733,3.304717524609998,0.9816919191919191,4.883950540639345,3.141439010638357,0.8451825951825952,6.814810625104743,11.906278338227697,3.282219958690547,3.0985328740746696,1.9316293183940243,2.4026424963924966,37.99655416285932,4.291371984620648,3.823534273031177,2.7439361464129264,0.0,4.455166290060511,3.0335198673687516,0.0,3.421036933291835,3.1192612761240213,0.5464426877470356,1.7293660143892342,0.8607991681521093,1.093422882782227,2.664312049606167,0.0,4.622400475341652,0.0,2.2996528840956088,0.0,0.0,0.0,0.0,4.262700262700263,1.6937750521083854,1.049766206016206,12.005684877488816,0.9694399645380037,5.375470831811498,0.0,2.576126460323197,1.3832898544032997,1.8033843899146542,0.0,1.2096681837286412,0.7697514359279065,12.680084317154934,0.5324892518519969,2.4725851218498276,1.4251298476014678,2.884987731002224,0.6542360477080706,1.0247518568895901,2.007659761310432,0.5431034482758621,95.24415144403646,0.9968102073365233,0.0,0.0,1.0013597513597514,0.0,0.0,1.357661086763254,1.2209617724323607,0.0,0.8412698412698414,0.0,1.2667847584514251,0.0,1.614241600329938,5.727522069433834,1.994313190488371,0.9659309009799206,0.0,0.0,0.5263157894736842,0.0
643.8102393329001,118.78104581338708,374.01014729868893,83.40026774111203,129.02485157724558,47.39313271604938,38.57907848324515,243.2739835700362,17.59904970760234,30.37645402437069,111.66446661998133,51.70090155945419,215.06974721706865,19.520833333333332,26.732556216931215,48.234391534391534,242.6704895229697,25.570734126984124,11.205582611832611,184.9843529541446,23.69484126984127,82.49852855477855,10.724702380952381,87.50941824379325,16.030588624338623,29.332818930041153,83.87713109935332,13.57638888888889,113.93039938089541,54.06364822163433,25.1763778659612,8.854166666666666,12.45403439153439,10.747831076875194,0.0,1.9031084656084656,62.637830687830686,0.6828703703703703,9.45138888888889,2.835813492063492,15.134645061728394,31.21084656084656,10.696924603174603,2.6959325396825395,4.784722222222222,0.0,2.6125,6.6365740740740735,4.005787037037037,0.8333333333333333,3.266598691945914,6.968253968253968,0.0,2.195216049382716,4.319444444444445,2.9340277777777777,6.120039682539682,265.9463734567901,4.513888888888889,1.9975198412698412,2.7430555555555554,2.2083333333333335,2.3293650793650795,54.05605158730159,11.589010141093475,0.0,0.0,0.0,2.0944940476190474,0.0,0.9784171075837742,0.0,10.823908730158731,0.875,0.0,0.0,0.0,702.781859652693,11.98611111111111,1.25,2.125,10.931712962962964,1.6247957516339868,26.30113665836705,2.424768518518518,10.412698412698413,2.583333333333333,3.0555555555555554,1.1458333333333333,0.0,2.0962301587301586,0.0,0.0,0.0,0.0,0.0,2.4861111111111107,8.608333333333334,21.302083333333336,0.625,2.2314814814814814,4.583333333333333,0.5185185185185185,0.9375,6.220982142857143,0.0,2.788194444444444,2.1666666666666665,0.0,2.2584325396825395,2.388888888888889,0.0,2.238095238095238,0.0,1.3333333333333333,0.0,0.0,0.0,0.625,0.0,0.0,4.642857142857142,0.9953703703703703,0.8606150793650793,0.0,0.0,5.885416666666666,2.6323529411764706,5.416666666666667,0.0,0.0,0.5,0.0,2.1527777777777777,0.0,0.863095238095238,1.2708333333333333,0.0,0.6902777777777778,2.5,0.0,0.0,0.0,3.4166666666666665,1.125,0.0,0.0,0.0,100.36133603238866,0.0,0.0,3.727678571428571,0.0,0.0,0.0,0.0,0.0,0.0,0.0,0.0,6.25,2.3583333333333334,0.0,1.6666666666666665,0.0,0.0,0.0,0.0,0.0,4.196428571428571,0.0,0.0,0.8958333333333333,0.0,0.0,5.027777777777778,0.0,0.0,5.208333333333333,0.0,0.0,0.0,2.5,2.7857142857142856,0.0,0.0,0.0,0.0,5.357142857142857,0.0,0.0,0.0,0.0,0.0,0.0,0.0,0.0,0.0,0.6770833333333334,0.0
1340.9449325090063,917.105147776128,711.6680877609531,357.62936002873425,292.9341773626038,151.28797834378508,112.96931298662098,167.25576513488423,73.27581786916535,457.41573071144876,246.02207209494722,147.0466476345511,775.472116496344,183.5668913293563,60.28384684805375,43.026217779567304,475.12193417911607,51.385244947373586,51.36665191119544,173.4731227050138,331.7949191024597,156.77667441522195,54.68509598893891,190.81020656020885,114.5662391005467,126.03946868479223,102.63764557543843,42.46718297610916,218.05743129971717,111.94311459341313,44.89608441900881,20.457976869995196,227.70323526442968,39.38992151113806,33.59549954433881,26.88466664125665,77.24855327832579,4.679885416499779,39.94813439153853,7.697128949499705,122.07300406299723,61.8429025430496,28.304840919324956,97.977357872701,1.532639691463221,10.427158175383328,25.50763130950155,15.542284944042793,23.678942365361095,31.015001246042694,38.53207110982593,3.519936521060094,13.547140415484069,10.626523895989228,8.892202548977812,20.981677167264756,0.9543422733077905,183.07713113910012,7.8066999544729425,96.12338615301509,13.287236664557609,10.439349535758966,2.3405761468641795,27.073287751923743,31.518526726322957,0.0,1.3455848055061606,3.958288166256744,10.575483857603489,3.0194273553807025,5.111102911088815,3.124487290562341,29.38172275624146,1.9012569267809294,1.6904761904761902,4.668567585387822,3.272508350045944,3.449905824398725,10.55066240010459,0.9558414714948291,37.21207168231876,0.9084967320261438,0.0,45.62782875090489,13.888831593243358,8.300786639519691,8.873320519162304,2.780639730639731,7.375548065207262,2.4637976402682287,13.132796053848686,15.094618102678314,4.1825184619302265,4.545948763053581,3.5270594412509797,8.629676991052921,5.19265195588725,18.56868756708924,6.011064156286968,8.855737224779043,3.467266114024681,75.96392986564439,2.6913149401023113,1.759414877061936,5.339012361736753,63.77334873539668,4.611955375166649,3.745346394771682,18.18651306453985,1.6720420580069704,7.0968434236259546,11.460455063668695,9.061995946287876,0.0,2.6440594245360978,1.9853989293085654,2.9589615365477435,6.659191803047851,3.7493951975161126,0.0,4.281290444843343,3.4930206699262962,2.41966005334563,0.9816919191919191,4.874251712882441,3.6960367117877824,0.8451825951825952,8.449731260025377,20.8448580249925,3.282219958690547,3.0985328740746696,1.9316293183940243,2.4026424963924966,254.88011919067188,2.6663719846206475,4.119100775494231,5.761177525723271,0.0,17.49388682878105,5.950186534035418,0.0,3.421036933291835,3.1192612761240213,0.5464426877470356,2.086508871532091,0.8607991681521093,1.1279056414029167,1.1828305681246858,0.0,4.967228061548549,0.0,4.710572424325494,3.6790123456790127,0.0,0.0,0.0,4.262700262700263,1.2435834812271593,1.3830995393495393,14.612838537500917,0.9694399645380037,18.45880416514483,0.601213282247765,2.2028919174639077,0.9666231877366331,1.8526454736584965,0.0,1.2096681837286412,0.8241978969079429,16.481671618742237,1.2436961484037212,2.8174127080567244,2.09323329587733,25.066078558137676,0.6542360477080706,1.2612050588600334,3.4499832424270167,1.3228653530377668,98.40648343213978,0.9617224880382775,0.0,0.0,0.7449494949494949,0.0,0.0,1.441404929127786,1.2209617724323607,0.0,1.1669403393541324,1.106060606060606,2.1001180917847586,0.0,1.614241600329938,0.0,3.9036699156345698,3.46593090097992,0.0,0.0,1.0526315789473684,0.0
2869.7819112529073,117.06936786611764,140.1717652970279,698.8486316376755,1107.1558781525976,47.182347925572714,503.2530305358738,376.2447275977213,67.97798422140158,2947.704984822624,255.87786724567871,100.81071096904799,276.21817542673637,95.80850031666043,385.0352514193661,92.95725283120241,1030.4329430532296,545.1761789661474,93.27071353405387,420.44788676931535,51.18620156298728,78.41395220287026,428.2202835721536,239.97141426118833,265.94056656850773,29.51462456194599,255.01882803237845,364.76673082798226,700.4956778999717,684.561777443362,12.581181087431087,56.0220094972721,85.33169795696055,398.1911596652952,139.83127143890448,195.73346531632595,2.841414141414141,16.85460472067615,49.39534453252941,282.1742492522098,35.10005492095828,158.7258552624624,358.35690798882007,260.5346212073278,16.906679237351508,7.292401556582228,669.4961814735667,111.64329363641338,17.51633686302804,90.20418723368653,60.25073094894523,17.40805523841238,20.751332300597007,8.996254739269444,30.190264338058455,107.20595655511622,1.810515873015873,1.3344671201814058,35.661705655455656,511.2416957782854,132.48910508654723,43.4315875340035,52.04976191136905,2.026984126984127,639.2434899119137,54.46542385472708,7.123091458805744,126.62713316354773,91.1008069596655,10.06096681096681,59.07621091560167,35.61113516113516,551.2007347247368,1.1914134340604927,29.067482072471567,94.56980715557395,2.6051172808304606,4.861580086580086,5.298077305142522,56.607935827788765,17.482733851116205,0.8888888888888888,17.738853486227434,7.607198712280958,47.2264117904349,243.43070423520354,6.595719095719096,4.608730158730158,12.867745388753791,3.962301587301587,2.6710676529319204,134.74020144382538,16.655551046176047,1.8175925925925924,5.146891343950167,12.897162105582973,8.633958633958633,0.578042328042328,4.832013158798873,3.1202756523484814,6.547113997113997,2.0257936507936507,61.934189728727546,7.534822421587127,7.035968276199369,10.843759018759018,5.446314102564103,8.334316939674082,10.050459350406829,7.187214936479642,2.096797052154195,3.53005757858699,11.587095216874628,55.32473841341297,5.52482732409203,5.166666666666667,1.833333333333333,42.74976961711906,3.044686577039518,2.7327467218771564,13.908302209772797,2.8057539682539683,6.570815295815295,7.859322466360281,50.399215136715135,1.3458243145743145,185.96152901979232,15.762873735352727,1.9206349206349207,2.4217171717171717,16.729874904507255,2.764190821256039,1.9521103896103895,0.0,3.1648526077097503,41.622230613302044,7.762283019268313,1.4343915343915343,3.2006253890445064,13.8049566627998,0.7886904761904762,9.372801766394204,5.027151416122004,65.27004853611996,13.044287343919697,2.4164850536174067,6.809613997113997,7.8809523809523805,0.0,0.0,2.585648148148148,26.330753956594293,0.5333333333333333,3.3681318681318677,2.5595238095238093,12.803058515558515,2.3008592325819217,56.98722499502943,17.88006424792139,0.0,1.9970238095238095,1.5896825396825396,12.242922285873414,6.584198842707246,1.1464646464646466,18.38161580580173,23.01116994777709,2.712496109554933,47.804937056407645,0.0,9.703434580903068,15.51151571739807,3.6111111111111107,0.0,0.7142857142857142,13.049194324194325,3.1449721302662477,6.985574991457344,0.0,0.0,34.55848176294605,6.8655955155955155,1.0138888888888888,0.0,10.476857864357864,0.6464285714285714,0.7878684807256235,9.210143097643098,0.0,0.0,8.606547063269751,5.9829365079365076,5.22464096749811,0.0,9.935150171179583,1.621660886576853,1.1910774410774412,7.32017612017612,5.064998558345897,1.2310030395136777
10164.71501036833,9895.260074704314,2265.4358019561005,1865.5815375015475,1664.1251767866704,504.8647908997009,904.3680669745279,1190.493633934198,1069.0946864018383,4442.884306092082,622.8192493109073,829.9755346338425,3438.3465833723326,641.6637573101231,1052.2269738447249,544.6901857166235,2583.9312436060236,1899.2667746446996,631.2584076388724,1225.6365691128058,711.7464305800002,861.3860763940559,1497.8138632992623,1533.1543103809993,866.0419834235468,189.27630073408548,2229.6616627426474,542.5724918940643,2955.4847145535036,3640.8388970822803,56.77548524733911,327.1169993384665,1334.6860606102678,440.2213433018995,317.8572964307343,348.5191960325781,150.30803601176024,424.6424311599958,188.9809366788292,199.28460824002914,1005.5413060343769,288.56938901939503,465.40400096951134,605.7102663209997,103.57308785761892,52.89676750504618,372.5321949368303,288.1250589450909,372.95290965588913,256.68406231136936,24.098925605187013,45.914164203937695,71.59628611145216,111.85642977456557,124.16109709544402,388.48893400646347,25.84645262145262,42.80902500846537,125.00491281907263,3214.1683384637113,214.48610558269934,224.15835101007153,38.27093501388802,26.016163658099302,511.267575626612,121.88463419821437,30.39615025785073,140.71964812839727,156.1584805349879,45.766628952927974,144.41796571260483,48.283627761349294,789.9406335873922,18.235371328018385,48.74801091788396,220.93428276000537,26.722742383564057,30.34751196870762,53.74318449065633,71.70557664865443,267.1665158493151,6.248737373737374,72.67948572107096,83.7578689817745,88.24771389804303,268.75597581751,52.55022720227925,30.217502790039735,37.62990010155747,9.312433801298743,30.795400086025086,190.11865185668097,48.70339693635875,39.27013106327346,23.83645927725331,76.09957102838187,63.09717406173789,65.4963941576729,7.759166424771275,241.2644755280987,24.230673375046685,16.278283778817336,48.247749503113766,34.627908085015925,57.284946989285224,86.75910818030916,217.85495251616575,43.179954076516246,107.99903976995284,12.486451348216054,44.942039697743716,101.72887121683836,138.6322847264235,29.956961046424556,5.044988588027803,8.105926706860615,6.195181080094873,158.09945435335567,70.51234982337924,8.705900979188185,114.07040052812111,2.8114478114478114,31.808603422591517,21.562060748800945,23.25398650621865,475.01147328085955,115.75224967841498,79.8198928061475,23.99035409507749,0.6183673469387755,73.30036651778462,23.925187987072224,15.026429856693014,4.731679894179893,46.316896716599096,52.06016593145324,52.46997406274951,28.443755355779086,18.694707502918288,45.94153365550321,37.31118731017311,40.63005282865408,89.20573468554065,72.14193162048554,20.030141769932168,3.277064612946966,31.603833734817506,0.8914682539682539,7.117063492063492,3.04221040893835,19.28090428090428,10.20931119080629,4.013755835667601,45.203351546657835,11.36215092097445,7.776455026455026,24.055949364536247,49.12274056592334,11.520294545717974,19.907359722014892,8.019487157722452,17.976658390628977,6.330765010460692,20.75145166595244,6.004571759259259,16.37367627051535,6.616803104303104,15.226392739658671,16.596950342952265,13.463557993730406,17.493744422270332,85.91149283239673,18.128661616161615,2.706692612942613,7.391328818052956,0.56998556998557,25.761229466556422,13.348244173673095,7.279192609846768,0.8505233990147782,10.982621930538597,20.240357822254374,0.6257697044334974,2.9437996031746034,12.108693469293959,26.831237349252056,5.809525172248386,9.39526822934561,5.666600321772735,0.0,87.33167717526864,44.42753444844899,110.5598204264871,39.11906885385146,83.58572537749883,31.64411795992678,9.669478397419573,1.0555555555555556,6.745111351348674,6.666666666666666
2196.011219801348,454.02189305619186,285.4229404944433,2078.0887508099627,457.36189845962247,82.47109346796168,102.85611345749476,833.1173455852935,46.49117503031236,2033.1446613092448,313.1919045877292,918.084747241649,455.8558944752866,268.5611743856504,300.25733488029414,70.68381884003612,327.6416192413033,300.17586680752953,210.57218138584037,83.55540573190777,546.0610093971525,224.59374325467687,216.20918434763692,223.8399116042255,279.3301678613986,37.8369626030807,347.3448049003487,730.017368245926,1368.761633012394,2033.6357435944542,25.848439145293014,256.6385770164167,258.55501698833154,248.5600509790263,73.71806872722091,229.27711200213255,23.466844333068575,7.890546933111588,145.0409915930508,30.815544202215108,40.30532056922483,41.50570445660335,532.8888788587237,214.6084843080008,76.23439076767181,17.90219818547686,31.94756173234418,66.08229221880703,87.40848592421052,357.9422273220641,14.602966356102765,3.9348071412473034,22.472820091604564,42.1842596607288,30.908009007061818,174.06309385623607,13.874134199134199,42.85908082496855,214.23968791598008,1762.1685226150128,217.04785370300007,30.61674038304423,18.492161935114943,1.1056288225644681,508.9831755502126,144.82227888377574,42.313668696202505,61.56454716091886,35.35409868998104,44.81459814060304,111.21345775233706,54.106377234098765,898.1300852099965,15.794773037420095,38.371814826775584,158.59547018369278,13.452819790724797,11.096214654910307,4.993521190993033,175.40012330570107,35.657317485950045,0.0,237.3351543194479,150.321376153615,115.15521087637333,260.0766438840114,34.864879734466115,7.8089530064899515,55.73031897280968,7.223954456569399,24.903968253968255,240.8351857694868,5.19091684822077,6.370437701080098,22.178403933903848,110.7828517908293,33.07344581629911,5.6662574733695426,2.1883122789171288,14.395788265085253,7.742518474391784,76.92480392533749,112.23598611218371,13.044029463637306,30.26313685497509,36.25672722792821,22.92517698124316,4.176844078308207,55.93507807804998,14.028882065646771,22.49952172189241,10.21147194943909,21.48992400526376,22.95376763489781,4.52713144517066,5.6466013100352175,14.83737684729064,106.0930199434957,4.3144851880146,0.0,26.19124634896694,4.6157407407407405,11.798945796267224,1.8236178645247272,4.856594215969216,11.042858215011545,402.79716691946317,11.980837879592565,10.350757580480975,6.051700680272108,10.020645412170664,8.156669468553705,6.663156288156288,4.105489417989418,6.618845095018064,139.7697919496927,17.217384394187615,1.1754548243307539,7.530926839137623,16.864013449912825,0.0,19.984794691729274,21.396422315811623,11.233548337102258,21.25713607192647,0.0,4.401993907977681,6.125595238095237,0.0,1.077924694652636,1.0317460317460316,7.000405667317432,0.5693113912231559,1.6644182577245457,0.6944444444444444,0.0,8.411356611610161,14.858162672476398,32.76148599315942,11.112518452173624,1.875925925925926,1.3627450980392157,61.340242134643695,14.195238106120458,10.931655092592592,5.6725940194331,2.435780423280423,7.1350126691119335,10.4162538099531,0.0,33.250494330210714,15.192923438827343,10.504909442409442,3.8971688034188032,3.3342701359942737,0.0,7.549308671302296,18.47923262966155,4.016494197148355,10.95308750157888,2.8119870099036763,0.0,1.7368808155446085,0.7854662698412698,11.240637913738404,5.345721476236182,10.254536510116866,0.732028691106072,3.797959703132117,0.5748836891078271,27.5320275964524,0.0,15.959774638941305,0.0,51.46286058796738,9.131096876072366,0.0,0.0,3.4534446846820073,0.0
657.059805164171,439.5804935336929,522.6372054485413,149.62817099057364,193.22593762028515,61.49683699237271,100.51853803618167,89.334706509344,27.607874652160234,236.70910627823577,109.20839345839346,106.15081688093052,183.0546379876737,137.31369074047646,41.664541332691726,43.18499768594306,235.61787577885502,53.641713995880664,50.06135794495895,109.58353706259794,224.62278373028875,104.89429094819131,20.96467276936027,85.88247053872054,101.5671251746151,88.82667398188231,89.61244991780706,12.457777176527175,112.1453067417823,82.83825540256262,22.51927456382002,22.91876376001789,91.16587480060262,24.134616118566203,14.814703153988868,17.869546348713016,13.271213748657358,1.169642857142857,21.53146286210802,4.831649831649831,16.58220598845599,22.831618480725623,12.957255781852556,30.909443664800804,1.1428571428571428,22.49191232048375,1.3574735449735449,5.498015873015873,6.4343136223344555,11.48034188034188,25.324795574795573,2.261904761904762,4.944444444444445,3.7866419294990723,5.377344877344877,7.339393438351771,4.75,102.15260386765763,1.3724296536796536,28.553715412268044,3.9190093708165996,3.22594246031746,6.511294261294261,4.418620731120731,11.144169694392907,0.0,1.4523809523809523,0.8701814058956915,1.7410714285714284,6.540173807837452,7.6930722716437,0.9109347442680775,11.848349567099566,0.90625,0.0,0.9027777777777778,0.8217592592592593,18.922619047619044,3.978174603174603,0.0,16.465853814644134,0.0,0.0,8.645292207792208,5.460858585858586,5.328798185941043,9.517573696145124,2.9761904761904763,5.992063492063492,2.519549233834948,0.5599415204678362,13.657467532467532,1.0448985415537826,1.9859307359307359,3.1190476190476186,3.793891293891294,0.0,13.627513227513226,0.0,2.789862914862915,0.0,160.59019027434206,2.643518518518518,4.925595238095238,4.897614538239538,27.676670213142472,0.0,0.0,9.431745758450303,3.9285714285714284,0.0,4.050646113146113,12.340571169988463,0.0,3.388888888888889,0.0,0.0,0.0,0.0,0.0,11.071428571428571,0.8465608465608465,9.963857634940585,5.092592592592593,1.5822879330943849,2.701388888888889,2.828327922077922,2.5509259259259256,11.265290375409423,0.0,1.0742630385487528,0.0,0.0,58.2580297017797,5.110853432282004,4.717847580799388,2.8194444444444446,0.0,9.161127364698793,2.423831569664903,0.0,1.5008503401360542,0.5277777777777778,0.0,5.045254187938264,0.0,0.0,0.0,0.0,0.0,0.0,2.804421768707483,0.0,0.0,0.0,0.0,1.0267857142857142,0.0,0.0,21.688042168152688,2.3106060606060606,16.185636982065553,0.8035714285714286,2.314484126984127,0.0,0.0,0.5357142857142856,1.6628306878306878,0.0,13.422619047619047,1.070436507936508,2.232142857142857,0.7638888888888888,0.8562271062271063,0.0,0.0,0.8333333333333333,0.5595238095238095,92.15760874827433,3.409090909090909,0.0,0.0,0.0,0.0,0.0,2.71031746031746,0.0,0.0,0.0,0.0,0.0,0.0,2.242063492063492,0.0,0.0,3.511904761904762,0.0,0.0,0.5263157894736842,0.0
391.9815418415887,91.28817894095536,81.90313377254465,48.536596242475326,51.40496048330553,51.376509153875226,52.498167798067094,27.540652436851882,141.7470824479753,36.41892329924008,4.1562430437227516,14.835862214284832,90.51727200069747,75.5580630253604,34.178375814000816,19.232339053142624,171.86156905697806,16.571157022337307,6.528813838278124,67.61600007335595,27.940209357079464,50.35552490615072,26.025920735459426,171.98334887538084,8.065500440917107,0.9908339345839347,37.28942767109434,16.589773861500053,45.06281635802469,12.851223356224784,6.326699226699226,4.385171423367771,2.1424073168080016,15.135179757311791,26.8829145699979,26.96516055648496,1.9961805555555554,17.12760492979243,15.370510953993097,24.262672900842542,23.555783403104833,5.922798220615001,13.25972556819283,6.036677589385922,10.925449383256991,12.964549563641825,8.09038835546113,2.917013888888889,13.470187956544978,2.218264652014652,0.8549933862433863,6.368087213712213,21.827547447041493,4.407261904761905,7.697985002761788,0.85625,1.9165674603174603,0.0,2.5726686507936507,0.8333333333333334,1.2975777116402116,6.470543345543345,2.8759815085707943,0.0,0.0,4.5140489946361155,7.599276048026048,1.3747558922558922,0.9892857142857143,3.698318492453766,3.5166290969515854,3.1233477418745275,0.0,1.377662037037037,1.8940641534391534,7.864041405023547,1.9853339947089945,0.0,0.5669261294261294,2.6494212315824353,0.0,2.036311026936027,1.1373567019400352,0.0,0.7916666666666666,0.0,0.0,0.0,0.7351438492063492,2.517198310948311,3.280766687016687,0.0,3.1612929894179893,1.0102513227513228,2.3605171327790373,0.0,0.0,0.0,3.096962505087505,1.4473875661375661,0.0,0.0,0.8931933421516755,39.45123414394247,0.0,0.6024155242905243,10.17181898348565,0.525173611111111,0.0,1.9950974396607957,1.8002638234781092,0.0,0.9787164224664224,0.7862813938706795,1.5259157509157508,0.6537698412698413,0.0,0.0,8.599116591080877,20.644107998482998,0.0,0.0,0.0,3.182638888888889,0.7248677248677249,0.0,0.0,0.0,0.0,1.9054834054834053,0.0,0.0,1.2756291305092675,0.0,0.0,0.0,0.0,0.0,4.63884873393802,0.5065972222222223,1.6550617064315694,2.4867724867724865,0.0,0.0,0.0,0.5168463511736505,0.0,2.966468253968254,0.0,0.6247271825396825,2.9371693121693117,0.0,0.0,0.0,1.9693681318681318,0.0,0.0,0.0,0.0,0.0,0.0,0.0,0.0,0.0,0.9052166005291005,0.0,0.5986507936507937,0.0,2.155191798941799,0.0,0.0,0.0,0.0,0.0,0.0,0.0,0.0,0.0,0.0,0.0,0.0,8.936323768823769,0.5536954365079365,0.7446759259259259,0.9474206349206349,0.0,0.0,0.0,0.0,0.8640491452991453,0.0,0.0,0.0,0.0,0.0,0.0,2.1892230289551717,0.0,0.0,3.0792072510822512
2660.2014713775375,523.1660865076535,292.2557006549491,234.96390425279117,538.0724510488265,110.43495799325025,162.44830021693403,65.6370232194932,577.6375540458121,375.9878154441466,33.600326155693025,45.10690027881186,132.51626694852604,101.99714767447594,121.94694978878246,106.91422730913607,336.484391251536,27.474299675548274,44.924621715062116,59.01711834917646,28.625198685340962,122.64691258251374,28.104302893778492,252.04837571218098,107.81777440701552,5.36207444249243,56.22958817404632,5.538997319390572,32.99479685521139,9.030833209729069,127.04025672921632,7.822939309035043,3.3935405752013565,54.61053799287541,35.360085915137084,43.67877973759181,3.790712765571988,26.76690344036227,14.529204445981511,15.085008955631196,7.181290301834921,342.66232095534525,23.92222625173732,3.2519859581084067,3.0996334620500003,27.363131677914126,124.25850900708443,2.630514719726542,8.771979473710001,4.5533680447022755,2.3997266309118364,24.50742716801194,30.65850406856863,2.845919908287959,45.9530264467008,1.4506200985228483,20.67609430508845,3.695195644522689,6.3546000982102315,4.335689482313343,8.143581754834479,7.81461986526978,4.88937963022924,21.822716841046795,9.414115439711539,4.134720857584024,15.511579571750897,5.297407490717608,31.45792280653834,2.7455304817469486,6.166230452624637,4.703761034752463,6.698534018790328,74.04673826551377,0.8833142084397294,11.943874775692157,0.6883062677935705,3.119731354080093,42.92004847916178,8.62926593196836,16.74424716667472,19.842495463719953,0.8916874225547694,2.6275146309629065,2.660245706674278,1.627966919311043,0.9900703021048993,29.59365521901912,1.1119856356925322,17.272736362241016,13.925291878670635,0.7292621171931517,28.966199722313167,11.549066821186646,4.256193311869513,1.0301865950141813,8.470039682539683,0.669198869392395,0.0,1.168731778425656,0.6351795017347446,1.2986835428247336,0.827489845039106,0.0,0.5574350760681744,10.130001357775503,1.5609190092836709,1.6764143013527248,0.6486017386656953,58.68496837198496,0.6470276289118654,0.0,0.0,1.9631370783871094,22.172225676325056,8.802119052787596,8.791130829850973,1.6162944091577096,0.8809908812009652,329.79759568703673,5.954308390022676,11.479299206862231,0.6619942071622744,0.673731030873888,1.2590322889719268,0.0,0.0,0.6404663260653098,0.0,1.2647529979830063,0.5326659092755877,10.71645685093961,4.215350358105645,0.0,0.0,0.0,0.0,2.251493001290679,0.0,0.0,89.59368507958311,0.5504118500547072,1.5989887621715353,0.518930733491173,0.0,16.33129174044047,3.690675502462976,0.9802939124367696,0.50828331332533,8.931549279244175,2.5081899109960335,0.0,2.3228611974260236,26.07643903520047,53.585279890902555,1.949130680577259,0.0,0.0,2.314655172413793,0.0,5.325937985917961,0.0,0.0,0.0,2.695238095238095,4.1635662598372685,1.6146744412050533,1.6666666666666665,0.0,0.0,0.0,0.0,0.0,0.0,7.454122490223827,0.5663663733891825,0.0,0.0,0.0,0.0,5.884059350815719,50.90027415145771,0.0,13.612579438701887,7.468123288276349,1.819945927088784,0.0,5.059692948030114,0.5083491950295568,6.587922066497893,0.0,1.1276517051640205,0.0,4.004129045557617,0.0,0.0,49.43193008478115,5.3760785136565445,0.0,52.08889292819207
399.36399483659454,309.7724599758972,277.88721721527276,130.43469241592766,233.4705535622167,171.20111737720654,105.92606081141717,241.09951883430563,88.81167042841314,122.00543766536946,42.69417140243063,49.216927469774674,492.818094768131,58.57243289634594,75.3292396915163,67.20645397073969,214.91888181676177,54.75164673298731,48.57976142751505,90.342327523153,94.79645820017261,79.4596370793921,24.39935101995811,37.65299207237847,60.92461353994581,20.910849280957976,76.45408316680346,39.16224331847857,64.29824442518972,35.40526825350195,56.340147737561246,27.39739193595301,40.370104196266205,51.46825471601944,17.113335143452897,15.430036903542337,41.89972805840559,28.93806398650914,17.857544803352255,25.059397870927373,18.391908717391807,14.984805158810888,27.372347351423436,4.090446594069782,2.429436824932349,13.043534950211967,44.1435425535668,11.33360761621631,13.62071101201536,8.446008741660915,25.361576226201926,21.626808276264796,6.933531746031745,0.9414222768260034,17.17358714822483,15.194053660568386,5.942035695115405,49.24699803493493,11.738488184792532,24.080101646488945,11.067529790947958,15.149087370403794,7.185981035450705,14.704818977282745,20.28349591230026,4.464190695712435,6.649154717744585,6.5599609179772225,9.54258183945684,20.56564153439153,19.60548930739148,1.4869642845186324,39.40595854329429,13.408262195399876,3.9001175785596076,0.0,24.92491194995077,80.8794916206554,10.060616335781424,0.9366612989801395,6.13434839521796,44.055691582018135,5.172813836439612,1.512071535832024,1.1134085606458795,4.932023927494941,7.217688340514427,2.4145299145299144,0.7236312399355878,5.996838742309757,17.26388888888889,5.401812945291206,4.79301948051948,2.1659649448779885,0.0,10.130823055098418,25.167848098403653,3.7643591798570757,8.67687559354226,1.451082951082951,2.2987552570885903,1.5944253548420215,0.0,22.738798581189883,2.04581408929235,16.256346056941293,4.1524534493284495,12.804734741118668,3.031209263093321,5.633332049998716,0.8944681861348528,3.641038567159491,9.004978656141446,0.7628205128205128,14.313167575978134,2.121212121212121,0.7528659611992945,2.2617521367521367,1.7129629629629628,0.8571428571428572,4.265538526509328,3.8262012012012008,7.346182018736366,7.337036815841163,0.0,1.4919412813434552,1.118730143186665,7.288809921962096,12.268180184484532,1.1574074074074074,0.8333333333333333,1.0379763821792807,0.0,1.139620811287478,0.9049816259961188,1.5069995590828924,5.414008806545038,4.680760385528969,0.0,0.0,4.206349206349206,1.1111111111111112,0.0,4.899084145460957,1.533071533071533,3.3081568190263844,0.0,0.0,2.0504426711520534,0.0,3.5783572688334586,1.8779168362501695,0.0,3.426177536231884,2.5694444444444446,1.3983091787439614,0.0,3.5666237340908724,0.9574006852108654,0.0,0.6944444444444444,0.0,2.639140499194847,1.7466666666666666,0.0,0.0,0.0,0.0,0.9038561076604554,0.5587834211022616,0.0,0.0,0.8368945868945868,0.0,1.3944746376811594,3.364197530864197,3.2798481711525187,2.779100529100529,0.0,4.443312198067632,0.0,0.0,0.0,0.0,0.0,0.0,0.7083115724420072,6.588888888888889,0.5459619745334031,6.306878306878307,0.0,0.0,0.5150437525437526,0.0,3.5677083333333335,1.2696050642479213,0.0,0.0,0.0,0.0
268.7967100826718,60.71006229436109,74.94623248023531,103.89997985869189,91.061204015178,19.515812637680845,29.513098833230135,51.00941532111321,13.575271489408822,287.980943314277,96.9154614321194,49.84187499044346,54.28263440202659,35.05973681178636,64.46584357838618,13.912006161973453,78.90874910218318,91.00919886898659,39.46125432270743,18.7858315560836,52.79173908413215,36.90850561649805,107.30993498588755,60.498160299974224,50.04972168720242,12.805018158636255,88.65988232020557,44.75857495588272,149.33138212901807,162.25969934549346,8.072118243972115,47.15956806240778,49.42962016293471,63.48340308987841,26.459521718673898,64.8247310497516,8.09932296554721,3.9322135997782546,13.955955795515006,9.280135166806074,18.443471769876037,6.9136333332822275,70.85128119404276,83.38439727031083,14.64718838671944,7.884341042619716,25.2947839545664,23.06797725136706,4.878564456789065,24.758612904074702,3.816183694320104,0.6848071412473036,11.827978821763296,19.16144220041134,13.203643927696739,36.21196697385918,0.5408008658008658,2.1998511657388953,34.26412814078796,116.99910322267685,19.632621712768092,13.806803791857641,2.6743200547730632,0.5842613011969467,97.24516666367431,21.986719766966615,1.4948555648893715,26.347567612689318,13.170338006220359,4.536820362825265,37.39869381257312,10.680705683427218,54.964144206555524,0.0,11.760856340817101,21.702282353004968,4.0992254683804745,0.0,1.937965635437478,25.261198341776126,2.2442375103700734,0.0,30.268419433963004,4.301992759231603,26.001022472184935,103.51588635450385,1.5315464011327788,1.1422863398232854,13.078533258523962,3.4852868741518166,2.0121031746031743,34.742883627184675,1.0242501815541032,1.3334006640430611,5.1149118704117855,21.45811634109386,17.65677914963245,0.0,1.3101071507120006,2.0528395471365344,3.650638132511442,4.950292325825882,22.42852274222034,5.25236279697064,6.014713981552217,3.3949547411557215,12.644263450329627,2.3712885227526517,10.353640996612901,2.789565826330532,3.4685388159095054,1.2890055269726677,1.714913830253587,9.857919039049216,1.110464778503994,0.9382679767018848,1.1984879584017514,32.31516354063931,0.5644851880145998,0.0,3.8639671466877346,0.5324074074074074,3.1766421739636024,1.695412736319599,4.356594215969216,0.5468264689797987,38.39948196552822,3.683829332584018,1.1599761396995345,0.0,3.0125435603188127,1.094169468553705,0.7400793650793651,1.1888227513227512,1.4800280297304107,10.940279931210101,1.6561817079849293,0.7587881576640874,1.6003712835820678,4.702993913893291,0.0,3.2347946917292756,5.83590644279575,4.254381670435592,2.339401029191428,0.0,0.8649568709406438,0.0,0.0,1.077924694652636,0.0,2.8957429689047336,0.5693113912231559,0.9977515910578791,0.6944444444444444,0.0,4.133578833832384,3.8720515613652866,1.8345171286905566,0.0,0.0,0.0,1.37198816638973,3.136210328342681,0.8483217592592592,1.9225940194331,0.9873677248677248,1.9266793357786005,4.551670476619766,0.0,3.2891084938248802,3.9918398002437048,1.34755291005291,2.2305021367521367,0.7648256915498295,0.0,0.8826420046356297,2.764946915375837,0.0,0.7864208349122142,0.9369870099036766,0.0,0.6257697044334974,0.0,8.573971247071738,1.107626238140944,0.5045365101168673,0.732028691106072,0.0,0.0,2.117497681922486,0.0,3.3385902677569343,0.0,5.081526644133437,3.3295095744850647,0.0,0.0,1.7867780180153405,0.0
16.480878559653235,3.8394544495987617,8.789282616369903,5.876779156066084,5.971828979835238,2.529345445676091,2.661232661232661,6.953658716816611,2.413563944910694,3.8310874238293593,0.7241786717593168,2.370146227054122,3.064486713917454,0.7593307593307592,2.4051288130235497,2.3305886531692983,4.269776038257221,0.576140656785818,0.0,2.1256984807388033,1.0803303303303302,3.01314801643749,0.8422350922350922,0.8386958386958386,0.0,0.9252585919252585,1.9616700033366699,0.5011520737327189,1.8637566137566137,0.9776443109776443,1.4574655300461752,0.0,1.9743170589944785,0.0,0.989247311827957,0.0,3.3876780005812264,0.0,0.0,0.0,0.0,1.0568425568425568,0.0,0.0,0.0,0.0,0.0,0.0,0.0,0.0,0.6414748081414747,0.5416666666666666,0.0,0.6644880174291938,0.0,0.0,0.0,3.2792008598460214,0.8043758043758042,0.0,0.0,0.0,0.0,0.0,0.0,0.0,0.0,0.0,0.0,0.0,0.0,0.0,0.0,0.0,0.0,0.0,0.8666731247376409,2.7094867977220916,0.0,0.6666666666666666,0.0,0.0,0.0,0.0,0.0,0.0,0.0,0.0,0.0,0.0,0.0,0.0,0.0,0.0,0.0,0.0,0.0,0.0,0.0,0.0,0.0,0.0,0.0,0.8243243243243242,0.0,0.0,0.0,0.0,0.0,0.0,0.0,0.0,0.0,0.0,0.0,0.0,0.0,0.0,0.0,0.0,0.0,0.0,0.0,0.0,0.0,0.0,0.0,0.0,0.0,0.0,0.0,0.0,0.0,0.0,0.0,0.0,0.0,0.0,0.0,0.0,0.0,0.0,0.0,0.0,0.0,0.0,0.0,0.0,0.8388157894736842,0.0,0.0,0.0,0.0,0.0,0.0,0.0,0.0,0.0,0.0,0.0,0.0,0.0,0.0,0.0,0.0,0.0,0.0,0.0,0.0,0.0,0.0,0.0,0.0,0.0,0.0,0.0,0.0,0.0,0.0,0.0,0.0,0.0,0.0,0.0,0.0,0.0,0.0,0.0,0.0,0.0,0.0,0.0,0.0,0.0,0.0,0.0,0.0,0.0,0.0,0.0
348.49849423767034,110.15283932426506,87.41881925380838,38.30609608075027,81.01932912420408,25.204033568539547,15.377438627838936,23.77380137156646,69.47481407200004,96.68630765485247,8.928531692473031,17.902274388185763,28.027617586324013,22.583671980127797,29.72832328757134,10.186477998194912,51.12407728975453,10.201319974320738,15.277087040246476,18.041455263926803,20.66827415797578,25.992884413110787,22.334095677773785,20.788238563923137,22.20809770415006,11.848826002426643,13.839705333004906,3.416181278326428,21.479074575054916,18.10465107020129,8.960557196413344,5.706097796632562,3.390987066153338,6.533946234484211,5.117011761902735,12.678716995825031,3.629090207975857,2.295486875802354,2.276962591007096,4.3786958560650415,6.409298403494749,7.792333144455279,10.321537381943966,1.4466771654271655,2.257508855705476,2.3488863140660077,77.33030534717392,5.191317293387318,9.328299218705578,4.613600410307304,0.6677003011865327,0.9651071083741938,5.957284155737855,2.035946709999476,1.6568922217872786,3.699617647777693,9.137564064595281,2.1505631889200747,2.360792250196754,6.821671501385013,5.164272311182784,0.7351551835668758,3.392795650654866,2.4340145814779945,6.262242855369675,2.602795983036147,2.9483252790608403,1.6874511314466742,2.334260957632521,2.4676933003301467,1.1120225440268543,1.8814997042212394,2.3687076708599903,0.9553836352081966,0.5566991492711463,1.0174144123514253,0.519038303016742,1.8653477277198505,1.626994832914642,1.319910233276008,1.886939272757393,0.0,1.5182208367178383,0.0,0.8479974625416354,2.632875377331745,2.1702404604489356,3.122801310963257,0.0,0.7427487481170867,1.537086129384891,2.2231637796565202,1.0611707532663415,1.333264019641711,0.6715173654461468,0.0,1.1875199283287519,0.6122388798772647,0.0,0.0,0.0,0.6585425632427867,0.8247040400437966,0.0,0.0,0.8224221907585878,4.349723457201758,0.7532459558233456,0.0,1.3835480877147543,0.0,0.0,0.5733933681448895,2.097669391456655,0.0,3.15263249028923,0.0,0.0,1.9663452302771187,9.895524631951819,0.0,0.8040984750543575,0.0,1.457866785991786,0.6497518203318796,0.6069234516891409,1.053984792371549,0.0,0.0,0.843841426430712,0.0,0.0,2.12691361356222,0.7577279804895338,0.0,1.5838758244331883,0.5310336522101731,0.771172949172293,0.0,0.0,3.0623646516151353,0.0,0.9392306687565308,3.91477666095236,0.0,0.5882352941176471,0.9972433909065896,2.098399625517554,0.0,1.1672123358947537,0.9283647821476769,0.0,0.0,2.5923617741474283,0.9487845748365236,0.0,0.0,0.0,0.0,0.0,0.0,0.6884870265571391,0.6803971185486823,0.0,0.0,0.8224754319540658,0.0,0.0,0.0,0.0,0.0,0.0,0.0,0.0,0.7828724827513062,0.0,0.0,0.0,0.0,0.8993427271539594,0.8636133039203537,2.4195550142313604,0.0,0.0,0.0,0.0,0.0,1.5111378878130899,0.5577499129223268,0.0,0.0,1.896994237119811,0.0,3.289418957375614,0.0,0.0,0.5413776038776039,1.1419610028461704,0.7872041723372637,1.573852259997771
98.02981628710795,34.902566443972695,39.27565993034743,27.697743660887042,17.839404808154807,3.421381722852311,15.08200826950827,28.82251747095497,2.1614265364265366,19.004349816849818,10.361008677460884,11.202598327598327,46.023580074026505,7.159248968623968,4.478749953749953,4.10037185037185,37.975755990041705,1.8667625777000776,2.1556339750784197,19.679613297582048,30.393823438466296,24.244336392773892,1.3875152625152625,9.390680615680616,4.3814411861286855,5.318121693121693,10.65769514050764,7.6809734383263795,18.0862493987494,4.6997749935249935,7.348193473193473,2.1107207607207608,17.338396611558377,6.817316517224605,0.0,1.0759977869352868,28.352768307530212,1.691877566877567,2.4702991452991454,1.7639860139860142,4.993700743700744,16.56921135101282,1.534445589133089,4.960225133662634,0.6806850556850557,1.6044372294372296,0.9166666666666666,0.9381232193732193,4.244058719058719,0.0,3.498931623931624,2.0503663003663,0.0,0.0,0.732791514041514,1.4999205077330078,10.865938690938691,16.160603285603283,0.0,7.45057476636424,0.0,0.0,6.179380804380805,9.984189421689422,1.5603146853146852,0.6597222222222222,1.0872806302493803,0.0,1.7325637325637324,0.0,0.0,0.0,1.2522662522662522,0.0,0.7632604323780794,0.0,0.0,59.65860730400204,6.750097125097125,0.0,4.195526695526696,0.5587121212121212,0.0,8.254368994331262,0.0,2.315873940873941,0.0,2.982808857808858,0.0,0.652033152033152,1.3495535714285714,0.0,0.625,1.6905162738496071,0.0,0.0,2.053831585081585,3.473242035742036,0.0,0.0,1.6077441077441077,7.56012506012506,0.0,0.0,0.0,0.0,0.0,0.5502136752136753,0.8293269230769231,4.073082486685427,0.8140782828282829,1.5918524473211972,0.533068783068783,0.0,1.111111111111111,0.6666666666666666,0.0,0.0,0.0,0.0,1.832167832167832,0.8621933621933622,0.537037037037037,0.0,0.0,0.0,0.0,1.1934598625775097,0.9456654456654456,0.0,0.0,0.0,0.0,1.0173160173160172,0.0,0.8333333333333333,0.688034188034188,0.0,0.0,0.0,0.0,0.0,0.0,0.0,0.0,0.5006798756798757,0.0,0.0,14.665172546751494,0.0,0.5888888888888889,0.0,3.395021645021645,0.0,0.0,0.0,0.0,0.0,1.1203703703703702,0.893939393939394,0.0,0.0,0.0,1.148989898989899,0.0,0.0,0.0,0.5119047619047619,0.0,5.116591080876795,0.0,0.0,0.0,0.0,0.0,1.7902421652421654,0.0,0.0,0.0,0.0,0.0,0.0,0.0,0.5934343434343434,0.0,0.0,0.7142857142857142,0.0,0.6111111111111112,0.0,0.0,0.0,0.0,0.0,0.0,0.0,0.0,0.0,0.0,0.0
828.0042605508781,702.204446291352,448.4046232365401,207.96678820770055,173.3926032616991,66.34381847687112,93.07481380763905,71.20715618271758,64.73894047452933,276.9355151897356,155.59772890939715,97.8570857596444,320.65657188769603,154.75743593800436,52.860954127747235,32.87494520157059,308.18874519471,50.34693077112837,42.632366484986235,87.01856569467185,301.3271836882232,92.40262071131343,47.61216221772928,151.93494729134704,68.28887183180011,83.30570793911464,52.65650908740538,24.330180323589264,180.1519071925143,81.49264934984444,32.51102694774444,18.20565065215174,118.55504284569973,36.79293875251737,25.172591035223398,19.89396769985311,14.128208114650324,4.666092313051503,24.979504123339293,6.336939683230584,56.270538728204315,9.58181879920723,16.051830519762834,64.91811457768185,1.532639691463221,2.611066221360339,24.15318833867927,11.886291512187292,20.485665054436726,25.243036219767323,8.144003238999437,1.4242879167908002,13.547140415484069,6.5700104860275435,8.609635499169382,19.129825315412905,0.5462962962962963,79.3741686322583,7.634286161369495,75.61414969981313,6.4337883886955405,10.412894509303941,1.6509209744503863,10.234207292153629,22.32505838113047,0.0,0.0,3.613460580049847,8.481614125802722,0.8431821446527329,3.9161795394413055,2.73313534748626,26.600000872085495,1.8437856624131135,0.8571428571428571,4.113012029832267,1.6058416833792775,0.6845238095238095,7.387827151062445,0.0,33.66322110760611,0.9084967320261438,0.0,30.764938767325248,13.809466513878279,6.757156371320458,2.6089527030703503,2.780639730639731,7.375548065207262,1.8387976402682287,12.711743422269738,10.535053242251385,4.1825184619302265,4.502845314777719,3.5270594412509797,8.457263197949473,5.19265195588725,10.949727371261226,4.094636953221834,6.5154252379153315,1.7335496389288958,22.378607142390628,1.202696504222212,1.759414877061936,3.14014488371106,62.76377019133538,3.19957384663267,3.055691222357889,5.644846397873183,0.0,7.0968434236259546,9.113962635279714,3.2335527117647858,0.0,2.4170479302832244,1.9853989293085654,0.7290764790764791,4.970973412243254,2.916061864182779,0.0,3.9795663069123086,2.481526417052733,2.304717524609998,0.9816919191919191,4.277889934578739,3.141439010638357,0.8451825951825952,6.814810625104743,6.945752022438223,3.282219958690547,3.0985328740746696,1.9316293183940243,2.4026424963924966,37.99655416285932,2.6663719846206475,3.823534273031177,2.7439361464129264,0.0,3.7817656166598375,3.0335198673687516,0.0,3.421036933291835,3.1192612761240213,0.5464426877470356,1.7293660143892342,0.8607991681521093,1.093422882782227,1.1828305681246858,0.0,4.622400475341652,0.0,2.2996528840956088,0.0,0.0,0.0,0.0,4.262700262700263,1.0826639409972743,1.049766206016206,12.005684877488816,0.9694399645380037,5.375470831811498,0.0,2.1826079418046787,0.9666231877366331,1.8033843899146542,0.0,1.2096681837286412,0.7697514359279065,12.680084317154934,0.5324892518519969,2.4725851218498276,1.4251298476014678,1.8849877310022236,0.6542360477080706,1.0247518568895901,2.007659761310432,0.5431034482758621,76.51724104936291,0.9617224880382775,0.0,0.0,0.7449494949494949,0.0,0.0,1.357661086763254,1.2209617724323607,0.0,0.8412698412698414,0.0,1.2667847584514251,0.0,1.614241600329938,0.0,1.9592254711901256,0.9659309009799206,0.0,0.0,0.5263157894736842,0.0
1297.8946681426949,678.6987237261995,567.9200524680421,263.09310021823734,408.7167033916953,87.8068419823092,121.51396547436312,126.5435471416403,160.50723972645656,539.0355607923534,117.16723556918615,96.3687933857454,309.91472003960325,153.33453855725,117.76639323064637,84.69349400081506,469.1744105939193,102.19773109761792,90.06491449230006,159.59801656746822,413.92317366319526,180.06096626805638,73.89054619860234,244.97289613352788,116.89266160258643,161.24212462551066,102.24223937611418,41.993747301468986,185.56301024873795,147.4757419072558,44.860928136165185,51.40597564416566,128.16634149359874,51.18330676571639,49.75401591433998,56.203814655720265,10.382980350259762,5.626416303854384,51.08049448467646,18.60909126371016,89.33583935278394,14.397480733490795,35.9653113594194,85.77948108584212,9.520035134469802,5.124929764006776,84.07655632569039,19.18176106981254,44.76046559383578,24.707179727248544,6.913118042324767,1.577373835501719,20.780277961374335,11.222847916514988,6.971585840200391,31.223267767136548,7.339747429714535,88.39756708792366,17.187835581612994,121.62443087473959,19.566310340723025,8.993859067775476,3.4197278620072735,23.248871416537824,49.616914611985955,0.0,5.80781076328812,18.345158412964416,7.6051914174053765,12.586225581806747,7.480281560559258,8.775477951276233,50.545787420142894,3.956169948043013,5.338837981314449,14.397806053082277,5.455663713022044,7.391941391941392,8.796547712908007,0.8394706828036009,60.24940018963587,2.450810321214733,3.2638643047869236,25.727268721918488,17.753611406104312,13.484146620929755,6.921207498713303,7.026285890146536,4.818995681091177,3.833273694840437,9.058872208992145,35.9508770694931,7.445577624989389,5.9489224548241575,9.236687502030357,19.61435527597808,10.589341794335331,22.278096617792826,4.426002116112361,7.187452124699739,2.564214575843833,25.798900683732654,4.650588957174422,3.157777098301663,8.49853211693787,32.73391591399847,11.57598107302597,1.3883680745025284,11.01149892699654,1.7822802197802197,3.6096811690935704,14.237765816549633,4.3383270597102515,1.2180980451353964,0.5720413165266106,3.031014820717726,0.6205920815295816,13.815607024754097,5.732150610827081,3.464703668028476,6.865968014366648,4.800814536340852,10.359503557091003,0.6372793872793873,36.90806679107118,9.642111438841937,3.358709123218052,4.2772823989735755,32.01475693375553,9.455991684366065,7.988460943690239,5.038770854106988,2.6024581128747792,35.74816464421958,3.477331903522167,7.420068271579483,4.286960636817126,2.743181818181818,3.976605942646964,13.284750110381294,1.5634284016636957,4.69435194237477,3.024260807502229,3.743248244810745,2.881114893816685,1.8661611531241948,9.659047684449193,5.200662273456391,0.0,6.286375328461242,0.0,2.0230966100073395,2.1138392857142856,0.7786044973544973,0.5934343434343434,0.0,6.854070882432227,2.2447494634994634,0.0,76.35644299964027,1.0049015276082538,11.887015890831622,0.6420818764568764,6.580054305079815,3.5241401582000322,5.043226582794085,0.0,2.842570301645379,3.5678343716361325,11.735672583043769,1.0690936967897753,2.206439468507818,1.0251694684744221,2.1424270174270177,0.8911818029465088,1.2752489884842826,5.405391314434142,1.744976575148989,24.52244394949872,3.45896136027715,1.059839466089466,1.4964000911369333,2.6484088827838828,0.5266884531590414,0.8028163947765341,5.4162712625570135,3.7015270566063907,1.6469893275448833,0.0,0.0,1.135754388358555,0.0,3.1165408252461826,1.453368872203714,2.631146143110797,2.1461139056114544,0.0,0.7250066454013822,0.8463573463573463,0.0
180.178118367913,113.88269426455244,64.53680878973343,44.0215968204436,70.99072074232677,21.337538903253026,23.9695194954093,44.47621840810729,17.257825572260558,81.95644476468355,33.40106036877692,25.590208782757003,62.04992957651961,38.51618527840397,26.720352006750584,31.679952365233202,55.772057243122475,5.5967224940950295,10.849093583922276,60.09319898942201,40.04120604395742,51.074520420244205,11.4015843179377,57.62761405973676,29.614732594524394,31.786604345495377,25.51729526229787,9.859812429999941,22.95258159587455,13.610036009573324,13.075773709535977,14.964255965272956,60.079081098626546,7.304106733585603,7.485830791236132,20.221677600777326,23.6387666976478,3.4921029115007975,9.14733157369982,5.490589365423509,4.386670652189228,21.327787642660333,3.1188340168603323,17.990185036878806,4.120049471694304,14.358843636010818,1.0445601988251716,4.401840093763869,4.294603475054603,1.4869807971748872,12.002130171170418,16.357517057549465,2.4950499486913196,0.7590614794562163,0.76427179058758,0.5593843598045278,4.8639004466110265,43.54695939479288,0.8647186147186147,15.99904064998487,2.1125833231096385,1.3859459254196096,1.957049486461251,11.676276166214246,17.54679684595232,1.193613091169482,0.0,2.9883271490414343,1.1720494417862837,3.0996963562753033,1.7018944140654666,0.0,2.673653927280641,5.121128871128871,0.9697908316547939,0.0,0.0,10.304183940375443,5.511652820863347,0.6875752693421866,2.635371411534202,0.8535762483130904,0.7617423303513529,3.496887271655073,0.0,7.274399264060918,2.953425229741019,0.5128205128205128,0.0,0.5108225108225108,0.0,0.0,0.0,0.0,0.5721851185213254,0.0,1.355813439434129,4.675728057987586,2.482778916989443,2.866458913861511,0.5650986440460124,19.68910834154414,0.0,1.1711570593149538,16.346352419784125,0.0,0.0,1.332001332001332,5.499478419757057,0.7743107769423558,0.0,7.830506237848586,2.7628380391538285,1.4999999999999998,0.0,0.0,1.0633116883116882,0.5076126359021096,0.0,0.0,0.0,0.0,4.259084577387602,2.231687172476646,0.0,0.0,1.920230615249412,1.3234178993164871,13.682674095371901,0.0,0.0,0.0,0.0,23.887327521742222,4.637883506894396,0.9684011164274322,0.9632006986330294,0.0,2.3149890233223562,1.4479243095418155,0.8021541950113378,0.0,1.3149195207465882,0.0,0.9131730842257157,0.0,0.0,0.0,1.8176691729323309,0.0,0.0,5.634661625462574,0.6930079724197371,0.0,0.6507936507936508,0.0,0.0,1.0588004101161996,0.8143796992481203,5.853986656618235,1.0150242058136794,1.5946495025442393,0.0,0.7428280253560927,2.206845238095238,0.0,0.0,2.0030461740988055,0.0,2.6989348370927315,0.6292187344818924,1.7056019377447948,0.0,1.31694767221083,1.1263736263736264,0.0,1.4733227299016771,0.0,4.543934318457245,0.0,0.0,0.0,0.0,0.0,0.0,0.0,0.5641233766233766,0.0,0.0,0.0,2.9063852813852815,0.0,0.0,0.0,1.1706568285515653,1.6273375747059955,0.0,0.0,0.0,0.0
74.91053152942914,28.644326314806225,41.58759417745593,23.37663120803877,43.849383503401356,8.523809523809524,13.307445338839347,13.425685425685424,6.2559266130694695,61.9146589191232,7.12308378212396,14.83570397856112,23.871494708994707,4.891414141414141,24.10080073696145,2.6190476190476186,21.61097582972583,0.8571428571428571,0.670995670995671,19.943401074638473,17.46825396825397,31.21629166084811,2.444444444444444,12.91168598426663,32.99149659863945,1.6666666666666665,9.818106464076859,1.4285714285714284,6.855339105339105,25.7464281749996,0.6428571428571428,5.476190476190475,11.095276999688764,10.769416099773242,1.6046176046176046,5.595238095238095,4.301587301587301,4.619047619047619,7.727891156462584,1.3333333333333333,7.19297052154195,4.146825396825396,3.5612244897959178,2.7817460317460316,0.7142857142857142,2.9960317460317456,4.120967741935484,0.0,1.4285714285714284,3.2420634920634916,0.0,3.3116883116883113,0.6111111111111112,5.7142857142857135,0.0,1.6326530612244896,2.3095238095238093,14.483913637139443,0.7142857142857142,14.422815279958137,4.6598639455782305,0.0,10.773809523809522,3.9920634920634916,7.647959183673469,0.0,0.0,1.9047619047619047,0.0,0.0,0.0,0.6547619047619047,2.5917818740399383,0.0,1.2857142857142856,0.7142857142857142,2.1904761904761902,29.218379067169387,0.0,0.6428571428571428,0.0,0.0,2.714285714285714,0.0,0.0,3.448412698412698,0.0,1.9666666666666666,0.0,0.0,0.0,4.064935064935065,2.0,0.0,0.0,2.5,3.0476190476190474,0.0,0.0,0.0,0.5555555555555556,1.936026936026936,1.1428571428571428,0.0,0.0,0.0,0.0,0.0,1.0317460317460316,0.0,0.0,0.0,0.0,0.0,0.0,0.0,0.0,2.7936507936507935,0.0,2.0,0.0,0.0,0.0,0.0,0.0,0.0,0.8452380952380951,0.0,0.0,0.0,0.0,0.0,0.0,2.121212121212121,0.0,1.6326530612244898,0.0,0.0,0.0,7.999999999999999,0.0,0.0,0.0,1.4030612244897958,0.0,0.0,0.0,1.6666666666666665,2.132275132275132,0.0,0.0,0.0,1.0,0.0,0.0,0.0,0.0,3.214285714285714,0.7142857142857142,0.0,0.0,0.0,0.0,1.5357142857142856,0.0,0.0,0.0,0.0,0.0,0.0,0.0,0.0,0.0,2.0238095238095237,0.0,0.7142857142857142,0.0,0.0,0.9444444444444444,0.0,0.0,0.0,0.0,0.0,0.0,0.6666666666666666,0.0,0.0,0.0,0.0,0.0,0.0,0.0,0.0,0.0,0.0,0.0,0.0,0.0,0.0
2014.4120534923807,997.2715880225701,217.57168130163916,85.2581846449406,469.7537086252947,136.9718849926727,76.94357951514628,131.6223076141231,45.828297036598535,1383.5656824136547,177.87603564638752,35.81648195214372,260.6706258924141,165.8095281489045,173.50446406263612,86.8318605310552,459.19369788585976,381.6371381986041,70.8387070251566,256.26654080892433,25.934857703765264,88.88881466858585,28.414084757834758,140.38735992120743,71.50991588023983,6.052058702268786,131.08666644580677,6.218354008269975,262.08617553081837,3.334467120181406,114.58653026867312,39.327533074724,1.9347674384439089,18.17523929865305,99.77922238566495,45.434574684574685,2.8392341785198925,1.9828042328042328,3.7352860433217576,2.121731883636645,3.4265873015873014,122.06845821273342,2.8690476190476186,24.833923425625105,19.82188604495152,114.71357370065353,22.629560584917726,1.476190476190476,45.066150792743926,43.21370888260769,54.53691220595982,18.08661650007063,3.64585051192194,98.61991084182961,1.3721655328798184,0.0,17.006009979749475,4.8267268445839875,0.0,4.368795666414714,0.0,1.6843112244897958,54.843999102166116,1.2004801920768307,1.851048752834467,28.42221449786385,0.9623015873015872,1.4583333333333333,105.97338346760615,20.079763886906743,0.9345238095238094,0.0,0.0,13.206782965711536,0.0,12.830879261831642,0.8531746031746031,0.0,1.9982638888888888,0.0,3.8811649659863945,0.0,0.0,2.7634637188208613,0.0,0.0,0.0,25.662653318903317,0.0,0.0,0.0,0.0,54.342554951273435,1.8869047619047619,12.899659863945578,0.0,1.1098356009070294,0.0,4.4020691609977325,2.814484126984127,0.875,0.0,1.25,0.7142857142857142,0.0,6.967041281029376,0.0,2.610292485292485,0.0,103.25147426880619,3.035289115646258,1.6477272727272725,0.0,13.420515889138821,95.76332255901583,50.77324535583464,48.63795522417721,0.0,10.396615312791782,6.953290448528543,2.320436507936508,37.85884492685963,0.7452480992396958,0.0,2.3514911014911015,0.0,0.0,0.0,0.0,6.7899538603320115,0.5653473510616368,7.7537748296676865,62.35063050569878,5.329142262965792,0.5782312925170068,0.0,0.0,2.8229517396184063,0.0,0.0,2.511904761904762,0.0,1.5891912320483748,1.7260060842518825,0.0,3.3090277777777777,2.898242630385487,67.12498745613242,0.0,299.0047812365039,2.1448412698412698,0.0,1.8265306122448979,4.904572940287226,1.7307256235827664,0.0,1.0491071428571428,0.0,0.0,8.197961877058516,0.0,0.0,0.0,0.0,0.0,7.0278056929842645,17.723152641657542,0.0,0.0,0.0,0.0,0.0,0.0,3.963246409674981,5.869289895327583,87.60334102075173,0.0,0.0,0.0,0.0,18.103423440083102,0.0,22.033719300333445,29.204961847468848,5.122875581208914,8.384559884559884,0.0,1.6626855287569573,22.940916168332134,11.082268260839689,0.0,41.66545096768311,0.0,0.8694255479969765,0.0,0.0,7.769032444627682,3.2434889244954177,0.0,1.5476190476190474
191.26242192138469,47.28086700035321,46.114863327681185,54.64450685458416,28.985317066649134,24.040179666179778,17.500434980248645,68.54197991856024,7.650824901147846,119.37783380561169,6.442603472365377,11.512760029583337,20.572264198260285,18.653438942654766,12.254030343785981,2.8559140944198416,69.01988201333046,5.409773757988043,8.746427983740013,20.155103141654106,5.4680805149738765,32.239396616163134,1.1145124716553287,15.147800758911869,27.853643374062003,10.599196840706865,6.362625313283207,9.262406095787723,22.05014350045138,20.17573412486097,2.070331123902552,5.595706426694101,5.338696109970888,17.499818412586468,1.6974273206124386,2.773407381600659,10.712661254257702,0.6608424255483079,5.262299869442726,0.7437899402185115,14.677987430046011,0.0,10.161954637349686,8.032412928873908,2.339073734907068,0.6907854050711193,1.2891156462585034,3.1965366688940327,0.9933146659337135,3.2977926018892405,0.0,0.6714766714766714,0.0,1.6912356649198754,0.0,0.6036513090084518,0.0,10.366987546777874,1.94011544011544,22.547548509403576,0.8803060106846681,0.0,0.0,4.009241854636591,5.950176021296711,1.5446643303786158,0.9072871572871571,0.0,0.0,3.0945767195767195,0.9868814351897058,0.0,7.598266294344725,0.0,0.7547670583384868,0.0,0.6526575276575276,0.9047619047619047,1.7169312169312168,2.168986906508421,0.0,0.0,4.356876519470504,2.546642441379283,0.0,0.0,0.0,0.0,0.6841516067706543,0.0,0.0,1.2754887308458736,0.0,0.0,0.0,0.7997072372072371,0.0,0.9086347955395574,0.0,0.0,0.8541666666666666,5.398268398268398,2.004204280293209,0.0,0.0,0.0,1.6335978835978835,0.0,1.2577949326717799,0.0,0.0,3.9616358604845443,1.5219542362399503,1.0350340019457667,0.0,0.0,2.2736291486291482,0.6767161410018552,0.0,0.0,0.0,3.428571428571428,0.7065364799152393,0.0,0.0,0.0,1.658954555305487,1.1185840303487362,1.5954184704184704,12.28815647072226,1.8450577200577198,0.0,0.0,32.203364262371615,0.612984884335816,3.730939657038462,0.0,0.0,0.0,0.6746275187783369,0.0,0.8746693121693121,0.0,0.0,0.6494408369408369,0.0,0.0,1.2113095238095237,0.0,0.0,0.0,0.550595238095238,0.0,0.0,0.0,0.0,0.7463369963369962,0.597041847041847,0.7142857142857142,3.821969696969697,0.0,0.0,0.6743197278911565,0.0,0.0,0.0,0.0,0.0,0.0,0.0,0.0,0.0,0.0,1.0158730158730158,0.0,0.0,0.0,0.7528486838831666,13.63595770904884,0.7005070546737212,0.0,0.0,0.0,0.0,0.0,0.0,0.8495670995670995,0.0,0.0,0.0,0.0,0.0,0.5720470006184292,0.0,1.1989280560709132,0.0,0.0,0.0,0.0,0.0
192.2761784863393,89.27668073402201,138.54403008257174,51.63241059825489,77.44151824391224,23.42091049382716,14.287411816578484,97.7253724589251,10.932383040935672,22.080422278338943,41.763672969187674,16.18006822612086,57.81875515357658,12.6875,9.899222883597883,38.234391534391534,75.66533079281095,13.217559523809523,7.872249278499278,73.15101962081128,12.737433862433862,32.28314393939394,8.877480158730158,53.47858796296296,10.498181216931217,14.84207818930041,35.72633744855967,3.7152777777777777,22.107597183093215,39.31364822163433,16.009711199294532,1.3541666666666665,7.295304232804233,2.881117724867725,0.0,1.9031084656084656,20.926719576719577,0.6828703703703703,5.451388888888889,2.4389880952380953,8.162422839506172,6.766402116402117,5.696924603174603,2.6959325396825395,3.8125,0.0,2.6125,1.0810185185185186,4.005787037037037,0.8333333333333333,1.9570748824221047,1.25,0.0,1.084104938271605,0.0,2.9340277777777777,1.3343253968253967,30.946373456790123,1.1805555555555556,1.1046626984126984,0.0,2.2083333333333335,1.1388888888888888,8.35763888888889,4.892581569664903,0.0,0.0,0.0,2.0944940476190474,0.0,0.9784171075837742,0.0,9.57390873015873,0.875,0.0,0.0,0.0,155.49843474426808,4.791666666666667,0.0,2.125,9.827546296296296,0.735906862745098,1.6832561728395061,0.9664351851851851,3.388888888888889,1.75,0.0,0.0,0.0,1.9375,0.0,0.0,0.0,0.0,0.0,0.8194444444444444,1.65,1.3020833333333333,0.625,2.2314814814814814,3.7499999999999996,0.0,0.9375,0.0,0.0,2.5659722222222223,2.1666666666666665,0.0,2.2584325396825395,1.5,0.0,2.238095238095238,0.0,1.3333333333333333,0.0,0.0,0.0,0.625,0.0,0.0,1.0416666666666665,0.9953703703703703,0.6225198412698413,0.0,0.0,3.3854166666666665,1.6111111111111112,1.9166666666666665,0.0,0.0,0.5,0.0,2.1527777777777777,0.0,0.0,0.0,0.0,0.6902777777777778,0.0,0.0,0.0,0.0,0.0,1.125,0.0,0.0,0.0,23.300438596491226,0.0,0.0,1.2276785714285714,0.0,0.0,0.0,0.0,0.0,0.0,0.0,0.0,0.0,1.1083333333333334,0.0,0.8333333333333333,0.0,0.0,0.0,0.0,0.0,0.0,0.0,0.0,0.8958333333333333,0.0,0.0,1.3055555555555556,0.0,0.0,2.0416666666666665,0.0,0.0,0.0,0.0,2.0,0.0,0.0,0.0,0.0,0.0,0.0,0.0,0.0,0.0,0.0,0.0,0.0,0.0,0.0,0.0,0.0
198.2193976710968,110.89771474667307,126.05303646745409,23.872829194401774,53.993659481757035,9.937875781625781,19.61068481136416,26.276817159403958,6.486579917553813,54.742600561730065,10.099041005291005,19.198848605098604,55.34656084656085,22.621858465608465,5.600539767878478,17.3744650638033,39.80493807118807,7.046902557319224,5.048761423761423,27.314622577612035,20.16025783026285,21.91349206349206,1.0555555555555556,23.72519841269841,11.840592765999752,35.775560165143496,11.98445767195767,3.0026455026455023,20.29285714285714,8.368017307324536,5.201335978835979,1.2972238416029709,19.06970632787165,5.234659923967153,2.931712962962963,5.697530864197531,3.7946428571428568,0.0,5.2565710872162486,0.9351851851851852,5.354662698412699,8.202331349206348,1.0205026455026456,1.1375661375661374,0.0,2.5318783068783066,0.0,2.236111111111111,3.0848615119448453,0.7483134920634921,2.199074074074074,0.0,0.5515873015873016,0.0,0.6686507936507936,2.242283950617284,1.3392857142857142,34.14263668430335,0.0,3.5828460038986356,0.0,0.0,0.8194444444444444,1.7662037037037037,2.4563492063492065,0.0,0.5952380952380952,0.0,1.5848214285714284,0.0,0.732936507936508,0.0,3.532738095238095,0.0,0.0,0.0,0.0,15.937499999999998,0.6597222222222222,0.0,2.6101990527393752,0.0,0.0,0.0,0.0,0.0,0.9057539682539683,0.0,1.736111111111111,0.0,0.0,0.0,0.0,0.625,0.0,0.8167989417989417,0.0,2.0044973544973543,0.0,0.7936507936507937,0.0,32.92427248677249,0.0,2.2172619047619047,0.0,0.625,0.0,0.0,4.044973544973545,1.9285714285714284,0.0,1.1167328042328042,6.921957671957672,0.0,0.0,0.0,0.0,0.0,0.0,0.0,0.0,0.8465608465608465,2.099654377880184,0.0,1.5822879330943849,0.0,0.5543154761904762,0.6423611111111112,1.654320987654321,0.0,0.0,0.0,0.0,8.120453042328043,0.0,2.85475234270415,0.0,0.0,0.0,0.0,0.0,0.0,0.0,0.0,0.0,0.0,0.0,0.0,0.0,0.0,0.0,1.0535714285714286,0.0,0.0,0.0,0.0,0.8705357142857142,0.0,0.0,1.3855820105820105,1.4285714285714284,5.023015873015873,0.0,0.0,0.0,0.0,0.0,0.0,0.0,2.1875,0.0,0.0,0.0,0.0,0.0,0.0,0.0,0.0,11.526190476190475,0.0,0.0,0.0,0.0,0.0,0.0,0.0,0.0,0.0,0.0,0.0,0.0,0.0,0.625,0.0,0.0,0.0,0.0,0.0,0.0,0.0
340.742648550893,180.11362204958775,147.1887220366728,82.21092601659153,112.07619817060747,29.875689443008604,39.12258823844858,93.58950433753013,33.35911370388783,128.88228538837348,57.13825745036817,43.701639642815465,130.08885501607662,51.453025307681294,26.062383660168198,42.632313627484,131.28009060475947,15.270121055897361,11.176250189385513,66.86496359424679,61.7121749223273,75.63880339144671,18.49713082885616,51.553587878276424,39.88074257108701,43.42648586331726,36.03474553876607,22.820432521123365,45.4898143687806,22.75069618640908,12.995671114004995,17.36638090197941,72.59299906580726,11.293957008489123,15.53693005624067,20.338825117033327,24.211790919462025,1.5623761177921471,17.17013142984908,1.7890583258546777,26.194240276221215,23.725556799658158,8.289292171103682,19.09908648411956,2.099252788607705,14.040376779668545,3.660667710559675,3.3854324542494005,4.758661515970229,4.462217788117032,11.961134543003071,9.760042406300546,3.0646691056907773,1.8622243570351118,1.3299743595609401,2.8815618963203,6.966597884634275,58.45847053546508,1.668443591764826,20.246340795869394,4.787020985402271,3.391733112089149,1.9255607972900062,10.367808252158898,26.185782287595824,2.0259331683231507,1.0423469870527058,2.345441060034656,3.352108518011689,6.0776467790026025,2.7245782605322746,0.7242011114515652,3.550846326711928,0.0,0.0,1.2277055651115802,0.0,8.180362665467642,5.942620441346688,1.3443172764898734,6.809234907830061,0.0,1.1450026534129947,4.612791326360238,1.3925642141960928,4.463353890635981,3.4338191507909666,0.8147483608009923,0.717501593939011,0.0,1.8285473785473787,4.72398123857228,0.0,2.0136501098377453,0.762491340077547,0.849716406067826,1.431191126468918,14.45461736337706,2.254345397987973,1.981468106556565,0.5675371378638167,65.37952771856149,2.942173535750989,0.8305291414811539,9.207635490754155,3.2023938986413634,0.0,0.9148188975775183,6.856151294812285,1.5308991805121837,0.7908769063180827,8.69046896663446,4.036583061995212,0.0,0.5593652135183576,0.6377896613190731,0.8639914063849155,1.4701418193998528,0.6900890775890777,0.0,1.4999989023822695,2.6689404590489216,2.4580154601044932,0.8924014581909319,1.1979746815295085,2.3381685374773022,2.4271406442182646,3.0312154734743553,11.803640356010867,0.0,0.6312927111301725,0.653057136833228,0.0,78.76760219680862,3.9310337498975803,2.4267445886527503,2.5063195041534336,0.8567665571975916,2.7558143668050787,1.2393497205294701,0.0,0.0,0.9734025720867826,0.0,0.6847066976710939,0.0,0.0,0.0,1.8151014791881666,0.8300645714438818,0.0,5.966786575170063,0.6496115616302343,0.0,0.0,0.0,1.5690058479532163,0.6018084995900717,0.0,8.754066618381135,0.6073025701508674,7.345420001108856,0.8099622789224583,0.7280117459732065,1.1098009997971299,0.0,0.0,1.2314674260494693,0.0,6.1053170360484605,1.2826922137800754,1.8612631522748155,0.0,2.5203597510792983,0.0,0.0,1.4456503466675588,0.0,13.777833345576925,0.0,0.0,0.0,0.0,0.0,0.0,0.5036274207959046,0.514159859748095,0.0,0.0,0.0,0.0,0.0,0.9409235551631534,0.0,1.3241849739527758,0.7443676035007305,0.0,0.0,0.0,0.0
419.59490208068485,113.70541220600528,168.9224937046944,77.80075089163954,85.66918662582988,33.49126710358947,52.247031884905304,83.82888831763451,20.367516500270042,176.26386749287852,25.451163017719388,37.71616686404039,92.61529962592446,45.90997437639795,32.785602221812795,14.29745045147656,124.81978887228773,23.241238012169383,15.28190459277469,62.87567533621944,79.8408855127043,72.44636628762169,13.456033051991627,60.06586556371534,53.63328615008379,23.459901693397537,30.05319254336775,13.496001339994686,49.45294264787129,64.40630638857111,8.720900073367178,14.405533717150602,60.61244363199418,31.595591557135673,9.102528946737559,23.372806698707432,23.293806444189034,4.675402391272489,9.46921903581202,10.443124590551061,31.728288667273688,11.24257214281724,24.540000720136106,18.806529415385906,5.649240884387943,5.742242279669207,23.974640921315064,9.301936487933006,12.80974831268949,8.358487144364648,3.8035148874364557,6.205952380952381,3.5693465349102604,5.799729314214608,2.0086676622215838,10.889421919747617,10.504704246370913,23.783350036018394,10.652636843911354,43.300005709352284,16.418365579072862,6.047873356370088,27.346878855530814,4.533961314453417,36.76582309825223,2.59736161986162,5.497534535181594,2.927214582802818,16.556453320644497,4.78950219371272,3.7043131718499365,4.7570283183203355,23.8025531691892,2.8402438610771945,10.006127207841278,3.341061852091264,2.3408928571428573,31.017803133606627,3.90795476763614,4.662636961593544,6.796417527819966,1.3034781576448242,14.448240022932813,9.842177797866901,6.669063918561467,8.0005159513814,3.7401520864756157,11.959055425783367,2.4393134973492114,1.2734520018833744,5.96640260270775,12.206354225839519,1.1609130772191918,8.455840455840455,1.1872510115157173,8.738532174978253,9.591295735640745,4.358080979744183,3.3360999811292733,1.7745621107110825,3.016076291627762,38.51310082989537,7.134650678814663,4.368961362711363,4.260404506531957,9.205621269162936,4.002313046430693,2.064780638751227,2.4822106774726787,2.597281576448243,3.1494274860941527,2.48898097739183,5.050587606837607,1.2822051042639278,0.0,1.7876382876382877,12.527782865282866,4.739249982044099,0.599601977543154,0.0,4.1143148200746245,5.648856658047834,3.0543225701313936,0.0,0.0,1.0471427231584123,12.867849052726504,4.457277616174675,5.348067196964255,1.8634602665852666,1.9078097828097829,3.180577601410935,1.4447802197802198,7.03205191804908,2.1305709926420713,13.447722933542414,1.0894722561389227,0.9900222983387283,2.8471645638312304,2.499279399794106,0.0,0.9424836601307189,2.855517916179681,2.668259931868201,1.2101031865737748,1.3190079365079364,1.2535052910052908,1.476575630252101,2.6688273600038306,0.0,0.0,0.960437147135865,2.4711811490978155,0.7878787878787878,0.0,0.5886818495514148,0.8351885768552435,1.6355025257966436,2.3829214802291725,9.439501858435682,1.8891223155929038,1.2191424309264867,3.6950999844382197,1.0514222270104623,0.0,1.0674348522853958,0.7871459694989107,2.975826869209222,2.3502367186190716,3.1979938271604937,0.87437441643324,0.505439360929557,0.8754084967320261,3.167720469830444,0.0,0.0,2.4424019607843137,1.3265148325493152,5.535745756498962,2.195818320205575,0.0,0.0,0.0,0.0,0.0,0.0,2.021031746031746,0.0,0.0,0.0,0.6136838624338624,0.0,1.2911866455984102,0.0,1.4809953703703704,0.7171296296296297,0.0,0.0,0.5378045157456922,0.0
2.8398239892972112,0.8278335724533716,1.0592985732304618,0.6045751633986928,1.8781512605042017,0.9955364259524948,0.0,0.0,0.0,0.0,0.0,0.0,0.0,0.0,0.0,0.0,0.0,0.0,0.0,0.0,0.0,0.0,0.0,0.0,0.0,0.0,0.0,0.0,0.0,0.0,0.0,0.0,0.0,0.0,0.0,0.0,0.0,0.0,0.0,0.0,0.0,0.0,0.0,0.0,0.0,0.0,0.0,0.0,0.0,0.0,0.0,0.0,0.0,0.0,0.0,0.0,0.0,0.0,0.0,0.0,0.0,0.0,0.0,0.0,0.0,0.0,0.0,0.0,0.0,0.0,0.0,0.0,0.0,0.0,0.0,0.0,0.0,0.0,0.0,0.0,0.0,0.0,0.0,0.0,0.0,0.0,0.0,0.0,0.0,0.0,0.0,0.0,0.0,0.0,0.0,0.0,0.0,0.0,0.0,0.0,0.0,0.0,0.0,0.0,0.0,0.0,0.0,0.0,0.0,0.0,0.0,0.0,0.0,0.0,0.0,0.0,0.0,0.0,0.0,0.0,0.0,0.0,0.0,0.0,0.0,0.0,0.0,0.0,0.0,0.0,0.0,0.0,0.0,0.0,0.0,0.0,0.0,0.0,0.0,0.0,0.0,0.0,0.0,0.0,0.0,0.0,0.0,0.0,0.0,0.0,0.0,0.0,0.0,0.0,0.0,0.0,0.0,0.0,0.0,0.0,0.0,0.0,0.0,0.0,0.0,0.0,0.0,0.0,0.0,0.0,0.0,0.0,0.0,0.0,0.0,0.0,0.0,0.0,0.0,0.0,0.0,0.0,0.0,0.0,0.0,0.0,0.0,0.0,0.0,0.0,0.0,0.0,0.0,0.0,0.0,0.0,0.0,0.0,0.0,0.0
214.66528176379921,35.16657220033718,53.49555645318712,22.441076149781292,69.78526845801736,17.031646592343794,25.508283367624383,15.640591965184687,31.326054580849288,87.90438630134736,13.728503008849769,6.52008607545762,5.454192460274329,4.59647574384521,33.16033524622952,7.173927181459671,45.059576722365,20.805238503999778,7.4191736572251274,17.80238084978874,9.543225997791259,12.382462030070604,24.96182629970827,15.067742666989759,26.629203896708557,2.257431193637503,13.63501778308239,1.6456355048984173,9.733135886529295,13.734258737968773,4.030553698752228,1.2872012613628467,0.6402361564460495,6.049358953566748,3.7373028217697333,5.2945020465098755,1.088676948051948,2.3164914607749973,3.2422710254681597,2.471917971734148,3.1548001630722218,2.0970005544431656,11.251382024599538,2.7241612554112553,0.0,3.5763140862405565,164.45683437640045,1.1217731734231018,1.5643464617639653,1.8527086673294675,0.0,0.0,1.942177022324081,0.0,1.4691717596129361,2.5469427631192336,2.9719981197253924,0.8031458707514012,3.3103821757565073,4.073187955502422,7.811181618073839,0.0,2.488559479117634,0.5926991779264507,4.844717578707554,0.7036314525810323,6.549681956115779,1.2078227124183005,2.7965367965367967,4.047613905702141,1.3051709320091673,0.6162642357052349,7.195263672442654,0.0,1.1409120971620972,0.0,0.0,1.3710317460317458,0.812244548875565,2.4280684593184594,1.3395863395863397,0.0,1.155844155844156,0.9934638688647606,0.0,0.7563319033907269,1.3252202255109231,0.6696969696969698,0.5525641025641026,1.0618112947658402,0.0,3.4753047052154193,2.55310590145149,0.0,0.0,0.5441632231404959,0.5813240068754775,0.0,0.0,0.0,1.0,0.0,1.7500596829640946,0.0,0.0,0.6362867116543587,4.068949296890473,0.0,0.0,0.5454545454545455,0.0,0.0,0.0,1.2558633801672148,1.1043028322440087,1.1508838383838385,0.625,0.0,0.741274792745381,5.967546644043318,0.0,0.5298971861471862,0.0,0.0,0.0,0.6458333333333333,0.7607959850606909,0.0,0.0,0.0,0.0,0.0,1.995463564213564,0.0,0.0,2.3590000685588923,0.0,0.0,0.0,0.0,2.379402215431627,0.0,0.0,1.8096348096348096,0.0,0.0,0.6842556581861395,2.7571986094713368,0.0,0.0,0.7857142857142858,1.1911907536907538,0.0,5.944616435258146,3.5592838534015003,0.0,0.0,1.4042207792207793,0.0,0.0,0.0,0.0,0.0,0.0,0.8755411255411255,0.0,0.0,0.0,0.0,0.0,0.8636363636363636,0.0,0.0,0.0,0.0,1.15210027100271,0.0,0.0,0.0,0.0,1.0697185650648855,1.5829405162738497,0.0,0.7801226551226551,0.0,0.0,0.0,0.0,0.5386363636363637,0.0,0.0,0.0,0.0,0.0,0.0,0.0,2.2386641136641137,0.8801902958152958,0.0,1.4271898314451505
989.9482267179314,552.9325760743142,386.78239325311773,134.773827598202,315.04317881732163,63.66652606935591,62.59574692296467,210.3746712286413,106.81530984397864,448.4000489827438,85.06785399316556,87.51265101412487,283.05624009153405,148.0534937477318,60.467109897809166,45.52556239801994,385.0050705451302,52.82115898978374,63.95605355421883,147.03907825426123,413.8244642974923,140.16500342730083,31.87274853459069,175.41354474492016,69.235604287849,165.810168557543,69.9788864506121,38.25811442039565,87.86878393088485,57.42134730479273,25.851227555968276,36.64971830947108,121.47486114661008,27.911879519586016,37.227138955165124,54.45292276571673,21.505206070444437,0.6511523933484006,46.47945872876876,4.419517523206843,26.841571358165915,19.397690976025515,24.59851242672342,75.54789278064642,5.843873274987827,10.807674228099277,16.46888774271147,16.168142031212618,19.69087254017871,22.0913872517558,13.707898364518902,7.382938300551664,18.93071679167739,3.3150744889790777,0.5525009624374415,9.210863919171453,5.0313139759554035,168.19425434505254,2.213355576331983,49.978849534028804,7.976946673679886,3.0762923723450037,5.980821895546794,47.538813820498426,13.670136845336327,1.6114156920077973,0.0,4.724031279647406,23.41217056179204,7.2745383764837035,2.154877232196068,4.716820228711487,9.449838495701156,3.0926240464012698,3.80435737791154,0.6543672492920614,1.9540464987246913,1.5356637495646117,2.807161909475884,2.400649379747988,34.05147364736804,1.5362508968968298,0.0,5.333867496186008,2.4061481728148393,13.946463652874076,9.757733442054159,0.6537313928761297,0.741285030758715,3.2571456321456322,20.276353690353496,35.62290657458761,1.23358515123221,0.9243200084851627,3.041801003745196,4.013750866742753,3.7250854514653216,28.544366318154545,2.6679312631852135,1.3297579655338276,3.011802961439985,75.68273477156663,2.759021050373089,0.9430999532816575,8.562226732195596,6.787243824415544,0.5283959510555094,0.6378563679675346,12.16920301217374,4.498254604872252,3.04071187942225,16.36683874350914,8.624564084344208,2.285466195722606,0.0,5.13176961926962,4.257397541043586,3.9406797483873257,4.02851936552917,1.7088744588744589,0.0,6.253490739892469,3.6176628930127044,1.0021805679700417,10.792423545933207,2.3288740397396146,2.1326093740567424,6.724088728036096,33.231671095633864,11.533397974105243,5.25431246993747,3.374475037949064,3.5006228248875306,91.11377536740626,6.806961358978903,2.031705883180475,5.352712566904852,0.0,4.935635564699032,14.038408004365836,1.0915473415473416,0.0,2.1579543220797093,0.0,4.636407852103341,0.6207213838792787,1.3618030676220332,2.1280183868419162,0.0,4.202982441860952,8.562103174603175,11.95473596034598,0.7476551226551227,0.0,0.0,1.8376602564102564,2.650126391598638,0.0,0.0,28.89611500174614,0.0,8.942072218716955,0.0,5.5363552978355735,3.071936961547351,5.497883637634415,0.8683473389355743,2.4803118117262852,0.0,15.15479954113081,0.5777840048862433,0.6997457447775052,0.9272977811997776,1.4763794281943103,0.8744703009408892,3.08648056923919,2.448993271843771,2.1890825057680776,24.633236252094683,0.0,0.9486864442746795,0.0,2.0108012902130548,0.0,0.0,2.9367394569453644,2.0091496998248335,0.0,1.2183207765864967,0.0,0.0,0.0,0.7162698412698413,0.8023860398860398,0.5079191033138402,0.0,0.0,0.0,1.4816017316017316,0.0
302.13529758905014,127.57115749343963,103.61900930766454,17.966618610259708,83.19835098296471,14.613888650541464,39.66955587873527,108.59466952743196,12.802425547311032,58.66050344777826,22.778117707520718,13.47853709339715,55.13500436901734,16.85692060168262,27.73399408976773,17.944180636711078,43.49198497164069,2.9186161553249517,12.177989162972672,92.62881576608818,46.49970673998831,43.204673945559115,8.783004271003502,57.455382909486325,38.27982177750664,38.97310572989353,71.23875510134206,2.7402673109518347,10.098110171851804,15.573209438595125,0.9493464052287581,10.448071882531217,21.18178246389259,6.677268894962147,6.936436707706869,12.985635993563278,1.5798400673400674,2.3503487253487254,5.339190066080822,0.9046840284935522,3.0099216959511077,1.1424033482857014,6.010826541977712,55.76666540663813,4.389690170940171,0.6821551520008743,0.0,0.8634860509860509,1.9999871160585447,1.1192301415515702,1.77196333078686,0.5627705627705628,0.9263167388167388,4.478553284570046,0.7500890313390314,0.646902700474129,0.0,46.5620842541927,2.0444810499957558,5.27386613187216,1.5299393823490208,0.0,0.0,1.5716407775231305,10.34644250143934,0.627843056414485,0.5608848663284147,0.0,0.0,0.6362433862433863,2.90958639671875,0.0,1.6265331890331889,0.618156353450471,1.3880057073334384,0.6353859725708465,0.0,8.380013681489427,0.0,0.5667981915292587,0.0,1.1458333333333333,1.3770854832515822,0.0,2.8952003308027976,1.5034830890398116,2.8657738095238092,0.0,1.1064483874357824,0.0,0.0,0.552051123479695,0.0,0.0,0.0,0.0,0.0,2.026900183150183,2.349057804940158,0.5891213234605137,2.8757716049382713,16.677856210149095,3.8628447170113835,2.9647331154684093,3.0438752215614167,0.0,0.0,0.0,0.0,0.0,0.0,2.9157338404629427,0.5451362363127069,0.0,0.0,0.0,0.0,0.6012105178771845,0.0,0.0,0.7965367965367965,0.0,0.7036463743746657,0.0,0.0,0.0,0.7106037701275796,0.0,1.6787102182026281,0.0,1.7003596893302775,0.0,0.0,5.470358831007696,0.0,0.0,0.7658730158730158,0.0,0.0,0.7878208101422387,0.0,0.5555555555555556,0.5717893217893217,0.0,0.0,0.0,0.0,0.0,0.0,2.2222222222222223,0.0,1.228988603988604,0.0,0.0,0.0,0.0,1.5465686274509802,1.236171236171236,0.0,1.4159937679861778,0.0,0.0,0.0,0.0,0.7692307692307693,0.0,0.0,0.5341015193956371,0.0,0.0,0.6774891774891776,0.0,0.0,0.0,0.0,0.0,0.0,0.0,0.0,0.0,0.0,0.0,0.0,0.0,0.0,0.0,0.0,0.0,0.0,0.0,0.0,0.0,0.0,0.0,0.0,0.0,0.0,0.0,0.0,0.0
383.4741316671976,68.82027994391149,47.39597314752762,24.42171777688045,61.41639405004664,22.215314016877528,21.06749515455002,20.77264413452588,93.29197551443629,57.74345215953731,8.91490777290622,20.047466450499307,23.66860661951896,32.12458736441563,16.09815853078405,10.849282318432065,48.71326761682881,19.853267929516527,12.804582032522438,15.59251517457328,15.361309796452073,17.697894896266952,9.522886746572873,19.931363258154796,14.710541362282479,4.384630833469873,7.526013970472121,5.538997319390572,11.220987331401863,5.518012696908557,16.10543102860116,5.025320261415995,2.441159622820404,6.226557390144808,11.210649824911519,8.74544640425848,1.7669032417624644,5.2080836758973446,3.9438869856640517,3.424294669916911,3.6396236351682547,7.469193249717579,5.923218315229384,1.5324092385316874,1.6710620334785722,8.170477926436847,51.702265342712586,2.630514719726542,2.7719794737100014,4.5533680447022755,2.3997266309118364,2.828525051609824,8.363600142085755,2.607824670192721,1.5109749796493286,1.1381200985228483,11.534042838036985,1.6118623111893557,2.187933431543565,2.4309275775514387,1.926735876698279,1.0368420874920026,1.6602129635625738,2.698378216708172,1.9230440111401104,2.134720857584024,2.2373121724834983,5.297407490717608,2.116847487521844,2.7455304817469486,0.5789288653230498,3.3743959553873837,1.365200685456995,1.9437581845925183,0.8833142084397294,2.603215435032817,0.6883062677935705,2.28639802074676,0.0,3.6292659319683604,2.889546311973869,2.870273241497731,0.5791874225547695,0.9608479642962401,0.9935790400076113,1.627966919311043,0.9900703021048993,3.760321885685788,1.1119856356925322,0.967180806685459,2.161402989781746,0.7292621171931517,1.0694645130779583,1.937955710075535,1.3016478573240589,1.0301865950141813,0.6228174603174602,0.669198869392395,0.0,0.0,0.6351795017347446,1.2986835428247336,0.0,0.0,0.5574350760681744,0.9980569133310595,1.5609190092836709,1.6764143013527248,0.6486017386656953,3.3390689010854886,0.6470276289118654,0.0,0.0,1.9631370783871094,1.954834371977229,2.1354523861209294,1.9260514647716078,0.7829610758243764,0.0,49.02765993287701,0.0,0.7927912703542956,0.0,0.673731030873888,1.2590322889719268,0.0,0.0,0.0,0.0,1.1536418868718952,0.5326659092755877,0.8831235176062762,3.084397977153264,0.0,0.0,0.0,0.0,2.251493001290679,0.0,0.0,27.29870163165849,0.0,0.0,0.518930733491173,0.0,0.0,3.4983678101552833,0.7580716902145473,0.50828331332533,2.6279778506727474,2.5081899109960335,0.0,0.6561945307593567,2.026377985139421,6.263851319473989,1.949130680577259,0.0,0.0,0.0,0.0,0.0,0.0,0.0,0.0,0.0,0.6635662598372682,1.0591188856494977,0.0,0.0,0.0,0.0,0.0,0.0,0.0,0.0,0.5663663733891825,0.0,0.0,0.0,0.0,3.6618371285934974,7.137692851919886,0.0,2.2435318196542684,0.8014566216096828,0.0,0.0,0.8930262813634472,0.5083491950295568,4.087922066497893,0.0,1.1276517051640205,0.0,1.0874623788909503,0.0,0.0,4.951420097692215,1.5427451803232115,0.0,4.842404231703372
288.860491603312,53.63297554328141,78.5001331878485,17.044578808641717,72.11698945849848,10.276201019687937,15.569991847350401,19.273561580603193,64.3273341087931,44.533380845101014,5.879380708691054,13.913668145146655,43.52994080856036,44.41820786451265,3.6425890805187606,5.4529456633013575,106.82738651578471,12.138669746100721,5.2086754231064045,15.105520727610147,15.198073818443703,38.71812887016248,13.562786854107003,19.404017728152173,15.4191372618615,19.839913595807793,12.582143568280316,2.2177228609477244,34.31719749996433,2.856488013487273,26.874033283377365,1.4416368042140117,1.0898105741774244,4.243167499922126,1.6060142147580572,4.817115878453534,0.6005377763998454,2.4522122295764115,0.8914710661837099,5.3925623214025595,2.323360311173791,2.370489804738273,7.819202834717387,0.8819126640555212,0.6800185765703007,0.7445904206452504,18.722426337595863,15.42733422205544,7.167443862479606,1.614813866715725,0.0,1.0207424585996014,1.4491797270772366,0.0,0.0,2.939964031589647,1.6067768210625355,4.65792221896045,0.0,0.5427267206984491,0.0,0.9654024136782757,2.24286271887555,9.354057267518806,1.341009171130875,1.0320207570207571,1.164351526240894,1.4939748629403802,5.760064472564473,0.616043907274844,0.0,1.0724338229030546,1.2661137289426367,0.6265031265031265,0.0,1.0339025863451152,0.0,0.0,0.0,0.0,1.5807664770308447,0.907142857142857,0.0,0.717828627311386,0.0,0.0,0.0,14.814491601696684,0.0,0.0,5.6249460135823774,1.4457943876047326,0.0,0.0,0.0,0.7845166327924948,0.0,0.0,0.8457512315270935,0.0,0.0,0.0,0.0,0.0,0.0,0.0,0.0,0.0,0.0,0.6976724921169366,0.0,0.0,0.0,0.0,0.0,0.5080671244464348,0.9759448016931912,0.0,0.5378236142942026,4.648578636435169,0.0,0.0,0.0,0.0,0.0,0.0,0.0,0.0,0.0,0.0,0.0,0.0,1.4119399119399119,0.0,0.8582013224870368,0.0,0.0,0.5116008411834183,0.0,0.0,2.707686321357851,0.0,0.0,1.1098137973137974,0.8338066786342648,0.0,0.0,0.0,0.0,0.0,0.787792894935752,0.0,0.0,0.9715131611683336,1.8280513767278472,0.8699633699633699,0.0,0.0,0.0,0.0,0.0,0.0,0.0,0.0,0.0,0.0,0.0,0.0,0.0,1.0804061838544599,0.0,0.0,0.0,0.0,0.8652682360314824,0.0,1.0054734537493157,0.6409050825717493,0.0,0.6917140490416352,0.0,0.0,0.0,0.9295133654224563,0.5844155844155844,0.0,0.0,0.7258038258038259,0.0,4.105797140279899,0.0,4.289974691883559,0.0,0.0,0.0,0.0,0.0,1.3877289377289377,0.701754445484853,0.0
273.6216856483992,42.63646953924596,59.06980043921131,43.64373909961818,50.98829381663886,45.09445787182394,45.42284728524658,22.540652436851882,66.29775399864685,25.898089965906745,4.1562430437227516,10.669195547618166,87.38051986394534,49.2631912304886,21.652734788359787,16.565672386475956,65.23855318396218,15.154490355670639,6.528813838278124,45.53266674002262,23.92400565337576,25.107203782829597,19.192587402126094,51.29134643337839,8.065500440917107,0.9908339345839347,34.5674428657762,9.26834529007148,39.229483024691355,6.851223356224783,4.493365893365893,4.385171423367771,1.3090739834746683,15.135179757311791,10.231052543135876,26.740801582125986,1.9961805555555554,12.050681852869353,14.961679045161189,24.262672900842542,23.555783403104833,5.922798220615001,13.211648645115908,6.036677589385922,10.925449383256991,12.964549563641825,8.09038835546113,2.917013888888889,11.029711766068786,2.218264652014652,0.8549933862433863,5.951420547045547,21.765819051979765,4.407261904761905,5.822985002761788,0.85625,0.9840277777777777,0.0,1.9476686507936507,0.0,0.9850777116402116,6.470543345543345,2.4593148419041277,0.0,0.0,4.5140489946361155,7.599276048026048,1.3747558922558922,0.9892857142857143,3.698318492453766,3.5166290969515854,3.1233477418745275,0.0,1.377662037037037,1.8940641534391534,7.671733712715855,1.6281911375661375,0.0,0.5669261294261294,2.6494212315824353,0.0,1.6196443602693602,1.1373567019400352,0.0,0.7916666666666666,0.0,0.0,0.0,0.7351438492063492,2.3729675417175415,0.7807666870166869,0.0,0.6612929894179894,1.0102513227513228,2.3605171327790373,0.0,0.0,0.0,3.096962505087505,1.4473875661375661,0.0,0.0,0.8931933421516755,8.127058319766652,0.0,0.6024155242905243,6.838485650152316,0.525173611111111,0.0,0.0,1.8002638234781092,0.0,0.9787164224664224,0.7862813938706795,1.5259157509157508,0.6537698412698413,0.0,0.0,7.349116591080877,8.727441331816332,0.0,0.0,0.0,3.182638888888889,0.7248677248677249,0.0,0.0,0.0,0.0,0.5721500721500722,0.0,0.0,1.2756291305092675,0.0,0.0,0.0,0.0,0.0,3.458293178382464,0.5065972222222223,1.5360140873839503,0.6534391534391535,0.0,0.0,0.0,0.5168463511736505,0.0,1.2998015873015873,0.0,0.6247271825396825,0.0,0.0,0.0,0.0,1.9693681318681318,0.0,0.0,0.0,0.0,0.0,0.0,0.0,0.0,0.0,0.9052166005291005,0.0,0.5986507936507937,0.0,2.155191798941799,0.0,0.0,0.0,0.0,0.0,0.0,0.0,0.0,0.0,0.0,0.0,0.0,8.936323768823769,0.5536954365079365,0.0,0.9474206349206349,0.0,0.0,0.0,0.0,0.8640491452991453,0.0,0.0,0.0,0.0,0.0,0.0,2.1892230289551717,0.0,0.0,2.4542072510822512
212.28984078550283,54.29261055832242,77.78358429247945,37.901143260334436,79.33272451490687,16.512253039769273,14.641430171760257,28.335105793159013,42.824534263150795,92.90768904555905,9.408818033818035,18.456403728719323,35.42184154750761,23.212361466282672,34.330228225122546,18.047657924687144,48.154447396674286,12.423944104730966,19.652283027945195,27.729282926469075,8.367480961799144,36.87891442636187,28.423530927993625,44.60080771218567,15.069680541920802,4.090541200322045,38.947832411791815,0.7798911575649544,36.322448664780595,11.537166891550008,4.709936668270002,9.05580148598568,2.7048553583862027,15.788362871696204,10.730721838539678,19.31079884532566,0.0,1.57638003931294,22.9381569929189,10.77030587239264,4.819588744588745,1.2109928651595319,9.596683191536133,6.248357941661513,5.062920875420875,1.3525006739292453,44.32614330861217,14.951947897781231,21.01074165912398,5.782969897066217,1.353615520282187,2.9835731728588875,3.928236793135783,5.902115300924825,2.0099704137853487,7.407195121697287,2.1863290929849373,0.0,1.1544612794612794,12.949024087335776,2.3324945887445887,1.9737854737854736,8.27430271159581,0.886764750401114,7.87385239643643,9.029098679098679,0.0,6.503913669060912,4.69534632034632,2.143410922169092,0.0,14.15841199073176,8.2923857373593,1.7142857142857142,1.0423989590656257,1.0691762550315183,0.75045609152752,0.0,14.794720666044196,0.5536963036963037,1.6597582972582972,1.7499814999815,0.0,3.1547565996095406,0.6887755102040816,1.1835664335664335,0.0,3.7868380777471686,0.0,1.5823713323713324,2.62012987012987,3.273505769829299,2.1136843276549158,0.0,0.0,4.716059403559403,6.684461371961372,0.0,0.0,0.0,0.7758650981053579,1.020408163265306,0.5424684300282386,0.6357300107300108,0.5860010670935041,2.061688311688312,20.312777258436864,0.0,0.0,0.7484567901234567,3.7003968253968256,0.0,0.0,2.076479076479077,0.0,2.1576260439896804,0.0,0.7672258297258296,2.3846026794556208,1.68189557356224,3.2820294784580497,0.0,0.0,1.9014550264550265,10.47245413316842,2.5589586339586337,0.0,0.6402116402116402,0.0,3.1770562770562774,1.4153302505575232,1.8181818181818183,3.5421387490765484,0.0,0.0,1.193452380952381,0.9722222222222221,1.8673443619872192,0.0,0.0,3.4355462999402393,0.0,0.7503607503607505,8.253766715887927,0.0,0.0,7.8144473371746095,2.8210678210678215,0.0,0.0,0.0,0.0,0.0,0.0,2.7015947015947015,0.0,0.0,0.0,0.6134259259259258,0.0,0.0,0.0,0.9166666666666666,0.0,0.0,0.5727328227328228,0.0,0.0,3.472659774865657,0.0,0.0,0.0,0.5844155844155845,0.0,0.0,0.0,0.0,0.6825242218099361,0.0,0.0,0.6130103435658991,1.974584212084212,0.0,1.4345232629323539,0.0,1.245791245791246,0.0,0.5222222222222223,0.0,0.0,0.0,1.186988738774453,0.0,2.2162837162837166,0.0,0.0,0.0,0.0,0.0,0.0
816.2526770962667,343.1532613609413,389.6920195276338,116.70979239356822,138.63949311173198,150.71765180856778,64.54667244466711,127.47582891736572,49.656617690819076,275.5290360450969,45.283097046269646,79.16857289535861,103.23443011890207,149.06326286624852,87.70199439278532,89.80098575580128,187.96869097519007,25.23952882090926,22.12430040154211,123.9564643747509,134.5159666507995,81.16248939344753,11.679198874756919,96.8761205382041,49.790957041132565,168.17776616927446,135.65750954190185,22.446675370484893,34.95539754250302,51.276883689248564,8.676830056398629,19.153810625108378,53.370696840171696,17.225094403412687,29.872593407754714,31.382349153483386,5.211273448773449,0.7953643578643579,40.441405871972535,5.851142180246191,9.169769835543645,2.304579407520584,35.77972579035215,36.87963499678616,6.833787672166837,5.734369202226345,16.598714916223816,9.2439148360717,8.920383276915231,6.866928939336988,3.9485423202528462,0.0,17.254350154981932,5.970299416540018,2.5494317473032644,2.671532637510081,2.2226995226995228,66.49961760472016,3.225908350908351,37.04477711033599,9.707404007082753,2.76432379349046,1.933877465127465,16.121893538560204,30.23915990361499,0.9609582216725073,1.2501489143931004,2.253659039373325,1.1039784490871447,2.575343927215585,4.893713924963925,1.7383195508195508,24.439919300455824,1.3415704665704664,2.2192055860037585,5.904248062861509,0.9167740239092311,3.621392496392496,0.0,1.1325040991922806,6.694717766933189,0.9096459096459095,0.9772791692434549,1.94423163337637,1.9841585767337646,10.6504261281047,8.625094386607545,0.6319444444444444,1.5811817151102865,2.0226070226070227,1.6867535903250188,4.486083308921654,1.8386243386243386,0.0,4.3680839002267575,6.511442139731614,2.564969422112279,12.95232337250526,5.460673916031059,1.5249898181929966,7.7458012666346,22.434766126730413,2.574985914310789,1.8934976799168528,7.255866293461007,6.592655430061445,2.44639534442166,0.0,2.5212318340414313,0.0,0.610866316223459,9.116697633332972,1.7454906204906204,0.6802232854864434,0.0,0.0,0.9506725713622265,2.1674728490204678,3.92915071040071,2.857702281615325,1.413804397357029,0.0,2.2038701593912298,0.0,4.150132275132275,9.629756352294791,0.5324045443093062,1.2954244829244828,32.1529464411455,5.961269613209268,3.335467772967773,2.329743008314437,0.0,51.559400090650094,1.6561490757919328,2.3289919563668406,2.7247546324927274,0.0,1.942550505050505,7.186502014941209,0.0,1.1842277984719844,1.23502886002886,0.0,3.924916683845255,0.0,1.6891828235813198,0.0,1.5555555555555556,0.0,0.0,2.5406273398164463,0.0,0.0,0.0,0.0,5.212136672850958,1.0900372775372775,0.0,12.801257472686045,0.9569346864428832,2.6218805704099823,0.7708934583934584,5.39578766947953,0.5874433106575964,1.7014430014430015,0.0,2.7398991259285377,0.7635785875917455,3.8823923987457825,0.666479353979354,0.0,2.001984126984127,0.7063492063492063,0.0,0.0,1.0608766233766234,1.4087301587301586,9.405227090836334,0.0,0.0,0.6253306878306878,0.0,0.0,0.0,0.7443934511603684,1.5373060175691755,0.0,0.0,2.1203703703703702,2.412087912087912,3.2490530303030307,0.0,0.6001984126984127,1.5712455436720143,0.0,0.0,0.0,0.6084656084656084,0.0
376.08102058011866,38.98217667748918,79.6006543255721,23.70927041404015,96.75894115405204,49.412176722319266,51.47320093101343,165.9902647506814,87.4777024840701,81.45389611218913,24.390121258669645,44.097492461739776,61.600647409888,75.69880611286861,11.592311507936508,45.81641364037197,193.0040627731488,9.17330007955008,30.32760064010064,19.645087396254628,67.54719867324033,42.877758237133236,33.033708339151886,21.756421004572886,45.36436450975925,11.149629305879305,130.76629188712522,12.305439814814815,22.769833754208754,4.857969576719577,70.89286162799267,4.731428872053872,3.759999838124838,13.417647820369595,4.483055428367928,12.3414797008547,40.75388933982684,4.803661616161616,15.662004469296136,4.152529761904762,5.679220085470085,7.0675981040564375,14.9806976010101,6.946263227513227,3.0688694985569986,7.137140059015059,9.680589705534882,1.4438657407407407,3.1160714285714284,1.6076388888888888,27.247184143017478,31.34195752164502,13.219733584316916,3.8275462962962963,0.9703545875420876,5.509837074017181,2.4575617283950617,56.052216109507775,4.1438492063492065,2.5497685185185186,10.095436507936508,0.7638888888888888,4.917519165671047,28.075877825877825,2.5342261904761902,2.7077546296296293,2.083881578947368,8.254850184537684,7.17092803030303,0.617739898989899,3.009083894500561,1.6666666666666667,1.92645202020202,41.06248121091871,3.59375,0.5641233766233766,5.617758784425451,14.106023027898027,2.1170300353768097,2.001736111111111,2.954861111111111,21.67883896084501,0.0,0.6241883116883117,0.0,0.9791666666666666,0.703125,2.892361111111111,3.4541771885521886,12.319579725829726,0.0,0.0,2.19629329004329,2.1724537037037037,0.5032467532467533,2.04274515993266,4.870738636363637,0.642361111111111,0.0,0.0,0.0,0.0,0.0,1.7230902777777777,0.0,0.8072916666666666,0.7697172619047619,3.2977430555555554,0.0,0.7758136924803591,0.0,0.7274645969498911,0.0,2.094809704184704,2.2155934343434343,2.6602994227994228,0.5266203703703703,0.0,1.8489583333333333,8.949615199615199,0.0,8.835648148148149,0.0,0.0,2.2026289682539684,0.625,0.8032407407407407,0.0,0.0,0.0,0.0,1.0416666666666665,0.8506944444444444,0.0,0.693287037037037,0.0,0.0,10.713668656612205,0.5833333333333333,0.0,4.296085858585859,1.0069444444444444,0.0,0.0,1.484375,3.3972800925925926,2.189179743867244,0.0,1.7897727272727273,0.0,7.035416666666666,0.0,0.0,81.44536761463844,5.77252435064935,1.267361111111111,0.0,0.0,0.0,0.0,0.9821428571428571,0.7291666666666666,4.338383838383838,0.0,0.0,0.5637851731601732,0.0,0.0,0.9114583333333333,2.625,0.8883101851851851,0.0,0.9467592592592593,0.0,0.0,0.0,0.0,0.9335430194805194,0.0,3.0416666666666665,0.5208333333333333,1.8854166666666667,3.125,0.0,0.0,0.0,0.0,0.0,1.0863095238095237,0.95,0.5300925925925926,1.3556547619047619,0.0,0.0,0.0,0.625,2.0787157287157285,0.0,0.0,0.0
89.84105283150967,32.914658907569866,33.47156078175918,11.059361728096983,23.270156736819896,15.938002846234879,10.171761869618242,34.00031248509929,11.265957698876887,16.315311614949294,3.788942644260696,4.863185973176039,22.22646417650045,4.909734483647527,9.355286726491913,7.619624794624794,31.91217787255783,7.0984480797886595,3.8194800422336654,15.957406888232367,14.314413665186906,15.819118371909102,4.82650521496945,8.029976199362595,5.65675639708867,4.798415418524114,9.605862439118448,1.2316877629230174,8.649615276560583,11.20685555508925,8.189895212308723,3.1088431831185455,8.623363833454412,2.1759266736914,3.4546049847227382,1.838767062272497,5.7489344076119435,2.587723850454718,1.3930701245918637,1.7513857772009946,1.9296071300902218,4.114434788440518,2.8903848694609566,0.9753672289904174,0.7627701582656825,0.6101449275362318,7.404022814047066,0.8097980924067881,0.0,0.0,5.731946596572298,0.7061733556298774,0.5763888888888888,0.5332590115198811,0.5075818572195384,1.8964346129493395,1.6166388697185798,5.896949934886834,1.4805516768560247,5.53380535019265,0.8532440766622456,1.4586111799276051,0.9359810354507059,0.8714856439494121,1.9316440604484082,0.9225240290457681,0.0,0.8456752036915081,1.045107091982092,0.0,0.6008596777618517,1.4869642845186324,5.245527704292022,0.6809894681271492,0.844562023004052,0.0,1.3147456612130526,11.898010139173927,1.1022830024480912,0.0,0.7176817285512938,3.8228873492139037,1.7412189762733241,0.9565159802764684,1.1134085606458795,0.5986905941616086,1.3843550071810942,0.0,0.0,1.1704498534208678,0.0,1.4434796119578728,0.0,1.0548538337668774,0.0,3.2974897217650843,0.8077290507846063,0.0,0.9731718898385565,0.0,0.0,0.0,0.0,0.7943541367454412,0.0,0.0,0.7992788461538461,0.0,0.0,0.6333320499987167,0.5240978157644824,0.0,0.0,0.0,0.0,0.0,0.0,0.0,0.0,0.8571428571428572,1.0710940820648833,0.0,0.0,0.0,0.0,0.0,0.7483597728162945,0.5943654775176515,0.0,0.0,0.0,0.0,0.0,1.139620811287478,0.5346112556257484,0.0,0.0,0.0,0.0,0.0,0.0,0.0,0.0,1.5657508121276238,0.0,0.0,0.0,0.0,0.9393315600409422,0.0,0.0,0.0,0.0,0.926177536231884,0.0,0.0,0.0,0.0,0.9574006852108654,0.0,0.0,0.0,0.0,0.0,0.0,0.0,0.0,0.0,0.0,0.5587834211022616,0.0,0.0,0.0,0.0,0.0,0.0,0.0,0.0,0.0,0.0,0.0,0.0,0.0,0.0,0.0,0.0,0.0,0.0,0.0,0.0,0.0,0.0,0.5150437525437526,0.0,0.0,0.0,0.0,0.0,0.0,0.0
1822.8046652554408,96.85309802484781,122.58825158851418,564.5604244744683,843.4539122943817,29.37679237001716,311.4946708400141,258.1633783913721,52.98889691981429,1887.223538028677,181.92302116583264,81.53001943835646,158.42787340849316,52.17505274571285,300.8097350375997,58.183353119802696,723.8437799015664,390.2774018173703,67.87091194675229,259.72831004973864,37.42014817193389,55.805220656638724,291.1977667371368,92.24813072211532,196.4809151088563,10.55480313337456,138.2430807676606,274.94148864133336,550.8202040360303,409.3007561933701,11.290777047027047,35.25803042079303,53.004978380240985,232.28924865347707,112.61840097603402,112.55371696010701,2.841414141414141,16.85460472067615,29.565799077983954,130.54255443630444,26.97965448805785,127.87664891325605,247.0237550306671,160.22428570949228,16.406679237351508,7.292401556582228,649.2315259901612,84.31009211571187,12.773912620603797,56.86909177359107,31.113285061499347,4.530973986331129,17.051927538692244,8.371254739269444,7.468042115836234,65.38359835775802,1.810515873015873,1.3344671201814058,24.853624847374846,322.3170047285944,83.39326574070788,38.28277801019398,48.34142857803572,1.66984126984127,405.94053592145974,28.102328616631837,6.765948601662887,69.38257679399136,83.07699743585597,10.06096681096681,34.85279081718157,35.33335738335738,485.90690355590567,1.1914134340604927,26.254982072471567,26.838774299541104,2.3670220427352224,4.0044372294372295,5.298077305142522,51.02857074842369,16.8061465495289,0.8888888888888888,14.231909041782991,7.607198712280958,27.0792627793153,150.8173523093516,5.696248196248196,4.608730158730158,10.750681896690299,3.1884920634920633,2.6710676529319204,94.66827684065079,12.087842712842713,1.4604497354497354,3.704583651642475,12.540019248440117,6.961339586339586,0.578042328042328,4.832013158798873,2.4258312079040367,3.3566378066378064,2.0257936507936507,53.52263600467382,2.973554985319691,5.262158752389845,8.533152958152957,5.446314102564103,4.533721701578845,7.943316493263972,7.187214936479642,2.096797052154195,3.53005757858699,10.692915322694734,47.24636539753996,4.39982732409203,5.166666666666667,1.833333333333333,34.66643628378572,3.044686577039518,2.5244133885438234,10.483699035169623,2.1390873015873018,5.797005772005772,6.168846275884091,48.90101888851889,1.3458243145743145,128.65422983749315,5.458580806059798,1.9206349206349207,2.4217171717171717,11.66539077752313,2.764190821256039,1.3618326118326118,0.0,2.5577097505668935,37.96503364360507,5.991359498344792,0.9343915343915343,1.9853476112667288,9.510313805656942,0.7886904761904762,9.060301766394204,5.027151416122004,58.67496306603449,6.031390518522871,1.0326466697790226,6.809613997113997,7.8809523809523805,0.0,0.0,2.273148148148148,15.71903234487268,0.5333333333333333,3.3681318681318677,2.5595238095238093,12.386391848891849,2.3008592325819217,43.5447534945084,9.365183295540438,0.0,1.9970238095238095,1.5896825396825396,8.90958895254008,3.9254686839770874,1.1464646464646466,14.54432115600708,22.27042920703635,0.9624961095549331,16.21261965159024,0.0,8.642828520297007,12.56806333644569,2.361111111111111,0.0,0.7142857142857142,9.861694324194325,2.9176994029935206,5.318908324790677,0.0,0.0,31.034672239136526,6.8655955155955155,1.0138888888888888,0.0,9.544318181818182,0.0,0.7878684807256235,8.982870370370371,0.0,0.0,6.8208327775554665,5.9829365079365076,5.22464096749811,0.0,9.310150171179583,1.621660886576853,1.1910774410774412,7.32017612017612,5.064998558345897,1.2310030395136777
5312.7005641497,1198.3824489840765,997.2594933556243,609.6284725283986,1082.301040066324,282.2758303769656,285.3930222389009,503.31875775199757,626.3085082827295,2017.0664696168958,162.9528079047505,174.87197159933518,322.85631026280436,241.26993055568957,349.2517506625961,79.23788723710415,1269.5738552302284,331.9593103905284,87.89497737216544,138.39360199353516,369.6217951653032,463.51576077887677,307.6903929354274,236.8379698411653,487.4034702739375,70.43930753303422,135.80929561762542,70.5821405505357,286.6822019281274,1290.5097260660934,178.2468183073068,145.1350246568094,78.31479888886221,110.63013177940925,31.425233498640615,92.46865112992933,29.007517336402984,25.801529444344922,55.386471138015644,21.67591210403317,89.74244268976403,64.91601039313252,144.40014865518933,21.553826506645134,96.53302369126934,48.645001541431235,857.211593104966,53.623663386447696,26.237560900586306,25.023716923242443,30.66689901913525,18.096549508566593,39.25466782078456,13.261066827976737,17.837928777823834,32.46418258991616,15.74552391520219,8.231691936715489,33.347245611650116,466.5151322931568,192.92247496379332,11.298417384329076,17.47440834623815,5.072172476214837,165.90391027246602,50.12143706417723,21.03592041812657,25.26846444683499,37.62436737898894,23.708330209717055,51.58246316578327,11.110132182853718,63.9558007475364,5.197590425331653,14.130660934840074,42.47996165231095,5.412103435052462,9.99034772771985,6.528615203285012,15.571429547295322,32.9698961171113,7.485840780046381,53.992687920559916,15.502322290811135,23.05570807203796,33.674660841517415,17.921322711531186,25.059970623132568,16.149527755131203,53.62860352152192,5.8333824256811875,231.50062187553465,47.73527973252238,8.640207756732506,3.7448355816215058,13.057214786056832,12.938769733806499,3.1677944354328202,1.0985970035619725,6.287072128347236,7.756200756711192,9.825209229909452,12.54919840590721,1.97523724346641,2.741207173104932,4.0952273273059605,14.784466513968624,2.3312882838656734,6.736117757613504,18.11387216178883,1.6604761378468276,8.208096866265867,2.105800775552297,17.987505250042513,1.5294656324068088,19.14483408635112,3.0666137653433476,43.332490594518354,10.85836062229251,75.53415334747682,17.534574982765772,2.016400062355945,3.3784174792359316,21.38739559052059,10.95464600022606,45.90120043922593,57.25268737946699,3.3602878748398584,6.3250640464854575,17.835904918494204,5.008999964393945,8.003680096814334,10.709089539488145,2.0077279804895336,2.5983396563753707,25.547405735879767,11.850027158703679,7.874856302855647,1.0729166666666665,1.6282831577209762,21.50308018608067,3.7456621842397704,2.396075906851769,13.962525439951138,2.1864212208960563,0.7843137254901961,4.568671962335161,4.1966139112318395,0.0,7.211539536471954,9.829248620531516,1.470734126984127,0.5617176940706352,17.916946911232564,6.487673110048588,5.630621693121693,2.067048931273069,3.6283774096274097,2.376920965823496,6.339719029374201,2.060351948193478,1.5218203598904723,11.343489812891375,4.684612840862841,3.5781053285165125,13.178626225604859,0.0,1.6431878306878307,3.4378650698416706,0.0,4.9119248806748805,5.712571372592924,2.2777388733271087,3.044642857142857,21.6140466190725,1.2768289779682591,1.5255949122944197,6.114191650569359,5.384129285371679,8.238730191541423,5.277857393164442,48.83928853363593,0.8115272339410271,7.995815648665529,3.327380952380952,2.8917007162943693,1.2831871253746254,6.084783570833773,1.01608324625566,2.3555553809637293,4.489252048781895,6.858641812254228,4.7896825396825395,20.637906676799865,1.785814218849933,1.5251322751322751,5.923973248973248,3.740224891735059,2.460484595617687,15.282836948149125
1812.0459795924714,372.33361145761063,210.4424801220578,118.93418913216011,236.2837154266882,99.65031239445754,77.7567423309489,115.17559315918542,405.4946552233713,350.7096141973905,14.248561773226887,48.47820238123524,51.128973358807265,78.57788406771233,65.31167765055316,18.679143429543174,450.329579511514,56.453482723036274,22.066044630382095,44.26961122666933,138.28495097009323,93.41679171136475,34.44749300451247,39.61557483452324,152.61230431954078,6.142800768110396,18.731621634413116,6.788997319390572,22.142555958852842,84.5617652406611,43.50805618122631,19.315829520675255,4.783852423846539,17.180591781679198,16.26591599908249,17.35889178240974,9.331718056577278,14.419977106540774,6.304998096775162,10.14140394952619,10.402444147988767,33.73027129204562,12.8548761635539,10.654698895135068,3.0698715572880957,35.20751496347388,274.84872770838103,11.714970387515542,3.7858683625988903,6.942256933591164,3.788615519800725,8.837363435448207,9.393011906791637,5.664791396277094,4.247201330459013,1.207564542967293,12.385954814948962,4.222973422300467,5.5212667648768985,11.240451387075248,12.125148575110977,3.420977559862769,5.618393671743282,5.044869444778347,3.8813773444734436,3.904642294172127,12.985621597263512,9.888181300241417,2.96280708348144,4.555992242208709,0.5789288653230498,4.644237225228654,2.8299273168502928,2.557955715456716,0.8833142084397294,10.409871498267828,0.9475655270528297,7.564175798524538,0.0,5.295932598635027,5.280839047016604,10.40791944032814,1.8837509146182616,2.651985530433806,0.9935790400076113,4.961300252644376,3.906736968771566,12.599607599971502,3.403652302359199,6.318676533181185,4.05192586559874,18.73984412777516,6.563871250131754,1.937955710075535,1.3016478573240589,1.1968532616808478,0.8013888888888888,0.669198869392395,0.7719137038841473,0.0,0.6351795017347446,1.2986835428247336,1.3321194746687357,0.0,0.5574350760681744,0.9980569133310595,1.5609190092836709,1.6764143013527248,0.6486017386656953,7.8008744566410435,0.6470276289118654,0.8819005807451186,0.0,1.9631370783871094,1.954834371977229,4.843785719454263,2.551051464771608,2.171849964713265,0.0,93.93914346263786,0.0,1.4177912703542956,0.0,0.7848421419849991,2.5090322889719268,29.869394864172776,0.6365875503806538,1.2029663260653098,0.0,1.1536418868718952,0.7409992426089209,1.8170749828077415,6.223286866042153,0.0,0.0,1.1145201027119311,0.0,2.6681596679573456,0.0,0.0,63.99604595400281,0.0,0.8906554288382019,0.7272640668245064,0.0,0.6107035051463507,5.998367810155283,1.4723574045002614,0.50828331332533,4.077472800167697,2.5081899109960335,0.0,1.0133373879022138,8.970822429583865,11.347755840878511,2.1343158657624444,0.0,0.0,0.0,0.6940153182236222,0.7767316367116119,1.333022494273837,0.0,0.0,0.0,1.0802329265039348,1.3716188856494977,0.0,0.0,0.0,0.0,0.0,0.0,0.9410714285714286,5.070524606625943,1.1395986966215057,0.0,1.77171868747499,0.0,2.2299561822960836,4.568907835664205,28.232930947157982,0.0,7.051690481979597,2.4681232882763493,0.0,0.0,1.633767022104188,0.5083491950295568,4.087922066497893,0.0,2.2175987951111105,0.5,11.615866723084768,0.0,0.0,10.365210628149411,4.028856291434322,0.0,17.17375343805258
2002.33383216769,626.5729262482948,396.24718247911795,250.65249464566017,386.69589907723116,219.72449480637727,243.62302644107538,730.8384109521236,21.60976302185067,300.7127412728721,12.77508090778399,39.082865849689156,129.91916811134067,288.74576165262454,48.72648599271222,29.007148662321075,484.99276193841627,28.11437226405714,28.23433223635015,178.78699488825174,67.42353728975839,169.2139035906701,7.973055889022275,67.25171604297421,295.8763920034283,24.28424586031471,27.470760233918128,9.262406095787723,40.94278666882984,39.252506500477885,22.95677801034944,26.87686358652773,24.030063566044227,21.9119656789004,14.562506685691803,25.917268626564844,49.21516310970073,4.410842425548307,6.619966012823156,1.1604566068851783,66.22197938580267,0.0,48.6996530500481,19.12527007173105,4.700184846018179,10.053530503110334,1.2891156462585034,17.990187462544828,6.416528951647999,35.00017355427019,1.601230559563893,0.6714766714766714,0.0,4.869711600748753,1.0892857142857142,2.7641451361689455,0.0,46.76498007712335,7.416305916305916,47.6057301153793,2.1656701563429315,0.5650252525252525,0.0,9.259241854636592,19.023899683255667,1.5446643303786158,0.9072871572871571,1.1089638652663862,2.781385281385281,17.219576719576718,7.105929054237325,0.7034632034632036,18.35736993580131,0.0,1.5881003916718202,0.0,8.024482924482925,0.9047619047619047,2.1335978835978833,4.242516318273127,7.908820346320346,0.0,5.3274647547646214,2.546642441379283,1.7189269064269064,1.9808970791113647,2.21031746031746,0.672077922077922,3.7674849401039876,0.0,14.920634920634921,55.30525063560778,0.5339635854341737,0.0,1.7320261437908497,1.4304261914556031,0.8333333333333333,6.116968128872891,0.0,1.9740189464215439,1.9505718954248366,9.220864103217044,2.004204280293209,0.8928571428571428,1.693056943056943,1.497113997113997,9.962262682850918,0.0,7.144699694576541,0.0,2.1284271284271283,7.711635860484544,3.0960283103140243,1.0350340019457667,0.0,1.488095238095238,2.2736291486291482,0.6767161410018552,0.0,0.0,0.535567373802668,3.7226890756302518,1.8176475910263505,0.0,31.888888888888886,0.0,4.07071926118784,1.4757268874915932,9.430735930735931,27.28815647072226,2.2617243867243864,0.0,0.0,41.024792833800184,1.3391753605262922,11.578161879260684,2.0436507936507935,0.0,0.0,2.8095481536989717,0.0,0.8746693121693121,1.898577612863327,0.0,6.243578492002861,0.0,0.0,1.2113095238095237,0.0,0.0,0.0,0.550595238095238,0.0,0.0,0.0,0.0,0.7463369963369962,0.597041847041847,4.464285714285714,11.606283422459892,1.025297619047619,20.727272727272727,0.6743197278911565,1.367660525748761,3.809523809523809,0.0,0.0,0.0,0.0,0.0,2.2816859066859068,0.0,0.0,1.0158730158730158,0.0,0.0,0.5882352941176471,8.252848683883167,243.69337251646365,2.3058992115364663,0.0,0.0,0.0,0.0,0.0,1.625,0.8495670995670995,0.0,0.0,0.0,0.0,0.0,0.5720470006184292,0.0,1.1989280560709132,0.0,0.0,0.0,0.625,0.0
2159.5490065694758,710.4866977790732,1005.3331703336917,541.9804079810744,704.7284637663571,211.28043628425655,204.48994774887868,881.4059943372373,138.99571017225682,718.4838781373377,106.97795844418336,129.47439095244823,578.1319647505833,256.69600402561144,267.4216869702206,141.30286139054522,624.2598588673965,99.87151665065134,126.59112857041814,357.6078437970026,322.71491999535544,430.2567444765502,55.08870126147922,264.42995460240473,337.4373092240642,167.97046170617497,269.40866056346186,114.11833785484271,282.11596067295966,371.2265123647612,68.28582369091264,99.15310878498218,219.82415489061802,186.02588159349926,53.96714223868156,82.59385618420244,112.88505312277478,46.399668931517446,39.80528968834329,54.4611767804969,89.81307547955122,137.32242326160755,139.43337950191636,160.33612633417354,30.288862076514462,44.90064112601562,61.7021119571117,20.36045346176701,48.48652867746538,47.204683044715466,103.66591709835325,34.045637132593654,18.471385776532834,37.54052294402891,22.829508405616675,65.24596133441233,74.41687798245769,161.9260735584635,61.03361865647529,112.15367273317277,66.88409336082034,28.897446899400578,63.699383074588035,31.887689347653115,124.30937091632069,21.38548699200873,19.585282872710277,8.677024410040714,92.6046725848459,38.73418209876543,15.886454008086574,33.29797618928054,179.17601567281102,44.137504018391695,40.86337336779579,8.22190061209669,13.160919703220427,274.77062205431037,72.75721025112534,30.534785397104237,37.225563121849355,30.24517570900226,82.7920514725715,28.790243595254083,21.22289038691692,41.06692172078734,48.89398969438931,48.84339312648136,19.535586774113344,24.24237445659547,10.465511204481793,45.832419874672645,2.308752204585538,23.599309301139012,2.4809399202515143,41.615095958121316,20.40546351494064,35.606037517858944,13.626076107081008,8.367749617749618,20.014368045413796,115.09379698901758,33.86527237908046,17.84296524785655,11.531538317255139,6.227513227513227,30.02325176865618,4.801283360566448,18.081460255746272,29.110405571715095,24.4868954348121,32.7536377735087,27.43773879723492,6.969760064735555,1.6283548688439993,2.261904761904762,21.810460758377424,11.539730920858371,1.4793028322440087,2.0571428571428574,19.64574523882388,41.680367867867865,21.147302466915637,4.097949514253862,0.0,3.296835461237635,34.67966566357888,14.584940874343047,24.45770969999444,23.692019400352734,7.751267636684303,6.093752396288628,17.780919312169313,60.35714890439606,15.342050185613697,49.529950693727784,3.5054991063686716,6.439463487982071,11.364404982187825,8.772141121405827,0.0,9.701742919389979,21.044836699248464,6.373368303568644,10.14363473983572,8.779056289925855,7.279438405797101,2.887984360410831,33.674042110927964,0.0,9.413910934744267,12.805356294939628,7.775551994301995,0.926177536231884,0.5590277777777778,19.60432769726248,3.4107142857142856,9.068919096680354,11.03610438891457,48.52857920946156,2.03125,18.463657053730582,19.987003348038087,14.40716049382716,4.636904761904762,1.264957264957265,0.0,12.056599754516421,8.270089638109672,6.079616754435595,6.027241677772723,6.715834660074856,9.377812342885871,10.674642079053843,3.0472524154589373,2.5308641975308643,2.185822597960279,5.639825837742504,7.841026688453159,2.297478864734299,0.625,0.0,1.5269390767579172,1.8425925925925926,3.5694444444444446,0.8798812399355878,12.08590196044906,0.0,1.1652930402930401,0.0,0.0,0.0,2.0031389906389903,0.0,18.303874559082892,19.458731854565187,0.0,0.0,8.301412441853618,0.0
3307.593538420043,869.5484160498876,965.3164783948424,573.6180157151991,681.785451958458,634.7894413386032,253.53423143251422,1327.5037101271446,55.18579222140928,738.5556049606937,45.703987798823235,144.8668965812514,188.59825064373203,542.4579828056545,110.76985508277248,42.13322501878959,1353.8270880074117,56.66445479707034,106.6333566188304,278.5535652081046,88.86903912685685,628.5220725731037,15.748265973055888,199.91445651212223,510.47047255328613,59.11308572959575,61.108270313707614,25.972567938302504,144.01821523672163,133.61173620245967,47.11552343159486,54.749359554611935,47.25884280501254,52.68051236849051,34.48335707713043,71.57592550423432,272.66331635895693,23.46774671407024,7.445040187792288,6.736641247408054,144.12463368955991,0.6746031746031745,126.31033770852687,131.12922090031424,9.068707254981765,14.481664256611735,2.1407146191810056,47.78865984392162,20.252855982460325,48.95467488083034,4.017196946118514,0.9353655603655604,13.037433155080214,9.903245468841444,6.471959617180206,3.5086340713441553,1.1219336219336218,106.39273117756352,15.648254251195427,98.24223790031145,8.67547407791156,3.0391815817235983,0.0,10.342575187969924,59.772354519735714,3.56847385418814,3.197858840505899,5.491900373202894,8.577487055428232,14.151124338624339,12.124486477206512,4.106240981240981,65.48116450413369,1.8944805194805197,3.956972940691428,4.9265084821807505,14.257022607022606,2.9047619047619047,14.87169312169312,11.738431350952865,11.358650278293135,0.0,20.88322231419865,8.23830910804595,5.747083168931908,8.483389871099956,1.676003734827264,2.0339317545199895,8.234463398153874,1.277534965034965,14.00360644257703,57.64500320330152,1.056547619047619,1.0432900432900434,3.5416666666666665,3.959429459429459,1.4477124183006536,2.210325343553635,6.610185362023597,5.432352279754877,9.226953281312525,21.853100331041507,9.12416129087522,1.25,8.831959298871062,0.0,18.51642237120178,0.0,14.520274283386424,0.0,2.2554112554112553,8.091265490114173,9.910843125128839,3.192305243775832,0.0,2.7380952380952377,2.8986291486291482,7.122794572374405,0.0,0.0,36.19643338687457,3.428571428571428,7.287418832856416,0.0,29.999999999999996,0.0,24.37756988605317,5.016897522412228,10.493060860707919,22.504823137388925,13.354198876520305,0.0,0.0,41.353994514472454,4.596377104860389,30.65656968469055,3.621031746031746,0.0,0.900261544011544,8.199907630823155,0.0,3.8352085278555865,3.093722337419816,1.1921820010055304,12.236588195884414,0.0,0.0,4.367647058823529,0.0,0.0,0.0,7.5392316017316015,0.0,0.0,0.0,0.0,3.365384615384615,1.1264536117477293,5.122222222222223,23.623167954050306,0.0,0.0,2.584630005848493,10.539287509875745,8.362193362193363,0.0,1.621482683982684,1.4383116883116882,10.498137891520244,0.9163059163059162,1.350663497722321,0.9516170104405398,0.5054139079874373,1.1629318394024275,0.0,0.0,1.595238095238095,2.132394138428621,548.8672920778473,5.158840388007055,0.0,0.0,0.0,0.0,0.0,1.3125,1.370400432900433,0.0,0.0,0.0,0.0,0.0,3.2645073180787465,0.0,3.698928056070913,0.0,0.0,0.0,3.8520180799592563,0.0
1046.9902528190053,376.4824822797644,267.99721443586964,52.370841838012346,281.3069539540677,48.96805531720813,82.69252596420536,206.94260400036643,37.80242554731103,137.9714008836757,76.93623736564038,40.26130062616068,132.19376505277802,60.62775393501595,94.84368069945434,46.96038434041478,146.4610020656578,10.335282821991617,39.76132249630601,299.21179297406536,190.84163795691953,106.91647950111467,12.477448715447947,288.910831627435,83.33079857848344,90.64155302334082,175.12938010134206,3.2958228665073905,29.431443505185136,36.4134872163729,3.4493464052287583,32.96089239535173,65.24019749657232,21.239768894962147,16.64014041141057,89.55228231020959,2.204840067340067,8.18368205868206,12.10307895496971,0.9046840284935522,4.676588362617774,6.4549033482857014,12.469159875311046,202.4618221017948,5.639690170940171,4.848821818667541,0.0,0.8634860509860509,3.4999871160585445,1.1192301415515702,4.105296664120194,6.951659451659451,7.592983405483405,8.904892570284332,0.9584223646723646,0.646902700474129,2.932900432900433,147.01418539379384,3.4120024175171233,7.718310576316605,6.529939382349021,0.0,0.0,1.5716407775231305,25.34867464429648,4.586176389747818,1.6025515329950815,2.5092764378478662,0.0,1.1362433862433863,9.578389815522169,0.0,3.3834776334776335,1.118156353450471,2.4991168184445494,1.7464970836819578,0.0,17.90605534815609,0.0,0.8445759693070365,0.0,1.1458333333333333,1.3770854832515822,0.0,8.728533664136132,4.159733089039811,6.065560134310134,0.0,1.1064483874357824,0.0,0.0,0.552051123479695,0.0,0.0,5.493055555555555,0.0,0.0,10.360233516483516,2.349057804940158,2.50578799012718,8.62577160493827,43.07208697937986,3.8628447170113835,16.159177559912855,8.465883768569963,0.0,0.0,0.0,0.0,0.0,0.0,8.749067173796275,0.9618029029793735,0.0,0.0,0.0,0.0,1.15676607343274,0.0,0.0,0.7965367965367965,0.0,6.351794522522813,0.0,0.0,0.0,0.7106037701275796,1.9144420394420392,6.678710218202628,0.0,3.367026355996944,0.0,0.0,7.387025497674363,0.0,0.0,0.7658730158730158,0.0,0.5787157287157287,0.7878208101422387,0.0,0.5555555555555556,2.655122655122655,0.0,0.8833874458874459,0.0,0.0,0.0,0.0,2.2222222222222223,0.0,5.762470746845747,0.0,0.0,0.0,0.9635416666666666,1.5465686274509802,1.236171236171236,0.0,5.749327101319511,0.0,1.25,0.0,0.0,3.269230769230769,0.0,0.0,0.5341015193956371,0.0,6.740196078431373,0.6774891774891776,0.0,3.938311688311688,0.0,0.0,0.0,0.0,0.0,0.8541986687147978,0.0,0.0,0.0,0.0,0.0,0.0,1.6666666666666665,0.0,0.0,0.0,0.0,1.0649350649350648,0.0,0.0,0.0,0.5988455988455988,0.0,0.0,0.0,0.0,0.0
1420.4152536413217,398.32481626096916,323.8452368906571,216.36312515960597,129.31110839682643,161.25727954161297,371.14626831358197,501.91862946297294,22.90969893809206,318.8805537951738,19.684887422982662,22.025418991803704,103.14116751716361,491.0623482480037,59.78342476353128,11.98554372404947,303.70304433508926,23.389210987425272,19.49745179207376,237.87073396145158,21.27804524160527,123.70929234746237,2.0620433358528594,57.45414595692373,311.09064027633667,18.190814774430063,16.63998393852195,14.358085108133402,54.41728047869947,38.05478254557606,13.39871940229083,18.21317075249176,19.62537345147279,24.526604126872183,7.6544495057047985,7.9811132559732,46.211307977904426,6.410842425548307,6.463629404105594,6.612617100712338,45.16916908789433,0.0,15.774829416891132,102.46053099339548,7.3994793786460455,4.3283515426372565,1.6347946586041824,25.45750068862998,4.770731693350741,21.504141808238447,1.0119448452781787,1.338143338143338,0.7403198653198653,24.035004599039684,2.7189153439153437,1.3710675347580108,0.0,36.79754310233343,7.530492141603252,28.77329806848647,2.843268973647631,0.7297278338945005,0.0,61.352809106098576,26.370763561328694,3.3502198859341714,3.6450737534070865,0.7359479922505132,0.0,13.86331569664903,11.118727253439033,1.0923520923520922,31.50917842747908,0.0,4.5109398978446595,0.7681219794315032,2.3933982683982684,0.9312169312169312,1.7169312169312168,7.835653573175088,1.0302028218694885,0.0,6.4898246304887905,4.741395527799036,2.221131491964825,3.212006401887354,5.2559523809523805,0.0,7.2084087282499985,0.6108682983682984,4.897222222222222,84.58162087031134,4.012125220458554,1.0432900432900434,1.0875220458553791,2.574839512339512,1.3256172839506173,7.575301462206224,1.8537758537758537,1.3073522797548771,2.594172545561434,25.423553933357855,3.3700262426063996,0.0,3.459529153973598,1.5588423921757255,3.4329466829466826,0.0,2.5942146857581996,0.0,0.0,45.8911123294347,2.8892381868572343,1.677009310587742,0.0,0.0,22.464987173320505,2.460666758285806,0.0,0.0,1.6736781736781736,3.428571428571428,2.028591617759851,0.0,0.0,0.0,10.45564618369646,1.808398845163551,18.157146865480197,180.15251644473136,5.7138848805515465,3.287153067854822,0.5224867724867724,114.2523060613134,2.575667263684862,38.12766130866208,2.1649029982363315,0.6597955421484833,1.6718664822831488,3.1104392703795622,0.0,1.7450396825396823,0.0,0.0,1.3963544171877504,0.8597883597883598,0.0,1.2113095238095237,0.0,0.0,0.0,3.5370624745624744,0.0,2.619047619047619,0.0,3.333333333333333,0.8821394654727986,0.597041847041847,1.2703703703703704,13.26641414141414,0.9558531746031746,29.477272727272727,2.54623330813807,1.2149929772478791,0.0,0.0,0.0,3.4189113355780023,3.381353214686548,0.0,0.0,0.0,0.0,1.0158730158730158,0.0,0.0,0.0,11.009638807339957,364.2717558777417,1.325507054673721,0.0,0.0,0.0,0.0,0.0,0.0,1.8063572230238896,0.0,0.0,0.0,0.0,2.5244200244200243,1.0720470006184293,0.0,1.9683284088045991,0.0,0.0,0.0,0.6990740740740741,0.0
1044.6136489351118,308.72291522990145,622.8713998467177,159.38368434376164,153.0520378458699,109.49281106256117,114.41572560749579,645.8407448110752,32.531182044004986,320.11270934673723,39.21290261766452,97.44652071334401,147.42566773916383,124.3254717709376,80.92268113743677,61.681692482698224,596.8316709188693,13.055607091321376,28.19743471121733,72.3373077426087,78.1154921311355,153.65290810467462,22.42205215419501,96.54928122289233,80.3352825682012,18.162688904198927,38.93167293233083,29.965779111660737,65.30262365918153,82.24662850825536,12.177771600093028,9.429039760027434,110.10179134806613,44.77805406582212,8.673617796802915,19.079878688071965,25.903137444733893,1.017985282691165,6.130355424998282,2.6187899402185115,30.266957487766067,2.3650793650793647,27.411954637349687,46.39709546855645,4.269629290462624,13.235924293960007,2.876417233560091,8.65288587524324,19.88315954327859,4.992237046333685,7.529801988135321,0.7964766714766714,3.2866161616161613,6.032902331586542,0.0,3.4369846423417854,1.1219336219336218,463.93740601719634,6.19011544011544,36.837231049086114,1.9636393440180013,11.520292207792208,0.0,9.00924185463659,9.848092687963376,2.544664330378616,2.673953823953824,0.0,30.279401154401153,3.4695767195767195,8.353944927253197,0.6479076479076479,27.42961550069393,0.0,3.5246083281797564,0.0,10.619324194324193,0.9047619047619047,10.330026455026454,8.002320239841755,5.708333333333333,0.0,7.690209852803837,5.61330910804595,0.0,2.212948361162647,3.1448412698412698,0.0,4.184151606770655,3.3330905205905204,5.024358974358974,55.33827316863031,0.0,1.0432900432900434,0.625,2.5913739038739037,0.5,3.4336347955395574,0.0,0.6302689464215439,14.773809523809524,12.389294733044732,3.115315391404321,0.0,10.637806637806637,2.340795914325326,1.6335978835978835,0.0,5.7046813795582265,0.0,1.7857142857142856,9.83266760651629,8.515009791795507,1.4517006686124332,0.0,0.625,7.273629148629149,7.010049474335188,0.0,0.0,10.357871295371295,5.4869047619047615,4.956536479915239,0.0,1.0,0.0,11.093478364829297,2.118584030348736,27.72041847041847,15.53815647072226,11.892676767676768,0.0,0.0,132.05888374289108,5.894425665776597,6.3206832467820515,2.867063492063492,0.0,6.351650432900433,3.1537941854450033,0.0,0.8746693121693121,0.0,1.143162393162393,1.2744408369408369,0.6452380952380952,0.0,1.568452380952381,0.0,0.0,0.0,4.217261904761904,0.5252525252525253,0.0,0.0,0.0,5.627289377289377,0.597041847041847,2.9892857142857143,38.372946497946494,0.0,0.0,0.6743197278911565,2.548216081304316,4.625,0.0,1.1452922077922079,2.9761904761904763,0.0,1.0353535353535352,0.0,0.0,6.216810966810967,1.0158730158730158,0.0,0.0,0.6666666666666666,6.157015350549833,172.52076110010222,0.7005070546737212,0.0,0.0,0.0,1.1111111111111112,0.0,0.0,2.453733766233766,0.0,0.0,0.0,0.0,0.0,2.18315811172954,0.0,1.1989280560709132,0.0,0.0,0.0,0.0,0.0
1284.713221450933,267.4533752352403,237.71876885640648,115.71209102019486,294.03955284161214,90.03902283121134,42.89254294626448,198.91461790149964,313.77065230984067,217.68637348518175,31.238981846980295,41.2166907447236,134.5891748079443,228.93099597251597,63.89325787588339,32.49524283939258,208.28426849995617,123.94861547914039,38.59644757438798,31.432641075360944,166.1173121858755,78.31981288811916,84.96772940391553,59.48089761755758,24.066019217760335,12.166041744376583,60.48069896627554,21.85149731939057,27.267118283782814,14.763154129549989,79.41047740664003,20.533839519935253,2.4644696461304276,14.235087517424935,16.6046208636194,13.978515187327263,9.735157210016432,17.60689574345941,5.142080921357987,7.762160166992934,8.41926343980806,18.91623232175665,13.581617786128856,1.8525150586375077,1.9383018923850976,32.22126140222032,134.9330572360045,6.464458553670376,13.190756529987057,18.38145005041586,4.655318261503467,21.798079448278557,23.880518409004022,14.088905510648562,5.549046167720517,1.8524058128085625,30.236379609452705,24.793242042569087,9.573755942366075,4.6278972745211355,2.0841432841056866,3.0069275575774728,4.475059909988468,4.2741357924657475,4.614010208685255,14.612903214442852,6.9694550296263555,25.925332806142922,9.063276058950416,7.332711818928286,0.6381881245823091,27.053959447450875,1.6699625902188995,10.277091517925852,0.9944253195508406,15.001807506541555,0.6883062677935705,2.28639802074676,0.0,3.8792659319683604,3.5562129786405356,3.175035146259636,0.634742978110325,1.0275146309629068,0.9935790400076113,1.627966919311043,2.799594111628709,13.625706501070404,1.1119856356925322,1.0505141400187923,9.661402989781747,0.7292621171931517,2.3849407035541486,1.937955710075535,2.8167993724755735,1.085131649959236,0.6228174603174602,0.669198869392395,1.4293211112915547,0.7666153763092538,0.6351795017347446,1.8542390983802894,0.5853246028738639,0.7125087812902938,0.6500276686607671,3.7341680244421704,1.7683264166910784,3.10696985690828,0.6486017386656953,4.667351729368317,4.031286888171125,0.0,0.0,3.240914856164887,2.849014266157123,2.2306904813590247,2.517184469697716,0.9522732451365457,0.0,114.29546793940682,0.0,0.9261246036876289,0.0,0.673731030873888,1.2590322889719268,5.325112757390668,0.0,1.0571329927319766,0.0,2.010479493709502,0.5326659092755877,1.7277663747491334,9.177143194898482,0.0,0.0,0.0,0.0,2.325567075364753,0.0,0.0,33.632034964991824,0.0,1.691729354912128,1.1194738685170667,0.0,1.9146250737738018,8.498367810155283,4.394435326578184,1.0082833133253302,7.487352850672748,55.06892778423391,0.0,2.8089723085371343,2.454949413710849,7.630517986140656,3.1872259186724974,0.0,0.0,0.8563218390804597,0.0,0.7973665573465326,0.0,1.195161721464849,0.0,0.0,3.798035956806965,1.559118885649498,0.0,0.0,0.0,0.0,0.0,1.353518788467768,0.7535714285714286,6.837780498881836,9.152950622473432,0.0,0.0,0.0,0.0,8.603044313221735,10.546026185253218,0.0,4.156926417259393,0.8014566216096828,0.0,0.0,1.8096929480301138,2.730571417251779,24.24192898550481,0.0,5.349142933234195,0.0,1.2541290455576168,0.0,0.0,6.779197875469992,3.5459503085283397,0.0,5.9031329766426435
466.35978564705954,87.15819298908472,121.00627919738125,67.33421529009436,129.0763356359307,66.49128326864934,50.42284728524658,55.190904962104405,117.43952889042174,60.51435980717659,5.6562430437227516,14.1275288809515,157.6771468480723,98.69097233096707,30.274704485329483,27.629660481714055,97.73598283764183,28.32901520947181,13.688986998451284,57.46342654394419,132.67075890012902,54.81590857706071,39.44953184657054,56.84590992544189,12.042773168189834,1.6158339345839345,56.35934540767874,14.26834529007148,42.979483024691355,10.354199546700974,35.97749287749288,17.04142142336777,1.3090739834746683,23.154876727008762,11.415263069451665,26.740801582125986,6.519990079365079,12.98470963064713,21.03310761658976,24.40156178973143,26.055783403104833,6.450575998392779,18.196958474175737,6.036677589385922,10.925449383256991,18.67400214809441,40.1190437278665,5.417013888888889,16.667608591465612,10.87966575091575,0.8549933862433863,14.53475388037888,31.60510476626548,8.157261904761905,6.876556431333217,0.85625,1.8947420634920633,8.206349206349206,3.310763888888889,0.0,0.9850777116402116,6.470543345543345,2.7370926196819054,0.0,2.5213420838420837,9.631696053459645,12.331418905168904,11.602930495430495,0.9892857142857143,6.198318492453766,3.5166290969515854,15.355490599017385,0.0,1.377662037037037,1.8940641534391534,20.618162284144425,1.6281911375661375,0.0,0.5669261294261294,3.149421231582435,0.0,1.6196443602693602,1.1373567019400352,0.0,0.7916666666666666,0.0,0.0,5.50786328420257,0.7351438492063492,2.3729675417175415,0.7807666870166869,0.0,1.077959656084656,1.0102513227513228,2.3605171327790373,0.0,0.0,0.0,3.930295838420838,1.4473875661375661,0.0,0.8705357142857142,1.0213984703568038,12.412772605480939,0.0,1.6738440957190956,6.838485650152316,2.3446180555555554,0.0,0.7450974396607958,1.8002638234781092,0.0,0.9787164224664224,1.7862813938706796,2.025915750915751,0.6537698412698413,0.0,0.0,7.349116591080877,16.79490164927665,0.0,0.0,0.0,3.182638888888889,0.7248677248677249,5.763561958874459,0.0,0.0,0.0,0.8221500721500721,0.0,0.0,2.311953916834054,0.0,0.0,0.0,0.0,0.0,3.458293178382464,0.5065972222222223,4.1193474207172835,0.6534391534391535,0.0,0.0,0.0,0.5168463511736505,0.0,6.299801587301587,0.5595238095238095,0.6247271825396825,1.8538359788359786,0.0,2.9166666666666665,0.0,2.8027014652014652,0.888558201058201,0.0,0.0,1.0792824074074074,0.0,0.0,0.0,0.8680555555555555,0.0,0.9052166005291005,0.0,1.0986507936507937,0.0,2.155191798941799,0.0,0.0,0.0,0.0,0.0,2.9097222222222223,2.017815806878307,0.0,0.0,0.0,0.0,0.0,11.436323768823769,0.5536954365079365,1.244675925925926,0.9474206349206349,0.0,0.0,0.0,0.0,10.83428724053724,5.081018518518518,0.0,0.0,0.0,0.0,0.0,2.1892230289551717,0.0,0.0,2.4542072510822512
1012.357860260159,291.15052535094424,396.3064900428485,160.5467305417341,159.84471455358997,76.39239483895471,110.98164896521632,217.03399831722416,53.32298584339761,356.6567920820512,70.41317299847937,75.98549437237166,199.1482293886895,133.35154856588235,135.0326260313366,30.27562505465116,233.22192530493953,45.05353444589439,47.441404035826764,173.05907325812962,122.37776966030273,182.48067790034915,21.41856050038864,116.19968605652865,136.69228245653625,42.18857232831817,68.23003271143757,21.8868743558677,109.16820681492116,172.14175806924337,16.81325216571927,28.592095412420207,80.48716732100358,88.86015354937624,18.30689402610264,29.801445259394868,59.27261236049495,13.641424658765345,16.181797660890645,14.582013479439949,98.74547341487983,15.680497312885267,75.67440844787366,35.775110004187084,19.5938941843044,12.000178787605714,41.404870127177176,14.21075683425335,18.08058164602282,14.796382302427874,4.446372030293599,6.34484126984127,3.5693465349102604,18.774476788962083,3.640612106666028,21.911866604692303,15.67137091303758,36.770266597514784,16.289481480755992,113.61882911478283,36.25988995296256,10.04502600530845,39.06910107775304,7.845072425564528,66.28908936006958,5.575139397639398,5.497534535181594,5.8068442124324475,26.952402609450928,14.252465156675683,5.966217933754698,12.41150677637022,57.792022686190776,3.3402438610771945,12.9704151824676,3.563284074313486,3.024490740740741,71.91486195713604,6.9577667977113276,29.401564637927233,12.968031628005495,3.1368114909781575,36.57807776212206,16.65887498956409,8.542986821055798,16.017097584034463,13.338636934960464,15.2923887591167,5.095776082383225,2.5438223722537447,6.125132761437908,24.67281951746304,1.1609130772191918,11.372507122507123,1.2882611125258183,20.87520846165454,11.11961463895965,4.358080979744183,3.3360999811292733,3.6495621107110825,6.638525271219599,66.80994148923604,17.56165569134599,5.380866124616125,5.556039427166878,9.205621269162936,7.724535268652916,2.064780638751227,8.728738455250458,6.317410653720177,5.204983041649708,3.030647644058497,7.9526438838938835,4.806014628073451,0.0,1.7876382876382877,12.805560643060643,7.453535696329814,0.599601977543154,0.0,7.285995916755721,5.648856658047834,3.0543225701313936,0.0,0.0,1.0471427231584123,21.470010232190315,4.913626822523882,6.0623529112499694,6.3872697903947895,2.0098505991363136,4.173723344556678,1.4447802197802198,13.211557053436568,2.373783662325329,36.38273771743911,2.547805589472256,3.2865075591097033,4.097164563831231,4.263985282147047,0.0,1.4869281045751634,3.351549662211427,2.7724265985348677,2.7140714405420288,1.3190079365079364,1.2535052910052908,2.184908963585434,8.002160693337164,0.0,0.0,2.6271038138025316,2.4711811490978155,0.7878787878787878,0.0,0.5886818495514148,2.207212386379053,1.8855025257966436,2.442445289752982,10.584429394667566,2.2224556489262373,1.2191424309264867,5.9375450393832745,4.346561115899351,0.0,1.0674348522853958,1.4419078742608153,2.975826869209222,3.204403385285738,3.1979938271604937,1.9299299719887955,0.8539242094144055,2.0837418300653594,3.895498247608222,0.0,0.0,3.171839190221543,5.243181499215981,12.514039288363922,2.195818320205575,0.0,0.0,0.7345679012345678,0.0,0.0,0.0,2.021031746031746,0.0,0.0,0.5167233560090703,0.6136838624338624,0.0,3.631674861086626,0.0,8.17147156084656,1.1716750841750843,0.0,0.0,1.1330426109837874,0.0
673.5617012001993,449.436653183314,365.7982140511387,166.61616336501015,347.7590690606751,85.32840904357968,133.7025716692703,278.4559268940658,50.612984302419285,222.66459494783373,106.05807696329352,102.61642798838797,312.36949533211475,121.38222347996847,83.75735597500456,104.64639817432607,392.66252456065376,52.49172910785164,39.9537377143017,214.74018734964565,134.86723117623256,355.54253144044173,61.778568444921824,221.8523748485552,112.93268894373074,92.79336082001501,63.295956878459485,52.73459042977794,96.0534973467903,62.030553686341,138.5032298771882,66.50132306484005,196.65957421661966,57.50275091347978,49.3861656616797,147.075778232258,107.58434326160672,13.243525916600273,31.052093478461725,23.519534276721362,24.6550238267924,95.10104277804781,25.821350250626566,110.5135526414964,16.25689587692306,49.29116156318169,4.368089610589877,45.730080834504605,9.044603475054602,10.396703019397108,33.19531800185825,122.04451633994348,3.43552613916751,5.120172590567327,8.505343219159009,6.130407087077256,31.602300935011513,162.02208722589896,3.7843614718614718,56.90475646195068,5.971710307236623,10.423644338118022,22.055652272564036,25.395026166214244,75.2967434271489,3.7769464245028153,1.5236484183613543,8.752216037930323,13.755382775119617,24.478168578497524,7.603796841703189,2.3659840890104045,14.219829973456687,11.460414585414584,3.157290831654794,1.031274072627456,0.0,33.63305298799449,25.247763931974458,6.697495904262821,5.0103714115342015,7.5202429149797565,5.8202740763830985,7.16355393832174,3.55050505050505,16.263238549775203,9.599258563074352,4.173534798534798,1.3654265533964782,7.162608225108225,1.3888888888888888,14.49726460594687,0.6547619047619048,3.0594241285030757,1.1703994042356112,4.343383468383468,2.46692455054524,29.03518572994526,2.5661122503227762,10.752570024972622,1.483902062849431,55.17020502264082,9.671564546564547,3.1952798663324975,50.52688621956135,1.7699314574314573,0.0,2.894501332001332,13.412200175125871,2.857644110275689,3.616071428571429,32.20912435176081,7.27474280105859,2.3928571428571423,1.0560515873015872,1.4285714285714284,1.0633116883116882,3.6326126359021096,0.0,0.0,1.2065434565434565,12.948569340016707,14.27545362500665,18.70390939469887,0.0,2.0960807467386418,3.447760377154174,5.684529010427598,33.66541219060999,0.0,0.0,0.0,0.5,63.63335926777397,14.517843824354713,10.91415090757196,4.266772127204458,0.0,8.394027305301815,10.406257642875149,0.8021541950113378,2.3860127894487047,5.441903647730715,0.0,2.024284195336827,0.0,0.0,0.7738095238095237,3.3176691729323307,0.0,4.732142857142857,15.013629879430828,2.4013413057530704,0.0,0.6507936507936508,0.0,8.617690058479532,6.447689299005088,1.2935463659147868,32.83761760899919,2.959468650258124,24.030508782153518,1.5040726817042605,8.448185168213236,3.3854166666666665,0.0,0.0,7.253972100024732,0.0,13.444966583124478,2.84152032178348,8.157486858379714,1.1236092124250017,1.31694767221083,1.4597069597069599,0.0,7.8830449521239,0.0,8.339073207346134,0.0,0.0,0.0,0.6160714285714286,1.25,0.0,0.0,5.564123376623376,0.0,0.625,0.0,3.7397186147186146,0.0,0.5266405342624855,0.0,1.6617282571229939,2.9930783154467364,0.0,0.0,0.5535714285714286,0.0
1234.3568131368777,385.4993191747217,367.1334648145779,150.8127368483471,407.01415365040015,217.97205442705314,222.41111018448245,332.99360144922156,404.9792962122154,195.03608106412153,57.38715332247137,150.31448638248082,363.4305436155799,200.18898416184456,71.58016774567848,64.90345365095365,348.7121809481859,163.34595664740687,64.8536710055913,123.42701194416807,261.5326176432825,170.14842047007085,97.727536436834,121.04615160710662,106.98040258115152,21.059526529635225,155.64490454430552,66.92767982641507,107.06224862535464,104.1354341986679,93.98309566925917,32.130443712219076,42.544038436629016,41.209392282157005,40.02571290458066,31.04828659366703,60.72650776018529,27.459317765798634,52.41859621886796,37.844887761327975,46.874117712100805,67.00837847702707,54.60221512254121,44.56764035619001,23.09936365735918,56.932178374753505,506.56632569634996,12.587345791621154,41.59028773159208,18.482095201497376,21.541984475360177,35.439596876553395,34.15765612473946,25.733069617580487,15.092552095314776,9.254464915979643,9.187555175634886,26.996201377888276,11.742714375268722,29.53137620039508,9.458163011611669,20.3147619735784,5.059158043627714,12.438444518408286,13.4638521532815,31.39964043116217,27.363808912755925,37.934968734235035,11.197513812245955,5.875793650793651,13.820562659964834,14.335773808328156,20.869413386511038,11.284272296409977,10.48808054152257,26.28860468235468,9.37847581994321,94.87254717621096,7.511373911539001,11.923235373054215,4.38184839521796,39.28095513019835,7.163573473627821,8.816953690714179,5.749982634719953,7.151931334902349,8.054493896069983,9.203418803418803,1.4968319975113453,4.699513639429099,8.37861111111111,3.55680031902858,7.2335714285714285,15.784853833766876,4.706312294790556,10.976227095502457,5.8800234230789785,1.2445179100158064,12.06460707502374,8.31643287893288,3.5209774793108126,0.9833142437309104,4.231398155990547,3.780465247856552,4.739938020916282,13.454422398589065,16.97518953677042,10.173424781237282,1.7870894939735518,3.8576990190085425,12.793700990367658,4.0465890352099585,3.5452564339192247,1.4672131572131573,8.909569595475393,2.901234567901234,0.0,4.8835113960113965,11.840046296296297,23.697853535353534,5.09992404839485,3.6456456456456454,3.946127906182254,4.632671736476084,3.4481837606837606,16.49094921785139,2.4334247078812297,3.1471432552954295,3.6245293908337386,6.3617724867724865,4.251157407407407,4.335324867027766,5.397642390289449,1.6951763668430335,3.7647699857844787,6.23477733686067,3.2836516636878956,4.017701222469806,4.198397687013863,0.8620726495726496,15.30947634237108,1.6960714285714285,0.5959401709401709,3.537973034349846,1.7414048664048662,5.226873750243316,3.5078685404772365,0.0,10.605998226707609,5.605158730158729,9.911322088405422,0.0,19.82655007030007,28.495688118242466,20.35854377104377,1.8114044168391996,0.6293490460157127,2.3735020409691794,3.3601784629886433,0.0,4.649216524216524,0.7222222222222222,11.168361278415626,0.0,0.8697916666666667,0.7177350427350427,0.9970238095238095,1.2474286786786788,5.202533356337704,0.5587834211022616,1.1057692307692308,0.7360941527608195,1.047542735042735,1.9425391737891737,2.158363526570048,2.280864197530864,3.2793719806763284,1.648989898989899,0.0,5.758127012882447,3.4375,7.7636111111111115,0.0,3.201499118165785,2.9814814814814814,1.0252516103059581,1.5990523131827479,0.0,1.1921448921448923,10.754344729344728,1.9583333333333333,1.6547222222222222,4.4793294668294665,6.569444444444445,1.5038194444444444,0.0,4.050813075813076,1.176007696007696,1.8639085514085512,4.644444444444444
1124.3631166972211,265.14623952354754,227.79298247956984,67.17033666888169,387.0866381972196,76.91006218042874,53.127491521946766,93.00562785831842,296.74491043641143,206.33089249697764,96.06277032701877,83.87603787907074,206.84690748531983,103.23448258615295,54.984758711792125,57.03478431643406,243.2321313199901,65.9509221028286,31.52121956165997,63.759025400458505,112.45456376470604,100.52990547827753,52.02255605874218,89.01388512655127,57.23814234552862,49.13810305569209,34.5537917482499,13.00427509716835,34.47892383933837,46.66665687680273,53.231562250320614,27.74827682841281,46.43317223983302,12.088209626797044,90.9145091464179,54.19720205601413,74.79141304568402,9.161208675897344,26.908090203943356,7.764572447694689,14.603512524057143,33.47712975765408,18.229170696181765,20.032409238531685,6.854068569426285,23.71531223442905,193.4934648022944,4.820990910202733,3.664836616567144,19.500483429317658,11.786631392816597,26.047969496054268,13.145030517266129,7.941158003526054,3.6639635944500877,1.2450719701806023,38.36142379041794,77.04704749637455,5.679996923607057,10.264260910884772,3.385069210031612,8.751127801777717,3.588784392134002,9.615044883374837,2.414115439711539,2.8490065718697384,7.177247237418563,7.9759789192890365,15.140657011331369,6.53585306239211,1.6395349259291103,4.2424515109429395,2.198534018790328,10.699169440003773,1.2999808751063961,5.9365487683661495,1.7627110296983322,13.119731354080093,3.8572779163912165,7.526587360539789,25.62565742308498,2.870273241497731,1.7553778987452455,4.08584796429624,1.8269123733409447,2.252966919311043,1.8366311486657458,20.59365521901912,1.1119856356925322,2.0782919177965704,3.52503935341811,3.2292621171931515,14.19456000582051,1.937955710075535,2.2486175542937556,2.667391982219568,5.12281746031746,7.627532202725728,0.0,3.425874635568513,1.7462906128458557,1.4549335428247336,2.6793416968909582,0.735656929438442,21.90988605646033,1.8281851184592646,7.894252342617004,19.15855715849558,17.511696976760934,3.3390689010854886,1.063694295578532,7.540864166179292,4.153263872598848,2.6853593006093317,4.385389927532785,2.1354523861209294,1.9260514647716078,4.368819661682962,1.158768658978743,167.9433345360516,1.02375283446712,7.459457937020962,1.1233037309717981,0.673731030873888,1.2590322889719268,2.0625766823545937,0.0,0.0,0.0,6.857105090335098,0.604094480704159,1.5974092318919904,4.691540834296121,2.6501797385620915,2.0799962360112736,0.0,0.0,5.641644516442194,2.5090909090909093,4.051713649583832,47.60772940943627,0.0,11.618830032012806,5.518930733491173,0.0,0.6671503262990542,3.9150344768219503,0.7580716902145473,0.7860610911031078,3.461311184006081,2.5081899109960335,0.0,0.73952786409269,3.901377985139421,23.040167108947674,8.115797347243925,0.0,0.0,1.4320794148380356,15.735501609709914,0.5444253808759444,1.7496891609405034,0.0,3.4183673469387754,0.0,8.441344037615046,1.309118885649498,2.5,1.294682383584565,3.4773339101277174,0.0,0.7848104759145037,0.0,0.0,20.74192111135578,0.5663663733891825,0.610320588005317,0.0,0.0,0.8720501993901009,4.812630779387148,9.554359518586553,4.199483330025202,11.404246105368554,0.8014566216096828,0.0,0.0,0.8930262813634472,0.6273968140771758,19.791836207912034,0.0,2.3776517051640202,0.0,1.0874623788909503,0.0,0.0,11.46384699827701,11.989173751751784,0.0,16.45158342969836
142.79785540431786,26.30997642959623,15.836805017403572,5.111519607843137,74.36515308717993,13.675693186754417,11.247759856630825,16.28219696969697,26.192210975299208,25.757154882154882,13.357129594261947,15.014320933051582,29.877552336724165,9.465592006033182,8.180796939988117,15.066942316942317,42.337593461367966,15.971771284271284,4.957708957708958,10.116868471035136,13.135711059491546,24.40831244778613,12.782815904139433,17.131265664160402,8.929400572545733,2.404236694677871,6.4754901960784315,0.5208333333333333,3.0478524743230624,2.943788870323958,15.900641025641026,0.0,8.082264957264957,1.3888464476699771,6.0,2.840909090909091,14.666666666666666,1.2976709202199397,11.895833701993121,0.7291666666666666,4.649122807017544,3.8627450980392153,0.0,2.5,3.125,0.0,19.378637566137566,0.0,0.8928571428571428,5.863782051282051,0.625,9.791666666666666,0.6675711951447245,1.875,0.0,0.0,2.470238095238095,12.5,0.0,1.25,1.3109756097560974,0.0,0.0,0.0,0.0,0.0,3.8566017316017316,1.25,8.5,0.0,0.0,0.0,0.8333333333333334,0.0,0.0,0.0,0.5783730158730158,1.9907407407407405,0.0,0.0,0.0,0.0,0.625,2.508403361344538,0.0,0.6907894736842105,0.8465608465608465,2.2023809523809526,0.0,0.0,0.0,0.0,1.143939393939394,0.0,0.0,0.0,1.1666666666666665,2.5,0.8991228070175438,1.6666666666666665,0.0,0.0,0.0,0.625,1.4583333333333333,0.0,0.0,9.049603174603174,0.0,0.0,0.0,0.0,0.625,0.0,2.013888888888889,0.0,0.0,3.585858585858586,0.0,19.77678571428571,0.0,0.5,0.9375,0.0,0.0,0.0,0.0,0.0,0.5323203842940685,0.0,0.0,0.0,1.726190476190476,0.0,0.0,0.0,0.0,1.3068181818181819,2.5,1.25,6.541483918128655,0.0,0.8333333333333333,0.0,0.0,0.0,1.4166666666666665,0.0,0.0,0.0,0.0,0.0,0.0,1.5625,0.0,0.0,0.0,0.0,0.0,0.0,0.0,1.2499999999999998,0.0,0.625,0.0,0.0,0.0,2.5,0.0,0.0,0.0,0.0,0.0,0.0,0.0,0.0,0.0,0.0,0.0,0.0,1.1507936507936507,0.0,0.0,7.827380952380952,0.0,0.0,0.0,2.8703703703703702,0.0,0.7291666666666666,0.0,1.25,0.0,0.0,0.0,0.0,4.166666666666666,0.0,0.0,1.6607142857142856
2046.941827881633,529.1997673781023,469.02227812472483,257.0908611335238,827.9853967178286,331.7099520480431,439.3802664858843,381.5611461417779,616.7351640294264,282.9949575985427,81.66479901728276,159.52100171153455,277.362389688302,278.15673461531287,218.03742566796785,101.24234296149271,584.281028906923,563.4569535957022,156.7328088982493,144.13600560752448,125.88411569425797,248.80330041951134,105.48653652272264,179.8112067272193,54.457447346083626,33.02281672165576,130.44685007880824,27.14911636700962,46.46332138623592,103.08591393147645,103.19996484861309,44.09714473324047,14.815091246752027,93.21569556678298,116.01528265852986,52.9427352265473,63.227298510981264,52.04582618030651,50.97045794556834,52.88038025100249,95.39930006984468,105.87197102749535,84.81210720411828,17.508900340022787,41.87145885887539,92.8933575159831,1673.7275058125929,5.478819193031016,17.0110667752973,26.612472135056365,33.890467371652576,67.57597911253215,38.3211321933678,98.01566798428603,34.503240330785644,16.97221655761931,25.660200245444393,50.55382659690364,17.120473114083246,12.103546625170486,11.16747661743902,21.29699614911665,6.166763126362737,12.094898363228317,16.837065175161275,82.38147410433727,10.349911378832704,26.046602739912856,12.81724431291867,21.150078651617697,15.873301159695343,14.02122135221278,12.072271392527702,10.35739030410699,7.401171351296872,36.824175030992414,3.1139015058888084,153.29229204502312,5.226596098209399,21.572451218903648,17.754625677053234,19.755193876418364,10.941885835253181,14.294181297629573,4.539264835693407,6.989078030422155,4.466260778295376,23.96865521901912,11.528652302359198,6.722231311735964,19.92396912734788,3.42767481560585,23.500020068633514,17.421421318541142,9.578704134380335,4.3710956859232715,5.338095238095238,9.530309980503507,17.068210000180443,1.031827016520894,1.0411624077176505,6.288266876158067,2.1118813794306406,3.6523235961051084,4.800821319454418,6.586783002057148,22.918561366926028,7.837128587067011,1.1247922148561715,8.616846678863267,3.5934562003404364,2.3852675841121216,2.258422602757578,5.588137078387109,9.679371409014266,7.1751349258034685,6.926051464771608,4.554004846868147,10.0159115161216,190.62991123907568,5.23109410430839,17.28088650844953,2.97515558282365,3.173731030873888,8.009032288971927,14.93883930861722,0.9143653281584316,1.473799659398643,1.6054794030979733,4.486975220205228,7.413618290227968,3.883123517606276,6.6359852787405655,0.0,8.302612070469213,3.631614119805948,0.0,3.6910256908233685,4.592424242424243,1.139676612546795,90.79277353198039,0.5504118500547072,0.0,4.457080706123904,22.274459496442255,7.956291740440468,20.730691042478515,8.813627245770101,30.019119699161713,14.53634018550567,6.952634355440478,0.0,1.2117500863149122,21.28837293463437,37.65911647098914,3.2685751250217034,1.1651825186307945,0.0,2.3563218390804597,3.6908587525670566,5.399218409198384,1.7496891609405034,5.1038918801950075,0.0,0.0,1.4968995931706015,2.2257855523161645,2.9232804232804233,12.62450533840752,0.0,4.444650587507731,1.2014771425811703,0.5697886297376094,0.0,0.0,1.3996997067225156,0.0,1.8052154195011336,0.0,0.0,12.044773636530005,12.622541336768371,7.0774595205013915,13.739563565686014,5.384789954943016,0.0,0.6444444444444445,4.080856969194135,5.686920623600986,15.104481895557722,0.0,2.199080276592592,0.0,4.33746237889095,0.5958333333333333,0.0,35.840237761509876,11.433618196196228,2.858551880522324,72.43911415948915
167.64444159391482,103.17307166769146,57.25774314883972,26.20766622438449,44.53846872082166,18.85894494725575,24.681496818593594,46.98888888888889,37.043599864188096,48.26024531024531,10.321568627450981,2.791674038036267,28.269886391558217,28.58221288515406,5.24101519395637,4.75,46.026873779814956,8.533333333333333,3.25,19.14285481543546,18.13557878435927,13.8265664160401,12.388846447669977,19.496092503987242,37.15382395382395,2.2941176470588234,25.16736694677871,7.416666666666666,43.6782998047704,36.611728184096606,4.722222222222222,2.9614718614718614,23.415873015873014,8.66687675070028,1.6025974025974026,0.0,0.0,12.48029878618114,3.357142857142857,0.75,4.065789473684211,0.696078431372549,2.7666666666666666,35.04713423831071,0.0,1.8333333333333335,6.225757575757576,7.215151515151515,2.4166666666666665,6.928571428571429,0.7142857142857142,0.0,0.580765639589169,2.2222222222222223,0.6904761904761905,0.525,6.5,0.0,0.0,14.705263157894738,0.0,2.666666666666667,1.0793650793650793,1.1523809523809523,3.5,0.0,0.5357142857142857,0.0,2.7,0.0,0.0,0.5,5.365079365079366,0.0,0.0,0.0,0.0,0.0,0.0,0.0,0.0,0.0,0.0,0.0,0.6666666666666666,2.1491228070175437,2.0,0.0,0.0,0.0,4.0,0.0,0.0,0.7222222222222222,0.0,0.0,0.0,0.0,0.0,4.292929292929293,0.0,0.0,1.6406926406926408,0.0,0.0,2.2293650793650794,6.775396825396825,2.4166666666666665,0.0,0.0,0.0,1.5,5.0,1.1111111111111112,0.0,0.0,0.0,4.0777777777777775,1.6666666666666667,6.666666666666666,0.0,0.0,0.0,0.0,1.25,3.8523809523809525,1.2683982683982684,0.0,2.1503759398496243,0.0,0.0,0.0,2.8857142857142857,0.0,1.5357142857142858,1.5333333333333332,2.7042606516290726,0.7683982683982684,0.0,0.0,0.0,0.0,0.0,0.0,0.0,0.0,0.0,0.0,0.0,0.0,1.25,0.0,0.0,0.9523809523809523,0.0,0.0,0.0,0.0,0.0,0.0,1.2252747252747251,0.7222222222222222,0.0,0.0,0.0,0.0,0.0,2.0,0.0,0.0,0.0,0.0,0.0,0.0,0.0,0.0,0.0,0.0,0.0,0.0,0.0,2.5,0.0,0.0,0.0,0.0,0.0,0.0,0.0,0.0,0.0,0.0,2.0,1.0,0.0,0.0,0.0,0.0,0.0,0.0
3109.5764805183553,817.2737654624477,777.5158613524559,754.3868624372427,749.8336910289897,314.71595239065175,314.1055151414249,528.9733261568806,427.55702517087116,1440.1934509685896,205.25850950720874,262.53943962041456,702.7972523411449,373.91743171549217,446.6827278525923,166.50046467372155,722.776498466617,225.83450159353472,214.19560201363154,257.50361400616663,560.891736630451,393.4903141447468,339.1397919726001,325.43094334113556,320.8997445728918,162.4002874650333,217.03645848432203,131.4805461327489,861.5107364900891,537.8805724155843,112.34004923898704,107.60358776150863,285.0182963103852,203.0639976025375,66.67905459709031,102.52056156634104,50.98112838151097,80.01871634855704,75.55809774969073,70.61463771794654,670.5463404852297,67.46581649106159,102.88480422817491,51.30107925552398,42.654764083049734,28.767425429852356,457.6596296746205,149.36379390445794,91.11126253920371,73.7034678172865,27.073864907786476,14.540201465201465,38.28416280329795,31.086461100946394,18.96964526456595,75.62268974800106,23.018593135259803,132.6128170990557,104.92594060986218,373.2532637252477,72.78474429839275,102.6973946683914,51.59178556918753,6.712837993330096,166.06313339960664,12.3821162624594,27.89315743080449,45.959349114937346,119.29325192509016,59.24102511693762,18.487238579775344,43.98186312403749,86.46529205067807,12.340243861077195,49.13945706025008,24.893995179218138,5.905424225245653,89.9533953191988,51.59221125189262,18.540735850721845,52.96275697540941,6.862002966169633,32.27359522328801,44.71957222883276,39.94974235318727,65.63813365774911,16.65264699897053,37.90227886900681,12.971262241759256,26.1946020768796,25.031871277551424,100.25097164545694,84.07843582869334,63.81608206608206,16.659549546314253,48.321391907837985,99.64771791008792,12.497732994396198,8.701945464621815,15.72595715815876,10.918879506930978,69.46903509171199,35.95730197799311,9.983888102638103,15.854848950976402,46.3146053134411,52.460797508591625,37.091115415086,11.798332056094058,8.064874169040836,44.82767321697146,8.960409548820401,16.99231254856255,47.79361789995092,10.691871184371184,9.485272376576724,20.226195563695562,111.58084015824966,46.93025974570092,10.889649486699176,15.583128413888218,24.218962478153653,13.60061886642769,11.245553613053612,32.98113229363229,7.527939703955393,37.30567974055719,11.438759097656156,19.318437567334627,2.0221904253154253,6.997253477516635,24.07239411822745,16.920970695970695,8.973036859034021,6.852632084285206,56.6318906177101,5.901797186110912,1.3174032507196807,9.602816319482987,16.22010389693439,39.47194091311738,3.0139122315592903,13.74440680506857,74.51214983825811,2.9170628935334815,2.4618650793650794,16.645443907943907,15.301361955038425,3.0021606933371636,1.316876816876817,9.10454170710581,2.5477387344374525,2.4711811490978155,12.143578643578643,6.569085015513587,4.370833599140139,3.999718491385158,11.348335988630106,26.54958814689584,59.948380325647484,5.504506930977518,8.889065100849155,5.496400535738771,5.612234132778508,1.3444154610821277,16.34645034251412,9.370479302832244,8.454114934190835,6.202749946132299,8.217835097001764,3.4051687854629034,8.34190773585947,9.12937675070028,43.05530510741508,3.2023358585858586,0.9541596520763188,17.58207577902956,7.551911657946141,33.60649907725228,24.12862347801073,4.2976190476190474,11.619301994301994,6.054437846104513,2.904384830855419,8.793147824397824,6.366201159951159,3.3543650793650794,4.301739926739926,1.6666666666666665,17.732864357864358,2.6944919432419434,6.169307081807082,10.20649818590995,11.862746939670016,2.774646164021164,8.495892533392533,12.316003373974388,8.330455259026687,16.884402362343536,1.3888888888888888
2084.9963393977387,1138.9833272957628,377.8442290212412,224.26532280303192,615.8441186832279,81.50840810602425,126.8002992513247,56.92663219893061,433.7706428297246,166.87724740912202,29.250559066916647,26.35798232351518,55.624021457518936,43.00971205772998,77.90749040261592,63.56963583769863,196.82737268387504,28.23710631335491,38.09756716629705,71.66296694502505,32.51320234834462,94.30519826452367,26.29797693416306,136.93716063538074,35.68039465713577,5.5155832144222545,19.93308467754283,7.285603654232201,71.71349636557757,8.497377776273636,96.8646301628003,20.606577892673627,3.191159622820404,11.858610059697478,34.50430061856231,25.259010617822693,7.322458797318021,10.291417009230678,38.40961570139277,8.674294669916911,8.033563029107649,40.625037405561734,7.425549317560387,10.521725477847927,3.3377287001452385,44.09287539599456,250.9198749145735,6.541625830837654,6.261541763272291,5.6636855050197354,3.6497266309118364,10.43593245901723,54.65676696437022,2.656844278035858,3.057271275945625,1.2307126911154411,28.576554030548177,3.611862311189356,2.187933431543565,2.5975942442181053,3.7588808559020817,4.552770603420519,14.388222876355096,6.031711550041505,3.7897106778067773,5.944244667107833,8.471439156610483,5.905873099183216,7.87726415418851,15.73855042476689,1.19330795029037,3.5748972085202158,1.4693673521236614,5.193452934287268,2.904147541773063,3.9104049775164773,0.8216396011269038,8.953064687413425,2.7652865743998745,13.62926593196836,2.889546311973869,4.50916213038662,0.5791874225547695,0.9608479642962401,0.9935790400076113,1.627966919311043,0.9900703021048993,6.196596395489709,3.88976341347031,1.720968685473338,4.499179248610637,10.729262117193151,3.6834616270750726,4.354622376742201,2.7566743123505137,1.2385199283475146,2.2894841269841266,1.7803099805035063,0.0,0.0,0.6351795017347446,11.298683542824733,1.1118813794306404,0.0,0.5574350760681744,2.0397235799977262,1.7692523426170041,4.148636523574947,0.6486017386656953,10.283513345529933,0.6470276289118654,1.4808016796462173,0.0,2.2131370783871094,3.573881991024848,5.921166671835215,4.009384798104941,0.7829610758243764,0.834694584904669,434.29589783756666,0.6844671201814059,0.7927912703542956,0.0,2.3403976975405545,2.370143400083038,1.0455853403632516,0.0,1.3180757536747376,0.6949154300340004,1.1536418868718952,0.8104436870533654,2.3275679620507206,3.3224932152485023,0.0,0.0,0.0,0.0,6.348895598693276,0.0,0.0,46.97720091015777,0.0,0.0,1.9475021620626014,0.0,0.0,13.498367810155283,0.7580716902145473,0.50828331332533,2.7470254697203664,2.5081899109960335,0.0,1.3704802450450708,8.203626662388098,172.83204966166613,1.949130680577259,0.0,0.0,0.0,0.0,1.4152937282148799,0.0,0.0,0.0,0.0,1.171258567529576,3.9162617427923547,0.0,0.0,0.0,0.0,0.0,0.0,0.0,0.0,1.6774774845002935,0.0,0.0,0.0,0.0,6.105560072316441,74.81824840747544,0.0,4.097788673911123,1.634789954943016,0.0,6.029365079365078,0.8930262813634472,0.5083491950295568,4.087922066497893,0.0,3.3657469432592584,0.0,15.646150766526706,0.0,0.0,22.638060309332424,1.5427451803232115,0.0,16.571570898370037
1261.2815602355304,252.68754506048043,254.19544808758718,52.118181089072664,277.824975505504,65.73246711467579,192.7919665926204,39.04895992399956,235.40343458130346,163.1019463126493,13.037888148747008,34.57625183676237,151.62188194492927,32.12458736441563,28.85552178464099,30.935821215381555,264.62330410679886,20.478267929516527,23.499026476966883,28.09251517457328,32.0835320186743,48.24897016508415,9.522886746572873,67.21855425165069,23.505184219425335,4.384630833469873,7.848594615633411,5.538997319390572,12.470987331401863,5.614166543062403,85.3124805150624,7.691986928082662,2.441159622820404,8.205724056811475,27.53323047007281,9.926001959814036,6.600236575095797,15.68359483588431,3.9438869856640517,3.424294669916911,4.139623635168254,60.54855832908265,7.8994087914198605,1.5324092385316874,2.580152942569481,14.757779513738432,113.69042894881974,2.630514719726542,2.7719794737100014,4.5533680447022755,2.3997266309118364,8.828525051609823,9.53204544890118,2.607824670192721,7.899863868538217,1.1381200985228483,11.940025744019891,3.195195644522689,2.187933431543565,12.430927577551438,1.926735876698279,1.0368420874920026,1.6602129635625738,3.948378216708172,4.17304401114011,4.255932978796145,4.380169315340641,8.908518601828717,11.077631801247334,4.745530481746949,0.5789288653230498,3.3743959553873837,1.365200685456995,7.237875831651341,0.8833142084397294,2.603215435032817,0.6883062677935705,2.28639802074676,2.7057627648760656,13.62926593196836,17.63313605556361,2.870273241497731,0.5791874225547695,0.9608479642962401,0.9935790400076113,1.627966919311043,0.9900703021048993,4.697821885685788,1.1119856356925322,0.967180806685459,2.161402989781746,10.729262117193151,17.839422496271236,11.937955710075535,1.3016478573240589,1.0301865950141813,0.6228174603174602,0.669198869392395,0.0,0.0,0.6351795017347446,1.2986835428247336,0.827489845039106,0.0,1.6685461871792857,1.2758346911088374,1.5609190092836709,1.6764143013527248,0.6486017386656953,5.839068901085489,0.6470276289118654,0.0,0.0,2.5995007147507456,19.672225676325056,2.1354523861209294,1.9260514647716078,0.7829610758243764,0.0,157.83875020659556,5.39875283446712,1.2927912703542956,0.0,0.673731030873888,1.2590322889719268,0.0,0.0,0.0,0.0,1.1536418868718952,0.5326659092755877,3.740266374749133,3.084397977153264,0.0,0.0,0.0,0.0,2.251493001290679,0.0,0.0,34.25948594538398,0.0,0.0,0.518930733491173,0.0,0.0,3.4983678101552833,0.7580716902145473,0.50828331332533,3.2529778506727474,2.5081899109960335,0.0,0.6561945307593567,2.026377985139421,7.930517986140656,1.949130680577259,0.0,0.0,0.0,0.0,0.8973665573465326,0.0,0.0,0.0,0.0,3.163566259837268,1.0591188856494977,1.6666666666666665,0.0,0.0,0.0,0.0,0.0,0.0,0.0,0.5663663733891825,0.0,0.0,0.0,0.0,3.6618371285934974,15.140798441981998,0.0,2.2435318196542684,0.8014566216096828,0.0,0.0,0.8930262813634472,0.5083491950295568,4.087922066497893,0.0,1.1276517051640205,0.0,1.0874623788909503,0.0,0.0,12.354703503836033,1.5427451803232115,0.0,25.092404231703373
950.7253777188564,307.5834582680485,168.93285091782903,63.27243303384571,183.42636965760997,62.627818496783966,55.34866287815195,62.103993340875085,199.39736712718084,267.269246195748,36.166545024543474,55.49290295843581,67.46243778835013,70.63178618411445,45.331276046796305,21.472628879278624,134.00134566532353,40.841833761832355,41.808010317200726,59.41881387587198,33.02509046023273,63.94622295709501,20.190725851911978,71.81283479587633,40.959549298790414,8.458577719916759,34.69163538609354,6.217658935552189,35.65683389224842,36.502569806465665,24.764491875162005,17.36992704352278,4.918876350537132,16.82427564411306,12.929399824911519,24.254677852634664,5.57245879731802,13.581821049634717,4.435950477727544,17.80105332792557,6.496766492311111,37.92214539016972,14.107589499600568,4.510507529129978,2.7557181181346566,19.038533481992403,116.88508556829596,21.085057861769684,14.11531669204722,7.089082330416561,4.024726630911836,8.112615960700733,20.10038766012327,7.751343188711239,2.010974979649329,1.1381200985228483,21.126845868340016,4.72549867482572,3.264322320432454,6.89298750836137,2.926735876698279,6.714872390522305,4.009022487372097,4.561804142634098,29.503761904358004,2.134720857584024,3.028978839150165,7.943240824050941,4.061291931966289,6.7871971484136155,4.01940505579924,9.113979288720717,9.141806024562333,4.390848131682465,1.216647541773063,3.9967339535513355,0.7652293447166474,2.28639802074676,2.228679431542732,7.442923339375768,3.097879645307202,3.564717685942176,1.1347429781103249,0.9608479642962401,0.9935790400076113,14.41963358597771,0.9900703021048993,6.416571885685788,1.1119856356925322,2.42821976772442,2.5780696564484127,1.6786668790979136,3.736131179744625,29.10164618626601,2.634981190657392,1.0301865950141813,3.9561507936507936,0.669198869392395,1.1290565610270042,0.0,0.6351795017347446,1.2986835428247336,1.5949399874892485,0.792475111256624,0.5574350760681744,7.02884094411509,2.751395199759861,1.6764143013527248,0.6486017386656953,9.505735567752154,3.84147207335631,1.4652339140784518,0.0,5.141708506958538,3.204834371977229,4.01640476707331,2.134384798104941,0.7829610758243764,0.7421019923120763,77.36431123808482,5.120975056689343,1.1052912703542956,0.0,0.673731030873888,1.2590322889719268,0.0,6.126170883713987,0.6404663260653098,1.3312790663976368,12.156618077348085,4.577622049626465,4.4247901842729425,3.396897977153264,0.0,0.0,0.0,0.8576159951159951,2.339212299536293,0.0,0.0,34.531926739883595,0.0,0.0,3.450478352538792,0.0,4.834267930916659,4.998367810155283,1.293785975928833,0.50828331332533,14.158282582628422,14.339584211140334,0.0,0.8942897688545948,10.062092270853706,39.916629097251764,3.5417232731698514,0.5054602964085723,0.0,0.0,0.0,0.0,0.0,0.0,0.671343537414966,0.0,2.517732926503935,2.299198250728863,0.0,0.0,0.0,0.0,0.0,0.8892330741820538,0.9410714285714286,0.6260801621814993,1.7598187543415633,0.0,0.0,0.0,0.0,3.8007260174823863,11.290470629697664,1.6172464879199389,3.6012597398821886,3.864948685101746,0.9270887842316413,0.0,1.3907114665486324,0.9994206236009854,7.002838032884448,0.0,5.7445324486895,0.0,1.4578327492613206,0.0,0.0,6.201420097692214,2.584411846989878,0.0,4.842404231703372
1604.5248285470554,501.9824438675882,786.3385173102474,305.13934529363223,433.89099785108743,425.54505311763376,282.87882525382526,552.9262116268695,227.10347324196283,444.1397845137764,137.98112311620375,118.20116474557264,434.5300951795259,161.40558496808495,203.31405738445213,185.74494050502113,507.9464735691214,113.80960626525142,62.10102513227513,710.6313863114266,72.72636207636208,185.08004144047376,109.7112827112827,101.33472758472757,199.70664414414415,48.287141307974636,66.4799680633014,265.7035330261137,113.53902116402116,54.19088785755452,204.62204631962695,60.089445724526364,9.104041170861448,76.9199377949378,101.38508064516128,80.75533569283569,135.24068725984048,193.70014701608628,37.33546046046046,36.12837837837838,23.546640796640798,50.869342556842554,70.00109931359931,36.69606451864516,39.315252752752755,40.50396825396825,89.27936776061776,16.849867724867725,18.625,14.791666666666666,70.33437604270938,1.375,11.083333333333332,26.24782135076253,87.11805555555556,61.548316173316174,5.208333333333333,274.4571109127561,55.520645645645644,2.5,17.430555555555554,102.9920634920635,3.263888888888889,10.471846846846846,61.34259259259259,47.1006006006006,1.369047619047619,16.235923423423422,55.84027777777777,6.770833333333333,31.12962962962963,51.50667631917632,209.13673852423852,21.400462962962962,14.84572072072072,16.125,43.141504774569285,170.11292595116123,11.604166666666666,3.333333333333333,21.671251608751607,288.47857679107676,1.498015873015873,25.332671957671955,12.937312312312311,3.3019179894179898,62.82104247104247,6.888888888888888,9.464285714285714,18.46666666666667,19.85019841269841,25.40015015015015,5.486111111111111,9.659722222222223,25.79861111111111,68.11210317460318,29.73624292374292,22.19940476190476,28.15079365079365,27.26040326040326,11.041666666666666,1.7567567567567566,39.42460317460317,73.04654654654655,20.833333333333332,8.416666666666666,11.67361111111111,4.597222222222222,20.75,9.817567567567567,4.434523809523809,17.416666666666668,7.222222222222222,1.0416666666666665,3.5715523215523213,5.0,2.333333333333333,1.9166666666666665,1.5972222222222223,0.5,8.949074074074074,0.6210040685847137,12.173423423423422,2.1875,0.0,12.180555555555555,0.0,15.944444444444443,10.156156156156156,9.375,29.131944444444443,39.89759344598054,0.0,7.0,14.060606060606059,38.513690476190476,8.845238095238095,0.0,11.572822822822822,1.25,0.0,2.5,5.416666666666667,1.4234234234234235,35.08671171171171,3.125,3.2291666666666665,2.2916666666666665,7.505482456140351,0.0,8.125,7.083333333333333,0.6666666666666666,0.0,0.0,4.527777777777778,1.6666666666666665,4.166666666666666,2.0416666666666665,1.6666666666666665,0.0,0.0,9.791666666666666,8.005952380952381,0.625,0.0,0.0,15.493493493493492,23.75,1.5202702702702702,0.0,13.958333333333332,17.5,0.625,1.25,4.444444444444445,3.9456391875746712,12.36111111111111,0.0,4.513888888888888,4.791666666666666,0.0,1.6666666666666665,0.0,0.8333333333333333,0.75,10.89114114114114,1.9444444444444444,0.0,0.0,4.75,0.0,4.75,0.0,0.0,2.5,2.5,3.75,3.1443318318318316,0.0
348.03114125457176,143.93453991968423,99.89867600187775,47.410932755877575,69.81713480572921,46.003117599448245,104.49470335720335,36.84092772085797,35.246237349078676,48.98002922277116,17.20751200509265,7.989054609120398,172.10934833377908,29.375997425997426,23.37758251672725,25.04495202672385,69.38183111281229,20.128918434563595,7.088562091503268,25.975704217973455,25.25635236719574,24.93537023865971,7.07001287001287,7.516473616473617,40.414522482895975,30.470985087651755,30.303453220119888,8.85379757637822,16.10951872201872,4.434181571129362,20.178938193185505,2.343999654532107,7.863205947883367,11.065496219110676,9.000287197867843,7.967967967967968,25.165455778359004,1.915147016086295,4.66509009009009,3.095045045045045,14.661455611455612,1.9512870012870014,2.3897897897897895,4.990148212728858,8.114392964392964,7.2271825396825395,49.57234547734547,1.4407407407407407,7.30462962962963,1.4777777777777779,2.6970303636970305,0.5416666666666666,3.783333333333333,5.014488017429194,2.685648148148148,1.0725225225225226,6.25,29.525412981058142,1.9099313599313599,3.6111111111111107,4.177304455918914,8.837037037037037,23.85019841269841,2.263513513513513,6.118518518518519,0.9117117117117116,2.611111111111111,0.6952488202488203,0.0,0.0,4.17037037037037,0.7477477477477478,4.051808731808732,1.25,1.904054054054054,1.1805555555555556,3.283339791404307,34.39837568661098,0.0,0.7769076305220883,11.908575241908574,25.122822822822823,1.25,0.8824074074074074,0.9234234234234233,1.7857142857142856,2.5650900900900897,0.0,0.0,0.8333333333333333,0.6166666666666667,0.0,0.9166666666666666,0.0,1.1111111111111112,3.583333333333333,0.0,2.5166666666666666,5.138888888888888,1.3318318318318318,0.625,0.0,0.0,2.0326576576576576,0.0,0.0,0.0,1.25,1.25,0.9009009009009008,0.8333333333333333,4.391666666666667,0.5166666666666666,0.0,2.0236036036036036,0.0,0.0,0.0,3.6805555555555554,5.0,0.6203703703703703,1.2460040685847136,0.0,1.2777777777777777,0.0,1.0333333333333332,0.0,4.305555555555555,11.647609147609147,0.0,3.333333333333333,3.119815668202765,0.0,9.52,1.6666666666666665,1.2650602409638554,1.4583333333333333,0.0,0.0,0.0,5.833333333333333,0.0,0.0,0.0,5.517267267267267,0.0,0.0,0.0,5.531798245614035,0.0,6.033333333333333,0.0,0.0,0.0,0.0,0.0,1.25,0.0,1.3263888888888888,0.0,0.0,0.0,0.0,0.0,0.0,0.0,0.8333333333333333,0.0,0.0,0.0,0.0,5.25,0.0,0.0,0.0,0.0,0.8437873357228196,1.6666666666666665,0.0,0.0,0.0,0.0,0.0,0.0,0.0,0.0,3.463363363363363,0.0,0.0,0.0,1.25,0.0,2.1666666666666665,0.0,0.0,0.0,0.0,0.8333333333333333,0.0,0.0
1464.1790089158285,414.5487018955007,276.0598270828005,564.03562800684,293.8349363784937,122.24696343133164,101.03291281554411,444.7865317232296,30.25782504696238,1626.3489599744505,213.84361699569163,562.3348491459176,512.58305442953,64.98700244738532,300.62377708006966,120.60762304509034,328.7144609420862,487.4178658964036,237.27155073925385,38.219300864552906,292.8606516530447,175.21394693443935,513.1686320758346,504.8547087669393,88.15270565856875,26.42389511501321,314.4942933566999,404.2860370770948,861.9431823658183,1449.3288282104556,8.965372212226082,94.54465404124376,249.4829931788077,195.46941098630296,57.7136102227624,164.34394401271456,30.954481695705937,5.589621007185662,80.50737775318696,34.11713612880703,35.41916621432048,13.222165079313973,121.22144968296124,147.65564616030971,203.0645825666136,31.11681458759326,41.18822690867112,73.94344923308904,51.16861838434299,92.44327754498934,8.899517027653436,2.268140474580637,21.557491207525683,44.96783889014136,48.20543353242752,91.38087630526852,10.804689754689756,15.172073387961117,88.35754745295726,1241.8279310306714,247.81733630373267,62.02634744265129,25.151171906624914,1.6259279678636134,568.5917848602925,99.59462320612005,23.38969683473064,126.26516621778792,142.36342061805297,12.143963219968121,370.0195104958898,13.046446424167959,170.98787325528457,0.0,20.632747875208636,72.36839872120467,9.418008537163542,0.9808300395256917,4.9101878576597,53.73963749521528,88.69661846275102,0.0,170.2135169290605,18.087707044945887,69.9623981335606,324.6164168425343,8.251784496370874,1.9571011546381003,120.03521916520987,5.238263064628007,7.272519841269841,564.1082610738121,1.0659168482207697,12.165411246053644,18.638060018559933,46.19793115590868,29.87900137185467,0.0,5.078625669230519,16.731807801104786,25.992569349442658,8.245164120697677,59.757677383874984,18.83933369644154,36.79668047185204,4.3134732596742404,23.238509482075656,8.121288522752652,50.41652255949446,3.79750233426704,6.468538815909505,6.2531386161057565,43.29816900100875,51.943392516189355,3.0549092229484387,65.75969654813045,8.976265736179528,89.41221741269318,1.5367074102368221,0.0,15.031956564677152,0.5324074074074074,12.392647464968894,8.268627022033884,14.27763498075998,0.7690486912020209,169.84610116876507,26.794044580299264,1.7849761396995345,0.0,19.932021073546323,10.39972502410926,0.7400793650793651,1.1888227513227512,3.6625677122700933,37.38067980910998,9.144021414574635,1.425454824330754,3.8862659444767287,18.083284919184294,0.0,9.13790315733774,20.86882491321422,9.68136579741972,10.506067695858095,0.0,0.8649568709406438,0.6831349206349207,0.0,1.077924694652636,0.0,4.719817042978808,1.2637558356676004,0.9977515910578791,0.6944444444444444,5.492063492063492,15.68936587086942,23.884013442077165,4.302465846639275,1.662121626776799,0.0,0.5098039215686274,9.676750071151634,11.017063502945856,2.3066550925925924,5.163334760173841,0.9873677248677248,6.732234891334156,19.966353016302307,0.0,11.80813406701712,55.47834773675164,3.507275132275132,4.911057692307692,7.367389794113932,1.7505411255411254,10.670340417334042,8.359854322783244,0.9539941971483553,1.7685636920550714,1.0828203432370098,0.8601269420234938,0.6257697044334974,0.0,9.546193469293959,1.6499542804689864,3.7156836962640534,1.982028691106072,0.0,0.0,4.5767569411817455,0.0,16.425296616963283,1.03495115995116,19.872267384874178,16.71839846337395,0.0,0.0,1.9534446846820073,0.0
169.1576429178366,101.80151642835595,72.15906078175918,36.80936172809698,44.50626784793101,21.057050465282497,13.862238060094432,68.37531248509929,12.737448926947064,45.037533837171516,6.705609310927363,11.101281211271276,68.91396417650044,14.328782102695145,12.688620059825247,8.649717387217388,152.3135667614467,13.771067127407708,8.208368931122555,46.999073554899034,80.89973112550436,25.546823050271676,7.564600453064688,14.537912707299103,9.740089730422003,6.883001884689527,34.73086243911845,2.2237512549865093,33.44723432417963,14.540188888422584,21.245450767864277,5.7755098497852115,38.74836383345441,9.6759266736914,5.954604984722739,2.042848694925558,34.437426471104004,10.087723850454719,2.726403457925197,1.7513857772009946,2.762940463423555,11.051934788440517,3.0094324885085757,2.0864783401015283,0.7627701582656825,0.8006211180124223,15.915927575951827,1.6431314257401213,0.0,0.0,6.565279929905631,2.9283955778520996,1.8263888888888888,0.5332590115198811,0.5075818572195384,1.8964346129493395,4.11663886971858,20.587426125363024,1.4805516768560247,8.894916461303762,0.8532440766622456,1.4586111799276051,9.685981035450705,5.871485643949412,5.542755171559519,0.9225240290457681,0.913610500057511,0.8456752036915081,56.53915471102971,2.6331018518518516,0.6008596777618517,3.111964284518632,7.745527704292022,0.6809894681271492,0.844562023004052,0.0,3.1897456612130526,26.99324823441202,1.1022830024480912,0.0,26.273237284106848,3.8228873492139037,1.7412189762733241,2.3709896644869946,1.1134085606458795,1.0153572608282753,1.3843550071810942,60.58025673157252,0.0,1.7954498534208678,0.0,1.4434796119578728,0.0,5.117353833766877,0.0,3.2974897217650843,7.891062384117939,0.9667401322380285,0.9731718898385565,0.0,0.0,0.0,0.0,3.294354136745441,0.7521632956415565,0.0,0.8918714387464388,0.0,0.0,2.8833320499987165,0.5240978157644824,1.742890419011343,2.8045818307446213,0.0,5.47508105932019,0.0,0.0,0.0,0.0,0.8571428571428572,1.0710940820648833,8.409534534534535,0.0,0.0,4.288461538461538,0.6824174718196457,1.5816931061496278,4.927698810850985,0.0,0.0,0.0,0.0,0.0,1.139620811287478,0.5346112556257484,1.6458884479717815,0.0,0.0,0.6622444883606642,0.0,0.0,0.0,0.0,1.5657508121276238,0.0,0.0,0.0,0.0,5.939331560040942,0.0,0.5417478882391162,0.0,3.4294871794871793,0.926177536231884,0.0,0.0,0.0,1.2068353743025129,0.9574006852108654,1.495238095238095,0.0,0.0,1.250251610305958,0.0,0.0,0.0,0.0,0.0,0.0,0.5587834211022616,0.0,1.2188983855650521,0.0,0.0,0.0,0.0,1.4782608695652173,0.0,2.5,0.0,0.0,0.0,0.0,0.0,0.0,0.0,0.0,0.7,0.0,12.916666666666666,0.0,0.0,0.5150437525437526,0.0,0.0,0.0,0.0,0.0,0.8873873873873873,0.0
336.5589207267992,187.5838602344126,131.92979231692746,75.67536666171344,160.1412663772474,38.25678145407452,39.457428637923705,75.81666407355296,36.95551676995175,117.58789317738196,58.67059161877692,49.09616116370938,81.48788745197749,79.69048320270188,37.659588117861695,50.801819533153,120.42784936766459,15.649632547005082,21.491950726779418,97.51572503108866,67.2339309116823,114.6137069281807,15.699203365556748,106.8409077105304,59.01751037230217,58.2125302714213,46.686756877071986,26.51815177583929,33.08353397682693,18.521940771478086,44.15587647713874,24.678389054406047,104.65814092768638,22.72672578120465,10.402497457902799,34.092425900097055,65.46797915186025,11.669880689278575,13.34376014512839,6.776303651137795,19.723972239490813,29.184472624345315,8.085103858130173,35.61716916386293,9.220049471694303,26.269557921725102,8.060433214698188,7.457395649319424,7.913651094102222,3.4314252416193316,29.185967167507414,49.37140594643835,2.4950499486913196,0.7590614794562163,0.9642717905875801,1.7773330777532457,4.8639004466110265,95.43121865405213,0.8647186147186147,25.803985704929925,2.5292499897763054,5.656779258752943,1.957049486461251,14.87072061065869,43.38806668722216,1.3602797578361487,0.0,2.9883271490414343,6.748972518709361,5.321918578497526,1.7018944140654666,0.0,2.673653927280641,5.121128871128871,4.303124164988127,0.0,1.023846631404771,14.343866480057983,11.71700996372049,1.3334086026755199,2.635371411534202,6.2702429149797565,0.7617423303513529,5.16355393832174,0.0,8.274399264060918,2.953425229741019,2.371794871794872,1.754315442285367,0.5108225108225108,0.0,2.15301857420084,0.0,0.0,0.5721851185213254,0.0,2.605813439434129,6.961442343701871,4.816112250322776,3.422014469417067,0.5650986440460124,23.10577500821081,0.0,1.1711570593149538,18.786828610260315,0.0,0.0,1.4708902208902208,7.74749429277293,1.607644110275689,0.0,10.916330063906788,6.582282483598273,1.4999999999999998,0.753968253968254,0.0,1.3225709475709475,1.6187237470132207,0.0,0.0,2.158924408924409,0.5328947368421052,5.185010503313528,2.231687172476646,2.5,1.589136302294197,2.086897281916079,2.8181268940254816,18.1826740953719,0.0,0.0,0.0,0.0,29.553994188408886,4.804550173561062,0.9684011164274322,1.4155816510139818,0.0,10.64832235665569,2.1770909762084822,5.141548134405277,1.1985127894487047,2.6879353937624613,0.0,0.9131730842257157,0.5793650793650793,0.0,0.0,1.8176691729323309,1.1111111111111112,0.0,6.1987641895651375,0.6930079724197371,2.5925925925925926,0.6507936507936508,0.0,0.7069757727652465,1.3365781878939773,2.032328417196838,8.492875545507124,1.431690872480346,1.9434590263537632,0.8671679197994987,0.7428280253560927,2.206845238095238,0.0,0.0,2.4544350629876943,0.7787212787212787,6.921157059314954,0.8375520678152256,3.4069908266336837,0.0,1.31694767221083,2.793040293040293,0.5555555555555555,3.9177671743461215,0.0,4.543934318457245,0.0,0.0,0.0,0.7341269841269842,0.0,0.0,0.0,3.0641233766233764,0.0,0.0,0.0,3.184163059163059,0.0,0.0,0.0,1.2668106747054115,2.044004241372662,1.3333333333333333,0.0,0.0,0.0
3854.961118795128,494.0256464996171,914.4263188903938,418.5126495226665,1470.3974407688847,235.9417872127609,464.1898164896042,180.0942399453278,999.0701471003715,678.6766321655247,214.86532328110323,104.65622614392497,274.1760114046611,67.81492216158951,195.10624563686818,125.16156559629603,309.83377886790106,105.03513514300589,102.78045008812734,107.08349187623168,62.94994510696733,243.76120485730925,188.86014572417147,200.66809685315775,159.10654405770885,15.462513453222869,138.62065502563829,19.711578479574623,115.98143238060463,51.611373718822314,162.69942845369172,49.64747526968965,9.073128202153221,44.669173185268235,49.54367592346478,40.916708111365146,4.474391233766234,68.15552687749614,28.35225718622663,19.848007390508467,30.26431626425499,70.29249183217128,46.25328667858752,6.96671559260845,7.314790918957586,36.67433332174765,1831.008899994252,23.717295860612456,53.17854141713539,18.620256059678447,6.85043064399125,16.093810210564413,125.41746677392881,2.855839846693505,6.074396416952255,22.94638928220861,31.91059689969322,6.754588952629265,6.548559728051707,16.85486040347275,24.105768950819066,6.06856367012617,29.673435713317946,2.9369375013314407,22.261342568943654,3.5272312684030704,23.66123230045598,3.8427580113241877,22.218103295881072,46.98168207420125,3.6107971141059374,14.628703995889357,23.466196540539386,3.7594687476266424,8.883572174951485,2.120701058201058,2.985134046300257,2.552191166321601,18.181424784903626,5.1812106472432555,10.729401154401154,1.0534525449298178,2.1225636279984106,2.2986017134762893,6.764734604020318,5.3823833211088115,4.561629556920255,64.70434350937447,6.628006211481444,10.051929871840938,27.154462648752762,12.358492087124029,19.188780103792357,1.4186486204558493,1.191026566026566,3.4032902072674798,1.8914816347414385,0.0,0.746031746031746,7.196672202837016,2.3245550745550747,0.7632478880880416,2.9967528046572163,1.2392299058965726,0.0,1.2014127620745267,8.501284575090413,1.0718954248366013,0.5168290043290042,12.168320105820106,2.686355311355311,0.0,0.0,4.371052974523476,3.8761035183304093,7.933411495911495,3.3655139833711263,0.7552910052910053,5.556871965514897,137.36930191202174,5.298666528577242,0.807674963924964,0.7914165466824689,0.0,3.892966807579483,2.530357142857143,2.288573762838469,0.0,3.060628172317279,0.675224292615597,8.992451749030696,2.916065416065416,23.121014133069085,0.0,0.0,3.451712911271735,3.6965919415414366,7.205570796592468,0.5176767676767676,0.748129992737836,74.14922862678102,0.0,1.4117449589263316,12.799251674251673,0.791227002164502,1.9577991452991452,1.205088991519473,4.947878300151027,1.115873015873016,25.78217038952333,1.5126097447526021,2.485738798238798,0.0,15.137738128379839,32.29530864302536,7.852934102934102,0.0,5.0711797407703845,1.272875816993464,0.0,15.201891957756041,5.162619115480517,1.7289007647534778,1.209017902032608,1.0878427128427128,9.091078377845898,9.972704388670776,0.0,1.0322991822991823,0.0,1.15494227994228,0.6704545454545454,0.0,0.0,0.9110340427413599,4.569206002184072,0.0,0.0,0.0,4.187324929971989,9.665004372499816,52.74227849630148,2.0068783068783067,3.0420862762968026,0.0,0.0,0.0,0.0,0.5736892736892738,3.6574074074074074,0.0,28.342876898234042,0.0,27.088902196380577,0.0,0.0,32.65580245098726,3.5864733645983646,0.0,13.034907041136044
3652.3163781682942,485.9178743757759,722.7211124972317,419.5236336925953,1116.850931436444,235.6590666898103,534.7118628555523,139.21450775995214,1169.2300521177003,398.11680995896666,145.4011794561307,104.23195769056713,255.94580685378187,90.99138121870948,114.4006800138006,99.14170663880194,252.72978748661234,57.56113580752329,81.12638971780267,75.06577280189245,60.24270896413173,168.44645307550238,114.55774854569121,160.6446250557377,99.84125596660819,10.915116770534757,98.49134103024362,12.75637308088398,73.82772607503543,16.60989874296127,171.6075748399555,48.075556399585764,8.843937400598183,40.317594688902695,60.534409236867525,35.062301625016104,4.489125463984687,79.47287632878279,21.049070398742202,11.783976981538878,13.29922791977254,76.65774008300126,31.815188998866734,4.215910922033371,5.368301830718369,38.12745053992363,1378.1574706938595,24.638890140601962,43.514836616567145,10.810764609043284,6.881869488054694,17.184708914043686,87.51493817819465,7.132771945139996,3.5124732105206244,18.19024390064665,35.13805094412842,8.764996214323258,4.3297783513296615,5.6453153117308394,11.704495154457558,4.882232807882723,18.794450002690915,3.8980735830702047,15.526454438161648,6.1096037421891305,9.889513882475063,7.169334039114744,16.862322717024853,51.258095182824746,1.3883359614948518,5.372794730101948,11.692925429848406,5.134624238616467,5.625805936060767,4.380993212810595,2.5319445739318764,3.397509131857871,7.140286574399875,5.042727470429899,15.87565742308498,2.995273241497731,1.2584202267875737,1.3352498781718383,6.07726849869707,2.218304051314842,2.0484036354382327,59.16783167322654,4.255246597297147,7.6656327170938905,19.33562087111869,9.114161839049395,11.747655149601927,3.2788648009846257,2.1478178909940926,1.8456627854903715,3.8856040564373897,0.669198869392395,0.0,6.595499455193333,1.1722165387717816,1.2986835428247336,1.4650559826052436,0.706616525398038,0.5574350760681744,4.331390246664393,5.4680765041604635,3.912525412463836,0.8241969767609334,11.827494827011414,1.1470276289118653,0.0,0.0,3.541510094260125,2.411081828224685,9.630932985768196,4.889014427734571,0.8358711287344293,2.938295958113885,217.04208710010627,2.6388321995464854,11.903902381465405,0.5045171812641959,0.673731030873888,2.3965984265380644,1.0568948641727753,1.3310319948250984,0.0,1.0262244718693578,1.1753810173066779,7.22723754134722,2.314340448823207,20.46600686677299,0.0,0.0,2.447853436045264,3.3758906731128953,8.50653328264675,0.0,0.9055353634545656,188.66860389308374,0.0,0.9323220955048687,8.494455209015648,0.0,2.372424219072947,4.074756699044173,1.2919822241250811,1.619394424436441,24.8564170041119,2.5722924750985974,0.8131938356428152,0.6561945307593567,9.032991741753177,54.203834460115026,5.543823025269604,0.0,0.5498603762492651,0.0,0.0,19.086279342242207,1.693524061671956,2.290399816702944,0.9942602040816326,0.0,7.770985586296843,3.826721653252265,0.0,0.0,0.0,0.0,0.0,0.0,0.0,0.0,0.994937801960611,0.0,0.0,0.0,4.28673273907264,10.964719999458824,37.98615328356997,2.0248801554220273,3.991968568091017,1.134789954943016,0.0,0.5650793650793651,0.8930262813634472,1.7583491950295567,7.411996140571967,0.0,22.25618289619521,0.0,29.717836719684847,0.0,0.0,39.20074407633241,3.9775996776777087,0.0,32.36355084824473
203.28449000844833,56.63721556677971,65.34356116491533,54.39483360797699,32.49985454360454,5.773233574704163,21.04391303141303,51.27990884501301,10.423772215438882,35.654967100800434,15.678909912028784,23.289018080684748,84.7804583809048,10.38147119084619,7.78430550930551,9.10037185037185,96.13905776299259,3.0889847999223,3.1695228639673085,30.859632790759434,60.87742132206418,60.17026231869982,1.8813424230090896,25.48944604777938,5.375268346622513,6.35515873015873,22.50584328865579,13.00532809601437,25.180693843193843,9.995145363895364,12.086950086950086,2.1107207607207608,30.079754636249735,8.17287207278016,1.9318181818181819,1.5204422313797312,47.89879309171289,2.0468158384825053,2.4702991452991454,4.3195415695415695,6.938145188145188,29.386936218737688,2.9947630494505493,5.88615105958856,1.0510554260554261,2.271103896103896,1.652116402116402,1.4936787749287748,5.410725385725386,0.0,6.394875186541853,4.828144078144078,0.8905695611577964,1.1111111111111112,0.732791514041514,2.573994581807082,20.850815234148566,52.48652921152921,2.1502849002849,8.435759951549425,1.4141025641025642,0.0,8.352220310553644,17.299004236504235,1.8936480186480185,1.400462962962963,1.4872806302493802,0.0,2.288119288119288,0.0,0.0,0.0,3.00967365967366,0.0,1.50400117311882,0.0,0.0,124.46963023169164,12.68660506160506,0.0,4.769600769600769,1.0957491582491583,2.1582601790716285,13.069183809146077,0.0,2.9825406075406073,0.5772079772079772,3.945771820771821,0.0,2.2075887075887075,1.3495535714285714,1.5555555555555554,0.625,3.9238496071829405,0.0,0.0,3.5353130665630665,5.053797591297592,0.0,0.7122507122507122,5.367003367003367,17.961359628026294,0.0,0.0,1.0555555555555556,0.0,0.0,1.1057692307692308,4.107104700854701,5.107650387919995,3.749263468013468,3.993087015222432,1.9682539682539681,0.0,1.1728395061728394,0.6666666666666666,0.5,0.0,0.0,0.0,2.2025382025382028,2.9733044733044736,0.537037037037037,0.0,0.0,0.0,1.1213376322751323,3.0280277638120774,1.0197395197395198,0.0,0.0,0.0,0.0,1.683982683982684,0.7961760461760461,1.0333333333333332,1.1047008547008548,0.0,0.9666666666666666,0.0,0.0,0.0,0.0,0.0,0.0,1.1673465423465423,0.0,0.0,21.967641682553964,0.0,0.5888888888888889,0.0,5.092552509219176,0.0,0.0,0.6481481481481481,0.0,0.0,1.3055555555555554,2.871717171717172,1.1904761904761905,0.0,0.0,1.148989898989899,0.0,0.0,0.0,0.5619047619047619,0.0,11.240047871000252,0.0,0.0,0.0,0.0,0.0,3.1890075973409306,0.0,0.0,0.5007936507936508,0.0,0.0,0.0,0.0,1.7045454545454546,0.0,0.6666666666666667,1.0476190476190474,0.0,1.0277777777777777,0.0,0.0,0.0,0.0,0.0,0.0,0.7037037037037037,0.0,0.0,0.0,0.0
1872.6852109679385,968.7556418982414,648.8838261015516,379.56260279984724,637.4396423942705,124.8250031207214,153.47162801668466,275.87114393737147,102.97049161430239,861.5615096155854,434.04161828300533,156.21745633100056,1166.6659987375206,184.87202689852796,92.1379990251476,103.0314095550629,792.8516349235939,104.88728558651556,50.204243315898374,346.0025461534431,677.6501532369917,403.6085873164468,65.32517741677117,225.44945111314982,125.19659731210622,175.3189832051567,198.11443714677705,140.35889151583237,298.8974107380546,182.2952960358133,52.1830630132155,65.47591373026223,515.3942540060425,33.744991555082876,39.83241672113523,58.65432232693843,187.40879359480115,19.428530218321246,147.67672113643877,6.065593413573976,144.3301549260613,318.3851795781954,26.688014988247552,226.7580658243788,9.27603850289342,33.07384238813415,11.33654639536693,16.086228252366627,25.603235582970765,18.92454548235262,62.215486506444364,25.176709072967213,23.731251597273268,5.776209446020201,10.58749505523953,19.849973427599476,78.56014947193586,255.2473759587455,13.095411184357419,157.25595052093965,20.165542810799096,11.536469954194413,65.22543453466375,34.671965900066546,64.1917264409084,3.6925998349898173,7.9492637423247245,7.372703819205309,42.623106562364995,15.622590261446085,10.728788088402816,2.474201111451565,78.65365373755505,4.232530682074293,2.3086612635484816,8.476590674710975,7.930748415892728,71.64041557552055,15.305219647695894,1.5489956390629727,69.32235182259171,2.525043669780512,6.239846500042555,21.46879853187402,3.1609173887992674,36.705880345662436,16.381438198410013,19.287624443052074,1.967501593939011,6.445410324442582,10.025235832637149,17.874665714914652,3.420284780578898,23.170906255251783,1.5032320808182877,1.943466406067826,14.674246682024473,77.9177357021533,5.805360087489505,27.757348190524883,7.421771749499744,311.18198699174445,6.534832265909719,1.9763624748144872,20.8151090357277,11.025639518761983,2.309664800817251,4.782463598555553,26.482173104386725,4.533676958289961,6.3444483348895115,67.22545083418211,34.67329985397516,4.166666666666666,1.316309657962802,2.9879358601494825,4.254963628607138,3.913168645514914,4.044288449645593,0.5218253968253969,20.829165569048936,11.358156396620123,17.3285962681853,5.517401458190932,11.302141348196175,24.7267958959576,5.329868818821439,17.16484133835022,78.07158626244362,4.472918843608499,6.945428745660943,3.839168247944339,1.0,262.4049212678448,10.142095257834088,4.971883477541639,24.67846862696045,0.9067665571975917,15.041249070989783,14.019715882145631,0.0,2.6666457811194655,4.1400692387534495,0.0,3.260277569294597,6.438460640666523,1.8624278255363447,0.0,9.787323701410388,0.8300645714438818,1.7777777777777777,19.982791866175354,57.21558378385246,0.0,0.0,1.3349702380952382,19.062557435254803,3.1762132614948335,3.0121116883852386,35.28946675065627,3.6804507182990154,23.437470311909166,1.3713048715150509,1.8811641491256097,9.588967666463796,10.423854709072762,0.8103832442067737,4.856798113880157,0.0,76.00921002067453,2.843929587517449,6.686659977671641,2.873569486365739,14.698931179650726,0.0,0.9813936781609195,6.5734281244453365,3.8710360180754915,78.02793097171622,2.8993055555555554,0.0,0.0,0.0,0.0,0.0,7.61214872405405,11.10807520366344,0.0,0.753448275862069,0.0,2.2211795166298844,1.5019654674827088,6.690923555163153,0.0,2.34940427219839,2.0032059873391144,0.0,0.0,0.7577972709551657,0.0
7150.442412702883,931.9295227947927,2027.3556474774114,885.9384789581213,2485.6669371313933,297.770580697375,1035.549946758545,712.2128934459596,1541.9103547111295,1650.7338638893996,432.5464200314123,443.402664781476,247.86206059113564,386.5335841932508,798.2540380936754,189.97191055388728,1083.485368571478,346.50129754268363,328.40139743797755,510.8338356252572,96.79032877674722,594.8303814572641,313.95406692488865,700.3716517257756,770.3297033860933,73.59208899479708,151.74129731716755,231.50739124621165,729.6792382524113,231.6258421782049,174.68743187671706,157.93464195586037,27.13116110418218,390.4359491293142,298.168391183798,138.65947471266261,26.981354299963524,161.9063037133773,104.4025537443008,86.7379311525902,174.60957853729226,169.67232900285333,271.8320414353748,78.71041090507502,30.95356741390062,151.04358921511187,6694.879156097995,21.036019323147812,121.17465567415657,58.39813082613778,15.223770844113686,91.2135481303829,147.6998158632168,18.57015863252668,37.13544312678904,119.70554808505734,33.15606664756079,19.98733472237605,50.63254945504439,57.942745000448404,126.57466345244619,13.044742872147102,57.73718055615517,8.029426797756752,102.52206186387819,64.23302211654809,261.3463033551879,101.85613369993723,25.377289977131,423.01766827397563,7.202495560519647,28.832792488764568,189.57805890390793,10.844733978950666,60.54187520306325,14.82728187784926,13.296616208340353,52.24820257015273,9.183035492148793,83.32233827297868,26.998894525488748,11.551995353926365,43.86278117668424,17.49163256994982,17.725241424523258,16.289266268110392,18.939232158766757,48.60586400902426,30.510972431060907,16.57167353617819,26.972781481203455,53.457553799056264,54.13980967717312,17.755943006004006,3.6595815902577917,11.614070072647658,85.86786418238624,2.8611180613115867,5.114476233946677,3.0202723946721544,12.30586456162435,4.4088025904437815,33.855857532857264,3.3555586326734788,5.237063373255995,31.530519435376913,132.32028165015265,9.71060233554076,3.5609619479009047,7.593037155053742,2.001194295578532,5.9050487288932665,2.212553051799094,37.053474933673556,18.181510704903562,20.51048244865099,9.329700812499903,4.528627324780099,60.03280675347607,322.03166949855324,6.736302437641723,4.168568271131297,2.990379941798009,0.8523024594453166,48.79402738646702,14.245602903209761,33.54340214782025,0.5362996593986431,10.729713964832534,13.654731980353294,22.246352509806815,17.447896244879004,52.45529190804872,0.0,0.0,29.165034124365658,3.1823815073815074,7.109593234390911,1.3852746212121212,5.42053652844459,104.91037699333386,0.0,18.554717900498712,13.67108297939342,3.3789981869184453,3.9384345975833255,22.39252265222679,27.407716027358884,1.4309023609443776,15.764534213699699,2.6933750961812186,10.551604961553942,1.6561945307593566,34.97993137619281,123.41569977201904,7.627702109148688,2.205305975420918,29.862388897747515,2.0889739908502585,0.0,31.877846023206857,3.729296744714754,6.19733742100897,2.631593663106268,1.896092796092796,20.438386740962894,9.538874424228565,1.7708333333333333,10.42034238338644,0.0,8.503221237990145,13.326373079977108,0.8550589150078947,0.0,12.41101282211416,36.528371756350445,2.124209476894206,6.848772942225323,0.0,5.726216866056768,32.05086523782994,242.56763745757993,2.0287822718241437,28.285937638904773,22.441517949171008,1.8434848881277452,0.0,9.876117842580008,0.5083491950295568,5.186823165398992,0.7007641126809483,3.941504519016834,0.625,19.324150187269936,0.946335908100614,0.0,90.89778087579607,20.483361161564194,3.3409151962189725,74.07682967683127
973.7334308089125,470.83409063308545,341.49107781189036,208.19328549801463,430.92902187232204,104.77770265074436,168.06450300431268,391.2198063664265,80.61590213621947,407.74196284546025,141.91512956805624,193.01113105971376,401.521621454246,278.7213972918056,144.9467884893293,156.17686933715018,377.77941578739967,157.84374630361884,48.41948939181808,249.53490606557142,182.8891317293831,514.4670333206298,79.16547320682659,282.6151101692917,157.6253083852726,97.4511291725202,121.67424753934714,54.60853777872529,70.95377207206502,60.74375974114188,133.20686756121805,117.06318750758685,310.9392499687092,60.84054252002139,47.42191785232319,158.59766966426938,144.54109035438321,59.702089683987566,38.74122411155788,21.401303651137795,51.039944461713034,103.4435853985443,22.05470601523233,131.72440775860153,27.611320922803483,61.07468552832329,46.62547219870269,48.189531664645095,11.575265341923366,6.375869686063775,54.28189207593232,130.53212023215264,4.898489102130473,4.092394812789549,9.33927179058758,2.749669564795615,27.89546610317668,248.63840359873709,2.281385281385281,79.85001902984256,5.205175915702231,10.395866560340245,17.299112978524743,36.87184432729965,68.4483111681563,2.9899093874657785,4.064122917820229,4.12920016491445,18.394271664008507,25.86689212347107,4.689989652160705,2.2727871358996583,16.694487260613972,13.121128871128871,6.969790831654794,1.928332896156868,1.023846631404771,89.30580731699881,30.813392747603274,9.076464158231076,7.8734666496294405,6.3119095816464235,3.11888518749421,7.861966636734438,2.383838383838384,13.148737888399541,5.137949039264829,4.193376068376068,5.643204331174256,0.7462521058580172,0.0,6.0419074630897285,1.6408730158730158,1.1258923824713298,2.0450231042903457,2.056166056166056,1.6891467727674625,39.90472938073891,5.218228652439178,18.12241129481389,2.5095430884904566,49.544198653531005,4.794632251528803,3.97208298524088,39.52009969647258,0.0,0.0,1.957001332001332,13.493261488540126,2.8576441102756887,1.2202380952380951,32.79717948221817,17.77606555238134,2.839285714285714,1.0548941798941798,1.0857963875205254,1.0633116883116882,2.674279302568776,0.0,0.751688525395422,1.3789572496469047,6.699561403508771,11.348315177034868,22.986316802106273,0.0,2.179414080071975,5.44800839302719,6.174608375506963,36.3060867937846,0.0,1.323232323232323,0.0,1.0714285714285712,115.40227461168931,21.104378817139708,2.709141857168173,7.774708635140966,2.4607142857142854,12.23879854713188,3.4328266996166192,0.9503023431594859,3.7298141030776044,9.703808409635476,0.0,0.9131730842257157,0.6096681096681097,0.0,0.0,3.651002506265664,0.0,0.0,24.42593979174074,0.9311032105149751,0.0,0.6507936507936508,0.0,8.281975772765247,9.808800410116199,4.981046365914787,21.112447703872384,16.524283465072937,14.01687172476646,0.8671679197994987,12.68736825524115,3.5560515873015874,0.8333333333333334,0.0,10.814157285209916,0.0,8.932268170426065,4.494298099561258,9.437083419226276,2.144442545758335,2.705836561099719,1.681929181929182,0.0,14.274910031488979,0.9785475931498315,26.81230252432545,0.0,1.6666666666666665,0.0,0.0,0.0,0.0,0.0,3.9599567099567095,4.027777777777778,0.0,1.6944444444444444,7.16564454064454,1.25,0.0,0.0,1.8719555298502666,7.763701211069631,2.0,0.0,0.0,0.0
355.12439431402106,111.70217601718717,106.95050202578044,52.37755713396469,147.09938350340136,26.12982804232804,27.139786608680616,64.70119849286516,27.460401921711444,101.72622197026958,22.506026352670695,127.74619780572161,111.20925925925926,28.146043771043768,36.31723592214664,9.887566137566138,72.06364337822671,4.690476190476191,2.3376623376623376,59.70365157067022,63.77536375661376,165.6338842534407,9.779541446208112,46.755821786735765,41.17050894431846,14.92195767195767,35.82579495614035,7.879777938111271,26.04383116883117,32.964020767592196,14.025661375661375,12.753968253968253,53.81209798734309,19.371267951625093,4.734247234247234,20.221395502645503,26.72089947089947,8.066578483245149,13.640589569160996,2.583333333333333,26.938010204081632,54.597883597883595,11.2927059712774,25.038359788359788,10.714285714285715,23.134920634920636,12.338560334528076,1.59297052154195,1.9285714285714284,3.6587301587301586,10.707387495021903,8.635762385762385,0.888888888888889,6.9642857142857135,1.3095238095238093,2.00302343159486,14.135141093474427,73.73831178528759,3.3342857142857145,26.01772268736554,7.29875283446712,0.0,19.918871252204585,20.994179894179894,24.893726379440665,0.6055555555555556,6.416697668650793,1.9047619047619047,0.0,0.5555555555555556,0.0,0.9325396825396826,7.395022614780679,0.0,1.2857142857142856,1.5476190476190474,2.313932980599647,92.80096284141983,1.7142857142857142,1.6845238095238093,6.592592592592593,0.0,2.9365079365079363,3.9388888888888887,1.0416666666666665,12.837301587301587,0.625,8.235185185185184,0.8333333333333333,0.0,0.0,5.731601731601732,2.0,5.796296296296296,0.0,2.5,4.158730158730158,4.952753339850114,0.0,1.388227513227513,2.8472222222222223,7.407863355780022,1.513227513227513,0.0,0.5833333333333333,0.0,0.0,0.5555555555555556,10.068783068783068,1.7901234567901234,0.0,1.9355819479517395,4.851851851851852,0.0,0.0,0.8333333333333333,0.625,3.2936507936507935,0.0,2.0,0.0,0.0,1.5595238095238093,5.092592592592593,1.0,0.0,1.632275132275132,0.0,8.424768518518519,0.0,0.0,0.0,0.0,14.364545454545453,2.113756613756614,2.00302343159486,0.9166666666666666,0.0,1.1613543266769073,7.999999999999999,0.0,0.0,0.0,1.773431594860166,0.0,1.3518518518518519,0.0,1.6666666666666665,5.925485008818342,0.0,0.0,3.720238095238095,5.058641975308642,0.0,0.0,0.0,2.7777777777777777,6.5476190476190474,5.862433862433862,8.162037037037036,1.1111111111111112,1.1111111111111112,0.0,3.4801587301587302,0.0,0.0,0.0,0.0,0.0,6.067901234567901,0.0,0.0,0.8333333333333333,3.09018759018759,0.5555555555555556,3.016754850088183,0.0,0.0,3.9227182539682537,0.0,0.0,0.0,0.8707482993197279,0.0,0.0,0.6666666666666666,0.8065476190476191,0.0,0.0,0.0,0.625,0.0,0.0,0.0,0.5555555555555556,0.0,0.0,0.0,0.0,0.0
2781.7343252093747,1139.0305278135581,1094.5768010668185,426.71123551460363,761.6893107797922,151.24074798449251,187.6126391157015,247.6854787854793,271.6713649854698,984.4539180997319,224.92871988068566,137.21496940714465,559.1996289478052,287.7690221370067,318.4122253138034,218.46476815630803,634.8202307236418,176.1867116386818,193.8446976317602,365.8020709535392,838.0520900254537,309.4062064758436,107.39360997510362,477.29206317325793,265.2435247301477,250.5744123661907,219.75750595095525,60.58959446900733,486.5593078679216,253.0271368086507,72.1680810526931,105.07162655740245,156.93131746504793,85.93901805178481,105.38843186538759,128.5632676149189,10.382980350259762,9.943921715109795,81.9767243570968,59.39295354928748,104.21320140871742,32.770587419014554,73.37117808785842,97.58814489713198,15.678683947530379,8.55618303454576,236.79374323700463,29.4791874281764,90.66511733090059,29.510823107677638,6.913118042324767,2.203414461542345,44.54137877065073,25.934677753344825,11.87639283875739,55.31339503955549,10.915838005805112,167.66579751529275,24.39483053771509,168.67454511235383,27.73452869644138,15.479722163013571,11.367271694355027,31.657556933918993,74.96052814957271,0.7574619494262351,8.701812808550669,22.217188763566195,10.81242825951064,17.66339008397125,11.509811554374966,17.034947058784557,79.70203950139498,5.448233440106505,8.955480597957065,20.375583830860055,6.812597714692887,7.677655677655678,16.884783007025653,2.2561373494702672,74.34761447535016,3.0222388926433044,3.2638643047869236,26.0258798330296,24.488887703880607,15.132920069703204,7.261652767730001,9.189551196268985,8.926138538234033,7.4078105803016925,11.680697605817542,83.81884043250122,9.755101434513199,8.083843089744793,21.546870952838805,56.203150059625806,11.655101431523539,27.240894236840443,8.820096943242902,10.438930493825167,3.367786004415261,48.80078442333961,9.307334988920454,5.507468577457428,12.89886087217734,48.1949711038483,47.65457495948431,1.5788442649787189,12.456935434933047,6.067994505494505,3.7485700579824592,20.81911502289884,6.201025472408664,4.174447251484603,0.6672794117647058,8.808868291651553,1.192020652958153,23.056569765716837,13.56969996623358,14.108746133499512,13.770729919128552,4.800814536340852,18.616193354221977,0.6372793872793873,87.99389187868198,21.650002784968578,6.6979948375037655,4.617560176751353,51.09051038328349,14.368690097064478,20.847156852609363,7.895913711249845,3.1158509700176364,55.13516388836168,4.947475516522923,9.69896952905217,4.465532065388554,3.0765151515151516,5.393272609313631,23.50311673053363,5.762098778905502,5.481388979411808,3.024260807502229,12.255748244810745,10.35464097091419,3.052066517600988,11.83682546222697,6.9383398006076025,0.5158730158730158,9.095786634389576,3.8245110544217686,2.879578091488821,2.1138392857142856,8.859004773406946,1.1985930735930737,2.122748778998779,9.446663475024819,2.6919716857216858,0.9487110112110112,94.29664003805159,1.0049015276082538,14.607537432781735,1.2670818764568765,7.788158700684211,6.866194570214501,8.51833480790231,1.9070533815599604,4.781723740798818,18.792710622007906,11.819005916377101,1.5819275340283743,2.6660955531639026,3.0807250240299777,2.1424270174270177,4.012291357879593,1.9592316724669665,7.062798721841549,3.634226214398628,30.01500347330824,5.292294693610483,1.692492527313956,7.6647674380757085,2.6484088827838828,1.0028789293495175,1.7551973471574862,22.979393556929306,6.031444534961369,3.4764172525610433,0.0,0.0,1.6312192409662647,4.8374368686868685,3.1165408252461826,12.854063121195177,6.336977212912455,2.1461139056114544,0.8218970843970843,0.8678637882585251,0.8463573463573463,0.6382275132275133
4397.195352454833,561.0332912605238,931.7585467409122,1269.367772962343,735.4259879547513,73.39055957284444,238.39328267444338,410.5660582839868,112.72254135613358,2566.8933333496198,557.3762143866256,264.46603301914,391.5354737646763,238.60214001043954,462.99750007086135,195.5998301506718,766.2167142635275,721.9005016149264,256.19175761571074,53.23811545209815,475.698131152209,440.0972260778965,432.0610222138769,284.1304925510565,472.51076945171883,73.27554378099254,297.8720728014363,116.19379803327111,503.0023324749684,2359.5471082801496,197.85929009989397,174.24192659395985,151.74411330867784,283.47621125029787,206.61102972983102,231.8762394129535,63.12551344173768,32.867781708140484,92.87637820516156,29.76472511389602,73.67795950436377,22.558772222171118,380.6245522926598,121.74815689032044,204.1557016220461,59.87243628071495,750.153691295297,75.41010456849438,39.273587034785784,171.35279973576152,9.510628138764549,1.6107330671732294,26.31541268419716,91.7340627804298,55.9411739902268,285.87712441989896,0.8185786435786435,2.1998511657388953,172.58203627934827,1027.0847903669166,279.46869835504515,50.023867283921135,16.717970848423857,2.8759279678636136,783.8829520935968,106.62142788292473,13.836125406159212,74.98565462314474,43.19831419669655,27.340391791396694,231.44064006076937,83.09600403030451,334.3810927264452,0.0,67.85207276328352,130.65212602784865,35.38989038653679,0.0,4.235584683056525,103.39998214251645,55.265070843703406,0.8333333333333333,123.75991054089529,46.179644274383115,141.12767956194187,250.60429424291172,42.272159954246334,6.707627248914195,40.895199925190624,7.216552136667079,14.89405314598729,176.47239158635796,8.585361292665214,17.71435304499544,18.470625138625053,99.03790877088629,21.603252814856113,0.9162574733695423,3.468837309442159,8.440814535111521,6.233971465844776,9.327368027901585,169.05117940051218,16.07246861707646,8.931380648218884,13.552626698827678,23.602695990012165,7.4674423689064975,23.256980943702846,2.8371848739495795,46.05187214924284,11.73047378094092,6.037280352620109,26.029149197779375,3.1361058041450196,1.2716013100352181,2.9671954413949484,199.71131680258205,8.686508997538409,0.0,217.61787712559772,0.7824074074074074,33.54172153904297,3.1528201437270065,48.428022787397786,3.7026706248239543,85.33627472026453,17.59679229554698,3.382198361921757,2.135034013605442,18.57608071760597,13.841391690775927,1.3650793650793651,1.2849765974765974,3.3891550138573945,87.53227645857847,20.226319903123123,0.7587881576640874,3.133041738127522,28.15081137421075,22.932608100711548,21.918987813422397,27.416680539874193,25.25226526831919,8.061803626594026,0.0,5.845476351460124,1.1553571428571427,0.0,1.077924694652636,0.0,18.638690299352064,7.330422502334267,0.9977515910578791,0.8080808080808082,2.7301587301587302,10.196277246530796,10.761337275651002,5.4456282398016675,0.0,0.0,0.0,19.377543721945287,7.2147817569141095,1.6399884259259259,10.662181331630705,0.9873677248677248,3.565207474306739,8.374487936937227,0.0,16.307494737211123,16.911200069603975,17.442791005291006,3.8971688034188032,47.88546061218475,2.30762987012987,5.285419782413407,6.13796278839171,1.7486370542912124,2.4530875015788807,21.7358409337576,1.207349164245716,0.931325259989053,0.0,16.16325696135745,1.732626238140944,15.704536510116867,1.1486953577727386,0.0,0.0,9.546862761287565,0.0,6.258431537598204,1.0627289377289377,26.185891723498514,11.361255606231095,0.0,2.8703703703703702,3.2590002402375626,0.0
2140.121591687323,1036.0281807850417,849.5088417727711,318.32176115862603,331.6240912772285,317.93948461097364,151.53206408186273,292.79828292282787,140.77776524746915,1031.8033529821428,175.3441314645636,494.66177233640286,490.37311913834196,364.9980188829011,153.33017283873266,295.3831862473304,476.2860164615951,44.112624730691756,98.87942865451518,309.03541720087037,334.57938645897883,278.65357890183463,124.77755420153515,279.8253610645998,198.01918618954537,281.86033196797865,264.0915079827968,75.09453163299632,130.2970032547984,151.58952841999673,43.765103901932,114.03777834959334,609.5712457007595,66.01806134462727,92.42110578160441,108.40771481705364,54.290706946310394,11.109632449287622,107.71916200736231,24.83741369759756,34.269568623920016,42.0914568021566,57.20182578087887,147.35158595451298,33.57784868763835,41.12784210863028,37.21279006773091,26.966551591923466,22.21734006574194,20.46032253704093,20.356451460920606,42.80974238086307,24.747188183680617,12.165701715390592,2.6931099082228047,13.82073898671643,35.74564448961001,284.21365421704934,7.2078459535356085,111.76135483337923,37.88306138475919,5.680990460157126,12.559048510557131,38.98929290164922,54.51098885760286,8.966910602624887,5.3529814267083715,8.221171810765407,8.336737069776799,16.90821716738685,17.55093888391302,16.711351388075524,31.759855829444078,9.714517921414473,7.219205586003758,11.668502448826422,3.8016946588298657,4.425990197541922,19.66382731253421,10.944183081129882,20.80044664852414,3.729090354090354,5.571285737387954,3.7650581248925166,10.55955540213059,62.84914898889652,19.107716170953466,3.3125,11.106670115598687,3.2971168265285913,4.492309145880575,16.650013248713663,2.9497354497354498,9.052506691231736,7.165702947845805,9.729490853469983,2.564969422112279,52.35335377938899,9.522934452429526,20.84532826008316,13.316819329031972,102.3550094849048,14.249002427532698,2.518497679916853,60.292123777994355,8.268900640789415,9.576038777717542,0.7308837850709773,10.142098236157834,3.2539682539682535,0.610866316223459,30.95677518030707,18.392890970023455,1.6802232854864434,4.117884510125889,3.8619047619047615,4.409724295500157,6.230691239825066,4.762484043734044,5.7163979337892386,3.715528535288063,2.7079228243021345,5.295003164317338,0.0,4.640673947615872,26.198853442943605,7.323079147483909,3.77756734006734,38.087039216186554,64.76087278781245,9.939634439634439,2.7464096749811033,0.6628787878787878,177.8471285405947,15.318246237889094,3.1245584588298945,6.366996011803073,2.2803776683087027,6.768939393939394,13.533393549332743,1.3287037037037037,2.159922242916429,7.5683621933621925,0.0,7.085721157149728,0.625,3.1819989155353428,1.626984126984127,2.388888888888889,8.74419211057142,0.0,18.657354960854413,0.0,1.0714285714285712,0.0,4.08471359558316,6.075231910946196,3.1676234844338294,0.6009615384615384,40.420185359932894,0.9569346864428832,9.03854723707665,1.0295141480486307,8.11177871584583,8.45582955404384,6.21882002721583,0.8880914407230196,11.009343570372982,8.540247270794003,13.965882079796438,1.8985195838644113,11.183932925312234,3.0173097974822114,6.9449441945693815,0.0,1.816810344827586,5.489311215604319,3.9642857142857144,54.910743237743134,0.0,2.2400793650793647,0.6253306878306878,2.7272727272727275,0.0,0.0,2.709089674477281,2.9956393509025085,0.0,1.5068874293012224,7.5171957671957665,4.0787545787545785,6.98451416878141,1.4091553287981857,0.6795634920634921,8.346377818804289,7.331890331890332,0.0,0.9401515151515152,0.6084656084656084,0.9953703703703702
1930.6938944811168,456.74106544853987,555.4315227661908,110.69344987619876,382.65006386473226,288.9998927914341,97.55880716641157,106.52252619690795,460.78761506985217,322.15641608065687,56.51630371814891,123.54005556073547,105.5181829690953,107.67730316713143,119.81965976060572,54.129006402591635,400.84620999909396,64.3110925123411,50.970269713296325,82.9716859765382,40.37904483918712,67.61807427256088,30.177705666477998,113.38302699990474,38.419866759107876,6.639616588455628,39.36620156065971,8.77648205687531,42.30519479060932,30.653518394914254,69.43952598421315,17.491986928082664,2.441159622820404,16.87938604297346,34.757042312860804,18.882110665922742,11.649256182938935,36.04435053030936,51.82032998710705,8.382628003250245,12.387079882624501,64.1288571152638,18.209924664435732,19.88630534242779,2.006920619337158,34.59258591820428,262.020084221451,3.0968608735726963,3.6053128070433345,12.13810493090975,17.177504408689614,24.286545101735136,15.915999131984744,12.524491336859388,10.32664542031977,7.6695100049127545,41.74798126888718,49.633777895604936,2.816588402303799,11.845101366725228,7.99816444812685,5.6026929033428186,2.4358539892035993,3.5912353595653146,7.07383766193376,10.487294210157376,8.868264553435878,20.746698940009058,2.235895106569463,18.887533848750316,0.9955955319897165,3.731538812530241,4.767978463234773,20.15209151792585,0.8833142084397294,6.40624573806312,9.000806267793571,22.26749045772155,0.0,22.173012218361706,23.222879645307202,3.0975459687704583,2.245854089221436,2.141403519851796,3.789264835693407,1.627966919311043,0.9900703021048993,7.704766330130233,1.1119856356925322,8.055474457479109,9.24473632311508,0.7292621171931517,7.595374877223616,11.98259856721839,1.9683145239907254,3.720632722960309,12.381395891690008,0.669198869392395,0.0,0.0,0.6351795017347446,1.2986835428247336,0.0,3.0273235961051084,1.4278054464385448,5.296998712272859,6.8639493123139745,2.3907000156384393,2.710701432344336,10.261868323884912,5.676165158049394,0.0,1.1473114916464668,2.379803745053776,5.380760297903155,3.802119052787596,1.9260514647716078,0.7829610758243764,0.0,127.18327025392851,0.7320861678004534,0.7927912703542956,0.0,0.673731030873888,5.609411076850714,0.0,0.0,1.5571329927319764,0.0,1.2647529979830063,0.5326659092755877,3.0066666411494,9.583620976376263,0.0,0.8751090179661607,0.0,0.0,2.3164280662257437,0.0,0.0,44.02983650985219,0.0,0.0,4.268930733491173,0.0,0.0,17.169002730790204,5.459460579103436,2.846500651542668,6.2390889617838585,8.895635798441921,0.0,1.7673056418704678,15.531428490189924,56.64069861011438,3.986167717614296,0.0,0.0,0.0,0.0,2.538107298087273,2.999689160940503,1.6118283881315156,0.0,0.0,2.2508678471388555,1.6841188856494977,0.0,0.0,1.0946610274548347,1.123222016079159,3.5625882536922813,1.2642330741820538,0.5692765567765568,1.36682090292224,0.5663663733891825,0.0,0.0,0.0,0.5625263898662913,9.667789509545878,35.422708124004124,0.0,9.70384927997173,18.271971042975498,0.0,0.0,14.16124417458134,1.3416825283628901,4.365699844275671,0.0,10.044318371830686,0.0,4.004129045557617,0.0,0.0,16.458503754775872,1.5427451803232115,0.0,19.70113439043353
444.2634605401741,48.57396953924596,81.3961893281002,52.254850210729295,69.32162714997219,46.205568982935056,45.83951395191325,39.45731910351855,70.69358733198018,32.51425158206836,7.2812430437227516,10.669195547618166,130.047186530612,50.28170974900712,21.652734788359787,16.565672386475956,72.17037136578035,17.65449035567064,6.528813838278124,45.53266674002262,25.035116764486872,30.384981560607375,20.303698513237205,51.29134643337839,8.065500440917107,0.9908339345839347,49.42855397688731,9.26834529007148,61.63857393378227,6.851223356224783,5.604477004477005,4.385171423367771,1.3090739834746683,33.468513090645125,10.231052543135876,26.740801582125986,2.09421977124183,14.550681852869353,18.295012378494523,25.92933956750921,59.55578340310483,6.756131553948335,13.211648645115908,6.129270181978515,10.925449383256991,17.964549563641825,11.423721688794462,3.144286616161616,11.029711766068786,2.218264652014652,0.8549933862433863,6.368087213712213,21.765819051979765,11.907261904761905,5.822985002761788,0.85625,0.9840277777777777,0.0,1.9476686507936507,0.0,0.9850777116402116,6.470543345543345,2.4593148419041277,0.0,0.0,4.5140489946361155,7.599276048026048,1.3747558922558922,0.9892857142857143,3.698318492453766,3.5166290969515854,3.456681075207861,0.5902777777777778,1.377662037037037,1.8940641534391534,7.671733712715855,1.6281911375661375,0.0,0.5669261294261294,2.6494212315824353,0.0,1.6196443602693602,1.1373567019400352,0.0,0.7916666666666666,0.0,0.0,0.0,0.7351438492063492,2.3729675417175415,0.7807666870166869,0.0,0.6612929894179894,1.0102513227513228,4.360517132779037,0.0,0.0,0.0,3.096962505087505,1.4473875661375661,0.0,0.0,0.8931933421516755,8.127058319766652,0.0,0.6024155242905243,7.520303831970499,0.525173611111111,0.0,0.0,1.8002638234781092,0.0,0.9787164224664224,0.7862813938706795,1.5259157509157508,0.6537698412698413,0.0,0.0,7.349116591080877,8.727441331816332,0.0,0.0,0.0,3.182638888888889,0.7248677248677249,0.568576388888889,0.0,0.0,0.0,0.5721500721500722,0.0,0.0,1.2756291305092675,0.0,0.0,0.0,0.0,0.0,3.458293178382464,0.5065972222222223,4.8693474207172835,0.6534391534391535,0.0,0.0,0.0,0.5168463511736505,0.0,1.2998015873015873,0.0,3.291393849206349,1.687169312169312,0.0,0.0,0.0,1.9693681318681318,0.0,0.0,0.0,0.0,0.0,0.0,0.0,0.0,0.0,0.9052166005291005,0.0,0.5986507936507937,0.0,2.155191798941799,0.0,0.0,0.0,0.0,0.0,0.0,0.0,0.0,0.0,0.0,0.0,0.0,8.936323768823769,0.5536954365079365,0.0,0.9474206349206349,0.0,0.0,0.0,0.0,0.8640491452991453,0.0,0.0,0.0,0.0,0.0,0.0,2.1892230289551717,0.8333333333333333,0.0,5.787540584415584
448.6082376766179,73.79387694665337,59.06980043921131,53.810405766284845,127.56468270552774,48.42779120515728,65.6371329995323,47.133245029444474,226.62910320499606,91.91991536273214,4.4687430437227516,21.558084436507055,99.1067103401358,80.9073711246685,28.319401455026455,16.565672386475956,89.20752865293764,15.154490355670639,37.144554579018866,60.54192599928188,27.400196129566236,74.04226871789453,19.192587402126094,51.29134643337839,8.065500440917107,0.9908339345839347,140.0283214933215,9.26834529007148,105.15111000881834,6.851223356224783,9.1372150997151,4.385171423367771,3.451931126331811,21.801846423978457,10.231052543135876,26.740801582125986,1.9961805555555554,12.050681852869353,16.350567934050076,24.262672900842542,23.555783403104833,5.922798220615001,13.211648645115908,6.592233144941479,12.31433827214588,12.964549563641825,8.328483593556367,2.917013888888889,11.029711766068786,3.551597985347985,0.8549933862433863,5.951420547045547,21.79668324951063,4.407261904761905,6.656318336095121,2.5229166666666667,0.9840277777777777,5.595238095238095,1.9476686507936507,0.0,0.9850777116402116,6.470543345543345,2.7718148419041277,0.0,0.5208333333333333,7.291826772413894,7.599276048026048,1.3747558922558922,0.9892857142857143,3.698318492453766,3.5166290969515854,3.1233477418745275,0.0,3.988773148148148,1.8940641534391534,7.671733712715855,1.6281911375661375,0.96875,3.1264499389499387,2.6494212315824353,0.0,19.036311026936026,1.1373567019400352,0.0,0.7916666666666666,0.0,3.52037037037037,0.0,0.7351438492063492,2.3729675417175415,0.7807666870166869,0.0,1.5703838985088985,3.838534151034151,2.3605171327790373,0.0,0.0,0.0,3.096962505087505,1.4473875661375661,0.0,0.0,0.8931933421516755,8.127058319766652,0.0,0.6024155242905243,6.838485650152316,1.6362847222222223,0.0,4.495097439660795,1.8002638234781092,0.0,0.9787164224664224,0.7862813938706795,1.5259157509157508,0.6537698412698413,0.0,0.0,9.432449924414211,9.560774665149665,0.0,0.0,0.0,3.182638888888889,0.7248677248677249,0.0,0.0,0.0,0.0,0.5721500721500722,0.0,2.27281746031746,1.2756291305092675,0.0,0.0,0.0,0.0,0.0,3.458293178382464,0.5065972222222223,2.091569642939506,0.6534391534391535,0.0,0.6666666666666666,0.0,0.5168463511736505,1.215277777777778,1.2998015873015873,0.0,0.6247271825396825,0.0,2.4635449735449733,0.0,0.0,11.112225274725274,5.864748677248677,0.0,0.0,0.0,0.0,0.0,0.0,0.0,0.0,0.9052166005291005,0.0,0.5986507936507937,0.0,2.155191798941799,0.0,0.0,0.0,0.0,0.0,0.0,0.0,0.0,0.0,0.0,0.0,0.0,8.936323768823769,3.3314732142857144,0.0,0.9474206349206349,0.0,0.0,1.0181051587301586,0.0,0.8640491452991453,0.0,0.0,0.0,0.0,0.0,0.0,2.1892230289551717,0.0,0.0,2.4542072510822512
1060.6091290129036,377.898707696352,355.7800233571106,153.41447756876448,543.9234433376996,76.81360470493534,166.21017446017444,310.95961109776897,218.3356418669886,340.7957338884758,74.63621570879636,103.20758008948798,513.4130617499925,144.3846915096915,103.8293018621966,90.2450766705985,247.75291095889213,66.8535877467329,91.06848032142149,166.85268260772293,104.1372417059917,131.70942812521758,70.43846525096525,125.35886779636779,118.62562562562562,19.139544306210972,142.00378760795428,22.494207629288272,190.93921356421356,36.226381684715015,78.34757542015606,20.100358422939067,78.23559050776792,52.25525525525526,12.57258064516129,23.398523523523522,65.23490022280345,26.297369238308516,16.37134009009009,47.1631006006006,20.066482066482067,9.084620334620334,27.065547365547364,22.638982711563354,11.558308308308307,12.936904761904762,12.796332046332045,12.38425925925926,21.625,9.555555555555555,24.697030363697028,3.375,12.34126984126984,8.58115468409586,14.768518518518519,16.55955955955956,7.5,115.28772358711875,41.70020913770914,26.88888888888889,18.796296296296298,9.958333333333332,18.819444444444443,30.470584220584218,29.662952787952786,14.424674674674675,5.166666666666666,3.34009009009009,16.17063492063492,15.791666666666666,11.953703703703704,36.81719219219219,21.234555984555985,10.208333333333332,9.862387387387388,21.36574074074074,16.418621176685694,4.34837568661098,1.25,17.368055555555554,6.61768018018018,178.25707606957607,18.452380952380953,5.730820105820106,9.286518661518661,10.841269841269842,14.430367867867867,10.38888888888889,9.86111111111111,6.625,5.583333333333333,4.922372372372372,3.6805555555555554,8.63888888888889,6.953703703703703,24.125,26.17671911421911,12.79431216931217,16.666666666666664,7.637387387387387,0.0,6.079673423423423,10.333333333333334,12.635170885170885,7.777777777777778,0.8333333333333333,4.166666666666666,0.0,8.175925925925926,0.0,1.6666666666666665,10.324404761904761,14.777777777777779,4.375,3.02027027027027,0.5,5.0,3.083333333333333,1.9047619047619047,0.0,4.481481481481481,3.6210040685847136,6.756756756756756,0.0,6.111111111111111,7.361111111111111,3.9999999999999996,11.472222222222221,23.597955097955097,1.8055555555555554,0.0,3.607910906298003,0.0,0.8333333333333333,16.99810606060606,16.47222222222222,4.333333333333333,9.966666666666667,1.9894894894894892,0.5,0.5555555555555556,0.8333333333333333,6.006944444444445,1.7012012012012012,8.045045045045045,0.0,3.611111111111111,0.0,6.449926900584795,0.0,0.0,2.892857142857143,6.875,7.277777777777778,35.69444444444444,0.0,3.9666666666666663,4.611111111111112,2.0,0.0,0.0,0.5,18.61111111111111,2.2916666666666665,7.4508547008547,0.0,1.6666666666666665,1.234234234234234,6.468253968253968,7.52027027027027,8.873456790123456,4.583333333333333,8.666666666666666,0.0,0.0,0.0,9.158602150537634,0.0,0.8333333333333333,3.9305555555555554,0.5416666666666666,5.44047619047619,2.5,0.0,0.0,0.0,4.321696696696696,4.207070707070707,0.0,0.0,3.333333333333333,3.753472222222222,3.083333333333333,0.0,3.75,1.9444444444444444,0.0,0.0,0.0,3.333333333333333
1619.7923136016027,246.99245072942682,425.6682790055931,506.1020334121552,628.1834825158494,588.6504886952754,220.02349256189515,839.1817292825875,76.21821140338899,140.88192576060754,105.96384611380702,170.3067662134543,438.103121636086,132.33000755385666,177.83292746987755,97.10975075954067,458.244219000975,121.18501742975086,68.27714836597342,264.52687059298216,75.44643841953308,384.5345901666876,83.30153501321354,175.2028962198612,185.19379044147564,29.08745992521568,150.7641459986692,20.879501054906477,108.16145446039465,80.81109494315217,236.62319353163645,70.27947810375346,21.18024214033272,54.00255176817364,50.508176413294166,53.35955871226583,209.36173786232715,88.56189306359452,17.522888718696173,22.590004558046665,63.30613690866832,355.8688407174788,38.10100212918536,25.144018022641212,5.667102724625559,34.59545155018529,51.00375437333745,12.470512378121073,4.08565810196245,1.2882706464228202,202.71177463890032,234.2143082762648,12.48689058956916,21.68230196203342,21.955545765004874,24.799212390727117,37.053146806226515,184.54064882858572,25.27023421653856,34.27057783696514,29.411892536046,3.8693254656418907,26.00524123953234,202.63556046928184,24.88795673582802,8.750401013172752,7.868967642914654,3.806654039670344,55.06792455229955,22.776951058201057,6.3369707888729625,8.184830931177297,55.92473133018682,54.82682280146048,11.90452350759789,13.401445578231293,18.08061867708607,544.6327730614369,144.91665041608022,6.968123884014153,31.29853490315447,428.9793026931292,4.009076119130467,34.038361218371705,13.61340856064588,30.636073075889932,6.391299451625539,12.245595674167102,9.890297906602253,24.77660064707166,11.50280112044818,11.752322593594972,7.336309523809524,213.33759192900496,2.4484065365276546,8.83915638843175,30.635110003165558,3.787507328005224,9.014838556505223,4.566626925082807,2.409866368199702,4.6053380532547195,23.467495120028687,2.93324302563433,0.5646632956415565,54.4782848324515,12.043326465201465,73.80417874949124,10.64948477842766,19.639284430951097,17.498020718258815,10.20616461757966,0.7073596085223992,6.1782116692830975,48.317342964082094,28.794642857142858,4.033289241622574,1.9376780626780625,6.229544595616024,2.175595238095238,12.630617891588694,40.395645645645644,8.623959796514145,66.25320745076179,1.1515567765567765,1.8803341384863124,0.8018357086451715,6.0595154263860875,9.87532304162739,0.0,5.044642857142857,8.121309715512615,5.882936507936508,62.84200176366843,3.757650471312023,10.867702173461977,1.2532945208307527,0.8583527390848114,5.732397549585153,0.0,9.444444444444445,0.0,1.594551282051282,22.45243737080907,0.0,4.611444800885795,1.1231884057971013,0.0,45.52582145903084,18.38095238095238,6.02336860670194,1.9255358838692171,2.596153846153846,5.342844202898551,5.307539682539682,2.439975845410628,4.3919753086419755,0.0,13.978234018544198,0.0,0.9605508870214753,2.5,13.877702590698114,0.0,0.8414502164502164,0.0,4.2559523809523805,2.526636195018548,2.591356107660455,2.225450087768928,5.049221611721611,0.0,0.9294871794871794,3.2776999688764397,1.1166968599033815,3.3641975308641974,4.5893719806763285,0.861111111111111,0.0,21.873867753623188,7.414186507936508,0.9246031746031746,12.04777241009125,55.00992063492063,9.25,10.254881239935587,0.0,117.22777777777777,0.8974358974358974,0.0,2.523148148148148,0.8680555555555555,0.67844244535421,0.625,0.0,0.0,0.0,0.875,2.0332207207207205,0.0
396.4422297995885,84.07315785093427,79.2086893281002,65.97328455416363,61.83551603886108,65.23254917120556,51.66836699850823,32.8828241540236,86.95666453255738,55.92117798899477,23.136672336652044,18.728719357141976,103.297186530612,52.39780661510399,33.83085527898028,53.64900571980929,74.02643197184096,20.44723927341956,14.777565087029373,58.14911973147561,35.17400565337576,31.20244187806769,19.400920735459426,52.62467976671173,20.072028858735848,2.2408339345839345,39.0674428657762,25.310011956738148,39.75329254850088,10.541699546700974,16.243365893365894,4.885171423367771,2.7513816757823606,17.624357246489282,11.268931331014665,30.7559530972775,5.204513888888889,15.411792963980464,15.586679045161189,25.512672900842542,25.127211974533402,7.589464887281668,13.211648645115908,6.036677589385922,10.925449383256991,13.964549563641825,13.84038835546113,3.631299603174603,12.815426051783072,12.843264652014652,0.8549933862433863,7.618087213712213,22.078319051979765,4.407261904761905,8.933584081102802,0.85625,3.0078373015873012,2.5396825396825395,1.9476686507936507,2.6587301587301586,1.8184110449735449,6.470543345543345,2.4593148419041277,0.0,0.0,4.5140489946361155,13.039752238502238,3.8747558922558922,0.9892857142857143,5.066842441622877,3.5166290969515854,3.1233477418745275,0.0,1.377662037037037,1.8940641534391534,7.671733712715855,1.7531911375661375,5.079861111111112,0.5669261294261294,3.1702545649157683,0.0,1.6196443602693602,1.1373567019400352,0.7944139194139195,0.7916666666666666,1.1322751322751323,0.0,3.25786328420257,0.7351438492063492,2.3729675417175415,0.7807666870166869,0.0,6.115838443963444,1.0102513227513228,2.587789860051765,0.8363854895104895,1.3742724867724867,3.5243055555555554,3.096962505087505,1.4473875661375661,0.0,0.0,0.8931933421516755,9.377058319766652,1.4187785594035593,1.1793386012136013,8.505152316818982,5.346602182539682,0.0,0.0,2.6335971568114425,0.0,0.9787164224664224,0.7862813938706795,1.9425824175824176,0.6537698412698413,0.0,7.171717171717172,7.349116591080877,44.226605909928274,0.0,5.052083333333333,2.1812830687830687,3.182638888888889,0.7248677248677249,0.5130208333333334,0.0,2.807797146636432,0.0,0.5721500721500722,0.0,0.0,2.347057701937839,0.0,0.0,0.0,0.0,1.653409090909091,3.458293178382464,0.5065972222222223,9.48740297627284,0.6534391534391535,0.0,0.0,0.0,0.5168463511736505,2.9375,1.2998015873015873,0.0,0.6247271825396825,0.0,0.0,0.0,3.258101851851852,3.25724691974692,0.0,0.0,0.0,0.0,2.376602564102564,0.0,2.4999999999999996,0.0,0.0,0.9052166005291005,0.0,0.5986507936507937,0.0,2.155191798941799,0.0,0.0,0.0,0.8298611111111112,0.0,0.0,0.0,0.0,0.0,0.0,0.0,2.6297949735449735,9.390869223369224,0.5536954365079365,1.494675925925926,1.3640873015873016,0.7833994708994708,0.0,0.0,0.0,2.3223824786324787,0.0,0.0,0.0,0.0,0.0,0.0,3.8558896956218383,0.8928571428571428,0.0,3.9995288885091513
654.0642570486143,232.6237095289149,286.12633204552895,134.09185299414088,503.899530374109,74.56571986605717,131.99826094000662,444.49351493567013,53.03214645508112,663.6312002439496,92.87488275495409,115.26847697846704,549.3674694675058,75.69279050332635,89.23633714537128,37.59297639834921,279.23462094010324,16.62469076984714,46.222259908566166,223.67423292806188,176.43076062232333,192.62607674005167,90.48371822612982,103.94951190731935,67.55209195821371,47.70079114951827,156.14797437404837,69.09011508121876,43.158036898797995,22.264447064727545,44.50342695834047,36.07273207200743,59.4897160225259,11.773148895913621,29.29054901145624,15.956822617828053,30.096791550469085,100.2887539538541,14.152324415352002,4.147219110534328,59.66608373827736,19.76979193129766,28.353876932953018,11.146002149625337,3.186887805324506,5.885144927536231,87.03460540275465,6.934798092406788,2.1392295305338784,3.009500805152979,32.512634427260124,2.0603400222965442,5.495457393483709,0.5332590115198811,4.96244296833065,2.979767946282673,17.552353155432865,39.28442778354889,5.727218343522691,30.749287806333,3.5069147115828803,6.875277846594272,19.790147702117373,18.639342786806555,22.259421838226185,7.172524029045768,0.0,2.595675203691508,2.7117737586487585,3.133101851851852,1.2258596777618518,1.4869642845186324,19.262392783657102,11.403211690349371,19.8405937690358,1.127579365079365,9.821256572329226,102.56552987434071,9.060616335781424,0.0,10.266292839662405,13.093720682547238,4.245187230241578,4.7898493136098015,1.1134085606458795,2.2653572608282753,6.446855007181093,3.6798076923076923,4.056964573268921,1.570449853420868,2.680555555555556,3.4281287347648903,3.2172619047619047,10.781203040116083,1.2892512077294687,8.73320400747937,0.8702290507846063,13.76237505287295,2.0842830009496676,1.9669559669559669,10.066612399945733,5.691647577064243,1.7970547216471129,1.6276874700787745,1.0854966289748897,4.394951499118166,1.4329594017094018,2.5824652777777777,1.4439076757917337,2.0499987166653835,5.315764482431149,22.14206870326364,8.945454846617636,0.9294871794871794,4.547501694240824,0.0,0.0,2.2293447293447297,0.0,0.8946428571428572,1.6209392833032734,0.0,1.1061026536570016,0.0,0.0,3.099084138486312,4.80391532837185,10.372143255295429,46.28683097813533,1.1574074074074074,0.0,4.162976382179281,3.4920634920634916,2.9187874779541447,0.5346112556257484,1.1086077462173953,1.9549611874974193,2.8625785673471507,1.4747444883606642,0.0,0.0,0.0,0.0,2.885195256572068,0.908071533071533,2.9817679301374955,1.539855072463768,0.0,0.9393315600409422,0.0,0.9529320987654321,3.7390279473612806,3.0938390313390314,2.176177536231884,1.3194444444444444,0.0,0.0,6.345724263191402,6.474067351877532,5.538095238095238,1.3194444444444444,2.638888888888889,0.0,2.185462962962963,0.0,0.9871794871794872,0.0,1.8245120120120117,0.6657608695652174,2.6421167544355946,1.765491452991453,0.0,11.554487179487179,0.533970658970659,3.6166968599033815,2.947530864197531,0.0,2.587301587301587,6.398809523809524,1.1099788647342994,2.2916666666666665,0.0,0.0,0.0,0.0,0.0,6.754607868738303,19.63225308641975,0.0,0.0,0.0,0.0,0.5150437525437526,0.0,0.0,0.0,0.0,0.0,4.679054054054054,1.2333333333333334
153.82693222988908,46.23985732026828,36.289253089451485,19.35825061698587,61.276902768565925,29.585225068457103,30.00739679025316,37.55052005530686,20.152541392960583,22.984778444416126,3.9278315331495848,9.418378373368439,32.57989185992813,17.401004324917366,10.035416596621783,12.944624794624794,100.40344771382767,13.787336968677549,4.131702264455888,16.824073554899034,20.109651760425002,26.465258343049072,5.068171881636117,8.239341278727675,12.40675639708867,8.136193196301893,29.395703708959715,3.0440076652429195,8.671837498782805,11.20685555508925,17.008942831356343,4.2092094834848455,18.623363833454412,3.9842600070247336,4.096271651389405,1.9321003956058305,20.748934407611944,2.587723850454718,1.994181235702975,1.8386741369893544,2.053416653899746,19.133482407488135,10.451416615492702,1.042033895657084,0.7701775656730899,0.7323671497584541,21.468546623570877,0.8597980924067881,2.073832705137053,2.7900563607085345,8.509724374350075,2.756678406134928,0.6803571428571429,3.933259011519881,3.0075818572195385,1.923101279616006,1.6799722030519133,16.3136166015535,1.5533029996073475,5.53380535019265,0.8532440766622456,1.4681349894514146,1.582277331747002,5.871485643949412,1.978469457273805,0.9891906957124349,0.0,4.255199013215317,1.045107091982092,0.0,0.8389549158570898,1.4869642845186324,5.245527704292022,0.7109894681271492,1.9867842452262743,0.0,1.324269470736862,12.314676805840593,1.1022830024480912,1.5223877947066353,0.739903950773516,3.8302947566213112,1.7412189762733241,4.023182646943135,1.1134085606458795,0.5986905941616086,1.3843550071810942,0.0,0.0,1.1704498534208678,0.0,1.4434796119578728,0.0,1.2192982782113218,0.0,3.5319341662095285,0.8077290507846063,0.0,0.9731718898385565,0.0,0.0,0.0,0.0,0.8010208034121078,0.0,0.9782848324514991,0.9978502747252748,0.5653356481481482,0.0,0.6444431611098278,0.5240978157644824,5.473049149170073,0.0,0.0,0.0,0.0,0.0,0.0,0.0,0.8904761904761904,1.1377607487315502,1.196201201201201,0.0,0.0,0.0,0.6586079480101219,0.7483597728162945,0.6076988108509848,1.672942089246437,0.0,0.0,0.0,0.0,1.139620811287478,0.5346112556257484,0.0,0.0,3.6959119006804837,0.0,0.0,6.07010434010434,0.0,0.0,1.6185285899054014,0.0,0.0,0.0,0.0,0.9393315600409422,0.0,8.023765432098765,0.0,0.0,5.926177536231884,0.0,0.0,0.0,0.0,0.9574006852108654,0.0,0.0,0.0,0.0,0.0,0.0,0.0,0.0,0.0,0.0,0.5587834211022616,0.0,0.0,0.0,0.0,0.0,0.0,0.0,0.0,0.0,0.0,0.0,0.0,0.0,0.5133333333333333,0.0,0.0,0.0,0.0,0.0,0.0,0.0,3.3680555555555554,0.5150437525437526,0.0,0.0,0.0,2.235555555555556,0.0,0.0,0.0
881.5049950235768,478.6398573202683,412.54761898281737,157.47437495561022,447.27269702061017,94.64934543882747,173.56759520295157,366.0727331200199,164.27935055601975,319.25389386603155,88.6338500516681,99.00617539116546,512.4363983395596,97.68273231914536,128.6068407280459,98.05494614538732,288.12747819723313,75.87192691576749,77.88257917077397,182.77764498347045,123.6345525540758,95.17200171541744,82.26648537369961,132.49112037925678,113.11310560343787,19.102978910587606,108.1896918041978,18.419187762923016,108.08248564693095,54.68160302983672,89.94378715370067,22.516250590525953,85.91935950445009,56.38426000702473,13.947660540278294,27.917470765976198,68.70379551872306,28.743973850454715,23.57709790236964,66.05115429571951,23.020546283529374,11.725545899551628,27.349012815588903,20.34067900055219,12.934066454561979,18.854589371980676,15.80283233785659,13.331788833147527,21.13922953053388,9.565056360708535,37.70416881879452,3.5395066889632107,11.86111111111111,9.838814567075437,20.257581857219538,23.433471649986377,5.36663886971858,121.96450043993734,49.6333294546338,40.13102757241487,22.281484817402987,14.069722291038715,18.417462516932186,26.149263421727188,36.86460346215781,10.267431436453176,4.7608327222797335,4.095675203691508,20.549075345950346,12.105324074074074,11.871693011095186,36.551779099333444,36.25941659318091,7.243489468127149,13.534839800781828,21.764351851851853,18.618587652555043,18.814676805840595,5.61617189133698,18.289091854535695,6.608306728551294,211.20855203175358,23.318599928654276,5.637071535832024,13.157059354296672,16.268829483050496,21.66213278495887,8.150641025641026,14.126409017713366,5.920449853420868,4.930555555555555,6.215701834180095,2.973710317460317,17.92290938932243,7.062399355877616,26.797489721765082,22.773601719782274,12.431687222185118,16.85164411206078,9.732828982828982,0.8126441459774794,9.806230910397577,11.84764995974235,17.535756253147557,7.474385517863778,0.9782848324514991,4.757612179487179,0.0,14.994833601717659,0.6333320499987167,2.190764482431149,11.973049149170073,10.63989929106208,4.262820512820513,3.22508105932019,0.5,7.188051146384479,3.3543447293447293,1.7129629629629628,0.8571428571428572,7.598871859842661,2.135228978978979,12.147769320323668,0.0,6.399572649572649,4.140750805152979,3.915026439482961,16.788809921962095,29.36275690406125,0.8796296296296297,0.0,3.359404953607852,0.0,1.9729541446208112,22.316176912191406,19.78477733686067,7.961627854164086,10.329245234013818,5.558077821693997,0.6495726495726496,0.0,0.8333333333333333,5.30982905982906,1.5657508121276238,8.6997381997382,0.0,3.9009661835748792,0.0,5.439331560040942,0.0,0.0,2.580297788631122,5.096153846153846,18.20395531400966,9.069444444444445,0.0,3.9975308641975307,8.151279818746957,2.7907340185441987,0.0,0.0,0.5,16.73636272141707,2.3716666666666666,7.867521367521367,0.0,1.6666666666666665,2.0745120120120117,5.824491028295376,7.8087834211022615,8.814102564102564,4.6911206077872745,11.158653846153847,0.0,0.0,0.0,12.209742351046698,1.6944444444444442,0.8333333333333333,3.5995621980676327,0.0,0.0,3.4366612989801393,0.0,0.0,0.0,3.79627453540497,1.0333333333333332,0.0,0.0,3.3564814814814814,3.038194444444444,6.160877085877085,0.0,3.984375,1.9593253968253967,0.0,3.333333333333333,0.0,3.533333333333333
630.652119741311,213.73297296811728,265.01613446822176,134.04278444707137,272.48494626378584,169.23999359382424,101.11493636493636,249.0647698279277,71.94134172268846,227.51098160372354,61.18251200509265,64.87014622705412,641.1533756028064,83.48849742599742,73.71068436857911,63.31669976428041,329.6677037278516,80.46304541869057,37.907407407407405,213.07047361301392,61.2794044044044,51.25273134977082,68.56842556842557,182.0648863148863,129.54414414414413,17.632048715382048,70.95318234901568,26.08448540706605,87.25727513227513,27.622706039372705,60.117650715231356,8.239247311827956,74.51399959867702,25.213588588588586,21.989247311827956,21.20870870870871,15.487678000581226,15.783480349419628,8.770645645645645,23.517267267267265,22.213307463307462,2.7235092235092235,21.817567567567565,45.82070376828441,4.234234234234234,12.248015873015872,12.744744744744745,7.018518518518518,7.347222222222221,7.75,14.431598264931598,0.8541666666666666,8.791666666666666,12.784858387799565,35.09722222222222,11.355855855855856,2.5,116.14957123021638,20.026598026598027,5.361111111111111,21.458333333333332,20.916666666666664,13.11111111111111,33.069069069069066,19.861441798941797,9.628378378378379,13.444444444444445,1.7567567567567566,8.531746031746032,12.916666666666666,5.87962962962963,12.275525525525525,39.36749249249249,5.0,20.195720720720722,6.805555555555555,21.76019164325616,19.144671982907276,1.3888888888888888,34.53819444444444,20.263513513513512,145.63581885456884,3.083333333333333,2.0787037037037037,10.4512012012012,0.6746031746031746,32.53453453453454,22.083333333333332,15.347222222222221,2.5,5.516666666666667,1.5668168168168168,1.9583333333333333,14.5,12.273148148148149,4.944444444444444,12.916666666666666,8.351190476190476,16.666666666666664,2.3873873873873874,0.8333333333333333,0.0,10.319444444444445,7.449324324324325,4.583333333333334,0.0,3.333333333333333,0.0,4.999999999999999,0.0,0.0,0.9722222222222222,27.5,4.583333333333333,1.5202702702702702,0.0,2.5,3.333333333333333,0.0,0.0,0.9907407407407407,0.0,1.7567567567567566,1.0,5.0,5.833333333333333,0.0,10.0,41.07282282282282,0.0,0.0,0.0,0.0,0.0,2.5,10.416666666666666,10.416666666666666,0.0,0.0,0.0,0.0,0.0,4.583333333333333,0.0,5.711711711711712,0.0,1.6666666666666665,0.0,2.5054824561403506,0.0,0.0,0.6666666666666666,0.0,0.0,0.0,2.7222222222222223,0.8333333333333333,6.111111111111111,0.8888888888888888,0.0,0.0,0.0,20.277777777777775,3.333333333333333,4.583333333333333,0.625,0.0,0.0,3.6904761904761902,0.5202702702702703,6.91358024691358,1.380952380952381,13.541666666666666,0.0,0.0,0.0,7.219448711384195,2.5,0.0,0.8333333333333333,3.5416666666666665,0.0,0.0,0.0,0.0,0.0,4.53003003003003,0.8333333333333333,0.0,0.0,0.0,2.5,0.0,0.0,0.0,3.333333333333333,0.0,0.0,0.0,0.0
381.6233928271454,363.4223479696301,132.59123152988676,17.966618610259708,99.67751764963138,19.40555531720813,104.8917781009575,131.51133619409862,20.719092213977696,104.09304313031794,22.778117707520718,13.47853709339715,77.85722659123957,138.3708094905715,48.4631607564344,22.944180636711078,66.8530960827518,6.251949488658285,13.844655829639338,102.39964909942152,65.24970673998831,67.62134061222578,10.211575699574931,57.455382909486325,54.113155110839976,59.3897723965602,79.38458843467541,2.7402673109518347,19.486999060740693,15.573209438595125,6.449346405228758,15.448071882531217,30.93178246389259,9.177268894962147,11.93643670770687,14.235635993563278,1.5798400673400674,3.6003487253487254,6.589190066080823,0.9046840284935522,38.54464391817333,1.1424033482857014,8.927493208644378,66.8976177875905,4.389690170940171,1.1821551520008744,0.0,0.8634860509860509,1.9999871160585447,1.1192301415515702,1.77196333078686,0.5627705627705628,3.1485389610389607,4.478553284570046,0.7500890313390314,0.646902700474129,0.0,68.13847314308158,2.0444810499957558,6.940532798538827,1.5299393823490208,6.585332491582491,0.5185185185185185,1.5716407775231305,10.65894250143934,0.627843056414485,0.5608848663284147,1.675943104514533,0.0,0.6362433862433863,2.90958639671875,0.0,1.6265331890331889,0.618156353450471,3.0546723740001047,0.6353859725708465,0.0,9.630013681489427,0.0,0.5667981915292587,0.0,1.1458333333333333,1.3770854832515822,0.0,2.8952003308027976,7.503483089039811,2.8657738095238092,0.0,1.1064483874357824,0.0,0.0,5.5520511234796945,0.0,0.0,0.0,0.0,25.0,2.339400183150183,2.349057804940158,1.303407037746228,2.8757716049382713,16.677856210149095,3.8628447170113835,2.9647331154684093,6.793875221561416,0.0,0.0,0.0,0.0,0.0,0.0,6.8046227293518315,0.5451362363127069,0.0,0.0,0.0,0.5681818181818181,0.6012105178771845,0.0,0.0,0.7965367965367965,0.0,0.7036463743746657,0.0,0.0,0.0,0.7106037701275796,0.0,1.6787102182026281,0.0,2.2559152448858333,0.0,0.0,5.470358831007696,0.5833333333333334,0.0,1.599206349206349,0.0,0.0,3.2878208101422386,0.0,0.5555555555555556,0.5717893217893217,0.0,0.0,0.0,0.0,0.0,0.0,2.2222222222222223,0.0,1.228988603988604,0.0,0.0,0.0,0.0,2.0465686274509802,1.236171236171236,1.6666666666666665,1.4159937679861778,0.0,0.0,0.0,0.0,0.7692307692307693,0.0,0.0,0.5341015193956371,0.0,0.0,0.6774891774891776,0.0,0.0,0.0,0.0,0.0,0.0,0.0,0.0,0.0,0.0,0.0,0.0,0.0,0.0,0.0,0.0,0.0,0.0,0.0,0.0,0.0,0.0,0.0,0.0,0.9550264550264549,0.0,0.0,0.0,0.0
274.5879966773196,75.89941457558645,87.49185762154512,46.079688105331485,52.917529808154804,9.918603945074533,28.484786047286047,74.13733228576979,18.013278388278387,87.92316595441595,22.364666911587868,31.082227957227957,91.05818204612848,19.636100820475818,20.22354162041662,10.711482961482961,106.50865942919513,3.6723181332556334,14.794522863967307,49.51186156147094,59.19011973476259,100.29918547887297,13.77640415140415,21.18234728234728,8.193941186128686,14.633597883597883,35.06191967754468,22.958751216104158,37.026725589225585,8.61181203056203,26.374979187479187,3.3607207607207608,33.801690262352025,11.574260961669049,2.487373737373737,8.492664453601954,61.628561958323864,12.451136826136825,4.553632478632478,3.013986013986014,15.231795981795981,31.80730658910806,6.585371515059014,12.863002911440411,1.3056850556850557,8.46091871091871,2.643518518518518,0.9381232193732193,4.244058719058719,0.5555555555555556,13.60309829059829,5.383699633699633,1.7016806722689075,0.0,1.982791514041514,2.9536242114367113,40.986309061309065,51.749492174492175,0.0,12.857982173771648,0.0,0.0,19.48493635993636,28.951120638620637,5.583462833462833,0.8449074074074074,7.071748636201761,0.0,2.045063732563732,0.0,0.0,0.0,3.8355995855995855,0.0,3.9507604323780794,2.083333333333333,0.6944444444444444,101.61727132516606,14.763986013986013,0.0,9.86682299182299,2.121212121212121,1.0193712901827396,10.546035660997928,0.0,3.774207274207274,1.1022079772079771,9.649475524475525,0.8333333333333333,0.652033152033152,1.3495535714285714,1.2222222222222223,0.625,3.1190877024210355,0.0,0.0,3.164942696192696,8.876019813519813,0.0,0.5918803418803419,4.107744107744108,13.93975468975469,0.0,0.0,0.0,0.0,0.5111268939393939,0.9668803418803419,1.8246972934472934,6.573082486685427,0.8140782828282829,5.865506961210086,1.7414021164021163,0.0,1.111111111111111,0.6666666666666666,0.0,0.0,0.0,0.0,1.832167832167832,6.591360028860029,1.3703703703703702,0.9259259259259258,0.0,0.0,1.1843005952380952,2.860126529244176,6.2234432234432235,0.0,0.0,0.0,0.0,4.142316017316017,0.0,0.8333333333333333,0.688034188034188,0.0,0.0,0.0,0.0,0.0,0.0,0.0,0.0,0.5006798756798757,0.0,0.0,23.248505880084828,0.0,0.9013888888888889,2.236032196969697,8.006132756132756,0.0,0.0,0.0,0.0,0.0,8.157407407407408,7.486531986531986,2.361111111111111,5.034722222222221,0.0,7.329545454545455,0.0,0.0,0.0,0.5119047619047619,0.0,15.361961451247165,0.0,0.0,0.8333333333333333,0.5555555555555556,1.0416666666666667,2.1606125356125356,0.0,0.0,1.0912698412698414,0.0,0.0,0.0,0.0,0.5934343434343434,0.0,0.0,0.7142857142857142,3.444444444444444,0.6111111111111112,0.0,0.0,0.0,0.0,0.0,0.0,0.0,0.0,0.0,1.4295296717171717,0.0
593.2186822272542,298.4823823419816,381.1999810595796,140.9073031776813,224.00811435910396,55.81408221408221,57.02475485680676,103.37978394441242,66.66440100904386,310.6326432496075,61.70999394950287,53.249691842548984,383.0417776111385,51.530629786879786,125.01713170310859,12.386599511599512,286.31842173073375,2.013125763125763,14.045995670995671,350.4580352640054,284.82497492586776,251.06529744307758,8.648148148148147,68.82313627861166,38.44512398976684,25.967923280423282,75.11751407096801,16.63481055981056,65.70521145521145,45.6797486556885,10.758170533170533,22.392307692307693,136.96094172711818,28.420642487764333,6.514249639249639,33.91929945054945,92.17218328176975,12.31940883190883,12.93411826268969,8.844017094017094,22.476441619157782,73.6045991045991,7.410644514215942,11.62191697191697,4.389499389499389,13.959920634920634,6.788130440348183,2.543825222396651,9.477716727716727,4.373015873015873,7.014079260047001,15.73146298146298,6.484523809523809,5.7142857142857135,2.6449938949938945,6.166841095412524,46.68155270655271,217.19749321416717,4.431237281237281,41.83224751439037,9.935077620791906,0.9821428571428571,56.9535002035002,17.881410256410255,16.316609977324262,1.7857142857142856,9.760037965506715,1.9047619047619047,2.3888888888888884,0.5,1.6626984126984126,0.6964285714285714,14.509364291622356,0.5,3.401098901098901,2.7179894179894175,3.7552910052910047,175.94173996553027,7.440934065934066,1.006105006105006,7.551587301587301,4.391053391053391,4.642252456538171,18.936965811965813,1.4351851851851851,15.859501317396052,0.0,14.820146520146519,0.8333333333333333,2.5113705738705736,0.0,8.259379509379508,2.1587301587301586,12.525,1.7951388888888888,2.5,5.857448107448107,36.177119482966255,6.565789473684211,4.903327228327228,3.111111111111111,79.71340488215488,1.4206349206349205,0.0,1.3333333333333333,0.0,0.0,0.0,15.538156288156287,2.4896011396011395,0.0,8.636982317451068,2.0932539682539684,0.0,0.0,1.5277777777777777,2.708333333333333,3.391941391941392,0.0,3.2,0.5341880341880342,1.1587301587301586,1.6666666666666665,3.9305555555555554,0.0,6.319444444444444,1.9396825396825397,2.9511396011396007,14.159953168176852,0.0,0.7275132275132274,0.0,1.0,47.55515683147262,3.1944444444444446,1.6326530612244898,5.454260651629072,2.4027777777777777,1.2153225806451613,7.999999999999999,0.0,0.0,1.7916666666666665,1.6808390022675734,0.0,3.280982905982906,0.0,1.6666666666666665,20.606837606837605,0.0,0.0,3.9744047619047618,22.755291005291003,0.0,0.0,0.9388888888888889,0.0,3.3809523809523805,1.6587301587301586,15.251587301587302,0.0,0.6666666666666666,0.0,2.7162698412698414,7.954861111111111,0.0,0.0,0.0,0.0,25.816591080876794,0.0,0.0,0.8709273182957393,6.25,0.0,2.7582315832315834,0.0,1.0805860805860805,18.475892857142856,0.0,0.0,0.0,0.0,0.0,0.0,4.838888888888889,14.743055555555555,1.25,2.003968253968254,0.0,3.878968253968254,0.0,0.0,0.0,1.3888888888888888,0.6111111111111112,2.0,0.0,0.0,0.0
696.680378359883,284.1186710909597,189.07464866562648,139.93060371950173,132.01013893513894,31.0670497122703,37.46225848787518,110.52205118529132,34.53942361244993,121.66710300291956,52.91874677269898,57.182648723825196,270.51173643306134,19.076223198098198,32.089125770743415,12.003149628149629,236.6952556760855,16.562841009072624,31.270217308411752,175.49448784955337,123.3689634944887,124.49382928866147,8.563441188441189,41.41134327142392,10.386732191419691,12.826291627762217,45.68839777121027,35.29233583682113,79.19891173641173,19.814358326858326,88.67244560994561,4.166276316276316,70.78888345844615,19.55739588230397,8.820707070707071,4.39923011016761,166.57481171891186,10.283676508676509,8.275854700854701,20.126089188589187,30.577500930442106,57.4799196800648,7.993704848392348,16.9909791019166,1.3056850556850557,11.297955747955747,12.607078853046595,2.332062613312613,7.33532856032856,1.4142857142857141,29.515071323539065,23.90599188393306,1.7167950513538748,0.0,2.066124847374847,5.777698285510786,121.6397591379209,148.9993297025555,1.3354700854700856,40.424561510184574,3.5363247863247866,2.412698412698413,29.52784796902444,60.14870661745662,13.078171828171827,0.6597222222222222,1.6428361858049358,0.6666666666666666,9.18395262145262,0.0,2.5592645202020203,0.0,6.67341320567127,2.8425925925925926,7.429927099044746,0.0,0.0,315.2631926965225,19.982736013986013,0.0,34.00108225108225,7.9267676767676765,0.7804824012938509,46.762940770995144,1.1666666666666665,7.458875383875384,1.9729344729344729,16.713803009855642,0.625,1.763144263144263,1.7305059523809523,1.1507352941176472,0.625,7.579405162738496,0.0,0.0,14.512164918414918,18.51893669353347,2.0,2.1375152625152625,6.066077441077441,37.92991186373539,6.944444444444444,0.8404558404558404,0.9484126984126984,0.0,1.153882575757576,2.216880341880342,2.360576923076923,31.346227563429576,6.616161616161616,11.119861706580457,1.3386243386243386,0.0,1.1574074074074072,0.6666666666666666,1.1805555555555556,0.0,0.0,0.0,4.60994560994561,6.804478609625668,1.665509259259259,1.2334656084656084,0.0,1.2833333333333332,0.6287450396825397,12.593922825540472,4.8171932234432235,0.0,0.0,0.0,1.3333333333333333,15.474187362345257,3.0901575276575275,1.1111111111111112,2.41025641025641,0.0,3.591909882232463,0.0,0.0,2.681712962962963,1.0,0.0,0.0,10.503836441336441,0.0,0.0,77.92657674855818,0.0,0.9013888888888889,1.5943655303030302,26.501503126503124,0.0,0.0,5.709722222222222,0.0,2.638888888888889,9.018518518518517,2.3106060606060606,5.694444444444445,6.868055555555555,0.0,11.690656565656566,0.0,0.0,0.0,2.1785714285714284,0.0,40.803032879818595,0.7175925925925926,2.6363636363636362,2.2916666666666665,0.0,1.0416666666666667,6.5647130647130645,1.875,0.0,3.4833333333333334,0.0,0.0,0.0,0.6666666666666666,1.045815295815296,0.0,0.0,4.70734126984127,1.9166666666666665,8.016865079365079,0.0,0.0,0.0,0.8680555555555556,0.0,0.0,0.0,0.0,0.0,0.0,0.0
2500.0682660139055,746.5721201365193,834.17613119779,419.1169930508964,566.6204573866595,174.30406887833976,231.3362618625157,552.8375111354485,154.66990434934905,989.6864889436862,120.89532186812824,256.45874993324946,590.3090694782015,261.96747950061547,243.3058429577984,92.81208974736586,532.4706361232576,118.06587425555563,102.776272084588,311.3606950467826,364.9806024814654,366.2237915047334,58.50762813446906,277.7645306928635,295.30149857133415,127.01756569334094,227.82187225438608,122.80371726241648,345.8690063847744,540.4940525054001,53.38667087663798,96.3162119278288,217.00126205077584,263.07603337611914,49.684825122783735,81.33504737913697,113.95364272718709,36.799211384566775,43.76415650574949,38.86979323780795,126.20607935425555,73.42627520737639,156.00262857430806,109.20491077939226,34.03994272067801,31.069739945402166,62.46394626466452,29.630660233323415,73.98981950783421,45.445895718905575,30.74707549349706,36.35178571428571,8.340977409482312,47.33361022769111,10.399234040287961,62.49279424186994,73.35147732623223,127.56749903652768,33.61763804641256,395.0629970344759,116.49698758343015,46.04245007594681,102.44213585887606,27.006600954600664,176.34062527024633,26.66163530913531,19.835828185975245,14.7972542653425,104.16448403292941,26.461625209585737,13.869443112715171,38.69720282246543,177.2345340831554,17.012862908696242,30.892924880126564,12.99820470923412,9.368670634920635,221.2507974677039,58.80367138761746,70.1851237340803,36.558895246180036,16.707889922350706,79.38225878195156,36.05818054511965,23.97458339908095,39.202597507183796,40.714825289089994,70.97228293901088,15.858228841264555,14.925237716169088,16.906248541083098,100.0302404975199,1.869246410552525,33.72995968265576,2.6478991596638655,33.94312110456718,33.710946373673735,19.01118944535265,8.169433314462607,11.015983679338532,6.755362005913476,144.5667957460903,28.98089250888002,14.509834378584378,8.94402670541151,30.893121269162936,24.788027332144978,4.252280638751227,21.55981328284231,30.41000324631277,21.982165581332247,15.688021982682836,15.814353198544374,14.008395580454403,2.589192612942613,10.717400192400191,14.94097730972731,19.795707413501532,2.7156150494385787,0.5413879598662207,18.407965613725416,36.640529337220514,14.474217952526775,3.5951068376068376,0.0,3.811692987708677,83.49893742241781,15.979253638518344,17.743900530297587,6.9057883089133085,5.183242683242683,6.680577601410935,7.780891330891331,82.16559453964317,11.190250419968557,62.55225734964804,8.452898182064848,2.5635742478541665,4.1339701193867855,22.722087133998897,1.5591880341880342,7.539705882352941,14.611470297132062,12.394356212771866,5.682325408795998,6.800489417989418,4.7654100529100525,3.0539565826330533,22.240178122531063,0.0,5.50211496717907,4.89099270269142,10.066224722082564,0.7878787878787878,0.0,3.922015182884748,4.036412121828788,2.7466136369077545,16.552365924673616,33.82194233462616,4.3788398692810455,18.541397721931776,37.09437636165577,11.100808951397186,2.0486772486772487,2.543625328475872,1.2038126361655772,8.602554226818933,4.458570051952405,14.80216049382716,5.4500418046006285,3.9052791045193005,6.815884687208216,15.97750104872867,5.019675925925926,1.3329475308641974,2.864028944911298,6.759748959533442,20.34931297631618,5.7185455929328475,0.0,0.0,5.441909171075837,3.3472222222222223,0.0,2.2394612332112334,11.017063492063492,8.096382783882785,0.625,0.0,0.6136838624338624,0.0,8.372905444228973,0.0,9.495876322751323,16.08834175084175,0.0,2.418040293040293,5.996137849079025,0.0
486.791566147871,91.40603866619492,139.0849191896067,217.50429127993465,108.13057544307544,18.218603945074534,35.65839715839716,112.83818004911754,49.40580484330484,65.22673738298738,40.97393857164077,24.809079809079808,122.97338166132809,31.622211931586932,30.47714738964739,5.37021312021312,352.4936131328988,6.788058873996374,8.018729213173657,36.06254980551856,108.36802978767264,149.3008840118215,3.4245522995522997,42.28783161283161,15.133756000943501,11.340277777777777,65.2432110135235,9.063128320481262,71.25039775039775,15.939358326858326,177.21922521922522,3.4648874273874273,35.3788168394786,35.71834359472227,0.0,4.777386675824175,348.3583725960292,6.571507196507197,19.581410256410255,16.410811410811412,21.72944635773583,95.57615579545727,3.2070646367521367,9.3518918003293,1.3056850556850557,3.2016594516594514,1.5277777777777777,13.140504171754172,11.077392052392053,0.5555555555555556,25.24827024827025,42.33806471306471,2.007236227824463,0.0,0.732791514041514,3.069364952177452,119.48713578088578,165.85842074592074,0.0,31.67230095684043,0.0,1.7361111111111112,15.256431068931068,29.887959262959264,4.96507659007659,0.9097222222222222,1.0872806302493803,0.6666666666666666,5.170063732563732,0.0,0.0,0.5681818181818181,8.974488474488474,0.9259259259259259,7.362525138260432,0.0,0.0,673.5273068305963,34.07648601398601,0.0,73.66774891774891,10.491747835497835,0.9360379568494065,45.09773967593724,0.0,10.041072353572353,0.5022079772079773,15.715447746697746,0.0,5.131199818699818,10.163376322751322,4.166666666666667,0.625,10.91571468654802,0.0,0.0,26.34549825174825,5.973242035742036,0.0,11.18215811965812,6.9757996632996635,10.11799543049543,0.0,3.868233618233618,0.8888888888888888,0.0,0.0,1.3835470085470085,1.454326923076923,8.582341745944687,1.0918560606060606,9.142778373247122,2.734457671957672,0.928030303030303,17.979166666666664,4.208333333333333,1.25,0.0,0.5717592592592593,0.0,15.061334498834498,54.49810606060606,0.537037037037037,3.4834656084656084,0.0,0.0,0.6287450396825397,9.725594938830232,3.8970543345543347,0.0,0.0,0.0,0.0,7.683982683982683,1.6367845117845117,0.8333333333333333,1.1047008547008548,0.0,0.9166666666666666,0.75,0.0,2.4594907407407405,0.0,0.0,0.0,2.2586163836163835,0.0,0.0,177.03091328749224,0.0,0.9013888888888889,0.0,16.9620294422926,0.6458333333333333,0.0,15.034722222222221,0.0,0.0,15.828703703703702,2.018939393939394,11.25,0.8125,0.0,2.3989898989898992,0.0,0.0,0.0,1.2410714285714284,0.0,60.38081065759637,0.0,0.0,0.0,0.0,1.0416666666666667,6.739316239316239,0.0,0.0,0.5912698412698413,1.0047591297591298,0.0,0.0,0.6666666666666666,1.9624819624819625,0.0,0.0,0.7142857142857142,0.0,1.2911706349206349,0.0,0.0,3.333333333333333,0.8217592592592593,0.0,0.0,0.0,0.0,0.0,1.4295296717171717,0.0
2915.794424139512,1404.4518388385468,1071.2776220002404,685.9875103275097,922.0928313450347,252.2797322865394,152.92859801609316,470.8995625410326,383.5330603020785,1405.4766797999264,318.8961979375809,183.91737060009444,1021.7408112566258,582.4852690461468,226.33466124624286,130.99444486035478,1135.1819568532665,204.78134654658783,290.15696184351066,329.3595381845426,1924.857535534083,343.5188442815379,150.23328843360463,507.68844144260385,132.9256877610207,539.7518562679807,237.02235047816703,118.17949165427288,332.84999270748835,143.20072511493353,80.37229841632485,128.24294244644523,314.83781083247084,57.99938304955278,124.44862079965117,190.44850291287804,28.471079086317452,2.764788756984764,147.28481925779,21.609111935528528,101.26972709404224,61.30063602480389,58.308831753560604,268.8835633069569,7.99224989836445,15.63226977144482,52.329319374571675,37.97233919161279,92.69544851975469,56.52239374526229,26.911439730560268,8.551228343841707,50.02810817777198,8.105672779577368,11.416081826018305,38.87602144682898,6.240573235214662,277.1225649233631,15.787642400618807,181.7705434672,30.782784354517567,7.2570567833725725,10.267492169717068,81.50784815917562,38.429707994684804,3.434332358674464,1.3034973872358595,28.370676301292427,41.65761539473687,13.898452656647983,9.382038469651423,20.94986496175622,38.06247112371528,4.3729270767043,6.855872529426692,3.9615314655471865,20.705783650461843,1.5356637495646117,9.110580712894688,3.3006493797479886,174.67422219511658,7.947386058031991,1.7317097204234229,12.30767701999553,20.91070958362625,31.90732966594597,18.537830329293904,7.134546032781678,1.5746183640920481,4.248307248307248,77.32422480072461,85.90741697159801,5.65370947135653,2.486407920573075,22.4596401090843,18.579317244809133,9.21379119017106,54.14626303255126,9.07401645292425,6.396540587673592,4.847120421757445,127.91831123214308,8.807722349074387,4.632253392435096,18.195610364524242,28.484699146870867,5.357318711796452,3.0321918799501053,26.507506375477103,6.801284907902555,12.020807751563577,38.53726022018061,20.899228309008432,3.727385387641798,0.9244027422881378,33.94860289283366,7.648631307277352,12.407358440066018,31.87173851410546,2.2817911255411256,11.236640275433379,7.2713478827496125,14.622833648183459,1.335513901303375,30.662840320516647,9.50244415649155,2.965942707390076,18.813360567307935,79.9952942569843,41.93849657920385,11.244987073112073,15.949390862864888,4.299324123588829,196.41422284008118,13.307867504115817,7.782968509443101,15.236620325812611,3.161689555655073,10.989513704103487,46.883776634273936,1.5655733155733156,1.5100617286969795,4.317045231170618,0.7753193701723113,9.429082497719163,2.1033602727681675,9.077763694296946,3.8719577807813104,0.9150717703349283,10.057855577984087,9.801686507936507,12.8743940800041,7.480988455988456,0.8067802567802568,0.0,2.337660256410256,10.346073962546209,2.752615420669716,3.814030222336143,73.08008936072049,1.9914380425216338,16.892543338506258,0.5827877884366087,13.705098855864845,6.099642589252979,11.758343269266296,0.8683473389355743,9.497110753525227,4.613305947503042,73.93519229652357,3.373274625376864,1.136650506682267,7.192800796702793,2.5975915494064314,2.4858866623572506,4.96148056923919,6.635188558039057,9.523768652954224,41.98845510731354,0.5681818181818181,2.3036647992530344,0.0,2.296515575927341,0.0,0.0,41.052587497793404,4.499084764759899,0.6152882205513784,1.4683207765864965,0.0,2.738094081844082,0.0,4.893426018426018,10.070507733007732,3.660696881091618,6.754308398000348,0.0,0.0,1.4816017316017316,0.0
1371.0896202182994,652.2705808864436,502.08367635603776,208.69657663540121,412.0996148909699,171.39646409157334,98.11631771020213,326.23396347960016,130.47956689835007,663.162278155332,124.57685887717044,108.32095536409588,420.2822127266184,180.35185279609087,83.37063191440308,62.515272544899204,529.7024471980357,99.24166232903707,81.82660868135291,185.6147334813139,546.5047430145596,179.49863682737836,118.56816037583586,228.26298974436517,137.16226790201262,220.69933564046008,96.57498942171506,50.194644236733154,137.73093090322075,105.67033958743886,42.59725930200002,49.452636841556284,200.15930016438242,44.066204618355556,46.93894566697183,86.20631520660916,37.60295043134669,0.6511523933484006,58.01786303279807,10.28930918987351,42.330565388826614,23.147690976025512,38.3548311080421,148.58243694019058,15.510539941654493,32.589337009762055,19.719047999121727,31.544388469959056,23.286776636082806,30.112106116224663,13.98567614229668,7.646827189440552,25.36886968816362,7.87734555125014,1.1528214752579544,15.856153814461347,5.0313139759554035,253.9224091967368,5.1125890588987986,120.99565159770587,25.272505281738493,3.940201611254243,5.980821895546794,55.62570840739301,27.485044160243643,1.7676656920077973,2.467278051016523,17.579800510416636,27.767074916696394,19.071992080187407,3.9024121047309404,10.966820228711487,23.831561633674294,8.09262404640127,3.8684599420141037,0.7278966610567672,15.125014419692612,1.618997082897945,4.807161909475884,3.051443030541639,76.08840893430333,1.6076794683254014,0.8202878090015113,17.898261435579947,8.05208094374761,54.851208599285684,33.35297153729225,1.9037313928761297,1.1415190559927402,3.2571456321456322,35.32240632193244,205.2577254594065,1.2976877153347741,1.4509403788555333,4.4734249353691276,5.465222851548071,4.432156158536029,33.34137486516309,2.840770769358053,6.544301446743975,3.1684981181351417,90.40662110029166,3.11016065151269,2.5072025173842216,9.369634139603004,10.778315252986973,7.15115585046982,4.684152664263831,14.913979840283902,4.998254604872252,3.04071187942225,18.72631506965213,16.523071035482737,3.0461499564063668,0.0,5.13176961926962,4.435968969615014,5.533509757884002,6.250741587751392,1.7088744588744589,9.780367381660485,6.253490739892469,4.945868021217833,1.0449156107050843,11.256505760015422,6.773318484184059,3.6054420968894654,9.66038160182897,40.39192750589027,17.528030656237924,7.62931246993747,3.374475037949064,3.5006228248875306,115.06107035636792,12.164104216121759,2.865039216513808,7.780062994255279,3.165838184803702,5.205782084845552,15.964232180190011,1.4915473415473417,0.5905784342136852,3.986437567229621,0.0,7.7563712220667105,0.6207213838792787,1.7189459247648902,2.582563841387371,0.0,6.9886967275752365,28.562103174603173,18.38330738891741,0.7476551226551227,0.0,0.0,1.8376602564102564,2.9065366480088946,0.0,0.0,98.60439382609638,2.8458646616541357,11.729572218716957,0.0,7.253998765479041,3.3060639456743353,6.70613217921629,0.8683473389355743,3.5331455520600255,0.5370280362507063,16.323246834578104,0.6632540903563287,2.257743302775063,0.9272977811997776,1.4763794281943103,0.8744703009408892,3.639390622149243,2.513095835946335,2.468386535072107,28.033236252094685,0.0,0.9844007299889652,0.6145097592466013,2.0108012902130548,0.0,0.0,7.949559969765877,5.368124058799192,0.0,1.2183207765864967,0.0,1.499337468087468,0.0,0.9601722802942315,0.8023860398860398,0.8592961213575249,0.0,0.0,0.0,2.239399002556897,0.0
421.7105690863898,76.11958592682663,76.11515845421219,50.25999476855242,93.11285774477422,52.47408277734171,54.55249581132368,40.22191660918748,118.35875500161214,36.24198495980174,13.012819007441573,14.727443846937895,132.39319938019628,70.1626621299595,31.03666335978836,19.652798818245248,96.95651898139226,32.358486954310095,12.75802774606346,51.36715748076336,28.48656561325715,31.132561361758604,26.779832300085275,74.24360782938979,15.872874779541446,0.9908339345839347,40.540008494591824,11.462104738295213,49.52280313051146,7.950793462044889,6.818762718762718,4.9129492011455485,1.3090739834746683,17.937400089889266,16.675298574881907,32.30769500616227,2.379613095238095,14.717943757631257,19.99546589323375,31.98349678595214,31.481151883830453,6.287050866117647,17.694986702561106,7.192762245470579,14.168651386280422,19.769977568176973,21.283357423430196,3.181894841269841,11.822436633793654,5.108145604395604,0.8549933862433863,6.5109443565693566,28.708066784406068,5.258452380952381,7.104149968748183,0.85625,0.9840277777777777,0.0,2.408779761904762,0.0,1.5733713624338623,8.172924297924299,3.097093564504279,5.054794520547945,0.0,4.744703756540877,7.901855413105413,1.689438431938432,1.3523809523809522,4.043556587691861,3.9444068747293635,3.4821912792894936,0.0,1.502662037037037,2.5761078042328043,10.138787756555613,1.9023974867724867,0.0,0.6562118437118437,8.978960739693372,3.0456349206349205,1.6196443602693602,1.4607694003527336,0.0,0.7916666666666666,0.0,0.0,0.0,0.7351438492063492,2.6527294464794466,0.9444571632071632,0.0,4.589864417989418,1.1888227513227512,3.3311803980851598,0.0,0.0,0.0,3.6386291717541717,1.9687169312169313,0.0,0.0,0.9749393738977072,11.057547737756071,0.0,0.6024155242905243,7.915072951739618,0.5549355158730158,0.0,0.0,2.2602978370835514,0.0,1.4906211843711843,1.0350058836665978,1.8959554334554334,0.7281746031746031,0.0,0.0,10.390698223733938,9.08293074980575,0.0,0.0,0.0,5.09484126984127,3.2546296296296298,0.0,0.0,0.0,0.0,0.5721500721500722,0.0,0.0,1.6030100828902198,0.0,0.0,0.6481481481481481,0.0,0.0,3.901263699924414,0.5806712962962963,5.760373061742924,1.3424272486772486,0.0,0.0,0.0,1.3756898885886164,0.0,1.2998015873015873,0.0,0.6247271825396825,0.0,0.0,0.0,0.0,1.9693681318681318,0.9837962962962963,0.0,0.0,0.0,0.0,0.0,0.0,0.0,0.0,1.035176917989418,0.0,0.926031746031746,0.0,2.365839947089947,0.0,0.0,0.0,0.0,0.0,0.0,0.0,0.0,0.0,0.0,0.0,0.0,10.266482498982498,0.5536954365079365,0.0,0.9474206349206349,0.0,0.0,0.0,0.0,4.197382478632479,0.0,0.0,0.0,0.0,0.0,0.0,2.3745971786150357,0.0,0.0,7.079563376438376
841.8933304406819,372.1002667824457,324.2134191582708,97.20254379618488,204.64653474364846,134.70237924023414,130.17068437506,178.38613015014258,29.60373158398292,227.59110429951147,62.67979658419959,67.6588077486678,109.83806195957493,64.15179675727306,70.6152806111457,103.39968596299813,122.62416861863237,4.747891187512721,33.43989392487743,254.27352723093142,130.74810967589124,102.16925727889245,18.174110713580532,157.13538901449243,130.9124530351379,167.03927107452992,188.36970748229444,19.773600644285168,18.306443505185136,35.83015388303957,0.9493464052287581,24.179614414073747,47.013951119231976,9.51470250930442,14.84754781881798,50.1835094164367,1.8687289562289562,2.3503487253487254,20.70091882006964,14.321350695160218,7.401456087485499,1.6662128720952252,15.358048764199934,105.75920712417984,8.28828105752916,6.287710707556429,1.838187593878131,2.5857082732082732,11.357128648504954,2.4135423108637397,2.4386299974535266,0.673881673881674,3.162861444111444,8.195219951236712,4.598898555148555,1.5635693671407955,1.0995670995670994,139.37766173227018,6.33935284486755,11.8635486715547,7.015023415962466,2.651999158249158,0.0,5.960529666412019,26.82441869191553,1.064880093451522,0.7989801044236529,1.5092764378478665,0.0,2.55277133962582,6.507876995009348,0.70995670995671,7.348755411255411,0.618156353450471,3.0546723740001047,3.068392508518559,0.0,12.116124792600537,0.0,0.5667981915292587,0.5555555555555556,1.1458333333333333,2.0993077054738043,0.0,3.450755886358353,3.910890496447219,9.551671245421245,0.0,1.1064483874357824,0.874432690964949,0.0,2.2187177901463615,0.0,0.0,2.5279761904761906,0.527056277056277,0.0,11.079492266992267,6.534242990125343,0.8176927520319422,9.778549382716049,41.203344610637494,8.636654240820906,3.298066448801743,7.863411241097436,0.0,1.611111111111111,0.0,3.5027627465127464,0.0,0.0,5.912956062685165,0.5451362363127069,0.0,0.0,0.0,0.0,1.8512105178771845,0.0,0.6666666666666666,0.7965367965367965,0.0,3.009201929930221,0.0,0.0,1.6206954617610654,2.0994926590164686,0.6346801346801346,10.334265773758183,1.3095238095238093,6.533693022663611,0.0,0.0,49.44832534281567,0.0,0.0,0.7658730158730158,1.25,0.0,1.7878208101422386,0.0,0.9507936507936507,0.8773448773448773,0.625,0.8833874458874459,0.0,0.0,0.0,2.1470588235294117,2.2222222222222223,0.0,2.6456552706552707,0.0,0.0,0.0,0.0,3.863235294117647,1.7123617123617123,1.6666666666666665,1.4159937679861778,0.0,3.446988795518207,0.6944444444444444,2.5390873015873017,0.8803418803418803,0.0,0.0,1.2007681860623036,0.0,1.4290849673202615,0.9552669552669553,0.0,0.604978354978355,0.0,0.0,0.0,1.3703703703703705,0.0,1.6541986687147978,0.0,0.0,0.0,0.0,0.8333333333333333,0.0,0.0,0.5556758056758057,0.0,0.0,0.6458333333333333,1.2871572871572872,0.0,0.0,0.0,0.0,1.074074074074074,0.0,0.0,0.0,0.0
505.430932509685,258.7814749537571,194.44440613306136,62.75828527692637,176.72057320518692,22.183333094985908,58.197333656513045,140.95578063854308,29.1238541187396,204.25375741603222,29.861451040854053,22.22853709339715,113.97230595631892,47.62080949057151,52.5256607564344,52.77751397004441,86.54754052719625,8.966235202943999,34.67798916297267,165.6149268771993,116.62867499395657,82.42292791381308,52.82467093767017,79.99704957615299,56.863155110839976,74.19532795211575,143.47486621245318,8.573600644285168,13.848110171851804,35.32320943859513,12.116013071895424,16.698071882531217,45.59844913055925,12.566157783851036,8.769770041040202,31.874524882452164,7.373490860990861,5.947570947570948,14.089190066080821,3.8491284729379966,10.787699473728885,3.6424033482857014,11.983048764199934,79.34999873997147,8.834134615384615,6.23771070755643,0.0,1.4190416065416065,8.763876004947432,6.9525634748849034,2.6052966641201936,0.5627705627705628,2.3152056277056277,14.17299772901449,1.3215176027676028,2.3135693671407958,0.0,80.89541758752603,2.8778143833290892,13.815532798538825,4.506129858539497,3.8075547138047137,0.0,3.2383074441897968,15.290886945883782,2.6833986119700404,0.5608848663284147,0.0,0.0,0.6362433862433863,5.826253063385416,0.0,4.543199855699855,0.618156353450471,5.471339040666772,3.7464970836819576,0.5772005772005773,21.1062041576799,0.0,0.5667981915292587,3.333333333333333,23.760912698412696,3.377085483251582,4.787157287157287,2.8952003308027976,4.519356104912828,5.782440476190476,1.6666666666666665,4.023115054102449,0.0,1.1111111111111112,0.552051123479695,3.1001984126984126,0.0,0.0,0.0,0.0,6.874122405372405,2.349057804940158,1.0057879901271805,3.7646604938271606,42.81674509903799,8.862844717011383,3.3813997821350763,12.62720855489475,0.0,0.0,0.0,1.4583183020683022,0.0,1.1111111111111112,8.014940189669291,3.0451362363127066,0.0,0.0,0.0,0.0,1.15676607343274,1.6666666666666665,0.0,0.7965367965367965,0.0,1.536979707707999,0.0,0.0,9.508668599734202,2.3772704367942463,2.956108706108706,4.678710218202628,0.0,2.2559152448858333,0.0,0.0,17.63702549767436,6.138888888888889,0.0,4.3769841269841265,2.833333333333333,0.0,8.287820810142238,0.0,0.5555555555555556,0.5717893217893217,0.0,0.0,0.0,0.8333333333333333,0.0,3.8970588235294117,2.2222222222222223,0.0,5.187321937321937,1.5476190476190474,1.3888888888888888,0.0,0.0,1.5465686274509802,2.9028379028379026,0.0,1.4159937679861778,0.5555555555555556,1.8888888888888888,0.0,0.0,0.7692307692307693,0.0,0.0,0.7721967574908751,1.2889610389610389,0.0,2.344155844155844,0.0,0.0,0.0,0.0,0.0,2.3425925925925926,0.0,2.187532002048131,0.0,0.0,0.0,0.0,0.0,0.0,0.0,2.5649350649350646,0.0,0.0,0.0,0.0,5.444444444444445,2.4444444444444446,0.0,0.0,0.0,0.0,0.0,0.0,0.0
2290.8386979212805,1116.4150154579568,816.101177413823,345.73907545977306,589.6453622402651,218.50500847104226,92.23911887413556,529.737052798713,141.29118830166394,957.4248928934519,368.388671134055,188.85164964098723,779.0534841622983,331.1918936111356,116.94594134504732,130.37489180244302,795.6975616857458,88.39352661232742,160.1832401359029,336.0657372067725,846.9040143980193,253.77418895827893,68.23082250931817,324.37712234987714,164.63572745471777,204.6813071636655,132.0639080806799,101.51844090179662,400.04282316072755,95.16605484091247,55.23694680525982,68.56691895722149,307.55813428125543,26.679659269191383,61.26943759711274,76.4452363734265,60.502814710485815,1.6056661610821903,134.21716360136125,3.229062163163609,94.64165054139464,87.49924922923294,18.64742614239555,110.77479829847317,6.826525515880432,21.43839424423013,5.996792112473551,24.502196456240675,36.382306512041694,29.410217600010522,38.69399890086743,11.89338564258496,22.856492868021938,4.131422751233506,1.633004662591243,22.097218461976865,13.411314660233405,374.1868169210483,5.656538829860064,56.16544540097461,10.8669873153686,8.343753314109351,8.88394718214698,32.04183555862358,47.51972075381703,2.965056544946527,3.2807895522394572,12.673272950366547,49.654319705517,8.118862507718331,9.610784646738662,2.5927076049580586,10.453864604730207,5.69483226937588,2.661950523814486,1.4549782923843075,12.726087516816284,8.874807109912087,7.094315968042214,2.41098394315654,67.62093347661248,1.7963607365521241,2.094497602907944,18.28829637686529,11.5264146230465,24.603605305887395,19.83977153174335,8.051713880661248,0.717501593939011,3.3399810315132896,36.77516998994272,62.816591868682906,1.171727074668251,9.665165261352897,4.28646736405357,1.735827517178937,7.6507875233380425,89.62542379292962,5.3857556543982295,5.145654614493073,4.834145529472208,177.45563243742936,4.11526811793648,0.894631705583718,16.520378032103867,4.504028667381395,1.2425582962107462,0.9974635256766919,25.716398118695473,7.803955372686023,11.929325291958982,35.4558286069941,23.72883617924833,5.2037476412476416,1.4430267589446089,13.269565293094704,12.499087111333562,7.8673834666415,5.245236136412607,0.8705808080808082,8.245399335282702,26.156257608130776,7.9219433660638625,1.2690248348143085,4.531775383751263,6.143502723493307,2.4271406442182646,15.361869541628424,70.55683271931645,11.783398174141304,5.403298483135944,2.379166717488263,8.879392666157372,426.78101630201786,14.877786071649902,7.335835497743659,15.41670188493055,1.1597968602278947,11.869775405766118,30.981196950526247,0.0,1.3558800984137582,2.5359025720867825,1.8363042186571599,4.497370885335282,1.4906602685240455,0.9203282584367778,3.3924539512774805,2.269646933733621,21.214589972513398,0.9337121212121211,16.80399226353854,10.834965096983769,1.2373737373737372,0.0,0.0,7.480369484316853,1.7949903177718898,0.6259735209970712,57.86262873479929,0.9406359034842007,18.956220311909167,0.8099622789224583,2.845593130996452,9.231281539459488,1.689006224224277,1.1926194720312369,17.857761697080583,1.6043573344203215,27.794251785509527,2.60249740858527,2.1682806961344645,5.224278962075215,3.3953597510792983,1.8973506069094306,4.188834154351396,3.0643372153544273,7.421468918508392,66.14100624897539,0.0,5.537178507766742,0.0,1.9135790679908327,2.2824463118580764,1.6666666666666665,1.1870197860064515,5.910534318622553,0.0,1.4283782478508644,0.0,2.6878191270194947,0.0,0.9409235551631534,0.0,4.661486561254363,4.327700936834064,0.0,0.0,0.0,0.0
443.6786955286067,274.0196629479898,166.35241251286328,91.37164030230582,190.6037491102616,50.124826779102456,46.711873952734294,141.7844448137206,44.013875608649734,159.50381316615128,82.09504757382496,67.30580630948214,157.55016453988617,53.28635864101462,33.797853745638285,66.994813627484,187.77810647777534,59.498295659071964,13.676250189385513,88.96496359424678,79.97407968423207,113.28145045027024,26.175702257427588,64.80358787827643,49.547409237753676,47.78362872046012,41.70141220543273,22.820432521123365,50.31124294020917,25.789276433322662,25.205988574322454,29.35804756864608,89.37825239272726,15.008242722774838,38.54900735092666,50.880491783699995,26.405243300414405,1.5623761177921471,19.000168059885706,1.7890583258546777,28.194240276221215,28.234485371086727,8.289292171103682,26.84908648411956,3.299252788607705,16.628612073786194,5.660667710559675,5.968765787582734,5.258661515970229,4.462217788117032,22.21113454300307,13.385042406300546,3.0646691056907773,1.8622243570351118,5.0633076928942735,6.048228562986966,6.966597884634275,93.4544316999045,1.668443591764826,33.00229317682177,4.787020985402271,3.391733112089149,3.1755607972900064,39.367808252158895,27.785782287595822,3.9009331683231507,1.0423469870527058,2.345441060034656,3.352108518011689,29.077646779002603,2.7522143149540432,0.7242011114515652,4.28681571446703,2.778165602709213,0.0,1.3637599868802877,0.0,13.539128899233877,5.942620441346688,1.5943172764898732,6.898520622115775,0.0,1.1450026534129947,6.612791326360238,1.481849928481807,6.963353890635981,3.4338191507909666,0.8147483608009923,0.717501593939011,0.0,1.8285473785473787,4.72398123857228,0.0,2.0136501098377453,0.762491340077547,1.6830497394011592,1.431191126468918,18.62128403004373,2.254345397987973,3.627301439889898,0.5675371378638167,66.62952771856149,4.400506869084322,0.8305291414811539,11.91596882408749,3.2023938986413634,0.0,0.9148188975775183,15.356151294812285,2.5308991805121837,0.7908769063180827,11.986599919015413,4.661583061995212,0.0,0.5593652135183576,0.6377896613190731,0.8639914063849155,2.8034751527331863,0.6900890775890777,0.0,1.4999989023822695,2.6689404590489216,3.7080154601044932,0.8924014581909319,1.1979746815295085,2.3828113946201595,2.4271406442182646,3.3089932512521334,23.328640356010865,0.0,0.6312927111301725,0.653057136833228,0.0,81.26760219680862,3.9310337498975803,2.4267445886527503,2.9229861708201,0.8567665571975916,3.049932013863902,1.8643497205294701,0.0,2.931578947368421,1.7472120958963062,0.0,0.6847066976710939,0.0,0.0,0.0,2.6484348125215,0.8300645714438818,0.0,8.091786575170062,0.6496115616302343,0.0,0.0,0.0,1.5690058479532163,0.6018084995900717,0.0,10.420733285047802,0.6073025701508674,10.245420001108856,1.8099622789224583,1.4363450793065398,2.10980099979713,0.0,0.0,1.6314674260494693,0.0,8.60531703604846,2.5326922137800754,7.611263152274816,0.0,2.5203597510792983,0.0,0.0,2.4456503466675588,0.0,13.777833345576925,0.0,0.0,0.0,0.0,0.0,0.0,0.5036274207959046,1.014159859748095,0.0,0.0,0.0,0.0,0.0,0.9409235551631534,0.0,1.3241849739527758,0.7443676035007305,0.0,0.0,0.0,0.0
2.8398239892972112,0.8278335724533716,1.0592985732304618,0.6045751633986928,1.8781512605042017,0.9955364259524948,0.0,0.0,0.0,0.0,0.0,0.0,0.0,0.0,0.0,0.8333333333333333,0.0,0.0,0.0,0.0,0.0,0.0,0.0,0.0,0.0,0.0,0.0,0.0,0.0,0.0,0.0,0.0,0.0,0.0,0.0,0.0,0.0,0.0,0.0,0.0,0.0,0.0,0.0,0.0,0.0,0.0,0.0,0.0,0.0,0.0,0.0,0.0,0.0,0.0,0.0,0.0,0.0,0.0,0.0,0.0,0.0,0.0,0.0,0.0,0.0,0.0,0.0,0.0,0.0,0.0,0.0,0.0,0.0,0.0,0.0,0.0,0.0,0.0,0.0,0.0,0.0,0.0,0.0,0.0,0.0,0.0,0.0,0.0,0.0,0.0,0.0,0.0,0.0,0.0,0.0,0.0,0.0,0.0,0.0,0.0,0.0,0.0,0.0,0.0,0.0,0.0,0.0,0.0,0.0,0.0,0.0,0.0,0.0,0.0,0.0,0.0,0.0,0.0,0.0,0.0,0.0,0.0,0.0,0.0,0.0,0.0,0.0,0.0,0.0,0.0,0.0,0.0,0.0,0.0,0.0,0.0,0.0,0.0,0.0,0.0,0.0,0.0,0.0,0.0,0.0,0.0,0.0,0.0,0.0,0.0,0.0,0.0,0.0,0.0,0.0,0.0,0.0,0.0,0.0,0.0,0.0,0.0,0.0,0.0,0.0,0.0,0.0,0.0,0.0,0.0,0.0,0.0,0.0,0.0,0.0,0.0,0.0,0.0,0.0,0.0,0.0,0.0,0.0,0.0,0.0,0.0,0.0,0.0,0.0,0.0,0.0,0.0,0.0,0.0,0.0,0.0,0.0,0.0,0.0,0.0
234.43619499158928,69.05836091548072,21.368882507814398,41.79678458652917,42.30578685590295,7.701224256640325,16.619227994227995,10.231922398589065,21.74239557905524,101.52046150730361,12.139822595704947,7.213505236402553,34.974774558946386,49.2470582249994,13.310669443215883,6.457080200501253,56.102649393090566,6.979166666666666,20.42361111111111,26.288802490556876,5.651253387533876,23.0143106162843,12.591768525592055,21.878420295243604,5.222222222222222,3.341736694677871,6.6990351696234045,1.1111111111111112,6.409167085637674,17.461205096073517,7.328703703703703,14.42361111111111,3.333333333333333,7.924921483745013,5.659722222222222,12.355769230769232,1.1111111111111112,4.46125116713352,4.244708994708994,8.020833333333334,1.7324561403508771,14.555866791160907,2.2936507936507935,3.263888888888889,0.9126984126984127,4.083333333333333,22.191076913664634,0.0,2.6031746031746033,1.5982524420024418,1.1111111111111112,9.052579365079366,7.033146591970121,6.620205026455026,0.0,0.0,0.7291666666666666,1.0,3.1111111111111107,4.0625,2.0054200542005423,1.1111111111111112,4.531845238095238,1.7592592592592593,15.86111111111111,1.1111111111111112,1.25,1.1111111111111112,7.937710437710438,3.7291666666666665,6.8809523809523805,10.070436507936508,0.0,0.0,0.0,1.8055555555555556,0.0,0.0,2.555555555555556,0.6696428571428571,0.0,1.1447245564892623,0.0,3.3417366946778713,0.0,9.649122807017545,0.0,4.201388888888889,0.0,1.5,0.0,0.0,3.7301587301587302,2.888888888888889,2.0,2.2222222222222223,6.328671328671329,0.0,0.0,0.0,0.0,0.0,2.2756410256410255,0.0,0.0,2.82010582010582,0.0,1.1111111111111112,0.0,4.37037037037037,0.0,0.0,0.0,2.111111111111111,0.0,3.8713323713323713,3.75,0.0,0.9259259259259258,4.510233918128654,0.0,0.625,0.0,0.0,0.6666666666666667,0.0,4.6875,0.0,0.0,12.648809523809524,5.204678362573099,5.989028944911298,0.625,0.0,0.0,0.0,0.8848162071846282,0.0,0.0,0.0,5.206662489557226,0.0,0.0,1.4285714285714284,0.0,0.625,1.2673611111111112,1.0714285714285712,0.0,10.873677248677248,0.6696428571428571,0.6944444444444444,0.0,1.0714285714285712,3.5269218798630564,0.5555555555555556,0.625,0.0,0.0,0.8333333333333333,1.1111111111111112,0.0,0.0,1.125,0.0,1.1805555555555556,0.0,0.0,0.0,0.0,0.0,0.0,0.0,1.0,0.5555555555555556,1.7410714285714284,0.0,0.0,0.0,0.0,2.5,2.2222222222222223,2.2916666666666665,2.111111111111111,0.0,0.7142857142857142,0.0,0.0,0.9821428571428571,3.8690476190476186,0.0,3.265194235588972,0.0,1.6666666666666667,0.0,0.0,0.0,0.0,0.0,2.2222222222222223
2.8398239892972112,0.8278335724533716,1.0592985732304618,0.6045751633986928,1.8781512605042017,0.9955364259524948,0.0,0.0,0.0,0.0,0.0,0.0,0.0,0.0,0.0,0.0,0.0,0.0,0.0,0.0,0.0,0.0,0.0,0.0,0.0,0.0,0.0,0.0,0.0,0.0,0.0,0.0,0.0,0.0,0.0,0.0,0.0,0.0,0.0,0.0,0.0,0.0,0.0,0.0,0.0,0.0,0.0,0.0,0.0,0.0,0.0,0.0,0.0,0.0,0.0,0.0,0.0,0.0,0.0,0.0,0.0,0.0,0.0,0.0,0.0,0.0,0.0,0.0,0.0,0.0,0.0,0.0,0.0,0.0,0.0,0.0,0.0,0.0,0.0,0.0,0.0,0.0,0.0,0.0,0.0,0.0,0.0,0.0,0.0,0.0,0.0,0.0,0.0,0.0,0.0,0.0,0.0,0.0,0.0,0.0,0.0,0.0,0.0,0.0,0.0,0.0,0.0,0.0,0.0,0.0,0.0,0.0,0.0,0.0,0.0,0.0,0.0,0.0,0.0,0.0,0.0,0.0,0.0,0.0,0.0,0.0,0.0,0.0,0.0,0.0,0.0,0.0,0.0,0.0,0.0,0.0,0.0,0.0,0.0,0.0,0.0,0.0,0.0,0.0,0.0,0.0,0.0,0.0,0.0,0.0,0.0,0.0,0.0,0.0,0.0,0.0,0.0,0.0,0.0,0.0,0.0,0.0,0.0,0.0,0.0,0.0,0.0,0.0,0.0,0.0,0.0,0.0,0.0,0.0,0.0,0.0,0.0,0.0,0.0,0.0,0.0,0.0,0.0,0.0,0.0,0.0,0.0,0.0,0.0,0.0,0.0,0.0,0.0,0.0,0.0,0.0,0.0,0.0,0.0,0.0
671.6895247537383,111.61444572972215,119.67936032377119,74.5189375123166,138.5716271499722,75.9008311281972,115.4246810995804,82.20731910351854,373.0928177312106,81.48420107701786,20.299100186579892,53.18308443650705,132.80518917611465,117.26385260614998,65.37396494708995,32.72632053462411,121.6376513080603,22.573141149321433,18.825440822405106,89.24562970298558,47.502468856838966,65.6151402907661,60.380087402126094,152.07858188311383,19.82692420234087,0.9908339345839347,69.18658067241401,17.069601903828094,78.11208884479717,11.543551398552825,17.125310337810337,10.274060312256658,1.3090739834746683,37.779185288817324,30.525496987580322,94.23286507418948,4.940625,18.25681460900211,43.420409203891346,48.575900414070055,44.99467229199372,11.354015151831932,27.710879044346306,9.02807970578804,35.46074479771907,29.653492565084825,18.50771639778917,6.042013888888889,14.090293776650798,13.051597985347986,1.4799933862433863,10.53475388037888,62.04756508372579,7.539657287157287,10.203738971015756,0.85625,27.911877705627706,2.5396825396825395,7.2004464285714285,0.0,3.401744378306878,12.726495726495726,4.446087328676614,0.0,2.578553391053391,11.871191851778972,9.82149827024827,2.281700336700337,0.9892857142857143,5.698318492453766,6.189248144570633,5.935847741874528,0.0,2.5234953703703704,2.1162863756613755,11.308638474620617,2.497635582010582,0.0,0.5669261294261294,5.524421231582435,0.0,2.24464436026936,2.7206900352733685,0.0,0.7916666666666666,0.0,3.1870370370370367,0.0,0.7351438492063492,5.664634208384208,3.280766687016687,0.0,1.2862929894179893,1.0102513227513228,5.550993323255228,0.0,0.0,0.0,5.924343457468457,2.9295304232804233,0.6662533068783069,0.0,1.4154155643738977,19.632944563152897,1.4187785594035593,1.019082190957191,10.596422158088824,1.0251736111111112,0.0,0.0,4.969906680620967,0.0,3.752525946275946,0.7862813938706795,1.5259157509157508,0.6537698412698413,1.518849206349206,0.0,20.75387849584278,33.09880376567877,0.0,0.0,0.0,12.432638888888889,2.808201058201058,0.0,0.0,0.0,0.0,2.4054834054834053,1.6754629629629627,0.0,1.2756291305092675,0.0,0.0,0.9606481481481481,0.0,0.0,7.762658257747543,0.5806712962962963,5.147125198495061,1.6534391534391535,0.0,0.0,0.7835648148148149,0.5168463511736505,0.0,10.244246031746032,0.0,1.0413938492063493,0.8538359788359787,0.8206878306878307,0.0,0.0,6.969368131868132,1.400462962962963,0.0,0.0,0.0,0.0,2.9671825396825398,0.0,0.0,0.0,2.1552166005291005,0.8986441798941799,1.5807936507936509,0.0,8.166435185185184,0.0,0.0,0.0,0.0,0.0,0.0,2.3451967592592595,0.0,0.0,0.0,4.583333333333334,0.0,39.019657102157105,0.5536954365079365,0.0,0.9474206349206349,0.0,0.0,0.0,0.0,0.8640491452991453,1.3310185185185186,0.0,0.0,0.0,0.0,0.0,3.917618090683567,0.0,0.0,2.528281325156325
3209.3803939837635,714.9644250056123,769.2313673205606,299.1625360650396,748.1382131937145,589.4376348342705,301.3911128280518,344.5040439086146,1101.8193530975364,512.5054747771378,192.12681777134492,150.78876629388208,547.0732380112127,286.68238124740424,336.3602907967379,151.6514661776012,827.8825356836844,456.2420291148041,140.99077757150596,269.78108670652716,139.8699280544169,359.1342928904109,167.4627242889344,174.27889404062012,190.02793186705435,20.074590080002395,193.45000493289956,41.35513488552814,112.03304589265223,447.21292390168816,123.77855525595332,25.65318242160574,40.92024229124131,64.23359940060973,127.42820846500628,112.3418787407571,66.66133400257253,158.7697512548063,17.408919262942778,98.85900329825299,41.115388210004035,151.12691851962728,113.65031704605212,11.050463654660794,16.26136987378641,96.71160353557715,306.00156831536555,72.71584345349278,32.506664088296574,29.65292004498957,14.403694884880089,43.04907724845512,38.597509614965816,24.336660649028698,12.27205302197737,45.525648827963344,65.19474573327707,26.73236636387426,30.304654832747726,36.11159630969076,19.389867293423716,18.133643434293347,19.766370050580388,13.252058400903062,19.725594655222196,33.83925706212023,24.281443966615292,17.961769708959135,14.275577646252003,10.836216756256752,11.874792723686907,59.800549941886196,12.163601358857669,31.660390622167938,4.175801893168794,19.614752373040343,10.102055100660051,20.10815728000602,4.963789460402761,13.517253085675595,15.085313507741064,9.953606574831065,3.157457811169986,13.77930034524862,8.166193340911386,8.712843016248543,4.762767512302109,27.61548061584452,2.2122742359811327,7.689403028907681,12.919689637774276,1.415735844615155,15.41105252746009,22.546912929326872,3.9930334393346407,4.3990220079672415,7.801388888888889,3.7285573350008607,0.0,1.496281788328607,1.9962906128458555,2.5486835428247336,0.5682305857798469,0.8025761213576339,7.546814161035495,23.63834977511515,11.660628123698668,23.96810377407668,3.5851096751736318,22.371235808252397,4.258138740022976,6.564453526165711,2.231817263652239,10.442064281452243,8.651822568965425,4.866272491941035,3.176051464771608,7.519072186935487,18.845764669504163,139.81770093621668,15.629553488061891,14.959457937020963,1.473682518850586,9.42637653351939,12.92780333274297,9.641148573426484,0.0,3.39046632606531,0.9355691476614021,1.1536418868718952,12.99037920292638,27.95771559219835,7.6762832160973264,0.0,2.708442351299494,0.0,1.9808581282265492,4.092405837013203,1.397979797979798,1.0933803162504987,75.1272317616592,0.0,0.0,12.031827558887997,1.4638269100743746,6.609069518218246,22.313844000631473,8.14189402256629,8.424949979991997,8.812673297478922,17.783442436248556,0.0,15.045083419648245,6.877759242770678,51.094392877055625,8.008158458355037,9.094475447923724,0.0,0.0,2.301654207112511,12.232022642002617,0.0,2.30627283257596,0.0,1.7343005952380952,1.4436311593602957,2.8704924249642136,2.638888888888889,1.780793494695676,2.9773339101277174,0.5954442383013812,1.7588133249173528,0.0,1.274404761904762,3.9461859822873198,4.316366373389182,0.9806909583756873,0.0,0.0,8.26093908827899,15.793385090915681,47.281737983033985,3.5902661583080304,11.400057392846508,11.292197362350423,7.059529260422117,0.6487847222222222,28.625509352793387,4.84168252836289,67.0550937836696,9.7020868640037,28.96734768456588,0.0,18.274338411355217,2.1831349206349207,0.6767195767195767,23.15632630259842,2.428161846989878,0.0,19.710051290526902
1843.7038265034944,920.4222315577196,762.4739460785992,257.5207476919971,849.0286808085222,188.8362223453022,98.33316349944374,324.0307017721718,222.00269745636626,813.4040135367084,239.00997471966127,129.32497740301375,539.9234422181112,316.58941870240676,110.38629177121898,64.67023488822815,635.536487392172,67.81876901864376,162.04325969298748,386.96193178961477,1166.5796146083937,264.8235273108247,55.5447723441145,361.1732438285163,165.57283025632498,264.8071758326753,136.1227548507305,77.68708267436391,128.4621619070753,75.51420444764987,49.53510652422224,72.22195856921134,179.9720472937962,38.260027667734164,61.25969667522284,97.10351482072055,35.496872737111104,0.6511523933484006,85.50014325257828,4.77368418987351,42.969349135943695,33.5816736600082,37.49521381561231,143.35199700975065,5.843873274987827,13.958467878892927,21.196160469984196,28.9640227130308,55.2730815348877,40.72700233112088,26.93706503118557,8.30912877674214,31.334757195717792,4.065074488979078,0.9170842957707749,15.78784804615558,5.401684346325774,254.98565044894863,3.3800222429986495,60.934801914981186,9.421391118124331,4.159625705678337,6.734790149515048,63.52353604272065,19.43679148699097,1.7676656920077973,1.0892116729501453,12.11847572409185,42.77328167290315,9.201621709817037,3.963210565529401,6.622664384555643,11.194630162367822,4.620401824179047,3.80435737791154,0.6543672492920614,9.430236974915168,1.5356637495646117,2.807161909475884,2.400649379747988,51.11972761562201,2.03625089689683,0.0,6.135057972376484,12.935579389746056,23.54824936715979,13.872812807133522,4.496985361130098,1.053785030758715,3.5648379398379397,41.098112949612755,148.78335631003733,1.23358515123221,0.9243200084851627,4.9924458450150375,5.43041753340942,8.278656880036749,64.68137028640851,4.227371822625773,3.043250029025891,3.618945818582842,133.81249667632852,4.1756877170397555,0.9430999532816575,14.0919886369575,8.259105296277015,0.5283959510555094,0.6378563679675346,57.041822059792786,4.498254604872252,4.1848917736021445,41.60612445779485,19.477341862121985,2.931299529055939,0.6651434830288786,7.274626762126762,5.690730874376919,7.972425780133357,7.52851936552917,1.7088744588744589,0.0,10.215792327194057,5.2437312690810804,1.335513901303375,10.991287182296844,7.8558886917542665,2.1326093740567424,11.624972566419935,63.337821889284655,20.1623662280735,5.29337496993747,3.7448454083194345,3.5006228248875306,156.0070654106963,8.728919030936575,9.628928105402697,22.043188757381042,0.0,29.508056199619666,61.026948848053735,1.0915473415473416,0.651475870111121,3.630176544301931,1.0386851710381122,4.836407852103341,0.6207213838792787,1.3618030676220332,2.582563841387371,0.0,7.6553633942419035,8.562103174603175,16.069454575064594,9.5254329004329,0.0,0.0,1.8376602564102564,9.138221629693877,2.1935571178614133,0.0,258.8252627719653,0.0,21.309730948875686,0.0,6.39349815497843,7.277666128214018,5.9478836376344155,0.8683473389355743,7.485205991620465,2.0185095177321877,33.14388684271811,1.0944506715529099,0.6997457447775052,3.6151284690304655,2.500188952003834,1.1244703009408892,4.753147235905856,4.254548827399327,11.82896345814903,51.406654963013395,0.0,0.9486864442746795,0.6145097592466013,3.2012774806892454,0.0,0.0,4.575132314088222,7.054164580777214,0.0,1.2183207765864967,0.0,1.7261893199393197,0.0,0.7162698412698413,0.8023860398860398,0.5079191033138402,3.0221294658214157,0.0,0.0,1.4816017316017316,0.0
4100.815829560216,1091.6776404526988,1568.083289623159,571.1011297466157,1617.9452057644537,231.33022353617358,268.7574437690622,485.3362598876359,635.225638566545,1550.6658607830368,256.92463319695946,104.05251003551315,401.83388986724447,129.88511999838857,398.3173196085448,200.52338487926295,934.7454169124944,288.6270371094839,57.51304575734723,288.0981345986692,262.90435566529067,369.38403517141586,558.235960836284,350.43172100869975,341.35743470959585,53.03665197285828,342.80131144192916,128.452988763987,517.8296519934491,720.0230530014825,75.83853858810322,80.45412560385537,56.233388125210766,127.20106746881693,75.25881798919951,62.11643469672535,16.630133177008176,44.85634851729872,66.58754762184124,42.32628799970606,128.22394629471836,62.3809110883537,113.0781258710515,69.64247755240402,31.89547373922374,28.948909889273665,1643.5927854435467,45.69403748318741,55.67341926805567,33.594139561538135,0.7701733241505968,4.084556170953229,40.889565702667305,25.892169258022914,12.187552915494091,52.41968109381211,3.543893544561994,4.088860156465687,41.18305568280501,389.53413116649256,98.72319489978705,9.754021152458652,29.76426895482711,5.186658613552552,125.39875900599245,3.0373522585240607,54.76793958270674,30.05904422482402,26.324277985389095,31.170324528412763,12.616137742975978,16.609169007041377,231.31713525356668,1.254978354978355,8.941941269514798,3.503637566137566,8.496605907772118,12.204365079365079,12.358540845171861,12.525328135009508,72.97069342694343,1.7682793847566576,5.116872710622711,19.405955008329585,7.357103544603544,10.374927009304674,31.027746480120513,19.53612709891119,10.361139121835217,5.0899498229043685,2.6472146274777852,123.56335531201603,25.090509470105058,3.4899021218564097,5.705823996265173,36.82358241505968,41.932922730410475,12.37037037037037,3.1726329226329226,11.02182852799334,7.278037198491744,10.80281279178338,19.61375890461786,0.0,5.026460477353334,6.6000493379169844,108.91564797561276,6.927054154995331,3.6030844155844157,0.7537878787878788,2.6666666666666665,8.300154320987653,8.103327648782194,8.493160273212771,6.048670116194626,12.86237604987605,1.7430555555555556,29.158282859927596,31.295862342946965,35.227152130095675,11.335565476190476,1.7501352813852813,0.9192550505050505,0.0,37.94380023341291,29.062040573805277,24.131404543169246,1.6522261653075607,13.364604868708836,11.776282493673799,16.78481240981241,6.789141414141414,78.8421299479648,0.5396132492169078,1.5912698412698414,8.923219182778006,5.035126092575587,4.797736985236985,0.0,3.094445910059769,6.97288916829358,0.0,4.81119227994228,13.866471491471492,4.131174092111592,0.0,23.80691078084126,20.230045207317936,0.0,3.4436988087067886,0.7857142857142858,5.149805056055056,0.0,36.95922682486854,22.893879812997458,1.4990079365079365,4.578246753246753,15.963323819124472,8.722370766488414,0.0,1.9435841935841935,7.4651212110860605,1.5592579076106208,1.7077922077922079,2.1111180486180485,6.472238619965893,5.042183374903963,0.5803571428571428,10.771032983412958,0.0,4.92478354978355,8.58904829738163,1.6098785473785473,0.0,10.520694752402068,5.110433604336043,3.9417989417989414,0.6188052143934496,21.51805603106754,7.355555555555555,15.604681094819082,50.54689257728473,1.5949013949013948,15.178611574154088,1.4285714285714286,1.200221836986543,0.0,0.9494746255309636,0.5386363636363637,0.0,2.3809523809523805,3.3456412868177576,6.082671957671957,20.991115366115366,0.0,0.0,8.47555685055685,2.5005606661856663,1.240647212869435,9.237886079641399
3641.3533469450163,570.3938081101069,1386.7737992817308,497.3743271536889,1128.007409173925,229.22863545922374,473.8657368606357,450.2707552371486,945.6561154641441,1100.1918617684803,262.21483129279875,171.17119368436747,211.10693172776385,190.7051733185181,377.6963894483777,132.99703525086636,523.6298011346717,148.43735386322368,92.88987159675936,209.34887527652717,170.95475773459697,267.94572157711093,250.57011933463716,368.1667608869373,308.42977334599124,36.77435345652583,121.09108931762482,11.109800043602387,101.34817186083042,213.58320791835376,89.16858590106962,82.18061855212453,20.589493655345613,159.884751340444,82.73012425642222,41.30745817378013,18.736479961339185,73.98949655314355,44.2694338415251,27.86454040230855,106.56693190922897,110.34320719873152,84.70002722461405,21.184432369721485,24.918297641008294,62.76694848398196,2992.541708803463,15.83190360861543,18.25466038485981,28.754835078675367,4.447695818586906,38.41645933954411,79.4101045986281,7.183679371047421,16.67323846054026,73.85372587404395,15.38140122583655,12.064243263570308,23.261155888099356,84.0656159951944,64.66362122142856,3.899108124949856,17.502444805794415,5.735295003624959,35.815295278391375,15.504780581810415,38.34028616295749,17.926894323329442,8.525938396612753,121.05900444237284,8.376758940113909,21.298492813694768,74.32786669591712,4.298916914751248,23.63234690942256,4.808699765517147,4.162644429631732,13.012588496937235,0.9885910477043482,41.175707969139296,26.593300119894344,5.4005762718007615,3.893100361467708,24.344028136950097,7.483047904476476,7.810098797095095,6.933985646020243,18.036915596325844,13.919237903640894,9.007073784078436,7.70788362510341,50.319093582024614,33.89486596347941,12.363906393379159,2.0744653176415193,22.984010548838135,17.51250482117355,8.22475442494795,3.7590608160312593,1.5686354899102497,3.901446063455852,3.0685248126660034,11.042834781277184,0.5039549894031686,1.7532022718353701,13.612033985641466,22.554622113433346,1.6764143013527248,3.4540671066310633,13.33906890108549,0.6470276289118654,6.049198560543098,2.284333224122745,16.9527281550994,13.372360827003684,23.5445733577419,4.990378950151725,14.810738853602153,2.107842733052817,197.16842311381254,11.833524659863945,0.9316801592431845,0.0,0.673731030873888,24.541948446888085,12.901712083989993,12.931080094873197,0.9529663260653098,8.344064619624366,9.130407472333133,17.865187554297233,18.69145685093961,68.063154184661,0.0,0.0,22.940726140682674,1.4732865899532566,5.516013203310881,0.647979797979798,1.0376511268091881,45.317340400297255,0.0,1.749381579231019,11.780890995451434,0.9619594964422551,3.4979584071071352,28.462072315526456,18.14433820148106,0.50828331332533,10.52043537161864,2.5081899109960335,0.8730228954718751,0.6561945307593567,29.875764709526145,91.18284497202028,2.1872259186724974,0.5386393087542513,3.3202922077922077,5.999178981937602,0.0,11.274904897346172,5.317590395508405,1.8214243477274754,0.0,1.521092796092796,7.795781267052275,5.753796756797957,0.0,2.745674214052099,0.0,6.740225383082526,1.291754920358948,1.6171671771161567,0.0,6.262203298304636,23.642755262278072,0.5587332864180155,0.8175610985134795,10.124681409295352,1.2414946438345453,9.648522511112214,97.67499483370716,0.8928695734114453,18.200154668233356,6.42844074859381,1.1164827236255808,0.0,1.8374707258078917,0.5083491950295568,4.50458873316456,1.2960022079190434,3.2389856326744186,0.0,24.45407377675235,0.0,0.0,58.98494852460299,13.23272984843288,0.0,43.07145893827019
1123.9782360043937,570.0928670163671,477.0065254246089,184.0654030367288,360.2898208777677,75.14146808577667,146.9035894881911,291.0035420037882,91.89950407680524,267.18864105501524,106.3541070114104,103.19408276513568,227.18802458726964,129.77134054194843,82.03584294572518,111.84733190819829,332.0253994027479,26.131013748770933,47.073835364701225,230.80476009828737,141.30912223049378,291.11615050543423,33.122289985289214,232.79757711247652,127.37351799641566,113.28333913984396,137.1521754544973,41.5560691693296,75.6063893382192,51.96498024598711,20.087988894111593,29.098389769542653,177.21198261298545,24.03608242037231,20.936172075385784,40.73112578816021,12.049341220308962,6.309711771642512,40.87631462804605,1.5808063003189492,33.529515857379636,36.893555892636776,17.71695550309394,90.14368252034879,11.103975885225886,16.890488485334206,11.559081332659936,12.145672999839666,15.102163129007584,8.959333048406886,15.725980503844282,4.558802308802308,4.508387445887446,5.444823125839887,1.4405652218152218,3.603196792184887,3.766233766233766,248.53317998644172,5.863368546514831,40.285000492020465,4.078550493460132,12.962316618566618,3.7744708994708995,8.74474280342121,49.36571857733277,1.634422003782906,1.2305277234712717,0.8981653267367553,4.901920995670996,5.108134920634921,7.2389514760838285,2.0912967938830005,14.934024225258744,2.291767464561582,2.167767612095343,0.8108245690620746,0.0,30.40763916881886,3.2245370370370368,1.8048934296244967,7.5163690476190474,1.1458333333333333,2.4961331022992015,0.0,9.964077881823204,10.091446052002775,7.242788293407938,1.3125,1.7314483874357824,0.0,3.164682539682539,7.623479694908266,0.5803571428571428,1.176046176046176,1.6409025600835945,2.527056277056277,0.8333333333333333,17.555670024420024,3.610733629115982,5.547141373585827,3.7646604938271606,150.40648473127925,9.983860258739266,4.423066448801743,9.182764110450305,0.9659090909090908,0.6527777777777778,0.0,15.533533323974499,0.9259259259259259,0.0,8.784050465358515,5.072914014090484,0.0,2.313725490196078,0.5662393162393162,2.399821801761457,3.005972422639089,0.0,5.416666666666666,0.9689505896402448,0.0,8.30545302145995,1.2662337662337662,1.0,1.0157393068049103,1.8750382939371033,1.0521427592648522,33.425669960656556,0.0,3.5406374671080556,0.0,0.0,152.59296068352026,2.083333333333333,1.4248128879152975,2.6755952380952377,2.0416666666666665,1.0911165223665225,8.578138849382691,0.0,1.4303118908382066,7.2523448773448775,0.0,0.0,1.6666666666666665,0.0,0.0,6.8842383107088985,2.2612847222222223,0.0,5.708899318274318,1.0416666666666665,7.638888888888889,0.0,0.0,5.312467750257998,1.611171236171236,0.0,34.36142062720614,0.0,4.934537684537684,0.0,4.575294198139026,2.378853785103785,0.0,0.0,0.5341015193956371,0.0,12.426902427637721,4.136919002050581,7.346455627705628,0.7171859573175363,0.0,1.1111111111111112,0.0,2.34784092848609,0.59856881624123,20.172635664725323,0.0,0.0,0.0,0.6010737628384686,0.0,0.0,1.0,1.1810064935064934,0.0,0.0,0.0,3.523268398268398,0.0,1.125,0.0,1.257428330183748,3.7424414210128494,0.0,0.0,0.0,1.6666666666666665
4706.729818632991,1269.2602863150528,1419.6292208488903,583.0124194470936,1088.9785240569595,227.3077704410348,217.4561651591314,372.35551021876626,778.2428583895507,1469.9230858682201,204.4836058982687,199.18196880318305,384.14573532210767,278.2442120349698,277.45301146047166,93.10932413354105,1184.1017407579084,218.0870723528427,88.17491577705547,168.2150752780184,354.2597317466138,418.7302132905307,278.9445697425002,474.53597716975275,365.3075959257374,146.6301796933159,191.80548242472736,51.63398551929243,338.9486393176761,455.783390067095,149.51603130089103,97.31643901936874,80.54307325157285,134.34692859914725,71.96432035173952,121.52173704560082,15.818445759831409,38.44459997083936,91.43225808479143,82.97355361299434,118.65161583787045,73.11069133773054,76.60373659548071,29.96240567128172,62.39349516922855,39.160770626843174,934.1770593192298,77.69136728748492,73.39162313951697,34.348741286134455,13.599611676847907,17.95283718875133,32.90973988549428,27.00855333617753,11.189142814331989,42.63971556275306,26.0266973849786,27.84798382384071,28.29875924352089,271.5320711177195,91.13532180566978,16.927497454585616,19.482622823352227,9.76975612687673,105.40139582036298,25.950799459225898,16.633234124753997,10.453172678418222,23.63247474607187,30.512948508085355,36.691495249970146,31.559983309252832,70.45900558943171,4.609644420718982,20.042347452370244,29.464675002841183,7.483226842089182,3.2343953467674695,11.08115374661303,14.464886553252327,30.567200786842434,5.504436071524967,35.97870364095064,16.556001574347228,14.553528538608425,12.463825577924801,11.154267148047051,45.16765627403656,8.655629419297384,48.49829500728483,24.33009881845021,142.81376906282134,36.63268026227585,6.258099124623874,8.956896668682592,26.43960014760886,15.747960177660808,4.312238879877264,3.3677944727594418,7.4675199485009385,7.930490003039912,10.779138237409889,7.629246058871529,22.014605181783928,5.8843709537687126,23.570738358717612,37.829802855712344,2.1657917433691334,10.581415977911723,9.149270790937457,4.73783304020373,12.842775150944153,8.741118235869758,17.816683941721205,2.4648988334650097,23.66538727654717,6.380445588790556,18.86870168281278,15.628708660497692,78.5524460916173,28.538565637578795,0.8040984750543575,3.9756057847575703,22.52628447940948,14.395563107809833,14.981568713834402,34.39247814425776,5.659223661275645,8.811464682886093,4.554180845465783,6.378095515564249,13.369637056521292,17.26193345483206,7.30299442039883,1.721128772021629,21.472481266610057,6.2629059465824675,23.56091488937863,2.0104166666666665,2.9892068668902994,29.72740890308338,3.8201571337347198,8.07376550120803,15.530505762098128,5.0518725024187665,1.7968679313217129,19.206646950310148,6.858896925488538,5.277777777777778,30.200213709163155,9.12709710141571,1.265833472083472,0.0,24.868920058857885,4.345897266066862,7.876715876715876,0.8162222116963496,3.180322672969732,1.4024811899131318,52.46370218907165,2.903217815078953,8.46177467494983,6.08163592603749,10.579387202303868,2.6474790069127474,8.7431075005028,2.644692997634174,0.8148148148148148,10.745959670364032,0.0,2.2245923719138005,1.32825198827354,2.348439931528167,1.933531746031746,20.756993731872555,6.009963898603179,0.6320763937759012,3.8180226779297985,4.610306294636923,4.071131586442818,6.6526100214885,37.2931253009319,9.926606599020392,4.452139742051026,1.3541666666666665,13.057212981806634,0.6581871253746254,8.651090357728796,1.7518636695360834,2.6858166939616153,5.449002615675319,22.489649498525072,2.740282865282865,37.27986928362315,2.1401450731807876,0.8017316017316017,3.7924917674917675,2.9401211760063433,2.6721248072578985,7.157035280680791
1563.7074294494898,484.7549994256705,526.0070867860866,148.15148581794395,395.1620950967157,60.87238637031137,88.26402067629822,154.5077756211376,334.12473800571354,583.8187674797972,49.97767436041822,55.03211474429031,150.2266297111364,117.15137470612883,138.19185020808584,36.21941400158546,320.35753433962975,83.23765500172719,64.77688720377213,86.41780612478397,117.39649851298584,131.77306821335392,85.52406090608488,130.77567515517168,210.24680841044824,63.17298742949423,176.96882603757376,10.672133659278808,154.0246562866924,98.01531855009145,56.70517788420402,37.678571828980544,27.50316715898819,87.48648068649345,36.28700529190105,52.994600456232604,5.745492324377973,13.89473750549878,24.20525316936033,23.417567307431884,21.73115042365504,18.647812217039615,32.421260718572064,19.322419148312004,18.501932332166767,11.106527951876817,378.59948408805104,22.634127861056907,47.6612388099785,12.167349901556793,2.6518272853135167,8.292559114817797,15.067594519199478,30.510834445529625,7.992288724477014,31.92023585232447,19.81457606225945,22.099117610688783,10.605324034202221,57.7352372415485,10.335527089803634,4.055708404855391,5.783867541726757,7.718075428038841,29.724028886798564,5.2142267590502565,9.887580688554344,11.39175135120742,3.6061537473824536,13.967367214184732,5.015524436659181,60.70301298782835,20.90755983095275,5.63784733552904,2.6376144213628887,4.838237234956046,4.259236376548149,4.325665188037311,24.680782935077357,2.520448782028842,6.962243485351522,0.8347686552900456,2.3515541700511715,7.590798116457601,6.538778903323076,4.569503563959931,4.985716650925125,20.97708891972657,2.1370088586837355,3.9179703519101188,9.831469034061913,38.443117855562974,7.448561358304005,1.6110417974194886,1.7741250751967137,9.199149295550866,4.7219114627202865,8.231286498924883,0.0,4.896320314801304,2.6092755822124882,4.182730016001668,5.336597258869788,2.861901505130672,0.7936018683567703,23.850347968684364,48.50949168407156,4.375142577719967,1.8392021731979187,1.62660364327031,3.1455049978756873,1.7181883542985326,0.869930164681686,3.573859867647131,1.3315489657401423,18.033780271038957,1.462447098676681,3.8602605538359365,4.796431810363699,45.67782458319358,9.827652939166097,0.8040984750543575,2.0075738167256025,1.7356445637695639,21.89479799990187,10.42722308151258,4.208746697133454,0.9959171265405387,5.661132277196545,10.145428728018013,2.3426218980158797,4.43976831415255,15.39969906397925,2.4010102934147035,1.441361713683142,11.303784287548174,2.449023070199591,6.450481970507255,1.0586309523809523,4.057833012396144,11.373421650172133,0.6554745940521802,1.2267086229011517,22.560803960761174,1.5182585854715158,1.7169716371397044,10.222032490695689,7.939671933456529,0.0,8.752012720695138,1.280216633999529,0.0,0.0,21.32161862840428,12.076279764831714,1.9099432702373877,2.0409245926487305,0.9188866688866688,0.0,8.098843833141862,0.0,8.3092256646217,0.8391272772788411,1.2530061558422902,0.0,2.063846054277069,0.0,1.50010175010175,4.969236742817354,0.0,0.0,0.7466193352123154,0.0,0.7853835978835978,4.401724695353519,1.4516125277518088,0.0,1.271052348064732,4.739033640276033,2.186908864720097,1.4366137162064803,15.654493686670031,1.6978908703046631,1.4888139839884258,3.9249639249639245,3.207262799713596,0.0,3.02121114788635,0.5577499129223268,0.0,0.0,2.962928303053877,1.1488095238095237,22.34987976849432,2.8674414210128494,0.0,0.7961395086395087,4.726617087502254,1.2038708390039303,5.444944983927374
26791.710990499363,6882.050553118643,7086.669650647119,2607.041396021854,5861.427467456979,1797.8143282967887,1926.950797768794,3563.256698283987,4485.0618767929855,9339.41453071183,1443.3005529866048,1608.75327096791,2203.92272512671,3905.447317953412,2100.6859414853084,814.8580177853657,5351.777460649641,1762.09926681019,829.4338511056994,1341.701456413479,2360.9483497982537,2262.141988199542,1318.521651880398,1859.1252885847741,3424.713279326415,946.3106490184467,1178.4210233883673,483.8898855320424,1427.0890896809758,3116.4240353051755,1157.7474111005265,671.9564254417223,929.4005598446388,1305.2624569877603,645.8775461016999,493.7803823539012,348.3957290139698,500.5818393703035,409.99837199837197,193.15802395059362,730.8732922645594,574.6799180996162,696.2502452083095,257.81543456543454,228.7174899309144,383.65438300384227,6696.400390051886,329.49405512520264,209.61473983532807,405.8261910948679,188.54290925124258,230.33363785337468,270.4898220107779,260.1288305013795,185.1974326450133,430.79948670467246,495.8866004356589,488.6659552321317,174.19911565207218,1209.7784778907069,748.4711399224557,159.9979326229326,197.2411749470573,301.0151247626738,725.8897905816966,185.88435087350223,211.7799598062756,253.84641747141745,189.39326599845532,382.6597742994059,234.74291956550022,307.46592432976405,521.1855868181838,48.37990196078431,154.53117986368633,124.51592851592851,72.45291745291745,176.88182012750977,100.80871212121212,131.53091759206046,222.95335362092328,46.4781746031746,189.69896093270705,101.38116993873572,147.54610435860437,178.84672272172273,130.16115657554013,131.1481346161653,75.81303048635172,115.53841991341992,153.21725496725497,545.9151822022918,170.58225108225108,67.9795586833258,52.70833333333333,170.59983072483072,104.63270178895179,50.398989898989896,30.416000666000667,38.89606227106227,24.849664224664224,100.21434583934584,171.2360646599777,15.34126984126984,69.14241759846783,123.46105691693927,131.87211726182315,86.63059163059162,90.52579946329946,112.92857142857142,56.27312599681021,67.0688431938432,34.99451447245565,104.84788250964722,107.78445165945166,79.85629892982834,29.057350057350057,213.0659201909202,38.08558802308802,864.9434749782972,74.09259259259258,3.0555555555555554,62.34812940327646,57.685539606592236,67.23293210057916,40.29754183015052,207.22988774304562,60.998702686202684,144.14134476634476,34.98412698412698,49.77096273291925,99.01304397357029,117.8402788731736,229.0340739507406,41.10353535353536,226.81023811643115,22.61080586080586,18.88203463203463,14.487484737484737,43.64285714285714,257.0036332714904,21.24621212121212,73.4957264957265,51.98021885521885,22.006639194139193,16.176846100759143,127.85898823398823,56.14788866104655,49.11111111111111,111.54038445214915,49.83382140735082,28.347763347763347,27.00036075036075,151.52819402819404,134.27398621137945,27.930056055056056,30.123015873015873,31.254079254079254,37.78113553113553,70.59481074481074,54.30977351428171,175.3690927128427,70.03979392926762,22.66865079365079,25.404761904761905,52.4244307966438,20.86111111111111,27.572960790702727,19.69973544973545,6.25,27.031203364536697,45.05357142857142,15.706349206349206,24.282738095238095,106.05728041022158,31.01015651015651,9.252765752765752,35.7281746031746,109.12012987012987,50.488747363747365,54.61219336219336,154.86068793725994,20.380522255522255,21.696811473127262,40.94660894660895,24.746031746031743,7.44047619047619,24.363095238095237,26.049783549783548,38.034117026764086,34.00595238095238,156.63482350982352,37.50822829131653,42.93571048834207,35.01612933849776,16.648148148148145,113.67393887234545,35.586309523809526,18.42910792910793,107.78622376959973
252.9638481363728,21.177417412561724,96.99067150525879,9.751779156066084,72.03432897983524,13.768928779009423,28.23762155012155,43.898103161261055,13.246897278244028,23.020902238644172,3.849178671759317,16.12014622705412,10.35615338058412,7.009330759330759,24.78012881302355,9.830588653169299,21.936442704923888,13.596973990119151,22.105654761904763,17.16736514740547,2.33033033033033,28.917909921199396,2.717235092235092,3.6511958386958385,18.578667953667953,0.9252585919252585,9.739447781114448,2.1678187403993854,8.173280423280424,8.894310977644311,7.207465530046175,5.337461597542243,1.9743170589944785,1.4358108108108107,7.239247311827957,7.743430930930931,5.78351133391456,30.700147016086294,1.7567567567567566,0.0,2.319788944788945,2.1679536679536677,1.6628056628056627,0.0,7.845345345345345,2.4107142857142856,24.7690503003003,0.0,2.8333333333333335,1.25,0.6414748081414747,0.5416666666666666,0.0,0.6644880174291938,0.0,0.0,0.0,12.029200859846021,1.6377091377091375,6.25,0.0,3.75,0.0,0.0,4.560185185185185,0.0,0.0,9.069256756756756,0.0,0.0,4.787037037037037,0.5602477477477477,7.77027027027027,3.935185185185185,2.3873873873873874,0.0,5.033339791404307,6.251153464388758,0.0,0.6666666666666666,1.0135135135135134,14.315878378378379,0.0,0.0,0.0,0.0,0.7150900900900901,0.0,0.0,3.125,0.7291666666666666,1.02515015015015,0.0,0.0,0.0,0.0,0.0,0.0,0.625,0.0,0.0,0.0,0.0,2.074324324324324,0.0,0.0,0.0,0.0,0.0,0.0,0.0,0.0,0.0,0.0,0.0,0.0,0.0,0.0,0.0,0.0,0.0,0.0,0.0,0.0,0.0,0.0,0.0,0.0,0.0,0.0,0.0,5.203149001536098,0.0,0.0,0.0,12.62202380952381,0.0,3.75,0.0,0.0,0.0,1.25,0.0,0.0,0.0,0.0,0.0,0.0,0.8388157894736842,0.0,2.5,0.0,0.0,0.0,0.0,1.8888888888888888,0.0,0.0,0.7916666666666666,0.0,0.0,0.0,0.0,0.0,0.0,0.0,0.0,0.0,1.25,0.0,0.0,0.0,0.0,0.0,0.0,0.0,0.0,0.0,0.0,0.0,0.0,0.0,0.0,0.0,0.0,0.0,0.0,0.0,0.0,0.0,0.0,0.0,0.0,0.0,0.0,0.0,0.0,3.75,0.0,0.0
239.54950601063362,227.43667667182098,123.1095440542784,81.29344582273275,223.593152509247,5.966845445676091,19.466788216788217,63.199573749496345,18.871897278244028,87.16442075716269,26.55751200509265,34.036812893720786,16.467264491695232,20.285066053448404,81.36346214635688,35.03892198650263,125.10310937159055,17.03447399011915,3.2916666666666665,75.97986514740548,11.149774774774775,48.98537023865971,6.779735092235092,8.859529172029172,12.644144144144143,35.92525859192526,70.42000333667,95.06365207373271,11.03042328042328,0.9776443109776443,7.082465530046175,14.489247311827956,4.995150392327812,23.31081081081081,44.73924731182796,9.264264264264265,3.3876780005812264,51.78348034941963,11.645645645645645,13.482545045045045,12.111455611455611,11.89017589017589,39.609234234234236,3.515148212728858,8.4009009009009,0.0,2.466966966966967,8.074074074074074,0.0,0.0,1.08265127872971,5.541666666666666,0.0,0.6644880174291938,3.333333333333333,0.0,2.5,12.237534193179354,8.304375804375804,0.625,0.0,5.625,5.75,0.0,0.0,0.0,0.0,0.0,3.333333333333333,43.33333333333333,14.12037037037037,1.9144144144144142,0.0,0.0,0.0,4.041666666666666,26.00556201362653,2.7094867977220916,5.0,35.33333333333333,5.18018018018018,24.9756006006006,0.0,0.0,0.9234234234234233,1.7857142857142856,9.569256756756756,0.0,3.5416666666666665,6.666666666666666,0.0,2.65015015015015,0.0,2.8333333333333335,0.0,3.333333333333333,1.25,10.0,10.0,1.304054054054054,0.0,0.0,0.0,0.8243243243243242,0.0,0.0,0.0,1.25,0.0,0.0,0.0,0.0,0.0,5.0,1.5202702702702702,2.5,0.0,0.0,0.0,0.0,0.0,0.0,33.145645645645644,0.0,0.0,11.458333333333332,0.0,0.0,0.866123476417594,0.0,0.0,0.0,0.0,0.0,0.9375,0.0,0.0,0.0,5.6006006006006,0.0,0.0,0.0,0.0,0.0,0.0,0.0,0.0,0.0,2.5054824561403506,0.0,0.0,0.0,5.833333333333333,0.0,0.0,5.222222222222222,0.0,0.0,0.0,0.0,0.0,0.0,7.5,0.0,0.0,0.0,0.0,0.0,0.0,10.27027027027027,0.0,0.0,0.0,0.0,0.0,0.0,0.0,0.0,0.0,0.0,0.0,0.0,0.0,0.0,0.0,0.0,3.988363363363363,0.0,1.6666666666666665,0.0,2.361111111111111,0.0,5.833333333333333,0.0,2.5,0.0,0.0,0.0,0.0,0.0
1738.9435490811138,520.1374747736875,624.6489987463689,555.2352854059051,488.16997111044293,170.84398703779823,162.3804072393819,456.5113132124677,76.4656899940771,882.8420112837384,115.66011480167117,180.73237516189698,325.6947204070153,249.23240935218706,428.6656142232757,75.4100603427009,509.60736723087956,63.96526676119813,64.59677429400284,131.0321508051949,285.044290058355,395.2215910880363,92.13821596211571,140.4570645460288,367.7473483813981,70.85785142884727,185.23420289044952,105.06549989699324,258.30164051085484,435.59687042328346,70.43981930772759,136.80493959913917,101.01513122218176,263.6567727615834,54.935906623865236,61.214137406152595,69.41126676164936,36.15916362503372,37.553459841744,25.42184031926679,129.12749501648003,24.780420816423227,230.06980150130684,39.96282952842547,60.191375557020635,30.62769710262403,65.19676833094248,31.709924102170618,53.45425889470007,42.74175434013184,37.086061044982614,7.955952380952381,13.455710171273896,49.16489123562653,7.6253343288882505,54.088221587297284,13.629704246370913,76.69698610038975,55.0625565850811,428.99888724234626,256.123842624096,27.82961938811612,55.424443577787315,6.380522161014263,196.3222209145145,40.43194120805566,14.503817603964663,13.904638079411752,30.986965269013588,15.299117578328104,13.810133277670042,91.35325847705049,176.59666982776665,4.233101003934337,37.07101306384159,21.709675775723056,13.364305555555555,48.10113646693996,16.265097624778996,85.66326758654645,17.296417527819965,2.6645892687559356,163.89891278230064,52.42408662977573,21.557356269353818,56.749898369513815,47.098485419808945,19.968314685042625,20.410509703845314,3.3474058258371984,10.601774175579322,79.01657119359103,1.772024188330303,17.42770192770193,3.0498502178649236,55.27929835324443,11.853200497545508,4.358080979744183,10.924988870018161,7.163450999599971,3.377187402738873,53.37818019497474,43.704269485933466,6.2717391404891405,8.82353581966327,9.344510158051825,12.649794037661684,3.691764765735354,9.032357769132531,8.539632875942399,8.705421638140937,11.084053728714581,10.452704008954008,2.8417289137877373,0.7871092796092796,1.7876382876382877,18.777782865282866,35.282690337984455,0.7662686442098207,0.0,15.593150798910603,9.398856658047833,6.426135941944765,0.0,0.0,2.7325263210420103,94.4900939848359,14.451722060619119,7.014733863630922,9.720603123728123,2.9078097828097826,7.182561728395061,4.8197802197802195,9.53205191804908,5.071047183118261,76.32395499163574,11.714472256138922,5.990022298338728,5.263831230497897,22.17685876487347,0.0,3.3980392156862744,7.924962360624125,20.014065576029108,6.642246043716632,1.874563492063492,2.5451719576719576,1.8634803921568628,2.6688273600038306,0.0,0.0,10.039802226500944,2.5822922602089267,1.1003787878787878,0.0,1.1442374051069704,2.2888922805589473,3.5382803035744215,7.16069925800695,13.439501858435682,3.139122315592904,3.0524757642598197,47.6401027969589,6.815058590646826,9.809259259259258,1.9602919951425386,1.7593681917211328,4.8091602025425555,9.572458940841294,3.1979938271604937,8.300961718020542,9.610237340727537,6.2504084967320255,18.501640906692057,15.935921717171716,0.0,2.7201797385620914,6.074927530962014,13.973967257220462,3.5884950878823427,0.0,0.0,8.344768488318715,0.0,0.0,1.689461233211233,2.021031746031746,0.0,0.0,0.0,1.1414616402116402,0.0,5.43602791543968,0.0,11.78745973933474,1.9671296296296297,0.0,2.918040293040293,0.7461378490790255,0.0
1468.9880500541615,265.2400235369007,160.46128576247258,140.03164001838164,257.682397362512,136.49380984069535,157.27566120017735,103.56542311480486,740.2079212889347,458.77668341916177,50.41829327629172,46.947526836972735,82.92501225092458,60.923469038297306,70.5864901381172,125.14155948570922,249.3236981267691,39.41080761205621,24.439683042623447,201.97160367866178,20.222420907563183,93.38358076481727,49.74246346614959,139.91037961217114,24.895726547467664,15.284101732940773,13.356299224670419,18.328860234253487,14.947839183253716,27.367219046114904,202.25378730195743,13.775320261415995,3.5869929561537375,6.674900470066835,73.5048177555884,16.880367039179113,18.43356990842913,31.915094257907928,22.902220318997383,13.507628003250243,3.6396236351682547,663.3731735286979,12.301423443434512,1.9490759051983542,1.6710620334785722,30.366426676307164,74.34247698292423,3.3412990334520325,3.803725505456033,12.131796002440579,2.7700970012822066,65.19095891404369,45.34218616958483,2.607824670192721,3.8046257733001223,1.1381200985228483,83.45816501215916,3.2785289778560225,3.8546000982102315,3.264260910884772,4.426735876698279,1.3258432098264583,4.046015432698376,4.365044883374838,2.8119329000289994,2.668631391494558,11.403978839150165,7.297407490717608,2.116847487521844,2.7455304817469486,0.5789288653230498,9.624395955387383,2.1290895743458838,13.110424851259184,0.8833142084397294,3.853215435032817,0.6883062677935705,3.28639802074676,3.539096098209398,3.6292659319683604,37.00264155006911,22.414254722979212,0.5791874225547695,0.9608479642962401,0.9935790400076113,1.627966919311043,0.9900703021048993,14.315877441241343,1.1119856356925322,0.967180806685459,2.816164894543651,0.7292621171931517,4.6805756241890695,5.271289043408868,2.9484732541494556,1.5857421505697367,0.6228174603174602,0.669198869392395,0.0,0.0,1.7462906128458557,1.2986835428247336,0.0,0.0,0.5574350760681744,0.9980569133310595,2.1164745648392262,5.009747634686058,2.2557445958085522,3.3390689010854886,0.6470276289118654,0.0,0.0,5.852025967275998,6.505760297903155,2.1354523861209294,1.9260514647716078,0.7829610758243764,0.0,159.7165697073131,0.0,0.7927912703542956,0.0,0.673731030873888,1.5368100667497044,0.5777281975061086,0.0,0.0,0.0,1.4777159609459694,0.5326659092755877,73.45226271174548,3.5605884533437404,0.0,0.0,0.0,0.0,2.251493001290679,3.3424242424242423,0.0,54.21735242530928,1.0861261357689929,0.0,0.518930733491173,0.0,0.0,3.4983678101552833,0.7580716902145473,3.841616646658663,4.610120707815605,2.5081899109960335,0.0,2.322861197426023,2.026377985139421,21.069406875029543,6.949130680577259,0.0,0.0,0.0,0.0,0.0,0.0,0.0,0.0,0.0,0.6635662598372682,1.0591188856494977,0.0,0.0,0.0,0.0,0.0,1.2642330741820538,0.0,2.7834875695889068,0.5663663733891825,0.0,0.0,0.0,0.0,5.615540832297201,19.97285768708472,0.6388772694191414,7.382420708543157,4.626853447006508,0.0,0.0,0.8930262813634472,1.3602010468814085,6.472537451113277,1.8922578041746398,6.281090858603173,0.0,1.0874623788909503,0.0,0.0,44.97192274319486,3.334411846989878,0.0,19.925737565036705
2688.147359491055,748.5573205516288,521.341488497124,380.05879098459815,592.5598425717619,43.91677906789627,81.25214222094581,88.85983794308994,852.7169016962721,191.54527753946135,31.079781397704547,39.32550417585524,409.404969637931,159.2609786198565,45.51070946012915,18.666342220447913,849.2847777742501,70.79368829781045,39.71223409248376,170.86318212238788,81.36298208251375,193.89669206763267,100.86882803514818,120.44115899534515,58.391781901172806,104.02443607150208,61.189556988193736,20.736982921874453,187.28973255613909,8.375006532005791,265.5214570207234,9.043937744014952,9.562032796399647,13.674491268745895,14.627969030572523,25.82935259359235,1.2769447028067717,116.7789235262094,13.63355999577264,28.417091816363808,6.153254491067971,32.664569019870115,20.88325777111275,4.833784865927723,0.7810286775804017,63.21407098881003,83.16973489954397,39.07479786951909,18.66348239185147,10.462835058486917,3.6828961002811575,14.075260557479174,38.99541470729915,1.4302406701481554,4.471152292334558,7.3967541550464375,23.950930352716068,34.84601745705569,0.975705329153605,1.435583863555592,1.281064520004806,7.612898771319561,10.161051846378403,20.6482852617468,6.898729228850932,4.143853368853369,7.512671030810399,4.132863751829269,15.40821262071262,3.497485199900347,0.7945576533938603,1.4663732168424484,2.555189673574137,61.281827904168324,0.0,3.672791475234004,1.3665248225593054,0.0,2.5679433912192535,0.0,12.624417270681638,6.596127710343397,0.0,5.792111134927227,0.0,0.0,2.4737284001651814,157.56358706486594,0.0,1.0295038200529898,55.696121899386746,5.404127720938066,4.3875958124119885,0.0,0.784361886517059,2.967056315332177,0.0,0.0,2.1457512315270937,0.9928973465558831,0.649940151376933,0.7268104501440958,0.0,0.0,0.6491874527588813,0.7204721204721205,3.5524232539019507,0.0,0.0,6.138413232857677,4.698926871340665,0.0,0.0,1.5613121381624324,2.6692669642264373,2.825527441906752,5.160468611217,0.0,3.0378236142942026,128.74539392735517,0.0,0.8554315476190475,0.0,0.0,0.5048500881834215,3.297910182591555,0.0,0.0,0.0,5.433028083028083,0.0,25.88134802694741,4.078606578606578,1.7714021567299005,1.0505090147947291,0.0,0.0,18.284177801260377,0.0,0.0,26.006613157049394,0.0,0.0,1.937735875235875,0.8338066786342648,2.875608766233766,3.896508185301289,3.0422602089268755,0.0,7.536441798941799,5.008572115714973,0.0,0.0,4.5667512564064285,69.15066641600956,3.157120657120657,0.0,0.0,1.2210466736328804,0.0,1.6534013605442177,0.0,0.0,0.0,0.0,0.0,0.0,0.0,0.0,1.0804061838544599,0.0,0.0,0.0,0.0,3.309712680475927,0.7915416385440981,1.0054734537493157,0.6409050825717493,0.0,6.562918171716346,1.857414127146539,37.37216539814579,0.7062230443337878,5.528196183038022,1.7848124098124096,0.0,0.0,2.0869022181522183,1.2428872213354971,29.005328171683992,0.0,14.116253351495551,0.0,13.58951603951604,0.0,0.0,28.639902669822135,78.27270138254181,2.5668338105642183,43.04641445459131
5500.548147434277,1331.7194840299558,748.2490317021825,698.8933308424856,1032.439009771241,125.2388134057278,227.55207650290424,150.48366287614098,1894.7851816488978,374.54289342948806,79.648875875072,62.255889708211186,405.64836984075976,276.93090592556916,108.44620771850248,68.06259863174837,965.7171393337205,96.95467023091882,77.50881442921721,243.6365326424718,174.66727526292192,291.327927375079,156.5727140978708,258.883821196339,71.4052047236125,77.09928359165788,90.84524889003599,42.86788293994286,149.84205318684272,12.644841206090007,311.6593046573592,29.320803019398753,4.802270733931516,49.81813756922499,36.50535948688124,56.93398269701267,7.426216151075374,202.86710092003236,21.62102928780635,47.497916104954754,15.25465860020322,150.6893077912607,27.4044741063256,16.620050361498897,3.7967835342000726,140.51049645337488,205.09929265842322,48.16649956821139,26.601549168720872,29.066266298409353,12.127680775532648,42.93707851354396,73.9689867549887,6.715238090106141,11.879661848336196,5.582564542967293,59.23856376788686,59.11758874849474,5.1046000982102315,6.468371614995476,5.440624765587168,5.168957556563993,7.878869038647759,26.319000970023232,9.68990909050519,6.17442461787602,24.840171119092442,9.091058284368401,46.87478399545835,8.81302877292945,1.0154368018309863,4.76075959175102,7.877227547483857,79.48869335186811,0.8833142084397294,6.617104323921706,1.415819495306798,2.7030646874134265,0.5761331352464357,4.8792659319683604,80.25330292573048,21.432999005203886,1.8430763114436584,14.606932580478896,1.586171632600204,2.4613002526443766,2.8423291543637514,89.61729339094161,1.1119856356925322,7.762319695574347,103.07833089045577,7.730177868108902,12.104854470342916,7.215733487853313,6.176647857324059,3.3912977061252922,0.9258477633477633,0.669198869392395,4.548765555735999,1.1250809847748624,13.648647515202759,2.012969257110448,0.0,0.0,0.5574350760681744,2.371734162008308,7.9299666283312895,6.676414301352725,0.6486017386656953,37.060624959406255,3.3959453778296145,0.7152339140784518,0.0,10.093458146208176,10.651232274048889,8.758468259136801,9.528743644386864,0.9522732451365457,7.217210217420301,436.9568610845506,3.1970933828076684,1.6404103179733431,0.5191370643051315,0.673731030873888,2.2043585676315387,8.96460643364905,0.0,0.0,0.9449154300340004,6.2049239381539465,0.9863696129792914,88.09537823896612,5.403842421597709,2.3103649237472768,0.5973312401883831,0.0,0.0,31.760181072478748,0.0,0.0,76.29308323812532,0.0,2.001766539949313,1.8506593497025479,0.0,5.960079619228347,7.5993779111653845,3.8430669418764656,0.50828331332533,13.594379967074863,4.580966671272794,0.0,2.010361197426023,8.038282747044182,144.69552750458155,16.049871234061715,0.0,0.0,1.8613723441309649,0.0,3.3702832240131992,0.0,1.4034950547981822,0.0,0.0,1.1686167648877732,2.3368966634272756,0.0,0.5466665105686921,0.0,0.0,0.0,0.0,0.7188492063492063,4.6371200482213855,2.7996997067225156,0.0,0.0,0.0,2.4198496221895236,7.724522250489145,62.56644996082405,0.7866851623250735,14.671635216690413,3.7578058279588893,0.5838348159776732,0.5055555555555555,4.557810571147737,1.1333491950295569,47.135700683649574,0.6048646417814775,18.837019497865146,0.0,33.00435937078794,0.0,0.0,68.5984976114603,142.56805196399984,0.0,127.60260734328986
621.4545015604178,48.946209866522366,134.01679929171706,33.61836132313106,191.89565397826485,61.912176722319266,62.56084661865912,203.5465933427243,169.21253293140055,112.6933501766432,31.16916166271005,51.73872622797354,82.83704619628679,146.2299084527945,17.471110486735487,52.07797568943402,274.1951346642207,20.526835433085434,30.355378417878416,42.98888249004972,99.11037854892021,50.5357668951419,53.6978497532933,25.81233731048919,63.74723560691606,37.82366928105564,169.54952336153318,12.662582671957672,32.67653816091316,7.035625254375254,136.69649410662515,4.953651094276094,6.960757413882414,13.417647820369595,5.632045327357828,12.655332514707514,43.25316783910534,20.084186646686646,16.602175409467076,4.676339285714286,8.714934371184372,7.643355679814013,15.877162247474747,7.1356571669071664,3.0688694985569986,8.20856863044363,15.73044725539243,6.801008597883597,3.1160714285714284,4.940972222222222,27.88210477793811,31.44612418831169,17.427405541988875,5.077546296296296,2.428687920875421,5.509837074017181,4.308752204585538,86.95703813932981,4.1438492063492065,3.0497685185185186,10.095436507936508,6.222222222222221,5.813386934266089,44.92580567580568,4.120535714285714,2.7077546296296293,2.6650781601439495,8.823753503441003,9.126056235431236,0.617739898989899,3.190902076318743,2.2409188034188037,2.1764520202020203,41.06248121091871,3.59375,0.5641233766233766,6.619442286108953,14.106023027898027,2.1170300353768097,2.001736111111111,2.954861111111111,22.92883896084501,0.0,0.9272186147186147,0.0,1.679503367003367,3.3816964285714284,3.0590277777777777,3.4541771885521886,12.319579725829726,0.0,0.0,2.3781114718614718,2.529596560846561,0.5032467532467533,3.1942603114478114,8.370738636363637,0.642361111111111,0.0,0.0,0.0,0.0,0.0,1.7230902777777777,2.083333333333333,0.8072916666666666,2.1090029761904763,3.390335648148148,0.5198863636363636,0.7758136924803591,0.0,0.7274645969498911,0.0,2.094809704184704,2.8227362914862915,2.6602994227994228,0.8296506734006734,0.0,3.121685606060606,14.901996151996151,1.5615530303030303,8.835648148148149,0.0,0.0,2.2026289682539684,0.625,0.8032407407407407,0.0,0.0,0.0,0.0,1.0416666666666665,3.5779671717171713,0.0,0.693287037037037,0.0,0.0,10.713668656612205,0.5833333333333333,0.0,4.444234006734007,1.0069444444444444,0.0,0.0,4.708928224553224,3.3972800925925926,2.189179743867244,0.0,1.7897727272727273,0.0,7.035416666666666,0.0,0.0,81.62718579645663,6.864696067821067,1.267361111111111,0.0,0.0,0.0,0.0,0.9821428571428571,0.7291666666666666,4.422558922558922,0.0,0.0,0.5637851731601732,0.0,0.0,0.9114583333333333,2.625,0.8883101851851851,1.1041666666666667,0.9467592592592593,0.0,0.0,2.6686507936507935,0.0,1.0724319083694083,0.0,4.045512820512821,0.6039370982552801,2.1711309523809526,3.125,0.5982142857142857,0.0,0.0,0.0,0.5714285714285714,1.1368145743145743,4.283333333333333,0.5300925925925926,3.0273719336219336,0.0,0.0,0.0,0.625,2.54025419025419,0.5555555555555556,0.0,0.5729166666666666
620.3302981829935,99.66136248285257,251.67452592474123,76.16971891907595,144.53939512110023,16.373892314747653,38.78205062190918,28.09924901045729,185.62559745201258,65.00884616925055,19.821649109937784,17.506260737739247,184.36638717809495,79.51024083154562,15.01295945088913,8.887920410776104,437.816564957169,57.54384735716068,14.465589805020786,48.394629766719184,48.60212115999104,58.79821179892962,73.87073353705368,50.690393389527834,35.75932485204909,48.49664690879111,18.87317892181567,5.127775771000635,121.82305860509014,3.3194509764502365,90.85201132385541,1.774970137547345,2.9300883519552023,5.158085914840541,11.794610705986127,6.967909529247185,3.0058408067028757,8.53256705993124,2.823289248001892,6.315181369021607,6.860397348210828,4.571391364192464,18.354556370070924,0.8819126640555212,1.534395680947405,2.8838678099226396,32.50740013572756,35.71981951454073,7.389666084701829,4.364813866715725,1.4249896548747123,3.267585892943036,4.149396177293687,0.5023907422982276,0.0,2.939964031589647,4.662332376618091,7.430649491687722,0.0,1.0427267206984492,1.6884719274122133,8.24053468881055,2.4095293855422164,10.993367031828571,4.138628218749923,2.143131868131868,1.6405420024313702,2.2212475902131077,9.413263125763127,1.4840994628303996,0.6395737484099553,1.0724338229030546,2.553992516821425,1.972861446545657,0.0,1.0339025863451152,2.385043341077824,0.0,0.0,0.0,2.2752109214752894,3.093969918969919,0.0,1.534928194410953,0.0,0.0,0.0,124.84923927576324,0.0,0.0,51.20966902477598,4.892764084574429,5.259257137198314,1.1959800523018913,0.0,1.1203752186510807,0.0,0.0,4.317973453749316,0.0,0.0,0.0,0.0,0.0,0.0,2.3606837606837607,0.0,0.0,1.8064939211490936,0.6976724921169366,1.9500091224229155,0.0,0.0,0.0,0.0,0.6330671244464348,0.9759448016931912,0.5076780392872347,3.0378236142942026,12.41501127786781,10.508005222290935,0.0,0.0,0.0,0.0,0.0,0.0,0.0,0.0,4.131746031746031,0.0,3.8176045165987693,3.5905113405113407,0.5695503048780487,0.8582013224870368,0.0,0.0,0.9206917502743275,0.0,0.0,2.707686321357851,0.0,1.527777777777778,1.1098137973137974,0.8338066786342648,1.1348680254930255,0.0,0.0,0.0,6.634854497354497,4.260015117157974,0.5,0.8761904761904761,3.818735383390556,9.552410351086822,0.8699633699633699,0.0,0.0,0.0,0.0,0.5391156462585034,0.0,0.0,0.0,1.1515429015429015,0.0,0.0,0.0,0.8991705506073322,1.9137395171877931,0.0,0.0,0.0,0.0,3.309712680475927,0.0,1.0054734537493157,2.6068141734808403,0.0,0.6917140490416352,0.0,1.7426807760141092,0.0,1.6884419368510277,0.5844155844155844,0.0,0.0,1.7514448514448513,1.2428872213354971,4.105797140279899,0.0,4.475159877068744,0.0,0.9898989898989898,0.0,0.0,2.081601335172764,1.3877289377289377,2.5668338105642183,2.3126443001443002
456.14582786162475,203.30911584557418,829.3920308064484,58.86290855948114,193.73249703309457,85.36202108077107,36.765446716126064,40.62205525464205,9.605627536601432,82.26045770458721,19.51570767195767,31.076137982387984,132.6376863876864,41.20999949124949,6.680085222423932,25.291131730469964,317.87922489547486,13.264851275267942,8.17574555074555,49.99162612961558,27.78760270760773,113.57916958772222,3.722222222222222,36.43948412698413,29.24994949114595,91.3559534560631,36.79998936248936,5.679413179413179,46.695634920634916,13.32464996038576,9.836256613756614,5.404366698745828,46.527468473133794,7.5441837334909625,5.056712962962963,14.699362366029032,8.697420634920634,0.0,9.923237753882916,0.9351851851851852,14.896329365079364,15.107093253968253,1.0205026455026456,7.923280423280422,0.9999999999999999,5.531878306878307,0.0,2.236111111111111,4.037242464325797,0.7483134920634921,11.472883597883598,0.8333333333333333,1.8015873015873016,2.638888888888889,1.382936507936508,2.242283950617284,1.4674908424908424,51.64263668430335,0.0,7.832846003898635,37.49539825970549,2.638888888888889,3.3194444444444446,17.32175925925926,3.488095238095238,0.0,1.0952380952380951,0.0,2.001488095238095,2.9649122807017543,0.732936507936508,0.0,8.532738095238095,0.0,0.0,0.6944444444444444,0.0,17.270833333333332,3.159722222222222,0.0,7.193532386072708,0.0,0.0,0.0,0.0,0.9027777777777778,3.5446428571428568,0.0,1.736111111111111,0.5008417508417509,0.0,0.0,0.0,0.625,2.007936507936508,0.8167989417989417,0.0,37.00449735449735,0.0,0.7936507936507937,0.0,84.75268445941522,1.4976851851851851,3.4672619047619047,5.375,1.7767857142857144,0.0,0.0,5.919973544973545,3.9285714285714284,0.0,3.321777759277759,7.421957671957672,0.0,0.8392857142857143,0.0,1.5997023809523807,0.0,0.0,0.0,2.5,0.8465608465608465,3.463290741516548,5.092592592592593,1.5822879330943849,5.6506410256410255,0.9709821428571428,3.142361111111111,8.258487654320987,0.0,0.0,0.0,0.0,66.074276996152,0.0,33.27782926578107,4.331578144078144,0.0,3.315766872016872,0.0,0.0,1.0416666666666665,0.9444444444444444,0.0,2.5179615705931493,0.0,12.5,0.0,0.0,0.0,0.0,1.0535714285714286,0.0,0.0,0.0,0.0,0.8705357142857142,0.0,0.0,43.8319598848445,1.4285714285714284,6.148015873015873,0.625,0.5446428571428571,0.0,0.0,0.0,1.357936507936508,0.0,7.345467032967033,0.0,1.25,0.0,0.0,0.0,0.0,2.5,2.142857142857143,19.19153439153439,0.0,0.0,0.0,0.0,0.0,0.0,0.0,0.0,0.0,0.0,0.0,0.0,0.0,0.625,0.7390873015873016,0.0,0.0,0.0,0.0,0.0,0.0
10451.473400409795,2882.5879572047224,7286.321158153062,271.42501143378723,284.86146558370444,5743.4903186716165,429.5913161574797,551.2735585355288,338.3698627476324,5661.403338448395,48.1402399034125,872.1113384631242,1060.889642961615,1875.0962715242572,477.91936290821695,2021.485871276152,1343.1839203624427,696.5888955806538,42.99070251794423,1963.69154067235,553.6921744299484,468.1124283433865,185.98980493536297,523.390009427093,1111.2036554538308,3665.989450288012,1957.3423941017863,85.44883987264939,263.51095309805856,91.27688368924856,26.474449104017676,19.153810625108378,149.91744623098492,89.9383074989491,694.9837045188658,123.92401582015005,5.211273448773449,11.62869769119769,346.0447195628221,38.97614218024619,60.53396736640784,2.304579407520584,266.00194801257436,343.75689107404224,11.827395438355248,14.276035868893011,20.04568461319351,13.202248169405031,168.06215992712086,17.991928939336987,3.9485423202528462,0.0,177.47093635492678,28.827442273682873,4.424431747303264,23.544548510525953,2.350904650904651,740.8485517006083,3.225908350908351,219.86422155478044,133.35422940390814,73.54518799102132,2.4338774651274653,23.899671316337983,63.01693768139277,8.04429155500584,5.7501489143931,5.378659039373325,2.3539784490871445,38.057935019364336,16.532602813852815,14.23831955081955,347.16085990955435,1.3415704665704664,2.2192055860037585,34.95980361841706,0.9167740239092311,3.621392496392496,0.0,14.049170765858946,6.694717766933189,2.1596459096459095,1.2550569470212327,1.94423163337637,1.9841585767337646,17.900426128104698,80.87509438660754,0.9444444444444444,1.5811817151102865,2.0226070226070227,1.6867535903250188,14.486083308921655,2.1164021164021163,0.0,23.868083900226758,6.511442139731614,2.564969422112279,74.5186878416561,21.34162629698344,4.85832315152633,32.2458012666346,251.7009486621437,8.408319247644123,4.393497679916853,42.50586629346101,6.592655430061445,3.0713953444216604,0.0,35.675993738803335,0.0,0.610866316223459,18.18804295467829,1.7454906204906204,0.8927031133508866,0.0,0.0,0.9506725713622265,2.1674728490204678,3.92915071040071,2.857702281615325,1.413804397357029,0.0,8.870536826057895,0.0,4.150132275132275,12.056462979001418,6.782404544309306,8.920424482924483,76.41683533003439,10.690436279875934,3.573563011063011,2.329743008314437,0.0,1190.486293150165,1.6561490757919328,7.680640308015192,3.852959760697856,0.0,2.4425505050505047,39.39483534827454,0.0,3.6842277984719844,1.23502886002886,0.0,31.424916683845254,0.0,1.6891828235813198,0.0,1.5555555555555556,0.0,1.4285714285714284,8.207294006483114,0.0,0.0,0.0,0.6663614163614163,5.212136672850958,1.0900372775372775,0.0,18.484377771190957,0.9569346864428832,3.038547237076649,0.7708934583934584,5.89578766947953,0.5874433106575964,1.7014430014430015,0.0,18.017676903706317,1.2635785875917456,24.331262972616354,5.999812687312687,0.0,2.001984126984127,0.7063492063492063,0.0,0.0,1.4775432900432899,26.408730158730158,10.720703281312524,0.0,0.0,0.6253306878306878,0.0,0.0,0.0,0.7443934511603684,3.5373060175691755,0.0,0.0,174.90608465608466,18.8009768009768,355.249053030303,0.0,1.3740079365079365,1.5712455436720143,0.6883468834688347,0.0,0.0,0.6084656084656084,0.0
471.92870476452,224.80256768111914,191.0342087739476,67.3812603840346,116.11108625251113,32.768300415247346,49.55113482610369,150.8650493167746,20.562057470255645,93.25117965490828,28.786614439546863,21.42272353990558,116.51190594038485,26.147789820183416,54.04390121051076,31.711935585580576,84.85482835460792,4.376949488658285,16.307891123756985,134.7596741434636,58.08583765700158,82.68507447897822,18.505226493225724,74.76865997469838,60.958976772838106,49.5611546921685,89.29282018830189,21.300724827291702,32.2402670345969,18.29689364912144,3.449346405228758,21.76751632697566,46.84491157119739,12.826110249685854,11.762825596595757,19.152302660229942,7.343728956228956,3.1836820586820584,9.315798253215325,0.9046840284935522,3.653884544248321,10.330311845017727,7.567844085837361,69.9333320733048,4.389690170940171,6.932155152000874,0.5470197232210962,1.2801527176527177,4.103256653538608,3.1654916286025307,2.8865144143781913,13.021103896103895,1.4047118005451338,5.7285532845700455,0.8889779202279202,0.803152700474129,0.0,88.41965115123328,2.844188652334937,5.829421687427716,4.863272715682354,0.8908880471380471,0.0,2.975149549452955,21.03224401502723,0.759422003782906,0.6997737552173036,0.0,0.0,1.1917989417989419,5.826253063385416,4.987734487734488,2.6186056160901363,0.618156353450471,1.3880057073334384,0.8108245690620746,0.0,27.13938369743839,3.7037037037037037,0.5667981915292587,0.0,1.1458333333333333,1.8770854832515822,2.761013496307614,3.311866997469464,3.864594200150923,3.6991071428571427,0.0,1.1064483874357824,0.0,0.0,0.552051123479695,0.0,0.0,0.7203282828282829,2.527056277056277,0.0,5.182883089133089,2.349057804940158,0.7733318497763032,5.306327160493827,32.91323018430016,5.193254073736529,2.9647331154684093,3.0438752215614167,0.0,0.0,0.0,1.557991504682681,0.0,0.0,3.2714843277923773,1.545136236312707,0.0,0.0,0.0,0.0,0.6012105178771845,0.0,0.0,0.7965367965367965,0.0,1.8089095322694027,0.0,0.0,0.0,1.0231037701275796,1.3588864838864838,3.3453768848692946,0.0,1.9503596893302775,0.0,0.0,26.26665512730399,0.0,0.0,0.7658730158730158,0.0,1.3723665223665222,0.7878208101422387,0.0,1.0555555555555556,1.2662337662337662,0.0,0.8833874458874459,0.0,0.0,0.0,0.0,2.2222222222222223,0.0,1.228988603988604,0.0,0.0,0.0,0.0,2.0728844169246647,1.236171236171236,0.0,9.749327101319512,0.0,0.0,0.0,0.0,0.7692307692307693,0.0,0.0,0.5341015193956371,0.0,0.0,2.4552669552669553,0.0,0.0,0.0,0.0,0.0,2.759259259259259,0.0,4.579408752748411,0.0,0.0,0.0,0.0,0.0,0.0,0.0,0.0,0.0,0.0,0.0,0.0,0.0,0.0,0.0,0.0,0.0,0.0,0.0,0.0,0.0
277.0573999341135,42.79202509480151,59.11424488365576,43.85368062008602,50.98829381663886,45.26482824219431,48.802476914876216,22.540652436851882,66.570902146795,25.94253441035119,4.1562430437227516,10.669195547618166,87.58792727135274,49.50393197122934,21.652734788359787,17.052709423512994,65.99040503581404,15.376712577892862,6.528813838278124,45.82896303631892,23.92400565337576,25.218314893940708,20.859254068792758,51.47838347041543,8.213648589065256,0.9908339345839347,34.62299842133175,9.286863808589999,39.52577932098765,6.9364085414099685,4.521143671143671,4.4962825344788815,1.3090739834746683,15.175920498052532,10.553274765358099,27.359849201173606,2.0239583333333333,12.16734851953602,15.604933013415156,24.34970993787958,23.578005625327055,5.996872294689076,13.293130126597388,6.295936848645182,11.17822716103477,13.82962892872119,8.108906873979647,2.917013888888889,11.376008062365083,2.218264652014652,0.8549933862433863,5.951420547045547,21.779707940868654,4.439007936507936,6.0340961138728995,0.85625,0.9840277777777777,0.0,1.9921130952380952,0.0,0.9850777116402116,6.470543345543345,2.505611138200424,0.0,0.0,4.5140489946361155,7.82149827024827,1.4692003367003368,0.9892857142857143,3.698318492453766,3.5166290969515854,3.1233477418745275,0.0,1.377662037037037,2.1162863756613755,8.183638474620617,1.6643022486772487,0.0,0.5669261294261294,2.6494212315824353,0.0,1.6196443602693602,1.1929122574955908,0.0,0.7916666666666666,0.0,0.0,0.0,0.7351438492063492,2.3729675417175415,0.7807666870166869,0.0,0.6612929894179894,1.0102513227513228,2.3605171327790373,0.0,0.0,0.0,3.096962505087505,1.4473875661375661,0.0,0.0,0.9154155643738977,8.368063610771944,0.0,0.6024155242905243,6.882136443803111,0.525173611111111,0.0,0.0,1.8002638234781092,0.0,0.9787164224664224,0.7862813938706795,1.5259157509157508,0.6537698412698413,0.0,0.0,7.349116591080877,8.76447836885337,0.0,0.0,0.0,3.182638888888889,0.7248677248677249,0.0,0.0,0.0,0.0,0.5721500721500722,0.0,0.0,1.2756291305092675,0.0,0.0,0.0,0.0,0.0,3.5186106386999243,0.5806712962962963,1.5360140873839503,0.6534391534391535,0.0,0.0,0.0,0.5168463511736505,0.0,1.2998015873015873,0.0,0.6247271825396825,0.0,0.0,0.0,0.0,1.9693681318681318,0.0,0.0,0.0,0.0,0.0,0.0,0.0,0.0,0.0,0.9052166005291005,0.0,0.5986507936507937,0.0,2.2557208994708993,0.0,0.0,0.0,0.0,0.0,0.0,0.0,0.0,0.0,0.0,0.0,0.0,9.04743487993488,0.5536954365079365,0.0,0.9474206349206349,0.0,0.0,0.0,0.0,0.8640491452991453,0.0,0.0,0.0,0.0,0.0,0.0,2.1892230289551717,0.0,0.0,2.528281325156325
478.09633842617694,66.63878435406077,75.79861988365576,49.43730635108017,67.73888003597509,56.91191818928426,56.080122417521714,28.55123444743389,98.35372291399077,40.824677267494046,9.267354154833862,13.7525288809515,113.97452539545087,60.535016627314,41.80088293650793,39.31567238647596,102.27535873951773,20.076712577892863,9.237147171611458,55.39840748076336,25.910116764486872,37.91871171933754,28.706873116411806,72.86591653919851,9.731671075837742,0.9908339345839347,40.5049428657762,13.135574126050317,48.67458884479718,14.53177891178034,4.493365893365893,4.510171423367771,2.1424073168080016,17.906013090645125,12.499571061654395,38.24947462204903,4.621180555555555,14.821515186202687,17.692234600716745,33.252256234175874,24.831973879295308,9.256131553948334,22.813087137179398,6.335288700497034,12.881864727172335,21.590938452530715,12.056823540646315,3.125347222222222,26.41496308882011,5.634931318681319,3.354993386243386,6.524337213712213,23.182485718646433,4.71281746031746,8.287799817576603,0.85625,0.9840277777777777,0.0,1.9476686507936507,0.0,1.5336888227513228,8.743691493691493,2.9315370641263496,0.0,0.0,5.2223823279694495,7.688561762311762,2.5830892255892257,0.9892857142857143,4.406651825787099,3.6055179858404744,3.290014408541194,0.0,1.377662037037037,2.06073082010582,8.318030009012151,1.9853339947089945,0.0,1.1513417138417137,2.7744212315824353,0.5932539682539683,2.036311026936027,2.210273368606702,0.0,1.0416666666666665,0.0,0.0,0.0,0.7351438492063492,2.4979675417175415,7.576221232471233,0.0,3.1612929894179893,1.0102513227513228,2.5167671327790373,0.0,0.0,0.0,3.2636291717541717,1.6418320105820106,0.0,0.0,0.8931933421516755,9.759002764211097,0.0,0.6024155242905243,9.42043009459676,0.525173611111111,0.0,2.974264106327462,1.9981804901447757,0.0,2.228716422466422,0.7862813938706795,1.5814713064713064,0.6537698412698413,0.0,0.625,9.528283257747544,10.810774665149665,0.0,0.0,0.0,3.182638888888889,1.9748677248677247,0.0,0.0,0.0,0.0,2.228400072150072,0.0,0.0,1.2756291305092675,0.0,0.0,0.0,0.0,0.0,3.9791265117157972,0.5065972222222223,4.0360140873839505,2.4867724867724865,0.0,0.0,0.0,0.5168463511736505,0.0,3.299801587301587,0.0,0.6247271825396825,0.0,0.0,0.8333333333333333,1.400462962962963,2.2848443223443224,0.0,0.0,0.0,2.3292824074074074,0.0,0.0,0.0,0.0,0.0,0.9329943783068783,0.0,0.5986507936507937,0.0,3.405191798941799,0.0,0.0,0.0,0.0,0.0,1.5208333333333333,0.0,0.0,0.0,0.0,0.0,0.6883267195767195,9.361323768823768,0.5536954365079365,0.7446759259259259,1.5724206349206349,0.0,0.0,0.0,0.0,0.8640491452991453,0.0,0.0,0.0,0.0,0.0,0.0,2.7170008067329494,0.0,0.0,2.4542072510822512
3656.968411132539,861.1980055631465,975.9301360603972,380.92540596216736,956.2460371818829,726.2969347794478,298.4269887667338,691.4344600181595,934.4077292616954,642.2985286683578,330.47910484101635,278.2164913074139,705.4734641964197,424.4690911741981,494.94680659346096,128.8754200462236,908.2407655478085,571.2772541659344,118.40947715644144,284.1060978679679,126.04587915024925,406.70693507006087,240.90289604772886,217.46909797785787,118.62866181657849,15.09581228956229,269.83951690098877,36.60522600195219,209.64571895379493,621.015592551844,112.034241389511,29.198996487192833,58.223179553830235,117.15046761116916,174.80923723970292,205.16361489962776,40.024950396825396,102.79902841371592,29.54530097878312,126.47753891717915,62.328270175591605,76.79611471893149,170.08794017765743,14.057136837883098,19.946778748336357,66.2566521369944,208.34991213491526,75.94543546731046,49.25463961599664,40.412513458763456,8.343169099419098,40.810863187738185,76.2090609952217,20.268373015873017,13.018511698288483,69.43043942713061,16.501339738954155,12.042044213096844,29.39432615995116,154.47130708343943,10.873880127759561,28.003792503792504,11.117789469128754,10.893809672063096,18.283143939393938,33.21681825078104,14.61118080993081,6.545390812890813,23.59345238095238,9.189137042095846,20.999662267484755,18.883929752456538,72.5661075036075,40.002662037037034,9.383647486772485,20.454561995544136,8.56205357142857,3.2743055555555554,5.3482212232212225,32.2950395022007,16.227513227513228,2.642371632996633,3.630412257495591,5.474969474969475,7.297731508257824,3.0965608465608465,9.343287037037037,32.8990346128739,3.8222650613275615,14.111062779812778,16.14305023680024,3.873263888888889,19.389778828197947,43.995110417904534,2.8234800957420005,2.600995879120879,7.485383597883597,1.2743055555555556,7.782277190402191,7.520469576719576,2.1106977513227516,1.4260912698412698,3.809860008818342,10.582415462623796,6.872647607022607,23.208794160274422,12.606342793009459,28.844501342203547,2.2129281537176273,17.40187353393689,5.087300860515146,2.2496632996632995,9.232774864024863,12.40312843571772,9.84006919006919,4.969246031746032,0.6061507936507937,19.625,18.783226598720297,56.72554343682633,16.92163759443171,0.0,0.9312830687830688,15.214079670329669,8.849867724867725,12.862828433140933,1.0347222222222223,2.2244638133030987,1.5724206349206349,0.7192088956794839,11.717625661375662,37.877938034188034,9.609069569212863,0.0,3.3198641636141635,0.0,0.9047619047619047,0.0,3.6666265117157972,3.4816769670388092,42.51093615605602,2.177248677248677,0.5520833333333334,22.73068783068783,0.8738425925925926,1.9014617357890353,14.649621212121211,1.9188492063492064,6.517857142857142,12.952108134920634,23.028829966329965,0.0,16.530982905982906,15.403942122692122,25.650226489197077,2.8133948023653907,18.29861111111111,0.5555555555555556,0.0,0.5154914529914529,6.40480455818691,2.9696969696969697,0.0,0.8068783068783069,1.1433118386243386,3.795518139268139,2.334761904761905,0.7092592592592593,2.155191798941799,0.0,0.5337301587301587,3.307571225071225,0.5282738095238095,0.863095238095238,6.208897447868035,0.0,0.992063492063492,1.1759259259259258,0.0,0.0,12.011829605579607,21.685331705331706,1.2733924062049062,3.163988095238095,8.204365079365079,1.7953042328042326,1.214616402116402,16.435132575757574,5.868055555555555,5.74409965034965,6.753637566137566,69.0901784682391,0.0,15.893501961001961,5.917989417989418,11.698412698412698,19.478711046384365,1.3125,0.0,17.47622363339275
3500.84261929269,2166.3659080974344,453.1821926243108,217.4140184650983,928.0753216298914,208.36386032351206,161.36175223189534,167.2571261557726,1545.0809645418346,868.1375760653872,127.91788321665179,58.97868338171624,123.85263035721917,261.6714759560346,134.59154259769753,70.1268929158956,787.8664628979266,269.87280484684754,44.43882183955636,244.04424699395216,178.4317981044404,205.70190538287548,57.82534786259823,320.7117025811412,66.75428465602577,20.900864599703638,48.380324783116265,43.03207232717146,81.83896649276338,30.816954495850354,121.92945024339049,21.387881311477045,7.951080257741039,34.03211294570036,151.7628954307562,63.28562081318289,52.41362688848611,36.915747471796436,20.013692180469246,61.91563735500959,57.746715617260236,30.882553038077365,73.24565976267083,37.12632458244703,37.28936965178619,44.63961527057419,587.9557867267293,14.490633767345589,24.920336291184466,13.65945340814058,7.927568070517982,53.23996777555254,211.7649649809506,7.459676522044572,4.6220860907604395,2.7631200985228483,23.867376171370317,26.724957549284593,4.2712667648768985,12.301297947921809,3.5934025433649457,10.203508754158669,9.712156390506001,9.976155994485948,27.895978484074583,19.68895366181683,10.936807121978449,54.28493847824859,10.646259252227726,11.247611733828201,8.650357436751621,4.985507066498495,6.698534018790328,22.04230315813749,4.827758652884174,8.261945593762976,1.6883062677935705,2.744550978899718,19.7890960982094,15.90280836176079,25.876771505081415,7.210016831241321,0.7073925507598977,3.46084796429624,2.938023484452056,7.586300252644376,2.2400703021048995,71.82549282585673,1.1119856356925322,8.930143769648422,9.899498227876984,2.4792621171931515,13.57758139619484,2.937955710075535,10.16408171975792,1.0301865950141813,1.62281746031746,0.669198869392395,4.568210000180443,0.0,7.396543138098381,1.2986835428247336,4.425373442922704,0.7981569294384421,1.1407684094015078,5.032448447722594,6.44517826854293,2.3907000156384393,0.6486017386656953,33.76102657304316,0.6470276289118654,0.9374561363006741,1.1949305392655147,24.676611104361132,8.827519557162415,13.353706354374898,24.436429975150116,0.9006081346479058,4.283768658978743,263.3882797868792,3.3352607709750566,1.626124603687629,0.0,0.673731030873888,10.465381495321132,7.972569467347378,0.0,0.0,0.0,1.1536418868718952,1.6437770203866986,31.045160554643314,6.8939217866770734,0.0,0.0,0.9954724836643121,0.0,2.251493001290679,0.0,0.0,285.0704739769602,0.0,11.461542874725648,21.542740257300697,1.1405309250136835,7.146729774628502,6.16503447682195,1.8691828013256584,1.5082833133253302,8.691469914164811,2.8415232443293665,0.0,0.6561945307593567,2.978758937520373,107.8802534358761,7.865797347243926,0.8411084445567204,0.0,0.0,0.0,3.17514433512431,0.0,0.0,0.0,0.0,0.6635662598372682,55.183457509988116,0.0,0.0,3.2677379505317576,0.0,1.8959215870256148,0.0,0.9966269841269841,0.0,0.5663663733891825,0.0,0.0,0.0,0.7936188268410812,9.835646652403021,42.07816904239608,1.0328166633585352,23.795835611541392,2.1903455104985716,0.0,0.0,6.08533397367114,2.1750158616962234,16.310144288720114,0.9520868640036997,1.6038421813544965,0.0,1.0874623788909503,0.0,0.0,33.63387653014865,7.5427451803232115,0.0,40.181404501585995
146.42933864131186,12.870955265575065,29.11497437890627,33.74346405228758,91.88192110177404,7.317295685211754,16.611934824434822,43.291666666666664,35.47975907534731,9.753764753764754,1.5445845004668532,15.633368552099203,7.628544400216226,13.313628229069405,1.271630874572051,4.189153439153439,2.9793028322440085,6.893518518518518,13.731481481481481,1.2876984126984126,209.37777455155504,22.448554613028296,10.799019607843137,6.211622807017544,18.47089947089947,0.0,18.238615959204196,10.416666666666666,13.128540305010894,0.0,0.0,3.208333333333333,0.0,0.5807656395891689,3.2147435897435894,7.417582417582417,0.0,1.1279178338001867,0.0,0.0,1.1769005847953218,0.0,2.326388888888889,0.0,3.444444444444444,2.542989417989418,2.384259259259259,0.8333333333333333,0.0,2.9791666666666665,0.0,0.0,16.273887332710864,0.0,12.522156084656084,0.0,1.25,0.0,0.0,0.0,0.0,0.0,0.9854497354497354,3.0476190476190474,0.0,3.4146825396825395,10.039351851851851,0.5,0.0,0.0,0.0,0.7142857142857142,1.6522366522366523,0.0,0.0,0.0,0.0,0.0,0.0,0.0,0.8333333333333333,0.0,0.5902777777777778,0.0,0.0,0.0,0.0,0.0,0.0,0.0,0.0,0.0,0.0,1.6666666666666665,4.041666666666666,0.0,0.8333333333333334,0.0,0.0,0.0,0.0,0.0,0.0,0.0,0.0,0.7738095238095238,0.0,2.2446072446072445,0.0,0.0,0.0,0.0,0.0,0.0,0.6574074074074074,0.0,0.0,0.0,0.0,2.0,0.0,0.0,0.0,1.1944444444444444,0.0,5.074074074074074,0.0,0.0,0.0,0.0,0.0,2.0168067226890756,0.0,0.0,0.0,0.625,0.0,0.0,0.0,0.0,0.0,0.0,0.8888888888888888,0.0,0.0,0.0,0.8333333333333334,0.0,0.0,0.0,0.5555555555555556,0.0,17.431839402427638,0.0,0.0,0.0,0.0,0.0,0.9722222222222221,0.0,1.675925925925926,0.0,0.8333333333333334,0.0,0.5555555555555556,0.0,0.8333333333333333,0.6666666666666667,0.0,0.0,0.0,0.0,0.0,0.0,0.0,0.0,0.0,0.0,0.0,1.4728163992869874,0.5902777777777778,2.5,0.0,2.4074074074074074,1.4583333333333333,0.0,0.0,0.0,0.0,0.0,1.1111111111111112,0.0,0.0,0.0,0.0,0.0,13.974537037037036,0.0,0.0,0.0
1220.9825186003623,335.0258963713859,1453.8905273476933,116.02335987902539,185.74647115159473,74.41857581121143,81.65474829592509,145.73179295608458,54.12954937463995,243.1364435083996,73.7407706778814,73.93366200641678,264.7398549186588,83.41223977742207,67.91674873953328,51.42860992378029,258.73378437543636,16.832621055897363,19.0072861125267,125.06872057332022,76.04815375830614,152.53139948499216,20.827377742436408,95.49848326734792,82.09034701653422,98.60830404513544,44.5849431142801,29.911702362393203,70.19792724356014,34.565511001223896,17.162337780671663,17.73675127234978,105.96879729755788,13.516179230711346,20.1665596858703,20.515830129564655,30.690626898298003,4.96593552135155,28.939580235012166,2.725566262362614,199.5526658079895,28.50015997426133,11.928181059992571,33.34842510845819,2.29808319796443,15.310218049509816,11.98050563166342,7.784021519505131,8.553533310842024,5.773725724624968,12.08018216205069,10.029883676141816,5.03226169828337,10.995822240632995,2.7605299151164955,3.6752126899710933,6.98102789906429,117.03849699049154,1.7478086711299052,24.57173762126622,9.59352167806219,5.55310877346481,1.9255607972900062,15.367808252158897,45.03501184964184,4.025933168323151,1.0423469870527058,2.4168696314632276,12.159648200551372,27.671802623158445,3.624049160003174,6.160709047959501,3.638565624957542,0.0,0.0,1.2277055651115802,0.0,8.180362665467642,9.105736564989128,1.3443172764898734,8.753679352274505,0.0,2.1450026534129947,5.72390243747135,4.725897547529426,9.507445601394359,5.467549309521125,0.8147483608009923,0.717501593939011,0.0,1.8285473785473787,20.40561219551969,0.0,2.0136501098377453,0.8517770543632612,2.5163830727344925,1.8385985338763253,23.781601490361187,2.439530583173158,4.5248984416535665,1.9996359032959155,79.51762295665674,3.1176121322422166,1.2008995118515242,9.890175173293837,4.3135050097524745,0.0,2.1648188975775184,8.427579866240857,1.5838092334222365,0.7908769063180827,12.097214998380492,4.195313220725371,0.0,0.5593652135183576,0.6377896613190731,1.419546961940471,2.581252930510964,0.6900890775890777,0.0,1.4999989023822695,2.6689404590489216,5.513571015660049,0.8924014581909319,1.1979746815295085,2.898133264108696,6.7039263585039786,4.439945632204514,15.199143001513512,0.0,1.1372450920825534,2.518136501912593,0.0,110.31465435100364,4.10740059293109,2.770659932568094,2.684890932724862,1.0789887794198139,2.9343857953765076,2.2975507787305283,0.0,0.0,0.9734025720867826,0.0,1.0462587258897889,0.0,0.0,0.0,1.8151014791881666,0.8300645714438818,0.0,5.966786575170063,0.6496115616302343,0.0,0.0,0.0,5.90233918128655,1.2684751662567382,0.5195521645757147,11.207770322084839,0.7184136812619785,15.916848572537425,1.365517834478014,0.9561863491478096,1.1098009997971299,0.0,0.0,6.040991235573278,0.0,6.1053170360484605,1.2826922137800754,1.8612631522748155,0.0,7.103693084412632,0.0,0.0,2.1863910874082992,0.5837344307739044,138.80303433506361,0.0,0.0,0.0,0.0,0.0,0.0,0.5036274207959046,1.5246817452699806,0.0,0.0,0.0,0.7993511135514811,0.0,1.5123521265917248,0.0,1.3241849739527758,0.7443676035007305,0.0,0.0,0.0,0.0
1644.6653111853325,208.87420514369134,692.7832166299521,468.3330114191916,89.70077223769641,338.61144359817683,397.98037989176,181.89604670777445,167.36885461728812,428.2331467245167,31.92600895577086,273.63691271656495,354.6994341317919,280.67941361297926,55.55615877091441,70.7783126834851,376.49309788103847,17.408616350580637,105.25642013583743,544.4494069686607,81.90497463936799,526.5256985409144,2.6343537414965987,282.9827736210154,318.51274600650737,46.275784142294164,110.76193905041339,39.46203190570765,66.26941959472748,36.660191796818644,42.93240781355277,19.57255827854595,23.207743729018507,31.919371082139136,50.8735603980613,13.791682235401828,184.1773183564148,74.75913764884353,12.407599014741871,10.24378994021851,758.5469309581277,4.351190476190476,40.2999416503367,32.01482033628132,14.146550127909777,13.079674293960007,75.46841123931992,10.315981113338477,2.1044257770448245,13.987276728873367,2.9980559563892895,1.7825877825877825,6.277356902356902,60.800663274347485,5.143849206349206,5.67243437779152,3.148268398268398,75.5920587718491,7.494017556517556,43.90865962051469,49.983102999640884,0.6710858585858586,2.2058404558404554,10.370352965747703,233.99853053246767,2.294664330378616,2.5739538239538238,1.3470591033616244,3.448051948051948,10.594576719576718,7.771493428135032,19.2783189033189,63.00173234583709,0.0,8.939290867862296,2.2200620147048715,5.985990860990861,1.2751322751322751,95.84759923312555,6.865415477936992,0.0,0.0,10.339019376613361,13.14787535878867,5.88401529026529,29.333895932110217,0.0,19.449314574314574,0.9966516067706543,1.152534965034965,5.309523809523809,178.21353541011808,0.0,0.0,1.1772486772486772,5.38304057054057,3.1666666666666665,4.023714160618923,5.687133128309599,10.411849634252231,2.560515873015873,17.749458874458874,14.712328758154529,2.587301587301587,3.797198172198172,5.253727753727754,7.948428885928886,1.2472943722943723,5.0359935858704326,0.0,0.0,5.026450675299359,4.596028310314025,1.0350340019457667,0.0,0.0,4.284211159211159,1.7878272521129666,0.0,0.0,4.875999000999,12.873015873015872,1.5339174322961915,0.0,0.0,3.4343191140943947,23.646498647016244,13.179023590788296,3.3037518037518034,12.526251708817497,3.9492243867243864,11.825292397660819,0.0,41.37003092903828,3.976019997370929,7.583242446841251,2.214285714285714,3.5281817855347266,2.5891504329004325,4.853097197248015,0.0,0.8746693121693121,0.0,11.236055611055612,2.137536075036075,0.0,0.0,1.419642857142857,0.0,0.0,6.875,5.362103174603174,0.0,0.0,0.0,0.0,3.1233211233211233,6.696248196248195,4.504409171075837,3.821969696969697,3.423445767195767,1.5965608465608465,18.586326702398132,0.0,0.0,0.0,0.0,1.642015392015392,0.0,0.0,0.8590668590668591,0.9025974025974026,1.4866522366522368,43.14716764716764,2.7777777777777777,0.0,3.9583333333333335,3.387107943142426,144.39832544561034,0.978284832451499,0.0,0.0,3.333333333333333,0.0,1.6666666666666665,0.0,1.3178210678210678,0.0,0.0,0.0,0.0,0.0,7.170261286332715,0.0,1.5044836116264686,0.0,0.0,3.8771043771043767,1.96518759018759,0.0
4088.569795447243,793.663882076452,694.6468246116335,203.72873060928896,430.2819121622043,149.90922190862375,117.88441112352352,171.81464738590412,891.5452639590688,612.605950288773,83.734007382447,103.15221491554189,107.65892089569495,174.118863676339,150.22682845381672,69.46017999918269,457.43712278762024,85.46889250555776,40.242717970658376,102.34373658209306,61.47776004941548,97.15931494050433,79.60444726359165,177.60911861468338,169.47551181661697,16.268460545424585,29.004041332400412,12.222859753253006,69.98850338016791,7.10134603024189,459.4130748871029,28.658139683709102,5.714261520922302,29.000666655062894,68.13557158787508,43.458906283159536,12.123054035413258,45.02765751992771,16.976625080902146,5.93834542179661,6.417401412946032,58.31115040294924,31.051104318115385,6.104753560876009,5.236808786725325,28.103456205467758,291.3505420329024,7.089389178601001,18.22932074355127,8.026582330416561,13.246948853134057,39.467792728377496,35.442619502355114,16.6210302740717,7.779569538685064,1.8274291554789641,111.72359409560295,24.1813067556338,3.3337667648768985,3.1435222745211355,9.135069210031611,6.421457472107387,12.180645990574549,4.484092502422458,4.948685036781136,18.34403438762124,7.784931220102545,6.8847090780191955,14.66861516428952,12.477631456107986,0.5789288653230498,4.723602304593733,3.0318673521236614,13.058070955155287,1.3833142084397294,3.853215435032817,1.2716396011269038,2.28639802074676,7.706203681983649,5.851488154190583,21.164469917779826,4.751225622450112,1.0652985336658807,0.9608479642962401,1.1185790400076114,2.9608493146934385,1.4522643580489554,4.904667123781026,1.475621999328896,2.159666561671214,5.732831561210317,0.9673573552883897,4.9107343543478,7.646289043408868,7.806277486953689,2.4847320495596357,2.75244708994709,1.0025322027257284,1.9784664104368537,3.2937317784256557,5.010179501734744,17.9653502094914,1.7227836350697383,0.9697055927634213,1.236006504639603,6.540384955659102,2.3942523426170044,6.978001602940027,0.6486017386656953,20.670884960842724,0.6470276289118654,0.7985672474117852,0.0,11.829208506958537,6.5381677053105625,2.802119052787596,6.1403371790573225,0.949627742491043,6.314577741871159,567.1628496826547,2.779705215419501,1.8830690481320733,0.6024703976384649,1.923731030873888,5.026889431829069,4.786061530839442,0.0,0.0,0.0,38.88799433997435,0.604094480704159,3.2789568509396094,11.153842421597709,1.191846405228758,0.0,0.9954724836643121,0.0,2.9062549060525837,2.925757575757576,0.0,143.14484006113025,0.0,2.2378776510604244,7.81059740015784,0.0,3.935458407107135,3.4983678101552833,1.5715637537066107,1.0638388688808855,32.133742782908264,7.325650228456351,0.0,0.6561945307593567,21.655346239107672,203.88388142744267,3.362821156767735,0.5401825186307945,0.0,1.451559934318555,0.0,2.267406239886215,2.583022494273837,0.933256959560087,0.0,5.3410714285714285,4.609073877219886,3.8754067644373764,0.0,0.0,0.851071283865091,0.580292723149866,0.0,0.0,1.0660714285714286,4.2882728170212125,1.6774774845002935,0.0,0.0,0.0,0.6220501993901009,19.546096387852756,62.3051541125184,0.0,16.846255484877933,0.8907423358953971,1.325898308041165,0.5055555555555555,1.3260328173111597,7.990492052172414,5.346092001138416,0.0,6.584091099103414,0.0,67.5062867284266,0.0,0.0,8.974688495960613,5.710868723446755,0.0,144.63377512478993
431.2023549790685,92.19549384827026,72.4428163122272,57.8659613218404,75.23516098455866,58.59445787182394,55.62198148438078,40.846207992407436,96.3453730462659,56.206291024107806,4.989576377056085,10.669195547618166,93.21385319727867,63.94500941230679,46.23606812169312,33.39106921187278,81.18876963417863,18.821157022337307,9.862147171611458,62.67552388287976,23.92400565337576,52.32942600505182,19.192587402126094,61.251663893695856,8.065500440917107,0.9908339345839347,37.90077619910953,18.23130825303444,44.933186728395064,7.851223356224783,7.826699226699226,4.385171423367771,1.3090739834746683,15.135179757311791,10.231052543135876,26.740801582125986,5.234275793650793,17.606237408424906,15.961679045161189,26.096006234175878,23.555783403104833,5.922798220615001,15.989426422893684,6.036677589385922,10.925449383256991,12.964549563641825,16.257055022127794,2.917013888888889,19.363045099402118,2.218264652014652,0.8549933862433863,9.28475388037888,26.488041274201986,4.407261904761905,7.208266388043174,0.85625,6.886805555555555,0.0,1.9476686507936507,0.0,0.9850777116402116,6.470543345543345,7.459314841904128,0.0,0.0,7.671943731478221,7.599276048026048,1.3747558922558922,0.9892857142857143,3.698318492453766,3.5166290969515854,3.1233477418745275,0.0,1.8538525132275132,1.8940641534391534,7.671733712715855,1.6281911375661375,0.0,0.5669261294261294,2.6494212315824353,0.0,2.86964436026936,1.6929122574955908,0.0,0.7916666666666666,0.0,0.0,0.9245299508692365,0.7351438492063492,2.3729675417175415,0.7807666870166869,0.0,0.6612929894179894,1.0102513227513228,2.3605171327790373,0.0,0.0,0.0,3.096962505087505,1.4473875661375661,0.0,0.0,0.8931933421516755,8.127058319766652,0.0,0.6024155242905243,6.838485650152316,0.525173611111111,0.0,0.0,1.8002638234781092,0.0,0.9787164224664224,1.4112813938706794,1.5259157509157508,0.6537698412698413,0.0,0.0,12.015783257747543,20.794540898915898,0.0,0.0,0.0,5.682638888888889,0.7248677248677249,0.0,0.0,0.0,0.0,0.5721500721500722,0.0,0.0,4.608962463842601,0.0,0.0,0.0,0.0,0.0,3.458293178382464,0.5065972222222223,10.53601408738395,1.6534391534391535,1.9444444444444446,3.3333333333333335,0.0,0.5168463511736505,0.0,1.2998015873015873,0.0,0.6247271825396825,7.294312169312169,0.0,0.0,0.7997685185185185,2.9693681318681318,0.0,0.0,0.0,0.0,0.0,0.0,0.0,0.5109126984126984,0.0,0.9052166005291005,0.0,0.5986507936507937,0.0,2.155191798941799,0.0,0.0,0.0,0.0,0.0,0.0,0.0,0.0,0.0,0.0,3.3333333333333335,0.0,12.269657102157101,0.5536954365079365,4.117691798941799,0.9474206349206349,0.0,0.0,0.0,0.0,0.8640491452991453,0.0,4.017361111111111,0.0,0.0,0.0,0.0,2.7952836350157777,0.0,0.0,3.6446834415584415
2696.600919850713,574.9739295350611,259.5556884322429,172.83426587692855,439.4204568943555,63.04990997647349,43.909877309432176,77.3291917535735,4102.643575258556,500.0655421066272,15.759815180313629,67.90725481028767,50.12693995285229,53.422206412034676,314.1547963374218,106.55364739779714,247.15717093573213,28.900886977135574,34.193470921411325,130.05316332272142,23.902976463118737,120.49713732050937,108.73503802122414,43.572236274027816,42.430242734729845,7.509630833469873,28.46351397047212,5.538997319390572,20.723151833566366,6.768012696908556,19.57134011951025,10.61286190444963,2.441159622820404,9.071795485382903,33.252316491578185,9.162113070925146,8.481188956048179,207.8130620308757,4.737537779314845,8.840961336583577,3.6396236351682547,23.6289154719398,8.359726251737321,4.032409238531687,1.6710620334785722,14.837144593103513,124.35152580447304,3.047181386393209,7.646979473710001,7.886701378035609,14.066393297578504,9.161858384943157,33.5892945865302,2.607824670192721,1.5109749796493286,1.1381200985228483,12.679876171370319,12.063251200078245,2.187933431543565,3.6809275775514387,1.926735876698279,1.0368420874920026,2.374498677848288,17.49004488337484,3.17304401114011,7.926387524250691,15.45159788676921,5.964074157384275,10.03351415418851,5.210808259524726,0.5789288653230498,3.3743959553873837,1.365200685456995,9.047924851259184,2.799980875106396,2.603215435032817,1.3920099714972742,2.28639802074676,0.0,3.6292659319683604,6.222879645307202,3.9536065748310643,4.329187422554769,12.766403519851796,3.4935790400076114,1.627966919311043,0.9900703021048993,19.59365521901912,2.361985635692532,29.59218080668546,2.161402989781746,0.7292621171931517,11.533750227363672,10.271289043408869,1.3016478573240589,1.0301865950141813,0.6228174603174602,0.669198869392395,1.4015433335137768,0.0,0.6351795017347446,1.2986835428247336,0.0,0.0,3.0574350760681743,9.486152151426298,2.185919009283671,5.426414301352724,0.6486017386656953,16.338407525424113,0.6470276289118654,1.048567247411785,0.0,15.296470411720442,18.725667705310563,6.104202386120929,1.9260514647716078,0.7829610758243764,0.0,69.88101491123199,0.0,0.7927912703542956,0.0,0.673731030873888,2.5090322889719268,0.0,0.0,0.0,0.0,1.1536418868718952,0.5326659092755877,26.54979018427294,6.050517505772793,0.0,0.0,0.0,0.0,2.251493001290679,0.0,0.0,125.59036829832516,0.0,1.5156554288382018,0.518930733491173,0.0,4.997958407107135,3.4983678101552833,0.7580716902145473,0.50828331332533,15.33631118400608,2.5081899109960335,0.0,0.6561945307593567,2.026377985139421,64.80948624010891,7.830083061529639,0.0,0.0,0.0,0.0,0.0,0.0,0.0,0.0,0.0,1.9135662598372682,1.0591188856494977,0.0,0.0,0.0,1.012110904968048,0.0,0.0,0.0,3.589043125144462,1.9552552622780714,0.0,0.0,0.0,0.0,10.495170461926831,29.35612719535423,0.0,64.22765880378125,1.4681232882763493,0.0,0.0,0.8930262813634472,0.5083491950295568,6.087922066497893,0.0,1.9146887422010574,0.0,3.8895457122242836,0.0,0.0,12.185547081819198,13.3582213707994,0.0,5.789373928673069
12.7287128781861,7.251444683564483,1.5592985732304618,2.2712418300653594,1.8781512605042017,0.9955364259524948,2.6249999999999996,1.25,36.43824272133096,13.88888888888889,0.0,0.8754320441626943,0.0,0.0,0.0,0.0,0.0,0.0,0.0,0.0,0.0,0.0,0.0,0.0,0.0,0.0,0.0,0.0,0.0,0.0,0.0,0.0,0.0,0.0,0.0,0.0,0.0,0.0,0.0,0.0,0.0,3.5294117647058822,0.0,0.0,0.0,0.0,0.0,0.0,0.0,0.0,0.0,0.0,0.0,0.0,0.0,0.0,0.0,0.0,0.0,0.0,0.0,0.0,0.0,0.0,0.0,0.0,0.0,0.0,0.0,0.0,0.0,0.0,0.0,0.0,0.0,0.0,0.0,0.0,0.0,0.0,0.0,0.0,0.0,0.0,0.0,0.0,0.0,0.0,0.0,0.0,0.0,0.0,0.0,0.0,0.0,0.0,0.0,0.0,0.0,0.0,0.0,0.0,0.0,0.0,0.0,0.0,0.0,0.0,0.0,0.0,0.0,0.0,0.0,0.0,0.0,0.0,0.0,0.0,0.0,0.0,0.0,0.0,0.0,0.0,0.0,0.0,0.0,0.0,0.0,0.0,0.0,0.0,0.0,0.0,0.0,0.0,0.0,0.0,0.0,0.0,0.0,0.0,0.0,0.0,0.0,0.0,0.0,0.0,0.0,0.0,0.0,0.0,0.0,0.0,0.0,0.0,0.0,0.0,0.0,0.0,0.0,0.0,0.0,0.0,0.0,0.0,0.0,0.0,0.0,0.0,1.0,0.0,0.0,0.0,0.0,0.0,0.0,0.0,0.0,0.0,0.0,0.0,0.0,0.0,0.0,0.0,0.0,0.0,0.0,0.0,0.0,0.0,0.0,0.0,0.0,0.0,0.0,0.0,0.0,0.0
4250.428218367068,1736.5213951866888,520.5817890697311,203.62339227681488,977.5995600299652,318.00942555999586,237.35627384695826,228.46249520431067,109.71583029458634,2880.4102988977597,532.5376337704856,86.27863507679683,639.6224740442623,406.50046797507156,442.4652162733883,175.97118497975464,734.7548166342611,668.0566582006339,142.83185276830235,551.3913879525214,37.739060445468006,150.2711950197162,81.72589794464794,257.9344642058117,167.8624438105148,13.909021184231268,201.39285331449364,7.77390956382553,432.6391066274995,3.334467120181406,465.4269513445108,62.191236038426965,10.27675878043525,48.410592834006586,127.33930119574377,55.256003256003254,10.960446299732013,2.3399470899470898,5.939328528614243,4.978874740779502,3.60515873015873,229.5261630079382,2.8690476190476186,31.709139875841554,27.65871865678413,221.9216454899753,42.28099795473745,2.4761904761904763,86.6194546647978,119.11780941170821,215.00949282582303,45.373382974337105,10.09904315261458,196.73738017804894,2.2931311413454267,0.0,51.678833452572945,7.5975601779173205,0.6564625850340136,4.368795666414714,1.0,1.6843112244897958,141.32570905887607,1.2004801920768307,4.326247165532879,46.32022271859934,1.6428571428571428,1.4583333333333333,205.35619510041778,31.117778649921505,0.9345238095238094,1.2341269841269842,1.0,14.809957568886139,0.0,37.543542061994444,1.478174603174603,0.0,2.3315972222222223,0.0,5.158942743764172,0.0,0.0,3.9926303854875282,0.0,0.0,0.6275510204081632,57.27262205387205,0.0,0.0,6.209280303030303,0.0,164.33310028556878,1.8869047619047619,13.399659863945578,0.0,1.1098356009070294,0.0,10.285997732426303,3.9305555555555554,0.875,2.7701762523191094,1.25,0.7142857142857142,0.0,21.384080723068816,0.0,6.202367077367077,0.0,156.90486408886267,3.285289115646258,1.6477272727272725,2.5,16.20791367653661,103.20209212278539,69.79110249869179,95.34213992836192,0.0,29.68391690009337,11.815099010337105,4.320436507936508,65.55080921257391,1.467470321461918,0.0,3.006253006253006,0.0,0.0,0.0,0.0,10.331620526998678,1.2943035800178657,9.378316954209811,116.76970217477044,9.629827688651218,1.1337868480725624,0.0,0.7142857142857142,2.8229517396184063,0.0,0.0,3.6547619047619047,0.0,1.5891912320483748,6.7760060842518826,0.0,8.196924603174603,2.898242630385487,237.95251872116367,0.0,584.9678990908717,3.242063492063492,0.0,2.6598639455782314,8.194255479969765,11.730725623582767,0.5842094413522985,1.0491071428571428,0.0,1.8095238095238095,24.554570546167184,0.0,0.0,0.0,0.0,0.0,13.737401652580223,33.73552637903128,0.0,0.0,0.0,0.0,0.0,0.0,12.294685803614374,12.483155827375333,101.51321586812658,0.0,0.0,0.0,0.0,49.84575749491716,5.962577160493827,70.72598721760136,59.02704948205648,10.091724787558121,50.22979797979798,0.0,2.459192262763691,96.75815448557044,17.500017178588607,0.0,49.412306427038565,0.0,0.8694255479969765,0.0,0.0,22.65900358459882,3.5676395213732874,0.0,4.96984126984127
3922.2738031245685,2066.6869263591198,1837.5551302717151,808.1613900456358,1046.2958530894741,234.6014307351127,273.58239862711645,464.54957791241446,572.362208374755,1471.2394979477406,249.48806019274187,229.30237544522032,1003.457648775253,396.0176481394156,346.4710356898338,269.52489142133584,1136.963547542906,529.68867771163,224.96904855268411,448.80797124151604,1144.4079708231238,530.9080179890706,213.0448017066525,615.0317412684985,368.2019808976513,423.28846939828867,419.619865428193,80.47683712830882,853.7374775219133,347.65703303901137,128.3639193710081,165.33657829858842,277.42306269072174,148.67694863766985,124.03865111596876,214.45787353989724,22.234711951991365,23.48657666117383,193.15303642999777,74.56513065684993,181.18241605650348,41.601515749942884,94.82258446096772,203.6390531489331,33.86390713354138,14.772360706080574,470.2904217161278,43.2092245454903,142.5992094292784,47.63503758367783,13.51629264549937,5.937933910347508,37.308023364119734,46.37117303194537,14.57391010323894,81.27557200306298,11.163090753057858,166.6368544484908,34.79573257184081,344.16998627833067,47.79370546543958,25.48512339758147,16.251651203734536,69.95199629085835,105.26621707098569,3.809410001374287,14.136765091717237,37.88679493016484,19.149588123456216,30.26062862455713,17.472815783295342,48.71754434370106,126.79563644677764,8.548831254990034,7.760374777851245,27.70921114409263,10.863534079914967,7.677655677655678,41.023627754326284,2.2819964110436146,143.1123743076695,6.895480234634646,3.5763643047869236,55.03783662623639,41.98995601909366,16.212778174561308,10.466850347927581,18.433598815316603,16.59308138374831,6.686595831776019,17.30655230667224,91.74659183609296,12.284454488866253,7.3576526135543165,23.00483639362645,70.89857837469698,20.86172120064331,33.71758074477695,8.503671966103639,12.870312768957442,4.824802945807202,79.77248203789436,9.776083171954351,7.585829337068188,14.965537542845606,70.57205813718534,86.83254544190157,9.204576171960625,24.474970640468253,7.442453379953379,15.373570057982459,24.7568855856694,10.621371792754983,4.960943162980514,1.7089460784313726,28.058487198225347,3.0194016053391053,25.60757960244096,18.949355033388645,20.194521469274846,28.682237855636487,4.800814536340852,16.910549733137177,0.6372793872793873,88.24906460498566,34.85120526965321,10.812082139091068,12.322964560727165,55.2983927203675,18.063134541508923,19.14821005701078,23.680635933472068,12.939187355854022,97.06785619605398,7.159905943239064,15.376321343903983,13.206232722755878,13.33865830678106,9.906764672805695,21.704458378303848,6.235764002570725,6.922253670276499,6.508356572847994,14.12884313933421,12.980475850320499,4.8257343180545025,25.15855462592042,14.911596806759345,0.753968253968254,10.232691396294337,4.803677721088436,3.3160860279967577,3.8201884920634916,14.644795371697544,3.698593073593073,4.318827210371327,15.11729839565974,7.04627849002849,4.282044344544344,124.69453116808558,1.4836799955171565,29.972988503881098,0.9754152097902098,15.03199486486812,6.1506280187104485,13.389907679475181,2.03692351143009,7.437579459154536,23.993717948015234,43.460011207382394,4.758695210796051,5.657755348395126,1.5529472462521998,2.1424270174270177,7.1626834494481555,2.4592316724669665,13.922354598064091,4.193750023922438,70.36796810127287,6.582969296785087,2.3050917336631622,9.443867967176237,3.6682501526251525,1.8718279627722352,3.4615465535066927,42.23203061343541,5.487343092422426,4.879347655491446,0.0,0.0,2.756219240966265,4.964420995670995,3.1165408252461826,29.56834883548089,8.828220201335894,2.6511644106619596,0.9564208939208938,1.5821495025442391,1.1027676027676028,0.6382275132275133
290.7271826915822,69.63973964658707,84.64520859156275,60.60666922606261,56.155377030377025,5.796547066767655,34.65776584526584,82.44043833458662,16.8172907339574,32.24503120336453,21.305232663351536,51.17096252512919,100.10244912164555,12.545823042698043,14.396574027824027,13.541509416509417,113.77186230293724,8.798543623451712,20.15910619730064,40.352705211115136,41.33128453401562,69.59994535352992,7.298009089675757,21.540371973705305,10.28730538365955,7.599867724867725,31.097646120899796,20.61759661453289,27.918999165322695,7.622228697228697,45.1028231028231,2.1107207607207608,21.38528472707394,16.254816517224604,0.5177970177970178,1.1500718610093608,65.6238836981309,2.0468158384825053,8.581410256410257,3.013986013986014,7.725843600843601,24.204703174004646,3.9650011446886446,5.272725133662634,1.0510554260554261,3.271103896103896,18.59259259259259,2.743678774928775,5.217097934744993,2.083333333333333,10.238129154795821,10.846662596662597,3.4516806722689073,0.0,1.1494581807081805,1.4999205077330078,31.46968987802321,59.922177359677356,0.0,21.712644872184345,0.0,0.0,21.984164754998087,25.38248944682768,4.338092463092463,0.6597222222222222,1.0872806302493803,0.0,2.982563732563732,0.0,0.0,0.0,3.187451437451437,1.412037037037037,2.429927099044746,0.0,0.6095679012345678,244.4571633004747,20.621624902874903,0.0,15.985228687434569,5.453553391053391,1.213815734627184,23.88978566099793,0.0,2.3894033526386464,8.393874643874645,3.5013273763273762,0.0,0.652033152033152,1.3495535714285714,0.0,0.625,2.6408158381197597,0.0,0.0,3.345848391804274,4.098242035742036,0.0,0.7469729344729344,1.6077441077441077,9.907438059398844,3.9120370370370368,0.0,0.0,0.0,0.0,1.1057692307692308,0.9855769230769231,13.20348372125333,3.28064963359081,3.215309237444654,0.7182539682539681,2.1780303030303028,1.1728395061728394,0.6666666666666666,0.0,0.0,0.0,0.0,7.202538202538203,5.445526695526695,0.537037037037037,0.0,0.0,0.0,0.7213376322751323,4.891807720239092,3.98848951973952,0.0,0.0,0.0,0.0,3.1006493506493507,0.6295093795093795,0.8333333333333333,1.3130341880341883,0.0,0.0,0.0,0.0,0.0,0.0,0.0,0.0,2.7139929786988612,0.0,0.0,46.2083824232947,0.0,0.5888888888888889,0.0,4.4945132935329015,22.5,0.0,1.0185185185185184,0.0,0.0,8.62037037037037,0.893939393939394,0.0,1.6666666666666665,0.0,3.6489898989898992,0.0,0.0,0.0,0.5119047619047619,0.0,16.44904257999496,0.0,0.5113636363636364,0.0,0.0,2.9166666666666665,3.0556742640075973,0.0,0.0,1.2341269841269842,2.2547591297591296,0.0,0.0,0.0,0.8017676767676768,0.0,0.0,0.7142857142857142,0.0,3.1527777777777777,0.0,0.0,0.0,0.0,0.0,0.0,0.5,0.0,0.0,0.0,0.0
4199.135179671757,1316.4901777661598,775.9932611107189,138.69313672989267,705.2699784665646,401.6059190142067,232.6289566380234,198.41397428078974,88.40094660924811,1996.6591320196042,232.4604512308031,73.80034808600985,336.5462858805741,303.5377027520791,277.619480990153,223.67387823557291,814.4129795301413,466.85114410011,104.88037369182327,495.25582143570495,25.934857703765264,112.52939006541125,34.957353988603984,169.81295515930265,232.5142046470286,6.510392035602119,188.50333311247343,6.77390956382553,395.73756441970727,3.334467120181406,260.67512153851436,44.63037190256283,4.809767438443909,23.14190596531972,120.52501131895389,57.006003256003254,2.8392341785198925,1.9828042328042328,4.757187752723467,2.121731883636645,3.4265873015873014,305.7807292750045,2.8690476190476186,43.58947898118066,31.505219378284853,132.86823639906623,23.296227251584394,2.642857142857143,52.32693722853036,67.08870888260769,328.5064468379945,20.019949833403963,3.64585051192194,159.55512909579787,5.906887755102041,0.0,20.978232201971696,5.3267268445839875,0.0,6.03546233308138,0.0,1.6843112244897958,77.61066576883277,1.2004801920768307,2.208191609977324,31.101182751832102,1.0456349206349207,1.4583333333333333,120.4330904273131,24.257561089703945,0.9345238095238094,1.6507936507936507,0.0,13.361544870473441,0.0,148.7263768198292,0.8531746031746031,0.0,2.498263888888889,0.0,4.131164965986394,0.0,0.0,4.450963718820861,0.0,0.0,0.0,76.20200517075517,0.0,0.0,0.0,0.0,123.65951923698772,1.8869047619047619,17.899659863945576,0.0,1.1098356009070294,0.0,47.836592970521544,16.481150793650794,0.875,2.7701762523191094,1.25,0.7142857142857142,0.0,13.842041281029376,0.0,2.764138639138639,3.333333333333333,163.31024189007383,3.410289115646258,1.6477272727272725,0.0,14.84908731771025,97.74638116707443,50.84467392726321,53.34628855751054,0.0,20.754154995331465,8.724719019957115,2.320436507936508,43.50170206971677,0.9952480992396958,0.0,2.3514911014911015,0.0,0.0,0.0,1.2003968253968254,8.03995386033201,0.5653473510616368,9.992277068169924,151.10700376207203,6.204142262965792,3.633786848072562,0.0,0.0,2.8229517396184063,0.0,0.0,2.511904761904762,0.0,1.5891912320483748,13.176006084251883,0.0,16.038194444444443,2.898242630385487,137.54165412279906,0.0,515.106933251156,3.8948412698412698,0.0,1.8265306122448979,8.182350718065003,1.7307256235827664,3.239332096474953,1.0491071428571428,0.0,0.0,20.692925247021883,0.0,0.0,0.0,0.0,0.0,7.0903056929842645,25.79259708610199,0.0,0.0,0.0,0.0,0.0,0.0,15.628019136947708,16.03595656199425,92.21872563613634,0.0,0.0,0.0,0.0,20.436756773416437,0.0,24.9148039564181,34.9480174030244,7.143708914542247,8.384559884559884,0.0,1.6626855287569573,29.40565975807572,13.582268260839689,0.0,51.89283192006406,0.0,0.8694255479969765,0.0,0.0,11.914865777961015,3.2434889244954177,0.0,1.5476190476190474
5064.289549082562,1013.2624639626886,711.8408911399771,432.57528336978424,1317.298092542926,297.31728441135493,97.22459371367063,450.32210284574927,2185.345394032193,1363.6375703831022,161.06757856344464,187.27459095738573,1034.4514573698941,523.8729774587745,296.8593032243517,316.18711993988313,1194.104033916226,474.3629510711656,311.6773960913853,234.56337397263795,620.317928626968,246.1947940363296,770.8951919096753,211.22380018241944,97.10564523716576,69.2523422342695,349.4016528688701,397.50951478531243,161.84475095884196,199.59184873180303,74.64406314811563,85.20695331673602,92.17857550797788,166.53879716561988,140.99479732229432,83.28886766553688,20.26149198635121,192.88349193166275,11.990876294207983,37.85266854471936,47.521902712300275,240.36230282940804,155.70528672728727,3.2843350088398107,4.977940340356879,186.63419214496548,83.43380070549794,174.92968817698824,37.49572794745848,142.90277422131433,29.543139046383075,20.803723464308238,258.01182003855865,5.645239636179115,18.02002380119815,2.3852022647226616,225.7790026479639,4.792417866744911,15.883285057042249,48.02282784776053,7.724354924317327,19.77610210126182,62.24072442740737,4.994598200428156,34.54967884663349,4.599101962590129,29.142121318364072,74.27420989582883,62.61077023144458,6.610609846826313,1.1344844208786053,9.907299394540823,17.133231761523785,49.35370587579021,2.6372824624079834,38.01961949665747,13.3553015726427,2.28639802074676,3.43552466963797,6.0002976780001065,90.49272091514847,81.29090816213265,3.952557603960665,4.738625742074017,2.4200496282429054,22.230557955725608,1.4900703021048993,55.63662341639908,1.4796326945160616,1.6755141400187923,20.48931504686047,0.7619418557552432,38.73648730510075,52.4551514772713,7.522607453283655,39.404194531522116,2.4950396825396823,2.752532202725728,15.010226317196759,1.0615889212827987,6.725048782780496,1.669053913195104,1.116841696890958,0.0,14.49394301257611,22.674323437811868,15.90764519975986,50.06317733990147,2.136696976760933,17.307322869339455,2.251194295578532,5.653229945824483,1.6135813329163082,16.624745622348595,34.50222946637862,19.62490043806898,18.68927897799912,2.26988918039954,2.7135521108210185,386.94085552140155,0.0,1.3483468259098512,3.831637064305131,2.1023024594453164,4.890976733416371,15.802265234543144,0.0,0.8487996593986432,4.472926634515793,3.144382627612636,1.9215547981644763,20.133619549352307,19.423683691438978,0.0,8.976299494156637,0.0,2.2713064713064712,3.142758598438629,0.0,0.0,149.77588417134103,8.715826500763475,12.125278444711217,5.740394318925346,0.0,3.150916560065288,7.979849291636765,9.952516134658993,0.50828331332533,9.163692136387033,48.240830947208494,8.410860058309037,99.0211160675559,7.443044651806087,218.34059980247247,11.526830758277336,0.0,7.8884220354808585,11.154252122304861,1.5374496616579656,0.9066258166057918,0.0,1.6118283881315154,0.0,0.0,13.33606043233144,4.03134110787172,0.678475935828877,5.155209927935639,2.6010712838650907,0.0,1.724981416085444,4.389233074182054,8.982738095238094,16.238453899555235,1.135562801960611,5.876193603878333,3.4971797052154194,0.0,4.219452796792698,16.168120197376567,15.826515603242637,0.0,9.892837375209824,25.97440635705942,1.9958718530147102,0.0,18.083502471839637,5.231812570278646,245.61545934403517,9.824716685162931,69.72666727292959,0.0,5.855980897409468,0.0,2.444954648526077,35.73659325786537,4.383022958100989,0.0,37.25444126874041
3735.6072411921295,1120.0286022900993,333.01355741673467,282.9322398467322,718.279878339118,136.3649024874779,204.87267541075826,236.08956728334985,1358.0693390814952,955.7924897352709,74.74693037992883,82.10931779360065,163.3150685072089,386.79890698160807,149.8808714291697,38.3188991213822,631.353972212137,77.10077560007434,153.78039171666546,126.0924673220035,40.31033299547527,288.1005112117866,141.38052188402548,212.5014477230535,91.26526255742039,6.717964166803206,244.591339848298,9.794288324681578,304.16161383452834,10.756107935003795,181.74813554630566,17.97840572265363,5.028461210121991,27.844282257869676,50.20570954913791,25.450472859284936,6.044681019540242,43.687888492658686,18.19388698566405,12.189726768682343,5.131687127231746,93.68859444290909,8.075996093007163,19.097885429007878,43.33949136649124,140.17180898916496,85.35346221229182,3.4638480530598756,29.867670511067704,39.89044917345007,63.72926184676951,24.42415549913978,22.591113369598983,82.42308040211512,12.687672510513526,2.804786765189515,44.249915853910004,11.81854220536925,3.830790574400708,6.947682427639622,1.926735876698279,9.411842087492003,52.21280735990697,7.891980910310865,8.699939954702721,44.550365398228564,7.862312172483499,5.297407490717608,10.472006217680574,11.689974926191393,1.2178177542119388,3.596618177609606,1.365200685456995,24.561991802826135,3.1055364306619517,6.174754235738284,0.9065602360475388,3.800286909635649,3.390286574399875,3.6292659319683604,8.24817726435482,77.94921744544193,0.5791874225547695,10.757474948423225,0.9935790400076113,1.627966919311043,4.323403635438233,15.496432996796898,1.1119856356925322,10.095679135841683,8.853322181700937,0.7292621171931517,18.621162431549884,5.634294093913919,1.8016478573240589,1.8635199283475143,0.6228174603174602,1.0395692397627654,5.716358148328592,2.2983614080552854,1.5101795017347446,1.2986835428247336,1.7071194746687357,0.0,0.6368001554332539,8.201176401867215,1.5609190092836709,8.824765949704373,3.9819350719990285,55.5469640152306,0.6470276289118654,0.6596783585228964,0.0,11.267369882619914,5.563401730544587,13.649341275009817,24.123031182584658,0.7829610758243764,9.094284531994616,116.29710937557206,5.626025561739848,2.510383862946888,0.0,4.959445316588173,5.543063073002711,1.7582837530616642,0.0,0.5362996593986432,0.0,3.5544355376655457,2.121290247899926,5.528791507024265,8.426239006494294,5.0807352941176465,0.0,0.0,0.0,10.291227957692302,0.0,0.0,56.39007322303008,0.0,1.6082480214307944,3.1936992520096914,0.0,2.359069518218246,5.651145587933061,19.632695908588765,1.2490240540660709,96.57042494061983,4.336893614699737,2.3943256667746464,5.322861197426023,6.5806107893722245,197.7030984901453,8.218971950418528,0.0,0.0,2.832512315270936,0.8606819848902889,0.0,0.0,0.0,0.0,0.0,4.203248799519808,4.712205305402584,0.0,0.8641268280290096,0.0,1.0597299525870953,0.0,0.0,5.718518518518518,5.736419668354339,5.700371257394067,0.0,0.0,0.0,0.0,20.223705815462182,23.89738769461204,12.791194088402627,48.37717980746892,12.198105651592046,24.57788243502529,0.0,4.761232149569316,5.790636352316715,7.930313370845719,0.0,10.364882067394383,0.0,1.365240156668728,0.0,0.0,23.668221043659827,19.329509886205564,0.0,9.284828474127615
1537.9649488971302,320.0613395770664,1138.4287007078055,343.13956755829145,297.230690917944,530.2701802684327,180.59920937836515,577.7142436441135,35.23355404543714,615.0826870177017,48.46385625884373,91.42051711168251,76.76188086814011,159.50444113247275,66.34112307561556,22.171077001688012,985.0534351560941,44.03628796016014,75.7120271126722,263.5853535156351,95.42141117554138,520.3538392141929,10.324725504236781,127.53985570688786,298.23170829160057,128.99800636451639,33.4445207083365,11.956015118344114,239.26804621177513,106.89662118127434,38.482876911448336,41.70117844006085,24.404172300447076,45.929823244846936,19.66314771133283,45.60078833398161,398.1453826994791,69.49933872457092,5.788093520236377,7.1187899402185115,94.07838425544283,2.4737981316928686,123.40231332836626,28.912400996361974,60.545495091328426,6.21848623609605,51.94418893554232,51.441972860382855,5.7690038889913575,46.024179275644336,38.70638928972262,0.6714766714766714,89.23015873015872,2.62254120148857,19.723214285714285,8.870183022908586,2.5517581833371303,14.23504310233343,14.674242424242424,68.85146170147466,31.160603028481685,10.073863636363637,0.0,4.009241854636591,61.02544427156496,7.497045282759568,2.1967608414976834,11.04776921196647,0.0,10.83068783068783,14.25095069925897,3.719336219336219,43.275309280598236,1.936147186147186,5.385719439290868,12.357777832025953,6.755832130832131,0.9047619047619047,1.9669312169312168,35.854502779524296,2.5694444444444446,0.0,19.475161012754995,5.046642441379284,7.562180874680874,0.6617578849721706,0.5198412698412698,4.255291005291005,16.178199225818272,0.0,4.358054226475279,27.6946616631767,14.059523809523808,1.0432900432900434,0.0,9.202485014985013,0.0,1.7090733920307855,16.211580086580085,4.831161803564401,2.7831937799043063,10.779220779220779,7.3875376136265425,0.0,3.5386002886002883,5.0685425685425685,51.3696377939799,0.5335307966886914,2.596178771055618,0.0,0.0,8.941899018379281,1.5219542362399503,3.6518886385372453,7.5,0.0,3.730933122850416,2.1767161410018554,0.5263157894736842,0.0,81.81714542767175,3.428571428571428,5.706536479915239,0.0,0.0,2.1882873680626487,11.29126851327734,5.597750697015402,3.7025613275613276,12.28815647072226,8.6010101010101,0.6063169286853497,0.5263157894736843,32.255995841318985,1.88192427827521,32.39355737557723,5.35609857978279,0.0,0.0,3.0459725480181032,0.0,5.23776455026455,1.1694109461966604,4.246336996336996,4.017496392496392,0.0,0.0,4.864191729323308,0.0,0.0,0.0,2.063582251082251,0.0,0.0,0.0,0.0,0.7463369963369962,0.597041847041847,2.4684818105870736,3.821969696969697,0.0,0.0,4.983843537414966,1.0190494146376499,2.997638326585695,0.5263157894736842,0.0,3.672077922077922,4.875180375180375,1.8228993228993227,0.6924001924001923,0.0,0.5293109668109668,1.0158730158730158,0.0,0.0,0.0,1.1344276312515875,135.83852782411896,1.1449514991181657,0.0,0.0,0.0,0.0,0.0,0.5263157894736842,1.8912337662337662,0.0,0.0,0.0,0.5551948051948051,0.0,4.16331684188827,1.2627781575149997,1.1989280560709132,0.0,0.0,2.344298245614035,5.2264183185235815,0.0
1856.668524920786,275.93673558063017,406.24702938706275,271.9458318788017,891.3970739446695,89.0980143901104,243.1457260746551,225.53014613061237,219.73555025046215,964.2824156793063,188.50997189967302,134.5002030264079,103.29358549118521,136.31234060597416,250.96026679178868,90.61469280291779,294.9361924214159,166.2953416402426,135.88625811597626,180.13566164145354,40.17344715190947,201.7108767811044,125.59882645233343,222.60892775504985,340.58301806093937,27.4397024607302,57.943200638586674,43.115663202041695,138.45767491329678,100.5058378846075,55.697799069122595,62.73596102184621,14.162805600890493,171.03682953537458,176.0873051416531,61.554196056203885,2.545026154401154,33.074815555758754,32.4780272963444,35.61876649358267,53.32671042873249,30.409199929142538,172.5874294058675,33.60337895129562,15.015439807106473,36.92591492113551,2113.651801805866,7.684981184547779,30.752908478450983,36.51240853536267,13.325829879258906,30.38620059134765,70.99452495579946,8.179148482502141,7.285640013581189,34.11610161352809,6.444220341947615,2.840182907788438,16.48144548744482,47.348088980403446,43.3894758639746,1.6185854076479078,9.157617273175427,1.7795678647951376,141.0639883684279,23.258866341149254,53.98936264579647,40.24321596601331,25.666271228771226,210.0213028020884,5.973794168340737,71.29592066458767,406.394892026439,1.8966450216450215,47.151575168681035,2.927083333333333,4.329160779800675,13.662698412698411,4.738831850462867,72.80586415041338,6.684493746993747,6.515754132231405,8.516870232941661,10.052097364998257,5.304073191301452,15.532927221652711,19.27372311151381,17.5715879028379,14.2369761208577,4.514192247146792,8.129457415710732,69.6516478855852,8.328136426482015,3.224564926372155,0.7790885585003232,2.8923775088547816,1.0376732132246838,0.0,2.1085858585858586,0.8458411507191994,8.863621332371332,0.6025061539767422,46.05742825141275,3.4026073780975743,2.314578609221466,29.97081202430467,39.8445400256062,3.3993133772545536,1.2256718975468974,0.8737373737373738,1.3541666666666665,2.2900132275132274,0.5246212121212122,16.944625648542576,5.464493104934281,7.4127886002886,2.570054945054945,1.9996345029239766,7.777633266668354,12.897681324177999,3.234375,1.071563852813853,1.492647398897399,0.837341670675004,12.84968601429869,7.343047912126859,68.0572360033757,0.0,2.5304485566113475,2.0573671497584543,5.326973373848374,7.283459595959596,5.525616281866282,0.0,0.0,48.078065146998966,2.5263812366085094,0.7003367003367003,1.024993235930736,4.808968006394477,21.25907115760057,0.634018759018759,6.9098186445000165,16.62139673598007,1.008158219095719,4.0,4.634487139667621,6.573877301150029,0.0,5.3104444302973715,3.470899470899471,13.991600066600066,0.0,11.632116435258146,10.519476438594085,1.1765873015873016,0.7268518518518519,17.50031490601666,2.053218930669911,0.0,1.8708340270840271,1.6016952851601345,1.240396254319143,0.5932629462041227,1.6047077922077921,7.2153456457015945,5.583126840479782,0.0,2.5614169780836447,0.0,4.008283111224287,1.9141714766714766,0.0,1.6666666666666665,0.5975345792418963,10.368274914260686,0.7407407407407407,2.728062469484038,0.0,0.0,21.145930327288553,41.557412853517924,1.4652116402116402,8.553451178451178,14.785383597883596,1.0937824430471488,0.0,6.026361280542618,0.5386363636363637,0.0,0.0,0.8278619528619529,1.2896825396825398,2.5274470899470898,0.7667801969272557,0.0,18.09790672290672,2.963523629148629,3.9117965367965364,3.133539037794357
2095.998223075146,721.1613275034373,412.82828395808775,201.52739658880927,454.7740785255465,273.0936725625187,130.8256357068082,175.0205597991082,309.44859271878073,385.676890995533,40.60425361225206,85.40246947216899,85.71973797273364,185.7485516997436,131.20670091432643,23.111724158998904,278.0646172762944,69.82080624320109,41.41157457701498,117.64258994548138,36.758532018674295,157.92709964213836,41.041902298921755,133.7322993590909,107.70822793821948,12.516424040263079,66.56448293328319,57.635213603106855,79.41369701369487,46.149181528077385,100.99816792133805,17.62494748604322,2.5205247021854835,20.225896014483432,56.00267724193893,14.048476707288783,3.1052870801463026,20.49290302321669,21.789786456563522,13.93334117896342,12.130364375908995,58.00764322566755,11.574673341684411,14.381360056232506,7.902627690044229,36.951745963954885,208.06690309239934,9.79718138639321,27.54733421156474,10.761701378035609,38.47270407617189,22.29588916897394,60.32680360528922,30.861863759758126,2.6220860907604395,2.604570314973065,14.770318290979105,4.503276452603497,6.191901685511819,6.478546625170486,3.926735876698279,2.1479531986031137,12.22661507996469,4.457637475967431,12.041821067417166,19.236190095416898,25.296835982007305,6.487883681193798,7.649254894929252,8.260681996898464,0.5789288653230498,13.007332463323891,4.777899098155407,3.79561003644437,0.8833142084397294,4.658770990588373,1.4621157916030942,10.143540877889617,2.427984987098288,3.907043709746138,9.648805571233128,3.9813843526088424,0.995854089221436,5.9608479642962395,3.1905487369773087,2.210717502061626,0.9900703021048993,9.315877441241344,1.9453189690258654,3.7059975455021976,5.197117275496032,7.442225080156114,13.709841497204943,7.326844598964424,1.9683145239907254,3.2524088172364034,16.178373015873014,0.669198869392395,1.7904322224026656,0.0,0.6351795017347446,1.2986835428247336,3.2348972524465136,0.0,0.5574350760681744,14.384101886876033,1.5609190092836709,2.878434503372927,6.110931075995032,15.941942878959466,0.6470276289118654,0.6861333849779228,0.0,10.31829580854584,3.7454187875616447,10.88545238612093,6.134384798104941,0.7829610758243764,2.6283453785554625,156.95612729884436,2.6209750566893426,2.459457937020962,0.0,0.673731030873888,1.9256989556385935,0.9249504197283309,0.5572224710155744,0.8825298181288018,0.8199154300340002,1.820308553538562,5.906403283012961,12.45719759168035,4.061962079717367,0.0,0.0,1.1237793619711904,0.7673382173382173,2.584826334624012,0.0,0.0,72.95733276087785,0.0,0.0,21.23718470174514,0.0,4.521767930916659,4.609478921266395,0.7580716902145473,4.674949979991997,122.35761229030719,10.798767253043964,0.0,0.6561945307593567,6.609711318472754,62.85463383130913,3.4456434270900056,3.317960296408572,4.8520923520923525,0.0,0.0,1.5084776684576437,1.4719113831627257,3.2784950547981824,0.0,0.0,6.414197572968581,13.216694643225257,0.0,0.0,0.0,0.0,0.5070326981367259,1.0558997408487203,1.857738095238095,1.8681983133905595,0.8996997067225158,0.0,0.0,0.0,0.0,8.582772674529043,20.963751052978086,1.9046115351534072,22.87768470380715,3.059898180051241,1.2247078318506888,0.0,0.9498444631816291,1.3416825283628901,7.265283920330335,0.6346265465433822,3.0405304930428083,0.0,12.754129045557617,0.0,0.0,6.979197875469993,1.7048204787621462,0.0,25.097959787258926
274.4758523150659,42.63646953924596,59.90313377254465,43.64373909961818,50.98829381663886,45.09445787182394,45.42284728524658,22.540652436851882,66.63108733198018,26.002256632573413,4.1562430437227516,10.669195547618166,87.38051986394534,49.2631912304886,21.652734788359787,16.565672386475956,65.23855318396218,15.154490355670639,6.528813838278124,45.53266674002262,23.92400565337576,25.107203782829597,19.192587402126094,53.16634643337839,8.065500440917107,1.1575006012506013,34.5674428657762,9.26834529007148,39.229483024691355,6.851223356224783,4.493365893365893,4.385171423367771,1.3090739834746683,15.135179757311791,10.231052543135876,26.740801582125986,1.9961805555555554,12.050681852869353,14.961679045161189,24.262672900842542,23.555783403104833,5.922798220615001,13.211648645115908,6.036677589385922,10.925449383256991,12.964549563641825,8.09038835546113,2.917013888888889,11.029711766068786,2.218264652014652,0.8549933862433863,5.951420547045547,21.765819051979765,4.407261904761905,5.822985002761788,0.85625,0.9840277777777777,0.0,1.9476686507936507,0.0,0.9850777116402116,6.470543345543345,2.4593148419041277,0.0,0.0,4.5140489946361155,7.599276048026048,1.3747558922558922,0.9892857142857143,3.698318492453766,3.5166290969515854,3.1233477418745275,0.0,1.4818287037037037,1.8940641534391534,7.671733712715855,1.6281911375661375,0.0,0.5669261294261294,2.6494212315824353,0.0,1.6196443602693602,1.1373567019400352,0.0,0.7916666666666666,0.0,0.0,0.0,0.7351438492063492,2.3729675417175415,0.7807666870166869,0.0,0.6612929894179894,1.0102513227513228,2.3605171327790373,0.0,0.0,0.0,3.096962505087505,1.4473875661375661,0.0,0.0,0.8931933421516755,8.127058319766652,0.0,0.6024155242905243,6.838485650152316,0.525173611111111,0.0,0.0,1.8002638234781092,0.0,0.9787164224664224,0.7862813938706795,1.5259157509157508,0.6537698412698413,0.0,0.0,7.349116591080877,8.727441331816332,0.0,0.0,0.0,3.182638888888889,0.7248677248677249,0.0,0.0,0.0,0.0,0.5721500721500722,0.0,0.0,1.2756291305092675,0.0,0.0,0.0,0.0,0.0,3.458293178382464,0.5065972222222223,1.5360140873839503,0.6534391534391535,0.0,0.0,0.0,0.5168463511736505,0.0,1.2998015873015873,0.0,0.7288938492063493,0.0,0.0,0.0,0.0,1.9693681318681318,0.0,0.0,0.0,0.0,0.0,0.0,0.0,0.0,0.0,0.9052166005291005,0.0,0.5986507936507937,0.0,2.155191798941799,0.0,0.0,0.0,0.0,0.0,0.0,0.0,0.0,0.0,0.0,0.0,0.0,8.936323768823769,0.5536954365079365,0.8696759259259259,0.9474206349206349,0.0,0.0,0.0,0.0,0.8640491452991453,0.0,0.0,0.0,0.0,0.0,0.0,2.1892230289551717,0.0,0.0,2.4542072510822512
397.5462888230024,53.5809139836904,70.88298725239812,48.310405766284845,69.76805572140077,47.34445787182394,50.13118061857992,24.207319103518547,102.78188098277384,69.75126456908134,4.1562430437227516,10.669195547618166,127.19798018140565,59.34706568936306,31.652734788359787,17.190672386475956,71.90521985062884,28.487823689003974,6.528813838278124,47.199333406689284,36.35257708194719,26.773870449496265,26.81163502117371,136.7599611519931,14.732167107583773,0.9908339345839347,38.09308389141722,19.26834529007148,53.75329254850088,6.851223356224783,7.826699226699226,4.385171423367771,2.5233596977603825,15.135179757311791,13.95129063837397,30.740801582125986,3.2461805555555556,14.550681852869353,14.961679045161189,30.92933956750921,24.389116736438165,6.875179172995954,30.592601026068287,8.036677589385922,10.925449383256991,27.631216230308492,9.518959784032557,2.917013888888889,12.160664147021167,4.718264652014652,0.8549933862433863,7.576420547045547,21.765819051979765,4.407261904761905,5.822985002761788,0.85625,0.9840277777777777,0.0,3.614335317460317,0.0,0.9850777116402116,6.470543345543345,2.4593148419041277,1.0547945205479452,3.4375,4.5140489946361155,7.599276048026048,3.3747558922558922,0.9892857142857143,3.698318492453766,3.5166290969515854,5.980490599017385,0.0,1.377662037037037,1.8940641534391534,7.671733712715855,4.128191137566137,0.0,0.8447039072039072,4.572498154659359,0.0,1.6196443602693602,1.1373567019400352,0.0,0.7916666666666666,0.0,0.0,0.0,0.7351438492063492,2.3729675417175415,0.7807666870166869,0.0,4.41129298941799,1.0102513227513228,2.3605171327790373,0.0,0.0,0.0,5.824235232360232,2.8759589947089945,0.0,0.0,0.8931933421516755,9.714359907068241,1.597349987974988,0.6024155242905243,8.838485650152316,3.025173611111111,0.0,1.6617641063274624,1.8002638234781092,0.0,7.645383089133088,0.7862813938706795,1.5259157509157508,0.6537698412698413,0.0,0.0,7.349116591080877,11.227441331816332,0.0,0.0,0.0,3.182638888888889,0.7248677248677249,0.0,0.0,0.0,0.0,0.5721500721500722,0.0,4.421626984126984,1.2756291305092675,0.0,0.0,0.0,0.0,0.0,3.458293178382464,0.5065972222222223,2.7860140873839505,0.6534391534391535,0.0,0.0,0.0,0.5168463511736505,0.0,1.2998015873015873,0.0,0.8628224206349207,0.0,0.0,0.0,0.0,4.261034798534799,0.0,0.0,0.0,0.0,0.0,0.0,0.0,0.0,0.0,0.9052166005291005,0.0,0.8069841269841269,0.0,2.155191798941799,0.0,0.0,0.0,0.0,0.0,0.0,0.0,0.0,0.0,0.0,0.0,0.0,8.936323768823769,0.5536954365079365,2.244675925925926,0.9474206349206349,0.0,0.0,0.0,0.0,0.8640491452991453,0.0,0.0,0.0,0.0,0.0,0.0,6.022556362288505,0.0,0.0,6.620873917748917
3838.482530796868,1298.815425116053,668.0651617385299,675.0982064026338,1446.004056843766,318.6299322500232,458.3794219260356,258.252183315152,2354.728981630525,658.2232935399205,259.21454217345007,160.18256006059292,433.44665095172996,368.18951340605736,234.42917936180487,176.14053643468617,1386.9382515333632,471.08198597073454,154.98858729741005,255.71630296086107,153.11422586186814,469.9034145390673,258.47926717886276,294.2888761156676,66.66684697796309,17.26797555891986,127.60461748960711,152.2876745680678,101.14396504812957,106.5193354482313,549.792159353739,42.711365234960965,23.85187390853469,44.00499819407581,215.28525669450678,58.02176614932822,31.765580490439714,65.8072900251037,54.88328786256493,68.55480189417413,134.29300266354727,94.67623435675868,130.8475310395421,16.394578550701,62.05287420279074,298.83279728349305,695.7727162813296,29.90035598956781,17.680144456874984,103.9589115752458,36.699212330397536,89.8304023409871,117.14387310985872,54.803062765430816,19.667510573684922,16.20684304224579,102.6398629438571,25.18664863597568,16.989520733130867,21.866954513578374,13.593402543364945,7.462031481431397,9.39751455086416,50.37496551829547,19.889313852409952,103.17472807259124,30.4302134070514,25.635671078981197,7.789466535140892,16.515389789106255,23.7794783158725,7.193840399831828,3.0318673521236614,45.50030580364014,21.772203097328617,12.584634669393228,1.104972934460237,24.49851923286797,12.991873875987176,23.222519900222327,43.958990756418316,18.576622447846937,11.846586689954036,25.82543129762957,1.175397221825793,1.627966919311043,2.4484036354382326,108.7173579052218,2.674485635692532,14.63493203693669,4.203400344279101,7.157833545764579,37.8576589575224,140.76094753306737,10.431938862615063,14.248676438504024,9.98392857142857,2.415230615424141,11.270590952561395,0.0,0.6351795017347446,1.2986835428247336,3.314262331811593,3.298156929438442,5.649696980830079,23.163400828674973,11.927982501347163,7.762723825162248,1.4819350719990285,49.057303213069794,2.563694295578532,8.798567247411786,0.0,7.955200570450601,15.691327045969903,22.288891539560083,30.887360988581133,9.465500758364058,9.803213103423188,220.2427240354411,6.954308390022676,3.2927912703542956,0.0,0.986231030873888,6.991355521295159,4.028125022902934,0.0,3.557132992731976,0.0,1.1536418868718952,17.560443687053365,49.47874317572593,20.209397977153262,0.0,0.0,0.9954724836643121,0.0,2.584826334624012,0.9257575757575758,3.745496718366901,90.34108979904666,0.0,14.987183900366674,13.009406923967363,0.0,4.442402851551579,28.70798319477067,7.686643118785976,10.50828331332533,45.11506298775788,5.508189910996033,0.0,14.697861197426024,14.448386532147968,262.9203355516161,11.71103544248202,2.4036084445567205,0.0,0.0,0.0,12.012445922425897,0.0,0.0,0.0,1.0285714285714285,2.4855359568069653,28.865666504697117,0.8333333333333333,3.4831744470766286,10.48996017275398,5.012110904968048,0.0,0.0,1.5819444444444444,0.8807097918111289,5.202309134331943,0.0,0.0,0.0,5.122050199390101,8.265733232489602,48.18404927327631,2.632221425263297,18.63718176538755,16.84655041670348,0.0,0.0,2.393026281363447,6.938904750585111,11.226810955386782,24.396531308448143,21.9726913877037,0.0,53.142356558785124,0.0,0.0,56.78467711844923,7.784198171776203,1.691885213855657,43.95824672254586
2949.0075897543643,1498.1725411857515,357.40921198351765,127.24563189554574,825.3571345471988,218.28894835201865,144.63981628491246,162.84056158237703,72.67649883480033,2147.9404465384187,212.87881342416532,40.57930246496423,476.9154875122757,240.830297657174,202.85314316131522,100.8828928320875,782.1745436664881,574.0918149630635,84.03224959369916,376.9397957946793,26.434857703765264,137.55815990668108,33.60089794464794,219.94582552967302,82.0422971221863,6.357614257824341,144.4557140648544,6.77390956382553,460.07030251494535,3.334467120181406,152.0344469353398,58.59859534578627,1.9347674384439089,21.508572631986382,209.4626778191204,101.4602157102157,2.8392341785198925,3.093915343915344,4.36776467580039,2.121731883636645,3.4265873015873014,151.91644356071876,2.8690476190476186,26.782336124037805,83.89108547297448,119.39462528795511,34.4942916055311,2.142857142857143,68.6535846551778,82.85061364451245,75.6635512673815,20.18661650007063,9.14585051192194,112.18265434832311,2.1658163265306123,0.0,26.56050733424683,8.16006017791732,0.6564625850340136,13.297367094986143,0.0,1.6843112244897958,152.91578842395543,1.2004801920768307,3.101048752834467,40.90706298271233,1.5873015873015872,1.4583333333333333,115.24688774111043,22.340253397396253,4.444327731092437,1.2341269841269842,0.0,13.206782965711536,0.0,13.435274866227246,2.2817460317460316,0.0,3.248263888888889,0.0,4.992276077097506,0.0,0.0,2.7634637188208613,0.0,0.0,0.0,27.097838504088504,0.0,0.0,0.0,0.0,63.53154304651153,6.886904761904761,12.899659863945578,0.0,1.1098356009070294,0.0,5.83064058956916,2.814484126984127,0.875,0.0,1.25,0.7142857142857142,2.3015873015873014,7.233707947696042,0.0,2.6872155622155622,0.0,115.43706645439838,3.035289115646258,1.6477272727272725,0.0,26.83754330616624,111.0327198284131,55.49546757805686,105.18629577251775,0.0,27.801377217553686,7.786623781861877,2.320436507936508,45.596940164954866,0.7452480992396958,0.0,2.3514911014911015,0.0,0.0,0.0,0.0,7.623287193665345,0.5653473510616368,10.201068276961134,88.52258817765644,9.468031151854682,1.1337868480725624,0.0,0.0,29.072951739618404,0.0,0.0,2.511904761904762,0.0,1.797524565381708,2.5593394175852158,0.0,8.309027777777779,5.5768140589569155,349.81520574174544,1.4285714285714284,440.31545500717766,3.8115079365079367,0.0,1.8265306122448979,6.0156840513983365,1.7307256235827664,0.0,1.0491071428571428,0.0,0.0,9.704372133468771,0.0,0.0,0.0,0.0,0.0,7.0278056929842645,19.234263752768655,0.0,0.0,1.5277777777777777,0.0,0.0,0.0,3.963246409674981,8.202623228660915,91.22055713796784,0.0,0.0,0.0,0.0,24.266843353503017,0.0,51.034049988164135,35.16708305959006,5.857597803431137,14.217893217893216,0.0,4.107129973201402,171.30324828066423,11.082268260839689,0.0,45.13767318990533,0.0,0.8694255479969765,0.0,0.0,11.983047596142834,3.2434889244954177,0.0,1.7476190476190474
3345.2499256081155,982.7238093363961,1066.3100310024602,341.766077135403,1133.9392772082256,126.81486707295053,161.03853312845112,687.0346883131629,591.8639525512423,1361.2978625168666,156.16577632607044,112.13620516755437,714.6535631072001,527.2971430178344,652.0876842203411,246.57790776743698,1435.6129872637857,122.97783961398362,233.20860851718476,204.450858381376,180.8369642893182,557.5035912249633,147.03400990007972,414.68767028105094,255.12900996090735,272.5985081672176,287.96273588571796,15.41592179359559,504.7620160029142,65.07512494578957,55.457735194795234,62.05138319769134,80.31437802817672,128.91769208978593,173.5756930738658,203.09806991243934,5.942916408987838,29.1235974417935,148.3846648257989,32.066957656649464,76.74543472400615,23.2809784351451,45.054113988252645,46.40193320237963,47.912803707341524,25.539274826398884,555.1297199182115,111.31791609485845,192.01251990733078,25.16524502934135,11.948853615520282,26.207240075517387,51.04786757474135,173.2912339198047,13.76514365533077,77.49766199609273,9.431836604796796,26.413715913715915,10.058555723029407,70.54659983899987,4.658004792826222,3.890740432407099,12.83302177031487,12.196288559924923,54.989774569501456,10.22909867909868,9.498589786536215,56.70840917355641,8.211153925439639,18.076579119517962,3.1085584101888446,181.96517086935907,48.70317430134335,3.9963860544217686,1.5423989590656257,4.672350858206121,6.434979901051329,0.0,69.8169217048861,1.594512630226916,15.975309517746492,7.880684130684131,0.0,11.597397292250234,8.6063579277865,1.1835664335664335,1.9534090909090907,32.005947559484525,1.441177869749298,4.036958015529444,77.96998834498835,32.17045227570438,8.554521268491856,4.1396103896103895,2.6379325490526786,28.282952827595683,29.67653873903874,4.428571428571428,3.3251678876678876,0.5451436130007559,7.370787967538031,63.30385487528344,2.5591468962865367,19.83565786065786,7.252667733760171,185.17776692118798,115.85427210110191,3.756105006105006,5.360777396004669,3.9169549586216252,16.859126984126984,1.984953340310483,2.3446372650918104,18.75901875901876,2.147108843537415,20.793660822273463,0.7377551020408163,8.452883426097712,85.14059113544408,85.62597444155415,16.139172335600907,0.0,1.3428704815259436,1.9014550264550265,89.12210297872062,18.42689426975141,3.344877344877345,4.399848828420257,4.534257078899936,36.065945165945166,3.640910226137499,6.318181818181818,32.9433637996824,0.0,5.406737442451728,20.422584158997203,4.907407407407407,18.284062334605814,2.869047619047619,9.121820399417802,9.239117728511667,0.7891275391275391,1.418858918858919,39.21751170106148,0.0,6.067450406736121,156.08359321322837,23.43885373885374,0.0,28.42281020994256,2.57857486428915,0.0,0.0,46.68055555555556,12.757150257150256,1.5045199898141073,2.9206349206349205,2.407120657120657,7.280092592592592,11.55330747295033,1.6390087138534344,13.097709036087592,1.1944444444444444,3.642420254815213,9.944347319347319,16.174773639059353,0.0,2.9075091575091574,9.631389933595816,2.5,0.0,2.2998161450542405,0.8621933621933622,0.0,6.621716246716247,0.9643129979264434,0.0,0.8253813646670789,2.985347985347985,1.8834332334332333,4.224121454677011,5.835695323195322,1.0173160173160172,8.969681087563862,2.013227513227513,17.81288737717309,0.0,7.315908927673633,3.3984126984126988,0.0,1.25,6.989186540972255,9.999999999999998,27.776094227410017,4.379157218442932,0.0,0.0,0.8881921109193835,1.6666666666666665,3.3630952380952377
4094.6278476739785,1025.7452439080485,1175.1828271259076,716.214215293314,2049.461086597251,226.60030330125306,290.96452621007035,400.58233496370343,1124.9605648746503,1181.2189984931686,248.47421859924447,272.71475817574765,1025.7877998315641,555.4271364236794,489.58992426120545,237.77592683591058,1186.3814341692403,465.7097952905821,458.64457589708917,241.68227491577872,170.97186924456628,621.8349144578405,458.4320447101502,840.806766634316,368.0821064647634,118.73598554491235,411.9411484461573,30.357721197894993,1190.9070249548909,164.51860899758447,317.8528792534339,107.19532642727533,43.41734269699246,203.5124922641803,117.70955293343759,386.38030070393563,6.486477015048443,42.155499183707605,161.38992555582192,210.23212650002208,92.08810495060494,34.81624178290845,223.56779861063825,44.835417124308925,43.19137344137344,21.525346220654463,1067.7267940291217,228.39843013549154,279.11760731463175,35.80872747282379,19.921196087862754,61.34702063226223,54.36251170032735,65.71960772780193,21.846547480509475,251.83685744853454,21.76999542665127,29.40734828778307,32.2604680341445,96.67881328297642,64.48833063865959,39.39078514078514,34.04067599880243,12.980400281536644,95.6382506809005,38.10230855564189,41.62703211140711,89.9896918528654,47.33542776667777,22.432055964490605,16.573025585525585,120.60791480273457,82.4477743302479,5.618674182959897,16.415213687065446,10.878198222175083,5.140275377180139,2.0908816425120773,444.6587745792096,10.338404148186756,66.29753718503719,2.845660512327179,6.97985679779158,55.640197085050026,41.24477945590101,14.824289136789137,3.429512987012987,135.8505975753302,12.508377425044092,12.822416928115457,61.42636322011322,27.89311255193608,80.30142515436633,3.5899470899470898,10.919305283331575,20.895785471336943,48.55011555495302,1.0,3.8989774114774116,14.04810673783888,32.91043736135409,24.245053586280292,6.619037694097503,5.889134014134014,2.0621915432839804,33.98024932583756,211.7283857950432,4.379126082251082,14.404328752056026,3.242830009496676,41.60387054466002,6.62418216703931,3.7821072025617477,15.58646584896585,4.887717309145881,72.79308086694449,3.36672335600907,17.657354797979796,31.3287025610555,45.77402249892446,57.70366800075447,0.0,2.918267306922769,6.762566137566138,99.94171569171569,15.123731742114094,8.373728123728123,7.055275742775742,5.64766081871345,15.456727994227995,19.24338354878626,25.916880341880344,53.64356232550013,4.987980769230769,1.6768707482993195,30.81403318903319,10.295634920634921,37.02694802474214,3.3593073593073592,8.372153912674248,57.57255882445276,1.3937902375402376,1.0815573315573317,87.21813643295373,6.306768077601411,15.570415695415695,82.80274590913545,48.20625300625301,0.0,55.76914035039035,4.060206658420944,1.9166666666666665,0.0,36.99508130758131,47.62139282286341,6.832251082251082,11.174603174603174,4.970763033263033,10.772156084656084,25.903539707419018,2.9484882842025697,8.14826949588613,5.126488095238095,6.901687773011302,10.674679487179487,10.456113855280522,1.177941546989166,1.9444444444444442,16.215370608093732,0.0,0.8390567765567766,3.4083000333000335,0.8408258408258409,1.5046709656084656,16.258137695637696,1.7843887555022009,1.2878787878787878,1.2380797773654917,0.0,10.006830669330668,7.61397493453049,40.01884828134828,0.0,7.0467166251257165,8.878832972582973,8.294922009207722,1.4722222222222223,13.510317460317461,0.0,4.823915626856803,0.0,22.881127932913646,0.0,19.787792704980205,5.8842592592592595,1.3810786435786435,13.757216262573404,16.192129839857113,4.204365079365079,13.09764439589001
2679.6795385192836,537.9788803227018,532.6247297389338,267.0103555989279,598.8388354949923,95.40404499202154,181.43711417430447,190.9774789631512,1438.6261086718032,565.0025608336518,62.950461289437996,106.66604678991298,197.43212168485624,252.52904853178038,114.70107451735278,69.2923739490237,518.5887426851259,77.20603132773446,89.02887255036946,130.0968165240952,105.70230768374006,148.27374368862291,104.84235436409243,162.12406870086025,112.18162910103325,39.6908240615381,94.23464289661717,20.819365940668284,140.7054732867663,19.805779136817854,101.90667954859967,21.985510180924095,8.826066382727165,49.85398204881947,72.99824608602111,44.21798571559649,10.82245879731802,29.134657510559414,49.92853606674171,27.1795470143738,24.532286527831147,73.47726850779284,28.0841184420386,8.729760002846737,5.078150778067316,18.67961060662216,540.3109729967607,27.19917753838936,46.6518132031703,19.163827800995364,13.201764870450075,40.602571144405914,31.866570971761128,22.44126119165445,9.372086090760439,23.72782248367978,114.67099969925854,7.7560422053692495,5.403936671223276,8.545859362937769,32.4823954948579,1.0368420874920026,11.193792809642419,6.860745941575896,12.809467111848925,8.386453060566227,31.934198619369944,14.33021000566298,18.45649395216831,18.033178019394487,2.6823476687418535,40.707131066975876,8.465068410324719,11.675137915972249,1.7166475417730627,3.722263054080436,2.0529948199821226,3.1197313540800935,29.128647046456,5.306294418779456,11.50453086445842,5.956131827356317,0.5791874225547695,1.7472236256719014,6.421609343037915,3.3150159813601054,3.11086284289744,20.854441696394037,5.0881761118830084,3.3040314560361086,22.843633028261785,2.3364049743360087,11.506811751895786,3.8499927471125717,1.3016478573240589,3.7012724536000396,17.373772387742974,0.9722291724226981,6.868210000180444,0.6364188532555879,1.3235517355615238,1.2986835428247336,1.6755138306229003,0.0,0.736006504639603,8.054896315758697,22.027276109975187,2.1309597558981794,1.0688759089398656,3.9779577899743774,5.218150950035186,1.9096783585228962,0.0,4.278104938809515,5.507612149755007,9.019907303184542,5.7445038457239885,0.8524055202688208,1.231144200104284,192.00616719903132,9.822592883307168,1.7927912703542956,0.0,1.0011119832548403,11.837585680025319,9.861590631368543,1.136587550380654,0.7237996593986432,5.528248763367333,39.42298712496713,2.34020559181527,5.883123517606276,30.044840644533732,0.0,0.0,1.983898409590238,0.0,3.508862615803151,0.0,0.6994135927383207,103.7152480482049,0.6893007389435961,0.0,16.101487066047504,1.3577928297755884,11.414625073773802,93.2946499880164,26.129824936967793,0.50828331332533,28.358903175348072,5.438084090890213,0.0,0.6561945307593567,30.197852344113777,33.01549768509094,4.689210045656624,1.5818491852974612,0.0,1.451559934318555,0.7980016097099137,1.8259379859179612,3.7695304307817734,0.695161721464849,0.0,0.0,7.689386065032073,3.1493966634272756,0.0,3.0727307241329056,0.0,0.0,0.8623718034758313,0.8550589150078947,0.9433035714285714,7.120719781821118,0.5663663733891825,0.0,0.7631364667078953,0.0,1.0387168660567674,16.348622842879212,29.67614282786986,0.0,7.373627418499868,3.301456621609683,0.8388853210281781,0.0,3.3176294559666215,10.323825385505748,83.52092860244561,0.0,5.073178400690716,0.0,9.791435489114061,0.0,0.0,13.109488880760997,19.495590945668976,0.0,31.702784348662437
274.4550189817325,42.63646953924596,59.06980043921131,44.477072432951516,50.98829381663886,45.09445787182394,45.42284728524658,22.540652436851882,66.29775399864685,25.898089965906745,4.1562430437227516,10.669195547618166,87.38051986394534,49.2631912304886,21.652734788359787,20.613291434095004,65.23855318396218,15.154490355670639,6.528813838278124,45.53266674002262,23.92400565337576,25.107203782829597,19.192587402126094,51.29134643337839,8.065500440917107,0.9908339345839347,34.5674428657762,9.26834529007148,39.229483024691355,6.851223356224783,4.493365893365893,4.385171423367771,1.3090739834746683,15.135179757311791,10.231052543135876,26.740801582125986,1.9961805555555554,12.050681852869353,14.961679045161189,24.262672900842542,23.555783403104833,5.922798220615001,13.211648645115908,6.036677589385922,10.925449383256991,12.964549563641825,8.09038835546113,2.917013888888889,11.029711766068786,2.218264652014652,0.8549933862433863,5.951420547045547,21.765819051979765,4.407261904761905,5.822985002761788,0.85625,0.9840277777777777,0.0,1.9476686507936507,0.0,0.9850777116402116,6.470543345543345,2.4593148419041277,0.0,0.0,4.5140489946361155,7.599276048026048,1.3747558922558922,0.9892857142857143,3.698318492453766,3.5166290969515854,3.1233477418745275,0.0,1.377662037037037,1.8940641534391534,7.671733712715855,1.6281911375661375,0.0,0.5669261294261294,2.6494212315824353,0.0,1.6196443602693602,1.1373567019400352,0.0,0.7916666666666666,0.0,0.0,0.0,0.7351438492063492,2.3729675417175415,0.7807666870166869,0.0,0.6612929894179894,1.0102513227513228,2.3605171327790373,0.0,0.0,0.0,3.096962505087505,1.4473875661375661,0.0,0.0,0.8931933421516755,8.127058319766652,0.0,0.6024155242905243,6.838485650152316,0.525173611111111,0.0,0.0,1.8002638234781092,0.0,0.9787164224664224,0.7862813938706795,1.5259157509157508,0.6537698412698413,0.0,0.0,7.349116591080877,8.727441331816332,0.0,0.0,0.0,3.182638888888889,0.7248677248677249,0.0,0.0,0.0,0.0,0.5721500721500722,0.0,0.0,1.2756291305092675,0.0,0.0,0.0,0.0,0.0,3.458293178382464,0.5065972222222223,1.5360140873839503,0.6534391534391535,0.0,0.0,0.0,0.5168463511736505,0.0,1.2998015873015873,0.0,0.6247271825396825,0.0,0.0,0.0,0.0,1.9693681318681318,0.0,0.0,0.0,0.0,0.0,0.0,0.0,0.0,0.0,0.9052166005291005,0.0,0.5986507936507937,0.0,2.155191798941799,0.0,0.0,0.0,0.0,0.0,0.0,0.0,0.0,0.0,0.0,0.0,0.0,8.936323768823769,0.5536954365079365,0.0,0.9474206349206349,0.0,0.0,0.0,0.0,0.8640491452991453,0.0,0.0,0.0,0.0,0.0,0.0,2.1892230289551717,0.0,0.0,2.4542072510822512
361.79731941798144,93.69671108742295,177.0524080613032,89.56987884573668,145.1386107582931,57.01693354444978,27.745596838426923,60.99311445116767,73.91160596051661,151.32023483310485,12.117151367151367,34.54346481578041,65.00517488084094,73.11279436671558,50.46982936472369,24.355528295057514,103.92140973716604,17.582674263461122,21.874505250167417,65.69687551906166,21.700814295132478,47.62891442636187,35.432790187252884,61.003941615319576,17.5696805419208,6.1275782373590815,63.51595410491351,1.8910022686760657,38.0098384355037,15.383320737703855,12.2270935310151,12.389134819319015,2.7048553583862027,22.035957869291202,13.893115000932841,23.19968773421455,2.1114770150484437,9.13590384883675,22.9381569929189,16.325861427948194,5.3751443001443,1.2109928651595319,14.596683191536131,12.17428386758744,7.9795875420875415,1.7228710442996158,61.65154013400899,17.035281231114563,25.455186103568423,5.782969897066217,5.964726631393298,2.9835731728588875,3.928236793135783,7.235448634258158,3.0470074508223854,9.143306232808397,2.1863290929849373,3.611111111111111,4.829674954674955,16.282357420669108,2.8880501443001445,2.0972422639089303,8.829858267151366,0.886764750401114,10.46359598618002,9.584654234654234,0.0,12.800209965357208,4.69534632034632,2.143410922169092,0.0,14.15841199073176,11.625719070692634,2.1904761904761902,1.0423989590656257,1.0691762550315183,0.75045609152752,5.43287037037037,16.46138733271086,0.5536963036963037,4.99309163059163,3.205007955007955,0.0,3.1547565996095406,0.6887755102040816,1.7391219891219891,0.0,3.7868380777471686,0.0,1.5823713323713324,3.731240981240981,12.490436986760516,6.756541470512058,0.0,0.0,4.716059403559403,6.684461371961372,2.1957671957671954,0.0,0.0,2.650865098105358,1.020408163265306,1.3572832448430534,1.1912855662855664,3.919334400426837,2.895021645021645,26.076666147325753,0.7777777777777778,0.0,0.7484567901234567,3.7003968253968256,1.2761621315192744,0.814126109580655,2.076479076479077,0.0,2.1576260439896804,0.0,4.100559163059163,2.3846026794556208,11.681895573562239,9.948696145124716,0.0,0.0,1.9014550264550265,10.47245413316842,2.5589586339586337,0.0,2.121693121693122,0.0,3.1770562770562774,1.4153302505575232,1.8181818181818183,3.5421387490765484,0.0,3.9443070157355873,1.193452380952381,0.9722222222222221,1.8673443619872192,0.0,0.0,11.282768522162462,0.0,0.7503607503607505,13.198211160332374,0.0,0.0,10.036669559396833,2.8210678210678215,0.0,0.0,0.0,0.0,0.0,5.099206349206349,2.7015947015947015,0.0,1.1825396825396826,0.0,0.6134259259259258,0.0,0.0,0.0,0.9166666666666666,1.2857412195647488,0.0,1.0489232989232988,0.0,0.0,3.472659774865657,0.0,0.0,0.7678571428571428,0.5844155844155845,0.0,0.0,0.0,1.1111111111111112,0.6825242218099361,0.0,0.0,1.2380103435658991,2.014266751766752,1.1111111111111112,1.4345232629323539,0.0,1.245791245791246,0.0,1.6333333333333333,0.0,0.0,0.0,4.520322072107787,0.0,2.2162837162837166,0.0,0.0,0.0,1.0072397299670026,0.0,1.0885854341736694
71.48061512056454,35.98698345035324,43.875748657537684,128.77826258708612,94.60941341398858,35.370034943308156,22.452380952380953,19.229395604395602,16.995892633147534,30.35912698412698,2.5168067226890756,26.518042079629872,34.79054752055268,6.097231200172376,16.669194950707553,16.026643990929703,40.29211964506082,10.094997594997594,43.1685405643739,14.777777777777779,14.981610530391016,4.676642001829971,7.828611444577831,14.619360902255638,19.26098901098901,0.841736694677871,12.90717953848206,20.166666666666664,9.668703845174432,4.5137844611528815,5.3,8.205215419501133,5.396045918367347,26.924019607843135,3.3809523809523805,1.0,1.4285714285714284,3.0338135254101637,23.750850340136054,4.312641723356009,0.5419799498746867,0.0,4.593073593073592,2.083333333333333,0.0,4.586167800453515,21.143223443223444,3.4589947089947084,6.152777777777778,4.8768371546149325,0.0,0.0,3.88235294117647,0.0,3.142857142857143,1.1541005291005288,0.9999999999999999,0.0,0.0,3.333333333333333,0.7752613240418118,0.0,0.0,0.0,0.0,0.0,2.6105442176870746,1.1656746031746033,0.0,3.0158730158730154,0.0,0.0,15.307256235827664,0.0,0.0,0.0,4.489795918367347,0.0,4.106922398589065,0.0,0.0,0.9859943977591036,3.0612244897959178,0.0,0.0,0.0,0.0,4.166666666666667,0.0,0.0,0.0,0.0,0.0,0.5555555555555556,0.0,0.0,0.0,0.0,4.065789473684211,0.0,0.9999999999999999,0.0,0.0,0.0,1.0714285714285712,5.565759637188208,1.8253968253968254,7.386621315192743,0.0,0.0,0.0,0.7142857142857142,0.0,0.0,11.615864294435722,0.0,0.0,4.39484126984127,0.0,0.0,0.0,0.0,2.976190476190476,2.8571428571428568,0.0,0.0,0.0,0.0,1.5789473684210524,0.0,0.0,0.0,0.0,0.0,0.0,0.0,1.8233082706766914,0.0,0.0,0.0,2.119360902255639,0.0,0.0,0.5,0.0,0.0,0.873015873015873,0.0,0.0,0.0,2.7295918367346936,1.857142857142857,0.0,0.0,0.0,0.0,0.0,0.9523809523809523,0.0,0.0,0.0,0.0,0.0,0.0,0.0,0.0,0.0,0.0,0.9226190476190474,0.0,0.0,0.0,0.0,0.0,0.0,0.0,0.0,1.9047619047619047,0.0,0.0,0.0,0.0,0.0,0.0,0.0,0.0,0.0,0.0,0.0,0.7142857142857142,0.0,0.0,0.0,0.0,0.0,0.8843537414965985,0.0,0.0,0.0,0.0
984.2938630557773,650.7138134239577,527.5353551807564,215.85113813042506,538.9632819712882,252.23485521368585,258.35401857901854,379.46792916858703,204.38899129533803,204.4317818682738,71.79362311620376,156.39097956038745,403.9121984014547,95.10820642070642,93.93753622043096,96.10569549077613,286.5991411176223,80.07614065678581,68.96296296296296,180.83303975058007,161.47562947562946,165.4089813497708,99.02279064779064,73.6303625053625,70.35545366795367,125.68914748081414,99.98498615746678,5.917818740399385,190.6896113146113,11.498477644310977,155.407862355443,14.489247311827956,10.724317058994478,62.39414414414414,66.8845464571271,66.76426426426426,184.3233397652871,16.019591460530737,58.42342342342342,56.62837837837837,15.930900055900056,327.5280727155727,53.984234234234236,37.681814879395525,16.9634009009009,8.817460317460318,50.498712998712996,2.458994708994709,3.018518518518518,8.75,45.21091925258592,12.0,11.11111111111111,21.94226579520697,15.833333333333332,4.1891891891891895,3.7152777777777777,207.4012246693698,35.283542471042466,60.95833333333333,9.88095238095238,14.583333333333332,36.966931216931215,17.990257699560022,18.179232804232804,12.253378378378377,19.444444444444443,0.5900900900900901,15.625,4.479166666666666,33.28703703703704,7.122747747747748,64.74447661947661,10.416666666666666,20.887387387387385,12.25,40.36667312473764,21.841431242166536,1.5902777777777777,32.229166666666664,37.26351351351351,209.34167202917203,4.166666666666666,1.8935185185185186,0.9234234234234233,6.577380952380952,27.173423423423422,2.5,0.8333333333333333,7.5,2.5,14.316816816816816,12.916666666666666,13.937499999999998,5.555555555555555,9.027777777777779,0.0,3.442460317460317,10.833333333333332,5.054054054054054,7.5,5.09009009009009,2.291666666666667,9.157657657657657,8.333333333333332,6.87037037037037,2.583333333333333,8.680555555555555,3.0555555555555554,3.359234234234234,1.0416666666666665,11.50516795865633,8.333333333333332,0.0,2.075825825825826,0.0,2.7777777777777777,0.0,6.666666666666667,1.1111111111111112,4.953703703703704,0.0,5.09009009009009,2.6041666666666665,1.1111111111111112,3.1249999999999996,2.5,2.6666666666666665,11.230942480942481,0.0,0.0,5.786482334869431,0.0,23.333333333333332,10.833333333333332,2.083333333333333,3.333333333333333,0.0,2.9894894894894892,0.0,3.833333333333333,3.333333333333333,12.083333333333332,0.0,5.045045045045045,4.583333333333333,0.0,0.0,7.588815789473684,1.6666666666666667,0.0,0.0,1.0,2.5,6.111111111111111,1.3333333333333333,1.6666666666666665,5.0,1.4166666666666665,0.0,8.666666666666666,5.0,9.166666666666668,0.0,0.8333333333333333,0.625,3.333333333333333,0.0,13.666666666666666,2.4924924924924925,0.95679012345679,11.666666666666666,3.333333333333333,0.625,3.333333333333333,0.0,19.31600955794504,0.0,0.0,2.9166666666666665,3.75,6.666666666666666,1.25,0.0,0.0,0.75,5.863363363363363,0.8333333333333333,0.0,0.0,2.6666666666666665,1.6666666666666665,6.25,4.333333333333333,1.0,3.0555555555555554,0.0,0.0,0.0,0.0
3601.8629291710467,805.511306893317,701.6361921382193,434.2157860082718,1462.8165278133465,285.427072635036,164.50271337458835,548.740604071854,1185.1857960938844,1188.8620539061328,116.70816350044291,291.60163155012407,1053.6843933443004,582.776280728693,244.15174638037033,519.3600105102906,1093.7994997513379,479.7413090457014,323.8127957069972,84.08053357318063,952.6189761740067,397.6687522697331,892.7501491579889,232.57961997797523,94.71297768589434,30.71631119425237,415.85907664037546,602.2691837098087,119.70985528632588,235.95944814523568,92.4292328042328,99.85523031862317,86.73831587168053,193.83102001484355,109.0898287871972,75.60034986942881,8.13888888888889,111.57345315748677,17.330019187162044,33.69960088412469,58.93182621472095,92.10151423785001,183.84737022237022,2.634722222222222,9.516666666666666,215.8907451124713,36.35387482887483,92.2056277056277,32.250714563214565,160.80950032110746,44.91666065416065,30.40641534391534,280.0690281243429,3.6998081283795567,24.944829244829243,1.5436507936507935,266.03086850000227,3.6180555555555554,16.118145743145742,47.955185786435784,15.470896244676732,7.313293188293188,65.80539923039923,16.935185185185183,37.10062237145571,15.447917938542938,33.179676870748295,86.42071467762257,31.265873015873016,2.8876984126984127,0.0,42.92518939393939,18.894522177557892,29.640046296296298,5.9185185185185185,24.60811965811966,27.14737742416314,1.9907407407407405,3.3492673992673994,6.1406746031746025,52.92063492063492,26.676229380641146,7.2822656840513975,5.353237448825684,1.490079365079365,2.2926413255360623,0.5,35.34455549896726,2.2499999999999996,1.5763888888888888,19.493654493654493,0.0,10.105845543345543,44.865109427609426,9.575986050986051,41.537283549783545,17.377777777777776,2.569444444444444,7.0569510898458265,4.438095238095238,6.851851851851851,1.125,0.0,2.5,16.637896825396826,33.76859919181348,14.427065295815297,40.793463282748995,3.015873015873016,7.474494242141301,14.033653846153847,6.86276455026455,3.7867063492063493,29.697120009620008,49.07970229337526,19.12456910373577,13.259171075837742,1.625,2.1623931623931623,69.83115532940094,0.0,0.0,6.759469696969696,8.456349206349206,8.498015873015873,60.71912578162578,0.0,2.935185185185185,8.527540442014125,4.807539682539682,0.0,5.288136087768441,9.416756854256855,0.0,11.226190476190476,1.875,4.090173350041771,7.812289562289562,0.0,0.0,41.84452925242399,13.386002886002885,9.962797619047619,7.604166666666666,0.0,3.4970238095238093,7.351851851851852,3.2123015873015874,0.0,5.067460317460317,77.88252903401713,8.553571428571429,173.81726358472682,5.5,34.042960239651414,8.224601787101786,0.0,6.694444444444445,18.341931216931215,0.0,2.4799382716049383,0.0,2.083333333333333,1.6666666666666665,1.0416666666666665,9.320221445221446,3.3035714285714284,0.0,1.6071428571428572,0.0,0.0,3.7037037037037037,3.4750939849624056,8.333333333333332,19.465007215007216,0.5691964285714286,2.410515873015873,4.251488095238095,0.0,3.7644830659536543,10.006944444444445,13.212962962962962,0.0,8.049878747795415,28.877314814814813,1.3333333333333335,0.0,5.055555555555555,3.350778190063904,566.6429773929774,9.932010582010582,55.94648368606702,0.625,0.0,0.0,2.0592403628117912,38.268308080808076,7.165732959850606,0.7609126984126984,8.049382716049383
3849.2680685256396,1924.782825263286,1810.387531650168,771.4054834595081,996.9504705713954,212.61368236285406,348.56527276647694,574.5168196601039,521.9407607553032,1812.2898189117873,277.4413562858489,272.5364246136445,814.8928718511155,605.5495852467365,395.25803096803867,258.0278401712957,1078.6920282183144,258.73286008381484,249.06457242980812,436.40206584516943,940.2433806045552,512.6301861073641,136.93788075791167,508.67132338621576,437.32725490016253,521.7879632190622,455.17451766720677,67.5310609137826,555.6731053844638,300.175885601097,97.03435916510863,168.49678969058195,308.6870994617044,167.31712210614938,124.24107223818497,149.51057566466042,10.560540263113793,19.318106966133282,199.34481856447672,41.82824061199484,117.95627591124571,32.71328823671537,128.18533767608437,190.81222742835737,21.99489073327498,9.078428150540876,288.51577495419195,36.047177156604675,147.34772921873395,43.88917278088025,11.58605431084927,2.9432249156385133,57.60369409550475,99.7948245718563,66.03081246014129,66.87777600140669,11.587613126109643,221.20965112381722,43.518317856926096,297.04287380746825,39.86751244549656,12.573635537592054,12.97418112479387,45.69310587571793,79.75926230157391,2.319961949426235,14.85591664122593,32.16262094576308,22.24953975912214,23.883645390117753,20.583166741860587,58.71821273395278,119.40647911523584,6.513709630582696,8.28120811118458,21.399790180066404,8.767491894587067,7.7967032967032965,14.897287251147544,5.408064787111991,107.37350260838114,3.300016670421082,4.513864304786924,37.231236975886745,29.474848502341406,32.386704942238076,17.660971042048274,9.670070676788466,10.135714676381602,8.672022578232177,45.628515066135,69.90281996786457,9.004474868097159,6.2822557881574905,19.477479399597463,76.57079896456463,21.08764111406322,61.947108161804366,29.582590930736888,13.133366626864241,6.403042414671671,55.43541278857459,9.3508186216898,8.919361545600395,18.137356442964577,114.56942154593267,33.80527519119669,5.052544856326369,19.98786746586508,25.141407203907203,7.125447599632729,21.526313053626282,14.280101951485141,3.6575344257482474,2.88156512605042,19.84788790168855,1.3824968434343434,27.38140531376667,47.55170291698653,17.680174704928085,24.04057118896982,4.800814536340852,22.473260170847617,0.8435083435083435,70.11224204703214,25.65677521033344,9.382157896666826,6.912634014367208,84.32293376574188,16.939524491428283,18.75930817147024,9.562580377916513,9.752183387600054,174.08818536307433,10.033883817216937,26.74960777969042,6.451643176499665,4.104237429237429,11.613510704551725,27.47251235915545,5.1603671771738995,7.445689724962553,4.941648974890397,7.586785659776731,33.56008231411814,15.451004880825064,34.301266576668084,6.9383398006076025,0.5298786181139122,8.879442520986638,0.7525413574520717,5.035530472441202,2.1657767273576094,11.840412254814428,1.1985930735930737,3.1281220821661995,15.09150474486609,5.85371410996411,1.0472860472860472,123.5256791867336,2.666219678056839,21.28292867944627,0.6420818764568764,12.286206783553721,8.40721865030108,8.011565433485876,2.03692351143009,6.13391784299292,6.220385889319228,46.40612712849831,1.8527608673617078,4.303183721764676,3.8932250240299777,2.881063381063381,2.5076440444087504,1.9592316724669665,8.15821719226002,4.249305579477993,54.955648443417495,3.6256280269438164,7.2996353844568125,7.889635162943433,3.00555173992674,1.4298116457559182,3.421864013824153,21.700326096611846,7.16120071628005,4.5936333697771605,0.0,0.0,6.853441463188487,4.6787067099567095,6.866540825246182,16.38977740690946,5.593877195127564,4.646113905611454,0.7025693533046474,1.6393390450278993,0.8463573463573463,0.6382275132275133
2145.746808054365,871.0721162339031,1444.5863446086485,262.5554039715327,341.92816941558686,999.1115069745437,193.3538572361464,356.6064801167282,74.85959221171154,929.7288537407698,85.09343360513562,417.41209141387714,334.2807230805312,396.11345082863886,164.80604115012156,555.6938392529879,398.6963700381194,155.28312124424673,52.46155651610915,330.915902275185,382.67283413238505,327.011402721405,49.95116599493832,383.06031435461955,263.0055507489861,794.8741880417226,869.1307238276161,40.13060394191346,97.22325468536016,211.8444857300649,14.926830056398629,31.521363706947174,95.8613933860374,28.731380950291435,171.6908473760087,80.95338089951512,7.055290542790543,9.798340548340548,132.2754272145512,27.4622532913573,19.257071422845232,2.5986970545794077,133.94788055225692,160.8570301215027,7.358834608504096,15.117305710162853,17.13829824955715,11.423402015558878,38.05014678825769,11.192325764733813,4.615208986919513,1.080435767935768,35.93771284492357,32.738817935058535,4.200225398096915,6.42153263751008,2.8893661893661893,196.62487859428344,12.03543216043216,116.91155715568746,27.665737340416086,6.097657126823793,5.500015031265031,25.132475549142217,63.921966081641756,0.9609582216725073,1.3930060572502432,7.6108018965161826,1.1039784490871447,6.053980078645854,9.135116041366041,4.0835576460576455,87.74719637795349,1.3415704665704664,2.2192055860037585,15.87693713849176,9.250107357242564,4.065836940836941,0.0,1.1325040991922806,7.587574909790332,0.9096459096459095,1.7550569470212327,1.94423163337637,12.405273176419792,19.489239431203718,57.38402295803611,0.6319444444444444,2.7374317151102865,2.0226070226070227,1.6867535903250188,10.474178547016892,1.8386243386243386,0.5917445127971444,37.407766439909295,11.511442139731614,2.564969422112279,15.54352359528443,39.21048495155638,6.235874171934492,26.26431978515312,285.9575384932528,2.9627410163516052,9.615719902139075,14.647589649470078,7.259322096728112,4.585284233310549,0.0,9.034397100147874,0.0,0.610866316223459,12.864713506348844,1.7454906204906204,0.6802232854864434,0.0,0.0,1.6173392380288931,2.1674728490204678,3.92915071040071,3.524368948281992,1.413804397357029,3.571428571428571,4.0705368260578965,0.0,4.864417989417989,11.046423018961457,1.6782378776426394,9.028228715728716,53.97497025066931,15.84222199416165,6.5795153920153915,2.329743008314437,0.0,271.069471038221,1.7581898921184635,2.473292100666985,6.596636718660528,0.0,2.220328282828283,13.510261935576128,0.0,1.362799227043413,1.8953463203463203,0.0,5.174916683845255,0.0,11.68918282358132,0.0,3.5555555555555554,2.5362692862692864,0.0,16.290627339816446,0.0,0.0,0.0,0.0,5.2788033395176255,1.0900372775372775,0.0,53.022345908060196,0.9569346864428832,3.415531364060776,0.7708934583934584,5.529121002812864,0.5874433106575964,1.7014430014430015,0.0,10.513708649738062,1.4024674764806344,7.106334197687581,4.833146020646021,0.5216450216450216,2.9032287157287158,0.7063492063492063,0.0,0.0,1.4775432900432899,3.9087301587301586,15.704246698679471,0.0,0.0,0.6253306878306878,0.0,0.0,0.0,1.3237585305254478,9.870639350902508,0.0,0.0,7.12037037037037,4.188644688644688,5.74905303030303,0.0,0.6001984126984127,1.6888926024955437,0.8015873015873015,0.0,0.0,0.6084656084656084,0.0
3917.2284710053414,1100.5770042597226,812.0748851919545,253.1878352436519,644.1446211289638,167.24190917059505,102.41251368121802,372.00531751199594,690.4072456807315,1357.7723851134838,106.1113570568027,237.06490323496166,392.8870897161059,169.85425154287344,230.33428934685728,92.50268312243576,516.5888016691258,164.84670917215215,107.54163940681123,201.87211764121906,345.6030350570975,211.3931556187744,284.4034016033297,263.04557695931345,105.98107288658815,130.6628050516998,171.37886935525717,69.95819866803289,238.05850552458068,610.3862822774228,87.78056325209084,36.20397675590858,39.7220426248418,70.3469744469347,52.789709119789165,58.67476712463076,6.446352112737761,34.595573198210104,41.399984734985125,30.85667153886805,106.50463376277443,54.70218534291042,111.67131781192904,16.203936432770465,15.88945330014992,37.68979989978001,251.87851853841286,91.59246717806501,62.938258460243766,59.855856492004015,3.5003041760698195,11.318810393914886,45.97779438579124,12.773801447854215,5.6577425619233335,18.213238095956964,63.36820034591433,10.099517012873898,17.31288685322015,201.26206682585772,92.43845266951493,18.29155521055514,9.713837810208746,9.899500484463898,89.22082925062449,22.10001820525837,11.273286197771759,24.79456787771783,18.77660680622837,5.7232849309217775,16.601789721294033,8.202550346700454,47.43618351512155,8.652867863942424,5.1294504720224685,13.821963094197901,20.108610520076795,1.8653477277198505,9.59524880116861,5.47134213470791,21.258836819654938,1.0021568226782132,20.99427903777604,8.6317261230511,11.062083096795337,30.73961313848127,7.460848926057401,14.418800903158502,2.0929828566745403,2.8935423989107374,27.561677278976042,96.17691392384783,4.115531207626796,6.6448821854265425,2.7479062543350357,13.458143718235764,4.20998724859019,0.9247388798772647,2.1590405282912117,4.4146098955908855,6.694263102861774,2.108037512737736,4.982938167027924,3.8019179157353173,1.5152099560362866,2.423612666949064,18.277551876018677,17.673880876458266,6.385843186505599,2.303686976603643,8.327548648669337,5.228756134246565,5.419689664441186,18.516407720121453,7.07661226883916,9.236461855368596,3.7108975899843153,26.024824064425356,5.920068032529333,48.533410819838004,8.418289047870815,0.8040984750543575,1.2654350420238025,7.684057262182262,2.8098347929148524,5.631438442870799,51.88901223769311,9.696616823668807,1.0763712360279416,1.3912620613513471,5.642531710425692,8.417041041425277,3.889058875707483,7.6426486154101685,0.824117846439275,22.72480896536633,1.3306368268133477,1.336252314251658,3.100694444444444,1.3019464827000908,37.11143777634615,2.5316731503977956,7.03298066875653,25.105633190044184,3.4549397394145744,0.5882352941176471,5.049973068636267,3.192976345094274,0.0,7.704249372931791,34.983889944815694,0.0,11.841452542555484,16.192409874195526,1.9155122915642404,13.789641740534597,1.7393372910614289,1.4811231796525914,3.1542902468692473,0.0,1.3793938410448947,0.6884870265571391,2.1684923566439203,1.3311329873829874,0.6138196142307984,17.01981859804723,1.4045416146256482,1.0151638938403642,6.4462392457228495,0.0,1.2453696222078574,2.6605631955847473,2.5002917833800185,5.0,8.716894479273302,2.2498068054628932,2.225046915317851,3.2631599318389823,5.031361682604076,3.354278994590227,2.557136447443497,11.337076381752729,0.0,0.0,7.9812097851313535,6.150824694168347,0.0,6.45650825818346,11.398561878734293,2.1286687198665417,7.3780623806069325,43.649763022219425,0.0,4.916523334479991,0.5564058956916099,1.2079365079365079,2.5463851624565907,9.625457318038913,1.987600997734089,2.4617490853945965
2892.1958665090847,547.2685137813675,549.5638766914954,218.90957850003528,453.8166120189692,121.28254386775507,92.54307823733124,288.22512710574364,672.0060278998637,598.9907173483116,78.49053496434223,135.11012138815425,300.3982335944557,207.32863176128123,169.18808751519833,137.19492810782785,463.14038078273745,100.24715692450846,129.66627424754282,132.10274320226455,228.64526898956373,122.82914599810628,180.47915200908812,105.50566355908325,40.192253659996176,63.91771022684338,225.92515087802622,86.05959831425626,81.42269806620084,68.43867916923911,68.90888424749555,31.597794764037555,30.555175712939434,52.02104007249513,77.26979107400375,53.25420222787775,13.335896748255971,50.84411431192798,22.360496791979738,28.109928645729457,25.042624229345318,50.918267029060964,90.29437100721172,5.44557450463813,14.581776319192857,35.87512859983752,231.295392336333,51.31171219871814,27.930970701780176,66.51838275005046,5.8456061190707365,14.870191718276491,62.378688952729625,6.487875175243226,9.913752757427106,4.508775178736752,58.700366098110244,5.429863754190799,16.774651452085116,39.473570834349104,10.580144967607369,8.730586251824402,7.660789689468247,7.6960888394187945,16.36573823362388,20.83263752425069,7.189197093118419,48.952432000521526,10.103680099354456,5.097382333598801,10.562845411739596,21.249395955387385,23.32380458156089,9.872329613163947,5.036091986217507,17.051744846797522,8.70017796019932,9.28639802074676,0.6918738759871764,13.028255830958258,12.508593931021487,6.60373884996334,1.9775009146182616,3.082060085508361,4.706814334125259,8.153799474555363,2.1937740058086033,27.40751195407151,1.8930313873265192,14.837551177055829,30.205578721457478,8.745601986474197,7.203367646981092,23.233259942879766,7.2044256351018365,8.56806538289297,1.1853174603174603,0.9816988693923951,12.90848777795822,1.0656473628412404,0.6940030311465092,4.7709057650469555,2.005730585779847,0.0,1.9860065046396032,12.819964172738318,3.450799961664623,26.953530703469127,5.626165841229798,7.366350647117234,5.9397765466607835,2.909182326776864,2.3615972059321813,10.45380001022651,18.071798426441283,4.7260735704921135,2.778324192044335,0.8319806836675135,2.1968950206345164,124.19779997801706,0.0,0.7927912703542956,2.0570158521839192,11.923731030873888,2.09236562230526,2.2443948641727753,0.0,0.0,1.2665509024047668,2.4036418868718954,0.9691738457835241,6.849558702791461,19.32915707607903,9.951767040149393,1.8820534624106053,2.7811867693785977,0.0,3.101166203905058,2.925757575757576,0.0,88.15663719025194,4.72186376415368,6.4840897722725455,7.919612159907894,0.5651340996168583,8.703315549964278,7.873367810155283,11.383071690214548,0.50828331332533,5.425596898291795,40.32912245067857,2.0031219630709427,46.97902100983583,8.693044651806087,23.637859255981926,18.226863364559943,2.692960296408572,2.8688141923436037,1.996027721433401,5.027348651556956,1.2306998906798658,0.0,0.0,1.0150935374149659,3.5999999999999996,11.298499613520622,2.059118885649498,0.0,9.465797125777739,0.0,2.8209344343798124,2.1042549203589482,2.472566407515387,3.9410714285714286,11.21079637189771,1.3649774845002935,0.0,0.0,0.7033045977011494,2.395709410549312,4.876122842879211,15.693248407475442,0.0,5.58480166092411,6.572289954943016,5.530772137914995,1.213888888888889,5.006121519458685,10.115492052172414,9.390135934501235,7.992072409503951,41.07244503318103,0.0,5.200016491445063,0.0,2.5285714285714285,14.340729862001979,15.457097032175064,1.42005981703026,12.93268200948115
7053.980010557744,2557.517158512237,1870.0991009359936,1918.1587314601882,1828.4547940767798,297.42023084465063,578.5768699686375,1440.32403249156,244.533020491762,5047.712221879139,1032.4952864254449,856.4428210858399,1585.3960865598938,523.1618105983875,1033.0371462842406,308.22482207435365,2120.775300335805,1132.1308453824222,348.22763850194536,245.87299056302552,931.8225937262403,1745.9698683761487,974.6056172776296,1070.7057375401903,445.7698742205709,300.93758516057983,769.3649666618827,376.3395737010211,1056.093295206624,3948.9261761586386,73.48825072260459,338.95520609181904,434.9003836586982,830.7328374541504,244.64438321960682,423.34421154348365,66.41627823250248,119.07345384101849,212.9517216090969,92.40427787458849,182.43400170634249,35.950538095186985,506.7385655910716,356.253713543181,983.9535890576686,108.61069894397761,229.70845796664727,163.94826194488704,225.35273532744142,268.23632128244094,17.15596544035185,11.103999060439223,43.14363369158483,267.32167086646984,135.6501773263586,283.0748675944804,12.668506493506493,22.431543084930812,149.59408518423183,2294.977573525178,582.5780325701513,109.70121817377202,28.502783258236267,5.910674240109886,1211.3211142555883,238.7345737149431,52.56132381885762,188.13187049662454,239.09204708417943,65.57764296614786,341.9699313713107,126.38960779982934,596.6719847586012,8.165788133435193,45.563360120106594,138.0013816252402,40.328468928451535,0.9808300395256917,51.11950631697816,125.82123067055845,57.04725948839205,0.0,358.86502325225797,132.90649321949832,161.91439332694048,426.7787993635303,48.43871868791033,1.8796600771970229,90.89704264265835,22.109187741802682,22.637824675324673,787.7314854357543,20.787742245046164,21.299670505312903,47.8256379557177,203.9757192744987,69.31803456088785,8.082924140036209,25.58072271239899,35.43387309692008,75.48512139162705,30.028731479265033,213.0560607426575,22.558294365402208,29.85579728096885,31.64742072755028,291.2100876056846,33.56932543953957,74.23532089079279,5.691207240471946,16.379253101623792,32.97709154996435,29.13604478263454,148.08521782051466,3.6382425562817717,30.16445845289236,4.217195441394948,348.4684579314337,13.051421862451274,1.1065288479081583,130.01031785575773,0.5324074074074074,51.35513728995872,17.806025163108497,87.15569936016364,12.340047368450698,534.205057798555,37.40110973736442,13.871015100738497,1.0040816326530613,42.83170241072766,27.937954849839084,10.106349206349206,2.0221560846560847,8.108310858013239,168.95227069631107,24.045193853247074,16.563966639313158,13.277454616915401,35.73527505867443,6.4405446086480564,28.265730422665005,42.28338581527512,51.83081565311957,23.286933589223988,0.6989760348583878,16.347821228805,18.536936090225563,0.0,1.7445913613193025,0.0,7.21200078516255,3.0248669467787113,6.846957940264228,0.7738095238095238,4.285714285714286,33.915186577940126,128.23281094087466,28.03946981489324,6.884343848999021,2.647196322196322,1.3668300653594772,52.340975660377225,29.776071404838977,21.477335107022608,6.008993730832811,2.8268738977072307,11.75356425641352,41.88771819710247,3.838557993730407,12.45644339657645,26.297319043222945,6.436838624338624,8.099893162393162,55.40789650962064,1.3338744588744589,15.06716581415944,14.103571254000176,13.174683230337388,12.621903639145017,2.406683979600646,2.0150692219657738,1.7646585933223864,2.102926587301587,17.751550612151103,4.293160148674855,7.120445601025958,4.668536627614008,0.0,1.7346059113300492,19.415220792145597,2.369952939780526,30.78547671464338,6.785447191697192,27.603217023279957,24.274900988626477,0.8198051948051948,0.0,2.5784446846820073,0.0
14.464823989297212,7.494500239120038,1.0592985732304618,0.6045751633986928,17.64204014939309,3.495536425952495,3.333333333333333,3.7499999999999996,14.472964943553178,5.0,1.8918067226890756,0.8754320441626943,7.148385670057497,0.0,2.0983504512916276,0.0,0.0,0.0,0.0,0.0,0.0,0.0,0.0,0.0,0.0,1.6750700280112043,0.0,0.0,0.0,0.0,0.0,2.5,0.0,0.0,0.0,0.0,0.0,0.0,0.0,0.0,0.0,2.696078431372549,0.0,0.0,0.0,0.0,0.0,2.5,0.0,3.333333333333333,0.0,0.0,0.6502100840336135,0.0,1.6666666666666665,0.0,0.0,0.0,0.0,0.0,0.0,0.0,0.7043650793650793,0.0,0.0,0.0,0.0,0.0,0.0,0.0,0.0,0.0,0.0,0.0,0.0,0.0,0.0,0.0,0.0,0.0,0.0,0.0,0.0,0.0,0.0,0.0,0.0,0.0,0.0,0.0,0.0,0.0,0.0,0.0,0.0,0.0,0.0,0.0,0.0,0.0,0.0,0.0,0.0,0.0,0.0,0.0,0.0,0.0,0.0,0.0,0.0,0.0,0.0,0.0,1.3888888888888888,0.0,0.8333333333333333,0.0,0.0,10.930555555555555,0.0,0.0,0.0,0.0,0.0,0.0,0.0,0.0,0.0,0.0,0.0,0.0,0.0,0.0,0.0,0.0,0.0,0.0,0.0,0.0,0.0,0.0,0.0,0.0,0.0,0.0,0.0,0.0,0.0,0.0,0.0,0.0,0.0,0.0,1.6750700280112043,0.0,0.0,0.0,0.0,0.0,0.0,0.0,0.0,0.0,0.0,0.0,0.0,0.0,0.0,0.0,0.0,0.0,0.0,0.0,0.0,0.0,0.0,0.0,0.0,0.0,0.0,0.0,0.0,0.0,0.0,0.0,0.0,0.0,0.0,0.0,0.0,0.0,0.0,0.0,0.0,0.0,0.0,0.0,0.0,2.5
656.8505325493227,163.43317742608838,236.64583326853167,116.57788024661549,239.5417616750915,232.67482620805825,63.28915604951242,371.12271785750465,74.02058732850652,102.09904177367946,65.8375537553718,24.909482269472335,104.17322343575971,11.020845594758638,76.07750894871414,16.230735905735905,241.45472637343966,17.396067127407708,19.99077633852996,88.45740688823237,48.34219144296468,168.0228220756128,8.650579289043524,45.85636508825148,29.115089730422003,113.41503799348001,66.13253792412726,2.4459734772087316,30.20054120248651,15.5234340383344,18.699154471567983,5.331065405340768,9.66503050012108,11.686508684273411,5.956919799537553,2.949878173383608,33.43874922242676,19.138649776380642,1.9486256801474193,2.3763857772009946,10.522199722682814,27.031101455107184,5.320940425016512,3.0587005623237506,3.9572146027101267,3.665700483091787,16.384181544205795,6.5875758701845655,0.842933234237582,0.0,81.76589721385625,13.206173355629877,1.9652777777777777,19.780944196705065,0.5075818572195384,11.450998105012832,4.963861091940802,259.71407956451645,10.786107232411581,8.033805350192651,2.2421329655511344,1.7363889577053828,4.685981035450705,21.190930088393856,2.5797922085965563,0.9225240290457681,0.8441660556130666,0.8456752036915081,4.482607091982092,11.52199074074074,0.7860448629470369,7.399662697217045,41.2541255878899,2.2434894681271493,2.094562023004052,0.0,11.824004920472312,384.00052336668716,5.8939496691147575,0.0,1.551015061884627,103.04973920106575,2.241218976273324,4.549108572869061,1.2985937458310646,0.9111905941616086,23.75241056273665,0.9700854700854701,2.806964573268921,1.7260054089764234,0.6805555555555556,1.4434796119578728,0.0,10.013187167100211,0.6642512077294687,3.2974897217650843,0.8077290507846063,3.6750734655713613,1.6874576041242708,0.9748924748924748,0.0,1.3166475770642436,2.0814462560386473,29.82213191452322,0.5646632956415565,0.8393959435626103,0.7992788461538461,3.2097800925925926,0.0,1.8833320499987167,0.5240978157644824,1.9016205777415016,0.0,0.0,3.808414392653523,3.958333333333333,1.3547178130511464,0.0,1.9212962962962963,0.8571428571428572,1.2562792672500687,0.0,2.147769320323668,1.8410050698094176,0.0,0.0,0.7483597728162945,2.3999210330732073,0.0,0.0,0.0,0.0,0.0,1.4173985890652556,1.7846112556257483,0.6042217813051146,0.0,0.0,0.0,0.0,0.0,0.0,0.0,2.899084145460957,2.3664048664048662,1.1414901523597174,2.789855072463768,0.0,31.43933156004094,0.0,3.0709876543209873,0.0,0.0,3.426177536231884,0.0,3.4816425120772947,0.0,0.0,0.9574006852108654,0.0,0.0,0.0,2.3613627214170694,0.0,0.0,0.0,0.5555555555555556,0.0,0.0,3.892116754435595,0.0,0.0,0.0,0.0,0.0,0.0,0.0,0.0,0.0,0.0,0.0,0.0,0.0,0.0,2.5,0.0,0.0,2.9777777777777774,0.8974358974358974,0.0,0.0,0.0,0.5150437525437526,0.0,0.0,0.0,0.0,0.0,1.304054054054054,0.0
3622.5559879058874,1095.137820580356,1121.1184102150014,871.1128022068343,893.3337067764533,442.38142902825115,509.2195791197746,534.1167218118218,514.1251334884017,1676.960721822242,195.82031955562593,511.36100562017253,901.7318458119917,444.35424344678916,400.8028508668329,192.6248183293252,853.1607234741408,230.12468999406977,261.39139961880414,495.1150659456465,567.9752475950544,574.0230788416369,177.6289802273827,502.16294871645323,415.8813987021037,212.39395514675246,261.16492201759723,166.55660926002002,868.920109100725,670.6326353580885,98.25185490514052,100.06452802590452,401.8862834633489,238.16649135329502,80.01126405429976,96.73016257034902,94.27579528867787,137.77531391765461,90.90486718396016,64.17704388476447,745.3232095411418,47.30658579120589,128.3315453972786,80.95588006473655,48.60367581946147,42.95214765207458,450.49914367328864,99.24344189610508,86.12082202587717,99.49809637772388,31.094451265872834,13.798137973137973,46.73563672620045,66.79267803216332,28.21099183064078,74.84527717560287,34.836474328140994,219.96542494094925,121.85645825398277,444.444018638324,76.69018773839503,102.73231221446966,65.0479694316214,17.20450465999676,227.61401912345718,11.765273228949699,28.920935208582268,46.31357821916645,152.46241254388312,30.84329766818127,30.893455510992275,40.34783935913138,144.85392411966728,15.400849921683253,47.102462354176424,29.381585366808327,9.487565628815629,91.37502230332579,74.89728580696718,15.310907808393802,50.70808208680595,6.286606140772807,40.11178553539137,59.80309793709586,53.38585830142728,84.54318438303793,19.59014699897053,39.217755059483,11.158020980342409,12.28243276471029,26.158862920168065,205.68239947688477,39.070639703250166,73.24366143116143,6.7225370218017275,43.01266174910783,93.30137183413657,19.36016685683006,13.346546302237359,23.832615006483277,11.747435188462848,129.81184161457367,38.37623124560659,12.755204748954748,19.524144585897037,71.16211584688912,47.350044019161665,39.53159160556219,16.29703792952819,10.596162325328992,34.42947696877521,12.705383093793946,25.989977383727382,48.856205178264,10.136315628815629,6.0096523368941845,20.774310643060645,115.2653894052989,30.42167777756013,10.07946430151399,16.10770106346087,43.42716353635471,20.912920453729278,11.41222027972028,9.835575998075997,10.280382785565141,50.76583937259182,15.383475125092772,26.677564551461607,2.280126933251933,12.734727574013288,28.482314753148085,17.07305402930403,18.651029583901746,13.647252895572684,56.62834971416919,5.2227394519061185,3.636110733712878,13.371945107361773,22.61095776772247,39.94138535756183,1.979520697167756,34.41305759871936,56.70427946788774,4.525638731275986,2.259484126984127,14.485463147963147,16.729933383609854,3.0021606933371636,1.225967725967726,12.437875040439142,7.480278416977135,2.693403371320038,8.294372294372295,4.383899830328401,2.379565938229621,5.785862671279338,15.664978605272722,21.79244528975298,27.031192575126397,9.449182856903445,25.048641771455237,17.253904228439833,4.741820717408952,3.275852850852851,21.824965230404008,8.77524120759415,10.79254086011676,5.662273755656108,13.48668430335097,4.337591754650578,10.599326243277977,10.98859392241745,78.97954194084309,3.2023358585858586,0.0,21.396512664895017,6.202705308739791,50.825948444023076,35.30321509010234,4.2976190476190474,3.0816035816035816,14.156162510329176,1.5587301587301587,10.987592268842269,4.621756715506716,8.859656084656084,6.385073260073259,0.0,18.073000412286127,3.0648623136123136,3.0211589336589335,18.62876845376845,12.025750602673678,4.488931878306878,8.242465404965404,11.906832298136646,7.864589114589115,22.587576965518142,1.3888888888888888
2130.771310147354,1178.3321708086667,991.7261700564544,649.0880065274378,493.5285896285346,185.5997310581926,132.76087705468348,344.78550483947487,286.8562536036668,978.8448048386164,132.06656956330968,135.69210242690963,692.5758480614261,318.3402202402348,106.74964403034329,62.86441752437507,815.9020958467686,192.93559554529173,126.69550668666439,237.91020208581924,1052.3249563044126,231.22560420742374,133.18483979229882,409.38044993713174,111.5114256886704,407.1080139781157,174.52212225521154,101.67684013912137,174.31701874281015,137.3292398101149,57.994912227777945,77.35711816270427,236.4224021728037,37.50725790663107,72.70107551243501,146.1076509170135,27.168301308539675,1.0460387569847642,88.68889107882612,25.81116351049677,79.80566097225552,47.20529078362532,34.333416411627404,288.15427747339476,9.266702760317312,17.959816067741116,37.42810136859176,33.326953127523716,42.97959955390572,33.97739638151493,18.950322606943146,8.840189382802746,24.719074156237962,11.196623042096258,7.724162634099113,28.460414985389185,7.537326481967909,247.0126623645022,5.254980617957025,235.53810784726437,19.612468559201773,12.183435229487861,8.439515979240877,90.94985031486826,24.537343926004947,1.7676656920077973,1.4672780510165233,14.974933155549282,36.91232318694466,17.662010857706186,8.274059103338724,13.644309406200666,31.133840032584185,3.3451492989265224,3.9278141680349967,3.9065864106021317,11.462163381841574,1.5356637495646117,9.291136268450243,2.400649379747988,248.4047153131097,6.33627494692088,0.8567097204234227,10.415216702535215,5.446271629604962,17.93754356062065,25.47014325446397,10.534858683094328,1.2589617984354826,3.896034521034521,25.322770236770044,58.13514202432306,6.940655858302917,0.9243200084851627,17.129088716032907,8.782269385261271,7.821905298285168,39.80054069932893,3.167931263185213,2.6061185097515147,3.6093622308742543,104.22749957466476,6.5506877170397555,1.4825111593595302,15.259917929886793,25.85985485535991,5.273985378463119,1.6656341457453123,18.224127254597985,19.028557635175282,20.984402027657854,21.866061742732136,18.081076090856214,3.1851914704478808,2.1466249645103597,7.446584434084434,6.439215722861768,5.723443281150859,14.212141299151103,2.495911495911496,14.351719640512743,6.840611952013681,6.308018833368645,1.0021805679700417,15.503379256888918,6.522091765943452,5.41038715183452,17.26418058062795,66.66125329794333,16.919933313765583,7.5901710557960556,12.347539011013037,8.061188802120174,158.75797622827378,7.876385761736639,5.96226143873603,10.619903709095993,4.594373538339056,5.401244030307498,17.17272183867967,1.4248806748806748,0.6211728398080908,4.2488634129888,0.591986036838978,4.966905132600622,1.544877157299758,21.09785975984756,10.353607612431142,0.0,10.503908367786877,9.541269841269841,11.95473596034598,3.080988455988456,1.4364700114700113,1.488095238095238,2.337660256410256,4.188005179477426,2.171731721036016,3.814030222336143,95.99325635245891,3.2277017787853697,21.223015220019807,0.5827877884366087,13.91868130516158,3.5481274377378273,9.215842446502315,1.3228927934810288,3.7303118117262852,9.162809662032332,120.73322111955238,3.4510884781907167,0.6997457447775052,0.9272977811997776,1.930924882739765,0.9653793918499801,3.08648056923919,2.935104382954882,2.605749172434744,49.75173349559193,0.0,1.9032318988201342,0.0,2.5295603089720737,0.0,0.0,106.73854567541825,2.3608813015564354,2.0241823100010237,2.059590617856338,0.0,0.845236938986939,0.0,1.4767593517593518,9.578841066341067,0.5079191033138402,2.5574830011749516,0.0,0.0,1.4816017316017316,0.0
1300.2473122216456,926.6025975275932,679.4774117037024,277.14180065240447,361.2348251194609,103.65743788936759,131.04146312508237,108.93271745215743,97.05767378464195,517.4254710762272,205.18008448485617,117.16648309921416,472.54629045864675,256.57914385131846,72.09614685247503,49.90395450644196,523.2062302093593,78.58344674960301,85.28404746683964,154.5072491813136,540.5603568814504,138.63221346993134,64.39350422612274,261.88415527189574,96.21842848204642,135.54781275140002,96.09039003723461,46.60086418953175,255.30549463904637,166.89094562824508,57.38279327953151,39.60066296742267,205.34263988080292,44.95163034827793,32.64079132152713,34.19547582671353,15.51020957423799,7.538068229855006,42.93743622283219,15.35891743324826,84.7001474177268,15.442519401287143,21.396563580863862,126.57022429998213,4.520734929558459,9.473477277736912,31.419192626910146,20.49888651760055,43.93642778377088,38.996942159381064,11.37097368234919,2.472112218925447,22.2554737488174,13.093036310777507,12.466144587983372,27.26837573558097,3.2027002371829956,110.17474437062896,17.62551350044166,122.52981009713673,11.952379786350978,24.592330813740244,2.5957485606572828,14.709303077594242,33.1367472871025,1.5513768638768637,0.5213510890310649,9.517355854634777,22.435745961400073,5.336066654778622,7.068937318061153,4.6232557634687454,40.20362247398296,1.8725212945970213,1.0941798941798941,4.410631077451314,3.7308416833792775,1.0868226600985222,10.747948479287222,1.422521821795869,48.35061790201289,0.9084967320261438,1.2528514482537472,35.869002806734116,17.25589508530685,12.85736714730256,3.6089937539734698,4.780639730639731,7.375548065207262,1.8387976402682287,32.88983986286618,18.28844678357596,4.1825184619302265,10.529952594471206,4.5665199807115195,9.360930411961514,15.595032908268202,14.20139221344331,5.763862459516306,11.51341913418509,2.4694554955244077,34.228399336148335,1.910824583039946,2.857899725546784,6.939238031942139,86.85840908742618,4.461320166455215,6.0313990394450165,15.533470736497522,1.4220420580069704,8.167676756959288,10.741507791273147,5.164587194523406,0.6237202649804275,2.530553677409661,10.818732262641898,1.2725904363835399,5.127582607645552,6.89079903177709,0.0,8.15173163402319,4.278807935023906,5.223299900088925,0.9816919191919191,9.937049659709427,11.466224633699841,2.7896270396270397,7.856874117168235,14.449415995589492,9.269521545992134,5.394961445503241,2.5649626517273574,2.4026424963924966,53.30458014071288,4.805188723437387,4.2094127623579425,3.002556836068099,0.0,9.952872287766509,7.4314469402958245,0.0,3.421036933291835,3.1192612761240213,0.579776021080369,1.7501993477225675,1.047307104660046,1.6701880716163813,3.414312049606167,0.0,4.7948142684451005,0.0,2.380112654210551,0.845679012345679,0.0,0.0,0.0,4.262700262700263,2.849697785186291,1.049766206016206,36.49605159889002,1.802773297871337,8.191949859319937,0.5909505564677978,3.063432950317314,1.7999565210699664,2.383570487342131,0.0,2.0191919932524507,0.9557048251480834,14.912074549145167,0.9354411849763439,2.9783322482866095,2.5110755111333383,2.689585432151649,0.6542360477080706,1.1429784578748117,2.3246548352020575,0.5431034482758621,99.23255871046096,0.9968102073365233,0.0,0.0,1.1442168942168942,0.0,0.0,2.588421896834409,2.037628439099027,0.0,1.004105090311987,0.0,2.4572609489276154,0.0,4.3998032608915985,5.727522069433834,2.160979857155038,1.3962339312829508,0.0,0.0,0.5263157894736842,0.0
593.8946221563357,51.0293266821031,88.4667160236269,44.39430599304222,65.3884006542457,47.01112453849061,45.42284728524658,25.291975188174632,132.5226818485747,30.540947108763888,4.5729097103894185,19.0025288809515,101.81504367346915,51.94837641567379,27.922576058201056,17.67678349758707,112.48855318396218,25.18695788813817,6.528813838278124,46.97206067941656,31.465672320042426,39.32148949711531,21.359254068792758,77.42121656324852,9.315500440917107,1.3777386964886964,43.17855397688731,10.101678623404814,52.50329254850088,6.851223356224783,21.21101861101861,4.385171423367771,2.0233596977603825,18.468513090645125,10.231052543135876,29.865801582125986,1.9961805555555554,12.050681852869353,16.74739333087547,25.92933956750921,23.555783403104833,5.973818628778266,20.15609308956035,6.129270181978515,10.925449383256991,13.214549563641825,16.8602296253024,2.917013888888889,21.029711766068786,4.972550366300366,0.9591600529100529,5.951420547045547,31.0991523853131,4.407261904761905,6.822985002761788,0.85625,0.9840277777777777,2.3611111111111107,1.9476686507936507,0.0,0.9850777116402116,6.470543345543345,5.435505318094604,0.8881278538812785,0.0,4.5140489946361155,7.837371286121286,1.3747558922558922,0.9892857142857143,4.412604206739481,4.695200525523014,3.9566810752078605,0.0,1.377662037037037,1.8940641534391534,12.671733712715856,1.6281911375661375,0.0,0.5669261294261294,2.6494212315824353,0.0,1.6196443602693602,1.1373567019400352,0.0,0.7916666666666666,0.0,0.0,4.25786328420257,0.7351438492063492,2.3729675417175415,0.7807666870166869,0.0,0.6612929894179894,1.0102513227513228,2.3605171327790373,0.0,0.0,0.0,3.096962505087505,1.4473875661375661,0.0,0.0,0.8931933421516755,8.127058319766652,0.0,0.6024155242905243,8.088485650152316,0.525173611111111,0.0,0.0,1.8002638234781092,0.0,0.9787164224664224,0.7862813938706795,1.5259157509157508,0.6537698412698413,0.0,0.0,7.349116591080877,11.08458418895919,0.0,0.0,0.0,3.182638888888889,0.7248677248677249,0.0,0.0,0.0,0.0,0.8221500721500721,0.0,0.0,1.2756291305092675,0.0,0.0,0.0,0.0,0.0,3.458293178382464,0.5065972222222223,3.202680754050617,0.6534391534391535,0.0,0.0,0.0,0.549313883641183,0.0,1.2998015873015873,0.0,0.6247271825396825,0.0,0.0,0.0,2.799768518518518,6.136034798534799,0.650462962962963,0.0,0.0,0.0,0.0,0.0,0.0,0.0,0.0,0.9052166005291005,0.0,5.13531746031746,0.0,2.155191798941799,0.0,0.0,0.0,0.0,0.0,0.0,1.3719824735449735,0.0,0.0,0.0,1.6666666666666665,0.0,8.936323768823769,0.5536954365079365,0.0,0.9474206349206349,0.0,0.0,0.0,0.0,0.8640491452991453,0.0,0.0,0.0,0.0,0.0,0.0,2.1892230289551717,0.0,0.0,2.4542072510822512
7168.119494047877,397.1692896805158,1978.5674054197966,258.02980223541135,1158.3710023037631,306.58112897247577,396.21163296728366,219.45495293848646,3025.6621572192184,313.3355046620242,57.68828596476267,330.7026728121201,400.14410620075665,340.51547133388897,127.36670821781199,187.8823233514731,3040.286235779353,669.9145384357561,102.80293316810183,165.26522016218317,148.2985399274322,187.4825437269684,293.0922561027069,520.3249644938755,40.27744659659842,110.97457477594936,196.9977245515577,29.824098329491584,289.4633821807046,39.943739747635604,769.9530362167214,22.63990937600511,6.052270733931516,45.02074150464142,35.22057045983215,34.25280381293168,129.64034811520733,104.32538623989109,51.70339368267074,18.575807408386172,132.46436098931736,44.35708214653505,66.96257016708124,25.729168497790944,20.195754661112375,81.74056339652232,403.5718787299722,21.06799826015126,17.51021638299954,18.127592431426663,35.32102292720813,67.76993467723047,42.626732264592874,10.377783877651929,14.460533908374924,6.703596288999038,30.700519879514026,169.48996718024816,37.219679463289594,7.153149799773661,33.67124137120377,29.800936816292612,15.204458995308606,143.85116200699196,7.664566377662477,77.47360038764002,11.840486775658102,36.074304060582925,18.71990762183198,13.958948140477107,4.265054468115319,9.236117567108995,10.816589574345883,33.291701907536236,7.216647541773062,18.853215435032816,3.1229127492750517,7.4510805604293,4.561231514876065,21.823710376412805,25.25198017440773,76.65309012150131,1.0553778987452456,7.0441812976295735,10.827273123701694,2.627966919311043,11.474783505568102,309.0350554582135,2.275180080136977,19.698713163217814,184.98378431216307,9.251989389920425,27.08646487382832,7.771289043408868,10.900854206530408,4.181743371570958,15.108491873623452,1.9191988693923951,9.207495714466157,7.906827016520894,57.63142399797924,2.132016876158067,0.0,2.652323596105109,1.1824350760681746,14.982905398179545,2.166979615344277,8.38062437079717,3.7330173230812798,9.196476308492896,3.000828798502509,1.4930116918562297,0.0,5.230994221244252,23.538167705310563,15.472753973422517,2.0409939935072403,1.6920519849152855,14.086798962009045,111.46670770072913,38.10574029145457,15.814368651306676,0.0,5.673731030873888,1.9256989556385933,2.036061530839442,0.0,1.1960218816208652,0.9449154300340004,3.7647529979830066,0.5326659092755877,1.2677389022216607,9.429712384967672,0.0,0.0,1.4350329232247518,0.0,15.068953318750996,0.0,0.0,276.9971420800989,0.0,0.0,5.7919680410112395,3.6206896551724137,3.5791272382759662,35.522177333964805,3.258071690214547,1.9855560405980575,3.4851207078156046,5.841523244329366,0.0,0.6561945307593567,122.77266902049296,152.74666195998586,38.61579734724393,7.665182518630794,0.0,0.0,1.2773486515569556,7.341811001790976,0.0,4.18127283257596,0.9977324263038548,0.0,0.6635662598372682,7.473140049670661,0.0,2.391904605806787,1.0025864353802425,0.8706967635539065,1.0179453965494243,0.0,0.7535714285714286,0.0,12.208384077906887,11.919844397529126,0.0,0.0,77.72900236181101,23.393979985736355,52.1556624554158,21.250409255951126,8.34086851074096,3.3292343993874605,0.0,0.0,5.928740567077733,3.4250158616962234,7.509884162373033,3.2533689152857512,3.7109850384973537,1.3888888888888888,5.720795712224283,0.0,0.0,72.5613240825962,17.35471099228902,1.687916959887403,17.647959787258927
460.60302635212446,71.48217667748918,90.29509877001654,27.108393221057693,123.94441193327282,71.11356561120816,100.48014537545787,212.78589967131634,118.40032153168914,102.64982865187167,32.84845459200298,48.680825795073105,89.05898074322133,87.38332992239242,16.217311507936508,54.87196919592753,231.5179516620377,15.881633412883414,37.60141016391016,27.00619850736574,76.31108756212923,63.22498045935546,48.033708339151886,28.596698782350664,46.975475620870355,44.8996293058793,146.59962522045856,12.78163029100529,29.714278198653197,5.334160052910053,75.21429019942124,12.925873316498317,3.759999838124838,14.667647820369595,9.483055428367928,12.698622557997558,59.295556006493506,8.13699494949495,20.662004469296136,4.985863095238095,14.141521672771672,7.6925981040564375,22.81403093434343,11.960152116402117,4.735536165223666,11.303806725681724,9.680589705534882,2.1105324074074074,3.1160714285714284,1.6076388888888888,28.913850809684142,33.52945752164502,13.219733584316916,3.8275462962962963,2.637021254208754,5.509837074017181,2.4575617283950617,62.34388277617444,4.1438492063492065,2.5497685185185186,10.095436507936508,0.7638888888888888,4.917519165671047,39.504449254449256,2.5342261904761902,2.7077546296296293,2.083881578947368,10.963183517871018,8.004261363636363,0.617739898989899,4.675750561167227,1.6666666666666667,1.92645202020202,47.98609232202982,3.59375,0.5641233766233766,6.867758784425451,17.43935636123136,2.1170300353768097,2.001736111111111,2.954861111111111,24.595505627511677,0.625,0.6241883116883117,1.736111111111111,5.006944444444445,0.703125,2.892361111111111,3.4541771885521886,12.319579725829726,0.0,0.0,2.19629329004329,5.922453703703703,0.5032467532467533,2.876078493265993,4.870738636363637,0.642361111111111,3.333333333333333,0.0,0.7598824786324787,0.0,0.8333333333333333,1.7230902777777777,2.013888888888889,0.8072916666666666,0.7697172619047619,5.797743055555555,0.0,0.7758136924803591,0.0,0.7274645969498911,0.0,2.594809704184704,2.2155934343434343,2.8269660894660893,0.5266203703703703,0.0,1.8489583333333333,13.116281866281867,0.0,9.252314814814815,0.0,0.0,2.2026289682539684,0.625,0.8032407407407407,0.0,0.0,0.0,0.0,2.2916666666666665,1.6840277777777777,0.0,0.9016203703703703,0.0,1.5138888888888888,10.713668656612205,1.8333333333333333,0.0,5.962752525252525,1.0069444444444444,0.0,0.0,1.484375,3.3972800925925926,2.7447352994227994,0.0,5.1231060606060606,0.0,10.36875,1.0520833333333333,0.0,92.19536761463844,5.77252435064935,1.267361111111111,0.0,0.0,0.0,0.0,0.9821428571428571,0.7291666666666666,6.005050505050505,0.0,0.0,0.5637851731601732,0.0,2.4479166666666665,0.9114583333333333,2.625,0.8883101851851851,0.0,2.196759259259259,0.0,1.1197916666666665,0.0,0.0,0.9335430194805194,0.0,3.0416666666666665,0.5208333333333333,1.8854166666666667,3.125,0.0,0.0,0.0,0.0,0.0,3.5863095238095237,3.4499999999999997,0.5300925925925926,1.3556547619047619,0.0,0.0,0.0,0.625,2.912049062049062,0.0,0.0,0.0
509.3567045409114,81.50598979890076,153.68370974390814,135.77402900526425,201.6911223452855,120.31223972047175,101.22299050209688,394.1589987062855,76.4312202141394,60.80752773216541,38.13028879810685,43.110194520184585,144.52171059674686,107.98322349463653,59.880698814404,23.146105258605257,129.19514490552487,19.68498654132712,19.618091153344775,62.74293039250587,50.625524776298015,92.95800726079798,26.111227437191673,79.83049512488152,39.78396946180173,30.923415418524115,44.71132641958243,63.86843989967515,36.264999891945195,56.629169352403046,46.26307897299248,6.207133781409143,52.12840046349104,26.365563425828153,8.19418831805607,6.463767062272496,48.42712427330181,14.007595645326512,12.406959013480753,27.99955427536949,15.16266573814883,70.83345188245761,8.751495980572068,4.200031453654642,1.3824282779238022,4.6379227053140095,45.82068948071373,8.288430571039267,7.6050414963458435,1.3428341384863123,38.101909966535665,39.9976110845676,6.548611111111111,1.158259011519881,0.5930519426896239,5.4931226471373735,13.94753020060991,36.81285347579038,10.316021762326109,31.732523298910596,4.153457751875921,8.847500068816494,17.414613514083186,30.69039590035967,16.93164406044841,2.0891906957124347,1.5001489615959724,2.581786314802619,2.8784404253154254,1.1747685185185184,5.479331899984073,2.042519840074188,20.383348217112534,7.764322801460483,3.515502193944223,1.836111111111111,8.120301216768608,596.9533672820311,15.26841548108057,0.0,7.314903950773516,74.98459369842026,2.157885642939991,6.851815125575613,3.4745196717569904,7.882878628349642,1.5926883405144274,1.8215811965811965,1.9736312399355875,3.5101934431644572,4.291666666666667,3.9434796119578728,0.0,19.040964944877988,2.0531400966183577,4.130823055098418,6.839780332835888,4.786184576682473,2.9870607787274452,1.4294101794101794,5.854310812644146,0.0,0.8962610708534622,17.178969521360827,0.0,6.499118165784832,0.7992788461538461,7.441922949735449,1.7003179322019901,3.9481977398644066,7.607431149097815,6.652994204115128,2.90378817995097,0.9294871794871794,8.113969948209078,7.239583333333333,0.0,1.42485754985755,1.7129629629629628,5.857142857142858,2.438615449586251,7.020645645645645,1.3144359869903348,4.802116180920529,0.0,0.0,0.7483597728162945,1.9084680416202155,3.2007198670242145,0.0,2.083333333333333,0.0,0.0,6.972954144620811,4.27072236673686,0.0,0.0,1.3625785673471507,1.4608555994717753,1.1495726495726495,1.1111111111111112,5.0,0.0,7.190750812127623,0.0,3.728028613898179,1.539855072463768,0.0,56.786859032568415,0.0,0.0,0.9929962013295347,1.5128205128205128,2.176177536231884,0.0,0.7733091787439613,0.5864197530864198,0.6235020409691795,10.7907340185442,0.0,3.6805555555555554,0.0,1.0419182769726247,7.357777777777778,0.0,0.9871794871794872,1.6666666666666665,0.9911786786786786,2.4395703933747415,4.836561198880039,1.7307692307692306,0.0,7.485042735042734,6.189814814814815,0.0,11.409069325735992,0.0,0.5131257631257631,0.8333333333333333,0.0,0.5555555555555556,0.0,1.3533279656468062,4.94047619047619,2.875,0.0,0.0,7.3875,0.6891025641025641,0.0,1.6898148148148147,0.0,0.7150437525437525,0.0,0.0,0.0,0.0,0.0,1.7207207207207205,0.0
9500.640376572617,1923.920780298022,2249.939476205107,880.2254983282528,4524.97080794754,1715.6188556830477,2024.3426495067422,1849.880813301712,2004.8633060338875,1650.3179286634377,433.3541993876355,774.9114922818462,1850.327250244396,1258.3699564111903,943.9188150215618,491.671328820126,2006.5641270026194,2342.041305760397,649.4255498102995,771.524232346986,660.0068596082646,924.9756558721581,540.6280843396459,849.373599194436,549.3006615320049,124.1788815854412,503.84917007128945,185.6786078952568,512.4070548337855,566.3221859388474,269.1535259305988,200.98688983603466,185.36035941585598,381.5038143405068,636.4888464216369,251.11884427772955,277.08156759715826,197.8947430350567,176.11622740691752,218.2013660666574,441.76357094499,316.6113195201333,433.61965280027437,67.85736530008089,202.7773178961625,287.15391885279445,7728.481701695198,78.75326789247971,90.10843840285276,184.8404456661549,55.24673644979666,218.89764349221377,232.53653515460408,198.3914798575979,133.1465908449653,103.02908250173854,79.17412590312004,156.24085447587908,101.50291359027372,155.32137910430103,60.63213275378633,78.31047832666133,58.15508260009887,45.014159657489614,77.05086442705576,203.47999410969655,98.19272450660907,140.76570086401097,60.577483586315836,315.69973316424654,81.7974210213152,54.991657275938174,80.20007679938522,90.60342760014429,44.17101203692703,149.7119331629441,17.000024642011944,403.5368230484017,37.034110343223645,94.26022810364744,49.44141987700532,71.48479552477,73.35316563732246,29.666877407683096,26.29282322905443,25.81779329663742,63.26509128806338,150.2343894847534,32.11715315336005,25.51182174267255,82.76522769516895,22.46752088223763,64.87989528600873,84.5060907913685,29.843629116805317,32.27108204215963,55.1701821166725,14.01321596340949,43.38491374578125,21.664066536260414,10.217286143874281,33.21972546386665,27.607054739427717,37.065701421982936,22.21342597670193,70.2456470274653,62.398211381872095,103.93297903291746,5.777625955189912,25.436130866897454,39.76371002059425,14.332622081466619,19.565181122016096,41.46126963579386,65.37886435434054,13.20749724947014,45.96658700947382,37.09282927030795,30.09696888467897,307.388180119666,21.987924311138595,27.484044461607485,16.772720517888583,30.710009335902193,36.487537579977214,42.04947635675427,15.042636131429235,7.449349109948093,10.641885127003697,14.995092103322111,29.310016872152865,67.80653112851388,66.19292282648694,17.60968319806555,19.716709520815375,43.38652845927911,3.685327635327635,11.600148430828462,14.814448051948052,24.681875057376818,221.60070496410557,1.3932148803577373,17.448856487039258,36.59694161150205,21.435344618264875,14.791926661075388,76.91379127557875,18.47611198325484,27.531024461066476,45.50174052590601,35.39174740288686,2.2089589039078836,11.251432625997452,57.42879501255645,203.58213245477194,11.623383715124412,4.079712433160709,9.54046509046509,9.372253211629479,7.105691604899909,14.66430367538272,6.908488694740037,22.965084391387517,6.149432305944911,5.980494505494505,11.254736782533525,14.39182321835383,9.640059800190848,25.863526502428684,5.665356998150805,18.617064937863258,15.439086367401933,1.5420108519598317,7.286492673992674,11.198049859151196,7.495287942016633,3.3820238847086137,5.833186522472237,13.782776052172602,17.227264429604332,23.860108103650187,92.74171458051057,5.118432436474308,38.4591733540458,21.619120439273498,4.146156753299611,3.2695767195767194,11.037867551204716,1.4041825283628901,101.16008601366184,9.16900605592289,10.58368718203283,2.4006410256410255,17.604575415427064,5.086574074074074,2.187691475191475,55.60476619716722,26.167083804661836,7.915557375027818,58.58841276451366
3025.87981974085,317.0891655056359,848.653694592749,217.53230116431806,356.21275414420086,176.4566698832334,314.646651496574,77.96312032500207,1090.7368734294091,323.46106615785783,35.949584901333345,79.94230772034058,226.02090940932175,125.30559385792212,94.61525601663153,132.5460415776913,496.4182102436464,141.75478308103166,31.442726295666702,73.99098476054286,199.77522227286454,181.11619348794017,335.02360335023064,137.10299024228178,23.599430251171366,10.66240861124765,25.179313886929933,146.43753628042953,36.106268716683246,10.518012696908556,333.613988749475,12.282936215723126,3.691159622820404,54.838480189567605,26.137523604726475,9.259515668327744,9.028808003667226,35.72126031407398,14.666109207886274,12.841803087425328,33.7781725862172,47.67526958079391,19.02685079386186,8.24074257186502,6.756846347204062,57.51401055479919,276.1513316917402,32.42858470529653,7.536589863320391,15.678368044702275,8.533655202340407,18.336461559546333,17.016377919863533,4.8022691146371645,14.600260693935043,6.180744141146891,113.09405342929757,16.660881919032494,2.187933431543565,4.5737847204085815,1.926735876698279,4.407110707760623,5.650953704303315,2.854628216708172,9.945530783626882,2.4724733828365495,2.4456455058168314,10.297407490717609,3.7033859490603054,21.74426785548432,10.94929923569342,3.3743959553873837,1.365200685456995,6.943758184592518,0.8833142084397294,8.829819713107684,1.5216396011269038,2.7030646874134265,0.9200484791617796,3.6292659319683604,25.692992865420422,2.870273241497731,0.5791874225547695,1.7941812976295735,1.9026699490985206,1.9309972223413463,0.9900703021048993,23.980689380509805,6.210024851378806,7.911625251129903,14.809551137929894,1.2292621171931517,2.4087502273636727,27.629319629380632,2.7584029078291095,1.8635199283475146,25.610912698412697,0.669198869392395,0.0,0.0,0.6351795017347446,1.2986835428247336,0.0,0.0,0.5574350760681744,4.548781551012219,2.166979615344277,1.8986365235749472,0.6486017386656953,4.3112911233077105,1.1232181051023415,0.8364460352905732,1.1949305392655147,7.0756218158718465,7.230958710601567,3.0529608036293467,2.6204959092160522,0.7829610758243764,1.0397210399311239,377.60204770390266,0.0,1.7094579370209622,0.0,11.899921507064363,8.759032288971927,1.1299768747547858,0.0,10.223799659398644,0.0,1.1536418868718952,0.9493325759422543,3.244234628717387,5.214027606782894,0.0,0.0,0.0,0.0,2.251493001290679,5.009090909090909,0.0,99.1079012177123,0.0,0.0,0.9355974001578397,0.0,2.0812917404404683,18.498367810155283,0.7580716902145473,0.50828331332533,7.35554195323685,2.6644399109960335,0.0,6.396935271500097,10.387722522954546,58.60512116074383,4.865797347243926,0.0,0.8492063492063491,0.0,0.0,2.525571685551661,1.2496891609405036,0.0,0.0,1.0285714285714285,8.40977838104939,1.0591188856494977,0.0,0.0,0.0,0.0,2.7292549203589482,0.0,0.0,8.172376458477796,1.8163663733891824,0.0,0.0,0.0,3.880978770818672,4.069762536518906,28.776581740808773,0.8661499966918687,3.4394192655417144,2.1903455104985716,26.806057038199896,0.7138888888888889,0.8930262813634472,1.1974517591321208,11.600814145179445,0.0,2.8340009115132268,0.0,4.723826015254587,0.0,0.0,23.804111387883506,2.6538562914343227,0.0,78.94435783365697
2028.8575992751817,489.99249296267294,990.3800754803956,159.91758460136043,482.90338200062087,314.3822422686128,143.1577132557079,165.19435344839025,194.68202488166745,416.3182563250301,241.2245111876838,82.28762051440623,150.13435796882993,155.28548508847075,107.74135597074984,109.98397637629189,291.3980381431736,40.90516873654918,317.5899208921626,169.7827781073146,193.2394584367913,265.90798001393813,113.93098875154679,101.29873958582316,55.5428509805265,213.05781667432498,147.32318414507645,23.11334203715156,57.483806633412115,79.58640749877237,27.843496723065297,29.996772809982325,244.56833392530876,22.225094403412687,30.09986613502744,33.58473010586434,7.766402662993572,1.0810786435786435,40.87511799318465,9.489535037389047,26.95265223092604,2.6379127408539174,43.62297975860612,46.55919848884965,7.468403056782221,10.204066171923314,23.47876542127432,10.626490593647457,14.29895470548666,7.904807727215776,8.948542320252846,0.0,18.087683488315268,7.555075751316353,5.511071958943476,4.473615970843414,22.86920301920302,92.72183982694239,8.22590835090835,50.115664556223436,20.656267643446387,2.972657126823793,2.7672107984607983,50.30010421677088,30.23915990361499,1.9609582216725072,1.2501489143931004,13.364770150484436,2.3539784490871445,3.163579221333232,4.893713924963925,2.3633195508195506,25.483209343745866,1.3415704665704664,11.996983363781537,6.22567663429008,0.9167740239092311,3.621392496392496,2.5,3.1463929880811694,7.8058288780443,7.645757020757021,0.9772791692434549,1.94423163337637,12.473741910067098,11.420357585536157,14.017951529464687,5.006944444444444,1.5811817151102865,2.0226070226070227,1.8867535903250188,15.536588359426705,1.8386243386243386,0.0,4.3680839002267575,7.332275473064946,2.564969422112279,16.99994242012431,5.460673916031059,6.973402516605695,7.7458012666346,29.634766126730412,2.887485914310789,1.8934976799168528,7.356876394471108,9.333997421403435,3.54014534442166,0.0,6.521231834041432,0.0,0.610866316223459,39.008111774747114,42.99549062049062,4.742723285486443,0.0,1.988888888888889,0.9506725713622265,2.267472849020468,4.762484043734044,38.69103561494866,1.413804397357029,0.0,26.53720349272456,0.0,7.275132275132275,28.289249636788075,0.5324045443093062,2.9671416546416545,43.23627977447883,13.294602946542602,3.335467772967773,2.329743008314437,0.0,89.68890947015947,1.7806079502508074,5.662325289700173,2.7247546324927274,0.0,19.772456709956707,7.186502014941209,0.8773148148148148,2.4342277984719844,1.23502886002886,0.0,15.770154779083349,0.0,6.689182823581319,1.875,1.5555555555555556,7.212856587856588,0.0,3.533412332601439,0.0,0.0,0.0,8.384615384615383,5.962136672850958,1.0900372775372775,0.0,32.75467558235415,0.9569346864428832,2.6218805704099823,0.9375601250601251,5.5148352885271485,0.7303004535147392,7.080060217560217,0.0,30.848364734394146,1.5969119209250788,3.8823923987457825,0.666479353979354,0.0,2.001984126984127,3.935515873015873,0.0,0.0,1.439664502164502,1.4087301587301586,20.57292681535424,0.0,2.5248015873015874,0.7253306878306879,0.0,0.0,0.0,4.79598075274767,2.017103997367155,1.2237762237762237,2.204365079365079,2.1203703703703702,2.412087912087912,3.5268308080808084,0.0,86.45220057720057,1.5712455436720143,0.0,0.0,0.693939393939394,0.6084656084656084,0.0
605.8071927082058,122.8835502323367,103.19771088259866,8.679971988795518,46.2884246291109,44.645778930361665,58.2009065009065,31.863425925925924,121.07027232618664,82.92515687420313,39.23289618877854,3.7669664356970856,18.18277720444903,11.369845160286337,28.076624968169085,7.797017026183693,35.613256063661005,12.791666666666668,16.07473544973545,6.197971781305115,30.228634339914827,49.418293207766894,18.079392013215543,14.995948203842941,2.2820767195767195,28.617724052730445,6.623969032057268,0.0,22.399373638344226,9.650689223057643,5.37037037037037,2.6934523809523805,24.89484126984127,5.556460084033613,10.057960557960557,3.619023569023569,2.6666666666666665,2.1927326486150016,1.3125,4.888392857142857,9.965410685805423,2.6127450980392153,3.125,0.0,0.5833333333333333,0.9074074074074073,8.472222222222221,1.0795454545454546,2.7499999999999996,0.0,2.570546737213404,2.2055555555555557,4.562603246426776,2.0277777777777777,2.4616402116402116,1.8020833333333335,18.291958041958043,14.755050505050505,0.0,4.017857142857142,27.8734756097561,0.6666666666666666,0.9126984126984126,0.0,0.0,0.0,0.0,0.0,1.5064102564102564,0.8333333333333333,0.0,0.625,0.0,0.0,0.8333333333333333,0.0,0.0,0.0,2.5,2.013888888888889,0.0,1.0184018051665111,0.0,0.0,10.364583333333334,0.0,0.0,4.374999999999999,0.0,0.0,2.7777777777777777,0.0,0.558641975308642,0.0,0.0,0.5208333333333333,1.4102564102564101,0.0,0.0,1.0547619047619048,0.0,0.0,0.0,0.0,4.155555555555556,3.75,1.09375,0.0,4.0,1.1111111111111112,0.0,0.6666666666666666,6.166666666666667,1.5625,0.0,1.9789161455828124,1.0416666666666665,0.0,2.1666666666666665,33.019444444444446,0.0,0.0,0.0,0.0,3.125,0.0,0.0,0.0,0.0,4.666666666666666,0.0,0.0,0.0,3.1,5.833333333333333,0.0,0.0,0.7272727272727273,0.0,0.0,2.794956140350877,1.25,0.8055555555555556,0.0,0.0,0.0,0.0,1.875,0.0,6.792989417989418,0.0,0.0,0.0,0.0,4.175070028011204,6.1028693528693525,0.0,0.0,0.0,4.090909090909091,0.0,0.0,0.0,0.0,0.0,5.278617216117216,1.125,2.3624338624338623,0.0,2.5,0.0,0.0,0.0,3.2291666666666665,0.0,0.0,0.0,0.0,0.0,0.0,0.0,0.0,0.0,2.5925925925925926,0.0,4.051587301587301,0.0,1.2237762237762237,2.560846560846561,0.0,0.0,0.0,0.0,0.8734567901234567,0.0,0.0,3.5259259259259257,0.6502100840336135,0.0,0.0
4463.658604235539,869.5868072327602,695.9142457965114,130.48400040166308,400.8414021722473,171.36220683203956,131.76365616946103,125.26273352044859,1072.2401849932223,292.2327049826849,74.80918479218323,71.51851623404909,93.56421448387682,110.51756833126024,82.5435446397731,58.24194289859265,313.19670714148856,50.86743558004781,60.1981838011242,245.31893501601414,60.39615920630148,176.82267289604493,32.33500518369131,69.2284062614478,32.30004592337795,53.28728147185114,52.668480300438446,9.747330652723905,113.66134857691017,23.632619650801225,249.9892932176104,26.618579534822327,41.427270733931515,87.53283791517534,29.446580560842254,26.21337569718777,7.160842635701858,26.840358808172475,9.484922339199406,15.57459228896453,14.872578180622801,29.04765645318078,11.048218315229384,6.50079347774926,12.548902942569482,28.090398283857205,103.0428275582748,3.7100601742719967,13.405457107187635,6.845034711368942,10.798115279300484,11.236541726293165,47.08816438503235,18.144160248194964,4.448805667480016,6.190203431856181,69.73951791851206,47.49416750599455,2.187933431543565,9.19878472040858,43.923149185611585,9.7338117844617,3.2069301352797455,8.143904912234868,12.047382635478735,6.77280625703306,5.409931220102546,15.714074157384273,15.53351415418851,6.767957129173595,0.8170241034182879,4.66606262205405,1.483543880723267,19.62431374014807,2.669028494154015,3.0675011493185314,0.6883062677935705,3.9530646874134265,6.5549691140824144,25.900730578433006,14.368382290809848,20.65812427934877,0.6982350416023885,0.9608479642962401,11.358162373340944,2.2976097764539003,1.2400703021048993,13.635321885685787,1.1119856356925322,1.9567641400187923,2.161402989781746,0.7292621171931517,3.4332211268345723,1.937955710075535,3.931277486953688,3.0093532616808476,0.6228174603174602,1.0025322027257284,0.0,1.4326440099849465,0.6351795017347446,3.6776517967929876,1.2854924905417515,0.0,5.96299063162373,8.533771199045345,2.654669009283671,1.767323392261816,5.898601738665695,11.898953460970048,0.6470276289118654,1.2866624855070232,7.194930539265514,3.8589704117204424,7.3365360036788605,12.400002650671194,8.999464163184307,2.449627742491043,2.492101992312076,788.4386023518026,0.0,5.079828307391333,0.0,7.3403976975405545,7.122127527067165,5.180358138371344,0.0,0.6867626223616061,0.0,8.373970169700177,0.6841810607907391,0.8831235176062762,7.614159881915168,5.86922735760971,5.87510901796616,0.0,0.0,4.039371789169467,1.5269480519480518,0.0,48.63897940943627,1.3837451833880405,2.0434332066159797,2.995121209681649,0.0,1.8825737917225196,3.8555106672981405,4.195571690214547,0.50828331332533,28.12683547453037,4.3404548682609905,0.0,1.1006389752038013,2.026377985139421,57.93466793671918,27.751224420170995,0.0,0.0,0.0,4.82196144616975,0.8140332240131992,0.0,0.7665902928934204,1.0374149659863945,0.0,13.445129603900613,16.79189305592367,3.46003996003996,0.7252379391401207,5.057420490214297,0.0,0.0,0.0,3.670238095238095,5.709107404299651,0.5663663733891825,0.0,0.0,2.387828407224959,1.8720501993901009,4.7021509814073505,16.22234893657597,0.0,18.21169945448857,0.8014566216096828,4.204866562009419,0.0,2.3125095758467418,4.67212985881022,9.692299170874998,1.021531308448144,11.47307017558249,0.0,3.1337586751872464,0.0,0.0,58.005917452189564,4.621487145428813,0.0,96.70748359678274
1729.6542355823067,345.1317036626172,232.09824316355076,143.7504765952226,958.659619192003,87.49089458710095,167.539845142525,296.01773469211645,552.9959405552435,489.02043185195816,95.01968677658228,98.96983475679619,231.55131759046523,318.7444899155682,110.04532249738078,112.64287728166988,249.68632393142923,93.15161289881738,83.10505702049743,42.55884119604636,517.4352009515932,243.6132782844707,148.97086294916215,100.99919588848742,39.473453218944336,38.90390322774227,62.79506469487998,262.108282779301,66.84779108320562,33.932695236591094,52.53598658415672,21.566801597540188,23.988041708988202,69.03297782156524,36.58444622831318,32.494660153472225,3.9891254639846863,36.77789749886243,15.467129616049538,9.399729288208672,18.55629030183492,41.324544881110874,18.763901937163006,1.5324092385316874,6.018284255700794,60.52208187415424,75.02314700734425,31.34442580863763,54.62614614037667,100.40951338745475,16.14476631345152,12.821340106924879,115.76875081929525,5.9230174139568925,35.691680847855196,6.341493114395864,277.17159143912727,4.7368623111893555,2.426028669638803,7.328249006122867,2.283878733841136,1.8094306100805253,12.476515873615483,10.109733528063483,18.76383053942664,13.50898082641636,9.252736397729151,21.89852281058293,15.091053836728193,5.5034669896834565,1.5974473838415681,8.661117335858764,4.717241501783525,16.539161623745958,0.8833142084397294,12.872446204263586,6.50488717366019,2.28639802074676,3.3550301641434648,4.2542659319683604,14.915339962767519,23.96765108152263,2.9778552230082838,1.722348718444053,2.1890155479441193,3.5770409933851175,0.9900703021048993,19.9032179329936,1.6119856356925322,1.7310696955743479,5.131488459867216,0.7292621171931517,5.56152800514145,5.084450419070244,7.579966760642962,12.787131039458625,2.554563492063492,5.15927823447176,2.984342478812922,1.5377793974732747,1.9453646869199297,5.173683542824734,0.5612861413354024,0.0,1.3709271395602378,7.337764163752595,2.7513951997598616,10.109142948367086,0.8866969767609334,9.937306529470176,0.7431814750657115,3.0723767712213093,0.0,12.965451893201923,9.04556473949331,3.98646248713103,5.739984445371255,1.0537944091577096,9.630990881200965,109.81929807868183,0.0,0.7927912703542956,1.986398969067036,3.296746903889761,10.522921177860816,24.62423493151284,0.0,0.0,0.9092011443197145,5.141737124967133,1.1576659092755877,12.165441893674652,12.337374167629454,0.9835130718954248,0.0,0.9061867693785978,1.0213064713064712,7.99235399215167,0.0,0.0,74.52044285339971,0.8480308976737547,3.00375066693344,3.8522640668245067,0.0,1.9910139626626906,8.896515958303432,2.9664050235478805,0.50828331332533,6.167660390355287,21.367182990227207,1.0914156138645934,40.398836726526554,2.7763779851394204,35.68729708666976,2.8006264070729854,0.0,1.5337301587301586,4.286877394636015,1.4995708737791777,4.606471495618138,0.0,1.6713521976553252,0.0,0.0,4.9477542940253025,3.830282906813519,0.0,0.665714129616311,3.2613276941215013,0.0,0.0,0.0,0.9966269841269841,4.624757410858748,0.7515515585743676,0.0,1.0909297052154194,0.5783045977011494,2.257331584671486,11.466400620656989,21.646952111179147,3.4851976157394873,10.181362507484955,9.759789954943017,0.7088348159776732,0.0,3.281915170252336,2.968975869941946,216.1335546746305,1.021531308448144,32.273209465305115,0.0,2.68746237889095,0.0,0.0,69.78931137308349,4.683268056140205,0.0,19.002898058863863
173.76087855965324,31.58112111626543,44.62261594970323,19.876779156066082,74.8934956465019,53.00378989012054,28.994565994565995,40.37032538348328,7.442135373482123,10.539420757162693,4.890845338425984,10.203479560387455,20.772820047250786,5.759330759330759,4.171795479690217,71.23820770078835,39.850331593812776,0.576140656785818,0.9999999999999999,44.81736514740547,13.58033033033033,14.757592460881934,3.342235092235092,3.999301899301899,3.5441441441441444,0.9252585919252585,20.86167000333667,11.751152073732719,15.763756613756613,2.2276443109776443,28.307465530046176,1.8503584229390682,2.018761503438923,1.7358108108108108,11.614247311827956,4.577597597597598,24.012678000581225,22.03348034941963,0.0,7.683933933933934,0.0,232.13462033462034,0.0,17.890148212728857,2.5675675675675675,0.0,0.0,0.8518518518518517,4.123809523809523,0.0,49.391474808141474,1.0143939393939394,0.6714285714285715,0.6644880174291938,0.8333333333333333,0.0,1.6666666666666665,82.02920085984603,5.8043758043758045,0.0,0.0,0.0,3.1666666666666665,4.346846846846846,0.0,0.0,0.0,0.5900900900900901,0.0,0.0,0.0,0.0,26.936936936936938,19.791666666666664,1.165165165165165,0.0,5.86667312473764,5.209486797722092,0.0,0.6666666666666666,0.0,144.4006006006006,0.0,5.226851851851852,0.0,0.0,10.09009009009009,0.0,0.0,28.85,1.3888888888888888,14.733483483483482,0.0,0.0,0.0,5.0,0.0,0.0,0.0,0.0,0.0,1.7567567567567566,2.833333333333333,3.324324324324324,0.0,0.0,0.0,0.0,2.5,0.0,0.0,0.8333333333333333,0.0,0.0,0.0,0.0,0.0,0.0,0.0,1.1133333333333333,0.0,0.0,0.0,1.25,0.0,0.0,0.0,0.0,0.0,0.0,0.0,2.953149001536098,0.0,0.0,0.0,0.0,0.0,0.0,0.0,5.4,0.0,0.0,0.0,1.4234234234234235,0.670045045045045,0.0,0.0,0.8333333333333333,0.8388157894736842,0.0,0.0,0.0,0.0,0.0,0.0,0.0,0.0,0.0,0.0,0.0,3.333333333333333,0.0,0.0,0.0,0.0,0.0,0.0,0.7675675675675676,0.0,0.0,0.0,0.0,0.0,0.0,0.0,0.0,0.0,0.0,0.0,0.0,0.0,0.0,0.0,0.0,0.0,0.0,0.0,3.333333333333333,0.0,0.0,0.0,0.0,0.0,0.0,0.0,0.0,0.6,0.0,0.0,0.0
2128.414939944882,1172.22077025223,1136.6837890978745,392.94371516978936,455.0285743305296,78.69268359570428,193.76314092855932,245.778022527915,83.25503560228849,819.1381640937003,209.08416914063844,184.3554634363458,617.0939177815717,256.09940748176274,119.71578135494393,92.49096796838393,558.9956085522923,136.35063645707672,50.75131767885251,211.7799889783394,416.486538388203,278.71814342383664,88.16735453318753,291.8609473959706,180.46585899167783,204.42252902600876,208.73571595822995,65.7486333338049,323.85451401591797,243.91074667404772,37.04287594078035,39.55411735431756,340.6342499952076,80.95480284224557,64.33137724786884,70.70181474430377,87.33505206176038,9.09501871569061,45.844766689343736,24.171082321817615,167.33900763588264,57.552386649104086,47.764270259061924,65.73244694265323,13.468224789915967,37.3489906781426,12.75996158697397,8.970734126984127,26.77044415846499,36.31025604297663,53.739246809835045,10.751488095238095,27.236461701019234,16.85410224695939,7.0805224867724865,39.96728622779964,41.24641933359038,224.9838178969532,35.09454626148705,122.85232570899173,44.70281531840931,33.691417412924764,82.00542166167166,20.940037747555163,58.483611486167355,8.424253034547151,3.3506263616557734,5.597363945578231,63.82802287581699,12.917318415680588,8.416304962513776,6.257660934744268,35.96846315495582,16.978670634920636,3.3663385225885225,5.582570207570208,6.5380291005291005,64.41324404761905,10.128005368814192,3.5656596976139854,85.67939113015514,3.599206349206349,6.817956349206349,15.137707166199814,2.5417347494553377,19.936472221464342,34.71294361761799,42.37290660728161,13.272292250233425,16.887108757644473,11.294415726817043,33.28784430438842,0.8573985415537826,31.61849323062558,6.88579822954823,5.473749221910986,12.495039682539682,42.59413320883909,4.796568627450981,9.75914460902206,1.9184027777777777,459.404225873962,7.9291744475568,9.749669312169312,11.02624591503268,45.82217324997414,0.0,1.0735780423280423,26.44072906940554,13.011904761904761,5.05704365079365,19.23150445794602,35.87033307475037,6.446428571428571,3.1289633909119203,5.535834175177247,0.7291666666666666,4.598516679399032,6.124465811965812,0.0,30.918128375752215,14.141915245630415,45.03397318115907,5.1967592592592595,2.7362381495446013,4.183531746031746,20.846255579251903,13.233699457577167,37.084318542231706,2.0709728867623602,8.122874149659864,3.552948957360722,1.1354166666666665,64.68469390015443,14.000369655437932,16.838131439957085,5.902777777777778,0.0,19.17316121864441,7.0113581770444515,0.0,2.2508503401360542,4.421957671957672,1.2962962962962963,5.5625911183186725,2.0625,3.1930694792536896,0.0,4.520833333333333,0.0,2.5360449735449735,4.751433906896091,5.466214726631393,0.625,0.0,0.0,5.721230158730158,0.8333333333333333,1.8744497799119646,31.73052598662444,5.3367003367003365,29.34497590702948,4.417804621848739,5.782369251119251,0.0,5.075187969924812,1.3704481792717087,8.707142857142857,0.0,18.651785714285715,5.899334733893557,12.973899976657329,5.204624613003095,0.8562271062271063,0.0,0.0,2.543990183792815,1.2626488095238093,93.75131649150889,1.09375,0.0,0.0,0.0,0.875,0.0,5.673073801556773,4.557539682539683,0.0,0.0,0.0,0.0,0.0,10.415839947089946,0.7142857142857142,2.249153828197946,9.063375350140056,0.0,0.0,8.011434837092732,0.0
1325.0847843742788,445.18786678828405,98.70078638984086,67.00306698322966,262.5531114992641,62.95517138173489,51.15195236400723,66.63952725140899,366.0744347218955,334.6184694702689,40.15144663087365,24.638375541408397,45.41622566713801,56.81787440145267,47.66694159956712,20.2850687542185,251.20932017538135,103.77990101864961,18.533748699189104,69.59648342854153,43.61461667475895,45.87646632483838,32.98138988364744,84.53160032267758,31.56855834529946,13.89234930547406,12.226410795868947,9.233802514195768,56.33686034727488,27.17447528194257,40.22880765197778,5.337820261415995,2.560207241868023,6.345605009192426,32.94772871824041,19.74624005505213,2.7284417033009256,15.368340086153754,5.93793460471167,20.943045958311057,14.870392865937484,20.385859916384245,21.96890179841287,9.032409238531686,2.6745585369750757,11.735954116913037,168.20917163086887,9.52196751296505,17.77197947371,7.053368044702275,6.054488535673741,14.70289373847851,19.592766808752422,2.607824670192721,4.6220860907604395,1.1381200985228483,15.794624848618996,5.9868623111893555,2.6046000982102315,11.479157125780986,21.008542958505362,1.2868420874920026,4.169065222414833,3.1150448833748383,5.256377344473443,2.134720857584024,5.153978839150165,16.36883606214618,2.116847487521844,2.7455304817469486,0.5789288653230498,4.73760566234709,16.50012132037763,8.556853422687755,0.8833142084397294,2.603215435032817,0.6883062677935705,2.28639802074676,19.927984987098288,10.97301593196836,2.889546311973869,2.870273241497731,0.7073925507598977,0.9608479642962401,1.549134595563167,8.042177047806886,0.9900703021048993,13.343655219019121,2.7786523023591987,0.967180806685459,4.939180767559524,1.2972893280775053,3.926607370220815,1.937955710075535,4.91275896843517,1.0301865950141813,0.6228174603174602,0.669198869392395,0.0,0.0,0.9382098047650476,1.2986835428247336,3.67140518895445,0.0,0.6254622869525283,0.9980569133310595,4.254521702886365,1.6764143013527248,0.6486017386656953,9.053354615371202,0.6470276289118654,0.0,0.0,2.5881370783871094,2.4965010386438955,8.802119052787596,2.9677181314382746,0.7829610758243764,0.0,78.52563973085681,4.157771593485879,0.7927912703542956,0.0,0.673731030873888,1.2590322889719268,0.7265377213156324,0.0,0.0,0.0,1.1536418868718952,0.5326659092755877,0.8831235176062762,3.084397977153264,0.0,0.0,0.0,0.5451159951159951,2.251493001290679,0.0,0.0,97.59704217999904,0.0,0.0,0.518930733491173,0.0,0.779208407107135,3.4983678101552833,0.7580716902145473,0.50828331332533,3.5803588030537,2.5081899109960335,0.0,0.6561945307593567,2.316782025543461,23.3749624305851,4.449130680577259,0.0,0.0,0.0,0.0,0.0,0.0,0.0,0.0,0.0,0.6635662598372682,1.4757855523161645,0.0,0.0,0.0,0.0,1.8959215870256148,0.0,0.0,0.0,0.5663663733891825,0.0,0.0,0.0,0.0,4.357868874625243,28.534518248745282,0.0,7.035198486320935,0.8014566216096828,0.0,0.0,1.0853339736711396,0.5083491950295568,4.087922066497893,0.0,1.1276517051640205,0.0,1.0874623788909503,0.0,0.0,8.734248380520498,1.7213166088946399,0.0,13.251495140794281
371.87351715023067,145.0104011631776,77.06980043921132,48.536596242475326,58.62718270552775,50.876509153875226,50.51900113140043,22.540652436851882,128.78081260670547,31.73142329924008,4.1562430437227516,12.335862214284832,90.73949422291969,76.39139635869373,34.178375814000816,21.232339053142624,176.80601350142248,16.15449035567064,7.028813838278124,66.11600007335595,27.257338986709094,53.48052490615072,23.525920735459426,174.23334887538084,8.065500440917107,0.9908339345839347,34.72769927603261,16.589773861500053,45.229483024691355,12.851223356224784,6.326699226699226,4.385171423367771,1.3090739834746683,15.135179757311791,32.60513679222012,26.96516055648496,1.9961805555555554,17.12760492979243,15.000140583622727,24.262672900842542,23.555783403104833,5.922798220615001,13.25972556819283,6.036677589385922,10.925449383256991,14.839549563641825,8.09038835546113,2.917013888888889,12.696378432735454,2.218264652014652,0.8549933862433863,5.951420547045547,21.765819051979765,4.407261904761905,5.822985002761788,0.85625,1.9165674603174603,0.0,3.0726686507936507,0.8333333333333334,0.9850777116402116,6.470543345543345,2.4593148419041277,0.0,0.0,20.291826772413895,7.599276048026048,1.3747558922558922,0.9892857142857143,3.698318492453766,3.5166290969515854,3.1233477418745275,0.0,1.377662037037037,1.8940641534391534,7.864041405023547,1.6281911375661375,0.0,0.5669261294261294,2.6494212315824353,0.0,1.6196443602693602,1.1373567019400352,0.0,0.7916666666666666,0.0,0.0,0.0,0.7351438492063492,2.517198310948311,0.7807666870166869,0.0,0.6612929894179894,1.0102513227513228,2.3605171327790373,0.0,0.0,0.0,3.096962505087505,1.4473875661375661,0.0,0.0,0.8931933421516755,41.45123414394247,0.0,0.6024155242905243,10.17181898348565,0.525173611111111,0.0,0.0,1.8002638234781092,0.0,4.978716422466422,0.7862813938706795,1.5259157509157508,0.6537698412698413,0.0,0.0,7.349116591080877,18.560774665149665,0.0,0.0,0.0,3.182638888888889,0.7248677248677249,0.0,0.0,0.0,0.0,0.5721500721500722,0.0,0.0,1.2756291305092675,0.0,0.0,0.0,0.0,0.0,4.63884873393802,0.5065972222222223,1.6550617064315694,0.6534391534391535,0.0,0.0,0.0,0.5168463511736505,0.0,1.2998015873015873,0.0,0.6247271825396825,0.0,0.0,0.0,0.0,3.080479242979243,0.0,0.0,0.0,0.0,0.0,0.0,0.0,0.0,0.0,0.9052166005291005,0.0,0.5986507936507937,2.2,2.155191798941799,0.0,0.0,0.0,0.0,0.0,0.0,0.0,0.0,0.0,0.0,0.0,0.0,8.936323768823769,0.5536954365079365,0.0,0.9474206349206349,0.0,0.0,0.0,0.0,0.8640491452991453,0.0,0.0,0.0,0.0,0.0,0.0,2.1892230289551717,0.0,0.0,3.0792072510822512
2.8398239892972112,0.8278335724533716,1.0592985732304618,0.6045751633986928,1.8781512605042017,0.9955364259524948,0.0,0.0,0.0,5.0,0.0,0.0,0.0,0.0,0.0,0.0,0.0,0.0,0.0,0.0,0.0,0.0,0.0,0.0,0.0,0.0,0.0,0.0,0.0,0.0,0.0,0.0,0.0,0.0,0.0,0.0,0.0,0.0,0.0,0.0,0.0,0.0,0.0,0.0,0.0,0.0,0.0,0.0,0.0,0.0,0.0,0.0,0.0,0.0,0.0,0.0,0.0,0.0,0.0,0.0,0.0,0.0,0.0,0.0,0.0,0.0,0.0,0.0,0.0,0.0,0.0,0.0,0.0,0.0,0.0,0.0,0.0,0.0,0.0,0.0,0.0,0.0,0.0,0.0,0.0,0.0,0.0,0.0,0.0,0.0,0.0,0.0,0.0,0.0,0.0,0.0,0.0,0.0,0.0,0.0,0.0,0.0,0.0,0.0,0.0,0.0,0.0,0.0,0.0,0.0,0.0,0.0,0.0,0.0,0.0,0.0,0.0,0.0,0.0,5.0,0.0,0.0,0.0,0.0,0.0,0.0,0.0,0.0,0.0,0.0,0.0,0.0,0.0,0.0,0.0,0.0,0.0,0.0,0.0,0.0,0.0,0.0,0.0,0.0,0.0,0.0,0.0,0.0,0.0,0.0,0.0,0.0,0.0,0.0,5.008403361344538,0.0,0.0,0.0,0.0,0.0,0.0,0.0,0.0,0.0,0.0,0.0,0.0,0.0,0.0,0.0,0.0,0.0,0.0,0.0,0.0,0.0,0.0,0.0,0.0,0.0,0.0,0.0,0.0,0.0,0.0,0.0,0.0,0.0,0.0,0.0,0.0,0.0,0.0,0.0,0.0,0.0,0.0,0.0,0.0,0.0
273.80859041030396,42.63646953924596,60.08646710587798,43.64373909961818,51.013293816638864,45.09445787182394,45.42284728524658,22.540652436851882,66.33108733198019,25.898089965906745,4.256243043722751,10.669195547618166,87.38051986394534,49.455498922796295,21.652734788359787,16.565672386475956,65.23855318396218,15.154490355670639,6.528813838278124,45.55766674002262,24.02400565337576,25.107203782829597,19.192587402126094,51.29134643337839,8.065500440917107,0.9908339345839347,34.5674428657762,9.26834529007148,39.229483024691355,6.851223356224783,4.493365893365893,4.385171423367771,1.3090739834746683,15.149465471597505,10.231052543135876,26.740801582125986,1.9961805555555554,12.050681852869353,14.961679045161189,24.262672900842542,23.555783403104833,5.922798220615001,13.211648645115908,6.036677589385922,10.925449383256991,12.964549563641825,8.09038835546113,2.917013888888889,11.029711766068786,2.218264652014652,0.8549933862433863,5.951420547045547,21.765819051979765,4.407261904761905,5.822985002761788,0.85625,1.0090277777777776,0.0,1.9476686507936507,0.0,0.9850777116402116,6.470543345543345,2.4593148419041277,0.0,0.0,4.5140489946361155,7.599276048026048,1.3747558922558922,0.9892857142857143,3.698318492453766,3.5166290969515854,3.1233477418745275,0.0,1.377662037037037,1.8940641534391534,7.671733712715855,1.6281911375661375,0.0,0.5669261294261294,2.6494212315824353,0.0,1.6196443602693602,1.1373567019400352,0.0,0.7916666666666666,0.0,0.0,0.0,0.7351438492063492,2.3729675417175415,0.8379095441595441,0.0,0.6612929894179894,1.0102513227513228,2.3605171327790373,0.0,0.0,0.0,3.096962505087505,1.4473875661375661,0.0,0.0,0.8931933421516755,8.127058319766652,0.0,0.6024155242905243,6.838485650152316,0.525173611111111,0.0,0.0,1.8002638234781092,0.0,0.9787164224664224,0.7862813938706795,1.5259157509157508,0.6537698412698413,0.0,0.0,7.349116591080877,8.727441331816332,0.0,0.0,0.0,3.182638888888889,0.7248677248677249,0.0,0.0,0.0,0.0,0.5721500721500722,0.0,0.0,1.2756291305092675,0.0,0.0,0.0,0.0,0.0,3.458293178382464,0.5065972222222223,1.5360140873839503,0.6534391534391535,0.0,0.0,0.0,0.5168463511736505,0.0,1.2998015873015873,0.0,0.6413938492063492,0.0,0.0,0.0,0.0,1.9693681318681318,0.0,0.0,0.0,0.0,0.0,0.0,0.0,0.0,0.0,0.9052166005291005,0.0,0.5986507936507937,0.0,2.155191798941799,0.0,0.0,0.0,0.0,0.0,0.0,0.0,0.0,0.0,0.0,0.0,0.0,8.936323768823769,0.5536954365079365,0.0,0.9474206349206349,0.0,0.0,0.0,0.0,0.8640491452991453,0.0,0.0,0.0,0.0,0.0,0.0,2.1892230289551717,0.0,0.0,2.4542072510822512
385.20032214338806,68.82027994391149,48.39597314752762,24.42171777688045,61.41639405004664,22.215314016877528,22.734161821216684,20.77264413452588,93.29197551443629,57.74345215953731,8.91490777290622,20.047466450499307,23.66860661951896,32.12458736441563,16.09815853078405,10.849282318432065,48.71326761682881,19.853267929516527,12.804582032522438,15.59251517457328,15.361309796452073,17.697894896266952,10.356220079906207,19.931363258154796,14.710541362282479,4.384630833469873,7.526013970472121,5.538997319390572,11.220987331401863,5.518012696908557,16.10543102860116,5.025320261415995,2.441159622820404,6.226557390144808,11.210649824911519,8.74544640425848,1.7669032417624644,5.2080836758973446,3.9438869856640517,3.424294669916911,3.6396236351682547,7.469193249717579,5.923218315229384,1.5324092385316874,1.6710620334785722,8.587144593103513,52.17845581890307,2.630514719726542,2.7719794737100014,4.5533680447022755,2.3997266309118364,2.828525051609824,8.363600142085755,2.607824670192721,1.5109749796493286,1.1381200985228483,11.534042838036985,1.6118623111893557,2.187933431543565,2.4309275775514387,1.926735876698279,1.0368420874920026,1.6602129635625738,2.698378216708172,1.9230440111401104,2.134720857584024,2.2373121724834983,5.297407490717608,2.116847487521844,2.7455304817469486,0.5789288653230498,3.3743959553873837,1.365200685456995,1.9437581845925183,0.8833142084397294,2.603215435032817,0.6883062677935705,2.28639802074676,0.0,3.6292659319683604,2.889546311973869,2.870273241497731,0.5791874225547695,0.9608479642962401,0.9935790400076113,1.627966919311043,0.9900703021048993,3.760321885685788,1.1119856356925322,0.967180806685459,2.161402989781746,0.7292621171931517,1.0694645130779583,1.937955710075535,1.3016478573240589,1.0301865950141813,0.6228174603174602,0.669198869392395,0.0,0.0,0.6351795017347446,1.2986835428247336,0.0,0.0,0.5574350760681744,0.9980569133310595,1.5609190092836709,1.6764143013527248,0.6486017386656953,3.3390689010854886,0.6470276289118654,0.0,0.0,1.9631370783871094,1.954834371977229,2.1354523861209294,1.9260514647716078,0.7829610758243764,0.0,49.02765993287701,0.0,0.7927912703542956,0.0,0.673731030873888,1.2590322889719268,0.0,0.0,0.0,0.0,1.1536418868718952,0.5326659092755877,0.8831235176062762,3.084397977153264,0.0,0.0,0.0,0.0,2.251493001290679,0.0,0.0,27.29870163165849,0.0,0.0,0.518930733491173,0.0,0.0,3.4983678101552833,0.7580716902145473,0.50828331332533,2.6279778506727474,2.5081899109960335,0.0,0.6561945307593567,2.026377985139421,6.263851319473989,1.949130680577259,0.0,0.0,0.0,0.0,0.0,0.0,0.0,0.0,0.0,0.6635662598372682,1.0591188856494977,0.0,0.0,0.0,0.0,0.0,0.0,0.0,0.0,0.5663663733891825,0.0,0.0,0.0,0.0,3.6618371285934974,7.137692851919886,0.0,2.2435318196542684,0.8014566216096828,0.0,0.0,0.8930262813634472,0.5083491950295568,4.087922066497893,0.0,1.1276517051640205,0.0,1.0874623788909503,0.0,0.0,4.951420097692215,1.5427451803232115,0.0,4.842404231703372
2310.5584447634387,371.6055403730293,215.2120510756007,284.3603894595772,299.43848579770923,275.49529545901066,105.51202285211032,59.55139184156241,772.1101679218308,151.68303611662756,42.676127217949194,107.07844050752666,70.686204490058,48.08571882554709,48.16140349520178,46.87080043814308,257.00566855387405,67.30276348756472,18.058762764644346,38.82788306754987,106.54186535200762,98.16670027275731,41.18955341323954,102.68286005570423,27.866201952864223,6.525834537173577,15.515985854403487,16.747330652723907,20.29901383705995,5.748781927677788,104.8824599895546,48.04391364997506,4.393082699743481,20.100448432366615,52.323974000735696,9.61557627438835,8.369467344326567,8.099431363297663,4.360553652330719,8.407832574507447,6.019431327475947,24.448359916384245,16.115017257028324,1.6911393972618463,1.6710620334785722,11.149644593103513,87.34014226340685,8.241625830837654,4.265569217299745,6.9740029653371955,3.6646075832927885,28.66647706061446,17.176236307663096,3.3485654109334613,4.677641646315995,1.1381200985228483,31.24231930385989,1.6118623111893557,2.187933431543565,3.520299558227767,12.998164448126849,1.0368420874920026,3.8147584181080285,2.698378216708172,1.9230440111401104,2.134720857584024,2.2373121724834983,5.297407490717608,2.116847487521844,3.221720957937425,0.5789288653230498,6.915156824952601,1.9106552309115403,19.96877747937221,1.216647541773063,3.603215435032817,0.7652293447166474,2.28639802074676,0.0,3.6292659319683604,3.0649849084650973,5.015347169180354,0.5791874225547695,9.349736853185128,1.2876966870664348,2.04463358597771,0.9900703021048993,7.712110837474739,7.778652302359198,8.46901230851696,2.439180767559524,0.7292621171931517,6.254649698263144,6.937955710075535,1.3016478573240589,1.0301865950141813,0.6228174603174602,0.669198869392395,0.8182100001804435,1.0020651117589892,2.3018461684014113,1.2986835428247336,0.0,0.0,0.5574350760681744,0.9980569133310595,6.560919009283671,1.6764143013527248,0.6486017386656953,49.89462445664104,0.6470276289118654,0.0,0.0,1.9631370783871094,4.3252047423476,3.458240708909252,2.551051464771608,0.7829610758243764,1.019879770089854,74.4393542327292,0.0,5.792791270354296,0.0,0.673731030873888,1.2590322889719268,6.3217758165537274,0.0,0.0,0.0,2.296499029729038,0.6715547981644765,5.883123517606276,7.9827375761507575,0.0,0.0,0.0,0.0,2.3164280662257437,0.0,0.0,32.941558774515634,0.0,1.3767665399493132,0.518930733491173,0.0,15.00192666107539,6.696515958303432,1.3830716902145472,2.730505535547552,3.0446445173394143,3.341523244329367,0.0,0.6561945307593567,2.026377985139421,20.370688926311598,1.949130680577259,0.0,0.0,0.0,0.0,2.3973665573465324,0.0,0.0,0.0,0.0,3.1635662598372685,1.4757855523161645,0.0,0.0,0.0,0.0,0.0,0.6392330741820538,0.0,0.0,0.5663663733891825,0.0,0.0,0.0,1.3912809686208703,21.277778056891407,17.619713482934323,0.0,3.521309597432046,2.4681232882763493,0.0,0.0,0.8930262813634472,0.8208491950295568,27.619668098243924,0.0,1.9609850384973537,0.0,1.0874623788909503,0.0,0.0,62.9885773848495,1.5427451803232115,0.0,18.675883956487443
255.6960914776474,118.06029382820479,103.30898768234397,48.299837918573175,107.36007270320646,35.83006633829837,63.14587664373302,66.1697228343342,21.075481508400696,87.53219874016975,7.685768041086092,24.83067681566688,78.45186100189727,16.756776330689373,26.436239107444294,14.952958127958128,95.33023342811339,21.086543317883898,17.597257820011443,35.676950539026016,65.08399038476362,52.031816784607514,23.38761632608056,30.440690485076882,26.333007923340197,10.436041681150376,37.42404425730027,6.148354429589683,54.01628194322725,33.18066507889878,20.092672990086502,5.482580556855919,44.928125738216316,14.08545048321521,10.441784471902226,8.55158757509301,13.479093137770674,5.087723850454719,6.948625680147419,1.7513857772009946,22.51770236818546,11.975545899551628,5.404273758349845,2.5547323083554967,3.0891590471545713,8.74903381642512,21.9561061473804,2.166940949549645,5.853515244819592,1.1317230273752013,13.06527992990563,5.33950668896321,0.7763888888888888,1.2428178350492929,6.190854140491822,4.478775882790609,8.385157388237099,18.660838823775723,1.4805516768560247,13.144916461303762,13.264233087651256,1.4586111799276051,0.9359810354507059,3.621485643949412,7.088786917591265,2.1225240290457683,0.9552771667241775,1.5123418703581746,1.795107091982092,0.5497685185185185,1.4580025349047088,1.6258531734075212,10.570527704292022,0.9667037538414349,1.6778953563373853,6.473412698412698,2.6480789945463856,32.08475150238588,6.1022830024480905,5.622808485127325,2.7176817285512938,5.933998460325014,2.657885642939991,6.856515980276468,3.1134085606458792,0.5986905941616086,3.2801883405144276,3.192307692307692,0.5291867954911433,1.1704498534208678,0.6805555555555556,3.395860564338825,0.0,8.502472881385925,0.0,4.047489721765084,3.3077290507846064,1.1750734655713617,0.9731718898385565,2.718940093940094,0.0,13.245219005635672,4.097115771708163,0.7943541367454412,0.9378775813558422,1.3116181657848325,2.2278502747252746,2.0788277116402116,0.589206821090879,1.6333320499987167,5.524097815764482,1.9809856571065811,0.0,0.721153846153846,0.0,0.0,0.0,1.3376780626780627,1.2962962962962963,0.8571428571428572,1.0710940820648833,0.9789789789789789,1.9477693203236681,0.9521161809205287,1.6217948717948718,0.0,1.30391532837185,0.9276988108509847,0.9229420892464371,0.0,0.0,0.0,0.0,9.750731922398588,1.3679445889590816,0.6522987043820376,0.0,2.2375785673471507,0.0,0.0,1.6666666666666665,0.0,0.0,3.176861923238735,2.568785818785819,0.0,0.0,0.0,0.9393315600409422,0.0,0.8487654320987654,0.0,0.0,2.176177536231884,0.0,0.0,1.6419753086419755,0.7623909298580683,0.9574006852108654,10.05,1.736111111111111,0.0,0.0,0.0,0.0,0.0,0.8333333333333333,0.8364167739167738,0.0,1.392116754435595,0.0,1.2188983855650521,1.0961538461538463,0.0,0.0,0.5308641975308642,0.0,0.0,3.0,0.0,0.0,0.0,0.0,0.0,1.0,0.0,0.0,0.0,0.0,3.333333333333333,0.0,0.0,1.6261548636548637,0.0,0.0,0.0,0.0,0.0,0.0,0.0
1027.1363909683196,616.4768619142982,374.77181185277345,179.0203999576831,398.23581082747245,104.18686046153256,138.9211577359732,198.76703824083614,52.75767070244483,291.209715892739,103.74876098192433,91.01376052846577,356.1709249441992,109.51798706161362,60.079447152231694,65.64854739371776,474.5089568938774,62.271564383811274,40.54857639259407,146.01298756962956,200.61999415561093,366.75143656011323,64.55626475049009,157.93605863106453,99.20777566074564,116.5877593851171,83.87995198424152,43.55970019789104,161.21494618141242,126.24880224701513,36.28222082160733,49.18439932146842,209.551355741811,30.405336560309852,20.14910954342016,30.523025720351576,51.79803430570541,3.687327724451071,34.378713751666695,9.3862805480769,68.39166091114186,32.05889013299149,14.383105302416814,66.7674246274577,6.647863899718816,32.92868846798023,31.135511068955662,9.611622930439877,22.408132415441127,9.538805089704333,16.314309146177674,13.09337573963388,8.734907200928873,6.552399922210677,10.624357753944334,15.416144062520113,13.363321531357922,152.39188890923307,7.385705496526731,98.1358479118471,24.920910998897547,18.11571501254164,5.258894130623339,16.346974918825566,49.82024774044363,3.2259331683231505,2.394727939433658,3.012107726701323,23.623933914837085,6.4943134456692695,5.591641752595766,0.863090000340454,22.9090884114246,0.5638798884234989,2.01306524736423,9.484750956367497,5.075558357413196,14.013695998800976,11.587461711187958,2.933942520526882,20.335930434525586,1.4972658920027342,1.5616693200796612,10.679457993026904,3.8786753253072037,7.665734843016933,16.169930261902078,3.9819596897770273,0.9397238161612332,0.0,15.09045214045214,18.319219333810373,0.5532212885154062,13.711269157456792,0.762491340077547,1.5182349245863445,6.228810174087966,19.80382371258341,2.254345397987973,4.1759125510010096,3.567537137863817,107.55806595383049,5.698583792161245,3.3305291414811538,12.226683109801774,15.058454504701968,1.792341845994296,0.9148188975775183,17.916336479997472,1.6420102916232948,8.835159013100188,16.826610602776096,8.149824498920859,2.85930522468984,0.5593652135183576,1.0544563279857397,1.6973247397182487,5.084427533685567,3.2853271728271727,0.0,7.055554457937824,4.478464268572731,8.86515831724735,1.4618459026353763,2.3090857926406194,3.270735970044735,4.935077152154773,4.318532323291206,33.372092736963246,2.306252176941832,1.547959377796839,1.1530571368332279,2.128205128205128,134.61323711744356,9.43103374989758,7.01648817839634,8.884524632358561,2.7317665571975915,8.291528652519364,1.3034522846320342,0.8333333333333333,2.681578947368421,5.973402572086782,0.0,4.637087650052046,0.0,3.8088563969649165,0.0,3.759545923632611,0.8300645714438818,0.0,9.943193501576989,6.482944894963567,0.0,0.0,0.6814903846153846,9.537259816207184,3.719864055145627,0.8340120948893036,25.292363684562815,2.773969236817534,10.157920001108856,4.143295612255791,1.5932895237509843,1.1098009997971299,0.0,0.5595662507427214,3.3567981138801573,5.100028330091317,16.592447960679383,2.6826922137800753,2.9723742633859267,1.5102730605693133,2.5203597510792983,0.0,0.8793103448275862,1.4456503466675588,0.8297661768056505,46.63583403082219,0.0,0.0,0.0,0.0,2.5,0.0,0.7893417065101903,1.6808265264147617,0.0,0.0,4.213756613756614,0.7623140765144442,0.0,3.3661372303768284,0.0,2.0533516406194425,0.9527009368340638,0.0,0.0,0.0,0.0
781.2224805938537,124.21668215830381,133.83252900840222,50.06405331561622,161.39237839217688,22.945789764276682,25.01178477664333,48.6405348850765,525.2058001310749,90.37425987348004,6.712714042024387,27.739064970543478,77.55122507984463,65.01062008192487,20.023409186338867,19.669095254450948,157.53068187539586,16.122508129939103,7.01423097866196,45.3519432865327,32.78383809802377,67.49804760639701,41.572707489027636,22.31832432798509,31.670279638003876,29.15338401427821,33.55469647833323,6.27327841650328,39.23849379626063,15.580694362693622,36.27854968802535,2.192959555536763,10.075921685288536,7.3457163399709655,2.9988713576152,6.439338100675757,0.6838711097331787,20.25549505785924,2.9053599550725986,6.579989221987355,3.484471422284902,7.8704898047382725,10.115499131013683,1.024769806912664,0.6800185765703007,7.9767332777881075,23.656354909024436,15.42733422205544,11.874586719622464,1.9362424381442964,1.1428828727679303,1.7482792931101203,8.601957504855013,0.0,0.5885765347588007,2.939964031589647,1.710943487729202,12.264271425309657,0.0,17.487171165142893,1.8683661073063933,0.9654024136782757,3.564291290304121,11.687390600852138,4.7874377425594465,1.8629190254190255,2.8310181929075604,4.105085974051491,6.260064472564473,0.9165489577798945,0.0,1.4428041932734248,8.756247669076577,3.1265031265031267,0.0,1.0339025863451152,0.7926542486887315,0.0,0.0,0.0,3.608544254808623,0.9571428571428571,2.2625948930296755,0.7678286273113859,0.0,0.0,0.0,19.344794631999715,0.0,0.0,6.041612680249044,1.4457943876047326,3.9150305576776163,0.0,0.0,0.7845166327924948,0.0,1.671455938697318,1.4707512315270934,2.303942782601319,0.0,0.0,0.0,0.0,0.0,2.6384615384615384,1.9611534126321093,0.0,0.0,1.8087836032280475,0.0,0.0,0.0,0.0,1.2177306820163964,0.857273473652784,1.3330876588360483,0.0,0.5378236142942026,20.470909083765616,0.0,0.0,0.0,0.0,0.0,6.970389255805922,0.0,0.0,0.0,1.5313186813186812,0.0,2.7509378499321024,2.73012173012173,0.0,0.8582013224870368,0.0,1.5025946275946276,0.5671563967389739,0.0,0.0,10.09657521024674,0.0,0.0,3.109813797313797,0.8338066786342648,3.875608766233766,0.0,0.0,0.0,3.495965608465608,1.1211262282690855,0.0,0.0,1.292941732596905,3.1575385562150267,2.584249084249084,0.0,0.0,0.0,0.0,0.0,0.0,0.0,0.0,0.0,0.0,0.0,0.0,0.0,1.556596660044936,0.5,0.0,0.0,0.0,4.198601569364816,0.0,1.0054734537493157,0.6409050825717493,0.0,0.6917140490416352,0.0,0.0,0.0,0.9558291548961405,1.1399711399711399,0.0,0.0,1.1424704924704925,0.0,6.419447933930693,0.9568885025274477,6.938122840031707,1.6880341880341883,1.288510101010101,0.0,0.0,0.6414678575392861,5.137728937728938,0.701754445484853,1.974376756284651
635.3311505209451,443.15001414705085,329.4211341865588,110.40056507441184,240.66974568563742,65.07960239531651,83.33887236476217,201.04566285255174,39.1179446198796,246.40637862711742,105.61613973385627,109.28981195736017,299.25667560826565,85.02412178634047,53.57908216548074,78.83859349262433,215.9182212642865,22.900955298327833,26.97210945693815,135.44327113949416,77.14021398046536,237.01109449431826,38.34007638142976,241.981582313705,56.76255005484185,78.6420937634848,40.187930182932796,27.568145763333273,59.48670858000153,35.05249632703364,32.54105148731375,49.71227183828883,176.8782874478329,22.700932130411,27.244164124569465,85.94262431279547,48.95940161828272,4.1171029115007975,23.969893931976465,5.768367143201287,11.790638906157481,47.147232087104776,4.785500683526999,54.66994694164071,6.258938360583192,28.218962683629865,1.0445601988251716,20.97247501439879,4.461270141721269,3.486980797174887,27.391019060059307,69.52616785120026,2.4950499486913196,0.9257281461228829,0.76427179058758,1.630812931233099,12.30834489105547,227.34656256939604,4.885551948051948,39.387929538873756,2.945916656442972,2.080390369864054,1.957049486461251,19.15775764769573,31.65195557611105,1.3787982763546673,0.0,4.416898577612863,1.1720494417862837,22.80340005997901,5.076894414065467,0.0,4.3403205939473075,7.799159174159174,0.9697908316547939,0.0,0.0,23.623628384819888,16.178319487530015,5.687575269342187,6.1770380782008685,0.8535762483130904,1.161742330351353,9.596887271655072,1.8838383838383836,9.074399264060917,9.564536340852131,0.5128205128205128,0.0,0.5108225108225108,0.0,0.0,0.0,0.0,1.4055184518546586,0.0,1.355813439434129,39.5556883754479,2.482778916989443,10.753363675766273,2.723828802776171,56.09883056376636,2.4989454989454987,1.4489348370927317,54.177701626133334,0.0,0.0,1.332001332001332,25.45424032451896,0.7743107769423558,0.0,17.890030047372395,5.551726928042717,1.4999999999999998,1.1150793650793651,0.0,1.0633116883116882,1.5933269216163952,0.0,2.0925925925925926,0.6113053613053613,0.0,5.759084577387602,2.231687172476646,0.0,1.9906514538093485,1.920230615249412,1.6567512326498204,20.087436000133806,0.8333333333333333,0.0,0.0,0.0,72.88375609317079,7.85216922118011,1.2809011164274322,0.9632006986330294,0.0,2.7149890233223566,4.9868131984307045,1.135487528344671,0.0,3.695871901698969,0.0,1.3893635604161918,0.0,0.0,0.0,4.317669172932331,0.0,0.0,8.05132829212924,0.6930079724197371,0.0,0.6507936507936508,0.0,0.9291979949874687,1.6838004101161994,0.8143796992481203,53.25874856138014,1.0150242058136794,11.374106157000893,0.0,2.885685168213236,2.706845238095238,0.5,0.0,3.8086017296543613,0.0,15.94893483709273,1.0250520678152257,5.151038445681302,0.0,1.31694767221083,3.6978021978021975,0.0,4.737211618790566,0.0,10.814767651790577,0.0,0.0,2.5357142857142856,0.0,0.0,0.0,0.0,0.5641233766233766,0.0,0.0,0.0,2.9063852813852815,0.0,0.0,0.0,1.1706568285515653,3.0162264635948843,0.0,0.0,0.0,0.0
2313.174073624849,100.3888123105621,138.60610873137134,708.6247559762998,934.6414122943817,36.46012570335049,359.8103274056707,329.12712298011667,62.56131755473492,2464.8935693862086,208.79486460017608,87.53001943835646,169.37827023388996,57.19886226952237,328.3813439842087,66.32233219628178,987.4474470677336,453.22593245340096,70.62091194675229,375.63406401799256,46.62469362647934,56.189836041254104,349.25828261015266,118.78913138811598,218.53475710019828,28.644088847660274,140.2787950533749,322.93553626038096,649.6146179554443,461.2015498441637,12.024904031154032,35.25803042079303,62.17164504690765,248.18309785982626,114.00728986492291,119.47679388318394,2.841414141414141,16.85460472067615,30.399132411317286,235.59364223739223,47.822908456311815,192.7070060561132,279.9255407449528,172.22428570949228,16.406679237351508,7.292401556582228,654.3664466250818,100.33507407819383,15.273912620603797,60.42464732914663,35.48828506149935,11.417837123194266,17.989427538692244,8.371254739269444,7.468042115836234,66.57407454823421,1.810515873015873,1.3344671201814058,25.270291514041514,386.43460934619895,101.53215462959676,49.39388912130509,55.15690476851191,2.026984126984127,455.65749257591636,28.102328616631837,6.765948601662887,69.60984952126408,83.43414029299883,10.06096681096681,41.026401928292685,35.33335738335738,555.9159223149244,1.1914134340604927,26.984148739138234,27.463774299541104,4.867022042735223,5.611580086580086,5.298077305142522,53.26071360556654,16.8061465495289,0.8888888888888888,14.231909041782991,7.607198712280958,30.353072303124822,184.61704567154496,5.696248196248196,4.608730158730158,10.750681896690299,3.1884920634920633,2.6710676529319204,112.30716572953968,13.205266955266955,1.4604497354497354,3.8968913439501676,12.540019248440117,6.961339586339586,0.578042328042328,4.832013158798873,2.4258312079040367,3.3566378066378064,2.0257936507936507,55.45601512555294,3.501332763097469,5.262158752389845,8.533152958152957,5.446314102564103,7.783721701578845,7.943316493263972,7.187214936479642,2.096797052154195,3.53005757858699,10.692915322694734,63.49834952452408,4.39982732409203,5.166666666666667,1.833333333333333,34.66643628378572,3.044686577039518,2.5244133885438234,12.678143479614068,2.3890873015873018,6.213672438672439,6.168846275884091,71.43276492026492,1.3458243145743145,141.9597853930487,6.236358583837576,1.9206349206349207,2.4217171717171717,14.79039077752313,2.764190821256039,1.3618326118326118,0.0,2.9148526077097503,37.96503364360507,5.991359498344792,0.9343915343915343,1.9853476112667288,9.510313805656942,0.7886904761904762,9.060301766394204,5.027151416122004,77.98051862159005,6.8885333756657285,2.264969902102255,6.809613997113997,7.8809523809523805,0.0,0.0,2.273148148148148,15.96903234487268,0.5333333333333333,3.3681318681318677,2.5595238095238093,19.053058515558515,2.3008592325819217,43.5447534945084,9.722326152683296,0.0,1.9970238095238095,1.5896825396825396,8.90958895254008,3.9254686839770874,1.1464646464646466,16.85682115600708,22.27042920703635,1.5874961095549331,16.597235036205625,0.0,8.642828520297007,12.845841114223466,2.361111111111111,0.0,0.7142857142857142,10.799194324194325,2.9176994029935206,5.318908324790677,0.0,0.0,32.25689446135875,6.8655955155955155,1.0138888888888888,0.0,9.960984848484848,0.0,0.7878684807256235,9.210143097643098,0.0,0.0,6.8208327775554665,5.9829365079365076,5.22464096749811,0.0,9.310150171179583,1.621660886576853,1.1910774410774412,7.32017612017612,5.064998558345897,1.2310030395136777
806.6438017418582,86.63453357984608,176.32783686525462,69.62130745107719,244.33279476957233,115.51240519754774,170.2485536646995,395.60402136443804,181.03974553361314,158.97088144167446,56.843163586711974,125.96514737626968,202.67716556765615,148.0658696049321,38.3451774691358,95.51667819063653,412.7492828308688,48.37006165131165,69.10844479594479,69.34184665551389,122.86428621532788,119.37015241702741,77.11194907989263,125.83181782996971,95.35047562087036,17.941295972545973,303.63308481641815,34.310472282347284,43.22816708754208,25.55241402116402,150.57089193102297,16.314762205387204,11.11648131960632,30.901053303775075,15.93841257122507,25.549813034188034,73.86252029220779,14.24810606060606,54.74533780262947,10.069196428571429,15.952368233618234,27.734264770723104,28.33118430566347,14.571263227513228,7.4901657948532945,18.598780270655272,37.542141733753574,2.277199074074074,7.741071428571428,1.6076388888888888,70.75412858746192,46.633624188311686,23.997511362094695,13.93667328042328,6.112550354737855,20.68576299994311,4.582561728395062,123.19110499839667,7.2688492063492065,8.699035917785917,17.59543650793651,2.708333333333333,9.636269165671047,65.95782227032227,8.858630952380953,4.279183201058201,3.125548245614035,20.68342161310911,8.140625,4.284406565656566,8.40260241301908,1.6666666666666667,16.177444083694084,78.69947616041365,19.385416666666668,0.5641233766233766,7.284425451092118,49.29782196969697,2.3948078131545874,4.617476851851852,6.704861111111111,93.37129927830533,0.0,0.6241883116883117,1.3194444444444444,0.9791666666666666,0.703125,5.579861111111111,6.579177188552189,32.027913059163055,5.1686507936507935,3.915719696969697,5.6053841991342,7.172453703703703,3.003246753246753,2.876078493265993,12.245738636363637,5.017361111111111,1.6666666666666665,3.1510416666666665,0.0,1.4583333333333333,0.0,7.514756944444445,2.0833333333333335,0.8072916666666666,0.7697172619047619,3.2977430555555554,2.040719696969697,0.7758136924803591,4.21875,2.3643693588546526,0.828125,2.719809704184704,6.660037878787879,5.460299422799423,5.943287037037037,0.0,5.015625,15.074615199615199,3.1865530303030303,25.04398148148148,0.0,1.1197916666666665,2.4109623015873014,0.625,0.8032407407407407,0.84375,1.7939814814814814,0.0,0.0,4.375,1.4756944444444444,1.25,0.693287037037037,0.0,1.6527777777777777,13.781850474794023,1.0,2.34375,7.663257575757576,1.5069444444444444,0.0,1.6041666666666667,2.377232142857143,6.383391203703704,3.8558464105339105,0.0,6.7897727272727275,0.0,16.941666666666666,0.0,1.25,112.26481205908289,11.83502435064935,1.267361111111111,1.7395833333333333,0.7924107142857142,3.729166666666666,0.0,0.9821428571428571,1.0416666666666667,7.671717171717171,0.0,2.5,0.5637851731601732,0.0,0.0,0.9114583333333333,3.625,0.8883101851851851,1.9791666666666665,2.2430555555555554,0.0,2.953125,0.5416666666666666,1.8125,1.2460430194805194,0.0,5.194444444444444,0.5208333333333333,2.0706018518518516,3.125,0.9791666666666666,3.3391203703703702,1.40625,0.0,0.0,4.808531746031746,2.7601851851851853,0.5300925925925926,2.952876984126984,0.0,0.0,0.6423611111111112,0.625,3.2014009139009136,0.0,0.0,0.0
751.0572287069687,349.407199259715,322.21268308538146,222.21847217783244,339.50702842994156,128.34470979669183,126.59499268972405,307.0389269751844,103.8683221168663,136.89015644604413,47.75161625537181,90.57037091786098,273.6117582941475,62.83542892809197,69.7691756153808,60.29740257240257,277.1684774757324,71.36570998455056,31.151292211545833,123.39151921687593,154.84308624533008,97.46875461529534,66.26122743719166,58.53169577608217,87.27587404414749,34.80883208519078,124.03312765075866,56.9705766518119,45.155716467036775,70.8914455021792,57.016118757282264,31.26453295902891,40.17071833080891,31.92831664483137,16.718493873611628,12.642113021868456,44.83504551872305,29.316890517121383,11.813209013480753,18.183594771909988,37.606855807338896,25.238785084114344,30.867071377397462,19.030240011436728,14.568722539218063,20.533508022774328,36.57485487550413,11.976464759073455,8.810525826830174,10.472379593031768,23.564089453715155,33.70716541912194,8.404365079365078,6.824925678186547,20.789377492140172,10.066573501838228,18.645871673951383,92.92654649573339,8.619440565744913,20.53273158735418,7.458998044916214,17.394127052943478,7.6572111941808645,30.57882691379068,14.554354683159032,7.053079584601324,8.2267429405337,20.029438431204735,13.211773758648757,4.530324074074074,5.761276344428518,8.226547617851965,38.77720759847191,12.108072801460482,4.686228689670719,4.0993055555555555,6.800856772324163,149.4459268058406,18.398579298744387,2.61901424015661,17.826808712678275,56.10182253439909,9.841329853957731,14.330027885038373,5.97451967175699,8.659206467177482,7.169573261149348,3.4645299145299147,4.876409017713366,3.531560964531979,8.456150793650792,5.089312945291206,5.845238095238095,4.915964944877988,1.695269726247987,10.96935581863118,8.039673495229051,5.434332724830621,5.202338556505223,7.6939400939400935,0.0,1.9833142437309104,1.8962610708534622,6.586020803412108,4.089464882943144,8.656062610229277,3.8996260683760684,4.700256283068783,1.5133521202361782,9.974998716665382,7.66298670465337,6.524491774831448,5.121380772543563,0.8263125763125764,5.072303281542411,2.5,0.0,0.0,2.2958002645502646,1.2001984126984127,7.154427415398216,4.1377091377091375,0.7588804314347793,9.930092371396718,0.0,3.9775563607085345,6.490919296625819,11.501772884925058,9.478497644801992,1.8796296296296298,2.5,6.7092726784755765,0.625,2.5562874779541445,3.187389033403526,2.730447271501193,2.239405631941864,4.756758461527045,4.099744488360664,3.316239316239316,1.8874999999999997,1.2152777777777777,1.4903846153846154,4.149084145460957,1.6997381997381997,1.4192679301374955,0.0,0.0,16.35599822670761,0.0,23.6070987654321,3.222162867996201,6.536795380545381,10.863677536231883,1.0555555555555556,11.352012882447665,0.8641975308641975,2.4707242631914017,1.7351784629886433,0.0,0.0,1.1111111111111112,5.278029388083736,0.8207407407407408,0.0,0.0,0.8333333333333333,2.6800675675675674,0.8840148378191857,4.040926278245118,0.0,1.24667616334283,10.998931623931623,0.0,0.0,0.6558641975308642,3.1740942028985506,0.8611111111111112,0.0,6.665534420289855,0.9895833333333334,0.0,0.0,0.0,2.4166666666666665,0.7548812399355878,4.751631678262113,5.7555555555555555,0.7512057387057387,3.1666666666666665,1.3787037037037035,0.0,2.673377085877086,0.0,0.5677083333333334,0.9593253968253967,0.0,0.0,2.5512432074932074,0.0
2177.741522251342,612.239080088241,695.4587976530033,406.9106557227733,793.1632503443742,467.19643769841974,292.4073510489574,1012.3597803320671,251.87677119094036,285.0075994197371,103.7459786637967,136.53216745465753,418.2083514613289,100.50701775593079,153.2382232344284,125.65578550891051,568.0605820917954,90.0780356218762,81.32453054728417,371.6099963126968,309.69277904980225,343.15585732739805,66.84680436026859,101.45374502313142,142.31842459000686,127.83501153845356,161.73298777189854,56.38374057122582,112.21547884420987,113.19742671232707,178.47285715777068,40.927151263926625,54.57719472478531,43.5530430758078,42.35374519636295,39.65781468132012,126.48686430179184,77.3053164430473,14.576056235702975,31.774088768653986,43.772199722682814,180.8420424981911,41.62778566311175,29.570490855364042,10.248881269376794,12.522644927536232,80.72748453750879,14.23688142574012,16.510757308311657,2.5754730273752013,107.64301870347774,56.76986383182035,10.993055555555555,23.111546437601426,22.69739667203435,31.555164771679497,36.259496012575724,280.590608128545,29.831742153046502,31.01098788987519,15.364652806820974,21.43678578310221,17.664079326048995,62.999263421727186,32.06669697050132,10.259825616347355,9.670058912755923,10.338400071416375,27.465316842548987,6.938657407407407,16.595072640724815,8.510773808328157,103.3839332801976,23.221498727386408,15.189800118242147,2.3916666666666666,8.746547655515046,836.5246117510696,21.515477446892536,4.478327965646806,16.01282061744018,194.52956724339379,9.914830087384436,22.0085993136098,7.600677079164398,15.077857260828274,40.32731135638744,6.303418803418803,5.737520128824476,10.128783186754202,8.428571428571429,22.423803686031945,2.8075396825396823,47.7974133575764,0.0,11.755823055098418,7.431889612445167,10.293459708957604,14.079818715235382,3.40544803044803,7.479310812644146,7.024980910397577,14.53514995974235,50.15119174358305,3.543829962308223,12.353284832451498,6.896501068376068,9.952835648148149,6.374463231347288,4.918479442288966,5.444236704653371,17.447916874037798,2.5168834180462087,1.6794871794871795,9.947303281542412,1.0416666666666665,21.132991622574956,0.6668447293447294,3.771494708994709,1.4126984126984126,4.6521126005834015,22.060328185328185,2.9811026536570013,11.56322729203164,0.576923076923077,5.346107948010122,4.925443106149627,13.489041403443577,10.863341967146313,6.639550264550264,5.583333333333333,9.579643048845947,0.625,6.931287477954145,2.7985001445146374,22.979221781305114,5.899127854164085,0.5188285673471508,4.308077821693997,3.107905982905983,6.666666666666666,1.8402777777777777,2.115384615384615,22.49630636768318,4.710154866404866,5.995656819026384,0.9148550724637681,0.0,63.51572044892983,0.0,4.7515432098765435,7.508869217202551,1.390224358974359,15.96784420289855,1.4868055555555555,2.439975845410628,1.4753086419753085,0.8318353743025128,3.2837895740997545,0.0,2.7777777777777777,0.0,19.916918276972623,4.455,0.0,0.0,0.0,3.8175675675675675,1.6479037267080745,8.63517230999115,0.820275403608737,2.6772317188983856,11.484546703296703,3.3564814814814814,2.1583635265700485,1.8780864197530862,1.556964573268921,3.941468253968254,4.291666666666666,8.181738123993558,0.625,0.0,1.3706890767579174,10.083333333333334,4.666666666666666,4.327797906602254,4.994191202071637,14.31111111111111,2.300213675213675,3.0357142857142856,0.9398148148148148,0.0,4.7709961334961335,0.0,0.9427083333333334,0.0,0.0,0.0,1.6859984984984986,0.0
1766.189792434444,1027.1882143898051,655.2145394214598,387.26312823364685,995.5512636534742,240.37697324597517,364.77403715840217,488.55576596037156,219.46970408140072,536.0855136246735,322.20002100566325,203.06943492297384,550.630723454411,365.99283855933356,183.81457042998733,209.00469242851815,748.8772925225967,64.01557170044424,57.30835284318153,467.7244510234217,390.15536498443214,1158.894811550539,53.765076381429765,486.29443082427025,168.60952165049767,166.7869882709954,133.47156778071513,98.9176305865023,125.86514264593559,62.35381211650733,345.1150866306858,154.72921222361157,574.8855585736799,85.35428728560439,109.63585548710482,198.95202711237684,173.31906230073753,53.60880369437805,115.6546937290883,61.54517530236239,90.20571827123685,205.2472923983106,11.74008622144587,223.43416018940658,38.79908775367376,144.32974982676996,8.17175318128131,66.00501469693847,11.20369438414551,13.848091908285998,99.83189207593232,223.48765543768783,16.290188837580207,4.009061479456216,19.35911306042885,4.428240993367044,35.03354330375388,507.10610390629074,3.843885281385281,134.26093336253547,16.00147221199853,28.256977671451356,7.82373141564318,51.70901426145234,191.83105309895856,23.013057535613925,1.2825769897899257,7.313723974438259,16.422049441786285,12.032554347956824,14.01406372623478,11.124912660438977,13.689975228528413,8.5007585007585,0.9697908316547939,1.031274072627456,2.0655132980714375,69.48383762002912,22.218002027212552,15.821255824897742,13.797573792486583,4.1869095816464235,2.6590637589227812,7.596887271655073,1.5028860028860027,27.44146275612441,5.841583124477861,1.5128205128205128,2.8654265533964782,2.1358225108225106,0.0,3.4307963519786178,0.0,6.727082858661806,6.749313545649752,4.4445739445739445,2.71692455054524,45.64395196371149,6.801528916989443,23.021250649903248,10.523431977379346,184.44141353262643,11.073019573019574,2.9998607630186576,117.74650061037349,0.0,0.0,1.332001332001332,41.2125970005227,2.5203425229741017,0.0,68.4178748841375,18.914293065608856,3.972222222222222,1.3095238095238095,0.0,1.0633116883116882,7.535390413679887,0.0,1.3425925925925926,2.992257742257742,0.0,22.190025935412294,68.12520569099516,3.5,10.763078101235996,2.7535639485827454,7.3541718675704555,109.21164234934015,0.0,1.323232323232323,0.625,0.0,174.2037472940637,28.30405414181503,1.811946868061419,11.60270008813242,2.3416666666666663,15.662521457348598,6.612276161393668,2.4688208616780045,2.682065421027652,11.26730047312754,0.0,3.274284195336827,0.0,0.0,0.0,5.463502506265664,0.0,0.8035714285714286,19.666407657208605,8.618603210514975,0.0,0.6507936507936508,10.963541666666666,33.72086466165413,7.23241152122731,1.9602130325814535,32.10581414199835,38.15761679840627,21.53512569302043,0.5338345864661653,1.8956058031338705,17.234623015873016,0.0,0.0,10.962305433358065,0.7787212787212787,44.26540309106098,6.161069193963931,12.600443207586064,0.0,3.552241789857889,10.626373626373626,0.0,8.128084634663582,2.382371648819017,23.8757885753115,0.6666666666666666,0.0,0.0,1.0119047619047619,0.0,0.0,2.1666666666666665,1.5016233766233766,0.0,0.0,0.0,9.878607503607503,0.0,0.0,0.0,11.170656828551566,4.150485722854143,0.0,0.0,0.0,0.0
3064.374022728139,564.982459881342,437.0660630795302,690.9387243593411,274.8898543221021,57.38758207195028,79.42840123365158,481.1272658788447,55.1461658728032,1909.992254616511,225.71639437263568,223.47424775436383,252.6482165821921,94.80139245552533,221.9689480356573,68.40770722017452,846.5014529867025,354.2707612759359,121.39668910397555,66.22675751724766,202.5010889604463,230.43350561649805,355.68973196360116,428.28694380482915,126.12958437301748,66.1073058400906,234.80999424531748,347.5270273368351,1110.0934922796698,1119.2912515895457,30.831367328221198,119.56362449979754,261.2944054878391,139.41988313320368,90.07896616311834,271.46778710084334,10.847008150732393,9.385917303481959,42.5143983560409,20.724083579504487,55.4810048386591,12.255299999948894,222.24214318698807,164.86780352455042,27.45505875708981,34.96684765637633,33.69342813446058,63.17004204614019,35.45612177601305,123.50522878819058,4.0423741705105805,1.6415972647040937,20.381451043985518,48.5390215654907,21.13651429806711,106.15241857472745,5.388023088023088,25.259774377447823,92.54682807973789,1378.312056403388,62.11707938472576,35.93158691217648,5.827097832550841,0.5842613011969467,565.9878641172348,49.95871050770735,4.976777963478437,79.0796152718203,62.77539753002988,7.388010839015741,99.5283785568412,13.439303567025101,604.198914242516,2.50875350140056,33.84145036099446,43.81280924894853,12.957139930461603,1.0224967061923584,2.6522513497231923,42.075550193627976,18.499335256539247,0.0,104.26650314038004,26.252499813905324,67.33133867273924,258.67822585583144,3.235911480497858,3.3922863398232854,49.626958554568304,4.244546133411076,8.470436507936508,231.95143048156487,2.4664624831414046,6.854564685207082,11.39060631485623,48.6660197802473,21.371064863918164,2.0744364857152213,3.97941932002417,40.27589617158205,12.765481291997459,29.128863754397308,91.06013098737026,13.4012384583463,24.062222799894368,5.461621407822388,14.866485672551848,3.932135083599212,39.47985351865876,6.899089635854342,10.866145838516527,4.519825632792774,16.63822732231708,52.410432266562445,1.110464778503994,3.759696548130456,6.365154625068418,82.39075510442531,0.5644851880145998,0.0,10.296125266345854,0.5324074074074074,14.71473741205884,13.183199332439528,34.66909421596922,3.6891875800909095,152.87093258281217,21.996660020414705,24.796880901604297,0.773922902494331,12.818122736433702,1.094169468553705,0.790079365079365,2.438822751322751,2.432408982111363,30.058425674355846,10.354849603875047,0.860828973990618,15.140053823264607,13.821876189025566,1.3314176245210727,24.51803984164109,32.482004326393636,11.277926643980566,12.10817392296432,0.0,1.2816235376073104,8.460912698412699,0.8333333333333333,1.077924694652636,0.0,5.5593232158183135,0.5693113912231559,0.9977515910578791,0.6944444444444444,0.0,13.379368075454957,31.648793183940242,27.20207665250008,8.791751256406428,0.0,0.0,6.807224226625791,14.332629881012235,0.8483217592592592,5.322064918903999,5.402050264550264,4.698284274050205,11.060995873445163,1.8385579937304075,11.866313079362799,17.52728953569344,5.16005291005291,2.2305021367521367,1.8759368026609406,0.0,5.934890681884307,12.223610936539858,8.49224166396725,3.119754168245547,1.0828203432370098,0.6054973123938641,0.6257697044334974,0.0,11.212860135960625,2.732626238140944,1.6045725851529422,6.294528691106072,0.0,0.0,8.226227840652646,0.0,13.175296616963283,0.0,20.08038025965372,9.602878181187004,0.0,0.0,2.5486827799201026,0.0
5858.208177467802,491.3323702943108,1120.3720160452424,87.94068803120143,514.2514870912778,76.74796554501829,73.10157989739525,225.67658935940034,65.66168538569254,1249.1054324739998,11.95819533664145,235.30564039483212,605.231416931819,838.103632978454,74.58163506988694,46.10674951630789,2000.6930762516822,17.981623408997287,249.7006630960084,117.55556487735272,30.42865429791608,78.68347189940046,36.6233888292159,43.083136378458015,82.51475005490552,220.01676610397334,47.58823669021037,21.079448702304013,473.8457531052715,36.37219117658118,3.236997790569219,10.83693449686954,195.08002860788233,19.786002623112783,11.735021305574843,7.940074048267325,20.37612279271924,1.0683384383074785,8.928966536109392,20.354901051329623,172.20547461855537,1.3361054150527834,19.101880208854205,140.48760460109344,63.84282460857901,2.0935247094724736,3.9051443543924744,16.4102615891979,12.904208922852606,7.52293880071965,0.0,0.6714766714766714,0.0,21.23731867547657,0.0,0.9612761403174936,1.4201792359687095,135.5812732610636,6.384559884559884,27.727373070807086,222.32235404201842,23.736742424242426,0.0,328.22675058859267,11.019620465741156,1.5446643303786158,1.3020239993924203,0.0,0.0,23.719576719576718,36.558866954543646,8.203463203463203,35.89358793177163,0.0,1.3103226138940425,2.912696378391867,0.6526575276575276,7.571428571428571,1.7169312169312168,3.168986906508421,0.5416666666666666,0.0,4.39447050443291,2.546642441379283,2.288371350871351,3.485170583384869,39.18650793650794,0.0,3.684151606770654,0.0,0.0,1.6636466255827156,0.0,0.0,0.0,0.7997072372072371,0.0,111.13293002770153,50.77723665223665,16.86290783531043,12.545532075137338,187.44792244792245,3.434028841696718,0.9996947496947497,2.5544733044733046,0.0,1.8249854434064958,0.0,3.4244615993384464,0.0,0.0,52.13509032999164,1.5219542362399503,1.0726279869081727,0.0,0.0,10.451260727576518,0.6767161410018552,0.0,0.0,0.5816551869183448,3.428571428571428,0.7723259535994498,0.0,0.0,12.783549513324793,2.03322356115344,4.582869744634451,84.27435064935065,448.3408787901739,4.511724386724387,0.0,0.0,317.1783573005225,7.892441538792471,13.618300103609435,1.299081035923141,0.0,5.366928210678211,4.473311729304653,0.0,0.8746693121693121,0.0,0.0,14.655268342768341,0.0,0.0,1.4306077694235588,0.0,0.0,0.0,0.550595238095238,0.0,0.0,0.0,3.333333333333333,0.7463369963369962,0.7557720057720058,0.7382091592617908,7.15530303030303,0.0,1.25,0.6743197278911565,0.5822769278651632,0.0,0.0,0.0,0.0,0.0,11.824469181612038,0.0,6.089105339105339,0.0,1.0158730158730158,0.0,0.0,1.3703703703703702,1.2353048242340439,31.469291042382174,0.7005070546737212,0.0,0.0,0.0,0.0,0.0,0.0,0.8495670995670995,0.0,0.0,217.04657477025899,0.0,135.45199938949938,0.5720470006184292,0.6313890787574998,9.323928056070912,2.7132936507936507,0.0,0.0,0.6489234449760766,0.0
3207.7120647318466,1358.7539405931027,1145.6036938136867,482.4756497292016,837.8617880706615,231.86126042412258,409.2561812416111,337.68458319414253,354.07103529778016,1204.5752522105379,369.017000506241,265.365127037051,652.7573928391038,316.27260456648196,332.7140412927202,373.3194616508898,953.0676895682907,180.60447712936394,187.6785508559364,313.67765480582494,839.2015422302543,435.3817919683933,235.62344963775578,593.1005500776095,266.812619274855,310.874656838494,288.4163629481701,55.06715999988168,507.955356328584,307.6817088900085,79.99065951589655,110.65066335212552,243.2365611548898,148.19895302421978,181.67287187941443,152.14236089817885,12.251035905815318,17.95053547172355,140.76032655736566,69.17610026808215,137.98238130289732,32.23349025691739,97.61069705837653,97.36482886131596,27.618859512705942,9.653121810055966,244.65191573580213,27.510515648567118,104.97894995165285,64.3347961584364,14.932654061860786,4.009504205132089,28.60758425296634,35.44658251524959,39.66729291090746,62.34932596819475,13.915838005805112,222.69889237198703,28.422376834011388,208.82722194332013,46.00569606464822,10.591081289997698,11.865397796647796,48.736115720811114,90.78844797280503,0.583850838315124,11.55375914263986,26.31876318121204,13.036787233869614,22.984854730435895,39.00470951355864,27.37106618657035,79.33239664425211,6.374159366032431,14.653231920708388,49.39284573562196,9.483232635327807,7.760989010989011,17.338214379574673,2.2561373494702677,79.81342644116212,3.4282217986262102,4.851165892088511,33.139570309220076,36.9963963988893,17.922261284044417,20.23134973742697,8.28478929150708,15.892103129198626,8.795104837553932,11.272700047819983,62.20419078476334,11.74716492657669,15.71380340720511,19.026481041823896,52.43159383806959,41.63276265918476,40.27836116805737,10.221964090645765,22.357293394541006,19.89197523203586,59.03671247511587,14.42241435399982,9.354843424832275,19.160579395056576,68.78342691886662,73.81956696638808,1.9493702531517658,36.555843471341085,6.067994505494505,3.6096811690935704,22.67516855542296,5.1508270597102515,2.8411139181512692,0.6672794117647058,9.303535950381713,4.500552398989899,19.608355942503014,25.892439726473338,14.22949443281924,17.615968014366647,5.42901966454598,17.90117022375767,0.6372793872793873,53.318718088627236,31.69622399295449,5.594098733607662,10.110615732306908,50.27467756867616,61.44855120817559,27.377066385867106,7.895913711249845,3.673886684303351,61.96981997301776,5.72988292393033,9.981292761375402,7.124262224118713,2.743181818181818,5.704780545821567,30.8707761874788,9.35679574860247,5.7337037942266225,9.96617999942142,8.532625534188034,25.498451980166376,2.8853998509343213,15.879285779687288,6.9383398006076025,0.753968253968254,8.042756331359273,3.8245110544217686,2.6480966100073395,2.1138392857142856,8.747893662295835,1.7207019171304885,11.724168192918192,18.830982859344203,3.5641939079439076,0.5345695970695971,106.25927231318387,1.2826793053860315,15.776368601612903,1.058748543123543,13.166821704347214,6.1346717527541825,43.422699887267385,1.9070533815599604,9.53463379370887,21.935347306311257,14.749794898636672,2.284088027855535,2.365169627237977,1.8585028018077554,8.671731046731047,2.3229583597230654,1.9592316724669665,23.83197861602144,4.41597224614466,50.48970585426062,3.45896136027715,2.0099528447742734,7.6647674380757085,4.0412660256410255,1.0028789293495175,0.9218640138241531,11.893093051878804,4.243193723273057,3.4764172525610433,0.0,0.0,2.0201081298551538,4.6787067099567095,6.628445587150944,12.770729787861843,4.281181157116399,3.2305294900270387,0.688563751063751,0.8678637882585251,0.8463573463573463,0.6382275132275133
578.5072883150949,79.08439922901903,30.191573705505593,26.968812777636305,249.02213274198567,10.86987505029112,67.08666225749559,67.82142857142857,272.4726041931924,154.57705026455025,2.3293067226890756,26.684955853686503,75.52007879175062,90.96001471295588,7.175070028011204,1.1865079365079363,71.75596829640948,4.3809523809523805,52.51416947250281,20.702380952380953,20.296293070073556,101.82121599304261,1.9511360099595394,2.676900584795322,1.1111111111111112,4.056022408963585,162.53543488102312,0.9259259259259258,163.36050278697337,2.4820384294068503,19.42361111111111,0.0,4.387301587301587,11.154839713663243,1.1111111111111112,0.0,0.0,1.1279178338001867,4.361111111111111,0.0,0.5856307435254804,1.3071895424836601,0.0,0.5555555555555556,2.2777777777777777,3.2461873638344225,3.4894179894179893,0.0,0.0,2.2222222222222223,1.8518518518518516,0.0,3.207749766573296,0.0,1.9753086419753085,1.6666666666666665,0.0,6.666666666666666,0.0,2.0,0.0,1.4722222222222223,1.3177910052910051,7.4713804713804715,1.6975308641975309,5.7407407407407405,0.0,0.0,0.0,1.1111111111111112,0.0,0.0,0.0,4.37037037037037,0.0,0.0,0.0,1.212962962962963,4.559523809523809,0.0,0.0,44.3280097897745,0.0,0.0,0.0,0.0,3.333333333333333,0.0,0.0,1.1111111111111112,0.5555555555555556,0.0,1.6266835016835017,3.946338383838384,0.0,0.0,0.0,0.0,1.1583820662768032,0.5555555555555556,0.0,0.0,0.0,0.0,0.0,0.0,0.0,2.7832722832722836,0.6666666666666666,4.166666666666666,0.0,0.0,0.0,0.0,0.0,0.0,0.5555555555555556,0.0,2.242063492063492,0.8333333333333333,0.0,2.0625,0.0,0.0,0.0,1.3888888888888888,0.0,0.7847222222222222,0.0,0.8333333333333334,0.0,0.0,0.0,0.0,0.0,0.0,0.0,0.0,0.0,0.0,5.24568365357839,0.0,0.0,1.6851851851851851,0.0,0.0,1.1111111111111112,0.0,0.7407407407407407,0.0,0.0,2.0,1.3088235294117647,0.0,40.28089013383131,5.7142857142857135,0.0,0.0,0.0,0.0,0.0,0.0,0.0,0.0,0.0,0.0,0.0,0.0,0.5555555555555556,0.0,0.0,0.0,0.0,0.0,0.5555555555555556,0.0,0.0,0.0,0.0,0.0,0.0,3.626984126984127,3.888888888888889,0.0,0.0,0.0,0.0,3.332491582491582,0.0,0.0,0.0,0.0,0.0,0.0,0.0,0.0,0.0,0.0,0.0,5.0
1813.0407761567922,613.0806423133223,591.9867384252939,301.9920545758304,398.3108495330884,209.16487403079,275.5082270665158,277.3663751358531,97.32010975431113,518.9144857805467,93.81553752246012,105.3074617842475,201.76518408715603,366.45731048529615,187.66181582135675,124.7356087716743,575.4276195466186,55.021391566007296,72.52906230630401,446.8572309692675,251.8084600370429,356.5662592347174,29.056183001741044,316.53435466518823,92.81873481891034,279.47504038198986,266.02159684348914,47.48556425937378,124.02682611393159,141.71835194321682,8.676830056398629,72.41432649812425,113.99340595975582,24.058427736746022,35.41545055061186,83.01885708999131,11.152940115440115,0.7953643578643579,126.84133649690315,7.378919958023968,35.20548412125793,3.9950555979967746,119.14282102844739,73.65711515551631,93.77969103351137,43.92325809111524,28.488584197269567,31.20224816940503,20.614827721359674,16.408860156268204,7.2124312091417355,3.2332135457135456,18.851572377204157,8.763354972095573,24.121934081570302,5.81042152639897,28.88936618936619,242.04644300154555,3.600908350908351,75.5527136182725,19.5924880406962,3.6226571268237935,7.292210798460799,25.538560205226872,200.53380276075785,3.8979952587095448,1.2501489143931004,10.850881261595546,1.1039784490871447,6.20126985314151,10.240936147186147,9.095462407962406,43.40618914172566,1.3415704665704664,5.969205586003759,8.404248062861509,1.2501073572425645,33.78805916305916,0.0,1.1325040991922806,8.361384433599856,0.9096459096459095,27.310612502576788,1.94423163337637,1.9841585767337646,29.678203905882476,21.29176105327421,0.6319444444444444,3.5811817151102865,5.25177368927369,1.6867535903250188,4.486083308921654,1.8386243386243386,0.0,28.429195011337868,20.358664361953835,2.564969422112279,21.118990039171926,17.04400724936439,7.73332315152633,9.079134599967933,39.82398570344999,7.104747819072694,2.393497679916853,10.616977404572118,6.592655430061445,4.210284233310549,0.0,2.5212318340414313,0.0,0.610866316223459,19.43336429999964,1.7454906204906204,0.6802232854864434,1.7658730158730158,0.0,0.9506725713622265,3.0008061823538013,5.179150710400711,2.857702281615325,1.413804397357029,0.0,7.870536826057896,0.0,5.816798941798941,18.41420801174645,1.0879600998648618,1.4144721019721018,129.22120040939947,5.961269613209268,11.335467772967773,2.329743008314437,0.0,82.67884453509454,5.912101456744313,2.3289919563668406,7.44697685471495,0.625,3.192550505050505,23.025787729226924,0.0,1.8770849413291273,1.3183621933621934,0.7175925925925926,8.091583350511922,0.625,1.6891828235813198,0.0,14.055555555555555,0.0,0.0,5.62396067314978,0.0,0.0,0.0,0.0,49.003803339517624,2.756703944203944,0.0,12.801257472686045,2.62360135310955,70.47601222307104,12.215337902837902,12.340232113923975,0.5874433106575964,2.9514430014430015,0.0,5.583036380830499,0.8746896987028566,3.8823923987457825,2.876796814296814,0.8133116883116883,4.363095238095238,0.7063492063492063,0.0,0.0,2.060876623376623,1.4087301587301586,11.627449313058557,0.0,0.0,0.7205687830687831,0.0,0.0,0.0,0.7443934511603684,1.5928615731247309,0.0,0.0,2.1203703703703702,2.412087912087912,3.2490530303030307,0.0,0.6001984126984127,6.105967765894237,1.2777777777777777,0.0,0.0,0.6084656084656084,0.0
2598.866337323914,638.4030716276427,549.1412741706712,285.75906607442494,796.3645993484341,85.3847219838748,396.35336202281815,495.24296191014054,79.20946766002174,372.9965347708372,78.74101684004194,71.63535233887518,175.96393215723788,487.39025393501595,166.16230793468554,101.34578639529357,581.5724267090592,33.821393933102726,57.96568757567108,455.37738308707344,353.121120380625,850.2646530666292,41.03994871544795,329.53448052075305,93.92267892036378,137.4731826340402,230.27494566657944,30.41619323687776,126.56180064804228,186.27918324000422,6.928050108932462,107.03542908551341,151.37834552398252,30.581272162936003,12.120960517230678,109.25617997504476,10.121506734006733,3.6697931697931696,111.05827921336764,3.64277926658879,43.621032807062214,6.443990649873003,82.22920451816819,103.62622423016754,91.96839387464387,40.904377374223095,50.38105654410002,24.84959716209716,17.659626666323096,13.031479907289707,9.613932704006233,3.5389610389610384,2.7351402682285033,9.000378681395443,16.46239061864062,3.146902700474129,28.766233766233764,283.85810188605166,2.0444810499957558,104.80851219091058,19.82507827123791,0.0,6.351851851851852,8.574564754131318,226.97009514078965,1.0722875008589294,1.070144125587674,4.1481653267367555,0.0,0.6362433862433863,9.451253063385415,14.098349567099566,16.82965818903319,2.2848230201171376,4.596339040666772,3.9687193059041794,0.7464512231954092,127.90359899280693,0.0,1.8975273581959253,1.6666666666666665,1.9791666666666665,12.627085483251582,1.213083213083213,2.947283664136131,19.99422382978055,13.17421615448505,0.8333333333333333,3.1064483874357824,1.2910993576316157,0.0,0.552051123479695,0.6696428571428571,0.0,30.786706349206348,12.971500721500721,0.0,12.297733516483515,15.82128002716238,7.607639841979032,3.787229938271605,39.3544435117364,5.52951138367805,4.7425108932461875,6.488319666005861,0.0,1.5225694444444444,0.0,1.2268368205868205,0.0,0.0,10.83240050712961,0.5451362363127069,0.0,1.8137254901960782,0.0,0.0,5.9583533750200415,1.25,1.8601190476190474,0.7965367965367965,0.0,12.060293199771492,0.0,2.5,8.625732091797696,0.7106037701275796,0.7074006957727889,107.5802359964726,0.0,17.700359689330277,0.0,0.0,40.84932708497595,4.839285714285714,0.0,8.451058201058201,0.8982683982683983,3.6441919191919188,15.732265254586682,0.0,1.507936507936508,0.5717893217893217,0.0,2.133387445887446,0.625,0.0,0.0,44.869281045751634,2.2222222222222223,0.0,6.6859991859991865,0.0,0.0,0.0,0.0,53.213235294117645,5.069504569504569,1.25,2.249327101319511,1.6666666666666665,69.375,15.423453161825254,11.641865079365079,0.7692307692307693,0.0,0.0,3.269242450768186,0.0,0.0,2.4870129870129873,1.2651064213564214,1.8966450216450217,0.0,1.25,0.0,1.2592592592592593,0.0,6.243087557603687,0.0,0.0,0.0,0.0,0.0,2.0,0.0,0.0,0.0,0.0,0.0,1.3149350649350648,3.4999999999999996,0.0,0.0,4.422919672919673,0.7962962962962963,0.0,0.0,0.0,0.0
698.1742629101736,182.91047613360985,192.44251087477457,81.6523433912053,249.36557919994718,21.622257236227824,81.04697735854378,123.97667359873242,24.216983257949643,113.20543337705452,13.379619729836378,43.11933687616461,67.99711777873542,142.1493195257901,57.41608629562936,37.10091814503579,126.3726316031463,1.3008391390744332,1.4245509392568216,86.10787677232496,140.1355685952542,219.27479281993243,11.777777777777777,47.273419566588444,45.64758125472411,19.043825863678805,40.3416669994021,1.4285714285714284,20.247425940072997,40.50557944086994,1.9656084656084656,22.997630718954248,49.11236410272921,19.98228180160953,3.0391414141414144,28.674603174603174,6.9682539682539675,5.449603174603174,24.08033213285314,2.1666666666666665,14.208430551707862,8.769047619047619,7.443867052994037,17.819811443095755,2.1865079365079363,7.624236874236874,13.787388897939973,1.8707482993197277,3.095238095238095,4.67063492063492,1.857078853046595,3.3116883116883113,2.2777777777777777,5.7142857142857135,0.0,2.126480221718317,3.726190476190476,101.29707890324588,1.6142857142857143,25.903085357337748,7.993197278911564,0.0,10.773809523809522,5.658730158730159,20.049219687875148,0.0,0.0,1.9047619047619047,0.0,0.0,0.0,0.6547619047619047,3.94363372589179,0.0,1.4327731092436973,0.7142857142857142,2.1904761904761902,95.1566270936527,0.0,0.6428571428571428,0.0,0.0,2.893298059964726,0.0,1.5441176470588234,3.5219421101774038,0.0,1.9666666666666666,0.0,0.0,0.0,4.064935064935065,2.0,0.0,9.587301587301587,2.5,3.0476190476190474,5.755332704929479,0.5555555555555556,3.0801431683784624,1.3888888888888888,13.264925161983985,1.1428571428571428,1.184640522875817,0.78781512605042,0.0,0.0,0.0,1.3095238095238095,0.0,0.0,1.1997808566818984,0.0,0.0,0.0,0.0,1.25,5.2936507936507935,0.0,4.033333333333333,0.0,0.0,0.0,0.0,0.0,1.1111111111111112,0.8452380952380951,0.0,5.722222222222222,0.0,0.5042016806722689,0.0,0.0,18.003487253487254,0.0,1.965986394557823,0.0,0.0,0.6884707287933094,7.999999999999999,0.0,0.0,0.0,1.4030612244897958,0.0,0.0,0.0,1.6666666666666665,22.27116402116402,0.0,0.0,0.0,1.0,0.0,0.0,0.0,16.666666666666664,3.214285714285714,0.7142857142857142,5.0436507936507935,0.0,0.0,0.5634920634920635,2.0218253968253967,0.0,0.0,0.0,0.0,0.0,0.0,0.0,0.0,0.0,2.0238095238095237,0.0,0.7142857142857142,0.0,0.0,2.6706349206349205,0.0,0.0,0.0,0.0,0.0,0.0,0.6666666666666666,0.0,0.0,0.0,0.0,0.0,0.0,0.0,0.0,1.25,0.0,0.0,0.0,0.0,0.0
969.6898132157299,344.60900496083474,400.6081578647607,242.23206571066962,227.98890877640878,35.907327490048075,81.45391905361663,190.38194733024844,47.700310757712074,243.64031552024971,107.1577092396302,113.25863442113442,482.47214282949716,45.072082084582085,52.01821754634255,20.591773966773967,507.97343839666183,16.672092664280164,11.268977229046675,239.68834667702168,285.234068147461,184.35700764512353,27.06344118844119,78.90097921418486,17.714806781689404,21.925099206349206,95.6447683329543,50.28382937868232,132.34542043604543,57.83081004643505,112.65553092740592,10.801196951196951,151.697434126188,32.91729741867609,5.149320586820586,13.667372847060346,281.1619955690601,12.106023343752002,18.430947293447293,20.950163262663263,31.142144770434243,128.53640363728405,11.045953525641025,28.67087328181078,8.030222092722092,9.075733525733526,6.942396313364055,13.897944647944648,17.273820623820622,0.9424603174603173,37.00167846639621,57.50244662744662,6.9586251167133515,1.9444444444444444,4.14945818070818,11.215904754967255,184.9871077996078,224.41953593884406,5.5296599002849005,52.23073776856671,7.027148199023199,3.3055555555555554,91.81397075147075,59.896854765604765,16.462166537166535,2.593981481481481,6.30141133461446,0.0,14.902867965367966,0.625,0.8397704725829727,0.0,10.984921142179207,3.3564814814814814,6.471321434556729,0.8392857142857142,0.6412037037037037,614.3419361144106,46.72975982350982,0.7799145299145299,34.99413780663781,7.640842953342953,2.954093512404962,58.38010444201911,0.755787037037037,13.208995633995633,10.499720187220188,37.83251242544006,0.625,3.5686998186998187,5.320535714285715,6.229166666666666,0.625,25.52715648548982,0.0,0.5357142857142857,18.324664918414918,26.35511093595771,2.15625,6.035200447700448,11.847906144781145,75.35231782106781,5.277777777777778,1.7154558404558404,3.378968253968254,1.4620535714285712,0.5111268939393939,5.9668803418803416,11.110576923076923,18.851713090973927,9.57829785954786,27.566811675014797,15.323743386243386,1.553030303030303,1.1574074074074072,2.4027777777777777,1.25,0.0,0.0,1.2000000000000002,8.42244560994561,24.733721139971138,1.5787037037037037,3.011243386243386,0.0,3.3666666666666663,1.1287450396825396,25.704888793124088,11.189217032967033,0.0,0.0,0.0,1.3333333333333333,84.18117509683299,7.862726972101972,1.1111111111111112,4.931089743589744,0.0,1.6226638504864312,0.0,0.0,0.6539351851851852,1.625,0.5972222222222222,1.898148148148148,18.581698394198394,0.0,0.0,130.03264973330764,0.0,0.8388888888888889,3.0586512445887446,28.092816479329635,3.666666666666666,0.0,9.910185185185185,1.9166666666666665,3.4722222222222223,16.631436314363143,5.6178977272727275,4.31547619047619,0.0,0.0,9.13510101010101,6.999999999999999,0.0,0.0,1.8845238095238095,0.0,59.817583144368854,1.9537037037037037,1.303030303030303,1.4444444444444444,2.142857142857143,2.9166666666666665,8.394574175824175,0.7152777777777777,1.0805860805860805,7.745486111111111,3.4735091297591296,0.0,0.0,0.6666666666666666,2.4902597402597406,0.0,0.0,7.7976190476190474,2.5972222222222223,3.4515873015873013,0.0,1.0074404761904763,0.0,2.4305555555555554,0.0,1.972222222222222,1.6203703703703702,0.0,0.0,1.8184185606060606,0.0
680.4905455814936,193.02382635581256,361.5633741714126,239.69242352125082,106.7464291271033,184.23384421241784,81.51256521112887,289.16983506779695,21.550560350883295,260.8746432461711,27.956988393000298,42.87248017055348,39.97329025553634,131.033363185079,36.168261945517585,4.689247427753175,458.67414755772757,18.223761853226137,32.37283491014694,135.02259061061216,32.198239245132605,173.56669084970736,3.7811791383219955,95.12811280797392,186.76450542867406,27.909712713722737,21.575468026125918,30.315977524359152,68.35912618443406,58.45576659239344,13.694552735624164,16.256420712408385,14.371434205208983,27.436714849482904,8.936438309623428,12.818050238743515,140.59890903425548,12.10910249880838,5.366466536109393,3.868789940218511,35.58770965226823,0.0,33.052345496490545,26.23788315309413,4.253756274589608,2.1907854050711193,1.2891156462585034,20.23854604840341,10.005219427838476,23.37896143305807,0.5119448452781786,0.6714766714766714,6.492965367965367,1.6912356649198754,2.238095238095238,2.045959001316144,0.0,23.148237546777874,2.965909090909091,59.853013877368944,6.315506227134884,8.87941919191919,0.0,4.009241854636591,31.468497977118666,1.901807187521473,1.1572871572871573,3.8728527541552746,3.4480519480519476,4.462632275132275,6.867833816142086,0.772907647907648,36.496534692613125,0.0,0.7547670583384868,4.500650639043496,1.9264670514670512,0.9047619047619047,5.17526455026455,4.585653573175088,0.8333333333333333,0.0,8.177923528017512,3.171642441379283,3.434204684204684,0.0,2.1626984126984126,0.0,4.919270654389702,0.0,1.25,22.65544904830619,1.056547619047619,0.0,0.0,3.334429459429459,0.0,1.605750180154942,2.093524531024531,2.0573522797548773,1.1666666666666665,6.672077922077921,2.004204280293209,0.0,5.040584415584416,0.0,12.353957385207385,0.0,1.4661282660051131,0.0,0.0,4.211635860484544,1.5219542362399503,2.3058673352790997,0.0,0.0,2.8986291486291482,1.9267161410018552,0.0,0.0,12.981879231879232,8.428571428571427,3.2065364799152394,0.0,0.0,1.8341207013959824,3.069096496697428,1.2748340303487362,2.648989898989899,12.28815647072226,5.22303391053391,0.0,0.0,32.203364262371615,2.429272763123695,10.490364260213065,1.8948412698412698,0.0,0.0,0.9246275187783369,0.0,2.937169312169312,2.7319109461966606,1.282051282051282,1.6390241702741704,0.0,0.0,1.568452380952381,0.0,0.0,0.0,1.0808982683982684,0.0,0.0,0.0,0.0,0.7463369963369962,0.597041847041847,5.853174603174603,3.821969696969697,0.0,0.0,0.8826530612244897,0.0,0.0,0.0,0.0,1.0633116883116882,1.6807359307359306,0.9163059163059162,0.0,0.0,0.0,1.0158730158730158,0.0,0.0,0.0,0.7528486838831666,197.74285676759263,3.200507054673721,0.0,0.0,0.0,0.0,0.0,0.0,1.370400432900433,0.0,0.0,0.0,0.0,0.0,1.3756184291898577,0.0,1.1989280560709132,0.0,0.0,0.0,2.5,0.0
1094.5762891283334,335.3333298538102,400.75265671264583,220.52032498050548,280.849554102747,39.888723878229854,58.441961733732015,79.42883315035985,126.62973246709701,318.6929633408663,65.01992502136636,49.93081529172667,93.98787796434755,71.08217572506011,84.59908747708553,33.14012157683849,161.52652228484658,71.262836235837,30.013198151357585,49.1916106640822,86.1071294164739,147.39101446932906,81.67370606738417,307.0019745133595,105.46407405350875,59.02521548595898,39.943348911648485,21.93681619896135,59.40315882413917,120.736798783599,18.41889052974668,18.556801259836025,37.035631310797584,22.926803377341354,13.23659495648593,63.38828764962943,4.629090207975857,6.858077063392542,28.900678689723193,74.87429229179305,48.42055381475016,10.878191730313864,17.115440700847284,11.13080414955415,50.132332088028704,9.584001852122721,215.65404571212946,6.057983960053985,36.52303226343862,8.639241435948328,1.6933413268275583,6.887329330596416,21.941581882005394,6.993039617092383,3.656892221787279,8.901998600158645,12.57645295348417,21.273579061935948,4.941744631149135,92.24617346141329,17.402656420807496,6.297059945471638,3.628906761765977,3.2435383910018043,39.576661769788586,10.057769828634994,3.0619616426972036,2.384566516062059,7.334260957632521,6.549042506679353,1.8352251584059394,31.837091334812868,28.36424810925757,0.9553836352081966,11.172275458926404,5.364636634573648,1.0947958787743177,2.8653477277198505,3.576994832914642,1.9643546777204524,9.798483284301405,2.4597686552900457,2.2515541700511714,3.4383467511003007,1.0702196847638576,5.841910786367154,2.3520586422671172,6.394229882391828,1.3588346519381,0.7427487481170867,3.2575989498977114,16.623362192354932,1.0611707532663415,1.555486241863933,6.801748245677026,14.991683480942193,3.166885007693831,0.6122388798772647,1.5806133998640832,2.009517302998293,3.990520128859512,7.026674431374654,0.8247040400437966,18.611659154888322,3.9666177413726436,1.9890888574252545,22.36416223479843,0.9754681780455678,9.9449621539579,1.3835480877147543,2.756111058481748,12.562472120641122,7.413075907827429,2.097669391456655,0.7065489657401423,3.8192991569558967,0.0,0.5645941391219028,5.716345230277119,12.012191298618486,6.359002145515303,0.8040984750543575,1.528076462228248,1.457866785991786,0.9354661060461653,2.301367896133585,3.8656731040598604,1.489454541506525,4.189151348072759,1.7993969819862676,1.4011356065295881,1.918934980819217,3.805485042133649,2.2767755995371526,1.1213555293912436,8.018399633956998,1.031033652210173,18.5066219600857,2.23125,1.793993941414216,3.0623646516151353,1.0364269750045612,1.3558973354231976,5.4703322165079165,1.9565270410018762,0.5882352941176471,2.8950788887420873,2.098399625517554,0.0,1.1672123358947537,0.9283647821476769,0.0,0.0,9.882277740533983,2.094617908169857,0.0,0.0,1.3885836385836385,0.0,62.35030103995621,1.1575828944440323,1.0061340853806684,0.7060381441897079,7.11754773004773,0.0,4.46691987639851,0.0,0.0,9.968170930786629,0.0,0.0,0.5884732484948002,0.0,0.0,0.7828724827513062,4.459549035688316,0.0,0.0,2.28532993657233,0.8993427271539594,0.8636133039203537,7.4552692999456465,3.7043843767981697,0.8183186573527483,0.0,10.787912837506491,0.0,1.5111378878130899,0.5577499129223268,0.0,0.0,2.8114679213303373,0.0,6.445587788544445,0.0,0.0,0.5413776038776039,1.1419610028461704,0.7872041723372637,1.573852259997771
1507.5429787406028,721.631089088769,612.5840256696399,210.79761953556203,269.41840162152283,171.67480807822406,100.46365916165382,290.07713964367645,172.1700178708859,636.2438849267221,147.43412333479594,141.5891086096443,299.9118901588621,249.1465647495504,108.34203833577044,129.20197781929335,503.5304565244556,49.34454880092924,47.211897064138775,158.81916972495625,296.6435398086358,164.22709839555654,19.02768372324177,187.06805283430307,68.00366655384208,271.54521631172463,163.52995307059538,52.799108431251284,128.60433887894436,104.5948400384549,34.78743519200376,53.20349011228786,147.75871391568876,23.68838805420634,49.45452536468667,65.45037154288735,5.211273448773449,1.3509199134199135,63.84331414888081,6.739793652230996,35.03058078385459,36.40940744984862,51.2975829332093,39.87153314493431,9.833787672166837,6.675341424448567,30.02710596961487,15.69722772688459,30.696329552861506,16.95252022713416,14.811465970676496,0.0,35.229134629766406,7.965008411249013,3.290172488044005,8.384953475930919,2.3615884115884116,152.4935949236975,7.28543216043216,62.21712559518448,15.311149798328545,2.76432379349046,2.0033219095719095,27.964491218657884,37.24581717178541,0.9609582216725073,1.2501489143931004,4.525484436198721,5.814097496706192,3.2697883716600296,5.477047258297258,5.323102823102823,25.643623004159526,1.3415704665704664,2.531705586003759,5.904248062861509,3.744612851748059,3.788059163059163,0.0,2.0325040991922805,68.88774156412366,1.371184371184371,0.9772791692434549,8.33312052226526,2.4286030211782093,19.83687393955251,9.934618196131353,2.9431517556517557,2.0573721913007628,2.5835044585044584,19.022695426266854,14.986083308921653,1.8386243386243386,0.0,6.186265718408576,6.511442139731614,2.7733027554456124,31.52375194393383,5.948889404246548,2.6266312323344105,7.829134599967934,40.66642798339227,2.574985914310789,2.867856654275827,8.404014441609155,12.401568738974753,2.6315805296068455,1.1523397237682953,4.210120722930321,0.0,1.2775329828901256,14.965362856998196,9.874723424723424,2.34688995215311,0.0,0.0,4.28400590469556,6.994072175619794,14.938766095016094,2.857702281615325,2.52491550846814,0.5746336996336996,3.2316479371690074,0.0,24.419492544492545,10.522613495151933,2.1990712109759727,5.046659359159359,44.88548612368518,16.465899242838898,4.00213443963444,2.9964096749811033,0.0,92.16083249109565,3.8644824091252663,2.3289919563668406,2.7247546324927274,0.0,1.942550505050505,11.425584569813237,0.9814814814814814,1.1842277984719844,2.0683621933621934,0.0,3.924916683845255,0.9444444444444444,5.87965901405751,0.0,1.5555555555555556,5.625630156880157,0.0,2.6047299039190106,7.259126984126984,0.0,0.0,0.0,5.212136672850958,3.3400372775372773,0.0,14.44655661798519,1.3736013531095497,5.592250940780352,0.7708934583934584,6.262791036482897,1.9874433106575964,4.5902100579732155,0.5917951444267233,2.9898991259285377,0.7635785875917455,11.409173025526409,1.0831460206460206,0.7670153920153919,2.608044733044733,0.7063492063492063,1.6326543826543827,0.6631493506493507,3.22754329004329,2.5992063492063493,17.76190698501623,0.9393939393939394,0.861111111111111,0.6253306878306878,0.0,0.0,0.0,2.383282340049257,2.0254012556644136,0.0,0.0,2.1203703703703702,3.531135531135531,3.2490530303030307,0.0,0.6001984126984127,2.6823566547831255,0.5634920634920635,0.0,0.0,0.6084656084656084,0.0
2198.7237996387253,1124.9717436116175,774.4066030640699,365.5105745318239,780.4843306439118,122.48665545596258,135.51951545241502,418.0790743872111,266.3863690317045,1071.3312378653839,268.62063038344195,186.79376873899258,696.5520357742316,441.7198440640821,107.6933070938593,96.47107404090553,1016.2070044908141,98.79356166832677,154.40303620120147,304.60155096673395,1062.9585067911785,242.95629361859102,55.307305686193295,323.4682287047512,139.7036498225612,370.5983561415639,181.32253655051218,94.90987408048863,151.56735295445387,114.98952010421553,80.00664482388554,99.92784296259573,311.0555165286859,42.97067581588231,70.13633485186102,157.31887659913056,35.25520607044444,1.8758998680958754,108.14661992405496,7.8662707699600904,87.58251999286455,71.78492642576096,37.44714007222606,160.575207364211,6.546795352909904,15.97880518048023,20.57790650173023,40.534081549783714,69.80063484577435,43.52665961827817,31.72090341502395,7.382938300551664,50.181378167338764,9.065074488979079,1.1693840793205585,19.450996317637184,5.170202864844292,318.9701318625967,3.574466687443094,74.924135729315,26.022341094074307,4.465181261233893,7.746562636287535,86.23368191536652,27.00550614221878,3.434332358674464,0.0,11.349933155549282,25.997261859383336,8.642097900293226,7.312330889649726,21.46722799995259,16.116072945174242,3.5926240464012698,14.933524044578206,8.501589471514285,5.78248657716477,1.5356637495646117,3.779384131698106,3.3006493797479886,133.82773226529332,6.749454360100293,0.0,9.464423051741564,7.771227537894204,36.22852834743877,13.46440732372804,2.659864149008886,1.5299755069491912,3.9284419284419285,63.93843882743863,135.12250974919078,1.23358515123221,1.9909866751518295,12.955220917165109,11.412891078382964,10.416283142663012,56.67013243799961,9.108924529178479,4.04204752782339,4.362001374138398,118.95508926892111,7.390634806986846,1.0264332866149908,15.634978054946918,13.758564170735891,0.5283959510555094,1.7489674790786458,55.533091901062626,6.498254604872252,8.186422229678055,40.79464658381698,19.982897417677542,3.3172122274686378,0.0,18.076214063714062,8.690297973944018,11.470982778690356,21.61304317505298,1.7088744588744589,2.0825096838027872,9.170157406559136,6.7287740041238155,1.0947731605626343,36.66447741798708,5.136143159508735,2.1326093740567424,13.941864008311377,66.96305526465758,42.161620677327946,8.70431246993747,5.579020492494519,3.7387180629827688,254.831415317612,13.952794692312235,6.144079620554212,8.517395106587392,5.490838184803702,29.37015937422284,49.255746625974325,1.9248806748806748,0.651475870111121,3.9912876554130423,0.0,5.116783032478521,1.4136506768085715,4.691931272750238,4.082563841387371,0.0,8.968028738157248,8.865133477633478,12.73312423873426,11.887734487734487,0.0,0.0,1.8376602564102564,4.009433750905997,1.0824460067503021,0.0,259.7340779647091,0.7768410926305662,18.447253905716824,0.0,18.846143657623934,6.971936961547351,8.844226451740386,1.2387177093059445,4.403526097440571,3.089938089160759,42.25373024006151,1.4777840048862432,1.2724970675288279,2.7833583872603835,1.8335222853371673,2.3705020469726352,3.597844205602826,8.321215494065992,5.030352347037919,46.09411287547131,0.9570707070707071,1.8274743230625583,0.0,3.129848909260674,0.0,0.0,6.665527335733243,6.591887795062929,0.6152882205513784,1.30165410991983,0.0,1.5476178913678913,0.0,11.28445165945166,0.8023860398860398,2.5079191033138404,2.61541950911146,0.0,0.0,1.4816017316017316,0.0
9117.31031684074,1944.3756453762294,761.3511388743007,1004.9482446201774,1359.8849565456812,646.7032924661463,363.7744461679052,284.1197348911538,3350.1897659982574,1651.4821530580246,182.7931043683488,104.532094476794,326.9503460991751,439.9213405130627,403.4655022832084,182.3384073455473,997.2706737088319,83.06694104091692,138.4356035045527,358.4715632098713,209.92428154692382,619.2614190135299,183.47190808067484,523.5144192045685,151.6919691027617,28.504941078780117,104.7643196462778,30.751118531511786,81.27851498892952,42.22833015722602,555.7413761020462,116.36170448910457,22.70653313819392,228.810478309293,204.8826676219293,72.6710208298329,16.087189437048657,388.71618437149806,20.082415124192188,46.471913717535955,36.68930312234774,383.8972928212503,68.79755693956801,25.648630979753428,10.219362498445703,299.29098521054703,129.5461714366187,27.28329249750432,87.94634214807267,53.16844740978164,69.54163179365032,111.76302650694461,116.95509082732643,82.1205110578791,34.69351466218901,21.940729526132277,458.69223438777266,86.4719813588084,20.437933431543563,9.038070434694296,10.093402543364945,42.57850875415867,62.680565296414905,67.03354305187301,29.778473304069404,49.93286637575589,239.31672038504388,51.10024792513698,117.16398553465989,27.97518209966583,6.910999572393757,13.124395955387383,8.778079473335783,175.67331566414998,44.66361723874276,13.405794800112183,3.5553697598570624,8.119731354080093,8.61350086011416,24.403075455777884,121.96380076122831,150.68971768594218,7.273631866999214,29.995570186518464,3.924134595563167,17.87399866534279,2.170625857660455,93.71486734023124,3.0286523023591987,42.685930806685455,35.09035598123474,26.586404974336006,79.30819844939253,18.146289043408867,42.833935014611214,10.68296437279196,2.956150793650793,2.3358655360590617,5.040432222402666,6.168731778425657,3.1351795017347444,1.2986835428247336,0.9015639191131802,0.0,0.6963239649570634,69.764210512818,9.543061866426529,17.48918486412329,0.6486017386656953,324.30807905759565,8.619249851134088,1.5961862950308328,1.8615972059321813,50.101475591725624,43.39876775341061,29.652755140556035,36.835593311813454,0.7829610758243764,21.766043791253875,752.5206314078531,6.89875283446712,12.709457937020963,0.7413592865273538,3.16579452293738,11.338397368337006,3.226537721315632,1.7060319948250982,0.0,0.9092011443197145,119.89444275267276,2.428288804898483,42.93074256522532,14.393019910775198,1.2941191325014854,0.0,0.8367423249341535,0.0,25.785403535201212,1.6757575757575756,0.0,347.7570442150011,1.1233285167213738,11.848988762171535,5.53696825152869,0.0,34.17808383723256,13.553923365710839,31.720042589685445,1.7582833133253302,152.6784086290447,7.438745466551589,0.0,9.892305641870466,48.372127143388575,460.80120979433246,84.87889304783963,0.0,0.0,2.5229885057471266,0.9995708737791777,10.186057033537008,0.0,0.0,5.420531849103277,0.0,103.90181412308513,11.34311960715022,1.1111111111111112,0.0,0.0,0.0,0.0,0.7433997408487204,10.776388888888889,40.401983131266284,11.664580659103468,0.0,0.0,0.5783045977011494,1.3958597231996246,86.987601641858,116.92346281321167,11.363444368986242,115.80102910631823,15.272135633955362,42.163741020883876,0.0,36.608440224718564,28.218877093057454,47.69055554413137,0.0,27.965163730176045,0.0,36.90713229231086,0.0,0.0,132.89640566767778,35.58258205171089,0.0,108.19521808451722
684.547250646456,350.2145593823717,238.8964850480936,63.43687686507678,282.0305804537004,48.920964132249296,80.6016430410856,185.347696293694,36.44858956847505,123.20033187915081,57.93677261685287,41.387792462211344,123.64029187476923,119.04113445069909,72.66402443523926,43.864894073600986,177.05661591173603,24.308497107705904,17.979576464559972,221.61003719405332,105.35125214017921,236.80719852795986,18.048877286876518,144.29814349857043,54.22952999412662,70.66845009571003,88.53733968669137,12.925724827291704,46.951179733009596,18.751780867166552,39.2390289449113,20.363172133157782,89.61124648434925,25.22079943849269,20.072680093950254,39.33980266022994,19.421109908609907,9.128126503126502,15.777682129572886,1.7553784729379966,26.430644151600035,19.61159102335573,7.989993208644378,75.03671553195142,4.389690170940171,25.660563181879493,0.910675073718552,9.805946368446369,8.464633580705009,3.242246014567443,18.06496052966641,27.00225468975469,2.03742784992785,5.1452199512367125,6.375089031339032,0.8552360338074624,3.051948051948052,95.86782920368765,3.6972588277735334,22.875996457686696,5.252161604571243,1.6349356661856662,1.6574074074074074,17.188704269586623,46.128188533185366,2.2945097230811515,1.394218199661748,2.7473716759431044,0.0,1.1917989417989419,10.423475285607639,1.20995670995671,8.415214267525192,0.618156353450471,1.3880057073334384,0.6353859725708465,0.854978354978355,23.129395252299567,4.821428571428571,0.5667981915292587,0.0,1.1458333333333333,1.6270854832515822,1.5110134963076138,3.311866997469464,9.76141959697632,4.254662698412698,0.0,1.1941676856813965,0.0,0.0,0.552051123479695,0.0,0.0,1.7257395382395382,0.0,0.0,18.5740231990232,4.015724471606824,5.503010212349403,6.248787477954145,29.224074697544054,6.3628447170113835,4.274256924992219,13.355383158069353,1.7694805194805192,0.6527777777777778,0.0,3.061492905242905,0.0,0.0,6.5490010362301385,4.260414014090484,0.0,0.0,0.0,0.0,0.6408930575597243,0.0,0.0,1.6298701298701297,0.0,3.602455898184189,9.391233766233766,0.0,0.7435170845826881,0.7106037701275796,3.3727753727753726,15.933096183114909,0.0,2.8114708004413886,0.0,0.0,36.442671240820104,3.361111111111111,0.0,2.5992063492063493,0.0,4.963636363636364,0.867185889507318,0.0,0.8055555555555556,0.9884559884559885,0.0,1.5778318903318904,2.2222222222222223,0.0,0.0,0.9803921568627451,2.2222222222222223,0.0,6.764702889702889,0.0,0.0,0.0,0.8333333333333333,5.088235294117647,1.4028379028379028,0.0,4.923930275922686,0.0,6.866161616161616,0.0,4.62797619047619,3.269230769230769,0.0,0.0,4.515583000877118,0.0,8.62908496732026,2.621933621933622,0.0,1.1327561327561328,1.6666666666666665,0.0,0.0,2.509259259259259,0.0,2.7195485965647257,0.0,0.0,0.0,0.0,0.0,0.0,1.6666666666666665,0.0,0.0,0.0,0.0,0.0,0.0,0.0,0.0,0.0,2.310846560846561,0.0,0.0,0.0,0.0
324.9619138192055,60.31827110967736,122.15065993034743,156.09357699422037,66.48616406741407,11.150548389518978,29.24909581159581,106.28400736994487,20.497826247826247,28.32842389092389,13.805453121905328,20.964683464683464,114.07649012693655,65.59783121970622,24.312083287083286,15.58053058053058,88.51053833732405,15.426947762885263,21.072300641745088,70.21023198445073,46.26187899402185,100.29276712870463,3.491681929181929,20.20976430976431,22.26338563057313,6.35978835978836,35.37297291828542,21.56986232721527,26.585618085618083,16.196302771302772,12.01486013986014,8.12460964960965,29.26895216711393,13.108983183891272,22.28787878787879,5.325997786935287,72.33959166935357,7.798359048359048,3.4702991452991454,12.937597125097124,19.50758963258963,29.180322462123932,7.742282890720391,33.849114022551525,0.6806850556850557,5.182215007215007,6.416666666666666,3.1603454415954415,4.619058719058719,2.811111111111111,17.99893162393162,9.626123876123875,1.896125116713352,0.0,4.932791514041514,9.499920507733009,21.61593869093869,37.07726995226995,3.0854700854700856,11.980336671126144,7.494658119658119,1.4444444444444444,10.401603026603027,19.914744977244975,12.351981351981351,2.2847222222222223,3.2956139635827135,1.8749999999999998,7.857563732563732,3.4861111111111107,0.0,0.0,10.480440855440856,2.462962962962963,4.596593765711413,0.9583333333333333,2.949074074074074,95.80254669794144,110.37509712509713,0.0,35.57373182373182,8.611742424242424,1.5158990679605175,23.046035660997926,0.0,2.7325406075406073,0.0,2.982808857808858,0.0,0.652033152033152,2.1828869047619044,0.9895833333333333,0.625,2.246071829405163,0.0,3.0965277777777778,3.1788315850815847,13.618444055944057,4.375,0.0,6.607744107744108,10.135882635882636,4.041666666666667,0.0,0.5555555555555556,0.0,1.0137310606060606,1.820054945054945,0.8293269230769231,11.073082486685427,2.064078282828283,33.796397901866655,12.246031746031745,0.803030303030303,1.25,0.6666666666666666,0.5,0.8482905982905983,0.0,0.0,1.832167832167832,7.709415584415584,0.7037037037037037,1.0925925925925926,0.0,0.0,0.0,3.9642931959108427,1.1956654456654456,0.0,0.0,0.8150252525252525,0.0,4.870851370851371,0.0,1.5833333333333333,1.0213675213675213,4.111321548821549,0.0,0.0,0.0,0.0,0.0,0.0,1.1388888888888888,1.7506798756798756,0.0,0.0,20.165172546751496,0.0,1.6603174603174602,0.517282196969697,3.395021645021645,0.0,0.0,27.28472222222222,0.0,3.472222222222222,1.1203703703703702,0.893939393939394,0.0,0.0,3.1666666666666665,2.0795454545454546,0.0,0.0,0.0,0.5119047619047619,0.0,5.116591080876795,0.0,0.553030303030303,2.1666666666666665,0.0,0.0,3.456908831908832,0.0,0.0,0.0,0.7130924630924631,0.0,0.0,0.0,0.5934343434343434,0.7870370370370371,0.0,0.7142857142857142,0.0,0.6111111111111112,0.0,0.0,0.9523809523809524,2.638888888888889,0.0,0.0,1.6666666666666665,0.0,0.0,1.614714856902357,0.0
3217.922363562511,744.0544721343422,468.43963721859814,648.2382811854072,604.2582086427719,186.84698312449936,180.01774899059245,304.46324290945404,468.22455665361434,1196.1098770292754,190.15323069787354,277.21819231852646,501.5700256280669,134.54416199599987,464.9320793854246,126.07441528039186,498.46632748094686,191.09824647383851,161.50146747639434,134.8418357775281,195.16710046131553,289.2193807876293,566.6231945799018,383.6417494669598,195.0495060788319,121.55334081653075,162.43169866307292,35.56074601699124,875.3037554319565,203.97908413609883,147.3662814676354,81.12681504527156,54.08128743015075,127.93702232737064,46.41107573148387,214.320911811708,2.5698103483817767,38.83693493467175,38.5680409978029,79.7692519179296,289.27847254356993,72.74489034023348,82.16920252826002,27.023902250294057,29.344047156547155,13.155766852195423,417.698690392367,322.08007918777815,154.83028631200196,19.714297828394148,11.98589065255732,27.90713294641866,13.069635738106156,16.815640433199956,2.87108152489646,92.83910520956114,26.93945559611144,50.74056499056499,31.096657971657972,134.01404676307274,31.36084124209124,43.64167468334135,25.31216646820957,5.19766218629855,100.12161158169562,13.874336774336776,3.0308667027417027,43.78697782712507,48.17638910653616,123.05034791138499,11.13380832130832,44.05714330991763,63.921531797060915,3.6428571428571423,60.26930452182645,18.952549553845994,6.421709441352299,7.979166666666666,158.63415530547883,18.939585877085875,23.17713328338328,3.2976005476005477,3.2824328449328446,27.968506341930713,23.561164669692783,16.44129944129944,4.268704906204906,29.11886594266977,19.172847197808498,24.175340263303227,38.627992851004215,41.20472270104623,83.39676929823989,13.404761904761903,9.697439685240488,13.23344757094757,49.890047452547456,0.0,0.0,5.191307634164777,34.58579128303154,9.01605086479036,17.842246674659425,1.5425546675546675,5.432561913654351,22.79561410811411,231.48961934336717,1.0952380952380953,3.2573923551196278,7.833570750237417,28.593781218781217,4.58171768707483,3.3141261095806547,32.92441067743487,0.8971088435374149,12.579113121726758,2.166326530612245,26.044041606541604,39.05968454203748,5.476383913505125,12.32601095993953,0.0,3.3385715397270017,1.9014550264550265,65.92089322131339,7.358742183742184,10.347222222222221,8.265181577681577,4.444444444444444,7.530230880230881,3.4499506821077794,7.332070707070708,5.274822731760531,0.0,1.7905071119356832,20.91717772967773,2.638888888888889,28.704118698761558,3.0,0.8308029025732375,7.891998072568483,0.931984681984682,5.4650072150072155,58.02366811078932,1.9751984126984126,1.5251415251415252,31.98038047810775,11.595996595996596,0.0,6.3108014670514665,2.0358560090702946,0.0,0.0,19.263583638583636,5.841391360999204,1.9547000618429187,1.0714285714285714,5.8248556998557,21.535143097643097,152.69944484527818,0.0,2.7207792207792205,0.9166666666666666,5.203495452011964,1.4316239316239316,10.530583421208421,1.3013983371126228,0.0,7.206634133840017,0.0,0.7487789987789988,3.8275613275613276,2.0129870129870127,10.1903649013024,2.646187146187146,0.5097675433809888,4.7828362114076395,2.1893784786641928,2.4918831168831166,15.266365578865578,0.6130103435658991,10.595615958115957,4.177045177045176,4.936255436378572,5.185966810966811,6.646043771043772,0.0,1.4414592352092352,2.6067460317460314,2.0533910533910538,0.0,21.50264530443102,5.3837181337181335,20.11310911310911,0.0,0.0,1.1340986394557824,2.3779880292867306,2.408402203856749,0.0
1242.509699187053,198.0205421286938,117.975626143147,84.09578837003,183.0233300062473,43.05126378139872,52.105378324012136,39.87834399022574,592.5069120907312,106.60798821186361,9.967142303081927,24.491910894943754,39.888844714757056,54.041254031082296,34.7900943362067,31.506028350178095,180.78938594294712,19.853267929516527,13.592460820401227,32.41577524783335,17.255249190391467,21.778702977075035,14.304258152944278,84.82279331502603,15.377208028949145,7.450107023946064,7.728034172492324,5.538997319390572,11.220987331401863,5.518012696908557,47.18840361157374,5.513535749631484,3.2564554381162196,14.117240537406902,32.94760268686438,12.078779737591812,4.6604217602809825,7.64398111179478,4.004493046270112,17.24572324134548,5.514623635168254,147.9044385599629,6.131551648562718,1.5324092385316874,1.6710620334785722,17.031589037547956,64.4238166089067,3.047181386393209,2.7719794737100014,5.0533680447022755,2.3997266309118364,11.591151314236086,10.812389506316295,2.835097397465448,1.5109749796493286,1.878860839263589,14.676103323847471,1.6118623111893557,2.187933431543565,2.4309275775514387,4.426735876698279,1.0368420874920026,5.29657659992621,2.698378216708172,1.9230440111401104,2.134720857584024,6.015089950261276,5.464074157384275,5.753211123885481,2.7455304817469486,0.7304440168382014,3.3743959553873837,1.365200685456995,2.844551835386169,0.8833142084397294,3.853215435032817,0.6883062677935705,3.53639802074676,0.0,3.6292659319683604,37.95899075641831,2.870273241497731,0.5791874225547695,3.46084796429624,0.9935790400076113,1.627966919311043,0.9900703021048993,4.618907744271646,1.1119856356925322,0.967180806685459,2.161402989781746,0.7292621171931517,1.130070573684019,1.937955710075535,1.3016478573240589,1.0301865950141813,0.6228174603174602,0.669198869392395,0.0,0.0,0.6351795017347446,1.2986835428247336,0.0,0.0,0.5574350760681744,1.1798750951492414,2.751395199759861,1.6764143013527248,0.6486017386656953,5.725432537449125,0.6470276289118654,0.0,0.0,2.124753240003271,5.258405800548657,2.1354523861209294,2.9285767172968606,0.7829610758243764,0.0,160.614596943501,0.0,0.7927912703542956,0.0,0.673731030873888,1.2590322889719268,0.0,0.0,0.0,0.0,4.486975220205228,0.5326659092755877,8.383123517606275,3.084397977153264,0.0,0.0,0.0,0.0,2.251493001290679,0.0,0.0,27.84929686975373,0.0,0.0,0.518930733491173,0.0,0.0,3.4983678101552833,0.9664050235478806,1.6193944244364413,4.890543988238885,2.5081899109960335,0.0,0.6561945307593567,2.026377985139421,15.143091904596927,7.470854327300906,0.0,0.0,0.0,0.0,0.0,0.0,0.0,0.0,0.0,0.8718995931706015,1.0591188856494977,0.0,0.0,0.0,0.0,0.0,0.609471169420149,0.0,0.0,2.1496997067225156,0.0,0.0,0.0,0.0,3.870170461926831,33.77405648828352,0.0,3.785198486320935,1.2181232882763495,0.0,0.0,0.8930262813634472,0.7507734374537992,5.615699844275671,0.0,1.1276517051640205,0.0,9.702541743970315,0.0,0.0,5.245537744751038,2.1677451803232115,0.0,8.592404231703373
394.85282699359345,88.01688891440514,194.58688120086248,37.08713950587476,114.51853831167206,25.252586179568212,29.75346233289765,92.3937067979015,24.507119315038505,57.25092669431437,9.99429978711784,25.120972168462234,85.51019433523061,21.245051943964988,34.73194016564535,25.851370826370825,161.9440136172225,7.650531413121993,3.9583689311225543,71.47240057510105,97.86917556994881,97.43586921365994,5.033912622376858,54.98695671884312,9.257946873279145,14.97774442285312,31.08787001487602,7.983671889907144,28.05711888406419,27.506458729692426,10.273228545642056,4.267934092209455,41.29915748424806,3.4596568324215586,10.47733225745001,11.934005157510592,15.16560107427861,4.150223850454719,5.768070124591864,6.138885777200994,2.696968241201333,32.8922125662183,4.7356229646990515,9.725367228990418,4.707214602710127,1.1657004830917874,8.9248561473804,1.309798092406788,0.0,0.0,6.731946596572298,6.615264264720786,0.5763888888888888,0.6803178350492929,0.5075818572195384,1.8964346129493395,8.417564795644505,54.2198343518115,4.480551676856025,20.148884715272015,12.653244076662245,2.291944513260938,13.26931436878404,5.2534300883938565,2.1538662826706307,0.9225240290457681,4.514800976247987,0.8456752036915081,6.878440425315425,0.0,7.551256503158677,1.4869642845186324,5.818444370958688,3.180989468127149,1.4001175785596076,0.586111111111111,1.6480789945463858,54.16678613442051,8.852283002448091,0.6033279656468062,2.676015061884627,7.1259176522442065,2.4555046905590383,6.025960424720912,1.1134085606458795,2.182023927494942,1.3843550071810942,9.30540293040293,5.723631239935588,1.1704498534208678,0.0,8.554590723068983,0.6994047619047619,1.0548538337668774,0.0,3.3669341662095285,0.8077290507846063,19.4377358032337,0.9731718898385565,1.332035332035332,3.5209774793108126,33.91026229567896,0.0,1.1068541367454412,0.0,0.0,0.7992788461538461,0.0,0.9994632313472892,2.299998716665383,0.5240978157644824,6.76092793704886,2.695454846617637,0.0,0.0,0.8333333333333333,0.0,0.0,0.0,0.8571428571428572,1.0710940820648833,0.7111218361218361,1.7311026536570013,0.0,0.0,0.0,1.2344708839274057,0.5943654775176515,10.897545263849612,0.0,0.0,0.0,0.8333333333333333,112.18613862096318,0.5346112556257484,0.0,2.919961187497419,0.0,0.7664111550273308,0.0,0.625,0.0,0.6987179487179487,1.5657508121276238,0.0,0.0,0.0,0.0,13.146672829882212,0.0,0.0,2.6457739791073123,1.7628205128205128,0.926177536231884,0.0,0.0,0.0,0.0,0.9574006852108654,13.684126984126983,5.069444444444445,0.0,3.5835849436392913,5.08,3.333333333333333,0.0,0.0,0.0,0.0,3.1976723099911504,0.0,0.0,0.9294871794871794,0.0,0.0,0.0,0.0,0.6527777777777778,3.077380952380952,0.0,0.0,0.0,0.0,0.0,0.0,0.0,1.0601634242938591,0.0,0.5402930402930403,0.0,0.9398148148148148,0.0,0.5150437525437526,0.0,0.0,2.5148809523809526,0.0,0.0,0.0,0.0
704.493895322839,169.36313948401096,322.09843177869595,86.84193447941973,269.1720476699608,44.97801607374811,77.71491267592694,158.63830661815922,41.64251193168112,135.21362510701277,26.20560931092736,43.825467518790916,112.87533883579178,64.36641437782743,58.185147837603026,41.040342387217386,162.41257976111763,50.75304464063522,15.256980042233666,90.68389498347047,113.48293218370543,123.66154562058635,10.361227437191673,71.08520106708747,57.89137941296168,93.73426197937067,82.94911640737241,13.11478961477487,46.322895699841006,61.2721664016501,18.025543360456872,19.574120960896323,73.35319187578246,55.08372489398962,9.131688318056073,12.098687697193132,32.84863678856433,3.9032000409309084,13.008397505544245,11.143746888312105,9.515991810224902,169.08897182547756,15.687507885333972,18.57143204380523,12.359992380487904,19.426348631239936,44.84395787898213,5.584103647962343,3.1102943453486933,0.9504730273752013,24.04279315741886,7.5765437260002475,2.0367063492063493,11.020362186123055,5.235359634997316,6.0422679462826725,41.862339927919635,40.97041484716753,15.867125750930098,40.2143609057482,11.47377979094796,7.527063560879986,31.422092146561816,18.535837495801264,16.098310727115074,12.454931436453176,7.999920023867035,0.8456752036915081,24.18399598087098,4.174768518518518,3.048776344428518,6.0008531734075214,29.361731407995723,41.4228876162753,4.983450911892941,1.4154761904761906,4.934454655922047,80.90495458361836,10.285318716733805,3.089439076757917,7.188746543366109,13.220374121700676,4.702528500082848,10.950728943239431,12.310273038760357,9.260727631198646,9.557271673847762,4.636752136752136,6.664107430411779,5.337116520087535,0.8055555555555556,18.196951834180094,0.9077380952380951,13.74880224646529,3.1642512077294684,6.1169341662095285,5.800784606340162,9.235258650756547,7.532199667616334,2.295328982828983,6.645977479310813,31.96644916436583,9.035149959742352,2.044354136745441,6.300443718921979,0.0,3.6071492165242165,0.0,2.5550187869028447,3.1333320499987165,4.571220831637499,3.8897158158367398,4.514899291062082,14.686431623931623,0.0,0.0,25.869102733686066,2.0001780626780628,0.525462962962963,0.8571428571428572,2.42526074873155,12.961121836121835,5.925547098101446,2.222949514253862,0.0,2.3236211755233493,3.39766532837185,4.375615477517651,11.033061136865484,10.300925925925926,0.0,0.0,0.625,18.29344286642532,2.201277922292415,16.264539241622575,2.061164891201123,0.5188285673471508,7.988633377249553,0.0,0.0,3.125,1.9764957264957266,3.4314915528683643,2.2726548664048662,0.0,0.8454106280193237,1.4260912698412698,8.476368597077979,0.0,4.297839506172839,5.229107312440645,1.178329772079772,0.926177536231884,0.0,1.1436795491143317,0.0,0.0,6.880019732829913,3.5296296296296297,0.625,0.0,1.3567330917874396,0.8716666666666666,0.0,1.264957264957265,0.0,4.272428678678678,0.0,1.982394532213373,4.351139601139601,1.4272317188983854,0.7524038461538461,0.5787037037037037,0.0,0.0,0.0,1.4513888888888888,0.0,0.9016455314009663,0.0,0.0,1.5790224100912507,0.0,0.0,0.8798812399355878,5.402921360801796,0.0,0.0,0.0,0.0,0.0,4.378680116180116,0.0,1.7998511904761902,0.5148809523809524,0.0,0.0,6.824887387387387,0.0
2231.9656285961946,801.8588351387167,106.43750838697953,86.35880499521767,251.7286411711173,604.0666363056998,135.82343746931585,62.323595497977244,762.8057464657072,265.75670973529486,43.2224474554459,47.49358977162263,34.42024387115621,67.1067302215585,44.69596697234249,127.33410999075973,179.93628533984653,37.968347294595894,17.533748699189104,101.73807794513606,66.55313880078107,98.48582673566938,69.45741055609668,103.4615136633052,23.340591867332982,8.705143653982693,11.677799684757835,17.95566398605724,32.304320664735194,15.184679363575222,100.75083654900668,20.025320261415995,2.9411596228204044,17.224663450750867,26.85793618053121,22.138303547115623,1.7669032417624644,26.469988437802105,4.898432440209507,11.601603472225714,6.77454427008889,24.369325524849852,10.46488498189605,2.782409238531687,40.29952384944039,32.96999268183395,81.04463131007856,7.463848053059876,17.315179329409858,10.038216529550759,6.486216529901736,5.252136162720935,10.488600142085755,4.066158003526054,1.5109749796493286,1.6381200985228483,28.864850918845065,1.6118623111893557,2.187933431543565,17.430927577551437,1.926735876698279,1.3794346800845951,4.4016150799646905,3.1150448833748383,9.646258296854395,5.5871018099649765,9.54791823308956,13.297407490717607,2.116847487521844,4.4121971484136155,0.5789288653230498,8.841751516492945,1.365200685456995,112.58463120046554,1.8833142084397294,13.43654876836615,0.9105284900157927,2.28639802074676,61.817230001343304,3.6292659319683604,5.077046311973869,7.661939908164397,0.5791874225547695,3.3393201865184623,1.7713568177853891,5.516855808199932,0.9900703021048993,7.440877441241343,8.611985635692532,0.967180806685459,4.5919585453373015,0.7292621171931517,8.152797846411291,1.937955710075535,5.230219285895488,1.0301865950141813,0.6228174603174602,0.669198869392395,0.0,0.0,0.6351795017347446,1.2986835428247336,2.0642623318115927,0.0,0.8074350760681744,0.9980569133310595,1.7275856759503376,1.6764143013527248,0.8986017386656953,13.339068901085488,0.6470276289118654,0.0,0.0,12.573256126006155,6.3715010386438955,2.1354523861209294,1.9260514647716078,0.7829610758243764,1.9921019923120762,398.6117147669318,18.34824778396207,0.7927912703542956,0.0,0.673731030873888,1.2590322889719268,23.096667591445502,0.0,0.0,1.4449154300340001,2.139752997983006,0.5326659092755877,4.633123517606276,3.084397977153264,0.0,0.5973312401883831,0.0,0.5451159951159951,2.251493001290679,0.0,0.0,448.7874952454521,0.0,0.0,0.518930733491173,0.0,0.9146250737738018,3.4983678101552833,0.7580716902145473,0.50828331332533,12.318454041148938,2.5081899109960335,0.0,0.6561945307593567,2.45567091443235,48.60532697344964,3.9491306805772592,0.0,0.0,0.0,0.0,0.0,0.0,1.6118283881315156,0.0,0.0,5.6635662598372685,1.559118885649498,0.0,0.0,0.0,0.0,0.0,1.2642330741820538,0.0,1.9223764584777956,0.5663663733891825,0.0,0.0,0.0,0.7053835327234342,6.592392684149053,34.46934730857434,0.0,4.326865152987602,0.8014566216096828,0.5421681493110064,0.0,0.8930262813634472,1.7861269728073346,5.12958873316456,0.0,1.2466993242116395,0.0,1.0874623788909503,0.0,0.0,81.21846555223766,7.554649942227973,0.0,166.8062343830335
2011.5460895769345,124.0851038706644,139.91166428692688,623.2710726226164,987.9732712566754,34.71012570335049,323.65736925271256,272.87409267708637,89.7845318404492,2025.3089078848727,188.35357672138818,89.76384117217819,200.81749489811463,58.25838607904618,307.9724334502981,61.23226616328096,765.4897549582558,436.0433650208335,69.38202305786339,278.7719608433894,41.33681483860055,68.60383176774984,340.0430048323749,98.65590152274326,222.5543583322995,10.79009725102162,156.31916301874284,290.82402832387305,616.1633678166942,424.0328990505129,14.12411038036038,48.472316135078735,53.629978380240985,249.4669653811938,116.20173430936735,118.05329179003898,2.841414141414141,16.85460472067615,29.565799077983954,133.93333478690622,47.39632115472452,131.97188700849415,261.7034885907578,165.55623015393672,16.406679237351508,7.292401556582228,672.2181662018014,86.2684254490452,18.086412620603795,56.86909177359107,31.113285061499347,8.530973986331128,23.660204182683174,8.371254739269444,7.468042115836234,66.15282912698879,1.810515873015873,1.3344671201814058,31.21195818070818,329.936052347642,83.39326574070788,42.124047851463814,49.39301587962302,1.765079365079365,444.50346109152775,28.102328616631837,7.1505639862782715,69.79924346065803,83.07699743585597,10.06096681096681,37.16826700765776,52.59526214526215,498.3394432384453,1.1914134340604927,28.606172548662045,27.32091715668396,2.3670220427352224,4.0044372294372295,5.298077305142522,52.92539614524909,16.8061465495289,1.4675925925925926,16.031909041782992,7.964341569423815,27.84849354854607,150.8173523093516,5.696248196248196,4.608730158730158,10.750681896690299,3.1884920634920633,2.6710676529319204,94.66827684065079,13.337842712842713,1.4604497354497354,3.704583651642475,12.540019248440117,7.211339586339586,0.578042328042328,4.832013158798873,2.4258312079040367,3.3566378066378064,2.0257936507936507,56.66846933800715,2.973554985319691,5.512158752389845,9.533152958152957,5.446314102564103,4.533721701578845,9.223078398025876,7.742770492035198,2.096797052154195,3.53005757858699,10.692915322694734,47.24636539753996,4.39982732409203,5.166666666666667,1.833333333333333,34.66643628378572,5.147861180214121,3.1494133885438234,10.483699035169623,2.5557539682539683,5.797005772005772,6.168846275884091,51.758161745661745,1.3458243145743145,134.89946793273123,5.458580806059798,1.9206349206349207,3.6717171717171717,11.66539077752313,2.764190821256039,2.861832611832612,0.6517094017094017,2.5577097505668935,47.34003364360507,5.991359498344792,0.9343915343915343,1.9853476112667288,12.010313805656942,2.799603174603175,9.060301766394204,10.027151416122004,77.41848547499808,6.3885333756657285,1.0326466697790226,6.809613997113997,8.505952380952381,0.0,0.0,2.273148148148148,18.69403234487268,0.5333333333333333,3.3681318681318677,2.786796536796537,15.719725182225183,2.3008592325819217,46.0447534945084,10.19851662887377,0.0,1.9970238095238095,1.5896825396825396,8.90958895254008,3.9254686839770874,1.1464646464646466,14.79432115600708,22.79820698481413,0.9624961095549331,16.21261965159024,0.0,8.642828520297007,12.56806333644569,2.361111111111111,0.0,0.7142857142857142,10.14740860990861,2.9176994029935206,5.318908324790677,0.0,0.0,31.748957953422238,6.8655955155955155,1.0138888888888888,0.5967261904761905,9.544318181818182,0.0,0.7878684807256235,8.982870370370371,0.0,0.0,6.8208327775554665,5.9829365079365076,5.22464096749811,0.9583333333333333,9.310150171179583,2.0062762711922377,1.1910774410774412,7.32017612017612,5.064998558345897,1.2310030395136777
2010.0763839272126,273.7415539333588,595.393568411478,172.93961183704246,796.8225638952334,49.32206450776171,270.1742349245718,457.193584266353,251.12306869132107,566.2400346287492,63.21382786917463,77.10845603882758,124.47181805067805,41.98593032442298,173.28150513384676,32.895452660338094,392.1550073609845,56.025489743987855,38.08407912213059,95.71507116872905,45.032541500782514,162.59655823252464,140.47241524779722,71.7541403742208,357.69628152756496,31.03362721983353,50.434350394915,21.723527404665315,134.29869001239044,364.2934956024688,25.670774180884475,41.941264623975876,11.056902823112717,69.45793648714428,56.23961644811587,39.6952827291533,7.4428436147186146,38.43479214157568,43.5876648291953,3.8700661198822965,19.02535090862297,31.507460464903076,64.58628092199844,24.53486444111444,8.577333546083546,34.04610972270286,1906.927879603498,2.460934012583941,8.0987379961555,14.636629607500407,1.7250344352617082,10.358583917897644,14.913437243584301,4.578213537817196,13.152358670741023,17.049107265283734,4.916442564169837,4.6629342305397605,32.105767346141675,29.31260594492041,72.05530660160773,8.852802001239501,11.71474995530811,2.0293874896147623,45.919508528498504,1.6225427881590346,119.85446976090358,17.264440477369398,5.463203463203463,53.98559928776647,7.266931393769629,13.317789290171465,19.266795739685506,0.542478354978355,6.983328123401653,3.9986772486772484,5.532951506617717,13.645541549953315,2.4789112155422313,11.252765367348701,8.690776815776815,0.5664787699125644,3.3124098124098125,1.310924186325078,2.1390993265993266,3.4457258427846664,6.599069832693864,9.419696969696968,5.292513967513967,1.802552035506581,1.8178210678210678,16.80380137194738,30.922153520499105,1.766878821627227,3.125,4.016385445362718,61.794912473076174,1.6666666666666665,0.0,0.0,4.0,0.0,5.756673439577852,0.0,1.1952003023431594,3.5361183614860083,6.568949296890473,0.0,0.0,0.5454545454545455,0.0,0.0,0.7636575381140598,1.2558633801672148,3.806683784624961,2.2619949494949494,0.625,13.88888888888889,0.842284893755482,43.66841485692778,0.0,1.2441829004329004,0.0,0.0,0.8552984574111334,10.450366762866762,6.906095130359836,0.0,1.1627236888864796,0.0,12.719764944844869,0.0,19.880604567001626,0.0,0.0,6.153256737815561,0.5456513183785912,3.3190730837789664,0.7037037037037037,0.7124999999999999,13.85925800778742,0.0,2.833198051948052,4.576728826728827,1.0293222402597402,0.0,10.267588991519473,4.507198609471336,0.0,0.7524197389393468,0.8993506493506495,2.024524087024087,0.0,5.944616435258146,18.349297080914727,6.25,0.0,3.070887445887446,5.256461675579322,0.0,6.738095238095238,0.6833751793400287,0.0,1.2017231134878192,1.9588744588744589,0.5914666141938869,0.6553030303030303,2.7470238095238093,0.0,0.0,4.132746639325586,0.0,0.0,0.0,0.8237250554323725,6.57273519163763,0.0,0.5096782302664655,0.7425602849835586,0.9666666666666666,3.3633878587341792,85.56264529237822,0.0,2.1350609267275935,0.6926406926406927,0.0,0.0,0.0,0.5386363636363637,0.0,0.0,1.9088928500693207,0.0,5.050294340735517,0.0,0.0,19.843628593628594,0.8801902958152958,1.2272727272727273,37.10821224040873
442.3877413047513,258.3312845149582,170.44470589679318,60.02757280685973,243.70794009094635,52.21406766789831,149.9918815874698,136.58560316126105,24.59411950046625,97.89061123335317,19.47417867175932,22.203479560387454,64.52527102764294,29.613497425997423,48.11346214635688,54.31669976428041,178.5961649271461,17.42336287900804,16.10515873015873,109.94745773999806,22.246996996996995,35.29489404818352,39.557512870012864,42.66508472758473,14.102477477477477,8.425258591925259,8.35464385954582,119.08150921658985,69.2387566137566,13.699866533199867,13.665798863379507,4.767025089605735,11.840388487565907,4.644144144144144,6.57258064516129,2.5975975975975976,32.75275736566059,134.25570257164185,20.645645645645644,7.982545045045045,10.944788944788943,11.334620334620334,7.220345345345345,7.0984815460621915,4.5675675675675675,4.7480158730158735,19.41141141141141,0.0,2.0694444444444446,4.833333333333333,6.613697030363697,5.541666666666667,2.5,1.2200435729847494,5.5,0.7725225225225225,4.375,70.82523260587777,19.387709137709138,5.458333333333333,0.0,1.125,9.291666666666666,9.902402402402402,1.2962962962962963,0.0,0.0,0.0,5.0,0.0,4.12037037037037,12.122747747747747,0.6869369369369369,14.583333333333332,1.054054054054054,7.374999999999999,11.700006458070973,8.403931242166536,3.611111111111111,18.444444444444443,0.6801801801801801,64.89226726726726,1.0,0.0,1.84009009009009,0.0,11.235923423423422,4.444444444444445,0.8333333333333333,2.2222222222222223,1.6666666666666665,0.9001501501501501,0.0,5.333333333333333,1.0,8.833333333333332,3.6666666666666665,3.4999999999999996,0.0,2.554054054054054,4.791666666666666,0.0,7.333333333333333,2.074324324324324,1.6666666666666665,0.0,0.0,1.25,0.0,1.6628056628056624,0.0,1.8680555555555556,0.8333333333333333,0.0,0.0,0.0,0.0,0.0,0.625,0.0,0.0,5.41267073525138,0.0,1.6666666666666665,0.0,0.8333333333333333,0.0,3.333333333333333,1.420045045045045,0.0,0.0,0.0,0.5555555555555556,0.0,0.9375,5.416666666666666,4.444444444444445,0.0,0.0,3.333333333333333,0.0,1.1111111111111112,0.7291666666666666,0.0,0.545045045045045,0.0,8.61111111111111,0.0,0.8388157894736842,0.0,0.0,0.0,0.0,33.25,0.0,13.0,0.0,0.0,0.6666666666666666,0.0,0.0,0.0,9.166666666666666,0.0,1.4583333333333333,0.0,0.8333333333333333,0.0,0.0,0.5202702702702703,0.95679012345679,0.0,5.0,1.6666666666666665,1.0,0.0,0.0,0.0,0.0,0.0,0.0,0.0,1.1111111111111112,0.0,0.0,0.0,1.7383633633633633,0.0,0.0,0.0,0.0,0.0,0.0,0.0,0.0,0.0,0.0,0.0,0.0,0.0
2688.0163240359207,828.0084803823464,901.8634980675237,563.5410750675449,865.0868440220274,250.0876777581523,253.93028877786614,430.51801024288176,184.3083422730811,1139.9760074278477,194.75113372602343,433.9966141791416,785.6217636123356,236.50486010522974,256.5151426704709,71.53326093728704,729.071568176801,142.0601383248197,92.57599523045086,245.68075742200804,477.9784426444666,364.3620058087759,139.0439321320782,443.9548429602295,196.7528926157429,160.00969935624667,207.2090576840368,143.00307541606387,463.92813672122713,572.7507447115495,85.99241669027853,50.64641725490914,408.58398833600415,158.55163765475785,45.01746701792563,79.25413902378976,74.75293342831601,26.25918666255676,79.51574924722318,29.877648400074868,289.30383192919464,36.42405362429872,86.01798889205544,120.19982747535063,34.246463106610165,22.344424819351747,113.2671241346961,37.44016400116052,98.98839414602283,41.89122523960275,28.73246510388667,7.039285714285715,33.72013016486056,56.11375047823577,12.54147045725264,47.561443725102755,47.34629321295988,109.52740968007804,56.14103571356022,336.43365469925124,57.883775631982914,72.19599202011375,100.28735504600701,19.64507242556453,136.61120474207138,13.145341417841417,18.91420120184826,9.772452678040914,80.2083787372758,13.510567008527534,14.10384419638096,20.67071879451081,96.32816135729739,17.23418325501659,27.166428001914003,8.202172963202376,13.005422771672771,73.76401525481874,37.7286558258372,17.168589342545925,88.38423017813261,1.9899860941527607,35.28537953398537,79.28276097558243,24.42811274011029,26.480046374661825,14.579107112930641,38.99476971149765,6.189313497349212,7.713928192359565,25.701010587315732,68.83577341775872,6.257158498464613,55.00246743996744,3.022526846791553,25.654008365454445,42.83711103145604,10.816414313077516,9.35246902874832,11.068212904361875,11.325600101151572,219.43070156516438,20.059650678814663,13.549516918266917,41.33798387161132,67.32146717094633,16.633265427383073,6.242029315999904,29.49991844326397,18.287757766924432,13.41470526387193,13.686564412475265,16.634499219915885,12.004154629098068,2.15747964997965,15.033049993987493,17.468259055759056,20.690309570603688,6.88614386702622,0.0,17.56261359732077,19.657923517114693,17.622708813517637,5.470106837606838,4.155681818181818,12.886474224989914,51.55345511333256,17.866445967603088,33.6289534403505,2.701002354127354,11.301749176749176,6.824492945326279,2.746863553113553,27.22144585744302,25.863904325975405,26.291170226989706,9.204449871116537,2.623355631672062,11.910867065033731,12.609001622016327,1.5591880341880342,0.9424836601307189,30.609305794967558,16.04788956149783,11.220632229840913,1.366626984126984,11.971759259259258,2.696813725490196,9.585494026670498,0.0,0.0,8.321548258246976,4.513288732872066,0.7878787878787878,0.0,2.455669029038594,3.6923314339981004,7.949259139553257,16.92458814689584,25.45225779907624,3.045372315592904,15.55422415203762,23.36480027683588,4.98699822508646,2.2477513227513226,9.445151580002124,1.6053277876807288,5.656382424764778,2.3502367186190716,9.298039614706282,2.955994185553009,5.4593465648367605,8.394347890671419,18.254842566143715,2.105654761904762,0.0,18.906687675070028,1.3265148325493152,49.09359878310199,28.761492923380178,0.0,0.0,5.660824514991182,0.0,0.0,3.6008368945868945,7.4376984126984125,1.4088827838827838,0.0,0.8015873015873015,2.2505886243386244,0.0,14.309883226794991,2.8988095238095237,2.9809953703703704,6.080765993265993,0.0,0.7097069597069596,8.227090230031406,0.0
2260.3485659638914,610.6074325757952,967.0188940526419,555.6071614615655,853.9916333635252,196.9523162639747,252.91152454164902,580.079277007997,113.79938147338284,1379.9480551247093,86.09426655543076,218.88903178844225,764.4782229899399,254.7197997367006,256.90160945804064,130.08038896358173,1340.1667470025805,161.44839574802984,142.07054119410478,300.0890845006708,278.2988379108353,547.7119891909587,68.83836733898278,744.2450176796588,301.4165621426269,86.44602270745972,356.9406137227108,114.41174377657045,546.9018887498811,551.6167267960503,28.411050663517766,119.70430044606438,273.6103311848829,251.99580598439843,30.36667336713198,90.68563160835068,52.54559604891982,36.90667343504353,73.42812695795523,19.71091837084484,235.25270061656585,35.706499936156796,156.67968325981863,269.6719534589349,35.36165955733293,28.333757218978263,74.57102128146124,19.308759680172862,83.3011325003972,42.32277285865036,42.04447608673099,9.25017205017205,32.69401785124824,76.2940782659165,22.261192914746836,42.30889943297513,18.06362680529347,137.727230921706,35.28557335184786,338.41928899084667,41.781244125904756,35.46900123253998,34.7466804428324,4.645072425564528,288.5725091908903,9.920173067673067,10.315788503435563,37.32007172565996,45.21531575450693,58.5970418762524,75.67154200782878,32.95307609770145,145.5248665133865,8.991037511870845,32.01819112431696,13.42241105844047,14.113939255189255,40.265624484369155,35.35458459979229,20.986866653470294,47.27279267383797,1.5812559354226021,33.46709665649533,49.658844464533566,27.331814417621487,117.52746428963925,7.328776425099954,15.218859347351994,12.101728463335606,10.158255923452002,16.986640697945845,64.90203914229544,6.307971900748604,38.92806267806268,7.668483504512916,25.232021691997183,36.03658193092694,11.542604789267992,7.595918865948158,7.574826660975632,36.908706239229694,92.58463638856328,15.897828537677507,72.5675394050394,99.2546227066325,24.26203661307828,9.28335879806468,7.2245629860335745,18.217059162321164,8.041726020892687,14.45119516286183,11.459351347762201,10.497418091168091,7.538818860877684,1.1158129833129833,4.0574795574795575,15.143523606023606,85.43369442648854,5.64393958438076,0.0,12.326733120728218,15.24125472838708,17.53327278658161,0.6367735042735042,31.255681818181817,10.389214231896588,56.84872751522261,30.528706187603245,36.17214127103833,9.07642322954823,32.313280304351736,6.773699294532628,13.059363553113553,29.019797016088294,7.9056608718986165,39.913838299657776,7.658916700583367,2.7560086928965517,12.506820648487315,13.617004267518972,1.9064102564102563,2.225552443199502,35.270380831042594,4.987704376312646,3.211711237201433,1.3190079365079364,3.9241402116402115,7.934908963585434,3.619807752160693,0.0,0.6860435386076411,12.68067524237396,3.0708284154117487,0.7878787878787878,0.0,1.0053485162180813,5.081220322886989,10.641563131857248,7.497207194514886,53.67751928762958,2.389122315592904,5.031642430926486,13.343807758145994,7.594014819603055,3.160449735449735,8.313069772920317,4.176660866366749,8.37397501735737,9.234075102457455,5.36466049382716,9.68687441643324,9.449425929916126,7.2841386554621845,24.41421906927022,2.8993055555555554,0.0,7.443997043261748,10.39457038810487,138.9547868331731,12.898432699290542,0.0,0.0,0.0,0.8971139971139972,0.71875,5.9644612332112334,3.8150132275132274,0.0,3.333333333333333,0.6187641723356009,4.317387566137566,0.0,7.44046139046139,0.0,8.735955687830687,3.760627798127798,0.0,6.876373626373627,5.694550547491724,0.0
