index,afid,name,domain,url,variants
0,60008088,Universidade de São Paulo,usp.br,https://www5.usp.br/,[]
1,112471418,Centro Universitário Metodista Izabela Hendrix,,,"['Centro Universitário Metodista Izabela Hendrix', 'Centro Universitário Metodista Izabela Hendrix- Imih', 'Centro Universitário Izabela Hendrix']"
2,60030074,Universidade Federal de Minas Gerais,ufmg.br,https://ufmg.br/international-visitors,"['Federal University of Minas Gerais', 'Universidade Federal de Minas Gerais', 'University of Minas Gerais', 'Universidade de Minas Gerais']"
3,60000036,Universidade Federal do Rio de Janeiro,ufrj.br,https://ufrj.br/en/,"['Federal University of Rio de Janeiro', 'Universidade Federal do Rio de Janeiro', 'Cidade Universitária da Universidade Federal do Rio de Janeiro']"
4,60012368,Universidade Estadual de Mato Grosso do Sul,uems.br,,"['State University of Mato Grosso do Sul', 'Universidade Estadual de Mato Grosso do Sul']"
5,60026686,Universidade de Cuiaba,unic.br,http://www.unic.br,"['University of Cuiaba', 'Universidade de Cuiaba']"
6,60029570,Universidade Estadual de Campinas,unicamp.br,https://www.unicamp.br/unicamp/english,"['State University of Campinas', 'Universidade Estadual de Campinas', 'University of Campinas']"
7,60031257,Universidade de Taubate,unitau.br,http://www.unitau.br,"['University of Taubate', 'Universidade de Taubate']"
8,60020457,Universidade Federal do Ceará,,http://www.ufc.br,"['Federal University of Ceara', 'Universidade Federal do Ceara', 'Federal University of Ceará (UFC)', 'Universidade Federal do Ceará']"
9,60021980,Universidade de Pernambuco,upe.br,http://www.upe.br/,[]
10,60031482,Universidade Federal de Pernambuco,ufpe.br,http://www.ufpe.br/,"['Universidade Federal de Pernambuco', 'Federal University of Pernambuco']"
11,60026891,Universidade Estadual da Paraiba,uepb.edu.br,https://uepb.edu.br/,"['State University of Paraiba', 'Universidade Estadual da Paraiba']"
12,60018756,Centro Universitário FMABC,fmabc.br,https://fmabc.br/,"['Centro Universitário FMABC', 'FMABC University Center']"
13,60014992,Universidade Federal de São Paulo,unifesp.br,https://www.unifesp.br/,"['Universidade Federal de São Paulo', 'Federal University of São Paulo']"
14,60033356,Universidade Federal de Santa Maria,ufsm.br,https://www.ufsm.br/,"['Federal University of Santa Maria', 'Universidade Federal de Santa Maria']"
15,60017609,Universidade Federal de Santa Catarina,ufsc.br,https://ufsc.br/,"['Federal University of Santa Catarina', 'Universidade Federal de Santa Catarina', 'Universidade de Santa Catarina']"
16,60001865,Universidade Federal Fluminense,uff.br,https://www.uff.br/,"['Fluminense Federal University', 'Universidade Federal Fluminense']"
17,60008082,Universidade Severino Sombra,uss.br,,"['Severino Sombra University', 'Universidade Severino Sombra']"
18,60028176,Centro Universitario Herminio Ometto,uniararas.br,http://www.uniararas.br,"['Herminio Ometto University Center', 'Centro Universitario Herminio Ometto']"
19,60006028,"Universidade Estadual Paulista ""Júlio de Mesquita Filho""",international.unesp.br,https://www.international.unesp.br/,"['UNESP-Universidade Estadual Paulista', 'Universidade Estadual Paulista ""Júlio de Mesquita Filho""', 'São Paulo State University', 'São Paulo State University (UNESP)']"
20,110455370,ABC Federal University (UFABC),,,"['Federal University Of Ufabc', 'Federal University Of Abc–ufabc', 'Abc Federal University (ufabc)', 'Federal University Of The Abc (ufabc)']"
21,60027136,Universidade Federal de Goiás,ufg.br,https://www.ufg.br/,"['Federal University of Goias', 'Universidade Federal de Goias', 'Federal University of Goiás', 'Universidade Federal de Goiás']"
22,114825860,Instituto de Cirurgia Metabólica,,,['Instituto de Cirurgia Metabólica']
23,112932810,Hospital Unique,,,[]
24,60011324,Universidade Federal da Paraíba,ufpb.br,https://www.ufpb.br/,"['Federal University of Paraiba', 'Universidade Federal da Paraiba', 'Federal University of Paraí\xadba (UFPB)', 'Federal University of Paraíba', 'Universidade Federal da Paraíba']"
25,60069336,Instituto Materno Infantil de Pernambuco,imip.org.br,http://www.imip.org.br/,['Instituto Materno Infantil de Pernambuco']
26,113039496,Centro de Estudos do Laboratório de Aptidão Física de São Caetano do Sul,,,[]
27,60028469,Universidade Federal do Estado do Rio de Janeiro,unirio.br,http://www.unirio.br,"['Rio de Janeiro State Federal University', 'Universidade Federal do Estado do Rio de Janeiro', 'Federal University of the State of Rio de Janeiro']"
28,128990766,Clínica da Família Felippe Cardoso,,,['Clínica Da Família Felippe Cardoso']
29,107970711,Hospital Estadual Adão Pereira Nunes,,,"['Hospital Estadual Adão Pereira Nunes', 'Adão Pereira Nunes State Hospital']"
30,60001890,Universidade Federal do Pará,ufpa.br,https://portal.ufpa.br/,"['Federal University of Para', 'Universidade Federal do Para', 'Federal University of Pará', 'Universidade Federal do Pará']"
31,60005993,Universidade Estadual do Oeste do Paraná,unioeste.br,https://www.unioeste.br/portal/home-ingles,"['State University of West Parana', 'Universidade Estadual do Oeste do Parana', 'Western Paraná State University', 'Universidade Estadual do Oeste do Paraná', 'State University of West Paraná']"
32,60080207,Centro Universitário FIEO,unifieo.br,https://www.unifieo.br/,"['Centro Universitário FIEO', 'FIEO University Center']"
33,60011644,Universidade Presbiteriana Mackenzie,mackenzie.br,https://www.mackenzie.br/universidade,"['Mackenzie Presbyterian University', 'Universidade Presbiteriana Mackenzie']"
34,101936882,Centro de Estudos do Laboratório de Aptidão Física de São Caetano do Sul (CELAFISCS),,,"['Centro De Estudos Do Laboratório De Aptidão Física De São Caetano Do Sul (celafiscs)', 'Centro De Estudos Do Laboratorio De Aptidao Fisica De Sao Caetano Do Sul (celafiscs)', 'Centro De Estudos Do Laboratorio De Aptidao Fisica De São Caetano Do Sul (celafiscs)', 'Centro De Estudos Do Laboratorio', 'Centro De Estudos Do Lab. De Aptidao Fisica De Sao Caetano Do Sul (celafiscs)']"
35,60101670,Universidade Federal de Ciencias da Saúde de Porto Alegre,ufcspa.edu.br,https://ufcspa.edu.br/,"['Universidade Federal de Ciencias da Saúde de Porto Alegre', 'Federal University of Health Sciences of Porto Alegre (UFCSPA)', 'Federal University of Health Sciences of Porto Alegre']"
36,60006726,Universidade Federal do Rio Grande do Sul,ufrgs.br,http://www.ufrgs.br/english/home,"['Federal University of Rio Grande do Sul', 'Universidade Federal do Rio Grande do Sul']"
37,60015043,Universidade Federal do Parana,ufpr.br,https://www.ufpr.br/portalufpr/,"['Federal University of Parana', 'Universidade Federal do Parana', 'Federal University of Paraná (UFPR)', 'Federal University of Paraná']"
38,60029498,Universidade Estadual de Maringá,uem.br,http://www.uem.br,"['State University of Maringa', 'Universidade Estadual de Maringa', 'Universidade Estadual de Maringá']"
39,60103782,Universidade Federal dos Vales do Jequitinhonha e Mucuri,,http://www.ufvjm.edu.br/,"['Federal University of the Valleys of Jequitinhonha and Mucuri', 'Universidade Federal dos Vales do Jequitinhonha e Mucuri']"
40,116990734,Departamento de Enfermagem e do MPENF/UFSC,,,['Departamento de Enfermagem e do MPENF/UFSC']
41,60070737,Universidade Franciscana,ufn.edu.br,https://www.ufn.edu.br/site/franciscan-university,"['Franciscan University', 'Universidade Franciscana']"
42,60000509,Universidade Federal do Rio Grande,furg.br,https://www.furg.br/es/,['Universidade Federal do Rio Grande']
43,60033203,Universidade Federal Rural do Semi-Árido,ufersa.edu.br,https://ufersa.edu.br/,"['Universidade Federal Rural do Semi-Árido', 'Federal University of Rural Semi-Arid']"
44,60014878,Instituto Nacional de Cancer,inca.gov.br,https://www.gov.br/inca/en?set_language=en,['Brazilian National Cancer Institute']
45,60027866,Universidade Estadual de Londrina,uel.br,http://www.uel.br/portal/english/,"['State University of Londrina', 'Universidade Estadual de Londrina']"
46,116400160,UNIFAFIBE University Centre,,,['UNIFAFIBE University Centre']
47,60012881,Universidade Metodista de Piracicaba,unimep.br,http://unimep.edu.br/,"['Methodist University of Piracicaba', 'Universidade Metodista de Piracicaba']"
48,101942879,Univ. of S. Paulo State Botucatu,,,"['Univ. Of S. Paulo State Botucatu', 'University Of The State Of São Paulo', 'University Of State Of Sao Paulo', 'State Of São Paulo University']"
49,113207972,Centro de Pesquisas em Diabetes,,,[]
50,112598564,CPCLIN Clinical Research Center,,,"['Cpclin Clinical Research Center', 'Cpclinclinical Research Center', 'Cpclin - Clinical Research Center', 'Cpclin']"
51,101639860,Hospital Estadual Mario Covas,,,"['Hospital Estadual Mario Covas', 'Hospital Estadual Mário Covas', 'Nuclear Medicine Physicians Hospital Estadual Mário Covas', 'Mario Covas State Hospital', 'Mario Covas Hospital', 'Hosp Estadual Mario Covas']"
52,60015440,Universidade de Fortaleza,unifor.br,https://www.unifor.br/,"['University of Fortaleza', 'Universidade de Fortaleza']"
53,60013701,Universidade de Santo Amaro,unisa.br,http://www.unisa.br,"['University of Santo Amaro', 'Universidade de Santo Amaro']"
54,60005499,Universidade do Estado do Rio de Janeiro,uerj.br,https://www.uerj.br/,"['Rio de Janeiro State University', 'Universidade do Estado do Rio de Janeiro']"
55,60023997,Instituto Nacional de Infectologia Evandro Chagas (INI),ini.fiocruz.br,https://www.ini.fiocruz.br/,"['Instituto Nacional de Infectologia Evandro Chagas (INI)', 'Evandro Chagas National Institute of Infectious Diseases (INI)']"
56,112855052,Food and Nutrition Research Center,,,"['Food and Nutrition Research Center', 'Food and Nutrition Research Centre HCPA/UFRGS']"
57,60014120,Hospital de Clinicas de Porto Alegre,hcpa.edu.br,https://www.hcpa.edu.br/,['Hospital de Clinicas de Porto Alegre']
58,60015104,Universidade Federal de Uberlândia,ufu.br,https://ufu.br/,"['Federal University of Uberlandia', 'Universidade Federal de Uberlandia', 'Federal University of Uberlândia', 'Universidade Federal de Uberlândia']"
59,60194078,Faculdades Pequeno Príncipe,faculdadespequenoprincipe.edu.br,https://faculdadespequenoprincipe.edu.br/,['Faculdades Pequeno Príncipe']
60,108182404,Hospital Angelina Caron,,,"['Hospital Angelina Caron', 'Angelina Caron Hospital', 'Sociedade Hospitalar Angelina Caron', 'Soc Hosp Angelina Caron', 'Hospital Angelina Caron Ltda']"
61,60100492,Coordenação de Aperfeiçoamento de Pessoal de Nível Superior,gov.br,https://www.gov.br/capes/pt-br,"['Coordenação de Aperfeiçoamento de Pessoal de Nível Superior, Brazil']"
62,60000590,Universidade Federal de Juiz de Fora,ufjf.br,https://www2.ufjf.br/ufjf/,"['Federal University of Juiz de Fora', 'Universidade Federal de Juiz de Fora', 'Federal University of Juiz de Fora (UFJF)']"
63,60013918,Universidade Federal de Vicosa,ufv.br,https://www.ufv.br/,"['Federal University of Vicosa', 'Universidade Federal de Vicosa', 'Federal University of Viçosa']"
64,60028426,Universidade Federal do Espírito Santo,internacional.ufes.br,https://internacional.ufes.br/en/home,"['Federal University of Espirito Santo', 'Universidade Federal do Espirito Santo', 'Federal University of Espírito Santo', 'Federal University of Espírito Santo (Ufes)', 'Universidade Federal do Espírito Santo']"
65,60048204,Hospital de Base,hospitaldebase.com.br,http://www.hospitaldebase.com.br/,['Hospital de Base']
66,115987900,Pathology Department,,,['Pathology Department']
67,105741174,Instituto de Puericultura e Pediatria Martagão Gesteira,,,"['Instituto De Puericultura E Pediatria Martagão Gesteira', 'Instituto De Puericultura E Pediatria Martagao Gesteira', 'Instituto De Pediatria E Puericultura Martagão Gesteira', 'Instituto De Puericultura E Pediatria Matagão Gesteira', 'Instituto De Puericultura E Pediatria Martagão Gesteira (ippmg)', 'Instituto De Puericultura E Pediatra Matagão Gesteira', 'Institute De Puericultura E Pediatria Martagão Gesteira']"
68,112938098,Escola de Enfermagem Anna Nery,,,[]
69,60023857,Universidade Federal do Rio Grande do Norte,ufrn.br,https://www.ufrn.br/en,"['Federal University of Rio Grande do Norte', 'Universidade Federal do Rio Grande do Norte', 'Federal University of Rio Grande do Norte (UFRN)']"
70,60016295,Hospital Israelita Albert Einstein,einstein.br,https://www.einstein.br/en/Pages/Home.aspx,['Hospital Israelita Albert Einstein']
71,60101679,"Instituto Federal de Educação, Ciência e Tecnologia do Rio de Janeiro",ifrj.edu.br,https://www.ifrj.edu.br/,"['Instituto Federal de Educação, Ciência e Tecnologia do Rio de Janeiro', 'Federal Institute of Education, Science and Technology of Rio de Janeiro']"
72,60009625,Empresa Brasileira de Pesquisa Agropecuária - Embrapa,embrapa.br,https://www.embrapa.br/en/international,[]
73,60029947,Embrapa Agrobiologia,,https://www.embrapa.br/en/agrobiologia,"['Embrapa Agrobiologia', 'Embrapa Agrobiology']"
74,60027947,Universidade Federal Rural do Rio de Janeiro,ufrrj.br,http://www.ufrrj.br,"['Federal Rural University of Rio de Janeiro', 'Universidade Federal Rural do Rio de Janeiro']"
75,60281103,Universidade Anhanguera de São Paulo,anhanguera.com,https://www.anhanguera.com/unidades/,"['Universidade Anhanguera de São Paulo', 'Anhanguera Educacional', 'Anhanguera Educational']"
76,60065531,Embrapa Uva e Vinho,,https://www.embrapa.br/en/uva-e-vinho,"['Embrapa Uva e Vinho', 'Embrapa Grape & Wine']"
77,60029884,Embrapa Agroindústria de Alimentos,,https://www.embrapa.br/en/agroindustria-de-alimentos,"['Embrapa Agroindústria de Alimentos', 'Embrapa Food Technology']"
78,60017931,Ministério da Saúde,gov.br,https://www.gov.br/saude/pt-br,"['Ministerio da Saude', 'Ministério da Saúde']"
79,113332273,Danone Early Life Nutrition,,,[]
80,60020705,Instituto Dante Pazzanese de Cardiologia,dantepazzanese.org.br,,['Instituto Dante Pazzanese de Cardiologia']
81,60003079,Université Fédérale de Sergipe,en.ufs.br,https://en.ufs.br/pagina/21114,"['Federal University of Sergipe', 'Universidade Federal de Sergipe', 'Federal University of Sergipe (UFS)', 'Université Fédérale de Sergipe']"
82,101615143,National Institute of Traumatology and Orthopaedics,,,[]
83,60013710,Universidade Federal da Bahia,portal.ufba.br,http://www.portal.ufba.br/,"['Federal University of Bahia', 'Universidade Federal da Bahia']"
84,114672955,Federal University of Recôncavo of Bahia,,,[]
85,112590401,Hospital Fornecedores de Cana,,,"['Hospital Fornecedores De Cana', 'Fornecedores De Cana Hospital', 'Incorpi - Hospital Fornecedores De Cana', 'Hospital Dos Fornecedores De Cana']"
86,60024989,Universidade de Brasília,international.unb.br,https://international.unb.br/,"['Universidade de Brasília', 'University of Brasilia', 'University of Brasília']"
87,60029534,Pontificia Universidade Catolica de Campinas,puc-campinas.edu.br,https://www.puc-campinas.edu.br/,"['Pontifical Catholic University of Campinas', 'Pontificia Universidade Catolica de Campinas']"
88,60103687,Universidade do Vale do Taquari - Univates,univates.br,http://www.univates.br/,['Centro Universitário UNIVATES']
89,117786132,Edgard Santos University Hospital,,,['Edgard Santos University Hospital']
90,60100484,Liga Bahiana Contra o Câncer,,http://www.lbcc.org.br/,['Liga Bahiana Contra o Câncer']
91,60010253,Universidade do Extremo Sul Catarinense,unesc.net,https://www.unesc.net/home,"['University of the Extreme South of Santa Catarina', 'Universidade do Extremo Sul Catarinense']"
92,60014598,Universidade Federal de Pelotas,portal.ufpel.edu.br,https://portal.ufpel.edu.br/en/,"['Federal University of Pelotas', 'Universidade Federal de Pelotas']"
93,60024094,Universidade do Estado de Santa Catarina,udesc.br,https://www.udesc.br/,"['Santa Catarina State University', 'Universidade do Estado de Santa Catarina']"
94,127288890,Faculty of Medical Sciences,,,['Faculty Of Medical Sciences']
95,60021699,Universidade Salgado de Oliveira,universo.edu.br,http://www.universo.edu.br,"['Salgado de Oliveira University', 'Universidade Salgado de Oliveira']"
96,127288876,National Institute of Hormones and Women's Health,,,"[""National Institute Of Hormones And Women's Health""]"
97,109661515,Universidade Federal de Alfena,,,"['Universidade Federal De Alfena', 'Universidad Federal De Alfenas']"
98,60019649,Universidade Federal do Triangulo Mineiro,uftm.edu.br,http://www.uftm.edu.br,"['Federal University of Triangulo Mineiro', 'Universidade Federal do Triangulo Mineiro']"
99,122029369,Secretaria Municipal de Saúde de Ribeirão Preto,,,['Secretaria Municipal De Saúde De Ribeirão Preto']
100,113118392,Universitário Pedro Ernesto,,,"['Universitário Pedro Ernesto', 'Universitario Pedro Ernesto', 'Universit. Pedro Ernesto', 'Univ. Pedro Ernesto']"
101,60002101,Universidade Federal de Alfenas,unifal-mg.edu.br,http://www.unifal-mg.edu.br,"['Federal University of Alfenas', 'Universidade Federal de Alfenas']"
102,60027064,Universidade Federal do Piauí,ufpi.br,https://www.ufpi.br/,"['Federal University of Piauí', 'Universidade Federal do Piauí']"
103,60027524,Universidade Cruzeiro do Sul,cruzeirodosul.edu.br,https://www.cruzeirodosul.edu.br/,"['Southern Cross University, Sao Paulo', 'Universidade Cruzeiro do Sul']"
104,60013906,Universidade Estadual de Feira de Santana,uefs.br,http://www.uefs.br/portal,"['State University of Feira de Santana', 'Universidade Estadual de Feira de Santana']"
105,60058857,Instituto de Cardiologia/Fundacao Universitaria de Cardiologia,cardiologia.org.br,http://www.cardiologia.org.br/,['Instituto de Cardiologia/Fundacao Universitaria de Cardiologia']
106,109465855,Enfermeira da Estratégia de Saúde da Família do município do Rio de Janeiro,,,"['Enfermeira Da Estratégia De Saúde Da Família Do Município Do Rio De Janeiro', 'Serviços De Saúde Do Município Do Rio De Janeiro', 'Secretaria De Saúde Do Município Do Rio De Janeiro', 'Saúde Da Família Do Município Do Rio De Janeiro', 'Laboratório Central De Saúde Pública Do Rio De Janeiro', 'Estratégia Da Saúde Da Família Do Município Do Rio De Janeiro', 'Do Serviço Nacional De Malária Rio De Janeiro']"
107,60021547,Universidade Catolica de Pelotas,ucpel.tche.br,,"['Catholic University of Pelotas', 'Universidade Catolica de Pelotas']"
108,60022584,Universidade da Regiao da Campanha,urcamp.tche.br,http://www.urcamp.tche.br,"['University of the Campanha Region', 'Universidade da Regiao da Campanha']"
109,116068097,Hospital Promater,,,"['Hospital Promater', 'Promater-hospital Geral']"
110,60032751,Universidade Paulista,unip.br,https://www5.unip.br/,"['Paulista University', 'Universidade Paulista']"
111,112568546,São José do Rio Preto,,,[]
112,125366632,Undergraduate student in Nursing,,,['Undergraduate Student In Nursing']
113,60003709,Universidade Federal de Campina Grande,ufcg.edu.br,,"['Federal University of Campina Grande', 'Universidade Federal de Campina Grande']"
114,102001372,University Hospital Alzira Velano,,,[]
115,105423824,Hospital de Apoio de Brasília,,,[]
116,60001430,Universidade Federal do ABC,ufabc.edu.br,https://www.ufabc.edu.br/en/,"['Federal University of ABC', 'Universidade Federal do ABC', 'Federal University of ABC (UFABC)']"
117,60112684,"Instituto Federal de Educação, Ciência e Tecnologia de São Paulo",spo.ifsp.edu.br,https://spo.ifsp.edu.br/,"['Instituto Federal de Educação, Ciência e Tecnologia de São Paulo', 'Federal Institute of Education, Science and Technology of São Paulo']"
118,60055802,Hospital de Base do Distrito Federal,saude.df.gov.br,,['Hospital de Base do Distrito Federal']
119,60028689,FEPECS - Fundacao de Ensino e Pesquisa em Ciencias da Saude,fepecs.edu.br,http://www.fepecs.edu.br/,['FEPECS - Fundacao de Ensino e Pesquisa em Ciencias da Saude']
120,60020004,Pontifícia Universidade Católica do Paraná,pucpr.br,https://www.pucpr.br/,"['Pontificia Universidade Catolica do Parana', 'Pontifical Catholic University of Parana', 'Pontifícia Universidade Católica do Paraná', 'Pontifical Catholic University of Paraná']"
121,60004778,Universidade Federal do Reconcavo da Bahia,ufrb.edu.br,http://www.ufrb.edu.br/,"['Federal University of Reconcavo da Bahia', 'Universidade Federal do Reconcavo da Bahia']"
122,116068015,Associação Brasileira de Enfermagem,,,"['Associação De Medicina Intensiva Brasileira', 'Associação Brasileira De Enfermagem']"
123,60026004,Fundacao Oswaldo Cruz,portal.fiocruz.br,https://portal.fiocruz.br/en,"['Fundacao Oswaldo Cruz', 'Oswaldo Cruz Foundation', 'Fiocruz']"
124,116020926,Mokiti Okada Foundation,,,"['Mokiti Okada Foundation', 'Mokiti Okada Research Center']"
125,60015760,Pontifícia Universidade Católica do Rio Grande do Sul,pucrs.br,http://www.pucrs.br,"['Pontifical Catholic University of Rio Grande do Sul', 'Pontificia Universidade Catolica do Rio Grande do Sul', 'Pontifícia Universidade Católica do Rio Grande do Sul', 'Pontifical Catholic University of Rio Grande do Sul (PUCRS)']"
126,60019654,Universidade de Santa Cruz do Sul,unisc.br,https://www.unisc.br/en/,"['University of Southern Santa Cruz', 'Universidade de Santa Cruz do Sul', 'University of Santa Cruz do Sul']"
127,60020402,Instituto Butantan,butantan.gov.br,https://butantan.gov.br/,"['Instituto Butantan', 'Butantan Institute']"
128,115927128,University of Tuiuti do Paraná,,,['University Of Tuiuti Do Paraná']
129,107263285,Pró-Cardíaco Hospital,,,[]
130,112824869,Irmandade da Santa Casa de Misericórdia,,,[]
131,113034188,GANEP - Nutrição Humana,,,['Ganep - Nutrição Humana']
132,60022378,Universidade Estacio de Sa,estacio.br,http://www.estacio.br,"['Estacio de Sa University', 'Universidade Estacio de Sa']"
133,115795270,VVH Medical Center,,,['VVH Medical Center']
134,111095082,Institute of Radioprotection and Dosimetry,,,"['Institute Of Radioprotection And Dosimetry', 'Institute For Radioprotection And Dosimetry (ird)', 'Radioprotection Dosimetry Institute (ird)', 'Radioprotection And Dosimetry Institute', 'National Nuclear Energy Commission - Institute Of Radioprotection And Dosimetry', 'Institute Of Radioprotection And Dosimetry (ird)', 'Brazilian Institute Of Radioprotection And Dosimetry (ird)']"
135,60013792,Universidade Federal de São Carlos,ufscar.br,https://www2.ufscar.br/,"['Federal University of São Carlos', 'Universidade Federal de São Carlos']"
136,112648279,Environmental Protection Foundation of Rio Grande do Sul State,,,"['Environmental Protection Foundation of Rio Grande do Sul State', 'Health Secretariat of the State of Rio Grande Do sul', 'Health Secretariat of Rio do Sul State', 'Academy of Medicine of the State of Rio Grande do Sul']"
137,101926298,Grupo Hospitalar Conceição,,,[]
138,120288358,Faculdade de Ciências,,,['Faculdade De Ciências']
139,100860885,Gastro Obeso Center,,,"['Gastro Obeso Center', 'Institute Gastro-obeso-center', 'Gastro-obeso Center', 'Gastroobesocenter Institute For Metabolic Optimization', 'Gastroobeso Center', 'Gastro-obeso-center Institute Of Metabolic Optimization', 'Gastro-obeso-center Institute For Metabolic Optimization', 'Gastro-obeso-center Institute', 'Gastro Obeso Center Sao Paulo', 'Gastro Obeso Center Clinic']"
140,115922465,Research Group on the History of Brazilian Nursing,,,['Research Group On The History Of Brazilian Nursing']
141,113073312,Federal University ABC,,,[]
142,107193116,South of Santa Catarina University,,,[]
143,101704823,Center of Health Sciences,,,"['Center Of Health Sciences', 'Health Sciences Center']"
144,100634508,Secretaria de Vigilância em Saúde,,,"['Secretaria De Vigilância Em Saúde', 'Secretaria De Vigilaˆncia Em Sau´de', 'Secretaria Nacional De Vigilância Em Saúde', 'Secretaria De Vigiläncia Em Saúde', 'Secretaria De Vigilância Em Saúde E Ambiente', 'Secretaria De Vigilancia Em Saude']"
145,60024559,Universidade do Vale do Rio dos Sinos,unisinos.br,https://www.unisinos.br/,"['University of the Rio dos Sinos Valley', 'Universidade do Vale do Rio dos Sinos']"
146,60015786,Universidade Federal do Maranhão,portalpadrao.ufma.br,https://portalpadrao.ufma.br/,"['Federal University of Maranhao', 'Universidade Federal do Maranhao', 'Federal University of Maranhão (UFMA)', 'Federal University of Maranhão', 'Universidade Federal do Maranhão']"
147,112683068,Hospital Universitário de Santa Maria (HUSM),,,[]
148,116308377,CNPq Grantee,,,"['Cnpqgrantee', 'Cnpq Grantee']"
149,128429470,Family Health Strategy,,,['Family Health Strategy']
150,112368771,Hospital Distrital Gonzaga Mota de Messejana,,,"['Hospital Distrital Gonzaga Mota De Messejana', 'Hospital Distrital Gonzaga Mota - José Walter', 'Hospital Distrital Gonzaga Mota', 'Gonzaga Mota Of Messejana Hospital']"
151,117559118,Instituto Estadual de Educação,,,"['Instituto Estadual De Educação', 'Secretária Estadual De Educação', 'Secretaria Estadual De Educação', 'Instituto Federal De Educação']"
152,107302912,Escola de Saúde Pública do Rio Grande do Sul,,,"['Escola De Saúde Pública Do Rio Grande Do Sul', 'Secretaria De Saúde Do Rio Grande Do Sul', 'Secretaria Estadual De Saúde Do Rio Grande Do Sul', 'Secretaria De Segurança Pública Do Rio Grande Do Sul', 'Escola De Saúde Pública Rio Grande Do Sul', 'Escola De Saúde Pública Do Rio Grande Do Sul – Esp/rs', 'Escola De Saúde Pública Do Rio Grande Do Sul (esp/rs)', 'Escola De Saúde Pública Do Estado Do Rio Grande Do Sul']"
153,118816131,Hospital de Câncer de Francisco Beltrão,,,[]
154,60001701,Universidade Federal de Mato Grosso,ufmt.br,http://www.ufmt.br,"['Federal University of Mato Grosso', 'Universidade Federal de Mato Grosso']"
155,107939251,Hospital Monte Klinikum,,,"['Hospital Monte Klinikum', 'Monte Klinikum Hospital', 'The Hospital Monte Klinikum', 'Hôpital Monte Klinikum', 'Hospital Monteklinikum', 'Enfermeira Do Hospital Monte Klinikum']"
156,60009160,Universidade Federal de Mato Grosso do Sul,ufms.br,https://www.ufms.br/,"['Federal University of Mato Grosso do Sul', 'Universidade Federal de Mato Grosso do Sul']"
157,116308527,Desenvolvimento na Região Centro-Oeste,,,['Desenvolvimento Na Região Centro-oeste']
158,60049617,Faculdade de Medicina de São José do Rio Preto,famerp.br,https://www.famerp.br/,['Faculdade de Medicina de Sao Jose do Rio Preto']
159,107970522,Nursing Department and PEN/UFSC,,,"['Nursing Department And Pen/ufsc', 'Nursing Department And Of The Pen/ufsc']"
160,116308004,Nursing Department and of the UFSC,,,['Nursing Department And Of The Ufsc']
161,114913369,Nursing Department,,,['Nursing Department']
162,116307965,Nursing Department,,,['Nursing Department']
163,60032761,Universidade de Ribeirao Preto,unaerp.br,http://www.unaerp.br/,"['University of Ribeirao Preto', 'Universidade de Ribeirao Preto']"
164,60016011,Universidade do Estado de Minas Gerais,uemg.br,http://www.uemg.br/,"['Minas Gerais State University', 'Universidade do Estado de Minas Gerais']"
165,128428846,UEMG,,,[]
166,60013098,AFPERGS - Hospital Ernesto Dornelles,hed.com.br,http://www.hed.com.br/central.asp,['AFPERGS - Hospital Ernesto Dornelles']
167,60080216,Universidade Federal da Grande Dourados,,http://www.ufgd.edu.br/,"['Federal University of Grande Dourados', 'Universidade Federal da Grande Dourados']"
168,60104383,Instituto D'Or de Pesquisa e Ensino,en.idor.org,https://en.idor.org/,"[""Instituto D'Or de Pesquisa e Ensino"", ""D'Or Institute for Research and Teaching"", 'D’Or Institute for Research and Education']"
169,115926871,College of Arts of Paraná,,,['College Of Arts Of Paraná']
170,60106091,Universidade Positivo,up.edu.br,https://www.up.edu.br/,"['Universidade Positivo', 'Positive University']"
171,60020303,A.C.Camargo Cancer Center,accamargo.org.br,http://www.accamargo.org.br/english,['A.C.Camargo Cancer Center']
172,106622226,CAPES scholarship,,,"['Capes Scholarship', 'Capes', 'Bolsista Capes']"
173,112629807,Centro Universitário da Fundação Assis Gurgacz,,,[]
174,115804636,Hydroelectric Company of São Francisco,,,['Hydroelectric Company Of São Francisco']
175,60084127,Hospital de Câncer de Barretos,,http://www.hcancerbarretos.com.br/,['Hospital de Câncer de Barretos']
176,60211916,Hospital Universitário de Brasília,,http://www2.ebserh.gov.br/web/hub-unb,"['Hospital Universitário de Brasília', 'University Hospital of Brasília']"
177,60009650,Universidade Anhembi Morumbi,portal.anhembi.br,https://portal.anhembi.br/,"['Anhembi Morumbi University', 'Universidade Anhembi Morumbi']"
178,127274785,Instituto Visão Futuro,,,['Instituto Visão Futuro']
179,105281652,Hospital Oswaldo Cruz,,,[]
180,60014217,Faculdade de Ciencias Medicas da Santa Casa de Sao Paulo,fcmsantacasasp.edu.br,https://fcmsantacasasp.edu.br/english/,"['Faculdade de Ciencias Medicas da Santa Casa de Sao Paulo', 'Faculty of Medical Sciences of Santa Casa de Sao Paulo']"
181,60018034,Universidade Estadual de Ponta Grossa,uepg.br,https://www.uepg.br/,"['State University of Ponta Grossa', 'Universidade Estadual de Ponta Grossa']"
182,60271963,"Instituto Federal de Educação, Ciência e Tecnologia do Sudeste de Minas Gerais (IF Sudeste MG)",ifsudestemg.edu.br,https://www.ifsudestemg.edu.br/,"['Instituto Federal de Educação, Ciência e Tecnologia do Sudeste de Minas Gerais (IF Sudeste MG)', 'IF Sudeste MG', 'Federal Institute of Education, Science and Technology of the Southeast of Minas Gerais (IF Sudeste MG)']"
183,60028351,Universidade Federal de Sao Joao del-Rei,ufsj.edu.br,https://ufsj.edu.br/ingles/,"['Federal University of Sao Joao del-Rei', 'Universidade Federal de Sao Joao del-Rei']"
184,60028775,Conselho Nacional de Desenvolvimento Cientifico E Tecnologico Cnpq,cnpq.br,https://www.gov.br/cnpq/pt-br,"['Conselho Nacional de Desenvolvimento Cientifico E Tecnologico Cnpq', 'National Council for Scientific and Technological Development']"
185,60002175,Universidade do Estado do Amazonas,uea.edu.br,https://www3.uea.edu.br/?lang=en,"['Amazon State University', 'Universidade do Estado do Amazonas', 'University of the State of Amazonas']"
186,60196703,Centro Universitario de Varzea Grande,univag.com.br,http://www.univag.com.br/,"['Centro Universitario de Varzea Grande', 'University Center of Várzea Grande']"
187,112773961,Gastro Obeso Center,,,"['Gastro Obeso Center', 'Gastro-obeso-center Institute Of Metabolic Optimization', 'Gastro-obeso-center Institute', 'Gastro-obeso-center', 'Gastro-obeso Center', 'Unit Of Endoscopy. Gastro-obeso Center', 'Unit Of Endoscopy - Gastro Obeso Center', 'Obeso Center', 'Gastroobesocenter – Institute For Metabolic Optimization', 'Gastro-obeso-center Metabolic Optimisation Institute']"
188,112590576,Secretaria da Saúde do Estado do Rio Grande do Sul,,,"['Secretaria Da Saúde Do Estado Do Rio Grande Do Sul', 'Secretaria De Saúde Do Estado Do Rio Grande Do Sul', 'Secretaria De Estado Da Saúde Do Rio Grande Do Sul', 'Centro Estadual De Vigilancia Em Saude Da Secretaria De Saude Do Estado Do Rio Grande Do Sul', 'Secretaria Estadual De Saúde Do Rio Grande Do Sul', 'Secretaria Da Saúde Do Estado Do Rio Grande Do Sul (ses-rs)', 'Secretaria Saude Estado Rio Grande Do Sul', 'Secretaria Estadual Da Saúde Do Rio Grande Do Sul', 'Centro Estadual De Vigilância Em Saúde Da Secretaria De Saúde Do Estado Do Rio Grande Do Sul (lacen/cevs/ses-rs)', 'Centro Estadual De Vigilância Em Saúde Da Secretaria De Saúde Do Estado Do Rio Grande Do Sul']"
189,60069644,Hospital Nossa Senhora da Conceicao,hnsc.org.br,,['Hospital Nossa Senhora da Conceicao']
190,60005554,Universidade Luterana do Brasil,ulbra.br,http://www.ulbra.br,"['Lutheran University of Brazil', 'Universidade Luterana do Brasil']"
191,128991071,Departamento de Enfermagem de Saúde Pública da Escola de Enfermagem Anna Nery,,,['Departamento De Enfermagem De Saúde Pública Da Escola De Enfermagem Anna Nery']
192,112829086,State University of Southwest Bahia,,,[]
193,60271971,Universidade da Integração Internacional da Lusofonia Afro-Brasileira - UNILAB,unilab.edu.br/,https://unilab.edu.br/,"['Universidade da Integração Internacional da Lusofonia Afro-Brasileira - UNILAB', 'Universidade da Integração Internacional da Lusofonia Afro-Brasileira', 'University of International Integration of Afro-Brazilian Lusofonia']"
194,116250310,Especialista em Enfermagem Psiquiátrica e Saúde Mental,,,['Especialista Em Enfermagem Psiquiátrica E Saúde Mental']
195,60015403,Universidade Estadual do Sudoeste da Bahia,uesb.br,http://www.uesb.br/,"['Southwest Bahia State University', 'Universidade Estadual do Sudoeste da Bahia']"
196,128200900,Intensivista do Hospital Geral Prado Valadares,,,['Intensivista Do Hospital Geral Prado Valadares']
197,128200786,Enfermeira da Estratégia de Saúde da Família e do Hospital Geral Prado Valadares,,,['Enfermeira Da Estratégia De Saúde Da Família E Do Hospital Geral Prado Valadares']
198,128200757,Especialista em Enfermagem em Unidade de Terapia Intensiva,,,['Especialista Em Enfermagem Em Unidade De Terapia Intensiva']
199,116250388,Unidade de Terapia Intensiva Enfermeira da Estratégia da Saúde da Família da Prefeitura de Palhoça,,,"['Unidade De Terapia Intensiva Enfermeira Da Estratégia Da Saúde Da Família Da Prefeitura De Palhoça', 'Enfermeira Da Estratégia Da Saúde Da Família Da Prefeitura De Palhoça']"
200,128200719,Universidade do Extremo Sul de Santa Catarina,,,['Universidade Do Extremo Sul De Santa Catarina']
201,124869046,Pelotas,,,['Pelotas']
202,60021102,Instituto Lauro de Souza Lima,ilsl.br,http://www.ilsl.br/,['Instituto Lauro de Souza Lima']
203,100732324,Departamento de Enfermagem,,,"['Departamento De Enfermagem', 'Departamento Enfermagem', 'Departamento De Enfermagem Especializada']"
204,116250850,Unidade Mista Dr. Neto Guterres,,,['Unidade Mista Dr. Neto Guterres']
205,60012114,Universidade Regional do Cariri,urca.br,http://www.urca.br,"['Regional University of Cariri', 'Universidade Regional do Cariri']"
206,128200815,Três Lagoas,,,['Três Lagoas']
207,116250731,Missionária da Igreja Presbiteriana do Brasil,,,['Missionária Da Igreja Presbiteriana Do Brasil']
208,60029181,Universidade Unigranrio Afya,unigranrio.com.br,https://www.unigranrio.com.br/,"['Grande Rio Professor Jose de Souza Herdy University', 'Universidade do Grande Rio Professor Jose de Souza Herdy', 'Universidade Unigranrio Afya', 'Unigranrio Afya', 'Unigranrio Afya University']"
209,101529118,Hospital Estadual Getúlio Vargas,,,"['Hospital Estadual Getúlio Vargas', 'Hosp. Estadual Getulio Vargas', 'Getúlio Vargas State Hospital', 'Hospital Getulio Vargas', 'Hosp. Getulio Vargas', 'Hosp. Estad. Getulio Vargas', 'Getulio Vargas State Hospital', 'Hospital Getúlio Vargas', 'Hospital Estadual Getúlio Vargas - Ses-rj', 'Hospital Estadual Getulio Vargas']"
210,60080208,Hospital Universitario Pedro Ernesto,,http://www.hupe.uerj.br/,['Hospital Universitario Pedro Ernesto']
211,122028739,Universidade do Rio de Janeiro,,,[]
212,128200872,Enfermeira da Prefeitura Municipal de Colombo,,,['Enfermeira Da Prefeitura Municipal De Colombo']
213,128200841,Membro do Grupo Multiprofissional de Pesquisa sobre Idosos,,,['Membro Do Grupo Multiprofissional De Pesquisa Sobre Idosos']
214,128200827,Especialista em Gerenciamento dos Serviços de Enfermagem e Gestão Pública em Saúde e MBA em gestão de Recursos Humanos,,,['Especialista Em Gerenciamento Dos Serviços De Enfermagem E Gestão Pública Em Saúde E Mba Em Gestão De Recursos Humanos']
215,115866608,Centro de Ciências Sociais,,,['Centro De Ciências Sociais']
216,60272034,Centro Universitário CESMAC,acesso.cesmac.edu.br,https://acesso.cesmac.edu.br/maceio,"['Centro Universitário CESMAC', 'CESMAC University Center']"
217,60000958,Universidade Federal Rural de Pernambuco,ufrpe.br,http://www.ufrpe.br,"['Federal Rural University of Pernambuco', 'Universidade Federal Rural de Pernambuco']"
218,60005405,Universidade Federal de Alagoas,ufal.br,https://ufal.br/ufal,"['Federal University of Alagoas', 'Universidade Federal de Alagoas']"
219,119126294,Prefeitura Municipal de Arcoverde,,,['Prefeitura Municipal De Arcoverde']
220,120271688,Prefeitura Municipal de Marechal Deodoro,,,['Prefeitura Municipal De Marechal Deodoro']
221,60271967,Universidade Estadual de Alagoas - UNEAL,uneal.edu.br,http://www.uneal.edu.br/,"['Universidade Estadual de Alagoas - UNEAL', 'State University of Alagoas - UNEAL', 'Universidade Estadual de Alagoas', 'State University of Alagoas']"
222,60021606,Universidade Estadual do Ceará,uece.br,https://www.uece.br/,"['State University of Ceara', 'Universidade Estadual do Ceara', 'Ceará State University', 'Universidade Estadual do Ceará', 'State University of Ceará']"
223,128766295,Polícia Militar de Minas Gerais,,,['Polícia Militar De Minas Gerais']
224,60024874,Universidade do Estado da Bahia,uneb.br,http://www.uneb.br,"['Bahia State University', 'Universidade do Estado da Bahia']"
225,60018777,Fundacao Universidade Federal do Vale do Sao Francisco,portais.univasf.edu.br,https://portais.univasf.edu.br/,"['Federal Foundation University of Vale do Sao Francisco', 'Fundacao Universidade Federal do Vale do Sao Francisco']"
226,100381493,Instituto Estadual de Cardiologia Aloysio de Castro,,,"['Instituto Estadual De Cardiologia Aloysio De Castro', 'Instituto Estadual De Cardiologia Aloysio De Castro Do Rio De Janeiro', 'Instituto Estadual De Cardiologia Aloysio De Castro (iecac)', 'Inst. Estad. Cardiol. Aloysio De Castro', 'Instituto Estadual De Cardiologia Aluísio De Castro', 'Instituto Estadual De Cardiologia Aloysio De Carvalho', 'Instituto De Cardiologia Aloysio De Castro', 'Inst. Estadual Cardiol. Aloysio C.', 'Aloysio De Castro State Inst. C.']"
227,130262614,Ministério da Saúde,,,"['Ministério Da Saúde', 'Ministe´rio Da Sau´de']"
228,101970261,University Center Univates,,,"['Univates University Center', 'University Center Univates', 'Univates-university Center', 'Univates University', 'Univates - The University Center']"
229,60061718,Hospital Felicio Rocho,feliciorocho.org.br,,['Hospital Felicio Rocho']
230,60021629,"Universidade Federal de Juiz de Fora, Faculdade de Medicina",medicina.ufjf.br,http://www.medicina.ufjf.br/,"['Federal University of Juiz de Fora, Faculty of Medicine', 'Universidade Federal de Juiz de Fora, Faculdade de Medicina']"
231,116766552,Clinic Axis Column Clinic,,,['Clinic Axis Column Clinic']
232,126889427,Secretaria Municipal de Saúde,,,['Secretaria Municipal De Saúde']
233,112685303,Hospital Universitário Regional de Maringá,,,"['Hospital Universitário Regional De Maringá', 'Hospital Universitário Regional De Maringá (cci/hum)']"
234,60082715,Universidade Federal do Pampa,unipampa.edu.br,https://unipampa.edu.br/portal/,"['Federal University of Pampa', 'Universidade Federal do Pampa']"
235,127258616,Municipal de Schroeder,,,['Municipal De Schroeder']
236,101105184,University of Londrina,,,[]
237,112731693,FCM Santa Casa de São Paulo,,,"['Fcm Santa Casa De São Paulo', 'F.c.m. Santa Casa De São Paulo', 'Santa De Sao Paulo Medical School']"
238,60032361,Pontifícia Universidade Católica do Rio de Janeiro,puc-rio.br,http://www.puc-rio.br/english/,"['Pontifical Catholic University of Rio de Janeiro', 'Pontificia Universidade Catolica do Rio de Janeiro', 'Pontifical Catholic University of Rio de Janeiro (PUC-Rio)', 'Pontifícia Universidade Católica do Rio de Janeiro']"
239,60084133,Instituto Estadual de Diabetes e Endocrinologia Luiz Capriglione,,,['Instituto Estadual de Diabetes e Endocrinologia Luiz Capriglione']
240,109617767,National Health Council,,,"['State Health Department', 'National Health Council', 'National Council Of State Health Departments']"
241,60024246,Universidade Estadual de Montes Claros,unimontes.br,https://unimontes.br/,"['State University of Montes Claros', 'Universidade Estadual de Montes Claros']"
242,60020043,Universidade São Judas Tadeu,usjt.br,http://www.usjt.br,"['São Judas Tadeu University', 'Universidade São Judas Tadeu']"
243,60017685,"Universidade Federal de Uberlandia, Faculdade de Medicina",ufu.br,http://www.famed.ufu.br/,"['Federal University of Uberlandia, Faculty of Medicine', 'Universidade Federal de Uberlandia, Faculdade de Medicina']"
244,115249809,Restaurant Epice,,,['Restaurant Epice']
245,114180212,Instituto Federal do Ceará (IFCE),,,[]
246,60004365,Universidade do Planalto Catarinense,uniplac.net,http://www.uniplac.net,"['University of the Catarina Plateau', 'Universidade do Planalto Catarinense']"
247,106540191,São José do Rio Preto Medical School,,,[]
248,127249356,Universidad Federal de Viçosa,,,"['Viçosa Federal University', 'Universidad Federal De Viçosa']"
249,127249378,Nutrition and Dietetics Division- HU- USP,,,['Nutrition And Dietetics Division- Hu- Usp']
250,112942350,Midwest State University,,,[]
251,112578585,ABC University,,,"['Abc University', 'University Of Abc', 'University Center Health Abc', 'Abc State University']"
252,60001446,Irmandade da Santa Casa de Misericordia de Sao Paulo,santacasasp.org.br,http://www.santacasasp.org.br/,['Irmandade da Santa Casa de Misericordia de Sao Paulo']
253,111495013,Pro-rim Foundation,,,[]
254,109670014,São Paulo Medical Spiritist Association,,,"['São Paulo Medical Spiritist Association', 'Spiritist-medical Association', 'Medical Spiritist Association Of São Paulo']"
255,113172035,S. Paulo Medical College of Acupuncture,,,"['São Paulo Medical College Of Acupuncture', 'S. Paulo Medical College Of Acupuncture', 'Medical College Of Acupuncture Of São Paulo']"
256,101424648,Brazilian Medical Association,,,[]
257,100430997,Centro Universitário São Camilo,,,[]
258,101887823,Laboratório Interdisciplinar em Fisiologia e Exercício (LAIFE),,,"['Laboratório Interdisciplinar Em Fisiologia E Exercício (laife)', 'Laboratorio Interdisciplinar Em Fisiologia E Exercicio', 'Laboratório Interdisciplinar Em Fisiologia E Exercício - Laife', 'Laboratorio De Fisiologia Exercicio']"
259,115352539,Rua Silva Jardim,,,['Rua Silva Jardim']
260,60029705,Instituto Adolfo Lutz,ial.sp.gov.br,http://www.ial.sp.gov.br,['Instituto Adolfo Lutz']
261,60069941,Hospital Universitario Gaffree e Guinle,unirio.br,,['Hospital Universitario Gaffree e Guinle']
262,113083915,Military Police of the State of Rio de Janeiro,,,[]
263,115518434,Departament of Internal Medicine,,,['Departament Of Internal Medicine']
264,115518064,University Center Estácio of Ceará,,,"['University Center Estácio Of Ceará', 'University Center Estacio Of Ceara (estacio/fic)', 'University Center Estacio Of Ceara', 'Estácio Do Ceará University Center', 'Estacio University Of Ceara', 'Estacio Of Ceará University Center']"
265,107139034,General Hospital of Fortaleza,,,[]
266,115518060,Instituto Federal de Educación,,,['Instituto Federal De Educación']
267,115493647,Instituto de Medicina Integral Professor Fernando Figueira (IMIP),,,"['Instituto De Medicina Integral Professor Fernando Figueira (imip)', 'Instituto De Medicina Integral Prof. Fernando Figueira (imip)', 'Instituto Integral De Medicina Prof. Fernando Figueira (imip)', 'Instituto De Medicina Integral Profºfernando Figueira (imip)', 'Instituto De Medicina Integral Professor Fernando Figueira – Imip', 'Instituto De Medicina Integral Prof. Fernando Figueira - Imip', 'Instituto De Medicina Integral Prof. Fernando Figueira (imip', 'Imip: Instituto De Medicina Integral Professor Fernando Figueira']"
268,115518488,Nutritionist Hospital and Maternity Divine Love,,,['Nutritionist Hospital And Maternity Divine Love']
269,106298783,IMIP,,,['Imip']
270,127242585,Grupo de Pesquisa em Saúde Materna e Infantil (GPSMI – Research group in Maternal and Infant Health),,,['Grupo De Pesquisa Em Saúde Materna E Infantil (gpsmi – Research Group In Maternal And Infant Health)']
271,60016746,Universidade Federal do Tocantins,site.uft.edu.br,http://www.site.uft.edu.br/,"['Federal University of Tocantins', 'Universidade Federal do Tocantins']"
272,60242502,Hospital Estadual Sumaré,hes.unicamp.br,http://www.hes.unicamp.br/,"['Hospital Estadual Sumaré', 'Sumaré State Hospital']"
273,60024282,Instituto Agronomico de Campinas,iac.sp.gov.br,http://www.iac.sp.gov.br,"['Instituto Agronômico', 'Campinas Agronomic Institute']"
274,60061186,"Center of Nuclear Technology Development, Belo Horizonte",gov.br,https://www.gov.br/cdtn/pt-br,"['Center of Nuclear Technology Development, Belo Horizonte']"
275,60028247,Universidade de Caxias do Sul,ucs.br,http://www.ucs.br,"['University of Caxias do Sul', 'Universidade de Caxias do Sul']"
276,101995650,University of Maranhão,,,[]
277,113163145,Alfa Institute of Gastroenterology,,,[]
278,60084124,Universidade Nove de Julho,uninove.br,https://www.uninove.br/,"['Universidade Nove de Julho', 'University Ninth of July']"
279,126996332,University Center UNIVATES,,,['University Center Univates']
280,60024057,Universidade do Vale do Sapucaí,univas.edu.br,http://www.univas.edu.br,"['Sapucai Valley University', 'Universidade do Vale do Sapucaí']"
281,60003865,Universidade Catolica de Goias,pucgoias.edu.br,https://www.pucgoias.edu.br/,"['Catholic University of Goias', 'Universidade Catolica de Goias']"
282,60235678,Universidade Estadual do Paraná – UNESPAR,unespar.edu.br,https://www.unespar.edu.br/,"['Universidade Estadual do Paraná – UNESPAR', 'Universidade Estadual do Paraná']"
283,60016828,Universidade do Vale do Itajai,univali.br,https://www.univali.br/,"['University of the Valley of Itajai', 'Universidade do Vale do Itajai']"
284,115517789,Intensive Care Unit of the Teaching Hospital of Uberlândia,,,['Intensive Care Unit Of The Teaching Hospital Of Uberlândia']
285,112738843,University of West Paraná,,,[]
286,60000707,Universidade Feevale,feevale.br,https://www.feevale.br/en/,"['Feevale University', 'Universidade Feevale']"
287,126187130,Patos de Minas,,,[]
288,60000943,Universidade Federal do Amazonas,ufam.edu.br,https://ufam.edu.br/,"['Federal University of Amazonas', 'Universidade Federal do Amazonas']"
289,60002129,Universidade Regional Integrada do Alto Uruguai e das Missões,uri.br,http://www.uri.br,"['Regional Integrated University of Upper Uruguai and Missions', 'Universidade Regional Integrada do Alto Uruguai e das Missões', 'URI Câmpus de Erechim', 'Erechim Campus URI']"
290,60032592,Universidade Guarulhos,ung.br,https://www.ung.br/institucional/nacional,"['Guarulhos University', 'Universidade Guarulhos']"
291,60107228,Laboratório Nacional de Biociências,lnbio.cnpem.br,https://lnbio.cnpem.br/,"['Brazilian Biosciences National Laboratory', 'Laboratório Nacional de Biociências']"
292,60027294,Universidade Tecnológica Federal do Paraná,utfpr.edu.br,http://www.utfpr.edu.br/,"['Federal Technological University of Parana', 'Universidade Tecnologica Federal do Parana', 'Universidade Tecnológica Federal do Paraná', 'Federal Technological University of Paraná']"
293,113934212,Division of Cardiovascular Surgery,,,[]
294,115332180,Biological Sciences Institute ICB,,,"['Institute Of Biological Sciences', 'Biological Sciences Institute Icb']"
295,60016138,"Universidade de Pernambuco, Faculdade de Ciencias Medicas",upe.br,http://www.upe.br,"['University of Pernambuco, Faculty of Medical Sciences', 'Universidade de Pernambuco, Faculdade de Ciencias Medicas']"
296,60257059,"Instituto Federal de Educação, Ciência e Tecnologia do Paraná – IFPR",reitoria.ifpr.edu.br,https://reitoria.ifpr.edu.br/,"['Federal Institute of Paraná', 'Instituto Federal do Paraná', 'Instituto Federal de Educação, Ciência e Tecnologia do Paraná – IFPR']"
297,113759993,Federal University of the Southern Border - UFFS,,,"['Federal University Of The Southern Frontier', 'Federal University Of The Southern Border - Uffs', 'Federal University Of The South Border']"
298,60032066,Universidade do Contestado,unc.br,http://www.unc.br,"['University Contestado', 'Universidade do Contestado']"
299,60017506,Universidade Estadual do Centro Oeste,unicentro.br,http://www.unicentro.br,"['State University of the Central West', 'Universidade Estadual do Centro Oeste']"
300,60017841,Universidade Federal de Lavras,ufla.br,https://ufla.br/,"['Federal University of Lavras', 'Universidade Federal de Lavras']"
301,60069348,Hospital Infantil Pequeño Principe,hospitalpequenoprincipe.com.br,,['Hospital Infantil Pequeño Principe']
302,60268781,Universidade Federal da Integração Latino-Americana,unila.edu.br,https://portal.unila.edu.br/,"['Universidade Federal da Integração Latino-Americana', 'Federal University of Latin American Integration']"
303,127258416,State University Paulista,,,['State University Paulista']
304,115395431,Division of Nephrology,,,"['Nephrology Division', 'Division Of Nephrology']"
305,109659009,Amaral Carvalho Foundation,,,"['Amaral Carvalho Foundation', 'Hospital Amaral Carvalho', 'Foundation Hospital Amaral Carvalho', 'Amaral Carvalho Hospital Foundation']"
306,60101667,"Federal Institute of Education, Science and Technology of Santa Catarina",ifsc.edu.br,http://www.ifsc.edu.br/,"['Instituto Federal de Educação, Ciěncia e Tecnológia de Santa Catarina', 'Federal Institute of Education, Science and Technology of Santa Catarina', 'Instituto Federal de Santa Catarina (IFSC)']"
307,113624763,Curso de Psicologia,,,['Curso De Psicologia']
308,113329525,Faculdade Ingá,,,[]
309,60189660,Universidade Estadual do Norte do Paraná,uenp.edu.br,https://uenp.edu.br/,"['Universidade Estadual do Norte do Paraná', 'State University of Northern Paraná']"
310,116110660,Serviço de Atendimento Móvel de Urgência,,,['Serviço De Atendimento Móvel De Urgência']
311,106330633,Santa Casa de Misericórdia de Maringá,,,"['Santa Casa De Misericórdia De Maringá', ""Santa Casa De Maringá's Hospital"", 'Santa Casa De Maringá', 'Hospital Santa Casa De Misericórdia De Maringá', 'Hospital Santa Casa De Maringá']"
312,116111083,Associação Caruaruense de Ensino Superior e Técnico,,,[]
313,115962279,Central de Material e Esterilização,,,['Central De Material E Esterilização']
314,121240203,Hospital Otávio de Feitas,,,['Hospital Otávio De Feitas']
315,112709384,Instituto de Medicina Integral Professor Fernando Filgueira,,,"['Instituto De Medicina Integral Professor Fernando Filgueira', 'Instituto De Medicina Integral Prof. Fernando Filgueira', 'Instituto De Medicina Integral Prof Fernando']"
316,127287448,Hospital Deoclécio Marques de Lucena,,,['Hospital Deoclécio Marques De Lucena']
317,60004870,Universidade Gama Filho,ugf.br,,"['Gama Filho University', 'Universidade Gama Filho']"
318,115962280,Departamento de Fundamentos de Enfermagem e Administração da Escola de Enfermagem Aurora Afonso Costa,,,"['Escola De Enfermagem Aurora De Afonso Costa', 'Departamento De Fundamentos De Enfermagem E Administração Da Escola De Enfermagem Aurora Afonso Costa']"
319,127287643,Centro Universitário Celso Lisboa,,,"['Centro Universitário Celso Lisboa', 'Celso Lisboa University Center']"
320,115862210,Hospital Santa Rita de Maringá,,,"['Hospital Santa Rita De Maringá', 'Icu Nurse At Hospital Santa Rita De Maringá', 'Hospital Santa Rita De Maringa', 'Hospital E Maternidade Santa Rita De Maringá']"
321,115862201,National Union of Private Higher Education Institutions,,,['National Union Of Private Higher Education Institutions']
322,115862151,Home Care Service of HUSM,,,['Home Care Service Of Husm']
323,100916988,Hospital Evangélico de Londrina,,,[]
324,100468532,Instituto Dr. José Frota,,,[]
325,112893219,Centro Universitário Metodista-IPA,,,"['Centro Universitário Metodista-ipa', 'Centro Universitário Metodista Ipa', 'Rede Metodista Ipa', 'Centro Universitário Metodista - Ipa', 'Centro Universitario Metodista Ipa']"
326,108939152,Centro Universitário Estáciode Santa Catarina (ESTÁCIO),,,"['The Centro Universitário Estácio De Santa Catarina', 'Centro Universitário Estáciode Santa Catarina (estácio)', 'Centro Universitário Estácio Santa Catarina', 'Centro Universitário Estácio De Santa Catarina', 'Centro Universitario Estacio Santa Catarina']"
327,107858460,Hospital Dom Malan,,,[]
328,101139210,Instituto Nacional de Traumatologia e Ortopedia,,,[]
329,115862003,Unidade de Saúde da Família Campo Novo,,,['Unidade De Saúde Da Família Campo Novo']
330,113046112,Faculdade Metropolitana da Grande Fortaleza,,,[]
331,113561018,Departamento de Enfermagem Especializada,,,['Departamento De Enfermagem Especializada']
332,112373037,Hospital Nossa Senhora da Saúde,,,[]
333,100436810,Hospital Universitário de Santa Maria,,,[]
334,107723504,Secretaria Municipal de Saúde de Uberlândia,,,[]
335,60011742,Universidade Regional do Noroeste do Estado do Rio Grande do Sul,unijui.tche.br,https://www.unijui.edu.br/,"['Regional University of Northwest Rio Grande do Sul State', 'Universidade Regional do Noroeste do Estado do Rio Grande do Sul', 'Regional University of Northwestern Rio Grande do Sul']"
336,112737301,Synchrophar,,,['Synchrophar']
337,113609730,Faculdade de Ensino e Cultura do Ceará,,,"['Faculdade De Ensino E Cultura Do Ceará', 'Faculdade De Ensino Superior Do Ceará', 'Faculdade De Ensino E Cultura Do Ceará-faece']"
338,125450818,Federal University of Jequitinhonha and Mucuri Valleys (UFVJM),,,[]
339,101517656,Hospital de Câncer de Pernambuco,,,"['Hospital De Câncer De Pernambuco', 'Cancer Hospital Of Pernambuco', 'Pernambuco Câncer Hospital', 'Hospital De Cancer De Pernambuco', 'Câncer Hospital Of Pernambuco', 'Cancer Hospital Of Pernambuco (hcp)']"
340,60100490,Instituto Federal de Alagoas,ifal.edu.br,https://www2.ifal.edu.br/,"['Institutio Federal de Educação Ciência Tecnologia Alagoas, Brazil', 'Instituto Federal de Educação, Ciência e Tecnologia de Alagoas', 'Instituto Federal de Alagoas', 'Federal Institute of Alagoas']"
341,60021758,Hospital Alemao Oswaldo Cruz,haoc.com.br,,['Hospital Alemao Oswaldo Cruz']
342,127155470,Maternidade Escola Assis Chateubriand,,,['Maternidade Escola Assis Chateubriand']
343,109720527,Instituto do Câncer do Estado de São Paulo,,,"['Instituto Do Câncer Do Estado De São Paulo', 'Instituto Do Cancer Do Estado De São Paulo', 'Instituto Do Cancer Do Estado De Sao Paulo', 'Instituto Do Cãncer Do Estado De São Paulo', 'Instituto Do Cǎncer Do Estado De São Paulo', 'Instituto Do Câncer Do Estado De Saõ Paulo', 'Hospital Federal Dos Servidores Do Estado De São Paulo', 'Enfermeira Do Instituto Do Câncer Do Estado De Sao Paulo', 'Associação Dos Cirurgiões Dentistas Do Estado De São Paulo']"
344,127210033,MED III CAPES (Coordination for the Improvement of Higher Education),,,['Med Iii Capes (coordination For The Improvement Of Higher Education)']
345,115345905,université fédérale d’Alagoas,,,['université fédérale d’Alagoas']
346,112658211,National Institute of Cardiology,,,[]
347,60018904,Universidade da Regiao de Joinville,univille.br,http://www.univille.br,"['University of Joinville Region', 'Universidade da Regiao de Joinville']"
348,60069372,Hospital Moinhos de Vento,hospitalmoinhos.org.br,https://www.hospitalmoinhos.org.br/institucional,['Hospital Moinhos de Vento']
349,60026021,Universidade de Mogi das Cruzes,umc.br,http://www.umc.br,"['University of Mogi das Cruzes', 'Universidade de Mogi das Cruzes']"
350,60013607,Beneficenca Portuguesa Hospital Sao Paulo,beneficencia.org.br,,['Beneficenca Portuguesa Hospital Sao Paulo']
351,115795110,FAFIMAN,,,['Fafiman']
352,115879635,Inter-American Development Bank,,,['Inter-american Development Bank']
353,126778019,Santo Amaro University,,,[]
354,119591860,Santa Casa de Misericórdia de Passos,,,[]
355,100561184,Marilia Medical School,,,[]
356,60069362,"Instituto Federal de Educação, Ciência e Tecnologia de Mato Grosso",ifmt.edu.br,http://ifmt.edu.br/inicio/,[]
357,60006182,Embrapa Recursos Geneticos e Biotecnologia,embrapa.br,https://www.embrapa.br/en/recursos-geneticos-e-biotecnologia,"['Embrapa Recursos Geneticos e Biotecnologia', 'Embrapa Genetic Resources & Biotechnology', 'Embrapa Genetic Resources and Biotechnology']"
358,127220902,Oncologic Research Center,,,['Oncologic Research Center']
359,120056124,National Institute of Cardiology (INC),,,"['National Institute Of Cardiology (inc)', 'National Institute Of Cardiology (nats-inc)', 'Federal Institute Of Cardiology (inc)']"
360,60020541,Universidade Católica de Brasília,ucb.catolica.edu.br,https://ucb.catolica.edu.br/portal/,"['Universidade Catolica de Brasilia', 'Universidade Católica de Brasília', 'Catholic University of Brasília']"
361,113317721,Institutos Superiores de Ensino do CENSA,,,"['Institutos Superiores De Ensino Do Censa', 'Institutos Superiores Do Censa', 'Institutos Superiores De Ensino Do Censa (isecensa)']"
362,60010835,Universidade Paranaense,unipar.br,https://www.unipar.br/,"['University of Parana - Umuarama', 'Universidade Paranaense']"
363,105131874,Universidade de Feira de Santana,,,"['Feira De Santana', 'Universidade De Feira De Santana', 'Universidade De Estadual De Feira De Santana', 'Universidad Estatal De Feira De Santana', 'Secretaria De Saúde De Feira De Santana', 'Saúde Da Família De Feira De Santana', 'Saúde Coletiva. Feira De Santana', 'Instituto Nobre De Cardiologia (feira De Santana)', 'Faculdade Nobre (feira De Santana)', 'Centro. Feira De Santana']"
364,110925206,Hospital Federal da Lagoa,,,[]
365,124092234,Hospital Nossa Senhora Auxiliadora de Três Lagoas,,,"['Hospital Nossa Senhora Auxiliadora De Três Lagoas', 'Hospital Nossa Senhora Auxiliadora', 'Hci - Hospital Nossa Senhora Auxiliadora']"
366,105992575,Prefeitura Municipal de Fortaleza,,,"['Prefeitura Municipal De Fortaleza', 'Prefeitura Municipal De Fortaleza - Pmf', 'Municipal De Fortaleza', 'Ensino Fundamental Da Prefeitura Municipal De Fortaleza (pmf)']"
367,113070483,Secretaria Municipal da Saúde,,,"['Secretaria Municipal Da Saúde', 'Secretaria Municipal De Saúde', 'Secretaria Municipal Da Saúde De Fortaleza', 'Secretaria Da Saúde Do Ceará', 'Secretaria Da Saúde', 'Secretaria Da Saude Do Ceara', 'Lab. Ctrl. Secretaria Saude Do Ceara', 'Célula De Vigilância Epidemiológica Secretaria Municipal Da Saúde']"
368,129981859,Hospital Público Regional de Betim,,,['Hospital Público Regional De Betim']
369,122684925,Centro Universitário Una,,,"['Centro Universitário Una', 'Centro Universitário Una De Belo Horizonte', 'Centro Universitário Una Belo Horizonte']"
370,117782161,Clínica na Prevent Senior Private Operadora de Saude,,,['Clínica Na Prevent Senior Private Operadora De Saude']
371,60080327,Centro de Ensino Superior de Juiz de Fora,,,['Centro de Ensino Superior de Juiz de Fora']
372,60069642,Hospital Maternidade Leonor Mendes de Barros,br.geocities.com,,['Hospital Maternidade Leonor Mendes de Barros']
373,127277068,Hospital Pilar,,,['Hospital Pilar']
374,127215670,PCRJ,,,['Pcrj']
375,126993254,Nutrition in Foodservice Research Group,,,['Nutrition In Foodservice Research Group']
376,60194969,Unichristus,unichristus.edu.br,https://unichristus.edu.br/,"['Unichristus', 'Christus University Center', 'Centro Universitário Christus']"
377,60001919,"Universidade Federal do Ceara, Faculdade de Medicina",ufc.br,http://www.medicina.ufc.br/,"['Federal University of Ceara, Faculty of Medicine', 'Universidade Federal do Ceara, Faculdade de Medicina']"
378,109934624,Instituto Nacional de Ciência e Tecnologia sobre Comportamento,,,[]
379,115176091,University of the Northwest of Rio Grande do Sul State,,,['University of the Northwest of Rio Grande do Sul State']
380,126299137,Federal University of Valleyś Jequitinhonha and Mucuri,,,[]
381,117729178,University Tuiuti of Parana,,,"['University Tuiuti Of Parana', 'University Of Paraná Tuiuti']"
382,113083739,Univates University Center,,,"['University Center Univates', 'Univates University Center', 'Univates-university Center', 'Univates University Centre']"
383,60028471,Universidade Santa Cecilia,unisanta.br,http://www.unisanta.br,"['University of Santa Cecilia', 'Universidade Santa Cecilia', 'Santa Cecília University']"
384,112363568,Metropolitan University,,,"['Metropolitan University', 'Santos Metropolitan University']"
385,126387577,Praia Grande College,,,"['Praia Grande College', 'Praia Grande College (fpg)', 'Faculdade Praia Grande']"
386,60288013,University Centre of the Federal District,udf.edu.br,https://www.udf.edu.br/,"['Centro Universitário do Distrito Federal', 'University Centre of the Federal District', 'Centro de Ensino Unificado do Distrito Federal']"
387,60020998,Universidade Estadual do Piaui,uespi.br,http://www.uespi.br,"['State University of Piaui', 'Universidade Estadual do Piaui']"
388,108198441,São Camilo University Center,,,[]
389,60012374,Universidade Cidade de São Paulo,unicid.edu.br,https://www.unicid.edu.br/,"['City University of São Paulo', 'Universidade Cidade de São Paulo']"
390,101533455,Associação Brasileira de Enfermagem,,,"['Associação Brasileira De Enfermagem', 'Associação Brasileira De Enfermagem Nacional', 'Associacao Brasileira De Psiquiatria', 'Associação Brasileira De Enfermagem - Nacional', 'Associação Brasileira De Enfermagem (aben Nacional)']"
391,118618099,Rede SARAH de Hospitais de Reabilitação,,,[]
392,115560141,CRA-SP/Conselho de Administração de São Paulo,,,"['Cra-sp/conselho De Administração De São Paulo', 'Conselho Regional De Enfermagem De São Paulo']"
393,127247404,Hospital Cidade,,,['Hospital Cidade']
394,126370158,Hospital Cárdio Pulmonar,,,['Hospital Cárdio Pulmonar']
395,126141966,Centro de Reabilitação e Readaptação Dr. Henrique Santillo (CRER),,,"['Centro De Reabilitação E Readaptação Dr. Henrique Santillo (crer)', 'Centro Estadual De Reabilitação E Readaptação Dr Henrique Santillo', 'Centro De Reabilitação E Readaptação Dr. Henrique Santillo - Crer', 'Centro De Reabilitação E Readaptação Dr. Henrique Santillo', 'Centro De Reabilitação E Readaptação Dr Henrique Santillo']"
396,60003887,Universidade Comunitária da Região de Chapecó,unochapeco.edu.br,http://www.unochapeco.edu.br,"['Universidade Comunitária da Região de Chapecó', 'Community University of the Chapecó Region', 'Unochapecó']"
397,60070413,Central Hospital of Rio de Janeiro,,,['Central Hospital of Rio de Janeiro']
398,60290457,Centro Universitário Serra dos Órgãos,unifeso.edu.br,https://www.unifeso.edu.br/,"['Centro Universitário Serra dos Órgãos', 'Serra dos Orgãos University Center']"
399,60291229,Centro Universitário Augusto Motta (UNISUAM),nisuam.edu.br,https://www.unisuam.edu.br/sobre-a-unisuam/#,"['Centro Universitário Augusto Motta (UNISUAM)', 'Augusto Motta University Center (UNISUAM)']"
400,60069947,Hospital Universitario Antonio Pedro,rede.huap.uff.br,http://rede.huap.uff.br/portal/,['Hospital Universitario Antonio Pedro']
401,116248280,Brain Mapping and Plasticity Laboratory,,,[]
402,112580365,Institute of Applied Neuroscience (IAN),,,[]
403,118421895,Ambulatório de Infectologia,,,['Ambulatório de Infectologia']
404,60025875,Universidade Estadual do Norte Fluminense,uenf.br,http://www.uenf.br/Uenf/index.html,"['North Fluminense State University', 'Universidade Estadual do Norte Fluminense']"
405,60007228,Universidade do Sagrado Coracao,usc.br,http://www.usc.br,"['Sacred Heart University', 'Universidade do Sagrado Coracao']"
406,60008162,Faculdade de Medicina de Marília,famema.br,https://www.famema.br/i,['Faculdade de Medicina de Marilia']
407,60069371,Centro de Ciencias Biologicas da UFPE,ccb.ufpe.br,,['Centro de Ciencias Biologicas da UFPE']
408,116113636,Rua Jacobina,,,['Rua Jacobina']
409,114860973,Rua Manuel Lubambo,,,"['Rua Manuel Lubambo', 'Rua Manoel Lubambo']"
410,116113654,Lot. Porto Coqueiral,,,['Lot. Porto Coqueiral']
411,116198559,Centro Universitario Severino Sombra,,,[]
412,112868633,Center for Information Technology Renato Archer (CTI),,,"['Center For Information Technology Renato Archer (cti)', 'Center For Information Technology Renato Archer - Cti', 'Renato Archer Information Technology Center (cti)', 'Renato Archer Information Technology Center - Cti', 'Renato Archer Information Technology Center Cti', 'Renato Archer Center For Information Technology (cti)', 'Three-dimensional Technologies Research Group (nt3d) Of Renato Archer Information Technology Center (cti)', 'Renato Archer Center For Information Technology – Cti', 'Renato Archer Center For Information Technology (nee-cti)', 'Information Technology Center Renato Archer - Cti']"
413,60224974,"Instituto Federal de Educação, Ciência e Tecnologia do Sul de Minas Gerais - IFSULDEMINAS",portal.ifsuldeminas.edu.br,https://portal.ifsuldeminas.edu.br/index.php/o-instituto,"['Instituto Federal de Educação, Ciência e Tecnologia do Sul de Minas Gerais - IFSULDEMINAS', 'Federal Institute of Education, Science and Technology of the South of Minas Gerais - IFSULDEMINAS']"
414,114538881,Bauru's Diabetics Association,,,"[""Bauru's Diabetics Association""]"
415,100408585,General Hospital of Bonsucesso,,,"['General Hospital Of Bonsucesso', 'Bonsucesso General Hospital']"
416,116185943,University Hospital Clementino Fraga Filho-Children Institute Martagao Teixeira,,,['University Hospital Clementino Fraga Filho-children Institute Martagao Teixeira']
417,113211181,University of Western São Paulo,,,[]
418,100517703,Pediatric Endocrinology Unit,,,"['Pediatric Endocrinology Unit', 'Unidade De Endocrinol. Pediat.', 'Servico De Endocrinol. Pediat.', 'Pediatric Unit Of Endocrinology-santa Casa Hospital', 'Pediatric Unit Of Endocrinology - Santa Casa Hospital']"
419,107493110,State University of São José Do Rio Preto,,,"['University Of São José Do Rio', 'University Of Sao Jose Do Rio', 'State University Of São José Do Rio Preto', 'State University Of São José Do Rio', 'State University Of Sao Jose Do Rio', 'State Medical College Of Sao Jose Do Rio', 'School Of São Jose Do Rio', 'Sao Jose Do Rio Preto Municipal Department Of Health', 'Medicine School In São José Do Rio']"
420,112669289,Hospital of Santa Casa of Belo Horizonte,,,"['Hospital Of Santa Casa Of Belo Horizonte', 'Ultrasound Service Of Santa Casa Hospital Of Belo Horizonte']"
421,113488943,State University Hospital of Londrina,,,[]
422,114365867,Institute for Children with Diabetes,,,[]
423,109477644,Clinical Hospital of Porto Alegre,,,"['Clinical Hospital Of Porto Alegre', 'Clinics Hospital Of Porto Alegre', 'Clinic Hospital Of Porto Alegre', 'Military School Of Porto Alegre', 'Hospital Clinic Of Porto Alegre', 'Clinicas Hospital Of Porto Alegre', 'Surgical Pathology Service Of Clinics Hospital Of Porto Alegre', 'Hospital Of Porto Alegre', 'Hospital Of Clinics Of Porto Alegre', 'Hospital Clinics Of Porto Alegre']"
424,114365689,28117Federal University of Santa Catarina,,,"['University Hospital Of Santa Catarina', 'University Of Santa Catarina (br)', 'Universitary Hospital Of Santa Catarina']"
425,114365779,Endocrinology and Diabetes Institute of Joinville,,,['Endocrinology And Diabetes Institute Of Joinville']
426,112461199,Regional Hospital of Taguatinga,,,[]
427,116186147,General Hospital of Goiânia,,,"['General Hospital Of Goiânia', 'General Hospital Of Goiania']"
428,116186042,Diabetes and Endocrinology Center of Bahia,,,['Diabetes And Endocrinology Center Of Bahia']
429,114365613,Diabetes and Hypertension Center of Ceará,,,['Diabetes And Hypertension Center Of Ceará']
430,113622059,Federal University Hospital of Campina Grande,,,"['Federal University Hospital Of Campina Grande', 'Federal University Of Campina Grand']"
431,116186326,Federal University Hospital of Pará,,,['Federal University Hospital Of Pará']
432,116186113,Getúlio Vargas University Hospital of Amazonas,,,['Getúlio Vargas University Hospital Of Amazonas']
433,120707966,IF Bahia/Campus de Vitória da Conquista,,,"['Vitória Da Conquista', 'Santa Casa De Vitoria Da Conquista', 'Ifes-campus Vitória', 'If Bahia/campus De Vitória Da Conquista']"
434,112225065,Hospital Totalcor,,,[]
435,60020776,Universidade do Estado do Para,uepa.br,https://www.uepa.br/en/pagina/university,"['Para State University', 'Universidade do Estado do Para', 'State University of Pará']"
436,60290461,Faculdade de Ciências da Saúde de Barretos Dr. Paulo Prata,facisb.edu.br,https://facisb.edu.br/,"['Faculdade de Ciências da Saúde de Barretos Dr. Paulo Prata', 'Barretos Faculty of Health Sciences Dr. Paulo Prata']"
437,60101671,"Instituto Carlos Chagas, Curitiba",,http://www.icc.fiocruz.br/,"['Instituto Carlos Chagas, Curitiba']"
438,60005896,Hospital Sirio-Libanês,hospitalsiriolibanes.org.br,http://www.hospitalsiriolibanes.org.br,[]
439,100786451,Hospital Federal dos Servidores do Estado,,,[]
440,113349147,Centro de Endocrinologia do Estado da Bahia (CEDEBA),,,"['Centro De Endocrinologia Do Estado Da Bahia (cedeba)', 'Centro De Endocrinologia E Diabetes Do Estado Da Bahia', 'Centro De Diabetes E Endocrinologia Da Bahia', 'Centro De Diabetes E Endocrinologia Do Estado Da Bahia (cedeba)', 'Centro De Diabetes E Endocrinologia Da Bahia (cedeba)', 'Cedeba-centro De Endocrinologia Do Estado Da Bahia']"
441,100753456,Hospital Regional de Taguatinga,,,"['Hospital Regional De Taguatinga', 'Regional Hospital Of Taguatinga', 'Unidade De Taguatinga', 'Hospital Regional Taguatinga']"
442,60007283,Universidade de Franca,unifran.edu.br,https://www.unifran.edu.br/,"['University of Franca', 'Universidade de Franca']"
443,116139264,Centro Tecnológico CETEC SENAI/FIEMG-Belo Horizonte Brazil,,,['Centro Tecnológico CETEC SENAI/FIEMG-Belo Horizonte Brazil']
444,106741523,Physiotherapist,,,"['Physiotherapist', 'Veterinary Physiotherapist', 'Freelance Physiotherapist']"
445,120727715,Rua Carlos Góis,,,['Rua Carlos Góis']
446,60069331,Fleury,fleury.com.br,http://www.fleury.com.br/Pages/Default.aspx,['Fleury']
447,60029159,Instituto Nacional de Pesquisas Da Amazonia,gov.br,https://www.gov.br/inpa/pt-br,['Instituto Nacional de Pesquisas Da Amazonia']
448,102034335,Centro,,,"['Centro', 'Centro -']"
449,112949118,Universidade Estadual do Amazonas,,,[]
450,60025299,Universidade Federal de Itajubá,unifei.edu.br,https://unifei.edu.br/,"['Federal University of Itajubá', 'Universidade Federal de Itajubá']"
451,112655451,University Center of the Educational Foundation of Barretos (UNIFEB),,,"['University Center Of The Educational Foundation Of Barretos (unifeb)', 'University Center Of Educational Foundation Of Barretos (unifeb)', 'University Center-educational Foundation Of Barretos (unifeb)', 'University Center Of The Barretos Educational Foundation (unifeb)', 'Educational Foundation Of Barretos (unifeb)', 'University Centre Of The Foundation Of Barretos (unifeb)', 'University Centre Of The Educational Foundation Of Barretos (unifeb)', 'University Center Of The Educational Foundation Of Barretos-unifeb']"
452,60002118,Universidade do Oeste de Santa Catarina,unoescxxe.edu.br,,"['University of West Santa Catarina', 'Universidade do Oeste de Santa Catarina']"
453,113333949,Faculty of Medicine of Jundiaí,,,[]
454,116188891,Sao Goncalo Hospital and Clinic,,,['Sao Goncalo Hospital And Clinic']
455,110039444,Hospital Universitário Terezinha de Jesus,,,[]
456,116110309,Hospital Escola Padre Albino,,,['Hospital Escola Padre Albino']
457,110155369,Federal University of Great Dourados,,,[]
458,109697017,Univ. Minas Gerais,,,[]
459,60024876,Humanitas Research Hospital,humanitas.net,https://www.humanitas.net/,['Humanitas Research Hospital']
460,115375994,Centro de Pesquisa em Medicina Tropical,,,[]
461,116087112,Laboratório de Neuroinfecção,,,['Laboratório de Neuroinfecção']
462,60289969,Sociedade Brasileira de Fisiologia,sbfis.org.br,https://www.sbfis.org.br/,"['Sociedade Brasileira de Fisiologia', 'Brazilian Society of Physiology']"
463,101025548,CNPq,,,[]
464,100382991,Hospital Universitario Sao Jose,,,[]
465,116118860,CellAvita Ltd Brazil,,,['Cellavita Ltd Brazil']
466,116114876,Generar,,,['Generar']
467,116792264,Nucleus of High Performance in Sport,,,[]
468,117120679,Red Bull Brazil Football,,,"['Red Bull Brazil Football', 'Red Bull Brazil', 'Red Bull']"
469,115204396,Departamento de Clínica Médica e Maternidade Escola,,,['Departamento de Clínica Médica e Maternidade Escola']
470,114436663,Coronel Mota Hospital,,,"['Coronel Mota Hospital', 'Coronel Mota Hospital In Roraima State']"
471,60003055,Universidade Federal de Roraima,ufrr.br,,"['Federal University of Roraima', 'Universidade Federal de Roraima']"
472,60024984,Fundacao Universidade Federal de Rondonia,unir.br,http://www.unir.br,"['Federal Foundation University of Rondonia', 'Fundacao Universidade Federal de Rondonia']"
473,101857133,Institute for Research in Tropical Pathologies-IPEPATRO,,,"['Center for Research in Tropical Medicine (CEPEM)', 'Ctr. for Res. in Tropical Medicine', 'Institute for Research in Tropical Pathologies-IPEPATRO', 'Research Center for Tropical Medicine - CEPEM/Tropical Pathology Research Institute-IPEPATRO', 'Research Institute for Tropical Diseases in Rondônia (IPEPATRO)']"
474,60025637,Universidade Estadual de Santa Cruz,uesc.br,http://www.uesc.br/,"['State University of Santa Cruz', 'Universidade Estadual de Santa Cruz']"
475,109577336,Faculdade Adventista da Bahia,,,"['Faculdade Adventista Da Bahia', 'Faculdade Adventista Da Bahia (salvador)', 'Faculdade Adventista Da Bahia (fadba)']"
476,60271056,Instituto de Comunicação e Informação Científica e Tecnológica em Saúde,icict.fiocruz.br,https://www.icict.fiocruz.br/,"['Instituto de Comunicação e Informação Científica e Tecnológica em Saúde', 'Institute of Communication and Scientific and Technological Information in Health', 'Icict/Fiocruz']"
477,106722217,Bauru's Diabetics Association,,,[]
478,115203702,Maranhão State Institute of Oncology Aldenora Bello (IMOAB),,,"['Maranhão State Institute Of Oncology Aldenora Bello (imoab)', 'Maranhense Institute Of Oncology Aldenora Bello (imoab)']"
479,60069346,Instituto de Ciências Biológicas,icb.unb.br,http://icb.unb.br/,[]
480,60023334,Ludwig Institute for Cancer Research Sao Paulo,,,['Ludwig Institute for Cancer Research Sao Paulo']
481,112873428,Cancer Institute of São Paulo,,,[]
482,100611244,Center of Studies from the Physical Fitness Research Laboratory,,,"['Center For Physical Fitness Laboratory Studies Of São Caetano Do Sul (celafiscs)', 'Physical Fitness Research Center Of São Caetano Do Sul-celafiscs', 'Physical Fitness Research Center From São Caetano Do Sul-celafiscs', 'Center Of Studies Of The Physical Fitness Research Laboratory From Sao Caetano Do Sul (celafiscs)', 'Physical Fitness Research Laboratory Of Sao Caetano Do Sul (celafiscs)', 'Physical Fitness Research Laboratory De São Caetano Do Sul', 'Laboratory Of Sao Caetano Do Sul (celafiscs)', 'Center Of Studies Of The Physical Fitness Research Laboratory Of São Caetano Do Sul', 'Center Of Studies From The Physical Fitness Research Laboratory De São Caetano Do Sul', 'Center Of Studies From The Physical Fitness Research Laboratory']"
483,115200051,Universidade Federal do Recôncavo Baiano,,,['Universidade Federal Do Recôncavo Baiano']
484,114147627,USS,,,['Uss']
485,107293079,Irmandade Santa Casa de Misericórdia de Porto Alegre,,,[]
486,60004549,Instituto Evandro Chagas,iec.gov.br,https://www.iec.gov.br/,['Instituto Evandro Chagas']
487,112589785,Instituto do Câncer do Estado de São Paulo Octavio Frias de Oliveira,,,"['Instituto Do Câncer Do Estado De São Paulo Octavio Frias De Oliveira', 'Instituto Do Câncer Do Estado De São Paulo Octávio Frias De Oliveira', 'Instituto Do Câncer Do Estado Octavio Frias De Oliveira De São Paulo', 'Instituto Do Câncer De São Paulo Octavio Frias De Oliveira', 'Instituto Do Cancer Do Estado De Sao Paulo Octavio Frias De Oliveira', 'São Paulo Institute Of Cancer Octavio Frias De Oliveira', 'São Paulo Cancer Institute Octavio Frias De Oliveira', 'Instituto Docâ Ncer Do Estado De Saõ Paulo Octavio Frias De Oliveira', 'Instituto Do Câncer Do Estado De São Paulo Octavio Frias De Oliveira São Paulo', ""Instituto Do Câncer Do Estado De São Paulo 'octavio Frias De Oliveira'""]"
488,60101662,Marinha do Brasil,marinha.mil.br,https://www.marinha.mil.br/,[]
489,60035244,Hospital Sao Francisco,saofrancisco.com.br,http://www.saofrancisco.com.br/,['Hospital Sao Francisco']
490,116075483,Hospital Beneficenca Portuguesa,,,['Hospital Beneficenca Portuguesa']
491,126183287,Brazilian National Food and Nutritional Security Council,,,['Brazilian National Food And Nutritional Security Council']
492,60000513,Universidade Norte do Parana,www2.unopar.br,http://www2.unopar.br,"['University of the Northern Parana', 'Universidade Norte do Parana', 'University of Northern Paraná']"
493,116189929,Secretaria Estadual da Agricultura e Pecuária,,,['Secretaria Estadual da Agricultura e Pecuária']
494,105951470,São José do Rio Preto Medical School,,,[]
495,131742786,Hospital das Clinica,,,['Hospital Das Clinica']
496,100516411,Escola de Enfermagem,,,['Escola De Enfermagem']
497,60015580,Universidade do Sul de Santa Catarina,unisul.br,,"['University of South Santa Catarina', 'Universidade do Sul de Santa Catarina']"
498,112969951,Maternity Hospital Therezinha de Jesus,,,[]
499,60086757,"Hospital Monte Sinai, Juiz de Fora",,http://www.hospitalmontesinai.com.br/agenda.aspx?p_id_categoria=10,"['Hospital Monte Sinai, Juiz de Fora']"
500,60069328,Hospital Sao Rafael,hsr.com.br,http://www.hsr.com.br/,['Hospital Sao Rafael']
501,112979378,Associação Fundo de Incentivo à Pesquisa,,,[]
502,115577240,ORIGEN - Center for Reproductive Medicine,,,[]
503,112979243,ORIGEN Center for Reproductive Medicine,,,[]
504,113766432,National Institute of Science and Technology of Tropical Diseases,,,['National Institute Of Science And Technology Of Tropical Diseases']
505,110515612,Laboratório Nacional Agropecuário,,,"['Laboratório Nacional Agropecuário', 'Laboratório Nacional Agropecuário/rs']"
506,60025701,Universidade de Passo Fundo,upf.br,https://www.upf.br/english,"['University of Passo Fundo', 'Universidade de Passo Fundo']"
507,60038317,Embrapa Arroz e Feijão,,https://www.embrapa.br/arroz-e-feijao,"['Embrapa Arroz e Feijão', 'Embrapa Rice and Beans']"
508,125758303,CEFOR - Centro da Face e Otorrino,,,['Cefor - Centro Da Face E Otorrino']
509,60086762,Hospital Universitário Cajuru,hospitalcajuru.org.br,http://www.hospitalcajuru.org.br/,['Hospital Universitário Cajuru']
510,114559841,Mendelics Genomic Analysis,,,[]
511,106010152,State Government of Rio Grande do Sul,,,[]
512,112696739,Centro de Estudos do Laboratório de Aptidão Física de São Caetano do Sul,,,[]
513,106634343,Faculdade Evangélica do Paraná,,,"['Faculdade Evangélica Do Paraná', 'Faculdade Evangélica Mackenzie Do Paraná', 'Faculdade Evangélica Do Paraná (fepar)', 'Faculdade Evangélica Do Parana', 'Faculdade Evangé-lica Do Paraná', 'Faculdade Evangelica Do Parana', 'Faculdade De Artes Do Paraná']"
514,60010970,Universidade Tuiuti do Parana,utp.br,http://www.utp.br,"['Tuiuti University of Parana', 'Universidade Tuiuti do Parana']"
515,60279202,Evangelical University of Goiás – Unievangelica,en.unievangelica.edu.br,http://en.unievangelica.edu.br/,"['Evangelical University of Goiás – Unievangelica', 'Evangélica College of Goianésia', 'Universidade Evangélica de Goiás']"
516,121397016,FMP-FASE,,,"['Fmp-fase', 'Fmp']"
517,105708401,Centro,,,"['Centro', 'Centro.']"
518,117969187,Brazilian Society of Pneumology and Phthisiology,,,['Brazilian Society of Pneumology and Phthisiology']
519,60101677,Instituto Federal do Espírito Santo,ifes.edu.br,https://www.ifes.edu.br/,"['Instituto Federal do Espírito Santo', 'Federal Institute of Espírito Santo']"
520,105297034,Barretos Cancer Hospital,,,[]
521,116272568,CLION - CAM Group,,,"['Clion - Cam Group', 'Medical Dental At Clion - Cam Group', 'Clínica Clion – Grupo Cam', 'Clion–cam Group', 'Clion-cam Group', 'Clion And Cam']"
522,112568530,Instituto de Reumatologia de São Paulo,,,[]
523,106737567,UFMG,,,[]
524,60000273,Pontifícia Universidade Católica de São Paulo,pucsp.br,https://www.pucsp.br/home,"['Pontifical Catholic University of Sao Paulo', 'Pontifícia Universidade Católica de São Paulo']"
525,60013265,Universidade Veiga de Almeida,uva.br,http://www.uva.br,"['Veiga de Almeida University', 'Universidade Veiga de Almeida']"
526,117261257,Núcleo de Pesquisa e Extensão em Psicanálise (NUPEP/ UFSJ,,,['Núcleo de Pesquisa e Extensão em Psicanálise (NUPEP/ UFSJ']
527,100353735,Hospital Pérola Byington,,,"['Hospital Pérola Byington', 'Hospital Perola Byington', 'Pérola Byington Hospital', 'Perola Byington Hospital', 'Perola Byington Reference Center', 'Crsmnadi - Hospital Pérola Byington']"
528,117261000,Centro de Referência em Álcool Tabaco e Outras Drogas (CRATOD),,,"['Centro De Referência Para Álcool E Outras Drogas (cratod)', 'Centro De Referência Em Álcool Tabaco E Outras Drogas (cratod)']"
529,112924592,Faculdade de Juazeiro do Norte,,,"['Faculdade De Juazeiro Do Norte', 'University Center Of Juazeiro Do Norte', 'Secretaria Municipal De Saúde. Juazeiro Do Norte', 'Juazeiro Do Norte College', 'Juazeiro Do Norte', 'Faculdade Juazeiro Do Norte', 'Faculdade De Juazeiro Do Norte (fjn)']"
530,106720925,Centro Universitário Luterano de Palmas,,,"['Centro Universitário Luterano De Palmas', 'Ctro. Univ. Luterano De Palmas', 'Centro Universitário Luterano De Palmas (ceulp/ulbra)', 'Centro Universitário Luterano', 'Centro Universitário Integrado De Palmas', 'Centro Universitario Lutherano De Palmas', 'Centro Universitario De Palmas', 'Centro Luterano De Palmas']"
531,117260913,Arte e Política-UFRGS,,,['Arte e Política-UFRGS']
532,112509874,Psicologia Clínica da PUC-Rio,,,['Psicologia Clínica Da Puc-rio']
533,101620441,GENESIS - Centro de Assistência em Reprodução Humana,,,"['Genesis - Centro De Assistência Em Reprodução Humana', 'Genesis Centro De Assistência Em Reprodução Humana', 'Genesis-centro De Assistência Em Reprodução Humana', 'Gênesis Centro De Assistência E Reprodução Humana', 'Genesis-centro De Assistencia Em Reproducao Humana', 'Genesis Centro De Assistência Em Reprodução Humana Ltda', 'Centro De Assistência Em Reprodução Humana']"
534,117215876,PROADI/SUS - Brazilian Government,,,['PROADI/SUS - Brazilian Government']
535,100476307,Centro Universitário Lusíada,,,[]
536,127237714,National Institute of Science and Technology,,,"['National Institute Of Science And Technology', 'National Institute Of Science And Technology In Nano-biopharmaceutics']"
537,60069337,Hospital Santa Catarina,hsc.org.br,,['Hospital Santa Catarina']
538,119586018,Jornal de Pediatria,,,['Jornal De Pediatria']
539,122154057,Grupo Fleury,,,['Grupo Fleury']
540,101704019,Postgraduate Program,,,"['Postgraduate Program', 'Postgraduation Program', 'Postgraduation Program And Endocrinology Service', 'Post-graduate Program', 'Ciências Médicas Postgraduate Program']"
541,100400180,Endocrinology Service,,,['Endocrinology Service']
542,112593819,Albert Sabin Children's Hospital,,,[]
543,60104784,Universidade Ceuma (UNICEUMA),,http://www.ceuma.br/,['Universidade Ceuma (UNICEUMA)']
544,108350967,Medical College of Jundiaí,,,"['Medical College Of Jundiai', 'Medical College Of Jundiaí', 'Jundiaí Physical Education College', 'Jundiaí Medical School', 'Medical College Of Jundiaí - Thoracic Surgery']"
545,60271977,"Instituto Federal de Educação, Ciência e Tecnologia do Triangulo Mineiro (IFTM)",iftm.edu.br,https://iftm.edu.br/,"['Instituto Federal do Triângulo Mineiro', 'Federal Institute of Education, Science and Technology of Triangulo Mineiro', 'Instituto Federal de Educación, Ciencia y Tecnología del Triângulo Mineiro']"
546,121267677,State University of Minas Gerais,,,[]
547,60019749,Universidade Estadual do Rio Grande do Sul,uergs.edu.br,http://www.uergs.edu.br,"['State University of Rio Grande do Sul', 'Universidade Estadual do Rio Grande do Sul']"
548,116464287,Centro Universitário Estácio-FIC,,,['Centro Universitário Estácio-FIC']
549,116464008,Hospital Geral Dr César Cals de Oliveira,,,['Hospital Geral Dr César Cals de Oliveira']
550,60006437,Instituto Brasileiro de Geografia e Estatistica,ibge.gov.br,http://www.ibge.gov.br/home/,['Instituto Brasileiro de Geografia e Estatistica']
551,60070419,"Pan American Health Organization, Brasilia",,,"['Pan American Health Organization, Brasilia']"
552,112323421,Secretariat of Health Surveillance,,,"['Secretariat Of Health Surveillance', 'Health Surveillance Secretariat (svs)', 'Health Surveillance Secretariat', 'Health Surveillance']"
553,116461487,Health Attention Secretariat,,,['Health Attention Secretariat']
554,113120514,Netherlands Leprosy Relief,,,['Netherlands Leprosy Relief']
555,116448755,Grupo de Estudos e Pesquisas em Epidemiologia da Atividade Física (GEPEAF),,,"['Grupo De Estudos E Pesquisas Em Epidemiologia Da Atividade Física (gepeaf)', 'Grupo De Estudos E Pesquisas Em Epidemiologia Da Atividade Física', 'Grupo De Estudos E Pesquisas Em Epidemiologia Da Atividade Física - Gepeaf']"
556,109728554,National Institute of Hormones and Women's Health,,,"[""National Institute Of Hormones And Women's Health"", ""National Institute Of Science And Technology (inct) Of Hormones And Women's Health""]"
557,100396006,Hospital Português,,,[]
558,112859822,Bonsucesso Federal Hospital,,,[]
559,60070422,Real Hospital Portugues,rhp.com.br,http://www.rhp.com.br/,['Real Hospital Portugues']
560,108326107,Universidade Federal do Sergipe,,,['Universidade Federal Do Sergipe']
561,116430060,Hospital Português de Recife,,,['Hospital Português de Recife']
562,60011039,"Instituto de Pesquisas Energeticas e Nucleares, Sao Paulo",ipen.br,https://www.ipen.br/portal_por/portal/default.php,"['Instituto de Pesquisas Energeticas e Nucleares, Sao Paulo', 'Instituto de Pesquisas Energéticas e Nucleares']"
563,60026689,Ministerio da Ciencia e Tecnologia,mct.gov.br,,['Ministerio da Ciencia e Tecnologia']
564,101191305,School of Medicine of Marilia,,,[]
565,112635666,Fisheries Institute,,,['Fisheries Institute']
566,130016983,University of São Paulo State,,,[]
567,115838696,Lume Diagnostic Imaging,,,['Lume Diagnostic Imaging']
568,112355760,Brazilian College of Radiology and Diagnostic Imaging,,,['Brazilian College of Radiology and Diagnostic Imaging']
569,112873027,Exercise Medicine Clinic (CLINIMEX),,,[]
570,60062476,Hospital do Servidor Publico Estadual,,,['Hospital do Servidor Publico Estadual']
571,60019023,Fiocruz Amazônia,portal.fiocruz.br,https://portal.fiocruz.br/en/unidade/fiocruz-amazonia,"['Centro de Pesquisa Leonidas de Maria Deane', 'Fiocruz Amazônia', 'Fiocruz Amazonas - Instituto de Pesquisas Leônidas e Maria Deane', 'Fiocruz Amazonas - Leonidas and Maria Deane Research Institute']"
572,101975969,Hospital Correia Picanço,,,[]
573,108383529,Occupational Safety and Medicine Foundation Jorge Duprat Figueiredo-Fundacentro,,,"['Occupational Safety And Medicine Foundation Jorge Duprat Figueiredo-fundacentro', 'Fundação Jorge Duprat']"
574,101112725,Faculdade de Ciências Médicas de Minas Gerais,,,[]
575,108137687,Santa Marcelina Hospital,,,['Santa Marcelina Hospital']
576,60016167,"Waters Corporation, USA",waters.com,http://www.waters.com/,"['Waters Corporation, USA']"
577,112604660,Universidade Estadual do Amazonas,,,['Universidade Estadual Do Amazonas']
578,105473339,Santa Casa de Misericórdia de São Carlos,,,"['Santa Casa De Misericórdia De Sao Carlos', 'Santa Casa De Misericórdia Hospital São Carlos', 'Santa Casa De Misericórdia De São Carlos', 'Santa Casa De Misericórdia Hospital', 'Irmandade Santa Casa De Misericórdia De São Carlos (iscmsc) - Sp', 'Irmandade Da Santa Casa De Misericórdia De São Carlos', 'Fraternity Of The Santa Casa De Misericordia Hospital Of São Carlos']"
579,113079621,National Institute of Developmental Psychiatry for Children and Adolescents,,,[]
580,116304769,Departamento de Engenharia Sanitária e Ambiental,,,['Departamento De Engenharia Sanitária E Ambiental']
581,60271066,Instituto Nacional de Controle de Qualidade em Saúde,incqs.fiocruz.b,https://www.incqs.fiocruz.br/,['Instituto Nacional de Controle de Qualidade em Saúde']
582,100651489,Faculty of Dentistry,,,"['Faculty Of Dentistry', 'Faculty Of Dentistry Of Piracicaba', 'Faculty Of Dentistry And Institute Of Research']"
583,60071504,University of Puerto Rico School of Medicine,md.rcm.upr.edu,http://www.md.rcm.upr.edu/,['University of Puerto Rico School of Medicine']
584,114950218,Valença Higher Education Center,,,"['Valença Higher Education Center', 'Valença Higher Education Centre', 'Center Of Higher Education In Valença']"
585,60101657,Universidade Estadual de Ciências da Saúde de Alagoas,,http://www.uncisal.edu.br/,['Universidade Estadual de Ciências da Saúde de Alagoas']
586,113026649,Universidad Estadual de Ciencias da Saude de Alagoas,,,[]
587,100458838,Jundiaí Medical School,,,[]
588,112609064,Pio XII Foundation,,,['Pio Xii Foundation']
589,116280623,Programa de Residência de Clínica Médica Do Hospital Santo Antônio,,,['Programa De Residência De Clínica Médica Do Hospital Santo Antônio']
590,60030083,Escola Bahiana de Medicina e Saúde Pública – EBMSP,en.bahiana.edu.br,https://en.bahiana.edu.br/,"['Escola Bahiana de Medicina e Saude Publica', 'Bahia School of Medicine and Public Health', 'Escola Bahiana de Medicina e Saúde Pública – EBMSP']"
591,60048829,UNIFENAS Universidade Jose do Rosario Vellano,unifenas.br,http://www.unifenas.br/,['UNIFENAS Universidade Jose do Rosario Vellano']
592,101662006,CDPI,,,"['Cdpi', 'Clínica Cdpi', 'Cdpi Neuroimaging', 'Cdpi Criança']"
593,60070735,Centro Infantil Boldrini,boldrini.org.br,https://www.boldrini.org.br/,"['Centro Infantil Boldrini', ""Boldrini Children's Center"", 'Hospital Boldrini']"
594,113022150,Midwest State University of Paraná,,,[]
595,116271902,Departamento de Fisioterapia do Centro,,,[]
596,112656350,Departamento de Polícia Federal,,,"['Departamento De Polícia Federal', 'Polícia Federal', 'Departamento De Policia Federal', 'Departamento Da Polícia Rodoviária Federal']"
597,113119618,Hospital de Olhos Paulista,,,[]
598,112617463,Clínica de Medicina do Exercício-CLINIMEX,,,[]
599,126608106,State University of the Midwest of Paraná,,,"['State University Of The Midwest Of Paraná', 'State University Of The Midwest', 'State University Of Midwest Paraná', 'Midwest State University Of Parana', 'Midwest State University']"
600,60070418,AACD,aacd.org.br,http://www.aacd.org.br/,['AACD']
601,116269025,Laboratório Central Doutor Almino Fernandes,,,"['Laboratório Central Dr. Almino Fernandes', 'Laboratório Central Doutor Almino Fernandes', 'Laboratorio Central Dr. Almino Fernandes (lacen/rn)']"
602,117782651,Aggeu Magalhães Research Center,,,['Aggeu Magalhães Research Center']
603,115720273,University Hospital Ana Bezerra,,,"['University Hospital Ana Bezerra', 'Hospital Universitário Ana Bezerra']"
604,116267464,Museóloga Museu da Saúde (MS),,,['Museóloga Museu da Saúde (MS)']
605,116266963,Laboratório de Pesquisa em Imagens Médicas,,,"['Laboratório De Pesquisa Em Imagens Médicas', 'Laboratório De Pesquisas Em Imagens Médicas']"
606,100709850,Irmandade Santa Casa de Misericórdia de Porto Alegre,,,[]
607,60004651,"Universidade Federal do Rio Grande do Norte, Centro de Ciencias da Saude Faculdade de Medicina",ufrn.br,http://www.ccs.ufrn.br/,"['Federal University of Rio Grande do Norte, Center of Health Sciences Faculty of Medicine', 'Universidade Federal do Rio Grande do Norte, Centro de Ciencias da Saude Faculdade de Medicina']"
608,116266888,Laboratório de Pesquisa em Imagens Médicas,,,['Laboratório de Pesquisa em Imagens Médicas']
609,60103619,Faculdade São Leopoldo Mandic,,http://www.slmandic.edu.br/,['Faculdade São Leopoldo Mandic']
610,60290988,Associação Paulista de Cirurgiões-Dentistas,apcd.org.br,https://www.apcd.org.br/,['Associação Paulista de Cirurgiões-Dentistas']
611,60052808,Secretaria de Estado da Saude de Sao Paulo,portal.saude.sp.gov.br,http://portal.saude.sp.gov.br/folder/ses_geral.mmp?home=402881b40e9f7c76010ea499333c0037,['Secretaria de Estado da Saude de Sao Paulo']
612,60006854,Universidade de Araraquara,uniara.com.br,https://www.uniara.com.br/,"['Universidade de Araraquara', 'University of Araraquara']"
613,116617029,Hospital e Clínica São Gonçalo,,,[]
614,116267338,Hospital Icaraí,,,"['Hospital Icaraí', 'Icaraí Hospital']"
615,60069940,Instituto Nacional de Metrologia,inmetro.gov.br,http://www.inmetro.gov.br/,['Instituto Nacional de Metrologia']
616,109494094,National Institute of Science and Technology for Health Technology Assessment (IATS),,,[]
617,116249929,Paulist State University Dental School,,,['Paulist State University Dental School']
618,116250561,Child,,,"['Child', ""Federal University Children's Hosp."", ""Children's Hospital""]"
619,118764705,Núcleo de Bacteriologia,,,['Núcleo De Bacteriologia']
620,60027877,Universidade Potiguar,unp.br,,"['Potiguar University', 'Universidade Potiguar']"
621,60012642,Universidade do Vale do Paraiba,univap.br,http://www.univap.br,"['University of Paraiba Valley', 'Universidade do Vale do Paraiba', 'University of Vale do Paraíba']"
622,100361638,Hospital Getúlio Vargas,,,[]
623,116248645,University Hospital President Dutra,,,[]
624,116248642,Unidade de Referência em Doenças Infecciosas,,,['Unidade de Referência em Doenças Infecciosas']
625,113245056,Instituto Federal de Educação,,,['Instituto Federal De Educação']
626,108422164,FACID,,,"['Facid', 'Facid Devry']"
627,101747712,São Francisco University (USF),,,[]
628,116248328,Instituto de Bioética,,,['Instituto de Bioética']
629,113041318,Instituto de Hematologia Arthur de Siqueira Cavalcanti (HEMORIO),,,[]
630,114817664,Instituto de Pesquisas Científicas e Tecnológicas do Estado do Amapá (IEPA),,,[]
631,60019875,Universidade Federal do Amapa,unifap.br,http://www.unifap.br/,"['Federal University of Amapa', 'Universidade Federal do Amapa']"
632,60011474,Museu Paraense Emilio Goeldi,museu-goeldi.br,http://www.museu-goeldi.br,['Museu Paraense Emilio Goeldi']
633,102076683,Federal District Hospital Foundation,,,"['Federal District Hospital Foundation', 'Federal District Hospital', 'Federal District Basis Hospital', 'Federal District', 'Educational Foundation Of The Federal District']"
634,116234550,Transplant Coordination Center of Distrito Federal,,,['Transplant Coordination Center Of Distrito Federal']
635,116234543,Distrito Federal Eye Bank,,,"['Federal District Eye Bank', 'Distrito Federal Eye Bank', 'Distrito Federal']"
636,60271899,"Instituto Federal De Educação, Ciencia E Tecnologia De Brasilia - IFB",ifb.edu.br,https://www.ifb.edu.br/,"['Instituto Federal De Educação, Ciencia E Tecnologia De Brasilia - IFB']"
637,60100523,Santa Casa da Misericórdia do Rio de Janeiro,,http://www.santacasarj.org.br/,['Santa Casa da Misericórdia do Rio de Janeiro']
638,113931297,KOLderma Clinical Trials Institute,,,[]
639,109545150,Instituto de Patologia da Coluna,,,[]
640,107115225,Hospital Santa Casa de Misericórdia,,,"['Hospital Santa Casa De Misericórdia', 'Santa Casa De Misericórdia Hospital', 'Santa Casa De Misericordia Hospital', 'Hospital Santa Casa De Misericõrdia', 'Hospital Santa Casa De Misericordia']"
641,105586757,School of Sciences of Santa Casa de Misericórdia de Vitória (EMESCAM),,,[]
642,114705661,Hospital Tacchini,,,['Hospital Tacchini']
643,109461101,Barretos Cancer Hospital,,,[]
644,60069342,Hospital Mae de Deus,maededeus.com.br,,['Hospital Mae de Deus']
645,114939869,Hospital Porto Dias,,,[]
646,106701243,Centro de Reabilitação e Readaptação Dr. Henrique Santillo,,,"['Centro De Reabilitação Dr. Henrique Santillo', 'Centro De Reabilitação E Readaptação Dr. Henrique Santillo', 'Centro De Reabilitação E Readaptação Dr. Henrique Santillo (crer)', 'Centro Estadual De Reabilitação E Readaptação Dr. Henrique Santillo', 'Centro De Reabilitação E Readaptação Dr. Henrique Santillo - Crer', 'Centro De Reabilitação Dr Henrique Santillo', 'Centro De Reabilitaçao Dr Henrique Santillo', 'Crer - Centro De Reabilitação Dr. Henrique Santillo', 'Centro De Reabilitação E Readaptação Henrique Santillo', 'Centro De Reabilitação E Readaptação Dr. Henrique Santillo - Crer/go']"
647,101905295,Hospital Geral do Estado,,,[]
648,116198516,Instituto de Ortopedia e Traumatologia (IOT),,,['Instituto de Ortopedia e Traumatologia (IOT)']
649,108352755,Fundação Lusíada (UNILUS),,,[]
650,60070548,Hospital Ana Costa,anacosta.com.br,http://www.anacosta.com.br/,['Hospital Ana Costa']
651,60019111,Universidade Metropolitana de Santos,portal.unimes.br,https://portal.unimes.br/,"['Metropolitan University of Santos', 'Universidade Metropolitana de Santos']"
652,113194491,Hospital do Coração (HCor) and Teleimagem,,,"['Hospital Do Coração And Teleimagem', 'Hospital Do Coração (hcor) And Teleimagem', 'Hospital Do Coração/teleimagem', 'Hospital Do Coração E Teleimagem']"
653,113015306,Hospital Santa Casa de Misericórdia de Vitória (EMESCAM),,,"['Hospital Santa Casa de Misericórdia', 'Hospital Santa Casa de Misericórdia de Vitória (EMESCAM)', 'Hospital Santa Casa de Misericórdia de Vitória']"
654,113250101,Laboratory of Human Movement Studies,,,"['Laboratory Of Human Movement Studies', 'Human Movement Laboratory Studies']"
655,60006912,Universidade Iguacu,unig.br,http://www.unig.br,"['University Iguacu', 'Universidade Iguacu']"
656,101073218,Instituto de Ensino e Pesquisa da Santa Casa de Belo Horizonte,,,[]
657,110049886,Hospital Eduardo de Menezes,,,[]
658,60100486,"Hospital das Forças Armadas, Brasília",,,"['Armed Forces Hospital, Brasilia', 'Hospital das Forças Armadas, Brasília']"
659,108425442,UEPB,,,['Uepb']
660,105727555,Prefeitura de Belo Horizonte,,,[]
661,116159759,Escola de Saúde,,,"['Escola De Saúde', 'Escola De Odontologia']"
662,112177281,Escola de Administração,,,[]
663,116159789,Universidade de Mato Grosso,,,['Universidade de Mato Grosso']
664,113725437,Secretaria Municipal de Saúde de Belo Horizonte,,,['Secretaria Municipal De Saúde De Belo Horizonte']
665,116160314,Servicio de Epidemiología,,,['Servicio de Epidemiología']
666,115023495,Pontifical University Catholic of Campinas,,,"['Pontifical University Catholic Of Campinas', 'Pontifical Catholic University']"
667,112286796,Centro Universitário de Maringá,,,[]
668,116160517,Hospital Universitário de Canoas,,,"['Hospital Universitário De Canoas', 'Hospital Universitário Canoas', 'Hospital Universitário De Canoas (hu)', 'Hospital Universitário De Canoas – Canoas (rs)', 'Hospital De Aeronáutica De Canoas']"
669,107412864,Angelita and Joaquim Gama Institute,,,"['Angelita And Joaquim Gama Institute', 'Angelita & Joaquim Gama Institute', 'Angelita And Joaquim Gama Research Institute', 'Joaquim And Angelita Gama Research Institute', 'Instituto Angelita And Joaquim Gama', 'Angelita E Joaquim Gama Institute', 'Angelita And Joaquim Gama Institute São Paulo']"
670,116154296,Bueno Medical Center,,,"['Bueno Medical Center', 'Bueno Medical Center Goiânia', 'Bueno Medical Center Building']"
671,116154302,Instituto Especializado em Psiquiatria e Psicologia,,,['Instituto Especializado em Psiquiatria e Psicologia']
672,113877503,Instituto Integrado de Neurociências (IINEURO),,,"['Instituto Integrado De Neurociências', 'Instituto Integrado De Neurociências (iineuro)', 'Instituto De Neurociências']"
673,60012424,Universidade Estadual de Goias,ueg.br,http://www.ueg.br,"['State University of Goias', 'Universidade Estadual de Goias']"
674,60108731,Natura Inovação e Tecnologia de Produtos,natura.com.br,https://www.natura.com.br/inovacao,['Natura Inovação']
675,116155328,Instituto de Radiologia do Hospital das Clínicas,,,['Instituto De Radiologia Do Hospital Das Clínicas']
676,107939633,Instituto de Pesquisa de DNA Forense,,,['Instituto de Pesquisa de DNA Forense']
677,112376823,Secretaria Nacional de Segurança Pública,,,"['Secretaria Nacional De Segurança Pública', 'Secretaria Nacional De Segurança Pública Do Ministério Da Justiça']"
678,124695670,Instituto de Biologia do Exército,,,"['Instituto De Biologia Do Exército', 'Inst. De Biologia Do Exército', 'Instituto De Biologia Do Exército - Ibex', 'Instituto De Biologia Do Exercito (ibex)', 'Instituto De Biologia Do Exercito']"
679,60042374,Instituto de Infectologia Emilio Ribas,emilioribas.sp.gov.br,http://www.emilioribas.sp.gov.br/,['Instituto de Infectologia Emilio Ribas']
680,100590377,Santa Casa de São Paulo,,,[]
681,120080726,Division of Neuroradiology,,,['Division Of Neuroradiology']
682,60040010,Hospital Pro-Cardiaco,procardiaco.com.br,http://www.procardiaco.com.br/,['Hospital Pro-Cardiaco']
683,100546265,University Hospital,,,[]
684,113328087,UFMG,,,"['Ufmg', 'Ufmg University']"
685,60008645,Comissão Nacional de Energia Nuclear Rio de Janeiro,cnen.gov.br,http://www.cnen.gov.br,['Comissão Nacional de Energia Nuclear Rio de Janeiro']
686,114724700,LiNC - Interdisciplinary Laboratory of Clinical Neurosciences of UNIFESP,,,"['Linc - Interdisciplinary Laboratory Of Clinical Neurosciences Of Unifesp', 'Linc-interdisciplinary Laboratory Of Clinical Neurosciences Of Unifesp']"
687,112819814,Medical School of Rio Preto and Ultra X,,,"['Medical School Of Rio Preto And Ultra X', 'Rio Preto Medical School', 'Rio Preto-ultra-x Radiological Diagnosis Institute']"
688,116139544,PCERJ,,,['Pcerj']
689,112593798,Clínicas de Diagnóstico Por Imagem (CDPI) and Multi-Imagem,,,"['Clínicas De Diagnóstico Por Imagem (cdpi) And Multi-imagem', 'Clínica De Diagnóstico Por Imagem/multi-imagem', 'Clínica De Diagnóstico Por Imagem (cdpi)/dasa', 'Clínica Multi-imagem/clínica De Diagnóstico Por Imagem', 'Clínica De Diagnóstico Por Imagem', 'Clínicas Multi-imagem And Clínica De Diagnóstico Por Imagem (cdpi)', 'Clínicas De Diagnóstico Por Imagem (cdpi) And Multi-imagem Pet', 'Clínicas Cdpi - Clínica De Diagnóstico Por Imagem E Multi-imagem', 'Clínica De Diagnóstico Por Imagem And Multi-imagem', 'Clínica De Diagnośtico Por Imagem Multi-imagem']"
690,106611447,Radiology Department,,,[]
691,109512435,Hospital Federal de Bonsucesso,,,[]
692,116138454,São Paulo Research Foundation (FAPESP),,,"['São Paulo Research Foundation (fapesp)', 'São Paulo Research Foundation']"
693,100489462,Division of Neuroradiology,,,"['Division Of Neuroradiology', 'Neuroradiology Division']"
694,60021346,Faculdade de Ciências Médicas de Minas Gerais (CMMG),cmmg.edu.br,https://cmmg.edu.br/,"['Fundacao Educacional Lucas Machado, Faculdade de Ciencias Medicas de Minas Gerais', 'Faculdade de Ciências Médicas de Minas Gerais (CMMG)']"
695,107563079,Muncipal Secretariat of Health of Belo Horizonte,,,"['Municipal Health Secretariat Of Belo Horizonte', 'Municipal Administration Of Belo Horizonte', 'Municipal Health Secretariat Of The City Of Belo Horizonte', 'Municipal Health Secretariat', 'Municipal Health Of Belo Horizonte', 'Municipal Health Department Of Belo Horizonte', 'Muncipal Secretariat Of Health Of Belo Horizonte', 'Belo Horizonte Secretary Of Health', 'Belo Horizonte Municipal Health Department', 'Belo Horizonte Municipal Health Authority']"
696,119922489,Private practice,,,['Private Practice']
697,115905816,Laboratório de Perícia e Pesquisa em Genética Forense (LPPGF),,,['Laboratório de Perícia e Pesquisa em Genética Forense (LPPGF)']
698,113725150,Biotecnos Research Center,,,[]
699,116115095,Postgrad. Prog. in Implantology of Associacaoo Paulista Dos Circurgioes Dentistas Jundiai and Osasco,,,['Postgrad. Prog. in Implantology of Associacaoo Paulista Dos Circurgioes Dentistas Jundiai and Osasco']
700,107222759,University Metodista of Piracicaba,,,[]
701,109431588,Center for Lasers and Applications,,,"['Center For Lasers And Applications', 'Center For Research And Innovation In Laser', 'Center For Lasers And Applications Nuclear And Energy']"
702,107033657,Base Hospital,,,"['Base Hospital', 'Hospital Base', 'Base Hospital (hb)']"
703,110039142,Departamento de Psiquiatria e Psicologia Médica,,,"['Departamento De Psiquiatria E Psicologia Médica', 'Departamento De Psiquiatría', 'Departamento De Psiquiatria']"
704,113826314,Universidade Luteranda do Brasil-ULBRA,,,"['Universidade Luteranda do Brasil - ULBRA', 'Universidade Luteranda do Brasil-ULBRA']"
705,115605505,University Hospital of Canoas,,,['University Hospital Of Canoas']
706,100833436,University of Paraiba,,,['University Of Paraiba']
707,116109586,Sinapse Neurologia e Reabilitação,,,"['Sinapse Neurologia E Reabilitação', 'Sinapse Clínica Neurológica E Reabilitação']"
708,101788658,Secretaria de Saúde Pública do Estado do Pará,,,"['Secretaria De Saúde Pública Do Estado Do Pará', 'Secretaria Executiva De Saúde Pública Do Pará', 'Secretaria Executiva De Saúde Pública Do Estado Do Pará', 'Secretaria Do Meio Ambiente Do Estado Do Pará', 'Secretaria De Saúde Pública Do Pará', 'Instucional Secretaria Do Estado De Educação Do Pará']"
709,116087053,Instituto Bioestatístico-IBCT,,,['Instituto Bioestatístico-IBCT']
710,113154805,Instituto do Fígado de Pernambuco,,,"['Instituto do Fígado de Pernambuco', 'Instituto do Fígado de Pernambuco', 'Instituto do Figado de Pernambuco']"
711,113139027,Secretaria Estadual de Saúde,,,['Secretaria Estadual De Saúde']
712,116086166,Secretaria Estadual de Saúde-Acre,,,['Secretaria Estadual de Saúde-Acre']
713,116086608,LACEN,,,['LACEN']
714,116086721,Secretaria de Estado da Saúde de Amapá,,,['Secretaria de Estado da Saúde de Amapá']
715,100787174,Secretaria de Estado da Saúde do Amapá,,,[]
716,116086607,Fundação de Vigilância em Saúde do Amazonas,,,"['Fundação De Vigilância Em Saúde Do Amazonas', 'Fundação De Vigilância Em Saúde', 'Fundação De Vigilância Em Saúde Do Estado Do Amazonas', 'Fundação Em Vigilância Em Saúde Do Amazonas (fvs)', 'Fundação De Vigilância Em Saúde Do Amazonas – Dra. Rosemary Costa Pinto', 'Fundação De Vigilância Em Saúde Do Amazonas Dra. Rosemary Costa Pinto', 'Fundação De Vigilância Em Saúde Do Amazonas - Dra. Rosemary Costa Pinto']"
717,113046135,Fundação de Vigilância em Saúde do Amazonas,,,[]
718,116087051,Secretaria de Saúde de Estado da Saúde de Roraima,,,['Secretaria de Saúde de Estado da Saúde de Roraima']
719,116086598,Secretaria de Estado da Saúde de Roraima,,,"['Secretaria De Estado De Segurança Pública De Roraima', 'Secretaria De Estado Da Saúde De Roraima']"
720,113652495,Secretaria de Estado da Saúde do Tocantins,,,['Secretaria De Estado Da Saúde Do Tocantins']
721,116086335,Secretaria Municipal de Saúde de Curitiba,,,"['Secretaria Municipal De Saúde De Curitiba', 'Secretaria Municipal De Saude De Curitiba', 'Secretaria Municipal Da Saúde De Curitiba']"
722,116086825,Instituto de Pesquisa Biologica IPB Lacen RS,,,['Instituto de Pesquisa Biologica IPB Lacen RS']
723,116087000,Secretaria Estadual de Saúde do Espírito Santo,,,['Secretaria Estadual de Saúde do Espírito Santo']
724,116086736,LACEN,,,['Lacen']
725,113329515,Instituto de Investigação em Imunologia,,,[]
726,60018488,Fundacao Ezequiel Dias,funed.mg.gov.br,http://www.funed.mg.gov.br/,['Fundacao Ezequiel Dias']
727,60069939,Fundacao de Medicina Tropical do Amazonas,fmt.am.gov.br,http://www.fmt.am.gov.br/,['Fundacao de Medicina Tropical do Amazonas']
728,116086920,Fundação de Dermatologia Tropical e Venereologia Alfredo da Mata,,,['Fundação de Dermatologia Tropical e Venereologia Alfredo da Mata']
729,112915670,Hospital Universitário Professor Polidoro Ernani de São Thiago,,,"['Hospital Universitário Polydoro Ernani De São Thiago', 'Hospital Universitário Professor Polidoro Ernani De São Thiago']"
730,60291621,Hospital Universitário,ufjf.br,https://www.ufjf.br/hu/,[]
731,60027084,Universidade de Sorocaba,uniso.br,https://uniso.br/,"['University of Sorocaba', 'Universidade de Sorocaba']"
732,100480840,Research Laboratory,,,"['Research Laboratory', 'Bayer Res. Lab.', 'Bayer']"
733,113080021,Integrated Colleges of Patos,,,"['Integrated Colleges Of Patos', 'Nucleus Of Health Research Of Integrated Colleges Of Patos', 'Integrated College Of Patos (fip)', 'Integrated Faculty Of Patos', 'Integrated College Of Patos', 'Integrated Patos College', 'Integrated Faculties Of Patos', 'Integrated College Of Patos-(fip-) Pb']"
734,112589625,Faculty Anhanguera of Pelotas,,,"['Faculty Anhanguera Of Pelotas', 'Faculty Anhanguera', 'Universidade Anhanguera Pelotas', 'Anhanguera Educacional De Pelotas', 'Anhanguera College Of Pelotas']"
735,116068882,Faculty Maurício of Nassau,,,['Faculty Maurício of Nassau']
736,100344605,Hospital Nove de Julho,,,[]
737,112568566,Centro Universitário Estadual da Zona Oeste (UEZO),,,"['Centro Universitário Estadual Da Zona Oeste (uezo)', 'Fundação Centro Universitário Estadual Da Zona Oeste (uezo)', 'Centro Universitário Estadual Da Zona Oeste - Uezo', 'Fundação Centro Universitário Estadual Da Zona Oeste - Uezo', 'Centro Universitário Estadual Da Zona Oeste-uezo', 'Uezo-centro Universitário Estadual Da Zona Oeste', 'Fundação Centro Universiáario Estadual Da Zona Oeste (uezo)', 'Fundação Centro Universitário Estadual Da Zona Oeste-uezo', 'Fundação Centro Universitário Estadual Da Zona Oeste – Uezo', 'Centro Universitário Estadual Da Zona Oeste – Uezo']"
738,106386113,Instituto de Medicina Legal,,,"['Instituto De Medicina Legal', 'Instituto De Medicina Legal Leonídio Ribeiro']"
739,116055958,General Coordination for Accreditation,,,['General Coordination for Accreditation']
740,112620331,Faculdades Integradas Padre Albino (FIPA),,,"['Padre Albino University Centre', 'Hospital Padre Albino-fipa', 'Hospital Padre Albino', 'Fundação Padre Albino', 'Faculdades Integradas Padre Albino (fipa)']"
741,106423761,Irmandade da Santa Casa de Misericórdia de Marília,,,[]
742,60069324,Hospital Infantil Darcy Vargas,hidv.saude.sp.gov.br,http://www.hidv.saude.sp.gov.br/,['Hospital Infantil Darcy Vargas']
743,100361775,Hospital Municipal Infantil Menino Jesus,,,[]
744,112954015,Hospital Evangélico,,,"['Hosp. Evangelico', 'Hospital Evangélico', 'Evangelico University Hospital', 'University Hospital Evangelico', 'Hospital Evangélico Mackenzie', 'Hospital Evangelico']"
745,116056370,Woman and Fetal Medicine Institute,,,"['Woman And Fetal Medicine Institute', 'Woman And Fetal Medicine Institute (immef)']"
746,115317481,Federal University of Department of Dental Materials and Prosthodontics,,,['Federal University of Department of Dental Materials and Prosthodontics']
747,116052331,Hospital e Maternidade Therezinha de Jesus,,,[]
748,110465030,Ezequiel Dias Foundation,,,[]
749,60194533,Universidade Federal do Oeste do Pará,ufopa.edu.br,http://www.ufopa.edu.br/ufopa/,"['Universidade Federal do Oeste do Pará', 'Federal University of Western Pará']"
750,60066842,Hospital Geral de Rio de Janeiro,,,['Hospital Geral de Rio de Janeiro']
751,100381692,Ivo Pitanguy Clinic,,,"['Ivo Pitanguy Clinic', 'Ivo Pitanguy Institute', 'Clinica Ivo Pitanguy', 'The Ivo Pitanguy Clinic', 'Ivo Pitanguy Clinic 2000-2016', 'Instituto Ivo Pitanguy', 'Clin. Ivo Pitanguy']"
752,115879074,Clinica Wulkan - Private Clinic,,,['Clinica Wulkan - Private Clinic']
753,106674280,Santa Casa da Misericórdia Hospital of Rio de Janeiro,,,"['Santa Casa De Misericórdia Do Rio De Janeiro', 'Santa Casa Da Misericórdia Hospital Of Rio De Janeiro', '25a Enfermaria Da Santa Casa De Misericórdia Do Rio De Janeiro', 'Santa Casa De Misericórdia Do Rio De Janeiro Hospital', 'Santa Casa Dc Misericordia General Hospital Of Rio Do Janeiro', 'Santa Casa Da Misericórdia Of Rio De Janeiro', 'Santa Casa Da Misericórdia Hospital From Rio De Janeiro', 'Psychiatric Service Of Santa Casa De Misericordia Of Rio De Janeiro (scmrj)', 'Mastologia Na 28ª Enfermaria Da Santa Casa De Misericórdia Do Rio De Janeiro', 'Hospital Santa Casa De Misericórdia Do Rio De Janeiro']"
754,112176388,Materno Infantil Perinatal Institute,,,"['Materno Infantil Institute of Pernambuco', 'Materno Infantil Perinatal Institute']"
755,60290371,Hospital SOBRAPAR – Crânio e Face,sobrapar.org.br,https://sobrapar.org.br/,"['Hospital SOBRAPAR – Crânio e Face', 'Sociedade Brasileira de Pesquisa e Assistência para Reabilitação Craniofacial', 'SOBRAPAR Hospital – Skull and Face']"
756,116005546,VACHS,,,['Vachs']
757,60197278,"University of Puerto Rico, Medical Sciences Campus",rcm.upr.edu,http://www.rcm.upr.edu/,"['University of Puerto Rico, Medical Sciences Campus']"
758,114805373,Fundação Pio XII (FP),,,[]
759,60071503,Universidad de Puerto Rico,upr.edu,https://www.upr.edu/,"['University of Puerto Rico', 'Universidad de Puerto Rico']"
760,114912798,Laboratory of Exercise Physiology,,,['Laboratory of Exercise Physiology']
761,60139094,Ponce Health Sciences University,psm.edu,https://www.psm.edu/,['Ponce Health Sciences University']
762,116006256,Damas Hospital,,,['Damas Hospital']
763,116006851,San Lucas Hospital,,,['San Lucas Hospital']
764,116005472,San Juan City Hospital,,,['San Juan City Hospital']
765,113609894,ICESP,,,['Icesp']
766,60021970,Instituto Militar de Engenharia,ime.eb.br,http://www.ime.eb.br/,[]
767,60046283,"Laboratorio Nacional de Computacao Cientifica, Petropolis",lncc.br,http://www.lncc.br/frame.html,"['Laboratorio Nacional de Computacao Cientifica, Petropolis']"
768,60090737,"VA Caribbean Healthcare System, Puerto Rico",,http://www.caribbean.va.gov/,"['VA Caribbean Healthcare System, Puerto Rico']"
769,112724261,Hospital São José and Beneficência Portuguesa,,,"['Hospital São José And Beneficência Portuguesa', 'Hospital São José E Beneficência Portuguesa', 'Hospital Sao Jose Da Beneficencia Portuguesa', 'Hospital Sao Jose And Beneficencia Portuguesa De Sao Paulo', 'Hospital Sao Jose - Beneficencia Portuguesa De Sao Paulo', 'Hospital Associação Portuguesa De Beneficência Of São José Do Rio Preto']"
770,113732018,Pediatric Neurosurgical Center (CENEPE),,,"['Pediatric Neurosurgical Center (cenepe)', 'Pediatric Neurosurgical Center - Rehabilitation (cenepe)', 'Pediatric Neurosurgical Center', 'Pediatric Neurosurgery Center (cenepe) - Rehabilitation', 'Center/cenepe', 'Center Of Pediatric Neurosurgery - Rehabilitation (cenepe)', 'Center For Pediatric Neurosurgery (cenepe)', 'Center (cenepe)', 'Cenepe - Pediatric Neurosurgery Center']"
771,115998772,Hospital Si´io-Libanês,,,['Hospital Si´io-libanês']
772,112742605,Fundaão Estadual de Produão e Pesquisa em Saúde (FEPPS),,,"['Fundąão Estadual de Prodųão e Pesquisa em Saúde (FEPPS)', 'Fundaão Estadual de Produão e Pesquisa em Saúde (FEPPS)']"
773,105672581,Hospital Sanatório Partenon,,,"['Hospital Sanatório Partenon', 'Hosp. Sanat. Partenon', 'Partenon Sanatorium Hospital', 'Hospital Sanatório Partenon - Hsp', 'Hospital Sanatório Partenon (hsp)', 'Hospital Sanatorió Partenon']"
774,108434821,Hospital Santa Casa de Franca,,,"['Hospital Santa Casa De Franca', 'Santa Casa De Misericórdia De Franca', 'Santa Casa De Franca', 'Laboratório Santa Casa De Franca']"
775,112632831,Hospital do Servidor Píblico Municipal,,,['Hospital Do Servidor Píblico Municipal']
776,100620960,University of Northern Parana (UNOPAR),,,"['Unopar/sercomtel', 'Unopar University', 'University Of Northern Paraná - Unopar', 'University Of Northern Parana (unopar)', 'University Of North Paraná (unopar)', 'University Of North Parana (unopar)', 'University North Of Paraná (unopar)', 'University North Of Parana (unopar)', 'North University Of Paraná (unopar)']"
777,60012828,"Universidade do Estado do Rio de Janeiro, Faculdade de Ciencias Medicas",uerj.br,,"['Rio de Janeiro State University, Faculty of Medical Sciences', 'Universidade do Estado do Rio de Janeiro, Faculdade de Ciencias Medicas']"
778,60031682,Pontificia Universidade Catolica de Minas Gerais,pucminas.br,https://www.pucminas.br/,"['Pontifical Catholic University of Minas Gerais', 'Pontificia Universidade Catolica de Minas Gerais']"
779,105350027,Brazilian Society of Rheumatology,,,['Brazilian Society Of Rheumatology']
780,115991651,Rua Professor Gabizo 104/201,,,"['Rua Professor Gabizo 104/201', 'Rua Professor Gabizo 104/20', 'Rua Professor Gabizo']"
781,127286289,Policlínica Regional Do Largo da Batalha,,,['Policlínica Regional Do Largo Da Batalha']
782,109031648,Hospital Metropolitano Odilon Behrens,,,[]
783,127288813,São Paulo Research Foundation (FAPESP),,,['São Paulo Research Foundation (fapesp)']
784,127288835,Associação Portuguesa de Beneficência,,,['Associação Portuguesa De Beneficência']
785,100394219,Santa Casa de Porto Alegre,,,[]
786,115987912,Alameda Santos,,,['Alameda Santos']
787,105616543,Hospital Alvorada Moema,,,[]
788,107898317,Secretaria Municipal de Saúde de Salvador,,,[]
789,101477431,Disciplina de Oncologia,,,"['Disciplina De Oncologia', 'Disciplina De Hematologia E Oncologia']"
790,60069368,Fundacao Hemominas,hemominas.mg.gov.br,,['Fundacao Hemominas']
791,60100503,Instituto do Câncer do Ceará,,,['Instituto do Câncer do Ceará']
792,60109906,Universidade Vila Velha,uvv.br,http://www.uvv.br/,['Universidade Vila Velha']
793,116159739,Institute of Education,,,['Institute Of Education']
794,106722904,Alfredo Abrão Cancer Hospital,,,[]
795,107028727,Hospital Bruno Born,,,['Hospital Bruno Born']
796,114214083,Departamento de Ciências Agrárias e Ambientais,,,['Departamento De Ciências Agrárias E Ambientais']
797,116180214,"Departamento de Biologia, Biodiversidade e Conservação",,,"['Departamento de Biologia, Biodiversidade e Conservação']"
798,60004916,Universidade Tiradentes,unit.br,https://www.unit.br/,"['University Tiradentes', 'Universidade Tiradentes', 'Tiradentes University']"
799,112943856,Federal University of San Francisco Valley,,,[]
800,114122106,Secretaria de Educação e Cultura Do Estado Do Piauí,,,"['Secretaria De Educação Do Estado Do Piauí', 'Secretaria Do Estado Do Piauí', 'Secretaria De Educação E Cultura Do Estado Do Piauí', 'Secretaria Da Educação Do Estado Do Piauí']"
801,106404716,Departamento de Zootecnia,,,"['Departamento De Zootecnia', 'Zootecnia']"
802,127960843,Oncology and Hematology Department-ABC Medical School,,,[]
803,60095003,Agência Paulista de Tecnologia dos Agronegócios,,http://www.apta.sp.gov.br/,['Agência Paulista de Tecnologia dos Agronegócios']
804,107961176,Universidade Anhanguera,,,"['Universidade Anhanguera', 'University Of Anhanguera', 'Universidade Anhanguera/unaes', 'Universidade Anhanguera.', 'Universidade Anhanguera-uniderp', 'Universidade Anhanguera - Uniderp', 'Universidade Anhanguera - Umiderp']"
805,112707066,Serviço de Cirurgia Plástica da Santa Casa de Misericórdia de Campo Grande,,,"['Serviço de Cirurgia Plástica da Santa Casa de Misericórdia de Campo Grande', 'Serviço de Hematologia da Santa Casa de Campo Grande']"
806,110535734,Universidade Estadual de Sudoeste da Bahia,,,"['Universidade Estadual Sudoeste Da Bahia', 'Universidade Estadual De Sudoeste Da Bahia', 'Universidade Federal Do Sudoeste Da Bahia', 'Universidade Do Sudoeste Da Bahia']"
807,60101675,"Instituto Federal de Educação, Ciência e Tecnologia Goiano Campus Rio Verde",ifgoiano.edu.br,https://ifgoiano.edu.br/home/index.php,"['Instituto Federal de Educação, Ciência e Tecnologia Goiano Campus Rio Verde']"
808,108324864,LaGene - Laboratório de Citogenética Humana e Genética Molecular,,,"['Lagene - Laboratório De Citogenética Humana E Genética Molecular', 'Laboratório De Citogenética Humana E Genética Molecular', 'Humana E Genética Molecular']"
809,113849077,Núcleo de Pesquisa em Bioquímica e Biologia Molecular,,,"['Núcleo De Pesquisa Em Bioquímica E Biologia Molecular', 'Unidade De Pesquisa Em Genética E Biologia Molecular', 'Núcleo De Pesquisa Em Bioqímica E Biologia Molecular (npbim)']"
810,116154705,Departamento de Cirurgia e Serviço Ambulatorial de Coloproctologia,,,['Departamento de Cirurgia e Serviço Ambulatorial de Coloproctologia']
811,60008976,Universidade Bandeirante de Sao Paulo,uniaobandeirante.edu.br,https://uniaobandeirante.edu.br/,"['Bandeirante University of Sao Paulo', 'Universidade Bandeirante de Sao Paulo']"
812,114325663,Instituto de Pesquisa Agropecuária,,,"['Instituto De Pesquisa Agropecuária', 'Iri Instituto De Pesquisas', 'Instituto De Pesquisas Agropecuárias De Pernambuco-ipa']"
813,116155038,Laboratório de Microbiologia,,,['Laboratório De Microbiologia']
814,127960844,Faciplac,,,['Faciplac']
815,118503294,Pós Graduação em Ciências da Saúde (PPGCS),,,['Pós Graduação Em Ciências Da Saúde (ppgcs)']
816,112815240,National Institute of Developmental Psychiatry for Children and Adolescents,,,"['National Institute Of Developmental Psychiatry For Children And Adolescents', 'National Institute Of Developmental Psychiatry For Children And Adolescents (inct-cnpq)', 'Institute For Developmental Psychiatry For Children And Adolescents (inct-cnpq)', 'National Institute Of Developmental Psychiatry For Children And Adolescents (inpd/cnpq)', 'National Institute For Child And Adolescent Psychiatry (cnpq/brazil)']"
817,116990107,FAPESP,,,['Fapesp']
818,116123270,School of Pharmaceutical Sciences,,,['School of Pharmaceutical Sciences']
819,60271626,Universidade Federal do Oeste da Bahia,ufob.edu.br,https://ufob.edu.br/,"['Universidade Federal do Oeste da Bahia', 'Federal University of Western Bahia']"
820,115235357,Dona Evangelina Rosa Maternity Hospital,,,"['New Maternity Dona Evangelina Rosa (nmder)', 'Dona Evangelina Rosa Maternity Hospital', 'Dona Evangelina Rosa Maternity']"
821,113690040,Departamento de Bioquímica e Biologia Molecular,,,"['Departamento De Bioquímica E Biologia Molecular', 'Departamento De Bioquimica E Biologia Molecular', 'Departamento De Biologia']"
822,126499518,Hospital Márcio Cunha,,,[]
823,115559748,InORP Oncoclínicas Group,,,[]
824,115560375,Proestat Statistical Institute,,,[]
825,115203669,Sangue Foundation,,,['Sangue Foundation']
826,60271627,"Instituto Federal de Educação, Ciência e Tecnologia da Bahia – IFBA",portal.ifba.edu.br,https://portal.ifba.edu.br/,"['Instituto Federal de Educação, Ciência e Tecnologia da Bahia', 'Federal Institute of Education, Science and Technology of Bahia', 'Instituto Federal de Educação, Ciência e Tecnologia da Bahia – IFBA']"
827,107672946,Instituto Nacional de Ciência e Tecnologia de Bioanalítica,,,"['Instituto Nacional De Ciência E Tecnologia De Bioanalítica', 'Instituto Nacional De Ciência E Tecnologia Em Bioanalítica', 'Instituto Nacional De Ciência E Tecnologia Bioanalítica', 'Instituto Nacional De Ciencia E Tecnologia De Bioanalitica', 'Instituto Nacional De Ciências E Tecnologia Em Bioanalítica', 'Instituto De Ciência E Tecnologia De Bioanalítica', 'Instituto Nacional De Ciȩncia E Tecnologia De Bioanalítica', 'Instituto Nacional De Ciências E Tecnologias Analíticas Avançadas', 'Instituto Nacional De Ciências E Tecnologias Analíticas Avanadas', 'Instituto Nacional De Ciências E Tecnologia De Bioanalítica']"
828,109717110,Pólo Regional Centro-Norte,,,"['Polo Regional Centro Norte', 'Pólo Regional Centro-norte', 'Polo Regional Centro-norte']"
829,60011515,Embrapa Milho e Sorgo,,https://www.embrapa.br/en/milho-e-sorgo,"['Embrapa Milho e Sorgo', 'Embrapa Corn and Sorghum', 'Embrapa Maize & Sorghum']"
830,112869060,State University of Norte Fluminense Darcy Ribeiro,,,"['State University Of Norte Fluminense Darcy Ribeiro', 'Norte Fluminense Darcy Ribeiro State University', 'Universidade Norte Fluminense Darcy Ribeiro', 'Universidade Do Norte Fluminense Darcy Ribeiro', 'State University Norte Fluminense Darcy Ribeiro', 'Norte Fluminense State University', 'Norte Fluminense State Univ.']"
831,60004234,Universidade para o Desenvolvimento do Estado e da Regiao do Pantanal,uniderp.br,http://www.uniderp.br,"['University for the Development of the Pantanal State and Region', 'Universidade para o Desenvolvimento do Estado e da Regiao do Pantanal']"
832,60012776,Universidade Federal Rural da Amazonia,ufra.edu.br,http://www.ufra.edu.br,"['Federal Rural University of the Amazon', 'Universidade Federal Rural da Amazonia']"
833,60022329,Instituto de Zootecnia,iz.sp.gov.br,http://www.iz.sp.gov.br/,['Instituto de Zootecnia']
834,112703659,Associação Brasileira dos Criadores de Zebu,,,"['Associação Brasileira Dos Criadores De Zebu', 'Associação Brasileira De Criadores De Zebu', 'Brasileira De Criadores De Zebu', 'Associação Brasileira Dos Criadores De Zebu (abcz)', 'Associação Brasileira De Criadores De Zebú-abcz', 'Associação Brasileira De Criadores De Zebu – Abcz', 'Associação Brasileira De Criadores De Zebu - Abcz', 'Associação Brasileira De Criadores De Zebu (abcz)']"
835,116068893,FAMERP Toxoplasma Research Group,,,['Famerp Toxoplasma Research Group']
836,60002415,Universidade Catolica Dom Bosco,site.ucdb.br,https://site.ucdb.br/,"['Catholic University Dom Bosco', 'Universidade Catolica Dom Bosco', 'Dom Bosco Catholic University']"
837,107960225,Universidade Integrada do Alto Uruguai e das Missões,,,[]
838,109449190,Instituto Brasileiro de Tecnologia do Couro,,,"['Instituto Brasileiro De Tecnologia Do Couro', 'Instituto Brasileiro De Couro']"
839,60122528,Laboratório Nacional de Biorrenováveis,lnbr.cnpem.br,https://lnbr.cnpem.br/en/,"['Brazilian Biorenewables National Laboratory', 'Laboratório Nacional de Biorrenováveis']"
840,122195760,Botanical Garden Research Institute of Rio de Janeiro,,,[]
841,113216259,São Paulo Association for Medicine Development,,,[]
842,60279621,Embrapa Agroenergia,embrapa.br,https://www.embrapa.br/agroenergia,"['Embrapa Agroenergia', 'Embrapa Agroenergy']"
843,100409218,Centro de Análises Proteômicas e Bioquímicas,,,"['Centro De Análises Proteômicas E Bioquímicas', 'Centro De Análise Proteômicas E Bioquímicas', 'Centro De Análises Proteômicas E Bioquímicas Ucb', 'Centro De Análises Proteômicas E Bioquímica', 'Centro De Análises Proteomicas E Bioquímicas', 'Centro De Analises Proteômicas E Bioquímicas', 'Centro De Analises Proteômicas E Bioquìmicas', 'Centro De Analises Proteomicas E Bioquímicas', 'Centro De Analises Proteomicas E Bioquimicas']"
844,60194532,Universidade Nilton Lins,universidadeniltonlins.com.br,https://universidadeniltonlins.com.br/,"['Universidade Nilton Lins', 'Nilton Lins University']"
845,106386523,In Vitro Brasil S/A,,,"['In Vitro Brasil S/a', 'In Vitro Brasil', 'In Vitro Brasil Ltda', 'In Vitro Brasil Sa', 'In Vitro Brasil Ltda. Mogi Mirim Sp']"
846,60121566,Embrapa Agroindústria Tropical,embrapa.br,https://www.embrapa.br/agroindustria-tropical,"['Embrapa Tropical Agroindustry', 'Embrapa Agroindústria Tropical']"
847,60025083,Instituto de Tecnologia de Alimentos,ital.agricultura.sp.gov.br,https://ital.agricultura.sp.gov.br/,['Instituto de Tecnologia de Alimentos']
848,112708087,São José do Rio Preto School of Medicine,,,[]
849,113662958,Mater Natura-Instituto de Estudos Ambientais,,,"['Mater Natura-instituto De Estudos Ambientais', 'Mater Natura - Instituto De Estudos Ambientais', 'Mater Natura – Instituto De Estudos Ambientais', 'Mater Natura Instituto De Estudos Ambientais']"
850,108337975,STCP Engenharia de Projetos Ltda,,,"['Stcp Engenharia De Projetos Ltda', 'Stcp Engenharia De Projetos Ltda.', 'Stcp Engenharia Engenharia De Projetos Ltda', 'Stcp Engenharia De Projetos Ltda, Consulting Company', 'Stcp Engenharia De Projetos', 'Engenharia De Projetos Ltda', 'Consultor Júnior I Da Stcp Engenharia De Projetos']"
851,106136001,Departamento de Bioquímica e Biologia Molecular,,,"['Departamento De Bioquímica E Biologia Molecular', 'Departamento De Bioquìmica E Biologia Molecular', 'Dep. De Bioquímica E Biologia Molecular Univ. De Federal De Viçosa']"
852,115010502,National Institute of Science and Technology in Plant-Pest Interactions,,,"['National Institute Of Science And Technology In Plant-pest Interactions', 'National Institute Of Science And Technology In Plant-pest Interactions/bioagro', 'National Institute Of Science And Technology In Plant-pest Interactions (inctipp)', 'National Institute Of Science And Technology In Plant']"
853,101851016,Beneficent Association for Blood Collection (COLSAN),,,[]
854,123444882,University of Vale Do Sapucaí,,,[]
855,60290083,Instituto Brasileiro de Controle do Cancer,ibcc.org.br,https://ibcc.org.br/,"['Instituto Brasileiro de Controle do Cancer', 'Brazilian Cancer Control Institute']"
856,115366454,The Educative Association of Brazil,,,['The Educative Association Of Brazil']
857,60280464,IPA – Instituto de Pesquisas Ambientais,infraestruturameioambiente.sp.gov.br,https://www.infraestruturameioambiente.sp.gov.br/ipa/,"['Instituto de Pesquisas Ambientais', 'IPA – Instituto de Pesquisas Ambientais']"
858,60029442,Universidade do Estado de Mato Grosso,unemat.br,https://unemat.br/,"['Mato Grosso State University', 'Universidade do Estado de Mato Grosso']"
859,60271620,Universidade Federal do Sul da Bahia,ufsb.edu.br,https://ufsb.edu.br/,"['Universidade Federal do Sul da Bahia', 'Federal University of Southern Bahia']"
860,109879865,CEPEC,,,[]
861,60016737,Instituto De Pesquisas Jardim Botanico Do Rio De Janerio,jbrj.gov.br,http://www.jbrj.gov.br,"['Instituto De Pesquisas Jardim Botânico Do Rio de Janeiro', 'Instituto De Pesquisas Jardim Botanico Do Rio De Janerio']"
862,116544477,University of West of Santa Catarina (UNOESC),,,[]
863,110150580,Gemacom Tech,,,"['Tate and Lyle Gemacom Tech', 'Gemacom Tech']"
864,113188212,FIMCA,,,['Fimca']
865,60112767,Instituto de Desenvolvimento Sustentável Mamirauá,mamiraua.org.br,https://www.mamiraua.org.br/,"['Instituto de Desenvolvimento Sustentável Mamirauá', 'Mamirauá Institute for Sustainable Development']"
866,106997706,Instituto Pró-Carnívoros,,,[]
867,113926455,Centre of Innovation and Preclinical Studies (CIEnP),,,"['Center Of Innovation And Preclinical Studies', 'Centre Of Innovation And Preclinical Studies (cienp)', 'Centre Of Inovation And Preclinic Studies (cienp)', 'Center Of Innovation And Preclinical Studies-cienp', 'Center Of Innovation And Preclinical Studies (cienp)', 'Center For Innovation And Preclinical Studies']"
868,109920680,Instituto Nacional de Ciência e Tecnologia em Entomologia Molecular (INCT-EM),,,[]
869,112571411,Instituto Nacional de Ciência e Tecnologia em Entomologia Molecular,,,[]
870,60100508,"Agência Nacional de Vigilância Sanitária, Brazil",,http://www.anvisa.gov.br/,"['National Health Surveillance Agency, Brazil', 'Agência Nacional de Vigilância Sanitária, Brazil']"
871,113955927,Eurofarma,,,"['Eurofarma', 'Eurofarma Laboratórios S.a.', 'Eurofarma Laboratórios', 'Eurofarma Laboratório S/a', 'Eurofarma Laboratorios']"
872,60004660,Instituto Agronomico do Parana,iapar.br,http://www.iapar.br/,['Instituto Agronomico do Parana']
873,60058499,Empresa de Pesquisa Agropecuária de Minas Gerais,epamig.br,https://www.epamig.br/,['Empresa de Pesquisa Agropecuária de Minas Gerais']
874,110545899,Instituto Nacional de Ciência e Tecnologia Translacional em Medicina (INCT-TM),,,[]
875,60109298,Universidade Federal do Sul e Sudeste do Pará,,https://www.unifesspa.edu.br/,['Universidade Federal do Sul e Sudeste do Pará']
876,60109442,"Instituto Federal de Educação, Ciȇncia e Tecnologia do Rio Grande do Sul",ifrs.edu.br,https://ifrs.edu.br/,[]
877,101500952,Fundação Brasileira para o Desenvolvimento Sustentável,,,[]
878,60109296,Universidade Federal da Fronteira Sul,uffs.edu.br,https://www.uffs.edu.br/,"['Universidade Federal da Fronteira Sul', 'Federal University of the Southern Frontier']"
879,60281053,Universidade La Salle,unilasalle.edu.br,https://www.unilasalle.edu.br/canoas,[]
880,115873796,Centro de Ensino Superior e Desenvolvimento,,,"['Faculdade De Ciências Médicas, Centro De Ensino Superior E Desenvolvimento', 'Centro De Ensino Superior E Desenvolvimento (cesed/unifacisa', 'Centro De Ensino Superior E Desenvolvimento', 'Centro De Educação Superior E Desenvolvimento']"
881,60096792,Instituto de Pesca,,,['Instituto de Pesca']
882,60006943,Center of Health Sciences,ufpe.br,http://www.ufpe.br,"['Federal University of Pernambuco, Center of Health Sciences - Medicine', 'Universidade Federal de Pernambuco, Centro de Ciencias da Saude - Medicina']"
883,113046745,Evangelic University Hospital of Curitiba,,,"['Evangelic University Hospital Of Curitiba', 'Evangelical Hospital Of Curitiba']"
884,115264565,Clinical Pathology Laboratory Antonio Lobão,,,['Clinical Pathology Laboratory Antonio Lobão']
885,60016207,Universidade Regional de Blumenau,furb.br,https://www.furb.br/pt,"['Regional University of Blumenau', 'Universidade Regional de Blumenau']"
886,113058751,INCT-DT,,,"['Inct-dt', 'Inct']"
887,100366788,Amaral Carvalho Hospital,,,[]
888,101701396,Fundação de Economia e Estatística,,,"['Fundação De Economia E Estatística', 'Fundação De Economia E Estatística (fee)', 'Fundação De Economia E Estatística Endereço', 'Fundação De Economia E Estatística - Fee']"
889,115951773,Escola de Química e Alimentos,,,['Escola De Química E Alimentos']
890,115952186,Programa de Pós-Graduação em Ciências Fisiológicas,,,[]
891,112372193,Centro de Ciências Químicas,,,['Centro De Ciências Químicas']
892,127287325,EcoPoint,,,['Ecopoint']
893,131888804,University of São Paulo State,,,['University Of São Paulo State']
894,60001774,Universidade Sao Francisco,usf.edu.br,https://www.usf.edu.br/,[]
895,109723116,Instituto Nacional de Ciência e Tecnologia em Nano-Biofarmacêutica (N-Biofar),,,"['Instituto Nacional De Ciência E Tecnologia Em Nano-biofarmacêutica (n-biofar)', 'Instituto Nacional De Ciência E Tecnologia Em Nano- Biofarmacêutica (n-biofar)', 'Instituto Nacional De Ciência E Tecnologia Em Nanobiofarmacêutica (n-biofar)', 'Instituto Nacional De Ciência E Tecnologia Em Nanobiofarmacê Utica (n-biofar)']"
896,126612417,Santa Casa de Misericórdia de Ribeirão Preto,,,"['Santa Casa De Misericórdia De Ribeirão Preto', 'Hospital Santa Casa Of Ribeirão Preto']"
897,112075652,São José Dentistry School,,,"['Faculdades São José', 'Faculdade São José', 'São José Faculties', 'São José Dentistry School', 'São José Dental School', 'R. São José', 'Faculdade Sao Jose']"
898,114786713,DGPTC/PCERJ,,,['Dgptc/pcerj']
899,113041687,Instituto Federal da Bahia,,,"['Instituto Federal Da Bahia', 'Universiade Federal Da Bahia', 'Univerisdade Federal Da Bahia']"
900,60006171,Petrobras,petrobras.com.br,https://petrobras.com.br/en/,['Petrobras']
901,100367737,University Hospital,,,['University Hospital']
902,115905691,Labimed Clinical Chemistry and Medicine Laboratory,,,['Labimed Clinical Chemistry and Medicine Laboratory']
903,118431446,Gerência Geral de Polícia Científica,,,"['Polícia Científica', 'Gerência Geral De Polícia Científica (ggpoc)', 'Gerência Geral De Polícia Científica']"
904,112573671,Federal University of San Francisco Valley (UNIVASF),,,[]
905,126751628,Nutrition student at Federal University of Health Sciences from Porto Alegre,,,"['Nutrition Student At Federal University Of Health Sciences From Porto Alegre', 'Federal University Of Health Sciences Porto Alegre', 'Federal University Of Health Sciences At Porto Alegre']"
906,60069338,Embrapa Amazônia Oriental,embrapa.br,https://www.embrapa.br/en/amazonia-oriental,['Embrapa Amazônia Oriental']
907,126772989,Embrapa Southeast Livestock,,,"['Embrapa Southeast Livestock', 'Embrapa Southeast Livestock (embrapa)', 'Brazilian Agricultural Research Corporation-embrapa Southeast Livestock', 'Animal Biotechnology Laboratory—embrapa Southeast Livestock']"
908,115900053,Laboratório de Investigação Molecular no Câncer (LIMC),,,['Laboratório De Investigação Molecular No Câncer (limc)']
909,115893124,Clinics Hospital,,,['Clinics Hospital']
910,60274686,Sakata Seed Corporation,sakata.com,https://www.sakata.com/,"['Sakata Seed Corporation', 'SAKATA Group']"
911,109708198,Centro Universitário das Faculdades Associadas ao Ensino (UNIFAE),,,"['Centro Universitário Das Faculdades Associadas De Ensino-unifae', 'Centro Universitário Das Faculdades Associadas De Ensino', 'Centro Universitário Das Faculdades Associadas Ao Ensino (unifae)', 'Centro Universitário Das Faculdades Associadas (unifae)']"
912,115385647,Simile,,,['Simile']
913,60041703,Fundacao Centro Tecnologico de Minas Gerais,cetec.br,,['Fundacao Centro Tecnologico de Minas Gerais']
914,115806035,Universidade Federal Fluminse - UFF,,,['Universidade Federal Fluminse - UFF']
915,116065258,Centro de Terapia Celular e Centro Regional de Hemoterapia de Ribeirão Preto,,,"['Centro Regional De Hemoterapia De Ribeirão Preto', 'Centro De Terapia Celular E Centro Regional De Hemoterapia De Ribeirão Preto']"
916,114808000,Private Office,,,[]
917,108940898,Instituto Nacional de Ciência e Tecnologia Para o Controle do Câncer (INCT),,,"['Instituto Nacional De Ciência E Tecnologia Para O Controle Do Câncer (inct)', 'Instituto Nacional De Ciência E Tecnologia Para O Controle Do Câncer', 'Instituto National De Ciência E Tecnologia Para', 'Instituto Nacional De Ciência E Tecnologia Para Sistemas Complexos', 'Instituto Nacional De Ciência E Tecnologia Para O Controle Do Cancer']"
918,114037180,Weight Science,,,['Weight Science']
919,60069341,Fundacao Estadual de Pesquisa Agropecuaria,fepagro.rs.gov.br,http://www.fepagro.rs.gov.br/,['Fundacao Estadual de Pesquisa Agropecuaria']
920,116339877,Galvão Bueno St,,,"['Galvão Bueno St', 'Rua Galvão Bueno 868', 'Rua Galvao Bueno']"
921,60070423,Embrapa Semiárido,,https://www.embrapa.br/en/semiarido,"['Embrapa Semiárido, Petrolina', 'Embrapa Semiárido', 'Embrapa Semiarid']"
922,117556814,CONAB,,,['Conab']
923,60281577,"Instituto Capixaba de Pesquisa, Assistência Técnica e Extensão Rural (Incaper)",incaper.es.gov.br,https://incaper.es.gov.br/,"['Instituto Capixaba de Pesquisa, Assistência Técnica e Extensão Rural (Incaper)', 'Instituto Capixaba de Pesquisa, Assistência Técnica e Extensão Rural', 'Capixaba Institute of Research, Technical Assistance and Rural Extension']"
924,107071027,Estudo e Desenvolvimento Biológico Ltda,,,['Estudo E Desenvolvimento Biológico Ltda']
925,60194531,Instituto Tecnológico Vale,itv.org,https://www.itv.org/en/home/,"['Vale Institute of Technology', 'Instituto Tecnológico Vale']"
926,113089507,FCM da Santa Casa de São Paulo,,,"['Fcm Da Santa Casa De São Paulo', 'F.c.m. Da Santa Casa De São Paulo', 'Santa Casa De Sao Paulo School Of Medical Sciences', 'Fcm Da Santa Casa De Sáo Paulo', 'Fcm Da Santa Casa De Sao Paulo']"
927,60027875,"Ministerio da Agricultura, Pecuaria e Abastecimento",agricultura.gov.br,http://www.agricultura.gov.br/,"['Ministerio da Agricultura, Pecuaria e Abastecimento']"
928,60043836,Heliopolis Hospital,,,['Heliopolis Hospital']
929,60290105,Fundação Arnaldo Vieira de Carvalho,fcmsantacasasp.edu.br/vemprasanta/fundacao-arnaldo-vieira-de-carvalho,https://fcmsantacasasp.edu.br/vemprasanta/fundacao-arnaldo-vieira-de-carvalho/,"['Fundação Arnaldo Vieira de Carvalho', 'Arnaldo Vieira de Carvalho Foundation']"
930,100786218,Departamento de Biologia Molecular,,,[]
931,101022205,Center for Hematology of São Paulo,,,"['São Paulo Forest Institute', 'São Paulo Forestry Institute', 'Center For Hematology Of São Paulo', ""São Paulo Clinic For Women's Care)"", 'Forestry Institute Of São Paulo', 'Forest Institute Of São Paulo']"
932,100669228,Brazilian National Commission for Nuclear Energy,,,"['National Nuclear Energy Commission', 'Brazilian National Commission For Nuclear Energy', 'Natl. Commission Of Nuclear Energy', 'National Center Of Nuclear Energy']"
933,115999855,IIEP,,,['IIEP']
934,60010831,Universidade Ibirapuera,ibirapuera.br,https://www.ibirapuera.br/,"['Ibirapuera University', 'Universidade Ibirapuera']"
935,100775952,Laboratório Central de Saúde Pública de Pernambuco,,,"['Laboratório Central De Saúde Pública De Pernambuco', 'Laboratório Central De Saúde Pública', 'Laboratório Central De Saúde Pública Do Estado De Pernambuco', 'Laboratório De Saúde Pública De Pernambuco-lacen/pe', 'Laboratório Central De Saúde Pública (lacen)', 'Laboratório Central De Saúde De Pernambuco', 'Laboratório Central Da Secretaria De Saúde Do Estado De Pernambuco', 'Laboratorio Central De Saúde Pública De Pernambuco (lacen-pe)']"
936,112679207,Secretaria de Defesa Social de Pernambuco,,,"['Secretaria De Defesa Social De Pernambuco', 'Secretaria Estadual De Saúde Do Estado De Pernambuco', 'Secretaria De Saúde De Pernambuco']"
937,105938101,Secretaria de Estado da Saúde de Goiás,,,[]
938,107253267,Laboratório Nacional Agropecuário,,,"['Laboratório Nacional Agropecuário', 'Mg: Laboratório Nacional Agropecuário']"
939,100391513,Consultoria em Patologia,,,[]
940,60005352,Universidade Catolica de Pernambuco,unicap.br,http://www.unicap.br,"['Catholic University of Pernambuco', 'Universidade Catolica de Pernambuco']"
941,110445429,Centro de Gestão de Tecnologia e Inovação (CGTI),,,"['Centro De Gestão De Tecnologia E Inovação (cgti)', 'Centro De Gestão De Tecnologia E Inovação']"
942,60012354,Instituto de Technologia em Imunobiologicos,bio.fiocruz.br,http://www.bio.fiocruz.br,[]
943,101932649,Departamento de Fisiologia e Farmacologia,,,"['Departamento De Fisiologia E Farmacologia', 'Depto. De Fisiologia E Farmacologia']"
944,101636747,Graduate Program in Pathology,,,[]
945,110735077,Federal University of São Francisco Valley,,,[]
946,112199801,Rio Grande do Sul Technical and Scientifical Division,,,"['Rio Grande Do Sul Technical And Scientifical Division', 'Rio Grande Do Sul Superintendency', 'Technical And Scientific Police Superintendent Of Rio Grande Do Sul', 'Rio Grande Do Sul Technical And Scientific Division', 'Brazilian Federal Police Of Rio Grande Do Sul']"
947,121240251,Instituto Nacional de Ciência e Tecnologia-Pesquisa Translacional em Saúde e Ambiente na Região Amazônica (INCT-IMPeTAM),,,['Instituto Nacional De Ciência E Tecnologia-pesquisa Translacional Em Saúde E Ambiente Na Região Amazônica (inct-impetam)']
948,100929145,Huntington-Center of Human Reproduction,,,"['Ctro. Reprod. Hum. Huntington-SP', 'Huntington Reproductive Center', 'Huntington-Center of Human Reproduction']"
949,101975870,Faculdade de Nutrição,,,"['Faculdade de Nutrição', 'Faculdade de Nutrição']"
950,60271913,"Instituto Federal de Educação, Ciência e Tecnologia de Goiás – IFG",ifg.edu.br,https://www.ifg.edu.br/,"['Instituto Federal de Educação, Ciência e Tecnologia de Goiás – IFG', 'Instituto Federal de Educação, Ciência e Tecnologia de Goiás', 'Federal Institute of Education, Science and Technology of Goiás']"
951,132517680,Hospital Araújo Jorge,,,[]
952,112596708,Instituto Nacional de Ciência e Tecnologia (INCT),,,[]
953,131885940,University of São Paulo Medical School,,,['University Of São Paulo Medical School']
954,60043026,Centro de Ciencias Exatas e da Natureza de Pernambuco,ccen.ufpe.br,,['Centro de Ciencias Exatas e da Natureza de Pernambuco']
955,118416481,INCT-Nanobiofar-FAPEMIG-CNPq,,,['Inct-nanobiofar-fapemig-cnpq']
956,122861452,CTCMOL,,,['Ctcmol']
957,60100515,"Associação Nacional de Criadores e Pesquisadores, Ribeirao Preto",,http://www.ancp.org.br/,"['Associação Nacional de Criadores e Pesquisadores, Ribeirao Preto']"
958,116694798,Programa de Pós-Graduação em Biologia Celular e Molecular,,,['Programa De Pós-graduação Em Biologia Celular E Molecular']
959,114393338,CCT/Biologia,,,"['CCT/Biologia', 'CCT-Biologia', 'CCT / Biologia']"
960,100772636,Federal Institute of Education,,,[]
961,113076884,Amazon Rural Federal University,,,"['Amazon Rural Federal University', 'Amazon Federal Rural University', 'Rural Federal University Of The Amazon', 'Amazonian Federal Rural University', 'Rural Federal University Of The Amazon (ufra)', 'Rural Federal Univ. Of The Amazon', 'Amazon Rural Federal University (ufra)', 'Amazon Rural Federal University (ica-ufra)', 'Amazon Federal University', 'Amazon Federal Rural University (ufra) – Belém Campus']"
962,116347404,Laboratório DASA,,,['Laboratório DASA']
963,107712848,Centro de Hematologia de São Paulo,,,[]
964,116347289,Hospital Getúlio Vargas,,,"['Hospital Getúlio Vargas', 'Getúlio Vargas Hospital']"
965,100689962,Instituto Hermes Pardini,,,"['Instituto Hermes Pardini', 'Researcher At Instituto Hermes Pardini', 'Laboratório Hermes Pardini']"
966,125382998,Laboratorio de Produtos Naturais,,,['Laboratorio De Produtos Naturais']
967,130337968,Licks Attorneys,,,[]
968,130859946,Bachelor of Laws,,,['Bachelor Of Laws']
969,114692938,Albert Einstein Research Institute,,,['Albert Einstein Research Institute']
970,114949742,Secretaria de Agricultura e Desenvolvimento Rural,,,['Secretaria de Agricultura e Desenvolvimento Rural']
971,109428129,Instituto Nacional de Ciência e Tecnologia-Informação Genético-Sanitária da Pecuária Brasileira (CNPq/INCT/IGSPB),,,"['Instituto Nacional De Ciencia E Tecnologia-informacao Genetico-sanitaria Da Pecuaria Brasileira', 'Instituto Nacional De Ciência E Tecnologia-informação Genético-sanitária Da Pecuária Brasileira (cnpq/inct/igspb)', 'Instituto Nacional De Ciência E Tecnologia-informação Genético- Sanitária Da Pecuária Brasileira', 'Inct/cnpq-informação Genético Sanitária Da Pecuária Brasileira']"
972,127814493,National Institute of Science and Technology in Stem Cell and Cell Therapy (INCT/CNPq) and Center for Cell-Based Therapy,,,"['National Institute Of Science And Technology In Stem Cell And Cell Therapy (inct/cnpq) And Center For Cell-based Therapy', 'National Institute Of Science And Technology In Stem Cell And Cell Therapy (inctc)', 'National Institute Of Science And Technology In Stem Cell And Cell Therapy (inct/cnpq)', 'Center For Cell-based Therapy (cepid/fapesp); National Institute Of Science And Technology In Stem Cell And Cell Therapy (inctc/cnpq)']"
973,112677512,Federal University of São João,,,"['Federal University Of São João', 'São João Del-rei Federal University', 'Federal University Of São']"
974,116055754,1R Institute of Promotion and Research for the Replacement of Animal Experimentation,,,"['Research For The Replacement Of Animal Experimentation', '1r Institute Of Promotion And Research For Replacement Of Animal Experimentation']"
975,106540126,Alfenas Federal University,,,"['Alfenas Federal University', 'University Of Alfenas', 'Universida De Federal De Alfenas', 'Federal University Center Of Alfenas', 'Federal University At Alfenas', 'Federal Of University Alfenas', 'Alfenas University', 'Alfenas Federal University - Ict/mg']"
976,105455992,Federal University of Jequitinhonha and Mucuri Valley,,,[]
977,116055871,Centre of Higher Education of Campos Gerais,,,['Centre Of Higher Education Of Campos Gerais']
978,100674506,Institute for Investigation in Immunology-INCT,,,[]
979,101761276,Instituto de Biologia,,,[]
980,112442078,BIOFABRIS,,,"['Biofabris', 'Inct-biofabris', 'Inct Biofabris']"
981,100930145,Dendrix Research,,,"['Dendrix Research', 'Dendrix Research Ltd', 'Dendrix Research, Ltd.', 'Dendrix', 'Dendrix, Ltd.', 'Dendrix Research Ltd.', 'Dendrix Ltda', 'Dendrix Ltd']"
982,112205949,Santa Casa de Belo Horizonte,,,[]
983,60011288,Uniao Educacional do Vale do Aco Faculdade de Medicina do Vale do Aco,univaco.com.br,,['Uniao Educacional do Vale do Aco Faculdade de Medicina do Vale do Aco']
984,112609322,Paraná Institute of Technology,,,"['Paraná Institute Of Technology', 'Technology Institute Of Paraná', 'Institute Of Technology Of Paraná', 'Institute Of Technology Of Parana', 'Technology Institute Of Parana (tecpar)', 'Paraná Institute Of Technology - Tecpar', 'Paraná Institute Of Technology (tecpar)', 'Paraná Inst. Of Technology', 'Parana Institute Of Technology', 'Institute Of Technology Of Paraná -tecpar']"
985,115947964,Co-operative Research Centre for Mental Health,,,['Co-operative Research Centre For Mental Health']
986,112632626,Centro de Tecnologias Estratégicas do Nordeste,,,"['Centro De Tecnologias Estratégicas Do Nordeste', 'Centro De Tecnologia Estratégicas Do Nordeste', 'Centro De Tecnologias Estratégicas Do Nordeste (cetene/mctic)', 'Centro De Tecnologias Estratégicas Do Nordeste (cetene)', 'Centro De Tecnologias Estratégica Do Nordeste', 'Centro De Tecnologia Estratégica Do Nordeste', 'Center For Strategic Technologies Of The Northeast (centro De Tecnologias Estratégicas Do Nordeste']"
987,111166136,Oswaldo Cruz German Hospital,,,[]
988,127286146,Biotecnos - Private Center of Research,,,['Biotecnos - Private Center Of Research']
989,60271895,"Instituto Federal De Educação, Ciência E Tecnologia Catarinense - IFC",ifc.edu.br,https://ifc.edu.br/,"['Instituto Federal De Educação, Ciência E Tecnologia Catarinense - IFC']"
990,118661470,Veterinary,,,['Veterinary']
991,127282005,Ouro Fino Agronegócio,,,['Ouro Fino Agronegócio']
992,122645021,Mendelics Genomic Analysis,,,"['Mendelics Genomic Analysis', 'Mendelics Genomic Analyses']"
993,127241058,Embrapa Dairy Cattle,,,['Embrapa Dairy Cattle']
994,116791281,Rede Brasil de Imunogenética,,,['Rede Brasil De Imunogenética']
995,123781567,Faculdade de Ciências Médicas,,,[]
996,127281989,Imunogenética e Imunologia de Transplantes,,,['Imunogenética E Imunologia De Transplantes']
997,127281724,São Paulo Research Foundation (FAPESP),,,['São Paulo Research Foundation (fapesp)']
998,60069353,Centro Federal de Educacao Tecnologica de Minas Gerais,cefetmg.br,https://www.cefetmg.br/,['Centro Federal de Educacao Tecnologica de Minas Gerais']
999,126545619,Hospital Federal da Lagoa,,,['Hospital Federal Da Lagoa']
1000,114322333,Hospital do Coração Cancer Center (HCor Onco,,,"['Hospital Do Coração Cancer Center (HCor Onco)', 'Hospital do Coração Cancer Center (HCor Onco']"
1001,112774501,Centro Paulista de Oncologia,,,"['Centro Paulista De Oncologia', 'Centro Paulista De Oncologia/oncoclínicas', 'Centro Paulista De Oncologia-oncoclínicas', 'Centro Paulista De Oncologia Do Grupo Oncoclinicas', 'Centro De Paulista De Oncologia', 'Centro De Oncologia']"
1002,114179549,Oncoclinicas Do Brasil,,,"['Oncoclinicas Do Brasil', 'Oncoclínicas Do Brasil Serviços Médicos S.a.', 'Oncoclínicas Do Brasil', 'Grupo Oncoclínicas Do Brasil']"
1003,112647545,Instituto de Pesquisas Veterinárias Desidério Finamor,,,[]
1004,116278196,Conselho Nacional de Pesquisa e Desenvolvimento,,,"['Conselho Nacional De Pesquisa E Desenvolvimento', 'Conselho Nacional De Desenvolvimento Científico E Tecnoló Gico']"
1005,116237499,Centro,,,['Centro']
1006,115460042,Christus University,,,"['University Center Christus', 'Christus University', 'University Centre Christus', 'University Christus', 'Universitary Center Christus', 'University Center Christus (fortaleza', 'Christus University Centre']"
1007,114378758,Faculdade Maurício de Nassau,,,"['Faculdade Maurício De Nassau', 'Maurício De Nassau Faculty', 'Mauricio De Nassau Faculty', 'Maurício De Nassau College', 'Maurício De Nassau Center University', 'Mauricio De Nassau University Center', 'Faculdade Maurício Nassau', 'Faculdade Maurício De Nassau (uninassau)', 'Faculdade Mauricio De Nassau', 'Centro Universitário Maurício De Nassau']"
1008,101801869,Agroceres PIC,,,[]
1009,122297299,Cidade Univ,,,"['Cidade Univ', 'Cidade Universitária', 'Cidade Universitaria', '580 -cidade Universitaria']"
1010,112618319,Central Laboratory of Public Health of Amapá (Laboratório Central de Saúde Pública do Amapá - LACEN-AP),,,"['Laboratório Central De Saúde Pública Do Amapá', 'Secretaria De Saúde Do Amapá', 'Laboratório Central De Saúde Pública Do Amapá (lacen-ap)', 'Laboratório Central De Saude Publica Do Amapá', 'Central Laboratory Of Public Health Of Amapá (laboratório Central De Saúde Pública Do Amapá - Lacen-ap)']"
1011,100801763,Centro,,,['Centro']
1012,114218612,CEP,,,['CEP']
1013,115776839,Veterinary Autonomous,,,['Veterinary Autonomous']
1014,113099005,Instituto Sírio-Libanês de Ensino e Pesquisa,,,[]
1015,115352934,2 Santo André Aids Program,,,"['Santo Andre Aids Program', 'Santo André Aids Program']"
1016,116020683,DST,,,['DST']
1017,100854770,Emilio Ribas Infectious Diseases Institute,,,"['Emílio Ribas Infectious Diseases Institute', 'Emilio Ribas Infectious Diseases Institute', 'Emilio Ribas Infect. Dis. Institute', 'Instituto Emílio Ribas', 'Institute Of Lnfectious Diseases Emílio Ribas', 'Institute Of Infectious Diseases Infectology Emilio Ribas', 'Institute Of Infectious Diseases Emíliu Ribas', 'Emílio Ribas Hospital', 'Emília Ribas Infectious Diseases Institute', 'Emilio Ribas Infectious Disease Institute']"
1018,113073124,Centro Universitário Estadual da Zona Oeste,,,"['Centro Universitário Estadual Da Zona Oeste (uezo)', 'Centro Universitário Estadual Da Zona Oeste', 'Fundação Centro Universitário Estadual Da Zona Oeste', 'Centro Universitário Estadual Da Zona Oeste - Uezo', 'Centro Universitário Estadual Da Zona Oeste (ccmat)/uezo', 'Centro Universitário Da Zona Oeste-uezo', 'Centro Universitário Da Zona Oeste']"
1019,106997586,Aggeu Magalhães Research Center,,,"['Research Center Aggeu Magalhaes', 'Centro Des Pesquisas Aggeu Magalhaes', 'Aggeu Magalhães Research Center', 'Instituto Aggeu Magalhães', 'Centro Pesquisas Aggeu Magalhaes', 'Aggeu Magalhães Res. Center', 'Aggeu Magalhães Institute']"
1020,112608883,State University of North Fluminense Darcy Ribeiro,,,"['State University Of North Fluminense Darcy Ribeiro', 'Darcy Ribeiro State University Of Northern Rio De Janeiro', 'State University Of The North Fluminense Darcy Ribeiro', 'Univ. Do N. Fluminense Darcy Ribeiro', 'University State University Of North Fluminense Darcy Ribeiro', 'University Of Northern Rio De Janeiro State Darcy Ribeiro', 'State University Of Northern Fluminense - Darcy Ribeiro', 'Science And Technology Center State University Of North Fluminense Darcy Ribeiro']"
1021,112968314,Escola Superior da Amazônia,,,[]
1022,104912031,Biological Institute,,,"['Biological Institute', 'Biologic Institute']"
1023,100347025,Centro de Pesquisa em Medicina Tropical,,,[]
1024,115965399,São Paulo Animal Science Institute,,,['São Paulo Animal Science Institute']
1025,100412457,Fundação RIOZOO,,,[]
1026,113019141,Centro de Primatologia do Rio de Janeiro,,,"['Centro De Primatologia Do Rio De Janeiro', 'Centro Endovascular Do Rio De Janeiro', 'Centro De Primatologia Do Rio De Janeiro (cprj/inea)', 'Centro De Primatologia Do Rio De Janeiro - Cprj/feema', 'Centro De Primatas Do Rio De Janeiro', 'Centro De Genética Médica Do Rio De Janeiro']"
1027,115962379,Faculty of Medicine / FASE,,,"['Fase', 'Faculty Of Medicine / Fase', 'Faculty Of Medicine']"
1028,115943823,Intituto de Gastroenterologia de Goiânia,,,['Intituto De Gastroenterologia De Goiânia']
1029,115944024,Agencia de Vigilância em Saúde da Secretaria de Estado da Saúde - AGEVISA,,,['Agencia De Vigilância Em Saúde Da Secretaria De Estado Da Saúde - Agevisa']
1030,113611993,Instituto Nacional de Ciência e Tecnologia em Biologia Estrutural e Bioimagens,,,['Instituto Nacional De Ciência E Tecnologia Em Biologia Estrutural E Bioimagens']
1031,113603144,Rede Institucional de Pesquisa e Inovação em Medicina Intensiva,,,"['Rede Institucional De Pesquisa E Inovação Em Medicina Intensiva (ripimi)', 'Rede Institucional De Pesquisa E Inovação Em Medicina Intensiva', 'Rede Institucional De Pesquisa E Inovacao Em Medicina Intensiva', 'Rede Institucional De Pesquisa E Inovac¸a&tild;o Em Medicina Intensiva (ripimi)']"
1032,109626851,Hospital Regional Hans Dieter Schmidt,,,[]
1033,101611043,Instituto Tocantinense Presidente Antônio Carlos,,,"['Instituto Tocantinense Presidente Antônio Carlos', 'Instituto Tocantinense Presidente Antonio Carlos', 'Instituto Tocantinense Presidente Antônio Carlos – Itpac Palmas School', 'Instituto Tocantinense Presidente Antonio Carlos S/a', 'Instituto Tocantinense Presidente Antonio Carlos Ltda', 'Instituto Tocantinense Presidente Antonio Carlos - Itpac', 'Instituto Tocantinense Presidente Antonio Carlos (itpac)']"
1034,114654181,Secretaria de Vigilância em Saúde de Nova Iguaçu,,,"['Secretaria Municipal De Saúde De Nova Iguaçú', 'Secretaria Municipal De Saúde De Nova Iguaçu', 'Secretaria De Vigilância Em Saúde De Nova Iguaçu']"
1035,100669029,Adamantina Dental School,,,"['Adamantina Dental School', 'Dentistry School Of Adamantina', 'Adamantina']"
1036,101811350,Hospital São Vicente de Paulo,,,[]
1037,111515854,Secretaria Municipal de Saúde,,,"['Secretaria Municipal De Saúde', 'Secretaria Municipal De Saúde.', 'Secretaria Municipal De Saúde De São Luís', 'Secretaria Municipal Da Saúde De São Luís', 'Secretaria Estadual De Saúde']"
1038,101171785,Instituto de Pesquisas Científicas e Tecnológicas do Estado do Amapá,,,"['Instituto De Pesquisas Científicas E Tecnológicas Do Estado Do Amapá', 'Instituto De Pesquisas Científicas E Tecnológicas Do Amapá', 'Instituto De Pesquisas Cientificas E Tecnológicas Do Estado Do Amapá', 'Instituto De Pesquisas Científicas E Tecnologicas De Estado Do Amapá', 'Instituto De Pesquisas Cientificas E Tecnologicas Do Estado Do Amapa', 'Instituto Pesquisas Científicas E Tecnológicas Do Estado Do Amapá', 'Instituto De Pesquisas Cientĩficas E Tecnológicas Do Estado Do Amapá', 'Instituto De Pesquisas Científicas E Tecnológicas Do Estado Do Amapá_iepa', 'Instituto De Pesquisas Científicas E Tecnológicas Do Estado Do Amapá - Iepa', 'Instituto De Pesquisas Científicas E Tecnológicas Do Estado Do Amapá (nhmet/iepa)']"
1039,111065026,Clínica Privada,,,[]
1040,100607388,Hospital São José de Doenças Infecciosas,,,[]
1041,116138719,Laboratório Central de Sa#x00FA,,,['Laboratório Central De Sa#x00fa']
1042,112768875,Laboratório Central de Saúde Pública do Estado do Rio Grande do Sul,,,"['Secretaria De Saúde Do Estado Do Rio Grande Do Sul', 'Laboratório Central Do Estado Do Rio Grande Do Sul', 'Secretaria Estadual De Saúde Do Estado Do Rio Grande Do Sul', 'Laboratório Central De Saúde Pública Do Rio Grande Do Sul (lacen-rs)', 'Laboratório Central De Saúde Pública Do Estado Do Rio Grande Do Sul', 'Lacen/rs - Laboratório Central De Saúde Pública Do Rio Grande Do Sul', 'Laboratório Central De Saúde Pública Do Rio Grande Do Sul - Lacen/rs', 'Laboratório Central De Saúde Pública Do Rio Grande Do Sul', 'Laboratório Central De Saúde Pública Da Secretaria De Saúde Do Estado Do Rio Grande Do Sul (lacen/ses-rs)']"
1043,60011385,Universidade do Estado do Rio Grande do Norte,uern.br,http://www.uern.br,"['Rio Grande do Norte State University', 'Universidade do Estado do Rio Grande do Norte']"
1044,114896256,School of Medicine,,,['School of Medicine']
1045,60069321,Institut Pasteur de São Paulo,pasteur-sp.org.br,https://www.pasteur-sp.org.br/en/,"['Instituto Pasteur de Sao Paulo', 'Institut Pasteur de São Paulo']"
1046,101678403,CNPq,,,['Cnpq']
1047,127288945,HLA Diagnóstico,,,['Hla Diagnóstico']
1048,112662748,Municipal Authority of Botucatu,,,"['Municipal Authority Of Botucatu', 'Botucatu Municipal Secretariat Of Health']"
1049,113224532,Agência Estadual de Defesa Agropecuária do Maranhão (AGED-MA),,,"['Agência Estadual De Defesa Agropecuária Do Maranhão (aged-ma)', 'Médica Veterinária Da Agência De Defesa Agropecuária Do Maranhão', 'Fiscal Estadual Agropecuário Da Agência Estadual De Defesa Agropecuária Do Maranhão', 'Agência Estadual De Defesa Agropecuária Do Maranhão', 'Agência Estadual De Defesa Agropecuária Do Estado Do Maranhão', 'Agência Estadual De Defesa Agropecuária - Aged/ma', 'Agência Estadual De Defesa Agropecuária (aged)']"
1050,100513334,Hospital Regional Homero de Miranda Gomes,,,"['Hospital Regional Homero De Miranda Gomes', 'Hospital Regional Dr. Homero De Miranda Gomes', 'Homero De Miranda Gomes Hospital', 'Hospital Homero De Miranda Gomes']"
1051,100672495,Centro de Hematologia e Hemoterapia de Santa Catarina (HEMOSC),,,[]
1052,127287552,EEP SENAI Visconde de Mauá,,,['Eep Senai Visconde De Mauá']
1053,112586820,Universidade Estadual do Pará,,,[]
1054,112708918,Federal University of São Francisco Valley,,,[]
1055,115902638,GARD Executive Committee,,,['Gard Executive Committee']
1056,115801337,Tropical Medicine Foundation of Tocantins (Funtrop),,,['Tropical Medicine Foundation Of Tocantins (funtrop)']
1057,114983260,School of Medicine,,,['School Of Medicine']
1058,106394031,Rua Pedro de Toledo,,,"['Rua Pedro De Toledo', 'Brazilian Cochrane Centerrua Pedro De Toledo', 'Brazilian Cochrane Center Rua Pedro De Toledo', 'Rua Pedro De Toledo 1071', 'Rua Dias De Toledo']"
1059,115896947,Universidad Central de Venezuela Venezuela,,,['Universidad Central de Venezuela Venezuela']
1060,115749001,Rua Coronel Nunes de Melo,,,['Rua Coronel Nunes De Melo']
1061,109940004,CNPq-University of the Western Santa Catarina (UNOESC),,,"['CNPq-University of the Western Santa Catarina (UNOESC)', 'Santa Catarina Western University']"
1062,111745097,Ezequiel Dias Foundation (FUNED),,,[]
1063,60001311,Universidade Estadual do Maranhão,uema.br,https://www.uema.br/,"['State University of Maranhao', 'Universidade Estadual do Maranhão']"
1064,110755260,Fundação de Medicina Tropical Dr. Heitor Vieira Dourado,,,[]
1065,107253640,Instituto Nacional de Ciência e Tecnologia,,,"['Instituto Nacional De Ciência E Tecnologia', 'Instituto Nacional De Ciência E Tecnologia (inct)', 'Instituto Nacional De Ciência E Tecnologia Em Oncogenômica', 'Instituto Nacional De Ciência E Tecnologia Do Hpv (inct-hpv)', 'Instituto Nacional De Ciência E Tecnologia Em Toxinas', 'Instituto Nacional De Ciência E Tecnologia (iii-inct)', 'Instituto Nacional De Cîencia E Tecnologia Em Oncogenômica', 'Instituto Nacional De Ciências E Tecnologia', 'Instituto Nacional De Ciência E Tecnologia – Iii-inct', 'Instituto Nacional De Ciência E Tecnologia Em Neurociência Social E Afetiva']"
1066,115660339,Centro Universitário Carioca,,,"['Centro Universitário Carioca', 'Centro Universitário Carioca (unicarioca)', 'Centro Universitario Carioca (unicarioca)', 'Centro Universitário']"
1067,60069334,Centro de Controle de Zoonoses,programasaudedoanimal.ig.com.br,,['Centro de Controle de Zoonoses']
1068,117511132,Bayer S.A.,,,"['Bayer S/a', 'Bayer S.a.']"
1069,108277062,Hematology and Hemotherapy Foundation of Pernambuco,,,"['Hematology And Hemotherapy Foundation Of Pernambuco', 'Hematology And Hemotherapy Foundation Of Pernambuco (hemope)', 'Hemope-hematology And Hemotherapy Center Of Pernambuco', 'Hematology And Hemotherapy Foundation Of Pernambuco - Hemope', 'Hematology And Hemotherapy Foundation Of Pernambuco (hemope Foundation)', 'Hematology And Hemotherapy Center-hemope Foundation']"
1070,107874610,Instituto Nacional de Ciência e Tecnologia em Entomologia Molecular (INCT-EM),,,[]
1071,100351630,Institute of Food Technology,,,[]
1072,101683544,Fundação Jardim Zoológico da Cidade do Rio de Janeiro,,,"['Fundação Jardim Zoológico Da Cidade Do Rio De Janeiro', 'Jardim Zoológico Do Rio', 'Fundação Parque Zoológico Da Cidade Do Rio De Janeiro', 'Fundação Parque Jardim Zoológico Da Cidade Do Rio De Janeiro', 'Fundação Jardim Zoológico Da Cidade Do Rio De Janeiro-riozoo']"
1073,113012739,Autonomous Veterinarian,,,"['Autonomous Veterinarian', 'Veterinarian', 'Autonomous']"
1074,106994016,Companhia Integrada de Desenvolvimento Agrícola de Santa Catarina,,,[]
1075,116143029,Veterinário Autônomo,,,"['Veterinário Autônomo', 'Médico-veterinário Autônomo']"
1076,116142747,Centro de Controle de Zoonoses,,,['Centro De Controle De Zoonoses']
1077,60019832,Instituto Biologico - Sao Paulo,biologico.sp.gov.br,http://www.biologico.sp.gov.br/,['Instituto Biologico - Sao Paulo']
1078,60271904,"Instituto Federal De Educação, Ciência E Tecnologia Do Acre – IFAC",ifac.edu.br,https://www.ifac.edu.br/,"['Instituto Federal De Educação, Ciência E Tecnologia Do Acre – IFAC']"
1079,116142370,FTC,,,['Ftc']
1080,112855064,Laboratório Central de Saúde Pública da Bahia,,,[]
1081,109431444,Federal Institute of Education,,,"['Federal Institute Of Education', 'Institute Of Education', 'Federal Institute Of Pernambuco']"
1082,116139127,São José dos Pinhais,,,['São José Dos Pinhais']
1083,112620250,Instituto Brasileiro para Medicina da Conservação,,,"['Instituto Brasileiro Para Medicina Da Conservação', 'Instituto Brasileiro De Medicina Da Conservação']"
1084,121240216,Biomaterial Laboratory (LBMAT),,,['Biomaterial Laboratory (lbmat)']
1085,60004200,Escola Superior de Ciencias da Santa Casa de Misericordia de Vitoria,emescam.br,http://www.emescam.br,['Escola Superior de Ciencias da Santa Casa de Misericordia de Vitoria']
1086,60019066,Universidade de Cruz Alta,unicruz.edu.br,,"['University of Cruz Alta', 'Universidade de Cruz Alta']"
1087,112602383,Colsan-Associação Beneficente de Coleta de Sangue,,,[]
1088,112915881,Instituto de Biologia Roberto Alcantara Gomes,,,"['Instituto De Biologia Roberto Alcântara Gomes', 'Instituto De Biologia Roberto Alcantara Gomes', 'Instituto Roberto Alcantara Gomes', 'Instituto De Biologia Roberto Alcantara Gomes (ibrag)', 'Inst. Biol. Roberto Alcantara Gomes']"
1089,60062687,Instituto de Radioprotecao e Dosimetria,ird.gov.br,http://www.ird.gov.br/,['Instituto de Radioprotecao e Dosimetria']
1090,125070196,Instituto Estadual do Cérebro Paulo Niemeyer,,,[]
1091,126966686,Hospital e Maternidade Therezinha de Jesus,,,"['Therezinha De Jesus Maternity Hospital', 'Hospital E Maternidade Therezinha De Jesus']"
1092,114502350,Hospital Veterinário Sena Madureira,,,"['Hospital Veterinário Sena Madureira', 'Rua Sena Madureira']"
1093,115805659,Fundação Eletronuclear de Assistência Médica,,,['Fundação Eletronuclear De Assistência Médica']
1094,107947215,Hospital Universitário de Dourados,,,"['Hospital Universitário De Dourados', 'Centro Universitário De Dourados']"
1095,60015612,Universidade Federal do Acre,ufac.br,http://www.ufac.br,"['Federal University of Acre', 'Universidade Federal do Acre']"
1096,107868351,Paranaense University,,,[]
1097,101290428,Center for Zoonosis Control,,,"['Center For Zoonosis Control', 'Zoonosis Control Center (ccz)', 'Control Center Of Zoonosis (ccz)']"
1098,100400555,Pará Federal University,,,"['Pará Federal University', 'Para Federal University', 'Federal University Hospital Of Pará', 'Univ. Fed. Para', 'Pará University Center', 'Pará University', 'Pará Federal University (ufpa)', 'Para Federal Unviersity', 'Federal University School Of Pará', 'Federal University Of']"
1099,108290820,Federal Institute of Pernambuco,,,"['Federal Institute Of Pernambuco', 'Federal Institute Of Pernambuco (ifpe)', 'Federal Institute Of Sertão De Pernambuco', 'Universidade Federal Of Pernambuco', 'Liver Institute Of Pernambuco', 'Pernambuco Federal University Hospital', 'Liver Institute Of Pernambuco (ifp-pe)', 'Instituto Federal Da Pernambuco', 'Heart Institute Of Pernambuco', 'Federal Institute Of Pernambuco – Ifpe']"
1100,113937980,IMUNOLAB-Laboratório de Histocompatibilidade,,,[]
1101,113147349,Laboratório de Mirmecologia,,,[]
1102,115734042,Care and Research,,,['Care And Research']
1103,127249486,Empresa Brasileira de Extensão Rural do Pará,,,['Empresa Brasileira De Extensão Rural Do Pará']
1104,114497908,Setor de Controle de Zoonoses e Vetores,,,"['Setor de Controle de Zoonoses e Vetores', 'Serviço de Controle de Zoonoses e Vetores']"
1105,116338459,Ingrid Menz Micro Empresa,,,['Ingrid Menz Micro Empresa']
1106,108978629,Hospital Santa Casa de Misericórdia de Londrina,,,"['Santa Casa De Londrina', 'Hospital Santa Casa De Londrina', 'Santa Casa Hospital', 'Santa Casa De Misericórdia De Londrina', 'Santa Casa', 'Irmandade Santa Casa De Londrina Hospital (iscal)', 'Hospital Santa Casa De Misericórdia De Londrina', 'Santa Casa Of Londrina Hospital', 'Irmandade Da Santa Casa De Londrina Hospital', 'Irmandade Da Santa Casa De Londrina (iscal)']"
1107,110106098,AIDS Reference and Training Center,,,"['Aids Reference And Training Center', 'Itd/aids Reference And Training Center', 'São Paulo State Department Of Health Std And Aids Referral And Training Center', 'Reference Center In Std/aids', 'Reference And Training Center For Std/aids', 'Aids Reference Centre Of São Paulo', 'Aids Reference Center Of São Paulo']"
1108,110262539,Hospital Universitário de Londrina,,,"['Hospital Universitário De Londrina', 'Universitário De Londrina']"
1109,115501247,Correia Picanço Hospital,,,"['Hospital Correia Picanço', 'Correia Picanço Hospital']"
1110,122297625,Cidade Universitária,,,"['Cidade Universitária', 'Cidade Universitaria', 'University Cidade']"
1111,115541933,Rua Padre Roma,,,['Rua Padre Roma']
1112,115494155,9 Supervisão Regional da Secretaria da Agricultura e Pecuária do Rio Grande do Sul,,,['9 Supervisão Regional Da Secretaria Da Agricultura E Pecuária Do Rio Grande Do Sul']
1113,60111064,ATITUS Educação,atitus.edu.br,https://www.atitus.edu.br/,"['IMED Passo Fundo', 'IMED em Passo Fundo', 'ATITUS Educação', 'ATTITUS Education']"
1114,115494173,Axys Análises Laboratório Veterinário e Consultoria Diagnóstica,,,['Axys Análises Laboratório Veterinário E Consultoria Diagnóstica']
1115,113413814,São Sebastião Hospital,,,"['Hospital São Sebastião', 'São Sebastião Hospital']"
1116,106110868,PECTI-SAÚDE/Research Foundation of the State of Amazonas (Fundação de Amparo à Pesquisa do Estado do Amazonas,,,"['Research Foundation Of The State Of Amazonas (fundação De Amparo À Pesquisa Do Estado Do Amazonas', 'Pvs Pecti-saúde/fundação De Amparo À Pesquisa Do Estado Do Amazonas', 'Fundação De Amparo À Pesquisa Do Estado Do Amazonas - Fapeam', 'Fundação De Amparo À Pesquisa Do Estado Do Amazonas (fapeam)', 'Fundacao De Amparo A Pesquisa Do Estado Do Amazonas']"
1117,100478430,Instituto Vital Brazil,,,[]
1118,107513195,Instituto Oswaldo,,,"['Instituto Oswaldo', 'Instituto Oswaldo Crus', 'Inst. Oswaldo Crus']"
1119,115740674,Laboratorio Cultura de Celulas,,,['Laboratorio Cultura de Celulas']
1120,107941905,Centro de Controle de Zoonoses,,,"['Centro De Controle De Zoonoses', 'Centro De Controle De Zoonoses De Montes Claros', 'Zoonoses Control Center']"
1121,112768700,Fundação Zoo-Botânica de Belo Horizonte,,,"['Fundação Zoo-botânica De Belo Horizonte', 'Fundação Zoobotânica De Belo Horizonte', 'Jardim Botânico Da Fundação Zoo-botânica De Belo Horizonte', 'Hospital Veterinário Da Fundação Zoo-botânica De Belo Horizonte', 'Fundação Zoo-botânica De Belo Horizonte - Fzb-bh', 'Fundacão Zoo-botânica De Belo Horizonte (fzb-bh)', 'Departamento De Jardim Zoológico Da Fundação Zoo-botanica De Belo Horizonte', 'Cemig/fundação Zoobotânica De Belo Horizonte']"
1122,115565206,University of VilaVelha-ES,,,"['University Of Vila Velha-es', 'University Of Vilavelha-es']"
1123,115538733,Chritus University,,,['Chritus University']
1124,60122527,Laboratório Nacional de Nanotecnologia,lnnano.cnpem.br,http://lnnano.cnpem.br/,"['Brazilian Nanotechnology National Laboratory', 'Laboratório Nacional de Nanotecnologia']"
1125,60008714,Merck Animal Health,merck-animal-health.com,https://www.merck-animal-health.com/,['Merck Animal Health']
1126,120356285,Federal University of Sergipe,,,"['Federal University Of Sergipe', 'University Of Sergipe', 'School Of Dentistry Of University Federal Of Sergipe']"
1127,116517719,Secretaria Municipal de Saúde,,,"['Secretaria Municipal De Saúde', 'Secretaria Municipal De Saúde Goiânia', 'Secretaria De Saúde', 'Secretaria Munic. De Saude De G.']"
1128,115986016,Departamento de Biomedicina,,,['Departamento De Biomedicina']
1129,60196680,Hospital Universitário Júlio Müller,ebserh.gov.br,http://www2.ebserh.gov.br/web/hujm-ufmt,"['Hospital Universitário Júlio Müller', 'Julio Müller University Hospital']"
1130,115985908,Secretaria Executiva de Assistência à Saúde,,,['Secretaria Executiva De Assistência À Saúde']
1131,113716535,Hospital Geral de Palmas,,,"['Hospital Geral De Palmas', 'Hospital Geral Público De Palmas']"
1132,109661326,Laboratório Central de Saúde Pública do Tocantins,,,"['Laboratório Central De Saúde Pública Do Tocantins', 'Laboratório Central De Saúde Pública']"
1133,107029105,Rheumatology Department,,,"['Rheumatology Department', 'Rheumatology Hospital']"
1134,116185819,2​Center of Regional Laboratory of Santo Andre,,,['Center of Regional Laboratory of Santo Andre']
1135,60012857,Hospital Universitario Evangelico de Curitiba,evangelico.org.br,http://www.evangelico.org.br/,['Hospital Universitario Evangelico de Curitiba']
1136,110315940,Division of Microbiology,,,['Division Of Microbiology']
1137,127259089,Rheumatologist,,,['Rheumatologist']
1138,112924609,Centro de Estudos em Psicobiologia e Exercício (CEPE),,,"['Centro De Estudos Em Psicobiologia E Exercício', 'Centro De Estudos Em Psicobiologia E Exercício (cepe)', 'Centro De Estudos Em Psicobiologia E Exercício-cepe', 'Centro De Estudo Em Psicobiologia Do Exercício']"
1139,101106058,Centro Universitário Claretiano,,,[]
1140,100465602,Instituto de Biologia,,,"['Instituto De Biologia', 'Instituto Do Biologia']"
1141,100555859,Instituto de Veterinária,,,"['Instituto De Veterinária', 'Instituto De Veterinária (iv)']"
1142,113205104,Secretaria Estadual de Educação do Rio de Janeiro,,,[]
1143,115581630,Programa de Biologia Celular e Parasitologia,,,['Programa de Biologia Celular e Parasitologia']
1144,60008132,Centro Brasileiro de Pesquisas Físicas,cbpf.br,http://www.cbpf.br,['Centro Brasileiro de Pesquisas Físicas']
1145,109850223,Brazilian Society of Dermatology,,,['Brazilian Society Of Dermatology']
1146,115261566,Brazilian Federation of Gastroenterology,,,['Brazilian Federation Of Gastroenterology']
1147,115261672,Brazilian Study Group on Inflammatory Bowel Disease,,,"['Brazilian Study Group On Inflammatory Bowel Disease', 'Brazilian Study Group On Bowel Inflammatory Diseases']"
1148,101606389,ITP,,,['ITP']
1149,115455094,Universidade Federal Do Maranh,,,['Universidade Federal Do Maranh']
1150,115436852,Faculdades e Instituto de Pesquisa Pel,,,"['Faculdades e Instituto de Pesquisa Pel', 'Instituto de Pesquisa Pel Pequeno']"
1151,100349852,Hospital Municipal Jesus,,,[]
1152,113606409,Instituto Nacional de Saúde da Mulher,,,"['Instituto Nacional De Saúde Da Mulher', 'Instituto Nacional Da Saúde Da Mulher', 'Instituto Nacional Da Mulher', 'Instituto Nacional De Saude Da Mulher', 'Instituição Nacional De Saúde Da Mulher']"
1153,114964266,Laboratório de Investigação em Dermatologia e Imunodeficiência IMT de São Paulo,,,"['Laboratório de Investigação em Dermatologia e Imunodeficiência IMT de São Paulo', 'Laboratório de Dermatologia e Imunodeficiências']"
1154,117510059,Bayer S. A. Animal Health,,,"['Bayer S. A. Animal Health', 'Bayer Animal Health']"
1155,101754408,Memorial Guararapes Hospital,,,"['Hospital Memorial Guararapes', 'Memorial Guararapes Hospital']"
1156,100790613,Royal Portuguese Hospital,,,[]
1157,126426881,Research Center for Tropical Medicine of Rondonia,,,"['Research Center For Tropical Medicine Of Rondonia', 'Research Center In Tropical Medicine Of Rondônia', 'Research Center For Tropical Medicine Of Rondônia - Cepem/sesau', 'Research Center For Tropical Medicine Of Rondônia']"
1158,126996629,Federal University of Rondônia - UNIR,,,[]
1159,115298069,Laboratory of schistosomiasis,,,"['Laboratory of schistosomiasis', 'Laboratory of Schistosomiasis']"
1160,115535375,Animal Defense Division,,,['Animal Defense Division']
1161,60138379,"Laboratorios Hipra, S.A.",hipra.com,https://www.hipra.com/,"['Laboratorios Hipra, S.A.']"
1162,60013775,Universidade de Uberaba,uniube.br,http://www.uniube.br,"['University of Uberaba', 'Universidade de Uberaba']"
1163,112590871,Hospital Santa Casa de Misericórdia de Porto Alegre,,,"['Hospital Santa Casa De Misericórdia De Porto Alegre', 'Santa Casa De Misericórdia De Porto Alegre Hospital Complex', 'Santa Casa De Misericórdia De Porto Alegre Hospital', 'Hospital Complex Of Santa Casa De Misericórdia De Porto Alegre']"
1164,112736168,Fundação Centro Brasileiro de Proteção e Pesquisa das Tartarugas Marinhas,,,"['Fundação Centro Brasileiro De Proteção E Pesquisa Das Tartarugas Marinhas', 'Fundącão Centro Brasileiro De Protęcão E Pesquisa Das Tartarugas Marinhas']"
1165,117866698,Superior Institute of Medicine,,,['Superior Institute of Medicine']
1166,60021542,Laboratorio Nacional de Luz Sincrotron,lnls.cnpem.br,https://www.lnls.cnpem.br/en/,"['Brazilian Synchrotron Light Laboratory', 'Laboratorio Nacional de Luz Sincrotron']"
1167,115538243,Departamento de Clínica,,,['Departamento De Clínica']
1168,115538263,Departamento de Cirurgia,,,"['Departamento De Cirurgia', 'Departamento De Cirurgia Geral']"
1169,106770593,University of Ceará,,,"['University Of Ceará', 'State University Of Ceará', 'University Of Ceara', 'Statue University Of Ceará']"
1170,127247878,Natan Portella Institute of Tropical Medicine,,,['Natan Portella Institute Of Tropical Medicine']
1171,101100880,Rua Carlos Chagas 480,,,"['Rua Carlos Chagas 480', 'Rua Carlos Chagas']"
1172,101513462,Universidade do Grande Rio,,,[]
1173,60111458,GlaxoSmithKline Brasil Ltda.,br.gsk.com,https://br.gsk.com/,['GlaxoSmithKline Brasil Ltda.']
1174,115234953,SMSA/PBH,,,['SMSA/PBH']
1175,115228667,Mestre em Ciência Animal,,,['Mestre em Ciência Animal']
1176,115228602,Médica Veterinária Autônoma,,,"['Médica Veterinária Autônoma', 'Médica Veterinária']"
1177,114062247,Paraná Federal University,,,['Paraná Federal University']
1178,115753652,Specialized Healthcare Service,,,['Specialized Healthcare Service']
1179,112587488,São Paulo Research Foundation),,,"['São Paulo Research Foundation)', 'São Paulo Research Foundation', 'São Paulo Zoo Foundation', 'São Paulo Research Foundation (fapesp)', 'State Of São Paulo Research Foundation', 'São Paulo Zoo Park Foundation', 'São Paulo Foundation', 'São Paulo Botanical Garden', 'State Of Sao Paulo Research Foundation', 'Sao Paulo Research Foundation']"
1180,100573317,Bio-Manguinhos,,,[]
1181,112604397,Instituto Nacional de Comunicação Pública da Ciência e Tecnologia,,,[]
1182,101845983,Fundação Educacional de Andradina,,,"['Fundação Educacional De Andradina', 'Fundação Educacional De Andradina (fea)']"
1183,126976408,Prefeitura do Município de São Paulo/SUVIS/Vila Maria/Vila Guilherme,,,['Prefeitura Do Município De São Paulo/suvis/vila Maria/vila Guilherme']
1184,126976594,College Inga,,,['College Inga']
1185,60100506,Associação de Pesquisa e Preservação de Ecossistemas Aquáticos,,http://www.aquasis.org/,['Associação de Pesquisa e Preservação de Ecossistemas Aquáticos']
1186,115777719,Centro de Preservação e Pesquisa de Mamíferos Aquáticos (CPPMA) da Eletrobras Amazonas Energia,,,['Centro De Preservação E Pesquisa De Mamíferos Aquáticos (cppma) Da Eletrobras Amazonas Energia']
1187,115776812,Conservação e Pesquisa de Mamíferos Aquáticos (CMA/ICMBio),,,['Conservação E Pesquisa De Mamíferos Aquáticos (cma/icmbio)']
1188,115476201,Programa de Pos-Graduacao em Biodiversidade e Biotecnologia da Amazonia Legal,,,['Programa de Pos-Graduacao em Biodiversidade e Biotecnologia da Amazonia Legal']
1189,60281072,Universidade do Estado do Amapá,ueap.edu.br,https://ueap.edu.br/,[]
1190,114539602,Federal Rural University of Amazonia (UFRA),,,"['Federal Rural University Of Amazonia (ufra)', 'Federal Rural University Of Amazonia-ufra', 'Federal Rural University Of Amazonia - Ufra']"
1191,114821694,Outpatient Group of Recurrent Infections and Laboratory of Immunology,,,"['Outpatient Group of Recurrent Infections', 'Outpatient Group of Recurrent Infections and Laboratory of Immunology']"
1192,109454572,Center of Research,,,"['Center Of Research', 'Center Research']"
1193,108072615,Faculdade Ingá,,,"['Faculdade Ingá', 'Faculdade De Inga', 'Faculdade Inga']"
1194,100563353,Centro,,,"['Centro', 'Centro.']"
1195,116727588,UFPA,,,[]
1196,114211946,Centro de Terapia Intensiva e Emergência Veterinária,,,"['Centro De Terapia Intensiva E Emergência Veterinária', 'Centro De Terapia Intensiva']"
1197,116728909,CTIVeterinário Clínica 24hs,,,['Ctiveterinário Clínica 24hs']
1198,116727713,Hospital Veterinário Chip Dog,,,['Hospital Veterinário Chip Dog']
1199,116727894,Clínica Veterinária Xanadu,,,['Clínica Veterinária Xanadu']
1200,60340359,Ourofino Saúde Animal,ourofino.com,https://ourofino.com/,"['Ourofino Saúde Animal', 'Ourofino Animal Health']"
1201,116729228,Clínica Veterinária Laranjeiras,,,['Clínica Veterinária Laranjeiras']
1202,113463177,Screening Center for Wild Animals (CETAS),,,"['Screening Center For Wild Animals (cetas)', 'Triage Center For Wild Animals (cetas)']"
1203,101473361,GenSys Consultores Associados S/C Ltda,,,[]
1204,116198671,Pesquisa Agropecuária da Paraíba (EMEPA-PB),,,['Pesquisa Agropecuária da Paraíba (EMEPA-PB)']
1205,116198800,CCA (UFPB) Areia,,,['CCA (UFPB) Areia']
1206,100523704,Faculdades Metropolitanas Unidas,,,"['Faculdades Metropolitanas Unidas', 'Complexo Educacional Faculdades Metropolitana Unidas', 'Universidade Metropolitana Unida', 'Fmu - Faculdades Metropolitanas Unidas', 'Faculdades Metropolitanas Unidas – Campus Liberdade', 'Faculdades Metropolitanas Unidas - Fmu', 'Faculdades Metropolitanas Unidas (unifmu)', 'Faculdades Metropolitanas Unidas (fmu).', 'Faculdades Metropolitanas Unidas (fmu)', 'Faculdades Metropolitanas']"
1207,60025448,Universidade da Amazonia,unama.br,http://www.unama.br,"['University of Amazon', 'Universidade da Amazonia']"
1208,115972740,IIUTFPR,,,['Iiutfpr']
1209,115362671,Centro Estadual de Educação Tecnológica Paula Souza,,,"['Centro Estadual De Educação Tecnológica Paula Souza', 'Centro Estadual De Educação Tecnológica Paula Souza/ Ceeteps']"
1210,60036352,Embrapa Clima Temperado,,https://www.embrapa.br/en/clima-temperado,"['Embrapa Temperate Agriculture', 'Embrapa Clima Temperado']"
1211,108698913,UFPel,,,"['Ufpel', 'Ufpel.']"
1212,127274742,Embrapa Agropecuária Oeste,,,['Embrapa Agropecuária Oeste']
1213,60015623,General Electric Company,ge.com,https://www.ge.com/,['General Electric Company']
1214,60231913,Embrapa Acre,,https://www.embrapa.br/acre,['Embrapa Acre']
1215,115973326,Grão Limpo,,,['Grão Limpo']
1216,127288754,Embrapa Floresta,,,['Embrapa Floresta']
1217,115973075,Instituto Federal do Mato Grosso (IFMS),,,['Instituto Federal Do Mato Grosso (ifms)']
1218,60271890,"Instituto Federal de Educação, Ciência e Tecnologia de Mato Grosso do Sul",ifms.edu.br,https://www.ifms.edu.br/,"['Instituto Federal de Educação, Ciência e Tecnologia de Mato Grosso do Sul', 'Federal Institute of Education, Science and Technology of Mato Grosso do Sul']"
1219,127288607,University of Recôncavo Baiano,,,['University Of Recôncavo Baiano']
1220,127261912,Brazilian Anteaters Research and Conservation Institute,,,['Brazilian Anteaters Research And Conservation Institute']
1221,127286351,Energy Company of São Paulo - CESP,,,['Energy Company Of São Paulo - Cesp']
1222,117225824,Veterinarian Autonomous,,,['Veterinarian Autonomous']
1223,117553153,Centro,,,['Centro']
1224,60020946,Universidade Metodista de Sao Paulo,metodista.br,http://www.metodista.br,"['Methodist University of Sao Paulo', 'Universidade Metodista de Sao Paulo']"
1225,116139658,Unidade de Vigilância em Zoonoses,,,"['Unidade De Vigilância Em Zoonoses', 'Unidade De Vigilância De Zoonoses De Campinas']"
1226,60025874,Universidade Brasil,ub.edu.br,https://ub.edu.br/,[]
1227,116083785,Nutrimentos Santa Maria LTDA/Nutrisamal,,,['Nutrimentos Santa Maria LTDA/Nutrisamal']
1228,116083508,Recursos Humanos no Agronegócio (ReHagro),,,"['Recursos Humanos No Agronegócio/reahagro', 'Recursos Humanos No Agronegócio (rehagro)']"
1229,100449065,Fundação Zoo-Botânica de Belo Horizonte,,,"['Fundação Zoo-botânica De Belo Horizonte', 'Fundação Zoo-botânica', 'Fundação Zôo-botânica De Belo Horizonte (djb/fzb-bh)', 'Fundação Zoo-botânica De Belo Horizonte/fzb-bh', 'Fundação Zôo-botânica De Belo Horizonte', 'Fundaçaõ Zoo-botânica Da Belo Horizonte', 'Fundaçao Zoo-botânica De Belo Horizonte', 'Fundacão Zoo-botânica', 'Fundacao Zoo-botanica De Belo Horizonte']"
1230,116075813,Setor de Clínica Médica e Cirúrgica de Grandes Animais (FAMEZ/UFSM,,,['Setor de Clínica Médica e Cirúrgica de Grandes Animais (FAMEZ/UFSM']
1231,60290151,Centro Universitário de Rio Preto,unirp.edu.br,https://www.unirp.edu.br/,"['Centro Universitário de Rio Preto', 'Rio Preto University Center']"
1232,106431489,Epagri/Centro de Pesquisa para Agricultura Familiar,,,"['Epagri/centro De Pesquisa Para Agricultura Familiar', 'Epagri/ Centro De Pesquisa Para Agricultura Familiar', 'Centro De Pesquisa Para Agricultura Familiar/epagri', 'Centro De Pesquisa Para Agricultura Familiar (cepaf)']"
1233,127286266,Prefeitura de Jundiaí,,,['Prefeitura De Jundiaí']
1234,126719256,SAKATA SEED SUDAMERICA,,,"['Sakataseedsudamerica', 'Sakata Seed Sudamerica']"
1235,127286285,Instituto Técnico de Educação e Controle Animal (ITEC),,,['Instituto Técnico De Educação E Controle Animal (itec)']
1236,127286260,Estação de Pesquisa de Coxilha,,,['Estação De Pesquisa De Coxilha']
1237,127171124,Instituto Federal Goiano (IFGoiano),,,"['Instituto Federal Goiano (ifgoiano)', 'Instituto Federal Goiano (if Goiano)']"
1238,127249190,GreenBean Biotechnology,,,['Greenbean Biotechnology']
1239,100636804,Zoonosis Control Center,,,"['Zoonosis Control Center', 'Center Of Zoonosis Control', 'Center For Zoonosis Control', 'Zoonosis Control Center Of São Paulo Municipality', 'Zoonosis Control Center - Rabies Laboratory', 'Center Of Control Of Zoonosis Of Guarulhos']"
1240,60001375,Universidade do Oeste Paulista,unoeste.br,http://www.unoeste.br/site/,"['University of West Paulista', 'Universidade do Oeste Paulista']"
1241,127240940,Associação Brasileira dos Criadores do Cavalo Mangalarga Marchador,,,['Associação Brasileira Dos Criadores Do Cavalo Mangalarga Marchador']
1242,127241247,Regimento de Cavalaria Alferes Tiradentes,,,['Regimento De Cavalaria Alferes Tiradentes']
1243,100841029,Diretoria de Vigilância Ambiental do Distrito Federal,,,"['Diretoria De Vigilância Ambiental Do Distrito Federal', 'Diretoria De Qualidade Ambiental', 'Diretoria De Licenciamento Ambiental']"
1244,107894454,School of Veterinary Medicine and Animal Science,,,[]
1245,120428634,Bióloga,,,['Bióloga']
1246,60016784,Universidade Estadual do Vale do Acarau,uvanet.br,,"['Acarau Valley State University', 'Universidade Estadual do Vale do Acarau']"
1247,109636727,Médica Veterinária Autônoma,,,"['Médica Veterinária Autônoma', 'Médica-veterinária Autônoma', 'Médica Veterinária']"
1248,110175455,Médico Veterinário autônomo,,,"['Médico-veterinário Autônomo', 'Médico Veterinário Autônomo']"
1249,60290121,Centro Universitário das Faculdades Metropolitanas Unidas,portal.fmu.br,https://portal.fmu.br/,[]
1250,60290644,Secretaria de Agricultura e Abastecimento de São Paulo,agricultura.sp.gov.br,https://agricultura.sp.gov.br/,"['Secretaria de Agricultura e Abastecimento de São Paulo', 'Secretariat of Agriculture and Supply of São Paulo']"
1251,114214463,Rua Mário Santos Braga s/n,,,"['Rua Mário Santos Braga S/n', 'Rua Mario Santos Braga S/n']"
1252,114214061,FMV,,,['Fmv']
1253,100861018,Faculdade de Medicina,,,"['Faculdade De Medicina', 'Faculdade De Medicina Veterinária - Unic', 'Faculdade De Agronomia E Medicina Veterinária (famev)', 'Faculdade De Medicina Veterinária', 'Faculdade De Agronom. E Med. Vet.']"
1254,113076192,Secretaria Estadual Agricultura e Pecuária do Estado do Rio de Janeiro,,,"['Secretaria Estadual Agricultura E Pecuária Do Estado Do Rio De Janeiro', 'Secretaria De Estado De Agricultura E Pecuária (seapec)']"
1255,113193479,Clínica Veterinária Gatos and Gatos Vet,,,"['Gatos E Gatos Vet', 'Clínica Veterinária Gatos E Gatos Vet', 'Clínica Veterinária Gatos And Gatos Vet', 'Clínica Gatos E Gatos Veterinária']"
1256,116185990,Clínica Veterinária Bichos e Caprichos Tijuca,,,['Clínica Veterinária Bichos E Caprichos Tijuca']
1257,108327639,Fundação Educacional Dom André Arcoverde,,,"['Fundação Educacional Dom André Arcoverde', 'Fundação Dom André Arcoverde', 'Fundação Educacional Dom Arcoverde', 'Fundação Educacional Don André Arcoverde', 'Fundação Dom André Arcoverde (cesva-faa)']"
1258,116186692,Zootecnia,,,['Zootecnia']
1259,115811678,Centro,,,['Centro']
1260,107302929,School of Veterinary Medicine,,,"['University School Of Veterinary Medicine', 'School Of Veterinary Medicine And Animal–unesp', 'School Of Veterinary Medicine', 'Botucatu School Of Veterinary Medicine']"
1261,60024552,Universidade de Rio Verde,fesurv.br,http://www.fesurv.br,"['University of Rio Verde', 'Universidade de Rio Verde']"
1262,100849324,University of Lavras,,,[]
1263,118660887,University of Bahia-UFRB,,,['University Of Bahia-ufrb']
1264,125441629,PR,,,[]
1265,113098620,Institute of Criminal Sciences,,,[]
1266,117857070,Instituto de Defesa Agropecuária do Estado do Mato Grosso,,,"['Instituto De Defesa Agropecuária Do Estado Do Mato Grosso', 'Instituto De Defesa Agropecuária Do Estado De Mato Grosso']"
1267,127258749,Cidade Administrativa Tancredo Neves,,,['Cidade Administrativa Tancredo Neves']
1268,127261172,Rehagro,,,['Rehagro']
1269,127239833,Center of Livestock Research of South Brazilian Fields (CPPSUL),,,['Center Of Livestock Research Of South Brazilian Fields (cppsul)']
1270,127241336,Embrapa South Animal Husbandry and Sheep,,,['Embrapa South Animal Husbandry And Sheep']
1271,60121329,Embrapa Agricultura Digital,embrapa.br,https://www.embrapa.br/en/informatica-agropecuaria,"['Embrapa Agricultural Informatics', 'Embrapa Informática Agropecuária', 'Centro Nacional de Pesquisa Tecnológica em Informática para a Agricultura', 'Embrapa Agricultura Digital']"
1272,126197782,EPAMIG Oeste,,,"['Epamig', 'Epamig Oeste']"
1273,60025385,Comando Geral de Tecnologia Aeroespacial,cta.br,http://www.cta.br,['Comando Geral de Tecnologia Aeroespacial']
1274,118590734,Nutron Alimentos Ltda.,,,"['Nutron Alimentos Ltda.', 'Nutron Alimentos Ltda']"
1275,113061033,Universidade Federal do Vale do Rio São Francisco (UNIVASF),,,"['Universidade Do Vale Do São Francisco (univasf)', 'Universidade Federal Do Vale São Francisco - Univasf', 'Universidade Federal Do Vale São Francisco (univasf)', 'Universidade Federal Do Vale Do Rio São Francisco (univasf)', 'Universidade Federal Do Vale Do São Fran-cisco (univasf)', 'Universidade Federal Do Vale Do São Fracisco-univasf', 'Universidade Federal Do Vale Do Rio São Francisco', 'Universidade Federal Do Vale De São Francisco - Univasf', 'Universidade Federal Do Vale Da São Francisco (univasf)']"
1276,114684065,Santinato and Santinato Cafés Ltda,,,['Santinato And Santinato Cafés Ltda']
1277,127262450,Divisão PetFood,,,['Divisão Petfood']
1278,101599590,Médico Veterinário Autônomo,,,"['Médico Veterinário Autônomo', 'Medico Veterinário Autônomo', 'Veterinário Autônomo']"
1279,100519480,Centro Universitário Moura Lacerda,,,"['Centro Universitário Moura Lacerda', 'Cuml - Centro Universitário Moura Lacerda', 'Centro Universitário Moura Lacerda - Campus Unit', 'Centro Universitário Moura Lacerda (cuml)', 'Centro Universitario Moura Lacerda', 'Centro Univ. Moura Lacerda']"
1280,127260780,Instituto Federal do Mato Grosso (IFMT),,,['Instituto Federal Do Mato Grosso (ifmt)']
1281,60103679,Instituto Federal de Minas Gerais,,http://www.ifmg.edu.br/,['Instituto Federal de Minas Gerais']
1282,60290346,Centro Universitário da Fundação de Ensino Octavio Bastos,unifeob.edu.br,https://unifeob.edu.br/,"['Centro Universitário da Fundação de Ensino Octavio Bastos', 'Octavio Bastos Teaching Foundation University Center']"
1283,115736582,Laboratório de Microbiologia Veterinária,,,['Laboratório De Microbiologia Veterinária']
1284,106611333,State University,,,['State University']
1285,114140455,DVPA,,,['DVPA']
1286,124537641,Rua João Iamarino nº3,,,"['Rua João Iamarino Nº3', 'Rua Joao Iamarino N°3']"
1287,117999791,Sociedade de Pesquisa em Vida Selvagem e Educącão Ambiental (SPVS),,,"['Sociedade De Pesquisa Em Vida Selvagem E Educącão Ambiental (spvs)', 'Sociedade De Pesquisa Em Vida Selvagem E Educacao Ambiental (spvs)']"
1288,127239469,Associação Paulista de Criadores de Ovinos (ASPACO),,,['Associação Paulista De Criadores De Ovinos (aspaco)']
1289,60271884,"Instituto Federal De Educação, Ciência E Tecnologia Do Sertão Pernambucano – IFSertãoPE",ifsertao-pe.edu.br,https://www.ifsertao-pe.edu.br/,"['Instituto Federal de Educação, Ciência e Tecnologia do Sertão Pernambucano', 'Federal Institute of Education, Science and Technology of Sertão Pernambucano', 'Instituto Federal De Educação, Ciência E Tecnologia Do Sertão Pernambucano – IFSertãoPE']"
1290,101157100,Veterinary Hospital,,,[]
1291,127249722,Centro Paula Souza,,,['Centro Paula Souza']
1292,60271912,Instituto Federal de Educação Ciência e Tecnologia Farroupilha – IFFarroupilha,iffarroupilha.edu.br,http://www.iffarroupilha.edu.br/,"['Instituto Federal de Educação Ciência e Tecnologia Farroupilha – IFFarroupilha', 'Federal Institute of Education Science and Technology Farroupilha – IFFarroupilha']"
1293,126564351,Embrapa Agrossilvipastoril,,,['Embrapa Agrossilvipastoril']
1294,126721497,Embrapa Rondônia,,,"['Embrapa Rondônia', 'Embrapa Rondonia', 'Embrapa']"
1295,127249406,Instituto Bioethicus,,,['Instituto Bioethicus']
1296,127238208,Firmasa Tecnologia para Pecuária,,,['Firmasa Tecnologia Para Pecuária']
1297,127237967,Geraembryo,,,['Geraembryo']
1298,127209564,Universidade de Pelotas,,,['Universidade De Pelotas']
1299,127229031,Agricultural and Livestock Defense Service of the State of Paraíba,,,['Agricultural And Livestock Defense Service Of The State Of Paraíba']
1300,116114187,Secretary of Agriculture Livestock and Agribusiness of State of Rio Grande do Sul (SEAPA-RS),,,"['Secretary Of Agriculture Livestock And Agribusiness Of State Of Rio Grande Do Sul (seapa-rs)', 'Livestock And Agribusiness Of State Of Rio Grande Do Sul (seapa-rs)']"
1301,115259530,Brazilian Institute for Conservation Medicine - Tríade,,,['Brazilian Institute For Conservation Medicine - Tríade']
1302,107163898,Itaipu Binacional,,,['Itaipu Binacional']
1303,114741963,Instituto de Pesquisas Veterinárias Desidério Finamor (IPVDF),,,['Instituto De Pesquisas Veterinárias Desidério Finamor (ipvdf)']
1304,114245605,State Foundation of Agricultural Research (FEPAGRO),,,"['State Foundation of Agricultural Research', 'State Foundation of Agricultural Research (FEPAGRO)']"
1305,113013925,State University of Southwest Bahia,,,"['State University Of Southwest Bahia', 'State University Of Southwestern Of Bahia', 'State University Of Southwestern Bahia', 'State University Of Southwest Of Bahia', 'State University Of Southwest Bahia (uesb)', 'State University Of Southweast Bahia', 'State University Of Southeast Bahia', 'State University Of The Southwest Of Bahia (uesb)', 'State University Of The Southwest Of Bahia', 'State University Of Southwestern Bahia (uesb)']"
1306,110715704,Agricultural Research Company of Minas Gerais,,,"['Agricultural Research Company Of Minas Gerais', 'The Agricultural Research Company Of Minas Gerais State (epamig)', 'State Of Minas Gerais Agricultural Research Corporation', 'Research Company Of Agriculture Of Minas Gerais', 'Agricultural Research Institute Of The State Of Minas Gerais', 'Agricultural Research Institute Of State Of Minas Gerais', 'Agricultural Research Enterprise Of Minas Gerais', 'Agricultural Research Corporation Of Minas Gerais']"
1307,105702921,Departamento de Clínica e Cirurgia Veterinária,,,"['Departamento De Clínica E Cirurgia Veterinária', 'Departamento De Clínica E Cirurgia Veterinaria', 'Departamento De Clínica E Cirurgia De Pequenos Animais']"
1308,127242778,Virology,,,['Virology']
1309,60271908,"Instituto Federal de Educação, Ciência e Tecnologia Fluminense – IFFluminense",portal1.iff.edu.br,https://portal1.iff.edu.br/,"['Instituto Federal de Educação, Ciência e Tecnologia Fluminense – IFFluminense', 'Instituto Federal de Educação, Ciência e Tecnologia Fluminense', 'Fluminense Federal Institute of Education, Science and Technology']"
1310,126561743,Centro Integrado de Recursos Pesqueiros e Aquicultura de Três Marias - CODEVASF,,,"['Centro Integrado De Recursos Pesqueiros E Aquicultura De Três Marias - Codevasf', 'Centro Integrado De Recursos Pesqueiros E Aquicultura De Três Marias – Codevasf']"
1311,126998706,Federal Rural University of Amazonia (UFRA),,,['Federal Rural University Of Amazonia (ufra)']
1312,127242732,Centro de Pesquisa Agropecuária Oeste,,,"['Empresa De Pesquisa Agropecuária', 'Centro De Pesquisa Agropecuária Oeste']"
1313,60281474,Fundação Instituto de Pesca Do Estado Do Rio de Janeiro – FIPERJ,,https://www.rj.gov.br/fiperj/,"['Fundação Instituto de Pesca Do Estado Do Rio de Janeiro – FIPERJ', 'Fisheries Institute Foundation of the State of Rio de Janeiro – FIPERJ']"
1314,105866193,FAMV,,,['Famv']
1315,60034652,Embrapa Algodão,,https://www.embrapa.br/algodao,"['Embrapa Algodão', 'Embrapa Cotton']"
1316,60271915,Universidade Federal do Cariri - UFCA,ufca.edu.br,https://www.ufca.edu.br/,"['Universidade Federal do Cariri', 'Federal University of Cariri', 'Universidade Federal do Cariri - UFCA']"
1317,113273996,Empresa Matogrossense de Pesquisa,,,"['Empresa Mato-grossense De Pesquisa', 'Empresa Matogrossense De Pesquisa']"
1318,127242958,Agrosul Assessoria Agronômica,,,['Agrosul Assessoria Agronômica']
1319,127242923,S.C.A Mobiliário Contemporâneo,,,['S.c.a Mobiliário Contemporâneo']
1320,105672335,Universidad Federal de Juiz de Fora,,,"['Universidad Federal De Juiz De Fora', 'Juiz De Fora', 'Universidad Federal De Juiz De Fora Ufjf', 'Juiz De Fora Eye Hospital']"
1321,115379914,RW Bioprospection Ltda,,,"['Rw Bioprospection Ltda', 'Bioprospection Ltda.']"
1322,106714084,Curso de Medicina Veterinária,,,[]
1323,108616061,Secretaria de Saúde do Estado do Ceará,,,[]
1324,115197209,Faculdade de Medicina Veterinária e Zootecnia - FAMED,,,['Faculdade De Medicina Veterinária E Zootecnia - Famed']
1325,101317085,Federal University Goiás,,,"['Federal University Goiás', 'University Federal Of Goiás', 'Univenidade Federal De Goiás', 'Federal University Goias', 'University Federal De Goiás', 'Federal University Of Goiás–ufg', 'University Of Federal Goias', 'University Of Federal De Goias', 'Univer Sidade Federal De Goiás', 'The Cancer Association Of Goiás']"
1326,108286118,Agência Estadual de Defesa Agropecuária da Bahia (ADAB),,,[]
1327,115776956,Disciplina de Parasitologia Veterinária,,,['Disciplina De Parasitologia Veterinária']
1328,60059457,Superintendencia de Controle de Endemias,sucen.sp.gov.br,http://www.sucen.sp.gov.br/,['Superintendencia de Controle de Endemias']
1329,112993359,Instituto de Ciências Biológicas e da Saúde,,,"['Instituto De Ciências Biológicas E Da Saúde', 'Ciências Biológicas E Da Saú De - Univiçosa']"
1330,127276672,Centro de Diagnóstico Veterinário – CDAPVET,,,['Centro De Diagnóstico Veterinário – Cdapvet']
1331,120427630,Divisão de Sanidade Dos Suídeos,,,['Divisão De Sanidade Dos Suídeos']
1332,105163117,LANAGRO/MG,,,"['Lanagro/mg', 'Lanagro/mg.']"
1333,116115134,Instituto CNA,,,"['Instituto Cna', 'Cna']"
1334,120427703,Rua Antônio Vicente de Souza s/n,,,['Rua Antônio Vicente De Souza S/n']
1335,120427802,Faculdade de Castelo,,,['Faculdade De Castelo']
1336,101548934,Faculdades Integradas do Tapajós,,,[]
1337,112460982,Faculdade de Tecnologia,,,"['Faculdade De Tecnologia (fatec)', 'Faculdade De Tecnologia']"
1338,127233469,Veterinary Clinic Department,,,"['Veterinary Clinic Department', 'Clinical Veterinary Sciences']"
1339,60025955,Centro Universitario Barao de Maua,baraodemaua.br,,['Centro Universitario Barao de Maua']
1340,115250152,ASCES College,,,['Asces College']
1341,127158162,Federal University of San Francisco Valley,,,['Federal University Of San Francisco Valley']
1342,120014436,Alibem Comercial de Alimentos Ltda,,,['Alibem Comercial De Alimentos Ltda']
1343,115119146,Instituto de Ciências Biomédicas,,,"['Instituto De Ciências Biomédicas', 'Instituto De Ciencias Biomedicas', 'Inst. De Cie. Biomédicas', 'Inst. De Cie. Biomed']"
1344,60100500,Empresa de Pesquisa Agropecuária do Estado do Rio de Janeiro,,http://www.pesagro.rj.gov.br/,['Empresa de Pesquisa Agropecuária do Estado do Rio de Janeiro']
1345,107887306,Universidade Federal do Mato Grosso - UFMT,,,"['Universidade Federal Do Mato Grosso - Ufmt', 'Universidade Federal Do Mato Grosso/ufmt', 'Universidade Federal Do Mato Grosso-ufmt', 'Universidade Federal Do Mato Grosso – Ufmt', 'Universidade Federal Do Mato Grosso (ufmt)', 'Universidade Federal Mato Do Grosso (ufmt)', 'Universidade Federal Do Mato Grosso/ Ufmt', 'Universidade Federal Do Mato Grosso (ufmt', 'Ufmt-universidade Federal Do Mato Grosso', 'Ufmt -universidade Federal Do Mato Grosso']"
1346,127233295,Ciência,,,['Ciência']
1347,127233389,Centro de Pesquisa Agroforestal de Rondônia,,,['Centro De Pesquisa Agroforestal De Rondônia']
1348,60239506,Embrapa Café,,https://www.embrapa.br/en/cafe,"['Embrapa Café', 'Embrapa Coffee']"
1349,112712711,Instituto Nacional de Ciência e Tecnologia de Biologia Estrutural e Bioimagem -INBEB,,,"['Instituto Nacional De Ciência E Tecnologia De Biologia Estrutural E Bioimagem -inbeb', 'Instituto Nacional De Ciência E Tecnologia De Biologia Estrutural E Bioimagem - Inbeb', 'Instituto Nacional De Ciência E Tecnologia Em Biologia Estrutural E Biomagens-inbeb', 'Instituto Nacional De Ciência E Tecnologia De Biologia Estrutural E Bioimagem-inbeb', 'Instituto Nacional De Ciência E Tecnologia De Biologia Estrutural E Bioimagem (inct-inbeb)']"
1350,116056605,Ministry of Fisheries and Aquaculture Collaborative Network in Veterinary Epidemiology - AquaEpi,,,['Ministry of Fisheries and Aquaculture Collaborative Network in Veterinary Epidemiology - AquaEpi']
1351,100885416,Centro Universitário de Lavras,,,[]
1352,60281097,Universidade de Gurupi,unirg.edu.br,https://www.unirg.edu.br/,"['Universidade de Gurupi', 'University of Gurupi']"
1353,115362954,Instituto Amazônia,,,['Instituto Amazônia']
1354,60100502,Empresa Estadual de Pesquisa Agropecuária da Paraíba,,,['Empresa Estadual de Pesquisa Agropecuária da Paraíba']
1355,116538314,Fazenda Mundo Novo,,,"['Fazenda Mundo Novo', 'Mundo Novo Farm']"
1356,112630934,Primate Center of Rio de Janeiro - CPRJ/INEA,,,"['Primate Center Of Rio De Janeiro - Cprj/inea', 'Primate Center Of Rio De Janeiro (cprj/inea)', 'Headache Center Of Rio De Janeiro', 'Centro De Primatologia Do Rio De Janeiro (cprj/inea)']"
1357,122423888,Centro,,,['Centro']
1358,101039590,Hospital Municipal Universitário de São Bernardo do Campo,,,[]
1359,118425617,Secretaria Estadual de Saúde do Maranhão,,,"['University Estadual Do Maranhão', 'Universidade Estadual Do Maranhão', 'Universidade Estadual Do Maranhã O', 'Universidade Do Maranhão', 'Secretaria Estadual De Saúde Do Maranhão']"
1360,115965451,Conselho Regional de Medicina Veterinária,,,['Conselho Regional De Medicina Veterinária']
1361,105621737,University of Pará State (UEPA),,,[]
1362,112224274,Catholical University Pontifical of Minas Gerais campus Poços de Caldas,,,"['Pontifical Catholic University of Poços de Caldas', 'Catholical University Pontifical of Minas Gerais campus Poços de Caldas']"
1363,127237783,Universidade Federal do Alagoas,,,[]
1364,127156368,Univasf,,,['Univasf']
1365,127155275,Autonomous Veterinarian,,,['Autonomous Veterinarian']
1366,127155463,Autonomous Veterinarian,,,"['Veterinarian', 'Autonomous Veterinarian']"
1367,115337635,Center for Rehabilitation of Wild Animals,,,['Center For Rehabilitation Of Wild Animals']
1368,127229103,Federal Rural University of Amazônia,,,['Federal Rural University Of Amazônia']
1369,127923616,Zoo Botanical Park Dois Irmãos,,,['Zoo Botanical Park Dois Irmãos']
1370,127030587,Naya Veterinary Specialty Center,,,"['Vet Therapy Specialties Center', 'Naya Veterinary Specialty Center', 'Naya Specialties']"
1371,127156934,Estrada Sobral/Groaíras,,,['Estrada Sobral/groaíras']
1372,127156461,Embrapa Dairy Cattle Research Center,,,['Embrapa Dairy Cattle Research Center']
1373,115235714,Hospital-Based Cancer Registry of the Amaral Carvalho Foundation,,,[]
1374,127228492,GenSys Consultores Associados,,,['Gensys Consultores Associados']
1375,126218452,CNPq,,,['Cnpq']
1376,127220951,ABCZ,,,['Abcz']
1377,60080329,Instituto Chico Mendes de Conservação da Biodiversidade,gov.br,https://www.gov.br/icmbio/pt-br,"['Instituto Chico Mendes de Conservacao da Biodiversidade', 'Chico Mendes Institute for Biodiversity Conservation', 'Instituto Chico Mendes de Conservação da Biodiversidade']"
1378,117253575,In Vitro Brasil S/A,,,"['In Vitro Brasil Sa', 'In Vitro Brasil S/a', 'Invitro Brasil S/a']"
1379,60032351,Universidade Castelo Branco,castelobranco.br,http://www.castelobranco.br,"['Castelo Branco University', 'Universidade Castelo Branco']"
1380,127208168,Agropecuária J. Galera,,,['Agropecuária J. Galera']
1381,127208201,Central de Receptoras Retorno,,,['Central De Receptoras Retorno']
1382,100565677,UNICENTRO,,,['Unicentro']
1383,114749679,Faculdade de Vértice (Univértix),,,['Faculdade de Vértice (Univértix)']
1384,115135520,Laboratory of Parasitology,,,['Laboratory of Parasitology']
1385,115311477,Biodiversity Conservation Institute,,,['Biodiversity Conservation Institute']
1386,124532149,University Federal do Espírito Santo (EFES),,,"['University Federal Do Espírito Santo (efes)', 'University Federal Do Espírito Santo', 'Universidade Federal Do Espírito Santo - Ufes', 'Universidade Federal Do Espírito Santo', 'Federal University Of Sespírito Santo', 'Federal Institute Of Espírito Santo']"
1387,105763039,Projeto BioPesca,,,['Projeto Biopesca']
1388,115180768,Agener Saúde Animal,,,['Agener Saúde Animal']
1389,112420721,Instituto Nacional de Ciência e Tecnologia em Biologia Estrutural e Bioimagens,,,"['Instituto Nacional De Ciência E Tecnologia Em Biologia Estrutural E Bioimagens', 'Núcleo De Biologia Estrutural E Bioimagens (cenabio)', 'Instituto Nacional De Ciência E Tecnologia Em Biologia Estrutural E Bioimagens (cenabio)']"
1390,116179191,Rua Quintino Bocaiúva 131/402,,,['Rua Quintino Bocaiúva 131/402']
1391,114176364,FMU,,,"['Fmu', 'Fmu Colleges']"
1392,127037595,Faculdades INTA,,,['Faculdades Inta']
1393,115172446,Clínica Veterinária Santo Agostinho,,,['Clínica Veterinária Santo Agostinho']
1394,120428267,Hospital Veterinário,,,['Hospital Veterinário']
1395,120427318,Laboratório de Biologia Animal,,,['Laboratório De Biologia Animal']
1396,120428419,Centro Municipal de Controle de Zoonoses,,,['Centro Municipal De Controle De Zoonoses']
1397,100633098,Parque Universitário,,,"['Parque Universitário', 'Parque Universitârio', 'Parque Universitario', 'Parque Univ.', '201- Parque Universitário']"
1398,120427709,Colégio Protágoras,,,['Colégio Protágoras']
1399,114939853,Instituto Mineiro de Agropecuária,,,['Instituto Mineiro De Agropecuária']
1400,106385773,CNPq,,,[]
1401,101890950,CAPES,,,['Capes']
1402,126457092,Instituto de Pesquisas Científicas e Tecnológicas do Estado do Amapá (IEPA),,,"['Instituto De Pesquisas Científicas E Tecnológicas Do Estado Do Amapá (iepa)', 'Instituto De Pesquisas Científicas E Tecnológicas Do Estado Do Amapá Núcleo De Biodiversidade Laboratório De Herpetofauna', 'Instituto De Pesquisas Científicas E Tecnológicas Do Estado Do Amapá - Iepa', 'Instituto De Pesquisas Científicas E Tecnológicas Do Estado Do Amapá']"
1403,127237817,Diagno Vet Laboratório Veterinário,,,['Diagno Vet Laboratório Veterinário']
1404,114419820,BRF Brasil Foods SA,,,[]
1405,127238028,Clínica Veterinária São Francisco,,,['Clínica Veterinária São Francisco']
1406,127238270,Equalis Ensino e Qualificação Superior,,,['Equalis Ensino E Qualificação Superior']
1407,120289975,Empresa de Assistência Técnica e Extensão Rural do Estado de Rondônia - EMATER-RO,,,['Empresa De Assistência Técnica E Extensão Rural Do Estado De Rondônia - Emater-ro']
1408,127238146,São José do Rio Preto,,,['São José Do Rio Preto']
1409,115413802,Néctar Soluções Sustentáveis,,,['Néctar Soluções Sustentáveis']
1410,112611419,CNPq,,,['Cnpq']
1411,122217083,University of Lavras,,,['University Of Lavras']
1412,126996098,Dorper Campo Verde,,,['Dorper Campo Verde']
1413,127221359,Ourofino Agronegócio,,,['Ourofino Agronegócio']
1414,60064151,Instituto de Assistencia Medica ao Servidor Publico Estadual,iamspe.sp.gov.br,http://www.iamspe.sp.gov.br/,['Instituto de Assistencia Medica ao Servidor Publico Estadual']
1415,60069950,Hospital Santa Rita,hospitalsantarita.com.br,http://www.hospitalsantarita.com.br/,['Hospital Santa Rita']
1416,100491773,ISCMPA,,,"['Iscmpa', '(iscmpa)']"
1417,100442414,Laboratório de Micologia,,,"['Laboratório De Micologia', 'Servicio De Micologia Clinica', 'Laboratório De Micologia Da Santa Casa']"
1418,126996526,Nutron/Cargill Company,,,['Nutron/cargill Company']
1419,100605116,Sete Soluções e Tecnologia Ambiental,,,"['Sete Soluções E Tecnologia Ambiental', 'Sete Soluções E Tecnologias Ambientais', 'Sete Soluções E Tecnologia Ambiental Ltda.', 'Sete Soluções E Tecnologia Ambiental Ltda', 'Sete Soloções E Tecnologia Ambiental']"
1420,115088996,Regional Nordeste,,,['Regional Nordeste']
1421,117547472,State University of Norte Fluminense Darcy Ribeiro,,,"['State University Of Norte Fluminense Darcy Ribeiro', 'State University Norte Fluminense Darcy Ribeiro', 'State Univ. Of Norte Fluminense Darcy Ribeiro']"
1422,116043490,Vale do Jaguaribe Faculty,,,['Vale do Jaguaribe Faculty']
1423,127935599,CECAV,,,['Cecav']
1424,115103129,Centro Regional de Desenvolvimento Rural Centro Norte/CRDR Centro Norte,,,['Centro Regional De Desenvolvimento Rural Centro Norte/crdr Centro Norte']
1425,60272070,"Instituto Federal de Educação, Ciência e Tecnologia Baiano - IFBaiano",ifbaiano.edu.br,https://ifbaiano.edu.br/portal,"['Instituto Federal de Educação, Ciência e Tecnologia Baiano', 'Instituto Federal de Educação, Ciência e Tecnologia Baiano - IFBaiano']"
1426,101874319,Private Veterinarian,,,['Private Veterinarian']
1427,126993071,Associação Paranaense dos Criadores de Bovinos da Raça Holandesa,,,['Associação Paranaense Dos Criadores De Bovinos Da Raça Holandesa']
1428,115076622,Vida Reprodutiva Consultoria S/S LTDA,,,['Vida Reprodutiva Consultoria S/s Ltda']
1429,108167475,School of Veterinary Medicine and Animal Science,,,"['School Of Veterinary Medicine And Animal Science', 'School Of Animal Science And Food Engineering']"
1430,100898351,Laboratory of Medical Investigation 54 (LIM-54),,,[]
1431,112927923,Secretaria de Estado de Saúde de Minas Gerais,,,[]
1432,115403296,Centro,,,['Centro']
1433,126976208,Federal Rural University of Amazonia (UFRA),,,['Federal Rural University Of Amazonia (ufra)']
1434,125381486,Center for Equine Reproduction and Medicine,,,['Center For Equine Reproduction And Medicine']
1435,126991882,Nova Odessa,,,['Nova Odessa']
1436,60010295,Universidade Santa Ursula,usu.br,http://www.usu.br,"['Saint Ursula University', 'Universidade Santa Ursula']"
1437,60044766,"Museu de Ciencias Naturais, Porto Alegre",fzb.rs.gov.br,http://www.fzb.rs.gov.br/museu/,"['Museu de Ciencias Naturais, Porto Alegre']"
1438,60045669,Fundacao Zoobotanica do Rio Grande do Sul,fzb.rs.gov.br,http://www.fzb.rs.gov.br/,['Fundacao Zoobotanica do Rio Grande do Sul']
1439,115043499,Instituto de Criminalística,,,[]
1440,60040968,CPqD Telecom and IT Solutions,cpqdusa.com,http://www.cpqdusa.com/index.html,['CPqD Telecom and IT Solutions']
1441,112643865,Instituto Mato-Grossense do Algodão,,,"['Instituto Mato-grossense Do Algodão', 'Instituto Matogrossense Do Algodão', 'Instituto Mato-grossense Do Algodão (ima-mt)', 'Instituto Mato-grossense Do Algodão (ima)']"
1442,113166943,State University of Southwest Bahia,,,[]
1443,109344751,Federal Institute of Bahia,,,[]
1444,108958389,AGROPALMA Company,,,"['Grupo Agropalma', 'Agropalma Company', 'Agropalma', 'Grupo Agropalma S/a', 'Agropalma S.a.']"
1445,129204725,Universidade de Pernambuco,,,['Universidade De Pernambuco']
1446,60069365,Centro de Tecnologia Canavieira,ctc.com.br,https://ctc.com.br/en/,[]
1447,101013679,Departamento de Ecologia e Zoologia,,,"['Departamento De Ecologia E Zoologia', 'Departamento De Ecologia E Zoologia Bioquímica']"
1448,126659562,Federal Institute of Education,,,"['Federal Institute Of Education', 'Federal Institution Of Education']"
1449,102021425,DCNAT-UFSJ,,,"['Dcnat-ufsj', 'Dcnat - Ufsj', 'Dcnat/ufsj']"
1450,60069359,"Instituto Federal de Educação, Ciência e Tecnologia Sul-rio-grandense (IFSul)",ifsul.edu.br,http://www.ifsul.edu.br/,"['Centro Federal de Educacao Tecnologica de Pelotas', 'Instituto Federal de Educação, Ciência e Tecnologia Sul-rio-grandense (IFSul)']"
1451,116114906,Pole Midwest,,,['Pole Midwest']
1452,117478302,Federal Institute of Southern Minas Gerais,,,"['Federal Institute Of Southern Minas Gerais', 'University Of Minas Gerais', 'Minas South Federal Institute Of Science And Technology', 'Federal Institute Of The South Of Minas Gerais', 'Federal Institute Of South Of Minas Gerais']"
1453,116124848,Fundação Centro Brasileiro de Proteção e Pesquisa das Tartarugas Marinhas,,,['Fundação Centro Brasileiro De Proteção E Pesquisa Das Tartarugas Marinhas']
1454,60012729,Instituto Nacional de Pesquisas Espaciais,gov.br,https://www.gov.br/inpe/pt-br,[]
1455,60202990,Centro Nacional de Monitoramento e Alertas de Desastres Naturais (Cemaden),cemaden.gov.br,http://www.cemaden.gov.br/,"['Centro Nacional de Monitoramento e Alertas de Desastres Naturais', 'Centro Nacional de Monitoramento e Alertas de Desastres Naturais (Cemaden)', 'National Center for Monitoring and Natural Disaster Alerts (Cemaden)']"
1456,115797025,National Center for Monitoring and Warnings of Natural Disasters,,,[]
1457,60106854,Suzano Papel e Celulose,suzano.com.br,,"['Suzano Pulp and Paper', 'Suzano Papel e Celulose']"
1458,113626859,Rua Dr. Mario de Nucci 500,,,"['Rua Dr. Mario De Nucci 500', 'R. Mario De Nucci', 'Rua Mário De Nucci 500', 'Rua Mário De Nucci', 'Rua Doutor Mário De Nucci 500', 'R. Mario De Nucci 500', 'Rua Doutor Mário De Nucci', 'Rua Mario De Nucci 500']"
1459,115220925,Faculdade de Desenvolvimento do Rio Grande do Sul (FADERGS),,,"['Faculdade De Desenvolvimento Do Rio Grande Do Sul (fadergs)', 'Faculdade De Desenvolvimento Do Rio Grande Do Sul', 'Secretaria De Saúde Do Rio Grande Do Sul', 'Faculdade Estácio Do Rio Grande Do Sul']"
1460,109527240,Instituto de Estudos Ambientais,,,"['Instituto De Estudos Ambientais', 'Mater Naturainstituto De Estudos Ambientais', 'Mater Natura-instituto De Estudos Ambientais', 'Mater Natura Instituto De Estudos Ambientais', 'Mater Natura - Instituto De Estudos Ambientais', 'Instituto De Estudos Amazônicos']"
1461,116109720,Cia Ambiental,,,['Cia Ambiental']
1462,60281054,Universidade UniCesumar,unicesumar.edu.br,https://www.unicesumar.edu.br/english/,"['UniCesumar', 'Universidade Cesumar', 'University Center of Maringá', 'Universidade UniCesumar']"
1463,110815979,Technological Development Park (PADETEC),,,"['Technological Development Park (padetec)', 'Technological Development Park Of Ceará State (padetec)', 'Park Of Technology Development', 'Padetec – Technological Development Park']"
1464,112766777,State University of Acaraú Valley,,,"['State University Of Acaraú Valley', 'State University Of Acarau Valley', 'State University Of Acaraú Valley (uva)', 'State University Of Valley Acaraú', 'State University Of Valley Acaraú (uva)', 'State University Valley Acarau', 'State University Of Valey Of Acaraú', 'State University Of The Acarau Valley', 'State University Of Acaraú Valey', 'State University Acaraú Valley']"
1465,127881008,Federal University from Paraíba State,,,['Federal University From Paraíba State']
1466,115802973,Neogennium Technologies,,,['Neogennium Technologies']
1467,124755767,Environmental Consultant,,,['Environmental Consultant']
1468,113727379,Santa Catarina State Health Department (SES/SC),,,"['Santa Catarina State Health Department (ses/sc)', 'Santa Catarina State Department Of Health', 'Santa Catarina State Department', 'Santa Catarina State']"
1469,107294863,National Soybean Research Center,,,"['National Soybean Research Center', 'Embrapa - National Soybean Center']"
1470,110240119,JBRJ,,,['Jbrj']
1471,60120641,FAE Centro Universitário,fae.edu,https://fae.edu/,['FAE Centro Universitário']
1472,117139798,University of Paraná Estate,,,['University of Paraná Estate']
1473,117139813,Proterra Foundation,,,[]
1474,124779611,Instituto Federal de Educação,,,"['Instituto Federal De Educação', 'Instituto Federal De Educacao']"
1475,109621365,Center for International Forestry Research,,,"['Center For International Forestry Research', 'Center For International Forestry Research (cifor)']"
1476,112982008,Fisheries and Food Institute,,,"['Fisheries And Food Institute', 'Fisheries And Foodinstitute']"
1477,116476587,Fazenda Mumbecas Flores Tropicais,,,['Fazenda Mumbecas Flores Tropicais']
1478,116476387,Secretaria Municipal de Educação de Caxias do Sul,,,['Secretaria Municipal de Educação de Caxias do Sul']
1479,116476406,Faculdade de Filosofia e Ciências Humanas de Goiatuba,,,[]
1480,60282882,CMPC,cmpc.com,https://www.cmpc.com/en/,[]
1481,116370312,Doutor da Celulose Nipo-Brasileira S.A.,,,['Doutor da Celulose Nipo-Brasileira S.A.']
1482,115791422,Instituto Capixaba de Pesquisa,,,"['Instituto Capixaba De Pesquisa', 'Instituto De Pesquisa']"
1483,114874351,Center for International Forestry Research,,,"['Center For International Forestry Research', 'Center For International Forestry Research (cifor)']"
1484,116308146,Agrocinco,,,[]
1485,60271972,"Instituto Federal de Educação, Ciência e Tecnologia do Tocantins (IFTO)",ifto.edu.br,http://www.ifto.edu.br/palmas,"['Instituto Federal de Educação, Ciência e Tecnologia do Tocantins (IFTO)', 'Federal Institute of Education, Science and Technology of Tocantins', 'Instituto Federal do Tocantins', 'Instituto Federal de Educação, Ciência e Tecnologia do Tocantins']"
1486,116308063,Nutroeste Rações Nutrição Animal LTDA,,,['Nutroeste Rações Nutrição Animal LTDA']
1487,116308537,Laboratório de Pesquisa em Organismos Aquáticos PUC-GO,,,"['Laboratório de Pesquisa em Organismos Aquáticos', 'Laboratório de Pesquisa em Organismos Aquáticos PUC-GO']"
1488,113801809,Ecology and Culture Study Group,,,['Ecology and Culture Study Group']
1489,60290330,IPÊ – Instituto de Pesquisas Ecológicas,ipe.org.br,https://ipe.org.br/en/,['IPÊ – Instituto de Pesquisas Ecológicas']
1490,116269322,Instituto Organização Consciência Ambiental (ORCA),,,['Instituto Organização Consciência Ambiental (ORCA)']
1491,116269309,National Center of Research and Bird Conservation (CEMAVE),,,['National Center Of Research And Bird Conservation (cemave)']
1492,106674021,Faculdade Prudente de Moraes,,,"['Faculdade Prudente de Moraes', 'Faculdade de Presidente Prudente']"
1493,101738169,U.P.A. Laboratório de Mirmecologia,,,"['Laboratório De Mirmecologia', 'U.p.a. Laboratório De Mirmecologia']"
1494,113692608,Centro de Estudos da Biodiversidade,,,['Centro De Estudos Da Biodiversidade']
1495,110211285,Instituto de Estudos Socioambientais do Sul da Bahia (IESB),,,[]
1496,112816008,Bicho do Mato Instituto de Pesquisa,,,[]
1497,100544184,Instituto Florestal de São Paulo,,,[]
1498,114699172,MAPA,,,"['Mapa', 'Mapas', 'Mapa/procafé']"
1499,60113474,Syngenta Proteção de Cultivos Ltda,syngenta.com.br,https://www.syngenta.com.br/,['Syngenta Proteção de Cultivos Ltda']
1500,116155599,Instituto de Pesquisas Científicas e Tecnológicas do Amapá (IEPA) Macapá,,,"['Instituto De Pesquisas Científicas E Tecnológicas Do Amapá - Iepa', 'Instituto De Pesquisas Científicas E Tecnológicas Do Amapá (iepa) Macapá']"
1501,114175886,Independent Researcher,,,['Independent Researcher']
1502,116154788,Jardim Botânico Plantarum,,,"['Jardim Botânico Plantarum', 'Jardim Botanico Plantarum']"
1503,100373646,Museu de Biologia Mello Leitão,,,"['Museu De Biologia Mello Leitão', 'Museu De Biologia Prof. Mello Leitão', 'Museu De Biologia Mello Leitao', 'Museu De Biologia Professor Mello Leitão', 'Museu De Biol. Prof. Mello Leitao', 'Museu De Biologia Professor Mello Leitão (mbml)', 'Museu De Biologia Prof. Mello Leitão (mbml)', 'Museu De Biologia Prof. Mello Leitao', 'Mus.biol.mello Leitao', 'Sociedade Dos Amigos Do Museu De Biologia Mello Leitão']"
1504,112584610,Bahia Specialty Cellulose/Copener Florestal Ltda.,,,"['Bahia Specialty Cellulose/copener Florestal Ltda.', 'Copener Florestal Ltda', 'Bahia Specialty Cellulose/copener Florestal Ltda', 'Bahia Speciality Cellulose/copener Florestal Ltda']"
1505,105994931,Fundação Pró Tamar,,,[]
1506,116142850,Centro Nacional de Conservação e Manejo de Tartarugas Marinhas,,,['Centro Nacional De Conservação E Manejo De Tartarugas Marinhas']
1507,116142799,Projeto TAMAR-ICMBio,,,['Projeto Tamar-icmbio']
1508,124537442,University of the State of Santa Catarina (UDESC),,,"['Universidade Estadual De Santa Catarina (udesc)', 'University Of The West Of Santa Catarina', 'University Of The State Of Santa Catarina (udesc)', 'University Of The Santa Catarina State', 'University Of State Of Santa Catarina. Udesc', 'University Of Santa Catarina State', 'University Of Santa Catarina (udesc)', 'State University Of Santa Catarina (udesc/ceo)']"
1509,105845468,UNIR,,,['Unir']
1510,116118901,Coordenação técnica de Ruminantes Poli-Nutri Nutrição Animal Vila Menk,,,['Coordenação Técnica De Ruminantes Poli-nutri Nutrição Animal Vila Menk']
1511,120288256,Marine Biotechnology Division,,,['Marine Biotechnology Division']
1512,116075241,Perkin-Elmer do Brasil,,,"['Perkinelmer', 'Perkin-elmer Do Brasil']"
1513,114416919,Instituto Federal do Mato Grosso do Sul (IFMS),,,[]
1514,60012286,Monsanto Company,,,['Monsanto Company']
1515,116068658,Dow AgroSciences Brasil,,,['Dow AgroSciences Brasil']
1516,100664893,UEPB,,,"['Uepb', 'Dm-uepb']"
1517,114713645,Coral-Sol Research,,,"['The Coral-Sol Research', 'Projeto Coral-Sol', 'Coral-Sol Research']"
1518,115538764,Federal Institute South Riograndense,,,"['Federal Institute South Riograndense', 'Federal Institute Riograndense South', 'Federal Inst. South Riograndense']"
1519,100683686,Universidade Regional Integrada,,,"['Universidade Regional Integrada', 'Universidade Regional Integrada (uri)', 'Universidade Regional', 'Universidad Regional Integrada Del']"
1520,113211444,Instituto de Pesquisas,,,[]
1521,112668536,Instituto Nacional do Semiárido,,,[]
1522,111405378,Instituto Federal Goiano-Câmpus Posse,,,['Instituto Federal Goiano-câmpus Posse']
1523,126182838,Goiano Federal Institute – Rio Verde Campus,,,[]
1524,116012825,Fundação Procafè,,,"['Fundação Procafè', 'Foundation Procafé']"
1525,112117875,Centro Universitário do Espírito Santo (UNESC),,,[]
1526,121242396,Vigilância Ambiental,,,['Vigilância Ambiental']
1527,115989831,Coamo,,,"['Coamo', 'COAMO']"
1528,112440512,PROOCEANO Serviço Oceanográfico,,,"['Prooceano Serviço Oceanográfico', 'Prooceano Serviço Oceanogràfico', 'Prooceano Servicxo Oceanográfico']"
1529,112650343,Instituto Biodiversidade Marinha,,,['Instituto Biodiversidade Marinha']
1530,115972894,Empresa de Pesquisa Agropecuária e Extensão Rural de Santa Catarina (CEPAF/EPAGRI),,,['Empresa De Pesquisa Agropecuária E Extensão Rural De Santa Catarina (cepaf/epagri)']
1531,122297522,Centro de Pesquisa e Conservação da Biodiversidade do Nordeste,,,['Centro De Pesquisa E Conservação Da Biodiversidade Do Nordeste']
1532,112739638,Centro de Pesquisas do Cacau (CEPEC),,,"['Centro De Pesquisas Do Cacau (cepec)', 'Ceplac/centro De Pesquisas Do Cacau Cepec', 'Centro De Pesquisas Do Cacau - Herbário Cepec', 'Centro De Pesquisas Do Cacau (cepec)/ceplac', 'Centro De Pesquisa Do Cacau-cepec', 'Centro De Pesquisa Do Cacau (cepec) Ceplac']"
1533,119500193,Fundação Brasileira para o Desenvolvimento Sustentável,,,[]
1534,120056169,Conservation International do Brasil,,,"['Conservation International Do Brasil', 'Conservation International']"
1535,127286198,Instituto Florestal de SP,,,"['Instituto Florestal De Sp', 'Instituto Florestal']"
1536,113004173,Instituto Agronômico de Pernambuco,,,"['Instituto Agronômico De Pernambuco', 'Instituto Agronômico De Pernambuco (ipa)', 'Instituto Agronômico De Pernambuco/ipa', 'Instituto Agronômico De Pernambuco-ipa', 'Ipa- Instituto Agronômico De Pernambuco', 'Ipa - Instituto Agronômico De Pernambuco', 'Instituto Agronômico De Pernambuco – Ipa', 'Instituto Agronómico De Pernambuco (ipa)', 'Inst. Agronômico De Pernambuco']"
1537,115902612,Hatchery Department,,,['Hatchery Department']
1538,112855413,Centro de Citricultura Sylvio Moreira,,,"['Centro De Citricultura Sylvio Moreira', 'Centro De Citricultura Sylvio Moreira-apta']"
1539,115753315,Environmental Secretariat of Extrema,,,['Environmental Secretariat of Extrema']
1540,100451412,Instituto Rio Grandense do Arroz,,,"['Instituto Rio Grandense Do Arroz', 'Instituto Riograndense Do Arroz', 'Instituto Rio Grandense Do Arroz - Irga', 'Instituto Rio-grandense Do Arroz', 'Irga -estação Experimental Do Arroz. Instituto Rio Grandense Do Arroz', 'Instituto Rio Grandense Do Arroz-irga', 'Instituto Rio Grandense Do Arroz Irrigado']"
1541,127258524,Water and Climate Agency of the State of Pernambuco,,,['Water And Climate Agency Of The State Of Pernambuco']
1542,127259051,Technological Inst. of the State of Pernambuco - ITEP,,,['Technological Inst. Of The State Of Pernambuco - Itep']
1543,127258497,National Inst. of Amazonian Research - INPA,,,['National Inst. Of Amazonian Research - Inpa']
1544,112727474,Instituto de Manejo e Certificação Florestal e Agrícola,,,"['Instituto De Manejo E Certificação Florestal E Agrícola', 'Instituto De Manejo E Certificação Florestal E Agrícola - Imaflora', 'Instituto De Manejo E Certificação Florestal E Agrícola (imaflora)', 'Instituto De Manejo E Certificação Florestal E Agrícola – Imaflora', 'Instituto De Manejo E Certificação Florestal (imaflora)', 'Instituto De Manejo E Certificacao Florestal E Agrícola (imaflora)']"
1545,126696258,Instituto Biológico,,,['Instituto Biológico']
1546,100832579,Fisheries and Food Institute,,,"['Fisheries And Food Institute', 'Fisheries And Food Institute (fifo)', 'Fifo - Fisheries And Food Institute']"
1547,112795978,Federal Institute of São Paulo,,,[]
1548,60069373,EPAGRI - Empresa de Pesquisa Agropecuária e Extensão Rural de Santa Catarina S.A.,epagri.rct-sc.br,,['EPAGRI - Empresa de Pesquisa Agropecuária e Extensão Rural de Santa Catarina S.A.']
1549,127289024,Universidade Estado Do Rio de Janeiro,,,['Universidade Estado Do Rio De Janeiro']
1550,115031160,Centre for Management of Technology and Innovation,,,['Centre For Management Of Technology And Innovation']
1551,100779655,Instituto de Pesquisas e Estudos Florestais,,,"['Instituto De Pesquisas E Estudos Florestais', 'Instituto De Pesquisas E Estudos Florestais (ipef)', 'Inst. De Pesq. E Estudos Florestais', 'Ipef - Instituto De Pesquisas E Estudos Florestais', 'Instituto De Pesquisa E Estudos Florestais']"
1552,115014821,Laboratório MercoLab,,,"['Laboratório Mercolab', 'Mercolab Laboratórios Ltda', 'Mercolab Laboratórios', 'Mercolab Laboratories']"
1553,107742505,Ministério do Meio Ambiente,,,"['Ministério Do Meio Ambiente', 'Ministério Do Meio Ambiente (mma)', 'Analista Ambiental Do Ministério Do Meio Ambiente', 'Técnico Do Ministério Do Meio Ambiente', 'Ministério Do Meio Ambiente. Esplanada Dos Ministérios', 'Ministério Do Meio Ambiente E Da Amazonia Legal', 'Ministério Do Meio Ambiente - Mma', 'M.sc. Do Ministério Do Meio Ambiente']"
1554,118992472,Laboratório de Zoologia,,,['Laboratório De Zoologia']
1555,116452355,Service Inspection of Agricultural Products,,,['Service Inspection Of Agricultural Products']
1556,115392124,Agricultural Research and Rural Extension Company of Santa Catarina (CEPAF/EPAGRI),,,"['Agricultural Research And Rural Extension Company Of Santa Catarina (cepaf/epagri)', 'Research And Rural Extension Company Of Santa Catarina (cepaf/epagri)', 'Research And Rural Extension Company Of Santa Catarina']"
1557,115341418,Western Paraná State University - Postgraduation Program,,,['Western Paraná State University - Postgraduation Program']
1558,115259628,Faculdade de Tecnologia do Cariri,,,['Faculdade De Tecnologia Do Cariri']
1559,100491265,URCA,,,['URCA']
1560,125934684,IAA-PLANALSUCAR Institute of Sugar and Alcohol,,,['Iaa-planalsucar Institute Of Sugar And Alcohol']
1561,100885093,Laboratorio de Vertebrados,,,"['Departamento de Vertebrados', 'Laboratório de Vertebrados', 'Laboratorio de Vertebrados']"
1562,60271304,Instituto Federal do Norte de Minas Gerais,ifnmg.edu.br,https://www.ifnmg.edu.br/,"['Instituto Federal do Norte de Minas Gerais', 'Instituto Federal de Educação, Ciência e Tecnologia do Norte de Minas Gerais', 'Federal Institute of the North of Minas Gerais', 'Federal Institute of Education, Science and Technology of the North of Minas Gerais']"
1563,115418937,Genetic Fish Rise,,,['Genetic Fish Rise']
1564,60276808,Fundação do ABC,fuabc.org.br,https://fuabc.org.br/,['Fundação do ABC']
1565,116365930,Natura Innovation and Product Technology LTD,,,['Natura Innovation and Product Technology LTD']
1566,113363930,Institute of Education and Research,,,"['Institute Of Education And Research', 'Institute Of Education And Research Santa Casa', 'Education And Research Center', 'Institute Of Research And Education On Ageing', 'Institute Of Medical Education And Research', 'Institute Of Education And Research Of The Santa Casa', 'Inst. Of Res. And Education On Aging', 'Education And Research Institute (iep)']"
1567,107742850,Ezequiel Dias Foundation,,,[]
1568,107945781,Instituto de Ensino e Pesquisa da Santa Casa,,,[]
1569,109930924,FACIPLAC,,,"['Faciplac', 'School Of Medicine Faciplac']"
1570,60290086,Instituto de Neurociências e Comportamento,,,[]
1571,60025515,Centro Universitario Newton Paiva,newtonpaiva.br,http://www.newtonpaiva.br,"['Newton Paiva University Centre', 'Centro Universitario Newton Paiva']"
1572,115791495,Phytobios,,,['Phytobios']
1573,119174649,BMS,,,['BMS']
1574,119174481,ISPE,,,['ISPE']
1575,112604561,Salgado Oliveira University,,,"['Salgado Oliveira University', 'Universidade Salgado Oliveira', 'Univesidade Salgado De Oliveira', 'University Salgado De Oliveira - Universo', 'University Of Salgado De Oliveira']"
1576,107896721,University of Montes Claros,,,[]
1577,116405657,Neuroscience Laboratory of Exercise (LaNEx),,,['Neuroscience Laboratory of Exercise (LaNEx)']
1578,116405641,Fisioprime Clinic of Physiotherapy,,,"['Fisioprime Physiotherapy Clinic', 'Fisioprime Clinic of Physiotherapy']"
1579,108662740,Instituto Brasileiro de Medicina e Reabilitação,,,"['Instituto Brasileiro De Medicina E Reabilitação', 'Instituto Brasileiro De Medicina E Reabilitação (ibmr)', 'Instituto Brasileiro De Medicina De Reabilitação', 'Instituto Brasileiro De Medicina Reabilitação (ibmr)', 'Instituto Brasileiro De Medicina De Reabilitação Laureate Universities', 'Instituto Brasileiro De Medicina De Reabilitação (ibmr)', 'Instituto Brasileiro De Medicina Da Reabilitação', 'Centro Universitário Do Instituto Brasileiro De Medicina De Reabilitação']"
1580,116405258,Exercise Fisiology Laboratory of Brazilian Institute of Rehabilitation Medicine (LAFExI),,,['Exercise Physiology Laboratory Of Brazilian Institute Of Rehabilitation Medicine']
1581,116405384,Brazilian Institute of Medicine of Rehabilitation,,,[]
1582,124651510,Physical Education Department of President Antônio Carlos University,,,[]
1583,113320709,Instituto de Ensino e Pesquisa da Santa Casa de Belo Horizonte (IEP/SCBH),,,"['Instituto De Ensino E Pesquisa Da Santa Casa De Belo Horizonte (iep/scbh)', 'Instituto De Ensino E Pesquisa Da Santa Casa De Belo Horizonte', 'Ensino E Pesquisa Da Santa Casa De Belo Horizonte', 'Santa Casa De Belo Horizonte: Instituto De Ensino E Pesquisa', 'Santa Casa De Belo Horizonte Instituto De Ensino E Pesquisa', 'Núcleo De Pós-graduação E Pesquisa Da Santa Casa De Belo Horizonte', 'Instituto De Ensino E Pesquisa Da Santa Casa De Belo Horizonte - Iep/scbh']"
1584,101919991,Nectar Farmaceutica,,,"['Pharma Néctar', 'Nectar Pharmaceuticals', 'Nectar Farmaceutica']"
1585,116366412,Pharmanectar,,,['Pharmanectar']
1586,100401801,TECPAR,,,['Tecpar']
1587,115989980,Clinical analysis laboratory Hematology,,,"['Clinical analysis laboratory Hematology', 'Clinical Hematological Analysis Laboratory']"
1588,115403253,Hospital Encore,,,[]
1589,107302520,Hospital Bandeirantes,,,"['Hospital Bandeirantes', 'Bandeirantes Hospital', 'Hosp. Bandeirantes']"
1590,60069322,Hospital Santa Izabel,santacasaba.org.br,,['Hospital Santa Izabel']
1591,60059593,Hospital Santa Marcelina,santamarcelina.org,http://www.santamarcelina.org/,['Hospital Santa Marcelina']
1592,112602696,Hospital Cardiológico Costantini,,,"['Hospital Cardiológico Costantini', 'Hospital Cardiologico Costantini']"
1593,107853721,Instituto Boto Cinza,,,"['Projeto Boto Cinza', 'Instituto Boto Cinza', 'Projeto Boto-cinza', 'Instituto Boto-cinza']"
1594,115341210,MedInsight Decisions Health Care,,,['MedInsight Decisions Health Care']
1595,112445887,Boehringer Ingelheim do Brasil,,,"['Boehringer Ingelheim Do Brasil', 'Boehringer Ingelheim Animal Health Do Brasil Ltda', 'Boehringer Ingelheim Animal Health', 'Boehringer Ingelheim', 'Boehringer-ingelheim Animal Health Do Brasil', 'Boehringer Ingelheim Do Brasil Química E Farmacêutica', 'Boehringer Ingelheim Do Brasil Qf Ltd', 'Boehringer Ingelheim Brasil', 'Boehringer Ingelheim Animal Health Do Brasil']"
1596,101896999,Brazilian Institute of Medicine and Rehabilitation (IBMR),,,[]
1597,110148937,National Institute of Science and Technology in Nanobiopharmaceutics,,,[]
1598,115951798,Centro de Ciências Biológicas e da Saúde (CCBS),,,['Centro De Ciências Biológicas E Da Saúde (ccbs)']
1599,115971888,Laboratório de Genética de Microrganismos,,,['Laboratório De Genética De Microrganismos']
1600,107071858,University of Itajai Valley,,,[]
1601,60101673,"Instituto Federal de Educação, Ciência e Tecnologia do Amazonas",,,"['Instituto Federal de Educação, Ciência e Tecnologia do Amazonas']"
1602,60038672,Galeno Research Unit,galenoresearch.com,http://www.galenoresearch.com/,['Galeno Research Unit']
1603,112876454,Instituto Federal do Sertão Pernambucano,,,[]
1604,121240214,Pesquisa e Extensão de Vitória/Multivix,,,"['Pesquisa E Extensão Sa-multivix', 'Pesquisa E Extensão De Vitória/multivix']"
1605,109546232,Hospital Universitário Edgard Santos,,,[]
1606,113083213,National Institute of Science and Technology in Tropical Diseases (INCT-DT),,,[]
1607,100920612,Faculty of Technology and Sciences of Bahia,,,"['Faculty Of Technology And Sciences Of Bahia', 'Faculty Of Technology And Sciences', 'School Medicine Of Faculty Of Technology And Sciences', 'Faculty Of Technology', 'Faculty Of Science And Technology', 'College Of Science And Technology In Salvador', 'College Of Science And Technology', 'Academy Of Science Of Bahia']"
1608,112881042,Instituto Nacional de Ciência e Tecnologia,,,[]
1609,107332575,Centro Hospitalar Unimed,,,[]
1610,60084128,Hospital Dona Helena,,,['Hospital Dona Helena']
1611,113643114,Hospital Veterinário,,,"['Hospital Escola Veterinário', 'Hospital Veterinário']"
1612,110109993,Hospital Universitário Maria Aparecida Pedrossian,,,[]
1613,118272521,Center of Innovation and Preclinical Studies,,,['Center of Innovation and Preclinical Studies']
1614,100355508,Hospital Universitário João de Barros Barreto,,,[]
1615,115879148,Universidade Luterana do Brazil (ULBRA),,,['Universidade Luterana Do Brazil (ulbra)']
1616,115893178,Universidade Estadual da Paraíba (UEPB),,,"['Universidade Estadual Da Paraíba (uepb)', 'Paraíba State University (uepb)']"
1617,117802949,Instituto Nacional de Ciência e Tecnologia (INCT/CNPq),,,['Instituto Nacional de Ciência e Tecnologia (INCT/CNPq)']
1618,113760506,Planitox - The Science-Based Toxicology Company - Campinas,,,"['Planitox-The Science-based Toxicology Company', 'Planitox - The Science-based Toxicology Company', 'Planitox - The Science-Based Toxicology Company - Campinas']"
1619,100854800,Universitary Hospital of Santa Maria,,,"['Universitary Hospital Of Santa Maria', 'Universitary Hospital Of Santa Maria (husm)']"
1620,113178008,Federal University of São João Del Rey,,,"['Federal University Of São João Del Rey', 'Federal University Of São João Del-rey', 'University Of São João Del-rei', 'University Of São João Del Rei', 'Univ. Of Sao Joao Del-rei (ufsj)', 'São João Del Rei Federal University', 'Federal University Of São João-del-rey']"
1621,111375718,Universidade do Oeste do Paraná (UNIOESTE). Cascavel,,,"['Universidade Estadual Oeste Do Paraná-unioeste', 'Universidade Estadual Oeste Do Paraná (unioeste)', 'Universidade Estadual Do Oeste Paraná (unioeste)', 'Universidade Estadual Do Oeste (unioeste) Do Paraná', 'Universidade Do Oeste Do Paraná (unioeste). Cascavel']"
1622,113214571,Federal University São João Del-Rei,,,[]
1623,113172885,Federal Rural University of Amazônia,,,"['Federal Rural University Of Amazônia', 'Federal Rural University Of Amazonia', 'University Federal Rural Of The Amazon', 'University Federal Rural Of Amazônia']"
1624,113760122,Discipline of Immunology,,,"['Discipline Of Immunology', 'Obstetric And Discipline Of Immunology']"
1625,60194534,Universidade Estadual de Roraima,uerr.edu.br,https://www.uerr.edu.br/,"['Universidade Estadual de Roraima', 'State University of Roraima']"
1626,115927132,Laboratório Fitoterápico de Picos (LAFIPI),,,['Laboratório Fitoterápico De Picos (lafipi)']
1627,127287425,Curso de Farmácia,,,['Curso De Farmácia']
1628,126364482,Instituto Federal de Educação,,,[]
1629,113018822,Instituto do Câncer do Estado de São Paulo,,,"['Instituto Do Câncer Do Estado De São Paulo', 'Instituto Do Cancer Do Estado De São Paulo', 'Oncology Center Instituto Do Cancer Do Estado De Sao Paulo', 'Instiuto Do Cancer Do Estado De São Paulo', 'Instituto Do Câncer Do Estado De São Paulo.', 'Instituto Do Câ Ncer Do Estado De Sã O Paulo', 'Instituto Do Cancer Do Estadode Sao Paulo', 'Instituto De Câncer Do Estado De São Paulo', 'Institute Of Cancer Do Estado De Sao Paulo', 'Coordenadora Do Instituto Do Sono De São Paulo']"
1630,109188172,National Institute for Translational Medicine,,,"['National Institute For Translational Medicine', 'National Institute For Translational Neuroscience', 'National Institutes For Translational Medicine', 'National Institute Of Science And Technology For Translational Medicine']"
1631,112646038,School of Pharmaceutical Sciences of Ribeirão Preto,,,"['School Of Pharmaceutical Sciences Of Ribeirão Preto', 'School Of Pharmaceutical Sciences Of Ribeirao Preto', 'Toxicology And Food Science Of The School Of Pharmaceutical Sciences Of Ribeirão Preto', 'School Of Pharmaceutical Sciences Of Ribeirão Preto–usp', 'School Of Pharmaceutical Sciences From Ribeirão Preto', 'School Of Pharmaceutical Sciences At Ribeirao Preto']"
1632,115861384,Instituto Estadual de Pesquisa do Amapá (IEPA),,,['Instituto Estadual de Pesquisa do Amapá (IEPA)']
1633,108087919,Criminalistics Institute of São Paulo,,,[]
1634,115748359,Faculdade da Saude e Ecologia,,,['Faculdade da Saude e Ecologia']
1635,112751938,Instituto Nacional de Ciência e Tecnologia de Biologia Estrutural e Bioimagem,,,"['Instituto Nacional De Ciência E Tecnologia De Biologia Estrutural E Bioimagem', 'Centro Nacional De Biologia Estrutural E Bioimagem', 'Instituto Nacional De Ciência E Tecnologia De Biologia Estrutural E Bioimagem (inct-inbeb)', 'Instituto Nacional De Ciencia E Tecnologia De Biologia Estrutural E Bioimagem', 'Centro Nacional De Biologia Estrutural E Bioimagem (cenabio)', 'Centro De Biologia Estrutural E Bioimagem']"
1636,101899071,Hospital Santa Luzia,,,"['Hospital Santa Luzia', 'Santa Luzia Hospital', 'Hospital Santa Luzia Rede D´or']"
1637,127261842,Laboratory of Anaesthesiology LIM 8,,,['Laboratory Of Anaesthesiology Lim 8']
1638,116794447,Laboratory for Cell Biology LIM 59,,,['Laboratory For Cell Biology Lim 59']
1639,112578069,Methodist University Center IPA,,,"['Methodist University Center Ipa', 'Ipa Methodist University Center', 'Methodist University - Ipa', 'Methodist University Ipa', 'Methodist University Center-ipa', 'Methodist University Center – Ipa', 'Methodist University Center - Ipa', 'Methodist University Center (ipa)', 'University Methodist Center Ipa', 'Methodist University Of South-ipa']"
1640,108768151,Instituto Nacional de Ciência e Tecnologia em Biologia Estrutural e Bioimagem,,,[]
1641,118340572,Instituto Nacional de Ciência e Tecnologia em Neurociência Translacional,,,['Instituto Nacional De Ciência E Tecnologia Em Neurociência Translacional']
1642,115624270,UNICENTRO - Universidade Estadual do Centro,,,['Unicentro - Universidade Estadual Do Centro']
1643,60022246,Universidade de Itauna,uit.br,http://www.uit.br,"['University of Itauna', 'Universidade de Itauna']"
1644,109491709,National Institute of Criminalistics,,,"['National Institute Of Criminalistics', 'Criminalistic Institute', 'Criminalistics Institute', 'National Institute Of Criminalistics/federal Police', 'National Institute Of Criminalistics, Inc Building', 'Institute Of Criminalistics', 'Institute Of Criminalistic']"
1645,122394962,Faculdade Leão Sampaio-CE-FALS,,,['Faculdade Leão Sampaio-ce-fals']
1646,114964366,School of Juazeiro do Norte,,,"['Juazeiro Do Norte', 'School Of Juazeiro Do Norte', 'University Center Of Juazeiro Do Norte', 'Faculty Of Juazeiro Do Norte']"
1647,129275991,Lychnoflora Pesquisa and Desenvolvimento em Produtos Naturais LTDA,,,['Lychnoflora Pesquisa And Desenvolvimento Em Produtos Naturais Ltda']
1648,115640330,Universidade Estadual Júlio de Mesquita Melo,,,"['Universidade Estadual Júlio De Mesquita Melo', 'Universidade Estadual Júlio De Mesquita']"
1649,105941412,Centro Universitário Estadual da Zona Oeste (UEZO),,,"['Centro Universitário Estadual Da Zona Oeste (uezo)', 'Centro Universitário Estadual Da Zona Oeste - Uezo', 'Fundação Centro Universitário Estadual Da Zona Oeste (uezo)', 'Centro Universitário Estadual Da Zona Oeste-uezo', 'Centro Universitário Estadual Da Zona Oeste', 'Universidade Estadual Da Zona Oeste - Uezo', 'Universidade Estadual Da Zona Oeste (uezo)', 'Fundação Centro Universitário Estadual Da Zona Oeste-uezo', 'Centro Universitário Estadual Da Zona Oeste/uezo', 'Centro Universitário Da Zona Oesteuezo']"
1650,100400265,Grupo Hospitalar Conceição,,,[]
1651,116765760,Faculty of Medicine of Marília,,,['Faculty of Medicine of Marília']
1652,132404448,Pontifícia Universidade Católica,,,[]
1653,110150060,Santa Casa of Araçatuba,,,"['Santa Casa Of Araçatuba', 'Santa Casa De Misericórdia De Araçatuba', 'Santa Casa De Araçatuba', 'Hospital Santa Casa De Misericórdia De Araçatuba']"
1654,115559626,Libbs Farmacêutica,,,"['Libbs Pharmaceutical', 'Libbs Farmacêutica', 'Libbs Company']"
1655,123981232,University of the Region of Joinville,,,[]
1656,115442540,Institute for Advanced Research in Neurostimulation,,,[]
1657,100593955,School of Pharmaceutical Sciences,,,"['School Of Pharmaceutical Sciences', 'School Of Pharmaceutical Sciences At Araraquara', 'Sch. Pharmaceutical Sci.']"
1658,115588083,Laboratory of Toxicology (LA TOX),,,['Laboratory of Toxicology (LA TOX)']
1659,115587946,Laboratory of Medical Synthesis Organic (LaSOM),,,['Laboratory of Medical Synthesis Organic (LaSOM)']
1660,115678139,Federal University of de Mato Grosso,,,['Federal University of de Mato Grosso']
1661,120011337,1Instituto Nacional de Cardiologia,,,['1instituto Nacional De Cardiologia']
1662,112793059,Laboratório Central de Saúde Pública do Rio de Janeiro Noel Nutels,,,"['Laboratório Central Noel Nutels. Laboratório Central Do Estado Do Rio De Janeiro', 'Laboratório Central De Saúde Pública Noel Nutels (lacen/rj)', 'Laboratório Central De Saúde Pública Noel Nutels', 'Laboratório Central De Saúde Pública Do Rio De Janeiro Noel Nutels (lacen/rj)', 'Laboratório Central De Saúde Pública Do Rio De Janeiro Noel Nutels', 'Laboratório Central De Saúde Pública Do Rio De Janeiro (lacen-rj)', 'Laboratório Central De Saúde Pública Do Rio De Janeiro', 'Laboratório Central De Saúde Pública Do Estado Do Rio De Janeiro (lacen-rj)', 'Laboratorio De Saude Publica Noel Nutels']"
1663,60021946,Universidade Vale do Rio Doce,univale.br,http://www.univale.br/capa/,"['Rio Doce Valley University', 'Universidade Vale do Rio Doce']"
1664,112658709,University of Londrina,,,[]
1665,105998677,Institute of Technology and Research (ITP),,,[]
1666,115125753,Divisão de Biologia Celular e Bioengenharia,,,['Divisão de Biologia Celular e Bioengenharia']
1667,101683267,Prefeitura do Município de São Paulo,,,[]
1668,115056659,Núcleo de Pesquisa em Doenças Negligenciadas,,,"['Núcleo de Pesquisa em Doenças Negligenciadas (NPDN/FACIG)', 'Núcleo de Pesquisa em Doenças Negligenciadas (FACIG)', 'Núcleo de Pesquisa em Doenças Negligenciadas']"
1669,109697283,Instituto Nacional de Ciência e Tecnologia: Energia and Ambiente,,,[]
1670,60029825,Fundacao Pro Sangue,prosangue.sp.gov.br,http://www.prosangue.sp.gov.br,['Fundacao Pro Sangue']
1671,115479719,Secretaría Municipal de Saúde de Assaré,,,['Secretaría Municipal De Saúde De Assaré']
1672,127241091,Refúgio Biológico Bela Vista da Itaipu Binacional,,,['Refúgio Biológico Bela Vista Da Itaipu Binacional']
1673,120767336,Cooperativa de Assessoria e Serviços Múltiplos ao Desenvolvimento Rural,,,['Cooperativa De Assessoria E Serviços Múltiplos Ao Desenvolvimento Rural']
1674,100948388,Departamento de Ciências Fisiológicas Faculdade de Ciências,,,"['Departamento De Ciências Fisiológicas', 'Departamento De Ciências Fisiológicas Faculdade De Ciências']"
1675,110023388,Emater,,,"['Emater', 'Instituto Emater']"
1676,100459463,Secretaria de Vigilância em Saúde,,,"['Secretaria De Vigilância Em Saúde', 'Secretaria De Vigilância Em Saúde E Ambiente', 'Secretaria De Vigilaîncia Em Saúde']"
1677,115470803,Faculty of Medicine of Catanduva,,,[]
1678,108042953,National Institute for Translational Medicine (INCT-TM,,,[]
1679,105409983,Institute of Chemistry,,,['Institute Of Chemistry']
1680,117446420,Laboratory of Experimental Toxicology,,,"['Laboratory of Experimental Neurology', 'Laboratory of Experimental Toxicology']"
1681,101349798,Institute of Physics,,,"['Physics Institute', 'Institute Of Physics', 'Institute Of Physical Medicine And Rehabilitation']"
1682,115064916,Brazilian Center for the Protection and Research of Sea Turtles Foundation (Pro-Tamar Foundation),,,['Brazilian Center for the Protection and Research of Sea Turtles Foundation (Pro-Tamar Foundation)']
1683,101366456,Faculty of Medicine,,,"['Faculty Of Medicine', 'National Faculty Of Medicine']"
1684,115542089,Faculdade de Ciências Aplicadas Doutor Leão Sampaio,,,['Faculdade de Ciências Aplicadas Doutor Leão Sampaio']
1685,100743931,Hospital Santa Paula,,,[]
1686,115418873,Laboratory of Neuropsychopharmacology,,,['Laboratory of Neuropsychopharmacology']
1687,115419918,Laboratory of Pharmaceutical Biology,,,['Laboratory Of Pharmaceutical Biology']
1688,60268301,Centro Universitário Internacional UNINTER,uninter.com,https://www.uninter.com/,"['Centro Universitário Internacional UNINTER', 'UNINTER International University Center']"
1689,112569535,Centro Universitário Luterano de Ji-Paraná,,,"['Centro Universitário Luterano De Ji-paraná', 'Ctro. Univ. Luterano De Ji-parana', 'Centro Universitário Luterano De Ji-paraná/ceulji', 'Centro Universitário De Ji-paraná']"
1690,115406211,Post-Graduation Prog. of Dis. Contr. Coord. of the Sec. of Public Health of the State of Sao Paulo,,,['Post-Graduation Prog. of Dis. Contr. Coord. of the Sec. of Public Health of the State of Sao Paulo']
1691,115400589,Laboratory of RandD of Drug Delivery Systems,,,['Laboratory of RandD of Drug Delivery Systems']
1692,114329332,Food and Nutrition Research Center (NAPAN),,,"['Food And Nutrition Research Center (napan)', 'Napan - Food And Nutrition Research Center', 'Food Research Center (napan)']"
1693,116160632,Discipline of Physiotherapy,,,[]
1694,112836581,Mandaqui Hospital,,,"['Mandaqui Hospital', 'Hospital Mandaqui', 'Hospital Do Mandaqui', 'Mandaqui General Hospital', 'Hospital Of Mandaqui']"
1695,60069361,"Instituto Federal de Educação, Ciência e Tecnologia de Sergipe (IFS)",ifs.edu.br,http://www.ifs.edu.br/,"['Centro Federal de Educacao Tecnologica de Sergipe', 'Instituto Federal de Educação, Ciência e Tecnologia de Sergipe (IFS)', 'Federal Institute of Education, Science and Technology of Sergipe']"
1696,127281993,Health and Well-Being,,,"['Health And Wellness', 'Health And Well-being']"
1697,115178605,Research and Study Group in Epidemiology of Physical Activity – GEPEAF,,,"['Research And Study Groups In Epidemiology Of Physical Activity - Gepeaf', 'Research And Study Group In Epidemiology Of Physical Activity – Gepeaf']"
1698,120437809,MMACP,,,['Mmacp']
1699,116456595,Estádo Pará College,,,['Estádo Pará College']
1700,116122962,Balneário Camboriú,,,['Balneário Camboriú']
1701,114739395,Fundação Catarinense de Educação Especial (FCEE),,,"['Fundação Catarinense De Educação Especial (fcee)', 'Fundação Catarinense De Educação Especial', 'Fundação Catarinense De Educação Especial - Fcee']"
1702,110244966,Departamento de Psicologia,,,['Departamento De Psicologia']
1703,114399232,Centro Universitário Adventista (UNASP),,,"['Centro Universitário Adventista (unasp)', 'Centro Universitário Adventista (unasp']"
1704,112126932,UNIP,,,"['Unip', 'Unipê', 'Unipe']"
1705,113673736,Dr. A demir C. Ruano Maternal-Fetal Clinic,,,"['Dr. Ademir C. Ruano Maternal-fetal Clinic', 'Dr. A Demir C. Ruano Maternal-fetal Clinic', 'Dr Ademir C. Ruano Maternal-fetal Clinic']"
1706,60291243,Centro Universitário UniEinstein,einsteinlimeira.com.br,https://www.einsteinlimeira.com.br/portal/public/,"['UniEinstein', 'Centro Universitário UniEinstein', 'UniEinstein University Center']"
1707,118108968,e Brazilian Paralympic Committee (Comitê Paralímpico Brasileiro - CPB),,,"['Brazilian Paralympic Committee (comitê Paraolímpico Brasileiro)', 'Brazilian Paralympic Committee (comitê Paralímpico Brasileiro']"
1708,101114283,b Centre for Psychobiology and Exercise Studies (Centro de Estudos em Psicobiologia e Exercício - CEPE),,,"['Centro De Estudos Em Psicobiologia E Exercício (cepe)', 'Centro De Estudos Em Psicobiologia E Exercício - Cepe', 'Cepe -centro De Estudos Em Psicobiologia E Exercício', 'Centro De Estudos Em Psicobiologia E Exercico - Cepe', 'Centro De Estudos Em Psicobiologia E Exerccio (cepe)', 'Centro De Estudo Em Psicobiologia Do Exercício', 'Centre For Psychobiology And Exercise Studies (centro De Estudos Em Psicobiologia E Exercício – Cepe)', 'Center Of Studies On Psychobiology And Exercise (centro De Estudos Em Psicobiologia E Exercício)']"
1709,113442856,Metropolitan College of Campinas (Metrocamp),,,"['Metropolitan College Of Campinas (metrocamp)', 'Metropolitan College Of Campinas - Devry Metrocamp', 'Metropolitan College Of Campinas', 'Integrated Metropolitan College Of Campinas (metrocamp)', 'Faculty Of Integrated Metropolitan Campinas (metrocamp)', 'Campinas Integrated Metropolitan Faculties-metrocamp']"
1710,106002531,Health Sciences School,,,"['School of Science', 'School of Sciences', 'Health Sciences School']"
1711,113911145,Neurology Clinic,,,"['Neurology Clinic', 'Neurology And Psychiatry Clinic']"
1712,101787401,Rehabilitation Center Dom Aquino Correa,,,"['Rehabilitation Center Dom Aquino Correa', 'Centro De Reabilitação Dom Aquino Correa']"
1713,113974342,MS Center Jundiai,,,['MS Center Jundiai']
1714,60105205,Army School of Physical Education,,,['Army School of Physical Education']
1715,109908859,Faculty of Odontology of São Paulo,,,"['São Paulo Faculty Of Technology', 'Faculty Of Odontology Of São Paulo', 'Technology Faculty Of São Paulo', 'Technological Faculty Of São Paulo', 'São Paulo Technology College', 'São Paulo Associate Faculty', 'Faculty Of Tecnology Of Sao Paulo', 'Faculty Of Technology Of The State Of São Paulo', 'Faculty Metodo Of São Paulo']"
1716,100852317,Sao Paulo School of Medicine,,,[]
1717,116386026,Universide Federal de Pernambuco,,,['Universide Federal De Pernambuco']
1718,128788754,Center for Physical Fitness Laboratory Studies of São Caetano Do sul (CELAFISCS),,,['Center For Physical Fitness Laboratory Studies Of São Caetano Do Sul (celafiscs)']
1719,116083065,Associação das Pioneiras Sociais,,,['Associação Das Pioneiras Sociais']
1720,107653792,Fundação de Amparo à Pesquisa do Estado do Rio de Janeiro (FAPERJ),,,[]
1721,132517515,Obra Social Dona Meca,,,[]
1722,113136425,Faculdade Guairacá,,,[]
1723,115947373,Harmony Medical Center,,,['Harmony Medical Center']
1724,115786221,Knee and Hip Rehabilitation,,,"['Knee And Hip Rehabilitation', 'Instituto Trata − Hip And Knee Rehab', 'Instituto Trata - Knee And Hip Rehab', 'Instituto Trata - Hip And Knee Rehab']"
1725,120802152,NAR,,,['Nar']
1726,115785947,Audax São Paulo Sport Club,,,"['Audax São Paulo Sport Club', 'Audax São Paulo']"
1727,112665020,Augusto Motta University Center (UNISUAM),,,"['Augusto Motta University Center (unisuam)', 'Augusto Motta University Center', 'University Augusto Motta (unisuam)', 'Augusto Motta University (unisuam)', 'University Center Augusto Motta - Unisuam', 'Augusto Motta University Centre (unisuam)', 'University Center Augusto Motta-unisuam', 'Unisuam (augusto Motta University Center)', 'Augusto Motta University Center – Unisuam', 'University Centre Augusto Motta - Unisuam']"
1728,126991535,Federal Center for Technological Education of Minas Gerais,,,['Federal Center For Technological Education Of Minas Gerais']
1729,60290329,Faculdades Integradas de Bauru,fibbauru.br,https://fibbauru.br/,"['Faculdades Integradas de Bauru', 'Integrated Colleges of Bauru']"
1730,118414962,Fundação Medicina ABC,,,['Fundação Medicina ABC']
1731,101360616,ANDROFERT,,,[]
1732,116345085,Data Processing Company,,,['Data Processing Company']
1733,114309036,Integrated Center of Athlete Support-E.C. Pinheiros,,,"['Integrated Support Center For Athletes - E.c. Pinheiros', 'Integrated Support Center For Athletes-ciaa-e.c. Pinheiros', 'Integrated Support Center For Athletes (ciaa)-pinheiros Sport Club', 'Integrated Support Center For Athletes (ciaa) - Pinheiros Sport Club', 'Integrated Center Of Athlete Support-e.c. Pinheiros', 'Integrated Center Of Athlete Support - E.c. Pinheiros']"
1734,114674875,Faculty Adventist of Hortolândia,,,"['Faculty Adventist Of Hortolândia', 'Adventist College Of Hortolândia']"
1735,109454109,School of Physical Education of the Army,,,"['School Of Physical Education Of The Army', 'School Of Physical Education Of Army', 'Division Of Research And Extension Of School Of Physical Education Of The Army', 'Center Of Physical Training Of The Army']"
1736,127290406,Universitária de Cardiologia (IC-FUC).,,,['Universitária De Cardiologia (ic-fuc).']
1737,113192789,Santa Casa de Porto Alegre,,,[]
1738,119562168,Laboratório Central de Saúde Pública Dr. Milton Bezerra Sobral (Lacen-PE),,,"['Laboratório Central De Saúde Pública Dr. Milton Bezerra Sobral (lacen-pe)', 'Laboratório Central De Saúde Pública De Pernambuco (lacen-pe)']"
1739,116051985,Companhia de Abastecimento de Água e Saneamento de Alagoas (CASAL),,,['Companhia De Abastecimento De Água E Saneamento De Alagoas (casal)']
1740,60016871,Faculdade de Medicina de Campos,fmc.br,,['Faculdade de Medicina de Campos']
1741,113216363,Universidade José do Rosário Vellano,,,[]
1742,118255861,Faculdade de Minas (FAMINAS),,,[]
1743,60069344,Centro Universitario de Belo Horizonte,unibh.br,,['Centro Universitario de Belo Horizonte']
1744,109435419,Exército Brasileiro,,,[]
1745,106598565,Universidade de Guarulhos,,,"['Universidade De Guarulhos', 'University Of Guarulhos (universidade De Guarulhos)', 'Universidade De Guarulhos -ung', 'Universidade De Guarulhos - Ung']"
1746,101550133,Clube Atlético Paranaense,,,"['Clube Atlético Paranaense', 'Departamento Médico Do Clube Atlético Paranaense', 'Clube Atlético Paranaense - Cap']"
1747,115967516,Londrina Esporte Clube,,,['Londrina Esporte Clube']
1748,123342049,Comitê Paralímpico Brasileiro,,,['Comitê Paralímpico Brasileiro']
1749,101162568,Clube Atlético Mineiro,,,[]
1750,114459375,GEAFIT,,,['Geafit']
1751,113013569,Minas Tênis Clube,,,"['Minas Tênis Clube', 'Minas Tenis Clube']"
1752,113420832,NAR - Nucleus of High Performance in Sport,,,[]
1753,102063619,Exercise Research Laboratory,,,"['Exercise Research Laboratory', 'Research Laboratory Of Exercise - Lapex', 'Exercise Pathophysiology Research Laboratory']"
1754,60007592,Universitat Politècnica de Catalunya,upc.edu,https://www.upc.edu/en,"['Universitat Politècnica de Catalunya', 'Polytechnic University of Catalonia']"
1755,112958883,State University of Health Sciences,,,['State University Of Health Sciences']
1756,116349796,Antonio Meneghetti Faculty (AMF,,,['Antonio Meneghetti Faculty (AMF']
1757,127241318,Mandaqui Hospital Complex,,,['Mandaqui Hospital Complex']
1758,115472681,Serra Gaúcha College-FSG,,,"['Serra Gaúcha College-fsg', 'Centro Universitário Da Serra Gaúcha – Fsg']"
1759,112867607,Clínica Janice Lamas Radiologia,,,"['Clínica Janice Lamas Radiologia', 'Janice Lamas Radiologic Clinic', 'Clínica Janice Lamas Radiologia (radiology Clinic)', 'Clinica Janice Lamas Radiologia']"
1760,115980989,Terapeuta Ocupacional,,,['Terapeuta Ocupacional']
1761,116237872,Curso de Graduacao em Terapia Ocupacional,,,['Curso de Graduacao em Terapia Ocupacional']
1762,116237038,Faculdade Gama (FGA,,,['Faculdade Gama (FGA']
1763,116237719,CCBN/UFAC,,,['CCBN/UFAC']
1764,127241147,Confederação Brasileira de Desportos para Deficientes Visuais –CBDV,,,['Confederação Brasileira De Desportos Para Deficientes Visuais –cbdv']
1765,60228316,Centro Universitário de Brasília – UniCEUB,uniceub.br,https://www.uniceub.br/,"['University Center of Brasília – UniCEUB', 'Centro Universitário de Brasília – UniCEUB']"
1766,116320770,Federal University of São Francisco Valley,,,[]
1767,112643394,São Paulo Municipal Health Department,,,[]
1768,115477475,Post Graduation Program of Oral Pathology,,,['Post Graduation Program Of Oral Pathology']
1769,115031974,BMF-BOVESPA,,,"['Bmf-bovespa', 'Bmf - Bovespa']"
1770,115560537,NAR,,,[]
1771,126579620,Faculdade Pernambucana de Saúde,,,[]
1772,126141037,Hospital Santa Teresa,,,"['Hospital Santa Teresa', 'Santa Teresa Hospital', 'Hospital Santa Teresa/acsc', 'Cor Diagnose/santa Teresa Hospital']"
1773,127238153,Centro de Educação Física e Esporte (CEFE),,,['Centro De Educação Física E Esporte (cefe)']
1774,127239646,Secretaria de Educação,,,['Secretaria De Educação']
1775,109940236,Secretaria Municipal de Educação,,,[]
1776,60020356,Centro Universitário para o Desenvolvimento do Alto Vale do Itajaí - Unidavi,unidavi.edu.br,https://www.unidavi.edu.br/,"['University for the Development of the High Valley of Itajai', 'Universidade para o Desenvolvimento do Alto Vale do Itajai', 'Centro Universitário para o Desenvolvimento do Alto Vale do Itajaí']"
1777,127258642,Secretaria Municipal de Educação,,,['Secretaria Municipal De Educação']
1778,114100650,Secretaria de Estado da Educação do Paraná,,,"['Secretaria De Estado Da Educação Do Paraná', 'Secretaria Da Educação Do Paraná', 'Secretaria Da Educação Do Estado Do Paraná']"
1779,127262074,Vicenlab Laboratório de Análises Clínicas,,,['Vicenlab Laboratório De Análises Clínicas']
1780,127261949,Hospital Haroldo Juacaba,,,['Hospital Haroldo Juacaba']
1781,123643732,Argos Patologia,,,[]
1782,124101621,Instituto do Cérebro do Rio Grande do Sul,,,"['Instituto Federal Do Rio Grande Do Sul', 'Instituto De Cardiologia Do Rio Grande Do Sul', 'Universidade F. Do Rio Grande Do Sul', 'Universiaade Federal Do Rio Grande Do Norte', 'Uni-versidade Federal Do Rio Grande Do Sul', 'Polícia Militar Do Rio Grande Do Sul', 'Laboratório Nacional Agropecuário Do Rio Grande Do Sul', 'Instituto Federal Do Rio Grande Do Sul – Campus Rio Grande (ifrs)', 'Governo Do Estado Do Rio Grande Do Sul', 'Faculdade De Desenvolvimento Do Rio Grande Do Sul']"
1783,60100530,Santa Casa de Misericórdia de Goiânia,,http://www.santacasago.org.br/,['Santa Casa de Misericórdia de Goiânia']
1784,127260766,Brazilian Journal of Pathology and Laboratory Medicine,,,['Brazilian Journal Of Pathology And Laboratory Medicine']
1785,126197779,Instituto de Cardiologia de Santa Catarina,,,[]
1786,112669054,Instituto de Pesquisa com Células-tronco (IPCT),,,[]
1787,113749077,Centro Universitário de Itajubá - FEPI,,,[]
1788,119891055,Dermatologist,,,['Dermatologist']
1789,105746543,National Nuclear Energy Commission,,,"['National Nuclear Energy Commission', 'National Nuclear Energy Commission Organization', 'National Commission For Nuclear Energy', 'Nuclear Energy National Commission', 'National Nuclear Energy Comission', 'Brazian Nuclear Energy Commission']"
1790,100501115,National Commission of Nuclear Energy,,,[]
1791,127249601,Industrias Nucleares do Brasil-INB,,,['Industrias Nucleares Do Brasil-inb']
1792,100481403,Laboratory of Genetics and Molecular Cardiology,,,"['Laboratory Of Molecular Genetics', 'Laboratory Of Genetics And Molecular Cardiology', 'Lab. Of Genetic And Molec. Cardiol.', 'Laboratory Of Genetics And Molecular', 'Genetics Laboratory']"
1793,126172558,NAR—Nucleus of High Performance in Sport,,,"['Nar—nucleus Of High Performance In Sport', 'Nar – Nucleus Of High Performance In Sport', 'Nar - Nucleus Of High Performance In Sport', 'Nar-nucleus Of High Performance In Sport', 'Nucleus Of High Performance In Sport (nar)', 'Nar Nucleus Of High Performance In Sport', 'Nucleus Of High Performance In Sport - Nar', 'Nucleus Of High Performance']"
1794,114871355,Integrado College,,,['Integrado College']
1795,113143201,Ultrasonography School of Ribeirao Preto (FATESA-EURP),,,"['Ultrasonography School Of Ribeirao Preto (fatesa-eurp)', 'School Of Health Technology - Ultrasonography School Of Ribeirao Preto (fatesa-eurp)', 'School Of Ultrasonography And Medical Recycling Of Ribeirão Preto (eurp)', 'School Of Ribeirao Preto (fatesa-eurp)']"
1796,114690856,Center for Integrated Rehabilitation of the State Hospital of Ribeirão Preto (CIRHER),,,['Center For Integrated Rehabilitation Of The State Hospital Of Ribeirão Preto (cirher)']
1797,126998734,CEPEC,,,['Cepec']
1798,126194017,Hospital Aliança and Edgard Santos General Hospital,,,"['University Hospital Edgard Santos', 'Hospital Aliança And Edgard Santos General Hospital']"
1799,113849673,"Federal Institute of Education, Science and Technology",,,"['Federal Institute Of Education, Science And Technology', 'Fluminense Federal Education Science And Technology Institute', 'Federal Institute Of Education, Science And Technology Baiano', 'Federal Institute Of Education Science And Technology', 'Federal Education Institute Of Science And Technology']"
1800,109406246,Western Paraná University Hospital,,,"['Western Paraná University Hospital', 'West Paraná University Hospital', 'University Of Western Paraná', 'University Of Western Parana', 'University Of West Paraná', 'University Hospital Of Western Paraná', 'University Hospital Of Paraná']"
1801,114183166,Federal University of São Francisco Valley,,,"['Federal University Of São Francisco Valley', 'Federal University Of Sao Francisco Valley', 'Valley Of São Francisco Federal University', 'Federal University Of The São Francisco Valley', 'Federal University Of San Francisco Valley (univasf)']"
1802,115400897,University Norte of Parana,,,['University Norte Of Parana']
1803,122297644,IPUSP-Cidade Universitária,,,"['Cidade Universitária', 'Ipusp-cidade Universitária']"
1804,115345784,DASS Nordeste Calçados e Artigos Esportivos SA,,,['Dass Nordeste Calçados E Artigos Esportivos Sa']
1805,117068171,Universidad Federal de Ciencias de la Salud de Porto Alegre,,,"['Universidad Federal De Ciencias De La Salud De Porto Alegre', 'Universidade Federal De Ciências Básicas Da Saúde De Porto Alegre', 'Fundação Universidade Federal De Ciências Da Saúde De Porto Alegre', 'Federal University Of Ciências Da Saúde De Porto Alegre']"
1806,113134781,Physique Centre of Physical Therapy and Physical Fitness,,,"['Physique Centre Of Physical Therapy And Physical Fitness', 'Physique - Centre Of Physical Therapy']"
1807,114674369,Uni- Versidade Federal do Triângulo Mineiro,,,"['Federal University of Triângulo', 'Uni- Versidade Federal do Triângulo Mineiro']"
1808,116774821,University Center of Belo Horizonte,,,[]
1809,115304427,Barueri Recreation Association,,,['Barueri Recreation Association']
1810,127219797,Brazilian Track and Field Confederation,,,['Brazilian Track And Field Confederation']
1811,102037324,Brazilian Army Research Institute of Physical Fitness,,,"['Brazilian Army Research Institute Of Physical Fitness', 'Brazilian Army Physical Fitness Research Institute', 'Brazilian Army Research Institute Of Physical Training', 'Brailian Army Research Institute Of Physical Fitness', 'Army Physical Fitness Research Inst.']"
1812,127261705,Social Services for Industry,,,['Social Services For Industry']
1813,101619415,Grupo Hospitalar Conceição,,,"['Grupo Hospitalar Conceição', 'Grupo Hospitalar Conceição (ghc)', 'Grupo Hospitalar Conceição De Porto Alegre']"
1814,112713147,Southern University of Santa Catarina (UNISUL),,,"['Southern University Of Santa Catarina (unisul)', 'Southern University Of Santa Catarina Unisul', 'University Of The South Of Santa Catarina (unisul)', 'Southern University Of Santa Catarina - Unisul', 'South State Of Santa Catarina University (unisul)']"
1815,115303755,Hospital Haroldo Juaçaba,,,[]
1816,114283791,President Antônio Carlos University,,,['President Antônio Carlos University']
1817,100861114,Federal Police,,,[]
1818,109996296,Laboratório de Biociência da Motricidade Humana (LABIMH),,,"['Laboratório De Biociência Da Motricidade Humana (labimh)', 'Laboratório De Biociência Da Motricidade Humana', 'Laboratório De Biociências Da Motricidade Humana Do Isecensa (labimh/isecensa)', 'Laboratório De Biociências Da Motricidade Humana - Labimh', 'Laboratório De Biociências Da Motricidade Humana (labimh)', 'Laboratório De Biociencias De La Motricidad Humana (labimh)', 'Laboratório De Biociencias Da Motricidade Humana - Labimh-rj/brasil']"
1819,115874532,Laboratory of Human Kinetics Science,,,['Laboratory Of Human Kinetics Science']
1820,115757720,Escola Estadual Lucille F. Albuquerque,,,['Escola Estadual Lucille F. Albuquerque']
1821,127275160,Hospital São Vicente de Paulo (HSVP),,,"['Hospital São Vicente De Paulo (hsvp)', 'Hospital Sao Vicente De Paulo']"
1822,111335643,Alfredo da Mata Foundation,,,"['Alfredo Da Mata Foundation', 'Fundação Alfredo Da Mata', 'Fundação Alfredo Da Mata (fuam)', 'Fundaçao Alfredo Da Mata', 'Fundacxão Alfredo Da Mata', 'Fundacao Alfredo Da Mata', 'Alfredo Da Mata Foundation – Fuam', 'Alfredo Da Mata Foundation Hospital']"
1823,112655190,Clínica Renal do Extremo Oeste,,,['Clínica Renal Do Extremo Oeste']
1824,115286485,Brazilian Institute of Osteopathy (IBO),,,[]
1825,132517946,Research Laboratory of Physical Therapy Evaluative and Therapeutic – LaFAT Brazil,,,[]
1826,112343914,Brazilian Football Confederation,,,[]
1827,112675192,Instituto Superior de Ciências da Saúde: INCISA/IMAM,,,"['Instituto Superior De Ciências Da Saúde: Incisa/imam', 'Instituto Superior De Ciências Da Saúde']"
1828,115195014,Minas Tênis Clube,,,"['Minas Tênis Clube', 'Minas Tenis Clube', 'Sports Science Center Of Minas Tênis Clube']"
1829,108142344,CETRIM- Center of Imaginology Training,,,"['CETRIM- Center of Imaginology Training', 'CETRIM-Imaginology Training Center', 'Imaging Training Center (CETRIM)']"
1830,131816586,Medical School of Ribeirão Preto - University of São Paulo,,,[]
1831,60042211,Centro Universitario da FEI,fei.edu.br,https://portal.fei.edu.br/,['Centro Universitario da FEI']
1832,115235342,National Research Funding Agency,,,['National Research Funding Agency']
1833,113073433,IER-SCBH,,,['Ier-scbh']
1834,112617276,Federal Institute of Rio de Janeiro,,,[]
1835,108231096,Fundação Educacional Dom André Arcoverde,,,"['Fundação Educacional Dom André Arcoverde', 'Fundação Dom André Arcoverde', 'Fundação Educacional Dom Andre Arcoverde']"
1836,115261086,Faculdades Integradas de Jacarepaguá,,,['Faculdades Integradas De Jacarepaguá']
1837,116066031,University Nove,,,['University Nove']
1838,114759090,Institute of Bioinformatics and Biotechnology,,,['Institute Of Bioinformatics And Biotechnology']
1839,112649135,Fernando Figueira Integral Medicine Institute,,,"['Fernando Figueira Integral Medicine Institute', 'Integral Medicine Institute Fernando Figueira', 'Institute Of Integral Medicine Professor Fernando Figueira', 'Figueira Integral Medicine Institute', 'Fernando Figueira Integral Medical Institute', 'Fernando Figueira Institute Of Integrated Medicine', 'Fernando Figueira Institute Of Integral Medicine']"
1840,114273204,Federal Institute of Science and Technology Education of Brasilia,,,"['Medical College Federal University Of Brasilia', 'Federal Institute Of Science And Technology Education Of Brasilia']"
1841,114544429,Minas Gerais State Military Fire and Rescue Department,,,"['Minas Gerais State Military Fire and Rescue Department', 'Military Minas Gerais State Fire and Rescue Department']"
1842,116180803,Triangulo University Center (UNITRI),,,['Triangulo University Center (UNITRI)']
1843,127281919,Health Coordination of the Brazilian Superior Labor Court,,,['Health Coordination Of The Brazilian Superior Labor Court']
1844,106300266,Fundação Estadual de Produção e Pesquisa em Saúde (FEPPS),,,"['Fundação Estadual De Produção E Pesquisa Em Saúde- Fepps', 'Fundação Estadual De Produção E Pesquisa Em Saúde (fepps)']"
1845,100385268,UFPA,,,[]
1846,107871508,Fundação Centro de Hemoterapia e Hematologia do Pará (HEMOPA),,,"['Fundação De Hemoterapia E Hamatologia Central Do Pará', 'Fundação Centro De Hemoterapia E Hematologia Do Pará (hemopa)', 'Centro De Hemoterapia E Hematologia Do Pará', 'Centro De Hemoterapia E Hematologia Do Para']"
1847,107713920,Hospital Ophir Loyola,,,[]
1848,112866955,Centro de Referência e Treinamento DST/AIDS (CRT-DST/AIDS) of the State of São Paulo,,,"['Centro De Referência E Treinamento Dst/aids Do Estado De São Paulo', 'Centro De Referência E Treinamento Dst/aids De São Paulo (crt Dst/aids)', 'Centro De Referência E Treinamento Dst/aids (crt-dst/aids) Of The State Of São Paulo']"
1849,113494770,Hospital Escola Álvaro Alvim,,,"['Hospital Escola Álvaro Alvim', 'Alvaro Alvim School Hospital']"
1850,60020366,"Universidade Severino Sombra, Centro de Ciencias da Saude, Faculdade de Medicina",uss.br,,"['Severino Sombra University, Center for Health Sciences, Faculty of Medicine', 'Universidade Severino Sombra, Centro de Ciencias da Saude, Faculdade de Medicina']"
1851,113188396,National Institute of Traumatology and Orthopedics,,,[]
1852,115317642,University of State of Santa Catarina,,,['University State Of Santa Catarina']
1853,107945738,Center of Studies of the Physical Fitness Research Laboratory from Sao Caetano du Sul (CELAFISCS),,,[]
1854,115012829,City Public Health Care System,,,['City Public Health Care System']
1855,114271048,National Teams Department,,,['National Teams Department']
1856,126990214,Fisioterapeuta graduado en la Facultad Natalense de Rio Grande do Norte (FARN),,,['Fisioterapeuta Graduado En La Facultad Natalense De Rio Grande Do Norte (farn)']
1857,126990312,Faculdad Natalense,,,['Faculdad Natalense']
1858,129903004,Centro de Ensino Unificado de Teresina,,,['Centro De Ensino Unificado De Teresina']
1859,60070415,Embraer - Empresa Brasileira de Aeronáutica SA,embraer.com,https://embraer.com/global/en,"['Embraer - Empresa Brasileira de Aeronéutica SA', 'Embraer - Empresa Brasileira de Aeronáutica SA']"
1860,60289624,Centro Latino-Americano e do Caribe de Informação em Ciências da Saúde,bireme.org,https://www.bireme.org/en/home-english/,[]
1861,112888052,Ribeirão Preto Medical School of the University of São Paulo,,,[]
1862,113437876,Faculdade América Latina,,,"['Faculdade América Latina', 'Faculdade America Latina', 'America Latina College']"
1863,100866515,Evangelical University Hospital of Curitiba,,,"['Evangelical University Hospital Of Curitiba', 'University Evangelic Hospital Of Curitiba', 'Evangelical University Hospital Of Curitiba (huec)', 'Curitiba Evangelic Hospital', 'Rheumatology Unit Of Evangelic University Hospital', 'General Hospital Of Curitiba']"
1864,122305164,Institute of Psychology,,,[]
1865,109666497,Rio de Janeiro Corneal Tomography and Biomechanics Study Group,,,[]
1866,127130164,Hospital de Urgência de Sergipe,,,"['Hospital De Urgência De Sergipe', 'Hospital De Olhos De Sergipe']"
1867,100592276,Instituto de Olhos Renato Ambrósio,,,[]
1868,114899449,VisareRio,,,"['Visarerio', 'Visarerio (ambrósio)']"
1869,112099383,São Paulo Running Injury Group (SPRunIG),,,"['São Paulo Running Injury Group (sprunig)', 'São Paulo Running Injury Group (sprunig', 'São Paulo Running Injury Group']"
1870,113039472,Brazilian Institute of Technology of Leather,,,"['Brazilian Institute Of Technology Of Leather', 'Brazilian Institute Of Technology For Leather', 'Brazilian Institute For Leather']"
1871,128374716,European Network for Smoking and Tobacco Prevention (ENSP),,,['European Network For Smoking And Tobacco Prevention (ensp)']
1872,60021657,Instituto Tecnologico de Aeronautica,ita.br,http://www.ita.br,[]
1873,117921887,Edumed-Health Research and Education,,,"['Edumed-health Research And Education', 'Edumed Health Research And Education', 'Edumed Health And Educational Research']"
1874,117359824,CBDN-Brazilian Snow Sports Federation,,,['CBDN-Brazilian Snow Sports Federation']
1875,119091257,Coordenação de Fonoaudiologia,,,['Coordenação de Fonoaudiologia']
1876,107823058,Escola Superior de Ciências da Saúde,,,[]
1877,107803039,Secretaria de Saúde do Distrito Federal,,,[]
1878,107263378,Tuiuti University from Paraná,,,[]
1879,116834598,Widex Speech-Language Center,,,['Widex Speech-language Center']
1880,112800970,Federal District Health State Secretariat,,,[]
1881,113474081,Sindicato dos Professores de São Paulo - SinproSP,,,"['Sindicato Dos Professores De São Paulo - Sinprosp', 'Sindicato Dos Professores De São Paulo', 'Sindicato Dos Professores De São Paulo-sinprosp', 'Sindicato Dos Professores De São Paulo – Sinpro-sp - São Paulo (sp)', 'Sindicato Dos Professores De São Paulo - Sinpro-sp', 'Sindicato Dos Prof. De São Paulo - Sinpro-sp', 'Sindicato Dos De São Paulo – Sinpro-sp']"
1882,116762975,Clínica Medicina Empresarial,,,['Clínica Medicina Empresarial']
1883,116763264,Clínica de Linguagem e Cognição - Clincog,,,['Clínica De Linguagem E Cognição - Clincog']
1884,60069946,Hospital Samaritano,samaritano.com.br,,['Hospital Samaritano']
1885,112696409,University of Piauí State (UESPI),,,"['University Of Piauí State (uespi)', 'University Of Piauí State', 'Piauí State University (uespi)', 'University State Of Piauí - Uespi', 'University Of Piaui', 'Uespi Piauí State University', ""State University Of Piau' (uespi)"", 'Piaui State University—uespi', 'Chemistry Department Of Piauí State University']"
1886,60290060,Ministério do Trabalho e Emprego,gov.br,https://www.gov.br/trabalho-e-emprego/pt-br,[]
1887,101526674,Municipal Education Network of Bauru,,,"['Municipal Emergency Clinic Of Bauru', 'Municipal Education Network Of Bauru']"
1888,109298675,Air Force Academy,,,[]
1889,100981945,Sport Club Corinthians Paulista,,,"['Sport Club Corinthians Paulista', 'Team Physician Of Sport Club Corinthians Paulista', 'Sport Clube Corinthians Paulista', 'S.c. Corinthians Paulista', 'Corinthians Sports Club']"
1890,114798206,Laboratório de Biociências da Motricidade Humana (LABIMH),,,"['Laboratório De Biociências Da Motricidade Humana (labimh)', 'Laboratório De Biociência Da Motricidade Humana - Labimh']"
1891,116502038,Centro de Estudos em Psicobiologia e Exercício - CEPe,,,['Centro De Estudos Em Psicobiologia E Exercício - Cepe']
1892,116502047,Colégio Militar de Curitiba,,,['Colégio Militar De Curitiba']
1893,122305216,s/n Bairro Universitário,,,"['S/n Bairro Universitário', 'S/n - Universitário']"
1894,100682660,Lab. of Clinical Neurophysiology,,,"['Lab. Of Clinical Neurophysiology', 'Neurovale Laboratory Of Neurophysiology']"
1895,116476721,Hospital Vicentino Ponta Grossa,,,['Hospital Vicentino Ponta Grossa']
1896,124833475,Estudo e Pesquisa em Psicologia do Esporte (CEPPE),,,['Estudo E Pesquisa Em Psicologia Do Esporte (ceppe)']
1897,116267230,Support and Rehabilitation Center of Patients with Cleft Palate,,,['Support And Rehabilitation Center Of Patients With Cleft Palate']
1898,60019608,Universidade Presidente Antonio Carlos,unipac.br,http://www.unipac.br,"['University President Antonio Carlos', 'Universidade Presidente Antonio Carlos']"
1899,116186111,CUSC,,,['Cusc']
1900,116186711,Laboratório Baiano de Ciências Do Esporte,,,['Laboratório Baiano de Ciências Do Esporte']
1901,116186015,Instituto Federal de Belém Do Pará,,,['Instituto Federal de Belém Do Pará']
1902,60271920,Instituto Federal de Educação Ciência e Tecnologia da Paraíba – IFPB,ifpb.edu.br,https://www.ifpb.edu.br/en,"['Instituto Federal de Educação Ciência e Tecnologia da Paraíba – IFPB', 'Federal Institute of Education, Science and Technology of Paraíba', 'Instituto Federal de Educação, Ciência e Tecnologia da Paraíba', 'Federal Institute of Paraiba']"
1903,60033296,Universidade FUMEC,fumec.br,http://www.fumec.br,"['FUMEC University', 'Universidade FUMEC']"
1904,60022487,Instituto de Pesquisas Tecnologicas,ipt.br,http://www.ipt.br,['Instituto de Pesquisas Tecnologicas']
1905,120012316,Halliburton,,,[]
1906,112602627,State Health Department of Minas Gerais,,,[]
1907,116160468,Vivver Systems Ltd.,,,['Vivver Systems Ltd.']
1908,116160191,Sisqualis,,,['Sisqualis']
1909,116160219,SORRI-Bauru Center of Rehabilitation,,,['Sorri-bauru Center Of Rehabilitation']
1910,116159582,Instituto Social de Assistencia a Saude/Hospital Antonio Targino,,,['Instituto Social De Assistencia A Saude/hospital Antonio Targino']
1911,116160627,University Hospital HUPPA/UFAL/EBSERH,,,['University Hospital Huppa/ufal/ebserh']
1912,116159615,i9access Technology Ltda.,,,['I9access Technology Ltda.']
1913,60011048,IBM Research,research.ibm.com,http://www.research.ibm.com/,[]
1914,116159551,Global Care Ltda.,,,['Global Care Ltda.']
1915,116159814,Unit Care Medical Services Ltda.,,,['Unit Care Medical Services Ltda.']
1916,116159681,Planning Department,,,['Planning Department']
1917,115843206,Ophthalmologist,,,['Ophthalmologist']
1918,116159360,RUTE National Coordination,,,['Rute National Coordination']
1919,101609132,Prefeitura da Cidade do Recife,,,[]
1920,116160148,Open University of Brazilian National Health System (UNA-SUS),,,['Open University Of Brazilian National Health System (una-sus)']
1921,121599072,Animati Computação Aplicada,,,['Animati Computação Aplicada']
1922,116160086,Health Information Technology Management of Unimed BH,,,['Health Information Technology Management Of Unimed Bh']
1923,116160009,Home Care Management of Unimed BH,,,"['Hospital Unimed Bh', 'Home Care Management Of Unimed Bh']"
1924,116160101,Health Information Technology Management in Unimed BH,,,['Health Information Technology Management In Unimed Bh']
1925,105749366,Hemominas Foundation,,,"['Hemominas Foundation', 'Hemominas']"
1926,106261978,Fundação Universitária de Cardiologia do Rio Grande do Sul,,,['Fundação Universitária De Cardiologia Do Rio Grande Do Sul']
1927,116160074,Faculdade de Desenvolvimento do Rio Grande do Sul,,,['Faculdade De Desenvolvimento Do Rio Grande Do Sul']
1928,116159507,Alagoas Federal University (UFAL),,,['Alagoas Federal University (ufal)']
1929,116159837,Institute of Technical Education of Minas Gerais,,,['Institute Of Technical Education Of Minas Gerais']
1930,102021040,Instituto do Câncer do Estado de São Paulo,,,"['Instituto Do Câncer Do Estado De São Paulo', 'Instituto Do Cancer Do Estado De São Paulo', 'Instituto Do Cancer Do Estado De Sao Paulo', 'Instituto Do Câncer Do Estado De Sao Paulo', 'Serviço De Ginecologia Oncológica Do Instituto Do Câncer Do Estado De São Paulo', 'Instituto Do Câncer Do Estado De São Paulo -', 'Instituto Do Câncer Do Estado De Saõ Paulo', 'Instituto Do Cncer Do Estado De So Paulo', 'Instituto Do Cancer De Sao Paulo', 'Instituto De Saúde Do Estado De São Paulo']"
1931,113530163,Santa Casa de Campo Grande,,,[]
1932,113064214,National Institute of Science and Technology on Mineral Resources,,,"['National Institute Of Science And Technology On Mineral Resources', 'Acqua (national Institute Of Science And Technology On Mineral Resources', 'National Institute Of Science And Technology On Minerals Resources', 'Inct – Acqua (national Institute Of Science And Technology On Mineral Resources', 'National Institute Of Science And Technology', 'Inct - Acqua (natl. Inst. Of Science And Technology On Mineral Resources']"
1933,60042765,Centro Federal De Educacão Tecnológica Celso Suckow Da Fonseca,cefet-rj.br,http://www.cefet-rj.br/,"['Centro Federal De Educacão Tecnológica Celso Suckow Da Fonseca', 'Federal Center for Technological Education Celso Suckow da Fonseca']"
1934,112772198,University Center of João Pessoa,,,[]
1936,115550818,Secretaria Municipal de Saúde - Fortaleza,,,['Secretaria Municipal de Saúde - Fortaleza']
1937,115178465,Professor at the Public Health Master Program - UNIFOR,,,['Public Health Master Program - UNIFOR']
1938,117187260,Centro Odontomédico Dr. Altamirando da Costa Lima,,,['Centro Odontomédico Dr. Altamirando da Costa Lima']
1939,117187008,Educational Association of Brazil- FUNORTE/SOEBRAS,,,['Educational Association of Brazil- FUNORTE/SOEBRAS']
1940,106012689,University Center of Lavras,,,"['University Center Of Lavras', 'Center Universitary Of Lavras', 'University Center Lavras']"
1941,112804617,Ingá University Center UNINGÁ,,,[]
1942,100715375,Dental School,,,['Dental School']
1943,116115110,Independent researcher,,,['Independent Researcher']
1944,109899018,Ingá Dental School,,,"['Ingá Dental School', 'Ingã Dental School', 'Ingá School Of Medicine', 'Ingá School Of Dentistry', 'Inga Dental School', 'College Of Ingá']"
1945,116011814,Raul Bauab Educational Foundation,,,['Raul Bauab Educational Foundation']
1946,113627145,Amaral Carvalho Hospital Foundation,,,['Amaral Carvalho Hospital Foundation']
1947,109614695,University of Paraíba Valley,,,"['University Of Paraíba Valley', 'University Of Paraiba Valley', ""University Of Paraiba's Valley"", 'Univ. Of Paraiba Valley', 'University Of Valley Of Paraíba', 'University Of The Paraiba Valley', 'University Of Paraíba Valley – Urbanova Campus', 'University Of Paraíba', 'University Of Paraiba Valley (univap)', 'Paraíba University']"
1948,127281632,Paraíba State University,,,['Paraíba State University']
1949,127281932,Integrated Colleges of Patos (FIP),,,"['Integrated Colleges Of Patos (fip)', 'Integrated Colleges Of Patos']"
1950,127281876,Paraíba State University,,,['Paraíba State University']
1951,126812644,State University at Montes Claros,,,"['State University At Montes Claros', 'University Of Montes Claros', 'Universidade Estadual Of Montes Claros', 'Montes Claros']"
1952,112609147,Pitágoras Integrated School of Montes Claros,,,"['University Of Montes Claros', 'Pitágoras Integrated School Of Montes Claros']"
1953,126215674,University of José Rosário Vellano,,,"['University Of José Rosário Vellano', 'Jose Do Rosario Vellano University', 'University Jose Do Rosário Vellano – Unifenas', 'José Do Rosário Vellano University', 'José Do Rosario Vellano University']"
1954,109654910,PUCMINAS.,,,[]
1955,100421723,FAESA,,,"['Faesa', 'Faesa.', 'Faesa University Center - Faesa', 'Faesa University Center', 'Faesa Odontology College', 'Faesa Dental School', 'Faesa / Centro Universitário']"
1956,126629805,Latin American Institute of Dental Research and Education,,,"['Latin American Institute Of Dental Research And Education', 'Latin American Institute For Research And Dental Education (ilapeo)']"
1957,115311152,Santa Casa de Caridade de Diamantina,,,[]
1958,112068281,Hospital Santa Casa de Montes Claros,,,[]
1959,112655784,Grande Rio University (UNIGRANRIO),,,[]
1960,60021035,"Fundacao Educacional Serra dos Orgaos, Faculdade de Medicina",,,"['Serra dos Orgaos Educational Foundation, Faculty of Medicine', 'Fundacao Educacional Serra dos Orgaos, Faculdade de Medicina']"
1961,60014199,"Universidade Federal da Paraiba, Centro de Ciencias da Saude, Faculdade de Medicina",ufpb.br,http://www.ufpb.br,"['Federal University of Paraiba, Center of Health Sciences, Faculty of Medicine', 'Universidade Federal da Paraiba, Centro de Ciencias da Saude, Faculdade de Medicina']"
1962,112586783,Bahia's School of Medicine and Public Health,,,[]
1963,112709828,São Leopoldo Mandic,,,[]
1964,100456331,Grande Rio University,,,[]
1965,105619537,Cruzeiro Do sul University- UNICsul,,,"['Universidade Cruzeiro Dosul', 'Cruzeiro Do Sul University- Unicsul']"
1966,101116265,Piracicaba Dental School,,,[]
1967,117544092,University Sagrado Coração,,,"['University Sagrado Coração', 'University of Sagrado Coraçã O']"
1968,116957950,Periodontology,,,[]
1969,106598644,CETAO,,,"['Cetao', 'Cetao Educational Center']"
1970,60257332,Serviço Nacional de Aprendizagem Comercial,sp.senac.br,https://www.sp.senac.br/,"['Senac São Paulo', 'Serviço Nacional de Aprendizagem Comercial', 'National Commercial Apprenticeship Service']"
1971,116404790,North of Minas Gerais Integrated College - FUNORTE/SOEBRÁS,,,"['North Of Minas Gerais Integrated College - Funorte/soebrás', 'Integrated College From North Of Minas Gerais']"
1972,110295550,Paranaense University - UNIPAR,,,"['Paranaense University - Unipar', 'Paranaense University (unipar)', 'Paranaense University (unipar', 'Paranaense University-unipar', 'University Paranaense-unipar']"
1973,116272761,Consultório particular,,,['Consultório Particular']
1974,128474655,Dentística,,,['Dentística']
1975,112647267,Paulista University,,,"['Paulista University', 'Universidade Paulista']"
1976,100449623,Private Practice,,,[]
1977,60004639,Santa Casa Complexo Hospitalar,santacasa.org.br,,['Santa Casa Complexo Hospitalar']
1978,100344546,Hospital Cristo Redentor,,,[]
1979,115806153,Private Practitioner,,,[]
1980,126845488,Centro Universitário da Serra Gaúcha - FSG,,,"['Faculdade Da Serra Gaúcha', 'Centro Universitário Da Serra Gaúcha - Fsg']"
1981,113184924,Corpo de Bombeiros Militar do Estado do Rio de Janeiro,,,"['Corpo De Bombeiros Militar Do Estado Do Rio De Janeiro', 'Polícia Militar Do Estado Do Rio De Janeiro', 'Secretaria Do Estado De Saúde Do Rio De Janeiro', 'Secretaria De Saúde Do Estado Do Rio De Janeiro', 'Corpo De Bombeiros Do Estado Do Rio De Janeiro']"
1982,100381866,Medical School of Uberaba,,,"['Medical School Of Uberaba', 'School Of Dentistry Of Uberaba', 'Uberaba Medical School', 'Triângulo Mineiro Medical School Uberaba', 'Uberaba Medical Center', 'Dental School Of Uberaba']"
1983,115783340,Disciplina de Clínica Integrada,,,['Disciplina De Clínica Integrada']
1984,117021875,Itaim Bibi,,,['Itaim Bibi']
1985,111375943,Periodontics and Implantology,,,[]
1986,115838576,Graduate Program in Dentistry,,,"['Graduate Program In Dentistry', 'Post Graduate Program In Pediatric Dentistry', 'Dentistry Graduate Program']"
1987,120491224,Hospital Santa Paula,,,[]
1988,116342225,Cirurgiã-dentista da Secretaria Municipal de Saúde,,,['Cirurgiã-dentista da Secretaria Municipal de Saúde']
1989,116430842,Observatory for Oral Health Human Resources (OBSERVARHODONTO),,,"['Observatory For Oral Health Human Resources (observarhodonto)', 'Observatory For Oral Health Human Resources']"
1990,116069397,ABO - Brazilian Dental Association,,,['ABO - Brazilian Dental Association']
1991,128759502,Hospital Santa Paula,,,[]
1992,115892082,Ingá University Center,,,[]
1993,106369070,Fundação Oncocentro de São Paulo,,,[]
1994,126991487,University Center of the Educational Foundation of Barretos,,,"['University Center Of The Educational Foundation Of Barretos', 'University Center Of Educational Foundation Of Barretos']"
1995,126282220,Grande Rio University (UNIGRANRIO),,,[]
1996,127242932,Lonza Do Brasil Especialidades Químicas,,,['Lonza Do Brasil Especialidades Químicas']
1997,100376940,Bahian School of Medicine and Public Health,,,"['Bahian School Of Medicine And Public Health', 'Bahian School Of Medicine And Human Health', 'Bahian School Of Medicine', 'Htlv-centre Bahian School Of Medicine']"
1998,116794342,Adventist College of Bahia,,,"['Adventist College Of Bahia', 'Bahia Adventist College', 'Graduated In Dentistry Of The Adventist College Of Bahia', 'Dentistry Student Of The Adventist College Of Bahia', 'Dental Surgery Degree Of Adventist College Of Bahia']"
1999,127208139,Citopar,,,['Citopar']
2000,116601576,INAGEMP (National Institute of Population Medical Genetics),,,"['Inagemp (national Institute Of Population Medical Genetics)', 'National Institute Of Population Medical Genetics', 'National Institute Of Population Medical Genetics (inagemp)']"
2001,115297879,Captain-Dentist - Brazilian Army,,,"['Captain-Dentist', 'Captain-Dentist - Brazilian Army']"
2002,118652057,Mauricio de Nassau College of Dentistry,,,['Mauricio de Nassau College of Dentistry']
2003,113084002,Brazilian Cancer Institute,,,"['Brazilian Cancer Institute', 'Brazilian National Cancer', 'Brazilian Brain Institute', 'Brazilian']"
2004,121888482,Simone de Queiroz Chaves Lourenço,,,['Simone De Queiroz Chaves Lourenço']
2005,105592447,Private Practice,,,[]
2006,113780560,Brazilian College of Osteopathy,,,"['Radiology Brazilian College', 'Brazilian College Of Radiology', 'Brazilian College Of Osteopathy']"
2007,123374170,Radiology and Ecography Foundation of Rio Grande do Sul,,,['Radiology And Ecography Foundation Of Rio Grande Do Sul']
2008,100436622,Amazonas State University,,,"['Amazonas State University', 'State University Of Amazonas', 'University Of The State Of The Amazonas', 'Amazonas Univ.', 'University Of Amazonas State - Uea', 'University Of Amazonas State', 'Amazonas State University Dentistry Clinics', 'Amazonas Federal University']"
2009,116055366,Institute of Applied Neuropsychology,,,['Institute Of Applied Neuropsychology']
2010,101868423,P. I. Brånemark Institute,,,"['Pi-branemark Institute', 'P. I. Brånemark Institute', 'P-i Branemark Institute', 'P-i Brånemark Institute', 'Branemark Institute']"
2011,110042923,Associação Brasileira de Odontologia (ABO-PB),,,['Associação Brasileira De Odontologia (abo-pb)']
2012,115967468,UNINCOR,,,['Unincor']
2013,101545517,Universidade de Iguaçu,,,"['Universidade De Nova Iguaçu', 'Universidade De Iguaçu']"
2014,125859903,Universidade Faculdade de Odontologia,,,['Universidade Faculdade De Odontologia']
2015,106998755,Hospital Erasto Gaertner,,,[]
2016,112876485,Fahl Center,,,[]
2017,112360109,University of Pará,,,"['University Of Pará', 'University Of Para', 'University Center Of Pará Dental School', 'Univ. Of Pará']"
2018,60194535,Centro Universitário do Estado do Pará,cesupa.br,https://www.cesupa.br/,"['Centro Universitário do Estado do Pará', 'Associação Cultural e Educacional do Pará', 'University Center of the State of Pará']"
2019,101604589,Bauru State Hospital,,,[]
2020,113076046,University Center of Pará,,,[]
2021,127067264,Private Practice,,,[]
2022,113410428,São Leopoldo Mandic University,,,"['São Leopoldo Mandic University', 'São Leopoldo Mandic', 'Sao Leopoldo Mandic School Of Dentistry', 'Faculty São Leopoldo Mandic']"
2023,127239372,Brazilian Dental Association,,,['Brazilian Dental Association']
2024,118417929,Clínica Estomatológica,,,['Clínica Estomatológica']
2025,114412686,Caruaruense Association of Technical and Higher Education,,,"['Caruaruense Association Of Higher Education And Technical', 'Caruaruense Association Of Technical And Higher Education', 'Caruaruense Association Of Higher And Technical Education']"
2026,108088267,Private Practice,,,"['Private Practice', 'Veterinary Private Practice', 'Private Dermatology Practice', 'Private Clinical Practice', 'Doctor Of Private Practice']"
2027,60030576,School of Dentistry,dentistry.umn.edu,https://www.dentistry.umn.edu/,[]
2028,101768533,Batista Memorial Hospital,,,[]
2029,115541385,ANATOM Anatomic Pathology Laboratory,,,"['Anatom Anatomic Pathology To Laboratoy', 'Anatom Anatomic Pathology Laboratory']"
2030,113518765,APC Anatomic Pathology Laboratory,,,"['Apc Anatomic Pathology Laboratory', 'Apc - Clinical Pathology']"
2031,114469367,Hospital do Câncer/UOPECCAN,,,"['Hospital Do Câncer/uopeccan', 'Uopeccan Cancer Hospital', 'Hospital Do Câncer Uopeccan', 'Hospital Do Câncer', 'Cancer Hospital Cascavel - Uopeccan', 'Hospital Do Câncer—uopeccan', 'Hospital Do Câncer – Uopeccan', 'Hospital Do Câncer De Cascavel (uopeccan)', 'Hospital Do Cáncer Uopeccan', 'Hospital Do Cancer']"
2032,115541404,Oncology Center of Cascavel (CEONC),,,['Oncology Center Of Cascavel (ceonc)']
2033,112602067,Walter Cantídio University Hospital,,,[]
