Código Mantenedora,Razão Social,CNPJ,Natureza Jurídica,Código IES,Instituição(IES),Sigla,Telefone,Sitio,e-Mail,Endereço Sede,Município,UF,Organização Acadêmica,Tipo de Credenciamento,Categoria,Categoria Administrativa,Data do Ato de Criação da IES,CI,Ano CI,CI-EaD,Ano CI-EaD,IGC,Ano IGC,Reitor/Dirigente Principal,Representante Legal,Sinalizações Vigentes,Situação da IES,Data de Descredenciamento,eid,afid,name,domain,url,variants,name_match,url_match,domain_match,variant_match
1404,UNIAO EDUCACIONAL DO NORTE LTDA,04.515.940/0001-74,Privada com fins lucrativos,2132,CENTRO UNIVERSITÁRIO UNINORTE,-,(68) 3213 7070,www.uninorteac.com.br,juliano.cavalcante@uninorteac.com.br;regulacao@uninorteac.com.br,Alameda Alemanha - 200 - CEP: 69915-901 - Jardim Europa,Rio Branco,AC,Centro Universitário,EAD - Superior / Presencial - Superior /,Privada,Privada com fins lucrativos,2002-09-09,4,2023.0,4,2017.0,2,2023.0,,,Unificação de Mantidas,Ativa,,10-s2.0-123595940,123595940,Centro Universitário Uninorte,,,[],1,0,0,0
15014,"INSTITUTO FEDERAL DE EDUCACAO,CIENCIA E TECNOLOGIA DO ACRE",10.918.674/0001-23,Pessoa Jurídica de Direito Público - Federal,15507,"Instituto Federal de Educação, Ciência e Tecnologia do Acre (IFAC)",IFAC,(68)3222-8291,www.ifac.edu.br,reitoria@ifac.edu.br,Via Chico Mendes - 3084 - CEP: 69906-302 - Areal,Rio Branco,AC,"Instituto Federal de Educação, Ciência e Tecnologia",EAD - Superior / Presencial - Superior /,Publica,Pública Federal,2008-12-30,5,2021.0,-,,3,2023.0,,,,Ativa,,10-s2.0-60271904,60271904,"Instituto Federal De Educação, Ciência E Tecnologia Do Acre – IFAC",ifac.edu.br,https://www.ifac.edu.br/,"['Instituto Federal De Educação, Ciência E Tecnologia Do Acre – IFAC']",0,1,1,0
381,FUNDACAO UNIVERSIDADE FEDERAL DO ACRE,04.071.106/0001-37,Pessoa Jurídica de Direito Público - Federal,549,UNIVERSIDADE FEDERAL DO ACRE (UFAC),UFAC,(68) 3901 2571,www.ufac.br,reitoria@ufac.br,Campus Universitário - 6637 - CEP: 69915-900 - Distrito Industrial,Rio Branco,AC,Universidade,EAD - Superior / Presencial - Superior /,Publica,Pública Federal,1971-05-03,4,2016.0,4,2023.0,4,2023.0,,,,Ativa,,10-s2.0-60015612,60015612,Universidade Federal do Acre,ufac.br,http://www.ufac.br,"['Federal University of Acre', 'Universidade Federal do Acre']",1,1,1,1
404,FUNDACAO EDUCACIONAL JAYME DE ALTAVILA-FEJAL,12.207.742/0001-71,Privada sem fins lucrativos,621,CENTRO UNIVERSITÁRIO CESMAC (CESMAC),CESMAC,(82)3215.5205,www.cesmac.edu.br,emec@cesmac.edu.br,Rua Íris Alagoense - 1009 - CEP: 57051-370 - Farol,Maceió,AL,Centro Universitário,EAD - Superior / Presencial - Superior /,Privada,Privada sem fins lucrativos,1973-09-20,5,2023.0,4,2018.0,3,2023.0,,,,Ativa,,10-s2.0-60272034,60272034,Centro Universitário CESMAC,acesso.cesmac.edu.br,https://acesso.cesmac.edu.br/maceio,"['Centro Universitário CESMAC', 'CESMAC University Center']",1,0,0,1
404,FUNDACAO EDUCACIONAL JAYME DE ALTAVILA-FEJAL,12.207.742/0001-71,Privada sem fins lucrativos,621,CENTRO UNIVERSITÁRIO CESMAC (CESMAC),CESMAC,(82)3215.5205,www.cesmac.edu.br,emec@cesmac.edu.br,Rua Íris Alagoense - 1009 - CEP: 57051-370 - Farol,Maceió,AL,Centro Universitário,EAD - Superior / Presencial - Superior /,Privada,Privada sem fins lucrativos,1973-09-20,5,2023.0,4,2018.0,3,2023.0,,,,Ativa,,10-s2.0-112969946,112969946,Centro Universitário CESMAC,,,"['Centro Universitário Cesmac', 'Centro Universitário Cesmac (cesmac)', 'Centro Universitario Cesmac', 'Centro Universitário (cesmac)', 'Cesmac Centro Educacional', 'Centro Universitário De Maceió (cesmac)', 'Centro Universitário Cesmac. Rua Cônego Machado', 'Centro Universitário Cesmac. Maceió', 'Centro Universitário Cesmac-hospital Do Coração', 'Centro Universitário Cesmac - Cesmac']",1,0,0,3
545,"IREP SOCIEDADE DE ENSINO SUPERIOR, MEDIO E FUNDAMENTAL LTDA.",02.608.755/0001-07,Privada com fins lucrativos,1298,Faculdade Estácio de Alagoas - Estácio FAL (ESTÁCIO FAL),ESTÁCIO FAL,,www.estacio.br,cgfalal@gmail.com;regulatorio.nacional@estacio.br;,RUA PIO XII - 70 - CEP: 57035-560 - JATIÚCA,Maceió,AL,Faculdade,Presencial - Superior,Privada,Privada com fins lucrativos,1999-04-14,5,2024.0,-,,3,2023.0,,,,Ativa,,10-s2.0-60022378,60022378,Universidade Estacio de Sa,estacio.br,http://www.estacio.br,"['Estacio de Sa University', 'Universidade Estacio de Sa']",0,1,1,0
545,"IREP SOCIEDADE DE ENSINO SUPERIOR, MEDIO E FUNDAMENTAL LTDA.",02.608.755/0001-07,Privada com fins lucrativos,1298,Faculdade Estácio de Alagoas - Estácio FAL (ESTÁCIO FAL),ESTÁCIO FAL,,www.estacio.br,cgfalal@gmail.com;regulatorio.nacional@estacio.br;,RUA PIO XII - 70 - CEP: 57035-560 - JATIÚCA,Maceió,AL,Faculdade,Presencial - Superior,Privada,Privada com fins lucrativos,1999-04-14,5,2024.0,-,,3,2023.0,,,,Ativa,,10-s2.0-60003597,60003597,Universidade Estacio de Sa Faculdade de Medicina,estacio.br,http://www.estacio.br,"['Estacio de Sa University Faculty of Medicine', 'Universidade Estacio de Sa Faculdade de Medicina']",0,1,1,0
15532,"INSTITUTO FEDERAL DE EDUCACAO, CIENCIA E TECNOLOGIA DE ALAGOAS - IF/AL",10.825.373/0001-55,Pessoa Jurídica de Direito Público - Federal,3160,"INSTITUTO FEDERAL DE EDUCAÇÃO, CIÊNCIA E TECNOLOGIA DE ALAGOAS (IFAL)",IFAL,(82) 3194-1191,www.ifal.edu.br,secgab@ifal.edu.br;pei.reitoria@ifal.edu.br,Rua Doutor Odilon Vasconcelos - 103 - CEP: 57035-660 - Jatiúca,Maceió,AL,"Instituto Federal de Educação, Ciência e Tecnologia",EAD - Superior / Presencial - Superior /,Publica,Pública Federal,1999-03-23,4,2015.0,3,2017.0,3,2023.0,,,,Ativa,,10-s2.0-60100490,60100490,Instituto Federal de Alagoas,ifal.edu.br,https://www2.ifal.edu.br/,"['Institutio Federal de Educação Ciência Tecnologia Alagoas, Brazil', 'Instituto Federal de Educação, Ciência e Tecnologia de Alagoas', 'Instituto Federal de Alagoas', 'Federal Institute of Alagoas']",0,1,1,1
335,UNIVERSIDADE ESTADUAL DE ALAGOAS,02.436.870/0001-33,Pessoa Jurídica de Direito Público - Estadual,5242,UNIVERSIDADE ESTADUAL DE ALAGOAS - UNEAL (UNEAL),UNEAL,(82)3521-3019,www.uneal.edu.br,gabinete@uneal.edu.br,Rua Governador Luiz Cavalcante - s/n - CEP: 57312-270 - Alto do Cruzeiro,Arapiraca,AL,Universidade,EAD - Superior / Presencial - Superior /,Publica,Pública Estadual,2006-12-22,-,,3,2022.0,3,2023.0,,,,Ativa,,10-s2.0-60271967,60271967,Universidade Estadual de Alagoas - UNEAL,uneal.edu.br,http://www.uneal.edu.br/,"['Universidade Estadual de Alagoas - UNEAL', 'State University of Alagoas - UNEAL', 'Universidade Estadual de Alagoas', 'State University of Alagoas']",1,1,1,1
32,UNIVERSIDADE ESTADUAL DE CIENCIAS DA SAUDE DE ALAGOAS - UNCISAL,12.517.793/0001-08,Pessoa Jurídica de Direito Público - Estadual,32,UNIVERSIDADE ESTADUAL DE CIÊNCIAS DA SAÚDE DE ALAGOAS - UNCISAL (UNCISAL),UNCISAL,(82) 33156705 / (82) 33156702,www.uncisal.edu.br,reitoria@uncisal.edu.br,Rua Jorge de Lima - 113 - CEP: 57010-300 - Trapiche da Barra,Maceió,AL,Universidade,EAD - Superior / Presencial - Superior /,Publica,Pública Estadual,1970-03-15,-,,3,2013.0,4,2023.0,,,,Ativa,,10-s2.0-60101657,60101657,Universidade Estadual de Ciências da Saúde de Alagoas,,http://www.uncisal.edu.br/,['Universidade Estadual de Ciências da Saúde de Alagoas'],0,1,0,0
15601,UNIVERSIDADE FEDERAL DE ALAGOAS,24.464.109/0001-48,Pessoa Jurídica de Direito Público - Federal,577,UNIVERSIDADE FEDERAL DE ALAGOAS (UFAL),UFAL,(82) 3214 1767,www.ufal.edu.br,gr@reitoria.ufal.br;pi@reitoria.ufal.br,Av. Lourival de Melo Mota - s/n - CEP: 57072-970 - TABULEIRO DO MARTINS,Maceió,AL,Universidade,EAD - Superior / Presencial - Superior /,Publica,Pública Federal,1961-01-27,4,2018.0,4,2019.0,4,2023.0,,,,Ativa,,10-s2.0-60005405,60005405,Universidade Federal de Alagoas,ufal.br,https://ufal.br/ufal,"['Federal University of Alagoas', 'Universidade Federal de Alagoas']",1,0,0,1
2405,CENESUP - CENTRO NACIONAL DE ENSINO SUPERIOR LTDA,05.474.470/0001-00,Privada com fins lucrativos,1422,CENTRO UNIVERSITÁRIO DO NORTE (UNINORTE),UNINORTE,(81) 3413-4611,http://www.uninorte.com.br,emec@sereducacional.com,Av. Getúlio Vargas - 604 - CEP: 69020-010 - centro,Manaus,AM,Centro Universitário,EAD - Superior / Presencial - Superior /,Privada,Privada sem fins lucrativos,1994-07-14,5,2023.0,4,2023.0,3,2023.0,,,Unificação de Mantidas,Ativa,,10-s2.0-118441119,118441119,Centro Universitário do Norte,,,['Centro Universitário Do Norte'],1,0,0,1
2405,CENESUP - CENTRO NACIONAL DE ENSINO SUPERIOR LTDA,05.474.470/0001-00,Privada com fins lucrativos,1422,CENTRO UNIVERSITÁRIO DO NORTE (UNINORTE),UNINORTE,(81) 3413-4611,http://www.uninorte.com.br,emec@sereducacional.com,Av. Getúlio Vargas - 604 - CEP: 69020-010 - centro,Manaus,AM,Centro Universitário,EAD - Superior / Presencial - Superior /,Privada,Privada sem fins lucrativos,1994-07-14,5,2023.0,4,2023.0,3,2023.0,,,Unificação de Mantidas,Ativa,,10-s2.0-126286473,126286473,Centro Universitário do Norte (UniNorte),,,['Centro Universitário Do Norte (uninorte)'],1,0,0,1
2405,CENESUP - CENTRO NACIONAL DE ENSINO SUPERIOR LTDA,05.474.470/0001-00,Privada com fins lucrativos,1422,CENTRO UNIVERSITÁRIO DO NORTE (UNINORTE),UNINORTE,(81) 3413-4611,http://www.uninorte.com.br,emec@sereducacional.com,Av. Getúlio Vargas - 604 - CEP: 69020-010 - centro,Manaus,AM,Centro Universitário,EAD - Superior / Presencial - Superior /,Privada,Privada sem fins lucrativos,1994-07-14,5,2023.0,4,2023.0,3,2023.0,,,Unificação de Mantidas,Ativa,,10-s2.0-111855232,111855232,Centro Universitário do Norte,,,['Centro Universitário Do Norte'],1,0,0,1
2405,CENESUP - CENTRO NACIONAL DE ENSINO SUPERIOR LTDA,05.474.470/0001-00,Privada com fins lucrativos,1422,CENTRO UNIVERSITÁRIO DO NORTE (UNINORTE),UNINORTE,(81) 3413-4611,http://www.uninorte.com.br,emec@sereducacional.com,Av. Getúlio Vargas - 604 - CEP: 69020-010 - centro,Manaus,AM,Centro Universitário,EAD - Superior / Presencial - Superior /,Privada,Privada sem fins lucrativos,1994-07-14,5,2023.0,4,2023.0,3,2023.0,,,Unificação de Mantidas,Ativa,,10-s2.0-120736169,120736169,Centro Universitário do Norte (UNINORTE/Manaus),,,['Centro Universitário Do Norte (uninorte/manaus)'],1,0,0,1
2405,CENESUP - CENTRO NACIONAL DE ENSINO SUPERIOR LTDA,05.474.470/0001-00,Privada com fins lucrativos,1422,CENTRO UNIVERSITÁRIO DO NORTE (UNINORTE),UNINORTE,(81) 3413-4611,http://www.uninorte.com.br,emec@sereducacional.com,Av. Getúlio Vargas - 604 - CEP: 69020-010 - centro,Manaus,AM,Centro Universitário,EAD - Superior / Presencial - Superior /,Privada,Privada sem fins lucrativos,1994-07-14,5,2023.0,4,2023.0,3,2023.0,,,Unificação de Mantidas,Ativa,,10-s2.0-117223444,117223444,Centro Universitário do Norte,,,"['Centro Universitário Do Norte (uninorte)', 'Centro Universitário Do Norte', 'Centro Universitario Do Norte (uninorte)', 'Centro Universitario Do Norte']",1,0,0,4
417,SOCIEDADE PORVIR CIENTIFICO,92.741.990/0001-37,Privada sem fins lucrativos,2676,FACULDADE LA SALLE,-,(92) 3655 1246,www.lasalle.edu.br/faculdade/manaus,mariafatima.duraes@lasalle.org.br,Avenida Dom Pedro I - 151 - CEP: 69040-040 - Dom Pedro,Manaus,AM,Faculdade,Presencial - Superior,Privada,Privada sem fins lucrativos,2004-08-12,4,2024.0,-,,3,2023.0,,,,Ativa,,10-s2.0-117310813,117310813,Faculdades La Salle,,,"['Faculdade La Salle', 'Faculdades La Salle']",0,0,0,1
417,SOCIEDADE PORVIR CIENTIFICO,92.741.990/0001-37,Privada sem fins lucrativos,2676,FACULDADE LA SALLE,-,(92) 3655 1246,www.lasalle.edu.br/faculdade/manaus,mariafatima.duraes@lasalle.org.br,Avenida Dom Pedro I - 151 - CEP: 69040-040 - Dom Pedro,Manaus,AM,Faculdade,Presencial - Superior,Privada,Privada sem fins lucrativos,2004-08-12,4,2024.0,-,,3,2023.0,,,,Ativa,,10-s2.0-119177488,119177488,Faculdade La Salle,,,['Faculdade La Salle'],1,0,0,1
417,SOCIEDADE PORVIR CIENTIFICO,92.741.990/0001-37,Privada sem fins lucrativos,2676,FACULDADE LA SALLE,-,(92) 3655 1246,www.lasalle.edu.br/faculdade/manaus,mariafatima.duraes@lasalle.org.br,Avenida Dom Pedro I - 151 - CEP: 69040-040 - Dom Pedro,Manaus,AM,Faculdade,Presencial - Superior,Privada,Privada sem fins lucrativos,2004-08-12,4,2024.0,-,,3,2023.0,,,,Ativa,,10-s2.0-115241797,115241797,Facultade la Salle,,,"['Facultade La Salle', 'Faculdade La Salle']",0,0,0,1
1433,INSPETORIA SALESIANA MISSIONARIA DA AMAZONIA,04.373.163/0001-70,Pessoa Jurídica de Direito Privado - Sem fins lucrativos - Associação de Utilidade Pública,2186,FACULDADE SALESIANA DOM BOSCO (FSDB),FSDB,(92) 31314100,http://www.fsdb.edu.br,frankbrito@hotmail.com,AVENIDA COSME FERREIRA - 5122 - CEP: 69083-000 - ZUMBI DOS PALMARES,Manaus,AM,Faculdade,Presencial - Superior,Privada,Privada sem fins lucrativos,2002-04-18,4,2017.0,-,,3,2023.0,,,,Ativa,,10-s2.0-118452322,118452322,Faculdade Salesiana Dom Bosco,,,['Faculdade Salesiana Dom Bosco'],1,0,0,1
16460,SOCIEDADE EDUCACIONAL IDAAM LTDA,02.514.969/0001-06,Privada com fins lucrativos,20651,Faculdades IDAAM (IDAAM),IDAAM,(92)3304.5590,www.idaam.edu.br,direcao@idaam.edu.br,Avenida Djalma Batista - 1719 - CEP: 69050-010 - Chapada,Manaus,AM,Faculdade,Presencial - Superior,Privada,Privada com fins lucrativos,2017-05-04,2,2022.0,-,,2,2023.0,,,Em Descredenciamento voluntário,Ativa,,10-s2.0-114612345,114612345,IDAAM,,,"['Idaam', 'Faculdades Idaam', 'Idaam Educação Superior', 'Idaam Educacao Superior']",0,0,0,1
16583,"INSTITUTO FEDERAL DE EDUCACAO, CIENCIA E TECNOLOGIA DO AMAZONAS",10.792.928/0001-00,Pessoa Jurídica de Direito Público - Federal,1812,"INSTITUTO FEDERAL DE EDUCAÇÃO, CIÊNCIA E TECNOLOGIA DO AMAZONAS (IFAM)",IFAM,(92)3303-0003 / 3306-0054 / 3306-0055,http://www2.ifam.edu.br/,gabinete@ifam.edu.br; cpei.proen@ifam.edu.br; proen@ifam.edu.br,Avenida Sete de Setembro - 1975 - CEP: 69020-120 - CENTRO,Manaus,AM,"Instituto Federal de Educação, Ciência e Tecnologia",EAD - Superior / Presencial - Superior /,Publica,Pública Federal,2001-03-27,4,2012.0,4,2020.0,3,2023.0,,,,Ativa,,10-s2.0-60101673,60101673,"Instituto Federal de Educação, Ciência e Tecnologia do Amazonas",,,"['Instituto Federal de Educação, Ciência e Tecnologia do Amazonas']",1,0,0,1
2015,UNIVERSIDADE DO ESTADO DO AMAZONAS,04.280.196/0001-76,Pessoa Jurídica de Direito Público - Estadual,3172,UNIVERSIDADE DO ESTADO DO AMAZONAS (UEA),UEA,92-99517-3052,www.uea.edu.br,gabinetechefia@uea.edu.br,Avenida Djalma Batista - 2490 - CEP: 69005-010 - Flores,Manaus,AM,Universidade,EAD - Superior / Presencial - Superior /,Publica,Pública Estadual,2001-01-12,-,,3,2023.0,4,2023.0,,,,Ativa,,10-s2.0-60002175,60002175,Universidade do Estado do Amazonas,uea.edu.br,https://www3.uea.edu.br/?lang=en,"['Amazon State University', 'Universidade do Estado do Amazonas', 'University of the State of Amazonas']",1,0,1,1
2015,UNIVERSIDADE DO ESTADO DO AMAZONAS,04.280.196/0001-76,Pessoa Jurídica de Direito Público - Estadual,3172,UNIVERSIDADE DO ESTADO DO AMAZONAS (UEA),UEA,92-99517-3052,www.uea.edu.br,gabinetechefia@uea.edu.br,Avenida Djalma Batista - 2490 - CEP: 69005-010 - Flores,Manaus,AM,Universidade,EAD - Superior / Presencial - Superior /,Publica,Pública Estadual,2001-01-12,-,,3,2023.0,4,2023.0,,,,Ativa,,10-s2.0-60010116,60010116,"Universidade do Estado do Amazonas, Faculdade de Medicina",www3.uea.edu.br,,"['Amazon State University, Faculty of Medicine', 'Universidade do Estado do Amazonas, Faculdade de Medicina']",0,0,1,0
4,FUNDACAO UNIVERSIDADE DO AMAZONAS,04.378.626/0001-97,Pessoa Jurídica de Direito Público - Federal,4,UNIVERSIDADE FEDERAL DO AMAZONAS (UFAM),UFAM,(92) 3305-4513,www.ufam.edu.br,gabinete@ufam.edu.br,Av. Rodrigo Otávio - 6200 - CEP: 69077-000 - Coroado II,Manaus,AM,Universidade,EAD - Superior / Presencial - Superior /,Publica,Pública Federal,1962-06-27,4,2019.0,-,,4,2023.0,,,,Ativa,,10-s2.0-60000943,60000943,Universidade Federal do Amazonas,ufam.edu.br,https://ufam.edu.br/,"['Federal University of Amazonas', 'Universidade Federal do Amazonas']",1,1,1,1
441,CENTRO DE ENSINO SUPERIOR NILTON LINS,04.803.904/0001-06,Privada sem fins lucrativos,669,UNIVERSIDADE NILTON LINS (UNINILTONLINS),UNINILTONLINS,(92) 3643 2000,www.niltonlins.br,warce@niltonlins.br;jmotta@niltonlins.br;karla@niltonlins.br,Av. Prof. Nilton Lins - 3259 - CEP: 69058-040 - Parque das Laranjeiras,Manaus,AM,Universidade,EAD - Superior / Presencial - Superior /,Privada,Privada sem fins lucrativos,1989-08-22,4,2017.0,3,2016.0,3,2023.0,,,,Ativa,,10-s2.0-60194532,60194532,Universidade Nilton Lins,universidadeniltonlins.com.br,https://universidadeniltonlins.com.br/,"['Universidade Nilton Lins', 'Nilton Lins University']",1,0,0,1
545,"IREP SOCIEDADE DE ENSINO SUPERIOR, MEDIO E FUNDAMENTAL LTDA.",02.608.755/0001-07,Privada com fins lucrativos,2380,Faculdade Estácio do Amapá - Estácio Amapá (ESTÁCIO AMAPÁ),ESTÁCIO AMAPÁ,,www.estacio.br,cgfamap@gmail.com;regulatorio.nacional@estacio.br,Rodovia Juscelino Kubitschek - s/n - CEP: 68903-014 - Jardim Equatorial,Macapá,AP,Faculdade,Presencial - Superior,Privada,Privada com fins lucrativos,2002-03-28,4,2023.0,-,,3,2023.0,,,,Ativa,,10-s2.0-60022378,60022378,Universidade Estacio de Sa,estacio.br,http://www.estacio.br,"['Estacio de Sa University', 'Universidade Estacio de Sa']",0,1,1,0
545,"IREP SOCIEDADE DE ENSINO SUPERIOR, MEDIO E FUNDAMENTAL LTDA.",02.608.755/0001-07,Privada com fins lucrativos,2380,Faculdade Estácio do Amapá - Estácio Amapá (ESTÁCIO AMAPÁ),ESTÁCIO AMAPÁ,,www.estacio.br,cgfamap@gmail.com;regulatorio.nacional@estacio.br,Rodovia Juscelino Kubitschek - s/n - CEP: 68903-014 - Jardim Equatorial,Macapá,AP,Faculdade,Presencial - Superior,Privada,Privada com fins lucrativos,2002-03-28,4,2023.0,-,,3,2023.0,,,,Ativa,,10-s2.0-60003597,60003597,Universidade Estacio de Sa Faculdade de Medicina,estacio.br,http://www.estacio.br,"['Estacio de Sa University Faculty of Medicine', 'Universidade Estacio de Sa Faculdade de Medicina']",0,1,1,0
15022,"INSTITUTO FEDERAL DE EDUCACAO, CIENCIA E TECNOLOGIA DO AMAPA",10.820.882/0001-95,Pessoa Jurídica de Direito Público - Federal,15522,"INSTITUTO FEDERAL DE EDUCAÇÃO, CIÊNCIA E TECNOLOGIA DO AMAPÁ (IFAP)",IFAP,096-3198.2150,www.ifap.edu.br,reitoria@ifap.edu.br,"Rodovia BR-210, Km 3 - s/n - CEP: 68909-398 - Brasil Novo",Macapá,AP,"Instituto Federal de Educação, Ciência e Tecnologia",EAD - Superior / Presencial - Superior,Publica,Pública Federal,2008-12-30,4,2017.0,4,2016.0,3,2023.0,,,,Ativa,,10-s2.0-118836924,118836924,"Instituto Federal de Educação, Ciência e Tecnologia do Amapá",,,"['Instituto Federal De Educação, Ciência E Tecnologia Do Amapá', 'Instituto Federal Do Amapá (ifap)', 'Instituto Federal Do Amapá', 'Ifap - Instituto Federal De Educação Do Amapá', 'Federal Institute Of Amapá', 'Federal Institute Amapá - Ifap']",1,0,0,1
15022,"INSTITUTO FEDERAL DE EDUCACAO, CIENCIA E TECNOLOGIA DO AMAPA",10.820.882/0001-95,Pessoa Jurídica de Direito Público - Federal,15522,"INSTITUTO FEDERAL DE EDUCAÇÃO, CIÊNCIA E TECNOLOGIA DO AMAPÁ (IFAP)",IFAP,096-3198.2150,www.ifap.edu.br,reitoria@ifap.edu.br,"Rodovia BR-210, Km 3 - s/n - CEP: 68909-398 - Brasil Novo",Macapá,AP,"Instituto Federal de Educação, Ciência e Tecnologia",EAD - Superior / Presencial - Superior,Publica,Pública Federal,2008-12-30,4,2017.0,4,2016.0,3,2023.0,,,,Ativa,,10-s2.0-60271885,60271885,"Instituto Federal De Educação, Ciência E Tecnologia Do Amapá – IFAP",ifap.edu.br,https://ifap.edu.br/index.php/component/content/article?id=489,"['Instituto Federal de Educação, Ciência e Tecnologia do Amapá', 'Federal Institute of Education, Science and Technology of Amapá', 'Instituto Federal De Educação, Ciência E Tecnologia Do Amapá – IFAP', 'Instituto Federal do Amapá']",0,0,1,1
3666,GOVERNO DO ESTADO DO AMAPA,00.394.577/0001-25,Pessoa Jurídica de Direito Público - Estadual,5701,UNIVERSIDADE DO ESTADO DO AMAPÁ (UEAP),UEAP,,www.ueap.edu.br,gabinete@ueap.edu.br,Avenida Presidente Getúlio Vargas - 650 - CEP: 68900-070 - Central,Macapá,AP,Universidade,EAD - Superior / Presencial - Superior /,Publica,Pública Estadual,2006-05-31,-,,-,,3,2023.0,,,,Ativa,,10-s2.0-60281072,60281072,Universidade do Estado do Amapá,ueap.edu.br,https://ueap.edu.br/,[],1,1,1,0
574,FUNDACAO UNIVERSIDADE FEDERAL DO AMAPA,34.868.257/0001-81,Pessoa Jurídica de Direito Público - Federal,830,UNIVERSIDADE FEDERAL DO AMAPÁ (UNIFAP),UNIFAP,(96) 3312-1705,www.unifap.br,unifap@unifap.br,RODOVIA JOSMAR CHAVES PINTO - KM 02 - S/N - CEP: 68903-419 - JARDIM MARCO ZERO,Macapá,AP,Universidade,EAD - Superior / Presencial - Superior /,Publica,Pública Federal,1990-03-05,2,2015.0,4,2019.0,3,2023.0,,,,Ativa,,10-s2.0-60019875,60019875,Universidade Federal do Amapa,unifap.br,http://www.unifap.br/,"['Federal University of Amapa', 'Universidade Federal do Amapa']",1,1,1,1
16079,AGES EDUCACAO LTDA,18.867.222/0001-71,Privada com fins lucrativos,1640,CENTRO UNIVERSITÁRIO AGES (UniAGES),UniAGES,1127991840,www.faculdadeages.com.br,regulatorio@animaeducacao.com.br,Avenida Universitária - 23 - CEP: 48430-000 - Centro,Paripiranga,BA,Centro Universitário,EAD - Superior / Presencial - Superior /,Privada,Privada com fins lucrativos,2001-02-26,5,2023.0,4,2018.0,3,2023.0,,,,Ativa,,10-s2.0-121944106,121944106,Centro Universitário Ages,,,"['Centro Universitário Ages', 'Professor At Centro Universitário Ages', 'Centro Universitário Uniages']",1,0,0,1
545,"IREP SOCIEDADE DE ENSINO SUPERIOR, MEDIO E FUNDAMENTAL LTDA.",02.608.755/0001-07,Privada com fins lucrativos,1058,Centro Universitário Estácio da Bahia (Estácio Bahia),Estácio Bahia,,www.estacio.br,cgcenunivfib@gmail.com;regulatorio.nacional@estacio.br;,Rua Xingu - 179 - CEP: 41770-130 - STIEP,Salvador,BA,Centro Universitário,Presencial - Superior,Privada,Privada com fins lucrativos,1997-12-02,5,2023.0,-,,3,2023.0,,,,Ativa,,10-s2.0-118323013,118323013,Centro Universitário Estácio da Bahia,,,['Centro Universitário Estácio Da Bahia'],1,0,0,1
545,"IREP SOCIEDADE DE ENSINO SUPERIOR, MEDIO E FUNDAMENTAL LTDA.",02.608.755/0001-07,Privada com fins lucrativos,1058,Centro Universitário Estácio da Bahia (Estácio Bahia),Estácio Bahia,,www.estacio.br,cgcenunivfib@gmail.com;regulatorio.nacional@estacio.br;,Rua Xingu - 179 - CEP: 41770-130 - STIEP,Salvador,BA,Centro Universitário,Presencial - Superior,Privada,Privada com fins lucrativos,1997-12-02,5,2023.0,-,,3,2023.0,,,,Ativa,,10-s2.0-60022378,60022378,Universidade Estacio de Sa,estacio.br,http://www.estacio.br,"['Estacio de Sa University', 'Universidade Estacio de Sa']",0,1,1,0
545,"IREP SOCIEDADE DE ENSINO SUPERIOR, MEDIO E FUNDAMENTAL LTDA.",02.608.755/0001-07,Privada com fins lucrativos,1058,Centro Universitário Estácio da Bahia (Estácio Bahia),Estácio Bahia,,www.estacio.br,cgcenunivfib@gmail.com;regulatorio.nacional@estacio.br;,Rua Xingu - 179 - CEP: 41770-130 - STIEP,Salvador,BA,Centro Universitário,Presencial - Superior,Privada,Privada com fins lucrativos,1997-12-02,5,2023.0,-,,3,2023.0,,,,Ativa,,10-s2.0-60003597,60003597,Universidade Estacio de Sa Faculdade de Medicina,estacio.br,http://www.estacio.br,"['Estacio de Sa University Faculty of Medicine', 'Universidade Estacio de Sa Faculdade de Medicina']",0,1,1,0
1329,CESG - CENTRO DE EDUCACAO SUPERIOR DE GUANAMBI S/A,04.097.860/0001-46,Privada com fins lucrativos,2023,Centro Universitário FG (UNIFG),UNIFG,(77) 3451-8400,http://centrouniversitariounifg.edu.br/,regulatorio@animaeducacao.com.br,Avenida Pedro Felipe Duarte - 4911 - CEP: 46430-000 - São Sebastião,Guanambi,BA,Centro Universitário,Presencial - Superior,Privada,Privada com fins lucrativos,2002-11-08,5,2023.0,4,2023.0,3,2023.0,,,,Ativa,,10-s2.0-120299498,120299498,Centro Universitário UniFG,,,"['Centro Universitário Unifg', 'Centro Universitário Fg']",0,0,0,1
1329,CESG - CENTRO DE EDUCACAO SUPERIOR DE GUANAMBI S/A,04.097.860/0001-46,Privada com fins lucrativos,2023,Centro Universitário FG (UNIFG),UNIFG,(77) 3451-8400,http://centrouniversitariounifg.edu.br/,regulatorio@animaeducacao.com.br,Avenida Pedro Felipe Duarte - 4911 - CEP: 46430-000 - São Sebastião,Guanambi,BA,Centro Universitário,Presencial - Superior,Privada,Privada com fins lucrativos,2002-11-08,5,2023.0,4,2023.0,3,2023.0,,,,Ativa,,10-s2.0-126579685,126579685,Centro Universitário FG,,,[],1,0,0,0
805,ASBEC-SOCIEDADE BAIANA DE EDUCACAO E CULTURA LTDA,01.120.386/0001-38,Privada com fins lucrativos,1185,CENTRO UNIVERSITÁRIO JORGE AMADO (UNIJORGE),UNIJORGE,(71) 3206-8002,http://www.unijorge.edu.br,niube.ruggero@unijorge.edu.br; luciana.lauria@unijorge.edu.br,Avenida Luis Vianna Filho - 6775 - CEP: 41820-725 - Paralela,Salvador,BA,Centro Universitário,EAD - Superior / Presencial - Superior /,Privada,Privada com fins lucrativos,1998-09-29,5,2023.0,5,2023.0,4,2023.0,,,,Ativa,,10-s2.0-112625173,112625173,Centro Universitário Jorge Amado,,,[],1,0,0,0
805,ASBEC-SOCIEDADE BAIANA DE EDUCACAO E CULTURA LTDA,01.120.386/0001-38,Privada com fins lucrativos,1185,CENTRO UNIVERSITÁRIO JORGE AMADO (UNIJORGE),UNIJORGE,(71) 3206-8002,http://www.unijorge.edu.br,niube.ruggero@unijorge.edu.br; luciana.lauria@unijorge.edu.br,Avenida Luis Vianna Filho - 6775 - CEP: 41820-725 - Paralela,Salvador,BA,Centro Universitário,EAD - Superior / Presencial - Superior /,Privada,Privada com fins lucrativos,1998-09-29,5,2023.0,5,2023.0,4,2023.0,,,,Ativa,,10-s2.0-117633934,117633934,Centro Universitário Jorge Amado,,,['Centro Universitário Jorge Amado'],1,0,0,1
17971,REDE DE ENSINO FAVENI LTDA,14.086.522/0001-62,Privada com fins lucrativos,1641,CENTRO UNIVERSITÁRIO SOCIAL DA BAHIA (UNISBA),UNISBA,8000701111,www.unisba.edu.br,diretoria@faveni.edu.br,Rua Fernando Menezes de Góes - 570 - CEP: 41810-700 - Pituba,Salvador,BA,Centro Universitário,EAD - Superior / Presencial - Superior /,Privada,Privada com fins lucrativos,2001-03-20,4,2018.0,4,2022.0,3,2023.0,,,,Ativa,,10-s2.0-113000367,113000367,Centro Universitário Social da Bahia,,,[],1,0,0,0
435,ASSOCIACAO SALGADO DE OLIVEIRA DE EDUCACAO E CULTURA,28.638.393/0001-82,Pessoa Jurídica de Direito Privado - Sem fins lucrativos - Associação de Utilidade Pública,15056,CENTRO UNIVERSITÁRIO UNIVERSO SALVADOR,-,(21) 2138-4945,www.universo.edu.br,reitoria@nt.universo.edu.br,Avenida Antônio Carlos Magalhães - 2728 - CEP: 41800-700 - Pituba,Salvador,BA,Centro Universitário,Presencial - Superior,Privada,Privada sem fins lucrativos,,5,2018.0,-,,3,2023.0,,,,Ativa,,10-s2.0-60021699,60021699,Universidade Salgado de Oliveira,universo.edu.br,http://www.universo.edu.br,"['Salgado de Oliveira University', 'Universidade Salgado de Oliveira']",0,1,1,0
372,FUNDACAO BAHIANA PARA DESENVOLVIMENTO DAS CIENCIAS,13.927.934/0001-15,Privada sem fins lucrativos,534,ESCOLA BAHIANA DE MEDICINA E SAÚDE PÚBLICA (EBMSP),EBMSP,(71) 2101-1900,www.bahiana.edu.br,geisaarlete@bahiana.edu.br;nelma@bahiana.edu.br;geisaarlete@hotmail.com,Av. D. João VI - 275 - CEP: 40290-150 - Brotas,Salvador,BA,Faculdade,EAD - Superior / Presencial - Superior /,Privada,Privada sem fins lucrativos,1953-04-07,5,2023.0,5,2017.0,4,2023.0,,,,Ativa,,10-s2.0-60030083,60030083,Escola Bahiana de Medicina e Saúde Pública – EBMSP,en.bahiana.edu.br,https://en.bahiana.edu.br/,"['Escola Bahiana de Medicina e Saude Publica', 'Bahia School of Medicine and Public Health', 'Escola Bahiana de Medicina e Saúde Pública – EBMSP']",0,0,0,1
14514,EDITORA E DISTRIBUIDORA EDUCACIONAL S/A,38.733.648/0001-40,Privada com fins lucrativos,2944,FACULDADE ANHANGUERA DE ITABUNA,-,(73) 2102 3033,www.anhanguera.com,natalia.rodrigues@kroton.com.br; ddi@kroton.com.br,Avenida José Soares Pinheiro - 1600 - CEP: 45600-097 - Centro,Itabuna,BA,Faculdade,Presencial - Superior,Privada,Privada com fins lucrativos,2004-08-12,4,2024.0,-,,3,2023.0,,,,Ativa,,10-s2.0-60281103,60281103,Universidade Anhanguera de São Paulo,anhanguera.com,https://www.anhanguera.com/unidades/,"['Universidade Anhanguera de São Paulo', 'Anhanguera Educacional', 'Anhanguera Educational']",0,0,1,0
1031,CENTRO DE ENSINO SUPERIOR DO EXTREMO SUL DA BAHIA LTDA,02.611.487/0001-74,Privada com fins lucrativos,1572,FACULDADE DE CIÊNCIAS SOCIAIS APLICADAS (FACISA),FACISA,(73) 3294.3690,https://facisaba.edu.br/,direcao@cesesb.edu.br,Rodovia Br 101 Km 808 - 1130 - CEP: 45836-000 - Santo Antonio do Monte,Itamaraju,BA,Faculdade,EAD - Superior / Presencial - Superior /,Privada,Privada com fins lucrativos,2000-10-23,4,2025.0,4,2019.0,3,2023.0,,,,Ativa,,10-s2.0-117467769,117467769,Faculdade de Ciências Sociais Aplicadas,,,"['Faculdade De Ciências Sociais Aplicadas', 'Faculdade De Ciências Sociais E Aplicadas']",1,0,0,1
16093,ORGANIZACAO TECNOLOGICA DE ENSINO LTDA,07.714.798/0001-82,Privada com fins lucrativos,20606,Faculdade de Tecnologia e Ciências (FTC Juazeiro),FTC Juazeiro,0800 056 6666,http://www.ftc.br/juazeiro/home/,lsoares@ftc.edu.br;dcocco.jua@ftc.edu.br;amello@ftc.edu.br,Rua Canadá - 309 - CEP: 40015-140 - Santa Maria Gorete,Juazeiro,BA,Faculdade,Presencial - Superior,Privada,Privada com fins lucrativos,2017-10-02,4,2023.0,-,,4,2023.0,,,,Ativa,,10-s2.0-101610522,101610522,Faculdade de Tecnologia e Ciências,,,['Faculdade De Tecnologia E Ciências'],1,0,0,1
16093,ORGANIZACAO TECNOLOGICA DE ENSINO LTDA,07.714.798/0001-82,Privada com fins lucrativos,20606,Faculdade de Tecnologia e Ciências (FTC Juazeiro),FTC Juazeiro,0800 056 6666,http://www.ftc.br/juazeiro/home/,lsoares@ftc.edu.br;dcocco.jua@ftc.edu.br;amello@ftc.edu.br,Rua Canadá - 309 - CEP: 40015-140 - Santa Maria Gorete,Juazeiro,BA,Faculdade,Presencial - Superior,Privada,Privada com fins lucrativos,2017-10-02,4,2023.0,-,,4,2023.0,,,,Ativa,,10-s2.0-106314822,106314822,Faculdade de Tecnologia e Ciências,,,[],1,0,0,0
16093,ORGANIZACAO TECNOLOGICA DE ENSINO LTDA,07.714.798/0001-82,Privada com fins lucrativos,20606,Faculdade de Tecnologia e Ciências (FTC Juazeiro),FTC Juazeiro,0800 056 6666,http://www.ftc.br/juazeiro/home/,lsoares@ftc.edu.br;dcocco.jua@ftc.edu.br;amello@ftc.edu.br,Rua Canadá - 309 - CEP: 40015-140 - Santa Maria Gorete,Juazeiro,BA,Faculdade,Presencial - Superior,Privada,Privada com fins lucrativos,2017-10-02,4,2023.0,-,,4,2023.0,,,,Ativa,,10-s2.0-124520339,124520339,Faculdade de Tecnologia e Ciências,,,[],1,0,0,0
16093,ORGANIZACAO TECNOLOGICA DE ENSINO LTDA,07.714.798/0001-82,Privada com fins lucrativos,20606,Faculdade de Tecnologia e Ciências (FTC Juazeiro),FTC Juazeiro,0800 056 6666,http://www.ftc.br/juazeiro/home/,lsoares@ftc.edu.br;dcocco.jua@ftc.edu.br;amello@ftc.edu.br,Rua Canadá - 309 - CEP: 40015-140 - Santa Maria Gorete,Juazeiro,BA,Faculdade,Presencial - Superior,Privada,Privada com fins lucrativos,2017-10-02,4,2023.0,-,,4,2023.0,,,,Ativa,,10-s2.0-114376762,114376762,Faculdade de Tecnologia e Ciências,,,"['Faculdade De Tecnologia E Ciências', 'Faculdade De Tecnologia E Ciência', 'Tecnologia E Ciências (ftc)']",1,0,0,1
16093,ORGANIZACAO TECNOLOGICA DE ENSINO LTDA,07.714.798/0001-82,Privada com fins lucrativos,20606,Faculdade de Tecnologia e Ciências (FTC Juazeiro),FTC Juazeiro,0800 056 6666,http://www.ftc.br/juazeiro/home/,lsoares@ftc.edu.br;dcocco.jua@ftc.edu.br;amello@ftc.edu.br,Rua Canadá - 309 - CEP: 40015-140 - Santa Maria Gorete,Juazeiro,BA,Faculdade,Presencial - Superior,Privada,Privada com fins lucrativos,2017-10-02,4,2023.0,-,,4,2023.0,,,,Ativa,,10-s2.0-112823132,112823132,Faculdade de Tecnologia e Ciências (FTC),,,"['Faculdade De Tecnologia E Ciências (ftc)', 'Faculdade De Tecnologia E Ciências (uniftc)', 'Faculdade Tecnologia E Ciências (ftc)', 'Faculdade Tecnologia E Ciência Da Rede Ftc-digital', 'Faculdade De Tecnologia E Ciência (uniftc)']",1,0,0,2
16093,ORGANIZACAO TECNOLOGICA DE ENSINO LTDA,07.714.798/0001-82,Privada com fins lucrativos,20606,Faculdade de Tecnologia e Ciências (FTC Juazeiro),FTC Juazeiro,0800 056 6666,http://www.ftc.br/juazeiro/home/,lsoares@ftc.edu.br;dcocco.jua@ftc.edu.br;amello@ftc.edu.br,Rua Canadá - 309 - CEP: 40015-140 - Santa Maria Gorete,Juazeiro,BA,Faculdade,Presencial - Superior,Privada,Privada com fins lucrativos,2017-10-02,4,2023.0,-,,4,2023.0,,,,Ativa,,10-s2.0-107974599,107974599,Faculdade de Tecnologia e Ciências (FTC),,,"['Faculdade De Tecnologia E Ciências-ftc', 'Faculdade De Tecnologia E Ciências (ftc)', 'Faculdade De Tecnologia E Ciência (ftc)']",1,0,0,1
16093,ORGANIZACAO TECNOLOGICA DE ENSINO LTDA,07.714.798/0001-82,Privada com fins lucrativos,20606,Faculdade de Tecnologia e Ciências (FTC Juazeiro),FTC Juazeiro,0800 056 6666,http://www.ftc.br/juazeiro/home/,lsoares@ftc.edu.br;dcocco.jua@ftc.edu.br;amello@ftc.edu.br,Rua Canadá - 309 - CEP: 40015-140 - Santa Maria Gorete,Juazeiro,BA,Faculdade,Presencial - Superior,Privada,Privada com fins lucrativos,2017-10-02,4,2023.0,-,,4,2023.0,,,,Ativa,,10-s2.0-109965054,109965054,Faculdade de Tecnologia e Ciências,,,"['Faculdade De Tecnologia E Ciências', 'Faculdade De Tecnologia E Ciências–ftc', 'Faculdade De Tecnologia E Ciências-ftc', 'Faculdade De Tecnologia E Ciências Da Bahia', 'Faculdade De Tecnologia E Ciências - Ftc', 'Faculdade De Ciência E Tecnologia (ftc)']",1,0,0,1
16093,ORGANIZACAO TECNOLOGICA DE ENSINO LTDA,07.714.798/0001-82,Privada com fins lucrativos,20606,Faculdade de Tecnologia e Ciências (FTC Juazeiro),FTC Juazeiro,0800 056 6666,http://www.ftc.br/juazeiro/home/,lsoares@ftc.edu.br;dcocco.jua@ftc.edu.br;amello@ftc.edu.br,Rua Canadá - 309 - CEP: 40015-140 - Santa Maria Gorete,Juazeiro,BA,Faculdade,Presencial - Superior,Privada,Privada com fins lucrativos,2017-10-02,4,2023.0,-,,4,2023.0,,,,Ativa,,10-s2.0-100370609,100370609,Faculdade de Tecnologia e Ciências,,,"['Faculdade De Tecnologia E Ciências', 'Faculdade De Tecnologia E Ciências (ftc)', 'Faculdade De Tecnologia E Ciencias Medical School', 'Faculdade De Tecn. E Ciências', 'Faculdade Tecnologia E Ciências (ftc)', 'Faculdade De Tecnologia E Ciência - Ftc', 'Faculdade De Tecnologia E Ciência', 'Faculdade De Tecnologia E Ciencias', 'Faculdade De Ciência E Tecnologia', 'Hospital Aliança And Faculdade De Tecnologia E Ciencias Medical School']",1,0,0,3
16093,ORGANIZACAO TECNOLOGICA DE ENSINO LTDA,07.714.798/0001-82,Privada com fins lucrativos,20606,Faculdade de Tecnologia e Ciências (FTC Juazeiro),FTC Juazeiro,0800 056 6666,http://www.ftc.br/juazeiro/home/,lsoares@ftc.edu.br;dcocco.jua@ftc.edu.br;amello@ftc.edu.br,Rua Canadá - 309 - CEP: 40015-140 - Santa Maria Gorete,Juazeiro,BA,Faculdade,Presencial - Superior,Privada,Privada com fins lucrativos,2017-10-02,4,2023.0,-,,4,2023.0,,,,Ativa,,10-s2.0-115144871,115144871,Faculdade de Tecnologia e Ciências (FTC),,,"['Faculdade De Tecnologia E Ciências (ftc)', 'Faculdade De Tecnologia E Ciências', 'Ftc - Faculdade De Tecnologia E Ciências', 'Faculdade De Tecnologia E Ciência']",1,0,0,2
16093,ORGANIZACAO TECNOLOGICA DE ENSINO LTDA,07.714.798/0001-82,Privada com fins lucrativos,20606,Faculdade de Tecnologia e Ciências (FTC Juazeiro),FTC Juazeiro,0800 056 6666,http://www.ftc.br/juazeiro/home/,lsoares@ftc.edu.br;dcocco.jua@ftc.edu.br;amello@ftc.edu.br,Rua Canadá - 309 - CEP: 40015-140 - Santa Maria Gorete,Juazeiro,BA,Faculdade,Presencial - Superior,Privada,Privada com fins lucrativos,2017-10-02,4,2023.0,-,,4,2023.0,,,,Ativa,,10-s2.0-112118971,112118971,Faculdade de Tecnologia e Ciências (FTC),,,[],1,0,0,0
12178,FATEC -BA FACULDADE DE TECNOLOGIA E CIENCIAS DA BAHIA LTDA,02.268.349/0001-34,Privada com fins lucrativos,12922,FACULDADE DE TECNOLOGIA E CIÊNCIAS DA BAHIA (FATEC/BA),FATEC/BA,(75)3366-2628; (75) 98288-7478,www.fatecba.edu.br,eva@fatecba.edu.br; cesar@coneduc.com.br; contato@coneduc.com.br,Rua Quinze de Novembro - 925 A - CEP: 48050-010 - Santa Isabel,Alagoinhas,BA,Faculdade,Presencial - Superior,Privada,Privada com fins lucrativos,2012-07-09,4,2024.0,-,,3,2023.0,,,,Ativa,,10-s2.0-109965054,109965054,Faculdade de Tecnologia e Ciências,,,"['Faculdade De Tecnologia E Ciências', 'Faculdade De Tecnologia E Ciências–ftc', 'Faculdade De Tecnologia E Ciências-ftc', 'Faculdade De Tecnologia E Ciências Da Bahia', 'Faculdade De Tecnologia E Ciências - Ftc', 'Faculdade De Ciência E Tecnologia (ftc)']",0,0,0,1
119,SOCIEDADE DE ENSINO SUPERIOR ESTACIO DE SA LTDA,34.075.739/0001-84,Privada com fins lucrativos,22076,Faculdade Estácio de Alagoinhas,-,,www.estacio.br,cgalagoinhas@gmail.com;regulatorio.nacional@estacio.br,Avenida Linha Verde - s/n - CEP: 48099-899 - Alagoinhas Velha,Alagoinhas,BA,Faculdade,Presencial - Superior,Privada,Privada com fins lucrativos,2018-03-28,5,2022.0,-,,3,2023.0,,,,Ativa,,10-s2.0-60022378,60022378,Universidade Estacio de Sa,estacio.br,http://www.estacio.br,"['Estacio de Sa University', 'Universidade Estacio de Sa']",0,1,1,0
119,SOCIEDADE DE ENSINO SUPERIOR ESTACIO DE SA LTDA,34.075.739/0001-84,Privada com fins lucrativos,22076,Faculdade Estácio de Alagoinhas,-,,www.estacio.br,cgalagoinhas@gmail.com;regulatorio.nacional@estacio.br,Avenida Linha Verde - s/n - CEP: 48099-899 - Alagoinhas Velha,Alagoinhas,BA,Faculdade,Presencial - Superior,Privada,Privada com fins lucrativos,2018-03-28,5,2022.0,-,,3,2023.0,,,,Ativa,,10-s2.0-60003597,60003597,Universidade Estacio de Sa Faculdade de Medicina,estacio.br,http://www.estacio.br,"['Estacio de Sa University Faculty of Medicine', 'Universidade Estacio de Sa Faculdade de Medicina']",0,1,1,0
12729,SOCIEDADE EMPRESARIAL DE ESTUDOS SUPERIORES E TECNOLOGICOS SANT''ANA LTDA - ME,09.403.679/0001-34,Privada com fins lucrativos,13783,FACULDADE ESTÁCIO DE FEIRA DE SANTANA (ESTÁCIO FEIRA DE SAN),ESTÁCIO FEIRA DE SAN,,http://portal.estacio.br/,cgunidasfs@gmail.com;regulatorio.nacional@estacio.br,Avenida Getúlio Vargas - 2734 - CEP: 44076-684 - Parque Getúlio Vargas,Feira de Santana,BA,Faculdade,Presencial - Superior,Privada,Privada com fins lucrativos,2012-11-26,4,2023.0,-,,3,2023.0,,,,Ativa,,10-s2.0-120941220,120941220,Faculdade Nobre de Feira de Santana,,,"['Faculdade Nobre De Feira De Santana', 'Faculdade Estácio De Feira De Santana', 'Faculdade Anísio Teixeira De Feira De Santana', 'Faculdade Nobre De Feira De Santana.']",0,0,0,1
1163,FAINOR FACULDADE INDEPENDENTE DO NORDESTE LTDA,03.262.477/0001-33,Privada com fins lucrativos,1758,FACULDADE INDEPENDENTE DO NORDESTE (FAINOR),FAINOR,(77) 3161-1000,www.fainor.com.br,pi@fainor.com.br,Avenida Luís Eduardo Magalhães - 1305 - CEP: 45028-440 - Candeias,Vitória da Conquista,BA,Faculdade,EAD - Superior / Presencial - Superior /,Privada,Privada com fins lucrativos,2001-07-09,4,2023.0,5,2018.0,3,2023.0,,,,Ativa,,10-s2.0-128091011,128091011,Faculdade Independente do Nordeste – FAINOR,,,"['Faculdade Independente Do Nordeste – Fainor', 'Faculdade Independente Do Nordeste (fainor)', 'Faculdade Independente Do Nordeste/fainor', 'Faculdade Independente Do Nor-deste – Fainor']",0,0,0,1
1163,FAINOR FACULDADE INDEPENDENTE DO NORDESTE LTDA,03.262.477/0001-33,Privada com fins lucrativos,1758,FACULDADE INDEPENDENTE DO NORDESTE (FAINOR),FAINOR,(77) 3161-1000,www.fainor.com.br,pi@fainor.com.br,Avenida Luís Eduardo Magalhães - 1305 - CEP: 45028-440 - Candeias,Vitória da Conquista,BA,Faculdade,EAD - Superior / Presencial - Superior /,Privada,Privada com fins lucrativos,2001-07-09,4,2023.0,5,2018.0,3,2023.0,,,,Ativa,,10-s2.0-105673007,105673007,Faculdade Independente Do Nordeste,,,"['Faculdade Independente Do Nordeste', 'Faculdade Independente Do Nordeste (fainor)', 'Faculdade Independente Do Nordeste – Fainor', 'Faculdade Independente Do Nordeste Ltda']",1,0,0,2
1163,FAINOR FACULDADE INDEPENDENTE DO NORDESTE LTDA,03.262.477/0001-33,Privada com fins lucrativos,1758,FACULDADE INDEPENDENTE DO NORDESTE (FAINOR),FAINOR,(77) 3161-1000,www.fainor.com.br,pi@fainor.com.br,Avenida Luís Eduardo Magalhães - 1305 - CEP: 45028-440 - Candeias,Vitória da Conquista,BA,Faculdade,EAD - Superior / Presencial - Superior /,Privada,Privada com fins lucrativos,2001-07-09,4,2023.0,5,2018.0,3,2023.0,,,,Ativa,,10-s2.0-114678411,114678411,Faculdade Independente do Nordeste (FAINOR),,,"['Faculdade Independente Do Nordeste (fainor)', 'Faculdade Independente Do Nordeste - Fainor', 'Faculdade Independente Do Nordeste', 'Faculdade Independente Do Nordeste. Vitória Da Conquista']",1,0,0,2
1163,FAINOR FACULDADE INDEPENDENTE DO NORDESTE LTDA,03.262.477/0001-33,Privada com fins lucrativos,1758,FACULDADE INDEPENDENTE DO NORDESTE (FAINOR),FAINOR,(77) 3161-1000,www.fainor.com.br,pi@fainor.com.br,Avenida Luís Eduardo Magalhães - 1305 - CEP: 45028-440 - Candeias,Vitória da Conquista,BA,Faculdade,EAD - Superior / Presencial - Superior /,Privada,Privada com fins lucrativos,2001-07-09,4,2023.0,5,2018.0,3,2023.0,,,,Ativa,,10-s2.0-130700926,130700926,Faculdade Independente do Nordeste (FAINOR),,,['Faculdade Independente Do Nordeste (fainor)'],1,0,0,1
1163,FAINOR FACULDADE INDEPENDENTE DO NORDESTE LTDA,03.262.477/0001-33,Privada com fins lucrativos,1758,FACULDADE INDEPENDENTE DO NORDESTE (FAINOR),FAINOR,(77) 3161-1000,www.fainor.com.br,pi@fainor.com.br,Avenida Luís Eduardo Magalhães - 1305 - CEP: 45028-440 - Candeias,Vitória da Conquista,BA,Faculdade,EAD - Superior / Presencial - Superior /,Privada,Privada com fins lucrativos,2001-07-09,4,2023.0,5,2018.0,3,2023.0,,,,Ativa,,10-s2.0-122263881,122263881,Faculdade Independente do Nordeste,,,"['Faculdade Independente Do Nordeste', 'Faculdade Independente Do Nordeste Ltda', 'Faculdade Independente Do Nordeste (fainor)']",1,0,0,2
15012,FACULDADE IRECE,10.854.658/0001-14,Privada com fins lucrativos,15504,FACULDADE IRECÊ (FAI),FAI,(74) 3641-8000,www.faifaculdade.com.br,marcos.carvalho@faifaculdade.com.br,Rua Rio Iguaçu - 397 - CEP: 44873-030 - Recanto das Árvores,Irecê,BA,Faculdade,EAD - Superior / Presencial - Superior /,Privada,Privada com fins lucrativos,2013-12-19,3,2017.0,4,2021.0,3,2023.0,,,,Ativa,,10-s2.0-120005495,120005495,Faculdade Irecê,,,"['Faculdade Irecê', 'Irecê', 'Faculdade De Irecê (fai)']",1,0,0,1
13736,"INSTITUTO FEDERAL DE EDUCACAO, CIENCIA E TECNOLOGIA BAIANO - REITORIA",10.724.903/0001-79,Pessoa Jurídica de Direito Público - Federal,14509,"INSTITUTO FEDERAL DE EDUCAÇÃO, CIÊNCIA E TECNOLOGIA BAIANO (IFBAIANO)",IFBAIANO,(71) 3186-0013,http://www.ifbaiano.edu.br,gabinete@ifbaiano.edu.br,Rua do Rouxinol - 115 - CEP: 41720-052 - Imbuí,Salvador,BA,"Instituto Federal de Educação, Ciência e Tecnologia",EAD - Superior / Presencial - Superior,Publica,Pública Federal,2008-12-30,4,2017.0,4,2023.0,3,2023.0,,,,Ativa,,10-s2.0-60272070,60272070,"Instituto Federal de Educação, Ciência e Tecnologia Baiano - IFBaiano",ifbaiano.edu.br,https://ifbaiano.edu.br/portal,"['Instituto Federal de Educação, Ciência e Tecnologia Baiano', 'Instituto Federal de Educação, Ciência e Tecnologia Baiano - IFBaiano']",0,0,1,1
13736,"INSTITUTO FEDERAL DE EDUCACAO, CIENCIA E TECNOLOGIA BAIANO - REITORIA",10.724.903/0001-79,Pessoa Jurídica de Direito Público - Federal,14509,"INSTITUTO FEDERAL DE EDUCAÇÃO, CIÊNCIA E TECNOLOGIA BAIANO (IFBAIANO)",IFBAIANO,(71) 3186-0013,http://www.ifbaiano.edu.br,gabinete@ifbaiano.edu.br,Rua do Rouxinol - 115 - CEP: 41720-052 - Imbuí,Salvador,BA,"Instituto Federal de Educação, Ciência e Tecnologia",EAD - Superior / Presencial - Superior,Publica,Pública Federal,2008-12-30,4,2017.0,4,2023.0,3,2023.0,,,,Ativa,,10-s2.0-116951835,116951835,"Instituto Federal de Educação, Ciência e Tecnologia Baiano",,,"['Instituto Federal De Educação, Ciência E Tecnologia Baiano', 'Federal De Educação']",1,0,0,1
13736,"INSTITUTO FEDERAL DE EDUCACAO, CIENCIA E TECNOLOGIA BAIANO - REITORIA",10.724.903/0001-79,Pessoa Jurídica de Direito Público - Federal,14509,"INSTITUTO FEDERAL DE EDUCAÇÃO, CIÊNCIA E TECNOLOGIA BAIANO (IFBAIANO)",IFBAIANO,(71) 3186-0013,http://www.ifbaiano.edu.br,gabinete@ifbaiano.edu.br,Rua do Rouxinol - 115 - CEP: 41720-052 - Imbuí,Salvador,BA,"Instituto Federal de Educação, Ciência e Tecnologia",EAD - Superior / Presencial - Superior,Publica,Pública Federal,2008-12-30,4,2017.0,4,2023.0,3,2023.0,,,,Ativa,,10-s2.0-109681814,109681814,"Instituto Federal de Educação, Ciência e Tecnologia Baiano",,,"['Instituto Federal De Educação, Ciência E Tecnologia Baiano', 'Instituto Federal De Educação Ciência E Tecnologia Baiano', 'Instituto Federal De Educação, Ciência E Tecnologia Baiano - Campus Senhor Do Bonfim', 'Instituto Federal De Educaçao Ciência E Tecnologia Baiano', 'Instituto Federal De Ciência E Tecnologia Baiano', 'Instituto Federal Baiano']",1,0,0,1
9092,"INSTITUTO FEDERAL DE EDUCACAO, CIENCIA E TECNOLOGIA DA BAHIA",10.764.307/0001-12,Pessoa Jurídica de Direito Público - Federal,599,"INSTITUTO FEDERAL DE EDUCAÇÃO, CIÊNCIA E TECNOLOGIA DA BAHIA (IFBA)",IFBA,(71) 2102-0413,www.ifba.edu.br,gabinete@ifba.edu.br;proenpi@ifba.edu.br,Avenida Araújo Pinho - 39 - CEP: 40110-150 - Canela,Salvador,BA,"Instituto Federal de Educação, Ciência e Tecnologia",EAD - Superior / Presencial - Superior /,Publica,Pública Federal,1976-07-07,4,2017.0,3,2020.0,4,2023.0,,,,Ativa,,10-s2.0-60271627,60271627,"Instituto Federal de Educação, Ciência e Tecnologia da Bahia – IFBA",portal.ifba.edu.br,https://portal.ifba.edu.br/,"['Instituto Federal de Educação, Ciência e Tecnologia da Bahia', 'Federal Institute of Education, Science and Technology of Bahia', 'Instituto Federal de Educação, Ciência e Tecnologia da Bahia – IFBA']",0,0,0,1
360,ASSOCIACAO UNIVERSITARIA E CULTURAL DA BAHIA,13.970.322/0001-05,Pessoa Jurídica de Direito Privado - Sem fins lucrativos - Associação de Utilidade Pública,519,UNIVERSIDADE CATÓLICA DO SALVADOR (UCSAL),UCSAL,(71) 32067988,www.ucsal.br,reitoria@ucsal.br,Avenida Professor Pinto de Aguiar - 2589 - CEP: 41740-090 - Pituaçu,Salvador,BA,Universidade,EAD - Superior / Presencial - Superior /,Privada,Privada sem fins lucrativos,1961-10-19,5,2023.0,4,2018.0,4,2023.0,,,,Ativa,,10-s2.0-100387984,100387984,Universidade Católica do Salvador,,,[],1,0,0,0
360,ASSOCIACAO UNIVERSITARIA E CULTURAL DA BAHIA,13.970.322/0001-05,Pessoa Jurídica de Direito Privado - Sem fins lucrativos - Associação de Utilidade Pública,519,UNIVERSIDADE CATÓLICA DO SALVADOR (UCSAL),UCSAL,(71) 32067988,www.ucsal.br,reitoria@ucsal.br,Avenida Professor Pinto de Aguiar - 2589 - CEP: 41740-090 - Pituaçu,Salvador,BA,Universidade,EAD - Superior / Presencial - Superior /,Privada,Privada sem fins lucrativos,1961-10-19,5,2023.0,4,2018.0,4,2023.0,,,,Ativa,,10-s2.0-106031199,106031199,Universidade Católica do Salvador,,,[],1,0,0,0
360,ASSOCIACAO UNIVERSITARIA E CULTURAL DA BAHIA,13.970.322/0001-05,Pessoa Jurídica de Direito Privado - Sem fins lucrativos - Associação de Utilidade Pública,519,UNIVERSIDADE CATÓLICA DO SALVADOR (UCSAL),UCSAL,(71) 32067988,www.ucsal.br,reitoria@ucsal.br,Avenida Professor Pinto de Aguiar - 2589 - CEP: 41740-090 - Pituaçu,Salvador,BA,Universidade,EAD - Superior / Presencial - Superior /,Privada,Privada sem fins lucrativos,1961-10-19,5,2023.0,4,2018.0,4,2023.0,,,,Ativa,,10-s2.0-114799509,114799509,Universidade Católica do Salvador,,,['Universidade Católica Do Salvador'],1,0,0,1
360,ASSOCIACAO UNIVERSITARIA E CULTURAL DA BAHIA,13.970.322/0001-05,Pessoa Jurídica de Direito Privado - Sem fins lucrativos - Associação de Utilidade Pública,519,UNIVERSIDADE CATÓLICA DO SALVADOR (UCSAL),UCSAL,(71) 32067988,www.ucsal.br,reitoria@ucsal.br,Avenida Professor Pinto de Aguiar - 2589 - CEP: 41740-090 - Pituaçu,Salvador,BA,Universidade,EAD - Superior / Presencial - Superior /,Privada,Privada sem fins lucrativos,1961-10-19,5,2023.0,4,2018.0,4,2023.0,,,,Ativa,,10-s2.0-107875652,107875652,Universidade Católica do Salvador (UCSal),,,"['Universidade Católica Do Salvador (ucsal)', 'Universidade Católica Do Salvador (ucsal']",1,0,0,1
360,ASSOCIACAO UNIVERSITARIA E CULTURAL DA BAHIA,13.970.322/0001-05,Pessoa Jurídica de Direito Privado - Sem fins lucrativos - Associação de Utilidade Pública,519,UNIVERSIDADE CATÓLICA DO SALVADOR (UCSAL),UCSAL,(71) 32067988,www.ucsal.br,reitoria@ucsal.br,Avenida Professor Pinto de Aguiar - 2589 - CEP: 41740-090 - Pituaçu,Salvador,BA,Universidade,EAD - Superior / Presencial - Superior /,Privada,Privada sem fins lucrativos,1961-10-19,5,2023.0,4,2018.0,4,2023.0,,,,Ativa,,10-s2.0-60013144,60013144,Universidade Catolica de Salvador,ucsal.br,http://www.ucsal.br,"['Catholic University of Salvador', 'Universidade Catolica de Salvador']",0,1,1,0
360,ASSOCIACAO UNIVERSITARIA E CULTURAL DA BAHIA,13.970.322/0001-05,Pessoa Jurídica de Direito Privado - Sem fins lucrativos - Associação de Utilidade Pública,519,UNIVERSIDADE CATÓLICA DO SALVADOR (UCSAL),UCSAL,(71) 32067988,www.ucsal.br,reitoria@ucsal.br,Avenida Professor Pinto de Aguiar - 2589 - CEP: 41740-090 - Pituaçu,Salvador,BA,Universidade,EAD - Superior / Presencial - Superior /,Privada,Privada sem fins lucrativos,1961-10-19,5,2023.0,4,2018.0,4,2023.0,,,,Ativa,,10-s2.0-113000478,113000478,Universidade Católica do Salvador,,,[],1,0,0,0
36,UNIVERSIDADE DO ESTADO DA BAHIA,14.485.841/0001-40,Pessoa Jurídica de Direito Público - Estadual,40,UNIVERSIDADE DO ESTADO DA BAHIA (UNEB),UNEB,(71) 3117-2354 (71) 3117-2734,www.uneb.br,asmlima@uneb.br,Rua Silveira Martins - 2555 - CEP: 41150-000 - Cabula,Salvador,BA,Universidade,EAD - Superior / Presencial - Superior /,Publica,Pública Estadual,1983-06-01,-,,-,,4,2023.0,,,,Ativa,,10-s2.0-60024874,60024874,Universidade do Estado da Bahia,uneb.br,http://www.uneb.br,"['Bahia State University', 'Universidade do Estado da Bahia']",1,1,1,1
438,UNIVERSIDADE ESTADUAL DE FEIRA DE SANTANA,14.045.546/0001-73,Pessoa Jurídica de Direito Público - Estadual,666,UNIVERSIDADE ESTADUAL DE FEIRA DE SANTANA (UEFS),UEFS,75 3161 8193,www.uefs.br,procuradoriaeducacional@uefs.br,Av Transnordestina - S/N - CEP: 44036-900 - Novo Horizonte,Feira de Santana,BA,Universidade,EAD - Superior / Presencial - Superior /,Publica,Pública Estadual,1970-01-24,-,,4,2016.0,4,2023.0,,,,Ativa,,10-s2.0-60013906,60013906,Universidade Estadual de Feira de Santana,uefs.br,http://www.uefs.br/portal,"['State University of Feira de Santana', 'Universidade Estadual de Feira de Santana']",1,0,1,1
24,UNIVERSIDADE ESTADUAL DE SANTA CRUZ,40.738.999/0001-95,Pessoa Jurídica de Direito Público - Estadual,24,UNIVERSIDADE ESTADUAL DE SANTA CRUZ (UESC),UESC,73 3680 5311,www.uesc.br,reitoria@uesc.br,KM 16 DA RODOVIA ILHÉUS ITABUNA - S/N - CEP: 45662-900 - Salobrinho,Ilhéus,BA,Universidade,EAD - Superior / Presencial - Superior /,Publica,Pública Estadual,1991-12-05,-,,4,2019.0,4,2023.0,,,,Ativa,,10-s2.0-60025637,60025637,Universidade Estadual de Santa Cruz,uesc.br,http://www.uesc.br/,"['State University of Santa Cruz', 'Universidade Estadual de Santa Cruz']",1,1,1,1
457,AUTARQUIA UNIVERSIDADE DO SUDOESTE,13.069.489/0001-08,Pessoa Jurídica de Direito Público - Estadual,688,UNIVERSIDADE ESTADUAL DO SUDOESTE DA BAHIA (UESB),UESB,(77) 3424 8728,www.uesb.br,ga@uesb.edu.br,Estrada do Bem Querer - KM 04 - S/N - CEP: 45083-900 - Zona Rural,Vitória da Conquista,BA,Universidade,EAD - Superior / Presencial - Superior /,Publica,Pública Estadual,1980-12-30,-,,3,2019.0,4,2023.0,,,,Ativa,,10-s2.0-60015403,60015403,Universidade Estadual do Sudoeste da Bahia,uesb.br,http://www.uesb.br/,"['Southwest Bahia State University', 'Universidade Estadual do Sudoeste da Bahia']",1,1,1,1
15594,UNIVERSIDADE FEDERAL DA BAHIA,15.180.714/0001-04,Pessoa Jurídica de Direito Público - Federal,578,UNIVERSIDADE FEDERAL DA BAHIA (UFBA),UFBA,(71) 3283-7072 e 3283-7045,www.portal.ufba.br,gabinete@ufba.br,RUA AUGUSTO VIANA - S/N - CEP: 40110-909 - CANELA,Salvador,BA,Universidade,EAD - Superior / Presencial - Superior /,Publica,Pública Federal,1946-04-12,5,2023.0,5,2023.0,5,2023.0,,,,Ativa,,10-s2.0-60013710,60013710,Universidade Federal da Bahia,portal.ufba.br,http://www.portal.ufba.br/,"['Federal University of Bahia', 'Universidade Federal da Bahia']",1,1,1,1
16078,UNIVERSIDADE FEDERAL DO OESTE DA BAHIA,18.641.263/0001-45,Pessoa Jurídica de Direito Público - Federal,18506,UNIVERSIDADE FEDERAL DO OESTE DA BAHIA (UFOB),UFOB,3614-3500,https://www.ufob.edu.br,GABINETE@UFOB.EDU.BR,Rua Professor José Seabra - S/N - CEP: 47805-100 - Centro,Barreiras,BA,Universidade,EAD - Superior / Presencial - Superior,Publica,Pública Federal,2013-06-06,5,2023.0,-,,4,2023.0,,,,Ativa,,10-s2.0-60271626,60271626,Universidade Federal do Oeste da Bahia,ufob.edu.br,https://ufob.edu.br/,"['Universidade Federal do Oeste da Bahia', 'Federal University of Western Bahia']",1,1,1,1
9114,UNIVERSIDADE FEDERAL DO RECONCAVO DA BAHIA - UFRB,07.777.800/0001-62,Pessoa Jurídica de Direito Público - Federal,4503,UNIVERSIDADE FEDERAL DO RECÔNCAVO DA BAHIA (UFRB),UFRB,(75) 3621 2350,www.ufrb.edu.br,pei@reitoria.ufrb.edu.br,Rua Rui Barbosa - 710 - CEP: 44380-000 - Centro,Cruz das Almas,BA,Universidade,EAD - Superior / Presencial - Superior /,Publica,Pública Federal,2005-08-01,4,2016.0,4,2022.0,4,2023.0,,,,Ativa,,10-s2.0-116189606,116189606,Universidade Federal do Recôncavo da Bahia,,,['Universidade Federal do Recôncavo da Bahia'],1,0,0,1
9114,UNIVERSIDADE FEDERAL DO RECONCAVO DA BAHIA - UFRB,07.777.800/0001-62,Pessoa Jurídica de Direito Público - Federal,4503,UNIVERSIDADE FEDERAL DO RECÔNCAVO DA BAHIA (UFRB),UFRB,(75) 3621 2350,www.ufrb.edu.br,pei@reitoria.ufrb.edu.br,Rua Rui Barbosa - 710 - CEP: 44380-000 - Centro,Cruz das Almas,BA,Universidade,EAD - Superior / Presencial - Superior /,Publica,Pública Federal,2005-08-01,4,2016.0,4,2022.0,4,2023.0,,,,Ativa,,10-s2.0-60004778,60004778,Universidade Federal do Reconcavo da Bahia,ufrb.edu.br,http://www.ufrb.edu.br/,"['Federal University of Reconcavo da Bahia', 'Universidade Federal do Reconcavo da Bahia']",1,1,1,1
9114,UNIVERSIDADE FEDERAL DO RECONCAVO DA BAHIA - UFRB,07.777.800/0001-62,Pessoa Jurídica de Direito Público - Federal,4503,UNIVERSIDADE FEDERAL DO RECÔNCAVO DA BAHIA (UFRB),UFRB,(75) 3621 2350,www.ufrb.edu.br,pei@reitoria.ufrb.edu.br,Rua Rui Barbosa - 710 - CEP: 44380-000 - Centro,Cruz das Almas,BA,Universidade,EAD - Superior / Presencial - Superior /,Publica,Pública Federal,2005-08-01,4,2016.0,4,2022.0,4,2023.0,,,,Ativa,,10-s2.0-115851661,115851661,Universidade Federal Do RecǑncavo da Bahia (UFRB),,,"['Universidade Federal Do Recǒncavo Da Bahia (ufrb)', 'Universidade Do Recôncavo Da Bahia']",1,0,0,1
16126,UNIVERSIDADE FEDERAL DO SUL DA BAHIA,18.560.547/0001-07,Pessoa Jurídica de Direito Público - Federal,18812,UNIVERSIDADE FEDERAL DO SUL DA BAHIA (UFSB),UFSB,73 36135497,www.ufsb.edu.br,reitoria@ufsb.edu.br,Praça José Bastos s/n - s/n - CEP: 45600-923 - Centro,Itabuna,BA,Universidade,EAD - Superior / Presencial - Superior,Publica,Pública Federal,2013-06-06,5,2023.0,-,,4,2023.0,,,,Ativa,,10-s2.0-114732905,114732905,Universidade Federal do Sul da Bahia,,,"['Universidade Federal Do Sul Da Bahia', 'Universidade Federal Do Sul Da Bahia (ufsb)', 'Universidade Federal Do Sul Da Bahia - Ufsb', 'Universidade Federal Do Sul Da Bahia (cfcam/ihac-ufsb)', 'Instituto Federal Da Bahia']",1,0,0,3
16126,UNIVERSIDADE FEDERAL DO SUL DA BAHIA,18.560.547/0001-07,Pessoa Jurídica de Direito Público - Federal,18812,UNIVERSIDADE FEDERAL DO SUL DA BAHIA (UFSB),UFSB,73 36135497,www.ufsb.edu.br,reitoria@ufsb.edu.br,Praça José Bastos s/n - s/n - CEP: 45600-923 - Centro,Itabuna,BA,Universidade,EAD - Superior / Presencial - Superior,Publica,Pública Federal,2013-06-06,5,2023.0,-,,4,2023.0,,,,Ativa,,10-s2.0-115541418,115541418,Universidade Federal do Sul da Bahia,,,"['Universidade Federal Do Sul Da Bahia', 'Universidade Federal Do Sul Da Bahia (ufsb)', 'Universidade Federal Do Sul Da Bahia - Ufsb', 'Instituto Federal Da Bahia', 'Universidade Federal Do Sul Da Bahia - Centro De Formação Em Ciências Ambientais', 'Universidade Federal Do Sul Da Bahia (ufsb) And Instituto Federal Da Bahia']",1,0,0,2
16126,UNIVERSIDADE FEDERAL DO SUL DA BAHIA,18.560.547/0001-07,Pessoa Jurídica de Direito Público - Federal,18812,UNIVERSIDADE FEDERAL DO SUL DA BAHIA (UFSB),UFSB,73 36135497,www.ufsb.edu.br,reitoria@ufsb.edu.br,Praça José Bastos s/n - s/n - CEP: 45600-923 - Centro,Itabuna,BA,Universidade,EAD - Superior / Presencial - Superior,Publica,Pública Federal,2013-06-06,5,2023.0,-,,4,2023.0,,,,Ativa,,10-s2.0-60271620,60271620,Universidade Federal do Sul da Bahia,ufsb.edu.br,https://ufsb.edu.br/,"['Universidade Federal do Sul da Bahia', 'Federal University of Southern Bahia']",1,1,1,1
268,FACS SERVICOS EDUCACIONAIS LTDA,13.526.884/0001-64,Privada com fins lucrativos,385,UNIVERSIDADE SALVADOR (UNIFACS),UNIFACS,(71) 3271-8161/8835/3330-4638,www.unifacs.br,regulatorio@animaeducacao.com.br,Avenida Tancredo Neves - 2131 - CEP: 41820-020 - Caminho das Árvores,Salvador,BA,Universidade,EAD - Superior / Presencial - Superior /,Privada,Privada com fins lucrativos,1972-07-31,5,2017.0,4,2017.0,3,2023.0,,,,Ativa,,10-s2.0-60008463,60008463,Universidade Salvador,unifacs.br,http://www.unifacs.br,"['Salvador University, Brasil', 'Universidade Salvador']",1,1,1,1
15681,ASSOCIACAO EDUCACIONAL E CULTURAL DE QUIXADA,12.664.055/0001-85,Pessoa Jurídica de Direito Privado - Sem fins lucrativos - Associação de Utilidade Pública,2135,CENTRO UNIVERSITÁRIO CATÓLICA DE QUIXADÁ (UNICATÓLICA),UNICATÓLICA,(88) 3412 6700; (88) 3412 6702,unicatolicaquixada.edu.br,rivelino@unicatolicaquixada.edu.br,Rua Juvencio Alves de Oliveira - 660 - CEP: 63905-325 - Putiú,Quixadá,CE,Centro Universitário,EAD - Superior / Presencial - Superior /,Privada,Privada sem fins lucrativos,2002-04-26,4,2023.0,4,2018.0,4,2023.0,,,,Ativa,,10-s2.0-118486201,118486201,Centro Universitário Católica de Quixadá (UniCatólica),,,"['Centro Universitário Católica De Quixadá (unicatólica)', 'Universidade Católica De Quixadá']",1,0,0,1
15681,ASSOCIACAO EDUCACIONAL E CULTURAL DE QUIXADA,12.664.055/0001-85,Pessoa Jurídica de Direito Privado - Sem fins lucrativos - Associação de Utilidade Pública,2135,CENTRO UNIVERSITÁRIO CATÓLICA DE QUIXADÁ (UNICATÓLICA),UNICATÓLICA,(88) 3412 6700; (88) 3412 6702,unicatolicaquixada.edu.br,rivelino@unicatolicaquixada.edu.br,Rua Juvencio Alves de Oliveira - 660 - CEP: 63905-325 - Putiú,Quixadá,CE,Centro Universitário,EAD - Superior / Presencial - Superior /,Privada,Privada sem fins lucrativos,2002-04-26,4,2023.0,4,2018.0,4,2023.0,,,,Ativa,,10-s2.0-118486220,118486220,Centro Universitário Católica de Quixadá,,,['Centro Universitário Católica De Quixadá'],1,0,0,1
15681,ASSOCIACAO EDUCACIONAL E CULTURAL DE QUIXADA,12.664.055/0001-85,Pessoa Jurídica de Direito Privado - Sem fins lucrativos - Associação de Utilidade Pública,2135,CENTRO UNIVERSITÁRIO CATÓLICA DE QUIXADÁ (UNICATÓLICA),UNICATÓLICA,(88) 3412 6700; (88) 3412 6702,unicatolicaquixada.edu.br,rivelino@unicatolicaquixada.edu.br,Rua Juvencio Alves de Oliveira - 660 - CEP: 63905-325 - Putiú,Quixadá,CE,Centro Universitário,EAD - Superior / Presencial - Superior /,Privada,Privada sem fins lucrativos,2002-04-26,4,2023.0,4,2018.0,4,2023.0,,,,Ativa,,10-s2.0-118487016,118487016,Centro Universitário Católica de Quixadá,,,[],1,0,0,0
15681,ASSOCIACAO EDUCACIONAL E CULTURAL DE QUIXADA,12.664.055/0001-85,Pessoa Jurídica de Direito Privado - Sem fins lucrativos - Associação de Utilidade Pública,2135,CENTRO UNIVERSITÁRIO CATÓLICA DE QUIXADÁ (UNICATÓLICA),UNICATÓLICA,(88) 3412 6700; (88) 3412 6702,unicatolicaquixada.edu.br,rivelino@unicatolicaquixada.edu.br,Rua Juvencio Alves de Oliveira - 660 - CEP: 63905-325 - Putiú,Quixadá,CE,Centro Universitário,EAD - Superior / Presencial - Superior /,Privada,Privada sem fins lucrativos,2002-04-26,4,2023.0,4,2018.0,4,2023.0,,,,Ativa,,10-s2.0-118487060,118487060,Centro Universitário Católica de Quixadá (UniCatólica),,,['Centro Universitário Católica de Quixadá (UniCatólica)'],1,0,0,1
15681,ASSOCIACAO EDUCACIONAL E CULTURAL DE QUIXADA,12.664.055/0001-85,Pessoa Jurídica de Direito Privado - Sem fins lucrativos - Associação de Utilidade Pública,2135,CENTRO UNIVERSITÁRIO CATÓLICA DE QUIXADÁ (UNICATÓLICA),UNICATÓLICA,(88) 3412 6700; (88) 3412 6702,unicatolicaquixada.edu.br,rivelino@unicatolicaquixada.edu.br,Rua Juvencio Alves de Oliveira - 660 - CEP: 63905-325 - Putiú,Quixadá,CE,Centro Universitário,EAD - Superior / Presencial - Superior /,Privada,Privada sem fins lucrativos,2002-04-26,4,2023.0,4,2018.0,4,2023.0,,,,Ativa,,10-s2.0-129636752,129636752,Centro Universitário Católica de Quixadá,,,['Centro Universitário Católica De Quixadá'],1,0,0,1
1246,IPADE - INSTITUTO PARA O DESENVOLVIMENTO DA EDUCACAO LTDA.,04.102.843/0001-50,Privada com fins lucrativos,1895,CENTRO UNIVERSITÁRIO CHRISTUS (UNICHRISTUS),UNICHRISTUS,(85) 32658100,www.unichristus.edu.br,fc@unichristus.edu.br,Rua João Adolfo Gurgel - 133 - CEP: 60192-345 - Cocó,Fortaleza,CE,Centro Universitário,EAD - Superior / Presencial - Superior /,Privada,Privada com fins lucrativos,1994-09-25,5,2023.0,4,2022.0,5,2023.0,,,,Ativa,,10-s2.0-115006458,115006458,Centro Universitário Unichristus,,,"['Centro Universitário Christus (unichristus)', 'Centro Universitário Unichristus', 'Unichristus', 'Unichristus University Center', 'Unichristus School Of Medicine', 'Center University Unichristus', 'Universidade Unichristu', 'Unichristus Centro Universitário Christus', 'Faculdade De Medicina Do Centro Universitário Christus (unichristus)', 'Centro Universitário Christus-unichristus']",0,0,0,1
1246,IPADE - INSTITUTO PARA O DESENVOLVIMENTO DA EDUCACAO LTDA.,04.102.843/0001-50,Privada com fins lucrativos,1895,CENTRO UNIVERSITÁRIO CHRISTUS (UNICHRISTUS),UNICHRISTUS,(85) 32658100,www.unichristus.edu.br,fc@unichristus.edu.br,Rua João Adolfo Gurgel - 133 - CEP: 60192-345 - Cocó,Fortaleza,CE,Centro Universitário,EAD - Superior / Presencial - Superior /,Privada,Privada com fins lucrativos,1994-09-25,5,2023.0,4,2022.0,5,2023.0,,,,Ativa,,10-s2.0-60194969,60194969,Unichristus,unichristus.edu.br,https://unichristus.edu.br/,"['Unichristus', 'Christus University Center', 'Centro Universitário Christus']",0,1,1,1
1149,INSTITUTO LEAO SAMPAIO DE ENSINO UNIVERSITARIO LTDA,02.391.959/0001-20,Privada com fins lucrativos,1735,CENTRO UNIVERSITÁRIO DOUTOR LEÃO SAMPAIO (UNILEÃO),UNILEÃO,(88) 2101 1000,www.leaosampaio.edu.br,jaimeromero@leaosampaio.edu.br,Avenida Letícia Pereira - s/n - CEP: 63040-760 - Triângulo,Juazeiro do Norte,CE,Centro Universitário,EAD - Superior / Presencial - Superior /,Privada,Privada com fins lucrativos,2001-06-13,5,2023.0,-,,4,2023.0,,,,Ativa,,10-s2.0-118486207,118486207,Centro Universitário Dr. Leão Sampaio,,,"['Centro Universitário Dr. Leão Sampaio', 'Centro Universitário Leão Sampaio (unileão)', 'Centro Universitário Dr. Leão Sampaio-unileão', 'Centro Universitário Doutor Leão Sampaio', 'Leão Sampaio University Center (unileão)', 'Centro Universitário Doutor Leão Sampaio (unileao)']",0,0,0,2
1149,INSTITUTO LEAO SAMPAIO DE ENSINO UNIVERSITARIO LTDA,02.391.959/0001-20,Privada com fins lucrativos,1735,CENTRO UNIVERSITÁRIO DOUTOR LEÃO SAMPAIO (UNILEÃO),UNILEÃO,(88) 2101 1000,www.leaosampaio.edu.br,jaimeromero@leaosampaio.edu.br,Avenida Letícia Pereira - s/n - CEP: 63040-760 - Triângulo,Juazeiro do Norte,CE,Centro Universitário,EAD - Superior / Presencial - Superior /,Privada,Privada com fins lucrativos,2001-06-13,5,2023.0,-,,4,2023.0,,,,Ativa,,10-s2.0-117547158,117547158,Centro Universitário Doutor Leão Sampaio - Unileão,,,"['Centro Universitário Doutor Leão Sampaio', 'Centro Universitário Leão Sampaio', 'Centro Universitário Dr. Leão Sampaio - Unileao', 'Centro Universitário Doutor Leão Sampaio - Unileão', 'Centro Universitário Doutor Leão Sampaio (unileão)']",0,0,0,2
1149,INSTITUTO LEAO SAMPAIO DE ENSINO UNIVERSITARIO LTDA,02.391.959/0001-20,Privada com fins lucrativos,1735,CENTRO UNIVERSITÁRIO DOUTOR LEÃO SAMPAIO (UNILEÃO),UNILEÃO,(88) 2101 1000,www.leaosampaio.edu.br,jaimeromero@leaosampaio.edu.br,Avenida Letícia Pereira - s/n - CEP: 63040-760 - Triângulo,Juazeiro do Norte,CE,Centro Universitário,EAD - Superior / Presencial - Superior /,Privada,Privada com fins lucrativos,2001-06-13,5,2023.0,-,,4,2023.0,,,,Ativa,,10-s2.0-119312465,119312465,Centro Universitário Leão Sampaio,,,"['Centro Universitário Leão Sampaio', 'University Center Leão Sampaio-unileão', 'Leão Sampaio University Center', 'Centro Universitário Dr. Leão Sampaio', 'Centro Universitário Doutor Leão Sampaio – Unileão', 'Centro Universitário Doutor Leão Sampaio']",0,0,0,1
1149,INSTITUTO LEAO SAMPAIO DE ENSINO UNIVERSITARIO LTDA,02.391.959/0001-20,Privada com fins lucrativos,1735,CENTRO UNIVERSITÁRIO DOUTOR LEÃO SAMPAIO (UNILEÃO),UNILEÃO,(88) 2101 1000,www.leaosampaio.edu.br,jaimeromero@leaosampaio.edu.br,Avenida Letícia Pereira - s/n - CEP: 63040-760 - Triângulo,Juazeiro do Norte,CE,Centro Universitário,EAD - Superior / Presencial - Superior /,Privada,Privada com fins lucrativos,2001-06-13,5,2023.0,-,,4,2023.0,,,,Ativa,,10-s2.0-119366019,119366019,Centro Universitário Doutor Leaõ Sampaio,,,['Centro Universitário Doutor Leaõ Sampaio'],1,0,0,1
1149,INSTITUTO LEAO SAMPAIO DE ENSINO UNIVERSITARIO LTDA,02.391.959/0001-20,Privada com fins lucrativos,1735,CENTRO UNIVERSITÁRIO DOUTOR LEÃO SAMPAIO (UNILEÃO),UNILEÃO,(88) 2101 1000,www.leaosampaio.edu.br,jaimeromero@leaosampaio.edu.br,Avenida Letícia Pereira - s/n - CEP: 63040-760 - Triângulo,Juazeiro do Norte,CE,Centro Universitário,EAD - Superior / Presencial - Superior /,Privada,Privada com fins lucrativos,2001-06-13,5,2023.0,-,,4,2023.0,,,,Ativa,,10-s2.0-119945560,119945560,Centro Universitário Doutor Leão Sampaio,,,"['Centro Universitário Doutor Leão Sampaio (unileão)', 'Centro Universitário Doutor Leão Sampaio']",1,0,0,2
545,"IREP SOCIEDADE DE ENSINO SUPERIOR, MEDIO E FUNDAMENTAL LTDA.",02.608.755/0001-07,Privada com fins lucrativos,1107,Centro Universitário Estácio do Ceará (Estácio Ceará),Estácio Ceará,,www.estacio.br,cgficce@gmail.com;regulatorio.nacional@estacio.br;,Avenida Duque de Caxias - 101 - CEP: 60035-111 - Centro,Fortaleza,CE,Centro Universitário,EAD - Superior / Presencial - Superior /,Privada,Privada com fins lucrativos,1998-06-04,5,2023.0,5,2019.0,3,2023.0,,,,Ativa,,10-s2.0-121390350,121390350,Centro Universitário Estácio do Ceará. Fortaleza,,,"['Centro Universitário Estácio Do Ceará. Fortaleza', 'Centro Universitário Estácio Do Ceará', 'Centro Universitário Estácio De Sá. Fortaleza']",0,0,0,1
545,"IREP SOCIEDADE DE ENSINO SUPERIOR, MEDIO E FUNDAMENTAL LTDA.",02.608.755/0001-07,Privada com fins lucrativos,1107,Centro Universitário Estácio do Ceará (Estácio Ceará),Estácio Ceará,,www.estacio.br,cgficce@gmail.com;regulatorio.nacional@estacio.br;,Avenida Duque de Caxias - 101 - CEP: 60035-111 - Centro,Fortaleza,CE,Centro Universitário,EAD - Superior / Presencial - Superior /,Privada,Privada com fins lucrativos,1998-06-04,5,2023.0,5,2019.0,3,2023.0,,,,Ativa,,10-s2.0-128990783,128990783,Centro Universitário Estácio do Ceará,,,[],1,0,0,0
545,"IREP SOCIEDADE DE ENSINO SUPERIOR, MEDIO E FUNDAMENTAL LTDA.",02.608.755/0001-07,Privada com fins lucrativos,1107,Centro Universitário Estácio do Ceará (Estácio Ceará),Estácio Ceará,,www.estacio.br,cgficce@gmail.com;regulatorio.nacional@estacio.br;,Avenida Duque de Caxias - 101 - CEP: 60035-111 - Centro,Fortaleza,CE,Centro Universitário,EAD - Superior / Presencial - Superior /,Privada,Privada com fins lucrativos,1998-06-04,5,2023.0,5,2019.0,3,2023.0,,,,Ativa,,10-s2.0-120237155,120237155,Centro Universitário Estacio do Cearà,,,"['Centro Universitário Estácio Do Ceara', 'Centro Universitário Estacio Do Cearà']",1,0,0,2
545,"IREP SOCIEDADE DE ENSINO SUPERIOR, MEDIO E FUNDAMENTAL LTDA.",02.608.755/0001-07,Privada com fins lucrativos,1107,Centro Universitário Estácio do Ceará (Estácio Ceará),Estácio Ceará,,www.estacio.br,cgficce@gmail.com;regulatorio.nacional@estacio.br;,Avenida Duque de Caxias - 101 - CEP: 60035-111 - Centro,Fortaleza,CE,Centro Universitário,EAD - Superior / Presencial - Superior /,Privada,Privada com fins lucrativos,1998-06-04,5,2023.0,5,2019.0,3,2023.0,,,,Ativa,,10-s2.0-60022378,60022378,Universidade Estacio de Sa,estacio.br,http://www.estacio.br,"['Estacio de Sa University', 'Universidade Estacio de Sa']",0,1,1,0
545,"IREP SOCIEDADE DE ENSINO SUPERIOR, MEDIO E FUNDAMENTAL LTDA.",02.608.755/0001-07,Privada com fins lucrativos,1107,Centro Universitário Estácio do Ceará (Estácio Ceará),Estácio Ceará,,www.estacio.br,cgficce@gmail.com;regulatorio.nacional@estacio.br;,Avenida Duque de Caxias - 101 - CEP: 60035-111 - Centro,Fortaleza,CE,Centro Universitário,EAD - Superior / Presencial - Superior /,Privada,Privada com fins lucrativos,1998-06-04,5,2023.0,5,2019.0,3,2023.0,,,,Ativa,,10-s2.0-123171618,123171618,Centro Universitário Estácio do Ceará,,,['Centro Universitário Estácio Do Ceará'],1,0,0,1
545,"IREP SOCIEDADE DE ENSINO SUPERIOR, MEDIO E FUNDAMENTAL LTDA.",02.608.755/0001-07,Privada com fins lucrativos,1107,Centro Universitário Estácio do Ceará (Estácio Ceará),Estácio Ceará,,www.estacio.br,cgficce@gmail.com;regulatorio.nacional@estacio.br;,Avenida Duque de Caxias - 101 - CEP: 60035-111 - Centro,Fortaleza,CE,Centro Universitário,EAD - Superior / Presencial - Superior /,Privada,Privada com fins lucrativos,1998-06-04,5,2023.0,5,2019.0,3,2023.0,,,,Ativa,,10-s2.0-114398772,114398772,Centro Universitário Estácio do Ceará,,,"['Centro Universitário Estácio Do Ceará', 'Hospital Universitário Do Ceará', 'Centro Universitário Estácio Do Ceará.', 'Centro Universitário Estácio', 'Universitário Estácio Do Ceará', 'Universidade Estacio Do Ceara', 'Psicóloga Pelo Centro Universitário Estácio Do Ceará', 'Estácio Do Ceará University Center', 'Centro Universitário Estácio De Sá']",1,0,0,1
545,"IREP SOCIEDADE DE ENSINO SUPERIOR, MEDIO E FUNDAMENTAL LTDA.",02.608.755/0001-07,Privada com fins lucrativos,1107,Centro Universitário Estácio do Ceará (Estácio Ceará),Estácio Ceará,,www.estacio.br,cgficce@gmail.com;regulatorio.nacional@estacio.br;,Avenida Duque de Caxias - 101 - CEP: 60035-111 - Centro,Fortaleza,CE,Centro Universitário,EAD - Superior / Presencial - Superior /,Privada,Privada com fins lucrativos,1998-06-04,5,2023.0,5,2019.0,3,2023.0,,,,Ativa,,10-s2.0-125128913,125128913,Centro Universitário Estácio do Ceará (ESTACIO/FIC),,,['Centro Universitário Estácio Do Ceará (estacio/fic)'],1,0,0,1
545,"IREP SOCIEDADE DE ENSINO SUPERIOR, MEDIO E FUNDAMENTAL LTDA.",02.608.755/0001-07,Privada com fins lucrativos,1107,Centro Universitário Estácio do Ceará (Estácio Ceará),Estácio Ceará,,www.estacio.br,cgficce@gmail.com;regulatorio.nacional@estacio.br;,Avenida Duque de Caxias - 101 - CEP: 60035-111 - Centro,Fortaleza,CE,Centro Universitário,EAD - Superior / Presencial - Superior /,Privada,Privada com fins lucrativos,1998-06-04,5,2023.0,5,2019.0,3,2023.0,,,,Ativa,,10-s2.0-114956846,114956846,Centro Universitário Estácio do Ceará,,,[],1,0,0,0
545,"IREP SOCIEDADE DE ENSINO SUPERIOR, MEDIO E FUNDAMENTAL LTDA.",02.608.755/0001-07,Privada com fins lucrativos,1107,Centro Universitário Estácio do Ceará (Estácio Ceará),Estácio Ceará,,www.estacio.br,cgficce@gmail.com;regulatorio.nacional@estacio.br;,Avenida Duque de Caxias - 101 - CEP: 60035-111 - Centro,Fortaleza,CE,Centro Universitário,EAD - Superior / Presencial - Superior /,Privada,Privada com fins lucrativos,1998-06-04,5,2023.0,5,2019.0,3,2023.0,,,,Ativa,,10-s2.0-60003597,60003597,Universidade Estacio de Sa Faculdade de Medicina,estacio.br,http://www.estacio.br,"['Estacio de Sa University Faculty of Medicine', 'Universidade Estacio de Sa Faculdade de Medicina']",0,1,1,0
1297,EMPREENDIMENTO EDUCACIONAL MARACANAU LTDA.,03.884.793/0001-47,Privada com fins lucrativos,1978,Centro Universitário Fametro ( Unifametro),Unifametro,(85) 32066400,www.unifametro.edu.br,unifametro@unifametro.edu.br; edson.filho@unifametro.edu.br,Avenida Filomeno Gomes - 110 - CEP: 60010-280 - Jacarecanga,Fortaleza,CE,Centro Universitário,EAD - Superior / Presencial - Superior /,Privada,Privada com fins lucrativos,2002-01-29,5,2024.0,4,2015.0,4,2023.0,,,,Ativa,,10-s2.0-118586224,118586224,FAMETRO,,,"['Fametro', 'Centro Universitário Fametro', 'University Center Fametro']",0,0,0,1
1297,EMPREENDIMENTO EDUCACIONAL MARACANAU LTDA.,03.884.793/0001-47,Privada com fins lucrativos,1978,Centro Universitário Fametro ( Unifametro),Unifametro,(85) 32066400,www.unifametro.edu.br,unifametro@unifametro.edu.br; edson.filho@unifametro.edu.br,Avenida Filomeno Gomes - 110 - CEP: 60010-280 - Jacarecanga,Fortaleza,CE,Centro Universitário,EAD - Superior / Presencial - Superior /,Privada,Privada com fins lucrativos,2002-01-29,5,2024.0,4,2015.0,4,2023.0,,,,Ativa,,10-s2.0-122138908,122138908,Centro Universitário Fametro,,,[],1,0,0,0
1297,EMPREENDIMENTO EDUCACIONAL MARACANAU LTDA.,03.884.793/0001-47,Privada com fins lucrativos,1978,Centro Universitário Fametro ( Unifametro),Unifametro,(85) 32066400,www.unifametro.edu.br,unifametro@unifametro.edu.br; edson.filho@unifametro.edu.br,Avenida Filomeno Gomes - 110 - CEP: 60010-280 - Jacarecanga,Fortaleza,CE,Centro Universitário,EAD - Superior / Presencial - Superior /,Privada,Privada com fins lucrativos,2002-01-29,5,2024.0,4,2015.0,4,2023.0,,,,Ativa,,10-s2.0-125209163,125209163,Centro Universitário Fametro,,,[],1,0,0,0
1297,EMPREENDIMENTO EDUCACIONAL MARACANAU LTDA.,03.884.793/0001-47,Privada com fins lucrativos,1978,Centro Universitário Fametro ( Unifametro),Unifametro,(85) 32066400,www.unifametro.edu.br,unifametro@unifametro.edu.br; edson.filho@unifametro.edu.br,Avenida Filomeno Gomes - 110 - CEP: 60010-280 - Jacarecanga,Fortaleza,CE,Centro Universitário,EAD - Superior / Presencial - Superior /,Privada,Privada com fins lucrativos,2002-01-29,5,2024.0,4,2015.0,4,2023.0,,,,Ativa,,10-s2.0-125935134,125935134,Centro Universitário Fametro (UNIFAMETRO),,,[],1,0,0,0
1390,ASSOCIACAO IGREJA ADVENTISTA MISSIONARIA - AIAMIS,03.365.403/0001-22,Pessoa Jurídica de Direito Privado - Sem fins lucrativos - Associação de Utilidade Pública,2111,CENTRO UNIVERSITÁRIO INTA (UNINTA),UNINTA,(88) 3112.3500,www.uninta.edu.br,prodi@uninta.edu.br; diretoria@uninta.edu.br,Rua Antônio Rodrigues Magalhães - 359 - CEP: 62050-100 - Dom Expedito,Sobral,CE,Centro Universitário,EAD - Superior / Presencial - Superior,Privada,Privada sem fins lucrativos,2003-07-08,5,2023.0,5,2019.0,3,2023.0,,,Unificação de Mantidas,Ativa,,10-s2.0-129096459,129096459,Centro Universitário Inta (UNINTA),,,"['Centro Universitário Inta (uninta)', 'Centro Universitário Uninta - Uninta', 'Centro Universitário Uninta', 'Centro Universitário Inta (uninta-tianguá)']",1,0,0,2
18494,SETE DE SETEMBRO ENSINO SUPERIOR LTDA.,47.343.893/0001-31,Privada com fins lucrativos,1556,CENTRO UNIVERSITÁRIO SETE DE SETEMBRO (UNI7),UNI7,(85) 4006-7600,http://www.uni7.edu.br,emec@sereducacional.com,Rua Almirante Maximiano da Fonseca - 1395 - CEP: 60811-020 - Eng. Luciano Cavalcante,Fortaleza,CE,Centro Universitário,EAD - Superior / Presencial - Superior /,Privada,Privada com fins lucrativos,2000-08-24,5,2024.0,4,2019.0,4,2023.0,,,,Ativa,,10-s2.0-120278281,120278281,Centro Universitário Sete de Setembro,,,['Centro Universitário Sete De Setembro'],1,0,0,1
1081,ASCEC ENSINO SUPERIOR CEARENSE LTDA,03.729.627/0001-76,Privada com fins lucrativos,1647,FACULDADE DE ENSINO E CULTURA DO CEARÁ (FAECE),FAECE,(11) 5586 4291,,pigeral@unip.br;pigeral2020@gmail.com,Avenida Treze de Maio - 389 - CEP: 60040-531 - Fátima,Fortaleza,CE,Faculdade,Presencial - Superior,Privada,Privada com fins lucrativos,2001-02-12,3,2024.0,-,,3,2023.0,,,,Ativa,,10-s2.0-113609730,113609730,Faculdade de Ensino e Cultura do Ceará,,,"['Faculdade De Ensino E Cultura Do Ceará', 'Faculdade De Ensino Superior Do Ceará', 'Faculdade De Ensino E Cultura Do Ceará-faece']",1,0,0,1
545,"IREP SOCIEDADE DE ENSINO SUPERIOR, MEDIO E FUNDAMENTAL LTDA.",02.608.755/0001-07,Privada com fins lucrativos,1547,FACULDADE DE MEDICINA ESTÁCIO DE JUAZEIRO DO NORTE (ESTÁCIO FMJ),ESTÁCIO FMJ,,www.estacio.br,cgfmjce@gmail.com;regulatorio.nacional@estacio.br,Avenida Tenente Raimundo Rocha - S/N - CEP: 63047-045 - Planalto,Juazeiro do Norte,CE,Faculdade,Presencial - Superior,Privada,Privada com fins lucrativos,2000-08-25,4,2023.0,-,,3,2023.0,,,,Ativa,,10-s2.0-126218537,126218537,Faculdade de Medicina Estácio de Juazeiro do Norte,,,"['Medicine College Estácio Of Juazeiro Do Norte', 'Faculdade De Medicina Estácio De Juazeiro Do Norte']",1,0,0,1
545,"IREP SOCIEDADE DE ENSINO SUPERIOR, MEDIO E FUNDAMENTAL LTDA.",02.608.755/0001-07,Privada com fins lucrativos,1547,FACULDADE DE MEDICINA ESTÁCIO DE JUAZEIRO DO NORTE (ESTÁCIO FMJ),ESTÁCIO FMJ,,www.estacio.br,cgfmjce@gmail.com;regulatorio.nacional@estacio.br,Avenida Tenente Raimundo Rocha - S/N - CEP: 63047-045 - Planalto,Juazeiro do Norte,CE,Faculdade,Presencial - Superior,Privada,Privada com fins lucrativos,2000-08-25,4,2023.0,-,,3,2023.0,,,,Ativa,,10-s2.0-112490162,112490162,Faculdade de Medicina Estácio de Juazeiro do Norte (FMJ),,,"['Faculdade De Medicina Do Juazeiro Do Norte', 'Faculdade De Juazeiro Do Norte', 'Faculdade De Medicina Estácio De Juazeiro Do Norte (fmj)', 'Faculdade De Medicina Estacio De Juazeiro Do Norte (estacio Fmj)', 'Faculdade De Medicina De Juazeiro (fmj)', 'Estacio Faculdade De Medicina De Juazeiro Do Norte']",1,0,0,2
545,"IREP SOCIEDADE DE ENSINO SUPERIOR, MEDIO E FUNDAMENTAL LTDA.",02.608.755/0001-07,Privada com fins lucrativos,1547,FACULDADE DE MEDICINA ESTÁCIO DE JUAZEIRO DO NORTE (ESTÁCIO FMJ),ESTÁCIO FMJ,,www.estacio.br,cgfmjce@gmail.com;regulatorio.nacional@estacio.br,Avenida Tenente Raimundo Rocha - S/N - CEP: 63047-045 - Planalto,Juazeiro do Norte,CE,Faculdade,Presencial - Superior,Privada,Privada com fins lucrativos,2000-08-25,4,2023.0,-,,3,2023.0,,,,Ativa,,10-s2.0-60022378,60022378,Universidade Estacio de Sa,estacio.br,http://www.estacio.br,"['Estacio de Sa University', 'Universidade Estacio de Sa']",0,1,1,0
545,"IREP SOCIEDADE DE ENSINO SUPERIOR, MEDIO E FUNDAMENTAL LTDA.",02.608.755/0001-07,Privada com fins lucrativos,1547,FACULDADE DE MEDICINA ESTÁCIO DE JUAZEIRO DO NORTE (ESTÁCIO FMJ),ESTÁCIO FMJ,,www.estacio.br,cgfmjce@gmail.com;regulatorio.nacional@estacio.br,Avenida Tenente Raimundo Rocha - S/N - CEP: 63047-045 - Planalto,Juazeiro do Norte,CE,Faculdade,Presencial - Superior,Privada,Privada com fins lucrativos,2000-08-25,4,2023.0,-,,3,2023.0,,,,Ativa,,10-s2.0-60003597,60003597,Universidade Estacio de Sa Faculdade de Medicina,estacio.br,http://www.estacio.br,"['Estacio de Sa University Faculty of Medicine', 'Universidade Estacio de Sa Faculdade de Medicina']",0,1,1,0
545,"IREP SOCIEDADE DE ENSINO SUPERIOR, MEDIO E FUNDAMENTAL LTDA.",02.608.755/0001-07,Privada com fins lucrativos,1547,FACULDADE DE MEDICINA ESTÁCIO DE JUAZEIRO DO NORTE (ESTÁCIO FMJ),ESTÁCIO FMJ,,www.estacio.br,cgfmjce@gmail.com;regulatorio.nacional@estacio.br,Avenida Tenente Raimundo Rocha - S/N - CEP: 63047-045 - Planalto,Juazeiro do Norte,CE,Faculdade,Presencial - Superior,Privada,Privada com fins lucrativos,2000-08-25,4,2023.0,-,,3,2023.0,,,,Ativa,,10-s2.0-115049396,115049396,Faculdade de Medicina Estácio de Juazeiro do Norte,,,"['Faculdade De Medicina Estácio De Juazeiro Do Norte', 'Professora Licenciada Da Faculdade De Medicina Do Juazeiro Do Norte']",1,0,0,1
545,"IREP SOCIEDADE DE ENSINO SUPERIOR, MEDIO E FUNDAMENTAL LTDA.",02.608.755/0001-07,Privada com fins lucrativos,1547,FACULDADE DE MEDICINA ESTÁCIO DE JUAZEIRO DO NORTE (ESTÁCIO FMJ),ESTÁCIO FMJ,,www.estacio.br,cgfmjce@gmail.com;regulatorio.nacional@estacio.br,Avenida Tenente Raimundo Rocha - S/N - CEP: 63047-045 - Planalto,Juazeiro do Norte,CE,Faculdade,Presencial - Superior,Privada,Privada com fins lucrativos,2000-08-25,4,2023.0,-,,3,2023.0,,,,Ativa,,10-s2.0-116069325,116069325,Faculdade de Medicina Estácio de Juazeiro do Norte,,,['Faculdade De Medicina Estácio De Juazeiro Do Norte'],1,0,0,1
2413,INSTITUTO CENTRO DE ENSINO TECNOLOGICO,03.021.597/0001-49,Pessoa Jurídica de Direito Privado - Sem fins lucrativos - Associação de Utilidade Pública,4791,FACULDADE DE TECNOLOGIA CENTEC - CARIRI (CENTEC),CENTEC,88 35664052,www.centec.org.br,vanessa@centec.org.br,Avenida Amália Xavier de Oliveira - s/n - CEP: 63040-000 - Triângulo,Juazeiro do Norte,CE,Faculdade,Presencial - Superior,Privada,Privada sem fins lucrativos,2006-02-10,4,2023.0,-,,3,2013.0,,,,Ativa,,10-s2.0-60084120,60084120,CENTEC Instituto Centro de Ensino Tecnologico,,http://www.centec.org.br/,['CENTEC Instituto Centro de Ensino Tecnologico'],0,1,0,0
2413,INSTITUTO CENTRO DE ENSINO TECNOLOGICO,03.021.597/0001-49,Pessoa Jurídica de Direito Privado - Sem fins lucrativos - Associação de Utilidade Pública,4992,FACULDADE DE TECNOLOGIA CENTEC - SERTÃO CENTRAL (FTC SERTÃO CENTRAL),FTC SERTÃO CENTRAL,88 34411320,www.centec.org.br,fatec_sertaocentral@centec.org.br,Avenida Geraldo Bizarria - s/n - CEP: 63800-000 - Distrito Industrial,Quixeramobim,CE,Faculdade,Presencial - Superior,Privada,Privada sem fins lucrativos,2008-03-18,4,2023.0,-,,3,2023.0,,,,Ativa,,10-s2.0-60084120,60084120,CENTEC Instituto Centro de Ensino Tecnologico,,http://www.centec.org.br/,['CENTEC Instituto Centro de Ensino Tecnologico'],0,1,0,0
1042,UB UNISAOLUIS EDUCACIONAL S.A,03.186.792/0001-29,Privada com fins lucrativos,24509,FACULDADE ESTÁCIO DE CANINDÉ (ESTÁCIO CANINDÉ),ESTÁCIO CANINDÉ,,www.estacio.br,cgcaninde@gmail.com;regulatorio.nacional@estacio.br,"Rodovia Presidente Juscelino Kubitschek, BR 020, n° KM 306 - KM 306 - CEP: 62700-000 - BR 020",Canindé,CE,Faculdade,Presencial - Superior,Privada,Privada com fins lucrativos,2020-09-11,5,2024.0,-,,-,,,,,Ativa,,10-s2.0-60022378,60022378,Universidade Estacio de Sa,estacio.br,http://www.estacio.br,"['Estacio de Sa University', 'Universidade Estacio de Sa']",0,1,1,0
1042,UB UNISAOLUIS EDUCACIONAL S.A,03.186.792/0001-29,Privada com fins lucrativos,24509,FACULDADE ESTÁCIO DE CANINDÉ (ESTÁCIO CANINDÉ),ESTÁCIO CANINDÉ,,www.estacio.br,cgcaninde@gmail.com;regulatorio.nacional@estacio.br,"Rodovia Presidente Juscelino Kubitschek, BR 020, n° KM 306 - KM 306 - CEP: 62700-000 - BR 020",Canindé,CE,Faculdade,Presencial - Superior,Privada,Privada com fins lucrativos,2020-09-11,5,2024.0,-,,-,,,,,Ativa,,10-s2.0-60003597,60003597,Universidade Estacio de Sa Faculdade de Medicina,estacio.br,http://www.estacio.br,"['Estacio de Sa University Faculty of Medicine', 'Universidade Estacio de Sa Faculdade de Medicina']",0,1,1,0
2434,CENTRO SOCIAL CLODOVEU ARRUDA,09.533.217/0001-31,Privada sem fins lucrativos,3862,FACULDADE LUCIANO FEIJÃO (FLF),FLF,(88) 3112-1001,www.flucianofeijao.com.br,flf@lucianofeijao.com.br,Rua José Lopes Ponte - 400 - CEP: 62050-215 - Dom Expedito,Sobral,CE,Faculdade,EAD - Superior / Presencial - Superior /,Privada,Privada sem fins lucrativos,2005-11-16,5,2018.0,5,2021.0,4,2023.0,,,,Ativa,,10-s2.0-117807985,117807985,Faculdade Luciano Feijão (FLF),,,['Faculdade Luciano Feijão (FLF)'],1,0,0,1
13984,"INSTITUTO FEDERAL DE EDUCACAO, CIENCIA E TECNOLOGIA DO CEARA",10.744.098/0001-45,Pessoa Jurídica de Direito Público - Federal,1807,"INSTITUTO FEDERAL DE EDUCAÇÃO, CIÊNCIA E TECNOLOGIA DO CEARÁ (IFCE)",IFCE,(85) 34012500,www.ifce.edu.br,reitoria@ifce.edu.br,Rua Jorge Dumar - 1703 - CEP: 60410-426 - Jardim América,Fortaleza,CE,"Instituto Federal de Educação, Ciência e Tecnologia",EAD - Superior / Presencial - Superior /,Publica,Pública Federal,1999-03-23,5,2018.0,4,2016.0,3,2023.0,,,,Ativa,,10-s2.0-60111728,60111728,"Instituto Federal de Educação, Ciência e Tecnologia do Ceará, Fortaleza",ifce.edu.br,https://ifce.edu.br/fortaleza,"['Instituto Federal de Educação, Ciência e Tecnologia do Ceará, Fortaleza', 'Federal Institute of Education, Science and Technology of Ceará, Fortaleza']",0,0,1,0
13984,"INSTITUTO FEDERAL DE EDUCACAO, CIENCIA E TECNOLOGIA DO CEARA",10.744.098/0001-45,Pessoa Jurídica de Direito Público - Federal,1807,"INSTITUTO FEDERAL DE EDUCAÇÃO, CIÊNCIA E TECNOLOGIA DO CEARÁ (IFCE)",IFCE,(85) 34012500,www.ifce.edu.br,reitoria@ifce.edu.br,Rua Jorge Dumar - 1703 - CEP: 60410-426 - Jardim América,Fortaleza,CE,"Instituto Federal de Educação, Ciência e Tecnologia",EAD - Superior / Presencial - Superior /,Publica,Pública Federal,1999-03-23,5,2018.0,4,2016.0,3,2023.0,,,,Ativa,,10-s2.0-60111727,60111727,"Instituto Federal de Educação, Ciência e Tecnologia do Ceará, Aracati",ifce.edu.br,https://ifce.edu.br/aracati,"['Instituto Federal de Educação, Ciência e Tecnologia do Ceará, Aracati']",0,0,1,0
16658,UNIVERSIDADE DA INTEGRACAO INTERNACIONAL DA LUSOFONIA AFRO-BRASILEIRA,12.397.930/0001-00,Pessoa Jurídica de Direito Público - Federal,15497,UNIVERSIDADE DA INTEGRAÇÃO INTERNACIONAL DA LUSOFONIA AFRO-BRASILEIRA (UNILAB),UNILAB,(85) 3332 1410,www.unilab.edu.br,chefiadegabinete@unilab.edu.br,Av. da Abolição - 03 - CEP: 62790-000 - Centro,Redenção,CE,Universidade,EAD - Superior / Presencial - Superior /,Publica,Pública Federal,2010-07-21,4,2017.0,5,2022.0,4,2023.0,,,,Ativa,,10-s2.0-60271971,60271971,Universidade da Integração Internacional da Lusofonia Afro-Brasileira - UNILAB,unilab.edu.br/,https://unilab.edu.br/,"['Universidade da Integração Internacional da Lusofonia Afro-Brasileira - UNILAB', 'Universidade da Integração Internacional da Lusofonia Afro-Brasileira', 'University of International Integration of Afro-Brazilian Lusofonia']",0,1,1,1
386,FUNDACAO EDSON QUEIROZ,07.373.434/0001-86,Privada sem fins lucrativos,555,UNIVERSIDADE DE FORTALEZA (UNIFOR),UNIFOR,(85) 34773400,www.unifor.br,reitoria@unifor.br,Avenida Washington Soares - 1321 - CEP: 60811-905 - Edson Queiroz,Fortaleza,CE,Universidade,EAD - Superior / Presencial - Superior /,Privada,Privada sem fins lucrativos,1973-01-05,4,2012.0,5,2019.0,4,2023.0,,,,Ativa,,10-s2.0-60015440,60015440,Universidade de Fortaleza,unifor.br,https://www.unifor.br/,"['University of Fortaleza', 'Universidade de Fortaleza']",1,1,1,1
29,FUNDACAO UNIVERSIDADE ESTADUAL DO CEARA FUNECE,07.885.809/0001-97,Pessoa Jurídica de Direito Público - Estadual,29,UNIVERSIDADE ESTADUAL DO CEARÁ (UECE),UECE,(85)31019886,www.uece.br,reitor@uece.br,Av. Dr. Silas Munguba - 1700 - CEP: 60740-000 - Serrinha,Fortaleza,CE,Universidade,EAD - Superior / Presencial - Superior /,Publica,Pública Estadual,1975-03-13,-,,4,2016.0,4,2023.0,,,,Ativa,,10-s2.0-60021606,60021606,Universidade Estadual do Ceará,uece.br,https://www.uece.br/,"['State University of Ceara', 'Universidade Estadual do Ceara', 'Ceará State University', 'Universidade Estadual do Ceará', 'State University of Ceará']",1,1,1,2
16116,UNIVERSIDADE FEDERAL DO CARIRI-UFCA,18.621.825/0001-99,Pessoa Jurídica de Direito Público - Federal,18759,UNIVERSIDADE FEDERAL DO CARIRI (UFCA),UFCA,88-3221-9200,www.ufca.edu.br,reitor@ufca.edu.br,Av. Tenente Raimundo Rocha - 1639 - CEP: 63048-080 - Cidade Universitária,Juazeiro do Norte,CE,Universidade,EAD - Superior / Presencial - Superior,Publica,Pública Federal,2013-06-06,4,2019.0,-,,4,2023.0,,,,Ativa,,10-s2.0-60271915,60271915,Universidade Federal do Cariri - UFCA,ufca.edu.br,https://www.ufca.edu.br/,"['Universidade Federal do Cariri', 'Federal University of Cariri', 'Universidade Federal do Cariri - UFCA']",0,1,1,1
15439,UNIVERSIDADE FEDERAL DO CEARA,07.272.636/0001-31,Pessoa Jurídica de Direito Público - Federal,583,UNIVERSIDADE FEDERAL DO CEARÁ (UFC),UFC,(85) 3366 7301/(85) 33667348/ (85) 33669020,www.ufc.br,greitor@ufc.br;prplufc@ufc.br;copav@prograd.ufc.br,"Av. da Universidade, 2853, Benfica. - 2853 - CEP: 60020-181 - Benfica",Fortaleza,CE,Universidade,EAD - Superior / Presencial - Superior /,Publica,Pública Federal,1954-12-23,5,2017.0,3,2013.0,5,2023.0,,,,Ativa,,10-s2.0-60020457,60020457,Universidade Federal do Ceará,,http://www.ufc.br,"['Federal University of Ceara', 'Universidade Federal do Ceara', 'Federal University of Ceará (UFC)', 'Universidade Federal do Ceará']",1,1,0,2
15439,UNIVERSIDADE FEDERAL DO CEARA,07.272.636/0001-31,Pessoa Jurídica de Direito Público - Federal,583,UNIVERSIDADE FEDERAL DO CEARÁ (UFC),UFC,(85) 3366 7301/(85) 33667348/ (85) 33669020,www.ufc.br,greitor@ufc.br;prplufc@ufc.br;copav@prograd.ufc.br,"Av. da Universidade, 2853, Benfica. - 2853 - CEP: 60020-181 - Benfica",Fortaleza,CE,Universidade,EAD - Superior / Presencial - Superior /,Publica,Pública Federal,1954-12-23,5,2017.0,3,2013.0,5,2023.0,,,,Ativa,,10-s2.0-60001919,60001919,"Universidade Federal do Ceara, Faculdade de Medicina",ufc.br,http://www.medicina.ufc.br/,"['Federal University of Ceara, Faculty of Medicine', 'Universidade Federal do Ceara, Faculdade de Medicina']",0,0,1,0
503,UNIVERSIDADE REGIONAL DO CARIRI URCA,06.740.864/0001-26,Pessoa Jurídica de Direito Público - Estadual,746,UNIVERSIDADE REGIONAL DO CARIRI (URCA),URCA,88-3102-1213,www.urca.br,gabinete@urca.br,Av. Coronel Antonio Luiz - 1161 - CEP: 63105-000 - Pimenta,Crato,CE,Universidade,EAD - Superior / Presencial - Superior /,Publica,Pública Estadual,1986-06-16,-,,-,,3,2023.0,,,,Ativa,,10-s2.0-60012114,60012114,Universidade Regional do Cariri,urca.br,http://www.urca.br,"['Regional University of Cariri', 'Universidade Regional do Cariri']",1,1,1,1
409,COMANDO DO EXERCITO,00.394.452/0001-03,Pessoa Jurídica de Direito Público - Federal,21417,Centro de Instrução de Guerra Eletrônica (CIGE),CIGE,,www.ccomgex.eb.mil.br,cigecmt@cige.eb.mil.br,Academia Nacional de Polícia Federal - km 05 - CEP: 71559-90 - Setor Habitacional Taquari (Lago Norte),Brasília,DF,Instituição Especialmente Credenciada para oferta de cursos lato sensu,Presencial - Superior,Publica,Pública Federal,2000-11-14,-,,-,,-,,,,,Ativa,,10-s2.0-116581576,116581576,Centro de Instrução de Guerra Eletrônica,,,['Centro de Instrução de Guerra Eletrônica'],1,0,0,1
277,CENTRO DE ENSINO UNIFICADO DE BRASILIA CEUB,00.059.857/0001-87,Privada sem fins lucrativos,402,CENTRO UNIVERSITÁRIO DE BRASÍLIA (UNICEUB),UNICEUB,(61) 39661248,www.uniceub.br,regulacao@uniceub.br,Eqn 707 907 Conjunto C - S/N - CEP: 70790-075 - Asa Norte,Brasília,DF,Centro Universitário,EAD - Superior / Presencial - Superior /,Privada,Privada sem fins lucrativos,1968-04-26,5,2024.0,5,2019.0,4,2023.0,,,,Ativa,,10-s2.0-60228316,60228316,Centro Universitário de Brasília – UniCEUB,uniceub.br,https://www.uniceub.br/,"['University Center of Brasília – UniCEUB', 'Centro Universitário de Brasília – UniCEUB']",0,1,1,0
359,CENTRO DE ENSINO UNIFICADO DO DISTRITO FEDERAL LTDA,00.078.220/0001-38,Privada com fins lucrativos,518,CENTRO UNIVERSITÁRIO DO DISTRITO FEDERAL (UDF),UDF,(61) 37048805,www.udf.edu.br,aleao@udf.edu.br,SEP - SUL EQ 704 / 904 Conjunto A - S/N - CEP: 70390-045 - Asa Sul,Brasília,DF,Centro Universitário,Presencial - Superior,Privada,Privada com fins lucrativos,1969-01-31,5,2023.0,-,,3,2023.0,,,,Ativa,,10-s2.0-126243783,126243783,Centro Universitário Planalto do Distrito Federal (UNIPLAN),,,"['Centro Universitário Planalto Do Distrito Federal/uniplan', 'Centro Universitário Planalto Do Distrito Federal (uniplan)', 'Centro Universitário Do Distrito Federal']",0,0,0,1
359,CENTRO DE ENSINO UNIFICADO DO DISTRITO FEDERAL LTDA,00.078.220/0001-38,Privada com fins lucrativos,518,CENTRO UNIVERSITÁRIO DO DISTRITO FEDERAL (UDF),UDF,(61) 37048805,www.udf.edu.br,aleao@udf.edu.br,SEP - SUL EQ 704 / 904 Conjunto A - S/N - CEP: 70390-045 - Asa Sul,Brasília,DF,Centro Universitário,Presencial - Superior,Privada,Privada com fins lucrativos,1969-01-31,5,2023.0,-,,3,2023.0,,,,Ativa,,10-s2.0-60288013,60288013,University Centre of the Federal District,udf.edu.br,https://www.udf.edu.br/,"['Centro Universitário do Distrito Federal', 'University Centre of the Federal District', 'Centro de Ensino Unificado do Distrito Federal']",0,1,1,1
1086,IESST - INSTITUTO DE ENSINO SUPERIOR SOCIAL E TECNOLOGICO,03.316.456/0001-53,Privada com fins lucrativos,1660,CENTRO UNIVERSITÁRIO ESTÁCIO DE BRASÍLIA - ESTÁCIO BRASÍLIA (ESTÁCIO BRASÍLIA),ESTÁCIO BRASÍLIA,,www.estacio.br,cgfacitec@gmail.com;regulatorio.nacional@estacio.br,CSG 09 - Lotes 15/16 - CEP: 72035-509 - Taguatinga,Brasília,DF,Centro Universitário,EAD - Superior / Presencial - Superior /,Privada,Privada com fins lucrativos,2001-02-19,5,2024.0,4,2020.0,3,2023.0,,,,Ativa,,10-s2.0-60022378,60022378,Universidade Estacio de Sa,estacio.br,http://www.estacio.br,"['Estacio de Sa University', 'Universidade Estacio de Sa']",0,1,1,0
1086,IESST - INSTITUTO DE ENSINO SUPERIOR SOCIAL E TECNOLOGICO,03.316.456/0001-53,Privada com fins lucrativos,1660,CENTRO UNIVERSITÁRIO ESTÁCIO DE BRASÍLIA - ESTÁCIO BRASÍLIA (ESTÁCIO BRASÍLIA),ESTÁCIO BRASÍLIA,,www.estacio.br,cgfacitec@gmail.com;regulatorio.nacional@estacio.br,CSG 09 - Lotes 15/16 - CEP: 72035-509 - Taguatinga,Brasília,DF,Centro Universitário,EAD - Superior / Presencial - Superior /,Privada,Privada com fins lucrativos,2001-02-19,5,2024.0,4,2020.0,3,2023.0,,,,Ativa,,10-s2.0-60003597,60003597,Universidade Estacio de Sa Faculdade de Medicina,estacio.br,http://www.estacio.br,"['Estacio de Sa University Faculty of Medicine', 'Universidade Estacio de Sa Faculdade de Medicina']",0,1,1,0
770,"INSTITUTO EURO-AMERICANO DE EDUCACAO, CIENCIA E TECNOLOGIA S.A.",37.174.034/0001-02,Privada com fins lucrativos,1113,CENTRO UNIVERSITÁRIO EURO-AMERICANO (UNIEURO),UNIEURO,(61) 3445 5888,www.unieuro.edu.br,ntae@ceuma.br;ceuma.pesquisador@gmail.com;,SCES Trecho 0 - Conjunto 5 - s/n - CEP: 70200-001 - Asa Sul,Brasília,DF,Centro Universitário,EAD - Superior / Presencial - Superior /,Privada,Privada com fins lucrativos,1998-06-04,4,2018.0,4,2023.0,4,2023.0,,,,Ativa,,10-s2.0-101773772,101773772,Centro Universitário Euro Americano,,,"['Centro Universitário Euro-americano', 'Centro Universitário Euro Americano', 'Centro Universitário Euro-americano (unieuro)', 'Centro Universitário Euro Americano (unieuro)', 'The Centro Universitário Euro-americano De Brasília (unieuro)', 'Núcleo Da Saúde - Centro Universitário Euro-americano (unieuro)', 'Centro Universitário Euroamericano - Unieuro', 'Centro Universitário Euroamericano (unieuro)', 'Centro Universitário Euroamericano', 'Centro Universitário Euro-americano (unieuro-df)']",0,0,0,3
519,ASSOBES ENSINO SUPERIOR LTDA.,01.711.282/0001-06,Privada com fins lucrativos,1446,CENTRO UNIVERSITÁRIO PLANALTO DO DISTRITO FEDERAL - UNIPLAN (UNIPLAN),UNIPLAN,(11) 5586 4291,,pigeral@unip.br;pigeral2020@gmail.com,Avenida Pau Brasil - 02 - CEP: 71926-000 - Sul (Águas Claras),Brasília,DF,Centro Universitário,EAD - Superior / Presencial - Superior /,Privada,Privada com fins lucrativos,1990-03-06,3,2023.0,4,2019.0,2,2023.0,,,,Ativa,,10-s2.0-108359401,108359401,Planalto University Center of Distrito Federal (UNIPLAN),,,"['Centro Universitário Planalto Do Distrito Federal (uniplan)', 'Planalto University Center Of Distrito Federal (uniplan)', 'Planalto University Center Of The Federal District (uniplan)', 'Universidade Planalto Do Distrito Federal - Uniplan', 'Centro Universitário Planalto Do Distrito Federal - Uniplan', 'Centro Universitário Planalto Do Distrito Federal (uniplan). Faculdade De Fonoaudiologia . Brasília', 'Centro Universitário Planalto Do Distrito Federal', 'Centro Universitrio Planalto Do Distrito Federal-uniplan-audiology Unit']",0,0,0,1
12442,ESCOLA DE ADMINISTRACAO FAZENDARIA,02.317.176/0001-05,Pessoa Jurídica de Direito Público - Federal,15705,ESCOLA DE ADMINISTRAÇÃO FAZENDÁRIA (ESAF),ESAF,,http://www.esaf.fazenda.gov.br,esaf.df@fazenda.gov.br,"Rodovia DF-001 km 27,4 Escola de Administração Fazendária (ESAF) - - - CEP: 71686-900 - Setor de Habitações Individuais Sul",Brasília,DF,Escola de Governo,Escola do Governo,Publica,Pública Federal,2017-05-23,4,2015.0,-,,-,,,,,Ativa,,10-s2.0-101752253,101752253,Escola de Administração Fazendária do Ministério da Fazenda,,,"['Escola De Administração Fazendária Do Ministério Da Fazenda', 'Escola De Administração Fazendária']",0,0,0,1
15752,FUNDACAO ESCOLA NACIONAL DE ADMINISTRACAO PUBLICA,00.627.612/0001-09,Pessoa Jurídica de Direito Público - Federal,17617,ESCOLA NACIONAL DE ADMINISTRAÇÃO PÚBLICA (ENAP),ENAP,(61) 2020 3000,https://enap.gov.br/pt/,cgmba@enap.gov.br,SAIS Área 2A - - CEP: 70610-900 - Asa Sul,Brasília,DF,Escola de Governo,Escola do Governo,Publica,Pública Federal,2017-05-23,4,2015.0,-,,-,,,,,Ativa,,10-s2.0-113432856,113432856,Escola Nacional de Administração Pública,,,[],1,0,0,0
15752,FUNDACAO ESCOLA NACIONAL DE ADMINISTRACAO PUBLICA,00.627.612/0001-09,Pessoa Jurídica de Direito Público - Federal,17617,ESCOLA NACIONAL DE ADMINISTRAÇÃO PÚBLICA (ENAP),ENAP,(61) 2020 3000,https://enap.gov.br/pt/,cgmba@enap.gov.br,SAIS Área 2A - - CEP: 70610-900 - Asa Sul,Brasília,DF,Escola de Governo,Escola do Governo,Publica,Pública Federal,2017-05-23,4,2015.0,-,,-,,,,,Ativa,,10-s2.0-114265830,114265830,Escola Nacional de Administração Pública - Enap,,,"['Escola Nacional De Administração Pública - Enap', 'Escola Nacional De Administração Pública-enap', 'Escola Nacional De Administração Pública (enap)']",0,0,0,1
12580,ESCOLA SUPERIOR DO MINISTERIO PUBLICO DA UNIAO,03.920.829/0001-09,Pessoa Jurídica de Direito Público - Federal,13630,ESCOLA SUPERIOR DO MINISTÉRIO PÚBLICO DA UNIÃO (ESMPU),ESMPU,(61) 3553-5320,http://escola.mpu.mp.br,dirge@escola.mpu.mp.br,Quadra SGAS 604 - - CEP: 70200-640 - Asa Sul,Brasília,DF,Escola de Governo,Escola do Governo,Publica,Pública Federal,2017-05-23,4,2016.0,-,,-,,,,,Ativa,,10-s2.0-121484782,121484782,Escola Superior do Ministério Público da União,,,"['Ministério Público Da União', 'Escola Superior Do Ministério Público Da União']",1,0,0,1
16452,ANHANGUERA EDUCACIONAL PARTICIPACOES S/A,04.310.392/0001-46,Privada com fins lucrativos,1173,FACULDADE ANHANGUERA DE BRASÍLIA (Anhanguera DF),Anhanguera DF,0031-2126-0406,www.anhanguera.com,ddi@kroton.com.br; thales.pimentel@kroton.com.br,Quadra QS 1 Rua 210 - 40 - CEP: 71950-770 - Areal (Águas Claras),Brasília,DF,Faculdade,Presencial - Superior,Privada,Privada com fins lucrativos,1998-08-14,5,2023.0,-,,3,2023.0,,,Unificação de Mantidas,Ativa,,10-s2.0-112857207,112857207,Faculdade Anhanguera de Brasília,,,"['Faculdade Anhanguera De Brasília', 'Faculdade Anhanguera De Ciências E Tecnologia De Brasília', 'Faculdade Anhanguera De Ciência E Tecnologia De Brasília', 'Faculdade Mackenzie De Brasília', 'Faculdade Anhanguera De Ciência E Tecnologia De Brasília (faciteb)', 'Faculdade Anhanguera De Brasília/jk', 'Faculdade Anhanguera']",1,0,0,1
16452,ANHANGUERA EDUCACIONAL PARTICIPACOES S/A,04.310.392/0001-46,Privada com fins lucrativos,1173,FACULDADE ANHANGUERA DE BRASÍLIA (Anhanguera DF),Anhanguera DF,0031-2126-0406,www.anhanguera.com,ddi@kroton.com.br; thales.pimentel@kroton.com.br,Quadra QS 1 Rua 210 - 40 - CEP: 71950-770 - Areal (Águas Claras),Brasília,DF,Faculdade,Presencial - Superior,Privada,Privada com fins lucrativos,1998-08-14,5,2023.0,-,,3,2023.0,,,Unificação de Mantidas,Ativa,,10-s2.0-60281103,60281103,Universidade Anhanguera de São Paulo,anhanguera.com,https://www.anhanguera.com/unidades/,"['Universidade Anhanguera de São Paulo', 'Anhanguera Educacional', 'Anhanguera Educational']",0,0,1,0
1509,SOEMOC - SOCIEDADE EDUCATIVA MOC LTDA,22.669.915/0001-27,Privada com fins lucrativos,4068,FACULDADE ICESP (ICESP),ICESP,(61)30359500,,,Quadra QS 5 Rua 300 - 01 - CEP: 71961-540 - Areal (Águas Claras),Brasília,DF,Faculdade,Presencial - Superior,Privada,Privada com fins lucrativos,2004-12-29,4,2012.0,-,,3,2023.0,,,,Ativa,,10-s2.0-121361684,121361684,UNICEUB e Faculdade Icesp,,,"['Uniceub E Faculdade Icesp', 'Faculdade Icesp']",0,0,0,1
22,INSTITUTO PRESBITERIANO MACKENZIE,60.967.551/0001-50,Pessoa Jurídica de Direito Privado - Sem fins lucrativos - Associação de Utilidade Pública,19229,FACULDADE PRESBITERIANA MACKENZIE BRASILIA (FPMB),FPMB,6135219300,http://www.mackenzie.br/,abilio.coelho@mackenzie.br;secretaria.bsb@mackenzie.br,Quadra SGAS 906 - LOTES 8 E 9 - CEP: 70390-060 - Asa Sul,Brasília,DF,Faculdade,Presencial - Superior,Privada,Privada sem fins lucrativos,2016-11-18,5,2022.0,-,,-,,,,,Ativa,,10-s2.0-60011644,60011644,Universidade Presbiteriana Mackenzie,mackenzie.br,https://www.mackenzie.br/universidade,"['Mackenzie Presbyterian University', 'Universidade Presbiteriana Mackenzie']",0,0,1,0
22,INSTITUTO PRESBITERIANO MACKENZIE,60.967.551/0001-50,Pessoa Jurídica de Direito Privado - Sem fins lucrativos - Associação de Utilidade Pública,19229,FACULDADE PRESBITERIANA MACKENZIE BRASILIA (FPMB),FPMB,6135219300,http://www.mackenzie.br/,abilio.coelho@mackenzie.br;secretaria.bsb@mackenzie.br,Quadra SGAS 906 - LOTES 8 E 9 - CEP: 70390-060 - Asa Sul,Brasília,DF,Faculdade,Presencial - Superior,Privada,Privada sem fins lucrativos,2016-11-18,5,2022.0,-,,-,,,,,Ativa,,10-s2.0-60291225,60291225,Instituto Presbiteriano Mackenzie,mackenzie.br,https://www.mackenzie.br/instituto,"['Instituto Presbiteriano Mackenzie', 'Mackenzie Presbyterian Institute']",0,0,1,0
22,INSTITUTO PRESBITERIANO MACKENZIE,60.967.551/0001-50,Pessoa Jurídica de Direito Privado - Sem fins lucrativos - Associação de Utilidade Pública,19229,FACULDADE PRESBITERIANA MACKENZIE BRASILIA (FPMB),FPMB,6135219300,http://www.mackenzie.br/,abilio.coelho@mackenzie.br;secretaria.bsb@mackenzie.br,Quadra SGAS 906 - LOTES 8 E 9 - CEP: 70390-060 - Asa Sul,Brasília,DF,Faculdade,Presencial - Superior,Privada,Privada sem fins lucrativos,2016-11-18,5,2022.0,-,,-,,,,,Ativa,,10-s2.0-60006185,60006185,Faculdade Evangélica Mackenzie do Paraná,mackenzie.br,https://www.mackenzie.br/faculdades/curitiba/home,"['Faculdade Evangélica Mackenzie do Paraná', 'Mackenzie Evangelical College of Paraná']",0,0,1,0
2261,JUNTA ADMINISTRATIVA DA FACULDADE TEOLOGICA BATISTA DE BRASILIA,00.505.172/0001-17,Pessoa Jurídica de Direito Privado - Sem fins lucrativos - Associação de Utilidade Pública,3573,FACULDADE TEOLÓGICA BATISTA DE BRASÍLIA (FTBB),FTBB,(61) 3272 1136,www.ftbb.edu.br,secretaria@ftbb.edu.br,Quadra SGAN 611 Módulo B - s/n - CEP: 70830-502 - Asa Norte,Brasília,DF,Faculdade,Presencial - Superior,Privada,Privada sem fins lucrativos,2005-09-01,3,2023.0,-,,2,2023.0,,,,Ativa,,10-s2.0-124786558,124786558,Faculdade Teológica Batista de Brasília (FTBB),,,['Faculdade Teológica Batista De Brasília (ftbb)'],1,0,0,1
435,ASSOCIACAO SALGADO DE OLIVEIRA DE EDUCACAO E CULTURA,28.638.393/0001-82,Pessoa Jurídica de Direito Privado - Sem fins lucrativos - Associação de Utilidade Pública,21861,FACULDADE UNIVERSO BRASÍLIA,-,(21) 2138-4945,www.universo.edu.br,reitoria@nt.universo.edu.br,Quadra QE 11 Área Especial C/D - - - CEP: 71020-631 - Guará I,Brasília,DF,Faculdade,Presencial - Superior,Privada,Privada sem fins lucrativos,2019-09-12,4,2018.0,-,,-,,,,Em supervisão - Procedimento Sancionador,Ativa,,10-s2.0-60021699,60021699,Universidade Salgado de Oliveira,universo.edu.br,http://www.universo.edu.br,"['Salgado de Oliveira University', 'Universidade Salgado de Oliveira']",0,1,1,0
13489,"INSTITUTO FEDERAL DE EDUCACAO, CIENCIA E TECNOLOGIA DE BRASILIA",10.791.831/0001-82,Pessoa Jurídica de Direito Público - Federal,14408,"INSTITUTO FEDERAL DE EDUCAÇÃO, CIENCIA E TECNOLOGIA DE BRASILIA (IFB)",IFB,061 2103 2154,www.ifb.edu.br,reitoria@ifb.edu.br,"Quadra SAUS Quadra 2, Bloco E (Ed. Siderbrás) - S/N - CEP: 70070-020 - Asa Sul",Brasília,DF,"Instituto Federal de Educação, Ciência e Tecnologia",EAD - Superior / Presencial - Superior,Publica,Pública Federal,2008-12-30,5,2021.0,-,,4,2023.0,,,,Ativa,,10-s2.0-60271899,60271899,"Instituto Federal De Educação, Ciencia E Tecnologia De Brasilia - IFB",ifb.edu.br,https://www.ifb.edu.br/,"['Instituto Federal De Educação, Ciencia E Tecnologia De Brasilia - IFB']",0,1,1,0
15194,POLICIA MILITAR DO DISTRITO FEDERAL,08.942.610/0001-16,Pessoa Jurídica de Direito Público - Federal,16037,Instituto Superior de Ciencias Policiais (ISCP),ISCP,6131906421,www.dec.pm.df.gov.br,pga@iscp.edu.br,Setor SPO - 04 - CEP: 70610-200 - Setores Complementares,Brasília,DF,Faculdade,EAD - Superior / Presencial - Superior,Publica,Pública Federal,2013-08-09,5,2025.0,-,,-,,,,,Ativa,,10-s2.0-116170068,116170068,Instituto Superior de Ciências Policiais,,,"['Instituto Superior De Ciências Policiais', 'Instituto Superior De Ciências Policiais E Do Centro Universitário']",1,0,0,1
278,UNIAO BRASILEIRA DE EDUCACAO CATOLICA,00.331.801/0001-30,Pessoa Jurídica de Direito Privado - Sem fins lucrativos - Associação de Utilidade Pública,403,UNIVERSIDADE CATÓLICA DE BRASÍLIA (UCB),UCB,(61) 33569000,www.ucb.br,reitoria@ucb.br;naiara.ns@hotmail.com;naiaras@ucb.b;educacaosuperior@ubec.edu.br,"QS 07, EPCT - LOTE 01 - CEP: 71966-900 - Areal (Águas Claras)",Brasília,DF,Universidade,EAD - Superior / Presencial - Superior /,Privada,Privada sem fins lucrativos,1974-03-12,5,2023.0,3,2013.0,4,2023.0,,,,Ativa,,10-s2.0-60020541,60020541,Universidade Católica de Brasília,ucb.catolica.edu.br,https://ucb.catolica.edu.br/portal/,"['Universidade Catolica de Brasilia', 'Universidade Católica de Brasília', 'Catholic University of Brasília']",1,0,0,2
2,FUNDACAO UNIVERSIDADE DE BRASILIA,00.038.174/0001-43,Pessoa Jurídica de Direito Público - Federal,2,UNIVERSIDADE DE BRASÍLIA (UNB),UNB,(61)3107-0254,www.unb.br,unb@unb.br,Campus Universitário Darcy Ribeiro - s/n - CEP: 70910-900 - Asa Norte,Brasília,DF,Universidade,EAD - Superior / Presencial - Superior /,Publica,Pública Federal,1962-01-16,5,2020.0,5,2023.0,5,2023.0,,,,Ativa,,10-s2.0-60024989,60024989,Universidade de Brasília,international.unb.br,https://international.unb.br/,"['Universidade de Brasília', 'University of Brasilia', 'University of Brasília']",1,0,0,1
119,SOCIEDADE DE ENSINO SUPERIOR ESTACIO DE SA LTDA,34.075.739/0001-84,Privada com fins lucrativos,1486,Centro Universitário Estácio de Vitória (ESTÁCIO VITÓRIA),ESTÁCIO VITÓRIA,,www.estacio.br,cgfesv@gmail.com;regulatorio.nacional@estacio.br,Rua Doutor Herwan Modenese Wanderley - 1001 - CEP: 29090-640 - Jardim Camburi,Vitória,ES,Centro Universitário,Presencial - Superior,Privada,Privada com fins lucrativos,2000-03-31,5,2023.0,-,,3,2023.0,,,,Ativa,,10-s2.0-60022378,60022378,Universidade Estacio de Sa,estacio.br,http://www.estacio.br,"['Estacio de Sa University', 'Universidade Estacio de Sa']",0,1,1,0
119,SOCIEDADE DE ENSINO SUPERIOR ESTACIO DE SA LTDA,34.075.739/0001-84,Privada com fins lucrativos,1486,Centro Universitário Estácio de Vitória (ESTÁCIO VITÓRIA),ESTÁCIO VITÓRIA,,www.estacio.br,cgfesv@gmail.com;regulatorio.nacional@estacio.br,Rua Doutor Herwan Modenese Wanderley - 1001 - CEP: 29090-640 - Jardim Camburi,Vitória,ES,Centro Universitário,Presencial - Superior,Privada,Privada com fins lucrativos,2000-03-31,5,2023.0,-,,3,2023.0,,,,Ativa,,10-s2.0-60003597,60003597,Universidade Estacio de Sa Faculdade de Medicina,estacio.br,http://www.estacio.br,"['Estacio de Sa University Faculty of Medicine', 'Universidade Estacio de Sa Faculdade de Medicina']",0,1,1,0
17008,FUCAPE PESQUISA E ENSINO S/A,06.105.333/0001-61,Privada com fins lucrativos,22119,ESCOLA DE DIREITO FUCAPE (FUCAPE DIREITO),FUCAPE DIREITO,(27)99311-8477,www.fucape.br,valcemiro@fucape.br,Avenida Fernando Ferrari - 1358 - CEP: 29075-505 - Boa Vista,Vitória,ES,Faculdade,Presencial - Superior,Privada,Privada com fins lucrativos,2019-06-03,5,2024.0,-,,-,,,,,Ativa,,10-s2.0-60198618,60198618,FUCAPE Business School,fucape.br,https://fucape.br/,['FUCAPE Business School'],0,1,1,0
345,IRMANDADE DA SANTA CASA DE MISERICORDIA DE VITORIA,28.141.190/0001-86,Pessoa Jurídica de Direito Privado - Sem fins lucrativos - Associação de Utilidade Pública,501,ESCOLA SUPERIOR DE CIÊNCIAS DA SANTA CASA DE MISERICÓRDIA DE VITÓRIA (EMESCAM),EMESCAM,(27)33343509,www.emescam.br,pesquisador@emescam.br,AVENIDA NOSSA SENHORA DA PENHA - 2190 - CEP: 29045-402 - SANTA LUIZA,Vitória,ES,Faculdade,EAD - Superior / Presencial - Superior /,Privada,Privada sem fins lucrativos,1968-03-04,5,2017.0,5,2021.0,4,2023.0,,,,Ativa,,10-s2.0-60004200,60004200,Escola Superior de Ciencias da Santa Casa de Misericordia de Vitoria,emescam.br,http://www.emescam.br,['Escola Superior de Ciencias da Santa Casa de Misericordia de Vitoria'],1,1,1,1
793,SERVICO SOCIAL EDUCACIONAL BENEFICENTE SESEBE,34.078.881/0001-85,Pessoa Jurídica de Direito Privado - Sem fins lucrativos - Associação de Utilidade Pública,1157,ESCOLA SUPERIOR SÃO FRANCISCO DE ASSIS (ESFA),ESFA,(27) 3259 3997,www.esfa.edu.br,diretoria.geral@esfa.edu.br,Rua Bernardino Monteiro - 700 - CEP: 29650-000 - Dois Pinheiros,Santa Teresa,ES,Faculdade,EAD - Superior / Presencial - Superior /,Privada,Privada sem fins lucrativos,1998-07-29,5,2024.0,4,2019.0,3,2023.0,,,,Ativa,,10-s2.0-116661373,116661373,Escola Superior São Francisco de Assis,,,[],1,0,0,0
793,SERVICO SOCIAL EDUCACIONAL BENEFICENTE SESEBE,34.078.881/0001-85,Pessoa Jurídica de Direito Privado - Sem fins lucrativos - Associação de Utilidade Pública,1157,ESCOLA SUPERIOR SÃO FRANCISCO DE ASSIS (ESFA),ESFA,(27) 3259 3997,www.esfa.edu.br,diretoria.geral@esfa.edu.br,Rua Bernardino Monteiro - 700 - CEP: 29650-000 - Dois Pinheiros,Santa Teresa,ES,Faculdade,EAD - Superior / Presencial - Superior /,Privada,Privada sem fins lucrativos,1998-07-29,5,2024.0,4,2019.0,3,2023.0,,,,Ativa,,10-s2.0-113987308,113987308,Escola Superior São Francisco de Assis - ESFA,,,"['Escola Superior São Francisco De Assis (esfa)', 'Escola Superior São Francisco De Assis', 'Escola Superior São Francisco De Assis - Esfa']",0,0,0,2
658,SOCIEDADE DE ENSINO SUPERIOR DE VITORIA LTDA,03.904.124/0001-90,Pessoa Jurídica de Direito Privado - Com fins lucrativos - Sociedade Civil,1142,FACULDADE DE DIREITO DE VITÓRIA (FDV),FDV,(27) 3041-3672,www.fdv.br,atividades@fdv.br,Rua Juiz Alexandre Martins de Castro Filho - 215 - CEP: 29056-295 - Santa Lúcia,Vitória,ES,Faculdade,EAD - Superior / Presencial - Superior /,Privada,Privada com fins lucrativos,1995-07-26,5,2019.0,5,2021.0,5,2023.0,,,,Ativa,,10-s2.0-118976760,118976760,Faculdade de Direito de Vitória,,,[],1,0,0,0
17008,FUCAPE PESQUISA E ENSINO S/A,06.105.333/0001-61,Privada com fins lucrativos,22913,Faculdade Escola de Negócios Fucape (FUCAPE FBS),FUCAPE FBS,27 40094444,www.fucape.br,valcemiro@fucape.br,Avenida Fernando Ferrari - 1358 - CEP: 29075-505 - Boa Vista,Vitória,ES,Faculdade,EAD - Superior /,Privada,Privada com fins lucrativos,2024-07-29,-,,5,2022.0,-,,,,"Suspensão contrato FIES, Suspensão PROUNI",Ativa,,10-s2.0-60198618,60198618,FUCAPE Business School,fucape.br,https://fucape.br/,['FUCAPE Business School'],0,1,1,0
119,SOCIEDADE DE ENSINO SUPERIOR ESTACIO DE SA LTDA,34.075.739/0001-84,Privada com fins lucrativos,1496,FACULDADE ESTÁCIO DE SÁ DE VILA VELHA (FESVV),FESVV,,www.estacio.br,cgfesvv@gmail.com;regulatorio.nacional@estacio.br,Rua Cabo Aylson Simões Lotes 01 a 06 - 67 - CEP: 29100-320 - Centro,Vila Velha,ES,Faculdade,Presencial - Superior,Privada,Privada com fins lucrativos,2000-05-05,5,2024.0,-,,4,2023.0,,,,Ativa,,10-s2.0-60022378,60022378,Universidade Estacio de Sa,estacio.br,http://www.estacio.br,"['Estacio de Sa University', 'Universidade Estacio de Sa']",0,1,1,0
119,SOCIEDADE DE ENSINO SUPERIOR ESTACIO DE SA LTDA,34.075.739/0001-84,Privada com fins lucrativos,1496,FACULDADE ESTÁCIO DE SÁ DE VILA VELHA (FESVV),FESVV,,www.estacio.br,cgfesvv@gmail.com;regulatorio.nacional@estacio.br,Rua Cabo Aylson Simões Lotes 01 a 06 - 67 - CEP: 29100-320 - Centro,Vila Velha,ES,Faculdade,Presencial - Superior,Privada,Privada com fins lucrativos,2000-05-05,5,2024.0,-,,4,2023.0,,,,Ativa,,10-s2.0-60003597,60003597,Universidade Estacio de Sa Faculdade de Medicina,estacio.br,http://www.estacio.br,"['Estacio de Sa University Faculty of Medicine', 'Universidade Estacio de Sa Faculdade de Medicina']",0,1,1,0
17008,FUCAPE PESQUISA E ENSINO S/A,06.105.333/0001-61,Privada com fins lucrativos,2397,FACULDADE FUCAPE (FUCAPE),FUCAPE,(27) 4009 4444,http://www.fucape.br,secretaria@fucape.br,Avenida Fernando Ferrari - 1358 - CEP: 29075-010 - Boa Vista,Vitória,ES,Faculdade,Presencial - Superior,Privada,Privada com fins lucrativos,2004-09-09,5,2018.0,4,2019.0,5,2023.0,,,,Ativa,,10-s2.0-60198618,60198618,FUCAPE Business School,fucape.br,https://fucape.br/,['FUCAPE Business School'],0,1,1,0
17847,NOVO MILENIO EDUCACAO LTDA,36.545.571/0001-59,Privada com fins lucrativos,1308,FACULDADE NOVO MILÊNIO (FNM),FNM,(27) 3399 5555/(27) 3399 2979,www.novomilenio.br,institucional@novomilenio.br,Avenida Santa Leopoldina - 840 - CEP: 29102-375 - Coqueiral de Itaparica,Vila Velha,ES,Faculdade,EAD - Superior / Presencial - Superior /,Privada,Privada com fins lucrativos,1999-05-18,4,2024.0,3,2015.0,3,2023.0,,,,Ativa,,10-s2.0-107136509,107136509,Faculdade Novo Milênio,,,"['Faculdade Novo Milênio', 'Faculdade Novo Milênio (FNM)', 'Faculdade Novo Milênio']",1,0,0,3
17847,NOVO MILENIO EDUCACAO LTDA,36.545.571/0001-59,Privada com fins lucrativos,1308,FACULDADE NOVO MILÊNIO (FNM),FNM,(27) 3399 5555/(27) 3399 2979,www.novomilenio.br,institucional@novomilenio.br,Avenida Santa Leopoldina - 840 - CEP: 29102-375 - Coqueiral de Itaparica,Vila Velha,ES,Faculdade,EAD - Superior / Presencial - Superior /,Privada,Privada com fins lucrativos,1999-05-18,4,2024.0,3,2015.0,3,2023.0,,,,Ativa,,10-s2.0-130939442,130939442,Faculdade Novo Milênio,,,['Faculdade Novo Milênio'],1,0,0,1
550,FUNDACAO SAO JOAO BATISTA,27.450.709/0001-45,Privada sem fins lucrativos,798,FACULDADES INTEGRADAS DE ARACRUZ (FAACZ),FAACZ,(27) 33028030,http://www.fsjb.edu.br/fsjb,arecla@fsjb.edu.br,Rua Professor Berilo Basílio dos Santos - 180 - CEP: 29194-910 - Centro,Aracruz,ES,Faculdade,EAD - Superior / Presencial - Superior /,Privada,Privada sem fins lucrativos,1989-05-23,5,2023.0,4,2019.0,3,2023.0,,,,Ativa,,10-s2.0-101751769,101751769,Faculdades Integradas de Aracruz,,,"['Faculdades Integradas De Aracruz', 'Faculdade De Aracruz', 'Faculdades Integradas De Aracruz-faacz']",1,0,0,1
1724,CEE-CENTRO DE ESTUDOS ESPECIALIZADOS,03.962.607/0001-40,Pessoa Jurídica de Direito Privado - Sem fins lucrativos - Associação de Utilidade Pública,2652,FACULDADE UNIDA DE VITÓRIA (FACULDADE UNIDA),FACULDADE UNIDA,(27) 3325 2071,www.fuv.edu.br,wanderley@fuv.edu.br,Rua Engenheiro Fábio Ruschi - 161 - CEP: 29050-670 - Bento Ferreira,Vitória,ES,Faculdade,EAD - Superior / Presencial - Superior /,Privada,Privada sem fins lucrativos,2005-11-16,5,2025.0,4,2022.0,5,2023.0,,,,Ativa,,10-s2.0-122229357,122229357,Faculdade Unida de Vitória,,,"['Faculdade Unida De Vitória', 'Faculdade Unida De Vitória (unida)', 'Faculdade Unida']",1,0,0,2
1655,INSTITUTO DE EDUCACAO SECULO XXI LTDA,04.004.880/0001-25,Privada com fins lucrativos,2538,FACULDADE VENDA NOVA DO IMIGRANTE (FAVENI),FAVENI,(028)3546-3349,www.faveni.edu.br,secretaria@faveni.edu.br,Avenida Evandi Américo Comarela - S/N - CEP: 29375-000 - Centro,Venda Nova do Imigrante,ES,Faculdade,EAD - Superior / Presencial - Superior /,Privada,Privada com fins lucrativos,2002-08-26,4,2023.0,5,2019.0,4,2023.0,,,,Ativa,,10-s2.0-119701456,119701456,Faculdade Venda Nova do Imigrante (FAVENI/ES),,,"['Venda Nova Do Imigrante College', 'Faculdade Venda Nova Do Imigrante - Faveni', 'Faculdade Venda Nova Do Imigrante (faveni/es)', 'Faculdade Venda Nova Do Imigrante', 'Faculdade De Venda Nova Do Imigrante']",1,0,0,2
14112,INSTITUTO FEDERAL DE EDUCACAO CIENCIA E TECNOLOGIA DO ESPIRITO SANTO,10.838.653/0001-06,Pessoa Jurídica de Direito Público - Federal,1808,"INSTITUTO FEDERAL DE EDUCAÇÃO, CIÊNCIA E TECNOLOGIA DO ESPÍRITO SANTO (IFES)",IFES,(27)3357-7500,www.ifes.edu.br,gabinete@ifes.edu.br;moramey@ifes.edu.br,Avenida Rio Branco - 50 - CEP: 29056-255 - Santa Lucia,Vitória,ES,"Instituto Federal de Educação, Ciência e Tecnologia",EAD - Superior / Presencial - Superior /,Publica,Pública Federal,1999-03-23,4,2017.0,5,2019.0,4,2023.0,,,,Ativa,,10-s2.0-60101677,60101677,Instituto Federal do Espírito Santo,ifes.edu.br,https://www.ifes.edu.br/,"['Instituto Federal do Espírito Santo', 'Federal Institute of Espírito Santo']",0,1,1,0
14112,INSTITUTO FEDERAL DE EDUCACAO CIENCIA E TECNOLOGIA DO ESPIRITO SANTO,10.838.653/0001-06,Pessoa Jurídica de Direito Público - Federal,1808,"INSTITUTO FEDERAL DE EDUCAÇÃO, CIÊNCIA E TECNOLOGIA DO ESPÍRITO SANTO (IFES)",IFES,(27)3357-7500,www.ifes.edu.br,gabinete@ifes.edu.br;moramey@ifes.edu.br,Avenida Rio Branco - 50 - CEP: 29056-255 - Santa Lucia,Vitória,ES,"Instituto Federal de Educação, Ciência e Tecnologia",EAD - Superior / Presencial - Superior /,Publica,Pública Federal,1999-03-23,4,2017.0,5,2019.0,4,2023.0,,,,Ativa,,10-s2.0-116341965,116341965,"Instituto Federal de Educação, Ciência e Tecnologia do Espírito Santo (IFES Campus Vitória)",,,[],1,0,0,0
15591,UNIVERSIDADE FEDERAL DO ESPIRITO SANTO,32.479.123/0001-43,Pessoa Jurídica de Direito Público - Federal,573,UNIVERSIDADE FEDERAL DO ESPÍRITO SANTO (UFES),UFES,(27) 4009 2200,www.ufes.br,reitor@ufes.br,"Av. Fernando Ferrari, 514, Goiabeiras. - 514 - CEP: 29075-910 - Goiabeiras",Vitória,ES,Universidade,EAD - Superior / Presencial - Superior /,Publica,Pública Federal,1961-01-30,5,2023.0,4,2023.0,4,2023.0,,,,Ativa,,10-s2.0-124532149,124532149,University Federal do Espírito Santo (EFES),,,"['University Federal Do Espírito Santo (efes)', 'University Federal Do Espírito Santo', 'Universidade Federal Do Espírito Santo - Ufes', 'Universidade Federal Do Espírito Santo', 'Federal University Of Sespírito Santo', 'Federal Institute Of Espírito Santo']",0,0,0,1
15591,UNIVERSIDADE FEDERAL DO ESPIRITO SANTO,32.479.123/0001-43,Pessoa Jurídica de Direito Público - Federal,573,UNIVERSIDADE FEDERAL DO ESPÍRITO SANTO (UFES),UFES,(27) 4009 2200,www.ufes.br,reitor@ufes.br,"Av. Fernando Ferrari, 514, Goiabeiras. - 514 - CEP: 29075-910 - Goiabeiras",Vitória,ES,Universidade,EAD - Superior / Presencial - Superior /,Publica,Pública Federal,1961-01-30,5,2023.0,4,2023.0,4,2023.0,,,,Ativa,,10-s2.0-60028426,60028426,Universidade Federal do Espírito Santo,internacional.ufes.br,https://internacional.ufes.br/en/home,"['Federal University of Espirito Santo', 'Universidade Federal do Espirito Santo', 'Federal University of Espírito Santo', 'Federal University of Espírito Santo (Ufes)', 'Universidade Federal do Espírito Santo']",1,0,0,2
17982,SOCIEDADE EDUCACAO E GESTAO DE EXCELENCIA I VILA VELHA S.A,37.745.762/0001-27,Privada com fins lucrativos,664,UNIVERSIDADE VILA VELHA (UVV),UVV,(27) 3421-2000,www.uvv.br,uvv@uvv.br;elaine@uvv.br,Av. Comissário José Dantas de Mello - 21 - CEP: 29102-920 - Boa Vista II,Vila Velha,ES,Universidade,EAD - Superior / Presencial - Superior /,Privada,Privada com fins lucrativos,1976-04-13,5,2017.0,5,2015.0,4,2023.0,,,,Ativa,,10-s2.0-60109906,60109906,Universidade Vila Velha,uvv.br,http://www.uvv.br/,['Universidade Vila Velha'],1,1,1,1
11794,FACULDADE ALFREDO NASSER LTDA,03.485.228/0001-07,Privada com fins lucrativos,1573,CENTRO UNIVERSITÁRIO ALFREDO NASSER (UNIFAN),UNIFAN,(62)30949494,www.unifan.edu.br,unifan@unifan.edu.br,Avenida Bela Vista - 26 - CEP: 74905-020 - Jardim das Esmeralda,Aparecida de Goiânia,GO,Centro Universitário,Presencial - Superior,Privada,Privada com fins lucrativos,2000-10-23,3,2018.0,4,2022.0,4,2023.0,,,,Ativa,,10-s2.0-118490841,118490841,Faculdade Alfredo Nasser,,,"['Faculdade Alfredo Nasser', 'Faculty Of Medicine Alfredo Nasser', 'Centro Universitário Alfredo Nasser', 'Alfredo Nasser University', 'Alfredo Nasser College']",0,0,0,1
1089,SOCIEDADE DE EDUCACAO E CULTURA DE GOIAS S/C LTDA,00.140.831/0001-69,Privada com fins lucrativos,1663,Centro Universitário Araguaia (UNIARAGUAIA),UNIARAGUAIA,(62) 32248829,www.uniaraguaia.edu.br,uniara@uniaraguaia.edu.br,Avenida T-10 - 1047 - CEP: 74223-060 - Setor Bueno,Goiânia,GO,Centro Universitário,EAD - Superior / Presencial - Superior /,Privada,Privada com fins lucrativos,2001-04-09,5,2019.0,5,2022.0,3,2023.0,,,,Ativa,,10-s2.0-113192747,113192747,Centro Universitário Araguaia,,,"['Centro Universitário Araguaia', 'University Center Araguaia', 'Universidade Uni-anhanguera', 'Unianhanguera University', 'Uni-anhangüera University', 'Uni-anhanguera University', 'Uni-anhanguera', 'Centro Universitário Uniaraguaia', 'Centro Universitário Uni-anhanguera', 'Araguaia University Center']",1,0,0,1
269,SOCIEDADE ANHANGUERA DE ENSINO LTDA,01.088.830/0001-85,Privada com fins lucrativos,386,CENTRO UNIVERSITÁRIO DE GOIÁS (UNIGOIÁS),UNIGOIÁS,(62) 32461435,www.unigoias.com.br,pedagogica@unigoias.com.br,Avenida João Cândido de Oliveira - 115 - CEP: 74423-115 - Cidade Jardim,Goiânia,GO,Centro Universitário,EAD - Superior / Presencial - Superior /,Privada,Privada com fins lucrativos,1973-02-12,4,2019.0,4,2023.0,3,2023.0,,,,Ativa,,10-s2.0-105605528,105605528,Centro Universitário de Goiás,,,"['Centro Universitário De Goiás', 'Centro Universitário De Mineiros']",1,0,0,1
269,SOCIEDADE ANHANGUERA DE ENSINO LTDA,01.088.830/0001-85,Privada com fins lucrativos,386,CENTRO UNIVERSITÁRIO DE GOIÁS (UNIGOIÁS),UNIGOIÁS,(62) 32461435,www.unigoias.com.br,pedagogica@unigoias.com.br,Avenida João Cândido de Oliveira - 115 - CEP: 74423-115 - Cidade Jardim,Goiânia,GO,Centro Universitário,EAD - Superior / Presencial - Superior /,Privada,Privada com fins lucrativos,1973-02-12,4,2019.0,4,2023.0,3,2023.0,,,,Ativa,,10-s2.0-106419675,106419675,Centro Universitário de Goiás - Uni-Anhanguera,,,"['Centro Universitário De Goiás - Uni-anhanguera', 'Universidade Anhanguera Centro Universitário De Goiás', 'Uni-anhanguera: Centro Universitário De Goiás', 'Centro Universitário Uni-anhanguera', 'Centro Universitário De Goiás Uni-anhanguera', 'Centro Universitário De Goiás - Uni-anhangüera', 'Centro Universitário De Goiás (uni-anhanguera)']",0,0,0,1
565,FUNDACAO INTEGRADA MUNICIPAL DE ENSINO SUPERIOR,01.465.988/0001-27,Pessoa Jurídica de Direito Público - Municipal,4396,CENTRO UNIVERSITÁRIO DE MINEIROS (UNIFIMES),UNIFIMES,(64) 36725100,www.unifimes.edu.br,unifimes@unifimes.edu.br,Rua 22 - S/N - CEP: 75830-000 - Setor Aeroporto,Mineiros,GO,Centro Universitário,EAD - Superior / Presencial - Superior /,Publica,Pública Municipal,1985-03-11,-,,-,,3,2023.0,,,,Ativa,,10-s2.0-117891318,117891318,Centro Universitário de Mineiros,,,['Centro Universitário De Mineiros'],1,0,0,1
565,FUNDACAO INTEGRADA MUNICIPAL DE ENSINO SUPERIOR,01.465.988/0001-27,Pessoa Jurídica de Direito Público - Municipal,4396,CENTRO UNIVERSITÁRIO DE MINEIROS (UNIFIMES),UNIFIMES,(64) 36725100,www.unifimes.edu.br,unifimes@unifimes.edu.br,Rua 22 - S/N - CEP: 75830-000 - Setor Aeroporto,Mineiros,GO,Centro Universitário,EAD - Superior / Presencial - Superior /,Publica,Pública Municipal,1985-03-11,-,,-,,3,2023.0,,,,Ativa,,10-s2.0-105605528,105605528,Centro Universitário de Goiás,,,"['Centro Universitário De Goiás', 'Centro Universitário De Mineiros']",0,0,0,1
565,FUNDACAO INTEGRADA MUNICIPAL DE ENSINO SUPERIOR,01.465.988/0001-27,Pessoa Jurídica de Direito Público - Municipal,4396,CENTRO UNIVERSITÁRIO DE MINEIROS (UNIFIMES),UNIFIMES,(64) 36725100,www.unifimes.edu.br,unifimes@unifimes.edu.br,Rua 22 - S/N - CEP: 75830-000 - Setor Aeroporto,Mineiros,GO,Centro Universitário,EAD - Superior / Presencial - Superior /,Publica,Pública Municipal,1985-03-11,-,,-,,3,2023.0,,,,Ativa,,10-s2.0-114043744,114043744,Centro Universitário de Mineiros,,,"['Centro Universitário De Mineiros', 'Centro Universitário De Mineiros (unifimes)', 'Centro Universitário De Mineiros\xa0', 'Acadêmica De Medicina Do Centro Universitário De Mineiros']",1,0,0,2
565,FUNDACAO INTEGRADA MUNICIPAL DE ENSINO SUPERIOR,01.465.988/0001-27,Pessoa Jurídica de Direito Público - Municipal,4396,CENTRO UNIVERSITÁRIO DE MINEIROS (UNIFIMES),UNIFIMES,(64) 36725100,www.unifimes.edu.br,unifimes@unifimes.edu.br,Rua 22 - S/N - CEP: 75830-000 - Setor Aeroporto,Mineiros,GO,Centro Universitário,EAD - Superior / Presencial - Superior /,Publica,Pública Municipal,1985-03-11,-,,-,,3,2023.0,,,,Ativa,,10-s2.0-128424070,128424070,Centro Universitário de Mineiros,,,"['Centro Universitário De Mineiros', 'Centro Universitário De Mineiros.']",1,0,0,1
119,SOCIEDADE DE ENSINO SUPERIOR ESTACIO DE SA LTDA,34.075.739/0001-84,Privada com fins lucrativos,2501,CENTRO UNIVERSITÁRIO ESTÁCIO DE GOIÁS (ESTÁCIO GOIÁS),ESTÁCIO GOIÁS,,www.estacio.br,cgfesgo@gmail.com;regulatorio.nacional@estacio.br,Avenida Goiás - 2151 - CEP: 74063-010 - Setor Central,Goiânia,GO,Centro Universitário,Presencial - Superior,Privada,Privada com fins lucrativos,2004-05-14,4,2021.0,-,,3,2023.0,,,,Ativa,,10-s2.0-60022378,60022378,Universidade Estacio de Sa,estacio.br,http://www.estacio.br,"['Estacio de Sa University', 'Universidade Estacio de Sa']",0,1,1,0
119,SOCIEDADE DE ENSINO SUPERIOR ESTACIO DE SA LTDA,34.075.739/0001-84,Privada com fins lucrativos,2501,CENTRO UNIVERSITÁRIO ESTÁCIO DE GOIÁS (ESTÁCIO GOIÁS),ESTÁCIO GOIÁS,,www.estacio.br,cgfesgo@gmail.com;regulatorio.nacional@estacio.br,Avenida Goiás - 2151 - CEP: 74063-010 - Setor Central,Goiânia,GO,Centro Universitário,Presencial - Superior,Privada,Privada com fins lucrativos,2004-05-14,4,2021.0,-,,3,2023.0,,,,Ativa,,10-s2.0-60003597,60003597,Universidade Estacio de Sa Faculdade de Medicina,estacio.br,http://www.estacio.br,"['Estacio de Sa University Faculty of Medicine', 'Universidade Estacio de Sa Faculdade de Medicina']",0,1,1,0
435,ASSOCIACAO SALGADO DE OLIVEIRA DE EDUCACAO E CULTURA,28.638.393/0001-82,Pessoa Jurídica de Direito Privado - Sem fins lucrativos - Associação de Utilidade Pública,15053,CENTRO UNIVERSITÁRIO UNIVERSO GOIÂNIA,-,(21) 2138-4945,www.universo.edu.br,reitoria@nt.universo.edu.br,Avenida Cora Coralina - Quadra F-25 - Lote 40 - CEP: 74080-445 - Setor Sul,Goiânia,GO,Centro Universitário,Presencial - Superior,Privada,Privada sem fins lucrativos,,4,2024.0,-,,2,2023.0,,,,Ativa,,10-s2.0-60021699,60021699,Universidade Salgado de Oliveira,universo.edu.br,http://www.universo.edu.br,"['Salgado de Oliveira University', 'Universidade Salgado de Oliveira']",0,1,1,0
2289,SBCE - SOCIEDADE BRASILEIRA DE CULTURA E ENSINO SUPERIOR LTDA - ME,03.996.171/0001-00,Privada com fins lucrativos,3607,ESCOLA SUPERIOR ASSOCIADA DE GOIÂNIA (ESUP),ESUP,(62) 3931-4400,www.esup.edu.br,diretoria@esup.edu.br,Avenida Antonio Fidélis - 515 - CEP: 74840-090 - Parque Amazônia,Goiânia,GO,Faculdade,EAD - Superior / Presencial - Superior /,Privada,Privada com fins lucrativos,2004-08-12,4,2023.0,-,,3,2023.0,,,Credenciamento EaD Provisório,Ativa,,10-s2.0-116277938,116277938,Escola Superior Associada de Goiânia,,,"['Escola Superior Associada De Goiânia', 'Escola Superior Associada De Goiânia (esup)']",1,0,0,2
16452,ANHANGUERA EDUCACIONAL PARTICIPACOES S/A,04.310.392/0001-46,Privada com fins lucrativos,5550,FACULDADE ANHANGUERA DE ANÁPOLIS,-,(31) 2126-0413; (31) 98634-9711,,ddi@kroton.com.br; katia.parreiras@kroton.com.br,Avenida Universitária - 2.221 - CEP: 75083-350 - Vila Santa Isabel,Anápolis,GO,Faculdade,Presencial - Superior,Privada,Privada com fins lucrativos,2002-12-31,4,2023.0,-,,3,2023.0,,,,Ativa,,10-s2.0-109058579,109058579,Faculdade Anhanguera de Anápolis,,,[],1,0,0,0
16452,ANHANGUERA EDUCACIONAL PARTICIPACOES S/A,04.310.392/0001-46,Privada com fins lucrativos,5550,FACULDADE ANHANGUERA DE ANÁPOLIS,-,(31) 2126-0413; (31) 98634-9711,,ddi@kroton.com.br; katia.parreiras@kroton.com.br,Avenida Universitária - 2.221 - CEP: 75083-350 - Vila Santa Isabel,Anápolis,GO,Faculdade,Presencial - Superior,Privada,Privada com fins lucrativos,2002-12-31,4,2023.0,-,,3,2023.0,,,,Ativa,,10-s2.0-116873440,116873440,Faculdade Anhanguera de Anápolis,,,['Faculdade Anhanguera De Anápolis'],1,0,0,1
2476,SERVICO NACIONAL DE APRENDIZAGEM INDUSTRIAL SENAI,03.783.850/0001-00,Privada sem fins lucrativos,4100,FACULDADE DE TECNOLOGIA SENAI ÍTALO BOLOGNA (FATECIB),FATECIB,(62) 3226 4500,www.senaigo.com.br,flaviasimonassi@fieg.com.br;dario@fieg.com.br,Armogaste J. Silveira - 612 - CEP: 74560-020 - Setor Centro Oeste,Goiânia,GO,Faculdade,Presencial - Superior,Privada,Privada sem fins lucrativos,2005-01-26,4,2018.0,-,,3,2016.0,,,,Ativa,,10-s2.0-117093022,117093022,Faculdade de Tecnologia SENAI Ítalo Bologna,,,[],1,0,0,0
267,ASSOCIACAO EDUCATIVA EVANGELICA,01.060.102/0001-65,Pessoa Jurídica de Direito Privado - Sem fins lucrativos - Associação de Utilidade Pública,3789,FACULDADE EVANGÉLICA DE GOIANÉSIA (FACEG),FACEG,(62) 3353 6260 e 3353 4280,www.faceg.edu.br,jose.santos@faceg.edu.br; matildes.oliveira@faceg.edu.br,Av Avenida Brasil - 1000 - CEP: 76385-608 - Covoa,Goianésia,GO,Faculdade,Presencial - Superior,Privada,Privada sem fins lucrativos,2005-03-02,5,2024.0,-,,4,2023.0,,,,Ativa,,10-s2.0-116396654,116396654,Faculdade Evangélica de Goianésia,,,[],1,0,0,0
267,ASSOCIACAO EDUCATIVA EVANGELICA,01.060.102/0001-65,Pessoa Jurídica de Direito Privado - Sem fins lucrativos - Associação de Utilidade Pública,3789,FACULDADE EVANGÉLICA DE GOIANÉSIA (FACEG),FACEG,(62) 3353 6260 e 3353 4280,www.faceg.edu.br,jose.santos@faceg.edu.br; matildes.oliveira@faceg.edu.br,Av Avenida Brasil - 1000 - CEP: 76385-608 - Covoa,Goianésia,GO,Faculdade,Presencial - Superior,Privada,Privada sem fins lucrativos,2005-03-02,5,2024.0,-,,4,2023.0,,,,Ativa,,10-s2.0-118602417,118602417,Faculdade Evangélica de Goianésia,,,['Faculdade Evangélica De Goianésia'],1,0,0,1
2638,CENTRO DE ENSINO SUPERIOR MORGANA POTRICH EIRELI,07.218.565/0001-99,Privada com fins lucrativos,4198,Faculdade Morgana Potrich (FAMP),FAMP,(64)3661-8863,www.fampfaculdade.com.br,"morganapotrich@fampfaculdade.com.br, daianasganzella@fampfaculdade.com.br","Avenida 3, Qd. 7, Lotes 15 a 19 - 3 - CEP: 75832-009 - Mundinho",Mineiros,GO,Faculdade,Presencial - Superior,Privada,Privada com fins lucrativos,2007-05-22,5,2023.0,-,,2,2023.0,,,,Ativa,,10-s2.0-127180915,127180915,Faculdade Morgana Potrich (FAMP),,,[],1,0,0,0
2638,CENTRO DE ENSINO SUPERIOR MORGANA POTRICH EIRELI,07.218.565/0001-99,Privada com fins lucrativos,4198,Faculdade Morgana Potrich (FAMP),FAMP,(64)3661-8863,www.fampfaculdade.com.br,"morganapotrich@fampfaculdade.com.br, daianasganzella@fampfaculdade.com.br","Avenida 3, Qd. 7, Lotes 15 a 19 - 3 - CEP: 75832-009 - Mundinho",Mineiros,GO,Faculdade,Presencial - Superior,Privada,Privada com fins lucrativos,2007-05-22,5,2023.0,-,,2,2023.0,,,,Ativa,,10-s2.0-119569884,119569884,Faculdade Morgana Potrich,,,['Faculdade Morgana Potrich'],1,0,0,1
1955,DINAMICA ORGANIZACAO PROJETOS E CONSULTORIA LTDA - ME,02.124.897/0001-90,Privada com fins lucrativos,3020,FACULDADE SANTA RITA DE CÁSSIA (IFASC),IFASC,64-3404-9020,www.unifasc.com.br,unifasc@hotmail.com,Avenida Adelina Alves Vilela - 393 - CEP: 75524-680 - Jardim Primavera,Itumbiara,GO,Faculdade,EAD - Superior / Presencial - Superior /,Privada,Privada com fins lucrativos,2003-10-23,4,2019.0,5,2021.0,3,2023.0,,,,Ativa,,10-s2.0-116677144,116677144,Faculdade Santa Rita de Cássia (FSR),,,['Faculdade Santa Rita de Cássia (FSR)'],1,0,0,1
1955,DINAMICA ORGANIZACAO PROJETOS E CONSULTORIA LTDA - ME,02.124.897/0001-90,Privada com fins lucrativos,3020,FACULDADE SANTA RITA DE CÁSSIA (IFASC),IFASC,64-3404-9020,www.unifasc.com.br,unifasc@hotmail.com,Avenida Adelina Alves Vilela - 393 - CEP: 75524-680 - Jardim Primavera,Itumbiara,GO,Faculdade,EAD - Superior / Presencial - Superior /,Privada,Privada com fins lucrativos,2003-10-23,4,2019.0,5,2021.0,3,2023.0,,,,Ativa,,10-s2.0-118255674,118255674,Faculdade Santa Rita de Cássia,,,"['Faculdade Santa Rita De Cássia', 'Santa Rita De Cassia University (unifasc)']",1,0,0,1
1045,SOCIEDADE DE ENSINO SUPERIOR FENIX LTDA - ME,03.497.669/0001-29,Privada com fins lucrativos,3613,FACULDADES INTEGRADAS IESGO (IESGO),IESGO,(61) 3642-1900,www.iesgo.edu.br,gisellempsouza@gmail.com,Avenida Brasília - 2001 - CEP: 73813-011 - Formosinha,Formosa,GO,Faculdade,Presencial - Superior,Privada,Privada com fins lucrativos,2000-12-28,4,2023.0,-,,3,2023.0,,,,Ativa,,10-s2.0-100748210,100748210,Faculdades Integradas,,,"['Faculdades Integradas', 'Upis-faculdades Integradas', 'Dzo/faculdades Integradas', 'Faculdades Integradas Promove', 'Faculdades Integradas Iesgo']",0,0,0,1
14110,"INSTITUTO FEDERAL DE EDUCACAO, CIENCIA E TECNOLOGIA DE GOIAS",10.870.883/0001-44,Pessoa Jurídica de Direito Público - Federal,1811,"INSTITUTO FEDERAL DE EDUCAÇÃO, CIÊNCIA E TECNOLOGIA DE GOIÁS (IFG)",IFG,(62)3612-2200,www.ifg.edu.br,gabinete.reitoria@ifg.edu.br,Avenida Assis Chateaubriand - 1658 - CEP: 74130-012 - Setor Oeste,Goiânia,GO,"Instituto Federal de Educação, Ciência e Tecnologia",EAD - Superior / Presencial - Superior /,Publica,Pública Federal,1999-03-23,4,2019.0,-,,3,2023.0,,,,Ativa,,10-s2.0-60271913,60271913,"Instituto Federal de Educação, Ciência e Tecnologia de Goiás – IFG",ifg.edu.br,https://www.ifg.edu.br/,"['Instituto Federal de Educação, Ciência e Tecnologia de Goiás – IFG', 'Instituto Federal de Educação, Ciência e Tecnologia de Goiás', 'Federal Institute of Education, Science and Technology of Goiás']",0,1,1,1
16657,"INSTITUTO FEDERAL DE EDUCACAO, CIENCIA E TECNOLOGIA GOIANO",10.651.417/0001-78,Pessoa Jurídica de Direito Público - Federal,1303,"INSTITUTO FEDERAL DE EDUCAÇÃO, CIÊNCIA E TECNOLOGIA GOIANO (IF Goiano)",IF Goiano,(62) 36053600,www.ifgoiano.edu.br,pi@ifgoiano.edu.br,"Rua 88 - 32, 34 e 36 - CEP: 74085-010 - Setor Sul",Goiânia,GO,"Instituto Federal de Educação, Ciência e Tecnologia",EAD - Superior / Presencial - Superior /,Publica,Pública Federal,1999-05-07,5,2017.0,-,,4,2023.0,,,,Ativa,,10-s2.0-60101675,60101675,"Instituto Federal de Educação, Ciência e Tecnologia Goiano Campus Rio Verde",ifgoiano.edu.br,https://ifgoiano.edu.br/home/index.php,"['Instituto Federal de Educação, Ciência e Tecnologia Goiano Campus Rio Verde']",0,0,1,0
366,SOCIEDADE GOIANA DE CULTURA,01.587.609/0001-71,Privada sem fins lucrativos,527,PONTIFÍCIA UNIVERSIDADE CATÓLICA DE GOIÁS (PUC GOIÁS),PUC GOIÁS,(62)33096165 e 39461052,www.pucgoias.edu.br,reitoria@pucgoias.edu.br,AVENIDA UNIVERSITÁRIA - 1440 - CEP: 74605-010 - SETOR UNIVERSITÁRIO,Goiânia,GO,Universidade,EAD - Superior / Presencial - Superior /,Privada,Privada sem fins lucrativos,1959-10-17,4,2023.0,5,2023.0,3,2023.0,,,,Ativa,,10-s2.0-116517660,116517660,Pontifícia Universidade Católica (PUC) de Goiás,,,['Pontifícia Universidade Católica (PUC) de Goiás'],1,0,0,1
366,SOCIEDADE GOIANA DE CULTURA,01.587.609/0001-71,Privada sem fins lucrativos,527,PONTIFÍCIA UNIVERSIDADE CATÓLICA DE GOIÁS (PUC GOIÁS),PUC GOIÁS,(62)33096165 e 39461052,www.pucgoias.edu.br,reitoria@pucgoias.edu.br,AVENIDA UNIVERSITÁRIA - 1440 - CEP: 74605-010 - SETOR UNIVERSITÁRIO,Goiânia,GO,Universidade,EAD - Superior / Presencial - Superior /,Privada,Privada sem fins lucrativos,1959-10-17,4,2023.0,5,2023.0,3,2023.0,,,,Ativa,,10-s2.0-60003865,60003865,Universidade Catolica de Goias,pucgoias.edu.br,https://www.pucgoias.edu.br/,"['Catholic University of Goias', 'Universidade Catolica de Goias']",0,1,1,0
73,FESURV - UNIVERSIDADE DE RIO VERDE,01.815.216/0001-78,Pessoa Jurídica de Direito Público - Municipal,3974,UNIVERSIDADE DE RIO VERDE (FESURV),FESURV,(64) 3611 2205,www.unirv.edu.br,reitoria@unirv.edu.br,Fazenda Fontes do Saber - S/N - CEP: 75901-970 - Campus Universitário,Rio Verde,GO,Universidade,EAD - Superior / Presencial - Superior /,Publica,Pública Municipal,1973-08-31,-,,-,,3,2023.0,,,,Ativa,,10-s2.0-60024552,60024552,Universidade de Rio Verde,fesurv.br,http://www.fesurv.br,"['University of Rio Verde', 'Universidade de Rio Verde']",1,0,0,1
42,UNIVERSIDADE ESTADUAL DE GOIAS,01.112.580/0001-71,Pessoa Jurídica de Direito Público - Estadual,47,UNIVERSIDADE ESTADUAL DE GOIÁS (UEG),UEG,62 3328 1433,www.ueg.br,reitor@ueg.br,"Rodovia BR-153, Quadra Área, Km 99, Bloco I a IV - s/nº - CEP: 75132-903 - ZONA RURAL",Anápolis,GO,Universidade,EAD - Superior / Presencial - Superior /,Publica,Pública Estadual,1999-04-20,-,,5,2017.0,3,2023.0,,,,Ativa,,10-s2.0-60012424,60012424,Universidade Estadual de Goias,ueg.br,http://www.ueg.br,"['State University of Goias', 'Universidade Estadual de Goias']",1,1,1,1
267,ASSOCIACAO EDUCATIVA EVANGELICA,01.060.102/0001-65,Pessoa Jurídica de Direito Privado - Sem fins lucrativos - Associação de Utilidade Pública,384,Universidade Evangélica de Goiás (UniEVANGÉLICA),UniEVANGÉLICA,(62) 3310 6600; 3310-6711,www.unievangelica.edu.br,helia@unievangelica.edu.br,Avenida Universitária - s/n - CEP: 75083-515 - Cidade Universitária,Anápolis,GO,Universidade,EAD - Superior / Presencial - Superior /,Privada,Privada sem fins lucrativos,1961-03-02,5,2020.0,5,2022.0,4,2023.0,Carlos Hassel Mendes da Silva,,Unificação de Mantidas,Ativa,,10-s2.0-60279202,60279202,Evangelical University of Goiás – Unievangelica,en.unievangelica.edu.br,http://en.unievangelica.edu.br/,"['Evangelical University of Goiás – Unievangelica', 'Evangélica College of Goianésia', 'Universidade Evangélica de Goiás']",0,0,0,1
17816,UNIVERSIDADE FEDERAL DE CATALAO,35.834.377/0001-20,Pessoa Jurídica de Direito Público - Federal,25274,UNIVERSIDADE FEDERAL DE CATALÃO (UFCAT),UFCAT,(64) 3441-5300,ufcat.edu.br/,roselma@ufcat.edu.br,Avenida Doutor Lamartine Pinto de Avelar - 1120 - CEP: 75704-020 - Loteamento Vila Chaud,Catalão,GO,Universidade,EAD - Superior / Presencial - Superior,Publica,Pública Federal,2018-03-21,5,2024.0,-,,4,2023.0,,,,Ativa,,10-s2.0-60281070,60281070,Universidade Federal de Catalão,ufcat.edu.br,https://ufcat.edu.br/,"['Universidade Federal de Catalão', 'Federal University of Catalão']",1,1,1,1
14856,UNIVERSIDADE FEDERAL DE GOIAS,01.567.601/0001-43,Pessoa Jurídica de Direito Público - Federal,584,UNIVERSIDADE FEDERAL DE GOIÁS (UFG),UFG,(62) 3521 1063,www.ufg.br,reitoria@ufg.br;secretaria.reitoria@ufg.br;dii.secplan@ufg.br,RODOVIA GOIÂNIA NERÓPOLIS - KM 12 - CEP: 74001-970 - Campus Samambaia,Goiânia,GO,Universidade,EAD - Superior / Presencial - Superior /,Publica,Pública Federal,1960-12-20,4,2015.0,-,,5,2023.0,,,,Ativa,,10-s2.0-113139811,113139811,Universidad Federal de Goiás (face-ufg),,,"['Universidade Federal De Goiás', 'Universidad Federal De Goiás (face-ufg)', 'Universidad De Federal De Goiás']",0,0,0,1
14856,UNIVERSIDADE FEDERAL DE GOIAS,01.567.601/0001-43,Pessoa Jurídica de Direito Público - Federal,584,UNIVERSIDADE FEDERAL DE GOIÁS (UFG),UFG,(62) 3521 1063,www.ufg.br,reitoria@ufg.br;secretaria.reitoria@ufg.br;dii.secplan@ufg.br,RODOVIA GOIÂNIA NERÓPOLIS - KM 12 - CEP: 74001-970 - Campus Samambaia,Goiânia,GO,Universidade,EAD - Superior / Presencial - Superior /,Publica,Pública Federal,1960-12-20,4,2015.0,-,,5,2023.0,,,,Ativa,,10-s2.0-121280601,121280601,Federal Universidade de Goiás,,,"['Universidade Federal De Goiás', 'Universidade Federal De Goiá', 'Federal Universidade De Goiás']",0,0,0,1
14856,UNIVERSIDADE FEDERAL DE GOIAS,01.567.601/0001-43,Pessoa Jurídica de Direito Público - Federal,584,UNIVERSIDADE FEDERAL DE GOIÁS (UFG),UFG,(62) 3521 1063,www.ufg.br,reitoria@ufg.br;secretaria.reitoria@ufg.br;dii.secplan@ufg.br,RODOVIA GOIÂNIA NERÓPOLIS - KM 12 - CEP: 74001-970 - Campus Samambaia,Goiânia,GO,Universidade,EAD - Superior / Presencial - Superior /,Publica,Pública Federal,1960-12-20,4,2015.0,-,,5,2023.0,,,,Ativa,,10-s2.0-60027136,60027136,Universidade Federal de Goiás,ufg.br,https://www.ufg.br/,"['Federal University of Goias', 'Universidade Federal de Goias', 'Federal University of Goiás', 'Universidade Federal de Goiás']",1,1,1,2
14856,UNIVERSIDADE FEDERAL DE GOIAS,01.567.601/0001-43,Pessoa Jurídica de Direito Público - Federal,584,UNIVERSIDADE FEDERAL DE GOIÁS (UFG),UFG,(62) 3521 1063,www.ufg.br,reitoria@ufg.br;secretaria.reitoria@ufg.br;dii.secplan@ufg.br,RODOVIA GOIÂNIA NERÓPOLIS - KM 12 - CEP: 74001-970 - Campus Samambaia,Goiânia,GO,Universidade,EAD - Superior / Presencial - Superior /,Publica,Pública Federal,1960-12-20,4,2015.0,-,,5,2023.0,,,,Ativa,,10-s2.0-112463306,112463306,Universidade Federal e Goiás,,,"['Universidade Federal E Goiás', 'Universidade Federal De Goiáslaboratório De Herpetologia E', 'Universidade Federal De Goiás -', 'Universidade Federal De Goiás', 'Universidad E Federal De Goiás', 'Universidad E Federal De Goias', 'Federal University Of Goiá']",0,0,0,1
14856,UNIVERSIDADE FEDERAL DE GOIAS,01.567.601/0001-43,Pessoa Jurídica de Direito Público - Federal,584,UNIVERSIDADE FEDERAL DE GOIÁS (UFG),UFG,(62) 3521 1063,www.ufg.br,reitoria@ufg.br;secretaria.reitoria@ufg.br;dii.secplan@ufg.br,RODOVIA GOIÂNIA NERÓPOLIS - KM 12 - CEP: 74001-970 - Campus Samambaia,Goiânia,GO,Universidade,EAD - Superior / Presencial - Superior /,Publica,Pública Federal,1960-12-20,4,2015.0,-,,5,2023.0,,,,Ativa,,10-s2.0-60024823,60024823,"Universidade Federal de Goias, Faculdade de Medicina",ufg.br,,"['Federal University of Goias, Faculty of Medicine', 'Universidade Federal de Goias, Faculdade de Medicina']",0,0,1,0
17824,UNIVERSIDADE FEDERAL DE JATAI,35.840.659/0001-30,Pessoa Jurídica de Direito Público - Federal,25282,UNIVERSIDADE FEDERAL DE JATAÍ (UFJ),UFJ,(64) 3606 8202,,secretaria.executiva@ufj.edu.br,Rodovia BR-364 - - CEP: 75801-615 - Setor Francisco Antônio,Jataí,GO,Universidade,Presencial - Superior,Publica,Pública Federal,2018-03-21,-,,-,,4,2023.0,,,,Ativa,,10-s2.0-60194977,60194977,Universidade Federal de Jataí,jatai.ufg.br,https://portalufj.jatai.ufg.br/,"['Federal University of Jataí', 'Universidade Federal de Jataí', 'Jataí University of Federal', 'UFJ - Universidade Federal de Jataí']",1,0,0,1
17824,UNIVERSIDADE FEDERAL DE JATAI,35.840.659/0001-30,Pessoa Jurídica de Direito Público - Federal,25282,UNIVERSIDADE FEDERAL DE JATAÍ (UFJ),UFJ,(64) 3606 8202,,secretaria.executiva@ufj.edu.br,Rodovia BR-364 - - CEP: 75801-615 - Setor Francisco Antônio,Jataí,GO,Universidade,Presencial - Superior,Publica,Pública Federal,2018-03-21,-,,-,,4,2023.0,,,,Ativa,,10-s2.0-126423362,126423362,Universidade Federal de Medicina,,,"['Universidade Federal De Medicina', 'Universidade Federal Demedicina', 'Universidade Federal De Jataí', 'Engineering-universidade Federal De']",0,0,0,1
16015,SOCIEDADE EDUCACIONAL SEVEN LTDA,15.243.448/0001-03,Privada com fins lucrativos,2539,FACULDADE EVANGÉLICA DO MEIO NORTE (FAEME),FAEME,(99) 3641 2812,www.faeme.edu.br,faeme.seven@faeme.edu.br,Rua Nova - 429 - CEP: 65415-000 - Centro,Coroatá,MA,Faculdade,Presencial - Superior,Privada,Privada sem fins lucrativos,2002-07-19,3,2018.0,-,,3,2023.0,,,Em Supervisão - Procedimento Sancionador com Medida Cautelar,Ativa,,10-s2.0-131078849,131078849,Faculdade Evangélica do Meio Norte,,,['Faculdade Evangélica Do Meio Norte'],1,0,0,1
16015,SOCIEDADE EDUCACIONAL SEVEN LTDA,15.243.448/0001-03,Privada com fins lucrativos,2539,FACULDADE EVANGÉLICA DO MEIO NORTE (FAEME),FAEME,(99) 3641 2812,www.faeme.edu.br,faeme.seven@faeme.edu.br,Rua Nova - 429 - CEP: 65415-000 - Centro,Coroatá,MA,Faculdade,Presencial - Superior,Privada,Privada sem fins lucrativos,2002-07-19,3,2018.0,-,,3,2023.0,,,Em Supervisão - Procedimento Sancionador com Medida Cautelar,Ativa,,10-s2.0-125105261,125105261,Faculdade Evangélica do Meio Norte,,,['Faculdade Evangélica Do Meio Norte'],1,0,0,1
13650,LABORO - CENTRO EDUCACIONAL DE EXCELENCIA LTDA,02.517.198/0001-00,Privada com fins lucrativos,13897,FACULDADE LABORO (Laboro),Laboro,(98) 98802 7058,www.laboro.edu.br,luciana.protazio@laboro.edu.br,Avenida Um - sn - CEP: 65058-690 - Vila Apaco,São Luís,MA,Faculdade,EAD - Superior / Presencial - Superior /,Privada,Privada com fins lucrativos,2012-06-11,5,2023.0,5,2018.0,3,2023.0,,,,Ativa,,10-s2.0-124537410,124537410,Faculdade Laboro,,,['Faculdade Laboro'],1,0,0,1
1048,CENTRO DE ENSINO SUPERIOR SANTA FE EIRELI,02.706.152/0001-30,Privada com fins lucrativos,1597,FACULDADE SANTA FÉ (CESSF),CESSF,(98) 21090505,www.faculdadesantafe.com.br,presidencia1@cessf.com.br,Avenida São Luís Rei de França - 19 - CEP: 65055-285 - Bairro do Turu,São Luís,MA,Faculdade,Presencial - Superior,Privada,Privada com fins lucrativos,2000-12-28,3,2021.0,-,,3,2023.0,,,,Ativa,,10-s2.0-119957352,119957352,Faculdade Santa Fé,,,['Faculdade Santa Fé'],1,0,0,1
15886,FACULDADE VALE DO ACO LTDA,12.513.048/0001-82,Privada com fins lucrativos,18253,FACULDADE VALE DO AÇO (FAVALE),FAVALE,99-35382162,www.favale.edu.br,diretor.geral@favale.edu.br; diretor.adm@favale.edu.br; diretoria.academica@favale.edu.br,BR 222 - 1 - CEP: 65930-000 - Jardim de Alá,Açailândia,MA,Faculdade,EAD - Superior / Presencial - Superior /,Privada,Privada com fins lucrativos,2016-04-19,4,2023.0,4,2021.0,3,2023.0,,,,Ativa,,10-s2.0-120452504,120452504,Faculdade Vale do Aço,,,['Faculdade Vale Do Aço'],1,0,0,1
2131,CENTRO DE ENSINO SUPERIOR MARIA DA CONCEICAO GASPAR LTDA,05.379.062/0001-70,Privada com fins lucrativos,3375,INSTITUTO DE ENSINO SUPERIOR MÚLTIPLO (IESM),IESM,(99) 3212 3869,www.faculdadeiesm.com.br,iesm-faculdade@uol.com.br,Avenida Boa Vista - 700 - CEP: 65636-720 - São Francisco,Timon,MA,Faculdade,EAD - Superior / Presencial - Superior /,Privada,Privada com fins lucrativos,2004-08-20,3,2015.0,4,2018.0,3,2023.0,,,Em supervisão - Procedimento Sancionador sem Medida Cautelar,Ativa,,10-s2.0-130229552,130229552,Instituto de Ensino Superior Múltiplo (IESM),,,[],1,0,0,0
15676,"INSTITUTO FEDERAL DE EDUCACAO, CIENCIA E TECNOLOGIA DO MARANHAO",10.735.145/0001-94,Pessoa Jurídica de Direito Público - Federal,600,"INSTITUTO FEDERAL DE EDUCAÇÃO, CIÊNCIA E TECNOLOGIA DO MARANHÃO (IFMA)",IFMA,(98) 3218 9001/(98) 3218 9033,www.ifma.edu.br,gabinete@ifma.edu.br,Avenida Getúlio Vargas - 4 - CEP: 65030-005 - Monte Castelo,São Luís,MA,"Instituto Federal de Educação, Ciência e Tecnologia",EAD - Superior / Presencial - Superior /,Publica,Pública Federal,1989-11-01,4,2016.0,4,2024.0,3,2023.0,,,,Ativa,,10-s2.0-60069357,60069357,"Instituto Federal de Educação, Ciência e Tecnologia do Maranhão",portal.ifma.edu.br,https://portal.ifma.edu.br/inicio/,"['Instituto Federal de Educação, Ciência e Tecnologia do Maranhão', 'Federal Institute of Education, Science and Technology of Maranhão']",1,0,0,1
2440,INSTITUTO FLORENCE DE ENSINO SUPERIOR LTDA - ME,06.040.046/0001-10,Privada com fins lucrativos,3869,INSTITUTO FLORENCE DE ENSINO SUPERIOR (IFES),IFES,98 38782120,www.florence.edu.br,dir.geral@florence.edu.br; dir.academica@florence.edu.br,Rua Rio Branco - 216 - CEP: 65020-470 - Centro,São Luís,MA,Faculdade,EAD - Superior / EAD - Lato-sensu / Presencial - Superior /,Privada,Privada com fins lucrativos,2006-11-03,5,2023.0,5,2018.0,3,2023.0,,,,Ativa,,10-s2.0-117624749,117624749,Instituto Florence de Ensino Superior,,,['Instituto Florence De Ensino Superior'],1,0,0,1
2559,CEUMA-ASSOCIACAO DE ENSINO SUPERIOR,23.689.763/0001-97,Pessoa Jurídica de Direito Privado - Sem fins lucrativos - Associação de Utilidade Pública,823,UNIVERSIDADE CEUMA (UNICEUMA),UNICEUMA,(98)3214 4277,www.ceuma.br,ntae@ceuma.br,Rua Josue Montello - 01 - CEP: 65075-120 - Renascença II,São Luís,MA,Universidade,EAD - Superior / Presencial - Superior /,Privada,Privada sem fins lucrativos,1992-06-10,5,2025.0,5,2023.0,3,2023.0,,,,Ativa,,10-s2.0-60104784,60104784,Universidade Ceuma (UNICEUMA),,http://www.ceuma.br/,['Universidade Ceuma (UNICEUMA)'],1,1,0,1
17134,UNIVERSIDADE ESTADUAL DA REGIAO TOCANTINA DO MARANHAO,26.677.304/0001-81,Pessoa Jurídica de Direito Público - Estadual,23410,UNIVERSIDADE ESTADUAL DA REGIÃO TOCANTINA DO MARANHÃO (UEMASUL),UEMASUL,99-35284225,,,Rua Godofredo Viana - 1300 - CEP: 65901-480 - Centro,Imperatriz,MA,Universidade,Presencial - Superior,Publica,Pública Estadual,2016-11-04,-,,-,,3,2023.0,,,,Ativa,,10-s2.0-60196681,60196681,Universidade Estadual da Região Tocantina do Maranhão,uemasul.edu.br,https://www.uemasul.edu.br/portal/,"['Universidade Estadual da Região Tocantina do Maranhão', 'State University of the Tocantina Region of Maranhão']",1,0,0,1
390,UNIVERSIDADE ESTADUAL DO MARANHAO,06.352.421/0001-68,Pessoa Jurídica de Direito Público - Estadual,568,UNIVERSIDADE ESTADUAL DO MARANHÃO (UEMA),UEMA,(98)3245 5461,www.uema.br,reitoria@uema.br,"Cidade Universitária, Paulo VI, UEMA, Tirirical. - S/N - CEP: 65055-970 - Tirirical",São Luís,MA,Universidade,EAD - Superior / Presencial - Superior /,Publica,Pública Estadual,1972-08-22,-,,4,2023.0,3,2023.0,,,,Ativa,,10-s2.0-118425617,118425617,Secretaria Estadual de Saúde do Maranhão,,,"['University Estadual Do Maranhão', 'Universidade Estadual Do Maranhão', 'Universidade Estadual Do Maranhã O', 'Universidade Do Maranhão', 'Secretaria Estadual De Saúde Do Maranhão']",0,0,0,1
390,UNIVERSIDADE ESTADUAL DO MARANHAO,06.352.421/0001-68,Pessoa Jurídica de Direito Público - Estadual,568,UNIVERSIDADE ESTADUAL DO MARANHÃO (UEMA),UEMA,(98)3245 5461,www.uema.br,reitoria@uema.br,"Cidade Universitária, Paulo VI, UEMA, Tirirical. - S/N - CEP: 65055-970 - Tirirical",São Luís,MA,Universidade,EAD - Superior / Presencial - Superior /,Publica,Pública Estadual,1972-08-22,-,,4,2023.0,3,2023.0,,,,Ativa,,10-s2.0-60001311,60001311,Universidade Estadual do Maranhão,uema.br,https://www.uema.br/,"['State University of Maranhao', 'Universidade Estadual do Maranhão']",1,1,1,1
2497,FUNDACAO UNIVERSIDADE FEDERAL DO MARANHAO,06.279.103/0001-19,Pessoa Jurídica de Direito Público - Federal,548,UNIVERSIDADE FEDERAL DO MARANHÃO (UFMA),UFMA,(98) 3272 8004,www.ufma.br,reitoria@ufma.br,Avenida dos Portugueses - 1966 - CEP: 65080-805 - Vila Bacanga,São Luís,MA,Universidade,EAD - Superior / Presencial - Superior /,Publica,Pública Federal,1969-10-24,4,2013.0,4,2014.0,4,2023.0,,,,Ativa,,10-s2.0-60009518,60009518,"Universidade Federal do Maranhao, Centro de Ciencias da Saude",ufma.br,http://www.ufma.br,"['Federal University of Maranhao, Center of Health Sciences', 'Universidade Federal do Maranhao, Centro de Ciencias da Saude']",0,1,1,0
2497,FUNDACAO UNIVERSIDADE FEDERAL DO MARANHAO,06.279.103/0001-19,Pessoa Jurídica de Direito Público - Federal,548,UNIVERSIDADE FEDERAL DO MARANHÃO (UFMA),UFMA,(98) 3272 8004,www.ufma.br,reitoria@ufma.br,Avenida dos Portugueses - 1966 - CEP: 65080-805 - Vila Bacanga,São Luís,MA,Universidade,EAD - Superior / Presencial - Superior /,Publica,Pública Federal,1969-10-24,4,2013.0,4,2014.0,4,2023.0,,,,Ativa,,10-s2.0-60015786,60015786,Universidade Federal do Maranhão,portalpadrao.ufma.br,https://portalpadrao.ufma.br/,"['Federal University of Maranhao', 'Universidade Federal do Maranhao', 'Federal University of Maranhão (UFMA)', 'Federal University of Maranhão', 'Universidade Federal do Maranhão']",1,0,0,2
77,FUNDACAO MUNICIPAL DE ENSINO SUPERIOR DE CONS LAFAIETE,19.722.313/0001-81,Privada sem fins lucrativos,3488,Centro de Ensino Superior de Conselheiro Lafaiete (CES-CL),CES-CL,31 3761-2223,www.ces-cl.edu.br,fecon@fecon.edu.br,Rua Lopes Franco - 1001 - CEP: 36400-000 - Carijós,Conselheiro Lafaiete,MG,Faculdade,Presencial - Superior,Privada,Privada sem fins lucrativos,2000-05-10,3,2015.0,-,,3,2023.0,,,,Ativa,,10-s2.0-123046314,123046314,Centro de Ensino Superior de Conselheiro Lafaiete,,,"['Centro De Ensino Superior De Conselheiro Lafaiete', 'Conselheiro Lafaiete']",1,0,0,1
16596,CENTRO FEDERAL DE EDUCACAO TECNOLOGICA DE MINAS GERAIS,17.220.203/0001-96,Pessoa Jurídica de Direito Público - Federal,594,CENTRO FEDERAL DE EDUCAÇÃO TECNOLÓGICA DE MINAS GERAIS (CEFET/MG),CEFET/MG,(31) 3319 7006,www.cefetmg.br,gabinete@cefetmg.br; cavg@cefetmg.br; dirgrad@cefetmg.br; glauciaporto@cefetmg.br,Avenida Amazonas - 5253 - CEP: 30480-000 - Nova Suiça,Belo Horizonte,MG,Centro Federal de Educação Tecnológica,EAD - Superior / Presencial - Superior /,Publica,Pública Federal,1978-07-04,5,2020.0,-,,5,2023.0,,,,Ativa,,10-s2.0-60069353,60069353,Centro Federal de Educacao Tecnologica de Minas Gerais,cefetmg.br,https://www.cefetmg.br/,['Centro Federal de Educacao Tecnologica de Minas Gerais'],1,1,1,1
1675,CENTRO EDUCACIONAL HYARTE-ML LTDA,01.428.030/0001-66,Privada com fins lucrativos,2579,CENTRO UNIVERSITÁRIO ATENAS (UniAtenas),UniAtenas,(38) 3365-1013,www.atenas.edu.br,faculdade@atenas.edu.br,Rua Euridamas Avelino de Barros - 1.400 - CEP: 38602-002 - Prado,Paracatu,MG,Centro Universitário,EAD - Superior / Presencial - Superior /,Privada,Privada com fins lucrativos,2002-06-03,5,2023.0,4,2023.0,3,2023.0,,,,Ativa,,10-s2.0-121639683,121639683,Centro Universitário Atenas,,,"['Centro Universitário Atenas', 'Centro Universitário Uniatenas', 'Centro Universitário De Atenas', 'Centro Universitário Atenas (uniatenas)']",1,0,0,2
1675,CENTRO EDUCACIONAL HYARTE-ML LTDA,01.428.030/0001-66,Privada com fins lucrativos,2579,CENTRO UNIVERSITÁRIO ATENAS (UniAtenas),UniAtenas,(38) 3365-1013,www.atenas.edu.br,faculdade@atenas.edu.br,Rua Euridamas Avelino de Barros - 1.400 - CEP: 38602-002 - Prado,Paracatu,MG,Centro Universitário,EAD - Superior / Presencial - Superior /,Privada,Privada com fins lucrativos,2002-06-03,5,2023.0,4,2023.0,3,2023.0,,,,Ativa,,10-s2.0-121157295,121157295,Centro Universitário Atenas,,,['Centro Universitário Atenas'],1,0,0,1
1675,CENTRO EDUCACIONAL HYARTE-ML LTDA,01.428.030/0001-66,Privada com fins lucrativos,2579,CENTRO UNIVERSITÁRIO ATENAS (UniAtenas),UniAtenas,(38) 3365-1013,www.atenas.edu.br,faculdade@atenas.edu.br,Rua Euridamas Avelino de Barros - 1.400 - CEP: 38602-002 - Prado,Paracatu,MG,Centro Universitário,EAD - Superior / Presencial - Superior /,Privada,Privada com fins lucrativos,2002-06-03,5,2023.0,4,2023.0,3,2023.0,,,,Ativa,,10-s2.0-128075439,128075439,Centro Universitario Atenas (UniAtenas),,,"['Faculdade Atenas (uniatenas)', 'Centro Universitario Atenas (uniatenas)']",1,0,0,1
353,FUNDACAO EDUCACIONAL GUAXUPE,20.773.214/0001-08,Privada sem fins lucrativos,3875,CENTRO UNIVERSITÁRIO DA FUNDAÇÃO EDUCACIONAL GUAXUPÉ (UNIFEG),UNIFEG,(35) 3551 5267 Ramal 209 e 210,www.unifeg.edu.br,reitoria@unifeg.edu.br,Avenida Dona Floriana - 463 - CEP: 37830-124 - Centro,Guaxupé,MG,Centro Universitário,EAD - Superior / Presencial - Superior /,Privada,Privada sem fins lucrativos,1969-05-22,4,2023.0,4,2016.0,3,2023.0,,,,Ativa,,10-s2.0-126990493,126990493,Centro Universitário da Fundação Educacional Guaxupé,,,[],1,0,0,0
14298,IEDUC - INSTITUTO DE EDUCACAO E CULTURA S/A,08.446.503/0001-05,Privada com fins lucrativos,349,CENTRO UNIVERSITÁRIO DE BELO HORIZONTE (UNI-BH),UNI-BH,(31) 3319-9219 / (31) 3319-9220,www.unibh.br,regulatorio@animaeducacao.com.br;reitoria@unibh.br,Avenida Prof. Mário Werneck - 1685 - CEP: 30455-610 - Estoril,Belo Horizonte,MG,Centro Universitário,EAD - Superior / Presencial - Superior /,Privada,Privada com fins lucrativos,1968-08-28,5,2024.0,4,2017.0,3,2023.0,,,,Ativa,,10-s2.0-60069344,60069344,Centro Universitario de Belo Horizonte,unibh.br,,['Centro Universitario de Belo Horizonte'],1,0,1,1
384,FUNDACAO EDUCACIONAL DE CARATINGA FUNEC,19.325.547/0001-95,Privada sem fins lucrativos,3966,CENTRO UNIVERSITÁRIO DE CARATINGA (UNEC),UNEC,(33) 3322 7900 Ramal 7902,www.unec.edu.br,sra@funec.br,Av. Moacyr de Mattos - 87 - CEP: 35300-047 - Centro,Caratinga,MG,Centro Universitário,EAD - Superior / Presencial - Superior /,Privada,Privada sem fins lucrativos,1968-05-22,3,2024.0,3,2022.0,3,2023.0,,,,Ativa,,10-s2.0-109873009,109873009,Centro Universitário de Caratinga,,,"['Centro Universitário De Caratinga', 'Centro Universitário De Caratinga - Cuc']",1,0,0,1
384,FUNDACAO EDUCACIONAL DE CARATINGA FUNEC,19.325.547/0001-95,Privada sem fins lucrativos,3966,CENTRO UNIVERSITÁRIO DE CARATINGA (UNEC),UNEC,(33) 3322 7900 Ramal 7902,www.unec.edu.br,sra@funec.br,Av. Moacyr de Mattos - 87 - CEP: 35300-047 - Centro,Caratinga,MG,Centro Universitário,EAD - Superior / Presencial - Superior /,Privada,Privada sem fins lucrativos,1968-05-22,3,2024.0,3,2022.0,3,2023.0,,,,Ativa,,10-s2.0-113939415,113939415,Centro Universitário de Caratinga,,,"['Centro Universitário De Caratinga', 'Centro Universitário De Caratinga - Unec', 'Centro Universtário De Caratinga', 'Centro Universitário De Caratinga - Cuc']",1,0,0,1
215,FUNDACAO EDUCACIONAL DE FORMIGA-MG - FUOM,20.501.128/0001-46,Privada sem fins lucrativos,3983,CENTRO UNIVERSITÁRIO DE FORMIGA (UNIFORMG),UNIFORMG,(37) 3329 1400 / (37)3329-1455,www.uniformg.edu.br,uniformg@uniformg.edu.br,Avenida Doutor Arnaldo de Senna - 328 - CEP: 35574-530 - Palmeiras,Formiga,MG,Centro Universitário,EAD - Superior / Presencial - Superior /,Privada,Privada sem fins lucrativos,2004-08-05,5,2024.0,5,2019.0,3,2023.0,,,,Ativa,,10-s2.0-119050590,119050590,Centro Universitário de Formiga (FUOM),,,['Centro Universitário De Formiga (fuom)'],1,0,0,1
215,FUNDACAO EDUCACIONAL DE FORMIGA-MG - FUOM,20.501.128/0001-46,Privada sem fins lucrativos,3983,CENTRO UNIVERSITÁRIO DE FORMIGA (UNIFORMG),UNIFORMG,(37) 3329 1400 / (37)3329-1455,www.uniformg.edu.br,uniformg@uniformg.edu.br,Avenida Doutor Arnaldo de Senna - 328 - CEP: 35574-530 - Palmeiras,Formiga,MG,Centro Universitário,EAD - Superior / Presencial - Superior /,Privada,Privada sem fins lucrativos,2004-08-05,5,2024.0,5,2019.0,3,2023.0,,,,Ativa,,10-s2.0-118781617,118781617,Centro Universitário de Formiga,,,['Centro Universitário De Formiga'],1,0,0,1
215,FUNDACAO EDUCACIONAL DE FORMIGA-MG - FUOM,20.501.128/0001-46,Privada sem fins lucrativos,3983,CENTRO UNIVERSITÁRIO DE FORMIGA (UNIFORMG),UNIFORMG,(37) 3329 1400 / (37)3329-1455,www.uniformg.edu.br,uniformg@uniformg.edu.br,Avenida Doutor Arnaldo de Senna - 328 - CEP: 35574-530 - Palmeiras,Formiga,MG,Centro Universitário,EAD - Superior / Presencial - Superior /,Privada,Privada sem fins lucrativos,2004-08-05,5,2024.0,5,2019.0,3,2023.0,,,,Ativa,,10-s2.0-101776656,101776656,Centro Universitário de Formiga,,,"['Centro Universitário De Formiga', 'Centro Universitário De Formiga (unifor-mg)']",1,0,0,2
215,FUNDACAO EDUCACIONAL DE FORMIGA-MG - FUOM,20.501.128/0001-46,Privada sem fins lucrativos,3983,CENTRO UNIVERSITÁRIO DE FORMIGA (UNIFORMG),UNIFORMG,(37) 3329 1400 / (37)3329-1455,www.uniformg.edu.br,uniformg@uniformg.edu.br,Avenida Doutor Arnaldo de Senna - 328 - CEP: 35574-530 - Palmeiras,Formiga,MG,Centro Universitário,EAD - Superior / Presencial - Superior /,Privada,Privada sem fins lucrativos,2004-08-05,5,2024.0,5,2019.0,3,2023.0,,,,Ativa,,10-s2.0-112817281,112817281,Centro Universitário de Formiga (UNIFOR-MG),,,[],1,0,0,0
215,FUNDACAO EDUCACIONAL DE FORMIGA-MG - FUOM,20.501.128/0001-46,Privada sem fins lucrativos,3983,CENTRO UNIVERSITÁRIO DE FORMIGA (UNIFORMG),UNIFORMG,(37) 3329 1400 / (37)3329-1455,www.uniformg.edu.br,uniformg@uniformg.edu.br,Avenida Doutor Arnaldo de Senna - 328 - CEP: 35574-530 - Palmeiras,Formiga,MG,Centro Universitário,EAD - Superior / Presencial - Superior /,Privada,Privada sem fins lucrativos,2004-08-05,5,2024.0,5,2019.0,3,2023.0,,,,Ativa,,10-s2.0-115433412,115433412,Centro Universitário de Formiga,,,"['Centro Universitário De Formiga', 'Centro Universitario De Formiga']",1,0,0,2
215,FUNDACAO EDUCACIONAL DE FORMIGA-MG - FUOM,20.501.128/0001-46,Privada sem fins lucrativos,3983,CENTRO UNIVERSITÁRIO DE FORMIGA (UNIFORMG),UNIFORMG,(37) 3329 1400 / (37)3329-1455,www.uniformg.edu.br,uniformg@uniformg.edu.br,Avenida Doutor Arnaldo de Senna - 328 - CEP: 35574-530 - Palmeiras,Formiga,MG,Centro Universitário,EAD - Superior / Presencial - Superior /,Privada,Privada sem fins lucrativos,2004-08-05,5,2024.0,5,2019.0,3,2023.0,,,,Ativa,,10-s2.0-116532637,116532637,Centro Universitário de Formiga - MG,,,"['Centro Universitário De Formiga - Mg', 'Centro Universitário De Formiga-mg', 'Centro Universitário De Formiga (unifor)']",0,0,0,1
40,FUNDACAO DE ENSINO E PESQUISA DE ITAJUBA,21.041.264/0001-63,Privada sem fins lucrativos,1869,CENTRO UNIVERSITÁRIO DE ITAJUBÁ (FEPI),FEPI,(35)36298400,www.fepi.br,reitoria@fepi.br;madisson@fepi.br;erwinmadisson@gmail.com,Avenida Dr. Antonio Braga Filho - 687 - CEP: 37501-002 - Varginha,Itajubá,MG,Centro Universitário,EAD - Superior / Presencial - Superior /,Privada,Privada sem fins lucrativos,2001-03-16,5,2018.0,4,2022.0,4,2023.0,,,,Ativa,,10-s2.0-101632306,101632306,Centro Universitário de Itajubá,,,[],1,0,0,0
2129,FUNDACAO EDUCACIONAL DE LAVRAS,22.075.444/0001-29,Privada sem fins lucrativos,3372,CENTRO UNIVERSITÁRIO DE LAVRAS (UNILAVRAS),UNILAVRAS,(35)36948136 e/ou (35)36948134,www.unilavras.edu.br,reitoria@unilavras.edu.br;christiane@unilavras.edu.br;proen@unilavras.edu.br,Rua Padre José Poggel - 506 - CEP: 37203-593 - Padre Dehon,Lavras,MG,Centro Universitário,EAD - Superior / Presencial - Superior /,Privada,Privada sem fins lucrativos,1966-01-04,5,2024.0,5,2022.0,4,2023.0,,,,Ativa,,10-s2.0-113242393,113242393,Centro Universitário de Lavras (UNILAVRAS),,,"['Centro Universitário De Lavras (unilavras)', 'Centro Universitário De Lavras (unilavras', 'Centro Universita´rio De Lavras (unilavras)']",1,0,0,2
2129,FUNDACAO EDUCACIONAL DE LAVRAS,22.075.444/0001-29,Privada sem fins lucrativos,3372,CENTRO UNIVERSITÁRIO DE LAVRAS (UNILAVRAS),UNILAVRAS,(35)36948136 e/ou (35)36948134,www.unilavras.edu.br,reitoria@unilavras.edu.br;christiane@unilavras.edu.br;proen@unilavras.edu.br,Rua Padre José Poggel - 506 - CEP: 37203-593 - Padre Dehon,Lavras,MG,Centro Universitário,EAD - Superior / Presencial - Superior /,Privada,Privada sem fins lucrativos,1966-01-04,5,2024.0,5,2022.0,4,2023.0,,,,Ativa,,10-s2.0-100505105,100505105,Centro Universitário de Lavras,,,[],1,0,0,0
2129,FUNDACAO EDUCACIONAL DE LAVRAS,22.075.444/0001-29,Privada sem fins lucrativos,3372,CENTRO UNIVERSITÁRIO DE LAVRAS (UNILAVRAS),UNILAVRAS,(35)36948136 e/ou (35)36948134,www.unilavras.edu.br,reitoria@unilavras.edu.br;christiane@unilavras.edu.br;proen@unilavras.edu.br,Rua Padre José Poggel - 506 - CEP: 37203-593 - Padre Dehon,Lavras,MG,Centro Universitário,EAD - Superior / Presencial - Superior /,Privada,Privada sem fins lucrativos,1966-01-04,5,2024.0,5,2022.0,4,2023.0,,,,Ativa,,10-s2.0-100885416,100885416,Centro Universitário de Lavras,,,[],1,0,0,0
2129,FUNDACAO EDUCACIONAL DE LAVRAS,22.075.444/0001-29,Privada sem fins lucrativos,3372,CENTRO UNIVERSITÁRIO DE LAVRAS (UNILAVRAS),UNILAVRAS,(35)36948136 e/ou (35)36948134,www.unilavras.edu.br,reitoria@unilavras.edu.br;christiane@unilavras.edu.br;proen@unilavras.edu.br,Rua Padre José Poggel - 506 - CEP: 37203-593 - Padre Dehon,Lavras,MG,Centro Universitário,EAD - Superior / Presencial - Superior /,Privada,Privada sem fins lucrativos,1966-01-04,5,2024.0,5,2022.0,4,2023.0,,,,Ativa,,10-s2.0-112757341,112757341,Centro Universitário de Lavras,,,"['Centro Universitário De Lavras', 'Universitário De Lavras', 'Centro Universitário De Lavras (unilavras)']",1,0,0,2
2129,FUNDACAO EDUCACIONAL DE LAVRAS,22.075.444/0001-29,Privada sem fins lucrativos,3372,CENTRO UNIVERSITÁRIO DE LAVRAS (UNILAVRAS),UNILAVRAS,(35)36948136 e/ou (35)36948134,www.unilavras.edu.br,reitoria@unilavras.edu.br;christiane@unilavras.edu.br;proen@unilavras.edu.br,Rua Padre José Poggel - 506 - CEP: 37203-593 - Padre Dehon,Lavras,MG,Centro Universitário,EAD - Superior / Presencial - Superior /,Privada,Privada sem fins lucrativos,1966-01-04,5,2024.0,5,2022.0,4,2023.0,,,,Ativa,,10-s2.0-112623229,112623229,Centro Universitário de Lavras (UNILAVRAS),,,[],1,0,0,0
2129,FUNDACAO EDUCACIONAL DE LAVRAS,22.075.444/0001-29,Privada sem fins lucrativos,3372,CENTRO UNIVERSITÁRIO DE LAVRAS (UNILAVRAS),UNILAVRAS,(35)36948136 e/ou (35)36948134,www.unilavras.edu.br,reitoria@unilavras.edu.br;christiane@unilavras.edu.br;proen@unilavras.edu.br,Rua Padre José Poggel - 506 - CEP: 37203-593 - Padre Dehon,Lavras,MG,Centro Universitário,EAD - Superior / Presencial - Superior /,Privada,Privada sem fins lucrativos,1966-01-04,5,2024.0,5,2022.0,4,2023.0,,,,Ativa,,10-s2.0-114686299,114686299,Centro Universitário de Lavras,,,['Centro Universitário de Lavras'],1,0,0,1
2128,FUNDACAO EDUCACIONAL DE PATOS DE MINAS,23.354.848/0001-14,Privada sem fins lucrativos,3371,CENTRO UNIVERSITÁRIO DE PATOS DE MINAS (UNIPAM),UNIPAM,343823.0331,www.unipam.edu.br,profhenrique@unipam.edu.br,Rua Major Gote - 808 - CEP: 38702-054 - Caiçaras,Patos de Minas,MG,Centro Universitário,EAD - Superior / Presencial - Superior /,Privada,Privada sem fins lucrativos,1970-04-15,5,2019.0,5,2023.0,4,2023.0,,,,Ativa,,10-s2.0-120701984,120701984,Centro Universitário de Patos de Minas,,,"['Centro Universitário De Patos De Minas', 'Centro Universitário De Patos De Minas (unipam)', 'Universitário De Patos De Minas (unipam)', 'Samuel Campos Silva Centro Universitário De Patos De Minas (unipam)', 'Centro Universitário Patos De Minas-', 'Centro Universitário De Patos De Minas—unipam', 'Centro Universitário De Patos De Minas. Rpatos De Minas']",1,0,0,2
2128,FUNDACAO EDUCACIONAL DE PATOS DE MINAS,23.354.848/0001-14,Privada sem fins lucrativos,3371,CENTRO UNIVERSITÁRIO DE PATOS DE MINAS (UNIPAM),UNIPAM,343823.0331,www.unipam.edu.br,profhenrique@unipam.edu.br,Rua Major Gote - 808 - CEP: 38702-054 - Caiçaras,Patos de Minas,MG,Centro Universitário,EAD - Superior / Presencial - Superior /,Privada,Privada sem fins lucrativos,1970-04-15,5,2019.0,5,2023.0,4,2023.0,,,,Ativa,,10-s2.0-113234810,113234810,Centro Universitário de Patos de Minas - UNIPAM,,,"['Centro Universitário De Patos De Minas - Unipam', 'Centro Universitário De Patos De Minas (unipam)']",0,0,0,1
2128,FUNDACAO EDUCACIONAL DE PATOS DE MINAS,23.354.848/0001-14,Privada sem fins lucrativos,3371,CENTRO UNIVERSITÁRIO DE PATOS DE MINAS (UNIPAM),UNIPAM,343823.0331,www.unipam.edu.br,profhenrique@unipam.edu.br,Rua Major Gote - 808 - CEP: 38702-054 - Caiçaras,Patos de Minas,MG,Centro Universitário,EAD - Superior / Presencial - Superior /,Privada,Privada sem fins lucrativos,1970-04-15,5,2019.0,5,2023.0,4,2023.0,,,,Ativa,,10-s2.0-109028536,109028536,Centro Universitário de Patos de Minas,,,"['Centro Universitário De Patos De Minas', 'Centro Universitario De Patos De Minas', 'Saúde Do Centro Universitário De Patos De Minas', 'Centro Universitário De Patos De Minas(unipam)', 'Centro Universitário De Patos De Minas (unipam)']",1,0,0,4
2128,FUNDACAO EDUCACIONAL DE PATOS DE MINAS,23.354.848/0001-14,Privada sem fins lucrativos,3371,CENTRO UNIVERSITÁRIO DE PATOS DE MINAS (UNIPAM),UNIPAM,343823.0331,www.unipam.edu.br,profhenrique@unipam.edu.br,Rua Major Gote - 808 - CEP: 38702-054 - Caiçaras,Patos de Minas,MG,Centro Universitário,EAD - Superior / Presencial - Superior /,Privada,Privada sem fins lucrativos,1970-04-15,5,2019.0,5,2023.0,4,2023.0,,,,Ativa,,10-s2.0-100816958,100816958,Centro Universitário de Patos de Minas,,,[],1,0,0,0
2128,FUNDACAO EDUCACIONAL DE PATOS DE MINAS,23.354.848/0001-14,Privada sem fins lucrativos,3371,CENTRO UNIVERSITÁRIO DE PATOS DE MINAS (UNIPAM),UNIPAM,343823.0331,www.unipam.edu.br,profhenrique@unipam.edu.br,Rua Major Gote - 808 - CEP: 38702-054 - Caiçaras,Patos de Minas,MG,Centro Universitário,EAD - Superior / Presencial - Superior /,Privada,Privada sem fins lucrativos,1970-04-15,5,2019.0,5,2023.0,4,2023.0,,,,Ativa,,10-s2.0-112655526,112655526,Centro Universitário de Patos de Minas,,,"['Centro Universitário De Patos De Minas', 'Universitário De Patos De Minas - Unipam', 'Centro Universitário De Patos De Minas 2- Unipam']",1,0,0,1
84,FUNDACAO EDUCACIONAL MONSENHOR MESSIAS,25.002.155/0001-98,Privada sem fins lucrativos,4962,CENTRO UNIVERSITÁRIO DE SETE LAGOAS (UNIFEMM),UNIFEMM,(31) 2106 2106,www.unifemm.edu.br,secretariageral@unifemm.edu.br,Avenida Marechal Castelo Branco - 2.765 - CEP: 35701-242 - Santo Antônio,Sete Lagoas,MG,Centro Universitário,EAD - Superior / Presencial - Superior /,Privada,Privada sem fins lucrativos,1970-04-24,4,2023.0,4,2022.0,3,2023.0,,,,Ativa,,10-s2.0-107907247,107907247,Centro Universitário de Sete Lagoas,,,"['Centro Universitário De Sete Lagoas', 'Centro Universitário De Sete Lagoas-unifemm', 'Centro Universitário De Sete Lagoas - Unifemm', 'Unifemm – Centro Universitário De Sete Lagoas', 'Sete Lagoas', 'Centrouniversitario De Sete Lagoas-unifemm', 'Centro Universitario De Sete Lagoas']",1,0,0,2
84,FUNDACAO EDUCACIONAL MONSENHOR MESSIAS,25.002.155/0001-98,Privada sem fins lucrativos,4962,CENTRO UNIVERSITÁRIO DE SETE LAGOAS (UNIFEMM),UNIFEMM,(31) 2106 2106,www.unifemm.edu.br,secretariageral@unifemm.edu.br,Avenida Marechal Castelo Branco - 2.765 - CEP: 35701-242 - Santo Antônio,Sete Lagoas,MG,Centro Universitário,EAD - Superior / Presencial - Superior /,Privada,Privada sem fins lucrativos,1970-04-24,4,2023.0,4,2022.0,3,2023.0,,,,Ativa,,10-s2.0-115235227,115235227,Centro Universitário de Sete Lagoas,,,['Centro Universitário De Sete Lagoas'],1,0,0,1
1051,FACULDADES UNIDAS DO NORTE LTDA,25.205.162/0001-97,Privada com fins lucrativos,1600,Centro Universitário do Norte de Minas (Uninorte Minas),Uninorte Minas,(38)2101-9268,,thalita.pimentel@funorte.edu.br;ruth.figueiredo@funorte.edu.br;ruy.muniz@funorte.com.br,Avenida Osmane Barbosa - 11.111 - CEP: 39404-006 - JK,Montes Claros,MG,Centro Universitário,Presencial - Superior,Privada,Privada com fins lucrativos,2000-12-28,5,2021.0,-,,4,2023.0,,,,Ativa,,10-s2.0-116581763,116581763,Centro de Agricultura Alternativa do Norte de Minas,,,"['Centro Universitário Do Norte De Minas', 'Centro De Agricultura Alternativa Do Norte De Minas']",0,0,0,1
78,FUNDACAO CULTURAL DE ARAXA,17.806.696/0001-40,Privada sem fins lucrativos,1575,CENTRO UNIVERSITÁRIO DO PLANALTO DE ARAXÁ (UNIARAXÁ),UNIARAXÁ,(34)3669 2000,www.uniaraxa.edu.br,reitoria@uniaraxa.edu.br;raquelveloso@uniaraxa.edu.br,Av. Ministro Olavo Drummond - 5 - CEP: 38180-084 - SÃO GERALDO,Araxá,MG,Centro Universitário,EAD - Superior / Presencial - Superior /,Privada,Privada sem fins lucrativos,1973-08-27,5,2024.0,5,2017.0,3,2023.0,,,,Ativa,,10-s2.0-112578255,112578255,Agrárias e Humanas do Centro Universitário do Planalto de Araxà (UNIARAXÀ),,,"['Agrárias e Humanas do Centro Universitário do Planalto de Araxà (UNIARAXÀ)', 'Centro Universitário do Planalto de Araxá (UNIARAXÁ)', 'Centro Universitário do Planalto de Araxá - UNIARAXÁ', 'Centro Universitário do Planalto de Araxá/UNIARAXÁ', 'Centro Universitário do Planalto de Araxá (UNIARAXÁ)']",0,0,0,2
78,FUNDACAO CULTURAL DE ARAXA,17.806.696/0001-40,Privada sem fins lucrativos,1575,CENTRO UNIVERSITÁRIO DO PLANALTO DE ARAXÁ (UNIARAXÁ),UNIARAXÁ,(34)3669 2000,www.uniaraxa.edu.br,reitoria@uniaraxa.edu.br;raquelveloso@uniaraxa.edu.br,Av. Ministro Olavo Drummond - 5 - CEP: 38180-084 - SÃO GERALDO,Araxá,MG,Centro Universitário,EAD - Superior / Presencial - Superior /,Privada,Privada sem fins lucrativos,1973-08-27,5,2024.0,5,2017.0,3,2023.0,,,,Ativa,,10-s2.0-101649310,101649310,Centro Universitário do Planalto de Araxá,,,"['Centro Universitário Do Planalto De Araxá', 'Centro Universitário Do Planalto De Araxi (uniaraxa)', 'Centro Universitário Do Planalto De Araxá-uniaraxá', 'Centro Universitário Do Planalto De Araxa', 'Centro Universitario Do Planalto De Araxa']",1,0,0,3
78,FUNDACAO CULTURAL DE ARAXA,17.806.696/0001-40,Privada sem fins lucrativos,1575,CENTRO UNIVERSITÁRIO DO PLANALTO DE ARAXÁ (UNIARAXÁ),UNIARAXÁ,(34)3669 2000,www.uniaraxa.edu.br,reitoria@uniaraxa.edu.br;raquelveloso@uniaraxa.edu.br,Av. Ministro Olavo Drummond - 5 - CEP: 38180-084 - SÃO GERALDO,Araxá,MG,Centro Universitário,EAD - Superior / Presencial - Superior /,Privada,Privada sem fins lucrativos,1973-08-27,5,2024.0,5,2017.0,3,2023.0,,,,Ativa,,10-s2.0-107782804,107782804,Centro Universitário do Planalto de Araxá (Uniaraxá),,,"['Centro Universitário do Planalto de Araxá - UNIARAXÁ', 'Centro Universitário do Planalto de Araxá (Uniaraxá)']",1,0,0,1
2124,FUNDACAO DE ENSINO E PESQUISA DO SUL DE MINAS,21.420.856/0001-96,Pessoa Jurídica de Direito Privado - Sem fins lucrativos - Fundação,3368,CENTRO UNIVERSITÁRIO DO SUL DE MINAS (UNIS-MG),UNIS-MG,(35)3219-5000,unis.edu.br,p.institucional@unis.edu.br;dimitri.barbosa@unis.edu.br,Avenda Alzira Barra Gazzola - 650 - CEP: 37031-099 - Aeroporto,Varginha,MG,Centro Universitário,EAD - Superior / Presencial - Superior /,Privada,Privada sem fins lucrativos,1965-07-16,5,2023.0,5,2019.0,3,2023.0,,,,Ativa,,10-s2.0-60026184,60026184,Centro Universitario do Sul de Minas,unis.edu.br,http://www.unis.edu.br,['Centro Universitario do Sul de Minas'],1,1,1,1
435,ASSOCIACAO SALGADO DE OLIVEIRA DE EDUCACAO E CULTURA,28.638.393/0001-82,Pessoa Jurídica de Direito Privado - Sem fins lucrativos - Associação de Utilidade Pública,142,CENTRO UNIVERSITÁRIO DO TRIÂNGULO (UNITRI),UNITRI,(21) 2138-4945,www.unitri.edu.br,reitoria@nt.universo.edu.br,Av. Nicomedes Alves dos Santos - 4545 - CEP: 38411-106 - Gávea,Uberlândia,MG,Centro Universitário,Presencial - Superior,Privada,Privada sem fins lucrativos,1997-10-31,5,2024.0,-,,3,2023.0,,,,Ativa,,10-s2.0-100538282,100538282,Centro Universitário do Triângulo (UNITRI),,,"['Centro Universitário Do Triângulo (unitri)', 'Ctro. Univ. Do Triângulo', 'Centro Universitário Do Triângulo - Unitri', 'Centro Universitário Do Triângulo', 'Universidade Do Triangulo -unitri', 'Unitri- Centro Universitário Do Triângulo', 'Centro Universitário Do Triangulo (unitri)', 'Centro Univ. Do Triangulo - Unit']",1,0,0,3
435,ASSOCIACAO SALGADO DE OLIVEIRA DE EDUCACAO E CULTURA,28.638.393/0001-82,Pessoa Jurídica de Direito Privado - Sem fins lucrativos - Associação de Utilidade Pública,142,CENTRO UNIVERSITÁRIO DO TRIÂNGULO (UNITRI),UNITRI,(21) 2138-4945,www.unitri.edu.br,reitoria@nt.universo.edu.br,Av. Nicomedes Alves dos Santos - 4545 - CEP: 38411-106 - Gávea,Uberlândia,MG,Centro Universitário,Presencial - Superior,Privada,Privada sem fins lucrativos,1997-10-31,5,2024.0,-,,3,2023.0,,,,Ativa,,10-s2.0-102026818,102026818,Centro Universitário do Triângulo,,,[],1,0,0,0
119,SOCIEDADE DE ENSINO SUPERIOR ESTACIO DE SA LTDA,34.075.739/0001-84,Privada com fins lucrativos,1509,Centro Universitário Estácio de Belo Horizonte - Estácio BH (ESTÁCIO BH),ESTÁCIO BH,,www.estacio.br,cgfesbh@gmail.com;regulatorio.nacional@estacio.br,Avenida Francisco Sales - 23 - CEP: 30150-220 - Floresta,Belo Horizonte,MG,Centro Universitário,Presencial - Superior,Privada,Privada com fins lucrativos,2000-05-30,5,2024.0,-,,3,2023.0,,,,Ativa,,10-s2.0-60022378,60022378,Universidade Estacio de Sa,estacio.br,http://www.estacio.br,"['Estacio de Sa University', 'Universidade Estacio de Sa']",0,1,1,0
119,SOCIEDADE DE ENSINO SUPERIOR ESTACIO DE SA LTDA,34.075.739/0001-84,Privada com fins lucrativos,1509,Centro Universitário Estácio de Belo Horizonte - Estácio BH (ESTÁCIO BH),ESTÁCIO BH,,www.estacio.br,cgfesbh@gmail.com;regulatorio.nacional@estacio.br,Avenida Francisco Sales - 23 - CEP: 30150-220 - Floresta,Belo Horizonte,MG,Centro Universitário,Presencial - Superior,Privada,Privada com fins lucrativos,2000-05-30,5,2024.0,-,,3,2023.0,,,,Ativa,,10-s2.0-60003597,60003597,Universidade Estacio de Sa Faculdade de Medicina,estacio.br,http://www.estacio.br,"['Estacio de Sa University Faculty of Medicine', 'Universidade Estacio de Sa Faculdade de Medicina']",0,1,1,0
119,SOCIEDADE DE ENSINO SUPERIOR ESTACIO DE SA LTDA,34.075.739/0001-84,Privada com fins lucrativos,1986,CENTRO UNIVERSITÁRIO ESTÁCIO JUIZ DE FORA - ESTÁCIO JUIZ DE FORA,-,,www.estacio.br,cgfesjf@gmail.com;regulatorio.nacional@estacio.br,Avenida Presidente João Goulart - 600 - CEP: 36030-900 - Cruzeiro do Sul,Juiz de Fora,MG,Centro Universitário,Presencial - Superior,Privada,Privada com fins lucrativos,2002-02-07,5,2023.0,-,,3,2023.0,,,,Ativa,,10-s2.0-60022378,60022378,Universidade Estacio de Sa,estacio.br,http://www.estacio.br,"['Estacio de Sa University', 'Universidade Estacio de Sa']",0,1,1,0
119,SOCIEDADE DE ENSINO SUPERIOR ESTACIO DE SA LTDA,34.075.739/0001-84,Privada com fins lucrativos,1986,CENTRO UNIVERSITÁRIO ESTÁCIO JUIZ DE FORA - ESTÁCIO JUIZ DE FORA,-,,www.estacio.br,cgfesjf@gmail.com;regulatorio.nacional@estacio.br,Avenida Presidente João Goulart - 600 - CEP: 36030-900 - Cruzeiro do Sul,Juiz de Fora,MG,Centro Universitário,Presencial - Superior,Privada,Privada com fins lucrativos,2002-02-07,5,2023.0,-,,3,2023.0,,,,Ativa,,10-s2.0-60003597,60003597,Universidade Estacio de Sa Faculdade de Medicina,estacio.br,http://www.estacio.br,"['Estacio de Sa University Faculty of Medicine', 'Universidade Estacio de Sa Faculdade de Medicina']",0,1,1,0
239,INSTITUTO CULTURAL NEWTON PAIVA FERREIRA S.A.,16.521.155/0001-03,Privada com fins lucrativos,343,CENTRO UNIVERSITÁRIO NEWTON PAIVA WYDEN (NEWTON PAIVA WYDEN),NEWTON PAIVA WYDEN,,www.newtonpaiva.br,cgnewtonpaiva@gmail.com;regulatorio.nacional@estacio.br,Rua C (Marechal Foch) - 12 - CEP: 30431-189 - Nova Granada,Belo Horizonte,MG,Centro Universitário,EAD - Superior / Presencial - Superior /,Privada,Privada com fins lucrativos,1972-02-01,5,2023.0,3,2013.0,3,2023.0,,,,Ativa,,10-s2.0-60025515,60025515,Centro Universitario Newton Paiva,newtonpaiva.br,http://www.newtonpaiva.br,"['Newton Paiva University Centre', 'Centro Universitario Newton Paiva']",0,1,1,0
221,FUNDACAO PRESIDENTE ANTONIO CARLOS,17.080.078/0001-66,Privada sem fins lucrativos,308,CENTRO UNIVERSITÁRIO PRESIDENTE ANTÔNIO CARLOS (UNIPAC),UNIPAC,(31)32473400,www.unipac.br,regulacaofupac@unipac.br,Rodovia BR-338 - s/n - CEP: 36201-143 - Colônia Rodrigo Silva,Barbacena,MG,Centro Universitário,EAD - Superior / Presencial - Superior /,Privada,Privada sem fins lucrativos,1997-03-13,5,2023.0,5,2019.0,3,2023.0,,,,Ativa,,10-s2.0-60019608,60019608,Universidade Presidente Antonio Carlos,unipac.br,http://www.unipac.br,"['University President Antonio Carlos', 'Universidade Presidente Antonio Carlos']",0,1,1,0
221,FUNDACAO PRESIDENTE ANTONIO CARLOS,17.080.078/0001-66,Privada sem fins lucrativos,308,CENTRO UNIVERSITÁRIO PRESIDENTE ANTÔNIO CARLOS (UNIPAC),UNIPAC,(31)32473400,www.unipac.br,regulacaofupac@unipac.br,Rodovia BR-338 - s/n - CEP: 36201-143 - Colônia Rodrigo Silva,Barbacena,MG,Centro Universitário,EAD - Superior / Presencial - Superior /,Privada,Privada sem fins lucrativos,1997-03-13,5,2023.0,5,2019.0,3,2023.0,,,,Ativa,,10-s2.0-118168797,118168797,Presidente Antônio Carlos University,,,"['Presidente Antônio Carlos University', 'Presidente Antônio Carlos College (fupac)', 'Faculdade Presidente Antônio Carlos (fupac)', 'Centro Universitário Presidente Antônio Carlos (unipac)']",0,0,0,1
221,FUNDACAO PRESIDENTE ANTONIO CARLOS,17.080.078/0001-66,Privada sem fins lucrativos,308,CENTRO UNIVERSITÁRIO PRESIDENTE ANTÔNIO CARLOS (UNIPAC),UNIPAC,(31)32473400,www.unipac.br,regulacaofupac@unipac.br,Rodovia BR-338 - s/n - CEP: 36201-143 - Colônia Rodrigo Silva,Barbacena,MG,Centro Universitário,EAD - Superior / Presencial - Superior /,Privada,Privada sem fins lucrativos,1997-03-13,5,2023.0,5,2019.0,3,2023.0,,,,Ativa,,10-s2.0-105163647,105163647,Centro Universitário Presidente Antônio Carlos,,,[],1,0,0,0
3052,BRASIL EDUCACAO S/A,05.648.257/0001-78,Pessoa Jurídica de Direito Privado - Com fins lucrativos - Sociedade Civil,344,CENTRO UNIVERSITÁRIO UNA (UNA),UNA,(31) 33199226,www.una.br,regulatorio@animaeducacao.com.br,Rua dos Aimorés - 1.451 - CEP: 30140-071 - Lourdes,Belo Horizonte,MG,Centro Universitário,EAD - Superior / Presencial - Superior /,Privada,Privada com fins lucrativos,1970-11-27,5,2023.0,5,2019.0,3,2023.0,,,,Ativa,,10-s2.0-122684925,122684925,Centro Universitário Una,,,"['Centro Universitário Una', 'Centro Universitário Una De Belo Horizonte', 'Centro Universitário Una Belo Horizonte']",1,0,0,1
3052,BRASIL EDUCACAO S/A,05.648.257/0001-78,Pessoa Jurídica de Direito Privado - Com fins lucrativos - Sociedade Civil,344,CENTRO UNIVERSITÁRIO UNA (UNA),UNA,(31) 33199226,www.una.br,regulatorio@animaeducacao.com.br,Rua dos Aimorés - 1.451 - CEP: 30140-071 - Lourdes,Belo Horizonte,MG,Centro Universitário,EAD - Superior / Presencial - Superior /,Privada,Privada com fins lucrativos,1970-11-27,5,2023.0,5,2019.0,3,2023.0,,,,Ativa,,10-s2.0-112583138,112583138,Centro Universitário UNA,,,[],1,0,0,0
3052,BRASIL EDUCACAO S/A,05.648.257/0001-78,Pessoa Jurídica de Direito Privado - Com fins lucrativos - Sociedade Civil,344,CENTRO UNIVERSITÁRIO UNA (UNA),UNA,(31) 33199226,www.una.br,regulatorio@animaeducacao.com.br,Rua dos Aimorés - 1.451 - CEP: 30140-071 - Lourdes,Belo Horizonte,MG,Centro Universitário,EAD - Superior / Presencial - Superior /,Privada,Privada com fins lucrativos,1970-11-27,5,2023.0,5,2019.0,3,2023.0,,,,Ativa,,10-s2.0-112388731,112388731,Centro Universitário UNA,,,"['Centro Universitário Una', 'Centro Universitário']",1,0,0,1
3052,BRASIL EDUCACAO S/A,05.648.257/0001-78,Pessoa Jurídica de Direito Privado - Com fins lucrativos - Sociedade Civil,344,CENTRO UNIVERSITÁRIO UNA (UNA),UNA,(31) 33199226,www.una.br,regulatorio@animaeducacao.com.br,Rua dos Aimorés - 1.451 - CEP: 30140-071 - Lourdes,Belo Horizonte,MG,Centro Universitário,EAD - Superior / Presencial - Superior /,Privada,Privada com fins lucrativos,1970-11-27,5,2023.0,5,2019.0,3,2023.0,,,,Ativa,,10-s2.0-100475868,100475868,Centro Universitário UNA,,,"['Centro Universitário Una', 'Una - Centro Universitário', 'Centro Universitario Una', 'Centro Universitário Una/campus Guajajaras']",1,0,0,2
3052,BRASIL EDUCACAO S/A,05.648.257/0001-78,Pessoa Jurídica de Direito Privado - Com fins lucrativos - Sociedade Civil,344,CENTRO UNIVERSITÁRIO UNA (UNA),UNA,(31) 33199226,www.una.br,regulatorio@animaeducacao.com.br,Rua dos Aimorés - 1.451 - CEP: 30140-071 - Lourdes,Belo Horizonte,MG,Centro Universitário,EAD - Superior / Presencial - Superior /,Privada,Privada com fins lucrativos,1970-11-27,5,2023.0,5,2019.0,3,2023.0,,,,Ativa,,10-s2.0-122364955,122364955,Centro Universitário UNA,,,"['Centro Universitário Una', 'Centro Universitario Una']",1,0,0,2
3052,BRASIL EDUCACAO S/A,05.648.257/0001-78,Pessoa Jurídica de Direito Privado - Com fins lucrativos - Sociedade Civil,344,CENTRO UNIVERSITÁRIO UNA (UNA),UNA,(31) 33199226,www.una.br,regulatorio@animaeducacao.com.br,Rua dos Aimorés - 1.451 - CEP: 30140-071 - Lourdes,Belo Horizonte,MG,Centro Universitário,EAD - Superior / Presencial - Superior /,Privada,Privada com fins lucrativos,1970-11-27,5,2023.0,5,2019.0,3,2023.0,,,,Ativa,,10-s2.0-121869023,121869023,Centro Universitário UNA,,,"['Centro Universitário Una', 'Centro Universitario Una']",1,0,0,2
3052,BRASIL EDUCACAO S/A,05.648.257/0001-78,Pessoa Jurídica de Direito Privado - Com fins lucrativos - Sociedade Civil,344,CENTRO UNIVERSITÁRIO UNA (UNA),UNA,(31) 33199226,www.una.br,regulatorio@animaeducacao.com.br,Rua dos Aimorés - 1.451 - CEP: 30140-071 - Lourdes,Belo Horizonte,MG,Centro Universitário,EAD - Superior / Presencial - Superior /,Privada,Privada com fins lucrativos,1970-11-27,5,2023.0,5,2019.0,3,2023.0,,,,Ativa,,10-s2.0-112974889,112974889,Centro Universitário UNA,,,[],1,0,0,0
3052,BRASIL EDUCACAO S/A,05.648.257/0001-78,Pessoa Jurídica de Direito Privado - Com fins lucrativos - Sociedade Civil,344,CENTRO UNIVERSITÁRIO UNA (UNA),UNA,(31) 33199226,www.una.br,regulatorio@animaeducacao.com.br,Rua dos Aimorés - 1.451 - CEP: 30140-071 - Lourdes,Belo Horizonte,MG,Centro Universitário,EAD - Superior / Presencial - Superior /,Privada,Privada com fins lucrativos,1970-11-27,5,2023.0,5,2019.0,3,2023.0,,,,Ativa,,10-s2.0-124361488,124361488,Centro Universitário UNA,,,['Centro Universitário Una'],1,0,0,1
3052,BRASIL EDUCACAO S/A,05.648.257/0001-78,Pessoa Jurídica de Direito Privado - Com fins lucrativos - Sociedade Civil,344,CENTRO UNIVERSITÁRIO UNA (UNA),UNA,(31) 33199226,www.una.br,regulatorio@animaeducacao.com.br,Rua dos Aimorés - 1.451 - CEP: 30140-071 - Lourdes,Belo Horizonte,MG,Centro Universitário,EAD - Superior / Presencial - Superior /,Privada,Privada com fins lucrativos,1970-11-27,5,2023.0,5,2019.0,3,2023.0,,,,Ativa,,10-s2.0-114944722,114944722,Centro Universitário UNA,,,"['Centro Universitário Una', 'Centro Universitario Una']",1,0,0,2
3052,BRASIL EDUCACAO S/A,05.648.257/0001-78,Pessoa Jurídica de Direito Privado - Com fins lucrativos - Sociedade Civil,344,CENTRO UNIVERSITÁRIO UNA (UNA),UNA,(31) 33199226,www.una.br,regulatorio@animaeducacao.com.br,Rua dos Aimorés - 1.451 - CEP: 30140-071 - Lourdes,Belo Horizonte,MG,Centro Universitário,EAD - Superior / Presencial - Superior /,Privada,Privada com fins lucrativos,1970-11-27,5,2023.0,5,2019.0,3,2023.0,,,,Ativa,,10-s2.0-112627541,112627541,Centro Universitário UNA,,,"['Centro Universitário Una', 'Centro Universitario Una', 'Centro Universit́ario Una', 'Centro Universitário-una']",1,0,0,3
27,FUNDACAO COMUNITARIA TRICORDIANA DE EDUCACAO EM RECUPERACAO JUDICIAL,25.872.854/0001-99,Privada sem fins lucrativos,27,Centro Universitário UninCor (UninCor),UninCor,(35) 3239-1218/3239-1136,www.unincor.br,alexandre.tourino@unincor.edu.br,Avenida Castelo Branco - 82 - CEP: 37417-150 - Chacara das Rosas,Três Corações,MG,Centro Universitário,EAD - Superior / Presencial - Superior /,Privada,Privada sem fins lucrativos,1967-10-20,4,2017.0,3,2013.0,3,2023.0,,,,Ativa,,10-s2.0-60006715,60006715,Universidade Vale do Rio Verde,unincor.br,http://www.unincor.br,"['Rio Verde Valley University', 'Universidade Vale do Rio Verde']",0,1,1,0
435,ASSOCIACAO SALGADO DE OLIVEIRA DE EDUCACAO E CULTURA,28.638.393/0001-82,Pessoa Jurídica de Direito Privado - Sem fins lucrativos - Associação de Utilidade Pública,15055,CENTRO UNIVERSITARIO UNIVERSO BELO HORIZONTE,-,(21) 2138-4945,www.universo.edu.br,reitoria@nt.universo.edu.br,Rua Paru - 784 - CEP: 31140-320 - Renascença,Belo Horizonte,MG,Centro Universitário,Presencial - Superior,Privada,Privada sem fins lucrativos,2003-11-03,4,2017.0,-,,3,2023.0,,,,Ativa,,10-s2.0-60021699,60021699,Universidade Salgado de Oliveira,universo.edu.br,http://www.universo.edu.br,"['Salgado de Oliveira University', 'Universidade Salgado de Oliveira']",0,1,1,0
435,ASSOCIACAO SALGADO DE OLIVEIRA DE EDUCACAO E CULTURA,28.638.393/0001-82,Pessoa Jurídica de Direito Privado - Sem fins lucrativos - Associação de Utilidade Pública,15057,CENTRO UNIVERSITÁRIO UNIVERSO JUIZ DE FORA,-,(21) 2138-4945,www.universo.edu.br,reitoria@nt.universo.edu.br,Avenida dos Andradas - 731 - CEP: 36036-000 - Morro da Gloria,Juiz de Fora,MG,Centro Universitário,Presencial - Superior,Privada,Privada sem fins lucrativos,,4,2024.0,-,,3,2023.0,,,,Ativa,,10-s2.0-60021699,60021699,Universidade Salgado de Oliveira,universo.edu.br,http://www.universo.edu.br,"['Salgado de Oliveira University', 'Universidade Salgado de Oliveira']",0,1,1,0
1856,FUNDACAO MOVIMENTO DIREITO E CIDADANIA - FUNDACAO MDC,02.475.083/0001-09,Privada sem fins lucrativos,2849,ESCOLA SUPERIOR DOM HELDER CÂMARA (ESDHC),ESDHC,(31) 21258800,www.domhelder.edu.br,reitoria@domhelder.edu.br,Rua Álvares Maciel - 628 - CEP: 30150-250 - Santa Efigênia,Belo Horizonte,MG,Faculdade,EAD - Superior / Presencial - Superior /,Privada,Privada sem fins lucrativos,2002-07-25,5,2019.0,-,,4,2023.0,,,Unificação de Mantidas,Ativa,,10-s2.0-117559997,117559997,Pós-Graduação em Direito da Escola Superior Dom Helder Câmara,,,"['Desenvolvimento Sustentável pela Escola Superior Dom Helder Câmara', 'Escola Superior Dom Helder Câmara', 'Pós-Graduação em Direito da Escola Superior Dom Helder Câmara']",0,0,0,1
1856,FUNDACAO MOVIMENTO DIREITO E CIDADANIA - FUNDACAO MDC,02.475.083/0001-09,Privada sem fins lucrativos,2849,ESCOLA SUPERIOR DOM HELDER CÂMARA (ESDHC),ESDHC,(31) 21258800,www.domhelder.edu.br,reitoria@domhelder.edu.br,Rua Álvares Maciel - 628 - CEP: 30150-250 - Santa Efigênia,Belo Horizonte,MG,Faculdade,EAD - Superior / Presencial - Superior /,Privada,Privada sem fins lucrativos,2002-07-25,5,2019.0,-,,4,2023.0,,,Unificação de Mantidas,Ativa,,10-s2.0-120037506,120037506,Escola Superior Dom Helder Câmara,,,['Escola Superior Dom Helder Câmara'],1,0,0,1
1856,FUNDACAO MOVIMENTO DIREITO E CIDADANIA - FUNDACAO MDC,02.475.083/0001-09,Privada sem fins lucrativos,2849,ESCOLA SUPERIOR DOM HELDER CÂMARA (ESDHC),ESDHC,(31) 21258800,www.domhelder.edu.br,reitoria@domhelder.edu.br,Rua Álvares Maciel - 628 - CEP: 30150-250 - Santa Efigênia,Belo Horizonte,MG,Faculdade,EAD - Superior / Presencial - Superior /,Privada,Privada sem fins lucrativos,2002-07-25,5,2019.0,-,,4,2023.0,,,Unificação de Mantidas,Ativa,,10-s2.0-120041909,120041909,Escola Superior Dom Helder Câmara,,,[],1,0,0,0
2351,CENTRO DE ESTUDOS III MILLENIUM LTDA,03.688.792/0001-27,Pessoa Jurídica de Direito Privado - Com fins lucrativos - Sociedade Civil,3716,FACULDADE CIÊNCIAS DA VIDA (FCV),FCV,(31) 37765150,ww.cienciasdavida.com.br,valcirfarias@cienciasdavida.com.br,Avenida Prefeito Alberto Moura - 12632 - CEP: 35702-383 - Distrito Industrial,Sete Lagoas,MG,Faculdade,EAD - Superior / Presencial - Superior /,Privada,Privada com fins lucrativos,2006-10-16,4,2023.0,4,2021.0,3,2023.0,,,Suspensão contrato FIES,Ativa,,10-s2.0-114292533,114292533,Faculdade Ciências da Vida,,,"['Faculdade Ciências Da Vida', 'Faculdade Ciěncias Da Vida', 'Faculdade Ciências Da Vida (fcv)', 'Faculdade Ciência Da Vida']",1,0,0,3
2351,CENTRO DE ESTUDOS III MILLENIUM LTDA,03.688.792/0001-27,Pessoa Jurídica de Direito Privado - Com fins lucrativos - Sociedade Civil,3716,FACULDADE CIÊNCIAS DA VIDA (FCV),FCV,(31) 37765150,ww.cienciasdavida.com.br,valcirfarias@cienciasdavida.com.br,Avenida Prefeito Alberto Moura - 12632 - CEP: 35702-383 - Distrito Industrial,Sete Lagoas,MG,Faculdade,EAD - Superior / Presencial - Superior /,Privada,Privada com fins lucrativos,2006-10-16,4,2023.0,4,2021.0,3,2023.0,,,Suspensão contrato FIES,Ativa,,10-s2.0-118254998,118254998,Faculdade Ciências da Vida,,,['Faculdade Ciências Da Vida'],1,0,0,1
1090,CENTRO DE ENSINO SUPERIOR DE VESPASIANO LTDA,02.493.951/0001-75,Privada com fins lucrativos,1664,FACULDADE DA SAÚDE E ECOLOGIA HUMANA (FASEH),FASEH,(31) 2138-2900,www.faseh.edu.br,regulatorio@animaeducacao.com.br,Rua São Paulo - 958 - CEP: 33200-664 - Jardim Alterosa,Vespasiano,MG,Faculdade,EAD - Superior / Presencial - Superior /,Privada,Privada com fins lucrativos,2001-02-26,5,2023.0,4,2018.0,3,2023.0,,,Credenciamento EaD Provisório,Ativa,,10-s2.0-102017396,102017396,Faculdade de Saúde e Ecologia Humana,,,"['Faculdade De Saúde E Ecologia Humana', 'Faculdade De Saúde E Ecologia Humana (faseh)', 'Faseh-faculdade Saúde Ecologia Humana', 'Faculdade De Sa´ude E Ecologia Humana', 'Faculdade Da Saúde E Ecologia Humana']",0,0,0,1
1090,CENTRO DE ENSINO SUPERIOR DE VESPASIANO LTDA,02.493.951/0001-75,Privada com fins lucrativos,1664,FACULDADE DA SAÚDE E ECOLOGIA HUMANA (FASEH),FASEH,(31) 2138-2900,www.faseh.edu.br,regulatorio@animaeducacao.com.br,Rua São Paulo - 958 - CEP: 33200-664 - Jardim Alterosa,Vespasiano,MG,Faculdade,EAD - Superior / Presencial - Superior /,Privada,Privada com fins lucrativos,2001-02-26,5,2023.0,4,2018.0,3,2023.0,,,Credenciamento EaD Provisório,Ativa,,10-s2.0-113276240,113276240,Faculdade da Saúde e Ecologia Humana,,,"['Faculdade da Saúde e Ecologia Humana', 'Faculdade da Saúde e Ecologia Humana']",1,0,0,2
1090,CENTRO DE ENSINO SUPERIOR DE VESPASIANO LTDA,02.493.951/0001-75,Privada com fins lucrativos,1664,FACULDADE DA SAÚDE E ECOLOGIA HUMANA (FASEH),FASEH,(31) 2138-2900,www.faseh.edu.br,regulatorio@animaeducacao.com.br,Rua São Paulo - 958 - CEP: 33200-664 - Jardim Alterosa,Vespasiano,MG,Faculdade,EAD - Superior / Presencial - Superior /,Privada,Privada com fins lucrativos,2001-02-26,5,2023.0,4,2018.0,3,2023.0,,,Credenciamento EaD Provisório,Ativa,,10-s2.0-112675633,112675633,Faculdade da Saúde e Ecologia Humana (FASEH) Vespasiano,,,"['Faculdade Da Saúde E Ecologia Humana', 'Faculdade Da Saúde E Ecologia Humana (faseh) Vespasiano']",0,0,0,1
1090,CENTRO DE ENSINO SUPERIOR DE VESPASIANO LTDA,02.493.951/0001-75,Privada com fins lucrativos,1664,FACULDADE DA SAÚDE E ECOLOGIA HUMANA (FASEH),FASEH,(31) 2138-2900,www.faseh.edu.br,regulatorio@animaeducacao.com.br,Rua São Paulo - 958 - CEP: 33200-664 - Jardim Alterosa,Vespasiano,MG,Faculdade,EAD - Superior / Presencial - Superior /,Privada,Privada com fins lucrativos,2001-02-26,5,2023.0,4,2018.0,3,2023.0,,,Credenciamento EaD Provisório,Ativa,,10-s2.0-106275660,106275660,Faculdade da Saúde e Ecologia Humana,,,[],1,0,0,0
1580,CENTRO EDUCACIONAL DYLLA LTDA,02.640.054/0001-47,Privada com fins lucrativos,2428,FACULDADE DE CIÊNCIAS E TECNOLOGIAS DE CAMPOS GERAIS (FACICA),FACICA,(35) 3853 1169,www.facica.edu.br,secretaria@facica.edu.br,Rua Santa Terezinha - 389 - CEP: 37160-000 - Centro,Campos Gerais,MG,Faculdade,Presencial - Superior,Privada,Privada com fins lucrativos,2004-03-19,4,2023.0,4,2022.0,3,2023.0,,,,Ativa,,10-s2.0-128983153,128983153,Faculdade de Ciências e Tecnologias de Campos Gerais (FACICA),,,"['Faculdade De Ciências E Tecnologias De Campos Gerais (facica)', 'Faculdade De Ciências E Tecnologias De Campos Gerais']",1,0,0,2
1580,CENTRO EDUCACIONAL DYLLA LTDA,02.640.054/0001-47,Privada com fins lucrativos,2428,FACULDADE DE CIÊNCIAS E TECNOLOGIAS DE CAMPOS GERAIS (FACICA),FACICA,(35) 3853 1169,www.facica.edu.br,secretaria@facica.edu.br,Rua Santa Terezinha - 389 - CEP: 37160-000 - Centro,Campos Gerais,MG,Faculdade,Presencial - Superior,Privada,Privada com fins lucrativos,2004-03-19,4,2023.0,4,2022.0,3,2023.0,,,,Ativa,,10-s2.0-114996361,114996361,Faculdade de Ciências e Tecnologias de Campos Gerais,,,['Faculdade De Ciências E Tecnologias De Campos Gerais'],1,0,0,1
244,FUNDACAO EDUCACIONAL LUCAS MACHADO FELUMA,17.178.203/0001-75,Privada sem fins lucrativos,351,FACULDADE DE CIÊNCIAS MÉDICAS DE MINAS GERAIS (FCMMG),FCMMG,(31) 3248.7130,www.cmmg.edu.br,fcmmg@cienciasmedicasmg.edu.br;pi.fcmmg@feluma.org.br,Alameda Ezequiel Dias - 275 - CEP: 30130-110 - Centro,Belo Horizonte,MG,Faculdade,EAD - Superior / Presencial - Superior /,Privada,Privada sem fins lucrativos,1951-04-12,5,2023.0,5,2022.0,4,2023.0,,,,Ativa,,10-s2.0-60310370,60310370,Fundação Educacional Lucas Machado,cmmg.edu.br,https://cmmg.edu.br/institucional/feluma/a-mantenedora/,"['Fundação Educacional Lucas Machado', 'Lucas Machado Educational Foundation']",0,0,1,0
244,FUNDACAO EDUCACIONAL LUCAS MACHADO FELUMA,17.178.203/0001-75,Privada sem fins lucrativos,351,FACULDADE DE CIÊNCIAS MÉDICAS DE MINAS GERAIS (FCMMG),FCMMG,(31) 3248.7130,www.cmmg.edu.br,fcmmg@cienciasmedicasmg.edu.br;pi.fcmmg@feluma.org.br,Alameda Ezequiel Dias - 275 - CEP: 30130-110 - Centro,Belo Horizonte,MG,Faculdade,EAD - Superior / Presencial - Superior /,Privada,Privada sem fins lucrativos,1951-04-12,5,2023.0,5,2022.0,4,2023.0,,,,Ativa,,10-s2.0-101112725,101112725,Faculdade de Ciências Médicas de Minas Gerais,,,[],1,0,0,0
244,FUNDACAO EDUCACIONAL LUCAS MACHADO FELUMA,17.178.203/0001-75,Privada sem fins lucrativos,351,FACULDADE DE CIÊNCIAS MÉDICAS DE MINAS GERAIS (FCMMG),FCMMG,(31) 3248.7130,www.cmmg.edu.br,fcmmg@cienciasmedicasmg.edu.br;pi.fcmmg@feluma.org.br,Alameda Ezequiel Dias - 275 - CEP: 30130-110 - Centro,Belo Horizonte,MG,Faculdade,EAD - Superior / Presencial - Superior /,Privada,Privada sem fins lucrativos,1951-04-12,5,2023.0,5,2022.0,4,2023.0,,,,Ativa,,10-s2.0-126155616,126155616,Faculdade de Ciências Médicas de Minas Gerais,,,"['Faculdade De Ciências Médicas De Minas Gerais', 'Faculdade Ciências Médicas De Minas Gerais', 'Faculdade De Ciências Médicas', 'Faculdade De Ciências Médicas De Minas Gerais (fcmmg)', 'Faculdade Ciências Médicas-minas Gerais', 'Faculdade Ciências Médicas De Minas Gerais (fcm-mg)', 'Faculdade De Medicina Ciências Médicas De Minas Gerais', 'Faculdade De Ciências Médicas De Minas Gerais (feluma)', 'Faculdade De Ciências Médicas De Minas Gerais (cmmg)', 'Faculdade Ciências Médicas De Minas Gerais/feluma']",1,0,0,4
244,FUNDACAO EDUCACIONAL LUCAS MACHADO FELUMA,17.178.203/0001-75,Privada sem fins lucrativos,351,FACULDADE DE CIÊNCIAS MÉDICAS DE MINAS GERAIS (FCMMG),FCMMG,(31) 3248.7130,www.cmmg.edu.br,fcmmg@cienciasmedicasmg.edu.br;pi.fcmmg@feluma.org.br,Alameda Ezequiel Dias - 275 - CEP: 30130-110 - Centro,Belo Horizonte,MG,Faculdade,EAD - Superior / Presencial - Superior /,Privada,Privada sem fins lucrativos,1951-04-12,5,2023.0,5,2022.0,4,2023.0,,,,Ativa,,10-s2.0-60021346,60021346,Faculdade de Ciências Médicas de Minas Gerais (CMMG),cmmg.edu.br,https://cmmg.edu.br/,"['Fundacao Educacional Lucas Machado, Faculdade de Ciencias Medicas de Minas Gerais', 'Faculdade de Ciências Médicas de Minas Gerais (CMMG)']",1,1,1,1
1852,SUPREMA-SOCIEDADE UNIVERSITARIA PARA O ENSINO MEDICO ASSISTENCIAL LTDA,05.079.440/0001-08,Privada com fins lucrativos,2843,FACULDADE DE CIÊNCIAS MÉDICAS E DA SAÚDE DE JUIZ DE FORA (FCMS/JF),FCMS/JF,(32) 2101-5000,www.suprema.edu.br,analice@suprema.edu.br;djalmaricardo@gmail.com; fiessuprema@suprema.edu.br,Alameda Salvaterra - 200 - CEP: 36033-003 - Salvaterra,Juiz de Fora,MG,Faculdade,Presencial - Superior,Privada,Privada com fins lucrativos,2002-12-23,5,2023.0,-,,4,2023.0,,,,Ativa,,10-s2.0-112618389,112618389,Faculdade de Ciências Médicas e da Saúde de Juiz de Fora (SUPREMA),,,[],1,0,0,0
1852,SUPREMA-SOCIEDADE UNIVERSITARIA PARA O ENSINO MEDICO ASSISTENCIAL LTDA,05.079.440/0001-08,Privada com fins lucrativos,2843,FACULDADE DE CIÊNCIAS MÉDICAS E DA SAÚDE DE JUIZ DE FORA (FCMS/JF),FCMS/JF,(32) 2101-5000,www.suprema.edu.br,analice@suprema.edu.br;djalmaricardo@gmail.com; fiessuprema@suprema.edu.br,Alameda Salvaterra - 200 - CEP: 36033-003 - Salvaterra,Juiz de Fora,MG,Faculdade,Presencial - Superior,Privada,Privada com fins lucrativos,2002-12-23,5,2023.0,-,,4,2023.0,,,,Ativa,,10-s2.0-108112572,108112572,Faculdade de Ciências Médicas e da Saúde de Juiz de Fora,,,[],1,0,0,0
1852,SUPREMA-SOCIEDADE UNIVERSITARIA PARA O ENSINO MEDICO ASSISTENCIAL LTDA,05.079.440/0001-08,Privada com fins lucrativos,2843,FACULDADE DE CIÊNCIAS MÉDICAS E DA SAÚDE DE JUIZ DE FORA (FCMS/JF),FCMS/JF,(32) 2101-5000,www.suprema.edu.br,analice@suprema.edu.br;djalmaricardo@gmail.com; fiessuprema@suprema.edu.br,Alameda Salvaterra - 200 - CEP: 36033-003 - Salvaterra,Juiz de Fora,MG,Faculdade,Presencial - Superior,Privada,Privada com fins lucrativos,2002-12-23,5,2023.0,-,,4,2023.0,,,,Ativa,,10-s2.0-113221143,113221143,Faculdade de Ciências Médicas e da Saúde de Juiz de Fora (SUPREMA),,,"['Faculdade De Ciências Médicas E Da Saúde De Juiz De Fora (suprema)', 'Faculdade De Ciências Médicas E Da Saúde De Juiz De Fora –', 'Faculdade De Ciências Médicas E Da Saúde De Juiz De Fora (suprema', 'Faculdade De Ciências Médicas E Da Saúde']",1,0,0,1
77,FUNDACAO MUNICIPAL DE ENSINO SUPERIOR DE CONS LAFAIETE,19.722.313/0001-81,Privada sem fins lucrativos,99,FACULDADE DE DIREITO DE CONSELHEIRO LAFAIETE (FDCL),FDCL,(31) 3769-1919 (31)98684-1063,www.fdcl.edu.br,chrysthiane.pi@fdcl.edu.br; fecon@fecon.edu.br,Rua Rua Lopes Franco - 473/474 ao fim - 1001 - CEP: 36406-119 - Carijós,Conselheiro Lafaiete,MG,Faculdade,Presencial - Superior,Privada,Privada sem fins lucrativos,1970-03-18,3,2011.0,-,,3,2023.0,,,,Ativa,,10-s2.0-119891731,119891731,Faculdade de Direito de Conselheiro Lafaiete,,,['Faculdade De Direito De Conselheiro Lafaiete'],1,0,0,1
126,FUNDACAO SUL MINEIRA DE ENSINO,23.955.214/0001-17,Privada sem fins lucrativos,171,FACULDADE DE DIREITO DO SUL DE MINAS (FDSM),FDSM,(35)3449 8104,www.fdsm.edu.br,coordenacao@fdsm.edu.br;leonardo@grsimoesadvogados.com.br; lorezende@uol.com.br,Avenida Doutor João Beraldo - 1075 - CEP: 37550-000 - Centro,Pouso Alegre,MG,Faculdade,Presencial - Superior,Privada,Privada sem fins lucrativos,1959-08-21,5,2019.0,-,,4,2023.0,,,,Ativa,,10-s2.0-109460721,109460721,Faculdade de Direito do Sul de Minas,,,[],1,0,0,0
207,SOCIEDADE SIMPLES CULTURA E EDUCACAO,20.620.449/0001-60,Privada sem fins lucrativos,288,FACULDADE DE DIREITO DO VALE DO RIO DOCE (FADIVALE),FADIVALE,(33) 3271 2004,www.fadivale.edu.br,ffam.fernanda@gmail.com; bill@fadivale.edu.br,Rua Artur Bernardes - 533 - CEP: 35010-090 - Centro,Governador Valadares,MG,Faculdade,Presencial - Superior,Privada,Privada sem fins lucrativos,1969-07-25,3,2017.0,4,2019.0,3,2023.0,,,,Ativa,,10-s2.0-112528100,112528100,University Vale do Rio Doce,,,"['University Vale Do Rio Doce', 'Vale Do Rio Doce-univale', 'University Vale Of Rio Doce - Univale', 'University Of Vale Do Rio Doce (univale)', 'Uni-versidade Vale Do Rio Doce', 'Git/vale Do Rio Doce University', 'Faculdade De Direito Do Vale Do Rio Doce']",0,0,0,1
2415,ASSUPERO ENSINO SUPERIOR LTDA.,06.099.229/0001-01,Privada com fins lucrativos,3786,FACULDADE DE ENSINO DE MINAS GERAIS (FACEMG),FACEMG,(11) 5586 4291,,pigeral@unip.br;pigeral2020@gmail.com,Rua Padre Pedro Pinto - 1388/1410 - CEP: 31615-310 - Venda Nova,Belo Horizonte,MG,Faculdade,Presencial - Superior,Privada,Privada com fins lucrativos,2005-11-16,3,2023.0,-,,3,2023.0,,,,Ativa,,10-s2.0-119586394,119586394,Faculdade de Engenharia de Minas Gerais,,,"['Faculdade De Engenharia De Minas Gerais', 'Faculdade De Medicina De Minas Gerais', 'Faculdade De Ensino De Minas Gerais']",0,0,0,1
220,FUNDACAO JOSE BONIFACIO LAFAYETTE DE ANDRADA,19.559.012/0001-89,Privada sem fins lucrativos,307,FACULDADE DE MEDICINA DE BARBACENA (FAME),FAME,(32)3339-2950,www.funjob.edu.br,apoioacademico@funjob.edu.br,Praça Presidente Antônio Carlos - 08 - CEP: 36202-336 - São Sebastião,Barbacena,MG,Faculdade,Presencial - Superior,Privada,Privada sem fins lucrativos,1971-04-27,5,2022.0,-,,3,2023.0,,,,Ativa,,10-s2.0-100535818,100535818,Faculdade de Medicina de Barbacena,,,"['Faculdade De Medicina De Barbacena', 'Faculdade De Medicina De Barbacena (fame)', 'Faculdade Da Medicina De Barbacena']",1,0,0,2
220,FUNDACAO JOSE BONIFACIO LAFAYETTE DE ANDRADA,19.559.012/0001-89,Privada sem fins lucrativos,307,FACULDADE DE MEDICINA DE BARBACENA (FAME),FAME,(32)3339-2950,www.funjob.edu.br,apoioacademico@funjob.edu.br,Praça Presidente Antônio Carlos - 08 - CEP: 36202-336 - São Sebastião,Barbacena,MG,Faculdade,Presencial - Superior,Privada,Privada sem fins lucrativos,1971-04-27,5,2022.0,-,,3,2023.0,,,,Ativa,,10-s2.0-112629353,112629353,Faculdade de Medicina de Barbacena (FAME),,,"['Faculdade De Medicina De Barbacena (fame)', 'Faculdade De Medicina De Barbacena-fame']",1,0,0,1
715,"UNISEPE UNIAO DAS INSTITUICOES DE SERVICO, ENSINO E PESQUISA LTDA",67.172.676/0001-33,Privada com fins lucrativos,828,FACULDADE DE SÃO LOURENÇO (FASAMA),FASAMA,(35) 3332 3355,www.faculdadesaolourenco.com.br,secretaria@faculdadesaolourenco.com.br,Rua Madame Schimidt - 90 - CEP: 37470-000 - Federal,São Lourenço,MG,Faculdade,EAD - Superior / Presencial - Superior /,Privada,Privada com fins lucrativos,1992-01-29,4,2023.0,4,2019.0,3,2023.0,,,,Ativa,,10-s2.0-118452650,118452650,Faculdade de São Lourenço,,,['Faculdade De São Lourenço'],1,0,0,1
16327,SANTA CASA DE MISERICORDIA DE BELO HORIZONTE,17.209.891/0001-93,Privada sem fins lucrativos,22103,Faculdade de Saúde Santa Casa BH,-,(31) 3238 - 8289,faculdadesantacasabh.org.br/,graduacao@faculdadesantacasabh.edu.br,Avenida dos Andradas - 2688 - CEP: 30260-070 - Santa Efigênia,Belo Horizonte,MG,Faculdade,Presencial - Superior,Privada,Privada sem fins lucrativos,2019-02-28,4,2024.0,-,,4,2023.0,,,,Ativa,,10-s2.0-128561356,128561356,Faculdade de Saúde Santa Casa Bh,,,[],1,0,0,0
1711,SESP SOCIEDADE EDUCACIONAL SUPERIOR DE PONTE NOVA LTDA,05.126.777/0001-10,Privada com fins lucrativos,2636,FACULDADE DINÂMICA DO VALE DO PIRANGA (FADIP),FADIP,(31) 3817-2010,www.faculdadedinamica.com.br,joseclaudio@faculdadedinamica.com.br,Rua G - 205 - CEP: 35430-302 - Paraíso,Ponte Nova,MG,Faculdade,EAD - Superior / Presencial - Superior /,Privada,Privada com fins lucrativos,2006-07-19,4,2023.0,4,2021.0,3,2023.0,,,Suspensão de autonomia para EAD,Ativa,,10-s2.0-116118998,116118998,Faculdade Dinâmica Do Vale Do Piranga,,,['Faculdade Dinâmica Do Vale Do Piranga'],1,0,0,1
1711,SESP SOCIEDADE EDUCACIONAL SUPERIOR DE PONTE NOVA LTDA,05.126.777/0001-10,Privada com fins lucrativos,2636,FACULDADE DINÂMICA DO VALE DO PIRANGA (FADIP),FADIP,(31) 3817-2010,www.faculdadedinamica.com.br,joseclaudio@faculdadedinamica.com.br,Rua G - 205 - CEP: 35430-302 - Paraíso,Ponte Nova,MG,Faculdade,EAD - Superior / Presencial - Superior /,Privada,Privada com fins lucrativos,2006-07-19,4,2023.0,4,2021.0,3,2023.0,,,Suspensão de autonomia para EAD,Ativa,,10-s2.0-120248977,120248977,Faculdade Dinâmica do Vale do Piranga,,,"['Faculdade Dinâmica Do Vale Do Piranga', 'Faculdade Dinâmica Do Vale Do Piranga. Curso De Medicina', 'Faculdade Dinâmica Do Vale Do Piranga (fadip)', 'Faculdade Dinamica Do Vale Do Piranga']",1,0,0,3
1711,SESP SOCIEDADE EDUCACIONAL SUPERIOR DE PONTE NOVA LTDA,05.126.777/0001-10,Privada com fins lucrativos,2636,FACULDADE DINÂMICA DO VALE DO PIRANGA (FADIP),FADIP,(31) 3817-2010,www.faculdadedinamica.com.br,joseclaudio@faculdadedinamica.com.br,Rua G - 205 - CEP: 35430-302 - Paraíso,Ponte Nova,MG,Faculdade,EAD - Superior / Presencial - Superior /,Privada,Privada com fins lucrativos,2006-07-19,4,2023.0,4,2021.0,3,2023.0,,,Suspensão de autonomia para EAD,Ativa,,10-s2.0-118579919,118579919,Faculdade Dinâmica do Vale do Piranga (FADIP),,,['Faculdade Dinâmica Do Vale Do Piranga (fadip)'],1,0,0,1
1711,SESP SOCIEDADE EDUCACIONAL SUPERIOR DE PONTE NOVA LTDA,05.126.777/0001-10,Privada com fins lucrativos,2636,FACULDADE DINÂMICA DO VALE DO PIRANGA (FADIP),FADIP,(31) 3817-2010,www.faculdadedinamica.com.br,joseclaudio@faculdadedinamica.com.br,Rua G - 205 - CEP: 35430-302 - Paraíso,Ponte Nova,MG,Faculdade,EAD - Superior / Presencial - Superior /,Privada,Privada com fins lucrativos,2006-07-19,4,2023.0,4,2021.0,3,2023.0,,,Suspensão de autonomia para EAD,Ativa,,10-s2.0-126179898,126179898,Faculdade Dinâmica do Vale do Piranga,,,[],1,0,0,0
1341,SOCIEDADE DE ENSINO SUPERIOR DE MANHUACU LTDA,04.808.030/0001-80,Privada com fins lucrativos,2040,FACULDADE DO FUTURO (FAF),FAF,(33)3331 1214,www.faculdadedofuturo.edu.br,flavio@faculdadedofuturo.edu.br,Rua Duarte Peixoto - 259 - CEP: 36900-371 - Coqueiro,Manhuaçu,MG,Faculdade,EAD - Superior / Presencial - Superior /,Privada,Privada com fins lucrativos,2003-07-28,4,2024.0,4,2018.0,3,2023.0,,,,Ativa,,10-s2.0-109402096,109402096,Faculdade do Futuro,,,['Faculdade Do Futuro'],1,0,0,1
880,INSTITUTO EDUCACIONAL TECSOMA LTDA,02.460.636/0001-41,Privada com fins lucrativos,682,FACULDADE DO NOROESTE DE MINAS (FINOM),FINOM,(38) 3311-2000,www.finom.edu.br,finom@finom.edu.br,Rodovia Alírio Herval - 3405 - CEP: 38603-200 - Paracatuzinho,Paracatu,MG,Faculdade,EAD - Superior / Presencial - Superior /,Privada,Privada com fins lucrativos,1987-01-15,4,2021.0,4,2019.0,3,2023.0,,,,Ativa,,10-s2.0-101595161,101595161,Faculdade do Noroeste de Minas (FINOM),,,"['Faculdade Do Noroeste De Minas (finom)', 'Faculdade Do Noroeste De Minas']",1,0,0,2
15806,FUNDACAO DOM CABRAL,19.268.267/0001-92,Pessoa Jurídica de Direito Privado - Sem fins lucrativos - Fundação,29193,Faculdade Fundação Dom Cabral (FDC),FDC,,www.fdc.org.br,carla.arruda@fdc.org.br,Bernardo Guimarães - 3071 - CEP: 30140-083 - Barro Preto,Belo Horizonte,MG,Faculdade,Presencial - Superior,Privada,Privada sem fins lucrativos,2025-04-17,5,2024.0,-,,-,,,,,Ativa,,10-s2.0-60100513,60100513,Fundação Dom Cabral,,http://www.fdc.org.br/,['Fundação Dom Cabral'],0,1,0,0
589,ASSOCIACAO JESUITA DE EDUCACAO E ASSISTENCIA SOCIAL,17.211.202/0001-85,Pessoa Jurídica de Direito Privado - Sem fins lucrativos - Associação de Utilidade Pública,849,FACULDADE JESUÍTA DE FILOSOFIA E TEOLOGIA (FAJE),FAJE,(31) 3115 7000 e 3115 7004,www.faculdadejesuita.edu.br,faje@faje.asav.org.br,Avenida Dr. Cristiano Guimarães - 2.127 - CEP: 31720-300 - Planalto,Belo Horizonte,MG,Faculdade,EAD - Superior / Presencial - Superior /,Privada,Privada sem fins lucrativos,1992-02-03,5,2019.0,5,2021.0,5,2023.0,,,,Ativa,,10-s2.0-117866762,117866762,Faculdade Jesuíta de Filosofia e Teologia (FAJE),,,['Faculdade Jesuíta De Filosofia E Teologia (faje)'],1,0,0,1
589,ASSOCIACAO JESUITA DE EDUCACAO E ASSISTENCIA SOCIAL,17.211.202/0001-85,Pessoa Jurídica de Direito Privado - Sem fins lucrativos - Associação de Utilidade Pública,849,FACULDADE JESUÍTA DE FILOSOFIA E TEOLOGIA (FAJE),FAJE,(31) 3115 7000 e 3115 7004,www.faculdadejesuita.edu.br,faje@faje.asav.org.br,Avenida Dr. Cristiano Guimarães - 2.127 - CEP: 31720-300 - Planalto,Belo Horizonte,MG,Faculdade,EAD - Superior / Presencial - Superior /,Privada,Privada sem fins lucrativos,1992-02-03,5,2019.0,5,2021.0,5,2023.0,,,,Ativa,,10-s2.0-107856335,107856335,Faculdade Jesuíta de Filosofia e Teologia,,,[],1,0,0,0
838,INSTITUTO METODISTA GRANBERY,21.576.590/0001-75,Privada sem fins lucrativos,1253,FACULDADE METODISTA GRANBERY (FMG),FMG,(32) 21011841,www.granbery.edu.br,faculdade@granbery.metodista.br;sgeral@metodista.br,Rua Batista de Oliveira - 1.145 - CEP: 36010-530 - Granbery,Juiz de Fora,MG,Faculdade,Presencial - Superior,Privada,Privada sem fins lucrativos,1998-12-24,4,2024.0,-,,3,2023.0,,,,Ativa,,10-s2.0-110078645,110078645,Faculdade Metodista Granbery,,,"['Faculdade Metodista Granbery', 'Instituto Metodista Granbery – Famidade', 'Instituto Metodista Granbery', 'Faculty Metodista Granbery', 'Faculdade Metodista']",1,0,0,1
414,CENTRO EDUCACIONAL DE FORMACAO SUPERIOR LTDA - CEFOS,16.694.697/0001-88,Privada com fins lucrativos,638,FACULDADE MILTON CAMPOS (FMC),FMC,(31) 32891900,https://www.mcampos.br/,regulatorio@animaeducacao.com.br,Rua Senador Milton Campos - 202 - CEP: 34006-050 - Vila da Serra,Nova Lima,MG,Faculdade,Presencial - Superior,Privada,Privada sem fins lucrativos,1975-06-16,5,2023.0,-,,4,2023.0,,,Unificação de Mantidas,Ativa,,10-s2.0-109545078,109545078,Faculdade de Direito Milton Campos,,,"['Faculdade De Direito Milton Campos', 'Faculdade Milton Campos']",0,0,0,1
414,CENTRO EDUCACIONAL DE FORMACAO SUPERIOR LTDA - CEFOS,16.694.697/0001-88,Privada com fins lucrativos,638,FACULDADE MILTON CAMPOS (FMC),FMC,(31) 32891900,https://www.mcampos.br/,regulatorio@animaeducacao.com.br,Rua Senador Milton Campos - 202 - CEP: 34006-050 - Vila da Serra,Nova Lima,MG,Faculdade,Presencial - Superior,Privada,Privada sem fins lucrativos,1975-06-16,5,2023.0,-,,4,2023.0,,,Unificação de Mantidas,Ativa,,10-s2.0-123136333,123136333,Faculdade de Direito Milton Campos,,,"['Faculdade De Direito Milton Campos', 'Faculdades Milton Campos (brasil)', 'Faculdades Milton Campos', 'Faculdade Milton Campos', 'Faculdade De Direito Milton Campos. Advogada', 'Faculdade De Direito Milton Campos (fdmc)']",0,0,0,1
450,FUNDACAO CULTURAL DR PEDRO LEOPOLDO,23.455.561/0001-80,Privada sem fins lucrativos,4218,FACULDADE PEDRO LEOPOLDO (FPL),FPL,(31) 3686-1461,www.fpl.edu.br,secretaria@fpl.edu.br,Avenida Lincoln Diogo Viana - 830 - CEP: 33600-000 - Doutor Lund,Pedro Leopoldo,MG,Faculdade,Presencial - Superior,Privada,Privada sem fins lucrativos,2003-12-18,4,2023.0,-,,4,2023.0,,,,Ativa,,10-s2.0-114338121,114338121,Faculdades Pedro Leopoldo,,,"['Faculdades Pedro Leopoldo', 'Faculdade Pedro Leopoldo']",0,0,0,1
221,FUNDACAO PRESIDENTE ANTONIO CARLOS,17.080.078/0001-66,Privada sem fins lucrativos,15357,Faculdade Presidente Antônio Carlos de Ubá,-,3134219186,www.unipac.br,regulacaofupac@unipac.br,Rua Rua Lincoln Rodrigues Costa - 165 - CEP: 36501-010 - Boa Vista,Ubá,MG,Faculdade,Presencial - Superior,Privada,Privada sem fins lucrativos,1998-12-31,4,2023.0,-,,4,2023.0,,,,Ativa,,10-s2.0-60019608,60019608,Universidade Presidente Antonio Carlos,unipac.br,http://www.unipac.br,"['University President Antonio Carlos', 'Universidade Presidente Antonio Carlos']",0,1,1,0
17160,SOCIEDADE EDUCACIONAL DE MINAS GERAIS LTDA,21.351.598/0001-33,Privada com fins lucrativos,2145,FACULDADE PROMOVE DE TECNOLOGIA (FPTEC),FPTEC,(31) 2103 2130,www.faculdadepromove.br/bh,secretaria.geral@promove.net.br;angelica@unicesp.edu.br;diogo.goncalves@faculdadepromove.br,Rua dos Timbiras - 1.532 - CEP: 30140-061 - Lourdes,Belo Horizonte,MG,Faculdade,Presencial - Superior,Privada,Privada com fins lucrativos,2003-07-23,5,2021.0,-,,4,2023.0,,,,Ativa,,10-s2.0-112098573,112098573,Faculdade Promove de Tecnologia,,,"['Faculdade Promove De Tecnologia', 'Faculdades Promove', 'Faculdade Promove']",1,0,0,1
16743,REHAGRO - RECURSOS HUMANOS NO AGRONEGOCIO LTDA,05.473.134/0001-43,Privada com fins lucrativos,21888,Faculdade Rehagro (Rehagro),Rehagro,31 3343 3800,www.rehagro.com.br,faculdaderehagro@rehagro.edu.br,Rua Santa Fé - 100 - CEP: 30320-130 - Sion,Belo Horizonte,MG,Faculdade,EAD - Superior / Presencial - Superior /,Privada,Privada com fins lucrativos,2018-05-07,4,2017.0,4,2018.0,-,,,,,Ativa,,10-s2.0-101522065,101522065,Rehagro,,,"['Rehagro', 'Faculdade Rehagro']",0,0,0,1
422,FUND EDUC PARA O DESENVOLVIMENTO DAS CIENCIAS AGRARIAS,18.599.472/0001-78,Privada sem fins lucrativos,648,FACULDADES ASSOCIADAS DE UBERABA - FAZU (FAZU),FAZU,(34) 3318 4188,www.fazu.br,fazu@fazu.br,AV. DO TUTUNA - 720 - CEP: 38061-500 - TUTUNAS,Uberaba,MG,Faculdade,EAD - Superior / Presencial - Superior /,Privada,Privada sem fins lucrativos,1975-07-01,5,2023.0,3,2013.0,3,2023.0,,,,Ativa,,10-s2.0-107958930,107958930,Faculdades Associadas de Uberaba,,,"['Faculdades Associadas De Uberaba', 'Faculdades Associadas De Uberaba - Fazu', 'Faculdades Associadas De Uberaba/fazu', 'Faculdades Associadas De Uberaba (fazu)']",0,0,0,1
2885,EDUCACIONAL MARTINS ANDRADE LTDA - EPP,01.282.149/0001-73,Privada com fins lucrativos,12620,FACULDADE SETE LAGOAS (FACSETE),FACSETE,(31)37733268,www.facsete.edu.br,gestaofinanceira@facsete.edu.br;ivanandrade@facsete.edu.br;regulatorio@facsete.edu.br,Rua Itália Pontelo - 50 - CEP: 35700-170 - Chácara do Paiva,Sete Lagoas,MG,Faculdade,EAD - Superior / Presencial - Superior /,Privada,Privada com fins lucrativos,2011-03-25,4,2023.0,4,2022.0,4,2023.0,,,,Ativa,,10-s2.0-116496521,116496521,Faculdade Sete Lagoas,,,"['Faculdade Sete Lagoas', 'Faculdade Sete Lagoas (facsete)', 'Faculdade De Sete Lagoas', 'Faculdade Sete Lagoas – Facsete – Sete Lagoas', 'Curso De Fisioterapia. Faculdade Sete Lagoas (facsete)', 'College Of Sete Lagoas - Facsete']",1,0,0,2
2885,EDUCACIONAL MARTINS ANDRADE LTDA - EPP,01.282.149/0001-73,Privada com fins lucrativos,12620,FACULDADE SETE LAGOAS (FACSETE),FACSETE,(31)37733268,www.facsete.edu.br,gestaofinanceira@facsete.edu.br;ivanandrade@facsete.edu.br;regulatorio@facsete.edu.br,Rua Itália Pontelo - 50 - CEP: 35700-170 - Chácara do Paiva,Sete Lagoas,MG,Faculdade,EAD - Superior / Presencial - Superior /,Privada,Privada com fins lucrativos,2011-03-25,4,2023.0,4,2022.0,4,2023.0,,,,Ativa,,10-s2.0-117189872,117189872,Faculdade de Sete Lagoas (FACSETE)/Ortogeo,,,"['Faculdade Sete Lagoas (facsete)', 'Faculdade De Sete Lagoas (facsete)/ortogeo']",0,0,0,1
2124,FUNDACAO DE ENSINO E PESQUISA DO SUL DE MINAS,21.420.856/0001-96,Pessoa Jurídica de Direito Privado - Sem fins lucrativos - Fundação,14165,FACULDADE TRÊS PONTAS (FATEP),FATEP,35 3266 2020,www.unis.edu.br,p.institucional@unis.edu.br;dimitri.barbosa@unis.edu.br;juarez.rezende@unis.edu.br,Praça D'Aparecida - 57 - CEP: 37190-000 - Centro,Três Pontas,MG,Faculdade,Presencial - Superior,Privada,Privada sem fins lucrativos,2002-01-04,5,2024.0,-,,3,2023.0,,,,Ativa,,10-s2.0-60026184,60026184,Centro Universitario do Sul de Minas,unis.edu.br,http://www.unis.edu.br,['Centro Universitario do Sul de Minas'],0,1,1,0
2124,FUNDACAO DE ENSINO E PESQUISA DO SUL DE MINAS,21.420.856/0001-96,Pessoa Jurídica de Direito Privado - Sem fins lucrativos - Fundação,20591,FACULDADE UNIS POUSO ALEGRE,-,35999552112,unis.edu.br,p.institucional@unis.edu.br;dimitri.barbosa@unis.edu.br;daniel.faria@unis.edu.br,Avenida Vicente Simões - 171 - CEP: 37550-000 - Centro,Pouso Alegre,MG,Faculdade,Presencial - Superior,Privada,Privada sem fins lucrativos,2018-03-29,4,2023.0,-,,3,2023.0,,,,Ativa,,10-s2.0-60026184,60026184,Centro Universitario do Sul de Minas,unis.edu.br,http://www.unis.edu.br,['Centro Universitario do Sul de Minas'],0,1,1,0
2124,FUNDACAO DE ENSINO E PESQUISA DO SUL DE MINAS,21.420.856/0001-96,Pessoa Jurídica de Direito Privado - Sem fins lucrativos - Fundação,2229,FACULDADE UNIS SÃO LOURENÇO,-,(35)33394400,unis.edu.br,p.institucional@unis.edu.br;dimitri.barbosa@unis.edu.br;roger.rodrigues@unis.edu.br,Rua Dr. Olavo Gomes Pinto - 290 - CEP: 37470-000 - Centro,São Lourenço,MG,Faculdade,Presencial - Superior,Privada,Privada sem fins lucrativos,2005-07-26,4,2023.0,-,,3,2023.0,,,,Ativa,,10-s2.0-60026184,60026184,Centro Universitario do Sul de Minas,unis.edu.br,http://www.unis.edu.br,['Centro Universitario do Sul de Minas'],0,1,1,0
1887,SOCIEDADE EDUCACIONAL VERDE NORTE LTDA - ME,04.124.091/0001-28,Pessoa Jurídica de Direito Privado - Com fins lucrativos - Sociedade Civil,2910,FACULDADE VERDE NORTE (FAVENORTE),FAVENORTE,(38) 38131007 /999261671,www.favenorte.com.br,favenorte@yahoo.com.br,Avenida José Alves Miranda - 500 - CEP: 39527-000 - Alto São João,Mato Verde,MG,Faculdade,EAD - Superior / Presencial - Superior /,Privada,Privada com fins lucrativos,2003-08-11,4,2019.0,4,2018.0,3,2023.0,,,,Ativa,,10-s2.0-125081922,125081922,Faculdade Verde - Norte,,,"['Faculdade Verde Norte', 'Faculdade Verde - Norte']",0,0,0,1
352,"ASSOCIACAO DE EDUCACAO, SAUDE E CULTURA - AESC",21.033.980/0001-07,Privada sem fins lucrativos,510,FACULDADE WENCESLAU BRAZ,-,(35) 3622 0930,http://www.fwb.edu.br,fwb@fwb.edu.br,Avenida Cesário Alvim - 566 - CEP: 37501-059 - Centro,Itajubá,MG,Faculdade,Presencial - Superior,Privada,Privada sem fins lucrativos,1954-10-29,4,2018.0,-,,4,2023.0,,,,Ativa,,10-s2.0-128994635,128994635,Faculdade Wenceslau Braz,,,['Faculdade Wenceslau Braz'],1,0,0,1
15806,FUNDACAO DOM CABRAL,19.268.267/0001-92,Pessoa Jurídica de Direito Privado - Sem fins lucrativos - Fundação,22422,Fundação Dom Cabral,-,31 35897200,www.fdc.org.br,secretaria@fdc.org.br,Avenida Princesa Diana - 760 - CEP: 34000-000 - Alphaville Lagoa dos Ingleses,Nova Lima,MG,Instituição Especialmente Credenciada para oferta de cursos lato sensu,EAD - Lato-sensu,Privada,Privada sem fins lucrativos,2006-01-13,-,,4,2021.0,-,,,,Sub Judice,Ativa,,10-s2.0-60100513,60100513,Fundação Dom Cabral,,http://www.fdc.org.br/,['Fundação Dom Cabral'],1,1,0,1
15642,"INSTITUTO FEDERAL DE EDUCACAO, CIENCIA E TECNOLOGIA DE MINAS GERAIS",10.626.896/0001-72,Pessoa Jurídica de Direito Público - Federal,3189,"INSTITUTO FEDERAL DE EDUCAÇÃO, CIÊNCIA E TECNOLOGIA DE MINAS GERAIS (IFMG)",IFMG,(31)25135104,www.ifmg.edu.br,gabinete@ifmg.edu.br,Av. Professor Mário Werneck - 2590 - CEP: 30575-180 - Buritis,Belo Horizonte,MG,"Instituto Federal de Educação, Ciência e Tecnologia",EAD - Superior / Presencial - Superior /,Publica,Pública Federal,2002-11-14,4,2017.0,-,,4,2023.0,,,,Ativa,,10-s2.0-60103679,60103679,Instituto Federal de Minas Gerais,,http://www.ifmg.edu.br/,['Instituto Federal de Minas Gerais'],0,1,0,0
5001,"INSTITUTO FEDERAL DE EDUCACAO, CIENCIA E TECNOLOGIA DO NORTE DE MINAS GERAIS",10.727.655/0001-10,Pessoa Jurídica de Direito Público - Federal,3188,"INSTITUTO FEDERAL DE EDUCAÇÃO, CIÊNCIA E TECNOLOGIA DO NORTE DE MINAS GERAIS (IFNMG)",IFNMG,(38) 3218-7300,www.ifnmg.edu.br,gabinete@ifnmg.edu.br,Rua Professor Monteiro Fonseca - 216 - CEP: 39400-149 - Vila Brasília,Montes Claros,MG,"Instituto Federal de Educação, Ciência e Tecnologia",EAD - Superior / Presencial - Superior /,Publica,Pública Federal,2002-11-14,5,2023.0,3,2013.0,3,2023.0,,,,Ativa,,10-s2.0-60271304,60271304,Instituto Federal do Norte de Minas Gerais,ifnmg.edu.br,https://www.ifnmg.edu.br/,"['Instituto Federal do Norte de Minas Gerais', 'Instituto Federal de Educação, Ciência e Tecnologia do Norte de Minas Gerais', 'Federal Institute of the North of Minas Gerais', 'Federal Institute of Education, Science and Technology of the North of Minas Gerais']",0,1,1,1
9064,"INSTITUTO FEDERAL DE EDUCACAO, CIENCIA E TECNOLOGIA DO SUDESTE DE MINAS GERAIS",10.723.648/0001-40,Pessoa Jurídica de Direito Público - Federal,3279,"INSTITUTO FEDERAL DE EDUCAÇÃO, CIÊNCIA E TECNOLOGIA DO SUDESTE DE MINAS GERAIS (IFSEMG)",IFSEMG,(32) 32574100,www.ifsudestemg.edu.br,gabinete@ifsudestemg.edu.br,Rua Luz Interior - 360 - CEP: 36030-776 - Estrela Sul - Santa Luzia,Juiz de Fora,MG,"Instituto Federal de Educação, Ciência e Tecnologia",EAD - Superior / Presencial - Superior /,Publica,Pública Federal,2008-12-30,5,2023.0,4,2023.0,4,2023.0,,,,Ativa,,10-s2.0-60271963,60271963,"Instituto Federal de Educação, Ciência e Tecnologia do Sudeste de Minas Gerais (IF Sudeste MG)",ifsudestemg.edu.br,https://www.ifsudestemg.edu.br/,"['Instituto Federal de Educação, Ciência e Tecnologia do Sudeste de Minas Gerais (IF Sudeste MG)', 'IF Sudeste MG', 'Federal Institute of Education, Science and Technology of the Southeast of Minas Gerais (IF Sudeste MG)']",1,1,1,1
9069,"INSTITUTO FEDERAL DE EDUCACAO, CIENCIA E TECNOLOGIA DO TRIANGULO MINEIRO",10.695.891/0001-00,Pessoa Jurídica de Direito Público - Federal,3165,"INSTITUTO FEDERAL DE EDUCAÇÃO, CIÊNCIA E TECNOLOGIA DO TRIÂNGULO MINEIRO (IFTM)",IFTM,(34)3326-1100,www.iftm.edu.br,reitor@iftm.edu.br;pi.reitoria@iftm.edu.br;rogeriocosta@iftm.edu.br,Avenida Doutor Randolfo Borges Júnior - 2900 - CEP: 38064-300 - Univerdecidade,Uberaba,MG,"Instituto Federal de Educação, Ciência e Tecnologia",EAD - Superior / Presencial - Superior /,Publica,Pública Federal,2002-08-19,4,2015.0,4,2019.0,4,2023.0,,,,Ativa,,10-s2.0-60271977,60271977,"Instituto Federal de Educação, Ciência e Tecnologia do Triangulo Mineiro (IFTM)",iftm.edu.br,https://iftm.edu.br/,"['Instituto Federal do Triângulo Mineiro', 'Federal Institute of Education, Science and Technology of Triangulo Mineiro', 'Instituto Federal de Educación, Ciencia y Tecnología del Triângulo Mineiro']",1,1,1,0
90,FUNDACAO INSTITUTO NACIONAL DE TELECOMUNICACOES,24.492.886/0001-04,Privada sem fins lucrativos,126,INSTITUTO NACIONAL DE TELECOMUNICAÇÕES (INATEL),INATEL,(35) 3471 9200/(35) 3471 9309,www.inatel.br,pesquisador.institucional@inatel.br,Avenida João de Camargo - 510 - CEP: 37540-000 - Centro,Santa Rita do Sapucaí,MG,Faculdade,EAD - Superior / Presencial - Superior /,Privada,Privada sem fins lucrativos,1965-08-31,5,2023.0,5,2019.0,4,2023.0,,,,Ativa,,10-s2.0-60104212,60104212,Instituto Nacional de Telecomunicações,inatel.br,https://inatel.br/home/,"['Instituto Nacional de Telecomunicações – Inatel', 'National Telecommunications Institute – Inatel']",1,0,1,0
236,SOCIEDADE MINEIRA DE CULTURA,17.178.195/0001-67,Pessoa Jurídica de Direito Privado - Sem fins lucrativos - Associação de Utilidade Pública,338,PONTIFÍCIA UNIVERSIDADE CATÓLICA DE MINAS GERAIS (PUC MINAS),PUC MINAS,(31) 3319 4444; (31) 3319 4337,www.pucminas.br,progradmec@pucminas.br,Avenida Dom José Gaspar - 500 - CEP: 30535-901 - Coração Eucarístico,Belo Horizonte,MG,Universidade,EAD - Superior / Presencial - Superior /,Privada,Privada sem fins lucrativos,1958-12-12,5,2023.0,-,,4,2023.0,,,,Ativa,,10-s2.0-60031682,60031682,Pontificia Universidade Catolica de Minas Gerais,pucminas.br,https://www.pucminas.br/,"['Pontifical Catholic University of Minas Gerais', 'Pontificia Universidade Catolica de Minas Gerais']",1,1,1,1
227,FUNDACAO UNIVERSIDADE DE ITAUNA,21.256.425/0001-36,Privada sem fins lucrativos,1128,UNIVERSIDADE DE ITAÚNA (UI),UI,37 3249-3003,www.uit.edu.br,uit@uit.br,Rodovia Mg 431 Km 45 - s/n - CEP: 35680-142 - Campus Verde,Itaúna,MG,Universidade,Presencial - Superior,Privada,Privada sem fins lucrativos,1965-11-26,3,2010.0,4,2022.0,3,2023.0,,,,Ativa,,10-s2.0-60022246,60022246,Universidade de Itauna,uit.br,http://www.uit.br,"['University of Itauna', 'Universidade de Itauna']",1,0,0,1
103,SOCIEDADE EDUCACIONAL UBERABENSE,25.452.301/0001-87,Privada sem fins lucrativos,143,UNIVERSIDADE DE UBERABA (UNIUBE),UNIUBE,(34) 3319 8800,http://www.uniube.br,uniube@uniube.br,"Av. Nene Sabino, 1801, Santa Marta. - 1.801 - CEP: 38055-550 - Universitário",Uberaba,MG,Universidade,EAD - Superior / Presencial - Superior /,Privada,Privada sem fins lucrativos,1947-12-04,3,2017.0,4,2014.0,4,2023.0,,,,Ativa,,10-s2.0-60013775,60013775,Universidade de Uberaba,uniube.br,http://www.uniube.br,"['University of Uberaba', 'Universidade de Uberaba']",1,1,1,1
112,UNIVERSIDADE DO ESTADO DE MINAS GERAIS,65.172.579/0001-15,Pessoa Jurídica de Direito Público - Estadual,1036,UNIVERSIDADE DO ESTADO DE MINAS GERAIS (UEMG),UEMG,(31) 3916-0471,www.uemg.br,gabinete@uemg.br,Rodovia Prefeito Américo Renê Gianetti - 3701 - CEP: 31630-900 - Serra Verde,Belo Horizonte,MG,Universidade,EAD - Superior / Presencial - Superior /,Publica,Pública Estadual,1994-07-22,-,,4,2023.0,3,2023.0,,,,Ativa,,10-s2.0-60016011,60016011,Universidade do Estado de Minas Gerais,uemg.br,http://www.uemg.br/,"['Minas Gerais State University', 'Universidade do Estado de Minas Gerais']",1,1,1,1
127,FUNDACAO DE ENSINO SUPERIOR DO VALE DO SAPUCAI,23.951.916/0001-22,Privada sem fins lucrativos,1586,UNIVERSIDADE DO VALE DO SAPUCAÍ (UNIVÁS),UNIVÁS,35 98862-7941,www.univas.edu.br,reitoria@univas.edu.br,Avenida Coronel Alfredo Custódio Paula - 320 - CEP: 37553-068 - Alfredo Custódio de Paula,Pouso Alegre,MG,Universidade,EAD - Superior / Presencial - Superior /,Privada,Privada sem fins lucrativos,1999-10-09,5,2025.0,4,2017.0,4,2023.0,,,,Ativa,,10-s2.0-60024057,60024057,Universidade do Vale do Sapucaí,univas.edu.br,http://www.univas.edu.br,"['Sapucai Valley University', 'Universidade do Vale do Sapucaí']",1,1,1,1
256,UNIVERSIDADE ESTADUAL DE MONTES CLAROS,22.675.359/0001-00,Pessoa Jurídica de Direito Público - Estadual,367,UNIVERSIDADE ESTADUAL DE MONTES CLAROS (UNIMONTES),UNIMONTES,(38) 3229 8101,http://www.unimontes.br,gabinete.reitor@unimontes.br,Campus Universitário Prof. Darcy Ribeiro - Avenida Rui Braga - s/n - CEP: 39401-089 - Vila Mauricéia,Montes Claros,MG,Universidade,EAD - Superior / Presencial - Superior /,Publica,Pública Estadual,1962-05-24,-,,4,2014.0,4,2023.0,,,,Ativa,,10-s2.0-60024246,60024246,Universidade Estadual de Montes Claros,unimontes.br,https://unimontes.br/,"['State University of Montes Claros', 'Universidade Estadual de Montes Claros']",1,1,1,1
15031,UNIVERSIDADE FEDERAL DE ALFENAS - UNIFAL-MG,17.879.859/0001-15,Pessoa Jurídica de Direito Público - Federal,595,UNIVERSIDADE FEDERAL DE ALFENAS (UNIFAL-MG),UNIFAL-MG,(35)37019004,www.unifal-mg.edu.br,reitoria@unifal-mg.edu.br,Rua Gabriel Monteiro da Silva - 700 - CEP: 37130-001 - Centro,Alfenas,MG,Universidade,EAD - Superior / Presencial - Superior /,Publica,Pública Federal,1915-09-11,4,2017.0,3,2019.0,4,2023.0,,,,Ativa,,10-s2.0-60002101,60002101,Universidade Federal de Alfenas,unifal-mg.edu.br,http://www.unifal-mg.edu.br,"['Federal University of Alfenas', 'Universidade Federal de Alfenas']",1,1,1,1
9050,UNIVERSIDADE FEDERAL DE ITAJUBA,21.040.001/0001-30,Pessoa Jurídica de Direito Público - Federal,598,UNIVERSIDADE FEDERAL DE ITAJUBÁ - UNIFEI (UNIFEI),UNIFEI,(35)36291108,www.unifei.edu.br,cibele.cunha@unifei.edu.br; prg@unifei.edu.br,Avenida BPS - 1303 - CEP: 37500-903 - Pinheirinho,Itajubá,MG,Universidade,EAD - Superior / Presencial - Superior /,Publica,Pública Federal,1913-01-08,4,2016.0,4,2015.0,4,2023.0,,,,Ativa,,10-s2.0-60025299,60025299,Universidade Federal de Itajubá,unifei.edu.br,https://unifei.edu.br/,"['Federal University of Itajubá', 'Universidade Federal de Itajubá']",0,1,1,0
15648,UNIVERSIDADE FEDERAL DE JUIZ DE FORA UFJF,21.195.755/0001-69,Pessoa Jurídica de Direito Público - Federal,576,UNIVERSIDADE FEDERAL DE JUIZ DE FORA (UFJF),UFJF,(32)2102-3903,www.ufjf.br,piufjf.regulacao@ufjf.br,Campus Universitário - s/n - CEP: 36036-900 - São Pedro,Juiz de Fora,MG,Universidade,EAD - Superior / Presencial - Superior /,Publica,Pública Federal,1960-12-23,5,2023.0,3,2013.0,5,2023.0,,,,Ativa,,10-s2.0-60291621,60291621,Hospital Universitário,ufjf.br,https://www.ufjf.br/hu/,[],0,0,1,0
15648,UNIVERSIDADE FEDERAL DE JUIZ DE FORA UFJF,21.195.755/0001-69,Pessoa Jurídica de Direito Público - Federal,576,UNIVERSIDADE FEDERAL DE JUIZ DE FORA (UFJF),UFJF,(32)2102-3903,www.ufjf.br,piufjf.regulacao@ufjf.br,Campus Universitário - s/n - CEP: 36036-900 - São Pedro,Juiz de Fora,MG,Universidade,EAD - Superior / Presencial - Superior /,Publica,Pública Federal,1960-12-23,5,2023.0,3,2013.0,5,2023.0,,,,Ativa,,10-s2.0-60000590,60000590,Universidade Federal de Juiz de Fora,ufjf.br,https://www2.ufjf.br/ufjf/,"['Federal University of Juiz de Fora', 'Universidade Federal de Juiz de Fora', 'Federal University of Juiz de Fora (UFJF)']",1,0,1,1
8137,UNIVERSIDADE FEDERAL DE LAVRAS,22.078.679/0001-74,Pessoa Jurídica de Direito Público - Federal,592,UNIVERSIDADE FEDERAL DE LAVRAS (UFLA),UFLA,(35) 3829-1546; 35 988554791,www.ufla.br,dias@ufla.br;claudiapontello@hotmail.com,Trevo Rotatório Professor Edmir Sá Santos - S/N - CEP: 37203-202 - Universidade Federal de Lavras,Lavras,MG,Universidade,EAD - Superior / Presencial - Superior /,Publica,Pública Federal,1964-01-14,5,2013.0,5,2013.0,5,2023.0,,,,Ativa,,10-s2.0-119902521,119902521,Universida de Federal de Lavras,,,"['Universidade Federal De Lavras', 'Universida De Federal De Lavras']",0,0,0,1
8137,UNIVERSIDADE FEDERAL DE LAVRAS,22.078.679/0001-74,Pessoa Jurídica de Direito Público - Federal,592,UNIVERSIDADE FEDERAL DE LAVRAS (UFLA),UFLA,(35) 3829-1546; 35 988554791,www.ufla.br,dias@ufla.br;claudiapontello@hotmail.com,Trevo Rotatório Professor Edmir Sá Santos - S/N - CEP: 37203-202 - Universidade Federal de Lavras,Lavras,MG,Universidade,EAD - Superior / Presencial - Superior /,Publica,Pública Federal,1964-01-14,5,2013.0,5,2013.0,5,2023.0,,,,Ativa,,10-s2.0-60017841,60017841,Universidade Federal de Lavras,ufla.br,https://ufla.br/,"['Federal University of Lavras', 'Universidade Federal de Lavras']",1,1,1,1
15515,UNIVERSIDADE FEDERAL DE MINAS GERAIS,17.217.985/0001-04,Pessoa Jurídica de Direito Público - Federal,575,UNIVERSIDADE FEDERAL DE MINAS GERAIS (UFMG),UFMG,(31) 3409 4124,http://www.ufmg.br,reitor@ufmg.br;info@dai.ufmg.br,Avenida Antonio Carlos - 6627 - CEP: 31270-901 - Pampulha,Belo Horizonte,MG,Universidade,EAD - Superior / Presencial - Superior /,Publica,Pública Federal,1927-09-07,5,2017.0,-,,5,2023.0,,,,Ativa,,10-s2.0-60030074,60030074,Universidade Federal de Minas Gerais,ufmg.br,https://ufmg.br/international-visitors,"['Federal University of Minas Gerais', 'Universidade Federal de Minas Gerais', 'University of Minas Gerais', 'Universidade de Minas Gerais']",1,0,1,1
6,UNIVERSIDADE FEDERAL DE OURO PRETO,23.070.659/0001-10,Pessoa Jurídica de Direito Público - Federal,6,UNIVERSIDADE FEDERAL DE OURO PRETO (UFOP),UFOP,(31)3559-1218,www.ufop.br,reitoria@ufop.edu.br,Rua Diogo de Vasconcelos - 122 - CEP: 35400-000 - Centro,Ouro Preto,MG,Universidade,EAD - Superior / Presencial - Superior /,Publica,Pública Federal,1969-08-22,4,2013.0,4,2014.0,4,2023.0,,,,Ativa,,10-s2.0-60022764,60022764,Universidade Federal de Ouro Preto,en.ufop.br,https://en.ufop.br/,"['Federal University of Ouro Preto', 'Universidade Federal de Ouro Preto']",1,0,0,1
81,UNIVERSIDADE FEDERAL DE SAO JOAO DEL-REI,21.186.804/0001-05,Pessoa Jurídica de Direito Público - Federal,107,UNIVERSIDADE FEDERAL DE SÃO JOÃO DEL REI (UFSJ),UFSJ,(32) 3379-5801/ 3379-5805,http://www.ufsj.edu.br/,reitoria@ufsj.edu.br,Praça Frei Orlando - 170 - CEP: 36307-352 - Centro,São João del Rei,MG,Universidade,EAD - Superior / Presencial - Superior /,Publica,Pública Federal,1986-12-23,4,2015.0,4,2019.0,4,2023.0,,,,Ativa,,10-s2.0-114437281,114437281,Universidade de São João del-Rei,,,"['Universidade De São João Del-rei', 'Universidade Federal De São João Del-rey', 'Universidade Federal De São João Del Rey', 'Universidade Federal De S. João Del-rei - Ufsj', 'Universidade Federal São João Del Rey', 'Universidade Federal S. J. Del Rei P.', 'Universidade Federal De São João Del´rei', 'Universidade Federal De S. J. Del Rei - Ufsj', 'Federal University Of São João Del-rey']",0,0,0,1
81,UNIVERSIDADE FEDERAL DE SAO JOAO DEL-REI,21.186.804/0001-05,Pessoa Jurídica de Direito Público - Federal,107,UNIVERSIDADE FEDERAL DE SÃO JOÃO DEL REI (UFSJ),UFSJ,(32) 3379-5801/ 3379-5805,http://www.ufsj.edu.br/,reitoria@ufsj.edu.br,Praça Frei Orlando - 170 - CEP: 36307-352 - Centro,São João del Rei,MG,Universidade,EAD - Superior / Presencial - Superior /,Publica,Pública Federal,1986-12-23,4,2015.0,4,2019.0,4,2023.0,,,,Ativa,,10-s2.0-60028351,60028351,Universidade Federal de Sao Joao del-Rei,ufsj.edu.br,https://ufsj.edu.br/ingles/,"['Federal University of Sao Joao del-Rei', 'Universidade Federal de Sao Joao del-Rei']",0,0,1,0
81,UNIVERSIDADE FEDERAL DE SAO JOAO DEL-REI,21.186.804/0001-05,Pessoa Jurídica de Direito Público - Federal,107,UNIVERSIDADE FEDERAL DE SÃO JOÃO DEL REI (UFSJ),UFSJ,(32) 3379-5801/ 3379-5805,http://www.ufsj.edu.br/,reitoria@ufsj.edu.br,Praça Frei Orlando - 170 - CEP: 36307-352 - Centro,São João del Rei,MG,Universidade,EAD - Superior / Presencial - Superior /,Publica,Pública Federal,1986-12-23,4,2015.0,4,2019.0,4,2023.0,,,,Ativa,,10-s2.0-116198194,116198194,Universidade Federal de São João Del Rei,,,['Universidade Federal de São João Del Rei'],1,0,0,1
81,UNIVERSIDADE FEDERAL DE SAO JOAO DEL-REI,21.186.804/0001-05,Pessoa Jurídica de Direito Público - Federal,107,UNIVERSIDADE FEDERAL DE SÃO JOÃO DEL REI (UFSJ),UFSJ,(32) 3379-5801/ 3379-5805,http://www.ufsj.edu.br/,reitoria@ufsj.edu.br,Praça Frei Orlando - 170 - CEP: 36307-352 - Centro,São João del Rei,MG,Universidade,EAD - Superior / Presencial - Superior /,Publica,Pública Federal,1986-12-23,4,2015.0,4,2019.0,4,2023.0,,,,Ativa,,10-s2.0-101451012,101451012,Universidade Federal de São Jõo del Rey,,,"['Universidade Federal De São Jõo Del Rey', 'Vniversidade Federal De São João Del Rei', 'Universidode Federal De São João Del Rey', 'Universidade Federal De São João Del Rei', 'Universidade Federal De São João', 'Univ. Federal De Sao Joao Del Rey', 'Univ. Fed. De São J.']",0,0,0,1
9140,UNIVERSIDADE FEDERAL DE UBERLANDIA,25.648.387/0001-18,Pessoa Jurídica de Direito Público - Federal,17,UNIVERSIDADE FEDERAL DE UBERLÂNDIA (UFU),UFU,34-3239-4893,www.ufu.br,reitoria@ufu.br,Avenida João Naves de Ávila - 2121 - CEP: 38400-902 - Santa Mônica,Uberlândia,MG,Universidade,EAD - Superior / Presencial - Superior /,Publica,Pública Federal,1969-08-15,5,2023.0,5,2016.0,5,2023.0,,,,Ativa,,10-s2.0-60017685,60017685,"Universidade Federal de Uberlandia, Faculdade de Medicina",ufu.br,http://www.famed.ufu.br/,"['Federal University of Uberlandia, Faculty of Medicine', 'Universidade Federal de Uberlandia, Faculdade de Medicina']",0,0,1,0
9140,UNIVERSIDADE FEDERAL DE UBERLANDIA,25.648.387/0001-18,Pessoa Jurídica de Direito Público - Federal,17,UNIVERSIDADE FEDERAL DE UBERLÂNDIA (UFU),UFU,34-3239-4893,www.ufu.br,reitoria@ufu.br,Avenida João Naves de Ávila - 2121 - CEP: 38400-902 - Santa Mônica,Uberlândia,MG,Universidade,EAD - Superior / Presencial - Superior /,Publica,Pública Federal,1969-08-15,5,2023.0,5,2016.0,5,2023.0,,,,Ativa,,10-s2.0-60015104,60015104,Universidade Federal de Uberlândia,ufu.br,https://ufu.br/,"['Federal University of Uberlandia', 'Universidade Federal de Uberlandia', 'Federal University of Uberlândia', 'Universidade Federal de Uberlândia']",1,1,1,2
15588,UNIVERSIDADE FEDERAL DE VICOSA,25.944.455/0001-96,Pessoa Jurídica de Direito Público - Federal,8,UNIVERSIDADE FEDERAL DE VIÇOSA (UFV),UFV,(31)3612-1001,www.ufv.br,reitoria@ufv.br,Av. P.H. Rolfs - s/n - CEP: 36570-000 - Campus Universitário,Viçosa,MG,Universidade,EAD - Superior / Presencial - Superior /,Publica,Pública Federal,1922-03-31,5,2023.0,5,2021.0,5,2023.0,,,,Ativa,,10-s2.0-60013918,60013918,Universidade Federal de Vicosa,ufv.br,https://www.ufv.br/,"['Federal University of Vicosa', 'Universidade Federal de Vicosa', 'Federal University of Viçosa']",1,1,1,1
15588,UNIVERSIDADE FEDERAL DE VICOSA,25.944.455/0001-96,Pessoa Jurídica de Direito Público - Federal,8,UNIVERSIDADE FEDERAL DE VIÇOSA (UFV),UFV,(31)3612-1001,www.ufv.br,reitoria@ufv.br,Av. P.H. Rolfs - s/n - CEP: 36570-000 - Campus Universitário,Viçosa,MG,Universidade,EAD - Superior / Presencial - Superior /,Publica,Pública Federal,1922-03-31,5,2023.0,5,2021.0,5,2023.0,,,,Ativa,,10-s2.0-115640335,115640335,Universidade Federal de Viçosa,,,['Universidade Federal De Viçosa'],1,0,0,1
9088,UNIVERSIDADE FEDERAL DOS VALES DO JEQUITINHONHA E MUCURI,16.888.315/0001-57,Pessoa Jurídica de Direito Público - Federal,596,UNIVERSIDADE FEDERAL DOS VALES DO JEQUITINHONHA E MUCURI (UFVJM),UFVJM,38-3532-1200,www.ufvjm.edu.br,avaex.prograd@ufvjm.edu.br,MGT 367 - 5000 - CEP: 39100-000 - Alto do Jacuba,Diamantina,MG,Universidade,EAD - Superior / Presencial - Superior /,Publica,Pública Federal,1953-10-01,4,2023.0,-,,4,2023.0,,,,Ativa,,10-s2.0-60103782,60103782,Universidade Federal dos Vales do Jequitinhonha e Mucuri,,http://www.ufvjm.edu.br/,"['Federal University of the Valleys of Jequitinhonha and Mucuri', 'Universidade Federal dos Vales do Jequitinhonha e Mucuri']",1,1,0,1
15446,UNIVERSIDADE FEDERAL DO TRIANGULO MINEIRO,25.437.484/0001-61,Pessoa Jurídica de Direito Público - Federal,597,UNIVERSIDADE FEDERAL DO TRIÂNGULO MINEIRO (UFTM),UFTM,(34) 3700-6000,www.uftm.edu.br,gabinete@uftm.edu.br,Rua Frei Paulino - 30 - CEP: 38025-180 - Abadia,Uberaba,MG,Universidade,EAD - Superior / Presencial - Superior /,Publica,Pública Federal,1954-03-30,3,2009.0,4,2016.0,4,2023.0,,,,Ativa,,10-s2.0-60019649,60019649,Universidade Federal do Triangulo Mineiro,uftm.edu.br,http://www.uftm.edu.br,"['Federal University of Triangulo Mineiro', 'Universidade Federal do Triangulo Mineiro']",1,1,1,1
113,FUNDACAO MINEIRA DE EDUCACAO E CULTURA,17.253.253/0001-70,Privada sem fins lucrativos,1557,UNIVERSIDADE FUMEC (FUMEC),FUMEC,(31)32695255,www.fumec.br,reitoria@fumec.br,Rua Cobre - 200 - CEP: 30310-190 - Cruzeiro,Belo Horizonte,MG,Universidade,EAD - Superior / Presencial - Superior /,Privada,Privada sem fins lucrativos,1966-11-04,4,2023.0,4,2023.0,4,2023.0,,,,Ativa,,10-s2.0-60033296,60033296,Universidade FUMEC,fumec.br,http://www.fumec.br,"['FUMEC University', 'Universidade FUMEC']",1,1,1,1
30,FUNDACAO DE ENSINO E TECNOLOGIA DE ALFENAS,17.878.554/0001-99,Privada sem fins lucrativos,30,UNIVERSIDADE PROFESSOR EDSON ANTÔNIO VELANO (UNIFENAS),UNIFENAS,(35)32993257,www.unifenas.br,unifenas@unifenas.br; pi.unifenas30@unifenas.br,Rod Rodovia MG-179 - s/n - CEP: 37132-440 - Loteamento Trevo,Alfenas,MG,Universidade,EAD - Superior / Presencial - Superior /,Privada,Privada sem fins lucrativos,1965-10-13,5,2019.0,5,2018.0,4,2023.0,,,,Ativa,,10-s2.0-60048829,60048829,UNIFENAS Universidade Jose do Rosario Vellano,unifenas.br,http://www.unifenas.br/,['UNIFENAS Universidade Jose do Rosario Vellano'],0,1,1,0
354,FUNDACAO PERCIVAL FARQUHAR,20.611.810/0001-91,Pessoa Jurídica de Direito Privado - Sem fins lucrativos - Fundação,513,UNIVERSIDADE VALE DO RIO DOCE (UNIVALE),UNIVALE,(33) 3279 5560,www.univale.br,reitoria@univale.br;fpf@univale.br;pesquisador@univale.br,Rua Israel Pinheiro - 2000 - CEP: 35020-220 - Universitário,Governador Valadares,MG,Universidade,EAD - Superior / Presencial - Superior /,Privada,Privada sem fins lucrativos,1968-03-18,3,2009.0,4,2016.0,3,2023.0,,,,Ativa,,10-s2.0-60021946,60021946,Universidade Vale do Rio Doce,univale.br,http://www.univale.br/capa/,"['Rio Doce Valley University', 'Universidade Vale do Rio Doce']",1,0,1,1
445,UNIGRAN EDUCACIONAL,03.361.110/0001-77,Pessoa Jurídica de Direito Privado - Sem fins lucrativos - Associação de Utilidade Pública,673,CENTRO UNIVERSITÁRIO DA GRANDE DOURADOS (UNIGRAN),UNIGRAN,(67) 3411 4141,www.unigran.br,webmaster@unigran.br,Rua Balbina de Matos - 2121 - CEP: 79824-900 - Jardim,Dourados,MS,Centro Universitário,EAD - Superior / Presencial - Superior /,Privada,Privada sem fins lucrativos,1976-10-22,5,2024.0,4,2023.0,4,2023.0,,,,Ativa,,10-s2.0-119837709,119837709,Diagnóstico Bucal do Centro Universitário da Grande Dourados (UNIGRAN-MS),,,"['Diagnóstico Bucal Do Centro Universitário Da Grande Dourados (unigran-ms)', 'Centro Universitário Da Grande Dourados (unigran-ms)']",0,0,0,1
445,UNIGRAN EDUCACIONAL,03.361.110/0001-77,Pessoa Jurídica de Direito Privado - Sem fins lucrativos - Associação de Utilidade Pública,673,CENTRO UNIVERSITÁRIO DA GRANDE DOURADOS (UNIGRAN),UNIGRAN,(67) 3411 4141,www.unigran.br,webmaster@unigran.br,Rua Balbina de Matos - 2121 - CEP: 79824-900 - Jardim,Dourados,MS,Centro Universitário,EAD - Superior / Presencial - Superior /,Privada,Privada sem fins lucrativos,1976-10-22,5,2024.0,4,2023.0,4,2023.0,,,,Ativa,,10-s2.0-100533515,100533515,Centro Universitário da Grande Dourados,,,[],1,0,0,0
445,UNIGRAN EDUCACIONAL,03.361.110/0001-77,Pessoa Jurídica de Direito Privado - Sem fins lucrativos - Associação de Utilidade Pública,673,CENTRO UNIVERSITÁRIO DA GRANDE DOURADOS (UNIGRAN),UNIGRAN,(67) 3411 4141,www.unigran.br,webmaster@unigran.br,Rua Balbina de Matos - 2121 - CEP: 79824-900 - Jardim,Dourados,MS,Centro Universitário,EAD - Superior / Presencial - Superior /,Privada,Privada sem fins lucrativos,1976-10-22,5,2024.0,4,2023.0,4,2023.0,,,,Ativa,,10-s2.0-112937987,112937987,Centro Universitário da Grande Dourados,,,"['Centro Universitário Da Grande Dourados', 'Centro Universitário Da Grande Dourados (unigran)', 'Universitário Da Grande Dourados (unigran)', 'Centro Universitário Da Grande Dourados–unigran', 'Centro Universitário Da Grande Dourados-unigran', 'Centro Universitário Da Grande Dourados – Unigran. Dourados', 'Centro Universitario Da Grande Dourados']",1,0,0,3
445,UNIGRAN EDUCACIONAL,03.361.110/0001-77,Pessoa Jurídica de Direito Privado - Sem fins lucrativos - Associação de Utilidade Pública,673,CENTRO UNIVERSITÁRIO DA GRANDE DOURADOS (UNIGRAN),UNIGRAN,(67) 3411 4141,www.unigran.br,webmaster@unigran.br,Rua Balbina de Matos - 2121 - CEP: 79824-900 - Jardim,Dourados,MS,Centro Universitário,EAD - Superior / Presencial - Superior /,Privada,Privada sem fins lucrativos,1976-10-22,5,2024.0,4,2023.0,4,2023.0,,,,Ativa,,10-s2.0-112759285,112759285,Centro Universitário da Grande Dourados,,,"['Centro Universitário Da Grande Dourados', 'Centro Universitário Da Grande Dourados (unigran)', 'Centro Universitário Da Grande Dourados/unigran', 'Centro Universitario Da Grande Dourados', 'Universitário Da Grande Dourados (unigran)', 'Unigran (centra Universitario Da Grande Dourados)', 'Faculdade De Medicina Veterinária ˗ Centro Universitário Grande Dourados', 'Centro Universitário Da Grande Dourados-unigran', 'Centro Universitário Da Grande Dourados - Unigran']",1,0,0,3
445,UNIGRAN EDUCACIONAL,03.361.110/0001-77,Pessoa Jurídica de Direito Privado - Sem fins lucrativos - Associação de Utilidade Pública,673,CENTRO UNIVERSITÁRIO DA GRANDE DOURADOS (UNIGRAN),UNIGRAN,(67) 3411 4141,www.unigran.br,webmaster@unigran.br,Rua Balbina de Matos - 2121 - CEP: 79824-900 - Jardim,Dourados,MS,Centro Universitário,EAD - Superior / Presencial - Superior /,Privada,Privada sem fins lucrativos,1976-10-22,5,2024.0,4,2023.0,4,2023.0,,,,Ativa,,10-s2.0-101888041,101888041,Centro Universitário da Grande Dourados - UNIGRAN,,,"['Centro Universitário Da Grande Dourados (unigran)', 'Centro Universitário Da Grande Dourados - Unigran']",0,0,0,1
119,SOCIEDADE DE ENSINO SUPERIOR ESTACIO DE SA LTDA,34.075.739/0001-84,Privada com fins lucrativos,862,Centro Universitário Estácio de Campo Grande,-,,www.estacio.br,cgfescg@gmail.com;regulatorio.nacional@estacio.br,Avenida Fernando Corrêa da Costa - 1760 - CEP: 79004-311 - Vila Rosa Pires,Campo Grande,MS,Centro Universitário,Presencial - Superior,Privada,Privada com fins lucrativos,2000-10-31,5,2023.0,-,,3,2023.0,,,,Ativa,,10-s2.0-60022378,60022378,Universidade Estacio de Sa,estacio.br,http://www.estacio.br,"['Estacio de Sa University', 'Universidade Estacio de Sa']",0,1,1,0
119,SOCIEDADE DE ENSINO SUPERIOR ESTACIO DE SA LTDA,34.075.739/0001-84,Privada com fins lucrativos,862,Centro Universitário Estácio de Campo Grande,-,,www.estacio.br,cgfescg@gmail.com;regulatorio.nacional@estacio.br,Avenida Fernando Corrêa da Costa - 1760 - CEP: 79004-311 - Vila Rosa Pires,Campo Grande,MS,Centro Universitário,Presencial - Superior,Privada,Privada com fins lucrativos,2000-10-31,5,2023.0,-,,3,2023.0,,,,Ativa,,10-s2.0-60003597,60003597,Universidade Estacio de Sa Faculdade de Medicina,estacio.br,http://www.estacio.br,"['Estacio de Sa University Faculty of Medicine', 'Universidade Estacio de Sa Faculdade de Medicina']",0,1,1,0
445,UNIGRAN EDUCACIONAL,03.361.110/0001-77,Pessoa Jurídica de Direito Privado - Sem fins lucrativos - Associação de Utilidade Pública,4429,CENTRO UNIVERSITÁRIO UNIGRAN CAPITAL,-,67 3389 3389,www.unigrancapital.com.br,vinicius.oliveira@unigran.br,Rua Abrão Júlio Rahe - 325 - CEP: 79010-010 - Centro,Campo Grande,MS,Centro Universitário,Presencial - Superior,Privada,Privada sem fins lucrativos,2007-12-04,5,2024.0,-,,4,2023.0,,,,Ativa,,10-s2.0-114078018,114078018,Centro Universitário Unigran Capital,,,[],1,0,0,0
16452,ANHANGUERA EDUCACIONAL PARTICIPACOES S/A,04.310.392/0001-46,Privada com fins lucrativos,28833,Faculdade de Medicina Uniderp de Ponta Porã,-,,www.anhanguera.com,ddi@kroton.com.br,"Rua Jorge Roberto Salomão - 1301, Lote B - CEP: 79904-600 - Centro",Ponta Porã,MS,Faculdade,Presencial - Superior,Privada,Privada com fins lucrativos,2024-06-26,5,2023.0,-,,-,,,,,Ativa,,10-s2.0-60281103,60281103,Universidade Anhanguera de São Paulo,anhanguera.com,https://www.anhanguera.com/unidades/,"['Universidade Anhanguera de São Paulo', 'Anhanguera Educacional', 'Anhanguera Educational']",0,0,1,0
625,ASSOCIACAO DE ENSINO E CULTURA DE MATO GROSSO DO SUL,01.923.317/0001-62,Privada sem fins lucrativos,1038,FACULDADES INTEGRADAS DE TRÊS LAGOAS (AEMS),AEMS,(67) 2105.6060,www.aems.edu.br,aems@aems.edu.br,Avenida Ponta Porã - 2750 - CEP: 79610-320 - Distrito Industrial,Três Lagoas,MS,Faculdade,Presencial - Superior,Privada,Privada sem fins lucrativos,1994-12-28,4,2024.0,-,,4,2023.0,,,,Ativa,,10-s2.0-113816153,113816153,Faculdades Integradas de Três Lagoas - AEMS,,,"['Faculdades Integradas De Três Lagoas', 'Faculdades Integradas De Três Lagoas - Aems', 'Faculdades Integradas De Três Lagoas-aems', 'Departamento De Enfermagem Das Faculdades Integradas De Três Lagoas Aems']",0,0,0,1
560,CESUMAR - CENTRO DE ENSINO SUPERIOR DE MARINGA LTDA,79.265.617/0001-99,Privada com fins lucrativos,24488,Faculdade UNICESUMAR de Corumbá,-,44 3027-6385 - RAMAL 1109 - (44) 3027-6360,www.unicesumar.edu.br,normas@unicesumar.edu.br;fabiana.nsilva@vitru.com.br,Rua Pedro de Medeiros - 731 - CEP: 79310-110 - Popular Velha,Corumbá,MS,Faculdade,Presencial - Superior,Privada,Privada com fins lucrativos,2020-06-04,5,2024.0,-,,-,,,,,Ativa,,10-s2.0-60281054,60281054,Universidade UniCesumar,unicesumar.edu.br,https://www.unicesumar.edu.br/english/,"['UniCesumar', 'Universidade Cesumar', 'University Center of Maringá', 'Universidade UniCesumar']",0,0,1,0
15585,FUNDACAO UNIVERSIDADE FEDERAL DA GRANDE DOURADOS,07.775.847/0001-97,Pessoa Jurídica de Direito Público - Federal,4504,FUNDAÇÃO UNIVERSIDADE FEDERAL DA GRANDE DOURADOS (UFGD),UFGD,(67) 3410 2711,www.ufgd.edu.br,reitoria@ufgd.edu.br,Rua João Rosa Góes - 1761 - CEP: 79825-070 - Vila Progresso,Dourados,MS,Universidade,EAD - Superior / Presencial - Superior /,Publica,Pública Federal,2005-08-01,3,2010.0,-,,4,2023.0,,,,Ativa,,10-s2.0-60080216,60080216,Universidade Federal da Grande Dourados,,http://www.ufgd.edu.br/,"['Federal University of Grande Dourados', 'Universidade Federal da Grande Dourados']",0,1,0,0
15019,"INSTITUTO FEDERAL DE EDUCACAO, CIENCIA E TECNOLOGIA DE MATO GROSSO DO SUL",10.673.078/0001-20,Pessoa Jurídica de Direito Público - Federal,15520,"INSTITUTO FEDERAL DE EDUCAÇÃO, CIÊNCIA E TECNOLOGIA DE MATO GROSSO DO SUL (IFMS)",IFMS,(67) 3378-9501,www.ifms.edu.br,reitoria@ifms.edu.br,Rua Ceará - 972 - CEP: 79021-000 - Santa Fé,Campo Grande,MS,"Instituto Federal de Educação, Ciência e Tecnologia",EAD - Superior / Presencial - Superior,Publica,Pública Federal,2008-12-30,4,2023.0,4,2014.0,3,2023.0,,,,Ativa,,10-s2.0-60271890,60271890,"Instituto Federal de Educação, Ciência e Tecnologia de Mato Grosso do Sul",ifms.edu.br,https://www.ifms.edu.br/,"['Instituto Federal de Educação, Ciência e Tecnologia de Mato Grosso do Sul', 'Federal Institute of Education, Science and Technology of Mato Grosso do Sul']",1,1,1,1
1204,PITAGORAS SISTEMA DE EDUCACAO SUPERIOR SOCIEDADE S.A.,03.239.470/0001-09,Privada com fins lucrativos,671,UNIVERSIDADE ANHANGUERA (UNIDERP),UNIDERP,(67) 3348-8000,,ddi@kroton.com.br; katia.parreiras@kroton.com.br,Rua Ceará - 333 - CEP: 79003-010 - Miguel Couto,Campo Grande,MS,Universidade,EAD - Superior / Presencial - Superior /,Privada,Privada com fins lucrativos,1976-09-06,3,2009.0,4,2022.0,3,2023.0,,,Unificação de Mantidas,Ativa,,10-s2.0-116798238,116798238,Universidade Anhanguera,,,['Universidade Anhanguera'],1,0,0,1
1204,PITAGORAS SISTEMA DE EDUCACAO SUPERIOR SOCIEDADE S.A.,03.239.470/0001-09,Privada com fins lucrativos,671,UNIVERSIDADE ANHANGUERA (UNIDERP),UNIDERP,(67) 3348-8000,,ddi@kroton.com.br; katia.parreiras@kroton.com.br,Rua Ceará - 333 - CEP: 79003-010 - Miguel Couto,Campo Grande,MS,Universidade,EAD - Superior / Presencial - Superior /,Privada,Privada com fins lucrativos,1976-09-06,3,2009.0,4,2022.0,3,2023.0,,,Unificação de Mantidas,Ativa,,10-s2.0-113560964,113560964,University Anhanguera,,,"['University Anhanguera', 'Universidade Anhanguera']",0,0,0,1
1204,PITAGORAS SISTEMA DE EDUCACAO SUPERIOR SOCIEDADE S.A.,03.239.470/0001-09,Privada com fins lucrativos,671,UNIVERSIDADE ANHANGUERA (UNIDERP),UNIDERP,(67) 3348-8000,,ddi@kroton.com.br; katia.parreiras@kroton.com.br,Rua Ceará - 333 - CEP: 79003-010 - Miguel Couto,Campo Grande,MS,Universidade,EAD - Superior / Presencial - Superior /,Privada,Privada com fins lucrativos,1976-09-06,3,2009.0,4,2022.0,3,2023.0,,,Unificação de Mantidas,Ativa,,10-s2.0-110455327,110455327,Universidade Anhanguera,,,"['Universidade Anhanguera', 'Faculdade Anhanguera', 'College Anhanguera', 'Anhanguera University Of Bauru', 'Anhanguera University']",1,0,0,1
1204,PITAGORAS SISTEMA DE EDUCACAO SUPERIOR SOCIEDADE S.A.,03.239.470/0001-09,Privada com fins lucrativos,671,UNIVERSIDADE ANHANGUERA (UNIDERP),UNIDERP,(67) 3348-8000,,ddi@kroton.com.br; katia.parreiras@kroton.com.br,Rua Ceará - 333 - CEP: 79003-010 - Miguel Couto,Campo Grande,MS,Universidade,EAD - Superior / Presencial - Superior /,Privada,Privada com fins lucrativos,1976-09-06,3,2009.0,4,2022.0,3,2023.0,,,Unificação de Mantidas,Ativa,,10-s2.0-129544802,129544802,Universidade Anhanguera,,,"['Universidade Anhanguera', 'Anhanguera University']",1,0,0,1
1204,PITAGORAS SISTEMA DE EDUCACAO SUPERIOR SOCIEDADE S.A.,03.239.470/0001-09,Privada com fins lucrativos,671,UNIVERSIDADE ANHANGUERA (UNIDERP),UNIDERP,(67) 3348-8000,,ddi@kroton.com.br; katia.parreiras@kroton.com.br,Rua Ceará - 333 - CEP: 79003-010 - Miguel Couto,Campo Grande,MS,Universidade,EAD - Superior / Presencial - Superior /,Privada,Privada com fins lucrativos,1976-09-06,3,2009.0,4,2022.0,3,2023.0,,,Unificação de Mantidas,Ativa,,10-s2.0-116794572,116794572,Universidade Anhanguera,,,"['Universidade Anhanguera', 'Universidad Anhanguera']",1,0,0,1
1204,PITAGORAS SISTEMA DE EDUCACAO SUPERIOR SOCIEDADE S.A.,03.239.470/0001-09,Privada com fins lucrativos,671,UNIVERSIDADE ANHANGUERA (UNIDERP),UNIDERP,(67) 3348-8000,,ddi@kroton.com.br; katia.parreiras@kroton.com.br,Rua Ceará - 333 - CEP: 79003-010 - Miguel Couto,Campo Grande,MS,Universidade,EAD - Superior / Presencial - Superior /,Privada,Privada com fins lucrativos,1976-09-06,3,2009.0,4,2022.0,3,2023.0,,,Unificação de Mantidas,Ativa,,10-s2.0-107961176,107961176,Universidade Anhanguera,,,"['Universidade Anhanguera', 'University Of Anhanguera', 'Universidade Anhanguera/unaes', 'Universidade Anhanguera.', 'Universidade Anhanguera-uniderp', 'Universidade Anhanguera - Uniderp', 'Universidade Anhanguera - Umiderp']",1,0,0,1
270,MISSAO SALESIANA DE MATO GROSSO,03.226.149/0001-81,Pessoa Jurídica de Direito Privado - Sem fins lucrativos - Associação de Utilidade Pública,387,UNIVERSIDADE CATÓLICA DOM BOSCO (UCDB),UCDB,(67) 3312 3339; (67) 3312 - 3300,www.ucdb.br,progex@ucdb.br,Avenida Tamandaré - 6000 - CEP: 79117-900 - Jardim Seminário,Campo Grande,MS,Universidade,EAD - Superior / Presencial - Superior /,Privada,Privada sem fins lucrativos,1961-11-24,5,2023.0,4,2013.0,4,2023.0,,,,Ativa,,10-s2.0-60002415,60002415,Universidade Catolica Dom Bosco,site.ucdb.br,https://site.ucdb.br/,"['Catholic University Dom Bosco', 'Universidade Catolica Dom Bosco', 'Dom Bosco Catholic University']",1,0,0,1
729,SECRETARIA DE ESTADO DE EDUCACAO DE MATO GROSSO DO SUL,02.585.924/0001-22,Pessoa Jurídica de Direito Público - Estadual,1028,UNIVERSIDADE ESTADUAL DE MATO GROSSO DO SUL (UEMS),UEMS,(67) 3902-2360,www.uems.br,cilene@uems.br;pi@uems.br,Cidade Universitária de Dourados - s/n - CEP: 79804-970 - Cidade Universitária,Dourados,MS,Universidade,EAD - Superior / Presencial - Superior /,Publica,Pública Estadual,1993-12-22,-,,4,2019.0,3,2023.0,,,,Ativa,,10-s2.0-60012368,60012368,Universidade Estadual de Mato Grosso do Sul,uems.br,,"['State University of Mato Grosso do Sul', 'Universidade Estadual de Mato Grosso do Sul']",1,0,1,1
462,FUNDACAO UNIVERSIDADE FEDERAL DE MATO GROSSO DO SUL,15.461.510/0001-33,Pessoa Jurídica de Direito Público - Federal,694,UNIVERSIDADE FEDERAL DE MATO GROSSO DO SUL (UFMS),UFMS,(67) 3345-7010 E/OU 3345-7017,www.ufms.br,reitoria@ufms.br,Av. Costa e Silva - s/n - CEP: 79070-900 - Cidade Universitária,Campo Grande,MS,Universidade,EAD - Superior / Presencial - Superior /,Publica,Pública Federal,1979-07-05,5,2023.0,5,2023.0,4,2023.0,,,,Ativa,,10-s2.0-60009160,60009160,Universidade Federal de Mato Grosso do Sul,ufms.br,https://www.ufms.br/,"['Federal University of Mato Grosso do Sul', 'Universidade Federal de Mato Grosso do Sul']",1,1,1,1
546,IEMAT SOCIEDADE EDUCACIONAL LTDA,02.485.183/0001-08,Pessoa Jurídica de Direito Privado - Sem fins lucrativos - Associação de Utilidade Pública,794,CENTRO UNIVERSITÁRIO DE VÁRZEA GRANDE (UNIVAG),UNIVAG,(65) 3688-6006,www.univag.edu.br,univag@univag.edu.br,Avenida Dom Orlando Chaves - 2655 - CEP: 78118-187 - Cristo Rei,Várzea Grande,MT,Centro Universitário,EAD - Superior / Presencial - Superior /,Privada,Privada sem fins lucrativos,1989-04-21,5,2023.0,5,2015.0,4,2023.0,,,Unificação de Mantidas,Ativa,,10-s2.0-60196703,60196703,Centro Universitario de Varzea Grande,univag.com.br,http://www.univag.com.br/,"['Centro Universitario de Varzea Grande', 'University Center of Várzea Grande']",1,0,0,1
546,IEMAT SOCIEDADE EDUCACIONAL LTDA,02.485.183/0001-08,Pessoa Jurídica de Direito Privado - Sem fins lucrativos - Associação de Utilidade Pública,794,CENTRO UNIVERSITÁRIO DE VÁRZEA GRANDE (UNIVAG),UNIVAG,(65) 3688-6006,www.univag.edu.br,univag@univag.edu.br,Avenida Dom Orlando Chaves - 2655 - CEP: 78118-187 - Cristo Rei,Várzea Grande,MT,Centro Universitário,EAD - Superior / Presencial - Superior /,Privada,Privada sem fins lucrativos,1989-04-21,5,2023.0,5,2015.0,4,2023.0,,,Unificação de Mantidas,Ativa,,10-s2.0-132943039,132943039,Centro Universitário de Várzea Grande (UNIVAG),,,[],1,0,0,0
1920,CENTRO DE EDUCACAO DO PANTANAL LTDA - EPP,05.168.856/0001-94,Privada com fins lucrativos,2961,Centro Universitário Estácio do Pantanal (Unipantanal),Unipantanal,,www.estacio.br,cgfapan@gmail.com;regulatorio.nacional@estacio.br,Av Avenida São Luiz - lado par - 2522 - CEP: 78201-000 - Cidade Nova,Cáceres,MT,Centro Universitário,EAD - Superior / Presencial - Superior /,Privada,Privada com fins lucrativos,2007-05-21,4,2022.0,4,2018.0,3,2023.0,,,,Ativa,,10-s2.0-60022378,60022378,Universidade Estacio de Sa,estacio.br,http://www.estacio.br,"['Estacio de Sa University', 'Universidade Estacio de Sa']",0,1,1,0
1920,CENTRO DE EDUCACAO DO PANTANAL LTDA - EPP,05.168.856/0001-94,Privada com fins lucrativos,2961,Centro Universitário Estácio do Pantanal (Unipantanal),Unipantanal,,www.estacio.br,cgfapan@gmail.com;regulatorio.nacional@estacio.br,Av Avenida São Luiz - lado par - 2522 - CEP: 78201-000 - Cidade Nova,Cáceres,MT,Centro Universitário,EAD - Superior / Presencial - Superior /,Privada,Privada com fins lucrativos,2007-05-21,4,2022.0,4,2018.0,3,2023.0,,,,Ativa,,10-s2.0-60003597,60003597,Universidade Estacio de Sa Faculdade de Medicina,estacio.br,http://www.estacio.br,"['Estacio de Sa University Faculty of Medicine', 'Universidade Estacio de Sa Faculdade de Medicina']",0,1,1,0
417,SOCIEDADE PORVIR CIENTIFICO,92.741.990/0001-37,Privada sem fins lucrativos,1936,CENTRO UNIVERSITÁRIO LA SALLE (UNILASALLE - LUCAS),UNILASALLE - LUCAS,(65)3549-7300,www.unilasalle.edu.br/lucas,marcos.corbellini@lasalle.edu.br;orlandi@faculdadelasalle.edu.br,Avenida Universitária - 1000W - CEP: 78455-000 - Parque das Emas,Lucas do Rio Verde,MT,Centro Universitário,Presencial - Superior,Privada,Privada sem fins lucrativos,2001-12-10,5,2018.0,-,,3,2023.0,,,,Ativa,,10-s2.0-114707651,114707651,Centro Universitário La Salle,,,"['Centro Universitário La Salle', 'Centro Universitário La Salle-unilasalle']",1,0,0,1
417,SOCIEDADE PORVIR CIENTIFICO,92.741.990/0001-37,Privada sem fins lucrativos,1936,CENTRO UNIVERSITÁRIO LA SALLE (UNILASALLE - LUCAS),UNILASALLE - LUCAS,(65)3549-7300,www.unilasalle.edu.br/lucas,marcos.corbellini@lasalle.edu.br;orlandi@faculdadelasalle.edu.br,Avenida Universitária - 1000W - CEP: 78455-000 - Parque das Emas,Lucas do Rio Verde,MT,Centro Universitário,Presencial - Superior,Privada,Privada sem fins lucrativos,2001-12-10,5,2018.0,-,,3,2023.0,,,,Ativa,,10-s2.0-114955220,114955220,Centro Universitário La Salle (Unilasalle),,,"['Centro Universitário La Salle (unilasalle)', 'Centro Universitário La Salle-unilasalle', 'Centro Universitário La Salle - Unilasalle']",1,0,0,1
417,SOCIEDADE PORVIR CIENTIFICO,92.741.990/0001-37,Privada sem fins lucrativos,1936,CENTRO UNIVERSITÁRIO LA SALLE (UNILASALLE - LUCAS),UNILASALLE - LUCAS,(65)3549-7300,www.unilasalle.edu.br/lucas,marcos.corbellini@lasalle.edu.br;orlandi@faculdadelasalle.edu.br,Avenida Universitária - 1000W - CEP: 78455-000 - Parque das Emas,Lucas do Rio Verde,MT,Centro Universitário,Presencial - Superior,Privada,Privada sem fins lucrativos,2001-12-10,5,2018.0,-,,3,2023.0,,,,Ativa,,10-s2.0-107126299,107126299,Centro Universitário Unilasalle,,,"['Centro Universitário Unilasalle', 'Centro Universitario La Salle (unilasalle)']",0,0,0,1
417,SOCIEDADE PORVIR CIENTIFICO,92.741.990/0001-37,Privada sem fins lucrativos,1936,CENTRO UNIVERSITÁRIO LA SALLE (UNILASALLE - LUCAS),UNILASALLE - LUCAS,(65)3549-7300,www.unilasalle.edu.br/lucas,marcos.corbellini@lasalle.edu.br;orlandi@faculdadelasalle.edu.br,Avenida Universitária - 1000W - CEP: 78455-000 - Parque das Emas,Lucas do Rio Verde,MT,Centro Universitário,Presencial - Superior,Privada,Privada sem fins lucrativos,2001-12-10,5,2018.0,-,,3,2023.0,,,,Ativa,,10-s2.0-112876689,112876689,Centro Universitário La Salle,,,"['Centro Universitário La Salle', 'Centro Universitário La Salle - Unilasalle', 'Centro Universitário Lasalle', 'Centro Universitario La Salle']",1,0,0,2
417,SOCIEDADE PORVIR CIENTIFICO,92.741.990/0001-37,Privada sem fins lucrativos,1936,CENTRO UNIVERSITÁRIO LA SALLE (UNILASALLE - LUCAS),UNILASALLE - LUCAS,(65)3549-7300,www.unilasalle.edu.br/lucas,marcos.corbellini@lasalle.edu.br;orlandi@faculdadelasalle.edu.br,Avenida Universitária - 1000W - CEP: 78455-000 - Parque das Emas,Lucas do Rio Verde,MT,Centro Universitário,Presencial - Superior,Privada,Privada sem fins lucrativos,2001-12-10,5,2018.0,-,,3,2023.0,,,,Ativa,,10-s2.0-111165730,111165730,Centro Universitário La Salle,,,"['Centro Universitário La Salle', 'Centro Universitário Lasalle', 'Centro Universitário La Salle/unilasalle', 'Centro Universitário La Salle Canoas', 'Centro Universitário La Salle (unilasalle)', 'Centro Universitario La Salle']",1,0,0,3
14514,EDITORA E DISTRIBUIDORA EDUCACIONAL S/A,38.733.648/0001-40,Privada com fins lucrativos,1233,CENTRO UNIVERSITÁRIO UNIC,-,(31) 98799-7502,www.unic.br,edivania.ricardo@kroton.com.br; ddi@kroton.com.br;,Avenida Historiador Rubens de Mendonça - 3300 - CEP: 78050-280 - Jardim Aclimação,Cuiabá,MT,Centro Universitário,Presencial - Superior,Privada,Privada com fins lucrativos,1988-08-25,4,2023.0,4,2019.0,3,2023.0,,,Suspensão de autonomia para EAD,Ativa,,10-s2.0-60026686,60026686,Universidade de Cuiaba,unic.br,http://www.unic.br,"['University of Cuiaba', 'Universidade de Cuiaba']",0,1,1,0
14514,EDITORA E DISTRIBUIDORA EDUCACIONAL S/A,38.733.648/0001-40,Privada com fins lucrativos,2973,FACULDADE ANHANGUERA DE PRIMAVERA DO LESTE (FIPL),FIPL,(66) 3498 4605,http://www.unic.br,ddi@kroton.com.br;danielle.fnonato@cogna.com.br,Avenida Paulo Cezar Pereira Aranda - 241 - CEP: 78850-000 - Jardim Riva,Primavera do Leste,MT,Faculdade,Presencial - Superior,Privada,Privada com fins lucrativos,2004-12-08,4,2023.0,-,,3,2023.0,,,Unificação de Mantidas,Ativa,,10-s2.0-60026686,60026686,Universidade de Cuiaba,unic.br,http://www.unic.br,"['University of Cuiaba', 'Universidade de Cuiaba']",0,1,1,0
1270,SOCIEDADE EDUCACIONAL UNIFAS S/C LTDA - ME,04.051.404/0001-65,Privada com fins lucrativos,1934,Faculdade FASIPE (FASIPE),FASIPE,(66) 3517-1320,www.fasipe.com.br,deivison@fasipe.com.br; adrianor2003@hotmail.com; contadoraanaflavia@hotmail.com,Avenida Magda de Cássia Pissinatti - 69 - CEP: 78555-392 - Residencial Florença,Sinop,MT,Faculdade,Presencial - Superior,Privada,Privada com fins lucrativos,2001-12-06,5,2023.0,-,,3,2023.0,,,,Ativa,,10-s2.0-117478288,117478288,Faculdade Fasipe,,,['Faculdade Fasipe'],1,0,0,1
9061,INSTITUTO FEDERAL DE MATO GROSSO,10.784.782/0001-50,Pessoa Jurídica de Direito Público - Federal,3164,"INSTITUTO FEDERAL DE EDUCAÇÃO, CIÊNCIA E TECNOLOGIA DE MATO GROSSO (IFMT)",IFMT,(65) 3616-4100,www.ifmt.edu.br,gabinete@ifmt.edu.br,Avenida Senador Filinto Müller - 953 - CEP: 78043-400 - Duque de Caxias II,Cuiabá,MT,"Instituto Federal de Educação, Ciência e Tecnologia",EAD - Superior / Presencial - Superior /,Publica,Pública Federal,1909-12-31,3,2016.0,5,2021.0,3,2023.0,,,,Ativa,,10-s2.0-60069362,60069362,"Instituto Federal de Educação, Ciência e Tecnologia de Mato Grosso",ifmt.edu.br,http://ifmt.edu.br/inicio/,[],1,0,1,0
1204,PITAGORAS SISTEMA DE EDUCACAO SUPERIOR SOCIEDADE S.A.,03.239.470/0001-09,Privada com fins lucrativos,780,UNIVERSIDADE DE CUIABÁ (UNIC/UNIME),UNIC/UNIME,(31) 98799-7502,www.unic.br,edivania.ricardo@kroton.com.br; ddi@kroton.com.br,Avenida Manoel José de Arruda - 3100 - CEP: 78065-900 - Jardim Europa,Cuiabá,MT,Universidade,EAD - Superior / Presencial - Superior /,Privada,Privada com fins lucrativos,1988-02-29,5,2023.0,5,2018.0,3,2023.0,,,,Ativa,,10-s2.0-60026686,60026686,Universidade de Cuiaba,unic.br,http://www.unic.br,"['University of Cuiaba', 'Universidade de Cuiaba']",1,1,1,1
482,FUNDACAO UNIVERSIDADE DO ESTADO DE MATO GROSSO,01.367.770/0001-30,Pessoa Jurídica de Direito Público - Estadual,719,Universidade do Estado de Mato Grosso Carlos Alberto Reyes Maldonado - UNEMAT (UNEMAT),UNEMAT,(65) 3221 0000,www.unemat.br,reitoriaunemat@unemat.br; regulacao@unemat.br,Avenida Tancredo Neves 1095 - 1095 - CEP: 78217-900 - Cavalhada III,Cáceres,MT,Universidade,EAD - Superior / Presencial - Superior /,Publica,Pública Estadual,1978-07-20,-,,4,2014.0,3,2023.0,,,,Ativa,,10-s2.0-60029442,60029442,Universidade do Estado de Mato Grosso,unemat.br,https://unemat.br/,"['Mato Grosso State University', 'Universidade do Estado de Mato Grosso']",0,1,1,0
1,FUNDACAO UNIVERSIDADE FEDERAL DE MATO GROSSO,33.004.540/0001-00,Pessoa Jurídica de Direito Público - Federal,1,UNIVERSIDADE FEDERAL DE MATO GROSSO (UFMT),UFMT,(65) 3615 8302,www.ufmt.br,ufmt@ufmt.br,Avenida Fernando Correa da Costa - 2367 - CEP: 78060-900 - Boa Esperança,Cuiabá,MT,Universidade,EAD - Superior / Presencial - Superior /,Publica,Pública Federal,1970-12-14,4,2023.0,4,2013.0,4,2023.0,,,,Ativa,,10-s2.0-60001701,60001701,Universidade Federal de Mato Grosso,ufmt.br,http://www.ufmt.br,"['Federal University of Mato Grosso', 'Universidade Federal de Mato Grosso']",1,1,1,1
1,FUNDACAO UNIVERSIDADE FEDERAL DE MATO GROSSO,33.004.540/0001-00,Pessoa Jurídica de Direito Público - Federal,1,UNIVERSIDADE FEDERAL DE MATO GROSSO (UFMT),UFMT,(65) 3615 8302,www.ufmt.br,ufmt@ufmt.br,Avenida Fernando Correa da Costa - 2367 - CEP: 78060-900 - Boa Esperança,Cuiabá,MT,Universidade,EAD - Superior / Presencial - Superior /,Publica,Pública Federal,1970-12-14,4,2023.0,4,2013.0,4,2023.0,,,,Ativa,,10-s2.0-106580556,106580556,Universidade Federal de Mato Grosso,,,"['Universidade Federal De Mato Grosso', 'Universidade Federalde Mato Grosso', 'Universidade Federal De Matogrosso', 'Universidade Federal De Mato Grossodo Sul', 'Universidade Federal De Mato Grosso Sul', 'Universidade Federal De Mato Grosso De Sul', 'Universidade Federal De Emato Grosso Do Sul', 'Universidade Fed. De Mato G. Do S.', 'Universidad Federal Del Mato Grosso Do Sul', 'Universidad Federal De Mato Grosso Del Sur']",1,0,0,1
17853,UNIVERSIDADE FEDERAL DE RONDONOPOLIS,35.854.176/0001-95,Pessoa Jurídica de Direito Público - Federal,25352,Universidade Federal de Rondonópolis (UFR),UFR,66-3410-4081,https://ufr.edu.br/,reitoria@ufr.edu.br,Av Avenida dos Estudantes - 5055 - CEP: 78736-900 - Cidade Universitária,Rondonópolis,MT,Universidade,EAD - Superior / Presencial - Superior,Publica,Pública Federal,2018-03-21,4,2024.0,-,,4,2023.0,,,,Ativa,,10-s2.0-60276626,60276626,Universidade Federal de Rondonópolis,ufr.edu.br,https://ufr.edu.br/,"['Universidade Federal de Rondonópolis', 'Federal University of Rondonópolis']",1,1,1,1
2447,INSTITUTO CAMPINENSE DE ENSINO SUPERIOR LTDA,05.933.016/0001-70,Privada com fins lucrativos,757,Centro Universitário da Amazônia (Unama),Unama,(81) 3413-4611,www.unama.br,emec@sereducacional.com,Rua Rosa Vermelha - 335 - CEP: 68010-200 - Aeroporto Velho,Santarém,PA,Centro Universitário,EAD - Superior / Presencial - Superior /,Privada,Privada com fins lucrativos,1998-12-24,4,2023.0,4,2021.0,3,2023.0,,,,Ativa,,10-s2.0-60025448,60025448,Universidade da Amazonia,unama.br,http://www.unama.br,"['University of Amazon', 'Universidade da Amazonia']",0,1,1,0
544,ASSOCIACAO CULTURAL E EDUCACIONAL DO PARA,15.254.949/0001-95,Privada sem fins lucrativos,792,CENTRO UNIVERSITÁRIO DO ESTADO DO PARÁ (CESUPA),CESUPA,(91) 4009-2100 / 4009-9100,www.cesupa.br,cesupa@cesupa.br,Avenida Governador José Malcher - 1963 - CEP: 66060-232 - São Brás,Belém,PA,Centro Universitário,EAD - Superior / Presencial - Superior /,Privada,Privada sem fins lucrativos,1989-01-06,5,2014.0,5,2019.0,4,2023.0,,,Adesão ao PROIES,Ativa,,10-s2.0-60194535,60194535,Centro Universitário do Estado do Pará,cesupa.br,https://www.cesupa.br/,"['Centro Universitário do Estado do Pará', 'Associação Cultural e Educacional do Pará', 'University Center of the State of Pará']",1,1,1,1
770,"INSTITUTO EURO-AMERICANO DE EDUCACAO, CIENCIA E TECNOLOGIA S.A.",37.174.034/0001-02,Privada com fins lucrativos,4450,CENTRO UNIVERSITÁRIO METROPOLITANO DA AMAZÔNIA (UNIFAMAZ),UNIFAMAZ,(91)3222 7559 (91)3222 7560,www.famaz.edu.br,adriana@famaz.edu.br;ntae@ceuma.br;pesquisador@ceuma.br,Avenida Visconde de Souza Franco - 72 - CEP: 66053-000 - Reduto,Belém,PA,Centro Universitário,Presencial - Superior,Privada,Privada com fins lucrativos,2007-08-20,4,2018.0,-,,4,2023.0,,,,Ativa,,10-s2.0-123189530,123189530,Centro Universitário Metropolitano da Amazônia,,,[],1,0,0,0
1865,UNEMPE - UNIAO EMPRESARIAL EDUCACIONAL LTDA,05.054.371/0001-70,Privada com fins lucrativos,2859,FACULDADE DE BELÉM (FABEL),FABEL,(91) 3201 1318,www.fabelnet.com.br,fabel@fabelnet.com.br;diretoria@fabelnet.com.br;fabriziobordallo@gmail.com,Travessa Humaitá - 2412 - CEP: 66093-047 - Marco,Belém,PA,Faculdade,Presencial - Superior,Privada,Privada com fins lucrativos,2004-03-18,4,2019.0,-,,3,2023.0,,,,Ativa,,10-s2.0-128470409,128470409,Faculdade de Belém,,,['Faculdade De Belém'],1,0,0,1
1368,CENTRO DE ESTUDOS SUPERIORES DE ITAITUBA LTDA - ME,04.365.725/0001-34,Privada com fins lucrativos,2079,FACULDADE DE ITAITUBA (FAI),FAI,(93) 991957350,www.unifaitb.edu.br ou faculdadedeitaituba.com.br,fai@unifaitb.edu.br,Avenida Fernando Guilhon - 895 - CEP: 68180-110 - Jardim das Araras,Itaituba,PA,Faculdade,Presencial - Superior,Privada,Privada com fins lucrativos,2003-09-16,3,2018.0,-,,3,2023.0,,,,Ativa,,10-s2.0-101895261,101895261,Faculdade de Itaituba,,,['Faculdade De Itaituba'],1,0,0,1
545,"IREP SOCIEDADE DE ENSINO SUPERIOR, MEDIO E FUNDAMENTAL LTDA.",02.608.755/0001-07,Privada com fins lucrativos,24687,FACULDADE DE MEDICINA ESTÁCIO DE CASTANHAL (ESTÁCIO FMEC),ESTÁCIO FMEC,,WWW.ESTACIO.BR,cgfmec@gmail.com;regulatorio.nacional@estacio.br,Avenida dos Universitários - 500 - CEP: 68746-360 - SANTA LIDIA,Castanhal,PA,Faculdade,Presencial - Superior,Privada,Privada com fins lucrativos,2021-03-03,5,2024.0,-,,-,,,,,Ativa,,10-s2.0-60022378,60022378,Universidade Estacio de Sa,estacio.br,http://www.estacio.br,"['Estacio de Sa University', 'Universidade Estacio de Sa']",0,1,1,0
545,"IREP SOCIEDADE DE ENSINO SUPERIOR, MEDIO E FUNDAMENTAL LTDA.",02.608.755/0001-07,Privada com fins lucrativos,24687,FACULDADE DE MEDICINA ESTÁCIO DE CASTANHAL (ESTÁCIO FMEC),ESTÁCIO FMEC,,WWW.ESTACIO.BR,cgfmec@gmail.com;regulatorio.nacional@estacio.br,Avenida dos Universitários - 500 - CEP: 68746-360 - SANTA LIDIA,Castanhal,PA,Faculdade,Presencial - Superior,Privada,Privada com fins lucrativos,2021-03-03,5,2024.0,-,,-,,,,,Ativa,,10-s2.0-60003597,60003597,Universidade Estacio de Sa Faculdade de Medicina,estacio.br,http://www.estacio.br,"['Estacio de Sa University Faculty of Medicine', 'Universidade Estacio de Sa Faculdade de Medicina']",0,1,1,0
12668,FACULDADE DOS CARAJAS EIRELI,08.907.203/0001-78,Privada com fins lucrativos,13728,FACULDADE DOS CARAJÁS,-,(94) 3322-5600/(94) 981910090,www.carajaseducacional.com.br,alexandre@carajasedu.com.br; laicelazera@carajasedu.com.br,"FOLHA 32 QD.16 LOTE, - 02 - CEP: 68508-150 - NOVA MARABÁ",Marabá,PA,Faculdade,Presencial - Superior,Privada,Privada com fins lucrativos,2015-03-09,4,2022.0,-,,3,2023.0,,,,Ativa,,10-s2.0-120280627,120280627,Faculdade dos Carajás,,,['Faculdade Dos Carajás'],1,0,0,1
545,"IREP SOCIEDADE DE ENSINO SUPERIOR, MEDIO E FUNDAMENTAL LTDA.",02.608.755/0001-07,Privada com fins lucrativos,2036,Faculdade Estácio do Pará - Estácio FAP (ESTÁCIO FAP),ESTÁCIO FAP,,www.estacio.br,cgfappa@gmail.com;regulatorio.nacional@estacio.br,Rua Municipalidade - 839 - CEP: 66050-350 - Reduto,Belém,PA,Faculdade,Presencial - Superior,Privada,Privada com fins lucrativos,2002-06-21,5,2023.0,-,,3,2023.0,,,,Ativa,,10-s2.0-60022378,60022378,Universidade Estacio de Sa,estacio.br,http://www.estacio.br,"['Estacio de Sa University', 'Universidade Estacio de Sa']",0,1,1,0
545,"IREP SOCIEDADE DE ENSINO SUPERIOR, MEDIO E FUNDAMENTAL LTDA.",02.608.755/0001-07,Privada com fins lucrativos,2036,Faculdade Estácio do Pará - Estácio FAP (ESTÁCIO FAP),ESTÁCIO FAP,,www.estacio.br,cgfappa@gmail.com;regulatorio.nacional@estacio.br,Rua Municipalidade - 839 - CEP: 66050-350 - Reduto,Belém,PA,Faculdade,Presencial - Superior,Privada,Privada com fins lucrativos,2002-06-21,5,2023.0,-,,3,2023.0,,,,Ativa,,10-s2.0-60003597,60003597,Universidade Estacio de Sa Faculdade de Medicina,estacio.br,http://www.estacio.br,"['Estacio de Sa University Faculty of Medicine', 'Universidade Estacio de Sa Faculdade de Medicina']",0,1,1,0
1098,FUNDACAO ESPERANCA,05.409.222/0001-86,Privada sem fins lucrativos,1672,INSTITUTO ESPERANÇA DE ENSINO SUPERIOR (IESPES),IESPES,(93) 3529 1760/ (93) 3529 1762,www.iespes.com.br,direcao@iespes.edu.br,Rua Coaracy Nunes - 3315 - CEP: 68040-100 - Caranazal,Santarém,PA,Faculdade,Presencial - Superior,Privada,Privada sem fins lucrativos,2001-03-20,4,2019.0,4,2019.0,3,2023.0,,,,Ativa,,10-s2.0-115897653,115897653,Instituto Esperança de Ensino Superior,,,[],1,0,0,0
5002,"INSTITUTO FEDERAL DE EDUCACAO,CIENCIA E TECNOLOGIA DO PARA",10.763.998/0001-30,Pessoa Jurídica de Direito Público - Federal,1813,"INSTITUTO FEDERAL DE EDUCAÇÃO, CIÊNCIA E TECNOLOGIA DO PARÁ (IFPA)",IFPA,(91) 3342-0554,www.ifpa.edu.br,gabinete.reitoria@ifpa.edu.br,Avenida João Paulo II - 514 - CEP: 66840-690 - Castanheira,Belém,PA,"Instituto Federal de Educação, Ciência e Tecnologia",EAD - Superior / Presencial - Superior /,Publica,Pública Federal,1999-03-23,4,2018.0,-,,3,2023.0,,,,Ativa,,10-s2.0-60101665,60101665,"Instituto Federal de Educação, Ciéncia e Tecnologia do Pará",,http://www.ifpa.edu.br/,"['Instituto Federal de Educação, Ciéncia e Tecnologia do Pará']",1,1,0,1
2447,INSTITUTO CAMPINENSE DE ENSINO SUPERIOR LTDA,05.933.016/0001-70,Privada com fins lucrativos,383,UNIVERSIDADE DA AMAZÔNIA (UNAMA),UNAMA,(81) 3413-4611,www.unama.br,emec@sereducacional.com,Avenida Alcindo Cacela - 287 - CEP: 66060-902 - Umarizal,Belém,PA,Universidade,EAD - Superior / Presencial - Superior /,Privada,Privada com fins lucrativos,1974-06-20,5,2023.0,5,2017.0,3,2023.0,,,Unificação de Mantidas,Ativa,,10-s2.0-60025448,60025448,Universidade da Amazonia,unama.br,http://www.unama.br,"['University of Amazon', 'Universidade da Amazonia']",1,1,1,1
34,UNIVERSIDADE DO ESTADO DO PARA UEP,34.860.833/0001-44,Pessoa Jurídica de Direito Público - Estadual,38,UNIVERSIDADE DO ESTADO DO PARÁ (UEPA),UEPA,(91)32849602,www.uepa.br,gabinete@uepa.br,Travessa Djalma Dutra - S/N - CEP: 66113-010 - Telégrafo Sem Fio,Belém,PA,Universidade,EAD - Superior / Presencial - Superior /,Publica,Pública Estadual,1993-05-18,-,,3,2014.0,SC,2014.0,,,,Ativa,,10-s2.0-60009997,60009997,"Universidade do Estado do Para, Faculdade de Medicina",www2.uepa.br,,"['Para State University, Faculty of Medicine', 'Universidade do Estado do Para, Faculdade de Medicina']",0,0,1,0
34,UNIVERSIDADE DO ESTADO DO PARA UEP,34.860.833/0001-44,Pessoa Jurídica de Direito Público - Estadual,38,UNIVERSIDADE DO ESTADO DO PARÁ (UEPA),UEPA,(91)32849602,www.uepa.br,gabinete@uepa.br,Travessa Djalma Dutra - S/N - CEP: 66113-010 - Telégrafo Sem Fio,Belém,PA,Universidade,EAD - Superior / Presencial - Superior /,Publica,Pública Estadual,1993-05-18,-,,3,2014.0,SC,2014.0,,,,Ativa,,10-s2.0-60020776,60020776,Universidade do Estado do Para,uepa.br,https://www.uepa.br/en/pagina/university,"['Para State University', 'Universidade do Estado do Para', 'State University of Pará']",1,0,1,1
14677,UNIVERSIDADE FEDERAL DO OESTE DO PARA,11.118.393/0001-59,Pessoa Jurídica de Direito Público - Federal,15059,UNIVERSIDADE FEDERAL DO OESTE DO PARÁ (UFOPA),UFOPA,9321014911.21014918.21016522,www.ufopa.edu.br,regulacaodecurso.proen@ufopa.edu.br; reitoria@ufopa.edu.br,Avenida Vera Paz - s/n - CEP: 68040-255 - Salé,Santarém,PA,Universidade,EAD - Superior / Presencial - Superior /,Publica,Pública Federal,2009-11-06,4,2016.0,3,2023.0,4,2023.0,,,,Ativa,,10-s2.0-60194533,60194533,Universidade Federal do Oeste do Pará,ufopa.edu.br,http://www.ufopa.edu.br/ufopa/,"['Universidade Federal do Oeste do Pará', 'Federal University of Western Pará']",1,0,1,1
15509,UNIVERSIDADE FEDERAL DO PARA,34.621.748/0001-23,Pessoa Jurídica de Direito Público - Federal,569,UNIVERSIDADE FEDERAL DO PARÁ (UFPA),UFPA,(91)32017112,www.ufpa.br,reitor@ufpa.br;dinfi@ufpa.br;cpa.ufpa@gmail.com;pi@ufpa.br,RUA AUGUSTO CORREA - 01 - CEP: 66075-110 - GUAMÁ,Belém,PA,Universidade,EAD - Superior / Presencial - Superior /,Publica,Pública Federal,1957-07-02,4,2014.0,3,2013.0,4,2023.0,,,,Ativa,,10-s2.0-60001890,60001890,Universidade Federal do Pará,ufpa.br,https://portal.ufpa.br/,"['Federal University of Para', 'Universidade Federal do Para', 'Federal University of Pará', 'Universidade Federal do Pará']",1,0,1,2
16047,UNIVERSIDADE FEDERAL DO SUL E SUDESTE DO PARA - UNIFESSPA,18.657.063/0001-80,Pessoa Jurídica de Direito Público - Federal,18440,UNIVERSIDADE FEDERAL DO SUL E SUDESTE DO PARÁ (UNIFESSPA),UNIFESSPA,(094)21017100;(094)8112999,www.unifesspa.edu.br,gabinete@unifesspa.edu.br,"Folha 31, Quadra 7, Lote Especial s/n - 7 - CEP: 68507-670 - Nova Marabá",Marabá,PA,Universidade,EAD - Superior / Presencial - Superior,Publica,Pública Federal,2013-06-06,4,2019.0,-,,4,2023.0,,,,Ativa,,10-s2.0-116386038,116386038,Universidade Federal do Sul-Sudeste do Pará (UNIFESSPA),,,"['Universidade Federal do Sul e Sudeste do Pará (UNIFESSPA)', 'Universidade Federal do Sul e Sudeste do Pará - Unifesspa', 'Universidade Federal do Sul-Sudeste do Pará (UNIFESSPA)']",0,0,0,1
16047,UNIVERSIDADE FEDERAL DO SUL E SUDESTE DO PARA - UNIFESSPA,18.657.063/0001-80,Pessoa Jurídica de Direito Público - Federal,18440,UNIVERSIDADE FEDERAL DO SUL E SUDESTE DO PARÁ (UNIFESSPA),UNIFESSPA,(094)21017100;(094)8112999,www.unifesspa.edu.br,gabinete@unifesspa.edu.br,"Folha 31, Quadra 7, Lote Especial s/n - 7 - CEP: 68507-670 - Nova Marabá",Marabá,PA,Universidade,EAD - Superior / Presencial - Superior,Publica,Pública Federal,2013-06-06,4,2019.0,-,,4,2023.0,,,,Ativa,,10-s2.0-60109298,60109298,Universidade Federal do Sul e Sudeste do Pará,,https://www.unifesspa.edu.br/,['Universidade Federal do Sul e Sudeste do Pará'],1,1,0,1
16350,UNIVERSIDADE FEDERAL RURAL DA AMAZONIA,05.200.001/0001-01,Pessoa Jurídica de Direito Público - Federal,590,UNIVERSIDADE FEDERAL RURAL DA AMAZÔNIA (UFRA),UFRA,(91) 992039881 / 992061044,www.ufra.edu.br,dra@ufra.edu.br; adriano.gama@ufra.edu.br; reitoria@ufra.edu.br,Avenida Presidente Tancredo Neves - 2501 - CEP: 66077-580 - Terra Firme,Belém,PA,Universidade,EAD - Superior / Presencial - Superior /,Publica,Pública Federal,1945-12-05,5,2023.0,4,2015.0,4,2023.0,,,,Ativa,,10-s2.0-113273778,113273778,Universidade Federal da Amazônia,,,"['Universidade Federal Da Amazônia', 'Universidade Federal Rural Da Amazonia']",0,0,0,1
16350,UNIVERSIDADE FEDERAL RURAL DA AMAZONIA,05.200.001/0001-01,Pessoa Jurídica de Direito Público - Federal,590,UNIVERSIDADE FEDERAL RURAL DA AMAZÔNIA (UFRA),UFRA,(91) 992039881 / 992061044,www.ufra.edu.br,dra@ufra.edu.br; adriano.gama@ufra.edu.br; reitoria@ufra.edu.br,Avenida Presidente Tancredo Neves - 2501 - CEP: 66077-580 - Terra Firme,Belém,PA,Universidade,EAD - Superior / Presencial - Superior /,Publica,Pública Federal,1945-12-05,5,2023.0,4,2015.0,4,2023.0,,,,Ativa,,10-s2.0-60012776,60012776,Universidade Federal Rural da Amazonia,ufra.edu.br,http://www.ufra.edu.br,"['Federal Rural University of the Amazon', 'Universidade Federal Rural da Amazonia']",1,1,1,1
245,IPE EDUCACIONAL LTDA,08.679.557/0001-02,Privada com fins lucrativos,352,CENTRO UNIVERSITÁRIO DE JOÃO PESSOA (UNIPÊ),UNIPÊ,(83) 2106 9202,www.unipe.edu.br,proac@unipe.edu.br; mariana.brito@unipe.edu.br,Rodovia BR-230 - 1957 - CEP: 58053-002 - Água Fria,João Pessoa,PB,Centro Universitário,EAD - Superior / Presencial - Superior /,Privada,Privada com fins lucrativos,1973-08-03,5,2018.0,5,2019.0,3,2023.0,,,,Ativa,,10-s2.0-60021481,60021481,Centro Universitario de Joao Pessoa,unipe.br,http://www.unipe.br,['Centro Universitario de Joao Pessoa'],1,0,0,1
891,CESED - CENTRO DE ENSINO SUPERIOR E DESENVOLVIMENTO LTDA,02.108.023/0001-40,Privada com fins lucrativos,1334,CENTRO UNIVERSITÁRIO FACISA (UNIFACISA),UNIFACISA,(83)98802-6924,www.unifacisa.edu.br,albanisa.raposo@unifacisa.edu.br,Avenida Senador Argemiro de Figueiredo - 1901 - CEP: 58411-020 - Itararé,Campina Grande,PB,Centro Universitário,EAD - Superior / Presencial - Superior /,Privada,Privada com fins lucrativos,1999-06-29,4,2023.0,5,2020.0,3,2023.0,,,,Ativa,,10-s2.0-120887781,120887781,Centro Universitário Facisa,,,"['Centro Universitário Facisa', 'Centro Universitário', 'Unifacisa – Centro Universitário', 'Facisa – Centro Universitário', 'Centro Universitário Facisa – Investigação Experimental', 'Centro Universitário Facisa – Hospital Das Clínicas', 'Centro Universitário Facisa (unifacisa)', 'Centro Universitario']",1,0,0,2
1158,ESCOLA DE ENFERMAGEM NOVA ESPERANCA LTDA,02.949.141/0001-80,Privada com fins lucrativos,1753,FACULDADE DE ENFERMAGEM NOVA ESPERANÇA (FACENE),FACENE,(83) 2106-4777,www.facene.com.br,facene@facene.com.br,Av. Frei Galvão - 12 - CEP: 58067-695 - Gramame,João Pessoa,PB,Faculdade,EAD - Superior / Presencial - Superior /,Privada,Privada com fins lucrativos,2001-07-09,5,2025.0,4,2021.0,4,2023.0,,,,Ativa,,10-s2.0-108939428,108939428,Faculdade de Enfermagem Nova Esperança,,,"['Faculdade De Enfermagem E De Medicina Nova Esperança', 'Faculdade De Enfermagem Nova Esperança', 'Faculdade De Enfermagem Nova Esperança De Mossoró (facene)', 'Faculdade De Enfermagem E Medicina Nova Esperança', 'Faculdade Nova Esperança – Facene/rn', 'Faculdade Nova Esperança (facene)', 'Faculdade Nova Esperança', 'Faculdade De Enfermagem E De Medicina Nova Esperança (facene)']",1,0,0,1
1158,ESCOLA DE ENFERMAGEM NOVA ESPERANCA LTDA,02.949.141/0001-80,Privada com fins lucrativos,1753,FACULDADE DE ENFERMAGEM NOVA ESPERANÇA (FACENE),FACENE,(83) 2106-4777,www.facene.com.br,facene@facene.com.br,Av. Frei Galvão - 12 - CEP: 58067-695 - Gramame,João Pessoa,PB,Faculdade,EAD - Superior / Presencial - Superior /,Privada,Privada com fins lucrativos,2001-07-09,5,2025.0,4,2021.0,4,2023.0,,,,Ativa,,10-s2.0-107762840,107762840,Faculdade de Enfermagem Nova Esperança,,,[],1,0,0,0
1158,ESCOLA DE ENFERMAGEM NOVA ESPERANCA LTDA,02.949.141/0001-80,Privada com fins lucrativos,1995,FACULDADE DE MEDICINA NOVA ESPERANÇA (FAMENE),FAMENE,(83) 2106-4777,www.famene.com.br,facene@facene.com.br,Av. Frei Galvão - 12 - CEP: 58067-695 - Gramame,João Pessoa,PB,Faculdade,Presencial - Superior,Privada,Privada com fins lucrativos,2004-07-12,5,2024.0,-,,3,2023.0,,,,Ativa,,10-s2.0-112956481,112956481,Faculdade de Medicina Nova Esperança (FAMENE),,,[],1,0,0,0
1158,ESCOLA DE ENFERMAGEM NOVA ESPERANCA LTDA,02.949.141/0001-80,Privada com fins lucrativos,1995,FACULDADE DE MEDICINA NOVA ESPERANÇA (FAMENE),FAMENE,(83) 2106-4777,www.famene.com.br,facene@facene.com.br,Av. Frei Galvão - 12 - CEP: 58067-695 - Gramame,João Pessoa,PB,Faculdade,Presencial - Superior,Privada,Privada com fins lucrativos,2004-07-12,5,2024.0,-,,3,2023.0,,,,Ativa,,10-s2.0-116674931,116674931,Faculdade de Medicina Nova Esperança,,,['Faculdade De Medicina Nova Esperança'],1,0,0,1
1158,ESCOLA DE ENFERMAGEM NOVA ESPERANCA LTDA,02.949.141/0001-80,Privada com fins lucrativos,1995,FACULDADE DE MEDICINA NOVA ESPERANÇA (FAMENE),FAMENE,(83) 2106-4777,www.famene.com.br,facene@facene.com.br,Av. Frei Galvão - 12 - CEP: 58067-695 - Gramame,João Pessoa,PB,Faculdade,Presencial - Superior,Privada,Privada com fins lucrativos,2004-07-12,5,2024.0,-,,3,2023.0,,,,Ativa,,10-s2.0-116006076,116006076,Faculdade de Medicina Nova Esperança (Famene),,,['Faculdade De Medicina Nova Esperança (famene)'],1,0,0,1
2003,ASPEC SOCIEDADE PARAIBANA DE EDUCACAO E CULTURA LTDA,05.247.100/0001-30,Privada com fins lucrativos,3099,FACULDADE INTERNACIONAL DA PARAÍBA (FPB),FPB,(83) 31332900,www.fpb.edu.br,regulatorio@animaeducacao.com.br,Avenida Monsenhor Walfredo Leal - 512 - CEP: 58020-540 - Tambiá,João Pessoa,PB,Faculdade,EAD - Superior / Presencial - Superior /,Privada,Privada com fins lucrativos,2004-10-19,5,2024.0,4,2014.0,3,2023.0,,,,Ativa,,10-s2.0-113012884,113012884,Faculdade Internacional da Paraíba,,,"['Faculdade Internacional Da Paraíba', 'Faculdade Unida Da Paraíba', 'Faculdade Internacional Da Paraíba (fpb)']",1,0,0,2
2866,VERA CLAUDINO EDUCACAO SUPERIOR LIMITADA - ME,07.541.724/0001-91,Privada com fins lucrativos,4533,FACULDADE SÃO FRANCISCO DA PARAÍBA (FASP),FASP,(83) 3531-3011,www.fsf.edu.br,setorderegulacao@fsf.edu.br,Avenida Brasil - S/N - CEP: 58900-000 - Jardim Adalgisa,Cajazeiras,PB,Faculdade,Presencial - Superior,Privada,Privada com fins lucrativos,2009-03-16,4,2023.0,-,,2,2023.0,,,,Ativa,,10-s2.0-117278153,117278153,Faculdade São Francisco da Paraíba,,,[],1,0,0,0
16265,CENTRO EDUCACIONAL DE ENSINO SUPERIOR DE PATOS LTDA,19.768.173/0001-82,Privada com fins lucrativos,21494,FACULDADES INTEGRADAS DE PATOS (FIP),FIP,8330653881,unifip.edu.br,coordenacaoacademica@fiponline.edu.br,Avenida Floriano Peixoto - 3333 - CEP: 58416-440 - Santa Rosa,Campina Grande,PB,Faculdade,Presencial - Superior,Privada,Privada com fins lucrativos,2018-11-12,5,2024.0,-,,3,2023.0,,,,Ativa,,10-s2.0-108441940,108441940,Faculdades Integradas de Patos,,,"['Faculdades Integradas De Patos', 'Faculdades Integradas De Patos (fip)', 'Faculdade Integrada De Patos', 'Universidade Integrada De Patos', 'Undergraduate At Faculdades Integradas De Patos', 'Integradas De Patos', 'Faculdades Integradas De Patos - Fip', 'Faculdade Integradas De Patos']",1,0,0,2
16265,CENTRO EDUCACIONAL DE ENSINO SUPERIOR DE PATOS LTDA,19.768.173/0001-82,Privada com fins lucrativos,21494,FACULDADES INTEGRADAS DE PATOS (FIP),FIP,8330653881,unifip.edu.br,coordenacaoacademica@fiponline.edu.br,Avenida Floriano Peixoto - 3333 - CEP: 58416-440 - Santa Rosa,Campina Grande,PB,Faculdade,Presencial - Superior,Privada,Privada com fins lucrativos,2018-11-12,5,2024.0,-,,3,2023.0,,,,Ativa,,10-s2.0-108788097,108788097,Faculdades Integradas de Patos,,,['Faculdades Integradas De Patos'],1,0,0,1
16265,CENTRO EDUCACIONAL DE ENSINO SUPERIOR DE PATOS LTDA,19.768.173/0001-82,Privada com fins lucrativos,21494,FACULDADES INTEGRADAS DE PATOS (FIP),FIP,8330653881,unifip.edu.br,coordenacaoacademica@fiponline.edu.br,Avenida Floriano Peixoto - 3333 - CEP: 58416-440 - Santa Rosa,Campina Grande,PB,Faculdade,Presencial - Superior,Privada,Privada com fins lucrativos,2018-11-12,5,2024.0,-,,3,2023.0,,,,Ativa,,10-s2.0-126244958,126244958,Faculdades Integradas de Patos,,,"['Faculdades Integradas De Patos', 'Universidade Integradas De Patos']",1,0,0,1
9062,"INSTITUTO FEDERAL DE EDUCACAO, CIENCIA E TECNOLOGIA DA PARAIBA",10.783.898/0001-75,Pessoa Jurídica de Direito Público - Federal,1166,"INSTITUTO FEDERAL DE EDUCAÇÃO, CIÊNCIA E TECNOLOGIA DA PARAÍBA (IFPB)",IFPB,(83) 3612-9706,http://www.ifpb.edu.br,pre@ifpb.edu.br,Avenida João da Mata - 256 - CEP: 58015-020 - Jaguaribe,João Pessoa,PB,"Instituto Federal de Educação, Ciência e Tecnologia",EAD - Superior / Presencial - Superior /,Publica,Pública Federal,1999-03-23,4,2018.0,5,2019.0,4,2023.0,,,,Ativa,,10-s2.0-60271920,60271920,Instituto Federal de Educação Ciência e Tecnologia da Paraíba – IFPB,ifpb.edu.br,https://www.ifpb.edu.br/en,"['Instituto Federal de Educação Ciência e Tecnologia da Paraíba – IFPB', 'Federal Institute of Education, Science and Technology of Paraíba', 'Instituto Federal de Educação, Ciência e Tecnologia da Paraíba', 'Federal Institute of Paraiba']",0,0,1,1
9062,"INSTITUTO FEDERAL DE EDUCACAO, CIENCIA E TECNOLOGIA DA PARAIBA",10.783.898/0001-75,Pessoa Jurídica de Direito Público - Federal,1166,"INSTITUTO FEDERAL DE EDUCAÇÃO, CIÊNCIA E TECNOLOGIA DA PARAÍBA (IFPB)",IFPB,(83) 3612-9706,http://www.ifpb.edu.br,pre@ifpb.edu.br,Avenida João da Mata - 256 - CEP: 58015-020 - Jaguaribe,João Pessoa,PB,"Instituto Federal de Educação, Ciência e Tecnologia",EAD - Superior / Presencial - Superior /,Publica,Pública Federal,1999-03-23,4,2018.0,5,2019.0,4,2023.0,,,,Ativa,,10-s2.0-109583247,109583247,"Instituto Federal de Educação, Ciência e Tecnologia da Paraíba",,,"['Instituto Federal De Educação Ciência E Tecnologia Da Paraíba', 'Instituto Nacional De Ciência E Tecnologia (inct)', 'Instituto Federal De Educação, Ciência E Tecnologia Da Paraíba (ifpb)', 'Instituto Federal De Educação Da Paraíba - Ifpb', 'Instituto Federal De Educação Ciência E Tecnologia', 'Instituto Federal Da Paraíba', 'Institute Federal De Educação Ciência E Tecnologia Da Paraíba', 'Inst. Fed. Edu. Ciência E Tecnologia Da Paraíba']",1,0,0,1
382,UNIVERSIDADE ESTADUAL DA PARAIBA,12.671.814/0001-37,Pessoa Jurídica de Direito Público - Estadual,550,UNIVERSIDADE ESTADUAL DA PARAÍBA (UEPB),UEPB,(83) 33153303,www.uepb.edu.br,reitoria@setor.uepb.edu.br,Avenida das Baraúnas - 351 - CEP: 58109-763 - Bodocongó,Campina Grande,PB,Universidade,EAD - Superior / Presencial - Superior /,Publica,Pública Estadual,1966-03-15,-,,3,2020.0,3,2023.0,,,,Ativa,,10-s2.0-115893178,115893178,Universidade Estadual da Paraíba (UEPB),,,"['Universidade Estadual Da Paraíba (uepb)', 'Paraíba State University (uepb)']",1,0,0,1
382,UNIVERSIDADE ESTADUAL DA PARAIBA,12.671.814/0001-37,Pessoa Jurídica de Direito Público - Estadual,550,UNIVERSIDADE ESTADUAL DA PARAÍBA (UEPB),UEPB,(83) 33153303,www.uepb.edu.br,reitoria@setor.uepb.edu.br,Avenida das Baraúnas - 351 - CEP: 58109-763 - Bodocongó,Campina Grande,PB,Universidade,EAD - Superior / Presencial - Superior /,Publica,Pública Estadual,1966-03-15,-,,3,2020.0,3,2023.0,,,,Ativa,,10-s2.0-60026891,60026891,Universidade Estadual da Paraiba,uepb.edu.br,https://uepb.edu.br/,"['State University of Paraiba', 'Universidade Estadual da Paraiba']",1,1,1,1
382,UNIVERSIDADE ESTADUAL DA PARAIBA,12.671.814/0001-37,Pessoa Jurídica de Direito Público - Estadual,550,UNIVERSIDADE ESTADUAL DA PARAÍBA (UEPB),UEPB,(83) 33153303,www.uepb.edu.br,reitoria@setor.uepb.edu.br,Avenida das Baraúnas - 351 - CEP: 58109-763 - Bodocongó,Campina Grande,PB,Universidade,EAD - Superior / Presencial - Superior /,Publica,Pública Estadual,1966-03-15,-,,3,2020.0,3,2023.0,,,,Ativa,,10-s2.0-110545037,110545037,Universidade Estadual da Paraíba,,,['Universidade Estadual Da Paraíba'],1,0,0,1
382,UNIVERSIDADE ESTADUAL DA PARAIBA,12.671.814/0001-37,Pessoa Jurídica de Direito Público - Estadual,550,UNIVERSIDADE ESTADUAL DA PARAÍBA (UEPB),UEPB,(83) 33153303,www.uepb.edu.br,reitoria@setor.uepb.edu.br,Avenida das Baraúnas - 351 - CEP: 58109-763 - Bodocongó,Campina Grande,PB,Universidade,EAD - Superior / Presencial - Superior /,Publica,Pública Estadual,1966-03-15,-,,3,2020.0,3,2023.0,,,,Ativa,,10-s2.0-119853369,119853369,Universidade Estadual da Paraíba,,,['Universidade Estadual Da Paraíba'],1,0,0,1
382,UNIVERSIDADE ESTADUAL DA PARAIBA,12.671.814/0001-37,Pessoa Jurídica de Direito Público - Estadual,550,UNIVERSIDADE ESTADUAL DA PARAÍBA (UEPB),UEPB,(83) 33153303,www.uepb.edu.br,reitoria@setor.uepb.edu.br,Avenida das Baraúnas - 351 - CEP: 58109-763 - Bodocongó,Campina Grande,PB,Universidade,EAD - Superior / Presencial - Superior /,Publica,Pública Estadual,1966-03-15,-,,3,2020.0,3,2023.0,,,,Ativa,,10-s2.0-113523843,113523843,Universidade Estadual da Paraíba,,,"['Universidade Estadual Da Paraíba', 'Universidad Estadual Da Paraíba', 'Niversidade Estadual Da Paraíba']",1,0,0,1
382,UNIVERSIDADE ESTADUAL DA PARAIBA,12.671.814/0001-37,Pessoa Jurídica de Direito Público - Estadual,550,UNIVERSIDADE ESTADUAL DA PARAÍBA (UEPB),UEPB,(83) 33153303,www.uepb.edu.br,reitoria@setor.uepb.edu.br,Avenida das Baraúnas - 351 - CEP: 58109-763 - Bodocongó,Campina Grande,PB,Universidade,EAD - Superior / Presencial - Superior /,Publica,Pública Estadual,1966-03-15,-,,3,2020.0,3,2023.0,,,,Ativa,,10-s2.0-113092431,113092431,Universidade Estadual da Paraíba,,,"['Universidade Estadual Da Paraíba', 'University Estadual Da Paraíba', 'Universidade Estadual Da Para Íba', 'Universidade Da Paraíba']",1,0,0,1
15590,UNIVERSIDADE FEDERAL DA PARAIBA,24.098.477/0001-10,Pessoa Jurídica de Direito Público - Federal,579,UNIVERSIDADE FEDERAL DA PARAÍBA (UFPB),UFPB,(83) 3216 7150,www.ufpb.br,pi@reitoria.ufpb.br; cra@prg.ufpb.br,Cidade Universitária - s/n - CEP: 58051-900 - Castelo Branco,João Pessoa,PB,Universidade,EAD - Superior / Presencial - Superior /,Publica,Pública Federal,1955-12-04,4,2013.0,4,2016.0,4,2023.0,,,,Ativa,,10-s2.0-60014199,60014199,"Universidade Federal da Paraiba, Centro de Ciencias da Saude, Faculdade de Medicina",ufpb.br,http://www.ufpb.br,"['Federal University of Paraiba, Center of Health Sciences, Faculty of Medicine', 'Universidade Federal da Paraiba, Centro de Ciencias da Saude, Faculdade de Medicina']",0,1,1,0
15590,UNIVERSIDADE FEDERAL DA PARAIBA,24.098.477/0001-10,Pessoa Jurídica de Direito Público - Federal,579,UNIVERSIDADE FEDERAL DA PARAÍBA (UFPB),UFPB,(83) 3216 7150,www.ufpb.br,pi@reitoria.ufpb.br; cra@prg.ufpb.br,Cidade Universitária - s/n - CEP: 58051-900 - Castelo Branco,João Pessoa,PB,Universidade,EAD - Superior / Presencial - Superior /,Publica,Pública Federal,1955-12-04,4,2013.0,4,2016.0,4,2023.0,,,,Ativa,,10-s2.0-60011324,60011324,Universidade Federal da Paraíba,ufpb.br,https://www.ufpb.br/,"['Federal University of Paraiba', 'Universidade Federal da Paraiba', 'Federal University of Paraí\xadba (UFPB)', 'Federal University of Paraíba', 'Universidade Federal da Paraíba']",1,1,1,2
14341,UNIVERSIDADE FEDERAL DE CAMPINA GRANDE,05.055.128/0001-76,Pessoa Jurídica de Direito Público - Federal,2564,UNIVERSIDADE FEDERAL DE CAMPINA GRANDE (UFCG),UFCG,(83) 2101 1467,www.ufcg.edu.br,reitor@ufcg.edu.br,Universidade Federal de Campina Grande - 882 - CEP: 58429-900 - Universitário,Campina Grande,PB,Universidade,EAD - Superior / Presencial - Superior /,Publica,Pública Federal,2002-04-10,3,2009.0,-,,4,2023.0,,,,Ativa,,10-s2.0-60003709,60003709,Universidade Federal de Campina Grande,ufcg.edu.br,,"['Federal University of Campina Grande', 'Universidade Federal de Campina Grande']",1,0,1,1
369,ASSOCIACAO DO ENSINO SUPERIOR DA VITORIA DE STO ANTAO,01.448.515/0001-11,Pessoa Jurídica de Direito Privado - Sem fins lucrativos - Associação de Utilidade Pública,3515,CENTRO UNIVERSITÁRIO DA VITÓRIA DE SANTO ANTÃO (UNIVISA),UNIVISA,(81) 3523 1020,www.faintvisa.com.br,ubirajarajc@hotmail.com,Loteamento São Vicente Ferrer - 71 - CEP: 55610-900 - Cajá,Vitória de Santo Antão,PE,Centro Universitário,EAD - Superior / Presencial - Superior /,Privada,Privada sem fins lucrativos,1971-02-26,4,2024.0,4,2021.0,3,2023.0,,,,Ativa,,10-s2.0-126291409,126291409,Centro Universitário da Vitória de Santo Antão,,,[],1,0,0,0
1198,SOCEC- SOCIEDADE CAPIBARIBE DE EDUCACAO E CULTURA LTDA,41.229.501/0001-21,Privada com fins lucrativos,1805,CENTRO UNIVERSITÁRIO DOS GUARARAPES (UNIFG),UNIFG,(81) 3461-5503,www.unifg.edu.br,regulatorio@animaeducacao.com.br,Rua Comendador José Didier - 27 - CEP: 54400-160 - Piedade,Jaboatão dos Guararapes,PE,Centro Universitário,EAD - Superior / Presencial - Superior /,Privada,Privada com fins lucrativos,2001-08-09,5,2023.0,4,2022.0,3,2023.0,,,Em supervisão - Procedimento Sancionador sem Medida Cautelar,Ativa,,10-s2.0-121763372,121763372,Centro Universitário dos Guararapes,,,['Centro Universitário Dos Guararapes'],1,0,0,1
545,"IREP SOCIEDADE DE ENSINO SUPERIOR, MEDIO E FUNDAMENTAL LTDA.",02.608.755/0001-07,Privada com fins lucrativos,1077,Centro Universitário Estácio do Recife,-,,www.estacio.br,cgfirpe@gmail.com;regulatorio.nacional@estacio.br,Avenida Engenheiro Abdias de Carvalho - 1678 - CEP: 50720-635 - Madalena,Recife,PE,Centro Universitário,Presencial - Superior,Privada,Privada com fins lucrativos,1998-02-16,5,2022.0,-,,3,2023.0,,,,Ativa,,10-s2.0-60022378,60022378,Universidade Estacio de Sa,estacio.br,http://www.estacio.br,"['Estacio de Sa University', 'Universidade Estacio de Sa']",0,1,1,0
545,"IREP SOCIEDADE DE ENSINO SUPERIOR, MEDIO E FUNDAMENTAL LTDA.",02.608.755/0001-07,Privada com fins lucrativos,1077,Centro Universitário Estácio do Recife,-,,www.estacio.br,cgfirpe@gmail.com;regulatorio.nacional@estacio.br,Avenida Engenheiro Abdias de Carvalho - 1678 - CEP: 50720-635 - Madalena,Recife,PE,Centro Universitário,Presencial - Superior,Privada,Privada com fins lucrativos,1998-02-16,5,2022.0,-,,3,2023.0,,,,Ativa,,10-s2.0-60003597,60003597,Universidade Estacio de Sa Faculdade de Medicina,estacio.br,http://www.estacio.br,"['Estacio de Sa University Faculty of Medicine', 'Universidade Estacio de Sa Faculdade de Medicina']",0,1,1,0
1119,"ASSOCIACAO VITORIENSE DE EDUCACAO, CIENCIAS E CULTURA - AVEC",03.391.726/0001-90,Privada sem fins lucrativos,1697,CENTRO UNIVERSITÁRIO FACOL (UNIFACOL),UNIFACOL,(81) 3523-0103,www.facol.net,direcao.academica@unifacol.edu.br,Rua do Estudante - 85 - CEP: 55612-285 - Universitário,Vitória de Santo Antão,PE,Centro Universitário,EAD - Superior / Presencial - Superior /,Privada,Privada sem fins lucrativos,2001-04-02,4,2024.0,5,2018.0,3,2023.0,,,,Ativa,,10-s2.0-126798457,126798457,Centro Universitário FACOL (UNIFACOL),,,"['Centro Universitário Facol (unifacol)', 'Centro Universitário Unifacol', 'Centro Universitário Facol-unifacol', 'Centro Universitário Facol', 'Centro Universitário']",1,0,0,2
1847,SER EDUCACIONAL S.A.,04.986.320/0001-13,Privada com fins lucrativos,2835,CENTRO UNIVERSITÁRIO MAURÍCIO DE NASSAU (UNINASSAU),UNINASSAU,(81) 3413-4611,www.uninassau.edu.br,emec@sereducacional.com,Rua Guilherme Pinto - 114 - CEP: 52011-210 - Graças,Recife,PE,Centro Universitário,EAD - Superior / Presencial - Superior /,Privada,Privada com fins lucrativos,2003-05-15,5,2025.0,5,2019.0,3,2023.0,,,,Ativa,,10-s2.0-112708518,112708518,Centro Universitário Maurício de Nassau,,,"['Centro Universitário Maurício De Nassau', 'Centro Universitário Mauricio De Nassau', 'Centro Universitário Maurício De Nassau (uninassau)', 'Maurício De Nassau University', 'Maurício De Nassau University (uninassau)', 'Grupo Universitário Maurício De Nassau (uninassau)', 'Centro Universitário Maurício De Nassau - Uninassau', 'Centro Universitário Mauricio De Nassau - Uninassau', 'Centro Universitario Mauricio De Nassau (uninassau)']",1,0,0,4
1847,SER EDUCACIONAL S.A.,04.986.320/0001-13,Privada com fins lucrativos,2835,CENTRO UNIVERSITÁRIO MAURÍCIO DE NASSAU (UNINASSAU),UNINASSAU,(81) 3413-4611,www.uninassau.edu.br,emec@sereducacional.com,Rua Guilherme Pinto - 114 - CEP: 52011-210 - Graças,Recife,PE,Centro Universitário,EAD - Superior / Presencial - Superior /,Privada,Privada com fins lucrativos,2003-05-15,5,2025.0,5,2019.0,3,2023.0,,,,Ativa,,10-s2.0-117026348,117026348,Faculdade Maurício de Nassau,,,"['Faculdade Maurício De Nassau', 'University Mauricio De Nassau', 'Maurício De Nassau Dental School–uninassau', 'Centro Universitário Maurício De Nassau (uninassau)', 'Centro Universitário Maurício De Nassau']",0,0,0,2
1847,SER EDUCACIONAL S.A.,04.986.320/0001-13,Privada com fins lucrativos,2835,CENTRO UNIVERSITÁRIO MAURÍCIO DE NASSAU (UNINASSAU),UNINASSAU,(81) 3413-4611,www.uninassau.edu.br,emec@sereducacional.com,Rua Guilherme Pinto - 114 - CEP: 52011-210 - Graças,Recife,PE,Centro Universitário,EAD - Superior / Presencial - Superior /,Privada,Privada com fins lucrativos,2003-05-15,5,2025.0,5,2019.0,3,2023.0,,,,Ativa,,10-s2.0-119646383,119646383,Centro Universitário Maurício de Nassau,,,"['Centro Universitário Maurício De Nassau', 'Faculdade Maurício De Nassau', 'Maurício De Nassau University Center', 'Centro Universitário Maurício De Nassau. Recife']",1,0,0,1
1847,SER EDUCACIONAL S.A.,04.986.320/0001-13,Privada com fins lucrativos,2835,CENTRO UNIVERSITÁRIO MAURÍCIO DE NASSAU (UNINASSAU),UNINASSAU,(81) 3413-4611,www.uninassau.edu.br,emec@sereducacional.com,Rua Guilherme Pinto - 114 - CEP: 52011-210 - Graças,Recife,PE,Centro Universitário,EAD - Superior / Presencial - Superior /,Privada,Privada com fins lucrativos,2003-05-15,5,2025.0,5,2019.0,3,2023.0,,,,Ativa,,10-s2.0-119128169,119128169,Faculdade Maurício de Nassau,,,"['Faculdade Maurício De Nassau', 'Maurício De Nassau University Center', 'Centro Universitário Maurício De Nassau', 'University Mauricio De Nassau', 'Maurício De Nassau University', 'Maurício De Nassau Faculty – Aliança', 'Maurício De Nassau Faculty', 'Faculty Maurício De Nassau', 'Faculdade Maurício De Nassau/aliança', 'Faculdade Maurício De Nassau (uninassau)']",0,0,0,1
1847,SER EDUCACIONAL S.A.,04.986.320/0001-13,Privada com fins lucrativos,2835,CENTRO UNIVERSITÁRIO MAURÍCIO DE NASSAU (UNINASSAU),UNINASSAU,(81) 3413-4611,www.uninassau.edu.br,emec@sereducacional.com,Rua Guilherme Pinto - 114 - CEP: 52011-210 - Graças,Recife,PE,Centro Universitário,EAD - Superior / Presencial - Superior /,Privada,Privada com fins lucrativos,2003-05-15,5,2025.0,5,2019.0,3,2023.0,,,,Ativa,,10-s2.0-112390240,112390240,Centro Universitário Maurício de Nassau,,,"['Faculdade Maurício De Nassau', 'Centro Universitário Maurício De Nassau', 'University Center Maurício De Nassau', 'Maurício De Nassau University Center', 'Maurício De Nassau College', 'Mauricio De Nassau University Center', 'Faculdad Maurício De Nassau']",1,0,0,1
1847,SER EDUCACIONAL S.A.,04.986.320/0001-13,Privada com fins lucrativos,2835,CENTRO UNIVERSITÁRIO MAURÍCIO DE NASSAU (UNINASSAU),UNINASSAU,(81) 3413-4611,www.uninassau.edu.br,emec@sereducacional.com,Rua Guilherme Pinto - 114 - CEP: 52011-210 - Graças,Recife,PE,Centro Universitário,EAD - Superior / Presencial - Superior /,Privada,Privada com fins lucrativos,2003-05-15,5,2025.0,5,2019.0,3,2023.0,,,,Ativa,,10-s2.0-120853331,120853331,Centro Universitário Maurício de Nassau,,,"['Centro Universitário Maurício De Nassau', 'Universidade Mauricio De Nassau', 'Mauricio De Nassau College', 'Faculdade Mauricio De Nassau', 'Centro Universitário Maurício De Nassau—uninassau']",1,0,0,1
1847,SER EDUCACIONAL S.A.,04.986.320/0001-13,Privada com fins lucrativos,2835,CENTRO UNIVERSITÁRIO MAURÍCIO DE NASSAU (UNINASSAU),UNINASSAU,(81) 3413-4611,www.uninassau.edu.br,emec@sereducacional.com,Rua Guilherme Pinto - 114 - CEP: 52011-210 - Graças,Recife,PE,Centro Universitário,EAD - Superior / Presencial - Superior /,Privada,Privada com fins lucrativos,2003-05-15,5,2025.0,5,2019.0,3,2023.0,,,,Ativa,,10-s2.0-126212156,126212156,Centro Universitário Maurício de Nassau,,,[],1,0,0,0
1847,SER EDUCACIONAL S.A.,04.986.320/0001-13,Privada com fins lucrativos,2835,CENTRO UNIVERSITÁRIO MAURÍCIO DE NASSAU (UNINASSAU),UNINASSAU,(81) 3413-4611,www.uninassau.edu.br,emec@sereducacional.com,Rua Guilherme Pinto - 114 - CEP: 52011-210 - Graças,Recife,PE,Centro Universitário,EAD - Superior / Presencial - Superior /,Privada,Privada com fins lucrativos,2003-05-15,5,2025.0,5,2019.0,3,2023.0,,,,Ativa,,10-s2.0-121396728,121396728,Centro Universitário Maurício de Nassau,,,[],1,0,0,0
1847,SER EDUCACIONAL S.A.,04.986.320/0001-13,Privada com fins lucrativos,2835,CENTRO UNIVERSITÁRIO MAURÍCIO DE NASSAU (UNINASSAU),UNINASSAU,(81) 3413-4611,www.uninassau.edu.br,emec@sereducacional.com,Rua Guilherme Pinto - 114 - CEP: 52011-210 - Graças,Recife,PE,Centro Universitário,EAD - Superior / Presencial - Superior /,Privada,Privada com fins lucrativos,2003-05-15,5,2025.0,5,2019.0,3,2023.0,,,,Ativa,,10-s2.0-128179896,128179896,Centro Universitário Maurício de Nassau,,,"['Centro Universitário Maurício De Nassau', 'Centro Universitário Mauricio De Nassau-curso De Medicina', 'Centro Universitário Mauricio De Nassau']",1,0,0,2
1847,SER EDUCACIONAL S.A.,04.986.320/0001-13,Privada com fins lucrativos,2835,CENTRO UNIVERSITÁRIO MAURÍCIO DE NASSAU (UNINASSAU),UNINASSAU,(81) 3413-4611,www.uninassau.edu.br,emec@sereducacional.com,Rua Guilherme Pinto - 114 - CEP: 52011-210 - Graças,Recife,PE,Centro Universitário,EAD - Superior / Presencial - Superior /,Privada,Privada com fins lucrativos,2003-05-15,5,2025.0,5,2019.0,3,2023.0,,,,Ativa,,10-s2.0-123503155,123503155,Centro Universitário Maurício de Nassau,,,[],1,0,0,0
1847,SER EDUCACIONAL S.A.,04.986.320/0001-13,Privada com fins lucrativos,2835,CENTRO UNIVERSITÁRIO MAURÍCIO DE NASSAU (UNINASSAU),UNINASSAU,(81) 3413-4611,www.uninassau.edu.br,emec@sereducacional.com,Rua Guilherme Pinto - 114 - CEP: 52011-210 - Graças,Recife,PE,Centro Universitário,EAD - Superior / Presencial - Superior /,Privada,Privada com fins lucrativos,2003-05-15,5,2025.0,5,2019.0,3,2023.0,,,,Ativa,,10-s2.0-130485081,130485081,Centro Universitário Maurício de Nassau,,,['Centro Universitário Maurício De Nassau'],1,0,0,1
1847,SER EDUCACIONAL S.A.,04.986.320/0001-13,Privada com fins lucrativos,2835,CENTRO UNIVERSITÁRIO MAURÍCIO DE NASSAU (UNINASSAU),UNINASSAU,(81) 3413-4611,www.uninassau.edu.br,emec@sereducacional.com,Rua Guilherme Pinto - 114 - CEP: 52011-210 - Graças,Recife,PE,Centro Universitário,EAD - Superior / Presencial - Superior /,Privada,Privada com fins lucrativos,2003-05-15,5,2025.0,5,2019.0,3,2023.0,,,,Ativa,,10-s2.0-114378758,114378758,Faculdade Maurício de Nassau,,,"['Faculdade Maurício De Nassau', 'Maurício De Nassau Faculty', 'Mauricio De Nassau Faculty', 'Maurício De Nassau College', 'Maurício De Nassau Center University', 'Mauricio De Nassau University Center', 'Faculdade Maurício Nassau', 'Faculdade Maurício De Nassau (uninassau)', 'Faculdade Mauricio De Nassau', 'Centro Universitário Maurício De Nassau']",0,0,0,1
1847,SER EDUCACIONAL S.A.,04.986.320/0001-13,Privada com fins lucrativos,2835,CENTRO UNIVERSITÁRIO MAURÍCIO DE NASSAU (UNINASSAU),UNINASSAU,(81) 3413-4611,www.uninassau.edu.br,emec@sereducacional.com,Rua Guilherme Pinto - 114 - CEP: 52011-210 - Graças,Recife,PE,Centro Universitário,EAD - Superior / Presencial - Superior /,Privada,Privada com fins lucrativos,2003-05-15,5,2025.0,5,2019.0,3,2023.0,,,,Ativa,,10-s2.0-118060644,118060644,Centro Universitário Maurício de Nassau,,,"['Centro Universitário Maurício De Nassau', 'Faculdade Maurício De Nassau', 'Centro Universitário Maurício De Nassau (uninassau)', 'University Maurício De Nassau', 'University Center Maurício De Nassau', 'Maurício De Nassau University Center']",1,0,0,2
1101,SOCIEDADE CULTURAL E EDUCACIONAL SANTA RITA DE CASSIA LTDA - ME,02.883.040/0001-54,Privada com fins lucrativos,1676,CENTRO UNIVERSITÁRIO SÃO MIGUEL (UNISÃOMIGUEL),UNISÃOMIGUEL,(81) 21288555,www.unisaomiguel.edu.br,"vitoriausm2023@gmail.com;saulofarias@csainfo.com.br;diretora@focca.com.br,marco@quapin.com",Rua Rua Barão de São Borja - 421 ao fim - ímpar - 427 - CEP: 50070-135 - Boa Vista,Recife,PE,Centro Universitário,EAD - Superior / Presencial - Superior /,Privada,Privada com fins lucrativos,2001-03-29,4,2024.0,4,2015.0,3,2023.0,,,,Ativa,,10-s2.0-128139655,128139655,Centro Universitário São Miguel (UNISÃOMIGUEL),,,['Centro Universitário São Miguel (unisãomiguel)'],1,0,0,1
131,ASSOCIACAO CARUARUENSE DE ENSINO SUPERIOR - ASCES,09.993.940/0001-01,Privada sem fins lucrativos,2409,CENTRO UNIVERSITÁRIO TABOSA DE ALMEIDA (ASCES-UNITA),ASCES-UNITA,(081) 2103 2000,www.asces.edu.br,asces@asces.edu.br,Avenida Portugal - 584 - CEP: 55016-901 - Universitário,Caruaru,PE,Centro Universitário,EAD - Superior / Presencial - Superior /,Privada,Privada sem fins lucrativos,1959-04-16,4,2023.0,5,2021.0,4,2023.0,,,,Ativa,,10-s2.0-118580451,118580451,Centro Universitário Tabosa de Almeida (Asces-Unita),,,"['Centro Universitário Tabosa De Almeida (asces-unita)', 'Centro Universitário Tabosa De Almeida (asces - Unita)', 'Centro Universitário Tabosa De Almeida']",1,0,0,3
131,ASSOCIACAO CARUARUENSE DE ENSINO SUPERIOR - ASCES,09.993.940/0001-01,Privada sem fins lucrativos,2409,CENTRO UNIVERSITÁRIO TABOSA DE ALMEIDA (ASCES-UNITA),ASCES-UNITA,(081) 2103 2000,www.asces.edu.br,asces@asces.edu.br,Avenida Portugal - 584 - CEP: 55016-901 - Universitário,Caruaru,PE,Centro Universitário,EAD - Superior / Presencial - Superior /,Privada,Privada sem fins lucrativos,1959-04-16,4,2023.0,5,2021.0,4,2023.0,,,,Ativa,,10-s2.0-118532347,118532347,Centro Universitário Tabosa de Almeida,,,[],1,0,0,0
131,ASSOCIACAO CARUARUENSE DE ENSINO SUPERIOR - ASCES,09.993.940/0001-01,Privada sem fins lucrativos,2409,CENTRO UNIVERSITÁRIO TABOSA DE ALMEIDA (ASCES-UNITA),ASCES-UNITA,(081) 2103 2000,www.asces.edu.br,asces@asces.edu.br,Avenida Portugal - 584 - CEP: 55016-901 - Universitário,Caruaru,PE,Centro Universitário,EAD - Superior / Presencial - Superior /,Privada,Privada sem fins lucrativos,1959-04-16,4,2023.0,5,2021.0,4,2023.0,,,,Ativa,,10-s2.0-124461331,124461331,University Center Tabosa of Almeida (ASCES-UNITA),,,"['University Center Tabosa Of Almeida (asces-unita)', 'Centro Universitário Tabosa De Almeida (asces-unita)', 'University Center Tabosa De Almeida']",0,0,0,1
435,ASSOCIACAO SALGADO DE OLIVEIRA DE EDUCACAO E CULTURA,28.638.393/0001-82,Pessoa Jurídica de Direito Privado - Sem fins lucrativos - Associação de Utilidade Pública,15054,CENTRO UNIVERSITÁRIO UNIVERSO RECIFE,-,(21) 2138-4945,www.universo.edu.br,reitoria@nt.universo.edu.br,Avenida Marechal Mascarenhas de Morais - 2169 - CEP: 51150-001 - Imbiribeira,Recife,PE,Centro Universitário,Presencial - Superior,Privada,Privada sem fins lucrativos,,5,2017.0,-,,3,2023.0,,,,Ativa,,10-s2.0-60021699,60021699,Universidade Salgado de Oliveira,universo.edu.br,http://www.universo.edu.br,"['Salgado de Oliveira University', 'Universidade Salgado de Oliveira']",0,1,1,0
2300,ASSOCIACAO DAS RELIGIOSAS DA INSTRUCAO CRISTA,10.847.762/0001-81,Privada sem fins lucrativos,3631,FACULDADE DAMAS DA INSTRUÇÃO CRISTÃ (FADIC),FADIC,(81)3426-5026,www.faculdadedamas.edu.br,ir.alcilene@faculdadedamas.edu.br,Avenida Rui Barbosa - 1426 - CEP: 52050-000 - Bairro das Graças,Recife,PE,Faculdade,EAD - Superior / Presencial - Superior /,Privada,Privada sem fins lucrativos,2005-04-01,4,2018.0,4,2021.0,4,2023.0,,,,Ativa,,10-s2.0-120436620,120436620,Faculdade Damas da Instrução Cristã,,,[],1,0,0,0
104,ASSOCIACAO INSTRUTORA MISSIONARIA,10.579.324/0001-80,Privada sem fins lucrativos,144,FACULDADE DE CIÊNCIAS HUMANAS DE OLINDA (FACHO),FACHO,(81) 3429 4100,www.facho.br,facho@facho.br,"Rodovia PE 15, KM 3.6 - S/N - CEP: 53330-740 - Ouro Preto",Olinda,PE,Faculdade,Presencial - Superior,Privada,Privada sem fins lucrativos,1973-01-17,4,2024.0,-,,3,2023.0,,,,Ativa,,10-s2.0-106977740,106977740,Faculdade de Ciências Humanas de Olinda (FACHO),,,"['Faculdade de Ciências Humanas de Olinda (FACHO)', 'Faculdade de Ciências Humanas de Olinda (FACHO)', 'Faculdade de Ciências Humanas de Olinda - FACHO']",1,0,0,2
460,AUTARQUIA EDUCACIONAL DO VALE DO SAO FRANCISCO,11.157.971/0001-66,Pessoa Jurídica de Direito Público - Municipal,692,FACULDADE DE PETROLINA (FACAPE),FACAPE,8738663208,www.facape.br,moises.almeida@facape.br,Campus Universitário - S/N - CEP: 56328-903 - VILA EDUARDO,Petrolina,PE,Faculdade,Presencial - Superior,Publica,Especial,1978-10-24,-,,3,2021.0,3,2023.0,,,,Ativa,,10-s2.0-116474085,116474085,Faculdade de Ciências Aplicadas e Sociais de Petrolina (FACAPE),,,"['Faculdade De Ciências Aplicadas E Sociais De Petrolina (facape)', 'Faculdade De Petrolina-facape', 'Faculdade De Petrolina (facape)', 'Faculdade De Ciências Sociais E Aplicadas De Petrolina', 'Faculdade De Ciências Aplicadas E Sociais De Petrolina', 'Faculdade De Ciências Aplicadas E Sociais - Facape', 'Fac. De Ciências Aplic. E Soc. De Petrolina - Facape']",0,0,0,1
1125,APESU ENSINO SUPERIOR DE PERNAMBUCO LTDA,11.870.359/0001-36,Privada com fins lucrativos,2242,FACULDADE DO RECIFE (FAREC),FAREC,(11)5586 4291,,pigeral@unip.br;pigeral2020@gmail.com,Rua Dom Bosco - 551 - CEP: 50070-070 - Boa Vista,Recife,PE,Faculdade,Presencial - Superior,Privada,Privada com fins lucrativos,2002-12-23,4,2021.0,-,,2,2023.0,,,,Ativa,,10-s2.0-113125989,113125989,Faculdade Integrada do Recife,,,"['Faculdade Integrada Do Recife', 'Faculdade Integrada Do Recife (fir)', 'Faculdade Do Recife']",0,0,0,1
2994,CENTRO BRASILEIRO DE PROFISSIONALIZACAO EMPRESARIAL LTDA,06.302.344/0001-31,Privada com fins lucrativos,4700,FACULDADE NOVA ROMA (FNR),FNR,(81) 9 9270-5984 / 87. 99953-5900,https://portal.novaroma.edu.br/,diretoria@novaroma.edu.br;humbertorochimin@yahoo.com.br;luciana.lemos@novaroma.edu.br,Rua Benfica - 352 - CEP: 50720-001 - Madalena,Recife,PE,Faculdade,Presencial - Superior,Privada,Privada com fins lucrativos,2007-05-21,5,2019.0,-,,3,2023.0,,,,Ativa,,10-s2.0-119066664,119066664,Faculdade Nova Roma,,,['Faculdade Nova Roma'],1,0,0,1
2291,ASSOCIACAO EDUCACIONAL DE CIENCIAS DA SAUDE - AECISA,05.834.842/0001-62,Pessoa Jurídica de Direito Privado - Sem fins lucrativos - Associação de Utilidade Pública,3615,FACULDADE PERNAMBUCANA DE SAÚDE (FPS),FPS,8130357777,www.fps.edu.br,carla.figueiroa@fps.edu.br,Avenida Marechal Mascarenhas de Morais - 4861 - CEP: 51150-000 - Imbiribeira,Recife,PE,Faculdade,EAD - Superior / Presencial - Superior /,Privada,Privada sem fins lucrativos,2005-09-01,4,2017.0,5,2022.0,3,2023.0,,,,Ativa,,10-s2.0-126876168,126876168,Faculdade Pernambucana de Saúde (FPS),,,[],1,0,0,0
2291,ASSOCIACAO EDUCACIONAL DE CIENCIAS DA SAUDE - AECISA,05.834.842/0001-62,Pessoa Jurídica de Direito Privado - Sem fins lucrativos - Associação de Utilidade Pública,3615,FACULDADE PERNAMBUCANA DE SAÚDE (FPS),FPS,8130357777,www.fps.edu.br,carla.figueiroa@fps.edu.br,Avenida Marechal Mascarenhas de Morais - 4861 - CEP: 51150-000 - Imbiribeira,Recife,PE,Faculdade,EAD - Superior / Presencial - Superior /,Privada,Privada sem fins lucrativos,2005-09-01,4,2017.0,5,2022.0,3,2023.0,,,,Ativa,,10-s2.0-109700876,109700876,Faculdade Pernambucana de Saúde,,,[],1,0,0,0
2291,ASSOCIACAO EDUCACIONAL DE CIENCIAS DA SAUDE - AECISA,05.834.842/0001-62,Pessoa Jurídica de Direito Privado - Sem fins lucrativos - Associação de Utilidade Pública,3615,FACULDADE PERNAMBUCANA DE SAÚDE (FPS),FPS,8130357777,www.fps.edu.br,carla.figueiroa@fps.edu.br,Avenida Marechal Mascarenhas de Morais - 4861 - CEP: 51150-000 - Imbiribeira,Recife,PE,Faculdade,EAD - Superior / Presencial - Superior /,Privada,Privada sem fins lucrativos,2005-09-01,4,2017.0,5,2022.0,3,2023.0,,,,Ativa,,10-s2.0-110486256,110486256,Faculdade Pernambucana de Saúde (FPS),,,"['Faculdade Pernambucana De Saúde (fps)', 'Faculdade Pernambucana De Saúde - Fps', 'Faculdade Pernambucana De Saúde-fps', 'Faculdade Pernambucana De Saude (fps']",1,0,0,1
2291,ASSOCIACAO EDUCACIONAL DE CIENCIAS DA SAUDE - AECISA,05.834.842/0001-62,Pessoa Jurídica de Direito Privado - Sem fins lucrativos - Associação de Utilidade Pública,3615,FACULDADE PERNAMBUCANA DE SAÚDE (FPS),FPS,8130357777,www.fps.edu.br,carla.figueiroa@fps.edu.br,Avenida Marechal Mascarenhas de Morais - 4861 - CEP: 51150-000 - Imbiribeira,Recife,PE,Faculdade,EAD - Superior / Presencial - Superior /,Privada,Privada sem fins lucrativos,2005-09-01,4,2017.0,5,2022.0,3,2023.0,,,,Ativa,,10-s2.0-112952887,112952887,Faculdade Pernambucana de Saúde,,,[],1,0,0,0
2291,ASSOCIACAO EDUCACIONAL DE CIENCIAS DA SAUDE - AECISA,05.834.842/0001-62,Pessoa Jurídica de Direito Privado - Sem fins lucrativos - Associação de Utilidade Pública,3615,FACULDADE PERNAMBUCANA DE SAÚDE (FPS),FPS,8130357777,www.fps.edu.br,carla.figueiroa@fps.edu.br,Avenida Marechal Mascarenhas de Morais - 4861 - CEP: 51150-000 - Imbiribeira,Recife,PE,Faculdade,EAD - Superior / Presencial - Superior /,Privada,Privada sem fins lucrativos,2005-09-01,4,2017.0,5,2022.0,3,2023.0,,,,Ativa,,10-s2.0-116990124,116990124,Faculdade Pernambucana de Saúde,,,"['Faculdade Pernambucana De Saúde', 'Faculdade Pernambucana De Saúde (fps)', 'Faculdade Pernambucana De Saúde Recife']",1,0,0,2
2291,ASSOCIACAO EDUCACIONAL DE CIENCIAS DA SAUDE - AECISA,05.834.842/0001-62,Pessoa Jurídica de Direito Privado - Sem fins lucrativos - Associação de Utilidade Pública,3615,FACULDADE PERNAMBUCANA DE SAÚDE (FPS),FPS,8130357777,www.fps.edu.br,carla.figueiroa@fps.edu.br,Avenida Marechal Mascarenhas de Morais - 4861 - CEP: 51150-000 - Imbiribeira,Recife,PE,Faculdade,EAD - Superior / Presencial - Superior /,Privada,Privada sem fins lucrativos,2005-09-01,4,2017.0,5,2022.0,3,2023.0,,,,Ativa,,10-s2.0-126579620,126579620,Faculdade Pernambucana de Saúde,,,[],1,0,0,0
2291,ASSOCIACAO EDUCACIONAL DE CIENCIAS DA SAUDE - AECISA,05.834.842/0001-62,Pessoa Jurídica de Direito Privado - Sem fins lucrativos - Associação de Utilidade Pública,3615,FACULDADE PERNAMBUCANA DE SAÚDE (FPS),FPS,8130357777,www.fps.edu.br,carla.figueiroa@fps.edu.br,Avenida Marechal Mascarenhas de Morais - 4861 - CEP: 51150-000 - Imbiribeira,Recife,PE,Faculdade,EAD - Superior / Presencial - Superior /,Privada,Privada sem fins lucrativos,2005-09-01,4,2017.0,5,2022.0,3,2023.0,,,,Ativa,,10-s2.0-117161530,117161530,Faculdade Pernambucana de Saúde,,,['Faculdade Pernambucana De Saúde'],1,0,0,1
2291,ASSOCIACAO EDUCACIONAL DE CIENCIAS DA SAUDE - AECISA,05.834.842/0001-62,Pessoa Jurídica de Direito Privado - Sem fins lucrativos - Associação de Utilidade Pública,3615,FACULDADE PERNAMBUCANA DE SAÚDE (FPS),FPS,8130357777,www.fps.edu.br,carla.figueiroa@fps.edu.br,Avenida Marechal Mascarenhas de Morais - 4861 - CEP: 51150-000 - Imbiribeira,Recife,PE,Faculdade,EAD - Superior / Presencial - Superior /,Privada,Privada sem fins lucrativos,2005-09-01,4,2017.0,5,2022.0,3,2023.0,,,,Ativa,,10-s2.0-108198708,108198708,Faculdade Pernambucana de Saúde (FPS),,,[],1,0,0,0
2291,ASSOCIACAO EDUCACIONAL DE CIENCIAS DA SAUDE - AECISA,05.834.842/0001-62,Pessoa Jurídica de Direito Privado - Sem fins lucrativos - Associação de Utilidade Pública,3615,FACULDADE PERNAMBUCANA DE SAÚDE (FPS),FPS,8130357777,www.fps.edu.br,carla.figueiroa@fps.edu.br,Avenida Marechal Mascarenhas de Morais - 4861 - CEP: 51150-000 - Imbiribeira,Recife,PE,Faculdade,EAD - Superior / Presencial - Superior /,Privada,Privada sem fins lucrativos,2005-09-01,4,2017.0,5,2022.0,3,2023.0,,,,Ativa,,10-s2.0-129989769,129989769,Faculdade Pernambucana de Saúde (FPS),,,[],1,0,0,0
14107,FUNDACAO UNIVERSIDADE FEDERAL DO VALE DO SAO FRANCISCO,05.440.725/0001-14,Pessoa Jurídica de Direito Público - Federal,3984,FUNDAÇÃO UNIVERSIDADE FEDERAL DO VALE DO SÃO FRANCISCO (UNIVASF),UNIVASF,,https://www.portais.univasf.edu.br/,reitoria@univasf.edu.br;proen@univasf.edu.br;proen.pi@univasf.edu.br,Avenida José de Sá Maniçoba - s/n - CEP: 56304-917 - Centro,Petrolina,PE,Universidade,EAD - Superior / Presencial - Superior /,Publica,Pública Federal,2002-06-28,4,2015.0,-,,4,2023.0,,,,Ativa,,10-s2.0-60018777,60018777,Fundacao Universidade Federal do Vale do Sao Francisco,portais.univasf.edu.br,https://portais.univasf.edu.br/,"['Federal Foundation University of Vale do Sao Francisco', 'Fundacao Universidade Federal do Vale do Sao Francisco']",1,1,1,1
16703,INSTITUTO DE DESENVOLVIMENTO EDUCACIONAL,08.469.669/0001-39,Pessoa Jurídica de Direito Privado - Sem fins lucrativos - Associação de Utilidade Pública,21788,Instituto de Desenvolvimento Educacional (IDE),IDE,(81) 991231120,www.faculdadeide.edu.br,adalberto.distassi@faculdadeide.edu.br,Rua Manuel de Brito - 311 - CEP: 51110-100 - Pina,Recife,PE,Faculdade,EAD - Superior / Presencial - Superior /,Privada,Privada sem fins lucrativos,2018-11-29,3,2024.0,4,2019.0,3,2023.0,,,,Ativa,,10-s2.0-125128929,125128929,Instituto de Desenvolvimento Educacional,,,['Instituto De Desenvolvimento Educacional'],1,0,0,1
16703,INSTITUTO DE DESENVOLVIMENTO EDUCACIONAL,08.469.669/0001-39,Pessoa Jurídica de Direito Privado - Sem fins lucrativos - Associação de Utilidade Pública,21788,Instituto de Desenvolvimento Educacional (IDE),IDE,(81) 991231120,www.faculdadeide.edu.br,adalberto.distassi@faculdadeide.edu.br,Rua Manuel de Brito - 311 - CEP: 51110-100 - Pina,Recife,PE,Faculdade,EAD - Superior / Presencial - Superior /,Privada,Privada sem fins lucrativos,2018-11-29,3,2024.0,4,2019.0,3,2023.0,,,,Ativa,,10-s2.0-127286011,127286011,Instituto de Desenvolvimento Educacional,,,['Instituto De Desenvolvimento Educacional'],1,0,0,1
16656,"INSTITUTO FEDERAL DE EDUCACAO, CIENCIA E TECNOLOGIA DO SERTAO PERNAMBUCANO",10.830.301/0001-04,Pessoa Jurídica de Direito Público - Federal,3161,"Instituto Federal de Educação, Ciência e Tecnologia do Sertão Pernambucano (IF SERTÃO-PE)",IF SERTÃO-PE,(87) 2101-2350/(87)2101-2356,http://www.ifsertao-pe.edu.br/,reitoria@ifsertao-pe.edu.br,Rua Aristarco Lopes - 240 - CEP: 56302-100 - Centro,Petrolina,PE,"Instituto Federal de Educação, Ciência e Tecnologia",EAD - Superior / Presencial - Superior /,Publica,Pública Federal,1999-11-29,4,2023.0,-,,3,2023.0,,,,Ativa,,10-s2.0-60271884,60271884,"Instituto Federal De Educação, Ciência E Tecnologia Do Sertão Pernambucano – IFSertãoPE",ifsertao-pe.edu.br,https://www.ifsertao-pe.edu.br/,"['Instituto Federal de Educação, Ciência e Tecnologia do Sertão Pernambucano', 'Federal Institute of Education, Science and Technology of Sertão Pernambucano', 'Instituto Federal De Educação, Ciência E Tecnologia Do Sertão Pernambucano – IFSertãoPE']",0,1,1,1
14,ASSOCIACAO ANTONIO VIEIRA,92.959.006/0001-09,Privada sem fins lucrativos,11,UNIVERSIDADE CATÓLICA DE PERNAMBUCO (UNICAP),UNICAP,(81) 2119 4011; (81) 2119 4206,www.unicap.br,pedro.rubens@unicap.br,Rua do Príncipe - 526 - CEP: 50050-900 - Boa Vista,Recife,PE,Universidade,EAD - Superior / Presencial - Superior /,Privada,Privada sem fins lucrativos,1943-03-31,5,2018.0,5,2016.0,3,2023.0,,,,Ativa,,10-s2.0-60005352,60005352,Universidade Catolica de Pernambuco,unicap.br,http://www.unicap.br,"['Catholic University of Pernambuco', 'Universidade Catolica de Pernambuco']",1,1,1,1
283,FUNDACAO UNIVERSIDADE DE PERNAMBUCO,11.022.597/0001-91,Pessoa Jurídica de Direito Público - Estadual,409,UNIVERSIDADE DE PERNAMBUCO (UPE),UPE,(81) 31833778,www.upe.br,prograd@upe.br,Avenida Agamenon Magalhães - S/N - CEP: 50100-010 - Santo Amaro,Recife,PE,Universidade,EAD - Superior / Presencial - Superior /,Publica,Pública Estadual,1960-05-31,-,,4,2016.0,4,2023.0,,,,Ativa,,10-s2.0-129204725,129204725,Universidade de Pernambuco,,,['Universidade De Pernambuco'],1,0,0,1
283,FUNDACAO UNIVERSIDADE DE PERNAMBUCO,11.022.597/0001-91,Pessoa Jurídica de Direito Público - Estadual,409,UNIVERSIDADE DE PERNAMBUCO (UPE),UPE,(81) 31833778,www.upe.br,prograd@upe.br,Avenida Agamenon Magalhães - S/N - CEP: 50100-010 - Santo Amaro,Recife,PE,Universidade,EAD - Superior / Presencial - Superior /,Publica,Pública Estadual,1960-05-31,-,,4,2016.0,4,2023.0,,,,Ativa,,10-s2.0-129204229,129204229,Universidade de Pernambuco,,,['Universidade De Pernambuco'],1,0,0,1
283,FUNDACAO UNIVERSIDADE DE PERNAMBUCO,11.022.597/0001-91,Pessoa Jurídica de Direito Público - Estadual,409,UNIVERSIDADE DE PERNAMBUCO (UPE),UPE,(81) 31833778,www.upe.br,prograd@upe.br,Avenida Agamenon Magalhães - S/N - CEP: 50100-010 - Santo Amaro,Recife,PE,Universidade,EAD - Superior / Presencial - Superior /,Publica,Pública Estadual,1960-05-31,-,,4,2016.0,4,2023.0,,,,Ativa,,10-s2.0-129203516,129203516,Universidade de Pernambuco (UPE),,,"['Universidade De Pernambuco (upe)', 'Universidade De Pernambuco']",1,0,0,2
283,FUNDACAO UNIVERSIDADE DE PERNAMBUCO,11.022.597/0001-91,Pessoa Jurídica de Direito Público - Estadual,409,UNIVERSIDADE DE PERNAMBUCO (UPE),UPE,(81) 31833778,www.upe.br,prograd@upe.br,Avenida Agamenon Magalhães - S/N - CEP: 50100-010 - Santo Amaro,Recife,PE,Universidade,EAD - Superior / Presencial - Superior /,Publica,Pública Estadual,1960-05-31,-,,4,2016.0,4,2023.0,,,,Ativa,,10-s2.0-60021980,60021980,Universidade de Pernambuco,upe.br,http://www.upe.br/,[],1,1,1,0
283,FUNDACAO UNIVERSIDADE DE PERNAMBUCO,11.022.597/0001-91,Pessoa Jurídica de Direito Público - Estadual,409,UNIVERSIDADE DE PERNAMBUCO (UPE),UPE,(81) 31833778,www.upe.br,prograd@upe.br,Avenida Agamenon Magalhães - S/N - CEP: 50100-010 - Santo Amaro,Recife,PE,Universidade,EAD - Superior / Presencial - Superior /,Publica,Pública Estadual,1960-05-31,-,,4,2016.0,4,2023.0,,,,Ativa,,10-s2.0-129204764,129204764,Universidade de Pernambuco,,,['Universidade De Pernambuco'],1,0,0,1
283,FUNDACAO UNIVERSIDADE DE PERNAMBUCO,11.022.597/0001-91,Pessoa Jurídica de Direito Público - Estadual,409,UNIVERSIDADE DE PERNAMBUCO (UPE),UPE,(81) 31833778,www.upe.br,prograd@upe.br,Avenida Agamenon Magalhães - S/N - CEP: 50100-010 - Santo Amaro,Recife,PE,Universidade,EAD - Superior / Presencial - Superior /,Publica,Pública Estadual,1960-05-31,-,,4,2016.0,4,2023.0,,,,Ativa,,10-s2.0-129203533,129203533,Universidade de Pernambuco,,,"['Universidade De Pernambuco', 'Universidade De Pernambuco (upe)']",1,0,0,2
283,FUNDACAO UNIVERSIDADE DE PERNAMBUCO,11.022.597/0001-91,Pessoa Jurídica de Direito Público - Estadual,409,UNIVERSIDADE DE PERNAMBUCO (UPE),UPE,(81) 31833778,www.upe.br,prograd@upe.br,Avenida Agamenon Magalhães - S/N - CEP: 50100-010 - Santo Amaro,Recife,PE,Universidade,EAD - Superior / Presencial - Superior /,Publica,Pública Estadual,1960-05-31,-,,4,2016.0,4,2023.0,,,,Ativa,,10-s2.0-129203364,129203364,Universidade de Pernambuco,,,['Universidade De Pernambuco'],1,0,0,1
283,FUNDACAO UNIVERSIDADE DE PERNAMBUCO,11.022.597/0001-91,Pessoa Jurídica de Direito Público - Estadual,409,UNIVERSIDADE DE PERNAMBUCO (UPE),UPE,(81) 31833778,www.upe.br,prograd@upe.br,Avenida Agamenon Magalhães - S/N - CEP: 50100-010 - Santo Amaro,Recife,PE,Universidade,EAD - Superior / Presencial - Superior /,Publica,Pública Estadual,1960-05-31,-,,4,2016.0,4,2023.0,,,,Ativa,,10-s2.0-129204656,129204656,Universidade de Pernambuco,,,[],1,0,0,0
283,FUNDACAO UNIVERSIDADE DE PERNAMBUCO,11.022.597/0001-91,Pessoa Jurídica de Direito Público - Estadual,409,UNIVERSIDADE DE PERNAMBUCO (UPE),UPE,(81) 31833778,www.upe.br,prograd@upe.br,Avenida Agamenon Magalhães - S/N - CEP: 50100-010 - Santo Amaro,Recife,PE,Universidade,EAD - Superior / Presencial - Superior /,Publica,Pública Estadual,1960-05-31,-,,4,2016.0,4,2023.0,,,,Ativa,,10-s2.0-129203538,129203538,Escola Politécnica da Universidade de Pernambuco,,,"['Universidade De Pernambuco', 'Escola Politécnica Da Universidade De Pernambuco']",0,0,0,1
283,FUNDACAO UNIVERSIDADE DE PERNAMBUCO,11.022.597/0001-91,Pessoa Jurídica de Direito Público - Estadual,409,UNIVERSIDADE DE PERNAMBUCO (UPE),UPE,(81) 31833778,www.upe.br,prograd@upe.br,Avenida Agamenon Magalhães - S/N - CEP: 50100-010 - Santo Amaro,Recife,PE,Universidade,EAD - Superior / Presencial - Superior /,Publica,Pública Estadual,1960-05-31,-,,4,2016.0,4,2023.0,,,,Ativa,,10-s2.0-129204754,129204754,Universidade de Pernambuco (UPE),,,['Universidade De Pernambuco (upe)'],1,0,0,1
283,FUNDACAO UNIVERSIDADE DE PERNAMBUCO,11.022.597/0001-91,Pessoa Jurídica de Direito Público - Estadual,409,UNIVERSIDADE DE PERNAMBUCO (UPE),UPE,(81) 31833778,www.upe.br,prograd@upe.br,Avenida Agamenon Magalhães - S/N - CEP: 50100-010 - Santo Amaro,Recife,PE,Universidade,EAD - Superior / Presencial - Superior /,Publica,Pública Estadual,1960-05-31,-,,4,2016.0,4,2023.0,,,,Ativa,,10-s2.0-129203431,129203431,Universidade de Pernambuco,,,[],1,0,0,0
15538,UNIVERSIDADE FEDERAL DE PERNAMBUCO,24.134.488/0001-08,Pessoa Jurídica de Direito Público - Federal,580,UNIVERSIDADE FEDERAL DE PERNAMBUCO (UFPE),UFPE,81 2126 8001,www.ufpe.br,gabinete@ufpe.br,Av. Prof. Moraes Rego - 1.235 - CEP: 50670-901 - Cidade Universitária,Recife,PE,Universidade,EAD - Superior / Presencial - Superior /,Publica,Pública Federal,1946-06-20,5,2023.0,5,2022.0,5,2023.0,,,,Ativa,,10-s2.0-60031482,60031482,Universidade Federal de Pernambuco,ufpe.br,http://www.ufpe.br/,"['Universidade Federal de Pernambuco', 'Federal University of Pernambuco']",1,1,1,1
15538,UNIVERSIDADE FEDERAL DE PERNAMBUCO,24.134.488/0001-08,Pessoa Jurídica de Direito Público - Federal,580,UNIVERSIDADE FEDERAL DE PERNAMBUCO (UFPE),UFPE,81 2126 8001,www.ufpe.br,gabinete@ufpe.br,Av. Prof. Moraes Rego - 1.235 - CEP: 50670-901 - Cidade Universitária,Recife,PE,Universidade,EAD - Superior / Presencial - Superior /,Publica,Pública Federal,1946-06-20,5,2023.0,5,2022.0,5,2023.0,,,,Ativa,,10-s2.0-110365462,110365462,Universidade Federal do Pernambuco Departamento de Geologia,,,"['Universidade Federal of Pernambuco', 'Universidade Federal de Pernambuco', 'Universidade Federal do Pernambuco Departamento de Geologia', 'Universidad de Pernambuco']",0,0,0,1
15538,UNIVERSIDADE FEDERAL DE PERNAMBUCO,24.134.488/0001-08,Pessoa Jurídica de Direito Público - Federal,580,UNIVERSIDADE FEDERAL DE PERNAMBUCO (UFPE),UFPE,81 2126 8001,www.ufpe.br,gabinete@ufpe.br,Av. Prof. Moraes Rego - 1.235 - CEP: 50670-901 - Cidade Universitária,Recife,PE,Universidade,EAD - Superior / Presencial - Superior /,Publica,Pública Federal,1946-06-20,5,2023.0,5,2022.0,5,2023.0,,,,Ativa,,10-s2.0-60006943,60006943,Center of Health Sciences,ufpe.br,http://www.ufpe.br,"['Federal University of Pernambuco, Center of Health Sciences - Medicine', 'Universidade Federal de Pernambuco, Centro de Ciencias da Saude - Medicina']",0,1,1,0
15599,UNIVERSIDADE FEDERAL RURAL DE PERNAMBUCO,24.416.174/0001-06,Pessoa Jurídica de Direito Público - Federal,587,UNIVERSIDADE FEDERAL RURAL DE PERNAMBUCO (UFRPE),UFRPE,(81) 3320 6175,www.ufrpe.br,reitoria@ufrpe.br,Rua Dom Manoel de Medeiros - s/n - CEP: 52071-030 - Dois Irmãos,Recife,PE,Universidade,EAD - Superior / Presencial - Superior /,Publica,Pública Federal,1947-07-24,4,2009.0,5,2023.0,4,2023.0,,,,Ativa,,10-s2.0-107958353,107958353,Universidade Federal Rural de Pernambuco,,,"['Universidade Federal Rural De Pernambuco', 'Universidade Federal Do Rural De Pernambuco']",1,0,0,1
15599,UNIVERSIDADE FEDERAL RURAL DE PERNAMBUCO,24.416.174/0001-06,Pessoa Jurídica de Direito Público - Federal,587,UNIVERSIDADE FEDERAL RURAL DE PERNAMBUCO (UFRPE),UFRPE,(81) 3320 6175,www.ufrpe.br,reitoria@ufrpe.br,Rua Dom Manoel de Medeiros - s/n - CEP: 52071-030 - Dois Irmãos,Recife,PE,Universidade,EAD - Superior / Presencial - Superior /,Publica,Pública Federal,1947-07-24,4,2009.0,5,2023.0,4,2023.0,,,,Ativa,,10-s2.0-60000958,60000958,Universidade Federal Rural de Pernambuco,ufrpe.br,http://www.ufrpe.br,"['Federal Rural University of Pernambuco', 'Universidade Federal Rural de Pernambuco']",1,1,1,1
15599,UNIVERSIDADE FEDERAL RURAL DE PERNAMBUCO,24.416.174/0001-06,Pessoa Jurídica de Direito Público - Federal,587,UNIVERSIDADE FEDERAL RURAL DE PERNAMBUCO (UFRPE),UFRPE,(81) 3320 6175,www.ufrpe.br,reitoria@ufrpe.br,Rua Dom Manoel de Medeiros - s/n - CEP: 52071-030 - Dois Irmãos,Recife,PE,Universidade,EAD - Superior / Presencial - Superior /,Publica,Pública Federal,1947-07-24,4,2009.0,5,2023.0,4,2023.0,,,,Ativa,,10-s2.0-128518900,128518900,Universidade Federal Rural de Pernambuco,,,"['Universidade Federal Rural De Pernambuco', 'Universidade Rural De Pernambuco (ufrpe)', 'Universidade Federal Rural De Pernambuco–ufrpe', 'Universidade Federal Rural De Pernambuco - Ufrpe', 'Universidade Federal Rual De Pernambuco', 'Universidad Federal De Pernambuco (ppgd/ufpe)']",1,0,0,1
15599,UNIVERSIDADE FEDERAL RURAL DE PERNAMBUCO,24.416.174/0001-06,Pessoa Jurídica de Direito Público - Federal,587,UNIVERSIDADE FEDERAL RURAL DE PERNAMBUCO (UFRPE),UFRPE,(81) 3320 6175,www.ufrpe.br,reitoria@ufrpe.br,Rua Dom Manoel de Medeiros - s/n - CEP: 52071-030 - Dois Irmãos,Recife,PE,Universidade,EAD - Superior / Presencial - Superior /,Publica,Pública Federal,1947-07-24,4,2009.0,5,2023.0,4,2023.0,,,,Ativa,,10-s2.0-110745293,110745293,Universidade Federal de,,,"['Universidade Federal De', 'Universidade Federal Rural De Pernambuco', 'Universidade Federal De Lavra', 'Universidade Federal De Lavas']",0,0,0,1
16550,INSTITUTO DE ENSINO SUPERIOR DO PIAUI S.A.,21.909.778/0001-98,Privada com fins lucrativos,1563,AFYA CENTRO UNIVERSITÁRIO DE TERESINA (Afya Teresina),Afya Teresina,(86) 21060700,www.uninovafapi.edu.br,uninovafapi@uninovafapi.edu.br,Rua Vitorino Orthiges Fernandes - 6123 - CEP: 64073-505 - Uruguai,Teresina,PI,Centro Universitário,Presencial - Superior,Privada,Privada com fins lucrativos,2000-10-13,5,2023.0,3,2011.0,3,2023.0,,,,Ativa,,10-s2.0-60272055,60272055,Centro Universitário UNINOVAFAPI,uninovafapi.edu.br,https://www.uninovafapi.edu.br/,"['Centro Universitário UNINOVAFAPI', 'UNINOVAFAPI University Centre']",0,1,1,0
781,ASSOCIACAO TERESINENSE DE ENSINO S/S LTDA,34.965.491/0001-27,Privada com fins lucrativos,1131,CENTRO UNIVERSITÁRIO SANTO AGOSTINHO (UNIFSA),UNIFSA,(86)3215-8700,www.unifsa.com.br,antonietalira@unifsa.com.br;magna@unifsa.com.br; reccursos@unifsa.com.br; indiralira@unifsa.com.br,Avenida Valter Alencar - 665 - CEP: 64019-625 - Sao Pedro,Teresina,PI,Centro Universitário,EAD - Superior / Presencial - Superior /,Privada,Privada com fins lucrativos,1998-06-29,5,2023.0,4,2018.0,3,2023.0,,,,Ativa,,10-s2.0-112846381,112846381,Centro Universitário Santo Agostinho,,,[],1,0,0,0
18557,A E DE SOUSA EDUCACIONAL LTDA,39.590.742/0001-50,Privada com fins lucrativos,19319,Faculdade Diferencial (FAD),FAD,8699937-3900,www.faculdadediferencial.com.br,faculdadediferencial@gmail.com,Rua Simon Bolivar - 2400 - CEP: 64078-265 - Itararé,Teresina,PI,Faculdade,Presencial - Superior,Privada,Privada com fins lucrativos,2017-08-04,3,2016.0,-,,-,,,,,Ativa,,10-s2.0-105603142,105603142,Faculdade Integral Diferencial,,,"['Faculdade Integral Diferencial', 'Faculdade Integral Diferencial Wyden', 'Faculdade Integral E Diferencial - Facid', 'Faculdade Integral Diferencial Devry', 'Faculdade Integral Diferencial (facid/devry)', 'Faculdade Diferencial', 'Diferencial Integral Faculty']",0,0,0,1
2484,PIPEL-PICOS PETROLEO LTDA,07.483.266/0001-81,Privada com fins lucrativos,3930,INSTITUTO DE EDUCAÇÃO SUPERIOR RAIMUNDO SÁ (IESRSA),IESRSA,(89) 9982-4634 ou 34215-7000 ou 94059609,www.faculdadersa.com.br,iesrsa@faculdadersa.com.br; rmdu@hotmail.com,Rodovia BR-316 - s/n - CEP: 64602-000 - Altamira,Picos,PI,Faculdade,EAD - Superior / Presencial - Superior /,Privada,Privada com fins lucrativos,2006-05-02,4,2023.0,4,2019.0,4,2023.0,,,,Ativa,,10-s2.0-123822908,123822908,Instituto de Educação Superior Raimundo Sá,,,['Instituto De Educação Superior Raimundo Sá'],1,0,0,1
4057,"INSTITUTO FEDERAL DE EDUCACAO, CIENCIA E TECNOLOGIA DO PIAUI",10.806.496/0001-49,Pessoa Jurídica de Direito Público - Federal,1820,"INSTITUTO FEDERAL DE EDUCAÇÃO, CIÊNCIA E TECNOLOGIA DO PIAUÍ (IFPI)",IFPI,(86) 31311443,www.ifpi.edu.br,reitoria@ifpi.edu.br,Praça da Liberdade - 1597 - CEP: 64000-040 - Centro,Teresina,PI,"Instituto Federal de Educação, Ciência e Tecnologia",EAD - Superior / Presencial - Superior /,Publica,Pública Federal,1999-03-23,4,2023.0,-,,3,2023.0,,,,Ativa,,10-s2.0-60069360,60069360,"Instituto Federal de Educação, Ciência e Tecnologia do Piauí – IFPI",ifpi.edu,https://www.ifpi.edu.br/,"['Centro Federal de Educacao Tecnologica do Piaui', 'Instituto Federal de Educação, Ciência e Tecnologia do Piauí – IFPI', 'Federal Institute of Piauí']",0,1,0,0
512,FUNDACAO UNIVERSIDADE ESTADUAL DO PIAUI FUESPI,07.471.758/0001-57,Pessoa Jurídica de Direito Público - Estadual,756,UNIVERSIDADE ESTADUAL DO PIAUÍ (UESPI),UESPI,(86) 32137855 /(86)3213-8080,www.uespi.br,censo.uespi.tn@gmail.com,Rua João Cabral - 2231 - CEP: 64002-150 - PIRAJÁ,Teresina,PI,Universidade,EAD - Superior / Presencial - Superior /,Publica,Pública Estadual,1988-08-01,-,,3,2023.0,3,2023.0,,,,Ativa,,10-s2.0-60020998,60020998,Universidade Estadual do Piaui,uespi.br,http://www.uespi.br,"['State University of Piaui', 'Universidade Estadual do Piaui']",1,1,1,1
17818,UNIVERSIDADE FEDERAL DO DELTA DO PARNAIBA - UFDPAR,33.519.114/0001-00,Pessoa Jurídica de Direito Público - Federal,25277,UNIVERSIDADE FEDERAL DO DELTA DO PARNAIBA (UFDPAR),UFDPAR,86995354224,www.ufdpar.edu.br,reitoria@ufdpar.edu.br,Avenida São Sebastião - 2.819 - CEP: 64202-020 - Nossa Senhora de Fátima,Parnaíba,PI,Universidade,Presencial - Superior,Publica,Pública Federal,2018-04-12,5,2024.0,-,,4,2023.0,,,,Ativa,,10-s2.0-60281071,60281071,Universidade Federal do Delta do Parnaíba,ufdpar.edu.br,https://ufdpar.edu.br/,"['Universidade Federal do Delta do Parnaíba', 'Federal University of Delta do Parnaíba']",1,1,1,1
14054,FUNDACAO UNIVERSIDADE FEDERAL DO PIAUI,06.517.387/0001-34,Pessoa Jurídica de Direito Público - Federal,5,UNIVERSIDADE FEDERAL DO PIAUÍ (UFPI),UFPI,(86) 3215-5620; (86) 3215-5621,www.ufpi.br,reitor@ufpi.edu.br; secretariareitor@ufpi.edu.br,Campus Universitário Ministro Petrônio Portela - s/n - CEP: 64049-550 - Ininga,Teresina,PI,Universidade,EAD - Superior / Presencial - Superior /,Publica,Pública Federal,1945-12-31,5,2023.0,4,2019.0,4,2023.0,,,,Ativa,,10-s2.0-60010885,60010885,"Universidade Federal do Piaui, Centro de Ciencias da Saude, Faculdade de Medicina",ufpi.br,,[],0,0,1,0
14054,FUNDACAO UNIVERSIDADE FEDERAL DO PIAUI,06.517.387/0001-34,Pessoa Jurídica de Direito Público - Federal,5,UNIVERSIDADE FEDERAL DO PIAUÍ (UFPI),UFPI,(86) 3215-5620; (86) 3215-5621,www.ufpi.br,reitor@ufpi.edu.br; secretariareitor@ufpi.edu.br,Campus Universitário Ministro Petrônio Portela - s/n - CEP: 64049-550 - Ininga,Teresina,PI,Universidade,EAD - Superior / Presencial - Superior /,Publica,Pública Federal,1945-12-31,5,2023.0,4,2019.0,4,2023.0,,,,Ativa,,10-s2.0-60027064,60027064,Universidade Federal do Piauí,ufpi.br,https://www.ufpi.br/,"['Federal University of Piauí', 'Universidade Federal do Piauí']",1,1,1,1
963,COMPLEXO DE ENSINO SUPERIOR DO BRASIL LTDA.,02.741.457/0001-82,Privada com fins lucrativos,3602,CENTRO UNIVERSITÁRIO AUTÔNOMO DO BRASIL (UNIBRASIL),UNIBRASIL,(041) 3361 4200,www.unibrasil.com.br,dianinamedeiros@unibrasil.com.br;regulacao@unibrasil.com.br; camilesilva@unibrasil.com.br,Rua Konrad Adenauer - 442 - CEP: 82821-020 - Tarumã,Curitiba,PR,Centro Universitário,EAD - Superior / Presencial - Superior /,Privada,Privada com fins lucrativos,2000-03-09,5,2019.0,5,2019.0,4,2023.0,,,,Ativa,,10-s2.0-116386055,116386055,Centro Universitário Autônomo do Brasil,,,[],1,0,0,0
963,COMPLEXO DE ENSINO SUPERIOR DO BRASIL LTDA.,02.741.457/0001-82,Privada com fins lucrativos,3602,CENTRO UNIVERSITÁRIO AUTÔNOMO DO BRASIL (UNIBRASIL),UNIBRASIL,(041) 3361 4200,www.unibrasil.com.br,dianinamedeiros@unibrasil.com.br;regulacao@unibrasil.com.br; camilesilva@unibrasil.com.br,Rua Konrad Adenauer - 442 - CEP: 82821-020 - Tarumã,Curitiba,PR,Centro Universitário,EAD - Superior / Presencial - Superior /,Privada,Privada com fins lucrativos,2000-03-09,5,2019.0,5,2019.0,4,2023.0,,,,Ativa,,10-s2.0-117990952,117990952,Centro Universitário Autônomo do Brasil,,,[],1,0,0,0
963,COMPLEXO DE ENSINO SUPERIOR DO BRASIL LTDA.,02.741.457/0001-82,Privada com fins lucrativos,3602,CENTRO UNIVERSITÁRIO AUTÔNOMO DO BRASIL (UNIBRASIL),UNIBRASIL,(041) 3361 4200,www.unibrasil.com.br,dianinamedeiros@unibrasil.com.br;regulacao@unibrasil.com.br; camilesilva@unibrasil.com.br,Rua Konrad Adenauer - 442 - CEP: 82821-020 - Tarumã,Curitiba,PR,Centro Universitário,EAD - Superior / Presencial - Superior /,Privada,Privada com fins lucrativos,2000-03-09,5,2019.0,5,2019.0,4,2023.0,,,,Ativa,,10-s2.0-115757404,115757404,Centro Universitário Autônomo do Brasil (UniBrasil),,,"['Centro Universitário Autônomo Do Brasil (unibrasil)', 'Centro Universitário Autônomo Do Brasil - Unibrasil']",1,0,0,1
963,COMPLEXO DE ENSINO SUPERIOR DO BRASIL LTDA.,02.741.457/0001-82,Privada com fins lucrativos,3602,CENTRO UNIVERSITÁRIO AUTÔNOMO DO BRASIL (UNIBRASIL),UNIBRASIL,(041) 3361 4200,www.unibrasil.com.br,dianinamedeiros@unibrasil.com.br;regulacao@unibrasil.com.br; camilesilva@unibrasil.com.br,Rua Konrad Adenauer - 442 - CEP: 82821-020 - Tarumã,Curitiba,PR,Centro Universitário,EAD - Superior / Presencial - Superior /,Privada,Privada com fins lucrativos,2000-03-09,5,2019.0,5,2019.0,4,2023.0,,,,Ativa,,10-s2.0-112615483,112615483,Centro Universitário Autônomo do Brasil (UniBrasil),,,[],1,0,0,0
1120,UB - CAMPO REAL EDUCACIONAL S.A.,03.291.761/0001-38,Privada com fins lucrativos,5511,CENTRO UNIVERSITÁRIO CAMPO REAL,-,(42)3621-5200,www.camporeal.edu.br,diretor@camporeal.edu.br,Rua Comendador Norberto - 1299 - CEP: 85015-240 - Santa Cruz,Guarapuava,PR,Centro Universitário,EAD - Superior / Presencial - Superior /,Privada,Privada com fins lucrativos,2000-08-24,4,2023.0,5,2020.0,4,2023.0,,,,Ativa,,10-s2.0-107906636,107906636,Faculdade Campo Real,,,"['Faculdade Campo Real', 'Centro Universitário Campo Real', 'Campo Real University Center', 'Campo Real College', 'University Center Campo Real', 'Faculty Campo Real Institution', 'Faculdade Campo Real (fcr)', 'Campo Real Faculty', 'Agronomia Das Faculdades Campo Real']",0,0,0,1
17408,ASSOCIACAO DE ENSINO CATEDRA,31.333.981/0001-12,Pessoa Jurídica de Direito Privado - Sem fins lucrativos - Associação de Utilidade Pública,1232,CENTRO UNIVERSITÁRIO CAMPOS DE ANDRADE (UNIANDRADE),UNIANDRADE,(41) 3219-4244,www.uniandrade.edu.br,ana.vogt@gmail.com,Rua Marumby - 283 - CEP: 81220-090 - Campo Comprido,Curitiba,PR,Centro Universitário,EAD - Superior / Presencial - Superior /,Privada,Privada sem fins lucrativos,1974-03-05,5,2024.0,3,2013.0,4,2023.0,,,,Ativa,,10-s2.0-108338576,108338576,Centro Universitário Campos de Andrade (Uniandrade),,,"['Centro Universitário Campos De Andrade (uniandrade)', 'Universidade Campos De Andrade (uniandrade)', 'Uniandrade - Centro Universitário Campos De Andrade', 'University Center Andrade Campos-uniandrade', 'Universidade Campos Andrade - Uniandrade']",1,0,0,1
17408,ASSOCIACAO DE ENSINO CATEDRA,31.333.981/0001-12,Pessoa Jurídica de Direito Privado - Sem fins lucrativos - Associação de Utilidade Pública,1232,CENTRO UNIVERSITÁRIO CAMPOS DE ANDRADE (UNIANDRADE),UNIANDRADE,(41) 3219-4244,www.uniandrade.edu.br,ana.vogt@gmail.com,Rua Marumby - 283 - CEP: 81220-090 - Campo Comprido,Curitiba,PR,Centro Universitário,EAD - Superior / Presencial - Superior /,Privada,Privada sem fins lucrativos,1974-03-05,5,2024.0,3,2013.0,4,2023.0,,,,Ativa,,10-s2.0-114794984,114794984,Centro Universitário Campos de Andrade,,,[],1,0,0,0
17408,ASSOCIACAO DE ENSINO CATEDRA,31.333.981/0001-12,Pessoa Jurídica de Direito Privado - Sem fins lucrativos - Associação de Utilidade Pública,1232,CENTRO UNIVERSITÁRIO CAMPOS DE ANDRADE (UNIANDRADE),UNIANDRADE,(41) 3219-4244,www.uniandrade.edu.br,ana.vogt@gmail.com,Rua Marumby - 283 - CEP: 81220-090 - Campo Comprido,Curitiba,PR,Centro Universitário,EAD - Superior / Presencial - Superior /,Privada,Privada sem fins lucrativos,1974-03-05,5,2024.0,3,2013.0,4,2023.0,,,,Ativa,,10-s2.0-118019927,118019927,Centro Universitário Campos de Andrade,,,['Centro Universitário Campos De Andrade'],1,0,0,1
17408,ASSOCIACAO DE ENSINO CATEDRA,31.333.981/0001-12,Pessoa Jurídica de Direito Privado - Sem fins lucrativos - Associação de Utilidade Pública,1232,CENTRO UNIVERSITÁRIO CAMPOS DE ANDRADE (UNIANDRADE),UNIANDRADE,(41) 3219-4244,www.uniandrade.edu.br,ana.vogt@gmail.com,Rua Marumby - 283 - CEP: 81220-090 - Campo Comprido,Curitiba,PR,Centro Universitário,EAD - Superior / Presencial - Superior /,Privada,Privada sem fins lucrativos,1974-03-05,5,2024.0,3,2013.0,4,2023.0,,,,Ativa,,10-s2.0-100896960,100896960,Centro Universitário Campos de Andrade,,,[],1,0,0,0
325,INSTITUTO DE EDUCACAO UNICURITIBA LTDA,76.534.924/0001-30,Privada com fins lucrativos,1419,CENTRO UNIVERSITÁRIO CURITIBA (UNICURITIBA),UNICURITIBA,(41) 3213 8710,www.unicuritiba.edu.br,regulatorio@animaeducacao.com.br,Rua Chile - 1678 - CEP: 80220-181 - Rebouças,Curitiba,PR,Centro Universitário,EAD - Superior / Presencial - Superior /,Privada,Privada com fins lucrativos,1951-12-27,5,2024.0,5,2016.0,4,2023.0,,,,Ativa,,10-s2.0-118307804,118307804,Centro Universitário Curitiba,,,"['Centro Universitário Curitiba', 'Centro Universitário De Curitiba', 'Centro Universitario Curitiba', 'Universitário De Curitiba', 'Universitário Curitiba', 'Universitario Curitiba', 'Cidadania Pelo Centro Universitário Curitiba', 'Centro Universitário Internacional. Curitiba', 'Centro Universitário Internacional De Curitiba –uninter', 'Centro Universitário Curitiba-unicuritiba']",1,0,0,2
423,FUNDACAO MUNICIPAL CENTRO UNIVERSITARIO DA CIDADE DE UNIAO DA VITORIA - UNIUV,75.967.745/0001-23,Pessoa Jurídica de Direito Público - Municipal,649,CENTRO UNIVERSITÁRIO DE UNIÃO DA VITÓRIA (UNIUV),UNIUV,(42) 3522-1837,www.uniuv.edu.br,uniuv@uniuv.edu.br,Avenida Bento Munhoz da Rocha Neto - 3.856 - CEP: 84600-000 - São Basílio Magno,União da Vitória,PR,Centro Universitário,EAD - Superior / Presencial - Superior /,Publica,Pública Municipal,1974-09-19,-,,-,,3,2023.0,,,,Ativa,,10-s2.0-113924587,113924587,Fundação Municipal Centro Universitário da Cidade de União da Vitória,,,"['Centro Universitário De União Da Vitória', 'Fundação Municipal Centro Universitário Da Cidade De União Da Vitória', 'Centro Universitário De União Da Vitória (uniuv', 'Centro De União Da Vitória']",0,0,0,1
423,FUNDACAO MUNICIPAL CENTRO UNIVERSITARIO DA CIDADE DE UNIAO DA VITORIA - UNIUV,75.967.745/0001-23,Pessoa Jurídica de Direito Público - Municipal,649,CENTRO UNIVERSITÁRIO DE UNIÃO DA VITÓRIA (UNIUV),UNIUV,(42) 3522-1837,www.uniuv.edu.br,uniuv@uniuv.edu.br,Avenida Bento Munhoz da Rocha Neto - 3.856 - CEP: 84600-000 - São Basílio Magno,União da Vitória,PR,Centro Universitário,EAD - Superior / Presencial - Superior /,Publica,Pública Municipal,1974-09-19,-,,-,,3,2023.0,,,,Ativa,,10-s2.0-122557570,122557570,Centro Universitário de União da Vitória,,,"['Centro Universitário De União Da Vitória', 'Fundação Municipal Centro Universitário Da Cidade De União Da Vitória', 'Centro Universitário De União Da Vitória (uniuv)']",1,0,0,2
924,UNIAO DINAMICA DE FACULDADES CATARATAS UDC LTDA,01.208.350/0001-00,Privada com fins lucrativos,1396,Centro Universitário Dinâmica das Cataratas (UDC),UDC,(45) 3523 6900,www.udc.edu.br,angela@udc.edu.br,Rua Castelo Branco - 349 - CEP: 85852-010 - Centro,Foz do Iguaçu,PR,Centro Universitário,EAD - Superior / Presencial - Superior /,Privada,Privada com fins lucrativos,1999-11-03,5,2018.0,5,2010.0,3,2023.0,,,,Ativa,,10-s2.0-116727990,116727990,Centro Universitário Dinâmica das Cataratas,,,"['Centro Universitário Dinâmica Das Cataratas', 'Centro Universitário Dinâmica Das Cataratas Unidade Vila A', 'Centro Universitário Dinâmica Das Cataratas Udc']",1,0,0,1
924,UNIAO DINAMICA DE FACULDADES CATARATAS UDC LTDA,01.208.350/0001-00,Privada com fins lucrativos,1396,Centro Universitário Dinâmica das Cataratas (UDC),UDC,(45) 3523 6900,www.udc.edu.br,angela@udc.edu.br,Rua Castelo Branco - 349 - CEP: 85852-010 - Centro,Foz do Iguaçu,PR,Centro Universitário,EAD - Superior / Presencial - Superior /,Privada,Privada com fins lucrativos,1999-11-03,5,2018.0,5,2010.0,3,2023.0,,,,Ativa,,10-s2.0-117030316,117030316,Centro Universitário Dinâmica das Cataratas,,,['Centro Universitário Dinâmica Das Cataratas'],1,0,0,1
924,UNIAO DINAMICA DE FACULDADES CATARATAS UDC LTDA,01.208.350/0001-00,Privada com fins lucrativos,1396,Centro Universitário Dinâmica das Cataratas (UDC),UDC,(45) 3523 6900,www.udc.edu.br,angela@udc.edu.br,Rua Castelo Branco - 349 - CEP: 85852-010 - Centro,Foz do Iguaçu,PR,Centro Universitário,EAD - Superior / Presencial - Superior /,Privada,Privada com fins lucrativos,1999-11-03,5,2018.0,5,2010.0,3,2023.0,,,,Ativa,,10-s2.0-118836371,118836371,Centro Universitário Dinâmica das Cataratas,,,[],1,0,0,0
924,UNIAO DINAMICA DE FACULDADES CATARATAS UDC LTDA,01.208.350/0001-00,Privada com fins lucrativos,1396,Centro Universitário Dinâmica das Cataratas (UDC),UDC,(45) 3523 6900,www.udc.edu.br,angela@udc.edu.br,Rua Castelo Branco - 349 - CEP: 85852-010 - Centro,Foz do Iguaçu,PR,Centro Universitário,EAD - Superior / Presencial - Superior /,Privada,Privada com fins lucrativos,1999-11-03,5,2018.0,5,2010.0,3,2023.0,,,,Ativa,,10-s2.0-115462334,115462334,Centro Universitário União Dinâmica das Cataratas,,,"['Centro Universitário União Dinâmica Das Cataratas', 'Centro Universitário União Dinâmica Das Cataratas (udc)', 'Centro Universitário Dinâmica Das Cataratas (udc)']",0,0,0,1
560,CESUMAR - CENTRO DE ENSINO SUPERIOR DE MARINGA LTDA,79.265.617/0001-99,Privada com fins lucrativos,14403,CENTRO UNIVERSITÁRIO DO PARANÁ (UNIPA),UNIPA,44 3027-6385 - RAMAL 1109 - (44) 3027-6360,www.unicesumar.edu.br,normas@unicesumar.edu.br;fabiana.nsilva@vitru.com.br,Rua Itajubá - 673 - CEP: 81070-190 - Bairro Portão,Curitiba,PR,Centro Universitário,EAD - Superior / Presencial - Superior /,Privada,Privada com fins lucrativos,2011-05-16,5,2024.0,5,2019.0,3,2023.0,,,Unificação de Mantidas,Ativa,,10-s2.0-60281054,60281054,Universidade UniCesumar,unicesumar.edu.br,https://www.unicesumar.edu.br/english/,"['UniCesumar', 'Universidade Cesumar', 'University Center of Maringá', 'Universidade UniCesumar']",0,0,1,0
299,INSTITUTO FILADELFIA DE LONDRINA,78.624.202/0001-00,Pessoa Jurídica de Direito Privado - Sem fins lucrativos - Associação de Utilidade Pública,430,CENTRO UNIVERSITÁRIO FILADÉLFIA (UNIFIL),UNIFIL,(43) 3375-7500,www.unifil.br,caa@unifil.br,Avenida Juscelino Kubitscheck - 1626 - CEP: 86020-000 - Centro,Londrina,PR,Centro Universitário,EAD - Superior / Presencial - Superior /,Privada,Privada sem fins lucrativos,1972-08-07,5,2023.0,5,2022.0,3,2023.0,,,,Ativa,,10-s2.0-113314014,113314014,Centro Universitário Filadélfia,,,['Centro Universitário Filadélfia'],1,0,0,1
299,INSTITUTO FILADELFIA DE LONDRINA,78.624.202/0001-00,Pessoa Jurídica de Direito Privado - Sem fins lucrativos - Associação de Utilidade Pública,430,CENTRO UNIVERSITÁRIO FILADÉLFIA (UNIFIL),UNIFIL,(43) 3375-7500,www.unifil.br,caa@unifil.br,Avenida Juscelino Kubitscheck - 1626 - CEP: 86020-000 - Centro,Londrina,PR,Centro Universitário,EAD - Superior / Presencial - Superior /,Privada,Privada sem fins lucrativos,1972-08-07,5,2023.0,5,2022.0,3,2023.0,,,,Ativa,,10-s2.0-128207269,128207269,Centro Universitário Filadélfia,,,['Centro Universitário Filadélfia'],1,0,0,1
299,INSTITUTO FILADELFIA DE LONDRINA,78.624.202/0001-00,Pessoa Jurídica de Direito Privado - Sem fins lucrativos - Associação de Utilidade Pública,430,CENTRO UNIVERSITÁRIO FILADÉLFIA (UNIFIL),UNIFIL,(43) 3375-7500,www.unifil.br,caa@unifil.br,Avenida Juscelino Kubitscheck - 1626 - CEP: 86020-000 - Centro,Londrina,PR,Centro Universitário,EAD - Superior / Presencial - Superior /,Privada,Privada sem fins lucrativos,1972-08-07,5,2023.0,5,2022.0,3,2023.0,,,,Ativa,,10-s2.0-106274954,106274954,Centro Universitário Filadélfia,,,"['Centro Universitário Filadélfia', 'Centro Universitario Filadelfia', 'Centro Univ Filadélfia']",1,0,0,2
299,INSTITUTO FILADELFIA DE LONDRINA,78.624.202/0001-00,Pessoa Jurídica de Direito Privado - Sem fins lucrativos - Associação de Utilidade Pública,430,CENTRO UNIVERSITÁRIO FILADÉLFIA (UNIFIL),UNIFIL,(43) 3375-7500,www.unifil.br,caa@unifil.br,Avenida Juscelino Kubitscheck - 1626 - CEP: 86020-000 - Centro,Londrina,PR,Centro Universitário,EAD - Superior / Presencial - Superior /,Privada,Privada sem fins lucrativos,1972-08-07,5,2023.0,5,2022.0,3,2023.0,,,,Ativa,,10-s2.0-112845966,112845966,Centro Universitário Filadélfia,,,"['Centro Universitário Filadélfia', 'Centro Universitário Filadelfia', 'Centro Universitario Filadelfia', 'Centra Universitário Filadélfia']",1,0,0,3
299,INSTITUTO FILADELFIA DE LONDRINA,78.624.202/0001-00,Pessoa Jurídica de Direito Privado - Sem fins lucrativos - Associação de Utilidade Pública,430,CENTRO UNIVERSITÁRIO FILADÉLFIA (UNIFIL),UNIFIL,(43) 3375-7500,www.unifil.br,caa@unifil.br,Avenida Juscelino Kubitscheck - 1626 - CEP: 86020-000 - Centro,Londrina,PR,Centro Universitário,EAD - Superior / Presencial - Superior /,Privada,Privada sem fins lucrativos,1972-08-07,5,2023.0,5,2022.0,3,2023.0,,,,Ativa,,10-s2.0-101812946,101812946,Centro Universitário Filadélfia (UNIFIL),,,[],1,0,0,0
945,UNIDADE DE ENSINO SUPERIOR INGA LTDA,01.207.056/0001-84,Privada com fins lucrativos,1430,CENTRO UNIVERSITÁRIO INGÁ (UNINGÁ),UNINGÁ,(44) 3033 5009,www.uninga.edu.br,regulacao@uninga.edu.br;proreitoria@uninga.edu.br,Gleba Ribeirão Morangueiro - 21 - CEP: 87035-510 - Gleba Morangueiro,Maringá,PR,Centro Universitário,EAD - Superior / Presencial - Superior /,Privada,Privada com fins lucrativos,1999-12-30,5,2025.0,4,2022.0,3,2023.0,,,,Ativa,,10-s2.0-117443939,117443939,Centro Universitário Ingá,,,[],1,0,0,0
2944,CEI - CENTRO EDUCACIONAL INTEGRADO LTDA,79.264.628/0001-54,Privada com fins lucrativos,1078,CENTRO UNIVERSITÁRIO INTEGRADO DE CAMPO MOURÃO (INTEGRADO),INTEGRADO,(44) 3518 2500,www.grupointegrado.br,gisele.novakowski@grupointegrado.br,Avenida Irmãos Pereira - 670 - CEP: 87301-010 - Centro,Campo Mourão,PR,Centro Universitário,EAD - Superior / Presencial - Superior /,Privada,Privada com fins lucrativos,1997-12-23,5,2023.0,5,2017.0,4,2023.0,,,,Ativa,,10-s2.0-60276766,60276766,Centro Universitário Integrado,grupointegrado.br,https://www.grupointegrado.br/,[],0,1,1,0
981,UNINTER EDUCACIONAL S/A,02.261.854/0001-57,Privada com fins lucrativos,1491,CENTRO UNIVERSITÁRIO INTERNACIONAL (UNINTER),UNINTER,(41) 21027946,www.uninter.com,benhur.g@uninter.com;pi@uninter.com,Rua do Rosário - 147 - CEP: 80020-110 - Centro,Curitiba,PR,Centro Universitário,EAD - Superior / Presencial - Superior /,Privada,Privada com fins lucrativos,2000-05-05,5,2023.0,5,2017.0,3,2023.0,,,,Ativa,,10-s2.0-60268301,60268301,Centro Universitário Internacional UNINTER,uninter.com,https://www.uninter.com/,"['Centro Universitário Internacional UNINTER', 'UNINTER International University Center']",0,1,1,0
992,UNIFAMMA - UNIAO DE FACULDADES METROPOLITANAS DE MARINGA LTDA,03.125.509/0001-59,Privada com fins lucrativos,1508,Centro Universitário Metropolitano de Maringá (UNIFAMMA),UNIFAMMA,(44) 2101-5550,www.unifamma.edu.br,unifamma@unifamma.edu.br;evandro@unifamma.edu.br;karen.bortoloti@unifamma.edu.br,Avenida Virgílio Manília - 22260 - CEP: 87070-170 - Jardim Ouro Cola,Maringá,PR,Centro Universitário,EAD - Superior / Presencial - Superior /,Privada,Privada com fins lucrativos,2000-05-26,4,2023.0,4,2022.0,3,2023.0,,,,Ativa,,10-s2.0-121023020,121023020,Centro Universitário Metropolitano de Maringá (UNIFAMMA),,,"['Centro Universitário Metropolitano De Maringá (unifamma)', 'Centro Universitário Unifamma', 'Centro Universitário Metropolitano De Maringá', 'Centro Metropolitano De Maringá']",1,0,0,2
599,UNIAO PARANAENSE DE ENSINO E CULTURA -UNIPEC,76.753.086/0001-95,Pessoa Jurídica de Direito Privado - Sem fins lucrativos - Associação de Utilidade Pública,1872,CENTRO UNIVERSITÁRIO SANTA CRUZ DE CURITIBA (UNI SANTA CRUZ),UNI SANTA CRUZ,(41) 3052-4900,https://santacruz.br/,reitoria@unisantacruz.edu.br; proac@unisantacruz.edu.br; normas@unisantacruz.edu.br,Rua Affife Mansur - 565 - CEP: 81050-180 - Novo Mundo,Curitiba,PR,Centro Universitário,EAD - Superior / Presencial - Superior /,Privada,Privada sem fins lucrativos,2002-05-29,5,2019.0,4,2017.0,3,2023.0,,,,Ativa,,10-s2.0-128604656,128604656,Centro Universitário Santa Cruz de Curitiba,,,"['Centro Universitário Santa Cruz De Curitiba', 'Centro Universitário Santa Cruz De Curitiba-unisantacruz']",1,0,0,1
14298,IEDUC - INSTITUTO DE EDUCACAO E CULTURA S/A,08.446.503/0001-05,Privada com fins lucrativos,4045,Centro Universitário UniCuritiba (UniCuritiba),UniCuritiba,(41) 32960132,https://unicuritiba.com.br/,regulatorio@animaeducacao.com.br,Rua Chile - 1678 - CEP: 80220-181 - Rebouças,Curitiba,PR,Centro Universitário,Presencial - Superior,Privada,Privada com fins lucrativos,2004-11-17,4,2023.0,-,,3,2023.0,,,,Ativa,,10-s2.0-112816052,112816052,Universidade Federal de Curitiba,,,"['Universidade Curitiba', 'Universidade Federal De Curitiba', 'Curitiba', 'Centro Universitário Unicuritiba']",0,0,0,1
1084,UNISEP-UNIAO DE ENSINO DO SUDOESTE DO PARANA S/C LTDA,03.386.832/0001-86,Privada com fins lucrativos,1657,CENTRO UNIVERSITÁRIO UNISEP (CEUUN),CEUUN,(46) 35815000,www.unisep.edu.br,unisep@unisep.edu.br,Avenida Presidente Kennedy - 2.601 - CEP: 85660-000 - Nossa Senhora Aparecida,Dois Vizinhos,PR,Centro Universitário,EAD - Superior / Presencial - Superior /,Privada,Privada com fins lucrativos,2001-02-26,4,2018.0,5,2019.0,3,2023.0,,,Unificação de Mantidas,Ativa,,10-s2.0-114186771,114186771,UNISEP,,,"['Unisep', 'Centro Universitário Unisep', 'Unisep University Center', 'University Center Unisep']",0,0,0,1
14514,EDITORA E DISTRIBUIDORA EDUCACIONAL S/A,38.733.648/0001-40,Privada com fins lucrativos,1258,FACULDADE ANHANGUERA DE CASCAVEL,-,(45) 3219 4411; (31) 98634-9711,www.unopar.br,ddi@kroton.com.br; katia.parreiras@kroton.com.br,Avenida Brasil - 7210 - CEP: 85810-000 - Centro,Cascavel,PR,Faculdade,Presencial - Superior,Privada,Privada com fins lucrativos,1999-02-17,5,2023.0,-,,3,2023.0,,,,Ativa,,10-s2.0-60000513,60000513,Universidade Norte do Parana,www2.unopar.br,http://www2.unopar.br,"['University of the Northern Parana', 'Universidade Norte do Parana', 'University of Northern Paraná']",0,1,1,0
14514,EDITORA E DISTRIBUIDORA EDUCACIONAL S/A,38.733.648/0001-40,Privada com fins lucrativos,1774,Faculdade Anhanguera De Ponta Grossa,-,(42) 32209999,www.unopar.br,ddi@kroton.com.br,Rua Tibúrcio Pedro Ferreira - 55 - CEP: 84010-090 - Centro,Ponta Grossa,PR,Faculdade,Presencial - Superior,Privada,Privada com fins lucrativos,2001-07-23,4,2023.0,-,,3,2023.0,,,,Ativa,,10-s2.0-60000513,60000513,Universidade Norte do Parana,www2.unopar.br,http://www2.unopar.br,"['University of the Northern Parana', 'Universidade Norte do Parana', 'University of Northern Paraná']",0,1,1,0
893,FUNDACAO ASSIS GURGACZ,02.203.539/0001-73,Privada sem fins lucrativos,1612,Faculdade Assis Gurgacz (FAG TOLEDO),FAG TOLEDO,(45)32774000,www.fag.edu.br/toledo,maristela@fag.edu.br,Avenida Ministro Cirne Lima - 2.565 - CEP: 85903-590 - Jardim Coopagro,Toledo,PR,Centro Universitário,Presencial - Superior,Privada,Privada sem fins lucrativos,2000-12-28,4,2024.0,-,,3,2023.0,,,,Ativa,,10-s2.0-112452940,112452940,Faculdade Assis Gurgacz (FAG),,,[],1,0,0,0
893,FUNDACAO ASSIS GURGACZ,02.203.539/0001-73,Privada sem fins lucrativos,1612,Faculdade Assis Gurgacz (FAG TOLEDO),FAG TOLEDO,(45)32774000,www.fag.edu.br/toledo,maristela@fag.edu.br,Avenida Ministro Cirne Lima - 2.565 - CEP: 85903-590 - Jardim Coopagro,Toledo,PR,Centro Universitário,Presencial - Superior,Privada,Privada sem fins lucrativos,2000-12-28,4,2024.0,-,,3,2023.0,,,,Ativa,,10-s2.0-108251245,108251245,Faculdade Assis Gurgacz,,,"['Faculdade Assis Gurgacz', 'Assis Gurgacz Faculty', 'Centro Universitário Faculdade Assis Gurgacz', 'Assis Gurgacz University Center', 'Assis Gurgacz College', 'University Center Assis Gurgacz', 'Colégio Assis Gurgacz', 'Acadêmica De Medicina Da Faculdade Assis Gurgacz']",1,0,0,1
893,FUNDACAO ASSIS GURGACZ,02.203.539/0001-73,Privada sem fins lucrativos,1612,Faculdade Assis Gurgacz (FAG TOLEDO),FAG TOLEDO,(45)32774000,www.fag.edu.br/toledo,maristela@fag.edu.br,Avenida Ministro Cirne Lima - 2.565 - CEP: 85903-590 - Jardim Coopagro,Toledo,PR,Centro Universitário,Presencial - Superior,Privada,Privada sem fins lucrativos,2000-12-28,4,2024.0,-,,3,2023.0,,,,Ativa,,10-s2.0-126173715,126173715,Faculdade Assis Gurgacz,,,"['Faculdade Assis Gurgacz', 'University Center Assis Gurgacz Foundation', 'Fag-assis Gurgacz Faculty']",1,0,0,1
885,CESUAP CENTRO DE ENSINO SUPERIOR DE APUCARANA,73.243.164/0001-13,Pessoa Jurídica de Direito Privado - Sem fins lucrativos - Associação de Utilidade Pública,1325,FACULDADE DE APUCARANA (FAP),FAP,(43) 3033 8900,http://www.fap.com.br,fap@fap.com.br;viviane.novelli@gmail.com,Rua Osvaldo de Oliveira - 600 - CEP: 86811-500 - Jardim Flamingos,Apucarana,PR,Faculdade,EAD - Superior / Presencial - Superior /,Privada,Privada sem fins lucrativos,1999-06-24,4,2023.0,4,2022.0,3,2023.0,,,,Ativa,,10-s2.0-127290595,127290595,Faculdade de Apucarana (FAP),,,['Faculdade De Apucarana (fap)'],1,0,0,1
885,CESUAP CENTRO DE ENSINO SUPERIOR DE APUCARANA,73.243.164/0001-13,Pessoa Jurídica de Direito Privado - Sem fins lucrativos - Associação de Utilidade Pública,1325,FACULDADE DE APUCARANA (FAP),FAP,(43) 3033 8900,http://www.fap.com.br,fap@fap.com.br;viviane.novelli@gmail.com,Rua Osvaldo de Oliveira - 600 - CEP: 86811-500 - Jardim Flamingos,Apucarana,PR,Faculdade,EAD - Superior / Presencial - Superior /,Privada,Privada sem fins lucrativos,1999-06-24,4,2023.0,4,2022.0,3,2023.0,,,,Ativa,,10-s2.0-100656651,100656651,Faculdade de Apucarana,,,"['Faculdade De Apucarana', 'Faculdade De Apucarana - Fap']",1,0,0,1
18357,CESCOP CENTRO DE ENSINO SUPERIOR DE CORNELIO PROCOPIO LTDA,42.649.964/0001-05,Privada com fins lucrativos,3393,FACULDADE DE ENSINO SUPERIOR DOM BOSCO (FACDOMBOSCO),FACDOMBOSCO,(43) 35232494/35236872 - 43 999751518,www.facdombosco.edu.br.,direcaogeral@facdombosco.edu.br - faculdadedombosco@bol.com.br,Avenida XV de Novembro - 57 - CEP: 86300-000 - Centro,Cornélio Procópio,PR,Faculdade,Presencial - Superior,Privada,Privada com fins lucrativos,2004-08-12,3,2015.0,4,2021.0,2,2023.0,,,,Ativa,,10-s2.0-101834075,101834075,Faculdade Dom Bosco,,,"['Faculdade Dom Bosco', 'Faculdade Unidombosco', 'Faculdade De Ensino Superior Dom Bosco', 'Departamento De Fisioterapia Da Faculdade Dom Bosco']",0,0,0,1
2097,UNESVI - UNIAO DE ENSINO SUPERIOR DO VALE DO IVAI LTDA,05.440.305/0001-38,Privada com fins lucrativos,4496,FACULDADE DE TECNOLOGIA DO VALE DO IVAÍ (FATEC-IVAI),FATEC-IVAI,043-34720201,,mara@rhemaeducacao.com.br,Avenida Brasil - 45 - CEP: 86870-000 - Centro,Ivaiporã,PR,Faculdade,EAD - Superior / Presencial - Superior /,Privada,Privada com fins lucrativos,2005-07-12,5,2023.0,4,2019.0,3,2023.0,,,,Ativa,,10-s2.0-128537232,128537232,Faculdade de Tecnologia do Vale do Ivaí,,,"['Faculdade De Tecnologia Do Vale Do Ivaí', 'Faculdade Tecnológica Do Vale Do Ivaí']",1,0,0,1
545,"IREP SOCIEDADE DE ENSINO SUPERIOR, MEDIO E FUNDAMENTAL LTDA.",02.608.755/0001-07,Privada com fins lucrativos,4009,FACULDADE DE TECNOLOGIA ESTÁCIO DE CURITIBA (FATEC ESTÁC CURITIBA),FATEC ESTÁC CURITIBA,,www.estacio.br,cgradcuritiba@gmail.com;regulatorio.nacional@estacio.br,Av. Senador Souza Naves - 1715 - CEP: 80050-152 - Cristo Rei,Curitiba,PR,Faculdade,Presencial - Superior,Privada,Privada com fins lucrativos,2004-09-20,4,2023.0,-,,3,2023.0,,,,Ativa,,10-s2.0-60022378,60022378,Universidade Estacio de Sa,estacio.br,http://www.estacio.br,"['Estacio de Sa University', 'Universidade Estacio de Sa']",0,1,1,0
545,"IREP SOCIEDADE DE ENSINO SUPERIOR, MEDIO E FUNDAMENTAL LTDA.",02.608.755/0001-07,Privada com fins lucrativos,4009,FACULDADE DE TECNOLOGIA ESTÁCIO DE CURITIBA (FATEC ESTÁC CURITIBA),FATEC ESTÁC CURITIBA,,www.estacio.br,cgradcuritiba@gmail.com;regulatorio.nacional@estacio.br,Av. Senador Souza Naves - 1715 - CEP: 80050-152 - Cristo Rei,Curitiba,PR,Faculdade,Presencial - Superior,Privada,Privada com fins lucrativos,2004-09-20,4,2023.0,-,,3,2023.0,,,,Ativa,,10-s2.0-60003597,60003597,Universidade Estacio de Sa Faculdade de Medicina,estacio.br,http://www.estacio.br,"['Estacio de Sa University Faculty of Medicine', 'Universidade Estacio de Sa Faculdade de Medicina']",0,1,1,0
840,CENTRO DE ENSINO SUPERIOR DE CASCAVEL LTDA,02.096.765/0001-00,Privada com fins lucrativos,1256,FACULDADE DOM BOSCO (DOM BOSCO),DOM BOSCO,(45) 3321 3900,www.dombosco.fag.edu.br,afonso@fag.edu.br,Avenida das Torres - 500 - CEP: 85806-095 - Loteamento FAG,Cascavel,PR,Faculdade,Presencial - Superior,Privada,Privada sem fins lucrativos,1999-02-17,4,2019.0,-,,4,2023.0,,,,Ativa,,10-s2.0-112766887,112766887,Faculdade Dom Bosco,,,[],1,0,0,0
840,CENTRO DE ENSINO SUPERIOR DE CASCAVEL LTDA,02.096.765/0001-00,Privada com fins lucrativos,1256,FACULDADE DOM BOSCO (DOM BOSCO),DOM BOSCO,(45) 3321 3900,www.dombosco.fag.edu.br,afonso@fag.edu.br,Avenida das Torres - 500 - CEP: 85806-095 - Loteamento FAG,Cascavel,PR,Faculdade,Presencial - Superior,Privada,Privada sem fins lucrativos,1999-02-17,4,2019.0,-,,4,2023.0,,,,Ativa,,10-s2.0-101834075,101834075,Faculdade Dom Bosco,,,"['Faculdade Dom Bosco', 'Faculdade Unidombosco', 'Faculdade De Ensino Superior Dom Bosco', 'Departamento De Fisioterapia Da Faculdade Dom Bosco']",1,0,0,1
840,CENTRO DE ENSINO SUPERIOR DE CASCAVEL LTDA,02.096.765/0001-00,Privada com fins lucrativos,1256,FACULDADE DOM BOSCO (DOM BOSCO),DOM BOSCO,(45) 3321 3900,www.dombosco.fag.edu.br,afonso@fag.edu.br,Avenida das Torres - 500 - CEP: 85806-095 - Loteamento FAG,Cascavel,PR,Faculdade,Presencial - Superior,Privada,Privada sem fins lucrativos,1999-02-17,4,2019.0,-,,4,2023.0,,,,Ativa,,10-s2.0-127259088,127259088,Faculdade Dom Bosco,,,['Faculdade Dom Bosco'],1,0,0,1
840,CENTRO DE ENSINO SUPERIOR DE CASCAVEL LTDA,02.096.765/0001-00,Privada com fins lucrativos,1256,FACULDADE DOM BOSCO (DOM BOSCO),DOM BOSCO,(45) 3321 3900,www.dombosco.fag.edu.br,afonso@fag.edu.br,Avenida das Torres - 500 - CEP: 85806-095 - Loteamento FAG,Cascavel,PR,Faculdade,Presencial - Superior,Privada,Privada sem fins lucrativos,1999-02-17,4,2019.0,-,,4,2023.0,,,,Ativa,,10-s2.0-114320141,114320141,Faculdade Dom Bosco de Porto Alegre,,,"['Faculdade Dom Bosco De Porto Alegre', 'Faculdade Dom Bosco']",0,0,0,1
545,"IREP SOCIEDADE DE ENSINO SUPERIOR, MEDIO E FUNDAMENTAL LTDA.",02.608.755/0001-07,Privada com fins lucrativos,1817,Faculdade Estácio de Curitiba (ESTÁCIO CURITIBA),ESTÁCIO CURITIBA,,www.estacio.br,cgradcuritiba@gmail.com;regulatorio.nacional@estacio.br,Av. Senador Souza Naves - 1715 - CEP: 80050-152 - Cristo Rei,Curitiba,PR,Faculdade,Presencial - Superior,Privada,Privada com fins lucrativos,2001-08-17,5,2024.0,-,,3,2023.0,,,,Ativa,,10-s2.0-60022378,60022378,Universidade Estacio de Sa,estacio.br,http://www.estacio.br,"['Estacio de Sa University', 'Universidade Estacio de Sa']",0,1,1,0
545,"IREP SOCIEDADE DE ENSINO SUPERIOR, MEDIO E FUNDAMENTAL LTDA.",02.608.755/0001-07,Privada com fins lucrativos,1817,Faculdade Estácio de Curitiba (ESTÁCIO CURITIBA),ESTÁCIO CURITIBA,,www.estacio.br,cgradcuritiba@gmail.com;regulatorio.nacional@estacio.br,Av. Senador Souza Naves - 1715 - CEP: 80050-152 - Cristo Rei,Curitiba,PR,Faculdade,Presencial - Superior,Privada,Privada com fins lucrativos,2001-08-17,5,2024.0,-,,3,2023.0,,,,Ativa,,10-s2.0-60003597,60003597,Universidade Estacio de Sa Faculdade de Medicina,estacio.br,http://www.estacio.br,"['Estacio de Sa University Faculty of Medicine', 'Universidade Estacio de Sa Faculdade de Medicina']",0,1,1,0
22,INSTITUTO PRESBITERIANO MACKENZIE,60.967.551/0001-50,Pessoa Jurídica de Direito Privado - Sem fins lucrativos - Associação de Utilidade Pública,353,FACULDADE EVANGÉLICA MACKENZIE DO PARANÁ (FEMPAR),FEMPAR,(41)32405500,https://www.mackenzie.br/faculdades/curitiba/home,diretoria@fempar.edu.br;carmen.ribas@fempar.edu.br,Rua Padre Anchieta - 2770 - CEP: 80730-000 - Bigorrilho,Curitiba,PR,Faculdade,Presencial - Superior,Privada,Privada sem fins lucrativos,1969-01-15,5,2023.0,-,,4,2023.0,,,,Ativa,,10-s2.0-60006185,60006185,Faculdade Evangélica Mackenzie do Paraná,mackenzie.br,https://www.mackenzie.br/faculdades/curitiba/home,"['Faculdade Evangélica Mackenzie do Paraná', 'Mackenzie Evangelical College of Paraná']",1,1,0,1
2627,SOCIEDADE EDUCACIONAL HERRERO LTDA. - SS - EPP,03.366.031/0001-59,Privada com fins lucrativos,4534,FACULDADE HERRERO (FATEC),FATEC,(41) 3026 8411,www.herrero.com.br,herrero@herrero.com.br,Rua Álvaro Andrade - 345/322 - CEP: 80610-240 - Portão,Curitiba,PR,Faculdade,EAD - Superior / Presencial - Superior /,Privada,Privada com fins lucrativos,2005-08-25,5,2019.0,4,2019.0,4,2023.0,,,,Ativa,,10-s2.0-110267577,110267577,Faculdade Herrero,,,['Faculdade Herrero'],1,0,0,1
2627,SOCIEDADE EDUCACIONAL HERRERO LTDA. - SS - EPP,03.366.031/0001-59,Privada com fins lucrativos,4534,FACULDADE HERRERO (FATEC),FATEC,(41) 3026 8411,www.herrero.com.br,herrero@herrero.com.br,Rua Álvaro Andrade - 345/322 - CEP: 80610-240 - Portão,Curitiba,PR,Faculdade,EAD - Superior / Presencial - Superior /,Privada,Privada com fins lucrativos,2005-08-25,5,2019.0,4,2019.0,4,2023.0,,,,Ativa,,10-s2.0-115402484,115402484,Faculdade Herrero,,,[],1,0,0,0
3359,AX - CENTRO DE ESTUDOS DA SAUDE LTDA. - EPP,07.109.722/0001-28,Privada com fins lucrativos,11818,Faculdade Inspirar (Inspirar),Inspirar,41 3019-2828,www.inspirar.com.br,angelica.lodovico@inspirar.com.br,Rua João Tschannerl - 880 - CEP: 80820-010 - Vista Alegre,Curitiba,PR,Faculdade,EAD - Superior / Presencial - Superior /,Privada,Privada com fins lucrativos,2010-12-09,4,2023.0,4,2022.0,3,2023.0,,,,Ativa,,10-s2.0-116328521,116328521,Faculdade Inspirar,,,['Faculdade Inspirar'],1,0,0,1
3359,AX - CENTRO DE ESTUDOS DA SAUDE LTDA. - EPP,07.109.722/0001-28,Privada com fins lucrativos,11818,Faculdade Inspirar (Inspirar),Inspirar,41 3019-2828,www.inspirar.com.br,angelica.lodovico@inspirar.com.br,Rua João Tschannerl - 880 - CEP: 80820-010 - Vista Alegre,Curitiba,PR,Faculdade,EAD - Superior / Presencial - Superior /,Privada,Privada com fins lucrativos,2010-12-09,4,2023.0,4,2022.0,3,2023.0,,,,Ativa,,10-s2.0-115435005,115435005,Faculdade Inspirar,,,[],1,0,0,0
301,ASSOCIACAO ROLANDENSE DE ENSINO E CULTURA,75.344.895/0001-80,Pessoa Jurídica de Direito Privado - Sem fins lucrativos - Associação de Utilidade Pública,432,FACULDADE PARANAENSE (FACCAR),FACCAR,(43)32558500,www.faccar.com.br,solange@faccar.com.br,Rua Dom Pedro II - 400 - CEP: 86604-160 - Vila Operária,Rolândia,PR,Faculdade,Presencial - Superior,Privada,Privada sem fins lucrativos,1974-06-21,4,2024.0,-,,2,2023.0,,,,Ativa,,10-s2.0-114913385,114913385,Faculdade Paranaense,,,"['Faculdade Paranaense', 'Faculdade Paranaense (fapar)']",1,0,0,2
2415,ASSUPERO ENSINO SUPERIOR LTDA.,06.099.229/0001-01,Privada com fins lucrativos,2420,FACULDADE PARANAENSE (FAPAR),FAPAR,(11) 5586 4291,,pigeral@unip.br;pigeral2020@gmail.com,Alameda Dom Pedro II - 432 - CEP: 80420-060 - Batel,Curitiba,PR,Faculdade,Presencial - Superior,Privada,Privada com fins lucrativos,2002-12-09,3,2023.0,-,,3,2023.0,,,,Ativa,,10-s2.0-114913385,114913385,Faculdade Paranaense,,,"['Faculdade Paranaense', 'Faculdade Paranaense (fapar)']",1,0,0,2
1981,ASSOCIACAO FAMILIA DE MARIA,76.578.244/0001-18,Privada sem fins lucrativos,13832,FACULDADE SAGRADA FAMÍLIA (FASF),FASF,(42) 3027-8027,www.faculdadesagradafamilia.com.br,rose.knebel@redesagradafamilia.com.br,Avenida Visconde de Taunay - 101 - CEP: 84010-760 - Centro,Ponta Grossa,PR,Faculdade,Presencial - Superior,Privada,Privada sem fins lucrativos,2011-03-25,4,2023.0,4,2023.0,3,2023.0,,,,Ativa,,10-s2.0-118444405,118444405,Faculdade Sagrada Família (FASF),,,['Faculdade Sagrada Família (FASF)'],1,0,0,1
1981,ASSOCIACAO FAMILIA DE MARIA,76.578.244/0001-18,Privada sem fins lucrativos,13832,FACULDADE SAGRADA FAMÍLIA (FASF),FASF,(42) 3027-8027,www.faculdadesagradafamilia.com.br,rose.knebel@redesagradafamilia.com.br,Avenida Visconde de Taunay - 101 - CEP: 84010-760 - Centro,Ponta Grossa,PR,Faculdade,Presencial - Superior,Privada,Privada sem fins lucrativos,2011-03-25,4,2023.0,4,2023.0,3,2023.0,,,,Ativa,,10-s2.0-118444387,118444387,Faculdade Sagrada Família,,,['Faculdade Sagrada Família'],1,0,0,1
12541,ASSOCIACAO DE SAO BASILIO MAGNO,80.637.226/0001-37,Privada sem fins lucrativos,13476,FACULDADE SÃO BASÍLIO MAGNO (FASBAM),FASBAM,(41) 3243-9800,fasbam.edu.br/,sandro.emec@outlook.com;haniczteo@gmail.com;irineule@gmail.com;secretaria@fasbam.edu.br,Rua Carmelo Rangel - 1200 - CEP: 80440-050 - Seminário,Curitiba,PR,Faculdade,Presencial - Superior,Privada,Privada sem fins lucrativos,2011-04-07,5,2023.0,4,2022.0,3,2023.0,,,,Ativa,,10-s2.0-116350608,116350608,Faculdade São Basílio Magno (FASBAM),,,['Faculdade São Basílio Magno (fasbam)'],1,0,0,1
662,INSTITUTO DE CULTURA ESPIRITA DO PARANA,76.038.843/0001-49,Privada sem fins lucrativos,1125,FACULDADES INTEGRADAS ESPÍRITA (FIES),FIES,(41) 3155 7117,www.faculdadeespirita.com.br,dirgeral@faculdadeespirita.com.br,Rua Tobias de Macedo Júnior - 246 - CEP: 82010-340 - Santo Inácio,Curitiba,PR,Faculdade,Presencial - Superior,Privada,Privada sem fins lucrativos,1997-12-12,3,2012.0,-,,3,2023.0,,,,Ativa,,10-s2.0-100597433,100597433,Faculdades Integradas Espírita,,,"['Faculdades Integradas Espírita', 'Faculdades “integradas” Espírita', 'Faculdades Integradas Espírita (faciben)', 'Faculdades Integradas Espirita']",1,0,0,4
16533,SOCIEDADE LONDRINENSE DE ENSINO LTDA,22.681.946/0001-01,Privada com fins lucrativos,1797,FACULDADES LONDRINA,-,(43)3031-1250,www.faculdadeslondrina.com.br,contato@faculdadeslondrina.com.br,Avenida Duque de Caxias - 450 - CEP: 86015-000 - Igapó,Londrina,PR,Faculdade,EAD - Superior / Presencial - Superior /,Privada,Privada com fins lucrativos,2001-08-06,3,2022.0,4,2021.0,4,2023.0,,,,Ativa,,10-s2.0-109038204,109038204,Faculdade Pitágoras de Londrina,,,"['Faculdade Pitágoras De Londrina', 'Faculdades Londrina', 'Faculdade Pitágoras -campus Metropolitana De Londrina', 'Faculdade Pitágoras']",0,0,0,1
1812,ASSOCIACAO HOSPITALAR DE PROT INFANCIA DR RAUL CARNEIRO,76.591.569/0001-30,Privada sem fins lucrativos,2787,FACULDADES PEQUENO PRÍNCIPE (FPP),FPP,(41) 3310 1500,www.fpp.edu.br,adrianne.rauli@fpp.edu.br,Avenida Iguaçu - 333 - CEP: 80230-020 - Rebouças,Curitiba,PR,Faculdade,EAD - Superior / Presencial - Superior /,Privada,Privada sem fins lucrativos,2003-12-10,5,2023.0,4,2022.0,4,2023.0,,,,Ativa,,10-s2.0-60194078,60194078,Faculdades Pequeno Príncipe,faculdadespequenoprincipe.edu.br,https://faculdadespequenoprincipe.edu.br/,['Faculdades Pequeno Príncipe'],1,0,0,1
478,ASSOCIACAO FRANCISCANA DE ENSINO SENHOR BOM JESUS,76.497.338/0001-62,Privada sem fins lucrativos,715,FAE CENTRO UNIVERSITÁRIO,-,(41) 2112-8122,www.fae.edu,nleg@fae.edu,Rua 24 de Maio - 135 - CEP: 80230-080 - Centro,Curitiba,PR,Centro Universitário,EAD - Superior / Presencial - Superior /,Privada,Privada sem fins lucrativos,1959-04-23,5,2019.0,5,2022.0,4,2023.0,,,,Ativa,,10-s2.0-60120641,60120641,FAE Centro Universitário,fae.edu,https://fae.edu/,['FAE Centro Universitário'],1,1,1,1
373,"FUNDACAO FACULDADE DE FILOSOFIA, CIENCIAS E LETRAS DE MANDAGUARI",78.959.145/0001-01,Pessoa Jurídica de Direito Público - Municipal,535,"FUNDAÇÃO FACULDADE DE FILOSOFIA, CIÊNCIAS E LETRAS DE MANDAGUARI (FAFIMAN)",FAFIMAN,(44) 3233-1356,www.fafiman.br,secretaria@fafiman.br,Rua: Renê Táccola - 152 - CEP: 86975-000 - CENTRO,Mandaguari,PR,Faculdade,EAD - Superior / Presencial - Superior /,Publica,Pública Municipal,1966-06-18,-,,-,,2,2023.0,,,,Ativa,,10-s2.0-127171752,127171752,"Fundacao Faculdade de Filosofia, Ciencias e Letras de Mandaguari (FAFIMAN-UNIMAN)",,,"['Fundacao Faculdade De Filosofia, Ciencias E Letras De Mandaguari (fafiman-uniman)']",1,0,0,1
611,AEI ENSINO SUPERIOR DE IGUACU LTDA.,75.432.153/0001-07,Privada com fins lucrativos,2086,INSTITUTO DE ENSINO SUPERIOR DE FOZ DO IGUAÇU (IESFI),IESFI,(11) 5586 4291,,pigeral@unip.br;pigeral2020@gmail.com,Av Avenida Paraná - 3463/4285 - ímpar - 3.695 - CEP: 85864-455 - Parque Monjolo,Foz do Iguaçu,PR,Faculdade,Presencial - Superior,Privada,Privada com fins lucrativos,2002-03-27,3,2025.0,-,,3,2023.0,,,,Ativa,,10-s2.0-117321537,117321537,Instituto de Ensino Superior de Foz do Iguaçu,,,['Instituto De Ensino Superior De Foz Do Iguaçu'],1,0,0,1
611,AEI ENSINO SUPERIOR DE IGUACU LTDA.,75.432.153/0001-07,Privada com fins lucrativos,2086,INSTITUTO DE ENSINO SUPERIOR DE FOZ DO IGUAÇU (IESFI),IESFI,(11) 5586 4291,,pigeral@unip.br;pigeral2020@gmail.com,Av Avenida Paraná - 3463/4285 - ímpar - 3.695 - CEP: 85864-455 - Parque Monjolo,Foz do Iguaçu,PR,Faculdade,Presencial - Superior,Privada,Privada com fins lucrativos,2002-03-27,3,2025.0,-,,3,2023.0,,,,Ativa,,10-s2.0-117584700,117584700,Centro de Ensino Superior de Foz do Iguaçu (CESUFOZ),,,"['Centro De Ensino Superior De Foz Do Iguaçu (cesufoz)', 'University Center Of Foz Do Iguaçu', 'Instituto De Ensino Superior De Foz Do Iguaçu', 'Centro De Ensino Superior De Foz Do Iguaçu', 'Centro De Ensino Superior De Foz Do Iguacu']",0,0,0,1
10,ASSOCIACAO PARANAENSE DE CULTURA - APC,76.659.820/0001-51,Pessoa Jurídica de Direito Privado - Sem fins lucrativos - Associação de Utilidade Pública,10,PONTIFÍCIA UNIVERSIDADE CATÓLICA DO PARANÁ (PUCPR),PUCPR,(41) 32711515,www.pucpr.br,regulacao@pucpr.br;daniele.sehli@pucpr.br;danielesehli@terra.com.br;proeducacional@pucpr.br,Rua Imaculada Conceição - 1155 - CEP: 80215-901 - Prado Velho,Curitiba,PR,Universidade,EAD - Superior / Presencial - Superior /,Privada,Privada sem fins lucrativos,1960-06-14,5,2023.0,4,2013.0,4,2023.0,,,,Ativa,,10-s2.0-60020004,60020004,Pontifícia Universidade Católica do Paraná,pucpr.br,https://www.pucpr.br/,"['Pontificia Universidade Catolica do Parana', 'Pontifical Catholic University of Parana', 'Pontifícia Universidade Católica do Paraná', 'Pontifical Catholic University of Paraná']",1,1,1,2
560,CESUMAR - CENTRO DE ENSINO SUPERIOR DE MARINGA LTDA,79.265.617/0001-99,Privada com fins lucrativos,1196,UNIVERSIDADE CESUMAR (UNICESUMAR),UNICESUMAR,(44) 3027 6360 - RAMAL 1109,www.unicesumar.edu.br,normas@unicesumar.edu.br;fabiana.nsilva@vitru.com.br,Avenida Guedner - 1610 - CEP: 87050-390 - Jardim Aclimação,Maringá,PR,Universidade,EAD - Superior / Presencial - Superior /,Privada,Privada com fins lucrativos,1989-12-06,5,2019.0,5,2023.0,3,2023.0,,,,Ativa,,10-s2.0-60281054,60281054,Universidade UniCesumar,unicesumar.edu.br,https://www.unicesumar.edu.br/english/,"['UniCesumar', 'Universidade Cesumar', 'University Center of Maringá', 'Universidade UniCesumar']",0,0,1,1
37,"SECRETARIA DE ESTADO DA CIENCIA, TECNOLOGIA E ENSINO SUPERIOR - SETI",77.046.951/0001-26,Pessoa Jurídica de Direito Público - Estadual,9,UNIVERSIDADE ESTADUAL DE LONDRINA (UEL),UEL,(43) 3371-4311,www.uel.br,proplandaai@uel.br;reitoria@uel.br;aurbano@uel.br;fongari@uel.br,Rodovia Celso Garcia Cid Pr 445 Km 380 - - CEP: 86057-970 - Campus Universitário,Londrina,PR,Universidade,EAD - Superior / Presencial - Superior /,Publica,Pública Estadual,1970-01-28,-,,4,2019.0,4,2023.0,,,,Ativa,,10-s2.0-118430537,118430537,Universidade Estadual de Londrina (UEL),,,['Universidade Estadual de Londrina (UEL)'],1,0,0,1
37,"SECRETARIA DE ESTADO DA CIENCIA, TECNOLOGIA E ENSINO SUPERIOR - SETI",77.046.951/0001-26,Pessoa Jurídica de Direito Público - Estadual,9,UNIVERSIDADE ESTADUAL DE LONDRINA (UEL),UEL,(43) 3371-4311,www.uel.br,proplandaai@uel.br;reitoria@uel.br;aurbano@uel.br;fongari@uel.br,Rodovia Celso Garcia Cid Pr 445 Km 380 - - CEP: 86057-970 - Campus Universitário,Londrina,PR,Universidade,EAD - Superior / Presencial - Superior /,Publica,Pública Estadual,1970-01-28,-,,4,2019.0,4,2023.0,,,,Ativa,,10-s2.0-60027866,60027866,Universidade Estadual de Londrina,uel.br,http://www.uel.br/portal/english/,"['State University of Londrina', 'Universidade Estadual de Londrina']",1,0,1,1
37,"SECRETARIA DE ESTADO DA CIENCIA, TECNOLOGIA E ENSINO SUPERIOR - SETI",77.046.951/0001-26,Pessoa Jurídica de Direito Público - Estadual,57,UNIVERSIDADE ESTADUAL DE MARINGÁ (UEM),UEM,(44)3011-4240;44-3011-4280; 44-3011-5142,www.uem.br,sec-pld@uem.br;sec-gre@uem.br;aaconstantino@uem.br;pld-pi@uem.br,Avenida Colombo - 5790 - CEP: 87020-900 - Zona 7,Maringá,PR,Universidade,EAD - Superior / Presencial - Superior /,Publica,Pública Estadual,1969-11-10,-,,4,2023.0,5,2023.0,,,,Ativa,,10-s2.0-60029498,60029498,Universidade Estadual de Maringá,uem.br,http://www.uem.br,"['State University of Maringa', 'Universidade Estadual de Maringa', 'Universidade Estadual de Maringá']",1,1,1,2
37,"SECRETARIA DE ESTADO DA CIENCIA, TECNOLOGIA E ENSINO SUPERIOR - SETI",77.046.951/0001-26,Pessoa Jurídica de Direito Público - Estadual,57,UNIVERSIDADE ESTADUAL DE MARINGÁ (UEM),UEM,(44)3011-4240;44-3011-4280; 44-3011-5142,www.uem.br,sec-pld@uem.br;sec-gre@uem.br;aaconstantino@uem.br;pld-pi@uem.br,Avenida Colombo - 5790 - CEP: 87020-900 - Zona 7,Maringá,PR,Universidade,EAD - Superior / Presencial - Superior /,Publica,Pública Estadual,1969-11-10,-,,4,2023.0,5,2023.0,,,,Ativa,,10-s2.0-113846250,113846250,Universidad Estadual de Maringá,,,"['Universidad Estadual De Maringá', 'Universidade Estadual De Maringá', 'Universidade Estadual De Maring Á']",0,0,0,1
37,"SECRETARIA DE ESTADO DA CIENCIA, TECNOLOGIA E ENSINO SUPERIOR - SETI",77.046.951/0001-26,Pessoa Jurídica de Direito Público - Estadual,57,UNIVERSIDADE ESTADUAL DE MARINGÁ (UEM),UEM,(44)3011-4240;44-3011-4280; 44-3011-5142,www.uem.br,sec-pld@uem.br;sec-gre@uem.br;aaconstantino@uem.br;pld-pi@uem.br,Avenida Colombo - 5790 - CEP: 87020-900 - Zona 7,Maringá,PR,Universidade,EAD - Superior / Presencial - Superior /,Publica,Pública Estadual,1969-11-10,-,,4,2023.0,5,2023.0,,,,Ativa,,10-s2.0-115638560,115638560,Universidade Estadual de Maringá (UEM),,,['Universidade Estadual de Maringá (UEM)'],1,0,0,1
37,"SECRETARIA DE ESTADO DA CIENCIA, TECNOLOGIA E ENSINO SUPERIOR - SETI",77.046.951/0001-26,Pessoa Jurídica de Direito Público - Estadual,730,UNIVERSIDADE ESTADUAL DE PONTA GROSSA (UEPG),UEPG,(42)32203000 / (42)32203300,www.uepg.br,gabinetedareitoria@uepg.br,Av. Carlos Cavalcanti - 4748 - CEP: 84030-900 - Uvaranas,Ponta Grossa,PR,Universidade,EAD - Superior / Presencial - Superior /,Publica,Pública Estadual,1966-03-18,-,,3,2013.0,4,2023.0,,,,Ativa,,10-s2.0-60018034,60018034,Universidade Estadual de Ponta Grossa,uepg.br,https://www.uepg.br/,"['State University of Ponta Grossa', 'Universidade Estadual de Ponta Grossa']",1,1,1,1
37,"SECRETARIA DE ESTADO DA CIENCIA, TECNOLOGIA E ENSINO SUPERIOR - SETI",77.046.951/0001-26,Pessoa Jurídica de Direito Público - Estadual,730,UNIVERSIDADE ESTADUAL DE PONTA GROSSA (UEPG),UEPG,(42)32203000 / (42)32203300,www.uepg.br,gabinetedareitoria@uepg.br,Av. Carlos Cavalcanti - 4748 - CEP: 84030-900 - Uvaranas,Ponta Grossa,PR,Universidade,EAD - Superior / Presencial - Superior /,Publica,Pública Estadual,1966-03-18,-,,3,2013.0,4,2023.0,,,,Ativa,,10-s2.0-120172181,120172181,Universidade Estadual de Ponta Grossa (UEPG),,,['Universidade Estadual De Ponta Grossa (uepg)'],1,0,0,1
37,"SECRETARIA DE ESTADO DA CIENCIA, TECNOLOGIA E ENSINO SUPERIOR - SETI",77.046.951/0001-26,Pessoa Jurídica de Direito Público - Estadual,1126,UNIVERSIDADE ESTADUAL DO CENTRO OESTE (UNICENTRO),UNICENTRO,(42) 3621-1000,www.unicentro.br,webmail@unicentro.br,Rua Salvatore Renna - 875 - CEP: 85015-430 - Santa Cruz,Guarapuava,PR,Universidade,EAD - Superior / Presencial - Superior /,Publica,Pública Estadual,1968-07-15,-,,4,2016.0,4,2023.0,,,,Ativa,,10-s2.0-116582133,116582133,Universidade Estadual do Centro Oeste,,,"['Universidade Estadual Do Centro-oeste─unicentro', 'Universidade Estadual Do Centro-oeste–unicentro', 'Universidade Estadual Do Centro-oeste (unicentro)', 'Universidade Estadual Do Centro Oeste']",1,0,0,1
37,"SECRETARIA DE ESTADO DA CIENCIA, TECNOLOGIA E ENSINO SUPERIOR - SETI",77.046.951/0001-26,Pessoa Jurídica de Direito Público - Estadual,1126,UNIVERSIDADE ESTADUAL DO CENTRO OESTE (UNICENTRO),UNICENTRO,(42) 3621-1000,www.unicentro.br,webmail@unicentro.br,Rua Salvatore Renna - 875 - CEP: 85015-430 - Santa Cruz,Guarapuava,PR,Universidade,EAD - Superior / Presencial - Superior /,Publica,Pública Estadual,1968-07-15,-,,4,2016.0,4,2023.0,,,,Ativa,,10-s2.0-60017506,60017506,Universidade Estadual do Centro Oeste,unicentro.br,http://www.unicentro.br,"['State University of the Central West', 'Universidade Estadual do Centro Oeste']",1,1,1,1
37,"SECRETARIA DE ESTADO DA CIENCIA, TECNOLOGIA E ENSINO SUPERIOR - SETI",77.046.951/0001-26,Pessoa Jurídica de Direito Público - Estadual,15015,Universidade Estadual do Norte do Paraná (UENP),UENP,(43)3511-3200,http://www.uenp.edu.br,gabinete@uenp.edu.br,Avenida Getúlio Vargas - 850 - CEP: 86400-000 - Centro,Jacarezinho,PR,Universidade,EAD - Superior / Presencial - Superior,Publica,Pública Estadual,2010-12-08,-,,4,2022.0,4,2023.0,,,,Ativa,,10-s2.0-60189660,60189660,Universidade Estadual do Norte do Paraná,uenp.edu.br,https://uenp.edu.br/,"['Universidade Estadual do Norte do Paraná', 'State University of Northern Paraná']",1,1,1,1
37,"SECRETARIA DE ESTADO DA CIENCIA, TECNOLOGIA E ENSINO SUPERIOR - SETI",77.046.951/0001-26,Pessoa Jurídica de Direito Público - Estadual,609,UNIVERSIDADE ESTADUAL DO OESTE DO PARANÁ (UNIOESTE),UNIOESTE,4532203060,www.unioeste.br,gabinete@unioeste.br,RUA UNIVERSITÁRIA - 1619 - CEP: 85819-110 - JARDIM UNIVERSITÁRIO,Cascavel,PR,Universidade,EAD - Superior / Presencial - Superior /,Publica,Pública Estadual,1987-01-16,-,,4,2013.0,5,2023.0,,,,Ativa,,10-s2.0-111375718,111375718,Universidade do Oeste do Paraná (UNIOESTE). Cascavel,,,"['Universidade Estadual Oeste Do Paraná-unioeste', 'Universidade Estadual Oeste Do Paraná (unioeste)', 'Universidade Estadual Do Oeste Paraná (unioeste)', 'Universidade Estadual Do Oeste (unioeste) Do Paraná', 'Universidade Do Oeste Do Paraná (unioeste). Cascavel']",0,0,0,1
37,"SECRETARIA DE ESTADO DA CIENCIA, TECNOLOGIA E ENSINO SUPERIOR - SETI",77.046.951/0001-26,Pessoa Jurídica de Direito Público - Estadual,609,UNIVERSIDADE ESTADUAL DO OESTE DO PARANÁ (UNIOESTE),UNIOESTE,4532203060,www.unioeste.br,gabinete@unioeste.br,RUA UNIVERSITÁRIA - 1619 - CEP: 85819-110 - JARDIM UNIVERSITÁRIO,Cascavel,PR,Universidade,EAD - Superior / Presencial - Superior /,Publica,Pública Estadual,1987-01-16,-,,4,2013.0,5,2023.0,,,,Ativa,,10-s2.0-60005993,60005993,Universidade Estadual do Oeste do Paraná,unioeste.br,https://www.unioeste.br/portal/home-ingles,"['State University of West Parana', 'Universidade Estadual do Oeste do Parana', 'Western Paraná State University', 'Universidade Estadual do Oeste do Paraná', 'State University of West Paraná']",1,0,1,2
37,"SECRETARIA DE ESTADO DA CIENCIA, TECNOLOGIA E ENSINO SUPERIOR - SETI",77.046.951/0001-26,Pessoa Jurídica de Direito Público - Estadual,18492,Universidade Estadual do Paraná (UNESPAR),UNESPAR,41 32817333,www.unespar.edu.br,salete.sirino@unespar.edu.br;jorgemarcos.santos@unespar.edu.br;ericson.prust@unespar.edu.br,Avenida Rio Grande do Norte - 858 - CEP: 87701-020 - Centro,Paranavaí,PR,Universidade,EAD - Superior / Presencial - Superior /,Publica,Pública Estadual,2013-12-05,-,,-,,4,2023.0,,,,Ativa,,10-s2.0-60235678,60235678,Universidade Estadual do Paraná – UNESPAR,unespar.edu.br,https://www.unespar.edu.br/,"['Universidade Estadual do Paraná – UNESPAR', 'Universidade Estadual do Paraná']",0,1,1,1
15600,UNIVERSIDADE FEDERAL DA INTEGRACAO LATINO-AMERICANA,11.806.275/0001-33,Pessoa Jurídica de Direito Público - Federal,15001,UNIVERSIDADE FEDERAL DA INTEGRAÇÃO LATINO-AMERICANA (UNILA),UNILA,+55 (45) 3522-9639,http://www.unila.edu.br/,reitoria.gabinete@unila.edu.br,Avenida Tancredo Neves - 3147 - CEP: 85867-000 - Itaipu B,Foz do Iguaçu,PR,Universidade,EAD - Superior / Presencial - Superior /,Publica,Pública Federal,2010-01-13,4,2016.0,4,2015.0,4,2023.0,,,,Ativa,,10-s2.0-60268781,60268781,Universidade Federal da Integração Latino-Americana,unila.edu.br,https://portal.unila.edu.br/,"['Universidade Federal da Integração Latino-Americana', 'Federal University of Latin American Integration']",1,0,1,1
15595,UNIVERSIDADE FEDERAL DO PARANA,75.095.679/0001-49,Pessoa Jurídica de Direito Público - Federal,571,UNIVERSIDADE FEDERAL DO PARANÁ (UFPR),UFPR,(41)3360-5001,www.ufpr.br,ciai_prograp@ufpr.br,RUA XV DE NOVEMBRO - 1299 - CEP: 80060-000 - CENTRO,Curitiba,PR,Universidade,EAD - Superior / Presencial - Superior /,Publica,Pública Federal,1946-06-08,4,2014.0,3,2013.0,5,2023.0,,,,Ativa,,10-s2.0-121206228,121206228,Universidade Federal do Paraná (UFPR),,,['Universidade Federal Do Paraná (ufpr)'],1,0,0,1
15595,UNIVERSIDADE FEDERAL DO PARANA,75.095.679/0001-49,Pessoa Jurídica de Direito Público - Federal,571,UNIVERSIDADE FEDERAL DO PARANÁ (UFPR),UFPR,(41)3360-5001,www.ufpr.br,ciai_prograp@ufpr.br,RUA XV DE NOVEMBRO - 1299 - CEP: 80060-000 - CENTRO,Curitiba,PR,Universidade,EAD - Superior / Presencial - Superior /,Publica,Pública Federal,1946-06-08,4,2014.0,3,2013.0,5,2023.0,,,,Ativa,,10-s2.0-60009440,60009440,"Universidade Federal do Parana, Faculdade de Medicina",ufpr.br,,"['Federal University of Parana, Faculty of Medicine', 'Universidade Federal do Parana, Faculdade de Medicina']",0,0,1,0
15595,UNIVERSIDADE FEDERAL DO PARANA,75.095.679/0001-49,Pessoa Jurídica de Direito Público - Federal,571,UNIVERSIDADE FEDERAL DO PARANÁ (UFPR),UFPR,(41)3360-5001,www.ufpr.br,ciai_prograp@ufpr.br,RUA XV DE NOVEMBRO - 1299 - CEP: 80060-000 - CENTRO,Curitiba,PR,Universidade,EAD - Superior / Presencial - Superior /,Publica,Pública Federal,1946-06-08,4,2014.0,3,2013.0,5,2023.0,,,,Ativa,,10-s2.0-60015043,60015043,Universidade Federal do Parana,ufpr.br,https://www.ufpr.br/portalufpr/,"['Federal University of Parana', 'Universidade Federal do Parana', 'Federal University of Paraná (UFPR)', 'Federal University of Paraná']",1,0,1,1
305,UNIPAR - SOCIEDADE EMPRESARIAL LTDA.,75.517.151/0001-10,Privada com fins lucrativos,437,UNIVERSIDADE PARANAENSE (UNIPAR),UNIPAR,4436212828,http://www.unipar.br/,"avaliacao@unipar.br, anacris@unipar.br, degedu@unipar.br",Praça Mascarenha de Moraes - 4282 - CEP: 87502-210 - Zona III,Umuarama,PR,Universidade,EAD - Superior / Presencial - Superior /,Privada,Privada com fins lucrativos,1993-11-10,5,2019.0,5,2018.0,3,2023.0,,,,Ativa,,10-s2.0-60010835,60010835,Universidade Paranaense,unipar.br,https://www.unipar.br/,"['University of Parana - Umuarama', 'Universidade Paranaense']",1,1,1,1
14514,EDITORA E DISTRIBUIDORA EDUCACIONAL S/A,38.733.648/0001-40,Privada com fins lucrativos,298,Universidade Pitágoras Unopar Anhanguera (Unopar),Unopar,(43)98800-5556,www.unopar.br,ddi@kroton.com.br; katia.parreiras@cogna.com.br; katia.parreiras@kroton.com.br,Rua Edwy Taques de Araújo - 900 - CEP: 86047-790 - Jardim Burle Marx,Londrina,PR,Universidade,EAD - Superior / Presencial - Superior /,Privada,Privada com fins lucrativos,1972-05-24,5,2023.0,4,2017.0,3,2023.0,,,Unificação de Mantidas,Ativa,,10-s2.0-60000513,60000513,Universidade Norte do Parana,www2.unopar.br,http://www2.unopar.br,"['University of the Northern Parana', 'Universidade Norte do Parana', 'University of Northern Paraná']",0,1,1,0
418,CENTRO DE ESTUDOS SUPERIORES POSITIVO LTDA,78.791.712/0001-63,Privada com fins lucrativos,1042,UNIVERSIDADE POSITIVO (UP),UP,41 3317-3201,www.up.edu.br,reitoria@up.edu.br,Rua Professor Pedro Viriato Parigot de Souza - 5.300 - CEP: 81280-330 - Campo Comprido,Curitiba,PR,Universidade,EAD - Superior / Presencial - Superior /,Privada,Privada com fins lucrativos,1975-01-17,4,2017.0,5,2010.0,3,2023.0,,,,Ativa,,10-s2.0-60106091,60106091,Universidade Positivo,up.edu.br,https://www.up.edu.br/,"['Universidade Positivo', 'Positive University']",1,1,1,1
9052,UNIVERSIDADE TECNOLOGICA FEDERAL DO PARANA,75.101.873/0001-90,Pessoa Jurídica de Direito Público - Federal,588,UNIVERSIDADE TECNOLÓGICA FEDERAL DO PARANÁ (UTFPR),UTFPR,(41) 33104545,www.utfpr.edu.br,reitoria@utfpr.edu.br,Av. Sete de Setembro - 3.165 - CEP: 80230-010 - Rebouças,Curitiba,PR,Universidade,EAD - Superior / Presencial - Superior /,Publica,Pública Federal,1978-07-04,5,2024.0,5,2019.0,4,2023.0,,,,Ativa,,10-s2.0-112859972,112859972,UniversidadeTecnológica Federal do Paraná,,,"['Universidadetecnológica Federal Do Paraná', 'Universidade Tecnologica Federal De Paraná', 'Universidade Tecnológica Federal Do Paraná', 'Universidade Tecnológica Federal De Paraná']",0,0,0,1
9052,UNIVERSIDADE TECNOLOGICA FEDERAL DO PARANA,75.101.873/0001-90,Pessoa Jurídica de Direito Público - Federal,588,UNIVERSIDADE TECNOLÓGICA FEDERAL DO PARANÁ (UTFPR),UTFPR,(41) 33104545,www.utfpr.edu.br,reitoria@utfpr.edu.br,Av. Sete de Setembro - 3.165 - CEP: 80230-010 - Rebouças,Curitiba,PR,Universidade,EAD - Superior / Presencial - Superior /,Publica,Pública Federal,1978-07-04,5,2024.0,5,2019.0,4,2023.0,,,,Ativa,,10-s2.0-107858266,107858266,Universidade Tecnológica Federal do Paraná,,,"['Universidade Tecnológica Federal Do Paraná', 'Universidad Tecnológica Federal Do Paraná']",1,0,0,1
9052,UNIVERSIDADE TECNOLOGICA FEDERAL DO PARANA,75.101.873/0001-90,Pessoa Jurídica de Direito Público - Federal,588,UNIVERSIDADE TECNOLÓGICA FEDERAL DO PARANÁ (UTFPR),UTFPR,(41) 33104545,www.utfpr.edu.br,reitoria@utfpr.edu.br,Av. Sete de Setembro - 3.165 - CEP: 80230-010 - Rebouças,Curitiba,PR,Universidade,EAD - Superior / Presencial - Superior /,Publica,Pública Federal,1978-07-04,5,2024.0,5,2019.0,4,2023.0,,,,Ativa,,10-s2.0-60027294,60027294,Universidade Tecnológica Federal do Paraná,utfpr.edu.br,http://www.utfpr.edu.br/,"['Federal Technological University of Parana', 'Universidade Tecnologica Federal do Parana', 'Universidade Tecnológica Federal do Paraná', 'Federal Technological University of Paraná']",1,1,1,2
248,SET SOCIEDADE CIVIL EDUCACIONAL TUIUTI LIMITADA,76.590.249/0001-66,Privada com fins lucrativos,355,UNIVERSIDADE TUIUTI DO PARANÁ (UTP),UTP,(41) 3331 7700,www.utp.br,gabinete@utp.br,Rua Padre Ladislau Kula - 395 - CEP: 82010-210 - Santo Inácio,Curitiba,PR,Universidade,EAD - Superior / Presencial - Superior /,Privada,Privada com fins lucrativos,1997-07-08,4,2011.0,4,2015.0,4,2023.0,,,,Ativa,,10-s2.0-60010970,60010970,Universidade Tuiuti do Parana,utp.br,http://www.utp.br,"['Tuiuti University of Parana', 'Universidade Tuiuti do Parana']",1,1,1,1
409,COMANDO DO EXERCITO,00.394.452/0001-03,Pessoa Jurídica de Direito Público - Federal,21095,Academia Militar das Agulhas Negras (AMAN),AMAN,2433884500,http://www.aman.ensino.eb.br/,rp@aman.ensino.eb.br,Rodovia Presidente Dutra - km 306 - CEP: 27534-900 - Cabral,Resende,RJ,Centro Universitário,Presencial - Superior,Publica,Pública Federal,2000-12-14,-,,-,,-,,,,,Ativa,,10-s2.0-107653730,107653730,Academia Militar Agulhas Negras,,,"['Academia Militar Agulhas Negras', 'Academia Militar De Agulhas Negras', 'Academia Militar Das Agulhas Negras-aman', 'Academia Militar Das Agulhas Negras (aman)', 'Academia Militar Das Agulhas Negras']",0,0,0,2
409,COMANDO DO EXERCITO,00.394.452/0001-03,Pessoa Jurídica de Direito Público - Federal,21095,Academia Militar das Agulhas Negras (AMAN),AMAN,2433884500,http://www.aman.ensino.eb.br/,rp@aman.ensino.eb.br,Rodovia Presidente Dutra - km 306 - CEP: 27534-900 - Cabral,Resende,RJ,Centro Universitário,Presencial - Superior,Publica,Pública Federal,2000-12-14,-,,-,,-,,,,,Ativa,,10-s2.0-118736326,118736326,Academia Militar das Agulhas Negras (AMAN),,,"['Academia Militar Das Agulhas Negras (aman)', 'Academia Militar Das Agulhas Negras']",1,0,0,2
16655,CENTRO FED DE ED TECNOLOGICA CELSO SUCKOW DA FONSECA RJ,42.441.758/0001-05,Pessoa Jurídica de Direito Público - Federal,593,CENTRO FEDERAL DE EDUCAÇÃO TECNOLÓGICA CELSO SUCKOW DA FONSECA (CEFET/RJ),CEFET/RJ,(21) 2568 8890,www.cefet-rj.br,direg@cefet-rj.br,Avenida Maracanã - 229 - CEP: 20271-110 - Maracanã,Rio de Janeiro,RJ,Centro Federal de Educação Tecnológica,EAD - Superior / Presencial - Superior /,Publica,Pública Federal,1978-07-04,5,2023.0,4,2017.0,4,2023.0,,,,Ativa,,10-s2.0-60042765,60042765,Centro Federal De Educacão Tecnológica Celso Suckow Da Fonseca,cefet-rj.br,http://www.cefet-rj.br/,"['Centro Federal De Educacão Tecnológica Celso Suckow Da Fonseca', 'Federal Center for Technological Education Celso Suckow da Fonseca']",1,1,1,1
16452,ANHANGUERA EDUCACIONAL PARTICIPACOES S/A,04.310.392/0001-46,Privada com fins lucrativos,515,Centro Universitário Anhanguera Pitágoras Unopar de Niterói (UNIAN-RJ),UNIAN-RJ,(31) 984505383,www.anhanguera.com,ddi@kroton.com.br; thales.pimentel@cogna.com.br,Rua Visconde do Rio Branco - 123 - CEP: 24020-000 - Centro,Niterói,RJ,Centro Universitário,EAD - Superior / Presencial - Superior /,Privada,Privada com fins lucrativos,1972-09-29,4,2023.0,5,2019.0,3,2023.0,,,,Ativa,,10-s2.0-60281103,60281103,Universidade Anhanguera de São Paulo,anhanguera.com,https://www.anhanguera.com/unidades/,"['Universidade Anhanguera de São Paulo', 'Anhanguera Educacional', 'Anhanguera Educational']",0,0,1,0
328,FUNDACAO OCTACILIO GUALBERTO,34.034.959/0001-60,Privada sem fins lucrativos,1080,CENTRO UNIVERSITÁRIO ARTHUR SÁ EARP NETO (UNIFASE),UNIFASE,(24) 2244 6452 22446456 22446451,www.unifase-rj.edu.br,fog@unifase-rj.edu.br,Avenida Barão do Rio Branco - 905 a 1003 - CEP: 25680-120 - Centro,Petrópolis,RJ,Centro Universitário,EAD - Superior / Presencial - Superior /,Privada,Privada sem fins lucrativos,1998-02-16,5,2019.0,5,2018.0,4,2023.0,,,Unificação de Mantidas,Ativa,,10-s2.0-100862908,100862908,Centro Universitário Arthur Sá Earp Neto,,,[],1,0,0,0
199,SOCIEDADE UNIFICADA DE ENSINO AUGUSTO MOTTA,34.008.227/0001-03,Pessoa Jurídica de Direito Privado - Sem fins lucrativos - Associação de Utilidade Pública,277,CENTRO UNIVERSITÁRIO AUGUSTO MOTTA (UNISUAM),UNISUAM,(21) 3882 9702,www.unisuam.edu.br,reitoria@unisuam.edu.br;fximenes@unisuam.edu.br;roberto.ramos@unisuam.edu.br,Avenida Paris - 84 - CEP: 21041-020 - Bonsucesso,Rio de Janeiro,RJ,Centro Universitário,EAD - Superior / Presencial - Superior /,Privada,Privada sem fins lucrativos,1970-02-12,5,2023.0,5,2023.0,3,2023.0,,,,Ativa,,10-s2.0-60291229,60291229,Centro Universitário Augusto Motta (UNISUAM),nisuam.edu.br,https://www.unisuam.edu.br/sobre-a-unisuam/#,"['Centro Universitário Augusto Motta (UNISUAM)', 'Augusto Motta University Center (UNISUAM)']",1,0,0,1
199,SOCIEDADE UNIFICADA DE ENSINO AUGUSTO MOTTA,34.008.227/0001-03,Pessoa Jurídica de Direito Privado - Sem fins lucrativos - Associação de Utilidade Pública,277,CENTRO UNIVERSITÁRIO AUGUSTO MOTTA (UNISUAM),UNISUAM,(21) 3882 9702,www.unisuam.edu.br,reitoria@unisuam.edu.br;fximenes@unisuam.edu.br;roberto.ramos@unisuam.edu.br,Avenida Paris - 84 - CEP: 21041-020 - Bonsucesso,Rio de Janeiro,RJ,Centro Universitário,EAD - Superior / Presencial - Superior /,Privada,Privada sem fins lucrativos,1970-02-12,5,2023.0,5,2023.0,3,2023.0,,,,Ativa,,10-s2.0-116324601,116324601,Augusto Motta University Centre (UNISUAM),,,"['Augusto Motta University Centre (unisuam)', 'Augusto Motta University (unisuam)', 'University Center Of Augusto Motta Of Unisuam', 'University Center Augusto Motta (unisuam)', 'Rehabilitation Science Postgraduation Program – Augusto Motta University Centre (unisuam)', 'Rehabilitation Science Postgraduate Program At Augusto Motta University Centre (unisuam)', 'Centro Universitário Augusto Motta-unisuam', 'Centro Universitário Augusto Motta – Unisuam', 'Centro Universitário Augusto Motta (unisuam)', 'Augusto Motta University Center (unisuam)']",0,0,0,1
199,SOCIEDADE UNIFICADA DE ENSINO AUGUSTO MOTTA,34.008.227/0001-03,Pessoa Jurídica de Direito Privado - Sem fins lucrativos - Associação de Utilidade Pública,277,CENTRO UNIVERSITÁRIO AUGUSTO MOTTA (UNISUAM),UNISUAM,(21) 3882 9702,www.unisuam.edu.br,reitoria@unisuam.edu.br;fximenes@unisuam.edu.br;roberto.ramos@unisuam.edu.br,Avenida Paris - 84 - CEP: 21041-020 - Bonsucesso,Rio de Janeiro,RJ,Centro Universitário,EAD - Superior / Presencial - Superior /,Privada,Privada sem fins lucrativos,1970-02-12,5,2023.0,5,2023.0,3,2023.0,,,,Ativa,,10-s2.0-112876153,112876153,Centro Universitário Augusto Motta,,,"['Centro Universitário Augusto Motta', 'Universidade Augusto Motta', 'Universida De Augusto Motta', 'Centro Universitário Augusto Motta-unisuam', 'Centro Universitário Augusto Motta (unisuam/rj)', 'Centro Universitário Augusto Motta (unisuam)', 'Centro Universitario Augusto Motta', 'Augusto Motta University']",1,0,0,4
363,INSTITUTO SUPERIOR DE ENSINO CELSO LISBOA,34.354.282/0001-47,Privada sem fins lucrativos,522,CENTRO UNIVERSITÁRIO CELSO LISBOA (UCL),UCL,(21) 3289-4754,www.celsolisboa.edu.br,reitoria@celsolisboa.edu.br,Rua Vinte e Quatro de Maio - 797 - CEP: 20950-091 - Sampaio,Rio de Janeiro,RJ,Centro Universitário,EAD - Superior / Presencial - Superior /,Privada,Privada sem fins lucrativos,1972-10-14,5,2023.0,4,2023.0,3,2023.0,,,,Ativa,,10-s2.0-127287643,127287643,Centro Universitário Celso Lisboa,,,"['Centro Universitário Celso Lisboa', 'Celso Lisboa University Center']",1,0,0,1
363,INSTITUTO SUPERIOR DE ENSINO CELSO LISBOA,34.354.282/0001-47,Privada sem fins lucrativos,522,CENTRO UNIVERSITÁRIO CELSO LISBOA (UCL),UCL,(21) 3289-4754,www.celsolisboa.edu.br,reitoria@celsolisboa.edu.br,Rua Vinte e Quatro de Maio - 797 - CEP: 20950-091 - Sampaio,Rio de Janeiro,RJ,Centro Universitário,EAD - Superior / Presencial - Superior /,Privada,Privada sem fins lucrativos,1972-10-14,5,2023.0,4,2023.0,3,2023.0,,,,Ativa,,10-s2.0-101992109,101992109,Centro Universitário Celso Lisboa,,,[],1,0,0,0
336,FUNDACAO OSWALDO ARANHA,32.504.995/0001-14,Privada sem fins lucrativos,489,CENTRO UNIVERSITÁRIO DE VOLTA REDONDA (UNIFOA),UNIFOA,(24) 33408400,www.unifoa.edu.br,unifoa@foa.org.br; ivanete.oliveira@foa.org.br; fernanda.paula@foa.org.br,Avenida Dauro Peixoto Aragão - 1325 - CEP: 27240-560 - Três Poços,Volta Redonda,RJ,Centro Universitário,EAD - Superior / Presencial - Superior /,Privada,Privada sem fins lucrativos,1968-05-22,5,2024.0,5,2021.0,4,2023.0,,,,Ativa,,10-s2.0-100795720,100795720,Centro Universitário de Volta Redonda,,,"['Centro Universitário De Volta Redonda', 'Unifoa - Centro Universitário De Volta Redonda', 'Centro Universitário De Volta Redonda (unifoa)', 'Centro Universitário De Volta Redonda.', 'Centro Universitário De Volta Redonda Volta Redonda', 'Centro Universitário De Volta Redonda - Unifoa', 'Centro Universitario De Volta Redonda-unifoa']",1,0,0,2
336,FUNDACAO OSWALDO ARANHA,32.504.995/0001-14,Privada sem fins lucrativos,489,CENTRO UNIVERSITÁRIO DE VOLTA REDONDA (UNIFOA),UNIFOA,(24) 33408400,www.unifoa.edu.br,unifoa@foa.org.br; ivanete.oliveira@foa.org.br; fernanda.paula@foa.org.br,Avenida Dauro Peixoto Aragão - 1325 - CEP: 27240-560 - Três Poços,Volta Redonda,RJ,Centro Universitário,EAD - Superior / Presencial - Superior /,Privada,Privada sem fins lucrativos,1968-05-22,5,2024.0,5,2021.0,4,2023.0,,,,Ativa,,10-s2.0-113880514,113880514,Centra Universitário de Volta Redonda,,,"['Centro Universitário De Volta Redonda', 'Centra Universitário De Volta Redonda']",0,0,0,1
336,FUNDACAO OSWALDO ARANHA,32.504.995/0001-14,Privada sem fins lucrativos,489,CENTRO UNIVERSITÁRIO DE VOLTA REDONDA (UNIFOA),UNIFOA,(24) 33408400,www.unifoa.edu.br,unifoa@foa.org.br; ivanete.oliveira@foa.org.br; fernanda.paula@foa.org.br,Avenida Dauro Peixoto Aragão - 1325 - CEP: 27240-560 - Três Poços,Volta Redonda,RJ,Centro Universitário,EAD - Superior / Presencial - Superior /,Privada,Privada sem fins lucrativos,1968-05-22,5,2024.0,5,2021.0,4,2023.0,,,,Ativa,,10-s2.0-112885432,112885432,Centro Universitário de Volta Redonda,,,[],1,0,0,0
336,FUNDACAO OSWALDO ARANHA,32.504.995/0001-14,Privada sem fins lucrativos,489,CENTRO UNIVERSITÁRIO DE VOLTA REDONDA (UNIFOA),UNIFOA,(24) 33408400,www.unifoa.edu.br,unifoa@foa.org.br; ivanete.oliveira@foa.org.br; fernanda.paula@foa.org.br,Avenida Dauro Peixoto Aragão - 1325 - CEP: 27240-560 - Três Poços,Volta Redonda,RJ,Centro Universitário,EAD - Superior / Presencial - Superior /,Privada,Privada sem fins lucrativos,1968-05-22,5,2024.0,5,2021.0,4,2023.0,,,,Ativa,,10-s2.0-100806689,100806689,Centro Universitário de Volta Redonda,,,[],1,0,0,0
336,FUNDACAO OSWALDO ARANHA,32.504.995/0001-14,Privada sem fins lucrativos,489,CENTRO UNIVERSITÁRIO DE VOLTA REDONDA (UNIFOA),UNIFOA,(24) 33408400,www.unifoa.edu.br,unifoa@foa.org.br; ivanete.oliveira@foa.org.br; fernanda.paula@foa.org.br,Avenida Dauro Peixoto Aragão - 1325 - CEP: 27240-560 - Três Poços,Volta Redonda,RJ,Centro Universitário,EAD - Superior / Presencial - Superior /,Privada,Privada sem fins lucrativos,1968-05-22,5,2024.0,5,2021.0,4,2023.0,,,,Ativa,,10-s2.0-108331965,108331965,Centro Universitário de Volta Redonda (UniFOA),,,[],1,0,0,0
336,FUNDACAO OSWALDO ARANHA,32.504.995/0001-14,Privada sem fins lucrativos,489,CENTRO UNIVERSITÁRIO DE VOLTA REDONDA (UNIFOA),UNIFOA,(24) 33408400,www.unifoa.edu.br,unifoa@foa.org.br; ivanete.oliveira@foa.org.br; fernanda.paula@foa.org.br,Avenida Dauro Peixoto Aragão - 1325 - CEP: 27240-560 - Três Poços,Volta Redonda,RJ,Centro Universitário,EAD - Superior / Presencial - Superior /,Privada,Privada sem fins lucrativos,1968-05-22,5,2024.0,5,2021.0,4,2023.0,,,,Ativa,,10-s2.0-113691886,113691886,Centro Universitário de Volta Redonda (UniFOA),,,"['Centro Universitário De Volta Redonda (unifoa)', 'Centro Universitário De Volta Redonda - Unifoa', 'Unifoa-centro Universitário De Volta Redonda', 'Centro Universitário De Volta Redonda-unifoa', 'Centro Universitário De Volta Redonda']",1,0,0,2
336,FUNDACAO OSWALDO ARANHA,32.504.995/0001-14,Privada sem fins lucrativos,489,CENTRO UNIVERSITÁRIO DE VOLTA REDONDA (UNIFOA),UNIFOA,(24) 33408400,www.unifoa.edu.br,unifoa@foa.org.br; ivanete.oliveira@foa.org.br; fernanda.paula@foa.org.br,Avenida Dauro Peixoto Aragão - 1325 - CEP: 27240-560 - Três Poços,Volta Redonda,RJ,Centro Universitário,EAD - Superior / Presencial - Superior /,Privada,Privada sem fins lucrativos,1968-05-22,5,2024.0,5,2021.0,4,2023.0,,,,Ativa,,10-s2.0-114674275,114674275,Centro Universitário de Volta Redonda,,,"['Centro Universitário De Volta Redonda', 'Centro Universitário De Volta Redonda (unifoa)']",1,0,0,2
336,FUNDACAO OSWALDO ARANHA,32.504.995/0001-14,Privada sem fins lucrativos,489,CENTRO UNIVERSITÁRIO DE VOLTA REDONDA (UNIFOA),UNIFOA,(24) 33408400,www.unifoa.edu.br,unifoa@foa.org.br; ivanete.oliveira@foa.org.br; fernanda.paula@foa.org.br,Avenida Dauro Peixoto Aragão - 1325 - CEP: 27240-560 - Três Poços,Volta Redonda,RJ,Centro Universitário,EAD - Superior / Presencial - Superior /,Privada,Privada sem fins lucrativos,1968-05-22,5,2024.0,5,2021.0,4,2023.0,,,,Ativa,,10-s2.0-112751953,112751953,Centro Universitário de Volta Redonda (UniFOA),,,[],1,0,0,0
787,ASSOCIACAO DE CULTURA E EDUCACAO SANTA TERESA,68.701.929/0001-81,Privada sem fins lucrativos,1141,CENTRO UNIVERSITÁRIO GAMA E SOUZA,-,(21) 22905959 e 22901984,www.gamaesouza.edu.br,gamaesouza.edu@gmail.com;educont2017@hotmail.com,Avenida Fernando Mattos - 48 - CEP: 22261-090 - Barra da Tijuca,Rio de Janeiro,RJ,Centro Universitário,EAD - Superior / Presencial - Superior /,Privada,Privada sem fins lucrativos,1998-07-14,4,2018.0,3,2018.0,3,2023.0,,,,Ativa,,10-s2.0-123894791,123894791,Centro Universitário Gama e Souza,,,[],1,0,0,0
329,FUNDACAO EDUCACIONAL ROSEMAR PIMENTEL,28.577.153/0001-15,Privada sem fins lucrativos,1542,CENTRO UNIVERSITÁRIO GERALDO DI BIASE (UGB),UGB,(24) 3345.1708,www.ugb.edu.br,reitoria@ugb.edu.br,Rua Deputado Geraldo Di Biase - 81 - CEP: 27213-080 - Aterrado,Volta Redonda,RJ,Centro Universitário,EAD - Superior / Presencial - Superior /,Privada,Privada sem fins lucrativos,2000-07-07,4,2023.0,4,2023.0,3,2023.0,,,,Ativa,,10-s2.0-127973474,127973474,Centro Universitário Geraldo Di Biase,,,['Centro Universitário Geraldo Di Biase'],1,0,0,1
329,FUNDACAO EDUCACIONAL ROSEMAR PIMENTEL,28.577.153/0001-15,Privada sem fins lucrativos,1542,CENTRO UNIVERSITÁRIO GERALDO DI BIASE (UGB),UGB,(24) 3345.1708,www.ugb.edu.br,reitoria@ugb.edu.br,Rua Deputado Geraldo Di Biase - 81 - CEP: 27213-080 - Aterrado,Volta Redonda,RJ,Centro Universitário,EAD - Superior / Presencial - Superior /,Privada,Privada sem fins lucrativos,2000-07-07,4,2023.0,4,2023.0,3,2023.0,,,,Ativa,,10-s2.0-116277583,116277583,Centro Universitário Geraldo Di Biase,,,"['Centro Universitário Geraldo Di Biase', 'Universidade Geraldo Di Biase', 'Centro Universitário Geraldo Di Biase - Ugb', '(university Center Geraldo Di Biase)']",1,0,0,1
330,FESO FUNDACAO EDUCACIONAL SERRA DOS ORGAOS,32.190.092/0001-06,Privada sem fins lucrativos,480,CENTRO UNIVERSITÁRIO SERRA DOS ÓRGÃOS (UNIFESO),UNIFESO,(21) 2641-7072,www.unifeso.edu.br,reitoria@unifeso.edu.br,Avenida Alberto Torres - 111 - CEP: 25964-004 - Alto,Teresópolis,RJ,Centro Universitário,EAD - Superior / Presencial - Superior /,Privada,Privada sem fins lucrativos,1970-04-13,5,2023.0,5,2022.0,4,2023.0,,,,Ativa,,10-s2.0-60011847,60011847,Fundação Educacional Serra dos Órgãos,unifeso.edu.br,https://www.unifeso.edu.br/sobre-feso.php,"['Serra dos Órgãos Educational Foundation', 'Fundação Educacional Serra dos Órgãos']",0,0,1,0
330,FESO FUNDACAO EDUCACIONAL SERRA DOS ORGAOS,32.190.092/0001-06,Privada sem fins lucrativos,480,CENTRO UNIVERSITÁRIO SERRA DOS ÓRGÃOS (UNIFESO),UNIFESO,(21) 2641-7072,www.unifeso.edu.br,reitoria@unifeso.edu.br,Avenida Alberto Torres - 111 - CEP: 25964-004 - Alto,Teresópolis,RJ,Centro Universitário,EAD - Superior / Presencial - Superior /,Privada,Privada sem fins lucrativos,1970-04-13,5,2023.0,5,2022.0,4,2023.0,,,,Ativa,,10-s2.0-60290457,60290457,Centro Universitário Serra dos Órgãos,unifeso.edu.br,https://www.unifeso.edu.br/,"['Centro Universitário Serra dos Órgãos', 'Serra dos Orgãos University Center']",1,1,1,1
16593,COLEGIO PEDRO II,42.414.284/0001-02,Pessoa Jurídica de Direito Público - Federal,21503,COLÉGIO PEDRO II (CP II),CP II,21 2163 5808 / 21 2163 5809,www.cp2.g12.br,reitoriagab@cp2.g12.br,"Campo de São Cristóvão, Colégio Pedro II - 177 - CEP: 20921-903 - São Cristóvão",Rio de Janeiro,RJ,"Instituto Federal de Educação, Ciência e Tecnologia",EAD - Superior / Presencial - Superior,Publica,Pública Federal,2012-06-26,-,,-,,-,,,,,Ativa,,10-s2.0-117643009,117643009,Colégio Pedro II,,,['Colégio Pedro Ii'],1,0,0,1
16593,COLEGIO PEDRO II,42.414.284/0001-02,Pessoa Jurídica de Direito Público - Federal,21503,COLÉGIO PEDRO II (CP II),CP II,21 2163 5808 / 21 2163 5809,www.cp2.g12.br,reitoriagab@cp2.g12.br,"Campo de São Cristóvão, Colégio Pedro II - 177 - CEP: 20921-903 - São Cristóvão",Rio de Janeiro,RJ,"Instituto Federal de Educação, Ciência e Tecnologia",EAD - Superior / Presencial - Superior,Publica,Pública Federal,2012-06-26,-,,-,,-,,,,,Ativa,,10-s2.0-114064653,114064653,Colégio Pedro II,,,['Colégio Pedro Ii'],1,0,0,1
16593,COLEGIO PEDRO II,42.414.284/0001-02,Pessoa Jurídica de Direito Público - Federal,21503,COLÉGIO PEDRO II (CP II),CP II,21 2163 5808 / 21 2163 5809,www.cp2.g12.br,reitoriagab@cp2.g12.br,"Campo de São Cristóvão, Colégio Pedro II - 177 - CEP: 20921-903 - São Cristóvão",Rio de Janeiro,RJ,"Instituto Federal de Educação, Ciência e Tecnologia",EAD - Superior / Presencial - Superior,Publica,Pública Federal,2012-06-26,-,,-,,-,,,,,Ativa,,10-s2.0-101924175,101924175,Colégio Pedro II,,,"['Colégio Pedro Ii', 'Pedro Ii School', 'Col Pedro Ii']",1,0,0,1
16593,COLEGIO PEDRO II,42.414.284/0001-02,Pessoa Jurídica de Direito Público - Federal,21503,COLÉGIO PEDRO II (CP II),CP II,21 2163 5808 / 21 2163 5809,www.cp2.g12.br,reitoriagab@cp2.g12.br,"Campo de São Cristóvão, Colégio Pedro II - 177 - CEP: 20921-903 - São Cristóvão",Rio de Janeiro,RJ,"Instituto Federal de Educação, Ciência e Tecnologia",EAD - Superior / Presencial - Superior,Publica,Pública Federal,2012-06-26,-,,-,,-,,,,,Ativa,,10-s2.0-100861712,100861712,Colégio Pedro II,,,"['Colégio Pedro Ii', 'Colegio Pedro Ii']",1,0,0,2
16593,COLEGIO PEDRO II,42.414.284/0001-02,Pessoa Jurídica de Direito Público - Federal,21503,COLÉGIO PEDRO II (CP II),CP II,21 2163 5808 / 21 2163 5809,www.cp2.g12.br,reitoriagab@cp2.g12.br,"Campo de São Cristóvão, Colégio Pedro II - 177 - CEP: 20921-903 - São Cristóvão",Rio de Janeiro,RJ,"Instituto Federal de Educação, Ciência e Tecnologia",EAD - Superior / Presencial - Superior,Publica,Pública Federal,2012-06-26,-,,-,,-,,,,,Ativa,,10-s2.0-60109297,60109297,"Colégio Pedro II, Brazil",,https://www.cp2.g12.br/,"['Colégio Pedro II, Brazil']",0,1,0,0
110,FUNDACAO GETULIO VARGAS,33.641.663/0001-44,Privada sem fins lucrativos,1851,ESCOLA BRASILEIRA DE ADMINISTRAÇÃO PÚBLICA E DE EMPRESAS (EBAPE),EBAPE,(21)3083-2734,www.ebape.fgv.br,regulacao.avaliacao@fgv.br,Rua Jornalista Orlando Dantas - 30 - CEP: 22231-010 - Botafogo,Rio de Janeiro,RJ,Faculdade,EAD - Superior / Presencial - Superior /,Privada,Privada sem fins lucrativos,2001-03-29,5,2023.0,5,2017.0,5,2023.0,,,,Ativa,,10-s2.0-101835807,101835807,Escola Brasileira de Administracao Publica e de Empresas,,,"['Escola Brasileira De Administracao Publica E De Empresas', 'Brasileira De Administração Pública E De Empresas', 'Escola Brasileira De Administração Pública E De Empresas (ebape)', 'Escola Brasileira De Administração Pública E De', 'Escola Brasileira De Administração Publica E De', 'Escola Brasileira De Administracao Pública E De Empresas']",1,0,0,3
409,COMANDO DO EXERCITO,00.394.452/0001-03,Pessoa Jurídica de Direito Público - Federal,21418,Escola de Aperfeiçoamento de Oficiais (EsAO),EsAO,21 2450-8500,www.esao.ensino.eb.br,esao@esao.ensino.eb.br,Avenida Duque de Caxias - 2071 - CEP: 21615-220 - Deodoro,Rio de Janeiro,RJ,Instituição Especialmente Credenciada para oferta de cursos lato sensu,Presencial - Superior,Publica,Pública Federal,2000-11-14,-,,-,,-,,,,,Ativa,,10-s2.0-109487724,109487724,Escola de Aperfeiçoamento de Oficiais,,,"['Escola de Aperfeiçoamento de Oficiais', 'Escola de Aperfeiçoamento de Oficiais']",1,0,0,2
409,COMANDO DO EXERCITO,00.394.452/0001-03,Pessoa Jurídica de Direito Público - Federal,21436,Escola de Comando e Estado-Maior do Exército (ECEME),ECEME,,www.eceme.ensino.eb.br,imm@eceme.ensino.eb.br,Praça General Tiburcio - 125 - CEP: 22290-270 - Urca,Rio de Janeiro,RJ,Instituição Especialmente Credenciada para oferta de cursos lato sensu,Presencial - Superior,Publica,Pública Federal,2000-11-14,-,,-,,-,,,,,Ativa,,10-s2.0-113372757,113372757,Escola de Comando e Estado-Maior do Exército,,,"['Escola De Comando E Estado-maior Do Exército', 'Escola De Comando E Estado-maior Do Exército (eceme)', 'Escola De Comando E Estado-maior Do Exercito-instituto Meira Mattos', 'Escola De Comando E Estado Maior Do Exército (eceme)', 'Escola De Comando E Estado Maior De Exército - Eceme']",1,0,0,2
409,COMANDO DO EXERCITO,00.394.452/0001-03,Pessoa Jurídica de Direito Público - Federal,21436,Escola de Comando e Estado-Maior do Exército (ECEME),ECEME,,www.eceme.ensino.eb.br,imm@eceme.ensino.eb.br,Praça General Tiburcio - 125 - CEP: 22290-270 - Urca,Rio de Janeiro,RJ,Instituição Especialmente Credenciada para oferta de cursos lato sensu,Presencial - Superior,Publica,Pública Federal,2000-11-14,-,,-,,-,,,,,Ativa,,10-s2.0-116434677,116434677,Escola de Comando e Estado-Maior do Exército (ECEME),,,"['Escola De Comando E Estado-maior Do Exército (eceme)', 'Escola De Comando E Estado Maior Do Exército (eceme']",1,0,0,1
409,COMANDO DO EXERCITO,00.394.452/0001-03,Pessoa Jurídica de Direito Público - Federal,21206,Escola de Educação Física do Exército (EsEFEx),EsEFEx,2125862230,www.esefex.eb.br,comsoc@esefex.eb.br,Avenida João Luís Alves - sn - CEP: 22291-090 - Urca,Rio de Janeiro,RJ,Faculdade,Presencial - Superior,Publica,Pública Federal,2000-12-14,-,,-,,-,,,,,Ativa,,10-s2.0-115999578,115999578,Escola de Educação Física do Exército,,,[],1,0,0,0
409,COMANDO DO EXERCITO,00.394.452/0001-03,Pessoa Jurídica de Direito Público - Federal,21441,Escola de Equitação do Exército (EsEqEx),EsEqEx,,www.eseqex.ensino.eb.br,eseqex@decex.ensino.eb.br,Avenida Duque de Caxias - 1965 - CEP: 21615-220 - Deodoro,Rio de Janeiro,RJ,Instituição Especialmente Credenciada para oferta de cursos lato sensu,Presencial - Superior,Publica,Pública Federal,2000-11-14,-,,-,,-,,,,,Ativa,,10-s2.0-112733883,112733883,Escola de Equitação do Exército,,,"['Escola De Equitação Do Exército', 'Escola De Equitaçao Do Exército']",1,0,0,2
26,FUNDACAO INSTIT BRAS DE GEOGRAFIA E ESTATISTICA IBGE,33.787.094/0001-40,Pessoa Jurídica de Direito Público - Federal,26,ESCOLA NACIONAL DE CIÊNCIAS ESTATÍSTICAS (ENCE),ENCE,(21) 2142 4684,http://www.ence.ibge.gov.br,grc@ibge.gov.br,Rua André Cavalcanti - 106 - CEP: 20231-050 - Santa Teresa,Rio de Janeiro,RJ,Faculdade,EAD - Superior / Presencial - Superior /,Publica,Pública Federal,1953-03-06,4,2024.0,-,,4,2011.0,,,,Ativa,,10-s2.0-119592403,119592403,Escola Nacional de Ciências Estatísticas (ENCE IBGE),,,['Escola Nacional De Ciências Estatísticas (ence Ibge)'],1,0,0,1
26,FUNDACAO INSTIT BRAS DE GEOGRAFIA E ESTATISTICA IBGE,33.787.094/0001-40,Pessoa Jurídica de Direito Público - Federal,26,ESCOLA NACIONAL DE CIÊNCIAS ESTATÍSTICAS (ENCE),ENCE,(21) 2142 4684,http://www.ence.ibge.gov.br,grc@ibge.gov.br,Rua André Cavalcanti - 106 - CEP: 20231-050 - Santa Teresa,Rio de Janeiro,RJ,Faculdade,EAD - Superior / Presencial - Superior /,Publica,Pública Federal,1953-03-06,4,2024.0,-,,4,2011.0,,,,Ativa,,10-s2.0-101897751,101897751,Escola Nacional de Ciências Estatísticas,,,[],1,0,0,0
26,FUNDACAO INSTIT BRAS DE GEOGRAFIA E ESTATISTICA IBGE,33.787.094/0001-40,Pessoa Jurídica de Direito Público - Federal,26,ESCOLA NACIONAL DE CIÊNCIAS ESTATÍSTICAS (ENCE),ENCE,(21) 2142 4684,http://www.ence.ibge.gov.br,grc@ibge.gov.br,Rua André Cavalcanti - 106 - CEP: 20231-050 - Santa Teresa,Rio de Janeiro,RJ,Faculdade,EAD - Superior / Presencial - Superior /,Publica,Pública Federal,1953-03-06,4,2024.0,-,,4,2011.0,,,,Ativa,,10-s2.0-100936731,100936731,Escola Nacional de Ciências Estatísticas,,,[],1,0,0,0
412,ASSOCIACAO ESCOLA SUPERIOR DE PROPAGANDA E MARKETING,61.825.675/0001-64,Pessoa Jurídica de Direito Privado - Sem fins lucrativos - Associação de Utilidade Pública,944,ESCOLA SUPERIOR DE PROPAGANDA E MARKETING DO RIO DE JANEIRO (ESPM),ESPM,(21)22162000,www.espm.br,sonia@espm.br; elongo@espm.br,Ladeira da Glória - 26 - CEP: 22211-120 - Glória,Rio de Janeiro,RJ,Faculdade,EAD - Superior / Presencial - Superior /,Privada,Privada sem fins lucrativos,1995-09-14,5,2023.0,4,2022.0,4,2023.0,,,,Ativa,,10-s2.0-60084121,60084121,Escola Superior de Propaganda e Marketing,espm.br,https://www.espm.br/en/,[],0,0,1,0
845,CENTRO DE FORMACAO PROFISSIONAL BEZERRA DE ARAUJO LTDA.,42.123.885/0001-66,Privada com fins lucrativos,1263,FACULDADE BEZERRA DE ARAÚJO (FABA),FABA,(21)992207268,www.bezerradearaujo.com.br,direcaofaba@bezerradearaujo.com.br,Rua Viúva Dantas - 501 - CEP: 23052-090 - Campo Grande,Rio de Janeiro,RJ,Faculdade,EAD - Superior / EAD - Lato-sensu / Presencial - Superior /,Privada,Privada com fins lucrativos,1999-02-17,4,2023.0,4,2019.0,2,2023.0,,,,Ativa,,10-s2.0-125988616,125988616,Faculdade Bezerra de Araújo,,,[],1,0,0,0
845,CENTRO DE FORMACAO PROFISSIONAL BEZERRA DE ARAUJO LTDA.,42.123.885/0001-66,Privada com fins lucrativos,1263,FACULDADE BEZERRA DE ARAÚJO (FABA),FABA,(21)992207268,www.bezerradearaujo.com.br,direcaofaba@bezerradearaujo.com.br,Rua Viúva Dantas - 501 - CEP: 23052-090 - Campo Grande,Rio de Janeiro,RJ,Faculdade,EAD - Superior / EAD - Lato-sensu / Presencial - Superior /,Privada,Privada com fins lucrativos,1999-02-17,4,2023.0,4,2019.0,2,2023.0,,,,Ativa,,10-s2.0-112688396,112688396,Faculdade Bezerra de Araújo,,,"['Faculdade Bezerra De Araújo', 'Faculdade Bezerra De Araújo (faba)', 'Faculdade Bezerra De Araújo – Faba', 'Bezerra De Araújo Faculty (faba)', 'Bezerra De Araújo College']",1,0,0,2
845,CENTRO DE FORMACAO PROFISSIONAL BEZERRA DE ARAUJO LTDA.,42.123.885/0001-66,Privada com fins lucrativos,1263,FACULDADE BEZERRA DE ARAÚJO (FABA),FABA,(21)992207268,www.bezerradearaujo.com.br,direcaofaba@bezerradearaujo.com.br,Rua Viúva Dantas - 501 - CEP: 23052-090 - Campo Grande,Rio de Janeiro,RJ,Faculdade,EAD - Superior / EAD - Lato-sensu / Presencial - Superior /,Privada,Privada com fins lucrativos,1999-02-17,4,2023.0,4,2019.0,2,2023.0,,,,Ativa,,10-s2.0-123606337,123606337,Faculdade Bezerra de Araújo,,,[],1,0,0,0
904,FUNDACAO DE APOIO A ESCOLA TECNICA DO EST.RIO DE JANEIRO,31.608.763/0001-43,Pessoa Jurídica de Direito Público - Estadual,19588,Faculdade de Educação Tecnológica do Estado do Rio de Janeiro (FAETERJ CAXIAS),FAETERJ CAXIAS,21 3661-6980,http://www.faeterj-caxias.net,jmaurobianchi@hotmail.com,Rua Almirante Cochrane - s/n - CEP: 25271-000 - Santa Lúcia - Imbariê,Duque de Caxias,RJ,Faculdade,Presencial - Superior,Publica,Pública Estadual,2011-08-17,-,,-,,3,2023.0,,,,Ativa,,10-s2.0-112747308,112747308,Faculdade de Educação Tecnológica do Estado do Rio de Janeiro-FAETERJ (FAETEC),,,"['Faculdade De Educação Tecnológica Do Estado Do Rio De Janeiro-faeterj (faetec)', 'Secretaria Do Estado De Saúde Do Rio De Janeiro', 'Secretaria De Saúde Do Município Do Rio De Janeiro', 'Faculdade De Educação Tecnológica Do Estado Do Rio De Janeiro (faeterj)']",0,0,0,1
904,FUNDACAO DE APOIO A ESCOLA TECNICA DO EST.RIO DE JANEIRO,31.608.763/0001-43,Pessoa Jurídica de Direito Público - Estadual,5053,FACULDADE DE EDUCAÇÃO TECNOLÓGICA DO ESTADO DO RIO DE JANEIRO (FAETERJ PARACAMBI),FAETERJ PARACAMBI,(21) 3693-3066,www.faetec.gov.br/desup,faeterj.direcao@gmail.com,Rua Sebastião de Lacerda - s/n - CEP: 26600-000 - Bairro da Fábrica,Paracambi,RJ,Faculdade,EAD - Superior / Presencial - Superior /,Publica,Pública Estadual,2000-11-14,-,,-,,3,2023.0,,,,Ativa,,10-s2.0-112747308,112747308,Faculdade de Educação Tecnológica do Estado do Rio de Janeiro-FAETERJ (FAETEC),,,"['Faculdade De Educação Tecnológica Do Estado Do Rio De Janeiro-faeterj (faetec)', 'Secretaria Do Estado De Saúde Do Rio De Janeiro', 'Secretaria De Saúde Do Município Do Rio De Janeiro', 'Faculdade De Educação Tecnológica Do Estado Do Rio De Janeiro (faeterj)']",0,0,0,1
348,FUNDACAO BENEDITO PEREIRA NUNES,28.964.252/0001-50,Privada sem fins lucrativos,506,FACULDADE DE MEDICINA DE CAMPOS (FMC),FMC,(22) 2101-2929,www.fmc.br,fmc@fbpn-campos.com.br; diretor@fbpn-campos.com.br;therezinhastange@gmail.com,Avenida Alberto Torres - 217 - CEP: 28035-581 - Centro,Campos dos Goytacazes,RJ,Faculdade,Presencial - Superior,Privada,Privada sem fins lucrativos,1967-09-21,4,2019.0,-,,3,2023.0,,,,Ativa,,10-s2.0-60016871,60016871,Faculdade de Medicina de Campos,fmc.br,,['Faculdade de Medicina de Campos'],1,0,1,1
328,FUNDACAO OCTACILIO GUALBERTO,34.034.959/0001-60,Privada sem fins lucrativos,475,FACULDADE DE MEDICINA DE PETRÓPOLIS (FMP),FMP,(24) 22446452/22446456/22446451,www.unifase-rj.edu.br,fog@unifase-rj.edu.br,Avenida Barão do Rio Branco - 1003 - CEP: 25680-120 - Centro,Petrópolis,RJ,Faculdade,Presencial - Superior,Privada,Privada sem fins lucrativos,1967-08-18,5,2024.0,-,,4,2023.0,,,Unificação de Mantidas,Ativa,,10-s2.0-112962693,112962693,Curso de Medicina da Faculdade de Medicina de Petrópolis,,,"['Faculdade de Medicina de Petrópolis', 'Faculdade de Medicina de Petrópolis (FMP)', 'Faculdade de Medicina de Petrópolis (FMP)', 'Curso de Medicina da Faculdade de Medicina de Petrópolis']",0,0,0,3
328,FUNDACAO OCTACILIO GUALBERTO,34.034.959/0001-60,Privada sem fins lucrativos,475,FACULDADE DE MEDICINA DE PETRÓPOLIS (FMP),FMP,(24) 22446452/22446456/22446451,www.unifase-rj.edu.br,fog@unifase-rj.edu.br,Avenida Barão do Rio Branco - 1003 - CEP: 25680-120 - Centro,Petrópolis,RJ,Faculdade,Presencial - Superior,Privada,Privada sem fins lucrativos,1967-08-18,5,2024.0,-,,4,2023.0,,,Unificação de Mantidas,Ativa,,10-s2.0-100482660,100482660,Faculdade de Medicina de Petrópolis,,,[],1,0,0,0
328,FUNDACAO OCTACILIO GUALBERTO,34.034.959/0001-60,Privada sem fins lucrativos,475,FACULDADE DE MEDICINA DE PETRÓPOLIS (FMP),FMP,(24) 22446452/22446456/22446451,www.unifase-rj.edu.br,fog@unifase-rj.edu.br,Avenida Barão do Rio Branco - 1003 - CEP: 25680-120 - Centro,Petrópolis,RJ,Faculdade,Presencial - Superior,Privada,Privada sem fins lucrativos,1967-08-18,5,2024.0,-,,4,2023.0,,,Unificação de Mantidas,Ativa,,10-s2.0-128200765,128200765,Faculdade de Medicina de Petrópolis,,,['Faculdade De Medicina De Petrópolis'],1,0,0,1
328,FUNDACAO OCTACILIO GUALBERTO,34.034.959/0001-60,Privada sem fins lucrativos,475,FACULDADE DE MEDICINA DE PETRÓPOLIS (FMP),FMP,(24) 22446452/22446456/22446451,www.unifase-rj.edu.br,fog@unifase-rj.edu.br,Avenida Barão do Rio Branco - 1003 - CEP: 25680-120 - Centro,Petrópolis,RJ,Faculdade,Presencial - Superior,Privada,Privada sem fins lucrativos,1967-08-18,5,2024.0,-,,4,2023.0,,,Unificação de Mantidas,Ativa,,10-s2.0-108406550,108406550,Faculdade de Medicina de Petrópolis,,,"['Faculdade De Medicina De Petrópolis', 'Faculdade De Medicina De Petropolis', 'Faculdade De Medicina De Petrópolis -', 'Faculdade De Medicina De Petropólis', 'Faculdade De Medicina De Petropolis -']",1,0,0,3
328,FUNDACAO OCTACILIO GUALBERTO,34.034.959/0001-60,Privada sem fins lucrativos,475,FACULDADE DE MEDICINA DE PETRÓPOLIS (FMP),FMP,(24) 22446452/22446456/22446451,www.unifase-rj.edu.br,fog@unifase-rj.edu.br,Avenida Barão do Rio Branco - 1003 - CEP: 25680-120 - Centro,Petrópolis,RJ,Faculdade,Presencial - Superior,Privada,Privada sem fins lucrativos,1967-08-18,5,2024.0,-,,4,2023.0,,,Unificação de Mantidas,Ativa,,10-s2.0-114887063,114887063,Faculdade de Medicina de Petrópolis,,,[],1,0,0,0
328,FUNDACAO OCTACILIO GUALBERTO,34.034.959/0001-60,Privada sem fins lucrativos,475,FACULDADE DE MEDICINA DE PETRÓPOLIS (FMP),FMP,(24) 22446452/22446456/22446451,www.unifase-rj.edu.br,fog@unifase-rj.edu.br,Avenida Barão do Rio Branco - 1003 - CEP: 25680-120 - Centro,Petrópolis,RJ,Faculdade,Presencial - Superior,Privada,Privada sem fins lucrativos,1967-08-18,5,2024.0,-,,4,2023.0,,,Unificação de Mantidas,Ativa,,10-s2.0-126580716,126580716,Faculdade de Medicina de Petrópolis (FMP),,,"['Fmp-faculdade De Medicina De Petrópolis', 'Faculdade De Medicina De Petrópolis/fmp', 'Faculdade De Medicina De Petrópolis (fmp)', 'Faculdade De Medicina De Petrópolis']",1,0,0,2
328,FUNDACAO OCTACILIO GUALBERTO,34.034.959/0001-60,Privada sem fins lucrativos,475,FACULDADE DE MEDICINA DE PETRÓPOLIS (FMP),FMP,(24) 22446452/22446456/22446451,www.unifase-rj.edu.br,fog@unifase-rj.edu.br,Avenida Barão do Rio Branco - 1003 - CEP: 25680-120 - Centro,Petrópolis,RJ,Faculdade,Presencial - Superior,Privada,Privada sem fins lucrativos,1967-08-18,5,2024.0,-,,4,2023.0,,,Unificação de Mantidas,Ativa,,10-s2.0-127285896,127285896,Faculdade de Medicina de Petrópolis,,,['Faculdade De Medicina De Petrópolis'],1,0,0,1
17833,FAMA CONSULTORIA EDUCACIONAL LTDA,15.057.704/0001-78,Privada com fins lucrativos,640,Faculdade Maria Thereza (FAMATH),FAMATH,(21) 27073513,www.famath.com.br,gbastossoares@gmail.com,Avenida Visconde do Rio Branco - 869 - CEP: 24020-006 - Centro,Niterói,RJ,Faculdade,Presencial - Superior,Privada,Privada com fins lucrativos,1975-03-19,3,2017.0,4,2021.0,3,2023.0,,,,Ativa,,10-s2.0-116658117,116658117,Faculdade Maria Thereza,,,[],1,0,0,0
17833,FAMA CONSULTORIA EDUCACIONAL LTDA,15.057.704/0001-78,Privada com fins lucrativos,640,Faculdade Maria Thereza (FAMATH),FAMATH,(21) 27073513,www.famath.com.br,gbastossoares@gmail.com,Avenida Visconde do Rio Branco - 869 - CEP: 24020-006 - Centro,Niterói,RJ,Faculdade,Presencial - Superior,Privada,Privada com fins lucrativos,1975-03-19,3,2017.0,4,2021.0,3,2023.0,,,,Ativa,,10-s2.0-105882376,105882376,Faculdades Integradas Maria Thereza,,,"['Faculdades Integradas Maria Thereza', 'Faculdade Maria Thereza', 'Faculdades Maria Thereza']",0,0,0,1
15582,SERVICO NACIONAL DE APRENDIZAGEM INDUSTRIAL SENAI,03.848.688/0001-52,Pessoa Jurídica de Direito Privado - Sem fins lucrativos - Sociedade,16967,FACULDADE SENAI RIO,-,21 25871200,www.faculdadesenairio.edu.br,lsgomes@firjan.com.br,Rua Mariz e Barros - 678 - CEP: 20270-002 - Tijuca,Rio de Janeiro,RJ,Faculdade,Presencial - Superior,Privada,Privada sem fins lucrativos,2013-11-04,4,2019.0,-,,-,,,,,Ativa,,10-s2.0-120477422,120477422,Faculdade SENAI Rio,,,['Faculdade Senai Rio'],1,0,0,1
19875,LION COMUNICACOES E AUDIO VISUAL LTDA,40.432.320/0001-35,Privada com fins lucrativos,278,FACULDADES INTEGRADAS SIMONSEN (FIS),FIS,(21) 34396444,www.simonsen.br,pi@simonsen.br;,Rua Sílvio Fontes (End. provisório) - 10 - CEP: 21833-070 - Senador Camará,Rio de Janeiro,RJ,Faculdade,EAD - Superior / Presencial - Superior /,Privada,Privada com fins lucrativos,1971-08-26,1,2023.0,4,2015.0,2,2023.0,,,Suspensão contrato FIES,Ativa,,10-s2.0-115386634,115386634,Escolas Faculdades Integradas Simonsen,,,"['Faculdades Integradas Simonsen', 'Escolas Faculdades Integradas Simonsen']",0,0,0,1
16339,FUNDACAO OSWALDO CRUZ,33.781.055/0001-35,Pessoa Jurídica de Direito Público - Federal,20342,Fundação Oswaldo Cruz (Fiocruz),Fiocruz,(21)38851659,www.fiocruz.br,vpeic@fiocruz.br,Fundação Oswaldo Cruz - 4365 - CEP: 21040-900 - Manguinhos,Rio de Janeiro,RJ,Escola de Governo,Escola do Governo,Publica,Pública Federal,2017-03-13,4,2016.0,-,,-,,,,,Ativa,,10-s2.0-60026004,60026004,Fundacao Oswaldo Cruz,portal.fiocruz.br,https://portal.fiocruz.br/en,"['Fundacao Oswaldo Cruz', 'Oswaldo Cruz Foundation', 'Fiocruz']",1,0,0,1
16339,FUNDACAO OSWALDO CRUZ,33.781.055/0001-35,Pessoa Jurídica de Direito Público - Federal,20342,Fundação Oswaldo Cruz (Fiocruz),Fiocruz,(21)38851659,www.fiocruz.br,vpeic@fiocruz.br,Fundação Oswaldo Cruz - 4365 - CEP: 21040-900 - Manguinhos,Rio de Janeiro,RJ,Escola de Governo,Escola do Governo,Publica,Pública Federal,2017-03-13,4,2016.0,-,,-,,,,,Ativa,,10-s2.0-132263028,132263028,Fundação Oswaldo Cruz,,,[],1,0,0,0
18277,ASSOCIACAO INSTITUTO NACIONAL DE MATEMATICA PURA E APLICADA,03.447.568/0001-43,Pessoa Jurídica de Direito Privado - Sem fins lucrativos - Associação de Utilidade Pública,26541,Instituto de Matemática Pura e Aplicada e Tecnologia (IMPA Tech),IMPA Tech,,impa.br,viana@impa.br,Avenida Professor Pereira Reis - 76 - CEP: 20220-800 - Santo Cristo,Rio de Janeiro,RJ,Faculdade,Presencial - Superior,Privada,Privada sem fins lucrativos,2023-12-07,5,2023.0,-,,-,,,,,Ativa,,10-s2.0-60026080,60026080,"Instituto Nacional de Matematica Pura E Aplicada, Rio de Janeiro",impa.br,http://www.impa.br,"['Instituto Nacional de Matematica Pura E Aplicada, Rio de Janeiro']",0,1,1,0
9113,"INSTITUTO FEDERAL DE EDUCACAO, CIENCIA E TECNOLOGIA DO RIO DE JANEIRO",10.952.708/0001-04,Pessoa Jurídica de Direito Público - Federal,3163,"INSTITUTO FEDERAL DE EDUCAÇÃO, CIÊNCIA E TECNOLOGIA DO RIO DE JANEIRO (IFRJ)",IFRJ,(21) 2566-7730 / (21) 2566-7711,https://portal.ifrj.edu.br/,gr@ifrj.edu.br;gilberto.junior@ifrj.edu.br;proen@ifrj.edu.br;dpde@ifrj.edu.br;degrad@ifrj.edu.br,Rua Senador Furtado - 121 - 125 - CEP: 20270-021 - Maracanã,Rio de Janeiro,RJ,"Instituto Federal de Educação, Ciência e Tecnologia",EAD - Superior / Presencial - Superior /,Publica,Pública Federal,1999-12-03,4,2015.0,-,,4,2023.0,,,,Ativa,,10-s2.0-60101679,60101679,"Instituto Federal de Educação, Ciência e Tecnologia do Rio de Janeiro",ifrj.edu.br,https://www.ifrj.edu.br/,"['Instituto Federal de Educação, Ciência e Tecnologia do Rio de Janeiro', 'Federal Institute of Education, Science and Technology of Rio de Janeiro']",1,0,0,1
9068,"INSTITUTO FEDERAL DE EDUCACAO, CIENCIA E TECNOLOGIA FLUMINENSE.",10.779.511/0001-07,Pessoa Jurídica de Direito Público - Federal,1120,"INSTITUTO FEDERAL DE EDUCAÇÃO, CIÊNCIA E TECNOLOGIA FLUMINENSE (IF Fluminense)",IF Fluminense,(22) 27375624,www.iff.edu.br,reitoria@iff.edu.br,Rua Doutor Siqueira - 273 - CEP: 28030-130 - Parque Dom Bosco,Campos dos Goytacazes,RJ,"Instituto Federal de Educação, Ciência e Tecnologia",EAD - Superior / Presencial - Superior /,Publica,Pública Federal,1998-01-19,5,2023.0,-,,4,2023.0,,,,Ativa,,10-s2.0-60271908,60271908,"Instituto Federal de Educação, Ciência e Tecnologia Fluminense – IFFluminense",portal1.iff.edu.br,https://portal1.iff.edu.br/,"['Instituto Federal de Educação, Ciência e Tecnologia Fluminense – IFFluminense', 'Instituto Federal de Educação, Ciência e Tecnologia Fluminense', 'Fluminense Federal Institute of Education, Science and Technology']",0,0,0,1
17169,INSTITUTO MILITAR DE ENGENHARIA,08.711.015/0001-70,Pessoa Jurídica de Direito Público - Federal,633,INSTITUTO MILITAR DE ENGENHARIA (IME),IME,(21) 2546 7080,www.ime.eb.br,comando.ime@ime.eb.br,Praça General Tibúrcio - 80 - CEP: 22290-270 - URCA,Rio de Janeiro,RJ,Faculdade,EAD - Superior / Presencial - Superior /,Publica,Pública Federal,1928-12-31,5,2024.0,-,,5,2023.0,,,,Ativa,,10-s2.0-60021970,60021970,Instituto Militar de Engenharia,ime.eb.br,http://www.ime.eb.br/,[],1,1,1,0
391,MINISTERIO DA EDUCACAO,00.394.445/0188-17,Pessoa Jurídica de Direito Público - Federal,4016,INSTITUTO NACIONAL DE EDUCAÇÃO DE SURDOS (INES),INES,(21) 2285 7546,www.ines.gov.br,dirge@ines.gov.br,Rua das Laranjeiras - 232 - CEP: 22240-001 - Laranjeiras,Rio de Janeiro,RJ,Faculdade,EAD - Superior / Presencial - Superior /,Publica,Pública Federal,2004-07-29,3,2023.0,4,2023.0,4,2023.0,,,,Ativa,,10-s2.0-116244450,116244450,Instituto Nacional de Educação de Surdos,,,"['Instituto Nacional De Educação De Surdos', 'Instituto Nacional De Educação De Surdos (ines)', 'Instituto Nacional De Educação De Surdos.', 'Instituto Nacional De Educação De Surdos - Núcleo De Educação Online']",1,0,0,2
2331,FUNDACAO UNIVERSITARIA DE ITAPERUNA,39.217.278/0001-50,Pessoa Jurídica de Direito Público - Municipal,3682,INSTITUTO SUPERIOR DE EDUCAÇÃO DO MUNICÍPIO DE ITAPERUNA (ISEMI),ISEMI,(22) 3824 6519,www.funita.edu.br,funita@funita.edu.br,Rua Luis Carlos Ferreira Tirado - 148 - CEP: 28300-000 - Cidade Nova,Itaperuna,RJ,Faculdade,EAD - Superior / Presencial - Superior /,Publica,Pública Municipal,1999-12-16,-,,-,,3,2023.0,,,,Ativa,,10-s2.0-116238036,116238036,Instituto Superior de Educação Do Município de Itaperuna,,,['Instituto Superior de Educação Do Município de Itaperuna'],1,0,0,1
904,FUNDACAO DE APOIO A ESCOLA TECNICA DO EST.RIO DE JANEIRO,31.608.763/0001-43,Pessoa Jurídica de Direito Público - Estadual,1357,INSTITUTO SUPERIOR DE EDUCAÇÃO DO RIO DE JANEIRO (ISERJ),ISERJ,(21) 23341749,www.iserj.net/portalacademico,direcao.dg@iserj.edu.br,Rua Mariz e Barros - 273 - CEP: 20270-003 - Praça da Bandeira,Rio de Janeiro,RJ,Faculdade,EAD - Superior / Presencial - Superior /,Publica,Pública Estadual,1998-10-15,-,,-,,3,2019.0,,,,Ativa,,10-s2.0-124744861,124744861,Curso de Pedagogia do Instituto Superior de Educaçao do Rio de Janeiro (ISERJ),,,"['Instituto Superior De Educação Do Rio De Janeiro – Iserj', 'Instituto Superior De Educação Do Rio De Janeiro (iserj)', 'Curso De Pedagogia Do Instituto Superior De Educaçao Do Rio De Janeiro (iserj)']",0,0,0,1
367,FACULDADES CATOLICAS,33.555.921/0001-70,Pessoa Jurídica de Direito Privado - Sem fins lucrativos - Associação de Utilidade Pública,528,PONTIFÍCIA UNIVERSIDADE CATÓLICA DO RIO DE JANEIRO (PUC-RIO),PUC-RIO,(21) 3527-1133,www.puc-rio.br,ccg528@puc-rio.br,Pontifícia Universidade Católica - PUC - 225 - CEP: 22451-900 - Gávea,Rio de Janeiro,RJ,Universidade,EAD - Superior / Presencial - Superior /,Privada,Privada sem fins lucrativos,1940-10-30,5,2023.0,4,2013.0,5,2023.0,,,,Ativa,,10-s2.0-60032361,60032361,Pontifícia Universidade Católica do Rio de Janeiro,puc-rio.br,http://www.puc-rio.br/english/,"['Pontifical Catholic University of Rio de Janeiro', 'Pontificia Universidade Catolica do Rio de Janeiro', 'Pontifical Catholic University of Rio de Janeiro (PUC-Rio)', 'Pontifícia Universidade Católica do Rio de Janeiro']",1,0,1,2
134,ASSOCIACAO SOCIEDADE BRASILEIRA DE INSTRUCAO - EM RECUPERACAO JUDICIAL,33.646.001/0001-67,Pessoa Jurídica de Direito Privado - Sem fins lucrativos - Associação de Utilidade Pública,1153,UNIVERSIDADE CÂNDIDO MENDES (UCAM),UCAM,(21) 3543-6401; (21) 3543-6500,https://www.candidomendes.edu.br/,educacionaldirecao@gmail.com;procuradoriainstitucional@candidomendes.edu.br,Rua da Assembléia - 10 - CEP: 20011-901 - Centro,Rio de Janeiro,RJ,Universidade,EAD - Superior / Presencial - Superior /,Privada,Privada sem fins lucrativos,1997-11-25,4,2012.0,4,2019.0,3,2023.0,,,,Ativa,,10-s2.0-119046976,119046976,Universidade Cândido Mendes,,,['Universidade Cândido Mendes'],1,0,0,1
134,ASSOCIACAO SOCIEDADE BRASILEIRA DE INSTRUCAO - EM RECUPERACAO JUDICIAL,33.646.001/0001-67,Pessoa Jurídica de Direito Privado - Sem fins lucrativos - Associação de Utilidade Pública,1153,UNIVERSIDADE CÂNDIDO MENDES (UCAM),UCAM,(21) 3543-6401; (21) 3543-6500,https://www.candidomendes.edu.br/,educacionaldirecao@gmail.com;procuradoriainstitucional@candidomendes.edu.br,Rua da Assembléia - 10 - CEP: 20011-901 - Centro,Rio de Janeiro,RJ,Universidade,EAD - Superior / Presencial - Superior /,Privada,Privada sem fins lucrativos,1997-11-25,4,2012.0,4,2019.0,3,2023.0,,,,Ativa,,10-s2.0-60010602,60010602,Universidade Candido Mendes,candidomendes.edu.br,http://www.candidomendes.edu.br,"['Candido Mendes University', 'Universidade Candido Mendes']",1,1,1,1
134,ASSOCIACAO SOCIEDADE BRASILEIRA DE INSTRUCAO - EM RECUPERACAO JUDICIAL,33.646.001/0001-67,Pessoa Jurídica de Direito Privado - Sem fins lucrativos - Associação de Utilidade Pública,1153,UNIVERSIDADE CÂNDIDO MENDES (UCAM),UCAM,(21) 3543-6401; (21) 3543-6500,https://www.candidomendes.edu.br/,educacionaldirecao@gmail.com;procuradoriainstitucional@candidomendes.edu.br,Rua da Assembléia - 10 - CEP: 20011-901 - Centro,Rio de Janeiro,RJ,Universidade,EAD - Superior / Presencial - Superior /,Privada,Privada sem fins lucrativos,1997-11-25,4,2012.0,4,2019.0,3,2023.0,,,,Ativa,,10-s2.0-112731987,112731987,Universidade Candido do Mendes,,,"['Universidade Candido Mendes', 'Universidade Candido Do Mendes', 'Candido Mendes University']",0,0,0,1
129,CENTRO EDUCACIONAL DE REALENGO,42.265.413/0001-48,Pessoa Jurídica de Direito Privado - Sem fins lucrativos - Associação de Utilidade Pública,176,UNIVERSIDADE CASTELO BRANCO (UCB),UCB,(21) 3216 7700,www.castelobranco.br,amiltondonascimento@gmail.com;amilton@castelobranco.br,Avenida Santa Cruz - 1631 - CEP: 21710-250 - Realengo,Rio de Janeiro,RJ,Universidade,EAD - Superior / Presencial - Superior /,Privada,Privada sem fins lucrativos,1994-12-30,4,2017.0,3,2017.0,3,2023.0,,,,Ativa,,10-s2.0-60032351,60032351,Universidade Castelo Branco,castelobranco.br,http://www.castelobranco.br,"['Castelo Branco University', 'Universidade Castelo Branco']",1,1,1,1
129,CENTRO EDUCACIONAL DE REALENGO,42.265.413/0001-48,Pessoa Jurídica de Direito Privado - Sem fins lucrativos - Associação de Utilidade Pública,176,UNIVERSIDADE CASTELO BRANCO (UCB),UCB,(21) 3216 7700,www.castelobranco.br,amiltondonascimento@gmail.com;amilton@castelobranco.br,Avenida Santa Cruz - 1631 - CEP: 21710-250 - Realengo,Rio de Janeiro,RJ,Universidade,EAD - Superior / Presencial - Superior /,Privada,Privada sem fins lucrativos,1994-12-30,4,2017.0,3,2017.0,3,2023.0,,,,Ativa,,10-s2.0-109498158,109498158,Universidad Castelo Branco,,,"['Universidad Castelo Branco', 'Universidade Castelo Branco']",0,0,0,1
15046,ASSOCIACAO FACULDADES CATOLICAS PETROPOLITANAS,03.108.082/0001-80,Pessoa Jurídica de Direito Privado - Sem fins lucrativos - Associação de Utilidade Pública,15,UNIVERSIDADE CATÓLICA DE PETRÓPOLIS (UCP),UCP,(24) 2244 4061,www.ucp.br,proacad@ucp.br;sandra.motta@ucp.br,Rua Benjamin Constant - 213 - CEP: 25610-130 - Centro,Petrópolis,RJ,Universidade,EAD - Superior / Presencial - Superior /,Privada,Privada sem fins lucrativos,1961-12-21,4,2024.0,4,2022.0,4,2023.0,,,,Ativa,,10-s2.0-60019248,60019248,Universidade Catolica de Petropolis,ucp.br,http://www.ucp.br,"['Catholic University of Petropolis', 'Universidade Catolica de Petropolis']",1,1,1,1
100,FUNDACAO EDUCACIONAL SEVERINO SOMBRA,32.410.037/0001-84,Privada sem fins lucrativos,140,UNIVERSIDADE DE VASSOURAS (UNIVASSOURAS),UNIVASSOURAS,(24) 2471 8378,http://www.universidadedevassouras.edu.br,reitoria@universidadedevassouras.edu.br,AVENIDA EXPEDICIONÁRIO OSWALDO DE ALMEIDA RAMOS - 280 - CEP: 27700-000 - CENTRO,Vassouras,RJ,Universidade,EAD - Superior / Presencial - Superior /,Privada,Privada sem fins lucrativos,1968-12-19,4,2011.0,4,2019.0,4,2023.0,,,,Ativa,,10-s2.0-125524148,125524148,Universidade de Vassouras,,,[],1,0,0,0
379,UNIVERSIDADE DO ESTADO DO RIO DE JANEIRO,33.540.014/0001-57,Pessoa Jurídica de Direito Público - Estadual,547,UNIVERSIDADE DO ESTADO DO RIO DE JANEIRO (UERJ),UERJ,(21) 2334-0652,www.uerj.br,reitoria@uerj.br,Rua São Francisco Xavier - 524 - CEP: 20559-900 - MARACANÃ,Rio de Janeiro,RJ,Universidade,EAD - Superior / Presencial - Superior /,Publica,Pública Estadual,1950-12-04,-,,4,2016.0,4,2023.0,,,,Ativa,,10-s2.0-107874450,107874450,Universidade Estadual do Rio de Janeiro - IP/UERJ,,,"['Universidade Estadual Do Rio De Janeiro - Ip/uerj', 'Universidade Do Estado Do Rio De Janeiro']",0,0,0,1
379,UNIVERSIDADE DO ESTADO DO RIO DE JANEIRO,33.540.014/0001-57,Pessoa Jurídica de Direito Público - Estadual,547,UNIVERSIDADE DO ESTADO DO RIO DE JANEIRO (UERJ),UERJ,(21) 2334-0652,www.uerj.br,reitoria@uerj.br,Rua São Francisco Xavier - 524 - CEP: 20559-900 - MARACANÃ,Rio de Janeiro,RJ,Universidade,EAD - Superior / Presencial - Superior /,Publica,Pública Estadual,1950-12-04,-,,4,2016.0,4,2023.0,,,,Ativa,,10-s2.0-60005499,60005499,Universidade do Estado do Rio de Janeiro,uerj.br,https://www.uerj.br/,"['Rio de Janeiro State University', 'Universidade do Estado do Rio de Janeiro']",1,1,1,1
379,UNIVERSIDADE DO ESTADO DO RIO DE JANEIRO,33.540.014/0001-57,Pessoa Jurídica de Direito Público - Estadual,547,UNIVERSIDADE DO ESTADO DO RIO DE JANEIRO (UERJ),UERJ,(21) 2334-0652,www.uerj.br,reitoria@uerj.br,Rua São Francisco Xavier - 524 - CEP: 20559-900 - MARACANÃ,Rio de Janeiro,RJ,Universidade,EAD - Superior / Presencial - Superior /,Publica,Pública Estadual,1950-12-04,-,,4,2016.0,4,2023.0,,,,Ativa,,10-s2.0-60012828,60012828,"Universidade do Estado do Rio de Janeiro, Faculdade de Ciencias Medicas",uerj.br,,"['Rio de Janeiro State University, Faculty of Medical Sciences', 'Universidade do Estado do Rio de Janeiro, Faculdade de Ciencias Medicas']",0,0,1,0
119,SOCIEDADE DE ENSINO SUPERIOR ESTACIO DE SA LTDA,34.075.739/0001-84,Privada com fins lucrativos,163,UNIVERSIDADE ESTÁCIO DE SÁ (UNESA),UNESA,,www.estacio.br,cgunesa@gmail.com;regulatorio.nacional@estacio.br,Av. das Américas - 4.200 - CEP: 22640-102 - Barra da Tijuca,Rio de Janeiro,RJ,Universidade,EAD - Superior / Presencial - Superior /,Privada,Privada com fins lucrativos,1988-11-30,5,2024.0,5,2019.0,3,2023.0,,,,Ativa,,10-s2.0-117938603,117938603,Universidade Estácio de Sá,,,['Universidade Estácio De Sá'],1,0,0,1
119,SOCIEDADE DE ENSINO SUPERIOR ESTACIO DE SA LTDA,34.075.739/0001-84,Privada com fins lucrativos,163,UNIVERSIDADE ESTÁCIO DE SÁ (UNESA),UNESA,,www.estacio.br,cgunesa@gmail.com;regulatorio.nacional@estacio.br,Av. das Américas - 4.200 - CEP: 22640-102 - Barra da Tijuca,Rio de Janeiro,RJ,Universidade,EAD - Superior / Presencial - Superior /,Privada,Privada com fins lucrativos,1988-11-30,5,2024.0,5,2019.0,3,2023.0,,,,Ativa,,10-s2.0-60022378,60022378,Universidade Estacio de Sa,estacio.br,http://www.estacio.br,"['Estacio de Sa University', 'Universidade Estacio de Sa']",1,1,1,1
119,SOCIEDADE DE ENSINO SUPERIOR ESTACIO DE SA LTDA,34.075.739/0001-84,Privada com fins lucrativos,163,UNIVERSIDADE ESTÁCIO DE SÁ (UNESA),UNESA,,www.estacio.br,cgunesa@gmail.com;regulatorio.nacional@estacio.br,Av. das Américas - 4.200 - CEP: 22640-102 - Barra da Tijuca,Rio de Janeiro,RJ,Universidade,EAD - Superior / Presencial - Superior /,Privada,Privada com fins lucrativos,1988-11-30,5,2024.0,5,2019.0,3,2023.0,,,,Ativa,,10-s2.0-60003597,60003597,Universidade Estacio de Sa Faculdade de Medicina,estacio.br,http://www.estacio.br,"['Estacio de Sa University Faculty of Medicine', 'Universidade Estacio de Sa Faculdade de Medicina']",0,1,1,0
15622,UNIVERSIDADE ESTADUAL DO NORTE FLUMINENSE DARCY RIBEIRO - UENF,04.809.688/0001-06,Pessoa Jurídica de Direito Público - Estadual,1027,UNIVERSIDADE ESTADUAL DO NORTE FLUMINENSE DARCY RIBEIRO (UENF),UENF,22-2739-7009,www.uenf.br,prograd@uenf.br,Avenida Alberto Lamego - 2000 - CEP: 28013-602 - Parque Califórnia,Campos dos Goytacazes,RJ,Universidade,EAD - Superior / Presencial - Superior /,Publica,Pública Estadual,1993-06-24,-,,4,2019.0,5,2023.0,,,,Ativa,,10-s2.0-60025875,60025875,Universidade Estadual do Norte Fluminense,uenf.br,http://www.uenf.br/Uenf/index.html,"['North Fluminense State University', 'Universidade Estadual do Norte Fluminense']",0,0,1,0
461,UNIVERSIDADE FEDERAL DO ESTADO DO RIO DE JANEIRO,34.023.077/0001-07,Pessoa Jurídica de Direito Público - Federal,693,UNIVERSIDADE FEDERAL DO ESTADO DO RIO DE JANEIRO (UNIRIO),UNIRIO,(21)2542-7350/(21)2542-4067,www.unirio.br,reitor@unirio.br; pi@unirio.br,Avenida Pasteur - 296 - CEP: 22290-240 - Urca,Rio de Janeiro,RJ,Universidade,EAD - Superior / Presencial - Superior /,Publica,Pública Federal,1969-08-21,3,2018.0,3,2013.0,4,2023.0,,,,Ativa,,10-s2.0-60028469,60028469,Universidade Federal do Estado do Rio de Janeiro,unirio.br,http://www.unirio.br,"['Rio de Janeiro State Federal University', 'Universidade Federal do Estado do Rio de Janeiro', 'Federal University of the State of Rio de Janeiro']",1,1,1,1
461,UNIVERSIDADE FEDERAL DO ESTADO DO RIO DE JANEIRO,34.023.077/0001-07,Pessoa Jurídica de Direito Público - Federal,693,UNIVERSIDADE FEDERAL DO ESTADO DO RIO DE JANEIRO (UNIRIO),UNIRIO,(21)2542-7350/(21)2542-4067,www.unirio.br,reitor@unirio.br; pi@unirio.br,Avenida Pasteur - 296 - CEP: 22290-240 - Urca,Rio de Janeiro,RJ,Universidade,EAD - Superior / Presencial - Superior /,Publica,Pública Federal,1969-08-21,3,2018.0,3,2013.0,4,2023.0,,,,Ativa,,10-s2.0-60069941,60069941,Hospital Universitario Gaffree e Guinle,unirio.br,,['Hospital Universitario Gaffree e Guinle'],0,0,1,0
15536,UNIVERSIDADE FEDERAL DO RIO DE JANEIRO,33.663.683/0001-16,Pessoa Jurídica de Direito Público - Federal,586,UNIVERSIDADE FEDERAL DO RIO DE JANEIRO (UFRJ),UFRJ,(21) 3733-1985,www.ufrj.br,reitoria@reitoria.ufrj.br; vicereitoria@reitoria.ufrj.br,Avenida Brigadeiro Trompowsky - s/n - CEP: 21941-590 - Ilha do Fundão,Rio de Janeiro,RJ,Universidade,EAD - Superior / Presencial - Superior /,Publica,Pública Federal,1920-09-07,5,2011.0,4,2016.0,5,2023.0,,,,Ativa,,10-s2.0-60000036,60000036,Universidade Federal do Rio de Janeiro,ufrj.br,https://ufrj.br/en/,"['Federal University of Rio de Janeiro', 'Universidade Federal do Rio de Janeiro', 'Cidade Universitária da Universidade Federal do Rio de Janeiro']",1,0,1,1
15589,UNIVERSIDADE FEDERAL FLUMINENSE,28.523.215/0001-06,Pessoa Jurídica de Direito Público - Federal,572,UNIVERSIDADE FEDERAL FLUMINENSE (UFF),UFF,(21) 2629-5215,www.uff.br,reitor@id.uff.br;dav.prograd@id.uff.br,Rua Miguel de Frias - 9 - CEP: 24220-008 - Icaraí,Niterói,RJ,Universidade,EAD - Superior / Presencial - Superior /,Publica,Pública Federal,1960-12-20,5,2011.0,4,2016.0,4,2023.0,,,,Ativa,,10-s2.0-60007564,60007564,"Universidade Federal Fluminense, Faculdade de Medicina",uff.br,http://www.uff.br,"['Fluminense Federal University, Faculty of Medicine', 'Universidade Federal Fluminense, Faculdade de Medicina']",0,1,1,0
15589,UNIVERSIDADE FEDERAL FLUMINENSE,28.523.215/0001-06,Pessoa Jurídica de Direito Público - Federal,572,UNIVERSIDADE FEDERAL FLUMINENSE (UFF),UFF,(21) 2629-5215,www.uff.br,reitor@id.uff.br;dav.prograd@id.uff.br,Rua Miguel de Frias - 9 - CEP: 24220-008 - Icaraí,Niterói,RJ,Universidade,EAD - Superior / Presencial - Superior /,Publica,Pública Federal,1960-12-20,5,2011.0,4,2016.0,4,2023.0,,,,Ativa,,10-s2.0-60001865,60001865,Universidade Federal Fluminense,uff.br,https://www.uff.br/,"['Fluminense Federal University', 'Universidade Federal Fluminense']",1,1,1,1
9053,UNIVERSIDADE FEDERAL RURAL DO RIO DE JANEIRO,29.427.465/0001-05,Pessoa Jurídica de Direito Público - Federal,574,UNIVERSIDADE FEDERAL RURAL DO RIO DE JANEIRO (UFRRJ),UFRRJ,(21) 2682-1090,,gabinete@ufrrj.br,Rodovia BR 465 - KM 7 - s/n - CEP: 23890-000 - Campus Universitário,Seropédica,RJ,Universidade,EAD - Superior / Presencial - Superior /,Publica,Pública Federal,1910-10-20,5,2023.0,3,2013.0,4,2023.0,,,,Ativa,,10-s2.0-60027947,60027947,Universidade Federal Rural do Rio de Janeiro,ufrrj.br,http://www.ufrrj.br,"['Federal Rural University of Rio de Janeiro', 'Universidade Federal Rural do Rio de Janeiro']",1,0,0,1
230,ASSOCIACAO DE ENSINO SUPERIOR DE NOVA IGUACU,30.834.196/0001-80,Privada sem fins lucrativos,330,UNIVERSIDADE IGUAÇU (UNIG),UNIG,(21)27654114,www.unig.br,chancelaria@unig.br;reitoria@unig.br;marcelorosa@unig.br;fbarbosa@unig.br,Avenida Abílio Augusto Távora - 2134 - CEP: 26275-580 - Jardim Nova Era,Nova Iguaçu,RJ,Universidade,EAD - Superior / Presencial - Superior /,Privada,Privada sem fins lucrativos,1970-07-09,1,2023.0,5,2017.0,3,2023.0,,,,Ativa,,10-s2.0-60006912,60006912,Universidade Iguacu,unig.br,http://www.unig.br,"['University Iguacu', 'Universidade Iguacu']",1,1,1,1
435,ASSOCIACAO SALGADO DE OLIVEIRA DE EDUCACAO E CULTURA,28.638.393/0001-82,Pessoa Jurídica de Direito Privado - Sem fins lucrativos - Associação de Utilidade Pública,663,UNIVERSIDADE SALGADO DE OLIVEIRA (UNIVERSO),UNIVERSO,(21) 2138-4945,www.universo.edu.br,reitoria@nt.universo.edu.br,Rua Lambari - 10 - CEP: 24456-570 - Trindade,São Gonçalo,RJ,Universidade,EAD - Superior / Presencial - Superior /,Privada,Privada sem fins lucrativos,1993-09-09,3,2014.0,4,2016.0,3,2023.0,,,,Ativa,,10-s2.0-110078382,110078382,Universidade Salgado de Oliveira,,,"['Universidade Salgado De Oliveira', 'Salgado De Oliveira University', 'Curso De Psicologia Da Universidade Salgado De Oliveira']",1,0,0,1
435,ASSOCIACAO SALGADO DE OLIVEIRA DE EDUCACAO E CULTURA,28.638.393/0001-82,Pessoa Jurídica de Direito Privado - Sem fins lucrativos - Associação de Utilidade Pública,663,UNIVERSIDADE SALGADO DE OLIVEIRA (UNIVERSO),UNIVERSO,(21) 2138-4945,www.universo.edu.br,reitoria@nt.universo.edu.br,Rua Lambari - 10 - CEP: 24456-570 - Trindade,São Gonçalo,RJ,Universidade,EAD - Superior / Presencial - Superior /,Privada,Privada sem fins lucrativos,1993-09-09,3,2014.0,4,2016.0,3,2023.0,,,,Ativa,,10-s2.0-105866408,105866408,Universidade Salgado de Oliveira,,,"['Universidade Salgado De Oliveira', 'Salgado Oliveira University', 'Salgado De Oliveira University']",1,0,0,1
435,ASSOCIACAO SALGADO DE OLIVEIRA DE EDUCACAO E CULTURA,28.638.393/0001-82,Pessoa Jurídica de Direito Privado - Sem fins lucrativos - Associação de Utilidade Pública,663,UNIVERSIDADE SALGADO DE OLIVEIRA (UNIVERSO),UNIVERSO,(21) 2138-4945,www.universo.edu.br,reitoria@nt.universo.edu.br,Rua Lambari - 10 - CEP: 24456-570 - Trindade,São Gonçalo,RJ,Universidade,EAD - Superior / Presencial - Superior /,Privada,Privada sem fins lucrativos,1993-09-09,3,2014.0,4,2016.0,3,2023.0,,,,Ativa,,10-s2.0-60021699,60021699,Universidade Salgado de Oliveira,universo.edu.br,http://www.universo.edu.br,"['Salgado de Oliveira University', 'Universidade Salgado de Oliveira']",1,1,1,1
435,ASSOCIACAO SALGADO DE OLIVEIRA DE EDUCACAO E CULTURA,28.638.393/0001-82,Pessoa Jurídica de Direito Privado - Sem fins lucrativos - Associação de Utilidade Pública,663,UNIVERSIDADE SALGADO DE OLIVEIRA (UNIVERSO),UNIVERSO,(21) 2138-4945,www.universo.edu.br,reitoria@nt.universo.edu.br,Rua Lambari - 10 - CEP: 24456-570 - Trindade,São Gonçalo,RJ,Universidade,EAD - Superior / Presencial - Superior /,Privada,Privada sem fins lucrativos,1993-09-09,3,2014.0,4,2016.0,3,2023.0,,,,Ativa,,10-s2.0-127242753,127242753,Universidade Salgado de Oliveira,,,['Universidade Salgado De Oliveira'],1,0,0,1
172,ASSOCIACAO UNIVERSITARIA SANTA URSULA,33.479.965/0001-68,Pessoa Jurídica de Direito Privado - Sem fins lucrativos - Associação de Utilidade Pública,240,UNIVERSIDADE SANTA ÚRSULA (USU),USU,21-2323-2000,http://usu.edu.br/,paulo.alonso@usu.edu.br,Rua Fernando Ferrari - 75 - CEP: 22231-040 - Botafogo,Rio de Janeiro,RJ,Universidade,Presencial - Superior,Privada,Privada sem fins lucrativos,1939-03-28,3,2015.0,-,,3,2023.0,,,,Ativa,,10-s2.0-60010295,60010295,Universidade Santa Ursula,usu.br,http://www.usu.br,"['Saint Ursula University', 'Universidade Santa Ursula']",1,0,0,1
121,ANTARES EDUCACIONAL S.A.,34.185.306/0001-81,Privada com fins lucrativos,165,UNIVERSIDADE VEIGA DE ALMEIDA (UVA),UVA,(21)97140-2435,www.uva.br,luciana.lauria@uva.br; niube.ruggero@uva.br,Rua Ibituruna - 108 - CEP: 20271-901 - Tijuca,Rio de Janeiro,RJ,Universidade,EAD - Superior / Presencial - Superior /,Privada,Privada com fins lucrativos,1992-11-23,5,2019.0,5,2019.0,4,2023.0,,,,Ativa,,10-s2.0-60013265,60013265,Universidade Veiga de Almeida,uva.br,http://www.uva.br,"['Veiga de Almeida University', 'Universidade Veiga de Almeida']",1,1,1,1
846,LIGA DE ENSINO DO RIO GRANDE DO NORTE,08.340.515/0001-42,Pessoa Jurídica de Direito Privado - Sem fins lucrativos - Associação de Utilidade Pública,1264,CENTRO UNIVERSITÁRIO DO RIO GRANDE DO NORTE (UNI-RN),UNI-RN,(84) 32152917,http://www.unirn.edu.br,unirn@unirn.edu.br; patricia@unirn.edu.br,Rua Prefeita Eliane Barros - 2000 - CEP: 59014-540 - Tirol,Natal,RN,Centro Universitário,EAD - Superior / Presencial - Superior /,Privada,Privada sem fins lucrativos,1998-12-24,4,2024.0,5,2018.0,4,2023.0,,,,Ativa,,10-s2.0-118063215,118063215,Centro Universitário do Rio Grande do Norte,,,['Centro Universitário Do Rio Grande Do Norte'],1,0,0,1
846,LIGA DE ENSINO DO RIO GRANDE DO NORTE,08.340.515/0001-42,Pessoa Jurídica de Direito Privado - Sem fins lucrativos - Associação de Utilidade Pública,1264,CENTRO UNIVERSITÁRIO DO RIO GRANDE DO NORTE (UNI-RN),UNI-RN,(84) 32152917,http://www.unirn.edu.br,unirn@unirn.edu.br; patricia@unirn.edu.br,Rua Prefeita Eliane Barros - 2000 - CEP: 59014-540 - Tirol,Natal,RN,Centro Universitário,EAD - Superior / Presencial - Superior /,Privada,Privada sem fins lucrativos,1998-12-24,4,2024.0,5,2018.0,4,2023.0,,,,Ativa,,10-s2.0-119314475,119314475,Centro Universitário do Rio Grande do Norte,,,[],1,0,0,0
485,CENTRO INTEGRADO PARA FORMACAO DE EXECUTIVOS,08.241.911/0001-12,Privada sem fins lucrativos,724,Centro Universitário FACEX (UNIFACEX),UNIFACEX,(84) 32351415/991775002,www.unifacex.com.br,secretaria@unifacex.edu.br;oswaldo@unifacex.edu.br; prorac@unifacex.edu.br,Rua Orlando Silva - 2896 - CEP: 59080-020 - Capim Macio,Natal,RN,Centro Universitário,EAD - Superior / Presencial - Superior /,Privada,Privada sem fins lucrativos,1981-05-06,5,2023.0,5,2018.0,3,2023.0,,,,Ativa,,10-s2.0-117304623,117304623,Centro Universitário FACEX,,,"['Centro Universitário Facex', 'Centro Universitário Facex (unifacex)']",1,0,0,2
485,CENTRO INTEGRADO PARA FORMACAO DE EXECUTIVOS,08.241.911/0001-12,Privada sem fins lucrativos,724,Centro Universitário FACEX (UNIFACEX),UNIFACEX,(84) 32351415/991775002,www.unifacex.com.br,secretaria@unifacex.edu.br;oswaldo@unifacex.edu.br; prorac@unifacex.edu.br,Rua Orlando Silva - 2896 - CEP: 59080-020 - Capim Macio,Natal,RN,Centro Universitário,EAD - Superior / Presencial - Superior /,Privada,Privada sem fins lucrativos,1981-05-06,5,2023.0,5,2018.0,3,2023.0,,,,Ativa,,10-s2.0-114787552,114787552,Centro Universitário Facex (UNIFACEX),,,"['Centro Universitário Facex (unifacex)', 'Centro Universitário Facex', 'Centro Universitário-facex-unifacex', 'Centro Universitário Unifacex']",1,0,0,2
545,"IREP SOCIEDADE DE ENSINO SUPERIOR, MEDIO E FUNDAMENTAL LTDA.",02.608.755/0001-07,Privada com fins lucrativos,4566,ESTÁCIO FATERN - FACULDADE ESTÁCIO DO RIO GRANDE DO NORTE (ESTÁCIO FATERN),ESTÁCIO FATERN,,www.estacio.br,cgfatern@gmail.com;regulatorio.nacional@estacio.br,Avenida Almirante Alexandrino de Alencar - 708 - CEP: 59030-350 - Alecrim,Natal,RN,Faculdade,Presencial - Superior,Privada,Privada com fins lucrativos,2007-02-28,4,2024.0,-,,3,2023.0,,,Unificação de Mantidas,Ativa,,10-s2.0-60022378,60022378,Universidade Estacio de Sa,estacio.br,http://www.estacio.br,"['Estacio de Sa University', 'Universidade Estacio de Sa']",0,1,1,0
545,"IREP SOCIEDADE DE ENSINO SUPERIOR, MEDIO E FUNDAMENTAL LTDA.",02.608.755/0001-07,Privada com fins lucrativos,4566,ESTÁCIO FATERN - FACULDADE ESTÁCIO DO RIO GRANDE DO NORTE (ESTÁCIO FATERN),ESTÁCIO FATERN,,www.estacio.br,cgfatern@gmail.com;regulatorio.nacional@estacio.br,Avenida Almirante Alexandrino de Alencar - 708 - CEP: 59030-350 - Alecrim,Natal,RN,Faculdade,Presencial - Superior,Privada,Privada com fins lucrativos,2007-02-28,4,2024.0,-,,3,2023.0,,,Unificação de Mantidas,Ativa,,10-s2.0-60003597,60003597,Universidade Estacio de Sa Faculdade de Medicina,estacio.br,http://www.estacio.br,"['Estacio de Sa University Faculty of Medicine', 'Universidade Estacio de Sa Faculdade de Medicina']",0,1,1,0
19664,SISTEMA EMPRESARIAL DE ENSINO DO RIO GRANDE DO NORTE LTDA,53.874.398/0001-51,Privada com fins lucrativos,1866,Faculdade de Ciências Educacionais e Empresariais de Natal (FACEN),FACEN,(84) 996243634 (84) 996905895,www.facen.com.br,presidente@facen.com.br; presidentefacen@gmail.com,Rua Cidade do Sol - 2183 - CEP: 59067-720 - Pitimbu,Natal,RN,Faculdade,Presencial - Superior,Privada,Privada com fins lucrativos,2001-07-09,4,2017.0,-,,2,2023.0,,,,Ativa,,10-s2.0-125063764,125063764,Faculdade de Ciências Educacionais e Empresariais de Natal,,,['Faculdade De Ciências Educacionais E Empresariais De Natal'],1,0,0,1
545,"IREP SOCIEDADE DE ENSINO SUPERIOR, MEDIO E FUNDAMENTAL LTDA.",02.608.755/0001-07,Privada com fins lucrativos,2460,FACULDADE ESTÁCIO DE NATAL (Estacio Natal),Estacio Natal,,www.estacio.br,cgfccrn@gmail.com;regulatorio.nacional@estacio.br,Avenida Almirante Alexandrino de Alencar - 708 - CEP: 59030-350 - Alecrim,Natal,RN,Faculdade,Presencial - Superior,Privada,Privada com fins lucrativos,2002-03-27,4,2023.0,-,,3,2023.0,,,Unificação de Mantidas,Ativa,,10-s2.0-60022378,60022378,Universidade Estacio de Sa,estacio.br,http://www.estacio.br,"['Estacio de Sa University', 'Universidade Estacio de Sa']",0,1,1,0
545,"IREP SOCIEDADE DE ENSINO SUPERIOR, MEDIO E FUNDAMENTAL LTDA.",02.608.755/0001-07,Privada com fins lucrativos,2460,FACULDADE ESTÁCIO DE NATAL (Estacio Natal),Estacio Natal,,www.estacio.br,cgfccrn@gmail.com;regulatorio.nacional@estacio.br,Avenida Almirante Alexandrino de Alencar - 708 - CEP: 59030-350 - Alecrim,Natal,RN,Faculdade,Presencial - Superior,Privada,Privada com fins lucrativos,2002-03-27,4,2023.0,-,,3,2023.0,,,Unificação de Mantidas,Ativa,,10-s2.0-60003597,60003597,Universidade Estacio de Sa Faculdade de Medicina,estacio.br,http://www.estacio.br,"['Estacio de Sa University Faculty of Medicine', 'Universidade Estacio de Sa Faculdade de Medicina']",0,1,1,0
3257,FACEP-FACULDADE EVOLUCAO ALTO OESTE POTIGUAR LTDA - ME,08.286.517/0001-09,Privada com fins lucrativos,11841,FACULDADE EVOLUÇÃO ALTO OESTE POTIGUAR (FACEP),FACEP,84-33512552| 33513708,http://www.facep.com.br/,angelaraulino@msn.com,RUA JOSE PAULINO - 45 - CEP: 59900-000 - JOÃO XXIII,Pau dos Ferros,RN,Faculdade,EAD - Superior / Presencial - Superior /,Privada,Privada com fins lucrativos,2009-04-15,5,2023.0,4,2018.0,3,2023.0,,,,Ativa,,10-s2.0-116272727,116272727,Faculdade Evolução Alto Oeste Potiguar,,,['Faculdade Evolução Alto Oeste Potiguar'],1,0,0,1
8982,"INSTITUTO FEDERAL DE EDUCACAO, CIENCIA E TECNOLOGIA DO RIO GRANDE DO NORTE",10.877.412/0001-68,Pessoa Jurídica de Direito Público - Federal,1082,"INSTITUTO FEDERAL DE EDUCAÇÃO, CIÊNCIA E TECNOLOGIA DO RIO GRANDE DO NORTE (IFRN)",IFRN,(84) 4005 0752. 40050750,http://www.ifrn.edu.br/,gabinete.reitoria@ifrn.edu.br,Avenida Senador Salgado Filho - 1559 - CEP: 59015-000 - Tirol,Natal,RN,"Instituto Federal de Educação, Ciência e Tecnologia",EAD - Superior / Presencial - Superior /,Publica,Pública Federal,1999-01-19,4,2016.0,5,2023.0,4,2023.0,,,,Ativa,,10-s2.0-60069354,60069354,"Instituto Federal de Educação, Ciência e Tecnologia do Rio Grande do Norte (IFRN)",portal.ifrn.edu.br,https://portal.ifrn.edu.br/,"['Centro Federal de Educacao Tecnologica do Rio Grande do Norte', 'Federal Institute of Education, Science and Technology of Rio Grande do Norte', 'Instituto Federal de Educação, Ciência e Tecnologia do Rio Grande do Norte', 'Instituto Federal de Educação, Ciência e Tecnologia do Rio Grande do Norte (IFRN)']",1,0,0,2
8982,"INSTITUTO FEDERAL DE EDUCACAO, CIENCIA E TECNOLOGIA DO RIO GRANDE DO NORTE",10.877.412/0001-68,Pessoa Jurídica de Direito Público - Federal,1082,"INSTITUTO FEDERAL DE EDUCAÇÃO, CIÊNCIA E TECNOLOGIA DO RIO GRANDE DO NORTE (IFRN)",IFRN,(84) 4005 0752. 40050750,http://www.ifrn.edu.br/,gabinete.reitoria@ifrn.edu.br,Avenida Senador Salgado Filho - 1559 - CEP: 59015-000 - Tirol,Natal,RN,"Instituto Federal de Educação, Ciência e Tecnologia",EAD - Superior / Presencial - Superior /,Publica,Pública Federal,1999-01-19,4,2016.0,5,2023.0,4,2023.0,,,,Ativa,,10-s2.0-114913559,114913559,"Instituto Federal de Educação, Ciência e Tecnologia do Rio Grande do Norte",,,"['Instituto Federal De Educação, Ciência E Tecnologia De Rôndonia', 'Instituto Federal De Educação, Ciência E Tecnologia Do Rio Grande Do Norte', 'Instituto Federal De Educação, Ciência E Tecnologia Do Rio', 'Fundação De Ciência E Tecnologia (cientec)', 'Fundação De Ciência E Tecnologia']",1,0,0,1
55,FUNDACAO UNIVERSIDADE DO ESTADO DO RIO GRANDE DO NORTE - FUERN,08.258.295/0001-02,Pessoa Jurídica de Direito Público - Estadual,71,UNIVERSIDADE DO ESTADO DO RIO GRANDE DO NORTE (UERN),UERN,(84) 3315 2139 / (84)3315-2148,www.uern.br,reitoria@uern.br;secretaria@uern.br,Rua Almino Afonso - 478 - CEP: 59610-210 - CENTRO,Mossoró,RN,Universidade,EAD - Superior / Presencial - Superior /,Publica,Pública Estadual,1968-09-28,-,,-,,4,2023.0,,,,Ativa,,10-s2.0-60011385,60011385,Universidade do Estado do Rio Grande do Norte,uern.br,http://www.uern.br,"['Rio Grande do Norte State University', 'Universidade do Estado do Rio Grande do Norte']",1,1,1,1
13401,UNIVERSIDADE FEDERAL DO RIO GRANDE DO NORTE,24.365.710/0001-83,Pessoa Jurídica de Direito Público - Federal,570,UNIVERSIDADE FEDERAL DO RIO GRANDE DO NORTE (UFRN),UFRN,(84) 33422317,www.ufrn.br,reitor@ufrn.br;contato@gabinete.ufrn.br;chefe@gabinete.ufrn.br,Avenida Senador Salgado Filho - 3000 - CEP: 59078-970 - Lagoa Nova,Natal,RN,Universidade,EAD - Superior / Presencial - Superior /,Publica,Pública Federal,1960-12-21,5,2011.0,-,,5,2023.0,,,,Ativa,,10-s2.0-60004651,60004651,"Universidade Federal do Rio Grande do Norte, Centro de Ciencias da Saude Faculdade de Medicina",ufrn.br,http://www.ccs.ufrn.br/,"['Federal University of Rio Grande do Norte, Center of Health Sciences Faculty of Medicine', 'Universidade Federal do Rio Grande do Norte, Centro de Ciencias da Saude Faculdade de Medicina']",0,0,1,0
13401,UNIVERSIDADE FEDERAL DO RIO GRANDE DO NORTE,24.365.710/0001-83,Pessoa Jurídica de Direito Público - Federal,570,UNIVERSIDADE FEDERAL DO RIO GRANDE DO NORTE (UFRN),UFRN,(84) 33422317,www.ufrn.br,reitor@ufrn.br;contato@gabinete.ufrn.br;chefe@gabinete.ufrn.br,Avenida Senador Salgado Filho - 3000 - CEP: 59078-970 - Lagoa Nova,Natal,RN,Universidade,EAD - Superior / Presencial - Superior /,Publica,Pública Federal,1960-12-21,5,2011.0,-,,5,2023.0,,,,Ativa,,10-s2.0-60023857,60023857,Universidade Federal do Rio Grande do Norte,ufrn.br,https://www.ufrn.br/en,"['Federal University of Rio Grande do Norte', 'Universidade Federal do Rio Grande do Norte', 'Federal University of Rio Grande do Norte (UFRN)']",1,0,1,1
15945,UNIVERSIDADE FEDERAL RURAL DO SEMI-ARIDO - UFERSA,24.529.265/0001-40,Pessoa Jurídica de Direito Público - Federal,589,UNIVERSIDADE FEDERAL RURAL DO SEMI-ÁRIDO (UFERSA),UFERSA,(84) 3317 8226,www.ufersa.edu.br,reitor@ufersa.edu.br,BR 110 - Km 47 - s/n - CEP: 59625-900 - Presidente Costa e Silva,Mossoró,RN,Universidade,EAD - Superior / Presencial - Superior /,Publica,Pública Federal,1967-04-18,4,2013.0,5,2019.0,4,2023.0,,,,Ativa,,10-s2.0-60033203,60033203,Universidade Federal Rural do Semi-Árido,ufersa.edu.br,https://ufersa.edu.br/,"['Universidade Federal Rural do Semi-Árido', 'Federal University of Rural Semi-Arid']",1,1,1,1
481,APEC - SOCIEDADE POTIGUAR DE EDUCACAO E CULTURA LTDA,08.480.071/0001-40,Privada com fins lucrativos,718,UNIVERSIDADE POTIGUAR (UNP),UNP,(84)3215 1366,www.unp.br,regulatorio@animaeducacao.com.br;regulacao@animaeducacao.com.br,Avenida Senador Salgado Filho - 1.610 - CEP: 59056-000 - Lagoa Nova,Natal,RN,Universidade,EAD - Superior / Presencial - Superior /,Privada,Privada com fins lucrativos,1981-03-20,5,2019.0,3,2017.0,3,2023.0,,,,Ativa,,10-s2.0-60027877,60027877,Universidade Potiguar,unp.br,,"['Potiguar University', 'Universidade Potiguar']",1,0,1,1
1121,SOCIEDADE RONDONIENSE DE ENSINO SUPERIOR DR. APARICIO CARVALHO DE MORAES LTDA,03.524.789/0001-78,Privada com fins lucrativos,1699,FACULDADE DE EDUCAÇÃO DE JARU (FIMCA UNICENTRO),FIMCA UNICENTRO,(69) 3521 5606,https://jaru.fimca.com.br/,mariasilvia24@gmail.com; regulacao@fimca.com.br,Avenida Vereador Otaviano Pereira Neto - S/N - CEP: 76890-000 - Setor 02,Jaru,RO,Faculdade,EAD - Superior / Presencial - Superior /,Privada,Privada com fins lucrativos,2001-03-26,3,2024.0,4,2021.0,4,2023.0,,,,Ativa,,10-s2.0-117139473,117139473,Faculdade de Educação de Jaru,,,['Faculdade de Educação de Jaru'],1,0,0,1
15932,ASSOCIACAO EDUCACIONAL MODOTTE,17.466.646/0001-61,Privada sem fins lucrativos,18062,Faculdade Marechal Rondon,-,(69) 33223386,www.faron.edu.br,direcao@faron.edu.br,Avenida Primeiro de Maio - 9998 - CEP: 76980-000 - Setor Industrial,Vilhena,RO,Faculdade,Presencial - Superior,Privada,Privada sem fins lucrativos,2016-04-06,5,2025.0,-,,3,2023.0,,,,Ativa,,10-s2.0-101619912,101619912,Faculdade Marechal Rondon,,,[],1,0,0,0
1352,UNNESA - UNIAO DE ENSINO SUPERIOR DA AMAZONIA OCIDENTAL S/S LTDA,03.653.762/0001-85,Privada com fins lucrativos,2058,FACULDADE METROPOLITANA (UNNESA),UNNESA,(69) 3217-8911,www.metropolitana-ro.com.br,regulacao@fimca.com.br,Rua das Araras - 241 - CEP: 76811-678 - Eldorado,Porto Velho,RO,Faculdade,EAD - Superior / Presencial - Superior /,Privada,Privada com fins lucrativos,2002-07-19,4,2023.0,4,2019.0,4,2023.0,,,,Ativa,,10-s2.0-117390167,117390167,Faculdade Metropolitana,,,['Faculdade Metropolitana'],1,0,0,1
525,SOCIEDADE EDUCACIONAL DE RONDONIA S/S LTDA,05.706.023/0001-30,Privada com fins lucrativos,12758,Faculdade Unesc-Unama,-,(81) 3413-4611,www.unama.br,emec@sereducacional.com,Avenida Rio de Janeiro - 4734 - CEP: 76812-080 - Lagoa,Porto Velho,RO,Faculdade,Presencial - Superior,Privada,Privada com fins lucrativos,2012-10-22,4,2023.0,-,,2,2023.0,,,,Ativa,,10-s2.0-60025448,60025448,Universidade da Amazonia,unama.br,http://www.unama.br,"['University of Amazon', 'Universidade da Amazonia']",0,1,1,0
15587,FUNDACAO UNIVERSIDADE FEDERAL DE RONDONIA,04.418.943/0001-90,Pessoa Jurídica de Direito Público - Federal,699,FUNDAÇÃO UNIVERSIDADE FEDERAL DE RONDÔNIA (UNIR),UNIR,(69) 2182 2019/(69) 2182 2020,www.unir.br,reitoria@unir.br,"BR 364 - Km 9,5 - CEP: 76808-695 - s/n",Porto Velho,RO,Universidade,EAD - Superior / Presencial - Superior /,Publica,Pública Federal,1982-07-09,4,2023.0,3,2016.0,4,2023.0,,,,Ativa,,10-s2.0-60024984,60024984,Fundacao Universidade Federal de Rondonia,unir.br,http://www.unir.br,"['Federal Foundation University of Rondonia', 'Fundacao Universidade Federal de Rondonia']",1,1,1,1
14814,"INSTITUTO FEDERAL DE EDUCACAO,CIENCIA E TECNOLOGIA DE RONDONIA",10.817.343/0001-05,Pessoa Jurídica de Direito Público - Federal,4785,INSTITUTO FEDERAL DE EDUCAÇÃO CIÊNCIA E TECNOLOGIA DE RONDÔNIA (IFRO),IFRO,(69) 2182-9601,www.ifro.edu.br,reitoria@ifro.edu.br,Avenida Calama - 0994 - CEP: 76820-441 - Flodoaldo Pontes Pinto,Porto Velho,RO,"Instituto Federal de Educação, Ciência e Tecnologia",EAD - Superior / Presencial - Superior /,Publica,Pública Federal,2006-02-03,4,2017.0,3,2012.0,3,2023.0,,,,Ativa,,10-s2.0-60271990,60271990,"Instituto Federal de Educação, Ciência e Tecnologia de Rondônia – IFRO",ifro.edu.br,https://www.ifro.edu.br/,"['Instituto Federal de Educação, Ciência e Tecnologia de Rondônia – IFRO', 'Federal Institute of Education, Science and Technology of Rondônia – IFRO']",0,1,1,0
1122,SOCIEDADE EDUCACIONAL ATUAL DA AMAZONIA LTDA,03.536.667/0001-00,Privada com fins lucrativos,1702,CENTRO UNIVERSITÁRIO ESTÁCIO DA AMAZÔNIA (ESTÁCIO AMAZÔNIA),ESTÁCIO AMAZÔNIA,,www.estacio.br,atualfaa@gmail.com;regulatorio.nacional@estacio.br,Rua Jornalista Humberto Silva - 308 - CEP: 69313-792 - União,Boa Vista,RR,Centro Universitário,EAD - Superior / Presencial - Superior /,Privada,Privada com fins lucrativos,2001-03-29,5,2023.0,5,2019.0,3,2023.0,,,,Ativa,,10-s2.0-122255187,122255187,Centro Universitário Estácio da Amazônia,,,['Centro Universitário Estácio Da Amazônia'],1,0,0,1
1122,SOCIEDADE EDUCACIONAL ATUAL DA AMAZONIA LTDA,03.536.667/0001-00,Privada com fins lucrativos,1702,CENTRO UNIVERSITÁRIO ESTÁCIO DA AMAZÔNIA (ESTÁCIO AMAZÔNIA),ESTÁCIO AMAZÔNIA,,www.estacio.br,atualfaa@gmail.com;regulatorio.nacional@estacio.br,Rua Jornalista Humberto Silva - 308 - CEP: 69313-792 - União,Boa Vista,RR,Centro Universitário,EAD - Superior / Presencial - Superior /,Privada,Privada com fins lucrativos,2001-03-29,5,2023.0,5,2019.0,3,2023.0,,,,Ativa,,10-s2.0-60022378,60022378,Universidade Estacio de Sa,estacio.br,http://www.estacio.br,"['Estacio de Sa University', 'Universidade Estacio de Sa']",0,1,1,0
1122,SOCIEDADE EDUCACIONAL ATUAL DA AMAZONIA LTDA,03.536.667/0001-00,Privada com fins lucrativos,1702,CENTRO UNIVERSITÁRIO ESTÁCIO DA AMAZÔNIA (ESTÁCIO AMAZÔNIA),ESTÁCIO AMAZÔNIA,,www.estacio.br,atualfaa@gmail.com;regulatorio.nacional@estacio.br,Rua Jornalista Humberto Silva - 308 - CEP: 69313-792 - União,Boa Vista,RR,Centro Universitário,EAD - Superior / Presencial - Superior /,Privada,Privada com fins lucrativos,2001-03-29,5,2023.0,5,2019.0,3,2023.0,,,,Ativa,,10-s2.0-60003597,60003597,Universidade Estacio de Sa Faculdade de Medicina,estacio.br,http://www.estacio.br,"['Estacio de Sa University Faculty of Medicine', 'Universidade Estacio de Sa Faculdade de Medicina']",0,1,1,0
1109,FACULDADES CATHEDRAL DE ENSINO SUPERIOR,03.485.283/0001-05,Privada com fins lucrativos,5520,FACULDADE CATHEDRAL (FACES),FACES,(95)2121-3460,www.cathedral.edu.br,haroldocathedral@cathedral.edu.br,Avenida Luis Canuto Chaves - 293 - CEP: 69307-053 - Caçari,Boa Vista,RR,Faculdade,EAD - Superior / Presencial - Superior /,Privada,Privada com fins lucrativos,2001-04-09,4,2023.0,4,2018.0,3,2023.0,,,,Ativa,,10-s2.0-114784685,114784685,Faculdade Cathedral,,,"['Faculdade Cathedral', 'Faculdades Cathedral', 'Cathedral College']",1,0,0,1
16809,"INSTITUTO FEDERAL DE EDUCACAO, CIENCIA E TECNOLOGIA DE RORAIMA",10.839.508/0001-31,Pessoa Jurídica de Direito Público - Federal,3184,"INSTITUTO FEDERAL DE EDUCAÇÃO, CIÊNCIA E TECNOLOGIA DE RORAIMA (IFRR)",IFRR,(95) 36241224,www.ifrr.edu.br,gabinete.reitoria@ifrr.edu.br,Avenida Glaycon de Paiva - 2496 - CEP: 69303-340 - Pricumã,Boa Vista,RR,"Instituto Federal de Educação, Ciência e Tecnologia",EAD - Superior / Presencial - Superior /,Publica,Pública Federal,2002-11-14,4,2024.0,4,2019.0,3,2023.0,,,,Ativa,,10-s2.0-60271951,60271951,"Instituto Federal de Educação, Ciência e Tecnologia de Roraima – IFRR",ifrr.edu.br,https://www.ifrr.edu.br/,"['Instituto Federal de Educação, Ciência e Tecnologia de Roraima', 'Instituto Federal de Educação, Ciência e Tecnologia de Roraima – IFRR', 'Federal Institute of Education, Science and Technology of Roraima', 'Centro Federal de Educação Tecnológica de Roraima']",0,1,1,1
15705,UNIVERSIDADE ESTADUAL DE RORAIMA,08.240.695/0001-90,Pessoa Jurídica de Direito Público - Estadual,5077,UNIVERSIDADE ESTADUAL DE RORAIMA (UERR),UERR,95-2121-0934,www.uerr.edu.br,registro@uerr.edu.br,Avenida Sete de Setembro - 231 - CEP: 69306-530 - Canarinho,Boa Vista,RR,Universidade,EAD - Superior / Presencial - Superior /,Publica,Pública Estadual,2018-06-04,-,,-,,4,2023.0,,,,Ativa,,10-s2.0-60194534,60194534,Universidade Estadual de Roraima,uerr.edu.br,https://www.uerr.edu.br/,"['Universidade Estadual de Roraima', 'State University of Roraima']",1,1,1,1
541,UNIVERSIDADE FEDERAL DE RORAIMA,34.792.077/0001-63,Pessoa Jurídica de Direito Público - Federal,789,UNIVERSIDADE FEDERAL DE RORAIMA (UFRR),UFRR,(95) 3621 3100/(95) 3621 3102,www.ufrr.br,pesquisainstitucional@ufrr.br; reitoria@ufrr.br,Avenida Capitão Ene Garcez - 2413 - CEP: 69310-000 - Aeroporto,Boa Vista,RR,Universidade,EAD - Superior / Presencial - Superior /,Publica,Pública Federal,1985-09-13,3,2010.0,5,2022.0,4,2023.0,,,,Ativa,,10-s2.0-60003055,60003055,Universidade Federal de Roraima,ufrr.br,,"['Federal University of Roraima', 'Universidade Federal de Roraima']",1,0,1,1
15927,SOCIEDADE EDUCACIONAL SARANDI LTDA,17.000.211/0001-27,Privada com fins lucrativos,18034,Centro de Ensino Superior Riograndense (CESURG),CESURG,543460-1000,www.cesurg.com.br,sec@cesurg.com,Rodovia Governador Leonel de Moura Brizola - KM 138 - CEP: 99560-000 - Linha Beira Campo,Sarandi,RS,Faculdade,Presencial - Superior,Privada,Privada com fins lucrativos,2016-06-22,5,2022.0,-,,3,2023.0,,,,Ativa,,10-s2.0-116281152,116281152,Centro de Ensino Superior Riograndense,,,['Centro De Ensino Superior Riograndense'],1,0,0,1
2183,CESUCA - COMPLEXO DE ENSINO SUPERIOR DE CACHOEIRINHA LTDA,05.687.481/0001-79,Privada com fins lucrativos,3443,Centro Universitário CESUCA,-,(51) 33961000,https://www.cesuca.edu.br/,ricardo.muccillo@cesuca.edu.br,Rua Silvério Manoel da Silva - 160 - CEP: 94940-243 - Vila Princesa Izabel,Cachoeirinha,RS,Centro Universitário,Presencial - Superior,Privada,Privada com fins lucrativos,2004-11-09,5,2020.0,4,2013.0,4,2023.0,,,,Ativa,,10-s2.0-60276816,60276816,Centro Universitário Cesuca,cesuca.edu.br,https://www.cesuca.edu.br/,['Centro Universitário Cesuca'],1,1,1,1
943,SOCIEDADE EDUCACIONAL SANTA RITA S.A.,91.109.660/0001-60,Privada com fins lucrativos,1427,CENTRO UNIVERSITÁRIO DA SERRA GAÚCHA (FSG),FSG,(54) 2101 6000,www.fsg.edu.br,denis.chidem@fsg.edu.br,Rua Marechal Floriano - 1229 - CEP: 95020-371 - Pio X,Caxias do Sul,RS,Centro Universitário,EAD - Superior / Presencial - Superior /,Privada,Privada com fins lucrativos,1999-12-17,5,2023.0,5,2022.0,3,2023.0,,,,Ativa,,10-s2.0-101083395,101083395,Centro Universitário da Serra Gaúcha,,,[],1,0,0,0
943,SOCIEDADE EDUCACIONAL SANTA RITA S.A.,91.109.660/0001-60,Privada com fins lucrativos,1427,CENTRO UNIVERSITÁRIO DA SERRA GAÚCHA (FSG),FSG,(54) 2101 6000,www.fsg.edu.br,denis.chidem@fsg.edu.br,Rua Marechal Floriano - 1229 - CEP: 95020-371 - Pio X,Caxias do Sul,RS,Centro Universitário,EAD - Superior / Presencial - Superior /,Privada,Privada com fins lucrativos,1999-12-17,5,2023.0,5,2022.0,3,2023.0,,,,Ativa,,10-s2.0-116304478,116304478,Serra Gaucha University,,,"['Serra Gaúcha College', 'Serra Gaucha University', 'Centro Universitário Da Serra Gaúcha']",0,0,0,1
943,SOCIEDADE EDUCACIONAL SANTA RITA S.A.,91.109.660/0001-60,Privada com fins lucrativos,1427,CENTRO UNIVERSITÁRIO DA SERRA GAÚCHA (FSG),FSG,(54) 2101 6000,www.fsg.edu.br,denis.chidem@fsg.edu.br,Rua Marechal Floriano - 1229 - CEP: 95020-371 - Pio X,Caxias do Sul,RS,Centro Universitário,EAD - Superior / Presencial - Superior /,Privada,Privada com fins lucrativos,1999-12-17,5,2023.0,5,2022.0,3,2023.0,,,,Ativa,,10-s2.0-60288018,60288018,FSG Centro Universitario,fsg.edu.br,https://www.fsg.edu.br/,"['FSG Centro Universitario', 'FSG University Center']",0,1,1,0
1913,FADERGS - FACULDADE DE DESENVOLVIMENTO DO RIO GRANDE DO SUL LTDA.,02.247.214/0001-92,Privada com fins lucrativos,2950,Centro Universitário FADERGS (FADERGS),FADERGS,(51) 3254 1111,www.fadergs.edu.br,regulatorio@animaeducacao.com.br,Rua Marechal Floriano Peixoto - 185 - CEP: 90020-061 - Centro Histórico,Porto Alegre,RS,Centro Universitário,EAD - Superior / Presencial - Superior /,Privada,Privada com fins lucrativos,2004-08-12,5,2023.0,5,2016.0,3,2023.0,,,,Ativa,,10-s2.0-121763937,121763937,Centro Universitario FADERGS,,,['Centro Universitario Fadergs'],1,0,0,1
1913,FADERGS - FACULDADE DE DESENVOLVIMENTO DO RIO GRANDE DO SUL LTDA.,02.247.214/0001-92,Privada com fins lucrativos,2950,Centro Universitário FADERGS (FADERGS),FADERGS,(51) 3254 1111,www.fadergs.edu.br,regulatorio@animaeducacao.com.br,Rua Marechal Floriano Peixoto - 185 - CEP: 90020-061 - Centro Histórico,Porto Alegre,RS,Centro Universitário,EAD - Superior / Presencial - Superior /,Privada,Privada com fins lucrativos,2004-08-12,5,2023.0,5,2016.0,3,2023.0,,,,Ativa,,10-s2.0-118690447,118690447,Centro Universitário FADERGS,,,"['Centro Universitário Fadergs', 'Universitário Fadergs.']",1,0,0,1
1913,FADERGS - FACULDADE DE DESENVOLVIMENTO DO RIO GRANDE DO SUL LTDA.,02.247.214/0001-92,Privada com fins lucrativos,2950,Centro Universitário FADERGS (FADERGS),FADERGS,(51) 3254 1111,www.fadergs.edu.br,regulatorio@animaeducacao.com.br,Rua Marechal Floriano Peixoto - 185 - CEP: 90020-061 - Centro Histórico,Porto Alegre,RS,Centro Universitário,EAD - Superior / Presencial - Superior /,Privada,Privada com fins lucrativos,2004-08-12,5,2023.0,5,2016.0,3,2023.0,,,,Ativa,,10-s2.0-122696846,122696846,Centro Universitário FADERGS,,,['Centro Universitário Fadergs'],1,0,0,1
304,INSTITUTO PORTO ALEGRE DA IGREJA METODISTA,93.005.494/0001-88,Privada sem fins lucrativos,4010,CENTRO UNIVERSITÁRIO METODISTA (IPA),IPA,(51) 33161100,http://ipametodista.edu.br/,sgeral@metodista.br,Rua Coronel Joaquim Pedro Salgado - 80 - CEP: 90420-060 - Rio Branco,Porto Alegre,RS,Centro Universitário,Presencial - Superior,Privada,Privada sem fins lucrativos,1971-08-04,3,2013.0,-,,3,2023.0,,,Adesão ao PROIES,Ativa,,10-s2.0-107954539,107954539,Centro Universitário Metodista,,,[],1,0,0,0
304,INSTITUTO PORTO ALEGRE DA IGREJA METODISTA,93.005.494/0001-88,Privada sem fins lucrativos,4010,CENTRO UNIVERSITÁRIO METODISTA (IPA),IPA,(51) 33161100,http://ipametodista.edu.br/,sgeral@metodista.br,Rua Coronel Joaquim Pedro Salgado - 80 - CEP: 90420-060 - Rio Branco,Porto Alegre,RS,Centro Universitário,Presencial - Superior,Privada,Privada sem fins lucrativos,1971-08-04,3,2013.0,-,,3,2023.0,,,Adesão ao PROIES,Ativa,,10-s2.0-100482446,100482446,Centro Universitário Metodista IPA,,,"['Centro Universitário Metodista Ipa', 'Centro Universitário Metodista - Ipa', 'Centro Universitário Metodista-ipa', 'Centro Universitário Metodista', 'Centro Universitário Metodista (ipa)', 'Centro Universitário Ipa Metodista', 'Centro Universitário Metodista Do Ipa', 'Centro Universitário Metodista – Ipa', 'Centro Universitário Metodista Ipa.', 'Centro Universitário Metodista In Porto Alegre (ipa)']",0,0,0,2
304,INSTITUTO PORTO ALEGRE DA IGREJA METODISTA,93.005.494/0001-88,Privada sem fins lucrativos,4010,CENTRO UNIVERSITÁRIO METODISTA (IPA),IPA,(51) 33161100,http://ipametodista.edu.br/,sgeral@metodista.br,Rua Coronel Joaquim Pedro Salgado - 80 - CEP: 90420-060 - Rio Branco,Porto Alegre,RS,Centro Universitário,Presencial - Superior,Privada,Privada sem fins lucrativos,1971-08-04,3,2013.0,-,,3,2023.0,,,Adesão ao PROIES,Ativa,,10-s2.0-112179598,112179598,Centro Universitário Metodista IPA,,,"['Centro Universitário Metodista Ipa', 'Centro Universitário Metodista-ipa', 'Centro Universitário Metodista - Ipa', 'Centro Universitário Metodista (ipa)', 'Centro Universitário Ipa Metodista', 'Ipa Centro Universitário Metodista', 'Centro Universitário Metodista- Ipa', 'Centro Universitário Metodista (ipa Metodista)', 'Centro Universitário Ipa', 'Centro Universitario Metodista-ipa']",0,0,0,2
304,INSTITUTO PORTO ALEGRE DA IGREJA METODISTA,93.005.494/0001-88,Privada sem fins lucrativos,4010,CENTRO UNIVERSITÁRIO METODISTA (IPA),IPA,(51) 33161100,http://ipametodista.edu.br/,sgeral@metodista.br,Rua Coronel Joaquim Pedro Salgado - 80 - CEP: 90420-060 - Rio Branco,Porto Alegre,RS,Centro Universitário,Presencial - Superior,Privada,Privada sem fins lucrativos,1971-08-04,3,2013.0,-,,3,2023.0,,,Adesão ao PROIES,Ativa,,10-s2.0-114721051,114721051,Centro Universitário Metodista IPA - Porto Alegre,,,"['Centro Universitário Metodista Ipa', 'Centro Universitário Metodista - Ipa - Porto Alegre', 'Centro Universitário Metodista Ipa - Porto Alegre (rs)', 'Centro Universitário Metodista Do Ipa', 'Centro Universitário Metodista']",0,0,0,1
304,INSTITUTO PORTO ALEGRE DA IGREJA METODISTA,93.005.494/0001-88,Privada sem fins lucrativos,4010,CENTRO UNIVERSITÁRIO METODISTA (IPA),IPA,(51) 33161100,http://ipametodista.edu.br/,sgeral@metodista.br,Rua Coronel Joaquim Pedro Salgado - 80 - CEP: 90420-060 - Rio Branco,Porto Alegre,RS,Centro Universitário,Presencial - Superior,Privada,Privada sem fins lucrativos,1971-08-04,3,2013.0,-,,3,2023.0,,,Adesão ao PROIES,Ativa,,10-s2.0-109108170,109108170,Centro Universitário Metodista,,,"['Centro Universitário Metodista', 'Centro Universitário Metodista Do Ipa', 'Centro Universitario Metodista', 'Docente Do Centro Universitário Metodista Ipa']",1,0,0,2
313,SOCIEDADE DE EDUCACAO RITTER DOS REIS LTDA.,87.248.522/0001-95,Privada com fins lucrativos,448,CENTRO UNIVERSITÁRIO RITTER DOS REIS (UNIRITTER),UNIRITTER,(51) 3230.3333,www.uniritter.edu.br,regulacao@animaeducacao.com.br,Avenida Manoel Elias - 2001 - CEP: 91240-261 - Passo das Pedras,Porto Alegre,RS,Centro Universitário,EAD - Superior / Presencial - Superior /,Privada,Privada com fins lucrativos,1971-10-19,5,2024.0,5,2013.0,3,2023.0,,,,Ativa,,10-s2.0-105702748,105702748,Centro Universitário Ritter dos Reis,,,[],1,0,0,0
313,SOCIEDADE DE EDUCACAO RITTER DOS REIS LTDA.,87.248.522/0001-95,Privada com fins lucrativos,448,CENTRO UNIVERSITÁRIO RITTER DOS REIS (UNIRITTER),UNIRITTER,(51) 3230.3333,www.uniritter.edu.br,regulacao@animaeducacao.com.br,Avenida Manoel Elias - 2001 - CEP: 91240-261 - Passo das Pedras,Porto Alegre,RS,Centro Universitário,EAD - Superior / Presencial - Superior /,Privada,Privada com fins lucrativos,1971-10-19,5,2024.0,5,2013.0,3,2023.0,,,,Ativa,,10-s2.0-126445745,126445745,Centro Universitário Ritter dos Reis (UniRitter),,,[],1,0,0,0
313,SOCIEDADE DE EDUCACAO RITTER DOS REIS LTDA.,87.248.522/0001-95,Privada com fins lucrativos,448,CENTRO UNIVERSITÁRIO RITTER DOS REIS (UNIRITTER),UNIRITTER,(51) 3230.3333,www.uniritter.edu.br,regulacao@animaeducacao.com.br,Avenida Manoel Elias - 2001 - CEP: 91240-261 - Passo das Pedras,Porto Alegre,RS,Centro Universitário,EAD - Superior / Presencial - Superior /,Privada,Privada com fins lucrativos,1971-10-19,5,2024.0,5,2013.0,3,2023.0,,,,Ativa,,10-s2.0-120370140,120370140,Faculdade de Ciências da Saúde Uniritter - Centro Universitário Ritter dos Reis,,,"['Faculdade De Ciências Da Saúde Uniritter - Centro Universitário Ritter Dos Reis', 'Curso De Veterinária Do Centro Universitário Ritter Dos Reis (uniritter)', 'Centro Universitário Ritter Dos Reis']",0,0,0,1
313,SOCIEDADE DE EDUCACAO RITTER DOS REIS LTDA.,87.248.522/0001-95,Privada com fins lucrativos,448,CENTRO UNIVERSITÁRIO RITTER DOS REIS (UNIRITTER),UNIRITTER,(51) 3230.3333,www.uniritter.edu.br,regulacao@animaeducacao.com.br,Avenida Manoel Elias - 2001 - CEP: 91240-261 - Passo das Pedras,Porto Alegre,RS,Centro Universitário,EAD - Superior / Presencial - Superior /,Privada,Privada com fins lucrativos,1971-10-19,5,2024.0,5,2013.0,3,2023.0,,,,Ativa,,10-s2.0-113168961,113168961,Centro Universitário Ritter dos Reis,,,['Centro Universitário Ritter Dos Reis'],1,0,0,1
313,SOCIEDADE DE EDUCACAO RITTER DOS REIS LTDA.,87.248.522/0001-95,Privada com fins lucrativos,448,CENTRO UNIVERSITÁRIO RITTER DOS REIS (UNIRITTER),UNIRITTER,(51) 3230.3333,www.uniritter.edu.br,regulacao@animaeducacao.com.br,Avenida Manoel Elias - 2001 - CEP: 91240-261 - Passo das Pedras,Porto Alegre,RS,Centro Universitário,EAD - Superior / Presencial - Superior /,Privada,Privada com fins lucrativos,1971-10-19,5,2024.0,5,2013.0,3,2023.0,,,,Ativa,,10-s2.0-128940830,128940830,Centro Universitário Ritter dos Reis,,,[],1,0,0,0
313,SOCIEDADE DE EDUCACAO RITTER DOS REIS LTDA.,87.248.522/0001-95,Privada com fins lucrativos,448,CENTRO UNIVERSITÁRIO RITTER DOS REIS (UNIRITTER),UNIRITTER,(51) 3230.3333,www.uniritter.edu.br,regulacao@animaeducacao.com.br,Avenida Manoel Elias - 2001 - CEP: 91240-261 - Passo das Pedras,Porto Alegre,RS,Centro Universitário,EAD - Superior / Presencial - Superior /,Privada,Privada com fins lucrativos,1971-10-19,5,2024.0,5,2013.0,3,2023.0,,,,Ativa,,10-s2.0-115242404,115242404,Centro Universitário Ritter dos Reis,,,"['Centro Universitário Ritter Dos Reis', 'Centro Universitário Ritter Dos Reis - Uniritter', 'Universidade Ritter Dos Reis', 'Centro Universitário Ritter Dos Reis Uniritter', 'Centro Universitário Ritter Dos Reis (uniritter)']",1,0,0,2
313,SOCIEDADE DE EDUCACAO RITTER DOS REIS LTDA.,87.248.522/0001-95,Privada com fins lucrativos,448,CENTRO UNIVERSITÁRIO RITTER DOS REIS (UNIRITTER),UNIRITTER,(51) 3230.3333,www.uniritter.edu.br,regulacao@animaeducacao.com.br,Avenida Manoel Elias - 2001 - CEP: 91240-261 - Passo das Pedras,Porto Alegre,RS,Centro Universitário,EAD - Superior / Presencial - Superior /,Privada,Privada com fins lucrativos,1971-10-19,5,2024.0,5,2013.0,3,2023.0,,,,Ativa,,10-s2.0-116170289,116170289,Centro Universitário Ritter dos Reis (UniRitter),,,[],1,0,0,0
2107,CENTRO SUPERIOR DE TECNOLOGIA TECBRASIL LTDA,02.271.913/0001-78,Privada com fins lucrativos,3333,CENTRO UNIVERSITÁRIO UNIFTEC (UNIFTEC),UNIFTEC,(54) 30271300,www.ftec.com.br,claudio@ftec.com.br,Rua Gustavo Ramos Sehbe - 107 - CEP: 95012-669 - Cinqüentenário,Caxias do Sul,RS,Centro Universitário,EAD - Superior / Presencial - Superior /,Privada,Privada com fins lucrativos,2002-12-09,4,2023.0,4,2016.0,3,2023.0,,,Unificação de Mantidas,Ativa,,10-s2.0-118190395,118190395,Centro Universitário Uniftec,,,"['Centro Universitário Uniftec', 'Uniftec Centro Universitário']",1,0,0,1
412,ASSOCIACAO ESCOLA SUPERIOR DE PROPAGANDA E MARKETING,61.825.675/0001-64,Pessoa Jurídica de Direito Privado - Sem fins lucrativos - Associação de Utilidade Pública,1327,ESCOLA SUPERIOR DE PROPAGANDA E MARKETING DE PORTO ALEGRE (ESPM - POA),ESPM - POA,(51) 3218 1300,www.espm.br,sonia@espm.br; elongo@espm.br,Rua Guilherme Shell - 268 - CEP: 90640-040 - Santo Antonio,Porto Alegre,RS,Faculdade,Presencial - Superior,Privada,Privada sem fins lucrativos,1999-06-24,5,2023.0,-,,4,2023.0,,,,Ativa,,10-s2.0-60084121,60084121,Escola Superior de Propaganda e Marketing,espm.br,https://www.espm.br/en/,[],0,0,1,0
16452,ANHANGUERA EDUCACIONAL PARTICIPACOES S/A,04.310.392/0001-46,Privada com fins lucrativos,2191,FACULDADE ANHANGUERA DE PELOTAS,-,,,thaina.c.souza@cogna.com.br;ddi@kroton.com.br,Avenida Fernando Osório - 1970 - CEP: 96055-035 - Três Vendas,Pelotas,RS,Faculdade,Presencial - Superior,Privada,Privada com fins lucrativos,2002-12-16,4,2023.0,-,,3,2023.0,,,,Ativa,,10-s2.0-113971951,113971951,Faculdade Anhanguera,,,"['Faculdade Anhanguera', 'Faculdade Anhanguera De Pelotas']",0,0,0,1
1554,ATITUS EDUCACAO S.A,04.858.393/0001-20,Privada com fins lucrativos,2821,Faculdade Atitus Educação Online (Atitus Educação),Atitus Educação,51 4004 4818,https://www.atitus.edu.br/,institucional@atitus.edu.br;eduardo.capellari@atitus.edu.br,Rua Dona Laura - 1020 - CEP: 90430-090 - Rio Branco,Porto Alegre,RS,Faculdade,EAD - Superior / Presencial - Superior /,Privada,Privada com fins lucrativos,2005-07-19,4,2023.0,4,2019.0,4,2023.0,,,,Ativa,,10-s2.0-60111064,60111064,ATITUS Educação,atitus.edu.br,https://www.atitus.edu.br/,"['IMED Passo Fundo', 'IMED em Passo Fundo', 'ATITUS Educação', 'ATTITUS Education']",0,1,1,0
1554,ATITUS EDUCACAO S.A,04.858.393/0001-20,Privada com fins lucrativos,2383,Faculdade Atitus Educação Passo Fundo (Atitus Educação),Atitus Educação,51 4004 4818,https://www.atitus.edu.br/,institucional@atitus.edu.br; eduardo.capellari@atitus.edu.br,Rua Senador Pinheiro - 304 - CEP: 99070-220 - Cruzeiro,Passo Fundo,RS,Faculdade,Presencial - Superior,Privada,Privada com fins lucrativos,2004-12-30,4,2019.0,-,,4,2023.0,,,,Ativa,,10-s2.0-60111064,60111064,ATITUS Educação,atitus.edu.br,https://www.atitus.edu.br/,"['IMED Passo Fundo', 'IMED em Passo Fundo', 'ATITUS Educação', 'ATTITUS Education']",0,1,1,0
1554,ATITUS EDUCACAO S.A,04.858.393/0001-20,Privada com fins lucrativos,21519,Faculdade Atitus Educação Porto Alegre (Atitus Educação),Atitus Educação,51 4004 4818,https://www.atitus.edu.br/,institucional@atitus.edu.br;eduardo.capellari@atitus.edu.br,Rua Dona Laura - 1020 - CEP: 90430-090 - Rio Branco,Porto Alegre,RS,Faculdade,Presencial - Superior,Privada,Privada com fins lucrativos,2018-03-08,5,2025.0,-,,4,2023.0,,,,Ativa,,10-s2.0-60111064,60111064,ATITUS Educação,atitus.edu.br,https://www.atitus.edu.br/,"['IMED Passo Fundo', 'IMED em Passo Fundo', 'ATITUS Educação', 'ATTITUS Education']",0,1,1,0
407,CAMPANHA NACIONAL DE ESCOLAS DA COMUNIDADE,33.621.384/0001-19,Privada sem fins lucrativos,631,FACULDADE CNEC FARROUPILHA,-,(54) 3268 2288,https://educacaosuperior.cnec.br/farroupilha,ceduc.es@cnec.br,Av Avenida Paulo Broilo - 342 - CEP: 95170-540 - Centro,Farroupilha,RS,Faculdade,Presencial - Superior,Privada,Privada sem fins lucrativos,1994-12-31,3,2017.0,-,,3,2023.0,,,,Ativa,,10-s2.0-118449002,118449002,Faculdade CNEC Farroupilha,,,['Faculdade CNEC Farroupilha'],1,0,0,1
1742,CENTRO DE ENSINO SUPERIOR DOM ALBERTO LTDA,03.220.293/0001-00,Privada com fins lucrativos,2687,FACULDADE DOM ALBERTO (FDA),FDA,33988909230,www.domalberto.edu.br,direcao@domalberto.edu.br,Rua Ramiro Barcelos - 892 - CEP: 96810-054 - Centro,Santa Cruz do Sul,RS,Faculdade,EAD - Superior / Presencial - Superior /,Privada,Privada com fins lucrativos,2003-11-05,4,2023.0,4,2023.0,3,2023.0,,,Adesão ao PROIES,Ativa,,10-s2.0-115929807,115929807,Faculdade Dom Alberto,,,"['Faculdade Dom Alberto', 'Senac/rs E Da Faculdade Dom Alberto', 'Dom Alberto College']",1,0,0,1
1391,INSPETORIA SALESIANA SAO PIO X,92.822.741/0001-76,Pessoa Jurídica de Direito Privado - Sem fins lucrativos - Associação de Utilidade Pública,2113,FACULDADE DOM BOSCO DE PORTO ALEGRE (FDB),FDB,(51)3361-6700,www.faculdade.dombosco.net,secretaria.faculdade@dombosco.net; beta2410@hotmail.com,Rua Marechal José Inácio da Silva - 355 - CEP: 90520-280 - Passo D'Areia,Porto Alegre,RS,Faculdade,EAD - Superior / Presencial - Superior /,Privada,Privada sem fins lucrativos,2002-11-28,4,2023.0,4,2019.0,3,2023.0,,,,Ativa,,10-s2.0-114320141,114320141,Faculdade Dom Bosco de Porto Alegre,,,"['Faculdade Dom Bosco De Porto Alegre', 'Faculdade Dom Bosco']",1,0,0,1
1554,ATITUS EDUCACAO S.A,04.858.393/0001-20,Privada com fins lucrativos,11429,FACULDADE ESPECIALIZADA NA ÁREA DE SAÚDE DO RIO GRANDE DO SUL (FASURGS),FASURGS,51 4004 4818,https://www.atitus.edu.br/,institucional@atitus.edu.br,Rua Senador Pinheiro - 304 - CEP: 99070-220 - Vila Rodrigues,Passo Fundo,RS,Faculdade,EAD - Superior / Presencial - Superior /,Privada,Privada com fins lucrativos,2009-12-24,3,2023.0,4,2019.0,4,2023.0,,,Suspensão de autonomia para EAD,Ativa,,10-s2.0-118212545,118212545,Faculdade Especializada na Área de Saúde do Rio Grande do Sul,,,"['Faculdade Especializada Na Área De Saúde Do Rio Grande Do Sul', 'Faculdade Especializada Na Área Da Saúde Do Rio Grande Do Sul (fasurgs)']",1,0,0,1
1554,ATITUS EDUCACAO S.A,04.858.393/0001-20,Privada com fins lucrativos,11429,FACULDADE ESPECIALIZADA NA ÁREA DE SAÚDE DO RIO GRANDE DO SUL (FASURGS),FASURGS,51 4004 4818,https://www.atitus.edu.br/,institucional@atitus.edu.br,Rua Senador Pinheiro - 304 - CEP: 99070-220 - Vila Rodrigues,Passo Fundo,RS,Faculdade,EAD - Superior / Presencial - Superior /,Privada,Privada com fins lucrativos,2009-12-24,3,2023.0,4,2019.0,4,2023.0,,,Suspensão de autonomia para EAD,Ativa,,10-s2.0-60111064,60111064,ATITUS Educação,atitus.edu.br,https://www.atitus.edu.br/,"['IMED Passo Fundo', 'IMED em Passo Fundo', 'ATITUS Educação', 'ATTITUS Education']",0,1,1,0
915,INSTITUICAO SINODAL DE ASSISTENCIA EDUCACAO E CULTURA,96.746.441/0001-06,Privada sem fins lucrativos,1780,FACULDADE HORIZONTINA (FAHOR),FAHOR,(55) 3537 7750,www.fahor.com.br,fahor@fahor.com.br,Avenida dos Ipês - 565 - CEP: 98920-000 - Esq. Eldorado,Horizontina,RS,Faculdade,Presencial - Superior,Privada,Privada sem fins lucrativos,2001-07-25,5,2023.0,-,,3,2023.0,,,,Ativa,,10-s2.0-112630862,112630862,Faculdade de Horizontina (FAHOR),,,"['Faculdade Horizontina (fahor)', 'Faculdade De Horizontina (fahor)', 'Faculdade Horizontina-fahor', 'Faculdade Horizontina (fahor']",0,0,0,1
1721,FISMA - FACULDADE INTEGRADA DE SANTA MARIA LTDA.,01.763.991/0001-27,Privada com fins lucrativos,2647,FACULDADE INTEGRADA DE SANTA MARIA (FISMA),FISMA,(55) 30259725,www.fismafaculdade.com.br,ailo.saccol@fisma.edu.br,Rua José do Patrocínio - 26 - CEP: 97010-260 - Centro,Santa Maria,RS,Faculdade,Presencial - Superior,Privada,Privada com fins lucrativos,2003-11-19,4,2023.0,3,2019.0,3,2023.0,,,Adesão ao PROIES,Ativa,,10-s2.0-110515019,110515019,Faculdade Integrada de Santa Maria - FISMA,,,"['Faculdade Integrada De Santa Maria - Fisma', 'Faculdade Integrada De Santa Maria (fisma)']",0,0,0,1
1721,FISMA - FACULDADE INTEGRADA DE SANTA MARIA LTDA.,01.763.991/0001-27,Privada com fins lucrativos,2647,FACULDADE INTEGRADA DE SANTA MARIA (FISMA),FISMA,(55) 30259725,www.fismafaculdade.com.br,ailo.saccol@fisma.edu.br,Rua José do Patrocínio - 26 - CEP: 97010-260 - Centro,Santa Maria,RS,Faculdade,Presencial - Superior,Privada,Privada com fins lucrativos,2003-11-19,4,2023.0,3,2019.0,3,2023.0,,,Adesão ao PROIES,Ativa,,10-s2.0-109636850,109636850,Faculdade Integrada de Santa Maria,,,"['Faculdade Integrada De Santa Maria', 'Faculdade Integrada De Santa Maria - Fisma']",1,0,0,1
16563,ATITUS EDUCACAO S.A,04.858.393/0002-00,Privada com fins lucrativos,4443,Faculdade Meridional de Ijuí (IMED),IMED,(55) 3333-2476,https://www.atitus.edu.br/,institucional@atitus.edu.br,Rua 13 de maio - 67 - CEP: 98700-000 - Centro,Ijuí,RS,Faculdade,EAD - Superior / Presencial - Superior /,Privada,Privada com fins lucrativos,2007-04-03,3,2013.0,4,2019.0,SC,2023.0,,,"Credenciamento EaD Provisório, Em Descredenciamento voluntário",Ativa,,10-s2.0-60111064,60111064,ATITUS Educação,atitus.edu.br,https://www.atitus.edu.br/,"['IMED Passo Fundo', 'IMED em Passo Fundo', 'ATITUS Educação', 'ATTITUS Education']",0,1,1,0
1843,ASSOCIACAO CULTURAL E CIENTIFICA VIRVI RAMOS,88.665.914/0001-12,Privada sem fins lucrativos,2826,FACULDADE NOSSA SENHORA DE FÁTIMA (FACULDADE FÁTIMA),FACULDADE FÁTIMA,(54) 3535.7300,www.fatimaeducacao.com.br,cleciane.simsen@virviramos.com.br;direcao@fatimaeducacao.com.br;isidoro.ciconet@fatimaeducacao.com.b,Rua Alexandre Fleming - 454 - CEP: 95041-520 - Madureira,Caxias do Sul,RS,Faculdade,Presencial - Superior,Privada,Privada sem fins lucrativos,2003-11-25,4,2025.0,4,2019.0,4,2023.0,,,,Ativa,,10-s2.0-112668938,112668938,Faculdade Nossa Senhora de Fátima,,,"['Faculdade Nossa Senhora De Fátima', 'Hospital Nossa Senhora De Fátima']",1,0,0,1
1843,ASSOCIACAO CULTURAL E CIENTIFICA VIRVI RAMOS,88.665.914/0001-12,Privada sem fins lucrativos,2826,FACULDADE NOSSA SENHORA DE FÁTIMA (FACULDADE FÁTIMA),FACULDADE FÁTIMA,(54) 3535.7300,www.fatimaeducacao.com.br,cleciane.simsen@virviramos.com.br;direcao@fatimaeducacao.com.br;isidoro.ciconet@fatimaeducacao.com.b,Rua Alexandre Fleming - 454 - CEP: 95041-520 - Madureira,Caxias do Sul,RS,Faculdade,Presencial - Superior,Privada,Privada sem fins lucrativos,2003-11-25,4,2025.0,4,2019.0,4,2023.0,,,,Ativa,,10-s2.0-119546057,119546057,Faculdade Nossa Senhora de Fátima,,,"['Faculdade Nossa Senhora De Fátima', 'Hosp. Nossa Senhora De Fatima']",1,0,0,1
2246,INSTITUICAO EVANGELICA DE NOVO HAMBURGO,91.680.363/0001-70,Privada sem fins lucrativos,3543,FACULDADE NOVO HAMBURGO (FACULDADE IENH),FACULDADE IENH,(51) 3594 3022,www.ienh.com.br,faculdade@ienh.com.br,Rua Frederico Mentz - 526 - CEP: 93525-360 - Hamburgo Velho,Novo Hamburgo,RS,Faculdade,Presencial - Superior,Privada,Privada sem fins lucrativos,2007-02-26,5,2018.0,-,,3,2023.0,,,,Ativa,,10-s2.0-119704946,119704946,Prefeitura Municipal de Novo Hamburgo,,,"['Prefeitura Municipal De Novo Hamburgo', 'Unimed Novo Hamburgo Hospital', 'Rede Municipal De Novo Hamburgo', 'Prefeitura De Novo Hamburgo', 'Novo Hamburgo Municipal Hospital', 'Hospital Municipal De Novo Hamburgo', 'Faculdade Novo Hamburgo']",0,0,0,1
1861,UNIAO DAS FACULDADES INTEGRADAS DE NEGOCIOS LTDA.,04.928.749/0001-54,Privada com fins lucrativos,2855,FACULDADE SÃO FRANCISCO DE ASSIS (FSFA),FSFA,51 99872-1045,www.saofranciscodeassis.edu.br,mantenedora@saofranciscodeassis.edu.br;elisiane@saofranciscodeassis.edu.br,Avenida Sertório - 253 - CEP: 91020-001 - Navegantes,Porto Alegre,RS,Faculdade,EAD - Superior / Presencial - Superior /,Privada,Privada com fins lucrativos,2003-11-28,3,2023.0,4,2019.0,3,2023.0,,,,Ativa,,10-s2.0-116400712,116400712,Faculdade São Francisco de Assis,,,"['Faculdade São Francisco De Assis', 'São Francisco De Assis College', 'Faculdade São Francisco De Assis/unifin', 'Faculdade São Francisco De Assis / Unifin', 'Faculdade São Francisco De Assis - Unifin', 'Faculdade São Francisco De Assis (unifin)']",1,0,0,2
915,INSTITUICAO SINODAL DE ASSISTENCIA EDUCACAO E CULTURA,96.746.441/0001-06,Privada sem fins lucrativos,1382,Faculdades EST (EST),EST,(51)21111400,https://est.edu.br/,est@est.edu.br,Rua Amadeo Rossi - 467 - CEP: 93030-220 - Morro do Espelho,São Leopoldo,RS,Faculdade,EAD - Superior / Presencial - Superior /,Privada,Privada sem fins lucrativos,1999-10-04,4,2023.0,4,2022.0,5,2023.0,,,,Ativa,,10-s2.0-109038215,109038215,Faculdades EST,,,[],1,0,0,0
459,FUNDACAO EDUCACIONAL ENCOSTA INFERIOR DO NORDESTE,97.763.593/0001-80,Pessoa Jurídica de Direito Privado - Sem fins lucrativos - Associação de Utilidade Pública,5285,FACULDADES INTEGRADAS DE TAQUARA (FACCAT),FACCAT,(51)3541-6600,www.faccat.br,"delmarhbackes@faccat.br, legislacao@faccat.br",Avenida Oscar Martins Rangel - 4500 - CEP: 95612-150 - Fogão Gaúcho,Taquara,RS,Faculdade,Presencial - Superior,Privada,Privada sem fins lucrativos,1988-12-15,5,2023.0,-,,4,2023.0,,,,Ativa,,10-s2.0-110305927,110305927,Faculdades Integradas de Taquara,,,"['Faculdades Integradas De Taquara', 'The Faculdades Integradas De Taquara']",1,0,0,1
459,FUNDACAO EDUCACIONAL ENCOSTA INFERIOR DO NORDESTE,97.763.593/0001-80,Pessoa Jurídica de Direito Privado - Sem fins lucrativos - Associação de Utilidade Pública,5285,FACULDADES INTEGRADAS DE TAQUARA (FACCAT),FACCAT,(51)3541-6600,www.faccat.br,"delmarhbackes@faccat.br, legislacao@faccat.br",Avenida Oscar Martins Rangel - 4500 - CEP: 95612-150 - Fogão Gaúcho,Taquara,RS,Faculdade,Presencial - Superior,Privada,Privada sem fins lucrativos,1988-12-15,5,2023.0,-,,4,2023.0,,,,Ativa,,10-s2.0-113018524,113018524,Faculdades Integradas de Taquara,,,[],1,0,0,0
459,FUNDACAO EDUCACIONAL ENCOSTA INFERIOR DO NORDESTE,97.763.593/0001-80,Pessoa Jurídica de Direito Privado - Sem fins lucrativos - Associação de Utilidade Pública,5285,FACULDADES INTEGRADAS DE TAQUARA (FACCAT),FACCAT,(51)3541-6600,www.faccat.br,"delmarhbackes@faccat.br, legislacao@faccat.br",Avenida Oscar Martins Rangel - 4500 - CEP: 95612-150 - Fogão Gaúcho,Taquara,RS,Faculdade,Presencial - Superior,Privada,Privada sem fins lucrativos,1988-12-15,5,2023.0,-,,4,2023.0,,,,Ativa,,10-s2.0-121471609,121471609,Faculdades Integradas de Taquara (FACCAT),,,['Faculdades Integradas De Taquara (faccat)'],1,0,0,1
459,FUNDACAO EDUCACIONAL ENCOSTA INFERIOR DO NORDESTE,97.763.593/0001-80,Pessoa Jurídica de Direito Privado - Sem fins lucrativos - Associação de Utilidade Pública,5285,FACULDADES INTEGRADAS DE TAQUARA (FACCAT),FACCAT,(51)3541-6600,www.faccat.br,"delmarhbackes@faccat.br, legislacao@faccat.br",Avenida Oscar Martins Rangel - 4500 - CEP: 95612-150 - Fogão Gaúcho,Taquara,RS,Faculdade,Presencial - Superior,Privada,Privada sem fins lucrativos,1988-12-15,5,2023.0,-,,4,2023.0,,,,Ativa,,10-s2.0-126994851,126994851,Faculdades Integradas de Taquara,,,['Faculdades Integradas De Taquara'],1,0,0,1
459,FUNDACAO EDUCACIONAL ENCOSTA INFERIOR DO NORDESTE,97.763.593/0001-80,Pessoa Jurídica de Direito Privado - Sem fins lucrativos - Associação de Utilidade Pública,5285,FACULDADES INTEGRADAS DE TAQUARA (FACCAT),FACCAT,(51)3541-6600,www.faccat.br,"delmarhbackes@faccat.br, legislacao@faccat.br",Avenida Oscar Martins Rangel - 4500 - CEP: 95612-150 - Fogão Gaúcho,Taquara,RS,Faculdade,Presencial - Superior,Privada,Privada sem fins lucrativos,1988-12-15,5,2023.0,-,,4,2023.0,,,,Ativa,,10-s2.0-108166867,108166867,Faculdades Integradas de Taquara (FACCAT),,,"['Faculdades Integradas De Taquara - Faccat', 'Faculdades Integradas De Taquara (faccat)', 'Faculdades Integradas De Taquara-faccat', 'Faculdades Integradas De Taquara (faccat', 'Faccat - Faculdades Integradas De Taquara']",1,0,0,1
296,FUNDACAO EDUCACIONAL MACHADO DE ASSIS,95.817.615/0001-11,Privada sem fins lucrativos,1842,FACULDADES INTEGRADAS MACHADO DE ASSIS (FEMA),FEMA,5535119100,www.fema.com.br,"regina@fema.com.br,faculdades@fema.com.br",Rua Rua Santos Dumont - 820 - CEP: 98780-109 - Centro,Santa Rosa,RS,Faculdade,EAD - Superior / Presencial - Superior /,Privada,Privada sem fins lucrativos,2001-04-30,4,2023.0,5,2021.0,3,2023.0,,,,Ativa,,10-s2.0-118976901,118976901,Faculdades Integradas Machado de Assis (FEMA),,,['Faculdades Integradas Machado de Assis (FEMA)'],1,0,0,1
212,INSTITUICAO EDUCACIONAL SAO JUDAS TADEU,92.968.106/0001-00,Pessoa Jurídica de Direito Privado - Sem fins lucrativos - Associação de Utilidade Pública,5600,FACULDADES INTEGRADAS SÃO JUDAS TADEU (SJT),SJT,(51)3340-7888,www.saojudastadeu.edu.br,mariza@saojudastadeu.edu.br,Rua Dom Diogo de Souza - 100 - CEP: 91350-000 - Cristo Redentor,Porto Alegre,RS,Faculdade,EAD - Superior / Presencial - Superior /,Privada,Privada sem fins lucrativos,1970-08-17,4,2015.0,3,2013.0,3,2023.0,,,Adesão ao PROIES,Ativa,,10-s2.0-119813187,119813187,Instituição Educacional São Judas Tadeu,,,"['Instituição Educacional São Judas Tadeu', 'Faculdades Integradas São Judas Tadeu']",0,0,0,1
16750,FACULDADES INTEGRADAS DE FOZ DO IGUACU LTDA,25.115.814/0001-00,Privada com fins lucrativos,5107,FACULDADE SOGIPA DE EDUCAÇÃO FÍSICA,-,51-30858938,www.faculdadesogipa.edu.br,ederdalpiaz@hotmail.com,Avenida Benjamin Constant - 80 - CEP: 90550-003 - São João,Porto Alegre,RS,Faculdade,EAD - Superior / Presencial - Superior /,Privada,Privada sem fins lucrativos,2008-11-17,3,2017.0,3,2019.0,3,2023.0,,,,Ativa,,10-s2.0-112434617,112434617,Faculdade Sogipa de Educação Física,,,"['Faculdade Sogipa De Educação Física', 'Faculdade Sogipa De Educação Física (sogipa)', 'Faculdade Sogipa De Educação Fisica']",1,0,0,3
16750,FACULDADES INTEGRADAS DE FOZ DO IGUACU LTDA,25.115.814/0001-00,Privada com fins lucrativos,5107,FACULDADE SOGIPA DE EDUCAÇÃO FÍSICA,-,51-30858938,www.faculdadesogipa.edu.br,ederdalpiaz@hotmail.com,Avenida Benjamin Constant - 80 - CEP: 90550-003 - São João,Porto Alegre,RS,Faculdade,EAD - Superior / Presencial - Superior /,Privada,Privada sem fins lucrativos,2008-11-17,3,2017.0,3,2019.0,3,2023.0,,,,Ativa,,10-s2.0-116682146,116682146,Faculdade Sogipa de Educação Física,,,"['Faculdade Sogipa De Educação Física', 'Faculdade Sogipa De Educação Fisica']",1,0,0,2
209,SOCIEDADE EDUCACIONAL TRES DE MAIO,98.039.852/0001-97,Privada sem fins lucrativos,294,FACULDADE TRÊS DE MAIO (SETREM),SETREM,(55) 3535 4600,www.setrem.edu.br,faculdade@setrem.com.br,Avenda Santa Rosa - 2.405 - CEP: 98910-000 - Centro,Três de Maio,RS,Faculdade,EAD - Superior / Presencial - Superior /,Privada,Privada sem fins lucrativos,1999-12-17,4,2023.0,5,2022.0,3,2023.0,,,,Ativa,,10-s2.0-116657676,116657676,Faculdade Três de Maio,,,['Faculdade Três De Maio'],1,0,0,1
9051,FUNDACAO UNIVERSIDADE FEDERAL DE CIENCIAS DA SAUDE DE PORTO ALEGRE,92.967.595/0001-77,Pessoa Jurídica de Direito Público - Federal,717,FUNDAÇÃO UNIVERSIDADE FEDERAL DE CIÊNCIAS DA SAÚDE DE PORTO ALEGRE (UFCSPA),UFCSPA,(51) 33039000,www.ufcspa.edu.br,reitoria@ufcspa.edu.br,Rua Sarmento Leite - 245 - CEP: 90050-170 - Centro,Porto Alegre,RS,Universidade,EAD - Superior / Presencial - Superior /,Publica,Pública Federal,1961-02-17,5,2017.0,4,2019.0,5,2023.0,,,,Ativa,,10-s2.0-117068171,117068171,Universidad Federal de Ciencias de la Salud de Porto Alegre,,,"['Universidad Federal De Ciencias De La Salud De Porto Alegre', 'Universidade Federal De Ciências Básicas Da Saúde De Porto Alegre', 'Fundação Universidade Federal De Ciências Da Saúde De Porto Alegre', 'Federal University Of Ciências Da Saúde De Porto Alegre']",0,0,0,1
14838,FUNDACAO UNIVERSIDADE FEDERAL DO PAMPA - UNIPAMPA,09.341.233/0001-22,Pessoa Jurídica de Direito Público - Federal,5322,FUNDAÇÃO UNIVERSIDADE FEDERAL DO PAMPA - UNIPAMPA (UNIPAMPA),UNIPAMPA,53 3240 5400,www.unipampa.edu.br,reitoria@unipampa.edu.br,Rua Melanie Granier - 51 - CEP: 96400-500 - Centro,Bagé,RS,Universidade,EAD - Superior / Presencial - Superior /,Publica,Pública Federal,2008-01-14,5,2023.0,4,2014.0,4,2023.0,,,,Ativa,,10-s2.0-60082715,60082715,Universidade Federal do Pampa,unipampa.edu.br,https://unipampa.edu.br/portal/,"['Federal University of Pampa', 'Universidade Federal do Pampa']",0,0,1,0
4126,"INSTITUTO FEDERAL DE EDUCACAO, CIENCIA E TECNOLOGIA DO RIO GRANDE DO SUL",10.637.926/0001-46,Pessoa Jurídica de Direito Público - Federal,601,"INSTITUTO FEDERAL DE EDUCAÇÃO, CIÊNCIA E TECNOLOGIA DO RIO GRANDE DO SUL (IFRS)",IFRS,(54) 34493343,www.ifrs.edu.br,reitor@ifrs.edu.br,Rua General Osório - 348 - CEP: 95700-000 - Centro,Bento Gonçalves,RS,"Instituto Federal de Educação, Ciência e Tecnologia",EAD - Superior / Presencial - Superior /,Publica,Pública Federal,1994-12-27,4,2015.0,4,2016.0,4,2023.0,,,,Ativa,,10-s2.0-60109442,60109442,"Instituto Federal de Educação, Ciȇncia e Tecnologia do Rio Grande do Sul",ifrs.edu.br,https://ifrs.edu.br/,[],1,1,1,0
8338,"INSTITUTO FEDERAL DE EDUCACAO, CIENCIA E TECNOLOGIA FARROUPILHA",10.662.072/0001-58,Pessoa Jurídica de Direito Público - Federal,4098,"INSTITUTO FEDERAL DE EDUCAÇÃO, CIÊNCIA E TECNOLOGIA FARROUPILHA (IFFarroupilha)",IFFarroupilha,(55) 32189800,www.iffarroupilha.edu.br,pesquisainstitucional@iffarroupilha.edu.br,Alameda Santiago do Chile - 195 - CEP: 97050-685 - Nossa Senhora das Dores,Santa Maria,RS,"Instituto Federal de Educação, Ciência e Tecnologia",EAD - Superior / Presencial - Superior /,Publica,Pública Federal,2005-01-20,4,2015.0,5,2023.0,4,2023.0,,,,Ativa,,10-s2.0-60271912,60271912,Instituto Federal de Educação Ciência e Tecnologia Farroupilha – IFFarroupilha,iffarroupilha.edu.br,http://www.iffarroupilha.edu.br/,"['Instituto Federal de Educação Ciência e Tecnologia Farroupilha – IFFarroupilha', 'Federal Institute of Education Science and Technology Farroupilha – IFFarroupilha']",0,1,1,0
15520,"INSTITUTO FEDERAL DE EDUCACAO, CIENCIA E TECNOLOGIA SUL-RIO-GRANDENSE - RS",10.729.992/0001-46,Pessoa Jurídica de Direito Público - Federal,1578,"INSTITUTO FEDERAL DE EDUCAÇÃO, CIÊNCIA E TECNOLOGIA SUL-RIO-GRANDENSE (IFSul)",IFSul,53 3026 6050,www.ifsul.edu.br,reitoria@ifsul.edu.br,Rua Gonçalves Chaves - 3218 - CEP: 96015-560 - Centro,Pelotas,RS,"Instituto Federal de Educação, Ciência e Tecnologia",EAD - Superior / Presencial - Superior /,Publica,Pública Federal,1999-01-20,4,2016.0,4,2020.0,4,2023.0,,,,Ativa,,10-s2.0-60069359,60069359,"Instituto Federal de Educação, Ciência e Tecnologia Sul-rio-grandense (IFSul)",ifsul.edu.br,http://www.ifsul.edu.br/,"['Centro Federal de Educacao Tecnologica de Pelotas', 'Instituto Federal de Educação, Ciência e Tecnologia Sul-rio-grandense (IFSul)']",1,1,1,1
1439,ASSOCIACAO EVANGELICA DE ENSINO,96.745.427/0001-98,Privada sem fins lucrativos,2192,INSTITUTO SUPERIOR DE EDUCAÇÃO IVOTI (ISEI),ISEI,51 3563-8600,www.institutoivoti.com.br,superior@institutoivoti.com.br,Rua Júlio Hauser - 171 - CEP: 93900-000 - Sete de Setembro,Ivoti,RS,Faculdade,Presencial - Superior,Privada,Privada sem fins lucrativos,2002-07-16,4,2022.0,-,,4,2023.0,,,,Ativa,,10-s2.0-119045741,119045741,Instituto Superior de Educação Ivoti (ISEI),,,['Instituto Superior De Educação Ivoti (isei)'],1,0,0,1
21,UNIAO BRASILEIRA DE EDUCACAO E ASSISTENCIA,88.630.413/0001-09,Pessoa Jurídica de Direito Privado - Sem fins lucrativos - Associação de Utilidade Pública,21,PONTIFÍCIA UNIVERSIDADE CATÓLICA DO RIO GRANDE DO SUL (PUCRS),PUCRS,51 33203500,www.pucrs.br,asplan@pucrs.br; regulacao.asplan@pucrs.br,Av. Ipiranga - 6681 - CEP: 90619-900 - Partenon,Porto Alegre,RS,Universidade,EAD - Superior / Presencial - Superior /,Privada,Privada sem fins lucrativos,1948-11-11,5,2024.0,5,2022.0,5,2023.0,,,,Ativa,,10-s2.0-60015760,60015760,Pontifícia Universidade Católica do Rio Grande do Sul,pucrs.br,http://www.pucrs.br,"['Pontifical Catholic University of Rio Grande do Sul', 'Pontificia Universidade Catolica do Rio Grande do Sul', 'Pontifícia Universidade Católica do Rio Grande do Sul', 'Pontifical Catholic University of Rio Grande do Sul (PUCRS)']",1,1,1,2
18,ASSOCIACAO PELOTENSE DE ASSISTENCIA E CULTURA,92.238.914/0001-03,Pessoa Jurídica de Direito Privado - Sem fins lucrativos - Associação de Utilidade Pública,18,UNIVERSIDADE CATÓLICA DE PELOTAS (UCPEL),UCPEL,(53)21288220,www.ucpel.edu.br,reitoria@ucpel.edu.br,Rua Félix da Cunha - 412 - CEP: 96010-000 - Centro,Pelotas,RS,Universidade,EAD - Superior / Presencial - Superior /,Privada,Privada sem fins lucrativos,1960-11-12,5,2025.0,4,2015.0,4,2023.0,,,Adesão ao PROIES,Ativa,,10-s2.0-60021547,60021547,Universidade Catolica de Pelotas,ucpel.tche.br,,"['Catholic University of Pelotas', 'Universidade Catolica de Pelotas']",1,0,0,1
13,FUNDACAO UNIVERSIDADE DE CAXIAS DO SUL,88.648.761/0001-03,Privada sem fins lucrativos,13,UNIVERSIDADE DE CAXIAS DO SUL (UCS),UCS,(54) 3218 2143,www.ucs.br,reg-cursos@ucs.br,Rua Francisco Getúlio Vargas - 1130 - CEP: 95070-560 - Petrópolis,Caxias do Sul,RS,Universidade,EAD - Superior / Presencial - Superior /,Privada,Privada sem fins lucrativos,1967-02-10,4,2014.0,4,2013.0,4,2023.0,,,,Ativa,,10-s2.0-60016668,60016668,"Universidade de Caxias do Sul, Faculdade de Medicina",ucs.br,http://www.ucs.br,"['University of Caxias do Sul, Faculty of Medicine', 'Universidade de Caxias do Sul, Faculdade de Medicina']",0,1,1,0
13,FUNDACAO UNIVERSIDADE DE CAXIAS DO SUL,88.648.761/0001-03,Privada sem fins lucrativos,13,UNIVERSIDADE DE CAXIAS DO SUL (UCS),UCS,(54) 3218 2143,www.ucs.br,reg-cursos@ucs.br,Rua Francisco Getúlio Vargas - 1130 - CEP: 95070-560 - Petrópolis,Caxias do Sul,RS,Universidade,EAD - Superior / Presencial - Superior /,Privada,Privada sem fins lucrativos,1967-02-10,4,2014.0,4,2013.0,4,2023.0,,,,Ativa,,10-s2.0-60028247,60028247,Universidade de Caxias do Sul,ucs.br,http://www.ucs.br,"['University of Caxias do Sul', 'Universidade de Caxias do Sul']",1,1,1,1
13,FUNDACAO UNIVERSIDADE DE CAXIAS DO SUL,88.648.761/0001-03,Privada sem fins lucrativos,13,UNIVERSIDADE DE CAXIAS DO SUL (UCS),UCS,(54) 3218 2143,www.ucs.br,reg-cursos@ucs.br,Rua Francisco Getúlio Vargas - 1130 - CEP: 95070-560 - Petrópolis,Caxias do Sul,RS,Universidade,EAD - Superior / Presencial - Superior /,Privada,Privada sem fins lucrativos,1967-02-10,4,2014.0,4,2013.0,4,2023.0,,,,Ativa,,10-s2.0-113768751,113768751,Universidad de Caxias do Sul,,,"['Universidad De Caxias Do Sul', 'Universidade De Caxias Do Sul']",0,0,0,1
311,FUNDACAO UNIVERSIDADE DE CRUZ ALTA,92.928.845/0001-60,Privada sem fins lucrativos,446,UNIVERSIDADE DE CRUZ ALTA (UNICRUZ),UNICRUZ,(55) 3321 1500,www.unicruz.edu.br,legislacao@unicruz.edu.br,Rodovia Municipal Jacob Della Mea - s/n - CEP: 98020-290 - Parada Benito,Cruz Alta,RS,Universidade,EAD - Superior / Presencial - Superior /,Privada,Privada sem fins lucrativos,1988-10-24,5,2025.0,4,2018.0,4,2023.0,,,Adesão ao PROIES,Ativa,,10-s2.0-60019066,60019066,Universidade de Cruz Alta,unicruz.edu.br,,"['University of Cruz Alta', 'Universidade de Cruz Alta']",1,0,1,1
20,FUNDACAO UNIVERSIDADE DE PASSO FUNDO,92.034.321/0001-25,Privada sem fins lucrativos,20,UNIVERSIDADE DE PASSO FUNDO (UPF),UPF,(54) 3316 8113,www.upf.br,reitoria@upf.br,Upf Campus Passo Fundo - Campus I - s/n - CEP: 99001-970 - São José,Passo Fundo,RS,Universidade,EAD - Superior / Presencial - Superior /,Privada,Privada sem fins lucrativos,1968-06-11,5,2023.0,5,2019.0,4,2023.0,,,,Ativa,,10-s2.0-60025701,60025701,Universidade de Passo Fundo,upf.br,https://www.upf.br/english,"['University of Passo Fundo', 'Universidade de Passo Fundo']",1,0,1,1
20,FUNDACAO UNIVERSIDADE DE PASSO FUNDO,92.034.321/0001-25,Privada sem fins lucrativos,20,UNIVERSIDADE DE PASSO FUNDO (UPF),UPF,(54) 3316 8113,www.upf.br,reitoria@upf.br,Upf Campus Passo Fundo - Campus I - s/n - CEP: 99001-970 - São José,Passo Fundo,RS,Universidade,EAD - Superior / Presencial - Superior /,Privada,Privada sem fins lucrativos,1968-06-11,5,2023.0,5,2019.0,4,2023.0,,,,Ativa,,10-s2.0-122029476,122029476,Universidade de Passo Fundo,,,['Universidade De Passo Fundo'],1,0,0,1
20,FUNDACAO UNIVERSIDADE DE PASSO FUNDO,92.034.321/0001-25,Privada sem fins lucrativos,20,UNIVERSIDADE DE PASSO FUNDO (UPF),UPF,(54) 3316 8113,www.upf.br,reitoria@upf.br,Upf Campus Passo Fundo - Campus I - s/n - CEP: 99001-970 - São José,Passo Fundo,RS,Universidade,EAD - Superior / Presencial - Superior /,Privada,Privada sem fins lucrativos,1968-06-11,5,2023.0,5,2019.0,4,2023.0,,,,Ativa,,10-s2.0-60008085,60008085,"Universidade de Passo Fundo, Faculdade de Medicina",upf.br,http://www.upf.br/graduacao/unidades/fm/medicina/,"['University of Passo Fundo, Faculty of Medicine', 'Universidade de Passo Fundo, Faculdade de Medicina']",0,0,1,0
210,ASSOCIACAO PRO ENSINO EM SANTA CRUZ DO SUL,95.438.412/0001-14,Pessoa Jurídica de Direito Privado - Sem fins lucrativos - Associação de Utilidade Pública,295,UNIVERSIDADE DE SANTA CRUZ DO SUL (UNISC),UNISC,(51) 37177304,,avaliacao@unisc.br,Avenida Independência - 2293 - CEP: 96815-900 - Universitário,Santa Cruz do Sul,RS,Universidade,EAD - Superior / Presencial - Superior /,Privada,Privada sem fins lucrativos,1993-06-25,5,2023.0,5,2012.0,4,2023.0,,,,Ativa,,10-s2.0-60019654,60019654,Universidade de Santa Cruz do Sul,unisc.br,https://www.unisc.br/en/,"['University of Southern Santa Cruz', 'Universidade de Santa Cruz do Sul', 'University of Santa Cruz do Sul']",1,0,0,1
14,ASSOCIACAO ANTONIO VIEIRA,92.959.006/0001-09,Privada sem fins lucrativos,14,UNIVERSIDADE DO VALE DO RIO DOS SINOS (UNISINOS),UNISINOS,(51) 3037-1000,www.unisinos.br,betocruz@unisinos.br;proc.leduca@unisinos.br,Avenida Unisinos - 950 - CEP: 93022-750 - Cristo Rei,São Leopoldo,RS,Universidade,EAD - Superior / Presencial - Superior /,Privada,Privada sem fins lucrativos,1969-08-01,5,2023.0,5,2019.0,4,2023.0,,,,Ativa,,10-s2.0-60024559,60024559,Universidade do Vale do Rio dos Sinos,unisinos.br,https://www.unisinos.br/,"['University of the Rio dos Sinos Valley', 'Universidade do Vale do Rio dos Sinos']",1,1,1,1
133,FUNDACAO VALE DO TAQUARI DE EDUCACAO E DESENVOLVIMENTO SOCIAL - FUVATES,04.008.342/0001-09,Privada sem fins lucrativos,1041,UNIVERSIDADE DO VALE DO TAQUARI (UNIVATES),UNIVATES,(51) 3714 7000,www.univates.br,pesquisadorinstitucional@univates.br,Rua Avelino Talini - 171 - CEP: 95914-014 - Universitário,Lajeado,RS,Universidade,EAD - Superior / Presencial - Superior /,Privada,Privada sem fins lucrativos,1999-07-02,4,2016.0,4,2019.0,4,2023.0,,,,Ativa,,10-s2.0-119666857,119666857,Universidade do Vale do Taquari,,,"['Universidade Do Vale Do Taquari', 'Universidade Do Vale Do Taquari − Univates', 'Universidade Do Vale Do Taquari - Univates', 'Universidade Do Vale']",1,0,0,1
133,FUNDACAO VALE DO TAQUARI DE EDUCACAO E DESENVOLVIMENTO SOCIAL - FUVATES,04.008.342/0001-09,Privada sem fins lucrativos,1041,UNIVERSIDADE DO VALE DO TAQUARI (UNIVATES),UNIVATES,(51) 3714 7000,www.univates.br,pesquisadorinstitucional@univates.br,Rua Avelino Talini - 171 - CEP: 95914-014 - Universitário,Lajeado,RS,Universidade,EAD - Superior / Presencial - Superior /,Privada,Privada sem fins lucrativos,1999-07-02,4,2016.0,4,2019.0,4,2023.0,,,,Ativa,,10-s2.0-110225232,110225232,Universidade do Vale do Taquari,,,[],1,0,0,0
133,FUNDACAO VALE DO TAQUARI DE EDUCACAO E DESENVOLVIMENTO SOCIAL - FUVATES,04.008.342/0001-09,Privada sem fins lucrativos,1041,UNIVERSIDADE DO VALE DO TAQUARI (UNIVATES),UNIVATES,(51) 3714 7000,www.univates.br,pesquisadorinstitucional@univates.br,Rua Avelino Talini - 171 - CEP: 95914-014 - Universitário,Lajeado,RS,Universidade,EAD - Superior / Presencial - Superior /,Privada,Privada sem fins lucrativos,1999-07-02,4,2016.0,4,2019.0,4,2023.0,,,,Ativa,,10-s2.0-60103687,60103687,Universidade do Vale do Taquari - Univates,univates.br,http://www.univates.br/,['Centro Universitário UNIVATES'],0,1,1,0
16399,UNIVERSIDADE ESTADUAL DO RIO GRANDE DO SUL,04.732.975/0001-65,Pessoa Jurídica de Direito Público - Estadual,3336,UNIVERSIDADE ESTADUAL DO RIO GRANDE DO SUL (UERGS),UERGS,(51) 3288 9005,www.uergs.edu.br,gabinete@uergs.edu.br,Rua Washington Luiz - 675 - CEP: 90010-460 - Centro Histórico,Porto Alegre,RS,Universidade,EAD - Superior / Presencial - Superior /,Publica,Pública Estadual,2001-07-11,-,,-,,4,2023.0,,,,Ativa,,10-s2.0-60019749,60019749,Universidade Estadual do Rio Grande do Sul,uergs.edu.br,http://www.uergs.edu.br,"['State University of Rio Grande do Sul', 'Universidade Estadual do Rio Grande do Sul']",1,1,1,1
410,UNIVERSIDADE FEDERAL DE PELOTAS,92.242.080/0001-00,Pessoa Jurídica de Direito Público - Federal,634,UNIVERSIDADE FEDERAL DE PELOTAS (UFPEL),UFPEL,53 3284 4001,www.ufpel.edu.br,reitoria@ufpel.edu.br,Rua Gomes Carneiro - 1 - CEP: 96010-610 - Centro,Pelotas,RS,Universidade,EAD - Superior / Presencial - Superior /,Publica,Pública Federal,1960-12-13,4,2017.0,3,2013.0,4,2023.0,,,,Ativa,,10-s2.0-60014598,60014598,Universidade Federal de Pelotas,portal.ufpel.edu.br,https://portal.ufpel.edu.br/en/,"['Federal University of Pelotas', 'Universidade Federal de Pelotas']",1,0,0,1
14678,UNIVERSIDADE FEDERAL DE SANTA MARIA,95.591.764/0001-05,Pessoa Jurídica de Direito Público - Federal,582,UNIVERSIDADE FEDERAL DE SANTA MARIA (UFSM),UFSM,(55) 3220 8000,www.ufsm.br,gabinetereitor@ufsm.br,"Cidade Universitária Prof. José Mariano da Rocha Filho, Avenida Roraima - 1000 - CEP: 97105-900 - Camobi",Santa Maria,RS,Universidade,EAD - Superior / Presencial - Superior /,Publica,Pública Federal,1960-12-20,5,2023.0,-,,5,2023.0,,,,Ativa,,10-s2.0-101586936,101586936,Universidade Federal de Santa Maria,,,['Universidade Federal De Santa Maria'],1,0,0,1
14678,UNIVERSIDADE FEDERAL DE SANTA MARIA,95.591.764/0001-05,Pessoa Jurídica de Direito Público - Federal,582,UNIVERSIDADE FEDERAL DE SANTA MARIA (UFSM),UFSM,(55) 3220 8000,www.ufsm.br,gabinetereitor@ufsm.br,"Cidade Universitária Prof. José Mariano da Rocha Filho, Avenida Roraima - 1000 - CEP: 97105-900 - Camobi",Santa Maria,RS,Universidade,EAD - Superior / Presencial - Superior /,Publica,Pública Federal,1960-12-20,5,2023.0,-,,5,2023.0,,,,Ativa,,10-s2.0-60033356,60033356,Universidade Federal de Santa Maria,ufsm.br,https://www.ufsm.br/,"['Federal University of Santa Maria', 'Universidade Federal de Santa Maria']",1,1,1,1
15596,UNIVERSIDADE FEDERAL DO RIO GRANDE - FURG,94.877.586/0001-10,Pessoa Jurídica de Direito Público - Federal,12,UNIVERSIDADE FEDERAL DO RIO GRANDE (FURG),FURG,(53) 3233 6730,www.furg.br,reitoria@furg.br,Avenida Itália - S/N - CEP: 96203-900 - Carreiros,Rio Grande,RS,Universidade,EAD - Superior / Presencial - Superior /,Publica,Pública Federal,1969-08-21,5,2023.0,5,2019.0,4,2023.0,,,,Ativa,,10-s2.0-60000509,60000509,Universidade Federal do Rio Grande,furg.br,https://www.furg.br/es/,['Universidade Federal do Rio Grande'],1,0,1,1
13482,UNIVERSIDADE FEDERAL DO RIO GRANDE DO SUL,92.969.856/0001-98,Pessoa Jurídica de Direito Público - Federal,581,UNIVERSIDADE FEDERAL DO RIO GRANDE DO SUL (UFRGS),UFRGS,(51) 3308 3700,www.ufrgs.br,reitora@ufrgs.br; regulacao@sai.ufrgs.br,Avenida Paulo Gama - 110 - CEP: 90040-060 - Farroupilha,Porto Alegre,RS,Universidade,EAD - Superior / Presencial - Superior /,Publica,Pública Federal,1934-11-28,4,2012.0,4,2014.0,5,2023.0,,,,Ativa,,10-s2.0-60006726,60006726,Universidade Federal do Rio Grande do Sul,ufrgs.br,http://www.ufrgs.br/english/home,"['Federal University of Rio Grande do Sul', 'Universidade Federal do Rio Grande do Sul']",1,0,1,1
23,ASSOCIACAO PRO ENSINO SUPERIOR EM NOVO HAMBURGO,91.693.531/0001-62,Pessoa Jurídica de Direito Privado - Sem fins lucrativos - Associação de Utilidade Pública,23,UNIVERSIDADE FEEVALE (FEEVALE),FEEVALE,(51)3586 8996,www.feevale.br,avaliacaoeregulacao@feevale.br,Rodovia Rodovia ERS-239 - nº 2755 - CEP: 93525-075 - Vila Nova,Novo Hamburgo,RS,Universidade,EAD - Superior / Presencial - Superior /,Privada,Privada sem fins lucrativos,1970-03-02,4,2016.0,4,2013.0,4,2023.0,,,,Ativa,,10-s2.0-60000707,60000707,Universidade Feevale,feevale.br,https://www.feevale.br/en/,"['Feevale University', 'Universidade Feevale']",1,0,1,1
297,SOC CARIT E LIT SAO FRANCISCO DE ASSIS ZONA NORTE,95.606.380/0001-19,Pessoa Jurídica de Direito Privado - Sem fins lucrativos - Associação de Utilidade Pública,426,UNIVERSIDADE FRANCISCANA (UFN),UFN,(55) 3220-1200,https://www.ufn.edu.br/,gabinete@ufn.edu.br,Rua dos Andradas - 1.614 - CEP: 97010-032 - Centro,Santa Maria,RS,Universidade,EAD - Superior / Presencial - Superior /,Privada,Privada sem fins lucrativos,1955-04-01,5,2017.0,5,2016.0,4,2023.0,,,,Ativa,,10-s2.0-60070737,60070737,Universidade Franciscana,ufn.edu.br,https://www.ufn.edu.br/site/franciscan-university,"['Franciscan University', 'Universidade Franciscana']",1,0,1,1
417,SOCIEDADE PORVIR CIENTIFICO,92.741.990/0001-37,Privada sem fins lucrativos,641,UNIVERSIDADE LA SALLE (UNILASALLE),UNILASALLE,51 34768416,www.unilasalle.edu.br,regulacaoinstitucional@unilasalle.edu.br;cledes.casagrande@unilasalle.edu.br;,Av. Victor Barreto - 2288 - CEP: 92010-000 - Centro,Canoas,RS,Universidade,EAD - Superior / Presencial - Superior /,Privada,Privada sem fins lucrativos,1975-08-15,4,2016.0,5,2017.0,4,2023.0,,,,Ativa,,10-s2.0-119551346,119551346,Universidade La Salle,,,[],1,0,0,0
417,SOCIEDADE PORVIR CIENTIFICO,92.741.990/0001-37,Privada sem fins lucrativos,641,UNIVERSIDADE LA SALLE (UNILASALLE),UNILASALLE,51 34768416,www.unilasalle.edu.br,regulacaoinstitucional@unilasalle.edu.br;cledes.casagrande@unilasalle.edu.br;,Av. Victor Barreto - 2288 - CEP: 92010-000 - Centro,Canoas,RS,Universidade,EAD - Superior / Presencial - Superior /,Privada,Privada sem fins lucrativos,1975-08-15,4,2016.0,5,2017.0,4,2023.0,,,,Ativa,,10-s2.0-60281053,60281053,Universidade La Salle,unilasalle.edu.br,https://www.unilasalle.edu.br/canoas,[],1,0,1,0
417,SOCIEDADE PORVIR CIENTIFICO,92.741.990/0001-37,Privada sem fins lucrativos,641,UNIVERSIDADE LA SALLE (UNILASALLE),UNILASALLE,51 34768416,www.unilasalle.edu.br,regulacaoinstitucional@unilasalle.edu.br;cledes.casagrande@unilasalle.edu.br;,Av. Victor Barreto - 2288 - CEP: 92010-000 - Centro,Canoas,RS,Universidade,EAD - Superior / Presencial - Superior /,Privada,Privada sem fins lucrativos,1975-08-15,4,2016.0,5,2017.0,4,2023.0,,,,Ativa,,10-s2.0-127653480,127653480,Universidade La Salle,,,[],1,0,0,0
314,AELBRA EDUCACAO SUPERIOR - GRADUACAO E POS-GRADUACAO S.A. EM RECUPERACAO JUDICIAL,88.332.580/0001-65,Privada com fins lucrativos,449,UNIVERSIDADE LUTERANA DO BRASIL (ULBRA),ULBRA,(51) 3477 4000,www.ulbra.br,procinstitucional@ulbra.br;reitor@ulbra.br,Avenida Farroupilha - 8001 - CEP: 92425-900 - São José,Canoas,RS,Universidade,EAD - Superior / Presencial - Superior /,Privada,Privada sem fins lucrativos,1988-01-13,5,2023.0,3,2015.0,4,2023.0,,,,Ativa,,10-s2.0-60005554,60005554,Universidade Luterana do Brasil,ulbra.br,http://www.ulbra.br,"['Lutheran University of Brazil', 'Universidade Luterana do Brasil']",1,1,1,1
314,AELBRA EDUCACAO SUPERIOR - GRADUACAO E POS-GRADUACAO S.A. EM RECUPERACAO JUDICIAL,88.332.580/0001-65,Privada com fins lucrativos,449,UNIVERSIDADE LUTERANA DO BRASIL (ULBRA),ULBRA,(51) 3477 4000,www.ulbra.br,procinstitucional@ulbra.br;reitor@ulbra.br,Avenida Farroupilha - 8001 - CEP: 92425-900 - São José,Canoas,RS,Universidade,EAD - Superior / Presencial - Superior /,Privada,Privada sem fins lucrativos,1988-01-13,5,2023.0,3,2015.0,4,2023.0,,,,Ativa,,10-s2.0-127241222,127241222,Universidade Luterana do Brasil,,,['Universidade Luterana Do Brasil'],1,0,0,1
370,"FUNDACAO DE INTEGRACAO, DESENVOLVIMENTO E EDUCACAO DO NOROESTE DO ESTADO DO RIO GRANDE DO SUL - FIDENE",90.738.014/0001-08,Privada sem fins lucrativos,532,UNIVERSIDADE REGIONAL DO NOROESTE DO ESTADO DO RIO GRANDE DO SUL (UNIJUI),UNIJUI,(55) 3332 0200 R:321,www.unijui.edu.br,reitoria@unijui.edu.br,Rua do Comércio - 3000 - CEP: 98700-000 - Universitário,Ijuí,RS,Universidade,EAD - Superior / Presencial - Superior /,Privada,Privada sem fins lucrativos,1985-07-01,5,2023.0,4,2013.0,4,2023.0,,,Adesão ao PROIES,Ativa,,10-s2.0-60011742,60011742,Universidade Regional do Noroeste do Estado do Rio Grande do Sul,unijui.tche.br,https://www.unijui.edu.br/,"['Regional University of Northwest Rio Grande do Sul State', 'Universidade Regional do Noroeste do Estado do Rio Grande do Sul', 'Regional University of Northwestern Rio Grande do Sul']",1,1,0,1
295,FUNDACAO REGIONAL INTEGRADA,96.216.841/0001-00,Privada sem fins lucrativos,423,UNIVERSIDADE REGIONAL INTEGRADA DO ALTO URUGUAI E DAS MISSÕES (URI),URI,(54) 2107 1255,www.reitoria.uri.br,gabinete@reitoria.uri.br,"Avenida Avenida Sete Setembro, 1621(URI Campos Erechim) - 1621 - CEP: 99709-910 - Fátima",Erechim,RS,Universidade,EAD - Superior / Presencial - Superior,Privada,Privada sem fins lucrativos,1992-05-21,4,2017.0,5,2022.0,3,2023.0,,,,Ativa,,10-s2.0-60002129,60002129,Universidade Regional Integrada do Alto Uruguai e das Missões,uri.br,http://www.uri.br,"['Regional Integrated University of Upper Uruguai and Missions', 'Universidade Regional Integrada do Alto Uruguai e das Missões', 'URI Câmpus de Erechim', 'Erechim Campus URI']",1,0,0,1
1303,SOCIEDADE AVANTIS DE ENSINO E ESCOLA DE AVIACAO CIVIL S.A.,04.204.407/0001-91,Privada com fins lucrativos,1988,CENTRO UNIVERSITARIO AVANTIS (UNIAVAN),UNIAVAN,(47) 3363-0631,www.uniavan.edu.br,reitoria@uniavan.edu.br; normas@uniavan.edu.br,Avenida Marginal Leste - 3600 - CEP: 88339-125 - Estados,Balneário Camboriú,SC,Centro Universitário,EAD - Superior / Presencial - Superior /,Privada,Privada com fins lucrativos,2002-12-31,5,2024.0,5,2013.0,3,2023.0,,,,Ativa,,10-s2.0-119086708,119086708,Centro Universitário Avantis (UNIAVAN),,,[],1,0,0,0
1124,FUNDACAO EDUCACIONAL BARRIGA VERDE,82.975.236/0001-08,Privada sem fins lucrativos,4163,CENTRO UNIVERSITÁRIO BARRIGA VERDE (UNIBAVE),UNIBAVE,(48) 3466 5600,www.unibave.net,"sandra@unibave.net, valente@unibave.net",Rua Pe.João Leonir Dall'Alba - 601 - CEP: 88870-000 - Murialdo,Orleans,SC,Centro Universitário,EAD - Superior / Presencial - Superior /,Privada,Privada sem fins lucrativos,1998-05-05,5,2024.0,5,2018.0,3,2023.0,,,Adesão ao PROIES,Ativa,,10-s2.0-60300717,60300717,Centro Universitário Barriga Verde - Unibave,unibave.net,https://unibave.net/,"['Centro Universitário Barriga Verde - Unibave', 'Centro Universitário Barriga Verde', 'Barriga Verde University Center']",0,1,1,1
1124,FUNDACAO EDUCACIONAL BARRIGA VERDE,82.975.236/0001-08,Privada sem fins lucrativos,4163,CENTRO UNIVERSITÁRIO BARRIGA VERDE (UNIBAVE),UNIBAVE,(48) 3466 5600,www.unibave.net,"sandra@unibave.net, valente@unibave.net",Rua Pe.João Leonir Dall'Alba - 601 - CEP: 88870-000 - Murialdo,Orleans,SC,Centro Universitário,EAD - Superior / Presencial - Superior /,Privada,Privada sem fins lucrativos,1998-05-05,5,2024.0,5,2018.0,3,2023.0,,,Adesão ao PROIES,Ativa,,10-s2.0-115508157,115508157,Centro Universitário Barriga Verde (UNIBAVE),,,['Centro Universitário Barriga Verde (UNIBAVE)'],1,0,0,1
1124,FUNDACAO EDUCACIONAL BARRIGA VERDE,82.975.236/0001-08,Privada sem fins lucrativos,4163,CENTRO UNIVERSITÁRIO BARRIGA VERDE (UNIBAVE),UNIBAVE,(48) 3466 5600,www.unibave.net,"sandra@unibave.net, valente@unibave.net",Rua Pe.João Leonir Dall'Alba - 601 - CEP: 88870-000 - Murialdo,Orleans,SC,Centro Universitário,EAD - Superior / Presencial - Superior /,Privada,Privada sem fins lucrativos,1998-05-05,5,2024.0,5,2018.0,3,2023.0,,,Adesão ao PROIES,Ativa,,10-s2.0-110915549,110915549,Centro Universitário Barriga Verde (Unibave),,,"['Centro Universitário Barriga Verde (unibave)', 'Unibave Centro Universitário Barriga Verde', 'Centro Universitário Barriga Verde - Unibave', 'Universitário Barriga Verde (unibave)', 'Unibave (centro Universitário Barriga Verde)', 'Centro Universitario Barriga Verde (unibave)']",1,0,0,2
1124,FUNDACAO EDUCACIONAL BARRIGA VERDE,82.975.236/0001-08,Privada sem fins lucrativos,4163,CENTRO UNIVERSITÁRIO BARRIGA VERDE (UNIBAVE),UNIBAVE,(48) 3466 5600,www.unibave.net,"sandra@unibave.net, valente@unibave.net",Rua Pe.João Leonir Dall'Alba - 601 - CEP: 88870-000 - Murialdo,Orleans,SC,Centro Universitário,EAD - Superior / Presencial - Superior /,Privada,Privada sem fins lucrativos,1998-05-05,5,2024.0,5,2018.0,3,2023.0,,,Adesão ao PROIES,Ativa,,10-s2.0-112723163,112723163,Barriga Verde University Center,,,"['Barriga Verde University Center', 'Centro Universitário Barriga Verde (unibave)', 'Centro Universitário Barriga Verde']",0,0,0,2
1124,FUNDACAO EDUCACIONAL BARRIGA VERDE,82.975.236/0001-08,Privada sem fins lucrativos,4163,CENTRO UNIVERSITÁRIO BARRIGA VERDE (UNIBAVE),UNIBAVE,(48) 3466 5600,www.unibave.net,"sandra@unibave.net, valente@unibave.net",Rua Pe.João Leonir Dall'Alba - 601 - CEP: 88870-000 - Murialdo,Orleans,SC,Centro Universitário,EAD - Superior / Presencial - Superior /,Privada,Privada sem fins lucrativos,1998-05-05,5,2024.0,5,2018.0,3,2023.0,,,Adesão ao PROIES,Ativa,,10-s2.0-101536395,101536395,Centro Universitário Barriga Verde,,,[],1,0,0,0
419,FUNDACAO EDUCACIONAL REGIONAL JARAGUAENSE,83.130.229/0001-78,Privada sem fins lucrativos,645,Centro Universitário - Católica de Santa Catarina em Jaraguá do Sul (Católica em Jaraguá ),Católica em Jaraguá,47 32758237,www.catolicasc.org.br,reitoria@catolicasc.org.br,Rua dos Imigrantes - 500 - CEP: 89254-430 - Vila Rau,Jaraguá do Sul,SC,Centro Universitário,EAD - Superior / Presencial - Superior /,Privada,Privada sem fins lucrativos,1985-09-24,5,2023.0,5,2023.0,3,2023.0,,,,Ativa,,10-s2.0-60300716,60300716,Centro Universitário – Católica de Santa Catarina,catolicasc.org.br,https://www.catolicasc.org.br/,['Centro Universitário – Católica de Santa Catarina'],0,1,1,0
419,FUNDACAO EDUCACIONAL REGIONAL JARAGUAENSE,83.130.229/0001-78,Privada sem fins lucrativos,17138,Centro Universitário - Católica de Santa Catarina em Joinville (Católica em Joinvile),Católica em Joinvile,47 31459719,www.catolicasc.org.br,reitoria@catolicasc.org.br,Rua Senador Felipe Schmidt - S/N - CEP: 89201-440 - Centro,Joinville,SC,Centro Universitário,Presencial - Superior,Privada,Privada sem fins lucrativos,2010-12-22,5,2019.0,-,,4,2023.0,,,,Ativa,,10-s2.0-60300716,60300716,Centro Universitário – Católica de Santa Catarina,catolicasc.org.br,https://www.catolicasc.org.br/,['Centro Universitário – Católica de Santa Catarina'],0,1,1,0
70,FUNDACAO EDUCACIONAL DE BRUSQUE - FEBE,83.128.769/0001-17,Fundação Pública de Direito Privado Municipal,87,CENTRO UNIVERSITÁRIO DE BRUSQUE (UNIFEBE),UNIFEBE,32117000,www.unifebe.edu.br,reitoria@unifebe.edu.br,Rua Vendelino Mafezzolli - 333 - CEP: 88352-360 - Santa Terezinha,Brusque,SC,Centro Universitário,EAD - Superior / Presencial - Superior /,Privada,Privada sem fins lucrativos,2003-08-29,5,2023.0,4,2016.0,4,2023.0,,,,Ativa,,10-s2.0-60293720,60293720,Centro Universitário de Brusque - Unifebe,unifebe.edu.br,https://www.unifebe.edu.br/site/,"['Centro Universitário de Brusque - Unifebe', 'Colégio UNIFEBE']",0,0,1,0
70,FUNDACAO EDUCACIONAL DE BRUSQUE - FEBE,83.128.769/0001-17,Fundação Pública de Direito Privado Municipal,87,CENTRO UNIVERSITÁRIO DE BRUSQUE (UNIFEBE),UNIFEBE,32117000,www.unifebe.edu.br,reitoria@unifebe.edu.br,Rua Vendelino Mafezzolli - 333 - CEP: 88352-360 - Santa Terezinha,Brusque,SC,Centro Universitário,EAD - Superior / Presencial - Superior /,Privada,Privada sem fins lucrativos,2003-08-29,5,2023.0,4,2016.0,4,2023.0,,,,Ativa,,10-s2.0-127059029,127059029,Centro Universitário de Brusque,,,"['Centro Universitário De Brusque', 'Centro Universitário De Brusque – Unifebe', 'Centro Universitário De Brusque (unifebe)', 'Centro Universitario De Brusque']",1,0,0,3
70,FUNDACAO EDUCACIONAL DE BRUSQUE - FEBE,83.128.769/0001-17,Fundação Pública de Direito Privado Municipal,87,CENTRO UNIVERSITÁRIO DE BRUSQUE (UNIFEBE),UNIFEBE,32117000,www.unifebe.edu.br,reitoria@unifebe.edu.br,Rua Vendelino Mafezzolli - 333 - CEP: 88352-360 - Santa Terezinha,Brusque,SC,Centro Universitário,EAD - Superior / Presencial - Superior /,Privada,Privada sem fins lucrativos,2003-08-29,5,2023.0,4,2016.0,4,2023.0,,,,Ativa,,10-s2.0-110545773,110545773,Centro Universitário de Brusque,,,"['Centro Universitário De Brusque', 'Centro Universitário De Brusque-unifebe', 'Centro Universitário De Brusque - Unifebe', 'Centro Universitário De Brusque (unifebe)', 'Centro Universitario De Brusque']",1,0,0,3
119,SOCIEDADE DE ENSINO SUPERIOR ESTACIO DE SA LTDA,34.075.739/0001-84,Privada com fins lucrativos,1510,CENTRO UNIVERSITÁRIO ESTÁCIO DE SANTA CATARINA - ESTÁCIO SANTA CATARINA,-,,www.estacio.br,cgfessc@gmail.com;regulatorio.nacional@estacio.br,Avenida Leoberto Leal - 431 - CEP: 88117-001 - Barreiros,São José,SC,Centro Universitário,EAD - Superior / Presencial - Superior /,Privada,Privada com fins lucrativos,2000-05-30,5,2023.0,5,2022.0,3,2023.0,,,,Ativa,,10-s2.0-60022378,60022378,Universidade Estacio de Sa,estacio.br,http://www.estacio.br,"['Estacio de Sa University', 'Universidade Estacio de Sa']",0,1,1,0
119,SOCIEDADE DE ENSINO SUPERIOR ESTACIO DE SA LTDA,34.075.739/0001-84,Privada com fins lucrativos,1510,CENTRO UNIVERSITÁRIO ESTÁCIO DE SANTA CATARINA - ESTÁCIO SANTA CATARINA,-,,www.estacio.br,cgfessc@gmail.com;regulatorio.nacional@estacio.br,Avenida Leoberto Leal - 431 - CEP: 88117-001 - Barreiros,São José,SC,Centro Universitário,EAD - Superior / Presencial - Superior /,Privada,Privada com fins lucrativos,2000-05-30,5,2023.0,5,2022.0,3,2023.0,,,,Ativa,,10-s2.0-60003597,60003597,Universidade Estacio de Sa Faculdade de Medicina,estacio.br,http://www.estacio.br,"['Estacio de Sa University Faculty of Medicine', 'Universidade Estacio de Sa Faculdade de Medicina']",0,1,1,0
2417,SOCIEDADE DE EDUCACAO N.S. AUXILIADORA LTDA,04.608.241/0001-79,Privada com fins lucrativos,3840,CENTRO UNIVERSITÁRIO FACVEST (UNIFACVEST),UNIFACVEST,(49)32254114,www.unifacvest.edu.br,proreitoracademico@unifacvest.edu.br,Avenida Marechal Floriano - 947 - CEP: 88501-103 - Centro,Lages,SC,Centro Universitário,EAD - Superior / Presencial - Superior /,Privada,Privada com fins lucrativos,2002-03-27,5,2023.0,5,2023.0,4,2023.0,,,,Ativa,,10-s2.0-113264122,113264122,Docente do Centro Universitário Facvest,,,"['Docente Do Centro Universitário Facvest', 'Centro Universitário Facvest']",0,0,0,1
2417,SOCIEDADE DE EDUCACAO N.S. AUXILIADORA LTDA,04.608.241/0001-79,Privada com fins lucrativos,3840,CENTRO UNIVERSITÁRIO FACVEST (UNIFACVEST),UNIFACVEST,(49)32254114,www.unifacvest.edu.br,proreitoracademico@unifacvest.edu.br,Avenida Marechal Floriano - 947 - CEP: 88501-103 - Centro,Lages,SC,Centro Universitário,EAD - Superior / Presencial - Superior /,Privada,Privada com fins lucrativos,2002-03-27,5,2023.0,5,2023.0,4,2023.0,,,,Ativa,,10-s2.0-115406615,115406615,Centro Universitário Facvest,,,[],1,0,0,0
821,SOCIEDADE EDUCACIONAL LEONARDO DA VINCI LTDA,01.894.432/0001-56,Privada com fins lucrativos,1472,CENTRO UNIVERSITÁRIO LEONARDO DA VINCI (UNIASSELVI),UNIASSELVI,(47) 3301 9000,www.uniasselvi.com.br,ddi@uniasselvi.com.br;rosimar.muller@uniasselvi.com.br,R Rua Doutor Pedrinho - 79 - CEP: 89082-262 - Rio Morto,Indaial,SC,Centro Universitário,EAD - Superior / Presencial - Superior /,Privada,Privada com fins lucrativos,1998-11-16,5,2019.0,5,2019.0,3,2023.0,,,,Ativa,,10-s2.0-115132367,115132367,Centro Universitário Leonardo da Vinci,,,[],1,0,0,0
821,SOCIEDADE EDUCACIONAL LEONARDO DA VINCI LTDA,01.894.432/0001-56,Privada com fins lucrativos,1472,CENTRO UNIVERSITÁRIO LEONARDO DA VINCI (UNIASSELVI),UNIASSELVI,(47) 3301 9000,www.uniasselvi.com.br,ddi@uniasselvi.com.br;rosimar.muller@uniasselvi.com.br,R Rua Doutor Pedrinho - 79 - CEP: 89082-262 - Rio Morto,Indaial,SC,Centro Universitário,EAD - Superior / Presencial - Superior /,Privada,Privada com fins lucrativos,1998-11-16,5,2019.0,5,2019.0,3,2023.0,,,,Ativa,,10-s2.0-111165645,111165645,Centro Universitário Leonardo da Vinci,,,[],1,0,0,0
64,FUNDACAO UNIVERSIDADE PARA O DESENVOLVIMENTO DO ALTO VALE DO ITAJAI - UNIDAVI -,85.784.023/0001-97,Privada sem fins lucrativos,80,CENTRO UNIVERSITÁRIO PARA O DESENVOLVIMENTO DO ALTO VALE DO ITAJAÍ (UNIDAVI),UNIDAVI,047 3531-6000,www.unidavi.edu.br,unidavi@unidavi.edu.br,Rua Dr. Guilherme Gemballa - 13 - CEP: 89160-932 - Jardim América,Rio do Sul,SC,Centro Universitário,EAD - Superior / Presencial - Superior /,Privada,Privada sem fins lucrativos,1966-07-07,4,2023.0,5,2018.0,4,2023.0,,,,Ativa,,10-s2.0-60020356,60020356,Centro Universitário para o Desenvolvimento do Alto Vale do Itajaí - Unidavi,unidavi.edu.br,https://www.unidavi.edu.br/,"['University for the Development of the High Valley of Itajai', 'Universidade para o Desenvolvimento do Alto Vale do Itajai', 'Centro Universitário para o Desenvolvimento do Alto Vale do Itajaí']",0,1,1,1
64,FUNDACAO UNIVERSIDADE PARA O DESENVOLVIMENTO DO ALTO VALE DO ITAJAI - UNIDAVI -,85.784.023/0001-97,Privada sem fins lucrativos,80,CENTRO UNIVERSITÁRIO PARA O DESENVOLVIMENTO DO ALTO VALE DO ITAJAÍ (UNIDAVI),UNIDAVI,047 3531-6000,www.unidavi.edu.br,unidavi@unidavi.edu.br,Rua Dr. Guilherme Gemballa - 13 - CEP: 89160-932 - Jardim América,Rio do Sul,SC,Centro Universitário,EAD - Superior / Presencial - Superior /,Privada,Privada sem fins lucrativos,1966-07-07,4,2023.0,5,2018.0,4,2023.0,,,,Ativa,,10-s2.0-128429615,128429615,Centro Universitário para o Desenvolvimento do Alto Vale do Itajaí,,,['Centro Universitário Para O Desenvolvimento Do Alto Vale Do Itajaí'],1,0,0,1
64,FUNDACAO UNIVERSIDADE PARA O DESENVOLVIMENTO DO ALTO VALE DO ITAJAI - UNIDAVI -,85.784.023/0001-97,Privada sem fins lucrativos,80,CENTRO UNIVERSITÁRIO PARA O DESENVOLVIMENTO DO ALTO VALE DO ITAJAÍ (UNIDAVI),UNIDAVI,047 3531-6000,www.unidavi.edu.br,unidavi@unidavi.edu.br,Rua Dr. Guilherme Gemballa - 13 - CEP: 89160-932 - Jardim América,Rio do Sul,SC,Centro Universitário,EAD - Superior / Presencial - Superior /,Privada,Privada sem fins lucrativos,1966-07-07,4,2023.0,5,2018.0,4,2023.0,,,,Ativa,,10-s2.0-120089271,120089271,Centro Universitário para o Desenvolvimento do Alto Vale do Itajaí,,,"['Centro Universitário Para O Desenvolvimento Do Alto Vale Do Itajaí', 'Discente Do Curso De Medicina Do Centro Universitário Para O Desenvolvimento Do Alto Vale Do Itajaí - Unidavi.']",1,0,0,1
14298,IEDUC - INSTITUTO DE EDUCACAO E CULTURA S/A,08.446.503/0001-05,Privada com fins lucrativos,1351,CENTRO UNIVERSITÁRIO SOCIESC,-,(47) 3461 0275,http://www.sociesc.org.br/pt/unisociesc/,regulatorio@animaeducacao.com.br,Rua Gothard Kaesemodel - 833 - CEP: 89203-522 - Anita Garibaldi,Joinville,SC,Centro Universitário,EAD - Superior / Presencial - Superior /,Privada,Privada com fins lucrativos,1999-07-29,4,2018.0,4,2023.0,3,2023.0,,,,Ativa,,10-s2.0-117014077,117014077,Centro Universitário Sociesc,,,['Centro Universitário Sociesc'],1,0,0,1
14298,IEDUC - INSTITUTO DE EDUCACAO E CULTURA S/A,08.446.503/0001-05,Privada com fins lucrativos,1351,CENTRO UNIVERSITÁRIO SOCIESC,-,(47) 3461 0275,http://www.sociesc.org.br/pt/unisociesc/,regulatorio@animaeducacao.com.br,Rua Gothard Kaesemodel - 833 - CEP: 89203-522 - Anita Garibaldi,Joinville,SC,Centro Universitário,EAD - Superior / Presencial - Superior /,Privada,Privada com fins lucrativos,1999-07-29,4,2018.0,4,2023.0,3,2023.0,,,,Ativa,,10-s2.0-114934384,114934384,Centro Universitário Tupy - UniSociesc,,,"['Centro Universitário Tupy - Unisociesc', 'Centro Universitário Sociesc - Unisociesc', 'Centro Universitário Tupy', 'Centro Universitário Sociesc', 'Centro Universitério Tupy-unisociesc', 'Centro Universitário Tupy-unisociesc']",0,0,0,1
16452,ANHANGUERA EDUCACIONAL PARTICIPACOES S/A,04.310.392/0001-46,Privada com fins lucrativos,5668,FACULDADE ANHANGUERA DE JOINVILLE,-,(47) 3027-8888,www.anhanguera.com,ddi@kroton.com.br;katia.parreiras@kroton.com.br,Rua Presidente Campos Salles - 850 - CEP: 89217-100 - Glória,Joinville,SC,Faculdade,Presencial - Superior,Privada,Privada com fins lucrativos,2001-08-06,4,2024.0,-,,3,2023.0,,,,Ativa,,10-s2.0-60281103,60281103,Universidade Anhanguera de São Paulo,anhanguera.com,https://www.anhanguera.com/unidades/,"['Universidade Anhanguera de São Paulo', 'Anhanguera Educacional', 'Anhanguera Educational']",0,0,1,0
16452,ANHANGUERA EDUCACIONAL PARTICIPACOES S/A,04.310.392/0001-46,Privada com fins lucrativos,2324,Faculdade Anhanguera de São José-SC (FASJ-SC),FASJ-SC,31 2126 0303,www.anhanguera.com,ddi@kroton.com.br;danielle.fnonato@kroton.com.br,Rua Luiz Fagundes - 1.680 - CEP: 88106-000 - Picadas do Sul,São José,SC,Faculdade,Presencial - Superior,Privada,Privada com fins lucrativos,2004-08-12,5,2023.0,-,,3,2023.0,,,,Ativa,,10-s2.0-60281103,60281103,Universidade Anhanguera de São Paulo,anhanguera.com,https://www.anhanguera.com/unidades/,"['Universidade Anhanguera de São Paulo', 'Anhanguera Educacional', 'Anhanguera Educational']",0,0,1,0
16452,ANHANGUERA EDUCACIONAL PARTICIPACOES S/A,04.310.392/0001-46,Privada com fins lucrativos,4495,FACULDADE ANHANGUERA JARAGUÁ DO SUL,-,(47) 21074718,http://www.anhanguera.com,ddi@kroton.com.br;katia.parreiras@kroton.com.br,Rua Major Júlio Ferreira - s/n - CEP: 89256-210 - Vila Lalau,Jaraguá do Sul,SC,Faculdade,Presencial - Superior,Privada,Privada com fins lucrativos,2005-07-12,5,2018.0,-,,3,2023.0,,,,Ativa,,10-s2.0-60281103,60281103,Universidade Anhanguera de São Paulo,anhanguera.com,https://www.anhanguera.com/unidades/,"['Universidade Anhanguera de São Paulo', 'Anhanguera Educacional', 'Anhanguera Educational']",0,0,1,0
847,AESGF ENSINO SUPERIOR DA GRANDE FLORIANOPOLIS LTDA,00.118.723/0001-90,Privada com fins lucrativos,2174,FACULDADE DE SANTA CATARINA (FASC),FASC,(11)5586 4291,,pigeral@unip.br;pigeral2020@gmail.com,Rua Célio Veiga - 220 - CEP: 88111-320 - Jardim Cidade de Florianópolis,São José,SC,Faculdade,Presencial - Superior,Privada,Privada com fins lucrativos,2002-12-23,3,2023.0,-,,2,2023.0,,,,Ativa,,10-s2.0-112599708,112599708,Faculdade Estácio de Sá de Santa Catarina,,,"['Faculdade Estácio De Sá De Santa Catarina', 'Faculdade De Santa Catarina', 'Estácio University Center Of Santa Catarina', 'Centro Universitário Estácio De Sá Santa Catarina', 'Centro Universitario Estacio De Sa De Santa Catarina']",0,0,0,1
847,AESGF ENSINO SUPERIOR DA GRANDE FLORIANOPOLIS LTDA,00.118.723/0001-90,Privada com fins lucrativos,2174,FACULDADE DE SANTA CATARINA (FASC),FASC,(11)5586 4291,,pigeral@unip.br;pigeral2020@gmail.com,Rua Célio Veiga - 220 - CEP: 88111-320 - Jardim Cidade de Florianópolis,São José,SC,Faculdade,Presencial - Superior,Privada,Privada com fins lucrativos,2002-12-23,3,2023.0,-,,2,2023.0,,,,Ativa,,10-s2.0-102007351,102007351,Hemocentro de Santa Catarina,,,"['Hemocentro De Santa Catarina', 'Univ. S. Catarina', 'Université De Santa Catarina', 'Universidade Federal Do Santa Catarina', 'Universidade Do Estodo De Santa Catarina', 'Universidade De Santa', 'Universidad Estadual De Santa Catarina', 'Santa Catarina', 'Hospital Universitário De Santa Catarina', 'Faculdade De Santa Catarina']",0,0,0,1
626,ASSESC-SOCIEDADE EDUCACIONAL DE SANTA CATARINA LTDA,80.669.344/0001-27,Privada com fins lucrativos,3170,FACULDADE ESTÁCIO DE FLORIANÓPOLIS - ESTÁCIO FLORIANÓPOLIS,-,,http://estacio.br,cgfassesc@gmail.com;regulatorio.nacional@estacio.br,Rua Adolfo Melo - Centro Executivo Floripa - 34 - CEP: 88015-090 - Centro,Florianópolis,SC,Faculdade,Presencial - Superior,Privada,Privada com fins lucrativos,1994-12-28,5,2023.0,-,,3,2023.0,,,,Ativa,,10-s2.0-60022378,60022378,Universidade Estacio de Sa,estacio.br,http://www.estacio.br,"['Estacio de Sa University', 'Universidade Estacio de Sa']",0,1,1,0
626,ASSESC-SOCIEDADE EDUCACIONAL DE SANTA CATARINA LTDA,80.669.344/0001-27,Privada com fins lucrativos,3170,FACULDADE ESTÁCIO DE FLORIANÓPOLIS - ESTÁCIO FLORIANÓPOLIS,-,,http://estacio.br,cgfassesc@gmail.com;regulatorio.nacional@estacio.br,Rua Adolfo Melo - Centro Executivo Floripa - 34 - CEP: 88015-090 - Centro,Florianópolis,SC,Faculdade,Presencial - Superior,Privada,Privada com fins lucrativos,1994-12-28,5,2023.0,-,,3,2023.0,,,,Ativa,,10-s2.0-60003597,60003597,Universidade Estacio de Sa Faculdade de Medicina,estacio.br,http://www.estacio.br,"['Estacio de Sa University Faculty of Medicine', 'Universidade Estacio de Sa Faculdade de Medicina']",0,1,1,0
208,ASSOCIACAO CATARINENSE DE ENSINO,84.711.092/0001-08,Pessoa Jurídica de Direito Privado - Sem fins lucrativos - Associação de Utilidade Pública,5318,FACULDADE GUILHERME GUIMBALA (FGG),FGG,(47)30264000,www.fgg.edu.br,deborah.jocham@fgg.edu.br;deborahjocham@gmail.com,RUA SAO JOSÉ - 490 - CEP: 89202-010 - Anita Garibaldi,Joinville,SC,Faculdade,Presencial - Superior,Privada,Privada sem fins lucrativos,1973-06-01,4,2023.0,-,,3,2023.0,,,,Ativa,,10-s2.0-112560846,112560846,Faculdade Guilherme Guimbala,,,"['Faculdade Guilherme Guimbala', 'Faculdade Guilherme Guimbala - Fgg', 'Guilherme Guimbala College', 'Faculdade Guilherme Guimbala (fgg/ace)']",1,0,0,2
15225,PGP EDUCACAO S/A,11.408.980/0001-82,Privada com fins lucrativos,3518,Faculdade SOCIESC de Jaraguá do Sul (SOCIESC),SOCIESC,(47) 3371 0202,www.unisociesc.com.br,regulatorio@animaeducacao.com.br,Avenida Getúlio Vargas - 268 - CEP: 89251-000 - Centro,Jaraguá do Sul,SC,Faculdade,Presencial - Superior,Privada,Privada com fins lucrativos,2004-10-19,4,2024.0,-,,3,2023.0,,,,Ativa,,10-s2.0-60082716,60082716,Sociedade Educacional de Santa Catarina,unisociesc.com.br,https://www.unisociesc.com.br/,['Sociedade Educacional de Santa Catarina'],0,1,1,0
14298,IEDUC - INSTITUTO DE EDUCACAO E CULTURA S/A,08.446.503/0001-05,Privada com fins lucrativos,3758,Faculdade UNISUL de Florianópolis,-,(48) 3239 4700,https://www.unisul.br/,regulatorio@animaeducacao.com.br,Avenida Governador Ivo Silveira - 3775 - CEP: 88085-001 - Capoeiras,Florianópolis,SC,Faculdade,Presencial - Superior,Privada,Privada com fins lucrativos,1998-02-16,5,2023.0,-,,3,2023.0,,,,Ativa,,10-s2.0-60015580,60015580,Universidade do Sul de Santa Catarina,unisul.br,,"['University of South Santa Catarina', 'Universidade do Sul de Santa Catarina']",0,0,1,0
39,FUNDACAO UNIVERSIDADE DO ESTADO DE SC UDESC,83.891.283/0001-36,Pessoa Jurídica de Direito Público - Estadual,43,FUNDAÇÃO UNIVERSIDADE DO ESTADO DE SANTA CATARINA (UDESC),UDESC,(48)36648000,www.udesc.br,liliane.martins@udesc.br,Avenida Madra Benvenuta - 1907 - CEP: 88035-901 - Santa Mônica,Florianópolis,SC,Universidade,EAD - Superior / Presencial - Superior /,Publica,Pública Estadual,1965-05-20,-,,5,2018.0,5,2023.0,,,,Ativa,,10-s2.0-60024094,60024094,Universidade do Estado de Santa Catarina,udesc.br,https://www.udesc.br/,"['Santa Catarina State University', 'Universidade do Estado de Santa Catarina']",0,1,1,0
847,AESGF ENSINO SUPERIOR DA GRANDE FLORIANOPOLIS LTDA,00.118.723/0001-90,Privada com fins lucrativos,1267,INSTITUTO DE ENSINO SUPERIOR DA GRANDE FLORIANÓPOLIS (IESGF),IESGF,(11) 5586 4291,,pigeral@unip.br;pigeral2020@gmail.com,Rua Célio Veiga - 220 - CEP: 88111-320 - Jardim Cidade de Florianópolis,São José,SC,Faculdade,Presencial - Superior,Privada,Privada com fins lucrativos,1999-03-16,3,2024.0,-,,3,2023.0,,,,Ativa,,10-s2.0-115753462,115753462,Instituto de Ensino Superior da Grande Florianópolis (IESGF),,,"['Instituto De Ensino Superior Da Grande Florianópolis (iesgf)', 'Instituto De Ensino Superior Da Grande Florianópolis']",1,0,0,2
9082,INSTITUTO FEDERAL DE EDUCACAO CIENCIA E TECNOLOGIA CATARINENSE,10.635.424/0001-86,Pessoa Jurídica de Direito Público - Federal,5036,"INSTITUTO FEDERAL DE EDUCAÇÃO, CIÊNCIA E TECNOLOGIA CATARINENSE (IF Catarinense)",IF Catarinense,(47) 33317800,www.ifc.edu.br,gabinete@ifc.edu.br,Rua das Missões - 100 - CEP: 89051-000 - Ponta Aguda,Blumenau,SC,"Instituto Federal de Educação, Ciência e Tecnologia",EAD - Superior / Presencial - Superior /,Publica,Pública Federal,2008-04-04,4,2015.0,5,2023.0,4,2023.0,,,,Ativa,,10-s2.0-60271895,60271895,"Instituto Federal De Educação, Ciência E Tecnologia Catarinense - IFC",ifc.edu.br,https://ifc.edu.br/,"['Instituto Federal De Educação, Ciência E Tecnologia Catarinense - IFC']",0,1,1,0
7040,"INSTITUTO FEDERAL DE EDUCACAO, CIENCIA E TECNOLOGIA DE SANTA CATARINA",11.402.887/0001-60,Pessoa Jurídica de Direito Público - Federal,3162,"INSTITUTO FEDERAL DE EDUCAÇÃO, CIÊNCIA E TECNOLOGIA DE SANTA CATARINA (IFSC)",IFSC,(48) 3877 9002,www.ifsc.edu.br,reitoria@ifsc.edu.br,Rua 14 de julho - 150 - CEP: 88075-010 - Coqueiros,Florianópolis,SC,"Instituto Federal de Educação, Ciência e Tecnologia",EAD - Superior / Presencial - Superior /,Publica,Pública Federal,2002-03-27,4,2017.0,4,2016.0,4,2023.0,,,,Ativa,,10-s2.0-60101667,60101667,"Federal Institute of Education, Science and Technology of Santa Catarina",ifsc.edu.br,http://www.ifsc.edu.br/,"['Instituto Federal de Educação, Ciěncia e Tecnológia de Santa Catarina', 'Federal Institute of Education, Science and Technology of Santa Catarina', 'Instituto Federal de Santa Catarina (IFSC)']",0,1,1,1
14298,IEDUC - INSTITUTO DE EDUCACAO E CULTURA S/A,08.446.503/0001-05,Privada com fins lucrativos,23095,Instituto SOCIESC de Jaraguá do Sul (SOCIESC),SOCIESC,,unisociesc.com.br,regulatorio@animaeducacao.com.br,Avenida Getúlio Vargas - 268 - CEP: 89251-000 - Centro,Jaraguá do Sul,SC,Faculdade,Presencial - Superior,Privada,Privada com fins lucrativos,2019-07-04,5,2019.0,-,,3,2023.0,,,,Ativa,,10-s2.0-60082716,60082716,Sociedade Educacional de Santa Catarina,unisociesc.com.br,https://www.unisociesc.com.br/,['Sociedade Educacional de Santa Catarina'],0,1,1,0
711,ASSOCIACAO EDUCACIONAL LUTERANA BOM JESUS/IELUSC,84.685.163/0001-45,Privada sem fins lucrativos,1014,INSTITUTO SUPERIOR E CENTRO EDUCACIONAL LUTERANO - BOM JESUS - IELUSC (BOM JESUS/IELUSC),BOM JESUS/IELUSC,(47) 30268000,www.ielusc.br,"paulo.aires@ielusc.br, juliana.turmina@ielusc.br",Rua Princesa Isabel - 438 - CEP: 89201-270 - Centro,Joinville,SC,Faculdade,Presencial - Superior,Privada,Privada sem fins lucrativos,1996-12-13,5,2023.0,-,,4,2023.0,,,,Ativa,,10-s2.0-60080213,60080213,Associação Educacional Luterana Bom Jesus,,http://www.ielusc.br/,['Associação Educacional Luterana Bom Jesus'],0,1,0,0
14626,FUNDACAO UNIVERSIDADE ALTO VALE DO RIO DO PEIXE - FUNIARP,82.798.828/0001-00,Privada sem fins lucrativos,15032,UNIVERSIDADE ALTO VALE DO RIO DO PEIXE (UNIARP),UNIARP,4935616200,www.uniarp.edu.br,presidente@uniarp.edu.br;mayne@uniarp.edu.br,Rua Victor Baptista Adami - 800 - CEP: 89500-199 - Centro,Caçador,SC,Universidade,EAD - Superior / Presencial - Superior /,Privada,Privada sem fins lucrativos,2017-03-27,-,,4,2015.0,4,2023.0,,,,Ativa,,10-s2.0-60103788,60103788,Universidade Alto Vale do Rio do Peixe,,,['Universidade Alto Vale do Rio do Peixe'],1,0,0,1
2012,FUNDACAO UNIVERSITARIA DO DESENVOLVIMENTO DO OESTE,82.804.642/0001-08,Privada sem fins lucrativos,3151,UNIVERSIDADE COMUNITÁRIA DA REGIÃO DE CHAPECÓ (UNOCHAPECÓ),UNOCHAPECÓ,(49) 3321 8233,www.unochapeco.edu.br,reitoria@unochapeco.edu.br,Avenida Senador Attílio Fontana - 591 - CEP: 89809-000 - EFAPI,Chapecó,SC,Universidade,EAD - Superior / Presencial - Superior /,Privada,Privada sem fins lucrativos,1970-07-04,5,2017.0,4,2022.0,4,2023.0,,,,Ativa,,10-s2.0-60003887,60003887,Universidade Comunitária da Região de Chapecó,unochapeco.edu.br,http://www.unochapeco.edu.br,"['Universidade Comunitária da Região de Chapecó', 'Community University of the Chapecó Region', 'Unochapecó']",1,1,1,1
2012,FUNDACAO UNIVERSITARIA DO DESENVOLVIMENTO DO OESTE,82.804.642/0001-08,Privada sem fins lucrativos,3151,UNIVERSIDADE COMUNITÁRIA DA REGIÃO DE CHAPECÓ (UNOCHAPECÓ),UNOCHAPECÓ,(49) 3321 8233,www.unochapeco.edu.br,reitoria@unochapeco.edu.br,Avenida Senador Attílio Fontana - 591 - CEP: 89809-000 - EFAPI,Chapecó,SC,Universidade,EAD - Superior / Presencial - Superior /,Privada,Privada sem fins lucrativos,1970-07-04,5,2017.0,4,2022.0,4,2023.0,,,,Ativa,,10-s2.0-115131957,115131957,Universidade Comunitária da Região de Chapecó,,,"['Universidade Comunitária Da Região De Chapecó', 'Universidade Comunitária Daregião De Chapecó']",1,0,0,1
65,FUNDACAO EDUCACIONAL DA REGIAO DE JOINVILLE,84.714.682/0001-94,Pessoa Jurídica de Direito Privado - Sem fins lucrativos - Sociedade,81,UNIVERSIDADE DA REGIÃO DE JOINVILLE (UNIVILLE),UNIVILLE,(47) 3461 9000,www.univille.edu.br,reitoria@univille.br,Rua Paulo Malschitzki - 10 - CEP: 89219-710 - Campus Universitário - Zona Industrial,Joinville,SC,Universidade,EAD - Superior / Presencial - Superior /,Privada,Privada sem fins lucrativos,1967-07-17,4,2019.0,4,2017.0,4,2023.0,,,,Ativa,,10-s2.0-60018904,60018904,Universidade da Regiao de Joinville,univille.br,http://www.univille.br,"['University of Joinville Region', 'Universidade da Regiao de Joinville']",1,0,0,1
308,FUNDACAO UNIVERSIDADE DO CONTESTADO - FUNC,83.395.921/0001-28,Privada sem fins lucrativos,441,UNIVERSIDADE DO CONTESTADO (UNC),UNC,4736415500,www.unc.br,reitoria@unc.br,Avenida Presidente Nereu Ramos - 1071 - CEP: 89306-076 - Jardim do Moinho,Mafra,SC,Universidade,EAD - Superior / Presencial - Superior /,Privada,Especial,1991-11-06,-,,4,2016.0,3,2023.0,,,,Ativa,,10-s2.0-60032066,60032066,Universidade do Contestado,unc.br,http://www.unc.br,"['University Contestado', 'Universidade do Contestado']",1,1,1,1
332,FUNDACAO EDUCACIONAL DE CRICIUMA,83.661.074/0001-04,Pessoa Jurídica de Direito Privado - Sem fins lucrativos - Associação de Utilidade Pública,482,UNIVERSIDADE DO EXTREMO SUL CATARINENSE (UNESC),UNESC,(48) 3431 2720,http//www.unesc.net,reccursos@unesc.net,Avenida Universitária - 1105 - CEP: 88806-000 - UNIVERSITÁRIO,Criciúma,SC,Universidade,EAD - Superior / Presencial - Superior /,Privada,Privada sem fins lucrativos,1970-02-20,5,2024.0,5,2019.0,4,2023.0,,,,Ativa,,10-s2.0-60010253,60010253,Universidade do Extremo Sul Catarinense,unesc.net,https://www.unesc.net/home,"['University of the Extreme South of Santa Catarina', 'Universidade do Extremo Sul Catarinense']",1,0,0,1
66,FUNDACAO UNIVERSIDADE DO OESTE DE SANTA CATARINA,84.592.369/0001-20,Privada sem fins lucrativos,82,UNIVERSIDADE DO OESTE DE SANTA CATARINA (UNOESC),UNOESC,(49) 3551 2098,http://www.unoesc.edu.br/,reitor@unoesc.edu.br;reitoria@unoesc.edu.br,Rua Getúlio Vargas - 2125 - CEP: 89600-000 - Flor da Serra,Joaçaba,SC,Universidade,EAD - Superior / Presencial - Superior /,Privada,Privada sem fins lucrativos,1968-11-22,4,2018.0,5,2019.0,4,2023.0,,,,Ativa,,10-s2.0-60002118,60002118,Universidade do Oeste de Santa Catarina,unoescxxe.edu.br,,"['University of West Santa Catarina', 'Universidade do Oeste de Santa Catarina']",1,0,0,1
66,FUNDACAO UNIVERSIDADE DO OESTE DE SANTA CATARINA,84.592.369/0001-20,Privada sem fins lucrativos,82,UNIVERSIDADE DO OESTE DE SANTA CATARINA (UNOESC),UNOESC,(49) 3551 2098,http://www.unoesc.edu.br/,reitor@unoesc.edu.br;reitoria@unoesc.edu.br,Rua Getúlio Vargas - 2125 - CEP: 89600-000 - Flor da Serra,Joaçaba,SC,Universidade,EAD - Superior / Presencial - Superior /,Privada,Privada sem fins lucrativos,1968-11-22,4,2018.0,5,2019.0,4,2023.0,,,,Ativa,,10-s2.0-121384552,121384552,Universidade do Oeste de Santa Catarina (UNOESC),,,['Universidade Do Oeste De Santa Catarina (unoesc)'],1,0,0,1
334,FUNDACAO DAS ESCOLAS UNIDAS DO PLANALTO CATARINENSE,84.953.579/0001-05,Privada sem fins lucrativos,1189,UNIVERSIDADE DO PLANALTO CATARINENSE (UNIPLAC),UNIPLAC,(49) 3251 1001,www.uniplaclages.edu.br,avaliacao@uniplaclages.edu.br,Avenida Castelo Branco - 170 - CEP: 88509-900 - Universitário,Lages,SC,Universidade,EAD - Superior / Presencial - Superior /,Privada,Privada sem fins lucrativos,1973-04-03,5,2025.0,4,2016.0,3,2023.0,,,Adesão ao PROIES,Ativa,,10-s2.0-60004365,60004365,Universidade do Planalto Catarinense,uniplac.net,http://www.uniplac.net,"['University of the Catarina Plateau', 'Universidade do Planalto Catarinense']",1,0,0,1
340,FUNDACAO UNIVERSIDADE DO SUL DE SANTA CATARINA-UNISUL,86.445.293/0001-36,Privada sem fins lucrativos,494,UNIVERSIDADE DO SUL DE SANTA CATARINA (UNISUL),UNISUL,(048)36213026,www.unisul.br,regulatorio@animaeducacao.com.br,"Av. José Acácio Moreira, 787, Dehon. - 787 - CEP: 88704-900 - Dehon",Tubarão,SC,Universidade,EAD - Superior / Presencial - Superior /,Privada,Privada sem fins lucrativos,1967-10-18,5,2017.0,5,2023.0,3,2023.0,,,Adesão ao PROIES,Ativa,,10-s2.0-60015580,60015580,Universidade do Sul de Santa Catarina,unisul.br,,"['University of South Santa Catarina', 'Universidade do Sul de Santa Catarina']",1,0,1,1
67,FUNDACAO UNIVERSIDADE DO VALE DO ITAJAI,84.307.974/0001-02,Privada sem fins lucrativos,83,UNIVERSIDADE DO VALE DO ITAJAÍ (UNIVALI),UNIVALI,47-3341 7575,www.univali.br,reitoria.secretaria@univali.br,Rua Uruguai - 458 - CEP: 88302-901 - Centro,Itajaí,SC,Universidade,EAD - Superior / Presencial - Superior /,Privada,Privada sem fins lucrativos,1965-05-04,5,2023.0,4,2016.0,4,2023.0,,,,Ativa,,10-s2.0-60016828,60016828,Universidade do Vale do Itajai,univali.br,https://www.univali.br/,"['University of the Valley of Itajai', 'Universidade do Vale do Itajai']",1,1,1,1
14750,UNIVERSIDADE FEDERAL DA FRONTEIRA SUL - UFFS,11.234.780/0001-50,Pessoa Jurídica de Direito Público - Federal,15121,UNIVERSIDADE FEDERAL DA FRONTEIRA SUL (UFFS),UFFS,(49) 2049 3702 ou 3705 ou 3100,http://www.uffs.edu.br/,gabinete@uffs.edu.br,"Rodovia SC 484, Km 2 - S/N - CEP: 89815-899 - Fronteira Sul",Chapecó,SC,Universidade,Presencial - Superior,Publica,Pública Federal,2009-09-17,-,,-,,4,2023.0,,,,Ativa,,10-s2.0-60109296,60109296,Universidade Federal da Fronteira Sul,uffs.edu.br,https://www.uffs.edu.br/,"['Universidade Federal da Fronteira Sul', 'Federal University of the Southern Frontier']",1,1,1,1
15593,UNIVERSIDADE FEDERAL DE SANTA CATARINA,83.899.526/0001-82,Pessoa Jurídica de Direito Público - Federal,585,UNIVERSIDADE FEDERAL DE SANTA CATARINA (UFSC),UFSC,(48) 3721 6018,www.ufsc.br,gr@contato.ufsc.br,Campus Universitário - s/n - CEP: 88040-900 - Trindade,Florianópolis,SC,Universidade,EAD - Superior / Presencial - Superior /,Publica,Pública Federal,1960-12-21,4,2009.0,4,2019.0,5,2023.0,,,,Ativa,,10-s2.0-60017609,60017609,Universidade Federal de Santa Catarina,ufsc.br,https://ufsc.br/,"['Federal University of Santa Catarina', 'Universidade Federal de Santa Catarina', 'Universidade de Santa Catarina']",1,1,1,1
60,FUNDACAO UNIVERSIDADE REGIONAL DE BLUMENAU,82.662.958/0001-02,Pessoa Jurídica de Direito Público - Municipal,76,UNIVERSIDADE REGIONAL DE BLUMENAU (FURB),FURB,(47)3321.0381 (47) 3321.0377,www.furb.br,reitoria@furb.br,Rua Antônio da Veiga - 140 - CEP: 89030-903 - Itoupava Seca,Blumenau,SC,Universidade,EAD - Superior / Presencial - Superior /,Publica,Especial,1968-12-24,-,,5,2015.0,4,2023.0,,,,Ativa,,10-s2.0-60016207,60016207,Universidade Regional de Blumenau,furb.br,https://www.furb.br/pt,"['Regional University of Blumenau', 'Universidade Regional de Blumenau']",1,0,1,1
60,FUNDACAO UNIVERSIDADE REGIONAL DE BLUMENAU,82.662.958/0001-02,Pessoa Jurídica de Direito Público - Municipal,76,UNIVERSIDADE REGIONAL DE BLUMENAU (FURB),FURB,(47)3321.0381 (47) 3321.0377,www.furb.br,reitoria@furb.br,Rua Antônio da Veiga - 140 - CEP: 89030-903 - Itoupava Seca,Blumenau,SC,Universidade,EAD - Superior / Presencial - Superior /,Publica,Especial,1968-12-24,-,,5,2015.0,4,2023.0,,,,Ativa,,10-s2.0-115753008,115753008,Universidade Regional de Blumenau,,,['Universidade Regional De Blumenau'],1,0,0,1
545,"IREP SOCIEDADE DE ENSINO SUPERIOR, MEDIO E FUNDAMENTAL LTDA.",02.608.755/0001-07,Privada com fins lucrativos,2122,CENTRO UNIVERSITÁRIO ESTÁCIO DE SERGIPE,-,,www.estacio.br,cgfase@gmail.com;regulatorio.nacional@estacio.br,Rua Teixeira de Freitas - 10 - CEP: 49020-530 - Salgado Filho,Aracaju,SE,Centro Universitário,Presencial - Superior,Privada,Privada com fins lucrativos,2002-02-07,5,2024.0,-,,3,2023.0,,,Em Supervisão - Procedimento Sancionador com Medida Cautelar,Ativa,,10-s2.0-112812616,112812616,Centro Universitário Estácio de Sergipe,,,"['Centro Universitário Estácio De Sergipe', 'Hospital Universitário De Sergipe', 'Estácio Sergipe University Center', 'Universidade Estácio De Sergipe', 'Estácio University Of Sergipe', 'Estácio De Sergipe University']",1,0,0,1
545,"IREP SOCIEDADE DE ENSINO SUPERIOR, MEDIO E FUNDAMENTAL LTDA.",02.608.755/0001-07,Privada com fins lucrativos,2122,CENTRO UNIVERSITÁRIO ESTÁCIO DE SERGIPE,-,,www.estacio.br,cgfase@gmail.com;regulatorio.nacional@estacio.br,Rua Teixeira de Freitas - 10 - CEP: 49020-530 - Salgado Filho,Aracaju,SE,Centro Universitário,Presencial - Superior,Privada,Privada com fins lucrativos,2002-02-07,5,2024.0,-,,3,2023.0,,,Em Supervisão - Procedimento Sancionador com Medida Cautelar,Ativa,,10-s2.0-60022378,60022378,Universidade Estacio de Sa,estacio.br,http://www.estacio.br,"['Estacio de Sa University', 'Universidade Estacio de Sa']",0,1,1,0
545,"IREP SOCIEDADE DE ENSINO SUPERIOR, MEDIO E FUNDAMENTAL LTDA.",02.608.755/0001-07,Privada com fins lucrativos,2122,CENTRO UNIVERSITÁRIO ESTÁCIO DE SERGIPE,-,,www.estacio.br,cgfase@gmail.com;regulatorio.nacional@estacio.br,Rua Teixeira de Freitas - 10 - CEP: 49020-530 - Salgado Filho,Aracaju,SE,Centro Universitário,Presencial - Superior,Privada,Privada com fins lucrativos,2002-02-07,5,2024.0,-,,3,2023.0,,,Em Supervisão - Procedimento Sancionador com Medida Cautelar,Ativa,,10-s2.0-60003597,60003597,Universidade Estacio de Sa Faculdade de Medicina,estacio.br,http://www.estacio.br,"['Estacio de Sa University Faculty of Medicine', 'Universidade Estacio de Sa Faculdade de Medicina']",0,1,1,0
545,"IREP SOCIEDADE DE ENSINO SUPERIOR, MEDIO E FUNDAMENTAL LTDA.",02.608.755/0001-07,Privada com fins lucrativos,2122,CENTRO UNIVERSITÁRIO ESTÁCIO DE SERGIPE,-,,www.estacio.br,cgfase@gmail.com;regulatorio.nacional@estacio.br,Rua Teixeira de Freitas - 10 - CEP: 49020-530 - Salgado Filho,Aracaju,SE,Centro Universitário,Presencial - Superior,Privada,Privada com fins lucrativos,2002-02-07,5,2024.0,-,,3,2023.0,,,Em Supervisão - Procedimento Sancionador com Medida Cautelar,Ativa,,10-s2.0-112669137,112669137,Faculdade Estácio de Sergipe,,,"['Faculdade Estácio De Sergipe', 'Faculdade Estácio Fase De Sergipe', 'Centro Universitário Estácio De Sergipe', 'Faculdade Federal De Sergipe', 'Faculdade Estácio De Sá', 'Faculdade Estacio De Sergipe', 'Faculdade De Sergipe']",0,0,0,1
9073,"INSTITUTO FEDERAL DE EDUCACAO, CIENCIA E TECNOLOGIA DE SERGIPE",10.728.444/0001-00,Pessoa Jurídica de Direito Público - Federal,3183,"INSTITUTO FEDERAL DE EDUCAÇÃO, CIÊNCIA E TECNOLOGIA DE SERGIPE (IFS)",IFS,(79) 3711-1442,www.ifs.edu.br,reitoria@ifs.edu.br,Avenida Jorge Amado - S/N - CEP: 49025-330 - Jardins,Aracaju,SE,"Instituto Federal de Educação, Ciência e Tecnologia",EAD - Superior / Presencial - Superior /,Publica,Pública Federal,2002-11-14,3,2015.0,-,,4,2023.0,,,,Ativa,,10-s2.0-60069361,60069361,"Instituto Federal de Educação, Ciência e Tecnologia de Sergipe (IFS)",ifs.edu.br,http://www.ifs.edu.br/,"['Centro Federal de Educacao Tecnologica de Sergipe', 'Instituto Federal de Educação, Ciência e Tecnologia de Sergipe (IFS)', 'Federal Institute of Education, Science and Technology of Sergipe']",1,1,1,1
3,FUNDACAO UNIVERSIDADE FEDERAL DE SERGIPE,13.031.547/0001-04,Pessoa Jurídica de Direito Público - Federal,3,UNIVERSIDADE FEDERAL DE SERGIPE (UFS),UFS,(79) 3194-6404,www.ufs.br,gabinete.reitor@academico.ufs.br,Avenida Marechal Rondon - s/n - CEP: 49100-000 - Jardim Rosa Elze,São Cristóvão,SE,Universidade,EAD - Superior / Presencial - Superior /,Publica,Pública Federal,1967-02-28,5,2024.0,5,2019.0,4,2023.0,,,,Ativa,,10-s2.0-118616955,118616955,Universidade Federal Sergipe,,,"['Universidade Federal Sergipe', 'Universidade Federal De Sergipe']",0,0,0,1
3,FUNDACAO UNIVERSIDADE FEDERAL DE SERGIPE,13.031.547/0001-04,Pessoa Jurídica de Direito Público - Federal,3,UNIVERSIDADE FEDERAL DE SERGIPE (UFS),UFS,(79) 3194-6404,www.ufs.br,gabinete.reitor@academico.ufs.br,Avenida Marechal Rondon - s/n - CEP: 49100-000 - Jardim Rosa Elze,São Cristóvão,SE,Universidade,EAD - Superior / Presencial - Superior /,Publica,Pública Federal,1967-02-28,5,2024.0,5,2019.0,4,2023.0,,,,Ativa,,10-s2.0-112817843,112817843,Universidade Federal de Pernamuco,,,"['Universidade Federal de', 'Universidade Federal de Pernamuco', 'Universidade Federal de Sergipe']",0,0,0,1
3,FUNDACAO UNIVERSIDADE FEDERAL DE SERGIPE,13.031.547/0001-04,Pessoa Jurídica de Direito Público - Federal,3,UNIVERSIDADE FEDERAL DE SERGIPE (UFS),UFS,(79) 3194-6404,www.ufs.br,gabinete.reitor@academico.ufs.br,Avenida Marechal Rondon - s/n - CEP: 49100-000 - Jardim Rosa Elze,São Cristóvão,SE,Universidade,EAD - Superior / Presencial - Superior /,Publica,Pública Federal,1967-02-28,5,2024.0,5,2019.0,4,2023.0,,,,Ativa,,10-s2.0-60003079,60003079,Université Fédérale de Sergipe,en.ufs.br,https://en.ufs.br/pagina/21114,"['Federal University of Sergipe', 'Universidade Federal de Sergipe', 'Federal University of Sergipe (UFS)', 'Université Fédérale de Sergipe']",0,0,0,1
274,SOCIEDADE DE EDUCACAO TIRADENTES S.A,13.013.263/0001-87,Privada com fins lucrativos,398,UNIVERSIDADE TIRADENTES (UNIT),UNIT,(79) 3218 2160; 99840-0227,www.unit.br,jose_adailton@unit.br; elisangela_sousa@unit.br,Avenida Murilo Dantas - 300 - CEP: 49032-490 - Farolândia,Aracaju,SE,Universidade,EAD - Superior / Presencial - Superior /,Privada,Privada com fins lucrativos,1972-07-17,5,2018.0,5,2013.0,3,2023.0,,,,Ativa,,10-s2.0-60004916,60004916,Universidade Tiradentes,unit.br,https://www.unit.br/,"['University Tiradentes', 'Universidade Tiradentes', 'Tiradentes University']",1,1,1,1
274,SOCIEDADE DE EDUCACAO TIRADENTES S.A,13.013.263/0001-87,Privada com fins lucrativos,398,UNIVERSIDADE TIRADENTES (UNIT),UNIT,(79) 3218 2160; 99840-0227,www.unit.br,jose_adailton@unit.br; elisangela_sousa@unit.br,Avenida Murilo Dantas - 300 - CEP: 49032-490 - Farolândia,Aracaju,SE,Universidade,EAD - Superior / Presencial - Superior /,Privada,Privada com fins lucrativos,1972-07-17,5,2018.0,5,2013.0,3,2023.0,,,,Ativa,,10-s2.0-115878757,115878757,Universidade Tiradentes (Unit),,,"['Universidade Tiradentes (unit)', 'Centro Universitário Tiradentes (unit)', 'Universidade Integrada Tiradentes/unit', 'Centro Universitário Tiradentes/unit/al', 'Centro Universitário Tiradentes-unit/al']",1,0,0,1
18344,COMANDO DA AERONAUTICA,00.394.429/0111-45,Pessoa Jurídica de Direito Público - Federal,26777,ACADEMIA DA FORÇA AÉREA (AFA),AFA,,https://www2.fab.mil.br/afa/,dpl.direns@gmail.com,Estrada Aguaí-Pirassununga SP - 225 - S/N - CEP: 13631-750 - Jardim Bandeirantes,Pirassununga,SP,Faculdade,Presencial - Superior,Publica,Pública Federal,1941-03-25,-,,-,,-,,,,,Ativa,,10-s2.0-127082981,127082981,Academia da Forca Aerea,,,['Academia Da Forca Aerea'],1,0,0,1
18344,COMANDO DA AERONAUTICA,00.394.429/0111-45,Pessoa Jurídica de Direito Público - Federal,26777,ACADEMIA DA FORÇA AÉREA (AFA),AFA,,https://www2.fab.mil.br/afa/,dpl.direns@gmail.com,Estrada Aguaí-Pirassununga SP - 225 - S/N - CEP: 13631-750 - Jardim Bandeirantes,Pirassununga,SP,Faculdade,Presencial - Superior,Publica,Pública Federal,1941-03-25,-,,-,,-,,,,,Ativa,,10-s2.0-117806807,117806807,Academia da Força Aérea – AFA,,,"['Academia Da Força Aérea – Afa', 'Academia Da Força Aérea (afa)']",0,0,0,1
18344,COMANDO DA AERONAUTICA,00.394.429/0111-45,Pessoa Jurídica de Direito Público - Federal,26777,ACADEMIA DA FORÇA AÉREA (AFA),AFA,,https://www2.fab.mil.br/afa/,dpl.direns@gmail.com,Estrada Aguaí-Pirassununga SP - 225 - S/N - CEP: 13631-750 - Jardim Bandeirantes,Pirassununga,SP,Faculdade,Presencial - Superior,Publica,Pública Federal,1941-03-25,-,,-,,-,,,,,Ativa,,10-s2.0-100579215,100579215,Academia da Força Aérea,,,"['Academia Da Força Aérea', 'Academia Da Força Aérea (afa)', 'Acad. Da Força Aérea', 'Accidentia Da Força Aérea (afa)', 'Academia Da Força Aerea', 'Academia De Força Aérea (afa)', 'Academia Da Força Aérea Brasileira - Afa']",1,0,0,3
18344,COMANDO DA AERONAUTICA,00.394.429/0111-45,Pessoa Jurídica de Direito Público - Federal,26777,ACADEMIA DA FORÇA AÉREA (AFA),AFA,,https://www2.fab.mil.br/afa/,dpl.direns@gmail.com,Estrada Aguaí-Pirassununga SP - 225 - S/N - CEP: 13631-750 - Jardim Bandeirantes,Pirassununga,SP,Faculdade,Presencial - Superior,Publica,Pública Federal,1941-03-25,-,,-,,-,,,,,Ativa,,10-s2.0-111896041,111896041,Academia da Força Aérea,,,"['Academia Da Força Aérea', 'Hospital Da Força Aérea De São Paulo', 'Força Aérea Brasileira']",1,0,0,1
144,INSTITUTO ADVENTISTA DE ENSINO,43.586.056/0001-82,Pessoa Jurídica de Direito Privado - Sem fins lucrativos - Associação de Utilidade Pública,1365,CENTRO UNIVERSITÁRIO ADVENTISTA DE SÃO PAULO (UNASP),UNASP,(19) 998472645,www.unasp.br,martin.kuhn@unasp.edu.br;pi.mec@unasp.edu.br,Estrada de Itapecerica - 5859 - CEP: 05858-001 - Jardim IAE,São Paulo,SP,Centro Universitário,EAD - Superior / Presencial - Superior /,Privada,Privada sem fins lucrativos,1968-06-05,5,2018.0,4,2016.0,4,2023.0,,,,Ativa,,10-s2.0-115462181,115462181,Centro Universitário Adventista de São Paulo,,,"['Univ. Do Estado De São Paulo', 'Centro Universitário Adventista De São Paulo']",1,0,0,1
144,INSTITUTO ADVENTISTA DE ENSINO,43.586.056/0001-82,Pessoa Jurídica de Direito Privado - Sem fins lucrativos - Associação de Utilidade Pública,1365,CENTRO UNIVERSITÁRIO ADVENTISTA DE SÃO PAULO (UNASP),UNASP,(19) 998472645,www.unasp.br,martin.kuhn@unasp.edu.br;pi.mec@unasp.edu.br,Estrada de Itapecerica - 5859 - CEP: 05858-001 - Jardim IAE,São Paulo,SP,Centro Universitário,EAD - Superior / Presencial - Superior /,Privada,Privada sem fins lucrativos,1968-06-05,5,2018.0,4,2016.0,4,2023.0,,,,Ativa,,10-s2.0-100443321,100443321,Centro Universitário Adventista de São Paulo,,,[],1,0,0,0
144,INSTITUTO ADVENTISTA DE ENSINO,43.586.056/0001-82,Pessoa Jurídica de Direito Privado - Sem fins lucrativos - Associação de Utilidade Pública,1365,CENTRO UNIVERSITÁRIO ADVENTISTA DE SÃO PAULO (UNASP),UNASP,(19) 998472645,www.unasp.br,martin.kuhn@unasp.edu.br;pi.mec@unasp.edu.br,Estrada de Itapecerica - 5859 - CEP: 05858-001 - Jardim IAE,São Paulo,SP,Centro Universitário,EAD - Superior / Presencial - Superior /,Privada,Privada sem fins lucrativos,1968-06-05,5,2018.0,4,2016.0,4,2023.0,,,,Ativa,,10-s2.0-127155540,127155540,Centro Universitário Adventista de São Paulo,,,"['Centro Universitário Adventista De São Paulo', 'Universitário Adventista De São Paulo', 'Centro Universitário Metropolitano De São Paulo', 'Centro Universitario Adventista De Sao Paulo']",1,0,0,2
144,INSTITUTO ADVENTISTA DE ENSINO,43.586.056/0001-82,Pessoa Jurídica de Direito Privado - Sem fins lucrativos - Associação de Utilidade Pública,1365,CENTRO UNIVERSITÁRIO ADVENTISTA DE SÃO PAULO (UNASP),UNASP,(19) 998472645,www.unasp.br,martin.kuhn@unasp.edu.br;pi.mec@unasp.edu.br,Estrada de Itapecerica - 5859 - CEP: 05858-001 - Jardim IAE,São Paulo,SP,Centro Universitário,EAD - Superior / Presencial - Superior /,Privada,Privada sem fins lucrativos,1968-06-05,5,2018.0,4,2016.0,4,2023.0,,,,Ativa,,10-s2.0-105595218,105595218,Centro Universitário Adventista de São Paulo,,,[],1,0,0,0
151,FUNDACAO ESCOLA DE COMERCIO ALVARES PENTEADO - FECAP,60.736.683/0001-71,Privada sem fins lucrativos,213,CENTRO UNIVERSITÁRIO ÁLVARES PENTEADO (FECAP),FECAP,(11) 32722204,www.fecap.br,reitoria@fecap.br; edison@fecap.br;,Avenida da Liberdade - 532 - CEP: 01502-001 - Liberdade,São Paulo,SP,Centro Universitário,Presencial - Superior,Privada,Privada sem fins lucrativos,1949-06-23,5,2018.0,5,2024.0,4,2023.0,,,,Ativa,,10-s2.0-60108960,60108960,Fundação Escola de Comércio Álvares Penteado,fecap.br,https://www.fecap.br/,"['Fundação Escola de Comércio Álvares Penteado', 'Álvares Penteado School of Commerce Foundation']",0,1,1,0
715,"UNISEPE UNIAO DAS INSTITUICOES DE SERVICO, ENSINO E PESQUISA LTDA",67.172.676/0001-33,Privada com fins lucrativos,1225,CENTRO UNIVERSITÁRIO AMPARENSE (UNIFIA),UNIFIA,(19) 3907-9870,www.unifia.edu.br,cra@unifia.edu.br;cpex@scelisul.com.br;pra@unifia.edu.br,Rodovia João Beira - s/n - CEP: 13905-529 - Parque Modelo,Amparo,SP,Centro Universitário,EAD - Superior / Presencial - Superior /,Privada,Privada com fins lucrativos,1971-09-27,4,2024.0,4,2019.0,3,2023.0,,,,Ativa,,10-s2.0-121384524,121384524,Centro Universitário Amparense,,,['Centro Universitário Amparense'],1,0,0,1
16452,ANHANGUERA EDUCACIONAL PARTICIPACOES S/A,04.310.392/0001-46,Privada com fins lucrativos,1045,CENTRO UNIVERSITÁRIO ANHANGÜERA (UNIFIAN),UNIFIAN,(19) 9 9231 8546,http://www.anhanguera.com/home/,ddi@kroton.com.br;petre.rebac@kroton.com.br,Rua Waldemar Silenci - 340 - CEP: 13614-370 - Cidade Jardim,Leme,SP,Centro Universitário,Presencial - Superior,Privada,Privada com fins lucrativos,1994-01-13,4,2023.0,5,2018.0,3,2023.0,,,,Ativa,,10-s2.0-113704284,113704284,Centro Universitário,,,"['Centro Universitário', 'Centro Universitário E Faculdades', 'Centro Universitário Anhanguera', 'Centro Universitario', 'Centro']",0,0,0,1
16452,ANHANGUERA EDUCACIONAL PARTICIPACOES S/A,04.310.392/0001-46,Privada com fins lucrativos,1045,CENTRO UNIVERSITÁRIO ANHANGÜERA (UNIFIAN),UNIFIAN,(19) 9 9231 8546,http://www.anhanguera.com/home/,ddi@kroton.com.br;petre.rebac@kroton.com.br,Rua Waldemar Silenci - 340 - CEP: 13614-370 - Cidade Jardim,Leme,SP,Centro Universitário,Presencial - Superior,Privada,Privada com fins lucrativos,1994-01-13,4,2023.0,5,2018.0,3,2023.0,,,,Ativa,,10-s2.0-117185091,117185091,Centro Universitário Anhanguera,,,"['Centro Universitário Anhanguera', 'Centro Universitário Anhanguera De Niterói']",1,0,0,1
16452,ANHANGUERA EDUCACIONAL PARTICIPACOES S/A,04.310.392/0001-46,Privada com fins lucrativos,376,CENTRO UNIVERSITÁRIO ANHANGUERA DE SÃO PAULO (Anhanguera SP),Anhanguera SP,(11) 3188 6700,www.anhanguera.com,thales.pimentel@kroton.com.br; ddi@kroton.com.br,Avenida Raimundo Pereira de Magalhães - 3305 - CEP: 02938-000 - Pirituba,São Paulo,SP,Centro Universitário,EAD - Superior / Presencial - Superior /,Privada,Privada com fins lucrativos,1971-12-23,4,2024.0,5,2019.0,3,2023.0,,,Unificação de Mantidas,Ativa,,10-s2.0-60281103,60281103,Universidade Anhanguera de São Paulo,anhanguera.com,https://www.anhanguera.com/unidades/,"['Universidade Anhanguera de São Paulo', 'Anhanguera Educacional', 'Anhanguera Educational']",0,0,1,0
378,FUNDACAO SAO PAULO,60.990.751/0001-24,Privada sem fins lucrativos,161,CENTRO UNIVERSITÁRIO ASSUNÇÃO,-,(11) 5087 0199,www.unifai.edu.br,fundasp.vma@adm.unifai.edu.br,Rua Afonso Celso - 671/711 - CEP: 04119-060 - Vila Mariana,São Paulo,SP,Centro Universitário,EAD - Superior / Presencial - Superior /,Privada,Privada sem fins lucrativos,1971-04-01,5,2023.0,4,2020.0,3,2023.0,,,,Ativa,,10-s2.0-109923792,109923792,Centro Universitário Assunção,,,"['Centro Universitário Assunção', 'Pós-graduação No Centro Universitário Assunção']",1,0,0,1
98,ORGANIZACAO EDUCACIONAL BARAO DE MAUA,56.001.480/0001-60,Pessoa Jurídica de Direito Privado - Sem fins lucrativos - Fundação,138,CENTRO UNIVERSITÁRIO BARÃO DE MAUÁ (CBM),CBM,(16) 3603 6600,www.baraodemaua.br,reitoria@baraodemaua.br; ddp@baraodemaua.br,Rua Ramos de Azevedo - 423 - CEP: 14090-180 - Jardim Paulista,Ribeirão Preto,SP,Centro Universitário,EAD - Superior / Presencial - Superior /,Privada,Privada sem fins lucrativos,1968-08-26,5,2024.0,5,2019.0,4,2023.0,,,,Ativa,,10-s2.0-60025955,60025955,Centro Universitario Barao de Maua,baraodemaua.br,,['Centro Universitario Barao de Maua'],1,0,1,1
118,FEBASP LTDA,62.294.053/0001-10,Privada com fins lucrativos,162,CENTRO UNIVERSITÁRIO BELAS ARTES DE SÃO PAULO (FEBASP),FEBASP,(11) 5576 7300,www.belasartes.br,paulo.cardim@belasartes.br;graziela.marques@belasartes.br;jo.tonelotto@belasartes.br,Rua Dr. Álvaro Alvim - 76/90 - CEP: 04018-010 - Vila Mariana,São Paulo,SP,Centro Universitário,EAD - Superior / Presencial - Superior /,Privada,Privada com fins lucrativos,1941-06-17,5,2024.0,5,2022.0,4,2023.0,,,,Ativa,,10-s2.0-101997140,101997140,Centro Universitário Belas Artes de São Paulo,,,"['Centro Universitário Belas Artes De São Paulo', 'Centro Universitário Salesiano De São Paulo', 'Centro Universitário De Belas Artes', 'Centro Universitario Salesiano De São Paulo', 'Centro Universitario Belas Artes De Sao Paulo']",1,0,0,2
118,FEBASP LTDA,62.294.053/0001-10,Privada com fins lucrativos,162,CENTRO UNIVERSITÁRIO BELAS ARTES DE SÃO PAULO (FEBASP),FEBASP,(11) 5576 7300,www.belasartes.br,paulo.cardim@belasartes.br;graziela.marques@belasartes.br;jo.tonelotto@belasartes.br,Rua Dr. Álvaro Alvim - 76/90 - CEP: 04018-010 - Vila Mariana,São Paulo,SP,Centro Universitário,EAD - Superior / Presencial - Superior /,Privada,Privada com fins lucrativos,1941-06-17,5,2024.0,5,2022.0,4,2023.0,,,,Ativa,,10-s2.0-115803476,115803476,Centro Universitário Belas Artes de São Paulo,,,[],1,0,0,0
365,SOCIEDADE EDUCACIONAL BRAZ CUBAS LTDA.,52.556.412/0001-06,Privada com fins lucrativos,526,CENTRO UNIVERSITÁRIO BRAZ CUBAS,-,(11) 2178 1413,www.brazcubas.edu.br,reitoria@brazcubas.edu.br,Av. Francisco Rodrigues Filho - 1233 - CEP: 08773-380 - Mogilar,Mogi das Cruzes,SP,Centro Universitário,EAD - Superior / Presencial - Superior /,Privada,Privada com fins lucrativos,1985-12-18,5,2023.0,5,2023.0,3,2023.0,,,Adesão ao PROIES,Ativa,,10-s2.0-60010463,60010463,University Center Braz Cubas,brazcubas.edu.br,https://www.brazcubas.edu.br/,"['University Braz Cubas', 'Universidade Braz Cubas', 'University Center Braz Cubas', 'Centro Universitário Braz Cubas']",0,1,1,1
849,INSTITUTO DE ENSINO CAMPO LIMPO PAULISTA LTDA,02.252.746/0001-18,Privada com fins lucrativos,1273,Centro Universitário Campo Limpo Paulista ( UNIFACCAMP),UNIFACCAMP,(11) 4812-9400,www.unifaccamp.edu.br,simara.guimaraes@faccamp.br;elizeu@faccamp.br,Rua Guatemala - 167 - CEP: 13231-230 - Jardim América,Campo Limpo Paulista,SP,Centro Universitário,EAD - Superior / Presencial - Superior /,Privada,Privada com fins lucrativos,1998-12-30,4,2023.0,4,2017.0,2,2023.0,,,,Ativa,,10-s2.0-60290335,60290335,Centro Universitário Campo Limpo Paulista,unifaccamp.edu.br,https://www.unifaccamp.edu.br/,[],1,1,1,0
270,MISSAO SALESIANA DE MATO GROSSO,03.226.149/0001-81,Pessoa Jurídica de Direito Privado - Sem fins lucrativos - Associação de Utilidade Pública,4522,CENTRO UNIVERSITÁRIO CATÓLICO SALESIANO AUXILIUM (UNISALESIANO),UNISALESIANO,(14) 3533-5000,www.unisalesiano.edu.br,pi@unisalesiano.com.br,Rua Dom Bosco - 265 - CEP: 16400-505 - Centro,Lins,SP,Centro Universitário,EAD - Superior / EAD - Lato-sensu / Presencial - Superior /,Privada,Privada sem fins lucrativos,1956-09-17,5,2019.0,5,2018.0,4,2023.0,,,,Ativa,,10-s2.0-113216926,113216926,Centro Universitário Católico Salesiano Auxilium- Unisalesiano,,,"['Centro Universitário Católico Salesiano Auxilium- Unisalesiano', 'Centro Universitário Católico Salesiano Auxilium (unisalesiano', 'Centro Universitário Católico Salesiano Auxilium']",0,0,0,1
270,MISSAO SALESIANA DE MATO GROSSO,03.226.149/0001-81,Pessoa Jurídica de Direito Privado - Sem fins lucrativos - Associação de Utilidade Pública,4522,CENTRO UNIVERSITÁRIO CATÓLICO SALESIANO AUXILIUM (UNISALESIANO),UNISALESIANO,(14) 3533-5000,www.unisalesiano.edu.br,pi@unisalesiano.com.br,Rua Dom Bosco - 265 - CEP: 16400-505 - Centro,Lins,SP,Centro Universitário,EAD - Superior / EAD - Lato-sensu / Presencial - Superior /,Privada,Privada sem fins lucrativos,1956-09-17,5,2019.0,5,2018.0,4,2023.0,,,,Ativa,,10-s2.0-60289435,60289435,Centro Universitário Católico Salesiano Auxilium,unisalesiano.com.br,https://unisalesiano.com.br/,"['Centro Universitário Católico Salesiano Auxilium', 'Auxilium Salesian Catholic University Center']",1,0,0,1
270,MISSAO SALESIANA DE MATO GROSSO,03.226.149/0001-81,Pessoa Jurídica de Direito Privado - Sem fins lucrativos - Associação de Utilidade Pública,4522,CENTRO UNIVERSITÁRIO CATÓLICO SALESIANO AUXILIUM (UNISALESIANO),UNISALESIANO,(14) 3533-5000,www.unisalesiano.edu.br,pi@unisalesiano.com.br,Rua Dom Bosco - 265 - CEP: 16400-505 - Centro,Lins,SP,Centro Universitário,EAD - Superior / EAD - Lato-sensu / Presencial - Superior /,Privada,Privada sem fins lucrativos,1956-09-17,5,2019.0,5,2018.0,4,2023.0,,,,Ativa,,10-s2.0-105998459,105998459,Centro Universitário Católico Unisalesiano Auxilium,,,"['Centro Universitário Católico Salesiano Auxilium', 'Centro Universitário Católico Unisalesiano Auxilium', 'Centro Universitário Católico Salesiano Auxilium- Unisalesiano', 'Centro Universitário Católico Salesiano Auxilium Unisalesiano', 'Centro Universitário Católico Salesiano Auxilium Araçatuba', 'Centro Universitário Católico Salesiano Auxilium (unisalesiano)']",0,0,0,2
270,MISSAO SALESIANA DE MATO GROSSO,03.226.149/0001-81,Pessoa Jurídica de Direito Privado - Sem fins lucrativos - Associação de Utilidade Pública,4522,CENTRO UNIVERSITÁRIO CATÓLICO SALESIANO AUXILIUM (UNISALESIANO),UNISALESIANO,(14) 3533-5000,www.unisalesiano.edu.br,pi@unisalesiano.com.br,Rua Dom Bosco - 265 - CEP: 16400-505 - Centro,Lins,SP,Centro Universitário,EAD - Superior / EAD - Lato-sensu / Presencial - Superior /,Privada,Privada sem fins lucrativos,1956-09-17,5,2019.0,5,2018.0,4,2023.0,,,,Ativa,,10-s2.0-105619802,105619802,Centro Universitário Católico Unisalesiano Auxilium,,,"['Centro Universitário Católico Unisalesiano Auxilium', 'Centro Universitário Católico Salesiano Auxilium', 'Centro Universitário Católico Salesiano Auxilium (unisalesiano)', 'Centro Universitário Unisalesiano Auxilium', 'School Of Medicine. Centro Universitário Católico Unisalesiano Auxilium', 'School Of Medicine. Centro Universitário Católico Salesiano Auxilium (unisalesiano)', 'Centro Universitário Católico Salesiano Auxilum', 'Centro Universitário Católico Salesiano Auxilium De Araçatuba', 'Centro Universitário Católico Salesiano', 'Centro Universitário Católico Auxilium Salesiano']",0,0,0,2
471,ASSOCIACAO DE ESCOLAS REUNIDAS LTDA.,51.793.826/0001-96,Privada com fins lucrativos,707,CENTRO UNIVERSITÁRIO CENTRAL PAULISTA (UNICEP),UNICEP,(16) 3362 2111,www.unicep.edu.br,marcello@unicep.com.br;eduardo@unicep.com.br;marcelolourenco@unicep.edu.br,Rua Miguel Petroni - 5111 - CEP: 13563-470 - Loteamento Habitacional São Carlos 1,São Carlos,SP,Centro Universitário,EAD - Superior / Presencial - Superior /,Privada,Privada com fins lucrativos,1972-08-30,4,2023.0,4,2019.0,3,2023.0,,,,Ativa,,10-s2.0-100413003,100413003,Centro Universitário Central Paulista (UNICEP),,,[],1,0,0,0
471,ASSOCIACAO DE ESCOLAS REUNIDAS LTDA.,51.793.826/0001-96,Privada com fins lucrativos,707,CENTRO UNIVERSITÁRIO CENTRAL PAULISTA (UNICEP),UNICEP,(16) 3362 2111,www.unicep.edu.br,marcello@unicep.com.br;eduardo@unicep.com.br;marcelolourenco@unicep.edu.br,Rua Miguel Petroni - 5111 - CEP: 13563-470 - Loteamento Habitacional São Carlos 1,São Carlos,SP,Centro Universitário,EAD - Superior / Presencial - Superior /,Privada,Privada com fins lucrativos,1972-08-30,4,2023.0,4,2019.0,3,2023.0,,,,Ativa,,10-s2.0-112578926,112578926,Centro Universitário Central Paulista,,,[],1,0,0,0
471,ASSOCIACAO DE ESCOLAS REUNIDAS LTDA.,51.793.826/0001-96,Privada com fins lucrativos,707,CENTRO UNIVERSITÁRIO CENTRAL PAULISTA (UNICEP),UNICEP,(16) 3362 2111,www.unicep.edu.br,marcello@unicep.com.br;eduardo@unicep.com.br;marcelolourenco@unicep.edu.br,Rua Miguel Petroni - 5111 - CEP: 13563-470 - Loteamento Habitacional São Carlos 1,São Carlos,SP,Centro Universitário,EAD - Superior / Presencial - Superior /,Privada,Privada com fins lucrativos,1972-08-30,4,2023.0,4,2019.0,3,2023.0,,,,Ativa,,10-s2.0-126272346,126272346,Centro Universitário Central Paulista,,,['Centro Universitário Central Paulista'],1,0,0,1
471,ASSOCIACAO DE ESCOLAS REUNIDAS LTDA.,51.793.826/0001-96,Privada com fins lucrativos,707,CENTRO UNIVERSITÁRIO CENTRAL PAULISTA (UNICEP),UNICEP,(16) 3362 2111,www.unicep.edu.br,marcello@unicep.com.br;eduardo@unicep.com.br;marcelolourenco@unicep.edu.br,Rua Miguel Petroni - 5111 - CEP: 13563-470 - Loteamento Habitacional São Carlos 1,São Carlos,SP,Centro Universitário,EAD - Superior / Presencial - Superior /,Privada,Privada com fins lucrativos,1972-08-30,4,2023.0,4,2019.0,3,2023.0,,,,Ativa,,10-s2.0-126639409,126639409,Centro Universitário Central Paulista – UNICEP,,,"['Centro Universitário Central Paulista – Unicep', 'Centro Universitário Central Paulista (unicep)', 'Centro Universitario Central Paulista - Unicep']",0,0,0,1
471,ASSOCIACAO DE ESCOLAS REUNIDAS LTDA.,51.793.826/0001-96,Privada com fins lucrativos,707,CENTRO UNIVERSITÁRIO CENTRAL PAULISTA (UNICEP),UNICEP,(16) 3362 2111,www.unicep.edu.br,marcello@unicep.com.br;eduardo@unicep.com.br;marcelolourenco@unicep.edu.br,Rua Miguel Petroni - 5111 - CEP: 13563-470 - Loteamento Habitacional São Carlos 1,São Carlos,SP,Centro Universitário,EAD - Superior / Presencial - Superior /,Privada,Privada com fins lucrativos,1972-08-30,4,2023.0,4,2019.0,3,2023.0,,,,Ativa,,10-s2.0-109697070,109697070,Centro Universitário Central Paulista,,,"['Centro Universitário Central Paulista', 'Centro Universitario Central Paulista']",1,0,0,2
471,ASSOCIACAO DE ESCOLAS REUNIDAS LTDA.,51.793.826/0001-96,Privada com fins lucrativos,707,CENTRO UNIVERSITÁRIO CENTRAL PAULISTA (UNICEP),UNICEP,(16) 3362 2111,www.unicep.edu.br,marcello@unicep.com.br;eduardo@unicep.com.br;marcelolourenco@unicep.edu.br,Rua Miguel Petroni - 5111 - CEP: 13563-470 - Loteamento Habitacional São Carlos 1,São Carlos,SP,Centro Universitário,EAD - Superior / Presencial - Superior /,Privada,Privada com fins lucrativos,1972-08-30,4,2023.0,4,2019.0,3,2023.0,,,,Ativa,,10-s2.0-128149590,128149590,Centro Universitário Central Paulista,,,[],1,0,0,0
471,ASSOCIACAO DE ESCOLAS REUNIDAS LTDA.,51.793.826/0001-96,Privada com fins lucrativos,707,CENTRO UNIVERSITÁRIO CENTRAL PAULISTA (UNICEP),UNICEP,(16) 3362 2111,www.unicep.edu.br,marcello@unicep.com.br;eduardo@unicep.com.br;marcelolourenco@unicep.edu.br,Rua Miguel Petroni - 5111 - CEP: 13563-470 - Loteamento Habitacional São Carlos 1,São Carlos,SP,Centro Universitário,EAD - Superior / Presencial - Superior /,Privada,Privada com fins lucrativos,1972-08-30,4,2023.0,4,2019.0,3,2023.0,,,,Ativa,,10-s2.0-113962991,113962991,Centro Universitário Central Paulista (UNICEP),,,"['Centro Universitário Central Paulista (unicep)', 'Centro Universitário Central Paulista', 'Centro Universitário Central Paulista - Unicep', 'Centro Universitário Central Paulista-unicep', 'Centro Universitírio Central Paulista (unicep São Carlos)', 'Centro Universitário Central Paulista -unicep', 'Centro Universitário Central Paulista (unicep São Carlos)', 'Centro Universitario Central Paulista-unicep', 'Centro Universitario Central Paulista - Unicep', 'Centra Universitário Central Paulista Unicep']",1,0,0,3
51,FUNDACAO EDUCACIONAL DE BARRETOS,44.776.805/0001-05,Privada sem fins lucrativos,3641,CENTRO UNIVERSITÁRIO DA FUNDAÇÃO EDUCACIONAL DE BARRETOS (UNIFEB),UNIFEB,(17) 3321 6411,www.unifeb.edu.br,reitoria@feb.br,Avenida Professor Roberto Frade Monte - 389 - CEP: 14783-226 - Aeroporto,Barretos,SP,Centro Universitário,Presencial - Superior,Privada,Privada sem fins lucrativos,1966-06-17,4,2023.0,-,,3,2023.0,,,,Ativa,,10-s2.0-112757430,112757430,Fundação Educacional de Barretos UNIFEB,,,"['Centro Universitário Da Fundação Educacional De Barretos (unifeb)', 'Fundação Educacional De Barretos – Unifeb', 'Fundação Educacional De Barretos Unifeb', 'Centro Universitário Da Fundação Educacional De Barretos - Unifeb']",0,0,0,1
51,FUNDACAO EDUCACIONAL DE BARRETOS,44.776.805/0001-05,Privada sem fins lucrativos,3641,CENTRO UNIVERSITÁRIO DA FUNDAÇÃO EDUCACIONAL DE BARRETOS (UNIFEB),UNIFEB,(17) 3321 6411,www.unifeb.edu.br,reitoria@feb.br,Avenida Professor Roberto Frade Monte - 389 - CEP: 14783-226 - Aeroporto,Barretos,SP,Centro Universitário,Presencial - Superior,Privada,Privada sem fins lucrativos,1966-06-17,4,2023.0,-,,3,2023.0,,,,Ativa,,10-s2.0-114803157,114803157,Centro Universitário da Fundação Educacional de Barretos,,,"['Centro Universitário Da Fundação Educacional De Barretos', 'Centro Universitário Da Fundação Educacional De Barretos (unifeb)']",1,0,0,2
51,FUNDACAO EDUCACIONAL DE BARRETOS,44.776.805/0001-05,Privada sem fins lucrativos,3641,CENTRO UNIVERSITÁRIO DA FUNDAÇÃO EDUCACIONAL DE BARRETOS (UNIFEB),UNIFEB,(17) 3321 6411,www.unifeb.edu.br,reitoria@feb.br,Avenida Professor Roberto Frade Monte - 389 - CEP: 14783-226 - Aeroporto,Barretos,SP,Centro Universitário,Presencial - Superior,Privada,Privada sem fins lucrativos,1966-06-17,4,2023.0,-,,3,2023.0,,,,Ativa,,10-s2.0-60290123,60290123,Centro Universitário da Fundação Educacional de Barretos,unifeb.edu.br,https://www.unifeb.edu.br/,"['Centro Universitário da Fundação Educacional de Barretos', 'University Center of the Barretos Educational Foundation']",1,1,1,1
51,FUNDACAO EDUCACIONAL DE BARRETOS,44.776.805/0001-05,Privada sem fins lucrativos,3641,CENTRO UNIVERSITÁRIO DA FUNDAÇÃO EDUCACIONAL DE BARRETOS (UNIFEB),UNIFEB,(17) 3321 6411,www.unifeb.edu.br,reitoria@feb.br,Avenida Professor Roberto Frade Monte - 389 - CEP: 14783-226 - Aeroporto,Barretos,SP,Centro Universitário,Presencial - Superior,Privada,Privada sem fins lucrativos,1966-06-17,4,2023.0,-,,3,2023.0,,,,Ativa,,10-s2.0-112714182,112714182,Centro Universitário da Fundação Educacional de Barretos (UNIFEB),,,[],1,0,0,0
51,FUNDACAO EDUCACIONAL DE BARRETOS,44.776.805/0001-05,Privada sem fins lucrativos,3641,CENTRO UNIVERSITÁRIO DA FUNDAÇÃO EDUCACIONAL DE BARRETOS (UNIFEB),UNIFEB,(17) 3321 6411,www.unifeb.edu.br,reitoria@feb.br,Avenida Professor Roberto Frade Monte - 389 - CEP: 14783-226 - Aeroporto,Barretos,SP,Centro Universitário,Presencial - Superior,Privada,Privada sem fins lucrativos,1966-06-17,4,2023.0,-,,3,2023.0,,,,Ativa,,10-s2.0-109435174,109435174,Centro Universitário da Fundação Educacional de Barretos,,,"['Centro Universitário Da Fundação Educacional De Barretos', 'Centro Universitário Da Fundação Educacional De Barretos (unifeb)', 'Centro Universitário Da Fundação Educacional De Barretos - Unifeb', 'Centro Universitário Da Fundacąõ Educacional De Barretos', 'Unifeb-centro Universitário Da Fundação Educacional De Barretos', 'Unifeb - Centro Universitário Da Fundação Educacional De Barretos', 'Physical Education Course Of The Centro Universitário Da Fundação Educacional De Barretos', 'Leea Do Centro Universitário Da Fundação Educacional De Barretos', 'Fundação Educacional De Barretos (feb)', 'Feb-fundação Educacional De Barretos']",1,0,0,3
51,FUNDACAO EDUCACIONAL DE BARRETOS,44.776.805/0001-05,Privada sem fins lucrativos,3641,CENTRO UNIVERSITÁRIO DA FUNDAÇÃO EDUCACIONAL DE BARRETOS (UNIFEB),UNIFEB,(17) 3321 6411,www.unifeb.edu.br,reitoria@feb.br,Avenida Professor Roberto Frade Monte - 389 - CEP: 14783-226 - Aeroporto,Barretos,SP,Centro Universitário,Presencial - Superior,Privada,Privada sem fins lucrativos,1966-06-17,4,2023.0,-,,3,2023.0,,,,Ativa,,10-s2.0-109682038,109682038,Centro Universitário da Fundação Educacional de Barretos (UNIFEB),,,"['Centro Universitário Da Fundação Educacional De Barretos (unifeb)', 'Centro Universitário Da Fundação Educacional De Barretos - Unifeb', 'Centro Universitário Da Fundação Educacional De Barretos- Unifeb']",1,0,0,1
51,FUNDACAO EDUCACIONAL DE BARRETOS,44.776.805/0001-05,Privada sem fins lucrativos,3641,CENTRO UNIVERSITÁRIO DA FUNDAÇÃO EDUCACIONAL DE BARRETOS (UNIFEB),UNIFEB,(17) 3321 6411,www.unifeb.edu.br,reitoria@feb.br,Avenida Professor Roberto Frade Monte - 389 - CEP: 14783-226 - Aeroporto,Barretos,SP,Centro Universitário,Presencial - Superior,Privada,Privada sem fins lucrativos,1966-06-17,4,2023.0,-,,3,2023.0,,,,Ativa,,10-s2.0-113621864,113621864,Centro Universitário da Fundação Educacional de Barretos - UNIFEB,,,"['Centro Universitário Da Fundação Educacional De Barretos - Unifeb', 'Centro Universitário Da Fundação Educacional De Barretos', 'Fundação Educacional De Barretos', 'Centro Universitário Da Fundaçâo Educacional De Barretos']",0,0,0,2
166,FUNDACAO EDUCACIONAL INACIANA PADRE SABOIA DE MEDEIROS,61.023.156/0001-82,Privada sem fins lucrativos,1878,CENTRO UNIVERSITÁRIO DA FUNDAÇÃO EDUCACIONAL INACIANA PE SABÓIA DE MEDEIROS (FEI),FEI,(11) 4353 2903,www.fei.edu.br,fei@fei.org.br,Avenida Humberto Alencar Castelo Branco - 3972 - CEP: 09850-901 - Assunção,São Bernardo do Campo,SP,Centro Universitário,Presencial - Superior,Privada,Privada sem fins lucrativos,1946-04-15,4,2020.0,-,,4,2023.0,,,,Ativa,,10-s2.0-60042211,60042211,Centro Universitario da FEI,fei.edu.br,https://portal.fei.edu.br/,['Centro Universitario da FEI'],0,0,1,0
403,FUNDACAO HERMINIO OMETTO,44.701.688/0001-02,Privada sem fins lucrativos,1043,CENTRO UNIVERSITÁRIO DA FUNDAÇÃO HERMINIO OMETTO (FHO),FHO,(19) 3543 1400,www.fho.edu.br,susiane@fho.edu.br,Avenida Doutor Maximiliano Baruto - 500 - CEP: 13607-339 - Jardim Universitário,Araras,SP,Centro Universitário,EAD - Superior / Presencial - Superior /,Privada,Privada sem fins lucrativos,1973-07-05,5,2024.0,4,2013.0,3,2023.0,,,,Ativa,,10-s2.0-60289931,60289931,Fundação Hermínio Ometto,fho.edu.br,https://www.fho.edu.br/,[],0,1,1,0
862,SOCIEDADE EDUCACIONAL DAS AMERICAS S.A.,03.523.852/0001-51,Privada com fins lucrativos,1294,Centro Universitário das Américas (CAM),CAM,(11) 3469-7600 - Ramal 7694,http://www.vemprafam.com.br,regulacaomec@vemprafam.com.br,Rua Augusta - 1520 - CEP: 01305-100 - Consolação,São Paulo,SP,Centro Universitário,EAD - Superior / Presencial - Superior /,Privada,Privada com fins lucrativos,1999-04-14,5,2016.0,4,2022.0,3,2023.0,,,,Ativa,,10-s2.0-101136767,101136767,Centro Universitário das Américas,,,"['Centro Universitário Das Américas', 'Centro Universitário Das Américas – Fam', 'Centro Universitario Das Americas (cam)', 'Centra Universitario Da Fei', 'Fam—centro Universitário Das Américas', 'Centro Universitário-faculdade Das Américas', 'Centro Universitário Das Américas-fam', 'Centro Universitário Das Américas Fam', 'Centro Universitário Das Américas (fam)', 'Centro Universitário Da Faculdade Das Americas']",1,0,0,3
188,FUNDACAO EDUCACIONAL MIGUEL MOFARREJ,44.537.199/0001-67,Privada sem fins lucrativos,265,CENTRO UNIVERSITÁRIO DAS FACULDADES INTEGRADAS DE OURINHOS (Unifio),Unifio,(14) 3302 6490,www.unifio.edu.br,luciane@unifio.edu.br,"Rodovia BR-153, Km 338 + 420 m - s/n - CEP: 19909-100 - Água do Cateto",Ourinhos,SP,Centro Universitário,EAD - Superior / Presencial - Superior /,Privada,Privada sem fins lucrativos,1970-05-19,5,2024.0,4,2018.0,4,2023.0,,,,Ativa,,10-s2.0-108248361,108248361,Faculdades Integradas de Ourinhos,,,"['Faculdades Integradas De Ourinhos', 'Centro Universitário Das Faculdades Integradas De Ourinhos', 'Faculdades Integradas De Jaú', 'Centro Universitário Das Faculdades Integradas De Ourinhos (unifio)']",0,0,0,2
188,FUNDACAO EDUCACIONAL MIGUEL MOFARREJ,44.537.199/0001-67,Privada sem fins lucrativos,265,CENTRO UNIVERSITÁRIO DAS FACULDADES INTEGRADAS DE OURINHOS (Unifio),Unifio,(14) 3302 6490,www.unifio.edu.br,luciane@unifio.edu.br,"Rodovia BR-153, Km 338 + 420 m - s/n - CEP: 19909-100 - Água do Cateto",Ourinhos,SP,Centro Universitário,EAD - Superior / Presencial - Superior /,Privada,Privada sem fins lucrativos,1970-05-19,5,2024.0,4,2018.0,4,2023.0,,,,Ativa,,10-s2.0-60289690,60289690,Centro Universitário das Faculdades Integradas de Ourinhos,unifio.edu.br,https://www.unifio.edu.br/home/,"['Centro Universitário das Faculdades Integradas de Ourinhos', 'University Center of Integrated Colleges of Ourinhos', 'Centro Universitário de Ourinhos']",1,0,1,1
262,FACULDADES METROPOLITANAS UNIDAS EDUCACIONAIS LTDA.,63.063.689/0001-13,Privada com fins lucrativos,374,CENTRO UNIVERSITÁRIO DAS FACULDADES METROPOLITANAS UNIDAS (FMU),FMU,(11) 3292-1709,www.fmu.br,regulacao@fmu.br,Rua Afonso Braz - 889 - CEP: 04511-011 - Vila Indianópolis,São Paulo,SP,Centro Universitário,EAD - Superior / Presencial - Superior /,Privada,Privada sem fins lucrativos,1968-07-11,5,2019.0,5,2023.0,3,2023.0,,,Em Supervisão - Procedimento Saneador sem Medida Cautelar,Ativa,,10-s2.0-60290121,60290121,Centro Universitário das Faculdades Metropolitanas Unidas,portal.fmu.br,https://portal.fmu.br/,[],1,0,0,0
15990,FACULDADES ADAMANTINENSES INTEGRADAS,03.061.303/0001-02,Pessoa Jurídica de Direito Público - Municipal,1292,Centro Universitário de Adamantina (FAI),FAI,1835027010,www.fai.com.br,fai@fai.com.br,Rua Nove de Julho - 730/40 - CEP: 17800-000 - CENTRO,Adamantina,SP,Centro Universitário,EAD - Superior / Presencial - Superior /,Publica,Especial,1999-03-19,-,,-,,3,2023.0,,,,Ativa,,10-s2.0-118921390,118921390,Centro Universitário de Adamantina (UniFAI),,,"['Centro Universitário De Adamantina (unifai)', 'University Center Of Adamantina (unifai)']",1,0,0,1
15990,FACULDADES ADAMANTINENSES INTEGRADAS,03.061.303/0001-02,Pessoa Jurídica de Direito Público - Municipal,1292,Centro Universitário de Adamantina (FAI),FAI,1835027010,www.fai.com.br,fai@fai.com.br,Rua Nove de Julho - 730/40 - CEP: 17800-000 - CENTRO,Adamantina,SP,Centro Universitário,EAD - Superior / Presencial - Superior /,Publica,Especial,1999-03-19,-,,-,,3,2023.0,,,,Ativa,,10-s2.0-60290402,60290402,Centro Universitário de Adamantina,fai.com.br,http://www.fai.com.br/novo-portal/,"['Centro Universitário de Adamantina', 'Adamantina University Center']",1,0,1,1
15990,FACULDADES ADAMANTINENSES INTEGRADAS,03.061.303/0001-02,Pessoa Jurídica de Direito Público - Municipal,1292,Centro Universitário de Adamantina (FAI),FAI,1835027010,www.fai.com.br,fai@fai.com.br,Rua Nove de Julho - 730/40 - CEP: 17800-000 - CENTRO,Adamantina,SP,Centro Universitário,EAD - Superior / Presencial - Superior /,Publica,Especial,1999-03-19,-,,-,,3,2023.0,,,,Ativa,,10-s2.0-120266415,120266415,University Center of Adamantina (UniFAI),,,"['University Center Of Adamantina (unifai)', 'University Center Of Adamantina', 'University Centre Of Adamantina', 'Centro Universitário De Adamantina (unifai)']",0,0,0,1
982,INSTITUTO EDUCACIONAL JAGUARY LTDA,03.211.847/0001-03,Privada com fins lucrativos,1490,CENTRO UNIVERSITÁRIO DE JAGUARIÚNA (UniFAJ),UniFAJ,(19) 38378500,www.faj.br,academico.anaclaudia@unieduk.com.br,Rua Amazonas - 504 - CEP: 13820-000 - Jardim Dom Bosco,Jaguariúna,SP,Centro Universitário,EAD - Superior / Presencial - Superior /,Privada,Privada com fins lucrativos,2000-05-05,5,2023.0,5,2022.0,3,2023.0,,,,Ativa,,10-s2.0-60194944,60194944,Centro Universitario de Jaguariuna,faj.br,https://www.faj.br/,"['Centro Universitario de Jaguariuna', 'Jaguariuna University Center']",1,1,1,1
232,FUNDACAO PAULISTA DE TECNOLOGIA E EDUCACAO,51.665.727/0001-29,Privada sem fins lucrativos,1846,CENTRO UNIVERSITÁRIO DE LINS (UNILINS),UNILINS,(14) 3533 3200,www.unilins.edu.br,secretaria@unilins.edu.br,Avenida Nicolau Zarvos - 1925 - CEP: 16401-371 - Jardim Aeroporto,Lins,SP,Centro Universitário,EAD - Superior / Presencial - Superior /,Privada,Privada sem fins lucrativos,2001-05-07,4,2023.0,4,2022.0,3,2023.0,,,,Ativa,,10-s2.0-60289472,60289472,Centro Universitário de Lins,edu.br,https://www.unilins.edu.br/,[],1,1,0,0
2013,SOCIEDADE DE EDUCACAO E CULTURA DE SAO JOSE DO RIO PRETO LTDA.,04.897.478/0001-17,Privada com fins lucrativos,146,CENTRO UNIVERSITÁRIO DE RIO PRETO (UNIRP),UNIRP,(17) 3211 3000,www.unirp.edu.br;www.unirp.com.br,reitoria@unirp.edu.br;secac@unirp.edu.br,Rua Yvette Gabriel Atique - 45 - CEP: 15025-400 - Boa Vista,São José do Rio Preto,SP,Centro Universitário,EAD - Superior / Presencial - Superior /,Privada,Privada com fins lucrativos,1965-10-07,5,2023.0,5,2019.0,3,2023.0,,,Adesão ao PROIES,Ativa,,10-s2.0-60290151,60290151,Centro Universitário de Rio Preto,unirp.edu.br,https://www.unirp.edu.br/,"['Centro Universitário de Rio Preto', 'Rio Preto University Center']",1,0,0,1
160,FUNDACAO EDUCACIONAL DE VOTUPORANGA,45.164.654/0001-99,Privada sem fins lucrativos,222,CENTRO UNIVERSITÁRIO DE VOTUPORANGA (UNIFEV),UNIFEV,(17) 3405 9999,www.unifev.edu.br,izasilva@fev.edu.br,Rua Pernambuco - 4196 - CEP: 15500-006 - Patrimônio Novo,Votuporanga,SP,Centro Universitário,EAD - Superior / Presencial - Superior /,Privada,Privada sem fins lucrativos,1968-07-13,5,2018.0,5,2019.0,3,2023.0,,,,Ativa,,10-s2.0-105731814,105731814,Centro Universitário de Votuporanga (UNIFEV),,,"['Centro Universitário De Votuporanga (unifev)', 'Centro Universitário De Votuporanga/unifev', 'Centro Universitário De Votuporanga - Unifev', 'Unifev De Votuporanga', 'Unifev - Centro Universitário De Votuporanga', 'Centro Universitário De Votuporanga-unifev.', 'Centro Universitário De Votuporanga-unifev', 'Centro Universitario De Votuporanga (unifev)']",1,0,0,2
160,FUNDACAO EDUCACIONAL DE VOTUPORANGA,45.164.654/0001-99,Privada sem fins lucrativos,222,CENTRO UNIVERSITÁRIO DE VOTUPORANGA (UNIFEV),UNIFEV,(17) 3405 9999,www.unifev.edu.br,izasilva@fev.edu.br,Rua Pernambuco - 4196 - CEP: 15500-006 - Patrimônio Novo,Votuporanga,SP,Centro Universitário,EAD - Superior / Presencial - Superior /,Privada,Privada sem fins lucrativos,1968-07-13,5,2018.0,5,2019.0,3,2023.0,,,,Ativa,,10-s2.0-127176291,127176291,Centro Universitário De Votuporanga - UNIFEV,,,"['Centro Universitário De Votuporanga - Unifev', 'Centro Universitário De Votuporanga']",0,0,0,1
160,FUNDACAO EDUCACIONAL DE VOTUPORANGA,45.164.654/0001-99,Privada sem fins lucrativos,222,CENTRO UNIVERSITÁRIO DE VOTUPORANGA (UNIFEV),UNIFEV,(17) 3405 9999,www.unifev.edu.br,izasilva@fev.edu.br,Rua Pernambuco - 4196 - CEP: 15500-006 - Patrimônio Novo,Votuporanga,SP,Centro Universitário,EAD - Superior / Presencial - Superior /,Privada,Privada sem fins lucrativos,1968-07-13,5,2018.0,5,2019.0,3,2023.0,,,,Ativa,,10-s2.0-121595125,121595125,Centro Universitário de Votuporanga (UNIFEV),,,['Centro Universitário De Votuporanga (unifev)'],1,0,0,1
160,FUNDACAO EDUCACIONAL DE VOTUPORANGA,45.164.654/0001-99,Privada sem fins lucrativos,222,CENTRO UNIVERSITÁRIO DE VOTUPORANGA (UNIFEV),UNIFEV,(17) 3405 9999,www.unifev.edu.br,izasilva@fev.edu.br,Rua Pernambuco - 4196 - CEP: 15500-006 - Patrimônio Novo,Votuporanga,SP,Centro Universitário,EAD - Superior / Presencial - Superior /,Privada,Privada sem fins lucrativos,1968-07-13,5,2018.0,5,2019.0,3,2023.0,,,,Ativa,,10-s2.0-127171377,127171377,Centro Universitário de Votuporanga,,,['Centro Universitário De Votuporanga'],1,0,0,1
168,INSTITUTO MAUA DE TECNOLOGIA IMT,60.749.736/0001-99,Pessoa Jurídica de Direito Privado - Sem fins lucrativos - Associação de Utilidade Pública,1445,CENTRO UNIVERSITÁRIO DO INSTITUTO MAUÁ DE TECNOLOGIA (CEUN-IMT),CEUN-IMT,(11) 4239 3000,www.maua.br,ceun@maua.br,Praça Mauá - 1 - CEP: 09580-900 - Mauá,São Caetano do Sul,SP,Centro Universitário,EAD - Superior / Presencial - Superior /,Privada,Privada sem fins lucrativos,1962-06-26,4,2018.0,4,2022.0,4,2023.0,,,,Ativa,,10-s2.0-60107025,60107025,Escola de Engenharia Mauá,maua.br,https://maua.br/a-maua/campus-sao-caetano-sul,"['Mauá College of Engineering', 'Escola de Engenharia Mauá', 'Centro Acadêmico Escola de Engenharia Mauá']",0,0,1,0
168,INSTITUTO MAUA DE TECNOLOGIA IMT,60.749.736/0001-99,Pessoa Jurídica de Direito Privado - Sem fins lucrativos - Associação de Utilidade Pública,1445,CENTRO UNIVERSITÁRIO DO INSTITUTO MAUÁ DE TECNOLOGIA (CEUN-IMT),CEUN-IMT,(11) 4239 3000,www.maua.br,ceun@maua.br,Praça Mauá - 1 - CEP: 09580-900 - Mauá,São Caetano do Sul,SP,Centro Universitário,EAD - Superior / Presencial - Superior /,Privada,Privada sem fins lucrativos,1962-06-26,4,2018.0,4,2022.0,4,2023.0,,,,Ativa,,10-s2.0-60059951,60059951,Instituto Maua de Tecnologia,maua.br,http://www.maua.br/,"['Instituto Maua de Tecnologia', 'Maua Institute of Technology']",0,1,1,0
17941,CIERP - CENTRO INTEGRADO DE ENSINO SUPERIOR DE RIO PRETO,37.165.058/0001-03,Pessoa Jurídica de Direito Privado - Sem fins lucrativos - Associação de Utilidade Pública,1129,CENTRO UNIVERSITÁRIO DO NORTE DE SÃO PAULO (UNORTE),UNORTE,(17) 3203-2500,www.unorte.edu.br,unorte@unorte.edu.br; nai@unorte.edu.br,Rua Ipiranga - 3460 - CEP: 15020-040 - Jardim Alto Rio Preto,São José do Rio Preto,SP,Centro Universitário,EAD - Superior / Presencial - Superior /,Privada,Privada sem fins lucrativos,1972-02-21,4,2023.0,4,2019.0,3,2023.0,,,,Ativa,,10-s2.0-60306610,60306610,Centro Universitário do Norte de São Paulo,,,"['University Center of the North of São Paulo', 'Centro Universitário do Norte de São Paulo']",1,0,0,1
715,"UNISEPE UNIAO DAS INSTITUICOES DE SERVICO, ENSINO E PESQUISA LTDA",67.172.676/0001-33,Privada com fins lucrativos,1554,CENTRO UNIVERSITÁRIO DO VALE DO RIBEIRA (UNIVR),UNIVR,(13)38282840,www.fvr.edu.br,cpex@scelisul.com.br,Rua Oscar Yoshiaki Magário - 185 - CEP: 11900-000 - Jardim das Palmeiras,Registro,SP,Centro Universitário,EAD - Superior / Presencial - Superior /,Privada,Privada com fins lucrativos,2000-08-24,5,2018.0,4,2022.0,3,2023.0,,,,Ativa,,10-s2.0-125105567,125105567,Centro Universitário do Vale do Ribeira,,,"['Centro Universitário Do Vale Do Ribeira', 'Course Of Physical Therapy Of Centro Universitário Do Vale Do Ribeira']",1,0,0,1
699,ASSOCIACAO LIMEIRENSE DE EDUCACAO E CULTURA,56.985.377/0001-00,Pessoa Jurídica de Direito Privado - Sem fins lucrativos - Associação de Utilidade Pública,1444,Centro Universitário Einstein de Limeira (UniEinstein),UniEinstein,(19) 34049594,www.einsteinlimeira.com.br,jesus@einstein-net.com.br,Rua Raul Machado - 134 - CEP: 13485-024 - Vila Queiroz,Limeira,SP,Centro Universitário,EAD - Superior / Presencial - Superior /,Privada,Privada sem fins lucrativos,1994-12-29,4,2023.0,4,2022.0,3,2023.0,,,,Ativa,,10-s2.0-60291243,60291243,Centro Universitário UniEinstein,einsteinlimeira.com.br,https://www.einsteinlimeira.com.br/portal/public/,"['UniEinstein', 'Centro Universitário UniEinstein', 'UniEinstein University Center']",0,0,1,0
848,SOCIEDADE DE ENSINO SUPERIOR ESTACIO RIBEIRAO PRETO LTDA,07.195.358/0001-66,Privada com fins lucrativos,1270,CENTRO UNIVERSITÁRIO ESTÁCIO DE RIBEIRÃO PRETO (ESTÁCIO RIBEIRÃO PRE),ESTÁCIO RIBEIRÃO PRE,,http://www.estacio.br,cguniseb@gmail.com;regulatorio.nacional@estacio.br,"Rua Abrahão Issa Halack, 980, Ribeirânia. - 980 - CEP: 14096-160 - Ribeirânia",Ribeirão Preto,SP,Centro Universitário,EAD - Superior / Presencial - Superior /,Privada,Privada com fins lucrativos,1998-12-24,5,2023.0,4,2019.0,3,2023.0,,,,Ativa,,10-s2.0-106755593,106755593,Centro Universitário Estácio de Ribeirão Preto,,,[],1,0,0,0
848,SOCIEDADE DE ENSINO SUPERIOR ESTACIO RIBEIRAO PRETO LTDA,07.195.358/0001-66,Privada com fins lucrativos,1270,CENTRO UNIVERSITÁRIO ESTÁCIO DE RIBEIRÃO PRETO (ESTÁCIO RIBEIRÃO PRE),ESTÁCIO RIBEIRÃO PRE,,http://www.estacio.br,cguniseb@gmail.com;regulatorio.nacional@estacio.br,"Rua Abrahão Issa Halack, 980, Ribeirânia. - 980 - CEP: 14096-160 - Ribeirânia",Ribeirão Preto,SP,Centro Universitário,EAD - Superior / Presencial - Superior /,Privada,Privada com fins lucrativos,1998-12-24,5,2023.0,4,2019.0,3,2023.0,,,,Ativa,,10-s2.0-60022378,60022378,Universidade Estacio de Sa,estacio.br,http://www.estacio.br,"['Estacio de Sa University', 'Universidade Estacio de Sa']",0,1,1,0
848,SOCIEDADE DE ENSINO SUPERIOR ESTACIO RIBEIRAO PRETO LTDA,07.195.358/0001-66,Privada com fins lucrativos,1270,CENTRO UNIVERSITÁRIO ESTÁCIO DE RIBEIRÃO PRETO (ESTÁCIO RIBEIRÃO PRE),ESTÁCIO RIBEIRÃO PRE,,http://www.estacio.br,cguniseb@gmail.com;regulatorio.nacional@estacio.br,"Rua Abrahão Issa Halack, 980, Ribeirânia. - 980 - CEP: 14096-160 - Ribeirânia",Ribeirão Preto,SP,Centro Universitário,EAD - Superior / Presencial - Superior /,Privada,Privada com fins lucrativos,1998-12-24,5,2023.0,4,2019.0,3,2023.0,,,,Ativa,,10-s2.0-60003597,60003597,Universidade Estacio de Sa Faculdade de Medicina,estacio.br,http://www.estacio.br,"['Estacio de Sa University Faculty of Medicine', 'Universidade Estacio de Sa Faculdade de Medicina']",0,1,1,0
545,"IREP SOCIEDADE DE ENSINO SUPERIOR, MEDIO E FUNDAMENTAL LTDA.",02.608.755/0001-07,Privada com fins lucrativos,3779,CENTRO UNIVERSITÁRIO ESTÁCIO DE SANTO ANDRÉ (ESTÁCIO SANTO ANDRÉ),ESTÁCIO SANTO ANDRÉ,,www.estacio.br,cgfrstandre@gmail.com;regulatorio.nacional@estacio.br,Rua Delfim Moreira - 40 - CEP: 09015-070 - Centro,Santo André,SP,Centro Universitário,Presencial - Superior,Privada,Privada com fins lucrativos,2004-01-14,3,2018.0,-,,3,2023.0,,,,Ativa,,10-s2.0-60022378,60022378,Universidade Estacio de Sa,estacio.br,http://www.estacio.br,"['Estacio de Sa University', 'Universidade Estacio de Sa']",0,1,1,0
545,"IREP SOCIEDADE DE ENSINO SUPERIOR, MEDIO E FUNDAMENTAL LTDA.",02.608.755/0001-07,Privada com fins lucrativos,3779,CENTRO UNIVERSITÁRIO ESTÁCIO DE SANTO ANDRÉ (ESTÁCIO SANTO ANDRÉ),ESTÁCIO SANTO ANDRÉ,,www.estacio.br,cgfrstandre@gmail.com;regulatorio.nacional@estacio.br,Rua Delfim Moreira - 40 - CEP: 09015-070 - Centro,Santo André,SP,Centro Universitário,Presencial - Superior,Privada,Privada com fins lucrativos,2004-01-14,3,2018.0,-,,3,2023.0,,,,Ativa,,10-s2.0-60003597,60003597,Universidade Estacio de Sa Faculdade de Medicina,estacio.br,http://www.estacio.br,"['Estacio de Sa University Faculty of Medicine', 'Universidade Estacio de Sa Faculdade de Medicina']",0,1,1,0
545,"IREP SOCIEDADE DE ENSINO SUPERIOR, MEDIO E FUNDAMENTAL LTDA.",02.608.755/0001-07,Privada com fins lucrativos,793,Centro Universitário Estácio de São Paulo (ESTÁCIO SÃO PAULO),ESTÁCIO SÃO PAULO,,,coordgeral2009@gmail.com;regulatorio.nacional@estacio.br;,Avenida Engenheiro Armando de Arruda Pereira - 673 - CEP: 04309-010 - Jabaquara,São Paulo,SP,Centro Universitário,Presencial - Superior,Privada,Privada com fins lucrativos,1989-04-12,5,2023.0,-,,3,2023.0,,,,Ativa,,10-s2.0-113202227,113202227,Centro Universitário Estácio Radial de São Paulo,,,"['Centro Universitário Estácio Radial De São Paulo', 'Centro Universitário Estácio De São Paulo', 'Faculdade Estácio Cotia E Centro Universitário Estácio Radial De São Paulo', 'Centro Universitário Estácio Radial São Paulo', 'Centro Universitário Estacio Radial De São Paulo', 'Centra Universitário Estacio Radial De São Paulo', 'Centra Universitario Estacio Radial De São Paulo']",0,0,0,1
18505,EXC EDUCACIONAL LTDA,48.545.428/0001-46,Privada com fins lucrativos,5669,CENTRO UNIVERSITÁRIO ETEP,-,1145019700,www.etep.edu.br,neusa.hirose@etep.edu.br; diretoria@exc.tec.br,Avenida Barão do Rio Branco - 882 - CEP: 12242-800 - Jardim Esplanada,São José dos Campos,SP,Centro Universitário,EAD - Superior / Presencial - Superior /,Privada,Privada com fins lucrativos,2009-05-14,4,2024.0,4,2023.0,SC,2023.0,,,Sub Judice,Ativa,,10-s2.0-108149080,108149080,ETEP Faculdades,,,"['Etep Faculdades', 'Centro Universitário Etep', 'University Center Etep', 'Etep Faculty', 'Cetec-etep Faculdades']",0,0,0,1
298,FUNDACAO DE ENSINO EURIPIDES SOARES DA ROCHA,52.059.573/0001-94,Privada sem fins lucrativos,3529,CENTRO UNIVERSITÁRIO EURÍPEDES DE MARÍLIA (UNIVEM),UNIVEM,(14)21050833,http://www.univem.edu.br,fundacao@univem.edu.br,Avenida Higyno Muzzy Filho - 529 - CEP: 17525-901 - Campus Universitário,Marília,SP,Centro Universitário,EAD - Superior / Presencial - Superior /,Privada,Privada sem fins lucrativos,1970-02-02,5,2023.0,5,2019.0,3,2023.0,,,,Ativa,,10-s2.0-112966862,112966862,Centro Universitário Eurípides de Marília,,,"['Centro Universitário Eurípides De Marília', 'Centro Universitário Eurípides De Marília (univem)', 'Centro Universitário Eurípides De Marilia', 'Centro Universitário Eurípedes De Marília', 'Centro Universitário De Marília', 'Centro Universitario Euripedes De Marilia']",0,0,0,2
298,FUNDACAO DE ENSINO EURIPIDES SOARES DA ROCHA,52.059.573/0001-94,Privada sem fins lucrativos,3529,CENTRO UNIVERSITÁRIO EURÍPEDES DE MARÍLIA (UNIVEM),UNIVEM,(14)21050833,http://www.univem.edu.br,fundacao@univem.edu.br,Avenida Higyno Muzzy Filho - 529 - CEP: 17525-901 - Campus Universitário,Marília,SP,Centro Universitário,EAD - Superior / Presencial - Superior /,Privada,Privada sem fins lucrativos,1970-02-02,5,2023.0,5,2019.0,3,2023.0,,,,Ativa,,10-s2.0-60289771,60289771,Centro Universitário Eurípides de Marília,univem.edu.br,https://www.univem.edu.br/home,"['Centro Universitário Eurípides de Marília', 'Euripides University Center of Marilia']",0,0,1,0
950,PROMOCAO DO ENSINO DE QUALIDADE S/A,03.377.471/0001-01,Privada com fins lucrativos,1438,Centro Universitário Facamp (FACAMP),FACAMP,(19) 3754 8500,www.facamp.com.br,andrea.aureliano@facamp.com.br,Avenida Alan Turing - 805 - CEP: 13083-898 - Cidade Universitária,Campinas,SP,Centro Universitário,EAD - Superior / Presencial - Superior /,Privada,Privada com fins lucrativos,1999-12-29,4,2022.0,4,2022.0,4,2023.0,,,Unificação de Mantidas,Ativa,,10-s2.0-60289958,60289958,Faculdades Campinas,facamp.com.br,https://www.facamp.com.br/,[],0,1,1,0
176,FUNDACAO INSTITUTO DE ENSINO PARA OSASCO,73.063.166/0001-20,Privada sem fins lucrativos,244,CENTRO UNIVERSITÁRIO FIEO (UNIFIEO),UNIFIEO,(11) 4550-3638,www.unifieo.br,reitoria@unifieo.br;planejamento@unifieo.br,AV FRANZ VOEGELI - 300 - CEP: 06020-190 - VILA YARA,Osasco,SP,Centro Universitário,EAD - Superior / Presencial - Superior /,Privada,Privada sem fins lucrativos,1969-04-18,4,2019.0,4,2022.0,3,2023.0,,,,Ativa,,10-s2.0-60080207,60080207,Centro Universitário FIEO,unifieo.br,https://www.unifieo.br/,"['Centro Universitário FIEO', 'FIEO University Center']",1,1,1,1
162,FUNDACAO DO ABC,57.571.275/0001-00,Fundação Pública de Direito Privado Municipal,224,Centro Universitário FMABC (FMABC),FMABC,(11) 4993 5413,www.fmabc.br,reitoria@fmabc.net - David Everson Uip (Reitor),Avenida Príncipe de Gales - 821 - CEP: 09060-650 - Príncipe de Gales,Santo André,SP,Centro Universitário,Presencial - Superior,Privada,Privada sem fins lucrativos,1969-02-07,5,2024.0,4,2022.0,4,2023.0,,,,Ativa,,10-s2.0-60018756,60018756,Centro Universitário FMABC,fmabc.br,https://fmabc.br/,"['Centro Universitário FMABC', 'FMABC University Center']",1,1,1,1
171,FUNDACAO DE ENSINO OCTAVIO BASTOS,59.764.555/0001-52,Privada sem fins lucrativos,1836,CENTRO UNIVERSITÁRIO FUNDAÇÃO DE ENSINO OCTÁVIO BASTOS - FEOB (UNIFEOB),UNIFEOB,19992596070,www.unifeob.edu.br,patricia.furlanetto@unifeob.edu.br,Av. Dr. Octávio da Silva Bastos - 2439 - CEP: 13874-159 - Jardim Nova São João,São João da Boa Vista,SP,Centro Universitário,EAD - Superior / Presencial - Superior /,Privada,Privada sem fins lucrativos,1966-08-30,4,2020.0,5,2019.0,4,2023.0,,,,Ativa,,10-s2.0-60290346,60290346,Centro Universitário da Fundação de Ensino Octavio Bastos,unifeob.edu.br,https://unifeob.edu.br/,"['Centro Universitário da Fundação de Ensino Octavio Bastos', 'Octavio Bastos Teaching Foundation University Center']",0,1,1,0
149,FUNDACAO SANTO ANDRE,57.538.696/0001-21,Fundação Pública de Direito Privado Municipal,2183,CENTRO UNIVERSITÁRIO FUNDAÇÃO SANTO ANDRÉ (CUFSA),CUFSA,(11) 4979-3403; 4979-3309,www.fsa.br,reitoria@fsa.br,Avenida Príncipe de Gales - 821 - CEP: 09060-650 - -,Santo André,SP,Centro Universitário,EAD - Superior / Presencial - Superior /,Privada,Privada sem fins lucrativos,1962-06-23,5,2021.0,5,2021.0,3,2023.0,,,,Ativa,,10-s2.0-60290057,60290057,Centro Universitário Fundação Santo André,fsa.br,https://www.fsa.br/,[],1,1,1,0
164,FUNDACAO LUSIADA,58.207.572/0001-26,Pessoa Jurídica de Direito Privado - Sem fins lucrativos - Fundação,226,CENTRO UNIVERSITÁRIO LUSÍADA (UNILUS),UNILUS,(13) 3202 4500,www.lusiada.br,unilus@lusiada.br,Armando de Salles Oliveira - 150 - CEP: 11050-071 - Boqueirão,Santos,SP,Centro Universitário,Presencial - Superior,Privada,Privada sem fins lucrativos,1965-02-01,4,2023.0,3,2015.0,3,2023.0,,,,Ativa,,10-s2.0-100476307,100476307,Centro Universitário Lusíada,,,[],1,0,0,0
164,FUNDACAO LUSIADA,58.207.572/0001-26,Pessoa Jurídica de Direito Privado - Sem fins lucrativos - Fundação,226,CENTRO UNIVERSITÁRIO LUSÍADA (UNILUS),UNILUS,(13) 3202 4500,www.lusiada.br,unilus@lusiada.br,Armando de Salles Oliveira - 150 - CEP: 11050-071 - Boqueirão,Santos,SP,Centro Universitário,Presencial - Superior,Privada,Privada sem fins lucrativos,1965-02-01,4,2023.0,3,2015.0,3,2023.0,,,,Ativa,,10-s2.0-60024273,60024273,"Fundacao Lusiada, Faculdade de Ciencias Medicas de Santos",lusiada.br,http://www.lusiada.br/default.asp?param=graduacaomedicina&menu=2,"['Fundacao Lusiada, Faculdade de Ciencias Medicas de Santos']",0,0,1,0
164,FUNDACAO LUSIADA,58.207.572/0001-26,Pessoa Jurídica de Direito Privado - Sem fins lucrativos - Fundação,226,CENTRO UNIVERSITÁRIO LUSÍADA (UNILUS),UNILUS,(13) 3202 4500,www.lusiada.br,unilus@lusiada.br,Armando de Salles Oliveira - 150 - CEP: 11050-071 - Boqueirão,Santos,SP,Centro Universitário,Presencial - Superior,Privada,Privada sem fins lucrativos,1965-02-01,4,2023.0,3,2015.0,3,2023.0,,,,Ativa,,10-s2.0-101185441,101185441,Centro Universitário Lusíada (Unilus),,,"['Centro Universitário Lusíada (unilus)', 'Centro Universitário Lusíada - Unilus', 'Centro Universitário Lusíada—unilus', 'Centro Universitário Lusíada -unilus', 'Universitário Lusíada (unilus)', 'Centro Universitário Lusíadas (unilus)', 'Centro Universitário Lusíada(unilus)', 'Centro Universitário Lusíada (unilus-fcms)', 'Centro Universitário Lusíada', 'Centro Universitario Lusíada (unilus)']",1,0,0,5
164,FUNDACAO LUSIADA,58.207.572/0001-26,Pessoa Jurídica de Direito Privado - Sem fins lucrativos - Fundação,226,CENTRO UNIVERSITÁRIO LUSÍADA (UNILUS),UNILUS,(13) 3202 4500,www.lusiada.br,unilus@lusiada.br,Armando de Salles Oliveira - 150 - CEP: 11050-071 - Boqueirão,Santos,SP,Centro Universitário,Presencial - Superior,Privada,Privada sem fins lucrativos,1965-02-01,4,2023.0,3,2015.0,3,2023.0,,,,Ativa,,10-s2.0-112649010,112649010,Centro Universitário Lusíada,,,[],1,0,0,0
164,FUNDACAO LUSIADA,58.207.572/0001-26,Pessoa Jurídica de Direito Privado - Sem fins lucrativos - Fundação,226,CENTRO UNIVERSITÁRIO LUSÍADA (UNILUS),UNILUS,(13) 3202 4500,www.lusiada.br,unilus@lusiada.br,Armando de Salles Oliveira - 150 - CEP: 11050-071 - Boqueirão,Santos,SP,Centro Universitário,Presencial - Superior,Privada,Privada sem fins lucrativos,1965-02-01,4,2023.0,3,2015.0,3,2023.0,,,,Ativa,,10-s2.0-126359507,126359507,Centro Universitário Lusíada,,,"['Centro Universitário Lusíada', 'Centro Universitário Lusíada (unilus)', 'Lusíada University Center (unilus)']",1,0,0,2
164,FUNDACAO LUSIADA,58.207.572/0001-26,Pessoa Jurídica de Direito Privado - Sem fins lucrativos - Fundação,226,CENTRO UNIVERSITÁRIO LUSÍADA (UNILUS),UNILUS,(13) 3202 4500,www.lusiada.br,unilus@lusiada.br,Armando de Salles Oliveira - 150 - CEP: 11050-071 - Boqueirão,Santos,SP,Centro Universitário,Presencial - Superior,Privada,Privada sem fins lucrativos,1965-02-01,4,2023.0,3,2015.0,3,2023.0,,,,Ativa,,10-s2.0-112294236,112294236,Centro Universitário Lusíada (Unilus) - Fundação Lusíada,,,"['Lusíada Foundation (unilus)', 'Centro Universitário Lusíada (unilus) - Fundação Lusíada', 'Centro Universitário Lusíada (unilus)']",0,0,0,1
333,SOCIEDADE GUARULHENSE DE EDUCACAO,49.073.182/0001-10,Privada sem fins lucrativos,483,CENTRO UNIVERSITÁRIO METROPOLITANO DE SÃO PAULO (UNIMESP),UNIMESP,(11) 3544 0333 r. 202,www.fig.br,proreitoriaacademica@fig.br,Rua Doutor Solon Fernandes - 155 - CEP: 07072-080 - Vila Rosália - Guarulhos,Guarulhos,SP,Centro Universitário,EAD - Superior / Presencial - Superior /,Privada,Privada sem fins lucrativos,1968-05-06,4,2024.0,5,2018.0,2,2023.0,,,,Ativa,,10-s2.0-127155540,127155540,Centro Universitário Adventista de São Paulo,,,"['Centro Universitário Adventista De São Paulo', 'Universitário Adventista De São Paulo', 'Centro Universitário Metropolitano De São Paulo', 'Centro Universitario Adventista De Sao Paulo']",0,0,0,1
521,SOCIEDADE EMPRESARIA DE ENSINO SUPERIOR DO LITORAL NORTE LTDA,50.005.735/0001-86,Privada com fins lucrativos,1187,CENTRO UNIVERSITÁRIO MÓDULO (MÓDULO),MÓDULO,(12) 3897 2040,www.modulo.edu.br,fgiacomini@modulo.edu.br,Rua Maria D'Assumpção Carvalho - 1000 - CEP: 11662-047 - Jardim Itamar,Caraguatatuba,SP,Centro Universitário,Presencial - Superior,Privada,Privada com fins lucrativos,1987-12-15,4,2019.0,-,,3,2023.0,,,,Ativa,,10-s2.0-60276764,60276764,Centro Universitário Módulo,modulo.edu.br,https://www.modulo.edu.br/,['Centro Universitário Módulo'],1,1,1,1
146,INSTITUICAO UNIVERSITARIA MOURA LACERDA,55.985.782/0001-57,Privada sem fins lucrativos,207,CENTRO UNIVERSITÁRIO MOURA LACERDA (CUML),CUML,(16) 2101 1167,www.mouralacerda.edu.br,planejamento@mouralacerda.edu.br,Rua Padre Euclides - 995 - CEP: 14085-420 - Campos Elísios,Ribeirão Preto,SP,Centro Universitário,EAD - Superior / Presencial - Superior /,Privada,Privada sem fins lucrativos,1997-10-30,4,2023.0,5,2023.0,4,2023.0,,,,Ativa,,10-s2.0-128347564,128347564,Centro Universitário Moura Lacerda,,,['Centro Universitário Moura Lacerda'],1,0,0,1
146,INSTITUICAO UNIVERSITARIA MOURA LACERDA,55.985.782/0001-57,Privada sem fins lucrativos,207,CENTRO UNIVERSITÁRIO MOURA LACERDA (CUML),CUML,(16) 2101 1167,www.mouralacerda.edu.br,planejamento@mouralacerda.edu.br,Rua Padre Euclides - 995 - CEP: 14085-420 - Campos Elísios,Ribeirão Preto,SP,Centro Universitário,EAD - Superior / Presencial - Superior /,Privada,Privada sem fins lucrativos,1997-10-30,4,2023.0,5,2023.0,4,2023.0,,,,Ativa,,10-s2.0-100519480,100519480,Centro Universitário Moura Lacerda,,,"['Centro Universitário Moura Lacerda', 'Cuml - Centro Universitário Moura Lacerda', 'Centro Universitário Moura Lacerda - Campus Unit', 'Centro Universitário Moura Lacerda (cuml)', 'Centro Universitario Moura Lacerda', 'Centro Univ. Moura Lacerda']",1,0,0,3
146,INSTITUICAO UNIVERSITARIA MOURA LACERDA,55.985.782/0001-57,Privada sem fins lucrativos,207,CENTRO UNIVERSITÁRIO MOURA LACERDA (CUML),CUML,(16) 2101 1167,www.mouralacerda.edu.br,planejamento@mouralacerda.edu.br,Rua Padre Euclides - 995 - CEP: 14085-420 - Campos Elísios,Ribeirão Preto,SP,Centro Universitário,EAD - Superior / Presencial - Superior /,Privada,Privada sem fins lucrativos,1997-10-30,4,2023.0,5,2023.0,4,2023.0,,,,Ativa,,10-s2.0-102034158,102034158,Centro Universitário Moura Lacerda,,,"['Centro Universitário Moura Lacerda', 'Centro Universitário Moura Lacerda (cuml)', 'Centre Universitário Moura Lacerda']",1,0,0,2
146,INSTITUICAO UNIVERSITARIA MOURA LACERDA,55.985.782/0001-57,Privada sem fins lucrativos,207,CENTRO UNIVERSITÁRIO MOURA LACERDA (CUML),CUML,(16) 2101 1167,www.mouralacerda.edu.br,planejamento@mouralacerda.edu.br,Rua Padre Euclides - 995 - CEP: 14085-420 - Campos Elísios,Ribeirão Preto,SP,Centro Universitário,EAD - Superior / Presencial - Superior /,Privada,Privada sem fins lucrativos,1997-10-30,4,2023.0,5,2023.0,4,2023.0,,,,Ativa,,10-s2.0-60289449,60289449,Centro Universitário Moura Lacerda,portalmouralacerda.com.br,https://www.portalmouralacerda.com.br/,"['Moura Lacerda University Center', 'Centro Universitário Moura Lacerda']",1,0,0,1
2234,CENTRO UNIVERSITARIO MUNICIPAL DE FRANCA,47.987.136/0001-09,Pessoa Jurídica de Direito Público - Municipal,60,CENTRO UNIVERSITÁRIO MUNICIPAL DE FRANCA (UNI-FACEF),UNI-FACEF,16 37134688,www.unifacef.com.br,facef@facef.br; welton@facef.br; welton_roberto@yahoo.com.br,Av. Ismael Alonso Y Alonso - 2400 - CEP: 14403-430 - SÃO JOSÉ,Franca,SP,Centro Universitário,Presencial - Superior,Publica,Especial,1951-03-28,-,,-,,4,2023.0,,,,Ativa,,10-s2.0-106166052,106166052,Centro Universitário Municipal de Franca,,,[],1,0,0,0
2234,CENTRO UNIVERSITARIO MUNICIPAL DE FRANCA,47.987.136/0001-09,Pessoa Jurídica de Direito Público - Municipal,60,CENTRO UNIVERSITÁRIO MUNICIPAL DE FRANCA (UNI-FACEF),UNI-FACEF,16 37134688,www.unifacef.com.br,facef@facef.br; welton@facef.br; welton_roberto@yahoo.com.br,Av. Ismael Alonso Y Alonso - 2400 - CEP: 14403-430 - SÃO JOSÉ,Franca,SP,Centro Universitário,Presencial - Superior,Publica,Especial,1951-03-28,-,,-,,4,2023.0,,,,Ativa,,10-s2.0-116657939,116657939,Centro Universitário Municipal de Franca,,,[],1,0,0,0
120,SOCIEDADE DE EDUCACAO NOSSA SENHORA DO PATROCINIO S/S LTDA,45.466.752/0001-80,Privada com fins lucrativos,1149,CENTRO UNIVERSITÁRIO NOSSA SENHORA DO PATROCÍNIO (CEUNSP),CEUNSP,(11) 4028-8352,www.ceunsp.edu.br,processos.regulatorios@cruzeirodosul.edu.br,Praça Regente Feijó - 181 - CEP: 13300-023 - Centro,Itu,SP,Centro Universitário,Presencial - Superior,Privada,Privada com fins lucrativos,1958-08-12,5,2023.0,-,,3,2023.0,,,,Ativa,,10-s2.0-60275710,60275710,Centro Universitário Nossa Senhora do Patrocínio (CEUNSP),ceunsp.edu.br,https://www.ceunsp.edu.br/,"['Centro Universitário Nossa Senhora do Patrocínio', 'Centro Universitário Nossa Senhora do Patrocínio (CEUNSP)']",1,1,1,2
2500,ESCOLAS PADRE ANCHIETA LTDA,50.934.462/0001-54,Privada com fins lucrativos,4017,CENTRO UNIVERSITÁRIO PADRE ANCHIETA (UNIANCHIETA),UNIANCHIETA,(11) 4527-3444,www.anchieta.br,lsiqueira@anchieta.br; javasconcellos@anchieta.br; dirmant@anchieta.br,Avenida Dr. Adoniro Ladeira - 94 - CEP: 13210-800 - Vila Jundiainopolis,Jundiaí,SP,Centro Universitário,EAD - Superior / Presencial - Superior /,Privada,Privada com fins lucrativos,1966-07-18,5,2024.0,5,2018.0,4,2023.0,,,,Ativa,,10-s2.0-113105209,113105209,Centro Universitário Padre Anchieta,,,[],1,0,0,0
2500,ESCOLAS PADRE ANCHIETA LTDA,50.934.462/0001-54,Privada com fins lucrativos,4017,CENTRO UNIVERSITÁRIO PADRE ANCHIETA (UNIANCHIETA),UNIANCHIETA,(11) 4527-3444,www.anchieta.br,lsiqueira@anchieta.br; javasconcellos@anchieta.br; dirmant@anchieta.br,Avenida Dr. Adoniro Ladeira - 94 - CEP: 13210-800 - Vila Jundiainopolis,Jundiaí,SP,Centro Universitário,EAD - Superior / Presencial - Superior /,Privada,Privada com fins lucrativos,1966-07-18,5,2024.0,5,2018.0,4,2023.0,,,,Ativa,,10-s2.0-108095069,108095069,Centro Universitário Padre Anchieta,,,"['Centro Universitário Padre Anchieta', 'Centro Universitário Pe. Anchieta', 'Centro Universitário Padre Anchieta - Unianchieta', 'Centro Universitário Padre Anchieta (unianchieta)']",1,0,0,2
2500,ESCOLAS PADRE ANCHIETA LTDA,50.934.462/0001-54,Privada com fins lucrativos,4017,CENTRO UNIVERSITÁRIO PADRE ANCHIETA (UNIANCHIETA),UNIANCHIETA,(11) 4527-3444,www.anchieta.br,lsiqueira@anchieta.br; javasconcellos@anchieta.br; dirmant@anchieta.br,Avenida Dr. Adoniro Ladeira - 94 - CEP: 13210-800 - Vila Jundiainopolis,Jundiaí,SP,Centro Universitário,EAD - Superior / Presencial - Superior /,Privada,Privada com fins lucrativos,1966-07-18,5,2024.0,5,2018.0,4,2023.0,,,,Ativa,,10-s2.0-127287520,127287520,Centro Universitário Padre Anchieta,,,['Centro Universitário Padre Anchieta'],1,0,0,1
607,LICEU CORACAO DE JESUS,60.463.072/0001-05,Pessoa Jurídica de Direito Privado - Sem fins lucrativos - Associação de Utilidade Pública,1032,CENTRO UNIVERSITÁRIO SALESIANO DE SÃO PAULO (UNISAL),UNISAL,19 3471-3100,www.unisal.br,anderson.barbosa@unisal.br,Avenida de Cillo - 3.500 - CEP: 13467-600 - Parque Novo Mundo,Americana,SP,Centro Universitário,EAD - Superior / Presencial - Superior /,Privada,Privada sem fins lucrativos,1952-02-20,5,2024.0,5,2018.0,3,2023.0,,,,Ativa,,10-s2.0-101997140,101997140,Centro Universitário Belas Artes de São Paulo,,,"['Centro Universitário Belas Artes De São Paulo', 'Centro Universitário Salesiano De São Paulo', 'Centro Universitário De Belas Artes', 'Centro Universitario Salesiano De São Paulo', 'Centro Universitario Belas Artes De Sao Paulo']",0,0,0,2
607,LICEU CORACAO DE JESUS,60.463.072/0001-05,Pessoa Jurídica de Direito Privado - Sem fins lucrativos - Associação de Utilidade Pública,1032,CENTRO UNIVERSITÁRIO SALESIANO DE SÃO PAULO (UNISAL),UNISAL,19 3471-3100,www.unisal.br,anderson.barbosa@unisal.br,Avenida de Cillo - 3.500 - CEP: 13467-600 - Parque Novo Mundo,Americana,SP,Centro Universitário,EAD - Superior / Presencial - Superior /,Privada,Privada sem fins lucrativos,1952-02-20,5,2024.0,5,2018.0,3,2023.0,,,,Ativa,,10-s2.0-115862184,115862184,Centro Universitário Salesiano de São Paulo,,,[],1,0,0,0
607,LICEU CORACAO DE JESUS,60.463.072/0001-05,Pessoa Jurídica de Direito Privado - Sem fins lucrativos - Associação de Utilidade Pública,1032,CENTRO UNIVERSITÁRIO SALESIANO DE SÃO PAULO (UNISAL),UNISAL,19 3471-3100,www.unisal.br,anderson.barbosa@unisal.br,Avenida de Cillo - 3.500 - CEP: 13467-600 - Parque Novo Mundo,Americana,SP,Centro Universitário,EAD - Superior / Presencial - Superior /,Privada,Privada sem fins lucrativos,1952-02-20,5,2024.0,5,2018.0,3,2023.0,,,,Ativa,,10-s2.0-120049466,120049466,Centro Universitário Salesiano de São Paulo,,,"['Centro Universitário Salesiano De São Paulo', 'Centro Universitário Salesiano De São Paulo (unisal)']",1,0,0,2
607,LICEU CORACAO DE JESUS,60.463.072/0001-05,Pessoa Jurídica de Direito Privado - Sem fins lucrativos - Associação de Utilidade Pública,1032,CENTRO UNIVERSITÁRIO SALESIANO DE SÃO PAULO (UNISAL),UNISAL,19 3471-3100,www.unisal.br,anderson.barbosa@unisal.br,Avenida de Cillo - 3.500 - CEP: 13467-600 - Parque Novo Mundo,Americana,SP,Centro Universitário,EAD - Superior / Presencial - Superior /,Privada,Privada sem fins lucrativos,1952-02-20,5,2024.0,5,2018.0,3,2023.0,,,,Ativa,,10-s2.0-105167277,105167277,Centro Universitário Salesiano de São Paulo - UNISAL,,,"['Centro Universitário Salesiano De São Paulo - Unisal', 'Centro Universitário Salesiano De São Paulo', 'Centro Universitário Salesiano De São Paulo/unisal', 'Centro Universitário Salesiano De São Paulo-unisal', 'Centro Universitário Salesiano De São Paulo (unisal)']",0,0,0,2
607,LICEU CORACAO DE JESUS,60.463.072/0001-05,Pessoa Jurídica de Direito Privado - Sem fins lucrativos - Associação de Utilidade Pública,1032,CENTRO UNIVERSITÁRIO SALESIANO DE SÃO PAULO (UNISAL),UNISAL,19 3471-3100,www.unisal.br,anderson.barbosa@unisal.br,Avenida de Cillo - 3.500 - CEP: 13467-600 - Parque Novo Mundo,Americana,SP,Centro Universitário,EAD - Superior / Presencial - Superior /,Privada,Privada sem fins lucrativos,1952-02-20,5,2024.0,5,2018.0,3,2023.0,,,,Ativa,,10-s2.0-101024141,101024141,Centro Universitário Salesiano São Paulo,,,"['Centro Universitário Salesiano São Paulo', 'Centro Universitário Salesiano De São Paulo', 'Centro Universitário Salesiano De Sáo Paulo', 'Centro Universitario Salesiano De São Paulo', 'Centro Universitario Salesiano De Sao Paulo']",0,0,0,4
607,LICEU CORACAO DE JESUS,60.463.072/0001-05,Pessoa Jurídica de Direito Privado - Sem fins lucrativos - Associação de Utilidade Pública,1032,CENTRO UNIVERSITÁRIO SALESIANO DE SÃO PAULO (UNISAL),UNISAL,19 3471-3100,www.unisal.br,anderson.barbosa@unisal.br,Avenida de Cillo - 3.500 - CEP: 13467-600 - Parque Novo Mundo,Americana,SP,Centro Universitário,EAD - Superior / Presencial - Superior /,Privada,Privada sem fins lucrativos,1952-02-20,5,2024.0,5,2018.0,3,2023.0,,,,Ativa,,10-s2.0-114320278,114320278,Centro Universitário Salesiano de São Paulo,,,"['Centro Universitário Salesiano de São Paulo', 'Centro Universitario Salesiano de Sao Paulo-UNISAL']",1,0,0,1
497,UNIAO SOCIAL CAMILIANA,58.250.689/0001-92,Pessoa Jurídica de Direito Privado - Sem fins lucrativos - Associação de Utilidade Pública,737,CENTRO UNIVERSITÁRIO SÃO CAMILO (SAO CAMILO),SAO CAMILO,(11)34652606 (11)34652603,www.saocamilo-sp.br,celinac@saocamilo-sp.br;carlos.ferrara@saocamilo-sp.br; bruna.gregorio@saocamilo-sp.br,Avenida Nazaré - 1.501 - CEP: 04263-200 - Ipiranga,São Paulo,SP,Centro Universitário,EAD - Superior / Presencial - Superior /,Privada,Privada sem fins lucrativos,1976-01-16,5,2025.0,5,2022.0,4,2023.0,,,,Ativa,,10-s2.0-107071033,107071033,Centro Universitário São Camilo Espírito Santo - CUSC,,,"['Centro Universitário São Camilo Espírito Santo - Cusc', 'Centro Universitário São Camilo']",0,0,0,1
497,UNIAO SOCIAL CAMILIANA,58.250.689/0001-92,Pessoa Jurídica de Direito Privado - Sem fins lucrativos - Associação de Utilidade Pública,737,CENTRO UNIVERSITÁRIO SÃO CAMILO (SAO CAMILO),SAO CAMILO,(11)34652606 (11)34652603,www.saocamilo-sp.br,celinac@saocamilo-sp.br;carlos.ferrara@saocamilo-sp.br; bruna.gregorio@saocamilo-sp.br,Avenida Nazaré - 1.501 - CEP: 04263-200 - Ipiranga,São Paulo,SP,Centro Universitário,EAD - Superior / Presencial - Superior /,Privada,Privada sem fins lucrativos,1976-01-16,5,2025.0,5,2022.0,4,2023.0,,,,Ativa,,10-s2.0-129403102,129403102,Centro Universitário São Camilo,,,['Centro Universitário São Camilo'],1,0,0,1
497,UNIAO SOCIAL CAMILIANA,58.250.689/0001-92,Pessoa Jurídica de Direito Privado - Sem fins lucrativos - Associação de Utilidade Pública,737,CENTRO UNIVERSITÁRIO SÃO CAMILO (SAO CAMILO),SAO CAMILO,(11)34652606 (11)34652603,www.saocamilo-sp.br,celinac@saocamilo-sp.br;carlos.ferrara@saocamilo-sp.br; bruna.gregorio@saocamilo-sp.br,Avenida Nazaré - 1.501 - CEP: 04263-200 - Ipiranga,São Paulo,SP,Centro Universitário,EAD - Superior / Presencial - Superior /,Privada,Privada sem fins lucrativos,1976-01-16,5,2025.0,5,2022.0,4,2023.0,,,,Ativa,,10-s2.0-113177820,113177820,Centro Universitário São Camilo,,,[],1,0,0,0
497,UNIAO SOCIAL CAMILIANA,58.250.689/0001-92,Pessoa Jurídica de Direito Privado - Sem fins lucrativos - Associação de Utilidade Pública,737,CENTRO UNIVERSITÁRIO SÃO CAMILO (SAO CAMILO),SAO CAMILO,(11)34652606 (11)34652603,www.saocamilo-sp.br,celinac@saocamilo-sp.br;carlos.ferrara@saocamilo-sp.br; bruna.gregorio@saocamilo-sp.br,Avenida Nazaré - 1.501 - CEP: 04263-200 - Ipiranga,São Paulo,SP,Centro Universitário,EAD - Superior / Presencial - Superior /,Privada,Privada sem fins lucrativos,1976-01-16,5,2025.0,5,2022.0,4,2023.0,,,,Ativa,,10-s2.0-112180526,112180526,Centro Universitário São Camilo,,,[],1,0,0,0
497,UNIAO SOCIAL CAMILIANA,58.250.689/0001-92,Pessoa Jurídica de Direito Privado - Sem fins lucrativos - Associação de Utilidade Pública,737,CENTRO UNIVERSITÁRIO SÃO CAMILO (SAO CAMILO),SAO CAMILO,(11)34652606 (11)34652603,www.saocamilo-sp.br,celinac@saocamilo-sp.br;carlos.ferrara@saocamilo-sp.br; bruna.gregorio@saocamilo-sp.br,Avenida Nazaré - 1.501 - CEP: 04263-200 - Ipiranga,São Paulo,SP,Centro Universitário,EAD - Superior / Presencial - Superior /,Privada,Privada sem fins lucrativos,1976-01-16,5,2025.0,5,2022.0,4,2023.0,,,,Ativa,,10-s2.0-124733875,124733875,Centro Universitário São Camilo,,,[],1,0,0,0
497,UNIAO SOCIAL CAMILIANA,58.250.689/0001-92,Pessoa Jurídica de Direito Privado - Sem fins lucrativos - Associação de Utilidade Pública,737,CENTRO UNIVERSITÁRIO SÃO CAMILO (SAO CAMILO),SAO CAMILO,(11)34652606 (11)34652603,www.saocamilo-sp.br,celinac@saocamilo-sp.br;carlos.ferrara@saocamilo-sp.br; bruna.gregorio@saocamilo-sp.br,Avenida Nazaré - 1.501 - CEP: 04263-200 - Ipiranga,São Paulo,SP,Centro Universitário,EAD - Superior / Presencial - Superior /,Privada,Privada sem fins lucrativos,1976-01-16,5,2025.0,5,2022.0,4,2023.0,,,,Ativa,,10-s2.0-128924475,128924475,Centro Universitário São Camilo,,,[],1,0,0,0
497,UNIAO SOCIAL CAMILIANA,58.250.689/0001-92,Pessoa Jurídica de Direito Privado - Sem fins lucrativos - Associação de Utilidade Pública,737,CENTRO UNIVERSITÁRIO SÃO CAMILO (SAO CAMILO),SAO CAMILO,(11)34652606 (11)34652603,www.saocamilo-sp.br,celinac@saocamilo-sp.br;carlos.ferrara@saocamilo-sp.br; bruna.gregorio@saocamilo-sp.br,Avenida Nazaré - 1.501 - CEP: 04263-200 - Ipiranga,São Paulo,SP,Centro Universitário,EAD - Superior / Presencial - Superior /,Privada,Privada sem fins lucrativos,1976-01-16,5,2025.0,5,2022.0,4,2023.0,,,,Ativa,,10-s2.0-113335439,113335439,Centro Universitário São Camilo,,,[],1,0,0,0
497,UNIAO SOCIAL CAMILIANA,58.250.689/0001-92,Pessoa Jurídica de Direito Privado - Sem fins lucrativos - Associação de Utilidade Pública,737,CENTRO UNIVERSITÁRIO SÃO CAMILO (SAO CAMILO),SAO CAMILO,(11)34652606 (11)34652603,www.saocamilo-sp.br,celinac@saocamilo-sp.br;carlos.ferrara@saocamilo-sp.br; bruna.gregorio@saocamilo-sp.br,Avenida Nazaré - 1.501 - CEP: 04263-200 - Ipiranga,São Paulo,SP,Centro Universitário,EAD - Superior / Presencial - Superior /,Privada,Privada sem fins lucrativos,1976-01-16,5,2025.0,5,2022.0,4,2023.0,,,,Ativa,,10-s2.0-105595745,105595745,Centro Universitário São Camilo,,,[],1,0,0,0
497,UNIAO SOCIAL CAMILIANA,58.250.689/0001-92,Pessoa Jurídica de Direito Privado - Sem fins lucrativos - Associação de Utilidade Pública,737,CENTRO UNIVERSITÁRIO SÃO CAMILO (SAO CAMILO),SAO CAMILO,(11)34652606 (11)34652603,www.saocamilo-sp.br,celinac@saocamilo-sp.br;carlos.ferrara@saocamilo-sp.br; bruna.gregorio@saocamilo-sp.br,Avenida Nazaré - 1.501 - CEP: 04263-200 - Ipiranga,São Paulo,SP,Centro Universitário,EAD - Superior / Presencial - Superior /,Privada,Privada sem fins lucrativos,1976-01-16,5,2025.0,5,2022.0,4,2023.0,,,,Ativa,,10-s2.0-113335807,113335807,Centro Universitário São Camilo,,,['Centro Universitário São Camilo'],1,0,0,1
497,UNIAO SOCIAL CAMILIANA,58.250.689/0001-92,Pessoa Jurídica de Direito Privado - Sem fins lucrativos - Associação de Utilidade Pública,737,CENTRO UNIVERSITÁRIO SÃO CAMILO (SAO CAMILO),SAO CAMILO,(11)34652606 (11)34652603,www.saocamilo-sp.br,celinac@saocamilo-sp.br;carlos.ferrara@saocamilo-sp.br; bruna.gregorio@saocamilo-sp.br,Avenida Nazaré - 1.501 - CEP: 04263-200 - Ipiranga,São Paulo,SP,Centro Universitário,EAD - Superior / Presencial - Superior /,Privada,Privada sem fins lucrativos,1976-01-16,5,2025.0,5,2022.0,4,2023.0,,,,Ativa,,10-s2.0-118302951,118302951,Centro Universitário São Camilo,,,"['Centro Universitário São Camilo', 'Centro Universitário São Camilo - Es']",1,0,0,1
497,UNIAO SOCIAL CAMILIANA,58.250.689/0001-92,Pessoa Jurídica de Direito Privado - Sem fins lucrativos - Associação de Utilidade Pública,737,CENTRO UNIVERSITÁRIO SÃO CAMILO (SAO CAMILO),SAO CAMILO,(11)34652606 (11)34652603,www.saocamilo-sp.br,celinac@saocamilo-sp.br;carlos.ferrara@saocamilo-sp.br; bruna.gregorio@saocamilo-sp.br,Avenida Nazaré - 1.501 - CEP: 04263-200 - Ipiranga,São Paulo,SP,Centro Universitário,EAD - Superior / Presencial - Superior /,Privada,Privada sem fins lucrativos,1976-01-16,5,2025.0,5,2022.0,4,2023.0,,,,Ativa,,10-s2.0-100430997,100430997,Centro Universitário São Camilo,,,[],1,0,0,0
543,SERVICO NACIONAL DE APRENDIZAGEM COMERCIAL SENAC,03.709.814/0001-98,Privada sem fins lucrativos,3985,CENTRO UNIVERSITÁRIO SENAC (SENACSP),SENACSP,56827444;56827300;56827397,www.sp.senac.br,michelle.cvigueles@sp.senac.br,Av. Engenheiro Eusébio Stevaux - nº 823 - CEP: 04696-000 - Jurubatuba,São Paulo,SP,Centro Universitário,EAD - Superior / Presencial - Superior,Privada,Privada sem fins lucrativos,1988-12-22,4,2024.0,5,2023.0,3,2023.0,,,,Ativa,,10-s2.0-60257332,60257332,Serviço Nacional de Aprendizagem Comercial,sp.senac.br,https://www.sp.senac.br/,"['Senac São Paulo', 'Serviço Nacional de Aprendizagem Comercial', 'National Commercial Apprenticeship Service']",0,1,1,0
778,INSTITUTO SANTA TERESA,51.778.645/0001-90,Pessoa Jurídica de Direito Privado - Sem fins lucrativos - Associação de Utilidade Pública,738,CENTRO UNIVERSITÁRIO TERESA D'ÁVILA (FATEA),FATEA,(12) 2124-2816 / (12) 2124-2879,https://unifatea.edu.br/,reitoria@unifatea.edu.br; secretaria.geral@unifatea.edu.br,Avenida Doutor Peixoto de Castro - 539 - CEP: 12606-580 - Cruz,Lorena,SP,Centro Universitário,EAD - Superior / Presencial - Superior /,Privada,Privada sem fins lucrativos,1975-08-15,4,2023.0,4,2019.0,3,2023.0,,,,Ativa,,10-s2.0-60289948,60289948,Centro Universitário Teresa D’Ávila,unifatea.edu.br,https://unifatea.edu.br/,"['Centro Universitário Teresa D’Ávila', ""Teresa D'Ávila University Center""]",0,1,1,0
778,INSTITUTO SANTA TERESA,51.778.645/0001-90,Pessoa Jurídica de Direito Privado - Sem fins lucrativos - Associação de Utilidade Pública,738,CENTRO UNIVERSITÁRIO TERESA D'ÁVILA (FATEA),FATEA,(12) 2124-2816 / (12) 2124-2879,https://unifatea.edu.br/,reitoria@unifatea.edu.br; secretaria.geral@unifatea.edu.br,Avenida Doutor Peixoto de Castro - 539 - CEP: 12606-580 - Cruz,Lorena,SP,Centro Universitário,EAD - Superior / Presencial - Superior /,Privada,Privada sem fins lucrativos,1975-08-15,4,2023.0,4,2019.0,3,2023.0,,,,Ativa,,10-s2.0-122264033,122264033,UNIFATEA – Centro Universitário Teresa D’ávila,,,"['Unifatea – Centro Universitário Teresa D’ávila', ""Centro Universitário Teresa D'avila (unifatea)"", ""Centro Universitario Teresa D'ávila. Lorena""]",0,0,0,1
17362,UNIAO BANDEIRANTE DE EDUCACAO E CULTURA S.A.,32.754.233/0001-76,Privada com fins lucrativos,254,CENTRO UNIVERSITÁRIO UNI-BAN (UNI-BAN),UNI-BAN,11-4637-2000,http://www.uniaobandeirante.edu.br,hpsf2014@gmail.com,Rua Maria Cândida - 1789 - CEP: 02071-013 - Vila Guilherme,São Paulo,SP,Centro Universitário,EAD - Superior / Presencial - Superior /,Privada,Privada com fins lucrativos,1970-04-24,5,2023.0,4,2021.0,3,2021.0,,,Unificação de Mantidas,Ativa,,10-s2.0-60008976,60008976,Universidade Bandeirante de Sao Paulo,uniaobandeirante.edu.br,https://uniaobandeirante.edu.br/,"['Bandeirante University of Sao Paulo', 'Universidade Bandeirante de Sao Paulo']",0,1,1,0
91,INSTITUICAO EDUCACIONAL ATIBAIENSE LIMITADA,44.705.705/0001-80,Privada com fins lucrativos,5312,Centro Universitário UNIFAAT (UNIFAAT),UNIFAAT,(11)44144140,www.unifaat.com.br,unifaat@unifaat.edu.br ; saulo.vernalha@faat.edu.br / paulo.rosa@faat.edu.br,Estrada Municipal Juca Sanches - 1050 - CEP: 12954-070 - Jardim Brogotá,Atibaia,SP,Centro Universitário,EAD - Superior / Presencial - Superior /,Privada,Privada com fins lucrativos,1971-11-18,4,2024.0,4,2019.0,3,2023.0,,,,Ativa,,10-s2.0-110140205,110140205,Centro Universitário UNIFAAT,,,[],1,0,0,0
96,ASSOCIACAO DE EDUCACAO E CULTURA DO NORTE PAULISTA,57.713.281/0001-47,Privada sem fins lucrativos,2774,Centro Universitário UNIFAFIBE (FAFIBE),FAFIBE,(17)33447100,www.unifafibe.com.br,unifafibe@unifafibe.com.br,Rua Professor Orlando França de Carvalho - 110/325 / 326 - CEP: 14701-070 - Centro,Bebedouro,SP,Centro Universitário,EAD - Superior / Presencial - Superior /,Privada,Privada sem fins lucrativos,1970-07-17,5,2023.0,4,2021.0,4,2023.0,,,,Ativa,,10-s2.0-118346112,118346112,Centro Universitário UNIFAFIBE,,,"['Centro Universitário Unifafibe', 'Centro Universitário (unifafibe)']",1,0,0,1
110,FUNDACAO GETULIO VARGAS,33.641.663/0001-44,Privada sem fins lucrativos,2129,ESCOLA DE ECONOMIA DE SÃO PAULO (EESP),EESP,(11) 3799-3350,www.fgv.br/eesp,lilian.furquim@fgv.br,Rua Doutor Plínio Barreto - 365 - CEP: 01313-020 - Bela Vista,São Paulo,SP,Faculdade,EAD - Superior / Presencial - Superior /,Privada,Privada sem fins lucrativos,2003-04-16,5,2024.0,5,2021.0,5,2023.0,,,,Ativa,,10-s2.0-100623581,100623581,Escola de Economia de São Paulo,,,[],1,0,0,0
52,FUNDACAO MUNICIPAL DE ENSINO DE PIRACICABA,54.393.491/0001-07,Pessoa Jurídica de Direito Público - Municipal,67,ESCOLA DE ENGENHARIA DE PIRACICABA (EEP/FUMEP),EEP/FUMEP,(19) 3412-1101/3412-1102/3412-1103,www.fumep.edu.br,silmara.prata@fumep.edu.br,Avenida Monsenhor Martinho Salgot - 560 - CEP: 13414-040 - Areião,Piracicaba,SP,Faculdade,EAD - Superior / Presencial - Superior /,Publica,Pública Municipal,1968-12-06,-,,-,,3,2023.0,,,,Ativa,,10-s2.0-101789845,101789845,Escola de Engenharia de Piracicaba,,,"['Escola De Engenharia De Piracicaba', 'Escola De Engenharia De Piracicaba - Eep']",1,0,0,1
52,FUNDACAO MUNICIPAL DE ENSINO DE PIRACICABA,54.393.491/0001-07,Pessoa Jurídica de Direito Público - Municipal,67,ESCOLA DE ENGENHARIA DE PIRACICABA (EEP/FUMEP),EEP/FUMEP,(19) 3412-1101/3412-1102/3412-1103,www.fumep.edu.br,silmara.prata@fumep.edu.br,Avenida Monsenhor Martinho Salgot - 560 - CEP: 13414-040 - Areião,Piracicaba,SP,Faculdade,EAD - Superior / Presencial - Superior /,Publica,Pública Municipal,1968-12-06,-,,-,,3,2023.0,,,,Ativa,,10-s2.0-112901244,112901244,Escola de Engenharia de Piracicaba,,,['Escola de Engenharia de Piracicaba'],1,0,0,1
229,FUNDACAO GAMMON DE ENSINO,53.640.876/0001-69,Pessoa Jurídica de Direito Privado - Sem fins lucrativos - Associação de Utilidade Pública,1221,Escola Superior de Agronomia de Paraguaçu Paulista (ESAPP),ESAPP,(18) 3361 9492,www.funge.com.br,secretaria@esapp.edu.br,Rua Jayme Monteiro - 791 - CEP: 19700-059 - Centro,Paraguaçu Paulista,SP,Faculdade,Presencial - Superior,Privada,Privada sem fins lucrativos,1998-11-24,4,2024.0,-,,2,2023.0,,,,Ativa,,10-s2.0-101578404,101578404,Escola Superior de Agronomia de Paraguaçu Paulista,,,['Escola Superior De Agronomia De Paraguaçu Paulista'],1,0,0,1
74,MUNICIPIO DE JUNDIAI,45.780.103/0001-50,Administração pública em geral,94,ESCOLA SUPERIOR DE EDUCAÇÃO FÍSICA DE JUNDIAÍ (ESEFJ),ESEFJ,(11) 4805-7952,www.esef.br,secretaria@esef.br,Rua Rodrigo Soares de Oliveira - S/N - CEP: 13208-120 - ANHANGABAU,Jundiaí,SP,Faculdade,EAD - Superior / Presencial - Superior /,Privada,Pública Municipal,1974-03-13,-,,-,,-,,,,,Ativa,,10-s2.0-106622054,106622054,Escola Superior de Educação Física de Jundiaí,,,"['Escola Superior De Educação Física De Jundiaí', 'Escola Superior De Educação Física De Jundiaí (esefj)', 'Escola Superior De Educação Física - Esef', 'Escola Superior De Educação Fìsica- Esef', 'Educação Física De Jundiaí (esefj)']",1,0,0,2
412,ASSOCIACAO ESCOLA SUPERIOR DE PROPAGANDA E MARKETING,61.825.675/0001-64,Pessoa Jurídica de Direito Privado - Sem fins lucrativos - Associação de Utilidade Pública,636,ESCOLA SUPERIOR DE PROPAGANDA E MARKETING (ESPM),ESPM,(11) 5085 4530,www.espm.br,sonia@espm.br; elongo@espm.br,Rua Doutor Álvaro Alvim - 123 - CEP: 04018-010 - Vila Mariana,São Paulo,SP,Faculdade,Presencial - Superior,Privada,Privada sem fins lucrativos,1975-05-27,5,2019.0,-,,3,2023.0,,,,Ativa,,10-s2.0-127190497,127190497,Escola Superior de Propaganda e Marketing (ESPM),,,[],1,0,0,0
412,ASSOCIACAO ESCOLA SUPERIOR DE PROPAGANDA E MARKETING,61.825.675/0001-64,Pessoa Jurídica de Direito Privado - Sem fins lucrativos - Associação de Utilidade Pública,636,ESCOLA SUPERIOR DE PROPAGANDA E MARKETING (ESPM),ESPM,(11) 5085 4530,www.espm.br,sonia@espm.br; elongo@espm.br,Rua Doutor Álvaro Alvim - 123 - CEP: 04018-010 - Vila Mariana,São Paulo,SP,Faculdade,Presencial - Superior,Privada,Privada sem fins lucrativos,1975-05-27,5,2019.0,-,,3,2023.0,,,,Ativa,,10-s2.0-60084121,60084121,Escola Superior de Propaganda e Marketing,espm.br,https://www.espm.br/en/,[],1,0,1,0
15896,CENTRO TECNOLOGICO DE ITAPEVI LTDA,15.492.008/0001-90,Privada com fins lucrativos,17928,Faculdade Aliança Educacional do Estado de São Paulo,-,42050838 47742416,faeesp.edu.br,atendimento@faeesp.edu.br,Avenida Presidente Vargas - 403-425 - CEP: 06694-000 - Nova Itapevi,Itapevi,SP,Faculdade,Presencial - Superior,Privada,Privada com fins lucrativos,2017-02-03,3,2022.0,4,2020.0,3,2023.0,,,,Ativa,,10-s2.0-112962031,112962031,Faculdade Aliança Educacional do Estado de São Paulo,,,"['Faculdade De Tecnologia Do Estado De São Paulo', 'Faculdade Unificada Do Estado De São Paulo (fauesp)', 'Faculdade Aliança Educacional Do Estado De São Paulo', 'Hospital De Transplantes Do Estado De São Paulo', 'Faculdade Mogiana Do Estado De São Paulo (fmg)', 'Faculdade De Tecnologia Do Estado De', 'Faculdade De Tecnologia De Sãdo Paulo', 'Faculdade Aliança Educacional Do Estado De São Paulo (faeesp)', 'Faculdade Aliança Educacional Do Estado De Sao Paulo', 'Factildade De Tecnologia De Sao Paulo']",1,0,0,3
16452,ANHANGUERA EDUCACIONAL PARTICIPACOES S/A,04.310.392/0001-46,Privada com fins lucrativos,3603,FACULDADE ANHANGUERA DE GUARULHOS,-,(11) 21071900,www.anhanguera.com,ddi@kroton.com.br; natalia.rodrigues@kroton.com.br,Rua Papa Pio XII - 291 - CEP: 07113-000 - Macedo,Guarulhos,SP,Faculdade,Presencial - Superior,Privada,Privada com fins lucrativos,1999-10-20,4,2023.0,-,,3,2023.0,,,,Ativa,,10-s2.0-119829637,119829637,Faculdade Anhanguera de Guarulhos,,,['Faculdade Anhanguera De Guarulhos'],1,0,0,1
16452,ANHANGUERA EDUCACIONAL PARTICIPACOES S/A,04.310.392/0001-46,Privada com fins lucrativos,3603,FACULDADE ANHANGUERA DE GUARULHOS,-,(11) 21071900,www.anhanguera.com,ddi@kroton.com.br; natalia.rodrigues@kroton.com.br,Rua Papa Pio XII - 291 - CEP: 07113-000 - Macedo,Guarulhos,SP,Faculdade,Presencial - Superior,Privada,Privada com fins lucrativos,1999-10-20,4,2023.0,-,,3,2023.0,,,,Ativa,,10-s2.0-118302723,118302723,Faculdade Anhanguera de Guarulhos,,,[],1,0,0,0
16452,ANHANGUERA EDUCACIONAL PARTICIPACOES S/A,04.310.392/0001-46,Privada com fins lucrativos,3603,FACULDADE ANHANGUERA DE GUARULHOS,-,(11) 21071900,www.anhanguera.com,ddi@kroton.com.br; natalia.rodrigues@kroton.com.br,Rua Papa Pio XII - 291 - CEP: 07113-000 - Macedo,Guarulhos,SP,Faculdade,Presencial - Superior,Privada,Privada com fins lucrativos,1999-10-20,4,2023.0,-,,3,2023.0,,,,Ativa,,10-s2.0-60281103,60281103,Universidade Anhanguera de São Paulo,anhanguera.com,https://www.anhanguera.com/unidades/,"['Universidade Anhanguera de São Paulo', 'Anhanguera Educacional', 'Anhanguera Educational']",0,0,1,0
16452,ANHANGUERA EDUCACIONAL PARTICIPACOES S/A,04.310.392/0001-46,Privada com fins lucrativos,3937,Faculdade Anhanguera de Indaiatuba,-,(19) 3801-2856,https://www.anhanguera.com,ddi@kroton.com.br; thaina.c.souza@cogna.com.br,Rua Cláudio Dal Canton - 89 - CEP: 13334-390 - Cidade Nova II,Indaiatuba,SP,Faculdade,Presencial - Superior,Privada,Privada com fins lucrativos,2006-09-18,4,2023.0,-,,3,2023.0,,,,Ativa,,10-s2.0-60281103,60281103,Universidade Anhanguera de São Paulo,anhanguera.com,https://www.anhanguera.com/unidades/,"['Universidade Anhanguera de São Paulo', 'Anhanguera Educacional', 'Anhanguera Educational']",0,0,1,0
16452,ANHANGUERA EDUCACIONAL PARTICIPACOES S/A,04.310.392/0001-46,Privada com fins lucrativos,4878,FACULDADE ANHANGUERA DE ITAPECERICA DA SERRA,-,(11)4165-9200,www.anhanguera.com,ddi@kroton.com.br;danielle.fnonato@kroton.com.br,Avenida XV de Novembro - 1586 - CEP: 06850-100 - Centro,Itapecerica da Serra,SP,Faculdade,Presencial - Superior,Privada,Privada com fins lucrativos,2008-03-05,4,2024.0,-,,3,2023.0,,,,Ativa,,10-s2.0-60281103,60281103,Universidade Anhanguera de São Paulo,anhanguera.com,https://www.anhanguera.com/unidades/,"['Universidade Anhanguera de São Paulo', 'Anhanguera Educacional', 'Anhanguera Educational']",0,0,1,0
16452,ANHANGUERA EDUCACIONAL PARTICIPACOES S/A,04.310.392/0001-46,Privada com fins lucrativos,23893,Faculdade Anhanguera de Itapetininga,-,3121260303,,ddi@kroton.com.br; carolina.d.mendes@cogna.com.br,Rua Doutor Coutinho - 733 - CEP: 18200-358 - Centro,Itapetininga,SP,Faculdade,Presencial - Superior,Privada,Privada com fins lucrativos,2021-07-16,5,2020.0,-,,-,,,,,Ativa,,10-s2.0-119365625,119365625,Faculdade Anhanguera de Itapetininga,,,[],1,0,0,0
16452,ANHANGUERA EDUCACIONAL PARTICIPACOES S/A,04.310.392/0001-46,Privada com fins lucrativos,5555,FACULDADE ANHANGUERA DE JACAREÍ,-,31983540362,www.anhanguera.com.br,quezia.rebula@kroton.com.br,Rua Santa Catarina - 75 - CEP: 12307-130 - Vila Pinheiro,Jacareí,SP,Faculdade,Presencial - Superior,Privada,Privada com fins lucrativos,1987-07-07,5,2023.0,-,,3,2023.0,,,,Ativa,,10-s2.0-129064555,129064555,Faculdade Anhanguera de Jacareí,,,[],1,0,0,0
16452,ANHANGUERA EDUCACIONAL PARTICIPACOES S/A,04.310.392/0001-46,Privada com fins lucrativos,1345,FACULDADE ANHANGUERA DE OSASCO,-,(19) 9 93473051,www.anhanguera.com,thales.pimentel@cogna.com.br; ddi@kroton.com.br,Avenida dos Autonomistas - 1325 - CEP: 06020-015 - Vila Campesina,Osasco,SP,Faculdade,Presencial - Superior,Privada,Privada com fins lucrativos,1999-07-29,5,2023.0,-,,3,2023.0,,,,Ativa,,10-s2.0-60281103,60281103,Universidade Anhanguera de São Paulo,anhanguera.com,https://www.anhanguera.com/unidades/,"['Universidade Anhanguera de São Paulo', 'Anhanguera Educacional', 'Anhanguera Educational']",0,0,1,0
16452,ANHANGUERA EDUCACIONAL PARTICIPACOES S/A,04.310.392/0001-46,Privada com fins lucrativos,4656,FACULDADE ANHANGÜERA DE PIRACICABA,-,(19) 9 9231 8546,www.anhanguera.com,natalia.rodrigues@cogna.com.br; ddi@kroton.com.br;,Rua Santa Catarina - 1.005 - CEP: 13425-075 - Piracicamirim,Piracicaba,SP,Faculdade,Presencial - Superior,Privada,Privada com fins lucrativos,2007-07-09,4,2023.0,-,,3,2023.0,,,,Ativa,,10-s2.0-60281103,60281103,Universidade Anhanguera de São Paulo,anhanguera.com,https://www.anhanguera.com/unidades/,"['Universidade Anhanguera de São Paulo', 'Anhanguera Educacional', 'Anhanguera Educational']",0,0,1,0
16452,ANHANGUERA EDUCACIONAL PARTICIPACOES S/A,04.310.392/0001-46,Privada com fins lucrativos,1478,FACULDADE ANHANGUERA DE SÃO BERNARDO,-,(19) 9 93473051,www.anhanguera.com,ddi@kroton.com.br;thaina.c.souza@cogna.com.br,Rua Atlântica - 729 - CEP: 09750-480 - Jardim do Mar,São Bernardo do Campo,SP,Faculdade,Presencial - Superior,Privada,Privada com fins lucrativos,2000-04-13,4,2023.0,-,,3,2023.0,,,,Ativa,,10-s2.0-60281103,60281103,Universidade Anhanguera de São Paulo,anhanguera.com,https://www.anhanguera.com/unidades/,"['Universidade Anhanguera de São Paulo', 'Anhanguera Educacional', 'Anhanguera Educational']",0,0,1,0
14514,EDITORA E DISTRIBUIDORA EDUCACIONAL S/A,38.733.648/0001-40,Privada com fins lucrativos,21238,Faculdade Anhanguera de São José do Rio Preto (FASJRP),FASJRP,31982367439,www.anhanguera.com,ddi@kroton.com.br;danielle.fnonato@kroton.com.br,Avenida Francisco das Chagas Oliveira - 791 - CEP: 15090-190 - Chácara Municipal,São José do Rio Preto,SP,Faculdade,Presencial - Superior,Privada,Privada com fins lucrativos,2018-09-10,3,2023.0,-,,-,,,,Unificação de Mantidas,Ativa,,10-s2.0-60281103,60281103,Universidade Anhanguera de São Paulo,anhanguera.com,https://www.anhanguera.com/unidades/,"['Universidade Anhanguera de São Paulo', 'Anhanguera Educacional', 'Anhanguera Educational']",0,0,1,0
16452,ANHANGUERA EDUCACIONAL PARTICIPACOES S/A,04.310.392/0001-46,Privada com fins lucrativos,11308,FACULDADE ANHANGUERA DE SUMARÉ (FACSUMARÉ),FACSUMARÉ,(19) 9 9231 8546,www.anhanguera.com,ddi@kroton.com.br;petre.rebac@kroton.com.br,Avenida Eugênio Biancalana Duarte - 501 - CEP: 13173-050 - Jardim Primavera,Sumaré,SP,Faculdade,Presencial - Superior,Privada,Privada com fins lucrativos,2009-09-18,4,2023.0,-,,3,2023.0,,,,Ativa,,10-s2.0-60281103,60281103,Universidade Anhanguera de São Paulo,anhanguera.com,https://www.anhanguera.com/unidades/,"['Universidade Anhanguera de São Paulo', 'Anhanguera Educacional', 'Anhanguera Educational']",0,0,1,0
14514,EDITORA E DISTRIBUIDORA EDUCACIONAL S/A,38.733.648/0001-40,Privada com fins lucrativos,4141,FACULDADE ANHANGUERA DE TAUBATÉ,-,31983540362,www.kroton.com.br,ddi@kroton.com.br; petre.rebac@kroton.com.br,Av. Charles Schnneider - 585 - CEP: 12040-000 - Pq. Senhor Bonfim,Taubaté,SP,Faculdade,Presencial - Superior,Privada,Privada com fins lucrativos,2006-02-13,4,2023.0,-,,3,2023.0,,,,Ativa,,10-s2.0-106297935,106297935,Faculdade Anhanguera de Taubaté,,,"['Faculdade Anhanguera De Taubaté', 'Faculty Anhanguera De Taubaté', 'Faculdade Comunitária De Taubaté - Anhanguera Educacional', 'Faculdade Anhanguera Taubaté', 'Faculdade Anhanguera Educacional']",1,0,0,1
14514,EDITORA E DISTRIBUIDORA EDUCACIONAL S/A,38.733.648/0001-40,Privada com fins lucrativos,4141,FACULDADE ANHANGUERA DE TAUBATÉ,-,31983540362,www.kroton.com.br,ddi@kroton.com.br; petre.rebac@kroton.com.br,Av. Charles Schnneider - 585 - CEP: 12040-000 - Pq. Senhor Bonfim,Taubaté,SP,Faculdade,Presencial - Superior,Privada,Privada com fins lucrativos,2006-02-13,4,2023.0,-,,3,2023.0,,,,Ativa,,10-s2.0-107822898,107822898,Faculdade de Medicina de Taubaté,,,"['Faculdade De Medicina De Taubaté', 'Faculdade Anhanguera De Taubaté', 'Faculdade De Tecnologia De Taubaté', 'Faculdade De Medicina', 'Faculdade Comunitária De Taubaté']",0,0,0,1
141,FUNDACAO CASPER LIBERO,61.277.273/0001-72,Privada sem fins lucrativos,200,FACULDADE CÁSPER LÍBERO (FCL),FCL,(11) 3170 5883,www.casperlibero.edu.br,diretoria@casperlibero.edu.br,Avenida Paulista - 900 - CEP: 01310-940 - Bela Vista,São Paulo,SP,Faculdade,EAD - Superior / Presencial - Superior /,Privada,Privada sem fins lucrativos,1947-05-23,4,2019.0,4,2023.0,3,2023.0,,,,Ativa,,10-s2.0-60290451,60290451,Faculdade Cásper Líbero,casperlibero.edu.br,https://casperlibero.edu.br/,"['Faculdade Cásper Líbero', 'Casper Líbero College']",1,1,1,1
1533,ANBAR ENSINO TECNICO E SUPERIOR LTDA,03.539.801/0001-18,Privada com fins lucrativos,3533,FACULDADE CERES (FACERES),FACERES,(17) 3201-8200,www.faceres.com.br,mantenedor@faceres.com.br,Avenida Anísio Haddad - 6.751 - CEP: 15093-000 - Jardim Morumbi,São José do Rio Preto,SP,Faculdade,EAD - Superior / Presencial - Superior /,Privada,Privada com fins lucrativos,2005-10-27,5,2023.0,4,2022.0,4,2023.0,,,,Ativa,,10-s2.0-60290746,60290746,Faculdade CERES,faceres.com.br,https://faceres.com.br/,[],1,1,1,0
1533,ANBAR ENSINO TECNICO E SUPERIOR LTDA,03.539.801/0001-18,Privada com fins lucrativos,3533,FACULDADE CERES (FACERES),FACERES,(17) 3201-8200,www.faceres.com.br,mantenedor@faceres.com.br,Avenida Anísio Haddad - 6.751 - CEP: 15093-000 - Jardim Morumbi,São José do Rio Preto,SP,Faculdade,EAD - Superior / Presencial - Superior /,Privada,Privada com fins lucrativos,2005-10-27,5,2023.0,4,2022.0,4,2023.0,,,,Ativa,,10-s2.0-113460039,113460039,Faculdade Ceres,,,"['Faculdade Ceres', 'Medical School At Faculdade Ceres', 'Faculdade Ceres (faceres)']",1,0,0,2
17996,PHD CURSOS EDUCACIONAIS LTDA,32.066.658/0001-92,Privada com fins lucrativos,1788,FACULDADE DE ADMINISTRAÇÃO E ARTES DE LIMEIRA (FAAL),FAAL,(19) 34443240,www.faal.com.br,kenia@faal.com.br,Avenida Engenheiro Antonio Eugênio Lucato - 2515 - CEP: 13486-085 - Vila Camargo,Limeira,SP,Faculdade,Presencial - Superior,Privada,Privada com fins lucrativos,2001-08-06,4,2019.0,-,,3,2023.0,,,,Ativa,,10-s2.0-115297055,115297055,Faculdade de Administração e Artes de Limeira,,,['Faculdade de Administração e Artes de Limeira'],1,0,0,1
872,ASSOCIACAO EDUCACIONAL AMERICANENSE,96.509.583/0001-50,Pessoa Jurídica de Direito Privado - Sem fins lucrativos - Associação de Utilidade Pública,1310,FACULDADE DE AMERICANA (FAM),FAM,(19) 34658100,www.fam.br,dac@fam.br,Rua Joaquim Boer - 733 - CEP: 13477-360 - Jardim Luciene,Americana,SP,Faculdade,EAD - Superior / Presencial - Superior /,Privada,Privada sem fins lucrativos,1999-05-18,4,2023.0,4,2023.0,3,2023.0,,,,Ativa,,10-s2.0-130438710,130438710,Faculdade de Americana,,,['Faculdade De Americana'],1,0,0,1
17133,UNIBR FACULDADE DE BOTUCATU LTDA.,26.350.394/0001-00,Privada com fins lucrativos,17593,Faculdade de Botucatu (FDB),FDB,14 3354-3943/42,www.unibrbotucatu.com.br,nadia.martins@unibr.edu.br;daniela.luchesi@unibrbotucatu.com.br,Avenida Paula Vieira - 542 - CEP: 18611-020 - Vila Jahu,Botucatu,SP,Faculdade,Presencial - Superior,Privada,Privada com fins lucrativos,2015-08-10,4,2022.0,-,,3,2023.0,,,,Ativa,,10-s2.0-107294891,107294891,Faculdade de Tecnologia de Botucatu,,,"['Faculdade De Tecnologia De Botucatu', 'Faculdade De Tecnologia De Botucatu (fatec-bt)', 'Faculdade De Tecnologia De Botucatu (fatec)', 'Faculdade Iteana De Botucatu', 'Faculdade De Tecnológica De Botucatu', 'Faculdade De Tecnología De Botucatu', 'Faculdade De Botucatu', 'Faculdad De Medicina De Botucatu']",0,0,0,1
82,FUNDACAO EDUCACIONAL DE ANDRADINA,48.420.889/0001-92,Privada sem fins lucrativos,1623,FACULDADE DE CIÊNCIAS AGRÁRIAS DE ANDRADINA (FCAA),FCAA,(18) 3702 3702,www.fea.br,"fisma@fea.br,viam@fea.br",Rua Amazonas - 571 - CEP: 16901-160 - Sttela Maris,Andradina,SP,Faculdade,Presencial - Superior,Privada,Privada sem fins lucrativos,2000-12-26,3,2023.0,-,,3,2023.0,,,,Ativa,,10-s2.0-60291352,60291352,Fundação Educacional de Andradina,fea.br,https://www.fea.br/,"['Fundação Educacional de Andradina', 'Andradina Educational Foundation']",0,1,1,0
3524,SISTEMA MED SERVICOS EDUCACIONAIS S.A.,09.061.427/0001-74,Privada com fins lucrativos,14892,FACULDADE DE CIÊNCIAS DA SAÚDE DE BARRETOS DR. PAULO PRATA (FACISB),FACISB,17 3321 3060,www.facisb.edu.br,svserrano1@gmail.com,Loja Maçonica Renovadora 68 - 100 - CEP: 14785-002 - Aeroporto,Barretos,SP,Faculdade,Presencial - Superior,Privada,Privada com fins lucrativos,2011-10-10,5,2024.0,-,,4,2023.0,,,,Ativa,,10-s2.0-60290461,60290461,Faculdade de Ciências da Saúde de Barretos Dr. Paulo Prata,facisb.edu.br,https://facisb.edu.br/,"['Faculdade de Ciências da Saúde de Barretos Dr. Paulo Prata', 'Barretos Faculty of Health Sciences Dr. Paulo Prata']",1,1,1,1
288,FUNDACAO ARNALDO VIEIRA DE CARVALHO,62.327.663/0001-72,Privada sem fins lucrativos,415,FACULDADE DE CIÊNCIAS MÉDICAS DA SANTA CASA SÃO PAULO (FCMSCSP),FCMSCSP,(11)33677833 (11)33677830,www.fcmsantacasasp.edu.br,diretor@fcmsantacasasp.edu.br,RUA DOUTOR CESÁRIO MOTA JÚNIOR - 61 - CEP: 01221-020 - VILA BUARQUE,São Paulo,SP,Faculdade,EAD - Superior / Presencial - Superior /,Privada,Privada sem fins lucrativos,1963-05-16,5,2024.0,5,2018.0,5,2023.0,,,,Ativa,,10-s2.0-60014217,60014217,Faculdade de Ciencias Medicas da Santa Casa de Sao Paulo,fcmsantacasasp.edu.br,https://fcmsantacasasp.edu.br/english/,"['Faculdade de Ciencias Medicas da Santa Casa de Sao Paulo', 'Faculty of Medical Sciences of Santa Casa de Sao Paulo']",0,0,1,0
15883,SAO JOSE DOS CAMPOS EDUCACIONAL LTDA,17.052.594/0001-87,Privada com fins lucrativos,17887,Faculdade de Ciências Médicas de São José dos Campos,-,12-2012-6600,www.humanitas.edu.br,djalmaricardo@gmail.com; analice@suprema.edu.br,Avenida Isaur de Pinho Nogueira - 5900 - CEP: 12220-000 - Vila Tatetuba,São José dos Campos,SP,Faculdade,Presencial - Superior,Privada,Privada com fins lucrativos,2017-05-09,5,2024.0,-,,4,2023.0,,,,Ativa,,10-s2.0-112968138,112968138,Faculdade de Tecnologia de São José dos Campos,,,"['Faculdade De Tecnologia De São José Dos Campos', 'Faculdade De Tecnologia De São José Dos Campos - Professor Jessen Vidal', 'Faculdade De Tecnologia De São José Dos Campos - Fatec-sjc', 'Faculdade De Tecnologia De Sao José Dos Campos', 'Faculdade De Tecnologia De Sao Jose Dos Campos', 'Faculdade De Ciências Médicas De São José Dos Campos', 'Alcaldía De São José Dos Campos']",0,0,0,1
855,SOCIEDADE CULTURAL E EDUCACIONAL DE ITAPEVA S/S LTDA,02.104.766/0001-41,Privada com fins lucrativos,1281,FACULDADE DE CIÊNCIAS SOCIAIS E AGRÁRIAS DE ITAPEVA (FAIT),FAIT,(15) 3526 8888,www.fait.edu.br,dayse@faef.br,Rodovia Francisco Alves Negrão (SP 258) - Km 285 - CEP: 18412-000 - Pilão d'Água,Itapeva,SP,Faculdade,Presencial - Superior,Privada,Privada com fins lucrativos,1999-02-17,4,2024.0,-,,3,2023.0,,,,Ativa,,10-s2.0-122129288,122129288,Faculdade de Ciências Sociais e Agrárias de Itapeva (FAIT),,,[],1,0,0,0
855,SOCIEDADE CULTURAL E EDUCACIONAL DE ITAPEVA S/S LTDA,02.104.766/0001-41,Privada com fins lucrativos,1281,FACULDADE DE CIÊNCIAS SOCIAIS E AGRÁRIAS DE ITAPEVA (FAIT),FAIT,(15) 3526 8888,www.fait.edu.br,dayse@faef.br,Rodovia Francisco Alves Negrão (SP 258) - Km 285 - CEP: 18412-000 - Pilão d'Água,Itapeva,SP,Faculdade,Presencial - Superior,Privada,Privada com fins lucrativos,1999-02-17,4,2024.0,-,,3,2023.0,,,,Ativa,,10-s2.0-113318050,113318050,Faculdade de Ciências Sociais e Agrárias de Itapeva,,,[],1,0,0,0
17532,FACULDADE DE DIREITO DE SAO BERNARDO DO CAMPO,59.108.100/0001-89,Pessoa Jurídica de Direito Público - Municipal,58,FACULDADE DE DIREITO DE SÃO BERNARDO DO CAMPO (FDSBC),FDSBC,39270222,www.direitosbc.br,secretaria@direitosbc.br,Rua Java - 425 - CEP: 09750-650 - JARDIM DO MAR,São Bernardo do Campo,SP,Faculdade,Presencial - Superior,Publica,Especial,1965-02-23,-,,-,,4,2023.0,,,,Ativa,,10-s2.0-115149309,115149309,Faculdade de Direito de São Bernardo Do Campo (FDSBC),,,['Faculdade De Direito De São Bernardo Do Campo (fdsbc)'],1,0,0,1
198,FUNDACAO EDUCACIONAL SOROCABANA FAC DIREITO DE SOROCABA,71.484.646/0001-30,Privada sem fins lucrativos,276,FACULDADE DE DIREITO DE SOROCABA (FADI),FADI,(15) 21051234,http://www.fadi.br,janaina.camargo@fadi.br,Rua Doutora Ursulina Lopes Torres - 123 - CEP: 18030-103 - Vergueiro,Sorocaba,SP,Faculdade,Presencial - Superior,Privada,Privada sem fins lucrativos,1957-04-30,4,2023.0,-,,3,2023.0,,,,Ativa,,10-s2.0-108406864,108406864,Faculdade de Medicina de Sorocaba,,,"['Faculdade De Medicina De Sorocaba', 'Faculdade De Sorocaba', 'Faculdade De Medicina', 'Faculdade De Engenharia De Sorocaba', 'Faculdade De Direito De Sorocaba', 'Academico De Medicina Da Faculdade De Medicina De Sorocaba']",0,0,0,1
358,ASSOCIACAO JABOTICABALENSE DE EDUCACAO E CULTURA,45.337.425/0001-29,Privada sem fins lucrativos,517,FACULDADE DE EDUCAÇÃO SÃO LUÍS (FESL),FESL,(16) 3209 1800,www.saoluis.br,luciavasques@saoluis.br,Rua Floriano Peixoto - 839/873 - CEP: 14870-370 - Centro,Jaboticabal,SP,Faculdade,EAD - Superior / Presencial - Superior /,Privada,Privada sem fins lucrativos,1972-08-31,4,2023.0,4,2022.0,3,2023.0,,,Adesão ao PROIES,Ativa,,10-s2.0-112612409,112612409,Faculdade de Educação São Luís,,,"['Faculdade De Educação São Luís', 'Faculdade De Educação São Luís De Jaboticabal', 'Faculdade De Educação São Luis- Fesl']",1,0,0,1
585,SOCIEDADE CULTURAL E EDUCACIONAL DE GARCA S/S LTDA,54.715.693/0001-28,Pessoa Jurídica de Direito Privado - Com fins lucrativos - Sociedade Civil,1307,FACULDADE DE ENSINO SUPERIOR E FORMAÇÃO INTEGRAL (FAEF),FAEF,(14) 3704-8000,www.faef.br,direcao@faef.br,Comandante João Ribeiro de Barros - s/n - CEP: 17400-000 - Acesso a Garça km 1,Garça,SP,Faculdade,Presencial - Superior,Privada,Privada com fins lucrativos,1999-05-18,5,2018.0,-,,4,2023.0,,,,Ativa,,10-s2.0-117694078,117694078,Faculdade de Ensino Superior e Formação Integral (FAEF),,,['Faculdade De Ensino Superior E Formação Integral (faef)'],1,0,0,1
306,FUNDACAO EDUCACIONAL DE ITUVERAVA,45.332.194/0001-60,Privada sem fins lucrativos,438,FACULDADE DE FILOSOFIA CIÊNCIAS E LETRAS DE ITUVERAVA (FFCL),FFCL,(16) 3729 9000,www.feituverava.com.br,lucianami@feituverava.com.br,Rua Coronel Flauzino Barbosa Sandoval - 1259 - CEP: 14500-000 - Cidade Universitária,Ituverava,SP,Faculdade,EAD - Superior / Presencial - Superior /,Privada,Privada sem fins lucrativos,1971-08-13,4,2022.0,4,2023.0,3,2023.0,,,Unificação de Mantidas,Ativa,,10-s2.0-60290126,60290126,Fundação Educacional de Ituverava,feituverava.com.br,https://www.feituverava.com.br/,[],0,1,1,0
74,MUNICIPIO DE JUNDIAI,45.780.103/0001-50,Administração pública em geral,93,FACULDADE DE MEDICINA DE JUNDIAÍ (FMJ),FMJ,(11) 3395-2100,www.fmj.br,fmj@fmj.br,Rua Francisco Telles - 250 - CEP: 13202-550 - VILA ARENS,Jundiaí,SP,Faculdade,EAD - Superior / Presencial - Superior /,Privada,Pública Municipal,1968-03-12,-,,-,,4,2023.0,,,,Ativa,,10-s2.0-60002195,60002195,Faculdade de Medicina de Jundiai,fmj.br,http://www.fmj.br/,['Faculdade de Medicina de Jundiai'],1,1,1,1
300,FACULDADE DE MEDICINA DE MARILIA,66.495.110/0001-80,Pessoa Jurídica de Direito Público - Estadual,431,FACULDADE DE MEDICINA DE MARÍLIA (FAMEMA),FAMEMA,(14) 33112847,www.famema.br,"dirdivisaoacademica@famema.sp.gov.br, dirgeral@famema.sp.gov.br",Avenida Monte Carmelo - 800 - CEP: 17519-030 - FRAGATA C,Marília,SP,Faculdade,EAD - Superior / Presencial - Superior /,Publica,Pública Estadual,1967-01-30,-,,-,,4,2023.0,,,,Ativa,,10-s2.0-128429492,128429492,Faculdade de Medicina de Marília (FAMEMA),,,"['Faculdade De Medicina De Marília (famema)', 'Faculdade De Medicina Da Marília (famema)']",1,0,0,1
300,FACULDADE DE MEDICINA DE MARILIA,66.495.110/0001-80,Pessoa Jurídica de Direito Público - Estadual,431,FACULDADE DE MEDICINA DE MARÍLIA (FAMEMA),FAMEMA,(14) 33112847,www.famema.br,"dirdivisaoacademica@famema.sp.gov.br, dirgeral@famema.sp.gov.br",Avenida Monte Carmelo - 800 - CEP: 17519-030 - FRAGATA C,Marília,SP,Faculdade,EAD - Superior / Presencial - Superior /,Publica,Pública Estadual,1967-01-30,-,,-,,4,2023.0,,,,Ativa,,10-s2.0-60008162,60008162,Faculdade de Medicina de Marília,famema.br,https://www.famema.br/i,['Faculdade de Medicina de Marilia'],1,0,1,1
46,ESTADO DE SAO PAULO,46.379.400/0001-50,Pessoa Jurídica de Direito Público - Estadual,149,FACULDADE DE MEDICINA DE SÃO JOSÉ DO RIO PRETO (FAMERP),FAMERP,17 32015701,www.famerp.br,secretariageral@famerp.br,Avenida Brigadeiro Faria Lima - 5416 - CEP: 15090-000 - VILA SÃO PEDRO,São José do Rio Preto,SP,Faculdade,EAD - Superior / Presencial - Superior /,Publica,Pública Estadual,1968-02-16,-,,-,,5,2023.0,,,,Ativa,,10-s2.0-60049617,60049617,Faculdade de Medicina de São José do Rio Preto,famerp.br,https://www.famerp.br/,['Faculdade de Medicina de Sao Jose do Rio Preto'],1,1,1,1
1265,MOSTEIRO DE SAO BENTO DE SAO PAULO,61.018.750/0001-85,Pessoa Jurídica de Direito Privado - Sem fins lucrativos - Associação de Utilidade Pública,1921,FACULDADE DE SÃO BENTO (FSB),FSB,(11)3328 8790,www.faculdadedesaobento.com.br,diretoracademico@faculdadedesaobento.com.br,Largo de São Bento - S/N - CEP: 01029-010 - Centro,São Paulo,SP,Faculdade,Presencial - Superior,Privada,Privada sem fins lucrativos,2001-12-10,4,2023.0,-,,3,2023.0,,,,Ativa,,10-s2.0-113346504,113346504,Mosteiro de São Bento de São Paulo (MSBSP),,,"['Faculdade De Filosofia De São Bento', 'Faculdade São Bento De São Paulo', 'Faculdade De São Bento São Paulo', 'Faculdade De São Bento']",0,0,0,1
16878,CEISP SERVICOS EDUCACIONAIS LTDA,09.099.207/0001-30,Privada com fins lucrativos,2399,FACULDADE DE SOROCABA,-,(15)32128160,www.uniesp.edu.br/sorocaba,legis.educ@uniesp.edu.br,Rua da Penha - 620 - CEP: 18010-002 - Centro,Sorocaba,SP,Faculdade,Presencial - Superior,Privada,Privada com fins lucrativos,2005-11-16,3,2017.0,-,,3,2021.0,,,"Em supervisão - Procedimento Sancionador, Vedação de criação de cursos de especialização Lato Sensu",Ativa,,10-s2.0-108406864,108406864,Faculdade de Medicina de Sorocaba,,,"['Faculdade De Medicina De Sorocaba', 'Faculdade De Sorocaba', 'Faculdade De Medicina', 'Faculdade De Engenharia De Sorocaba', 'Faculdade De Direito De Sorocaba', 'Academico De Medicina Da Faculdade De Medicina De Sorocaba']",0,0,0,1
16134,UNIESP S.A,19.347.410/0001-31,Privada com fins lucrativos,2009,FACULDADE DE TAQUARITINGA (FTGA),FTGA,(16) 3253.8660,www.faculdadedetaquaritinga.edu.br,paulo.cscatolin@uniesp.edu.br;legis.educ@uniesp.edu.br,Fazenda Contendas - s/n - CEP: 15900-000 - Zona Rural,Taquaritinga,SP,Faculdade,Presencial - Superior,Privada,Privada com fins lucrativos,2002-12-31,3,2013.0,-,,2,2022.0,,,,Ativa,,10-s2.0-116774386,116774386,Faculdade de Tecnologia de Taquaritinga (FATEC),,,"['Faculdade De Tecnologia De Taquaritinga (fatec)', 'Faculdade De Tecnologia De Taquaritinga', 'Faculdade De Taquaritinga']",0,0,0,1
16134,UNIESP S.A,19.347.410/0001-31,Privada com fins lucrativos,2009,FACULDADE DE TAQUARITINGA (FTGA),FTGA,(16) 3253.8660,www.faculdadedetaquaritinga.edu.br,paulo.cscatolin@uniesp.edu.br;legis.educ@uniesp.edu.br,Fazenda Contendas - s/n - CEP: 15900-000 - Zona Rural,Taquaritinga,SP,Faculdade,Presencial - Superior,Privada,Privada com fins lucrativos,2002-12-31,3,2013.0,-,,2,2022.0,,,,Ativa,,10-s2.0-119884790,119884790,Faculdade de Taquaritinga,,,['Faculdade De Taquaritinga'],1,0,0,1
16134,UNIESP S.A,19.347.410/0001-31,Privada com fins lucrativos,2009,FACULDADE DE TAQUARITINGA (FTGA),FTGA,(16) 3253.8660,www.faculdadedetaquaritinga.edu.br,paulo.cscatolin@uniesp.edu.br;legis.educ@uniesp.edu.br,Fazenda Contendas - s/n - CEP: 15900-000 - Zona Rural,Taquaritinga,SP,Faculdade,Presencial - Superior,Privada,Privada com fins lucrativos,2002-12-31,3,2013.0,-,,2,2022.0,,,,Ativa,,10-s2.0-130485103,130485103,Faculdade de Taquaritinga,,,['Faculdade De Taquaritinga'],1,0,0,1
33,CENTRO ESTADUAL DE EDUCACAO TECNOLOGICA PAULA SOUZA,62.823.257/0001-09,Pessoa Jurídica de Direito Público - Estadual,15757,Faculdade de Tecnologia de Barueri (Fatec Barueri),Fatec Barueri,11-41983121/3096/3086/3268,www.fatecbarueri.edu.br,f209dir@cps.sp.gov.br,Avenida Carlos Capriotti - 123 - CEP: 06401-136 - Centro,Barueri,SP,Faculdade,Presencial - Superior,Publica,Pública Estadual,2010-07-01,-,,-,,4,2023.0,,,,Ativa,,10-s2.0-110099923,110099923,Faculdade de Tecnologia de Barueri,,,['Faculdade de Tecnologia de Barueri'],1,0,0,1
33,CENTRO ESTADUAL DE EDUCACAO TECNOLOGICA PAULA SOUZA,62.823.257/0001-09,Pessoa Jurídica de Direito Público - Estadual,15689,Faculdade de Tecnologia de Bauru (FATEC),FATEC,14 32232083,www.fatecbauru.cps.sp.gov.br,op196@centropaulasouza.sp.gov.br,Rua Manoel Bento da Cruz - 30 - CEP: 17015-171 - Centro,Bauru,SP,Faculdade,Presencial - Superior,Publica,Pública Estadual,2010-04-09,-,,-,,3,2023.0,,,,Ativa,,10-s2.0-113064671,113064671,Faculdade de Tecnologia de Bauru,,,"['Faculdade De Tecnologia De Bauru', 'Faculdade De Tecnologia De Bauru- Fatec', 'Unesp - Faculdade De Engenharia De Bauru']",1,0,0,1
33,CENTRO ESTADUAL DE EDUCACAO TECNOLOGICA PAULA SOUZA,62.823.257/0001-09,Pessoa Jurídica de Direito Público - Estadual,4020,FACULDADE DE TECNOLOGIA DE BOTUCATU (FATEC BT),FATEC BT,(14) 38143004,www.fatecbt.edu.br,danisley.roschel@fatec.sp.gov.br,Avenida José Ítalo Bachi - s/n - CEP: 18606-855 - Jardim Aeroporto,Botucatu,SP,Faculdade,EAD - Superior / Presencial - Superior /,Publica,Pública Estadual,1994-12-16,-,,-,,3,2023.0,,,,Ativa,,10-s2.0-107294891,107294891,Faculdade de Tecnologia de Botucatu,,,"['Faculdade De Tecnologia De Botucatu', 'Faculdade De Tecnologia De Botucatu (fatec-bt)', 'Faculdade De Tecnologia De Botucatu (fatec)', 'Faculdade Iteana De Botucatu', 'Faculdade De Tecnológica De Botucatu', 'Faculdade De Tecnología De Botucatu', 'Faculdade De Botucatu', 'Faculdad De Medicina De Botucatu']",1,0,0,4
33,CENTRO ESTADUAL DE EDUCACAO TECNOLOGICA PAULA SOUZA,62.823.257/0001-09,Pessoa Jurídica de Direito Público - Estadual,19739,Faculdade de Tecnologia de Campinas (FATEC CAMPINAS),FATEC CAMPINAS,(19)3216-6474,http://www.fateccampinas.com.br/,f276acad@cps.sp.gov.br,Avenida Cônego Antônio Rocato - KM 3.5 - CEP: 13082-015 - Chácaras Campos dos Amarais,Campinas,SP,Faculdade,Presencial - Superior,Publica,Pública Estadual,2014-04-02,-,,-,,3,2023.0,,,,Ativa,,10-s2.0-121111677,121111677,Faculdade de Tecnologia de Campinas (FATEC-CPS),,,"['Faculdade De Tecnologia De Campinas (fatec-cps)', 'Faculdade De Tecnologia De Campinas (fatec)', 'Faculdade De Tecnologia (fatec)']",1,0,0,2
33,CENTRO ESTADUAL DE EDUCACAO TECNOLOGICA PAULA SOUZA,62.823.257/0001-09,Pessoa Jurídica de Direito Público - Estadual,15704,Faculdade de Tecnologia de Capão Bonito (FATEC-CB),FATEC-CB,15 35422654,www.fateccb.edu.br,f174acad@cps.sp.gov.br,Avenida Péricles de Freitas - 296 - CEP: 18304-750 - Terras do Imbiruçu,Capão Bonito,SP,Faculdade,Presencial - Superior,Publica,Pública Estadual,2008-01-22,-,,-,,-,,,,,Ativa,,10-s2.0-112095749,112095749,Faculdade de Tecnologia de Capão Bonito - FATEC,,,"['Faculdade De Tecnologia De Capão Bonito', 'Faculdade De Tecnologia De Capão Bonito - Fatec']",0,0,0,1
33,CENTRO ESTADUAL DE EDUCACAO TECNOLOGICA PAULA SOUZA,62.823.257/0001-09,Pessoa Jurídica de Direito Público - Estadual,15704,Faculdade de Tecnologia de Capão Bonito (FATEC-CB),FATEC-CB,15 35422654,www.fateccb.edu.br,f174acad@cps.sp.gov.br,Avenida Péricles de Freitas - 296 - CEP: 18304-750 - Terras do Imbiruçu,Capão Bonito,SP,Faculdade,Presencial - Superior,Publica,Pública Estadual,2008-01-22,-,,-,,-,,,,,Ativa,,10-s2.0-120139839,120139839,FATEC-Faculdade de Tecnologia de Capão Bonito,,,"['Fatec-faculdade De Tecnologia De Capão Bonito', 'Faculdade De Tecnologia De Capão Bonito']",0,0,0,1
33,CENTRO ESTADUAL DE EDUCACAO TECNOLOGICA PAULA SOUZA,62.823.257/0001-09,Pessoa Jurídica de Direito Público - Estadual,16410,Faculdade de Tecnologia de Catanduva (FATEC Catanduva),FATEC Catanduva,551735247186,www.fateccatanduva.edu.br,f182acad@cps.sp.gov.br,Rua Maranhão - 898 - CEP: 15800-020 - Centro,Catanduva,SP,Faculdade,Presencial - Superior,Publica,Pública Estadual,2008-09-02,-,,-,,4,2023.0,,,,Ativa,,10-s2.0-115135745,115135745,Faculdade de Tecnologia de Catanduva,,,['Faculdade de Tecnologia de Catanduva'],1,0,0,1
33,CENTRO ESTADUAL DE EDUCACAO TECNOLOGICA PAULA SOUZA,62.823.257/0001-09,Pessoa Jurídica de Direito Público - Estadual,4021,FACULDADE DE TECNOLOGIA DE GARÇA (FATECGA),FATECGA,(14)3588-1800,https://fatecgarca.cps.sp.gov.br/,f119dir@cps.sp.gov.br,Av. Presidente Vargas - 2331 - CEP: 17400-000 - Vila José Ribeiro,Garça,SP,Faculdade,EAD - Superior / Presencial - Superior /,Publica,Pública Estadual,2004-01-07,-,,-,,3,2023.0,,,,Ativa,,10-s2.0-116979619,116979619,Faculdade de Tecnologia de Garça,,,['Faculdade de Tecnologia de Garça'],1,0,0,1
33,CENTRO ESTADUAL DE EDUCACAO TECNOLOGICA PAULA SOUZA,62.823.257/0001-09,Pessoa Jurídica de Direito Público - Estadual,4021,FACULDADE DE TECNOLOGIA DE GARÇA (FATECGA),FATECGA,(14)3588-1800,https://fatecgarca.cps.sp.gov.br/,f119dir@cps.sp.gov.br,Av. Presidente Vargas - 2331 - CEP: 17400-000 - Vila José Ribeiro,Garça,SP,Faculdade,EAD - Superior / Presencial - Superior /,Publica,Pública Estadual,2004-01-07,-,,-,,3,2023.0,,,,Ativa,,10-s2.0-118710688,118710688,Faculdade de Tecnológia de Garça,,,"['Faculdade De Tecnológia De Garça', 'Faculdade De Tecnologia De Garça']",1,0,0,2
33,CENTRO ESTADUAL DE EDUCACAO TECNOLOGICA PAULA SOUZA,62.823.257/0001-09,Pessoa Jurídica de Direito Público - Estadual,1584,FACULDADE DE TECNOLOGIA DE GUARATINGUETÁ (FATEC GT),FATEC GT,31262643,www.fatecguaratingueta.edu.br,diretoria@fatecguaratingueta.edu.br,Avenida Professor João Rodrigues Alckimin - 1501 - CEP: 12517-010 - Jardim Esperança,Guaratinguetá,SP,Faculdade,EAD - Superior / Presencial - Superior /,Publica,Pública Estadual,1994-09-22,-,,-,,4,2023.0,,,,Ativa,,10-s2.0-101835016,101835016,FATEC - Faculdade de Tecnologia de Guaratinguetá,,,"['Fatec - Faculdade De Tecnologia De Guaratinguetá', 'Faculdade De Tecnologia De Guaratinguetá (fatec)', 'Faculdade De Tecnologia De Guaratinguetá', 'Faculdade De Engenharia De Guaratinguetá', 'Fac. De Engenharia De Guaratingueta']",0,0,0,2
33,CENTRO ESTADUAL DE EDUCACAO TECNOLOGICA PAULA SOUZA,62.823.257/0001-09,Pessoa Jurídica de Direito Público - Estadual,15752,Faculdade de Tecnologia de Guarulhos (FATEC GR),FATEC GR,2475-8801,www.fatecguarulhos.edu.br,f167dir@cps.sp.gov.br,Rua Cristobal Claudio Elillo - 88 - CEP: 07190-065 - Parque Cecap,Guarulhos,SP,Faculdade,Presencial - Superior,Publica,Pública Estadual,2007-12-12,-,,-,,4,2023.0,,,,Ativa,,10-s2.0-114758998,114758998,Química e BiologiaFaculdade de Ciências e Tecnologia FCT/UNESPPresidente Prudente,,,"['Química E Biologiafaculdade De Ciências E Tecnologia Fct/unesppresidente Prudente', 'Faculdade De Tecnologia Guarulhos', 'Faculdade De Tecnologia De Guarulhos', 'Faculdade De Tecnologia', 'Faculdade De Ciências E Tecnologia - Fct/unesp', 'Faculdade De Ciências E Tecnologia']",0,0,0,1
33,CENTRO ESTADUAL DE EDUCACAO TECNOLOGICA PAULA SOUZA,62.823.257/0001-09,Pessoa Jurídica de Direito Público - Estadual,1583,FACULDADE DE TECNOLOGIA DE INDAIATUBA (FATEC-ID),FATEC-ID,(19) 3885-1923,www.fatecindaiatuba.edu.br,f105dir@cps.sp.gov.br,Rua Dom Pedro I - 65 - CEP: 13334-100 - Cidade Nova I,Indaiatuba,SP,Faculdade,EAD - Superior / Presencial - Superior /,Publica,Pública Estadual,1994-10-05,-,,-,,3,2023.0,,,,Ativa,,10-s2.0-117187198,117187198,Faculdade de Tecnologia de Indaiatuba (FATECID),,,['Faculdade de Tecnologia de Indaiatuba (FATECID)'],1,0,0,1
33,CENTRO ESTADUAL DE EDUCACAO TECNOLOGICA PAULA SOUZA,62.823.257/0001-09,Pessoa Jurídica de Direito Público - Estadual,1583,FACULDADE DE TECNOLOGIA DE INDAIATUBA (FATEC-ID),FATEC-ID,(19) 3885-1923,www.fatecindaiatuba.edu.br,f105dir@cps.sp.gov.br,Rua Dom Pedro I - 65 - CEP: 13334-100 - Cidade Nova I,Indaiatuba,SP,Faculdade,EAD - Superior / Presencial - Superior /,Publica,Pública Estadual,1994-10-05,-,,-,,3,2023.0,,,,Ativa,,10-s2.0-112757823,112757823,Faculdade de Tecnologia de Indaiatuba,,,['Faculdade de Tecnologia de Indaiatuba'],1,0,0,1
33,CENTRO ESTADUAL DE EDUCACAO TECNOLOGICA PAULA SOUZA,62.823.257/0001-09,Pessoa Jurídica de Direito Público - Estadual,37,FACULDADE DE TECNOLOGIA DE JAHU (FATEC-JAHU),FATEC-JAHU,14 3622-8280,www.fatecjahu.edu.br,f020editais@cps.sp.gov.br,Rua Frei Galvão - S/N - CEP: 17212-599 - JARDIM PEDRO OMETTO,Jaú,SP,Faculdade,EAD - Superior / Presencial - Superior /,Publica,Pública Estadual,1990-02-24,-,,-,,3,2023.0,,,,Ativa,,10-s2.0-116733278,116733278,Faculdade de Tecnologia de Jahu,,,['Faculdade De Tecnologia De Jahu'],1,0,0,1
33,CENTRO ESTADUAL DE EDUCACAO TECNOLOGICA PAULA SOUZA,62.823.257/0001-09,Pessoa Jurídica de Direito Público - Estadual,37,FACULDADE DE TECNOLOGIA DE JAHU (FATEC-JAHU),FATEC-JAHU,14 3622-8280,www.fatecjahu.edu.br,f020editais@cps.sp.gov.br,Rua Frei Galvão - S/N - CEP: 17212-599 - JARDIM PEDRO OMETTO,Jaú,SP,Faculdade,EAD - Superior / Presencial - Superior /,Publica,Pública Estadual,1990-02-24,-,,-,,3,2023.0,,,,Ativa,,10-s2.0-119832162,119832162,Faculdade de Tecnologia de Jahu (Fatec Jahu),,,['Faculdade De Tecnologia De Jahu (fatec Jahu)'],1,0,0,1
33,CENTRO ESTADUAL DE EDUCACAO TECNOLOGICA PAULA SOUZA,62.823.257/0001-09,Pessoa Jurídica de Direito Público - Estadual,4024,FACULDADE DE TECNOLOGIA DE MOCOCA (FATEC),FATEC,(19) 3656 5559 - 3665 6005,https://www.fatecmococa.edu.br/,f120acad@cps.sp.gov.br,Avenida Américo Pereira Lima - S/N - CEP: 13736-260 - Jardim Lavínia,Mococa,SP,Faculdade,EAD - Superior / Presencial - Superior /,Publica,Pública Estadual,2004-01-07,-,,-,,3,2023.0,,,,Ativa,,10-s2.0-101642061,101642061,Faculdade de Tecnologia de Mococa,,,['Faculdade De Tecnologia De Mococa'],1,0,0,1
33,CENTRO ESTADUAL DE EDUCACAO TECNOLOGICA PAULA SOUZA,62.823.257/0001-09,Pessoa Jurídica de Direito Público - Estadual,15576,Faculdade de Tecnologia de Mogi das Cruzes (FATEC-MC),FATEC-MC,11 4699.2799,www.fatecmogidascruzes.com.br,f184acad@cps.sp.gov.br,Rua Carlos Baratino - 01 - CEP: 08773-600 - Vila Mogilar,Mogi das Cruzes,SP,Faculdade,Presencial - Superior,Publica,Pública Estadual,,-,,-,,4,2023.0,,,,Ativa,,10-s2.0-113421068,113421068,Mogi das Cruzes University,,,"['Mogi Das Cruzes University', 'Mogi Das Cruzes Medical Faculty', 'Nephrology Inst. Of Mogi Das Cruzes', 'Mogi Das Cruzes University - Umc', 'Mogi Das Cruzes University (umc)', 'Faculdade De Tecnologia De Mogi Das Cruzes', 'Centro Paula Souza Mogi Das Cruzes']",0,0,0,1
33,CENTRO ESTADUAL DE EDUCACAO TECNOLOGICA PAULA SOUZA,62.823.257/0001-09,Pessoa Jurídica de Direito Público - Estadual,15687,Faculdade de Tecnologia de Pindamonhangaba (FATEC PI),FATEC PI,(12)36488756,www.fatecpindamonhangaba.edu.br,f133acad@cps.sp.gov.br,Rodovia Abel Fabrício Dias - 4010 - CEP: 12455-010 - Água Preta,Pindamonhangaba,SP,Faculdade,Presencial - Superior,Publica,Pública Estadual,2008-04-10,-,,-,,-,,,,,Ativa,,10-s2.0-117559210,117559210,Faculdade de Tecnologia de Pindamonhangaba - FATEC,,,"['Faculdade De Tecnologia De Pindamonhangaba - Fatec', 'Faculdade De Tecnologia De Pindamonhangaba']",0,0,0,1
33,CENTRO ESTADUAL DE EDUCACAO TECNOLOGICA PAULA SOUZA,62.823.257/0001-09,Pessoa Jurídica de Direito Público - Estadual,15682,Faculdade de Tecnologia de Piracicaba (Fatec Piracicaba),Fatec Piracicaba,(19) 3413-1702,www.fatecpiracicaba.edu.br,f175dir@cps.sp.gov.br,Rua Diácono Jair de Oliveira - 651 - CEP: 13414-155 - Santa Rosa,Piracicaba,SP,Faculdade,Presencial - Superior,Publica,Pública Estadual,2008-11-05,-,,-,,4,2023.0,,,,Ativa,,10-s2.0-118159206,118159206,Faculdade de Tecnologia de Piracicaba,,,"['Faculdade De Tecnologia De Piracicaba', 'Faculdade De Tecnologia De Piracicaba (fatec Piracicaba)']",1,0,0,2
33,CENTRO ESTADUAL DE EDUCACAO TECNOLOGICA PAULA SOUZA,62.823.257/0001-09,Pessoa Jurídica de Direito Público - Estadual,15682,Faculdade de Tecnologia de Piracicaba (Fatec Piracicaba),Fatec Piracicaba,(19) 3413-1702,www.fatecpiracicaba.edu.br,f175dir@cps.sp.gov.br,Rua Diácono Jair de Oliveira - 651 - CEP: 13414-155 - Santa Rosa,Piracicaba,SP,Faculdade,Presencial - Superior,Publica,Pública Estadual,2008-11-05,-,,-,,4,2023.0,,,,Ativa,,10-s2.0-107302530,107302530,Faculdade de Tecnologia de Piracicaba,,,['Faculdade De Tecnologia De Piracicaba'],1,0,0,1
2605,INSTITUTO DE DESENVOLVIMENTO TECNOLOGICO E EDUCACIONAL DE PIRACICABA LTDA,07.180.852/0001-57,Privada com fins lucrativos,4150,FACULDADE DE TECNOLOGIA DE PIRACICABA (FATEP),FATEP,(19) 3432 9957,www.fateppiracicaba.edu.br,marcos@fateppiracicaba.edu.br,Avenida Rio Claro - 290 - CEP: 13414-048 - Vila Areião,Piracicaba,SP,Faculdade,EAD - Superior / Presencial - Superior /,Privada,Privada com fins lucrativos,2007-01-08,3,2023.0,4,2019.0,3,2023.0,,,,Ativa,,10-s2.0-118159206,118159206,Faculdade de Tecnologia de Piracicaba,,,"['Faculdade De Tecnologia De Piracicaba', 'Faculdade De Tecnologia De Piracicaba (fatec Piracicaba)']",1,0,0,2
2605,INSTITUTO DE DESENVOLVIMENTO TECNOLOGICO E EDUCACIONAL DE PIRACICABA LTDA,07.180.852/0001-57,Privada com fins lucrativos,4150,FACULDADE DE TECNOLOGIA DE PIRACICABA (FATEP),FATEP,(19) 3432 9957,www.fateppiracicaba.edu.br,marcos@fateppiracicaba.edu.br,Avenida Rio Claro - 290 - CEP: 13414-048 - Vila Areião,Piracicaba,SP,Faculdade,EAD - Superior / Presencial - Superior /,Privada,Privada com fins lucrativos,2007-01-08,3,2023.0,4,2019.0,3,2023.0,,,,Ativa,,10-s2.0-107302530,107302530,Faculdade de Tecnologia de Piracicaba,,,['Faculdade De Tecnologia De Piracicaba'],1,0,0,1
33,CENTRO ESTADUAL DE EDUCACAO TECNOLOGICA PAULA SOUZA,62.823.257/0001-09,Pessoa Jurídica de Direito Público - Estadual,15745,Faculdade de Tecnologia de São Caetano do Sul (FATEC SCS),FATEC SCS,11 42329552,www.fatecsaocaetano.edu.br,f168dir@cps.sp.gov.br,Rua Bell Aliance - 225 - CEP: 09581-420 - Jardim São Caetano,São Caetano do Sul,SP,Faculdade,EAD - Superior / Presencial - Superior,Publica,Pública Estadual,2008-04-29,-,,-,,3,2023.0,,,,Ativa,,10-s2.0-130438704,130438704,Faculdade de Tecnologia de São Caetano Do sul,,,['Faculdade De Tecnologia De São Caetano Do Sul'],1,0,0,1
33,CENTRO ESTADUAL DE EDUCACAO TECNOLOGICA PAULA SOUZA,62.823.257/0001-09,Pessoa Jurídica de Direito Público - Estadual,34,FACULDADE DE TECNOLOGIA DE SÃO PAULO (FATEC-SP),FATEC-SP,1133222202,www.fatecsp.br,secdir@fatecsp.br,Praça Coronel Fernando Prestes - 30 - CEP: 01124-060 - BOM RETIRO,São Paulo,SP,Faculdade,EAD - Superior / Presencial - Superior /,Publica,Pública Estadual,1973-04-10,-,,3,2022.0,4,2023.0,,,,Ativa,,10-s2.0-60070417,60070417,Faculdade de Tecnologia de Sao Paulo,fatecsp.br,http://www.fatecsp.br/,['Faculdade de Tecnologia de Sao Paulo'],1,1,1,1
33,CENTRO ESTADUAL DE EDUCACAO TECNOLOGICA PAULA SOUZA,62.823.257/0001-09,Pessoa Jurídica de Direito Público - Estadual,33,FACULDADE DE TECNOLOGIA DE SOROCABA (FATEC SO),FATEC SO,(15) 3238-5266,www.fatecsorocaba.edu.br,f003acad@cps.sp.gov.br,AVENIDA ENGENHEIRO CARLOS REINALDO MENDES - 2.015 - CEP: 18013-280 - ALTO DA BOA VISTA,Sorocaba,SP,Faculdade,EAD - Superior / Presencial - Superior /,Publica,Pública Estadual,1970-05-21,-,,-,,4,2023.0,,,,Ativa,,10-s2.0-117044402,117044402,Faculdade de Tecnologia de Sorocaba (FATEC),,,[],1,0,0,0
33,CENTRO ESTADUAL DE EDUCACAO TECNOLOGICA PAULA SOUZA,62.823.257/0001-09,Pessoa Jurídica de Direito Público - Estadual,33,FACULDADE DE TECNOLOGIA DE SOROCABA (FATEC SO),FATEC SO,(15) 3238-5266,www.fatecsorocaba.edu.br,f003acad@cps.sp.gov.br,AVENIDA ENGENHEIRO CARLOS REINALDO MENDES - 2.015 - CEP: 18013-280 - ALTO DA BOA VISTA,Sorocaba,SP,Faculdade,EAD - Superior / Presencial - Superior /,Publica,Pública Estadual,1970-05-21,-,,-,,4,2023.0,,,,Ativa,,10-s2.0-116784163,116784163,Faculdade de Tecnologia de Sorocaba,,,[],1,0,0,0
33,CENTRO ESTADUAL DE EDUCACAO TECNOLOGICA PAULA SOUZA,62.823.257/0001-09,Pessoa Jurídica de Direito Público - Estadual,33,FACULDADE DE TECNOLOGIA DE SOROCABA (FATEC SO),FATEC SO,(15) 3238-5266,www.fatecsorocaba.edu.br,f003acad@cps.sp.gov.br,AVENIDA ENGENHEIRO CARLOS REINALDO MENDES - 2.015 - CEP: 18013-280 - ALTO DA BOA VISTA,Sorocaba,SP,Faculdade,EAD - Superior / Presencial - Superior /,Publica,Pública Estadual,1970-05-21,-,,-,,4,2023.0,,,,Ativa,,10-s2.0-109298333,109298333,Faculdade de Tecnologia de Sorocaba,,,"['Faculdade De Tecnologia De Sorocaba', 'Fatec-faculdade De Tecnologia De Sorocaba', 'Faculdade De Tecnologia De Sorocaba – Fatec So', 'Faculdade De Tecnologia De Sorocaba (fatec-so)', 'Faculdade De Tecnologia De Sorocaba (fatec)']",1,0,0,3
33,CENTRO ESTADUAL DE EDUCACAO TECNOLOGICA PAULA SOUZA,62.823.257/0001-09,Pessoa Jurídica de Direito Público - Estadual,967,FACULDADE DE TECNOLOGIA DE TAQUARITINGA (FATEC/TQ),FATEC/TQ,16 3252-5250,www.fatectq.edu.br,luciana.ferrarezi@fatectq.edu.br,Avenida Doutor Flávio Henrique Lemos - 585 - CEP: 15900-000 - PORTAL ITAMARACÁ,Taquaritinga,SP,Faculdade,EAD - Superior / Presencial - Superior /,Publica,Pública Estadual,1992-07-01,-,,-,,3,2023.0,,,,Ativa,,10-s2.0-116774386,116774386,Faculdade de Tecnologia de Taquaritinga (FATEC),,,"['Faculdade De Tecnologia De Taquaritinga (fatec)', 'Faculdade De Tecnologia De Taquaritinga', 'Faculdade De Taquaritinga']",1,0,0,2
33,CENTRO ESTADUAL DE EDUCACAO TECNOLOGICA PAULA SOUZA,62.823.257/0001-09,Pessoa Jurídica de Direito Público - Estadual,18049,Faculdade de Tecnologia de Taubaté (FATEC TAUBATÉ),FATEC TAUBATÉ,12 3602-2708,www.fatectaubate.edu.br,f251acad@cps.sp.gov.br,Avenida Tomé Portes Del Rei - 525 - CEP: 12070-610 - Vila São José,Taubaté,SP,Faculdade,EAD - Superior / Presencial - Superior /,Publica,Pública Estadual,2011-01-31,-,,-,,3,2023.0,,,,Ativa,,10-s2.0-107822898,107822898,Faculdade de Medicina de Taubaté,,,"['Faculdade De Medicina De Taubaté', 'Faculdade Anhanguera De Taubaté', 'Faculdade De Tecnologia De Taubaté', 'Faculdade De Medicina', 'Faculdade Comunitária De Taubaté']",0,0,0,1
14479,ESCOLA DE ULTRA-SONOGRAFIA RIBEIRAO PRETO LTDA,60.250.438/0001-50,Privada com fins lucrativos,14969,FACULDADE DE TECNOLOGIA EM SAÚDE (FATESA),FATESA,(16) 3602-7700,fatesa.edu.br,talita@fatesa.edu.br; magda_mondine@yahoo.com.br,Rua Marcos Markarian - 1025 - CEP: 14026-583 - Nova Aliança,Ribeirão Preto,SP,Faculdade,EAD - Superior / Presencial - Superior /,Privada,Privada com fins lucrativos,2013-08-12,5,2025.0,5,2021.0,4,2023.0,,,,Ativa,,10-s2.0-118781432,118781432,Faculdade de Tecnologia em Saúde,,,"['Faculdade De Tecnologia Em Saúde', 'Faculdade De Tecnologia Em Saúde.', 'Faculdade De Tecnologia Em Saúde (fatesa)']",1,0,0,2
14479,ESCOLA DE ULTRA-SONOGRAFIA RIBEIRAO PRETO LTDA,60.250.438/0001-50,Privada com fins lucrativos,14969,FACULDADE DE TECNOLOGIA EM SAÚDE (FATESA),FATESA,(16) 3602-7700,fatesa.edu.br,talita@fatesa.edu.br; magda_mondine@yahoo.com.br,Rua Marcos Markarian - 1025 - CEP: 14026-583 - Nova Aliança,Ribeirão Preto,SP,Faculdade,EAD - Superior / Presencial - Superior /,Privada,Privada com fins lucrativos,2013-08-12,5,2025.0,5,2021.0,4,2023.0,,,,Ativa,,10-s2.0-121501981,121501981,Faculdade de Tecnologia em Saúde,,,['Faculdade De Tecnologia Em Saúde'],1,0,0,1
33,CENTRO ESTADUAL DE EDUCACAO TECNOLOGICA PAULA SOUZA,62.823.257/0001-09,Pessoa Jurídica de Direito Público - Estadual,19501,Faculdade de Tecnologia Sebrae (FATEC SEBRAE),FATEC SEBRAE,11-33311199,www.fatecsebrae.edu.br,f272ata@cps.sp.gov.br,Alameda Nothmann - 598 - CEP: 01216-000 - Campos Elíseos,São Paulo,SP,Faculdade,Presencial - Superior,Publica,Pública Estadual,2014-01-18,-,,-,,4,2023.0,,,,Ativa,,10-s2.0-114935034,114935034,Faculdade de Tecnologia Sebrae,,,[],1,0,0,0
33,CENTRO ESTADUAL DE EDUCACAO TECNOLOGICA PAULA SOUZA,62.823.257/0001-09,Pessoa Jurídica de Direito Público - Estadual,4026,FACULDADE DE TECNOLOGIA ZONA LESTE (FATEC-ZL),FATEC-ZL,(11) 2040.4108,www.fateczl.cps.sp.gov.br,f111dir@cps.sp.gov.br,Avenida Águia de Haia - 2983 - CEP: 03694-000 - Parque Paineiras,São Paulo,SP,Faculdade,EAD - Superior / Presencial - Superior /,Publica,Pública Estadual,2002-02-01,-,,-,,4,2023.0,,,,Ativa,,10-s2.0-109720532,109720532,Faculdade de Tecnologia da Zona Leste,,,"['Faculdade De Tecnologia Da Zona Leste', 'Faculdade De Tecnologia Zona Leste', 'Faculdade De Tecnologia Da Zona Leste De São Paulo', 'Centro Paula Souza – Faculdade De Tecnologia Da Zona Leste']",0,0,0,1
16111,SDO SISTEMA DE DOCUMENTACAO ODONTOLOGICA LTDA,04.344.730/0001-60,Privada com fins lucrativos,19325,Faculdade do Centro Oeste Paulista (FACOP),FACOP,(14) 3265-2913,,rphenri@hotmail.com;facop.sp@gmail.com,Rua Luiz Gimenez Mosegose - 72 - CEP: 17499-010 - Distrito Industrial,Piratininga,SP,Faculdade,Presencial - Superior,Privada,Privada com fins lucrativos,2017-07-26,4,2022.0,4,2023.0,4,2023.0,,,,Ativa,,10-s2.0-120491443,120491443,Faculdade do Centro Oeste Paulista,,,['Faculdade Do Centro Oeste Paulista'],1,0,0,1
175,CLUBE NAUTICO MOGIANO,52.577.244/0001-35,Pessoa Jurídica de Direito Privado - Sem fins lucrativos - Associação de Utilidade Pública,243,FACULDADE DO CLUBE NÁUTICO MOGIANO (FCNM),FCNM,(11) 4791 7100,www.nautico.edu.br,nautico@nautico.edu.br; fcnm.sp@gmail.com,Rua Cabo Diogo Oliver - 758 - CEP: 08773-000 - Mogilar,Mogi das Cruzes,SP,Faculdade,Presencial - Superior,Privada,Privada sem fins lucrativos,1972-01-27,3,2012.0,-,,3,2023.0,,,,Ativa,,10-s2.0-120502088,120502088,Faculdade do Clube Náutico Mogiano (FCNM),,,"['Faculdade Do Clube Náutico Mogiano (fcnm)', 'Faculty Of Clube Nautico Mogiano', 'Faculdade Do Clube Náutico Mogiano', 'Faculdade Do Clube Nautico Mogiano', 'Faculdade Clube Náutico Mogiano']",1,0,0,3
17506,EPD - ESCOLA PAULISTA DE DIREITO LTDA,07.279.794/0001-13,Privada com fins lucrativos,905,FACULDADE ESCOLA PAULISTA DE DIREITO (FACEPD),FACEPD,(11) 3273-3603,https://epd.edu.br,rucieli.toniolo@unidombosco.edu.br,Avenida Liberdade - 956 - CEP: 01502-001 - Liberdade,São Paulo,SP,Faculdade,EAD - Superior / Presencial - Superior /,Privada,Privada com fins lucrativos,1994-12-31,5,2023.0,4,2018.0,4,2023.0,,,,Ativa,,10-s2.0-119561999,119561999,Faculdade Escola Paulista de Direito,,,"['Faculdade Escola Paulista De Direito', 'Escola Paulista De Direito (epd)', 'Escola Paulista De Direito']",1,0,0,1
119,SOCIEDADE DE ENSINO SUPERIOR ESTACIO DE SA LTDA,34.075.739/0001-84,Privada com fins lucrativos,1659,FACULDADE ESTÁCIO DE SÁ DE OURINHOS (FAESO),FAESO,,www.estacio.br,cgfaeso@gmail.com;regulatorio.nacional@estacio.br,Avenida Luiz Saldanha Rodrigues - s/n - CEP: 19907-510 - Nova Ourinhos,Ourinhos,SP,Faculdade,Presencial - Superior,Privada,Privada com fins lucrativos,2001-02-12,4,2024.0,-,,3,2023.0,,,,Ativa,,10-s2.0-60022378,60022378,Universidade Estacio de Sa,estacio.br,http://www.estacio.br,"['Estacio de Sa University', 'Universidade Estacio de Sa']",0,1,1,0
119,SOCIEDADE DE ENSINO SUPERIOR ESTACIO DE SA LTDA,34.075.739/0001-84,Privada com fins lucrativos,1659,FACULDADE ESTÁCIO DE SÁ DE OURINHOS (FAESO),FAESO,,www.estacio.br,cgfaeso@gmail.com;regulatorio.nacional@estacio.br,Avenida Luiz Saldanha Rodrigues - s/n - CEP: 19907-510 - Nova Ourinhos,Ourinhos,SP,Faculdade,Presencial - Superior,Privada,Privada com fins lucrativos,2001-02-12,4,2024.0,-,,3,2023.0,,,,Ativa,,10-s2.0-60003597,60003597,Universidade Estacio de Sa Faculdade de Medicina,estacio.br,http://www.estacio.br,"['Estacio de Sa University Faculty of Medicine', 'Universidade Estacio de Sa Faculdade de Medicina']",0,1,1,0
3558,"FUNDACAO INSTITUTO DE PESQUISAS CONTABEIS, ATUARIAIS E FINANCEIRAS - FIPECAFI",46.359.865/0001-40,Pessoa Jurídica de Direito Privado - Sem fins lucrativos - Associação de Utilidade Pública,15401,Faculdade FIPECAFI (FIPECAFI),FIPECAFI,(11) 2184-2039,www.fipecafi.org,regina.matos@fipecafi.org,Rua Maestro Cardim - 1170 - CEP: 01323-001 - Liberdade,São Paulo,SP,Faculdade,EAD - Superior / Presencial - Superior /,Privada,Privada sem fins lucrativos,2011-10-25,5,2024.0,4,2023.0,4,2023.0,,,,Ativa,,10-s2.0-119897688,119897688,Faculdade FIPECAFI,,,[],1,0,0,0
1765,"UNIAO EDUCACIONAL, CULTURAL E TECNOLOGICA IMPACTA - UNI.IMPACTA",59.069.914/0001-51,Pessoa Jurídica de Direito Privado - Sem fins lucrativos - Associação de Utilidade Pública,5387,FACULDADE IMPACTA (IMPACTA),IMPACTA,(11) 5593-5385,www.impacta.edu.br,pedro.alves@impacta.com.br;ANDRE@IMPACTA.COM.BR,Rua Cubatão - 726 - CEP: 04013-000 - Vila Mariana,São Paulo,SP,Faculdade,EAD - Superior / Presencial - Superior /,Privada,Privada sem fins lucrativos,2003-03-19,5,2024.0,4,2019.0,3,2023.0,,,,Ativa,,10-s2.0-111806148,111806148,Faculdade Impacta de Tecnologia,,,"['Faculdade Impacta De Tecnologia', 'Faculdade Paulista De Comunicação E Faculdade Impacta De Tecnologia', 'Faculdade Impacta Tecnologia', 'Faculdade Impacta']",0,0,0,1
542,SOCIEDADE BENEF ISRAELITABRAS HOSPITAL ALBERT EINSTEIN,60.765.823/0001-30,Privada sem fins lucrativos,790,Faculdade Israelita de Ciências da Saúde Albert Einstein (FICSAE),FICSAE,(11) 2151 1001,www.einstein.br,facenf@einstein.br,Rua Comendador Elias Jafet - 755 - CEP: 05653-000 - Jardim Leonor,São Paulo,SP,Faculdade,EAD - Superior / Presencial - Superior /,Privada,Privada sem fins lucrativos,1988-11-30,5,2017.0,5,2022.0,5,2023.0,,,,Ativa,,10-s2.0-115861748,115861748,Faculdade Israelita de Ciências da Saúde Albert Einstein,,,[],1,0,0,0
542,SOCIEDADE BENEF ISRAELITABRAS HOSPITAL ALBERT EINSTEIN,60.765.823/0001-30,Privada sem fins lucrativos,790,Faculdade Israelita de Ciências da Saúde Albert Einstein (FICSAE),FICSAE,(11) 2151 1001,www.einstein.br,facenf@einstein.br,Rua Comendador Elias Jafet - 755 - CEP: 05653-000 - Jardim Leonor,São Paulo,SP,Faculdade,EAD - Superior / Presencial - Superior /,Privada,Privada sem fins lucrativos,1988-11-30,5,2017.0,5,2022.0,5,2023.0,,,,Ativa,,10-s2.0-129882960,129882960,Faculdade Israelita de Ciȇncias da Saúde Albert Einstein,,,"['Faculdade Israelita De Ciȇncias Da Saúde Albert Einstein', 'Faculdade Ciências Da Saúde Albert Einstein']",1,0,0,1
542,SOCIEDADE BENEF ISRAELITABRAS HOSPITAL ALBERT EINSTEIN,60.765.823/0001-30,Privada sem fins lucrativos,790,Faculdade Israelita de Ciências da Saúde Albert Einstein (FICSAE),FICSAE,(11) 2151 1001,www.einstein.br,facenf@einstein.br,Rua Comendador Elias Jafet - 755 - CEP: 05653-000 - Jardim Leonor,São Paulo,SP,Faculdade,EAD - Superior / Presencial - Superior /,Privada,Privada sem fins lucrativos,1988-11-30,5,2017.0,5,2022.0,5,2023.0,,,,Ativa,,10-s2.0-60014619,60014619,Sociedade Beneficiente Israelita Brasileira Albert Einstein,einstein.br,http://www.einstein.br,"['Sociedade Beneficiente Israelita Brasileira Albert Einstein', 'Brazilian Israelite Charitable Society Albert Einstein Hospital']",0,1,1,0
542,SOCIEDADE BENEF ISRAELITABRAS HOSPITAL ALBERT EINSTEIN,60.765.823/0001-30,Privada sem fins lucrativos,790,Faculdade Israelita de Ciências da Saúde Albert Einstein (FICSAE),FICSAE,(11) 2151 1001,www.einstein.br,facenf@einstein.br,Rua Comendador Elias Jafet - 755 - CEP: 05653-000 - Jardim Leonor,São Paulo,SP,Faculdade,EAD - Superior / Presencial - Superior /,Privada,Privada sem fins lucrativos,1988-11-30,5,2017.0,5,2022.0,5,2023.0,,,,Ativa,,10-s2.0-121575946,121575946,Faculdade Israelita de Ciências da Saúde Albert Einstein (FICSAE),,,[],1,0,0,0
542,SOCIEDADE BENEF ISRAELITABRAS HOSPITAL ALBERT EINSTEIN,60.765.823/0001-30,Privada sem fins lucrativos,790,Faculdade Israelita de Ciências da Saúde Albert Einstein (FICSAE),FICSAE,(11) 2151 1001,www.einstein.br,facenf@einstein.br,Rua Comendador Elias Jafet - 755 - CEP: 05653-000 - Jardim Leonor,São Paulo,SP,Faculdade,EAD - Superior / Presencial - Superior /,Privada,Privada sem fins lucrativos,1988-11-30,5,2017.0,5,2022.0,5,2023.0,,,,Ativa,,10-s2.0-127062959,127062959,Faculdade Israelita de Ciências da Saúde Albert Einstein,,,[],1,0,0,0
542,SOCIEDADE BENEF ISRAELITABRAS HOSPITAL ALBERT EINSTEIN,60.765.823/0001-30,Privada sem fins lucrativos,790,Faculdade Israelita de Ciências da Saúde Albert Einstein (FICSAE),FICSAE,(11) 2151 1001,www.einstein.br,facenf@einstein.br,Rua Comendador Elias Jafet - 755 - CEP: 05653-000 - Jardim Leonor,São Paulo,SP,Faculdade,EAD - Superior / Presencial - Superior /,Privada,Privada sem fins lucrativos,1988-11-30,5,2017.0,5,2022.0,5,2023.0,,,,Ativa,,10-s2.0-60016295,60016295,Hospital Israelita Albert Einstein,einstein.br,https://www.einstein.br/en/Pages/Home.aspx,['Hospital Israelita Albert Einstein'],0,0,1,0
700,INSTITUICAO TOLEDO DE ENSINO,45.024.551/0001-23,Privada sem fins lucrativos,2328,FACULDADE ITEANA DE BOTUCATU (FITB),FITB,(14) 3813 5200,www.ite.edu.br,roberval@ite.edu.br;flavio@ite.edu.br,Avenida Alcides Cagliari - 2.601 - CEP: 18606-855 - Jardim Evelyn,Botucatu,SP,Faculdade,Presencial - Superior,Privada,Privada sem fins lucrativos,2004-09-27,4,2023.0,-,,3,2023.0,,,Adesão ao PROIES,Ativa,,10-s2.0-107294891,107294891,Faculdade de Tecnologia de Botucatu,,,"['Faculdade De Tecnologia De Botucatu', 'Faculdade De Tecnologia De Botucatu (fatec-bt)', 'Faculdade De Tecnologia De Botucatu (fatec)', 'Faculdade Iteana De Botucatu', 'Faculdade De Tecnológica De Botucatu', 'Faculdade De Tecnología De Botucatu', 'Faculdade De Botucatu', 'Faculdad De Medicina De Botucatu']",0,0,0,1
2294,COMPLEXO DE ENSINO SUPERIOR DE SAO PAULO LTDA - CESUSP,05.844.842/0001-43,Privada com fins lucrativos,3618,FACULDADE LUSÓFONA DE SÃO PAULO (FL-SP),FL-SP,(11) 4702 2142,https://faculdadelusofona.com.br/,p971@ulusofona.pt,Estrada Municipal Walter Steurer - 1.413 - CEP: 06710-500 - Chácara Pavoeiro,Cotia,SP,Faculdade,Presencial - Superior,Privada,Privada com fins lucrativos,2005-07-12,4,2015.0,4,2023.0,2,2023.0,,,,Ativa,,10-s2.0-112982181,112982181,Faculdade Lusófona de São Paulo,,,"['Faculdade Lusófona De São Paulo', 'Faculdades Integradas De São Paulo', 'Faculdades Integradas De S. Paulo', 'Faculdade São Paulo', 'Faculdade De São Paulo-fsp']",1,0,0,1
222,ASSOCIACAO EDUCACIONAL NOVE DE JULHO,43.374.768/0001-38,Pessoa Jurídica de Direito Privado - Sem fins lucrativos - Associação de Utilidade Pública,1624,FACULDADE MARECHAL RONDON (FMR),FMR,(14) 3842 2000,www.fmr.edu.br,fmr@fmr.edu.br,Viscinal Nilo Lisboa Chavasco - 5000 - CEP: 18650-000 - Chacara Saltinho,São Manuel,SP,Faculdade,EAD - Superior / Presencial - Superior /,Privada,Privada sem fins lucrativos,2000-12-27,4,2023.0,5,2018.0,3,2023.0,,,,Ativa,,10-s2.0-101619912,101619912,Faculdade Marechal Rondon,,,[],1,0,0,0
19572,ASSOCIACAO MOGIANA DE EDUCACAO E CULTURA - AMEC,52.031.940/0001-41,Pessoa Jurídica de Direito Privado - Sem fins lucrativos - Associação de Utilidade Pública,12522,FACULDADE MOGIANA DO ESTADO DE SÃO PAULO (FMG),FMG,(19) 38313079,www.fmg.edu.br,secretariageral@unimogi.edu.br; atendimentofmg3@hotmail.com,Avenida Padre Jaime - 2600 - CEP: 13845-436 - Centro,Mogi Guaçu,SP,Faculdade,EAD - Superior / Presencial - Superior /,Privada,Privada sem fins lucrativos,2008-12-23,3,2021.0,-,,3,2023.0,,,,Ativa,,10-s2.0-112962031,112962031,Faculdade Aliança Educacional do Estado de São Paulo,,,"['Faculdade De Tecnologia Do Estado De São Paulo', 'Faculdade Unificada Do Estado De São Paulo (fauesp)', 'Faculdade Aliança Educacional Do Estado De São Paulo', 'Hospital De Transplantes Do Estado De São Paulo', 'Faculdade Mogiana Do Estado De São Paulo (fmg)', 'Faculdade De Tecnologia Do Estado De', 'Faculdade De Tecnologia De Sãdo Paulo', 'Faculdade Aliança Educacional Do Estado De São Paulo (faeesp)', 'Faculdade Aliança Educacional Do Estado De Sao Paulo', 'Factildade De Tecnologia De Sao Paulo']",0,0,0,1
1233,FUNDACAO EDUCACIONAL GUACUANA,52.742.236/0001-05,Pessoa Jurídica de Direito Público - Municipal,1876,FACULDADE MUNICIPAL PROFESSOR FRANCO MONTORO DE MOGI GUAÇU (FMPFM),FMPFM,(19)38616225 / 38616606,www.francomontoro.com.br,secretaria@francomontoro.com.br,Estrada da Cachoeira de Cima - s/n - CEP: 13840-000 - Centro,Mogi Guaçu,SP,Faculdade,EAD - Superior / Presencial - Superior /,Publica,Pública Municipal,1999-10-29,-,,-,,3,2023.0,,,,Ativa,,10-s2.0-60286145,60286145,Faculdade Municipal Professor Franco Montoro,francomontoro.com.br,https://francomontoro.com.br/,"['Faculdade Municipal Professor Franco Montoro', 'Professor Franco Montoro Municipal College']",0,1,1,0
16577,INSTITUTO DE PESQUISAS E EDUCACAO CONTINUADA EM ECONOMIA E GESTAO DE EMPRESAS,19.412.795/0001-73,Pessoa Jurídica de Direito Privado - Sem fins lucrativos - Associação de Utilidade Pública,21638,Faculdade PECEGE (PECEGE),PECEGE,(19) 3377-0940,www.faculdade.pecege.com,dysonoda@pecege.com,Rua Alexandre Herculano - 120 - CEP: 13418-445 - Vila Monteiro,Piracicaba,SP,Faculdade,EAD - Superior / Presencial - Superior /,Privada,Privada sem fins lucrativos,2017-12-15,4,2023.0,5,2022.0,4,2023.0,,,,Ativa,,10-s2.0-113134760,113134760,Faculdade Pecege,,,"['Instituto Pecege', 'I-pecege', 'Faculdade Pecege', 'Pecege']",1,0,0,1
14226,BBELLO EDUCACAO LTDA - ME,05.004.774/0001-04,Pessoa Jurídica de Direito Privado - Com fins lucrativos - Sociedade Mercantil ou Comercial,14890,FACULDADE PRAIA GRANDE (FPG),FPG,013 34768888,www.fpg.edu.br,paulo@fpg.edu.br,Avenida Presidente Kennedy - 4000 - CEP: 11703-200 - Aviação,Praia Grande,SP,Faculdade,EAD - Superior / Presencial - Superior /,Privada,Privada com fins lucrativos,2011-10-25,3,2017.0,4,2018.0,3,2023.0,,,,Ativa,,10-s2.0-126387577,126387577,Praia Grande College,,,"['Praia Grande College', 'Praia Grande College (fpg)', 'Faculdade Praia Grande']",0,0,0,1
17243,UNIAO NACIONAL DE EDUCACAO E TECNOLOGIA UNITEC EIRELI,31.861.069/0001-33,Privada com fins lucrativos,4357,FACULDADE QUALITTAS (QUALITTAS),QUALITTAS,19 37976318,,contabil@qualittas.com.br,Avenida Paulista - 302/306 - CEP: 01310-000 - Bela Vista,São Paulo,SP,Faculdade,Presencial - Superior,Privada,Privada com fins lucrativos,2005-05-06,4,2022.0,-,,4,2023.0,,,,Ativa,,10-s2.0-116540641,116540641,Faculdade Qualittas,,,[],1,0,0,0
303,ASSOCIACAO SANTA MARCELINA,60.742.855/0001-10,Pessoa Jurídica de Direito Privado - Sem fins lucrativos - Associação de Utilidade Pública,434,FACULDADE SANTA MARCELINA (FASM),FASM,(11) 38245800,https://www.santamarcelina.org.br/educacao/fasm_un,tatiani.visnadi@santamarcelina.edu.br; lucimara.chaves@santamarcelina.edu.br,Rua Doutor Emílio Ribas - 89 - CEP: 05006-020 - Perdizes,São Paulo,SP,Faculdade,EAD - Superior / Presencial - Superior /,Privada,Privada sem fins lucrativos,1981-09-02,5,2024.0,5,2018.0,3,2023.0,,,,Ativa,,10-s2.0-109690031,109690031,Faculdade Santa Marcelina,,,[],1,0,0,0
1547,SOCIEDADE REGIONAL DE ENSINO E SAUDE LTDA,04.600.555/0001-25,Privada com fins lucrativos,2368,FACULDADE SÃO LEOPOLDO MANDIC,-,(19) 32113632,www.slmandic.edu.br,joseluiz@slmandic.edu.br,Rua José Rocha Junqueira - 13 e 14 - CEP: 13045-755 - Ponte Preta,Campinas,SP,Faculdade,EAD - Superior / Presencial - Superior /,Privada,Privada com fins lucrativos,2003-11-04,5,2018.0,5,2019.0,5,2023.0,,,,Ativa,,10-s2.0-60103619,60103619,Faculdade São Leopoldo Mandic,,http://www.slmandic.edu.br/,['Faculdade São Leopoldo Mandic'],1,1,0,1
186,ASSOCIACAO EDUCATIVA CAMPOS SALLES,62.622.857/0001-09,Privada sem fins lucrativos,263,FACULDADES INTEGRADAS CAMPOS SALLES (FICS),FICS,(11) 3649 7000,www.cs.edu.br,"fsenger@cs.edu.br, abio.moraes@cs.edu.br",Rua Nossa Senhora da Lapa - 284 - CEP: 05072-000 - Lapa,São Paulo,SP,Faculdade,Presencial - Superior,Privada,Privada sem fins lucrativos,1971-04-23,3,2018.0,3,2018.0,3,2023.0,,,,Ativa,,10-s2.0-119523396,119523396,Faculdades Integradas Campos Salles,,,"['Faculdades Integradas Campos Salles', 'Faculdades Integradas Campos Sales']",1,0,0,1
760,ASSOCIACAO RANIERI DE EDUCACAO E CULTURA LTDA,59.998.849/0001-49,Privada com fins lucrativos,1092,FACULDADES INTEGRADAS DE BAURU (FIB),FIB,(14) 21096200,www.fibbauru.br,contato@fibbauru.br,Rua Rodolfina Dias Domingues - 11 - CEP: 17056-100 - Jardim Ferraz,Bauru,SP,Faculdade,EAD - Superior / Presencial - Superior /,Privada,Privada com fins lucrativos,1998-02-16,4,2020.0,4,2023.0,4,2023.0,,,,Ativa,,10-s2.0-60290329,60290329,Faculdades Integradas de Bauru,fibbauru.br,https://fibbauru.br/,"['Faculdades Integradas de Bauru', 'Integrated Colleges of Bauru']",1,1,1,1
492,FUNDACAO EDUCACIONAL DE FERNANDOPOLIS,49.678.881/0001-93,Privada sem fins lucrativos,1299,FACULDADES INTEGRADAS DE FERNANDÓPOLIS (FIFE),FIFE,(17)34650000,www.fef.br,fef@fef.edu.br,Avenida Theotonio Vilela - s/n - CEP: 15608-380 - Jardim Vitória,Fernandópolis,SP,Faculdade,Presencial - Superior,Privada,Privada sem fins lucrativos,1997-03-14,4,2025.0,-,,4,2023.0,,,,Ativa,,10-s2.0-60290737,60290737,Fundação Educacional de Fernandópolis,fef.br,https://www.fef.br/,"['Fundação Educacional de Fernandópolis', 'Fernandópolis Educational Foundation']",0,1,1,0
271,FUNDACAO EDUCACIONAL DR RAUL BAUAB-JAHU,50.761.121/0001-24,Privada sem fins lucrativos,1355,FACULDADES INTEGRADAS DE JAHU (FIJ),FIJ,14-21043404,www.fundacaojau.edu.br,pi@fundacaojau.edu.br,Rua Tenente Navarro - 642 - CEP: 17207-310 - CHACARA MIRAGLIA,Jaú,SP,Faculdade,EAD - Superior / Presencial - Superior /,Privada,Privada sem fins lucrativos,2003-02-14,3,2016.0,4,2021.0,3,2023.0,,,,Ativa,,10-s2.0-113168775,113168775,Faculdades Integradas de Jahu,,,[],1,0,0,0
494,INSTITUTO MARIA IMACULADA,51.913.697/0001-22,Privada sem fins lucrativos,734,FACULDADES INTEGRADAS MARIA IMACULADA (FIMI),FIMI,(19) 38614066,http://www.mariaimaculada.br,secretaria@mariaimaculada.br,Rua Paula Bueno - 240 - CEP: 13840-040 - Centro,Mogi Guaçu,SP,Faculdade,Presencial - Superior,Privada,Privada sem fins lucrativos,1991-05-10,4,2017.0,-,,4,2023.0,,,,Ativa,,10-s2.0-105431389,105431389,Faculdades Integradas Maria Imaculada,,,['Faculdades Integradas Maria Imaculada'],1,0,0,1
82,FUNDACAO EDUCACIONAL DE ANDRADINA,48.420.889/0001-92,Privada sem fins lucrativos,1844,FACULDADES INTEGRADAS STELLA MARIS DE ANDRADINA (FISMA),FISMA,(18) 3702 3702,www.fea.br,fisma@fea.br,Rua Amazonas - 571 - CEP: 16901-160 - Stella Maris,Andradina,SP,Faculdade,Presencial - Superior,Privada,Privada sem fins lucrativos,1973-01-03,3,2023.0,-,,3,2023.0,,,,Ativa,,10-s2.0-60291352,60291352,Fundação Educacional de Andradina,fea.br,https://www.fea.br/,"['Fundação Educacional de Andradina', 'Andradina Educational Foundation']",0,1,1,0
17362,UNIAO BANDEIRANTE DE EDUCACAO E CULTURA S.A.,32.754.233/0001-76,Privada com fins lucrativos,1838,Faculdades Integradas União Bandeirante,-,4637-2000,www.uniaobandeirante.edu.br,hpsf2014@gmail.com,Rua Maria Cândida - 1813 - CEP: 02071-013 - Vila Guilherme,São Paulo,SP,Faculdade,EAD - Superior / Presencial - Superior /,Privada,Privada com fins lucrativos,2001-06-15,3,2024.0,5,2019.0,3,2021.0,,,Unificação de Mantidas,Ativa,,10-s2.0-60008976,60008976,Universidade Bandeirante de Sao Paulo,uniaobandeirante.edu.br,https://uniaobandeirante.edu.br/,"['Bandeirante University of Sao Paulo', 'Universidade Bandeirante de Sao Paulo']",0,1,1,0
17030,UNIAO EDUCACIONAL MAUA LTDA,28.940.990/0001-67,Privada com fins lucrativos,24275,Faculdade Unificada do Estado de São Paulo (FAUESP - online),FAUESP - online,11988715590,www.fauesp.com.br,contato@fauesp.com.br,Rua Manoel Pedro Júnior - 287 - CEP: 09310-720 - Vila Bocaina,Mauá,SP,Faculdade,EAD - Superior /,Privada,Privada com fins lucrativos,2021-07-14,-,,4,2020.0,-,,,,,Ativa,,10-s2.0-112962031,112962031,Faculdade Aliança Educacional do Estado de São Paulo,,,"['Faculdade De Tecnologia Do Estado De São Paulo', 'Faculdade Unificada Do Estado De São Paulo (fauesp)', 'Faculdade Aliança Educacional Do Estado De São Paulo', 'Hospital De Transplantes Do Estado De São Paulo', 'Faculdade Mogiana Do Estado De São Paulo (fmg)', 'Faculdade De Tecnologia Do Estado De', 'Faculdade De Tecnologia De Sãdo Paulo', 'Faculdade Aliança Educacional Do Estado De São Paulo (faeesp)', 'Faculdade Aliança Educacional Do Estado De Sao Paulo', 'Factildade De Tecnologia De Sao Paulo']",0,0,0,1
17030,UNIAO EDUCACIONAL MAUA LTDA,28.940.990/0001-67,Privada com fins lucrativos,18258,FACULDADE UNIFICADA DO ESTADO DE SÃO PAULO (FAUESP),FAUESP,(11) 45413325,www.fauesp.com.br,sylvia.storniolo@gmail.com,Rua Luís Lacava - 239 - CEP: 09310-080 - Vila Bocaina,Mauá,SP,Faculdade,Presencial - Superior,Privada,Privada com fins lucrativos,2016-06-22,4,2022.0,-,,3,2023.0,,,,Ativa,,10-s2.0-112962031,112962031,Faculdade Aliança Educacional do Estado de São Paulo,,,"['Faculdade De Tecnologia Do Estado De São Paulo', 'Faculdade Unificada Do Estado De São Paulo (fauesp)', 'Faculdade Aliança Educacional Do Estado De São Paulo', 'Hospital De Transplantes Do Estado De São Paulo', 'Faculdade Mogiana Do Estado De São Paulo (fmg)', 'Faculdade De Tecnologia Do Estado De', 'Faculdade De Tecnologia De Sãdo Paulo', 'Faculdade Aliança Educacional Do Estado De São Paulo (faeesp)', 'Faculdade Aliança Educacional Do Estado De Sao Paulo', 'Factildade De Tecnologia De Sao Paulo']",0,0,0,1
12529,FUNDACAO UNIVERSIDADE FEDERAL DO ABC - UFABC,07.722.779/0001-06,Pessoa Jurídica de Direito Público - Federal,4925,FUNDAÇÃO UNIVERSIDADE FEDERAL DO ABC (UFABC),UFABC,(11) 3356-7080,www.ufabc.edu.br,reitoria@ufabc.edu.br,Avenida dos Estados - 5001 - CEP: 09280-560 - Bangú,Santo André,SP,Universidade,EAD - Superior / Presencial - Superior /,Publica,Pública Federal,2005-07-27,4,2015.0,5,2019.0,5,2023.0,,,,Ativa,,10-s2.0-60001430,60001430,Universidade Federal do ABC,ufabc.edu.br,https://www.ufabc.edu.br/en/,"['Federal University of ABC', 'Universidade Federal do ABC', 'Federal University of ABC (UFABC)']",0,0,1,0
2553,INSPER - INSTITUTO DE ENSINO E PESQUISA,06.070.152/0001-47,Privada sem fins lucrativos,1161,INSPER INSTITUTO DE ENSINO E PESQUISA,-,(11)45042724,http://www.insper.edu.br,rogeriopc1@insper.edu.br;savi@insper.edu.br,Rua Quatá - 300 - CEP: 04546-042 - Vila Olímpia,São Paulo,SP,Faculdade,EAD - Superior / Presencial - Superior /,Privada,Privada sem fins lucrativos,1998-07-27,5,2019.0,5,2021.0,4,2023.0,,,,Ativa,,10-s2.0-60086760,60086760,"Insper, Sao Paulo",insper.edu.br,https://www.insper.edu.br/en/home,"['Insper, Sao Paulo']",0,0,1,0
17421,INSTITUTO DE ASSISTENCIA MEDICA AO SERVIDOR PUBLICO ESTADUAL,60.747.318/0001-62,Pessoa Jurídica de Direito Público - Estadual,24843,INSTITUTO DE ASSISTÊNCIA MÉDICA AO SERVIDOR PÚBLICO ESTADUAL (IAMSPE),IAMSPE,(11) 5583-7001 PABX: (11) 4573-8000,www.iamspe.sp.gov.br,cedep@iamspe.sp.gov.br,Avenida Ibirapuera - 981 - CEP: 04029-000 - Indianópolis,São Paulo,SP,Faculdade,Presencial - Superior,Publica,Pública Estadual,2022-04-18,4,2021.0,-,,-,,,,Em Descredenciamento voluntário,Ativa,,10-s2.0-60064151,60064151,Instituto de Assistencia Medica ao Servidor Publico Estadual,iamspe.sp.gov.br,http://www.iamspe.sp.gov.br/,['Instituto de Assistencia Medica ao Servidor Publico Estadual'],1,1,1,1
14163,"INSTITUTO FEDERAL DE EDUCACAO, CIENCIA E TECNOLOGIA DE SAO PAULO",10.882.594/0001-65,Pessoa Jurídica de Direito Público - Federal,1810,"INSTITUTO FEDERAL DE EDUCAÇÃO, CIÊNCIA E TECNOLOGIA DE SÃO PAULO (IFSP)",IFSP,(11) 37754501,www.ifsp.edu.br,pi@ifsp.edu.br,Rua Pedro Vicente - 625 - CEP: 01109-010 - Canindé,São Paulo,SP,"Instituto Federal de Educação, Ciência e Tecnologia",EAD - Superior / Presencial - Superior /,Publica,Pública Federal,1999-01-19,4,2017.0,4,2022.0,4,2023.0,,,,Ativa,,10-s2.0-60112684,60112684,"Instituto Federal de Educação, Ciência e Tecnologia de São Paulo",spo.ifsp.edu.br,https://spo.ifsp.edu.br/,"['Instituto Federal de Educação, Ciência e Tecnologia de São Paulo', 'Federal Institute of Education, Science and Technology of São Paulo']",1,0,0,1
615,FUNDACAO EDUCACIONAL DO MUNICIPIO DE ASSIS,51.501.559/0001-36,Pessoa Jurídica de Direito Público - Municipal,881,INSTITUTO MUNICIPAL DE ENSINO SUPERIOR DE ASSIS (IMESA),IMESA,(18) 3302-1055,www.fema.edu.br,imesa@fema.edu.br;supervisaoacademica@fema.edu.br,Av. Getúlio Vargas - 1200 - CEP: 19807-634 - Vila Nova Santana,Assis,SP,Faculdade,Presencial - Superior,Publica,Especial,1988-08-25,-,,-,,3,2014.0,,,,Ativa,,10-s2.0-60289888,60289888,Fundação Educacional do Município de Assis,fema.edu.br,https://www.fema.edu.br/,[],0,1,1,0
63,INSTITUTO MUNICIPAL DE ENSINO SUPERIOR DE CATANDUVA,51.843.795/0001-30,Pessoa Jurídica de Direito Público - Municipal,79,INSTITUTO MUNICIPAL DE ENSINO SUPERIOR DE CATANDUVA (IMES CATANDUVA),IMES CATANDUVA,17 3531-2200,www.imescatanduva.edu.br,secretaria@imescatanduva.edu.br,Av. Daniel Dalto S/N - S/N - CEP: 15800-970 - Rural,Catanduva,SP,Faculdade,EAD - Superior / Presencial - Superior /,Publica,Pública Municipal,1967-04-07,-,,-,,3,2023.0,,,,Ativa,,10-s2.0-60290127,60290127,Instituto Municipal de Ensino Superior de Catanduva,fafica.br,https://www.fafica.br/,[],1,0,0,0
2950,ASSOCIACAO SAO PAULO DE ESTUDOS SUPERIORES,04.228.223/0001-61,Privada sem fins lucrativos,10385,INSTITUTO SÃO PAULO DE ESTUDOS SUPERIORES (ITESP),ITESP,(11)29146036,www.ittesp.com.br,diretor.ittesp@uol.com.br,Rua Doutor Mário Vicente - 1108 - CEP: 04270-001 - Vila Dom Pedro I,São Paulo,SP,Faculdade,Presencial - Superior,Privada,Privada sem fins lucrativos,2008-12-23,4,2023.0,-,,4,2023.0,,,,Ativa,,10-s2.0-115110885,115110885,Instituto São Paulo de Estudos Superiores (ITESP),,,"['Instituto Teológico São Paulo (itesp)', 'Instituto São Paulo De Estudos Superiores (itesp)', 'Instituto São Paulo De Estudos Superiores', 'Institute Sao Paulo De Estudos Superiores']",1,0,0,2
392,COMANDO DA AERONAUTICA,00.394.429/0020-73,Pessoa Jurídica de Direito Público - Federal,602,INSTITUTO TECNOLÓGICO DE AERONÁUTICA (ITA),ITA,(12) 3947 5732,www.ita.br,chefe.igrca@ita.br,Praça Mal. Eduardo Gomes - 50 - CEP: 12228-900 - Vila das Acácias,São José dos Campos,SP,Faculdade,EAD - Superior / Presencial - Superior /,Publica,Pública Federal,1950-01-17,5,2022.0,-,,5,2023.0,,,,Ativa,,10-s2.0-60021657,60021657,Instituto Tecnologico de Aeronautica,ita.br,http://www.ita.br,[],1,1,1,0
18448,IRMANDADE DA SANTA CASA DE MISERICORDIA DE SAO PAULO,62.779.145/0001-90,Pessoa Jurídica de Direito Privado - Sem fins lucrativos - Associação de Utilidade Pública,28546,ISANTACASA - INSTITUTO SANTA CASA DE EDUC PESQ E INOVAÇÃO (ISANTACASA),ISANTACASA,,www.santacasasp.org.br,isantacasa@santacasasp.org.br,Rua Amaral Gurgel - 236 - CEP: 01221-000 - Vila Buarque,São Paulo,SP,Faculdade,Presencial - Superior,Privada,Privada sem fins lucrativos,2025-04-17,4,2024.0,-,,-,,,,,Ativa,,10-s2.0-60001446,60001446,Irmandade da Santa Casa de Misericordia de Sao Paulo,santacasasp.org.br,http://www.santacasasp.org.br/,['Irmandade da Santa Casa de Misericordia de Sao Paulo'],0,1,1,0
17290,BRAVIA EDUCACAO HOLDING S.A.,31.239.816/0001-04,Privada com fins lucrativos,23868,Link School of Business (LSB),LSB,,https://lsb.edu.br,contato@lsb.com.br,Avenida Brigadeiro Luís Antônio - 5.083 - CEP: 01401-002 - Jardim Paulista,São Paulo,SP,Faculdade,Presencial - Superior,Privada,Privada com fins lucrativos,2020-06-04,5,2019.0,-,,-,,,,,Ativa,,10-s2.0-101195315,101195315,Business School,,,"['Business School', 'Ise Business School', 'School Of Economics And Business', 'Link School Of Business', 'Inage Business School', 'Business-school Integration Center', 'Brazilian Business School']",0,0,0,1
19,SOCIEDADE CAMPINEIRA DE EDUCACAO E INSTRUCAO,46.020.301/0001-88,Pessoa Jurídica de Direito Privado - Sem fins lucrativos - Associação de Utilidade Pública,19,PONTIFÍCIA UNIVERSIDADE CATÓLICA DE CAMPINAS (PUC-CAMPINAS),PUC-CAMPINAS,(19)3343-7119,www.puc-campinas.edu.br,reitoria@puc-campinas.edu.br,Rua Professor Doutor Euryclides de Jesus Zerbini - 1516 - CEP: 13087-571 - Parque Rural Fazenda Santa Cândida,Campinas,SP,Universidade,EAD - Superior / Presencial - Superior /,Privada,Privada sem fins lucrativos,1941-11-21,5,2023.0,4,2013.0,4,2023.0,,,,Ativa,,10-s2.0-60029534,60029534,Pontificia Universidade Catolica de Campinas,puc-campinas.edu.br,https://www.puc-campinas.edu.br/,"['Pontifical Catholic University of Campinas', 'Pontificia Universidade Catolica de Campinas']",1,1,1,1
378,FUNDACAO SAO PAULO,60.990.751/0001-24,Privada sem fins lucrativos,546,PONTIFÍCIA UNIVERSIDADE CATÓLICA DE SÃO PAULO (PUCSP),PUCSP,(11) 3670 8278 E/OU 3670 8309,www.pucsp.br,"reitoria@pucsp.br, cmsouza@pucsp.br",Rua Monte Alegre - 984 - CEP: 05014-901 - Perdizes,São Paulo,SP,Universidade,EAD - Superior / Presencial - Superior /,Privada,Privada sem fins lucrativos,1946-09-05,5,2023.0,5,2016.0,4,2023.0,,,,Ativa,,10-s2.0-113093963,113093963,Pontifícia Universidade Católica de São Paulo,,,[],1,0,0,0
378,FUNDACAO SAO PAULO,60.990.751/0001-24,Privada sem fins lucrativos,546,PONTIFÍCIA UNIVERSIDADE CATÓLICA DE SÃO PAULO (PUCSP),PUCSP,(11) 3670 8278 E/OU 3670 8309,www.pucsp.br,"reitoria@pucsp.br, cmsouza@pucsp.br",Rua Monte Alegre - 984 - CEP: 05014-901 - Perdizes,São Paulo,SP,Universidade,EAD - Superior / Presencial - Superior /,Privada,Privada sem fins lucrativos,1946-09-05,5,2023.0,5,2016.0,4,2023.0,,,,Ativa,,10-s2.0-60000273,60000273,Pontifícia Universidade Católica de São Paulo,pucsp.br,https://www.pucsp.br/home,"['Pontifical Catholic University of Sao Paulo', 'Pontifícia Universidade Católica de São Paulo']",1,0,1,1
555,ASSOCIACAO EDUCACIONAL DE ENSINO SUPERIOR,56.569.197/0001-39,Privada sem fins lucrativos,1046,UNIÃO DAS FACULDADES DOS GRANDES LAGOS (UNILAGO),UNILAGO,(17) 3354 6017,www.unilago.edu.br,unilago@unilago.edu.br,Rua Eduardo Nielsen - 960 - CEP: 15030-070 - Jardim Aeroporto,São José do Rio Preto,SP,Faculdade,EAD - Superior / Presencial - Superior /,Privada,Privada sem fins lucrativos,1989-07-10,4,2023.0,4,2022.0,3,2023.0,,,,Ativa,,10-s2.0-108988947,108988947,União das Faculdades dos Grandes Lagos,,,[],1,0,0,0
555,ASSOCIACAO EDUCACIONAL DE ENSINO SUPERIOR,56.569.197/0001-39,Privada sem fins lucrativos,1046,UNIÃO DAS FACULDADES DOS GRANDES LAGOS (UNILAGO),UNILAGO,(17) 3354 6017,www.unilago.edu.br,unilago@unilago.edu.br,Rua Eduardo Nielsen - 960 - CEP: 15030-070 - Jardim Aeroporto,São José do Rio Preto,SP,Faculdade,EAD - Superior / Presencial - Superior /,Privada,Privada sem fins lucrativos,1989-07-10,4,2023.0,4,2022.0,3,2023.0,,,,Ativa,,10-s2.0-113385253,113385253,União das Faculdades dos Grandes Lagos,,,[],1,0,0,0
321,ISCP - SOCIEDADE EDUCACIONAL LTDA.,62.596.408/0001-25,Privada com fins lucrativos,466,UNIVERSIDADE ANHEMBI MORUMBI (UAM),UAM,(11) 3293-1709,www.anhembi.br,regulatorio@animaeducacao.com.br,Rua Dr. Almeida Lima - 1124 e 1134 - CEP: 03164-000 - Brás,São Paulo,SP,Universidade,EAD - Superior / Presencial - Superior /,Privada,Privada com fins lucrativos,1972-02-18,5,2023.0,4,2017.0,3,2023.0,,,Em supervisão - Procedimento Sancionador sem Medida Cautelar,Ativa,,10-s2.0-60009650,60009650,Universidade Anhembi Morumbi,portal.anhembi.br,https://portal.anhembi.br/,"['Anhembi Morumbi University', 'Universidade Anhembi Morumbi']",1,0,0,1
16878,CEISP SERVICOS EDUCACIONAIS LTDA,09.099.207/0001-30,Privada com fins lucrativos,319,UNIVERSIDADE BRASIL (UB),UB,11913728485,http://ub.edu.br,paulo.bernardo@ub.edu.br,Rua Carolina Fonseca - 584 - CEP: 08230-030 - ITAQUERA,São Paulo,SP,Universidade,EAD - Superior / Presencial - Superior /,Privada,Privada com fins lucrativos,1989-06-16,5,2022.0,4,2020.0,3,2023.0,,,,Ativa,,10-s2.0-60025874,60025874,Universidade Brasil,ub.edu.br,https://ub.edu.br/,[],1,1,1,0
16878,CEISP SERVICOS EDUCACIONAIS LTDA,09.099.207/0001-30,Privada com fins lucrativos,319,UNIVERSIDADE BRASIL (UB),UB,11913728485,http://ub.edu.br,paulo.bernardo@ub.edu.br,Rua Carolina Fonseca - 584 - CEP: 08230-030 - ITAQUERA,São Paulo,SP,Universidade,EAD - Superior / Presencial - Superior /,Privada,Privada com fins lucrativos,1989-06-16,5,2022.0,4,2020.0,3,2023.0,,,,Ativa,,10-s2.0-119724111,119724111,Universidade Brasil-UNBr,,,"['Universidade Brasil-unbr', 'Brasil University (unbr)', 'Universidade Brasil Unbr', 'Universidade Brasil - Unbr', 'Universidade Brasil (unbr)']",0,0,0,1
16878,CEISP SERVICOS EDUCACIONAIS LTDA,09.099.207/0001-30,Privada com fins lucrativos,319,UNIVERSIDADE BRASIL (UB),UB,11913728485,http://ub.edu.br,paulo.bernardo@ub.edu.br,Rua Carolina Fonseca - 584 - CEP: 08230-030 - ITAQUERA,São Paulo,SP,Universidade,EAD - Superior / Presencial - Superior /,Privada,Privada com fins lucrativos,1989-06-16,5,2022.0,4,2020.0,3,2023.0,,,,Ativa,,10-s2.0-101207583,101207583,Universidade do Brasil,,,"['Universidade Do Brasil', 'Madison Do Brasil', 'Xerox Do Brasil', 'Universidade Do Brasil (ipub)', 'Universidade Brasil (ub)', 'Univ. Do Brasil', 'Genesis Do Brasil', 'Aria Do Brasil']",0,0,0,1
165,SOCIEDADE VISCONDE DE S LEOPOLDO,58.191.008/0001-62,Pessoa Jurídica de Direito Privado - Sem fins lucrativos - Associação de Utilidade Pública,227,UNIVERSIDADE CATÓLICA DE SANTOS (UNISANTOS),UNISANTOS,(13) 3205-5555,www.unisantos.br,lourenco@unisantos.br,Avenida Conselheiro Nébias - 300 - CEP: 11015-002 - Vila Mathias,Santos,SP,Universidade,EAD - Superior / EAD - Lato-sensu / Presencial - Superior /,Privada,Privada sem fins lucrativos,1986-02-07,4,2025.0,4,2019.0,4,2023.0,,,,Ativa,,10-s2.0-60022832,60022832,Universidade Católica de Santos,unisantos.br,http://www.unisantos.br,"['Catholic University of Santos', 'Universidade Católica de Santos']",1,1,1,1
290,SECID - SOCIEDADE EDUCACIONAL CIDADE DE SAO PAULO S.A.,43.395.177/0001-47,Privada com fins lucrativos,417,UNIVERSIDADE CIDADE DE SÃO PAULO (UNICID),UNICID,(11) 2178-1428,www.unicid.edu.br,reitoria@unicid.edu.br,Rua Cesário Galero - 448/475 - CEP: 03071-000 - Tatuapé,São Paulo,SP,Universidade,EAD - Superior / Presencial - Superior /,Privada,Privada com fins lucrativos,1972-05-30,5,2023.0,4,2023.0,3,2023.0,,,,Ativa,,10-s2.0-60012374,60012374,Universidade Cidade de São Paulo,unicid.edu.br,https://www.unicid.edu.br/,"['City University of São Paulo', 'Universidade Cidade de São Paulo']",1,1,1,1
159,CRUZEIRO DO SUL EDUCACIONAL S.A.,62.984.091/0001-02,Privada com fins lucrativos,221,UNIVERSIDADE CRUZEIRO DO SUL (UNICSUL),UNICSUL,(11) 2037-5819,www.cruzeirodosul.edu.br,reitoria@cruzeirodosul.edu.br,Avenida Doutor Ussiel Cirilo - 111 a 213 - CEP: 08060-070 - Vila Jacuí,São Paulo,SP,Universidade,EAD - Superior / Presencial - Superior /,Privada,Privada com fins lucrativos,1993-06-25,5,2022.0,5,2019.0,3,2023.0,,,,Ativa,,10-s2.0-112445711,112445711,Cruzeiro do Sul University (UNICSUL),,,"['Cruzeiro Do Sul University (unicsul)', 'Cruzeiro Do Sul University-unicsul', 'Cruzeiro Do Sul University', 'University Cruzeiro Do Sul (unicsul)', 'Universidade Cruzeiro Do Sul (unicsul)', 'Postgraduate Program In Dentistry-cruzeiro Do Sul University (unicsul)', 'Cruzeiro Do Sul University - Unicsul']",0,0,0,1
159,CRUZEIRO DO SUL EDUCACIONAL S.A.,62.984.091/0001-02,Privada com fins lucrativos,221,UNIVERSIDADE CRUZEIRO DO SUL (UNICSUL),UNICSUL,(11) 2037-5819,www.cruzeirodosul.edu.br,reitoria@cruzeirodosul.edu.br,Avenida Doutor Ussiel Cirilo - 111 a 213 - CEP: 08060-070 - Vila Jacuí,São Paulo,SP,Universidade,EAD - Superior / Presencial - Superior /,Privada,Privada com fins lucrativos,1993-06-25,5,2022.0,5,2019.0,3,2023.0,,,,Ativa,,10-s2.0-60027524,60027524,Universidade Cruzeiro do Sul,cruzeirodosul.edu.br,https://www.cruzeirodosul.edu.br/,"['Southern Cross University, Sao Paulo', 'Universidade Cruzeiro do Sul']",1,1,1,1
88,ASSOCIACAO SAO BENTO DE ENSINO,43.969.732/0001-05,Privada sem fins lucrativos,124,UNIVERSIDADE DE ARARAQUARA (UNIARA),UNIARA,16- 3301-7100,www.uniara.com.br,uniara@uniara.com.br,Rua Voluntários da Pátria - 1309 - CEP: 14801-320 - Centro,Araraquara,SP,Universidade,EAD - Superior / Presencial - Superior /,Privada,Privada sem fins lucrativos,1968-08-14,4,2015.0,4,2023.0,3,2023.0,,,,Ativa,,10-s2.0-120818163,120818163,Universidade de Araraquara,,,"['Universidade De Araraquara', 'Araraquara']",1,0,0,1
88,ASSOCIACAO SAO BENTO DE ENSINO,43.969.732/0001-05,Privada sem fins lucrativos,124,UNIVERSIDADE DE ARARAQUARA (UNIARA),UNIARA,16- 3301-7100,www.uniara.com.br,uniara@uniara.com.br,Rua Voluntários da Pátria - 1309 - CEP: 14801-320 - Centro,Araraquara,SP,Universidade,EAD - Superior / Presencial - Superior /,Privada,Privada sem fins lucrativos,1968-08-14,4,2015.0,4,2023.0,3,2023.0,,,,Ativa,,10-s2.0-60006854,60006854,Universidade de Araraquara,uniara.com.br,https://www.uniara.com.br/,"['Universidade de Araraquara', 'University of Araraquara']",1,1,1,1
342,ACEF S/A.,46.722.831/0001-78,Privada com fins lucrativos,496,UNIVERSIDADE DE FRANCA (UNIFRAN),UNIFRAN,(16) 3711-8815,www.unifran.edu.br,reitoria@unifran.edu.br,Avenida Doutor Armando Sales Oliveira - 201 - CEP: 14404-600 - Parque Universitário,Franca,SP,Universidade,EAD - Superior / Presencial - Superior /,Privada,Privada com fins lucrativos,1972-04-07,5,2023.0,3,2013.0,3,2023.0,,,,Ativa,,10-s2.0-60007283,60007283,Universidade de Franca,unifran.edu.br,https://www.unifran.edu.br/,"['University of Franca', 'Universidade de Franca']",1,1,1,1
292,ASSOCIACAO DE ENSINO DE MARILIA LTDA,44.474.898/0001-05,Privada com fins lucrativos,420,UNIVERSIDADE DE MARÍLIA (UNIMAR),UNIMAR,(14) 2105 4111,www.unimar.br,reitoria@unimar.br,Avenida Higyno Muzzi Filho - 1.001 - CEP: 17525-902 - Campus Universitario,Marília,SP,Universidade,EAD - Superior / Presencial - Superior /,Privada,Privada com fins lucrativos,1988-04-26,3,2012.0,4,2018.0,4,2023.0,,,,Ativa,,10-s2.0-60019882,60019882,Universidade de Marilia,unimar.br,http://www.unimar.br,[],1,1,1,0
362,ORGANIZACAO MOGIANA DE EDUCACAO E CULTURA SOCIEDADE SIMPLES LIMITADA,52.562.758/0001-17,Privada com fins lucrativos,521,UNIVERSIDADE DE MOGI DAS CRUZES (UMC),UMC,(11) 4798 7048,www.umc.br,reitoria@umc.br; claudiobrito@umc.br; thiagoreis@umc.br,Avenida Doutor Cândido Xavier de Almeida Souza - 200 - CEP: 08780-911 - Centro Cívico,Mogi das Cruzes,SP,Universidade,EAD - Superior / Presencial - Superior /,Privada,Privada com fins lucrativos,1973-04-26,5,2023.0,4,2017.0,3,2023.0,,,Adesão ao PROIES,Ativa,,10-s2.0-60026021,60026021,Universidade de Mogi das Cruzes,umc.br,http://www.umc.br,"['University of Mogi das Cruzes', 'Universidade de Mogi das Cruzes']",1,1,1,1
362,ORGANIZACAO MOGIANA DE EDUCACAO E CULTURA SOCIEDADE SIMPLES LIMITADA,52.562.758/0001-17,Privada com fins lucrativos,521,UNIVERSIDADE DE MOGI DAS CRUZES (UMC),UMC,(11) 4798 7048,www.umc.br,reitoria@umc.br; claudiobrito@umc.br; thiagoreis@umc.br,Avenida Doutor Cândido Xavier de Almeida Souza - 200 - CEP: 08780-911 - Centro Cívico,Mogi das Cruzes,SP,Universidade,EAD - Superior / Presencial - Superior /,Privada,Privada com fins lucrativos,1973-04-26,5,2023.0,4,2017.0,3,2023.0,,,Adesão ao PROIES,Ativa,,10-s2.0-60016050,60016050,"Universidade de Mogi das Cruzes, Faculdade de Ciencias Biomedicas",umc.br,http://www.umc.br/ensino/graduacao/saude/medicina/medicina.htm,"['University of Mogi das Cruzes, Faculty of Medicine', 'Universidade de Mogi das Cruzes, Faculdade de Ciencias Biomedicas']",0,0,1,0
147,ASSOCIACAO DE ENSINO DE RIBEIRAO PRETO,55.983.670/0001-67,Pessoa Jurídica de Direito Privado - Sem fins lucrativos - Associação de Utilidade Pública,208,UNIVERSIDADE DE RIBEIRÃO PRETO (UNAERP),UNAERP,(16) 3603 7000,www.unaerp.br,aerpdiretoria@unaerp.br,Avenida Costábile Romano - 2201 - CEP: 14096-900 - Ribeirânia,Ribeirão Preto,SP,Universidade,EAD - Superior / Presencial - Superior /,Privada,Privada sem fins lucrativos,1961-04-28,5,2023.0,4,2014.0,4,2023.0,,,,Ativa,,10-s2.0-60032761,60032761,Universidade de Ribeirao Preto,unaerp.br,http://www.unaerp.br/,"['University of Ribeirao Preto', 'Universidade de Ribeirao Preto']",1,1,1,1
15715,UNIVERSIDADE DE SAO PAULO,63.025.530/0001-04,Pessoa Jurídica de Direito Público - Estadual,55,UNIVERSIDADE DE SÃO PAULO (USP),USP,(11) 3091 3500,www.usp.br,gr@usp.br,Rua da Reitoria - 374 - CEP: 05508-220 - Butantã,São Paulo,SP,Universidade,EAD - Superior / Presencial - Superior /,Publica,Pública Estadual,1934-01-25,-,,5,2019.0,-,,,,,Ativa,,10-s2.0-131888906,131888906,Universidade de São Paulo (FMUSP),,,['Universidade De São Paulo (fmusp)'],1,0,0,1
15715,UNIVERSIDADE DE SAO PAULO,63.025.530/0001-04,Pessoa Jurídica de Direito Público - Estadual,55,UNIVERSIDADE DE SÃO PAULO (USP),USP,(11) 3091 3500,www.usp.br,gr@usp.br,Rua da Reitoria - 374 - CEP: 05508-220 - Butantã,São Paulo,SP,Universidade,EAD - Superior / Presencial - Superior /,Publica,Pública Estadual,1934-01-25,-,,5,2019.0,-,,,,,Ativa,,10-s2.0-60008088,60008088,Universidade de São Paulo,usp.br,https://www5.usp.br/,[],1,1,1,0
15715,UNIVERSIDADE DE SAO PAULO,63.025.530/0001-04,Pessoa Jurídica de Direito Público - Estadual,55,UNIVERSIDADE DE SÃO PAULO (USP),USP,(11) 3091 3500,www.usp.br,gr@usp.br,Rua da Reitoria - 374 - CEP: 05508-220 - Butantã,São Paulo,SP,Universidade,EAD - Superior / Presencial - Superior /,Publica,Pública Estadual,1934-01-25,-,,5,2019.0,-,,,,,Ativa,,10-s2.0-131885980,131885980,Universidade de São Paulo (USP-Ribeirão Preto),,,['Universidade De São Paulo (usp-ribeirão Preto)'],1,0,0,1
109,FUNDACAO DOM AGUIRRE,71.487.094/0001-13,Privada sem fins lucrativos,150,UNIVERSIDADE DE SOROCABA (UNISO),UNISO,(15) 2101-7000,www.uniso.br,uniso@uniso.br,Rodovia Raposo Tavares - S/N - CEP: 18023-000 - Jardim Novo Eldorado,Sorocaba,SP,Universidade,EAD - Superior / Presencial - Superior /,Privada,Privada sem fins lucrativos,1994-09-15,5,2019.0,4,2015.0,3,2023.0,,,,Ativa,,10-s2.0-60027084,60027084,Universidade de Sorocaba,uniso.br,https://uniso.br/,"['University of Sorocaba', 'Universidade de Sorocaba']",1,1,1,1
437,UNIVERSIDADE DE TAUBATE,45.176.153/0001-22,Pessoa Jurídica de Direito Público - Municipal,665,UNIVERSIDADE DE TAUBATÉ (UNITAU),UNITAU,(12) 3625-4163,www.unitau.br,reitoria@unitau.br; pi@unitau.br; secretariageral@unitau.br,Rua Quatro de Março - 432 - CEP: 12020-270 - Centro,Taubaté,SP,Universidade,EAD - Superior / Presencial - Superior /,Publica,Especial,1974-12-06,3,2017.0,4,2016.0,3,2023.0,,,,Ativa,,10-s2.0-60031257,60031257,Universidade de Taubate,unitau.br,http://www.unitau.br,"['University of Taubate', 'Universidade de Taubate']",1,1,1,1
194,ASSOCIACAO PRUDENTINA DE EDUCACAO E CULTURA APEC,44.860.740/0001-73,Privada sem fins lucrativos,271,UNIVERSIDADE DO OESTE PAULISTA (UNOESTE),UNOESTE,(018) 3229 1000,www.unoeste.br,reitoria@unoeste.br;proacad@unoeste.br;rsantana@unoeste,Rua José Bongiovani - 700 - CEP: 19050-900 - Cidade Universitária,Presidente Prudente,SP,Universidade,EAD - Superior / Presencial - Superior /,Privada,Privada sem fins lucrativos,1972-10-04,5,2023.0,5,2023.0,5,2023.0,,,Adesão ao PROIES,Ativa,,10-s2.0-60001375,60001375,Universidade do Oeste Paulista,unoeste.br,http://www.unoeste.br/site/,"['University of West Paulista', 'Universidade do Oeste Paulista']",1,0,1,1
194,ASSOCIACAO PRUDENTINA DE EDUCACAO E CULTURA APEC,44.860.740/0001-73,Privada sem fins lucrativos,271,UNIVERSIDADE DO OESTE PAULISTA (UNOESTE),UNOESTE,(018) 3229 1000,www.unoeste.br,reitoria@unoeste.br;proacad@unoeste.br;rsantana@unoeste,Rua José Bongiovani - 700 - CEP: 19050-900 - Cidade Universitária,Presidente Prudente,SP,Universidade,EAD - Superior / Presencial - Superior /,Privada,Privada sem fins lucrativos,1972-10-04,5,2023.0,5,2023.0,5,2023.0,,,Adesão ao PROIES,Ativa,,10-s2.0-60028562,60028562,"Universidade de Oeste Paulista, Faculdade de Medicina",unoeste.br,,"['University of West Paulista, Faculty of Medicine', 'Universidade de Oeste Paulista, Faculdade de Medicina']",0,0,1,0
197,FUNDACAO VALEPARAIBANA DE ENSINO,60.191.244/0001-20,Privada sem fins lucrativos,275,UNIVERSIDADE DO VALE DO PARAÍBA (UNIVAP),UNIVAP,(12) 3947 1056,www.univap.br,reitoria@univap.br,"Av. Shishima Hifumi, nº 2911, Bairro Urbanova - 2911 - CEP: 12244-000 - Urbanova",São José dos Campos,SP,Universidade,EAD - Superior / Presencial - Superior /,Privada,Privada sem fins lucrativos,1992-04-06,5,2012.0,5,2022.0,3,2023.0,,,,Ativa,,10-s2.0-60012642,60012642,Universidade do Vale do Paraiba,univap.br,http://www.univap.br,"['University of Paraiba Valley', 'Universidade do Vale do Paraiba', 'University of Vale do Paraíba']",1,1,1,1
12575,UNIVERSIDADE ESTADUAL DE CAMPINAS,46.068.425/0001-33,Pessoa Jurídica de Direito Público - Estadual,54,UNIVERSIDADE ESTADUAL DE CAMPINAS (UNICAMP),UNICAMP,(19) 3521 4722,www.unicamp.br,reitor@reitoria.unicamp.br,Cidade Universitária - S/N - CEP: 13083-970 - BARÃO GERALDO,Campinas,SP,Universidade,EAD - Superior / Presencial - Superior /,Publica,Pública Estadual,1962-12-28,-,,-,,5,2023.0,,,,Ativa,,10-s2.0-60029570,60029570,Universidade Estadual de Campinas,unicamp.br,https://www.unicamp.br/unicamp/english,"['State University of Campinas', 'Universidade Estadual de Campinas', 'University of Campinas']",1,0,1,1
1302,FUNDACAO UNIVERSIDADE FEDERAL DE SAO CARLOS,45.358.058/0001-40,Pessoa Jurídica de Direito Público - Federal,7,UNIVERSIDADE FEDERAL DE SÃO CARLOS (UFSCAR),UFSCAR,(16) 3351 8111,www.ufscar.br,reitoria@ufscar.br,Via Washington Luis - Km 235 - CEP: 13565-905 - Monjolinho,São Carlos,SP,Universidade,EAD - Superior / Presencial - Superior /,Publica,Pública Federal,1968-05-23,5,2023.0,5,2019.0,5,2023.0,,,,Ativa,,10-s2.0-60013792,60013792,Universidade Federal de São Carlos,ufscar.br,https://www2.ufscar.br/,"['Federal University of São Carlos', 'Universidade Federal de São Carlos']",1,1,1,1
9144,UNIVERSIDADE FEDERAL DE SAO PAULO,60.453.032/0001-74,Pessoa Jurídica de Direito Público - Federal,591,UNIVERSIDADE FEDERAL DE SÃO PAULO (UNIFESP),UNIFESP,(11) 3385-4100,www.unifesp.br,reitoria@unifesp.br,Rua Sena Madureira - 1500 - CEP: 04021-001 - Vila Clementino,São Paulo,SP,Universidade,EAD - Superior / Presencial - Superior /,Publica,Pública Federal,1938-05-31,5,2017.0,5,2013.0,5,2023.0,,,,Ativa,,10-s2.0-60014992,60014992,Universidade Federal de São Paulo,unifesp.br,https://www.unifesp.br/,"['Universidade Federal de São Paulo', 'Federal University of São Paulo']",1,1,1,1
17411,ASSOCIACAO DE ENSINO IMPERIUM,32.887.438/0001-20,Pessoa Jurídica de Direito Privado - Sem fins lucrativos - Associação de Utilidade Pública,458,UNIVERSIDADE IBIRAPUERA (UNIB),UNIB,(11)56947900 (11) 56947940,www.ibirapuera.br,nucai@ibirapuera.edu.br; reitoria@ibirapuera.edu.br; jose.campos@ibirapuera.edu.br,Avenida Interlagos - 1.329 - CEP: 04661-100 - Jardim Marajoara,São Paulo,SP,Universidade,EAD - Superior / Presencial - Superior /,Privada,Privada sem fins lucrativos,1992-08-14,3,2011.0,4,2018.0,3,2023.0,,,,Ativa,,10-s2.0-60010831,60010831,Universidade Ibirapuera,ibirapuera.br,https://www.ibirapuera.br/,"['Ibirapuera University', 'Universidade Ibirapuera']",1,1,1,1
189,INSTITUTO EDUCACIONAL PIRACICABANO DA IGREJA METODISTA - EM RECUPERACAO JUDICIAL,54.409.461/0001-41,Pessoa Jurídica de Direito Privado - Sem fins lucrativos - Associação de Utilidade Pública,266,UNIVERSIDADE METODISTA DE PIRACICABA (UNIMEP),UNIMEP,(19) 3124 1600 / 1742,www.unimep.br,reitoria.unimep@unimep.br;sgeral@metodista.br,Rodovia do Açúcar - 7.000 - CEP: 13400-911 - Taquaral,Piracicaba,SP,Universidade,EAD - Superior / Presencial - Superior /,Privada,Privada sem fins lucrativos,1966-11-04,4,2023.0,4,2015.0,3,2023.0,,,Adesão ao PROIES,Ativa,,10-s2.0-60012881,60012881,Universidade Metodista de Piracicaba,unimep.br,http://unimep.edu.br/,"['Methodist University of Piracicaba', 'Universidade Metodista de Piracicaba']",1,0,1,1
123,INSTITUTO METODISTA DE ENSINO SUPERIOR,44.351.146/0001-57,Privada sem fins lucrativos,167,UNIVERSIDADE METODISTA DE SÃO PAULO (UMESP),UMESP,(11) 4366 5538,www.metodista.br,sgeral@metodista.br,Rua do Sacramento - 230 - CEP: 09640-000 - Rudge Ramos,São Bernardo do Campo,SP,Universidade,EAD - Superior / Presencial - Superior /,Privada,Privada sem fins lucrativos,1971-06-23,5,2023.0,4,2013.0,3,2023.0,,,,Ativa,,10-s2.0-60020946,60020946,Universidade Metodista de Sao Paulo,metodista.br,http://www.metodista.br,"['Methodist University of Sao Paulo', 'Universidade Metodista de Sao Paulo']",1,1,1,1
677,CENTRO DE ESTUDOS UNIFICADOS BANDEIRANTE,02.837.041/0001-62,Privada sem fins lucrativos,953,UNIVERSIDADE METROPOLITANA DE SANTOS (UNIMES),UNIMES,(13) 3228 3400,www.unimes.br,gustavo.mendes@unimes.br; elaine.marcilio@unimes.br; piunimes@unimes.br,Avenida Conselheiro Nébias - 536 - CEP: 11045-002 - Encruzilhada,Santos,SP,Universidade,EAD - Superior / Presencial - Superior /,Privada,Privada sem fins lucrativos,1996-02-23,4,2016.0,3,2013.0,3,2023.0,,,,Ativa,,10-s2.0-60019111,60019111,Universidade Metropolitana de Santos,portal.unimes.br,https://portal.unimes.br/,"['Metropolitan University of Santos', 'Universidade Metropolitana de Santos']",1,0,0,1
394,UNIVERSIDADE MUNICIPAL DE SAO CAETANO DO SUL,44.392.215/0001-70,Pessoa Jurídica de Direito Público - Municipal,605,UNIVERSIDADE MUNICIPAL DE SÃO CAETANO DO SUL (USCS),USCS,(11)4239-3200,www.uscs.edu.br,gabinetereitoria@online.uscs.edu.br,Avenida Goiás - 3400 - CEP: 09550-051 - Barcelona,São Caetano do Sul,SP,Universidade,EAD - Superior / Presencial - Superior /,Publica,Especial,1967-09-19,-,,5,2022.0,3,2023.0,,,,Ativa,,10-s2.0-60020645,60020645,Universidade Municipal de Sao Caetano do Sul,uscs.edu.br,https://www.uscs.edu.br/,"['Municipal University of Sao Caetano do Sul', 'Universidade Municipal de Sao Caetano do Sul']",1,1,1,1
222,ASSOCIACAO EDUCACIONAL NOVE DE JULHO,43.374.768/0001-38,Pessoa Jurídica de Direito Privado - Sem fins lucrativos - Associação de Utilidade Pública,316,UNIVERSIDADE NOVE DE JULHO (UNINOVE),UNINOVE,(11) 3385-9080,www.uninove.br,,Rua Vergueiro - 235 - CEP: 01504-001 - Liberdade,São Paulo,SP,Universidade,EAD - Superior / Presencial - Superior /,Privada,Privada sem fins lucrativos,1972-05-03,5,2019.0,4,2013.0,3,2023.0,,,,Ativa,,10-s2.0-60084124,60084124,Universidade Nove de Julho,uninove.br,https://www.uninove.br/,"['Universidade Nove de Julho', 'University Ninth of July']",1,1,1,1
2415,ASSUPERO ENSINO SUPERIOR LTDA.,06.099.229/0001-01,Privada com fins lucrativos,322,UNIVERSIDADE PAULISTA (UNIP),UNIP,(11) 5586-4291,www.unip.br,fcobastos@unip.br;sfuzimotto.drpg@unip.br;enadeunip@unip.br;silvanaarruda@unip.br,Avenida Torres de Oliveira - 330 - CEP: 05347-020 - Jaguaré,São Paulo,SP,Universidade,EAD - Superior / Presencial - Superior /,Privada,Privada com fins lucrativos,1988-11-09,4,2012.0,-,,3,2023.0,,,,Ativa,,10-s2.0-60032751,60032751,Universidade Paulista,unip.br,https://www5.unip.br/,"['Paulista University', 'Universidade Paulista']",1,1,1,1
2415,ASSUPERO ENSINO SUPERIOR LTDA.,06.099.229/0001-01,Privada com fins lucrativos,322,UNIVERSIDADE PAULISTA (UNIP),UNIP,(11) 5586-4291,www.unip.br,fcobastos@unip.br;sfuzimotto.drpg@unip.br;enadeunip@unip.br;silvanaarruda@unip.br,Avenida Torres de Oliveira - 330 - CEP: 05347-020 - Jaguaré,São Paulo,SP,Universidade,EAD - Superior / Presencial - Superior /,Privada,Privada com fins lucrativos,1988-11-09,4,2012.0,-,,3,2023.0,,,,Ativa,,10-s2.0-112647267,112647267,Paulista University,,,"['Paulista University', 'Universidade Paulista']",0,0,0,1
22,INSTITUTO PRESBITERIANO MACKENZIE,60.967.551/0001-50,Pessoa Jurídica de Direito Privado - Sem fins lucrativos - Associação de Utilidade Pública,22,UNIVERSIDADE PRESBITERIANA MACKENZIE (MACKENZIE),MACKENZIE,(11) 2114-8000,www.mackenzie.br,procuradoria@mackenzie.br;reitoria@mackenzie.br,Rua da Consolação - 896 - CEP: 01302-907 - Consolação,São Paulo,SP,Universidade,EAD - Superior / Presencial - Superior /,Privada,Privada sem fins lucrativos,1952-03-01,5,2023.0,5,2015.0,4,2023.0,,,,Ativa,,10-s2.0-60011644,60011644,Universidade Presbiteriana Mackenzie,mackenzie.br,https://www.mackenzie.br/universidade,"['Mackenzie Presbyterian University', 'Universidade Presbiteriana Mackenzie']",1,0,1,1
22,INSTITUTO PRESBITERIANO MACKENZIE,60.967.551/0001-50,Pessoa Jurídica de Direito Privado - Sem fins lucrativos - Associação de Utilidade Pública,22,UNIVERSIDADE PRESBITERIANA MACKENZIE (MACKENZIE),MACKENZIE,(11) 2114-8000,www.mackenzie.br,procuradoria@mackenzie.br;reitoria@mackenzie.br,Rua da Consolação - 896 - CEP: 01302-907 - Consolação,São Paulo,SP,Universidade,EAD - Superior / Presencial - Superior /,Privada,Privada sem fins lucrativos,1952-03-01,5,2023.0,5,2015.0,4,2023.0,,,,Ativa,,10-s2.0-60291225,60291225,Instituto Presbiteriano Mackenzie,mackenzie.br,https://www.mackenzie.br/instituto,"['Instituto Presbiteriano Mackenzie', 'Mackenzie Presbyterian Institute']",0,0,1,0
22,INSTITUTO PRESBITERIANO MACKENZIE,60.967.551/0001-50,Pessoa Jurídica de Direito Privado - Sem fins lucrativos - Associação de Utilidade Pública,22,UNIVERSIDADE PRESBITERIANA MACKENZIE (MACKENZIE),MACKENZIE,(11) 2114-8000,www.mackenzie.br,procuradoria@mackenzie.br;reitoria@mackenzie.br,Rua da Consolação - 896 - CEP: 01302-907 - Consolação,São Paulo,SP,Universidade,EAD - Superior / Presencial - Superior /,Privada,Privada sem fins lucrativos,1952-03-01,5,2023.0,5,2015.0,4,2023.0,,,,Ativa,,10-s2.0-60006185,60006185,Faculdade Evangélica Mackenzie do Paraná,mackenzie.br,https://www.mackenzie.br/faculdades/curitiba/home,"['Faculdade Evangélica Mackenzie do Paraná', 'Mackenzie Evangelical College of Paraná']",0,0,1,0
676,INSTITUTO SUPERIOR DE EDUCACAO SANTA CECILIA,58.251.711/0001-19,Pessoa Jurídica de Direito Privado - Sem fins lucrativos - Associação de Utilidade Pública,952,UNIVERSIDADE SANTA CECÍLIA (UNISANTA),UNISANTA,(13) 3202 7100,www.unisanta.br,cristiane@unisanta.br;lucia@unisanta.br,Rua Oswaldo Cruz - 266 - CEP: 11045-100 - Boqueirão,Santos,SP,Universidade,EAD - Superior / Presencial - Superior /,Privada,Privada sem fins lucrativos,1996-02-23,4,2023.0,4,2013.0,3,2023.0,,,,Ativa,,10-s2.0-60028471,60028471,Universidade Santa Cecilia,unisanta.br,http://www.unisanta.br,"['University of Santa Cecilia', 'Universidade Santa Cecilia', 'Santa Cecília University']",1,1,1,1
488,OBRAS SOCIAIS E EDUCACIONAIS DE LUZ,18.301.267/0001-84,Pessoa Jurídica de Direito Privado - Sem fins lucrativos - Associação de Utilidade Pública,375,UNIVERSIDADE SANTO AMARO (UNISA),UNISA,(11) 21418800,www.unisa.br,institucional@unisa.br,Rua Enéas de Siqueira Neto - 340 - CEP: 04829-300 - Jardim das Imbuias,São Paulo,SP,Universidade,EAD - Superior / Presencial - Superior /,Privada,Privada sem fins lucrativos,1970-03-17,5,2018.0,5,2023.0,3,2023.0,,,,Ativa,,10-s2.0-60013701,60013701,Universidade de Santo Amaro,unisa.br,http://www.unisa.br,"['University of Santo Amaro', 'Universidade de Santo Amaro']",0,1,1,0
488,OBRAS SOCIAIS E EDUCACIONAIS DE LUZ,18.301.267/0001-84,Pessoa Jurídica de Direito Privado - Sem fins lucrativos - Associação de Utilidade Pública,375,UNIVERSIDADE SANTO AMARO (UNISA),UNISA,(11) 21418800,www.unisa.br,institucional@unisa.br,Rua Enéas de Siqueira Neto - 340 - CEP: 04829-300 - Jardim das Imbuias,São Paulo,SP,Universidade,EAD - Superior / Presencial - Superior /,Privada,Privada sem fins lucrativos,1970-03-17,5,2018.0,5,2023.0,3,2023.0,,,,Ativa,,10-s2.0-109078185,109078185,Universidade Santo Amaro (UNISA),,,[],1,0,0,0
442,CASA DE NOSSA SENHORA DA PAZ ACAO SOCIAL FRANCISCANA,33.495.870/0001-38,Pessoa Jurídica de Direito Privado - Sem fins lucrativos - Associação de Utilidade Pública,670,UNIVERSIDADE SÃO FRANCISCO (USF),USF,1124548000,www.usf.edu.br,nleg@usf.edu.br,Avenida São Francisco de Assis - 218 - CEP: 12916-900 - Jardim São José,Bragança Paulista,SP,Universidade,EAD - Superior / Presencial - Superior /,Privada,Privada sem fins lucrativos,1985-10-30,4,2009.0,5,2019.0,3,2023.0,,,,Ativa,,10-s2.0-60001774,60001774,Universidade Sao Francisco,usf.edu.br,https://www.usf.edu.br/,[],1,1,1,0
143,AMC - SERVICOS EDUCACIONAIS LTDA,43.045.772/0001-52,Privada com fins lucrativos,203,UNIVERSIDADE SÃO JUDAS TADEU (USJT),USJT,(11) 2799-1820 / (11) 2799-1931 / (11) 9 8764-4574,www.usjt.br,regulatorio@animaeducacao.com.br,Rua Taquari - 546 - CEP: 03166-000 - Mooca,São Paulo,SP,Universidade,EAD - Superior / Presencial - Superior /,Privada,Privada com fins lucrativos,1971-07-14,5,2023.0,5,2018.0,3,2023.0,,,,Ativa,,10-s2.0-60020043,60020043,Universidade São Judas Tadeu,usjt.br,http://www.usjt.br,"['São Judas Tadeu University', 'Universidade São Judas Tadeu']",1,1,1,1
16298,SOCIEDADE PAULISTA DE ENSINO E PESQUISA S/S LTDA,04.302.037/0001-25,Privada com fins lucrativos,481,Universidade Universus Veritas Guarulhos (Univeritas UNG),Univeritas UNG,(81) 3413-4611,www.ung.br,emec@sereducacional.com,Praça Tereza Cristina - 88 - CEP: 07023-070 - Centro,Guarulhos,SP,Universidade,EAD - Superior / Presencial - Superior /,Privada,Privada sem fins lucrativos,1970-08-14,5,2023.0,5,2014.0,3,2023.0,,,Unificação de Mantidas,Ativa,,10-s2.0-60032592,60032592,Universidade Guarulhos,ung.br,https://www.ung.br/institucional/nacional,"['Guarulhos University', 'Universidade Guarulhos']",0,0,1,0
314,AELBRA EDUCACAO SUPERIOR - GRADUACAO E POS-GRADUACAO S.A. EM RECUPERACAO JUDICIAL,88.332.580/0001-65,Privada com fins lucrativos,453,CENTRO UNIVERSITÁRIO LUTERANO DE PALMAS (CEULP),CEULP,(63) 3219 8018,www.ulbra-to.br,reitoria@ceulp.edu.br;procuradorainstitucional@ceulp.edu.br,CEULP - Centro Universitário Luterano de Palmas - s/n - CEP: 77019-900 - Plano Diretor Sul,Palmas,TO,Centro Universitário,EAD - Superior / Presencial - Superior /,Privada,Privada sem fins lucrativos,1996-01-29,5,2023.0,4,2023.0,4,2023.0,,,,Ativa,,10-s2.0-112779389,112779389,Centro Universitário Luterano de Palmas (CEULP),,,"['Ceulp - Centro Universitário Luterano De Palmas', 'Centro Universitário Luterano De Palmas (ceulp)', 'Centro Universitário Luterano De Palmas']",1,0,0,2
314,AELBRA EDUCACAO SUPERIOR - GRADUACAO E POS-GRADUACAO S.A. EM RECUPERACAO JUDICIAL,88.332.580/0001-65,Privada com fins lucrativos,453,CENTRO UNIVERSITÁRIO LUTERANO DE PALMAS (CEULP),CEULP,(63) 3219 8018,www.ulbra-to.br,reitoria@ceulp.edu.br;procuradorainstitucional@ceulp.edu.br,CEULP - Centro Universitário Luterano de Palmas - s/n - CEP: 77019-900 - Plano Diretor Sul,Palmas,TO,Centro Universitário,EAD - Superior / Presencial - Superior /,Privada,Privada sem fins lucrativos,1996-01-29,5,2023.0,4,2023.0,4,2023.0,,,,Ativa,,10-s2.0-106720925,106720925,Centro Universitário Luterano de Palmas,,,"['Centro Universitário Luterano De Palmas', 'Ctro. Univ. Luterano De Palmas', 'Centro Universitário Luterano De Palmas (ceulp/ulbra)', 'Centro Universitário Luterano', 'Centro Universitário Integrado De Palmas', 'Centro Universitario Lutherano De Palmas', 'Centro Universitario De Palmas', 'Centro Luterano De Palmas']",1,0,0,2
314,AELBRA EDUCACAO SUPERIOR - GRADUACAO E POS-GRADUACAO S.A. EM RECUPERACAO JUDICIAL,88.332.580/0001-65,Privada com fins lucrativos,453,CENTRO UNIVERSITÁRIO LUTERANO DE PALMAS (CEULP),CEULP,(63) 3219 8018,www.ulbra-to.br,reitoria@ceulp.edu.br;procuradorainstitucional@ceulp.edu.br,CEULP - Centro Universitário Luterano de Palmas - s/n - CEP: 77019-900 - Plano Diretor Sul,Palmas,TO,Centro Universitário,EAD - Superior / Presencial - Superior /,Privada,Privada sem fins lucrativos,1996-01-29,5,2023.0,4,2023.0,4,2023.0,,,,Ativa,,10-s2.0-105736607,105736607,Centro Universitário Luterano de Palmas (CEULP/ULBRA),,,"['Centro Universitário Luterano De Palmas', 'Centro Universitário Luterano De Palmas (ceulp/ulbra)', 'Centro Universitario Luterano De Palmas']",1,0,0,3
1336,ITPAC INSTITUTO TOCANTINENSE PRESIDENTE ANTONIO CARLOS S.A,02.941.990/0001-98,Privada com fins lucrativos,4849,Centro Universitário Tocantinense Presidente Antônio Carlos (UNITPAC),UNITPAC,(63) 3411 8500,www.unitpac.com.br,bianca.gomes@unitpac.edu.br,Avenida Filadélfia - 568 - CEP: 77816-540 - Setor Oeste,Araguaína,TO,Centro Universitário,EAD - Superior / Presencial - Superior /,Privada,Privada com fins lucrativos,2005-12-14,5,2023.0,5,2018.0,4,2023.0,,,,Ativa,,10-s2.0-119744141,119744141,Centro Universitário Tocantinense Presidente Antônio Carlos,,,"['Centro Universitário Tocantinense Presidente Antônio Carlos', 'Centro Universitario Tocantinense Presidente Antonio Carlos']",1,0,0,2
1336,ITPAC INSTITUTO TOCANTINENSE PRESIDENTE ANTONIO CARLOS S.A,02.941.990/0001-98,Privada com fins lucrativos,3226,FACULDADE DE MEDICINA (ITPAC),ITPAC,,www.itpac.br,itpac@itpac.br,Avenida Filadélfia - 568 - CEP: 77816-530 - Setor Oeste,Araguaína,TO,Faculdade,Presencial - Superior,Privada,Privada com fins lucrativos,2002-01-03,-,,-,,SC,2012.0,,,Em Descredenciamento voluntário,Ativa,,10-s2.0-100861018,100861018,Faculdade de Medicina,,,"['Faculdade De Medicina', 'Faculdade De Medicina Veterinária - Unic', 'Faculdade De Agronomia E Medicina Veterinária (famev)', 'Faculdade De Medicina Veterinária', 'Faculdade De Agronom. E Med. Vet.']",1,0,0,1
1336,ITPAC INSTITUTO TOCANTINENSE PRESIDENTE ANTONIO CARLOS S.A,02.941.990/0001-98,Privada com fins lucrativos,3226,FACULDADE DE MEDICINA (ITPAC),ITPAC,,www.itpac.br,itpac@itpac.br,Avenida Filadélfia - 568 - CEP: 77816-530 - Setor Oeste,Araguaína,TO,Faculdade,Presencial - Superior,Privada,Privada com fins lucrativos,2002-01-03,-,,-,,SC,2012.0,,,Em Descredenciamento voluntário,Ativa,,10-s2.0-105994808,105994808,Faculdade de Medicina,,,[],1,0,0,0
1336,ITPAC INSTITUTO TOCANTINENSE PRESIDENTE ANTONIO CARLOS S.A,02.941.990/0001-98,Privada com fins lucrativos,3226,FACULDADE DE MEDICINA (ITPAC),ITPAC,,www.itpac.br,itpac@itpac.br,Avenida Filadélfia - 568 - CEP: 77816-530 - Setor Oeste,Araguaína,TO,Faculdade,Presencial - Superior,Privada,Privada com fins lucrativos,2002-01-03,-,,-,,SC,2012.0,,,Em Descredenciamento voluntário,Ativa,,10-s2.0-107502536,107502536,Faculdade de Medicina,,,['Faculdade De Medicina'],1,0,0,1
1336,ITPAC INSTITUTO TOCANTINENSE PRESIDENTE ANTONIO CARLOS S.A,02.941.990/0001-98,Privada com fins lucrativos,3226,FACULDADE DE MEDICINA (ITPAC),ITPAC,,www.itpac.br,itpac@itpac.br,Avenida Filadélfia - 568 - CEP: 77816-530 - Setor Oeste,Araguaína,TO,Faculdade,Presencial - Superior,Privada,Privada com fins lucrativos,2002-01-03,-,,-,,SC,2012.0,,,Em Descredenciamento voluntário,Ativa,,10-s2.0-100574520,100574520,Faculdade de Medicina,,,"['Faculdade De Medicina', 'Faculdade De Medicina Unifenas', 'Faculdade De Medicina Da Unifenas', 'Faculdade De Med. E Servico G.', 'Faculdade De Med. Da Univ. F.', 'Fac. Ci. Med.', '2° Andar Faculdade De Medicina']",1,0,0,1
1336,ITPAC INSTITUTO TOCANTINENSE PRESIDENTE ANTONIO CARLOS S.A,02.941.990/0001-98,Privada com fins lucrativos,3226,FACULDADE DE MEDICINA (ITPAC),ITPAC,,www.itpac.br,itpac@itpac.br,Avenida Filadélfia - 568 - CEP: 77816-530 - Setor Oeste,Araguaína,TO,Faculdade,Presencial - Superior,Privada,Privada com fins lucrativos,2002-01-03,-,,-,,SC,2012.0,,,Em Descredenciamento voluntário,Ativa,,10-s2.0-100895097,100895097,Faculdade de Medicina,,,[],1,0,0,0
1336,ITPAC INSTITUTO TOCANTINENSE PRESIDENTE ANTONIO CARLOS S.A,02.941.990/0001-98,Privada com fins lucrativos,3226,FACULDADE DE MEDICINA (ITPAC),ITPAC,,www.itpac.br,itpac@itpac.br,Avenida Filadélfia - 568 - CEP: 77816-530 - Setor Oeste,Araguaína,TO,Faculdade,Presencial - Superior,Privada,Privada com fins lucrativos,2002-01-03,-,,-,,SC,2012.0,,,Em Descredenciamento voluntário,Ativa,,10-s2.0-100945563,100945563,Curso de Medicina,,,"['Curso De Medicina', 'Curso De Psicologia', 'Faculdade De Medicina']",0,0,0,1
1336,ITPAC INSTITUTO TOCANTINENSE PRESIDENTE ANTONIO CARLOS S.A,02.941.990/0001-98,Privada com fins lucrativos,3226,FACULDADE DE MEDICINA (ITPAC),ITPAC,,www.itpac.br,itpac@itpac.br,Avenida Filadélfia - 568 - CEP: 77816-530 - Setor Oeste,Araguaína,TO,Faculdade,Presencial - Superior,Privada,Privada com fins lucrativos,2002-01-03,-,,-,,SC,2012.0,,,Em Descredenciamento voluntário,Ativa,,10-s2.0-106369645,106369645,Faculdade de Medicina,,,['Faculdade De Medicina'],1,0,0,1
1336,ITPAC INSTITUTO TOCANTINENSE PRESIDENTE ANTONIO CARLOS S.A,02.941.990/0001-98,Privada com fins lucrativos,3226,FACULDADE DE MEDICINA (ITPAC),ITPAC,,www.itpac.br,itpac@itpac.br,Avenida Filadélfia - 568 - CEP: 77816-530 - Setor Oeste,Araguaína,TO,Faculdade,Presencial - Superior,Privada,Privada com fins lucrativos,2002-01-03,-,,-,,SC,2012.0,,,Em Descredenciamento voluntário,Ativa,,10-s2.0-112346734,112346734,Faculdade de Medicina,,,"['Faculdade De Medicina', 'Faculdade De Medicine']",1,0,0,1
1336,ITPAC INSTITUTO TOCANTINENSE PRESIDENTE ANTONIO CARLOS S.A,02.941.990/0001-98,Privada com fins lucrativos,3226,FACULDADE DE MEDICINA (ITPAC),ITPAC,,www.itpac.br,itpac@itpac.br,Avenida Filadélfia - 568 - CEP: 77816-530 - Setor Oeste,Araguaína,TO,Faculdade,Presencial - Superior,Privada,Privada com fins lucrativos,2002-01-03,-,,-,,SC,2012.0,,,Em Descredenciamento voluntário,Ativa,,10-s2.0-132517434,132517434,Faculdade de Medicina,,,[],1,0,0,0
1336,ITPAC INSTITUTO TOCANTINENSE PRESIDENTE ANTONIO CARLOS S.A,02.941.990/0001-98,Privada com fins lucrativos,3226,FACULDADE DE MEDICINA (ITPAC),ITPAC,,www.itpac.br,itpac@itpac.br,Avenida Filadélfia - 568 - CEP: 77816-530 - Setor Oeste,Araguaína,TO,Faculdade,Presencial - Superior,Privada,Privada com fins lucrativos,2002-01-03,-,,-,,SC,2012.0,,,Em Descredenciamento voluntário,Ativa,,10-s2.0-100424735,100424735,Faculdade de Medicina,,,[],1,0,0,0
1336,ITPAC INSTITUTO TOCANTINENSE PRESIDENTE ANTONIO CARLOS S.A,02.941.990/0001-98,Privada com fins lucrativos,3226,FACULDADE DE MEDICINA (ITPAC),ITPAC,,www.itpac.br,itpac@itpac.br,Avenida Filadélfia - 568 - CEP: 77816-530 - Setor Oeste,Araguaína,TO,Faculdade,Presencial - Superior,Privada,Privada com fins lucrativos,2002-01-03,-,,-,,SC,2012.0,,,Em Descredenciamento voluntário,Ativa,,10-s2.0-108186104,108186104,Faculdade de Medicina de Valença,,,"['Faculdade De Medicina De Valença', 'Faculdade De Medicina', 'Faculdade De Med. De Valença', 'Fac. Med. Valenca', 'Acadêmica - Faculdade De Medicina De Valença', 'Faculdade De Medicina Veterinária De Valença', 'Faculdade De Medicina De Valença (fmv)']",0,0,0,1
1336,ITPAC INSTITUTO TOCANTINENSE PRESIDENTE ANTONIO CARLOS S.A,02.941.990/0001-98,Privada com fins lucrativos,3226,FACULDADE DE MEDICINA (ITPAC),ITPAC,,www.itpac.br,itpac@itpac.br,Avenida Filadélfia - 568 - CEP: 77816-530 - Setor Oeste,Araguaína,TO,Faculdade,Presencial - Superior,Privada,Privada com fins lucrativos,2002-01-03,-,,-,,SC,2012.0,,,Em Descredenciamento voluntário,Ativa,,10-s2.0-117474101,117474101,Faculdade de Medicina,,,"['Faculdade De Medicina', 'Faculdade Evangélica De Medicina', 'Faculdade De Ciências']",1,0,0,1
1336,ITPAC INSTITUTO TOCANTINENSE PRESIDENTE ANTONIO CARLOS S.A,02.941.990/0001-98,Privada com fins lucrativos,3226,FACULDADE DE MEDICINA (ITPAC),ITPAC,,www.itpac.br,itpac@itpac.br,Avenida Filadélfia - 568 - CEP: 77816-530 - Setor Oeste,Araguaína,TO,Faculdade,Presencial - Superior,Privada,Privada com fins lucrativos,2002-01-03,-,,-,,SC,2012.0,,,Em Descredenciamento voluntário,Ativa,,10-s2.0-113168780,113168780,Faculdade de Ciências,,,"['Faculdade De Ciências', 'Faculdade De Medicina', 'Faculdade De Ciências Médicas']",0,0,0,1
1336,ITPAC INSTITUTO TOCANTINENSE PRESIDENTE ANTONIO CARLOS S.A,02.941.990/0001-98,Privada com fins lucrativos,3226,FACULDADE DE MEDICINA (ITPAC),ITPAC,,www.itpac.br,itpac@itpac.br,Avenida Filadélfia - 568 - CEP: 77816-530 - Setor Oeste,Araguaína,TO,Faculdade,Presencial - Superior,Privada,Privada com fins lucrativos,2002-01-03,-,,-,,SC,2012.0,,,Em Descredenciamento voluntário,Ativa,,10-s2.0-119133455,119133455,Faculdade de Ciências,,,"['Faculdade De Ciências', 'Faculdade De Medicina', 'Faculdade De Ciencias']",0,0,0,1
1336,ITPAC INSTITUTO TOCANTINENSE PRESIDENTE ANTONIO CARLOS S.A,02.941.990/0001-98,Privada com fins lucrativos,3226,FACULDADE DE MEDICINA (ITPAC),ITPAC,,www.itpac.br,itpac@itpac.br,Avenida Filadélfia - 568 - CEP: 77816-530 - Setor Oeste,Araguaína,TO,Faculdade,Presencial - Superior,Privada,Privada com fins lucrativos,2002-01-03,-,,-,,SC,2012.0,,,Em Descredenciamento voluntário,Ativa,,10-s2.0-108406864,108406864,Faculdade de Medicina de Sorocaba,,,"['Faculdade De Medicina De Sorocaba', 'Faculdade De Sorocaba', 'Faculdade De Medicina', 'Faculdade De Engenharia De Sorocaba', 'Faculdade De Direito De Sorocaba', 'Academico De Medicina Da Faculdade De Medicina De Sorocaba']",0,0,0,1
1336,ITPAC INSTITUTO TOCANTINENSE PRESIDENTE ANTONIO CARLOS S.A,02.941.990/0001-98,Privada com fins lucrativos,3226,FACULDADE DE MEDICINA (ITPAC),ITPAC,,www.itpac.br,itpac@itpac.br,Avenida Filadélfia - 568 - CEP: 77816-530 - Setor Oeste,Araguaína,TO,Faculdade,Presencial - Superior,Privada,Privada com fins lucrativos,2002-01-03,-,,-,,SC,2012.0,,,Em Descredenciamento voluntário,Ativa,,10-s2.0-107822898,107822898,Faculdade de Medicina de Taubaté,,,"['Faculdade De Medicina De Taubaté', 'Faculdade Anhanguera De Taubaté', 'Faculdade De Tecnologia De Taubaté', 'Faculdade De Medicina', 'Faculdade Comunitária De Taubaté']",0,0,0,1
1336,ITPAC INSTITUTO TOCANTINENSE PRESIDENTE ANTONIO CARLOS S.A,02.941.990/0001-98,Privada com fins lucrativos,3226,FACULDADE DE MEDICINA (ITPAC),ITPAC,,www.itpac.br,itpac@itpac.br,Avenida Filadélfia - 568 - CEP: 77816-530 - Setor Oeste,Araguaína,TO,Faculdade,Presencial - Superior,Privada,Privada com fins lucrativos,2002-01-03,-,,-,,SC,2012.0,,,Em Descredenciamento voluntário,Ativa,,10-s2.0-118144012,118144012,Faculdade de Medicina,,,"['Faculdade De Medicina', 'Faculdade De Engenharias', 'Faculdade De Medicina (famed)']",1,0,0,2
1336,ITPAC INSTITUTO TOCANTINENSE PRESIDENTE ANTONIO CARLOS S.A,02.941.990/0001-98,Privada com fins lucrativos,3226,FACULDADE DE MEDICINA (ITPAC),ITPAC,,www.itpac.br,itpac@itpac.br,Avenida Filadélfia - 568 - CEP: 77816-530 - Setor Oeste,Araguaína,TO,Faculdade,Presencial - Superior,Privada,Privada com fins lucrativos,2002-01-03,-,,-,,SC,2012.0,,,Em Descredenciamento voluntário,Ativa,,10-s2.0-119181433,119181433,Faculdade de Medicina,,,"['Faculdade De Medicina', 'Fac. Med.']",1,0,0,1
1336,ITPAC INSTITUTO TOCANTINENSE PRESIDENTE ANTONIO CARLOS S.A,02.941.990/0001-98,Privada com fins lucrativos,3226,FACULDADE DE MEDICINA (ITPAC),ITPAC,,www.itpac.br,itpac@itpac.br,Avenida Filadélfia - 568 - CEP: 77816-530 - Setor Oeste,Araguaína,TO,Faculdade,Presencial - Superior,Privada,Privada com fins lucrativos,2002-01-03,-,,-,,SC,2012.0,,,Em Descredenciamento voluntário,Ativa,,10-s2.0-107302873,107302873,Fac. Med.,,,"['Fac. Med.', 'Faculty Of Medicine', 'Fac. Ci. Med.', 'Faculdade De Medicina', 'Faculdade De Ciência Médicas']",0,0,0,1
1336,ITPAC INSTITUTO TOCANTINENSE PRESIDENTE ANTONIO CARLOS S.A,02.941.990/0001-98,Privada com fins lucrativos,3226,FACULDADE DE MEDICINA (ITPAC),ITPAC,,www.itpac.br,itpac@itpac.br,Avenida Filadélfia - 568 - CEP: 77816-530 - Setor Oeste,Araguaína,TO,Faculdade,Presencial - Superior,Privada,Privada com fins lucrativos,2002-01-03,-,,-,,SC,2012.0,,,Em Descredenciamento voluntário,Ativa,,10-s2.0-126179714,126179714,Faculdade de Medicina,,,['Faculdade De Medicina'],1,0,0,1
1336,ITPAC INSTITUTO TOCANTINENSE PRESIDENTE ANTONIO CARLOS S.A,02.941.990/0001-98,Privada com fins lucrativos,3226,FACULDADE DE MEDICINA (ITPAC),ITPAC,,www.itpac.br,itpac@itpac.br,Avenida Filadélfia - 568 - CEP: 77816-530 - Setor Oeste,Araguaína,TO,Faculdade,Presencial - Superior,Privada,Privada com fins lucrativos,2002-01-03,-,,-,,SC,2012.0,,,Em Descredenciamento voluntário,Ativa,,10-s2.0-106740905,106740905,Faculdade de Medicina,,,"['Faculdade De Medicina', 'Faculdade Católica De Medicina', 'Fac. Med.']",1,0,0,1
1336,ITPAC INSTITUTO TOCANTINENSE PRESIDENTE ANTONIO CARLOS S.A,02.941.990/0001-98,Privada com fins lucrativos,3226,FACULDADE DE MEDICINA (ITPAC),ITPAC,,www.itpac.br,itpac@itpac.br,Avenida Filadélfia - 568 - CEP: 77816-530 - Setor Oeste,Araguaína,TO,Faculdade,Presencial - Superior,Privada,Privada com fins lucrativos,2002-01-03,-,,-,,SC,2012.0,,,Em Descredenciamento voluntário,Ativa,,10-s2.0-126999352,126999352,Faculdade de Medicina,,,['Faculdade De Medicina'],1,0,0,1
1336,ITPAC INSTITUTO TOCANTINENSE PRESIDENTE ANTONIO CARLOS S.A,02.941.990/0001-98,Privada com fins lucrativos,3226,FACULDADE DE MEDICINA (ITPAC),ITPAC,,www.itpac.br,itpac@itpac.br,Avenida Filadélfia - 568 - CEP: 77816-530 - Setor Oeste,Araguaína,TO,Faculdade,Presencial - Superior,Privada,Privada com fins lucrativos,2002-01-03,-,,-,,SC,2012.0,,,Em Descredenciamento voluntário,Ativa,,10-s2.0-108738119,108738119,Faculdade de Medicina,,,['Faculdade De Medicina'],1,0,0,1
2415,ASSUPERO ENSINO SUPERIOR LTDA.,06.099.229/0001-01,Privada com fins lucrativos,2148,FACULDADE DE PALMAS (FAPAL),FAPAL,(11)5586 4291,,pigeral@unip.br;pigeral2020@gmail.com,ACSU SE 40 - s/n - CEP: 77021-634 - Centro,Palmas,TO,Faculdade,Presencial - Superior,Privada,Privada com fins lucrativos,2002-12-23,4,2023.0,-,,2,2023.0,,,Unificação de Mantidas,Ativa,,10-s2.0-118060817,118060817,Faculdade de Palmas,,,"['Faculdade De Palmas', 'Palmas Faculdade', 'Palmas College (faculdade De Palmas)']",1,0,0,1
9074,"INSTITUTO FEDERAL DE EDUCACAO, CIENCIA E TECNOLOGIA DO TOCANTINS",10.742.006/0001-98,Pessoa Jurídica de Direito Público - Federal,4786,"INSTITUTO FEDERAL DE EDUCAÇÃO, CIÊNCIA E TECNOLOGIA DO TOCANTINS (IFTO)",IFTO,(63) 3229-2200,www.ifto.edu.br,reitoria@ifto.edu.br,Quadra 202 Sul Avenida Joaquim Teotônio Segurado - 08 - CEP: 77020-450 - Plano Diretor Sul,Palmas,TO,"Instituto Federal de Educação, Ciência e Tecnologia",EAD - Superior / Presencial - Superior /,Publica,Pública Federal,2006-02-03,4,2023.0,4,2017.0,3,2023.0,,,,Ativa,,10-s2.0-60271972,60271972,"Instituto Federal de Educação, Ciência e Tecnologia do Tocantins (IFTO)",ifto.edu.br,http://www.ifto.edu.br/palmas,"['Instituto Federal de Educação, Ciência e Tecnologia do Tocantins (IFTO)', 'Federal Institute of Education, Science and Technology of Tocantins', 'Instituto Federal do Tocantins', 'Instituto Federal de Educação, Ciência e Tecnologia do Tocantins']",1,0,1,2
506,FUNDACAO UNIRG,01.210.830/0001-06,Pessoa Jurídica de Direito Público - Municipal,750,UNIVERSIDADE DE GURUPI (UnirG),UnirG,(63) 3612 - 7600,www.unirg.edu.br,reitoria@unirg.edu.br;presidencia@unirg.edu.br;tatianercoelho@unirg.edu.br;gildasio@lupa-rj.com.br,Avenida Pará - 2432 - CEP: 77423-250 - Waldir Lins II,Gurupi,TO,Universidade,Presencial - Superior,Publica,Especial,1985-05-31,-,,-,,2,2023.0,,,,Ativa,,10-s2.0-60281097,60281097,Universidade de Gurupi,unirg.edu.br,https://www.unirg.edu.br/,"['Universidade de Gurupi', 'University of Gurupi']",1,1,1,1
573,FUNDACAO UNIVERSIDADE DO TOCANTINS - UNITINS,01.637.536/0001-85,Pessoa Jurídica de Direito Público - Estadual,829,UNIVERSIDADE ESTADUAL DO TOCANTINS (UNITINS),UNITINS,(63) 3901 - 4302 e (63) 99958 -1263,www.unitins.br,augusto.rc@unitins.br; arlenes.ds@unitins.br;,108 Sul Al. 11 - 03 - CEP: 77020-122 - Centro,Palmas,TO,Universidade,EAD - Superior / Presencial - Superior /,Publica,Pública Estadual,1990-02-21,-,,-,,3,2023.0,,,,Ativa,,10-s2.0-107139200,107139200,Fundação Universidade do Tocantins,,,"['Fundação Universidade Do Tocantins', 'Universidade Estadual Do Tocantins', 'Unitins/fundação Universidade Do Tocantins', 'Fundação Universidade Do Tocantins-unitins', 'Fundação Universidade Do Tocantins (unitins)', 'Fund. Universidade Do Tocantins']",0,0,0,1
573,FUNDACAO UNIVERSIDADE DO TOCANTINS - UNITINS,01.637.536/0001-85,Pessoa Jurídica de Direito Público - Estadual,829,UNIVERSIDADE ESTADUAL DO TOCANTINS (UNITINS),UNITINS,(63) 3901 - 4302 e (63) 99958 -1263,www.unitins.br,augusto.rc@unitins.br; arlenes.ds@unitins.br;,108 Sul Al. 11 - 03 - CEP: 77020-122 - Centro,Palmas,TO,Universidade,EAD - Superior / Presencial - Superior /,Publica,Pública Estadual,1990-02-21,-,,-,,3,2023.0,,,,Ativa,,10-s2.0-107139382,107139382,Universidade Estadual do Tocantins (UNITINS),,,[],1,0,0,0
573,FUNDACAO UNIVERSIDADE DO TOCANTINS - UNITINS,01.637.536/0001-85,Pessoa Jurídica de Direito Público - Estadual,829,UNIVERSIDADE ESTADUAL DO TOCANTINS (UNITINS),UNITINS,(63) 3901 - 4302 e (63) 99958 -1263,www.unitins.br,augusto.rc@unitins.br; arlenes.ds@unitins.br;,108 Sul Al. 11 - 03 - CEP: 77020-122 - Centro,Palmas,TO,Universidade,EAD - Superior / Presencial - Superior /,Publica,Pública Estadual,1990-02-21,-,,-,,3,2023.0,,,,Ativa,,10-s2.0-117987486,117987486,Universidade Estadual do Tocantins,,,['Universidade Estadual Do Tocantins'],1,0,0,1
573,FUNDACAO UNIVERSIDADE DO TOCANTINS - UNITINS,01.637.536/0001-85,Pessoa Jurídica de Direito Público - Estadual,829,UNIVERSIDADE ESTADUAL DO TOCANTINS (UNITINS),UNITINS,(63) 3901 - 4302 e (63) 99958 -1263,www.unitins.br,augusto.rc@unitins.br; arlenes.ds@unitins.br;,108 Sul Al. 11 - 03 - CEP: 77020-122 - Centro,Palmas,TO,Universidade,EAD - Superior / Presencial - Superior /,Publica,Pública Estadual,1990-02-21,-,,-,,3,2023.0,,,,Ativa,,10-s2.0-119560168,119560168,Universidade Estadual do Tocantins,,,[],1,0,0,0
573,FUNDACAO UNIVERSIDADE DO TOCANTINS - UNITINS,01.637.536/0001-85,Pessoa Jurídica de Direito Público - Estadual,829,UNIVERSIDADE ESTADUAL DO TOCANTINS (UNITINS),UNITINS,(63) 3901 - 4302 e (63) 99958 -1263,www.unitins.br,augusto.rc@unitins.br; arlenes.ds@unitins.br;,108 Sul Al. 11 - 03 - CEP: 77020-122 - Centro,Palmas,TO,Universidade,EAD - Superior / Presencial - Superior /,Publica,Pública Estadual,1990-02-21,-,,-,,3,2023.0,,,,Ativa,,10-s2.0-100377285,100377285,Fundação Universidade do Tocantins,,,"['Fundação Universidade Do Tocantins', 'Universidade Do Tocantins', 'Universidade Estadual Do Tocantins', 'Fundação Universidade Do Tocantis', 'Fund. Universidade Do Tocantins']",0,0,0,1
573,FUNDACAO UNIVERSIDADE DO TOCANTINS - UNITINS,01.637.536/0001-85,Pessoa Jurídica de Direito Público - Estadual,829,UNIVERSIDADE ESTADUAL DO TOCANTINS (UNITINS),UNITINS,(63) 3901 - 4302 e (63) 99958 -1263,www.unitins.br,augusto.rc@unitins.br; arlenes.ds@unitins.br;,108 Sul Al. 11 - 03 - CEP: 77020-122 - Centro,Palmas,TO,Universidade,EAD - Superior / Presencial - Superior /,Publica,Pública Estadual,1990-02-21,-,,-,,3,2023.0,,,,Ativa,,10-s2.0-60019391,60019391,Universidade de Tocantins,unitins.br,,"['University of Tocantins', 'Universidade de Tocantins']",0,0,1,0
432,ASSOCIACAO DA IGREJA METODISTA,33.749.946/0001-04,Privada sem fins lucrativos,659,FACULDADE DE CIÊNCIAS HUMANAS DO SUL PAULISTA (FACHI),FACHI,(15) 35219535,www.metodista.br,zuleide.leite@metodista.br,Rua Prefeito Felipe Marinho - 110 - CEP: 18405-070 - Jardim Ferrari,Itapeva,SP,Faculdade,Presencial,Privada,Privada sem fins lucrativos,1976-02-05,-,,-,,-,,,,Descredenciada,Extinta,2010-09-24,10-s2.0-60020946,60020946,Universidade Metodista de Sao Paulo,metodista.br,http://www.metodista.br,"['Methodist University of Sao Paulo', 'Universidade Metodista de Sao Paulo']",0,1,1,0
1501,ATENEU INSTITUICOES DE ENSINO E PESQUISA LTDA - EPP,04.914.829/0001-50,Privada com fins lucrativos,2322,FACULDADE ATENEU (FATE),FATE,(27) 3319 1617,www.faculdadeateneu.edu.br,secretaria@faculdadeateneu.edu.br,Rua Professor Annor Silva - 106 - CEP: 29102-160 - Coqueiral de Itaparica,Vila Velha,ES,Faculdade,Presencial,Privada,Privada com fins lucrativos,2005-01-12,-,,-,,-,,,,Descredenciada por medida de supervisão,Extinta,2016-03-04,10-s2.0-105185629,105185629,Faculdade Ateneu,,,"['Faculdade Ateneu', 'Ateneu University Center', 'Ateneu College']",1,0,0,1
1536,INSTITUTO DA SAGRADA FAMILIA,92.047.646/0001-42,Privada sem fins lucrativos,2346,INSTITUTO SUPERIOR DE FILOSOFIA BERTHIER (IFIBE),IFIBE,(54) 3045 3277,www.ifibe.edu.br,ifibe@ifibe.edu.br,Rua Senador Pinheiro - 350 - CEP: 99070-220 - Vila Rodrigues,Passo Fundo,RS,Faculdade,,Privada,Privada sem fins lucrativos,2004-09-27,-,,-,,-,,,Lotario Jose Niederle,Descredenciada por medida de supervisão,Extinta,2023-12-12,10-s2.0-116271973,116271973,Instituto Superior de Filosofia Berthier,,,['Instituto Superior de Filosofia Berthier'],1,0,0,1
105,INSTITUTO ISABEL,33.529.272/0001-32,Privada sem fins lucrativos,145,FACULDADE DE CIÊNCIAS HUMANAS E SOCIAIS (FCHS),FCHS,(21) 25671185 e ou(21) 2569 3849,www.institutoisabel.com.br,secretaria@institutoisabel.com.br,Rua Maris e Barros - 612 - CEP: 20270-001 - Tijuca,Rio de Janeiro,RJ,Faculdade,,Privada,Privada sem fins lucrativos,1973-04-25,-,,-,,-,,,,Descredenciada por medida de supervisão,Extinta,2016-11-03,10-s2.0-127401972,127401972,Faculdade de Ciências Humanas e Sociais,,,['Faculdade De Ciências Humanas E Sociais'],1,0,0,1
409,COMANDO DO EXERCITO,00.394.452/0001-03,Pessoa Jurídica de Direito Público - Federal,21437,Escola de Saúde do Exército (EsSEx),EsSEx,,www.essex.ensino.eb.br,essex@essex.ensino.eb.br,Rua Francisco Manuel - 44 - CEP: 20911-270 - Benfica,Rio de Janeiro,RJ,Instituição Especialmente Credenciada para oferta de cursos lato sensu,,Publica,Pública Federal,2000-11-14,-,,-,,-,,,Juliano Bruno De Almeida Cardoso,Descredenciada,Extinta,2021-11-26,10-s2.0-112813450,112813450,Escola de Saúde do Exército,,,['Escola De Saúde Do Exército'],1,0,0,1
3552,"INSTITUTO BRASILEIRO DE ENSINO, DESENVOLVIMENTO E PESQUISA IDP - LTDA",02.474.172/0001-22,Privada com fins lucrativos,13758,ESCOLA DE ADMINISTRAÇÃO DE BRASÍLIA (EAB),EAB,(61) 3535-6565,www.idp.edu.br,idp@idp.edu.br,Quadra SGAS 607 - 49 - CEP: 70200-670 - Asa Sul,,,Faculdade,Presencial / Presencial,Privada,Privada com fins lucrativos,2011-10-25,-,,-,,-,,,Francisco Schertel Ferreira Mendes,Extinta por unificação,Extinta,2018-02-27,10-s2.0-119849444,119849444,Escola de Direito de Brasília,,,"['Escola De Direito De Brasília', 'Instituto De Direito De Brasília', 'Escola De Música De Brasília', 'Escola De Administração De Brasília']",0,0,0,1
14983,FUNDACAO CENTRO UNIVERSITARIO ESTADUAL DA ZONA OESTE,10.889.295/0001-52,Pessoa Jurídica de Direito Público - Estadual,5013,CENTRO UNIVERSITÁRIO ESTADUAL DA ZONA OESTE (UEZO),UEZO,21- 2332 7530,www.uezo.rj.gov.br; www.uezo.edu.br,reitoria@uezo.rj.gov.br,Rua Manuel Caldeira de Alvarenga - 1203 - CEP: 23070-200 - Campo Grande,Rio de Janeiro,RJ,Centro Universitário,,Publica,Pública Estadual,2005-11-18,-,,-,,-,,Maria Cristina de Assis,Luanda Silva de Moraes,,Extinta,,10-s2.0-105941412,105941412,Centro Universitário Estadual da Zona Oeste (UEZO),,,"['Centro Universitário Estadual Da Zona Oeste (uezo)', 'Centro Universitário Estadual Da Zona Oeste - Uezo', 'Fundação Centro Universitário Estadual Da Zona Oeste (uezo)', 'Centro Universitário Estadual Da Zona Oeste-uezo', 'Centro Universitário Estadual Da Zona Oeste', 'Universidade Estadual Da Zona Oeste - Uezo', 'Universidade Estadual Da Zona Oeste (uezo)', 'Fundação Centro Universitário Estadual Da Zona Oeste-uezo', 'Centro Universitário Estadual Da Zona Oeste/uezo', 'Centro Universitário Da Zona Oesteuezo']",1,0,0,2
14983,FUNDACAO CENTRO UNIVERSITARIO ESTADUAL DA ZONA OESTE,10.889.295/0001-52,Pessoa Jurídica de Direito Público - Estadual,5013,CENTRO UNIVERSITÁRIO ESTADUAL DA ZONA OESTE (UEZO),UEZO,21- 2332 7530,www.uezo.rj.gov.br; www.uezo.edu.br,reitoria@uezo.rj.gov.br,Rua Manuel Caldeira de Alvarenga - 1203 - CEP: 23070-200 - Campo Grande,Rio de Janeiro,RJ,Centro Universitário,,Publica,Pública Estadual,2005-11-18,-,,-,,-,,Maria Cristina de Assis,Luanda Silva de Moraes,,Extinta,,10-s2.0-112191982,112191982,Centro Universitário Estadual da Zona Oeste,,,"['Centro Universitário Estadual Da Zona Oeste', 'Fundação Centro Universitário Estadual Da Zona Oeste', 'Centro Universitário Estadual Dazona Oeste', 'Zona Oeste Estadual University', 'Universitário Estadual Da Zona Oeste', 'Centro Universitárioestadual Da Zonaoeste']",1,0,0,1
14983,FUNDACAO CENTRO UNIVERSITARIO ESTADUAL DA ZONA OESTE,10.889.295/0001-52,Pessoa Jurídica de Direito Público - Estadual,5013,CENTRO UNIVERSITÁRIO ESTADUAL DA ZONA OESTE (UEZO),UEZO,21- 2332 7530,www.uezo.rj.gov.br; www.uezo.edu.br,reitoria@uezo.rj.gov.br,Rua Manuel Caldeira de Alvarenga - 1203 - CEP: 23070-200 - Campo Grande,Rio de Janeiro,RJ,Centro Universitário,,Publica,Pública Estadual,2005-11-18,-,,-,,-,,Maria Cristina de Assis,Luanda Silva de Moraes,,Extinta,,10-s2.0-113996997,113996997,Centro Universitário Estadual da Zona Oeste (UEZO),,,['Centro Universitário Estadual Da Zona Oeste (uezo)'],1,0,0,1
14983,FUNDACAO CENTRO UNIVERSITARIO ESTADUAL DA ZONA OESTE,10.889.295/0001-52,Pessoa Jurídica de Direito Público - Estadual,5013,CENTRO UNIVERSITÁRIO ESTADUAL DA ZONA OESTE (UEZO),UEZO,21- 2332 7530,www.uezo.rj.gov.br; www.uezo.edu.br,reitoria@uezo.rj.gov.br,Rua Manuel Caldeira de Alvarenga - 1203 - CEP: 23070-200 - Campo Grande,Rio de Janeiro,RJ,Centro Universitário,,Publica,Pública Estadual,2005-11-18,-,,-,,-,,Maria Cristina de Assis,Luanda Silva de Moraes,,Extinta,,10-s2.0-113975272,113975272,Centro Universitário Estadual da Zona Oeste - UEZO,,,"['Uezo: Centro Universitario Estadual Da Zona Oeste', 'Centro Universitário Estadual Da Zona Oeste - Uezo', 'Centro Universitário Estadual Da Zona Oeste (uezo)', 'Centro Universitário Estadual Da Zona Oeste (uezo']",0,0,0,1
14983,FUNDACAO CENTRO UNIVERSITARIO ESTADUAL DA ZONA OESTE,10.889.295/0001-52,Pessoa Jurídica de Direito Público - Estadual,5013,CENTRO UNIVERSITÁRIO ESTADUAL DA ZONA OESTE (UEZO),UEZO,21- 2332 7530,www.uezo.rj.gov.br; www.uezo.edu.br,reitoria@uezo.rj.gov.br,Rua Manuel Caldeira de Alvarenga - 1203 - CEP: 23070-200 - Campo Grande,Rio de Janeiro,RJ,Centro Universitário,,Publica,Pública Estadual,2005-11-18,-,,-,,-,,Maria Cristina de Assis,Luanda Silva de Moraes,,Extinta,,10-s2.0-100622253,100622253,Centro Universitário Estadual da Zona Oeste,,,[],1,0,0,0
14983,FUNDACAO CENTRO UNIVERSITARIO ESTADUAL DA ZONA OESTE,10.889.295/0001-52,Pessoa Jurídica de Direito Público - Estadual,5013,CENTRO UNIVERSITÁRIO ESTADUAL DA ZONA OESTE (UEZO),UEZO,21- 2332 7530,www.uezo.rj.gov.br; www.uezo.edu.br,reitoria@uezo.rj.gov.br,Rua Manuel Caldeira de Alvarenga - 1203 - CEP: 23070-200 - Campo Grande,Rio de Janeiro,RJ,Centro Universitário,,Publica,Pública Estadual,2005-11-18,-,,-,,-,,Maria Cristina de Assis,Luanda Silva de Moraes,,Extinta,,10-s2.0-112831535,112831535,Centro Universitário Estadual da Zona Oeste,,,"['Centro Universitário Estadual Da Zona Oeste', 'Fundação Centro Universitário Estadual Da Zona Oeste [uezo]', 'Fundação Centro Universitário Estadual Da Zona Oeste', 'Centro Universitário Da Zona Oeste', 'Centro Universitário Estadual Da Zona Oeste Uezo']",1,0,0,1
14983,FUNDACAO CENTRO UNIVERSITARIO ESTADUAL DA ZONA OESTE,10.889.295/0001-52,Pessoa Jurídica de Direito Público - Estadual,5013,CENTRO UNIVERSITÁRIO ESTADUAL DA ZONA OESTE (UEZO),UEZO,21- 2332 7530,www.uezo.rj.gov.br; www.uezo.edu.br,reitoria@uezo.rj.gov.br,Rua Manuel Caldeira de Alvarenga - 1203 - CEP: 23070-200 - Campo Grande,Rio de Janeiro,RJ,Centro Universitário,,Publica,Pública Estadual,2005-11-18,-,,-,,-,,Maria Cristina de Assis,Luanda Silva de Moraes,,Extinta,,10-s2.0-112568566,112568566,Centro Universitário Estadual da Zona Oeste (UEZO),,,"['Centro Universitário Estadual Da Zona Oeste (uezo)', 'Fundação Centro Universitário Estadual Da Zona Oeste (uezo)', 'Centro Universitário Estadual Da Zona Oeste - Uezo', 'Fundação Centro Universitário Estadual Da Zona Oeste - Uezo', 'Centro Universitário Estadual Da Zona Oeste-uezo', 'Uezo-centro Universitário Estadual Da Zona Oeste', 'Fundação Centro Universiáario Estadual Da Zona Oeste (uezo)', 'Fundação Centro Universitário Estadual Da Zona Oeste-uezo', 'Fundação Centro Universitário Estadual Da Zona Oeste – Uezo', 'Centro Universitário Estadual Da Zona Oeste – Uezo']",1,0,0,1
14983,FUNDACAO CENTRO UNIVERSITARIO ESTADUAL DA ZONA OESTE,10.889.295/0001-52,Pessoa Jurídica de Direito Público - Estadual,5013,CENTRO UNIVERSITÁRIO ESTADUAL DA ZONA OESTE (UEZO),UEZO,21- 2332 7530,www.uezo.rj.gov.br; www.uezo.edu.br,reitoria@uezo.rj.gov.br,Rua Manuel Caldeira de Alvarenga - 1203 - CEP: 23070-200 - Campo Grande,Rio de Janeiro,RJ,Centro Universitário,,Publica,Pública Estadual,2005-11-18,-,,-,,-,,Maria Cristina de Assis,Luanda Silva de Moraes,,Extinta,,10-s2.0-108398752,108398752,Centro Universitário Estadual da Zona Oeste,,,"['Centro Universitário Estadual Da Zona Oeste', 'Fundação Centro Universitário Estadual Da Zona Oeste', 'Centro Universitário Estadual Dazona Oeste', 'Centro Universitário Estadual Da Zona Oeste – Uezo', 'Centro Universitário Estadual Da Zona Oeste - Uezo', 'Centro Universitrio Da Zona Oeste (uezo)', 'Centro Universitario Da Zona Oeste', '1203. Fundação Centro Universitário Estadual Da Zona Oeste']",1,0,0,1
14983,FUNDACAO CENTRO UNIVERSITARIO ESTADUAL DA ZONA OESTE,10.889.295/0001-52,Pessoa Jurídica de Direito Público - Estadual,5013,CENTRO UNIVERSITÁRIO ESTADUAL DA ZONA OESTE (UEZO),UEZO,21- 2332 7530,www.uezo.rj.gov.br; www.uezo.edu.br,reitoria@uezo.rj.gov.br,Rua Manuel Caldeira de Alvarenga - 1203 - CEP: 23070-200 - Campo Grande,Rio de Janeiro,RJ,Centro Universitário,,Publica,Pública Estadual,2005-11-18,-,,-,,-,,Maria Cristina de Assis,Luanda Silva de Moraes,,Extinta,,10-s2.0-127219437,127219437,Centro Universitário Estadual da Zona Oeste,,,['Centro Universitário Estadual Da Zona Oeste'],1,0,0,1
14983,FUNDACAO CENTRO UNIVERSITARIO ESTADUAL DA ZONA OESTE,10.889.295/0001-52,Pessoa Jurídica de Direito Público - Estadual,5013,CENTRO UNIVERSITÁRIO ESTADUAL DA ZONA OESTE (UEZO),UEZO,21- 2332 7530,www.uezo.rj.gov.br; www.uezo.edu.br,reitoria@uezo.rj.gov.br,Rua Manuel Caldeira de Alvarenga - 1203 - CEP: 23070-200 - Campo Grande,Rio de Janeiro,RJ,Centro Universitário,,Publica,Pública Estadual,2005-11-18,-,,-,,-,,Maria Cristina de Assis,Luanda Silva de Moraes,,Extinta,,10-s2.0-113073124,113073124,Centro Universitário Estadual da Zona Oeste,,,"['Centro Universitário Estadual Da Zona Oeste (uezo)', 'Centro Universitário Estadual Da Zona Oeste', 'Fundação Centro Universitário Estadual Da Zona Oeste', 'Centro Universitário Estadual Da Zona Oeste - Uezo', 'Centro Universitário Estadual Da Zona Oeste (ccmat)/uezo', 'Centro Universitário Da Zona Oeste-uezo', 'Centro Universitário Da Zona Oeste']",1,0,0,2
66,FUNDACAO UNIVERSIDADE DO OESTE DE SANTA CATARINA,84.592.369/0001-20,Privada sem fins lucrativos,1783,FACULDADE DE CIÊNCIAS SOCIAIS APLICADAS (FACISA),FACISA,(49) 3551-2115,www.facisa.unoesc.edu.br,regulacao.pi@unoesc.edu.br,Rodovia Br 282 Km 528 - S/N - CEP: 89825-000 - Linha Limeira,Xaxim,SC,Faculdade,,Privada,Privada sem fins lucrativos,2001-07-25,-,,-,,-,,,Ricardo Antonio de Marco,Descredenciamento voluntário,Extinta,2023-12-19,10-s2.0-117467769,117467769,Faculdade de Ciências Sociais Aplicadas,,,"['Faculdade De Ciências Sociais Aplicadas', 'Faculdade De Ciências Sociais E Aplicadas']",1,0,0,1
1251,SOCIEDADE EDUCACIONAL SANTO AGOSTINHO LTDA - EPP,16.403.719/0001-03,Privada com fins lucrativos,1902,FACULDADE SANTO AGOSTINHO (FACSA),FACSA,73991987306,www.facsa.com.br,profreinaldosoares@hotmail.com;gildasio@lupa-rj.com.br,Rua Palmares - 3 - CEP: 45570-000 - Conceição,Ipiaú,BA,Faculdade,,Privada,Privada com fins lucrativos,2001-12-14,-,,-,,-,,,Reinaldo Soares Dos Santos,Descredenciada por medida de supervisão,Extinta,2025-07-17,10-s2.0-114167175,114167175,Faculdade Santo Agostinho,,,"['Faculdade Santo Agostinho', 'Santo Agostinho University Center', 'Faculdade Santo Agostinho (fsa)', 'University Center Santo Agostinho', 'Santo Agostinho University', 'Santo Agostinho College', 'Facultad Santo Agostinho', 'Faculdade Santo Agostinho-fsa', 'Curso De Farmácia Da Faculdade Santo Agostinho']",1,0,0,2
1251,SOCIEDADE EDUCACIONAL SANTO AGOSTINHO LTDA - EPP,16.403.719/0001-03,Privada com fins lucrativos,1902,FACULDADE SANTO AGOSTINHO (FACSA),FACSA,73991987306,www.facsa.com.br,profreinaldosoares@hotmail.com;gildasio@lupa-rj.com.br,Rua Palmares - 3 - CEP: 45570-000 - Conceição,Ipiaú,BA,Faculdade,,Privada,Privada com fins lucrativos,2001-12-14,-,,-,,-,,,Reinaldo Soares Dos Santos,Descredenciada por medida de supervisão,Extinta,2025-07-17,10-s2.0-118196816,118196816,Faculdade Santo Agostinho (FSA),,,['Faculdade Santo Agostinho (FSA)'],1,0,0,1
1251,SOCIEDADE EDUCACIONAL SANTO AGOSTINHO LTDA - EPP,16.403.719/0001-03,Privada com fins lucrativos,1902,FACULDADE SANTO AGOSTINHO (FACSA),FACSA,73991987306,www.facsa.com.br,profreinaldosoares@hotmail.com;gildasio@lupa-rj.com.br,Rua Palmares - 3 - CEP: 45570-000 - Conceição,Ipiaú,BA,Faculdade,,Privada,Privada com fins lucrativos,2001-12-14,-,,-,,-,,,Reinaldo Soares Dos Santos,Descredenciada por medida de supervisão,Extinta,2025-07-17,10-s2.0-120278088,120278088,Faculdade Santo Agostinho,,,['Faculdade Santo Agostinho'],1,0,0,1
2413,INSTITUTO CENTRO DE ENSINO TECNOLOGICO,03.021.597/0001-49,Pessoa Jurídica de Direito Privado - Sem fins lucrativos - Associação de Utilidade Pública,4789,INSTITUTO CENTRO DE ENSINO TECNOLÓGICO - LIMOEIRO DO NORTE (CENTEC),CENTEC,,www.centec.org.br,ud_limoeiro@centec.org.br,Rua Estevam Remígio - 1.145 - CEP: 62930-000 - Centro,Limoeiro do Norte,CE,Faculdade,,Privada,Privada sem fins lucrativos,2001-01-18,-,,-,,-,,,,Descredenciada por medida de supervisão,Extinta,2017-05-30,10-s2.0-60084120,60084120,CENTEC Instituto Centro de Ensino Tecnologico,,http://www.centec.org.br/,['CENTEC Instituto Centro de Ensino Tecnologico'],0,1,0,0
13212,FUNDACAO UNIVERSITARIA DE CARDIOLOGIA,92.898.550/0001-98,Privada sem fins lucrativos,13452,FACULDADE DE TECNOLOGIA FUNDAÇÃO UNIVERSITÁRIA DE CARDIOLOGIA,-,(51) 3230 3617,www.cardiologia.org.br,silvia.gold@cardiologia.org.br,Av. Princesa Isabel - 370 - CEP: 90620-001 - Santana,Porto Alegre,RS,Faculdade,,Privada,Privada sem fins lucrativos,2012-04-09,-,,-,,-,,,Marne De Freitas Gomes,Descredenciamento voluntário,Extinta,2020-04-17,10-s2.0-60058857,60058857,Instituto de Cardiologia/Fundacao Universitaria de Cardiologia,cardiologia.org.br,http://www.cardiologia.org.br/,['Instituto de Cardiologia/Fundacao Universitaria de Cardiologia'],0,1,1,0
15664,GALILEO ADMINISTRACAO DE RECURSOS EDUCACIONAIS S/A.,12.045.897/0001-59,Pessoa Jurídica de Direito Privado - Com fins lucrativos - Sociedade Mercantil ou Comercial,16,UNIVERSIDADE GAMA FILHO (UGF),UGF,(21)2599-7265,www.ugf.br,reitoria@ugf.br,Rua Manoel Vitorino - 553 - CEP: 20748-900 - Piedade,Rio de Janeiro,RJ,Universidade,Presencial / EAD - Lato-sensu,Privada,Privada com fins lucrativos,1972-03-27,-,,-,,-,,,,"Acervo Acadêmico, Descredenciada por medida de supervisão",Extinta,2014-01-14,10-s2.0-60004870,60004870,Universidade Gama Filho,ugf.br,,"['Gama Filho University', 'Universidade Gama Filho']",1,0,1,1
15664,GALILEO ADMINISTRACAO DE RECURSOS EDUCACIONAIS S/A.,12.045.897/0001-59,Pessoa Jurídica de Direito Privado - Com fins lucrativos - Sociedade Mercantil ou Comercial,198,CENTRO UNIVERSITÁRIO DA CIDADE (UNIVERCIDADE),UNIVERCIDADE,(21)2599-4374,www.univercidade.edu,pesquisadorinstitucional@univercidade.edu.br;auxiliarinstitucional@univercidade.edu.br,Rua José Bonifácio - 140 - CEP: 20770-240 - Todos os Santos,Rio de Janeiro,RJ,Centro Universitário,Presencial,Privada,Privada com fins lucrativos,1998-09-29,-,,-,,-,,,,"Acervo Acadêmico, Descredenciada por medida de supervisão",Extinta,2014-01-14,10-s2.0-112590561,112590561,Clínica-Escola Centro Universitário da Cidade,,,"['Clínica-escola Centro Universitário Da Cidade', 'Centro Universitário Da Cidade', 'Centro Universitario Da Cidade', 'Centro Da Cidade']",0,0,0,2
16452,ANHANGUERA EDUCACIONAL PARTICIPACOES S/A,04.310.392/0001-46,Privada com fins lucrativos,1710,FACULDADE ANHANGUERA DE NEGÓCIOS E TECNOLOGIAS DA INFORMAÇÃO,-,(31) 984505383,http://www.anhanguera.com,ddi@kroton.com.br; thales.pimentel@kroton.com.br,,,,Faculdade,,Privada,Privada com fins lucrativos,2001-05-21,-,,-,,-,,,,"Extinta por unificação, Unificação de Mantidas",Extinta,2023-04-03,10-s2.0-60281103,60281103,Universidade Anhanguera de São Paulo,anhanguera.com,https://www.anhanguera.com/unidades/,"['Universidade Anhanguera de São Paulo', 'Anhanguera Educacional', 'Anhanguera Educational']",0,0,1,0
16093,ORGANIZACAO TECNOLOGICA DE ENSINO LTDA,07.714.798/0001-82,Privada com fins lucrativos,1771,FACULDADE DE TECNOLOGIA E CIÊNCIAS (FTC RECIFE),FTC RECIFE,(71) 3281 8171 / 999737741,www.ftc.br/fsm,avalia@ftc.edu.br; lsoares@ftc.edu.br,Rua Pe Bernadino Pessoa - 512 - CEP: 51020-210 - Boa Viagem,Recife,PE,Faculdade,,Privada,Privada com fins lucrativos,2001-07-20,-,,-,,-,,,,"Acervo Acadêmico, Descredenciada por medida de supervisão",Extinta,2020-03-05,10-s2.0-101610522,101610522,Faculdade de Tecnologia e Ciências,,,['Faculdade De Tecnologia E Ciências'],1,0,0,1
16093,ORGANIZACAO TECNOLOGICA DE ENSINO LTDA,07.714.798/0001-82,Privada com fins lucrativos,1771,FACULDADE DE TECNOLOGIA E CIÊNCIAS (FTC RECIFE),FTC RECIFE,(71) 3281 8171 / 999737741,www.ftc.br/fsm,avalia@ftc.edu.br; lsoares@ftc.edu.br,Rua Pe Bernadino Pessoa - 512 - CEP: 51020-210 - Boa Viagem,Recife,PE,Faculdade,,Privada,Privada com fins lucrativos,2001-07-20,-,,-,,-,,,,"Acervo Acadêmico, Descredenciada por medida de supervisão",Extinta,2020-03-05,10-s2.0-106314822,106314822,Faculdade de Tecnologia e Ciências,,,[],1,0,0,0
16093,ORGANIZACAO TECNOLOGICA DE ENSINO LTDA,07.714.798/0001-82,Privada com fins lucrativos,1771,FACULDADE DE TECNOLOGIA E CIÊNCIAS (FTC RECIFE),FTC RECIFE,(71) 3281 8171 / 999737741,www.ftc.br/fsm,avalia@ftc.edu.br; lsoares@ftc.edu.br,Rua Pe Bernadino Pessoa - 512 - CEP: 51020-210 - Boa Viagem,Recife,PE,Faculdade,,Privada,Privada com fins lucrativos,2001-07-20,-,,-,,-,,,,"Acervo Acadêmico, Descredenciada por medida de supervisão",Extinta,2020-03-05,10-s2.0-124520339,124520339,Faculdade de Tecnologia e Ciências,,,[],1,0,0,0
16093,ORGANIZACAO TECNOLOGICA DE ENSINO LTDA,07.714.798/0001-82,Privada com fins lucrativos,1771,FACULDADE DE TECNOLOGIA E CIÊNCIAS (FTC RECIFE),FTC RECIFE,(71) 3281 8171 / 999737741,www.ftc.br/fsm,avalia@ftc.edu.br; lsoares@ftc.edu.br,Rua Pe Bernadino Pessoa - 512 - CEP: 51020-210 - Boa Viagem,Recife,PE,Faculdade,,Privada,Privada com fins lucrativos,2001-07-20,-,,-,,-,,,,"Acervo Acadêmico, Descredenciada por medida de supervisão",Extinta,2020-03-05,10-s2.0-114376762,114376762,Faculdade de Tecnologia e Ciências,,,"['Faculdade De Tecnologia E Ciências', 'Faculdade De Tecnologia E Ciência', 'Tecnologia E Ciências (ftc)']",1,0,0,1
16093,ORGANIZACAO TECNOLOGICA DE ENSINO LTDA,07.714.798/0001-82,Privada com fins lucrativos,1771,FACULDADE DE TECNOLOGIA E CIÊNCIAS (FTC RECIFE),FTC RECIFE,(71) 3281 8171 / 999737741,www.ftc.br/fsm,avalia@ftc.edu.br; lsoares@ftc.edu.br,Rua Pe Bernadino Pessoa - 512 - CEP: 51020-210 - Boa Viagem,Recife,PE,Faculdade,,Privada,Privada com fins lucrativos,2001-07-20,-,,-,,-,,,,"Acervo Acadêmico, Descredenciada por medida de supervisão",Extinta,2020-03-05,10-s2.0-112823132,112823132,Faculdade de Tecnologia e Ciências (FTC),,,"['Faculdade De Tecnologia E Ciências (ftc)', 'Faculdade De Tecnologia E Ciências (uniftc)', 'Faculdade Tecnologia E Ciências (ftc)', 'Faculdade Tecnologia E Ciência Da Rede Ftc-digital', 'Faculdade De Tecnologia E Ciência (uniftc)']",1,0,0,2
16093,ORGANIZACAO TECNOLOGICA DE ENSINO LTDA,07.714.798/0001-82,Privada com fins lucrativos,1771,FACULDADE DE TECNOLOGIA E CIÊNCIAS (FTC RECIFE),FTC RECIFE,(71) 3281 8171 / 999737741,www.ftc.br/fsm,avalia@ftc.edu.br; lsoares@ftc.edu.br,Rua Pe Bernadino Pessoa - 512 - CEP: 51020-210 - Boa Viagem,Recife,PE,Faculdade,,Privada,Privada com fins lucrativos,2001-07-20,-,,-,,-,,,,"Acervo Acadêmico, Descredenciada por medida de supervisão",Extinta,2020-03-05,10-s2.0-107974599,107974599,Faculdade de Tecnologia e Ciências (FTC),,,"['Faculdade De Tecnologia E Ciências-ftc', 'Faculdade De Tecnologia E Ciências (ftc)', 'Faculdade De Tecnologia E Ciência (ftc)']",1,0,0,1
16093,ORGANIZACAO TECNOLOGICA DE ENSINO LTDA,07.714.798/0001-82,Privada com fins lucrativos,1771,FACULDADE DE TECNOLOGIA E CIÊNCIAS (FTC RECIFE),FTC RECIFE,(71) 3281 8171 / 999737741,www.ftc.br/fsm,avalia@ftc.edu.br; lsoares@ftc.edu.br,Rua Pe Bernadino Pessoa - 512 - CEP: 51020-210 - Boa Viagem,Recife,PE,Faculdade,,Privada,Privada com fins lucrativos,2001-07-20,-,,-,,-,,,,"Acervo Acadêmico, Descredenciada por medida de supervisão",Extinta,2020-03-05,10-s2.0-109965054,109965054,Faculdade de Tecnologia e Ciências,,,"['Faculdade De Tecnologia E Ciências', 'Faculdade De Tecnologia E Ciências–ftc', 'Faculdade De Tecnologia E Ciências-ftc', 'Faculdade De Tecnologia E Ciências Da Bahia', 'Faculdade De Tecnologia E Ciências - Ftc', 'Faculdade De Ciência E Tecnologia (ftc)']",1,0,0,1
16093,ORGANIZACAO TECNOLOGICA DE ENSINO LTDA,07.714.798/0001-82,Privada com fins lucrativos,1771,FACULDADE DE TECNOLOGIA E CIÊNCIAS (FTC RECIFE),FTC RECIFE,(71) 3281 8171 / 999737741,www.ftc.br/fsm,avalia@ftc.edu.br; lsoares@ftc.edu.br,Rua Pe Bernadino Pessoa - 512 - CEP: 51020-210 - Boa Viagem,Recife,PE,Faculdade,,Privada,Privada com fins lucrativos,2001-07-20,-,,-,,-,,,,"Acervo Acadêmico, Descredenciada por medida de supervisão",Extinta,2020-03-05,10-s2.0-100370609,100370609,Faculdade de Tecnologia e Ciências,,,"['Faculdade De Tecnologia E Ciências', 'Faculdade De Tecnologia E Ciências (ftc)', 'Faculdade De Tecnologia E Ciencias Medical School', 'Faculdade De Tecn. E Ciências', 'Faculdade Tecnologia E Ciências (ftc)', 'Faculdade De Tecnologia E Ciência - Ftc', 'Faculdade De Tecnologia E Ciência', 'Faculdade De Tecnologia E Ciencias', 'Faculdade De Ciência E Tecnologia', 'Hospital Aliança And Faculdade De Tecnologia E Ciencias Medical School']",1,0,0,3
16093,ORGANIZACAO TECNOLOGICA DE ENSINO LTDA,07.714.798/0001-82,Privada com fins lucrativos,1771,FACULDADE DE TECNOLOGIA E CIÊNCIAS (FTC RECIFE),FTC RECIFE,(71) 3281 8171 / 999737741,www.ftc.br/fsm,avalia@ftc.edu.br; lsoares@ftc.edu.br,Rua Pe Bernadino Pessoa - 512 - CEP: 51020-210 - Boa Viagem,Recife,PE,Faculdade,,Privada,Privada com fins lucrativos,2001-07-20,-,,-,,-,,,,"Acervo Acadêmico, Descredenciada por medida de supervisão",Extinta,2020-03-05,10-s2.0-115144871,115144871,Faculdade de Tecnologia e Ciências (FTC),,,"['Faculdade De Tecnologia E Ciências (ftc)', 'Faculdade De Tecnologia E Ciências', 'Ftc - Faculdade De Tecnologia E Ciências', 'Faculdade De Tecnologia E Ciência']",1,0,0,2
16093,ORGANIZACAO TECNOLOGICA DE ENSINO LTDA,07.714.798/0001-82,Privada com fins lucrativos,1771,FACULDADE DE TECNOLOGIA E CIÊNCIAS (FTC RECIFE),FTC RECIFE,(71) 3281 8171 / 999737741,www.ftc.br/fsm,avalia@ftc.edu.br; lsoares@ftc.edu.br,Rua Pe Bernadino Pessoa - 512 - CEP: 51020-210 - Boa Viagem,Recife,PE,Faculdade,,Privada,Privada com fins lucrativos,2001-07-20,-,,-,,-,,,,"Acervo Acadêmico, Descredenciada por medida de supervisão",Extinta,2020-03-05,10-s2.0-112118971,112118971,Faculdade de Tecnologia e Ciências (FTC),,,[],1,0,0,0
16452,ANHANGUERA EDUCACIONAL PARTICIPACOES S/A,04.310.392/0001-46,Privada com fins lucrativos,1518,FACULDADE ANHANGUERA DE TAGUATINGA,-,(31) 984505383,http://www.anhanguera.com,ddi@kroton.com.br; thales.pimentel@kroton.com.br,,,,Faculdade,,Privada,Privada com fins lucrativos,2000-05-30,-,,-,,-,,,,"Extinta por unificação, Unificação de Mantidas",Extinta,2023-04-03,10-s2.0-60281103,60281103,Universidade Anhanguera de São Paulo,anhanguera.com,https://www.anhanguera.com/unidades/,"['Universidade Anhanguera de São Paulo', 'Anhanguera Educacional', 'Anhanguera Educational']",0,0,1,0
472,UNIAO EDUCACIONAL DE BRASILIA,00.542.308/0001-69,Pessoa Jurídica de Direito Privado - Sem fins lucrativos - Fundação,709,INSTITUTO DE CIÊNCIAS EXATAS (UNEB),UNEB,(61) 2101 9900,www.uneb.com.br,diretoria@uneb.com.br,SGAS - AVENIDA W5 SUL QUADRA 910 - 32 - CEP: 70390-100 - ASA SUL,Brasília,DF,Faculdade,,Privada,Privada sem fins lucrativos,1988-11-08,-,,-,,-,,,Elinna de Campos,Descredenciada por medida de supervisão,Extinta,2018-10-01,10-s2.0-132788241,132788241,Instituto de Ciências Exatas,,,[],1,0,0,0
472,UNIAO EDUCACIONAL DE BRASILIA,00.542.308/0001-69,Pessoa Jurídica de Direito Privado - Sem fins lucrativos - Fundação,709,INSTITUTO DE CIÊNCIAS EXATAS (UNEB),UNEB,(61) 2101 9900,www.uneb.com.br,diretoria@uneb.com.br,SGAS - AVENIDA W5 SUL QUADRA 910 - 32 - CEP: 70390-100 - ASA SUL,Brasília,DF,Faculdade,,Privada,Privada sem fins lucrativos,1988-11-08,-,,-,,-,,,Elinna de Campos,Descredenciada por medida de supervisão,Extinta,2018-10-01,10-s2.0-100384425,100384425,Instituto de Ciências Biológicas,,,"['Instituto De Ciências Biológicas', 'Instituto De Ciencias Biologicas', 'Instituto De Ciěncias Exatas', 'Instituto De Ciências Biológicas - Ib', 'Instituto De Ciências Humanas', 'Instituto Ciencias Biologicas', 'Instituto Central De Ciências']",0,0,0,1
472,UNIAO EDUCACIONAL DE BRASILIA,00.542.308/0001-69,Pessoa Jurídica de Direito Privado - Sem fins lucrativos - Fundação,709,INSTITUTO DE CIÊNCIAS EXATAS (UNEB),UNEB,(61) 2101 9900,www.uneb.com.br,diretoria@uneb.com.br,SGAS - AVENIDA W5 SUL QUADRA 910 - 32 - CEP: 70390-100 - ASA SUL,Brasília,DF,Faculdade,,Privada,Privada sem fins lucrativos,1988-11-08,-,,-,,-,,,Elinna de Campos,Descredenciada por medida de supervisão,Extinta,2018-10-01,10-s2.0-117473500,117473500,Instituto de Ciências Exatas,,,['Instituto De Ciências Exatas'],1,0,0,1
472,UNIAO EDUCACIONAL DE BRASILIA,00.542.308/0001-69,Pessoa Jurídica de Direito Privado - Sem fins lucrativos - Fundação,709,INSTITUTO DE CIÊNCIAS EXATAS (UNEB),UNEB,(61) 2101 9900,www.uneb.com.br,diretoria@uneb.com.br,SGAS - AVENIDA W5 SUL QUADRA 910 - 32 - CEP: 70390-100 - ASA SUL,Brasília,DF,Faculdade,,Privada,Privada sem fins lucrativos,1988-11-08,-,,-,,-,,,Elinna de Campos,Descredenciada por medida de supervisão,Extinta,2018-10-01,10-s2.0-105225040,105225040,Instituto de Ciências Exatas,,,"['Instituto De Ciências Exatas', 'Instituto De Ciencias Exatas', 'Instituto De Ciências Exatas (ice X)', 'Instituto De Ciência Exatas', 'Inst. Cie. Exatas, Univ. Fed. M.', 'Departamento De Química, Instituto De Ciências Exatas']",1,0,0,3
472,UNIAO EDUCACIONAL DE BRASILIA,00.542.308/0001-69,Pessoa Jurídica de Direito Privado - Sem fins lucrativos - Fundação,709,INSTITUTO DE CIÊNCIAS EXATAS (UNEB),UNEB,(61) 2101 9900,www.uneb.com.br,diretoria@uneb.com.br,SGAS - AVENIDA W5 SUL QUADRA 910 - 32 - CEP: 70390-100 - ASA SUL,Brasília,DF,Faculdade,,Privada,Privada sem fins lucrativos,1988-11-08,-,,-,,-,,,Elinna de Campos,Descredenciada por medida de supervisão,Extinta,2018-10-01,10-s2.0-108406808,108406808,Instituto de Ciências Exatas,,,['Instituto De Ciências Exatas'],1,0,0,1
472,UNIAO EDUCACIONAL DE BRASILIA,00.542.308/0001-69,Pessoa Jurídica de Direito Privado - Sem fins lucrativos - Fundação,709,INSTITUTO DE CIÊNCIAS EXATAS (UNEB),UNEB,(61) 2101 9900,www.uneb.com.br,diretoria@uneb.com.br,SGAS - AVENIDA W5 SUL QUADRA 910 - 32 - CEP: 70390-100 - ASA SUL,Brasília,DF,Faculdade,,Privada,Privada sem fins lucrativos,1988-11-08,-,,-,,-,,,Elinna de Campos,Descredenciada por medida de supervisão,Extinta,2018-10-01,10-s2.0-125366313,125366313,Instituto de Ciências Exatas,,,"['Instituto De Ciências Exatas', 'Inst. Cie. Exatas, Univ. Fed. R.', 'Inst. De Ciencias Exatas Univ. F.']",1,0,0,1
187,ASSOCIACAO DE EDUCACAO E ASSISTENCIA SOCIAL SAO MARCOS,62.960.646/0001-78,Privada sem fins lucrativos,264,UNIVERSIDADE SÃO MARCOS (USM),USM,19 98771001,www.smarcos.br,"aureliavarella@gmail.com, smarcos@educsup.org",Rua Gama Lobo - 465 - CEP: 04269-000 - Ipiranga,São Paulo,SP,Universidade,Presencial,Privada,Privada sem fins lucrativos,1994-12-30,-,,-,,-,,,,Descredenciada por medida de supervisão,Extinta,2012-03-26,10-s2.0-60010222,60010222,Universidade Sao Marcos,universidadesaomarcos.edu.br,http://www.universidadesaomarcos.edu.br/,"['Sao Marcos University', 'Universidade Sao Marcos']",1,0,0,1
112,UNIVERSIDADE DO ESTADO DE MINAS GERAIS,65.172.579/0001-15,Pessoa Jurídica de Direito Público - Estadual,14236,FACULDADE DE CIÊNCIAS GERENCIAIS (FACIG),FACIG,(37) 3381-3926,http://facig.funedi.edu.br/,facig@funedi.edu.br,Rodovia MG 260 - Km 33 - - - CEP: 35530-000 - Anel Rodoviário,,,Faculdade,Presencial,Publica,Pública Estadual,2001-04-07,-,,-,,-,,,,Extinta por unificação,Extinta,2014-04-04,10-s2.0-119646525,119646525,Faculdade de Ciencias Gerenciais,,,['Faculdade De Ciencias Gerenciais'],1,0,0,1
585,SOCIEDADE CULTURAL E EDUCACIONAL DE GARCA S/S LTDA,54.715.693/0001-28,Pessoa Jurídica de Direito Privado - Com fins lucrativos - Sociedade Civil,1505,FACULDADE DE MEDICINA VETERINÁRIA E ZOOTECNIA (FAMED),FAMED,(14) 3407-8000,www.faef.br,"sentineladoplanalto@terra.com.br, ssgomes@fait.edu.br",,,,Faculdade,Presencial,Privada,Privada sem fins lucrativos,2000-05-26,-,,-,,-,,,WILSON SHIMIZU,Extinta por unificação,Extinta,2012-12-31,10-s2.0-116661308,116661308,Faculdade de Medicina Veterinária e Zootecnia (UVV-ES),,,['Faculdade de Medicina Veterinária e Zootecnia (UVV-ES)'],1,0,0,1
585,SOCIEDADE CULTURAL E EDUCACIONAL DE GARCA S/S LTDA,54.715.693/0001-28,Pessoa Jurídica de Direito Privado - Com fins lucrativos - Sociedade Civil,1505,FACULDADE DE MEDICINA VETERINÁRIA E ZOOTECNIA (FAMED),FAMED,(14) 3407-8000,www.faef.br,"sentineladoplanalto@terra.com.br, ssgomes@fait.edu.br",,,,Faculdade,Presencial,Privada,Privada sem fins lucrativos,2000-05-26,-,,-,,-,,,WILSON SHIMIZU,Extinta por unificação,Extinta,2012-12-31,10-s2.0-116351506,116351506,Faculdade de Medicina Veterinária e Zootecnia (FMVZ),,,[],1,0,0,0
943,SOCIEDADE EDUCACIONAL SANTA RITA S.A.,91.109.660/0001-60,Privada com fins lucrativos,3596,FACULDADE AMÉRICA LATINA,-,(11) 2178-1423,,processos.regulatorios@cruzeirodosul.edu.br,Rua Marechal Floriano - 889 - CEP: 95020-370 - Pio X,,,Faculdade,Presencial,Privada,Privada com fins lucrativos,2005-08-18,-,,-,,-,,,Felipe Coragem Negrao,Extinta por unificação,Extinta,2017-05-22,10-s2.0-113437876,113437876,Faculdade América Latina,,,"['Faculdade América Latina', 'Faculdade America Latina', 'America Latina College']",1,0,0,2
15801,UNIC EDUCACIONAL LTDA,14.793.478/0001-20,Pessoa Jurídica de Direito Privado - Com fins lucrativos - Sociedade Mercantil ou Comercial,2974,FACULDADE DE CIÊNCIAS JURÍDICAS E SOCIAIS APLICADAS DE PRIMAVERA DO LESTE,-,(66)3498 4605,http://www.unic.br/,ddi@kroton.com.br;petre.rebac@kroton.com.br,,,,Faculdade,,Privada,Privada com fins lucrativos,2004-01-14,-,,-,,-,,,,"Extinta por unificação, Unificação de Mantidas",Extinta,2020-05-11,10-s2.0-60026686,60026686,Universidade de Cuiaba,unic.br,http://www.unic.br,"['University of Cuiaba', 'Universidade de Cuiaba']",0,1,1,0
2048,FUNDACAO DE ENSINO E PESQUISA EM CIENCIAS DA SAUDE,04.287.092/0001-93,Pessoa Jurídica de Direito Público - Estadual,3223,ESCOLA SUPERIOR DE CIÊNCIAS DA SAÚDE (ESCS),ESCS,61 20171145 ramal 6863 ou 6864,www.escs.edu.br,direcaogeral@escs.edu.br,SMHN QD 501- Bl A - s/n - CEP: 70710-100 - Asa Norte,Brasília,DF,Faculdade,,Publica,Pública Estadual,2001-07-18,-,,-,,-,,,,,Extinta,2021-07-27,10-s2.0-117806448,117806448,Escola Superior de Ciências da Saúde,,,"['Escola Superior De Ciências Da Saúde', 'Escola Da Saúde', 'Escola Superior Em Ciências Da Saúde (esa/uea)']",1,0,0,1
2048,FUNDACAO DE ENSINO E PESQUISA EM CIENCIAS DA SAUDE,04.287.092/0001-93,Pessoa Jurídica de Direito Público - Estadual,3223,ESCOLA SUPERIOR DE CIÊNCIAS DA SAÚDE (ESCS),ESCS,61 20171145 ramal 6863 ou 6864,www.escs.edu.br,direcaogeral@escs.edu.br,SMHN QD 501- Bl A - s/n - CEP: 70710-100 - Asa Norte,Brasília,DF,Faculdade,,Publica,Pública Estadual,2001-07-18,-,,-,,-,,,,,Extinta,2021-07-27,10-s2.0-107823058,107823058,Escola Superior de Ciências da Saúde,,,[],1,0,0,0
2048,FUNDACAO DE ENSINO E PESQUISA EM CIENCIAS DA SAUDE,04.287.092/0001-93,Pessoa Jurídica de Direito Público - Estadual,3223,ESCOLA SUPERIOR DE CIÊNCIAS DA SAÚDE (ESCS),ESCS,61 20171145 ramal 6863 ou 6864,www.escs.edu.br,direcaogeral@escs.edu.br,SMHN QD 501- Bl A - s/n - CEP: 70710-100 - Asa Norte,Brasília,DF,Faculdade,,Publica,Pública Estadual,2001-07-18,-,,-,,-,,,,,Extinta,2021-07-27,10-s2.0-118774094,118774094,Escola Superior de Ciências da Saúde (ESCS) - Brasília,,,['Escola Superior De Ciências Da Saúde (escs)'],0,0,0,1
2048,FUNDACAO DE ENSINO E PESQUISA EM CIENCIAS DA SAUDE,04.287.092/0001-93,Pessoa Jurídica de Direito Público - Estadual,3223,ESCOLA SUPERIOR DE CIÊNCIAS DA SAÚDE (ESCS),ESCS,61 20171145 ramal 6863 ou 6864,www.escs.edu.br,direcaogeral@escs.edu.br,SMHN QD 501- Bl A - s/n - CEP: 70710-100 - Asa Norte,Brasília,DF,Faculdade,,Publica,Pública Estadual,2001-07-18,-,,-,,-,,,,,Extinta,2021-07-27,10-s2.0-112962475,112962475,Escola Superior de Ciências da Saúde,,,"['Escola Superior De Ciências Da Saúde', 'Escola Superior De Ciencias Da Saude']",1,0,0,2
2048,FUNDACAO DE ENSINO E PESQUISA EM CIENCIAS DA SAUDE,04.287.092/0001-93,Pessoa Jurídica de Direito Público - Estadual,3223,ESCOLA SUPERIOR DE CIÊNCIAS DA SAÚDE (ESCS),ESCS,61 20171145 ramal 6863 ou 6864,www.escs.edu.br,direcaogeral@escs.edu.br,SMHN QD 501- Bl A - s/n - CEP: 70710-100 - Asa Norte,Brasília,DF,Faculdade,,Publica,Pública Estadual,2001-07-18,-,,-,,-,,,,,Extinta,2021-07-27,10-s2.0-100795016,100795016,Escola Superior de Ciências,,,"['Escola Superior De Ciências', 'Medicine School Of Escola Superior De Ciências', 'Escola Superior De Ciências Da Saúde', 'Escola Superior De Ciências Da', 'Escola Superior De Ciencias Da Saude']",0,0,0,2
2048,FUNDACAO DE ENSINO E PESQUISA EM CIENCIAS DA SAUDE,04.287.092/0001-93,Pessoa Jurídica de Direito Público - Estadual,3223,ESCOLA SUPERIOR DE CIÊNCIAS DA SAÚDE (ESCS),ESCS,61 20171145 ramal 6863 ou 6864,www.escs.edu.br,direcaogeral@escs.edu.br,SMHN QD 501- Bl A - s/n - CEP: 70710-100 - Asa Norte,Brasília,DF,Faculdade,,Publica,Pública Estadual,2001-07-18,-,,-,,-,,,,,Extinta,2021-07-27,10-s2.0-112873430,112873430,Escola Superior de Ciências da Saúde (ESCS),,,[],1,0,0,0
2048,FUNDACAO DE ENSINO E PESQUISA EM CIENCIAS DA SAUDE,04.287.092/0001-93,Pessoa Jurídica de Direito Público - Estadual,3223,ESCOLA SUPERIOR DE CIÊNCIAS DA SAÚDE (ESCS),ESCS,61 20171145 ramal 6863 ou 6864,www.escs.edu.br,direcaogeral@escs.edu.br,SMHN QD 501- Bl A - s/n - CEP: 70710-100 - Asa Norte,Brasília,DF,Faculdade,,Publica,Pública Estadual,2001-07-18,-,,-,,-,,,,,Extinta,2021-07-27,10-s2.0-121400940,121400940,Escola Superior de Ciências da Saúde,,,"['Escola Superior De Ciências Da Saúde', 'Escola Superior De Ciências Da Saude', 'Escola Superior De Ciencias Da Saude']",1,0,0,3
2048,FUNDACAO DE ENSINO E PESQUISA EM CIENCIAS DA SAUDE,04.287.092/0001-93,Pessoa Jurídica de Direito Público - Estadual,3223,ESCOLA SUPERIOR DE CIÊNCIAS DA SAÚDE (ESCS),ESCS,61 20171145 ramal 6863 ou 6864,www.escs.edu.br,direcaogeral@escs.edu.br,SMHN QD 501- Bl A - s/n - CEP: 70710-100 - Asa Norte,Brasília,DF,Faculdade,,Publica,Pública Estadual,2001-07-18,-,,-,,-,,,,,Extinta,2021-07-27,10-s2.0-126172858,126172858,Escola Superior de Ciências da Saúde,,,"['Escola Superior De Ciências Da Saúde', 'Escola Superior Em Ciências Da Saúde (escs)', 'Escola Superior De Ciências Da Saúde Do Distrito Federal']",1,0,0,1
1336,ITPAC INSTITUTO TOCANTINENSE PRESIDENTE ANTONIO CARLOS S.A,02.941.990/0001-98,Privada com fins lucrativos,3225,FACULDADE DE ENFERMAGEM (ITPAC),ITPAC,,www.itpac.br,itpac@itpac.br,Avenida Filadélfia - 568 - CEP: 77816-530 - Setor Oeste,Araguaína,TO,Faculdade,,Privada,Privada com fins lucrativos,2002-01-03,-,,-,,-,,,,Descredenciamento voluntário,Extinta,2020-01-15,10-s2.0-119813364,119813364,Faculdade de Enfermagem (FEn/UFPel),,,['Faculdade De Enfermagem (fen/ufpel)'],1,0,0,1
1336,ITPAC INSTITUTO TOCANTINENSE PRESIDENTE ANTONIO CARLOS S.A,02.941.990/0001-98,Privada com fins lucrativos,3225,FACULDADE DE ENFERMAGEM (ITPAC),ITPAC,,www.itpac.br,itpac@itpac.br,Avenida Filadélfia - 568 - CEP: 77816-530 - Setor Oeste,Araguaína,TO,Faculdade,,Privada,Privada com fins lucrativos,2002-01-03,-,,-,,-,,,,Descredenciamento voluntário,Extinta,2020-01-15,10-s2.0-112353143,112353143,Faculdade de Enfermagem,,,['Faculdade De Enfermagem'],1,0,0,1
1336,ITPAC INSTITUTO TOCANTINENSE PRESIDENTE ANTONIO CARLOS S.A,02.941.990/0001-98,Privada com fins lucrativos,3225,FACULDADE DE ENFERMAGEM (ITPAC),ITPAC,,www.itpac.br,itpac@itpac.br,Avenida Filadélfia - 568 - CEP: 77816-530 - Setor Oeste,Araguaína,TO,Faculdade,,Privada,Privada com fins lucrativos,2002-01-03,-,,-,,-,,,,Descredenciamento voluntário,Extinta,2020-01-15,10-s2.0-129160276,129160276,Faculdade de Enfermagem,,,['Faculdade De Enfermagem'],1,0,0,1
14876,ASSOCIACAO JOAO MEINBERG DE ENSINO DE SAO PAULO,00.821.834/0001-68,Pessoa Jurídica de Direito Privado - Sem fins lucrativos - Associação de Utilidade Pública,1190,FACULDADE INTEGRAL CANTAREIRA (F.I.C.),F.I.C.,(11) 2790-5900,,secretaria_agro@cantareira.br;,Rua Condessa Siciliano - 363 - CEP: 02044-050 - Jardim São Paulo(Zona Norte),São Paulo,SP,Faculdade,,Privada,Privada sem fins lucrativos,1998-12-16,-,,-,,-,,,Paulo Meinberg Junior,"Descredenciamento voluntário, Suspensão contrato FIES",Extinta,2025-01-20,10-s2.0-105583190,105583190,Faculdade Cantareira,,,"['Faculdade Integral Cantareira - Fic', 'Faculdade Integral Cantareira', 'Faculdade Cantareira', 'Cantareira College']",0,0,0,1
1819,ASSOCIACAO IRMAS DA MAE DOLOROSA DA ORDEM TERCEIRA DE SAO FRANCISCO,01.642.537/0001-18,Privada sem fins lucrativos,2795,FACULDADE SÃO FRANCISCO DE ASSIS (FASFA),FASFA,61998201713,www.fasfa.com.br,geunpresidente@gmail.com,Rua Rio Negro - 386 - CEP: 78690-000 - Tonetto,Nova Xavantina,MT,Faculdade,,Privada,Privada sem fins lucrativos,2004-03-18,-,,-,,-,,,PATRIZIA BUCHINI,Descredenciamento voluntário,Extinta,2020-03-05,10-s2.0-116400712,116400712,Faculdade São Francisco de Assis,,,"['Faculdade São Francisco De Assis', 'São Francisco De Assis College', 'Faculdade São Francisco De Assis/unifin', 'Faculdade São Francisco De Assis / Unifin', 'Faculdade São Francisco De Assis - Unifin', 'Faculdade São Francisco De Assis (unifin)']",1,0,0,2
1404,UNIAO EDUCACIONAL DO NORTE LTDA,04.515.940/0001-74,Privada com fins lucrativos,2146,FACULDADE DO ACRE (FAC),FAC,(68) 3213 7070,www.uninorteac.com.br,vanessa.igami@uninorteac.com.br,,,,Faculdade,,Privada,Privada com fins lucrativos,2002-09-09,-,,-,,-,,,,"Extinta por unificação, Unificação de Mantidas",Extinta,2020-07-06,10-s2.0-117031401,117031401,Faculdade do Acre (FAC),,,['Faculdade do Acre (FAC)'],1,0,0,1
16134,UNIESP S.A,19.347.410/0001-31,Privada com fins lucrativos,983,FACULDADE PRUDENTE DE MORAES (FPM),FPM,(11) 4024-8686,http://www.fpm.edu.br,legis.educ@uniesp.edu.br,Rua Sorocaba - 936 - CEP: 13310-335 - Vila Santa Terezinha,Itu,SP,Faculdade,,Privada,Privada com fins lucrativos,1994-12-29,-,,-,,-,,,Claudia Aparecida Pereira,"Acervo Acadêmico, Descredenciada por medida de supervisão",Extinta,2019-09-26,10-s2.0-106674021,106674021,Faculdade Prudente de Moraes,,,"['Faculdade Prudente de Moraes', 'Faculdade de Presidente Prudente']",1,0,0,1
221,FUNDACAO PRESIDENTE ANTONIO CARLOS,17.080.078/0001-66,Privada sem fins lucrativos,14206,Faculdade Presidente Antônio Carlos de Elói Mendes,-,(35) 3264-1122,www.unipac.br,proreitoriadeensinobh@gmail.com;eloimendes@unipac.br,Rua Bráz Biagini. - 101 - CEP: 37110-000 - Centro,Elói Mendes,MG,Faculdade,,Privada,Privada sem fins lucrativos,2002-03-27,-,,-,,-,,,Fabio Afonso Borges de Andrada,Descredenciamento voluntário,Extinta,2022-02-10,10-s2.0-60019608,60019608,Universidade Presidente Antonio Carlos,unipac.br,http://www.unipac.br,"['University President Antonio Carlos', 'Universidade Presidente Antonio Carlos']",0,1,1,0
1122,SOCIEDADE EDUCACIONAL ATUAL DA AMAZONIA LTDA,03.536.667/0001-00,Privada com fins lucrativos,17744,Faculdade Estácio de Manaus (Estácio Manaus),Estácio Manaus,,,cgestaciomanaus@gmail.com;regulatorio.nacional@estacio.br;nadabe.fortes@estacio.br;,Avenida Djalma Batista - 1151 - CEP: 69050-010 - Chapada,Manaus,AM,Faculdade,,Privada,Privada com fins lucrativos,2016-07-19,-,,-,,-,,,Eduardo Parente Menezes,Descredenciamento voluntário,Extinta,2020-10-26,10-s2.0-117066493,117066493,Faculdade Estácio de Manaus,,,"['Faculdade Metropolitana de Manaus', 'Faculdade Estácio de Manaus']",1,0,0,1
1663,IMAM INSTITUTO MINEIRO DE ACUPUNTURA E MASSAGENS LTDA.,03.204.242/0001-95,Privada com fins lucrativos,2552,INSTITUTO SUPERIOR DE CIÊNCIAS DA SAÚDE (INCISA),INCISA,(31) 3297 7960,www.incisaimam.com.br,dac@incisaimam.com.br,Avenida Barão Homem de Melo - 4324 - CEP: 30450-250 - Estoril,Belo Horizonte,MG,Faculdade,,Privada,Privada com fins lucrativos,2002-12-09,-,,-,,-,,,Gisele Noleto,Descredenciada por medida de supervisão,Extinta,2018-12-07,10-s2.0-112675192,112675192,Instituto Superior de Ciências da Saúde: INCISA/IMAM,,,"['Instituto Superior De Ciências Da Saúde: Incisa/imam', 'Instituto Superior De Ciências Da Saúde']",0,0,0,1
1124,FUNDACAO EDUCACIONAL BARRIGA VERDE,82.975.236/0001-08,Privada sem fins lucrativos,19551,CENTRO UNIVERSITÁRIO BARRIGA VERDE / UNIBAVE Cocal do Sul (UNIBAVE),UNIBAVE,(48) 3466 5600,www.unibave.net,juliana.faust@unibave.net; elcio@unibave.net,Avenida Valdemar Kleinubing - S/N - CEP: 88845-000 - Centro,Cocal do Sul,SC,Centro Universitário,,Privada,Privada sem fins lucrativos,2004-12-13,-,,-,,-,,,Guilherme Valente De Souza,Descredenciamento voluntário,Extinta,2018-11-21,10-s2.0-60300717,60300717,Centro Universitário Barriga Verde - Unibave,unibave.net,https://unibave.net/,"['Centro Universitário Barriga Verde - Unibave', 'Centro Universitário Barriga Verde', 'Barriga Verde University Center']",0,1,1,0
2124,FUNDACAO DE ENSINO E PESQUISA DO SUL DE MINAS,21.420.856/0001-96,Pessoa Jurídica de Direito Privado - Sem fins lucrativos - Fundação,3955,FACULDADES INTEGRADAS DE CATAGUASES (FIC),FIC,(32)34213109,www.unis.edu.br,p.institucional@unis.edu.br;marcelof@unis.edu.br,Rua Romualdo Menezes - 701 - CEP: 36773-084 - Menezes,Cataguases,MG,Faculdade,,Privada,Privada sem fins lucrativos,,-,,-,,-,,,Felipe Flausino de Oliveira,Descredenciamento voluntário,Extinta,2024-12-30,10-s2.0-60026184,60026184,Centro Universitario do Sul de Minas,unis.edu.br,http://www.unis.edu.br,['Centro Universitario do Sul de Minas'],0,1,1,0
16452,ANHANGUERA EDUCACIONAL PARTICIPACOES S/A,04.310.392/0001-46,Privada com fins lucrativos,2319,ESCOLA SUPERIOR DE EDUCAÇÃO CORPORATIVA (ESEC),ESEC,(48) 33579011,http://www.anhanguera.com/,danielle.fnonato@kroton.com.br;ddi@kroton.com.br,Rua Luiz Fagundes - 1.680 - CEP: 88106-000 - Picadas do Sul,São José,SC,Faculdade,,Privada,Privada com fins lucrativos,2002-12-23,-,,-,,-,,,Isadora Ferreira Costa Faria,Descredenciamento voluntário,Extinta,2024-01-18,10-s2.0-60281103,60281103,Universidade Anhanguera de São Paulo,anhanguera.com,https://www.anhanguera.com/unidades/,"['Universidade Anhanguera de São Paulo', 'Anhanguera Educacional', 'Anhanguera Educational']",0,0,1,0
170,INSTITUTO PAULISTA DE ENSINO SUPERIOR UNIFICADO,59.622.977/0001-93,Privada com fins lucrativos,1451,FACULDADES INTEGRADAS DE SÃO CARLOS (FADISC),FADISC,(16) 34112485,www.fadisc.edu.br,felipephonda@gmail.com,Rua Doutor Marino da Costa Terra - 786 - CEP: 13560-970 - Vila Nery,São Carlos,SP,Faculdade,Presencial,Privada,Privada com fins lucrativos,2000-02-25,-,,-,,-,,,,Descredenciada por medida de supervisão,Extinta,2011-08-30,10-s2.0-109934545,109934545,Universidade de São Carlos,,,"['Universidade De São Carlos', 'Universidad De São Carlos', 'Universidade Fedral De São Carlos', 'Universidade Federal De São Carloswashington Luís', 'Universidad De Sao Carlos', 'Univ. Fed. De S. Carlos - Sao Carlos', 'Faculdades Integradas De São Carlos']",0,0,0,1
177,IPH - INSTITUTO DE PESQUISAS HOSPITALARES ARQUITETO JARBAS KARMAN.,60.942.711/0001-07,Privada sem fins lucrativos,245,FACULDADE DE ADMINISTRAÇÃO (IPH),IPH,,,iph@iph.com.br,Rua José Alves Cunha Lima - 172 - CEP: 05360-050 - Vila Butantã,São Paulo,SP,Faculdade,Presencial,Privada,Privada sem fins lucrativos,1973-12-07,-,,-,,-,,,,"Acervo Acadêmico, Descredenciada",Extinta,2011-04-13,10-s2.0-117092516,117092516,Faculdade de Administração,,,['Faculdade De Administração'],1,0,0,1
1336,ITPAC INSTITUTO TOCANTINENSE PRESIDENTE ANTONIO CARLOS S.A,02.941.990/0001-98,Privada com fins lucrativos,3238,FACULDADE DE ODONTOLOGIA (ITPAC),ITPAC,,,itpac@itpac.br,Avenida Filadélfia - 568 - CEP: 77816-530 - Setor Oeste,Araguaína,TO,Faculdade,,Privada,Privada com fins lucrativos,2000-10-20,-,,-,,-,,,,Descredenciamento voluntário,Extinta,2020-01-15,10-s2.0-116430682,116430682,Faculdade de Odontologia,,,['Faculdade De Odontologia'],1,0,0,1
1336,ITPAC INSTITUTO TOCANTINENSE PRESIDENTE ANTONIO CARLOS S.A,02.941.990/0001-98,Privada com fins lucrativos,3238,FACULDADE DE ODONTOLOGIA (ITPAC),ITPAC,,,itpac@itpac.br,Avenida Filadélfia - 568 - CEP: 77816-530 - Setor Oeste,Araguaína,TO,Faculdade,,Privada,Privada com fins lucrativos,2000-10-20,-,,-,,-,,,,Descredenciamento voluntário,Extinta,2020-01-15,10-s2.0-127401862,127401862,Faculdade de Odontologia,,,['Faculdade De Odontologia'],1,0,0,1
1336,ITPAC INSTITUTO TOCANTINENSE PRESIDENTE ANTONIO CARLOS S.A,02.941.990/0001-98,Privada com fins lucrativos,3238,FACULDADE DE ODONTOLOGIA (ITPAC),ITPAC,,,itpac@itpac.br,Avenida Filadélfia - 568 - CEP: 77816-530 - Setor Oeste,Araguaína,TO,Faculdade,,Privada,Privada com fins lucrativos,2000-10-20,-,,-,,-,,,,Descredenciamento voluntário,Extinta,2020-01-15,10-s2.0-132517821,132517821,Faculdade de Odontologia,,,[],1,0,0,0
1336,ITPAC INSTITUTO TOCANTINENSE PRESIDENTE ANTONIO CARLOS S.A,02.941.990/0001-98,Privada com fins lucrativos,3238,FACULDADE DE ODONTOLOGIA (ITPAC),ITPAC,,,itpac@itpac.br,Avenida Filadélfia - 568 - CEP: 77816-530 - Setor Oeste,Araguaína,TO,Faculdade,,Privada,Privada com fins lucrativos,2000-10-20,-,,-,,-,,,,Descredenciamento voluntário,Extinta,2020-01-15,10-s2.0-113195014,113195014,Faculdade de Odontologia,,,"['Faculdade De Odontologia', 'Dpro/faculdade De Odontologia']",1,0,0,1
1336,ITPAC INSTITUTO TOCANTINENSE PRESIDENTE ANTONIO CARLOS S.A,02.941.990/0001-98,Privada com fins lucrativos,3238,FACULDADE DE ODONTOLOGIA (ITPAC),ITPAC,,,itpac@itpac.br,Avenida Filadélfia - 568 - CEP: 77816-530 - Setor Oeste,Araguaína,TO,Faculdade,,Privada,Privada com fins lucrativos,2000-10-20,-,,-,,-,,,,Descredenciamento voluntário,Extinta,2020-01-15,10-s2.0-120135837,120135837,Faculdade de Odontologia,,,['Faculdade De Odontologia'],1,0,0,1
1336,ITPAC INSTITUTO TOCANTINENSE PRESIDENTE ANTONIO CARLOS S.A,02.941.990/0001-98,Privada com fins lucrativos,3238,FACULDADE DE ODONTOLOGIA (ITPAC),ITPAC,,,itpac@itpac.br,Avenida Filadélfia - 568 - CEP: 77816-530 - Setor Oeste,Araguaína,TO,Faculdade,,Privada,Privada com fins lucrativos,2000-10-20,-,,-,,-,,,,Descredenciamento voluntário,Extinta,2020-01-15,10-s2.0-100331629,100331629,Faculdade de Odontologia,,,"['Faculdade De Odontologia', 'Faculdade De Odontologia De São Paulo', 'Faculdade De Odontol. De Lins Unimep', 'Fac. Odontol.', 'Fundação Faculdade De Odontologia', 'Faculdade De Odontologia De Ribeirão Preto', 'Faculdade De Odontologia De Bauru']",1,0,0,1
1336,ITPAC INSTITUTO TOCANTINENSE PRESIDENTE ANTONIO CARLOS S.A,02.941.990/0001-98,Privada com fins lucrativos,3238,FACULDADE DE ODONTOLOGIA (ITPAC),ITPAC,,,itpac@itpac.br,Avenida Filadélfia - 568 - CEP: 77816-530 - Setor Oeste,Araguaína,TO,Faculdade,,Privada,Privada com fins lucrativos,2000-10-20,-,,-,,-,,,,Descredenciamento voluntário,Extinta,2020-01-15,10-s2.0-118736513,118736513,Faculdade de Odontologia,,,['Faculdade De Odontologia'],1,0,0,1
1336,ITPAC INSTITUTO TOCANTINENSE PRESIDENTE ANTONIO CARLOS S.A,02.941.990/0001-98,Privada com fins lucrativos,3238,FACULDADE DE ODONTOLOGIA (ITPAC),ITPAC,,,itpac@itpac.br,Avenida Filadélfia - 568 - CEP: 77816-530 - Setor Oeste,Araguaína,TO,Faculdade,,Privada,Privada com fins lucrativos,2000-10-20,-,,-,,-,,,,Descredenciamento voluntário,Extinta,2020-01-15,10-s2.0-109685168,109685168,Centro de Odontologia,,,"['Centro De Odontologia', 'Faculdade De Odontologia']",0,0,0,1
1336,ITPAC INSTITUTO TOCANTINENSE PRESIDENTE ANTONIO CARLOS S.A,02.941.990/0001-98,Privada com fins lucrativos,3238,FACULDADE DE ODONTOLOGIA (ITPAC),ITPAC,,,itpac@itpac.br,Avenida Filadélfia - 568 - CEP: 77816-530 - Setor Oeste,Araguaína,TO,Faculdade,,Privada,Privada com fins lucrativos,2000-10-20,-,,-,,-,,,,Descredenciamento voluntário,Extinta,2020-01-15,10-s2.0-113143230,113143230,Faculdade de Odontologia,,,"['Faculdade De Odontologia', 'Odontologia']",1,0,0,1
1336,ITPAC INSTITUTO TOCANTINENSE PRESIDENTE ANTONIO CARLOS S.A,02.941.990/0001-98,Privada com fins lucrativos,3238,FACULDADE DE ODONTOLOGIA (ITPAC),ITPAC,,,itpac@itpac.br,Avenida Filadélfia - 568 - CEP: 77816-530 - Setor Oeste,Araguaína,TO,Faculdade,,Privada,Privada com fins lucrativos,2000-10-20,-,,-,,-,,,,Descredenciamento voluntário,Extinta,2020-01-15,10-s2.0-100503102,100503102,Faculdade de Farmácia,,,"['Faculdade De Farmácia', 'Faculdade De Odontologia', 'Faculdade De Farmácia - Ufg']",0,0,0,1
3045,FUNDACAO EDUCACIONAL MUNICIPAL,07.159.202/0001-20,Pessoa Jurídica de Direito Público - Municipal,4756,CENTRO UNIVERSITÁRIO MUNICIPAL DE SÃO JOSÉ (USJ),USJ,48-3381-0010,www.usj.edu.br,fundesj@usj.edu.br,Rua Silvia Maria Fabro - 97 - CEP: 88102-430 - Kobrasol,São José,SC,Centro Universitário,,Publica,Pública Municipal,2005-08-01,-,,-,,-,,,MARIA HELENA KRUGER,Descredenciamento voluntário,Extinta,2022-10-03,10-s2.0-117495327,117495327,Centro Universitário Municipal de São José,,,"['Centro Universitário Municipal De São José', 'Prefeitura Municipal De São José']",1,0,0,1
3045,FUNDACAO EDUCACIONAL MUNICIPAL,07.159.202/0001-20,Pessoa Jurídica de Direito Público - Municipal,4756,CENTRO UNIVERSITÁRIO MUNICIPAL DE SÃO JOSÉ (USJ),USJ,48-3381-0010,www.usj.edu.br,fundesj@usj.edu.br,Rua Silvia Maria Fabro - 97 - CEP: 88102-430 - Kobrasol,São José,SC,Centro Universitário,,Publica,Pública Municipal,2005-08-01,-,,-,,-,,,MARIA HELENA KRUGER,Descredenciamento voluntário,Extinta,2022-10-03,10-s2.0-115753785,115753785,Centro Universitário Municipal de São José,,,['Centro Universitário Municipal de São José'],1,0,0,1
891,CESED - CENTRO DE ENSINO SUPERIOR E DESENVOLVIMENTO LTDA,02.108.023/0001-40,Privada com fins lucrativos,2362,FACULDADE DE CIÊNCIAS MÉDICAS DE CAMPINA GRANDE (FCM),FCM,(83)21018800,www.cesed.br,fcm@cesed.br,Avenida Senador Argemiro de Figueiredo - 1901 - CEP: 58411-020 - Itararé,,,Faculdade,Presencial,Privada,Privada com fins lucrativos,2005-01-21,-,,-,,-,,,Gisele Bianca Nery Gadelha,Extinta por unificação,Extinta,2018-03-26,10-s2.0-112872980,112872980,Faculdade de Ciências Médicas de Campina Grande - FCM-CG,,,"['Faculdade De Ciências Médicas De Campina Grande - Fcm-cg', 'Faculdade De Ciências Médicas De Campina Grande (fcm-cg)', 'Faculdade De Ciências Médicas De Campina Grande (fcm)', 'Faculdade De Ciências Médicas Campina Grande - Fcm', 'Faculdade De Ciências Médicas (fcm)']",0,0,0,2
891,CESED - CENTRO DE ENSINO SUPERIOR E DESENVOLVIMENTO LTDA,02.108.023/0001-40,Privada com fins lucrativos,2362,FACULDADE DE CIÊNCIAS MÉDICAS DE CAMPINA GRANDE (FCM),FCM,(83)21018800,www.cesed.br,fcm@cesed.br,Avenida Senador Argemiro de Figueiredo - 1901 - CEP: 58411-020 - Itararé,,,Faculdade,Presencial,Privada,Privada com fins lucrativos,2005-01-21,-,,-,,-,,,Gisele Bianca Nery Gadelha,Extinta por unificação,Extinta,2018-03-26,10-s2.0-109038480,109038480,Faculdade de Ciências Médicas de Campina Grande,,,[],1,0,0,0
560,CESUMAR - CENTRO DE ENSINO SUPERIOR DE MARINGA LTDA,79.265.617/0001-99,Privada com fins lucrativos,18714,FACULDADE DE INOVAÇÃO TECNOLÓGICA DE PONTA GROSSA (FAC-CESUMAR),FAC-CESUMAR,44-30276360,www.unicesumar.edu.br,normas@unicesumar.edu.br;daniela.fiorini@unicesumar.edu.br;fabiana.silva@unicesumar.edu.br,,,,Faculdade,,Privada,Privada com fins lucrativos,2017-02-03,-,,-,,-,,,,"Extinta por unificação, Unificação de Mantidas",Extinta,2020-10-23,10-s2.0-60281054,60281054,Universidade UniCesumar,unicesumar.edu.br,https://www.unicesumar.edu.br/english/,"['UniCesumar', 'Universidade Cesumar', 'University Center of Maringá', 'Universidade UniCesumar']",0,0,1,0
2413,INSTITUTO CENTRO DE ENSINO TECNOLOGICO,03.021.597/0001-49,Pessoa Jurídica de Direito Privado - Sem fins lucrativos - Associação de Utilidade Pública,3830,INSTITUTO CENTRO DE ENSINO TECNOLÓGICO - SOBRAL (CENTEC),CENTEC,,www.centec.org.br,centec@centec.org.br,Avenida Guarany - 317 - CEP: 62040-730 - Cidao,Sobral,CE,Faculdade,,Privada,Privada sem fins lucrativos,2001-01-18,-,,-,,-,,,,Descredenciada por medida de supervisão,Extinta,2017-05-30,10-s2.0-60084120,60084120,CENTEC Instituto Centro de Ensino Tecnologico,,http://www.centec.org.br/,['CENTEC Instituto Centro de Ensino Tecnologico'],0,1,0,0
1577,FUNDACAO EDUCACIONAL MONTES CLAROS,18.143.164/0001-33,Privada sem fins lucrativos,2423,FACULDADE DE CIÊNCIA E TECNOLOGIA DE MONTES CLAROS (FACIT),FACIT,(38)21045777,www.facit.edu.br,femc@femc.edu.br,Praça da Tecnologia - 77 - CEP: 39400-307 - Alto São João,Montes Claros,MG,Faculdade,,Privada,Privada sem fins lucrativos,2002-02-07,-,,-,,-,,,ARIOVALDO DE MELO FILHO,"Descredenciada por medida de supervisão, Suspensão contrato FIES, Suspensão PROUNI",Extinta,2025-07-17,10-s2.0-132174914,132174914,Faculdade de Ciência e Tecnologia de Montes Claros,,,['Faculdade De Ciência E Tecnologia De Montes Claros'],1,0,0,1
478,ASSOCIACAO FRANCISCANA DE ENSINO SENHOR BOM JESUS,76.497.338/0001-62,Privada sem fins lucrativos,2206,FACULDADE FAE SÃO JOSÉ DOS PINHAIS,-,(41) 2117 9800,www.fae.edu,nleg@fae.edu,Avenida Rui Barbosa - 9551 - CEP: 83055-320 - Centro,,,Faculdade,Presencial,Privada,Privada sem fins lucrativos,2002-06-03,-,,-,,-,,,João Mannes,Extinta por unificação,Extinta,2018-08-17,10-s2.0-60120641,60120641,FAE Centro Universitário,fae.edu,https://fae.edu/,['FAE Centro Universitário'],0,1,1,0
15801,UNIC EDUCACIONAL LTDA,14.793.478/0001-20,Pessoa Jurídica de Direito Privado - Com fins lucrativos - Sociedade Mercantil ou Comercial,1767,FACULDADE DE CIÊNCIAS SOCIAIS APLICADAS,-,(65) 3326-5675; (31)98799-7508,www.iuni.com.br,ddi@kroton.com.br;thales.pimentel@kroton.com.br,,,,Faculdade,,Privada,Privada com fins lucrativos,2001-07-16,-,,-,,-,,,,"Extinta por unificação, Unificação de Mantidas",Extinta,2020-05-11,10-s2.0-117467769,117467769,Faculdade de Ciências Sociais Aplicadas,,,"['Faculdade De Ciências Sociais Aplicadas', 'Faculdade De Ciências Sociais E Aplicadas']",1,0,0,1
765,UNIAO EDUCACIONAL DE SAO PAULO LTDA.,73.671.067/0001-21,Pessoa Jurídica de Direito Privado - Com fins lucrativos - Sociedade Civil,1097,FACULDADES INTEGRADAS DE SÃO PAULO (FISP),FISP,(11) 33466221,www.fisp.br,coordgeral@fmu.br;regulacao@laureate.com.br,Rua Tagua - 150 - CEP: 01508-010 - Liberdade,São Paulo,SP,Faculdade,,Privada,Privada com fins lucrativos,1998-02-25,-,,-,,-,,,Marcelo Barbalho Cardoso,Descredenciamento voluntário,Extinta,2020-01-22,10-s2.0-112982181,112982181,Faculdade Lusófona de São Paulo,,,"['Faculdade Lusófona De São Paulo', 'Faculdades Integradas De São Paulo', 'Faculdades Integradas De S. Paulo', 'Faculdade São Paulo', 'Faculdade De São Paulo-fsp']",0,0,0,1
275,SOC CIVIL EDUC E DE ENGENHARIA ELETRO MEC DA BAHIA,15.104.201/0001-06,Privada sem fins lucrativos,399,ESCOLA DE ENGENHARIA DE AGRIMENSURA (EEA),EEA,(71) 2103-5922,eeemba.com,euridez@hotmail.com,Rua Teixeira Barros - 29 - CEP: 40227-909 - Brotas,Salvador,BA,Faculdade,,Privada,Privada sem fins lucrativos,1960-07-19,-,,-,,-,,,DIRVAL CAMPOS DE CARVALHO,Descredenciada por medida de supervisão,Extinta,2021-01-22,10-s2.0-118511108,118511108,Escola de Engenharia de Agrimensura,,,['Escola de Engenharia de Agrimensura'],1,0,0,1
2107,CENTRO SUPERIOR DE TECNOLOGIA TECBRASIL LTDA,02.271.913/0001-78,Privada com fins lucrativos,13883,FACULDADE MURIALDO (FAMUR),FAMUR,(54)30271300,www.ftec.com.br,coordenacao@acad.ftec.com.br,,,,Faculdade,,Privada,Privada com fins lucrativos,2011-09-19,-,,-,,-,,,,"Extinta por unificação, Unificação de Mantidas",Extinta,2024-11-14,10-s2.0-118626976,118626976,Faculdade Murialdo,,,"['Faculdade Murialdo', 'Murialdo College']",1,0,0,1
585,SOCIEDADE CULTURAL E EDUCACIONAL DE GARCA S/S LTDA,54.715.693/0001-28,Pessoa Jurídica de Direito Privado - Com fins lucrativos - Sociedade Civil,1802,FACULDADE DE CIÊNCIAS DA SAÚDE (FASU),FASU,(14) 3407-8000,www.faef.br,ssgomes@fait.edu.br,,,,Faculdade,Presencial,Privada,Privada sem fins lucrativos,2001-08-06,-,,-,,-,,,WILSON SHIMIZU,Extinta por unificação,Extinta,2012-12-31,10-s2.0-101929885,101929885,Centro de Ciências da Saúde,,,"['Centro De Ciências Da Saúde', 'Centro De Ciências Da Saúde (ccs)', 'Centro De Ciência Da Saúde (ccs)', 'Sobresp Faculdade De Ciências Da Saúde', 'Faculdade De Ciências Da Saúde (sobresp)', 'Ctro. De Cie. Da Saúde', 'Centro De Ciências De Saúde']",0,0,0,1
585,SOCIEDADE CULTURAL E EDUCACIONAL DE GARCA S/S LTDA,54.715.693/0001-28,Pessoa Jurídica de Direito Privado - Com fins lucrativos - Sociedade Civil,1802,FACULDADE DE CIÊNCIAS DA SAÚDE (FASU),FASU,(14) 3407-8000,www.faef.br,ssgomes@fait.edu.br,,,,Faculdade,Presencial,Privada,Privada sem fins lucrativos,2001-08-06,-,,-,,-,,,WILSON SHIMIZU,Extinta por unificação,Extinta,2012-12-31,10-s2.0-106310222,106310222,Centro de Ciências da Saúde,,,"['Centro De Ciências Da Saúde', 'Faculdade De Ciencias Da Saude']",0,0,0,1
585,SOCIEDADE CULTURAL E EDUCACIONAL DE GARCA S/S LTDA,54.715.693/0001-28,Pessoa Jurídica de Direito Privado - Com fins lucrativos - Sociedade Civil,1802,FACULDADE DE CIÊNCIAS DA SAÚDE (FASU),FASU,(14) 3407-8000,www.faef.br,ssgomes@fait.edu.br,,,,Faculdade,Presencial,Privada,Privada sem fins lucrativos,2001-08-06,-,,-,,-,,,WILSON SHIMIZU,Extinta por unificação,Extinta,2012-12-31,10-s2.0-107294899,107294899,Faculdade de Ciências da Saúde,,,"['Faculdade De Ciências Da Saúde', 'Faculdade De Ciencias Da Saude', 'Faculdade De Ciencias Da Saúde', 'Ciências Da Saúde.']",1,0,0,3
313,SOCIEDADE DE EDUCACAO RITTER DOS REIS LTDA.,87.248.522/0001-95,Privada com fins lucrativos,5317,FACULDADE PORTO-ALEGRENSE (FAPA),FAPA,(51)3235-5169,www.fapa.com.br,regulacao@laureate.com.br,,,,Faculdade,,Privada,Privada sem fins lucrativos,1968-06-07,-,,-,,-,,,,Extinta por unificação,Extinta,2020-07-24,10-s2.0-120742146,120742146,Faculdade Porto Alegrense (Fapa).,,,"['Faculdade Porto-alegrense (fapa)', 'Faculdade Porto Alegrense (fapa).']",0,0,0,1
12614,SERVICO NACIONAL DE APRENDIZAGEM INDUSTRIAL - SENAI,03.776.284/0001-09,Pessoa Jurídica de Direito Privado - Sem fins lucrativos - Associação de Utilidade Pública,14783,FACULDADE DE TECNOLOGIA SENAI TOLEDO,-,(45) 3379-6150,www.pr.senai.br,faculdade.toledo@pr.senai.br,Rua Júlio de Castilho - 3465 - CEP: 85904-175 - Vila Industrial,Toledo,PR,Faculdade,,Privada,Privada sem fins lucrativos,2012-09-12,-,,-,,-,,,Fabiane Franciscone,Descredenciamento voluntário,Extinta,2020-10-13,10-s2.0-116878781,116878781,Faculdades da Indústria - Senai Toledo,,,"['Faculdades Da Indústria - Senai Toledo', 'Faculdade De Tecnologia Senai Toledo']",0,0,0,1
221,FUNDACAO PRESIDENTE ANTONIO CARLOS,17.080.078/0001-66,Privada sem fins lucrativos,14126,Faculdade Presidente Antônio Carlos de São Lourenço (FUNEES São Lourenço),FUNEES São Lourenço,(35)3331-4107,www.unipac.br,proreitoriadeensinobh@gmail.com;slco.unipac@hotmail.com,Rua Melo Viana - 180 - CEP: 37470-000 - Centro,São Lourenço,MG,Faculdade,,Privada,Privada sem fins lucrativos,2002-03-27,-,,-,,-,,,Fabio Afonso Borges de Andrada,Descredenciamento voluntário,Extinta,2020-10-05,10-s2.0-60019608,60019608,Universidade Presidente Antonio Carlos,unipac.br,http://www.unipac.br,"['University President Antonio Carlos', 'Universidade Presidente Antonio Carlos']",0,1,1,0
545,"IREP SOCIEDADE DE ENSINO SUPERIOR, MEDIO E FUNDAMENTAL LTDA.",02.608.755/0001-07,Privada com fins lucrativos,1457,Faculdade Estácio de Cotia (Estacio Cotia),Estacio Cotia,,www.estacio.br,cgeuropan@gmail.com;regulatorio.nacional@estacio.br;marcia.aparecida@yduqs.com.br;,Rua Howard Archibald Acheson Junior - 393 - CEP: 06711-280 - Jardim da Glória - Granja Viana,Cotia,SP,Faculdade,,Privada,Privada com fins lucrativos,2000-02-25,-,,-,,-,,,Eduardo Parente Menezes,Descredenciamento voluntário,Extinta,2023-11-09,10-s2.0-60022378,60022378,Universidade Estacio de Sa,estacio.br,http://www.estacio.br,"['Estacio de Sa University', 'Universidade Estacio de Sa']",0,1,1,0
545,"IREP SOCIEDADE DE ENSINO SUPERIOR, MEDIO E FUNDAMENTAL LTDA.",02.608.755/0001-07,Privada com fins lucrativos,1457,Faculdade Estácio de Cotia (Estacio Cotia),Estacio Cotia,,www.estacio.br,cgeuropan@gmail.com;regulatorio.nacional@estacio.br;marcia.aparecida@yduqs.com.br;,Rua Howard Archibald Acheson Junior - 393 - CEP: 06711-280 - Jardim da Glória - Granja Viana,Cotia,SP,Faculdade,,Privada,Privada com fins lucrativos,2000-02-25,-,,-,,-,,,Eduardo Parente Menezes,Descredenciamento voluntário,Extinta,2023-11-09,10-s2.0-60003597,60003597,Universidade Estacio de Sa Faculdade de Medicina,estacio.br,http://www.estacio.br,"['Estacio de Sa University Faculty of Medicine', 'Universidade Estacio de Sa Faculdade de Medicina']",0,1,1,0
2557,ASSOCIACAO PARA O DESENVOLVIMENTO EDUCACIONAL DO PARA-ADEPA,06.210.266/0001-45,Privada sem fins lucrativos,2451,FACULDADES INTEGRADAS IPIRANGA (FAINTIPI),FAINTIPI,(91) 91628004,coordenacaoipiranga@gmail.com,coordenacaoipiranga@gmail.com,Avenida Almirante Barroso - 777 - CEP: 66093-020 - Marco,Belém,PA,Faculdade,,Privada,Privada sem fins lucrativos,2005-10-20,-,,-,,-,,,Suely Melo De Castro Menezes,Descredenciamento voluntário,Extinta,2020-02-07,10-s2.0-127285898,127285898,Faculdades Integradas Ipiranga,,,['Faculdades Integradas Ipiranga'],1,0,0,1
234,FUNDACAO EDUCACIONAL MACHADO SOBRINHO,21.576.822/0001-95,Privada sem fins lucrativos,336,FACULDADE MACHADO SOBRINHO (FMS),FMS,(32) 3215 2597,www.machadosobrinho.com.br,estagio@machadosobrinho.com.br,Rua Doutor Constantino Paleta - 203 - CEP: 36015-450 - Centro,Juiz de Fora,MG,Faculdade,,Privada,Privada sem fins lucrativos,1969-01-21,-,,-,,-,,,Eduardo Pinheiro Venturelli,Descredenciada por medida de supervisão,Extinta,2024-11-18,10-s2.0-113110653,113110653,Faculdade Machado Sobrinho,,,"['Faculdade Machado Sobrinho', 'Faculdade Machado Sobrinho (fms) De Juiz De Fora']",1,0,0,1
221,FUNDACAO PRESIDENTE ANTONIO CARLOS,17.080.078/0001-66,Privada sem fins lucrativos,14153,Faculdade Presidente Antônio Carlos de Porteirinha (FUNEES Porteirinha),FUNEES Porteirinha,(38)3831-1900,,proreitoriadeensinobh@gmail.com;secretariadaunipac@gmail.com,Avenida José Silveira Lopes - 429 - CEP: 39520-000 - Vila Serranópolis,Porteirinha,MG,Faculdade,,Privada,Privada sem fins lucrativos,2002-03-27,-,,-,,-,,,Fabio Afonso Borges de Andrada,Descredenciamento voluntário,Extinta,2020-10-22,10-s2.0-119427957,119427957,Faculdade Presidente Antônio Carlos de Porteirinha,,,['Faculdade Presidente Antônio Carlos de Porteirinha'],1,0,0,1
2413,INSTITUTO CENTRO DE ENSINO TECNOLOGICO,03.021.597/0001-49,Pessoa Jurídica de Direito Privado - Sem fins lucrativos - Associação de Utilidade Pública,4788,INSTITUTO CENTRO DE ENSINO TECNOLÓGICO - CARIRI (CENTEC),CENTEC,,www.centec.org.br,ud_juazeiro@centec.org.br,Rua Estêvam Remígio - 1145 - CEP: 62930-000 - Centro,Limoeiro do Norte,CE,Faculdade,,Privada,Privada sem fins lucrativos,2001-01-18,-,,-,,-,,,,Descredenciada por medida de supervisão,Extinta,2017-05-30,10-s2.0-60084120,60084120,CENTEC Instituto Centro de Ensino Tecnologico,,http://www.centec.org.br/,['CENTEC Instituto Centro de Ensino Tecnologico'],0,1,0,0
1336,ITPAC INSTITUTO TOCANTINENSE PRESIDENTE ANTONIO CARLOS S.A,02.941.990/0001-98,Privada com fins lucrativos,3224,FACULDADE DE FARMÁCIA E BIOQUÍMICA (ITPAC),ITPAC,,,itpac@itpac.br,Avenida Filadélfia - 568 - CEP: 77816-530 - Setor Oeste,Araguaína,TO,Faculdade,,Privada,Privada com fins lucrativos,2002-01-03,-,,-,,-,,,,Descredenciamento voluntário,Extinta,2020-01-15,10-s2.0-114880005,114880005,Faculdade de Farmácia,,,"['Faculdade De Farmácia', 'Faculdade Nacional De Farmacia', 'Faculdade De Farmácia E Bioquímica', 'Faculdade De Farmacia']",0,0,0,1
221,FUNDACAO PRESIDENTE ANTONIO CARLOS,17.080.078/0001-66,Privada sem fins lucrativos,14204,Faculdade Presidente Antônio Carlos de Arcos (FUNEES Arcos),FUNEES Arcos,(37) 3351-3849,www.unipac.br,proreitoriadeensinobh@gmail.com;arcos@unipac.br,Av. Marciana Rita de Souza - 375 - CEP: 35558-000 - Santo Antônio,Arcos,MG,Faculdade,,Privada,Privada sem fins lucrativos,2002-03-27,-,,-,,-,,,Fabio Afonso Borges de Andrada,Descredenciamento voluntário,Extinta,2020-08-03,10-s2.0-60019608,60019608,Universidade Presidente Antonio Carlos,unipac.br,http://www.unipac.br,"['University President Antonio Carlos', 'Universidade Presidente Antonio Carlos']",0,1,1,0
1083,INSTITUTO SUPERIOR DE EDUCACAO E CULTURA ULYSSES BOYD,03.055.822/0001-68,Privada sem fins lucrativos,1651,FACULDADE DE EDUCAÇÃO (ISECUB),ISECUB,(27) 3222 5750,www.fde.edu.br,direcao@fde.edu.br; adm.tudo1@gmail.com,R: Nestor Gomes - 130 - CEP: 29015-150 - Centro,Vitória,ES,Faculdade,,Privada,Privada sem fins lucrativos,2001-02-19,-,,-,,-,,,Luiz Guilherme Azevedo Boyd,Descredenciada por medida de supervisão,Extinta,2018-12-24,10-s2.0-132518055,132518055,Faculdade de Educação,,,[],1,0,0,0
1083,INSTITUTO SUPERIOR DE EDUCACAO E CULTURA ULYSSES BOYD,03.055.822/0001-68,Privada sem fins lucrativos,1651,FACULDADE DE EDUCAÇÃO (ISECUB),ISECUB,(27) 3222 5750,www.fde.edu.br,direcao@fde.edu.br; adm.tudo1@gmail.com,R: Nestor Gomes - 130 - CEP: 29015-150 - Centro,Vitória,ES,Faculdade,,Privada,Privada sem fins lucrativos,2001-02-19,-,,-,,-,,,Luiz Guilherme Azevedo Boyd,Descredenciada por medida de supervisão,Extinta,2018-12-24,10-s2.0-100781242,100781242,Faculdade de Educação,,,"['Faculdade De Educação', 'Faculdadede Educação', 'Faculdade De Educação Fisica', 'Faculdade De Educacao Fisica', 'Departamento De Educação']",1,0,0,1
1083,INSTITUTO SUPERIOR DE EDUCACAO E CULTURA ULYSSES BOYD,03.055.822/0001-68,Privada sem fins lucrativos,1651,FACULDADE DE EDUCAÇÃO (ISECUB),ISECUB,(27) 3222 5750,www.fde.edu.br,direcao@fde.edu.br; adm.tudo1@gmail.com,R: Nestor Gomes - 130 - CEP: 29015-150 - Centro,Vitória,ES,Faculdade,,Privada,Privada sem fins lucrativos,2001-02-19,-,,-,,-,,,Luiz Guilherme Azevedo Boyd,Descredenciada por medida de supervisão,Extinta,2018-12-24,10-s2.0-121573153,121573153,Faculdade de Educação,,,['Faculdade De Educação'],1,0,0,1
1083,INSTITUTO SUPERIOR DE EDUCACAO E CULTURA ULYSSES BOYD,03.055.822/0001-68,Privada sem fins lucrativos,1651,FACULDADE DE EDUCAÇÃO (ISECUB),ISECUB,(27) 3222 5750,www.fde.edu.br,direcao@fde.edu.br; adm.tudo1@gmail.com,R: Nestor Gomes - 130 - CEP: 29015-150 - Centro,Vitória,ES,Faculdade,,Privada,Privada sem fins lucrativos,2001-02-19,-,,-,,-,,,Luiz Guilherme Azevedo Boyd,Descredenciada por medida de supervisão,Extinta,2018-12-24,10-s2.0-127220838,127220838,Faculdade de Educação,,,[],1,0,0,0
2003,ASPEC SOCIEDADE PARAIBANA DE EDUCACAO E CULTURA LTDA,05.247.100/0001-30,Privada com fins lucrativos,2730,FACULDADE UNIDA DA PARAÍBA (UNPB),UNPB,(83) 31332900,www.unipb.com.br,clay.mattozo@fpb.edu.br,,,,Faculdade,Presencial,Privada,Privada com fins lucrativos,2005-07-26,-,,-,,-,,,,Extinta por unificação,Extinta,,10-s2.0-113012884,113012884,Faculdade Internacional da Paraíba,,,"['Faculdade Internacional Da Paraíba', 'Faculdade Unida Da Paraíba', 'Faculdade Internacional Da Paraíba (fpb)']",0,0,0,1
478,ASSOCIACAO FRANCISCANA DE ENSINO SENHOR BOM JESUS,76.497.338/0001-62,Privada sem fins lucrativos,21213,Faculdade FAE Araucária (FAE),FAE,(41) 2112-8050,www.fae.edu,nleg@fae.edu,,,,Faculdade,Presencial,Privada,Privada sem fins lucrativos,2017-11-16,-,,-,,-,,,João Mannes,Extinta por unificação,Extinta,2018-08-17,10-s2.0-60120641,60120641,FAE Centro Universitário,fae.edu,https://fae.edu/,['FAE Centro Universitário'],0,1,1,0
15694,IETEC - INSTITUTO DE EDUCACAO TECNOLOGICA EIRELI,23.374.705/0001-74,Pessoa Jurídica de Direito Privado - Com fins lucrativos - Sociedade Civil,17382,Faculdade Ietec (Ietec),Ietec,553131161000,www.ietec.com.br,diretor.geral@ietec.com.br,Rua Tomé de Souza - 1065 - CEP: 30140-131 - Funcionários,Belo Horizonte,MG,Faculdade,,Privada,Privada com fins lucrativos,2015-06-05,-,,-,,-,,,RONALDO JOSE LIMA GUSMAO,Descredenciada por medida de supervisão,Extinta,2020-06-12,10-s2.0-117925742,117925742,IETEC,,,"['Ietec', 'Faculdade Ietec', 'Ietec - Institute Of Technological Education']",0,0,0,1
560,CESUMAR - CENTRO DE ENSINO SUPERIOR DE MARINGA LTDA,79.265.617/0001-99,Privada com fins lucrativos,18289,FACULDADE INTEGRADA DE MARINGÁ (INTEGRADA),INTEGRADA,044 30276385; 044 3027636 - ramal 1109,www.unicesumar.edu.br,normas@unicesumar.edu.br;fabiana.silva@unicesumar.edu.br,Avenida Guedner - 1610 - CEP: 87050-390 - Zona 08,Maringá,PR,Faculdade,,Privada,Privada com fins lucrativos,2016-11-18,-,,-,,-,,,Gabriel Silva Lobo Leite,Descredenciamento voluntário,Extinta,2022-07-07,10-s2.0-60281054,60281054,Universidade UniCesumar,unicesumar.edu.br,https://www.unicesumar.edu.br/english/,"['UniCesumar', 'Universidade Cesumar', 'University Center of Maringá', 'Universidade UniCesumar']",0,0,1,0
15801,UNIC EDUCACIONAL LTDA,14.793.478/0001-20,Pessoa Jurídica de Direito Privado - Com fins lucrativos - Sociedade Mercantil ou Comercial,1731,FACULDADE DE CIÊNCIAS SOCIAIS APLICADAS,-,(66) 3498 4605,http://www.unic.br,ddi@kroton.com.br;petre.rebac@kroton.com.br,,,,Faculdade,,Privada,Privada com fins lucrativos,2001-06-13,-,,-,,-,,,,"Extinta por unificação, Unificação de Mantidas",Extinta,2020-05-11,10-s2.0-60026686,60026686,Universidade de Cuiaba,unic.br,http://www.unic.br,"['University of Cuiaba', 'Universidade de Cuiaba']",0,1,1,0
15801,UNIC EDUCACIONAL LTDA,14.793.478/0001-20,Pessoa Jurídica de Direito Privado - Com fins lucrativos - Sociedade Mercantil ou Comercial,1731,FACULDADE DE CIÊNCIAS SOCIAIS APLICADAS,-,(66) 3498 4605,http://www.unic.br,ddi@kroton.com.br;petre.rebac@kroton.com.br,,,,Faculdade,,Privada,Privada com fins lucrativos,2001-06-13,-,,-,,-,,,,"Extinta por unificação, Unificação de Mantidas",Extinta,2020-05-11,10-s2.0-117467769,117467769,Faculdade de Ciências Sociais Aplicadas,,,"['Faculdade De Ciências Sociais Aplicadas', 'Faculdade De Ciências Sociais E Aplicadas']",1,0,0,1
1533,ANBAR ENSINO TECNICO E SUPERIOR LTDA,03.539.801/0001-18,Privada com fins lucrativos,2342,INSTITUTO SUPERIOR DE EDUCAÇÃO CERES (ISE-CERES),ISE-CERES,(17) 3201-8200,www.faceres.com.br,faceres@faceres.com.br,Avenida Anísio Haddad - 6751 - CEP: 15093-000 - Jardim Morumbi,São José do Rio Preto,SP,Faculdade,,Privada,Privada com fins lucrativos,2002-06-21,-,,-,,-,,,Toufic Anbar Neto,Descredenciada por medida de supervisão,Extinta,2025-07-17,10-s2.0-60290746,60290746,Faculdade CERES,faceres.com.br,https://faceres.com.br/,[],0,1,1,0
221,FUNDACAO PRESIDENTE ANTONIO CARLOS,17.080.078/0001-66,Privada sem fins lucrativos,14222,Faculdade Presidente Antônio Carlos de Senhora dos Remédios,-,(32) 3343-1263,www.unipac.br,proreitoriadeensinobh@gmail.com;kesciacarvalho@yahoo.com.br,Rua Paulo Ferreira de Souza - 61 - CEP: 36265-000 - Centro,Senhora dos Remédios,MG,Faculdade,,Privada,Privada sem fins lucrativos,2002-03-27,-,,-,,-,,,Fabio Afonso Borges de Andrada,Descredenciamento voluntário,Extinta,2020-08-03,10-s2.0-60019608,60019608,Universidade Presidente Antonio Carlos,unipac.br,http://www.unipac.br,"['University President Antonio Carlos', 'Universidade Presidente Antonio Carlos']",0,1,1,0
2600,ANHANGUERA EDUCACIONAL LTDA,05.808.792/0001-49,Privada com fins lucrativos,215,UNIVERSIDADE DO GRANDE ABC (UNIABC),UNIABC,(11) 4991 9800,www.anhanguera.com,daex.aesa@anhanguera.com;mantenedora@anhanguera.com,,,,Universidade,Presencial,Privada,Privada com fins lucrativos,1995-11-16,-,,-,,-,,,Gislaine Moreno,Extinta por unificação,Extinta,2013-11-18,10-s2.0-60023816,60023816,Universidade do Grande ABC,uniabc.br,,"['University of Grande ABC', 'Universidade do Grande ABC']",1,0,0,1
2600,ANHANGUERA EDUCACIONAL LTDA,05.808.792/0001-49,Privada com fins lucrativos,215,UNIVERSIDADE DO GRANDE ABC (UNIABC),UNIABC,(11) 4991 9800,www.anhanguera.com,daex.aesa@anhanguera.com;mantenedora@anhanguera.com,,,,Universidade,Presencial,Privada,Privada com fins lucrativos,1995-11-16,-,,-,,-,,,Gislaine Moreno,Extinta por unificação,Extinta,2013-11-18,10-s2.0-60281103,60281103,Universidade Anhanguera de São Paulo,anhanguera.com,https://www.anhanguera.com/unidades/,"['Universidade Anhanguera de São Paulo', 'Anhanguera Educacional', 'Anhanguera Educational']",0,0,1,0
439,ASSOCIACAO JACAREPAGUA DE ENSINO SUPERIOR,42.343.509/0001-87,Pessoa Jurídica de Direito Privado - Sem fins lucrativos - Associação de Utilidade Pública,667,FACULDADES INTEGRADAS DE JACAREPAGUÁ (FIJ),FIJ,(21) 3392 6646,www.fij.br,planejamento@accn.com.br,Ladeira da Freguesia - 196 - CEP: 22760-090 - Jacarepagua,Rio de Janeiro,RJ,Faculdade,,Privada,Privada sem fins lucrativos,1999-07-16,-,,-,,-,,,Daniela Charbel Teixeira de Araújo,Descredenciada por medida de supervisão,Extinta,2023-12-12,10-s2.0-115261086,115261086,Faculdades Integradas de Jacarepaguá,,,['Faculdades Integradas De Jacarepaguá'],1,0,0,1
1235,ASSENAR - ENSINO DE ARAUCARIA LTDA - ME,79.613.030/0001-23,Privada com fins lucrativos,20330,Faculdade Educacional Araucária (Facear),Facear,4136431551,www.unifacear.edu.br,murilo.andrade@unifacear.edu.br,,,,Faculdade,,Privada,Privada com fins lucrativos,2017-02-06,-,,-,,-,,,,"Extinta por unificação, Unificação de Mantidas",Extinta,2023-06-27,10-s2.0-115386851,115386851,Faculdade Educacional Araucária,,,['Faculdade Educacional Araucária'],1,0,0,1
221,FUNDACAO PRESIDENTE ANTONIO CARLOS,17.080.078/0001-66,Privada sem fins lucrativos,14155,Faculdade Presidente Antônio Carlos de Sabará (FUNEES Sabará),FUNEES Sabará,(31)36727739,www.unipac.br,regulacaofupac@unipac.br,Avenida Dr. Henrique de Melo - S/N - CEP: 34565-230 - Roça Grande,Sabará,MG,Faculdade,,Privada,Privada sem fins lucrativos,2002-03-27,-,,-,,-,,,Fabio Afonso Borges de Andrada,Descredenciamento voluntário,Extinta,2023-11-14,10-s2.0-60019608,60019608,Universidade Presidente Antonio Carlos,unipac.br,http://www.unipac.br,"['University President Antonio Carlos', 'Universidade Presidente Antonio Carlos']",0,1,1,0
221,FUNDACAO PRESIDENTE ANTONIO CARLOS,17.080.078/0001-66,Privada sem fins lucrativos,14209,Faculdade Presidente Antônio Carlos de Lagoa Santa (FUNEES),FUNEES,(31)36881406,www.unipac.br,proreitoriadeensinobh@gmail.com;lagoasanta@unipac.br,Rua Expedicionários - 990 - CEP: 33400-000 - Brant,Lagoa Santa,MG,Faculdade,,Privada,Privada sem fins lucrativos,2002-03-27,-,,-,,-,,,Fabio Afonso Borges de Andrada,Descredenciamento voluntário,Extinta,2020-05-27,10-s2.0-60019608,60019608,Universidade Presidente Antonio Carlos,unipac.br,http://www.unipac.br,"['University President Antonio Carlos', 'Universidade Presidente Antonio Carlos']",0,1,1,0
16452,ANHANGUERA EDUCACIONAL PARTICIPACOES S/A,04.310.392/0001-46,Privada com fins lucrativos,3936,FACULDADE ANHANGUERA DE LIMEIRA,-,(19) 9 9231 8546,http://www.anhanguera.com,ddi@kroton.com.br;taciane.fardin@kroton.com.br,Rua Clarino Peixoto de Oliveira - 280 - CEP: 13482-231 - Jardim Maria Brushi Modeneis,Limeira,SP,Faculdade,,Privada,Privada com fins lucrativos,2006-02-13,-,,-,,-,,,Isadora Ferreira Costa Faria,Descredenciamento voluntário,Extinta,2024-02-22,10-s2.0-60281103,60281103,Universidade Anhanguera de São Paulo,anhanguera.com,https://www.anhanguera.com/unidades/,"['Universidade Anhanguera de São Paulo', 'Anhanguera Educacional', 'Anhanguera Educational']",0,0,1,0
16134,UNIESP S.A,19.347.410/0001-31,Privada com fins lucrativos,4435,FACULDADE SÃO PAULO (FASP),FASP,(11) 32778444,www.facsp.edu.br,legis.educ@uniesp.edu.br,Rua Irmãos Pilla - 144 - CEP: 02309-000 - Tucuruvi,São Paulo,SP,Faculdade,,Privada,Privada com fins lucrativos,2007-05-22,-,,-,,-,,,Claudia Aparecida Pereira,"Acervo Acadêmico, Descredenciada por medida de supervisão",Extinta,2020-04-17,10-s2.0-112982181,112982181,Faculdade Lusófona de São Paulo,,,"['Faculdade Lusófona De São Paulo', 'Faculdades Integradas De São Paulo', 'Faculdades Integradas De S. Paulo', 'Faculdade São Paulo', 'Faculdade De São Paulo-fsp']",0,0,0,1
924,UNIAO DINAMICA DE FACULDADES CATARATAS UDC LTDA,01.208.350/0001-00,Privada com fins lucrativos,2077,FACULDADE ANGLO-AMERICANO (FAA),FAA,45-30283232,www.udc.edu.br,"fabio@udc.edu.br,angela@udc.edu.br",Avenida Paraná - 5661 - CEP: 85868-030 - Vila A,,,Faculdade,Presencial,Privada,Privada com fins lucrativos,2002-09-27,-,,-,,-,,,Rosicler Hauagge do Prado,Extinta por unificação,Extinta,2017-01-09,10-s2.0-112850878,112850878,Faculdade Anglo-Americano,,,"['Faculdade Anglo-americano', 'Faculdade Anglo Americano', 'Faculdade Anglo-americano (faa)', 'Faculdade Anglo-americano (faa']",1,0,0,2
924,UNIAO DINAMICA DE FACULDADES CATARATAS UDC LTDA,01.208.350/0001-00,Privada com fins lucrativos,2077,FACULDADE ANGLO-AMERICANO (FAA),FAA,45-30283232,www.udc.edu.br,"fabio@udc.edu.br,angela@udc.edu.br",Avenida Paraná - 5661 - CEP: 85868-030 - Vila A,,,Faculdade,Presencial,Privada,Privada com fins lucrativos,2002-09-27,-,,-,,-,,,Rosicler Hauagge do Prado,Extinta por unificação,Extinta,2017-01-09,10-s2.0-115209029,115209029,Faculdade Anglo-Americano,,,"['Faculdade Anglo-americano', 'Faculdade Anglo Americano']",1,0,0,1
1336,ITPAC INSTITUTO TOCANTINENSE PRESIDENTE ANTONIO CARLOS S.A,02.941.990/0001-98,Privada com fins lucrativos,3228,FACULDADE DE ADMINISTRAÇÃO (ITPAC),ITPAC,,www.itpac.br,itpac@itpac.br,Avenida Filadélfia - 568 - CEP: 77816-530 - Setor Oeste,Araguaína,TO,Faculdade,,Privada,Privada com fins lucrativos,2002-01-03,-,,-,,-,,,,Descredenciamento voluntário,Extinta,2020-01-15,10-s2.0-117092516,117092516,Faculdade de Administração,,,['Faculdade De Administração'],1,0,0,1
435,ASSOCIACAO SALGADO DE OLIVEIRA DE EDUCACAO E CULTURA,28.638.393/0001-82,Pessoa Jurídica de Direito Privado - Sem fins lucrativos - Associação de Utilidade Pública,21861,FACULDADE UNIVERSO BRASÍLIA,-,(21) 2138-4945,www.universo.edu.br,reitoria@nt.universo.edu.br,Quadra QE 11 Área Especial C/D - - - CEP: 71020-631 - Guará I,Brasília,DF,Faculdade,,Privada,Privada sem fins lucrativos,2019-09-12,-,,-,,-,,,Wellington Salgado De Oliveira,Descredenciada por medida de supervisão,Extinta,2025-08-25,10-s2.0-60021699,60021699,Universidade Salgado de Oliveira,universo.edu.br,http://www.universo.edu.br,"['Salgado de Oliveira University', 'Universidade Salgado de Oliveira']",0,1,1,0
786,"UNIBAHIA - UNIDADE BAIANA DE ENSINO, PESQUISA E EXTENSAO LTDA",01.197.885/0001-23,Privada com fins lucrativos,1234,FACULDADE METROPOLITANA (POLIFUCS),POLIFUCS,(71)2202-3600,www.unibahia.br,assessoria@unibahia.edu.br,"Rua dos Vereadores, Loteamento Joquei Clube - s/n - CEP: 42700-000 - Lauro de Freitas",Lauro de Freitas,BA,Faculdade,Presencial,Privada,Privada com fins lucrativos,1999-02-17,-,,-,,-,,,,Descredenciada por medida de supervisão,Extinta,2014-07-14,10-s2.0-117390167,117390167,Faculdade Metropolitana,,,['Faculdade Metropolitana'],1,0,0,1
