771.6666666666666,41.111111111111114,26.666666666666668,12.5,162.5,223.75,37.5,49.583333333333336,40.833333333333336,8.333333333333334,2.0833333333333335,0.0,0.0,41.66666666666667,0.0,0.0,25.0,0.0,16.666666666666668,58.333333333333336,144.58333333333334,10.0,8.333333333333334,0.0,37.5,0.0,16.666666666666668,0.0,10.0,16.666666666666668,0.0,16.666666666666668,125.0,0.0,8.333333333333334,2.7777777777777777,0.0,0.0,0.0,0.0,0.0,41.94444444444444,23.333333333333336,36.25,0.0,0.0,0.0,8.333333333333334,0.0,0.0,0.0,0.0,0.0,0.0,16.666666666666668,0.0,0.0,0.0,0.0,0.0,0.0,0.0,25.0,0.0,0.0,0.0,0.0,68.33333333333334,0.0,0.0,0.0,0.0,0.0,0.0,29.166666666666668,0.0,0.0,0.0,0.0,0.0,0.0,0.0,0.0,0.0,0.0,0.0,0.0,0.0,0.0,0.0,0.0,0.0,0.0,0.0,0.0,0.0,0.0,0.0,0.0,8.333333333333334,0.0,0.0,0.0,0.0,0.0,0.0,0.0,0.0,0.0,0.0,0.0,0.0,0.0,0.0,0.0,0.0,0.0,0.0,0.0,0.0,0.0,5.0,0.0,0.0,0.0,0.0,0.0,50.0,0.0,0.0,0.0,0.0,0.0,0.0,0.0,0.0,0.0,0.0,0.0,0.0,0.0,0.0,0.0,8.333333333333334,0.0,0.0,0.0,0.0,0.0,0.0,0.0,5.0,0.0,0.0,0.0,0.0,0.0,0.0,0.0,0.0,0.0,0.0,0.0,0.0,0.0,0.0,0.0,0.0,0.0,0.0,0.0,0.0,0.0,0.0,0.0,0.0,50.0,0.0,0.0,0.0,0.0,0.0,0.0,0.0,0.0,0.0,0.0,0.0,7.142857142857142,0.0,0.0,0.0,0.0,0.0,0.0,0.0,0.0,0.0,4.166666666666667,0.0,8.333333333333334,0.0,0.0,0.0,0.0,0.0,0.0,0.0,0.0,0.0,16.666666666666668,0.0,0.0,0.0,0.0,0.0,0.0,0.0,0.0,0.0,0.0,0.0,0.0,0.0,0.0,0.0,0.0,0.0,0.0,0.0,0.0,4.166666666666667,0.0,0.0,0.0,0.0,0.0,0.0,0.0,0.0,0.0,0.0,0.0,0.0,0.0,0.0,0.0,0.0,0.0
289.5238095238095,50.0,87.5,141.66666666666669,216.66666666666669,92.85714285714286,212.5,33.333333333333336,116.66666666666667,0.0,0.0,83.33333333333334,103.33333333333334,112.5,75.0,0.0,164.28571428571428,0.0,25.0,79.16666666666667,25.0,0.0,87.5,100.0,0.0,0.0,0.0,0.0,0.0,51.66666666666667,0.0,0.0,58.33333333333334,0.0,0.0,0.0,0.0,8.333333333333334,0.0,141.66666666666669,0.0,0.0,75.0,475.8333333333333,0.0,0.0,0.0,25.0,0.0,0.0,38.75,0.0,0.0,0.0,0.0,0.0,0.0,0.0,0.0,0.0,0.0,0.0,0.0,0.0,0.0,0.0,0.0,0.0,0.0,0.0,0.0,0.0,0.0,0.0,0.0,0.0,0.0,0.0,50.0,0.0,0.0,0.0,0.0,0.0,0.0,16.666666666666668,62.5,0.0,0.0,0.0,0.0,0.0,0.0,183.33333333333334,0.0,0.0,0.0,0.0,0.0,0.0,0.0,0.0,0.0,0.0,0.0,0.0,0.0,0.0,0.0,0.0,0.0,0.0,0.0,0.0,0.0,0.0,0.0,0.0,0.0,0.0,0.0,0.0,0.0,0.0,0.0,0.0,0.0,0.0,0.0,0.0,0.0,0.0,0.0,0.0,0.0,0.0,0.0,0.0,0.0,0.0,0.0,0.0,0.0,0.0,0.0,0.0,0.0,0.0,0.0,0.0,0.0,0.0,0.0,0.0,0.0,0.0,0.0,0.0,0.0,0.0,0.0,0.0,0.0,0.0,0.0,0.0,0.0,0.0,0.0,0.0,0.0,0.0,0.0,0.0,0.0,0.0,0.0,0.0,0.0,0.0,0.0,0.0,0.0,0.0,0.0,0.0,0.0,0.0,0.0,0.0,0.0,0.0,0.0,8.75,0.0,0.0,0.0,0.0,0.0,0.0,0.0,0.0,0.0,0.0,0.0,0.0,0.0,0.0,0.0,0.0,0.0,0.0,0.0,0.0,0.0,0.0,0.0,0.0,0.0,0.0,0.0,0.0,0.0,0.0,0.0,0.0,0.0,0.0,0.0,0.0,0.0,0.0,0.0,0.0,0.0,0.0,0.0,0.0,0.0,0.0,0.0,0.0,0.0,0.0,0.0,0.0,0.0,0.0,0.0
5349.00974025974,1134.6536796536798,738.9583333333334,1077.390873015873,1351.297852474323,4064.8048941798943,837.8703703703704,2316.4880952380954,722.8869047619048,801.2894821228155,662.7380952380953,446.9662698412699,3405.8342352092354,662.7678571428571,1055.5275974025974,574.4155844155845,1451.8650793650793,1093.343253968254,700.5167748917748,142.5,1257.4107142857142,558.2481325863679,370.33639971139974,140.73813532146866,349.0674603174603,146.18055555555554,144.23611111111111,95.09920634920636,439.4255050505051,0.0,328.75,109.5436507936508,36.80555555555556,74.23611111111111,468.20526695526695,726.984126984127,21.180555555555557,203.16468253968256,135.21825396825398,0.0,976.547619047619,62.361111111111114,59.82142857142858,8.333333333333334,293.7545093795094,385.81349206349205,71.11111111111111,0.0,101.74603174603175,30.208333333333332,643.6706349206349,174.85347985347985,564.0674603174604,55.97222222222222,0.0,58.19444444444444,12.5,50.450937950937956,348.5813492063492,100.89285714285714,35.0,34.88095238095238,0.0,3.3333333333333335,106.85515873015873,2.0833333333333335,0.0,98.05555555555556,28.680555555555557,151.4484126984127,35.833333333333336,28.742283950617285,2.7777777777777777,0.0,28.174603174603174,22.77777777777778,8.333333333333332,85.34722222222223,0.0,50.05952380952381,0.0,181.0515873015873,63.80952380952381,2.0833333333333335,25.0,0.0,30.0,4.166666666666667,28.333333333333336,89.44444444444444,40.27777777777778,0.0,23.125,0.0,24.72222222222222,75.51587301587301,0.0,19.642857142857142,201.5575396825397,12.5,11.805555555555555,0.0,1.5040209632239991,32.77777777777778,53.611111111111114,97.18253968253968,30.817901234567902,9.375,34.50475889280443,2.7777777777777777,1.5040209632239991,1.5040209632239991,1.5040209632239991,1.5040209632239991,1.5040209632239991,47.71825396825397,0.0,15.040209632239993,45.833333333333336,3.3333333333333335,10.555555555555555,8.333333333333334,21.666666666666668,13.333333333333334,9.444444444444445,5.0,27.083333333333336,0.0,0.0,8.333333333333332,219.92063492063494,0.0,123.33333333333333,23.214285714285715,0.0,6.944444444444445,8.492063492063492,0.0,14.285714285714285,5.0,8.333333333333334,48.05555555555556,0.0,0.0,3.3333333333333335,22.22222222222222,0.0,23.61111111111111,12.5,0.0,7.291666666666667,0.0,25.0,16.666666666666668,0.0,19.444444444444446,34.910714285714285,0.0,0.0,0.0,47.539682539682545,0.0,25.0,247.36111111111111,0.0,0.0,19.444444444444446,16.666666666666668,3.3333333333333335,0.0,9.523809523809524,4.166666666666667,0.0,8.333333333333334,0.0,8.333333333333334,0.0,12.5,0.0,0.0,0.0,0.0,34.16666666666667,0.0,11.11111111111111,0.0,0.6172839506172839,0.0,0.0,0.0,0.0,12.5,55.55555555555556,18.154761904761905,6.25,0.0,1.6666666666666667,0.0,0.0,11.904761904761905,2.380952380952381,0.0,25.0,0.0,0.0,0.0,0.0,0.0,0.0,8.333333333333332,0.0,0.0,0.0,5.555555555555555,110.11904761904762,0.0,3.3333333333333335,0.0,5.0,18.333333333333336,41.38461538461539,0.0,5.0,0.0,0.0,0.0,0.0,0.0,0.0,0.0,0.0,0.0,8.333333333333334,0.0,8.333333333333334,0.0,3.571428571428571,0.0,0.0,0.0,0.0,8.333333333333334,0.0,6.25,0.0,0.0,0.0,0.0,0.0
3242.013888888889,1198.4027777777778,1373.0555555555557,1026.8849206349207,1466.875,1632.703373015873,1235.5853174603176,60.27777777777778,391.1011904761905,390.9138655462185,217.77777777777777,316.96486928104576,12.5,126.38888888888889,195.734126984127,177.42063492063494,202.65873015873015,243.19444444444446,109.82142857142857,899.5585317460318,147.91666666666669,275.69444444444446,169.65277777777777,266.1904761904762,20.089285714285715,32.91666666666667,4.166666666666667,87.91666666666667,15.625,203.19444444444446,7.638888888888889,0.0,693.5912698412699,65.0,16.666666666666668,218.30357142857144,4.513888888888889,253.125,4.166666666666667,147.29166666666669,18.125,57.083333333333336,107.84722222222223,563.5218253968254,81.25,135.76388888888889,4.166666666666667,28.125,59.176587301587304,17.410714285714285,13.88888888888889,0.0,0.0,48.958333333333336,4.166666666666667,0.0,192.70833333333334,12.5,0.0,75.0,13.88888888888889,26.041666666666668,0.0,64.70238095238095,0.0,2.5,50.27777777777778,0.0,5.416666666666667,3.3333333333333335,3.125,0.0,18.10515873015873,126.25,0.0,45.27777777777778,4.166666666666667,12.5,515.4166666666666,3.571428571428571,27.083333333333336,0.0,3.125,0.0,0.0,70.53571428571429,122.91666666666667,25.0,0.0,12.5,0.0,3.125,0.0,2648.402777777778,0.0,53.125,211.57738095238096,6.25,5.208333333333334,0.0,0.0,0.0,0.3676470588235294,0.0,0.0,0.0,0.0,2.0833333333333335,5.514705882352941,20.13888888888889,0.3676470588235294,0.3676470588235294,0.3676470588235294,0.3676470588235294,0.3676470588235294,0.0,4.166666666666667,3.676470588235294,12.5,0.0,4.285714285714286,0.0,0.0,12.5,0.0,0.0,0.0,16.875,0.0,8.75,0.0,126.04166666666667,4.166666666666667,0.0,3.125,0.0,2.0833333333333335,0.0,64.16666666666667,22.916666666666668,0.0,0.0,0.0,96.875,0.0,0.0,0.0,0.0,0.0,0.0,0.0,0.0,0.0,1.7857142857142856,0.0,0.0,3.125,8.680555555555555,2.380952380952381,4.761904761904762,9.791666666666668,0.0,0.0,0.0,0.0,0.0,7.291666666666667,0.0,0.0,12.5,0.0,6.25,0.0,0.0,0.0,0.0,0.0,0.0,0.0,0.0,8.125,0.0,1.7857142857142856,0.0,0.0,0.0,0.0,0.0,0.0,0.0,0.0,5.625,0.0,0.0,5.555555555555555,0.0,0.0,2.0833333333333335,26.666666666666668,0.0,0.0,0.0,0.0,12.5,0.0,0.0,0.0,0.0,0.0,0.0,34.02777777777778,0.0,0.0,0.0,10.416666666666668,0.0,0.0,0.0,0.0,0.0,0.0,0.0,0.0,0.0,0.0,46.875,0.0,0.0,0.0,0.0,0.0,0.0,0.0,0.0,0.0,6.25,0.0,0.0,0.0,0.0,0.0,0.0,0.0,0.0,0.0,0.0,0.0,4.166666666666667,0.0
2881.3232571522044,713.0277777777778,813.2827048682312,626.3898667122352,352.826354679803,456.0372262177182,392.70787545787545,449.0167886808754,231.1904761904762,135.83333333333334,236.58333333333331,163.75889436234266,516.6366294524189,81.10714285714286,96.21886446886447,437.16028416028416,51.19318181818182,918.9061515969411,248.51190476190476,171.41666666666669,129.66666666666669,121.60714285714286,32.67857142857143,88.1883116883117,237.53968253968253,169.4224386724387,265.48809523809524,8.392857142857142,16.81623931623932,53.57142857142857,20.693473193473196,41.42857142857143,0.0,144.70238095238096,38.269230769230774,10.0,0.0,0.0,409.1287878787879,90.0,52.5,70.23809523809524,7.222222222222222,1.6666666666666667,36.612554112554115,0.0,64.0436507936508,0.0,0.0,88.36002886002886,52.05555555555556,11.228070175438598,0.0,58.66666666666667,16.666666666666668,22.5,0.0,41.66666666666667,0.0,10.378787878787879,0.0,1.6666666666666667,0.0,14.583333333333334,22.72727272727273,36.44927536231884,0.0,88.33333333333333,123.63636363636363,0.0,60.333333333333336,67.14285714285714,0.0,6.25,199.1826506826507,6.666666666666667,0.0,159.48593073593074,0.0,0.0,0.0,106.66666666666666,0.0,36.44927536231884,0.0,0.0,0.0,0.0,1.25,0.0,60.0,2.909090909090909,60.0,0.0,0.0,2.0,0.0,0.0,0.0,0.0,0.0,0.0,0.0,0.0,0.0,40.91991341991342,169.56546240137573,0.0,0.0,0.0,0.0,0.0,0.0,0.0,0.0,0.0,0.0,0.0,23.095238095238095,0.0,0.0,0.0,0.7142857142857143,0.0,0.0,0.0,540.8333333333334,0.0,18.75,0.0,0.0,0.0,0.0,0.0,7.142857142857143,0.0,0.0,0.0,0.0,0.0,0.8333333333333334,13.636363636363637,0.0,0.0,2.7777777777777777,0.0,12.5,0.0,0.0,22.202380952380953,2.625,29.090909090909093,3.125,0.0,11.447552447552448,0.0,0.0,0.0,5.125,10.25,0.0,0.0,1.25,5.454545454545454,0.0,9.761904761904763,0.0,1.0,5.303571428571429,0.0,16.666666666666668,25.53030303030303,0.0,0.0,2.111111111111111,0.0,0.0,0.0,22.892246642246644,0.0,0.0,0.0,14.285714285714285,0.0,0.0,0.0,0.0,0.0,0.0,6.732142857142858,0.9090909090909091,0.0,0.0,0.0,0.0,83.35714285714286,1.25,0.0,0.0,100.0,0.0,0.0,0.0,0.0,1.25,0.0,0.0,0.0,0.0,0.0,10.0,0.0,0.0,0.0,16.0,0.0,0.0,20.0,0.0,0.0,90.38112522686026,52.5,2.361111111111111,0.0,0.0,0.0,0.0,0.0,0.0,0.0,0.0,0.0,0.0,2.0,26.337412587412587,0.0,0.0,0.0,0.0,0.0,0.0,2.5,0.0,0.0,0.0,0.0,0.0,0.0,0.0
3326.1746031746034,732.6150793650794,952.8854617604618,1201.6666666666667,1424.2094017094018,405.2036435786436,264.22222222222223,1915.1468253968255,1175.2445887445888,258.9345238095238,465.3392857142857,92.48015873015873,119.16666666666667,533.9484126984128,256.0281385281385,576.0732323232323,1767.9815380697735,208.8075396825397,1076.4406866281865,635.156746031746,1253.5738566988568,527.3199855699855,74.27380952380953,274.76984126984127,676.140873015873,301.765873015873,58.095238095238095,310.0621118012422,506.14285714285717,104.24603174603175,280.6193064182195,2268.865726363009,30.555555555555557,197.56944444444446,1098.1421356421356,127.22222222222223,2483.7012987012986,416.14285714285717,616.4089955937782,105.13888888888889,363.24007936507934,104.04761904761905,37.5,277.9166666666667,111.11111111111111,91.88492063492063,44.583333333333336,1537.5703463203463,2881.2780862454774,178.75,103.02669552669553,47.94871794871795,70.0,51.875,855.2746721877157,20.238095238095237,16.666666666666668,356.45526695526695,221.25396825396825,16.666666666666668,337.4689754689755,15.555555555555555,0.0,100.0,84.3452380952381,12.5,9.375,6.25,508.5813492063492,143.61111111111111,31.666666666666668,29.166666666666668,2292.509018759019,12.5,9.0,50.69444444444444,0.0,0.0,107.08333333333334,570.7665945165945,115.42261904761905,175.0,79.16666666666667,12.5,16.666666666666668,736.213924963925,10.0,116.8452380952381,3.9007936507936507,7.638888888888889,75.0,256.6666666666667,8.333333333333334,8.333333333333334,265.0,16.666666666666668,0.0,27.67857142857143,378.28903531109415,0.0,132.515873015873,259.65367965367966,0.5208333333333334,2.5,98.21428571428572,339.0674603174603,0.0,135.00324675324674,7.812500000000001,49.77272727272727,0.5208333333333334,0.5208333333333334,0.5208333333333334,0.5208333333333334,0.5208333333333334,63.333333333333336,72.39351851851852,5.208333333333334,0.0,4.166666666666667,126.10282953761215,124.98249299719888,41.666666666666664,30.0,0.0,0.0,0.0,44.79166666666667,7.142857142857142,0.0,26.92307692307692,0.0,51.04166666666667,96.66666666666667,18.57142857142857,0.0,63.75,1299.1468253968255,2.0,0.0,73.94444444444444,0.0,86.38888888888889,0.0,0.0,0.0,0.0,33.33333333333333,3.3333333333333335,30.555555555555557,0.0,0.0,16.666666666666664,48.333333333333336,24.107142857142854,0.0,22.5,12.5,0.0,0.0,16.666666666666668,0.0,0.0,0.0,0.0,86.25,0.0,0.0,0.0,19.242424242424242,0.0,0.0,43.333333333333336,0.0,0.0,37.5,382.5,1.6666666666666667,48.888888888888886,0.0,2.7777777777777777,18.75,0.0,0.0,0.0,0.0,0.0,67.5,43.05555555555556,0.0,0.0,65.65476190476191,0.0,38.88888888888889,82.8125,0.0,12.5,0.0,0.0,0.0,0.0,12.5,0.0,0.0,0.0,127.91666666666667,0.0,468.98809523809524,0.0,270.27777777777777,0.0,0.0,77.08333333333333,78.92857142857143,496.51515151515156,0.0,0.7936507936507936,0.0,25.0,0.0,5.797101449275363,0.0,93.75,41.25,0.0,0.0,0.0,0.0,3.3333333333333335,0.0,0.0,0.0,34.72222222222222,14.444444444444445,0.0,0.0,0.0,0.0,0.0,13.333333333333334,0.0,0.0,2.5,0.0,0.0,0.0,0.0,0.0,0.0
19542.68315018315,4590.377816627817,3774.722222222222,1987.2569901917727,709.9341630591631,2362.013888888889,2853.995610870611,10768.674543049543,4375.880230880231,350.27472527472526,1499.8590067340067,125.37878787878788,154.96031746031747,3999.7967772967772,1232.140059015059,1901.620775058275,3651.182235520471,396.28968253968253,2439.2103267103266,1687.550505050505,6621.850163725164,1665.58651996152,325.9830447330447,346.3888888888889,4110.782203907204,917.8291847041847,38.333333333333336,1299.272970387101,1978.7342981092982,198.54166666666669,1029.7295156534287,15526.826783321349,125.0,738.4074952824953,2242.0568783068784,843.5119047619048,8286.255411255412,3097.4175824175823,262.66788766788767,133.75,1506.717772967773,49.60317460317461,102.70833333333333,1865.6299603174602,307.718253968254,419.32539682539687,184.93777056277057,9702.554713804713,3276.4164941338854,1016.546115921116,212.6082251082251,23.61111111111111,120.48611111111111,441.2605218855219,3137.65873015873,121.52777777777777,0.0,450.24891774891773,347.06349206349205,0.0,1354.8033910533911,54.16666666666667,0.0,230.41666666666669,217.18559218559218,40.476190476190474,40.625,9.027777777777779,1013.7393162393163,478.9484126984127,128.98809523809524,97.5,3132.95664983165,9.821428571428571,85.75396825396825,644.1269841269841,33.75,0.0,210.41666666666669,1582.115800865801,3285.745851370851,587.016502016502,27.083333333333332,40.476190476190474,7.738095238095238,1984.1150053650053,28.57142857142857,358.35437710437714,199.27579365079364,195.27777777777777,93.75,678.3008658008658,91.66666666666667,0.0,1016.4895983645984,153.05555555555557,0.0,59.742063492063494,411.2435807656396,0.0,227.7579365079365,1301.3555194805194,0.0,0.0,195.92261904761907,477.962962962963,123.85093167701864,192.45400432900433,0.0,176.88762626262627,0.0,0.0,0.0,0.0,0.0,75.83333333333334,141.9510582010582,0.0,52.361111111111114,4.166666666666667,686.6906121253948,180.7265406162465,50.0,56.041666666666664,110.68795787545788,150.84325396825398,0.0,157.58928571428572,5.0,10.238095238095237,17.5,32.142857142857146,156.57738095238096,773.3928571428571,126.67266610201393,67.77777777777779,204.65277777777777,1987.6713564213564,25.0,167.05586080586082,144.16666666666669,22.916666666666668,316.00198412698415,0.0,0.0,28.125,0.0,37.20238095238095,0.0,26.666666666666668,123.88888888888889,0.0,0.0,83.76082251082252,93.87566137566138,0.0,250.35714285714286,82.91666666666667,54.04040404040404,108.08080808080808,167.56944444444446,2.7777777777777777,25.0,0.0,77.77777777777777,254.9215367965368,1.8518518518518516,14.583333333333334,0.0,30.833333333333336,0.0,0.0,43.333333333333336,37.5,8.333333333333334,119.27579365079366,1603.4358465608466,0.0,46.666666666666664,0.0,79.16666666666667,50.89285714285714,0.0,0.0,0.0,0.0,0.0,205.74404761904762,100.14550264550265,0.0,11.11111111111111,103.15476190476191,0.0,50.42748917748918,224.95535714285714,0.0,41.66666666666667,6.111111111111111,110.0,0.0,0.0,0.0,0.0,46.18055555555556,0.0,189.82142857142858,0.0,613.8095238095239,75.98214285714286,411.9850288600289,0.0,0.0,90.97222222222223,202.33886483886482,607.725468975469,0.0,104.79166666666667,106.25,26.785714285714285,0.0,0.0,0.0,193.75,68.33333333333333,3.571428571428571,0.0,0.0,31.250000000000004,0.0,0.0,13.88888888888889,0.0,67.77777777777777,0.0,0.0,0.0,0.0,0.0,0.0,83.57142857142857,0.0,20.515873015873016,52.91666666666667,7.142857142857142,0.0,0.0,0.0,0.0,0.0
6745.0,920.0,3279.1666666666665,1708.3333333333333,1450.0,1701.6666666666667,3483.3333333333335,805.0,147.5,736.1111111111111,491.6666666666667,100.0,491.6666666666667,483.33333333333337,291.6666666666667,725.0,388.8888888888889,680.8333333333334,794.1666666666666,218.33333333333334,187.5,150.0,87.5,201.38888888888889,0.0,212.5,0.0,16.666666666666668,100.0,1072.5,100.0,33.333333333333336,183.33333333333334,541.6666666666666,162.5,70.0,312.5,41.66666666666667,0.0,66.66666666666667,41.66666666666667,0.0,16.666666666666668,414.1666666666667,0.0,50.0,16.666666666666668,0.0,354.1666666666667,66.66666666666667,0.0,0.0,0.0,0.0,58.333333333333336,0.0,0.0,4.166666666666667,25.0,0.0,16.666666666666668,16.666666666666668,50.0,0.0,5.555555555555555,0.0,16.666666666666668,0.0,0.0,0.0,5.555555555555555,0.0,30.0,25.0,0.0,0.0,0.0,0.0,175.0,0.0,0.0,0.0,0.0,0.0,0.0,75.0,25.0,0.0,0.0,0.0,0.0,0.0,0.0,12.5,0.0,16.666666666666668,33.333333333333336,0.0,0.0,0.0,0.0,50.0,0.0,0.0,0.0,0.0,0.0,0.0,0.0,0.0,0.0,0.0,0.0,0.0,0.0,5.0,0.0,0.0,0.0,0.0,0.0,0.0,0.0,66.66666666666667,0.0,0.0,0.0,0.0,0.0,0.0,0.0,0.0,0.0,0.0,0.0,0.0,0.0,66.66666666666667,0.0,62.5,0.0,0.0,0.0,50.0,0.0,0.0,0.0,0.0,0.0,0.0,0.0,0.0,0.0,4.166666666666667,0.0,0.0,0.0,0.0,0.0,0.0,0.0,0.0,0.0,0.0,0.0,0.0,0.0,0.0,0.0,0.0,0.0,0.0,37.5,0.0,25.0,0.0,0.0,0.0,0.0,0.0,33.333333333333336,0.0,0.0,0.0,0.0,0.0,0.0,25.0,0.0,0.0,0.0,0.0,0.0,0.0,0.0,0.0,0.0,0.0,0.0,0.0,0.0,0.0,0.0,0.0,0.0,0.0,0.0,0.0,0.0,0.0,0.0,0.0,0.0,0.0,0.0,0.0,0.0,0.0,0.0,0.0,0.0,0.0,0.0,0.0,0.0,0.0,0.0,0.0,0.0,0.0,0.0,0.0,0.0,0.0,0.0,0.0,0.0,1375.0,0.0,0.0,0.0,0.0,0.0,0.0,0.0,0.0,0.0,0.0,0.0
4874.305555555556,716.25,2985.4166666666665,579.1666666666666,1447.9166666666667,993.75,2425.0,1347.0833333333335,402.08333333333337,672.9166666666666,881.8055555555555,120.83333333333334,166.66666666666669,825.0,275.0,1502.0833333333333,695.8333333333334,295.8333333333333,1571.8055555555557,254.16666666666669,58.333333333333336,195.83333333333334,656.25,1118.0555555555557,37.5,405.0,0.0,454.1666666666667,91.66666666666667,283.3333333333333,195.83333333333334,414.58333333333337,391.6666666666667,147.91666666666666,127.08333333333334,94.58333333333333,218.75,25.0,0.0,137.5,306.25,0.0,16.666666666666668,327.0833333333333,0.0,45.833333333333336,125.0,0.0,1591.6666666666667,16.666666666666668,112.5,12.5,6.25,16.666666666666668,25.0,0.0,6.25,147.5,12.5,0.0,85.41666666666667,0.0,0.0,0.0,5.555555555555555,0.0,25.0,0.0,0.0,0.0,13.88888888888889,66.66666666666667,81.66666666666667,37.5,0.0,0.0,0.0,0.0,762.5,20.833333333333336,0.0,25.0,0.0,0.0,0.0,0.0,37.5,8.333333333333334,0.0,0.0,0.0,0.0,0.0,33.333333333333336,25.0,0.0,12.5,50.0,16.666666666666668,0.0,8.333333333333334,56.25,0.0,0.0,0.0,0.0,0.0,0.0,0.0,79.16666666666667,0.0,0.0,0.0,0.0,0.0,5.0,0.0,0.0,0.0,0.0,50.0,0.0,0.0,12.5,0.0,383.3333333333333,0.0,12.5,0.0,0.0,0.0,25.0,6.25,0.0,0.0,0.0,0.0,25.0,0.0,12.5,58.333333333333336,0.0,12.5,0.0,0.0,0.0,0.0,0.0,0.0,0.0,0.0,0.0,0.0,0.0,0.0,0.0,0.0,0.0,0.0,0.0,0.0,0.0,12.5,0.0,0.0,0.0,0.0,0.0,0.0,0.0,0.0,0.0,0.0,0.0,0.0,22.916666666666668,25.0,0.0,0.0,0.0,0.0,0.0,0.0,0.0,0.0,0.0,0.0,0.0,37.5,0.0,0.0,12.5,0.0,0.0,0.0,0.0,0.0,0.0,0.0,0.0,0.0,0.0,0.0,0.0,0.0,0.0,0.0,0.0,6.25,12.5,0.0,0.0,0.0,0.0,0.0,0.0,0.0,0.0,0.0,0.0,0.0,0.0,0.0,0.0,0.0,0.0,0.0,0.0,0.0,0.0,0.0,0.0,0.0,0.0,0.0,0.0,0.0,1091.6666666666667,0.0,0.0,0.0,0.0,0.0,0.0,0.0,0.0,0.0,0.0,0.0
14245.989993258376,4954.234855422355,8675.47483711822,3535.385968198468,4922.591616716617,4885.981920856921,1807.6077635599695,4346.988171550672,2800.3020775520777,1992.904476106682,1967.398434898435,734.4505494505495,1274.6191863691863,2658.0031866281865,3766.3537598022895,5840.56302956303,1383.9031292781292,1165.9640775890775,2445.524198024198,3233.4778244631184,4593.4508547008545,2400.4668697315756,1807.5982350982351,574.9751984126984,1350.2407314907316,825.5825285825285,130.80952380952382,543.2474747474747,1268.3983655233656,675.9090215340216,1079.239364801865,1896.3658910533911,992.3236832611833,405.1139069264069,360.5254329004329,823.7003968253969,610.5254329004329,85.90277777777779,944.0908042121278,679.537074037074,238.50589225589226,83.94029581529581,15.535714285714286,1300.7643467643468,30.833333333333336,1646.8691378066378,667.9605672105672,710.2359446109446,78.08802308802309,889.120670995671,148.63636363636365,109.67261904761905,92.92232304732305,122.32413419913419,298.55151792651793,16.558441558441558,85.35714285714286,344.96482683982686,263.091366966367,0.0,547.5246281496281,84.98106060606061,278.9148767898768,185.22171115921117,530.2003552003551,0.0,152.0261437908497,23.72222222222222,119.31089743589743,33.53174603174603,14.583333333333334,93.69047619047619,0.0,116.9047619047619,35.095238095238095,43.19444444444444,145.81776094276094,0.0,43.154761904761905,394.5183982683983,350.3108465608466,550.0910894660894,287.5369769119769,0.0,40.27777777777778,452.7795954045954,135.11904761904762,405.9920634920635,47.932449494949495,302.0892857142857,25.0,84.60317460317461,7.083333333333333,130.83333333333334,0.0,6.785714285714286,38.645833333333336,75.0297619047619,3.571428571428571,0.0,7.738095238095238,107.61598124098124,0.0,10.833333333333334,21.96969696969697,40.18939393939394,18.293040293040292,17.5,0.0,48.88888888888889,25.0,0.0,0.0,0.0,0.0,27.481060606060606,38.333333333333336,0.0,231.99044011544012,311.875,0.0,71.2608225108225,129.06746031746033,71.60894660894661,51.19047619047619,57.759740259740255,19.642857142857142,206.4617673992674,104.60813492063492,0.0,248.20977633477634,157.11309523809524,25.0,0.0,45.51282051282051,38.44642857142857,8.333333333333334,108.43614718614718,31.25,138.1547619047619,6.25,51.09706959706959,202.51678876678878,1.4705882352941175,3.571428571428571,173.2223658694247,3.125,508.9273088023088,8.333333333333332,16.17063492063492,11.452505827505828,1.25,0.0,16.25,17.952380952380953,17.485754985754987,23.21428571428571,2.0,0.0,0.0,195.6381118881119,30.297619047619047,10.267379679144385,0.0,41.46825396825397,21.83712121212121,154.65367965367966,96.66666666666667,0.0,92.46392496392497,5.357142857142857,0.0,16.25,84.19949494949495,20.833333333333336,19.583333333333336,34.46969696969697,19.08994708994709,6.25,13.637820512820513,181.38888888888889,50.0,0.0,0.0,0.6666666666666666,0.0,0.0,36.388888888888886,52.083333333333336,0.0,0.0,20.833333333333336,11.25,0.0,0.0,0.0,0.0,16.666666666666664,7.142857142857142,0.0,0.0,1.8518518518518516,0.0,21.666666666666668,0.0,6.785714285714286,32.311958874458874,50.91297591297592,0.0,22.73809523809524,0.0,12.5,16.666666666666668,0.0,6.25,0.0,86.70192879016409,0.0,2.0833333333333335,0.0,0.0,0.0,0.0,0.0,4.166666666666667,1.7857142857142856,0.0,0.0,0.0,0.0,14.23611111111111,0.0,0.0,0.0,4.166666666666667,6.25,0.0,0.0,0.0,2.3863636363636367,0.0,0.0,0.0,0.0,0.0,0.0,0.0,3.571428571428571,0.0
1635.375,190.40584415584416,399.3055555555556,294.58694083694087,380.07936507936506,135.77380952380952,333.51190476190476,288.82575757575756,100.0,519.5535714285714,241.6660422910423,174.70238095238096,332.73809523809524,153.35497835497836,150.6547619047619,40.833333333333336,191.5422077922078,253.4430846930847,195.23809523809524,117.32142857142857,81.32575757575758,308.8095238095238,141.8181818181818,117.45670995670996,48.611111111111114,255.34722222222223,17.083333333333336,110.53571428571428,26.52777777777778,2.7777777777777777,22.916666666666668,124.0079365079365,0.0,0.0,30.833333333333336,0.0,18.57142857142857,62.57575757575758,74.48412698412699,6.666666666666667,5.714285714285714,0.0,33.333333333333336,24.583333333333336,80.53571428571428,0.0,88.75,11.25,0.0,0.0,64.58333333333334,34.44444444444444,0.0,168.25396825396825,82.53968253968253,18.25,0.0,0.0,0.0,4.166666666666667,0.0,8.333333333333334,0.0,6.25,0.0,0.0,0.0,0.0,30.357142857142854,3.125,9.523809523809524,0.0,0.0,0.0,3.3333333333333335,0.0,2.0,0.0,0.0,12.5,14.583333333333334,10.0,19.642857142857142,0.0,0.0,0.0,0.0,7.142857142857142,0.0,0.0,0.0,0.0,8.333333333333334,0.0,0.0,0.0,0.0,9.722222222222221,9.090909090909092,20.833333333333336,3.125,0.0,0.0,0.0,87.6984126984127,0.0,0.0,0.0,0.0,0.0,0.0,0.0,0.0,0.0,0.0,0.0,0.0,0.0,65.0,0.0,0.0,0.0,55.68181818181819,0.0,0.0,0.0,7.142857142857142,0.0,0.0,16.666666666666668,0.0,0.0,0.0,0.0,0.0,7.142857142857142,0.0,0.0,0.0,0.0,0.0,6.25,0.0,0.0,0.0,0.0,13.333333333333334,0.0,0.0,0.0,0.0,0.0,50.0,0.0,0.0,0.0,0.0,0.0,2.5,5.0,0.0,5.0,0.0,0.0,0.0,0.0,32.14285714285714,0.0,0.0,0.0,0.0,6.666666666666667,0.0,0.0,6.25,0.0,50.0,6.25,0.0,322.8787878787879,0.0,4.166666666666667,0.0,0.0,0.0,0.0,0.0,0.0,0.0,0.0,0.0,0.0,0.0,0.0,12.5,85.0,0.0,0.0,0.0,1.4285714285714286,0.0,0.0,0.0,0.0,25.0,0.0,0.0,0.0,0.0,0.0,0.0,0.0,0.0,0.0,0.0,0.0,0.0,16.666666666666668,0.0,0.0,0.0,7.142857142857142,0.0,0.0,0.0,0.0,12.857142857142858,0.0,6.25,25.0,0.0,25.0,17.083333333333336,0.0,0.0,0.0,0.0,0.0,25.0,0.0,0.0,0.0,27.5,10.0,0.0,0.0,0.0,0.0,0.0
4159.46047008547,907.3039215686275,518.0194805194806,312.5,351.79796918767505,484.70238095238096,257.14285714285717,229.64285714285714,249.8015873015873,119.04761904761905,185.0,87.79111239637555,711.025641025641,187.5,246.1904761904762,364.64285714285717,149.88095238095238,122.5,50.0,16.666666666666668,7.142857142857142,75.0,50.0,3.571428571428571,103.57142857142857,73.80952380952381,47.5,50.0,0.0,4.545454545454546,425.0,0.0,33.333333333333336,83.33333333333334,0.0,30.0,0.0,0.0,13.095238095238095,0.0,0.0,10.0,0.0,7.142857142857142,10.0,12.5,3.571428571428571,0.0,100.0,0.0,116.66666666666667,1.9705882352941175,121.30952380952381,0.0,0.0,10.0,0.0,0.0,50.0,66.66666666666667,0.0,29.166666666666668,0.0,0.0,2.380952380952381,71.42857142857143,0.0,83.33333333333334,0.0,0.0,0.0,0.0,0.0,0.0,0.0,0.0,0.0,939.2857142857143,0.0,0.0,0.0,0.0,0.0,71.42857142857143,33.333333333333336,0.0,0.0,0.0,0.0,0.0,28.57142857142857,0.0,53.57142857142857,0.0,0.0,0.0,0.0,0.0,0.0,125.0,0.0,0.0,6.997000419601038,0.0,0.0,0.0,16.666666666666664,0.0,104.95500629401558,0.0,6.997000419601038,6.997000419601038,6.997000419601038,6.997000419601038,6.997000419601038,0.0,0.0,69.9700041960104,0.5,5.0,0.0,0.0,0.0,0.0,0.0,0.0,18.75,0.0,28.75,0.0,0.0,0.0,0.0,0.0,0.0,0.0,0.0,10.0,0.0,0.0,10.0,14.285714285714285,0.0,0.0,0.0,0.0,103.21428571428571,0.0,0.0,0.0,0.0,0.0,0.0,10.0,0.0,0.0,0.0,0.0,0.0,0.0,0.0,22.72727272727273,0.0,41.666666666666664,50.0,0.0,0.0,0.0,0.0,0.0,117.02380952380952,0.0,0.0,0.0,0.0,0.0,0.0,113.33333333333334,0.0,180.3030303030303,0.0,0.0,0.0,0.0,0.0,0.0,0.0,0.0,0.0,0.0,0.0,0.0,0.0,33.333333333333336,0.0,157.02380952380952,0.0,0.0,0.0,38.75,0.0,16.666666666666668,7.142857142857142,0.0,0.0,0.0,0.0,0.0,0.0,0.0,0.0,0.0,0.0,0.0,0.0,73.61111111111111,0.0,0.0,0.0,75.0,0.0,25.0,0.0,0.0,0.0,0.0,0.0,0.0,0.0,0.0,0.0,0.0,0.0,0.0,0.0,0.0,0.0,0.0,0.0,0.0,0.0,0.0,0.0,0.0,0.0,0.0,0.0,0.0,0.0
30636.342664280164,6267.526556776557,4611.492063492064,5177.944832944833,6598.338189588189,2065.1242784992787,4863.377733076103,11303.085992710992,5694.827621452621,2864.984607984608,3033.651424963925,1794.9555074555076,1419.6185595450302,2920.9233821733824,3819.8548673548676,3664.5980755355754,2997.3380924630924,2639.299894549895,3116.009410388087,3188.414321789322,4145.572170884671,1851.1709956709958,1830.0972222222222,4558.561813186813,3219.3691031191033,1733.536741036741,1114.3292124542124,1323.9175407925409,4077.2588530750295,886.7316017316017,1042.901424963925,9046.683729260936,117.91666666666667,2174.993548118548,3316.9989491185142,1447.9135447885449,4220.724587912088,1625.2611693861693,2567.948550809804,777.943722943723,1360.3400035422094,981.2698412698413,506.3014069264069,1211.3365800865802,208.91053391053393,518.0555555555555,744.3452380952381,11933.906926406926,1363.0543715543715,1179.017857142857,284.34027777777777,230.35612535612535,2833.361175861176,827.180735930736,2504.09411663216,370.7653457653458,1222.1215127465127,385.62103174603175,683.0716991341992,10.0,2434.058080808081,101.38888888888889,0.0,76.66666666666667,86.98412698412699,22.61904761904762,18.440934065934066,254.60310522810522,624.0007745522452,293.67063492063494,64.51388888888889,821.0037878787879,2645.9415584415583,59.16666666666667,123.88095238095238,588.1571206571207,57.22222222222223,21.666666666666664,242.5,641.5205627705628,1834.8823953823953,1038.2869907869908,508.2298474945534,22.61904761904762,58.18452380952381,1631.656746031746,328.00685425685424,131.98593073593074,297.05555555555554,229.4246031746032,31.25,468.13186813186815,0.0,0.0,781.2782356532357,5.0,36.30952380952381,234.6825396825397,151.75165112665113,16.666666666666668,152.79365079365078,673.9416833166833,0.8779761904761905,143.68589743589743,586.7757936507936,906.439393939394,478.68429568797217,808.9444444444445,13.169642857142858,51.66666666666667,0.8779761904761905,0.8779761904761905,0.8779761904761905,0.8779761904761905,0.8779761904761905,101.98412698412699,50.0833045778698,8.779761904761905,124.4047619047619,13.571428571428571,628.5972222222222,78.28869047619048,35.0,62.976190476190474,240.69444444444446,53.05555555555556,0.0,84.32539682539682,17.87878787878788,31.25,16.666666666666664,0.0,37.15277777777778,491.9047619047619,452.7507215007215,0.0,95.65160533910534,800.8824508824509,10.333333333333334,158.50198412698413,207.43345543345544,0.0,307.3809523809524,0.0,0.0,105.12820512820512,43.03221288515406,476.6666666666667,3.3333333333333335,57.142857142857146,55.0,0.0,5.555555555555555,57.313311688311686,256.9047619047619,0.0,130.69444444444446,117.82828282828282,35.86274836274836,71.72549672549673,107.08333333333333,0.0,11.25,0.0,96.66666666666667,23.80952380952381,79.16666666666667,12.5,149.71500721500723,63.40909090909091,0.0,0.0,13.214285714285714,37.5,20.833333333333336,94.41558441558442,1190.1484626484626,31.666666666666668,217.5,0.0,7.142857142857142,36.86868686868687,0.0,13.333333333333334,12.5,3.3333333333333335,0.6944444444444444,232.31511544011545,48.49386724386724,0.0,8.333333333333332,52.22222222222222,10.0,126.66666666666667,16.666666666666668,0.0,128.47222222222223,68.45238095238095,0.0,83.33333333333334,31.9047619047619,0.0,0.0,17.807539682539684,8.333333333333334,48.05555555555556,0.0,188.75,51.46825396825397,120.0,0.0,7.083333333333334,91.66666666666667,179.16666666666666,48.57142857142857,0.0,46.62698412698413,25.0,24.772727272727273,0.0,11.352657004830919,3.125,301.8452380952381,9.583333333333334,49.54545454545455,0.0,20.0,61.30952380952381,13.333333333333334,7.5,0.0,0.0,72.22222222222223,14.444444444444445,0.0,1.8518518518518516,10.0,50.0,0.0,25.0,16.666666666666668,33.57142857142857,25.11904761904762,18.181818181818183,0.0,0.0,0.0,5.0,0.0
5290.437969924812,3947.0833333333335,1759.404761904762,887.2619047619048,4190.833333333333,1940.2380952380952,1712.9166666666667,340.0,736.6666666666666,1241.0,904.5,1220.0,735.2380952380952,398.3333333333333,1237.2619047619048,1167.9166666666667,381.25,486.6666666666667,452.0833333333333,220.0,236.45833333333334,156.0,385.95238095238096,1471.3690476190477,183.75,327.94444444444446,199.16666666666669,87.5,305.8333333333333,4.166666666666667,291.6666666666667,62.5,241.66666666666669,281.3095238095238,83.33333333333334,178.1060606060606,41.25,25.0,329.58333333333337,81.25,100.0,133.33333333333334,62.5,50.0,50.0,50.0,105.0,16.666666666666668,51.66666666666667,0.0,0.0,176.66666666666669,127.77777777777777,170.83333333333334,462.5,41.66666666666667,137.5,12.5,110.0,0.0,10.0,24.583333333333336,93.33333333333334,37.5,50.0,0.0,16.666666666666668,25.0,113.33333333333334,95.0,20.0,69.58333333333333,0.0,0.0,122.91666666666667,0.0,95.83333333333333,10.0,0.0,172.5,350.0,10.0,50.0,0.0,0.0,41.66666666666667,50.0,50.0,6.25,14.583333333333334,4.444444444444445,5.0,0.0,0.0,76.66666666666667,0.0,0.0,0.0,260.0,1115.5555555555557,48.526315789473685,50.0,0.0,118.33333333333334,100.0,50.0,0.0,394.6825396825397,0.0,12.5,0.0,0.0,0.0,0.0,0.0,12.5,0.0,0.0,0.0,25.0,11.666666666666668,25.0,25.0,0.0,32.5,0.0,0.0,55.0,0.0,0.0,0.0,0.0,0.0,0.0,25.0,0.0,25.0,0.0,0.0,20.0,0.0,0.0,125.0,0.0,117.72727272727273,0.0,0.0,0.0,16.666666666666668,0.0,0.0,0.0,58.333333333333336,0.0,0.0,0.0,16.666666666666668,0.0,15.833333333333334,31.666666666666668,16.666666666666668,0.0,12.5,0.0,0.0,0.0,0.0,0.0,0.0,0.0,0.0,0.0,0.0,0.0,50.0,4.166666666666667,6.666666666666667,6.666666666666667,25.0,0.0,6.25,0.0,0.0,0.0,0.0,0.0,0.0,0.0,8.0,0.0,25.0,8.333333333333334,16.666666666666668,0.0,0.0,0.0,0.0,0.0,0.0,0.0,0.0,0.0,0.0,0.0,0.0,10.0,0.0,10.0,0.0,0.0,0.0,0.0,0.0,0.0,16.666666666666668,0.0,0.0,0.0,0.0,0.0,0.0,0.0,0.0,0.0,0.0,0.0,0.0,0.0,12.5,0.0,1.4285714285714286,0.0,0.0,0.0,0.0,0.0,0.0,0.0,0.0,0.0,0.0,0.0,0.0,0.0,0.0,0.0,0.0,0.0,0.0
15266.936507936509,3635.5853174603176,9580.36507936508,3558.134920634921,6428.065476190476,3863.7351190476193,4671.706349206349,2969.3055555555557,1596.517857142857,3438.3543417366946,2924.375,634.3259803921569,482.20238095238096,2551.3194444444443,1880.763888888889,2929.1964285714284,2083.3531746031745,648.4722222222222,3290.8630952380954,1765.1934523809525,647.3611111111111,753.4722222222222,1091.3194444444446,3835.0,119.67261904761905,1050.0,145.83333333333334,917.0833333333334,290.625,1073.8194444444443,453.47222222222223,904.6626984126984,2083.75,333.8888888888889,189.58333333333334,348.14484126984127,520.7638888888889,378.125,61.30952380952381,308.125,968.9583333333334,115.41666666666667,144.79166666666669,1267.1329365079366,86.25,335.20833333333337,85.0,339.7916666666667,2473.621031746032,54.910714285714285,91.66666666666667,43.75,45.41666666666667,132.29166666666666,170.23809523809524,0.0,199.79166666666666,143.05555555555554,72.5,66.66666666666667,143.75,26.041666666666668,0.0,64.70238095238095,100.0,2.5,164.72222222222223,0.0,32.63888888888889,41.66666666666667,28.125,16.666666666666668,107.82738095238095,217.91666666666666,30.0,5.0,4.166666666666667,15.625,1741.6666666666667,114.4047619047619,60.416666666666664,54.285714285714285,53.125,0.0,25.0,53.86904761904762,153.95833333333334,27.77777777777778,0.0,50.0,0.0,3.125,0.0,1186.4583333333333,37.5,103.125,194.19642857142858,142.63888888888889,30.208333333333336,0.0,133.33333333333334,360.4166666666667,0.3676470588235294,0.0,6.25,66.66666666666667,0.0,2.0833333333333335,5.514705882352941,147.91666666666669,0.3676470588235294,0.3676470588235294,0.3676470588235294,0.3676470588235294,0.3676470588235294,0.0,0.0,3.676470588235294,12.5,250.0,228.45238095238096,0.0,91.66666666666667,42.708333333333336,0.0,179.16666666666669,0.0,50.486111111111114,0.0,15.0,25.0,62.291666666666664,133.75,3.125,3.125,5.0,0.0,41.66666666666667,64.16666666666666,60.416666666666664,54.16666666666667,0.0,12.5,63.54166666666667,0.0,0.0,0.0,0.0,0.0,0.0,0.0,0.0,0.0,1.7857142857142856,0.0,25.0,3.125,3.125,0.0,0.0,9.791666666666668,0.0,22.083333333333336,0.0,0.0,2.5,11.458333333333334,0.0,0.0,12.5,0.0,6.25,0.0,0.0,0.0,9.375,41.66666666666667,0.0,0.0,0.0,8.125,0.0,1.7857142857142856,0.0,0.0,0.0,0.0,50.0,12.5,12.5,8.333333333333334,18.125,0.0,0.0,0.0,0.0,0.0,2.0833333333333335,10.0,0.0,0.0,0.0,0.0,0.0,0.0,0.0,0.0,0.0,0.0,12.5,10.416666666666668,0.0,12.5,0.0,0.0,0.0,0.0,0.0,0.0,0.0,0.0,0.0,0.0,0.0,0.0,42.708333333333336,0.0,0.0,0.0,0.0,0.0,0.0,0.0,0.0,0.0,6.25,0.0,4234.722222222223,0.0,0.0,0.0,0.0,0.0,0.0,0.0,0.0,0.0,0.0,0.0
4460.128223628224,1569.31727994228,3606.352513227513,1609.5496031746031,1628.7579824859238,1364.9653772153772,643.968253968254,2253.2024037122724,1082.6302146927146,405.99586551792436,561.686507936508,143.57738095238096,575.7564935064935,517.6587301587301,932.49265712501,1258.142857142857,439.8876817626818,379.3452380952381,816.3891432641433,227.8235930735931,897.2659377659378,236.11652236652236,540.7539682539683,233.08760683760684,757.4810606060606,192.1031746031746,62.36111111111111,216.35612073112074,219.5304232804233,57.04365079365079,117.53341687552214,2263.5768398268397,50.0,173.1746031746032,212.6875901875902,670.4007936507936,345.68320105820106,232.51713564213566,382.88720538720537,267.5708874458874,99.3073593073593,229.09722222222223,75.0,616.0564713064713,26.13425925925926,152.87698412698413,269.6924603174603,1184.6383477633478,38.439153439153436,38.392857142857146,88.23593073593074,0.0,29.879807692307693,121.25595238095238,326.48899711399713,1.6666666666666667,0.0,30.8531746031746,122.09419121183828,0.0,407.92506105006106,81.13095238095238,25.0,237.84992784992787,155.16788766788767,0.0,120.0,5.833333333333334,35.51587301587301,128.6448273948274,13.846153846153847,103.56060606060606,56.66666666666667,22.916666666666668,103.71031746031747,22.916666666666668,0.0,6.25,18.57142857142857,16.26984126984127,90.41666666666667,228.89880952380952,177.37216487216486,0.0,16.666666666666668,218.22420634920636,88.51370851370852,11.11111111111111,2.0833333333333335,115.22893772893774,3.75,4.285714285714286,61.904761904761905,25.0,13.36111111111111,57.473544973544975,40.333333333333336,27.77777777777778,13.333333333333334,16.369047619047617,12.5,47.68518518518518,2.6338099035467457,0.0,0.0,30.07936507936508,156.16071428571428,12.689393939393941,39.50714855320118,24.166666666666668,2.6338099035467457,2.6338099035467457,2.6338099035467457,2.6338099035467457,2.6338099035467457,0.0,5.0,26.338099035467454,38.666666666666664,0.0,46.13095238095238,8.571428571428571,63.611111111111114,18.333333333333336,151.40873015873015,0.0,3.571428571428571,17.04260651629073,120.00541125541125,55.833333333333336,2.7777777777777777,15.0,0.0,0.0,0.0,2.7777777777777777,0.0,17.5,0.0,64.68253968253968,0.0,23.807435254803675,2.7777777777777777,11.11111111111111,0.0,18.031189083820664,3.571428571428571,9.09090909090909,0.0,83.10185185185185,23.80952380952381,1.5625,17.5,1.6666666666666667,38.333333333333336,0.0,4.545454545454545,3.571428571428571,0.0,0.0,258.6017316017316,0.0,12.121212121212121,0.0,11.11111111111111,50.0,0.0,0.0,6.25,10.11904761904762,15.757575757575758,0.0,0.0,103.98809523809524,17.083333333333332,5.0,138.88888888888889,8.333333333333334,0.0,0.0,0.0,32.41125541125541,0.0,10.0,0.0,2.5,0.0,13.392857142857142,6.018518518518519,0.0,0.0,20.833333333333336,0.0,6.25,0.0,0.0,0.0,0.0,3.3333333333333335,0.0,1.8518518518518516,2.0833333333333335,0.0,0.0,0.0,0.0,8.333333333333334,6.089743589743589,6.25,0.0,0.0,0.625,13.333333333333334,0.0,6.25,21.428571428571427,42.5,0.0,10.0,0.0,0.0,0.0,8.333333333333334,0.0,20.0,63.58730158730159,0.0,0.0,0.0,50.0,2.380952380952381,0.0,0.0,0.0,1.3888888888888888,0.0,16.666666666666668,0.0,9.4017094017094,0.0,0.0,10.0,0.0,0.0,0.0,0.0,0.0,3.571428571428571,0.0
1329.154352904353,169.12878787878788,25.0,155.16955266955267,145.71084883584882,236.45833333333334,160.41666666666669,109.22619047619048,82.14285714285714,24.90530303030303,134.96138996138995,5.0,250.69139194139194,17.857142857142854,197.5,333.05555555555554,0.0,407.9166666666667,128.33333333333334,22.5,125.83333333333334,31.56926406926407,150.0,35.0,51.183712121212125,88.89652014652015,127.08333333333334,50.0,0.0,10.0,20.833333333333336,0.0,184.375,0.0,20.833333333333336,6.960227272727273,7.142857142857142,0.0,123.80952380952381,15.625,0.0,29.166666666666668,42.5,15.0,32.14285714285714,0.0,25.0,0.0,0.0,0.0,27.083333333333336,50.0,4.166666666666667,0.0,0.0,8.333333333333334,8.333333333333334,12.5,0.0,12.5,25.0,0.0,100.0,0.0,0.0,0.0,0.0,25.0,19.058441558441558,0.0,0.0,0.0,0.0,0.0,0.0,0.0,0.0,13.392857142857142,0.0,0.0,0.0,0.0,0.0,0.0,0.0,0.0,0.0,2.272727272727273,0.0,0.0,25.0,0.0,50.0,0.0,0.0,0.0,0.0,0.0,0.0,66.66666666666667,0.0,0.0,0.6756756756756757,25.0,0.0,0.0,0.0,0.0,10.135135135135135,0.0,0.6756756756756757,0.6756756756756757,0.6756756756756757,0.6756756756756757,0.6756756756756757,0.0,0.0,6.756756756756756,0.0,0.0,0.0,0.0,0.0,0.0,0.0,0.0,41.66666666666667,0.0,0.0,0.0,0.0,0.0,0.0,0.0,0.0,0.0,0.0,0.0,0.0,0.0,25.0,0.0,0.0,0.0,0.0,0.0,0.0,0.0,0.0,0.0,0.0,0.0,0.0,0.0,0.0,0.0,0.0,0.0,0.0,0.0,0.0,111.45833333333334,0.0,0.0,0.0,0.0,0.0,0.0,0.0,0.0,27.5,0.0,0.0,0.0,0.0,0.0,0.0,33.333333333333336,0.0,0.0,0.0,0.0,0.0,20.0,0.0,5.0,0.0,0.0,0.0,0.0,0.0,0.0,0.0,0.0,0.0,0.0,0.0,0.0,0.0,6.25,0.0,0.0,0.0,0.0,0.0,0.0,0.0,0.0,0.0,0.0,25.0,0.0,0.0,0.0,0.0,0.0,0.0,0.0,0.0,75.0,44.44444444444444,0.0,0.0,0.0,0.0,0.0,0.0,0.0,0.0,0.0,0.0,0.0,0.0,0.0,0.0,0.0,0.0,0.0,0.0,0.0,0.0,0.0,0.0,0.0,3.7037037037037033,0.0,3.7037037037037033,0.0,0.0
9183.24606144343,2581.87462999963,1352.5462962962963,1594.2978433603434,4456.274822278112,2592.630313765182,888.6986971361971,6091.222848788639,2946.2209665334667,1449.718567251462,1865.5033970658972,1102.54477004477,1005.0286749069644,483.61336580086584,1334.7521977291715,1564.387942710311,1709.099025974026,1674.524063899064,796.670251045251,263.30808080808083,987.3462995337995,1078.0501443001442,173.33333333333334,2987.2923476377423,279.1337828837829,328.4490740740741,814.5833333333334,673.2804232804233,584.9975024975025,240.82010582010582,425.76479076479075,492.369227994228,60.932539682539684,1246.9453463203463,741.8849206349206,5136.841040903541,2080.0548245614036,483.33333333333337,85.5109126984127,341.50845864661653,95.7936507936508,480.8382936507937,45.833333333333336,199.79166666666666,15.161340852130326,383.4871031746032,30.188492063492063,1014.4444444444445,30.729166666666668,89.81481481481481,79.02777777777779,440.11764855514855,123.40822372072373,119.37003968253968,848.0886243386244,167.02380952380952,252.76785714285714,469.3695887445888,221.10569985569987,20.833333333333336,143.53174603174602,57.083333333333336,0.0,10.0,34.464285714285715,14.087301587301587,46.25,2.5,176.25,199.3716931216931,10.0,293.8888888888889,406.1954365079365,17.5,45.00356125356125,20.271950271950274,423.18121693121697,0.0,25.0,116.19708994708995,282.1031746031746,93.51851851851852,9.351851851851851,14.087301587301587,3.571428571428571,305.9577228327228,110.0,62.05357142857143,160.74404761904762,37.5,61.458333333333336,368.4325396825397,10.0,0.0,109.64285714285714,66.38888888888889,0.0,5.0,1.6666666666666667,0.0,298.2142857142857,315.3873556998557,0.0,32.77777777777778,140.69444444444446,32.29166666666667,0.0,621.3012566137567,0.0,19.572649572649574,0.0,0.0,0.0,0.0,0.0,50.52308802308802,13.88888888888889,0.0,57.0436507936508,7.291666666666667,83.11507936507937,16.369047619047617,0.0,35.41666666666667,59.1025641025641,15.347222222222221,0.0,39.58994708994709,10.416666666666668,0.0,13.983516483516484,0.0,32.47863247863248,156.25,221.85363247863248,0.0,5.238095238095238,4.166666666666667,27.083333333333332,50.0,17.708333333333336,0.0,0.0,0.0,0.0,53.20118478013215,0.0,0.0,20.833333333333336,208.05555555555557,50.0,7.023809523809524,36.30952380952381,22.32142857142857,20.512820512820515,33.333333333333336,225.17857142857144,0.0,15.330687830687829,30.661375661375658,92.46260683760684,0.0,24.166666666666668,0.0,100.0,25.0,0.0,17.5,20.833333333333336,4.761904761904762,0.0,6.25,45.601851851851855,0.0,0.0,13.333333333333334,164.3199855699856,2.5,174.41468253968253,0.0,3.3333333333333335,0.0,0.0,29.283216783216783,0.0,7.320804195804196,0.0,65.625,69.22619047619048,2.7777777777777777,0.0,0.0,95.83333333333333,10.416666666666668,44.79166666666667,0.0,0.0,516.0218253968254,0.0,0.0,0.0,26.388888888888893,0.0,0.0,0.0,0.0,0.0,17.708333333333336,16.432005494505496,3.571428571428571,0.0,2.7777777777777777,5.505952380952381,0.0,0.0,0.0,5.860745614035088,0.0,0.0,0.0,0.0,0.0,8.333333333333334,6.5625,0.0,0.0,2.7777777777777777,18.055555555555557,0.0,0.0,0.0,0.0,0.0,0.0,0.0,4.166666666666667,0.0,0.0,0.0,18.849206349206348,0.0,1.282051282051282,49.516178266178265,0.0,0.0,0.0,0.0,0.0,0.0
723.3943191311612,120.0,145.83333333333334,152.08333333333334,166.42857142857144,48.333333333333336,223.33333333333334,40.0,57.5,1.0,132.0,7.5,37.5,73.33333333333333,20.0,86.66666666666667,5.0,61.666666666666664,0.0,20.0,62.5,14.333333333333334,0.0,419.5833333333333,110.0,111.27777777777779,3.3333333333333335,0.0,10.0,0.0,16.666666666666668,0.0,0.0,32.5,0.0,5.0,10.0,0.0,96.25,0.0,669.7222222222223,0.0,0.0,0.0,0.0,0.0,0.0,0.0,10.0,11.25,0.0,60.0,0.0,0.0,0.0,0.0,0.0,0.0,10.0,0.0,10.0,10.0,0.0,25.0,50.0,0.0,0.0,0.0,23.333333333333336,10.0,20.0,13.333333333333334,0.0,0.0,0.0,0.0,0.0,0.0,0.0,22.5,0.0,10.0,0.0,0.0,0.0,0.0,12.5,0.0,0.0,0.0,1.6666666666666667,0.0,0.0,0.0,10.0,0.0,0.0,0.0,10.0,0.0,36.026315789473685,0.0,0.0,10.0,0.0,0.0,0.0,91.11111111111111,0.0,0.0,0.0,0.0,0.0,0.0,0.0,0.0,2.7777777777777777,0.0,0.0,0.0,11.666666666666668,0.0,0.0,0.0,10.0,0.0,0.0,5.0,0.0,0.0,0.0,0.0,0.0,0.0,0.0,0.0,0.0,0.0,0.0,20.0,0.0,0.0,0.0,0.0,0.0,0.0,0.0,0.0,0.0,0.0,0.0,0.0,12.5,0.0,0.0,0.0,16.666666666666668,0.0,3.3333333333333335,6.666666666666667,0.0,0.0,0.0,0.0,0.0,0.0,0.0,0.0,0.0,0.0,0.0,0.0,0.0,0.0,0.0,0.0,6.666666666666667,6.666666666666667,0.0,0.0,0.0,0.0,0.0,0.0,0.0,0.0,0.0,0.0,8.0,0.0,0.0,0.0,0.0,0.0,0.0,0.0,0.0,0.0,0.0,0.0,0.0,0.0,0.0,0.0,0.0,10.0,0.0,10.0,0.0,0.0,0.0,0.0,0.0,0.0,0.0,0.0,0.0,0.0,0.0,0.0,0.0,0.0,0.0,0.0,0.0,0.0,0.0,0.0,0.0,0.0,1.4285714285714286,0.0,0.0,0.0,0.0,0.0,0.0,0.0,0.0,0.0,0.0,0.0,0.0,0.0,0.0,0.0,0.0,0.0,0.0
648.3943191311612,53.333333333333336,104.16666666666667,168.75,178.92857142857144,106.66666666666667,181.66666666666666,27.5,57.5,26.0,92.0,32.5,37.5,73.33333333333333,20.0,86.66666666666667,5.0,11.666666666666666,0.0,20.0,12.5,14.333333333333334,0.0,419.5833333333333,72.5,119.61111111111111,3.3333333333333335,0.0,10.0,0.0,41.66666666666667,0.0,0.0,32.5,50.0,5.0,10.0,0.0,62.91666666666667,0.0,694.7222222222223,8.333333333333334,0.0,0.0,0.0,0.0,0.0,0.0,10.0,11.25,0.0,72.5,0.0,0.0,0.0,0.0,0.0,0.0,10.0,0.0,10.0,10.0,0.0,0.0,0.0,0.0,0.0,0.0,13.333333333333334,10.0,20.0,13.333333333333334,0.0,0.0,0.0,0.0,0.0,0.0,0.0,47.5,0.0,10.0,0.0,0.0,0.0,0.0,0.0,0.0,0.0,0.0,1.6666666666666667,0.0,0.0,0.0,10.0,0.0,0.0,0.0,10.0,0.0,48.526315789473685,0.0,0.0,60.0,0.0,0.0,0.0,91.11111111111111,0.0,0.0,0.0,0.0,0.0,0.0,0.0,0.0,2.7777777777777777,0.0,0.0,0.0,11.666666666666668,0.0,0.0,0.0,10.0,0.0,0.0,5.0,0.0,0.0,0.0,0.0,0.0,0.0,0.0,0.0,0.0,0.0,0.0,20.0,0.0,0.0,0.0,0.0,0.0,0.0,0.0,0.0,0.0,0.0,0.0,0.0,12.5,0.0,0.0,0.0,16.666666666666668,0.0,3.3333333333333335,6.666666666666667,0.0,0.0,0.0,0.0,0.0,0.0,0.0,0.0,0.0,0.0,0.0,0.0,0.0,0.0,0.0,0.0,6.666666666666667,6.666666666666667,0.0,0.0,0.0,0.0,0.0,0.0,0.0,0.0,0.0,0.0,8.0,0.0,0.0,0.0,0.0,0.0,0.0,0.0,0.0,0.0,0.0,0.0,0.0,0.0,0.0,0.0,0.0,10.0,0.0,10.0,0.0,0.0,0.0,0.0,0.0,0.0,0.0,0.0,0.0,0.0,0.0,0.0,0.0,0.0,0.0,0.0,0.0,0.0,0.0,0.0,0.0,0.0,1.4285714285714286,0.0,0.0,0.0,0.0,0.0,0.0,0.0,0.0,0.0,0.0,0.0,0.0,0.0,0.0,0.0,0.0,0.0,0.0
1434.7619047619048,685.5072463768116,1323.3333333333333,1010.8333333333334,814.702380952381,860.0595238095239,462.5,571.6666666666666,363.3333333333333,320.8333333333333,345.8333333333333,204.16666666666669,52.173913043478265,100.0,154.16666666666666,656.6666666666666,294.1666666666667,312.5,439.1666666666667,100.0,127.17391304347827,192.38095238095238,241.66666666666669,225.0,255.83333333333334,91.66666666666667,83.33333333333334,129.16666666666666,16.666666666666668,434.58333333333337,0.0,366.6666666666667,50.0,50.0,50.0,0.0,0.0,137.5,25.0,91.66666666666667,237.5,125.0,50.0,637.6190476190476,116.66666666666667,75.0,50.0,25.0,291.6666666666667,0.0,0.0,0.0,65.0,100.0,100.0,0.0,183.33333333333334,75.0,0.0,226.66666666666669,58.333333333333336,0.0,58.333333333333336,16.666666666666668,50.0,12.5,66.66666666666667,64.16666666666667,0.0,12.5,100.0,62.5,62.5,50.0,0.0,50.0,150.0,0.0,150.0,0.0,100.0,25.0,16.666666666666668,12.5,0.0,0.0,93.75,66.66666666666667,80.0,166.66666666666669,0.0,0.0,508.3333333333333,301.7857142857143,0.0,25.0,16.666666666666668,0.0,0.0,165.0,25.0,25.0,0.0,137.5,12.5,16.666666666666668,4.761904761904762,50.0,0.0,0.0,0.0,0.0,0.0,0.0,0.0,50.0,0.0,0.0,0.0,41.66666666666667,0.0,8.333333333333334,25.0,50.0,0.0,62.5,0.0,0.0,0.0,0.0,0.0,145.83333333333334,25.0,100.0,33.333333333333336,0.0,50.0,0.0,50.0,0.0,0.0,0.0,0.0,0.0,16.666666666666668,0.0,0.0,33.333333333333336,16.666666666666668,0.0,50.0,16.666666666666668,0.0,0.0,0.0,313.33333333333337,12.5,25.0,58.333333333333336,116.66666666666667,0.0,0.0,0.0,0.0,0.0,0.0,0.0,0.0,0.0,12.5,0.0,183.33333333333334,0.0,0.0,0.0,16.666666666666668,0.0,0.0,16.666666666666668,0.0,0.0,137.5,0.0,223.35403726708074,42.857142857142854,55.838509316770185,2.380952380952381,0.0,0.0,0.0,25.0,0.0,0.0,0.0,50.0,0.0,0.0,25.0,0.0,0.0,0.0,0.0,0.0,7.142857142857142,0.0,0.0,0.0,0.0,0.0,25.0,0.0,50.0,0.0,0.0,0.0,0.0,0.0,0.0,0.0,0.0,0.0,0.0,0.0,0.0,0.0,40.0,0.0,0.0,0.0,0.0,0.0,0.0,0.0,0.0,0.0,0.0,0.0,0.0,0.0,0.0,0.0,0.0,25.0,0.0,0.0,0.0,0.0,0.0,25.0
3708.715956558062,949.6468253968254,1913.6695526695528,1690.7905982905984,557.3323898323898,1174.7777777777778,839.4949494949495,352.5,458.30357142857144,428.8492063492063,1075.9027777777778,280.1388888888889,405.69444444444446,124.58333333333334,712.2222222222223,724.974339257234,961.9444444444445,1820.1140873015872,662.3809523809524,429.5734126984127,647.9653679653679,775.3787878787879,678.3888888888889,458.71212121212125,215.27777777777777,96.66666666666667,261.1111111111111,184.72222222222223,106.66666666666667,534.5075757575758,149.16666666666669,207.33333333333334,499.6825396825397,284.5833333333333,46.30952380952381,947.3809523809524,57.916666666666664,241.80735930735932,49.285714285714285,294.45421245421244,175.0,177.14285714285714,101.98412698412699,951.1309523809524,229.72222222222223,179.3452380952381,29.545454545454547,91.66666666666667,178.75,16.666666666666668,41.66666666666667,32.083333333333336,8.333333333333334,5.555555555555555,0.0,5.555555555555555,148.65079365079364,0.0,0.0,0.0,53.333333333333336,0.0,170.25,0.0,66.11111111111111,0.0,168.84920634920636,80.55555555555556,21.212121212121215,0.0,65.83333333333333,50.0,149.16666666666669,380.9166666666667,8.333333333333334,0.0,25.0,9.027777777777779,206.66666666666666,17.5,25.0,0.0,0.0,0.0,14.285714285714285,9.090909090909092,0.0,138.33333333333334,0.0,90.0,0.0,0.0,0.0,678.6111111111111,3.571428571428571,58.333333333333336,95.97619047619048,12.5,8.333333333333334,16.666666666666668,0.0,0.0,0.0,0.0,0.0,15.0,0.0,0.0,0.0,50.0,0.0,0.0,0.0,0.0,0.0,67.5,0.0,0.0,0.0,0.0,58.333333333333336,103.75,0.0,0.0,0.0,0.0,0.0,169.44444444444446,0.0,0.0,57.48917748917749,190.83333333333334,4.166666666666667,0.0,0.0,0.0,70.0,0.0,0.0,16.666666666666668,3.3333333333333335,0.0,50.0,268.3531746031746,25.0,23.61111111111111,6.666666666666667,0.0,0.0,0.0,0.0,0.0,0.0,38.75,0.0,0.0,0.0,118.63095238095238,10.0,20.0,25.0,0.0,0.0,0.0,12.5,133.33333333333334,16.666666666666668,0.0,0.0,0.0,0.0,0.0,34.270833333333336,0.0,0.0,37.5,0.0,0.0,0.0,0.0,26.785714285714285,0.0,0.0,0.0,0.0,0.0,0.0,5.0,0.0,0.0,0.0,3.3333333333333335,0.0,0.0,25.0,0.0,0.0,3.3333333333333335,16.666666666666668,0.0,0.0,0.0,22.77777777777778,0.0,0.0,0.0,0.0,3.3333333333333335,0.0,0.0,0.0,0.0,16.666666666666668,0.0,0.0,0.0,0.0,0.0,0.0,0.0,0.0,0.0,0.0,25.0,0.0,0.0,0.0,0.0,0.0,0.0,10.0,0.0,0.0,0.0,0.0,0.0,0.0,0.0,0.0,0.0,0.0,0.0,0.0,0.0,0.0,0.0,0.0,0.0,0.0
4942.579365079365,993.3333333333334,2063.4126984126983,1349.107142857143,4636.666666666667,897.6984126984128,1208.3333333333333,368.3333333333333,525.0,662.5,557.1078431372549,1124.4642857142858,561.9047619047619,477.77777777777777,816.6666666666666,2323.809523809524,100.0,308.3333333333333,270.83333333333337,116.66666666666667,150.0,300.0,564.047619047619,767.9761904761905,222.22222222222223,216.25,339.1666666666667,10.0,133.33333333333334,154.16666666666666,81.25,262.5,480.55555555555554,98.80952380952381,87.5,0.0,0.0,271.98879551820727,125.0,16.666666666666668,61.111111111111114,381.25,247.91666666666669,50.0,0.0,37.5,80.0,0.0,116.66666666666667,64.16666666666667,8.333333333333334,429.1666666666667,25.0,12.5,241.66666666666669,75.0,25.0,0.0,0.0,33.333333333333336,16.666666666666668,12.5,25.0,75.0,16.666666666666668,12.5,0.0,0.0,12.5,116.66666666666667,25.0,0.0,0.0,0.0,25.0,25.0,16.666666666666668,25.0,0.0,0.0,16.666666666666668,58.333333333333336,0.0,12.5,10.0,108.33333333333334,75.0,0.0,250.0,0.0,0.0,12.5,25.0,0.0,0.0,0.0,87.5,0.0,0.0,16.666666666666668,0.0,0.0,4.3277310924369745,37.5,25.0,29.166666666666668,50.0,78.57142857142857,64.91596638655462,25.0,4.3277310924369745,4.3277310924369745,4.3277310924369745,4.3277310924369745,4.3277310924369745,50.0,0.0,43.27731092436975,0.0,88.05555555555556,75.0,0.0,0.0,0.0,0.0,0.0,37.5,0.0,0.0,25.0,0.0,0.0,0.0,25.0,0.0,16.666666666666668,0.0,0.0,0.0,25.0,0.0,0.0,62.5,8.333333333333334,38.888888888888886,44.11764705882353,0.0,0.0,4.411764705882352,0.0,0.0,0.0,0.0,0.0,0.0,0.0,25.0,0.0,16.666666666666668,33.333333333333336,0.0,0.0,0.0,0.0,0.0,0.0,0.0,0.0,0.0,0.0,0.0,0.0,0.0,0.0,0.0,0.0,10.0,5.555555555555555,50.0,0.0,50.0,75.0,0.0,80.0,0.0,20.0,0.0,0.0,0.0,0.0,0.0,0.0,0.0,0.0,0.0,0.0,10.0,0.0,0.0,0.0,0.0,12.5,0.0,33.333333333333336,0.0,0.0,0.0,0.0,0.0,16.666666666666668,83.33333333333333,0.0,0.0,0.0,0.0,0.0,12.5,0.0,0.0,0.0,0.0,16.666666666666668,0.0,0.0,0.0,0.0,0.0,0.0,27.083333333333336,0.0,0.0,0.0,0.0,0.0,0.0,0.0,0.0,0.0,0.0,0.0,0.0,8.333333333333334,50.0,0.0,0.0,16.666666666666668,0.0,0.0,0.0
165.9325396825397,100.0,6.666666666666667,0.0,3.125,12.5,11.30952380952381,12.777777777777779,0.0,119.98106060606061,3.3333333333333335,10.666666666666666,6.666666666666667,1.6666666666666667,0.0,3.571428571428571,0.0,114.28571428571428,0.0,25.0,0.0,0.0,67.72727272727273,6.25,0.0,0.0,0.0,0.0,0.0,0.0,2.5,0.0,25.0,0.0,87.5,25.0,0.0,0.0,0.0,0.0,0.0,0.0,0.0,0.0,19.444444444444443,0.0,0.0,0.0,0.0,0.0,0.0,9.615384615384615,0.0,0.0,0.0,0.0,0.0,0.0,0.0,44.64285714285714,0.0,0.0,0.0,0.0,0.0,0.0,0.0,0.0,0.0,0.0,8.333333333333334,0.0,0.0,0.0,22.61904761904762,0.0,0.0,8.333333333333332,0.0,0.0,0.0,0.0,0.0,0.0,8.333333333333334,0.0,0.0,0.0,0.0,0.0,0.0,0.0,0.0,0.0,0.0,0.0,0.0,0.0,0.0,0.0,0.0,0.0,0.0,0.0,0.0,0.0,15.0,0.0,0.0,0.0,0.0,0.0,0.0,0.0,0.0,0.0,0.0,0.0,0.0,0.0,0.0,0.0,0.0,0.0,0.0,0.0,0.0,0.0,0.0,0.0,0.0,0.0,0.0,0.0,0.0,0.0,0.0,0.0,0.0,0.0,0.0,17.5,0.0,0.0,0.0,0.0,0.0,0.0,0.0,0.0,0.0,0.0,25.0,0.0,0.0,0.0,0.0,0.0,0.0,0.0,0.0,0.0,0.0,0.0,0.0,0.0,0.0,0.0,0.0,0.0,0.0,0.0,0.0,8.333333333333334,0.0,0.0,0.0,0.0,0.0,0.0,0.0,0.0,0.0,0.0,0.0,0.0,0.0,0.0,0.0,0.0,0.0,0.0,0.0,0.0,0.0,0.0,1.6666666666666667,0.0,0.0,0.0,0.0,0.0,0.0,0.0,0.0,0.0,0.0,0.0,0.0,0.0,0.0,0.0,0.0,0.0,0.0,0.0,0.0,0.0,0.0,43.333333333333336,31.384615384615383,0.0,0.0,0.0,0.0,0.0,0.0,0.0,0.0,0.0,0.0,0.0,0.0,0.0,0.0,0.0,0.0,0.0,0.0,0.0,0.0,0.0,0.0,0.0,0.0,0.0,0.0,0.0,0.0
2029.171855921856,199.09188034188034,251.9010809451986,65.55555555555556,555.9722222222223,134.72222222222223,328.33333333333337,76.73611111111111,460.97222222222223,377.8174603174603,155.0,421.6666666666667,145.0,36.851851851851855,54.16666666666667,80.0,287.5,352.5,865.8333333333334,0.0,71.66666666666667,660.4166666666666,400.0,1016.6666666666666,0.0,33.333333333333336,25.0,66.66666666666667,0.0,264.1666666666667,41.66666666666667,0.0,79.16666666666667,0.0,95.83333333333333,29.166666666666668,22.5,25.0,0.0,33.333333333333336,180.0,2.884615384615384,0.0,252.29166666666669,55.0,0.0,50.0,116.66666666666667,360.73148148148147,0.0,16.666666666666668,0.0,199.16666666666669,20.07264957264957,0.0,0.0,0.0,47.601851851851855,35.0,0.0,0.0,0.0,585.7866479925303,0.0,0.0,0.0,130.9920634920635,0.0,0.0,12.5,0.0,8.333333333333334,0.0,0.0,0.0,0.0,0.0,0.0,294.86111111111114,126.66666666666667,0.0,0.0,0.0,0.0,0.0,0.0,203.33333333333334,26.666666666666668,0.0,0.0,0.0,0.0,0.0,706.7129629629629,8.333333333333334,0.0,57.63888888888889,10.0,0.0,0.0,0.0,0.0,0.0,0.0,0.0,0.0,0.0,11.666666666666668,0.0,5.0,0.0,0.0,0.0,0.0,0.0,50.0,16.666666666666668,0.0,0.0,0.0,28.333333333333336,25.0,0.0,4.166666666666667,0.0,87.5,0.0,6.166666666666667,39.583333333333336,0.0,0.0,0.0,10.0,0.0,0.0,0.0,0.0,0.0,0.0,8.333333333333334,202.85714285714286,0.0,0.0,32.14285714285714,0.0,0.0,0.0,0.0,0.0,0.0,0.0,12.5,0.0,0.0,0.0,630.0039682539683,0.0,0.0,0.0,0.0,0.0,0.0,0.0,0.0,0.0,0.0,0.0,0.0,0.0,0.0,0.0,0.0,0.0,0.0,8.333333333333334,0.0,0.0,0.0,0.0,0.0,16.666666666666668,0.0,0.0,0.0,0.0,0.0,0.0,7.142857142857142,0.0,0.0,0.0,0.0,0.0,0.0,23.082010582010582,32.460317460317455,0.0,0.0,0.0,0.0,0.0,0.0,0.0,0.0,0.0,0.0,0.0,16.11111111111111,0.0,0.0,0.0,0.0,50.0,0.0,0.0,0.0,0.0,0.0,0.0,0.0,0.0,0.0,0.0,0.0,0.0,0.0,0.0,0.0,0.0,0.0,0.0,0.0,0.0,0.0,0.0,0.0,0.0,0.0,0.0,0.0,0.0,0.0,0.0,0.0,0.0,0.0,0.0,0.0,0.0
6161.456115779645,519.6230158730159,266.4583333333333,93.94945697577276,1223.369338994339,291.6666666666667,544.3005952380953,355.1388888888889,536.6666666666666,439.2032967032967,459.24603174603175,218.79349816849816,295.26785714285717,322.8042328042328,233.13492063492063,166.18055555555557,414.7718253968254,1204.498556998557,292.4512987012987,94.52380952380952,2402.470238095238,745.2678571428571,67.5,544.8529411764706,255.27777777777777,143.57142857142858,82.5,862.9202741702742,273.862363127069,62.5,26.041666666666668,980.7738095238095,195.51282051282053,130.47619047619048,421.0387488328665,291.80645743145743,538.8609307359308,75.0,4.166666666666667,1.3157894736842106,160.20021645021646,0.0,3.125,429.18650793650795,50.0,182.5,62.708333333333336,349.1666666666667,923.3114015614016,245.0,1.3157894736842106,0.0,62.976190476190474,389.9047619047619,295.32828282828285,50.0,0.0,32.601851851851855,26.785714285714285,0.0,6.071428571428571,367.5,265.7142857142857,0.0,0.0,0.0,262.93650793650795,10.416666666666668,8.333333333333334,20.97222222222222,18.75,9.722222222222221,235.5952380952381,15.555555555555555,0.0,0.0,2.7777777777777777,0.0,1201.0714285714287,148.33333333333334,61.111111111111114,0.0,0.0,0.0,12.5,100.0,12.5,19.791666666666668,1.3157894736842106,0.0,0.0,18.75,25.0,440.22486772486775,26.19047619047619,16.666666666666668,0.0,12.777777777777779,21.666666666666668,0.0,187.38095238095238,32.77777777777778,0.0,0.0,20.476190476190474,25.0,81.72123015873017,222.08333333333334,0.0,0.0,0.0,0.0,0.0,0.0,0.0,0.0,8.333333333333334,0.0,25.0,43.75,40.83333333333333,0.0,0.0,4.166666666666667,0.0,25.0,0.0,6.166666666666667,0.0,0.0,0.0,50.0,0.0,0.0,0.0,0.0,19.404761904761905,5.357142857142857,5.0,0.0,136.1904761904762,0.0,0.0,0.0,0.0,0.0,0.0,0.0,1.7857142857142856,0.0,1.7857142857142856,0.0,0.0,0.0,0.0,609.6666666666666,0.0,0.0,1.4705882352941175,2.941176470588235,0.0,8.333333333333334,0.0,0.0,0.0,0.0,2.5,0.0,0.0,8.333333333333334,0.0,0.0,9.821428571428571,0.0,5.0,0.0,25.0,16.666666666666668,6.944444444444445,0.0,8.333333333333334,0.0,0.0,10.0,0.0,2.5,0.0,0.0,0.0,0.0,0.0,0.0,0.0,0.0,23.082010582010582,0.0,3.125,0.0,54.166666666666664,0.0,0.0,0.0,0.0,0.0,0.0,14.285714285714285,0.0,16.11111111111111,0.0,7.142857142857142,0.0,0.0,4.166666666666667,0.0,0.0,0.0,0.0,0.0,9.722222222222221,0.0,0.0,0.0,0.0,195.83333333333334,19.444444444444443,0.0,0.0,0.0,0.0,0.0,0.0,0.0,0.0,0.0,0.0,0.0,0.0,0.0,0.0,0.0,52.08333333333333,0.0,41.66666666666667,0.0,0.0,0.0,0.0,0.0,6.25
12301.207141034347,2288.471459096459,5734.295461482961,3861.2136243386244,5296.994047619048,1773.670634920635,1393.6670274170274,1750.1916833166833,2908.467261904762,3459.5650183150183,4113.045965608466,386.8101343101343,437.79761904761904,916.6883116883117,827.8481240981241,3660.634169071669,1138.2707362082363,2564.8008357383355,918.7400793650794,725.3044733044733,464.50396825396825,1547.7910052910054,485.5238095238095,790.3052054154996,155.37698412698413,314.12096005846007,234.56944444444446,2334.4067044067046,107.2420634920635,2838.3018925518927,379.72222222222223,488.61111111111114,1165.8986846486846,295.4679232804233,481.7609126984127,63.257575757575765,451.6220238095238,197.43055555555557,47.64484126984127,52.34126984126984,374.92724867724866,0.0,0.0,817.3837620712621,177.46825396825398,216.09126984126985,165.72916666666666,169.72222222222223,315.2083333333333,136.80555555555554,34.02777777777778,0.0,9.20138888888889,78.19444444444444,258.5595238095238,17.77777777777778,55.55555555555556,43.75,1.6666666666666667,76.5625,22.5,39.351851851851855,437.06709956709955,75.29761904761905,6.25,0.0,99.46969696969697,19.375,94.79166666666667,34.523809523809526,5.0,53.24074074074074,91.45968614718615,117.38095238095238,16.805555555555557,12.5,8.333333333333332,2.5,790.6616161616162,45.97222222222223,86.66666666666667,6.25,0.0,0.0,7.142857142857142,28.174603174603174,26.38888888888889,34.02777777777778,10.0,16.666666666666664,16.666666666666664,7.638888888888889,25.0,1100.7738095238096,16.011904761904763,22.698412698412696,402.47222222222223,4.166666666666667,51.785714285714285,2.619047619047619,70.83333333333334,126.40567765567766,0.0,2.7777777777777777,3.571428571428571,0.0,0.7407407407407407,24.404761904761905,0.0,47.73809523809524,0.0,0.0,0.0,0.0,0.0,50.76884920634921,26.666666666666668,0.0,29.166666666666668,0.0,31.38888888888889,66.44792707292707,3.3333333333333335,0.0,0.0,13.571428571428571,0.0,7.5,121.30952380952381,2.0833333333333335,16.666666666666664,31.071428571428573,78.84920634920636,0.0,0.0,0.0,0.0,80.90277777777777,0.0,0.0,42.5,0.0,14.375,383.3730158730159,1.6666666666666667,0.0,0.0,98.88888888888889,25.0,3.6458333333333335,74.47916666666667,0.0,0.0,0.0,0.0,25.0,13.49206349206349,10.833333333333334,0.0,0.0,20.833333333333336,0.0,0.0,0.0,33.035714285714285,8.333333333333334,2.0833333333333335,0.0,0.0,8.333333333333334,0.0,0.0,28.57142857142857,0.0,31.43939393939394,8.928571428571427,10.0,0.0,62.5,0.0,0.0,0.0,0.0,0.0,6.666666666666666,0.0,0.37037037037037035,1.7857142857142856,41.25,16.145833333333336,7.142857142857142,3.846153846153846,0.0,0.0,2.272727272727273,0.0,0.0,25.0,69.88690476190476,0.0,0.0,0.0,0.0,8.333333333333334,3.125,0.0,4.861111111111111,50.0,0.0,0.0,0.0,0.0,2.5,0.0,0.0,0.0,0.0,0.0,0.0,0.0,0.0,0.0,0.0,4.166666666666667,0.0,0.0,0.0,0.0,0.0,0.0,0.0,0.0,0.0,0.0,0.0,0.0,0.0,50.0,0.0,0.0,0.0,0.0,0.0,0.0,0.0,0.0,0.0,0.0,0.0
2673.8988095238096,1007.5297619047619,1456.8253968253969,1155.9325396825398,1216.875,1275.9573412698412,993.6706349206349,54.16666666666667,403.6011904761905,408.77100840336135,232.06349206349208,266.96486928104576,12.5,85.76388888888889,253.47222222222223,173.25396825396825,227.65873015873015,196.1706349206349,105.65476190476191,867.4156746031746,161.25,234.02777777777777,219.65277777777777,291.1904761904762,20.089285714285715,32.91666666666667,4.166666666666667,87.91666666666667,15.625,99.02777777777779,7.638888888888889,0.0,575.1388888888889,38.333333333333336,16.666666666666668,209.9702380952381,4.513888888888889,248.95833333333334,4.166666666666667,147.29166666666669,18.125,57.083333333333336,70.34722222222223,550.327380952381,31.25,180.76388888888889,4.166666666666667,208.125,59.176587301587304,17.410714285714285,13.88888888888889,0.0,0.0,48.958333333333336,4.166666666666667,0.0,186.875,12.5,0.0,41.66666666666667,13.88888888888889,26.041666666666668,0.0,114.70238095238096,0.0,2.5,37.77777777777778,0.0,5.416666666666667,3.3333333333333335,3.125,0.0,18.10515873015873,113.75,0.0,45.27777777777778,4.166666666666667,12.5,320.4166666666667,3.571428571428571,27.083333333333336,0.0,3.125,0.0,0.0,67.7579365079365,53.125,25.0,0.0,12.5,0.0,3.125,4.166666666666667,1381.4583333333333,0.0,53.125,194.91071428571428,6.25,5.208333333333334,0.0,0.0,0.0,0.3676470588235294,0.0,0.0,0.0,0.0,2.0833333333333335,5.514705882352941,20.13888888888889,0.3676470588235294,0.3676470588235294,0.3676470588235294,0.3676470588235294,0.3676470588235294,0.0,4.166666666666667,3.676470588235294,12.5,0.0,4.285714285714286,0.0,0.0,3.125,0.0,0.0,0.0,16.875,0.0,8.75,0.0,26.041666666666668,4.166666666666667,0.0,3.125,0.0,0.0,0.0,22.5,22.916666666666668,0.0,0.0,0.0,103.54166666666667,0.0,0.0,0.0,0.0,0.0,0.0,0.0,0.0,0.0,1.7857142857142856,0.0,0.0,3.125,8.680555555555555,2.380952380952381,4.761904761904762,9.791666666666668,0.0,0.0,0.0,0.0,0.0,7.291666666666667,0.0,0.0,16.666666666666668,0.0,6.25,0.0,0.0,0.0,0.0,0.0,0.0,0.0,0.0,8.125,0.0,1.7857142857142856,0.0,0.0,0.0,0.0,0.0,0.0,0.0,0.0,5.625,0.0,0.0,5.555555555555555,0.0,0.0,2.0833333333333335,10.0,0.0,0.0,0.0,0.0,12.5,0.0,0.0,0.0,0.0,0.0,0.0,6.25,0.0,0.0,0.0,0.0,0.0,0.0,0.0,0.0,0.0,0.0,0.0,0.0,0.0,0.0,56.875,0.0,0.0,0.0,0.0,0.0,0.0,0.0,0.0,0.0,6.25,0.0,12.5,0.0,0.0,0.0,0.0,0.0,0.0,0.0,0.0,0.0,4.166666666666667,0.0
9417.824247239689,3462.826761201761,1071.064874939875,1700.6558349058348,965.5229029011924,2682.3471955675905,613.735119047619,1283.2620851370853,1407.5198412698412,190.02435064935065,794.1600066600066,547.224025974026,4033.1491193991196,405.03037897774743,181.17108585858585,775.2350427350427,588.1283017056044,1769.4701825951827,401.5938493158888,144.1468253968254,2394.282471914051,660.4033466533467,83.05555555555556,468.72997835497836,368.8113275613276,207.92739424318373,1929.6611166611167,45.95899470899471,50.0,394.0981819106819,13.88888888888889,107.14285714285714,276.6904761904762,17.063492063492063,121.55888458520037,179.0422077922078,0.0,30.833333333333336,93.90376984126983,239.9264069264069,151.00989653621232,22.202380952380953,23.214285714285715,89.92424242424242,17.38095238095238,72.53968253968254,508.1492673992674,78.39285714285714,67.42424242424242,438.19745069745073,96.90018315018315,75.83333333333334,51.06920856920856,1007.1626984126984,200.83116883116884,222.87878787878788,0.0,2.857142857142857,42.842365967365964,34.16666666666667,27.424242424242426,0.0,172.77310924369746,27.435897435897434,42.5,226.39883264883264,0.0,168.62179487179486,19.642857142857142,35.18518518518518,60.583333333333336,9.56439393939394,223.75,0.0,148.21428571428572,516.5501165501165,97.58116883116882,145.26455026455025,0.0,0.0,72.16666666666667,25.0,4.166666666666666,188.89883264883264,70.07936507936508,11.11111111111111,11.706349206349206,0.0,0.0,19.484126984126984,170.94932844932845,34.64285714285714,283.3333333333333,0.0,0.0,4.545454545454546,0.0,10.795454545454547,0.0,23.80952380952381,0.0,3.75,1.282051282051282,0.0,0.0,0.0,144.46428571428572,16.666666666666668,19.23076923076923,0.0,1.282051282051282,1.282051282051282,1.282051282051282,1.282051282051282,1.282051282051282,45.833333333333336,1.4285714285714286,12.82051282051282,0.0,0.0,0.0,0.0,0.0,0.0,1.8518518518518516,0.0,90.55555555555556,0.0,0.0,0.0,16.865079365079364,2.7777777777777777,25.0,0.0,25.0,0.0,0.0,46.726190476190474,5.0,106.75,33.333333333333336,104.16666666666667,0.0,2.272727272727273,20.34090909090909,0.0,230.8101851851852,0.0,0.0,0.0,0.0,0.0,0.0,0.0,0.0,0.0,75.46736596736596,0.0,0.0,0.0,0.0,26.136363636363633,23.68421052631579,125.46296296296298,0.0,10.0,0.0,0.0,4.166666666666667,0.0,63.5479797979798,50.0,75.0,3.3333333333333335,0.0,0.0,0.0,19.19642857142857,7.142857142857142,0.0,0.0,0.0,4.9603174603174605,0.0,0.0,0.0,0.0,0.0,0.0,20.2020202020202,0.0,20.0,0.0,16.666666666666668,0.0,74.76190476190476,0.0,0.0,0.0,29.198232323232325,0.0,0.0,0.0,0.0,25.44871794871795,0.0,5.555555555555555,0.0,0.0,0.0,0.0,0.0,0.0,0.0,0.0,0.0,0.0,50.0,0.0,55.55555555555556,30.769230769230766,0.0,0.0,0.0,0.0,0.0,25.0,0.0,11.11111111111111,0.0,0.0,0.7692307692307692,0.0,0.0,0.0,0.0,9.920634920634921,0.0,0.0,0.0,0.0,0.0,0.0,0.0,18.181818181818183,7.142857142857142,18.181818181818183,0.0,1.5625
29014.107878290153,6781.797797824685,11216.673731167926,6745.1624082049775,8423.453175563973,5666.3222913990685,3867.1488757701995,4651.163906272072,3749.294439271026,1707.9067569141098,3904.456728607077,1679.0405982905984,5764.810029379755,3718.0562701903646,1235.5039681071996,3233.4148694013247,5087.831522235934,1602.5553751803752,2301.4233887028004,1758.0552590970549,3401.7373383840104,692.0783340684657,1454.6402787027787,1115.3871619937797,1958.1064537314537,1824.2115731490733,745.2229780023898,2204.6839875380897,966.8394228320699,1417.1477712102712,522.033970250882,3241.3183946901054,731.4315436025962,678.6457153957155,737.1030936655936,1570.7228674103674,1116.7330709867474,767.2351810770929,3881.432087896194,1093.7309376568278,301.5819943944944,344.44444444444446,261.35457135457136,1086.7194194694196,287.88614163614164,735.1663480281901,755.8757307507308,1392.0154151404151,989.6558302808303,358.3781010656011,280.0412960577434,391.5542328042328,593.7712796462796,719.7729076479077,630.2714171793119,81.1319073083779,91.69642857142857,92.51454427925016,114.81659544159544,240.16110625485626,56.970899470899475,366.32860195360195,131.83862433862433,318.55820105820106,142.62229437229436,354.78718776960466,464.96031746031747,87.1596459096459,223.1511544011544,244.6752206127206,64.10714285714286,53.17307692307693,239.9834656084656,46.81487493987494,604.7861648155766,361.9155844155844,116.49683105565458,124.2210046897547,395.4671717171717,19.895833333333336,978.4958675583675,55.42449874686717,499.72142372877664,353.3586163410332,68.97968077244393,177.8757462580992,142.97077922077924,141.15620490620492,48.530820422267794,179.67261904761904,752.6787802339273,74.21410533910534,95.9920634920635,265.625,4.125,54.87698412698413,33.15079365079365,154.6744227994228,60.151515151515156,32.083333333333336,244.6825396825397,240.46869796869797,1.6302804829120618,230.6235145573381,4.166666666666667,34.015151515151516,141.09036170554,156.66666666666666,26.537540577014262,60.0462962962963,1.6302804829120618,1.6302804829120618,1.6302804829120618,1.6302804829120618,1.6302804829120618,15.397727272727273,85.52005012531328,16.302804829120618,187.47799422799423,88.61832611832612,62.38095238095238,32.986111111111114,37.38936988936989,197.4108734402852,116.23015873015873,150.22782772782773,100.02525252525253,51.43849206349206,150.77064479638008,20.0,72.09020146520146,273.3901515151515,82.65422077922078,102.07638888888889,39.970238095238095,48.65079365079365,36.34615384615385,108.31226643726644,52.083333333333336,11.313686313686313,155.9672619047619,217.5568181818182,45.75757575757576,0.0,27.77777777777778,154.25776708671447,47.05222473604827,500.90818903318905,23.214285714285715,178.2938270222753,80.41346153846155,21.52777777777778,131.2202380952381,62.083333333333336,318.69736146206736,104.2979242979243,77.53367003367003,3.846153846153846,24.678571428571427,49.357142857142854,306.2212301587302,167.15142496392497,75.37641452115136,109.20454545454545,105.43831168831169,311.1507936507937,25.0,3.941176470588235,15.449675324675326,27.803030303030305,9.107142857142858,30.391414141414142,53.80952380952381,30.681818181818183,14.61111111111111,76.66666666666667,104.92063492063492,11.673280423280422,13.553622303622303,138.34831834831834,18.47222222222222,16.166666666666668,10.0,0.0,38.64749348015068,0.0,2.1470829711194823,36.07142857142857,28.133903133903136,105.35112621296832,4.034090909090909,13.636363636363637,27.77777777777778,10.051406926406926,5.0,13.714285714285715,18.842592592592595,102.08333333333334,200.83333333333334,0.0,1.6666666666666667,16.624579124579125,5.119047619047619,23.80952380952381,1.25,129.3253968253968,78.24404761904762,51.785714285714285,29.08249158249158,0.0,4.166666666666667,16.666666666666668,17.142857142857142,2.0833333333333335,130.42307692307693,0.0,41.66666666666667,36.666666666666664,9.090909090909092,35.714523050049365,0.0,2.5,4.212962962962963,7.179487179487179,18.181818181818183,76.0873015873016,0.0,39.23076923076923,0.0,10.224089635854341,28.125,3.3333333333333335,3.75,2.0,16.615190365190365,0.0,13.05944055944056,0.0,1.0416666666666667,2.8125,9.090909090909092,19.523809523809526,1.1904761904761905,12.599206349206348,2.0833333333333335,0.0,2.0833333333333335,7.142857142857142,0.0
2131.7895996117745,427.156432748538,717.771164021164,599.0674603174604,489.21802054154995,137.5,83.33333333333334,293.505291005291,276.5674603174603,76.75925925925927,105.23809523809524,343.91339869281046,411.8001443001443,83.33333333333334,276.0416666666667,344.5833333333333,225.1797385620915,142.26190476190476,4.166666666666667,147.14285714285714,366.0188398346293,94.16666666666667,54.351851851851855,14.464285714285714,128.0952380952381,16.36904761904762,132.260101010101,11.11111111111111,5.934343434343434,62.5,51.62037037037037,68.75,156.187343358396,2.5,66.43518518518519,100.47619047619048,50.0,50.0,40.18518518518519,67.18915343915344,43.75,46.66666666666667,11.76470588235294,0.0,10.0,35.23809523809524,160.0,62.5,0.0,27.453703703703702,1.7857142857142856,11.851851851851851,19.607843137254903,0.0,0.0,0.0,27.083333333333336,0.0,0.0,8.88888888888889,54.166666666666664,0.0,39.16666666666667,156.11111111111111,13.541666666666666,22.72727272727273,0.0,80.2124183006536,0.0,2.5,0.0,0.0,0.0,0.0,0.0,0.0,0.0,98.10064935064935,0.0,0.0,0.0,0.0,0.0,22.72727272727273,2.1592442645074224,0.0,52.5,0.0,0.0,0.0,83.33333333333334,0.0,83.33333333333334,0.0,0.0,0.0,21.25,0.0,0.0,1.3888888888888888,0.0,0.0,0.0,12.5,0.0,0.0,34.72222222222222,6.785714285714286,0.0,1.8518518518518516,0.0,0.0,0.0,0.0,0.0,0.0,0.0,0.0,1.3888888888888888,16.666666666666668,0.0,0.0,29.545454545454547,0.0,0.0,0.0,50.0,0.0,32.738095238095234,0.0,0.0,0.0,0.0,6.25,15.416666666666668,2.380952380952381,0.0,0.0,0.0,0.0,0.0,0.0,2.5,0.0,12.5,0.0,25.0,44.44444444444444,0.0,1.7857142857142856,16.666666666666668,0.0,0.0,0.0,0.0,1.5625,0.0,0.0,0.0,0.0,0.0,14.285714285714285,0.0,0.0,0.0,1.7857142857142856,0.0,8.333333333333334,3.4226190476190474,0.0,16.666666666666668,0.0,0.0,0.0,0.0,0.0,0.0,0.0,0.0,0.0,0.0,0.0,0.0,0.0,0.0,0.0,0.0,6.25,0.0,13.88888888888889,0.0,0.0,0.0,0.0,0.0,0.0,0.8333333333333334,2.0833333333333335,0.0,0.0,0.0,0.0,16.666666666666668,0.0,0.0,0.0,4.861111111111111,0.0,0.0,0.0,0.0,0.0,0.0,0.0,0.0,25.0,0.0,0.0,14.583333333333334,51.75438596491229,0.0,0.0,0.0,0.0,29.166666666666668,0.0,0.0,0.0,0.0,0.0,0.0,0.0,0.0,0.0,0.0,0.0,0.0,0.0,0.0,0.0,0.0,9.523809523809524,0.0,0.0,2.0833333333333335,0.0,2.0833333333333335,0.0,0.0
882.6587301587301,166.96428571428572,204.58333333333334,197.91666666666666,162.91666666666669,35.71428571428571,106.38888888888889,156.25,157.16540404040404,0.0,187.28354978354977,23.80952380952381,47.804232804232804,58.125,17.73809523809524,21.212121212121215,120.1923076923077,29.469696969696972,171.66666666666669,49.55357142857143,54.92424242424243,168.75,0.0,66.66666666666666,65.625,33.333333333333336,4.166666666666667,8.333333333333334,16.25,19.375,0.0,134.72222222222223,0.0,38.39285714285714,7.738095238095238,25.0,42.85714285714286,3.571428571428571,404.70238095238096,0.0,51.8939393939394,6.25,27.777777777777775,56.25,29.166666666666668,0.0,0.0,34.375,3.3333333333333335,2.0833333333333335,19.642857142857142,0.0,102.5,0.0,20.0,66.66666666666667,0.0,0.0,29.166666666666668,25.0,0.0,0.0,0.0,97.61904761904762,5.555555555555555,0.0,0.0,0.0,8.333333333333334,0.0,0.0,7.142857142857142,3.3333333333333335,0.0,5.0,0.0,0.0,0.0,0.0,0.0,37.5,55.55555555555556,349.73193473193476,0.0,12.5,58.56481481481481,0.0,1.6666666666666667,0.0,0.0,0.0,0.0,0.0,0.0,0.0,0.0,0.0,0.0,22.5,0.0,0.0,37.5,4.166666666666667,0.0,16.666666666666668,16.666666666666668,0.0,7.142857142857142,0.0,0.0,0.0,0.0,0.0,0.0,0.0,0.0,0.0,0.0,0.0,0.0,12.5,0.0,0.0,0.0,8.333333333333332,4.545454545454546,0.0,0.0,0.0,0.0,0.0,0.0,0.0,0.0,0.0,0.0,4.166666666666667,0.0,0.0,0.0,0.0,0.0,0.0,0.0,0.0,0.0,0.0,0.0,0.0,16.666666666666668,0.0,0.0,0.0,0.0,30.0,25.0,0.0,0.0,0.0,0.0,0.0,0.0,0.0,0.0,0.0,16.666666666666668,0.0,0.0,0.0,0.0,0.0,0.0,0.0,0.0,0.0,0.0,0.0,0.0,0.0,0.0,0.0,35.71428571428571,41.66666666666667,0.0,0.0,0.0,0.0,0.0,0.0,0.0,0.0,0.0,0.0,0.0,2.0833333333333335,0.0,0.0,0.0,0.0,0.0,0.0,0.0,0.0,0.0,0.0,0.0,0.0,0.0,0.0,0.0,0.0,0.0,0.0,0.0,0.0,0.0,0.0,0.0,0.0,0.0,0.0,0.0,0.0,0.0,0.0,0.0,0.0,0.0,0.0,0.0,0.0,0.0,12.5,0.0,0.0,0.0,0.0,0.0,0.0,0.0,0.0,0.0,0.0,0.0,0.0,0.0,0.0,0.0,0.0
8234.656147093647,2082.091119664649,6343.935706152687,1776.271516881811,3058.915404040404,2126.5114006364006,1755.6688311688313,1153.0276132249817,1460.4194393569394,522.3196248196248,1016.478835978836,236.73304473304472,730.6889518433636,406.6926129426129,451.70183982683983,2739.1863275613277,2199.8679514929513,423.70594683094686,281.18259980759984,391.05140692640697,640.8847148222148,416.27645502645504,321.6005291005291,278.6050061050061,433.531746031746,241.28780941280942,136.9281045751634,293.5846560846561,230.4503367003367,481.3988095238095,70.32467532467533,900.1713564213564,109.56709956709958,124.06746031746033,107.18434343434343,1032.3734737484738,554.9074074074074,209.41378066378067,424.67790651614183,385.2422969187675,135.9071484071484,392.39285714285717,94.41849816849818,470.22799422799426,92.80092592592592,95.49603174603175,368.25847763347764,391.8054029304029,70.5324074074074,26.041666666666668,32.44047619047619,137.91666666666669,19.218073593073594,266.66269841269843,192.61904761904762,28.51851851851852,10.0,38.111111111111114,87.71876271876272,50.0,87.87698412698413,10.0,242.9079743785626,460.97492784992784,136.66666666666666,8.928571428571429,70.69444444444444,90.74404761904762,35.714285714285715,399.51982045732046,28.57142857142857,47.5,24.791666666666668,27.72727272727273,153.27737077737078,87.08333333333333,7.142857142857142,4.761904761904762,212.40079365079367,0.0,63.63636363636363,52.22222222222222,222.9124579124579,8.928571428571429,4.607843137254902,130.31349206349208,47.698412698412696,9.027777777777779,10.416666666666668,66.62698412698413,55.833333333333336,4.285714285714286,16.666666666666668,28.333333333333336,1.0,59.25925925925926,2.0,8.88888888888889,73.04545454545455,19.84126984126984,5.0,22.685185185185183,0.0,0.0,16.666666666666668,21.32936507936508,20.170454545454547,2.0833333333333335,0.0,18.115079365079367,0.0,0.0,0.0,0.0,0.0,0.0,3.846153846153846,0.0,692.915404040404,0.0,2.380952380952381,0.0,26.11111111111111,25.0,179.30555555555554,20.37878787878788,0.0,21.901709401709404,21.726190476190474,21.413308913308914,60.0,95.0,0.0,0.0,8.101851851851851,0.0,0.0,4.166666666666667,0.0,19.444444444444443,0.0,21.38888888888889,11.666666666666668,18.253968253968253,0.0,18.031189083820664,35.0,186.35531135531136,6.25,1.8518518518518516,22.22222222222222,0.0,24.642857142857142,1.6666666666666667,77.31180856180856,224.31216931216932,5.0,12.5,0.0,0.0,208.28968253968253,0.0,17.676767676767675,0.0,63.0,0.0,0.0,0.0,5.555555555555555,0.0,0.0,0.0,10.606060606060607,236.80860805860806,2.0833333333333335,0.0,0.0,0.0,1.3888888888888888,20.975447508466377,0.0,11.523809523809524,0.0,0.0,0.0,0.0,0.0,0.0,3.518518518518518,0.0,0.0,0.0,33.18181818181819,5.0,25.0,45.833333333333336,0.0,0.0,3.3333333333333335,0.0,21.85185185185185,0.0,6.25,0.0,0.0,1.923076923076923,7.564102564102564,10.416666666666668,6.666666666666666,0.0,0.0,8.333333333333334,10.0,0.0,0.0,0.0,64.58333333333334,0.0,2.272727272727273,0.0,0.0,0.0,0.0,0.0,4.545454545454546,111.08730158730158,0.0,0.0,0.0,0.0,2.380952380952381,0.0,0.0,0.0,1.3888888888888888,0.0,16.666666666666668,0.0,0.0,0.0,4.166666666666667,10.0,25.0,0.0,2.7777777777777777,0.0,2.7777777777777777,0.0,2.0833333333333335
3813.2430910592675,820.3613331113331,69.50735294117648,214.1338383838384,414.07683982683983,322.0172258297258,87.08333333333334,65.00875350140056,84.63383838383838,95.77380952380952,176.06060606060606,31.022727272727273,1091.215110461434,90.27777777777777,143.16738816738817,6.666666666666667,192.86458333333331,191.5079365079365,33.31597222222222,42.04545454545455,251.86854811854812,153.57142857142856,26.3510101010101,73.19246031746032,29.563492063492063,10.0,262.82309357309356,0.0,0.0,101.54446248196248,0.0,0.0,23.0,1.7857142857142856,9.09090909090909,12.678571428571427,0.0,9.027777777777779,30.505050505050505,58.0,16.785714285714285,0.0,0.0,0.0,0.0,0.0,12.0,5.0,0.0,48.05194805194805,16.047008547008545,40.0,1.4285714285714286,26.666666666666668,7.0,2.5,6.25,2.857142857142857,0.0,9.375,10.757575757575758,0.0,41.785714285714285,3.041958041958042,0.0,141.35302197802199,0.0,18.75,8.333333333333334,0.0,22.011904761904763,25.0,0.0,0.0,0.0,7.473776223776223,10.0,36.785714285714285,0.0,0.0,18.0,50.0,0.0,141.35302197802199,0.0,0.0,8.928571428571427,0.0,0.0,13.928571428571429,86.44078144078144,0.0,0.0,0.0,0.0,0.0,0.0,0.0,0.0,0.0,0.0,1.6666666666666667,0.0,0.0,0.0,0.0,0.0,0.0,0.0,0.0,0.0,0.0,0.0,0.0,0.0,0.0,1.4285714285714286,0.0,0.0,0.0,0.0,0.0,0.0,0.0,0.0,0.0,20.089285714285715,0.0,0.0,21.52777777777778,0.0,0.0,0.0,0.0,0.0,0.0,0.0,0.0,0.0,19.726190476190478,0.0,0.0,0.0,0.0,39.82142857142857,0.0,24.637605042016805,0.0,0.0,0.0,0.0,0.0,0.0,0.0,0.0,0.0,9.179487179487179,0.0,0.0,0.0,0.0,0.0,0.0,6.25,0.0,0.0,0.0,25.0,8.333333333333334,0.0,3.75,0.0,0.0,0.0,0.0,0.0,0.0,19.19642857142857,0.0,0.0,0.0,0.0,1.3888888888888888,0.0,0.0,0.0,0.0,0.0,0.0,0.0,0.0,2.7777777777777777,50.0,0.0,0.0,3.3333333333333335,0.0,0.0,0.0,14.61489898989899,0.0,0.0,0.0,0.0,2.5,0.0,44.44444444444444,0.0,0.0,0.0,0.0,0.0,0.0,0.0,0.0,16.04055258467023,0.0,0.0,0.0,0.0,0.0,0.0,0.0,0.0,0.0,0.0,0.0,0.0,0.0,0.0,0.0,0.7692307692307692,0.0,0.0,0.0,0.0,0.0,0.0,0.0,0.0,0.0,0.0,0.0,0.0,0.0,0.0,0.0,0.0,0.0
8303.855826644933,1832.1825396825398,3038.8781217564115,1273.7498612498612,1554.5995780535254,1970.7281004955423,539.6981292517007,1138.7518037518037,575.1316738816739,879.876443001443,619.5833333333334,301.32034632034635,1377.4514374514374,178.9069264069264,97.91666666666667,976.650086025086,636.9300144300145,689.3345543345544,176.66666666666666,336.4411976911977,2344.332814083958,214.17328042328043,229.6031746031746,67.3931623931624,685.3323412698413,120.95238095238095,283.46230158730157,118.4753787878788,65.0,889.4146825396825,277.7678571428571,339.92063492063494,79.02777777777779,16.666666666666668,58.333333333333336,55.833333333333336,27.321428571428573,71.33928571428571,60.535714285714285,32.16856060606061,615.3464590964591,56.66666666666667,246.15918803418805,228.77525252525254,30.555555555555554,111.8452380952381,98.52272727272728,44.04761904761905,114.52380952380952,0.0,113.12996031746032,3.3333333333333335,0.0,15.714285714285715,48.69047619047619,101.57407407407408,53.05555555555556,29.166666666666668,0.0,85.7657967032967,0.0,14.583333333333334,14.285714285714285,100.34722222222223,0.0,18.33028083028083,51.13636363636364,18.80952380952381,6.25,0.0,0.0,0.0,1.923076923076923,39.44444444444444,133.04473304473305,282.5,0.0,2.5,140.25974025974025,0.0,56.25,0.0,92.85714285714286,18.33028083028083,47.61904761904762,3.125,25.0,0.0,8.333333333333334,0.0,170.5273892773893,0.0,5.555555555555555,629.6367521367522,3.125,5.0,216.66666666666669,0.0,0.0,115.63672438672438,4.166666666666667,1.5625,0.6578947368421053,2.272727272727273,0.0,0.0,39.75510623558797,0.0,9.868421052631579,10.555555555555555,0.6578947368421053,0.6578947368421053,0.6578947368421053,0.6578947368421053,0.6578947368421053,0.0,11.11111111111111,6.578947368421053,17.5,15.476190476190476,0.0,0.0,0.0,1.1363636363636365,22.22222222222222,7.142857142857142,2.5,2.7777777777777777,0.0,49.290293040293044,72.14285714285714,378.6607142857143,36.25,25.0,13.935185185185185,129.38492063492063,0.0,6.25,122.15277777777777,44.44444444444444,53.125,190.79365079365078,0.0,49.285714285714285,14.583333333333334,0.0,17.407407407407405,66.66666666666667,16.666666666666668,17.8125,105.07440476190476,21.904761904761905,0.0,0.0,39.15223665223665,370.78652828652827,26.03174603174603,0.0,0.0,0.0,0.0,32.73809523809524,0.0,0.0,47.14285714285714,0.0,0.0,50.0,82.63888888888889,0.0,16.666666666666668,0.0,58.33333333333333,77.77777777777777,0.0,3.571428571428571,0.0,0.0,0.0,578.046398046398,0.0,25.0,0.0,256.8983104995691,145.01186521120076,64.22457762489228,8.056214733955597,8.333333333333334,4.545454545454546,18.645833333333336,0.0,3.571428571428571,59.98737373737374,42.14285714285714,0.0,15.0,0.0,0.0,4.545454545454546,4.166666666666667,0.0,0.0,0.0,12.5,86.89484126984127,0.0,10.737179487179487,0.0,0.0,0.0,0.0,36.30050505050505,0.0,21.626984126984127,0.0,0.0,2.7777777777777777,10.416666666666668,7.133838383838384,0.0,16.666666666666668,0.0,0.0,0.0,14.267676767676768,0.0,0.0,0.0,7.777777777777778,31.25,0.0,0.0,2.0833333333333335,8.125,0.0,30.0,0.0,0.0,0.0,0.0,27.809343434343436,0.0,0.0,0.0,0.0,5.0,0.0,0.0,0.0
9313.90915294826,1440.421176046176,2833.721195349485,2574.315455786044,1698.993517447465,2019.397232289674,1283.7716945752659,872.2519841269841,700.7379426129427,615.1560245310245,286.43235071806504,476.875,2025.6506687756687,534.6389258889259,325.0,1150.959249084249,386.22655122655124,626.1280848780849,138.4004884004884,505.79184704184706,1933.6978934490376,392.26851851851853,437.0767195767196,55.0,389.6612811791383,53.035714285714285,258.093820861678,44.510732323232325,27.77777777777778,860.327380952381,274.6825396825397,195.27777777777777,102.42063492063492,81.30952380952381,0.0,36.388888888888886,99.62301587301587,222.17261904761904,232.60670935040685,99.09316378066379,340.6659544159544,80.27777777777777,441.05006105006106,474.72222222222223,178.02579365079364,110.23809523809524,95.71428571428572,72.02380952380953,61.607142857142854,103.98809523809524,113.54662698412699,44.166666666666664,0.0,202.0408163265306,87.59920634920636,83.51851851851852,82.63888888888889,33.333333333333336,45.138888888888886,214.9324633699634,25.99206349206349,14.583333333333334,0.0,175.34722222222223,37.00396825396825,19.31818181818182,108.08080808080808,24.166666666666668,4.375,1.3888888888888888,2.380952380952381,0.0,37.33974358974359,75.83333333333334,70.57895807895808,100.0,92.57575757575758,174.8099816849817,206.15079365079364,0.0,0.0,9.027777777777779,0.0,8.928571428571429,7.142857142857142,3.125,25.0,12.083333333333334,0.0,16.26984126984127,112.80303030303031,13.194444444444445,30.555555555555557,659.0216727716728,0.0,61.25,3.125,7.5,3.0303030303030303,102.46212121212122,2.380952380952381,1.5625,1.3523391812865497,37.5,2.380952380952381,2.272727272727273,32.233461213942945,0.0,20.285087719298247,1.3888888888888888,1.3523391812865497,1.3523391812865497,1.3523391812865497,1.3523391812865497,1.3523391812865497,41.66666666666667,11.11111111111111,13.523391812865498,28.750000000000004,10.0,0.0,0.0,0.0,9.375,33.333333333333336,5.833333333333334,237.5,19.123931623931625,9.226190476190476,86.44307081807082,30.56122448979592,276.99404761904765,25.13888888888889,2.7777777777777777,18.10185185185185,86.52777777777779,0.0,6.25,142.77777777777777,0.0,30.0,93.07539682539682,3.3333333333333335,79.28571428571429,14.583333333333334,0.0,37.79431216931217,34.375,73.33333333333334,3.6458333333333335,33.645833333333336,16.904761904761905,20.0,0.0,6.732804232804233,316.15689865689865,26.03174603174603,0.0,0.0,0.0,0.0,24.404761904761905,3.571428571428571,20.833333333333336,130.0,0.0,0.0,50.0,74.30555555555556,0.0,16.666666666666668,29.16666666666667,126.85185185185185,46.11111111111111,0.0,0.0,0.0,0.0,1.3888888888888888,343.81028693528697,41.66666666666667,0.0,0.0,227.43402478528336,80.72615092548648,56.85850619632084,4.484786162527026,12.5,0.0,43.645833333333336,2.380952380952381,9.166666666666668,173.47222222222223,0.0,2.0833333333333335,6.25,0.0,0.0,0.0,114.52380952380952,0.0,0.0,0.0,0.0,20.625,1.923076923076923,21.506410256410255,4.166666666666667,4.166666666666666,0.0,12.5,8.17550505050505,0.0,21.626984126984127,0.0,37.5,4.861111111111111,10.416666666666668,4.861111111111111,2.5,11.11111111111111,0.0,0.0,0.0,9.722222222222221,47.5,0.0,0.0,2.7777777777777777,46.25,0.0,0.0,0.0,8.125,25.0,5.0,0.0,0.0,0.0,0.0,27.809343434343436,0.0,0.0,0.0,2.7777777777777777,30.0,2.7777777777777777,0.0,2.0833333333333335
10358.913762163762,1421.2973831723832,2064.9757094757097,2204.4296213046214,2629.3615874865877,1159.8324725956304,1009.2613636363636,1645.6413840788841,789.5020604395604,426.74873737373736,641.7292429792429,218.72474747474746,1579.5165135790137,672.39417989418,493.4052059052059,1941.1345598845598,515.1980399774518,322.24747474747477,130.63492063492063,769.1844821844821,678.8317700817701,176.875,321.9025974025974,153.54395604395603,291.9940476190476,192.5,330.89285714285717,188.04232804232805,194.56228956228955,973.9620333370333,158.92766955266956,562.4251443001443,37.5,23.75,249.16666666666669,77.30639730639732,150.00457875457874,229.82142857142858,472.4758782883783,116.11111111111111,105.53030303030303,0.0,241.96428571428572,409.9311568061568,185.61507936507937,198.1954156954157,238.21969696969697,16.666666666666664,1.282051282051282,217.66203703703704,269.2361111111111,61.507936507936506,129.67359437947673,466.0488816738817,84.125,22.38095238095238,73.37301587301587,30.555555555555554,9.592074592074592,1564.8966773966774,55.0,0.0,14.285714285714285,20.833333333333336,56.42857142857143,15.151515151515152,26.58730158730159,108.78851540616247,5.355392156862745,1.5151515151515151,8.333333333333332,11.25,6.938431938431938,16.346153846153847,153.7536075036075,158.33333333333334,1.3888888888888888,123.92857142857143,112.08333333333334,0.0,224.9577737077737,62.179487179487175,65.59873949579831,8.333333333333334,25.0,63.22751322751323,17.61904761904762,1.25,9.358974358974358,0.0,98.75,87.36291486291486,40.333333333333336,69.68253968253968,61.458333333333336,14.285714285714285,3.125,0.0,2.0833333333333335,21.861471861471863,0.0,7.916666666666667,0.0,3.6616161616161618,0.0,20.82251082251082,105.47326312032195,0.0,0.0,0.0,0.0,0.0,0.0,0.0,0.0,5.0,0.0,0.0,0.0,0.0,10.0,2.380952380952381,16.666666666666668,73.42803030303031,0.0,6.0606060606060606,19.523809523809526,0.0,17.045454545454547,19.791666666666668,29.86111111111111,10.833333333333334,0.0,177.77777777777777,2.0833333333333335,7.142857142857142,2.7777777777777777,5.0,30.476190476190474,35.0,11.458333333333334,80.55555555555556,3.3333333333333335,20.0,2.0833333333333335,25.0,117.55952380952381,25.0,47.62626262626262,132.9374098124098,79.74386724386724,38.33333333333333,12.5,0.0,54.618506493506494,661.6279553779553,0.0,0.0,0.0,0.0,5.0,16.666666666666668,6.25,22.22222222222222,41.111111111111114,14.814814814814813,15.476190476190476,105.2579365079365,152.08333333333334,0.0,27.380952380952383,10.0,0.0,33.45959595959596,0.0,0.0,0.0,0.0,26.85185185185185,240.0793650793651,0.0,0.0,25.0,0.0,18.205128205128204,0.0,1.0113960113960112,2.272727272727273,16.435185185185187,262.50398724082936,8.333333333333334,36.547619047619044,15.476190476190476,24.166666666666668,8.333333333333334,123.0952380952381,0.0,0.0,8.333333333333334,110.83333333333334,0.0,31.921134421134422,0.0,16.666666666666668,113.37301587301587,0.0,0.0,0.0,0.0,0.0,0.0,0.0,0.0,5.555555555555555,0.0,0.0,31.25,0.0,3.0303030303030303,0.0,13.88888888888889,0.0,0.0,0.0,6.0606060606060606,0.0,17.063492063492063,0.0,0.0,10.0,0.0,0.0,2.0833333333333335,0.0,0.0,0.0,0.0,0.0,1.0416666666666667,0.0,0.0,0.0,0.0,0.0,0.0,25.0,0.0,1.8518518518518516,0.0
15305.630774248726,4335.266261516262,6425.244216878219,3219.768855113918,5413.436970825626,3633.8846210006923,1765.8761214275921,4287.639806096241,1985.8078562815958,850.9718032512151,2914.6928612159704,941.9603174603175,1206.1804610733182,1222.9400807525808,1029.5392768095664,2825.905924797842,2057.4966898181183,1306.7013542013542,1276.685444185444,1097.111111111111,2398.760520156003,1031.4683233433234,524.9852092352093,544.781746031746,1352.2862554112553,346.1149267399267,358.29545454545456,433.71220710506424,734.4235938353586,340.81065759637187,173.6874236874237,3634.201042013542,170.41666666666666,568.1584734709735,324.66931216931215,1207.3890633176347,1335.5501743626744,313.76713564213566,2042.7638687565159,517.2345521541951,300.54896492396495,320.07936507936506,218.97727272727275,869.1009714491857,379.5839923964924,384.8773448773449,563.7346681096681,2929.629329004329,301.23982498982497,139.51839826839827,123.88888888888889,188.21969696969697,286.2388306138306,439.4359668109668,486.60714285714283,42.07013574660633,43.42948717948718,133.4126984126984,504.3121693121693,77.08333333333333,693.4636306675781,137.38095238095238,92.6923076923077,568.5390304140304,107.34126984126983,43.92857142857143,103.07539682539682,69.10353535353536,207.72907647907647,393.65675495139783,5.833333333333334,150.22727272727272,348.52002164502164,48.51190476190476,261.65343915343914,345.29761904761904,110.26785714285714,36.98412698412698,99.14682539682539,227.63888888888889,428.42261904761904,216.11111111111111,186.15066578301872,43.92857142857143,25.0,524.478021978022,184.90079365079364,136.2752525252525,87.5,159.6031746031746,5.833333333333334,4.285714285714286,40.88888888888889,23.958333333333336,131.515873015873,226.64566253851967,28.785714285714285,63.05555555555556,117.6984126984127,16.369047619047617,66.66666666666667,78.32038332038331,0.8255633255633256,6.25,65.27777777777777,23.015873015873016,81.15278616732105,47.20238095238095,12.383449883449883,86.62698412698413,0.8255633255633256,0.8255633255633256,0.8255633255633256,0.8255633255633256,0.8255633255633256,38.35034013605442,7.142857142857142,8.255633255633256,782.343475968476,14.583333333333334,198.57753357753356,9.027777777777779,71.77437641723355,37.5,438.5515873015873,12.083333333333334,0.0,66.26984126984127,72.33543417366947,27.182539682539684,80.87301587301587,20.0,5.0,199.96031746031747,142.28729603729604,115.59305773591487,43.42948717948718,165.95238095238096,50.0,19.444444444444443,42.1875,73.47222222222223,70.0,116.66666666666667,0.0,25.246196298827876,62.34926787252368,65.4491341991342,6.105006105006105,61.99074074074074,146.21212121212122,0.0,42.5,32.91666666666667,115.28820716320716,29.16666666666667,12.720057720057719,3.571428571428571,5.654761904761905,11.30952380952381,446.836587024087,25.0,42.67676767676768,3.409090909090909,91.66666666666667,102.77777777777777,3.3333333333333335,7.142857142857142,14.583333333333334,16.666666666666668,0.0,2.0833333333333335,14.415584415584416,241.92765567765568,9.583333333333334,12.380952380952381,60.476190476190474,3.571428571428571,43.551587301587304,14.880952380952381,5.555555555555555,57.11363636363637,0.0,0.0,57.931893687707635,0.0,3.2184385382059797,10.795454545454547,11.851851851851851,0.0,0.0,7.777777777777778,21.428571428571427,5.0,30.0,45.833333333333336,16.666666666666668,0.0,3.3333333333333335,0.0,1.8518518518518516,14.583333333333334,2.0833333333333335,0.0,0.0,7.142857142857142,40.625,12.5,60.41666666666667,0.0,0.0,0.0,13.333333333333334,0.0,25.0,15.0,161.25,6.25,4.545454545454546,11.11111111111111,0.0,50.0,4.166666666666667,186.66666666666666,9.090909090909092,111.08730158730158,2.0833333333333335,0.0,0.0,63.437542849307555,2.380952380952381,0.0,0.0,0.0,13.88888888888889,12.5,24.945887445887447,0.0,0.0,5.729166666666667,0.0,30.833333333333336,10.0,0.0,2.7777777777777777,0.0,2.7777777777777777,0.0,27.083333333333332
1403.8247863247864,944.375,379.484126984127,485.69444444444446,1383.204365079365,247.06349206349208,842.75,189.36507936507937,441.26984126984127,172.17261904761904,281.9246031746032,284.375,0.0,215.41666666666666,293.8888888888889,210.82341269841268,608.0952380952381,51.58730158730159,178.76984126984127,177.97619047619048,66.48809523809524,111.52777777777779,197.1825396825397,564.2261904761905,29.16666666666667,74.16666666666667,43.75,35.0,87.5,18.75,28.846153846153847,295.625,233.75,6.666666666666667,12.5,121.42857142857143,0.0,64.68253968253968,10.0,441.7063492063492,45.0,525.6944444444445,345.83333333333337,385.6746031746032,158.2936507936508,24.166666666666668,0.0,53.125,97.38095238095238,0.0,4.166666666666667,0.0,0.0,0.0,0.0,0.0,22.916666666666664,17.708333333333332,27.083333333333336,0.0,26.19047619047619,5.0,14.285714285714285,72.91666666666667,0.0,0.0,28.57142857142857,3.3333333333333335,3.571428571428571,0.0,8.333333333333334,18.333333333333336,8.333333333333334,24.305555555555557,31.25,57.27272727272727,12.5,0.0,54.76190476190476,0.0,183.75,0.0,0.0,0.0,0.0,25.0,185.83333333333334,0.0,14.166666666666668,62.5,100.0,7.25,33.333333333333336,90.65476190476191,5.0,6.25,0.0,42.5,0.0,0.0,10.0,0.0,0.0,31.25,22.5,0.0,0.0,0.0,0.0,0.0,0.0,0.0,0.0,0.0,0.0,0.0,3.125,0.0,0.0,0.0,3.0769230769230766,38.57142857142857,0.0,20.833333333333336,0.0,4.166666666666667,0.0,17.435897435897438,0.0,0.0,0.0,50.0,0.0,0.0,16.666666666666668,0.0,16.666666666666668,0.0,0.0,0.0,0.0,1.5384615384615383,0.0,29.166666666666668,0.0,0.0,0.0,0.0,0.0,0.0,0.0,0.0,0.0,75.0,0.0,0.0,13.636363636363637,0.0,0.0,0.0,0.0,0.0,0.0,0.0,0.0,0.0,2.5,0.0,0.0,0.0,0.0,18.75,41.66666666666667,0.0,0.0,0.0,12.5,0.0,0.0,0.0,5.0,0.0,0.0,103.10606060606061,0.0,25.776515151515152,0.0,0.0,0.0,0.0,0.0,0.0,0.0,0.0,25.0,0.0,0.0,0.0,0.0,12.698412698412698,0.0,0.0,0.0,6.25,0.0,78.35317460317461,0.0,0.0,0.0,0.0,0.0,0.0,0.0,0.0,0.0,0.0,0.0,0.0,0.0,0.0,0.0,0.0,0.0,0.0,0.0,35.416666666666664,0.0,20.416666666666668,0.0,0.0,8.333333333333334,0.0,0.0,0.0,4.166666666666667,0.0,0.0,0.0,0.0,0.0,0.0,0.0,0.0,0.0,0.0,0.0,0.0,0.0,0.0
2112.0238095238096,573.9781746031746,385.625,232.5,487.5,506.4583333333333,538.75,348.6458333333333,338.9583333333333,35.00000000000001,259.72222222222223,203.33333333333334,70.0,87.5,205.27777777777777,138.47222222222223,157.98611111111111,39.583333333333336,123.33333333333333,78.92857142857143,217.5,85.41666666666667,12.5,125.0,6.666666666666667,7.8125,125.34722222222223,53.645833333333336,34.791666666666664,47.91666666666667,14.0625,81.25,387.5,25.0,14.583333333333334,70.0,13.214285714285714,94.16666666666667,25.0,37.5,12.5,455.23809523809524,186.25,116.25,10.416666666666668,4.166666666666667,25.0,95.83333333333334,12.5,0.0,17.5,2.5,95.83333333333334,33.333333333333336,8.333333333333334,95.83333333333333,107.29166666666667,0.0,6.25,138.33333333333334,0.0,0.0,140.0,25.0,5.0,25.208333333333332,31.666666666666668,102.08333333333334,25.0,0.0,12.5,0.0,0.0,4.166666666666667,0.0,3.125,219.79166666666666,0.0,0.0,2.5,0.0,0.0,0.0,25.208333333333332,0.0,34.44444444444444,0.0,25.0,10.0,218.75,0.0,0.0,0.0,0.0,5.0,2.5,8.333333333333332,0.0,16.666666666666668,41.66666666666667,44.79166666666667,12.5,0.8064516129032259,0.0,0.0,3.3333333333333335,0.0,0.0,12.096774193548388,66.66666666666667,0.8064516129032259,0.8064516129032259,0.8064516129032259,0.8064516129032259,0.8064516129032259,0.0,25.0,8.064516129032258,0.0,129.16666666666666,0.0,8.333333333333334,0.0,0.0,5.555555555555555,63.75,0.0,0.0,0.0,150.0,0.0,0.0,0.0,0.0,0.0,4.166666666666667,0.0,0.0,0.0,0.0,0.0,0.0,0.0,93.33333333333334,0.0,7.8125,0.0,0.0,4.166666666666667,6.25,0.0,0.0,0.0,0.0,0.0,0.0,0.0,0.0,0.0,0.0,0.0,0.0,0.0,0.0,0.0,0.0,0.0,0.0,0.0,0.0,0.0,3.125,4.166666666666667,0.0,0.0,0.0,0.0,50.0,0.0,0.0,12.5,1.5625,0.0,61.25,0.0,15.3125,0.0,0.0,0.0,0.0,8.333333333333334,0.0,0.0,0.0,0.0,3.75,0.0,0.0,9.722222222222221,50.0,8.333333333333334,0.0,12.5,0.0,0.0,3.125,0.0,16.666666666666668,1.5625,0.0,183.33333333333334,0.0,0.0,0.0,8.333333333333334,0.0,0.0,2.0833333333333335,0.0,0.0,25.0,0.0,0.0,0.0,0.0,0.0,0.0,0.0,0.0,0.0,0.0,4.166666666666667,0.0,0.0,0.0,0.0,0.0,0.0,0.0,0.0,0.0,0.0,0.0,0.0,0.0,3.125,0.0,0.0,0.0
3154.952380952381,1127.361111111111,609.8888888888889,465.83333333333337,704.1666666666666,1815.0,668.75,238.47222222222223,266.3095238095238,914.5238095238095,1201.25,177.14285714285714,113.33333333333334,219.16666666666669,182.08333333333334,1408.2142857142858,154.16666666666666,82.5,413.33333333333337,92.5,170.41666666666669,158.33333333333334,0.0,7.142857142857142,42.91666666666667,0.0,166.66666666666666,35.41666666666667,85.0,46.66666666666667,16.666666666666668,30.833333333333336,765.4761904761905,8.75,16.666666666666668,0.0,46.66666666666667,118.33333333333333,18.75,135.0,158.33333333333334,441.11111111111114,518.2738095238095,273.3333333333333,50.0,5.0,10.0,22.5,0.0,8.333333333333334,10.0,54.76190476190476,0.0,0.0,5.0,133.33333333333334,16.666666666666668,0.0,0.0,252.34848484848484,53.333333333333336,0.0,133.33333333333334,0.0,0.0,16.666666666666668,12.5,25.0,0.0,0.0,37.5,0.0,68.75,16.666666666666668,30.0,0.0,75.0,0.0,687.5,0.0,25.0,16.666666666666668,0.0,16.666666666666668,0.0,0.0,0.0,12.5,16.666666666666668,16.666666666666668,0.0,0.0,0.0,116.66666666666666,50.0,50.0,105.0,25.0,0.0,15.833333333333334,0.0,0.0,1.5151515151515151,116.66666666666667,0.0,0.0,0.0,5.0,22.727272727272727,32.5,1.5151515151515151,1.5151515151515151,1.5151515151515151,1.5151515151515151,1.5151515151515151,0.0,0.0,15.151515151515152,0.0,5.0,0.0,0.0,46.66666666666667,0.0,0.0,25.0,0.0,0.0,0.0,135.0,0.0,140.83333333333334,2.5,0.0,0.0,0.0,0.0,0.0,0.0,0.0,0.0,0.0,0.0,212.5,0.0,0.0,12.5,0.0,0.0,0.0,0.0,0.0,0.0,0.0,0.0,8.333333333333334,0.0,0.0,14.285714285714285,28.57142857142857,0.0,0.0,3.3333333333333335,0.0,50.0,2.5,0.0,0.0,10.0,0.0,0.0,0.0,12.5,0.0,0.0,0.0,30.0,0.0,0.0,0.0,12.5,37.5,0.0,40.0,0.0,10.0,0.0,0.0,0.0,0.0,95.83333333333334,0.0,0.0,0.0,28.57142857142857,0.0,0.0,0.0,12.5,0.0,5.0,0.0,0.0,25.0,0.0,0.0,0.0,0.0,0.0,0.0,150.0,0.0,0.0,0.0,25.0,0.0,0.0,0.0,0.0,0.0,0.0,0.0,0.0,25.0,0.0,0.0,0.0,0.0,0.0,0.0,0.0,0.0,0.0,0.0,0.0,0.0,0.0,25.0,0.0,0.0,0.0,12.5,0.0,0.0,0.0,0.0,0.0,0.0,0.0
12096.287797226181,1748.371742733568,4141.123619474718,3644.7503266276963,3339.720565630732,392.5151006401006,989.7539682539683,1187.5162789707535,624.5278425559222,304.59213988625754,288.86393047383757,552.8147860593513,2501.5446351320966,689.4430474209886,626.4766714408743,309.51930014430013,737.062625927564,1094.100135975136,146.06060606060606,356.07066544566544,203.6706349206349,472.00502044252045,165.43019480519482,700.4696756855864,503.11006022962545,160.24947478991598,713.6724554255514,33.47222222222222,33.22150072150072,136.82720057720059,361.1194855196403,150.69444444444446,206.25,133.8235294117647,105.16414141414141,39.1025641025641,1.1111111111111112,50.0,1286.9569071354306,93.71252204585538,123.13552188552188,35.56547619047619,262.0068330362448,3.1818181818181817,93.46491228070175,44.00297619047619,87.6010101010101,3.5984848484848486,1.6666666666666667,0.0,149.72222222222223,214.14862914862914,15.18515037593985,21.016483516483518,13.88888888888889,92.65873015873017,87.88819875776397,123.27080327080327,22.966269841269842,99.44444444444444,66.66666666666667,79.6078431372549,7.142857142857142,48.01587301587301,19.607843137254903,18.75,1.5151515151515151,101.31331168831169,0.0,0.0,6.25,0.0,7.142857142857142,0.0,48.9484126984127,12.5,45.29761904761905,1481.3740399034516,91.66666666666667,0.0,16.70751633986928,12.5,12.5,6.25,86.30952380952381,4.523809523809524,3.5984848484848486,0.0,1.6666666666666667,0.0,0.0,0.0,12.777777777777779,12.5,3.125,0.0,3.3333333333333335,2.736344537815126,5.555555555555555,10.476190476190476,0.0,0.0,1.4705882352941175,6.186868686868687,8.333333333333334,229.62121212121212,11.607142857142858,0.0,22.058823529411764,0.0,1.4705882352941175,1.4705882352941175,1.4705882352941175,1.4705882352941175,1.4705882352941175,0.0,3.125,14.705882352941176,6.666666666666667,45.238095238095234,6.0207336523126,0.0,2.380952380952381,14.166666666666666,50.0,0.0,236.59111721611723,6.666666666666667,15.0,119.6078431372549,23.333333333333336,0.0,0.0,136.97916666666666,5.555555555555555,5.0,5.0,18.452380952380953,33.333333333333336,0.0,10.555555555555555,9.166666666666668,1.5151515151515151,0.0,15.833333333333334,37.5,667.3520923520923,13.88888888888889,0.0,59.09722222222223,0.0,134.32088744588745,0.0,0.0,0.0,0.0,0.0,0.0,3.125,6.25,0.0,136.7358193277311,3.3333333333333335,430.9739475500345,10.0,0.0,0.0,8.333333333333334,4.166666666666667,0.0,32.44047619047619,5.555555555555555,0.0,0.0,0.0,9.166666666666668,0.0,0.0,3.3333333333333335,437.0515873015873,0.0,56.38888888888889,46.16013071895425,16.00877192982456,20.089285714285715,4.00219298245614,1.1160714285714286,0.0,0.0,1.3888888888888888,0.0,0.0,0.0,10.0,0.0,0.0,13.420868347338935,0.0,0.0,0.0,0.0,12.5,0.0,0.0,0.0,0.0,519.1945035751461,0.0,0.0,0.0,0.0,0.0,1.6666666666666667,0.0,0.0,93.8375350140056,0.0,0.0,0.0,0.0,0.0,0.0,0.0,0.0,0.0,0.0,0.0,0.0,0.0,66.66666666666666,0.0,8.333333333333334,0.0,0.0,0.0,6.388888888888889,0.0,0.0,68.75,0.0,0.0,0.0,0.0,0.0,0.0,0.0,0.0,0.0,0.0
24702.761337576383,4017.8556132119497,2233.8945628030315,4777.6596666862015,3944.1427388975158,772.3319689843012,877.4961290564838,784.8049316887278,1290.1261233716682,2305.0893163581704,888.2328615900088,1970.0029344099062,3847.4982754789794,1755.692626139441,1310.8699973833147,972.5015262515262,853.6385595081248,691.5316627816628,316.31296813914946,298.06480197256894,122.91666666666667,481.1580975658646,211.38121186986123,194.8582364237704,147.91666666666666,1191.4212394791555,547.880062481615,414.4105222734255,522.2222222222222,19.166666666666668,181.06847425494968,455.71733821733824,285.0595238095238,63.12790812790813,139.9689395017065,39.6078431372549,66.90476190476191,416.4975740633635,699.7653041403041,179.18560043560043,81.62878787878788,81.63951545530493,1018.3174019749952,3.125,773.3380422201215,138.33333333333334,108.53174603174602,54.464285714285715,61.21031746031746,68.29057380527969,425.9623015873016,124.88742466683644,122.42424242424244,28.57142857142857,10.555555555555555,10.0,0.0,16.666666666666668,127.97619047619048,570.2868017864805,1.0736721873215305,131.85185185185185,97.40259740259741,72.74033885398819,46.111111111111114,92.72401433691756,0.0,210.35295917839022,263.3333333333333,11.867224367224367,40.93468468468468,27.77777777777778,4.545454545454546,0.0,31.46825396825397,49.76190476190476,13.839285714285714,3546.0490388910953,0.0,42.361111111111114,50.0,121.30952380952382,0.0,77.26190476190476,89.18505674653215,0.0,0.0,3.571428571428571,7.142857142857142,0.0,74.16666666666667,9.090909090909092,147.23224673236632,30.27777777777778,14.285714285714285,0.0,0.0,2.7777777777777777,0.0,54.07042129771998,0.0,0.0,8.46306607932453,140.82295068660002,303.30992808933985,13.75,150.0,0.0,131.11265785653464,0.0,8.46306607932453,8.46306607932453,8.46306607932453,8.46306607932453,8.46306607932453,0.0,0.0,84.63066079324531,172.47183819764464,12.492997198879552,0.0,0.0,307.46031746031747,0.0,0.0,21.875,1106.7689631741175,0.0,4.545454545454546,18.75,72.91666666666667,0.0,29.166666666666668,64.4017094017094,52.1668956043956,210.0,0.0,0.0,50.0,0.0,73.33333333333334,19.583333333333332,16.666666666666668,0.0,8.333333333333334,49.6031746031746,168.32936275183562,29.583333333333332,4.995579133510168,10.0,7.142857142857142,6.25,125.0,50.0,0.0,0.0,37.5,16.666666666666668,0.0,0.0,0.0,28.782201405152225,0.0,497.5870044987692,0.0,4.166666666666667,0.0,26.35135135135135,94.05686546463245,0.0,1720.3870099525498,85.68181818181819,0.0,0.0,0.0,0.0,0.0,3.571428571428571,0.0,35.36967418546366,0.0,22.5,613.5077082006443,0.0,30.0,0.0,1.6666666666666667,0.0,0.0,40.0,19.791666666666668,0.0,3.125,31.58730158730159,0.0,20.0,95.38008793826899,1.282051282051282,0.0,29.942279942279942,0.0,12.142857142857142,53.12500000000001,0.0,0.0,0.0,54.583333333333336,0.0,0.0,0.0,0.0,0.0,0.0,0.0,10.714285714285714,122.98842313073813,0.0,75.0,0.0,2347.820921050943,45.0,0.5882352941176471,71.35135135135135,0.0,0.0,0.0,39.285714285714285,0.0,0.0,0.0,5.0,0.0,0.0,16.196236559139788,0.0,32.142857142857146,0.0,0.0,7.179487179487179,0.0,57.40851381628081,0.0,0.0,71.34615384615384,0.0,10.0,0.0,50.0,0.0
0.0,25.0,0.0,0.0,0.0,12.5,0.0,0.0,0.0,0.0,0.0,0.0,0.0,0.0,0.0,0.0,0.0,0.0,0.0,0.0,0.0,0.0,0.0,0.0,0.0,0.0,0.0,0.0,0.0,0.0,0.0,0.0,0.0,0.0,0.0,0.0,0.0,0.0,0.0,0.0,0.0,12.5,0.0,0.0,0.0,0.0,0.0,0.0,0.0,0.0,0.0,0.0,0.0,0.0,0.0,0.0,0.0,0.0,0.0,0.0,0.0,0.0,0.0,0.0,0.0,0.0,0.0,0.0,0.0,0.0,0.0,0.0,0.0,0.0,0.0,0.0,0.0,0.0,0.0,0.0,0.0,0.0,0.0,0.0,0.0,0.0,0.0,0.0,0.0,0.0,0.0,0.0,0.0,0.0,0.0,0.0,0.0,0.0,0.0,0.0,0.0,0.0,0.0,0.0,0.0,0.0,0.0,0.0,0.0,0.0,0.0,0.0,0.0,0.0,0.0,0.0,0.0,0.0,0.0,0.0,0.0,0.0,0.0,0.0,0.0,0.0,0.0,0.0,0.0,0.0,0.0,0.0,0.0,0.0,0.0,0.0,0.0,0.0,0.0,0.0,0.0,0.0,0.0,0.0,0.0,0.0,0.0,0.0,0.0,0.0,0.0,0.0,0.0,0.0,0.0,0.0,0.0,0.0,0.0,0.0,0.0,0.0,0.0,0.0,0.0,0.0,0.0,0.0,0.0,0.0,0.0,0.0,0.0,0.0,0.0,0.0,0.0,0.0,0.0,0.0,0.0,0.0,0.0,0.0,0.0,0.0,0.0,0.0,0.0,0.0,0.0,0.0,0.0,0.0,0.0,0.0,0.0,0.0,0.0,0.0,0.0,0.0,0.0,0.0,0.0,0.0,0.0,0.0,0.0,0.0,0.0,0.0,0.0,0.0,0.0,0.0,0.0,0.0,0.0,0.0,0.0,0.0,0.0,0.0,0.0,0.0,0.0,0.0,0.0,0.0,0.0,0.0,0.0,0.0,0.0,0.0,0.0,0.0,0.0,0.0,0.0,0.0,0.0,0.0,0.0,0.0,0.0,0.0,0.0
19295.187073714213,3865.2651515151515,6112.366493800318,3625.6651341577813,6172.375756338604,1901.5079365079366,1440.9940790203948,1512.009842009842,1845.6949264186107,1049.9631373528432,1253.1507612757614,975.6215516509634,2426.3358006372714,811.9088999236059,809.7136278753926,3806.489107297931,2164.984272263684,2599.8631923631924,939.6796749002632,1011.3782051282051,1103.4920634920636,439.70238095238096,343.5813492063492,2539.705456222484,813.6715367965368,263.79273504273505,274.4859307359307,781.6407203907204,609.6248196248197,1362.0039682539682,499.5436507936508,803.5497835497836,532.936507936508,136.01575818327737,207.00757575757575,84.36507936507937,201.21212121212122,30.0,2606.5721465353818,547.8664391164391,340.82830546646335,47.91666666666667,604.3090346186322,743.4165834165834,4.166666666666667,479.8412698412698,344.7883597883598,600.4166666666666,102.49474789915966,64.05372405372405,97.85714285714286,118.97727272727273,270.2350427350427,88.33333333333334,102.5,81.09288587229764,0.0,144.16666666666669,61.435043714455475,109.7275641025641,228.33333333333334,36.666666666666664,218.67286308462778,126.09126984126985,0.0,20.833333333333336,54.16666666666667,14.957264957264957,5.0,0.0,82.14285714285714,278.76856803327394,20.13888888888889,93.75,148.87820512820514,101.85185185185185,0.0,400.6517094017094,50.0,50.101010101010104,180.05050505050505,58.333333333333336,51.53846153846153,20.833333333333336,47.976190476190474,266.54761904761904,47.91666666666667,27.5,5.505952380952381,12.5,57.73809523809524,119.0909090909091,53.80952380952381,99.64285714285714,0.0,0.0,150.0,0.0,155.55833055833057,20.0,16.666666666666668,118.01587301587301,1.1111111111111112,8.333333333333334,4.166666666666667,5.555555555555555,0.0,55.892857142857146,16.666666666666668,16.666666666666668,1.1111111111111112,1.1111111111111112,1.1111111111111112,1.1111111111111112,1.1111111111111112,60.582264957264954,29.910714285714285,11.11111111111111,422.7449633699634,31.25,25.0,35.0,0.0,50.0,231.8181818181818,3.846153846153846,85.05952380952381,75.24801587301587,21.52777777777778,150.0,63.63636363636364,540.1406926406927,24.386724386724385,66.66666666666667,9.090909090909092,276.25,5.555555555555555,50.0,10.0,44.84126984126984,57.46082621082621,12.5,50.0,25.0,0.0,46.29629629629629,21.180555555555557,106.25,37.17948717948718,38.54166666666667,42.23901098901099,16.666666666666668,100.0,17.142857142857142,87.5,0.0,25.0,0.0,5.2631578947368425,10.526315789473685,4.166666666666667,400.6746031746032,0.0,257.9120879120879,0.0,7.142857142857142,59.774436090225564,167.17948717948718,32.083333333333336,23.88888888888889,22.596153846153847,11.904761904761905,9.545454545454547,50.0,0.0,12.142857142857142,50.0,0.0,0.0,60.79059829059829,0.0,0.0,0.0,0.0,0.0,0.0,0.0,0.0,0.0,150.0,0.0,10.0,105.26315789473685,55.0,0.0,5.88235294117647,4.166666666666667,0.0,0.0,0.0,21.364746364746363,0.0,16.805555555555557,14.166666666666668,8.333333333333334,10.0,339.95503464543714,0.0,0.0,5.0,0.0,0.0,12.878787878787879,0.0,0.0,12.5,9.774436090225564,69.09722222222223,0.0,18.253968253968253,0.0,0.0,0.0,0.0,0.0,0.0,0.0,2.941176470588235,0.0,0.0,0.0,13.333333333333334,0.0,20.588235294117645,0.0,0.0,0.0,0.0,3.125,0.0,3.3333333333333335,0.0,40.151515151515156,4.761904761904762,0.0,5.555555555555555,0.0,0.0,0.0
12089.590465717383,2267.760926573427,3715.627886002886,3672.8404543441306,4404.968940373352,1557.4933906673036,503.93743172032646,793.6522801816919,787.4728743478744,510.43831168831167,669.413103465735,470.6718975468975,2873.7495487383926,822.8537296037297,290.6102279363149,353.3345265845266,535.0582750582751,557.1722370766488,216.40417452917453,526.8315295815296,707.7033984533984,207.46498599439778,294.30210720651894,124.61507936507937,456.0070485070485,134.20864661654136,123.12337662337663,112.09656084656085,180.3456510809452,322.89351851851853,22.094988344988344,1746.3758953464835,87.5,84.93055555555556,101.46367521367522,373.3387445887446,182.01923076923077,21.52777777777778,2323.501885289222,171.33116883116884,89.16666666666667,0.0,97.20328282828284,68.47222222222223,14.973544973544973,128.5491822991823,192.5952380952381,559.1269841269841,0.0,108.37626262626263,72.50198412698413,120.83333333333334,187.09804084804085,138.80555555555554,52.97619047619048,77.91666666666667,8.333333333333334,10.256410256410257,0.0,67.9978354978355,93.65800865800865,26.666666666666668,57.14285714285714,27.083333333333332,0.0,48.11594202898551,3.571428571428571,58.409090909090914,55.60994560994561,100.51545676545676,22.0,50.0,104.51388888888889,7.765151515151516,218.78638028638028,8.93939393939394,25.0,495.3044805211988,0.0,0.0,255.57720057720059,70.55555555555556,239.71153846153845,48.11594202898551,89.44444444444444,1.6666666666666667,0.0,39.16666666666667,5.416666666666667,14.166666666666668,95.08852258852258,6.242424242424242,10.0,0.0,6.25,2.0,0.0,6.340579710144928,8.333333333333334,0.0,9.375,0.0,0.0,0.0,0.0,302.7651515151515,9.759102965999517,12.5,0.0,1.3888888888888888,0.0,0.0,0.0,0.0,0.0,0.0,7.142857142857142,0.0,1.6666666666666667,51.515151515151516,8.712121212121213,3.125,6.964285714285714,0.0,33.333333333333336,8.333333333333334,64.58333333333334,0.0,16.666666666666668,0.0,22.5,0.0,0.0,33.333333333333336,7.142857142857143,28.333333333333336,0.0,201.7147435897436,100.0,0.0,140.83333333333334,30.68181818181818,0.0,0.0,2.7777777777777777,20.833333333333336,30.723443223443223,0.0,8.333333333333334,27.336936690384967,2.625,11.11111111111111,12.142857142857142,0.0,49.62937062937063,81.25,22.533670033670035,16.25,5.125,10.25,14.590548340548342,46.19047619047619,4.821428571428571,59.16125541125541,12.5,1.4285714285714286,29.545454545454547,11.0,13.131854256854258,4.166666666666667,0.0,25.53030303030303,0.0,25.757575757575758,6.277777777777779,0.0,54.166666666666664,6.25,4.558913308913309,200.15873015873015,50.0,0.0,6.227106227106226,0.0,15.517241379310345,0.0,0.8620689655172414,12.878787878787879,0.0,75.32188644688645,0.9090909090909091,5.555555555555555,0.0,3.125,0.0,22.310224089635852,1.25,0.0,0.0,0.0,42.857142857142854,0.0,0.0,0.0,1.25,33.333333333333336,45.163170163170165,0.0,0.0,0.0,0.0,16.666666666666668,0.0,0.0,105.42307692307693,0.0,0.0,20.0,0.0,33.333333333333336,0.0,2.5,7.361111111111111,0.0,0.0,0.0,2.0833333333333335,0.0,0.0,2.380952380952381,0.0,0.0,0.0,7.0,5.5040792540792545,0.0,0.0,0.0,2.941176470588235,0.0,5.718954248366012,2.5,0.0,0.0,0.0,0.0,0.0,0.0,0.0
7105.9746965996965,3638.8949818297647,864.5785233285234,1460.7697395197395,1186.5881340881342,1094.2957551707552,394.3995098039216,900.2083333333334,322.3051948051948,606.1309523809524,1207.986111111111,318.95141895141893,3304.8019110519112,460.6861888111888,106.25,184.95370370370372,557.8787878787879,590.5555555555555,100.79545454545455,85.24891774891775,930.6135531135532,377.6542207792208,45.91390091390092,107.47354497354497,798.8716838716839,27.327672327672328,564.8591686091686,37.91666666666667,15.735294117647058,352.3015873015873,81.18055555555556,45.0,150.0,0.0,310.17857142857144,12.878787878787879,46.25,39.633699633699635,418.7608225108225,87.9563492063492,55.0,0.0,47.159090909090914,26.666666666666668,5.0,61.80555555555556,66.36904761904762,32.77777777777778,7.142857142857142,31.082251082251084,38.88888888888889,99.12698412698413,15.340909090909092,379.29410866910865,248.54166666666669,46.03174603174603,0.0,0.0,1.923076923076923,22.500000000000004,3.571428571428571,0.0,62.22222222222222,0.0,0.0,333.2125632122772,0.0,6.4393939393939394,0.0,13.020833333333334,58.33333333333333,0.0,1.25,0.0,52.65597147950089,0.0,0.0,255.48611111111111,0.0,0.0,0.0,0.0,0.0,333.2125632122772,76.13636363636364,0.0,7.142857142857142,0.0,5.555555555555555,66.45833333333333,857.5052470677471,0.0,0.0,0.0,0.0,0.0,0.0,0.0,0.0,0.0,6.666666666666667,0.0,0.0,32.5,0.0,3.3333333333333335,7.5,0.0,0.0,0.0,0.0,0.0,0.0,0.0,0.0,9.722222222222223,0.0,0.0,0.0,0.0,0.0,0.0,0.0,10.833333333333334,0.0,0.0,69.72222222222223,0.0,6.25,0.0,128.03571428571428,0.0,0.0,0.0,0.0,0.0,8.333333333333334,8.333333333333334,0.0,7.142857142857142,0.0,25.0,0.0,0.0,89.02930402930403,0.0,17.77777777777778,0.0,0.0,65.48611111111111,4.166666666666667,5.0,51.63690476190476,0.0,36.034982174688054,0.0,132.5951825951826,0.0,0.0,0.0,4.166666666666667,8.333333333333334,0.0,0.0,0.0,0.0,0.0,2.0833333333333335,0.0,0.0,0.0,0.0,0.0,0.0,11.666666666666668,0.0,0.0,11.11111111111111,0.0,50.0,0.0,2.6315789473684212,0.0,11.11111111111111,0.0,2.7777777777777777,0.0,0.0,0.0,5.555555555555555,0.0,0.0,0.0,0.0,0.0,0.0,16.666666666666668,0.0,0.0,0.0,0.0,0.0,0.0,0.0,0.0,0.0,0.0,0.0,8.333333333333334,0.0,0.0,0.0,0.0,0.0,0.0,0.0,0.0,0.0,0.0,3.571428571428571,56.66666666666667,0.0,0.0,0.0,0.0,0.0,0.0,0.0,0.0,0.0,0.0,0.0,0.0,0.0,0.0,0.0,0.0,0.0,0.0,0.0,0.0,0.0,0.0,3.571428571428571,0.0,0.0,0.0,0.0,7.142857142857142
3225.750672938173,1321.388888888889,540.3751803751804,524.6279761904763,1199.6180555555557,1390.0744047619048,321.93948412698415,710.1483585858585,281.54761904761904,450.3997747747748,366.49305555555554,320.43650793650795,496.2450396825397,83.24404761904762,122.27678571428572,2720.726287601288,470.2994227994228,909.375,204.375,287.9800061050061,120.95238095238095,81.14583333333334,113.39285714285714,163.88888888888889,354.81150793650795,347.13789682539687,25.0,129.70023032523034,100.83333333333334,324.8313492063492,203.26433982683983,90.625,232.91666666666669,66.49305555555556,91.07142857142857,75.83333333333334,52.44791666666667,181.13095238095238,0.0,7.142857142857142,91.89236111111111,13.49206349206349,106.25,304.40115440115443,0.0,219.5734126984127,215.08928571428572,28.125,185.76884920634922,16.458333333333332,25.586219336219337,0.0,10.170454545454547,8.482142857142858,0.0,57.63888888888889,12.5,20.3125,0.0,47.02380952380952,23.80952380952381,9.523809523809524,50.0,397.43055555555554,0.0,0.0,13.333333333333334,0.0,12.5,2.7777777777777777,0.0,0.0,124.33080808080808,48.75,0.0,50.0,0.0,2.0833333333333335,360.91269841269843,9.375,218.57142857142858,1.7857142857142856,1.25,0.0,87.5,20.0,25.555555555555557,13.392857142857142,0.0,1.4285714285714286,51.93452380952381,0.0,9.722222222222221,472.14285714285717,0.0,12.797619047619047,169.72222222222223,16.25,0.0,0.0,0.0,52.5,1.3513513513513513,0.0,0.0,0.0,0.9090909090909091,2.7777777777777777,20.27027027027027,50.0,1.3513513513513513,1.3513513513513513,1.3513513513513513,1.3513513513513513,1.3513513513513513,19.94047619047619,0.0,13.513513513513512,64.96527777777777,10.11904761904762,0.0,18.29455266955267,14.285714285714285,6.944444444444445,6.458333333333334,12.5,0.0,156.45833333333334,0.0,0.0,9.375,281.94444444444446,27.083333333333336,4.166666666666667,0.0,64.75694444444444,0.0,0.0,45.833333333333336,0.0,0.0,0.0,0.0,35.714285714285715,0.0,4.4642857142857135,0.0,87.5,0.0,4.545454545454546,0.0,0.0,0.0,7.083333333333334,0.0,6.25,10.0,0.0,0.0,0.0,1.5625,0.0,2.7777777777777777,0.0,67.11805555555556,0.0,0.0,3.3333333333333335,4.761904761904762,0.0,0.0,0.0,22.77777777777778,12.63888888888889,1.7857142857142856,3.125,0.0,0.0,0.0,33.333333333333336,0.0,0.0,0.0,42.22222222222222,8.181818181818182,10.555555555555555,0.45454545454545453,0.0,14.583333333333334,0.0,0.0,0.0,16.666666666666668,6.25,0.0,0.0,0.0,0.0,60.41666666666667,0.0,4.166666666666667,4.545454545454546,0.0,8.333333333333334,0.0,0.0,0.0,0.0,0.0,4.166666666666667,0.0,0.0,16.666666666666668,4.166666666666667,0.0,0.0,0.0,0.0,0.0,0.0,0.0,0.0,0.0,28.333333333333336,0.0,0.0,0.0,0.0,8.333333333333334,0.0,0.0,0.0,0.0,75.0,0.0,0.0,0.0,0.0,0.0,3.125,0.0,0.0,0.0,0.0,0.0,0.0,0.0,0.0,0.0
1311.5376984126983,139.78174603174602,949.7470238095239,281.9642857142857,1389.753787878788,180.05952380952382,149.41919191919192,638.2852564102565,335.9424603174603,197.35119047619048,182.54180839002268,36.66666666666667,189.66269841269843,100.0,238.57142857142858,209.84126984126985,346.1729242979243,152.61904761904762,170.9659090909091,58.333333333333336,216.66666666666666,86.39880952380952,52.38095238095238,217.26190476190476,5.782312925170068,19.82142857142857,51.02040816326531,45.535714285714285,0.0,177.08333333333334,10.714285714285714,493.8888888888889,203.80952380952382,39.78174603174603,37.5,63.273809523809526,84.48412698412699,32.5,8.22704081632653,25.0,28.57142857142857,109.84126984126985,32.14285714285714,367.1810134310134,46.07142857142857,91.17063492063492,77.38095238095238,16.666666666666668,369.8457792207792,61.994949494949495,0.0,25.0,111.69372294372295,27.040816326530614,0.0,0.0,6.25,31.07142857142857,12.5,0.0,17.5,47.22222222222222,11.11111111111111,37.5,0.0,12.5,18.333333333333336,0.0,72.91666666666667,0.0,0.0,5.0,9.791666666666668,18.57142857142857,0.0,29.166666666666668,0.0,0.0,87.14285714285714,3.125,44.62797619047619,0.0,14.0625,12.5,0.0,0.0,7.5,17.172619047619047,41.07142857142857,0.0,0.0,0.0,0.0,45.41666666666667,8.333333333333334,15.0,41.66666666666667,3.125,15.384615384615383,0.0,0.0,0.0,0.0,0.0,0.0,20.625,0.0,3.571428571428571,0.0,6.25,0.0,0.0,0.0,0.0,0.0,0.0,0.0,0.0,56.25,0.0,0.0,0.0,5.0,0.0,6.25,3.571428571428571,0.0,0.0,7.5,0.0,23.06122448979592,55.0,0.0,0.0,0.0,0.0,5.0,0.0,0.0,0.0,0.0,0.0,0.0,10.0,0.0,33.482142857142854,0.0,0.0,0.0,0.0,14.285714285714285,0.0,0.0,0.0,0.0,0.0,25.0,0.0,0.0,0.0,25.0,0.0,0.0,0.0,3.571428571428571,0.0,12.5,0.0,0.0,0.0,0.0,0.0,8.901515151515152,0.0,9.090909090909092,5.625,0.0,0.0,0.0,0.0,0.0,0.0,0.0,0.0,0.0,0.0,0.0,0.0,0.0,0.0,0.0,0.0,0.0,0.0,0.0,0.0,0.0,0.0,0.0,0.0,2.272727272727273,0.0,0.0,0.0,0.0,0.0,0.0,0.0,0.0,0.0,0.0,0.0,0.0,0.0,0.0,0.0,6.25,0.0,0.0,0.0,0.0,0.0,0.0,0.0,0.0,33.333333333333336,0.0,28.333333333333332,0.0,0.0,0.0,0.0,0.0,0.0,0.0,0.0,0.0,0.0,0.0,0.0,0.0,0.0,0.0,0.0,0.0,0.0,0.0,0.0,0.0
150.83333333333334,30.0,107.5,7.5,30.555555555555557,10.0,10.0,50.0,10.0,1.8518518518518516,83.33333333333333,112.34783734783736,0.0,0.0,65.0,100.0,0.0,0.0,0.0,0.0,0.0,0.0,24.166666666666668,0.0,0.0,0.0,0.0,0.0,0.0,0.0,0.641025641025641,22.22222222222222,0.0,0.0,16.666666666666668,0.0,11.11111111111111,0.641025641025641,0.0,2.5,0.0,0.0,0.0,0.0,0.0,0.0,10.0,0.0,0.0,1.282051282051282,0.0,0.0,0.0,0.0,0.0,0.0,0.0,0.0,0.0,0.0,0.0,0.0,0.0,0.0,0.0,0.0,0.0,0.0,2.5,0.0,0.0,0.0,0.0,0.0,0.0,0.0,0.0,0.0,0.0,0.0,0.0,0.0,0.0,0.0,0.0,0.0,0.0,0.0,0.0,0.0,0.0,0.0,0.0,0.0,0.0,0.0,0.0,0.0,0.0,0.0,0.0,0.0,0.0,0.0,0.0,0.0,0.0,0.0,0.0,0.0,0.0,0.0,0.0,0.0,0.0,0.0,0.0,0.0,0.0,30.0,0.0,0.0,0.0,0.0,0.0,0.0,0.0,0.0,0.0,0.0,0.0,0.0,0.0,0.0,0.0,0.0,0.0,0.0,0.0,0.0,0.0,0.0,0.0,0.0,0.0,0.0,0.0,0.0,0.0,0.0,0.0,0.0,0.0,0.0,0.0,0.0,0.0,0.0,0.0,0.0,0.0,0.0,0.0,0.0,0.0,0.0,0.0,0.0,0.0,0.0,0.0,0.0,0.0,0.0,0.0,0.0,0.0,0.0,0.0,0.0,0.0,0.0,0.0,0.0,0.0,0.0,0.0,0.0,0.0,0.0,0.0,0.0,0.0,0.0,0.0,0.0,0.0,0.0,0.0,0.0,0.0,0.0,0.0,0.0,0.0,0.0,0.0,0.0,0.0,0.0,0.0,0.0,0.0,0.0,0.0,0.0,0.0,0.0,0.0,0.0,0.0,0.0,0.0,0.0,0.0,0.0,1.5151515151515151,0.0,0.0,0.0,0.0,0.0,0.0,0.0,0.0,0.0,0.0,0.0,0.0,0.0,0.0,0.0,0.0,0.0,0.0,0.0,0.0,0.0,0.0
1768.0120573870574,195.7010582010582,601.5806878306878,262.45726495726495,320.4695767195767,366.3690476190476,166.66666666666666,154.55176767676767,210.70221445221446,174.41137566137564,320.4715522572665,156.52777777777777,213.42261904761904,133.83658008658008,61.99074074074074,371.504329004329,177.5,318.57549857549856,136.85897435897436,134.76851851851853,140.20833333333334,74.16666666666667,244.64285714285714,119.83363858363859,119.85969387755102,36.93452380952381,17.687074829931973,77.32142857142857,97.22222222222221,300.0,118.75,207.73809523809524,105.75396825396825,61.37362637362637,0.0,79.64285714285714,93.59848484848484,3.571428571428571,55.578231292517,19.166666666666668,36.66083916083916,15.625,0.0,114.78174603174604,0.0,46.91558441558442,52.5,34.583333333333336,12.5,9.821428571428571,26.19047619047619,0.0,0.0,64.54081632653062,73.75,8.333333333333334,0.0,38.71212121212121,36.785714285714285,3.3333333333333335,3.125,16.666666666666664,15.476190476190476,0.0,0.0,8.333333333333334,37.5,25.0,0.0,33.18452380952381,0.0,0.0,0.0,6.25,55.0,0.0,0.0,0.0,31.25,0.0,14.12037037037037,50.0,41.96428571428571,8.333333333333334,20.833333333333336,52.857142857142854,12.083333333333334,0.0,0.0,0.0,0.0,0.0,0.0,50.0,25.0,0.0,2.0833333333333335,0.0,0.0,0.0,0.0,0.0,0.0,6.4393939393939394,1.6666666666666667,8.333333333333332,0.0,0.0,0.0,8.333333333333334,0.0,0.0,0.0,0.0,0.0,0.0,5.0,0.0,15.208333333333334,0.0,0.0,0.0,12.5,6.136363636363637,4.166666666666667,8.333333333333334,0.0,0.0,0.0,0.0,11.811224489795919,0.0,0.0,0.0,16.666666666666668,0.0,0.0,0.0,0.0,0.0,0.0,0.0,0.0,0.0,0.0,0.0,0.0,25.0,0.0,0.0,0.0,1.25,0.0,0.0,16.11111111111111,85.71428571428572,0.0,0.0,0.0,0.0,0.0,0.0,0.0,0.0,0.0,0.0,2.380952380952381,0.0,0.0,10.0,0.0,0.0,0.0,0.0,0.0,25.0,0.0,0.0,0.0,100.0,0.0,0.0,0.0,0.0,0.0,0.0,0.0,0.0,3.571428571428571,0.0,0.0,0.0,0.0,0.0,0.0,0.0,0.0,0.0,0.0,0.0,0.0,0.0,0.0,0.0,0.0,1.7857142857142856,0.0,0.0,0.0,0.0,0.0,0.0,0.0,0.0,0.0,0.0,2.272727272727273,0.0,0.0,0.0,0.0,0.0,0.0,0.0,0.0,1.7857142857142856,0.0,0.0,4.166666666666667,0.0,0.0,0.0,2.0833333333333335,0.0,0.0,0.0,0.0,25.0,0.0,8.974358974358974,0.0,0.0,0.0,0.0,0.0,0.0,0.0,0.0,0.0
12.5,0.0,0.0,12.5,0.0,0.0,0.0,6.25,0.0,0.0,0.0,0.0,0.0,0.0,0.0,0.0,4.166666666666667,0.0,0.0,0.0,0.0,0.0,0.0,0.0,0.0,0.0,0.0,0.0,0.0,0.0,12.5,0.0,0.0,0.0,0.0,0.0,0.0,10.0,0.0,0.0,0.0,0.0,0.0,0.0,0.0,0.0,0.0,0.0,0.0,0.0,0.0,0.0,0.0,0.0,0.0,0.0,0.0,0.0,0.0,0.0,0.0,0.0,0.0,0.0,0.0,0.0,0.0,0.0,0.0,0.0,0.0,0.0,0.0,0.0,0.0,0.0,0.0,0.0,0.0,0.0,0.0,0.0,0.0,0.0,0.0,0.0,0.0,0.0,0.0,0.0,0.0,0.0,0.0,0.0,0.0,0.0,0.0,3.125,0.0,0.0,0.0,0.0,0.0,0.0,0.0,0.0,0.0,0.0,0.0,0.0,0.0,0.0,0.0,0.0,0.0,0.0,0.0,0.0,0.0,0.0,0.0,0.0,0.0,0.0,0.0,0.0,0.0,0.0,0.0,0.0,0.0,0.0,0.0,0.0,0.0,0.0,0.0,0.0,0.0,0.0,0.0,0.0,0.0,0.0,0.0,0.0,0.0,0.0,0.0,0.0,0.0,0.0,0.0,0.0,0.0,0.0,0.0,0.0,0.0,0.0,0.0,0.0,0.0,0.0,0.0,0.0,0.0,0.0,0.0,0.0,3.125,0.0,0.0,0.0,0.0,0.0,0.0,0.0,0.0,0.0,0.0,0.0,0.0,0.0,0.0,0.0,0.0,0.0,0.0,0.0,0.0,0.0,0.0,0.0,0.0,0.0,0.0,0.0,0.0,10.833333333333334,0.0,0.0,0.0,0.0,0.0,0.0,0.0,0.0,0.0,0.0,0.0,0.0,0.0,0.0,0.0,0.0,0.0,0.0,0.0,0.0,0.0,0.0,0.0,0.0,0.0,0.0,0.0,0.0,0.0,0.0,0.0,0.0,0.0,0.0,0.0,0.0,0.0,0.0,0.0,0.0,0.0,0.0,0.0,0.0,0.0,0.0,0.0,0.0,0.0
3707.6190476190477,1785.595238095238,1021.7684610075914,1091.0416666666667,2266.524470899471,574.1369047619048,2259.434523809524,438.9484126984127,796.8452380952381,412.32804232804233,755.2843915343916,348.8095238095238,37.5,346.31944444444446,479.7916666666667,455.7308201058201,1154.6825396825398,111.94444444444444,329.86111111111114,404.50396825396825,134.19642857142858,416.712962962963,243.015873015873,660.6547619047619,229.375,211.66666666666669,53.75,282.6851851851852,83.05555555555556,102.77777777777779,28.125,430.06944444444446,1127.9166666666667,0.0,93.05555555555556,323.1547619047619,65.04629629629629,116.36904761904762,8.333333333333334,381.28968253968253,35.0,636.468253968254,105.9920634920635,751.2896825396825,83.2936507936508,52.29166666666667,13.333333333333334,171.875,362.73809523809524,0.0,54.16666666666667,0.0,12.5,25.0,18.154761904761905,33.333333333333336,6.25,17.708333333333332,15.625,50.0,31.0515873015873,33.333333333333336,28.57142857142857,2.0833333333333335,0.0,0.0,73.57142857142857,3.3333333333333335,3.571428571428571,5.0,8.333333333333334,8.333333333333334,38.333333333333336,167.36111111111111,31.25,243.93939393939394,5.0,0.0,209.32208994708995,31.25,175.41666666666669,0.0,11.11111111111111,0.0,0.0,34.02777777777778,213.125,50.092592592592595,4.166666666666667,67.5,12.5,6.25,33.333333333333336,429.82142857142856,0.0,92.77777777777779,111.48809523809524,73.75,0.0,0.0,0.0,18.75,0.0,35.416666666666664,0.0,0.0,4.3478260869565215,0.0,0.0,0.0,0.0,0.0,0.0,0.0,0.0,0.0,3.125,0.0,0.0,0.0,0.0,38.57142857142857,0.0,52.351190476190474,0.0,76.38888888888889,7.142857142857142,29.166666666666668,0.0,0.0,0.0,173.05555555555557,0.0,0.0,4.166666666666667,0.0,18.75,0.0,0.0,6.25,0.0,0.0,0.0,29.166666666666668,0.0,0.0,0.0,0.0,0.0,0.0,0.0,0.0,0.0,8.333333333333334,50.0,15.277777777777779,16.666666666666668,18.333333333333336,5.555555555555555,11.11111111111111,0.0,0.0,0.0,0.0,0.0,0.0,2.5,0.0,0.0,6.25,0.0,18.75,70.83333333333334,0.0,15.0,0.0,12.5,0.0,0.0,0.0,5.0,0.0,0.0,60.68181818181819,39.130434782608695,15.170454545454547,2.1739130434782608,0.0,0.0,0.0,0.0,4.166666666666667,0.0,0.0,25.0,0.0,0.0,27.77777777777778,0.0,12.698412698412698,4.166666666666667,0.0,0.0,35.41666666666667,0.0,63.769841269841265,0.0,0.0,0.0,0.0,0.0,0.0,0.0,0.0,10.416666666666668,0.0,0.0,0.0,0.0,0.0,50.0,0.0,0.0,0.0,0.0,52.5,0.0,0.0,3.3333333333333335,0.0,20.833333333333336,0.0,0.0,0.0,4.166666666666667,0.0,25.0,27.77777777777778,0.0,9.953703703703702,0.0,0.0,0.0,0.0,0.0,0.0,0.0,0.0,0.0
183.33333333333334,0.0,116.66666666666667,0.0,0.0,0.0,0.0,0.0,100.0,50.0,0.0,0.0,0.0,0.0,0.0,0.0,0.0,0.0,0.0,0.0,0.0,0.0,0.0,0.0,0.0,0.0,0.0,0.0,0.0,0.0,0.0,0.0,0.0,0.0,0.0,0.0,0.0,0.0,0.0,0.0,0.0,0.0,0.0,0.0,0.0,0.0,0.0,0.0,0.0,0.0,0.0,0.0,0.0,0.0,0.0,0.0,0.0,0.0,0.0,0.0,0.0,0.0,0.0,0.0,0.0,0.0,0.0,0.0,0.0,0.0,0.0,0.0,0.0,0.0,0.0,0.0,0.0,0.0,0.0,0.0,0.0,0.0,0.0,0.0,0.0,0.0,0.0,0.0,0.0,0.0,0.0,0.0,0.0,0.0,0.0,0.0,0.0,0.0,0.0,0.0,0.0,0.0,0.0,0.0,0.0,0.0,0.0,0.0,0.0,0.0,0.0,0.0,0.0,0.0,0.0,0.0,0.0,0.0,0.0,0.0,0.0,0.0,0.0,0.0,0.0,0.0,0.0,0.0,0.0,0.0,0.0,0.0,0.0,0.0,0.0,0.0,0.0,0.0,0.0,0.0,0.0,0.0,0.0,0.0,0.0,0.0,0.0,0.0,0.0,0.0,0.0,0.0,0.0,0.0,0.0,0.0,0.0,0.0,0.0,0.0,0.0,0.0,0.0,0.0,0.0,0.0,0.0,0.0,0.0,0.0,0.0,0.0,0.0,0.0,0.0,0.0,0.0,0.0,0.0,0.0,0.0,0.0,0.0,0.0,0.0,0.0,0.0,0.0,0.0,0.0,0.0,0.0,0.0,0.0,0.0,0.0,0.0,0.0,0.0,0.0,0.0,0.0,0.0,0.0,0.0,0.0,0.0,0.0,0.0,0.0,0.0,0.0,0.0,0.0,0.0,0.0,0.0,0.0,0.0,0.0,0.0,0.0,0.0,0.0,0.0,0.0,0.0,0.0,0.0,0.0,0.0,0.0,0.0,0.0,0.0,0.0,0.0,0.0,0.0,0.0,0.0,0.0,0.0,0.0,0.0,0.0,0.0,0.0,0.0
4884.852498110335,1880.4342359638413,1662.375289062789,1193.6680147194852,1122.0964435043381,719.3422624961947,389.3430099312452,640.9683378268904,589.1658834586466,360.1591810966811,532.6023663156016,248.96915584415584,1230.4640151515152,557.0098304473305,284.59911616161617,454.1732804232804,495.3864306989307,323.14255189255186,235.06129287379287,373.8816555248444,565.6225619567338,162.59144654365244,223.8594276094276,174.30756797668562,207.990897990898,48.58074795574795,240.01284826284825,140.4073894515071,162.04034391534393,238.42216810966812,150.24726430976432,257.4287518037518,29.32127192982456,39.10037878787879,24.579124579124578,47.03703703703704,33.688371813371816,3.571428571428571,646.2389440146793,83.72856541606542,133.66477272727272,169.04761904761904,29.424603174603174,26.289682539682538,21.104497354497354,224.73207165641375,126.43482443482444,45.0,28.125,74.130291005291,146.741452991453,28.756613756613756,30.86117586117586,36.458333333333336,37.16098484848485,11.994949494949495,0.0,21.482798247504128,0.0,49.861111111111114,14.924242424242424,0.0,24.553571428571427,39.84826516076516,48.660714285714285,37.87476110845676,3.0555555555555554,16.11111111111111,10.119047619047619,37.708333333333336,22.011904761904763,5.0,0.0,0.0,32.91666666666667,14.537268287268287,11.851851851851851,197.99152236652236,20.0,10.416666666666668,109.26984126984127,0.0,50.208333333333336,37.87476110845676,74.48247658773975,9.166666666666668,3.6904761904761907,0.0,4.166666666666666,18.095238095238095,103.97995522995524,19.09722222222222,18.333333333333336,12.5,0.0,25.0,1.5625,13.18452380952381,8.733974358974358,6.388888888888889,10.0,22.5,1.4821272885789014,44.513888888888886,1.1363636363636365,17.857142857142854,95.73241314069487,6.785714285714286,22.23190932868352,1.8518518518518516,1.4821272885789014,1.4821272885789014,1.4821272885789014,1.4821272885789014,1.4821272885789014,0.0,1.4285714285714286,14.821272885789016,26.923076923076923,624.4742063492064,0.0,0.0,27.46212121212121,0.0,0.0,0.0,119.36431623931624,14.0625,6.25,14.583333333333334,1.7857142857142856,5.654761904761905,1.1363636363636365,25.479166666666668,57.083333333333336,5.505952380952381,0.0,1.7857142857142856,5.0,19.726190476190478,7.738095238095238,0.0,4.583333333333334,0.0,13.928571428571429,25.06265664160401,31.180555555555557,125.53323412698413,14.583333333333334,15.8008658008658,32.94871794871795,0.0,16.666666666666668,25.0,9.821428571428571,32.844551282051285,9.179487179487179,1.0416666666666667,0.0,0.0,0.0,50.163690476190474,26.893939393939398,71.66666666666667,2.5,4.365079365079365,0.0,44.583333333333336,3.4226190476190474,0.0,0.0,0.0,0.0,0.0,0.0,0.0,1.1363636363636365,51.851851851851855,0.0,62.4256993006993,0.0,16.666666666666668,10.714285714285715,0.0,7.058823529411765,0.0,0.3921568627450981,0.0,2.948717948717949,58.611111111111114,0.0,0.0,25.0,0.0,0.0,5.416666666666667,1.759259259259259,2.0833333333333335,0.0,0.0,0.0,1.8518518518518516,0.0,0.0,2.5,0.0,16.934974747474747,0.0,0.0,0.0,0.0,0.0,0.0,2.0833333333333335,0.0,0.0,0.0,0.0,4.166666666666667,72.90823211875843,0.0,0.0,0.0,0.0,8.333333333333334,0.0,0.0,0.0,8.333333333333334,0.0,3.125,0.7692307692307692,0.0,0.0,4.166666666666667,2.027027027027027,1.923076923076923,0.0,0.0,1.1363636363636365,0.7575757575757576,11.375661375661375,0.0,0.0,2.0833333333333335,6.190476190476191,2.0833333333333335,0.0,0.0
1827.7374365736434,515.8378427128428,230.81043956043956,401.6941391941392,349.6657509157509,51.48809523809524,103.7962962962963,232.61904761904762,109.88095238095238,20.512820512820515,74.16666666666667,50.0,580.1443001443001,12.5,204.51388888888889,76.28205128205128,46.66666666666667,18.75,177.08333333333334,0.0,2.7777777777777777,30.654761904761905,34.49074074074074,40.0,38.98809523809524,25.0,277.77777777777777,20.833333333333336,11.11111111111111,22.22222222222222,0.0,6.25,17.22222222222222,30.555555555555557,0.0,0.0,0.0,50.0,59.47420634920635,3.125,0.0,89.58333333333334,25.0,0.0,0.0,0.0,140.0,0.0,0.0,21.428571428571427,12.5,15.384615384615383,16.666666666666668,0.0,0.0,25.0,0.0,2.5,16.666666666666668,0.0,0.0,25.0,123.13311688311688,12.5,8.333333333333334,0.0,0.0,28.333333333333336,16.666666666666668,0.0,0.0,0.0,0.0,0.0,10.185185185185185,0.0,16.666666666666668,50.0,0.0,10.0,0.0,33.333333333333336,0.0,0.0,0.0,0.0,9.166666666666668,0.0,10.0,0.0,16.666666666666668,0.0,0.0,0.0,0.0,0.0,0.0,0.0,0.0,32.73809523809524,0.0,0.0,0.0,62.5,0.0,0.0,0.0,0.0,0.0,0.0,0.0,0.0,0.0,0.0,0.0,0.0,0.0,0.0,0.0,0.0,0.0,0.0,0.0,0.0,6.25,0.0,200.0,0.0,0.0,0.0,0.0,0.0,0.0,2.272727272727273,0.0,8.333333333333334,0.0,0.0,3.4482758620689657,0.0,0.0,0.0,12.5,0.0,17.857142857142854,0.0,102.38095238095238,0.0,0.0,0.0,0.0,0.0,0.0,0.0,0.0,0.0,0.0,0.0,0.0,0.0,0.0,208.71212121212122,0.0,25.925925925925924,0.0,0.0,0.0,0.0,0.0,0.0,16.666666666666668,0.0,0.0,0.0,0.0,0.0,0.0,0.0,0.0,0.0,0.0,0.0,1.282051282051282,20.0,0.0,5.0,0.0,0.0,0.0,8.333333333333334,0.0,0.0,0.0,0.0,0.0,0.0,0.0,0.0,0.0,0.0,0.0,5.555555555555555,0.0,0.0,0.0,0.0,0.0,0.0,0.0,0.0,0.0,0.0,0.0,0.0,0.0,0.0,0.0,0.0,0.0,0.0,25.0,50.0,0.0,0.0,0.0,0.0,0.0,0.0,0.0,0.0,0.0,0.0,0.0,0.0,0.0,0.0,0.0,0.0,0.0,0.0,0.0,0.0,0.0,0.0,0.0,2.7777777777777777,0.0,6.25,22.285353535353536
1834.1676160097213,1032.790750915751,363.14935064935065,473.7518037518038,734.1332497911445,284.83016725276786,503.57142857142856,244.04761904761907,116.78571428571429,134.9206349206349,104.98556998556998,102.32142857142857,880.6547619047619,25.96153846153846,175.0,268.45238095238096,0.0,868.5037878787879,46.969696969696976,6.25,234.44444444444443,66.66666666666667,12.5,144.51839826839827,29.166666666666668,53.45238095238095,396.42857142857144,0.0,0.0,244.10714285714286,0.0,35.256410256410255,413.6904761904762,10.714285714285714,18.452380952380953,30.0,0.0,0.0,1.4285714285714286,0.0,0.0,5.9523809523809526,12.5,0.0,6.673881673881674,41.66666666666667,25.0,0.0,0.0,25.0,3.571428571428571,100.0,0.0,66.42857142857143,25.0,5.555555555555555,0.0,0.0,0.0,0.0,0.0,0.0,115.03968253968254,0.0,0.0,35.51157305027274,58.333333333333336,66.66666666666667,4.015151515151516,25.0,3.571428571428571,2.272727272727273,0.0,0.0,0.0,0.0,0.0,200.75757575757575,0.0,0.0,0.0,0.0,0.0,35.51157305027274,5.555555555555555,0.0,2.7777777777777777,0.0,50.0,0.0,25.0,0.0,0.0,0.0,0.0,0.0,0.0,0.0,0.0,50.0,0.0,0.0,0.0,0.0,0.0,0.0,0.0,0.0,0.0,0.0,0.0,0.0,0.0,0.0,0.0,29.166666666666668,0.0,0.0,0.0,0.0,0.0,16.666666666666668,0.0,0.0,0.0,0.0,4.545454545454546,0.0,0.0,0.0,2.7777777777777777,0.0,0.0,0.0,0.0,0.0,0.0,0.0,0.0,17.857142857142854,0.0,45.833333333333336,0.0,5.555555555555555,0.0,0.0,107.08333333333334,0.0,0.0,18.181818181818183,0.0,0.0,0.0,0.0,0.0,0.0,0.0,0.0,0.0,0.0,0.0,0.0,0.0,2.0833333333333335,0.0,0.0,0.0,0.0,0.0,0.0,0.0,0.0,23.333333333333336,0.0,0.0,0.0,0.0,0.0,0.0,0.0,0.0,0.0,11.904761904761905,0.0,0.0,0.0,0.0,0.0,0.0,50.0,0.0,0.0,0.0,0.0,0.0,0.0,0.0,0.0,0.0,6.25,0.0,0.0,0.0,0.0,5.0,0.0,0.0,0.0,0.0,0.0,50.0,0.0,0.0,0.0,0.0,0.0,0.0,0.0,0.0,0.0,0.0,0.0,0.0,0.0,0.0,0.0,0.0,0.0,25.0,0.0,0.0,0.0,0.0,0.0,0.0,0.0,2.7777777777777777,0.0,0.0,0.0,0.0,0.0,0.0,0.0,0.0,0.0,0.0,0.0,0.0
2158.375,1041.0119047619048,1587.1266233766235,272.281746031746,1604.4390331890331,791.3095238095239,593.2878787878788,948.6471861471862,247.62237762237763,229.60858585858585,504.1666666666667,113.39285714285714,512.0454545454545,57.67857142857143,133.63095238095238,486.3988095238095,508.22161172161174,552.6785714285714,202.5,2.0833333333333335,689.781746031746,50.0,10.0,60.0,194.41558441558442,6.25,16.666666666666668,330.3571428571429,25.0,559.9494949494949,0.0,454.76190476190476,563.9285714285714,33.095238095238095,100.0,74.86111111111111,74.4047619047619,41.66666666666667,45.41666666666667,80.05952380952381,82.83424908424908,50.0,0.0,188.485125985126,6.25,116.66666666666667,0.0,286.24603174603175,0.0,18.055555555555557,25.0,10.0,5.0,22.5,18.333333333333336,0.0,29.166666666666668,19.142857142857142,45.0,0.0,109.16666666666666,5.0,12.5,50.0,14.444444444444445,16.964285714285715,0.0,0.0,12.5,0.0,0.0,21.428571428571427,58.333333333333336,0.0,0.0,33.333333333333336,0.0,0.0,50.0,0.0,0.0,0.0,11.538461538461537,16.964285714285715,0.0,51.72222222222223,0.0,0.0,0.0,50.0,73.51190476190476,0.0,12.5,50.23809523809524,0.0,61.111111111111114,83.33333333333333,8.333333333333334,9.333333333333334,0.0,5.0,0.0,0.0,0.0,0.0,0.0,0.0,7.142857142857142,0.0,5.555555555555555,0.0,0.0,0.0,0.0,0.0,0.0,0.0,0.0,4.166666666666667,0.0,0.0,16.666666666666668,0.0,0.0,0.0,3.846153846153846,5.0,0.0,18.333333333333336,0.0,38.75,4.166666666666667,0.0,0.0,0.0,0.0,4.166666666666667,0.0,0.0,0.0,0.0,0.0,0.0,100.0,0.0,0.0,0.0,41.66666666666667,0.0,0.0,0.0,0.0,0.0,0.0,0.0,0.0,0.0,0.0,0.0,0.0,0.0,0.0,0.0,0.0,41.333333333333336,0.0,0.0,0.0,0.0,0.0,0.0,0.0,12.5,37.5,0.0,0.0,0.0,0.0,0.0,9.090909090909092,0.0,0.0,0.0,0.0,0.0,0.0,0.0,0.0,0.0,0.0,0.0,0.0,0.0,0.0,0.0,0.0,0.0,0.0,0.0,0.0,0.0,0.0,0.0,0.0,0.0,6.25,0.0,0.0,0.0,0.0,0.0,0.0,0.0,0.0,0.0,0.0,10.0,0.0,0.0,0.0,0.0,0.0,0.0,0.0,0.0,0.0,0.0,0.0,0.0,0.0,0.0,0.0,0.0,0.0,0.0,0.0,0.0,0.0,0.0,10.0,0.0,0.0,0.0,0.0,0.0,0.0,0.0,0.0,0.0
1549.3055555555557,132.5,364.5833333333333,770.0,432.5,343.3333333333333,612.5,326.6666666666667,508.33333333333337,737.6013513513514,383.3333333333333,55.55555555555556,12.5,97.22222222222223,1095.5555555555557,0.0,175.0,175.0,25.0,0.0,175.0,25.0,296.6666666666667,66.66666666666667,30.0,55.0,200.0,10.0,25.0,12.5,91.66666666666667,12.5,297.3611111111111,0.0,158.33333333333334,0.0,29.166666666666668,0.0,130.0,100.0,25.0,189.58333333333334,18.75,0.0,50.0,0.0,0.0,50.0,25.0,0.0,0.0,38.17567567567568,100.0,25.0,0.6756756756756757,162.5,45.833333333333336,0.0,0.0,0.0,25.0,0.0,25.0,0.0,46.66666666666667,12.5,4.166666666666667,0.0,50.0,0.0,0.0,50.0,0.0,0.0,25.0,0.0,18.75,0.0,0.0,0.0,0.0,0.0,0.0,12.5,0.0,0.0,0.0,0.0,25.0,0.0,0.0,0.0,0.0,0.0,0.0,0.0,26.35135135135135,0.0,0.0,87.5,0.0,0.0,0.6756756756756757,0.0,0.0,0.0,0.0,0.0,10.135135135135135,0.0,0.6756756756756757,0.6756756756756757,0.6756756756756757,0.6756756756756757,0.6756756756756757,0.0,0.0,6.756756756756756,0.0,75.0,0.0,0.0,0.0,0.0,0.0,50.0,0.0,0.0,0.0,0.0,0.0,0.0,0.0,0.0,0.0,0.0,0.0,0.0,0.0,0.0,0.0,0.0,0.0,0.0,0.0,0.0,0.0,0.0,0.0,0.0,0.0,0.0,0.0,0.0,0.0,0.0,0.0,0.0,0.0,0.0,0.0,0.0,0.0,0.0,0.0,0.0,0.0,0.0,0.0,0.0,0.0,0.0,0.0,60.0,50.0,0.0,0.0,0.0,0.0,0.0,0.0,25.0,0.0,0.0,0.0,0.0,0.0,6.25,0.0,0.0,0.0,0.0,0.0,0.0,0.0,0.0,0.0,0.0,0.0,0.0,0.0,0.0,0.0,0.0,0.0,0.0,0.0,0.0,0.0,0.0,37.5,12.5,0.0,0.0,0.0,0.0,12.5,0.0,0.0,0.0,0.0,0.0,0.0,0.0,0.0,0.0,0.0,0.0,20.833333333333336,0.0,0.0,0.0,0.0,0.0,0.0,0.0,0.0,0.0,0.0,0.0,0.0,0.0,0.0,0.0,25.0,0.0,25.0,0.0,0.0
295.75757575757575,216.04166666666666,10.0,90.44642857142858,24.166666666666668,46.875,16.666666666666668,144.16666666666666,127.08333333333333,63.54166666666667,9.375,59.583333333333336,101.45833333333334,9.375,109.20138888888889,48.333333333333336,90.625,83.75,32.5,8.333333333333334,17.410714285714285,43.75,4.166666666666667,18.75,13.0,15.625,0.0,0.0,23.333333333333336,0.0,0.0,13.958333333333334,0.0,9.375,8.333333333333334,83.46428571428571,0.0,3.125,15.625,0.0,33.92857142857143,0.0,0.0,0.0,10.0,78.00595238095238,31.25,0.0,4.583333333333334,6.25,21.875,6.25,15.625,0.0,0.0,3.125,0.0,22.916666666666668,30.65972222222222,6.25,17.708333333333336,6.25,0.0,0.0,16.458333333333332,0.0,0.0,0.0,0.0,62.5,0.0,12.5,0.0,11.160714285714285,0.0,0.0,0.0,53.75,0.0,6.666666666666667,0.0,77.63888888888889,23.333333333333336,0.0,0.0,0.0,0.0,0.0,0.0,0.0,0.0,0.0,0.0,0.0,6.25,0.0,0.0,0.0,67.70833333333334,0.0,12.5,0.0,0.3787878787878788,9.375,0.0,0.0,1.0,0.0,5.681818181818182,0.0,0.3787878787878788,0.3787878787878788,0.3787878787878788,0.3787878787878788,0.3787878787878788,12.5,0.0,3.787878787878788,0.0,0.0,0.0,0.0,0.0,0.0,0.0,0.0,0.0,0.0,0.0,0.0,15.0,0.0,0.0,0.0,0.0,0.0,0.0,0.0,0.0,0.0,0.0,0.0,0.0,0.0,6.25,0.0,0.0,0.0,0.0,0.0,0.0,0.0,0.0,0.0,0.0,0.0,3.125,0.0,0.0,0.0,0.0,0.0,0.0,131.875,0.0,0.0,2.0833333333333335,0.0,0.0,0.0,2.5,0.0,0.0,0.0,0.0,0.0,0.0,0.0,0.0,0.0,0.0,0.0,0.0,0.0,9.0,0.0,0.5,0.0,0.0,0.0,0.0,0.0,0.0,0.0,0.0,0.0,0.0,0.0,0.0,30.0,0.0,0.0,0.0,0.0,0.0,0.0,0.0,0.0,0.0,0.0,0.0,0.0,0.0,0.0,0.0,0.0,0.0,0.0,0.0,0.0,0.0,6.25,0.0,0.0,0.0,0.0,6.25,0.0,0.0,0.0,0.0,0.0,0.0,0.0,0.0,0.0,0.0,0.0,0.0,0.0,0.0,0.0,0.0,3.125,0.0,0.0,0.0,0.0,0.0
1634.0290404040404,298.70346320346323,384.91450216450215,413.0663780663781,532.1410256410256,301.7495004995005,234.28571428571428,581.2103174603175,256.468253968254,107.88461538461539,13.293650793650794,30.879120879120876,413.0744949494949,100.0,172.62337662337663,155.01262626262627,392.7741702741703,189.58275058275058,99.28571428571429,175.12698412698413,163.06277056277057,8.680555555555555,81.73701298701299,195.14880952380952,57.57575757575758,55.484848484848484,2.0,42.294372294372295,246.35353535353536,15.615079365079364,18.363095238095237,80.75036075036076,0.0,67.04797979797979,85.73737373737373,26.666666666666668,130.62012987012986,0.0,274.2215007215007,48.47619047619048,98.92857142857143,0.0,5.555555555555555,0.0,58.333333333333336,42.142857142857146,30.658008658008658,25.0,0.0,50.0,135.71428571428572,0.0,162.44751082251082,12.5,136.5909090909091,865.2164502164502,0.0,5.0,46.75,0.0,50.0,7.222222222222222,0.0,0.0,0.0,12.5,8.333333333333334,9.0,21.25,0.0,26.48809523809524,6.25,5.0,0.0,41.66666666666667,0.0,239.30952380952382,89.28571428571429,0.0,0.0,152.5,0.0,153.75,12.5,16.666666666666668,38.0,0.0,2.2222222222222223,0.0,49.583333333333336,0.0,0.0,51.42857142857143,0.0,0.0,2.5,0.0,0.0,0.0,185.47619047619048,0.0,38.888888888888886,0.0,0.0,0.0,19.444444444444443,0.0,46.875,0.0,0.0,0.0,0.0,0.0,0.0,0.0,0.0,0.0,0.0,0.0,0.0,0.0,0.0,0.0,0.0,0.0,0.0,71.25,0.0,3.571428571428571,0.0,64.0909090909091,5.555555555555555,0.0,0.0,41.666666666666664,137.91666666666669,0.0,0.0,0.0,5.0,0.0,4.166666666666667,0.0,0.0,0.0,0.0,62.5,155.61742424242425,0.0,0.0,0.0,0.0,0.0,0.0,25.0,0.0,0.0,2.0,4.166666666666667,8.333333333333334,5.0,0.0,6.363636363636363,0.0,11.190476190476192,0.0,0.0,5.0,183.35497835497836,0.0,0.0,0.0,0.0,3.0,0.0,0.0,0.0,42.029761904761905,0.0,2.5,0.0,0.0,0.0,0.0,0.0,0.0,0.0,0.0,0.0,0.0,0.0,0.0,0.0,14.285714285714285,0.0,0.0,0.0,3.125,0.0,17.857142857142854,0.0,0.0,0.0,2.5,0.0,0.0,0.0,0.0,0.0,0.0,0.0,0.0,0.0,0.0,0.0,0.0,56.833333333333336,0.0,0.0,0.0,0.0,0.0,0.0,0.0,0.0,0.0,14.285714285714285,0.0,0.0,53.787878787878796,0.0,0.0,0.0,0.0,0.0,0.0,0.0,0.0,0.0,25.0,0.0,14.285714285714285,0.0,0.0,25.0,0.0,25.0,0.0,0.0
1507.1626984126985,1158.0753968253969,504.58333333333337,731.5445665445666,820.8183809994649,1310.6150793650793,343.6080586080586,1024.1210178710178,239.16666666666666,19.047619047619047,629.8214285714286,222.20238095238096,403.82936507936506,110.97222222222223,85.98901098901099,348.45238095238096,187.14285714285714,663.75,100.0,453.33333333333337,439.76190476190476,323.05555555555554,326.63128530898206,200.0,60.0,201.66666666666669,25.0,10.0,37.083333333333336,0.0,216.38888888888889,137.5,0.0,215.89285714285714,7.142857142857142,7.142857142857142,0.0,575.7142857142858,0.0,11.282051282051281,22.22222222222222,44.64285714285714,157.14285714285714,8.333333333333334,233.39285714285714,0.0,266.6559829059829,45.71428571428571,0.0,436.17216117216117,1001.6666666666666,103.57142857142857,0.0,74.64285714285714,0.0,0.0,39.583333333333336,0.0,0.0,235.0793650793651,0.0,0.0,41.66666666666667,110.0,33.33333333333333,89.79166666666667,20.833333333333336,5.555555555555555,180.83333333333334,0.0,7.142857142857142,5.555555555555555,0.0,0.0,100.23809523809524,0.0,0.0,0.0,0.0,0.0,0.0,0.0,0.0,89.79166666666667,50.0,0.0,0.0,0.0,0.0,0.0,16.666666666666668,73.33333333333333,0.0,0.0,0.0,0.0,0.0,0.0,0.0,5.0,0.0,7.692307692307692,5.511560699158406,16.666666666666668,0.0,0.0,337.1045621045621,0.0,82.67341048737609,0.0,5.511560699158406,5.511560699158406,5.511560699158406,5.511560699158406,5.511560699158406,0.0,0.0,55.115606991584066,3.846153846153846,0.0,0.0,0.0,14.285714285714285,0.0,0.0,0.0,0.0,0.0,36.30952380952381,6.25,0.0,0.0,0.0,4.166666666666667,0.0,10.0,0.0,10.0,0.0,0.0,150.0,61.66666666666667,0.0,0.0,0.0,20.833333333333336,60.0,0.0,0.0,77.5,0.0,0.0,0.0,0.0,0.0,0.0,0.0,0.0,0.0,0.0,0.0,6.25,32.22222222222222,0.0,0.0,0.0,0.0,80.0,0.0,0.0,100.0,20.833333333333336,0.0,97.5,0.0,8.333333333333334,0.0,0.0,0.0,0.0,0.0,0.0,369.9175824175824,0.0,42.857142857142854,0.0,2.380952380952381,0.0,0.0,16.25,150.0,0.0,0.0,25.0,0.0,95.63492063492063,0.0,0.0,0.0,945.0846485024442,0.0,0.0,50.0,0.0,0.0,0.0,0.0,0.0,0.0,0.0,0.0,8.333333333333334,0.0,0.0,0.0,0.0,0.0,0.0,0.0,0.0,19.047619047619047,0.0,0.0,0.0,0.0,0.0,7.142857142857142,0.0,0.0,0.0,8.333333333333334,0.0,0.0,0.0,8.333333333333334,0.0,0.0,0.0,30.0,0.0,0.0,0.0,0.0,0.0,0.0,0.0,0.0,0.0,0.0
3714.9867724867727,917.1428571428571,3429.0873015873017,534.4760101010102,1669.6329365079366,1028.9484126984128,755.6944444444445,709.6037296037297,1208.75,695.8333333333334,697.7777777777778,304.1666666666667,561.3782051282051,391.6666666666667,345.0992063492063,386.94444444444446,625.2083333333334,437.5,645.2083333333334,179.16666666666669,364.5238095238095,199.30555555555557,356.94444444444446,514.6428571428571,0.0,143.33333333333334,8.333333333333334,100.0,63.51851851851852,940.6316137566138,82.5,190.72510822510824,308.3333333333333,123.21428571428572,90.27777777777777,70.83333333333334,141.94444444444446,87.5,206.14583333333334,137.5,317.5,80.0,38.333333333333336,590.8333333333334,66.66666666666667,97.5,269.54545454545456,286.6666666666667,187.5,45.41666666666667,125.0,56.25,26.041666666666668,37.5,10.0,0.0,33.333333333333336,158.33333333333334,160.5952380952381,50.0,62.5,0.0,116.19047619047619,0.0,33.333333333333336,0.0,49.35897435897436,77.5,0.0,0.0,0.0,0.0,72.91666666666667,140.0,0.0,25.0,0.0,3.125,118.33333333333334,23.333333333333336,100.0,0.0,0.0,0.0,0.0,16.666666666666668,25.0,0.0,20.170454545454547,16.666666666666664,0.0,0.0,0.0,628.3333333333334,187.03703703703704,4.166666666666667,127.5,86.80555555555556,0.0,0.0,26.145833333333336,12.5,0.0,0.0,20.833333333333336,0.0,0.0,37.5,0.0,0.0,0.0,0.0,0.0,0.0,0.0,0.0,8.333333333333334,0.0,25.0,0.0,295.8333333333333,50.0,0.0,20.833333333333336,12.5,41.66666666666667,0.0,36.111111111111114,0.0,0.0,0.0,112.96296296296296,104.16666666666667,0.0,0.0,5.0,16.666666666666668,0.0,0.0,0.0,0.0,0.0,8.333333333333334,0.0,3.3333333333333335,0.0,0.0,0.0,0.0,0.0,0.0,0.0,0.0,0.0,0.0,0.0,0.0,0.0,8.333333333333334,16.666666666666668,0.0,0.0,68.33333333333333,0.0,0.0,0.0,50.0,0.0,0.0,8.333333333333334,0.0,0.0,0.0,0.0,25.0,19.791666666666668,3.571428571428571,0.0,0.0,12.5,7.142857142857142,0.0,0.0,0.0,0.0,0.0,0.0,0.0,0.0,0.0,0.0,41.66666666666667,0.0,0.0,0.0,0.0,0.0,0.0,0.0,16.666666666666664,0.0,0.0,0.0,10.0,0.0,0.0,11.666666666666668,0.0,0.0,0.0,4.166666666666667,0.0,0.0,0.0,50.0,0.0,0.0,0.0,0.0,0.0,0.0,0.0,0.0,0.0,0.0,0.0,0.0,0.0,0.0,0.0,0.0,0.0,0.0,1.7857142857142856,0.0,0.0,0.0,1019.4444444444445,0.0,0.0,0.0,0.0,0.0,0.0,0.0,0.0,0.0,0.0,0.0
1389.5833333333333,197.61904761904762,468.47222222222223,132.91666666666669,597.2222222222223,137.08333333333334,159.16666666666669,0.0,227.22222222222223,179.16666666666669,201.38888888888889,78.88888888888889,222.79761904761904,12.5,155.58862433862433,12.5,50.0,0.0,22.22222222222222,153.47222222222223,450.0,132.5,139.58333333333334,262.5,83.33333333333333,33.333333333333336,0.0,66.66666666666667,25.0,306.25,61.54761904761905,18.75,214.02777777777777,66.66666666666667,0.0,28.57142857142857,8.333333333333334,3.3333333333333335,6.5476190476190474,22.916666666666668,57.77777777777778,0.0,50.0,344.1666666666667,2.7777777777777777,0.0,0.0,12.5,41.66666666666667,0.0,18.75,0.0,0.0,20.833333333333336,25.0,0.0,0.0,0.0,8.630952380952381,0.0,15.277777777777779,0.0,0.0,7.142857142857142,0.0,0.0,5.0,0.0,0.0,0.0,0.0,0.0,0.0,12.5,0.0,0.0,12.5,0.0,37.5,0.0,0.0,1.8518518518518516,0.0,0.0,0.0,0.0,0.0,41.66666666666667,0.0,0.0,0.0,0.0,10.0,2439.5238095238096,0.0,0.0,51.25,0.0,0.0,4.166666666666667,0.0,16.666666666666668,0.0,0.0,0.0,0.0,0.0,0.0,0.0,0.0,0.0,0.0,0.0,0.0,0.0,0.0,3.3333333333333335,0.0,0.0,0.0,25.0,16.666666666666668,0.0,0.0,0.0,0.0,0.0,1.6666666666666667,1.25,2.7777777777777777,0.0,100.0,0.0,0.0,0.0,0.0,0.0,0.0,9.166666666666668,175.0,0.0,0.0,0.0,34.523809523809526,0.0,0.0,0.0,0.0,0.0,0.0,0.0,0.0,0.0,0.0,0.0,8.333333333333334,1.1363636363636365,0.0,0.0,0.0,0.0,0.0,0.0,0.0,0.0,0.0,0.0,0.0,0.0,0.0,0.0,0.0,0.0,0.0,0.0,0.0,0.0,0.0,0.0,5.555555555555555,0.0,0.0,0.0,9.090909090909092,0.0,2.272727272727273,0.0,0.0,0.0,0.0,4.166666666666667,8.333333333333334,0.0,0.0,0.0,0.0,0.0,0.0,0.0,0.0,0.0,0.0,0.0,25.0,0.0,0.0,0.0,0.0,0.0,0.0,0.0,0.0,0.0,0.0,0.0,0.0,0.0,0.0,0.0,0.0,0.0,0.0,0.0,0.0,0.0,8.333333333333334,0.0,0.0,0.0,0.0,0.0,0.0,0.0,0.0,0.0,0.0,0.0,0.0,0.0,0.0,0.0,0.0,0.0,0.0,0.0,0.0,0.0,0.0,0.0
2223.9460076960077,636.5575396825396,1013.125,869.375,898.4920634920635,105.92948717948718,1886.0813492063492,251.34920634920636,539.0151515151515,1047.361111111111,587.2727272727273,259.72222222222223,385.2083333333333,204.2478354978355,404.55357142857144,269.375,522.3130341880342,256.45833333333337,422.8968253968254,230.0,184.375,273.5416666666667,266.25,459.5811827061827,42.708333333333336,26.11111111111111,51.13095238095238,239.30555555555557,145.46296296296296,204.9200336700337,265.9929653679654,42.5,176.875,98.70039682539682,199.58333333333334,4.166666666666667,77.77777777777779,120.83333333333334,58.45238095238095,80.13888888888889,210.20833333333334,80.0,44.791666666666664,437.42063492063494,61.66666666666667,335.23809523809524,75.0,218.37301587301587,114.86111111111111,48.75,14.583333333333334,3.125,58.125,12.5,3.571428571428571,14.682539682539684,45.833333333333336,15.0,94.84126984126985,0.0,0.0,0.0,16.666666666666668,0.0,16.666666666666668,0.0,6.25,77.5,0.0,0.0,14.583333333333334,41.131854256854254,4.166666666666667,118.19444444444444,0.0,0.0,0.0,3.125,403.33333333333337,15.476190476190476,0.0,9.027777777777779,7.5,0.0,0.0,12.5,0.0,20.833333333333336,0.0,16.666666666666664,0.0,398.07942057942057,0.0,494.58333333333337,70.37037037037037,0.0,0.0,29.166666666666668,25.297619047619047,0.0,0.0,0.0,0.0,18.015873015873016,15.625,6.25,0.0,21.212121212121215,0.0,0.0,0.0,0.0,0.0,0.0,0.0,0.0,0.0,0.0,0.0,0.0,47.5,17.460317460317462,0.0,27.976190476190478,9.821428571428571,0.0,0.0,31.349206349206348,6.25,0.0,107.98076923076923,235.1851851851852,141.33928571428572,0.0,0.0,0.0,0.0,0.0,0.0,56.374458874458874,3.125,0.0,0.0,0.0,3.3333333333333335,12.5,0.0,0.0,0.0,8.333333333333334,0.0,0.0,0.0,4.166666666666667,0.0,5.0,0.0,0.0,3.571428571428571,7.142857142857142,0.0,0.0,0.0,0.0,0.0,0.0,12.5,60.32967032967033,0.0,76.73611111111111,0.0,0.0,56.25,0.0,5.0,2.7777777777777777,5.0,0.0,11.11111111111111,0.0,0.0,0.0,0.0,0.0,0.0,0.0,0.0,6.25,7.5,0.0,0.0,0.0,0.0,0.0,20.535714285714285,0.0,0.0,0.0,25.0,0.0,0.0,0.0,25.0,0.0,0.0,0.0,0.0,11.25,0.0,0.0,4.166666666666667,0.0,11.666666666666668,0.0,0.0,0.0,0.0,0.0,0.0,0.0,0.0,0.0,0.0,0.0,0.0,0.0,0.0,0.0,0.0,0.0,25.0,0.0,0.0,0.0,0.0,4.166666666666667,0.0,112.5,0.0,0.0,0.0,0.0,16.666666666666668,0.0,0.0,0.0,0.0,0.0,0.0
954.4444444444445,301.75,568.8888888888889,157.77777777777777,323.2142857142857,166.28571428571428,261.6666666666667,191.66666666666669,86.38888888888889,104.16666666666667,131.66666666666666,47.5,21.666666666666664,2.7777777777777777,66.66666666666667,18.055555555555557,75.83333333333333,0.0,39.93055555555556,149.16666666666666,16.666666666666668,0.0,282.5,0.0,41.66666666666667,16.666666666666668,112.5,3.3333333333333335,11.666666666666668,16.666666666666664,16.666666666666668,20.833333333333332,122.5,184.16666666666666,15.277777777777779,37.5,39.166666666666664,23.61111111111111,16.666666666666668,0.0,50.0,162.08333333333334,12.5,74.16666666666667,25.0,33.333333333333336,0.0,12.5,0.0,0.0,0.0,44.583333333333336,0.0,0.0,10.0,0.0,70.83333333333333,0.0,16.666666666666668,16.666666666666664,0.0,0.0,6.25,0.0,0.0,0.0,0.0,87.5,0.0,33.333333333333336,0.0,0.0,5.555555555555555,22.22222222222222,0.0,0.0,0.0,0.0,27.77777777777778,0.0,0.0,0.0,0.0,0.0,0.0,0.0,0.0,0.0,0.0,0.0,0.0,0.0,3.3333333333333335,163.33333333333334,0.0,0.0,16.666666666666668,0.0,0.0,0.0,0.0,0.0,0.0,0.0,15.625,0.0,0.0,0.0,0.0,10.0,0.0,0.0,0.0,0.0,0.0,0.0,0.0,0.0,0.0,0.0,0.0,55.0,0.0,0.0,0.0,0.0,0.0,0.0,0.0,0.0,0.0,0.0,0.0,16.666666666666668,16.666666666666668,0.0,0.0,0.0,0.0,0.0,0.0,0.0,0.0,45.0,0.0,12.5,0.0,0.0,0.0,16.666666666666668,0.0,0.0,0.0,0.0,0.0,0.0,0.0,0.0,0.0,0.0,0.0,0.0,0.0,0.0,0.0,0.0,0.0,0.0,0.0,0.0,0.0,0.0,0.0,0.0,0.0,12.5,0.0,0.0,0.0,0.0,0.0,0.0,0.0,0.0,0.0,0.0,0.0,0.0,0.0,0.0,0.0,0.0,0.0,0.0,0.0,0.0,0.0,0.0,0.0,0.0,0.0,0.0,0.0,0.0,0.0,0.0,0.0,0.0,0.0,0.0,0.0,0.0,0.0,0.0,0.0,0.0,0.0,0.0,0.0,0.0,0.0,0.0,0.0,0.0,0.0,0.0,0.0,0.0,0.0,0.0,0.0,0.0,0.0,0.0,0.0,0.0,0.0,25.0,0.0,0.0,0.0,0.0,0.0,0.0,0.0,0.0,0.0,0.0,0.0
1765.7738095238096,1315.0982142857142,1765.7619047619048,1799.4436813186815,1251.1170634920636,1191.8660714285716,868.1944444444445,523.75,551.5178571428571,691.7361111111111,755.9444444444445,329.8412698412699,166.52777777777777,597.0833333333334,554.1741071428571,198.54166666666669,730.0396825396825,890.938401875902,251.42857142857144,91.49007936507937,179.92063492063494,462.08333333333337,401.77274114774116,516.2490981240982,113.33333333333334,146.875,168.10515873015873,173.65995115995116,121.73611111111111,333.5416666666667,51.388888888888886,260.4761904761905,434.44444444444446,197.36111111111111,25.0,29.166666666666668,94.87599206349206,139.46428571428572,90.41666666666667,128.72771672771674,633.0753968253969,137.14285714285714,73.61111111111111,1110.5853174603176,81.86805555555556,187.97619047619048,0.0,170.1923076923077,330.5059523809524,25.0,16.666666666666664,62.333333333333336,112.5,101.84523809523809,4.166666666666667,0.0,273.95833333333337,0.0,8.333333333333334,25.0,25.0,83.33333333333334,58.0,18.333333333333336,36.111111111111114,5.0,90.27777777777779,341.12103174603175,0.0,12.5,0.0,0.0,51.25,134.25,8.333333333333334,0.0,201.66666666666669,2.7777777777777777,187.5,8.333333333333334,0.0,0.0,0.0,5.0,0.0,14.285714285714285,7.142857142857142,64.64285714285714,0.0,25.0,0.0,10.0,47.5,392.1031746031746,3.571428571428571,73.05555555555556,4.166666666666667,0.0,12.5,0.0,0.0,0.0,0.78125,0.0,0.0,0.0,0.0,0.0,11.71875,0.0,0.78125,0.78125,0.78125,0.78125,0.78125,0.0,1.6666666666666667,7.8125,32.5,0.0,30.555555555555557,51.19047619047619,0.0,18.333333333333336,8.333333333333332,0.0,0.0,33.333333333333336,0.0,0.0,0.0,17.916666666666668,12.5,3.125,0.0,0.0,30.0,31.0,0.0,0.0,3.3333333333333335,0.0,0.0,30.0,20.0,16.666666666666668,6.666666666666667,10.0,0.0,8.333333333333334,6.25,0.0,0.0,66.66666666666667,6.25,0.0,0.0,3.342490842490842,0.0,0.0,0.0,0.0,0.0,0.0,0.0,0.0,16.666666666666668,0.0,25.0,17.083333333333336,0.0,0.0,26.909722222222225,0.0,0.0,12.5,0.0,0.0,0.0,0.0,137.5,0.0,0.0,0.0,0.0,0.0,0.0,18.75,0.0,0.0,0.0,15.833333333333334,0.0,0.0,2.0833333333333335,3.3333333333333335,0.0,3.3333333333333335,0.0,0.0,0.0,0.0,52.63888888888889,0.0,0.0,8.630952380952381,0.0,22.5,0.0,0.0,0.0,3.125,0.0,0.0,16.666666666666664,0.0,0.0,0.0,0.0,0.0,0.0,0.0,0.0,5.555555555555555,0.0,0.0,0.0,1.25,0.0,0.0,22.5,0.0,0.0,0.0,0.0,0.0,0.0,16.666666666666668,0.0,0.0,0.0,0.0,0.0,0.0,12.5,5.0,12.5,0.0,0.0
2159.6825396825398,292.9861111111111,489.0079365079365,260.86309523809524,544.4444444444445,279.1666666666667,384.1666666666667,363.3333333333333,122.5,238.33333333333334,642.0833333333334,133.33333333333334,58.333333333333336,75.0,282.9761904761905,127.91666666666667,254.16666666666669,509.02777777777777,223.61111111111111,62.5,109.16666666666667,122.22222222222223,279.2857142857143,195.63492063492063,29.166666666666668,39.16666666666667,50.0,5.0,70.83333333333334,262.6190476190476,75.0,38.888888888888886,29.166666666666668,86.78571428571428,25.0,142.5,26.25,2.5,41.66666666666667,66.66666666666667,51.66666666666667,31.25,80.27777777777779,163.33333333333334,6.666666666666667,86.45833333333333,75.0,8.333333333333334,12.5,5.0,12.5,6.25,12.5,15.0,0.0,25.0,92.85714285714286,34.166666666666664,0.0,0.0,0.0,8.333333333333334,25.0,8.333333333333334,8.333333333333334,0.0,65.83333333333333,25.0,0.0,0.0,0.0,0.0,0.0,9.821428571428571,0.0,25.0,2.7777777777777777,0.0,33.333333333333336,25.0,50.0,6.25,6.25,0.0,0.0,0.0,0.0,29.246031746031747,6.25,0.0,0.0,0.0,8.333333333333334,107.5,25.0,17.5,36.964285714285715,0.0,0.0,33.333333333333336,8.333333333333334,0.0,0.0,0.0,0.0,0.0,0.0,0.0,0.0,8.333333333333334,0.0,0.0,0.0,0.0,0.0,25.0,25.0,0.0,0.0,47.91666666666667,0.0,25.0,29.166666666666668,0.0,8.333333333333332,20.833333333333336,0.0,6.25,0.0,0.0,0.0,14.027777777777779,0.0,0.0,0.0,0.0,0.0,0.0,0.0,0.0,0.0,0.0,25.0,2.380952380952381,0.0,0.0,0.0,0.0,0.0,0.0,0.0,25.0,0.0,0.0,0.0,0.0,0.0,0.0,0.0,0.0,0.0,0.0,15.0,0.0,0.0,0.0,0.0,0.0,8.333333333333334,0.0,0.0,0.0,18.75,0.0,41.66666666666667,25.0,0.0,0.0,16.666666666666668,100.0,0.0,0.0,0.0,0.0,0.0,0.0,0.0,0.0,25.0,0.0,0.0,0.0,0.0,25.0,2.0833333333333335,0.0,0.0,0.0,0.0,0.0,0.0,0.0,0.0,0.0,0.0,0.0,0.0,0.0,3.125,0.0,6.25,2.7777777777777777,0.0,0.0,0.0,0.0,0.0,0.0,0.0,0.0,0.0,0.0,0.0,0.0,0.0,0.0,0.0,0.0,0.0,0.0,0.0,0.0,0.0,12.5,0.0,0.0,0.0,25.0,0.0,0.0,0.0,0.0,0.0,0.0,0.0,0.0,0.0,0.0,0.0
9985.918734043735,3117.9457760376877,5471.221230158731,3350.855533355533,4333.166666666667,4255.26282051282,3565.9226190476193,1291.9814213564214,1925.109126984127,2739.627846568636,1908.412968975469,1361.3305110246488,911.5560134310134,1151.9958513708514,1048.2969576719577,1819.7619047619048,1770.1683964183965,1449.2791005291006,1046.2418831168832,2273.467893217893,1359.0754357298474,990.7918470418471,1338.7739898989898,1434.9184842934842,232.078081232493,387.9166666666667,512.936507936508,373.3325702075702,283.1845238095238,1003.2070707070708,786.2818309141838,744.8809523809524,1170.9305555555557,418.9453601953602,408.2837301587302,328.78968253968253,460.1653439153439,716.9912464985995,369.29067460317464,607.5660103785104,966.4051573426574,631.9729437229438,873.3531746031746,2121.234126984127,475.9513888888889,1132.2123015873017,442.8174603174603,910.843253968254,493.67063492063494,35.49635313062423,61.83531746031746,111.56578947368422,151.1904761904762,183.74007936507937,105.67460317460318,98.84920634920636,535.8035714285714,37.083333333333336,130.8531746031746,159.14285714285714,123.81944444444444,137.29166666666666,389.0,186.13095238095238,52.77777777777778,12.142857142857142,333.48611111111114,263.531746031746,55.55555555555556,0.0,37.79761904761905,78.0762987012987,106.58994708994709,572.8373015873016,91.11111111111111,185.69444444444446,231.66666666666669,2.7777777777777777,1771.0866910866912,38.39285714285714,101.54100529100529,17.546296296296298,32.68518518518518,5.0,0.0,99.28571428571428,59.375,91.09126984126985,69.44444444444444,75.41666666666667,20.0,422.3849761349761,54.166666666666664,1463.6877705627705,100.71031746031746,201.89574314574315,462.6764069264069,26.136363636363637,28.69047619047619,50.0,36.86011904761905,16.666666666666668,8.257177410403218,59.682539682539684,36.964285714285715,16.25,6.25,42.64069264069264,61.35766115604825,86.98412698412699,4.09051074373655,4.09051074373655,4.09051074373655,4.09051074373655,4.09051074373655,106.96428571428572,45.967261904761905,40.9051074373655,138.19444444444446,118.33333333333334,106.42857142857143,122.99603174603175,34.79166666666667,104.7123015873016,45.029761904761905,59.72222222222222,5.555555555555555,89.96031746031746,24.36111111111111,40.37698412698413,131.73076923076923,603.9351851851852,162.77867965367966,0.0,16.666666666666668,0.0,149.16666666666669,33.333333333333336,125.0,81.37445887445888,6.458333333333334,10.0,25.0,288.2291666666667,0.0,73.61111111111111,6.666666666666667,40.41456582633053,18.0,13.88888888888889,30.833333333333336,62.5,10.333333333333334,99.41558441558442,8.333333333333334,31.38888888888889,5.0,84.41391941391942,20.238095238095237,40.476190476190474,15.833333333333334,58.333333333333336,52.922077922077925,8.333333333333334,23.666666666666668,16.666666666666668,36.66666666666667,79.77411477411476,33.333333333333336,43.40277777777778,25.0,12.5,92.78439153439153,2.5,50.833333333333336,33.333333333333336,8.571428571428571,0.0,38.19444444444444,103.05555555555556,58.839285714285715,12.5,25.0,123.59052711993888,0.0,30.89763177998472,0.0,147.91666666666669,11.666666666666668,75.0,86.26984126984127,8.333333333333334,0.0,37.708333333333336,50.83333333333333,4.7008547008547,0.0,151.66666666666666,66.66666666666667,11.25,48.05555555555556,8.333333333333334,21.52777777777778,15.833333333333334,27.77777777777778,4.166666666666667,0.0,14.583333333333334,9.375,4.166666666666667,3.3333333333333335,0.0,17.916666666666668,66.66666666666667,39.583333333333336,0.0,0.0,0.0,0.0,2.5,0.0,0.0,1.6666666666666667,23.333333333333336,0.0,45.05952380952381,0.0,0.0,0.0,4.166666666666667,0.0,0.0,0.0,14.285714285714285,0.0,8.928571428571429,0.0,162.5,0.0,8.974358974358974,8.333333333333334,0.0,0.0,0.0,12.5,0.0,12.5,0.0,0.0
1034.5833333333333,50.0,822.7083333333334,302.5595238095238,122.44047619047619,184.16666666666666,184.16666666666666,87.5,26.666666666666668,59.375,145.3125,41.66666666666667,90.41666666666667,7.142857142857142,35.0,85.83333333333333,15.714285714285714,91.66666666666667,106.66666666666667,185.0,0.0,187.08333333333334,170.0654761904762,60.0,25.0,22.916666666666668,143.75,58.69047619047619,0.0,33.57142857142857,0.0,12.5,87.5,12.5,0.0,12.5,20.3125,0.0,0.0,36.30952380952381,44.642857142857146,0.0,29.166666666666668,194.16666666666669,9.375,26.42857142857143,0.0,0.0,0.0,0.0,0.0,0.0,0.0,0.0,0.0,0.0,18.92857142857143,0.0,0.0,0.0,0.0,0.0,25.0,10.0,0.0,0.0,8.333333333333334,0.0,0.0,0.0,0.0,0.0,0.0,16.666666666666668,0.0,0.0,0.0,29.166666666666664,7.291666666666667,0.0,0.0,0.0,0.0,0.0,0.0,0.0,0.0,22.916666666666668,0.0,0.0,0.0,0.0,0.0,10.0,0.0,0.0,9.666666666666666,0.0,0.0,0.0,0.0,0.0,0.0,0.0,0.0,0.0,0.0,0.0,0.0,0.0,0.0,0.0,0.0,0.0,0.0,2.5,0.0,0.0,0.0,0.0,0.0,7.5,0.0,0.0,0.0,0.0,6.25,0.0,0.0,0.0,0.0,60.0,0.0,0.0,0.0,0.0,18.75,0.0,0.0,0.0,0.0,0.0,0.0,95.0,0.0,0.0,0.0,0.0,0.0,0.0,0.0,0.0,0.0,3.3333333333333335,0.0,0.0,0.0,1.7857142857142856,0.0,0.0,0.0,0.0,0.0,0.0,0.0,0.0,0.0,50.0,21.428571428571427,0.0,0.0,0.0,0.0,0.0,0.0,6.25,0.0,0.0,0.0,0.0,0.0,0.0,12.5,0.0,0.0,0.0,0.0,5.0,0.0,0.0,0.0,0.0,0.0,0.0,0.0,0.0,0.0,0.0,50.0,0.0,0.0,0.0,0.0,0.0,0.0,0.0,0.0,0.0,0.0,0.0,0.0,0.0,0.0,0.0,0.0,0.0,0.0,0.0,0.0,0.0,0.0,0.0,0.0,0.0,0.0,0.0,0.0,0.0,0.0,0.0,0.0,0.0,0.0,0.0,0.0,0.0,0.0,12.5,0.0,0.0,0.0,0.0,0.0,0.0,0.0,0.0,0.0,0.0,0.0
281.25,104.16666666666667,183.33333333333334,172.08333333333334,267.22222222222223,26.666666666666664,166.66666666666669,51.38888888888889,84.86111111111111,30.0,355.734126984127,53.333333333333336,16.25,16.666666666666668,38.75,29.166666666666668,6.25,39.166666666666664,20.23809523809524,24.305555555555557,101.11111111111111,69.44444444444444,75.0,91.66666666666667,0.0,0.0,0.0,25.0,20.833333333333336,0.0,0.0,16.666666666666668,241.66666666666669,18.75,0.0,13.333333333333334,5.555555555555555,41.666666666666664,0.0,0.0,0.0,17.083333333333336,0.0,6.25,16.666666666666668,0.0,25.0,0.0,0.0,0.0,0.0,0.0,0.0,3.3333333333333335,0.0,0.0,6.944444444444445,0.0,0.0,0.0,0.0,0.0,0.0,16.666666666666668,0.0,0.0,0.0,0.0,0.0,5.555555555555555,0.0,0.0,0.0,0.0,0.0,0.0,0.0,0.0,16.666666666666668,0.0,75.0,0.0,0.0,0.0,0.0,0.0,0.0,0.0,0.0,0.0,0.0,0.0,0.0,25.0,0.0,14.86111111111111,25.0,0.0,0.0,0.0,0.0,0.0,0.0,0.0,0.0,0.0,0.0,0.0,0.0,0.0,0.0,0.0,0.0,0.0,0.0,0.0,0.0,0.0,0.0,0.0,3.3333333333333335,0.0,0.0,0.0,0.0,0.0,0.0,0.0,0.0,0.0,0.0,5.555555555555555,0.0,0.0,0.0,0.0,13.88888888888889,0.0,0.0,0.0,0.0,0.0,0.0,0.0,0.0,6.944444444444445,0.0,0.0,0.0,0.0,0.0,0.0,0.0,0.0,0.0,0.0,0.0,0.0,0.0,0.0,0.0,0.0,0.0,0.0,0.0,0.0,0.0,0.0,0.0,0.0,0.0,0.0,0.0,0.0,5.555555555555555,0.0,0.0,0.0,3.3333333333333335,0.0,0.0,0.0,0.0,0.0,0.0,0.0,0.0,0.0,0.0,0.0,0.0,0.0,0.0,0.0,0.0,0.0,0.0,0.0,0.0,0.0,0.0,0.0,0.0,0.0,0.0,0.0,0.0,0.0,0.0,0.0,0.0,0.0,0.0,0.0,0.0,0.0,0.0,0.0,0.0,0.0,0.0,0.0,0.0,0.0,0.0,0.0,0.0,0.0,0.0,0.0,0.0,0.0,0.0,0.0,0.0,0.0,15.0,112.5,0.0,0.0,0.0,0.0,0.0,0.0,0.0,0.0,0.0,0.0,0.0
20098.22006887448,9197.877816627817,7931.30190989566,6734.219195156696,7859.187826062826,5627.152396214897,2873.119217383923,4229.311939887598,2474.7192044067046,4385.9973013098015,4671.155580530581,1655.6769823313941,1590.044642857143,2196.289196914197,1915.1061663010194,7291.179040866541,3799.3903804528804,4425.4597356619415,2246.7912846956965,1830.8428932178933,2421.5575396825398,2694.770171957672,1279.7619047619048,1441.064133986928,1098.7432359307359,1729.3437631948661,291.7718253968254,2281.1928784722904,466.504884004884,2993.755189255189,863.8503163503163,2799.9603174603176,3769.9384031001678,1665.5753968253969,1191.8005952380952,271.42857142857144,1063.579846079846,697.1924603174604,341.59935489347254,1119.047619047619,1021.3545699942758,20.555555555555557,111.45833333333334,2554.735457360264,129.2667748917749,1636.9246031746031,459.61309523809524,1155.4166666666667,689.3303571428571,278.2638888888889,188.90061327561327,18.75,89.59772866022865,178.96915584415584,246.88474025974025,92.59920634920634,63.125,42.61642156862745,28.799019607843135,25.0,107.44047619047619,56.851851851851855,438.27457264957263,410.7936507936508,106.47058823529412,5.555555555555555,429.5436507936508,17.946428571428573,232.70833333333334,36.13095238095238,20.714285714285715,154.90740740740742,130.10819042069042,1155.5921855921856,26.439393939393938,112.5,11.11111111111111,92.79761904761905,655.705266955267,97.59920634920636,453.08035714285717,33.035714285714285,34.72222222222222,0.0,11.30952380952381,100.3968253968254,142.43055555555557,200.9920634920635,40.0,93.0952380952381,583.6614774114774,374.0728715728716,0.0,2247.0882936507937,166.01190476190476,42.22222222222222,302.5496031746032,171.25,31.726190476190478,1.4285714285714286,131.94444444444446,81.10805860805861,2.496947496947497,65.95418470418471,40.37698412698413,16.666666666666668,1.6498316498316496,93.64087301587301,37.45421245421245,68.2936507936508,2.496947496947497,2.496947496947497,2.496947496947497,2.496947496947497,2.496947496947497,458.1218434343434,99.44534632034632,24.96947496947497,144.82142857142858,1.7857142857142856,115.83333333333334,89.82775904650904,47.976190476190474,58.57638888888889,16.666666666666668,58.84615384615385,9.375,398.2787698412698,89.16666666666667,2.0833333333333335,291.7361111111111,500.8684371184371,196.4303751803752,0.0,9.722222222222221,264.0625,18.75,39.44444444444444,0.0,286.07142857142856,75.83333333333334,10.416666666666668,20.0,359.76190476190476,1.6666666666666667,13.157894736842106,0.0,175.67460317460316,14.583333333333334,3.571428571428571,63.492063492063494,0.0,33.333333333333336,51.09848484848485,50.0,123.86904761904762,35.33549783549784,83.25396825396825,0.0,0.0,91.66666666666667,0.0,15.625,0.0,63.348214285714285,33.333333333333336,2.0833333333333335,162.77056277056278,6.349206349206349,50.77614379084967,0.0,6.5625,52.87698412698413,44.30555555555556,16.558441558441558,41.19047619047619,0.0,0.0,75.0,0.0,168.05555555555557,0.0,0.0,0.0,14.848484848484848,0.0,0.8249158249158248,35.11904761904762,72.58184523809524,0.0,25.0,134.67948717948718,0.0,0.0,21.022727272727273,0.0,0.0,2.0833333333333335,68.48809523809524,0.0,18.229166666666668,0.0,0.0,6.696428571428571,10.0,19.166666666666668,17.36111111111111,135.41666666666666,6.25,0.0,25.0,0.0,8.75,4.166666666666667,0.0,0.0,0.0,0.0,0.0,0.0,0.0,0.0,0.0,4.166666666666667,0.0,3.6458333333333335,0.0,1.7857142857142856,0.0,0.0,111.42857142857143,6.25,0.0,0.0,0.0,37.5,0.0,260.4166666666667,0.0,19.49074074074074,0.0,0.0,3.571428571428571,0.0,0.0,0.0,0.0,0.0,0.0
308.3333333333333,75.0,66.66666666666667,175.0,204.16666666666669,50.0,37.5,5.0,20.0,25.0,0.0,25.0,0.0,0.0,0.0,0.0,0.0,0.0,0.0,0.0,0.0,0.0,25.0,37.5,0.0,41.66666666666667,0.0,0.0,0.0,0.0,0.0,62.5,0.0,0.0,0.0,0.0,0.0,0.0,0.0,0.0,0.0,3.571428571428571,0.0,0.0,21.428571428571427,0.0,25.0,37.5,0.0,0.0,0.0,87.5,0.0,0.0,0.0,0.0,25.0,0.0,0.0,0.0,0.0,0.0,0.0,0.0,0.0,0.0,0.0,0.0,0.0,0.0,0.0,0.0,0.0,0.0,0.0,0.0,0.0,0.0,0.0,0.0,12.5,0.0,0.0,0.0,0.0,0.0,0.0,0.0,0.0,0.0,0.0,0.0,0.0,0.0,0.0,50.0,0.0,0.0,0.0,0.0,12.5,0.0,0.0,0.0,0.0,0.0,0.0,0.0,0.0,0.0,0.0,0.0,0.0,0.0,0.0,0.0,0.0,0.0,0.0,0.0,0.0,0.0,0.0,0.0,0.0,0.0,0.0,0.0,0.0,0.0,0.0,0.0,0.0,0.0,0.0,0.0,0.0,0.0,0.0,0.0,0.0,0.0,0.0,0.0,0.0,0.0,0.0,0.0,0.0,0.0,0.0,0.0,0.0,0.0,0.0,0.0,0.0,0.0,0.0,0.0,0.0,0.0,0.0,0.0,0.0,0.0,0.0,0.0,0.0,0.0,0.0,0.0,0.0,0.0,0.0,0.0,0.0,0.0,0.0,0.0,0.0,0.0,0.0,0.0,0.0,0.0,0.0,0.0,0.0,0.0,0.0,0.0,0.0,0.0,0.0,0.0,0.0,0.0,0.0,0.0,0.0,0.0,0.0,0.0,0.0,0.0,0.0,0.0,0.0,0.0,0.0,0.0,0.0,0.0,0.0,0.0,0.0,0.0,0.0,0.0,0.0,0.0,0.0,0.0,0.0,0.0,0.0,0.0,0.0,0.0,0.0,0.0,0.0,0.0,0.0,0.0,0.0,0.0,0.0,0.0,0.0,0.0,0.0,0.0,0.0,0.0,0.0,0.0,0.0
912.3333333333334,143.75,1267.736111111111,236.38888888888889,790.0,463.75,89.58333333333334,473.8888888888889,448.75,527.4404761904761,277.77777777777777,156.9047619047619,91.25,1032.361111111111,142.22222222222223,127.08333333333334,139.58333333333334,65.83333333333334,340.97222222222223,37.5,9.166666666666668,66.66666666666667,119.16666666666667,245.83333333333334,20.833333333333336,45.833333333333336,0.0,43.75,33.333333333333336,120.625,0.0,20.833333333333336,96.66666666666667,26.25,12.5,52.083333333333336,42.5,0.0,0.0,45.833333333333336,439.72222222222223,0.0,12.5,102.91666666666667,0.0,17.5,18.333333333333336,62.5,43.05555555555556,8.333333333333334,0.0,0.0,0.0,0.0,13.333333333333334,0.0,0.0,5.555555555555555,0.0,25.0,0.0,0.0,0.0,0.0,0.0,0.0,0.0,0.0,0.0,0.0,0.0,0.0,22.5,16.666666666666668,75.83333333333334,0.0,0.0,0.0,108.33333333333334,0.0,0.0,15.0,0.0,0.0,0.0,0.0,0.0,0.0,0.0,0.0,0.0,0.0,0.0,58.33333333333334,12.5,5.0,12.5,70.13888888888889,0.0,0.0,0.0,66.66666666666667,0.0,0.0,14.583333333333334,16.666666666666668,0.0,5.0,0.0,0.0,0.0,0.0,0.0,0.0,0.0,0.0,6.25,0.0,0.0,0.0,0.0,0.0,0.0,6.25,0.0,25.0,0.0,11.11111111111111,0.0,0.0,0.0,11.25,10.833333333333334,0.0,0.0,5.0,0.0,0.0,0.0,0.0,0.0,0.0,8.333333333333334,0.0,0.0,0.0,0.0,0.0,0.0,0.0,0.0,0.0,0.0,0.0,0.0,0.0,0.0,0.0,0.0,0.0,0.0,0.0,15.833333333333334,0.0,0.0,2.5,4.166666666666667,0.0,0.0,0.0,0.0,0.0,0.0,0.0,0.0,0.0,0.0,0.0,0.0,0.0,0.0,0.0,0.0,0.0,0.0,0.0,0.0,0.0,0.0,0.0,0.0,0.0,0.0,0.0,3.571428571428571,0.0,0.0,0.0,0.0,0.0,0.0,0.0,3.3333333333333335,0.0,0.0,0.0,0.0,0.0,0.0,0.0,0.0,0.0,0.0,0.0,0.0,0.0,0.0,0.0,0.0,0.0,0.0,0.0,0.0,0.0,0.0,0.0,0.0,0.0,0.0,0.0,0.0,0.0,0.0,0.0,0.0,0.0,0.0,611.1111111111111,0.0,0.0,0.0,0.0,0.0,0.0,0.0,0.0,0.0,0.0,0.0
3973.065476190476,1560.0694444444446,2876.125992063492,1813.1150793650795,1359.5833333333335,2328.721590909091,736.0416666666667,315.75126262626264,590.8730158730159,489.64646464646466,648.3333333333334,545.9027777777778,129.58333333333334,183.40277777777777,461.07142857142856,845.4861111111112,449.8611111111111,613.8095238095239,373.68055555555554,1038.1109584859585,562.0238095238095,687.0238095238095,705.6190476190476,256.94444444444446,59.375,114.16666666666667,44.09722222222222,26.144688644688642,89.58333333333333,454.2162698412699,283.9583333333333,116.80555555555556,296.1111111111111,172.61904761904762,85.71428571428571,10.813492063492063,4.553571428571429,218.14484126984127,0.0,182.06845238095238,59.375,125.83333333333333,562.3412698412699,1258.2539682539682,11.19047619047619,769.6230158730159,4.166666666666667,91.80555555555556,370.55555555555554,5.416666666666667,64.54594017094017,12.5,5.555555555555555,60.90277777777778,0.0,12.5,262.2420634920635,0.0,1.6666666666666667,50.833333333333336,38.75,17.708333333333336,20.833333333333336,147.4404761904762,0.0,5.0,232.98611111111111,0.0,11.11111111111111,0.0,0.0,0.0,34.583333333333336,464.08730158730157,0.0,64.44444444444444,77.14646464646465,0.0,1136.2460317460318,22.083333333333332,14.814814814814813,0.0,0.0,5.0,0.0,27.77777777777778,12.5,58.25396825396825,17.36111111111111,19.166666666666668,0.0,0.0,12.5,1287.8544372294373,54.16666666666667,125.87301587301587,260.0573593073593,0.0,2.5,0.0,0.0,4.166666666666667,0.0,25.0,21.38888888888889,0.0,6.25,0.0,0.0,37.817460317460316,0.0,0.0,0.0,0.0,0.0,2.5,0.0,0.0,0.0,3.3333333333333335,20.833333333333336,7.5,0.0,37.15277777777778,5.0,0.0,0.0,79.16666666666667,6.944444444444445,0.0,7.083333333333334,178.9351851851852,4.166666666666667,0.0,0.0,0.0,45.833333333333336,6.0,0.0,0.0,0.0,0.0,25.0,224.53869047619048,0.0,0.0,0.0,10.0,0.0,0.0,20.555555555555557,0.0,8.333333333333334,24.166666666666668,0.0,0.0,0.0,14.583333333333334,0.0,0.0,0.0,0.0,0.0,0.0,19.166666666666668,25.0,16.666666666666668,0.0,0.0,10.416666666666668,0.0,8.333333333333334,66.76587301587301,0.0,4.166666666666667,0.0,0.0,0.0,0.0,0.0,16.875,12.5,0.0,0.0,0.0,0.0,0.0,17.916666666666668,0.0,0.0,98.8888888888889,0.0,0.0,4.583333333333334,5.0,0.0,0.0,2.5,12.5,0.0,26.38888888888889,0.0,3.3333333333333335,14.583333333333334,0.0,4.166666666666667,0.0,0.0,6.25,0.0,3.3333333333333335,0.0,6.25,0.0,14.583333333333334,0.0,0.0,0.0,0.0,0.0,0.0,0.0,0.0,45.0,0.0,45.05952380952381,0.0,1.25,0.0,4.166666666666667,0.0,0.0,0.0,0.0,0.0,4.761904761904762,0.0,16.666666666666668,0.0,0.0,0.0,0.0,0.0,0.0,0.0,0.0,0.0,0.0,0.0
54.16666666666667,25.0,4.166666666666667,0.0,0.0,6.25,12.5,16.666666666666668,0.0,0.0,0.0,0.0,12.5,0.0,0.0,8.333333333333334,0.0,0.0,0.0,0.0,0.0,0.0,0.0,0.0,0.0,0.0,0.0,0.0,0.0,0.0,6.25,0.0,0.0,0.0,0.0,0.0,0.0,0.0,0.0,0.0,0.0,0.0,0.0,0.0,0.0,8.333333333333334,0.0,0.0,0.0,0.0,0.0,0.0,0.0,0.0,0.0,0.0,0.0,0.0,0.0,0.0,0.0,0.0,0.0,0.0,0.0,0.0,0.0,0.0,0.0,0.0,0.0,0.0,0.0,0.0,0.0,0.0,0.0,25.0,0.0,0.0,0.0,0.0,0.0,0.0,0.0,0.0,0.0,0.0,0.0,0.0,0.0,12.5,0.0,0.0,0.0,0.0,0.0,0.0,0.0,0.0,0.0,0.0,0.0,0.0,0.0,0.0,0.0,0.0,0.0,0.0,0.0,0.0,0.0,0.0,0.0,0.0,0.0,0.0,0.0,0.0,0.0,0.0,0.0,0.0,0.0,0.0,0.0,0.0,0.0,0.0,0.0,0.0,0.0,0.0,0.0,0.0,0.0,0.0,0.0,0.0,0.0,0.0,0.0,0.0,0.0,0.0,0.0,0.0,0.0,0.0,0.0,0.0,0.0,0.0,0.0,0.0,0.0,0.0,0.0,0.0,0.0,0.0,0.0,0.0,0.0,0.0,0.0,0.0,0.0,0.0,0.0,0.0,0.0,0.0,0.0,0.0,0.0,0.0,0.0,0.0,0.0,0.0,0.0,0.0,0.0,0.0,0.0,0.0,0.0,0.0,0.0,0.0,0.0,0.0,0.0,0.0,0.0,0.0,0.0,0.0,0.0,0.0,0.0,0.0,0.0,0.0,0.0,0.0,0.0,0.0,0.0,0.0,0.0,0.0,0.0,0.0,0.0,0.0,0.0,0.0,0.0,0.0,0.0,0.0,0.0,0.0,0.0,0.0,0.0,0.0,0.0,0.0,0.0,0.0,0.0,0.0,0.0,0.0,0.0,0.0,0.0,0.0,0.0,0.0,0.0,0.0,0.0,0.0,0.0
2943.041909071321,1010.3532925407926,425.6845238095238,690.661525974026,774.4753734827265,312.9616217116217,201.9607843137255,1122.1688034188035,248.9484126984127,221.6494034141093,365.83638583638583,290.27777777777777,1175.2525946275946,129.7676282051282,148.22916666666669,323.125,109.01785714285715,148.45238095238093,85.0,62.276785714285715,14.285714285714285,16.666666666666668,361.68831168831167,0.0,50.0,63.69047619047619,510.2586996336996,8.333333333333332,59.61538461538461,0.0,66.66666666666667,50.0,0.0,15.79861111111111,0.0,0.0,12.698412698412698,139.375,618.0692918192918,48.05194805194805,0.0,216.66666666666669,72.91666666666667,0.0,33.333333333333336,0.0,12.5,16.666666666666668,10.0,75.0,15.0,0.0,0.0,3.125,0.0,25.0,59.375,30.0,0.0,121.36904761904762,0.0,27.77777777777778,3.125,0.0,0.0,45.0,0.0,33.333333333333336,0.0,4.166666666666667,0.0,0.0,0.0,0.0,0.0,0.0,0.0,899.3055555555555,0.0,4.166666666666667,0.0,0.0,0.0,45.0,0.0,0.0,0.0,0.0,0.0,0.0,179.97086247086247,0.0,0.0,0.0,12.5,0.0,0.0,0.0,0.0,75.0,0.0,0.0,2.8442212265741675,58.33333333333334,35.71428571428571,0.0,64.03846153846155,0.0,42.66331839861252,0.0,2.8442212265741675,2.8442212265741675,2.8442212265741675,2.8442212265741675,2.8442212265741675,3.571428571428571,0.0,28.442212265741677,10.0,12.5,0.0,0.0,12.5,0.0,0.0,0.0,109.10714285714286,0.0,0.0,0.0,7.142857142857142,0.0,1.5625,12.5,4.166666666666667,25.0,25.0,0.0,0.0,0.0,42.30769230769231,0.0,0.0,0.0,0.0,22.72727272727273,12.5,25.0,0.0,0.0,0.0,0.0,0.0,0.0,0.0,0.0,0.0,0.0,0.0,0.0,0.0,28.125,0.0,46.666666666666664,0.0,0.0,0.0,11.76470588235294,0.0,0.0,25.0,1.5625,0.0,33.333333333333336,0.0,0.0,0.0,50.0,0.0,0.0,0.0,0.0,3.846153846153846,0.0,0.0,0.0,0.0,0.0,0.0,0.0,50.0,0.0,10.0,0.0,0.0,10.833333333333334,78.05555555555556,0.0,0.0,55.0,0.0,0.0,0.0,0.0,0.0,0.0,0.0,0.0,0.0,3.846153846153846,0.0,5.555555555555555,0.0,0.0,40.833333333333336,37.5,0.0,10.0,0.0,0.0,0.0,21.805555555555557,0.0,0.0,0.0,0.0,0.0,0.0,16.666666666666668,0.0,0.0,0.0,0.0,0.0,0.0,0.0,0.0,0.0,0.0,0.0,0.0,0.0,0.0,0.0,0.0,0.0,0.0,0.0,0.0
20275.31746031746,2470.8333333333335,3167.0833333333335,2079.7619047619046,3515.8333333333335,2002.9166666666667,2169.5833333333335,983.3333333333334,1262.5,1700.0,698.7847222222223,2362.5,1865.4166666666667,632.5,1354.1666666666667,796.25,353.33333333333337,675.0,500.0,337.5,738.3333333333334,575.0,283.3333333333333,835.8333333333334,422.9166666666667,350.0,637.5,233.33333333333334,183.33333333333334,650.4166666666666,562.5,344.1666666666667,1440.6818181818182,375.0,216.66666666666666,204.16666666666669,200.0,150.0,455.8333333333333,517.5595238095239,175.0,366.6666666666667,250.0,125.0,75.0,41.66666666666667,366.6666666666667,112.5,183.33333333333334,0.0,150.0,368.3333333333333,369.1666666666667,45.833333333333336,627.0833333333334,0.0,341.6666666666667,0.0,91.66666666666667,254.16666666666669,12.5,56.25,700.0,37.5,356.25,25.0,41.66666666666667,0.0,0.0,258.3333333333333,75.0,50.0,40.0,0.0,50.0,208.33333333333334,145.83333333333334,16.666666666666668,50.0,168.33333333333334,150.0,0.0,62.5,25.0,50.0,191.66666666666666,62.5,50.0,95.83333333333334,88.88888888888889,125.0,90.0,304.1666666666667,12.5,41.66666666666667,0.0,0.0,37.5,145.83333333333334,1272.9166666666667,137.5,100.0,4.690554740957967,75.0,25.0,0.0,0.0,416.6666666666667,70.3583211143695,57.5,4.690554740957967,4.690554740957967,4.690554740957967,4.690554740957967,4.690554740957967,66.66666666666667,25.0,46.90554740957967,25.0,37.5,62.5,60.0,41.66666666666667,125.0,0.0,50.0,0.0,25.0,0.0,0.0,50.0,0.0,6.25,25.0,66.66666666666667,0.0,25.0,33.333333333333336,33.333333333333336,50.0,87.5,0.0,75.0,41.66666666666667,50.0,0.0,0.0,0.0,66.66666666666667,50.0,0.0,0.0,83.33333333333334,0.0,33.333333333333336,0.0,41.66666666666667,0.0,0.0,0.0,0.0,25.0,12.5,0.0,0.0,0.0,0.0,25.0,41.66666666666667,25.0,0.0,41.66666666666667,16.666666666666668,6.25,83.33333333333334,0.0,16.666666666666668,150.0,162.5,0.0,50.0,125.0,0.0,80.0,0.0,20.0,0.0,45.833333333333336,0.0,25.0,0.0,8.333333333333334,8.333333333333334,0.0,0.0,312.5,0.0,0.0,8.333333333333334,0.0,0.0,0.0,0.0,26.666666666666668,6.25,0.0,0.0,25.0,0.0,12.5,150.0,0.0,0.0,0.0,0.0,0.0,0.0,0.0,0.0,0.0,50.0,0.0,0.0,41.66666666666667,0.0,0.0,0.0,50.0,31.25,0.0,0.0,50.0,50.0,0.0,0.0,0.0,0.0,0.0,0.0,0.0,0.0,0.0,50.0,0.0,81.25,25.0,81.25,0.0,91.66666666666667
16.666666666666668,0.0,22.22222222222222,0.0,0.0,0.0,0.0,0.0,0.0,2.0833333333333335,0.0,0.0,0.0,0.0,2.0833333333333335,8.333333333333334,0.0,0.0,0.0,0.0,2.0833333333333335,0.0,0.0,0.0,0.0,0.0,0.0,0.0,0.0,0.0,0.0,0.0,0.0,0.0,0.0,0.0,0.0,0.0,2.0833333333333335,25.0,50.0,2.7777777777777777,0.0,0.0,0.0,0.0,0.0,0.0,0.0,0.0,0.0,0.0,0.0,0.0,0.0,0.0,0.0,0.0,0.0,0.0,0.0,0.0,0.0,0.0,0.0,0.0,0.0,0.0,0.0,0.0,0.0,0.0,0.0,0.0,0.0,0.0,0.0,0.0,0.0,0.0,0.0,0.0,0.0,0.0,0.0,0.0,0.0,0.0,0.0,0.0,0.0,0.0,0.0,16.666666666666668,0.0,0.0,0.0,0.0,0.0,0.0,0.0,0.0,0.0,0.0,0.0,0.0,0.0,0.0,0.0,0.0,0.0,0.0,0.0,0.0,0.0,0.0,0.0,0.0,0.0,0.0,0.0,0.0,0.0,0.0,0.0,0.0,0.0,0.0,0.0,0.0,0.0,0.0,0.0,0.0,0.0,0.0,0.0,0.0,0.0,0.0,0.0,0.0,0.0,0.0,0.0,0.0,0.0,0.0,0.0,0.0,0.0,0.0,0.0,0.0,0.0,0.0,0.0,0.0,0.0,0.0,0.0,0.0,0.0,0.0,0.0,0.0,0.0,0.0,0.0,0.0,0.0,0.0,0.0,0.0,0.0,0.0,0.0,0.0,0.0,0.0,0.0,0.0,0.0,0.0,0.0,0.0,0.0,0.0,0.0,0.0,0.0,0.0,0.0,0.0,0.0,0.0,0.0,0.0,0.0,0.0,0.0,0.0,0.0,0.0,0.0,0.0,0.0,0.0,0.0,0.0,0.0,0.0,0.0,0.0,0.0,0.0,0.0,0.0,0.0,0.0,0.0,0.0,0.0,0.0,0.0,0.0,0.0,0.0,0.0,0.0,0.0,0.0,0.0,0.0,0.0,0.0,0.0,0.0,0.0,0.0,0.0,0.0,0.0,0.0,0.0,0.0,0.0,0.0,0.0
801.0416666666666,229.16666666666666,1487.5,3688.75,345.8333333333333,66.66666666666667,40.0,106.25,175.0,191.66666666666669,312.5,183.33333333333334,245.0,69.44444444444444,81.96969696969697,145.83333333333334,270.8333333333333,302.5,177.08333333333334,50.0,16.666666666666668,100.0,162.91666666666669,137.5,12.5,135.0,137.5,50.0,12.5,218.33333333333334,25.0,251.66666666666669,50.0,50.0,25.0,16.666666666666668,0.0,87.5,595.530303030303,25.0,0.0,0.0,50.0,0.0,0.0,43.75,33.333333333333336,67.5,0.0,158.33333333333334,25.0,12.5,0.0,0.0,116.66666666666667,0.0,158.33333333333334,50.0,8.333333333333334,0.0,0.0,0.0,0.0,0.0,0.0,0.0,0.0,0.0,8.333333333333334,0.0,0.0,6.25,25.0,141.66666666666666,25.0,0.0,0.0,0.0,50.0,0.0,58.333333333333336,0.0,3.125,0.0,0.0,16.666666666666668,0.0,25.0,0.0,0.0,0.0,0.0,41.66666666666667,25.0,0.0,0.0,0.0,25.0,4.166666666666667,29.166666666666668,0.0,0.0,0.0,2.7777777777777777,0.0,50.0,0.0,0.0,0.0,0.0,0.0,0.0,0.0,0.0,0.0,20.833333333333336,0.0,0.0,0.0,0.0,0.0,8.333333333333334,0.0,2.7777777777777777,0.0,0.0,0.0,0.0,0.0,0.0,0.0,0.0,0.0,0.0,0.0,0.0,0.0,0.0,0.0,0.0,0.0,0.0,12.5,0.0,0.0,0.0,50.0,0.0,0.0,0.0,0.0,0.0,0.0,0.0,0.0,0.0,0.0,0.0,0.0,0.0,0.0,0.0,0.0,0.0,0.0,0.0,0.0,0.0,0.0,0.0,0.0,0.0,0.0,0.0,0.0,0.0,0.0,0.0,58.333333333333336,0.0,0.0,0.0,0.0,0.0,0.0,0.0,0.0,8.333333333333334,0.0,0.0,0.0,0.0,0.0,0.0,0.0,0.0,0.0,0.0,0.0,0.0,8.333333333333334,0.0,0.0,0.0,0.0,0.0,0.0,0.0,0.0,0.0,0.0,0.0,0.0,0.0,0.0,0.0,0.0,0.0,0.0,0.0,0.0,0.0,0.0,0.0,0.0,0.0,0.0,0.0,0.0,0.0,0.0,0.0,62.5,0.0,0.0,0.0,0.0,50.0,0.0,0.0,0.0,0.0,0.0,0.0,0.0,0.0,0.0,0.0,0.0
86.45833333333333,25.0,36.458333333333336,4.166666666666667,71.42857142857143,0.0,0.0,0.0,0.0,62.5,0.0,3.571428571428571,0.0,25.0,0.0,0.0,0.0,0.0,50.0,20.833333333333336,0.0,0.0,4.166666666666667,0.0,0.0,0.0,0.0,0.0,0.0,0.0,0.0,0.0,0.0,0.0,0.0,0.0,0.0,0.0,0.0,0.0,0.0,0.0,0.0,0.0,0.0,0.0,8.333333333333334,0.0,0.0,0.0,0.0,0.0,0.0,0.0,0.0,0.0,0.0,0.0,0.0,0.0,0.0,0.0,0.0,0.0,0.0,0.0,0.0,0.0,0.0,0.0,0.0,0.0,0.0,0.0,0.0,0.0,0.0,0.0,0.0,0.0,0.0,0.0,0.0,0.0,0.0,0.0,0.0,0.0,0.0,0.0,0.0,0.0,0.0,0.0,0.0,0.0,0.0,0.0,0.0,0.0,0.0,0.0,0.0,0.0,0.0,0.0,0.0,0.0,0.0,0.0,0.0,0.0,0.0,0.0,0.0,0.0,0.0,0.0,0.0,0.0,0.0,0.0,0.0,0.0,0.0,0.0,0.0,0.0,0.0,0.0,0.0,0.0,0.0,0.0,0.0,0.0,0.0,0.0,0.0,0.0,0.0,0.0,0.0,0.0,0.0,0.0,0.0,0.0,0.0,0.0,0.0,0.0,0.0,0.0,0.0,0.0,0.0,0.0,0.0,0.0,0.0,0.0,0.0,0.0,0.0,4.166666666666667,0.0,0.0,0.0,0.0,0.0,0.0,0.0,0.0,0.0,0.0,0.0,0.0,0.0,91.66666666666667,0.0,0.0,0.0,0.0,0.0,0.0,0.0,0.0,0.0,25.0,0.0,0.0,43.75,0.0,0.0,0.0,0.0,0.0,0.0,0.0,0.0,0.0,0.0,0.0,0.0,0.0,0.0,0.0,0.0,0.0,0.0,0.0,0.0,0.0,0.0,0.0,0.0,0.0,0.0,0.0,0.0,0.0,0.0,0.0,0.0,0.0,0.0,0.0,0.0,0.0,0.0,0.0,0.0,0.0,0.0,0.0,0.0,0.0,0.0,0.0,0.0,0.0,0.0,0.0,0.0,0.0,0.0,0.0,0.0
0.0,0.0,0.0,0.0,0.0,0.0,0.0,0.0,0.0,12.5,0.0,0.0,0.0,0.0,0.0,0.0,0.0,0.0,0.0,0.0,0.0,0.0,0.0,0.0,0.0,0.0,0.0,0.0,0.0,0.0,0.0,0.0,0.0,0.0,0.0,0.0,0.0,0.0,0.0,0.0,0.0,0.0,0.0,0.0,0.0,0.0,0.0,0.0,0.0,0.0,0.0,0.0,0.0,0.0,0.0,0.0,0.0,0.0,0.0,0.0,0.0,0.0,0.0,0.0,0.0,0.0,0.0,0.0,0.0,0.0,0.0,0.0,0.0,0.0,0.0,0.0,0.0,0.0,0.0,0.0,0.0,0.0,0.0,0.0,0.0,0.0,0.0,0.0,0.0,0.0,0.0,0.0,0.0,0.0,0.0,0.0,0.0,0.0,0.0,0.0,0.0,0.0,0.0,0.0,0.0,0.0,0.0,0.0,0.0,0.0,0.0,0.0,0.0,0.0,0.0,0.0,0.0,0.0,0.0,0.0,0.0,0.0,0.0,0.0,0.0,0.0,0.0,0.0,0.0,0.0,0.0,0.0,0.0,0.0,0.0,0.0,0.0,0.0,0.0,0.0,0.0,0.0,0.0,0.0,0.0,0.0,0.0,0.0,0.0,0.0,0.0,0.0,0.0,0.0,0.0,0.0,0.0,0.0,0.0,0.0,0.0,0.0,0.0,0.0,0.0,0.0,0.0,0.0,0.0,0.0,0.0,0.0,0.0,0.0,0.0,0.0,0.0,0.0,0.0,0.0,0.0,0.0,0.0,0.0,0.0,0.0,0.0,0.0,0.0,0.0,0.0,0.0,0.0,0.0,0.0,0.0,0.0,0.0,0.0,0.0,0.0,0.0,0.0,0.0,0.0,0.0,0.0,0.0,0.0,0.0,0.0,0.0,0.0,0.0,0.0,0.0,0.0,0.0,0.0,0.0,0.0,0.0,0.0,0.0,0.0,0.0,0.0,0.0,0.0,0.0,0.0,0.0,0.0,0.0,0.0,0.0,0.0,0.0,0.0,0.0,0.0,0.0,0.0,0.0,0.0,0.0,0.0,0.0,0.0
748.234126984127,119.04761904761905,247.22222222222223,254.16666666666666,49.107142857142854,55.357142857142854,16.666666666666668,280.4761904761905,83.33333333333334,58.333333333333336,0.0,104.46428571428571,50.0,0.0,0.0,20.0,2.7777777777777777,83.33333333333334,22.916666666666668,150.0,0.0,0.0,0.0,0.0,7.142857142857142,100.0,25.0,12.5,0.0,25.0,0.0,0.0,0.0,0.0,0.0,0.0,0.0,0.0,0.0,0.0,0.0,0.0,0.0,0.0,0.0,0.0,2.7777777777777777,0.0,0.0,0.0,0.0,0.0,0.0,0.0,0.0,0.0,50.0,193.75,0.0,25.0,8.333333333333334,21.428571428571427,0.0,0.0,0.0,12.5,0.0,0.0,0.0,0.0,0.0,25.0,0.0,0.0,0.0,7.142857142857142,0.0,25.0,0.0,0.0,0.0,0.0,0.0,12.5,50.0,0.0,0.0,0.0,0.0,0.0,0.0,0.0,0.0,8.333333333333334,0.0,0.0,0.0,0.0,0.0,0.0,0.0,0.0,1.5151515151515151,0.0,0.0,0.0,0.0,0.0,22.727272727272727,0.0,1.5151515151515151,1.5151515151515151,1.5151515151515151,1.5151515151515151,1.5151515151515151,16.666666666666668,0.0,15.151515151515152,0.0,0.0,0.0,0.0,0.0,0.0,0.0,0.0,0.0,0.0,0.0,22.916666666666668,0.0,0.0,0.0,0.0,0.0,28.57142857142857,0.0,0.0,0.0,0.0,0.0,0.0,0.0,0.0,0.0,0.0,0.0,0.0,0.0,0.0,0.0,3.0303030303030303,0.0,0.0,0.0,25.0,0.0,0.0,0.0,0.0,4.166666666666667,0.0,0.0,0.0,0.0,0.0,0.0,37.5,0.0,0.0,0.0,0.0,0.0,0.0,0.0,0.0,0.0,0.0,0.0,92.14285714285714,0.0,0.0,0.0,0.0,0.0,0.0,0.0,0.0,0.0,0.0,0.0,0.0,12.5,0.0,0.0,0.0,0.0,0.0,0.0,0.0,0.0,0.0,0.0,0.0,54.16666666666667,0.0,0.0,0.0,0.0,0.0,0.0,17.857142857142854,0.0,0.0,0.0,0.0,0.0,0.0,0.0,0.0,0.0,0.0,0.0,0.0,0.0,0.0,0.0,0.0,16.666666666666668,40.0,0.0,4.166666666666667,0.0,8.333333333333334,0.0,0.0,0.0,0.0,0.0,0.0,0.0,0.0,0.0,0.0,0.0,0.0,0.0,0.0,0.0
9312.638343016633,2010.7407407407406,2059.7304195543634,2657.3994012809803,1821.5697945845004,742.3015873015873,512.6388888888889,749.3849206349206,1694.5436507936508,1531.031746031746,303.8888888888889,1817.9219503116562,4132.207049486461,916.9444444444445,754.9206349206349,266.6666666666667,343.05555555555554,395.5504050618816,375.5952380952381,178.33333333333334,185.41666666666669,1021.547619047619,216.3768115942029,853.0753968253969,1093.9285714285716,190.97222222222223,700.5555555555555,485.1190476190476,906.7857142857143,12.5,121.66666666666667,75.0,70.0,418.93398268398266,60.714285714285715,204.64285714285714,12.5,12.5,999.85803412274,50.0,194.46428571428572,129.16666666666669,795.2651515151515,13.88888888888889,384.0740740740741,80.95238095238095,23.80952380952381,62.5,22.5,25.158730158730158,141.66666666666666,816.6666666666667,0.0,19.607843137254903,10.0,27.083333333333336,53.08080808080808,80.83333333333333,12.5,127.08333333333334,0.0,1029.1666666666667,50.0,125.0,0.0,177.20238095238096,8.333333333333334,66.66666666666667,197.61904761904762,179.16666666666669,208.39285714285714,0.0,0.0,0.0,50.0,18.75,41.66666666666667,285.66520467836256,150.0,0.0,0.0,66.66666666666667,0.0,148.03571428571428,168.33333333333334,1.7857142857142856,0.0,0.0,0.0,244.64285714285714,0.0,0.0,592.0833333333334,0.0,53.57142857142857,0.0,0.0,0.0,5.0,150.0,0.0,10.0,18.37713400361809,10.0,0.0,60.714285714285715,14.285714285714285,15.476190476190476,275.6570100542713,0.0,18.37713400361809,18.37713400361809,18.37713400361809,18.37713400361809,18.37713400361809,8.333333333333334,0.0,183.77134003618087,162.8968253968254,0.0,0.0,0.0,30.0,0.0,25.0,0.0,1029.717261904762,0.0,0.0,97.22222222222223,100.0,0.0,11.904761904761905,786.25,112.6984126984127,10.0,0.0,0.0,612.5,0.0,28.57142857142857,0.0,0.0,0.0,483.09523809523813,31.25,1186.6666666666667,0.0,0.0,75.27777777777777,107.03125,29.166666666666668,144.16666666666669,3.571428571428571,112.5,12.222222222222221,0.0,0.0,0.0,0.0,0.0,0.0,37.5,272.5,16.666666666666668,0.0,0.0,20.0,509.1666666666667,0.0,86.30952380952381,0.35211267605633806,0.0,0.0,0.0,0.0,0.0,0.0,0.0,129.16666666666666,0.0,100.0,173.33333333333334,175.29411764705884,0.0,43.82352941176471,12.5,0.0,0.0,2.380952380952381,0.0,0.0,25.0,0.0,0.0,8.333333333333334,51.78571428571429,0.0,0.0,0.0,85.34340366463924,62.5,0.0,0.0,26.666666666666668,0.0,62.5,0.0,0.0,0.0,0.0,0.0,0.0,0.0,0.0,1820.8333333333335,25.0,12.5,7.142857142857142,0.0,0.0,29.166666666666668,0.0,0.0,14.285714285714285,0.0,3.3333333333333335,0.0,0.0,73.17460317460318,0.0,0.0,0.0,150.1984126984127,0.0,0.0,0.0,0.0,173.80952380952382,0.0,0.0,0.0,0.0,50.0,0.0,0.0,0.0,0.0,50.89285714285714
956.9603174603175,334.82142857142856,416.6666666666667,341.0416666666667,664.8809523809524,211.11111111111111,370.83333333333337,148.21428571428572,223.47222222222223,187.91666666666669,281.25,112.5,38.833333333333336,0.0,102.32142857142857,211.11111111111111,58.333333333333336,58.333333333333336,72.91666666666667,83.33333333333334,98.95833333333334,0.0,125.83333333333334,118.05555555555556,62.5,29.166666666666668,222.22222222222223,29.166666666666668,28.333333333333336,21.904761904761905,17.5,50.833333333333336,162.5,0.0,40.27777777777778,12.5,50.0,70.83333333333334,72.91666666666666,22.916666666666668,0.0,75.9920634920635,39.583333333333336,25.0,20.833333333333336,0.0,8.333333333333334,20.833333333333332,0.0,3.3333333333333335,0.0,0.0,20.833333333333336,9.375,36.904761904761905,50.833333333333336,0.0,0.0,0.0,0.0,0.0,0.0,151.66666666666666,6.25,16.666666666666668,0.0,0.0,54.16666666666667,0.0,8.333333333333334,0.0,0.0,19.166666666666668,0.0,56.25,66.66666666666666,50.0,25.0,0.0,0.0,0.0,0.0,0.0,0.0,0.0,0.0,0.0,0.0,0.0,0.0,12.5,0.0,0.0,41.66666666666667,0.0,5.555555555555555,50.0,0.0,41.66666666666667,25.0,0.0,14.285714285714285,0.0,0.0,0.0,64.375,0.0,12.5,0.0,0.0,0.0,0.0,0.0,0.0,0.0,0.0,0.0,0.0,0.0,5.0,15.0,0.0,33.333333333333336,0.0,0.0,16.666666666666668,0.0,0.0,0.0,0.0,0.0,0.0,0.0,0.0,0.0,0.0,0.0,0.0,0.0,0.0,0.0,0.0,0.0,0.0,0.0,0.0,0.0,0.0,0.0,0.0,0.0,0.0,0.0,0.0,3.3333333333333335,5.555555555555555,0.0,0.0,0.0,0.0,0.0,0.0,41.66666666666667,0.0,0.0,0.0,0.0,0.0,0.0,0.0,0.0,0.0,0.0,0.0,0.0,0.0,25.0,0.0,0.0,0.0,0.0,0.0,0.0,0.0,0.0,0.0,0.0,8.333333333333334,0.0,0.0,0.0,0.0,0.0,0.0,0.0,0.0,0.0,0.0,0.0,0.0,5.0,0.0,0.0,0.0,6.666666666666667,0.0,0.0,0.0,0.0,0.0,37.5,0.0,0.0,0.0,0.0,0.0,0.0,0.0,0.0,6.25,0.0,0.0,0.0,0.0,0.0,0.0,0.0,0.0,0.0,0.0,0.0,0.0,0.0,0.0,0.0,0.0,0.0,0.0,0.0,0.0,0.0,0.0,0.0,0.0,0.0,0.0,0.0,0.0,0.0
3422.4022929684693,412.0328282828283,818.5206953993719,837.36359948531,446.7391636141636,152.90178571428572,212.38095238095238,134.47420634920636,212.94642857142858,219.04761904761907,45.833333333333336,109.72222222222223,555.5902777777778,41.75802139037433,84.19642857142857,17.083333333333332,95.74420677361854,125.83333333333333,56.99404761904762,268.0844155844156,194.2762445887446,13.59126984126984,45.568910256410255,264.64285714285717,33.75,50.0,87.5,168.2452147525677,17.5,55.729166666666664,40.55059523809524,299.8015635680109,0.0,21.875,104.375,84.46428571428571,155.33247389865036,89.49900793650794,126.56926406926407,14.130116959064328,8.928571428571427,0.0,10.0,44.285714285714285,0.0,1.7857142857142856,100.0,101.19047619047619,26.16071428571429,16.311813186813186,8.51999791144528,0.0,111.03084415584415,179.15674603174602,25.0,11.11111111111111,35.86309523809524,0.0,0.0,0.0,0.0,0.0,0.0,0.0,0.0,25.0,0.0,4.087752525252525,32.202380952380956,1.3888888888888888,0.0,0.0,109.58333333333333,6.666666666666667,0.0,18.75,0.0,10.238095238095237,0.0,0.0,25.694444444444443,3.125,45.0,25.0,4.583333333333334,0.7352941176470588,0.0,0.0,3.9722886762360448,0.0,0.0,0.0,0.0,0.0,0.0,0.0,0.0,0.0,2.5,0.0,0.0,25.0,0.0,0.0,0.0,0.0,3.409090909090909,0.0,0.0,0.0,0.0,0.0,0.0,0.0,0.0,0.0,0.0,0.0,0.0,0.0,0.0,25.0,0.0,0.0,49.16666666666667,7.5,47.5,0.0,0.0,0.0,1.0416666666666667,0.0,0.0,66.66666666666667,53.125,0.0,0.0,2.0833333333333335,27.77777777777778,0.0,0.0,0.0,4.583333333333334,0.0,0.0,20.833333333333336,12.5,0.0,0.0,0.0,25.0,0.0,0.0,0.0,0.0,0.0,0.0,0.0,5.803571428571429,11.607142857142858,0.0,0.0,0.0,50.0,0.0,0.0,0.0,0.0,2.5,1.1363636363636365,0.0,0.0,0.0,0.0,0.0,2.5,7.410714285714286,0.0,0.0,0.0,0.0,0.0,0.0,0.0,0.0,0.0,0.0,15.0,0.0,0.0,0.0,1.1363636363636365,0.0,0.0,0.0,0.0,0.0,0.0,0.0,12.5,0.0,0.0,0.0,0.0,0.0,0.0,0.0,1.7857142857142856,0.0,0.0,0.0,0.0,0.0,2.0833333333333335,0.0,2.272727272727273,0.0,0.0,0.0,0.0,0.0,0.0,0.0,0.0,0.0,0.0,0.0,0.0,0.0,0.0,0.0,2.0833333333333335,0.0,0.0,0.0,0.0,3.571428571428571,0.0,0.0,0.0,0.0,0.0,0.0,0.0,0.0,0.0,0.0,0.0,0.0
288.6985930735931,120.16955266955267,0.0,1.5151515151515151,34.76190476190476,52.27272727272727,0.0,118.21428571428572,123.03571428571429,7.142857142857143,28.333333333333336,50.0,62.5,7.272727272727273,3.3333333333333335,0.0,0.0,88.33333333333334,8.333333333333334,0.0,71.66666666666667,40.909090909090914,0.0,4.166666666666667,5.0,0.0,216.66666666666666,0.0,0.0,12.5,0.0,0.0,0.0,0.0,0.0,2.7777777777777777,50.0,0.0,6.86335403726708,0.0,0.0,0.0,0.0,6.25,0.0,0.0,0.0,12.5,0.0,13.636363636363637,0.0,0.0,0.0,48.21428571428571,0.0,12.946428571428571,0.0,0.0,0.0,0.0,0.0,0.0,73.80952380952381,0.0,0.0,20.893719806763283,0.0,0.0,0.0,0.0,0.0,0.0,0.0,0.0,0.0,25.0,0.0,75.0,0.0,0.0,0.0,0.0,0.0,20.893719806763283,4.166666666666667,0.0,0.0,0.0,0.0,0.0,10.0,0.0,0.0,0.0,0.0,0.0,0.0,0.0,0.0,0.0,0.0,2.272727272727273,0.0,0.0,0.0,0.0,0.0,0.0,0.0,0.0,0.0,0.0,0.0,0.0,0.0,0.0,0.0,0.0,0.0,0.0,0.0,0.0,0.0,0.0,0.0,0.0,0.0,0.0,0.0,0.0,0.0,0.0,0.0,0.0,0.0,0.0,5.555555555555555,42.72727272727273,0.0,50.0,0.0,0.0,0.0,0.0,0.0,0.0,0.0,0.0,0.0,0.0,0.0,0.0,0.0,0.0,0.0,0.0,0.0,0.0,0.0,0.0,0.0,0.0,0.0,0.0,0.0,0.0,0.0,0.0,0.0,0.0,0.0,0.0,0.0,0.0,0.0,0.0,0.0,0.0,0.0,0.0,0.0,0.0,0.0,0.0,0.0,0.0,0.0,0.0,0.0,0.0,0.0,0.0,0.0,0.0,0.0,0.0,0.0,0.0,0.0,0.0,0.0,0.0,0.0,0.0,0.0,0.0,0.0,0.0,0.0,0.0,0.0,0.0,0.0,0.0,0.0,0.0,0.0,0.0,0.0,0.0,33.333333333333336,0.0,0.0,0.0,0.0,0.0,0.0,0.0,0.0,0.0,0.0,0.0,0.0,0.0,0.0,0.0,0.0,0.0,0.0,0.0,0.0,0.0,0.0,0.0,0.0,0.0,0.0,0.0,0.0
1920.0402837902839,1091.4319014319015,82.29166666666667,751.2210937210938,174.26184926184925,174.04354904354904,303.76984126984127,163.25617283950618,250.83333333333334,116.40378140378141,48.214285714285715,75.05827505827506,449.6825396825397,20.96153846153846,281.3888888888889,526.6666666666667,55.55555555555556,229.40476190476193,443.20436507936506,115.0211352657005,100.0,106.66666666666667,67.25198412698413,145.83333333333334,270.4747788443441,51.42857142857143,778.4935897435897,3.125,12.5,68.05555555555556,22.916666666666668,18.58974358974359,180.40329768270945,25.0,37.5,20.265151515151516,49.19642857142857,25.0,37.77777777777778,39.8018648018648,5.769230769230768,79.16666666666667,42.5,15.0,0.0,85.71428571428571,0.0,5.0,10.0,38.63636363636364,0.0,50.0,15.277777777777779,12.5,0.0,60.41666666666667,12.152777777777779,0.0,0.0,5.555555555555555,0.0,0.0,615.412457912458,12.5,42.708333333333336,0.0,0.0,20.0,52.77777777777778,4.166666666666667,25.0,0.0,16.666666666666668,0.0,0.0,4.166666666666667,19.444444444444446,0.0,0.0,0.0,0.0,8.333333333333334,19.345238095238095,0.0,4.166666666666667,0.0,0.0,0.0,4.166666666666667,0.0,0.0,0.0,112.5,0.0,0.0,0.0,0.0,12.5,0.0,50.0,0.0,0.0,0.0,0.0,0.0,0.0,3.571428571428571,0.0,0.0,6.25,0.0,0.0,0.0,0.0,0.0,0.0,0.0,0.0,0.0,36.25,50.0,6.25,9.821428571428571,0.0,11.25,0.0,4.761904761904762,0.0,0.0,0.0,25.0,0.0,3.571428571428571,0.0,0.0,20.0,10.416666666666668,0.0,0.0,12.5,25.0,0.0,0.0,0.0,30.303030303030305,15.432098765432098,19.60978835978836,0.0,0.0,0.0,0.0,5.0,44.44444444444444,0.0,0.0,0.0,0.0,0.0,0.0,0.0,0.0,156.43939393939394,18.818681318681318,0.9259259259259258,0.0,0.0,0.0,0.0,0.0,0.0,0.0,0.0,0.0,0.0,0.0,0.0,0.0,0.0,0.0,2.1739130434782608,0.0,10.0,3.125,111.14624505928853,32.14285714285714,27.786561264822133,1.7857142857142856,0.0,0.0,27.77777777777778,50.0,0.0,50.0,0.0,0.0,0.0,0.0,0.0,0.0,0.0,0.0,0.0,0.0,0.0,0.0,0.0,0.0,0.0,0.0,0.0,0.0,1.7857142857142856,0.0,0.0,0.0,20.833333333333336,0.0,0.0,0.0,0.0,91.5032679738562,3.125,0.0,0.0,0.0,0.0,0.0,0.0,40.0,0.0,0.0,0.0,0.0,0.0,0.0,0.0,0.0,0.0,8.333333333333332,0.0,0.0,0.0,0.0,0.0,1.7857142857142856,0.0,1.7857142857142856,0.0,0.0
1997.9166666666667,1412.5,1574.5833333333333,845.8333333333334,2225.8333333333335,150.0,287.5,187.5,363.33333333333337,2102.777777777778,391.6666666666667,527.5,129.16666666666669,342.5,25.0,195.83333333333334,1758.0555555555557,0.0,100.0,91.66666666666667,104.16666666666667,108.33333333333334,0.0,0.0,0.0,0.0,0.0,8.333333333333334,229.16666666666669,210.0,0.0,66.66666666666667,104.16666666666667,16.666666666666668,25.0,0.0,54.16666666666667,0.0,0.0,100.0,0.0,0.0,0.0,405.8333333333333,0.0,16.666666666666668,0.0,0.0,133.33333333333334,0.0,0.0,0.0,56.25,0.0,189.16666666666666,0.0,0.0,50.0,0.0,0.0,0.0,16.666666666666668,0.0,0.0,0.0,0.0,66.66666666666667,0.0,0.0,60.0,0.0,0.0,16.666666666666668,16.666666666666668,0.0,0.0,0.0,0.0,0.0,0.0,0.0,0.0,0.0,0.0,0.0,8.333333333333334,12.5,0.0,0.0,0.0,0.0,25.0,0.0,0.0,0.0,0.0,189.16666666666669,0.0,0.0,0.0,0.0,58.333333333333336,0.0,50.0,0.0,0.0,0.0,0.0,0.0,0.0,0.0,0.0,0.0,0.0,0.0,0.0,0.0,0.0,0.0,0.0,0.0,0.0,0.0,18.333333333333336,0.0,12.5,0.0,0.0,0.0,0.0,0.0,79.16666666666667,0.0,0.0,0.0,0.0,0.0,26.666666666666668,0.0,0.0,0.0,0.0,0.0,0.0,0.0,0.0,0.0,0.0,0.0,0.0,0.0,0.0,0.0,0.0,0.0,0.0,0.0,16.666666666666668,0.0,0.0,0.0,0.0,0.0,0.0,0.0,29.166666666666668,0.0,0.0,0.0,0.0,0.0,0.0,0.0,0.0,0.0,0.0,0.0,0.0,0.0,0.0,0.0,0.0,0.0,0.0,0.0,0.0,0.0,0.0,0.0,0.0,0.0,16.666666666666668,0.0,0.0,0.0,0.0,0.0,0.0,16.666666666666668,0.0,0.0,0.0,0.0,0.0,0.0,0.0,0.0,0.0,6.25,0.0,0.0,0.0,0.0,0.0,0.0,0.0,0.0,0.0,0.0,0.0,0.0,0.0,0.0,0.0,0.0,0.0,0.0,0.0,0.0,0.0,0.0,0.0,0.0,0.0,0.0,0.0,0.0,362.5,0.0,0.0,0.0,0.0,0.0,0.0,0.0,0.0,0.0,0.0,0.0
4288.378661518077,1042.2305495430496,1278.9696605925321,1092.1583577098284,2238.8455349475084,760.822468381292,730.1989096143508,669.6348304473305,285.03554157830473,733.1151084365371,890.0682215388098,141.76871374239795,1097.320455007955,548.9856915745074,181.42792120733296,618.9834401709402,625.4147374162434,177.85594035594036,1261.7351010917187,441.3288206891148,326.29165972915973,335.34823836294424,254.8389110889111,450.252849002849,182.96016483516485,214.26243894993894,228.05744255744256,341.053271347389,341.10219641469644,433.6396589521589,248.9745762278657,229.16847041847043,28.288690476190474,159.09781191031192,19.167117604617605,154.22453703703704,82.18355718355718,27.55952380952381,1319.9001584429216,135.33261877011876,253.42373658949745,0.0,29.82142857142857,56.79761904761905,22.070173834879718,159.0989547732969,293.5380591630592,423.1372549019608,123.98008241758242,9.375,37.638888888888886,89.75639857218805,107.62095543345544,51.07233044733045,76.37356856106857,4.195804195804196,0.0,230.6839790111849,206.4520202020202,42.33974358974359,18.849206349206348,26.875,36.458333333333336,50.32828282828283,24.74906629318394,11.255411255411255,9.305555555555555,20.07936507936508,10.773899303311067,7.222222222222222,12.33974358974359,555.4897186147186,5.489417989417989,13.839285714285714,42.33730158730159,7.063492063492063,120.74956293706295,146.81089743589743,12.424242424242426,12.5,77.97619047619048,3.8888888888888893,108.38408119658119,11.255411255411255,34.72222222222222,175.58025308025307,5.0,5.208333333333334,0.0,29.083333333333336,15.0,13.863636363636365,14.880952380952381,0.0,0.0,0.0,1.5625,2.25,7.986111111111112,0.0,84.66666666666666,7.7647907647907655,1.0204081632653061,22.976190476190474,1.1363636363636365,0.0,3.784313725490196,34.4593253968254,15.306122448979592,5.555555555555555,1.0204081632653061,1.0204081632653061,1.0204081632653061,1.0204081632653061,1.0204081632653061,0.0,0.0,10.204081632653061,45.35353535353536,102.01388888888889,1.6666666666666667,6.666666666666667,6.25,2.5,53.31196581196581,24.423076923076923,57.29166666666667,43.50694444444444,30.729166666666668,0.0,104.28571428571429,20.029761904761905,0.0,19.631410256410255,33.333333333333336,37.236111111111114,0.0,0.0,0.0,0.0,0.0,83.24735599367952,0.0,0.0,0.0,28.991596638655462,48.541666666666664,132.31788003663004,6.25,23.687770562770563,2.7777777777777777,3.0303030303030303,0.0,0.0,67.86309523809524,62.291666666666664,0.0,8.036616161616163,0.0,0.0,9.226190476190476,83.57142857142857,62.209726281817076,25.0,8.055555555555555,3.571428571428571,27.083333333333336,14.72069597069597,0.0,2.7777777777777777,0.0,5.277777777777778,0.0,34.479166666666664,0.0,0.0,1.1363636363636365,3.3333333333333335,1.3888888888888888,17.215909090909093,0.0,0.0,0.0,0.0,7.725490196078432,0.0,0.3921568627450981,2.2222222222222223,5.448717948717949,5.512820512820513,0.0,0.0,89.56349206349206,0.0,0.0,0.0,0.9259259259259258,0.0,4.166666666666667,0.0,1.3888888888888888,0.0,0.0,0.0,0.0,0.0,105.7265651015651,0.0,4.166666666666666,6.369047619047619,0.0,2.272727272727273,13.88888888888889,3.125,0.0,0.0,103.55710466004584,5.769230769230768,0.0,25.0,0.0,0.0,0.0,0.0,0.0,0.0,0.0,4.910714285714286,0.0,1.6666666666666667,3.125,0.0,0.0,0.0,9.722222222222221,6.25,0.0,0.0,0.0,2.3863636363636367,4.70494417862839,0.0,0.0,0.0,2.7777777777777777,0.0,2.7777777777777777,0.0,2.0833333333333335
1393.6013153513154,453.8888888888889,216.73611111111111,187.1626984126984,261.7261904761905,107.17147435897436,268.4791666666667,75.27777777777779,176.140873015873,226.80690836940838,134.375,71.14583333333333,33.492063492063494,24.583333333333336,169.50396825396825,44.79166666666667,45.05681818181819,160.41666666666666,8.333333333333334,54.30555555555556,58.333333333333336,78.41269841269842,46.66666666666667,114.96031746031747,43.05555555555556,20.833333333333336,7.8125,37.5,43.75,43.69047619047619,13.846153846153847,127.77777777777777,12.5,29.583333333333336,32.93650793650794,36.94444444444444,2.272727272727273,25.0,25.0,57.94642857142857,24.0625,60.416666666666664,0.0,25.555555555555557,0.0,41.666666666666664,4.166666666666667,84.58333333333334,147.16666666666666,12.5,0.0,5.277777777777778,18.75,72.2063492063492,17.045454545454547,3.571428571428571,25.0,41.583333333333336,31.25,0.0,6.666666666666667,5.0,36.66666666666667,0.0,0.0,0.0,33.125,0.0,16.25,2.7777777777777777,1.6666666666666667,18.333333333333336,0.0,0.0,0.0,2.7777777777777777,0.0,0.0,0.0,3.3333333333333335,25.0,0.0,13.333333333333332,0.0,0.0,0.0,0.0,24.404761904761905,0.0,0.0,0.0,1.0,0.0,60.833333333333336,13.333333333333332,14.86111111111111,0.0,24.583333333333336,4.545454545454546,0.0,12.083333333333334,0.0,0.0,0.0,10.0,25.317460317460316,0.0,23.630952380952383,0.0,0.9615384615384615,0.0,0.0,0.0,0.0,0.0,0.0,0.0,0.0,0.0,0.0,31.41025641025641,0.0,0.0,31.25,5.0,0.0,0.0,2.769230769230769,0.0,0.0,0.0,18.055555555555557,0.0,0.0,0.0,0.0,0.0,0.0,25.0,5.0,35.0,1.5384615384615383,0.0,0.0,0.0,0.0,0.0,0.0,0.0,0.0,0.0,0.0,0.0,0.0,6.25,59.666666666666664,0.0,0.0,0.0,0.0,8.333333333333332,0.0,0.0,0.0,3.125,0.0,1.7857142857142856,0.0,0.0,0.0,0.0,0.0,0.0,0.0,0.0,0.0,28.333333333333336,0.0,0.0,0.0,0.0,0.0,0.0,0.0,0.0,0.0,0.0,0.0,0.0,0.0,0.0,3.571428571428571,0.0,0.0,0.0,0.0,0.0,0.0,0.0,0.0,0.0,0.0,0.0,0.0,0.0,0.0,0.0,5.0,0.0,19.444444444444443,0.0,0.0,0.0,0.0,4.166666666666667,0.0,0.0,0.0,0.0,0.0,0.0,0.0,0.0,0.0,0.0,0.0,0.0,3.75,0.0,0.0,0.0,0.0,0.0,0.0,0.0,0.0,2.7777777777777777,0.0,0.0,0.0,0.0,0.0,0.0,0.0,0.0,0.0,0.0,0.0,0.0
4600.677014978486,3159.5664983164984,1286.6137566137565,1410.0676638176637,2177.2772271301683,324.3253968253968,2718.99309024309,593.3333333333334,1374.94227994228,683.2205893235305,1783.8492063492063,1580.1672292848764,217.5793650793651,246.33505383505383,865.3968253968254,231.05158730158732,491.9715007215007,669.6626984126984,145.13888888888889,221.80555555555557,401.19708994709,266.8716931216931,25.79365079365079,1544.517797017797,159.92724867724868,151.60052910052912,45.277777777777786,121.28367003367003,233.5918710918711,25.992063492063494,32.38095238095238,436.9877344877345,13.492063492063492,235.77380952380952,352.4344636844637,196.42857142857144,193.37620712620713,18.935185185185183,75.0,745.8368945868946,137.85714285714286,907.0238095238095,0.0,67.93650793650794,30.555555555555557,84.0079365079365,27.380952380952383,660.3030303030304,128.41931216931218,234.82142857142858,27.380952380952383,128.04029304029305,58.333333333333336,162.00396825396825,277.718253968254,0.0,310.4166666666667,4.166666666666667,23.260582010582013,0.0,73.90873015873017,26.38888888888889,0.0,8.333333333333334,33.2936507936508,5.555555555555555,3.3333333333333335,0.0,18.51851851851852,60.0,20.0,16.666666666666668,0.0,14.047619047619047,0.0,0.0,1.6666666666666667,0.0,26.984126984126988,30.555555555555557,111.15079365079364,57.44047619047619,142.99603174603175,0.0,8.928571428571429,21.428571428571427,0.0,29.166666666666668,21.269841269841272,0.0,16.666666666666668,32.424381174381175,16.666666666666668,0.0,39.77513227513227,0.0,2.0833333333333335,39.48412698412699,0.0,0.0,135.20833333333334,67.34126984126983,0.0,2.0833333333333335,4.166666666666667,17.460317460317462,0.0,94.76851851851852,0.0,10.416666666666668,0.0,0.0,0.0,0.0,0.0,25.27777777777778,2.380952380952381,0.0,0.0,0.0,25.0,0.0,0.0,26.38888888888889,59.76190476190476,0.0,0.0,3.3333333333333335,0.0,0.0,0.0,0.0,0.0,16.944444444444446,0.0,0.0,0.0,14.166666666666668,8.333333333333334,14.583333333333336,0.0,0.0,55.33730158730159,31.11111111111111,0.0,0.0,0.0,0.0,0.0,0.0,0.0,0.0,18.939393939393938,7.638888888888889,0.0,16.666666666666668,0.0,5.714285714285714,1.5151515151515151,3.0303030303030303,0.0,0.0,0.0,0.0,0.0,6.825396825396825,0.0,2.7777777777777777,0.0,13.88888888888889,0.0,0.0,9.027777777777779,0.0,2.0833333333333335,5.555555555555555,18.710317460317462,0.0,67.85714285714286,0.0,0.0,0.0,0.0,0.0,0.0,0.0,0.0,0.0,0.0,0.0,0.0,0.0,4.761904761904762,0.0,0.0,0.0,2.7777777777777777,0.0,0.0,0.0,0.0,4.166666666666667,0.0,6.944444444444445,0.0,0.0,0.0,12.5,10.714285714285714,0.0,0.0,0.0,0.0,0.0,0.0,0.0,0.0,0.0,0.0,0.0,0.0,0.0,0.0,0.0,0.0,0.0,0.0,0.0,0.0,0.0,0.0,0.0,4.166666666666667,0.0,0.0,0.0,5.555555555555555,0.0,0.0,0.0,0.0,0.0,0.0,0.0,0.0,0.0,0.0,0.0,0.0
2128.3540764790764,540.6944444444445,787.7607924482925,395.2132936507937,561.9708994708994,377.7969946719947,196.8501984126984,560.6953463203463,518.4632034632035,158.60449735449737,579.6974206349206,203.76488095238096,86.91964285714286,252.4251443001443,243.8472522847523,430.91224747474746,165.74074074074073,237.4303610333022,116.92460317460318,155.83333333333334,230.5938852813853,236.71564546564545,77.29166666666667,87.9119008714597,216.4484126984127,77.77777777777777,105.35714285714286,129.59656084656086,134.58333333333334,230.55555555555557,28.680555555555557,404.5386904761905,43.75,128.81944444444446,187.63227513227514,333.5367063492064,163.16107503607503,77.30654761904762,104.96031746031746,203.12996031746033,115.47348484848486,2.380952380952381,3.571428571428571,286.38122294372295,7.931547619047619,98.13852813852814,163.23593073593074,357.42559523809524,44.6875,59.548611111111114,40.833333333333336,50.833333333333336,7.5,65.0,175.14219576719577,645.0,9.523809523809524,75.52083333333334,37.91711760461761,0.0,77.72817460317461,20.48611111111111,0.0,12.5,6.3311688311688314,3.125,4.166666666666667,0.0,4.166666666666667,66.0084706959707,4.166666666666667,16.666666666666664,84.13600288600288,3.125,0.0,108.02083333333334,28.390151515151516,0.0,29.166666666666668,26.99404761904762,40.86538461538462,53.273809523809526,47.91666666666667,0.0,0.0,50.505050505050505,19.791666666666668,23.04697617197617,17.8125,22.916666666666668,16.666666666666668,61.52777777777778,0.0,12.5,80.8068783068783,5.208333333333334,31.547619047619047,0.0,3.125,0.0,16.666666666666668,9.84848484848485,0.0,1.5151515151515151,66.20370370370371,73.95833333333334,1.5873015873015872,36.38888888888889,0.0,0.0,0.0,0.0,0.0,0.0,0.0,13.557449494949495,13.822751322751323,0.0,23.295454545454547,34.375,0.0,0.0,9.375,1.7857142857142856,26.785714285714285,4.166666666666667,16.666666666666668,10.714285714285714,1.5625,0.0,32.5,0.0,17.421085858585858,4.166666666666667,12.268518518518519,4.166666666666667,1.0416666666666667,56.54761904761905,0.0,0.0,30.74404761904762,0.0,0.0,0.0,0.0,13.494318181818182,0.0,0.0,0.0,13.88888888888889,33.75,0.8333333333333334,12.5,0.0,0.0,0.0,2.0833333333333335,25.0,0.0,0.0,34.464285714285715,5.555555555555555,0.0,0.0,8.333333333333334,2.0833333333333335,2.0833333333333335,0.0,0.0,2.0833333333333335,0.0,0.0,4.6875,14.583333333333334,0.0,18.75,54.166666666666664,12.5,19.444444444444446,0.0,0.0,0.0,0.0,10.0,14.285714285714285,2.5,0.7936507936507936,5.909090909090909,0.0,0.0,0.0,3.3333333333333335,0.0,0.0,0.0,0.0,8.333333333333334,28.055555555555557,1.5625,0.0,0.0,0.0,2.0833333333333335,0.0,0.0,0.0,0.0,0.0,5.397727272727273,13.333333333333334,25.0,0.0,5.555555555555555,0.0,2.0833333333333335,0.0,0.0,0.0,0.0,0.0,0.0,0.0,7.083333333333334,0.0,0.0,0.0,0.0,5.555555555555555,0.0,0.0,0.0,0.0,0.0,0.0,4.166666666666667,0.0,26.73611111111111,25.0,0.0,2.5,0.0,0.0,0.0,0.0,0.0,0.0,0.0,0.0,0.0
11836.433554871055,3315.3090428090427,2591.4746942871943,3518.977202135097,3354.523115773116,2497.480679043179,2380.7495617199565,3027.5234925892823,3368.880725755726,954.4495550745551,3225.4198232323233,1647.4804118883067,923.9126382876383,1669.1481307435256,1259.5998677248679,1619.3525559479508,1517.4975000632896,1593.6519854128214,1076.6603304103305,1648.6001498501498,1348.753885003885,1297.3120385949333,535.5257936507936,2515.4253188618513,1970.8531746031747,610.893759018759,411.23737373737373,906.1274836274837,1528.614417989418,437.1891534391535,573.4654581529581,4679.382642820143,146.48809523809524,1005.4301948051948,1443.4358465608466,2382.682444869945,3057.822570947571,330.1424963924964,541.6392635142636,545.881919006919,673.2135341510342,585.6001984126984,68.75,382.9026875901876,162.00126262626262,227.25198412698413,247.15608465608466,2554.7788773117722,356.5716575091575,377.7950752950753,69.58333333333334,362.5676638176638,133.00775613275613,318.04909211159213,1193.396164021164,180.95864661654136,198.8186813186813,716.7479973729974,435.79861111111114,0.0,1675.042873792874,20.436507936507937,10.846560846560845,33.333333333333336,43.59126984126984,37.976190476190474,23.798076923076923,0.0,191.91468253968253,101.01851851851852,57.29166666666667,269.6798340548341,236.34920634920636,33.47222222222222,129.4510582010582,161.16841491841492,178.7914862914863,0.0,87.5,162.43716931216932,563.9176332926334,126.86177248677248,173.55820105820106,37.976190476190474,6.25,478.19775132275134,155.76923076923077,78.68309930809932,151.44841269841268,314.98015873015873,18.958333333333332,344.86111111111114,10.0,20.833333333333336,687.9888167388167,86.25,0.0,9.722222222222221,15.0,0.0,119.16035353535354,230.2601911976912,1.1147186147186148,44.13144603934078,316.79713804713805,860.848618973619,66.5873015873016,379.9500730750731,16.72077922077922,19.166666666666668,1.1147186147186148,1.1147186147186148,1.1147186147186148,1.1147186147186148,1.1147186147186148,51.21753246753247,31.67989417989418,11.147186147186147,11.11111111111111,55.68181818181819,309.2361111111111,10.193452380952381,4.166666666666667,11.11111111111111,956.5728715728716,53.81944444444444,0.0,59.82142857142857,28.333333333333336,1.923076923076923,13.214285714285715,0.0,52.0436507936508,66.66666666666667,223.11177248677248,13.88888888888889,41.84027777777778,499.53583453583457,8.333333333333334,14.751984126984127,72.6010101010101,0.0,119.64285714285714,0.0,0.0,73.75541125541126,0.0,75.0,18.75,127.77777777777779,2.7777777777777777,0.0,33.760822510822514,44.89087301587301,51.25,19.444444444444446,238.7202380952381,27.685185185185187,19.973544973544975,39.94708994708995,226.12001424501426,5.555555555555555,3.3333333333333335,8.333333333333334,16.666666666666668,16.666666666666668,15.74074074074074,10.416666666666668,41.260822510822514,41.567460317460316,0.0,0.0,32.08994708994709,0.0,53.53174603174603,52.708333333333336,354.96843434343435,6.25,212.01340326340326,0.0,8.333333333333334,8.333333333333334,0.0,0.0,14.285714285714285,0.0,0.7936507936507936,15.625,29.166666666666668,0.0,0.0,22.5,0.0,2.0833333333333335,66.66666666666667,0.0,0.0,163.1746031746032,0.0,0.0,0.0,8.333333333333334,1.7857142857142856,0.0,0.0,50.41666666666667,0.0,12.708333333333334,25.322420634920633,32.291666666666664,0.0,23.194444444444443,79.64285714285714,17.142857142857142,0.0,0.0,1.6666666666666667,0.0,7.5,0.0,0.0,0.0,16.904761904761905,1.5625,15.0,0.0,2.7777777777777777,35.416666666666664,0.0,4.166666666666667,5.0,0.0,100.00000000000001,2.7777777777777777,16.666666666666668,5.555555555555555,15.0,0.0,0.0,31.944444444444446,0.0,1.282051282051282,9.337606837606838,8.333333333333334,0.0,0.0,0.0,0.0,0.0
28516.626034373374,8800.029391904392,7346.5563672438675,9652.706210196002,9899.417226292226,4297.880418192918,4716.372017967413,8109.070029385819,7265.570280214677,1456.8716931216932,7123.683161337573,3030.564804347699,2237.5928861443567,3729.7805400009347,2784.0547415547417,4537.69448485238,2267.1330288863182,4311.769507052401,3571.5978210242915,3759.479244414589,2354.5806277056276,2296.8038805652236,844.5138888888889,4736.415279609165,869.5905483405484,2224.971404074852,2384.0913653340126,1580.8315527065527,3637.701095201095,1086.8463161997645,1205.6454425204424,5262.636426552375,111.64141414141415,3627.081139927235,3166.76238161583,3685.1240773115774,3730.515523828024,301.6116522366522,1888.792642406613,933.1686050220533,810.0026455026455,2141.939484126984,118.33333333333334,611.7747673782156,474.4642857142857,367.2371031746032,387.35449735449737,3699.176730416522,236.37400793650795,386.36904761904765,264.56349206349205,821.0155932030932,151.83188618533447,443.9196428571429,1743.0077561327562,252.68483709273184,924.5098188848189,689.0495846745847,1671.193722943723,4.166666666666667,2465.897852147852,179.6031746031746,55.65175565175565,71.80555555555556,187.91666666666669,49.642857142857146,143.88888888888889,63.75,316.52692895339953,294.9966931216931,157.32142857142856,667.9832528582529,753.1714466089467,61.623931623931625,93.37962962962963,130.30982905982907,192.05026455026456,55.0,15.416666666666668,365.94782532282534,1252.1296296296296,405.5313811348294,346.51493930905696,32.976190476190474,56.25,570.5047498797499,329.7696747696748,97.99272486772487,236.89484126984127,289.98015873015873,45.0,689.1071428571429,8.333333333333334,12.5,947.6722351722352,24.583333333333336,0.0,114.62301587301587,60.892857142857146,0.0,389.109126984127,768.8884379509379,2.503607503607504,171.45315211104685,484.0527394061877,860.8056295556296,1.3888888888888888,981.8596709006192,37.55411255411256,23.53174603174603,8.753607503607503,2.503607503607504,2.503607503607504,2.503607503607504,2.503607503607504,72.6461038961039,51.68915343915344,25.036075036075037,34.920634920634924,29.166666666666668,406.50198412698415,53.94345238095239,88.18181818181819,21.805555555555557,751.0768398268399,90.41666666666666,7.142857142857142,89.29232804232804,14.404761904761905,1.923076923076923,4.880952380952381,0.0,80.39529914529915,54.16666666666667,399.008214008214,108.53174603174602,64.77678571428571,375.59269434269436,85.41666666666667,224.24500547345377,254.4017094017094,0.0,329.55357142857144,2.272727272727273,0.0,52.922077922077925,11.96078431372549,71.66666666666667,0.0,147.62794198139025,5.0,0.0,186.54761904761904,25.833333333333332,145.0952380952381,0.0,252.09325396825398,35.101851851851855,43.445767195767196,86.89153439153439,133.77213064713067,7.142857142857142,81.11111111111111,66.66666666666667,59.16666666666667,20.833333333333336,157.40740740740742,19.583333333333336,32.5,17.476551226551226,0.0,3.571428571428571,58.101851851851855,0.0,36.66666666666667,30.862068965517242,733.8997113997115,71.66666666666667,350.9600122100122,0.0,8.333333333333334,7.5,0.0,0.0,12.5,0.0,0.6944444444444444,52.083333333333336,56.25,0.0,0.0,19.166666666666668,0.0,2.0833333333333335,57.29166666666667,0.0,25.0,430.625,8.333333333333334,0.0,21.11111111111111,38.88888888888889,2.7777777777777777,41.07142857142857,0.0,75.55555555555556,0.0,35.41666666666667,51.497481684981686,64.19642857142857,0.0,57.55952380952381,93.28373015873017,56.25,0.0,0.0,29.166666666666664,0.0,50.0,6.25,0.0,0.0,8.333333333333334,21.979166666666668,0.0,4.545454545454546,0.0,45.27777777777778,0.0,4.166666666666667,16.666666666666668,0.0,120.83333333333334,6.111111111111111,72.91666666666667,1.8518518518518516,0.0,0.0,0.0,121.94444444444444,28.86904761904762,11.282051282051283,24.516178266178265,0.0,0.0,0.0,0.0,5.0,0.0
887.5,678.75,1002.5,849.047619047619,441.7857142857143,25.0,1462.9166666666667,12.5,479.1666666666667,48.57142857142857,50.0,19.642857142857142,0.0,16.666666666666668,156.66666666666669,0.0,25.0,20.0,0.0,35.00000000000001,0.0,0.0,0.0,333.3333333333333,12.5,56.25,50.0,50.0,0.0,0.0,0.0,0.0,0.0,10.0,0.0,0.0,50.0,0.0,0.0,155.95238095238096,0.0,12.916666666666668,0.0,25.0,0.0,0.0,50.0,100.0,3.3333333333333335,53.333333333333336,0.0,0.0,0.0,0.0,0.0,0.0,0.0,0.0,16.666666666666668,0.0,0.0,8.333333333333334,0.0,0.0,0.0,0.0,0.0,0.0,0.0,0.0,0.0,0.0,0.0,8.333333333333334,0.0,0.0,0.0,0.0,0.0,0.0,0.0,0.0,0.0,0.0,0.0,0.0,0.0,0.0,16.666666666666668,0.0,0.0,0.0,0.0,0.0,0.0,0.0,0.0,0.0,0.0,0.0,0.0,0.0,0.0,0.0,0.0,0.0,0.0,8.333333333333334,0.0,0.0,0.0,0.0,0.0,0.0,0.0,0.0,0.0,0.0,0.0,0.0,0.0,0.0,0.0,0.0,0.0,0.0,0.0,0.0,0.0,0.0,0.0,0.0,0.0,0.0,0.0,0.0,0.0,0.0,0.0,0.0,0.0,0.0,0.0,0.0,0.0,0.0,0.0,0.0,0.0,0.0,0.0,0.0,0.0,0.0,0.0,0.0,0.0,0.0,15.0,30.0,0.0,0.0,0.0,0.0,0.0,0.0,0.0,0.0,0.0,0.0,0.0,0.0,0.0,0.0,0.0,20.0,0.0,0.0,0.0,0.0,0.0,0.0,0.0,0.0,0.0,0.0,0.0,0.0,0.0,0.0,0.0,0.0,0.0,0.0,0.0,0.0,0.0,0.0,0.0,0.0,0.0,0.0,0.0,0.0,0.0,0.0,0.0,0.0,0.0,0.0,0.0,0.0,0.0,0.0,0.0,0.0,0.0,0.0,0.0,0.0,0.0,0.0,0.0,0.0,0.0,0.0,0.0,0.0,0.0,0.0,0.0,0.0,0.0,0.0,0.0,0.0,0.0,0.0,0.0,0.0,0.0,0.0,0.0,0.0,0.0,0.0,0.0,0.0,0.0
3988.065476190476,1000.3472222222223,1237.7777777777778,948.3333333333334,2373.1944444444443,546.25,1786.25,404.1666666666667,240.20833333333334,1502.0833333333333,418.33333333333337,449.93055555555554,101.66666666666667,316.6666666666667,331.94444444444446,146.18055555555554,463.3333333333333,48.333333333333336,410.55555555555554,296.25,102.08333333333334,133.57142857142858,539.1666666666666,50.0,183.33333333333334,45.41666666666667,350.69444444444446,52.777777777777786,0.0,211.30952380952382,0.0,458.33333333333337,1176.875,68.75,0.0,50.0,24.583333333333336,8.333333333333334,79.16666666666667,75.0,16.666666666666668,245.69444444444446,316.6666666666667,25.0,0.0,12.5,0.0,16.666666666666668,0.0,66.66666666666667,5.0,0.0,77.5,0.0,133.33333333333334,6.25,0.0,0.0,33.333333333333336,41.66666666666667,91.66666666666667,0.0,187.5,0.0,12.5,0.0,0.0,0.0,0.0,8.333333333333334,0.0,0.0,52.5,12.5,479.1666666666667,0.0,0.0,0.0,0.0,0.0,0.0,0.0,3.125,0.0,0.0,0.0,41.66666666666667,16.666666666666668,0.0,25.0,0.0,0.0,0.0,37.5,13.333333333333334,0.0,0.0,0.0,12.5,79.16666666666667,25.0,6.25,0.8064516129032259,0.0,66.66666666666667,0.0,0.0,0.0,12.096774193548388,25.0,0.8064516129032259,0.8064516129032259,0.8064516129032259,0.8064516129032259,0.8064516129032259,0.0,0.0,8.064516129032258,0.0,5.0,0.0,0.0,0.0,0.0,22.22222222222222,0.0,0.0,0.0,0.0,0.0,0.0,0.0,0.0,0.0,0.0,0.0,0.0,0.0,12.5,0.0,0.0,0.0,0.0,0.0,0.0,0.0,0.0,0.0,0.0,0.0,0.0,0.0,12.5,0.0,0.0,0.0,0.0,0.0,0.0,0.0,0.0,3.125,0.0,0.0,0.0,0.0,0.0,0.0,0.0,0.0,0.0,0.0,0.0,0.0,50.0,0.0,0.0,5.0,0.0,0.0,0.0,0.0,0.0,63.333333333333336,0.0,15.833333333333334,0.0,0.0,0.0,0.0,16.666666666666668,0.0,0.0,0.0,0.0,0.0,5.555555555555555,0.0,0.0,0.0,5.0,0.0,0.0,0.0,0.0,0.0,0.0,0.0,0.0,0.0,920.8333333333334,0.0,0.0,0.0,0.0,0.0,0.0,0.0,0.0,0.0,0.0,0.0,0.0,0.0,0.0,0.0,0.0,0.0,0.0,0.0,0.0,0.0,0.0,0.0,0.0,0.0,0.0,191.66666666666669,0.0,0.0,0.0,0.0,0.0,0.0,0.0,0.0,0.0,0.0,0.0
2018.670634920635,1051.3636363636365,937.0436507936508,1101.2896825396826,922.9166666666666,493.75,1236.3095238095239,434.1666666666667,1162.9166666666667,289.5833333333333,404.1666666666667,347.6190476190476,347.6010101010101,84.02777777777777,114.58333333333334,265.8333333333333,525.0,33.333333333333336,377.9761904761905,179.16666666666666,86.45833333333333,97.61904761904762,280.0,83.33333333333334,0.0,0.0,410.75757575757575,37.5,36.458333333333336,222.5,12.5,341.6666666666667,275.0,0.0,62.5,62.5,62.5,25.0,150.29761904761904,0.0,0.0,256.52777777777777,50.0,11.666666666666668,0.0,50.0,0.0,50.0,0.0,0.0,0.0,40.47619047619048,30.0,9.375,68.75,22.916666666666664,0.0,0.0,0.0,0.0,0.0,0.0,0.0,0.0,0.0,5.555555555555555,0.0,0.0,0.0,6.25,0.0,0.0,2.5,0.0,200.0,0.0,0.0,108.33333333333333,12.5,0.0,0.0,0.0,0.0,0.0,0.0,0.0,83.33333333333334,0.0,0.0,0.0,0.0,0.0,8.333333333333334,16.666666666666668,0.0,14.166666666666668,37.5,0.0,0.0,25.0,0.0,25.0,0.0,0.0,0.0,16.666666666666668,0.0,0.0,0.0,0.0,0.0,0.0,0.0,0.0,0.0,50.0,0.0,0.0,0.0,5.0,0.0,0.0,6.666666666666667,0.0,0.0,0.0,100.0,0.0,0.0,0.0,0.0,0.0,0.0,0.0,0.0,0.0,0.0,0.0,0.0,0.0,0.0,0.0,25.0,0.0,12.5,0.0,0.0,0.0,0.0,0.0,0.0,0.0,0.0,0.0,0.0,0.0,0.0,0.0,0.0,0.0,0.0,0.0,10.0,0.0,0.0,0.0,0.0,0.0,0.0,0.0,0.0,0.0,0.0,0.0,0.0,0.0,12.5,0.0,0.0,0.0,0.0,0.0,7.142857142857142,37.5,0.0,9.375,0.0,0.0,0.0,0.0,0.0,0.0,0.0,0.0,0.0,0.0,0.0,0.0,0.0,0.0,5.0,12.5,0.0,0.0,50.0,0.0,0.0,0.0,0.0,0.0,191.66666666666669,0.0,0.0,0.0,0.0,0.0,0.0,0.0,0.0,0.0,0.0,0.0,0.0,0.0,0.0,0.0,0.0,0.0,0.0,0.0,0.0,0.0,0.0,0.0,0.0,0.0,0.0,0.0,0.0,0.0,0.0,0.0,0.0,0.0,0.0,0.0,0.0,0.0,0.0
5841.207646520146,1840.1229326229327,2993.5916919959473,1516.111111111111,1279.7207125367881,1279.7298534798535,1693.5664682539682,1223.2833832833833,1265.763888888889,758.5648148148148,655.8387445887446,849.7125985965732,923.2738095238095,535.0378787878788,530.0595238095239,1656.875,575.9882478632479,596.3690476190476,868.8888888888889,468.7003968253968,759.3560606060606,1151.547619047619,383.3570565907522,130.68452380952382,734.4390331890332,287.61904761904765,789.1666666666667,131.30892255892255,543.5416666666666,188.29365079365078,261.6666666666667,224.35185185185185,380.55555555555554,100.56547619047619,121.43939393939394,353.33333333333337,192.5,371.8154761904762,487.0363408521303,428.6309523809524,0.0,431.01851851851853,110.11904761904762,551.875,206.7742673992674,101.19047619047619,116.66666666666667,137.5,188.88888888888889,198.95833333333334,37.91666666666667,281.7449874686717,188.89880952380952,1516.25,79.31547619047619,295.0,100.0,43.84920634920635,245.83333333333334,186.25,0.390625,125.96153846153847,570.2645502645503,173.4126984126984,174.64285714285714,27.142857142857142,179.16666666666669,58.17307692307693,152.36111111111111,119.19642857142857,48.58230311355311,0.0,120.83333333333334,166.66666666666669,50.625,130.55555555555557,68.75,106.25,187.5,60.0,30.0,2.7777777777777777,6.011904761904762,20.0,25.0,56.25,0.0,63.75000000000001,37.54960317460318,241.92307692307693,25.0,0.0,104.00641025641025,50.0,124.70238095238095,163.125,83.33333333333334,0.0,0.0,654.1666666666666,0.0,25.0,10.815430250986783,0.0,15.555555555555555,12.5,34.99240121580547,0.0,165.35645376480173,75.55555555555556,10.815430250986783,10.815430250986783,10.815430250986783,10.815430250986783,10.815430250986783,71.21212121212122,0.0,108.15430250986782,96.97681704260651,55.0,0.0,64.375,0.0,96.04166666666667,0.0,8.75,21.775793650793652,0.0,61.30952380952381,31.25,8.333333333333334,0.0,0.0,0.0,0.0,240.0,79.16666666666667,0.0,0.0,0.0,29.166666666666668,7.142857142857142,62.5,136.66666666666666,32.142857142857146,188.33819536944537,0.0,0.0,183.33333333333334,0.0,0.0,25.833333333333336,22.5,106.18055555555556,25.0,12.5,47.91666666666667,15.625,45.833333333333336,91.66666666666667,59.226190476190474,418.75,16.666666666666668,21.428571428571427,322.9166666666667,0.0,0.0,0.0,16.666666666666668,0.0,0.0,94.11184210526315,19.444444444444446,0.0,33.333333333333336,25.0,8.125,183.33333333333334,50.0,30.555555555555557,3.125,60.0,66.66666666666666,11.11111111111111,9.574468085106382,2.7777777777777777,0.5319148936170213,14.583333333333334,0.0,40.27777777777778,207.14285714285714,0.0,30.555555555555557,0.0,101.38888888888889,0.390625,0.0,25.0,0.0,2.8660646180669063,50.0,3.3333333333333335,75.0,0.0,25.595238095238095,12.5,20.535714285714285,16.666666666666668,0.0,0.0,529.1666666666667,12.5,0.0,40.0,25.0,0.0,0.0,100.0,1.923076923076923,8.333333333333334,204.95169082125605,0.0,8.333333333333334,4.166666666666667,0.0,25.0,12.5,0.0,0.0,0.0,10.0,30.555555555555557,1.5625,0.0,8.333333333333334,0.0,0.0,0.0,0.0,0.0,0.0,0.0,3.125,0.0,22.61904761904762,142.08333333333334,22.61904761904762,0.0,0.0
14532.806734931735,4450.930065305065,8109.858630952381,5897.329267954268,5487.979797979798,6563.285383597884,3178.6507936507937,3809.813172938173,3385.0754453879454,4977.477626540127,3445.334024771525,1538.300865800866,773.9930555555555,2064.186507936508,1227.8968253968255,2493.7062590187593,4579.35440947941,3567.182088744589,1886.6684704184704,3880.436507936508,3439.107142857143,2497.936507936508,4274.869047619048,2492.628968253968,622.5792147667148,978.192553973804,689.202380952381,713.4284696784697,543.3333333333334,3331.4859307359307,930.7711038961039,834.5405982905983,1854.6736596736598,410.7829785954786,512.2767857142858,136.765873015873,961.1689814814815,1054.8809523809523,283.6904761904762,1034.3436077811077,919.7766354016354,978.75,927.4107142857143,5172.806857494357,1092.147486772487,1784.6825396825398,266.7708333333333,1172.3015873015872,1915.357142857143,125.02976190476191,506.57738095238096,45.833333333333336,173.97321428571428,706.0921717171717,199.4047619047619,98.33333333333334,971.5277777777778,70.41666666666667,322.6984126984127,159.16666666666669,262.2916666666667,341.0416666666667,671.2202380952381,210.0,75.0,41.66666666666667,1026.1607142857142,352.59615384615387,471.4583333333333,79.16666666666667,2.7777777777777777,42.22222222222222,1172.3113344988346,1240.188492063492,0.0,155.83333333333334,433.75,25.0,1857.1488095238096,76.52777777777779,11.904761904761905,45.0,26.38888888888889,16.666666666666668,11.11111111111111,43.452380952380956,548.2638888888889,503.9484126984127,6.25,528.75,0.0,12.083333333333334,687.5,2297.624007936508,181.54761904761907,265.69444444444446,479.515873015873,43.63636363636364,100.6547619047619,126.42857142857143,100.0,77.5,4.294683810812844,66.66666666666667,149.8015873015873,58.333333333333336,6.25,71.25,74.42025716219264,91.74603174603175,4.294683810812844,4.294683810812844,4.294683810812844,4.294683810812844,4.294683810812844,330.9275793650794,139.4345238095238,42.94683810812843,35.41666666666667,93.75,51.38888888888889,1286.6966540404042,3.3333333333333335,536.3541666666666,26.666666666666668,10.0,10.714285714285714,168.4375,11.30952380952381,38.75,2.0833333333333335,790.4761904761905,61.21031746031746,253.57142857142856,16.666666666666668,0.0,65.89285714285714,0.0,114.28571428571428,91.86507936507937,17.857142857142854,0.0,20.625,1841.6216075591076,19.285714285714285,0.0,50.0,60.0,0.0,53.57142857142858,0.0,0.0,0.0,520.9108946608947,50.0,183.03571428571428,40.714285714285715,82.91666666666667,41.66666666666667,83.33333333333334,79.16666666666667,12.5,9.791666666666668,50.0,8.035714285714285,180.47619047619048,10.0,0.0,0.0,24.305555555555557,0.0,1.5625,373.8392857142857,56.66666666666667,58.333333333333336,26.091269841269842,150.0,0.0,10.0,0.0,138.47222222222223,43.333333333333336,0.0,0.0,0.0,0.0,0.0,130.5357142857143,39.526289682539684,0.0,0.0,37.5,0.0,40.41666666666667,46.25,25.0,0.0,144.58333333333334,204.4702380952381,6.25,82.95138888888889,0.0,89.44444444444444,21.875,0.0,37.5,5.555555555555555,10.416666666666668,6.25,0.0,150.0,25.0,183.75,4.166666666666667,282.9166666666667,16.666666666666668,0.0,0.0,0.0,0.0,0.0,0.0,0.0,96.38888888888889,0.0,16.145833333333336,0.0,1.7857142857142856,0.0,4.166666666666667,113.0952380952381,0.0,0.0,0.0,0.0,0.0,8.333333333333334,11.11111111111111,0.0,3.2407407407407405,0.0,0.0,22.5,0.0,45.07575757575758,0.0,45.07575757575758,0.0,0.0
9505.393883893885,545.5421245421245,1983.1643111790172,445.843253968254,1164.1224146224147,800.2919071669072,424.2261904761905,1620.8663974913975,1007.9145021645022,301.86507936507934,303.3267195767196,4.848484848484849,587.3160173160173,366.75324675324674,133.57142857142858,3276.7705535205537,392.56427831427834,1745.2510822510824,279.2478354978355,1440.9469696969697,214.8884448884449,118.17460317460318,290.69444444444446,31.966089466089468,79.5,205.5952380952381,0.0,281.7583927510398,648.531746031746,1072.0382395382396,1144.0713453213452,153.73511904761904,196.5349927849928,291.2121212121212,30.0,102.85714285714286,232.29166666666669,16.666666666666668,103.00213675213675,35.76058201058201,125.0,50.0,0.0,111.2056277056277,52.5,410.9920634920635,112.38095238095238,41.666666666666664,0.0,573.0059523809524,68.13131313131314,0.0,40.0,56.317460317460316,0.0,0.0,16.666666666666668,0.0,3.571428571428571,28.846153846153847,25.0,0.0,199.4089244089244,20.555555555555557,0.0,0.0,4.545454545454546,18.055555555555557,128.57142857142858,0.0,0.0,0.0,6.25,38.57142857142857,0.0,0.0,0.0,33.333333333333336,0.0,0.0,0.0,0.0,0.0,0.0,0.0,372.9563492063492,87.85714285714286,12.5,1.5625,50.0,3.3333333333333335,5.416666666666667,0.0,72.04761904761905,0.0,5.0,0.0,0.0,29.82905982905983,5.555555555555555,3.846153846153846,28.57142857142857,0.0,13.61111111111111,0.0,0.0,12.878787878787879,60.0,0.0,0.0,0.0,0.0,0.0,0.0,0.0,127.83333333333333,10.0,0.0,795.7142857142858,25.0,0.0,0.0,0.0,0.0,162.5,46.62698412698413,1.1363636363636365,15.9508547008547,14.285714285714285,0.0,0.0,0.0,25.0,0.0,0.0,0.0,8.142857142857142,21.25,6.25,14.5,40.0,49.358974358974365,7.142857142857142,25.0,0.0,0.0,0.0,2.5,0.0,5.555555555555555,14.285714285714285,0.0,0.0,0.0,0.0,13.928571428571429,0.0,12.5,0.0,0.0,0.0,6.25,0.0,0.0,10.0,0.0,0.0,0.0,0.0,0.0,0.0,0.0,5.795454545454546,0.0,0.0,0.0,0.0,0.0,0.0,0.0,0.0,0.0,0.0,9.523809523809524,115.90909090909092,2.380952380952381,6.4393939393939394,0.0,45.03565062388592,0.0,0.0,0.0,0.0,0.0,0.0,0.0,0.0,0.0,0.0,0.0,0.0,25.0,0.0,0.0,0.0,0.0,0.0,2.941176470588235,0.0,0.0,0.0,0.0,0.0,0.0,0.0,0.0,0.0,0.0,0.0,0.0,0.0,0.0,0.0,0.0,0.0,0.0,0.0,0.0,0.0,0.0,0.0,0.0,0.0,0.0,0.0,0.0,0.0,0.0,0.0,10.0,0.0,0.0,0.0,0.0,0.0,0.0,0.0,0.0,0.0
14959.993881118882,4044.6849030599033,8713.631102693604,4415.487223424723,5899.997594997595,3650.3058862433863,2868.6928104575163,1677.6781621156622,1784.1768162393162,4384.287157287157,5288.5225769600775,1659.9253034547153,825.4277296777296,1949.9675324675325,409.86607142857144,4191.555465367966,4046.831043956044,5782.269570707071,847.165404040404,2391.964826839827,1214.3948412698412,1657.673611111111,671.4431216931217,1316.125541125541,395.57563732563733,1025.953105921856,183.140873015873,1097.5382580382582,240.03968253968253,3228.9144420394423,699.5842352092352,1759.4642857142858,1858.5256954374602,433.287037037037,2006.7410714285713,86.21031746031746,597.4024470899471,158.81944444444446,3.25,454.4826238576239,564.113325128031,91.66666666666667,94.95039682539682,760.2500180919299,51.11201298701299,709.890873015873,277.47279341029343,524.6464646464647,145.62996031746033,50.0,88.18452380952381,0.0,28.973214285714285,78.19913419913419,230.46428571428572,28.88888888888889,34.32539682539682,28.229166666666664,1.6666666666666667,14.0625,7.142857142857142,8.75,519.8526936026936,137.12301587301587,0.0,0.0,57.31060606060606,17.182539682539684,69.79166666666667,61.94444444444444,0.0,40.18518518518519,166.32842851592852,526.1375661375662,7.361111111111111,64.58333333333333,15.277777777777779,23.333333333333332,454.718253968254,23.432539682539684,41.36904761904762,4.166666666666666,19.444444444444446,0.0,12.5,194.1931216931217,64.66269841269842,50.58531746031746,40.27777777777778,8.333333333333334,121.65674603174604,22.182539682539684,13.88888888888889,1576.8412698412699,16.011904761904763,28.63095238095238,135.66666666666666,15.833333333333336,17.123015873015873,12.619047619047619,94.44444444444444,70.69444444444444,0.6944444444444444,20.555555555555557,45.37698412698413,8.333333333333334,1.6498316498316496,67.29166666666667,10.416666666666666,24.246031746031747,0.6944444444444444,0.6944444444444444,0.6944444444444444,0.6944444444444444,0.6944444444444444,462.64980158730157,74.52380952380952,6.944444444444445,34.583333333333336,1.7857142857142856,9.722222222222221,107.3070159007659,5.119047619047619,5.555555555555555,0.0,69.93686868686869,9.375,46.67824074074074,80.83333333333334,2.0833333333333335,15.625,138.4126984126984,66.62698412698413,0.0,0.0,25.173611111111114,1.0,10.0,1.6666666666666667,53.19047619047619,178.94444444444446,0.0,93.66071428571428,710.5826118326119,8.333333333333334,0.0,0.0,179.44444444444446,22.916666666666668,6.145833333333334,7.8125,0.0,0.0,53.59848484848485,0.0,104.55357142857143,10.714285714285714,32.5,0.0,0.0,39.583333333333336,0.0,0.0,0.0,65.43154761904762,42.85714285714286,0.0,0.0,0.0,6.666666666666666,0.0,6.5625,45.22817460317461,19.305555555555557,1.7857142857142856,8.035714285714285,0.0,0.0,4.166666666666667,0.0,49.72222222222222,14.166666666666668,0.0,0.0,14.848484848484848,0.0,0.8249158249158248,18.452380952380953,14.821428571428571,16.145833333333336,0.0,12.5,0.0,0.0,18.75,0.0,0.0,2.0833333333333335,60.30357142857143,0.0,1.5625,0.0,0.0,0.0,3.125,14.285714285714285,0.0,64.58333333333334,0.0,3.3333333333333335,0.0,0.0,2.5,54.166666666666664,2.7777777777777777,0.0,0.0,0.0,0.0,0.0,0.0,0.0,0.0,4.166666666666667,0.0,3.6458333333333335,0.0,1.7857142857142856,0.0,0.0,50.595238095238095,6.25,0.0,0.0,0.0,25.0,0.0,50.0,0.0,1.8518518518518516,0.0,0.0,12.5,0.0,7.575757575757576,0.0,7.575757575757576,0.0,0.0
451.373556998557,259.375,273.5254329004329,0.0,85.0,0.0,0.0,22.5,0.0,10.357142857142858,25.0,1.7857142857142856,121.72619047619048,28.47222222222222,0.0,0.0,12.5,3.125,3.571428571428571,0.0,0.0,0.0,0.0,0.0,0.0,0.0,0.0,3.125,2.5,25.0,0.0,0.0,0.0,0.0,29.166666666666664,0.0,0.0,0.0,8.571428571428571,0.0,0.0,0.0,25.0,0.0,25.0,0.0,0.0,0.0,0.0,0.0,5.555555555555555,1.7857142857142856,19.583333333333332,0.0,0.0,4.545454545454546,0.0,0.0,0.0,2.7777777777777777,0.0,0.0,0.0,0.0,0.0,0.0,0.0,8.75,0.0,0.0,0.0,0.0,0.0,0.0,0.0,0.0,5.555555555555555,6.25,0.0,0.0,0.0,0.0,0.0,0.0,0.0,37.5,0.0,0.0,0.0,0.0,0.0,16.666666666666668,0.0,0.0,2.0833333333333335,0.0,0.0,0.0,0.0,0.0,0.0,12.5,0.0,4.166666666666667,0.0,3.571428571428571,0.0,0.0,0.0,0.0,0.0,0.0,0.0,0.0,0.0,0.0,0.0,0.0,0.0,0.0,0.0,0.0,0.0,0.0,0.0,0.0,0.0,0.0,0.0,0.0,0.0,0.0,0.0,0.0,0.0,0.0,0.0,0.0,12.5,0.0,0.0,0.0,0.0,0.0,0.0,0.0,0.0,0.0,0.0,0.0,0.0,4.166666666666667,0.0,0.0,0.0,0.0,0.0,0.0,0.0,0.0,0.0,0.0,0.0,3.125,0.0,0.0,0.0,0.0,0.0,0.0,10.714285714285714,0.0,0.0,41.31944444444444,0.0,0.0,0.0,0.0,0.0,0.0,0.0,0.0,16.666666666666668,0.0,0.0,0.0,0.0,0.0,0.0,0.0,0.0,0.0,0.0,0.0,0.0,0.0,0.0,0.0,0.0,0.0,0.0,0.0,0.0,0.0,0.0,0.0,0.0,0.0,0.0,0.0,0.0,0.0,0.0,0.0,0.0,0.0,0.0,0.0,0.0,0.0,0.0,0.0,0.0,0.0,0.0,0.0,0.0,0.0,0.0,0.0,0.0,0.0,0.0,0.0,0.0,0.0,0.0,0.0,0.0,0.0,0.0,0.0,0.0,0.0,0.0,0.0,0.0,0.0,0.0
1112.4801587301588,85.0,219.44444444444446,25.0,50.0,50.0,62.5,75.0,25.0,0.0,33.333333333333336,0.0,84.72222222222223,2.7777777777777777,0.0,16.666666666666668,63.888888888888886,8.333333333333334,0.0,0.0,0.0,0.0,100.0,0.0,8.333333333333334,0.0,75.0,5.555555555555555,0.0,0.0,87.5,0.0,0.0,5.0,30.0,0.0,0.0,0.0,16.666666666666668,0.0,0.0,0.0,0.0,0.0,25.0,0.0,0.0,0.0,0.0,0.0,16.666666666666668,0.0,0.0,0.0,0.0,0.0,0.0,0.0,0.0,2.380952380952381,0.0,181.66666666666669,0.0,0.0,0.0,0.0,0.0,0.0,0.0,0.0,0.0,0.0,0.0,0.0,0.0,0.0,0.0,408.33333333333337,0.0,8.333333333333334,0.0,0.0,0.0,0.0,0.0,0.0,0.0,0.0,0.0,0.0,0.0,12.5,0.0,0.0,0.0,0.0,0.0,0.0,0.0,0.0,0.0,0.0,0.0,0.0,82.5,0.0,0.0,0.0,0.0,0.0,0.0,0.0,0.0,0.0,0.0,0.0,0.0,0.0,0.0,0.0,0.0,1.3888888888888888,0.0,0.0,0.0,0.0,0.0,0.0,0.0,41.66666666666667,0.0,0.0,0.0,0.0,0.0,58.333333333333336,0.0,0.0,0.0,0.0,0.0,0.0,0.0,0.0,0.0,0.0,0.0,0.0,0.0,0.0,0.0,1.3888888888888888,0.0,0.0,0.0,0.0,0.0,0.0,0.0,0.0,0.0,0.0,0.0,0.0,0.0,0.0,0.0,0.0,0.0,0.0,8.333333333333334,0.0,0.0,0.0,0.0,0.0,0.0,0.0,0.0,0.0,0.0,0.0,0.0,0.0,0.0,0.0,0.0,0.0,0.0,0.0,0.0,0.0,10.0,0.0,0.0,15.0,0.0,0.0,0.0,0.0,0.0,0.0,6.25,0.0,0.0,0.0,0.0,0.0,0.0,0.0,0.0,0.0,0.0,0.0,0.0,5.555555555555555,0.0,0.0,0.0,25.0,0.0,0.0,0.0,0.0,0.0,0.0,0.0,0.0,0.0,0.0,0.0,0.0,0.0,0.0,0.0,0.0,0.0,0.0,0.0,0.0,0.0,0.0,25.0,4.166666666666667,0.0,0.0,0.0,0.0,0.0
29.166666666666668,0.0,0.0,0.0,0.0,0.0,0.0,25.0,0.0,0.0,0.0,0.0,11.11111111111111,0.0,0.0,0.0,0.0,0.0,0.0,0.0,0.0,0.0,0.0,0.0,0.0,0.0,0.0,0.0,0.0,0.0,0.0,0.0,0.0,0.0,0.0,0.0,0.0,0.0,0.0,0.0,0.0,0.0,0.0,0.0,0.0,0.0,0.0,0.0,0.0,0.0,0.0,0.0,0.0,0.0,0.0,0.0,0.0,0.0,0.0,0.0,0.0,0.0,0.0,0.0,0.0,0.0,0.0,0.0,0.0,0.0,0.0,0.0,0.0,0.0,0.0,0.0,0.0,41.66666666666667,0.0,0.0,0.0,0.0,0.0,0.0,0.0,0.0,0.0,0.0,0.0,0.0,0.0,0.0,0.0,0.0,0.0,0.0,0.0,0.0,0.0,0.0,0.0,0.0,0.0,0.0,0.0,0.0,0.0,0.0,0.0,0.0,0.0,0.0,0.0,0.0,0.0,0.0,0.0,0.0,0.0,0.0,0.0,0.0,0.0,0.0,0.0,0.0,0.0,0.0,0.0,0.0,0.0,0.0,0.0,0.0,0.0,0.0,0.0,0.0,0.0,0.0,0.0,0.0,0.0,0.0,0.0,0.0,0.0,0.0,0.0,0.0,0.0,0.0,0.0,0.0,0.0,0.0,0.0,0.0,0.0,0.0,0.0,0.0,0.0,0.0,0.0,0.0,0.0,0.0,0.0,0.0,0.0,0.0,0.0,0.0,0.0,0.0,0.0,0.0,0.0,0.0,0.0,0.0,0.0,0.0,0.0,0.0,0.0,0.0,0.0,0.0,0.0,0.0,0.0,0.0,0.0,0.0,0.0,0.0,0.0,0.0,0.0,0.0,0.0,0.0,0.0,0.0,0.0,0.0,0.0,0.0,0.0,0.0,0.0,0.0,0.0,5.555555555555555,0.0,0.0,0.0,0.0,0.0,0.0,0.0,0.0,0.0,0.0,0.0,0.0,0.0,0.0,0.0,0.0,0.0,0.0,0.0,0.0,0.0,0.0,0.0,0.0,0.0,0.0,0.0,4.166666666666667,0.0,0.0,0.0,0.0,0.0
1254.0301827801827,245.48789173789174,219.1967291967292,195.80026455026456,331.25,56.08974358974359,51.65343915343915,428.9247557997558,95.0,70.53571428571429,68.75,71.13095238095238,417.5892857142857,39.88095238095238,14.285714285714285,80.0,131.16096866096868,12.946428571428571,2.0833333333333335,16.666666666666668,20.833333333333332,33.92857142857143,19.83886483886484,6.0606060606060606,39.957264957264954,1.8518518518518516,102.2008547008547,0.0,3.846153846153846,30.357142857142858,18.75,0.0,12.5,8.333333333333334,108.84920634920636,0.0,0.0,5.0,85.8603896103896,0.0,25.0,6.25,0.0,15.396825396825395,33.333333333333336,4.761904761904762,8.333333333333334,0.0,0.0,0.0,0.0,0.0,0.0,12.5,17.410714285714285,29.894179894179892,0.0,0.0,2.380952380952381,4.232804232804233,0.0,0.0,0.0,0.0,0.0,0.0,0.0,15.277777777777779,0.0,10.0,25.0,0.0,0.0,0.0,0.0,8.333333333333332,50.0,31.944444444444443,0.0,4.166666666666667,0.0,0.0,0.0,0.0,1.3888888888888888,0.0,0.0,0.0,0.0,0.0,0.0,7.5,0.0,0.0,0.0,0.0,0.0,0.0,0.0,0.0,0.0,0.0,0.0,0.0,0.0,0.0,0.0,0.0,0.0,0.0,0.0,0.0,0.0,0.0,0.0,0.0,0.0,0.0,0.0,0.0,0.0,0.0,0.0,0.0,0.0,0.0,0.0,0.0,0.0,0.0,6.944444444444445,0.0,0.0,0.0,1.8518518518518516,0.0,0.0,0.0,0.0,0.0,0.0,4.232804232804233,0.0,0.0,57.05128205128205,0.0,0.0,0.0,0.0,0.0,0.0,1.8518518518518516,0.0,0.0,0.0,8.333333333333334,0.0,0.0,0.0,0.0,0.0,0.0,0.0,0.0,0.0,0.0,0.0,0.0,0.0,0.0,2.380952380952381,0.0,0.0,0.0,0.0,0.0,0.0,2.7777777777777777,0.0,0.0,0.0,0.0,0.0,0.0,0.0,0.0,0.0,0.0,0.0,0.0,0.0,0.0,0.0,0.0,0.0,0.0,0.0,0.0,0.0,0.0,0.0,0.0,0.0,0.0,0.0,0.0,0.0,0.0,0.0,0.0,0.0,0.0,0.0,0.0,0.0,13.154761904761905,0.0,12.5,0.0,10.0,0.0,16.666666666666668,0.0,0.0,0.0,0.0,0.0,0.0,0.0,0.0,0.0,0.0,0.0,0.0,0.0,0.0,0.0,0.0,0.0,0.0,0.0,0.0,0.0,17.962962962962962,0.0,0.0,0.0,0.0,5.555555555555555
6810.395400759371,1579.5697265697265,1789.4389314389314,1364.5964822214821,2108.5518648018647,251.8264187503318,522.9820545739664,662.2171786546786,597.3408508702627,351.19505494505495,143.13095238095238,956.8699356199356,1876.8107448107448,280.10255716505714,289.4414173789174,168.38003663003664,367.7448708698709,285.78198653198655,129.60016835016836,439.6278998778999,323.61119436119435,273.5468004218004,67.97378547378547,100.00108225108225,341.7934842934843,445.87566137566137,210.47213897213896,33.392857142857146,11.599152481505424,99.82142857142857,126.54754967254968,201.01190476190476,0.0,53.71031746031746,83.31775863025862,41.25,0.0,26.105283605283606,297.3244463869464,39.20634920634921,32.916666666666664,0.0,54.75308641975309,2.7777777777777777,151.66666666666669,24.92063492063492,13.071428571428571,67.63888888888889,13.935185185185185,51.406565656565654,81.43055555555556,14.402056277056277,192.84343434343435,39.5,52.950336700336706,47.65933140933141,0.0,4.166666666666666,24.142316017316016,79.43302068302069,54.16666666666667,1.6666666666666667,65.71428571428571,14.583333333333334,4.470238095238095,83.67149758454106,2.0833333333333335,20.705128205128204,24.545454545454547,18.669871794871796,2.0,0.0,55.41666666666667,0.0,186.10269142622084,35.41666666666667,16.666666666666668,155.5429292929293,0.0,2.0833333333333335,10.0,27.22222222222222,0.0,27.42149758454106,13.333333333333334,0.0,5.0,0.0,8.154761904761905,16.11111111111111,48.19444444444444,2.909090909090909,17.142857142857142,4.545454545454546,0.0,2.0,0.0,1.1904761904761905,0.0,25.0,0.0,2.0833333333333335,1.3888888888888888,0.0,0.0,9.848484848484848,15.534965034965035,6.785714285714286,20.833333333333332,0.0,1.3888888888888888,1.3888888888888888,1.3888888888888888,1.3888888888888888,1.3888888888888888,0.0,0.0,13.88888888888889,1.6666666666666667,0.0,8.333333333333334,0.0,0.7142857142857143,2.5,6.25,0.0,50.0,0.0,0.0,0.0,0.0,0.0,12.5,6.25,24.41137566137566,6.203703703703703,1.5151515151515151,0.0,0.0,0.0,0.8333333333333334,4.232804232804233,2.5,2.272727272727273,38.16239316239316,0.0,111.690481359599,12.5,0.0,37.291666666666664,8.875,11.772486772486772,0.0,0.0,32.065867955573836,9.895833333333334,2.564102564102564,0.0,2.0,4.0,0.0,1.1363636363636365,2.4404761904761907,111.2878787878788,0.0,3.2142857142857144,0.0,28.77777777777778,6.345238095238095,0.0,2.380952380952381,37.91125541125541,0.0,37.5,10.444444444444445,0.0,0.0,2.7777777777777777,4.558913308913309,0.0,0.0,0.0,0.0,0.0,0.0,0.0,0.0,0.0,0.0,40.85912698412699,2.297979797979798,3.3333333333333335,0.0,11.11111111111111,0.0,13.714285714285715,4.861111111111111,0.0,0.0,26.666666666666664,0.0,0.0,0.0,0.0,9.583333333333334,0.0,4.320987654320987,0.0,0.0,0.0,0.0,0.0,0.0,0.0,116.0,44.96031746031746,0.0,40.833333333333336,0.0,68.05555555555556,0.0,2.5,2.361111111111111,0.0,0.0,0.0,0.0,0.0,0.0,0.0,0.0,0.0,4.166666666666667,2.0,5.5040792540792545,0.0,0.0,0.0,3.571428571428571,0.0,5.0,0.0,0.0,17.962962962962962,0.0,0.0,0.0,0.0,5.555555555555555
12616.388310663078,3445.881740944241,3916.964556849812,1837.0220465808702,2864.256742999003,1171.3111170019065,1189.4125203500203,977.5118746993747,1155.536567190979,487.2378316128316,1023.3884171384171,2056.1177738585952,3497.8845145867203,1011.3271797646797,510.2030723905724,264.5165945165945,580.6138653013653,833.4848253598253,532.4657749657749,779.674075924076,319.15195915195915,502.42576867576867,242.59802697302698,336.04899930986886,598.8687701187702,375.4021891850839,543.9493145743146,216.03174603174602,54.914622414622414,17.53968253968254,444.23611111111114,680.4310966810967,112.5,102.32804232804233,283.8276653901654,17.592592592592595,10.0,94.33760683760684,511.7964096089096,353.9583333333333,243.51343101343102,126.25,453.4032965037867,106.92612942612942,213.1303418803419,45.8531746031746,41.157407407407405,141.57828282828282,16.566764132553608,78.69033471974649,231.77940115440117,170.6500444000444,175.63143338143337,86.73611111111111,45.72811447811448,76.92800255300256,11.458333333333334,25.0,49.151287309182045,301.84343434343435,22.023809523809526,2.7777777777777777,106.98412698412699,12.5,39.68849206349206,75.92592592592592,2.0833333333333335,49.604839604839604,3.125,8.669871794871794,4.3478260869565215,10.863095238095237,2.5,3.2407407407407405,210.2874902874903,50.97222222222222,25.396825396825395,401.67929292929296,0.0,7.083333333333334,16.666666666666668,30.0,26.875,15.50925925925926,33.86904761904762,8.101851851851851,30.0,0.0,10.238095238095237,18.88888888888889,27.083333333333332,1.282051282051282,90.89285714285714,0.0,10.0,0.0,0.0,7.440476190476191,33.333333333333336,8.333333333333334,50.0,4.647435897435898,1.7279821627647713,69.31818181818183,6.25,26.38888888888889,51.445868945868945,6.785714285714286,25.91973244147157,0.0,1.7279821627647713,1.7279821627647713,1.7279821627647713,1.7279821627647713,1.7279821627647713,0.0,0.0,17.279821627647713,16.666666666666668,22.596153846153847,0.0,0.0,112.58928571428571,0.0,6.25,0.0,475.3616522366522,13.700396825396826,0.0,101.94444444444444,0.0,6.515151515151516,27.77777777777778,24.583333333333336,17.26851851851852,14.537037037037038,14.015151515151516,3.571428571428571,0.0,1.5151515151515151,11.11111111111111,35.29761904761905,19.166666666666668,2.272727272727273,110.55555555555556,25.0,462.0083007950655,7.828282828282829,9.742063492063492,34.226190476190474,4.504776269482152,43.333333333333336,35.416666666666664,0.0,2.272727272727273,16.145833333333336,10.897435897435898,0.0,0.0,0.0,31.52777777777778,79.46969696969697,44.047619047619044,161.66666666666666,0.0,2.9761904761904763,0.0,23.95173453996983,10.279487669193552,0.0,78.79599567099567,12.380952380952381,0.0,46.42857142857143,0.0,0.0,0.0,0.9259259259259258,0.0,22.38095238095238,0.0,0.0,144.48502886002885,16.666666666666668,16.666666666666664,4.166666666666667,0.9259259259259258,0.0,0.0,53.96825396825397,101.38888888888889,3.3333333333333335,0.0,2.380952380952381,0.0,18.75,17.756410256410255,9.615384615384615,0.0,44.25925925925926,0.0,41.388888888888886,0.0,0.0,8.333333333333334,0.0,18.209876543209877,0.0,0.0,2.579365079365079,0.0,0.0,0.0,0.0,0.0,91.16161616161617,0.0,28.125,4.166666666666667,222.27272727272728,55.026455026455025,15.606060606060606,1.8518518518518516,0.0,8.333333333333334,0.0,2.1739130434782608,2.564102564102564,0.0,0.0,0.0,4.166666666666667,4.166666666666667,0.0,12.373737373737374,0.0,0.0,0.0,3.571428571428571,0.0,0.0,0.0,0.0,35.41666666666667,0.0,9.821428571428571,0.0,0.0,5.555555555555555
2577.9668710918713,323.39285714285717,1418.399470899471,577.6984126984128,966.8921356421357,949.0109196359197,247.2585978835979,331.1271367521368,437.14972527472526,189.72222222222223,708.5515873015873,117.62400793650794,73.53174603174604,292.6686507936508,475.89794464794466,475.85648148148147,159.30555555555554,511.6335978835979,589.1859066859067,342.17261904761904,527.4785052910053,313.531746031746,366.94444444444446,1033.8320666261843,95.35714285714286,83.33333333333334,54.16666666666667,153.84920634920636,169.8015873015873,213.19444444444446,63.89309764309764,258.5515873015873,273.6111111111111,102.95033670033669,48.125,211.45833333333334,185.0793650793651,120.2314814814815,0.0,59.40476190476191,30.555555555555557,102.3015873015873,96.03174603174604,775.0892857142858,234.484126984127,98.67063492063492,20.952380952380953,129.53373015873015,337.3217291967292,4.292929292929292,9.375,4.166666666666667,0.0,25.555555555555557,66.66666666666667,87.3931623931624,47.5,41.72799422799423,3.3333333333333335,44.861111111111114,57.42521367521367,107.2076140090846,56.98412698412699,45.0,19.444444444444446,0.0,51.18945868945869,27.5,87.20238095238096,75.3125,8.333333333333334,13.333333333333334,82.28896103896105,81.54761904761905,0.0,92.91666666666667,16.666666666666668,1.6666666666666667,891.2373737373738,32.870370370370374,6.666666666666667,1.923076923076923,0.0,0.0,11.541127717598306,25.0,160.89972527472528,42.77777777777778,19.444444444444443,47.91666666666667,25.0,6.25,55.0,122.22222222222223,0.0,91.68650793650795,138.33333333333334,52.77777777777778,0.0,0.0,8.11965811965812,0.0,1.2784090909090908,37.38095238095238,2.0833333333333335,3.3333333333333335,0.0,28.88888888888889,19.176136363636363,0.0,1.2784090909090908,1.2784090909090908,1.2784090909090908,1.2784090909090908,1.2784090909090908,0.0,2.0833333333333335,12.78409090909091,0.0,4.166666666666667,0.0,6.25,0.0,119.73544973544973,16.666666666666668,0.0,0.0,0.0,0.0,0.0,0.0,30.142318193788782,0.0,0.0,0.0,0.0,14.880952380952381,9.404761904761905,0.0,20.648686825157412,0.0,0.0,16.666666666666668,36.111111111111114,0.0,0.0,0.0,0.0,0.0,0.0,0.0,0.0,20.833333333333336,11.686507936507937,0.0,0.0,3.125,0.0,7.01058201058201,14.02116402116402,0.0,0.0,0.0,0.0,56.25,0.0,0.0,0.0,0.0,9.444444444444445,0.0,0.0,117.03102453102453,5.277777777777778,0.0,6.944444444444445,22.34848484848485,0.0,4.166666666666667,0.0,0.0,0.0,0.0,0.0,0.0,0.0,0.0,0.0,0.0,0.0,2.0833333333333335,0.0,0.0,13.88888888888889,5.555555555555555,0.0,0.0,10.256410256410255,4.615384615384615,0.0,0.0,0.0,21.944444444444446,0.0,0.0,0.0,0.0,2.7777777777777777,16.666666666666668,20.833333333333336,0.0,0.0,4.166666666666667,0.0,0.0,0.0,0.0,0.0,0.0,0.0,0.0,0.0,0.0,19.444444444444443,0.0,5.555555555555555,0.0,0.0,0.0,0.0,0.0,0.0,0.0,0.0,5.0,0.0,0.0,0.0,0.0,0.0,0.0,0.0,0.0,0.0,0.0,0.0,0.0,0.0,0.0
2522.0689033189033,840.501443001443,1772.0213293650795,743.1944444444445,2167.367052881759,781.2946428571429,413.5218253968254,224.88095238095238,584.5138888888889,835.7600957049486,333.0328798185941,302.2916666666667,172.09821428571428,322.56944444444446,362.9166666666667,513.0555555555555,233.5218253968254,367.23214285714283,230.48611111111111,431.9246031746032,738.640873015873,292.3809523809524,696.1111111111111,244.86111111111111,87.38269171304886,68.33333333333333,35.39540816326531,304.7321428571429,168.75,319.375,326.57738095238096,85.41666666666667,568.0519480519481,101.5873015873016,113.4920634920635,33.75,28.125,106.45833333333334,33.57426303854876,83.02083333333334,69.76190476190476,163.98809523809524,35.55555555555556,488.3234126984127,20.238095238095237,159.67261904761904,4.166666666666667,49.583333333333336,179.16666666666669,115.0,34.79166666666667,16.666666666666668,7.5,15.563543599257885,172.5,41.66666666666667,25.625,0.0,0.0,50.0,88.54166666666667,21.180555555555557,6.696428571428571,22.5,0.0,0.0,96.45833333333334,0.0,12.5,16.666666666666668,2.7777777777777777,3.125,41.66666666666667,123.40277777777779,0.0,0.0,16.666666666666668,0.0,783.343253968254,6.25,75.0,0.0,0.0,0.0,1.3888888888888888,25.0,14.583333333333336,51.78571428571429,0.0,15.0,0.0,11.11111111111111,66.66666666666667,491.9791666666667,59.72222222222222,47.5,43.05555555555556,0.0,10.833333333333334,0.0,0.0,4.166666666666667,0.7352941176470588,0.0,21.38888888888889,0.0,6.25,83.33333333333333,11.029411764705882,62.5,0.7352941176470588,0.7352941176470588,0.7352941176470588,0.7352941176470588,0.7352941176470588,0.0,6.696428571428571,7.352941176470588,6.25,0.0,12.5,24.166666666666664,0.0,42.53472222222223,0.0,0.0,0.0,50.0,0.0,0.0,5.144557823129252,51.04166666666667,21.666666666666668,0.0,0.0,0.0,12.5,0.0,0.0,12.5,0.0,0.0,50.0,49.479166666666664,0.0,0.0,0.0,0.0,0.0,0.0,0.0,0.0,0.0,0.0,0.0,3.125,0.0,25.0,0.0,0.0,8.333333333333334,0.0,3.125,0.0,0.0,18.055555555555557,0.0,0.0,0.0,11.25,0.0,0.0,21.279761904761905,25.0,0.0,0.0,0.0,0.0,0.0,0.0,10.416666666666668,12.5,0.0,0.0,0.0,0.0,0.0,12.916666666666668,6.510416666666667,0.0,0.0,0.0,0.0,4.583333333333334,5.0,0.0,0.0,2.5,0.0,16.666666666666668,8.333333333333334,0.0,0.0,3.125,0.0,4.166666666666667,0.0,0.0,10.416666666666668,0.0,0.0,0.0,6.25,0.0,14.583333333333334,0.0,0.0,0.0,0.0,0.0,0.0,0.0,0.0,31.666666666666668,0.0,4.166666666666667,0.0,0.0,0.0,4.166666666666667,0.0,0.0,0.0,0.0,0.0,0.0,0.0,0.0,0.0,1.3888888888888888,0.0,0.0,0.0,0.0,0.0,0.0,0.0,0.0,0.0
3373.0158730158732,431.25,1126.5873015873017,379.35185185185185,690.813492063492,780.0,483.35317460317464,673.0221861471862,600.5753968253969,763.968253968254,681.3425925925926,258.9484126984127,278.1547619047619,248.015873015873,242.84722222222223,158.73015873015873,299.76851851851853,279.5833333333333,46.94444444444444,420.4166666666667,288.05555555555554,421.7162698412698,213.75,250.0,87.5,54.31547619047619,60.0,165.9469696969697,271.5665584415584,638.3333333333334,0.0,260.08597883597884,437.77777777777777,67.27272727272728,50.0,62.5,174.19733044733044,282.0833333333333,0.0,51.279761904761905,27.904040404040405,125.0,25.0,819.7150072150073,41.66666666666667,229.86111111111111,4.166666666666667,360.83333333333337,220.33189033189032,12.5,14.583333333333334,0.0,5.555555555555555,50.18518518518518,34.72222222222222,111.11111111111111,67.85714285714286,28.333333333333332,3.125,25.0,12.5,39.583333333333336,70.0,66.66666666666667,22.22222222222222,0.0,126.25,0.0,0.0,0.0,32.77777777777778,0.0,5.654761904761905,9.821428571428571,0.0,5.0,0.0,0.0,275.0,28.125,12.5,9.375,0.0,0.0,30.0,0.0,0.0,37.698412698412696,0.0,0.0,12.5,3.896103896103896,33.333333333333336,2718.690476190476,20.19149831649832,13.333333333333334,131.25,25.0,0.0,20.833333333333336,0.0,65.13888888888889,0.0,0.0,0.0,21.666666666666668,25.0,0.0,0.0,0.0,0.0,0.0,0.0,0.0,0.0,25.0,12.5,0.0,0.0,26.666666666666668,3.935185185185185,86.11111111111111,0.0,0.0,0.0,0.0,0.0,0.0,5.416666666666667,2.7777777777777777,0.0,234.86111111111111,0.0,25.0,0.0,0.0,8.333333333333334,18.75,9.166666666666668,0.0,0.0,0.0,13.88888888888889,44.04761904761905,0.0,0.0,0.0,0.0,0.0,0.0,0.0,0.0,0.0,8.333333333333334,7.4074074074074066,8.333333333333334,0.0,0.0,0.0,0.0,0.0,0.0,0.0,0.0,0.0,0.0,9.887566137566138,0.0,0.0,0.0,0.0,0.0,25.0,0.0,16.666666666666668,18.75,32.67195767195767,0.0,0.0,0.0,5.0,0.0,0.0,0.0,0.0,0.0,0.0,0.0,28.57142857142857,0.0,4.166666666666667,0.0,0.0,0.0,0.0,0.0,0.0,0.0,37.5,0.0,0.0,0.0,0.0,28.57142857142857,0.0,0.0,0.0,0.0,0.0,0.0,31.25,2.7777777777777777,0.0,1.8518518518518516,4.166666666666667,0.0,0.0,0.0,0.0,0.0,0.0,0.0,0.0,0.0,0.0,31.25,0.0,2.0833333333333335,0.0,0.0,0.0,0.0,0.0,0.0,0.0,0.0,0.0,0.0,0.0,0.0,0.0,0.0,0.0,0.0,0.0,0.0,0.0,0.0,0.0
5671.271923617319,1897.0405982905984,1502.1117424242425,1955.8351370851371,1948.968253968254,2145.63277000777,694.7050865800866,2744.1412680886365,1036.643217893218,741.5368403526298,814.2409812409812,453.5554029304029,492.68237318237317,420.0992063492063,614.2857142857143,844.7339466089466,844.375901875902,363.75,287.0595238095238,385.8959899749373,1543.1426906426907,667.8896103896104,79.82142857142857,446.37987012987014,460.12591575091574,138.26388888888889,240.83333333333334,231.6170634920635,239.16927736006684,262.4503968253968,35.11904761904762,1572.5843253968253,166.5376984126984,143.125,324.2528195488722,745.5212148962149,602.968795093795,179.33531746031747,72.14912280701755,480.2480158730159,423.1791125541126,251.20238095238096,22.738095238095237,780.9898781773782,33.333333333333336,325.38690476190476,277.3809523809524,571.6369047619048,60.0,209.98286435786434,68.01587301587301,44.583333333333336,16.666666666666668,213.10210622710622,517.0156926406927,37.5,27.083333333333336,132.62987012987014,53.125,22.916666666666668,177.08603896103895,17.708333333333336,12.5,115.23809523809524,0.0,75.9469696969697,5.555555555555555,12.5,13.80952380952381,127.99603174603175,16.666666666666668,28.58974358974359,177.73809523809524,53.95021645021645,0.0,171.61525974025975,96.5079365079365,0.0,165.625,64.375,158.42938311688312,9.166666666666668,142.5,62.5,27.5,118.12996031746032,14.027777777777779,96.25,26.189123376623378,25.0,63.19444444444444,22.22222222222222,75.0,79.44444444444444,72.08333333333333,5.0,5.277777777777778,30.35714285714286,3.125,0.0,53.57142857142857,34.64285714285714,0.6578947368421053,5.555555555555555,27.142857142857142,2.272727272727273,21.38157894736842,33.93939393939394,9.868421052631579,23.04563492063492,0.6578947368421053,0.6578947368421053,0.6578947368421053,0.6578947368421053,0.6578947368421053,2.0833333333333335,3.125,6.578947368421053,82.63888888888889,107.22222222222223,46.547619047619044,33.333333333333336,125.0,43.333333333333336,34.375,39.226190476190474,12.5,30.714285714285715,9.821428571428571,83.33333333333333,10.0,17.5,29.166666666666664,12.5,20.0,0.0,4.861111111111111,20.833333333333336,6.25,19.02777777777778,22.916666666666668,0.0,66.36904761904762,0.0,0.0,46.63691571586308,3.125,25.0,211.9047619047619,4.166666666666667,175.0,0.0,0.0,6.666666666666667,21.428571428571427,12.5,25.0,2.5,35.54197994987469,71.08395989974937,40.27777777777778,8.333333333333334,1.7857142857142856,5.555555555555555,8.333333333333334,355.55555555555554,28.57142857142857,0.0,0.0,21.666666666666668,0.0,0.0,5.0,0.0,25.0,12.5,85.83333333333334,47.91666666666667,0.9615384615384615,0.0,37.5,0.0,0.0,16.666666666666668,0.0,4.166666666666667,0.0,12.321428571428571,2.5595238095238093,0.0,3.571428571428571,0.0,16.666666666666668,16.944444444444443,0.0,18.452380952380953,0.0,16.666666666666668,0.0,0.0,0.0,0.0,0.0,4.166666666666667,0.0,9.375,0.0,5.902777777777778,8.402777777777779,3.541666666666667,0.0,0.0,0.0,12.5,0.0,0.0,52.08333333333333,0.0,10.69078947368421,0.0,0.0,0.0,0.0,10.714285714285714,21.38157894736842,8.333333333333334,0.0,0.0,0.0,0.0,6.25,0.0,0.0,0.0,0.0,0.0,13.541666666666668,0.0,0.0,0.0,4.6875,4.166666666666667,0.0,0.0,0.0,0.0,0.0,0.0,0.0
4210.871873496873,1708.0509768009767,1583.3482142857142,1910.7886904761906,1892.9497354497355,1497.690073815074,774.4268578643579,1949.125064750065,1024.3392255892256,492.6117376775272,1012.4097222222222,612.5744047619048,276.18740981240984,580.734126984127,632.1938131313132,742.4416786916787,982.2916666666667,327.1825396825397,365.57142857142856,353.41583124477864,1069.5799316424316,580.9632034632035,141.69642857142858,192.00892857142858,269.0079365079365,138.234126984127,332.5,213.88888888888889,465.09199134199133,353.57142857142856,8.310185185185185,999.0989894114895,261.3888888888889,51.30681818181818,74.44444444444444,616.1061507936508,295.56800144300144,331.3091931216931,51.31578947368421,280.3720238095238,222.03222703222704,83.44444444444444,14.43452380952381,1186.7569814444814,47.167658730158735,277.9662698412698,390.73593073593076,844.9733946608947,226.63194444444446,122.66369047619048,121.38888888888889,12.5,7.5,81.36904761904762,328.866341991342,42.77777777777778,6.25,83.70625901875903,85.40719696969697,25.0,182.05357142857144,20.48611111111111,0.0,88.33333333333333,27.9978354978355,51.98863636363637,71.38888888888889,4.166666666666667,0.0,155.61825905575907,12.5,36.08974358974359,180.0487012987013,96.42045454545455,0.0,340.9753787878788,335.90999278499277,0.0,332.2916666666667,68.45238095238095,64.3018018018018,60.41666666666667,110.83333333333333,37.5,6.25,69.14682539682539,27.291666666666668,74.67803030303031,29.403409090909093,70.83333333333334,75.69444444444444,25.0,0.0,101.94444444444444,25.0,119.86645299145299,14.761904761904763,0.0,25.347222222222225,0.0,53.57142857142857,4.790728228228228,1.4654880444354128,8.88888888888889,18.392857142857142,3.125,0.0,34.30555555555556,21.982320666531194,14.935897435897436,1.4654880444354128,1.4654880444354128,1.4654880444354128,1.4654880444354128,1.4654880444354128,13.557449494949495,3.6375661375661372,14.654880444354129,51.866883116883116,180.80357142857144,0.0,12.5,156.22685185185185,15.605158730158731,81.80465367965368,14.166666666666668,0.0,21.428571428571427,7.8125,73.33333333333333,46.851851851851855,17.5,34.087752525252526,4.166666666666667,41.29629629629629,5.729166666666667,9.310897435897436,26.785714285714285,0.0,12.083333333333334,20.74404761904762,50.0,0.0,27.22222222222222,0.0,30.68546037296037,0.0,25.0,211.9047619047619,4.166666666666667,108.75,0.8333333333333334,19.642857142857142,34.166666666666664,29.047619047619047,9.444444444444445,0.0,4.166666666666667,0.0,0.0,34.23701298701299,0.0,0.0,5.555555555555555,15.74074074074074,4.861111111111111,2.0833333333333335,5.555555555555555,0.0,18.75,0.0,0.0,54.6875,14.583333333333334,16.666666666666668,0.0,73.33333333333334,90.41666666666667,4.166666666666667,0.0,32.08333333333333,0.0,0.0,26.666666666666668,0.0,6.666666666666667,0.0,65.03607503607503,5.0,0.0,8.333333333333334,8.333333333333334,0.0,16.666666666666668,6.944444444444445,0.0,8.333333333333334,30.833333333333336,1.5625,0.0,0.0,12.5,2.0833333333333335,0.0,0.0,13.125,0.0,5.902777777777778,23.532647907647906,0.0,0.0,0.0,0.0,2.5,12.5,0.0,37.5,0.0,0.0,0.0,0.0,0.0,7.083333333333334,19.047619047619047,0.0,8.333333333333334,0.0,8.333333333333334,0.0,0.0,0.0,0.0,0.0,0.0,4.166666666666667,0.0,40.90277777777778,0.0,0.0,2.5,0.0,0.0,0.0,0.0,0.0,0.0,0.0,0.0,8.333333333333334
3350.0812429672724,701.4781746031746,482.40995115995116,276.52777777777777,647.2519147519148,274.8765008140008,476.5,294.98015873015873,551.5749528249528,223.06738400488402,327.9825036075036,135.72916666666666,251.51785714285714,172.63888888888889,335.4117063492064,366.0763888888889,269.0575396825397,488.5894660894661,235.05050505050505,216.23015873015873,552.6554232804233,187.08333333333334,130.83333333333334,363.9799253034547,188.95833333333334,80.47619047619048,28.645833333333336,202.66955266955267,56.66719718190306,94.83974358974359,72.73504273504274,327.61904761904765,58.333333333333336,203.88888888888889,131.87388591800357,97.68939393939394,221.57106782106783,103.93518518518519,11.11111111111111,104.01785714285714,82.87698412698413,25.833333333333332,0.0,329.98511904761904,26.515151515151516,30.238095238095237,81.08974358974359,240.15873015873015,93.25757575757576,38.333333333333336,0.0,0.0,60.0,61.57738095238095,92.19336219336219,25.0,0.0,38.05555555555556,42.89529914529915,12.5,97.22222222222223,237.08333333333334,10.0,60.23809523809524,2.7777777777777777,0.0,43.84920634920635,0.0,22.22222222222222,2.272727272727273,14.166666666666668,30.833333333333336,27.083333333333336,16.666666666666668,0.0,0.0,0.0,0.0,488.75,0.0,15.833333333333334,0.0,0.0,0.0,12.5,35.714285714285715,12.5,0.0,18.333333333333336,0.0,14.814814814814813,1.0,16.666666666666668,50.0,119.02597402597402,20.0,29.700854700854702,2.7777777777777777,0.0,0.0,64.86111111111111,21.076839826839826,0.0,2.0833333333333335,95.0,46.72619047619048,8.333333333333334,167.51984126984127,0.0,14.652014652014651,0.0,0.0,0.0,0.0,0.0,0.0,2.0833333333333335,0.0,54.910714285714285,1.25,34.743589743589745,0.0,6.25,37.5,0.0,0.0,0.0,0.7692307692307692,0.0,0.0,0.0,72.22222222222223,0.0,50.595238095238095,0.0,25.0,6.071428571428571,15.963203463203463,5.0,0.0,0.0,1.5384615384615383,14.583333333333334,0.0,0.0,0.0,0.0,0.0,1.7857142857142856,0.0,1.7857142857142856,0.0,0.0,0.0,0.0,87.5,54.166666666666664,0.0,1.4705882352941175,2.941176470588235,8.333333333333332,8.333333333333334,0.0,0.0,36.66666666666667,10.396825396825397,20.952380952380953,0.0,0.0,0.0,0.0,0.0,9.821428571428571,0.0,5.0,0.0,28.333333333333336,12.5,6.944444444444445,0.0,2.7777777777777777,0.0,0.0,0.0,0.0,0.0,0.0,0.0,0.0,0.0,0.0,0.0,0.0,0.0,0.0,0.0,2.7777777777777777,0.0,4.166666666666667,0.0,0.0,0.0,0.0,0.0,0.0,0.0,0.0,0.0,0.0,0.0,0.0,0.0,56.43939393939394,0.0,0.0,0.0,0.0,0.0,4.166666666666667,0.0,0.0,0.0,0.0,4.166666666666667,8.333333333333334,15.972222222222221,0.0,3.75,0.0,0.0,0.0,0.0,0.0,16.666666666666668,0.0,0.0,0.0,0.0,0.0,0.0,0.0,0.0,0.0,0.0,0.0,0.0,0.0,0.0,0.0
4133.461493714976,1161.7307692307693,1195.571373071373,1927.108677141572,1035.4390959282264,600.5953768453768,309.62301587301585,470.3342490842491,230.89285714285714,290.13457556935816,166.58479201957462,270.552992936305,727.0569653299916,184.89458458208458,414.41579254079255,343.75,198.63095238095238,341.9047619047619,130.89285714285714,125.25641025641026,121.50132275132275,278.77795815295815,77.14285714285714,180.031067251462,1461.1262090306209,411.76276391736917,132.7876984126984,42.63613579403053,75.93864468864469,56.111111111111114,81.875,0.0,26.785714285714285,133.5610661268556,128.26146076146077,110.3522866022866,34.05448717948718,58.333333333333336,1297.9006063381064,545.0595238095239,25.02403846153846,5.0,195.44642857142858,132.91666666666666,107.34813797313797,41.21031746031746,13.333333333333334,10.0,0.0,10.0,111.9047619047619,64.1025641025641,59.270833333333336,26.19047619047619,5.637464387464387,7.083333333333334,0.0,30.555555555555557,0.0,62.31837606837607,49.365634365634364,13.095238095238095,0.0,14.880952380952381,43.58974358974359,8.125,0.0,0.0,16.666666666666668,32.77777777777778,5.555555555555555,0.0,5.833333333333334,12.5,0.0,50.0,6.25,375.4117063492064,0.0,0.0,16.666666666666668,1.7857142857142856,9.027777777777779,8.125,72.08333333333333,0.0,0.0,3.571428571428571,4.166666666666667,0.0,3.125,0.0,3.571428571428571,0.0,14.267676767676768,6.25,0.0,6.666666666666667,6.875,4.761904761904762,0.0,0.0,0.3676470588235294,10.551948051948052,9.375,30.952380952380953,1.923076923076923,8.333333333333334,5.514705882352941,0.0,0.3676470588235294,0.3676470588235294,0.3676470588235294,0.3676470588235294,0.3676470588235294,20.833333333333336,0.0,3.676470588235294,33.33333333333333,4.166666666666667,12.5,8.333333333333334,16.666666666666668,0.0,0.0,0.0,56.086309523809526,0.0,12.5,0.0,7.5,0.0,0.0,4.166666666666667,0.0,25.0,0.0,2.5,2.0833333333333335,0.0,8.333333333333334,4.791666666666667,0.0,0.0,40.2281746031746,0.0,121.64502164502164,32.291666666666664,8.333333333333334,0.0,8.333333333333334,17.63392857142857,22.916666666666668,0.0,34.532967032967036,0.0,0.0,0.0,0.0,0.0,0.0,0.0,0.0,0.0,0.0,0.0,0.0,12.5,0.0,0.0,30.555555555555557,0.0,0.0,27.857142857142854,0.0,0.0,1.6666666666666667,10.416666666666668,0.0,12.5,5.397727272727273,6.25,51.42857142857143,0.0,17.307692307692307,0.0,0.9615384615384615,0.0,0.0,0.0,0.0,0.0,14.285714285714285,0.0,0.0,0.0,0.0,0.0,5.555555555555555,0.0,2.380952380952381,2.7777777777777777,0.0,0.0,0.0,0.0,15.625,0.0,0.0,0.0,0.0,10.048076923076923,0.0,8.333333333333334,0.0,37.5,0.0,25.0,0.0,0.0,347.3149917715135,0.0,0.0,9.375,0.0,0.0,0.0,0.0,0.0,0.0,4.356060606060606,0.0,0.0,0.0,15.0,0.0,0.0,0.0,0.0,0.0,0.0,0.0,0.0,25.0,0.0,0.0,0.0,0.0,0.0
112.5,50.0,0.0,14.285714285714285,0.0,50.0,75.71428571428571,0.0,101.78571428571428,191.66666666666669,0.0,0.0,0.0,10.0,50.0,0.0,0.0,0.0,0.0,0.0,50.0,0.0,0.0,50.0,0.0,0.0,0.0,0.0,50.0,0.0,0.0,0.0,0.0,0.0,0.0,0.0,0.0,73.21428571428571,0.0,0.0,0.0,0.0,50.0,0.0,0.0,0.0,0.0,0.0,0.0,0.0,0.0,0.0,0.0,0.0,0.0,0.0,0.0,0.0,0.0,0.0,0.0,0.0,0.0,0.0,0.0,0.0,0.0,0.0,0.0,0.0,0.0,0.0,0.0,0.0,0.0,0.0,0.0,0.0,0.0,0.0,0.0,0.0,0.0,0.0,0.0,0.0,0.0,0.0,0.0,0.0,0.0,0.0,0.0,0.0,0.0,0.0,0.0,0.0,0.0,0.0,0.0,0.0,0.0,0.0,0.0,0.0,0.0,0.0,0.0,0.0,0.0,0.0,0.0,0.0,0.0,0.0,0.0,0.0,0.0,0.0,0.0,0.0,0.0,0.0,0.0,0.0,0.0,0.0,0.0,12.5,0.0,0.0,0.0,0.0,0.0,0.0,0.0,0.0,0.0,0.0,0.0,0.0,0.0,0.0,0.0,0.0,0.0,0.0,0.0,0.0,0.0,0.0,0.0,0.0,50.0,0.0,0.0,0.0,0.0,0.0,0.0,0.0,0.0,0.0,0.0,0.0,0.0,0.0,0.0,0.0,0.0,0.0,0.0,8.333333333333334,0.0,0.0,0.0,0.0,0.0,0.0,0.0,0.0,0.0,0.0,0.0,0.0,0.0,0.0,0.0,0.0,0.0,0.0,0.0,0.0,0.0,0.0,0.0,0.0,0.0,0.0,0.0,0.0,0.0,0.0,0.0,0.0,0.0,0.0,0.0,0.0,0.0,0.0,0.0,0.0,0.0,0.0,0.0,0.0,0.0,0.0,0.0,0.0,0.0,0.0,0.0,0.0,0.0,0.0,0.0,0.0,0.0,0.0,0.0,0.0,0.0,0.0,0.0,0.0,0.0,0.0,0.0,0.0,0.0,0.0,0.0,0.0,0.0,0.0,0.0
460.28439153439155,104.68559218559218,125.0,418.7996031746032,84.93589743589745,77.81339031339031,248.57142857142858,85.0,55.833333333333336,0.0,14.880952380952381,12.5,109.28571428571429,0.9615384615384615,91.66666666666667,166.66666666666666,29.166666666666668,216.07142857142858,29.166666666666668,53.125,75.0,0.0,33.333333333333336,56.66666666666667,50.0,0.0,87.5,0.0,2.7777777777777777,121.98412698412699,25.0,1.923076923076923,150.0,0.0,66.66666666666667,0.0,0.0,0.0,1.3888888888888888,25.0,5.769230769230768,0.0,25.0,0.0,0.0,75.0,0.0,0.0,0.0,0.0,0.0,0.0,0.0,0.0,0.0,0.0,3.125,0.0,0.0,43.75,0.0,0.0,84.72222222222223,0.0,0.0,0.0,0.0,0.0,16.666666666666668,0.0,0.0,0.0,0.0,0.0,8.333333333333334,0.0,0.0,54.16666666666667,0.0,0.0,0.0,0.0,0.0,0.0,0.0,0.0,0.0,0.0,50.0,0.0,0.0,0.0,0.0,0.0,0.0,0.0,0.0,0.0,0.0,29.166666666666668,0.0,0.0,0.0,0.0,0.0,0.0,0.0,0.0,0.0,0.0,0.0,0.0,0.0,0.0,0.0,0.0,0.0,0.0,0.0,0.0,0.0,0.0,0.0,0.0,0.0,0.0,0.0,0.0,0.0,0.0,0.0,0.0,0.0,0.0,0.0,0.0,0.0,0.0,0.0,0.0,0.0,8.333333333333334,0.0,20.0,0.0,0.0,8.101851851851851,0.0,0.0,0.0,0.0,0.0,0.0,0.0,0.0,0.0,0.0,0.0,0.0,0.0,0.0,0.0,18.818681318681318,0.0,0.0,0.0,0.0,0.0,0.0,0.0,0.0,0.0,0.0,0.0,0.0,0.0,0.0,0.0,0.0,0.0,0.0,0.0,3.125,0.0,0.0,0.0,0.0,0.0,0.0,27.77777777777778,0.0,0.0,0.0,0.0,0.0,0.0,0.0,3.125,0.0,0.0,0.0,0.0,0.0,0.0,0.0,0.0,0.0,0.0,0.0,0.0,0.0,1.7857142857142856,0.0,0.0,0.0,0.0,0.0,0.0,0.0,0.0,0.0,0.0,0.0,0.0,0.0,0.0,0.0,0.0,0.0,0.0,0.0,0.0,0.0,0.0,0.0,0.0,0.0,0.0,0.0,0.0,0.0,0.0,0.0,0.0,1.7857142857142856,0.0,1.7857142857142856,0.0,0.0
388.61471861471864,213.66071428571428,0.0,40.44642857142857,115.83333333333334,46.875,16.666666666666668,74.16666666666667,57.083333333333336,38.54166666666667,9.375,89.58333333333334,11.458333333333334,16.517857142857142,109.20138888888889,8.333333333333334,65.625,108.75,32.5,8.333333333333334,50.74404761904762,68.75,4.166666666666667,18.75,29.666666666666668,15.625,135.71428571428572,0.0,13.333333333333334,0.0,0.0,13.958333333333334,0.0,9.375,8.333333333333334,133.46428571428572,0.0,3.125,15.625,0.0,33.92857142857143,0.0,0.0,0.0,10.0,78.00595238095238,6.25,0.0,4.583333333333334,6.25,21.875,6.25,15.625,0.0,0.0,3.125,50.0,22.916666666666668,30.65972222222222,0.0,17.708333333333336,6.25,0.0,0.0,16.458333333333332,0.0,0.0,0.0,0.0,12.5,0.0,12.5,0.0,11.160714285714285,0.0,0.0,0.0,0.0,0.0,6.666666666666667,0.0,27.63888888888889,23.333333333333336,0.0,0.0,0.0,0.0,0.0,0.0,0.0,0.0,0.0,0.0,0.0,6.25,0.0,0.0,0.0,67.70833333333334,0.0,12.5,0.0,0.3787878787878788,9.375,0.0,0.0,1.0,0.0,5.681818181818182,0.0,0.3787878787878788,0.3787878787878788,0.3787878787878788,0.3787878787878788,0.3787878787878788,12.5,0.0,3.787878787878788,0.0,0.0,0.0,0.0,0.0,0.0,0.0,0.0,0.0,0.0,0.0,0.0,15.0,0.0,0.0,50.0,25.0,0.0,0.0,0.0,0.0,0.0,0.0,0.0,0.0,0.0,6.25,0.0,0.0,0.0,0.0,0.0,0.0,0.0,0.0,0.0,0.0,0.0,3.125,0.0,0.0,0.0,0.0,0.0,0.0,31.875,0.0,0.0,2.0833333333333335,0.0,0.0,0.0,2.5,0.0,0.0,0.0,0.0,0.0,0.0,0.0,0.0,0.0,0.0,0.0,0.0,0.0,9.0,0.0,0.5,0.0,0.0,0.0,0.0,0.0,0.0,0.0,0.0,0.0,0.0,0.0,0.0,0.0,0.0,0.0,0.0,0.0,0.0,0.0,0.0,0.0,0.0,0.0,0.0,0.0,0.0,0.0,0.0,0.0,0.0,0.0,0.0,0.0,0.0,6.25,0.0,0.0,0.0,0.0,6.25,0.0,0.0,0.0,0.0,0.0,0.0,0.0,0.0,0.0,0.0,0.0,0.0,0.0,0.0,0.0,0.0,3.125,0.0,0.0,0.0,0.0,0.0
125.18939393939394,113.33333333333333,36.111111111111114,0.0,25.0,87.68939393939394,28.125,29.166666666666668,6.696428571428571,40.40404040404041,6.944444444444445,0.0,22.72727272727273,6.25,0.0,41.66666666666667,1.3888888888888888,25.0,18.015873015873016,25.0,10.416666666666668,27.77777777777778,0.0,12.5,3.125,0.0,25.0,0.0,0.0,31.25,0.0,0.0,0.0,0.0,0.0,0.0,0.0,0.0,34.72222222222222,0.0,6.696428571428571,0.0,0.0,0.0,25.0,0.0,6.25,12.5,115.71248196248196,2.7777777777777777,0.0,0.0,0.0,0.0,0.0,0.0,0.0,0.0,0.0,0.0,2.272727272727273,0.0,0.0,40.0,0.0,0.0,0.0,0.0,0.0,0.0,0.0,0.0,2.5,0.0,0.0,20.0,0.0,0.0,0.0,0.0,12.5,0.0,16.666666666666664,0.0,0.0,0.0,0.0,0.0,0.0,12.5,0.0,0.0,0.0,0.0,0.0,0.0,0.0,0.0,0.0,0.0,0.0,0.0,0.0,0.0,0.0,0.0,0.0,0.0,0.0,0.0,0.0,0.0,0.0,0.0,0.0,0.0,6.696428571428571,0.0,0.0,51.875,0.0,0.0,0.0,0.0,0.0,0.0,0.0,0.0,0.0,0.0,0.0,0.0,0.0,0.0,0.0,0.0,0.0,0.0,0.0,0.0,0.0,0.0,0.0,0.0,0.0,0.0,0.0,0.0,0.0,0.0,0.0,0.0,0.0,0.0,0.0,0.0,0.0,0.0,0.0,0.0,21.666666666666668,0.0,3.125,0.0,0.0,0.0,0.0,0.0,0.0,0.0,0.0,0.0,0.0,0.0,0.0,0.0,0.0,0.0,0.0,0.0,0.0,0.0,0.0,0.0,0.0,0.0,0.0,0.0,0.0,0.0,0.0,0.0,22.22222222222222,0.0,0.0,0.0,0.0,0.0,0.0,0.0,0.0,0.0,0.0,0.0,0.0,0.0,87.05357142857143,0.0,0.0,0.0,0.0,4.166666666666667,0.0,0.0,0.0,0.0,0.0,0.0,0.0,0.0,0.0,0.0,0.0,0.0,0.0,0.0,0.0,0.0,0.0,0.0,0.0,0.0,0.0,0.0,0.0,0.0,0.0,0.0,0.0,0.0,8.712121212121213,0.0,0.0,0.0,0.0,0.0,0.0,0.0,0.0
750.4166666666667,230.55555555555554,209.16666666666669,25.0,187.5,198.33333333333334,188.33333333333334,45.833333333333336,16.666666666666668,159.16666666666666,70.83333333333333,75.0,0.0,25.0,0.0,12.5,133.33333333333334,33.333333333333336,41.66666666666667,91.66666666666667,91.66666666666667,55.0,125.0,8.333333333333334,66.66666666666667,0.0,27.083333333333336,75.0,0.0,58.333333333333336,0.0,54.16666666666667,133.33333333333334,0.0,0.0,25.0,6.25,0.0,0.0,25.0,0.0,13.492063492063492,29.166666666666668,0.0,0.0,12.5,0.0,0.0,0.0,0.0,0.0,0.0,0.0,0.0,16.666666666666668,6.25,0.0,0.0,0.0,0.0,25.0,0.0,100.0,0.0,0.0,25.0,0.0,0.0,0.0,0.0,0.0,0.0,25.0,0.0,50.0,0.0,33.333333333333336,0.0,0.0,0.0,0.0,0.0,0.0,25.0,0.0,0.0,0.0,0.0,0.0,33.333333333333336,0.0,0.0,0.0,0.0,8.333333333333334,0.0,8.333333333333332,0.0,0.0,50.0,0.0,0.0,0.0,0.0,0.0,0.0,0.0,0.0,0.0,0.0,0.0,0.0,0.0,0.0,0.0,0.0,0.0,0.0,0.0,0.0,0.0,0.0,0.0,0.0,0.0,0.0,0.0,0.0,0.0,0.0,0.0,0.0,0.0,0.0,0.0,0.0,0.0,0.0,0.0,0.0,0.0,0.0,0.0,0.0,0.0,0.0,0.0,0.0,0.0,0.0,0.0,0.0,0.0,0.0,0.0,0.0,0.0,0.0,0.0,0.0,0.0,0.0,0.0,0.0,0.0,0.0,0.0,0.0,0.0,0.0,0.0,0.0,0.0,0.0,0.0,0.0,0.0,0.0,0.0,0.0,0.0,0.0,0.0,18.333333333333336,0.0,4.583333333333334,0.0,0.0,0.0,0.0,0.0,0.0,0.0,0.0,0.0,0.0,0.0,0.0,0.0,0.0,0.0,0.0,0.0,0.0,0.0,0.0,0.0,0.0,0.0,0.0,156.66666666666666,0.0,0.0,0.0,0.0,0.0,0.0,0.0,0.0,0.0,0.0,0.0,0.0,0.0,0.0,0.0,0.0,0.0,0.0,0.0,0.0,0.0,0.0,0.0,0.0,0.0,0.0,108.33333333333334,0.0,0.0,0.0,0.0,0.0,0.0,0.0,50.0,0.0,0.0,0.0
980.2579365079365,106.81216931216932,664.5386904761905,27.77777777777778,1121.412037037037,425.83333333333337,191.66666666666666,164.9404761904762,98.63095238095238,392.7083333333333,560.4166666666667,182.29166666666669,0.0,8.333333333333334,16.666666666666668,77.77777777777777,154.16666666666669,34.166666666666664,21.25,125.41666666666667,56.66666666666667,133.33333333333334,0.0,110.83333333333334,0.0,0.0,0.0,40.87962962962963,0.0,50.0,0.0,33.333333333333336,524.3055555555555,0.0,12.5,111.01190476190476,86.66666666666667,27.5,6.25,4.166666666666667,0.0,15.0,0.0,80.89285714285714,0.0,11.25,0.0,25.0,209.58333333333334,5.0,0.0,0.0,0.0,0.0,1.8518518518518516,0.0,60.0,0.0,0.0,0.0,0.0,0.0,41.66666666666667,0.0,0.0,0.0,0.0,0.0,0.0,0.0,0.0,0.0,9.791666666666668,5.555555555555555,0.0,0.0,0.0,0.0,43.75,0.0,54.62797619047619,0.0,0.0,0.0,0.0,1.8518518518518516,50.0,0.0,0.0,100.0,0.0,0.0,0.0,1256.25,0.0,0.0,31.25,0.0,0.0,0.0,0.0,0.0,0.0,0.0,0.0,0.0,0.0,0.0,0.0,0.0,0.0,0.0,0.0,0.0,0.0,0.0,0.0,0.0,0.0,0.0,0.0,12.5,0.0,0.0,0.0,0.0,0.0,0.0,0.0,0.0,0.0,12.5,0.0,0.0,0.0,0.0,0.0,8.333333333333334,0.0,5.0,0.0,0.0,0.0,0.0,0.0,0.0,0.0,0.0,0.0,0.0,0.0,0.0,0.0,22.5,0.0,0.0,0.0,0.0,5.555555555555555,11.11111111111111,0.0,0.0,0.0,0.0,0.0,0.0,0.0,0.0,0.0,0.0,0.0,0.0,0.0,0.0,0.0,6.25,0.0,0.0,0.0,0.0,0.0,0.0,0.0,0.0,0.0,0.0,0.0,0.0,0.0,0.0,0.0,0.0,0.0,0.0,0.0,0.0,0.0,0.0,0.0,0.0,0.0,0.0,0.0,0.0,0.0,0.0,0.0,0.0,0.0,0.0,0.0,0.0,0.0,0.0,0.0,0.0,0.0,0.0,0.0,0.0,0.0,0.0,0.0,0.0,0.0,0.0,0.0,0.0,0.0,0.0,0.0,0.0,0.0,0.0,0.0,0.0,0.0,506.25,0.0,0.0,0.0,0.0,0.0,0.0,0.0,0.0,0.0,0.0,0.0
7078.512990277696,2543.867243867244,179.44444444444446,1746.2754606504607,136.82720057720059,376.7857142857143,855.4310966810967,2737.2388722388723,561.6071428571429,1527.5268664084454,152.00757575757575,94.44444444444444,20.0,837.8038628038628,2598.2166444666445,104.16666666666667,1777.0640470640471,195.0532106782107,1287.560193074899,477.281746031746,1438.8342213342214,148.65079365079364,176.01190476190476,862.3910811410811,1361.6450216450216,238.5218253968254,13.354978354978355,316.87375124875126,2445.6352960764725,3.125,408.8656482406482,2415.8063219460278,0.0,205.32828282828282,1408.779761904762,145.47979797979798,3132.7588383838383,1065.6578144078144,148.3486177565125,17.045454545454547,1072.8503889900949,0.0,205.55555555555557,622.5595238095239,0.0,126.48809523809524,0.0,1030.5326617826618,1008.9143495393496,385.47799422799426,75.53571428571428,0.0,1191.2584637584637,340.784632034632,767.1329365079365,70.0,237.48196248196248,9.375,0.0,0.0,311.15440115440117,0.0,0.0,19.92063492063492,279.7979797979798,0.0,0.0,134.70654345654347,877.5527944277944,95.87301587301587,0.0,5.555555555555555,1247.3733211233211,0.0,0.0,150.0,0.0,6.25,0.0,287.56604506604504,272.20238095238096,1135.2423964923964,0.0,0.0,50.26785714285714,465.7608363858364,40.55555555555556,50.89285714285714,7.142857142857142,0.0,0.0,7.142857142857142,0.0,0.0,25.0,12.142857142857142,0.0,41.25,127.80934343434343,0.0,100.0,334.30555555555554,1.3157894736842106,11.30952380952381,74.2982456140351,467.08333333333337,281.6666666666667,76.29689754689755,19.736842105263158,4.545454545454546,1.3157894736842106,1.3157894736842106,1.3157894736842106,1.3157894736842106,1.3157894736842106,0.0,53.214285714285715,13.157894736842106,62.87878787878788,18.57142857142857,112.18253968253968,12.5,7.142857142857142,7.142857142857142,33.333333333333336,68.33333333333334,0.0,127.91666666666666,0.0,0.0,0.0,0.0,26.58730158730159,202.27272727272728,54.123931623931625,0.0,40.37698412698413,165.83333333333334,0.0,77.08333333333334,12.698412698412698,13.392857142857142,35.29761904761905,0.0,0.0,41.66666666666667,0.0,30.0,8.333333333333334,0.0,37.55827505827506,0.0,0.0,136.4010989010989,65.49873737373737,0.0,0.0,21.85606060606061,53.958333333333336,107.91666666666667,87.29166666666667,0.0,5.0,0.0,56.25,0.0,0.0,0.0,44.33621933621934,20.0,0.0,6.25,2.5,0.0,25.0,21.212121212121215,715.4473304473305,0.0,0.0,0.0,4.545454545454546,93.11868686868686,0.0,20.0,0.0,5.0,0.0,86.64072039072039,0.0,0.0,0.0,35.71428571428571,0.0,0.0,3.125,0.0,20.0,0.0,0.0,0.0,5.0,0.0,0.0,0.0,0.0,47.61904761904762,0.0,71.18131868131869,0.0,43.75,0.0,0.0,12.5,16.666666666666668,11.30952380952381,0.0,0.0,0.0,14.415584415584416,0.0,0.0,3.125,155.0,0.0,28.83116883116883,0.0,0.0,0.0,5.0,0.0,9.166666666666668,0.0,0.0,0.0,0.0,0.0,0.0,0.0,0.0,20.0,0.0,0.0,0.0,0.0,0.0,0.0,0.0,0.0,0.0
16974.426417128623,4634.795412920413,8966.732538295038,2195.891700891701,3314.230087042587,4255.146744337534,1797.209145021645,9617.410748973249,4361.999863562363,1892.1226227476227,838.699124949125,433.16655566655567,875.406746031746,1646.5883422133422,1487.1114533614534,1345.4235347985348,1714.568302068302,1174.9656695428755,2009.9010915555034,887.9707792207793,2768.6853424353426,1318.9436026936028,880.4563492063492,947.1031746031746,3785.246212121212,864.2195182268712,29.930555555555557,217.58549048990224,896.9801726051726,187.34126984126985,303.9552808302808,8913.503487253487,161.7712842712843,332.04184704184706,1076.9328588078588,1693.0654761904761,1271.657647907648,740.59613997114,437.04314068284657,455.80627705627705,726.0753598253598,664.9404761904761,267.5595238095238,2621.6758241758243,33.333333333333336,370.3553391053391,412.609126984127,6419.70991970992,1279.0163308913309,407.8697691197691,329.5368867243867,439.71607096607096,170.8829365079365,428.35347522847525,1604.7483766233765,226.73611111111111,62.5,94.50630252100841,112.20238095238095,66.66666666666667,306.51785714285717,16.666666666666668,27.513227513227513,513.735119047619,222.39583333333334,135.10466507177034,204.16666666666666,24.603174603174605,106.38888888888889,778.9354395604396,50.0,76.04166666666667,335.81349206349205,73.75,5.0,209.16416916416915,339.1991341991342,8.333333333333334,26.515151515151516,214.0376984126984,303.75,238.84920634920636,50.0,110.10466507177034,157.521645021645,959.564393939394,145.41666666666669,112.1088864838865,43.75,60.0,145.0,34.49795574795575,1.923076923076923,0.0,220.88594276094275,275.6547619047619,127.70833333333334,128.31349206349205,16.666666666666668,0.0,44.44444444444444,425.1100288600289,0.0,16.666666666666668,252.14285714285714,64.44444444444444,238.52358058608058,33.333333333333336,0.0,148.0952380952381,0.0,0.0,0.0,0.0,0.0,3.125,41.36864597390913,0.0,147.36742424242425,203.125,27.01210826210826,105.05952380952381,195.79545454545456,97.42063492063492,268.71031746031747,58.333333333333336,12.5,112.56613756613757,865.7919511044511,20.115995115995116,35.6439393939394,4.166666666666667,16.666666666666668,182.08333333333334,150.0,11.11111111111111,97.98611111111111,236.36904761904762,0.0,11.11111111111111,0.0,0.0,13.88888888888889,22.916666666666668,2.5,163.34498834498834,0.0,38.69047619047619,0.0,0.0,55.55555555555556,1.25,0.0,23.80952380952381,228.71693121693121,0.0,7.777777777777778,55.654761904761905,15.892857142857142,31.785714285714285,963.276862026862,9.615384615384615,18.01169590643275,33.333333333333336,65.27777777777779,49.88095238095238,1.8518518518518516,0.0,0.0,8.333333333333334,0.0,0.0,16.964285714285715,12.5,31.25,26.666666666666668,222.63227513227514,5.0,2.7777777777777777,0.0,104.16666666666667,44.72222222222222,0.0,26.19047619047619,18.0,6.5476190476190474,1.0,236.1904761904762,3.571428571428571,38.621794871794876,0.0,78.92857142857143,0.0,2.272727272727273,0.0,0.0,0.0,0.0,5.555555555555555,3.125,0.0,0.0,2.5,3.571428571428571,0.0,23.591269841269842,0.0,24.285714285714285,198.57142857142858,35.91269841269842,0.0,0.0,32.93650793650794,14.550264550264549,10.416666666666668,0.0,172.82828282828282,0.0,11.666666666666668,20.0,30.769230769230766,0.0,32.5,8.333333333333334,23.333333333333336,24.285714285714285,0.0,59.82142857142858,3.846153846153846,30.555555555555557,19.841269841269842,0.0,2.7777777777777777,0.0,0.0,0.0,25.0,0.0,16.666666666666668,1.25,0.0,0.0,0.0,0.0,0.0,0.0,0.0,7.142857142857142,0.0
3111.6468253968255,569.2063492063492,342.73809523809524,1029.0674603174602,363.39285714285717,703.8690476190476,2003.69708994709,1900.1488095238096,6032.559523809524,106.66666666666667,300.5609668109668,187.5,0.0,745.4166666666666,184.72222222222223,1104.186507936508,364.1774891774892,442.61904761904765,384.72222222222223,302.67857142857144,2779.7619047619046,2664.0641534391534,108.03571428571429,309.82142857142856,1065.5357142857142,578.5416666666666,0.0,332.85714285714283,105.1984126984127,12.5,95.02164502164501,5073.632756132756,45.833333333333336,267.5,952.688492063492,1.8518518518518516,1200.7440476190477,1313.4722222222222,10.0,86.66666666666667,441.6666666666667,18.333333333333336,38.75,424.1666666666667,18.055555555555557,255.41666666666666,810.4761904761905,4325.704365079365,340.53030303030306,781.765873015873,18.333333333333336,0.0,61.47186147186147,218.12169312169314,4278.137718762719,0.0,42.857142857142854,50.0,185.7043650793651,0.0,469.44444444444446,33.333333333333336,0.0,450.0,33.333333333333336,40.0,12.5,0.0,60.61507936507937,25.27777777777778,238.66071428571428,16.666666666666668,495.2579365079365,33.333333333333336,60.378787878787875,55.55555555555556,25.0,0.0,45.833333333333336,259.4345238095238,525.0595238095239,400.28108465608466,7.142857142857142,0.0,0.0,416.6666666666667,0.0,173.57804232804233,20.833333333333336,450.734126984127,100.0,204.16666666666669,0.0,4.166666666666667,328.6309523809524,78.80952380952381,0.0,27.38095238095238,0.0,0.0,27.083333333333336,155.83333333333334,1.5384615384615383,28.86904761904762,165.55555555555557,214.46428571428572,86.9047619047619,275.8333333333333,23.076923076923073,27.77777777777778,1.5384615384615383,1.5384615384615383,1.5384615384615383,1.5384615384615383,1.5384615384615383,4.166666666666667,0.0,15.384615384615383,0.0,12.5,92.5,2.380952380952381,4.166666666666667,0.0,137.5,25.0,0.0,0.0,53.75,0.0,0.0,0.0,27.142857142857146,0.0,0.0,0.0,35.0,114.88095238095238,75.0,31.03174603174603,31.25,0.0,60.0,0.0,0.0,0.0,0.0,0.0,0.0,16.666666666666668,0.0,0.0,28.125,25.0,0.0,16.666666666666668,50.0,34.16666666666667,10.714285714285715,21.42857142857143,101.85185185185186,0.0,0.0,0.0,0.0,72.91666666666667,0.0,0.0,0.0,18.333333333333336,0.0,0.0,10.0,0.0,41.66666666666667,19.642857142857142,445.89285714285717,25.0,99.16666666666667,0.0,8.333333333333332,148.33333333333334,0.0,0.0,0.0,0.0,0.0,0.0,0.0,0.0,0.0,62.5,0.0,0.0,0.0,0.0,20.0,50.0,0.0,0.0,0.0,0.0,0.0,54.16666666666667,25.0,72.91666666666667,0.0,50.0,0.0,0.0,0.0,0.0,195.11904761904762,5.158730158730158,0.0,0.0,0.0,0.0,43.45238095238095,0.0,0.0,0.0,0.0,0.0,86.9047619047619,0.0,0.0,126.3888888888889,16.666666666666668,0.0,16.666666666666668,0.0,0.0,0.0,0.0,0.0,6.25,0.0,0.0,0.0,0.0,0.0,10.0,0.0,0.0,0.0,0.0,0.0,0.0
2211.4588057445203,478.2142857142857,1315.684051398337,662.3795351473923,1078.1744049601193,726.7859719645435,431.21693121693124,320.42955060812204,342.25056689342404,381.4484126984127,719.4274376417234,128.39781746031747,75.41524943310658,279.92063492063494,492.8495842781557,198.48828420256993,174.7264739229025,488.4490740740741,610.2573352573353,374.3253968253968,570.2569916855631,254.69246031746033,366.94444444444446,1034.5265110706287,24.40476190476191,58.45238095238095,62.5,54.86961451247166,169.8015873015873,280.4138321995465,61.11531986531986,131.40873015873015,323.61111111111114,101.26382876382877,56.111111111111114,38.21995464852608,126.28968253968254,130.05291005291005,22.46031746031746,98.86054421768708,33.68055555555556,137.71825396825398,123.65079365079366,806.7431972789116,241.15079365079364,77.77777777777779,26.13095238095238,73.13492063492063,357.7681577681578,34.917929292929294,28.80952380952381,20.833333333333336,0.0,25.555555555555557,37.5,104.05982905982907,86.66666666666667,20.2994227994228,3.3333333333333335,78.19444444444444,0.0,108.5965028979735,56.98412698412699,3.3333333333333335,16.666666666666668,0.0,40.23707773707774,27.5,18.452380952380953,30.289115646258505,8.333333333333334,13.333333333333334,72.28896103896105,96.54761904761905,0.0,0.0,16.666666666666668,1.6666666666666667,951.8921356421357,32.870370370370374,53.333333333333336,0.0,0.0,0.0,12.930016606487195,47.023809523809526,161.42857142857144,42.77777777777778,0.0,14.702380952380954,0.0,11.11111111111111,30.0,353.47222222222223,5.555555555555555,92.70691609977325,80.0,2.7777777777777777,8.333333333333334,0.0,8.11965811965812,0.0,0.5208333333333334,37.38095238095238,2.0833333333333335,5.714285714285714,0.0,28.88888888888889,7.812500000000001,1.4285714285714286,0.5208333333333334,0.5208333333333334,0.5208333333333334,0.5208333333333334,0.5208333333333334,2.0408163265306123,2.0833333333333335,5.208333333333334,71.3598901098901,4.166666666666667,0.0,29.166666666666668,8.16326530612245,119.73544973544973,16.666666666666668,0.0,0.0,7.142857142857142,1.4285714285714286,0.0,4.761904761904762,42.64231819378878,0.0,0.0,0.0,1.0204081632653061,14.880952380952381,1.6666666666666667,0.0,33.14868682515741,0.0,1.1904761904761905,16.666666666666668,36.111111111111114,0.0,7.215007215007215,0.0,0.0,0.5494505494505494,0.0,0.0,0.0,0.0,11.686507936507937,0.0,0.0,3.1746031746031744,16.666666666666668,7.01058201058201,14.02116402116402,13.69047619047619,0.0,0.0,0.0,0.0,5.555555555555555,0.0,0.0,0.0,9.444444444444445,0.0,0.0,115.98935786435787,0.0,0.0,9.325396825396826,18.181818181818183,0.0,4.166666666666667,0.0,0.0,1.7857142857142856,0.0,0.0,0.0,0.0,0.0,0.0,0.0,0.0,2.0833333333333335,0.0,0.0,13.88888888888889,5.555555555555555,0.0,0.0,10.256410256410255,4.615384615384615,0.0,0.0,0.0,25.0,0.0,0.0,0.0,0.0,0.0,20.833333333333336,20.833333333333336,0.0,0.0,0.0,0.0,0.0,0.0,0.0,0.0,0.0,0.0,0.0,0.0,0.0,19.444444444444443,0.0,5.555555555555555,0.0,0.0,0.0,0.0,0.0,0.0,0.0,0.0,0.0,0.0,0.0,0.0,0.0,0.0,0.0,0.0,0.0,0.0,0.0,0.0,0.0,0.0,0.0
577.5,0.0,50.0,0.0,5.0,41.66666666666667,50.0,45.833333333333336,0.0,31.666666666666668,25.833333333333336,20.0,152.08333333333334,25.0,32.29166666666667,25.0,94.44444444444444,21.666666666666668,45.833333333333336,0.0,58.333333333333336,25.0,0.0,0.0,4.166666666666667,0.0,0.0,25.0,0.0,0.0,20.0,0.0,0.0,0.0,0.0,0.0,0.0,0.0,0.0,0.0,29.166666666666668,0.0,0.0,12.5,0.0,0.0,9.166666666666668,0.0,0.0,0.0,0.0,10.0,0.0,0.0,0.0,4.166666666666667,0.0,0.0,0.0,4.166666666666667,3.125,0.0,0.0,0.0,18.75,0.0,0.0,0.0,0.0,0.0,0.0,0.0,0.0,0.0,0.0,0.0,0.0,33.333333333333336,0.0,0.0,0.0,25.0,16.666666666666668,0.0,25.0,0.0,0.0,0.0,0.0,0.0,25.0,0.0,0.0,0.0,0.0,0.0,0.0,0.0,5.0,4.166666666666667,0.0,0.0,0.0,25.0,0.0,0.0,0.0,0.0,0.0,0.0,0.0,0.0,0.0,0.0,0.0,0.0,0.0,0.0,0.0,0.0,0.0,0.0,0.0,0.0,0.0,0.0,0.0,0.0,0.0,25.0,12.5,0.0,0.0,0.0,0.0,0.0,0.0,0.0,0.0,0.0,0.0,0.0,0.0,0.0,0.0,0.0,0.0,0.0,0.0,0.0,0.0,5.555555555555555,0.0,0.0,0.0,13.333333333333334,0.0,0.0,0.0,0.0,0.0,0.0,0.0,0.0,0.0,0.0,0.0,0.0,0.0,0.0,0.0,0.0,0.0,0.0,0.0,0.0,0.0,0.0,0.0,0.0,0.0,0.0,0.0,0.0,0.0,0.0,0.0,0.0,0.0,0.0,0.0,0.0,16.666666666666668,0.0,0.0,0.0,0.0,0.0,0.0,0.0,0.0,0.0,0.0,0.0,0.0,0.0,0.0,0.0,0.0,0.0,0.0,0.0,0.0,0.0,0.0,0.0,0.0,0.0,0.0,0.0,0.0,0.0,0.0,0.0,0.0,0.0,0.0,0.0,0.0,0.0,0.0,0.0,0.0,0.0,0.0,0.0,0.0,0.0,0.0,0.0,0.0,0.0,0.0,0.0,0.0,0.0,0.0,0.0,0.0
8381.1460037547,1123.358585858586,529.9100537144016,1554.6403475751301,414.19733044733044,189.88095238095238,75.0,177.77777777777777,98.41959972394756,116.66666666666667,403.91402714932127,170.2579365079365,2389.750085440875,81.94444444444444,371.9300144300144,37.5,914.927536231884,304.1208791208791,125.80128205128204,142.0093795093795,106.66666666666667,109.76731601731602,108.27922077922078,181.20039682539684,59.72222222222223,106.25,314.46608946608944,24.603174603174605,84.52380952380952,0.0,36.111111111111114,0.0,0.0,0.0,48.41269841269841,0.0,22.916666666666668,0.0,182.8907203907204,0.0,35.714285714285715,0.0,263.98809523809524,0.0,63.53102779573368,0.0,50.0,0.0,0.0,0.0,50.0,45.714285714285715,0.0,0.0,0.0,0.0,0.0,0.0,0.0,116.66666666666667,0.0,0.0,0.0,0.0,109.52380952380952,23.68421052631579,0.0,5.0,0.0,0.0,12.5,18.333333333333336,0.0,0.0,22.22222222222222,79.19011544011543,25.0,636.9142512077294,0.0,15.0,0.0,0.0,0.0,23.68421052631579,43.80952380952381,0.0,0.0,0.0,0.0,0.0,37.5,0.0,2.7777777777777777,0.0,7.142857142857142,0.0,0.0,0.0,0.0,110.0,0.0,0.0,1.6129032258064517,0.0,25.0,0.0,0.0,0.0,24.193548387096776,0.0,1.6129032258064517,1.6129032258064517,1.6129032258064517,1.6129032258064517,1.6129032258064517,0.0,0.0,16.129032258064516,21.52777777777778,33.333333333333336,0.0,0.0,0.0,0.0,0.0,0.0,168.4920634920635,0.0,0.0,82.14285714285714,0.0,0.0,0.0,0.0,0.0,0.0,0.0,8.333333333333334,0.0,0.0,0.0,0.0,0.0,0.0,8.333333333333334,0.0,141.66666666666669,0.0,0.0,8.333333333333334,10.0,33.333333333333336,0.0,0.0,0.0,0.0,0.0,0.0,0.0,0.0,0.0,8.333333333333334,0.0,4.761904761904762,0.0,0.0,0.0,0.0,0.0,0.0,7.034632034632034,0.0,0.0,4.166666666666667,0.0,0.0,0.0,0.0,0.0,0.0,0.0,2.380952380952381,2.7777777777777777,18.181818181818183,0.0,4.545454545454546,0.0,0.0,0.0,0.0,0.0,0.0,0.0,0.0,0.0,0.0,0.0,0.0,16.666666666666668,0.0,10.0,5.0,0.0,0.0,0.0,0.0,0.0,0.0,0.0,0.0,0.0,0.0,0.0,0.0,0.0,54.166666666666664,0.0,33.333333333333336,0.0,0.0,0.0,0.0,0.0,0.0,0.0,0.0,0.0,0.0,0.0,0.0,0.0,0.0,0.0,0.0,0.0,0.0,0.0,0.0,0.0,0.0,0.0,0.0,0.0,0.0,0.0,16.666666666666668,0.0,20.0,0.0
366.80555555555554,165.27777777777777,88.8888888888889,27.083333333333336,207.5,138.88888888888889,247.91666666666669,25.0,8.333333333333334,33.333333333333336,16.666666666666668,25.0,8.333333333333334,23.61111111111111,0.0,45.833333333333336,0.0,0.0,0.0,0.0,0.0,41.66666666666667,8.333333333333334,125.0,21.666666666666668,12.5,8.333333333333334,12.5,0.0,0.0,0.0,0.0,38.88888888888889,16.666666666666668,12.5,2.272727272727273,0.0,0.0,0.0,0.0,11.11111111111111,66.66666666666667,12.5,0.0,0.0,0.0,0.0,0.0,0.0,0.0,0.0,0.0,0.0,25.0,116.66666666666667,0.0,0.0,0.0,0.0,0.0,0.0,8.333333333333334,0.0,0.0,50.0,0.0,0.0,25.0,0.0,0.0,0.0,0.0,0.0,0.0,56.25,0.0,50.0,0.0,0.0,0.0,0.0,0.0,0.0,0.0,0.0,0.0,0.0,0.0,0.0,0.0,0.0,0.0,0.0,0.0,0.0,0.0,8.333333333333334,0.0,0.0,29.166666666666668,0.0,0.0,0.0,0.0,0.0,0.0,0.0,0.0,0.0,12.5,0.0,0.0,0.0,0.0,0.0,0.0,0.0,0.0,0.0,18.055555555555557,0.0,0.0,0.0,0.0,0.0,0.0,0.0,0.0,0.0,0.0,0.0,0.0,0.0,0.0,0.0,0.0,0.0,0.0,0.0,0.0,0.0,0.0,0.0,0.0,117.72727272727273,0.0,0.0,0.0,0.0,0.0,0.0,0.0,0.0,0.0,0.0,0.0,0.0,0.0,0.0,0.0,0.0,0.0,0.0,0.0,0.0,0.0,0.0,0.0,0.0,0.0,0.0,0.0,0.0,0.0,0.0,0.0,0.0,5.555555555555555,0.0,0.0,0.0,0.0,0.0,0.0,0.0,0.0,0.0,0.0,0.0,0.0,0.0,0.0,0.0,0.0,0.0,0.0,0.0,0.0,0.0,0.0,0.0,0.0,0.0,0.0,0.0,0.0,0.0,0.0,0.0,0.0,0.0,0.0,0.0,0.0,0.0,0.0,0.0,0.0,0.0,0.0,0.0,16.666666666666668,0.0,0.0,0.0,0.0,0.0,0.0,12.5,0.0,0.0,0.0,0.0,0.0,0.0,0.0,0.0,0.0,0.0,0.0,0.0,0.0,0.0,0.0,0.0,0.0,0.0,0.0,0.0
21909.01908479536,5705.282682459153,5274.620512300853,4330.356855985457,4445.520927918195,1487.566144921694,3134.4936485139574,3138.1051318806653,3710.2958517374154,489.84705866739114,2316.3534880446646,2042.403448267419,2670.267217189044,1950.833806880827,1530.5659269214257,1677.932646057646,1318.4953168176853,962.9144843947475,580.5024517492548,493.58232537866405,1532.0606440343283,615.4905693721483,757.1078431372549,3033.0993285037403,1446.3311688311687,149.0659571909572,1005.4850005193465,445.5467204364263,420.69173881673885,507.9431216931217,111.07739310912686,6781.431719474483,40.77380952380952,627.3076338865812,335.0595238095238,446.78675491175494,747.6190476190476,391.02002164502164,3622.8791967160605,236.40843837535016,285.9768907563025,127.01719576719577,157.8327922077922,297.0174963924964,244.15458937198068,147.41066123419066,100.38324420677363,1724.9548112706007,60.892857142857146,32.196969696969695,52.90933402346446,51.41081141081141,152.9691273638642,128.62103174603175,455.7602339181287,183.1439393939394,70.43650793650794,21.19047619047619,327.9728835978836,71.62878787878788,1016.1258417508418,188.188459931881,23.025210084033613,273.7003968253968,103.82539682539682,56.515151515151516,27.27207977207977,48.974116161616166,82.43737500316448,56.311188811188806,146.8151048298107,40.95238095238095,198.21428571428572,30.833333333333332,285.9416971916972,453.4199134199134,50.0,434.08568812980576,50.0,125.0,938.4332933578289,125.74252136752138,112.5628306878307,56.515151515151516,147.25694444444446,52.28402755076096,107.43506493506494,5.0,17.267725072485135,38.00229741019215,2.916666666666667,18.707912457912457,7.777777777777778,0.0,100.61507936507937,15.972222222222223,3.3333333333333335,38.263888888888886,23.80952380952381,15.714285714285715,53.888888888888886,16.450216450216452,0.9719298245614035,82.2231240981241,25.683760683760685,302.6728826728827,1.1111111111111112,54.166666666666664,18.74561403508772,17.5,0.9719298245614035,0.9719298245614035,0.9719298245614035,0.9719298245614035,0.9719298245614035,9.722222222222223,18.055555555555557,9.719298245614036,3.5628019323671496,74.37762605042018,47.42424242424242,25.0,3.322440087145969,14.4017094017094,121.76609848484848,125.988455988456,252.30203823953823,21.216931216931215,12.916666666666668,29.166666666666668,157.14285714285714,0.0,0.0,173.17460317460316,128.47222222222223,125.29234654234655,64.28571428571428,26.686507936507937,100.0,2.380952380952381,93.05555555555556,53.05555555555556,25.446428571428573,4.166666666666667,22.083333333333336,20.833333333333336,40.71271929824562,50.595238095238095,33.91624579124579,37.22222222222222,142.32142857142858,46.17324561403509,39.62194055944056,8.333333333333334,82.38365800865802,200.71428571428572,16.666666666666664,8.116883116883116,3.553921568627451,7.107843137254902,12.5,97.98245614035088,26.136363636363637,411.43037518037517,0.0,0.0,60.476190476190474,10.606060606060606,70.12626262626263,9.722222222222223,27.1482683982684,100.0,6.25,31.25,29.444444444444443,10.795454545454547,260.48611111111114,10.76388888888889,97.38095238095238,3.9393939393939394,2.7777777777777777,102.5,15.833333333333334,16.00877192982456,10.0,4.00219298245614,0.5555555555555556,69.58333333333333,5.208333333333334,28.832658569500673,0.0,57.77777777777778,58.51648351648352,0.0,16.666666666666668,0.0,29.29824561403509,31.25,0.0,0.0,0.0,3.7180814354727394,20.896464646464647,12.5,5.0,21.11111111111111,104.54212454212454,0.0,31.203703703703702,0.0,0.0,2.5,0.0,34.72222222222222,0.0,13.480392156862745,16.666666666666668,12.5,0.0,0.0,0.0,1.7857142857142856,12.5,3.3333333333333335,0.0,0.0,1.0416666666666667,0.0,10.0,120.12987012987013,0.0,0.0,0.0,3.059440559440559,33.333333333333336,5.0,26.19047619047619,0.0,1.0416666666666667,12.5,75.0,0.0,7.125350140056023,5.2631578947368425,0.0,0.0,0.0,9.66117216117216,0.0
6697.282744654069,2351.6030381655382,2097.3201298201298,1092.1511821511822,1227.2836395630513,223.15476190476193,660.8615288220551,657.2232036754095,877.0250838342944,271.7226890756302,529.6855889502948,335.02808057955116,1808.2642746980982,306.01190476190476,281.57994782994786,871.5915103415103,160.38052225552227,220.8666564916565,70.18518518518519,57.182539682539684,40.27777777777778,103.16197691197691,75.83333333333334,1077.7047135870666,125.35304972804973,47.08994708994709,163.4433621933622,50.7747113997114,87.08333333333333,1.8518518518518516,51.28928089454405,632.6818783068783,70.83333333333334,78.84920634920636,61.52777777777778,57.17365967365967,22.5,12.5,1086.5104625766392,25.729166666666668,67.36111111111111,70.92592592592592,83.25757575757575,6.071428571428571,90.27777777777779,16.666666666666668,13.75,54.166666666666664,34.43181818181818,4.166666666666667,3.125,44.44888444888445,63.71753246753247,38.35317460317461,25.0,36.66666666666667,13.88888888888889,10.714285714285714,13.988095238095239,13.825757575757576,109.76190476190476,31.69191919191919,13.025210084033613,16.5625,7.857142857142857,23.181818181818183,5.0,4.087752525252525,36.25,2.272727272727273,81.5571683218742,0.0,33.333333333333336,0.0,19.305555555555557,8.45959595959596,0.0,137.97224547224548,0.0,0.0,79.2016806722689,107.61752136752138,0.0,23.181818181818183,36.04166666666667,0.0,12.5,0.0,2.6470588235294117,18.63095238095238,2.916666666666667,2.0833333333333335,0.0,0.0,9.722222222222221,2.0833333333333335,0.0,0.0,0.0,12.380952380952381,0.0,0.0,60.0,40.58531746031746,50.0,4.166666666666667,1.1111111111111112,8.333333333333332,0.0,7.5,0.0,0.0,0.0,0.0,0.0,0.0,0.0,0.0,0.0,1.7857142857142856,3.3333333333333335,0.0,0.0,0.0,0.0,0.0,196.14583333333334,0.0,50.0,12.5,0.0,0.0,0.0,0.0,5.555555555555555,27.083333333333336,0.0,55.55555555555556,12.5,0.0,0.0,1.3888888888888888,8.333333333333334,0.0,18.75,0.0,32.24116161616162,12.5,1.8518518518518516,11.11111111111111,12.5,5.208333333333334,8.468094405594405,0.0,0.0,0.0,0.0,0.0,1.4705882352941175,2.941176470588235,0.0,19.444444444444446,0.0,141.47727272727272,0.0,0.0,3.3333333333333335,0.0,23.459595959595962,1.3888888888888888,30.476190476190478,0.0,0.0,25.0,0.0,0.0,5.555555555555555,10.76388888888889,0.0,2.272727272727273,0.0,0.0,6.25,12.5,10.0,3.125,0.5555555555555556,2.7777777777777777,0.0,6.666666666666667,8.333333333333334,0.0,7.142857142857142,6.25,0.0,0.0,16.666666666666668,6.25,0.0,0.0,0.0,0.0,6.25,0.0,0.0,0.0,64.7008547008547,0.0,6.666666666666667,0.0,0.0,0.0,0.0,0.0,0.0,12.5,0.0,0.0,0.0,37.5,0.0,1.7857142857142856,0.0,0.0,0.0,0.0,0.0,0.0,0.0,0.0,0.0,0.0,0.0,4.574592074592075,0.0,0.0,0.0,0.0,1.5151515151515151,0.0,0.0,0.0,5.934873949579832,0.0,0.0,0.0,0.0,7.738095238095238,0.0
5371.767676767677,1174.8214285714287,560.6349206349206,543.2702020202021,1629.0277777777778,302.9978354978355,1033.0109126984128,8.333333333333334,603.4027777777778,714.564393939394,72.22222222222223,390.6818181818182,0.0,96.42857142857143,899.702380952381,160.89285714285714,98.46153846153845,1536.9139194139193,0.0,16.666666666666668,0.0,378.8888888888889,0.0,437.0833333333333,10.0,75.0,25.0,184.375,7.142857142857142,0.0,22.5,0.0,268.05555555555554,0.0,50.0,128.33333333333334,0.0,0.0,0.0,349.72402597402595,7.8125,47.5,0.0,8.333333333333334,0.0,6.25,27.083333333333336,0.0,6.111111111111111,61.507936507936506,0.0,0.0,12.5,93.33333333333334,12.5,0.0,0.0,12.5,0.0,0.0,0.0,75.0,0.0,0.0,15.0,16.025641025641026,0.0,0.0,5.0,0.0,0.0,5.555555555555555,3.846153846153846,63.88888888888889,0.0,0.0,12.5,0.0,16.666666666666668,0.0,228.57142857142858,0.0,0.0,16.025641025641026,0.0,0.0,8.333333333333334,0.0,12.5,0.0,0.0,0.0,0.0,0.0,3.125,0.0,54.16666666666667,0.0,0.0,0.0,16.666666666666668,0.0,0.0,0.0,0.0,0.0,0.0,64.58333333333333,0.0,0.0,0.0,0.0,0.0,0.0,0.0,0.0,3.571428571428571,0.0,0.0,0.0,0.0,3.846153846153846,0.0,0.0,0.0,0.0,0.0,0.0,0.0,0.0,0.0,0.0,0.0,0.0,0.0,0.0,0.0,0.0,0.0,0.0,0.0,0.0,12.5,0.0,0.0,0.0,0.0,50.0,0.0,0.0,0.0,0.0,0.0,0.0,0.0,175.0,0.0,0.0,0.0,0.0,0.0,0.0,0.0,0.0,3.125,0.0,0.0,0.0,0.0,0.0,0.0,0.0,0.0,0.0,0.0,0.0,0.0,0.0,0.0,0.0,0.0,0.0,0.0,0.0,0.0,0.0,0.0,0.0,0.0,0.0,0.0,0.0,0.0,0.0,0.0,0.0,0.0,0.0,0.0,0.0,8.333333333333334,0.0,0.0,0.0,0.0,0.0,0.0,0.0,0.0,0.0,0.0,0.0,0.0,0.0,0.0,0.0,0.0,0.0,0.0,0.0,0.0,0.0,0.0,0.0,0.0,0.0,0.0,0.0,0.0,0.0,0.0,0.0,0.0,0.0,0.0,0.0,0.0,0.0,0.0,0.0,0.0,0.0,0.0,0.0,0.0,0.0,0.0,0.0,0.0
3713.2748015873017,820.0992063492064,1211.6666666666667,1280.0198412698412,1533.561507936508,583.6111111111111,1235.7142857142858,371.82539682539687,505.55555555555554,436.6666666666667,596.25,235.625,173.41666666666669,132.5,474.30059523809524,348.6111111111111,350.0,357.0833333333333,237.5,163.92857142857144,219.51388888888889,172.6984126984127,278.61111111111114,348.6111111111111,173.05555555555557,371.54761904761904,230.55555555555554,168.19444444444446,83.54617604617604,622.3809523809524,57.5,223.21428571428572,468.75,62.5,98.88888888888889,58.333333333333336,121.11111111111111,108.33333333333334,304.72222222222223,93.75,0.0,261.42857142857144,266.6666666666667,234.16666666666669,35.833333333333336,10.0,112.5,212.58928571428572,106.66666666666667,4.166666666666667,25.0,141.66666666666669,76.38888888888889,84.53373015873017,207.99603174603175,117.5,152.08333333333334,38.888888888888886,54.16666666666667,60.833333333333336,36.25,50.0,42.857142857142854,208.33333333333331,76.66666666666667,13.333333333333334,41.66666666666667,37.5,0.0,50.0,8.333333333333334,50.0,41.80555555555556,12.5,56.25,250.27777777777777,100.0,0.0,50.0,0.0,25.0,0.0,15.625,13.333333333333334,0.0,50.0,25.0,42.5,3.3333333333333335,0.0,0.0,11.11111111111111,172.91666666666666,29.166666666666668,8.333333333333334,52.5,102.77777777777777,6.666666666666667,62.5,108.33333333333334,50.0,33.656204906204906,0.0,0.0,16.666666666666668,20.0,0.0,52.083333333333336,0.0,0.0,0.0,0.0,0.0,0.0,0.0,4.166666666666667,8.333333333333334,0.0,0.0,34.72222222222222,53.333333333333336,0.0,31.666666666666668,0.0,25.0,16.666666666666668,0.0,0.0,12.5,0.0,0.0,12.103174603174603,0.0,0.0,0.0,0.0,13.88888888888889,20.833333333333336,0.0,5.0,0.0,0.0,12.5,10.0,0.0,0.0,0.0,0.0,0.0,0.0,0.0,0.0,0.0,11.25,0.0,16.666666666666668,0.0,0.0,5.555555555555555,11.11111111111111,0.0,0.0,60.0,0.0,0.0,0.0,0.0,0.0,0.0,0.0,0.0,0.0,0.0,0.0,5.555555555555555,5.555555555555555,0.0,50.0,3.3333333333333335,0.0,0.0,0.0,0.0,40.0,0.0,10.0,0.0,33.333333333333336,0.0,0.0,0.0,0.0,0.0,0.0,14.285714285714285,3.75,5.555555555555555,0.0,5.555555555555555,0.0,11.11111111111111,0.0,0.0,0.0,0.0,0.0,0.0,0.0,0.0,20.833333333333336,62.5,0.0,0.0,0.0,0.0,0.0,0.0,0.0,0.0,0.0,0.0,2.5,0.0,0.0,0.0,0.0,0.0,0.0,0.0,0.0,0.0,0.0,0.0,0.0,0.0,0.0,15.0,0.0,0.0,0.0,0.0,0.0,0.0,0.0,0.0,0.0,0.0,0.0,50.0
4697.016541193012,3877.0664983164984,1614.1137566137565,1176.397028897029,2618.487544590486,184.06746031746033,3012.9018204018207,246.5079365079365,993.0068542568542,831.9760005789418,1731.111111111111,1874.3338959515431,114.12698412698413,286.7517205017205,817.688492063492,153.96825396825398,482.15007215007216,876.0515873015873,68.75,215.93253968253967,414.5238095238095,273.1216931216931,24.563492063492063,1553.1920394420395,164.09391534391534,205.76719576719577,111.94444444444446,101.83922558922559,239.12758537758538,43.90873015873016,21.26984126984127,420.5194805194805,102.93650793650794,133.13492063492063,303.1289081289081,188.0952380952381,168.61430236430235,19.166666666666668,0.0,1022.9499898249899,83.34325396825398,939.1468253968254,0.0,279.04761904761904,24.305555555555557,3.0555555555555554,87.79761904761905,415.02525252525254,292.94708994709,208.03571428571428,27.380952380952383,119.70695970695971,41.666666666666664,216.11507936507937,242.89862914862917,0.0,4.166666666666667,20.75,23.260582010582013,0.0,71.13095238095238,51.38888888888889,36.66666666666667,8.333333333333334,20.793650793650794,5.555555555555555,50.0,0.0,37.26851851851852,25.0,3.3333333333333335,16.666666666666668,0.0,14.047619047619047,0.0,36.111111111111114,1.6666666666666667,0.0,10.317460317460316,33.88888888888889,218.92857142857144,57.44047619047619,161.74603174603175,0.0,8.928571428571429,19.047619047619047,0.0,23.611111111111114,17.936507936507937,0.0,16.666666666666668,32.424381174381175,16.666666666666668,35.833333333333336,64.77513227513228,0.0,2.0833333333333335,32.817460317460316,0.0,0.0,0.0,43.05555555555556,0.0,0.0,29.166666666666668,4.761904761904762,0.0,105.0462962962963,0.0,2.0833333333333335,0.0,0.0,0.0,0.0,0.0,25.27777777777778,2.380952380952381,0.0,0.0,0.0,11.666666666666666,0.0,0.0,30.555555555555557,138.92857142857142,20.625,0.0,5.333333333333334,0.0,0.0,0.0,31.944444444444443,0.0,16.944444444444446,0.0,0.0,3.3333333333333335,10.0,8.333333333333334,14.583333333333336,35.0,0.0,55.33730158730159,11.11111111111111,3.3333333333333335,0.0,0.0,0.0,0.0,0.0,0.0,0.0,16.666666666666664,7.638888888888889,0.0,59.666666666666664,0.0,5.714285714285714,1.5151515151515151,3.0303030303030303,0.0,0.0,0.0,0.0,0.0,0.0,1.7857142857142856,2.7777777777777777,0.0,13.88888888888889,0.0,0.0,9.027777777777779,0.0,2.0833333333333335,0.0,18.710317460317462,0.0,2.380952380952381,0.0,0.0,0.0,0.0,0.0,0.0,0.0,0.0,0.0,0.0,0.0,0.0,0.0,4.761904761904762,3.3333333333333335,0.0,0.0,0.0,0.0,0.0,0.0,0.0,4.166666666666667,0.0,6.944444444444445,0.0,0.0,0.0,9.166666666666668,13.492063492063492,0.0,0.0,0.0,0.0,0.0,0.0,0.0,0.0,0.0,0.0,0.0,0.0,0.0,0.0,0.0,0.0,0.0,0.0,0.0,0.0,0.0,0.0,0.0,4.166666666666667,0.0,0.0,0.0,5.555555555555555,0.0,0.0,0.0,0.0,0.0,0.0,0.0,0.0,0.0,0.0,0.0,0.0
1780.4166666666667,356.25,564.5833333333334,247.5,293.75,183.33333333333334,272.5,91.66666666666667,33.333333333333336,461.1111111111111,433.3333333333333,87.5,0.0,92.5,66.66666666666667,229.16666666666666,562.2222222222223,108.33333333333334,120.83333333333334,0.0,50.0,50.0,100.0,22.22222222222222,25.0,60.0,0.0,250.0,83.33333333333334,54.16666666666667,0.0,0.0,229.16666666666669,8.333333333333334,12.5,0.0,33.333333333333336,0.0,0.0,0.0,133.33333333333334,0.0,0.0,20.833333333333336,0.0,16.666666666666668,0.0,0.0,37.5,0.0,0.0,0.0,0.0,0.0,16.666666666666668,0.0,0.0,4.166666666666667,0.0,0.0,0.0,10.0,0.0,0.0,5.555555555555555,0.0,0.0,0.0,0.0,0.0,5.555555555555555,0.0,0.0,0.0,0.0,0.0,0.0,0.0,0.0,16.666666666666668,0.0,0.0,0.0,0.0,0.0,0.0,0.0,0.0,0.0,0.0,0.0,0.0,0.0,12.5,0.0,0.0,41.66666666666667,0.0,0.0,0.0,0.0,25.0,0.0,0.0,0.0,0.0,0.0,0.0,0.0,0.0,0.0,0.0,0.0,0.0,0.0,0.0,0.0,0.0,0.0,0.0,0.0,0.0,0.0,10.0,0.0,0.0,0.0,0.0,0.0,0.0,0.0,10.0,0.0,0.0,0.0,0.0,0.0,0.0,0.0,0.0,0.0,0.0,0.0,0.0,0.0,0.0,0.0,0.0,0.0,0.0,0.0,0.0,0.0,4.166666666666667,0.0,0.0,0.0,0.0,0.0,0.0,0.0,0.0,0.0,0.0,0.0,0.0,0.0,0.0,0.0,0.0,0.0,0.0,0.0,0.0,25.0,0.0,0.0,0.0,0.0,0.0,0.0,0.0,0.0,0.0,0.0,0.0,0.0,0.0,0.0,0.0,0.0,0.0,0.0,0.0,0.0,0.0,0.0,0.0,0.0,0.0,0.0,0.0,0.0,0.0,0.0,0.0,0.0,0.0,0.0,0.0,0.0,0.0,0.0,0.0,0.0,0.0,0.0,0.0,0.0,0.0,0.0,0.0,0.0,0.0,0.0,0.0,0.0,0.0,0.0,0.0,0.0,0.0,0.0,0.0,0.0,0.0,0.0,512.5,0.0,0.0,0.0,0.0,0.0,0.0,0.0,0.0,0.0,0.0,0.0
2076.9635225885227,529.3002136752136,1095.7432844932846,286.6666666666667,979.1666666666667,91.66666666666667,1567.9960317460318,95.83333333333334,645.8333333333334,608.4027777777778,128.57142857142858,490.55555555555554,0.0,80.83333333333334,1058.75,30.0,63.333333333333336,1060.595238095238,0.0,54.16666666666667,38.54166666666667,41.66666666666667,73.33333333333334,1031.388888888889,25.0,0.0,25.0,144.98106060606062,25.0,0.0,0.0,0.0,86.11111111111111,50.0,0.0,25.0,31.060606060606062,0.0,0.0,481.6666666666667,0.0,94.55128205128206,0.0,33.333333333333336,0.0,0.0,18.75,0.0,192.3015873015873,66.66666666666667,0.0,0.0,0.0,176.7948717948718,133.33333333333334,0.0,0.0,120.23809523809524,0.0,0.0,25.0,50.0,287.85714285714283,0.0,0.0,0.0,50.0,0.0,0.0,0.0,0.0,0.0,0.0,50.0,0.0,0.0,0.0,0.0,16.666666666666668,12.5,316.6666666666667,0.0,0.0,0.0,0.0,0.0,8.333333333333334,8.333333333333334,0.0,0.0,0.0,0.0,0.0,93.27380952380952,3.125,0.0,12.5,41.66666666666667,0.0,0.0,4.166666666666667,0.0,0.0,0.0,0.0,0.0,0.0,34.02777777777778,0.0,0.0,0.0,0.0,0.0,0.0,0.0,0.0,3.571428571428571,0.0,0.0,0.0,0.0,0.0,0.0,0.0,0.0,0.0,0.0,4.166666666666667,0.0,0.0,0.0,10.0,0.0,0.0,0.0,0.0,0.0,0.0,0.0,8.333333333333334,41.07142857142857,0.0,12.5,0.0,0.0,0.0,0.0,0.0,50.0,0.0,0.0,0.0,0.0,0.0,0.0,480.4761904761905,0.0,0.0,0.0,0.0,0.0,0.0,0.0,0.0,0.0,0.0,0.0,0.0,0.0,0.0,0.0,0.0,0.0,0.0,0.0,0.0,0.0,0.0,0.0,0.0,0.0,0.0,0.0,0.0,0.0,0.0,0.0,0.0,0.0,50.0,0.0,0.0,0.0,0.0,8.333333333333334,0.0,0.0,0.0,0.0,0.0,0.0,0.0,0.0,0.0,0.0,0.0,0.0,0.0,0.0,0.0,0.0,0.0,0.0,0.0,0.0,0.0,0.0,0.0,0.0,0.0,0.0,0.0,0.0,0.0,0.0,0.0,0.0,0.0,0.0,0.0,0.0,8.333333333333334,0.0,0.0,0.0,0.0,0.0,0.0,0.0,0.0,0.0,0.0,0.0,0.0,0.0,0.0,0.0,0.0,10.0
3515.905856595512,2951.158910533911,748.0357142857143,737.9861111111111,2452.9978354978357,268.4375,2284.5833333333335,215.55555555555554,512.2222222222222,397.5446428571429,168.125,705.5208333333334,84.10714285714286,110.95238095238096,550.8333333333334,186.99074074074073,330.01539408866995,808.1684455391352,283.8528138528139,172.22222222222223,76.66666666666667,250.89080459770116,146.78571428571428,323.5632183908046,20.833333333333336,221.96428571428572,57.8125,58.99470899470899,25.0,50.0,72.5,253.33333333333334,1472.5992063492065,66.66666666666667,41.66666666666667,82.67857142857143,85.41666666666667,23.958333333333336,0.0,685.0,317.7092352092352,90.35714285714286,0.0,302.77777777777777,2.0833333333333335,3.125,254.86111111111111,182.1031746031746,680.9722222222223,8.88888888888889,16.666666666666668,0.0,18.75,48.611111111111114,0.0,2.7777777777777777,0.0,3.3333333333333335,0.0,0.0,4.166666666666667,0.0,0.0,0.0,0.0,0.0,49.16666666666667,0.0,0.0,0.0,0.0,0.0,8.333333333333334,25.0,0.0,77.77777777777779,4.501915708812261,0.0,1.8518518518518516,0.0,223.31349206349205,0.0,0.0,0.0,0.0,0.0,12.5,35.0,0.0,0.0,32.5,0.0,0.0,98.33333333333334,0.0,71.875,18.75,39.583333333333336,0.0,0.0,0.0,0.0,0.0,11.666666666666668,0.0,0.0,0.0,41.66666666666667,0.0,10.0,0.0,0.0,0.0,0.0,0.0,14.583333333333334,59.285714285714285,0.0,25.0,0.0,0.0,0.0,0.0,33.75,4.166666666666667,24.642857142857142,0.0,28.75,0.0,0.0,0.0,140.27777777777777,13.636363636363637,0.0,0.0,12.5,0.0,0.0,0.0,12.5,0.0,0.0,0.0,0.0,3.3333333333333335,0.0,0.0,0.0,0.0,0.0,0.0,0.0,0.0,0.0,0.0,12.5,0.0,20.833333333333336,15.0,30.0,0.0,0.0,0.0,0.0,0.0,0.0,57.5,0.0,0.0,6.25,0.0,0.0,45.0,0.0,10.0,0.0,162.5,0.0,0.0,0.0,5.0,8.333333333333332,0.0,22.22222222222222,0.0,5.555555555555555,0.0,0.0,16.666666666666668,0.0,0.0,0.0,7.142857142857142,3.3333333333333335,2.7777777777777777,0.0,0.0,0.0,0.0,6.25,129.04761904761904,0.0,0.0,12.5,0.0,0.0,0.0,0.0,0.0,0.0,0.0,0.0,0.0,0.0,0.0,0.0,0.0,0.0,0.0,0.0,0.0,0.0,0.0,0.0,0.0,37.5,0.0,10.0,0.0,0.0,0.0,0.0,0.0,0.0,0.0,0.0,0.0,0.0,0.0,0.0,0.0,0.0,0.0,0.0,0.0,0.0,0.0,0.0,0.0
4361.081013256323,718.996803849745,968.7261621820445,1646.9103812853812,865.01443001443,545.0396825396825,823.1866281866282,508.14285714285717,630.4411764705883,66.63419913419914,200.53120490620492,427.30031406501996,1228.6444190914006,270.53529803529807,96.11111111111111,459.6858465608466,49.337606837606835,823.7820512820513,281.6071428571429,50.0,299.5238095238095,133.13888888888889,74.62962962962963,54.61538461538462,287.9563492063492,84.72222222222223,257.93650793650795,15.0,76.66666666666667,144.53703703703704,5.0,45.43650793650794,129.4047619047619,13.065059940059939,42.55952380952381,110.41666666666667,7.5,27.976190476190474,204.44860694860694,11.011904761904763,46.25,0.0,61.66666666666667,0.0,141.87229437229436,2.380952380952381,111.58730158730158,3.125,1.1111111111111112,145.10836385836384,57.07070707070707,94.89316239316238,32.083333333333336,44.44444444444444,0.0,9.774436090225564,50.0,103.97727272727273,0.0,79.64285714285714,0.0,20.833333333333336,0.0,0.0,0.0,7.142857142857142,0.0,75.0,51.30681818181818,27.38095238095238,17.708333333333336,142.4512987012987,0.0,0.0,325.986050986051,85.71428571428571,0.0,381.2142740300635,0.0,0.0,0.0,0.0,0.0,0.0,55.833333333333336,0.0,0.0,0.0,0.0,0.0,0.0,7.142857142857142,0.0,0.0,0.0,0.0,0.0,0.0,0.0,3.571428571428571,0.0,0.0,0.5,0.0,5.0,76.26984126984127,24.0,0.0,7.5,0.0,0.5,0.5,0.5,0.5,0.5,13.333333333333334,0.0,5.0,55.0,0.0,0.0,0.0,0.0,0.0,0.0,0.0,35.0,0.0,11.11111111111111,16.666666666666668,0.0,0.0,14.285714285714285,2.5,50.16666666666667,0.0,0.0,0.0,0.0,0.0,50.0,20.0,0.0,0.0,18.055555555555557,33.333333333333336,0.0,0.0,2.380952380952381,22.916666666666668,36.904761904761905,1.1111111111111112,0.0,0.0,25.0,0.0,0.0,0.0,4.166666666666667,8.333333333333334,0.0,0.0,0.0,0.0,0.0,3.571428571428571,0.0,0.0,34.934210526315795,0.0,0.0,37.31944444444444,0.0,50.0,13.392857142857142,0.0,0.0,0.0,0.0,50.0,0.0,12.5,95.54945054945055,0.0,0.0,0.0,0.0,5.0,0.0,43.881578947368425,3.125,0.0,0.0,0.0,0.0,118.63095238095238,0.0,3.125,0.0,0.0,15.0,43.75,0.0,0.0,22.22222222222222,0.0,0.0,0.0,0.0,0.0,0.0,0.0,0.0,0.0,0.0,0.0,0.0,0.0,0.0,7.142857142857142,23.52941176470588,0.0,0.0,0.0,0.0,0.0,0.0,0.0,0.0,0.0,0.0,0.0,0.0,0.0,21.590909090909093,0.0,0.0,0.0,100.0,0.0,0.0,0.0,0.0,0.0,0.0,10.0,0.0,0.0,0.0
864.6430124792194,259.44444444444446,230.53927553927554,266.08847171347173,249.22619047619048,428.13492063492066,157.71103896103895,93.55107855107855,124.44444444444444,80.0,82.22222222222223,67.22222222222223,205.95238095238096,101.51515151515152,33.333333333333336,673.0218855218856,33.06878306878306,105.9920634920635,63.51851851851852,33.333333333333336,0.0,54.66666666666667,122.17261904761905,25.0,29.31216931216931,23.504273504273502,105.83333333333334,15.0,44.54545454545455,16.666666666666668,15.0,13.88888888888889,29.166666666666668,18.055555555555557,10.972222222222221,0.0,13.24074074074074,58.333333333333336,88.19444444444446,54.76190476190476,0.0,0.0,3.7037037037037033,0.0,14.351851851851851,0.0,30.0,0.0,0.0,71.0813492063492,100.11904761904762,3.3333333333333335,2.0833333333333335,0.0,0.0,0.0,0.0,25.0,0.0,10.555555555555555,0.0,0.0,0.0,0.0,9.523809523809524,0.0,0.0,0.0,51.66666666666667,0.0,17.708333333333336,50.0,0.0,0.0,28.273809523809522,0.0,0.0,59.45238095238095,12.5,0.0,0.0,91.07142857142857,0.0,0.0,4.166666666666667,0.0,0.0,0.0,0.0,0.0,0.0,0.0,0.0,0.0,0.0,0.0,0.0,0.0,42.857142857142854,0.0,0.0,0.0,0.5,0.0,5.0,35.0,65.93406593406593,0.0,7.5,0.0,0.5,0.5,0.5,0.5,0.5,0.0,0.0,5.0,0.0,0.0,0.0,2.0833333333333335,0.0,0.0,0.0,0.0,13.333333333333334,0.0,7.4074074074074066,5.555555555555555,0.0,0.0,0.0,0.0,0.16666666666666666,0.0,0.0,0.0,3.4482758620689657,0.0,0.0,0.0,0.0,0.0,7.936507936507937,16.666666666666668,16.666666666666668,0.0,2.380952380952381,50.0,0.0,0.0,0.0,0.0,0.0,0.0,0.0,0.0,4.166666666666667,8.333333333333334,0.0,0.0,0.0,0.0,0.0,0.0,0.0,6.666666666666667,0.0,0.0,0.0,16.833333333333332,0.0,0.0,0.0,0.0,0.0,0.0,0.0,0.0,0.0,0.0,9.375,0.0,0.0,0.0,0.0,0.0,0.0,0.0,36.458333333333336,50.0,50.0,0.0,0.0,47.22222222222223,0.0,0.0,0.0,60.0,0.0,0.0,0.0,0.0,0.0,0.0,0.0,0.0,0.0,0.0,0.0,0.0,0.0,0.0,0.0,0.0,0.0,0.0,3.3333333333333335,6.666666666666667,11.11111111111111,0.0,0.0,0.0,6.666666666666667,0.0,0.0,0.0,0.0,0.0,0.0,0.0,0.0,0.0,2.0833333333333335,0.0,0.0,0.0,0.0,0.0,0.0,0.0,0.0,0.0,0.0,0.0,0.0,6.25,0.0
7343.506745447535,1024.9138471177946,1238.3847402597403,543.0779637029638,2314.6467919049187,1057.514901034638,838.5811481689965,439.3102240896359,1003.3997007894067,1740.4364495153968,1300.8845832530044,599.8081766444769,474.2677570967045,532.3199431287667,761.4181688194847,482.06349206349205,775.5837510442774,594.3022182495866,296.6896407685881,229.02777777777777,386.0454822954823,761.3753534477219,294.34523809523813,1302.844212246302,276.1817226890756,319.77351466902553,93.57142857142857,342.66993240677454,258.99080086580085,103.95833333333333,124.58333333333333,608.776455026455,208.99725274725273,140.0,317.78074866310163,1205.8047361994732,664.4628142325511,85.97222222222221,274.30057988107524,124.55357142857143,155.2572403230298,112.85714285714286,66.66666666666666,164.7718253968254,57.91666666666667,13.247863247863247,51.04166666666667,340.919878052231,71.96608946608947,56.25,0.0,202.89351851851853,67.76315789473685,108.63095238095238,317.6979708887604,100.0,2.0833333333333335,130.49242424242425,212.60442773600667,15.0,278.49101921470344,57.291666666666664,50.0,70.71428571428572,27.462121212121215,68.75,0.0,0.0,59.72222222222222,35.64574314574315,0.0,232.73809523809524,206.48809523809524,12.5,8.333333333333334,35.32738095238095,110.96491228070175,0.0,73.39015151515152,25.0,268.3696621361095,0.0,25.0,66.66666666666667,0.0,120.83333333333334,50.476190476190474,4.861111111111111,0.0,118.75,0.0,93.79615482556659,0.0,57.5,152.95454545454547,62.976190476190474,0.0,1.7857142857142856,7.291666666666667,16.666666666666668,16.666666666666668,11.626984126984127,0.0,10.735294117647058,222.91666666666666,56.25,8.333333333333334,93.3119658119658,0.0,3.125,0.0,0.0,0.0,0.0,0.0,0.0,50.0,0.0,0.0,0.9523809523809523,21.92982456140351,9.375,6.25,0.0,0.0,44.64285714285714,0.0,50.0,0.0,55.55555555555556,0.0,0.0,0.0,32.738095238095234,6.25,0.0,0.47619047619047616,27.272727272727273,16.666666666666668,34.64285714285714,89.12878787878788,0.0,20.535714285714285,0.0,0.0,0.0,0.0,0.0,0.0,0.0,0.0,0.0,34.285714285714285,50.0,0.0,0.0,25.0,0.0,0.8928571428571428,1.7857142857142856,0.47619047619047616,0.0,70.53571428571428,0.0,0.0,16.26984126984127,0.0,0.7352941176470588,0.0,0.0,0.0,0.0,0.0,0.0,14.166666666666668,0.0,136.51785714285714,0.0,10.961538461538462,0.0,12.976190476190476,1.3888888888888888,0.0,0.0,0.0,0.0,0.0,7.142857142857142,25.892857142857146,0.0,0.0,0.0,25.0,4.166666666666667,0.0,1.7857142857142856,0.0,17.401960784313726,12.5,0.0,0.0,10.0,2.6315789473684212,0.0,0.0,0.0,10.0,0.0,18.095238095238095,3.541666666666667,55.55555555555556,0.0,8.522727272727273,5.555555555555555,0.0,0.0,0.0,0.0,4.166666666666667,0.0,0.0,0.0,0.0,0.0,8.333333333333334,0.0,0.0,18.181818181818183,0.0,0.0,0.0,0.0,37.5,0.0,0.0,0.0,10.416666666666668,0.0,0.0,25.0,4.6875,0.0,16.25,0.0,0.0,0.0,0.0,0.0,50.0
666.0972222222223,786.5582010582011,498.7797619047619,471.0416666666667,340.2480158730159,546.9074074074074,237.1825396825397,162.91666666666666,241.82539682539684,136.25,210.77083333333334,72.01388888888889,41.25,92.5,105.42410714285714,138.04166666666669,134.28571428571428,307.2321428571429,39.285714285714285,35.55555555555556,105.83333333333334,313.3333333333333,133.16468253968253,134.79166666666666,203.08201058201058,61.458333333333336,311.7261904761905,9.226190476190476,123.63095238095238,85.75,24.166666666666664,66.97619047619048,123.75,94.16666666666667,0.0,12.5,58.76488095238095,118.75,0.0,23.333333333333336,239.46428571428572,78.05555555555556,51.30952380952381,324.70238095238096,49.75,9.226190476190476,0.0,75.0,98.54166666666667,25.0,0.0,29.166666666666664,0.0,139.20634920634922,0.0,0.0,0.0,0.0,0.0,25.0,0.0,0.0,35.0,0.0,0.0,0.0,47.91666666666667,66.60714285714286,0.0,8.333333333333334,0.0,0.0,3.3333333333333335,36.54761904761905,0.0,0.0,133.33333333333334,0.0,230.55555555555557,23.214285714285715,0.0,0.0,0.0,0.0,0.0,0.0,7.142857142857142,31.726190476190474,0.0,25.0,0.0,0.0,0.0,161.62698412698413,0.0,8.333333333333334,4.166666666666667,0.0,1.7261904761904763,0.0,0.0,0.0,0.78125,0.0,0.0,0.0,0.0,0.0,11.71875,20.833333333333336,0.78125,0.78125,0.78125,0.78125,0.78125,0.0,1.6666666666666667,7.8125,0.0,0.0,25.0,24.76190476190476,0.0,0.0,0.0,0.0,0.0,0.0,0.0,0.0,0.0,10.0,0.0,0.0,0.0,0.0,0.0,0.0,0.0,0.0,0.0,0.0,5.0,59.16666666666667,55.11904761904762,0.0,0.0,0.0,0.0,8.333333333333334,6.25,0.0,0.0,27.083333333333336,6.25,0.0,0.0,1.7857142857142856,0.0,0.0,0.0,0.0,0.0,0.0,0.0,5.555555555555555,0.0,0.0,0.0,2.5,0.0,0.0,15.476190476190476,0.0,0.0,0.0,0.0,0.0,0.0,0.0,26.38888888888889,0.0,0.0,0.0,0.0,0.0,0.0,8.333333333333334,0.0,0.0,0.0,0.0,0.0,0.0,8.333333333333334,3.3333333333333335,0.0,0.0,0.0,0.0,0.0,0.0,0.0,0.0,0.0,8.630952380952381,0.0,10.833333333333334,0.0,0.0,0.0,3.125,0.0,0.0,0.0,0.0,0.0,0.0,0.0,0.0,0.0,0.0,0.0,0.0,0.0,0.0,0.0,0.0,0.0,0.0,0.0,0.0,0.0,0.0,0.0,0.0,0.0,0.0,0.0,0.0,0.0,0.0,0.0,0.0,0.0,5.0,0.0,0.0,19.444444444444446
1882.8073593073593,786.577380952381,626.3690476190476,684.7123015873016,319.0079365079365,583.2440476190476,335.55555555555554,268.3333333333333,195.89285714285714,163.21759259259258,142.609126984127,239.23340548340548,711.5782828282828,223.80862193362194,410.86805555555554,274.25925925925924,272.56944444444446,382.20238095238096,94.86111111111111,48.10606060606061,34.077380952380956,206.33333333333334,160.625,115.83333333333334,204.54761904761907,96.18055555555556,297.9166666666667,45.833333333333336,13.333333333333334,0.0,70.53571428571429,77.84722222222223,120.83333333333334,17.708333333333336,28.125,140.60714285714286,4.166666666666667,69.79166666666667,290.4662698412698,13.284632034632034,50.595238095238095,61.66666666666667,69.44444444444444,0.0,151.34920634920636,117.88690476190476,79.02777777777777,0.0,4.583333333333334,9.375,38.54166666666667,109.58333333333333,18.40277777777778,12.5,13.88888888888889,3.125,8.333333333333334,29.166666666666668,50.60019841269841,0.0,23.958333333333336,6.25,7.4074074074074066,0.0,18.541666666666668,7.142857142857142,0.0,2.7777777777777777,51.66666666666667,20.833333333333336,17.708333333333336,52.67857142857143,16.666666666666668,11.160714285714285,16.666666666666664,16.666666666666668,0.0,12.269841269841269,0.0,6.666666666666667,0.0,40.13888888888889,28.095238095238095,7.142857142857142,4.166666666666667,10.0,0.0,0.0,0.0,0.0,0.0,0.0,11.458333333333334,0.0,6.25,0.0,0.0,40.0,67.70833333333334,3.3333333333333335,18.75,0.0,2.3506493506493507,34.93055555555556,0.0,35.0,1.0,0.0,35.25974025974026,0.0,2.3506493506493507,2.3506493506493507,2.3506493506493507,2.3506493506493507,2.3506493506493507,29.166666666666668,0.0,23.506493506493506,16.666666666666668,5.0,0.0,0.0,0.0,0.0,0.0,0.0,26.70634920634921,0.0,0.0,0.0,15.0,0.0,0.0,0.0,0.16666666666666666,0.0,4.166666666666667,0.0,0.0,0.0,0.0,0.0,0.0,0.0,27.083333333333332,16.666666666666668,16.25,0.0,2.380952380952381,0.0,0.0,16.666666666666668,0.0,0.0,0.0,8.333333333333334,3.125,0.0,4.166666666666667,8.333333333333334,0.0,46.66666666666667,3.571428571428571,40.208333333333336,0.0,0.0,2.0833333333333335,0.0,0.0,0.0,12.5,0.16666666666666666,0.0,0.0,0.0,0.0,0.0,16.666666666666668,0.0,131.25,0.0,0.0,59.375,20.0,9.0,5.0,0.5,0.0,0.0,0.0,3.125,0.0,0.0,0.0,0.0,16.666666666666668,3.3333333333333335,0.0,0.0,0.0,0.0,0.0,0.0,0.0,0.0,0.0,0.0,0.0,0.0,0.0,16.666666666666668,0.0,0.0,25.0,0.0,0.0,0.0,0.0,0.0,0.0,0.0,9.583333333333334,0.0,0.0,0.0,0.0,6.25,0.0,12.5,0.0,0.0,0.0,0.0,0.0,0.0,0.0,0.0,0.0,0.0,0.0,50.0,0.0,0.0,3.125,3.7037037037037033,0.0,3.7037037037037033,0.0,20.0
1588.079825947473,447.3856209150327,226.30952380952382,782.609126984127,567.3561596355714,402.51984126984127,194.15242165242165,233.49084891409137,260.0992063492063,152.9832640126758,456.73280423280426,153.03330928330928,359.04333955804543,133.66101491101492,98.19805194805195,208.57142857142858,68.71031746031747,163.14814814814815,180.0,181.3828763828764,28.492063492063494,58.23412698412699,156.822425940073,93.54978354978356,265.4166666666667,72.61904761904762,180.41666666666669,25.416666666666668,92.32804232804233,24.583333333333336,19.047619047619047,62.57878151260504,45.23809523809524,78.57142857142857,0.0,62.142857142857146,5.0,26.388888888888893,481.00949975949976,22.72727272727273,14.545454545454545,116.66666666666667,114.32870370370371,72.5,87.56613756613757,98.98300229182583,11.11111111111111,30.303030303030305,0.0,11.093073593073594,47.857142857142854,9.330065359477125,8.333333333333334,4.761904761904762,0.0,0.0,0.0,50.0,0.0,23.214285714285715,9.722222222222221,25.595238095238095,8.333333333333334,8.333333333333334,18.80952380952381,12.5,0.0,29.86111111111111,16.666666666666668,0.0,34.225774225774224,6.25,0.0,0.0,40.76168929110106,34.375,1.6666666666666667,214.68253968253967,2.380952380952381,4.545454545454546,0.0,0.0,0.0,12.5,6.944444444444445,0.0,0.0,1.6666666666666667,3.125,0.0,0.0,4.545454545454545,0.0,0.0,0.0,0.0,22.22222222222222,0.0,8.333333333333334,0.0,2.380952380952381,0.0,0.4629629629629629,0.0,21.845238095238095,0.0,14.814814814814813,0.0,6.944444444444444,0.0,0.4629629629629629,0.4629629629629629,0.4629629629629629,0.4629629629629629,0.4629629629629629,0.0,0.0,4.629629629629629,7.5,8.333333333333334,0.0,8.333333333333334,0.0,12.5,8.333333333333332,0.0,76.71957671957672,0.0,0.0,0.0,0.0,8.994708994708994,1.5151515151515151,0.0,0.0,0.0,0.0,51.51515151515152,0.0,0.0,0.0,7.142857142857142,0.0,0.0,0.0,104.98565279770445,8.333333333333334,0.0,0.0,37.5,0.0,72.02380952380952,0.0,0.0,0.0,6.25,0.0,0.0,0.0,0.0,6.25,33.333333333333336,10.606060606060606,0.0,2.7777777777777777,0.0,0.0,0.0,19.074074074074073,0.0,56.94444444444444,0.0,1.8518518518518516,3.3333333333333335,5.185185185185185,0.0,0.0,0.0,0.0,0.0,0.0,0.0,0.0,144.16666666666666,0.0,36.041666666666664,0.0,0.0,0.0,0.0,2.380952380952381,0.0,0.0,0.0,2.0833333333333335,9.722222222222221,0.0,0.0,0.0,57.142857142857146,0.0,5.9523809523809526,3.3333333333333335,0.0,0.0,0.0,0.0,0.0,0.0,0.0,0.0,0.0,0.0,2.380952380952381,0.0,0.0,0.0,0.0,0.0,16.666666666666668,0.0,0.0,0.0,0.0,0.0,0.0,0.0,0.0,0.0,0.0,1.25,4.166666666666667,5.555555555555555,0.0,0.0,0.0,0.0,0.0,25.0,0.0,1.3888888888888888,0.0,0.0,0.0,0.0,0.0,0.0,0.0,0.0
784.7079772079773,313.968253968254,50.833333333333336,342.82016594516597,90.74074074074073,156.48809523809524,75.40242165242165,79.32418224742472,25.972222222222225,85.87542087542087,154.23280423280423,139.64045214045214,193.6861967009026,78.66101491101492,39.94047619047619,95.0,35.37698412698413,23.333333333333332,86.66666666666667,181.3828763828764,3.492063492063492,53.23412698412699,88.2936507936508,76.88311688311688,100.5952380952381,51.36904761904762,107.5,22.083333333333332,10.185185185185185,8.333333333333334,19.047619047619047,28.125,16.666666666666668,3.3333333333333335,0.0,7.142857142857142,5.0,9.722222222222223,161.7724867724868,0.0,4.545454545454545,16.666666666666668,29.25925925925926,10.0,4.232804232804233,75.54112554112554,11.11111111111111,16.666666666666668,0.0,11.093073593073594,0.0,1.3888888888888888,8.333333333333334,4.761904761904762,0.0,0.0,0.0,0.0,0.0,10.714285714285714,5.555555555555555,0.5952380952380952,8.333333333333334,7.142857142857142,7.142857142857142,8.333333333333334,0.0,29.86111111111111,16.666666666666668,0.0,31.844821844821844,0.0,0.0,0.0,37.82051282051282,34.375,1.6666666666666667,133.33333333333331,2.380952380952381,0.0,0.0,0.0,0.0,8.333333333333334,6.944444444444445,0.0,0.0,0.0,0.0,0.0,0.0,4.545454545454545,0.0,0.0,0.0,0.0,22.22222222222222,0.0,8.333333333333334,0.0,0.0,0.0,0.4629629629629629,0.0,4.464285714285714,0.0,14.814814814814813,0.0,6.944444444444444,0.0,0.4629629629629629,0.4629629629629629,0.4629629629629629,0.4629629629629629,0.4629629629629629,0.0,0.0,4.629629629629629,5.0,8.333333333333334,0.0,8.333333333333334,0.0,12.5,0.0,0.0,51.71957671957672,0.0,0.0,0.0,0.0,1.8518518518518516,1.5151515151515151,0.0,0.0,0.0,0.0,51.51515151515152,0.0,0.0,0.0,7.142857142857142,0.0,0.0,0.0,104.98565279770445,8.333333333333334,0.0,0.0,0.0,0.0,72.02380952380952,0.0,0.0,0.0,0.0,0.0,0.0,0.0,0.0,0.0,33.333333333333336,10.606060606060606,0.0,2.7777777777777777,0.0,0.0,0.0,19.074074074074073,0.0,23.61111111111111,0.0,0.0,53.333333333333336,5.185185185185185,0.0,0.0,0.0,0.0,0.0,0.0,0.0,0.0,12.5,0.0,3.125,0.0,0.0,0.0,0.0,0.0,0.0,0.0,0.0,0.0,9.722222222222221,0.0,0.0,0.0,57.142857142857146,0.0,5.9523809523809526,0.0,0.0,0.0,0.0,0.0,0.0,0.0,0.0,0.0,0.0,0.0,2.380952380952381,0.0,0.0,0.0,0.0,0.0,16.666666666666668,0.0,0.0,0.0,0.0,0.0,0.0,0.0,0.0,0.0,0.0,0.0,4.166666666666667,5.555555555555555,0.0,0.0,0.0,0.0,0.0,0.0,0.0,1.3888888888888888,0.0,0.0,0.0,0.0,0.0,0.0,0.0,0.0
2314.4600653975654,666.4484126984127,538.0357142857143,1363.6516955266954,819.6659821659822,343.8492063492064,715.7595645095645,171.6035940121306,541.8055555555555,138.87325637325637,202.65567765567766,199.36267436267437,841.6997354497355,380.9628797128797,432.05357142857144,230.83333333333334,121.80555555555556,85.41666666666666,50.00000000000001,285.32227032227036,22.242063492063494,147.45039682539684,227.66865079365078,95.63311688311688,395.0901875901876,138.57142857142858,284.12698412698415,22.916666666666668,37.407407407407405,33.333333333333336,40.75757575757576,25.0,91.66666666666667,3.3333333333333335,25.0,114.87012987012987,41.66666666666667,55.55555555555556,907.3946886446887,57.83730158730159,4.545454545454545,62.5,149.53703703703704,60.0,72.43589743589743,29.166666666666668,11.11111111111111,25.0,0.0,29.761904761904763,16.666666666666668,81.38888888888889,8.333333333333334,4.761904761904762,5.555555555555555,0.0,2.7777777777777777,75.64935064935065,8.333333333333334,10.714285714285714,5.555555555555555,0.5952380952380952,25.757575757575758,0.0,15.476190476190476,8.333333333333334,1.6666666666666667,44.44444444444444,16.666666666666668,9.285714285714286,53.273393273393275,20.833333333333336,0.0,0.0,101.36217948717949,0.0,0.0,76.32575757575758,2.380952380952381,25.0,0.0,0.0,25.0,8.333333333333334,75.0,0.0,0.0,0.0,0.0,80.35714285714286,0.0,4.545454545454545,35.0,0.0,0.0,0.0,34.72222222222222,0.0,8.333333333333334,20.23809523809524,0.0,0.0,0.4629629629629629,0.0,23.214285714285715,0.0,14.814814814814813,8.333333333333334,6.944444444444444,0.0,0.4629629629629629,0.4629629629629629,0.4629629629629629,0.4629629629629629,0.4629629629629629,0.0,0.0,4.629629629629629,5.0,1.25,0.0,8.333333333333334,0.0,12.5,0.0,0.0,191.5396524771525,0.0,0.0,25.0,0.0,1.8518518518518516,1.5151515151515151,0.0,0.0,0.0,0.0,51.51515151515152,0.0,100.43650793650794,0.0,7.142857142857142,0.0,0.0,0.0,57.926829268292686,66.66666666666667,0.0,0.0,0.0,0.0,45.833333333333336,0.0,0.0,0.0,0.0,0.0,0.0,0.0,0.0,0.0,70.0,10.606060606060606,0.0,2.7777777777777777,3.571428571428571,0.0,0.0,19.074074074074073,0.0,61.111111111111114,16.666666666666664,0.0,42.91666666666667,5.185185185185185,0.0,0.0,0.0,0.0,40.0,0.0,7.142857142857142,90.625,0.0,0.0,0.0,0.0,0.0,0.0,0.0,0.0,0.0,0.0,0.0,0.0,18.055555555555557,25.0,0.0,0.0,57.142857142857146,50.0,55.95238095238095,4.166666666666667,0.0,4.166666666666667,0.0,0.0,0.0,0.0,0.0,150.0,0.0,0.0,2.380952380952381,0.0,25.0,0.0,0.0,0.0,0.0,0.0,0.0,0.0,0.0,0.0,0.0,0.0,0.0,0.0,0.0,0.0,4.166666666666667,5.555555555555555,0.0,0.0,0.0,0.0,0.0,14.583333333333334,0.0,1.3888888888888888,0.0,0.0,16.666666666666668,0.0,3.125,0.0,0.0,15.90909090909091
168.75,80.0,50.0,48.75,0.0,0.0,0.0,46.875,0.0,6.25,0.0,0.0,0.0,28.57142857142857,50.0,0.0,0.0,0.0,0.0,21.428571428571427,0.0,0.0,50.0,0.0,0.0,0.0,0.0,0.0,10.0,0.0,0.0,0.0,0.0,0.0,0.0,0.0,0.0,0.0,50.0,0.0,0.0,0.0,0.0,0.0,36.25,0.0,0.0,0.0,0.0,0.0,0.0,0.0,0.0,0.0,0.0,0.0,20.0,0.0,0.0,50.0,0.0,0.0,0.0,0.0,0.0,0.0,60.0,0.0,0.0,0.0,0.0,0.0,0.0,0.0,0.0,50.0,0.0,0.0,0.0,0.0,0.0,0.0,0.0,0.0,0.0,0.0,0.0,0.0,0.0,0.0,0.0,0.0,0.0,0.0,0.0,0.0,0.0,0.0,0.0,0.0,0.0,0.0,0.0,0.0,0.0,0.0,0.0,0.0,0.0,0.0,0.0,0.0,0.0,0.0,0.0,0.0,0.0,0.0,0.0,0.0,0.0,0.0,20.0,0.0,0.0,0.0,0.0,0.0,0.0,0.0,0.0,0.0,0.0,50.0,0.0,0.0,0.0,0.0,0.0,0.0,0.0,0.0,0.0,0.0,0.0,15.625,0.0,25.0,0.0,0.0,0.0,0.0,0.0,0.0,0.0,0.0,0.0,25.0,0.0,0.0,0.0,0.0,0.0,50.0,0.0,0.0,0.0,0.0,0.0,0.0,0.0,50.0,0.0,0.0,0.0,0.0,0.0,0.0,0.0,0.0,0.0,0.0,0.0,0.0,0.0,0.0,0.0,0.0,0.0,0.0,0.0,0.0,0.0,0.0,0.0,0.0,0.0,0.0,0.0,50.0,0.0,0.0,0.0,0.0,0.0,0.0,0.0,0.0,0.0,0.0,0.0,0.0,0.0,0.0,0.0,0.0,0.0,0.0,0.0,0.0,0.0,0.0,0.0,0.0,0.0,0.0,0.0,0.0,0.0,0.0,0.0,0.0,0.0,0.0,0.0,0.0,0.0,0.0,0.0,0.0,0.0,0.0,0.0,0.0,0.0,0.0,0.0,0.0,0.0
5494.22810985311,907.4807137307138,1217.764113931877,847.013453164769,735.4454341954342,1073.6394599552495,473.63743894993894,1945.6186406186407,893.2833139083139,138.48824786324786,818.9088141390773,623.4445184445184,795.4085497835498,1253.9583333333333,324.21467421467423,773.3423520923521,535.5608974358975,399.4543650793651,373.97637085137086,882.8876678876679,2039.510767010767,371.48779461279463,88.03270803270803,489.01785714285717,525.4082491582492,335.1307026307026,121.76587301587301,70.87301587301587,287.76205276205275,156.1940836940837,171.29807692307693,1099.6539802789803,191.26082251082252,191.75824175824175,254.19642857142858,909.8851769575454,454.92724867724866,87.44658119658119,1069.1745060495061,182.6470623674571,460.7442557442557,48.26388888888889,70.95779220779221,428.83693609022555,31.666666666666668,63.333333333333336,146.1904761904762,659.1468253968254,94.44444444444444,104.39713064713065,61.31578947368421,115.73412698412699,97.14285714285714,558.7186424686424,73.91233766233766,30.555555555555557,20.833333333333332,17.5,110.41666666666667,72.42063492063492,88.2260101010101,27.626262626262626,9.090909090909092,191.14583333333334,0.0,94.01515151515152,32.93650793650794,10.416666666666668,83.80827505827506,207.70833333333334,8.333333333333334,159.50854700854703,254.74231786731787,10.0,45.23809523809524,77.14285714285714,121.38888888888889,8.333333333333334,2.0833333333333335,21.515151515151516,269.81481481481484,33.41450216450217,236.33368945868946,94.01515151515152,461.55455655455654,396.7571274972591,50.0,34.76190476190476,13.022138680033416,14.583333333333334,195.56186868686868,174.10714285714286,0.0,0.0,54.349747474747474,0.0,2.5,16.00877192982456,32.457264957264954,12.5,92.65720390720391,38.763733829523304,0.0,146.03174603174602,18.00595238095238,42.857142857142854,66.32440476190476,87.79761904761905,0.0,4.166666666666667,0.0,0.0,0.0,0.0,0.0,0.0,37.61294261294261,0.0,81.94638694638695,342.8621031746032,105.91269841269842,0.0,0.0,15.555555555555555,90.27777777777779,43.75,32.5,1.282051282051282,0.0,11.25,231.11127298627298,12.5,240.0625763125763,141.66666666666666,201.94444444444446,74.7420634920635,23.055555555555557,98.14814814814815,11.11111111111111,0.0,25.0,0.0,18.333333333333336,0.0,0.0,25.0,0.0,433.537296037296,0.0,0.0,18.333333333333336,34.16666666666667,21.805555555555557,0.0,13.392857142857142,0.0,170.5921052631579,0.0,0.0,0.0,0.0,44.16666666666667,0.0,41.66666666666667,5.0,8.333333333333334,1.3888888888888888,0.0,0.0,0.0,6.666666666666667,3.125,0.0,50.714285714285715,0.0,0.0,31.666666666666668,43.776709401709404,0.0,2.380952380952381,28.47222222222222,45.138888888888886,0.0,10.0,21.428571428571427,2.5,1.1904761904761905,15.0,25.0,0.0,0.0,0.0,0.0,0.0,0.0,0.0,19.791666666666664,93.05555555555556,0.0,0.0,0.0,13.88888888888889,0.0,0.0,0.0,12.5,7.142857142857142,0.0,7.685185185185185,12.5,5.555555555555555,39.761904761904766,9.583333333333334,11.11111111111111,0.0,0.0,57.82828282828282,0.0,13.333333333333334,0.0,0.0,7.5,14.285714285714285,50.0,26.666666666666668,0.0,1.5151515151515151,4.166666666666667,7.142857142857142,25.0,0.0,0.0,0.0,0.0,0.0,0.0,12.5,0.0,0.0,0.0,0.0,50.0,7.380952380952381,0.0,0.0,0.0,0.0,4.166666666666667,6.25
6217.160609857979,720.501443001443,4042.4741389215073,1638.588650878705,855.6267270740955,92.21491228070175,251.78571428571428,204.6957671957672,470.0186363344258,42.48200629779577,510.1623376623377,319.5939659755449,1718.136465143044,238.25091575091574,295.57200152788386,33.333333333333336,624.0277777777778,35.91269841269841,62.50000000000001,131.15715983363043,281.8101343101343,99.16666666666667,163.54166666666666,274.77272727272725,46.515151515151516,177.77777777777777,188.71212121212122,50.0,2.951388888888889,3.571428571428571,37.5,0.0,20.0,16.666666666666668,0.0,81.81818181818183,26.666666666666668,0.0,1295.764031719914,128.9224664224664,106.04978354978356,50.0,419.04761904761904,0.0,121.90476190476191,156.81277056277057,4.545454545454546,0.0,0.0,0.0,384.2760180995475,4.166666666666667,0.0,0.0,3.3333333333333335,172.5,0.0,0.0,50.0,133.61111111111111,0.0,45.833333333333336,0.0,0.0,0.0,15.625,4.545454545454546,51.66666666666667,0.0,5.769230769230768,27.5,0.0,0.0,0.0,16.07142857142857,30.0,16.666666666666668,2738.5840548340548,0.0,0.0,0.0,0.0,0.0,15.625,4.583333333333334,0.0,0.0,0.0,0.0,0.0,16.76003734827264,6.25,11.688311688311689,0.0,0.0,0.0,0.0,0.0,0.0,11.38888888888889,20.0,0.0,0.0,0.0,0.0,0.0,0.0,0.0,0.0,5.555555555555555,0.0,0.0,0.0,0.0,0.0,0.0,0.0,0.0,0.0,0.0,4.166666666666667,0.0,16.666666666666668,0.0,0.0,0.0,60.631313131313135,0.0,10.0,0.0,11.11111111111111,0.0,0.0,0.0,0.0,19.166666666666668,5.0,0.0,50.0,0.0,0.0,0.0,0.0,0.0,0.0,0.0,632.0488721804511,0.0,0.0,0.0,0.0,6.25,0.0,0.0,0.0,0.0,0.0,0.0,0.0,0.0,8.333333333333334,17.857142857142854,0.0,275.0,0.0,0.0,0.0,0.0,55.357142857142854,0.0,41.111111111111114,0.0,0.0,0.0,0.0,0.0,0.0,6.25,0.0,3.571428571428571,0.0,0.0,37.38095238095238,0.0,0.0,0.0,0.0,0.0,2.0833333333333335,10.0,0.0,0.0,0.0,85.71428571428571,0.0,0.0,7.142857142857142,0.0,0.0,0.0,0.0,0.0,6.512605042016807,14.166666666666668,0.0,0.0,19.86111111111111,0.0,0.0,0.0,0.0,0.0,0.0,0.0,33.333333333333336,88.02156177156178,0.0,0.0,0.0,0.0,25.0,0.0,0.0,0.0,0.0,0.0,0.0,0.0,0.0,0.0,0.0,0.0,0.0,0.0,0.0,0.0,0.0,0.0,12.5,0.0,0.0,0.0,0.0,0.0,0.0,0.0,0.0,0.0,0.0
2711.859310915375,907.736013986014,489.2889131590505,500.0391008686203,466.91349586086426,300.0,0.0,68.75,53.87775268210051,118.05555555555556,241.66666666666669,60.317460317460316,527.2663192071087,53.333333333333336,263.88699020277966,25.0,78.39244851258582,0.0,0.0,3.767942583732058,12.5,67.8030303030303,51.13636363636364,41.875,0.0,0.0,132.85714285714286,0.0,25.0,0.0,25.0,0.0,3.3333333333333335,0.0,8.608058608058608,3.846153846153846,41.66666666666667,0.0,99.68253968253968,0.0,10.0,16.666666666666668,144.4047619047619,0.0,61.111111111111114,0.0,0.0,0.0,0.0,0.0,9.774436090225564,21.904761904761905,0.0,0.0,0.0,0.0,0.0,0.0,0.0,6.944444444444445,0.0,0.0,0.0,100.0,8.333333333333334,0.0,0.0,47.5,2.7777777777777777,0.0,0.0,0.0,0.0,0.0,50.0,138.75,25.0,525.0491718426501,0.0,0.0,0.0,0.0,0.0,0.0,161.78571428571428,0.0,0.0,0.0,0.0,0.0,0.0,0.0,0.0,0.0,0.0,0.0,0.0,0.0,0.0,0.0,0.0,0.0,4.838709677419355,0.0,0.0,0.0,0.0,0.0,72.58064516129033,0.0,4.838709677419355,4.838709677419355,4.838709677419355,4.838709677419355,4.838709677419355,0.0,0.0,48.38709677419355,2.7777777777777777,0.0,0.0,0.0,0.0,0.0,50.0,0.0,0.0,0.0,0.0,25.0,0.0,0.0,0.0,0.0,0.0,0.0,0.0,0.0,0.0,0.0,0.0,0.0,0.0,0.0,35.63186813186813,0.0,25.0,0.0,0.0,0.0,0.0,0.0,0.0,0.0,0.0,0.0,0.0,0.0,5.0,10.0,0.0,0.0,0.0,92.85714285714286,0.0,0.0,0.0,0.0,0.0,0.0,93.23763955342902,0.0,0.0,0.0,0.0,0.0,0.0,0.0,0.0,0.0,0.0,0.0,0.0,15.384615384615383,0.0,3.846153846153846,0.0,0.0,0.0,0.0,0.0,0.0,0.0,0.0,0.0,0.0,0.0,0.0,0.0,0.0,0.0,0.0,10.0,0.0,0.0,0.0,0.0,0.0,0.0,0.0,0.0,0.0,0.0,0.0,0.0,0.0,0.0,0.0,0.0,16.666666666666668,0.0,0.0,0.0,0.0,0.0,0.0,0.0,0.0,0.0,0.0,0.0,0.0,0.0,0.0,0.0,0.0,0.0,0.0,0.0,0.0,0.0,0.0,0.0,0.0,0.0,0.0,0.0,20.0,0.0
6724.050506639903,966.1670274170274,2124.9584443334443,983.2547131231343,1401.1607142857142,628.75,220.5952380952381,1057.3737373737374,323.46590909090907,347.73448773448774,598.8172938172938,525.370670995671,913.2376814362109,211.35547201336675,240.37698412698413,214.12878787878788,302.4771062271062,460.70665445665446,138.57142857142858,443.51190476190476,451.32575757575756,159.3452380952381,103.19444444444444,225.7900432900433,66.66666666666667,500.7638888888889,229.10714285714286,102.08333333333334,198.63095238095238,92.57478632478632,75.0,417.35625485625485,45.0,318.48443223443223,61.42857142857143,0.0,402.85714285714283,6.325757575757576,268.47222222222223,3.571428571428571,333.58287545787545,21.666666666666668,316.69642857142856,7.5,66.11291486291486,0.0,80.55555555555556,115.47619047619048,65.27777777777777,51.666666666666664,35.79545454545455,65.0,197.91666666666669,147.73809523809524,48.90873015873016,60.035714285714285,12.5,50.0,14.285714285714285,136.3095238095238,20.0,104.16666666666667,32.14285714285714,6.25,0.0,32.14285714285714,30.0,55.0,6.25,0.0,25.0,169.16666666666669,333.3333333333333,0.0,3.3333333333333335,64.28571428571429,58.25,40.74898785425101,0.0,137.61904761904762,42.55952380952381,20.0,29.166666666666668,32.14285714285714,50.0,0.0,0.0,0.0,0.0,0.0,0.0,0.0,8.333333333333334,0.0,0.0,0.0,0.0,151.31578947368422,0.0,20.833333333333336,0.0,0.0,0.0,0.0,83.33333333333333,0.0,8.608058608058608,0.0,0.0,8.333333333333334,0.0,0.0,0.0,0.0,0.0,7.142857142857142,12.5,0.0,12.5,0.0,45.51282051282051,0.0,12.5,0.0,0.0,0.0,90.39682539682539,5.555555555555555,0.0,43.333333333333336,16.666666666666668,16.666666666666668,0.0,63.57142857142857,0.0,75.23809523809524,0.0,0.0,10.0,0.0,0.0,12.5,0.0,0.0,6.25,0.0,69.16666666666667,0.0,0.0,0.0,12.5,0.0,8.333333333333334,13.88888888888889,0.0,329.8809523809524,0.0,0.0,20.23809523809524,40.47619047619048,0.0,102.67857142857143,13.333333333333334,0.0,33.333333333333336,0.0,25.0,0.0,5.555555555555555,0.0,0.0,183.63095238095238,0.0,0.0,11.25,0.0,136.3095238095238,6.25,0.0,182.42063492063494,0.0,25.0,0.0,28.57142857142857,77.47252747252747,7.142857142857142,4.304029304029304,0.0,7.142857142857142,128.1015037593985,0.0,0.0,21.428571428571427,8.333333333333334,0.0,88.8515406162465,0.0,33.333333333333336,0.0,1.4285714285714286,12.5,108.33333333333334,0.0,3.125,19.642857142857142,0.0,0.0,0.0,0.0,0.0,0.0,49.16666666666667,0.0,0.0,0.0,15.0,14.285714285714285,6.25,0.0,0.0,0.0,0.0,0.0,0.0,0.0,0.0,12.857142857142858,0.0,0.0,39.230769230769226,0.0,0.0,2.5,0.0,0.0,8.333333333333334,0.0,0.0,1.923076923076923,3.125,0.0,20.833333333333336,0.0,0.0,11.11111111111111,0.0,11.11111111111111,0.0,0.0
9552.789502164502,2090.8333333333335,2515.4166666666665,2532.9274891774894,4506.022727272727,2693.75,2944.5833333333335,2135.0,1547.5,3225.0,992.6602564102565,1738.125,1177.0833333333333,725.487012987013,1221.0227272727273,393.75,756.25,895.8333333333334,283.3333333333333,550.0,391.6666666666667,591.6666666666666,1075.0,973.75,646.0227272727273,461.2797619047619,795.8333333333334,307.5,275.0,156.25,404.1666666666667,191.66666666666669,1985.8333333333333,327.08333333333337,466.6666666666667,250.0,262.5,1762.5,713.5416666666666,1041.8560606060605,536.25,889.5833333333334,215.0,125.0,175.0,100.0,175.0,12.5,116.66666666666667,37.5,25.0,948.1060606060606,250.0,125.0,1035.4166666666667,0.0,112.5,125.0,100.0,25.0,179.16666666666669,50.0,86.66666666666667,100.0,389.5833333333333,112.5,50.0,0.0,142.08333333333334,562.5,0.0,187.5,0.0,50.0,25.0,216.66666666666669,0.0,0.0,50.0,142.04545454545456,87.5,0.0,56.25,12.5,50.0,225.0,100.0,75.0,254.16666666666666,170.83333333333334,164.58333333333334,460.4166666666667,220.83333333333334,0.0,25.0,8.333333333333334,75.0,45.833333333333336,370.8333333333333,893.75,50.0,79.16666666666667,0.0,112.5,50.0,125.0,0.0,371.1904761904762,0.0,91.66666666666667,0.0,0.0,0.0,0.0,0.0,162.5,26.923076923076923,0.0,91.66666666666667,92.5,237.5,50.0,75.0,50.0,50.0,0.0,0.0,25.0,60.0,0.0,0.0,0.0,114.58333333333334,25.0,0.0,0.0,100.0,0.0,0.0,150.0,50.0,0.0,87.5,25.0,0.0,0.0,0.0,0.0,50.0,0.0,0.0,0.0,295.0,0.0,12.5,0.0,37.5,125.0,6.25,12.5,0.0,0.0,0.0,0.0,18.75,25.0,0.0,225.0,25.0,25.0,0.0,50.0,0.0,6.25,100.0,0.0,0.0,37.5,112.5,0.0,0.0,0.0,0.0,0.0,0.0,0.0,0.0,0.0,0.0,0.0,0.0,0.0,0.0,0.0,50.0,0.0,0.0,0.0,0.0,0.0,25.0,75.0,0.0,100.0,0.0,0.0,0.0,37.5,0.0,0.0,0.0,0.0,0.0,0.0,0.0,0.0,0.0,0.0,0.0,0.0,50.0,0.0,0.0,25.0,0.0,0.0,0.0,0.0,75.0,0.0,0.0,0.0,0.0,0.0,0.0,0.0,50.0,0.0,0.0,0.0,0.0,0.0,50.0,0.0,0.0,25.0,0.0,0.0,0.0
2661.309523809524,395.8333333333333,1337.5,1075.595238095238,1983.9285714285716,995.8333333333334,450.0,650.0,487.5,655.8333333333334,58.333333333333336,735.0,323.3333333333333,350.0,691.6666666666666,458.3333333333333,225.0,150.0,16.666666666666668,112.5,100.0,287.5,191.66666666666669,432.1428571428571,241.66666666666669,108.33333333333333,125.0,75.0,50.0,375.0,16.666666666666668,202.94117647058823,287.5,7.142857142857142,50.0,66.66666666666667,50.0,50.0,1801.623615355233,150.0,25.0,175.0,100.0,0.0,0.0,100.0,150.0,0.0,75.0,100.0,0.0,114.69975490196079,25.0,16.666666666666668,176.66666666666669,0.0,0.0,50.0,75.0,0.0,50.0,0.0,0.0,0.0,300.0,0.0,50.0,0.0,0.0,66.66666666666667,0.0,0.0,0.0,0.0,0.0,0.0,0.0,0.0,0.0,25.0,0.0,0.0,0.0,0.0,0.0,25.0,50.0,0.0,125.0,50.0,50.0,250.0,0.0,60.0,0.0,50.0,225.0,50.0,0.0,566.6666666666666,0.0,0.0,13.848609091730534,8.333333333333334,75.0,16.666666666666668,0.0,7.142857142857142,207.729136375958,0.0,13.848609091730534,13.848609091730534,13.848609091730534,13.848609091730534,13.848609091730534,0.0,0.0,138.48609091730535,0.0,0.0,100.0,0.0,0.0,0.0,0.0,0.0,0.0,0.0,16.666666666666668,0.0,0.0,0.0,0.0,0.0,0.0,0.0,0.0,0.0,0.0,0.0,0.0,0.0,16.666666666666668,0.0,0.0,0.0,33.333333333333336,0.0,0.0,0.0,0.0,0.0,0.0,0.0,25.0,50.0,0.0,0.0,0.0,0.0,0.0,0.0,0.0,0.0,0.0,0.0,0.0,0.0,25.0,0.0,0.0,16.666666666666668,0.0,25.0,0.0,0.0,0.0,25.0,208.33333333333334,0.0,0.0,0.0,0.0,0.0,0.0,0.0,0.0,0.0,0.0,0.0,0.0,0.0,0.0,0.0,0.0,0.0,0.0,0.0,0.0,0.0,0.0,0.0,0.0,50.0,0.0,0.0,0.0,0.0,0.0,0.0,0.0,0.0,0.0,0.0,0.0,0.0,0.0,0.0,0.0,0.0,0.0,0.0,0.0,0.0,0.0,0.0,0.0,0.0,0.0,50.0,0.0,0.0,16.666666666666668,0.0,0.0,0.0,12.5,0.0,0.0,0.0,0.0,0.0,0.0,0.0,0.0,0.0,0.0,0.0,25.0
1761.7857142857142,996.1904761904763,336.3888888888889,536.8650793650794,61.904761904761905,375.9821428571429,703.1150793650794,1346.5674603174602,784.1666666666667,0.0,252.1672077922078,4.166666666666667,50.0,559.8743386243386,77.77777777777779,603.968253968254,604.1666666666666,13.253968253968253,295.33730158730157,25.0,1241.329365079365,255.76719576719577,0.0,18.055555555555557,394.6212121212121,203.75,0.0,54.02777777777778,329.6957671957672,4.166666666666667,123.80952380952381,1812.9900192400194,0.0,116.66666666666666,50.0,50.0,749.5183982683983,308.9583333333333,0.0,25.0,141.52777777777777,4.166666666666667,32.14285714285714,305.8333333333333,50.34722222222222,105.95238095238095,124.76190476190476,2689.5436507936506,102.8409090909091,201.46825396825398,12.380952380952381,0.0,50.0,83.61111111111111,143.33333333333334,0.0,0.0,20.833333333333336,142.65873015873015,75.0,186.80555555555554,0.0,0.0,66.66666666666666,20.833333333333336,0.0,0.0,0.0,410.3571428571429,123.80952380952382,0.0,0.0,201.75264550264552,0.0,2.7777777777777777,6.628787878787879,0.0,0.0,0.0,348.61111111111114,490.4563492063492,16.38888888888889,0.0,0.0,0.0,519.4444444444445,0.0,50.0,9.126984126984127,8.333333333333334,0.0,105.55555555555556,0.0,0.0,1010.9126984126984,104.36507936507937,0.0,194.44444444444446,33.333333333333336,0.0,2.380952380952381,148.27380952380952,0.0,0.0,0.0,68.05555555555556,40.0,51.388888888888886,0.0,117.5,0.0,0.0,0.0,0.0,0.0,8.333333333333332,2.5,0.0,0.0,0.0,27.38095238095238,12.5,0.0,0.0,7.142857142857142,45.0,0.0,1.1904761904761905,0.0,0.0,0.0,0.0,12.5,203.80952380952382,0.0,0.0,125.0,19.444444444444446,0.0,8.333333333333334,91.66666666666667,0.0,283.3333333333333,0.0,0.0,31.25,0.0,0.0,100.0,0.0,0.0,0.0,0.0,0.0,0.0,0.0,0.0,0.0,0.0,0.0,8.333333333333334,0.0,0.0,0.0,0.0,0.0,0.0,0.0,0.0,0.0,0.0,0.0,0.0,0.0,0.0,3.9682539682539684,144.72222222222223,0.0,0.0,0.0,25.476190476190474,0.0,0.0,0.0,0.0,0.0,0.0,82.5,18.51851851851852,0.0,2.7777777777777777,0.0,0.0,0.0,0.0,0.0,0.0,6.111111111111111,0.0,0.0,0.0,0.0,0.0,0.0,0.0,0.0,0.0,10.476190476190476,150.0,0.0,0.0,0.0,8.333333333333334,21.904761904761905,0.0,0.0,66.66666666666667,0.0,0.0,0.0,0.0,0.0,155.71428571428572,8.333333333333334,0.0,0.0,0.0,0.0,0.0,0.0,0.0,0.0,50.0,0.0,0.0,0.0,0.0,0.0,0.0,0.0,0.0,0.0,0.0,0.0,0.0,0.0,0.0,0.0,0.0
505.5952380952381,31.25,147.91666666666669,73.33333333333334,80.83333333333334,48.80952380952381,33.333333333333336,0.0,50.0,10.0,5.0,0.0,50.0,41.66666666666667,0.0,379.1666666666667,0.0,42.142857142857146,47.142857142857146,8.333333333333334,0.0,0.0,40.0,37.5,73.80952380952381,90.0,41.666666666666664,29.76190476190476,0.0,36.42857142857143,0.0,0.0,0.0,0.0,0.0,0.0,0.0,0.0,12.5,0.0,0.0,54.166666666666664,18.75,50.0,0.0,10.0,0.0,0.0,50.0,0.0,0.0,0.0,0.0,0.0,0.0,0.0,0.0,0.0,0.0,0.0,0.0,25.0,0.0,95.83333333333334,0.0,0.0,0.0,0.0,0.0,0.0,0.0,7.142857142857142,0.0,0.0,0.0,0.0,0.0,0.0,0.0,0.0,0.0,0.0,25.0,0.0,0.0,0.0,0.0,0.0,0.0,0.0,0.0,0.0,0.0,0.0,0.0,0.0,0.0,0.0,0.0,0.0,0.0,0.0,1.6129032258064517,0.0,0.0,0.0,0.0,50.0,24.193548387096776,0.0,1.6129032258064517,1.6129032258064517,1.6129032258064517,1.6129032258064517,1.6129032258064517,0.0,0.0,16.129032258064516,0.0,0.0,0.0,0.0,0.0,0.0,0.0,0.0,0.0,0.0,10.0,0.0,50.0,0.0,0.0,0.0,0.0,0.0,0.0,0.0,0.0,0.0,0.0,0.0,0.0,0.0,0.0,0.0,0.0,0.0,0.0,0.0,0.0,0.0,0.0,0.0,0.0,0.0,0.0,0.0,0.0,0.0,0.0,0.0,0.0,0.0,0.0,0.0,0.0,0.0,0.0,0.0,0.0,0.0,0.0,0.0,0.0,0.0,12.5,0.0,0.0,0.0,0.0,0.0,0.0,0.0,0.0,0.0,0.0,0.0,0.0,0.0,0.0,0.0,0.0,0.0,0.0,12.5,0.0,0.0,0.0,40.0,0.0,0.0,0.0,0.0,6.25,0.0,0.0,0.0,0.0,0.0,0.0,0.0,0.0,0.0,0.0,0.0,0.0,0.0,0.0,0.0,0.0,0.0,0.0,0.0,0.0,0.0,0.0,0.0,0.0,0.0,0.0,0.0,0.0,0.0,0.0,0.0,0.0,0.0,0.0,0.0,0.0,0.0,0.0,0.0,0.0,0.0,0.0,0.0,0.0
1577.2393483709272,1041.5277777777778,475.3809523809524,503.5813492063492,623.3145363408521,140.0,179.44444444444446,104.58333333333333,273.75,562.3571428571429,515.8333333333334,84.9780701754386,176.66666666666669,155.41666666666669,205.94298245614036,224.5,457.5,82.14285714285714,212.61904761904762,334.1666666666667,66.66666666666667,173.54166666666666,176.9298245614035,195.83333333333334,36.388888888888886,91.66666666666667,131.25,105.95238095238095,108.33333333333334,303.75,21.666666666666668,69.27777777777777,586.25,110.0,33.333333333333336,25.0,165.0,25.0,138.8095238095238,15.238095238095237,16.666666666666664,365.4761904761905,25.555555555555557,262.14285714285717,144.16666666666669,60.41666666666667,0.0,55.15873015873016,99.64285714285714,0.0,0.0,36.25,0.0,0.0,0.0,0.0,220.625,0.0,29.166666666666668,0.0,0.0,0.0,16.25,0.0,4.166666666666667,0.0,37.5,125.0,0.0,41.66666666666667,4.107142857142858,0.0,3.3333333333333335,57.5,0.0,100.0,75.0,0.0,50.0,0.0,50.0,0.0,5.0,0.0,0.0,0.0,0.0,9.791666666666668,0.0,50.0,0.0,0.0,0.0,30.0,0.0,0.0,29.166666666666668,0.0,0.0,50.0,0.0,0.0,0.0,0.0,2.0833333333333335,0.0,0.0,0.0,0.0,0.0,0.0,0.0,0.0,0.0,0.0,0.0,0.0,0.0,0.0,12.5,0.0,0.0,0.0,0.0,12.5,0.0,0.0,0.0,0.0,8.333333333333334,0.0,22.5,0.0,0.0,0.0,0.0,0.0,0.0,0.0,0.0,0.0,0.0,41.66666666666667,0.0,10.0,0.0,0.0,25.0,0.0,16.666666666666668,0.0,12.5,0.0,0.0,0.0,0.0,0.0,0.0,0.0,0.0,0.0,33.333333333333336,0.0,0.0,0.0,10.0,0.0,0.0,0.0,18.75,0.0,0.0,0.0,0.0,0.0,0.0,0.0,0.0,8.333333333333334,0.0,0.0,0.0,0.0,0.0,0.0,0.0,0.0,0.0,0.0,0.0,0.0,0.0,0.0,0.0,8.333333333333334,0.0,0.0,0.0,6.25,0.0,0.0,0.0,16.666666666666668,0.0,0.0,0.0,0.0,0.0,0.0,50.0,0.0,0.0,0.0,0.0,0.0,0.0,0.0,0.0,0.0,0.0,0.0,0.0,0.0,0.0,0.0,0.0,0.0,0.0,0.0,0.0,0.0,0.0,0.0,0.0,0.0,0.0,0.0,195.83333333333334,0.0,0.0,0.0,0.0,0.0,0.0,0.0,0.0,0.0,0.0,0.0
11561.98044145459,1364.4166597291598,1783.2095654889772,5328.048091217966,1897.5930293577353,1389.4746994777954,398.56356987239343,1459.1944428293114,1559.7686219725695,277.00055012555015,1261.0480357848778,631.881105006105,2928.9704475415847,861.0170619284396,1101.8003024344937,177.5,782.2813078734132,224.61390217969165,701.1678946053946,538.3465050999713,790.5477855477856,367.1941595039421,418.41440694381873,310.06779100529104,160.67578255078254,388.9877136752137,649.9444768194768,50.81740019240019,161.86174242424244,43.22981366459627,193.32713854772678,204.4286616161616,2.7777777777777777,216.77533495915847,192.46565934065933,308.43531468531467,81.82539682539682,25.227272727272727,3417.9000600666327,403.2687417072092,102.07943404634581,32.14285714285714,203.43569624819625,45.07211538461539,107.45320651570651,257.00335797934736,338.98448773448774,42.708333333333336,29.960317460317462,111.06015512265513,364.2085113960114,429.43247724497724,96.5494227994228,124.82458513708514,44.034090909090914,190.40854978354977,26.03174603174603,27.28937728937729,23.497474747474747,101.85216982091981,53.33558802308802,100.86538461538461,27.692307692307693,50.0,15.656565656565657,116.78929496006155,0.0,119.10714285714286,7.217261904761905,78.84615384615384,64.50297619047619,364.38519813519815,7.2023809523809526,4.440789473684211,54.26587301587302,91.66666666666667,466.0967300673183,200.9732801920302,0.0,3.485576923076923,1.3888888888888888,1.7857142857142856,28.14327485380117,111.78929496006155,88.98313492063492,29.34027777777778,0.0,1.25,8.742690058479532,3.2894736842105265,83.61464941707908,14.682539682539682,9.1765873015873,0.0,10.0,1.1363636363636365,0.0,27.77777777777778,6.944444444444445,2.0833333333333335,72.75694444444444,32.323232323232325,0.6756756756756757,20.075757575757578,20.0,0.0,33.33516483516483,21.666666666666668,16.385135135135137,4.166666666666667,0.6756756756756757,0.6756756756756757,0.6756756756756757,0.6756756756756757,0.6756756756756757,0.0,8.712121212121213,6.756756756756756,15.892857142857142,27.38095238095238,0.0,0.0,15.90909090909091,0.0,70.95238095238095,22.222222222222225,254.375,5.88235294117647,0.0,64.4047619047619,0.0,0.0,4.356060606060606,53.125,128.57142857142856,8.035714285714285,0.0,8.333333333333334,11.11111111111111,0.0,62.5,85.66176470588235,70.83333333333334,0.0,77.8409090909091,38.25779483674221,104.30132367632368,1.1111111111111112,12.767857142857142,1.7857142857142856,168.09371184371184,32.67045454545455,0.0,2.5,6.458333333333334,0.0,64.99125874125875,0.0,4.440789473684211,8.881578947368421,5.555555555555555,88.4672619047619,70.63759157509158,122.24537037037038,0.0,0.0,0.0,25.0,1.1363636363636365,0.0,71.19047619047619,0.0,0.0,5.681818181818182,0.0,0.0,3.125,0.0,8.571428571428571,185.06944444444443,0.0,0.0,18.75,0.0,29.769230769230766,0.0,1.6538461538461537,0.0,0.0,76.76948051948052,0.0,0.0,0.0,3.034188034188034,0.0,16.666666666666668,0.0,0.0,0.0,12.5,20.833333333333336,1.25,5.119047619047619,0.0,0.0,1.5625,52.41013071895425,0.0,0.0,0.0,0.0,0.0,0.0,12.5,0.0,7.417929292929293,25.0,0.0,5.4945054945054945,43.30357142857143,0.0,0.0,6.25,0.0,10.989010989010989,0.0,0.0,0.0,0.0,50.00000000000001,0.0,10.625,0.0,0.0,0.0,0.0,0.0,0.0,1.1904761904761905,0.0,1.4705882352941175,0.0,0.0,3.4722222222222223,0.0,0.0,0.0,2.7777777777777777,0.0
8376.468616241087,981.6943473193473,1407.9155797905798,2537.148496825767,1329.1150040047098,472.8687849674692,461.71459096459097,1023.7284346659346,1548.7962610002085,241.62543475043475,776.6794876663298,590.5549543049543,2770.968817077353,383.8924963924964,968.4153380808592,299.45415695415693,516.0926354347407,138.3529896029896,400.4061100936101,398.6765916800578,185.35667231319405,358.8112229960056,280.98188848188846,460.2680074555075,158.0302799052799,156.86215404965404,491.7836099086099,96.27194564694564,89.37461843711844,13.547273982056591,151.12942612942612,176.15319865319864,2.7777777777777777,91.24501424501425,89.0555278055278,172.48293373293373,74.04761904761905,11.875,3216.9257082056542,221.78834545514113,134.44842446201142,25.0,184.7898629148629,69.6875,144.91116522366522,118.42139048601896,345.52043544690605,24.738247863247864,34.12698412698413,102.98776455026454,203.4826516076516,372.1546162171162,32.5,105.62815656565657,111.04173604173604,194.14532227032228,20.476190476190474,76.22100122100122,10.688616938616939,96.58965455840456,59.75694444444444,118.81944444444444,7.692307692307692,0.0,19.0359477124183,110.53929496006155,0.0,53.51190476190476,9.995039682539682,0.0,69.50297619047619,24.866799866799866,5.555555555555555,7.0048920377867745,26.892135642135642,29.166666666666668,25.0,369.6769838957339,0.0,9.22787384184443,41.666666666666664,1.3888888888888888,26.75438596491228,105.53929496006155,63.983134920634924,4.340277777777778,14.444444444444445,4.027777777777778,6.408313908313908,4.804625199362041,21.53409090909091,7.8643578643578635,9.1765873015873,0.0,8.333333333333332,0.0,0.0,0.0,6.944444444444445,2.0833333333333335,65.7165404040404,2.7777777777777777,0.33783783783783783,10.075757575757576,31.109168609168606,1.8518518518518516,35.647130647130645,16.666666666666668,5.0675675675675675,0.0,0.33783783783783783,0.33783783783783783,0.33783783783783783,0.33783783783783783,0.33783783783783783,0.0,8.712121212121213,3.378378378378378,0.0,2.380952380952381,2.380952380952381,0.0,15.90909090909091,1.6666666666666667,1.7857142857142856,16.666666666666668,301.875,2.2222222222222223,2.0833333333333335,76.07142857142857,0.0,0.0,4.356060606060606,53.125,36.111111111111114,23.66071428571429,4.166666666666667,0.0,11.11111111111111,0.0,15.277777777777779,43.88888888888889,7.5,0.0,77.8409090909091,13.736263736263735,152.78617216117217,0.0,9.471153846153847,1.7857142857142856,7.019230769230768,5.397727272727273,0.0,0.0,20.07554945054945,0.7246376811594204,0.0,0.0,0.0,0.0,0.0,50.23809523809524,73.66789460539461,138.63425925925927,5.681818181818182,0.0,10.227272727272727,25.0,3.2196969696969697,0.0,89.3956043956044,0.0,0.0,8.062770562770563,0.0,15.323565323565322,0.0,0.0,5.0,135.06944444444446,0.0,0.0,31.547619047619047,0.0,20.769230769230766,0.0,1.1538461538461537,0.0,0.0,27.8517316017316,0.0,0.0,31.81818181818182,1.923076923076923,5.555555555555555,0.0,0.0,0.0,0.0,0.0,20.833333333333336,9.583333333333332,10.674603174603174,0.0,0.0,0.0,54.02777777777778,0.0,0.0,3.0303030303030303,0.0,0.0,0.0,0.0,0.0,7.417929292929293,0.0,0.0,12.91971916971917,43.30357142857143,0.0,0.0,0.0,0.0,25.83943833943834,0.0,3.7037037037037033,0.0,0.0,0.0,0.0,10.625,1.8518518518518516,7.4074074074074066,0.0,0.0,0.0,0.0,1.1904761904761905,0.0,12.5,0.0,0.0,3.4722222222222223,0.0,0.0,0.0,2.7777777777777777,0.0
30.555555555555557,50.0,50.0,0.0,75.0,0.0,16.666666666666668,0.0,29.166666666666668,0.0,0.0,0.0,12.5,0.0,40.0,0.0,0.0,0.0,0.0,0.0,0.0,0.0,33.333333333333336,0.0,0.0,0.0,8.333333333333334,0.0,0.0,0.0,0.0,0.0,50.0,0.0,0.0,0.0,0.0,0.0,0.0,0.0,0.0,75.0,25.0,0.0,0.0,0.0,0.0,0.0,0.0,0.0,0.0,0.0,0.0,0.0,0.0,0.0,0.0,0.0,0.0,0.0,0.0,0.0,0.0,0.0,0.0,0.0,0.0,0.0,0.0,0.0,0.0,0.0,0.0,0.0,0.0,0.0,0.0,0.0,0.0,0.0,0.0,0.0,0.0,0.0,0.0,0.0,0.0,0.0,0.0,0.0,0.0,0.0,0.0,0.0,0.0,0.0,8.333333333333332,0.0,0.0,0.0,0.0,0.0,0.0,0.0,0.0,0.0,0.0,0.0,0.0,0.0,0.0,0.0,0.0,0.0,0.0,0.0,0.0,0.0,0.0,0.0,0.0,0.0,0.0,0.0,0.0,0.0,0.0,0.0,0.0,0.0,0.0,0.0,0.0,0.0,0.0,0.0,0.0,0.0,0.0,0.0,0.0,0.0,0.0,0.0,0.0,0.0,0.0,0.0,0.0,0.0,0.0,0.0,0.0,0.0,0.0,0.0,0.0,0.0,0.0,0.0,0.0,0.0,0.0,0.0,0.0,0.0,0.0,0.0,0.0,10.0,0.0,0.0,0.0,0.0,0.0,0.0,0.0,0.0,0.0,0.0,0.0,0.0,0.0,0.0,0.0,0.0,0.0,0.0,0.0,0.0,0.0,0.0,0.0,0.0,0.0,0.0,0.0,0.0,0.0,0.0,0.0,0.0,0.0,0.0,0.0,0.0,0.0,0.0,0.0,0.0,27.77777777777778,0.0,0.0,0.0,0.0,0.0,0.0,0.0,0.0,0.0,0.0,0.0,0.0,0.0,0.0,0.0,0.0,0.0,0.0,0.0,0.0,0.0,0.0,0.0,0.0,0.0,0.0,0.0,0.0,0.0,0.0,0.0,0.0,0.0,0.0,0.0,0.0,0.0,0.0
4819.764790764791,1574.333152958153,2911.12968975469,1591.5972222222222,1898.001984126984,2395.856150793651,1123.779761904762,678.7698412698413,1190.6168831168832,867.1638655462185,712.8027210884354,402.7753851540616,243.52029914529916,244.73214285714286,410.80988455988455,1378.75,544.2875180375181,530.4166666666666,355.18967143967143,1593.360119047619,635.9722222222222,443.36309523809524,306.7162698412698,837.8932178932179,237.83047309833023,205.58712121212122,138.5204081632653,127.32142857142857,128.68360805860806,188.10515873015873,50.69444444444444,216.07142857142856,867.031746031746,213.30266955266956,42.5,531.2797619047619,152.45039682539684,444.5892857142857,45.16156462585034,155.9659090909091,142.3489010989011,408.9642857142857,138.83928571428572,1054.795634920635,44.52777777777778,375.26785714285717,141.17063492063494,314.5265151515152,266.42794705294705,78.66071428571429,103.33333333333333,7.5,68.05555555555556,145.1658163265306,84.16666666666667,9.791666666666668,141.04166666666666,40.0,44.31547619047619,93.66666666666667,55.833333333333336,34.375,23.333333333333336,212.32142857142858,20.23809523809524,19.017857142857142,197.72222222222223,0.0,18.75,3.571428571428571,95.54924242424242,0.0,25.660714285714285,113.75,0.0,71.66666666666667,4.166666666666667,12.5,435.8333333333333,6.696428571428571,96.25,3.125,14.23611111111111,16.517857142857142,3.571428571428571,87.08333333333333,22.291666666666668,38.214285714285715,56.25,75.5952380952381,35.71428571428571,13.125,25.0,1159.9305555555557,5.571428571428571,80.20833333333333,291.0238095238095,2.0833333333333335,5.208333333333334,0.0,0.0,11.30952380952381,1.9301470588235294,16.666666666666668,0.0,0.0,0.0,13.194444444444445,28.952205882352942,14.583333333333334,1.9301470588235294,1.9301470588235294,1.9301470588235294,1.9301470588235294,1.9301470588235294,0.0,5.769230769230768,19.301470588235293,103.75,0.0,9.841269841269842,8.333333333333334,2.5,3.125,16.666666666666664,5.555555555555555,0.0,46.041666666666664,2.0,8.75,3.0612244897959187,57.11309523809524,0.0,0.0,21.458333333333332,4.166666666666667,45.23809523809524,10.833333333333334,22.5,46.726190476190474,0.0,10.0,0.0,365.32738095238096,0.0,20.833333333333332,0.0,0.0,8.0,0.0,10.0,8.333333333333334,14.5,5.9523809523809526,25.0,0.0,5.902777777777778,3.125,2.5,5.0,60.138888888888886,0.0,5.0,0.0,2.0,0.0,60.625,0.0,0.0,12.5,0.0,6.25,0.0,0.0,4.166666666666667,0.0,0.0,0.0,0.0,0.0,8.125,0.0,1.7857142857142856,18.181818181818183,0.0,4.545454545454546,0.0,0.0,0.0,18.75,50.0,25.625,1.923076923076923,0.0,0.0,0.0,0.0,14.583333333333334,26.666666666666668,0.0,8.333333333333334,0.0,27.77777777777778,7.5,0.0,0.0,0.0,0.0,24.583333333333336,0.0,50.69444444444444,0.0,0.0,0.0,16.666666666666664,0.0,0.0,0.0,0.0,0.0,0.0,0.0,1.6666666666666667,0.0,0.0,88.74007936507937,0.0,0.0,0.0,0.0,0.0,0.0,0.0,0.0,0.0,6.25,0.0,0.0,0.0,0.0,0.0,0.0,0.0,0.0,0.0,0.0,0.0,0.0,0.0
30749.199881872937,5652.903713933126,4961.244917255946,11907.807889265923,8332.288074458533,990.0373520341551,3276.473266562461,4371.295408200779,4650.452831768621,2459.491012726128,2879.318417693418,1237.032438529485,6899.575334509545,3889.821057962505,4460.85309841511,544.4558682058682,3683.464494526801,2329.2528680899422,999.2334933111788,2302.101912516672,2651.888736263736,2392.983231437179,1062.5144059878705,3984.90728021978,2096.3709657788604,1962.9941945237997,906.3542533855034,431.8412593741541,1966.012565865507,340.45815295815294,1995.0290754996638,1332.4730751704435,37.8968253968254,768.4794032936449,1509.0477577977579,1017.9107004107004,1068.9123376623377,690.543623043623,31187.15815349111,1169.0447191212631,597.0506331903391,117.57936507936508,1023.7671356421356,211.93722943722943,492.46639330878463,472.06958428997905,437.8643578643579,390.04103535353534,373.82201132201135,185.5955155955156,650.7908064158064,879.6625807767113,511.74859862359864,82.02922077922078,2443.693985752809,343.74783549783547,118.7687969924812,226.19281045751634,96.83857808857809,100.0,562.9910330897173,2371.0361067094814,40.714285714285715,82.44047619047619,192.34138410609,66.42316017316018,65.48611111111111,342.50700688200686,376.8320105820106,15.656565656565657,869.5248732748732,438.34505772005775,172.65873015873015,31.11111111111111,112.09172771672772,237.17948717948718,42.27272727272727,1083.5690004440005,7.738095238095238,33.46230158730159,649.9483836596839,61.416500166500164,306.80784493284494,66.42316017316018,276.0849567099567,530.827842804135,184.66269841269843,18.75,19.44064707222602,101.37302390591864,161.23192414310836,20.069444444444443,18.244949494949495,4.545454545454546,192.8100024975025,7.045454545454546,0.0,71.1732017982018,32.638888888888886,17.261904761904763,643.9479964479965,87.79671717171718,14.380119635414808,73.27020202020202,498.0982905982906,191.83712121212122,63.96087246087246,241.4504245754246,215.7017945312221,5.0,14.380119635414808,14.380119635414808,14.380119635414808,14.380119635414808,14.380119635414808,4.166666666666667,20.512820512820515,143.80119635414806,263.96915584415586,249.75919913419915,377.21230158730157,15.625,83.33333333333333,31.764346764346765,45.78125,71.66666666666667,428.81718975468976,40.34090909090909,73.96915584415585,36.111111111111114,17.144660894660895,0.0,0.0,325.54924242424244,171.18867243867243,134.14918414918415,7.142857142857142,41.66666666666667,58.726361357940306,1.6666666666666667,48.958333333333336,141.96033133533135,260.9821428571429,4.166666666666667,63.48290598290598,19.852941176470587,684.051567197852,400.51406926406924,8.333333333333334,40.0,204.73026973026973,152.86092991975346,15.606060606060607,115.69832944832945,510.6419275169275,92.38095238095238,13.541666666666668,84.12067099567099,5.357142857142857,10.714285714285714,20.815295815295816,232.56578947368422,3.571428571428571,797.6425844686714,16.517857142857142,87.0959595959596,8.333333333333334,20.13888888888889,256.2884337884338,3.3333333333333335,343.66332497911446,0.0,10.0,62.09415584415584,0.0,55.303030303030305,345.23809523809524,8.333333333333334,24.357769423558896,49.67948717948718,16.38888888888889,57.698412698412696,19.18154761904762,36.111111111111114,37.785714285714285,9.027777777777779,2.0,144.61746586746585,3.125,14.43452380952381,12.5,12.5,146.1211011211011,46.415112665112666,26.904761904761905,10.989010989010989,261.3888888888889,0.0,5.555555555555555,0.0,0.0,77.32919254658385,56.04406558353927,0.0,0.0,29.900793650793652,83.60209235209236,0.0,50.0,25.0,0.0,15.208333333333332,3.571428571428571,8.333333333333334,7.142857142857142,132.22222222222223,273.03134365634367,64.58333333333334,15.397102897102897,10.0,0.0,26.28066378066378,14.166666666666668,0.0,30.794205794205794,0.0,29.770576645576647,90.86309523809524,0.0,0.0,8.707912457912458,15.476190476190476,15.625,50.83874458874459,0.0,53.30919080919081,36.01190476190476,16.666666666666668,38.57142857142857,4.545454545454546,103.73015873015873,27.063492063492063,24.83974358974359,0.0,0.0,0.0,0.0,20.90277777777778,3.125
3152.856837606838,574.0277777777778,1725.220238095238,910.8333333333334,1034.9761904761906,724.3055555555555,1406.7063492063492,359.9404761904762,597.2519841269841,889.2916666666667,1146.0813492063492,339.65277777777777,124.46428571428571,534.1666666666667,454.70238095238096,509.32142857142856,424.5833333333333,647.9117063492064,292.9166666666667,322.43055555555554,90.20833333333334,175.0297619047619,257.2916666666667,564.375,75.0,104.16666666666667,162.5,215.0,65.83333333333334,278.95833333333337,87.26190476190476,306.5,341.31944444444446,183.54166666666669,8.333333333333334,210.81349206349205,194.16666666666666,46.66666666666667,160.95238095238096,270.5416666666667,281.25,75.89285714285714,181.71626984126985,403.5912698412699,84.58333333333334,157.08333333333334,3.846153846153846,341.85515873015873,190.32738095238096,0.0,0.0,132.125,29.166666666666668,68.95833333333333,25.0,27.5,195.83333333333334,25.0,36.507936507936506,141.66666666666666,53.125,0.0,68.0,0.0,16.666666666666668,0.0,55.69444444444444,33.333333333333336,0.0,66.66666666666667,4.107142857142858,2.0833333333333335,47.77777777777778,130.08333333333334,8.333333333333334,0.0,55.55555555555556,28.846153846153847,103.47222222222223,14.880952380952381,16.666666666666668,25.0,17.5,0.0,0.0,0.0,15.625,17.142857142857142,0.0,33.333333333333336,0.0,0.0,0.0,257.0833333333333,14.285714285714285,8.333333333333334,93.45238095238095,25.0,14.583333333333334,0.0,0.0,0.0,0.0,10.0,27.083333333333332,0.0,21.428571428571427,16.666666666666668,0.0,4.166666666666667,0.0,0.0,0.0,0.0,0.0,19.444444444444443,119.44444444444444,0.0,0.0,0.0,5.555555555555555,0.0,8.333333333333334,8.333333333333334,16.666666666666668,0.0,10.714285714285714,5.555555555555555,0.0,25.0,0.0,21.11111111111111,27.083333333333336,40.625,0.0,78.88888888888889,25.0,0.0,0.0,0.0,3.571428571428571,0.0,25.0,50.833333333333336,0.0,0.0,0.0,0.0,0.0,5.555555555555555,0.0,0.0,0.0,109.16666666666667,0.0,0.0,0.0,0.0,0.0,0.0,0.0,0.0,0.0,26.92307692307692,0.0,58.333333333333336,0.0,0.0,0.0,6.666666666666667,33.333333333333336,0.0,10.243055555555555,0.0,33.333333333333336,4.166666666666667,0.0,0.0,8.333333333333334,0.0,11.458333333333334,0.0,0.0,0.0,0.0,0.0,0.0,66.66666666666667,2.7777777777777777,0.0,0.0,3.3333333333333335,0.0,0.0,18.452380952380953,25.0,0.0,0.0,0.0,6.25,0.0,0.0,0.0,0.0,0.0,10.0,0.0,10.833333333333334,0.0,0.0,75.0,0.0,0.0,0.0,0.0,0.0,0.0,0.0,0.0,0.0,0.0,0.0,0.0,0.0,0.0,0.0,0.0,0.0,0.0,0.0,0.0,25.0,0.0,0.0,0.0,0.0,0.0,25.0,0.0,0.0,0.0,0.0,0.0,0.0,0.0,0.0,0.0,0.0,0.0
768.5732323232323,63.888888888888886,245.0,16.666666666666664,120.83333333333334,175.55555555555554,135.0,54.16666666666667,39.16666666666667,32.5,75.17857142857143,16.666666666666668,18.333333333333332,0.0,0.0,137.08333333333334,94.44444444444444,0.0,25.0,38.16666666666667,18.75,29.166666666666668,0.0,58.333333333333336,29.166666666666668,0.0,25.0,0.0,0.0,12.5,8.333333333333332,38.888888888888886,48.611111111111114,0.0,0.0,11.11111111111111,27.77777777777778,37.5,37.5,12.5,0.0,0.0,22.22222222222222,13.88888888888889,10.833333333333334,12.5,0.0,0.0,28.63095238095238,0.0,0.0,0.0,13.88888888888889,12.5,8.333333333333334,143.75,0.0,25.0,0.0,0.0,0.0,0.0,16.666666666666668,0.0,0.0,5.0,14.86111111111111,0.0,0.0,0.0,0.0,4.166666666666667,1.25,4.166666666666667,25.0,0.0,5.555555555555555,0.0,25.0,0.0,16.666666666666668,0.0,0.0,5.0,0.0,0.0,0.0,0.0,0.0,39.583333333333336,0.0,0.0,0.0,25.555555555555557,0.0,25.0,16.666666666666668,0.0,0.0,0.0,0.0,0.0,0.0,0.0,25.0,4.166666666666667,0.0,0.0,0.0,0.0,0.0,0.0,0.0,0.0,0.0,4.166666666666667,8.333333333333332,0.0,0.0,0.0,0.0,0.0,6.25,0.0,0.0,0.0,0.0,0.0,0.0,0.0,0.0,1.25,0.0,0.0,0.0,0.0,0.0,6.0,0.0,0.0,0.0,0.0,0.0,0.0,0.0,0.0,0.0,10.0,4.166666666666667,5.555555555555555,0.0,0.0,0.0,16.666666666666668,0.0,0.0,0.0,0.0,8.333333333333332,16.666666666666664,0.0,0.0,0.0,0.0,0.0,0.0,0.0,0.0,0.0,0.0,0.0,0.0,0.0,0.0,0.0,0.0,0.0,0.0,0.0,0.0,0.0,0.0,0.0,0.0,0.0,0.0,0.0,33.333333333333336,4.166666666666667,0.0,0.0,0.0,0.0,0.0,0.0,0.0,0.0,38.311688311688314,0.0,0.0,12.5,0.0,0.0,0.0,0.0,0.0,0.0,0.0,0.0,0.0,0.0,0.0,0.0,0.0,0.0,0.0,0.0,0.0,0.0,0.0,0.0,0.0,0.0,0.0,0.0,0.0,12.5,1.25,0.0,0.0,0.0,0.0,0.0,0.0,0.0,0.0,0.0,16.666666666666668,0.0,0.0,0.0,0.0,0.0,0.0,12.5,0.0,12.5,0.0,0.0
7046.017955064699,1082.172619047619,1814.9366683347776,1646.093030257946,1645.8101549671928,1107.325771217578,492.08364280055457,826.3485621521336,767.3066219494791,946.3036418918772,916.9125566893424,418.7829245917481,289.73418281453996,637.2707099545335,175.7335521621236,1968.7123371104465,858.8687783777069,801.6540404040404,323.47222222222223,558.3725873799403,1421.00591868449,50.51275113775114,715.5769693269693,341.494708994709,438.0699855699856,1511.8825333163568,93.33333333333334,552.2373393801965,133.10266122766123,462.7451814058957,305.1636904761905,209.87103174603175,442.41402116402116,120.51434676434675,64.5239591563121,35.4421768707483,138.24156746031747,42.79761904761905,190.5273892773893,283.2977736549165,255.32941017316017,0.0,16.137566137566136,180.04676870748298,29.35515873015873,135.77651515151516,370.5128552003552,40.55555555555556,38.61607142857143,31.08745421245421,191.12861811391224,11.805555555555555,126.68210261960262,31.565656565656564,152.31962481962483,3.571428571428571,0.0,10.133928571428571,19.444444444444446,0.0,4.615384615384615,19.23076923076923,32.73809523809524,48.57142857142857,11.666666666666666,0.0,132.40896358543418,2.7777777777777777,55.05952380952381,10.289115646258503,2.5,11.25,17.505411255411254,112.70308123249299,2.0833333333333335,0.0,0.0,3.3333333333333335,77.38756613756614,12.708333333333334,119.95692216280452,13.333333333333334,6.25,0.0,8.333333333333332,170.77380952380952,5.8441558441558445,6.25,7.638888888888889,4.285714285714286,77.08333333333333,42.27513227513228,0.0,139.16666666666666,0.0,13.520408163265307,66.66666666666667,120.71428571428572,2.380952380952381,0.0,17.46031746031746,109.66006216006217,6.25,3.571428571428571,0.0,2.380952380952381,7.142857142857142,0.0,8.333333333333334,1.4285714285714286,0.0,0.0,0.0,0.0,0.0,59.16232907304336,2.7777777777777777,0.0,99.41048534798534,5.555555555555555,0.0,10.75487012987013,8.16326530612245,15.1010101010101,0.0,0.0,13.636363636363637,146.25992063492063,5.324675324675325,0.0,39.711399711399714,72.91666666666667,61.74873737373738,0.0,24.285714285714285,13.520408163265307,2.0833333333333335,20.74074074074074,0.0,19.375,0.0,11.607142857142858,4.166666666666667,10.0,0.0,11.679292929292929,0.0,336.94444444444446,25.549450549450547,0.0,0.0,0.0,0.0,2.0833333333333335,0.0,23.015873015873016,3.1746031746031744,0.0,0.0,0.0,6.919642857142857,1.1111111111111112,4.166666666666667,0.0,73.66300366300366,0.0,41.25,22.87878787878788,0.0,11.34032634032634,0.0,0.0,0.0,2.7777777777777777,16.666666666666664,2.380952380952381,0.0,1.6666666666666667,0.0,16.666666666666664,8.24074074074074,1.7857142857142856,0.0,0.0,14.285714285714285,0.0,0.7936507936507936,4.583333333333334,13.333333333333334,0.0,0.0,0.0,0.0,0.0,0.0,0.0,16.666666666666668,0.0,197.64880952380952,0.0,1.6666666666666667,0.0,0.0,7.878787878787879,0.0,5.2744708994708995,0.0,1.8518518518518516,0.0,0.0,4.166666666666667,0.0,0.0,0.0,0.0,0.0,0.0,0.0,0.0,0.0,0.0,0.0,0.0,0.0,0.0,0.0,0.0,0.0,0.0,0.0,13.333333333333334,0.0,1.6666666666666667,0.0,0.0,9.215686274509803,0.0,0.0,0.0,3.125,0.0,0.0,0.0,0.0,0.0,0.0,0.0,0.0,0.0
14221.113483738483,2645.3333333333335,2306.4156815406814,1849.2020358868185,3206.6790562378796,769.1818181818182,1519.5075156325156,2821.290565915566,4904.815897065897,49.878787878787875,1812.531746031746,248.0952380952381,440.6150793650794,1642.9049422799424,889.0836940836941,1978.7366106116106,845.2925685425686,743.8373015873016,636.9779394080865,1424.3025308025308,823.2911532911533,1176.874458874459,776.7738095238095,1720.4651875901877,2495.3670634920636,886.228354978355,389.9007936507937,784.3253968253969,822.3730158730159,505.4761904761905,345.3234126984127,8148.507230692014,0.0,564.0909090909091,1581.1895743145744,310.864898989899,2863.6219336219337,218.8168498168498,1306.9327732866736,558.6507936507936,975.8095238095239,161.94444444444446,77.08333333333334,371.7135642135642,185.0,351.9246031746032,81.48809523809524,3427.3944805194806,131.27483164983167,806.2400793650794,64.16666666666667,31.282051282051285,47.083333333333336,147.97619047619048,747.8441166321601,56.54761904761905,25.833333333333336,304.3529411764706,220.36111111111111,0.0,1312.8071789321789,0.0,0.0,115.83333333333334,89.04761904761905,2.0833333333333335,4.166666666666667,0.0,114.16666666666667,119.58333333333334,31.25,381.3888888888889,139.02777777777777,4.166666666666667,71.5,115.97222222222223,0.0,0.0,5.0,266.07323232323233,374.4900793650794,544.3115680615681,36.66666666666667,2.0833333333333335,4.166666666666667,1258.3333333333333,171.50335775335776,77.22222222222223,82.33513708513709,154.58333333333334,25.0,256.9047619047619,0.0,0.0,518.531746031746,75.0,0.0,2.380952380952381,63.60119047619048,0.0,124.01388888888889,385.7747113997114,1.9914215686274508,52.50000000000001,193.89069264069263,461.6666666666667,39.803312629399585,404.06078643578644,29.871323529411764,69.44444444444444,1.9914215686274508,1.9914215686274508,1.9914215686274508,1.9914215686274508,1.9914215686274508,7.142857142857142,27.48280423280423,19.91421568627451,35.71428571428571,40.0,308.58730158730157,14.88095238095238,110.0,3.125,1593.4920634920636,0.0,0.0,55.158730158730165,25.0,0.0,89.56876456876456,0.0,40.97222222222223,50.0,121.66184359119141,0.0,64.12698412698413,384.9007936507937,2.0,15.795454545454547,8.666666666666668,6.25,189.72222222222223,0.0,0.0,50.0,0.0,84.16666666666667,22.083333333333336,136.01190476190476,12.777777777777779,0.0,0.0,66.71717171717172,50.654761904761905,0.0,78.75,51.52777777777778,0.0,0.0,4.166666666666667,0.0,0.0,8.333333333333334,50.0,28.571428571428573,25.0,0.0,79.68496780996782,0.9090909090909091,0.0,0.0,6.25,5.625,0.0,139.16666666666666,180.75396825396825,1.6666666666666667,88.61111111111111,0.0,26.38888888888889,0.0,0.0,0.0,0.0,0.0,0.0,0.0,18.154761904761905,0.0,37.5,55.23809523809524,0.0,0.0,20.833333333333336,0.0,0.0,0.0,0.0,0.0,0.0,0.0,1.7857142857142856,50.0,0.0,16.666666666666668,0.0,43.57142857142857,0.0,41.66666666666667,0.0,0.0,88.88888888888889,8.73015873015873,0.0,0.0,0.7936507936507936,0.0,10.119047619047619,0.0,5.797101449275363,0.0,35.0,30.416666666666668,20.238095238095237,0.0,0.0,50.833333333333336,0.0,0.0,0.0,0.0,55.555555555555564,14.444444444444445,0.0,10.0,12.5,0.0,0.0,94.64285714285714,50.0,54.16666666666667,2.5,0.0,0.0,0.0,0.0,0.0,20.833333333333336
2908.8251419989224,443.9576074332172,1256.6977952602954,252.08333333333334,987.907647907648,1288.313492063492,158.80952380952382,679.4155844155844,484.30645743145743,392.1849678099678,348.5281385281385,671.6071428571429,305.0,177.68849206349208,113.47763347763347,250.61126373626374,140.83333333333334,112.50000000000001,130.35742035742035,146.25,68.57142857142857,767.202380952381,471.8636363636364,216.25,40.75757575757576,215.24267399267399,74.16666666666667,97.1001221001221,81.875,264.2334054834055,55.55555555555556,37.5,220.41666666666669,31.19047619047619,34.84848484848485,84.30555555555556,33.65079365079365,218.75,33.63095238095238,95.23809523809524,13.636363636363637,0.0,16.07142857142857,976.5395021645022,51.111111111111114,37.976190476190474,49.79166666666667,58.333333333333336,149.91071428571428,0.0,0.0,42.11309523809524,20.833333333333336,2.7777777777777777,0.0,10.0,12.5,0.0,70.9469696969697,75.0,162.5,20.595238095238095,21.011904761904763,25.0,0.0,10.267857142857142,72.91666666666667,0.0,7.142857142857142,0.0,1.923076923076923,10.714285714285715,9.791666666666668,0.0,0.0,12.5,0.0,58.333333333333336,123.52777777777777,37.73809523809524,53.794642857142854,0.0,0.0,10.267857142857142,0.0,43.333333333333336,44.79166666666667,21.964285714285715,12.5,0.0,0.0,17.5,2.0,280.29761904761904,0.0,118.33333333333334,72.75,1.1363636363636365,0.0,13.69047619047619,0.0,25.0,2.595200498426305,0.0,0.0,0.0,0.0,0.0,38.928007476394576,4.166666666666667,8.845200498426305,2.595200498426305,2.595200498426305,2.595200498426305,2.595200498426305,0.0,12.5,25.95200498426305,0.0,0.0,8.333333333333334,12.5,0.0,0.0,0.0,0.0,0.0,12.5,54.16666666666667,0.0,0.0,86.66666666666667,0.0,0.0,50.0,0.0,20.833333333333336,25.0,28.125,0.0,0.0,0.0,18.75,9.552845528455284,0.0,0.0,0.0,0.0,128.25396825396825,0.0,100.0,0.0,0.0,7.272727272727273,0.0,33.92857142857143,0.0,0.0,0.0,0.0,0.0,0.0,0.0,0.0,12.5,0.0,18.75,5.0,3.125,9.027777777777779,0.0,0.0,0.0,0.0,0.0,0.0,0.0,0.0,0.0,3.571428571428571,0.0,0.0,0.0,0.0,0.0,0.0,0.0,0.0,0.0,0.0,0.0,0.0,0.0,10.0,0.0,0.0,0.0,136.74603174603175,83.33333333333334,0.0,0.0,0.0,0.0,0.0,0.0,0.0,0.0,0.0,0.0,0.0,0.0,0.0,25.0,0.0,0.0,0.0,0.0,0.0,0.0,0.0,36.36363636363637,0.0,0.0,0.0,0.0,0.0,8.333333333333334,0.0,0.0,0.0,0.0,0.0,0.0,0.0,0.0,0.0,0.0,0.0,0.0,0.0,0.0,0.0,0.0,0.0,0.0,0.0,0.0,0.0,0.0
4377.215163004636,1550.8461099086098,1481.32019113927,709.4741777830013,1122.001451993712,251.5525191183086,261.23015873015873,430.48611111111114,422.9512617012617,265.5762987012987,172.20772283272282,707.0514054444008,1408.4406912531913,415.62437562437566,337.8811928811929,208.25396825396825,424.4195041070041,478.36174242424244,233.91203703703704,265.7638888888889,122.24358974358974,341.83531746031747,197.24358974358975,128.36309523809524,10.0,125.97890413679887,288.55699855699856,90.27777777777777,58.05555555555556,40.55555555555556,46.876803751803756,196.77884615384616,30.397727272727273,47.32142857142857,50.644841269841265,9.25925925925926,14.285714285714285,7.631257631257631,527.2804972804972,117.88385225885226,35.416666666666664,61.25,238.13543936092955,0.0,79.46275946275946,21.428571428571427,0.0,84.53282828282829,25.316764132553608,33.96390374331551,61.42857142857143,35.44642857142857,40.27777777777778,3.125,8.333333333333334,28.846153846153847,3.125,4.166666666666667,1.3157894736842106,135.19577644577643,0.0,0.0,0.0,0.0,18.948412698412696,4.166666666666667,0.0,53.77150627150627,25.0,5.128205128205128,50.0,3.571428571428571,0.0,0.0,35.83333333333333,0.0,0.0,252.90674603174602,0.0,0.0,0.0,40.0,0.0,4.166666666666667,20.674603174603174,0.0,0.0,0.0,53.57142857142857,5.555555555555555,45.833333333333336,20.170454545454547,28.125,0.0,14.285714285714285,0.0,0.0,0.0,58.333333333333336,0.0,0.0,0.0,4.973118279569893,38.76262626262626,31.25,45.0,14.351851851851853,0.0,12.096774193548388,25.0,0.8064516129032259,0.8064516129032259,0.8064516129032259,0.8064516129032259,0.8064516129032259,0.0,0.0,8.064516129032258,6.089743589743589,16.346153846153847,0.0,0.0,82.85714285714286,0.0,0.0,0.0,134.93055555555557,0.0,0.0,25.0,0.0,0.0,0.0,4.166666666666667,25.0,0.0,0.0,0.0,0.0,0.0,0.0,22.5,0.0,0.0,55.95238095238095,0.0,88.13390313390313,5.277777777777778,12.5,10.0,0.0,33.333333333333336,0.0,0.0,0.0,0.0,10.897435897435898,0.0,0.0,0.0,0.0,55.0,0.0,130.0,0.0,0.0,0.0,55.705128205128204,4.195804195804196,0.0,8.333333333333334,37.683982683982684,0.0,21.428571428571427,50.0,0.0,0.0,0.9259259259259258,0.0,25.0,0.0,27.77777777777778,78.61201298701299,0.0,16.666666666666664,0.0,0.9259259259259258,0.0,0.0,56.66666666666667,50.0,0.0,28.125,0.0,0.0,0.0,13.58974358974359,1.282051282051282,0.0,0.0,0.0,0.0,0.0,0.0,8.333333333333334,0.0,4.320987654320987,0.0,0.0,0.0,0.0,0.0,0.0,0.0,0.0,26.388888888888893,0.0,33.333333333333336,0.0,74.07828282828282,20.0,2.272727272727273,0.0,0.0,0.0,0.0,25.0,0.0,8.333333333333334,44.44444444444444,0.0,4.166666666666667,0.0,0.0,2.7777777777777777,0.0,0.0,0.0,0.0,0.0,5.0,0.0,0.0,0.0,0.0,10.357142857142858,0.0,0.0,8.333333333333334
440.0,16.666666666666668,58.333333333333336,0.0,100.0,33.333333333333336,97.22222222222223,0.0,0.0,0.0,50.0,11.11111111111111,20.833333333333336,0.0,4.166666666666667,0.0,0.0,0.0,87.5,30.833333333333336,0.0,0.0,0.0,0.0,50.0,0.0,0.0,0.0,0.0,0.0,0.0,0.0,8.333333333333334,0.0,0.0,0.0,0.0,0.0,16.666666666666668,0.0,0.0,50.0,11.11111111111111,0.0,0.0,0.0,0.0,0.0,0.0,0.0,0.0,50.0,0.0,0.0,5.555555555555555,0.0,0.0,50.0,0.0,0.0,0.0,0.0,0.0,0.0,0.0,0.0,0.0,0.0,0.0,0.0,0.0,0.0,0.0,0.0,0.0,0.0,0.0,0.0,0.0,0.0,0.0,0.0,0.0,0.0,0.0,0.0,0.0,0.0,0.0,0.0,0.0,0.0,0.0,0.0,0.0,0.0,0.0,0.0,0.0,0.0,0.0,0.0,0.0,0.0,0.0,0.0,0.0,0.0,0.0,0.0,0.0,0.0,0.0,0.0,0.0,0.0,0.0,0.0,0.0,0.0,0.0,0.0,0.0,0.0,0.0,0.0,0.0,0.0,0.0,0.0,0.0,0.0,0.0,0.0,0.0,0.0,0.0,0.0,0.0,0.0,0.0,0.0,0.0,0.0,0.0,0.0,0.0,0.0,0.0,0.0,0.0,0.0,0.0,0.0,0.0,0.0,0.0,0.0,0.0,0.0,0.0,0.0,0.0,0.0,0.0,0.0,0.0,0.0,0.0,0.0,0.0,16.666666666666664,0.0,0.0,0.0,0.0,0.0,0.0,0.0,0.0,0.0,0.0,0.0,0.0,0.0,0.0,0.0,0.0,0.0,0.0,0.0,0.0,0.0,0.0,0.0,0.0,0.0,0.0,0.0,0.0,0.0,0.0,0.0,0.0,0.0,0.0,0.0,0.0,0.0,0.0,0.0,0.0,0.0,0.0,0.0,0.0,0.0,0.0,0.0,0.0,0.0,0.0,0.0,0.0,0.0,0.0,0.0,0.0,0.0,0.0,0.0,0.0,0.0,0.0,0.0,0.0,0.0,0.0,0.0,0.0,0.0,0.0,0.0,0.0,0.0,0.0,0.0,0.0,0.0
348.1746031746032,68.75,58.33333333333333,27.083333333333336,0.0,50.0,58.57142857142857,15.0,0.0,18.333333333333336,0.0,0.0,236.9047619047619,0.0,0.0,0.0,0.0,3.571428571428571,56.845238095238095,6.25,38.54166666666667,0.0,0.0,0.0,0.0,28.57142857142857,16.666666666666668,0.0,0.0,0.0,0.0,0.0,0.0,0.0,0.0,0.0,0.0,0.0,0.0,0.0,0.0,0.0,0.0,0.0,0.0,0.0,0.0,0.0,0.0,0.0,4.166666666666667,0.0,0.0,0.0,0.0,6.25,0.0,0.0,0.0,0.0,0.0,0.0,0.0,0.0,0.0,0.0,0.0,0.0,0.0,0.0,0.0,0.0,0.0,0.0,0.0,0.0,0.0,0.0,0.0,0.0,0.0,0.0,0.0,0.0,0.0,0.0,0.0,0.0,0.0,0.0,0.0,0.0,0.0,0.0,0.0,0.0,0.0,0.0,0.0,41.66666666666667,0.0,0.0,0.0,0.0,0.0,0.0,0.0,0.0,0.0,0.0,0.0,0.0,0.0,0.0,0.0,0.0,0.0,0.0,0.0,0.0,0.0,0.0,0.0,0.0,0.0,0.0,0.0,0.0,0.0,0.0,8.333333333333334,0.0,0.0,0.0,0.0,0.0,0.0,0.0,0.0,0.0,0.0,0.0,0.0,0.0,0.0,0.0,14.583333333333334,0.0,0.0,0.0,0.0,0.0,0.0,0.0,0.0,0.0,0.0,0.0,0.0,0.0,0.0,0.0,0.0,0.0,0.0,0.0,0.0,10.0,0.0,0.0,0.0,0.0,0.0,0.0,0.0,0.0,0.0,0.0,0.0,0.0,0.0,0.0,0.0,12.5,0.0,3.125,0.0,0.0,0.0,0.0,0.0,0.0,0.0,0.0,0.0,0.0,0.0,0.0,0.0,0.0,0.0,0.0,0.0,0.0,0.0,0.0,0.0,0.0,0.0,2.7777777777777777,0.0,0.0,0.0,0.0,0.0,0.0,0.0,0.0,0.0,0.0,0.0,0.0,0.0,0.0,0.0,0.0,0.0,0.0,0.0,0.0,0.0,0.0,0.0,0.0,0.0,0.0,0.0,0.0,0.0,0.0,0.0,0.0,0.0,0.0,0.0,0.0,0.0,0.0,0.0
14493.794752031594,2067.9166666666665,2300.0,6670.0,1688.876488095238,6377.083333333333,3106.904761904762,1398.125,950.2380952380953,902.6666666666666,1686.4642857142858,518.75,3621.190476190476,733.75,1514.4444444444446,1071.9642857142858,1735.0,2381.6774891774894,2263.6525974025976,440.8333333333333,3741.0515873015875,632.6666666666666,253.75,1702.9166666666667,361.3095238095238,1099.4325396825398,382.5,206.25,412.9761904761905,182.14285714285714,104.16666666666667,50.0,487.5,90.83333333333334,91.66666666666667,78.33333333333333,207.61904761904762,91.66666666666667,185.41666666666666,345.8333333333333,100.0,68.75,0.0,367.9166666666667,91.66666666666667,118.33333333333334,93.75,75.0,203.75,115.0,87.5,147.5,325.0,79.16666666666667,150.0,70.83333333333334,108.33333333333334,12.5,79.16666666666667,0.0,197.5,222.5,250.0,0.0,78.47222222222223,0.0,29.166666666666668,0.0,13.333333333333334,40.833333333333336,55.0,317.5,56.25,119.64285714285714,0.0,33.333333333333336,0.0,0.0,0.0,72.5,70.0,60.0,12.5,0.0,16.666666666666668,75.0,112.5,50.0,83.33333333333333,76.78571428571428,26.666666666666668,133.33333333333334,129.16666666666666,0.0,66.25,25.0,72.91666666666667,0.0,46.904761904761905,1433.8095238095239,36.026315789473685,12.5,2.394153225806452,91.25,116.66666666666667,158.33333333333334,46.875,91.11111111111111,35.912298387096776,43.333333333333336,2.394153225806452,2.394153225806452,2.394153225806452,2.394153225806452,2.394153225806452,126.25,12.5,23.941532258064516,0.0,25.0,86.66666666666667,75.0,25.0,20.833333333333336,28.75,0.0,16.25,5.0,62.5,0.0,8.333333333333334,0.0,37.5,16.666666666666668,45.833333333333336,25.0,25.0,25.0,58.333333333333336,45.0,0.0,12.5,0.0,0.0,18.75,0.0,825.8928571428571,25.0,0.0,0.0,0.0,0.0,12.5,28.57142857142857,25.0,50.0,16.666666666666668,50.0,8.333333333333334,16.666666666666668,0.0,37.5,62.5,169.16666666666666,0.0,8.333333333333334,75.0,0.0,8.333333333333334,0.0,12.5,0.0,120.83333333333334,25.0,87.5,41.66666666666667,6.666666666666667,6.666666666666667,250.0,0.0,31.25,0.0,0.0,77.77777777777777,0.0,19.444444444444443,0.0,50.0,8.0,10.0,56.25,25.0,0.0,0.0,25.0,0.0,0.0,0.0,41.66666666666667,0.0,0.0,0.0,0.0,4.166666666666667,0.0,10.0,0.0,35.0,0.0,77.08333333333334,33.333333333333336,50.0,0.0,0.0,0.0,91.66666666666667,0.0,337.5,0.0,0.0,20.0,205.5194805194805,0.0,0.0,0.0,0.0,0.0,0.0,965.5357142857143,8.333333333333334,1.4285714285714286,25.0,0.0,0.0,0.0,0.0,0.0,0.0,0.0,0.0,0.0,10.0,0.0,0.0,0.0,0.0,0.0,0.0,0.0
4891.8849206349205,945.7738095238095,333.4920634920635,1817.5992063492063,1693.28197945845,4160.548941798942,1210.2513227513227,986.5674603174604,1538.452380952381,1147.2779381112714,963.9087301587301,1228.670634920635,527.7380952380952,740.0,800.2579365079365,502.5595238095238,835.1388888888889,467.77777777777777,430.29761904761904,69.76190476190476,984.047619047619,371.2044817927171,226.15079365079364,165.77601410934744,552.1031746031746,90.71428571428572,451.94444444444446,133.19444444444446,195.05952380952382,33.333333333333336,145.27777777777777,137.01388888888889,457.6388888888889,66.11111111111111,336.52777777777777,600.3174603174604,5.555555555555555,137.8373015873016,117.34126984126985,0.0,445.8730158730159,425.69444444444446,1569.5833333333333,0.0,165.6547619047619,217.22222222222223,26.11111111111111,125.0,78.59126984126985,20.833333333333332,395.27777777777777,351.25,370.91269841269843,62.22222222222222,0.0,44.2063492063492,350.0,27.77777777777778,102.9563492063492,83.33333333333334,10.833333333333334,14.880952380952381,356.6666666666667,61.66666666666667,58.90873015873016,18.75,25.0,693.8888888888889,20.555555555555557,88.88888888888889,7.5,0.6172839506172839,27.77777777777778,0.0,284.72222222222223,72.77777777777779,141.66666666666666,13.055555555555555,0.0,23.333333333333336,0.0,112.3015873015873,26.666666666666668,2.0833333333333335,16.666666666666664,0.0,0.0,25.0,20.0,114.44444444444446,48.611111111111114,0.0,86.66666666666667,0.0,9.444444444444445,47.77777777777778,0.0,4.166666666666667,74.44444444444444,987.5,11.805555555555555,25.0,7.906758011122338,77.77777777777777,122.77777777777777,23.61111111111111,40.579805996472665,50.0,121.37914794461284,27.77777777777778,7.906758011122338,7.906758011122338,7.906758011122338,7.906758011122338,7.906758011122338,19.444444444444443,0.0,79.06758011122338,125.0,3.3333333333333335,55.55555555555556,0.0,941.6666666666666,13.333333333333334,9.444444444444445,0.0,0.0,0.0,0.0,83.33333333333334,90.03968253968254,0.0,91.42857142857143,98.21428571428572,50.0,6.944444444444445,8.492063492063492,0.0,0.0,0.0,0.0,55.55555555555556,0.0,0.0,3.3333333333333335,150.0,0.0,2.7777777777777777,0.0,0.0,0.0,68.75,50.0,8.333333333333334,0.0,0.0,15.714285714285715,0.0,8.333333333333334,16.666666666666668,100.87301587301587,0.0,0.0,34.44444444444444,0.0,0.0,6.944444444444445,16.666666666666668,3.3333333333333335,0.0,9.523809523809524,0.0,0.0,0.0,0.0,8.333333333333334,0.0,158.33333333333334,0.0,0.0,0.0,0.0,10.0,60.0,53.96825396825397,15.0,2.998236331569665,0.0,0.0,0.0,0.0,0.0,0.0,8.333333333333332,0.0,0.0,0.0,0.0,0.0,8.333333333333334,2.380952380952381,0.0,0.0,0.0,0.0,0.0,0.0,0.0,0.0,8.333333333333332,208.33333333333334,50.0,0.0,5.555555555555555,72.61904761904762,0.0,3.3333333333333335,150.0,10.0,0.0,40.0,0.0,0.0,0.0,20.0,0.0,0.0,0.0,0.0,0.0,0.0,0.0,8.333333333333334,12.5,0.0,0.0,0.0,0.0,0.0,0.0,0.0,4.166666666666667,0.0,0.0,0.0,0.0,0.0,0.0,50.0
40.0,16.666666666666668,0.0,0.0,0.0,16.666666666666668,0.0,0.0,50.0,0.0,25.0,0.0,25.0,0.0,0.0,0.0,0.0,0.0,0.0,0.0,0.0,0.0,0.0,0.0,0.0,0.0,0.0,0.0,0.0,0.0,0.0,0.0,0.0,0.0,0.0,0.0,0.0,0.0,0.0,0.0,0.0,0.0,0.0,0.0,0.0,0.0,0.0,0.0,0.0,0.0,0.0,0.0,0.0,0.0,0.0,0.0,0.0,0.0,0.0,4.166666666666667,0.0,0.0,0.0,0.0,0.0,0.0,0.0,0.0,0.0,0.0,0.0,0.0,0.0,0.0,0.0,0.0,0.0,12.5,0.0,0.0,0.0,0.0,16.666666666666668,0.0,0.0,0.0,0.0,0.0,0.0,0.0,0.0,0.0,0.0,0.0,0.0,0.0,0.0,0.0,0.0,0.0,0.0,0.0,0.0,0.0,0.0,0.0,0.0,0.0,0.0,0.0,0.0,0.0,0.0,0.0,0.0,0.0,0.0,0.0,0.0,0.0,0.0,0.0,0.0,0.0,0.0,0.0,0.0,0.0,0.0,0.0,0.0,0.0,0.0,0.0,0.0,0.0,0.0,0.0,0.0,0.0,0.0,0.0,0.0,0.0,0.0,0.0,0.0,0.0,0.0,0.0,0.0,0.0,0.0,0.0,0.0,0.0,0.0,0.0,0.0,0.0,0.0,0.0,0.0,0.0,0.0,0.0,0.0,0.0,0.0,0.0,0.0,0.0,0.0,0.0,0.0,0.0,0.0,0.0,0.0,0.0,0.0,0.0,0.0,0.0,0.0,0.0,0.0,0.0,0.0,0.0,0.0,0.0,0.0,0.0,0.0,0.0,0.0,0.0,0.0,0.0,0.0,0.0,0.0,0.0,0.0,0.0,0.0,0.0,0.0,0.0,0.0,0.0,0.0,0.0,0.0,0.0,0.0,0.0,0.0,0.0,0.0,0.0,0.0,0.0,0.0,0.0,0.0,0.0,0.0,0.0,0.0,0.0,0.0,0.0,0.0,0.0,0.0,0.0,0.0,0.0,0.0,0.0,0.0,0.0,0.0,0.0,0.0,0.0,0.0
1093.6525974025974,210.95238095238096,200.23809523809524,481.74603174603175,350.7936507936508,489.0625,158.33333333333334,128.125,212.5,131.35135135135135,250.0,0.0,150.83333333333334,141.66666666666669,134.16666666666666,355.95238095238096,75.0,60.714285714285715,89.28571428571428,25.0,25.0,50.0,12.5,105.0,10.0,150.0,25.0,125.0,50.0,120.83333333333333,0.0,55.0,138.33333333333334,25.0,62.5,0.0,66.66666666666667,154.16666666666669,180.37698412698413,50.0,0.0,61.904761904761905,55.0,165.0,0.0,0.0,0.0,62.5,25.0,0.0,0.0,50.67567567567568,25.0,75.0,0.6756756756756757,168.75,50.0,0.0,30.0,25.0,33.13492063492063,25.0,33.333333333333336,0.0,4.166666666666667,6.25,18.333333333333336,25.0,0.0,0.0,6.25,0.0,0.0,0.0,0.0,0.0,0.0,15.0,0.0,0.0,0.0,9.920634920634921,0.0,6.25,0.0,0.0,25.0,0.0,0.0,0.0,0.0,0.0,0.0,0.0,0.0,16.666666666666668,26.35135135135135,0.0,0.0,0.0,0.0,0.0,2.262977262977263,0.0,0.0,0.0,0.0,0.0,33.94465894465894,0.0,2.262977262977263,2.262977262977263,2.262977262977263,2.262977262977263,2.262977262977263,0.0,0.0,22.629772629772628,0.0,25.0,0.0,0.0,41.66666666666667,0.0,0.0,0.0,5.0,0.0,0.0,0.0,0.0,0.0,0.0,0.0,50.0,0.0,0.0,0.0,0.0,0.0,0.0,0.0,0.0,0.0,0.0,46.875,0.0,0.0,0.0,0.0,0.0,0.0,0.0,0.0,0.0,0.0,0.0,0.0,15.0,30.0,0.0,0.0,0.0,25.0,0.0,0.0,0.0,0.0,16.666666666666668,0.0,8.333333333333334,0.0,0.0,0.0,0.0,0.0,0.0,0.0,0.0,0.0,0.0,10.9375,0.0,0.0,0.0,0.0,0.0,0.0,0.0,0.0,0.0,0.0,0.0,0.0,0.0,0.0,0.0,38.311688311688314,0.0,0.0,0.0,0.0,0.0,0.0,5.0,0.0,0.0,0.0,0.0,75.0,0.0,0.0,0.0,0.0,0.0,0.0,0.0,43.333333333333336,0.0,0.0,0.0,0.0,0.0,0.0,0.0,0.0,0.0,0.0,0.0,0.0,0.0,25.0,50.0,0.0,0.0,0.0,0.0,0.0,0.0,0.0,0.0,0.0,0.0,0.0,12.5,0.0,12.5,0.0,0.0
247.70833333333334,122.5,54.16666666666667,155.41666666666666,16.666666666666668,50.0,0.0,0.0,20.833333333333336,0.0,16.666666666666668,93.33333333333334,75.0,0.0,95.0,0.0,0.0,20.833333333333336,25.0,0.0,0.0,0.0,0.0,0.0,16.666666666666668,0.0,75.0,8.333333333333334,0.0,0.0,6.25,0.0,60.0,0.0,0.0,0.0,0.0,0.0,18.75,0.0,0.0,25.0,0.0,0.0,0.0,0.0,12.5,0.0,0.0,50.0,0.0,0.0,0.0,0.0,0.0,6.25,41.66666666666667,0.0,0.0,0.0,0.0,0.0,0.0,0.0,25.0,0.0,0.0,20.0,0.0,0.0,0.0,0.0,0.0,12.5,0.0,0.0,0.0,0.0,0.0,4.166666666666667,0.0,0.0,0.0,0.0,0.0,0.0,0.0,0.0,0.0,0.0,0.0,0.0,0.0,0.0,0.0,0.0,0.0,0.0,0.0,0.0,0.0,0.0,0.0,0.0,0.0,0.0,0.0,0.0,0.0,0.0,0.0,0.0,0.0,0.0,0.0,0.0,0.0,0.0,16.666666666666668,0.0,0.0,0.0,0.0,0.0,0.0,0.0,0.0,0.0,0.0,0.0,0.0,0.0,0.0,0.0,0.0,0.0,0.0,0.0,0.0,0.0,0.0,0.0,0.0,0.0,0.0,0.0,0.0,0.0,0.0,0.0,0.0,5.0,0.0,0.0,0.0,0.0,0.0,0.0,0.0,0.0,0.0,0.0,0.0,0.0,0.0,0.0,0.0,0.0,0.0,0.0,0.0,0.0,0.0,0.0,0.0,0.0,0.0,0.0,0.0,0.0,0.0,0.0,0.0,0.0,0.0,0.0,0.0,0.0,0.0,0.0,0.0,0.0,0.0,0.0,0.0,0.0,0.0,0.0,0.0,0.0,0.0,0.0,0.0,0.0,0.0,0.0,0.0,0.0,0.0,0.0,0.0,0.0,0.0,0.0,0.0,0.0,0.0,0.0,0.0,0.0,0.0,0.0,0.0,0.0,0.0,0.0,0.0,0.0,0.0,0.0,0.0,0.0,0.0,0.0,0.0,0.0,0.0,0.0,0.0,0.0,0.0,0.0,0.0,0.0,0.0,0.0,0.0,0.0,0.0
2115.060985797828,543.75,1200.0,1661.6666666666667,808.8764880952381,1422.0238095238096,1085.0,686.7261904761905,602.0238095238095,211.0,179.5,202.08333333333334,258.3333333333333,550.4166666666666,524.1666666666666,322.0833333333333,250.0,230.5952380952381,245.53571428571428,374.1666666666667,118.75,368.5,256.25,614.2261904761905,189.16666666666666,369.6111111111111,220.0,175.0,210.0,25.0,39.16666666666667,75.0,277.5,57.5,62.5,103.75,148.39285714285714,54.16666666666667,71.25,87.5,100.0,68.75,0.0,322.9166666666667,25.0,158.33333333333334,93.75,75.0,53.75,75.0,37.5,97.5,291.6666666666667,83.33333333333334,50.0,8.333333333333334,275.0,12.5,39.16666666666667,50.0,147.5,35.0,66.66666666666667,0.0,93.75,0.0,12.5,0.0,13.333333333333334,30.833333333333336,30.0,200.83333333333334,56.25,87.5,0.0,33.333333333333336,0.0,0.0,0.0,72.5,70.0,60.0,12.5,0.0,0.0,25.0,12.5,50.0,83.33333333333333,37.5,1.6666666666666667,133.33333333333334,25.0,0.0,66.25,25.0,56.25,0.0,46.904761904761905,187.5,36.026315789473685,12.5,2.394153225806452,41.25,41.66666666666667,25.0,50.0,91.11111111111111,35.912298387096776,43.333333333333336,2.394153225806452,2.394153225806452,2.394153225806452,2.394153225806452,2.394153225806452,77.08333333333334,12.5,23.941532258064516,0.0,25.0,99.16666666666667,25.0,25.0,20.833333333333336,28.75,0.0,0.0,5.0,0.0,0.0,0.0,0.0,37.5,0.0,0.0,25.0,25.0,25.0,25.0,45.0,0.0,0.0,0.0,0.0,18.75,0.0,0.0,25.0,0.0,0.0,0.0,0.0,12.5,45.23809523809524,25.0,0.0,16.666666666666668,50.0,8.333333333333334,16.666666666666668,0.0,37.5,62.5,0.0,0.0,8.333333333333334,75.0,0.0,8.333333333333334,25.0,0.0,0.0,120.83333333333334,25.0,87.5,41.66666666666667,6.666666666666667,6.666666666666667,33.333333333333336,0.0,31.25,0.0,0.0,0.0,0.0,0.0,0.0,50.0,8.0,0.0,0.0,25.0,0.0,0.0,0.0,0.0,0.0,0.0,41.66666666666667,0.0,0.0,0.0,0.0,4.166666666666667,0.0,10.0,0.0,35.0,0.0,27.083333333333336,0.0,0.0,0.0,0.0,0.0,0.0,0.0,0.0,0.0,0.0,20.0,12.5,0.0,0.0,0.0,0.0,0.0,0.0,16.666666666666668,0.0,1.4285714285714286,0.0,50.0,0.0,0.0,0.0,0.0,0.0,0.0,0.0,0.0,0.0,0.0,0.0,0.0,0.0,0.0,0.0,0.0
3689.3650793650795,1865.8333333333333,1479.1666666666667,1733.3333333333333,893.3333333333334,2900.0,1008.3333333333334,1258.3333333333333,858.3333333333334,1258.3333333333333,513.8888888888889,849.1666666666666,729.1666666666666,291.6666666666667,566.6666666666666,700.0,645.8333333333334,382.5,686.1111111111111,400.0,516.6666666666666,341.6666666666667,359.1666666666667,166.66666666666669,566.6666666666666,225.0,408.3333333333333,618.531746031746,266.6666666666667,100.0,25.0,50.0,325.0,0.0,100.0,25.0,327.9761904761905,25.0,83.33333333333334,175.0,150.0,425.0,50.0,529.1666666666666,50.0,91.66666666666667,50.0,0.0,350.0,125.0,75.0,50.0,525.0,50.0,100.0,175.0,316.6666666666667,75.0,50.0,0.0,175.0,150.0,266.6666666666667,150.0,191.66666666666666,125.0,0.0,50.0,0.0,125.0,150.0,50.0,16.666666666666668,200.0,0.0,0.0,16.666666666666668,0.0,0.0,50.0,0.0,0.0,50.0,125.0,25.0,100.0,150.0,50.0,175.0,0.0,50.0,66.66666666666667,100.0,0.0,50.0,208.33333333333334,91.66666666666667,0.0,12.5,2531.904761904762,100.0,100.0,0.0,50.0,407.22222222222223,50.0,0.0,100.0,0.0,0.0,0.0,0.0,0.0,0.0,0.0,166.66666666666666,25.0,0.0,0.0,50.0,87.5,12.5,125.0,0.0,0.0,0.0,0.0,0.0,112.5,0.0,0.0,0.0,75.0,0.0,0.0,0.0,0.0,25.0,100.0,100.0,0.0,0.0,100.0,0.0,150.0,0.0,0.0,50.0,0.0,0.0,0.0,0.0,0.0,0.0,25.0,0.0,0.0,75.0,0.0,0.0,100.0,0.0,0.0,0.0,0.0,0.0,50.0,0.0,0.0,0.0,0.0,0.0,50.0,50.0,25.0,0.0,0.0,0.0,0.0,0.0,0.0,0.0,0.0,0.0,0.0,0.0,0.0,50.0,0.0,100.0,0.0,0.0,0.0,0.0,0.0,0.0,0.0,0.0,0.0,0.0,0.0,0.0,0.0,50.0,0.0,0.0,0.0,0.0,0.0,0.0,0.0,0.0,0.0,0.0,0.0,0.0,0.0,0.0,0.0,0.0,0.0,0.0,0.0,0.0,0.0,0.0,0.0,0.0,100.0,0.0,0.0,0.0,0.0,0.0,0.0,0.0,0.0,0.0,0.0,50.0,0.0,0.0,0.0,0.0,16.666666666666668,0.0,16.666666666666668,0.0,0.0
612.5,100.0,1500.0,75.0,145.83333333333334,150.0,258.3333333333333,0.0,0.0,95.83333333333334,163.33333333333334,12.5,0.0,225.0,479.1666666666667,50.0,0.0,491.6666666666667,108.33333333333334,0.0,0.0,0.0,0.0,0.0,0.0,16.666666666666668,25.0,0.0,0.0,116.66666666666667,0.0,0.0,141.66666666666669,0.0,0.0,0.0,25.0,0.0,0.0,0.0,0.0,0.0,0.0,41.66666666666667,10.0,0.0,0.0,0.0,125.0,0.0,0.0,12.5,0.0,0.0,0.0,8.333333333333334,0.0,0.0,0.0,0.0,0.0,0.0,0.0,0.0,0.0,0.0,100.0,0.0,0.0,50.0,0.0,0.0,50.0,0.0,0.0,0.0,0.0,0.0,0.0,0.0,0.0,0.0,0.0,0.0,0.0,0.0,0.0,0.0,0.0,0.0,0.0,0.0,0.0,0.0,0.0,0.0,0.0,0.0,0.0,0.0,0.0,0.0,0.0,0.0,0.0,0.0,0.0,0.0,0.0,0.0,0.0,0.0,0.0,0.0,0.0,0.0,0.0,0.0,0.0,0.0,0.0,0.0,0.0,0.0,0.0,0.0,0.0,0.0,0.0,0.0,0.0,0.0,0.0,0.0,0.0,0.0,0.0,0.0,0.0,0.0,0.0,0.0,0.0,8.333333333333334,0.0,0.0,0.0,0.0,0.0,0.0,0.0,0.0,0.0,0.0,0.0,0.0,0.0,16.666666666666668,0.0,0.0,0.0,0.0,0.0,0.0,0.0,0.0,0.0,0.0,0.0,0.0,0.0,0.0,0.0,0.0,0.0,0.0,0.0,0.0,0.0,0.0,0.0,0.0,0.0,0.0,0.0,0.0,0.0,0.0,10.0,0.0,0.0,0.0,0.0,0.0,0.0,0.0,0.0,0.0,0.0,0.0,0.0,0.0,0.0,0.0,0.0,0.0,0.0,0.0,0.0,0.0,0.0,0.0,0.0,0.0,0.0,0.0,0.0,0.0,0.0,0.0,0.0,0.0,0.0,0.0,0.0,0.0,0.0,0.0,0.0,0.0,0.0,0.0,0.0,0.0,0.0,0.0,0.0,0.0,0.0,0.0,0.0,0.0,0.0,0.0,0.0,0.0,0.0,0.0,0.0
483.24404761904765,114.49404761904762,159.42857142857144,64.16666666666667,66.66666666666667,135.41666666666666,20.833333333333336,26.5625,31.458333333333336,71.04761904761905,191.875,25.0,56.25,39.16666666666667,43.75,50.0,33.333333333333336,41.66666666666667,80.0,73.33333333333333,105.0,0.0,4.166666666666667,15.625,25.0,1.5625,78.125,0.0,5.625,0.0,0.0,8.333333333333334,8.333333333333334,0.0,31.25,15.277777777777779,27.5,0.0,0.0,12.5,0.0,45.11904761904762,0.0,22.22222222222222,10.416666666666668,0.0,0.0,0.0,0.0,0.0,0.0,2.5,16.666666666666668,0.0,0.0,20.833333333333336,108.125,0.0,6.25,119.16666666666667,0.0,0.0,40.0,0.0,0.0,6.25,26.666666666666668,20.833333333333336,0.0,0.0,4.107142857142858,0.0,0.0,0.0,0.0,3.125,44.79166666666667,0.0,0.0,0.0,0.0,0.0,5.0,6.25,0.0,6.666666666666667,0.0,12.5,0.0,6.25,0.0,0.0,0.0,0.0,0.0,0.0,0.0,0.0,0.0,16.666666666666668,9.375,0.0,0.0,0.0,0.0,0.0,0.0,0.0,0.0,0.0,0.0,0.0,0.0,0.0,0.0,0.0,0.0,0.0,0.0,0.0,0.0,0.0,0.0,0.0,0.0,13.75,0.0,0.0,0.0,25.0,0.0,0.0,0.0,0.0,0.0,0.0,0.0,0.0,0.0,0.0,0.0,0.0,0.0,35.41666666666667,0.0,7.8125,0.0,0.0,4.166666666666667,6.25,0.0,0.0,0.0,0.0,0.0,0.0,0.0,0.0,0.0,0.0,0.0,0.0,0.0,0.0,0.0,0.0,0.0,0.0,0.0,0.0,0.0,3.125,0.0,0.0,0.0,0.0,0.0,0.0,0.0,0.0,0.0,1.5625,0.0,13.392857142857142,0.0,3.3482142857142856,0.0,0.0,0.0,0.0,8.333333333333334,0.0,0.0,0.0,0.0,0.0,0.0,0.0,0.0,0.0,0.0,0.0,12.5,0.0,0.0,3.125,0.0,0.0,1.5625,0.0,2.0833333333333335,0.0,0.0,0.0,8.333333333333334,0.0,0.0,2.0833333333333335,0.0,0.0,0.0,0.0,0.0,0.0,0.0,4.166666666666667,0.0,0.0,0.0,0.0,0.0,0.0,0.0,0.0,0.0,0.0,0.0,0.0,0.0,0.0,0.0,0.0,0.0,0.0,0.0,3.125,0.0,0.0,0.0
1612.811507936508,380.9583333333333,928.6369047619048,348.68055555555554,1671.345238095238,742.875,316.6666666666667,85.83333333333334,558.9583333333334,1283.4285714285716,431.38690476190476,270.6666666666667,83.75,857.6388888888889,217.32142857142858,433.3234126984127,261.52777777777777,189.58333333333334,170.41666666666669,157.75,229.16666666666669,37.61904761904762,45.833333333333336,13.541666666666668,2.5,56.25,0.0,34.479166666666664,83.33333333333333,57.083333333333336,5.729166666666667,16.875,845.5833333333334,46.111111111111114,40.833333333333336,45.11904761904762,8.571428571428571,23.666666666666668,45.833333333333336,201.51388888888889,206.66666666666666,66.16666666666667,105.41666666666667,187.58333333333334,13.0,33.333333333333336,23.88888888888889,55.208333333333336,0.0,16.666666666666668,20.0,12.5,12.5,0.0,66.26984126984127,26.666666666666668,0.0,0.0,0.0,94.5,0.0,0.0,66.5,0.0,0.0,16.666666666666668,49.80555555555556,25.0,0.0,0.0,4.107142857142858,0.0,17.416666666666668,44.25,130.0,12.5,62.5,0.0,170.0,27.5,2.5,6.666666666666667,5.0,16.666666666666668,0.0,0.0,0.0,2.5,8.333333333333334,0.0,0.0,0.0,0.0,59.30555555555556,2.0,50.0,87.57142857142857,0.0,0.0,8.333333333333334,10.416666666666668,0.0,0.0,0.0,0.0,0.0,0.0,0.0,0.0,0.0,0.0,0.0,0.0,0.0,0.0,72.91666666666667,4.166666666666667,0.0,0.0,0.0,0.0,0.0,2.5,3.571428571428571,0.0,5.555555555555555,0.0,0.0,6.166666666666667,0.0,0.0,2.5,19.166666666666668,0.0,0.0,4.166666666666667,0.0,0.0,25.0,0.0,0.0,10.0,0.0,52.083333333333336,0.0,0.0,0.0,0.0,8.0,0.0,0.0,0.0,2.0,12.5,0.0,0.0,0.0,71.875,0.0,0.0,0.0,0.0,61.66666666666667,0.0,27.0,6.666666666666667,3.3333333333333335,0.0,0.0,0.0,33.333333333333336,0.0,0.0,0.0,3.125,4.166666666666667,0.0,0.0,0.0,0.0,0.0,0.0,0.0,0.0,0.0,0.0,0.0,0.0,0.0,0.0,0.0,15.833333333333334,0.0,0.0,0.0,0.0,0.0,16.666666666666668,4.166666666666667,0.0,0.0,0.0,0.0,32.5,0.0,0.0,0.0,0.0,0.0,0.0,37.5,0.0,0.0,0.0,0.0,0.0,0.0,0.0,0.0,0.0,0.0,0.0,1.6666666666666667,0.0,0.0,12.5,0.0,0.0,0.0,0.0,0.0,4.166666666666667,0.0,0.0,0.0,0.0,0.0,391.6666666666667,0.0,0.0,0.0,0.0,0.0,0.0,0.0,0.0,0.0,0.0,0.0
2883.910714285714,705.452380952381,1109.0833333333333,292.5,301.1666666666667,489.19444444444446,645.4166666666666,112.67361111111111,414.6329365079365,766.25,710.6296296296297,47.154761904761905,162.08333333333334,97.91666666666667,121.25,233.54166666666669,250.625,18.333333333333336,227.5,102.33333333333333,160.55555555555554,121.25,12.5,19.791666666666668,148.33333333333334,342.8125,101.04166666666667,12.5,51.458333333333336,25.0,22.5,2.0833333333333335,356.8333333333333,0.0,46.25,100.55555555555556,40.06613756613756,73.66666666666667,56.25,170.0,20.0,772.2380952380953,201.25,198.55555555555554,22.76851851851852,75.0,0.0,273.75,0.0,16.666666666666668,3.3333333333333335,48.92857142857143,48.333333333333336,0.0,122.5,135.83333333333334,191.875,0.0,6.25,570.75,0.0,0.0,315.0,195.0,0.0,12.5,78.83333333333334,112.5,0.0,0.0,0.0,0.0,34.5,50.0,0.0,40.625,94.79166666666667,0.0,288.3333333333333,0.0,2.5,0.0,0.0,12.5,0.0,6.666666666666667,0.0,15.0,0.0,131.25,0.0,0.0,0.0,95.0,2.0,0.0,56.5,0.0,0.0,83.33333333333334,21.875,0.0,0.0,0.0,0.0,0.0,0.0,0.0,0.0,74.16666666666667,0.0,0.0,0.0,0.0,0.0,0.0,128.33333333333334,0.0,0.0,25.0,0.0,0.0,2.5,8.333333333333334,12.5,13.75,0.0,0.0,2.0,225.0,0.0,2.5,0.0,0.0,0.0,0.0,0.0,0.0,0.0,0.0,0.0,10.0,0.0,227.08333333333334,0.0,43.52678571428571,0.0,0.0,41.333333333333336,6.25,0.0,0.0,2.0,25.0,0.0,0.0,0.0,0.0,14.285714285714285,28.57142857142857,0.0,0.0,0.0,0.0,2.0,0.0,3.3333333333333335,0.0,0.0,0.0,0.0,3.125,4.166666666666667,0.0,0.0,4.166666666666667,0.0,0.0,0.0,0.0,12.5,1.5625,0.0,41.96428571428571,0.0,10.491071428571427,0.0,0.0,0.0,0.0,33.333333333333336,0.0,0.0,0.0,0.0,0.0,0.0,0.0,0.0,0.0,54.16666666666667,0.0,12.5,7.5,37.5,3.125,0.0,0.0,1.5625,0.0,331.25,0.0,0.0,0.0,8.333333333333334,0.0,0.0,16.369047619047617,0.0,0.0,0.0,0.0,1.6666666666666667,12.5,0.0,4.166666666666667,0.0,0.0,0.0,0.0,0.0,12.5,0.0,0.0,0.0,0.0,0.0,0.0,0.0,0.0,0.0,0.0,0.0,0.0,0.0,19.791666666666668,0.0,0.0,0.0
6893.926383801384,2037.9517704517705,2396.8607202982203,2235.112433862434,1542.9969336219335,1031.7527472527472,1301.8888287638288,1130.7308201058202,1264.5734126984128,599.9371693121693,648.8263125763126,471.33026695526695,413.9943181818182,463.9484126984127,709.9553571428571,564.7371031746031,897.2997835497836,492.8571428571429,435.22817460317464,297.6190476190476,691.1875254375254,467.52314814814815,247.3445767195767,648.0555555555555,321.8335137085137,297.22222222222223,145.13888888888889,254.18650793650795,475.7070707070707,447.5595238095238,109.18650793650794,1230.5092592592594,159.8124098124098,191.88492063492063,535.9929653679653,382.89862914862914,1005.5685286935287,297.7162698412698,206.74242424242425,241.80555555555557,248.57984607984608,219.93055555555554,231.48809523809524,320.55555555555554,6.944444444444445,151.66666666666669,139.65277777777777,1342.9226791726792,218.61111111111111,89.9537037037037,43.75,110.23569023569024,11.25,12.5,511.2112193362193,50.0,78.33333333333334,38.88888888888889,81.78571428571429,37.5,373.0952380952381,34.82142857142857,0.0,25.0,57.083333333333336,10.0,38.888888888888886,25.0,18.75,126.16071428571429,35.0,38.57142857142857,112.57936507936509,50.0,58.33333333333334,0.0,183.92857142857142,0.0,106.37626262626263,21.726190476190474,223.13161375661377,77.26190476190476,49.166666666666664,10.0,6.25,85.47979797979798,25.0,71.51785714285714,25.694444444444443,35.595238095238095,3.125,86.25,37.5,121.66666666666667,134.08008658008657,33.269230769230774,16.666666666666668,73.48484848484848,43.75,16.666666666666668,119.48412698412699,80.23268398268398,0.0,0.0,308.5813492063492,32.77777777777778,27.77777777777778,109.39484126984127,0.0,16.543040293040292,0.0,0.0,0.0,0.0,0.0,0.0,19.166666666666668,0.0,12.5,175.20833333333334,106.34920634920636,26.666666666666668,50.0,6.666666666666667,0.0,24.791666666666668,0.0,12.916666666666668,0.0,55.55555555555556,8.333333333333334,0.0,0.0,0.0,91.66666666666667,76.65178571428571,18.824786324786327,65.64814814814815,11.11111111111111,0.0,35.71428571428571,8.333333333333332,2.5,0.0,0.0,0.0,0.0,0.0,37.5,0.0,0.0,0.0,13.88888888888889,8.333333333333334,69.44444444444444,2.7777777777777777,37.61904761904762,6.944444444444445,24.358974358974358,48.717948717948715,11.11111111111111,0.0,0.0,0.0,10.0,2.380952380952381,8.531746031746032,0.0,0.0,15.833333333333334,0.0,0.0,27.5,43.75,4.166666666666667,3.571428571428571,66.66666666666667,24.166666666666668,25.0,0.0,0.0,6.388888888888889,0.0,53.57142857142857,0.0,13.392857142857142,0.0,0.0,5.0,0.0,6.666666666666667,0.0,0.0,0.0,25.0,0.0,0.0,10.277777777777779,0.0,0.0,33.333333333333336,0.0,20.9375,30.952380952380953,0.0,22.22222222222222,0.0,0.0,6.018518518518519,17.5,0.0,4.166666666666667,7.2023809523809526,12.222222222222221,0.0,0.0,0.0,0.0,13.88888888888889,0.0,0.0,0.0,0.0,4.166666666666667,27.77777777777778,0.0,5.0,59.82142857142858,0.0,0.0,0.0,0.0,0.0,0.0,0.0,8.333333333333334,0.0,25.0,0.0,3.125,0.0,0.0,7.380952380952381,0.0,0.0,0.0,0.0,0.0,0.0
1625.327380952381,375.9920634920635,129.54545454545456,180.83333333333334,324.35185185185185,347.5,445.8333333333333,296.9791666666667,345.34722222222223,120.83333333333334,462.6388888888889,30.555555555555557,65.05952380952381,90.83333333333334,100.0,360.23809523809524,149.58333333333334,4.166666666666667,140.27777777777777,154.16666666666669,130.55555555555554,53.57142857142857,12.5,25.625,8.333333333333334,18.229166666666668,203.125,46.111111111111114,116.04166666666667,8.333333333333334,0.0,18.75,611.6666666666666,0.0,14.583333333333334,79.16666666666667,2.5,8.333333333333334,0.0,8.333333333333334,70.83333333333334,1034.563492063492,124.72222222222223,68.75,27.083333333333336,54.166666666666664,20.833333333333336,114.58333333333334,73.33333333333333,0.0,10.0,7.4074074074074066,0.0,0.0,16.666666666666668,154.16666666666669,82.29166666666667,0.0,6.25,177.04545454545456,0.0,0.0,146.66666666666666,165.0,0.0,10.416666666666668,25.416666666666668,43.75,0.0,25.0,0.0,0.0,23.61111111111111,0.0,0.0,3.125,169.79166666666669,0.0,0.0,0.0,0.0,0.0,0.0,6.25,0.0,9.444444444444445,1.8518518518518516,12.5,0.0,89.58333333333334,25.0,0.0,10.0,0.0,16.666666666666668,0.0,8.333333333333332,0.0,0.0,25.000000000000004,34.375,0.0,1.6129032258064517,25.0,0.0,0.0,0.0,0.0,24.193548387096776,12.5,1.6129032258064517,1.6129032258064517,1.6129032258064517,1.6129032258064517,1.6129032258064517,0.0,0.0,16.129032258064516,0.0,29.166666666666668,0.0,0.0,75.0,0.0,11.11111111111111,22.083333333333336,0.0,5.0,0.0,37.5,0.0,0.0,0.0,0.0,0.0,0.0,0.0,0.0,0.0,0.0,0.0,0.0,0.0,95.41666666666667,0.0,7.8125,0.0,0.0,79.16666666666667,6.25,0.0,0.0,0.0,0.0,0.0,0.0,0.0,0.0,35.0,70.0,0.0,0.0,0.0,0.0,0.0,0.0,0.0,0.0,0.0,0.0,0.0,3.125,0.0,0.0,0.0,0.0,0.0,16.666666666666668,0.0,0.0,0.0,1.5625,0.0,177.91666666666666,0.0,44.479166666666664,0.0,0.0,0.0,0.0,8.333333333333334,0.0,0.0,0.0,0.0,0.0,0.0,0.0,9.722222222222221,50.0,0.0,0.0,12.5,0.0,0.0,3.125,0.0,0.0,1.5625,0.0,202.08333333333334,0.0,0.0,0.0,8.333333333333334,0.0,0.0,2.0833333333333335,0.0,0.0,0.0,0.0,0.0,0.0,0.0,0.0,0.0,0.0,0.0,0.0,0.0,4.166666666666667,0.0,0.0,0.0,0.0,0.0,0.0,0.0,0.0,0.0,0.0,0.0,0.0,0.0,28.125,0.0,0.0,0.0
11737.56461083583,5942.5867003367,4784.968151061901,4206.182985995486,5773.065174885028,4463.939571457954,1212.6285173160175,2786.3501614126612,2275.4430384430384,2107.1033572908573,1507.4974001838498,1084.39979002479,2565.2241832241834,1257.7770989903343,637.106678044178,6720.432178932179,1926.9373612498612,2372.0185485810484,988.5642135642136,1230.9850810953753,2142.4653818403817,318.76984126984127,1268.128676878677,491.13035113035113,1691.7925041228614,821.1061126373627,513.3891505320076,727.2561109914051,468.71410452292804,2245.354497354497,817.4310064935065,1050.8554986679987,952.5628306878307,735.1249098124098,437.60190245484364,630.784942182001,254.22752594627596,710.1256613756614,425.70255141683714,625.9532365782366,558.5571639009139,51.91697191697192,161.31944444444446,1236.1894864394865,5.729166666666667,616.1507936507936,811.4955183705184,962.2330447330447,1090.342261904762,275.59523809523813,313.1935956200662,11.574074074074073,148.72558922558923,201.1724902082045,314.6878448349037,54.54059829059829,71.66666666666667,79.12202380952381,74.43181818181819,70.0,182.5915750915751,15.714285714285714,357.19730568995277,1335.3670634920636,55.04329004329004,32.06349206349206,255.49428104575165,6.785714285714286,85.8058608058608,9.920634920634921,10.714285714285714,55.75396825396825,82.21542346542347,856.1679292929293,51.66666666666667,112.20238095238096,85.41666666666667,2.0833333333333335,449.43121693121697,35.81536519036519,186.80916305916307,17.694805194805195,43.897630147630146,20.753968253968253,14.166666666666668,351.3888888888889,64.01455026455027,59.3215811965812,49.38186813186813,1.4285714285714286,248.8362332112332,204.04558404558404,35.416666666666664,853.3756613756614,11.30952380952381,61.13095238095238,761.7705415499534,88.47222222222221,7.010582010582011,46.30952380952381,55.0,91.86965811965813,17.36111111111111,25.096153846153847,0.0,16.666666666666668,5.815503908370976,25.0,10.416666666666666,145.5952380952381,0.6944444444444444,0.6944444444444444,0.6944444444444444,0.6944444444444444,0.6944444444444444,73.61556036556037,48.43344155844156,6.944444444444445,269.7867063492063,20.813492063492063,56.38888888888889,105.6318161005661,5.119047619047619,28.993055555555557,42.17261904761905,7.159090909090909,7.738095238095238,202.58101851851853,35.00721500721501,0.0,140.83810039167182,224.6825396825397,105.51767676767678,58.05555555555556,25.0,81.42361111111111,15.821428571428573,93.79629629629629,71.38888888888889,40.22751322751323,5.414351851851851,32.14285714285714,4.166666666666667,457.3809523809524,17.272727272727273,19.615800865800864,0.0,525.4166666666666,0.0,27.5,60.34090909090909,8.333333333333334,62.5,7.083333333333334,6.666666666666667,258.4325396825397,31.296296296296298,26.223544973544975,0.0,0.0,83.85416666666667,1.3888888888888888,40.41666666666667,0.0,214.00857244607244,8.333333333333334,25.0,22.136752136752136,35.87301587301587,7.628205128205128,9.090909090909092,8.229166666666668,30.27777777777778,36.448412698412696,28.67965367965368,9.196428571428571,0.0,1.6666666666666667,3.3333333333333335,190.4586038961039,61.11952861952862,0.0,0.0,8.333333333333332,52.33953517533879,2.083333333333333,2.907751954185488,23.017676767676768,45.03224206349206,0.0,10.0,14.285714285714285,21.923076923076923,0.0,0.0,0.0,5.0,25.0,81.11111111111111,0.0,14.0625,0.0,2.564102564102564,51.90351315351315,2.5,2.893518518518518,29.166666666666668,3.935185185185185,52.083333333333336,4.166666666666667,0.0,0.0,62.5,0.0,0.0,0.0,0.0,3.3333333333333335,0.0,0.0,0.0,0.0,0.0,40.833333333333336,0.0,21.70138888888889,0.0,5.9523809523809526,4.166666666666667,9.722222222222221,37.5,0.0,0.0,0.0,0.0,16.11111111111111,0.0,0.0,0.0,4.513888888888889,0.0,0.0,0.0,0.0,0.0,0.0,0.0,0.0,0.0
1584.4907407407409,359.4047619047619,439.9404761904762,352.0833333333333,551.9642857142858,567.8373015873016,275.0,404.9404761904762,21.875,229.4047619047619,109.6078431372549,138.03571428571428,111.45833333333334,68.51851851851852,39.61309523809524,569.2592592592592,312.5,153.26719576719577,79.16666666666667,211.52380952380952,88.69047619047619,120.83333333333334,83.92857142857143,104.58333333333334,248.03571428571428,70.47619047619048,0.0,28.57142857142857,6.25,385.0,22.916666666666668,10.0,152.38095238095238,42.5,17.857142857142854,36.111111111111114,34.523809523809526,11.30952380952381,55.154761904761905,85.0,53.745791245791246,105.75396825396825,25.0,102.36111111111111,6.25,284.64285714285717,100.0,22.857142857142854,29.166666666666668,42.5,3.125,0.0,37.32142857142857,71.875,51.138888888888886,0.0,0.0,0.0,50.0,0.0,61.66666666666667,0.0,31.904761904761905,53.57142857142857,26.666666666666668,6.25,12.5,6.944444444444445,0.0,0.0,0.0,5.0,0.0,54.16666666666667,16.666666666666668,18.75,0.0,0.0,108.57142857142857,0.0,19.642857142857142,2.941176470588235,85.67608861726508,6.25,0.0,56.25,0.0,0.0,71.90476190476191,34.76190476190476,0.0,0.0,0.0,218.05555555555557,0.0,0.0,30.0,0.0,22.5,0.0,0.0,12.5,0.0,0.0,0.0,0.0,0.7407407407407407,0.0,0.0,0.0,0.0,0.0,0.0,0.0,0.0,0.0,0.0,0.0,29.910714285714285,0.0,25.0,0.0,12.5,0.0,0.0,0.0,0.0,0.0,0.0,0.0,0.0,8.333333333333334,0.0,0.0,0.0,0.0,4.166666666666667,0.0,25.0,29.16666666666667,0.0,0.0,0.0,0.0,0.0,0.0,0.0,0.0,0.0,0.0,0.0,12.5,0.0,0.0,8.333333333333334,3.7037037037037033,0.0,0.0,0.0,0.0,14.583333333333332,0.0,0.0,25.0,43.80952380952381,3.571428571428571,4.166666666666667,0.0,0.0,0.0,0.0,0.0,25.0,0.0,0.0,0.0,0.0,0.0,0.0,0.0,0.0,0.0,0.0,0.0,6.666666666666666,0.0,0.37037037037037035,0.0,0.0,0.0,0.0,25.0,0.0,0.0,0.0,0.0,0.0,0.0,0.0,0.0,0.0,0.0,0.0,0.0,0.0,0.0,0.0,0.0,0.0,0.0,0.0,0.0,0.0,0.0,0.0,0.0,0.0,0.0,0.0,0.0,0.0,0.0,0.0,0.0,0.0,10.416666666666668,0.0,0.0,0.0,0.0,0.0,50.0,0.0,0.0,0.0,0.0,0.0,0.0,25.0,0.0,0.0,0.0,0.0,0.0,0.0,0.0,0.0,0.0,0.0
2188.5515873015875,574.1071428571429,375.1587301587302,696.765873015873,864.4941006705712,3560.548941798942,276.9179894179894,936.5674603174604,408.0357142857143,412.84611992945327,353.4920634920635,277.281746031746,602.7380952380953,269.1666666666667,375.2579365079365,327.5595238095238,453.699494949495,451.11111111111114,330.29761904761904,28.095238095238095,884.047619047619,129.53781512605042,138.65079365079364,119.94268077601411,277.10317460317464,90.71428571428571,21.944444444444446,58.19444444444444,170.05952380952382,0.0,120.27777777777779,60.97222222222222,5.555555555555555,16.11111111111111,236.52777777777777,487.8174603174603,5.555555555555555,125.3373015873016,121.23015873015873,0.0,295.8730158730159,33.19444444444444,27.083333333333336,0.0,140.6547619047619,217.22222222222223,26.11111111111111,0.0,74.42460317460318,20.833333333333332,295.27777777777777,140.41666666666669,363.76984126984127,24.72222222222222,0.0,19.206349206349206,0.0,19.444444444444443,102.9563492063492,0.0,10.833333333333334,14.880952380952381,0.0,28.333333333333332,58.90873015873016,2.0833333333333335,0.0,52.22222222222222,20.555555555555557,88.88888888888889,7.5,0.6172839506172839,2.7777777777777777,0.0,5.555555555555555,22.77777777777778,8.333333333333332,13.055555555555555,0.0,23.333333333333336,0.0,112.3015873015873,26.666666666666668,2.0833333333333335,16.666666666666664,0.0,0.0,0.0,20.0,14.444444444444445,15.277777777777779,0.0,11.666666666666666,0.0,9.444444444444445,47.77777777777778,0.0,4.166666666666667,81.5873015873016,0.0,11.805555555555555,0.0,1.5040209632239991,2.7777777777777777,22.77777777777778,23.61111111111111,15.817901234567902,0.0,25.338092226137764,2.7777777777777777,1.5040209632239991,1.5040209632239991,1.5040209632239991,1.5040209632239991,1.5040209632239991,19.444444444444443,0.0,15.040209632239993,0.0,3.3333333333333335,5.555555555555555,0.0,16.666666666666668,13.333333333333334,9.444444444444445,0.0,0.0,0.0,0.0,8.333333333333332,90.03968253968254,0.0,91.42857142857143,23.214285714285715,0.0,6.944444444444445,8.492063492063492,0.0,0.0,0.0,0.0,30.555555555555557,0.0,0.0,3.3333333333333335,8.333333333333334,0.0,2.7777777777777777,0.0,0.0,0.0,0.0,0.0,8.333333333333334,0.0,0.0,15.714285714285715,0.0,0.0,0.0,25.873015873015873,0.0,0.0,34.44444444444444,0.0,0.0,6.944444444444445,16.666666666666668,3.3333333333333335,0.0,9.523809523809524,0.0,0.0,0.0,0.0,8.333333333333334,0.0,0.0,0.0,0.0,0.0,0.0,10.0,0.0,11.11111111111111,0.0,0.6172839506172839,0.0,0.0,0.0,0.0,0.0,0.0,8.333333333333332,0.0,0.0,0.0,0.0,0.0,8.333333333333334,10.714285714285715,0.0,0.0,0.0,0.0,0.0,0.0,0.0,0.0,8.333333333333332,0.0,0.0,0.0,5.555555555555555,22.61904761904762,0.0,3.3333333333333335,0.0,0.0,0.0,0.0,0.0,0.0,0.0,0.0,0.0,0.0,0.0,0.0,0.0,0.0,0.0,8.333333333333334,0.0,0.0,0.0,0.0,0.0,0.0,0.0,0.0,4.166666666666667,0.0,0.0,0.0,0.0,0.0,0.0,0.0
6219.640033048777,1205.459488128459,3956.0604590664775,1676.25,3372.905246139469,533.3333333333334,969.375,1020.5403828197946,715.8319088319089,1847.7829146855504,817.5,1992.7808292955433,167.03955174686882,648.4682212700505,1018.2887841044737,1415.2402402402402,612.7380952380953,386.6666666666667,939.5833333333334,627.0833333333334,154.16666666666669,327.08333333333337,1013.420797468785,523.3333333333334,21.366670903789213,451.6666666666667,0.0,402.9761904761905,26.96401147871736,2148.8494266806156,129.64285714285714,158.33333333333334,602.5240037740037,490.4761904761905,31.25,50.0,146.30952380952382,291.6666666666667,12.5,108.33333333333333,358.92857142857144,0.0,0.0,339.34428330769794,5.0,95.87944219523166,160.75658726268483,12.5,618.5897435897436,0.0,28.06422743922744,0.0,25.0,0.0,50.0,0.0,0.0,41.66666666666667,37.29075043306542,0.0,50.0,30.101648351648354,0.0,11.11111111111111,50.0,0.0,62.5,0.0,0.0,0.0,0.0,0.0,33.333333333333336,75.0,0.0,0.0,0.0,0.0,323.3333333333333,115.0,0.0,41.66666666666667,16.666666666666668,0.0,0.0,16.666666666666668,150.0,16.666666666666668,0.0,0.0,0.0,0.0,0.0,238.2418699186992,5.0,0.0,76.54024216524216,150.0,0.0,0.0,50.0,0.0,0.0,0.0,0.0,0.0,0.0,0.0,0.0,12.5,0.0,0.0,0.0,0.0,0.0,0.0,37.5,0.0,0.0,0.0,122.5,110.71428571428572,0.0,75.0,0.0,16.666666666666668,0.0,0.0,1.923076923076923,0.0,0.0,0.0,0.0,0.0,6.25,0.0,0.0,16.666666666666668,0.0,0.0,33.333333333333336,0.0,0.0,0.0,0.0,0.0,0.0,0.0,0.0,0.0,0.0,0.0,0.0,37.5,0.0,0.0,0.0,0.0,16.666666666666668,33.333333333333336,0.0,0.0,0.0,0.0,0.0,0.0,0.0,0.0,0.0,0.0,0.0,0.0,0.0,0.0,10.0,0.0,33.333333333333336,0.0,0.0,0.0,0.0,0.0,0.0,0.0,0.0,0.0,0.0,0.0,0.0,0.0,0.0,0.0,0.0,0.0,0.0,0.0,0.0,0.0,0.0,0.0,0.0,0.0,0.0,0.0,0.0,0.0,0.0,0.0,0.0,0.0,0.0,0.0,0.0,0.0,0.0,0.0,0.0,0.0,0.0,0.0,0.0,0.0,0.0,0.0,0.0,0.0,0.0,0.0,0.0,0.0,0.0,0.0,0.0,0.0,0.0,0.0,0.0,1093.3333333333333,0.0,0.0,0.0,0.0,0.0,0.0,0.0,0.0,0.0,0.0,0.0
1270.8333333333333,83.33333333333334,683.3333333333334,266.6666666666667,275.0,300.0,533.3333333333334,393.3333333333333,112.5,375.0,129.16666666666666,12.5,0.0,270.83333333333337,83.33333333333334,220.83333333333334,229.16666666666669,216.66666666666666,720.8333333333334,91.66666666666667,50.0,75.0,41.66666666666667,150.0,0.0,166.66666666666666,0.0,225.0,0.0,341.6666666666667,25.0,166.66666666666666,362.5,125.0,41.66666666666667,25.0,16.666666666666668,0.0,0.0,50.0,112.5,50.0,50.0,177.5,0.0,25.0,0.0,0.0,325.0,50.0,0.0,16.666666666666668,0.0,0.0,50.0,0.0,0.0,16.666666666666668,0.0,0.0,0.0,0.0,0.0,0.0,0.0,0.0,0.0,0.0,0.0,25.0,0.0,0.0,16.666666666666668,0.0,0.0,0.0,0.0,0.0,100.0,25.0,0.0,0.0,0.0,0.0,0.0,0.0,58.333333333333336,0.0,0.0,50.0,0.0,0.0,0.0,0.0,0.0,0.0,0.0,0.0,8.333333333333334,58.333333333333336,41.66666666666667,0.0,0.0,0.0,0.0,0.0,0.0,0.0,0.0,0.0,0.0,0.0,0.0,0.0,0.0,0.0,0.0,0.0,0.0,0.0,0.0,41.66666666666667,0.0,0.0,0.0,0.0,0.0,0.0,0.0,0.0,0.0,0.0,0.0,0.0,0.0,0.0,0.0,0.0,0.0,0.0,0.0,0.0,0.0,0.0,0.0,0.0,0.0,0.0,0.0,0.0,0.0,0.0,0.0,12.5,0.0,0.0,0.0,0.0,0.0,0.0,0.0,0.0,16.666666666666668,0.0,0.0,0.0,0.0,0.0,0.0,0.0,0.0,0.0,0.0,0.0,0.0,0.0,0.0,0.0,0.0,0.0,0.0,0.0,0.0,0.0,0.0,0.0,0.0,0.0,0.0,0.0,0.0,0.0,0.0,0.0,0.0,0.0,0.0,0.0,0.0,0.0,0.0,0.0,0.0,0.0,0.0,0.0,0.0,0.0,0.0,0.0,0.0,0.0,0.0,0.0,0.0,0.0,0.0,0.0,0.0,0.0,0.0,0.0,0.0,0.0,0.0,16.666666666666668,0.0,0.0,0.0,0.0,0.0,0.0,0.0,0.0,0.0,0.0,0.0,125.0,0.0,0.0,0.0,0.0,0.0,0.0,0.0,0.0,0.0,0.0,0.0
10032.823392223288,5710.285686535687,4288.060515873016,2742.4900793650795,5363.392857142857,3832.834896584897,3422.348484848485,1243.7108395989976,1803.4045815295815,1730.9623015873017,1307.3397435897436,888.0982905982906,600.7539682539683,528.1944444444445,367.7564102564103,3600.128205128205,1749.115918803419,1379.280753968254,722.6488095238095,1703.3658008658008,787.4900793650794,632.5644841269841,311.88492063492066,1118.189484126984,407.00487012987014,477.00396825396825,369.9404761904762,396.6504329004329,143.60119047619048,1123.7112193362193,174.20634920634922,244.9950396825397,2955.0320512820513,232.64880952380952,106.25,424.5436507936508,69.58333333333334,866.9642857142858,8.333333333333334,1121.3789682539682,346.06240981240984,85.0,345.7936507936508,2120.683574466469,51.5625,461.3392857142857,148.03571428571428,317.88690476190476,923.3928571428571,90.97222222222223,128.50378787878788,0.0,45.38461538461539,177.73809523809524,53.125,10.416666666666668,164.16666666666669,0.0,0.0,22.916666666666668,41.964285714285715,9.523809523809524,296.8162393162393,546.678391053391,0.0,36.224747474747474,226.2797619047619,17.5,67.85714285714286,51.66666666666667,13.333333333333334,65.41666666666667,63.611111111111114,268.125,2.272727272727273,152.08333333333334,2.7777777777777777,24.047619047619047,712.5,31.25,282.73809523809524,0.0,11.11111111111111,36.224747474747474,20.0,118.05555555555556,115.29761904761905,154.79166666666669,25.0,166.01190476190476,230.82671957671957,8.333333333333334,54.16666666666667,1909.126984126984,0.0,113.05555555555556,750.8630952380953,80.0,0.0,0.0,55.0,9.090909090909092,1.0683760683760684,20.833333333333336,0.0,0.0,3.31911141197848,25.0,16.025641025641026,96.02272727272728,1.0683760683760684,1.0683760683760684,1.0683760683760684,1.0683760683760684,1.0683760683760684,13.125,0.0,10.683760683760683,106.25,27.967171717171716,37.22222222222222,10.0,75.0,44.02777777777778,28.125,41.666666666666664,7.738095238095238,274.6230158730159,0.0,25.0,44.375,410.7692307692308,20.535714285714285,66.66666666666667,9.722222222222221,68.75,0.0,0.0,160.83333333333334,63.75,0.0,17.142857142857142,0.0,183.63095238095238,8.333333333333334,13.157894736842106,0.0,0.0,0.0,0.0,55.15873015873016,0.0,35.0,39.583333333333336,62.5,96.78571428571429,61.32756132756133,13.88888888888889,0.0,0.0,12.5,0.0,16.666666666666668,0.0,10.416666666666668,0.0,16.666666666666668,0.0,16.11111111111111,112.5,0.0,12.5,21.38888888888889,32.14285714285714,27.5,12.5,0.0,0.0,0.0,133.22916666666666,5.555555555555555,10.0,0.0,35.60606060606061,29.87200270780632,8.901515151515152,1.65955570598924,0.0,32.91666666666667,0.0,68.33333333333334,5.555555555555555,0.0,0.0,25.0,0.0,0.0,0.0,85.71428571428572,0.0,4.166666666666667,0.0,0.0,25.863095238095237,2.5,0.0,0.0,0.0,0.0,0.0,25.0,0.0,16.666666666666668,0.0,0.0,0.0,0.0,0.0,0.0,0.0,0.0,0.0,0.0,29.166666666666664,0.0,5.555555555555555,0.0,4.166666666666667,0.0,4.166666666666667,0.0,0.0,0.0,0.0,0.0,0.0,25.0,158.33333333333334,0.0,12.5,0.0,0.0,13.571428571428571,0.0,0.0,0.0,0.0,0.0,0.0
211.11111111111111,20.0,58.333333333333336,114.44444444444444,25.833333333333336,50.0,0.0,16.666666666666668,25.0,16.666666666666668,0.0,3.3333333333333335,0.0,0.0,0.0,33.333333333333336,20.833333333333332,0.0,50.0,0.0,8.333333333333334,10.0,146.66666666666666,16.666666666666668,0.0,0.0,11.11111111111111,1.8518518518518516,0.0,0.0,0.0,14.351851851851851,55.55555555555556,0.0,0.0,0.0,0.0,0.0,0.0,25.0,0.0,1.8518518518518516,0.0,0.0,0.0,0.0,0.0,0.0,0.0,0.0,0.0,0.0,0.0,0.0,0.0,25.0,0.0,0.0,0.0,0.0,0.0,0.0,0.0,0.0,0.0,0.0,0.0,6.25,0.0,0.0,0.0,0.0,0.0,0.0,0.0,0.0,0.0,0.0,0.0,0.0,0.0,0.0,0.0,0.0,0.0,0.0,0.0,3.3333333333333335,0.0,0.0,0.0,0.0,0.0,0.0,0.0,0.0,0.0,0.0,0.0,0.0,0.0,0.0,0.0,0.0,0.0,0.0,0.0,0.0,0.0,5.555555555555555,0.0,0.0,0.0,0.0,0.0,0.0,0.0,0.0,0.0,0.0,0.0,6.25,0.0,0.0,0.0,0.0,0.0,0.0,0.0,0.0,0.0,0.0,0.0,0.0,0.0,0.0,0.0,0.0,0.0,0.0,0.0,0.0,0.0,0.0,0.0,0.0,0.0,0.0,0.0,0.0,0.0,0.0,0.0,0.0,0.0,0.0,0.0,0.0,0.0,0.0,0.0,0.0,0.0,0.0,0.0,0.0,0.0,0.0,0.0,0.0,0.0,0.0,0.0,0.0,0.0,0.0,0.0,0.0,0.0,0.0,0.0,0.0,0.0,0.0,0.0,0.0,0.0,0.0,0.0,0.0,0.0,0.0,0.0,0.0,0.0,0.0,0.0,0.0,0.0,0.0,0.0,0.0,0.0,0.0,0.0,0.0,0.0,0.0,0.0,0.0,25.0,0.0,0.0,0.0,0.0,0.0,0.0,0.0,0.0,0.0,0.0,0.0,0.0,0.0,0.0,0.0,0.0,0.0,0.0,0.0,0.0,0.0,0.0,0.0,0.0,0.0,0.0,0.0,0.0,0.0,0.0,0.0,0.0,0.0,0.0,0.0,0.0,0.0,0.0
647.2916666666666,262.9861111111111,374.74747474747477,188.8498471557682,162.73809523809524,100.0,0.0,0.0,371.57738095238096,87.41071428571429,245.60606060606062,2.5,133.29545454545456,155.69078947368422,119.1504329004329,0.0,33.333333333333336,145.83333333333334,0.0,43.92857142857143,54.166666666666664,6.25,3.125,0.0,25.0,116.66666666666667,50.0,18.75,0.0,16.666666666666668,0.0,18.75,0.0,31.25,0.0,50.0,236.66666666666666,0.0,261.73160173160176,0.0,0.0,0.0,0.0,0.0,4.545454545454546,23.57142857142857,12.5,0.0,0.0,4.166666666666667,0.0,50.0,0.0,0.0,15.476190476190476,0.0,0.0,39.79166666666667,8.333333333333334,0.0,0.0,12.5,23.4375,0.0,0.0,0.0,0.0,0.0,0.0,0.0,0.0,0.0,0.0,0.0,0.0,31.25,0.0,1.3157894736842106,0.0,0.0,0.0,4.166666666666667,0.0,0.0,0.0,0.0,0.0,0.0,0.0,0.0,0.0,0.0,0.0,0.0,0.0,0.0,0.0,1.3157894736842106,0.0,0.0,0.0,0.0,0.0,12.5,0.0,0.0,0.0,0.0,0.0,7.142857142857142,0.0,0.0,0.0,0.0,0.0,0.0,10.0,0.0,0.0,358.75,0.0,0.0,0.0,0.0,0.0,0.0,43.75,0.0,0.0,0.0,0.0,0.0,40.0,0.0,0.0,0.0,0.0,0.0,0.0,0.0,0.0,0.0,0.0,0.0,0.0,0.0,0.0,0.0,12.5,12.5,0.0,16.666666666666668,0.0,0.0,0.0,0.0,0.0,0.0,0.0,0.0,0.0,0.0,0.0,0.0,0.0,0.0,0.0,0.0,0.0,0.0,0.0,25.0,0.0,6.25,0.0,0.0,0.0,0.0,0.0,41.66666666666667,0.0,0.0,0.0,0.0,0.0,0.0,0.0,0.0,0.0,4.440789473684211,0.0,0.0,0.0,0.0,0.0,0.0,0.0,0.0,0.0,0.0,0.0,0.0,0.0,0.0,0.0,0.0,0.0,0.0,0.0,0.0,0.0,0.0,0.0,0.0,0.0,0.0,0.0,0.0,0.0,0.0,0.0,0.0,0.0,0.0,0.0,0.0,0.0,0.0,0.0,0.0,0.0,0.0,0.0,0.0,0.0,0.0,0.0,0.0,0.0,0.0,0.0,0.0,0.0,0.0,0.0,0.0,0.0,12.5,0.0
3142.28354978355,460.5465367965368,498.7996031746032,594.3371212121212,504.890873015873,452.17261904761904,562.1428571428571,1333.8095238095239,314.8511904761905,333.04563492063494,323.41269841269843,202.76785714285714,3131.84613997114,441.9345238095238,680.2696608946609,234.9512987012987,1029.2261904761904,677.9464285714286,370.21915584415586,182.26190476190476,373.36309523809524,428.71031746031747,145.625,64.54545454545455,71.96428571428572,99.21626984126983,144.79166666666666,78.57142857142857,234.36598124098123,0.0,199.72222222222223,48.57142857142857,6.25,58.125,144.17748917748918,214.16666666666666,29.851190476190474,77.82738095238095,153.98809523809524,0.0,680.6746031746031,29.166666666666668,82.73809523809524,0.0,164.48863636363637,168.59126984126985,36.66666666666667,0.0,27.321428571428573,88.1628787878788,337.67857142857144,34.82142857142857,243.1547619047619,31.25,0.0,13.988095238095237,0.0,31.006493506493506,237.29166666666666,301.48809523809524,24.166666666666668,20.0,0.0,0.0,41.69642857142857,0.0,0.0,45.833333333333336,8.125,62.55952380952381,20.0,28.125,0.0,0.0,0.0,0.0,0.0,209.1765873015873,0.0,26.726190476190474,0.0,31.25,37.142857142857146,0.0,12.5,0.0,30.0,4.166666666666667,8.333333333333334,0.0,25.0,0.0,11.458333333333334,0.0,15.277777777777779,27.738095238095237,0.0,15.476190476190476,127.11309523809524,12.5,0.0,0.0,0.0,30.0,30.833333333333336,73.57142857142857,0.0,9.375,9.166666666666668,0.0,0.0,0.0,0.0,0.0,0.0,28.273809523809522,0.0,0.0,4.166666666666667,0.0,5.0,8.333333333333334,0.0,0.0,0.0,5.0,27.083333333333336,0.0,0.0,0.0,129.88095238095238,0.0,31.904761904761905,0.0,0.0,0.0,0.0,0.0,14.285714285714285,5.0,8.333333333333334,0.0,0.0,0.0,0.0,13.88888888888889,0.0,20.833333333333336,12.5,0.0,7.291666666666667,0.0,0.0,8.333333333333334,0.0,19.444444444444446,19.19642857142857,0.0,0.0,0.0,21.666666666666668,0.0,0.0,262.9166666666667,0.0,0.0,12.5,0.0,0.0,0.0,0.0,4.166666666666667,0.0,0.0,0.0,0.0,0.0,12.5,0.0,0.0,0.0,0.0,16.666666666666668,0.0,0.0,0.0,0.0,0.0,0.0,0.0,0.0,12.5,113.8888888888889,9.821428571428571,6.25,0.0,0.0,0.0,0.0,3.571428571428571,0.0,0.0,25.0,0.0,0.0,0.0,0.0,0.0,0.0,0.0,0.0,0.0,0.0,0.0,87.5,0.0,0.0,0.0,5.0,0.0,10.0,0.0,5.0,0.0,0.0,0.0,0.0,0.0,0.0,0.0,0.0,0.0,0.0,0.0,8.333333333333334,0.0,3.571428571428571,0.0,0.0,0.0,0.0,4.166666666666667,0.0,6.25,0.0,0.0,0.0,25.0,0.0
9225.861920730342,2725.522116772117,2383.6317337633127,1734.2549811299812,1113.274087024087,873.531746031746,950.0414862914863,1704.0448644492762,912.9166666666666,705.5570818070818,1056.801948051948,1206.1643217893218,4771.903836903837,866.2735181485182,1101.6747835497836,1036.4512774806892,492.8049728049728,875.5113636363636,914.7677404295051,701.5909090909091,514.9519924519924,335.8315295815296,584.7222222222222,465.7936507936508,909.9469974469974,936.1955405705406,459.3272005772006,343.0357142857143,352.7933177933178,52.85409035409035,407.3376623376623,277.5992063492063,93.57142857142857,59.98737373737374,396.5636446886447,14.583333333333334,325.4761904761905,278.859126984127,1561.626984126984,310.8901515151515,417.6388888888889,121.66666666666667,324.10714285714283,101.62698412698413,314.18498168498166,75.0,25.0,186.75595238095238,47.938311688311686,120.57692307692308,181.0515873015873,272.1794871794872,405.5819180819181,414.45887445887445,25.0,107.29166666666667,0.0,17.142857142857142,88.88888888888889,840.9469696969697,6.25,102.5,77.78711484593838,54.54545454545455,48.71212121212122,120.995670995671,47.142857142857146,102.30186480186481,49.404761904761905,72.08333333333333,1.923076923076923,228.75,455.55555555555554,12.5,129.16666666666666,119.16666666666667,139.83516483516485,780.952380952381,25.0,41.66666666666667,0.0,30.0,8.846153846153847,84.0909090909091,108.997668997669,421.8040293040293,0.0,12.5,75.0,34.065934065934066,44.44444444444444,10.0,35.25641025641026,0.0,8.333333333333334,6.25,40.0,0.0,10.1010101010101,61.111111111111114,14.583333333333334,77.6010101010101,3.385225885225885,0.0,63.704004329004334,217.5,88.5980250686133,0.0,50.77838827838828,0.0,3.385225885225885,3.385225885225885,3.385225885225885,3.385225885225885,3.385225885225885,6.25,0.0,33.85225885225885,105.01893939393939,5.0,0.0,0.0,62.5,4.545454545454546,7.142857142857142,5.0,387.3893467643468,0.0,60.0,30.0,15.476190476190476,19.047619047619047,0.0,0.0,17.857142857142854,0.0,0.0,48.333333333333336,26.25,0.0,191.66666666666666,5.555555555555555,4.545454545454546,5.0,48.333333333333336,92.53663003663003,200.6746031746032,103.125,59.285714285714285,0.0,0.0,20.833333333333336,66.66666666666667,5.0,62.083333333333336,0.0,0.0,3.125,0.0,0.0,14.285714285714285,26.442307692307693,25.0,72.5,50.0,0.0,50.0,62.5,6.904761904761905,0.0,106.54761904761905,85.41666666666667,0.0,0.0,3.125,0.0,0.0,50.0,0.0,66.66666666666667,0.0,0.0,0.0,0.0,63.33333333333333,0.0,3.518518518518518,0.0,3.125,57.361111111111114,4.166666666666667,0.0,161.78571428571428,0.0,0.0,91.66666666666667,0.0,0.0,0.0,92.85714285714286,41.66666666666667,16.25,2.5,0.0,15.0,0.0,71.66666666666667,0.0,0.0,20.833333333333336,8.333333333333334,8.333333333333334,0.0,62.5,4.166666666666667,0.0,132.20238095238096,561.5537240537241,11.923076923076923,332.0238095238095,0.0,2.5,8.333333333333334,0.0,20.0,0.0,0.0,4.166666666666667,0.0,0.0,0.0,0.0,0.0,0.0,0.0,0.0,0.0,0.0,2.7777777777777777,0.0,100.0,12.5,0.0,75.0,0.0,55.90277777777778,0.0,7.142857142857142,45.833333333333336
3334.5261544011546,1252.0337301587301,975.7061688311688,1370.3710317460318,1074.4168470418472,970.6415343915344,295.5952380952381,80.77380952380952,729.3452380952381,697.4581529581529,926.3690476190476,142.57020757020757,923.8632756132756,197.38095238095238,255.0,1339.5414862914863,467.5,378.55122655122653,486.4224664224664,206.72619047619048,156.38888888888889,87.14285714285714,259.5238095238095,314.3181818181818,73.99891774891775,211.88888888888889,163.75,60.333333333333336,22.72727272727273,255.20238095238096,36.904761904761905,70.63492063492063,293.495670995671,102.6984126984127,84.44444444444444,248.43434343434345,6.25,272.0833333333333,32.22222222222222,608.015873015873,177.021645021645,60.0,38.57142857142857,416.6071428571429,0.0,88.76984126984127,116.01190476190476,16.666666666666664,565.9386446886447,156.45833333333334,62.5,0.0,0.0,50.0959595959596,12.5,0.0,37.5,6.25,0.0,0.0,16.666666666666668,16.666666666666668,182.3989898989899,51.8452380952381,11.11111111111111,38.54166666666667,175.47619047619048,4.166666666666667,0.0,0.0,0.0,75.0,50.0,159.07738095238096,16.666666666666668,0.0,0.0,0.0,237.61904761904762,37.976190476190474,25.0,0.0,0.0,38.54166666666667,0.0,4.545454545454546,25.0,60.38690476190476,0.0,13.928571428571429,27.761243386243386,50.0,0.0,405.1525974025974,0.0,120.27777777777779,85.87301587301587,0.0,0.0,0.0,0.0,18.181818181818183,0.4273504273504274,0.0,0.0,0.0,0.0,50.0,6.410256410256411,8.333333333333334,0.4273504273504274,0.4273504273504274,0.4273504273504274,0.4273504273504274,0.4273504273504274,6.25,7.142857142857142,4.273504273504274,5.0,0.0,0.0,0.0,0.0,0.0,0.0,0.9090909090909091,0.0,226.01190476190476,25.0,0.0,50.0,216.53311965811966,0.0,0.0,0.0,0.0,0.0,21.666666666666668,10.0,10.0,2.0,0.0,0.0,87.5,6.666666666666667,0.0,0.0,0.0,0.0,2.5,12.5,0.0,0.0,0.0,0.0,22.916666666666664,0.0,5.555555555555555,0.0,0.0,0.0,0.0,0.0,25.0,0.0,25.0,16.666666666666668,0.0,0.0,2.5,0.0,0.0,0.0,0.0,0.0,0.0,0.0,0.0,0.0,0.0,8.88888888888889,0.0,0.0,0.0,0.0,0.0,0.0,0.0,8.333333333333334,0.0,75.0,0.0,0.0,0.0,0.0,0.0,0.0,0.0,35.0,0.0,0.0,0.0,0.0,0.0,0.0,0.0,0.0,0.0,0.0,0.0,0.0,0.0,0.0,0.0,0.0,0.0,0.0,0.0,0.0,0.0,0.0,0.0,0.0,29.166666666666664,0.0,5.555555555555555,0.0,0.0,0.0,0.0,0.0,0.0,0.0,0.0,0.0,0.0,0.0,0.0,0.0,14.285714285714285,0.0,0.0,0.0,0.0,0.0,0.0,0.0,0.0,0.0
10664.542684897948,3106.462698485725,2343.529791967292,4099.0724235559765,2910.642987754172,724.3122988122989,835.0098349506244,2622.121243025133,1621.688137642085,936.8794997577893,1240.7236287104708,629.5676776926776,1702.7415848040848,1376.5861433887749,594.0589083187767,394.6123321123321,1256.418278359068,246.85876623376623,535.8429972804973,1084.826394365868,4392.799471555277,246.86265854029014,358.8368807118807,885.9416278166278,994.3676900584795,189.6024346024346,287.76785714285717,147.48466810966812,575.6383477633477,81.31313131313132,481.88085428217005,1747.8532724585357,25.0,332.81045343545344,670.6328162578163,236.75414862914863,416.4441391941392,1761.2610703709774,3270.9514009382433,211.2987012987013,423.69644244644246,133.96031746031747,280.203373015873,27.73580586080586,90.71924603174604,126.58549783549783,290.3117021867022,660.0992063492064,153.9862914862915,36.94444444444444,206.88988095238096,110.31746031746032,259.04044968189703,131.44716394716394,1088.2010107339054,93.75,1.5625,102.11004273504274,149.22017797017796,0.0,474.282573542442,51.09411421911422,15.0,105.28655372405372,21.38888888888889,11.458333333333334,50.0,27.908549783549784,222.36665381402224,38.145604395604394,391.8288655788656,5.2631578947368425,79.82142857142857,5.555555555555555,159.74130036630038,109.08424908424908,50.0,28.598484848484848,62.5,34.72222222222222,252.370892995893,35.72781385281385,1336.7819193477087,11.458333333333334,63.67559523809524,151.140873015873,195.25252525252526,1.25,21.354166666666668,31.83114035087719,27.5,6.4393939393939394,12.5,25.0,4.0625,12.445887445887445,0.0,17.857142857142854,0.0,0.0,62.61904761904762,62.142857142857146,2.5029494805810595,2.272727272727273,77.83653846153847,3.571428571428571,70.55862977602108,56.02272727272727,37.54424220871589,0.0,2.5029494805810595,2.5029494805810595,2.5029494805810595,2.5029494805810595,2.5029494805810595,25.595238095238095,10.0,25.029494805810597,6.071428571428571,72.68806561085972,104.83065302144249,7.291666666666667,8.04732046992109,0.0,37.00396825396825,48.91414141414142,16.07142857142857,20.952380952380953,4.166666666666667,0.0,509.6464062253536,0.0,0.0,106.25,8.333333333333334,24.86111111111111,111.21794871794872,45.78634085213032,66.66666666666667,2.380952380952381,25.0,83.59182484182485,35.60606060606061,0.0,0.0,0.0,17.586580086580085,208.48935786435786,29.166666666666668,79.16666666666667,54.16666666666667,68.24900793650794,0.0,70.25974025974025,402.54238816738814,0.0,0.0,2.7777777777777777,0.0,0.0,15.376984126984127,113.78472222222223,41.66666666666667,64.02777777777779,0.0,52.5,0.0,10.606060606060607,165.72510822510824,3.3333333333333335,9.307359307359308,0.0,0.0,12.5,3.571428571428571,8.333333333333334,82.58928571428571,8.333333333333334,0.0,18.333333333333336,11.9017094017094,102.48196248196248,1.25,28.181818181818183,23.56043956043956,7.045454545454546,0.5,213.7064242946596,3.75,0.0,0.0,0.0,150.0,4.957264957264957,0.0,0.0,50.0,0.0,0.0,0.0,0.0,8.942307692307692,0.0,0.0,0.0,12.67361111111111,27.976190476190474,0.0,14.537037037037036,12.5,0.0,3.6931818181818183,0.0,0.0,0.0,21.428571428571427,88.63636363636364,0.0,34.77931488801054,0.0,0.0,0.0,26.38888888888889,0.0,69.55862977602108,0.0,1.0416666666666667,50.0,14.285714285714285,0.0,0.0,0.0,0.0,0.0,0.0,0.0,0.0,0.0,9.4017094017094,0.0,0.0,3.571428571428571,1.1904761904761905,0.0,5.555555555555555,0.0,5.555555555555555,1.923076923076923,0.0
8179.773646251932,2062.7937340437343,1398.6798026320084,2180.555597472267,2386.1963675535617,290.9000799924713,512.4642458990285,1465.1428932750443,948.0421539961014,586.0554249155401,687.9822820941242,329.9424247850594,2536.284612074086,742.0169315333789,1689.949781484687,212.01742701742702,1144.5126605420724,260.10353072853076,242.48735614224745,791.6198434161821,363.52301620322214,528.3980943520418,268.08651996151997,535.7427988677989,524.0193602693603,163.3862433862434,282.7711004273504,46.785714285714285,205.1946941946942,92.005772005772,70.18037518037518,385.63309375809376,5.0,271.54022999417737,306.4509795759796,314.65277777777777,41.14267676767677,49.43181818181819,4560.212966664865,110.44443029737147,101.3707729468599,68.05555555555556,399.7443181818182,23.124514374514376,126.23747176736308,136.94637244850094,10.606060606060607,84.94658119658119,24.444444444444443,26.207010582010582,162.051917989418,122.01106562519607,109.87043786966387,11.458333333333334,212.59476634476636,21.99074074074074,0.0,2.7777777777777777,9.989316239316238,44.44444444444444,219.45828111946534,324.61809511151614,15.0,110.9375,43.120196796667386,12.5,0.0,99.43452380952381,28.35648148148148,2.5,125.60592185592185,6.277056277056277,13.136724386724387,30.48076923076923,114.98737373737374,16.666666666666668,2.5,518.5224266474266,0.0,34.90896358543418,95.98617756512493,3.6616161616161618,66.12938596491227,12.5,171.1097582972583,103.85367318290659,39.44444444444444,4.027777777777778,7.484702797202797,56.120414673046255,30.729166666666668,9.84848484848485,13.88888888888889,0.0,60.83333333333333,1.1363636363636365,0.0,14.375,1.3888888888888888,4.761904761904762,40.36435786435786,10.555555555555555,5.772155462494528,19.94047619047619,67.07070707070707,7.4074074074074066,22.10042735042735,35.41666666666667,86.58233193741792,5.0,5.772155462494528,5.772155462494528,5.772155462494528,5.772155462494528,5.772155462494528,6.25,0.0,57.72155462494528,97.14285714285714,99.67524509803921,7.380952380952381,0.0,50.11777438248027,4.166666666666667,0.78125,18.055555555555557,130.0,2.2222222222222223,9.583333333333334,0.0,1.25,0.0,0.0,92.5,44.44444444444444,39.88636363636364,10.416666666666668,8.333333333333334,0.0,0.0,51.736111111111114,33.188131313131315,29.772727272727273,0.0,49.16666666666667,0.0,327.57936507936506,44.44444444444444,0.0,0.0,0.0,96.27730478156175,0.0,0.0,45.088175713175715,0.7246376811594204,0.0,0.0,0.0,0.0,3.571428571428571,44.544956140350884,15.530303030303031,180.69444444444446,5.681818181818182,0.0,18.560606060606062,0.0,2.0833333333333335,0.0,197.47280497280497,0.0,0.0,2.380952380952381,3.571428571428571,15.323565323565322,24.55357142857143,0.0,0.0,0.0,7.777777777777778,25.0,1.25,0.0,9.0,0.0,0.5,0.0,0.0,3.0303030303030303,0.0,0.0,52.358474858474864,0.0,10.555555555555555,0.0,8.333333333333332,0.0,0.0,0.0,0.0,13.301414768806072,5.555555555555555,0.0,0.0,14.0625,53.45238095238095,0.0,0.0,3.0303030303030303,0.0,3.6931818181818183,0.0,0.0,0.0,35.0,25.0,0.0,7.425213675213675,0.0,0.0,15.555555555555555,4.166666666666667,0.0,14.85042735042735,0.0,4.74537037037037,25.0,0.0,0.0,0.0,0.0,14.351851851851851,7.4074074074074066,0.0,6.944444444444445,0.0,0.0,0.0,0.0,0.0,10.714285714285714,0.0,0.0,0.0,0.0,0.0,3.125,3.125
4259.119397759104,1066.845238095238,1895.0892857142858,1196.7287342287343,1810.3472222222222,653.2043650793651,804.1369047619048,602.9166666666666,844.7619047619048,1019.5983877233878,675.5221861471862,193.61111111111111,502.5,455.0992063492064,414.24603174603175,755.8928571428571,368.40277777777777,595.9722222222223,371.5593434343434,292.05555555555554,327.1825396825397,159.95370370370372,230.6517094017094,368.41036414565826,48.333333333333336,179.67592592592592,113.0952380952381,154.93055555555557,17.61904761904762,801.2103174603175,118.88888888888889,139.16666666666666,563.5416666666666,224.36177248677248,121.30952380952381,97.5,143.0952380952381,318.75,69.79166666666667,66.25,142.87247474747474,52.22222222222223,5.625,575.515873015873,12.5,289.8611111111111,61.041666666666664,308.78357753357756,171.11111111111111,36.80555555555556,14.583333333333334,3.125,24.65277777777778,45.833333333333336,104.16666666666667,0.0,59.16666666666667,23.88888888888889,17.341269841269842,33.333333333333336,8.333333333333334,8.101851851851851,125.83333333333334,25.0,12.5,8.125,26.38888888888889,0.0,12.5,19.047619047619047,0.0,3.935185185185185,19.305555555555557,85.55555555555556,126.3888888888889,37.5,0.0,12.5,454.58333333333337,15.0,16.666666666666664,0.0,2.7777777777777777,8.125,7.142857142857142,0.0,18.75,7.738095238095238,42.291666666666664,16.666666666666664,16.666666666666664,0.0,3.3333333333333335,326.8650793650794,16.666666666666668,19.166666666666668,88.33333333333334,26.136363636363637,6.25,0.0,0.0,62.5,1.1666290698548762,0.0,0.0,5.0,0.0,3.571428571428571,17.499436047823146,12.5,1.1666290698548762,1.1666290698548762,1.1666290698548762,1.1666290698548762,1.1666290698548762,0.0,11.11111111111111,11.666290698548764,16.666666666666668,0.0,89.44444444444446,2.0833333333333335,0.0,11.11111111111111,16.666666666666668,4.444444444444445,0.0,36.80555555555556,0.0,5.555555555555555,16.666666666666664,27.63888888888889,18.75,0.0,0.0,12.5,25.0,6.0,41.666666666666664,0.0,0.0,0.0,0.0,43.611111111111114,3.3333333333333335,0.0,0.0,10.0,0.0,0.0,0.0,0.0,0.0,5.05050505050505,29.166666666666668,25.0,0.0,0.0,3.571428571428571,7.142857142857142,0.0,0.0,19.166666666666668,0.0,0.0,0.0,2.0833333333333335,0.0,0.0,0.0,0.0,0.0,7.5,0.0,0.0,8.680555555555555,0.0,0.0,29.166666666666668,12.5,0.0,0.0,0.0,0.0,0.0,0.0,0.0,0.0,0.0,0.0,0.0,0.0,0.0,0.0,1.7857142857142856,0.0,0.0,0.0,0.0,0.0,17.5,0.0,3.3333333333333335,3.571428571428571,0.0,16.666666666666668,4.861111111111111,0.0,0.0,0.0,175.0,0.0,0.0,0.0,0.0,0.0,0.0,0.0,0.0,0.0,0.0,0.0,0.0,0.0,0.0,12.5,0.0,1.25,0.0,0.0,0.0,0.0,0.0,0.0,0.0,0.0,0.0,161.11111111111111,0.0,0.0,0.0,0.0,0.0,0.0,0.0,0.0,0.0,0.0,0.0
22008.164059825052,5651.8816221546485,5932.220950345951,5942.008793869761,8280.336532548994,2460.7911141068616,1489.5215221941228,2616.5913809874723,1778.1380767137346,960.0312187812187,1582.325264153631,1593.7009842009843,3850.307928182928,1196.667926980427,1327.0359885360685,1540.5009369285685,1607.974182680065,1316.479182854183,590.1591232841233,842.7187513065996,1716.1873773050831,721.960076960077,324.154896029896,2217.2560726310726,636.5010915010915,308.29200538740014,906.6129426129426,491.5749473837709,828.3248464498465,827.6563251563251,268.37017149517146,1600.7505110630111,239.02777777777777,736.6219983719984,342.02630702630705,678.5104617604618,375.90845034595037,107.94462481962482,4933.735270615962,360.5165365322099,237.34372360731055,151.18055555555554,179.19823232323233,192.359126984127,81.77368927368927,606.6124199413505,414.17296592296594,877.2400516150516,92.84722222222223,241.48455479705478,227.63876863876862,171.72979797979798,662.5842817313405,163.07738095238096,482.7399683649684,97.69515887162946,117.93650793650794,40.20151009121597,994.9229242979243,71.0867778055278,248.05284992784993,147.43055555555554,41.269841269841265,96.80555555555556,58.297852474323065,73.67226071030419,167.6557239057239,46.98051948051948,34.816294816294814,115.87169774669775,121.38888888888889,275.34299034299033,20.97222222222222,32.94499481999482,266.6254856254856,37.5,65.76023391812866,234.59539623674686,52.74891774891775,45.5984477124183,537.1662943537943,68.73015873015873,292.275979739215,73.67226071030419,144.56529581529583,36.15244708994709,38.611111111111114,50.0,43.45692501942502,229.37229437229436,88.05318473796734,41.051226551226556,16.944444444444443,23.958333333333336,69.125,2.0,2.0,16.346153846153847,223.27616827616828,27.083333333333332,110.62626262626263,2.564102564102564,1.3340263340263339,29.063852813852815,115.4040404040404,110.0499037999038,46.70816764934412,257.67857142857144,22.093728343728344,18.434343434343436,1.3340263340263339,1.3340263340263339,1.3340263340263339,1.3340263340263339,1.3340263340263339,15.119949494949495,49.85119047619048,13.34026334026334,18.69191919191919,32.8570632798574,16.26984126984127,15.441176470588236,17.111774534375154,12.5,14.841269841269842,26.060606060606062,86.38888888888889,15.56547619047619,42.361111111111114,35.0,14.86111111111111,687.9605117105117,47.470238095238095,101.04166666666667,44.01154401154401,72.71825396825398,4.166666666666667,55.535714285714285,34.166666666666664,1.5151515151515151,147.88194444444446,70.82070707070707,72.65567765567765,0.0,44.56349206349206,43.40798090798091,28.621794871794872,59.19191919191919,2.380952380952381,85.8246151996152,20.798076923076923,3.125,25.416666666666668,1.6666666666666667,118.40802253302253,26.557971014492754,10.185185185185185,10.0,2.0,4.0,280.05781024531024,115.0,42.449945887445885,165.73232323232324,18.181818181818183,1.4285714285714286,21.346153846153847,3.0833333333333335,39.96266233766234,0.0,44.058302808302805,30.391414141414142,0.0,56.042568542568546,9.055555555555555,19.49023199023199,89.01785714285714,26.07142857142857,16.41076516076516,130.84054834054834,5.555555555555555,2.0,18.988095238095237,0.0,43.05882352941177,0.0,2.392156862745098,13.293650793650794,2.948717948717949,83.40279676463886,0.9090909090909091,0.0,15.151515151515152,2.380952380952381,5.555555555555555,13.714285714285715,2.1759259259259256,0.0,0.0,0.0,0.0,20.833333333333332,10.674603174603174,0.0,1.25,0.0,90.50595238095238,0.0,6.25,3.0303030303030303,0.0,19.166666666666668,22.5,0.0,16.0,0.0,0.0,36.666666666666664,7.425213675213675,134.41468253968253,16.666666666666668,2.5,4.212962962962963,4.545454545454546,14.85042735042735,63.58730158730159,4.74537037037037,8.11965811965812,0.0,10.224089635854341,0.0,1.25,1.8518518518518516,14.407407407407407,5.5040792540792545,22.615262321144673,34.46969696969697,0.0,0.0,0.0,53.535353535353536,10.0,6.25,3.4722222222222223,0.0,4.545454545454546,0.0,0.0,0.0
5695.551070571452,1817.5661051911052,1549.8865735529823,1435.5454451594157,2177.6335960149813,810.456563452887,442.26140644987396,1034.6742044505202,688.9947941921627,123.27572862866981,727.116059487383,250.8326196077744,1218.8796578171577,689.443494005994,237.67752264075793,561.4911061161062,480.98033208845567,325.1767360319992,496.5640378140378,226.78076553076554,787.4020770895771,223.0775012025012,143.81937506937507,680.8679283679284,313.96790709290707,235.67008427302545,386.3852813852814,269.35834590246355,506.9725066600067,257.996262996263,211.25012779618044,280.33429533429535,67.12301587301587,99.14370351870352,68.44080687830687,72.27159414659414,116.77948209198209,10.892857142857142,1285.8743851178062,185.37320318570318,184.04016876842965,25.925925925925927,8.183020683020683,18.99702380952381,30.41989124709713,102.11798435482646,146.70003607503608,233.97058823529412,60.95238095238095,31.298076923076923,54.00252525252526,32.467437533227006,172.1181596181596,106.26269563769564,52.22027972027972,23.640248640248643,13.88888888888889,183.16879743350333,99.60858585858585,100.61355311355311,39.53102453102453,34.09722222222222,25.0,39.39529220779221,44.27287581699346,21.657509157509157,6.098484848484849,48.75,11.488185017596782,11.38888888888889,12.33974358974359,366.32305194805195,16.666666666666668,15.354437229437229,5.333333333333333,11.237373737373737,101.02999887539362,278.884042009042,5.416666666666667,0.0,71.3891806722689,32.5,233.54506604506605,21.657509157509157,14.930555555555555,149.31943056943055,0.0,5.208333333333334,32.70878721859114,33.54761904761905,17.083333333333336,22.1969696969697,44.734432234432234,23.958333333333336,5.555555555555555,2.0833333333333335,0.0,5.42483660130719,30.627705627705627,2.380952380952381,35.10737628384687,4.777777777777778,0.3205128205128205,30.555555555555557,0.0,0.0,30.391456582633054,51.12599206349206,4.8076923076923075,5.555555555555555,0.3205128205128205,0.3205128205128205,0.3205128205128205,0.3205128205128205,0.3205128205128205,0.0,0.0,3.205128205128205,55.58080808080808,105.55555555555556,1.6666666666666667,4.166666666666667,0.0,0.0,33.333333333333336,4.423076923076923,30.303030303030305,36.111111111111114,29.166666666666668,0.0,4.166666666666667,27.410714285714285,0.0,30.494505494505493,65.95238095238095,32.20634920634921,0.0,13.35978835978836,0.0,0.0,15.482954545454545,84.6362448825684,0.0,0.0,0.0,50.42016806722689,80.43494152046783,130.31639194139194,1.8518518518518516,35.04689754689755,0.0,0.0,7.916666666666667,0.0,19.5,53.01587301587301,0.0,1.3888888888888888,0.0,0.0,196.32981601731603,112.62371615312792,50.77033234242313,165.55555555555557,55.55555555555556,3.571428571428571,2.0833333333333335,0.0,18.181818181818183,3.0555555555555554,1.1904761904761905,5.277777777777778,0.0,23.61111111111111,0.0,0.0,0.0,3.3333333333333335,1.3888888888888888,49.04761904761905,1.3888888888888888,17.22222222222222,17.936507936507937,0.0,28.439775910364148,0.0,1.542950513538749,0.0,5.448717948717949,12.179487179487179,0.0,0.0,35.11904761904762,0.0,0.0,0.0,35.239651416122,0.0,0.0,0.0,1.6666666666666667,0.0,2.0833333333333335,0.0,0.0,2.380952380952381,139.13881257631257,0.0,10.416666666666668,6.369047619047619,0.0,2.272727272727273,0.0,0.0,0.0,0.0,72.1285332314744,12.91208791208791,0.0,30.0,0.0,0.0,0.0,0.0,0.0,0.0,0.0,4.910714285714286,0.0,1.6666666666666667,0.0,0.0,1.6666666666666667,0.0,5.555555555555555,1.3888888888888888,1.1363636363636365,0.0,0.0,0.0,4.70494417862839,0.0,4.464285714285714,0.0,2.7777777777777777,0.0,2.7777777777777777,0.0,2.0833333333333335
12792.485223110223,8043.558208878008,3299.8300718888954,5834.5483438130495,8126.764436543848,4523.932834252634,3306.38447982928,10295.989710772319,7662.501349071149,2528.277417027417,5879.033189033189,3293.2689532689533,2079.4617640813294,3085.686181325781,3535.3841487427417,1607.5076312576314,4398.666342926632,1434.945101555224,1991.8235930735932,1601.7032967032967,4438.230588855589,3663.855928245528,1573.9628427128428,2371.814574314574,5495.078948828949,892.1775470561704,677.1248196248196,1167.0466570466572,2509.60372960373,545.5344655344655,1154.363906448412,4540.549543049543,190.32828282828282,1334.7446997446998,2223.038173357973,3451.905871905872,2867.35014985015,1359.0231990231991,4924.342951772939,1140.7449494949494,2453.761339081139,809.1341528841529,964.6987734487735,4295.354090354091,431.4520202020202,908.4541847041847,465.0595238095238,3350.09213009213,630.4852092352093,612.4603174603175,460.9661172161172,902.063492063492,456.69011544011545,963.9718614718615,1624.0715983363043,178.96825396825398,150.0,312.54329004329,705.5952380952381,0.0,489.1468253968254,360.94627594627593,194.36868686868686,1005.5393217893218,550.4532967032967,529.6952353202353,293.98809523809524,201.07142857142858,626.0119047619048,441.2012987012987,247.22222222222223,595.3937728937728,571.8348318348318,78.05555555555556,114.28571428571428,205.05952380952382,182.75058275058274,63.39285714285714,212.5,660.5357142857143,1181.5133477633478,813.1150793650794,477.77777777777777,529.6952353202353,281.4935064935065,1039.0313852813854,398.47222222222223,165.9920634920635,170.59398934398934,381.21031746031747,1157.9484404484404,292.9834054834055,162.5,780.0,342.82106782106786,139.59415584415584,4.545454545454546,225.36796536796538,150.07936507936506,16.666666666666668,164.60372960372962,187.87393162393164,7.698186801602361,102.52525252525253,392.7189092887091,685.7936507936508,83.6118953510258,647.5534188034188,121.02835757959097,230.0,7.698186801602361,7.698186801602361,7.698186801602361,7.698186801602361,7.698186801602361,80.28846153846155,60.535714285714285,76.98186801602361,335.8910533910534,193.57683982683983,274.64285714285717,124.40476190476191,535.7738095238095,125.0,399.83516483516485,27.976190476190474,79.16666666666667,40.47619047619048,56.21212121212122,200.0,204.73026973026973,221.42857142857144,347.3809523809524,278.3333333333333,63.29365079365079,7.142857142857142,71.48809523809524,405.6854256854257,41.66666666666667,115.47619047619048,54.54545454545455,71.5909090909091,65.55555555555556,16.666666666666668,50.833333333333336,198.75776397515529,613.0703868495859,198.39826839826839,34.08949745906268,0.0,95.75396825396825,62.5,238.05555555555554,19.841269841269842,104.64285714285714,150.0,295.42717086834733,101.10805860805861,8.333333333333334,16.666666666666668,272.5468975468976,7.142857142857142,53.333333333333336,88.88888888888889,142.5,56.86507936507937,0.0,33.333333333333336,66.66666666666667,36.66666666666667,32.5,10.0,55.0,254.16666666666669,0.0,47.420634920634924,976.25,43.91233766233766,276.0416666666667,63.333333333333336,39.92063492063492,139.72222222222223,56.25,50.678733031674206,165.75381140598532,12.669683257918551,15.458545078110296,155.63242313242313,17.142857142857142,10.0,50.0,93.41450216450217,83.80952380952381,68.75,0.0,5.555555555555555,221.66666666666669,215.13888888888889,12.5,50.0,5.555555555555555,10.0,50.0,7.142857142857142,0.0,90.11904761904762,46.59090909090909,46.30952380952381,126.78571428571429,50.0,0.0,14.545454545454547,67.55952380952381,18.055555555555557,154.54545454545456,16.666666666666668,239.88095238095238,50.0,7.142857142857142,3.571428571428571,0.0,5.0,106.25,4.545454545454546,14.285714285714285,0.0,6.25,133.71031746031747,25.0,0.0,16.666666666666668,0.0,0.0,0.0,0.0,0.0,69.8934398934399,0.0,58.333333333333336,6.25,12.5,53.84615384615385,0.0,0.0,23.80952380952381,5.555555555555555,23.80952380952381,25.0,16.666666666666668
3315.8252164502164,175.0,287.5,812.689393939394,1225.189393939394,95.83333333333333,358.3333333333333,75.83333333333334,57.5,150.83333333333334,445.9935897435897,78.125,75.0,77.27272727272728,108.52272727272728,25.0,56.25,75.0,83.33333333333334,62.5,16.666666666666668,25.0,125.0,248.75,200.18939393939394,319.61309523809524,25.0,37.5,12.5,0.0,137.5,62.5,125.0,81.25,0.0,37.5,37.5,25.0,159.375,116.85606060606061,136.25,51.48809523809524,0.0,0.0,21.428571428571427,25.0,0.0,37.5,0.0,12.5,0.0,260.6060606060606,0.0,0.0,50.0,0.0,0.0,0.0,0.0,0.0,0.0,0.0,0.0,0.0,0.0,0.0,0.0,0.0,142.08333333333334,75.0,0.0,12.5,0.0,0.0,0.0,0.0,0.0,0.0,0.0,92.04545454545455,25.0,0.0,6.25,0.0,0.0,0.0,0.0,0.0,50.0,0.0,14.583333333333334,6.25,75.0,0.0,0.0,8.333333333333334,0.0,8.333333333333334,25.0,68.75,50.0,0.0,0.0,87.5,0.0,0.0,0.0,258.6904761904762,0.0,0.0,0.0,0.0,0.0,0.0,0.0,12.5,1.923076923076923,0.0,0.0,0.0,0.0,0.0,0.0,0.0,0.0,0.0,0.0,0.0,0.0,0.0,0.0,0.0,0.0,0.0,0.0,0.0,0.0,0.0,0.0,0.0,0.0,0.0,0.0,0.0,0.0,0.0,0.0,0.0,0.0,0.0,0.0,0.0,95.0,0.0,0.0,0.0,0.0,0.0,6.25,12.5,0.0,0.0,0.0,0.0,0.0,0.0,0.0,0.0,0.0,0.0,0.0,50.0,0.0,0.0,0.0,0.0,0.0,0.0,0.0,0.0,0.0,0.0,0.0,0.0,0.0,0.0,0.0,0.0,0.0,0.0,0.0,0.0,0.0,0.0,0.0,0.0,0.0,0.0,0.0,0.0,0.0,75.0,0.0,0.0,0.0,0.0,0.0,12.5,0.0,0.0,0.0,0.0,0.0,0.0,0.0,0.0,0.0,0.0,0.0,0.0,0.0,0.0,0.0,0.0,0.0,0.0,0.0,0.0,0.0,0.0,0.0,0.0,0.0,0.0,0.0,0.0,0.0,0.0,0.0,0.0,0.0,0.0,0.0,0.0,0.0,25.0,0.0,0.0,0.0
825.0,216.66666666666669,766.6666666666666,604.1666666666667,350.0,0.0,250.0,458.3333333333333,291.6666666666667,425.0,241.66666666666666,25.0,50.0,383.3333333333333,0.0,50.0,25.0,58.333333333333336,191.66666666666666,50.0,0.0,75.0,100.0,0.0,75.0,25.0,50.0,25.0,100.0,50.0,100.0,0.0,0.0,50.0,141.66666666666666,0.0,0.0,333.3333333333333,0.0,79.16666666666667,0.0,0.0,0.0,0.0,0.0,0.0,0.0,0.0,0.0,0.0,0.0,187.5,0.0,50.0,0.0,50.0,0.0,0.0,50.0,25.0,0.0,225.0,0.0,50.0,0.0,0.0,0.0,50.0,0.0,0.0,0.0,0.0,0.0,0.0,0.0,0.0,50.0,0.0,0.0,25.0,0.0,0.0,0.0,0.0,0.0,0.0,0.0,0.0,100.0,0.0,0.0,0.0,0.0,0.0,0.0,0.0,50.0,0.0,0.0,25.0,0.0,0.0,0.0,66.66666666666667,108.33333333333334,0.0,0.0,0.0,0.0,0.0,0.0,0.0,0.0,0.0,0.0,0.0,0.0,0.0,0.0,0.0,0.0,0.0,25.0,62.5,0.0,0.0,0.0,0.0,0.0,0.0,0.0,0.0,0.0,50.0,0.0,25.0,0.0,0.0,0.0,0.0,0.0,0.0,0.0,0.0,0.0,0.0,0.0,0.0,50.0,0.0,0.0,0.0,0.0,0.0,0.0,0.0,0.0,0.0,0.0,0.0,0.0,0.0,0.0,0.0,0.0,0.0,0.0,0.0,0.0,0.0,0.0,0.0,0.0,0.0,0.0,0.0,0.0,0.0,50.0,0.0,0.0,0.0,0.0,0.0,0.0,0.0,0.0,0.0,0.0,0.0,0.0,0.0,0.0,0.0,0.0,0.0,0.0,0.0,0.0,0.0,0.0,0.0,0.0,0.0,0.0,50.0,0.0,0.0,33.333333333333336,0.0,0.0,0.0,0.0,0.0,0.0,0.0,0.0,0.0,0.0,0.0,0.0,0.0,0.0,0.0,0.0,0.0,0.0,0.0,0.0,0.0,0.0,0.0,0.0,0.0,0.0,0.0,0.0,0.0,0.0,0.0,0.0,0.0,0.0,0.0,0.0,0.0,0.0,0.0,0.0
3068.838511026011,1016.0921717171717,939.8486351611352,997.1357346357347,1100.9325396825398,598.4920634920635,861.4777236652237,419.8611111111111,803.9484126984128,138.4457671957672,1169.6351911976913,497.77777777777777,217.1031746031746,819.1414141414142,221.10780423280423,570.1993145743146,172.24867724867727,485.67975053269174,623.4310134310134,413.0393217893218,206.40376984126985,406.72466422466425,177.40079365079364,949.4467433438022,172.43055555555557,107.19246031746032,203.1818181818182,394.3047924297924,629.6924603174604,119.44444444444444,199.0327380952381,727.8987794612794,72.91666666666667,367.9166666666667,466.0548941798942,206.13546176046177,561.2197871572872,61.343795093795094,173.82395382395381,133.1835063085063,299.64781746031747,177.12301587301587,16.666666666666668,33.96915584415584,175.41666666666666,115.92261904761905,27.314814814814813,893.588147963148,81.8543956043956,76.52777777777779,35.0,71.66666666666667,43.691378066378064,91.96428571428572,336.6798941798942,0.0,59.13919413919414,287.8545991045991,139.40972222222223,0.0,952.8571428571429,5.555555555555555,0.0,0.0,23.80952380952381,16.25,9.21474358974359,0.0,50.198412698412696,9.583333333333334,18.40277777777778,217.14015151515153,63.650793650793645,0.0,5.555555555555555,8.333333333333334,30.0,0.0,0.0,25.0,241.9070512820513,27.22222222222222,44.20634920634921,16.25,2.0833333333333335,88.54166666666667,80.0,21.166564916564916,61.458333333333336,66.09126984126985,13.055555555555557,155.11904761904762,0.0,0.0,283.93278018278016,8.333333333333334,0.0,4.166666666666667,3.125,0.0,51.382575757575765,73.29094516594517,0.35714285714285715,10.871212121212121,89.83886483886485,190.83028083028083,1.5873015873015872,97.37554112554112,5.357142857142858,0.0,0.35714285714285715,0.35714285714285715,0.35714285714285715,0.35714285714285715,0.35714285714285715,33.333333333333336,32.87037037037037,3.5714285714285716,0.0,0.0,187.38095238095238,3.6458333333333335,0.0,8.333333333333334,91.66666666666667,2.7777777777777777,0.0,0.0,12.738095238095237,0.0,0.0,0.0,21.48809523809524,0.0,73.0026455026455,0.0,5.729166666666667,218.8413900913901,0.0,21.69642857142857,10.795454545454547,0.0,85.71428571428571,0.0,0.0,28.40909090909091,0.0,0.0,0.0,72.22222222222223,0.0,0.0,14.583333333333334,6.696428571428571,45.0,0.0,5.416666666666667,8.333333333333334,2.380952380952381,4.761904761904762,52.361111111111114,5.555555555555555,0.0,8.333333333333334,16.666666666666668,0.0,25.0,2.0833333333333335,4.166666666666667,8.333333333333334,0.0,0.0,3.571428571428571,0.0,0.0,7.638888888888889,110.41666666666667,6.25,27.77777777777778,0.0,2.7777777777777777,0.0,0.0,0.0,14.285714285714285,0.0,0.7936507936507936,0.0,8.333333333333334,0.0,0.0,3.3333333333333335,0.0,0.0,0.0,0.0,2.7777777777777777,30.674603174603178,0.0,0.0,0.0,12.5,0.0,0.0,0.0,26.666666666666668,0.0,0.0,1.7857142857142856,13.333333333333334,0.0,15.416666666666668,23.88888888888889,6.25,0.0,0.0,25.0,0.0,0.0,0.0,0.0,0.0,0.0,0.0,0.0,0.0,0.0,11.805555555555555,0.0,4.166666666666667,5.0,0.0,0.0,2.7777777777777777,0.0,5.555555555555555,0.0,0.0,0.0,16.666666666666668,0.0,0.0,0.0,8.333333333333334,0.0,0.0,0.0,0.0,0.0
2794.6258398464283,682.8860722610723,324.09722222222223,329.24603174603175,268.50198412698415,284.6909340659341,533.0808080808081,105.83333333333334,279.14772727272725,578.7103174603175,192.15307744719507,409.1427934810288,1425.278944911298,25.0,419.0530303030303,19.375,586.1079545454545,125.80357142857143,51.07142857142857,177.28021978021977,1.2570710245128849,19.583333333333336,420.5952380952381,0.0,164.19642857142858,100.0,204.6626984126984,177.91666666666669,0.0,3.125,243.67572786690434,158.0952380952381,0.0,25.0,38.381410256410255,0.0,10.555555555555555,156.2797619047619,153.02308802308804,18.75,0.0,33.333333333333336,598.8095238095239,5.397727272727273,125.83333333333334,31.25,16.666666666666668,4.166666666666667,4.166666666666667,67.61437908496731,213.07692307692307,58.91472868217055,91.25,0.0,2.923737691179552,0.0,0.0,0.0,0.0,211.52777777777777,0.0,0.0,0.0,14.285714285714285,4.545454545454546,0.0,0.0,242.8125,21.666666666666668,2.7777777777777777,0.0,5.0,0.0,0.0,121.80555555555556,0.0,0.0,291.4411976911977,0.0,0.0,0.0,0.0,8.333333333333334,0.0,25.0,0.0,0.0,0.0,0.0,0.0,7.738095238095238,2.7777777777777777,103.33333333333333,0.0,0.0,0.0,0.0,0.0,0.0,50.0,0.0,0.0,0.7352941176470588,0.0,0.0,0.0,10.714285714285714,0.0,11.029411764705882,0.0,0.7352941176470588,0.7352941176470588,0.7352941176470588,0.7352941176470588,0.7352941176470588,0.0,0.0,7.352941176470588,0.0,0.0,0.0,0.0,0.0,0.0,0.0,0.0,97.91666666666667,0.0,3.125,0.0,0.0,0.0,12.5,0.0,0.0,0.0,0.0,0.0,0.0,0.0,0.0,0.0,0.0,0.0,16.666666666666668,0.0,72.5,4.166666666666667,0.0,10.0,0.0,0.0,162.5,0.0,0.0,0.0,0.0,0.0,0.0,0.0,0.0,0.0,0.0,50.0,0.0,0.0,0.0,0.0,0.0,0.0,111.17424242424244,0.0,0.0,0.0,2.5,0.0,0.0,0.0,0.0,13.571428571428571,0.0,0.0,61.111111111111114,0.0,0.0,0.0,0.0,0.0,0.0,15.0,22.5,0.0,0.0,0.0,0.0,0.0,27.22222222222222,0.0,0.0,0.0,0.0,5.0,0.0,0.0,0.0,0.0,0.0,0.0,0.0,0.0,0.0,0.0,0.0,0.0,0.0,0.0,0.0,0.0,0.0,0.0,101.54410224177667,30.555555555555557,2.7777777777777777,0.0,0.0,0.0,0.0,0.0,0.0,0.0,0.0,9.166666666666668,0.0,0.0,2.7777777777777777,0.0,0.0,0.0,0.0,0.0,0.0,5.0,0.0,0.0,0.0,0.0,0.0,0.0,0.0
6836.631053450907,1827.993670273082,2343.5628301437127,2125.0379481629484,955.3603504338798,854.6727577977578,519.0691137566138,382.6010101010101,1306.7890300059419,435.1700036075036,383.3404327154327,196.4520202020202,3145.3279733610616,367.8080253080253,280.54410866910865,139.968487394958,183.6118222055722,264.0729062604062,297.9912968975469,89.60317460317461,332.26190476190476,88.7202380952381,91.62097162097162,277.7614283864284,119.64285714285714,134.62962962962962,642.3412698412699,64.7387566137566,0.0,192.5859325859326,92.24358974358974,12.5,37.5,45.39172632922633,25.978835978835978,2.6785714285714284,75.0,183.22916666666666,259.04945497336803,18.116883116883116,94.61309523809524,2.5,97.46753246753246,0.0,84.31623931623932,68.38789682539682,56.99300699300699,16.666666666666668,13.61111111111111,16.633597883597883,298.45238095238096,471.15043045190106,145.5302567802568,47.22222222222222,0.0,35.02044252044252,0.0,0.0,0.0,162.95439514189513,0.0,7.291666666666667,24.12358882947118,135.71428571428572,4.166666666666667,56.44927536231884,0.0,41.29719817219817,0.0,3.571428571428571,46.00529100529101,3.835227272727273,0.0,0.0,31.313131313131315,50.0,0.0,333.17933224183224,7.142857142857142,3.571428571428571,50.0,0.0,32.22222222222222,26.44927536231884,93.33333333333333,11.11111111111111,8.928571428571427,0.0,0.0,0.0,30.013736263736263,16.666666666666668,464.58333333333337,0.0,0.0,0.0,0.0,0.0,0.0,7.083333333333334,16.666666666666668,0.0,0.7142857142857143,0.0,0.0,35.71428571428571,3.125,0.0,10.714285714285715,0.0,0.7142857142857143,0.7142857142857143,0.7142857142857143,0.7142857142857143,0.7142857142857143,5.0,0.0,7.142857142857143,0.0,0.0,0.0,0.0,0.0,0.0,1.8518518518518516,0.0,116.00961538461539,0.0,4.166666666666667,8.333333333333334,0.0,0.0,6.25,39.88095238095238,1.1363636363636365,0.0,0.0,0.0,0.0,0.0,34.895833333333336,19.35185185185185,0.0,0.0,11.210317460317459,0.0,300.23478835978835,0.0,12.6010101010101,0.0,6.346153846153846,14.510582010582011,99.31637806637806,0.0,0.0,0.0,22.5,0.0,10.606060606060607,21.212121212121215,0.0,25.0,63.54166666666667,260.91750841750843,0.0,0.0,0.0,54.26136363636364,10.0,0.0,103.8045634920635,12.765151515151516,0.0,3.3333333333333335,0.0,0.0,0.0,12.599206349206348,0.0,39.285714285714285,0.0,0.0,46.14267676767677,0.0,28.125000000000004,0.0,1.5625,0.0,0.0,55.55555555555556,0.0,0.0,5.0,0.0,0.0,100.29987373737373,1.1904761904761905,0.0,0.0,54.85299422799423,0.0,105.11904761904762,12.5,0.0,0.0,0.0,97.34848484848484,0.0,0.0,0.0,0.0,3.125,0.0,6.25,0.0,8.571428571428571,0.0,12.5,0.0,1.3888888888888888,0.0,0.0,0.0,0.0,0.0,0.0,0.0,0.0,11.11111111111111,0.0,0.0,1.7857142857142856,0.0,27.272727272727273,0.0,0.0,0.0,0.0,32.54329004329004,0.0,0.0,3.3333333333333335,0.0,12.962962962962962,0.0,0.0,0.0,20.13888888888889,14.0625
17611.014099239128,3504.781327060739,4792.022566735716,4722.898832405412,2567.6674086857056,1801.8698267172106,1021.000156641604,837.6452020202021,2818.4366416535536,1165.6449453324453,1334.157011969512,446.2391774891775,7518.8861166067045,296.254270854944,748.0779024896672,1185.593487394958,1132.5363756613756,686.2148615273616,409.4273088023088,372.7223470973471,579.91341991342,330.15507518796994,184.86201298701297,373.9329651829652,313.6904761904762,217.5,1354.857017982018,160.7804232804233,139.16666666666666,264.48573417323416,197.80175599254545,40.625,72.43589743589743,99.59807553557553,54.788359788359784,94.16666666666667,59.07738095238095,464.7172619047619,402.08355974344346,241.34920634920636,357.7586996336996,54.16666666666667,404.55086580086584,0.0,310.90621184371184,122.06349206349206,241.6194916194916,43.333333333333336,78.19444444444444,162.82407407407408,613.0357142857143,938.2935650950357,359.4362119362119,499.4642857142857,13.782051282051281,74.46275946275946,17.708333333333332,25.694444444444443,19.633838383838384,222.05367549117548,47.14285714285714,12.445887445887447,127.14126559714795,289.8809523809524,27.480158730158728,135.9637644963732,0.0,140.05254005254005,0.9803921568627451,30.303030303030305,80.03306878306879,3.835227272727273,0.0,0.0,27.77777777777778,25.0,0.0,681.1816771191772,0.0,5.555555555555555,35.71428571428571,20.833333333333336,29.444444444444443,133.6910372236459,9.679487179487179,11.11111111111111,5.555555555555555,0.0,7.142857142857142,50.89285714285714,120.63873626373626,16.666666666666668,564.5833333333334,2.5,0.0,0.0,0.0,2.7777777777777777,0.0,87.53205128205128,0.0,0.0,6.563420062650133,0.0,0.0,0.0,30.425579322638146,0.0,98.451300939752,3.125,6.563420062650133,6.563420062650133,6.563420062650133,6.563420062650133,6.563420062650133,5.0,0.0,65.63420062650133,0.0,0.0,0.0,0.0,30.555555555555557,0.0,1.8518518518518516,2.272727272727273,220.73183760683762,0.0,40.32828282828283,9.496124031007753,0.0,0.0,36.25,66.54761904761905,1.1363636363636365,0.0,0.0,0.0,45.09157509157509,0.0,84.89583333333334,42.5,0.0,0.0,33.88888888888889,50.0,864.0443121693122,0.0,53.93190143190144,6.25,2.5,54.53907203907204,328.6000014197689,0.0,0.0,0.0,22.5,0.0,17.748917748917748,35.497835497835496,0.0,25.0,163.54166666666669,310.91750841750843,0.0,19.36026936026936,6.25,40.625,10.0,0.0,371.78539393612925,12.765151515151516,5.555555555555555,3.3333333333333335,0.0,0.0,0.0,15.817307692307692,0.0,69.28571428571429,0.0,5.0,158.57142857142858,0.0,18.75,0.0,1.0416666666666667,0.0,0.0,87.6984126984127,18.75,2.380952380952381,21.666666666666668,32.5,7.142857142857142,429.2645202020202,0.0,8.333333333333334,16.666666666666668,302.6587301587302,16.666666666666668,123.87673492018656,32.29166666666667,16.666666666666668,6.25,0.0,247.34848484848487,0.0,4.545454545454546,0.0,0.0,4.910714285714286,0.0,6.25,0.0,250.995670995671,0.0,162.5,0.0,1.3888888888888888,65.0,75.47619047619048,0.0,0.0,0.0,0.0,37.5,0.0,32.986111111111114,0.0,0.0,1.7857142857142856,0.0,2.272727272727273,100.0,0.0,0.0,0.0,232.54329004329006,0.0,20.0,3.3333333333333335,0.0,67.93650793650794,7.341269841269841,0.0,7.341269841269841,14.583333333333334,1.5625
665.623184998185,398.03724053724056,12.5,579.1307997557998,254.84234234234233,80.12820512820512,62.5,66.96428571428571,75.0,69.79166666666667,22.58043758043758,0.0,236.07142857142858,18.818681318681318,0.0,92.94871794871796,12.5,236.25,230.46626984126985,0.0,52.77777777777777,15.376984126984127,17.251984126984127,25.0,25.0,0.0,317.9777167277167,0.0,0.0,69.30555555555556,0.0,1.923076923076923,60.416666666666664,0.0,0.0,0.0,15.863095238095237,0.0,13.88888888888889,23.958333333333336,0.0,8.333333333333334,0.0,0.0,2.380952380952381,5.555555555555555,0.0,5.0,0.0,0.0,0.0,15.384615384615383,0.0,0.0,0.0,0.0,9.027777777777779,12.5,0.0,0.0,0.0,0.0,112.5,0.0,14.583333333333334,0.0,0.0,0.0,8.333333333333332,0.0,0.0,0.0,0.0,0.0,0.0,4.166666666666667,0.0,22.916666666666668,0.0,0.0,0.0,0.0,14.583333333333332,0.0,0.0,0.0,4.166666666666667,0.0,0.0,0.0,0.0,0.0,0.0,0.0,0.0,0.0,0.0,0.0,0.0,12.5,0.0,0.0,0.6756756756756757,0.0,0.0,0.0,0.0,0.0,10.135135135135135,0.0,0.6756756756756757,0.6756756756756757,0.6756756756756757,0.6756756756756757,0.6756756756756757,0.0,0.0,6.756756756756756,0.0,36.25,0.0,6.25,3.571428571428571,0.0,11.25,0.0,0.0,0.0,0.0,0.0,0.0,0.0,0.0,0.0,0.0,0.0,6.25,0.0,0.0,0.0,0.0,0.0,0.0,0.0,41.66666666666667,0.0,10.416666666666668,0.0,0.0,0.0,0.0,0.0,0.0,0.0,0.0,0.0,0.0,0.0,0.0,0.0,0.0,0.0,0.0,0.0,0.0,0.0,0.0,0.0,0.0,0.0,0.0,0.0,0.0,0.0,0.0,0.0,0.0,0.0,0.0,0.0,0.0,0.0,1.282051282051282,0.0,0.0,0.0,0.0,0.0,0.0,0.0,0.0,0.0,0.0,0.0,0.0,0.0,0.0,3.125,0.0,6.25,0.0,5.555555555555555,0.0,0.0,0.0,0.0,0.0,0.0,0.0,0.0,0.0,0.0,0.0,0.0,0.0,20.833333333333336,0.0,0.0,0.0,0.0,0.0,0.0,0.0,0.0,0.0,0.0,0.0,0.0,0.0,0.0,0.0,0.0,0.0,0.0,0.0,0.0,0.0,0.0,0.0,0.0,0.0,0.0,0.0,0.0,0.0,0.0,0.0,0.0,11.11111111111111
799.0785603285603,149.18650793650795,120.83333333333333,112.6461038961039,327.4007936507937,57.886904761904766,44.285714285714285,102.5937950937951,165.9589947089947,7.142857142857143,9.195804195804197,0.0,97.14285714285714,41.11111111111111,87.3015873015873,132.56410256410257,29.166666666666664,162.15340215340217,31.666666666666664,67.77777777777777,67.22222222222223,0.0,26.11111111111111,80.83333333333333,0.0,0.0,81.34920634920636,0.0,1.282051282051282,132.61904761904762,27.77777777777778,4.861111111111111,19.047619047619047,3.3333333333333335,0.0,16.666666666666668,0.0,15.238095238095237,6.190476190476191,6.111111111111111,0.0,0.0,18.75,7.142857142857142,0.0,0.0,0.0,0.0,0.0,0.0,0.0,0.0,5.555555555555555,47.61904761904762,0.0,0.0,2.7777777777777777,0.0,0.0,33.333333333333336,0.0,3.125,0.0,4.166666666666667,2.380952380952381,0.0,0.0,0.0,0.9803921568627451,0.0,6.944444444444445,0.0,0.0,0.0,0.0,0.0,0.0,1.282051282051282,0.0,3.571428571428571,0.0,0.0,0.0,0.0,0.0,0.0,0.0,0.0,0.0,0.0,0.0,0.0,0.0,8.333333333333334,0.0,0.0,0.0,0.0,0.0,6.698717948717949,0.0,0.0,0.0,0.0,0.0,0.0,45.00891265597148,0.0,0.0,0.0,0.0,0.0,0.0,0.0,0.0,25.0,0.0,0.0,25.0,0.0,0.0,0.0,0.0,0.0,0.0,0.0,0.0,0.0,0.0,0.0,0.0,0.0,0.0,0.0,0.0,0.0,0.0,0.0,0.0,0.0,0.0,2.7777777777777777,0.0,8.333333333333334,0.0,0.0,28.47222222222222,0.0,0.0,0.0,0.0,0.0,0.0,12.5,2.7777777777777777,0.0,0.0,0.0,2.5,5.0,0.0,0.0,0.0,1.3888888888888888,0.0,14.814814814814813,0.0,0.0,0.0,0.0,1.1904761904761905,0.0,0.0,0.0,0.0,0.0,0.0,0.0,0.0,0.0,0.0,0.0,0.0,0.0,0.0,0.0,0.0,0.0,0.0,0.0,8.333333333333334,2.380952380952381,0.0,0.0,0.0,0.0,0.0,0.0,0.0,8.333333333333334,0.0,0.0,7.142857142857142,16.666666666666668,0.0,0.0,0.0,0.0,0.0,0.0,0.0,0.0,0.0,0.0,0.0,0.0,0.0,16.666666666666668,0.0,0.0,0.0,0.0,0.0,0.0,0.0,0.0,0.0,0.0,0.0,0.0,0.0,0.0,0.0,0.0,0.0,0.0,0.0,0.0,0.0,0.0,0.0,0.0,27.5,0.0,0.0,0.0,0.0,0.0,12.5
2453.1959706959706,620.958485958486,308.33333333333337,1092.5892857142858,944.1964285714286,51.38888888888889,100.0,177.5,76.38888888888889,258.8095238095238,487.0833333333333,165.13888888888889,78.33333333333334,0.0,62.698412698412696,10.0,0.0,0.0,0.0,25.0,2.7777777777777777,14.910714285714285,0.0,0.0,0.0,5.0,46.34920634920635,0.0,10.0,243.75,3.125,60.714285714285715,0.0,25.0,0.0,0.0,43.75,0.0,0.0,10.0,0.0,62.5,0.0,5.555555555555555,10.0,0.0,66.66666666666667,0.0,0.0,0.0,0.0,0.0,0.0,0.0,0.0,0.0,75.0,0.0,0.0,4.166666666666667,50.0,0.0,60.0,0.0,50.0,0.0,29.166666666666668,0.0,0.0,0.0,0.0,0.0,0.0,12.5,0.0,12.5,0.0,21.428571428571427,64.58333333333333,0.0,0.0,0.0,0.0,0.0,2.7777777777777777,0.0,0.0,0.0,0.0,0.0,0.0,0.0,0.0,155.55555555555554,16.666666666666668,0.0,0.0,0.0,0.0,0.0,12.5,0.0,0.0,0.0,0.0,0.0,0.0,8.333333333333334,0.0,0.0,0.0,0.0,0.0,0.0,0.0,0.0,7.142857142857142,0.0,15.0,0.0,0.0,0.0,0.0,0.0,0.0,0.0,0.0,0.0,15.476190476190476,0.0,0.0,115.29761904761905,0.0,7.5,0.0,0.0,0.0,0.0,141.66666666666666,0.0,0.0,0.0,0.0,40.309829059829056,0.0,0.0,28.57142857142857,0.0,12.5,0.0,0.0,0.0,0.0,0.0,0.0,0.0,0.0,20.833333333333336,0.0,0.0,0.0,0.0,0.0,0.0,0.0,0.0,0.0,0.0,33.333333333333336,0.0,0.0,0.0,0.0,0.0,0.0,0.0,0.0,0.0,0.0,0.0,0.0,0.0,0.0,0.0,0.0,0.0,0.0,0.0,0.0,0.0,0.0,0.0,0.0,0.0,0.0,0.0,0.0,0.0,0.0,0.0,0.0,0.0,0.0,0.0,0.0,0.0,5.555555555555555,0.0,0.0,0.0,0.0,15.555555555555555,0.0,0.0,0.0,0.0,0.0,0.0,0.0,0.0,0.0,0.0,0.0,0.0,0.0,2.5,0.0,0.0,0.0,0.0,75.0,0.0,0.0,0.0,0.0,0.0,0.0,0.0,0.0,0.0,0.0,0.0,0.0,0.0,0.0,0.0,0.0,0.0,0.0
4200.330710955711,997.9227716727717,1092.8030303030303,403.42261904761904,1605.6784881784881,530.5555555555555,1791.6666666666667,337.8679653679654,432.22222222222223,1074.4318181818182,214.58333333333334,1314.1086691086691,382.73809523809524,97.61904761904762,593.6363636363636,562.5,506.6666666666667,346.6666666666667,2767.7380952380954,40.0,61.111111111111114,1039.9900793650793,801.7505411255412,93.33333333333334,685.7575757575758,98.80952380952381,104.68253968253968,112.5,0.8333333333333334,941.33658008658,520.0,0.0,101.66666666666666,0.0,970.0,56.66666666666667,0.0,79.30555555555556,6.25,72.5,136.66666666666666,0.0,0.0,421.984126984127,0.0,19.791666666666668,105.0,425.83333333333337,806.1904761904761,97.5,16.666666666666668,0.0,42.5,6.25,699.6428571428571,12.5,0.0,32.14285714285714,4.696969696969697,4.166666666666667,183.33333333333334,3.3333333333333335,25.0,0.0,37.5,3.125,75.0,0.0,12.5,0.0,0.0,0.0,105.0,74.16666666666667,0.0,12.5,0.0,0.0,598.5416666666666,16.666666666666668,0.0,204.16666666666666,12.5,3.125,2.7777777777777777,0.0,150.0,82.14285714285714,0.0,0.0,0.0,0.0,0.0,1206.5277777777778,16.666666666666668,0.0,112.5,8.333333333333334,0.0,12.5,0.0,0.0,0.0,0.0,12.5,0.0,0.0,20.833333333333336,0.0,50.0,0.0,0.0,0.0,0.0,0.0,24.285714285714285,10.0,0.0,0.0,0.0,0.0,25.0,0.0,0.0,0.0,75.0,0.0,35.0,0.0,0.0,0.0,92.08333333333333,100.0,7.5,0.0,0.0,0.0,0.0,0.0,25.0,0.0,0.0,0.0,18.64316239316239,0.0,0.0,0.0,0.0,12.5,0.0,0.0,0.0,0.0,0.0,0.0,6.25,0.0,14.166666666666668,0.0,0.0,0.0,0.0,0.0,0.0,0.0,0.0,0.0,0.0,0.0,58.333333333333336,0.0,0.0,0.0,0.0,0.0,0.0,0.0,0.0,0.0,0.0,0.0,0.0,0.0,0.0,0.0,0.0,0.0,0.0,0.0,100.0,0.0,91.66666666666667,0.0,0.0,0.0,50.0,0.0,0.0,5.0,0.0,0.0,0.0,0.0,0.0,0.0,0.0,5.555555555555555,0.0,0.0,0.0,0.0,0.0,0.0,0.0,0.0,0.0,0.0,0.0,0.0,0.0,0.0,0.0,0.0,0.0,0.0,12.5,0.0,0.0,0.0,0.0,50.0,0.0,0.0,0.0,0.0,0.0,0.0,62.5,0.0,0.0,0.0,0.0,0.0,0.0,0.0,0.0,0.0,0.0,0.0
438.0555555555556,50.27777777777778,193.33333333333334,58.333333333333336,83.33333333333334,63.75,66.66666666666667,16.666666666666668,36.388888888888886,43.333333333333336,86.11111111111111,35.41666666666667,8.333333333333334,42.5,12.5,25.0,41.66666666666667,11.666666666666668,11.458333333333334,27.5,25.0,0.0,25.0,57.083333333333336,6.25,20.833333333333336,0.0,0.0,4.166666666666667,16.666666666666668,25.0,33.333333333333336,191.66666666666669,20.833333333333336,0.0,0.0,0.0,7.5,0.0,0.0,8.333333333333334,0.0,2.5,107.08333333333334,0.0,8.333333333333334,0.0,0.0,8.333333333333334,0.0,0.0,0.0,0.0,0.0,0.0,0.0,0.0,0.0,0.0,0.0,0.0,0.0,0.0,0.0,0.0,0.0,0.0,0.0,0.0,0.0,0.0,16.666666666666668,0.0,0.0,0.0,0.0,0.0,0.0,16.666666666666668,0.0,0.0,0.0,0.0,0.0,0.0,0.0,0.0,0.0,0.0,0.0,0.0,0.0,0.0,20.0,0.0,10.0,5.0,16.666666666666668,0.0,0.0,0.0,0.0,0.0,0.0,0.0,0.0,0.0,0.0,0.0,0.0,0.0,0.0,0.0,0.0,0.0,0.0,0.0,0.0,0.0,0.0,0.0,0.0,0.0,12.5,0.0,0.0,0.0,0.0,0.0,0.0,0.0,0.0,0.0,0.0,0.0,5.0,0.0,0.0,0.0,0.0,0.0,0.0,0.0,0.0,0.0,0.0,0.0,0.0,0.0,0.0,0.0,0.0,0.0,0.0,0.0,0.0,0.0,0.0,0.0,0.0,0.0,0.0,0.0,0.0,0.0,0.0,0.0,0.0,0.0,0.0,0.0,0.0,0.0,0.0,0.0,3.125,0.0,0.0,0.0,0.0,0.0,0.0,0.0,0.0,0.0,0.0,0.0,0.0,0.0,0.0,0.0,0.0,0.0,0.0,0.0,0.0,0.0,0.0,0.0,0.0,0.0,0.0,0.0,0.0,0.0,0.0,0.0,0.0,0.0,0.0,0.0,0.0,0.0,0.0,0.0,0.0,0.0,0.0,0.0,0.0,0.0,0.0,0.0,0.0,0.0,0.0,0.0,0.0,0.0,0.0,0.0,0.0,0.0,0.0,0.0,0.0,0.0,87.5,0.0,0.0,0.0,0.0,0.0,0.0,0.0,0.0,0.0,0.0,0.0
924.229797979798,166.04166666666669,36.111111111111114,71.69642857142857,31.944444444444446,281.0416666666667,66.66666666666667,163.75,57.083333333333336,87.56944444444444,84.375,52.91666666666667,126.875,9.375,103.99305555555556,45.833333333333336,111.06150793650794,113.75,70.0,8.333333333333334,75.74404761904762,68.75,4.166666666666667,18.75,17.166666666666668,15.625,0.0,25.0,13.333333333333334,0.0,12.5,13.958333333333334,0.0,9.375,58.33333333333334,83.46428571428571,0.0,13.125,15.625,0.0,36.70634920634921,68.33333333333333,0.0,12.5,36.25,106.18055555555556,15.416666666666668,0.0,8.75,6.25,21.875,6.25,123.95833333333333,0.0,0.0,7.291666666666667,0.0,22.916666666666668,30.65972222222222,0.0,20.833333333333336,18.75,0.0,10.0,35.208333333333336,0.0,0.0,0.0,0.0,12.5,0.0,12.5,0.0,11.160714285714285,0.0,0.0,5.0,20.833333333333336,0.0,6.666666666666667,0.0,27.63888888888889,48.333333333333336,0.0,25.0,0.0,0.0,0.0,0.0,0.0,65.0,0.0,0.0,0.0,6.25,25.0,0.0,3.125,67.70833333333334,4.166666666666667,12.5,0.0,0.3787878787878788,9.375,0.0,0.0,1.0,0.0,5.681818181818182,0.0,0.3787878787878788,0.3787878787878788,0.3787878787878788,0.3787878787878788,0.3787878787878788,12.5,0.0,3.787878787878788,0.0,0.0,0.0,0.0,0.0,0.0,0.0,0.0,26.666666666666668,0.0,0.0,25.0,27.5,0.0,0.0,0.0,0.0,0.0,0.0,0.0,0.0,0.0,0.0,0.0,0.0,0.0,6.25,0.0,0.0,25.0,0.0,0.0,0.0,5.555555555555555,0.0,0.0,0.0,16.11111111111111,3.125,0.0,0.0,0.0,0.0,0.0,0.0,31.875,0.0,0.0,2.0833333333333335,0.0,0.0,0.0,5.625,0.0,0.0,0.0,0.0,0.0,0.0,0.0,0.0,0.0,0.0,0.0,16.666666666666668,0.0,9.0,0.0,0.5,0.0,0.0,0.0,0.0,0.0,22.22222222222222,0.0,0.0,0.0,0.0,0.0,0.0,10.833333333333334,0.0,0.0,0.0,0.0,0.0,0.0,0.0,0.0,0.0,0.0,0.0,0.0,0.0,0.0,0.0,0.0,0.0,0.0,0.0,0.0,0.0,6.25,0.0,0.0,0.0,0.0,6.25,0.0,0.0,0.0,0.0,0.0,0.0,0.0,0.0,0.0,0.0,0.0,0.0,0.0,0.0,0.0,0.0,3.125,0.0,0.0,0.0,0.0,0.0
13336.24899424048,3566.1133262449052,2526.0693492523988,3672.660829094653,3377.6260082510084,2919.9828801802487,1663.916388192704,1182.7633219177337,1631.092953099532,1587.8008796758797,1274.6826784326784,3066.7055860805863,3860.11215228127,1172.6152502468292,1208.77553002553,346.27435064935065,730.1608114108114,1604.4196033011822,556.6697191697192,1348.6362687020583,300.2074314574315,524.2099567099567,411.64835164835165,139.58333333333334,1430.2249833499834,391.9327200577201,424.52732452732454,957.2379192444982,107.87518037518038,41.666666666666664,731.4644565960356,2496.082251082251,102.08333333333334,55.324074074074076,596.7510961260962,70.55555555555556,50.0,199.58333333333334,954.2951724201724,828.7630425130425,400.3330697080697,272.32142857142856,265.26785714285717,110.70318570318571,291.1784049284049,37.00396825396825,107.63888888888889,149.44354256854257,40.27777777777778,85.89183692124868,272.5829725829726,347.1416777666778,342.0773208273208,96.66666666666667,76.9047619047619,47.97348484848485,13.88888888888889,33.333333333333336,23.928571428571427,133.68589743589743,24.166666666666668,0.0,0.0,64.64285714285714,51.013708513708515,83.0489417989418,0.0,135.26875901875903,6.25,93.88888888888889,25.0,50.0,2.5,0.0,140.04939504939506,22.22222222222222,23.502886002886,345.3968253968254,7.4074074074074066,40.11904761904762,0.0,9.545454545454547,37.986111111111114,78.88227513227513,31.25,79.79016354016353,28.59848484848485,0.0,3.3333333333333335,50.0,87.08333333333333,1.282051282051282,143.95833333333334,0.0,0.0,5.0,0.0,49.10714285714286,16.666666666666668,28.333333333333336,50.0,7.142857142857142,5.0569800569800565,52.77777777777778,30.555555555555557,130.9469696969697,193.0902920608803,7.638888888888889,75.85470085470085,25.0,5.0569800569800565,5.0569800569800565,5.0569800569800565,5.0569800569800565,5.0569800569800565,0.0,0.0,50.56980056980057,40.0,6.25,0.0,0.0,196.42045454545456,0.0,0.0,0.0,597.0490620490621,7.5,0.0,110.27777777777777,30.0,0.0,8.333333333333332,79.44444444444444,50.0,3.7037037037037033,14.015151515151516,3.571428571428571,7.142857142857142,5.555555555555555,152.77777777777777,0.0,1.5151515151515151,0.0,166.57529239766083,60.8974358974359,150.2262443438914,16.161616161616163,15.053418803418802,8.630952380952381,8.350930115635997,77.38095238095238,296.25,0.0,2.272727272727273,6.25,50.0,0.0,0.0,0.0,31.52777777777778,75.0,1.1904761904761905,34.166666666666664,0.0,0.0,2.380952380952381,14.592760180995473,45.7563025210084,0.0,29.910714285714285,63.05555555555556,0.0,0.0,0.0,0.0,0.0,0.0,0.0,22.38095238095238,0.0,10.0,9.920634920634921,0.0,7.692307692307693,0.0,0.4273504273504274,0.0,8.125,105.00832500832502,163.88888888888889,74.16666666666667,0.0,0.0,0.0,18.75,70.0,18.333333333333332,0.0,9.25925925925926,5.555555555555555,2.5,0.0,0.0,8.333333333333334,0.0,17.676767676767675,0.0,0.0,8.829365079365079,50.0,10.555555555555555,22.22222222222222,0.0,0.0,15.555555555555555,50.0,3.125,10.416666666666668,492.5212652844232,55.026455026455025,11.666666666666668,0.0,0.0,20.833333333333336,0.0,4.545454545454546,0.0,0.0,16.666666666666664,4.166666666666667,5.0,0.0,0.0,51.26262626262626,0.0,0.0,0.0,7.142857142857142,0.0,0.0,5.2631578947368425,0.0,35.41666666666667,0.0,16.25,0.0,0.0,0.0
7052.892613922026,2144.2089598997495,7921.209770621535,2188.1150793650795,771.9929029304029,313.9583333333333,584.8647186147186,517.7197802197802,744.6031746031746,675.4761904761905,830.741341991342,820.4664942900237,4300.835067710068,346.6666666666667,229.437441643324,886.6738122988123,1322.8327922077922,799.4940476190477,123.51190476190476,494.2162698412699,218.7202380952381,201.66666666666669,202.08333333333334,117.29166666666667,140.0297619047619,128.42261904761904,359.82142857142856,47.61904761904762,62.5,0.0,278.30357142857144,42.857142857142854,111.78571428571429,83.33333333333334,79.1025641025641,99.70238095238096,62.77777777777778,138.33333333333334,1129.2944657466717,36.111111111111114,210.85813492063494,95.0,106.30952380952381,82.38095238095238,118.05555555555556,7.142857142857142,112.69567850450204,8.333333333333334,80.0,31.25,544.7573953823954,143.5504773004773,80.72916666666667,0.0,0.0,56.08745421245421,46.60947712418301,0.0,6.25,35.0,0.0,12.5,30.0,50.0,2.7777777777777777,80.0,0.0,109.64285714285714,15.625,0.0,11.3997113997114,5.0,0.0,0.0,25.0,0.0,195.83333333333334,418.9980158730159,0.0,0.0,17.5,0.0,9.090909090909092,80.0,116.07142857142857,16.25,12.5,0.0,0.0,0.0,61.111111111111114,0.0,59.583333333333336,0.0,0.0,10.0,0.0,0.0,6.875,0.0,20.0,16.666666666666664,3.2168140208937173,0.0,67.1875,0.0,32.05128205128205,0.0,48.25221031340576,0.0,3.2168140208937173,3.2168140208937173,3.2168140208937173,3.2168140208937173,3.2168140208937173,0.0,0.0,32.168140208937174,0.0,0.0,28.57142857142857,2.5,0.0,0.0,8.333333333333334,16.666666666666668,1116.4664502164503,0.0,7.417582417582417,105.23809523809524,7.5,0.0,66.66666666666667,32.291666666666664,100.0,82.73809523809524,0.0,0.0,21.726190476190474,3.571428571428571,0.0,0.0,0.0,15.833333333333332,71.42857142857143,0.0,411.3095238095238,16.666666666666668,57.5,0.0,0.0,128.67559523809524,47.91666666666667,0.0,125.0,0.0,0.0,0.0,0.0,0.0,0.0,0.0,0.0,125.0,5.0,54.16666666666667,0.0,0.0,4.166666666666667,0.0,134.24603174603175,0.0,0.0,0.0,0.0,0.0,0.0,0.0,0.0,3.571428571428571,0.0,6.25,115.11904761904762,16.666666666666668,0.0,4.166666666666667,0.0,0.0,0.0,0.0,0.0,0.0,0.0,140.1497113997114,0.0,50.0,13.88888888888889,5.555555555555555,0.0,0.0,50.29761904761905,0.0,0.0,0.0,16.666666666666668,0.0,0.0,0.0,0.0,0.0,0.0,0.0,0.0,0.0,0.0,73.41269841269842,0.0,1.923076923076923,16.025641025641026,72.36842105263159,0.0,0.0,1.4705882352941175,0.0,32.05128205128205,0.0,3.846153846153846,0.0,0.0,0.0,0.0,0.0,0.0,0.0,0.0,10.714285714285714,0.0,0.0,25.0,0.0,0.0,0.0,0.0,50.0,0.0,52.51859251859252,0.0,0.0,0.0
576.3036963036964,25.0,102.55952380952381,291.26984126984127,310.6715506715507,92.5,345.4761904761905,289.6386483886484,132.14285714285714,0.0,46.423184658478775,111.81318681318682,142.36111111111111,12.5,0.0,267.5,46.42857142857143,103.86904761904762,37.14285714285714,0.0,25.0,66.0949410949411,96.5079365079365,82.14285714285714,45.0,90.0915750915751,0.0,10.0,0.0,0.0,65.51282051282051,0.0,0.0,56.25,34.72222222222222,0.0,0.0,0.0,0.0,7.142857142857142,53.07692307692307,0.0,0.0,0.0,0.0,0.0,0.0,0.0,0.0,5.0,149.6031746031746,25.0,7.142857142857142,0.0,46.82539682539683,0.0,7.142857142857142,0.0,0.0,4.166666666666667,0.0,0.0,0.0,0.0,0.0,0.0,5.555555555555555,0.0,0.0,0.0,1.8518518518518516,0.0,0.0,0.0,172.8754466254466,0.0,0.0,12.702702702702702,0.0,0.0,0.0,0.0,0.0,0.0,0.0,0.0,0.0,0.0,0.0,0.0,0.0,0.0,0.0,0.0,5.555555555555555,0.0,0.0,0.0,0.0,0.0,3.3333333333333335,0.0,2.6334026334026333,0.0,0.0,0.0,121.43939393939394,0.0,39.5010395010395,0.0,2.6334026334026333,2.6334026334026333,2.6334026334026333,2.6334026334026333,2.6334026334026333,0.0,0.0,26.334026334026333,0.0,0.0,0.0,0.0,0.0,0.0,0.0,0.0,11.11111111111111,0.0,0.0,0.0,0.0,0.0,0.0,5.0,0.0,0.0,2.941176470588235,0.0,0.0,0.0,0.0,0.0,0.0,0.0,30.0,65.52706552706552,0.0,0.0,0.0,0.0,0.0,7.142857142857142,0.0,0.0,0.0,0.0,0.0,0.0,0.0,0.0,0.0,0.0,0.0,0.0,0.0,0.0,0.0,50.0,0.0,0.0,50.0,1.3513513513513513,0.0,8.333333333333334,0.0,0.0,0.0,0.0,0.0,0.0,0.0,0.0,0.0,0.0,37.5,0.0,2.0833333333333335,0.0,0.0,0.0,527.0995670995671,28.57142857142857,0.0,0.0,0.0,0.0,0.0,0.0,0.0,10.0,0.0,0.0,0.0,0.0,0.0,0.0,0.0,0.0,0.0,0.0,0.0,0.0,0.0,0.0,0.0,0.0,16.666666666666668,0.0,0.0,0.0,117.39388062917475,0.0,0.0,0.0,0.0,0.0,0.0,0.0,0.0,0.0,0.0,0.0,0.0,12.5,12.916666666666668,0.0,0.0,0.0,0.0,0.0,0.0,0.0,0.0,0.0,0.0,0.0,0.0,0.0,0.0
2433.1944444444443,639.3452380952381,508.33333333333337,314.72222222222223,3419.9074074074074,247.15277777777777,256.3888888888889,22.22222222222222,170.0,76.85185185185185,162.96296296296296,105.55555555555556,38.888888888888886,26.388888888888893,105.55555555555556,36.111111111111114,173.61111111111111,46.94444444444444,45.833333333333336,89.72222222222223,0.0,107.4074074074074,74.44444444444444,155.0793650793651,12.5,25.0,0.0,89.28571428571429,0.0,161.11111111111111,0.0,0.0,71.3888888888889,0.0,0.0,386.9047619047619,37.56613756613756,91.66666666666667,0.0,110.0,4.166666666666667,11.666666666666666,16.666666666666664,154.58333333333334,0.0,5.555555555555555,8.333333333333334,7.5,21.52777777777778,4.166666666666667,9.722222222222221,0.0,0.0,16.666666666666668,0.0,0.0,4.166666666666667,0.0,0.0,0.0,5.555555555555555,68.33333333333334,0.0,0.0,0.0,0.0,21.38888888888889,0.0,3.3333333333333335,3.3333333333333335,0.0,8.333333333333334,2.7777777777777777,29.166666666666668,0.0,40.27777777777778,0.0,0.0,46.66666666666667,0.0,25.0,0.0,0.0,0.0,0.0,13.88888888888889,53.125,14.814814814814813,0.0,0.0,0.0,0.0,0.0,225.55555555555557,0.0,0.0,116.66666666666667,8.333333333333334,0.0,0.0,0.0,16.666666666666668,0.0,0.0,0.0,0.0,0.0,0.0,0.0,5.555555555555555,0.0,0.0,0.0,0.0,0.0,0.0,4.166666666666667,0.0,0.0,0.0,0.0,0.0,0.0,0.0,0.0,0.0,0.0,0.0,0.0,0.0,0.0,4.166666666666667,4.166666666666667,0.0,0.0,0.0,0.0,0.0,0.0,0.0,0.0,0.0,0.0,0.0,0.0,0.0,0.0,0.0,0.0,0.0,0.0,0.0,0.0,0.0,0.0,0.0,0.0,5.555555555555555,2.380952380952381,4.761904761904762,0.0,0.0,0.0,0.0,0.0,0.0,0.0,0.0,0.0,16.666666666666668,0.0,0.0,0.0,0.0,0.0,0.0,12.5,0.0,0.0,0.0,0.0,0.0,0.0,0.0,0.0,0.0,0.0,0.0,0.0,0.0,0.0,0.0,0.0,0.0,5.555555555555555,0.0,0.0,44.44444444444444,16.666666666666668,0.0,0.0,0.0,0.0,12.5,0.0,0.0,0.0,0.0,0.0,0.0,0.0,0.0,0.0,0.0,0.0,0.0,0.0,0.0,0.0,0.0,0.0,0.0,0.0,0.0,0.0,4.166666666666667,0.0,0.0,0.0,0.0,0.0,0.0,0.0,0.0,0.0,0.0,0.0,16.666666666666668,0.0,3.7037037037037033,0.0,0.0,0.0,0.0,0.0,0.0,0.0,4.166666666666667,0.0
2815.559116809117,501.3392857142857,314.41137566137564,118.87896825396825,1928.2954545454545,805.8290320790321,469.92063492063494,126.3045634920635,483.6259920634921,644.477362914863,860.3306878306879,674.03363997114,386.94444444444446,128.53174603174602,712.9265873015873,46.03174603174603,454.2857142857143,501.99675324675326,162.5793650793651,23.055555555555557,31.041666666666668,652.4332611832612,72.34126984126985,488.3270202020202,37.5,99.72222222222223,70.3125,132.65873015873015,8.958333333333334,148.45238095238096,139.08234126984127,70.23809523809524,63.88888888888889,25.0,46.40963203463203,1389.2757936507937,217.05357142857144,52.43055555555556,0.0,23.80952380952381,0.0,481.6617063492063,18.75,4.166666666666667,5.625,19.523809523809526,0.0,108.33333333333333,20.833333333333336,16.617063492063494,5.555555555555555,158.88888888888889,28.75,81.71626984126983,111.66666666666667,0.0,0.0,62.90674603174603,16.865079365079364,0.0,92.81746031746032,8.333333333333334,0.0,0.0,6.904761904761905,14.166666666666668,0.0,0.0,0.0,0.0,0.0,44.583333333333336,30.1984126984127,5.0,0.0,0.0,152.26851851851853,0.0,25.0,0.0,110.41666666666667,11.11111111111111,15.833333333333332,14.166666666666668,0.0,0.0,0.0,13.839285714285714,3.571428571428571,15.9375,0.0,12.5,0.0,0.0,21.666666666666668,0.0,0.0,5.0,0.0,0.0,7.5,1.5625,0.0,6.25,6.25,7.5,0.0,16.666666666666668,0.0,0.9615384615384615,0.0,0.0,0.0,0.0,0.0,13.717532467532468,0.0,0.0,0.0,0.0,0.0,2.0833333333333335,0.0,0.0,5.0,5.555555555555555,0.0,6.851851851851851,6.25,0.0,0.0,0.0,13.88888888888889,0.0,25.0,0.0,3.3333333333333335,0.0,5.555555555555555,0.0,11.11111111111111,0.0,0.0,0.0,0.0,0.0,0.0,0.0,0.0,16.666666666666668,0.0,0.0,2.5,0.0,0.0,0.0,0.0,0.0,0.0,0.0,10.625,0.0,5.625,0.0,0.0,0.0,0.0,6.25,0.0,5.555555555555555,0.0,0.0,14.583333333333334,0.0,0.0,0.0,16.25,0.0,110.3125,0.0,0.0,0.0,0.0,0.0,0.0,0.0,0.0,0.0,2.0833333333333335,0.0,0.0,0.0,4.166666666666667,0.0,0.0,0.0,0.0,72.22222222222223,0.0,0.0,0.0,20.833333333333336,0.0,0.0,0.0,0.0,0.0,0.0,4.340277777777778,0.0,0.0,0.0,0.0,0.0,0.0,0.0,0.0,0.0,0.0,0.0,0.0,0.0,0.0,1.5625,0.0,0.0,0.0,2.0833333333333335,0.0,0.0,0.0,0.0,0.0,0.0,0.0,5.555555555555555,2.7777777777777777,0.0,0.0,0.0,0.0,0.0,0.0,8.333333333333334,0.0,0.0,0.0,0.0,0.0
20267.18768587364,2540.189724491195,5952.461952263423,3692.693158557129,2831.37062571931,479.73276723276723,974.6365832023727,1128.3697157961865,804.5413450928157,595.734126984127,1040.9239208503914,1262.7788877788878,4590.323350690417,1163.3583682113094,816.3542533318075,384.1468253968254,1110.6204304954306,1102.1440596440596,166.94444444444446,641.6883116883117,510.6419043919044,327.2877585377585,619.919733044733,932.4493215118215,190.00050875050874,236.06646825396825,1052.4807304838264,90.0,273.42036435786434,136.73890923890923,301.3447500212206,25.0,25.0,6.944444444444445,185.02525252525254,8.333333333333334,35.8974358974359,155.0,1196.7167915503828,102.61904761904762,298.00204425204424,48.75,358.7085137085137,43.81734006734006,270.69444444444446,93.22916666666667,205.13888888888889,11.931818181818183,27.94871794871795,89.31547619047619,369.4230769230769,310.75396825396825,14.428571428571429,53.3008658008658,12.5,139.04761904761904,208.0952380952381,165.37698412698413,42.131757131757126,732.5752488252489,20.833333333333336,39.8078529657477,0.0,53.57142857142857,79.68568196509372,20.416666666666668,8.333333333333334,139.9920634920635,0.0,30.769230769230766,0.0,0.0,13.188431938431938,0.0,51.21031746031746,158.33333333333334,11.964285714285715,1876.1118642136444,50.0,0.0,7.142857142857142,0.0,0.0,20.416666666666668,44.64285714285714,6.375661375661376,6.931818181818182,0.0,0.0,0.0,0.0,15.656565656565657,77.06349206349206,20.833333333333336,8.333333333333334,0.0,3.3333333333333335,0.7142857142857143,2.0833333333333335,3.3333333333333335,0.0,1.6666666666666667,10.0,7.575757575757576,25.0,158.49025974025975,30.30740093240093,0.0,0.0,0.0,0.0,0.0,0.0,0.0,0.0,0.0,0.0,0.0,91.26984126984127,0.0,8.495670995670995,2.380952380952381,133.33333333333334,0.0,7.142857142857142,0.0,779.0736346986347,0.0,15.0,73.11507936507937,92.2420634920635,0.0,6.25,198.8095238095238,112.5,7.5,2.7777777777777777,0.0,30.476190476190474,0.0,5.555555555555555,131.38888888888889,4.848484848484849,0.0,24.166666666666668,44.44444444444444,625.6594794094794,62.698412698412696,22.626262626262626,11.11111111111111,76.44716394716394,166.48809523809524,0.0,0.0,0.9615384615384615,551.2112887112887,0.0,0.0,0.0,0.0,0.0,61.19047619047619,0.0,224.16666666666666,11.11111111111111,59.16666666666667,4.166666666666667,30.13888888888889,254.265873015873,0.0,34.45697577276525,97.02380952380952,0.0,0.0,0.0,6.666666666666667,0.0,4.166666666666667,10.476190476190476,428.37301587301585,0.0,32.91666666666667,250.0,16.00877192982456,38.22115384615385,4.00219298245614,2.1233974358974357,0.0,4.166666666666667,96.36363636363637,0.0,0.0,7.142857142857142,24.166666666666668,8.333333333333334,0.0,1.1904761904761905,18.75,0.0,16.666666666666668,0.0,31.921134421134422,10.150375939849624,4.166666666666667,100.87301587301587,0.0,93.30176767676768,0.0,0.0,0.0,5.555555555555555,5.555555555555555,0.0,0.0,25.0,113.14156431803491,0.0,3.846153846153846,13.030303030303031,125.0,2.7777777777777777,0.0,14.285714285714285,0.0,26.060606060606062,0.0,11.11111111111111,0.0,0.0,26.666666666666668,0.0,0.0,0.0,0.0,0.0,1.3888888888888888,0.0,0.0,50.0,0.0,0.0,0.0,0.0,0.0,0.0,0.0,0.0,16.85185185185185,0.0
323.3333333333333,20.0,16.666666666666668,25.0,0.0,0.0,0.0,0.0,0.0,33.333333333333336,0.0,18.333333333333336,0.0,0.0,0.0,0.0,10.0,8.333333333333334,0.0,0.0,0.0,0.0,0.0,0.0,0.0,0.0,0.0,0.0,0.0,0.0,0.0,8.333333333333334,0.0,0.0,0.0,0.0,0.0,0.0,0.0,0.0,0.0,30.0,0.0,0.0,0.0,8.333333333333334,50.0,0.0,0.0,0.0,0.0,0.0,30.0,0.0,0.0,0.0,0.0,0.0,0.0,0.0,0.0,0.0,0.0,0.0,0.0,0.0,0.0,0.0,0.0,0.0,0.0,0.0,0.0,0.0,0.0,0.0,0.0,0.0,0.0,0.0,0.0,0.0,0.0,0.0,0.0,0.0,0.0,0.0,0.0,0.0,0.0,0.0,0.0,0.0,0.0,0.0,0.0,0.0,0.0,16.666666666666668,0.0,0.0,0.0,0.0,0.0,0.0,0.0,0.0,0.0,0.0,0.0,0.0,0.0,0.0,0.0,0.0,0.0,0.0,0.0,0.0,0.0,0.0,0.0,0.0,0.0,0.0,0.0,0.0,0.0,0.0,0.0,0.0,0.0,0.0,0.0,0.0,0.0,0.0,0.0,0.0,8.333333333333334,0.0,0.0,0.0,0.0,0.0,10.0,0.0,0.0,0.0,0.0,0.0,0.0,0.0,0.0,0.0,0.0,0.0,0.0,0.0,0.0,0.0,0.0,0.0,0.0,0.0,0.0,0.0,0.0,0.0,0.0,0.0,0.0,0.0,0.0,0.0,0.0,0.0,0.0,0.0,0.0,0.0,0.0,0.0,0.0,0.0,0.0,0.0,0.0,0.0,0.0,0.0,0.0,0.0,0.0,0.0,0.0,0.0,0.0,0.0,0.0,0.0,0.0,0.0,0.0,0.0,0.0,0.0,0.0,0.0,0.0,0.0,0.0,0.0,0.0,0.0,0.0,0.0,0.0,0.0,0.0,0.0,0.0,0.0,0.0,0.0,0.0,0.0,0.0,0.0,0.0,0.0,0.0,0.0,0.0,0.0,0.0,0.0,0.0,0.0,0.0,0.0,0.0,16.666666666666668,0.0,0.0,0.0,0.0,0.0
7441.076282603743,761.7857142857143,1348.2918470418472,1163.6881152155752,413.45238095238096,232.97619047619048,201.66666666666669,171.78571428571428,155.30257936507937,622.5,162.18434343434345,100.83333333333334,8850.411335899036,640.1190476190476,75.625,100.0,61.30952380952381,15.476190476190476,50.0,25.0,7.142857142857142,92.61904761904762,355.0,245.90041680287675,83.33333333333333,62.49999999999999,62.5,0.0,0.0,56.25,105.0,0.0,0.0,10.104405034324943,8.333333333333334,0.0,0.0,0.0,155.89285714285714,0.0,0.0,17.142857142857142,65.625,0.0,0.0,0.0,0.0,0.0,8.333333333333334,0.0,56.25,327.9166666666667,0.0,0.0,0.0,7.142857142857142,75.0,0.0,0.0,0.0,0.0,4.166666666666667,50.0,0.0,0.0,40.476190476190474,0.0,46.66666666666667,0.0,0.0,7.142857142857142,0.0,0.0,0.0,0.0,0.0,0.0,151.8452380952381,0.0,0.0,0.0,0.0,50.0,40.476190476190474,69.64285714285714,0.0,0.0,0.0,0.0,105.55555555555556,0.0,0.0,20.0,0.0,0.0,0.0,0.0,0.0,0.0,0.0,0.0,0.0,1.4285714285714286,140.0,0.0,0.0,0.0,0.0,21.42857142857143,0.0,1.4285714285714286,1.4285714285714286,1.4285714285714286,1.4285714285714286,1.4285714285714286,0.0,0.0,14.285714285714286,0.0,0.0,0.0,0.0,50.0,0.0,0.0,0.0,204.58333333333334,0.0,0.0,16.666666666666664,0.0,0.0,0.0,0.0,0.0,0.0,0.0,0.0,0.0,0.0,0.0,40.029761904761905,0.0,7.738095238095238,0.0,0.0,188.39285714285714,0.0,0.0,0.0,0.0,84.52380952380952,41.66666666666667,0.0,0.0,0.0,0.0,0.0,0.0,0.0,0.0,0.0,0.0,71.42857142857143,0.0,0.0,0.0,0.0,8.333333333333334,0.0,19.791666666666668,0.0,0.0,0.0,0.0,0.0,0.0,0.0,0.0,0.0,0.0,250.0,175.0,0.0,0.0,0.0,0.0,0.0,0.0,0.0,0.0,0.0,0.0,0.0,0.0,0.0,0.0,0.0,0.0,0.0,0.0,40.535714285714285,0.0,0.0,0.0,0.0,10.9375,0.0,0.0,0.0,0.0,0.0,0.0,0.0,0.0,306.1904761904762,0.0,0.0,0.0,50.0,0.0,0.0,16.666666666666668,0.0,0.0,0.0,8.333333333333334,0.0,0.0,0.0,0.0,0.0,0.0,12.5,0.0,0.0,0.0,0.0,86.42857142857143,0.0,0.0,0.0,0.0,75.0,0.0,0.0,0.0,0.0,0.0
25.0,0.0,0.0,0.0,12.5,0.0,2.7777777777777777,0.0,0.0,0.0,0.0,0.0,65.15873015873017,8.465608465608465,28.125,0.0,0.0,0.0,0.0,0.0,0.0,8.994708994708994,0.0,0.0,0.0,0.0,0.0,0.0,0.0,0.0,0.0,0.0,0.0,0.0,0.0,0.0,0.0,0.0,0.0,0.0,0.0,0.0,0.0,0.0,0.0,0.0,0.0,0.0,0.0,0.0,0.0,6.25,0.0,0.0,0.0,0.0,0.0,0.0,0.0,0.0,0.0,0.0,0.0,0.0,0.0,0.0,0.0,0.0,0.0,0.0,0.0,0.0,0.0,0.0,11.11111111111111,0.0,0.0,3.3333333333333335,0.0,0.0,0.0,0.0,0.0,0.0,0.0,0.0,0.0,0.0,0.0,0.0,0.0,2.380952380952381,0.0,0.0,0.0,0.0,0.0,0.0,0.0,0.0,0.0,0.0,0.0,0.0,0.0,0.0,0.0,0.0,0.0,0.0,0.0,0.0,0.0,0.0,0.0,0.0,0.0,0.0,0.0,0.0,0.0,0.0,0.0,0.0,0.0,0.0,0.0,0.0,0.0,0.0,0.0,0.0,0.0,0.0,0.0,0.0,0.0,0.0,0.0,0.0,0.0,0.0,0.0,0.0,0.0,0.0,0.0,0.0,0.0,0.0,0.0,0.0,0.0,0.0,0.0,0.0,0.0,0.0,0.0,0.0,0.0,0.0,0.0,0.0,0.0,3.3333333333333335,0.0,0.0,0.0,0.0,3.125,0.0,0.0,0.0,0.0,0.0,0.0,0.0,0.0,0.0,0.0,0.0,0.0,0.0,0.0,0.0,0.0,0.0,0.0,0.0,0.0,0.0,0.0,8.333333333333334,0.0,0.0,0.0,0.0,0.0,0.0,0.0,0.0,0.0,0.0,0.0,0.0,0.0,0.0,0.0,0.0,0.0,0.0,0.0,0.0,0.0,0.0,0.0,0.0,0.0,0.0,0.0,0.0,0.0,0.0,0.0,0.0,0.0,0.0,0.0,0.0,0.0,0.0,0.0,0.0,2.7777777777777777,0.0,0.0,0.0,0.0,0.0,0.0,0.0,0.0,0.0,0.0,0.0,0.0,0.0,0.0
8041.145795755171,489.1071428571429,1481.0122053872055,962.7777777777778,852.9142616642616,1142.9803992303991,86.25,1024.260161135161,697.5,955.4829987550576,211.94444444444446,896.3104256854257,346.94444444444446,236.7039442039442,626.5286796536797,38.333333333333336,369.03860028860026,953.938492063492,223.28373015873015,826.548520923521,347.5865800865801,246.22113997113996,534.7420634920635,439.76190476190476,574.7222222222223,102.83730158730158,877.5396825396825,97.91666666666667,63.33333333333333,0.0,94.58333333333333,0.0,0.0,27.380952380952383,0.0,0.0,16.666666666666668,8.333333333333334,22.916666666666668,0.0,56.25,4.166666666666667,375.5059523809524,70.83333333333334,201.09126984126985,13.125,107.0436507936508,0.0,37.97619047619048,69.64285714285714,6.944444444444445,4.166666666666667,0.0,0.0,10.0,201.25,746.9453463203463,95.32407407407408,64.58333333333333,51.19047619047619,0.0,76.74242424242425,0.0,0.0,5.9523809523809526,57.91666666666667,0.0,84.94047619047619,0.0,0.0,6.25,0.0,0.0,0.0,25.0,140.47619047619048,0.0,0.0,25.0,0.0,0.0,133.20488721804512,0.0,57.91666666666667,153.98809523809524,0.0,0.0,0.0,3.125,0.0,16.666666666666668,0.0,0.0,81.25,0.0,50.0,0.0,2.037037037037037,0.0,0.0,0.0,0.0,3.45959223668202,0.0,0.0,54.96031746031746,272.37503815628816,0.0,51.8938835502303,0.0,3.45959223668202,3.45959223668202,3.45959223668202,3.45959223668202,3.45959223668202,6.25,0.0,34.5959223668202,98.10185185185185,0.0,0.0,0.0,0.0,0.0,0.0,0.0,0.0,0.0,0.0,179.18650793650795,36.25,147.72546897546897,6.25,29.166666666666668,50.0,32.77777777777778,0.0,0.0,166.875,0.0,0.0,183.33333333333334,0.0,0.0,0.0,13.88888888888889,50.0,4.166666666666667,0.0,18.75,3.3333333333333335,94.17568542568543,2.7777777777777777,0.0,0.0,25.0,0.0,7.142857142857142,5.555555555555555,11.11111111111111,16.666666666666668,16.666666666666668,0.0,0.0,228.33333333333334,0.0,0.0,25.0,208.92857142857144,0.0,115.72420634920636,10.416666666666668,0.0,0.0,0.0,0.0,0.0,0.0,0.0,1974.4940476190477,0.0,0.0,53.333333333333336,113.73737373737374,21.09375,28.434343434343436,1.171875,0.0,0.0,30.833333333333336,8.333333333333334,0.0,479.1666666666667,14.166666666666668,0.0,79.16666666666667,16.666666666666668,35.60606060606061,0.0,0.0,27.083333333333336,0.0,0.0,0.0,411.1309523809524,0.0,0.0,0.0,0.0,0.0,0.0,185.54563492063494,0.0,74.16666666666667,0.0,0.0,12.5,0.0,19.444444444444446,0.0,0.0,0.0,14.285714285714285,0.0,38.88888888888889,0.0,8.333333333333334,0.0,39.861111111111114,178.33333333333334,0.0,10.317460317460316,0.0,11.904761904761905,0.0,0.0,0.0,0.0,20.23809523809524,0.0,14.23611111111111,0.0,0.0,0.0,23.61111111111111,4.166666666666667,23.61111111111111,8.333333333333334,0.0
7568.308668174975,2389.8830567580567,5862.938972890101,2206.5859791663365,4260.143264123832,2523.53496833854,1172.07202982203,3103.7687230097945,1020.5174689728261,1129.00033993784,1384.8956499849357,280.0286519036519,1289.7706162884735,637.344638183454,532.2450300633074,2501.1049615067473,1658.359773493702,474.42277167277166,982.8660575535575,452.2097624597625,4077.799680478252,631.8384393384393,1075.345487845488,636.2549603174604,2747.556818181818,299.94084387834386,187.5793650793651,182.22200748986464,404.50857475857475,507.5553365285508,49.112554112554115,875.3318903318903,207.46031746031747,378.2109140859141,384.81184093684095,508.17531179138325,291.6816378066378,139.39153439153438,1141.0077584452586,589.3600932797361,388.4450156325156,123.2260101010101,76.78571428571429,526.7009062366205,7.916666666666667,763.957708957709,469.6200188700189,871.0084915084915,312.8575937950938,214.38852813852813,33.80952380952381,83.18452380952381,131.9564393939394,127.747113997114,270.5000901875902,2.272727272727273,17.5,171.65919497169497,147.2066267066267,0.0,65.11904761904762,33.10606060606061,126.08709645474352,324.4678932178932,14.047619047619047,1.1363636363636365,38.47402597402598,13.047619047619047,187.94642857142856,137.51133786848072,0.0,64.01785714285714,5.489417989417989,29.35606060606061,89.9891774891775,64.52380952380952,196.31439393939394,0.0,183.86904761904762,27.435064935064936,158.28869047619048,60.41666666666667,225.41170634920636,1.1363636363636365,11.11111111111111,552.0405982905983,3.869047619047619,98.49116161616162,14.207251082251082,370.2083333333333,72.14285714285714,95.1984126984127,3.511904761904762,44.270833333333336,3.125,27.568027210884356,5.208333333333334,42.708333333333336,32.88161375661376,0.0,9.166666666666668,69.05753968253968,1.1111111111111112,0.0,6.666666666666667,65.07034632034632,84.79304029304029,10.555555555555555,16.666666666666668,30.5952380952381,1.1111111111111112,1.1111111111111112,1.1111111111111112,1.1111111111111112,1.1111111111111112,15.563543599257885,4.210526315789474,11.11111111111111,175.5265567765568,23.61111111111111,0.0,11.498917748917748,16.496598639455783,15.515873015873016,73.41269841269842,0.0,7.291666666666667,100.51256613756614,44.08730158730159,10.714285714285714,133.8284632034632,159.02777777777777,5.555555555555555,0.0,53.19444444444444,83.34183673469387,26.68831168831169,78.43614718614718,25.0,10.714285714285714,22.475961538461537,38.92857142857142,120.27472527472528,10.0,3.571428571428571,131.9233870704459,0.0,667.1277784715285,6.79945054945055,24.166666666666668,24.753787878787882,4.28030303030303,0.0,0.0,66.44390331890332,16.666666666666664,26.388888888888886,13.041666666666668,0.0,0.0,84.25824175824175,31.0515873015873,29.678362573099417,0.0,52.761904761904766,32.948232323232325,17.657342657342657,14.305555555555555,0.0,2.7777777777777777,5.357142857142857,6.666666666666667,12.5,93.27462121212122,0.0,10.714285714285715,36.458333333333336,13.904761904761905,3.3333333333333335,6.666666666666667,86.30952380952381,1.7857142857142856,0.0,0.0,18.0,0.0,1.0,38.25396825396825,5.423280423280422,0.0,0.0,16.666666666666668,6.25,0.0,0.0,0.0,0.0,0.0,4.166666666666667,0.0,1.3888888888888888,0.0,25.0,55.0,0.0,1.7857142857142856,0.0,0.0,0.0,5.357142857142857,0.0,0.0,17.142857142857142,0.0,0.0,0.0,99.20192879016409,0.0,2.0833333333333335,0.0,0.0,5.0,0.0,0.0,4.166666666666667,1.7857142857142856,0.0,0.0,0.0,0.0,0.0,0.0,0.0,0.0,0.0,6.25,0.0,0.0,0.0,0.0,0.0,0.0,0.0,0.0,0.0,0.0,0.0,7.142857142857142,0.0
589.2361111111111,201.875,132.29166666666666,100.69444444444444,129.26136363636365,267.70833333333337,245.83333333333334,2.0833333333333335,161.51515151515153,90.53030303030303,221.875,0.0,91.66666666666667,58.333333333333336,159.16666666666666,84.02777777777779,15.625,2.0833333333333335,162.5,8.333333333333334,77.91666666666667,51.785714285714285,8.333333333333334,9.375,25.0,0.0,100.0,16.145833333333332,50.0,18.75,1.5625,10.0,138.54166666666666,0.0,20.833333333333336,25.0,0.0,33.333333333333336,25.0,25.0,0.0,201.66666666666666,146.28787878787878,75.9469696969697,0.0,0.0,16.666666666666668,16.666666666666668,0.0,0.0,0.0,2.5,12.5,0.0,0.0,10.0,37.5,0.0,0.0,190.0,0.0,0.0,92.08333333333334,8.333333333333334,0.0,0.0,6.25,16.666666666666668,0.0,0.0,0.0,0.0,12.5,0.0,50.0,0.0,50.0,0.0,33.333333333333336,2.5,0.0,0.0,0.0,0.0,0.0,0.0,0.0,0.0,0.0,50.0,0.0,0.0,0.0,0.0,0.0,0.0,8.333333333333332,0.0,0.0,50.0,10.416666666666668,0.0,0.0,0.0,0.0,0.0,0.0,0.0,0.0,16.666666666666668,0.0,0.0,0.0,0.0,0.0,0.0,33.333333333333336,0.0,0.0,0.0,0.0,0.0,25.0,0.0,0.0,0.0,0.0,0.0,0.0,100.0,0.0,0.0,0.0,0.0,0.0,0.0,0.0,0.0,0.0,0.0,0.0,0.0,0.0,31.25,0.0,0.0,0.0,0.0,0.0,0.0,0.0,0.0,0.0,0.0,0.0,0.0,50.0,12.5,0.0,0.0,0.0,0.0,0.0,0.0,0.0,0.0,0.0,0.0,0.0,0.0,0.0,0.0,0.0,0.0,0.0,0.0,0.0,37.5,0.0,0.0,0.0,0.0,0.0,33.333333333333336,0.0,8.333333333333334,0.0,0.0,0.0,0.0,33.333333333333336,0.0,0.0,0.0,0.0,0.0,0.0,0.0,4.166666666666667,0.0,8.333333333333334,0.0,0.0,0.0,6.666666666666667,0.0,0.0,16.666666666666668,0.0,0.0,53.125,0.0,0.0,0.0,0.0,0.0,0.0,0.0,0.0,0.0,25.0,0.0,0.0,0.0,0.0,0.0,0.0,0.0,0.0,0.0,0.0,4.166666666666667,0.0,0.0,0.0,0.0,0.0,0.0,0.0,0.0,0.0,0.0,0.0,0.0,0.0,0.0,0.0,0.0,0.0
4628.06378517316,903.0952380952381,975.109126984127,2492.34126984127,2452.7342978658767,281.26262626262627,377.9166666666667,863.5894660894661,709.4246031746031,859.6810807656396,927.1626984126984,837.2727272727273,204.16666666666669,381.22294372294374,910.0108225108225,0.0,239.6825396825397,407.88690476190476,1993.4325396825398,250.18939393939394,472.20238095238096,727.7489177489177,808.6607142857143,668.0952380952381,580.0595238095239,155.53571428571428,356.62698412698415,254.30555555555554,121.66666666666667,25.0,202.67857142857144,0.0,6.25,342.9761904761905,0.0,0.0,4.166666666666667,0.0,44.16666666666667,0.0,398.2142857142857,4.166666666666667,608.7202380952381,22.5,402.26190476190476,3.125,194.54365079365078,0.0,149.4047619047619,260.91269841269843,0.0,0.0,0.0,50.0,0.0,79.16666666666667,721.8858225108225,1789.3253968253969,82.91666666666667,37.5,0.0,105.9090909090909,0.0,25.0,22.61904761904762,242.3701298701299,0.0,60.0,0.0,0.0,8.333333333333334,25.0,0.0,0.0,97.5,53.57142857142857,50.0,77.14285714285714,25.0,0.0,0.0,410.6547619047619,0.0,242.3701298701299,407.73809523809524,0.0,0.0,0.0,0.0,137.5,3.3333333333333335,0.0,15.476190476190476,8.333333333333334,0.0,0.0,0.0,0.0,0.0,0.0,0.0,0.0,3.8901508055451477,0.0,0.0,138.03571428571428,354.8064955877456,0.0,58.352262083177216,0.0,3.8901508055451477,3.8901508055451477,3.8901508055451477,3.8901508055451477,3.8901508055451477,72.91666666666667,8.333333333333334,38.90150805545148,68.75,0.0,0.0,0.0,0.0,25.0,0.0,0.0,0.0,0.0,0.0,120.05952380952381,239.46428571428572,53.154761904761905,50.0,0.0,107.5,7.142857142857142,0.0,0.0,33.333333333333336,0.0,0.0,216.66666666666669,0.0,0.0,12.5,0.0,0.0,0.0,0.0,18.75,7.142857142857142,66.66666666666667,10.0,0.0,0.0,25.0,0.0,0.0,0.0,0.0,8.333333333333334,66.66666666666667,0.0,0.0,0.0,0.0,0.0,25.0,58.333333333333336,0.0,12.5,50.0,0.0,0.0,0.0,0.0,0.0,0.0,0.0,1206.6170634920636,0.0,0.0,50.0,22.22222222222222,21.09375,5.555555555555555,1.171875,0.0,0.0,382.0833333333333,0.0,0.0,133.33333333333334,50.833333333333336,0.0,37.5,158.33333333333334,27.272727272727273,0.0,0.0,137.5,0.0,0.0,0.0,92.55952380952381,0.0,0.0,0.0,0.0,0.0,0.0,68.62566447967052,0.0,0.0,0.0,0.0,0.0,0.0,16.666666666666668,0.0,75.43859649122808,16.666666666666668,6.25,0.0,33.333333333333336,0.0,0.0,0.0,37.083333333333336,372.3809523809524,0.0,4.166666666666667,0.0,11.904761904761905,0.0,0.0,0.0,0.0,0.0,0.0,0.0,0.0,0.0,0.0,20.833333333333336,11.30952380952381,20.833333333333336,8.333333333333334,0.0
12035.976124724151,3289.5689726939727,2516.782459561715,3506.6233766233768,1883.4591331502088,2807.823826392905,895.8491161616162,2830.552212301371,1374.703282828283,527.6515151515151,493.1256465447642,810.418836164513,3697.5315881014412,1113.699494949495,236.7122113997114,2121.795634920635,517.3214285714286,1359.9954906204907,615.8730158730159,846.9627594627594,492.34272148516334,592.296626984127,931.13483436853,218.96464646464648,1211.1147186147186,933.4722222222223,180.23809523809524,129.33847402597402,501.5636446886447,315.0703463203463,583.7229437229437,660.3589466089467,0.0,327.3313492063492,629.7292291042291,151.69642857142856,45.97222222222222,1677.4185938330675,47.94120718462824,291.42857142857144,331.97566322566325,71.52777777777777,477.20238095238096,140.44823232323233,358.489010989011,24.285714285714285,65.0,208.57142857142858,0.0,325.44823232323233,682.6875901875902,635.4550377882691,108.54347041847042,499.44444444444446,69.93951158195344,66.59415584415585,8.809523809523808,20.23809523809524,0.0,422.9265873015873,0.390625,25.96153846153846,22.916666666666668,179.86111111111111,106.5079365079365,123.36309523809524,24.404761904761905,28.819444444444446,114.45436507936508,62.5,60.101686507936506,11.875,35.11904761904762,15.0,996.7911255411256,121.11888111888112,5.571428571428571,608.7792762792762,0.0,0.0,0.0,62.579365079365076,34.43452380952381,79.16666666666667,2.7777777777777777,13.392857142857142,0.0,4.166666666666667,77.41071428571429,0.0,18.849206349206348,84.82323232323232,78.57142857142857,0.0,24.702380952380953,3.125,0.0,0.0,0.0,32.77777777777778,7.142857142857142,2.5,28.19513592321974,0.0,0.0,0.0,306.92702999282557,0.0,226.0520388482961,0.0,14.861802589886405,14.861802589886405,14.861802589886405,14.861802589886405,14.861802589886405,35.984848484848484,0.0,148.61802589886406,54.71491228070175,0.0,5.555555555555555,26.041666666666668,210.83333333333334,30.208333333333336,0.0,8.75,221.08134920634922,0.0,25.625,61.111111111111114,0.0,0.0,0.8333333333333334,67.32142857142857,0.0,2.5,3.846153846153846,0.0,6.25,0.0,0.0,133.40277777777777,5.0,25.0,0.0,423.9695299073728,531.9444444444445,6.944444444444445,50.0,20.340909090909093,39.5900974025974,12.5,25.0,18.680555555555557,50.0,0.0,13.541666666666668,15.625,10.714285714285714,21.428571428571427,33.75,16.666666666666668,0.0,0.0,6.944444444444445,48.214285714285715,0.0,169.6577380952381,44.12202380952381,0.0,37.77777777777778,159.35670141262247,25.0,55.0,9.375,0.0,0.0,0.0,8.333333333333334,0.0,53.125,0.0,96.88492063492063,18.181818181818183,62.33670584734414,4.545454545454546,3.4631503248524522,42.5,0.0,471.1092032967033,148.98809523809524,32.77777777777778,57.5,4.166666666666667,1.3888888888888888,407.57359601449275,124.96527777777779,8.333333333333334,0.0,514.5633950653973,4.545454545454546,3.3333333333333335,0.0,0.0,4.553571428571429,7.142857142857142,0.0,0.0,0.0,0.0,0.0,0.0,0.0,0.0,25.0,88.125,0.0,29.444444444444443,0.0,6.25,323.3248948921345,0.0,0.0,4.166666666666667,0.0,0.0,37.85714285714286,0.0,0.0,0.0,0.0,12.5,17.395833333333336,10.714285714285714,64.38852813852814,38.333333333333336,0.0,0.0,19.444444444444443,0.0,8.333333333333332,14.285714285714285,3.125,9.642857142857142,0.0,45.833333333333336,0.0,0.0,0.0
12866.138298378086,2673.3465693233497,5143.37046135554,2243.381460789675,954.185245701836,658.0687830687831,1010.3225478225478,1088.9344303643838,1503.7153554873807,495.9156584156584,1282.925427643515,529.800552231741,5497.056731940953,385.4751407576485,704.5778910999163,0.0,942.1712276085341,1582.60323010323,747.4702380952381,535.1984126984127,607.1428571428571,291.25473941263414,120.58531746031746,418.6122718889074,521.3293650793651,566.4087301587301,586.7643467643468,85.05952380952381,54.166666666666664,0.0,222.79761904761904,0.0,0.0,38.06935817805383,0.0,0.0,8.333333333333334,25.0,123.58225108225108,0.0,149.58333333333334,18.333333333333336,341.0695773524721,0.0,782.6388888888889,60.0,145.58531746031747,0.0,82.5,116.66666666666667,77.77777777777779,68.26365663322186,50.0,8.333333333333334,0.0,6.25,257.888198757764,272.1494708994709,160.41666666666666,107.77007818052594,0.0,37.083333333333336,30.0,42.5,40.0,46.66666666666667,0.0,208.83098111039288,0.0,60.0,57.14285714285714,0.0,0.0,0.0,0.0,49.88095238095238,0.0,286.0093342330184,0.0,0.0,0.0,9.523809523809524,0.0,20.0,93.97215865751335,0.0,0.0,0.0,0.0,0.0,0.0,8.333333333333334,28.58974358974359,47.91666666666667,0.0,0.0,0.0,27.037037037037038,0.0,213.80952380952382,22.22222222222222,0.0,8.225691450782149,74.11442208462333,0.0,475.61507936507934,151.87957211870255,0.0,123.38537176173223,0.0,8.225691450782149,8.225691450782149,8.225691450782149,8.225691450782149,8.225691450782149,25.0,0.0,82.25691450782149,74.37490628280102,0.0,0.0,0.0,0.0,0.0,2.5,0.0,192.36111111111111,0.0,0.0,397.3656898656899,0.0,5.555555555555555,6.25,62.5,0.0,65.27777777777777,0.0,0.0,54.16666666666667,0.0,0.0,19.642857142857142,0.0,0.0,50.0,0.0,1134.2628425639261,14.285714285714285,5.555555555555555,50.0,15.833333333333334,374.8899711399711,17.5,0.0,0.0,0.0,0.0,0.0,5.555555555555555,11.11111111111111,0.0,12.5,45.45454545454546,121.43518518518519,87.5,8.333333333333334,0.0,0.0,129.76190476190476,0.0,220.06944444444446,2.0833333333333335,0.0,0.0,0.0,10.0,0.0,0.0,0.0,392.3015873015873,0.0,0.0,38.333333333333336,0.0,154.9833759590793,0.0,8.610187553282183,0.0,0.0,120.83333333333334,29.166666666666668,0.0,52.97619047619048,32.5,0.0,22.17391304347826,68.45238095238095,10.714285714285714,0.0,0.0,0.0,66.66666666666667,0.0,0.0,35.714285714285715,0.0,0.0,0.0,0.0,0.0,0.0,57.142857142857146,0.0,0.0,42.857142857142854,258.9048696401638,14.285714285714285,0.0,21.11111111111111,0.0,0.0,72.02380952380952,49.0126050420168,0.0,42.22222222222222,0.0,8.333333333333334,0.0,145.68452380952382,16.666666666666668,0.0,10.317460317460316,0.0,14.285714285714285,8.333333333333334,0.0,0.0,0.0,154.66117216117217,0.0,0.0,0.0,0.0,0.0,2.7777777777777777,0.0,2.7777777777777777,29.166666666666668,0.0
3497.915223665224,2029.3412698412699,268.68650793650795,383.0952380952381,3169.03354978355,191.9246031746032,574.0277777777778,91.71428571428572,477.0238095238095,427.8598484848485,400.75,689.8124098124098,38.333333333333336,67.14285714285714,108.52813852813853,200.46987734487735,143.83333333333334,200.4047619047619,93.11111111111111,98.5,470.6746031746032,253.33333333333334,77.5,287.0064935064935,28.333333333333336,40.0,137.26190476190476,43.333333333333336,16.5,131.66666666666669,45.80952380952381,169.86111111111111,5.555555555555555,118.33333333333333,450.6060606060606,138.75,63.333333333333336,2.0,406.6666666666667,70.47619047619048,112.41666666666667,676.9444444444445,0.0,68.33333333333334,0.0,0.0,20.0,78.33333333333334,7.333333333333334,0.0,40.41666666666667,241.25,1.25,103.33333333333334,32.23809523809524,0.0,160.0,5.0,526.4015151515151,0.0,182.7507215007215,50.0,0.0,0.0,115.41666666666667,16.666666666666668,0.0,0.0,10.0,30.0,0.0,20.833333333333332,0.0,0.0,9.0,0.0,0.0,0.0,5.0,54.54545454545455,98.88888888888889,7.916666666666667,157.08333333333334,16.666666666666668,112.5,6.666666666666667,6.428571428571429,0.0,2.0,25.0,0.0,0.0,0.0,0.0,3.3333333333333335,0.0,0.0,0.0,0.0,0.0,33.66666666666667,4.821428571428571,0.0,2.5,241.92460317460316,40.0,0.0,70.0,0.0,16.666666666666668,0.0,0.0,0.0,0.0,0.0,50.0,4.5,0.0,0.0,0.0,44.26190476190476,0.0,10.0,0.0,125.0,14.166666666666668,0.0,0.0,16.666666666666668,0.0,0.0,0.0,0.0,0.0,18.57142857142857,0.0,0.0,0.0,2.0,0.0,4.5,0.0,13.333333333333334,2.272727272727273,0.0,0.0,0.0,0.0,3.3333333333333335,0.0,0.0,0.0,0.0,5.0,0.0,0.0,0.0,0.0,0.0,0.0,0.0,0.0,0.0,0.0,0.0,0.0,25.0,0.0,0.0,13.409090909090908,0.0,0.0,0.0,0.0,0.0,0.0,55.0,1.6666666666666667,47.5,0.0,0.0,0.0,0.0,0.0,0.0,0.0,0.0,0.0,0.0,0.0,0.0,0.0,0.0,0.0,0.0,0.0,0.0,0.0,0.0,0.0,0.0,0.0,0.0,0.0,0.0,0.0,0.0,0.0,19.841269841269842,0.0,0.0,4.166666666666667,0.0,0.0,0.0,0.0,0.0,0.0,0.0,0.0,0.0,0.0,0.0,1.25,0.0,0.0,0.0,0.0,0.0,0.0,0.0,0.0,12.5,3.3333333333333335,0.0,0.0,0.0,0.0,0.0,0.0,0.0,0.0,2.5,0.0,0.0,0.0,0.0,0.0,0.0
15695.81574879369,2267.227702852703,2850.5767496392496,8814.401834519322,3757.8169053169054,827.0261682761683,2934.651182151182,3135.9144409512055,2866.6920323828217,1488.2458513708514,2879.6660746660746,715.8270202020202,1694.48362979613,3344.0149433899433,2957.2709391643216,210.21344396344395,2808.898115773116,1261.9426855823915,681.6840145148968,1914.1494616494617,1480.418401043401,1535.2454489954491,1083.7314618543166,2403.039321789322,1670.9179928258875,1725.3659534909534,507.24386724386727,659.678468701356,1758.0180236430238,258.35497835497836,1867.9372506578388,892.7553696303696,0.0,1022.3174741924743,1633.4882478632478,472.97299922299925,1112.9779942279943,401.7378454878455,16056.89824429956,1421.0985793859077,791.8642917539976,11.48989898989899,680.7756132756133,177.01388888888889,760.5958393458393,403.9784046362994,309.4417388167388,559.825487012987,344.46040071040073,417.6995920745921,1084.493006993007,465.734126984127,560.4960317460318,121.72619047619048,2737.4216755466755,20.02164502164502,85.71820175438597,35.498366013071895,291.34199134199133,58.333333333333336,280.0992063492063,2127.1760878010878,27.61904761904762,54.513888888888886,61.08974358974359,224.70959595959596,19.930555555555557,472.3284354534355,329.44324194324196,12.5,621.2400793650794,411.1327561327561,201.33928571428572,54.50396825396826,5.048076923076923,212.17948717948718,104.16666666666667,111.9047619047619,20.23809523809524,72.68849206349206,293.9402958152958,28.273809523809522,129.41468253968253,224.70959595959596,164.28571428571428,467.8495564892624,226.38888888888889,22.916666666666668,26.67748917748918,125.47619047619048,131.75123122491544,15.902777777777779,50.0,0.0,59.366883116883116,6.25,0.0,86.42427017427018,42.65873015873016,10.0,449.6000527250527,51.56926406926407,6.892312602560935,100.0,1271.5804334554334,398.58315295815294,60.37753912753913,272.4918831168831,103.38468903841402,0.0,6.892312602560935,6.892312602560935,6.892312602560935,6.892312602560935,6.892312602560935,56.875,7.692307692307692,68.92312602560935,399.9107142857143,9.375,289.23611111111114,19.642857142857142,66.07142857142857,10.375457875457876,137.5,123.80952380952381,132.21320346320346,102.5487012987013,21.74693362193362,2.7777777777777777,72.56132756132756,0.0,22.5,411.0254329004329,144.06746031746033,118.33333333333333,10.267857142857142,25.0,3.463203463203463,1.6666666666666667,33.333333333333336,95.70436507936508,50.12591575091575,0.0,2.7777777777777777,39.08371040723981,140.93073593073592,267.3277417027417,0.0,2.5,183.57642357642357,146.25541125541125,202.27272727272728,46.39180264180264,488.5585941835942,50.0,13.541666666666668,8.680555555555555,11.11111111111111,22.22222222222222,69.64285714285714,93.75,3.571428571428571,475.22907647907647,9.375,78.10606060606061,6.25,75.1984126984127,87.45310245310245,0.0,212.1679709179709,25.0,0.0,47.70923520923521,0.0,22.22222222222222,341.9047619047619,0.0,9.027777777777779,57.77777777777778,8.333333333333334,104.64285714285714,66.66666666666667,36.111111111111114,6.3311688311688314,9.027777777777779,0.0,92.61197136197137,6.964006259780907,4.166666666666667,0.0,0.0,46.77128427128427,68.18278943278943,5.238095238095238,0.0,276.72535211267603,0.0,0.0,3.125,120.0,49.99999999999999,34.267954267954266,0.0,0.0,28.650793650793652,89.58333333333334,11.25,0.0,75.0,0.0,9.027777777777779,19.642857142857142,0.0,7.142857142857142,3.3333333333333335,123.22059884559884,64.58333333333334,19.56376956376956,0.0,0.0,58.22510822510823,14.285714285714285,0.0,39.12753912753913,0.0,3.125,90.86309523809524,0.0,25.0,11.494708994708994,0.0,1.3888888888888888,30.0,0.0,75.61688311688312,79.76190476190476,0.0,63.63636363636364,0.0,52.083333333333336,16.349206349206348,6.25,5.555555555555555,0.0,0.0,0.0,50.0,21.428571428571427
7011.259697546462,1696.3492063492065,4230.551982739483,2008.8558316683316,1226.7379842379842,384.0575396825397,1756.111111111111,481.4087301587302,897.6388888888889,609.6888528138528,1014.5833333333334,419.6151764901765,1251.2039512774807,685.6764069264069,538.5750360750361,197.08333333333334,600.7075702075703,681.4935064935065,217.08333333333334,250.91089466089466,172.91666666666666,486.1313686313686,157.4404761904762,519.472529104882,530.7792207792207,115.21825396825396,199.72222222222223,98.90873015873017,82.61904761904762,19.162087912087912,91.66666666666667,274.3235930735931,5.555555555555555,89.22619047619048,66.66666666666667,20.833333333333336,25.0,50.0,683.219696969697,36.904761904761905,116.66666666666667,29.166666666666668,208.22420634920636,0.0,169.90079365079364,55.238095238095234,284.484126984127,27.976190476190474,14.166666666666668,21.825396825396826,201.96608946608947,115.27777777777777,33.25,60.0,40.47619047619048,44.583333333333336,224.16666666666666,186.03174603174602,38.92857142857143,55.35714285714286,0.0,26.25,23.4375,110.0,0.0,0.0,4.166666666666667,55.0,0.0,0.0,2.941176470588235,6.25,0.0,12.5,10.0,6.25,0.0,101.66666666666667,0.0,0.0,50.0,4.166666666666667,0.0,0.0,25.0,32.73809523809524,0.0,89.82933732933733,7.142857142857142,33.333333333333336,0.0,0.0,25.0,0.0,0.0,0.0,0.0,8.333333333333334,0.0,0.0,0.0,35.71428571428571,2.1953405017921144,25.0,0.0,122.22132034632035,20.0,0.0,32.93010752688172,0.0,2.1953405017921144,2.1953405017921144,2.1953405017921144,2.1953405017921144,2.1953405017921144,25.0,0.0,21.953405017921146,48.035714285714285,275.0,37.5,0.0,50.0,0.0,0.0,0.0,247.36111111111111,0.0,0.0,67.02380952380952,0.0,0.0,0.0,75.0,25.0,0.0,0.0,0.0,0.0,0.0,4.166666666666667,0.0,0.0,0.0,26.666666666666668,13.88888888888889,181.54761904761907,0.0,27.083333333333336,48.51190476190476,51.5625,244.55433455433453,50.0,3.571428571428571,245.67307692307693,0.0,0.0,0.0,2.941176470588235,5.88235294117647,0.0,37.5,0.0,37.5,0.0,4.545454545454546,0.0,13.125,11.11111111111111,0.0,0.0,48.75,0.0,0.0,20.833333333333336,2.5,0.0,0.0,12.5,387.76785714285717,0.0,25.0,145.83333333333334,0.0,0.0,0.0,0.0,0.0,5.416666666666667,34.375,0.0,7.142857142857142,0.0,5.0,0.0,34.80392156862745,1.7857142857142856,0.0,0.0,0.0,0.0,8.914141414141415,0.0,3.125,0.0,0.0,0.0,0.0,0.0,0.0,50.0,0.0,0.0,0.0,0.0,50.0,0.0,3.125,10.0,0.0,33.333333333333336,12.5,27.976190476190474,0.0,20.0,0.0,0.0,0.0,0.0,50.0,0.0,0.0,5.0,19.375,5.555555555555555,0.0,0.0,0.0,7.478632478632479,9.375,0.0,0.0,0.0,0.0,3.7037037037037033,0.0,3.7037037037037033,29.166666666666668,0.0
60.0,0.0,0.0,0.0,50.0,0.0,0.0,0.0,0.0,0.0,0.0,0.0,20.0,0.0,0.0,0.0,37.5,0.0,0.0,0.0,0.0,0.0,0.0,0.0,0.0,0.0,0.0,0.0,0.0,10.0,0.0,0.0,0.0,0.0,0.0,0.0,0.0,0.0,0.0,0.0,0.0,0.0,0.0,0.0,0.0,0.0,0.0,0.0,0.0,0.0,0.0,0.0,0.0,0.0,0.0,0.0,0.0,0.0,0.0,0.0,0.0,0.0,0.0,0.0,0.0,0.0,0.0,0.0,0.0,0.0,0.0,0.0,0.0,0.0,0.0,0.0,0.0,0.0,0.0,0.0,0.0,0.0,0.0,0.0,0.0,0.0,0.0,0.0,0.0,0.0,0.0,0.0,10.0,0.0,0.0,0.0,0.0,0.0,0.0,0.0,0.0,0.0,0.0,0.0,0.0,0.0,0.0,0.0,0.0,0.0,0.0,0.0,0.0,0.0,0.0,0.0,0.0,0.0,0.0,0.0,0.0,0.0,0.0,0.0,0.0,0.0,0.0,0.0,0.0,0.0,0.0,0.0,0.0,0.0,0.0,0.0,0.0,0.0,0.0,0.0,0.0,0.0,0.0,0.0,0.0,0.0,0.0,0.0,0.0,0.0,0.0,12.5,0.0,0.0,0.0,0.0,0.0,0.0,0.0,0.0,0.0,0.0,0.0,0.0,0.0,0.0,0.0,0.0,0.0,0.0,0.0,0.0,0.0,0.0,0.0,0.0,0.0,0.0,0.0,0.0,0.0,0.0,0.0,0.0,0.0,0.0,0.0,0.0,0.0,0.0,0.0,0.0,0.0,0.0,0.0,0.0,0.0,0.0,0.0,0.0,0.0,0.0,0.0,0.0,0.0,0.0,0.0,0.0,0.0,0.0,0.0,0.0,0.0,0.0,0.0,0.0,0.0,0.0,0.0,0.0,0.0,0.0,0.0,0.0,0.0,0.0,0.0,0.0,0.0,0.0,0.0,0.0,0.0,0.0,0.0,0.0,0.0,0.0,0.0,0.0,0.0,0.0,0.0,0.0,0.0,0.0,0.0,0.0,0.0
90.27777777777777,66.66666666666667,0.0,58.33333333333333,0.0,51.388888888888886,16.666666666666668,3.3333333333333335,46.66666666666667,0.0,0.0,0.0,0.0,0.0,0.0,33.333333333333336,0.0,16.666666666666668,0.0,0.0,0.0,0.0,0.0,66.66666666666667,1.5151515151515151,0.0,0.0,0.0,0.0,0.0,0.0,0.0,0.0,0.0,16.666666666666664,1.5151515151515151,33.33333333333333,0.0,0.0,0.0,0.0,0.0,0.0,0.0,0.0,0.0,0.0,0.0,0.0,0.0,0.0,0.0,0.0,0.0,0.0,0.0,0.0,0.0,0.0,0.0,0.0,0.0,0.0,0.0,0.0,0.0,0.0,0.0,0.0,0.0,0.0,0.0,0.0,0.0,0.0,0.0,2.7777777777777777,25.0,0.0,0.0,0.0,0.0,0.0,0.0,0.0,0.0,0.0,0.0,0.0,0.0,0.0,0.0,0.0,0.0,0.0,0.0,0.0,0.0,0.0,0.0,0.0,0.0,0.0,0.0,0.0,0.0,0.0,0.0,0.0,0.0,0.0,0.0,0.0,0.0,0.0,0.0,0.0,0.0,0.0,0.0,0.0,0.0,0.0,0.0,0.0,0.0,0.0,0.0,0.0,0.0,0.0,0.0,0.0,0.0,0.0,0.0,0.0,0.0,0.0,0.0,0.0,0.0,0.0,0.0,30.303030303030305,0.0,0.0,0.0,0.0,0.0,0.0,0.0,22.22222222222222,0.0,0.0,0.0,0.0,0.0,0.0,0.0,0.0,0.0,0.0,0.0,0.0,0.0,0.0,0.0,0.0,0.0,0.0,0.0,0.0,0.0,0.0,0.0,0.0,0.0,0.0,0.0,0.0,0.0,0.0,0.0,0.0,0.0,0.0,0.0,0.0,0.0,0.0,0.0,0.0,0.0,0.0,0.0,0.0,0.0,0.0,0.0,0.0,0.0,0.0,0.0,0.0,0.0,0.0,0.0,0.0,0.0,0.0,0.0,0.0,0.0,0.0,0.0,0.0,0.0,0.0,0.0,0.0,0.0,0.0,0.0,0.0,0.0,0.0,0.0,0.0,0.0,0.0,0.0,0.0,0.0,0.0,0.0,0.0,0.0,0.0,0.0,0.0,0.0,0.0,0.0,0.0,0.0,0.0,0.0,0.0
13829.877128375581,3331.277120497322,4777.341240201147,3682.7817501269515,1720.1140873015872,1739.1431704260651,765.3571428571429,2427.7773409558754,2701.448823794025,803.1482753357753,1543.0166361416361,560.9309725684532,9584.336562261418,1035.1190476190477,1456.5850815850815,568.9880952380952,813.0059523809524,1069.1491147741149,281.30647130647134,668.3406125608138,375.625,289.04761904761904,759.6428571428571,348.6904761904762,794.7925685425686,712.0833333333334,1037.9510971055088,706.359126984127,227.14285714285714,50.0,579.9603816805829,512.5,143.05555555555557,94.62301587301587,264.88095238095235,240.40584415584416,17.063492063492063,881.4285714285714,1832.1795197728827,35.71428571428571,223.22916666666669,139.16666666666666,509.2979242979243,140.6547619047619,1063.834915084915,117.14285714285714,63.095238095238095,16.666666666666668,8.116883116883116,320.07936507936506,537.4918831168832,155.3968253968254,283.35813492063494,138.88888888888889,12.5,9.226190476190476,140.27777777777777,138.83928571428572,195.38690476190476,226.07142857142858,7.142857142857142,37.87878787878788,213.6904761904762,56.94444444444444,72.14285714285714,259.3358395989975,114.16666666666667,237.51984126984127,161.11111111111111,51.785714285714285,99.16666666666667,0.0,0.0,0.0,264.5833333333333,7.142857142857142,55.55555555555556,687.8600566100566,0.0,89.16666666666667,0.0,10.0,25.0,259.3358395989975,120.43650793650794,37.5,6.25,8.333333333333334,4.166666666666667,80.27777777777777,11.31578947368421,83.98809523809524,267.14285714285717,0.0,2.0833333333333335,0.0,19.841269841269842,111.25,6.875,85.0,47.5,12.5,10.298202614379084,57.29166666666667,76.38888888888889,607.6190476190476,87.86231884057972,0.0,71.13970588235294,0.0,4.742647058823529,4.742647058823529,4.742647058823529,4.742647058823529,4.742647058823529,50.0,0.0,47.4264705882353,96.66666666666667,0.0,0.0,10.0,750.4960317460318,0.0,0.0,0.0,355.28138528138527,0.0,32.14285714285714,283.40277777777777,70.0,0.0,50.0,50.0,50.0,110.51587301587301,0.0,84.04761904761905,300.8333333333333,0.0,0.0,135.29761904761904,0.0,38.05555555555556,113.98809523809524,40.432098765432094,445.4978354978355,31.25,50.0,0.0,12.019230769230768,90.99702380952381,107.91666666666667,0.0,0.0,0.0,0.0,0.0,0.0,0.0,50.0,50.0,0.0,112.62175324675326,0.0,12.5,0.0,134.67948717948718,9.065934065934066,8.333333333333334,447.3695054945055,10.0,0.0,53.81944444444444,0.0,0.0,0.0,0.0,0.0,162.1031746031746,0.0,35.41666666666667,125.2156125608138,0.0,78.26086956521739,0.0,4.3478260869565215,0.0,0.0,148.88888888888889,30.833333333333336,125.71428571428571,14.285714285714285,32.83730158730159,7.142857142857142,85.0,71.03174603174604,16.26984126984127,0.0,0.0,6.25,2.7777777777777777,32.14285714285714,0.0,20.48611111111111,0.0,86.45833333333334,0.0,0.0,0.0,0.0,41.66666666666667,0.0,0.0,0.0,158.2983193277311,0.0,25.0,0.0,241.66666666666669,33.80952380952381,85.15873015873017,0.0,0.0,0.0,0.0,16.666666666666668,0.0,79.16666666666667,30.0,0.0,0.0,7.142857142857142,12.5,0.0,0.0,20.0,0.0,54.16666666666667,0.0,0.0,0.0,0.0,133.33333333333334,0.0,14.166666666666668,0.0,0.0,0.0
944.1715681661334,213.57142857142858,194.375,251.8452380952381,161.4484126984127,498.19444444444446,113.33333333333333,332.1825396825397,68.05555555555556,191.875,108.63095238095238,204.55357142857144,4.166666666666667,114.28571428571428,14.285714285714285,0.0,45.238095238095234,137.5,69.44444444444444,35.833333333333336,12.5,6.25,135.69444444444446,46.42857142857143,215.89285714285714,20.0,68.75,0.0,18.84057971014493,0.0,11.25,0.0,0.0,8.333333333333334,0.0,0.0,12.5,0.0,0.0,0.0,0.0,0.0,118.21428571428572,0.0,14.285714285714285,5.0,89.58333333333333,0.0,9.166666666666668,42.857142857142854,15.0,0.0,0.0,0.0,0.0,6.25,92.5,28.47222222222222,0.0,0.0,0.0,28.40909090909091,0.0,0.0,2.380952380952381,11.666666666666666,0.0,0.0,0.0,0.0,6.25,0.0,0.0,0.0,0.0,25.0,10.0,0.0,0.0,0.0,0.0,0.5263157894736842,0.0,11.666666666666666,26.785714285714285,0.0,0.0,0.0,0.0,0.0,0.0,0.0,0.0,0.0,0.0,0.0,0.0,0.0,0.0,0.0,0.0,0.0,2.261335156071998,0.0,0.0,8.333333333333334,59.34782608695652,0.0,33.92002734107997,0.0,2.261335156071998,2.261335156071998,2.261335156071998,2.261335156071998,2.261335156071998,0.0,0.0,22.61335156071998,0.0,0.0,0.0,0.0,0.0,0.0,0.0,0.0,0.0,0.0,0.0,115.55555555555556,0.0,14.015151515151516,0.0,0.0,12.5,0.0,0.0,0.0,6.25,0.0,0.0,0.0,0.0,0.0,0.0,13.88888888888889,0.0,0.0,0.0,0.0,0.0,16.666666666666664,2.7777777777777777,0.0,0.0,0.0,0.0,0.0,0.0,0.0,0.0,0.0,0.0,0.0,58.333333333333336,4.166666666666667,0.0,25.0,0.0,0.0,0.0,0.0,0.0,0.0,0.0,0.0,0.0,0.0,0.0,512.9166666666666,0.0,10.0,0.0,40.0,39.130434782608695,10.0,2.1739130434782608,0.0,0.0,25.0,0.0,0.0,118.75,0.0,0.0,0.0,0.0,0.0,0.0,0.0,0.0,0.0,0.0,0.0,158.33333333333334,0.0,0.0,0.0,0.0,0.0,0.0,257.2916666666667,0.0,0.0,0.0,0.0,12.5,0.0,6.666666666666667,0.0,0.0,0.0,0.0,0.0,13.333333333333334,0.0,0.0,0.0,2.7777777777777777,0.0,0.0,0.0,0.0,45.23809523809524,0.0,0.0,0.0,0.0,0.0,0.0,3.125,0.0,0.0,0.0,0.0,0.0,0.0,0.0,0.0
4744.979770569844,1436.584404021904,1546.7998669358963,1376.9392273031979,1616.6094726423673,743.9720965309201,503.59030756824876,1765.1804653679653,942.1860924163556,264.7040898915899,490.4359910242263,301.69016655858763,473.5364265364265,942.500992063492,186.16784141784143,401.5388014763015,696.5113636363636,346.2725653975654,267.4461996336996,176.39726613256025,340.80735236985237,245.26831828302417,762.1800421800422,220.9516640766641,144.55128205128204,390.11403873903873,129.38095238095238,185.34571501483265,130.17526917526916,86.4731449106449,90.52890274929749,274.40476190476187,36.38392857142857,85.77411477411478,127.49963924963924,91.02742165242165,63.07924482924483,1.923076923076923,765.9065783073136,301.6244658119658,213.0087292093871,49.166666666666664,59.889971139971145,161.40888278388277,17.97138047138047,298.3053039796461,398.22414622414624,137.50595238095238,10.0,21.6765873015873,16.25,22.857142857142858,78.07251082251082,42.708333333333336,119.1036162911163,35.256410256410255,0.0,79.34589348559938,6.333333333333334,36.964285714285715,9.166666666666668,3.541666666666667,22.569444444444443,49.13194444444444,20.0,9.46969696969697,3.888888888888889,11.222222222222221,75.47161172161172,2.7564102564102564,0.0,91.17063492063492,0.0,0.0,11.583333333333332,49.92063492063492,243.98214285714286,5.0,10.476190476190476,0.0,31.926406926406926,16.26984126984127,31.805555555555557,9.46969696969697,19.444444444444446,82.1565934065934,0.0,24.04040404040404,0.0,13.25,5.929487179487179,2.5,1.4285714285714286,0.0,0.0,4.166666666666667,1.5625,2.7777777777777777,2.041666666666667,4.166666666666667,5.0,19.22069597069597,0.0,2.5,1.1363636363636365,0.0,3.784313725490196,0.0,0.0,0.0,0.0,0.0,0.0,0.0,0.0,2.0833333333333335,0.0,0.0,245.32738095238096,127.01388888888889,0.0,0.0,6.25,0.0,0.0,0.0,32.291666666666664,14.0625,0.0,0.0,68.17460317460318,5.654761904761905,0.0,25.0,68.87820512820512,43.657051282051285,6.346153846153846,0.0,0.0,0.0,0.0,6.261904761904762,0.0,0.0,0.0,5.9523809523809526,3.125,120.14451173826174,2.0833333333333335,12.973484848484848,22.916666666666668,6.6017316017316015,25.0,0.0,11.821428571428571,0.0,0.0,3.041666666666667,0.0,0.0,49.44444444444445,1.4285714285714286,49.70783688275948,0.0,25.261904761904763,1.923076923076923,12.5,7.083333333333334,0.0,11.11111111111111,0.0,0.0,0.0,284.18856837606836,0.0,0.0,1.1363636363636365,7.416666666666667,2.7777777777777777,16.041666666666668,0.0,0.0,8.333333333333334,0.0,7.725490196078432,0.0,0.3921568627450981,1.3888888888888888,2.948717948717949,1.6666666666666667,0.0,12.5,25.394736842105264,0.0,0.0,0.0,5.092592592592593,0.0,0.0,0.0,7.638888888888889,0.0,0.0,0.0,0.0,0.0,19.21672077922078,0.0,0.0,0.7142857142857143,0.0,0.0,13.88888888888889,0.0,0.0,0.0,100.79166666666667,0.0,0.0,0.0,0.0,0.0,2.272727272727273,0.0,0.0,0.0,0.0,0.0,9.375,0.0,3.125,0.0,0.0,0.0,4.166666666666667,0.0,16.666666666666668,0.0,0.0,1.1363636363636365,9.090909090909092,0.0,0.0,0.0,0.0,0.0,0.0,0.0,0.0
7981.854230884628,2187.393711413108,2159.744315883635,2239.513659156461,2412.9903451840373,1538.0119810744811,376.3564246211305,2054.2407351635293,943.4152953527954,564.961126178038,789.6142579327563,540.1736479464807,1939.4616702741703,1201.911436602613,455.2786149036149,423.83914002664005,1762.877202590438,655.2367292794925,943.6464624699919,374.708520237932,1013.104094979095,613.4160631035631,485.14541014541015,517.6712454212454,372.47786935286933,645.7111404390816,487.123778998779,203.67028804528806,182.21425333925333,107.81017593517593,138.1991108306898,237.63948222829802,39.50883838383839,62.1038961038961,151.07753126503127,215.75282356532355,75.7007437007437,52.96744921744922,1121.992754708312,188.28923853923854,765.9688269247093,0.0,106.24503968253968,51.29069541569542,53.883616383616385,302.388468013468,418.81851381307905,125.05952380952381,21.346153846153847,36.623931623931625,72.5400641025641,103.73106060606061,355.93133255633256,346.62164224664224,175.81576756576757,15.277777777777779,11.904761904761905,75.63822751322752,51.591824841824845,42.48196248196248,10.757575757575758,22.20959595959596,42.78464590964591,65.20826395826396,8.333333333333334,73.91988493962178,34.015151515151516,119.56746031746032,77.92471417471418,24.855407750144593,61.879629629629626,177.00396825396825,30.363756613756614,0.0,138.66666666666666,19.348776223776223,881.3630952380953,311.87524281274284,0.0,17.916666666666668,19.38888888888889,6.646825396825396,180.35912004662003,73.91988493962178,287.3097041847042,154.1044815321131,5.0,11.540404040404042,13.742283950617285,47.654761904761905,68.21428571428572,15.625,255.0915750915751,4.446640316205533,0.0,5.303030303030304,0.0,26.348280460509564,2.7777777777777777,8.333333333333334,29.166666666666668,22.257240323029798,1.1442894507410637,23.737373737373737,9.583333333333334,24.25595238095238,14.083756822887258,0.0,28.275452872227067,9.375,1.1442894507410637,1.1442894507410637,1.1442894507410637,1.1442894507410637,1.1442894507410637,9.226190476190476,9.761904761904763,11.442894507410637,108.75,240.18939393939394,5.934343434343434,2.5,0.0,0.0,29.51388888888889,91.78661616161617,106.11111111111111,7.948717948717949,0.0,25.0,117.51743626743627,20.0,0.0,44.79166666666667,108.21047008547008,70.32371794871796,0.0,4.166666666666667,0.0,19.726190476190478,16.083916083916083,10.877289377289378,0.0,0.0,1.4285714285714286,8.333333333333334,83.00438596491227,172.370115995116,4.166666666666667,14.682539682539682,15.902777777777779,9.126984126984127,42.857142857142854,0.0,128.42623716153128,15.625,23.715828031617505,4.272727272727273,11.538461538461537,23.076923076923073,3.6706349206349205,157.15248599439775,57.3159907902555,164.72222222222223,11.190476190476192,1.923076923076923,0.0,37.637362637362635,0.0,0.0,23.134920634920636,36.13636363636364,0.0,130.27678571428572,0.0,0.0,0.0,7.416666666666667,0.0,56.31493506493507,0.0,51.388888888888886,9.027777777777779,0.0,107.56333521550913,0.0,5.541878411443629,2.2222222222222223,0.0,8.333333333333334,0.0,0.0,88.25396825396825,0.0,0.0,3.3333333333333335,0.9803921568627451,11.11111111111111,4.166666666666667,9.375,7.638888888888889,12.878787878787879,13.88888888888889,0.0,2.5,1.5625,6.4393939393939394,5.423280423280422,0.0,0.7142857142857143,0.0,0.0,24.6031746031746,3.125,0.0,25.0,147.6874098124098,25.0,0.0,73.75,1017.1101863392885,6.25,2.272727272727273,0.0,0.0,0.0,0.0,50.0,9.375,1.6666666666666667,0.0,0.7692307692307692,0.0,0.0,3.125,1.3888888888888888,16.666666666666668,0.0,0.0,0.0,0.0,0.0,0.0,0.0,0.0,0.0,0.0,1.1111111111111112,0.0
6185.101761055708,675.6788697413698,750.8580077330078,1201.577565952566,908.3194444444445,313.95250582750583,450.5782365782366,780.192353942354,550.246743996744,339.93090243090245,318.57926795426795,181.4331501831502,1232.4365108575635,239.76280663780665,598.659188034188,280.75396825396825,412.8029354904355,178.79674723424722,158.77213064713064,108.01587301587301,339.07916157916156,122.7732683982684,116.29960317460318,155.4586385836386,77.54629629629629,226.43939393939394,119.88095238095238,110.0,148.7950937950938,63.326210826210826,121.93362193362194,71.52777777777779,16.07142857142857,48.05555555555556,72.08333333333334,17.77777777777778,13.17016317016317,0.0,684.500222000222,50.0,170.984015984016,0.0,59.292929292929294,34.464886964886965,126.26262626262627,91.875,135.33670033670035,21.52777777777778,1.282051282051282,13.601190476190476,121.80555555555556,60.05050505050505,89.68650793650794,155.04689754689755,34.52380952380952,22.38095238095238,96.38888888888889,33.33333333333333,51.25874125874126,518.5871535871536,3.571428571428571,46.22685185185185,14.285714285714285,34.53040015540016,11.879960317460318,2.0833333333333335,5.0,44.19345238095238,4.166666666666667,0.0,39.86772486772487,25.0,11.938431938431938,0.0,8.333333333333332,158.33333333333334,21.339285714285715,216.33366633366634,0.0,11.666666666666668,0.0,2.380952380952381,176.12796925296925,2.0833333333333335,12.651515151515152,44.38161375661376,3.3333333333333335,0.0,3.125,0.0,0.0,14.23611111111111,36.64529914529915,0.0,0.0,0.0,0.0,2.1031746031746033,2.0833333333333335,0.0,0.0,1.6666666666666667,0.8064516129032259,5.934343434343434,6.25,61.18867243867244,7.3426573426573425,0.0,12.096774193548388,0.0,0.8064516129032259,0.8064516129032259,0.8064516129032259,0.8064516129032259,0.8064516129032259,25.0,0.0,8.064516129032258,4.166666666666667,138.52272727272728,8.333333333333334,2.380952380952381,16.666666666666668,0.0,10.0,4.772727272727273,120.66017316017316,0.0,3.3333333333333335,6.666666666666667,9.406565656565657,6.25,0.0,0.0,90.41666666666667,26.28205128205128,2.7777777777777777,0.0,30.476190476190474,14.722222222222221,29.166666666666668,88.50198412698413,23.333333333333336,0.0,2.0833333333333335,0.0,62.5,44.375,29.76911976911977,4.166666666666667,65.7260101010101,30.408653846153843,25.0,0.0,19.444444444444443,496.2112887112887,0.0,0.0,0.0,0.0,8.333333333333332,83.57371794871796,6.666666666666667,55.55555555555556,11.11111111111111,0.0,4.166666666666667,7.638888888888889,144.44444444444446,0.0,27.8968253968254,0.0,0.0,52.083333333333336,0.0,0.0,0.0,0.0,0.0,180.55555555555557,0.0,6.25,8.680555555555555,22.22222222222222,11.538461538461537,5.555555555555555,0.641025641025641,0.0,2.0833333333333335,31.235431235431236,0.0,0.0,13.80952380952381,24.166666666666668,8.333333333333334,18.333333333333336,0.0,0.0,0.0,25.0,0.0,44.42113442113442,13.88888888888889,0.0,100.87301587301587,0.0,12.68939393939394,3.571428571428571,0.0,0.0,0.0,1.7857142857142856,0.0,0.0,0.0,25.0,3.3333333333333335,0.0,3.0303030303030303,40.41666666666667,16.11111111111111,0.0,0.0,0.0,6.0606060606060606,0.0,2.7777777777777777,0.0,0.0,10.0,0.0,0.0,0.0,0.0,0.0,6.944444444444445,0.0,0.0,0.0,0.0,0.0,0.0,0.0,0.0,1.7857142857142856,0.0,1.7857142857142856,2.962962962962963,0.0
20.833333333333336,0.0,25.0,134.72222222222223,0.0,50.0,0.0,51.25,34.166666666666664,50.0,8.333333333333334,50.0,0.0,0.0,40.0,0.0,50.0,0.0,25.0,0.0,0.0,0.0,0.0,0.0,0.0,0.0,0.0,0.0,15.625,0.0,0.0,0.0,0.0,0.0,0.0,0.0,0.0,0.0,37.5,0.0,0.0,0.0,0.0,0.0,0.0,0.0,0.0,0.0,0.0,0.0,0.0,0.0,0.0,0.0,0.0,0.0,2.7777777777777777,0.0,0.0,0.0,0.0,0.0,0.0,0.0,10.0,0.0,0.0,0.0,0.0,0.0,0.0,0.0,0.0,0.0,0.0,0.0,50.0,0.0,0.0,0.0,0.0,0.0,112.5,0.0,0.0,53.125,0.0,0.0,0.0,0.0,0.0,0.0,0.0,0.0,0.0,0.0,0.0,0.0,0.0,0.0,0.0,0.0,0.0,0.0,0.0,0.0,0.0,0.0,0.0,0.0,0.0,0.0,0.0,0.0,0.0,0.0,0.0,0.0,0.0,0.0,0.0,0.0,0.0,0.0,0.0,4.166666666666667,0.0,0.0,0.0,0.0,0.0,0.0,0.0,0.0,0.0,0.0,0.0,0.0,0.0,0.0,0.0,0.0,0.0,0.0,0.0,0.0,0.0,0.0,0.0,0.0,0.0,0.0,0.0,0.0,0.0,0.0,0.0,0.0,0.0,0.0,0.0,0.0,0.0,0.0,0.0,0.0,0.0,0.0,0.0,0.0,0.0,0.0,0.0,0.0,0.0,0.0,0.0,0.0,0.0,0.0,0.0,0.0,0.0,0.0,0.0,0.0,0.0,0.0,0.0,0.0,0.0,0.0,0.0,0.0,0.0,0.0,0.0,0.0,0.0,0.0,0.0,0.0,0.0,0.0,0.0,0.0,0.0,0.0,0.0,0.0,0.0,0.0,0.0,0.0,0.0,0.0,0.0,0.0,0.0,0.0,0.0,0.0,0.0,0.0,0.0,0.0,0.0,0.0,0.0,0.0,0.0,0.0,0.0,0.0,0.0,0.0,0.0,0.0,0.0,0.0,0.0,0.0,0.0,0.0,0.0,0.0,0.0,0.0,0.0
320.8333333333333,0.0,41.66666666666667,234.72222222222223,50.0,50.0,50.0,101.25,134.16666666666666,8.333333333333334,0.0,0.0,25.0,25.0,40.0,75.0,0.0,0.0,0.0,0.0,0.0,42.857142857142854,0.0,0.0,0.0,112.5,0.0,37.5,15.625,0.0,0.0,0.0,0.0,66.66666666666667,0.0,0.0,0.0,0.0,37.5,0.0,0.0,0.0,0.0,0.0,0.0,100.0,0.0,0.0,0.0,0.0,0.0,0.0,8.333333333333334,0.0,91.66666666666667,8.333333333333334,2.7777777777777777,0.0,0.0,0.0,0.0,0.0,0.0,0.0,10.0,50.0,0.0,0.0,0.0,0.0,0.0,0.0,0.0,0.0,0.0,0.0,0.0,8.333333333333334,0.0,0.0,0.0,0.0,0.0,50.0,0.0,3.125,0.0,0.0,0.0,0.0,0.0,0.0,0.0,0.0,0.0,0.0,0.0,0.0,0.0,0.0,0.0,0.0,0.0,0.0,8.333333333333334,0.0,0.0,0.0,0.0,0.0,0.0,0.0,0.0,0.0,0.0,0.0,0.0,0.0,0.0,0.0,0.0,0.0,16.666666666666668,0.0,0.0,0.0,0.0,0.0,0.0,0.0,0.0,0.0,0.0,0.0,0.0,0.0,0.0,0.0,0.0,0.0,0.0,0.0,0.0,0.0,0.0,0.0,0.0,0.0,0.0,0.0,0.0,0.0,0.0,0.0,0.0,0.0,0.0,0.0,0.0,0.0,0.0,0.0,0.0,0.0,0.0,0.0,7.142857142857142,0.0,0.0,0.0,0.0,0.0,0.0,16.666666666666668,0.0,0.0,0.0,0.0,0.0,0.0,0.0,0.0,0.0,0.0,0.0,0.0,0.0,0.0,0.0,0.0,0.0,0.0,0.0,0.0,0.0,0.0,0.0,0.0,0.0,0.0,0.0,0.0,0.0,0.0,0.0,0.0,0.0,0.0,0.0,0.0,0.0,0.0,0.0,0.0,0.0,0.0,0.0,0.0,0.0,0.0,0.0,0.0,0.0,0.0,0.0,0.0,0.0,0.0,0.0,0.0,0.0,0.0,0.0,0.0,0.0,0.0,0.0,0.0,0.0,0.0,0.0,0.0,0.0,0.0,0.0,0.0,0.0,0.0,0.0
4493.712121212121,1182.142857142857,2687.5,2214.1666666666665,2248.3333333333335,2024.1666666666667,3008.035714285714,1432.8869047619048,1232.0833333333333,1325.0,945.8333333333334,1944.1666666666667,1655.8333333333333,258.3333333333333,1483.3333333333333,872.9166666666666,646.6666666666666,458.75,655.8333333333334,300.0,904.1666666666666,1062.5,450.0,480.7142857142857,200.0,402.22222222222223,875.0,529.1666666666666,416.6666666666667,583.3333333333334,281.6666666666667,216.66666666666669,758.3333333333334,250.0,350.0,10.0,75.0,137.5,569.6969696969697,275.0,350.0,1062.5,2358.9285714285716,33.333333333333336,183.33333333333334,450.0,4.545454545454546,335.0,325.0,50.0,50.0,230.0,466.6666666666667,0.0,341.6666666666667,83.33333333333334,216.66666666666669,183.33333333333334,85.0,25.0,0.0,0.0,50.0,125.0,95.0,33.333333333333336,50.0,166.66666666666669,0.0,66.66666666666667,613.3333333333334,100.0,0.0,50.0,100.0,100.0,30.0,0.0,0.0,262.5,50.0,203.93939393939394,40.0,16.666666666666668,0.0,50.0,150.0,25.0,325.0,50.0,25.0,50.0,75.0,100.0,50.0,50.0,0.0,0.0,75.0,1025.0,133.33333333333334,0.0,1.5151515151515151,25.0,212.5,260.0,30.8982683982684,0.0,22.727272727272727,0.0,1.5151515151515151,1.5151515151515151,1.5151515151515151,1.5151515151515151,1.5151515151515151,50.0,0.0,15.151515151515152,147.77777777777777,0.0,0.0,50.0,100.0,50.0,25.0,75.0,40.0,0.0,62.5,93.75,200.0,0.0,66.66666666666667,0.0,0.0,0.0,50.0,0.0,0.0,0.0,0.0,10.0,0.0,0.0,30.0,182.58928571428572,33.333333333333336,33.333333333333336,0.0,100.0,0.0,0.0,160.0,0.0,0.0,0.0,16.666666666666668,0.0,0.0,0.0,50.0,50.0,0.0,200.0,18.75,50.0,0.0,0.0,0.0,0.0,0.0,0.0,50.0,0.0,0.0,0.0,0.0,50.0,100.0,50.0,57.14285714285714,279.1666666666667,56.66666666666667,0.0,42.85714285714286,0.0,2.3809523809523814,0.0,0.0,0.0,8.333333333333334,0.0,0.0,25.0,25.0,0.0,0.0,0.0,0.0,0.0,150.0,0.0,300.0,50.0,0.0,0.0,130.0,0.0,0.0,0.0,0.0,0.0,8.333333333333334,42.857142857142854,0.0,0.0,0.0,0.0,0.0,0.0,0.0,0.0,0.0,16.666666666666668,0.0,0.0,25.0,50.0,0.0,33.333333333333336,0.0,0.0,0.0,7.142857142857142,0.0,0.0,0.0,0.0,0.0,0.0,0.0,0.0,0.0,75.0,8.333333333333334,0.0,8.333333333333334,0.0,0.0
8288.523492302904,2120.880785880786,2406.0897236483906,4139.11371036371,2180.7916422061157,2639.9886897999027,1433.5998376623377,3114.519571180217,1700.8082399626517,11.5625,1751.5950226244345,1358.5412830584814,2197.438845876346,808.4768819143819,374.0931637806638,2783.060064935065,679.1319600878425,1871.955266955267,1126.995409274821,435.61011904761904,275.7115800865801,722.4217277342277,2282.190237298933,374.29383116883116,700.287999037999,1086.5461825755945,186.90476190476193,179.50892857142858,847.396978021978,59.891774891774894,363.62077465018643,1023.2756132756133,0.0,331.38257575757575,872.8607503607503,85.47619047619048,94.86772486772486,1533.5365730760468,71.68214921361374,176.66666666666666,289.2610167610168,21.52777777777778,136.32275132275132,190.22382437823615,576.8388787138787,30.05952380952381,62.361111111111114,155.95238095238096,0.0,571.7577561327562,732.4678997473115,167.24467418546365,89.61489898989899,105.71428571428572,70.06944444444444,51.82142857142858,65.95238095238095,26.48809523809524,20.833333333333336,865.5654761904761,43.247767857142854,33.104395604395606,183.33333333333334,207.14285714285717,45.625,89.60628473357306,34.04761904761905,88.67063492063492,238.30518745959924,19.642857142857142,150.82589285714286,233.57323232323233,0.0,48.333333333333336,748.8401875901876,58.75,2.0,75.97402597402598,0.0,0.0,0.0,126.86507936507937,12.708333333333334,66.6598561621445,17.063492063492063,16.25,0.0,4.166666666666667,90.84020146520146,35.59027777777778,66.59356725146199,115.35714285714286,58.333333333333336,0.0,37.20238095238095,3.125,0.0,5.208333333333334,0.0,19.895833333333336,25.0,8.429487179487179,58.55302746644009,0.0,33.333333333333336,0.0,458.03810029507235,0.0,473.0870786632681,0.0,31.330805244217874,31.330805244217874,31.330805244217874,31.330805244217874,31.330805244217874,44.31818181818182,0.0,313.30805244217873,148.52443609022555,0.0,0.0,18.601190476190474,221.7099567099567,40.208333333333336,0.0,8.75,47.22222222222222,0.0,240.9589947089947,9.20138888888889,0.0,0.0,10.833333333333334,53.57142857142857,33.333333333333336,44.16666666666667,0.0,0.0,16.666666666666668,0.0,90.0,49.50396825396825,5.0,0.0,2.380952380952381,313.0454782181756,44.79166666666667,52.77777777777778,0.0,100.18939393939394,46.354166666666664,0.0,25.0,18.680555555555557,25.0,0.0,63.54166666666667,38.54166666666667,20.23809523809524,40.47619047619048,33.75,16.666666666666668,25.0,50.0,2.7777777777777777,33.214285714285715,8.333333333333334,30.100530596854124,31.42361111111111,0.0,41.458333333333336,311.89345894938003,58.92857142857143,35.0,16.25,0.0,0.0,0.0,8.333333333333334,0.0,3.125,50.0,172.02380952380952,0.0,96.95209046272876,0.0,5.386227247929376,30.0,0.0,100.3125,393.78968253968253,2.7777777777777777,0.0,18.75,1.3888888888888888,794.8851039510007,122.74305555555556,0.0,11.11111111111111,816.2688423958447,12.5,39.79166666666667,0.0,0.0,1.4285714285714286,0.0,0.0,0.0,0.0,0.0,0.0,0.0,0.0,10.0,58.333333333333336,22.291666666666668,0.0,38.888888888888886,0.0,12.916666666666668,166.02006688963212,8.680555555555555,16.666666666666668,4.166666666666667,0.0,0.0,43.69047619047619,0.0,0.0,0.0,3.846153846153846,33.33333333333333,15.3125,3.571428571428571,59.32539682539683,15.0,0.0,0.0,37.698412698412696,0.0,8.333333333333332,14.285714285714285,3.125,24.375,36.94444444444444,6.25,36.94444444444444,0.0,0.0
22316.130641689466,5588.581349206349,13053.096417471417,4595.43253043253,7834.722129041982,3512.2712472712474,4712.369318181818,2640.4247835497836,5049.206187331188,2121.575530950531,1885.380291005291,1262.8212065712066,2616.125992063492,2813.8676138676137,2390.0986513486514,4970.091528841529,1680.0371364746366,2291.984126984127,1590.1127344877345,1949.029744765039,1594.8097735597735,2689.4742063492063,2283.571474821475,1113.3399470899471,1155.1232563732565,1951.6011072261072,334.7435897435897,1004.9140211640212,444.4419469419469,3860.422864172864,562.5049603174604,1337.6488095238096,954.4113756613757,511.98870573870573,882.2772271301683,257.77777777777777,191.11359126984127,207.6984126984127,454.89642302142306,617.192760942761,749.2437365874866,2.7777777777777777,0.0,1668.9908008658008,27.172619047619047,1341.4511183261184,590.9573990823991,1617.7142857142858,460.3621031746032,253.17078754578756,577.0915032679738,25.0,67.9756794131794,212.20598845598846,564.6825396825396,66.002886002886,80.43650793650795,99.49503968253968,54.166666666666664,157.29166666666666,13.782051282051283,12.5,458.4446000622471,256.74603174603175,86.66666666666666,0.0,276.83356676003734,0.0,56.30952380952381,42.26190476190476,15.198412698412698,83.41931216931216,173.1204906204906,1037.962962962963,89.70238095238095,0.0,4.166666666666667,140.83333333333334,353.9351851851852,109.13690476190476,90.20202020202021,2.380952380952381,11.805555555555555,0.0,0.0,198.8915343915344,169.3759018759019,71.256105006105,16.25,0.0,35.41666666666667,559.0770803270804,25.0,1723.8045634920636,0.0,7.5,233.33333333333334,117.46031746031746,3.380952380952381,0.0,5.0,180.91006216006215,16.666666666666668,60.144300144300146,22.22222222222222,16.666666666666668,1.5873015873015872,175.83333333333334,8.333333333333334,28.769841269841272,0.0,0.0,0.0,0.0,0.0,59.12367724867725,152.77777777777777,0.0,601.3640873015873,10.0,19.444444444444443,86.3699494949495,3.3333333333333335,64.0873015873016,68.58974358974359,0.0,0.0,81.80224867724868,27.09054834054834,35.41666666666667,126.97330447330448,441.82539682539687,143.27651515151516,0.0,0.0,12.5,10.416666666666668,151.73611111111111,50.0,193.7797619047619,51.00694444444444,0.0,65.625,234.16666666666666,0.0,4.4642857142857135,0.0,420.5952380952381,25.0,0.0,98.33333333333334,0.0,0.0,62.083333333333336,6.666666666666667,153.75,0.0,26.25,5.0,10.0,9.895833333333334,1.3888888888888888,4.166666666666667,5.0,103.32967032967034,62.85714285714286,16.666666666666668,0.0,0.0,17.628205128205128,3.571428571428571,0.0,2.380952380952381,29.96794871794872,68.33333333333333,5.0,10.0,1.6666666666666667,0.0,57.943722943722946,6.397306397306398,0.0,0.0,0.0,14.285714285714285,0.0,0.7936507936507936,14.583333333333334,21.726190476190474,0.0,3.125,0.0,0.0,0.0,20.0,0.0,0.0,6.25,230.11904761904762,0.0,0.0,14.772727272727273,100.0,7.878787878787879,0.0,2.893518518518518,0.0,18.51851851851852,12.5,20.0,8.333333333333334,0.0,37.5,50.0,2.7777777777777777,0.0,0.0,0.0,0.0,0.0,0.0,0.0,0.0,0.0,0.0,0.0,0.0,0.0,0.0,0.0,30.476190476190474,0.0,0.0,0.0,0.0,3.3333333333333335,0.0,0.0,0.0,12.099358974358974,0.0,0.0,0.0,0.0,0.0,0.0,0.0,0.0,0.0
1923.3424908424909,121.31410256410257,565.1282051282051,25.0,226.66666666666669,222.5,594.047619047619,141.11111111111111,284.58333333333337,243.75,157.5,1134.970238095238,0.0,115.27777777777777,200.0,350.91269841269843,583.3333333333334,233.33333333333334,1303.75,16.666666666666668,104.16666666666667,558.3333333333334,340.83333333333337,150.0,0.0,106.96428571428572,62.5,38.19444444444444,61.66666666666667,461.6666666666667,54.16666666666667,50.0,52.77777777777778,50.0,345.83333333333337,50.0,110.0,54.166666666666664,0.0,0.0,175.0,2.884615384615384,0.0,33.333333333333336,40.0,56.25,52.5,176.66666666666666,288.3333333333333,16.666666666666668,0.0,15.029761904761905,0.0,0.9615384615384615,109.58333333333334,26.666666666666668,0.0,100.0,0.0,0.0,0.0,0.0,15.833333333333334,0.0,12.5,10.0,1.6666666666666667,0.0,25.0,0.0,0.0,0.0,0.0,60.0,0.0,0.0,0.0,0.0,75.0,0.0,50.0,16.666666666666668,0.0,0.0,0.0,0.0,100.0,0.0,0.0,0.0,0.0,0.0,0.0,303.3333333333333,0.0,0.0,0.0,0.0,0.0,0.0,0.0,0.0,0.0,0.0,0.0,0.0,0.0,0.0,0.0,0.0,0.0,0.0,0.0,0.0,0.0,12.5,0.0,0.0,0.0,0.0,0.0,0.0,0.0,0.0,0.0,0.0,0.0,45.833333333333336,0.0,0.0,0.0,0.0,50.0,0.0,0.0,0.0,0.0,0.0,20.0,0.0,0.0,0.0,37.5,0.0,0.0,0.0,0.0,0.0,0.0,0.0,0.0,0.0,0.0,75.0,0.0,0.0,0.0,0.0,0.0,0.0,0.0,0.0,0.0,0.0,12.5,0.0,0.0,0.0,0.0,54.16666666666667,0.0,0.0,0.0,0.0,8.333333333333334,0.0,0.0,0.0,0.0,0.0,50.0,0.0,0.0,0.0,0.0,0.0,0.0,0.0,0.0,0.0,0.0,0.0,0.0,0.0,0.0,0.0,0.0,0.0,70.0,0.0,0.0,0.0,0.0,0.0,0.0,0.0,0.0,0.0,0.0,0.0,0.0,0.0,0.0,0.0,0.0,0.0,0.0,0.0,0.0,0.0,0.0,0.0,0.0,0.0,0.0,0.0,8.333333333333334,0.0,0.0,0.0,0.0,0.0,0.0,0.0,0.0,0.0,0.0,0.0,0.0,0.0,0.0,0.0,0.0,0.0,0.0,0.0,0.0,0.0,0.0
11650.089882184138,1390.0845450845452,1520.9929306804306,2404.120303429514,1899.5929047975253,1571.0130263255264,974.2899545041489,1405.8875216973042,1052.9965173715175,629.012046729438,760.4336866836867,521.3846801346801,1735.3030357800094,515.2976385714389,491.1395239062573,2557.1434815184816,712.6200380573446,345.1388888888889,408.4063329987243,372.10025481764615,1719.3045033670035,682.1568702983177,221.3430204055204,455.4383116883117,587.7164502164502,188.62073112073114,198.67642195767195,267.20715558950855,397.63013538748834,428.6963383838384,130.4223901098901,1439.1459691624166,41.66666666666667,211.97733918128657,182.09014134014134,880.6168831168831,400.3065276227041,269.81646825396825,794.3154640194114,183.7531328320802,285.6216931216931,22.916666666666668,149.46428571428572,168.97907647907647,114.82919254658385,162.74568024568026,181.765873015873,802.1572871572871,90.82521645021644,87.87025474525475,117.43864870509607,10.793650793650794,63.57142857142857,258.93127705627705,145.39502164502164,60.41666666666667,52.529761904761905,29.047619047619047,33.333333333333336,89.04761904761905,614.8710317460318,23.903508771929825,50.0,99.45887445887446,31.547619047619047,22.15055475925041,13.425925925925926,50.0,65.1521164021164,121.63461538461539,1.6666666666666667,11.11111111111111,215.98063973063972,6.666666666666667,132.10041592394532,101.72619047619048,7.142857142857142,206.25,7.4074074074074066,43.154761904761905,172.32095389990127,47.56944444444444,147.02380952380952,22.15055475925041,1.3888888888888888,108.25245658904294,19.523809523809526,13.75,98.43877897605968,31.375313283208023,58.56481481481482,24.97685185185185,51.282051282051285,35.51587301587302,55.41666666666667,0.0,3.125,44.58333333333333,2.5,2.0833333333333335,40.55555555555556,141.66666666666666,3.633267121170347,3.571428571428571,3.3333333333333335,51.666666666666664,48.638791763791765,30.0,54.499006817555205,5.555555555555555,3.633267121170347,3.633267121170347,3.633267121170347,3.633267121170347,3.633267121170347,0.0,15.972222222222223,36.33267121170347,1.6666666666666667,16.666666666666668,12.698412698412698,0.0,0.0,4.166666666666667,26.654265873015873,15.0,99.30555555555556,7.4074074074074066,0.0,0.0,45.34722222222222,0.0,0.0,312.67361111111114,55.15491452991453,64.62842712842712,5.555555555555555,223.75,35.71428571428571,126.66666666666667,18.487762237762237,1.282051282051282,14.188311688311689,0.0,4.166666666666667,0.0,12.5,11.868686868686869,1.7857142857142856,28.793290043290042,5.9523809523809526,0.0,0.0,5.0,45.61831550802139,0.0,4.545454545454545,0.0,2.6785714285714284,5.357142857142857,37.24747474747475,112.84852756892231,0.0,1.6666666666666667,0.0,0.0,10.714285714285715,0.0,0.0,26.136363636363637,4.880952380952381,39.64285714285714,4.545454545454546,2.0833333333333335,18.61111111111111,2.5,323.71031746031747,0.0,15.476190476190476,16.558441558441558,0.0,25.252525252525253,8.333333333333332,0.0,7.692307692307693,0.0,0.4273504273504274,24.911616161616163,0.0,38.36149961149961,0.0,6.136363636363637,22.206959706959708,0.0,0.0,0.0,8.333333333333334,100.0,0.0,12.5,0.0,8.579192546583851,0.0,0.0,9.166666666666668,0.0,16.68831168831169,3.6375661375661372,0.0,0.0,0.0,0.0,5.0,4.166666666666667,0.0,16.666666666666668,5.0,50.0,5.0,6.25,11.11111111111111,41.66666666666667,10.0,0.0,10.0,0.0,0.0,0.0,0.0,0.0,0.0,9.226190476190476,0.0,0.0,2.7777777777777777,0.0,0.0,0.0,0.0,10.0,3.3333333333333335,1.8518518518518516,71.25,2.5,0.0,0.0,0.0,0.0,3.571428571428571
8245.806773564127,2201.150284900285,1172.3971861471862,1701.3056990524096,1182.0710916763549,1190.8433409384497,968.2623857623857,1024.1378505753505,481.2101787101787,572.5615588115588,609.0798090798091,259.6034277613225,2292.6421495171494,448.6008313581843,317.3048941798942,917.7964396714397,215.9801976346094,639.1955266955267,669.8811580719475,483.36038961038963,282.6757154882155,258.47934472934475,557.7110712143607,82.14285714285714,212.8968253968254,164.34223184223185,108.38443963443963,299.55022918258214,292.6587301587302,164.58975052725052,118.16048534798534,376.18504120148856,36.30952380952381,85.39351851851852,311.32846320346323,87.79761904761905,48.024781590958064,671.9959554334555,469.94327431827435,83.57456140350877,115.68452380952381,0.0,116.66666666666667,225.71636696636696,25.0,10.87962962962963,38.988095238095234,214.9404761904762,36.160714285714285,323.6657092907093,231.3176169590643,128.66522366522366,60.97883597883598,286.0416666666667,82.37193362193362,4.0476190476190474,40.78733766233766,16.666666666666668,7.142857142857142,114.10714285714286,52.857142857142854,16.666666666666668,25.0,52.38095238095238,0.0,32.99711560581126,0.0,81.25,44.285714285714285,11.212121212121213,0.0,0.0,78.10185185185185,11.212121212121213,301.990231990232,5.555555555555555,0.0,66.66666666666667,7.4074074074074066,0.0,0.6944444444444444,3.125,1.3157894736842106,32.99711560581126,0.0,2.5871459694989105,0.0,3.75,31.750066454013822,16.666666666666668,22.453703703703702,17.94871794871795,0.0,23.01587301587302,0.0,0.0,3.125,0.0,2.5,3.571428571428571,0.0,25.0,6.897960713750187,0.0,20.0,0.0,161.98601398601397,0.0,103.46941070625282,0.0,6.897960713750187,6.897960713750187,6.897960713750187,6.897960713750187,6.897960713750187,0.0,10.416666666666668,68.97960713750187,40.55555555555556,0.0,0.0,0.0,2.7777777777777777,1.6666666666666667,0.0,2.5,32.63888888888889,0.0,0.0,0.0,9.375,0.0,0.0,41.94444444444445,12.099358974358974,3.571428571428571,25.0,2.0833333333333335,0.0,0.0,7.692307692307692,1.282051282051282,2.5,0.0,50.0,0.0,16.11111111111111,0.0,2.8968253968253967,11.471861471861473,7.063492063492063,0.0,10.416666666666668,0.0,0.0,0.0,0.0,0.0,2.6785714285714284,5.357142857142857,19.02777777777778,0.0,7.692307692307692,1.6666666666666667,0.0,0.0,2.380952380952381,0.0,0.0,1.1363636363636365,10.0,2.5,0.0,0.0,3.3333333333333335,2.5,4.285714285714286,0.0,0.0,0.0,0.0,0.0,19.444444444444446,0.0,7.692307692307693,0.0,0.4273504273504274,15.0,10.0,71.27095127095127,138.33333333333334,6.136363636363637,12.5,0.0,0.0,61.86507936507937,11.666666666666668,8.333333333333332,0.0,34.38457254246728,0.0,2.7777777777777777,0.0,0.0,9.166666666666668,0.0,0.0,3.6375661375661372,0.0,0.0,0.0,0.0,1.6666666666666667,4.166666666666667,0.0,0.0,0.0,0.0,0.0,27.22222222222222,155.993265993266,11.666666666666668,0.0,0.0,0.0,0.0,0.0,0.0,0.0,0.0,0.0,21.726190476190474,0.0,0.0,21.03174603174603,0.0,8.333333333333334,0.0,0.0,0.0,1.923076923076923,1.8518518518518516,0.0,28.57142857142857,0.0,0.0,0.0,0.0,47.38095238095238
15677.217926048661,4116.1606024694265,4538.820757702337,4631.017067223964,4539.260152851678,3946.2884958608643,3924.2374597366857,6925.727279543069,5297.433914265811,638.6636730715678,4437.824224386724,887.9515392015392,568.4303471726072,2640.3748797498797,2161.5662797241744,2475.803543678544,1620.119507685297,1318.1684328743152,2341.7534032588214,1895.5559038662486,1248.229131979132,2515.292175895624,744.6347402597403,844.500313283208,2350.0174131424133,795.6768837803321,172.20238095238096,1304.0898453398454,1734.0361164176954,561.8000199034682,555.1299603174604,7417.372815163763,76.96428571428572,889.5633676668159,1006.567312795761,298.478835978836,3488.06658314882,973.3086219336219,384.7300869065575,361.25889436234263,984.2882696007696,150.0,89.44444444444444,1027.1688871473355,313.9484126984127,267.77777777777777,472.43777056277054,5696.140878597776,140.35205072705074,585.1289682539683,32.93650793650794,244.86772486772486,140.27073899918727,326.4517195767196,871.5613414363414,105.95238095238095,45.81018518518519,312.48015873015873,3514.1007395382394,33.33333333333333,1375.6150793650793,89.14862914862915,47.08032708032708,99.30555555555556,253.08150183150184,0.0,74.83974358974359,33.333333333333336,348.68962736609797,148.03571428571428,147.5793650793651,208.8095238095238,667.1261812805931,82.22222222222223,80.66666666666667,377.9563492063492,237.48376623376623,0.0,22.916666666666668,1012.718253968254,2211.269586894587,423.8779419813903,245.5909586056645,0.0,20.23809523809524,510.50028675028676,186.66666666666666,39.64045214045214,156.484126984127,216.11111111111111,85.71428571428571,450.4166666666667,25.0,0.0,978.0922318422319,9.166666666666668,0.0,113.9484126984127,50.0,0.0,114.36147186147187,209.484126984127,0.0,67.3430735930736,258.1378024912508,799.3494468494468,32.5,399.56426954271785,0.0,68.75,0.0,0.0,0.0,0.0,0.0,38.095238095238095,167.82407407407408,0.0,11.904761904761905,127.5,184.33910533910534,82.77625152625153,0.0,77.77777777777779,262.816385003885,194.17658730158732,25.0,115.37698412698413,5.0,11.666666666666666,0.0,0.0,105.83333333333334,334.2261904761905,205.78463203463204,56.66666666666667,11.805555555555555,682.8571428571429,2.0,141.39015199360026,94.26010101010101,8.333333333333334,228.18452380952382,0.0,0.0,28.125,1.9607843137254901,261.83982683982686,3.3333333333333335,88.46890657235485,22.22222222222222,0.0,73.125,3.125,114.08730158730158,0.0,4.861111111111111,59.27248677248677,11.25,22.5,60.2744708994709,2.7777777777777777,40.27777777777778,0.0,66.11111111111111,33.82034632034632,34.49074074074074,18.75,12.5,18.055555555555557,0.0,0.0,0.0,0.0,46.66666666666667,51.89471687316515,954.6897546897547,28.363095238095237,162.77777777777777,0.0,25.0,7.142857142857142,0.0,0.0,12.5,0.0,0.6944444444444444,19.444444444444446,25.066137566137566,2.7777777777777777,15.277777777777779,66.38888888888889,55.55555555555556,0.0,133.33333333333334,0.0,27.777777777777782,35.3968253968254,8.333333333333334,0.0,0.0,0.0,8.333333333333334,15.238095238095237,0.0,84.72222222222223,16.11111111111111,36.66666666666667,11.11111111111111,21.21212121212121,0.0,0.0,31.944444444444446,36.32034632034632,13.88888888888889,0.0,102.29166666666667,0.0,8.055555555555555,0.0,0.0,0.0,0.0,15.476190476190474,16.11111111111111,0.0,0.0,14.285714285714285,0.0,0.0,16.666666666666668,0.0,50.69444444444445,0.0,16.666666666666668,1.8518518518518516,0.0,0.0,0.0,49.583333333333336,26.785714285714285,12.777777777777779,0.0,0.0,0.0,3.846153846153846,0.0,0.0,0.0
75.0,0.0,100.0,25.0,0.0,60.0,2.7777777777777777,0.0,0.0,0.0,0.0,50.0,40.15873015873016,8.465608465608465,0.0,0.0,0.0,0.0,0.0,37.5,0.0,8.994708994708994,0.0,0.0,0.0,0.0,0.0,0.0,0.0,0.0,0.0,0.0,0.0,50.0,0.0,0.0,0.0,0.0,0.0,0.0,0.0,0.0,25.0,0.0,0.0,0.0,0.0,0.0,0.0,39.0625,12.5,0.0,0.0,50.0,0.0,0.0,0.0,0.0,0.0,0.0,0.0,0.0,0.0,0.0,0.0,0.0,0.0,0.0,0.0,0.0,0.0,0.0,0.0,0.0,11.11111111111111,0.0,0.0,40.833333333333336,0.0,0.0,0.0,0.0,0.0,0.0,0.0,0.0,0.0,0.0,0.0,0.0,0.0,2.380952380952381,0.0,0.0,0.0,0.0,0.0,0.0,0.0,0.0,0.0,0.0,1.5625,0.0,0.0,0.0,0.0,0.0,23.4375,0.0,1.5625,1.5625,1.5625,1.5625,1.5625,0.0,0.0,15.625,0.0,0.0,0.0,0.0,0.0,0.0,0.0,0.0,0.0,0.0,0.0,0.0,0.0,0.0,0.0,0.0,0.0,0.0,0.0,0.0,50.0,0.0,0.0,0.0,0.0,0.0,0.0,0.0,0.0,0.0,0.0,0.0,0.0,0.0,0.0,0.0,0.0,0.0,0.0,0.0,0.0,0.0,0.0,0.0,0.0,0.0,0.0,3.3333333333333335,0.0,25.0,0.0,0.0,0.0,0.0,0.0,0.0,0.0,0.0,0.0,0.0,0.0,0.0,0.0,0.0,40.0,0.0,0.0,0.0,0.0,0.0,0.0,0.0,0.0,0.0,0.0,8.333333333333334,0.0,0.0,0.0,0.0,0.0,0.0,0.0,0.0,0.0,0.0,0.0,0.0,0.0,0.0,0.0,0.0,0.0,0.0,0.0,0.0,0.0,0.0,0.0,0.0,0.0,0.0,0.0,0.0,0.0,0.0,0.0,0.0,0.0,0.0,0.0,0.0,0.0,0.0,0.0,0.0,2.7777777777777777,0.0,0.0,0.0,0.0,0.0,0.0,0.0,0.0,0.0,0.0,0.0,0.0,0.0,0.0
1991.6666666666667,824.3055555555555,226.38888888888889,331.25,647.6190476190476,312.5,1450.0,64.58333333333333,122.91666666666667,152.08333333333334,512.5,1020.8333333333334,308.3333333333333,245.83333333333334,116.66666666666667,87.5,43.75,12.5,310.4166666666667,283.3333333333333,153.125,33.333333333333336,0.0,83.33333333333333,75.0,31.25,41.66666666666667,0.0,18.75,237.5,0.0,30.208333333333336,935.4166666666666,0.0,0.0,35.416666666666664,6.25,12.5,52.38095238095238,12.5,0.0,59.72222222222222,50.0,0.0,0.0,0.0,0.0,25.0,0.0,0.0,0.0,6.25,0.0,0.0,0.0,0.0,316.6666666666667,54.16666666666667,25.0,0.0,0.0,0.0,0.0,0.0,0.0,16.666666666666668,25.0,0.0,0.0,0.0,0.0,56.25,0.0,0.0,50.0,0.0,0.0,0.0,0.0,12.5,0.0,0.0,0.0,0.0,0.0,25.0,125.0,0.0,6.25,6.25,0.0,0.0,0.0,0.0,0.0,0.0,0.0,0.0,75.0,520.8333333333334,0.0,0.0,0.0,0.0,0.0,0.0,0.0,0.0,0.0,0.0,0.0,0.0,0.0,0.0,0.0,12.5,0.0,0.0,0.0,0.0,25.0,0.0,0.0,0.0,12.5,0.0,0.0,0.0,0.0,25.0,0.0,0.0,0.0,0.0,0.0,50.0,0.0,0.0,0.0,0.0,0.0,0.0,0.0,41.66666666666667,0.0,0.0,0.0,0.0,0.0,0.0,0.0,0.0,0.0,0.0,0.0,0.0,0.0,0.0,0.0,0.0,0.0,0.0,0.0,0.0,0.0,0.0,0.0,0.0,0.0,0.0,0.0,25.0,0.0,0.0,0.0,4.166666666666667,0.0,0.0,0.0,0.0,6.25,0.0,0.0,0.0,0.0,0.0,0.0,0.0,0.0,0.0,0.0,0.0,0.0,0.0,0.0,0.0,0.0,0.0,0.0,0.0,0.0,0.0,0.0,0.0,0.0,0.0,0.0,0.0,0.0,0.0,25.0,0.0,0.0,0.0,0.0,0.0,0.0,0.0,0.0,0.0,0.0,0.0,0.0,0.0,0.0,0.0,0.0,0.0,0.0,0.0,0.0,0.0,0.0,0.0,0.0,0.0,0.0,0.0,0.0,0.0,0.0,0.0,0.0,0.0,0.0,0.0,0.0,0.0,0.0
6710.86751156112,1237.1878815628816,1488.051776266062,1206.5358302411873,1619.8470133974336,1319.672446601018,936.7418672014261,2150.4419891499724,1404.3966601792233,879.1280016280016,1110.5642660910519,743.655602975456,690.457831850689,336.75987819370175,1215.5754810665526,905.4686533704391,1155.968056414485,488.8095238095238,594.9960317460318,279.9107142857143,1245.2994931655646,1007.6803751803752,122.5,778.3196195144725,375.2723311546841,365.9932306255836,102.91666666666667,457.6969954648526,272.72086466165416,334.49121315192747,169.31051587301587,1070.3819444444443,356.22204184704185,214.50396825396825,373.80845998686556,1161.3548059083773,846.4861111111111,194.00099206349208,291.58512647483235,483.7572794269223,252.38005050505052,213.49404761904762,104.91071428571429,873.3338982446126,23.209325396825395,140.60606060606062,269.9025974025974,1018.5973972922502,233.7748015873016,263.2715548340548,96.72619047619048,186.02272727272728,42.5,78.39285714285714,796.2328643578644,40.0,67.08333333333333,96.90972222222223,147.28219696969697,70.75396825396825,423.51370851370854,66.76587301587301,33.333333333333336,57.73809523809524,37.58116883116883,62.708333333333336,13.095238095238097,0.0,16.666666666666668,130.21623713588,25.0,58.01587301587301,282.40650553150556,73.95833333333334,0.0,207.1577380952381,113.98538961038962,0.0,161.34920634920636,53.509199134199136,262.58279914529913,95.43831168831169,80.625,49.16666666666667,6.25,96.78075396825398,28.125,69.11255411255411,34.598214285714285,41.651785714285715,50.0,164.19117647058823,37.5,15.625,129.6897546897547,31.164638932496075,43.17460317460318,50.27056277056277,14.583333333333334,0.0,83.23412698412699,67.3466810966811,0.0,0.7352941176470588,65.20833333333333,5.505952380952381,13.345864661654137,158.65918803418805,0.0,13.656135531135531,0.0,0.0,0.0,0.0,0.0,17.68159915481344,4.285714285714286,0.0,117.15534465534465,192.91666666666669,219.98015873015873,26.666666666666668,67.53826530612245,16.785714285714285,22.61904761904762,35.267857142857146,25.0,35.773809523809526,37.8125,50.0,45.595238095238095,54.93055555555556,17.421085858585858,49.16666666666667,178.33333333333334,81.83886054421768,8.060897435897436,48.452380952380956,0.0,17.5,76.99404761904762,9.523809523809524,76.78571428571428,12.5,0.0,20.709325396825395,0.0,0.0,0.5494505494505494,0.0,67.08333333333334,0.8333333333333334,15.0,8.333333333333334,69.44444444444444,2.7777777777777777,19.841269841269842,5.277777777777778,16.918498168498168,33.836996336996336,30.654761904761905,6.666666666666667,7.410714285714286,25.0,18.333333333333336,40.97222222222222,37.99603174603175,0.7352941176470588,0.0,28.47222222222222,6.666666666666667,3.125,19.6875,58.333333333333336,0.0,5.9523809523809526,125.0,29.166666666666668,118.21848290598291,0.0,36.80555555555556,13.035714285714285,0.0,10.0,21.428571428571427,2.5,1.1904761904761905,5.909090909090909,27.55952380952381,0.0,6.666666666666667,0.0,4.166666666666667,4.166666666666667,0.0,1.7857142857142856,25.0,43.51307189542484,14.0625,0.0,0.0,2.7777777777777777,23.020833333333332,35.11904761904762,0.0,19.444444444444443,0.0,5.0,9.56439393939394,21.041666666666668,5.555555555555555,50.17857142857143,11.071428571428571,15.0,2.0833333333333335,0.0,0.0,50.0,5.482456140350878,0.0,0.0,0.0,7.083333333333334,0.0,10.964912280701755,0.0,5.0,0.0,0.0,0.0,0.0,0.0,37.5,0.0,4.166666666666667,8.333333333333334,37.15277777777778,0.0,0.0,30.625,4.6875,4.166666666666667,11.25,0.0,0.0,0.0,0.0,0.0,0.0
3120.99056036556,2691.2830687830688,1886.6872941872944,1060.406746031746,3745.6643465466996,1878.0489417989418,311.27645502645504,1526.5642228142228,647.5925925925926,247.00396825396825,375.8542846042846,704.6242183742183,1228.3110870610872,61.620370370370374,428.71420246420246,2094.6437590187593,425.7142857142857,932.6190476190476,480.5357142857143,168.4126984126984,583.3676046176046,132.99603174603175,64.58333333333334,22.083333333333336,677.6709054834055,63.77011877011877,436.28968253968253,37.25198412698413,100.53571428571429,872.8938191438192,191.62698412698413,158.42352092352093,483.2837301587302,307.1230158730159,143.45238095238096,334.3650793650794,42.21611721611721,530.3240740740741,94.56709956709956,87.88359788359789,276.7697811447811,31.916971916971914,0.0,368.7294881044881,1.6666666666666667,149.02777777777777,48.611111111111114,426.7965367965368,1112.9960317460318,49.30555555555556,30.618686868686872,11.574074074074073,42.15367965367966,28.181818181818183,194.46789321789322,18.055555555555557,82.5,16.666666666666668,27.556818181818183,0.0,102.5,71.96428571428572,269.47634609399313,957.7678571428571,29.285714285714285,23.53174603174603,10.476190476190476,19.08730158730159,84.61538461538461,0.0,0.0,63.095238095238095,28.928571428571427,127.00126262626263,0.0,159.28571428571428,41.66666666666667,0.0,283.05555555555554,32.27369852369852,0.0,15.90909090909091,42.647630147630146,19.365079365079364,33.333333333333336,59.404761904761905,96.0978835978836,16.666666666666668,35.51587301587302,84.76190476190476,36.80555555555556,0.0,11.805555555555555,471.48704304954305,7.738095238095238,30.0,246.66666666666669,8.333333333333334,3.518518518518518,46.30952380952381,0.0,18.75,0.0,4.166666666666667,0.0,0.0,7.142857142857142,8.333333333333332,0.0,80.53571428571429,0.0,0.0,0.0,0.0,0.0,4.166666666666667,24.464285714285715,0.0,7.083333333333334,26.666666666666668,2.5,15.0,0.0,4.166666666666667,25.505952380952383,0.0,0.0,1.8518518518518516,24.86111111111111,0.0,22.142857142857142,33.333333333333336,28.47222222222222,16.666666666666668,6.666666666666667,25.0,0.0,0.0,29.930555555555557,3.7037037037037033,3.4143518518518516,111.0515873015873,0.0,230.0,2.272727272727273,0.0,0.0,16.666666666666668,0.0,5.0,47.84090909090909,5.0,55.833333333333336,0.0,0.0,14.166666666666668,22.962962962962962,19.973544973544975,0.0,0.0,8.333333333333334,9.722222222222223,15.625,0.0,150.86640211640213,5.0,0.0,3.3333333333333335,34.44444444444445,0.0,0.0,6.666666666666667,7.142857142857142,42.467948717948715,0.0,7.142857142857142,0.0,0.0,3.3333333333333335,232.15277777777777,0.0,0.0,0.0,43.75,64.28571428571428,10.9375,3.571428571428571,0.0,2.7777777777777777,0.0,0.0,0.0,0.0,25.0,0.0,15.0,0.0,25.0,36.111111111111114,0.0,0.0,0.0,2.564102564102564,12.5,41.26984126984127,0.0,0.0,0.0,43.75,0.0,0.0,19.791666666666668,0.0,0.0,0.0,0.0,0.0,0.0,0.0,0.0,16.666666666666668,0.0,0.0,15.833333333333334,0.0,4.166666666666667,0.0,0.0,5.0,5.555555555555555,0.0,0.0,0.0,0.0,0.0,37.77777777777778,0.0,0.0,0.0,0.0,0.0,0.0,0.0,0.0,0.0,0.0,0.0,0.0,0.0
10351.062826062825,4472.962821492233,2054.6243952126306,2980.669191919192,3741.3464313464315,3342.9536435786436,1563.5705266955267,2753.8492757242757,951.8479437229437,1055.503082443872,1184.4352968460112,1173.5179347120725,834.9494949494949,616.3726551226551,658.2150488400489,7832.992424242424,1605.8480286053816,3421.002886002886,1799.5670995670996,752.0274170274171,829.1486291486292,574.7501803751804,434.14231601731603,583.1547619047619,592.58516285302,1600.61056998557,299.47278911564626,436.99585137085137,192.04545454545456,1309.2344665138783,362.83846872082165,1117.9319985569987,931.7550505050506,645.9920634920635,187.29166666666666,381.3113275613276,215.57900432900433,128.29481792717087,137.92789551718124,611.1020923520923,818.8271103896104,161.06421356421356,165.47619047619048,1003.9705433455433,290.625,434.40656565656565,383.71212121212125,475.7142857142857,1548.0979437229437,113.04685818112928,54.523809523809526,26.315789473684212,150.13618326118325,229.2828798185941,57.65873015873016,87.5,120.01984126984127,84.82142857142857,47.22222222222222,105.47619047619048,107.22312409812409,177.22222222222223,121.66666666666667,253.33333333333334,51.28968253968254,12.5,147.5,151.9345238095238,145.13888888888889,1.3888888888888888,20.833333333333336,78.75,242.28174603174602,193.07539682539684,34.920634920634924,120.41666666666667,148.75,0.0,562.9120879120879,63.17460317460318,254.52380952380952,4.861111111111112,40.0,12.5,0.0,106.8452380952381,70.89285714285714,110.74404761904762,45.833333333333336,37.5,1079.0422077922078,2.7777777777777777,4.166666666666667,922.973137973138,27.083333333333336,56.43939393939394,76.25,59.61309523809524,4.545454545454546,0.0,10.0,167.08333333333334,6.396103896103897,0.0,29.166666666666668,20.625,25.0,25.0,33.44155844155844,65.55555555555556,2.2294372294372296,2.2294372294372296,2.2294372294372296,2.2294372294372296,2.2294372294372296,83.03571428571429,16.38392857142857,22.294372294372295,240.90277777777777,57.43055555555556,51.785714285714285,71.23376623376623,54.95039682539682,8.333333333333334,30.208333333333332,37.32142857142857,0.0,195.24891774891776,105.4563492063492,50.0,76.39455782312925,665.3571428571429,23.80952380952381,12.5,3.571428571428571,328.3333333333333,30.0,20.833333333333336,71.42857142857143,0.0,0.0,0.0,0.0,25.0,0.0,83.48214285714286,0.0,221.13678804855275,0.0,0.0,12.5,0.0,0.0,11.666666666666668,8.333333333333334,289.64285714285717,0.0,0.0,0.0,0.0,63.333333333333336,12.5,17.410714285714285,0.0,46.666666666666664,0.0,12.5,19.444444444444443,0.0,18.333333333333336,0.0,0.0,59.09992784992785,16.666666666666668,32.900432900432904,11.875,0.0,0.0,20.13888888888889,25.0,26.964285714285715,0.0,0.0,94.01069518716578,0.0,23.502673796791445,0.0,16.666666666666668,0.0,25.0,16.666666666666668,17.857142857142854,59.72222222222222,0.0,30.555555555555557,0.0,0.0,120.83333333333334,142.5,0.0,2.272727272727273,0.0,5.0,24.166666666666668,23.611111111111114,50.0,87.05357142857143,50.0,4.166666666666666,4.166666666666667,0.0,11.30952380952381,10.0,25.0,0.0,0.0,6.25,0.0,0.0,0.0,0.0,0.0,0.0,50.0,0.0,16.666666666666668,0.0,90.83333333333333,0.0,18.333333333333336,41.66666666666667,0.0,0.0,0.0,0.0,0.0,0.0,0.0,0.0,82.22222222222223,17.045454545454547,0.0,0.0,0.0,2.7777777777777777,0.0,2.7777777777777777,6.25,2.0833333333333335
1811.0515873015872,225.0,25.0,26.666666666666668,108.33333333333334,41.66666666666667,23.80952380952381,0.0,21.428571428571427,16.666666666666668,162.14285714285714,0.0,187.1329365079365,57.14285714285714,0.0,50.0,19.375,0.0,8.333333333333334,0.0,25.0,0.0,0.0,50.0,3.125,0.0,3.125,0.0,8.333333333333334,0.0,0.0,0.0,0.0,0.0,66.66666666666667,0.0,0.0,8.333333333333334,0.0,0.0,31.25,0.0,3.571428571428571,7.142857142857142,10.0,0.0,0.0,0.0,0.0,37.14285714285714,73.33333333333334,0.0,0.0,0.0,0.0,0.0,0.0,0.0,0.0,0.0,0.0,7.142857142857142,0.0,0.0,10.0,0.0,0.0,0.0,0.0,0.0,16.666666666666668,8.333333333333334,0.0,0.0,0.0,0.0,0.0,0.0,0.0,10.0,0.0,50.0,50.0,0.0,0.0,0.0,0.0,0.0,0.0,0.0,0.0,0.0,0.0,0.0,0.0,0.0,0.0,0.0,0.0,0.0,0.0,0.0,10.0,0.0,0.0,0.0,0.0,0.0,0.0,0.0,0.0,0.0,0.0,0.0,0.0,0.0,0.0,0.0,0.0,0.0,0.0,0.0,0.0,0.0,0.0,0.0,0.0,0.0,0.0,0.0,0.0,0.0,0.0,0.0,0.0,0.0,0.0,0.0,0.0,0.0,0.0,0.0,0.0,0.0,0.0,0.0,0.0,0.0,0.0,0.0,0.0,0.0,0.0,0.0,3.125,0.0,0.0,0.0,0.0,0.0,0.0,0.0,0.0,0.0,0.0,0.0,0.0,0.0,0.0,0.0,0.0,0.0,0.0,0.0,0.0,0.0,0.0,0.0,0.0,0.0,0.0,0.0,0.0,0.0,0.0,0.0,0.0,0.0,0.0,0.0,0.0,0.0,0.0,54.16666666666667,0.0,0.0,0.0,0.0,0.0,0.0,3.125,0.0,0.0,0.0,0.0,0.0,0.0,0.0,0.0,0.0,0.0,0.0,0.0,0.0,0.0,0.0,0.0,0.0,0.0,0.0,0.0,0.0,0.0,0.0,0.0,0.0,0.0,0.0,0.0,0.0,0.0,0.0,0.0,0.0,0.0,0.0,0.0,0.0,0.0,0.0,0.0,0.0,0.0,0.0,0.0,0.0,0.0,0.0,0.0
8009.5544916093195,5234.082092690628,614.5971797810033,2173.9267194158497,3065.4150745326374,813.5640632515633,310.48776455026456,895.2898381574853,774.8837233619843,319.7375456986441,507.2341426689253,355.23789573846784,4209.780348683003,236.08325702075703,818.4886716544326,620.6815243579949,505.8185044122544,400.843253968254,411.3516865079365,149.16666666666666,478.35738335738336,465.02164502164504,149.07407407407408,13.541666666666668,303.739838790242,174.86111111111111,2105.844155844156,84.16666666666667,54.337606837606835,185.89871933621933,23.70169082125604,27.77777777777778,371.0866910866911,23.80952380952381,112.10317460317461,122.79356060606061,7.142857142857142,21.52777777777778,355.2733395989975,78.125,78.91941391941391,407.79761904761904,0.0,0.0,155.6818181818182,55.55555555555556,53.205128205128204,0.0,6.25,50.17857142857143,70.63492063492063,118.36080586080585,25.976107226107228,14.112903225806452,5.756512006512006,132.04545454545456,16.666666666666668,27.5,22.009032634032636,40.0,26.92307692307692,7.142857142857142,372.9782064340888,79.1958041958042,10.0,177.36777715038585,0.0,101.08173076923077,37.95454545454545,12.5,0.0,107.29166666666667,0.0,0.0,51.37566137566137,8.333333333333332,16.666666666666668,116.37133699633699,12.5,16.666666666666668,0.0,25.0,0.0,129.86777715038585,26.38888888888889,6.25,18.095238095238095,2.272727272727273,0.0,4.545454545454546,95.20833333333334,7.5,25.0,0.0,0.0,0.0,0.0,0.0,5.0,92.41300366300366,0.0,2.0833333333333335,5.271464646464646,37.5,0.0,52.38095238095238,12.316715542521996,0.0,79.0719696969697,3.125,5.271464646464646,5.271464646464646,5.271464646464646,5.271464646464646,5.271464646464646,25.0,0.0,52.714646464646464,40.55555555555556,16.666666666666668,0.0,0.0,25.0,0.0,106.25,2.272727272727273,248.42261904761904,0.0,0.0,29.02777777777778,6.944444444444445,0.0,67.85714285714286,4.653679653679654,0.0,8.333333333333334,12.5,0.0,0.0,0.0,20.535714285714285,2.7777777777777777,0.0,10.606060606060607,617.3675115207374,20.833333333333336,346.36319426760605,0.0,0.0,0.0,0.0,32.28899572649573,0.0,0.0,84.44444444444444,0.0,0.0,0.0,0.0,0.0,0.0,443.40909090909093,0.0,94.92845117845118,0.0,0.0,0.0,37.5,0.0,0.0,193.379329004329,0.0,0.0,0.0,0.0,0.0,0.0,59.19642857142857,0.0,14.285714285714285,0.0,0.0,121.42094017094017,105.0,29.03225806451613,26.25,1.6129032258064517,0.0,0.0,0.0,0.0,2.7777777777777777,0.0,7.142857142857142,0.0,10.0,0.0,3.125,0.0,14.61489898989899,0.0,5.555555555555555,0.0,0.0,41.66666666666667,0.0,57.77777777777778,0.0,12.5,0.0,25.0,13.619505494505495,0.0,0.0,50.0,16.495098039215687,0.0,0.0,4.545454545454546,75.0,376.0329404894622,8.333333333333334,0.0,0.0,9.090909090909092,0.0,0.0,0.0,0.0,0.0,0.0,0.0,0.0,0.0,0.0,0.0,0.0,0.0,83.33333333333334,0.0,0.0,0.0,0.0,0.0,9.126984126984127,12.777777777777779,9.126984126984127,0.0,22.285353535353536
258.3333333333333,16.666666666666668,125.0,0.0,0.0,0.0,225.0,50.0,8.333333333333334,0.0,150.0,0.0,50.0,58.333333333333336,812.5,75.0,0.0,38.88888888888889,33.333333333333336,58.333333333333336,0.0,25.0,50.0,0.0,0.0,8.333333333333334,0.0,0.0,0.0,50.0,0.0,0.0,0.0,0.0,0.0,0.0,0.0,0.0,0.0,0.0,0.0,0.0,0.0,0.0,0.0,0.0,0.0,0.0,16.666666666666668,0.0,0.0,0.0,0.0,0.0,0.0,0.0,0.0,0.0,50.0,0.0,0.0,0.0,0.0,0.0,50.0,0.0,0.0,0.0,0.0,0.0,0.0,0.0,0.0,0.0,0.0,0.0,0.0,0.0,0.0,0.0,0.0,0.0,0.0,0.0,0.0,0.0,0.0,0.0,50.0,0.0,0.0,0.0,50.0,0.0,0.0,0.0,0.0,0.0,0.0,0.0,0.0,0.0,0.0,0.0,0.0,0.0,0.0,0.0,0.0,0.0,0.0,0.0,0.0,0.0,0.0,0.0,0.0,0.0,0.0,0.0,0.0,0.0,0.0,0.0,0.0,16.666666666666668,16.666666666666668,0.0,0.0,0.0,0.0,0.0,0.0,0.0,0.0,0.0,0.0,0.0,0.0,0.0,16.666666666666668,0.0,0.0,0.0,0.0,0.0,0.0,0.0,0.0,0.0,0.0,0.0,0.0,0.0,0.0,0.0,0.0,0.0,0.0,0.0,0.0,0.0,0.0,0.0,0.0,0.0,0.0,0.0,0.0,0.0,0.0,0.0,2.7777777777777777,0.0,37.5,0.0,0.0,0.0,0.0,0.0,0.0,0.0,0.0,0.0,0.0,0.0,0.0,0.0,0.0,0.0,0.0,0.0,0.0,0.0,0.0,0.0,0.0,0.0,0.0,0.0,0.0,0.0,0.0,0.0,0.0,0.0,0.0,0.0,0.0,0.0,0.0,0.0,0.0,0.0,0.0,0.0,0.0,0.0,0.0,0.0,0.0,0.0,0.0,0.0,0.0,0.0,0.0,0.0,0.0,0.0,0.0,0.0,0.0,0.0,0.0,0.0,0.0,0.0,0.0,0.0,0.0,0.0,0.0,0.0,0.0,0.0,0.0,0.0,0.0
520.8333333333334,41.66666666666667,116.25,339.1666666666667,202.0,133.33333333333334,396.6666666666667,112.5,25.0,170.83333333333334,193.33333333333334,70.83333333333333,195.0,23.333333333333336,25.0,68.33333333333334,33.333333333333336,79.16666666666667,100.0,20.833333333333336,56.25,25.0,16.666666666666668,8.333333333333334,8.333333333333334,0.0,29.166666666666668,11.11111111111111,0.0,37.5,0.0,58.333333333333336,0.0,0.0,8.333333333333334,0.0,4.166666666666667,0.0,64.16666666666667,0.0,0.0,25.0,18.75,50.0,0.0,33.333333333333336,0.0,0.0,0.0,0.0,0.0,12.333333333333334,0.0,0.0,12.5,0.0,50.0,0.0,0.0,0.0,0.0,0.0,54.0,0.0,0.0,0.0,25.0,25.0,0.0,0.0,0.0,0.0,0.0,0.0,0.0,16.666666666666668,12.5,0.0,0.0,0.0,0.0,0.0,0.0,0.0,0.0,0.0,0.0,0.0,0.0,0.0,0.0,0.0,0.0,0.0,0.0,0.0,0.0,0.0,0.0,0.0,0.0,0.0,0.0,0.0,0.0,0.0,0.0,0.0,0.0,0.0,0.0,0.0,0.0,0.0,0.0,0.0,0.0,0.0,0.0,0.0,0.0,0.0,6.25,0.0,0.0,0.0,0.0,0.0,0.0,0.0,0.0,0.0,0.0,0.0,0.0,0.0,0.0,0.0,0.0,0.0,0.0,0.0,0.0,0.0,0.0,0.0,0.0,0.0,0.0,0.0,0.0,16.666666666666668,0.0,0.0,0.0,0.0,0.0,0.0,0.0,0.0,0.0,25.0,0.0,0.0,0.0,0.0,0.0,0.0,0.0,0.0,0.0,0.0,12.5,0.0,0.0,0.0,0.0,0.0,0.0,0.0,0.0,0.0,0.0,0.0,0.0,0.0,0.0,0.0,0.0,0.0,0.0,0.0,0.0,0.0,0.0,0.0,5.555555555555555,2.5,0.0,0.0,0.0,0.0,0.0,0.0,0.0,0.0,0.0,16.666666666666668,25.0,0.0,0.0,0.0,0.0,0.0,0.0,0.0,0.0,0.0,0.0,0.0,0.0,0.0,0.0,0.0,0.0,0.0,0.0,0.0,0.0,0.0,0.0,0.0,0.0,0.0,0.0,0.0,0.0,0.0,0.0,0.0,0.0,0.0,0.0,0.0,0.0,0.0,0.0,0.0,0.0
37447.16028884237,9217.22653825595,8182.522541272541,22860.404927676987,9021.913723292206,9476.97048915799,6859.570236224648,3890.4912641370975,2541.0617854367856,3497.6461617086616,3993.4550474918124,7754.4924761497905,5037.363675554465,3217.8319540819543,8500.72997368218,1585.2910052910054,3778.0261700849937,3592.3425823425823,2105.0400931650934,1091.462148962149,1842.2752247752248,2860.5823633948635,1620.646645021645,1235.5079586329587,11125.24930815372,1468.340612090612,685.5573593073593,835.0367515992516,987.9262597567551,229.96212121212122,4059.8178921634803,861.3690476190476,292.5,917.5965644715644,2785.0216138374035,1738.5521423021423,184.80845543345544,411.99023199023196,31994.915405135605,624.8529942279943,1295.7852854727855,1714.4660894660894,943.6750693000693,326.0227272727273,1090.873015873016,534.3795093795094,366.6179653679654,159.19642857142858,247.16089466089466,378.246336996337,471.6170634920635,459.4944291819292,762.0386904761905,207.54689754689755,333.99743230625586,154.88095238095238,194.50396825396825,842.5892857142857,946.2234237234237,317.7025752025752,111.38888888888889,461.9771894771895,106.11111111111111,120.61688311688312,667.2305227452287,561.6765873015873,64.16666666666667,937.979242979243,228.91203703703704,442.7945665445666,446.23647186147184,106.52409527409527,101.66666666666667,32.5,81.10119047619048,53.84615384615385,112.5,962.7043095793096,50.0,412.59004884004884,20.188492063492063,491.3827838827839,121.31944444444444,561.6765873015873,336.94139194139194,342.5297619047619,105.7112332112332,0.0,68.99801587301587,104.75720551378446,387.82738095238096,43.333333333333336,280.42519980019983,50.0,288.25577200577203,74.4612332112332,50.0,36.904761904761905,79.9702380952381,147.38095238095238,116.02625977625978,32.85714285714286,31.561055594187522,106.19047619047619,536.6394716394717,675.7837301587301,172.32864357864358,135.05952380952382,491.74916724614616,0.0,31.561055594187522,31.561055594187522,31.561055594187522,31.561055594187522,31.561055594187522,101.66666666666667,43.42948717948718,315.61055594187525,337.89772727272725,133.00324675324677,47.79761904761905,81.92460317460318,198.37481962481962,29.04761904761905,62.5,35.55555555555556,472.48015873015873,41.25,279.0674603174603,47.61904761904762,164.58333333333334,76.04166666666666,103.0465367965368,83.33333333333334,187.91666666666669,29.166666666666668,59.16666666666667,13.333333333333334,360.4166666666667,72.39267676767678,16.666666666666668,104.92063492063492,191.69871794871796,10.0,664.8205266955267,111.03597405680739,1353.8933044080104,165.41666666666666,76.66666666666667,0.0,27.038690476190474,137.00261544011545,82.08333333333334,0.0,39.404761904761905,13.88888888888889,25.0,0.0,9.523809523809524,19.047619047619047,8.333333333333334,75.0,72.20779220779221,67.17063492063492,37.5,16.07142857142857,35.0,16.145833333333332,41.145833333333336,71.25,67.53663003663004,130.174512987013,62.5,298.3333333333333,0.0,95.41666666666667,39.32900432900433,27.759740259740262,108.33333333333334,208.73015873015873,5.397727272727273,141.07142857142858,458.3253205128205,134.63203463203465,87.5,33.65800865800866,4.166666666666667,28.333333333333336,6.25,34.270833333333336,25.0,10.0,24.285714285714285,9.85576923076923,4.3000693000693,207.75641025641028,33.645833333333336,0.0,26.666666666666668,107.14285714285714,16.666666666666668,22.22222222222222,11.30952380952381,8.333333333333334,5.0,0.0,2.272727272727273,0.0,0.0,57.323232323232325,0.0,6.25,0.0,20.833333333333336,14.069264069264069,10.476190476190476,123.10606060606061,50.0,35.89646464646465,60.0,32.05128205128205,131.30952380952382,62.5,9.375,71.7929292929293,0.0,9.84848484848485,0.0,50.0,6.25,3.1018518518518516,0.0,19.791666666666668,33.035714285714285,68.39285714285714,0.0,0.0,0.0,64.58333333333334,0.0,10.555555555555555,101.3888888888889,1.923076923076923,41.25,0.0,104.16666666666667,0.0,5.0,751.5817515817516
11705.817662729427,3443.153706995619,1502.6186721774957,2169.0942778626604,4806.103883861237,1397.9916815210934,359.13165266106444,1165.6279341573459,1295.4282155752744,478.32057946028533,1325.5793716087833,1061.4516447604683,5520.2346856574795,736.3951183620302,1227.5587831286362,1584.6759490509492,682.7923669467788,937.5595238095239,175.35714285714286,309.02281746031747,170.16233766233765,404.1170634920635,798.9186507936508,85.0,685.6060606060606,169.5970695970696,2351.2532320620558,64.4047619047619,481.2445887445888,10.0,249.3679441473559,50.0,44.871794871794876,151.70543304734483,118.46611721611721,299.49009324009324,84.92063492063492,1140.3309884559885,875.9526706953178,368.08367286308464,12.878787878787879,101.78571428571428,225.0351037851038,0.0,268.3351370851371,95.55555555555556,164.88095238095238,0.0,10.084033613445378,91.42857142857143,139.375,128.8095238095238,170.55555555555554,262.3511904761905,0.0,47.22222222222222,60.208333333333336,55.55555555555556,46.69117647058824,806.8273393273394,0.0,65.32467532467533,3.125,174.28571428571428,83.27922077922078,89.96248849190026,9.090909090909092,105.03968253968254,46.42857142857143,26.762820512820515,0.0,0.0,0.0,0.0,6.78733031674208,16.346153846153847,10.714285714285714,910.611435133494,0.0,8.333333333333332,5.555555555555555,68.41736694677871,0.0,89.96248849190026,13.392857142857142,32.80844155844156,0.0,0.0,0.0,8.333333333333334,94.44444444444444,8.333333333333334,25.0,0.0,0.0,10.0,0.0,6.25,0.0,0.0,0.0,3.125,5.549848932201873,62.5,0.0,7.0436507936507935,251.24791874791876,0.0,117.17630541159953,0.0,5.549848932201873,5.549848932201873,5.549848932201873,5.549848932201873,5.549848932201873,0.0,0.0,55.498489322018735,27.941176470588236,151.07142857142856,0.0,0.0,207.68323996265173,0.0,0.0,0.0,339.9299719887955,0.0,0.0,29.166666666666668,7.142857142857142,0.0,15.649801587301587,68.75,4.166666666666667,20.580808080808083,25.0,0.0,20.833333333333336,0.0,0.0,56.111111111111114,53.125,0.0,29.166666666666668,0.0,354.64285714285717,75.0,29.166666666666668,4.166666666666667,20.352564102564102,7.142857142857142,12.5,0.0,0.0,0.0,0.0,0.0,0.0,0.0,107.14285714285714,68.60119047619048,0.0,96.25,71.62698412698413,0.0,0.0,58.80647130647131,32.692307692307686,0.0,123.19139194139194,1.5625,0.0,0.0,0.0,0.0,0.0,16.07142857142857,0.0,6.25,0.0,25.0,64.26767676767676,47.22222222222222,0.0,11.805555555555555,0.0,10.0,0.0,0.0,59.375,0.0,0.0,0.0,0.0,111.52777777777779,12.5,0.0,0.0,161.92460317460316,0.0,0.0,4.166666666666667,6.25,17.067307692307693,0.0,36.553030303030305,0.0,0.0,0.0,0.0,13.88888888888889,0.0,38.57142857142857,110.83333333333334,18.806471306471305,12.5,0.0,0.0,50.0,0.0,6.25,0.0,0.0,0.0,0.0,0.0,0.0,0.0,0.0,0.0,12.5,0.0,16.666666666666668,0.0,0.0,0.0,0.0,129.6918767507003,0.0,3.571428571428571,0.0,0.0,23.80952380952381,0.0,0.0,0.0,38.39285714285714,33.78472222222222
2173.3035714285716,133.33333333333334,337.14285714285717,1258.3333333333333,2589.4300144300146,261.8560606060606,39.583333333333336,680.6818181818182,108.03571428571428,74.06746031746032,722.5396825396825,479.66810966810965,246.42857142857144,50.0,184.78174603174602,87.5,8.333333333333334,21.428571428571427,48.45238095238095,298.2142857142857,4.545454545454546,12.5,80.0,0.0,29.166666666666668,891.4285714285714,50.0,28.57142857142857,0.0,8.333333333333334,0.0,25.0,16.666666666666668,58.333333333333336,77.08333333333333,0.0,0.0,0.0,0.0,8.333333333333334,20.0,7.142857142857142,0.0,112.5,0.0,0.0,0.0,0.0,25.0,8.333333333333334,0.0,0.0,0.0,0.0,0.0,0.0,50.0,0.0,7.142857142857142,0.0,83.33333333333334,0.0,16.666666666666668,33.333333333333336,0.0,8.333333333333334,45.833333333333336,0.0,55.55555555555556,6.25,0.0,0.0,0.0,37.5,0.0,0.0,0.0,158.33333333333334,0.0,0.0,0.0,0.0,0.0,0.0,0.0,0.0,3.125,0.0,0.0,0.0,0.0,0.0,0.0,87.5,0.0,12.5,7.142857142857142,0.0,0.0,0.0,50.0,0.0,0.0,0.0,0.0,10.0,0.0,25.0,0.0,8.333333333333334,0.0,0.0,0.0,0.0,0.0,0.0,0.0,0.0,0.0,0.0,0.0,0.0,0.0,83.33333333333334,0.0,0.0,0.0,0.0,14.285714285714285,0.0,0.0,171.15981240981242,0.0,0.0,0.0,0.0,0.0,0.0,0.0,41.66666666666667,0.0,0.0,0.0,0.0,33.333333333333336,0.0,0.0,0.0,0.0,0.0,0.0,0.0,0.0,10.0,0.0,50.0,0.0,0.0,0.0,0.0,0.0,0.0,0.0,0.0,0.0,0.0,0.0,0.0,0.0,61.30952380952381,0.0,0.0,0.0,50.0,0.0,0.0,0.0,0.0,0.0,0.0,0.0,0.0,0.0,0.0,0.0,0.0,0.0,0.0,0.0,0.0,0.0,0.0,0.0,0.0,0.0,0.0,0.0,0.0,0.0,0.0,0.0,0.0,0.0,0.0,0.0,16.666666666666668,0.0,0.0,0.0,0.0,0.0,0.0,0.0,0.0,0.0,0.0,0.0,0.0,0.0,0.0,0.0,0.0,0.0,0.0,0.0,0.0,0.0,0.0,0.0,0.0,10.0,0.0,0.0,0.0,0.0,7.142857142857142,0.0,0.0,0.0,0.0,0.0,0.0,0.0,0.0,0.0,0.0,0.0,0.0,0.0
1409.6468253968253,150.0,263.87301587301585,133.33333333333334,362.9761904761905,13.333333333333334,5.555555555555555,25.0,25.0,16.666666666666668,161.45833333333334,68.54166666666667,476.4980158730159,16.666666666666668,3.7037037037037033,0.0,58.73015873015873,21.875,19.791666666666664,25.0,17.5,10.0,6.761904761904762,5.0,8.055555555555555,25.0,0.0,27.777777777777775,10.267857142857142,11.11111111111111,0.0,14.285714285714285,8.333333333333334,0.0,5.555555555555555,37.5,0.0,2.0833333333333335,50.0,25.0,6.25,0.0,0.0,25.0,0.0,0.0,0.0,0.0,3.125,0.0,35.97222222222222,23.61111111111111,12.5,0.0,0.0,0.0,0.0,0.0,0.0,0.0,0.0,0.0,0.0,0.0,0.0,0.0,0.0,4.166666666666667,0.0,0.0,0.0,0.0,0.0,0.0,5.555555555555555,0.0,0.0,133.33333333333334,0.0,0.0,0.0,0.0,0.0,0.0,3.571428571428571,0.0,0.0,0.0,0.0,0.0,41.66666666666667,0.0,7.0,0.0,0.0,50.0,0.0,1.3888888888888888,0.0,0.0,0.0,0.0,0.0,0.0,0.0,0.0,0.0,0.0,0.0,0.0,0.0,0.0,0.0,0.0,0.0,0.0,0.0,0.0,0.0,0.0,0.0,0.0,0.0,0.0,0.0,0.0,0.0,0.0,0.0,0.0,17.5,25.0,0.0,0.0,0.0,0.0,0.0,0.0,0.0,0.0,0.0,0.0,0.0,0.0,0.0,0.0,0.0,0.0,0.0,0.0,0.0,25.0,0.0,0.0,0.0,0.0,0.0,0.0,0.0,0.0,0.0,0.0,10.416666666666668,0.0,0.0,0.0,0.0,0.0,0.0,25.0,26.851851851851855,0.0,0.0,0.0,0.0,0.0,0.0,0.0,0.0,0.0,0.0,0.0,25.0,0.0,0.0,0.0,0.0,0.0,0.0,0.0,0.0,0.0,0.0,8.75,0.0,0.0,0.0,0.0,0.0,3.125,0.0,0.0,0.0,0.0,0.0,0.0,0.0,0.0,0.0,0.0,0.0,0.0,0.0,0.0,0.0,0.0,0.0,0.0,0.0,0.0,0.0,0.0,0.0,0.0,0.0,0.0,0.0,0.0,0.0,0.0,0.0,0.0,0.0,0.0,0.0,0.0,0.0,0.0,0.0,0.0,0.0,0.0,0.0,0.0,0.0,0.0,0.0,0.0,0.0
10576.798423798424,1360.029761904762,4830.7174209788645,1952.133769008769,2220.3076252943274,456.69642857142856,395.8829365079365,385.3968253968254,458.63629426129427,458.3779761904762,596.0019841269841,387.8060134310134,2845.174963924964,459.59145021645026,512.0767195767196,131.62774725274724,265.02899877899875,556.7138055606365,146.00045787545787,332.0833333333333,144.16666666666666,188.36309523809524,540.1746031746031,372.7550921300921,97.16810966810966,255.31211843711844,591.6883116883117,51.41559829059829,194.31776556776558,114.64285714285714,152.71825396825398,90.57539682539682,145.15873015873015,61.904761904761905,30.555555555555557,20.0,32.857142857142854,25.0,172.61904761904762,25.23809523809524,109.86111111111111,12.5,174.32539682539684,78.33333333333334,196.1904761904762,7.142857142857142,137.26190476190476,0.0,10.863095238095237,45.833333333333336,123.01587301587301,57.61904761904762,47.5,0.0,0.0,13.333333333333334,417.0238095238095,228.26388888888889,41.30952380952381,628.7608225108225,2.7777777777777777,9.166666666666668,39.285714285714285,5.0,0.0,32.14285714285714,0.0,37.5,0.0,25.0,30.048076923076923,8.333333333333334,7.142857142857142,8.333333333333334,80.55555555555556,0.0,3.571428571428571,1173.6970668220667,25.0,3.571428571428571,0.0,1.8518518518518516,0.0,7.142857142857142,45.23809523809524,30.0,3.125,16.666666666666668,0.0,0.0,0.0,17.5,262.0,25.0,0.0,50.0,5.0,8.333333333333334,0.0,58.36538461538461,0.0,0.0,7.572962049907369,3.125,90.9090909090909,78.05465367965368,10.606060606060607,0.0,113.59443074861055,0.0,7.572962049907369,7.572962049907369,7.572962049907369,7.572962049907369,7.572962049907369,0.0,15.833333333333334,75.72962049907369,0.0,0.0,0.0,12.5,0.0,0.0,0.0,0.0,108.33333333333334,1.6666666666666667,6.25,77.73809523809524,5.0,30.0,0.0,12.5,0.0,16.666666666666668,0.0,25.0,37.5,0.0,4.166666666666667,36.7063492063492,0.0,17.857142857142858,0.0,13.88888888888889,90.97222222222223,0.0,200.29761904761907,133.99170274170274,209.47916666666669,180.14957264957266,0.0,0.0,26.427045177045176,40.40404040404041,0.0,0.0,0.0,0.0,0.0,0.0,0.0,65.67460317460318,0.0,4.166666666666667,0.0,8.125,14.23611111111111,31.25,125.0,12.852112676056338,0.0,7.142857142857142,0.0,0.0,0.0,0.0,0.0,419.5734126984127,0.0,0.0,52.083333333333336,0.0,20.454545454545457,0.0,1.1363636363636365,0.0,0.0,256.1507936507937,5.555555555555555,8.333333333333334,25.0,48.01587301587302,0.0,52.083333333333336,0.0,0.0,25.0,3.125,2.9236022193768676,22.550505050505052,0.0,0.0,61.688311688311686,0.0,16.666666666666668,12.5,0.0,0.0,0.0,25.0,0.0,0.0,0.0,40.83333333333333,0.0,3.125,4.166666666666667,150.6547619047619,0.0,0.0,19.642857142857142,0.0,8.333333333333334,0.0,0.0,0.0,8.333333333333334,21.428571428571427,0.0,0.0,0.0,19.375,0.0,0.0,0.0,0.0,0.0,0.0,0.0,0.0,0.0,16.666666666666668,12.5,35.0,12.5,0.0,0.0
2118.147396584897,425.58170995671,698.3502898795452,1015.9160052910053,852.1693287354043,601.9272741147741,787.7755230880231,678.2474425735295,536.7361111111111,71.42361111111111,395.3823953823954,467.7326052103299,487.88870851370854,98.79013347763347,275.5784493284493,852.4603174603175,171.0945767195767,541.8849206349206,340.84986772486775,159.91477272727272,46.36363636363637,154.265873015873,253.5157867494824,89.85119047619048,179.98136123136123,83.15705128205128,73.33333333333333,109.10984848484848,352.70833333333337,39.16666666666667,60.833333333333336,87.08333333333334,25.0,62.142857142857146,53.10606060606061,78.57142857142857,33.7962962962963,589.0972222222223,101.73928410770516,33.98809523809524,0.0,15.277777777777779,23.941798941798943,98.95833333333334,241.7724867724868,27.976190476190478,14.285714285714285,29.166666666666668,0.0,92.31150793650794,186.57738095238096,73.91134085213032,35.56547619047619,50.303030303030305,39.07738095238095,4.166666666666667,4.166666666666667,20.23809523809524,2.7777777777777777,191.3961038961039,0.390625,38.46153846153846,44.11764705882353,8.333333333333332,109.04761904761905,8.333333333333334,20.833333333333336,6.25,17.708333333333336,3.125,18.08779761904762,32.67857142857143,0.0,12.5,42.708333333333336,0.0,0.0,61.46825396825397,37.5,8.333333333333334,0.0,16.666666666666668,1.25,8.333333333333334,2.7777777777777777,53.125,0.0,4.166666666666667,47.54960317460318,10.590277777777779,25.0,50.0,0.0,0.0,24.702380952380953,3.125,32.14285714285714,5.208333333333334,0.0,9.895833333333334,0.0,20.833333333333336,15.1099506063624,0.0,0.0,40.625,164.99916618996176,0.0,146.44092576210267,0.0,9.554395050806844,9.554395050806844,9.554395050806844,9.554395050806844,9.554395050806844,29.545454545454547,0.0,95.54395050806845,47.53237259816207,0.0,0.0,12.847222222222221,0.0,26.041666666666668,0.0,13.75,54.72222222222222,0.0,25.74074074074074,31.750408496732025,0.0,0.0,0.0,2.5,0.0,12.5,0.0,0.0,0.0,3.125,0.0,25.0,0.0,0.0,2.380952380952381,116.22281075406076,3.125,50.0,0.0,6.25,0.0,1.3888888888888888,0.0,13.125,0.0,0.0,0.0,15.625,4.166666666666667,8.333333333333334,18.75,0.0,0.0,25.0,0.0,3.571428571428571,0.0,21.666666666666668,11.11111111111111,2.5,43.381410256410255,13.884569377990431,0.0,12.5,0.0,0.0,0.0,0.0,0.0,0.0,3.125,0.0,81.25,0.0,9.574468085106382,0.0,0.5319148936170213,16.666666666666668,0.0,0.0,54.16666666666667,0.0,10.0,0.0,1.3888888888888888,147.08748490338164,11.11111111111111,0.0,0.0,187.30058842759072,5.0,22.569444444444443,0.0,12.5,0.5952380952380952,0.0,0.0,0.0,0.0,0.0,0.0,0.0,0.0,0.0,25.0,22.291666666666668,0.0,0.0,0.0,31.666666666666668,29.95169082125604,4.166666666666667,0.0,4.166666666666667,0.0,0.0,4.166666666666667,0.0,50.0,0.0,0.0,0.0,1.5625,0.0,2.0833333333333335,0.0,0.0,0.0,34.72222222222222,0.0,8.333333333333332,25.0,3.125,21.875,12.5,6.25,12.5,0.0,0.0
391.6666666666667,12.5,75.0,133.33333333333334,116.66666666666667,0.0,175.0,25.0,50.0,125.0,0.0,25.0,0.0,0.0,25.0,0.0,0.0,0.0,0.0,0.0,50.0,25.0,100.0,0.0,0.0,0.0,75.0,0.0,0.0,0.0,0.0,0.0,500.0,0.0,0.0,0.0,0.0,0.0,0.0,0.0,0.0,350.0,841.6666666666666,0.0,0.0,0.0,0.0,0.0,0.0,0.0,0.0,0.0,50.0,0.0,50.0,0.0,150.0,0.0,0.0,50.0,0.0,0.0,16.666666666666668,0.0,0.0,0.0,0.0,0.0,0.0,0.0,0.0,0.0,0.0,0.0,0.0,0.0,0.0,0.0,0.0,0.0,50.0,0.0,0.0,0.0,0.0,0.0,0.0,0.0,0.0,50.0,0.0,0.0,0.0,0.0,0.0,0.0,0.0,0.0,0.0,300.0,0.0,0.0,0.0,75.0,0.0,0.0,0.0,0.0,0.0,0.0,0.0,0.0,0.0,0.0,0.0,0.0,0.0,0.0,0.0,0.0,12.5,0.0,0.0,0.0,0.0,0.0,0.0,0.0,0.0,0.0,0.0,0.0,0.0,0.0,0.0,0.0,0.0,0.0,0.0,0.0,0.0,0.0,0.0,0.0,0.0,0.0,0.0,0.0,0.0,0.0,0.0,0.0,25.0,0.0,0.0,0.0,0.0,0.0,0.0,0.0,0.0,0.0,0.0,0.0,0.0,0.0,0.0,0.0,0.0,25.0,0.0,0.0,0.0,0.0,0.0,0.0,0.0,0.0,0.0,0.0,0.0,0.0,0.0,0.0,0.0,0.0,0.0,0.0,0.0,0.0,0.0,0.0,0.0,0.0,0.0,0.0,0.0,0.0,0.0,0.0,0.0,0.0,0.0,0.0,0.0,0.0,0.0,0.0,0.0,0.0,0.0,0.0,0.0,0.0,0.0,0.0,0.0,0.0,0.0,0.0,0.0,0.0,0.0,0.0,0.0,0.0,0.0,0.0,16.666666666666668,0.0,0.0,0.0,0.0,0.0,0.0,0.0,0.0,0.0,0.0,0.0,0.0,0.0,0.0,0.0,116.66666666666667,0.0,116.66666666666667,0.0,0.0
17250.764985131584,4112.283577533578,7487.5689720332575,3048.365412015622,8058.6931302435505,5320.119465162167,4660.478572353572,3036.7916560952276,2754.413890769983,2080.7605466428995,2323.7726757369614,905.2497215948304,522.7145473574045,1401.1823593073593,2640.1834024207974,2790.240777080063,2712.8997932506336,2357.1335978835978,1993.78367003367,1481.424062049062,3222.276095267167,1243.6011904761906,874.1834554334555,3055.1157339392635,640.968253968254,978.4768907563025,493.92857142857144,665.6235827664399,1351.973986973987,1387.0058023209283,379.1720779220779,2294.97425997426,1464.6176046176047,537.0845358345358,1077.376443001443,850.4124149659864,821.1843711843712,959.0188977688978,319.84593837535016,860.2295918367347,655.1303299097417,1182.5707384403036,625.843253968254,3381.8835592317737,576.7261904761905,435.89285714285717,264.6199633699634,1537.2700216450216,1570.106721981722,416.4668423364075,243.81583694083696,142.5,640.0,96.1984126984127,445.28679653679654,1171.2459762459762,214.23611111111111,241.72799422799423,198.38235294117646,1164.7898098633393,410.9554334554334,281.5131695646402,509.14565826330534,462.0238095238095,263.19444444444446,96.2878787878788,132.34492087433264,340.0,281.5079365079365,493.64755119219404,54.04456654456655,133.60119047619048,393.3901515151515,319.04761904761904,10.0,658.2211538461538,298.3333333333333,1.6666666666666667,2344.592352092352,144.14488017429193,672.5954525954526,21.208791208791208,5.0,86.2878787878788,37.93001660648719,388.5948773448774,483.87591575091574,240.75396825396825,84.44444444444444,99.70238095238096,118.05555555555556,153.76984126984127,233.57142857142858,549.9246031746032,224.30555555555554,165.82379921665637,376.9047619047619,52.77777777777778,118.33333333333333,125.0,91.45299145299145,144.37406156156158,6.8122934419289916,293.45238095238096,192.48015873015873,27.380952380952383,21.428571428571427,461.8650793650794,102.18440162893488,69.76190476190476,6.8122934419289916,6.8122934419289916,6.8122934419289916,6.8122934419289916,6.8122934419289916,69.45748299319727,270.7208994708995,68.12293441928992,316.59798534798534,29.761904761904763,266.6666666666667,75.89285714285714,277.6341647770219,260.7275132275132,176.1904761904762,6.25,0.0,282.14285714285717,26.428571428571427,83.33333333333334,62.16931216931217,901.6044671559378,47.5,35.71428571428571,12.962962962962962,66.49659863945578,74.21428571428572,139.4047619047619,0.0,49.13678206325265,12.5,21.19047619047619,36.111111111111114,173.33333333333334,0.0,96.0407647907648,0.0,5.0,0.5494505494505494,0.0,60.0,50.0,35.11904761904762,109.18650793650794,39.583333333333336,49.166666666666664,143.7996031746032,37.5,12.566137566137566,25.132275132275133,115.35714285714286,5.555555555555555,0.0,0.0,57.40740740740741,105.55555555555556,7.142857142857142,40.0,0.0,125.69444444444444,0.0,147.14285714285714,313.61832611832614,30.27777777777778,73.88888888888889,42.361111111111114,86.78300865800867,0.0,81.03174603174604,7.142857142857142,7.083333333333334,48.21428571428571,0.0,515.108791521835,0.0,128.77719788045874,0.0,0.0,78.63095238095238,0.0,85.41666666666667,0.0,39.285714285714285,20.555555555555557,287.6984126984127,0.0,0.0,10.256410256410255,77.11538461538461,42.31060606060606,0.0,7.142857142857142,94.86111111111111,216.66666666666669,25.0,25.0,0.0,25.694444444444446,100.0,37.50000000000001,60.0,12.5,11.30952380952381,109.72222222222223,0.0,0.0,12.5,0.0,0.0,0.0,0.0,0.0,0.0,19.444444444444443,0.0,43.888888888888886,0.0,75.89285714285714,0.0,0.0,34.02777777777778,10.0,0.0,19.841269841269842,5.0,0.0,35.238095238095234,0.0,0.0,0.0,0.0,0.0,6.25,0.0,0.0,50.0,0.0,0.0,0.0
2400.50009018759,862.5694444444445,1970.9474206349207,875.2083333333334,247.4404761904762,50.0,144.10714285714286,129.63942307692307,176.60714285714286,314.1666666666667,159.375,140.97222222222223,1081.185515873016,249.16666666666669,74.46969696969697,165.17857142857144,221.91603535353536,152.41071428571428,37.5,57.85714285714286,61.15079365079365,1.7857142857142856,90.83333333333334,129.79166666666666,10.76388888888889,53.125,194.33531746031747,11.458333333333334,0.0,0.0,158.80952380952382,0.0,10.0,25.0,87.5,25.0,0.0,20.833333333333336,147.7078823953824,25.0,26.666666666666668,11.458333333333334,75.0,0.0,16.666666666666668,0.0,8.333333333333334,8.333333333333334,0.0,0.0,83.33333333333333,69.58333333333334,65.77380952380952,1.3888888888888888,0.0,0.0,31.25,0.0,12.859848484848486,27.77777777777778,0.0,0.0,0.0,0.0,2.7777777777777777,12.5,0.0,36.13140331890332,12.5,2.5,3.571428571428571,10.863095238095237,0.0,0.0,0.0,0.0,195.83333333333334,51.75595238095238,0.0,0.0,5.0,0.0,0.0,12.5,28.57142857142857,0.0,0.0,0.0,0.0,0.0,0.0,0.0,59.583333333333336,0.0,0.0,0.0,0.0,0.0,0.0,0.0,0.0,0.0,0.5952380952380952,0.0,23.4375,0.0,0.0,0.0,8.928571428571429,0.0,0.5952380952380952,0.5952380952380952,0.5952380952380952,0.5952380952380952,0.5952380952380952,0.0,0.0,5.9523809523809526,0.0,0.0,28.57142857142857,0.0,0.0,0.0,8.333333333333334,0.0,472.0833333333333,0.0,3.571428571428571,58.80952380952381,0.0,0.0,12.5,0.0,0.0,66.66666666666667,0.0,0.0,0.0,3.571428571428571,0.0,0.0,0.0,0.0,0.0,0.0,166.66666666666666,0.0,25.0,0.0,0.0,31.25,0.0,0.0,25.0,0.0,0.0,25.0,0.0,0.0,0.0,0.0,0.0,162.5,0.0,0.0,0.0,0.0,6.666666666666667,0.0,45.63131313131313,0.0,0.0,0.0,0.0,0.0,0.0,0.0,0.0,3.571428571428571,0.0,0.0,75.83333333333334,0.0,0.0,0.0,0.0,0.0,0.0,0.0,0.0,0.0,0.0,2.7777777777777777,0.0,0.0,0.0,0.0,0.0,0.0,2.380952380952381,0.0,0.0,0.0,0.0,0.0,0.0,0.0,0.0,0.0,0.0,0.0,0.0,0.0,0.0,15.0,0.0,1.923076923076923,0.0,0.0,0.0,0.0,0.0,0.0,0.0,0.0,0.0,0.0,0.0,0.0,0.0,0.0,0.0,0.0,0.0,10.714285714285714,0.0,0.0,25.0,0.0,0.0,0.0,0.0,0.0,0.0,10.0,0.0,0.0,0.0
121.25,0.0,100.0,0.0,0.0,41.66666666666667,0.0,0.0,0.0,10.0,25.833333333333336,15.0,45.0,25.0,12.5,0.0,115.0,16.666666666666668,20.833333333333336,0.0,62.5,0.0,0.0,0.0,0.0,6.25,0.0,0.0,0.0,0.0,20.0,0.0,0.0,0.0,0.0,0.0,0.0,0.0,0.0,0.0,29.166666666666668,0.0,0.0,0.0,0.0,0.0,0.0,0.0,0.0,0.0,0.0,10.0,0.0,0.0,0.0,0.0,0.0,0.0,0.0,4.166666666666667,0.0,0.0,0.0,0.0,0.0,0.0,0.0,0.0,0.0,0.0,0.0,0.0,0.0,0.0,0.0,0.0,0.0,12.5,0.0,0.0,0.0,25.0,16.666666666666668,0.0,0.0,0.0,0.0,0.0,0.0,0.0,0.0,0.0,0.0,0.0,0.0,0.0,0.0,0.0,5.0,0.0,0.0,0.0,0.0,25.0,0.0,0.0,0.0,0.0,0.0,0.0,0.0,0.0,0.0,0.0,0.0,0.0,0.0,0.0,0.0,0.0,0.0,0.0,0.0,0.0,0.0,0.0,0.0,0.0,0.0,0.0,0.0,0.0,0.0,0.0,0.0,0.0,0.0,0.0,0.0,0.0,0.0,0.0,0.0,0.0,0.0,0.0,0.0,0.0,0.0,0.0,0.0,0.0,0.0,0.0,0.0,0.0,0.0,0.0,0.0,0.0,0.0,0.0,0.0,0.0,0.0,0.0,0.0,0.0,0.0,0.0,0.0,0.0,0.0,0.0,0.0,0.0,0.0,0.0,0.0,0.0,0.0,0.0,0.0,0.0,0.0,0.0,0.0,0.0,0.0,0.0,0.0,0.0,0.0,0.0,0.0,0.0,0.0,0.0,0.0,0.0,0.0,0.0,0.0,0.0,0.0,0.0,0.0,0.0,0.0,0.0,0.0,0.0,0.0,0.0,0.0,0.0,0.0,0.0,0.0,0.0,0.0,0.0,0.0,0.0,0.0,0.0,0.0,0.0,0.0,0.0,0.0,0.0,0.0,0.0,0.0,0.0,0.0,0.0,0.0,0.0,0.0,0.0,0.0,0.0,0.0,0.0,0.0,0.0,0.0
93.45238095238096,0.0,0.0,12.5,8.333333333333334,0.0,0.0,0.0,0.0,12.5,0.0,0.0,16.666666666666668,0.0,0.0,50.0,0.0,50.0,0.0,50.0,0.0,0.0,0.0,0.0,0.0,0.0,0.0,0.0,7.142857142857142,0.0,0.0,0.0,0.0,0.0,0.0,0.0,0.0,0.0,0.0,0.0,0.0,0.0,0.0,0.0,0.0,0.0,0.0,0.0,0.0,0.0,0.0,0.0,0.0,0.0,0.0,0.0,0.0,0.0,0.0,12.5,0.0,0.0,0.0,0.0,0.0,0.0,0.0,0.0,0.0,0.0,0.0,0.0,0.0,0.0,0.0,0.0,0.0,0.0,0.0,0.0,0.0,0.0,0.0,0.0,0.0,0.0,0.0,0.0,0.0,0.0,28.57142857142857,0.0,0.0,0.0,0.0,0.0,0.0,0.0,0.0,0.0,0.0,0.0,0.0,0.0,0.0,0.0,0.0,0.0,0.0,0.0,0.0,0.0,0.0,0.0,0.0,0.0,0.0,0.0,0.0,0.0,0.0,0.0,0.0,0.0,0.0,0.0,0.0,0.0,0.0,0.0,0.0,0.0,0.0,0.0,0.0,0.0,0.0,0.0,0.0,0.0,0.0,0.0,0.0,0.0,0.0,0.0,0.0,0.0,0.0,0.0,0.0,0.0,0.0,0.0,0.0,0.0,0.0,0.0,0.0,0.0,0.0,0.0,0.0,0.0,0.0,0.0,0.0,0.0,0.0,0.0,0.0,0.0,0.0,0.0,0.0,0.0,0.0,0.0,0.0,8.333333333333334,0.0,0.0,0.0,0.0,0.0,0.0,0.0,0.0,0.0,0.0,0.0,0.0,0.0,0.0,0.0,0.0,0.0,0.0,0.0,0.0,0.0,0.0,0.0,0.0,0.0,0.0,0.0,0.0,0.0,0.0,0.0,0.0,0.0,0.0,0.0,0.0,0.0,0.0,0.0,0.0,0.0,0.0,0.0,0.0,0.0,0.0,0.0,0.0,0.0,0.0,0.0,0.0,0.0,0.0,0.0,0.0,0.0,0.0,0.0,0.0,0.0,0.0,0.0,0.0,0.0,0.0,0.0,0.0,0.0
18.75,0.0,0.0,0.0,0.0,0.0,0.0,12.5,0.0,0.0,0.0,0.0,0.0,0.0,25.0,0.0,0.0,0.0,0.0,0.0,0.0,0.0,0.0,0.0,0.0,0.0,0.0,0.0,0.0,0.0,0.0,0.0,0.0,0.0,0.0,0.0,0.0,0.0,0.0,0.0,0.0,0.0,0.0,0.0,6.25,0.0,0.0,0.0,0.0,0.0,0.0,0.0,0.0,0.0,0.0,0.0,0.0,0.0,0.0,0.0,0.0,0.0,0.0,0.0,0.0,0.0,0.0,0.0,0.0,0.0,0.0,0.0,0.0,0.0,0.0,0.0,0.0,0.0,0.0,0.0,0.0,0.0,0.0,0.0,0.0,0.0,0.0,0.0,0.0,0.0,0.0,0.0,0.0,0.0,0.0,0.0,0.0,0.0,0.0,0.0,0.0,0.0,0.0,0.0,0.0,0.0,0.0,0.0,0.0,0.0,0.0,0.0,0.0,0.0,0.0,0.0,0.0,0.0,0.0,0.0,0.0,0.0,0.0,0.0,0.0,0.0,0.0,0.0,0.0,0.0,0.0,0.0,0.0,0.0,0.0,0.0,0.0,0.0,0.0,0.0,0.0,0.0,0.0,0.0,0.0,0.0,0.0,0.0,0.0,0.0,0.0,0.0,0.0,0.0,0.0,0.0,0.0,0.0,0.0,0.0,0.0,0.0,0.0,0.0,0.0,0.0,0.0,0.0,0.0,0.0,0.0,0.0,0.0,0.0,0.0,0.0,0.0,0.0,0.0,0.0,0.0,0.0,0.0,0.0,0.0,0.0,0.0,0.0,0.0,0.0,0.0,0.0,0.0,0.0,0.0,0.0,0.0,0.0,0.0,0.0,0.0,0.0,0.0,0.0,0.0,0.0,0.0,0.0,0.0,0.0,0.0,0.0,0.0,0.0,0.0,0.0,0.0,0.0,0.0,0.0,0.0,0.0,0.0,0.0,0.0,0.0,0.0,0.0,0.0,0.0,0.0,0.0,0.0,0.0,0.0,0.0,0.0,0.0,0.0,0.0,0.0,0.0,0.0,0.0,0.0,0.0,0.0,0.0,0.0
5532.071376608142,365.55808080808083,1264.2689962686093,796.8043340674919,681.0785233285234,85.95043572984748,151.06693501430345,85.49242424242425,702.2301976346095,98.33333333333334,167.84147962747033,683.2282135076252,2432.3797551061484,87.93452380952381,297.1007696007696,192.8968253968254,287.26190476190476,71.62698412698413,13.125,159.33278867102396,18.825757575757578,196.8624379576392,165.43902369560266,60.68648671589848,263.5416666666667,29.660753190164954,169.25925925925927,12.5,56.768136547548316,9.375,288.6111111111111,3.4722222222222223,0.0,33.881578947368425,20.416666666666668,23.958333333333332,0.0,27.15909090909091,149.4047619047619,0.0,8.214285714285715,25.0,99.375,20.0,13.125,0.0,12.777777777777779,3.3333333333333335,0.0,19.444444444444443,53.867102396514156,7.361111111111111,2.380952380952381,0.0,4.444444444444445,6.772727272727273,0.0,8.0,0.0,113.96630874572051,85.71428571428572,0.0,0.0,0.0,15.0,3.571428571428571,0.0,123.19047619047619,0.0,0.0,0.0,11.875,4.166666666666667,0.0,3.3333333333333335,0.0,2.0,119.22979797979798,0.0,0.0,0.0,10.0,0.0,3.571428571428571,5.555555555555555,0.0,0.0,0.0,0.0,0.0,8.333333333333334,0.0,8.680555555555555,0.0,0.0,0.0,0.0,0.0,0.0,13.333333333333332,0.0,3.125,0.0,33.333333333333336,0.0,0.0,0.0,0.0,0.0,0.0,0.0,0.0,0.0,0.0,0.0,4.166666666666667,0.0,0.0,0.0,0.0,0.0,0.0,0.0,0.0,0.0,0.0,40.55555555555556,0.0,14.285714285714285,153.33333333333334,0.0,0.0,0.0,0.0,0.0,0.0,0.0,0.0,6.25,0.0,0.0,7.291666666666667,0.0,0.0,0.0,0.0,36.111111111111114,0.0,0.0,1.5151515151515151,3.571428571428571,22.5,50.0,0.0,50.0,0.0,0.0,0.0,0.0,0.0,0.0,0.0,0.0,3.867102396514161,0.0,0.0,0.0,21.428571428571427,34.66810966810967,0.0,337.85714285714283,9.444444444444445,0.0,1.5151515151515151,6.25,0.0,0.0,0.0,0.0,0.0,0.0,0.0,53.19444444444444,40.0,0.0,10.0,0.0,0.0,0.0,8.333333333333334,0.0,0.0,7.5,0.0,0.0,225.625,12.5,0.0,0.0,62.14285714285714,0.0,0.0,20.0,0.0,3.125,0.0,0.0,0.0,0.0,0.0,16.666666666666668,0.0,0.0,0.0,0.0,49.83777524218701,0.0,0.0,0.0,0.0,0.0,16.666666666666668,0.0,0.0,0.0,0.0,22.857142857142858,0.0,0.0,0.0,0.0,0.0,2.5,0.0,0.0,23.333333333333336,0.0,0.0,22.076023391812864,0.0,0.0,0.0,0.0,0.0,0.0,0.0,0.0,2.7777777777777777,11.688311688311689
657.0192307692308,6.25,179.16666666666669,35.0,112.36111111111111,225.0,105.66666666666667,221.35416666666666,135.0,5.555555555555555,110.0,37.5,25.0,33.333333333333336,27.083333333333332,16.666666666666668,25.0,41.66666666666667,0.0,23.333333333333332,93.75,6.25,10.714285714285714,0.0,0.0,75.0,0.0,0.0,25.0,25.0,20.512820512820515,0.0,75.0,6.666666666666667,0.0,0.0,0.0,16.666666666666668,47.5,0.0,10.0,0.0,52.083333333333336,5.0,50.0,16.666666666666668,0.0,0.0,0.0,0.0,0.0,0.0,0.0,0.0,12.5,0.0,25.0,0.0,14.583333333333334,25.0,0.0,5.0,0.0,0.0,0.0,0.0,0.0,0.0,0.0,0.0,0.0,1.6666666666666667,0.0,0.0,0.0,0.0,0.0,0.0,0.0,0.0,25.0,0.0,0.0,0.0,0.0,0.0,0.0,0.0,0.0,0.0,0.0,1.0,0.0,10.0,5.0,0.0,0.0,0.0,0.0,0.0,10.0,0.0,0.0,0.0,22.5,0.0,0.0,0.0,0.0,0.0,0.0,0.0,0.0,0.0,0.0,0.0,0.0,0.0,0.0,25.0,3.0769230769230766,0.0,0.0,0.0,0.0,0.0,0.0,0.7692307692307692,0.0,0.0,50.0,0.0,0.0,3.125,0.0,0.0,0.0,0.0,0.0,0.0,0.0,1.5384615384615383,0.0,16.666666666666668,0.0,28.645833333333336,0.0,0.0,0.0,0.0,0.0,0.0,0.0,0.0,0.0,0.0,0.0,0.0,0.0,0.0,0.0,25.0,0.0,0.0,0.0,0.0,0.0,0.0,0.0,0.0,0.0,8.333333333333334,16.666666666666668,0.0,0.0,0.0,0.0,0.0,0.0,0.0,0.0,0.0,0.0,0.0,0.0,0.0,0.0,0.0,0.0,0.0,0.0,0.0,0.0,0.0,0.0,0.0,0.0,0.0,0.0,0.0,0.0,0.0,0.0,0.0,0.0,0.0,0.0,0.0,0.0,0.0,0.0,0.0,0.0,0.0,0.0,0.0,0.0,0.0,0.0,0.0,0.0,0.0,0.0,0.0,0.0,0.0,0.0,3.75,0.0,0.0,0.0,0.0,0.0,0.0,0.0,0.0,0.0,0.0,0.0,0.0,0.0,0.0,0.0,0.0,0.0,0.0,0.0,0.0,0.0
1590.8882783882784,576.6666666666667,249.16666666666666,840.3670634920635,715.4861111111111,253.4126984126984,532.75,71.66666666666667,60.0,333.8888888888889,769.3452380952381,209.55357142857142,15.0,18.75,132.73809523809524,290.0595238095238,64.79166666666667,184.16666666666669,179.16666666666666,73.33333333333333,96.52777777777779,54.910714285714285,1.6666666666666667,0.0,37.5,200.0,107.39087301587301,25.595238095238095,75.0,102.91666666666667,20.512820512820515,28.194444444444446,231.25,143.75,5.0,29.166666666666668,8.571428571428571,125.0,11.25,37.916666666666664,41.25,46.42857142857143,4.166666666666667,255.0,35.0,58.333333333333336,56.25,20.0,180.05952380952382,0.0,4.166666666666667,5.0,25.0,0.0,0.0,0.0,0.0,0.0,14.583333333333334,45.833333333333336,0.0,5.0,0.0,2.0833333333333335,0.0,10.714285714285714,6.25,0.0,0.0,0.0,0.0,1.6666666666666667,3.571428571428571,54.861111111111114,0.0,0.0,20.833333333333332,0.0,176.45833333333334,3.0555555555555554,25.0,0.0,0.0,10.714285714285714,3.571428571428571,0.0,0.0,0.0,5.0,0.0,0.0,1.0,0.0,165.0,5.0,0.0,117.52976190476191,0.0,0.0,0.0,10.0,4.166666666666667,0.0,0.0,10.0,0.0,0.0,8.333333333333334,0.0,2.857142857142857,0.0,0.0,0.0,0.0,0.0,0.0,7.142857142857142,0.0,0.0,0.0,3.0769230769230766,0.0,0.0,11.904761904761905,0.0,0.0,0.0,0.7692307692307692,25.0,0.0,0.0,130.29761904761904,0.0,7.5,0.0,0.0,0.0,0.0,25.0,16.666666666666668,0.0,1.5384615384615383,0.0,146.09848484848484,1.6666666666666667,0.0,0.0,10.0,12.5,0.0,0.0,50.0,0.0,0.0,0.0,0.0,26.136363636363637,8.333333333333334,0.0,0.0,0.0,0.0,0.0,0.0,0.0,0.0,0.0,0.0,0.0,0.0,0.0,0.0,16.666666666666668,0.0,0.0,0.0,3.571428571428571,0.0,0.0,0.0,0.0,0.0,0.0,9.090909090909092,0.0,2.272727272727273,0.0,0.0,12.5,0.0,50.0,0.0,0.0,0.0,0.0,25.0,0.0,0.0,0.0,25.0,0.0,0.0,0.0,0.0,0.0,0.0,0.0,0.0,0.0,0.0,16.666666666666668,0.0,0.0,0.0,0.0,0.0,0.0,0.0,0.0,0.0,0.0,0.0,0.0,0.0,0.0,0.0,0.0,3.75,0.0,0.0,0.0,0.0,0.0,0.0,0.0,0.0,0.0,0.0,0.0,0.0,0.0,0.0,0.0,0.0,7.575757575757576,0.0,7.575757575757576,0.0,0.0
1365.267857142857,179.54545454545456,99.18831168831169,449.24603174603175,50.0,60.22685389945452,100.0,50.0,66.49305555555556,0.0,65.35714285714286,40.151515151515156,1919.854797979798,75.0,0.0,50.0,0.0,0.0,0.0,0.0,0.0,0.0,0.0,129.55357142857142,25.0,0.0,0.0,0.0,50.0,6.25,0.0,0.0,0.0,0.0,0.0,0.0,0.0,0.0,0.0,0.0,0.0,0.0,53.125,0.0,0.0,0.0,25.0,0.0,0.0,0.0,0.0,0.0,0.0,0.0,0.0,0.0,0.0,0.0,0.0,0.0,0.0,4.166666666666667,0.0,0.0,0.0,35.51157305027274,0.0,0.0,0.0,0.0,0.0,0.0,0.0,0.0,12.5,0.0,0.0,102.67857142857143,0.0,0.0,0.0,0.0,0.0,35.51157305027274,0.0,0.0,0.0,0.0,0.0,0.0,0.0,0.0,0.0,0.0,0.0,0.0,0.0,0.0,0.0,0.0,0.0,0.0,0.0,0.0,0.0,0.0,0.0,0.0,0.0,0.0,0.0,0.0,0.0,0.0,0.0,0.0,0.0,0.0,0.0,0.0,0.0,0.0,0.0,0.0,0.0,0.0,0.0,0.0,0.0,16.666666666666664,0.0,0.0,0.0,0.0,0.0,0.0,0.0,0.0,0.0,0.0,0.0,6.696428571428571,0.0,7.738095238095238,0.0,0.0,12.5,0.0,0.0,0.0,0.0,0.0,50.0,0.0,0.0,0.0,0.0,0.0,0.0,0.0,0.0,0.0,0.0,2.0833333333333335,0.0,0.0,0.0,0.0,0.0,0.0,0.0,0.0,0.0,0.0,0.0,0.0,0.0,0.0,0.0,0.0,0.0,0.0,0.0,0.0,0.0,0.0,0.0,0.0,0.0,25.0,0.0,0.0,0.0,0.0,0.0,0.0,0.0,0.0,0.0,0.0,0.0,0.0,0.0,0.0,0.0,0.0,10.9375,0.0,0.0,0.0,0.0,0.0,0.0,0.0,0.0,50.0,0.0,0.0,0.0,0.0,0.0,0.0,0.0,0.0,0.0,0.0,0.0,0.0,25.0,0.0,0.0,0.0,0.0,12.5,0.0,0.0,0.0,0.0,0.0,0.0,0.0,0.0,0.0,0.0,0.0,0.0,0.0,0.0,0.0
1091.1904761904761,508.6507936507937,702.0138888888889,372.1825396825397,710.6150793650794,440.7638888888889,298.61111111111114,324.265873015873,354.1666666666667,205.0,642.8472222222223,253.88888888888889,89.58333333333334,52.77777777777778,193.75,179.6626984126984,390.01984126984127,110.56547619047619,105.60515873015873,252.91666666666666,155.97222222222223,83.33333333333333,134.375,43.333333333333336,148.05555555555554,16.666666666666668,124.58333333333334,47.84722222222222,13.492063492063492,41.94444444444445,32.5,30.833333333333336,202.5,93.75,4.166666666666667,63.888888888888886,39.72222222222222,10.416666666666668,0.0,37.55952380952381,159.52380952380952,8.055555555555555,8.333333333333334,208.90873015873018,13.541666666666668,0.0,1.6666666666666667,66.66666666666667,81.59722222222223,0.0,0.0,0.0,2.7777777777777777,45.833333333333336,8.333333333333334,0.0,6.25,1.6666666666666667,30.555555555555557,0.0,0.0,0.0,0.0,10.0,0.0,0.0,0.0,122.22222222222223,0.0,4.166666666666667,0.0,0.0,0.0,15.714285714285715,0.0,0.0,0.0,0.0,175.34722222222223,18.75,0.0,0.0,2.7777777777777777,0.0,0.0,0.0,10.416666666666666,0.0,0.0,0.0,0.0,0.0,0.0,222.22222222222223,0.0,25.0,314.8015873015873,0.0,5.555555555555555,0.0,0.0,50.0,1.3888888888888888,0.0,50.0,0.0,0.0,0.0,20.833333333333332,3.3333333333333335,1.3888888888888888,1.3888888888888888,1.3888888888888888,1.3888888888888888,1.3888888888888888,0.0,0.0,13.88888888888889,0.0,0.0,0.0,56.80555555555556,0.0,12.5,0.0,4.444444444444445,0.0,0.0,0.0,0.0,0.0,108.33333333333334,0.0,0.0,0.0,0.0,23.75,0.0,0.0,0.0,0.0,0.0,0.0,29.166666666666668,205.6547619047619,0.0,0.0,0.0,0.0,0.0,0.0,0.0,0.0,12.5,0.0,0.0,0.0,0.0,0.0,0.0,0.0,0.0,0.0,0.0,0.0,10.555555555555555,0.0,0.0,0.0,25.0,0.0,0.0,15.476190476190476,0.0,0.0,12.5,0.0,0.0,0.0,0.0,26.38888888888889,0.0,0.0,0.0,0.0,0.0,0.0,0.0,0.0,0.0,0.0,0.0,0.0,0.0,0.0,0.0,0.0,0.0,0.0,0.0,0.0,0.0,0.0,0.0,0.0,0.0,0.0,0.0,0.0,0.0,0.0,0.0,0.0,0.0,0.0,0.0,0.0,0.0,0.0,0.0,0.0,0.0,0.0,5.555555555555555,0.0,0.0,0.0,0.0,0.0,0.0,0.0,0.0,0.0,0.0,0.0,0.0,0.0,33.333333333333336,0.0,0.0,0.0,0.0,0.0,0.0,0.0,0.0,0.0,0.0,19.444444444444446
170.0,141.66666666666666,0.0,70.0,0.0,0.0,100.0,50.0,80.0,95.83333333333334,0.0,0.0,0.0,0.0,10.0,0.0,0.0,0.0,0.0,0.0,0.0,0.0,0.0,0.0,0.0,0.0,0.0,0.0,0.0,0.0,0.0,0.0,0.0,0.0,0.0,337.5,0.0,0.0,0.0,0.0,0.0,0.0,50.0,0.0,0.0,0.0,0.0,0.0,0.0,0.0,0.0,0.0,0.0,12.5,154.16666666666666,50.0,0.0,0.0,0.0,0.0,0.0,0.0,0.0,0.0,0.0,0.0,0.0,0.0,0.0,0.0,0.0,0.0,0.0,0.0,0.0,0.0,0.0,0.0,0.0,0.0,0.0,0.0,0.0,0.0,0.0,0.0,0.0,0.0,0.0,0.0,0.0,0.0,0.0,0.0,0.0,0.0,0.0,0.0,0.0,0.0,0.0,0.0,0.0,0.0,0.0,0.0,0.0,0.0,0.0,0.0,0.0,0.0,0.0,0.0,0.0,0.0,0.0,0.0,0.0,0.0,0.0,0.0,0.0,0.0,0.0,0.0,0.0,0.0,0.0,0.0,0.0,0.0,0.0,0.0,0.0,0.0,0.0,0.0,0.0,0.0,0.0,0.0,0.0,0.0,0.0,0.0,0.0,0.0,0.0,0.0,0.0,0.0,0.0,0.0,0.0,0.0,0.0,0.0,0.0,0.0,0.0,0.0,0.0,0.0,0.0,0.0,0.0,0.0,0.0,0.0,0.0,0.0,0.0,0.0,0.0,0.0,0.0,0.0,0.0,0.0,0.0,0.0,0.0,0.0,0.0,0.0,0.0,0.0,0.0,0.0,0.0,0.0,0.0,0.0,0.0,0.0,0.0,0.0,0.0,0.0,0.0,0.0,0.0,0.0,0.0,0.0,0.0,0.0,0.0,0.0,0.0,0.0,0.0,0.0,0.0,0.0,0.0,0.0,0.0,0.0,0.0,0.0,0.0,0.0,0.0,0.0,0.0,0.0,0.0,0.0,0.0,0.0,0.0,0.0,0.0,0.0,0.0,0.0,0.0,0.0,0.0,0.0,0.0,0.0,10.0,0.0,10.0,0.0,0.0
1000.3769841269841,681.6071428571429,177.38095238095238,413.3333333333333,215.8234126984127,299.60317460317464,917.0454545454545,180.0,284.1666666666667,151.66666666666669,101.98412698412699,128.71212121212122,84.26587301587301,24.444444444444443,228.75,195.41666666666669,278.19444444444446,101.66666666666667,527.4621212121212,161.42857142857144,26.666666666666668,56.785714285714285,149.52380952380952,168.33333333333334,44.57070707070707,41.666666666666664,286.52777777777777,5.833333333333334,2.7777777777777777,0.0,53.86904761904762,16.666666666666668,267.7083333333333,50.0,47.91666666666667,11.515151515151516,33.33333333333333,100.83333333333333,129.88095238095238,7.142857142857142,16.666666666666668,53.035714285714285,29.166666666666668,143.33333333333334,57.53968253968254,8.333333333333334,0.0,25.0,0.0,0.0,0.0,33.333333333333336,2.7777777777777777,0.0,23.80952380952381,0.0,76.19047619047619,0.0,14.583333333333334,6.666666666666667,25.0,0.0,185.0,12.5,5.0,10.476190476190476,0.0,29.444444444444446,16.666666666666668,12.5,0.0,0.0,0.0,0.0,25.0,0.0,2.7777777777777777,0.0,0.0,0.0,0.0,0.0,0.0,10.476190476190476,0.0,0.0,0.0,0.0,50.0,0.0,0.0,25.0,8.333333333333334,0.0,0.0,0.0,0.0,0.0,10.0,104.16666666666667,0.0,0.0,0.0,33.888888888888886,0.0,10.476190476190476,0.0,0.0,0.0,0.0,0.0,0.0,0.0,0.0,0.0,16.666666666666668,0.0,0.0,0.0,0.0,0.0,0.0,0.0,0.0,5.555555555555555,0.0,6.944444444444445,25.0,0.0,0.0,0.0,0.0,0.0,0.0,0.0,0.0,0.0,0.0,0.0,0.0,0.0,0.0,0.0,10.0,45.58080808080808,0.0,0.0,0.0,0.0,0.0,0.0,0.0,22.22222222222222,0.0,0.0,0.0,0.0,0.0,0.0,0.0,0.0,75.0,0.0,0.0,0.0,0.0,0.0,0.0,0.0,0.0,0.0,0.0,0.0,0.0,0.0,0.0,0.0,16.666666666666668,0.0,0.0,0.0,0.0,0.0,0.0,0.0,0.0,0.0,0.0,0.0,0.0,0.0,0.0,0.0,0.0,0.0,7.321428571428571,3.3333333333333335,0.0,0.0,0.0,0.0,0.0,0.0,0.0,23.333333333333336,12.5,0.0,0.0,0.0,0.0,0.0,0.0,0.0,0.0,0.0,0.0,0.0,0.0,0.0,8.333333333333334,169.2207792207792,3.3333333333333335,0.0,0.0,0.0,0.0,0.0,0.0,0.0,0.0,0.0,0.0,0.0,0.0,0.0,0.0,0.0,0.0,0.0,0.0,0.0,0.0,0.0,0.0,0.0,0.0,0.0,0.0,0.0
2541.845238095238,667.6388888888889,1215.218253968254,307.57936507936506,643.452380952381,772.3958333333334,689.5833333333334,469.7916666666667,774.1666666666666,284.46969696969694,99.58333333333333,153.03030303030303,204.16666666666666,195.83333333333334,232.91666666666669,290.0,270.8333333333333,129.6031746031746,530.952380952381,95.83333333333334,237.91666666666666,66.66666666666667,111.66666666666667,56.25,115.0,25.0,189.16666666666669,66.66666666666667,141.66666666666666,329.1666666666667,0.0,76.875,156.25,50.0,36.30952380952381,29.166666666666664,72.22222222222223,283.6904761904762,219.84126984126985,125.0,108.33333333333334,83.33333333333333,5.0,166.66666666666669,0.0,8.333333333333334,25.0,50.0,41.66666666666667,41.66666666666667,50.0,62.5,41.66666666666667,16.666666666666668,64.58333333333334,101.25,79.16666666666667,8.333333333333334,0.0,125.0,8.134920634920634,5.0,133.33333333333334,91.66666666666667,16.666666666666668,6.25,33.333333333333336,50.0,0.0,6.25,31.25,0.0,8.333333333333334,0.0,50.0,0.0,41.66666666666667,15.0,0.0,0.0,0.0,9.920634920634921,12.5,6.25,0.0,0.0,41.66666666666667,0.0,0.0,314.1666666666667,16.666666666666668,11.11111111111111,57.14285714285714,16.666666666666668,58.92857142857143,12.5,0.0,0.0,25.0,337.5,25.0,0.0,0.0,0.0,0.0,0.0,0.0,0.0,0.0,29.166666666666668,0.0,0.0,0.0,0.0,0.0,0.0,0.0,0.0,0.0,25.0,0.0,50.0,0.0,0.0,0.0,0.0,5.0,25.0,0.0,0.0,0.0,0.0,0.0,0.0,0.0,0.0,16.666666666666668,0.0,0.0,0.0,16.666666666666668,0.0,10.0,25.0,0.0,57.29166666666667,0.0,0.0,108.33333333333334,0.0,0.0,12.5,0.0,0.0,0.0,0.0,0.0,25.0,0.0,0.0,0.0,210.0,25.0,25.0,0.0,0.0,0.0,50.0,0.0,0.0,8.333333333333334,0.0,52.77777777777778,0.0,25.0,12.5,12.5,41.66666666666667,0.0,0.0,0.0,18.080357142857142,0.0,40.0,0.0,10.0,0.0,0.0,0.0,0.0,0.0,0.0,0.0,0.0,0.0,0.0,33.333333333333336,0.0,25.0,0.0,0.0,0.0,0.0,0.0,67.5,0.0,0.0,0.0,25.0,0.0,50.0,0.0,0.0,0.0,50.0,0.0,0.0,0.0,0.0,0.0,40.0,0.0,0.0,0.0,0.0,0.0,0.0,0.0,0.0,0.0,0.0,0.0,0.0,0.0,0.0,0.0,0.0,0.0,0.0,0.0,0.0,0.0,0.0,0.0,14.285714285714285,0.0,14.285714285714285,0.0,0.0
4924.126984126984,1950.0595238095239,1117.2420634920636,1171.25,1371.5873015873017,1516.388888888889,2484.722222222222,523.8095238095239,1296.3095238095239,990.5776515151515,1165.551948051948,1130.5555555555557,426.3888888888889,410.0,1116.1904761904761,660.952380952381,516.25,422.08333333333337,753.75,663.0555555555555,559.077380952381,480.0,291.6666666666667,322.22222222222223,158.33333333333334,168.75,479.1666666666667,173.1024531024531,158.57142857142858,205.83333333333334,132.77777777777777,255.20833333333334,826.3888888888889,116.66666666666667,79.16666666666667,195.83333333333334,84.0494227994228,264.1666666666667,113.88888888888889,320.8333333333333,31.11111111111111,965.5555555555555,552.6785714285714,116.66666666666667,69.01515151515152,85.0,116.66666666666667,418.0952380952381,191.66666666666669,0.0,0.0,64.58333333333333,233.33333333333334,83.33333333333334,216.66666666666669,79.16666666666667,358.3333333333333,114.84126984126983,42.5,588.6507936507936,5.555555555555555,0.0,701.3492063492064,49.16666666666667,69.44444444444444,33.333333333333336,126.66666666666667,418.3333333333333,37.698412698412696,87.5,10.0,6.25,120.83333333333334,148.8095238095238,75.0,33.333333333333336,303.75,0.0,12.5,12.5,50.0,0.0,0.0,0.0,0.0,91.66666666666667,50.0,100.0,18.75,297.9166666666667,0.0,0.0,180.0,4.166666666666667,50.0,50.0,70.83333333333334,0.0,120.83333333333333,545.8333333333334,33.333333333333336,0.0,6.352333822091887,7.777777777777778,0.0,100.0,4.166666666666667,22.22222222222222,95.28500733137831,79.16666666666667,6.352333822091887,6.352333822091887,6.352333822091887,6.352333822091887,6.352333822091887,37.5,133.33333333333334,63.523338220918866,0.0,30.555555555555557,25.0,0.0,141.66666666666666,69.44444444444444,12.5,66.66666666666667,50.0,50.0,0.0,228.57142857142856,0.0,0.0,0.0,0.0,0.0,0.0,0.0,10.0,0.0,16.666666666666668,0.0,0.0,16.666666666666668,101.66666666666667,0.0,108.63095238095238,0.0,0.0,0.0,66.66666666666667,0.0,93.75,0.0,0.0,0.0,0.0,0.0,12.5,10.0,20.0,25.0,0.0,0.0,0.0,0.0,0.0,0.0,0.0,16.666666666666668,0.0,0.0,35.0,37.5,0.0,16.666666666666668,14.166666666666668,0.0,22.22222222222222,50.0,0.0,6.25,131.78571428571428,50.0,20.0,62.5,5.0,2.0833333333333335,10.0,0.0,0.0,0.0,0.0,0.0,0.0,0.0,16.666666666666668,0.0,0.0,0.0,0.0,87.5,0.0,0.0,0.0,35.0,16.666666666666668,0.0,0.0,25.0,0.0,225.0,0.0,16.666666666666668,0.0,66.66666666666667,0.0,0.0,0.0,0.0,0.0,297.77777777777777,16.666666666666668,0.0,0.0,0.0,0.0,0.0,0.0,12.5,0.0,0.0,0.0,0.0,12.5,0.0,0.0,0.0,0.0,0.0,0.0,0.0,25.0,0.0,0.0,40.75396825396825,182.5,40.75396825396825,0.0,0.0
4823.727443609023,2835.148478835979,3040.734126984127,2247.7976190476193,1578.3184001670845,2098.9758597883597,1035.8829365079366,374.59054834054837,1263.2936507936508,1323.6147186147186,1852.7847222222222,424.1666666666667,392.22222222222223,404.44444444444446,977.1825396825398,998.4285714285714,968.2738095238095,916.8105158730159,319.81150793650795,1158.5337301587301,198.54166666666666,635.4861111111111,456.8642439431913,321.73611111111114,260.37367724867727,160.11904761904762,1476.795634920635,263.1539987789988,115.4186507936508,461.80555555555554,50.833333333333336,179.0,1524.236111111111,468.125,18.40277777777778,148.88888888888889,273.9583333333333,202.93650793650795,0.0,203.44993894993894,208.95833333333334,331.7261904761905,503.50198412698415,1028.1845238095239,153.04861111111111,440.79626148705097,8.333333333333334,111.16071428571429,455.58531746031747,50.0,24.305555555555557,151.70833333333334,91.66666666666667,110.41666666666667,103.57142857142857,18.055555555555557,305.9920634920635,0.0,132.73809523809524,50.833333333333336,28.333333333333336,4.0,105.08333333333333,101.60714285714286,0.0,5.0,88.33333333333333,436.45833333333337,5.555555555555555,100.0,0.0,0.0,82.87698412698413,315.281746031746,0.0,89.44444444444444,2.7777777777777777,0.0,902.2916666666666,24.047619047619047,14.814814814814813,0.0,0.0,5.0,0.0,7.142857142857142,0.0,53.263888888888886,11.11111111111111,0.0,0.0,8.333333333333334,3.3333333333333335,532.507215007215,44.64285714285714,69.2063492063492,132.5851370851371,12.5,6.25,0.0,0.0,0.0,0.0,16.666666666666668,37.5,5.0,0.0,0.0,0.0,63.65079365079365,0.0,0.0,0.0,0.0,0.0,2.5,1.6666666666666667,0.0,0.0,3.3333333333333335,0.0,30.416666666666668,0.0,13.88888888888889,12.5,10.0,0.0,4.166666666666667,6.944444444444445,17.460317460317462,0.0,52.26851851851852,12.5,0.0,0.0,0.0,41.66666666666667,60.16666666666667,0.0,0.0,0.0,0.0,25.0,118.94841269841271,21.785714285714285,0.0,0.0,35.0,0.0,16.666666666666668,0.0,0.0,8.333333333333334,31.666666666666668,0.0,0.0,0.0,23.878205128205128,0.0,0.0,0.0,0.0,0.0,0.0,6.666666666666667,10.0,16.666666666666668,0.0,0.0,10.833333333333334,0.0,8.333333333333334,25.9375,0.0,0.0,0.0,0.0,0.0,0.0,0.0,3.3333333333333335,0.0,0.0,0.0,0.0,0.0,0.0,7.083333333333334,33.333333333333336,0.0,83.88888888888889,7.5,0.0,0.0,1.7857142857142856,0.0,0.0,0.0,6.25,0.0,0.0,0.0,12.5,8.333333333333334,0.0,0.0,0.0,2.5,0.0,0.0,3.3333333333333335,0.0,0.0,0.0,0.0,0.0,0.0,0.0,0.0,0.0,0.0,0.0,0.0,0.0,0.0,53.392857142857146,0.0,1.25,0.0,0.0,25.0,0.0,0.0,0.0,0.0,4.761904761904762,0.0,1092.361111111111,0.0,0.0,0.0,0.0,0.0,0.0,0.0,0.0,0.0,0.0,0.0
7482.267094289154,3163.9152024446144,859.9801587301588,496.18055555555554,1086.7209383753502,519.3199855699855,1126.4859997029114,3056.720177970178,1234.642857142857,304.65201465201466,707.4206349206349,111.36294261294262,52.5,744.8710317460318,267.6686507936508,368.531746031746,819.3371212121212,233.08531746031747,443.990268990269,270.07936507936506,2435.120409274821,626.9642857142858,53.63095238095238,281.11471861471864,608.9186507936508,151.66666666666669,41.66666666666667,84.69907407407408,444.93860306360307,19.791666666666668,304.09301346801345,3546.435185185185,118.10515873015873,463.82411297852474,496.9292717086835,239.62301587301587,1358.2142857142858,1570.244708994709,0.0,316.4583333333333,554.3945494864613,12.5,15.833333333333334,583.6303688141924,60.654761904761905,47.91666666666667,49.16666666666667,3558.625700280112,336.0218253968254,408.2449494949495,35.0,0.0,35.41666666666667,175.60185185185185,2408.572790227202,2.7777777777777777,2.0833333333333335,29.166666666666668,12.5,0.0,186.4484126984127,5.208333333333334,0.0,45.23809523809524,35.11904761904762,17.55952380952381,16.666666666666668,0.0,179.47420634920636,34.007936507936506,3.571428571428571,8.333333333333334,232.38095238095238,166.07142857142858,42.5,190.72420634920636,12.5,0.0,62.5,257.9166666666667,650.9185606060606,102.08333333333334,0.0,15.476190476190476,13.571428571428571,278.9349308099308,0.0,26.091269841269842,49.19642857142857,96.52777777777779,18.75,80.0,8.333333333333334,0.0,193.39285714285714,44.16666666666667,0.0,79.70238095238095,15.625,0.0,24.96212121212121,234.4345238095238,0.0,5.416666666666667,40.625,58.53174603174603,0.0,31.19047619047619,0.0,74.44444444444444,0.0,0.0,0.0,0.0,0.0,0.0,28.57142857142857,0.0,0.0,0.0,150.05952380952382,3.125,0.0,31.25,16.666666666666668,42.698412698412696,0.0,45.833333333333336,5.0,10.238095238095237,0.0,19.444444444444443,50.0,152.08333333333334,7.142857142857142,0.0,58.36309523809524,103.86904761904762,25.0,98.3058608058608,79.58333333333333,0.0,111.42857142857143,0.0,3.3333333333333335,27.77777777777778,0.0,6.25,0.0,0.0,41.66666666666667,0.0,0.0,5.0,71.82539682539684,16.666666666666668,42.857142857142854,36.25,56.292441218911804,112.58488243782361,12.152777777777779,0.0,1.7857142857142856,0.0,3.125,99.13690476190476,0.0,0.0,0.0,0.0,0.0,0.0,0.0,0.0,0.0,41.34920634920635,460.23809523809524,0.0,0.9615384615384615,0.0,12.5,27.916666666666668,0.0,0.0,0.0,0.0,0.0,89.68253968253968,13.392857142857144,0.0,0.0,12.5,0.0,22.321428571428573,21.11111111111111,1.7857142857142856,2.7777777777777777,0.0,0.0,0.0,0.0,0.0,0.0,0.0,0.0,26.48809523809524,0.0,64.16666666666667,53.06547619047619,106.64682539682539,0.0,0.0,16.666666666666668,109.2063492063492,0.0,0.0,0.0,31.25,0.0,0.0,0.0,0.0,0.0,0.0,0.0,0.0,0.0,0.0,0.0,0.0,0.0,0.0,35.833333333333336,0.0,0.0,0.0,10.416666666666668,0.0,0.0,44.44444444444444,4.6875,4.166666666666667,10.555555555555555,0.0,0.0,0.0,0.0,0.0,0.0
4620.217705497117,626.5224358974359,521.0817532141061,263.8095238095238,1165.3373015873017,261.80555555555554,772.7777777777778,182.84111721611723,445.7936507936508,329.30555555555554,443.7202380952381,89.72222222222223,408.71794871794873,56.49470899470899,304.96794871794873,32.142857142857146,47.61904761904762,298.33333333333337,193.75,92.3076923076923,232.23214285714286,161.08516483516485,40.0,151.38888888888889,66.66666666666667,281.0550356506239,45.833333333333336,110.60606060606061,79.91452991452991,180.35714285714286,8.333333333333334,216.66666666666666,87.5,45.833333333333336,70.83333333333333,475.0,31.060606060606062,37.17948717948718,430.0442612942613,2.5,0.0,2.884615384615384,219.7979797979798,125.625,2.5,0.0,71.42857142857143,95.83333333333334,969.4219576719577,36.111111111111114,0.0,74.58333333333334,16.666666666666668,152.2155067155067,38.888888888888886,32.14285714285714,0.0,294.05206830206834,0.0,210.0,25.0,41.66666666666667,1124.8202614379086,0.0,0.0,0.0,624.3253968253969,0.0,7.142857142857142,0.0,75.0,13.88888888888889,0.0,5.555555555555555,0.0,0.0,0.0,8.333333333333334,150.69444444444446,99.16666666666667,56.25,30.769230769230766,36.36363636363637,0.0,0.0,67.94871794871796,50.0,8.333333333333334,0.0,0.0,21.11111111111111,0.0,0.0,1728.0820105820105,8.333333333333334,0.0,49.30555555555556,35.0,0.0,0.0,4.166666666666667,0.0,0.0,0.0,0.0,0.0,0.0,252.05128205128204,0.0,5.0,0.0,0.0,0.0,0.0,0.0,0.0,0.0,0.0,0.0,0.0,28.333333333333336,0.0,0.0,4.166666666666667,16.666666666666664,13.257575757575758,53.84615384615385,30.333333333333336,22.916666666666668,0.0,50.0,133.33333333333334,0.0,7.692307692307692,0.0,0.0,0.0,0.0,212.5,16.666666666666668,293.92857142857144,50.0,50.0,25.0,0.0,50.0,8.333333333333334,25.0,50.0,25.595238095238095,8.333333333333334,0.0,0.0,0.0,14.285714285714285,1998.6150793650795,0.0,22.22222222222222,3.846153846153846,7.692307692307692,0.0,28.57142857142857,0.0,42.857142857142854,50.0,0.0,7.692307692307692,60.714285714285715,0.0,0.0,0.0,6.25,0.0,8.333333333333334,0.0,0.0,50.0,0.0,0.0,0.0,0.0,0.0,0.0,0.0,0.0,0.0,0.0,0.0,0.0,0.0,0.0,0.0,81.25,0.0,52.248677248677254,15.195360195360195,0.0,0.0,0.0,0.0,0.0,5.0,0.0,0.0,0.0,50.0,121.63059163059162,41.111111111111114,0.0,0.0,0.0,0.0,25.0,0.0,0.0,0.0,0.0,46.42857142857142,0.0,0.0,0.0,0.0,0.0,0.0,0.0,0.0,5.0,0.0,0.0,0.0,0.0,0.0,0.0,0.0,0.0,0.0,0.0,0.0,0.0,0.0,0.0,0.0,0.0,0.0,0.0,0.0,0.0,0.0,0.0
4854.685943141825,1333.7698412698412,1630.7539682539682,1830.639097744361,1151.0312372812373,614.9537037037037,428.57142857142856,639.7524003774004,397.75,433.3951914098973,312.8703703703704,172.86435786435786,788.8537157287158,498.015873015873,119.60369674185463,1020.8796296296297,1619.5151515151515,280.55555555555554,62.46498599439776,191.90476190476193,391.0308441558442,413.5393772893773,1864.4642857142858,409.07934385875564,183.05555555555557,18.75,130.0,90.09920634920636,145.47619047619048,876.5313852813853,276.6287878787879,122.57936507936508,251.29689754689755,33.333333333333336,253.51190476190476,19.444444444444443,1.7857142857142856,14.583333333333334,137.4404761904762,258.8558201058201,480.96972471972475,4.166666666666667,0.0,180.01785714285714,2.7777777777777777,75.5952380952381,77.97619047619048,117.92919799498748,37.5,27.38095238095238,49.72222222222222,5.0,121.43283296224473,10.317460317460316,4.166666666666667,0.0,16.666666666666668,26.666666666666668,0.0,0.0,2.6315789473684212,58.333333333333336,50.0,110.55555555555556,0.0,0.0,5.637254901960784,6.25,0.0,6.25,25.0,6.190476190476191,12.5,7.142857142857142,32.22222222222222,0.0,0.0,0.0,40.833333333333336,0.0,8.333333333333334,0.0,212.89661319073085,0.0,0.0,110.83333333333334,0.0,73.73626373626374,37.5,8.333333333333334,3.3333333333333335,20.0,0.0,87.5,0.0,0.0,5.555555555555555,8.333333333333334,13.333333333333334,5.555555555555555,59.12698412698413,45.833333333333336,0.0,11.11111111111111,0.0,0.0,0.0,6.666666666666667,0.0,18.333333333333336,6.25,0.0,0.0,0.0,0.0,2.0833333333333335,29.224941724941726,0.0,52.38095238095238,0.0,55.55555555555556,13.392857142857142,4.166666666666667,0.0,16.666666666666664,91.39132925897631,50.0,10.795454545454547,25.0,0.0,22.023809523809526,6.666666666666667,31.456043956043956,10.0,33.333333333333336,0.0,0.0,0.0,11.458333333333334,9.523809523809524,0.0,0.0,31.25,13.970588235294118,0.0,0.0,3.125,75.0,186.30952380952382,5.555555555555555,357.0436507936508,0.0,0.0,0.0,16.666666666666668,236.53846153846155,0.0,0.0,0.0,0.0,0.0,0.0,0.0,0.0,0.0,3.3333333333333335,0.0,0.0,0.0,0.0,0.0,0.0,0.0,0.0,0.0,0.0,0.0,0.0,0.0,1.5151515151515151,0.0,0.0,0.0,49.523809523809526,0.0,12.380952380952381,0.0,0.0,1.25,0.0,0.0,8.333333333333334,0.0,0.0,0.0,0.0,0.0,56.74603174603175,8.333333333333334,0.0,0.0,0.0,0.0,0.0,0.0,0.0,0.0,0.0,0.0,0.0,0.0,0.0,0.0,0.0,0.0,0.0,0.0,0.0,0.0,0.0,0.0,0.0,0.0,0.0,0.0,12.5,0.0,0.0,0.0,0.0,0.0,0.0,0.0,0.0,0.0,0.0,0.0,0.0,0.0,0.0,0.0,0.0,0.0,0.0,0.0,0.0,0.0,12.5,0.0
1269.0079365079366,170.83333333333334,62.5,277.0833333333333,12.5,191.66666666666669,83.57142857142857,15.0,91.66666666666667,18.333333333333336,0.0,41.66666666666667,336.9047619047619,0.0,100.0,25.0,0.0,28.57142857142857,52.67857142857143,6.25,98.95833333333334,0.0,0.0,0.0,0.0,53.57142857142857,29.166666666666668,25.0,0.0,0.0,0.0,0.0,0.0,0.0,0.0,0.0,0.0,0.0,0.0,0.0,0.0,0.0,0.0,0.0,0.0,0.0,0.0,0.0,0.0,0.0,0.0,0.0,0.0,0.0,0.0,6.25,0.0,0.0,0.0,0.0,0.0,0.0,0.0,0.0,0.0,0.0,0.0,0.0,0.0,0.0,0.0,0.0,0.0,0.0,0.0,0.0,0.0,0.0,0.0,0.0,0.0,0.0,0.0,0.0,9.722222222222221,0.0,0.0,0.0,0.0,0.0,0.0,0.0,0.0,0.0,0.0,0.0,0.0,0.0,0.0,41.66666666666667,0.0,0.0,0.0,0.0,0.0,0.0,0.0,0.0,0.0,5.555555555555555,0.0,0.0,0.0,0.0,0.0,0.0,0.0,0.0,0.0,0.0,0.0,0.0,5.555555555555555,0.0,0.0,0.0,0.0,0.0,0.0,0.0,8.333333333333334,0.0,0.0,0.0,0.0,0.0,0.0,0.0,0.0,0.0,0.0,0.0,0.0,0.0,0.0,0.0,14.583333333333334,0.0,0.0,0.0,0.0,0.0,0.0,0.0,0.0,0.0,0.0,0.0,0.0,0.0,0.0,0.0,0.0,0.0,0.0,0.0,0.0,10.0,0.0,0.0,0.0,0.0,0.0,0.0,0.0,0.0,0.0,0.0,0.0,0.0,0.0,0.0,0.0,12.5,0.0,3.125,0.0,0.0,0.0,0.0,0.0,0.0,0.0,0.0,0.0,0.0,0.0,0.0,0.0,0.0,0.0,0.0,0.0,0.0,0.0,0.0,0.0,0.0,0.0,2.7777777777777777,0.0,0.0,0.0,0.0,0.0,0.0,0.0,0.0,0.0,0.0,0.0,0.0,0.0,0.0,0.0,0.0,0.0,0.0,25.0,0.0,0.0,0.0,0.0,0.0,0.0,0.0,0.0,0.0,0.0,0.0,0.0,0.0,0.0,0.0,0.0,0.0,0.0,0.0,0.0
7071.0137085137085,2067.6785714285716,1820.6944444444446,1896.140873015873,1547.013888888889,400.20833333333337,907.7777777777778,1529.8160173160172,873.968253968254,2490.029761904762,2297.1428571428573,288.8888888888889,177.77777777777777,740.9325396825396,1027.690561072914,1252.8174603174602,1218.0555555555557,1750.0,787.4305555555555,397.08333333333337,378.2936507936508,151.66666666666666,146.62698412698413,156.66666666666669,30.0,112.59920634920636,0.0,1362.9193722943724,30.0,947.6984126984127,64.64285714285714,1094.642857142857,1390.4166666666667,301.54761904761904,368.3333333333333,117.08333333333334,722.5,148.75,58.3578431372549,195.55555555555557,393.33333333333337,0.0,17.5,265.35714285714283,34.166666666666664,633.3333333333334,19.166666666666668,245.41666666666669,157.43055555555557,35.41666666666667,0.0,0.0,15.277777777777779,52.083333333333336,83.33333333333334,6.25,19.791666666666668,1.6666666666666667,32.96568627450981,25.0,50.0,0.0,66.66666666666667,0.0,71.05392156862746,0.0,0.0,0.0,4.166666666666667,12.5,0.0,25.0,0.0,176.07142857142858,0.0,0.0,0.0,0.0,149.4047619047619,45.833333333333336,0.0,25.0,2.7777777777777777,0.0,0.0,0.0,10.416666666666666,0.0,5.0,0.0,0.0,25.833333333333336,0.0,258.75,55.0,0.0,105.0,92.91666666666667,13.333333333333334,0.0,37.5,0.0,0.0,6.25,0.0,0.0,0.0,0.0,0.0,0.0,0.0,0.0,0.0,0.0,0.0,25.0,5.0,0.0,0.0,0.0,18.333333333333332,12.63888888888889,0.0,0.0,0.0,4.444444444444445,0.0,9.027777777777779,16.666666666666668,0.0,0.0,0.0,183.53174603174602,0.0,6.25,0.0,0.0,0.0,0.0,0.0,8.333333333333334,0.0,0.0,0.0,0.0,0.0,0.0,0.0,0.0,0.0,12.5,0.0,0.0,6.25,0.0,0.0,0.0,33.333333333333336,0.0,0.0,0.0,0.0,12.5,0.0,0.0,0.0,0.0,0.0,0.0,20.915032679738562,0.0,0.0,6.25,0.0,0.0,11.904761904761905,0.0,0.0,81.94444444444444,0.0,0.0,0.0,0.0,0.0,0.0,0.0,0.0,25.0,44.583333333333336,0.0,0.0,0.0,0.0,0.0,0.0,0.0,0.0,0.0,0.0,0.0,0.0,0.0,0.0,0.0,0.0,0.0,0.0,0.0,0.0,0.0,0.0,0.0,0.0,0.0,0.0,0.0,0.0,0.0,0.0,0.0,0.0,0.0,0.0,0.0,0.0,0.0,0.0,0.0,0.0,0.0,50.0,0.0,0.0,0.0,0.0,0.0,0.0,400.0,0.0,0.0,0.0,0.0,0.0,0.0,0.0,0.0,0.0,0.0,0.0
6372.043650793651,471.6666666666667,1420.9722222222222,1680.5555555555557,711.1111111111111,110.0,1220.2777777777778,529.4444444444445,562.6388888888889,188.75,2606.4583333333335,80.55555555555556,68.33333333333334,219.17658730158732,830.297619047619,1219.295634920635,243.88888888888889,1101.111111111111,215.97222222222223,141.66666666666669,191.52777777777777,227.22222222222223,364.72222222222223,91.66666666666667,0.0,31.25,0.0,12.5,13.88888888888889,71.875,3.3333333333333335,105.55555555555556,233.33333333333334,305.4861111111111,25.694444444444443,29.166666666666668,30.555555555555557,0.0,18.75,427.9166666666667,201.52777777777777,33.333333333333336,25.0,227.77777777777777,0.0,16.666666666666668,25.0,402.3611111111111,73.33333333333333,0.0,25.0,0.0,0.0,10.0,0.0,50.0,30.0,8.333333333333334,7.638888888888889,0.0,0.0,0.0,25.0,0.0,0.0,0.0,8.333333333333334,0.0,0.0,0.0,0.0,0.0,0.0,29.166666666666668,50.0,0.0,0.0,25.74404761904762,70.83333333333333,0.0,0.0,0.0,0.0,0.0,16.666666666666668,0.0,13.333333333333334,0.0,0.0,0.0,0.0,0.0,0.0,62.5,0.0,0.0,25.0,25.0,0.0,0.0,0.0,0.0,0.0,0.0,12.5,0.0,0.0,0.0,0.0,8.333333333333334,0.0,0.0,0.0,0.0,0.0,0.0,52.083333333333336,0.0,0.0,0.0,0.0,0.0,0.0,60.11904761904762,0.0,0.0,0.0,0.0,0.0,0.0,0.0,0.0,0.0,0.0,0.0,5.0,0.0,7.142857142857142,0.0,0.0,0.0,0.0,0.0,0.0,0.0,0.0,0.0,0.0,0.0,0.0,0.0,0.0,0.0,12.5,0.0,0.0,0.0,0.0,0.0,0.0,0.0,0.0,8.333333333333334,0.0,0.0,0.0,0.0,0.0,0.0,0.0,0.0,0.0,0.0,0.0,0.0,0.0,0.0,0.0,0.0,0.0,0.0,0.0,0.0,0.0,0.0,0.0,0.0,0.0,0.0,0.0,0.0,10.0,0.0,0.0,0.0,0.0,0.0,0.0,0.0,16.666666666666664,0.0,0.0,0.0,0.0,0.0,0.0,3.3333333333333335,0.0,0.0,0.0,104.16666666666667,0.0,0.0,0.0,0.0,0.0,0.0,0.0,0.0,0.0,0.0,0.0,0.0,0.0,0.0,0.0,0.0,0.0,0.0,0.0,0.0,0.0,0.0,0.0,0.0,0.0,0.0,973.6111111111111,0.0,0.0,0.0,0.0,0.0,0.0,0.0,0.0,0.0,0.0,0.0
4717.519841269841,244.58333333333334,1174.0277777777778,970.5555555555555,859.7222222222223,164.76190476190476,612.7777777777778,447.77777777777777,437.6388888888889,118.75,1629.375,26.38888888888889,25.0,224.0575396825397,420.3571428571429,851.6170634920635,160.55555555555557,531.9444444444445,132.63888888888889,16.666666666666668,88.19444444444444,220.55555555555557,361.80555555555554,35.0,3.571428571428571,33.333333333333336,0.0,12.5,90.55555555555556,31.25,3.3333333333333335,79.16666666666667,137.5,143.40277777777777,17.36111111111111,75.0,43.05555555555556,0.0,20.833333333333336,12.5,205.69444444444446,2.7777777777777777,25.0,263.61111111111114,25.0,0.0,0.0,102.08333333333334,106.30952380952381,0.0,0.0,0.0,0.0,0.0,0.0,0.0,12.5,0.0,20.13888888888889,25.0,0.0,0.0,0.0,0.0,0.0,0.0,0.0,0.0,0.0,0.0,0.0,0.0,0.0,25.0,33.333333333333336,0.0,0.0,8.333333333333334,29.166666666666664,0.0,0.0,0.0,0.0,0.0,0.0,0.0,0.0,0.0,0.0,0.0,0.0,0.0,0.0,16.666666666666668,0.0,0.0,50.0,0.0,0.0,0.0,0.0,0.0,0.0,0.0,0.0,0.0,0.0,0.0,0.0,0.0,0.0,0.0,0.0,0.0,0.0,0.0,2.0833333333333335,0.0,0.0,0.0,0.0,0.0,0.0,0.0,0.0,0.0,0.0,0.0,0.0,0.0,0.0,0.0,0.0,0.0,0.0,0.0,0.0,50.0,0.0,0.0,0.0,0.0,0.0,0.0,0.0,0.0,0.0,0.0,0.0,0.0,0.0,0.0,0.0,0.0,0.0,0.0,0.0,0.0,0.0,0.0,0.0,0.0,8.333333333333334,0.0,0.0,0.0,0.0,0.0,0.0,16.666666666666668,0.0,0.0,0.0,0.0,0.0,0.0,0.0,0.0,0.0,0.0,0.0,0.0,0.0,0.0,0.0,0.0,0.0,0.0,0.0,0.0,0.0,0.0,0.0,0.0,0.0,0.0,0.0,0.0,0.0,16.666666666666664,0.0,0.0,0.0,0.0,0.0,0.0,3.3333333333333335,0.0,0.0,0.0,108.33333333333334,0.0,0.0,0.0,0.0,0.0,0.0,0.0,0.0,0.0,0.0,0.0,0.0,0.0,0.0,0.0,0.0,0.0,0.0,0.0,0.0,0.0,0.0,0.0,0.0,0.0,0.0,1516.6666666666667,0.0,0.0,0.0,0.0,0.0,0.0,0.0,0.0,0.0,0.0,0.0
2428.8908730158732,837.5555555555555,596.6369047619048,324.4642857142857,849.0833333333334,651.0694444444445,420.0,236.25,521.4583333333334,968.9642857142858,623.3379629629629,81.29166666666667,96.25,100.0,152.36111111111111,252.87698412698413,265.625,102.08333333333333,83.05555555555556,167.51190476190476,379.72222222222223,71.25,8.333333333333334,103.125,82.91666666666667,6.25,58.333333333333336,41.145833333333336,16.666666666666668,56.25,1.5625,47.91666666666667,657.0416666666666,12.5,69.16666666666667,102.77777777777779,51.85185185185185,102.83333333333334,41.36904761904762,36.66666666666667,10.0,456.44444444444446,296.01190476190476,265.32142857142856,12.351851851851851,16.666666666666668,72.5,89.58333333333334,4.166666666666667,16.666666666666668,3.3333333333333335,21.666666666666668,12.5,25.0,22.5,23.333333333333336,43.75,0.0,0.0,539.9166666666666,0.0,0.0,89.58333333333334,67.91666666666667,5.0,3.3333333333333335,43.0,35.0,0.0,50.0,50.773809523809526,0.0,2.0,29.166666666666668,25.0,0.0,162.5,0.0,78.33333333333334,2.5,27.5,0.0,5.0,3.3333333333333335,0.0,25.0,0.0,65.0,0.0,68.75,0.0,10.0,0.0,221.66666666666669,2.0,2.5,64.83333333333334,0.0,0.0,8.333333333333334,10.416666666666668,0.0,0.0,50.0,0.0,7.5,0.0,0.0,0.0,28.333333333333332,0.0,0.0,0.0,0.0,0.0,0.0,33.333333333333336,0.0,0.0,16.666666666666668,0.0,30.0,42.5,0.0,10.0,25.0,0.0,0.0,2.0,12.5,0.0,15.0,0.0,0.0,0.0,4.166666666666667,0.0,0.0,0.0,16.666666666666668,0.0,10.0,0.0,145.41666666666666,0.0,0.0,0.0,0.0,12.166666666666668,0.0,0.0,5.0,2.0,0.0,0.0,0.0,25.0,16.666666666666668,6.25,12.5,0.0,0.0,0.0,0.0,2.0,0.0,3.3333333333333335,0.0,0.0,10.0,0.0,0.0,0.0,0.0,0.0,0.0,0.0,0.0,0.0,0.0,0.0,0.0,0.0,83.33333333333334,0.0,20.833333333333336,0.0,0.0,0.0,0.0,25.0,0.0,0.0,0.0,0.0,3.75,0.0,0.0,4.166666666666667,12.5,6.25,0.0,0.0,32.5,12.5,0.0,0.0,16.666666666666668,6.25,0.0,167.70833333333334,0.0,0.0,0.0,0.0,0.0,0.0,22.5,0.0,0.0,0.0,0.0,1.6666666666666667,0.0,0.0,4.166666666666667,0.0,0.0,0.0,0.0,0.0,4.166666666666667,0.0,0.0,0.0,0.0,0.0,0.0,0.0,0.0,0.0,0.0,0.0,0.0,0.0,0.0,0.0,0.0,0.0
3452.9710866475575,2636.7093554593557,903.8359788359788,904.2541717541718,2014.678020780962,100.83333333333333,2388.278804528805,231.5079365079365,847.2132034632035,433.6661160190572,1574.4444444444446,1356.0005626182096,100.63492063492063,240.08505383505383,709.8412698412699,133.13492063492063,389.65007215007216,594.6626984126984,68.75,165.93253968253967,331.42857142857144,223.1216931216931,11.11111111111111,1330.5531505531505,151.59391534391534,180.76719576719577,36.94444444444444,93.50589225589226,132.46091871091872,20.99206349206349,21.26984126984127,326.11471861471864,13.492063492063492,126.46825396825398,264.9344636844637,123.76984126984127,168.61430236430235,15.0,0.0,693.3368945868946,77.09325396825396,799.6626984126984,0.0,49.60317460317461,22.22222222222222,1.3888888888888888,27.380952380952383,216.017316017316,115.91931216931218,184.82142857142858,27.380952380952383,111.37362637362638,41.666666666666664,162.00396825396825,228.3531746031746,0.0,4.166666666666667,0.0,23.260582010582013,0.0,65.57539682539682,16.38888888888889,0.0,8.333333333333334,20.793650793650794,5.555555555555555,3.3333333333333335,0.0,31.01851851851852,25.0,3.3333333333333335,16.666666666666668,0.0,14.047619047619047,0.0,0.0,1.6666666666666667,0.0,10.317460317460316,30.555555555555557,91.15079365079364,57.44047619047619,136.74603174603175,0.0,8.928571428571429,19.047619047619047,0.0,2.7777777777777777,17.936507936507937,0.0,16.666666666666668,32.424381174381175,0.0,0.0,39.77513227513227,0.0,2.0833333333333335,22.817460317460316,0.0,0.0,0.0,43.05555555555556,0.0,0.0,4.166666666666667,4.761904761904762,0.0,82.26851851851852,0.0,2.0833333333333335,0.0,0.0,0.0,0.0,0.0,25.27777777777778,2.380952380952381,0.0,0.0,0.0,0.0,0.0,0.0,22.22222222222222,34.76190476190476,3.125,0.0,3.3333333333333335,0.0,0.0,0.0,0.0,0.0,16.944444444444446,0.0,0.0,0.0,10.0,8.333333333333334,14.583333333333336,0.0,0.0,55.33730158730159,11.11111111111111,0.0,0.0,0.0,0.0,0.0,0.0,0.0,0.0,0.0,7.638888888888889,0.0,0.0,0.0,5.714285714285714,1.5151515151515151,3.0303030303030303,0.0,0.0,0.0,0.0,0.0,0.0,0.0,2.7777777777777777,0.0,13.88888888888889,0.0,0.0,9.027777777777779,0.0,2.0833333333333335,0.0,18.710317460317462,0.0,2.380952380952381,0.0,0.0,0.0,0.0,0.0,0.0,0.0,0.0,0.0,0.0,0.0,0.0,0.0,4.761904761904762,0.0,0.0,0.0,0.0,0.0,0.0,0.0,0.0,4.166666666666667,0.0,6.944444444444445,0.0,0.0,0.0,4.166666666666667,10.714285714285714,0.0,0.0,0.0,0.0,0.0,0.0,0.0,0.0,0.0,0.0,0.0,0.0,0.0,0.0,0.0,0.0,0.0,0.0,0.0,0.0,0.0,0.0,0.0,4.166666666666667,0.0,0.0,0.0,5.555555555555555,0.0,0.0,0.0,0.0,0.0,0.0,0.0,0.0,0.0,0.0,0.0,0.0
1804.1825396825398,126.66666666666667,701.4900793650794,341.6529304029304,1717.7380952380952,126.28389154704945,96.15079365079366,658.3333333333334,138.33333333333334,82.54960317460318,168.7202380952381,20.833333333333336,139.36507936507937,15.714285714285715,12.222222222222221,112.79761904761905,182.4009324009324,70.83333333333333,44.123931623931625,129.16666666666666,60.0,81.66666666666667,56.94444444444444,167.20238095238096,0.0,29.166666666666664,72.22222222222223,65.55555555555556,58.333333333333336,5.902777777777778,0.0,657.9159035409035,6.25,119.44444444444444,1.6666666666666667,50.0,4.166666666666667,75.0,187.08333333333334,23.80952380952381,27.142857142857142,0.0,0.0,38.095238095238095,6.25,2.564102564102564,6.25,127.85714285714286,0.0,0.0,3.125,6.25,61.606449106449105,6.666666666666667,0.0,0.0,16.666666666666668,30.0,0.0,0.0,0.0,38.888888888888886,0.0,79.16666666666667,0.0,0.0,55.55555555555556,37.5,0.0,0.0,0.0,79.16666666666666,0.0,8.214285714285715,8.333333333333334,0.0,0.0,0.0,4.166666666666666,0.0,0.0,16.666666666666668,6.25,0.0,0.0,0.0,0.0,2.7777777777777777,0.0,0.0,11.666666666666668,0.0,0.0,0.0,0.0,3.571428571428571,0.0,0.0,0.0,0.0,3.3333333333333335,0.0,0.0,0.0,7.142857142857142,0.0,0.0,10.0,0.0,0.0,0.0,0.0,0.0,0.0,0.0,0.0,0.0,0.0,0.0,0.0,0.0,0.0,0.0,0.0,0.0,0.0,0.0,0.0,0.0,0.0,0.0,5.0,0.0,0.0,0.0,11.11111111111111,10.0,0.0,0.0,0.0,0.0,0.0,0.0,0.0,0.0,0.0,0.0,4.0,0.0,0.0,0.0,5.555555555555555,0.0,0.0,2.857142857142857,0.0,0.0,10.0,0.0,0.0,0.0,95.98214285714286,0.0,0.0,0.0,0.0,0.0,0.0,0.0,0.0,0.0,0.0,0.0,0.0,0.0,4.166666666666667,2.380952380952381,0.0,0.0,0.0,0.0,0.0,0.0,0.0,0.0,0.0,0.0,16.666666666666668,0.0,9.473684210526315,0.0,0.0,0.0,0.0,0.0,0.0,0.0,0.0,0.0,0.0,0.0,0.0,0.0,0.0,0.0,0.0,0.0,0.0,0.0,0.0,0.0,0.0,0.0,0.0,0.0,0.0,0.0,0.0,0.0,0.0,0.0,0.0,0.0,0.0,0.0,0.0,0.0,0.0,0.0,0.0,0.0,0.0,0.0,0.0,0.0,0.0,0.0,0.0,1.0416666666666667,0.0,0.0,0.0,0.0,0.0,0.0,0.0,0.0,0.0,0.0
1366.4743107492066,798.0555555555555,898.7224927849928,444.0912698412698,563.8742183742183,369.96031746031747,181.2000962000962,440.1531339031339,161.8452380952381,165.19444444444446,272.67195767195767,114.25324675324676,535.8834776334777,31.296296296296294,38.333333333333336,289.31481481481484,1497.6229557479558,549.3227813852814,31.150793650793652,194.36507936507937,202.8363997113997,56.35416666666667,39.16666666666667,25.42929292929293,67.48106060606061,77.12698412698413,28.86904761904762,48.52777777777778,8.333333333333334,438.8766233766234,79.94047619047619,44.41964285714286,248.28463203463204,24.960317460317462,66.11111111111111,118.63095238095238,7.142857142857142,67.00396825396825,0.0,31.593915343915345,65.46320346320347,0.0,61.07142857142857,138.4920634920635,1.5625,103.27380952380952,7.142857142857142,59.82142857142857,60.11904761904762,27.38095238095238,24.72222222222222,0.0,3.3333333333333335,30.5523088023088,0.0,2.0833333333333335,28.125,0.0,0.0,0.0,3.125,0.0,40.35714285714286,225.3968253968254,0.0,12.5,50.0,0.0,0.0,0.0,0.0,13.492063492063492,13.125,13.333333333333334,0.0,31.25,0.0,0.0,56.66666666666667,5.833333333333334,30.0,0.0,0.0,6.944444444444445,0.0,4.166666666666667,0.0,0.0,13.49206349206349,8.333333333333332,15.833333333333336,0.0,0.0,62.2936507936508,0.0,11.11111111111111,49.285714285714285,0.0,13.333333333333334,5.555555555555555,0.0,0.0,0.0,11.11111111111111,0.0,0.0,3.31911141197848,0.0,0.0,21.25,0.0,0.0,0.0,0.0,0.0,0.0,0.0,0.0,2.380952380952381,0.6944444444444444,0.0,0.0,0.0,3.3333333333333335,0.0,0.9090909090909091,0.0,0.0,0.0,0.0,0.0,7.5,0.0,12.222222222222221,0.0,16.666666666666668,0.0,41.2962962962963,72.91666666666667,0.0,2.0,7.142857142857142,0.0,16.666666666666664,6.666666666666667,15.151515151515152,0.0,25.0,0.0,8.055555555555555,0.0,0.0,6.666666666666667,0.0,0.0,35.21825396825397,0.0,0.0,0.0,0.0,0.0,0.0,0.0,0.0,0.0,0.0,0.0,0.0,5.0,2.5,0.0,0.0,10.0,16.666666666666668,6.0606060606060606,0.0,0.0,0.0,0.0,133.22916666666666,20.0,0.0,0.0,17.857142857142858,29.87200270780632,4.464285714285714,1.65955570598924,0.0,0.0,0.0,0.0,0.0,0.0,0.0,0.0,0.0,0.0,0.0,5.0,0.0,0.0,0.0,8.333333333333334,2.5,2.5,0.0,0.0,0.0,0.0,0.0,0.0,0.0,16.666666666666668,0.0,0.0,0.0,0.0,3.3333333333333335,0.0,0.0,0.0,0.0,0.0,0.0,0.0,0.0,0.0,0.0,0.0,0.0,0.0,0.0,0.0,0.0,0.0,0.0,0.0,0.0,0.0,0.0,0.0,0.0,0.0,0.0,0.0,0.0,0.0,0.0,0.0
4959.225689000585,2595.431216931217,2697.0720136345135,1632.7685185185185,2685.1022126022126,1579.3584656084656,598.5215247715248,770.7069504569505,734.1272246272247,319.281746031746,343.0257936507937,318.70791245791247,1091.2063492063492,228.09163059163058,400.8570596070596,1548.2480667480668,705.265873015873,842.0846861471862,275.2705627705628,483.40728715728716,254.65277777777777,180.6795634920635,212.1031746031746,175.49873737373738,346.1537397787398,134.32395382395381,397.8829365079365,109.50661375661376,120.01984126984127,1065.1500721500722,73.82936507936508,192.8125,309.1041366041366,84.48412698412699,104.491341991342,429.98015873015873,51.54761904761905,231.86507936507937,23.80952380952381,139.33862433862433,246.22378547378548,5.555555555555555,197.34126984126985,695.0163540163541,1.5625,212.95634920634922,92.8385040885041,282.0833333333333,272.3611111111111,26.984126984126984,158.05194805194805,4.166666666666667,37.38095238095238,84.83333333333334,106.61075036075036,5.972222222222222,40.823412698412696,4.166666666666667,7.765151515151516,0.0,23.958333333333332,4.761904761904762,204.88035113035113,496.1507936507937,14.285714285714285,19.166666666666664,70.73412698412699,0.0,37.94871794871795,8.333333333333334,0.0,26.058201058201057,18.958333333333336,153.24795574795576,0.0,18.75,12.5,0.0,188.88888888888889,22.412587412587413,30.0,2.380952380952381,0.0,13.61111111111111,0.0,82.68518518518519,24.880952380952383,16.666666666666668,19.047619047619047,8.333333333333332,43.05555555555556,36.76587301587301,0.0,502.7208994708995,0.0,37.22222222222222,155.3968253968254,0.0,1.1111111111111112,12.738095238095239,0.0,0.0,16.666666666666668,3.888888888888889,0.0,16.666666666666668,3.31911141197848,26.666666666666668,0.0,39.404761904761905,0.0,0.0,0.0,0.0,0.0,24.5,23.095238095238095,0.0,2.0833333333333335,10.694444444444445,40.138888888888886,0.0,6.666666666666667,14.444444444444445,19.04761904761905,7.159090909090909,0.0,9.351851851851851,18.61111111111111,0.0,6.25,32.1031746031746,0.0,12.222222222222221,0.0,16.666666666666668,1.0,49.629629629629626,81.80555555555556,8.084656084656084,6.62962962962963,7.142857142857142,0.0,240.734126984127,41.66666666666667,15.151515151515152,0.0,96.11111111111111,0.0,2.5,15.833333333333334,0.0,62.5,0.0,0.0,72.2420634920635,12.962962962962962,19.14021164021164,0.0,0.0,8.333333333333334,0.0,0.0,0.0,56.08465608465609,7.936507936507937,0.0,0.0,31.111111111111114,2.5,0.0,0.0,11.964285714285715,46.63461538461539,10.227272727272727,0.0,0.0,0.0,0.0,133.22916666666666,51.94444444444444,0.0,0.0,8.333333333333332,29.87200270780632,2.083333333333333,1.65955570598924,0.0,2.7777777777777777,0.0,10.0,0.0,0.0,0.0,0.0,0.0,0.0,0.0,18.11111111111111,0.0,0.0,0.0,2.564102564102564,2.5,2.5,0.0,0.0,4.166666666666667,18.75,3.3333333333333335,0.0,0.0,41.66666666666667,0.0,2.7777777777777777,0.0,0.0,3.3333333333333335,0.0,0.0,0.0,0.0,0.0,16.666666666666668,0.0,4.166666666666667,0.0,0.0,0.0,5.555555555555555,0.0,0.0,0.0,0.0,0.0,2.7777777777777777,0.0,0.0,0.0,0.0,0.0,0.0,0.0,0.0,0.0,0.0,0.0,0.0,19.444444444444446
35337.92052990582,3328.5383597883597,6307.993881118881,4823.585760053152,2693.4157046657047,919.2989417989418,850.7936507936508,3003.7149424649424,5671.486703291624,1208.5792448292448,3032.107337107337,1539.6608946608947,10971.101092534916,1202.5931938431938,1037.797619047619,557.2864145658264,2315.4274891774894,1720.6898656898657,467.95815295815294,651.2400793650794,308.531746031746,430.8802308802309,293.5416666666667,586.2698412698413,279.5138888888889,655.7420357420358,1315.109126984127,289.8863636363636,2194.978590983264,51.388888888888886,1484.2766955266954,10.714285714285714,305.8333333333333,360.95418470418474,235.17316017316017,156.25,286.78751803751805,7.142857142857142,272.06439393939394,117.14285714285714,373.4541847041847,61.30952380952381,1150.857683982684,25.476190476190474,1630.863395863396,86.16883116883118,155.1984126984127,60.0,191.26984126984127,103.75,752.2420634920635,2022.2059884559885,110.0,6.25,101.66666666666667,53.47222222222223,145.75396825396825,36.851851851851855,4.166666666666667,665.9859584859585,50.0,55.501207729468604,550.6269680611786,514.8809523809524,135.71428571428572,175.47619047619048,17.142857142857142,415.12987012987014,169.91758241758242,91.54761904761905,1507.1423865989084,58.333333333333336,14.285714285714285,7.142857142857142,68.33333333333334,433.2142857142857,41.66666666666667,2743.6988338458928,0.0,25.476190476190474,204.28571428571428,12.380952380952381,100.0,175.47619047619048,189.28571428571428,169.90440115440114,0.0,0.0,53.125,181.25,71.30952380952381,89.58333333333334,736.6269841269841,41.25,18.055555555555557,0.0,0.0,2.037037037037037,0.0,402.9761904761905,138.0952380952381,5.555555555555555,5.905231268134494,267.2916666666667,149.4047619047619,118.15476190476191,102.82585534921984,5.555555555555555,88.57846902201742,0.0,5.905231268134494,5.905231268134494,5.905231268134494,5.905231268134494,5.905231268134494,50.0,50.833333333333336,59.05231268134494,261.1574074074074,0.0,5.0,1.3888888888888888,116.25,0.0,0.0,25.0,923.6553724053724,0.0,0.0,976.1675824175825,64.58333333333334,13.88888888888889,184.28571428571428,257.6190476190476,47.4025974025974,51.03174603174603,0.0,0.0,181.45833333333334,0.0,108.33333333333334,91.80555555555556,0.0,0.0,7.142857142857142,91.66666666666667,1404.3854756354756,37.5,106.9047619047619,141.11111111111111,118.21428571428571,644.5725108225108,333.3333333333333,0.0,53.125,237.1031746031746,0.0,0.0,11.805555555555555,23.61111111111111,0.0,513.9285714285714,22.77777777777778,862.1915584415584,152.91666666666666,90.0,0.0,0.0,298.39285714285717,6.25,459.1666666666667,37.083333333333336,0.0,50.0,0.0,0.0,12.5,0.0,0.0,647.7579365079365,0.0,56.66666666666667,555.3571428571429,0.0,62.5106202209006,0.0,3.4728122344944774,0.0,0.0,42.85714285714286,66.66666666666667,0.0,18.333333333333336,18.75,5.0,212.65567765567766,78.125,0.0,0.0,12.5,129.79166666666666,0.0,30.555555555555557,0.0,74.04761904761905,0.0,74.78354978354979,0.0,0.0,6.25,0.0,57.142857142857146,0.0,0.0,64.04761904761905,279.07828282828285,64.28571428571428,138.70670995670997,30.2020202020202,453.0999066293184,0.0,42.142857142857146,0.0,0.0,43.73737373737374,0.0,115.0,0.0,28.75,93.4126984126984,0.0,10.317460317460316,0.0,339.38492063492066,0.0,0.0,0.0,0.0,430.95238095238096,0.0,50.0,0.0,0.0,0.0,6.111111111111111,10.0,6.111111111111111,0.0,0.0
987.1891534391534,228.29861111111111,667.9861111111111,233.75,728.7896825396825,383.64583333333337,135.0,122.77777777777779,240.69444444444446,807.5198412698413,301.25,341.6666666666667,87.5,353.75,25.0,163.34325396825398,269.5833333333333,122.56944444444444,113.05555555555556,60.0,163.88888888888889,110.41666666666667,47.22222222222222,19.047619047619047,8.333333333333334,0.0,88.54166666666667,61.30876068376068,70.25462962962963,79.21296296296296,4.166666666666667,8.333333333333334,177.08333333333334,27.77777777777778,12.5,15.674603174603174,27.395833333333336,18.75,0.0,34.0491452991453,85.41666666666667,45.833333333333336,66.66666666666667,175.48611111111111,71.5625,16.666666666666668,23.88888888888889,35.41666666666667,31.59722222222222,25.0,0.0,22.5,2.7777777777777777,2.0833333333333335,48.76984126984127,0.0,23.958333333333336,1.6666666666666667,0.0,0.0,3.125,0.0,0.0,0.0,0.0,0.0,4.166666666666667,111.875,5.555555555555555,0.0,0.0,0.0,12.5,8.333333333333334,0.0,0.0,0.0,0.0,16.666666666666668,8.333333333333334,0.0,0.0,2.7777777777777777,0.0,0.0,0.0,10.416666666666666,0.0,8.333333333333334,16.666666666666664,0.0,0.0,0.0,132.70833333333334,3.7037037037037033,0.0,47.73809523809524,12.5,0.0,0.0,0.0,0.0,0.0,0.0,0.0,0.0,0.0,3.571428571428571,0.0,0.0,0.0,0.0,0.0,0.0,0.0,16.666666666666668,4.166666666666667,0.0,16.666666666666668,0.0,0.0,14.583333333333334,0.0,0.0,0.0,10.0,0.0,0.0,4.166666666666667,50.0,0.0,1.8518518518518516,12.5,0.0,0.0,0.0,0.0,0.0,0.0,0.0,0.0,0.0,0.0,0.0,0.0,0.0,0.0,0.0,0.0,0.0,0.0,0.0,0.0,0.0,0.0,0.0,0.0,0.9615384615384615,3.571428571428571,7.142857142857142,0.0,0.0,0.0,0.0,0.0,4.166666666666667,0.0,0.0,0.0,0.0,0.0,0.0,0.0,0.0,0.0,0.0,0.0,0.0,0.0,0.0,3.125,0.0,0.0,0.0,0.0,0.0,0.0,2.0833333333333335,0.0,0.0,8.333333333333334,0.0,0.0,0.0,0.0,0.0,0.0,16.666666666666668,0.0,0.0,0.0,0.0,0.0,0.0,0.0,0.0,0.0,0.0,0.0,0.0,0.0,0.0,0.0,0.0,0.0,0.0,0.0,0.0,0.0,0.0,0.0,0.0,0.0,0.0,0.0,0.0,0.0,0.0,0.0,0.0,0.0,0.0,0.0,0.0,0.0,0.0,0.0,235.41666666666669,0.0,0.0,0.0,0.0,0.0,0.0,0.0,0.0,0.0,0.0,0.0
750.749007936508,74.70238095238095,96.27976190476191,228.91865079365078,385.4166666666667,221.80059523809524,136.45833333333334,134.52380952380952,536.9047619047619,191.66666666666669,46.785714285714285,82.29166666666667,57.8125,0.0,66.14583333333334,18.75,0.0,97.02380952380952,62.5,8.333333333333334,12.5,53.348214285714285,27.38095238095238,0.0,131.25,0.0,12.5,34.895833333333336,25.0,4.166666666666667,37.5,50.0,66.66666666666667,93.75,12.648809523809524,42.91666666666667,20.0,154.16666666666669,25.0,5.9523809523809526,37.5,75.0,0.0,25.0,26.666666666666668,0.0,0.0,0.0,162.5,0.0,14.583333333333334,0.0,50.0,16.666666666666668,0.0,0.0,190.0,0.0,0.0,50.0,37.5,4.166666666666667,8.333333333333334,65.0,0.0,0.0,112.5,0.0,28.125,0.0,0.0,0.0,0.0,0.0,6.25,0.0,466.6666666666667,0.0,50.0,0.0,0.0,0.0,3.125,0.0,0.0,0.0,0.0,0.0,6.944444444444445,10.0,12.5,0.0,6.25,0.0,0.0,62.5,0.0,0.0,0.0,0.0,0.0,0.0,0.3472222222222222,0.0,0.0,0.0,5.357142857142857,0.0,5.208333333333333,0.0,0.3472222222222222,0.3472222222222222,0.3472222222222222,0.3472222222222222,0.3472222222222222,0.0,0.0,3.4722222222222223,0.0,12.5,0.0,0.0,8.333333333333334,0.0,0.0,0.0,0.0,0.0,0.0,50.0,0.0,0.0,0.0,0.0,0.0,0.0,0.0,0.0,0.0,0.0,0.0,0.0,0.0,0.0,0.0,0.0,0.0,0.0,87.5,0.0,1.5625,0.0,0.0,0.0,0.0,0.0,0.0,4.166666666666667,0.0,0.0,0.0,0.0,0.0,0.0,0.0,0.0,0.0,1.5625,7.8125,0.0,0.0,15.401785714285714,0.0,0.0,0.0,0.0,0.0,5.0,75.0,0.0,0.0,0.0,6.25,0.0,0.0,0.0,0.0,0.0,0.0,16.145833333333336,0.0,0.0,0.0,4.166666666666667,0.0,0.0,3.6458333333333335,0.0,0.0,62.5,0.0,0.0,0.0,0.0,0.0,0.0,0.0,16.666666666666668,0.0,0.0,0.0,0.0,0.0,0.0,0.0,0.0,0.0,0.0,0.0,0.0,0.0,0.0,0.0,0.0,0.0,0.0,0.0,0.0,0.0,0.0,0.0,0.0,0.0,0.0,0.0,0.0,0.0,0.0,0.0,0.0,0.0,0.0,0.0,0.0,0.0,0.0,0.0,0.0,0.0
5024.323575404071,1423.7474955599955,2065.8778543581175,1183.4816124994143,1148.0448833573835,1442.4893578643578,516.1198428764218,2472.7178342097072,1184.7116772116772,232.67634941547985,433.40535926062245,433.3802308802309,1084.6766880462533,1236.2249555999556,342.62896825396825,490.4760517260517,960.811438100121,156.1857769423559,220.08269508269507,312.3378010878011,1985.0817238317238,1540.8488155363154,110.70461945461945,728.7651273846926,702.1787009287009,180.8367327117327,721.2267732267733,16.11111111111111,192.72847522847525,208.13852813852816,178.7062937062937,580.4596366109524,123.12626262626263,130.47452547452548,190.12787650945546,655.4481629481629,251.755698005698,70.13888888888889,977.6854109942345,329.84549916457814,517.8339623482813,13.88888888888889,127.08513708513709,216.54456654456655,70.82611832611832,113.33333333333334,614.8499278499279,353.31349206349205,22.77777777777778,39.82142857142857,9.51923076923077,46.98412698412699,181.78517316017317,416.1507936507937,84.13474025974025,122.8670634920635,52.083333333333336,29.523809523809526,20.23809523809524,72.55952380952381,70.85858585858585,400.0838050838051,72.90730103230104,23.165064102564102,2.7777777777777777,90.28697691197691,7.936507936507937,26.424242424242426,64.10714285714286,57.83730158730159,24.095238095238095,19.444444444444446,118.16493691493692,0.0,0.0,61.01544289044289,240.2014652014652,19.816468253968253,6.25,1.5151515151515151,146.46560846560848,33.41450216450217,54.62962962962963,90.28697691197691,281.8856764580449,517.0642856169172,0.0,13.333333333333334,5.555555555555555,53.51190476190476,89.04761904761905,18.333333333333336,0.0,0.0,2.7777777777777777,0.0,0.0,5.693645879404394,4.545454545454546,8.333333333333334,293.4959484959485,78.95312776891724,0.0,16.3510101010101,14.285714285714286,0.0,0.0,32.38095238095238,0.0,9.375,0.0,0.0,0.0,0.0,0.0,0.0,30.0,0.0,109.44638694638695,257.16450216450215,111.56746031746032,0.0,0.0,4.166666666666667,36.458333333333336,0.0,0.0,1.282051282051282,20.833333333333336,67.5,117.24491711991712,0.0,10.714285714285714,75.0,237.70833333333334,16.289682539682538,5.555555555555555,99.20875420875421,16.666666666666664,19.726190476190478,0.0,16.30952380952381,71.06837606837607,0.0,1.4285714285714286,0.0,10.0,128.61633249791143,0.0,0.0,24.583333333333336,8.712121212121213,21.805555555555557,0.0,0.0,0.0,87.27472527472527,0.0,21.3768115942029,42.7536231884058,32.17948717948718,31.666666666666668,11.688311688311689,8.333333333333334,125.0,0.0,12.36888111888112,0.0,0.0,0.0,6.666666666666667,2.5,0.0,95.29761904761905,0.0,0.0,15.0,26.332530773320247,0.0,2.380952380952381,22.22222222222222,54.86111111111111,7.738095238095238,0.0,0.0,0.0,0.0,4.545454545454546,0.0,50.0,0.0,0.0,35.8974358974359,0.0,0.0,3.3333333333333335,66.66666666666666,43.05555555555556,0.0,0.0,0.0,13.88888888888889,0.0,0.0,2.5,0.0,57.14285714285714,0.0,7.685185185185185,0.0,0.0,39.761904761904766,0.0,11.11111111111111,0.0,0.0,46.717171717171716,0.0,0.0,0.0,0.0,0.0,5.555555555555555,0.0,0.0,0.0,0.0,0.0,0.0,25.0,0.0,0.7692307692307692,0.0,0.0,0.0,0.0,0.0,0.0,0.0,0.0,0.0,0.0,2.380952380952381,0.0,0.0,0.0,0.0,4.166666666666667,0.0
2766.407101068866,659.7222222222223,419.923777203189,587.1020074696545,183.91968325791856,50.0,92.85714285714286,18.333333333333336,198.65613553113553,81.92307692307692,0.0,143.46153846153845,1716.4138565682683,7.142857142857142,0.0,0.0,215.2734275528393,0.0,0.0,2.941176470588235,0.0,16.666666666666668,6.25,0.0,0.0,0.0,43.75,0.0,81.66666666666667,25.0,5.555555555555555,0.0,0.0,0.0,0.0,25.0,0.0,0.0,7.5,0.0,100.0,12.5,533.75,0.0,0.0,0.0,0.0,0.0,0.0,0.0,6.512605042016807,7.692307692307692,91.66666666666667,0.0,0.0,8.333333333333334,0.0,2.5,0.0,30.409663865546214,0.0,0.0,0.0,101.38888888888889,0.0,0.0,0.0,0.0,5.0,0.0,0.0,0.0,0.0,0.0,0.0,0.0,0.0,366.98704073704073,0.0,0.0,0.0,0.0,0.0,0.0,0.0,0.0,0.0,0.0,0.0,25.0,0.0,0.0,4.356060606060606,0.0,0.0,0.0,0.0,0.0,0.0,0.0,0.0,0.0,0.0,0.0,0.0,0.0,0.0,0.0,0.0,0.0,0.0,0.0,0.0,0.0,0.0,0.0,0.0,0.0,0.0,0.0,0.0,0.0,0.0,0.0,0.0,0.0,12.5,0.0,0.0,50.0,0.0,0.0,0.0,0.0,0.0,0.0,0.0,0.0,0.0,0.0,0.0,0.0,0.0,0.0,0.0,0.0,15.674603174603174,0.0,6.25,0.0,6.25,0.0,0.0,0.0,0.0,0.0,0.0,0.0,0.0,0.0,0.0,0.0,0.0,40.0,0.0,0.0,0.0,0.0,6.25,0.0,2.941176470588235,0.0,0.0,0.0,7.142857142857142,0.0,0.0,0.0,0.0,63.095238095238095,0.0,0.0,412.5,0.0,0.0,0.0,0.0,0.0,0.0,0.0,0.0,0.0,0.0,0.0,0.0,0.0,0.0,0.0,0.0,0.0,0.0,0.0,0.0,0.0,0.0,0.0,10.0,0.0,0.0,0.0,50.0,0.0,0.0,0.0,0.0,50.0,0.0,0.0,0.0,0.0,0.0,0.0,0.0,0.0,0.0,0.0,0.0,0.0,0.0,0.0,0.0,0.0,0.0,0.0,0.0,0.0,0.0,0.0,0.0,0.0,0.0,0.0,0.0,0.0,0.0,0.0,0.0,0.0,0.0
2309.1666666666665,447.6984126984127,407.14285714285717,354.38852813852816,855.4166666666666,150.11904761904762,874.0079365079365,75.0,120.83333333333334,177.08333333333334,533.8690476190476,0.0,86.66666666666667,272.1969696969697,208.33333333333334,150.0,295.0,25.833333333333336,42.97619047619048,8.333333333333334,93.33333333333334,61.25,25.0,0.0,0.0,4.166666666666667,16.666666666666668,85.0,0.0,20.833333333333336,25.0,102.08333333333334,375.0,2.5,16.666666666666668,0.0,0.0,3.846153846153846,16.25,27.272727272727273,0.0,83.33333333333334,160.0,108.33333333333334,16.666666666666668,22.272727272727273,0.0,8.333333333333334,0.0,0.0,0.0,25.0,0.0,0.0,0.0,50.0,50.0,0.0,16.666666666666668,58.333333333333336,0.0,0.0,66.66666666666667,10.0,0.0,44.230769230769226,0.0,0.0,0.0,0.0,119.04761904761905,0.0,14.166666666666668,16.666666666666668,50.0,25.0,32.77777777777778,0.0,180.0,0.0,0.0,16.666666666666668,0.0,44.230769230769226,25.0,0.0,0.0,0.0,6.25,0.0,0.0,0.0,75.0,371.11111111111114,0.0,0.0,8.333333333333334,0.0,0.0,0.0,0.0,0.0,0.0,0.0,0.0,0.0,0.0,0.0,0.0,0.0,0.0,0.0,0.0,0.0,0.0,0.0,50.0,0.0,0.0,0.0,0.0,0.0,0.0,41.66666666666667,0.0,62.5,20.833333333333336,0.0,0.0,0.0,0.0,0.0,0.0,0.0,0.0,0.0,0.0,0.0,0.0,0.0,0.0,0.0,16.666666666666668,33.333333333333336,0.0,0.0,0.0,0.0,0.0,0.0,0.0,0.0,0.0,0.0,0.0,0.0,0.0,0.0,0.0,0.0,0.0,0.0,0.0,0.0,0.0,0.0,0.0,0.0,0.0,0.0,0.0,0.0,0.0,0.0,33.333333333333336,0.0,16.666666666666668,0.0,75.0,0.0,0.0,7.692307692307692,0.0,0.0,0.0,0.0,0.0,0.0,0.0,0.0,0.0,16.666666666666668,0.0,0.0,0.0,0.0,0.0,0.0,0.0,0.0,0.0,0.0,0.0,0.0,0.0,0.0,0.0,0.0,0.0,0.0,50.0,0.0,0.0,0.0,0.0,0.0,0.0,0.0,0.0,0.0,0.0,0.0,0.0,0.0,0.0,8.333333333333334,0.0,0.0,0.0,0.0,0.0,0.0,0.0,0.0,23.80952380952381,0.0,0.0,0.0,0.0,0.0,0.0,7.142857142857142,0.0,0.0,0.0,0.0,0.0,0.0,0.0
899.9305555555555,208.33333333333334,458.33333333333337,347.9166666666667,1067.0833333333333,135.0,220.83333333333334,143.75,154.16666666666669,50.0,166.66666666666666,76.66666666666667,0.0,0.0,168.75,316.6666666666667,83.33333333333334,125.0,25.0,41.66666666666667,50.0,94.44444444444444,31.25,87.5,66.66666666666667,0.0,79.16666666666667,62.5,75.0,306.25,50.0,75.0,0.0,0.0,0.0,0.0,0.0,12.5,0.0,6.25,0.0,43.75,464.5833333333333,262.5,0.0,0.0,0.0,25.0,0.0,0.0,4.166666666666667,0.0,16.666666666666668,0.0,0.0,437.5,58.333333333333336,0.0,0.0,150.0,0.0,0.0,0.0,0.0,0.0,0.0,0.0,0.0,0.0,25.0,0.0,0.0,25.0,12.5,50.0,66.66666666666667,12.5,0.0,50.0,0.0,150.0,0.0,3.125,0.0,0.0,0.0,18.75,0.0,0.0,0.0,0.0,0.0,150.0,2.5,0.0,31.666666666666668,25.0,0.0,0.0,25.0,0.0,0.0,0.0,0.0,0.0,0.0,0.0,75.0,0.0,0.0,0.0,0.0,0.0,0.0,0.0,25.0,0.0,0.0,0.0,0.0,0.0,0.0,0.0,0.0,0.0,0.0,0.0,0.0,12.5,0.0,0.0,0.0,0.0,0.0,0.0,0.0,0.0,0.0,0.0,0.0,0.0,0.0,50.0,0.0,0.0,0.0,0.0,0.0,0.0,0.0,0.0,0.0,0.0,0.0,0.0,0.0,1.1363636363636365,0.0,5.555555555555555,11.11111111111111,0.0,0.0,0.0,0.0,0.0,0.0,0.0,50.0,0.0,12.5,0.0,0.0,0.0,0.0,0.0,0.0,0.0,0.0,0.0,0.0,0.0,0.0,0.0,9.090909090909092,0.0,2.272727272727273,0.0,0.0,0.0,0.0,50.0,0.0,0.0,0.0,0.0,0.0,0.0,0.0,0.0,0.0,0.0,0.0,0.0,25.0,0.0,0.0,0.0,0.0,0.0,0.0,0.0,0.0,0.0,0.0,0.0,0.0,0.0,0.0,0.0,0.0,0.0,0.0,0.0,0.0,0.0,0.0,0.0,0.0,0.0,0.0,0.0,0.0,0.0,0.0,0.0,0.0,50.0,0.0,0.0,0.0,0.0,0.0,0.0,0.0,0.0,50.0,0.0,0.0,0.0
10198.409992784993,821.0185185185185,4312.81300534977,1109.3244718244719,328.1746031746032,84.10714285714286,205.83333333333334,740.8333333333334,172.4503968253968,579.8458485958486,781.0218253968254,4382.240537240537,3620.9228965478965,157.29166666666669,1022.7564102564103,483.52897102897106,358.5524891774892,297.7083333333333,19.791666666666668,257.22222222222223,42.5,85.97222222222221,635.1001082251082,5.0,0.0,44.583333333333336,584.535742035742,53.125,0.0,7.5,183.90151515151516,12.5,0.0,0.0,0.0,0.0,3.125,100.0,162.35930735930737,0.0,142.38095238095238,8.125,137.16117216117217,5.0,219.98316498316498,12.5,143.36396854779207,0.0,12.5,28.333333333333332,10.0,266.6666666666667,22.22222222222222,8.333333333333334,0.0,8.333333333333334,30.845588235294116,14.583333333333334,234.4422938172938,215.55555555555557,0.0,0.0,0.0,6.25,0.0,19.772727272727273,0.0,32.91666666666667,80.0,2.5,73.10606060606061,40.23809523809524,0.0,12.5,54.940753690753695,0.0,412.1794871794872,1874.476356976357,0.0,0.0,0.0,8.333333333333334,2.7777777777777777,17.5,75.0,0.0,0.0,0.0,0.0,2.5,4.166666666666667,0.0,561.1309523809524,0.0,0.0,0.0,0.0,0.0,0.0,16.666666666666668,10.0,0.0,3.338502894954508,0.0,0.0,2.380952380952381,0.0,0.0,50.07754342431762,0.0,3.338502894954508,3.338502894954508,3.338502894954508,3.338502894954508,3.338502894954508,0.0,0.0,33.385028949545074,0.0,0.0,16.666666666666668,2.5,0.0,0.0,0.0,0.0,2181.764346764347,0.0,6.118881118881118,100.0,0.0,0.0,11.904761904761905,69.79166666666667,0.0,0.0,0.0,0.0,0.0,0.0,0.0,0.0,100.0,0.0,0.0,0.0,284.4230769230769,0.0,20.0,11.11111111111111,50.0,4.166666666666667,12.5,0.0,0.0,12.222222222222221,0.0,25.0,0.0,0.0,0.0,0.0,0.0,50.0,21.666666666666668,0.0,0.0,10.0,59.166666666666664,0.0,546.0416666666666,0.0,0.0,0.0,2.5,0.0,0.0,5.0,12.5,13.571428571428571,0.0,16.666666666666668,83.33333333333334,0.0,0.0,0.0,0.0,0.0,0.0,2.380952380952381,0.0,0.0,0.0,0.0,0.0,10.555555555555555,0.0,0.0,0.0,7.142857142857142,0.0,0.0,0.0,0.0,26.666666666666668,0.0,0.0,0.0,0.0,0.0,0.0,0.0,0.0,0.0,0.0,87.06196581196582,0.0,0.0,0.0,0.0,25.0,25.0,14.349376114081998,0.0,0.0,0.0,12.948717948717949,0.0,0.0,8.88888888888889,0.0,5.0,25.0,47.22222222222223,0.0,0.0,0.0,0.0,0.0,0.0,0.0,0.0,0.0,0.0,0.0,8.333333333333334,0.0,43.888888888888886,0.0
264.9404761904762,50.595238095238095,0.0,47.32142857142857,6.25,37.5,81.25,141.07142857142858,0.0,0.0,29.166666666666668,31.25,18.75,12.5,21.60894660894661,25.0,3.125,25.0,6.818181818181818,0.0,6.25,43.75,0.0,17.857142857142854,0.0,2.7777777777777777,20.833333333333336,0.0,7.738095238095238,0.0,9.090909090909092,104.46428571428571,0.0,0.0,0.0,0.0,48.10606060606061,28.57142857142857,16.07142857142857,30.0,14.772727272727273,0.0,0.0,0.0,0.0,0.0,0.0,46.42857142857143,44.44444444444444,0.0,0.0,0.0,18.75,0.0,0.0,0.0,0.0,0.0,0.0,0.0,0.0,0.0,0.0,0.0,0.0,0.0,0.0,3.125,0.0,0.0,0.0,0.0,0.0,0.0,0.0,0.0,0.0,0.0,0.0,0.0,0.0,3.571428571428571,0.0,0.0,12.5,0.0,0.0,12.5,0.0,0.0,0.0,0.0,0.0,0.0,0.0,0.0,0.0,0.0,0.0,0.0,25.0,0.0,0.0,0.0,3.571428571428571,0.0,0.0,25.0,0.0,0.0,0.0,0.0,0.0,0.0,0.0,0.0,0.0,0.0,0.0,0.0,0.0,0.0,0.0,0.0,0.0,0.0,0.0,0.0,0.0,0.0,0.0,0.0,0.0,0.0,17.857142857142854,0.0,0.0,0.0,0.0,3.571428571428571,0.0,0.0,0.0,0.0,0.0,0.0,0.0,0.0,0.0,0.0,0.0,0.0,0.0,0.0,43.75,0.0,0.0,0.0,0.0,0.0,0.0,0.0,0.0,0.0,0.0,0.0,0.0,0.0,0.0,0.0,0.0,0.0,0.0,0.0,0.0,0.0,0.0,0.0,0.0,0.0,0.0,0.0,0.0,0.0,0.0,0.0,0.0,0.0,0.0,0.0,0.0,0.0,0.0,0.0,0.0,0.0,0.0,0.0,0.0,0.0,0.0,0.0,0.0,0.0,0.0,0.0,0.0,0.0,0.0,0.0,0.0,0.0,0.0,0.0,0.0,0.0,0.0,0.0,0.0,0.0,0.0,0.0,0.0,0.0,0.0,0.0,0.0,0.0,0.0,0.0,0.0,0.0,0.0,0.0,0.0,0.0,0.0,0.0,0.0,0.0,0.0,0.0,0.0,0.0,0.0,0.0,0.0,0.0,0.0
5192.697945170771,2043.9497655122655,488.92551892551893,2343.883009021543,1373.5212132638603,366.6407203907204,2813.4415584415583,802.068833943834,535.2633477633477,101.33838383838383,376.75595238095235,34.9476911976912,500.0613275613276,207.8291847041847,328.44858844858845,10.0,108.40939153439153,116.66666666666667,83.41450216450217,228.31349206349205,869.4336219336219,188.33028083028083,88.69047619047619,620.2495652495652,200.53571428571428,15.512820512820513,83.54090354090354,241.86507936507937,53.29059829059829,146.4814814814815,63.19444444444444,2612.272311022311,23.333333333333332,92.6470588235294,219.04761904761904,35.71428571428571,316.6269841269841,135.95238095238096,3749.7959610696857,265.8407410490744,108.92857142857143,1.1904761904761905,55.68181818181819,50.0,49.007936507936506,145.47188922188923,26.48809523809524,125.0,93.33333333333334,11.666666666666668,21.805555555555557,164.28807303807304,7.5661375661375665,17.142857142857142,157.29166666666666,0.0,0.0,3.571428571428571,4.166666666666667,0.0,259.82142857142856,15.882352941176471,9.09090909090909,19.642857142857142,13.80952380952381,16.666666666666668,0.0,16.435185185185183,52.77777777777778,15.823412698412698,194.17989417989418,0.0,0.0,4.545454545454546,8.333333333333334,16.724941724941726,16.666666666666668,84.32539682539682,0.0,56.25,4.901960784313725,32.14285714285714,25.0,0.0,119.64285714285714,0.0,45.45454545454546,0.0,0.0,0.0,6.25,0.0,0.0,0.0,10.0,0.0,0.0,17.857142857142854,1.3888888888888888,0.0,0.0,0.0,0.0,0.0,26.785714285714285,0.0,26.442307692307693,0.0,0.0,0.0,0.0,0.0,0.0,0.0,0.0,0.0,0.0,0.0,0.0,315.4501401376401,5.555555555555555,5.0,2.380952380952381,0.0,0.0,25.0,43.116883116883116,0.0,3.571428571428571,0.0,0.0,0.0,25.0,0.0,0.0,5.555555555555555,0.0,16.666666666666668,0.0,0.0,0.0,0.0,0.0,0.0,0.0,0.0,0.0,21.428571428571427,12.5,0.0,0.0,2.380952380952381,0.0,16.666666666666668,0.0,0.0,0.0,0.0,0.0,0.0,0.0,0.0,0.0,201.70807453416148,0.0,0.0,0.0,0.0,0.0,3.3333333333333335,68.61823361823362,1.5151515151515151,0.0,0.0,0.0,2.6315789473684212,0.0,0.0,0.0,0.0,0.0,16.666666666666668,0.0,18.181818181818183,0.0,4.545454545454546,0.0,0.0,0.0,0.0,0.0,0.0,0.0,0.0,0.0,0.0,0.0,0.0,0.0,0.0,0.0,0.0,0.0,0.0,0.0,0.0,28.45959595959596,0.0,0.0,8.333333333333334,0.0,0.0,0.0,0.0,0.0,0.0,0.0,0.0,13.221153846153847,12.103174603174603,0.0,8.333333333333334,0.0,0.0,26.442307692307693,0.0,0.0,0.0,0.0,0.0,0.0,8.333333333333334,0.0,0.0,0.0,0.0,12.5,0.0,0.0,0.0,0.0,3.3333333333333335,0.0,0.0,0.0,0.0,0.0,0.0,0.0
845.8333333333334,300.0,166.66666666666666,275.0,516.6666666666666,0.0,62.5,50.0,50.0,125.0,150.0,312.5,50.0,0.0,325.0,0.0,141.66666666666666,0.0,50.0,133.33333333333334,125.0,0.0,191.66666666666669,0.0,0.0,0.0,0.0,0.0,25.0,0.0,25.0,50.0,625.0,0.0,0.0,25.0,0.0,25.0,0.0,0.0,0.0,50.0,0.0,0.0,0.0,0.0,0.0,0.0,0.0,25.0,0.0,225.0,0.0,0.0,0.0,16.666666666666668,0.0,0.0,0.0,0.0,0.0,0.0,0.0,0.0,0.0,25.0,0.0,0.0,0.0,0.0,0.0,0.0,0.0,0.0,0.0,0.0,0.0,0.0,0.0,0.0,0.0,0.0,0.0,25.0,0.0,0.0,75.0,0.0,25.0,0.0,0.0,100.0,0.0,0.0,0.0,0.0,0.0,0.0,0.0,0.0,0.0,25.0,0.0,0.0,25.0,0.0,0.0,0.0,0.0,0.0,0.0,0.0,0.0,0.0,0.0,0.0,0.0,0.0,0.0,0.0,37.5,0.0,0.0,0.0,0.0,0.0,0.0,0.0,0.0,0.0,0.0,0.0,0.0,0.0,0.0,0.0,0.0,0.0,0.0,0.0,0.0,0.0,0.0,0.0,0.0,0.0,0.0,0.0,0.0,0.0,0.0,0.0,0.0,0.0,0.0,0.0,0.0,0.0,0.0,0.0,0.0,0.0,0.0,0.0,0.0,0.0,0.0,0.0,0.0,0.0,0.0,0.0,0.0,0.0,50.0,0.0,0.0,0.0,0.0,0.0,0.0,0.0,0.0,0.0,0.0,0.0,0.0,0.0,0.0,0.0,0.0,0.0,0.0,0.0,0.0,0.0,0.0,0.0,0.0,0.0,0.0,0.0,0.0,16.666666666666668,0.0,0.0,0.0,0.0,0.0,0.0,0.0,0.0,0.0,0.0,0.0,0.0,0.0,0.0,0.0,0.0,0.0,0.0,0.0,0.0,0.0,0.0,0.0,0.0,0.0,0.0,0.0,0.0,0.0,0.0,0.0,0.0,0.0,0.0,0.0,0.0,0.0,0.0,0.0,0.0,16.666666666666668,0.0,16.666666666666668,0.0,0.0
3142.3396378753523,1133.8383144633144,1021.1486678004535,1355.8339851091953,1834.6125963983106,1472.2706816992531,333.1818181818182,2546.873754552326,628.9040060468632,294.4345238095238,925.1253834867281,363.4821428571429,264.3636621315193,155.27236652236653,353.2149943310658,607.5806964199821,486.8494897959184,378.3829365079365,273.45238095238096,316.7857142857143,982.6515277050992,320.18849206349205,42.14285714285714,150.37698412698413,80.66558441558442,90.14880952380952,101.04166666666667,241.30505407291122,193.1024531024531,394.56155947227376,16.64351851851852,562.1495846495847,189.58333333333334,34.25324675324675,175.0,190.56122448979593,183.35775335775335,124.45899470899471,84.96031746031747,364.85260770975054,77.68518518518519,114.28571428571429,19.910714285714285,1039.703454614169,3.571428571428571,99.12698412698413,130.32738095238096,267.2799422799423,80.75396825396825,43.898809523809526,107.83730158730158,6.25,0.0,2.5,104.37229437229438,74.10714285714286,62.5,51.38888888888889,41.666666666666664,58.333333333333336,164.27579365079364,0.0,0.0,87.87878787878788,45.23809523809524,36.224747474747474,30.11904761904762,0.0,0.0,84.64096749811036,41.66666666666667,55.833333333333336,69.73214285714286,36.904761904761905,4.166666666666667,92.02380952380952,61.785714285714285,0.0,387.1825396825397,2.0833333333333335,105.96846846846847,10.714285714285714,8.333333333333334,36.224747474747474,0.0,183.60615079365078,69.44444444444444,11.458333333333334,6.785714285714286,151.16071428571428,16.666666666666668,38.79120879120879,75.0,53.125,5.0,10.122972265829409,31.349206349206348,25.0,5.555555555555555,0.0,47.5,28.149314086814087,0.8075933075933075,0.0,0.0,2.380952380952381,0.0,62.083333333333336,12.113899613899614,23.08164058164058,0.8075933075933075,0.8075933075933075,0.8075933075933075,0.8075933075933075,0.8075933075933075,2.0408163265306123,4.976851851851851,8.075933075933076,189.87179487179486,84.38311688311688,4.166666666666666,43.33333333333333,117.5151171579743,47.77777777777778,41.66666666666667,18.75,12.5,7.142857142857142,26.428571428571427,0.0,40.988756613756614,171.86507936507937,0.0,128.0952380952381,12.962962962962962,51.02040816326531,2.8525641025641026,4.166666666666667,0.0,4.861111111111111,0.0,1.1904761904761905,0.0,58.47222222222222,0.0,27.29076479076479,0.0,12.5,13.04945054945055,0.0,35.41666666666667,0.0,12.142857142857142,4.166666666666667,42.857142857142854,6.666666666666667,24.6031746031746,8.333333333333334,0.0,0.0,55.63492063492063,0.0,0.0,0.0,7.4074074074074066,12.5,16.07142857142857,2.0833333333333335,0.0,0.0,0.0,0.0,10.0,37.5,41.66666666666667,14.880952380952383,41.66666666666667,41.66666666666667,4.166666666666667,0.0,2.0833333333333335,11.785714285714285,0.0,9.090909090909092,0.0,2.272727272727273,0.0,14.821428571428571,9.583333333333334,3.125,18.571428571428573,0.0,0.0,9.444444444444445,29.16666666666667,0.0,0.0,0.0,0.0,0.0,0.0,0.0,0.0,0.0,0.0,16.25,0.0,5.0,22.232142857142858,0.0,0.0,6.25,0.0,6.346153846153846,0.0,0.0,39.583333333333336,0.0,0.0,0.0,0.0,0.0,0.0,0.0,0.0,0.0,0.0,18.333333333333336,0.0,0.0,6.25,0.0,0.0,0.0,0.0,0.0,9.791666666666668,0.0,0.0,0.0,0.0,0.0,0.0,0.0,0.0,0.0,0.0,0.0,0.0
5713.551226551227,2387.623695748696,1825.0843253968255,3079.1331115779644,1825.3339947089949,2168.319583194583,809.6445221445222,2877.042297979798,1469.1229256854258,546.4424001924002,1559.355353252412,540.7291666666666,195.19742063492063,683.9136904761905,358.16603535353534,668.4197631072632,2312.2077575202575,323.1204906204906,956.2103174603175,195.13888888888889,1066.4900238650239,472.35870610870614,369.7916666666667,964.4501678876679,499.322274947275,208.75,130.20833333333334,243.40608465608466,413.7637362637363,167.08333333333334,37.132936507936506,1077.9613095238096,137.5,156.875,510.218253968254,681.6914682539683,503.4441137566138,511.68948412698415,230.55555555555557,334.6577380952381,110.78598484848484,121.57738095238095,111.97420634920636,707.2790404040404,101.75099206349206,219.70238095238096,300.73593073593076,1130.580357142857,414.2559523809524,120.10416666666667,113.88888888888889,158.33333333333334,84.71774753024754,43.348214285714285,334.65939153439155,42.083333333333336,102.08333333333333,143.97321428571428,281.5679112554113,45.833333333333336,99.05753968253968,135.06944444444446,0.0,147.5,11.331168831168831,5.902777777777778,12.5,6.666666666666667,12.5,112.79418498168499,50.0,87.5,89.77092352092352,96.04166666666667,20.92948717948718,123.02083333333334,95.05681818181819,0.0,110.60185185185185,51.99404761904762,55.37878787878788,49.10714285714286,20.833333333333332,2.7777777777777777,0.0,50.27981277981278,3.125,65.18728956228956,35.9375,73.95833333333334,0.0,17.36111111111111,0.0,45.0,149.01785714285714,23.40811965811966,11.190476190476192,31.25,221.875,0.0,16.666666666666668,33.85416666666667,0.35714285714285715,2.0833333333333335,23.660714285714285,3.125,0.0,217.19017094017093,5.357142857142858,26.185897435897438,0.35714285714285715,0.35714285714285715,0.35714285714285715,0.35714285714285715,0.35714285714285715,18.140782828282827,4.285714285714286,3.5714285714285716,23.295454545454547,165.0568181818182,36.42857142857143,68.75,184.375,41.33116883116884,42.782217782217785,8.712121212121213,0.0,52.38095238095238,1.5625,33.333333333333336,41.6025641025641,79.16666666666667,25.754419191919194,110.41666666666667,8.333333333333332,5.729166666666667,40.34264346764347,61.30952380952381,0.0,5.0,14.494047619047619,16.666666666666668,0.0,21.666666666666668,0.0,24.857954545454547,0.0,12.5,20.833333333333336,0.0,33.75,7.857142857142857,24.642857142857142,16.25,36.34615384615385,41.666666666666664,88.75,8.333333333333334,15.555555555555555,31.11111111111111,74.23701298701299,0.0,0.0,0.0,61.458333333333336,27.083333333333332,3.4722222222222223,9.722222222222221,0.0,2.0833333333333335,0.0,6.25,29.6875,14.583333333333334,0.0,0.0,37.5,17.5,74.77564102564102,0.0,14.285714285714285,8.333333333333332,0.0,61.50543900543901,0.0,15.376359751359752,0.0,20.313852813852815,38.333333333333336,3.125,8.333333333333334,8.333333333333334,95.83333333333333,0.0,0.0,0.0,8.333333333333334,75.27777777777779,1.5625,0.0,0.0,12.5,2.0833333333333335,12.5,33.333333333333336,56.52777777777778,0.0,0.0,5.397727272727273,12.5,0.0,0.0,1.25,2.5,2.0833333333333335,0.0,0.0,0.0,0.0,0.0,0.0,0.0,7.083333333333334,8.333333333333334,0.0,0.0,0.0,25.0,3.3333333333333335,0.0,0.0,0.0,0.0,0.0,4.166666666666667,4.166666666666667,34.236111111111114,16.666666666666668,0.0,6.203703703703703,0.0,0.0,5.0,0.0,0.0,0.0,0.0,0.0,0.0
