764.2384513634513,16.333333333333332,90.33333333333333,142.79166666666666,198.91732804232802,328.3015873015873,235.86309523809524,156.98214285714286,53.08333333333333,233.77579365079364,27.083333333333332,113.23280423280423,63.20833333333333,45.30952380952381,17.76190476190476,48.25,41.21825396825397,92.3015873015873,119.36111111111111,18.09722222222222,16.958333333333332,117.72222222222221,222.16468253968253,70.41666666666666,52.595238095238095,54.86507936507936,10.291666666666666,98.1547619047619,80.61904761904762,0.0,6.666666666666666,1.3333333333333333,10.416666666666666,8.833333333333332,0.5,28.392857142857142,6.666666666666667,16.539682539682538,33.541666666666664,89.38650793650794,55.464285714285715,11.583333333333332,8.333333333333332,14.333333333333332,52.416666666666664,94.88095238095238,47.51190476190476,82.70833333333333,14.333333333333332,0.0,0.0,5.0,9.0,6.375,15.166666666666666,21.333333333333332,55.150335775335776,11.666666666666666,23.5,27.702380952380953,28.07142857142857,5.0,56.70238095238095,8.898809523809524,2.9166666666666665,0.0,7.0,43.583333333333336,11.444444444444443,1.0,22.333333333333332,2.5,7.083333333333333,19.791666666666664,8.898809523809524,0.0,27.716666666666665,1.0,2.5,0.0,0.0,1.0,115.95833333333333,0.0,7.5,1.0,10.0,20.041666666666668,41.33333333333333,48.916666666666664,7.5,1.0,0.0,1.25,0.0,17.916666666666668,1.0,9.125,0.0,0.0,2.125,20.095238095238095,3.75,0.6666666666666666,2.0,10.5,0.0,0.0,0.0,7.5,0.0,6.166666666666667,0.0,0.0,0.0,0.0,0.0,8.583333333333332,3.333333333333333,0.37037037037037035,0.0,11.833333333333332,0.0,0.6666666666666666,1.7142857142857142,0.0,5.5,0.0,0.625,3.333333333333333,0.0,5.0,0.0,0.0,2.5,0.0,0.0,0.0,7.083333333333333,2.5,0.0,1.8333333333333333,2.25,0.0,2.5,0.0,6.928571428571428,3.464285714285714,1.0,7.166666666666667,0.0,0.0,0.0,0.0,2.0,0.0,5.0,0.0,0.0,0.0,29.833333333333332,6.666666666666667,0.0,52.291666666666664,0.0,0.6666666666666666,16.083333333333332,4.5,0.0,0.0,4.166666666666666,1.4857142857142858,5.942857142857143,0.0,0.0,0.0,0.0,1.0,0.0,15.563186813186814,0.0,1.25,0.6666666666666666,0.0,15.833333333333332,2.0535714285714284,0.0,0.0,0.0,0.0,4.619047619047619,3.333333333333333,4.333333333333333,0.0,7.666666666666666,5.0,0.0,15.0,0.0,18.92628205128205
509.7202982202982,53.375,240.69757094757094,121.34523809523809,64.88095238095238,302.78968253968253,27.5,295.7278439153439,58.829365079365076,141.07638888888889,86.13888888888889,127.675,44.166666666666664,39.44146825396825,47.738095238095234,32.37830687830688,4.158730158730158,19.392857142857142,145.8964947089947,7.671296296296296,80.48653198653199,30.35185185185185,99.16666666666666,43.7003367003367,30.494708994708994,70.45454545454545,3.3333333333333335,7.0,9.166666666666666,15.366522366522366,0.4356060606060606,0.0,8.461538461538462,1.8749999999999998,1.6666666666666665,55.44444444444444,3.4050925925925926,17.0,19.77777777777778,5.0,7.041666666666666,0.0,6.5625,29.479166666666664,89.67361111111111,151.98611111111111,10.88888888888889,0.0,3.3333333333333335,0.0,11.083333333333332,0.0,39.83333333333333,0.0,22.0,0.0,1.5151515151515151,0.0,0.0,0.0,1.25,0.0,1.9047619047619047,0.0,2.1428571428571423,0.0,2.7777777777777777,10.0,0.0,0.0,1.4285714285714284,0.0,0.0,0.0,0.0,0.0,0.0,0.0,0.0,0.8333333333333333,0.0,0.0,0.0,0.5555555555555556,12.5,0.5158730158730158,0.0,0.0,5.555555555555555,5.0,0.0,0.16666666666666666,13.333333333333332,4.6875,0.0,0.0,0.3125,0.0,0.0,0.8333333333333333,0.8333333333333333,3.333333333333333,2.5,0.0,3.125,0.0,0.3125,0.0,3.333333333333333,0.0,0.3125,0.2777777777777778,0.3125,0.0,0.3125,0.3125,0.0,0.0,0.0,0.0,0.0,30.555555555555554,0.0,120.06944444444444,0.0,0.0,0.0,0.0,0.0,0.0,3.265542328042328,1.6666666666666665,0.0,1.5384615384615385,0.0,0.0,0.0,0.0,0.0,0.0,0.0,0.9166666666666666,0.0,1.3333333333333333,0.2272727272727273,0.0,0.4444444444444445,0.22222222222222224,0.0,0.0,0.0,0.0,3.333333333333333,0.0,0.0,0.0,0.0,2.5,8.5,0.0,2.5,0.0,0.0,0.0,0.0,0.0,0.0,0.47619047619047616,22.637566137566136,0.0,0.0,0.0,0.0,0.0,1.75,0.0,0.0,6.25,0.0,0.0,0.0,0.0,1.6666666666666667,0.0,0.0,0.0,0.0,0.0,0.0,0.0,0.0,0.0,0.0,0.0,0.0,0.0,0.0,0.0,0.0,0.0
1165.0910894660894,732.787182602972,178.57945052024,218.32927489177487,209.6387293262293,642.2757936507936,449.3928571428571,259.86828898225957,222.36787518037517,192.07738095238093,81.35380116959064,135.1577380952381,130.4768170426065,148.57680976430976,59.52867965367965,226.4890873015873,203.80944055944056,118.63617376775271,217.97156084656083,55.81547619047619,20.13095238095238,131.93569624819625,28.404761904761905,299.52858946608944,105.7928391053391,30.647516835016834,43.44787157287157,109.4063216195569,82.82656926406926,188.79365079365078,68.90277777777777,26.19642857142857,35.39102564102564,78.90873015873015,52.554421090605295,13.110119047619047,15.138888888888888,87.64204545454545,39.157738095238095,10.8125,18.860119047619047,16.46428571428571,12.8125,0.0,4.583333333333333,1.6666666666666665,0.0,3.833333333333333,12.837962962962962,31.064713064713064,130.19047619047618,103.77922077922078,0.0,6.875,1.4583333333333333,10.633928571428571,0.0,19.839736652236653,24.545454545454543,24.791666666666664,0.0,64.2311507936508,0.5,0.3125,6.458333333333333,6.5,27.095238095238095,0.0,12.4512987012987,30.82251082251082,0.41666666666666663,5.958333333333333,8.041666666666666,3.095238095238095,0.3125,8.49537037037037,1.25,3.333333333333333,0.0,8.666666666666666,18.25595238095238,4.666666666666666,10.5,4.041666666666666,6.0,1.8333333333333333,17.291666666666664,0.0,7.291666666666666,4.472222222222222,0.0,36.589285714285715,22.714285714285715,5.634047167253998,9.5,1.7708333333333333,0.2256031444835999,0.0,35.73412698412698,20.095238095238095,0.8333333333333333,2.5,0.0,1.6666666666666665,2.256031444835999,8.571428571428571,0.2256031444835999,3.333333333333333,2.0,0.5,0.2256031444835999,0.3571428571428571,0.2256031444835999,6.416666666666666,0.2256031444835999,0.2256031444835999,3.611111111111111,1.726190476190476,0.0,4.706018518518518,3.482142857142857,0.0,1.4285714285714284,0.0,0.625,1.0,3.5,4.027777777777778,3.720238095238095,2.5,0.0,46.982142857142854,3.75,1.0416666666666665,0.0,8.75,1.6666666666666665,2.9166666666666665,0.0,1.2291666666666665,2.8571428571428568,0.0,1.0416666666666665,0.0,0.0,0.0,0.0,0.0,6.333333333333333,0.0,1.0,15.303030303030303,8.214285714285714,5.0,1.25,0.5,2.5,3.6666666666666665,0.0,0.0,2.5,0.0,0.5,6.821428571428571,3.5416666666666665,0.0,0.3571428571428571,9.214285714285714,0.0,0.8333333333333333,0.0,0.0,0.0,2.083333333333333,3.9285714285714284,0.0,1.9166666666666665,0.0,4.583333333333333,0.0,0.8333333333333333,5.0,7.5,0.0,0.0,0.0,0.0,15.388888888888888,46.916666666666664,1.3333333333333333,0.0,9.166666666666666,2.5,0.0,0.0,1.25,0.0,28.270833333333332,0.0,0.0
1128.051515151515,71.53174603174602,558.287037962038,296.4944444444444,298.5888888888889,524.5490079365079,56.33888888888889,491.28194444444443,54.84126984126984,450.8697802197802,97.76598972922503,116.0292328042328,60.888888888888886,94.96055088702147,59.80138888888889,75.35,54.50119047619047,65.16666666666666,71.09444444444445,17.017857142857142,20.516666666666666,30.234126984126984,266.9172619047619,114.03174603174602,47.26190476190476,75.21369047619048,10.583333333333332,77.52301587301586,5.291666666666666,21.541666666666668,5.983333333333333,0.625,25.333333333333332,45.56369047619047,26.75,33.50277777777778,21.966666666666665,4.833333333333333,53.013888888888886,19.849206349206348,3.0,22.029761904761905,0.8333333333333333,122.31349206349206,282.41984126984124,237.15515873015872,42.025,3.1527777777777777,16.93452380952381,0.0,5.402777777777778,2.0,38.769444444444446,3.386904761904762,68.20833333333333,0.0,9.285714285714285,0.0,4.0,15.0,0.8333333333333333,0.0,18.06547619047619,0.9444444444444444,7.666666666666666,6.041666666666666,0.4,17.948412698412696,2.7222222222222223,0.0,3.3988095238095237,0.625,0.7125,0.0,0.4444444444444445,0.0,5.333333333333333,5.833333333333333,35.7968253968254,4.714285714285714,2.0,0.0,2.4999999999999996,1.0,29.76388888888889,5.357142857142858,0.625,35.94444444444444,0.0,1.6666666666666665,0.625,1.0416666666666665,14.358333333333334,1.1029411764705883,0.0,0.0,0.07352941176470588,0.0,2.5,0.5,8.38888888888889,0.5555555555555556,45.220238095238095,0.0,0.7352941176470589,0.0,0.07352941176470588,0.0,3.6666666666666665,0.0,0.07352941176470588,3.583333333333333,0.07352941176470588,0.0,0.07352941176470588,0.07352941176470588,2.5,2.1203703703703702,4.083333333333333,0.0,0.0,140.24603174603175,0.0,1457.3099206349207,0.6666666666666666,1.0,0.0,0.0,0.9166666666666666,0.5,0.16666666666666666,0.0,0.3125,0.0,2.5,0.14285714285714285,12.142857142857142,2.357142857142857,0.6666666666666666,0.41666666666666663,17.38888888888889,0.6666666666666666,0.0,0.625,5.735317460317461,0.0,0.5714285714285714,0.2857142857142857,0.0,1.2916666666666665,4.583333333333333,0.0,0.0,0.0,0.0,0.0,0.0,34.611111111111114,45.208333333333336,0.0,0.0,0.0,0.0,0.625,1.9583333333333333,20.0,0.0,1.9583333333333333,2.5,0.0,0.0,0.0,0.0,0.0,0.0,1.1666666666666665,0.0,4.541666666666667,0.0,22.708333333333332,1.25,0.0,0.0,0.0,0.0,2.1142857142857143,0.0,0.0,0.0,0.0,8.75,0.0,1.625,4.833333333333333,0.5555555555555556,1.9365079365079363,0.0,2.083333333333333,0.0,4.583333333333333
713.0506528544842,141.40106427441953,199.64982574686522,122.68770416961206,136.25979947555024,104.7458106240059,93.0477314266401,103.95468954736195,23.374343249343248,71.71934546934547,48.08516694033935,74.34054834054834,44.71847943722943,17.156791125541126,19.22336691086691,149.27345409220408,28.766990806464488,52.73566221360339,41.31740857182034,117.09502765752765,27.599308099308097,68.94607293291503,34.81481481481482,30.375534188034187,81.30293317793317,96.76901217690691,30.607644207644206,37.39276872365107,6.418803418803418,13.796062869592282,8.236069486069486,57.03069061644643,52.680703297963355,0.41666666666666663,6.990390600684718,8.626984126984127,16.033234126984127,11.081908831908832,6.736111111111111,4.523809523809524,23.117953805453805,0.5925925925925926,16.648580586080584,29.451048149190562,9.857142857142856,8.280830280830282,2.079124579124579,4.3809523809523805,34.35905760905761,21.524251722652885,30.916666666666668,3.388888888888889,36.677859177859176,24.082308173778227,0.5555555555555556,4.277777777777778,0.8333333333333333,6.0227272727272725,17.916666666666664,32.2238455988456,0.8333333333333333,2.111111111111111,2.333089668615984,8.84524959742351,0.0,1.8627450980392155,0.0,28.32792207792208,3.64693313222725,24.203703703703702,0.0,4.592105263157895,18.93411490470314,33.28701391201391,8.84524959742351,3.698412698412698,0.0,4.111111111111112,0.0,0.25,7.5380869130869135,0.16666666666666666,0.0,6.666666666666666,5.0,0.2777777777777778,4.028540903540903,1.25,9.666666666666666,0.0,0.7878787878787878,0.0,0.3333333333333333,2.8673361522198735,0.5,1.4777777777777779,0.19115574348132489,1.0437710437710437,32.168375484164955,0.9523809523809523,0.0,0.47619047619047616,0.0,0.0,1.911557434813249,0.0,0.19115574348132489,7.147522884751987,0.0,0.6904761904761905,0.19115574348132489,0.0,0.19115574348132489,0.30303030303030304,0.19115574348132489,0.19115574348132489,1.349206349206349,2.2222222222222223,0.0,22.58149629008762,3.333333333333333,0.0,0.0,0.0,1.4786324786324785,0.0,4.924603174603175,0.0,0.0,1.534188034188034,0.8035714285714286,1.6,0.17543859649122806,0.0,0.0,15.690476190476188,0.1388888888888889,0.0,0.0,0.5555555555555556,0.0,0.0,0.0,5.432900432900433,0.0,2.4603174603174605,1.9166666666666665,0.9583333333333333,7.095238095238095,0.0,0.0,0.1282051282051282,0.15625,2.89766081871345,0.0,1.5922619047619047,1.2777777777777777,0.0,0.0,1.6764855514855515,1.3333333333333333,1.4166666666666665,3.0512820512820515,0.30303030303030304,0.0,0.35185185185185186,0.0,0.0,0.0,0.0,3.941137566137566,0.0,0.0,6.2348057644110275,0.18518518518518517,0.0,8.666666666666666,0.0,0.0,0.0,13.723304473304474,0.0,0.0,0.0,0.25,0.2564102564102564,9.214129072681704,0.0,5.909090909090909,6.736111111111111,0.0,0.0,0.0,0.0,0.15151515151515152,0.0,0.0,2.6666666666666665,0.8101851851851851,0.5
1629.4508843786155,97.16149003461034,756.6344935430338,403.58024614274615,305.95631914381914,177.4664923039923,1353.4648208273209,403.69416826559683,86.13023088023088,218.7984126984127,73.95436507936508,499.0350766354648,263.11301707551706,128.01239316239315,49.40555555555555,154.1225954071155,44.90509259259259,415.01398176986413,500.7898342126283,312.1762566137566,105.08797557231061,267.26516793391795,351.34930083144366,516.8852973007384,501.9424311799312,96.48544075749957,92.20767195767195,191.1315712065712,237.54549631654893,120.45929024679025,100.97575184477358,150.82170017804694,27.4375,47.98710317460317,24.96527777777778,8.958333333333334,66.96307997557997,497.1658249158249,164.49166666666667,32.72101370851371,1398.5835893373937,601.2446619403141,18.132936507936506,49.81592712842713,23.333333333333332,255.25892857142856,917.9657287157287,624.6492211492211,50.98313492063492,23.523046398046397,72.55435305435306,26.50208125208125,23.346230158730158,79.2172619047619,6.428571428571429,53.226190476190474,8.333333333333332,29.379960317460316,1.1666666666666665,5.833333333333333,292.0435185185185,94.76551226551226,35.706654456654455,3.452380952380952,89.77812049062048,8.852777777777778,43.33186026936027,575.4421897546897,74.48252765752765,46.959920634920636,374.64339826839824,5.125,214.39021164021165,6.224206349206349,3.452380952380952,23.19047619047619,7.384615384615385,72.53306878306879,12.422619047619047,118.2478354978355,89.34126984126983,18.608730158730157,8.68574481074481,2.7777777777777777,4.830735930735931,28.472440763745112,14.427370423693953,10.333333333333332,17.25,106.74278499278499,110.9652269027269,58.28330928330928,17.15793650793651,2.9661239495798317,41.682539682539684,36.47936507936508,0.19774159663865545,217.623556998557,0.0,16.910714285714285,35.7384768009768,0.0,0.0,39.866402116402114,1.9774159663865547,9.11111111111111,0.19774159663865545,3.0555555555555554,11.67989417989418,0.8055555555555556,0.19774159663865545,21.96969696969697,0.19774159663865545,0.512987012987013,0.19774159663865545,0.19774159663865545,9.305555555555555,0.710955710955711,59.22519008769009,15.507936507936508,22.02922077922078,16.833333333333332,309.93252765752766,13.182539682539682,19.242898913951546,11.916666666666666,13.032323232323233,0.0,16.660714285714285,11.645791245791246,3.8809523809523805,6.23076923076923,46.35290404040404,20.7003367003367,36.739087301587304,1.25,29.47222222222222,10.015873015873016,139.41865079365078,44.611111111111114,2.238095238095238,10.753968253968253,7.9034391534391535,14.895909645909645,17.07142857142857,39.72222222222222,2.051282051282051,1.0256410256410255,0.0,12.583333333333334,8.666666666666666,2.9166666666666665,2.0,0.47619047619047616,13.895833333333332,10.833333333333332,0.47619047619047616,0.0,0.0,24.922619047619047,2.5,0.0,0.41666666666666663,4.0,2.0,1.976190476190476,0.0,11.517094017094017,4.404040404040404,15.0,4.027777777777778,0.5,2.0,19.833333333333332,7.185185185185185,16.452380952380953,0.0,12.555555555555555,4.527777777777778,0.0,0.0,0.0,1.1515151515151514,0.625,10.357142857142858,7.828703703703704,1.25,0.0,20.0,1.25,10.0,5.476190476190476,14.583333333333332,0.0,0.0,16.041666666666664,0.0,91.11868686868686,5.0,5.833333333333333
10929.504237962616,147.1195063923005,2633.513892643304,1411.0803422422987,3198.6798456173456,1983.2625504125504,7428.247855113296,865.8266548266548,662.3324436528384,2077.9293769683477,164.34629953379954,3425.122977390257,2420.9238936745514,427.8238243238243,237.64907453657455,528.3601933326198,511.74415902724724,845.6845447036624,5220.115571574395,3156.2936350958407,830.2743580895755,1320.7663117927823,1509.8841084024907,2366.5378250161143,1588.693788156288,446.97032841885783,869.4542448292448,1491.9245097495098,1238.4264466801906,1133.7139659088189,569.6428301368519,149.45193001443002,76.002442002442,314.71238206238206,204.069715007215,115.23829365079365,566.4225219225219,1357.848365985866,2038.6230800789624,79.80294011544011,9831.38375538334,1255.0620030278758,241.43153559403558,178.55862054612055,53.92460317460318,1574.549000074,7389.040108040108,3265.934262605586,379.6519164114752,23.464225589225588,129.48704906204907,197.71874583749582,178.68386243386243,566.1367284676109,25.664682539682538,74.15454545454546,15.406926406926408,203.85623173123173,18.317989417989416,14.792735042735043,1607.9223572723572,445.59960317460315,285.2123617123617,30.684523809523807,677.4649173438647,19.74587912087912,437.4857052669553,1132.4471477596478,240.09878084878085,257.8262987012987,1545.2391483516483,51.53083028083028,446.48984115013525,48.20248917748918,27.628968253968253,84.4796384901648,34.72222222222222,622.1857633107633,42.21730769230769,799.2959054834055,384.02760942760943,93.69642857142857,175.04761904761904,30.458333333333332,32.45614061864062,369.3446088734132,100.67053589112412,23.797619047619047,61.760416666666664,611.0833553021052,632.9574735449735,120.60905020905021,148.96655242905243,23.13985563985564,353.80911495911494,179.4229992229992,1.4315459315459316,977.9837940811625,0.625,60.35239156268568,214.5103116722682,15.0,34.666666666666664,85.33564814814815,16.315459315459314,67.20526695526695,1.4315459315459316,13.531746031746032,86.2478835978836,22.27777777777778,1.4315459315459316,171.9546657046657,1.4315459315459316,16.180555555555557,1.4315459315459316,1.4315459315459316,49.043109668109665,14.597222222222221,1681.3561506561507,91.38547733619168,397.39180884475,110.89850427350427,1192.479992610875,8.5,122.55325711292136,123.37999037999037,58.58333333333333,80.45870795870796,66.9047619047619,56.345867789617785,13.94047619047619,22.903138528138527,179.12248625597914,140.44430569430568,309.92669552669554,0.3571428571428571,152.50992063492063,43.598544973544975,982.8259115884116,142.90167887667886,6.111111111111111,25.62109867256926,57.91269841269841,163.30487954074908,129.35165945165946,205.26060606060605,72.3056931701433,36.15284658507165,11.691666666666666,61.4990342990343,53.0970695970696,7.787501713972302,20.916666666666668,0.25,86.84285714285714,9.455808080808081,29.458333333333332,5.0,10.226190476190474,59.198977873977874,119.34108946608946,0.8705357142857142,2.9166666666666665,140.95343545343545,2.436868686868687,10.708333333333332,17.90132615132615,65.65802808302809,17.087301587301585,24.34338624338624,15.055555555555555,1.1642857142857141,4.657142857142857,50.94444444444444,15.724025974025974,184.30801004551003,0.3571428571428571,27.187349687349688,68.20070207570207,13.166666666666666,0.0,1.1734006734006734,2.5757575757575757,1.3888888888888888,79.33982683982684,57.6769721019721,0.2777777777777778,0.0,0.0,0.0,44.76111111111111,12.520114942528735,71.14365079365079,48.30912698412698,9.872222222222222,130.12817460317459,0.0,216.24675789896378,10.952380952380953,3.9444444444444446
2137.8888888888887,147.36111111111111,938.9722222222222,657.6944444444445,392.06944444444446,554.5555555555555,307.5833333333333,510.4166666666667,137.54166666666666,1083.3333333333333,53.916666666666664,60.98611111111111,148.41666666666666,248.125,121.66666666666667,228.625,23.916666666666664,116.58333333333333,89.41666666666666,5.833333333333333,40.888888888888886,242.92361111111111,167.05555555555554,136.83333333333334,211.80555555555554,28.75,55.75,53.833333333333336,27.416666666666668,16.166666666666668,32.666666666666664,0.0,2.5,25.166666666666664,1.6666666666666665,5.0,111.41666666666666,34.583333333333336,8.333333333333332,5.625,45.83333333333333,164.44444444444443,6.666666666666666,489.30555555555554,66.66666666666666,164.19444444444446,11.11111111111111,74.875,0.0,2.5,10.833333333333332,0.0,43.25,13.333333333333332,0.0,0.0,2.5,0.5555555555555556,2.5,0.0,13.333333333333332,30.0,0.0,0.0,8.333333333333332,6.666666666666666,0.0,12.5,8.0625,0.0,9.208333333333332,0.5555555555555556,0.0,0.0,0.0,2.0,0.0,0.0,21.666666666666664,0.0,0.0,0.0,0.0,0.0,1.875,0.0,0.0,8.333333333333332,0.0,0.0,1.25,0.0,3.333333333333333,0.0,0.0,15.0,0.0,5.0,0.0,0.0,0.0,0.0,55.416666666666664,2.5,0.0,1.0,0.0,0.0,32.5,0.0,0.0,5.0,0.0,0.0,0.0,0.0,0.0,0.0,0.0,0.0,0.0,20.0,13.333333333333332,7.5,0.0,16.11111111111111,0.0,0.0,3.6666666666666665,0.0,0.0,0.0,0.0,0.0,1.6666666666666665,0.0,0.0,0.41666666666666663,0.0,3.333333333333333,0.0,7.5,0.0,0.0,0.0,2.083333333333333,0.0,0.0,0.0,5.0,12.5,0.0,0.0,0.0,0.0,0.0,0.0,0.0,5.5,0.0,0.0,0.0,0.0,0.0,0.0,6.0,0.0,0.0,0.0,0.0,0.0,0.0,0.0,0.0,0.0,2.5,0.0,5.0,0.0,5.0,0.0,0.0,0.0,0.0,0.0,0.0,0.0,0.0,0.0,0.0,0.0,0.0,1.0,0.0,0.0,0.0,0.0,0.0,0.0,0.0
2439.723665223665,79.04761904761905,1257.9375,455.44444444444446,242.88888888888889,382.30555555555554,584.186507936508,687.5542328042328,179.0,874.375,52.83333333333333,217.34920634920636,375.51388888888886,382.90277777777777,257.4087301587301,70.58333333333333,22.916666666666664,365.22222222222223,60.72222222222222,9.722222222222221,156.55555555555554,572.8541666666666,103.33333333333333,313.44444444444446,564.9166666666666,454.59722222222223,194.94444444444443,100.91666666666667,40.611111111111114,168.15277777777777,53.15277777777778,5.0,0.0,33.02777777777778,1.6666666666666665,5.666666666666666,42.77777777777777,63.214285714285715,9.0,0.0,155.97222222222223,605.6944444444445,27.5,140.046626984127,344.3333333333333,124.75,5.0,94.25,8.833333333333332,2.5,10.833333333333332,1.25,65.27777777777777,4.166666666666666,1.25,3.333333333333333,0.0,3.4722222222222223,0.0,0.0,10.481481481481481,5.833333333333333,0.0,0.0,25.833333333333332,1.0,1.6666666666666665,2.5,70.09027777777777,8.333333333333332,20.291666666666664,11.38888888888889,0.0,19.166666666666664,0.0,14.5,0.0,0.0,6.011904761904761,6.666666666666666,5.0,0.0,0.0,0.0,7.916666666666666,26.666666666666664,5.0,5.277777777777778,0.0,6.111111111111111,0.0,9.166666666666666,3.333333333333333,0.0,0.8333333333333333,7.5,0.0,33.611111111111114,5.649350649350649,14.166666666666666,7.472222222222221,0.0,6.666666666666666,0.0,0.0,3.5,0.0,0.0,9.666666666666666,0.0,0.0,14.999999999999998,0.0,0.0,0.0,0.0,0.0,0.0,15.0,0.0,0.0,207.91666666666666,5.0,25.333333333333332,0.0,64.93055555555556,0.0,0.0,27.333333333333332,0.0,0.0,0.0,0.0,0.0,5.0,0.0,9.305555555555555,17.36111111111111,11.25,0.0,0.0,0.0,0.0,0.0,5.0,0.0,0.0,0.0,0.0,0.0,2.5,9.166666666666666,0.0,0.0,3.4166666666666665,0.0,0.0,0.0,6.0,0.0,0.0,0.0,0.0,0.0,3.3333333333333335,5.166666666666666,0.0,0.0,5.0,0.0,0.0,0.0,0.0,0.0,0.0,0.0,0.6666666666666666,0.0,0.0,0.0,0.0,0.0,0.0,0.0,0.0,10.0,0.0,0.0,0.0,0.0,0.0,0.0,11.0,0.0,0.0,0.0,0.0,0.0,0.0,0.0
5861.775056961197,446.88692930552173,3166.4408361047153,1442.7109531341673,1500.0693004809098,1376.8884730698805,1561.5845403939759,1724.8731326330064,1115.2214858871205,605.190448701257,235.50812071526357,1123.435891532215,872.5777901525801,626.5722581923212,570.8836545399046,764.6010454492597,409.8996274267283,720.5021608643457,1544.150172507354,566.9096786150358,202.28476368791493,793.0874036859663,1129.233061631801,689.9514257745792,2002.5655281557067,388.09866441188143,285.50436335178983,603.2268490156869,463.4046785380819,170.25605703819988,419.84333761128875,296.2116316489381,44.48872823174065,388.9890333010674,39.08936202686203,35.28457190957191,230.03013904208066,113.5667796489225,65.57820512820513,77.20007836079265,841.0367987054962,92.79563722925067,301.57909260052116,304.7346532435818,289.6827491952492,543.6050953991947,336.35390898783754,188.16450738415023,78.9957936204785,55.468139499389494,50.86613968819851,74.75527568253409,290.0952229533751,239.99387239744382,21.16161616161616,17.568685807656394,107.26766408194979,115.26298295541993,19.6734693877551,10.34959286745001,121.01460008245722,50.75537079633718,104.50929130393416,6.858766233766234,98.89930585287728,21.93844433655358,15.990079365079364,177.80464366982224,91.36532614211185,155.61592005489064,34.41884920634921,8.684527113098541,19.917617105117106,12.346403596403595,6.858766233766234,43.351968407695956,53.808685187361654,16.587129537129538,40.19361860905978,78.5908189033189,9.909415584415584,22.022907647907648,64.69119352869353,14.249716553287982,26.188492063492063,9.037320814106527,152.33669945250827,55.80160315874601,8.36111111111111,2.242063492063492,42.74012559569282,11.383928571428571,15.604828042328041,2.930622009569378,4.01883830455259,4.2767857142857135,0.6120414673046252,35.12558968808969,19.195578231292515,17.729314336457193,108.63361407111407,0.375,42.67619047619048,14.290022015022014,1.9537480063795853,17.124098124098122,1.4453748006379585,10.75,31.87593795093795,94.84789181406829,0.19537480063795853,13.094954648526077,0.19537480063795853,12.288740344622697,0.19537480063795853,0.19537480063795853,219.60300116550115,1.25,98.64007421150278,3.9460579103436246,2.25,42.95833333333333,29.50660173160173,57.76785714285714,8.444624819624819,31.299100700886413,88.34619408369409,29.082152649242527,36.16137566137566,14.087319624819624,58.745115995115995,51.84129065379065,45.76182151182151,25.928571428571427,45.791306907378335,9.208333333333332,7.053571428571429,7.967712842712842,13.142079411816253,5.2100340136054415,8.38095238095238,17.929241393527107,22.584677227534367,29.386882958311528,52.236467236467234,19.419823232323232,1.0,0.5,12.92032967032967,6.952380952380952,37.21872208479351,10.185730935730936,0.0,3.8304552590266874,7.236309523809523,3.1190476190476186,16.023809523809522,64.8023088023088,55.6639602461031,1.5101010101010102,24.5,3.6682330827067666,0.9126984126984127,7.333333333333333,32.868145743145746,7.25,2.122874149659864,49.13596126096126,22.338786213786214,24.48271173271173,2.5066738816738816,0.0,0.0,10.438543863543863,0.12987012987012989,10.248015873015873,1.316326530612245,37.60515873015873,73.33322365465223,5.7703081232493,3.375,0.3710575139146568,2.4475108225108224,28.35551948051948,27.8364220435649,17.120628554452082,0.4545454545454546,2.380952380952381,0.7142857142857142,1.25,2.0238095238095237,5.752616431187859,2.2777777777777777,17.90552503052503,0.0,0.9950396825396826,2.1547619047619047,0.5,0.18518518518518517,0.8333333333333333
1289.4328311858296,188.93683101259828,554.9347943722944,102.95550745550746,124.90975721138764,76.7768759018759,174.89681152181151,182.90356180111598,50.78373015873016,93.90343915343915,288.81705712588064,48.269751082251084,64.69029581529581,238.84623015873015,77.59827672327673,103.9230891105891,27.644522144522142,134.9180842305842,170.08907065157064,72.39583333333333,123.18296055796056,125.51599326599326,79.28532578532578,89.13778582528582,22.256493506493506,35.36515567765568,100.09428303178304,102.20436507936508,18.646825396825395,47.091220548457386,8.470238095238095,35.99693362193362,21.56547619047619,10.238095238095237,19.569444444444443,27.532467532467532,24.335266585266584,11.142191142191141,147.61071567321568,9.055555555555555,50.75,27.430555555555554,39.583333333333336,15.04156010230179,10.791666666666666,2.208333333333333,22.898809523809522,92.44805194805194,40.35515873015873,15.534382284382284,6.765873015873015,21.107371794871796,19.99537037037037,17.40079365079365,4.25,30.253174603174603,5.7142857142857135,3.5,4.178571428571429,12.1875,35.48621721415839,0.3571428571428571,0.41666666666666663,3.2182539682539684,0.7142857142857142,4.731601731601732,1.3888888888888888,0.0,7.916666666666666,2.5,41.3937908496732,13.279220779220777,22.99404761904762,1.4074074074074074,2.5515873015873014,7.104166666666666,5.7125,2.7976190476190474,3.0,8.13095238095238,3.333333333333333,0.7692307692307693,0.7142857142857142,2.361111111111111,0.0,3.5256410256410255,3.511904761904762,0.0,3.2738095238095237,0.5555555555555556,1.4285714285714284,1.4285714285714284,10.0,25.4453435355238,32.55952380952381,0.5208333333333333,1.664610203955555,0.625,12.121494355317886,0.0,1.1111111111111112,39.55555555555555,0.0,0.0,16.64610203955555,24.126050420168067,1.664610203955555,0.2777777777777778,0.0,3.333333333333333,1.664610203955555,0.8333333333333333,1.664610203955555,4.444444444444445,1.664610203955555,1.664610203955555,24.88227513227513,3.333333333333333,14.369047619047619,1.3715794009911657,67.49603174603175,0.0,0.0,0.6000000000000001,0.0,0.0,45.785443722943725,29.09090909090909,5.972222222222222,0.625,0.0,7.336080586080586,7.777777777777778,0.0,0.0,18.08916900093371,8.666666666666666,0.6944444444444444,26.231150793650794,0.8333333333333333,0.41666666666666663,0.0,8.142857142857142,52.80952380952381,0.0,4.696969696969697,1.880952380952381,0.9404761904761905,1.25,0.0,0.0,2.507177033492823,6.416666666666666,4.333333333333333,0.0,11.172619047619047,0.0,17.648809523809522,0.8333333333333333,0.0,16.686507936507937,0.9722222222222222,0.3125,3.1944444444444446,4.73015873015873,1.75,9.59450796950797,0.0,0.0,0.0,0.0,0.3571428571428571,1.4285714285714284,8.680555555555555,2.6388888888888884,13.913419913419913,6.694444444444445,0.0,0.0,0.0,21.29435107376284,0.0,0.41666666666666663,2.071428571428571,1.6666666666666665,0.3571428571428571,3.214285714285714,6.696428571428571,6.388888888888888,14.797619047619047,0.0,15.730457995163876,0.0,0.0,0.7407407407407407,0.8333333333333333,2.5548245614035086,0.0,3.482142857142857,0.0
1926.8549874145463,369.93317053317054,293.06421356421356,230.88071487336194,250.50073358669448,167.40928978428977,74.56115779645191,351.36435296729417,65.84065934065934,97.36111111111111,85.11536316800374,105.47619047619047,99.07142857142857,45.38528138528138,26.669642857142858,48.63095238095238,233.1255618756691,71.51129426129425,39.13095238095238,10.761904761904761,18.333333333333332,11.666666666666666,13.61111111111111,35.96825396825397,109.6482683982684,0.7142857142857142,98.34523809523809,20.60064935064935,20.0,2.019230769230769,106.17460317460318,21.879648129648128,23.391666666666666,2.5,21.72222222222222,10.122549019607844,21.0,0.0,14.398148148148149,2.0,1.25,34.0,59.824175824175825,2.212121212121212,12.38095238095238,1.4285714285714284,0.0,0.0,7.5,32.450980392156865,30.333333333333332,28.230158730158728,0.0,11.333333333333332,0.0,3.0,0.6060606060606061,0.3571428571428571,21.38888888888889,21.11904761904762,5.0,10.0,1.6666666666666665,23.41269841269841,0.0,4.5,1.0,3.333333333333333,0.0,0.0,0.0,0.0,0.0,0.0,23.41269841269841,0.7692307692307693,0.37037037037037035,0.0,0.0,0.0,0.625,0.0,0.0,12.19047619047619,0.0,0.0,0.5555555555555556,0.0,2.8571428571428568,0.0,0.0,0.0,2.5,19.6683608349315,0.0,0.0,1.3112240556621002,0.0,457.92532467532465,0.0,0.0,45.0,0.0,0.0,13.112240556621002,0.0,1.3112240556621002,12.666666666666666,0.3333333333333333,0.3125,1.3112240556621002,0.0,1.3112240556621002,0.0,1.3112240556621002,1.3112240556621002,0.07352941176470588,0.0,0.0,6.764705882352941,30.0,0.0,4.0,11.538461538461538,5.0,0.0,0.0,0.0,0.0,0.0,24.369047619047617,1.25,0.0,0.0,0.0,12.5,2.0,0.6666666666666666,0.0,10.0,0.0,0.0,0.0,0.0,0.0,0.0,0.0,0.0,4.222222222222222,0.0,0.0,0.7142857142857142,2.0,0.5,0.0,0.0,3.333333333333333,2.8571428571428568,0.0,0.0,2.954545454545454,1.4285714285714284,1.4285714285714284,0.0,0.0,0.0,2.2916666666666665,0.0,0.0,3.333333333333333,0.0,0.0,0.0,1.6666666666666665,6.666666666666666,0.0,34.869288119288115,0.0,0.0,0.0,0.0,1.0714285714285712,17.732847437220503,8.98989898989899,8.333333333333332,0.0,0.0,0.6666666666666666,15.833333333333334,111.73179271708683,0.0,0.0,0.0,0.0,0.0,0.0,0.0,0.0,0.0,0.0
21895.45751516382,554.0860170797146,2127.010070434545,4761.3589701420515,6459.519788938763,2121.038606417703,7591.238372863996,4923.492230829543,2770.4309860074563,2584.025522661431,1026.5796222296221,6019.351935402454,3158.870827850026,1501.8542594316586,833.6884069974859,1392.6602114446155,1010.6419003615432,1555.1656941370177,4335.490642667323,2646.9488175397737,799.8270775520775,2584.27788931207,1739.4864817942198,1961.4655491577485,2016.1677390581767,2837.4345451506165,1115.6913887038886,1225.6744863445522,3005.506630728819,1262.8935386443245,891.3883034954463,1569.8918822372252,889.1439107189107,381.22751860712384,104.19917304917304,609.4686327561327,1415.0132747543462,2829.6652220950496,1939.2057157011989,544.9651709401709,6445.3094634124045,992.7483314831438,203.06500893286608,400.0825938576878,23.806547619047617,972.9754624654344,4099.038637981378,3590.6031384737266,715.3179046683705,207.77896062271063,184.61418541775683,937.5494077559866,355.85924242424244,862.5126905501905,537.6509393384393,321.2765567765568,11.291666666666666,149.29285714285714,68.41054547304547,18.76190476190476,1982.0357725607726,369.1861111111111,66.55140692640693,16.24296536796537,1309.9239938180726,125.76488095238095,357.34773004773,1618.9171553975125,260.1885596546311,794.9109353609354,1162.0843764040192,61.25396825396825,607.6110718529836,102.57739898989898,7.076298701298701,581.8192307692308,92.43253968253968,388.7053798053798,60.73436979686979,496.07367909867907,706.6128066378066,168.49554988662132,119.7194856730571,3.4444444444444446,168.30547138047137,609.5341945961306,238.84724717004127,24.86111111111111,101.03382034632034,470.12787174985317,383.12594627594626,75.45840455840455,107.93369408369408,29.39614661654135,530.1947207032733,377.83859176190003,1.9597431077694236,553.7090738548721,15.858974358974358,203.71429542679542,104.73282828282828,2.9365079365079363,12.01388888888889,64.84919346526489,19.597431077694235,66.04956538170823,2.9597431077694236,108.73113275613275,44.02641895141895,27.13095238095238,1.9597431077694236,90.269523994524,1.9597431077694236,67.25884480586492,1.9597431077694236,1.9597431077694236,24.003525046382187,60.447330447330444,1100.1135406260405,245.33110180049835,278.93870639164754,73.28888888888889,570.9988455988456,0.0,161.32764874014873,66.15608465608466,34.714285714285715,62.339119214119215,76.93036315536315,105.13942852638505,55.8492377992378,19.832001332001333,553.1947057572057,138.12838246409675,185.42876984126983,3.4761904761904763,170.09408646908648,58.31029387279387,1100.5738733488733,141.32694805194805,47.33730158730158,36.21547619047619,10.333333333333332,494.89173118548115,150.58460111317254,100.17231979490043,87.71842046842046,42.22726578976579,4.169841269841269,98.98080808080807,150.95624468124467,10.916666666666666,24.70595238095238,8.465986394557822,53.95955988455988,131.19859307359306,12.763888888888888,30.49206349206349,1.4285714285714284,120.3626984126984,197.32752525252525,0.0,2.333333333333333,54.42765567765568,36.78896103896104,55.05555555555556,10.206529581529582,150.39735449735448,33.390151515151516,60.083333333333336,61.47896825396825,4.593689643689643,18.374758574758573,182.17718392718393,63.33525733525733,291.65897131191247,5.275210084033613,39.617140795712224,128.97438672438673,0.0,0.625,4.5,7.947330447330447,8.812441643323996,29.041666666666664,36.91810134310134,10.694444444444443,32.507936507936506,5.0,0.6666666666666666,5.0,5.505844155844156,113.23492063492063,16.461904761904762,2.0,57.67480158730159,37.05357142857143,45.59716810966811,0.8333333333333333,2.0
1895.440343550212,295.43670634920636,762.5019841269841,378.56574074074075,1013.9791777666777,632.6664261664262,178.84357864357864,1604.4912518037518,483.44537037037037,694.6145382395382,458.54825036075033,236.89285714285714,161.760582010582,479.9263888888889,124.70238095238095,204.3469044844045,44.37047397047397,266.61206709956707,79.34126984126983,102.46978715728716,65.66809579309579,171.14170042920043,59.625,119.2375,327.76666666666665,392.4732142857143,113.6103896103896,69.04523809523809,86.52539682539683,89.16753663003664,91.81349206349206,144.73888888888888,66.85912698412699,10.733333333333334,34.506421356421356,8.5,104.21746031746032,48.74825036075036,44.26587301587301,37.25,47.44212962962963,25.653846153846153,44.75,22.67116402116402,105.52020202020202,12.958333333333334,9.194444444444445,43.86370851370852,44.166666666666664,65.41666666666667,9.152777777777779,43.84722222222222,32.307539682539684,5.416666666666666,32.416666666666664,11.458333333333332,16.355555555555554,27.5,18.825,5.645833333333333,169.26984126984127,39.61904761904762,8.0,1.0,20.61904761904762,11.095238095238095,29.027777777777775,19.166666666666668,34.02078754578755,4.5,4.5,11.107142857142858,30.202380952380953,9.666666666666666,1.0,22.13095238095238,12.666666666666666,1.0,10.06959706959707,35.02777777777778,17.5,5.425925925925926,2.888888888888889,10.833333333333332,23.3,16.15,19.30952380952381,1.6666666666666665,3.388888888888889,17.625,9.066666666666666,52.0,2.5,5.540485500162919,25.416666666666668,31.062207602339182,0.3693657000108613,11.666666666666666,0.5,2.8571428571428568,2.5,93.48412698412699,5.416666666666666,2.0,3.6936570001086126,9.745238095238095,0.3693657000108613,0.0,6.25,2.0,0.3693657000108613,12.916666666666666,0.3693657000108613,14.916666666666666,0.3693657000108613,0.3693657000108613,4.666666666666666,4.0,45.0,5.7142857142857135,0.0,0.0,0.0,0.5,2.0,0.0,12.616792929292929,4.545454545454546,1.6388888888888888,2.458333333333333,5.2444444444444445,5.416666666666666,84.93650793650794,5.944444444444445,43.083333333333336,0.7142857142857142,2.5,0.5,11.222222222222221,7.0,0.0,5.0,0.7142857142857142,13.809523809523808,11.0,0.0,6.333333333333333,3.1666666666666665,2.5,2.5,10.65,1.0,10.666666666666666,1.3333333333333333,0.787037037037037,3.9305555555555554,1.0416666666666665,0.8333333333333333,0.0,9.166666666666666,0.7142857142857142,0.0,13.772727272727273,13.125,0.0,12.916666666666666,0.0,5.833333333333333,0.0,0.0,0.0,1.2083333333333333,4.833333333333333,0.20833333333333331,0.5555555555555556,1.25,1.4714285714285713,5.555555555555555,0.0,0.8333333333333333,2.0535714285714284,0.0,7.583333333333333,4.625,0.0,2.9333333333333336,1.875,0.8333333333333333,0.0,0.0,1.6666666666666665,2.0,0.6666666666666666,5.0,5.0,0.8333333333333333,0.625,0.8333333333333333,0.0,0.0
7441.354903321079,350.8620268620268,4028.1714779501544,1718.0823065823065,1289.704365079365,1520.8224206349205,1272.2017565767565,2918.8589947089945,945.7022992530345,2075.929700854701,430.3720503352856,1281.5079374329373,1061.4563492063492,1550.1346351361058,678.6728174603174,422.274537037037,136.96130952380952,1073.9242063492063,356.55357142857144,55.12698412698413,484.33412698412695,1237.3037698412697,579.5882936507936,1067.954365079365,915.7337301587302,987.2392399267399,297.15476190476187,415.7420634920635,114.08928571428571,307.9404761904762,160.80555555555554,59.63464052287581,44.76587301587301,256.91793345543346,37.797619047619044,92.49087301587302,175.0033068783069,94.46388888888889,225.84126984126982,57.067460317460316,329.73898046398045,820.8154761904761,93.58333333333333,682.2159451659452,1077.702380952381,844.6663729788729,211.5,329.6279761904762,48.99007936507936,17.36111111111111,45.27777777777778,16.75,243.80555555555554,38.56084656084656,62.12680375180375,6.666666666666666,75.31349206349206,47.56372549019608,27.22222222222222,29.666666666666668,73.81481481481481,36.47117180205416,29.06547619047619,1.3333333333333333,42.72420634920635,17.1005291005291,24.261904761904763,22.773809523809522,130.59424603174602,14.984126984126984,65.24404761904762,8.958333333333332,5.788690476190476,37.0,0.8333333333333333,14.5,2.9444444444444446,23.476190476190474,62.95177045177045,32.214285714285715,26.916666666666664,4.861111111111111,14.791666666666666,4.291666666666666,53.65972222222222,93.32142857142857,9.375,107.26904761904761,4.257142857142856,29.944444444444443,3.375,17.311507936507937,24.63888888888889,3.186274509803922,14.970238095238093,33.01225490196078,0.2124183006535948,88.4563492063492,3.125,34.94444444444444,38.79563492063492,0.0,113.29464285714285,20.15674603174603,2.1241830065359477,10.833333333333332,0.2124183006535948,5.0,36.90277777777778,27.172619047619047,0.2124183006535948,31.11904761904762,0.2124183006535948,5.0,0.2124183006535948,0.2124183006535948,4.5,4.111111111111111,59.75,0.9375,0.41666666666666663,558.4972527472528,11.0,669.281746031746,4.819444444444445,83.48611111111111,9.375,0.0,69.22222222222221,1.1904761904761902,3.333333333333333,5.0,7.8125,0.0,6.666666666666666,0.0,16.17063492063492,19.535714285714285,15.154761904761905,3.476190476190476,11.5,3.9166666666666665,2.1666666666666665,0.625,29.15277777777778,7.25,3.795518207282913,1.8977591036414565,0.0,10.958333333333332,17.61904761904762,31.97222222222222,0.8333333333333333,1.0317460317460316,9.916666666666666,0.0,0.0,5.0,79.32738095238095,5.5,0.0,0.0,17.94642857142857,1.9583333333333333,10.958333333333334,4.333333333333333,0.0,2.136904761904762,8.42483660130719,0.0,0.0,0.0,0.0,0.5555555555555556,0.5,15.666666666666666,0.0,4.869047619047619,0.0,28.819444444444443,1.25,0.0,0.0,0.0,1.0,10.038888888888888,1.6666666666666665,0.0,1.3227513227513228,0.0,3.6706349206349205,0.0,13.458333333333332,6.357142857142857,0.7142857142857142,4.761904761904761,0.5357142857142856,7.5,0.0,39.583333333333336
1660.490656145969,135.876129384682,915.5320957111996,463.890155728391,537.9245089276048,342.5504510040224,610.0530683602112,602.4462803426762,144.40280109324226,198.23229079121936,77.34606625258799,298.1662275662276,190.9626678876679,165.90521134143845,92.89097985347985,141.71464646464645,197.58688933615403,285.3439137129927,261.0950307733202,262.31611999112,44.76235380116959,207.0182585932586,112.92763347763348,352.625863585732,362.40703463203465,56.52567987567988,43.93998593998594,66.93988973988974,54.22390016140016,57.46482776482776,15.768703640414167,286.0487726231938,39.86600972127288,35.23968253968254,21.628186628186626,17.980158730158728,41.989850427350426,61.9115225052725,50.79991813741814,64.43366402116402,639.1079579733992,30.1133658008658,64.56178880643166,44.55759055759056,6.833333333333333,109.01216640502355,388.2607434893149,100.69315776815776,35.357549857549856,5.333333333333333,28.525036075036073,31.051012450025606,68.61215304303539,18.413095238095238,2.376068376068376,6.311111111111111,2.588235294117647,29.765811965811963,11.803559403559403,7.777777777777777,75.23120490620491,29.02665528915529,69.12312687312686,4.513227513227513,80.53403976975406,29.27941176470588,35.86173317423317,58.19145299145299,19.466269841269842,23.184126984126983,27.6010101010101,1.3846153846153846,20.904761904761905,54.74604562104562,4.513227513227513,17.816161616161615,4.285714285714286,13.877881377881378,19.566666666666666,9.079365079365079,4.16031746031746,3.543072424651372,22.72356532356532,11.952380952380953,21.42795815295815,11.708333333333332,63.8684385789649,7.185897435897436,5.333333333333333,2.922222222222222,7.746031746031746,8.058441558441558,14.92110177404295,9.30650489861016,12.820565907522429,9.0,0.6204336599073441,6.162393162393163,2.8472222222222223,0.5,5.75,2.6917989417989414,9.114285714285714,16.04629120879121,6.204336599073441,8.179824561403509,0.6204336599073441,2.008771929824561,3.147222222222222,0.0,0.6204336599073441,4.633311133311133,0.6204336599073441,0.25,0.6204336599073441,0.6204336599073441,45.38152958152958,12.0515873015873,49.90530303030303,19.21511627906977,23.166666666666664,15.185568086883876,4.066666666666666,2.5,23.385836385836384,1.3982683982683983,6.538888888888889,5.492424242424242,2.8333333333333335,1.1142857142857143,31.060064935064933,4.95970695970696,6.933982683982683,32.437796122006645,4.301587301587301,0.8333333333333333,8.333333333333332,0.3333333333333333,18.444444444444443,2.888888888888889,6.666666666666667,0.9494949494949495,4.444444444444445,4.166666666666667,3.370927318295739,15.606060606060606,0.0,0.0,3.9005847953216373,1.1458333333333333,6.285714285714286,4.324915824915824,3.5,2.7777777777777777,1.5666666666666667,1.125,0.0,4.444444444444445,2.4,2.746031746031746,9.000108225108225,1.562523258904838,0.0,1.3636363636363638,0.0,3.4166666666666665,2.1818181818181817,49.675216450216446,0.6785714285714286,67.70060541310541,18.13888888888889,1.2261072261072261,4.9044289044289044,3.4285714285714284,1.7045454545454546,4.396520146520146,0.43466223698781836,0.0,7.972027972027972,1.3333333333333333,0.8333333333333333,0.19607843137254902,6.111111111111111,1.0,15.902777777777777,0.4722222222222222,0.0,18.253968253968253,10.338910338910338,4.583333333333333,0.9,4.186046511627907,1.9999999999999998,0.0,0.0,2.5,0.08333333333333333,0.9166666666666666,0.0,0.0
961.9910025785025,204.87565675065673,178.60069444444443,205.93395262145262,308.39735937377924,309.6957671957672,246.1842833092833,122.95479232979233,122.33850408850408,184.4334458530887,45.4192420620992,208.79023427552838,17.978835978835978,46.670482295482294,90.62770562770562,119.61540195915195,70.1931477498161,105.22269572269572,60.01327838827839,126.84375537316714,21.57142857142857,146.4163961038961,46.17195767195767,44.17857142857143,185.27777777777777,130.16524943310657,51.895604395604394,148.4365981240981,19.444444444444443,13.75,19.65277777777778,40.83366402116402,97.50883838383838,10.333333333333334,34.18650793650794,37.30555555555556,16.19191919191919,23.623015873015873,97.40007215007215,65.86327561327562,50.416666666666664,3.333333333333333,8.833333333333332,16.916666666666664,55.82761437908496,20.555555555555557,4.055555555555555,7.351648351648351,0.0,8.825757575757576,10.972222222222221,5.317460317460317,23.891233766233768,3.333333333333333,21.25,35.48412698412698,35.22222222222222,3.5,21.52777777777778,19.039682539682538,8.07857142857143,12.666666666666666,1.6666666666666665,5.615079365079365,19.666666666666664,1.0,0.0,6.666666666666667,16.923076923076923,1.0,0.0,0.0,76.50153318903318,45.27380952380952,5.615079365079365,0.0,6.428571428571429,0.0,0.9090909090909092,1.8803418803418803,5.238095238095237,13.333333333333332,1.4285714285714284,28.417748917748916,1.6666666666666665,0.18518518518518517,4.999999999999999,10.5,5.0,7.333333333333333,2.7272727272727275,3.75,1.6666666666666665,12.804054054054054,0.8333333333333333,1.0,0.6869369369369369,0.0,14.14153439153439,0.0,2.121212121212121,86.29797979797979,0.0,0.0,8.86936936936937,0.0,0.6869369369369369,1.25,0.0,0.625,0.6869369369369369,0.0,0.6869369369369369,11.11111111111111,0.6869369369369369,0.6869369369369369,5.0,7.888888888888888,0.0,2.5,7.777777777777778,3.3333333333333335,0.0,6.666666666666666,13.055555555555555,0.0,2.8571428571428568,21.3510101010101,0.0,0.0,0.0,0.37037037037037035,0.0,1.6666666666666665,6.222222222222222,31.383044733044734,3.333333333333333,0.0,1.6666666666666665,9.166666666666666,3.333333333333333,0.0,9.357142857142856,1.6666666666666665,5.0,0.0,4.107142857142857,2.0535714285714284,2.2222222222222223,0.0,0.0,0.0,1.6666666666666665,0.0,0.0,0.0,15.454545454545455,0.0,0.0,0.0,6.666666666666666,0.8333333333333333,12.851851851851851,3.333333333333333,0.0,2.5,0.0,0.0,0.0,6.428571428571429,0.0,4.3436147186147185,17.374458874458874,0.0,0.0,0.7142857142857142,0.23809523809523808,0.0,1.0,8.88888888888889,132.765873015873,0.0,12.708333333333334,142.35515873015873,0.0,0.0,0.0,0.0,7.5,12.777777777777779,0.0,0.0,0.8333333333333333,0.0,26.666666666666664,0.0,0.0,0.0,0.0,20.27777777777778
5859.072262397471,679.0362477573943,818.1457593332593,1692.2913065770208,1456.3580178523787,3550.0484706915754,3901.3384211751145,2473.072447028744,1145.2044944090997,624.6050340776927,744.0587482269405,2482.231527469315,804.6955388198994,1062.882286726008,333.2942821067821,1211.6503292922982,3573.6574822434295,1540.6264943017652,1395.825018467236,230.26393348714777,571.4554680140981,543.2756859717958,208.77357761286333,1284.1696645112058,1070.1801515874824,2238.3894642723976,423.84324596349524,750.2366566118855,406.5395468327191,146.19097021399654,304.43748685525003,278.967228677755,193.39195526695525,117.99648962148962,66.87056182121971,38.88690476190476,927.165404040404,539.6721400292829,620.6333819075415,279.0577200577201,446.0743228993229,161.0746336996337,55.032828282828284,147.19841269841268,103.00904490034924,287.6365397473134,717.2612926095069,1905.7779335674072,122.55148927159796,482.98472969525596,59.460959939531364,67.34955614560877,134.8512949039265,118.22982804232804,162.76785714285714,74.86156204906204,11.169552669552669,23.92063492063492,1.6367521367521367,9.886243386243386,610.4724109954373,129.96818751424013,28.370851370851373,26.891835016835017,254.09289309618256,67.78571428571428,121.11566162881952,257.2177473164868,329.7501803751804,82.83820346320346,296.2767857142857,37.0,143.4813852813853,33.56215312465312,26.266835016835017,280.1537444037444,317.39674823227455,74.8674949777891,47.87247474747475,96.83531746031746,29.550685425685426,95.75731728588872,85.53695872288309,6.333333333333333,60.83333333333333,146.05282144755827,63.691059757236225,24.434523809523807,34.05844155844156,73.5965909090909,192.04605579605578,20.791666666666664,42.32970917970918,2.027027027027027,85.09656084656085,248.12667147667148,0.13513513513513514,244.15245633995633,0.0,18.479853479853478,77.36856086856086,0.15873015873015872,4.198412698412699,34.72204878454878,1.3513513513513513,31.22640594699418,0.13513513513513514,5.476190476190476,15.622023809523808,66.64285714285714,0.13513513513513514,12.31074481074481,0.13513513513513514,20.6266835016835,0.13513513513513514,0.13513513513513514,101.13230056980056,15.555555555555555,364.16892974601785,15.959037391180248,29.833333333333332,74.87337662337661,18.734126984126984,31.666666666666664,27.101756087050205,8.892195767195767,38.75,147.35129040665416,23.53699494949495,10.804945054945055,18.574494949494948,24.40922272172272,297.90559846809845,29.769230769230766,26.1031746031746,0.0,61.36507936507936,26.76779878618114,278.1214685655475,21.626984126984127,292.8988095238095,31.343281718281716,12.11111111111111,231.79574471422296,38.29008954008954,26.166666666666664,22.87492721703248,11.43746360851624,14.53125,5.666666666666666,30.93253968253968,29.063492063492063,32.35633116883117,7.791383219954648,12.583333333333334,21.73611111111111,12.756313131313131,9.603174603174603,9.6875,137.3969548969549,13.182239057239057,0.9797979797979798,5.0,88.39502164502164,2.083333333333333,1.1111111111111112,0.0,76.79298941798942,10.054232804232804,3.095238095238095,165.24404761904762,3.594910644910645,14.37964257964258,130.5566378066378,12.322751322751323,91.8030303030303,0.0,13.055272108843537,0.0,1.0,2.2275641025641026,5.873132958659274,6.836219336219337,2.46031746031746,33.26923076923077,21.392857142857142,5.083333333333333,33.99444444444444,10.0,3.4722222222222223,10.0,10.95,7.761904761904761,11.859126984126984,0.0,29.40277777777778,6.865079365079365,0.0,5.0,0.0
542.0471238069922,10.573593073593074,77.98208273208273,143.7790404040404,59.36327561327561,27.78333333333333,30.748376623376622,269.8580327080327,22.06417748917749,88.09415584415584,11.351388888888888,34.13181818181818,34.441161616161615,70.96370851370851,6.458333333333333,9.333333333333334,13.621212121212121,53.61840659340659,17.79285714285714,58.761002886002885,3.75,7.083333333333333,17.261904761904763,9.125,28.644444444444446,140.65674603174602,62.67427248677249,25.966666666666665,5.75,161.01388888888889,40.27380952380952,51.44940476190476,3.1666666666666665,0.0,0.0,0.0,17.529761904761905,1.4285714285714284,0.0,6.958333333333333,8.095238095238095,2.0,0.0,0.625,2.5,0.0,0.0,3.9642857142857144,0.2857142857142857,20.416666666666668,0.0,0.0,7.917748917748918,5.555555555555555,0.0,0.0,1.25,3.333333333333333,3.333333333333333,0.0,4.375,10.333333333333332,1.4285714285714284,0.8333333333333333,2.0,2.0,9.5,7.0,0.0,2.0,0.0,4.0,18.875,0.0,0.8333333333333333,5.652777777777778,0.0,0.0,0.0,12.871212121212121,0.0,1.6666666666666665,2.0,0.0,6.964285714285714,2.333333333333333,0.625,0.0,5.958333333333333,2.0,0.625,4.5,0.8333333333333333,0.0,15.75,11.409808612440191,0.0,0.22222222222222224,0.0,0.0,0.0,1.25,0.0,0.0,0.0,0.0,0.0,0.0,1.25,0.0,0.0,0.0,0.0,14.9,0.0,0.0,0.0,0.0,0.0,0.47619047619047616,0.0,0.0,1.0,0.0,0.0,0.0,0.0,0.0,0.8333333333333333,0.6923076923076923,0.0,0.0,67.95454545454545,2.0,0.0,0.0,0.8,0.0,1.8888888888888888,0.0,0.0,0.0,0.0,0.0,1.0,1.25,1.3333333333333333,0.6666666666666666,0.0,0.0,4.0,0.0,9.5,0.625,0.0,0.625,0.0,0.0,0.0,0.0,0.0,0.0,0.0,19.166666666666664,0.0,0.0,0.0,0.0,0.0,0.0,0.0,0.0,0.0,0.0,0.0,0.2857142857142857,0.0,0.0,0.0,0.0,0.0,0.0,1.3333333333333333,0.0,0.0,1.6,0.0,1.0,0.0,0.0,0.0,4.285714285714286,0.0,0.0,0.0,0.0,0.0,0.0,0.0,0.0
816.4852551201235,22.535714285714285,107.67652717652717,184.77290764790763,74.2420634920635,65.7,28.117424242424242,320.06997354497355,23.31417748917749,113.86580086580086,28.549007936507937,43.81771561771561,40.27449494949495,230.95417915417914,20.636904761904763,16.833333333333336,20.857142857142858,75.515231990232,17.316666666666666,67.372113997114,3.75,10.333333333333332,19.761904761904763,22.625,27.53333333333333,169.3560606060606,67.95205026455027,28.46666666666667,5.75,162.125,29.273809523809522,69.78273809523809,7.712121212121213,4.166666666666666,0.0,0.0,16.577380952380953,4.5,0.0,5.291666666666666,3.6507936507936507,2.0,0.0,0.0,13.333333333333332,0.0,3.75,6.464285714285714,0.2857142857142857,41.09848484848485,0.0,0.0,16.876082251082252,5.555555555555555,0.0,0.0,0.0,0.8333333333333333,3.333333333333333,0.0,10.089285714285714,5.333333333333333,0.0,0.8333333333333333,2.0,2.0,9.5,7.0,0.0,2.0,0.0,4.0,22.958333333333332,0.0,0.8333333333333333,5.652777777777778,0.0,0.0,0.0,12.871212121212121,0.0,5.0,2.0,7.5,6.25,2.333333333333333,1.125,0.0,7.624999999999999,2.0,0.625,7.0,0.8333333333333333,0.0,5.75,11.659808612440191,0.0,0.22222222222222224,0.0,0.0,0.4444444444444445,8.125,0.7692307692307693,0.0,0.0,1.25,0.0,0.0,1.25,0.0,0.0,0.0,0.0,20.455555555555556,0.0,0.0,0.0,0.0,1.25,0.47619047619047616,0.0,0.0,1.0,0.0,0.0,0.0,0.0,0.0,0.8333333333333333,0.6923076923076923,0.0,0.0,65.95454545454545,2.0,0.0,0.0,0.8,0.0,1.8888888888888888,0.0,0.0,0.0,0.0,0.0,1.0,1.25,2.583333333333333,1.2916666666666665,0.0,0.0,4.0,0.0,17.18181818181818,0.0,0.0,0.625,0.0,0.0,0.0,0.0,0.0,0.0,0.0,29.166666666666664,0.0,0.0,0.0,0.0,0.0,0.0,0.0,0.0,0.0,0.0,0.0,0.2857142857142857,0.0,0.0,0.0,0.0,5.0,0.0,1.3333333333333333,0.0,0.0,1.6,0.0,1.0,0.0,0.0,0.0,4.285714285714286,0.0,0.0,0.0,0.0,0.0,0.0,0.0,0.0
482.030753968254,3.478260869565217,202.39353054353055,149.95155122655123,322.01126952757386,218.71878306878307,125.55,237.92718855218854,82.55339105339105,132.2577380952381,48.44444444444444,75.92698412698412,29.116666666666664,62.050396825396824,50.81825396825397,37.215656565656566,14.51388888888889,76.96075036075035,53.75326086956522,66.54040404040404,14.62962962962963,48.43888888888889,35.59126984126984,72.68452380952381,103.20833333333333,64.58888888888889,8.333333333333332,34.72962962962963,6.944444444444445,20.88888888888889,0.0,1.6666666666666665,16.72222222222222,14.475,19.530176767676767,48.666666666666664,18.0,10.399999999999999,38.80952380952381,82.29048821548821,116.89828042328043,33.61111111111111,4.0,41.68055555555556,91.7611111111111,108.49285714285713,14.682142857142857,1.65,6.888888888888888,10.0,0.47619047619047616,4.333333333333333,64.23611111111111,3.333333333333333,14.055555555555555,2.5,35.5,9.166666666666666,4.277777777777778,25.914682539682538,17.166666666666668,7.0,25.27777777777778,0.8333333333333333,5.841269841269841,0.0,5.5,0.625,14.416666666666666,1.6666666666666665,7.111111111111111,11.677777777777777,0.0,0.3333333333333333,0.8333333333333333,4.166666666666667,11.428571428571429,13.775252525252524,17.642857142857142,0.0,4.444444444444445,4.628571428571428,11.11111111111111,68.05555555555556,19.01388888888889,12.5,1.1111111111111112,16.52857142857143,8.380952380952381,0.0,0.6666666666666666,0.0,13.869047619047619,0.0,1.1666666666666665,2.583333333333333,0.0,1.0,0.0,1.6666666666666665,6.777777777777778,21.0,6.111111111111111,1.0317460317460316,0.0,3.333333333333333,0.0,0.0,5.416666666666666,2.7777777777777777,0.0,0.7777777777777778,0.0,9.166666666666666,0.0,0.0,0.0,0.0,24.753968253968253,0.31746031746031744,11.444444444444445,31.757142857142856,0.8333333333333333,16.69047619047619,0.0,7.847222222222221,1.6666666666666665,0.0,2.5151515151515147,0.41666666666666663,0.0,0.0,5.0,0.625,0.0,0.0,0.0,4.6454545454545455,2.9,3.333333333333333,3.3333333333333335,8.055555555555555,0.0,2.2222222222222223,0.0,0.0,9.444444444444445,4.722222222222222,2.0,3.75,0.0,0.0,0.0,1.7361111111111112,1.4444444444444444,0.0,0.0,20.88888888888889,21.305555555555554,1.1111111111111112,9.166666666666666,1.1111111111111112,2.055555555555556,4.296536796536796,0.3333333333333333,0.0,0.0,0.0,3.75,0.0,0.0,7.9520045172219085,31.808018068887634,5.833333333333334,0.5,0.41666666666666663,0.0,0.0,1.7777777777777777,3.8888888888888884,22.555555555555554,0.0,0.0,0.0,0.0,0.0,0.0,0.0,0.0,0.0,0.0,2.8571428571428568,0.0,1.8095238095238093,2.0238095238095237,3.333333333333333,3.3333333333333335,0.0,0.0,0.8333333333333333
1660.3250765445425,230.8864221028014,803.6980917236277,632.8328075659972,483.7254629629629,396.29232804232805,183.31341575091574,415.4016564575775,215.71663533834587,273.4892857142857,145.65528404344192,254.2958791208791,124.3599025974026,262.3253968253968,195.22521581732107,426.6137566137566,147.1204365079365,725.1472703222703,140.82083934583935,50.99523809523809,64.03373015873015,112.24391534391535,237.24541847041846,317.5497835497835,246.44267486899065,138.75892857142856,57.17579365079365,238.54960317460316,51.66026444315918,106.82451212808355,98.94484126984126,26.166666666666668,132.78174603174602,67.93690476190476,104.54100529100529,170.7003968253968,134.46547619047618,32.666666666666664,51.25699855699855,152.765873015873,83.24246031746031,90.39801587301586,2.992424242424242,141.6993783993784,263.239417989418,369.59656084656086,113.80555555555556,131.14393939393938,10.333333333333334,22.430555555555554,10.416666666666666,15.125,91.23606532356531,3.1111111111111107,102.76626984126983,32.40909090909091,72.98412698412699,10.366666666666665,99.32539682539682,19.333333333333332,15.597222222222221,14.0,0.625,0.8333333333333333,7.513888888888888,25.555555555555557,11.75,9.554945054945055,1.5,5.833333333333333,36.78690476190476,9.583333333333332,23.18452380952381,9.166666666666666,0.8333333333333333,5.0,14.791666666666666,0.0,48.327777777777776,21.601190476190474,2.5317460317460316,2.5,9.333333333333332,2.0555555555555554,1.4583333333333333,26.22222222222222,0.0,112.52936507936508,0.0,4.0476190476190474,1.0,3.7777777777777777,11.339285714285714,0.0,1.0,0.0,0.0,1.3596491228070176,3.25,0.7857142857142857,49.59722222222222,13.333333333333332,40.36276455026455,77.09325396825396,0.0,14.544444444444444,0.0,3.3928571428571423,11.479166666666666,1.25,0.0,9.851190476190476,0.0,2.7222222222222223,0.0,0.0,1.5277777777777777,0.0,3.5,0.0,6.111111111111111,94.24801587301587,1.0857142857142859,134.88809523809525,15.324465008675535,3.125,1.6666666666666665,5.125,1.25,7.0059523809523805,2.5,3.832611832611833,6.145833333333333,0.0,3.611111111111111,0.0,0.4,8.287037037037036,0.6666666666666666,12.876190476190477,0.0,23.901785714285715,0.0,0.0,23.287037037037035,19.515873015873016,7.065359477124183,3.5326797385620914,0.0,13.623015873015872,0.47619047619047616,5.357142857142857,0.0,0.0,15.019841269841269,0.0,1.4285714285714284,0.0,23.349206349206348,0.5,0.0,0.0,3.9087301587301586,0.0,3.287878787878788,0.0,0.0,2.5,11.166666666666666,0.0,0.0,0.0,0.0,0.0,2.261904761904762,3.9027777777777777,0.8,9.599206349206348,0.0,76.24134199134198,0.0,8.633333333333333,1.25,0.9375,1.0,0.0,0.0,0.0,0.0,0.0,1.83982683982684,0.0,2.2222222222222223,1.6666666666666665,4.0476190476190474,9.666666666666666,0.0,5.0,0.0,8.333333333333332
1839.0086530571823,210.14969017910192,448.79581529581526,513.7759509009509,412.2632431294196,379.5986874236874,230.45833333333331,821.6135268530489,309.81060606060606,523.9953703703703,281.4813667541609,235.0820707070707,101.01495726495726,276.52824952824955,157.39285714285714,112.23928571428571,70.57826895326895,259.30995458789573,106.16666666666666,83.75,52.759595959595956,156.27585978835978,76.16666666666666,67.85984848484848,480.85971055088703,301.6755772005772,54.09656084656084,94.91666666666666,47.86666666666667,27.016161616161614,35.77777777777778,95.51755651755651,140.45321067821067,13.26388888888889,20.79292929292929,52.125,27.37301587301587,27.583333333333332,56.05999066293184,114.7611111111111,49.450549450549445,32.03333333333333,21.0,60.25,153.65833333333333,40.69444444444444,16.5,19.66926406926407,11.73611111111111,88.02777777777777,12.944444444444443,18.75,45.562728937728934,13.965608465608465,52.329365079365076,18.083333333333332,42.38328664799253,24.325757575757574,31.583333333333332,10.833333333333332,67.52777777777777,18.34259259259259,15.0,4.611111111111111,12.687830687830687,1.875,26.5,25.0,10.955555555555556,10.965608465608465,12.833333333333332,22.75,8.625,18.666666666666664,4.611111111111111,0.0,10.833333333333332,18.5,10.0,3.6111111111111107,7.5,51.94444444444444,6.25,31.547619047619044,21.166666666666664,6.805555555555555,0.0,10.833333333333332,3.733333333333333,0.0,12.291666666666666,11.566666666666666,12.083333333333332,13.115914712659256,8.229166666666666,7.7333333333333325,0.8743943141772837,2.2222222222222223,7.833333333333333,4.285714285714286,1.6666666666666665,87.34722222222221,14.472222222222221,0.0,8.743943141772839,4.583333333333333,0.8743943141772837,8.277777777777777,0.8333333333333333,19.5,0.8743943141772837,2.6666666666666665,0.8743943141772837,24.791666666666664,0.8743943141772837,0.8743943141772837,5.333333333333333,11.580555555555556,7.083333333333333,5.0,7.23015873015873,5.333333333333333,0.0,20.916666666666664,1.1111111111111112,0.0,18.5,14.82843137254902,3.333333333333333,0.0,7.333333333333334,5.277777777777779,14.214285714285715,3.333333333333333,20.583333333333332,4.972222222222222,4.916666666666666,2.5,4.0,1.0,0.0,0.0,5.5,0.0,4.333333333333333,4.722222222222222,7.805555555555555,3.9027777777777777,2.5,1.3888888888888888,8.583333333333334,1.6666666666666667,15.0,14.468954248366012,3.333333333333333,0.0,6.333333333333333,0.0,0.0,8.333333333333332,21.791666666666668,0.0,8.78888888888889,6.666666666666666,0.0,2.5,0.0,0.0,1.1111111111111112,0.6666666666666666,0.0,2.0,8.0,1.9047619047619047,6.666666666666666,2.361111111111111,6.575757575757576,6.666666666666666,2.7777777777777777,10.666666666666666,5.0,0.0,2.125,13.95,1.5,0.0,0.0,0.0,4.833333333333334,3.0,0.6818181818181819,0.0,0.0,5.0,0.8333333333333333,0.0,2.5,13.166666666666666,1.2222222222222223,21.666666666666664
27.961944444444445,2.6315789473684212,2.0760233918128654,6.0,10.590277777777777,1.25,5.944444444444445,13.622023809523808,0.16666666666666666,1.7976190476190474,10.98078529657477,1.7777777777777777,1.7982456140350875,13.220328282828282,10.55050505050505,5.5625,7.1875,0.2631578947368421,5.0,2.0,2.1666666666666665,0.0,2.5,0.0,0.3571428571428571,0.625,0.6666666666666666,3.333333333333333,0.0,0.0,0.5833333333333333,1.858974358974359,0.0,0.0,2.225146198830409,12.285714285714285,0.0,8.75,0.0,0.0,0.0,0.0,1.1111111111111112,0.3333333333333333,2.5,0.0,0.0,0.0,0.0,0.9615384615384616,0.0,0.0,0.0,0.0,0.6666666666666666,0.0,0.0,1.6111111111111112,0.0,4.375,0.0,0.0,0.0,0.0,0.0,0.0,0.0,0.0,0.0,5.349206349206349,0.0,0.8333333333333333,0.6666666666666666,2.261904761904762,0.0,0.0,0.0,0.0,0.0,0.0,0.0,0.0,0.0,0.0,0.0,0.0,0.0,0.0,0.0,0.0,0.0,0.0,4.0,0.0,0.0,0.0,0.0,0.0,0.8333333333333334,0.0,0.0,0.0,0.0,0.0,0.0,0.0,0.0,0.8333333333333333,0.0,0.0,0.0,0.0,0.0,0.0,0.0,0.0,0.0,0.0,0.0,1.5,0.0,0.0,0.0,0.0,0.0,0.0,0.0,0.0,0.0,0.0,0.0,0.0,0.0,0.0,0.0,0.0,0.0,0.0,0.0,0.0,0.0,0.0,0.0,0.0,0.0,0.0,0.0,0.0,1.75,0.0,0.0,0.0,2.5,0.0,0.0,0.0,0.0,0.0,0.0,0.0,0.0,0.0,0.0,0.0,0.0,0.0,0.0,0.0,2.0,0.8333333333333333,0.0,0.0,0.0,0.0,0.0,0.0,0.3333333333333333,0.0,0.0,0.0,0.0,0.0,0.0,0.0,0.0,0.0,0.0,0.0,2.0676923076923077,0.0,0.0,0.0,0.0,0.0,0.0,0.0,0.0,0.0,0.0,0.0
7109.795425450168,157.3373015873016,660.320210016042,541.2598948670377,2202.7624021962074,695.0059430299664,168.77869352869354,1574.6050342928045,143.8644628221241,277.99096962548975,207.55844155844156,128.3594773949764,77.64965986394557,182.30236345801904,242.96572871572872,1312.0273993597152,158.32052748154965,60.888888888888886,486.56872294372295,43.14747610513739,24.833333333333332,397.34413685729476,8.442460317460316,188.18223443223442,69.06565656565657,213.72222222222223,300.9583989212448,750.5752358752359,0.0,21.5,76.63888888888889,0.0,2.0,2.9027777777777777,4.166666666666666,0.0,0.0,82.81565656565657,22.023809523809522,0.576923076923077,14.166666666666666,225.97573769539713,54.00453112687155,477.31264120527317,250.33267643103707,285.41468253968253,61.388888888888886,3.6111111111111107,63.53455155955156,5.0,6.594400817761473,81.41666666666666,25.305555555555557,6.388888888888888,0.0,0.0,378.97427520574405,2.9166666666666665,0.0,0.0,102.54761904761904,79.27149197431977,1.0,0.0,261.83093692022265,35.0,23.954545454545453,0.0,37.41984126984127,26.11111111111111,3.1805555555555554,0.0,6.25,0.0,0.0,5.833333333333333,0.0,0.0,76.72619047619047,61.714285714285715,0.0,0.0,0.0,0.0,82.88888888888889,4.333333333333334,1.25,111.29004329004329,0.0,1.0,0.0,0.9401709401709402,0.0,0.0,1.0,0.0,0.0,3.333333333333333,0.0,5.666666666666667,4.753968253968254,0.0,135.62002911088527,2.7380952380952377,0.0,95.92081529581529,0.0,0.0,0.5,0.0,0.0,7.0,0.0,0.0,0.0,0.0,0.0,0.0,0.0,0.0,0.0,294.1700244200244,0.0,413.415873015873,0.0,21.59722222222222,0.0,0.0,2.4761904761904763,2.111111111111111,17.897234770060855,0.0,3.1666666666666665,0.0,0.5,0.0,34.976190476190474,2.0,0.0,9.464285714285714,0.0,9.779456654456654,0.0,0.0,7.6499999999999995,0.0,0.0,0.0,0.0,0.0,10.085192585192585,0.0,0.0,0.0,0.0,0.0,0.0,444.4625873781153,1.5,0.0,0.0,0.8333333333333333,0.0,0.0,0.0,0.625,0.0,0.0,5.055555555555555,0.0,0.0,0.0,0.0,0.0,0.0,0.47619047619047616,0.0,2.111111111111111,0.0,17.953807431639945,0.0,0.0,0.0,0.0,0.0,0.0,136.4099025974026,0.0,0.0,230.3335137085137,0.0,0.0,2.7777777777777777,0.0,0.0,4.76984126984127,0.0,0.0,0.0,0.0
4192.637746512746,198.6683732933733,232.17757936507937,200.19884053568262,432.1863756613757,353.53396358543415,196.46981014628074,969.6881021756021,159.09356661856663,419.5806878306878,176.8333028083028,503.6628052503052,176.3250962000962,333.5531093906094,44.93809523809524,674.853292091895,200.25031265031265,484.40965396259514,831.6300505050505,210.47091149591148,816.4351787101787,264.1774309024309,125.87420912420912,393.2519841269841,94.34007936507936,494.4340548340548,119.98834776334776,313.8807359307359,134.61974876974875,205.14618205868206,84.1423520923521,21.886291486291487,16.5,86.64422799422799,52.759523809523806,10.416666666666666,58.57294372294372,236.177275171918,47.51111111111111,38.63214285714285,479.96676286676285,726.2076919404125,35.640151515151516,67.31944444444444,95.6803058053058,234.50275742775742,255.58694083694084,317.43147408147405,86.06230158730159,12.459415584415584,8.342105263157894,558.1670634920634,20.663533834586467,73.0069264069264,0.0,10.9,143.5,15.208333333333334,1.3888888888888888,2.7777777777777777,208.2209531209531,18.142857142857142,3.4761904761904763,0.0,18.509656084656083,541.1572649572649,22.986772486772487,41.54206349206349,109.62366522366523,7.502513227513227,87.71818181818182,32.910606060606064,22.233333333333334,0.0,0.0,12.876190476190477,2.9166666666666665,6.818181818181818,94.78571428571428,52.047619047619044,43.649494949494944,4.842105263157895,27.083333333333332,19.5,5.5,33.324801587301586,31.438095238095237,23.944444444444443,6.1499999999999995,77.7548655048655,36.24945054945055,33.751322751322746,48.75,10.0,56.67936507936508,65.21764346764347,0.0,26.011904761904763,0.0,15.078571428571427,8.644444444444444,0.0,16.333333333333332,7.119047619047619,0.0,28.42738095238095,0.0,9.119047619047619,10.19047619047619,17.52777777777778,0.0,2.716666666666667,0.0,0.0,0.0,0.0,7.484848484848484,0.0,49.90079365079365,31.063374720517576,6.933333333333334,785.3233044733045,26.807142857142857,152.4079365079365,0.0,19.561507936507937,0.0,0.0,12.052777777777777,21.489583333333332,3.7499999999999996,0.0,176.12620602436778,7.2023809523809526,3.9913419913419914,0.0,42.48571428571429,10.0,113.86386554621848,10.654761904761903,23.066666666666666,12.397974574445161,0.0,0.0,5.63015873015873,0.0,8.504329004329005,4.2521645021645025,11.142857142857142,5.583333333333333,3.6944444444444446,6.8,40.166666666666664,7.023809523809524,0.0,0.0,0.6666666666666666,151.94126984126984,16.666666666666664,31.68888888888889,0.0,0.0,0.0,0.0,0.5,1.0,0.2857142857142857,0.0,10.883333333333333,0.0,0.0,2.121912401324166,8.487649605296664,0.3571428571428571,0.0,5.416666666666667,0.0,1.1111111111111112,0.0,0.0,0.0,2.333333333333333,4.166666666666667,1.6666666666666665,0.0,3.966666666666667,0.0,0.0,0.0,0.0,16.833333333333332,1.5,0.0,3.208333333333333,0.0,10.5,6.3730158730158735,0.3571428571428571,0.0,0.0
4031.882156059782,218.87996850255252,2398.1943542024424,1112.5741817706103,817.3001119251119,801.6932647379076,674.6642953607239,1456.182051552167,290.1636957813428,590.6502363377364,198.93766587831712,926.6682576682576,382.10995458789574,1192.8462360060573,351.9352934763649,825.585897237683,74.65079365079364,1336.046767650339,282.7401394901395,92.08002645502646,814.6551880659023,471.0941558441558,287.68890897462325,471.228912588734,1048.9208539476397,337.7322495186272,234.83197272130542,817.2330035948456,88.76098901098901,158.45883745883745,179.34728765243472,18.408039876789875,69.38412698412698,89.08802308802308,72.6765022675737,27.901184463684462,115.46076608576608,207.029020582592,97.86034798534799,42.18783068783068,180.5643338143338,238.07398157398157,61.11142462035319,823.4719141969142,512.116960352517,502.2408989819704,161.7281746031746,147.07694805194805,28.59490740740741,13.260912698412698,12.850292894935752,12.062785428856857,137.10515873015873,42.78344671201814,18.849206349206348,5.395833333333333,205.92653868074035,9.791666666666666,19.740705931495405,33.85001803751803,105.84176587301587,30.835164835164832,19.78174603174603,2.7996031746031744,41.583333333333336,14.84126984126984,15.678571428571427,14.686507936507937,14.206349206349206,4.409722222222222,57.50289720026562,4.504998969284683,46.86649659863945,4.333333333333333,2.132936507936508,21.62632275132275,18.966269841269842,4.166666666666667,83.14597505668934,15.369047619047619,0.0,7.238095238095238,11.954365079365079,19.583333333333332,14.438118429189856,10.326839826839826,6.550595238095238,81.93055555555556,3.5357142857142856,6.099206349206349,14.960317460317459,12.742724867724867,19.335978835978835,1.1340852130325814,0.7142857142857142,30.337301587301585,0.043859649122807015,58.71790709290709,4.967171717171717,22.15945165945166,17.513227513227513,1.0099206349206349,131.8296092796093,65.10880635481199,0.43859649122807015,19.120086923658352,1.293859649122807,2.361111111111111,17.416666666666664,0.0,0.043859649122807015,10.13095238095238,0.043859649122807015,6.135620915032679,0.043859649122807015,0.043859649122807015,13.517857142857142,0.3125,10.027777777777777,1.2037037037037037,0.5,226.78012780869923,33.84722222222222,679.3948412698412,0.811965811965812,10.809523809523808,7.223214285714286,1.633089133089133,30.884637188208615,17.214285714285715,32.353382728382726,13.71031746031746,9.784511784511784,2.0,13.462393162393163,0.928030303030303,9.944444444444445,27.05501443001443,18.825925925925926,3.333333333333333,6.611111111111111,22.67433261183261,0.7142857142857142,0.0,7.831727135298564,13.277777777777777,2.2222222222222223,1.1111111111111112,0.0,1.9999999999999998,13.20889037433155,2.083333333333333,0.0,8.031135531135531,2.0982142857142856,3.511904761904762,3.0,50.285714285714285,70.65773809523809,3.75,0.0,0.0,0.8888888888888888,2.3095238095238093,2.824404761904762,5.511363636363637,0.0,6.944444444444445,20.416666666666664,4.821428571428571,0.7291666666666666,0.0,0.0,25.953373015873016,0.5,2.2738095238095237,0.0,9.48611111111111,35.3968253968254,83.20238095238095,0.0,0.2777777777777778,0.0,0.0,7.952380952380952,12.423472360972362,92.99107142857143,0.0,0.0,1.25,54.69960317460317,5.833333333333333,3.568376068376068,3.125,0.47619047619047616,4.2147366522366525,0.0,0.0,0.8101851851851851,1.0714285714285714
693.6378968253969,5.0,388.4472222222222,321.83412698412695,250.64345238095237,337.78035714285716,46.81666666666666,293.8930555555555,48.62698412698413,241.10297619047617,66.69852941176471,77.95357142857142,17.541666666666668,87.86531279178338,44.579166666666666,40.06190476190476,48.390079365079366,55.226190476190474,51.833333333333336,23.184523809523807,15.25,25.89107142857143,188.80535714285713,119.14285714285714,44.845238095238095,60.13035714285714,6.583333333333333,64.74801587301587,36.458333333333336,38.708333333333336,1.5277777777777777,0.625,0.8333333333333333,43.99702380952381,8.416666666666666,23.069444444444443,8.916666666666666,9.166666666666666,52.513888888888886,19.198412698412696,13.305555555555555,24.83531746031746,3.888888888888889,43.64682539682539,143.49523809523808,152.20753968253968,43.858333333333334,0.9027777777777778,12.625,8.75,3.458333333333333,2.1875,21.21388888888889,3.1488095238095237,48.15277777777778,0.0,0.0,0.0,16.666666666666664,6.666666666666666,0.8333333333333333,0.47619047619047616,22.732142857142854,0.5,2.333333333333333,14.375,0.9,14.44047619047619,2.5,0.0,3.3988095238095237,0.625,0.7125,1.6666666666666665,0.0,0.0,4.916666666666666,5.833333333333333,7.344444444444444,0.7142857142857142,0.0,0.0,6.625,0.8333333333333333,8.791666666666666,0.8571428571428571,0.625,30.666666666666664,0.0,0.0,0.625,1.0416666666666665,13.958333333333334,1.1029411764705883,0.0,0.0,0.07352941176470588,3.5,2.5,0.5,10.222222222222221,0.0,35.55357142857143,5.0,0.7352941176470589,0.0,0.07352941176470588,1.25,0.625,0.0,0.07352941176470588,4.833333333333333,0.07352941176470588,0.0,0.07352941176470588,0.07352941176470588,2.5,1.75,4.083333333333333,0.0,0.0,72.4126984126984,0.5,295.9297619047619,0.0,0.0,0.0,0.0,0.9166666666666666,0.5,0.0,0.0,0.3125,0.0,2.5,0.5595238095238095,0.0,0.3571428571428571,0.0,0.0,7.833333333333334,0.0,0.0,0.625,3.375,0.0,0.5714285714285714,0.2857142857142857,0.0,1.2916666666666665,4.583333333333333,0.0,0.0,0.0,0.0,0.0,0.0,0.0,25.958333333333332,0.0,0.0,0.0,0.0,0.625,1.4583333333333333,0.8333333333333333,0.0,1.9583333333333333,2.9166666666666665,0.0,0.0,0.0,0.0,0.0,0.0,0.0,0.0,2.875,1.3333333333333333,25.708333333333332,1.25,0.0,0.0,0.0,0.0,0.7142857142857142,0.0,0.0,0.0,0.0,2.083333333333333,0.0,2.583333333333333,1.5,0.0,0.6666666666666666,0.0,0.0,0.0,1.25
1908.3208302115952,917.3585317915409,251.0583449619164,384.6117921430421,633.2247330881753,518.7558085433085,241.69799644799645,251.72355752753805,85.33041218041218,224.86569915047357,96.51177185387711,307.8104940381256,88.25011138958507,46.330756545042256,40.49722222222222,435.69022839905193,118.35472585531308,168.4155982905983,382.0434225360696,99.1038289052995,26.247354497354497,64.259620582376,52.167328042328045,125.70730901651955,255.03642653642652,146.83595372881086,79.82209959927351,128.05940355940356,22.5,22.339582244381006,19.741715399610136,29.906526952579583,369.5764856911882,13.396825396825395,21.61263736263736,8.51388888888889,8.5,20.88425925925926,14.150132275132275,7.451960784313726,18.882275132275133,12.450026581605528,99.16040903540903,97.12278706395247,58.58297258297258,11.595959595959595,20.5484607984608,29.0,152.41666666666666,24.88095238095238,20.354497354497354,17.113816738816737,75.34841839447103,66.59983766233766,34.0,41.512373737373736,54.52511431923197,4.25,19.55952380952381,13.577380952380953,27.055916305916305,7.346930846930847,2.91510989010989,47.873461641843996,22.68822843822844,0.0,10.554894179894179,3.640740740740741,0.8928571428571428,6.0,13.509615384615385,12.979617604617603,7.51984126984127,19.416666666666668,40.651239419621774,1.0726495726495726,19.107142857142854,91.4709595959596,0.0,0.7142857142857142,6.4375,17.38095238095238,3.305555555555556,57.22222222222222,2.5396825396825395,0.625,0.8333333333333334,0.0,33.43280630045336,0.0,4.555555555555555,0.0,0.7692307692307693,4.72027972027972,0.0,0.0,0.3146853146853147,6.388888888888889,28.071217038322303,3.333333333333333,0.0,11.095238095238095,0.0,0.0,3.1468531468531467,11.166666666666666,0.3146853146853147,16.18350168350168,0.0,0.0,0.3146853146853147,0.0,0.3146853146853147,0.7777777777777778,0.3146853146853147,0.3146853146853147,0.5555555555555556,1.6666666666666665,13.714285714285714,25.142857142857142,2.5,0.0,5.5059523809523805,0.0,2.083333333333333,0.0,4.583333333333334,4.139194139194139,3.7590909090909093,0.20833333333333331,0.0,2.979076479076479,3.333333333333333,1.4141414141414141,0.0,11.88888888888889,16.666666666666664,0.0,5.625,0.0,0.5,7.5,0.625,2.5,0.0,2.0,0.0,0.0,20.555555555555554,0.0,23.983225108225106,9.868421052631579,3.333333333333333,0.0,0.0,0.41666666666666663,0.0,0.0,0.5,1.726190476190476,0.0,0.5,3.8769841269841265,14.863247863247862,3.3333333333333335,0.0,2.7777777777777777,0.0,0.0,0.6666666666666666,0.0,0.41666666666666663,1.6666666666666665,0.0,1.6666666666666665,0.0,48.829894179894175,0.0,0.0,0.30303030303030304,5.37037037037037,0.0,1.4267833615659702,8.484848484848484,0.0,0.0,4.659090909090909,0.0,27.527777777777775,13.214285714285714,0.0,0.0,2.0,0.0,3.333333333333333,0.0,0.19607843137254902,0.0,3.7115384615384612,0.0
9155.207492468344,1665.571888815277,3274.8045953214123,1970.0411780104234,1989.9692955662517,1501.8048625321298,1453.0925327466996,2935.3281585836135,483.87169431377265,900.5147014524766,466.33047395398677,1239.7839704410164,742.0626960186406,579.8498368970547,360.3596394990745,656.9431337511694,693.4880200987081,983.1011241727297,1233.9017416173929,656.8104929462072,304.921764929339,576.3371245692895,503.1426070257598,1408.0067807508756,1043.4324413856452,556.808297296647,271.12195807667115,429.26793640614954,309.6776090855923,253.57363083921095,181.98700112066504,1046.7943690152701,248.3798956018079,239.92868012900487,86.75401969257011,95.78582384391208,288.89066911924056,252.6555386995513,155.68055313443415,96.33402893402894,782.580998208182,154.75664738311798,298.36272870821745,440.7117577005487,169.2660175608705,380.05888285367183,441.88825288468144,318.0243123812728,278.5864707933442,102.33730787945903,78.01948066929712,169.22489417236474,319.30176107541246,123.7748717963728,16.95550468050468,41.9368661981194,49.981396925514574,36.508294483294485,52.710247853997856,94.18105310161762,181.26271240246803,78.57434718059717,87.46241034793665,64.26667222756703,113.5339355089355,50.59692203221615,84.33249686043803,131.3006578971915,40.69035673710043,40.82616170379328,38.70216661645233,32.382796053848686,56.688448892725205,132.55319476275358,63.61587857677338,22.02189501531607,69.42227486565722,77.68546136403279,52.019276094276094,34.69075785325785,70.78466598760717,20.55603976224277,86.38364485265745,25.686507936507937,22.112752525252525,10.288297583786305,168.23721807160274,19.973554686054687,160.68030205995893,21.064285714285713,48.70513098013098,24.62708818958819,20.866797091797093,14.547828201403872,12.753495115995115,78.01843723605666,3.906555550127262,71.4098543652115,77.67030089793248,17.44182508312943,29.903787878787877,11.961507936507937,16.429761904761904,13.082034632034631,7.9544443901615045,7.6531488352916925,1.4204444390161504,22.98925074753248,34.26168504697916,28.506871396577278,0.7954444390161505,17.47262737262737,0.7954444390161505,34.28050136138371,0.7954444390161505,0.7954444390161505,93.02350645386359,6.526480463980464,302.98394105894107,30.630022386558533,64.90447994987468,67.13206436420722,35.883454508454506,65.40198412698412,68.29539488289488,46.769295981795985,11.903138528138529,41.09299809382858,32.26365966963793,20.705454876507506,30.080640492405198,37.88737651237651,55.512048745601376,54.91675427746856,19.93327922077922,42.96765271765272,21.887591575091577,13.586363636363636,49.69516594516595,8.227272727272727,21.76851851851852,22.11296065046065,39.58789821289821,53.16641044141044,34.12231884206674,24.351461038961038,5.294372294372295,2.6471861471861473,40.528939969129596,5.22985347985348,28.685239297739297,43.00264933749588,32.57804232804233,9.060075784699844,5.129166666666666,9.59677405927406,13.857142857142858,42.95945165945166,63.10560134310134,3.414122914122914,5.44028379028379,5.862179487179487,11.646316646316647,30.179625004625002,3.9127886002886,7.809788359788359,4.915854978354978,69.83160311910312,3.0151515151515147,53.63951141451141,41.55115601990602,0.25,1.25,35.03511841472368,3.2375402375402373,15.40916305916306,31.918997342526755,20.30659486016629,156.5185321292464,3.888888888888889,10.164375901875902,4.786652236652237,6.61080586080586,40.52173520923521,40.659968734968736,2.6355159390873677,47.15732608035239,22.28472222222222,28.197979797979798,5.758928571428571,22.958333333333332,21.123811684610683,3.3611111111111107,5.447115384615384,2.9431818181818183,3.349206349206349,3.333333333333333,31.25258075258075,2.861111111111111,1.8666666666666665
472.44656125402264,146.34295334295334,157.87878827521683,99.0949816523346,70.93069715065513,36.58174603174603,54.016426166426164,90.69649859943978,65.13669663669664,34.5483312983313,17.643572984749454,95.02579365079364,14.54957264957265,11.929629629629629,10.540608465608466,22.49010989010989,60.039127360345844,19.070238095238096,64.94064628182275,13.832972582972584,4.8730158730158735,1.9206349206349205,14.571460573476703,28.177248677248677,32.97577977577978,38.94471500721501,7.85,30.943121693121693,10.860678210678211,27.188744588744587,7.14074074074074,22.44871794871795,16.97516835016835,8.436507936507937,0.8630952380952381,8.33765172735761,0.5,7.62037037037037,4.717171717171717,19.19047619047619,22.69920634920635,3.444444444444444,5.333333333333333,17.449494949494948,7.170733678086619,5.166666666666667,6.527777777777778,3.75,1.3444444444444446,1.037037037037037,2.7624999999999997,4.859307359307359,8.93428260192966,4.623280423280423,4.111111111111111,0.2857142857142857,1.4166666666666665,3.337121212121212,8.902116402116402,1.609916367980884,0.2,0.36363636363636365,13.944444444444445,2.515151515151515,2.5,1.2000000000000002,1.1666666666666667,0.2777777777777778,0.16666666666666666,2.7404761904761905,0.553030303030303,0.3356643356643357,0.0,3.4615384615384612,2.515151515151515,0.0,0.0,0.0,1.6666666666666665,0.9333333333333333,0.0,0.9555555555555556,0.0,5.277777777777778,2.1666666666666665,0.0,0.6060606060606061,0.0,12.0,0.0,0.15384615384615385,0.0,0.0,0.0,0.0,1.9706959706959706,2.0,0.0,18.87012987012987,0.5,0.0,5.277777777777778,0.7083333333333333,0.0,0.0,0.0,0.0,0.44638694638694637,0.35384615384615387,2.2222222222222223,0.0,0.23809523809523808,0.0,7.666666666666666,0.0,0.0,1.9444444444444442,0.0,2.0,2.2777777777777777,3.25,0.0,0.3333333333333333,0.0,0.9128205128205128,0.0,6.575757575757576,0.0,5.416666666666667,0.0,1.507936507936508,0.41666666666666663,1.5625,0.0,0.5,8.238095238095239,0.0,0.0,0.6190476190476191,0.0,0.2857142857142857,0.0,0.47619047619047616,9.152380952380952,0.0,0.3125,0.0,0.0,0.0,0.0,0.0,0.0,0.0,0.0,0.0,0.6845238095238095,1.1111111111111112,2.5347222222222223,0.0,0.0,0.36363636363636365,0.30303030303030304,2.5925925925925926,0.0,0.0,0.0,0.0,0.0,0.0,2.6222222222222222,0.6111111111111112,0.0,0.0,5.0,0.0,0.20833333333333331,8.166666666666666,2.0,4.2592592592592595,0.0,0.0,1.1111111111111112,0.0,3.8095238095238093,0.0,0.0,3.3333333333333335,0.0,0.0,0.0,0.30303030303030304,0.0,0.0,0.0,0.0,0.0,0.0,0.0,0.0,0.0
488.0311789605141,54.00589456839457,88.73737373737373,68.49123058314234,37.673458485958484,27.80456349206349,60.07600732600732,148.49104545050753,22.57580532212885,62.33509199134199,5.357142857142857,84.86359126984127,22.546149520414225,5.3209325396825395,4.489316239316239,28.34469696969697,22.709020146520146,51.807279730073844,56.78094128094128,18.173076923076923,7.69880174291939,35.83237133237133,24.089285714285715,22.559063299232736,41.39285714285714,25.05080409356725,13.714285714285714,44.94444444444444,11.069444444444445,15.321969696969697,3.333333333333333,70.90239423888805,4.333333333333333,0.5252525252525253,6.388888888888888,13.565340909090908,11.165966386554622,12.5,21.084656084656086,9.023809523809524,58.124542124542124,4.0,14.055555555555555,25.397058823529413,5.0,5.757080610021786,30.4265873015873,17.82936507936508,5.833333333333333,0.0,20.03174603174603,20.333333333333336,0.0,3.131313131313131,0.0,8.19047619047619,0.39215686274509803,0.5555555555555556,0.0,3.6666666666666665,3.6666666666666665,12.356481481481481,18.86904761904762,1.7857142857142856,13.013392857142856,1.25,1.0897435897435896,19.074074074074073,0.6666666666666666,9.081845238095237,5.333333333333333,0.0,1.6666666666666665,4.737373737373737,1.7857142857142856,2.1115288220551376,0.0,8.875,5.0,4.833333333333333,3.333333333333333,0.41666666666666663,0.0,0.0,5.0,4.305555555555555,73.58653846153847,0.625,0.0,5.0476190476190474,9.968253968253968,3.0,1.1111111111111112,1.4705882352941175,0.8333333333333333,0.0,2.042483660130719,11.75,8.010416666666666,0.0,0.8055555555555556,5.0,4.0,0.0,0.9803921568627451,0.0,0.09803921568627451,2.7777777777777777,0.47619047619047616,0.0,0.09803921568627451,0.0,0.09803921568627451,0.0,0.09803921568627451,0.09803921568627451,4.0,0.2564102564102564,21.78030303030303,0.7692307692307692,7.5,0.0,10.281746031746032,0.0,6.2272727272727275,1.5340909090909092,3.3333333333333335,1.3888888888888888,0.0,1.25,4.238095238095238,10.0,0.3571428571428571,1.25,0.9722222222222222,0.0,10.8495670995671,0.0,2.5,0.5555555555555556,0.0,0.0,20.0,0.0,0.0,6.0,0.0,0.0,0.0,0.0,0.7407407407407407,0.0,0.0,2.083333333333333,0.0,0.625,0.0,1.6666666666666665,0.8333333333333333,0.0,7.142857142857142,0.0,0.0,0.0,0.0,0.6666666666666666,0.0,3.333333333333333,0.0,0.0,0.8333333333333333,0.0,0.0,0.0,0.0,1.7857142857142856,0.5347222222222222,0.0,0.0,0.0,0.0,0.0,0.0,0.0,0.0,0.0,0.0,0.0,11.537878787878789,0.0,0.0,0.0,0.0,0.0,0.0,0.3125,0.0,5.416666666666666,0.0,0.0
2084.397632135298,262.1968603120306,1326.3919413362462,475.9969287964644,388.042276388329,463.7008519919234,360.4406105837828,691.3638018657755,144.23061609443187,277.89289708307564,68.47596338846338,399.30061726342683,100.1146978021978,125.79889552455342,88.60204887704887,130.70902708402707,235.15582370845527,253.26240314696196,164.786204400175,106.27864113011172,63.40218253968254,85.32442973692973,99.34441576941576,427.07765498390495,511.37909867909866,80.88155363155363,64.41527454027454,97.11232841232841,41.752002164502166,64.15110011677349,36.89532227032227,95.90539705535835,41.73050049365839,39.83359788359788,31.599416786916787,35.61202686202686,42.26877289377289,60.53153559403559,38.59837662337662,56.570634920634916,287.6247113997114,51.42742442742443,100.39413007627293,138.88937519452224,43.32151875901876,131.63623076658791,118.79378405985548,78.99322390572391,38.92445054945055,16.15079365079365,19.843434343434343,32.533714977832624,82.29570070452424,32.01183954933955,2.4871794871794872,12.29096459096459,53.881641778700605,16.810714285714283,13.978327922077922,7.273809523809524,38.204365079365076,23.817961205461206,92.87175324675324,5.053571428571428,22.099943310657594,11.527777777777779,67.05021136271137,27.5634139009139,12.352380952380953,10.434659784659784,17.058201058201057,4.966750841750842,16.149488243238242,23.016650016650015,4.339285714285714,20.784415584415584,37.74194324194324,33.22685185185185,15.305092592592592,5.612745098039215,5.981240981240981,3.2619949494949494,28.00677998472116,3.333333333333333,6.52202380952381,5.369047619047619,33.283428377178375,6.827831890331891,10.994047619047619,6.771428571428571,2.642857142857143,10.853138528138528,11.867063492063492,1.2752525252525253,1.4236111111111112,2.9497354497354498,0.07575757575757576,4.944444444444445,12.265669515669515,1.507936507936508,3.590608465608465,7.4062049062049065,5.328571428571428,0.0,0.7575757575757576,1.2215909090909092,0.07575757575757576,2.1159147869674184,5.291666666666666,1.0238095238095237,0.07575757575757576,5.141138831928306,0.07575757575757576,0.75,0.07575757575757576,0.07575757575757576,104.2803391053391,7.0195360195360195,11.955717893217892,9.247294372294371,1.3333333333333333,59.96735209235209,1.625,21.333333333333332,9.10515873015873,3.020292207792208,10.26388888888889,6.623376623376623,4.613095238095237,0.5714285714285714,13.430021367521366,9.5,8.226190476190476,30.268284347231717,4.198912198912199,0.47619047619047616,5.5,0.3333333333333333,5.19047619047619,1.2916666666666665,3.75,5.661616161616162,7.642857142857142,3.3912037037037037,4.412393162393162,0.5,0.0,0.0,3.611111111111111,6.277777777777778,3.664351851851852,1.8249158249158248,5.761904761904762,12.13095238095238,1.3958333333333333,3.547008547008547,0.0,39.57738095238095,18.13888888888889,1.7142857142857142,2.3523809523809525,2.3125,0.0,1.5656565656565657,2.3363095238095237,1.9621212121212122,3.005050505050505,39.61046176046176,0.0,27.01488603988604,0.22222222222222224,0.4411764705882353,1.7647058823529411,8.199404761904763,1.6904761904761902,0.0,5.916666666666666,0.0,45.38843101343101,10.017857142857142,2.9166666666666665,2.361111111111111,0.41666666666666663,1.6071428571428572,10.232275132275133,0.9126984126984127,0.0,23.223935786435785,1.8055555555555556,4.583333333333333,0.9,0.0,2.380952380952381,0.0,0.0,2.5,0.8012820512820512,2.4999999999999996,1.8981481481481481,0.0
2205.193054657835,896.3258733650449,223.25355527213546,342.03283158979565,471.7654718511336,163.138663087429,140.21242891095832,444.4239198066662,72.66132734455789,58.43667439400498,37.2358127983128,395.1789425858417,35.92465393541943,150.64613606911792,14.00237670825906,95.4257425580955,356.632108656264,62.9916137668015,216.86862203986817,101.62322474280678,15.218354766148883,72.84523809523809,21.38210786088024,148.4346959186521,50.846681096681095,22.192365835222976,13.249416042894303,60.24374236874237,17.811965811965813,14.516569200779726,0.0,32.22968580634197,153.84537531421498,0.7142857142857142,5.72029822029822,23.0515873015873,11.70758547008547,6.015151515151516,5.825925925925926,6.76567849361967,5.833333333333334,2.811965811965812,2.2941176470588234,38.56935148185148,16.892857142857142,1.7777777777777777,5.119047619047619,0.2777777777777778,19.46886446886447,57.13697306436668,25.648148148148145,7.829621666578188,19.371031746031747,7.968073593073592,1.6458333333333335,15.373544973544973,39.470339358497256,3.5227272727272725,19.11663216011042,16.792929292929294,3.1666666666666665,0.7486631016042782,1.4441176470588235,86.61926422499444,6.061605061605062,3.0105937423010594,1.1125,0.625,0.41666666666666663,2.9166666666666665,0.0,10.331349206349206,1.8055555555555556,3.192857142857143,85.99426422499444,5.0,1.6666666666666665,41.18376068376068,0.0,0.47619047619047616,0.0,0.0,14.654772515066632,20.789529914529915,4.303571428571428,0.0,0.0,0.0,50.683075502928446,0.0,0.8333333333333333,0.5,0.0,4.6040395774438325,0.0,6.0,0.2236026384962555,1.2777777777777777,40.22694784624483,0.0,1.25,5.252380952380952,0.0,0.0,2.236026384962555,0.0,0.2236026384962555,1.7142857142857142,0.0,0.15151515151515152,0.2236026384962555,0.0,0.2236026384962555,0.0,0.2236026384962555,0.2236026384962555,1.692307692307692,14.011758926652544,3.0,0.41113219481340924,0.0,0.0,0.0,0.3333333333333333,6.375,8.923076923076923,0.0,0.0,0.0,0.625,0.18518518518518517,0.0,0.0,4.52986905669972,0.0,22.9072138340431,2.0535714285714284,0.0,0.0,0.0,0.0,0.0,4.166666666666666,0.0,0.0,0.2857142857142857,0.0,0.0,0.0,0.0,7.033730158730158,1.726190476190476,23.85290080448797,2.5,0.0,0.6944444444444444,8.333333333333332,0.0,0.0,0.0,0.0,5.137362637362637,148.67886628765112,1.5299145299145298,0.0,0.0,0.0,0.0,0.0,0.30303030303030304,0.0,0.4545454545454546,1.8181818181818183,0.0,0.0,0.0,47.74225923858277,0.0,1.5,0.0,0.0,0.7142857142857142,6.405138339920948,11.777777777777777,0.0,0.0,5.026455026455026,2.9166666666666665,11.5,3.5853174603174605,0.0,4.255745308876239,0.5,0.0,0.0,0.0,1.8142578668894458,0.0,0.41666666666666663,0.0
2005.7625457238578,296.6902600667307,785.5449305796828,500.4273893761897,488.1687758864229,463.98539745138584,322.1388394400004,455.10130931031125,70.4485877684407,137.75210692586853,93.45838883338882,362.4188764208501,71.72161106866989,254.65930458430458,64.89235717985717,208.65577663077661,76.344715007215,186.9861492810022,385.7531194353798,188.79785677285676,34.66014752791069,92.16993006993006,92.40751147001147,385.00949867412714,392.838040853482,46.28202815702816,47.54356754356754,119.51881868131868,19.787012987012986,151.52757059188949,57.18514957264957,52.02146228943405,53.178354978354974,33.89488636363636,23.01242646242646,71.7478354978355,18.762806637806637,27.27922077922078,46.85674603174603,22.512973137973137,142.5594017094017,78.06223914973914,32.71569264069264,215.45359107123812,79.68022486772486,76.00529886779887,173.77455322455322,39.231757131757135,14.890476190476189,5.401875901875902,22.145833333333332,21.34557942057942,73.35647546897546,16.333333333333332,11.4890873015873,19.05876068376068,21.2012506012506,2.8333333333333335,9.984126984126984,13.001400859489095,38.08717532467532,3.1507936507936507,48.85023448773449,7.57226800976801,12.46103896103896,4.905257936507937,7.6899711399711395,7.762698412698413,16.32931512931513,3.507936507936508,25.945874958374958,6.685185185185185,0.5625,24.625151237651238,7.215125152625153,3.6058441558441556,3.4314814814814816,44.27777777777778,24.036243386243385,3.272222222222222,0.625,1.0555555555555556,4.333333333333334,1.1111111111111112,6.348484848484848,0.0,8.570138195138195,12.40595238095238,46.82490657490658,1.3583333333333334,11.597835497835497,3.9194305694305696,16.488492063492064,2.1491228070175437,0.2,11.468161224740172,0.14327485380116958,3.4305555555555554,18.581740944240945,6.773088023088023,36.18055555555556,23.439477189477188,46.86607142857142,6.307936507936508,1.432748538011696,3.337087912087912,0.14327485380116958,9.119047619047619,2.63069773363891,8.954365079365079,0.14327485380116958,4.144444444444444,0.14327485380116958,0.36363636363636365,0.14327485380116958,0.14327485380116958,6.715151515151515,17.686202686202684,101.35456349206349,6.632014195967685,1.25,34.32727272727273,4.875,120.72589355089355,6.929494116994117,4.517418692418692,0.5079365079365079,0.7692307692307693,0.0,6.142857142857143,2.392857142857143,14.178571428571429,10.125,6.905555555555556,0.5347222222222222,1.75,4.458333333333333,0.9142857142857141,0.3125,0.0,19.689814814814813,8.264524364524364,43.7771164021164,4.580687830687831,23.20676937441643,1.9166666666666665,1.6785714285714284,0.8392857142857142,37.31739417989418,0.8333333333333333,5.062962962962963,17.64570542116982,2.333333333333333,3.333333333333333,1.130952380952381,11.880341880341879,7.972101972101972,57.77652625152625,270.8581349206349,0.0,1.6666666666666665,3.676190476190476,4.5,7.3625,0.625,0.8428571428571427,0.7575757575757576,3.8232323232323235,1.3125,17.789502164502164,2.895833333333333,10.332067866325506,41.328271465302024,19.483882783882784,6.010989010989011,3.1607142857142856,3.3125,0.3333333333333333,20.333333333333332,17.471230158730158,2.9166666666666665,1.2666666666666666,0.0,4.920634920634921,33.92910052910053,0.4494949494949495,3.8541666666666665,19.322811447811446,6.805555555555555,3.0,0.615530303030303,26.49007581565721,0.16666666666666666,5.773809523809524,2.0,2.0,8.894716394716394,0.0,13.443783068783068,0.0
2868.042524589258,607.8531330984117,1023.0600991244505,538.7825717583071,417.70254560254557,582.6974350169947,260.7221050152773,613.2369182474446,94.36118742368743,405.71184110201966,154.01657139157138,284.5419696044696,161.70572972778854,179.11545815295815,117.98381155881155,186.54044992531834,57.02099472165261,348.80734230264306,300.436682032913,77.82842474596676,20.753437738731858,71.30545380545381,396.18290111304816,148.42066498316498,380.022734863176,25.013888888888886,11.055555555555555,305.8712000962001,21.199314574314574,104.32750351500351,87.02417027417027,91.02742633572466,96.00386518243661,57.66825396825397,176.51778083028083,194.40965978465977,31.131349206349206,14.027777777777777,116.6453823953824,33.19047619047619,74.79801587301587,48.489010989010985,37.90717120181406,329.56003384873355,45.25396825396825,305.5345412523984,10.126955055526484,25.386904761904763,37.32467730682016,10.152777777777779,40.88346171802054,3.9166666666666665,52.19359031491385,21.70436507936508,50.42361111111111,18.188672438672437,14.77106227106227,18.642857142857142,19.75,93.2093373674256,12.436507936507935,10.858134920634921,38.79229797979798,4.156135531135531,5.719387755102041,6.25,8.9253848003848,2.2835497835497836,6.583333333333334,12.063492063492063,43.110847485847486,0.45238095238095233,0.875,16.808954933954933,2.86492673992674,4.861111111111111,7.166666666666666,24.333333333333332,34.65310846560846,0.5,3.1923076923076925,0.5555555555555556,3.6904761904761902,30.842712842712842,3.333333333333333,1.1111111111111112,0.0,10.407196969696969,35.437715062715064,5.0,3.9087301587301586,1.1363636363636365,22.18452380952381,20.862267770162507,2.9047619047619047,0.5421245421245421,1.3908178513441671,5.208333333333333,56.980857105857105,9.194444444444445,36.615440115440116,21.55852480852481,17.25,10.357142857142858,13.90817851344167,8.333333333333334,1.3908178513441671,6.928571428571429,8.52328431372549,3.423809523809524,1.3908178513441671,1.0714285714285714,1.3908178513441671,4.027777777777778,1.3908178513441671,1.3908178513441671,9.015873015873016,24.66536935286935,0.0,6.67746874142223,2.956349206349206,32.50108225108225,2.361111111111111,140.28971028971029,3.701229326229326,7.595238095238095,2.083333333333333,0.0,1.6805555555555554,4.642857142857143,3.074404761904762,11.194856730571017,3.333333333333333,7.678571428571429,0.91991341991342,21.466117216117215,5.5,0.0,0.0,2.5555555555555554,28.160052910052908,29.257518796992482,24.388227513227513,2.548611111111111,5.134615384615385,2.6666666666666665,0.0,0.0,16.423310485810486,0.8888888888888888,0.0,4.878066378066378,5.5,59.1787323037323,0.3333333333333333,9.935897435897434,7.037037037037036,211.01216838716837,66.7579365079365,1.5714285714285714,0.3333333333333333,8.476190476190476,7.0,4.388888888888888,5.0,0.3571428571428571,0.9090909090909092,0.0,0.0,19.587962962962962,88.63825757575758,8.29308560675501,33.17234242702004,118.7997557997558,1.3571428571428572,1.125,8.336309523809524,1.6666666666666665,12.402777777777779,22.71428571428571,11.666666666666666,3.333333333333333,0.0,4.503968253968254,17.727513227513228,0.9415584415584415,13.372023809523808,33.39351851851852,10.845238095238095,5.388888888888888,2.5649350649350646,12.347218672800068,2.8333333333333335,0.8333333333333333,0.8412698412698413,2.8125,4.13510101010101,0.0,6.358645983645983,1.25
3435.8593276150273,529.343151114165,694.3373006623007,520.5300991663995,532.1403304548621,304.0443931799195,492.46521345952124,635.8139064410803,169.1212919025419,321.72933866242687,198.6864810570693,230.77436128686128,193.4566197555168,107.94418366219837,159.58838383838383,123.37713952713952,97.07635908123524,304.2066294816295,219.602543983794,95.16946479446479,109.06324323824323,122.98236023236022,261.69696275946274,211.92336188943332,514.4033267658267,81.25470594220594,121.255735005735,127.84539442039441,57.52928688958101,42.561925931170734,69.1331456798562,252.2165177441636,60.72073412698413,48.497943722943724,79.65253727753728,48.5137987012987,35.90972222222222,66.90937118437118,126.23632770738034,10.079761904761904,166.60753367003366,17.957459207459205,49.35165945165945,204.78311911042172,22.917748917748916,71.44339133089133,41.40595238095238,73.16250548393405,100.85798923298923,17.384199134199132,69.61237803202089,36.69400173761076,58.68190836940837,65.99732628482629,9.478174603174603,8.627543752543753,25.3615001556178,11.166666666666666,20.16269841269841,187.70066914294856,16.916642385392386,8.064303751803752,15.045833333333333,4.862637362637362,39.05218253968254,3.6472431077694236,2.4280303030303028,22.10896164021164,6.333333333333333,10.496031746031747,15.381042568542567,7.375180375180375,16.973332369385002,76.031606764695,4.285714285714286,8.192460317460318,7.592592592592593,33.916666666666664,37.83253968253968,1.6111111111111112,3.474775224775225,3.4745726495726497,1.6666666666666665,6.111111111111111,5.095311632811633,3.1875,19.11689589650116,6.237130924630925,12.662878787878787,10.402777777777777,13.33757215007215,0.9375,3.577380952380952,16.66897275209825,2.013888888888889,4.386904761904762,0.9831503720254051,21.157242063492063,23.68204203204203,3.9900793650793647,7.85223063973064,7.898268398268398,3.482142857142857,4.254960317460317,9.831503720254052,1.8308080808080809,0.9831503720254051,3.9385531135531133,14.15024722010016,3.357142857142857,0.9831503720254051,3.708333333333333,0.9831503720254051,1.821969696969697,0.9831503720254051,0.9831503720254051,3.3730158730158726,4.534722222222222,75.09232434232433,25.8007710083797,18.52777777777778,23.820526695526695,2.8814102564102564,23.97222222222222,25.36838267941209,4.795454545454545,7.0,5.342902711323764,4.166666666666666,0.857142857142857,1.4488636363636362,7.790811965811966,5.888278388278388,1.007936507936508,2.4545454545454546,18.185515873015873,4.180555555555555,4.166666666666667,2.8846153846153846,0.3571428571428571,8.404761904761905,4.845598845598845,7.749007936507937,10.108465608465607,0.9542606516290726,3.888888888888889,1.8181818181818183,0.9090909090909092,16.2140768588137,1.5277777777777777,10.333333333333332,3.5022727272727274,1.25,16.10286935286935,0.0,26.73320707070707,20.7143759018759,132.36621711621711,16.444444444444443,8.416666666666666,0.9027777777777778,6.622222222222222,2.3125,1.3675213675213675,1.9226190476190474,0.5555555555555556,1.8409090909090908,2.0,1.2878787878787878,5.909511784511785,13.039307914307914,0.0,0.0,22.9560612998113,4.99537037037037,1.9141414141414141,15.828754578754578,0.2777777777777778,21.63095238095238,3.833333333333333,6.2936507936507935,0.14285714285714285,0.6111111111111112,9.194444444444445,7.218253968253968,3.1393097643097643,53.370354109827794,5.3769841269841265,4.211111111111111,19.861341154819414,11.458333333333332,8.411721611721612,11.80952380952381,3.958333333333333,3.833333333333333,1.25,3.7179487179487176,0.0,20.793650793650794,0.2
3938.7883308437267,331.5599470148342,1897.5358663928307,722.5797864872444,961.3612733399498,835.6522642875086,1131.199274271112,1127.5738786305908,270.3884672866816,407.5326014555006,185.41306453208625,483.5865258453604,323.2621980416098,264.64967938414566,94.69919941169941,242.080583194305,346.049888735603,557.0280568754308,488.75943690873476,345.5468337218337,123.9313108576764,189.91891164391163,307.78203881397155,459.44457652136225,704.5251913502079,150.54700861308004,99.23401353548412,189.80759031273737,307.77285501449586,132.34551698301698,43.18723120561356,435.6293541946533,66.57857142857142,95.39372294372293,57.651806526806524,43.348214285714285,119.09381846223951,72.49451011951011,109.8240342990343,78.72334656084655,1032.0942161596572,80.48510794760794,117.30814522778807,182.38132788080267,48.20454545454545,229.20560479968373,638.4287167197881,215.58332732082732,80.16566383352098,26.862373737373737,34.81119125972067,109.20012903762904,132.12570467580971,30.032017084222964,18.135531135531135,12.25456798103857,30.335710041592396,26.105636955636953,21.661243386243385,19.18154761904762,110.63997113997114,66.97857142857143,111.26074897324897,3.2678571428571423,117.58159861233169,27.82017543859649,138.4869716749416,103.05758223258223,31.41089466089466,35.848412698412695,115.32446059231773,3.125,43.85732323232323,57.50596625596625,3.2678571428571423,23.486435786435788,13.598214285714286,50.24973544973545,18.876190476190477,50.047348484848484,15.007936507936508,11.620726495726496,60.304971988795515,10.0,31.748214285714283,19.026811151811152,62.39631120513474,11.380792818292818,17.821969696969695,29.633531746031746,15.166666666666668,21.41431485181485,23.332524676537282,4.660443722943723,11.039902126858648,12.139880952380953,0.3106962481962482,31.939023939023937,14.731837606837606,0.7083333333333333,31.291171519112694,8.63095238095238,8.554761904761904,9.61413454270597,3.106962481962482,9.569742426885284,0.3106962481962482,3.5,10.027777777777777,6.791666666666666,0.3106962481962482,24.354822954822954,0.3106962481962482,1.8611111111111112,0.3106962481962482,0.3106962481962482,168.0673715173715,9.69047619047619,221.36276223776224,25.64891858787208,41.92857142857142,23.14484126984127,28.81168831168831,11.666666666666666,26.60313589918853,5.791366041366041,16.72987528344671,14.76082251082251,9.305555555555555,2.273199023199023,31.690852040116745,25.267551892551893,24.34078884078884,67.6945393787499,16.96031746031746,0.47619047619047616,13.308531746031745,5.611111111111111,29.6875,8.324786324786324,5.0,5.65920190920191,24.36161986161986,24.18324037074037,7.076719576719577,14.59126984126984,2.7698412698412698,1.107142857142857,10.086367880485527,0.8680555555555556,11.407407407407407,9.820707070707071,21.333333333333336,0.3598901098901099,3.0386904761904763,5.386904761904762,0.47619047619047616,10.563492063492063,16.27777777777778,13.965811965811966,7.15487012987013,0.16666666666666666,0.0,4.4629930254930255,6.611111111111111,1.8055555555555556,3.1351911976911975,166.9438737188737,1.6666666666666665,72.87939421689421,9.069444444444445,0.22222222222222224,0.888888888888889,26.72041847041847,4.166666666666666,5.743742368742368,9.744186046511627,0.2777777777777778,50.29617604617604,24.636752136752136,0.3125,2.330808080808081,0.15151515151515152,14.277777777777779,36.25,2.8472222222222223,4.722222222222221,3.8095238095238093,1.9805194805194803,4.583333333333333,3.4,6.186046511627907,3.992063492063492,1.0416666666666665,0.0,4.166666666666667,0.41666666666666663,15.398989898989898,0.0,0.0
2026.5856435231435,2.8095238095238093,622.2340067340067,574.5238095238095,893.4746873496873,1532.5253607503607,228.9372655122655,1015.058707033707,251.8664862914863,443.25079365079364,187.67460317460316,466.34401154401155,130.47777777777776,168.94911477411478,77.06587301587301,152.16724386724385,59.23015873015873,249.31154401154402,175.22142857142856,69.628367003367,35.0,131.86269841269842,165.73015873015873,317.06865079365076,269.29329004329,165.33690476190475,16.916666666666664,200.6238455988456,17.733333333333334,14.222222222222221,12.305311355311355,14.083333333333332,50.69047619047619,93.2329365079365,57.82878787878788,108.26973304473304,25.694444444444443,21.153968253968255,64.17063492063491,250.57752525252525,224.44325396825394,107.11868686868686,2.533333333333333,31.189285714285713,541.2400793650794,342.48041125541124,111.22341269841269,8.294444444444444,21.97222222222222,0.0,4.476190476190476,2.622222222222222,269.7654761904762,5.453968253968254,11.672619047619047,7.916666666666666,26.69047619047619,1.1666666666666665,3.5238095238095233,3.3035714285714284,8.366666666666667,36.513888888888886,45.21031746031746,0.0,16.194444444444443,6.25,9.444444444444445,16.224999999999998,5.152777777777778,0.0,18.02777777777778,2.3444444444444446,1.5476190476190474,8.583333333333332,0.0,3.8611111111111107,2.595238095238095,48.24747474747475,28.476190476190474,0.0,3.333333333333333,6.961904761904762,23.13888888888889,8.75,81.08928571428571,1.5128205128205128,0.0,141.0206349206349,30.759920634920633,1.5,3.638888888888889,1.3333333333333333,23.25952380952381,3.846153846153846,3.25,3.25,0.2564102564102564,0.0,0.0,0.0,14.527777777777777,1.1688311688311688,2.25,10.988095238095237,2.564102564102564,3.333333333333333,0.2564102564102564,0.41666666666666663,12.944444444444443,0.5555555555555556,0.2564102564102564,10.805555555555555,0.2564102564102564,8.583333333333334,0.2564102564102564,0.2564102564102564,6.0,7.976190476190475,141.0515873015873,0.0,19.77777777777778,122.04731934731934,10.0,123.06944444444444,0.75,9.38888888888889,1.0,0.0,18.292929292929294,0.41666666666666663,2.5,0.0,4.333333333333333,0.0,6.833333333333333,0.0,0.0,63.31212121212121,5.453571428571428,3.333333333333333,4.325757575757575,20.77777777777778,16.0,3.333333333333333,4.461538461538462,0.0,0.0,0.0,2.2564102564102564,5.916666666666666,3.1666666666666665,0.0,0.0,0.625,1.0,0.0,0.0,1.25,29.416666666666664,3.333333333333333,1.6666666666666665,0.0,0.4444444444444445,5.963203463203463,1.4444444444444444,0.5,1.6666666666666667,3.333333333333333,3.138888888888889,0.0,10.0,12.37560125060125,49.502405002405,0.0,0.0,0.0,0.0,1.8333333333333333,0.4444444444444445,12.722222222222221,56.154761904761905,0.0,0.8333333333333333,0.0,5.0,1.6388888888888888,0.6666666666666666,0.0,0.0,0.0,0.6666666666666666,0.0,0.0,10.002164502164502,5.357142857142857,5.0,0.0,0.625,0.0,0.0
1875.681349206349,80.21388888888889,447.5154761904762,272.6367724867725,543.4308201058201,591.250992063492,192.95469576719577,544.6314814814815,120.70965608465607,348.72865560365557,66.45079365079364,362.4257054673721,89.1361111111111,413.5660052910053,47.692460317460316,73.78535353535354,61.15277777777778,363.463492063492,206.0920634920635,64.125,35.8125,158.66626984126984,187.7138047138047,182.12968975468976,684.6056878306878,31.314814814814813,34.479166666666664,124.61759259259259,63.55773809523809,23.0,18.42361111111111,11.819444444444445,127.85185185185185,10.319444444444445,38.86111111111111,146.61785714285713,30.277777777777775,24.878968253968253,54.41010101010101,516.6519841269841,93.19761904761904,26.5,8.166666666666666,47.083333333333336,393.1148148148148,186.9892857142857,121.91190476190475,20.19047619047619,12.666666666666666,30.13148148148148,26.48333333333333,31.523809523809522,96.87619047619047,4.920634920634921,86.03968253968253,184.52513227513228,177.8621693121693,6.0,63.79365079365079,327.1530423280423,33.833333333333336,2.361111111111111,115.55555555555556,29.357142857142858,7.633333333333333,0.0,5.5,20.194444444444443,3.333333333333333,2.65,40.38809523809524,6.305555555555555,3.333333333333333,16.666666666666664,26.857142857142858,2.111111111111111,125.1181216931217,35.34722222222222,29.953703703703702,2.6296296296296298,10.38888888888889,3.7037037037037033,123.00264550264549,6.916666666666666,2.25,6.111111111111111,2.5,18.47222222222222,5.309523809523809,12.444444444444445,0.18518518518518517,4.166666666666666,18.11111111111111,5.197132616487456,0.0,12.222222222222221,1.3464755077658304,7.944444444444445,0.0,1.5476190476190474,20.083333333333332,33.42857142857143,50.34285714285714,7.261904761904761,4.714755077658303,5.333333333333333,0.34647550776583036,0.0,6.666666666666666,41.827777777777776,0.34647550776583036,28.120767195767193,0.34647550776583036,8.833333333333332,0.34647550776583036,0.34647550776583036,0.0,65.3006734006734,12.666666666666666,0.0,1.6666666666666665,104.1626984126984,1.3333333333333335,44.25,0.0,30.012626262626263,61.09583333333333,18.47608024691358,0.0,21.666666666666664,7.261904761904761,0.0,0.0,6.138888888888889,0.0,0.0,0.0,15.4,7.311111111111111,4.166666666666666,4.166666666666666,11.402777777777779,0.8333333333333333,1.1111111111111112,0.0,0.6666666666666666,10.595238095238095,5.2976190476190474,1.0,16.11111111111111,0.0,0.7142857142857142,5.0,13.680555555555555,3.2323232323232323,0.4,1.5,0.0,33.38333333333333,0.0,33.3587962962963,10.357142857142856,0.0,25.055555555555554,3.333333333333333,4.583333333333333,27.966666666666665,0.0,3.9120370370370368,1.3333333333333333,1.25,7.807341269841269,31.229365079365078,0.0,0.8333333333333333,0.0,0.0,2.5,0.0,110.00859788359789,1.625,13.531746031746032,15.714285714285714,1.25,30.0,0.0,0.0,0.0,0.0,0.75,16.944444444444443,0.0,1.0,8.583333333333332,75.62592592592593,0.8333333333333333,0.0,6.0396825396825395,7.533730158730158,151.59656084656083
603.3430555555556,39.551767676767675,163.65099206349205,89.79351851851851,165.8780303030303,213.8813492063492,46.26917989417989,311.17791005291,28.395833333333332,148.8837481962482,27.93253968253968,107.34038800705467,55.138888888888886,156.38406084656083,9.78968253968254,32.22222222222222,30.166666666666668,155.62936507936507,55.42619047619048,32.375,8.642857142857142,72.03055555555555,91.28505291005291,52.754629629629626,109.54338624338624,6.798941798941799,27.77777777777778,48.40509259259259,42.15694444444444,30.22222222222222,1.8055555555555556,11.819444444444443,63.25,4.333333333333333,12.0,51.44126984126984,2.4166666666666665,18.878968253968253,24.91010101010101,149.4096560846561,20.30079365079365,6.388888888888888,3.875,8.373015873015873,220.4005291005291,31.568650793650793,39.151984126984125,7.833333333333333,1.6666666666666665,8.791005291005291,0.4,10.833333333333332,20.288888888888888,2.7777777777777777,40.48611111111111,33.017195767195766,57.76851851851852,1.6666666666666665,32.77777777777778,130.33305675805676,11.472222222222221,0.0,25.47222222222222,6.916666666666667,4.133333333333333,0.0,0.0,5.0,0.0,1.7333333333333334,18.15,3.508928571428571,0.0,17.625,6.916666666666667,1.1111111111111112,111.85185185185185,1.6666666666666665,9.724537037037036,0.0,0.0,1.037037037037037,57.907407407407405,0.0,0.0,1.1111111111111112,0.41666666666666663,7.722222222222221,0.0,2.0,0.0,0.0,15.416666666666666,5.05050505050505,0.0,5.208333333333333,0.3367003367003367,2.5,0.0,1.2142857142857142,6.25,9.331349206349206,8.2,5.833333333333333,3.367003367003367,10.0,0.3367003367003367,0.0,0.0,5.383333333333333,0.3367003367003367,12.31521164021164,0.3367003367003367,4.666666666666666,0.3367003367003367,0.3367003367003367,1.1111111111111112,34.21734006734007,1.0,0.0,0.0,34.94444444444444,0.0,13.75,0.0,2.6666666666666665,13.755555555555555,6.91358024691358,5.0,1.25,3.333333333333333,0.0,1.0,1.1111111111111112,0.0,4.545454545454546,0.0,2.0,4.811111111111111,1.6666666666666665,0.0,5.944444444444445,0.0,1.1111111111111112,2.5,0.5,7.142857142857142,3.571428571428571,0.0,4.166666666666666,0.0,0.6666666666666666,3.333333333333333,2.291666666666667,1.9444444444444442,0.4,1.5,1.6666666666666665,5.633333333333334,0.0,4.046296296296296,0.0,0.0,4.861111111111111,0.0,0.0,7.188888888888888,0.0,0.0,1.3333333333333333,0.0,1.006060606060606,4.024242424242424,0.0,0.0,0.0,0.8333333333333333,2.5,0.0,29.210978835978835,0.0,0.0,1.6666666666666665,0.0,7.833333333333333,0.0,0.0,0.0,0.0,0.0,3.9523809523809526,0.0,0.0,1.0,8.75925925925926,3.2142857142857144,0.0,2.7777777777777777,4.319444444444445,38.73148148148148
3490.2189756595303,717.2073918857511,894.1843851126717,524.6414918448952,403.19701434186726,111.61219624530383,306.6956369140089,653.6765302249187,107.61455883128563,195.75092658275432,145.11910593583525,175.5930708194469,148.80774563127503,99.65905257739622,42.49744468494468,159.62114894909013,199.0995577135283,71.84697492336811,70.1582584082584,68.78083721833721,7.101388888888889,42.56916776034423,100.37883624312195,219.14868340723604,45.91893249294565,193.86147902092173,38.50453366078366,99.13178528987352,18.84556701468466,57.60013828763829,59.93226548992803,285.3447846271798,328.59139344201265,8.732210497835498,27.29441391941392,50.1249257278669,12.162280701754385,23.48928848928849,5.833333333333333,2.5274725274725274,29.63888888888889,7.0256410256410255,21.730995919789024,38.365800865800864,27.708333333333332,4.787247474747474,1.4512310606060606,11.67094017094017,8.843101343101342,57.54160422910423,48.27579365079365,2.451642326971274,26.381846498241423,0.0,3.511904761904762,13.023078529657477,4.313186813186813,12.648598541980894,23.982903207903206,42.54974747474748,3.6111111111111107,6.167757936507936,13.44017094017094,3.517156862745098,8.791666666666666,8.827466393255866,14.102564102564102,1.2198879551820727,26.22096117390235,1.25,1.3888888888888888,0.625,1.4285714285714284,17.162131519274375,2.267156862745098,2.5,11.559523809523808,3.621212121212121,1.1363636363636362,0.0,35.776864801864804,2.481074481074481,0.0,6.656926406926407,0.5397727272727273,0.6453634085213033,3.125,0.0,2.321428571428571,0.38461538461538464,0.0,0.5555555555555556,0.0,0.8823529411764706,3.333333333333333,0.0,0.3366013071895425,0.0,373.45954355855946,10.833333333333332,0.0,1.380952380952381,0.9444444444444444,0.0,0.5882352941176471,4.230769230769231,0.058823529411764705,17.000466853408028,0.75,9.047619047619047,0.058823529411764705,0.37037037037037035,0.058823529411764705,2.6858974358974357,0.058823529411764705,0.058823529411764705,0.26666666666666666,13.766339869281046,2.5359477124183005,2.517545313881521,23.320436507936506,19.166666666666664,4.19047619047619,4.583333333333333,0.1282051282051282,10.0,2.142857142857143,23.25969097316346,1.4180353959765726,0.5555555555555556,3.3999999999999995,6.667253770194947,0.0,1.6666666666666667,1.0606060606060606,118.00403762903763,5.507215007215008,0.0,1.25,0.7692307692307693,5.0,0.0,6.333333333333333,2.361111111111111,1.3333333333333333,0.0,0.25,0.125,0.8333333333333333,0.0,0.0,1.1428571428571428,7.916666666666666,0.0,1.4055944055944056,5.833333333333333,1.6666666666666665,9.166666666666666,0.0,0.6666666666666666,9.5239898989899,22.5872668997669,3.625,0.0,5.0,0.0,0.5625,0.0,0.0,0.0,7.693941679235797,1.1034688995215312,4.413875598086125,0.30303030303030304,1.4416666666666667,0.0,188.08648002610852,0.0,4.583333333333333,0.0,0.5555555555555556,2.0,1.1274509803921569,21.24621212121212,1.0,0.0,3.1468253968253967,2.708333333333333,109.51586998898212,0.14705882352941177,0.0,5.7829078249336865,0.0,0.0,0.0,0.0,0.0,0.0,0.0,0.0
12517.828376707477,2011.7576238503154,1719.0906972886237,2280.18155147547,1050.7202292086358,348.91776490417794,453.9352559188302,1578.921231460652,566.1450500095742,354.0242113024229,877.6389053891703,724.1955486411113,639.9382732383854,1296.561818345804,129.5967931724954,338.34994676376255,1126.717773455048,450.17605473466574,104.98229499545289,148.0436423997541,154.49035110643987,166.29337789269877,216.22237659365805,291.32598026614306,328.70032976282977,149.61402600132106,421.51202821951904,242.7909930649061,157.14285714285714,64.89718614718615,147.24271026955367,309.0566067065138,240.23001845525346,63.5277084027084,389.0257534070615,451.9502533373299,76.58818846318846,74.41575680420796,113.46067821067821,27.02866066681856,183.72759816111812,31.456043956043956,26.488095238095237,28.404846787199727,99.8015873015873,13.125,14.226190476190476,27.87037037037037,8.11147186147186,131.05650609959775,117.5065253374077,24.254689754689753,130.63608683674474,43.1475960400109,2.2817460317460316,8.511655011655012,27.61838624338624,37.61111111111111,59.54126561260483,189.50205989544224,7.617123617123617,42.8968253968254,38.85045478865703,55.69283721607575,0.6242643124665597,39.06869633099141,27.678370941528836,5.3125,27.38095238095238,41.44444444444444,0.4545454545454546,127.94404139162204,120.6916282642089,29.234126984126984,52.171786994367636,6.111111111111111,42.46711253308663,25.75,2.2777777777777777,8.287037037037036,19.157139157139156,22.428030303030305,16.666666666666668,110.1371723189801,0.0,0.3333333333333333,0.0,0.0,34.54924242424242,3.095238095238095,2.9082491582491583,0.0,0.0,55.793105017810014,108.66839621730927,0.0,3.56676255674289,0.0,1906.2087845947199,15.972222222222221,0.47619047619047616,54.37123924764374,1.6666666666666665,0.0,35.6676255674289,9.90909090909091,3.56676255674289,27.590728715728712,0.0,3.006850680347045,3.56676255674289,0.0,3.56676255674289,74.10406229226454,3.56676255674289,3.56676255674289,61.563641648517375,88.36111111111111,12.222222222222221,37.24617139133268,53.95729473778254,2.5,0.0,5.805555555555555,0.0,5.625,95.9573815976255,37.16320716320716,0.6944444444444444,0.0,1.8703703703703702,23.064814814814817,3.333333333333333,30.0,2.0,477.0104495540434,31.69607843137255,30.0,0.0,0.0,36.25,0.0,88.25,9.736846486846487,0.0,18.625541125541123,0.6451612903225806,0.3225806451612903,15.153198653198654,4.583333333333333,0.0,0.0,80.29761904761905,11.701704703203953,0.25,123.91666666666666,11.698841698841699,2.8571428571428568,0.0,0.0,17.166666666666664,5.3465608465608465,4.809523809523809,11.43939393939394,0.7792207792207793,0.0,0.9090909090909092,5.75,0.0,10.833333333333334,28.833333333333332,3.4993961352657004,13.997584541062801,7.023809523809524,6.912698412698412,0.0,152.3002666818456,1.4285714285714284,28.4,0.0,19.14177489177489,44.26656445406445,7.976190476190476,13.523809523809524,10.0,0.0,5.777777777777778,0.625,381.0439110203155,11.333333333333332,1.6666666666666665,13.806451612903226,0.0,0.0,8.791965352449223,0.0,0.0,11.65079365079365,1.0,5.0
44.36111111111111,0.0,1.25,0.0,13.0,1.875,0.0,0.0,0.0,0.0,0.0,0.0,0.0,0.0,0.0,5.555555555555555,6.25,0.0,0.0,0.0,0.0,0.0,0.0,0.0,1.25,3.3333333333333335,0.0,0.0,0.0,0.0,0.0,5.0,0.0,0.0,0.0,0.0,0.0,0.0,0.0,0.625,0.0,0.0,0.0,5.0,0.0,0.0,0.0,0.0,0.0,0.0,0.0,0.0,0.0,0.0,0.0,5.0,0.0,0.0,0.0,0.0,0.0,0.0,0.0,0.0,0.0,0.0,1.25,0.0,0.0,0.0,0.0,0.0,0.0,0.0,0.0,0.0,0.0,0.0,0.0,0.0,0.0,0.0,0.0,0.0,0.0,0.0,0.0,0.0,0.0,0.0,0.0,0.0,0.0,0.0,0.0,0.0,0.0,0.0,1.25,0.0,0.0,2.5,0.0,0.0,0.0,0.0,0.0,0.0,0.0,0.0,0.0,0.0,0.0,0.0,0.0,0.0,0.0,0.0,0.0,0.0,0.0,0.0,0.0,0.0,0.0,0.0,0.0,0.0,0.0,0.0,0.0,0.0,0.0,0.0,0.0,0.0,0.0,0.0,0.0,0.0,0.0,0.0,0.0,0.0,0.0,0.0,0.0,0.0,0.0,0.0,0.0,0.0,0.0,0.0,0.0,0.0,0.0,0.0,0.0,0.0,0.0,0.0,0.0,0.0,0.0,0.0,0.0,0.0,0.0,0.0,0.0,0.0,0.0,0.0,0.0,0.0,0.0,0.0,0.0,0.0,0.0,0.0,0.0,0.0,0.0,0.0,0.0,0.0,0.0,0.0,0.0,0.0,0.0,0.0,0.0,0.0,0.0,0.0,0.0,0.0
2681.1082170039585,172.36655592695507,1099.4271390824354,764.3308768728937,880.2901899094402,461.2782297845323,301.37521737521735,1465.7247067129308,240.87075622789908,213.5470720799668,199.2848744392862,384.77412193765576,138.46799998165545,440.1073757397287,199.85883234412645,333.69307175084487,59.71752234407033,263.6870146271407,304.2422161172161,201.79599567099567,202.5010430745725,103.71030828803937,165.78294324722896,421.1386293250789,927.2741703130358,173.51457780184006,45.42816905316905,62.63973922902494,153.55301852675802,40.07719567400018,96.18365166579453,123.86573234577436,65.66514504014503,99.87358276643991,0.1098901098901099,42.29194644364923,19.61400370375934,37.5218253968254,11.59126984126984,7.954081632653061,316.98193076764505,27.36370830383435,85.18666518666518,266.93889437495426,166.30640437993378,190.8769795019795,101.63462000962001,33.29540300968873,11.379148629148629,9.18903318903319,13.570861678004535,17.767468642468643,94.30837218337219,34.02701465201465,0.0,5.902613182024947,26.620811961148096,12.575757575757576,0.36963036963036966,9.999018838304552,60.24958701429289,15.50801381158524,22.38095238095238,0.5952380952380952,22.19047619047619,1.2531328320802004,15.087190587190587,78.06746031746032,10.965950715950715,2.25,3.0436507936507935,3.2411297852474323,10.142857142857142,7.73580586080586,0.5952380952380952,34.075877825877825,4.444444444444445,8.215608465608465,14.702380952380953,1.8854723707664882,0.5753968253968254,3.041928309785453,9.055555555555555,2.0476190476190474,6.636904761904762,5.690476190476191,7.1854256854256855,74.72685185185185,13.887657712657713,1.25,46.93573093573094,26.115796901511185,2.033333333333333,0.47619047619047616,1.2222222222222223,0.47619047619047616,0.031746031746031744,7.555555555555555,11.536899608328179,27.004870129870127,8.222222222222221,0.5714285714285714,11.96078431372549,11.285714285714285,0.31746031746031744,16.510864135864136,0.031746031746031744,3.2393483709273183,15.658730158730158,2.5595238095238093,0.031746031746031744,5.137362637362637,0.031746031746031744,2.6693848479562763,0.031746031746031744,0.031746031746031744,66.17016118801833,4.285714285714285,44.68642468642469,0.21505376344086025,1.9047619047619047,16.33928571428571,16.458333333333332,25.46825396825397,4.059523809523809,0.23809523809523808,0.0,9.677248677248677,4.563492063492063,3.6217948717948714,9.62037037037037,23.93341182626897,3.114254792826221,26.45238095238095,1.4285714285714284,12.620748299319727,6.112637362637362,2.3333333333333335,1.841269841269841,1.1587301587301586,0.2857142857142857,2.3636621315192743,7.892857142857142,0.23809523809523808,20.313492063492063,0.7142857142857142,0.7359307359307359,0.36796536796536794,0.3571428571428571,2.0,7.120748299319727,0.0,2.8571428571428568,1.0622710622710623,0.5321239606953893,0.846938775510204,20.85877085877086,5.333333333333333,265.04767058338484,0.0,0.0,0.47619047619047616,0.0,5.0,5.398317221625492,0.3333333333333333,0.5957693100550243,1.4646464646464648,6.541666666666666,1.4285714285714284,4.156746031746032,0.0,0.0,7.193223443223443,1.5714285714285712,3.1101190476190474,0.6051587301587301,9.537878787878787,72.40277777777777,5.111111111111111,0.3401360544217687,3.6654040404040407,0.0,15.599567099567098,1.8333333333333333,3.0902777777777777,4.285714285714285,4.118629908103592,7.368916797488225,0.1680672268907563,1.6666666666666665,1.9354838709677422,2.2857142857142856,2.932234432234432,0.0,1.25,0.0,0.0,0.23809523809523808,0.0
5317.278685992156,1097.9499271636496,1697.2087501366636,1052.972664921902,1096.1816829128718,614.8634941806821,627.762732167459,1822.4816384657308,151.3147525896568,326.57497248101794,275.305022920455,328.7495659967824,256.9736618286541,351.8999447870384,110.03780155030155,258.16845917854323,286.8936914787655,320.53257264464696,440.5440970288659,182.86239243560672,139.93989436489437,260.6713091268487,255.76851428994286,439.85963528016185,241.46866708027423,269.16833072328427,96.88825447213605,204.28993115236977,72.57056110627539,98.31304033656974,60.03804588268874,678.9039306462993,167.87363312483197,110.75464766714767,46.69472216236922,141.94469119130497,69.52713272873046,86.62897868549129,57.32737772653739,7.3902777777777775,430.3471463083532,22.877916065416066,100.26571193356908,131.87439829733063,10.944444444444445,30.438008730400036,132.79408541194255,154.22570253820254,120.93202123962993,45.210437467262544,72.90153233010376,199.1695665789319,91.29383457370989,68.25447046567736,36.4563492063492,92.99885762385762,14.248761042878689,11.204212454212454,27.285773703420762,65.86885799385799,33.330493308434484,9.390376984126984,23.663020848547163,34.5073676264533,27.710807070957447,15.182932822251708,35.01560476560476,39.31687280972995,22.999685538551084,13.889129389129389,118.65856531035102,10.717826763879396,32.28288563288563,72.10024041473622,33.74546286454854,18.091269841269842,10.616161616161616,35.81878306878307,4.498214285714286,3.137896825396825,50.78327922077922,6.081279434850863,6.181672669067627,1.8888888888888888,3.269047619047619,9.209080601937744,93.59852877886934,1.6987179487179487,42.119433942963354,6.270833333333333,4.0140692640692635,7.996212121212121,2.4166666666666665,13.050826659239792,7.317460317460317,2.4666477702191987,0.6005079910688665,11.126408644265787,149.9676142567811,2.0297619047619047,6.581818181818182,3.232804232804233,0.2777777777777778,5.018849206349206,6.005079910688666,0.7111935683364254,0.6005079910688665,37.89906366423394,0.37815126050420167,14.068181818181818,0.6005079910688665,6.197566322566322,0.6005079910688665,0.6060606060606061,0.6005079910688665,0.6005079910688665,14.78363567649282,22.56168831168831,96.63551872104503,13.289092808879303,49.77777777777778,2.5,27.184981684981686,0.0,17.779316108727873,4.633838383838384,22.969322344322343,11.011904761904761,43.05630783101674,3.9387464387464384,4.348863636363637,10.055498395939573,7.675438596491228,17.544694392908678,0.8680555555555556,54.776455026455025,28.950396825396826,1.3333333333333333,21.42628205128205,2.579365079365079,77.56847781847782,1.0357142857142856,46.026785714285715,25.78088578088578,0.86281179138322,11.140873015873016,5.785714285714286,2.892857142857143,11.463554720133667,2.4166666666666665,29.27777777777778,1.396260683760684,2.3295454545454546,6.318012292636353,0.41666666666666663,7.446951659451659,3.0555555555555554,25.224206349206348,6.333333333333333,4.152676027676027,4.408146591970121,15.403697691197692,12.070755633255633,3.8365569615569615,6.184704184704184,2.0502645502645502,10.016233766233766,5.240537240537241,0.41666666666666663,13.38143338143338,25.364148582898583,0.5555555555555556,2.2222222222222223,14.23769176729703,16.01724664224664,5.478185213479331,22.599471198735905,2.204081632653061,11.185876623376624,3.333333333333333,49.28111471861472,1.6773194126135302,3.6254578754578755,21.38809311603429,19.555555555555554,0.423076923076923,53.4490421128579,13.404761904761903,42.130108030108026,9.808166248955722,1.0,20.78979778037623,1.0317460317460316,0.0,3.058922558922559,0.0,7.898504273504273,26.95099345099345,8.206145706145705,5.2
2087.8299619221557,888.8647264802634,351.1226393709679,533.8153966624428,1060.1923610091746,471.9706424948438,271.6111111111111,704.3462744271781,52.16363945032423,95.22933702100369,74.98706075112725,193.212858608867,65.73811715659542,161.901037163117,15.002432752432753,235.6667182024325,232.51553098816206,267.04661592584523,286.9612061413532,161.3189693505096,19.77300824175824,19.775162337662337,56.22156100033338,139.68592342308185,73.53423020692757,118.81091520565205,51.9061100433383,90.980481120187,5.923076923076923,13.919191919191919,6.535714285714286,173.43756388648748,184.56720953813203,8.165445665445665,5.3977272727272725,18.583624333624332,0.37037037037037035,55.19215506715506,8.172479252200613,0.625,12.677754435107376,0.7142857142857142,17.215333277833277,76.73031958778935,27.77777777777778,9.142857142857142,6.462962962962963,13.371212121212121,88.20913345913345,39.71971587188978,10.52910052910053,12.997704944955585,28.70911722134548,5.060229394788218,0.625,10.046296296296296,6.699226699226699,0.358974358974359,8.203750811123594,9.666666666666666,31.059343434343432,0.5729166666666666,0.2777777777777778,155.33832564176222,4.178571428571429,1.0555555555555556,12.681314530223448,0.0,0.0,0.0,6.2272727272727275,13.333333333333332,1.5656565656565657,12.042929292929292,153.83832564176222,0.9090909090909092,0.9090909090909092,5.166666666666666,0.0,0.0,3.9397759103641454,1.1640211640211642,10.332491582491581,0.0,1.732142857142857,0.0,8.208980561921738,0.0,163.38568577548463,3.0,0.0,0.23809523809523808,0.2102870133560671,1.2820512820512822,0.30303030303030304,1.5476190476190474,0.08547008547008547,0.2564102564102564,52.5459281559825,0.0,0.0,2.240165631469979,0.2777777777777778,0.0,0.8547008547008548,31.37973137973138,0.08547008547008547,10.16830065359477,0.9166666666666666,0.3448275862068966,0.08547008547008547,0.6876456876456877,0.08547008547008547,6.944444444444445,0.08547008547008547,0.08547008547008547,4.7142857142857135,2.2222222222222223,0.8333333333333333,3.1416666666666666,0.0,0.0,6.474867724867725,0.8333333333333333,5.815656565656566,1.6666666666666665,0.0,0.0,0.22222222222222224,0.0,0.37037037037037035,15.606481481481481,0.0,2.0076726342710995,0.0,17.930555555555554,0.0,1.0,0.17857142857142855,1.4646464646464648,0.0,0.8333333333333333,0.0,0.04926108374384237,0.0,0.0,0.6666666666666666,0.3333333333333333,4.444444444444445,0.0,7.222222222222222,0.0,10.522486772486772,0.0,0.0,0.3571428571428571,0.8603896103896105,6.458333333333333,0.0,0.0,4.7670565302144245,2.867063492063492,15.72775604025604,15.709401709401709,0.2857142857142857,2.083333333333333,0.0,3.099002849002849,0.0,0.0,17.84722222222222,0.25,1.0,3.7777777777777777,0.0,0.19607843137254902,11.890873015873016,0.0,0.0,0.9523809523809523,3.4999999999999996,0.0,1.0576923076923077,12.083333333333332,0.0,0.0,5.072751322751323,0.0,1.7592592592592593,2.0062111801242235,0.0,2.4,0.0,0.0,0.0,0.0,0.0,0.2564102564102564,1.1111111111111112,0.0
1857.8563045614515,243.83031505531505,443.83302068302066,552.2514045594928,778.2806161431162,777.7962842712842,468.2810185185185,550.9081168831169,91.04761904761905,124.73151431901431,209.09551282051282,164.87797619047618,74.64704149336502,307.9384867009867,38.53194444444444,705.3298997298997,39.97157287157287,186.27003598253597,149.8501984126984,111.77471670486376,101.5029526029526,419.2488955488955,162.95361027861028,255.44506090314914,1571.5711985726691,173.7112914862915,256.050974025974,81.94437229437229,24.5,157.11541426982603,76.84691558441558,5.997405372405372,52.88617724867725,205.73536255411256,10.714285714285714,18.498015873015873,82.33829365079364,19.626190476190477,125.94444444444444,53.05277777777778,30.948412698412696,763.6102929477929,137.9381673881674,261.17857142857144,218.2123015873016,147.18063186813185,64.67215608465608,35.80901182151182,41.862434216110685,0.0,21.178246753246754,1.7277777777777779,107.94765512265512,12.862103174603174,3.145833333333333,13.305555555555555,64.17929292929293,0.0,0.0,14.126984126984127,17.72440476190476,0.5,207.4768759018759,3.6714743589743586,3.3730158730158726,6.901289682539682,0.41666666666666663,10.579365079365079,5.833333333333333,0.2857142857142857,61.276984126984125,0.0,75.98809523809524,0.2857142857142857,3.6714743589743586,2.4613997113997113,0.0,61.52777777777778,50.634325396825396,15.518131868131867,0.625,1.3333333333333333,3.603174603174603,1.6666666666666665,16.73015873015873,0.5714285714285714,0.16666666666666666,45.03968253968254,247.1566697191697,0.0,12.0,0.20833333333333331,20.687698412698413,5.125482625482626,0.0,0.4,0.3416988416988417,14.183333333333334,0.3125,6.94047619047619,84.99146825396825,0.5,100.00297619047619,8.291847041847042,3.416988416988417,4.829151404151404,0.3416988416988417,17.333333333333332,7.347222222222222,16.7281746031746,0.3416988416988417,18.97222222222222,0.3416988416988417,0.0,0.3416988416988417,0.3416988416988417,13.388492063492063,10.333333333333332,234.61071428571427,0.14285714285714285,13.25,253.52539682539683,17.238095238095237,318.6678673178673,0.0,22.89186507936508,12.173809523809524,0.5952380952380952,11.586904761904762,4.455952380952381,0.7738095238095237,24.773015873015872,13.875,12.291666666666666,0.3125,0.0,1.6666666666666667,23.325396825396826,0.0,0.0,9.19047619047619,22.188899063899065,76.99246031746031,0.0,76.57644830659537,0.0,2.75,1.375,0.0,2.766233766233766,4.3125,0.2777777777777778,2.5,0.0,0.7291666666666666,0.9523809523809523,2.333333333333333,23.925,364.0335317460317,0.0,0.0,10.0,0.0,3.995039682539683,17.291666666666664,11.071428571428571,0.8333333333333333,2.375,11.101190476190476,14.522222222222222,0.9090909090909092,5.3180555555555555,21.272222222222222,0.41666666666666663,1.0,0.625,0.0,0.4,19.38888888888889,15.691468253968253,0.0,0.0,0.0,0.5,33.109920634920634,4.3939393939393945,5.0,4.833333333333333,0.0,0.0,11.220833333333333,1.2857142857142856,11.416666666666666,10.073809523809523,1.2916666666666665,0.22222222222222224,4.035714285714286,3.333333333333333,0.5,0.0
530.8294672919673,104.4525974025974,349.8128154525213,146.09662883412884,280.50545496795496,200.99418914418914,310.50026457880597,388.16166426166427,36.28708791208791,74.9242784992785,97.00225885225885,210.69966422466422,38.01274509803921,105.87566227345638,15.335364145658263,90.01145706145707,54.843925518925516,101.45791286211454,196.33588726088726,60.53450491307634,25.519444444444442,64.30274725274725,64.69193722943723,110.21555296555296,245.07244098494098,39.74540043290043,20.19047619047619,74.60414862914863,15.278950216450216,98.53429625929626,10.898809523809524,18.905990173847314,29.25646258503401,34.698412698412696,11.938492063492063,5.904761904761904,20.007906445406444,16.291666666666668,38.14821428571428,16.532890032890034,104.2025012025012,104.74747844747844,23.78769841269841,79.6538961038961,45.54666412019353,173.9232905982906,94.71924603174602,17.902645502645502,10.201814058956916,4.333333333333333,5.01010101010101,25.88059163059163,47.86944444444444,23.206145706145705,4.483333333333333,0.0,24.767676767676768,2.0,2.1428571428571423,0.0,47.656385281385276,1.6666666666666665,80.29957542457542,9.272727272727273,11.411965811965812,12.222222222222223,11.593434343434344,5.491666666666667,9.495238095238095,0.14705882352941177,6.941666666666666,4.666666666666666,11.023809523809524,1.1688311688311688,4.9393939393939394,1.2916666666666665,2.7555555555555555,16.040404040404038,13.619047619047619,3.1127450980392157,2.75,10.297619047619047,6.440476190476191,0.0,1.25,0.5158730158730158,7.5173902894491125,22.55952380952381,14.521284271284271,1.1111111111111112,5.75,3.384615384615384,3.5,2.307692307692308,3.138888888888889,0.22222222222222224,0.15384615384615385,2.0,0.0,8.895493395493395,5.226719576719576,6.125,3.0634920634920637,0.5,1.5384615384615385,0.5,0.15384615384615385,0.0,2.7555555555555555,20.2,0.15384615384615385,11.015873015873016,0.15384615384615385,1.0,0.15384615384615385,0.15384615384615385,19.38095238095238,0.0,11.857142857142856,4.090909090909092,1.5476190476190474,43.95238095238095,0.25,101.83333333333333,1.261111111111111,0.47619047619047616,3.0,9.429222600681227,1.0833333333333333,1.9853896103896103,11.32750814000814,6.791790352504639,0.47619047619047616,0.625,0.0,0.0,0.3125,0.0,2.083333333333333,1.0238095238095237,0.0,1.5363636363636364,2.5,1.3333333333333333,1.411111111111111,1.25,0.4444444444444445,0.22222222222222224,1.0,3.7499999999999996,0.6666666666666666,1.6666666666666665,35.65,0.0,0.75,1.3392857142857142,0.0,5.5,25.535714285714285,0.0,0.3333333333333333,0.625,0.0,4.3,1.6666666666666665,1.4621212121212122,1.8134920634920635,13.03968253968254,3.935185185185185,0.0,0.0,1.895860895860896,7.583443583443584,1.9047619047619047,0.0,0.4444444444444445,0.0,8.928571428571427,4.0,12.904761904761903,0.0,0.0,2.380952380952381,0.0,0.9642857142857142,0.0,0.0,2.962962962962963,0.0,0.0,5.059523809523809,0.0,0.0,0.0,0.0,0.0,0.5128205128205128,0.0,0.0,0.0
61.35816498316498,9.817340067340067,16.50677830940989,10.46007326007326,8.860086112717692,5.892773892773893,14.75,13.283068783068783,6.583333333333333,16.338034188034186,30.02356902356902,8.931818181818182,5.2,4.611111111111111,2.333333333333333,2.9166666666666665,8.684249084249085,7.726475279106858,18.861694067886017,1.4871794871794872,0.2564102564102564,8.906419517874626,7.985714285714286,2.034188034188034,15.166666666666666,5.366666666666667,3.5094905094905093,3.583333333333333,7.305555555555555,5.6725146198830405,4.061111111111111,23.126863876863876,0.43956043956043955,1.6923076923076925,5.333333333333333,0.0,0.0,8.166666666666666,0.2833333333333333,0.0,6.011904761904762,0.28431372549019607,2.8095238095238093,14.943722943722943,0.7264957264957266,0.6666666666666666,12.766666666666666,1.6666666666666665,4.0,0.0,0.0,0.0,6.233333333333333,2.3571428571428568,0.0,0.0,0.9523809523809523,0.0,0.0,0.0,0.41666666666666663,0.0,0.6666666666666666,1.0,0.0,0.2426470588235294,0.0,9.80515683147262,0.0,0.0,5.698005698005698,0.2777777777777778,2.5,0.0,1.0,0.0,0.0,0.0,0.0,0.0,0.0,0.0,0.0,0.0,0.0,5.022222222222222,0.7692307692307693,0.0,1.8333333333333333,0.0,1.2000000000000002,0.0,0.0,0.0,0.0,9.477777777777778,0.0,1.2880116959064327,0.0,0.0,0.0,0.0,0.0,0.0,0.0,0.0,0.0,9.115151515151515,0.0,15.222222222222223,0.0,0.0,0.0,0.6666666666666667,0.0,0.0,9.037296037296036,0.41666666666666663,0.0,0.0,2.0,0.0,3.333333333333333,0.0,0.0,0.0,0.0,0.0,0.42105263157894735,0.0,0.0,1.0,3.333333333333333,0.0,1.1111111111111112,2.5,0.0,0.0,4.0,0.0,0.0,0.0,1.2037037037037037,0.0,0.11111111111111112,0.0,0.0,0.0,0.0,0.0,0.0,0.0,0.0,0.0,0.0,0.0,0.0,0.0,0.0,0.0,0.0,0.0,0.0,0.0,0.0,0.0,0.0,0.0,0.0,2.085714285714286,0.0,0.0,0.0,0.2,0.0,0.0,0.0,0.0,1.6666666666666665,0.0,0.0,0.0,0.0,0.0,0.0,0.0,0.0,0.0,0.0,0.0,0.0,0.0,0.0,0.0,0.0,0.0,0.0,0.0,0.0,0.0
687.941403142249,102.04042165817376,275.067776955382,97.27504770361912,93.66349909275557,130.92434666174162,131.3960606192749,175.48023006794014,41.02306870689223,98.75225495056321,33.76637449851735,93.44775872275872,54.63292488712656,88.19608853642467,40.601190476190474,83.89613561042133,21.34068114425257,88.49083112265885,71.86271413239568,57.145429966858536,26.119550850643286,100.46140771771023,53.17520846722527,82.89700671091649,216.1860741110741,122.69899797525846,23.22770285270285,33.09743695457981,62.07095934721985,28.67633953348239,43.86431154476267,60.81802705491062,11.091258637842488,27.084003298289012,2.5823412698412698,4.891774891774891,36.37648949439915,3.125108225108225,7.851190476190476,19.795395081109366,73.81785931155679,13.008805678448535,38.09480004122861,114.82209358102214,35.11111111111111,46.31878736343022,36.46447467876039,23.250057482200337,11.890538033395176,6.507326007326007,6.845238095238095,4.34750566893424,15.972871572871572,5.753684807256235,0.5663780663780664,4.66955266955267,6.014739229024943,2.3922902494331066,4.29251700680272,0.4013605442176871,27.482251875109014,12.933373349339735,17.812203669346527,0.8333333333333333,1.0671768707482994,9.41165399726324,6.875,19.454468150896723,18.340136054421766,6.6153127917833805,3.333333333333333,4.677913356484785,2.317682317682318,11.78525641025641,0.8333333333333333,23.979613910341463,2.8571428571428568,0.41666666666666663,5.742063492063492,3.008658008658008,1.6666666666666667,6.821428571428571,5.2559523809523805,0.3571428571428571,3.1071428571428568,0.9317111459968602,34.60471717824659,5.129645486788344,1.7460317460317458,4.583333333333333,6.9185219542362395,5.142857142857142,0.42063492063492064,1.3888888888888888,1.040816326530612,0.3333333333333333,0.09259259259259259,1.6402116402116402,3.333333333333333,0.4081632653061224,0.8174603174603174,12.666666666666666,14.702380952380953,0.0,0.9259259259259258,0.0,0.09259259259259259,4.166666666666666,1.7572150072150072,2.238095238095238,0.09259259259259259,1.3151927437641724,0.09259259259259259,1.6125541125541125,0.09259259259259259,0.09259259259259259,26.059731934731932,0.0,8.63718820861678,0.402407116692831,1.9999999999999998,8.660714285714285,2.642857142857143,6.666666666666666,5.912240537240537,1.6179138321995465,2.1666666666666665,4.631519274376417,6.845238095238095,2.2914862914862915,1.440781440781441,3.85899814471243,4.0648518148518145,4.31547619047619,2.0905285190999474,1.4285714285714284,0.0,0.17857142857142855,4.120975515712358,1.0453514739229024,0.7142857142857142,1.386672850958565,12.973871366728508,6.8078231292517,2.380952380952381,0.0,1.1764705882352942,0.5882352941176471,6.798534798534798,0.7142857142857142,7.624716553287981,2.515817515817516,0.0,0.5612244897959183,3.333333333333333,0.0,1.8928571428571428,17.142857142857142,5.254164486307343,0.0,0.0,1.1682330827067668,0.0,2.5,0.47619047619047616,0.0,0.6823979591836734,0.6493506493506495,4.324175824175824,5.287379287379287,0.6277056277056278,0.0,0.0,0.47619047619047616,0.12987012987012989,0.0,0.0,1.6666666666666665,14.989898989898988,5.208333333333333,0.0,0.3710575139146568,0.0,2.5238095238095237,4.235930735930736,0.7142857142857142,0.0,0.0,0.7142857142857142,0.0,3.75,1.9073783359497645,0.0,0.2686202686202686,0.0,0.0,0.47619047619047616,0.0,0.0,0.0
284.1363636363636,18.38095238095238,40.0,85.02380952380952,120.6547619047619,19.166666666666664,48.726190476190474,24.619047619047617,20.0,6.666666666666666,20.0,15.297619047619047,2.0,0.0,13.047619047619047,23.333333333333332,0.0,43.14285714285714,0.0,0.0,10.0,0.0,10.0,21.666666666666668,65.44444444444444,2.2222222222222223,10.0,20.0,13.825396825396824,0.0,59.03246753246753,10.0,0.0,0.0,9.0,0.0,4.416666666666666,3.333333333333333,12.166666666666666,0.0,0.0,0.0,24.88888888888889,3.333333333333333,0.0,0.0,0.0,0.0,10.0,2.0,0.0,0.0,2.5,0.0,0.0,0.0,0.0,0.0,0.0,62.22222222222222,0.0,0.0,0.0,1.6666666666666665,0.0,0.0,0.0,0.0,0.0,0.0,0.0,0.0,0.0,0.0,1.6666666666666665,1.1111111111111112,0.0,0.0,0.0,0.0,0.0,0.0,0.0,0.0,0.0,0.0,0.0,0.0,0.0,0.0,0.0,0.0,0.0,0.0,0.0,0.0,0.0,0.0,5.649350649350649,0.0,0.0,11.25,0.0,0.0,0.0,0.0,0.0,0.0,0.0,12.0,0.0,0.0,0.0,0.0,0.0,0.0,1.6666666666666665,0.0,0.0,24.999999999999996,0.0,0.0,0.0,0.0,6.0,0.0,0.0,0.0,0.41666666666666663,0.0,0.47619047619047616,0.0,0.0,0.0,0.0,0.0,0.0,0.0,0.0,0.0,0.0,0.0,0.0,0.0,0.0,0.0,0.0,0.0,21.761183261183263,0.0,0.0,0.0,0.0,10.0,0.0,6.25,10.0,0.0,0.0,0.0,0.0,0.0,0.0,0.0,0.0,0.0,0.0,0.0,0.0,4.285714285714285,0.0,0.0,0.0,0.0,0.0,0.0,4.952380952380952,0.0,0.0,0.0,0.0,0.0,0.0,0.0,0.0,0.0,0.0,0.0,0.0,22.0,0.0,0.0,0.0,0.0,19.0,0.0,0.0,0.0,0.0,0.0
3573.6431277056276,37.24267399267399,994.9641539619801,844.0269841269841,1558.5482623857624,1115.2263227513226,350.59960317460315,1644.8638047138047,344.8096681096681,1134.6684523809524,398.6607142857143,564.4104377104377,292.60277777777776,295.82380952380953,177.13809523809522,217.2053391053391,168.63030303030303,529.498051948052,327.80079365079365,107.91110509860509,103.9484126984127,200.0581349206349,373.176911976912,652.9376984126984,540.2607503607503,288.0654761904762,146.83928571428572,338.1575096200096,49.5031746031746,25.805555555555554,13.607936507936508,13.367003367003367,47.84199134199134,142.78518518518518,26.757359307359305,89.3797619047619,21.63888888888889,40.23730158730159,134.9156746031746,351.54931457431456,347.7580687830688,243.94646464646465,12.366666666666665,100.125,822.370238095238,525.2392857142856,130.09563492063492,23.831481481481482,64.24761904761904,6.361111111111111,15.80952380952381,13.670833333333333,469.9527777777778,4.420634920634921,46.57539682539682,14.583333333333332,49.86904761904762,1.1666666666666665,5.166666666666667,19.136904761904763,22.116666666666667,34.58333333333333,22.832539682539682,1.3819444444444444,28.95,10.138888888888888,10.011111111111111,9.280555555555555,12.550925925925926,0.0,41.111111111111114,5.011111111111111,6.947619047619047,10.25,1.3819444444444444,3.583333333333333,4.574404761904762,123.67604617604617,39.37619047619047,11.345238095238095,3.333333333333333,4.616666666666667,35.91229603729604,17.5,120.03373015873015,1.0,1.6666666666666665,134.60925925925926,41.143253968253966,3.0476190476190474,3.9722222222222223,1.3333333333333333,36.58715728715728,0.0,0.8333333333333333,3.75,0.0,6.0,0.0,2.1666666666666665,31.285185185185185,1.3910533910533909,79.65079365079364,12.654761904761905,0.0,1.6666666666666665,0.0,1.6666666666666665,18.65277777777778,4.555555555555555,0.0,5.281746031746032,0.0,19.416666666666668,0.0,0.0,2.6666666666666665,1.6666666666666665,148.6626984126984,0.8695652173913043,19.77777777777778,314.89980158730157,22.0,413.5718253968254,13.083333333333332,33.97222222222222,1.0,0.0,29.673881673881674,2.6666666666666665,1.0,0.0,8.0,0.0,15.166666666666666,2.196428571428571,0.0,46.56212121212121,6.953571428571428,3.9999999999999996,0.9166666666666666,38.44444444444444,11.0,0.8333333333333333,13.693650793650793,10.0,2.238095238095238,1.119047619047619,8.833333333333334,8.61111111111111,5.7023809523809526,0.0,0.0,0.0,1.0,0.0,0.0,4.166666666666667,88.22222222222221,4.583333333333333,1.6666666666666665,0.0,0.4444444444444445,12.177489177489177,28.166666666666664,4.333333333333333,2.3333333333333335,2.5,6.888888888888889,0.0,0.4444444444444445,10.268458393458394,41.073833573833575,0.0,0.0,0.0,0.0,3.5,0.4444444444444445,11.579365079365079,34.154761904761905,0.0,0.8333333333333333,0.0,0.0,2.353174603174603,0.6666666666666666,0.0,0.0,0.3333333333333333,1.288888888888889,7.826086956521739,3.333333333333333,13.543831168831169,0.3571428571428571,7.916666666666666,0.0,2.708333333333333,0.0,3.958333333333333
94.83333333333333,10.0,24.833333333333332,25.0,10.0,0.0,5.0,21.666666666666664,10.0,52.0,17.5,32.33333333333333,11.0,5.0,24.0,0.0,0.0,0.0,15.0,10.0,3.333333333333333,7.0,0.0,10.0,0.0,5.0,2.5,22.5,0.0,15.0,5.0,0.0,0.0,10.0,0.0,5.0,0.0,0.0,0.0,0.0,2.5,0.0,0.0,0.0,5.0,0.0,0.0,0.0,0.0,0.0,0.0,0.0,0.0,0.0,0.0,0.0,0.0,5.0,0.0,0.0,0.0,0.0,5.0,0.0,0.0,0.0,0.0,0.0,0.0,0.0,0.0,0.0,0.0,0.0,0.0,0.0,0.0,0.0,0.0,0.0,0.0,0.0,0.0,0.0,7.5,0.0,0.0,0.0,0.0,0.0,0.0,0.0,0.0,0.0,0.0,0.0,0.0,0.0,0.0,0.0,0.0,12.5,0.0,0.0,0.0,0.0,0.0,0.0,0.0,5.0,0.0,0.0,0.0,0.0,0.0,0.0,0.0,0.0,0.0,0.0,0.0,0.0,1.0,0.0,0.0,0.0,0.0,0.0,0.0,0.0,0.0,0.0,0.0,0.0,0.0,0.0,0.0,0.0,0.0,0.0,0.0,0.0,0.0,0.0,0.0,0.0,0.0,0.0,0.0,0.0,0.0,0.0,1.6666666666666665,0.0,0.0,0.0,0.0,0.0,0.0,0.0,0.0,0.0,0.0,0.0,0.0,0.0,0.0,0.0,0.0,0.0,0.0,0.0,0.0,0.0,0.0,0.0,0.0,0.0,0.0,0.0,0.0,0.0,0.0,0.0,0.0,0.0,0.0,0.0,0.0,0.0,0.0,0.0,0.0,0.0,0.0,0.0,0.0,0.0,0.0,0.0
1702.9858524428328,428.2316978795362,559.436810070816,465.0413670910748,463.2938827667819,212.71409924498158,252.33600710762363,392.3132012860673,144.58953777703778,143.29686472673416,109.33188943020876,270.83453524459713,151.4970460296547,136.38310327238898,57.92136382136382,156.20935063613635,180.58852828621735,152.89229267198638,276.33886227864554,57.47705997705997,40.765927524856096,51.514570614570616,92.97541183377471,150.12311517559965,120.96547777619206,93.0966970121382,52.845852727055735,78.49787538558547,64.08698787984503,51.82397784322337,46.5070968484012,170.17285317359952,92.84566954209811,66.28189868983212,6.695600034885749,41.00849885408709,13.654137529137529,45.149411427352604,13.458152958152958,23.044642857142858,75.28827100218078,7.266203703703703,39.4118746993747,56.628684807256235,12.670733678086618,11.846653346653346,9.555272108843537,12.06868944547516,22.32126022126022,13.378103378103377,48.91576830032712,11.3243746993747,44.01581218345924,18.80199615199615,6.2333333333333325,8.846560846560847,8.98015873015873,10.479978354978355,20.367724867724867,15.387153020217536,8.226171579743008,0.6414141414141414,24.703127428127427,26.017087895764366,10.74125874125874,2.0814102564102566,12.275252525252526,4.666666666666667,7.928884374262525,6.0738095238095235,12.31196581196581,4.626068376068376,5.737373737373737,15.30107855107855,14.969468848145318,10.662698412698413,11.929292929292929,19.338382516953946,1.074074074074074,1.9601190476190475,16.889262371615313,1.163888888888889,24.416666666666668,8.079365079365079,2.345238095238095,0.0,11.81547619047619,0.8333333333333333,31.361015128662185,1.6666666666666665,11.012973137973137,3.1436202686202686,5.0,4.326261745616584,1.119047619047619,3.0476190476190474,2.2884174497077723,3.2222222222222223,57.65489816341209,1.4782608695652173,1.5555555555555556,9.796296296296298,0.9583333333333333,0.25,2.8841744970777228,0.30303030303030304,0.2884174497077723,21.345718608876503,0.35384615384615387,151.297636513813,0.2884174497077723,1.0714285714285714,0.2884174497077723,18.469444444444445,0.2884174497077723,0.2884174497077723,12.19047619047619,15.253968253968253,21.63558201058201,20.535404073910264,12.473611111111111,2.9081632653061225,0.6904761904761905,2.5,2.7715728715728716,3.4444444444444446,16.307381507381507,7.58677447587222,7.581018518518518,0.29166666666666663,3.0357142857142856,3.345238095238095,1.5625,7.888888888888888,1.0505952380952381,29.91982091982092,9.471916971916972,5.0,1.5091991341991342,0.0,21.137566137566136,0.3333333333333333,3.471916971916972,20.474491249491248,2.25,0.7589285714285714,0.0,0.0,0.0,0.7857142857142857,3.4689153439153437,3.500690131124914,18.88888888888889,2.9464285714285716,0.0,9.017857142857142,8.738095238095237,5.047348484848484,2.392857142857143,0.0,17.863636363636363,3.0,13.175925925925926,1.5299145299145298,0.0,0.0,1.607142857142857,3.4155844155844153,0.0,9.856018518518518,4.388555888555889,0.0,0.0,11.068783068783068,0.0,1.3446969696969697,18.86111111111111,2.0,29.7758954008954,0.0,0.7411255411255411,4.166666666666666,6.893939393939394,15.672619047619047,0.4,0.4897959183673469,22.566955266955265,7.0,21.22222222222222,0.9722222222222222,0.0,3.6100840336134454,0.0,0.0,0.0,0.0,0.0,2.6984126984126986,1.5725478225478224,0.0
1910.328385818895,512.933918457288,173.8992788257494,460.6606143612722,639.2001111098062,156.1810064935065,252.58035714285714,688.0203272851589,149.0150827025827,195.20672845672846,264.21409578907645,90.74877397160006,50.367948717948714,105.29932281770517,90.01513949013949,109.08974358974359,273.7368253876987,104.54732304732305,70.81179363049567,164.08205914455914,63.317460317460316,206.99110611610612,68.56283068783068,203.23885836385836,146.7248445998446,59.166666666666664,82.32936507936508,120.62508069415964,20.45959595959596,57.5,25.416666666666664,76.44863421179211,289.03041634291634,78.79978354978354,33.276984126984125,25.11111111111111,8.525252525252526,36.335978835978835,16.833333333333332,215.37418300653593,17.051767676767675,12.333333333333332,22.333333333333332,25.058982683982684,175.6941102756892,8.0,3.7222222222222223,3.2488344988344986,7.962962962962963,80.08595300468366,31.084656084656082,10.222222222222221,9.75925925925926,14.063492063492063,102.52314814814815,6.111111111111111,101.74109224109223,5.833333333333333,110.13858363858364,7.235248447204969,4.166666666666666,3.5416666666666665,1.6346153846153846,45.52134646962233,1.6666666666666665,7.5,1.8228532792427317,5.0,21.173076923076923,14.166666666666666,0.0,13.333333333333332,34.083333333333336,11.731481481481481,45.52134646962233,0.0,7.083333333333333,2.5,0.0,5.102564102564102,12.226112667289138,6.027777777777778,2.5,21.627705627705627,4.933712121212121,0.0,4.999999999999999,0.0,26.341269841269842,1.4285714285714284,3.392857142857143,5.75,0.7142857142857142,15.764136824063607,0.8333333333333333,0.0,1.6768443308394496,1.6666666666666667,18.68716931216931,0.0,0.0,137.38095238095238,5.0,0.0,9.625586165537355,0.0,0.9625586165537354,2.125,0.0,0.5,0.9625586165537354,4.5,0.9625586165537354,28.888888888888886,0.9625586165537354,0.9625586165537354,5.0,1.0,7.2727272727272725,0.0,0.41666666666666663,0.0,0.0,0.0,7.5,2.307692307692308,0.0,2.5,0.0,0.0,0.0,6.64021164021164,0.38461538461538464,7.773809523809524,13.166666666666666,63.52960927960928,3.333333333333333,0.0,0.0,0.625,0.3448275862068966,0.0,6.0,5.0,0.0,0.0,0.0,0.0,6.166666666666666,0.0,3.333333333333333,2.380952380952381,0.0,7.916666666666667,0.0,2.5,0.0,6.666666666666666,0.0,6.666666666666666,0.0,1.5,102.50584369334369,0.0,0.0,0.0,2.1428571428571423,2.5,0.0,5.119047619047619,1.6666666666666665,5.5,22.0,0.0,4.444444444444445,0.3333333333333333,30.334249084249084,0.41666666666666663,2.25,0.0,0.0,0.0,21.5,158.78766233766234,0.0,1.5,7.5,0.0,7.208994708994709,3.333333333333333,0.0,1.7803030303030303,0.0,0.0,0.0,0.0,69.47916666666667,0.0,0.8333333333333333,0.0
921.4301808153184,317.6573677466698,197.9968654252652,244.70433752619107,272.21791376240157,89.14538458617406,78.4095238095238,273.7015353441432,27.388827838827837,83.65565907522429,59.42310370788631,70.50229076479076,13.948290598290598,55.57011440940012,20.0515873015873,251.6678729766965,74.71093955755586,156.8349351195461,56.48695286195286,50.13378191856452,8.445512820512821,40.21158784026431,17.375,54.11268796992481,147.7150319550777,39.91984126984127,7.493742368742368,39.142857142857146,11.77504129857071,10.21111111111111,1.7719298245614032,3.3309523809523807,119.6226231624973,11.406746031746032,21.66269841269841,16.88888888888889,11.012896825396824,3.541666666666667,4.107142857142858,6.861111111111111,10.905906593406593,0.5714285714285714,7.816666666666666,80.65077111693653,96.05753968253968,13.972222222222221,0.0,15.48611111111111,11.357142857142856,17.233333333333334,30.115079365079364,2.1642375168690955,2.2222222222222223,9.0,8.285714285714285,1.119047619047619,31.47195767195767,0.0,18.63891996637992,2.5,0.9365079365079364,2.111111111111111,2.0,7.890559732664995,0.0,0.08695652173913043,3.958333333333333,0.3333333333333333,0.0,3.0,1.7013888888888888,0.30303030303030304,2.329059829059829,2.3666666666666667,7.890559732664995,0.2777777777777778,2.5,2.208333333333333,6.011904761904761,0.47619047619047616,4.29978354978355,2.625,0.22222222222222224,10.0,1.1111111111111112,0.8333333333333333,6.833333333333333,11.333333333333332,3.333333333333333,0.0,0.0,0.0,0.0,0.0,0.0,0.25,0.0,0.0,43.941814626597235,0.5,1.6666666666666665,1.8174603174603172,8.595238095238095,3.4375,0.0,6.166666666666666,0.0,1.1111111111111112,1.25,0.0,0.0,0.0,0.0,0.0,0.0,0.0,0.0,0.0,0.0,0.9431438127090301,0.0,7.5,0.9166666666666666,10.0,1.3333333333333333,0.8333333333333333,0.0,0.0,0.0,0.6666666666666666,0.0,0.2777777777777778,0.0,0.0,2.5,0.9090909090909092,2.5,0.0,0.0,0.0,1.4285714285714284,4.666666666666666,0.2857142857142857,0.0,3.333333333333333,0.0,0.0,0.0,8.13888888888889,1.6666666666666665,2.7272727272727275,0.22222222222222224,2.444444444444444,0.0,0.0,0.09523809523809525,1.5,0.15384615384615385,0.0,0.0,0.0,0.10526315789473684,2.313186813186813,1.8749999999999998,0.0,0.0,0.0,0.0,0.0,0.0,3.6363636363636367,0.22222222222222224,0.888888888888889,0.0,0.0,0.0,19.369110275689223,0.0,0.0,0.8333333333333333,6.25,0.0,2.5,1.3333333333333333,0.0,0.0,14.583333333333332,0.0,0.2777777777777778,4.743589743589744,0.0,1.5652173913043477,0.0,0.0,0.0,0.0,2.5,0.0,1.2916666666666665,2.0
448.0939096280415,136.71708152958152,287.94870731120733,73.88462640300875,145.36810874310873,125.99720418470419,120.51127344877345,181.333553021053,12.038359788359788,76.7285742035742,15.308892496392497,61.17581723831724,18.592694070635247,22.54292004292004,13.363095238095237,50.93551587301587,13.33543771043771,81.41061022311023,86.40585571835571,26.353084415584416,27.023809523809522,25.256944444444443,4.832100769600769,70.19186507936507,81.66417147667147,6.583333333333333,11.62037037037037,2.0,1.6666666666666665,18.34325396825397,7.3394660894660895,13.767676767676768,13.565018315018314,12.25,0.8333333333333333,0.4545454545454546,4.290764790764791,10.333333333333332,5.555555555555555,15.391483516483516,47.42270923520923,0.20833333333333331,9.770833333333332,88.41691007618427,70.37301587301587,30.95522533022533,26.140079365079366,8.701770451770452,3.9404761904761902,0.5555555555555556,3.333333333333333,0.75,34.60182178932179,8.509278711484594,2.7787952787952785,0.0,2.3809523809523805,1.4074074074074074,0.0,0.3333333333333333,3.111111111111111,3.0,20.743055555555557,1.9642857142857142,14.037037037037036,0.75,0.0,4.048148148148148,7.376190476190476,0.0,6.388888888888888,0.0,1.3194444444444444,1.079059829059829,1.9642857142857142,1.0909090909090908,0.3125,2.380952380952381,1.25,0.0,0.0,0.625,3.333333333333333,1.0555555555555556,0.0,0.25,0.7142857142857142,5.416666666666666,15.315776815776816,0.0,0.0,1.0680555555555555,4.0740740740740735,0.0,0.0,2.0863095238095237,0.0,0.0,0.0,0.0,0.0,0.0,5.555555555555555,1.1111111111111112,0.0,0.0,0.0,0.0,8.194444444444443,0.0,0.0,0.5897435897435896,0.0,0.0,0.0,0.0,3.9682539682539684,0.0,0.0,0.21505376344086025,2.083333333333333,6.944444444444444,0.41666666666666663,5.849206349206349,0.6623931623931625,0.23809523809523808,0.0,0.0,1.25,1.6071428571428572,0.9722222222222222,12.509615384615385,2.6818181818181817,0.0,0.0,0.3333333333333333,0.3571428571428571,0.0,0.0,0.8333333333333333,0.0,2.083333333333333,0.0,0.0,0.0,0.0,0.0,0.0,0.0,0.0,0.0,1.6666666666666667,0.0,0.0,0.0,0.6071428571428571,0.0,1.4285714285714284,0.2564102564102564,0.0,0.0,0.16666666666666666,0.0,0.0,0.0,0.0,0.2777777777777778,0.0,0.0,5.357142857142858,0.0,0.0,0.0,1.0714285714285712,0.0,2.25,0.0,0.0,6.666666666666667,10.333333333333332,0.0,0.0,0.0,0.0,6.322222222222222,0.0,0.0,0.625,0.0,0.0,0.0,1.9354838709677422,0.0,0.0,0.0,0.0,0.0,0.0,0.0,0.0
1466.6311327561327,358.6976911976912,383.9474206349206,1038.6369047619048,526.510582010582,953.2475198412698,442.28968253968253,791.0436507936507,458.25264550264546,864.5621693121693,262.181746031746,459.80555555555554,153.40740740740742,799.7315797940798,216.1574074074074,180.03373015873015,39.82592592592593,448.1216931216931,234.78174603174602,52.21296296296296,108.38888888888889,334.1494708994709,87.15277777777777,278.8333333333333,298.68055555555554,159.3095238095238,119.25,173.3174603174603,56.50396825396825,55.89393939393939,111.20833333333333,384.58300264550263,182.83333333333334,62.888888888888886,26.833333333333332,16.944444444444443,28.142857142857142,140.45833333333334,66.49531024531025,261.1904761904762,61.05555555555556,38.464285714285715,14.388888888888888,53.36111111111111,207.61111111111111,59.19444444444444,41.111111111111114,26.738095238095237,15.731481481481481,124.21846846846847,15.38888888888889,48.80555555555556,88.72222222222221,14.944444444444445,96.27777777777777,108.77777777777777,32.82222222222222,27.666666666666664,50.0,5.0,15.551801801801801,28.587301587301585,17.0,29.44047619047619,19.88888888888889,8.166666666666666,12.11111111111111,13.61111111111111,25.428571428571427,19.22222222222222,5.888888888888889,2.96765873015873,7.333333333333333,35.27777777777778,19.44047619047619,7.0,22.166666666666664,7.833333333333333,12.770833333333332,43.638888888888886,30.333333333333332,35.0,36.22222222222222,38.0,21.666666666666664,8.833333333333332,7.083333333333332,38.72222222222222,3.0,10.817460317460316,35.611111111111114,8.666666666666666,2.9166666666666665,14.820085782787395,0.8055555555555556,20.5,0.988005718852493,5.055555555555555,1.9047619047619047,6.833333333333333,4.916666666666666,174.4537037037037,7.936936936936936,0.8333333333333333,9.88005718852493,13.388888888888888,0.988005718852493,15.0,0.6666666666666666,37.333333333333336,0.988005718852493,10.0,0.988005718852493,14.0,0.988005718852493,0.988005718852493,12.5,12.11111111111111,16.599999999999998,7.5,2.5,29.166666666666664,4.0,3.333333333333333,4.666666666666666,26.904761904761905,32.0,3.3333333333333335,15.833333333333334,6.25,9.444444444444445,3.9999999999999996,0.0,6.5,22.5,4.339393939393939,7.0,2.7857142857142856,0.0,1.6666666666666665,0.0,4.0,5.333333333333334,5.833333333333333,0.0,0.0,17.71666666666667,8.858333333333334,2.5,10.61111111111111,12.0,8.333333333333332,0.8333333333333333,53.33333333333333,0.0,0.6666666666666666,3.333333333333333,0.0,0.8333333333333333,21.833333333333332,3.333333333333333,5.666666666666667,10.277777777777777,19.166666666666664,7.25,11.083333333333332,2.5,15.476190476190476,3.5,53.666666666666664,1.25,0.41666666666666663,1.6666666666666665,1.6666666666666665,0.0,4.611111111111111,15.333333333333332,0.5,3.333333333333333,22.666666666666668,2.5,0.0,3.333333333333333,6.666666666666666,1.8253968253968254,1.25,3.333333333333333,0.0,3.333333333333333,2.392857142857143,19.015151515151516,0.0,1.6666666666666665,18.5,20.0,0.0,1.6666666666666665,17.5,0.0,9.166666666666666
408.166816979317,88.24801587301587,60.94047619047619,184.46626984126982,125.45701058201058,545.2301587301587,188.5,134.70525988173046,71.35813492063491,43.898809523809526,54.23346560846561,88.63194444444444,41.541666666666664,81.78108465608466,29.221230158730158,92.25992063492063,103.81607142857142,55.94047619047619,139.48611111111111,46.489285714285714,10.63888888888889,55.58630952380952,5.325396825396825,81.68154761904762,78.14781746031746,15.168981481481481,9.107142857142856,31.396942110177402,30.000992063492063,58.27380952380952,23.541666666666664,14.545634920634921,8.412037037037036,52.632936507936506,22.907738095238095,17.256944444444443,10.25,37.38988095238095,23.24503968253968,5.256944444444445,13.951388888888888,14.666666666666666,14.756944444444443,0.0,0.8333333333333333,0.0,3.3333333333333335,0.8333333333333333,3.625,32.083333333333336,57.416666666666664,51.4563492063492,0.5555555555555556,4.270833333333333,0.0,3.9474206349206344,1.3333333333333333,15.574404761904761,7.833333333333333,2.6884920634920633,0.0,23.52149470899471,0.5,0.3125,3.986111111111111,3.333333333333333,25.0,0.0,6.448412698412698,38.34589947089947,0.41666666666666663,4.458333333333333,4.5,0.8333333333333333,0.3125,1.759259259259259,1.25,3.333333333333333,0.0,4.388888888888889,3.541666666666666,3.5416666666666665,2.1666666666666665,2.2261904761904763,0.0,1.1666666666666665,7.765873015873016,1.488095238095238,2.2916666666666665,3.083333333333333,0.0,25.61111111111111,7.166666666666666,4.558289591496423,3.333333333333333,6.770833333333333,0.2761081949886504,0.0,26.267857142857142,13.714285714285714,0.47619047619047616,0.0,0.0,0.0,2.761081949886504,4.583333333333333,0.2761081949886504,5.833333333333333,2.0,0.5,0.2761081949886504,0.3571428571428571,0.2761081949886504,1.6666666666666665,0.2761081949886504,0.2761081949886504,0.0,1.25,0.0,3.0060185185185184,3.482142857142857,0.0,0.0,0.0,0.625,0.0,2.5,1.25,0.625,0.0,0.5555555555555556,15.50595238095238,0.0,1.0416666666666665,0.0,0.47619047619047616,0.0,1.25,0.0,1.2291666666666665,0.0,0.0,1.0416666666666665,0.0,1.1111111111111112,0.0,0.0,0.0,4.583333333333333,0.0,0.0,0.0,3.333333333333333,0.0,1.25,0.5,2.5,0.0,0.0,5.0,0.0,0.0,1.3333333333333333,2.7738095238095237,1.3194444444444444,0.0,0.3571428571428571,3.8809523809523805,0.0,0.0,0.0,0.0,0.0,0.0,1.25,0.0,0.0,0.0,0.41666666666666663,0.0,0.0,0.0,0.0,0.0,0.0,0.0,0.47619047619047616,0.0,31.083333333333332,2.2222222222222223,0.0,2.8666666666666667,0.0,0.0,0.8095238095238095,0.0,0.0,3.4375,0.0,0.0
926.6366594407234,210.1240125498529,310.5088909767481,218.89599051741908,234.52705866480687,315.29066216681423,406.95191389492857,431.56843927826884,123.8237175406293,177.75429362304362,83.97099367054021,260.0446331446331,125.01400405150405,118.42696629934025,98.78827764567201,110.22886458779315,21.892195767195766,131.93231074481074,248.75418874497822,99.08175158175158,65.54460816960817,196.44020285270284,100.27206814349671,190.35905718493692,109.45146652289509,97.58300485746138,147.58294695500578,40.8338036963037,84.00177798392085,155.50231712731713,53.41340685458332,93.17699607815155,23.952380952380953,27.11150547175392,37.27579365079365,37.3015873015873,76.70496269603412,94.20019068233354,78.80036630036629,3.6607142857142856,82.81689342403628,51.910714285714285,113.69069533407767,10.594997486173956,0.0,48.166916416916415,106.89030612244898,109.06275252525252,33.15396888686362,44.78968253968254,97.23148148148148,70.86093967890186,39.12557732122949,42.23888016745159,4.604166666666667,492.4897186147186,11.044372294372293,11.052128427128427,37.730715781359166,46.14087301587301,62.652819402819404,36.80595238095238,31.851190476190474,26.251272808732487,41.99230769230769,1.6448412698412698,18.958333333333332,81.98134920634921,62.27074314574314,10.285714285714285,29.5,15.62797619047619,50.8704822954823,24.246031746031747,26.251272808732487,27.944444444444443,45.583375774552245,15.555555555555555,6.353021978021978,30.71428571428571,52.45747863247863,0.7142857142857142,19.42811355311355,10.204081632653061,0.0,10.714285714285714,113.05442990531999,0.0,6.34090909090909,20.0,23.403769841269842,5.263888888888889,1.25,14.169318797399784,11.5,12.476190476190476,0.7394930480317804,35.28968253968254,6.886724386724387,12.797619047619047,9.60966810966811,42.94047619047619,0.0,0.0,7.894930480317805,1.0,0.7394930480317804,14.856060606060606,0.2857142857142857,1.4285714285714284,0.7394930480317804,0.0,0.7394930480317804,18.895833333333332,0.7394930480317804,0.7394930480317804,13.819291819291818,0.7886904761904762,55.87619047619047,33.35937673437673,15.520833333333334,0.0,30.51001082251082,0.0,7.023809523809524,2.4985994397759104,0.6696428571428571,29.19044701213819,1.3333333333333335,6.0,8.033730158730158,14.92990342990343,16.38014069264069,11.281565656565657,17.395833333333332,34.09126984126984,7.5,5.833333333333333,13.333333333333332,3.75,10.0,5.0,48.42460317460317,26.21197691197691,9.0,0.0,1.6666666666666665,0.8333333333333333,11.325396825396824,1.952380952380952,0.41666666666666663,3.355699855699856,2.33974358974359,9.547619047619047,3.685897435897436,74.26623376623377,18.333333333333332,4.0,1.8888888888888888,2.458333333333333,0.5,0.9545454545454546,1.25,34.318681318681314,0.5,0.0,0.9583333333333333,9.705555555555556,1.0416666666666665,11.398809523809522,4.279761904761904,0.0,0.0,5.499999999999999,3.435185185185185,2.75,40.24242424242424,3.333333333333333,32.05731669124526,0.0,0.9166666666666666,2.5,9.506150793650793,0.49107142857142855,1.5986394557823127,0.22222222222222224,45.8125,3.5809523809523807,0.15873015873015872,6.115079365079365,0.0,17.952380952380953,0.0,0.25,7.499999999999999,0.0,11.805555555555555,33.333333333333336,0.0,0.0
129.90509259259258,38.0651455026455,43.62247474747475,51.4253008895866,93.91435185185185,72.38979076479076,74.48319042069042,55.82094275052022,12.40079365079365,44.37484737484737,14.531751336077292,44.00595238095238,9.541005291005291,2.4116161616161618,33.16524789764226,57.36210317460317,2.3386243386243386,62.36904761904761,36.9239417989418,3.0,2.5,38.05357142857142,32.59722222222222,22.55537518037518,33.166666666666664,13.839285714285714,11.833333333333332,20.84602322102322,16.319444444444443,12.325396825396824,22.17887667887668,0.41666666666666663,4.583333333333333,0.1388888888888889,15.208333333333332,20.69047619047619,12.179777992277991,5.732142857142857,41.94345238095238,5.56547619047619,8.708333333333334,6.666666666666666,21.463751526251524,0.0,0.0,1.25,4.160714285714286,2.833333333333333,7.250661375661375,8.392857142857142,61.75,3.3030303030303028,3.0998168498168495,29.155546834118258,4.479166666666666,0.625,2.083333333333333,3.861111111111111,11.753787878787879,14.390873015873016,0.0,0.0,12.5,6.0372023809523805,0.0,0.0,0.0,0.0,12.101190476190476,3.7499999999999996,0.8333333333333333,2.0535714285714284,10.223006272401433,6.261904761904762,6.5372023809523805,0.9027777777777778,2.5,1.7857142857142856,1.0416666666666665,0.0,2.1875,2.0,0.0,0.625,0.0,0.41666666666666663,11.755952380952381,0.0,1.3333333333333333,0.0,7.5853174603174605,0.0,1.0,5.07465923399022,10.5,0.0,0.338310615599348,0.3571428571428571,0.3333333333333333,0.0,0.0,2.75,0.0,0.0,3.88310615599348,0.0,0.338310615599348,5.0,0.0,0.0,0.338310615599348,0.0,0.338310615599348,1.6666666666666665,0.338310615599348,0.338310615599348,0.19230769230769232,4.538690476190476,0.0,25.63120213120213,9.494047619047619,0.0,0.5,0.0,0.0,0.0,0.6696428571428571,11.950604838709678,0.0,0.0,5.089285714285714,0.0,0.0,0.0,0.0,3.333333333333333,8.0,0.0,0.0,0.0,0.0,0.0,0.5,0.0,0.0,0.3333333333333333,0.0,0.0,5.095238095238095,0.0,0.0,1.9141414141414141,8.767857142857142,0.5,0.7291666666666666,0.0,5.19047619047619,0.0,0.0,1.0,5.416666666666666,0.0,0.0,0.0,0.8333333333333333,0.0,0.41666666666666663,0.0,0.0,7.875,4.303571428571429,0.0,0.0,0.0,2.0833333333333335,0.0,6.934523809523809,0.0,0.0,0.0,2.5833333333333335,2.5,0.0,0.3125,0.0,0.0,2.0625,1.5,0.0,7.781746031746031,0.0,2.142857142857143,0.8333333333333333,0.0,12.794642857142856,0.0,0.41666666666666663,3.333333333333333,0.0,0.0
1123.8712606837607,102.38782051282051,853.7336691086691,289.37387427387426,231.70238095238093,221.15178571428572,163.4105894105894,454.6349206349206,91.92301587301587,304.00694444444446,99.11111111111111,367.41666666666663,191.875,232.34722222222223,181.44444444444443,115.75132275132275,17.444444444444443,185.28174603174602,93.94047619047619,33.27777777777778,25.928571428571427,180.46825396825398,59.669444444444444,131.5,124.83333333333333,92.7579365079365,57.33333333333333,169.11111111111111,21.917094017094016,68.74603174603175,31.041666666666668,35.0726046828988,31.65,31.51388888888889,15.416666666666666,15.75,40.48015873015873,19.305555555555557,26.11111111111111,11.155555555555555,31.54816017316017,40.77777777777778,79.78282828282828,217.07242063492063,129.51388888888889,135.77777777777777,92.69444444444444,33.30555555555556,8.958333333333332,6.25,23.833333333333332,4.583333333333333,59.799145299145295,15.898351648351648,6.957875457875458,0.0,43.73015873015873,4.444444444444445,23.625,15.0,13.194444444444443,13.745039682539682,11.75,5.555555555555555,4.166666666666667,0.5555555555555556,1.8055555555555556,1.6666666666666665,14.86111111111111,3.333333333333333,7.499999999999999,1.25,0.0,4.444444444444445,5.0,2.833333333333333,3.333333333333333,5.333333333333333,10.935897435897436,4.375,0.0,4.143939393939394,2.5,1.25,6.583333333333333,34.916666666666664,0.0,25.549999999999997,0.0,20.833333333333332,5.333333333333333,0.8333333333333333,1.5833333333333333,0.0,2.361111111111111,6.845588235294118,0.0,8.75,0.625,18.333333333333332,18.666666666666664,0.0,17.333333333333332,12.916666666666666,0.0,0.0,0.0,0.0,4.444444444444445,0.7142857142857142,0.0,0.41666666666666663,0.0,0.0,0.0,0.0,2.0,0.0,23.333333333333332,0.0,0.0,23.54484126984127,3.333333333333333,112.97222222222221,0.0,16.319444444444443,0.0,0.0,16.63888888888889,5.303571428571428,0.0,0.0,8.541666666666666,1.875,1.1111111111111112,0.0,10.0,2.5694444444444446,0.1904761904761905,6.666666666666666,0.0,1.0,0.8333333333333333,0.0,16.89484126984127,0.0,1.6666666666666665,0.8333333333333333,0.0,5.0,0.0,9.083333333333332,0.0,0.0,6.444444444444444,0.0,0.0,0.0,65.0,0.07692307692307693,0.0,0.0,0.4,0.0,8.333333333333334,1.0,0.0,0.0,2.2222222222222223,0.0,1.25,0.0,0.0,0.0,0.0,0.0,0.0,4.107142857142857,7.222222222222222,0.0,0.0,0.0,0.0,0.0,0.0,0.0,0.0,0.0,0.0,0.0,2.0,0.0,3.6666666666666665,2.6666666666666665,0.0,0.3125,0.0,5.0,0.0,0.8333333333333333
614.8551587301587,29.061507936507937,273.3938492063492,57.513888888888886,141.65079365079364,75.97387566137566,25.0,307.39351851851853,33.6438492063492,141.09722222222223,26.73412698412698,70.64351851851852,32.94444444444444,90.89351851851852,95.09259259259258,6.921296296296297,32.714285714285715,76.28968253968254,65.27777777777777,16.666666666666664,21.944444444444443,8.825396825396826,60.416666666666664,27.153769841269842,6.944444444444444,67.56944444444444,30.0,44.74801587301587,5.833333333333333,9.365079365079364,8.607142857142858,0.9821428571428571,8.75,10.575396825396826,0.41666666666666663,17.916666666666668,7.5,8.333333333333332,10.63888888888889,17.738095238095237,5.166666666666666,5.0,0.0,48.23015873015873,168.10714285714286,69.50925925925925,1.9444444444444442,3.4722222222222223,7.361111111111111,0.0,2.4206349206349205,0.0,4.298611111111111,0.0,0.15873015873015872,0.0,4.166666666666666,0.0,0.0,0.0,5.0,1.2946428571428572,0.7142857142857142,0.0,2.083333333333333,0.5555555555555556,0.0,2.5,1.0,0.2777777777777778,1.6666666666666665,0.0,0.0,0.0,0.0,0.0,1.4285714285714284,8.333333333333332,11.666666666666666,0.0,0.0,0.0,3.333333333333333,12.0,5.333333333333333,3.333333333333333,0.0,4.206349206349206,0.0,0.5,0.0,0.0,0.0,0.0,0.0,0.0,0.0,5.0,0.0,0.0,13.5,0.5555555555555556,9.222222222222221,3.333333333333333,0.0,0.2777777777777778,0.0,0.0,7.5,0.0,0.0,0.0,0.0,0.625,0.0,0.0,0.0,1.6203703703703702,0.0,0.0,0.0,26.333333333333332,0.0,447.59259259259255,0.0,0.0,0.0,0.0,0.0,0.9126984126984127,0.16666666666666666,0.0,0.0,0.0,0.0,0.14285714285714285,0.0,0.37037037037037035,0.0,0.0,1.2222222222222223,0.0,0.0,0.0,0.25,0.0,0.0,0.0,0.0,0.0,36.666666666666664,0.0,0.0,0.0,0.6666666666666666,0.0,0.0,1.1111111111111112,19.444444444444443,0.0,0.0,0.0,0.0,0.9632034632034632,0.0,0.625,0.0,0.0,0.0,0.0,0.0,0.25974025974025977,1.038961038961039,0.0,0.0,0.5555555555555556,0.0,5.0,0.0,4.761904761904761,0.0,0.0,0.0,0.0,0.0,0.7142857142857142,0.0,0.0,0.0,0.0,3.333333333333333,0.0,1.75,3.333333333333333,0.5555555555555556,0.0,0.0,0.0,0.0,0.0
897.543172470804,50.379420774157616,484.798447507658,240.53247955747955,219.5,121.96255060728744,126.05952380952381,252.15793650793648,57.32857142857142,253.1238095238095,58.09613997113997,113.06462585034012,62.287157287157285,196.76084656084655,66.34126984126983,101.38823187394615,26.432539682539684,184.68648904006045,56.70039682539682,16.964285714285715,67.96174658674659,88.7885582010582,62.65238095238095,171.25913253413253,62.38765664160401,56.358714628451466,20.988095238095237,61.23015873015873,30.853601953601952,54.51190476190476,24.07936507936508,19.075396825396826,23.962301587301585,33.50909645909646,33.98148148148148,12.791666666666666,37.16720779220779,20.396825396825395,19.787481962481962,22.822222222222223,50.31150793650794,65.96825396825396,18.055555555555554,46.56150793650794,69.27182539682539,99.06071428571428,32.96296296296296,36.19444444444444,22.636904761904763,5.267857142857142,0.9722222222222222,9.003427128427129,32.03589743589743,9.063492063492063,15.509740259740258,0.9788359788359788,11.666666666666666,2.8333333333333335,26.648809523809522,2.0,12.444444444444443,7.126443001443001,2.5,0.5555555555555556,0.625,3.24025974025974,3.984126984126984,0.8333333333333333,1.0,3.9166666666666665,4.583333333333333,1.3293650793650793,0.0,0.0,0.0,5.586880711880712,3.333333333333333,0.47619047619047616,2.692857142857143,6.202380952380952,0.41666666666666663,1.1111111111111112,3.75,0.0,1.6666666666666665,18.797619047619047,0.6060606060606061,20.651851851851852,2.8571428571428568,6.388888888888888,27.61005661005661,9.761904761904761,2.5,2.4193548387096775,3.407738095238095,8.904761904761905,0.16129032258064516,10.470238095238095,1.3154761904761905,12.805555555555555,7.0,0.0,20.99206349206349,6.396825396825397,1.6129032258064515,0.8241758241758241,0.16129032258064516,0.0,7.8809523809523805,0.0,0.16129032258064516,3.8928571428571423,0.16129032258064516,1.5714285714285714,0.16129032258064516,0.16129032258064516,0.0,0.0,6.0,0.0,0.0,56.94365079365079,0.0,41.78373015873016,2.875,1.6666666666666665,1.0,3.25,7.361111111111111,4.166666666666666,0.41666666666666663,7.377289377289377,2.4657287157287158,0.7142857142857142,1.7045454545454546,0.0,3.4224867724867725,2.456349206349206,0.6071428571428571,1.3523809523809525,0.0,3.819444444444444,0.0,0.0,4.053571428571428,0.0,0.47619047619047616,0.23809523809523808,0.0,0.5705128205128205,4.158730158730158,0.0,0.0,0.0,5.712962962962963,0.0,4.385734635734636,0.3333333333333333,21.119047619047617,1.6666666666666665,0.0,0.0,1.1142857142857143,0.0,3.1666666666666665,0.3333333333333333,0.0,0.17857142857142855,9.444444444444445,0.0,1.8055555555555554,0.0,0.0,0.0,0.0,0.75,1.3714285714285714,0.9523809523809523,0.0,2.5,0.0,1.5833333333333333,0.0,0.0,0.0,0.7777777777777778,0.0,0.0,0.0,0.0,2.142857142857143,0.0,0.0,0.0,0.0,3.0357142857142856,0.5357142857142856,0.0,0.0,0.8333333333333333
467.6125360750361,8.880952380952381,212.31042568542568,75.01051587301588,369.075,187.92460317460316,45.5,151.35780423280423,46.888888888888886,111.61309523809524,30.928571428571427,52.52777777777778,9.63888888888889,77.58928571428571,45.08333333333333,19.3125,18.345238095238095,117.01150793650794,16.863095238095237,15.688888888888888,14.142857142857142,18.59027777777778,49.07142857142857,97.95416666666667,18.0,15.11111111111111,11.5,17.508333333333333,2.066666666666667,15.893939393939394,14.541666666666666,16.648809523809522,77.8125,12.022222222222222,6.333333333333333,7.75,43.33333333333333,3.0555555555555554,31.826984126984126,68.80555555555556,20.523809523809522,28.875,0.0,34.72142857142857,84.48809523809524,45.14682539682539,12.5,17.023809523809522,0.0,8.055555555555555,0.0,0.25,13.489880952380952,1.1111111111111112,17.5,0.0,0.8333333333333333,0.3333333333333333,47.63333333333333,3.333333333333333,0.9953703703703703,6.166666666666666,2.9166666666666665,0.0,0.0,2.4285714285714284,10.357142857142856,0.47619047619047616,0.0,0.0,1.1111111111111112,0.0,0.0,4.0,0.0,0.8333333333333334,2.142857142857143,3.333333333333333,1.9666666666666668,1.1111111111111112,0.0,24.166666666666668,0.0,0.5,2.0,0.8333333333333333,0.0,4.166666666666666,0.0,0.0,0.3333333333333333,0.0,0.0,0.0,2.895833333333333,0.0,0.0,0.0,3.5833333333333335,1.0,1.7,0.0,5.791666666666666,14.433333333333334,0.0,0.0,0.0,1.0,0.0,0.0,0.0,3.25,0.0,0.0,0.0,0.0,0.0,0.0,0.0,0.0,3.333333333333333,12.246031746031745,0.0,32.61904761904762,1.0,0.0,0.0,3.25,0.0,0.8333333333333333,0.0,3.3035714285714284,1.0,5.166666666666666,0.0,1.6666666666666665,0.4,3.25,0.6666666666666666,3.9,0.0,0.0,0.0,3.333333333333333,0.3333333333333333,1.1857142857142857,0.0,0.0,2.5,0.0,0.2777777777777778,0.0,0.8333333333333333,0.0,0.8333333333333333,0.0,0.0,0.0,4.833333333333333,0.5,0.0,1.6666666666666665,2.5,0.0,2.0,0.0,0.0,0.0,0.0,0.0,3.333333333333333,0.0,0.0,0.0,0.2857142857142857,0.0,0.8,0.0,0.0,7.833333333333333,0.0,2.8333333333333335,0.0,0.0,0.0,0.0,0.0,0.0,0.0,0.0,0.6818181818181819,0.0,0.0,0.0,0.0,0.0,0.0,0.0,0.0,5.0
1039.2005519398901,102.77480158730158,1030.4559493494367,1010.8290237540238,683.1393315018315,486.69564550787373,334.375555000555,730.6636564824064,307.400525210084,478.9156364468864,175.52565836940838,371.6973901098901,190.54983766233767,406.82824374699373,199.34029304029303,245.47327124629754,25.37053571428571,555.3956482114377,130.89784035409036,29.98263888888889,79.50156440781441,125.81884018759018,134.199044011544,474.03654047477573,154.6969246031746,344.66409394698866,59.10464413037943,179.13742368742368,63.66609750984751,417.1853918600933,57.41305916305916,15.26797385620915,101.74251443001442,70.52539682539683,89.38948412698413,110.37549603174602,144.32575757575756,43.01402417027417,71.64719863469864,202.5006591536483,105.00631313131314,136.7092803030303,4.75,224.7162339294692,231.25532106782106,372.8633838383838,82.64075854700855,65.74051295926296,30.926785714285714,39.87638888888889,4.565476190476191,57.70833333333333,79.81810134310135,9.617724867724867,83.32281746031745,40.24458874458874,57.74590336134454,13.194444444444443,253.26421957671957,38.966561624649856,15.356195887445887,36.92851307189542,5.125,3.1571969696969697,5.109126984126984,49.71180555555556,20.083333333333332,4.410308441558442,2.2777777777777777,0.5555555555555556,17.738839285714285,1.056860902255639,7.097222222222222,3.0277777777777777,3.1571969696969697,2.0217731829573933,56.98611111111111,19.799278846153847,64.6686683006536,14.434640522875817,2.5,0.0,6.0,15.36706349206349,9.663690476190476,9.908730158730158,0.0,36.85436507936508,2.188888888888889,9.203869047619047,6.347222222222222,2.9166666666666665,27.941973304473304,5.58306277056277,5.81109022556391,3.75,0.3722041847041847,5.989583333333333,0.3333333333333333,2.764880952380952,22.18690476190476,14.13888888888889,32.2662037037037,29.22850529100529,3.722041847041847,2.583333333333333,0.3722041847041847,10.625,9.207341269841269,1.9444444444444444,0.3722041847041847,5.854166666666666,0.3722041847041847,11.172619047619047,0.3722041847041847,0.3722041847041847,6.479166666666667,2.083333333333333,14.885912698412698,0.5357142857142856,5.758928571428571,46.98466810966811,7.658333333333333,122.11547619047619,1.4895833333333333,2.7142857142857144,4.75297619047619,7.15625,0.0,12.413690476190476,0.3125,0.0,11.384241854636592,1.25,2.982456140350877,0.0,1.9625,20.970238095238095,2.277529761904762,6.300297619047619,0.0,17.533730158730158,1.4285714285714284,0.0,14.01388888888889,3.482142857142857,2.763157894736842,1.381578947368421,0.5,1.88003663003663,0.0,0.0,0.0,0.0,6.875,5.0,0.625,0.0,47.914186507936506,1.6369047619047619,1.25,6.25,5.0,3.4375,3.178571428571429,0.7638888888888888,0.0,1.25,7.205555555555556,0.0,0.6666666666666666,4.128520856102378,16.514083424409513,0.5,0.0,6.027777777777778,0.8,18.166666666666664,2.0,23.69047619047619,3.6785714285714284,11.204545454545455,0.0,0.0,0.0,19.007936507936506,0.0,0.7738095238095237,0.0,0.25,12.4375,0.0,1.5555555555555556,7.583333333333333,1.7083333333333333,17.938492063492063,0.5625,6.666666666666666,0.625,1.5
682.4022401682424,20.893849206349206,224.67097763347763,107.77808996558997,112.2292785917786,156.03674256870767,103.6327380952381,256.5260327513617,96.9658029878618,185.67555708180709,52.958859427609426,108.66539987789987,53.49094516594516,125.97030122655121,74.44411402437719,112.72483449786081,36.96775793650794,153.65538847117793,60.65418956043956,19.42311507936508,14.641369047619046,50.304157647907644,20.69273088023088,95.0437675070028,62.87152777777778,70.67807071096544,25.934009209744502,41.11797924297924,55.581123857768596,27.442890314020346,15.686868686868685,9.308377896613191,30.28472222222222,19.770676691729324,22.413690476190474,57.16041666666666,26.827380952380953,44.597357503607505,22.859103396603395,43.61198671497584,51.289862914862915,38.70747655122655,14.083333333333332,76.44654528478057,43.52516233766234,94.6359126984127,65.42708333333333,18.87633547008547,3.1785714285714284,3.6875,3.4404761904761907,6.0,26.395833333333332,8.284391534391533,22.661706349206348,30.864628427128427,21.592728758169933,5.75,16.145833333333332,26.133228291316527,9.043695887445887,4.150735294117647,3.125,4.262460127591707,3.859126984126984,5.922916666666667,4.166666666666666,7.411682067932068,8.0,1.25,15.24280753968254,6.399122807017544,5.763888888888889,0.25,4.262460127591707,2.0217731829573933,12.458333333333334,17.299278846153847,8.845057189542484,11.323529411764707,0.125,1.2777777777777777,3.9999999999999996,5.7142857142857135,16.395833333333332,5.1309523809523805,1.25,5.7559523809523805,1.3888888888888888,11.822916666666666,4.097222222222222,2.7777777777777777,4.551136363636363,0.9154040404040404,4.81109022556391,2.638888888888889,0.06102693602693603,4.849232456140351,0.0,0.3125,8.878968253968253,6.527777777777778,7.935119047619048,5.3125,0.6102693602693603,7.583333333333333,0.06102693602693603,0.625,7.7976190476190474,5.416666666666666,0.06102693602693603,1.5486111111111112,0.06102693602693603,6.339285714285714,0.06102693602693603,0.06102693602693603,5.701388888888888,2.083333333333333,16.552579365079364,0.5357142857142856,0.8928571428571428,25.66720779220779,4.210714285714285,31.547619047619047,14.980715008675535,1.9444444444444444,16.33075396825397,4.114583333333333,0.0,7.913690476190476,0.0,0.0,9.717575187969924,1.25,2.1491228070175437,0.14285714285714285,0.3125,2.0833333333333335,1.4441964285714284,0.15625,0.41666666666666663,8.700396825396824,1.4285714285714284,0.0,12.583333333333332,5.357142857142857,0.2631578947368421,0.13157894736842105,0.5,0.41666666666666663,0.0,1.0,0.0,0.0,3.333333333333333,0.5555555555555556,0.625,0.0,32.13640873015873,2.470238095238095,0.625,2.9166666666666665,0.0,3.4375,0.17857142857142855,4.930555555555555,0.0,4.027777777777778,1.875,0.0,0.0,3.2194299470114687,12.877719788045875,0.41666666666666663,1.6666666666666665,0.0,0.0,2.625,0.0,5.726190476190476,3.6785714285714284,0.0,0.0,0.0,0.0,7.5,0.0,0.7738095238095237,0.0,0.0,1.8125,0.0,0.0,5.0,1.7083333333333333,5.244047619047619,0.8680555555555556,0.0,0.625,2.75
4774.083577037939,421.04829363369277,2442.831479886356,1668.26819146462,1559.6410783106437,1535.609348720063,511.0380494505494,1875.2060893399657,600.512575030012,979.1070098274046,499.27770767960396,700.1187187760025,427.2054674161817,835.6162132458808,544.6808140933141,598.445516783882,174.47911581595793,999.7019029251172,352.16611846758906,106.44963818860877,190.36772255522254,307.79761958785065,690.2914292057148,814.0692606226025,695.1224133009847,453.6810330814532,119.58018925518925,442.60840806019377,198.93104620942967,303.3467004456058,256.0432568753997,260.7614794860547,212.55886243386243,230.98908948194662,132.58422873422873,358.03599406269683,162.5533962556519,142.7589526214526,198.24839327339328,287.1630102040816,281.8041775023918,225.23344273606878,49.991402116402114,411.75466596895166,726.4301587301587,813.2641354016354,295.8796296296296,233.600906302692,65.35704948646125,60.720382395382394,33.51449443413729,72.85858585858585,187.48972138972138,27.01911732058791,177.05636724386724,42.24279938471115,128.3973992627354,8.222222222222221,177.7575271950272,100.7731030873888,41.80257242757243,34.931508209344344,44.89583333333333,7.146825396825397,38.266865079365076,61.82091714328556,5.7896825396825395,31.467698967698965,10.959998334998335,11.777777777777777,36.60291005291005,10.160177404295052,15.563095238095238,28.805250305250304,6.234126984126984,17.656325156325156,50.86752136752136,49.34457671957672,89.2095238095238,21.173520923520922,9.384920634920634,13.556302824159967,22.375,10.797619047619047,33.92559523809524,29.075396825396822,9.525538119288118,170.26871693121691,7.7749999999999995,26.315764790764792,56.0287074037074,8.817932728647014,59.20357142857143,20.25090836582772,25.283730158730158,8.931987946693829,1.7667272243885148,12.030739728108149,31.198936645365215,19.488095238095237,50.079365079365076,15.515873015873016,105.25608558108557,58.77777777777778,16.00060557721848,36.092032967032964,1.350060557721848,0.9761904761904762,21.270833333333332,25.517857142857142,1.350060557721848,30.33531746031746,1.350060557721848,10.529761904761905,1.350060557721848,1.350060557721848,25.36063737849452,13.36111111111111,36.817712842712844,6.770833333333333,6.092261904761904,430.2735805860806,14.085714285714285,461.85882034632033,19.04739850792482,9.777777777777777,25.62202380952381,13.25,3.005050505050505,11.02083782230841,7.330555555555556,12.016745159602301,10.003143681715109,18.89034780578898,11.859126984126984,8.015697794269222,1.9888278388278389,26.050770525770524,9.162698412698411,41.82857142857143,9.035714285714286,41.44553347654851,12.059523809523808,8.571428571428571,25.95357142857143,26.3531746031746,12.452597402597402,6.226298701298701,2.3571428571428568,18.11813186813187,9.100907029478458,13.569985569985569,5.34047619047619,11.662271062271062,15.664068405139833,7.069160997732426,8.904354904354904,10.58974358974359,136.79352195423624,18.375,4.722222222222222,7.642857142857142,9.916666666666666,1.3333333333333333,13.488060811369081,9.968253968253968,12.817991532277246,2.9642857142857144,14.597222222222221,1.6785714285714284,21.63690476190476,3.205729564553094,12.822918258212376,5.681318681318681,6.291666666666666,27.523809523809522,4.738492063492063,20.15972222222222,5.606427125506072,84.50595238095238,2.006802721088435,20.194444444444443,1.9166666666666665,16.87797619047619,3.5666666666666664,3.0,10.119047619047619,3.007518796992481,9.035583464154891,0.9159304747540042,9.791666666666666,0.0,8.646825396825395,13.0,23.777380952380952,16.491071428571427,3.202380952380952,10.416666666666666,6.634920634920634,3.0
414.11599927849926,33.292568542568546,252.93988095238095,118.60515873015872,128.47579365079363,109.29391534391534,23.422619047619047,52.8531746031746,45.93849206349206,78.16190476190475,18.75,27.148809523809522,12.612698412698412,60.041666666666664,48.95667989417989,31.76653439153439,13.685714285714285,140.3763888888889,6.310714285714285,6.839682539682539,7.542857142857143,26.59722222222222,44.45079365079365,80.30218253968253,41.40873015873016,12.203373015873016,18.148015873015872,52.69880952380952,10.727380952380951,19.803571428571427,7.941666666666666,0.3333333333333333,49.604166666666664,6.182539682539683,16.345238095238095,15.446428571428571,11.44047619047619,1.0,3.333333333333333,15.333333333333332,6.791666666666667,8.047619047619047,0.41666666666666663,30.509126984126983,92.85119047619048,65.07314814814815,4.166666666666666,18.467261904761905,2.083333333333333,0.625,0.8333333333333333,0.0,10.57638888888889,0.8333333333333333,17.99206349206349,0.0,12.333333333333332,0.0,23.827777777777776,5.444444444444445,0.625,2.8333333333333335,3.875,0.0,0.0,2.4285714285714284,0.3571428571428571,2.9761904761904763,0.0,0.0,0.0,0.2857142857142857,0.0,10.0,0.0,0.0,0.0,0.0,5.551587301587301,1.7777777777777777,0.8333333333333333,0.0,2.1,0.0,0.0,0.0,0.0,8.38888888888889,0.0,1.4285714285714284,0.0,0.0,0.0,0.0,0.2857142857142857,0.2857142857142857,0.0,0.0,3.717171717171717,0.0,6.275396825396825,0.0,7.883597883597884,17.40753968253968,0.0,0.2777777777777778,0.0,0.0,0.0,0.0,0.0,0.0,0.0,0.0,0.0,0.0,0.0,0.0,1.0,0.0,0.0,13.454365079365079,1.0857142857142859,6.995238095238095,0.0,0.0,0.0,0.0,0.0,0.0,0.6666666666666666,0.0,0.3125,1.0,2.5,0.30303030303030304,0.0,0.787037037037037,1.3333333333333333,3.6011904761904763,0.0,0.0,0.0,0.0,2.5,7.352380952380952,0.0,0.0,0.0,2.4404761904761902,0.47619047619047616,0.3571428571428571,0.0,0.0,0.625,1.4285714285714284,10.0,0.0,8.015873015873016,0.0,0.0,0.0,0.7142857142857142,0.0,0.0,0.0,0.0,0.0,0.0,0.0,0.0,0.0,0.0,0.0,0.2857142857142857,1.1805555555555556,0.0,0.0,0.0,19.0,0.0,0.0,0.0,0.0,0.0,0.0,0.0,0.0,0.0,0.0,3.8095238095238093,0.0,0.0,0.0,0.2857142857142857,0.5,0.0,0.0,0.0,2.5
372.0099918599918,14.741666666666667,238.39141414141415,104.21071428571429,234.5063492063492,73.70396825396826,103.34523809523809,154.90238095238095,52.964267676767676,242.71921596921595,47.114285714285714,233.77723665223664,90.92460317460318,60.62976190476191,34.15833333333333,95.81820728291316,29.250974025974024,344.5258658008658,79.08174603174604,58.51125541125541,127.31969696969696,92.95411255411256,62.378367003367,87.5079365079365,68.01170634920635,180.2488095238095,75.71666666666667,14.75,170.8771284271284,56.42597402597403,44.2265873015873,5.816666666666666,19.25,14.825925925925926,36.319047619047616,0.8333333333333333,37.71937229437229,52.63928571428571,49.83518518518518,49.794937469937466,133.23552188552188,110.6518759018759,22.896103896103895,7.166666666666666,66.58333333333333,54.98174603174603,50.904761904761905,132.2038961038961,22.935714285714283,0.0,10.666666666666666,65.05,7.571428571428571,22.18048433048433,6.041666666666667,0.9,2.25,10.291666666666666,0.0,0.0,58.81296296296296,14.952380952380953,7.976190476190476,0.0,13.883333333333333,11.198412698412698,6.333333333333333,11.973701298701299,16.608585858585858,5.733333333333333,27.704112554112555,28.016666666666666,2.4,0.0,0.0,10.580555555555556,0.0,0.8333333333333333,12.185185185185185,8.797619047619047,9.7,4.666666666666667,12.083333333333332,2.5,3.0,10.051851851851852,18.604761904761904,0.6666666666666666,2.4,53.012806637806634,21.080952380952382,3.0,17.827501202501203,0.0,13.272619047619047,10.38888888888889,0.0,16.547619047619047,0.0,11.745238095238095,5.116666666666666,0.0,3.0555555555555554,5.4523809523809526,0.0,17.385714285714286,0.0,3.2857142857142856,9.69047619047619,8.916666666666666,0.0,3.716666666666667,0.0,0.5,0.0,0.0,0.6666666666666666,0.0,14.011904761904763,6.366666666666667,10.861363636363636,122.75151515151515,11.95,29.333333333333332,2.458333333333333,12.825396825396824,0.0,1.0416666666666665,5.483333333333333,8.666666666666666,0.0,0.0,18.227450980392156,0.9523809523809523,1.1619769119769119,0.0,19.95,3.888888888888889,55.32219887955182,1.6666666666666665,2.0666666666666664,4.833333333333333,0.0,0.0,0.2857142857142857,10.0,2.1666666666666665,1.0833333333333333,2.392857142857143,1.0,4.666666666666666,6.8,33.166666666666664,0.0,6.125,0.0,0.6666666666666666,0.6666666666666666,39.87367724867725,21.616666666666667,0.0,0.0,0.0,0.0,2.125,0.5,0.2857142857142857,0.41666666666666663,9.216666666666667,0.0,0.0,0.0,0.0,0.0,0.41666666666666663,6.875,0.0,1.6666666666666665,0.0,0.0,0.0,1.5,0.0,0.0,0.0,1.4666666666666668,0.0,0.0,0.0,0.0,0.0,1.5,0.0,1.3333333333333333,0.0,7.785714285714285,0.0,0.0,0.0,0.0
10073.222500674707,1104.552971102971,4871.589445829887,2824.7826936135757,3855.037185880568,2875.4986157361154,2363.435420500552,4206.741625735375,747.1843600027423,1366.9687203591616,904.2254968063792,1629.13688756777,917.0951703253173,2295.19428002553,440.22893593334766,2465.5404001975694,495.4216826882268,2073.570351334825,1052.4650132275133,492.7087768712769,865.2031189119617,988.1756400376369,1266.2400627150628,1889.8517660787784,4023.159883498854,935.5239533757722,1090.5832778082197,835.6074975949975,204.57826756576756,593.9754530056,431.3169377735554,462.79210434173666,241.26158147408145,504.27001156523215,54.460101010101006,155.9163961038961,511.56626475376476,580.4541222666222,489.0815684315684,199.42261904761904,706.1906866281867,859.8250420875421,322.86480417730417,1504.5030168905168,1453.5944576161487,1104.3430432055045,334.5781204906205,335.81635665532724,109.4710285085285,14.266865079365079,141.05534511784512,49.26030081030081,525.90758530685,198.84027777777777,117.89509874656933,43.93650793650794,346.9922438672439,82.48039215686275,5.357800751879699,35.2275641025641,127.46189574314573,9.54656862745098,421.3318783068783,18.240079365079364,63.842261904761905,32.65013227513227,22.18903318903319,90.9281746031746,85.68756885958898,19.799603174603174,153.85757099868943,7.301106301106301,74.35335497835497,5.378787878787879,9.945436507936508,66.10037647537648,18.41269841269841,71.31825396825397,245.05106421356422,49.113095238095234,2.6587301587301586,27.791132478632477,54.43412698412698,41.38528138528138,52.14054232804233,38.249278499278496,17.321992821992822,362.2876831501831,224.85810717060716,28.496031746031747,80.31908369408369,12.982273391812866,44.75921855921856,11.389053889053889,24.825396825396826,58.708513708513706,0.7592702592702593,59.38800088800088,23.28174603174603,56.64737484737485,137.66643217893218,31.314213564213564,152.6921398046398,84.45642392594792,8.426035926035926,142.93162855662854,0.7592702592702593,4.625,45.61904761904762,25.22294372294372,0.7592702592702593,39.849386724386726,0.7592702592702593,52.27128427128427,0.7592702592702593,0.7592702592702593,135.5696164946165,25.417658730158728,291.01085434173666,5.242661273911274,1.9999999999999998,655.0126262626262,25.757936507936506,1456.2060151449857,10.09090909090909,33.19284188034188,8.273809523809524,9.405360721150196,60.49837662337662,64.39224664224663,32.84325396825397,62.234404484404486,28.45117845117845,15.027777777777777,18.37142857142857,2.708333333333333,42.52579365079365,48.34256021756022,17.75648148148148,7.203703703703703,69.52380952380952,37.97103590853591,21.34722222222222,1.9444444444444444,173.7182327476445,13.86111111111111,6.047979797979798,3.023989898989899,47.916666666666664,24.972402597402596,70.20681605975723,3.833333333333333,31.803030303030305,3.9166666666666665,8.649801587301587,17.637085137085137,12.557720057720058,119.30555555555554,324.83473239723236,12.777777777777777,1.25,0.25,3.19047619047619,58.08298931460696,12.245328282828282,6.380411255411255,21.3125,45.388888888888886,36.63217787114846,26.065873015873017,5.071428571428571,4.642857142857142,18.57142857142857,42.743578970049555,0.37037037037037035,14.107142857142856,0.0,55.90277777777778,113.6626984126984,211.39728327228326,13.17361111111111,3.648148148148148,0.5555555555555556,14.722222222222221,71.17738095238096,16.90485209235209,1.9047619047619047,29.980158730158728,6.666666666666666,0.0,63.61686646686646,7.337797619047619,12.798534798534797,16.839285714285715,18.78174603174603,15.008116883116884,2.5,1.3392857142857142,1.5,6.25
143.48611111111111,13.749999999999998,30.742424242424242,100.14141414141415,35.48412698412698,11.969696969696969,2.666666666666667,42.166666666666664,4.444444444444445,34.58333333333333,10.166666666666666,7.863636363636363,10.0,21.666666666666668,5.0,0.0,0.0,10.238095238095237,7.5,3.3333333333333335,0.0,13.333333333333332,1.4285714285714284,8.333333333333332,0.0,12.083333333333332,7.277777777777778,0.0,0.8333333333333333,5.0,0.0,11.666666666666666,0.0,3.333333333333333,4.999999999999999,3.333333333333333,2.5,0.0,3.333333333333333,0.7142857142857142,12.5,0.0,2.5,0.0,8.0,0.0,7.5,0.0,0.0,34.166666666666664,0.0,10.0,8.742424242424242,0.0,1.6666666666666665,5.0,5.151515151515151,0.0,0.0,0.0,0.0,3.333333333333333,0.0,0.0,0.0,0.0,0.0,0.0,0.0,0.0,5.0,0.0,0.0,0.0,0.0,0.0,0.0,0.0,0.0,0.0,0.0,0.0,0.0,0.41666666666666663,0.0,0.0,0.0,0.0,0.0,0.0,0.0,0.0,3.333333333333333,0.0,0.0,0.5,0.0,0.0,0.0,0.0,0.0,5.0,0.0,0.0,0.0,0.0,0.0,0.0,0.0,0.0,0.0,0.0,0.0,0.0,0.0,0.0,0.0,0.0,0.5,0.0,0.0,0.0,5.0,0.0,0.0,0.0,0.0,0.0,0.0,0.0,0.0,0.0,0.0,0.0,0.0,0.0,0.0,0.0,0.0,0.0,0.0,0.0,0.0,0.0,0.0,0.0,0.0,0.0,0.0,0.0,0.0,0.0,0.0,0.0,0.0,0.0,0.0,0.0,0.0,0.0,0.0,0.0,0.0,0.0,0.0,0.0,0.0,0.0,0.0,0.0,0.0,0.0,0.0,0.0,0.0,0.0,0.0,0.0,0.0,0.0,0.0,0.0,0.0,0.0,0.0,0.0,0.0,0.0,0.0,0.0,0.0,0.0,0.0,0.0,0.0,0.0,0.0,0.0,0.0,0.0
592.6267573696144,31.734126984126984,461.0689058956916,188.29620181405895,113.01984126984127,267.05957963993677,174.2202380952381,313.6697183768612,76.11446014303156,56.3344671201814,59.35586734693877,153.9222789115646,241.25510204081633,120.72103174603174,86.07394179894179,86.3495842781557,13.47718253968254,132.3497732426304,42.66780045351474,11.206349206349206,27.032312925170068,150.66779371422228,65.3251133786848,73.93888888888888,31.24206349206349,160.26271098791193,15.428571428571429,54.51927437641723,18.887755102040813,89.29166666666666,8.48845598845599,1.3333333333333333,9.0,41.42063492063492,21.08673469387755,12.55986394557823,23.392385392385393,6.773809523809523,37.173809523809524,20.390022675736958,16.496031746031747,45.87744398458684,3.870748299319728,53.977579365079364,72.38095238095238,152.39355631141345,15.090986394557822,21.81519274376417,2.1904761904761902,0.2857142857142857,5.75,0.0,23.936507936507937,3.681318681318681,9.438492063492063,8.3999333999334,5.551020408163264,1.984126984126984,11.773809523809522,6.9642857142857135,5.98015873015873,3.6190476190476186,0.2857142857142857,0.625,0.0,10.284689993358242,0.2857142857142857,2.8571428571428568,3.8510616367759223,2.4444444444444446,11.434291898577612,1.2698412698412698,1.5816326530612244,23.77777777777778,0.625,1.1428571428571428,1.4285714285714284,0.0,7.692429792429792,4.138147566718995,2.7857142857142856,1.0,0.8928571428571428,3.821428571428571,14.567460317460316,2.333333333333333,0.0,41.7219387755102,0.0,1.6666666666666665,0.0,0.0,9.942176870748298,0.6696428571428571,2.087301587301587,0.6959706959706959,0.04464285714285714,15.416666666666666,0.14285714285714285,3.7777777777777777,9.130952380952381,0.0,17.041931216931218,6.607142857142858,0.4464285714285714,0.2777777777777778,0.04464285714285714,0.8986943262153346,10.763038548752833,0.3571428571428571,0.04464285714285714,0.0,0.04464285714285714,3.204081632653061,0.04464285714285714,0.04464285714285714,0.0,0.0,0.17857142857142855,0.0,0.0,115.49041434755719,0.14285714285714285,64.77777777777777,0.0,3.6666666666666665,2.0,0.0,11.404761904761905,1.0119047619047619,0.0,0.0,3.4761904761904763,1.4285714285714284,2.5396825396825395,0.0,0.0,1.9970710506424791,1.5584415584415583,2.25,0.0,11.05504019789734,0.8333333333333333,0.0,4.805555555555555,2.5,1.201814058956916,0.600907029478458,0.0,2.0,1.5873218852758495,8.246031746031745,0.0,0.0,0.5952380952380951,0.0,0.0,0.0,15.069785160440988,0.3571428571428571,0.0,0.0,0.0,0.0,0.3333333333333333,0.0,1.3333333333333333,0.0,0.7023809523809523,0.0,0.0,0.0,0.0,0.0,1.1904761904761902,0.5555555555555556,0.0,0.0,0.0,3.595238095238095,0.0,1.984126984126984,0.0,0.0,1.0,0.0,0.0,0.0,0.0,0.0,1.7592407592407593,0.0,2.0555555555555554,0.0,0.17857142857142855,1.1904761904761902,0.0,0.0,0.0,0.0
1652.9719715956558,70.5547619047619,1137.5039450628735,1049.6863858363859,747.8937908496732,1121.708736171236,178.19579124579124,850.6807234432234,219.93869047619046,314.63095238095235,229.4126984126984,168.66746031746032,125.16798941798942,160.21919191919193,238.95013227513226,295.5433201058201,67.42916666666666,334.4845238095238,394.06944444444446,40.38412698412698,44.54960317460317,146.38412698412696,325.7299603174603,412.09285714285716,228.3584276347434,141.49523809523808,35.256349206349206,258.4701058201058,41.22222222222222,100.95507369614512,97.38373015873016,0.6666666666666666,32.513888888888886,173.0718253968254,24.78174603174603,160.21230158730157,56.04126984126984,30.402116402116402,105.14603174603174,72.64880952380952,97.0621693121693,281.10238095238094,6.916666666666666,176.34960317460317,266.13888888888886,512.8229497354497,63.4563492063492,21.279761904761905,42.4781746031746,8.261111111111111,10.604166666666666,3.333333333333333,94.70253357753357,6.079365079365079,58.97519841269841,6.622023809523809,52.29960317460318,2.533333333333333,92.70238095238095,16.910714285714285,2.2222222222222223,2.0,29.741071428571427,1.8333333333333333,13.88888888888889,7.375,0.8333333333333333,11.728174603174603,0.0,0.0,22.332539682539682,0.0,1.3095238095238093,0.0,1.8333333333333333,4.0,27.068181818181817,12.166666666666666,63.913888888888884,10.083333333333332,3.8055555555555554,2.6666666666666665,10.405555555555555,6.625,11.25,6.833333333333333,0.0,149.10734126984127,8.88888888888889,11.5,0.0,0.5,44.12420634920635,1.6319444444444444,5.888888888888889,0.0,0.1087962962962963,6.666666666666666,0.0,1.8333333333333333,32.9547619047619,0.6666666666666666,55.90569384319384,25.694444444444443,3.587962962962963,3.2944444444444443,0.1087962962962963,0.0,13.74537037037037,0.5,0.1087962962962963,9.56547619047619,0.1087962962962963,3.888888888888889,0.1087962962962963,0.1087962962962963,0.0,1.0416666666666665,4.861111111111112,5.9375,1.3541666666666665,315.7650793650794,2.2714285714285714,372.2699314574314,1.1666666666666665,2.1666666666666665,3.6428571428571423,0.0,1.9444444444444444,5.0,1.7083333333333333,1.4166666666666665,1.25,2.25,4.861111111111111,0.0,0.0,19.326719576719576,0.6666666666666666,16.035714285714285,0.0,18.386904761904763,0.0,0.0,22.530952380952378,7.333333333333333,0.0,0.0,0.0,6.091269841269841,0.07936507936507936,1.6666666666666665,1.25,0.0,5.972222222222222,0.0,0.0,0.0,43.297619047619044,0.8333333333333333,2.5,0.0,0.0,0.0,8.0,1.6666666666666667,8.317460317460316,0.0,18.0,0.0,0.6666666666666666,1.5966386554621848,6.386554621848739,2.5555555555555554,0.9166666666666666,5.805555555555555,0.0,13.113095238095237,7.0,56.160714285714285,1.25,1.3555555555555556,0.0,0.0,2.0,15.36031746031746,0.0,0.0,0.0,0.25,1.25,0.0,0.0,3.1666666666666665,24.265873015873016,4.333333333333333,0.25,12.291666666666666,0.2857142857142857,1.3333333333333333
156.44444444444443,95.72222222222221,14.63888888888889,29.333333333333332,22.555555555555557,24.166666666666668,7.5,10.0,5.0,10.0,0.0,0.0,2.5,0.0,0.0,8.333333333333332,16.11111111111111,5.0,8.0,0.0,0.5555555555555556,0.0,0.0,1.6666666666666665,1.1111111111111112,0.0,0.30303030303030304,0.0,23.75,10.0,0.8333333333333333,2.6785714285714284,0.0,1.1111111111111112,0.0,10.0,0.0,0.0,0.0,1.6666666666666665,0.0,0.0,0.0,0.0,0.0,0.0,0.0,0.0,0.0,0.0,0.0,2.8571428571428568,0.0,0.0,0.8333333333333333,3.25,0.0,0.30303030303030304,2.5,0.0,0.0,0.0,0.0,0.0,0.0,0.0,1.1111111111111112,0.0,0.0,2.7272727272727275,0.0,0.0,0.0,2.0,0.0,0.0,0.0,0.0,0.0,0.0,8.0,0.0,3.333333333333333,0.0,0.0,0.0,0.0,0.0,0.0,0.0,2.5,0.47619047619047616,0.0,0.0,16.07142857142857,0.0,0.0,0.0,22.5,0.0,0.0,0.0,0.0,0.0,0.0,0.0,0.0,0.0,0.0,0.0,0.0,0.0,0.0,0.0,0.0,0.0,2.7777777777777777,0.0,0.0,0.0,0.0,0.0,0.0,0.0,0.0,0.0,0.0,0.0,0.0,0.0,0.0,0.0,0.0,0.0,0.0,0.0,0.0,0.0,0.0,0.0,0.0,0.0,0.0,0.0,0.0,0.0,0.0,0.0,0.0,0.0,0.0,0.0,0.0,0.0,0.0,0.0,0.0,0.0,0.0,0.0,2.5,0.0,0.0,0.0,0.0,0.0,0.0,0.0,0.0,0.0,0.0,0.0,0.0,0.0,0.0,0.0,1.1111111111111112,0.0,0.0,0.0,0.0,0.0,10.0,0.0,0.0,0.0,0.0,0.0,0.0,0.0,0.0,0.0,0.0,0.0,0.0,0.0,0.0,0.0,0.0,0.0
2536.3212877817805,728.8630263435183,265.6350683630095,267.66653254153255,372.78160959410957,128.02716033966033,251.27657065157064,640.713553375489,114.4327473237357,111.25595238095238,105.3118806258341,92.09643779992616,66.44952686202686,100.37699119045868,131.81746031746033,40.20815295815296,393.33873248211484,114.92025512613748,22.416666666666668,54.13690476190476,22.59722222222222,15.166666666666666,56.585227272727266,58.03797852474323,107.78988603988604,8.88888888888889,19.285714285714285,17.066666666666666,11.561507936507937,28.384199134199132,17.583333333333332,131.9143133997785,123.72359584859585,19.648809523809522,17.42063492063492,28.194444444444443,6.971688034188034,4.534722222222222,31.555555555555554,27.77777777777778,12.005050505050503,3.7222222222222223,7.640873015873016,8.61111111111111,53.94444444444444,0.0,5.222222222222222,2.4285714285714284,2.4305555555555554,7.283730158730158,19.48917748917749,1.4444444444444444,22.396103896103895,10.416666666666666,8.680555555555555,10.416666666666666,0.625,12.59126984126984,21.805555555555554,41.23723257418909,0.0,4.625,0.8333333333333333,7.166666666666666,2.5,2.7777777777777777,0.3571428571428571,8.0,3.3852813852813854,7.31547619047619,0.0,3.3333333333333335,3.5595238095238093,5.0,7.166666666666666,0.0,0.6666666666666666,10.0,0.0,0.8465608465608465,0.0,0.5416666666666666,0.0,5.0,0.0,0.3333333333333333,0.6547619047619047,0.0,58.58231351981352,3.333333333333333,0.0,5.416666666666666,0.0,14.768961455187966,3.571428571428571,3.333333333333333,0.9845974303458644,0.0,831.9830153506624,1.8125,0.0,42.5,0.0,0.0,9.845974303458643,0.25,0.9845974303458644,2.5,0.0,0.7142857142857142,0.9845974303458644,0.0,0.9845974303458644,12.805555555555554,0.9845974303458644,0.9845974303458644,0.6666666666666666,0.0,0.0,15.212995337995338,2.5,0.0,1.25,1.6666666666666665,0.0,0.0,1.8253968253968254,4.545454545454546,0.0,0.0,4.0,2.6785714285714284,0.0,0.0,0.0,52.59310134310134,12.820512820512821,0.0,0.0,11.666666666666666,0.0,0.0,6.0,2.106060606060606,1.1111111111111112,0.0,0.0,0.0,1.037037037037037,0.0,0.0,0.0,15.76923076923077,5.0,0.0,2.8703703703703702,2.2222222222222223,2.5,0.0,0.0,12.499999999999998,1.2000000000000002,78.01785714285714,0.0,0.0,0.0,0.0,0.0,0.0,7.222222222222222,5.0,0.0,0.0,0.0,0.0,0.0,15.416666666666666,0.0,5.0,0.0,0.3125,7.19047619047619,6.121212121212121,2.7941176470588234,0.0,0.625,6.527777777777778,0.6666666666666666,19.269230769230766,2.7222222222222223,0.0,1.5,0.0,0.0,10.0,0.0,1.1111111111111112,8.166666666666666,0.0,0.0
3161.9606764928194,398.1713976499691,927.6892271229277,497.0331632653061,666.6588907124622,531.6808608058608,337.44180224537365,1150.8257463551477,526.2744708994709,666.7911255411256,533.0843860263526,379.265873015873,202.0443894729609,542.5138888888889,138.4418309232139,199.05143467643467,49.50252525252525,181.487154710369,187.70815295815297,168.73376623376623,102.13239538239537,211.9705301312444,95.27777777777777,232.53869047619048,196.56825396825397,206.74092970521542,82.4047619047619,151.37755102040816,89.6031746031746,92.59523809523809,147.87301587301587,105.23693161475116,119.55555555555556,14.427437641723357,45.381802721088434,42.77777777777778,71.14965986394557,89.86919793169793,84.64484126984127,117.60813492063491,70.47387566137566,49.970238095238095,54.44444444444444,118.7037037037037,246.35353535353534,43.56547619047619,36.05555555555556,58.57837301587301,16.523809523809522,94.90506026972193,34.607142857142854,73.38208616780045,83.60062358276643,25.29365079365079,68.125,20.916666666666668,89.63333333333333,85.30555555555556,19.00595238095238,39.672619047619044,192.562925170068,46.62037037037037,13.095238095238095,6.416666666666666,14.820283882783881,10.641636141636141,48.13492063492063,38.13095238095238,50.2113739435168,7.5,8.722222222222221,7.424319727891156,10.648809523809524,23.19047619047619,4.75,13.75,18.916666666666664,48.166666666666664,29.517704517704516,48.0,39.166666666666664,23.00736961451247,18.02777777777778,32.59027777777778,24.047619047619047,21.25,14.226190476190476,18.789682539682538,33.75,14.17233560090703,24.233333333333334,35.416666666666664,21.349206349206348,23.141580512868533,16.88888888888889,31.892857142857142,1.5189625103817117,13.333333333333332,1.6666666666666665,5.863095238095237,7.976190476190476,215.6170634920635,44.75,5.238095238095238,15.189625103817118,15.654401154401153,1.5189625103817117,4.761904761904761,20.476190476190474,20.75,1.5189625103817117,7.166666666666666,1.5189625103817117,10.0,1.5189625103817117,1.5189625103817117,27.715717866093804,10.0,16.75,7.443009118541033,2.5,25.0,2.2222222222222223,1.25,2.2222222222222223,11.833333333333332,10.277777777777777,22.658508819223105,13.416666666666666,8.125,6.587301587301587,7.916666666666666,50.27777777777778,3.6944444444444446,20.8125,1.7857142857142856,7.833333333333333,6.5,1.1111111111111112,4.5,9.722222222222221,18.96825396825397,3.9999999999999996,15.059523809523808,5.0,0.0,0.0,0.0,2.5,1.7857142857142856,12.5,3.5,25.845238095238095,6.333333333333333,0.787037037037037,12.36111111111111,5.833333333333333,9.166666666666666,0.0,32.25,13.333333333333332,0.0,18.439393939393938,4.236111111111111,0.0,11.11111111111111,0.0,2.7936507936507935,4.125,1.2916666666666665,8.333333333333332,2.3680555555555554,9.472222222222221,0.0,1.6666666666666665,4.424603174603175,1.0714285714285712,5.912698412698412,0.2777777777777778,3.333333333333333,6.303258145363408,2.5,21.63888888888889,3.125,0.0,0.0,1.9444444444444444,0.8333333333333333,0.0,22.544642857142858,7.166666666666666,1.094224924012158,0.6666666666666666,2.111111111111111,2.5,0.15873015873015872,5.625,16.19047619047619,0.4816017316017316,18.333333333333332
19.458333333333332,5.666666666666666,13.125992063492063,2.333333333333333,10.0,6.0,3.333333333333333,5.238095238095237,5.527777777777778,6.111111111111112,4.444444444444445,0.0,0.8333333333333334,4.330357142857142,0.0,0.0,0.5,1.6666666666666667,2.5277777777777777,1.6666666666666665,2.5,1.25,0.20833333333333331,0.0,1.5,0.0,0.0,0.5555555555555556,0.0,8.333333333333332,0.0,1.708333333333333,0.0,0.0,3.333333333333333,0.0,0.2777777777777778,0.0,0.0,1.3333333333333333,0.0,0.0,0.0,0.0,0.0,2.5,0.0,0.17857142857142855,0.0,3.333333333333333,0.0,0.0,5.0,0.0,0.0,5.0,2.5,0.0,0.0,0.0,0.0,0.0,0.0,0.0,0.0,0.0,0.0,0.0,0.0,0.0,0.2777777777777778,0.34226190476190477,0.0,0.0,0.0,0.0,0.0,0.6666666666666666,0.10416666666666666,0.0,0.0,0.0,0.0,0.0,0.0,0.0,0.41666666666666663,0.0,0.0,0.0,0.0,0.0,0.0,0.0,0.0,0.0,0.0,0.0,0.0,6.666666666666666,0.0,0.0,2.5,0.0,0.0,0.0,0.0,0.0,0.0,0.0,0.0,0.0,0.0,0.0,0.0,0.0,0.0,0.0,0.0,0.0,0.0,0.0,0.0,2.0,0.0,0.0,1.0,0.0,0.0,0.0,0.0,0.0,0.0,0.0,0.0,0.0,0.0,0.0,0.0,0.0,0.0,0.0,0.0,0.0,0.0,0.0,0.0,0.0,0.0,0.0,0.0,0.0,0.0,0.0,0.0,0.0,0.0,0.0,1.6666666666666665,0.0,0.0,0.0,0.8333333333333333,0.0,0.0,0.0,0.0,0.6666666666666666,1.6666666666666665,0.0,0.0,0.0,0.0,0.0,0.0,0.0,0.0,0.0,0.0,0.0,0.0,0.0,0.0,0.0,0.0,0.0,0.0,0.0,0.0,0.0,0.0,0.0,0.0,0.0,0.0,0.0,0.0,0.0,0.0,0.0
215.50992063492063,71.2611111111111,379.3849206349206,988.944099378882,71.86904761904762,45.26785714285714,38.47222222222222,95.51190476190476,20.31060606060606,46.507936507936506,46.833333333333336,36.666666666666664,17.817460317460316,59.949999999999996,29.041666666666664,90.02380952380952,4.620289855072463,77.83333333333333,5.0,2.261904761904762,12.5,43.714285714285715,17.08695652173913,65.46666666666667,65.59523809523809,33.51190476190476,23.119047619047617,31.32142857142857,3.9285714285714284,0.41666666666666663,12.5,103.52193362193363,40.416666666666664,11.25,0.0,12.5,13.333333333333334,9.429813664596272,18.928571428571427,3.333333333333333,55.666666666666664,0.0,7.222222222222221,55.98214285714286,15.833333333333332,0.8333333333333333,16.833333333333332,0.0,0.0,5.666666666666667,3.333333333333333,0.0,8.652173913043478,31.666666666666664,45.333333333333336,2.5,1.6666666666666665,0.0,0.0,0.0,25.833333333333332,1.6666666666666665,0.0,1.4285714285714284,0.0,0.0,0.0,5.833333333333333,12.5,0.0,6.666666666666666,0.0,1.6666666666666665,6.25,1.4285714285714284,0.7142857142857142,0.8333333333333333,0.0,2.2222222222222223,0.0,15.0,0.0,0.0,8.333333333333332,3.75,0.0,4.625,28.333333333333332,0.0,1.3714285714285714,7.5,0.8333333333333333,0.0,1.8763440860215053,0.0,0.0,0.08064516129032258,2.5,0.0,0.0,3.333333333333333,9.583333333333332,6.0,1.6666666666666665,0.8064516129032258,3.095238095238095,0.08064516129032258,0.0,0.5555555555555556,0.0,0.08064516129032258,0.0,0.08064516129032258,0.5555555555555556,0.08064516129032258,0.08064516129032258,1.3333333333333333,0.0,11.666666666666666,0.0,1.0,10.0,0.0,5.0,0.0,0.0,0.0,0.0,5.285714285714286,0.0,0.0,0.0,0.0,2.5,5.416666666666666,0.0,0.0,0.0,0.0,0.0,0.0,0.0,0.0,0.0,0.0,0.0,0.0,0.0,0.0,0.0,0.0,0.0,0.0,3.333333333333333,0.0,0.0,1.25,0.0,0.0,12.916666666666666,0.0,0.0,0.0,1.6666666666666665,0.0,0.0,1.6666666666666665,0.0,0.0,0.0,0.0,0.0,0.0,0.0,0.0,1.25,11.333333333333334,0.0,0.0,0.0,0.0,0.0,0.0,0.0,0.0,0.0,0.0,0.0,0.0,0.0,0.0,0.0,0.0,0.0,0.0,0.0,0.0,0.0,0.0,0.0
22.44345238095238,0.0,6.701388888888889,0.41666666666666663,6.34920634920635,1.1111111111111112,0.6944444444444444,9.837301587301587,0.0,0.0,4.3809523809523805,0.6111111111111112,6.785714285714286,10.416666666666666,1.8055555555555556,0.0,0.0,0.0,0.0,1.6666666666666665,0.0,5.0,2.083333333333333,0.0,0.0,1.6666666666666665,0.0,0.41666666666666663,0.0,0.0,0.41666666666666663,0.0,0.0,0.3333333333333333,0.0,2.817460317460317,0.5555555555555556,0.0,0.0,0.0,0.0,0.0,0.8333333333333333,0.0,0.0,0.0,0.0,0.0,0.0,0.0,0.0,0.0,0.0,0.0,0.0,0.0,0.0,0.0,0.0,0.0,0.0,0.0,0.0,0.0,0.0,0.8333333333333334,0.0,0.0,2.5,0.03508771929824561,0.0,0.0,0.0,0.0,0.0,0.0,0.0,1.6666666666666665,0.0,0.0,0.0,0.0,0.0,0.0,0.0,0.0,0.0,0.0,0.0,0.0,0.0,0.0,0.0,2.2613351560719983,0.0,0.0,0.15075567707146656,0.0,0.0,0.0,0.0,0.0,0.0,0.0,1.5075567707146655,0.0,0.15075567707146656,0.0,0.0,0.0,0.15075567707146656,0.0,0.15075567707146656,0.0,0.15075567707146656,0.15075567707146656,0.0,0.37037037037037035,0.0,0.0,0.0,0.0,0.0,0.0,0.0,0.0,0.0,0.9259259259259258,0.0,0.0,0.0,0.0,0.0,0.0,0.0,0.0,0.0,0.0,0.0,0.0,0.0,0.0,0.0,0.0,0.0,0.41666666666666663,0.0,0.0,0.0,0.0,0.0,0.0,0.18518518518518517,0.0,0.0,0.0,0.0,0.0,0.10101010101010102,0.0,0.0,0.0,0.0,0.0,0.0,0.0,0.0,0.0,0.0,0.0,0.0,0.0,0.0,0.0,0.0,0.0,0.0,0.0,0.0,0.0,0.0,0.0,0.0,0.0,0.0,0.0,2.5,4.375,0.0,0.0,0.0,0.0,0.0,0.0,0.0,0.0,0.0,0.0,0.5555555555555556,0.0
107.94345238095238,6.666666666666666,63.36805555555556,51.08333333333333,52.182539682539684,17.11111111111111,0.6944444444444444,9.837301587301587,11.428571428571429,25.0,4.3809523809523805,22.27777777777778,6.785714285714286,34.345238095238095,1.8055555555555556,24.999999999999996,0.0,0.0,37.5,1.6666666666666665,5.0,5.0,12.083333333333334,6.666666666666666,0.0,1.6666666666666665,1.6666666666666665,10.416666666666666,0.0,10.0,5.416666666666666,7.5,5.0,0.3333333333333333,26.666666666666664,9.960317460317459,0.5555555555555556,0.0,0.0,0.0,0.0,0.0,10.833333333333334,0.0,0.0,0.0,0.0,0.0,0.0,0.0,0.0,0.0,0.0,0.0,0.0,0.0,0.0,0.0,0.0,0.0,0.0,0.0,0.0,6.999999999999999,0.0,0.8333333333333334,2.0,0.0,22.666666666666668,0.03508771929824561,0.0,0.0,0.0,0.0,6.999999999999999,0.0,0.0,1.6666666666666665,0.0,0.0,0.0,0.0,0.0,0.0,0.0,0.0,0.0,0.0,0.0,0.0,0.0,0.0,0.0,2.2613351560719983,0.0,0.0,0.15075567707146656,0.0,8.333333333333332,0.0,0.0,0.0,0.0,0.0,1.5075567707146655,0.0,0.15075567707146656,17.5,0.0,0.0,0.15075567707146656,0.0,0.15075567707146656,0.0,0.15075567707146656,0.15075567707146656,3.333333333333333,0.37037037037037035,0.0,0.0,0.0,0.0,0.0,0.0,0.0,0.0,0.0,0.9259259259259258,0.0,0.0,0.0,0.0,0.0,0.0,0.0,2.5,0.0,0.0,0.0,0.0,16.9047619047619,0.0,0.0,0.0,0.0,0.41666666666666663,0.0,0.0,5.0,0.0,0.0,0.0,0.18518518518518517,0.0,0.0,1.4285714285714284,0.0,0.0,0.10101010101010102,0.0,0.0,0.0,0.0,0.0,0.0,0.0,0.0,0.0,0.0,0.0,0.0,0.0,0.0,0.0,0.0,0.0,0.0,0.0,0.0,0.0,0.0,0.0,0.0,0.0,0.0,0.0,27.5,4.375,0.0,0.0,0.0,0.0,0.0,0.0,0.0,0.0,10.0,0.0,0.5555555555555556,0.0
521.5567805732279,31.228632478632477,136.00918498712616,104.41115202879908,103.96891534391534,95.2876984126984,110.57142857142857,71.0448717948718,28.76542738307444,21.833333333333332,42.23611111111111,39.77777777777777,60.035714285714285,46.45833333333333,26.38888888888889,42.27380952380952,2.0,20.766339869281044,39.5,67.81746031746032,2.5,41.458333333333336,34.30555555555556,29.74206349206349,9.5,2.083333333333333,22.01388888888889,3.9166666666666665,1.2142857142857142,30.404761904761905,14.083333333333332,4.973544973544973,18.375,2.5757575757575757,38.290227201991904,2.817460317460317,0.5555555555555556,0.0,0.0,0.0,0.0,0.0,16.765873015873016,2.675438596491228,10.416666666666666,0.8333333333333333,0.0,0.0,0.0,0.6666666666666666,0.41666666666666663,1.2301587301587302,0.0,23.805555555555557,11.444444444444445,7.685185185185185,0.0,0.0,16.38888888888889,10.275673400673401,0.0,1.6666666666666665,0.0,3.75,2.083333333333333,3.8095238095238093,0.0,0.0,33.256410256410255,1.090643274853801,0.0,0.0,0.0,0.0,3.75,2.5,0.0,20.194911297852475,0.0,0.0,8.571428571428571,0.0,0.0,1.0,0.0,0.0,0.0,0.0,0.0,0.0,0.0,0.0,0.0,11.09250398724083,0.0,0.0,0.7395002658160552,0.0,4.833333333333333,1.1904761904761905,0.0,0.0,0.0,0.0,7.395002658160553,1.6666666666666665,0.7395002658160552,32.791666666666664,0.0,0.0,0.7395002658160552,0.0,0.7395002658160552,0.0,0.7395002658160552,0.7395002658160552,1.5,5.717592592592593,0.0,4.75,11.25,0.0,0.0,5.208333333333333,0.0,0.0,0.0,0.9259259259259258,0.0,0.0,0.0,2.1666666666666665,0.0,0.0,0.0,0.0,0.0,0.6666666666666666,0.0,0.0,26.645833333333332,0.0,3.69047619047619,8.333333333333332,0.0,0.41666666666666663,0.0,0.0,3.9166666666666665,0.0,0.0,0.0,0.18518518518518517,0.0,0.0,5.861111111111111,3.75,7.055555555555555,0.10101010101010102,0.0,1.6666666666666665,3.5227272727272725,0.625,0.0,0.0,0.0,0.7142857142857142,0.41666666666666663,0.0,1.0,1.1111111111111112,3.215686274509804,12.862745098039216,1.0,5.0,0.0,0.0,0.0,0.0,0.0,0.0,0.0,0.0,0.0,5.0,0.0,32.72222222222222,39.16203703703704,0.0,0.0,0.0,0.0,0.0,0.0,0.0,0.0,6.392857142857142,0.0,11.36111111111111,0.0
4712.369701391249,1794.322942172207,969.7295169619113,783.1570368984052,541.3079605579605,257.6869658119658,527.5262952627083,1045.2227623563924,370.3853540487172,261.5892525526477,1110.4154556286908,689.3355579605579,282.08748196248195,797.9285680094504,99.45591787439614,213.2139185826497,530.4450821509645,180.30508706979296,138.9021645021645,259.47802197802196,113.9920634920635,102.91353383458646,122.84020588911893,196.24873002814178,205.57882256632257,238.56596035543404,49.229166666666664,259.87896825396825,291.71657509157507,83.07888858217805,54.43650793650794,254.62655632588496,294.8422619047619,16.076839826839826,97.72047750724221,254.93703518703518,177.37671356421356,58.89177489177489,7.0,14.047619047619047,28.5,12.131502269660164,92.37576312576311,30.8187796000296,37.776315789473685,27.16267621267621,11.666666666666666,4.408424908424909,7.244079449961802,205.86111111111111,75.52083333333333,8.94419306184012,13.833333333333332,15.599206349206348,22.79671717171717,21.541542879778174,27.94871794871795,6.130952380952381,23.67765567765568,442.9840802987862,3.875,5.116341991341991,26.357142857142858,38.79559178743961,1.4957264957264957,218.603354978355,65.41666666666667,12.468253968253968,68.27631578947368,38.5,6.219336219336219,101.14963253121148,56.88095238095238,25.0,32.962258454106276,6.0,8.333333333333332,28.125,1.6666666666666665,0.0,44.871494447581405,0.0,62.26190476190476,205.80194805194805,1.5651709401709402,0.0,11.125,0.0,6.185897435897435,31.16883116883117,7.666666666666666,9.145833333333332,0.41666666666666663,83.12768322223404,0.0,0.0,5.5418455481489355,2.6346153846153846,115.75688200688201,9.179112554112553,0.0,69.16666666666667,0.0,0.3571428571428571,55.41845548148936,2.361111111111111,5.5418455481489355,59.797619047619044,0.0,0.0,5.5418455481489355,0.2777777777777778,5.5418455481489355,8.982142857142858,5.5418455481489355,5.5418455481489355,32.00198412698413,43.69444444444444,4.285714285714285,41.032333389341396,205.10714285714286,30.0,0.0,2.0,40.71428571428571,0.30303030303030304,23.26190476190476,28.674242424242426,0.8229813664596273,0.4545454545454546,2.1428571428571423,26.829166666666666,1.6904761904761902,15.166666666666666,0.5,525.2144187511834,1.9285714285714284,0.7142857142857142,0.13157894736842105,0.3571428571428571,190.48809523809524,0.0,30.160714285714285,32.82539682539682,0.0,0.0,0.0,0.0,27.632575757575758,0.0,1.25,17.5,33.83333333333333,71.82539682539682,0.0,227.94841269841268,13.795350482850482,172.3706642772432,0.0,0.0,18.333333333333332,18.890846082022552,117.48710317460316,1.3888888888888888,0.625,0.0,29.80051338972268,0.8333333333333333,0.625,5.0,177.8168498168498,8.109943977591037,32.43977591036415,134.65508796758797,18.208333333333336,1.125,351.58042731262543,0.0,0.0,0.0,1.5352112676056338,0.0,2.5,12.5,19.341810966810964,0.3125,21.53589466089466,27.337301587301585,148.04761904761904,16.563852813852815,0.0,8.930769230769231,0.0,0.0,4.033816425120773,1.25,5.175438596491228,3.75,21.76984126984127,1.25
807.6927598001128,26.853968253968254,283.2172168109668,354.7292388167388,320.4518176268176,205.11302521008403,122.45436507936508,831.0398629148629,147.52382756132755,412.93626165501166,183.11147186147184,179.0031288156288,57.46611721611721,197.7251984126984,96.50694444444444,97.9672619047619,29.40674603174603,255.53353174603174,157.34907407407408,111.11111111111111,32.045833333333334,71.97453703703704,77.81845238095238,194.46560846560845,105.91865079365078,139.8174603174603,32.08333333333333,36.845238095238095,117.08419312169312,31.495370370370367,16.86904761904762,26.50892857142857,121.33333333333333,1.4821428571428572,10.125,28.825477626948214,18.333333333333332,34.65901875901876,22.13095238095238,71.3234126984127,195.81316137566137,65.01610644257703,9.333333333333332,46.283068783068785,121.55095598845598,52.916666666666664,28.944444444444443,47.04861111111111,27.384920634920633,21.1627886002886,10.333333333333332,35.166666666666664,62.74603174603175,6.8374999999999995,20.7,12.666666666666666,44.29248366013071,4.895833333333333,23.333333333333332,12.347222222222221,76.9675925925926,11.895833333333332,24.583333333333332,18.778536414565824,6.378968253968254,0.0,11.662698412698411,7.986111111111111,6.097222222222222,4.583333333333333,19.34047619047619,7.8015873015873005,0.47619047619047616,46.63461538461538,17.86186974789916,1.6666666666666665,23.61111111111111,20.48611111111111,8.555555555555555,9.23611111111111,9.770833333333334,0.5555555555555556,7.5,3.333333333333333,17.896825396825395,7.992063492063492,4.657738095238095,1.6666666666666665,5.0,11.875,0.0,32.5,9.0,1.1363636363636365,0.0,22.46527777777778,0.07575757575757576,13.488095238095237,2.5,2.5,1.25,14.916666666666666,12.833333333333332,2.2222222222222223,0.7575757575757576,11.363095238095237,0.07575757575757576,1.4166666666666665,6.25,3.577777777777778,0.07575757575757576,6.203703703703703,0.07575757575757576,0.0,0.07575757575757576,0.07575757575757576,0.0,3.333333333333333,34.676587301587304,0.0,8.303571428571429,59.44444444444444,6.583333333333334,9.5,1.65,5.708333333333333,18.083333333333332,9.642857142857142,0.0,5.444444444444445,0.0,2.7777777777777777,13.38888888888889,3.4126984126984126,2.5,0.0,2.5,1.5476190476190474,27.76984126984127,0.8333333333333333,0.5,3.625,0.0,2.9166666666666665,2.9166666666666665,7.166666666666666,4.444444444444445,2.2222222222222223,0.0,0.0,0.625,4.166666666666666,0.0,0.0,2.4537037037037037,0.0,0.0,0.5,7.708333333333333,1.8571428571428572,14.785714285714285,0.6666666666666666,2.5,10.055555555555555,3.333333333333333,13.083333333333332,3.647222222222222,0.625,0.0,7.499999999999999,0.0,1.625,6.5,0.0,1.6666666666666665,1.25,0.0,0.5555555555555556,0.0,4.166666666666666,0.5,0.0,6.666666666666666,0.0,0.0,1.1111111111111112,0.0,9.804563492063492,0.0,0.0,0.0,0.0,0.0,0.625,0.0,0.0,0.0,0.0,1.1111111111111112,39.416666666666664
1531.0807825531247,232.13880920170587,311.63622260675834,258.14120719853804,450.1967085398486,106.81318935693936,284.8601583601584,353.38260006820377,76.40613275613275,111.4794499618029,97.04938672438672,122.39571447071447,33.97829821322468,118.93334488367383,38.11917526917527,97.435986136879,137.6190040164103,115.58798387602735,121.87105187840481,90.72137862137862,36.26341425459072,38.88687701187701,85.15080224008796,101.91082855053443,124.53920153920153,216.8259347795062,25.794871794871796,31.99693362193362,15.257449413331766,38.18681318681318,15.29978354978355,82.58237087703031,99.47773656834221,22.020021645021643,3.5,24.768284115265537,59.19593253968254,44.102912361116694,22.77266252266252,3.967948717948718,188.2437552213868,11.566666666666666,62.89775964775965,47.68398911598132,0.7142857142857142,16.331746031746032,52.35371572871573,88.08822468381291,68.78326891362606,2.15625,14.819909622541202,146.58683251446408,16.455263157894734,13.092261904761905,29.26388888888889,34.96601546601546,3.75,0.0,8.741702741702742,6.9523809523809526,33.12896825396825,0.0,2.083333333333333,17.769607843137255,15.025510204081632,3.2107843137254903,2.729059829059829,8.117647058823529,3.333333333333333,37.78787878787879,97.82177901463615,0.8333333333333333,20.652380952380952,17.602124183006534,17.769607843137255,0.21739130434782608,1.1555555555555557,17.10042735042735,0.0,1.0,0.8412698412698413,1.4537480063795853,3.560924369747899,0.0,7.37037037037037,6.214285714285714,17.11026936026936,1.0666666666666667,21.92279942279942,2.884109311740891,2.0555555555555554,4.953030303030303,0.0,0.0,2.825396825396825,0.0,0.0,12.373792873792874,17.175518341307814,0.0,2.708333333333333,1.3888888888888888,1.4583333333333333,3.537414965986394,0.0,0.0,0.0,11.736758339699517,3.6309523809523805,1.813186813186813,0.0,3.717948717948718,0.0,0.25,0.0,0.0,1.7222222222222223,8.75,40.93055555555556,3.5,18.666666666666668,0.0,2.333333333333333,0.0,0.29411764705882354,0.7030303030303031,0.0,5.555555555555555,39.833333333333336,3.571428571428571,3.5101010101010104,0.784593837535014,1.0,7.447330447330447,0.6777777777777778,16.72685185185185,5.833333333333333,1.9345238095238093,15.619047619047619,0.47619047619047616,10.904965404965404,0.41666666666666663,0.7142857142857142,10.738095238095237,0.0,5.625,2.9404761904761902,1.4702380952380951,0.0,0.8333333333333333,23.444444444444443,0.0,1.5729166666666665,0.47619047619047616,0.4,2.0926406926406926,0.5555555555555556,0.0,0.0,3.5,1.1045751633986929,0.6271929824561403,8.416666666666666,0.0,3.5357142857142856,0.0,5.909090909090909,1.6666666666666665,0.18181818181818182,6.483333333333333,3.755952380952381,0.0,0.0,3.8888888888888884,1.6666666666666665,2.4,2.196078431372549,0.0,0.0,0.0,8.712121212121213,0.5,2.200091575091575,0.0,5.0,0.0,1.6666666666666667,6.736111111111111,6.853138528138528,1.6666666666666665,0.0,0.0,0.16666666666666666,0.0,0.0,0.0,0.0,0.0,2.1428571428571423,0.0
285.1349585519844,57.73963105859657,18.035372194854954,91.75974915091294,246.03690697737713,16.839743589743588,36.03968253968254,71.12676954271781,11.237179487179487,14.560185185185185,41.06547619047619,19.7281746031746,2.840608465608465,18.636093073593074,3.7433862433862433,51.09036796536796,46.093174146115324,67.53441244745592,23.204545454545453,15.904761904761905,0.625,7.78541366041366,13.75,6.452272727272727,27.928571428571427,11.666666666666666,4.166666666666666,8.14102564102564,6.666666666666666,0.7142857142857142,0.0,11.849319159101768,73.72057675855488,0.0,4.625,0.625,0.0,0.0,0.0,1.0096153846153846,0.25,4.714285714285714,37.30769230769231,16.51605339105339,1.9642857142857142,1.3333333333333333,1.6666666666666665,7.121212121212121,12.083116883116883,2.375,2.5,1.1111111111111112,0.0,4.330357142857142,1.0416666666666665,7.685231435231436,5.119047619047619,0.0,0.04926108374384237,5.833333333333333,3.3333333333333335,0.0,0.0,24.47903963517774,0.0,0.0,0.8333333333333333,0.0,0.0,0.0,0.0,0.0,7.5,0.0,24.47903963517774,0.21739130434782608,2.0,3.333333333333333,0.0,0.0,1.4285714285714284,0.0,1.0,0.0,0.14285714285714285,0.0,0.0,0.0,28.21933621933622,3.0,0.0,0.0,0.0,0.0,0.0,0.0,0.0,0.2564102564102564,8.651556776556776,0.0,0.0,0.0,0.9523809523809523,0.0,0.0,0.8333333333333333,0.0,0.8712121212121212,0.41666666666666663,1.456043956043956,0.0,0.8333333333333333,0.0,0.0,0.0,0.0,0.0,0.0,0.625,0.0,0.0,0.0,6.474867724867725,0.0,0.0,0.0,0.0,0.0,0.0,0.0,0.0,0.3571428571428571,0.0,0.0,0.0,4.242424242424242,0.0,0.0,0.0,0.5555555555555556,0.0,0.0,0.0,0.04926108374384237,0.0,0.0,0.0,0.0,1.25,0.0,5.0,0.0,0.0,0.0,0.0,0.8116883116883117,1.3333333333333333,0.0,0.0,0.0,0.0,0.0,6.25,0.0,0.0,0.0,0.0,0.0,0.0,0.0,0.0,0.0,0.0,0.0,0.0,0.0,2.8571428571428568,0.0,0.0,0.0,0.0,0.5,1.575091575091575,0.0,0.0,0.0,0.0,0.0,0.0,2.6666666666666665,0.0,0.0,0.0,0.0,0.0,0.0,0.0,0.0,0.0,0.0
1053.2890247132095,272.214342923582,138.20171957671957,287.35049094424096,469.414627039627,155.91211334961335,324.61717372134035,161.0279331711317,138.9206349206349,231.13690476190476,130.7420706969846,160.63888888888889,53.59035409035409,89.30999555999556,75.68253968253968,141.52380952380952,156.23517967539706,81.49305555555556,35.39026251526251,163.49233013363448,21.424999999999997,137.9623015873016,93.22826086956522,73.02380952380952,335.3301587301587,177.493894993895,28.285714285714285,116.05555555555556,44.61111111111111,19.166666666666668,26.72222222222222,29.785714285714285,210.00438912938912,33.946886446886445,6.5476190476190474,28.944444444444443,17.88095238095238,26.953703703703702,29.535714285714285,87.53571428571428,15.446581196581196,10.2,6.5,34.123909906518605,74.34052287581699,15.333333333333332,18.333333333333332,14.811507936507937,4.833333333333333,24.75,17.77777777777778,7.361111111111111,10.465506715506715,19.584325396825395,39.82142857142857,27.083333333333332,245.56336256336255,11.041666666666666,21.27777777777778,8.555555555555555,17.38095238095238,6.666666666666666,5.0,13.365079365079364,0.0,4.333333333333333,4.166666666666666,22.61111111111111,0.0,0.5555555555555556,2.0,8.333333333333332,30.382936507936506,23.666666666666664,10.031746031746032,1.0,10.555555555555555,5.625,3.095238095238095,10.833333333333332,10.714285714285714,7.0,0.0,103.08333333333333,0.0,3.958333333333333,7.059523809523809,3.333333333333333,0.0,0.0,0.0,4.166666666666666,4.0476190476190474,5.541622899159664,2.5,28.055555555555554,0.3694415266106443,0.0,8.833333333333332,10.476190476190474,2.9166666666666665,64.40079365079364,0.8333333333333333,8.75,3.6944152661064424,0.0,0.3694415266106443,11.845238095238095,0.0,20.083333333333332,0.3694415266106443,13.090277777777779,0.3694415266106443,9.444444444444445,0.3694415266106443,0.3694415266106443,0.0,5.0,0.0,6.714285714285714,2.5,7.0,0.0,5.0,8.333333333333332,1.1274509803921569,6.137896825396825,3.0864197530864197,0.8333333333333333,1.6666666666666665,0.0,1.9047619047619047,0.0,12.25,6.944444444444445,3.7777777777777777,3.333333333333333,0.0,2.333333333333333,2.861111111111111,8.333333333333332,1.1666666666666665,3.833333333333333,5.0,0.0,0.0,2.2222222222222223,1.1111111111111112,4.722222222222222,5.0,1.25,6.604166666666667,12.777777777777777,3.333333333333333,0.0,0.5555555555555556,0.0,0.0,0.0,12.916666666666666,12.61111111111111,2.6666666666666665,23.353415103415102,5.0,0.0,1.6666666666666665,2.5,0.0,0.0,0.0,5.666666666666667,4.638151703369094,18.552606813476377,0.0,1.6666666666666665,0.0,19.17195767195767,2.0,3.333333333333333,0.0,7.777777777777778,0.0,8.935185185185185,61.68232323232323,0.0,1.6666666666666665,17.22222222222222,10.0,0.18518518518518517,5.0,2.5,7.373015873015872,0.0,0.0,13.333333333333332,0.0,0.3125,2.5,0.8333333333333333,2.0
640.7777777777777,64.08333333333333,388.0208333333333,204.51111111111112,318.2361111111111,99.30555555555556,87.20833333333333,441.47738095238094,37.125,155.43055555555554,84.70833333333333,52.861111111111114,85.30555555555556,290.5392857142857,15.333333333333332,13.125,2.5,106.375,27.5,5.0,11.666666666666666,59.705555555555556,40.833333333333336,267.01666666666665,97.61111111111111,67.91666666666667,29.916666666666664,47.19444444444444,35.166666666666664,5.833333333333333,14.166666666666666,5.0,0.0,15.833333333333332,4.166666666666666,0.0,6.666666666666666,3.75,2.5,0.625,18.47222222222222,50.666666666666664,0.0,76.17361111111111,48.11111111111111,70.58333333333333,3.25,13.125,0.0,2.5,3.333333333333333,8.541666666666666,57.69444444444444,3.333333333333333,0.0,0.0,0.0,0.0,2.5,2.0,29.166666666666664,0.0,0.0,0.0,0.0,1.6666666666666665,6.0,0.8333333333333333,10.0,0.0,3.0,0.0,0.0,0.0,0.0,12.0,0.0,0.0,15.416666666666668,0.0,0.0,0.0,0.0,0.0,0.625,10.0,0.0,1.6666666666666665,0.0,0.0,1.25,0.0,0.0,0.0,0.0,0.0,0.0,9.23611111111111,0.0,0.0,0.0,0.0,25.25,0.0,0.0,0.0,0.0,0.0,2.333333333333333,0.0,0.0,3.333333333333333,0.0,5.0,0.0,0.0,0.0,0.0,0.0,0.0,0.0,50.83333333333333,4.333333333333333,4.166666666666666,0.0,6.25,0.0,0.0,2.5,0.0,0.0,0.0,0.0,0.0,0.0,0.0,1.1111111111111112,0.0,0.0,0.0,2.0,0.0,0.0,0.0,0.0,5.0,0.0,0.0,0.0,1.6666666666666665,1.6666666666666665,0.0,0.0,0.0,0.0,0.0,0.0,0.0,10.083333333333332,0.0,0.0,0.0,0.0,0.0,0.3333333333333333,0.0,0.0,0.0,0.0,0.0,0.0,0.0,0.0,0.0,0.0,0.0,0.0,0.0,0.0,0.0,0.0,0.0,0.0,0.0,0.0,0.0,0.0,0.0,0.0,0.0,1.6666666666666665,0.0,1.6666666666666665,0.0,0.0,0.0,0.0,0.0,0.0,6.666666666666666
1766.65083259829,378.252534319386,661.3626678760082,624.9285422530661,477.1922798641469,402.1646847769884,470.8940464646974,982.460867837121,158.39373918565096,273.12986693747143,70.25454486470906,332.3169510898853,231.08426428846596,318.572048360069,138.2563229798524,201.60680700305312,106.14772003673264,496.63836353500216,431.5451308585431,198.60622974908688,155.44311484234638,469.7582041233364,168.11997482753785,337.3392644892294,241.86709738674023,262.371879820571,163.1618380374683,113.94410924043277,197.05910290014668,151.3756132347466,99.86094282599147,645.3271133368263,121.4812701075532,106.26579291760194,15.040284489864321,16.26316738816739,108.78076699599808,189.69413121892114,16.38059163059163,7.487244897959183,128.55523021951592,58.785286142428994,142.43514351739142,145.7548838066695,25.15343915343915,44.18408674658674,169.62538391424945,84.48656142312157,61.324499018108035,34.55220037959976,15.890717126011243,84.31105662544738,131.8058314098755,17.043367346938773,6.8773448773448775,20.46891996891997,10.980347694633409,11.780364593389802,18.04983564132724,8.133589667751158,73.26579825597682,69.7656228128392,49.371958021747936,16.593828876437573,14.065543979829695,15.497805998856418,17.07701666525196,235.00083416877976,78.32908539095514,12.105263157894738,5.693121693121693,34.28360858718001,52.013188681803236,23.91818666083372,16.593828876437573,153.28201334736366,214.40105176328086,7.88298606155749,3.949585137085137,8.063347763347764,15.634920634920634,0.3214285714285714,33.50603563103563,4.7702191987906275,4.172294372294372,6.2210435456233775,145.75408798144866,4.878322735465592,18.271994998465587,1.7142857142857142,26.118245841460126,1.9702380952380953,4.059523809523809,12.390589569160998,10.91348713398403,20.107371794871792,0.38622448979591834,30.164825671404618,28.475710090799602,5.5150008721437285,3.591269841269841,0.537037037037037,5.685305435305435,4.142857142857142,3.8622448979591835,0.2777777777777778,0.6640022675736962,24.53022533022533,3.0515873015873014,26.152595443771915,0.38622448979591834,1.247732426303855,0.38622448979591834,10.33521855128998,0.38622448979591834,0.38622448979591834,29.802244052244053,2.7777777777777777,51.56108792001649,6.436545772155016,9.219246031746032,7.50675911390197,22.038690476190474,0.0,21.978194327459033,7.196997602459787,0.8,22.741591503372508,17.125111925111923,5.509435009435009,6.749084249084249,27.55111555111555,42.03964765106069,21.152903091060985,15.249436740508168,28.126984126984127,1.976190476190476,0.7341269841269842,14.394341855255167,2.1696900982615266,2.5396825396825395,5.78114874543446,41.9130955412468,44.30266559615299,15.788480038480039,0.8928571428571428,0.0,0.0,20.470859392299023,2.8929773929773925,1.797996976568405,16.547003313761962,1.9230769230769231,2.2352171637885925,0.08928571428571427,3.6703296703296706,6.198870573870574,12.832070707070706,27.428218210361067,3.0357142857142856,1.7142857142857142,1.2477785372522214,0.7142857142857142,18.786546786546786,6.459325396825397,0.7407407407407407,1.189342403628118,2.9144300144300144,1.2408424908424907,29.853426665926666,9.138310763310763,0.0,0.0,12.278591778591778,0.31505531505531503,5.947237947237947,43.27777777777778,3.6145983645983644,70.11326560344418,0.6666666666666666,0.7037037037037037,0.06802721088435373,9.364667277167277,28.0515873015873,9.891977599120455,2.217169908899232,4.516483516483516,20.899111074111072,14.945238095238095,0.0,0.6666666666666666,7.926986179087019,0.0,1.1436202686202686,0.0,0.0,1.1638361638361638,0.0,0.0,0.0
0.0,0.0,0.0,0.0,0.0,0.0,0.0,0.0,0.0,0.0,0.0,15.0,0.0,0.0,0.0,0.0,0.0,0.0,0.0,0.0,0.0,0.0,0.0,0.0,0.0,0.0,0.0,0.0,0.0,0.0,0.0,0.0,0.0,0.0,0.0,0.0,0.0,0.0,0.0,0.0,0.0,0.0,0.0,0.0,0.0,0.0,0.0,0.0,0.0,0.0,0.0,0.0,0.0,0.0,0.0,0.0,0.0,0.0,0.0,0.0,0.0,0.0,0.0,0.0,0.0,0.0,0.0,0.0,0.0,0.0,0.0,0.0,0.0,0.0,0.0,0.0,0.0,0.0,0.0,0.0,0.0,0.0,0.0,0.0,0.0,0.0,0.0,0.0,0.0,0.0,0.0,0.0,0.0,0.0,0.0,0.0,0.0,0.0,0.0,0.0,0.0,0.0,0.0,0.0,0.0,0.0,0.0,0.0,0.0,0.0,0.0,0.0,0.0,0.0,0.0,0.0,0.0,0.0,0.0,0.0,0.0,0.0,0.0,0.0,0.0,0.0,0.0,0.0,0.0,0.0,0.0,0.0,0.0,0.0,0.0,0.0,0.0,0.0,0.0,0.0,0.0,0.0,0.0,0.0,0.0,0.0,0.0,0.0,0.0,0.0,0.0,0.0,0.0,0.0,0.0,0.0,0.0,0.0,0.0,0.0,0.0,0.0,0.0,0.0,0.0,0.0,0.0,0.0,0.0,0.0,0.0,0.0,0.0,0.0,0.0,0.0,0.0,0.0,0.0,0.0,0.0,0.0,0.0,0.0,0.0,0.0,0.0,0.0,0.0,0.0,0.0,0.0,0.0,0.0,0.0,0.0,0.0,0.0,0.0,0.0
902.3613233988234,20.108916546416545,145.07897426647426,164.69047619047618,372.47718253968253,93.97053436759319,70.0,310.39733414733416,128.40674603174602,235.32537647537646,73.04861111111111,325.40340909090907,70.29166666666666,127.93503487253487,31.200396825396826,159.91666666666666,54.49537037037037,240.7435064935065,58.00297619047619,38.07208994708994,52.988095238095234,83.09325396825396,45.07810245310245,128.59752284752284,34.92929292929293,117.41161616161615,15.056818181818182,31.63888888888889,49.839285714285715,28.395833333333332,16.12118437118437,2.083333333333333,5.284722222222222,23.944444444444443,14.607142857142858,0.9803921568627451,22.916666666666668,31.544973544973544,28.86111111111111,30.561868686868685,118.85846560846561,77.6359477124183,5.583333333333333,17.63095238095238,50.95833333333333,29.476190476190474,42.394841269841265,25.28914141414141,22.187632275132273,9.37037037037037,13.142857142857142,19.65277777777778,52.18948412698413,19.965608465608465,9.444444444444445,0.47619047619047616,13.583333333333332,2.5,0.5,0.0,39.2310606060606,16.944444444444443,3.75,0.0,26.09722222222222,14.027777777777777,8.941798941798941,19.0,17.038888888888888,1.2916666666666665,11.194444444444445,3.0606060606060606,1.5,1.6666666666666665,0.0,2.013888888888889,13.833333333333332,2.0370370370370368,6.625,8.027777777777779,6.063492063492063,6.222222222222222,0.0,5.0,5.0,28.704288766788764,19.61111111111111,5.0,3.75,3.194444444444444,1.1428571428571428,20.143097643097644,17.170093795093795,0.0,6.388888888888888,2.083333333333333,0.0,7.142857142857143,0.0,2.5,6.666666666666666,0.0,2.5,2.25,0.0,11.319444444444445,0.0,0.0,11.416666666666666,2.5,0.0,3.081196581196581,0.0,1.0,0.0,0.0,0.0,0.0,21.53174603174603,0.0,2.803030303030303,11.25,0.0,31.23333333333333,1.875,2.2916666666666665,0.0,0.0,13.93452380952381,5.0,0.0,0.0,29.21527777777778,1.9166666666666665,0.0,0.0,8.666666666666666,10.277777777777777,11.625,1.3333333333333333,5.0,2.4821428571428568,0.0,0.0,2.1948717948717946,1.6666666666666665,0.0,0.0,1.5064102564102564,0.5555555555555556,6.892857142857142,0.0,0.0,0.0,4.791666666666666,0.0,0.0,20.266666666666666,36.73015873015873,6.166666666666666,0.0,0.0,0.0,0.0,0.3571428571428571,0.0,0.0,1.5277777777777777,0.0,0.0,0.0,0.0,0.0,0.0,0.0,1.25,0.0,0.0,0.0,0.0,0.0,1.25,0.0,0.0,0.625,0.0,0.0,1.6666666666666665,0.0,0.0,2.5,3.333333333333333,0.41666666666666663,0.0,0.0,3.333333333333333,0.0,0.9126984126984127,0.0,0.0
2389.4981132393305,107.52642496392497,682.7208141321045,770.3996035966081,1596.307331390414,269.76686507936506,781.7856496672365,1101.8209108934948,289.47865474472616,896.6163233591805,410.43214796408074,861.7578316077164,325.29251998001996,611.1761112486953,121.63708397337429,605.751769091475,233.72103174603174,955.317494079994,494.91478242486306,243.02656153370438,204.9798655048655,379.0857263107263,182.44444444444443,615.5675848622277,156.6643315018315,676.0906561692276,203.67879272758304,269.5498866213152,273.34296536796535,127.08650793650793,75.27240028490029,31.511111111111113,11.228021978021978,39.93676046176046,93.19007936507937,1.3095238095238093,156.28921356421355,190.23777056277055,72.38205751834784,250.17003588516747,577.9286303899207,189.4116462241462,83.53896103896103,12.922619047619047,68.57312925170068,116.84984882842025,472.5162028447743,509.6155396851825,50.70941558441558,55.23778998778999,26.64484126984127,195.30793650793652,373.27542596292596,116.69623015873016,86.375,0.9,3.75,20.476190476190474,0.5555555555555556,1.25,233.7610174217317,51.24239417989418,12.039115646258503,1.8214285714285714,49.34698773448773,23.448015873015873,62.803287981859405,29.592748917748917,64.71771284271284,37.974404761904765,79.74388957603243,40.82727272727273,59.96084656084656,1.5,0.75,30.027560163850485,6.678571428571428,14.047619047619047,17.083333333333332,40.21266233766234,34.99437229437229,21.745238095238093,38.125,7.0,23.833333333333336,35.301352813852816,66.33690476190476,17.58928571428571,11.15,80.39468864468864,32.77290626040626,13.898809523809524,26.56547619047619,0.0,23.94274193548387,108.01010101010101,0.0,42.913718820861675,0.0,16.745238095238093,16.2239898989899,0.0,1.8125,11.357142857142858,0.0,37.49682539682539,0.0,4.625,37.422619047619044,18.583333333333332,0.0,11.640277777777778,0.0,6.541666666666667,0.0,0.0,0.6666666666666666,0.0,56.345238095238095,7.616666666666666,16.842424242424244,138.52532467532467,17.394444444444446,5.375,5.208333333333333,17.195294784580497,2.8571428571428568,3.7364130434782608,31.880867346938775,19.142857142857142,4.583333333333333,0.0,62.757934385875565,14.154761904761903,36.72377743863919,0.0,17.866666666666667,12.07449494949495,80.90591377576672,1.7916666666666665,3.3166666666666664,8.532828282828282,0.0,2.916666666666667,1.5,4.063492063492063,12.320243248814677,6.1601216244073385,2.392857142857143,27.80952380952381,12.836309523809524,7.004081632653062,40.34848484848485,0.0,8.386904761904761,0.0,1.0833333333333333,14.0,17.5,37.41584249084249,1.4583333333333333,0.0,0.0,3.0555555555555554,4.166666666666666,4.0625,0.2857142857142857,0.41666666666666663,11.299999999999999,3.333333333333333,0.0,1.0,4.0,0.2777777777777778,0.8928571428571428,7.777777777777778,0.0,4.044312169312169,0.0,5.666666666666666,0.625,1.5,0.2777777777777778,0.0,0.0,2.949659863945578,0.0,19.825396825396826,0.0,0.2040816326530612,2.5,1.5,0.0,2.375,0.0,1.119047619047619,0.0,5.357142857142857,0.0,0.8333333333333333
499.19757407625053,30.870054945054946,163.83556397306396,86.25311447811447,129.230772005772,101.99527047027047,100.86664862914863,99.6031746031746,51.85335497835498,42.65721288515406,51.83820346320346,108.30814694564694,70.10652958152959,32.10357142857143,13.166666666666666,56.342638570579744,46.68312104562104,107.2470695970696,53.82213538095891,34.0439393939394,26.35546398046398,34.68511904761905,33.11746031746031,42.95535714285714,93.53059056956116,31.211041083099907,19.800595238095237,46.07956904206904,45.33409645909646,21.17361111111111,4.333333333333333,30.605459355459356,18.56845238095238,16.176653439153437,2.9357142857142855,6.571428571428571,33.504960317460316,35.87896825396825,17.804761904761904,3.4564393939393936,90.64847374847375,9.757142857142856,23.132263814616756,38.19940476190476,6.333333333333333,54.78030303030303,93.95065359477124,33.41587301587302,11.060714285714285,14.11111111111111,6.366666666666667,1.2,32.61607142857143,12.313492063492063,5.688311688311688,82.88311688311688,24.57142857142857,1.012987012987013,3.333333333333333,23.21428571428571,26.836507936507935,8.229437229437229,2.0,0.8846153846153846,20.908730158730158,3.5634920634920637,20.98992673992674,7.742424242424242,15.689814814814815,9.482142857142858,13.35064935064935,0.625,0.625,1.6666666666666665,0.38461538461538464,4.642857142857142,7.099567099567099,19.604761904761904,2.1666666666666665,5.152380952380952,9.458333333333334,2.5441176470588234,8.253205128205128,0.0,11.035714285714285,0.7142857142857142,7.0625,2.1666666666666665,4.523809523809524,17.796031746031744,8.0625,0.5,0.7333333333333334,0.0,8.192460317460318,2.5,0.0,1.9475108225108224,0.0,2.772222222222222,3.77743783993784,0.0,6.523809523809524,0.0,0.0,2.169191919191919,0.0,0.0,0.5238095238095237,5.5,0.0,0.14285714285714285,0.0,0.2272727272727273,0.0,0.0,5.393939393939394,0.0,6.171474358974359,0.23809523809523808,0.5,7.166666666666666,12.226190476190474,2.0,2.875,1.0,1.5,2.159090909090909,0.0,2.040764790764791,0.25,5.333333333333333,7.269642857142857,3.5357142857142856,0.0,1.8749999999999998,4.295238095238095,0.0,11.886904761904761,2.6666666666666665,0.0,0.7222222222222222,0.6666666666666666,2.236111111111111,3.1428571428571423,0.3333333333333333,2.2222222222222223,1.1111111111111112,0.0,2.9166666666666665,0.0,0.0,2.0,0.0,1.9791666666666665,0.0,0.0,0.0,1.714285714285714,4.652777777777778,0.6666666666666666,0.13333333333333333,0.0,0.3125,0.25,0.0,1.0,5.517857142857142,1.1666666666666665,2.333333333333333,2.083333333333333,0.4,1.6,5.4,0.0,0.9454545454545455,0.0,0.9523809523809523,0.0,0.0,0.8333333333333333,0.3333333333333333,2.0,0.625,1.3333333333333333,0.19230769230769232,0.0,0.8333333333333333,0.0,0.0,0.2,2.142857142857143,0.5,0.0,2.5,1.4285714285714284,0.5357142857142856,0.3333333333333333,0.0,5.0
5557.365970953254,289.8928731811455,1568.3187300708255,1654.712203439417,1680.2225752476022,1084.6823346944457,1805.6887427525503,1923.4758862437907,524.1116981027692,1300.7990620376277,800.5576141523981,2212.79337823916,1147.0562179224514,342.2327266105155,241.940722386775,893.571917148536,726.4319401215704,1310.255831734403,689.1154091361101,429.6208253350455,451.5487142953886,622.5909363492872,770.522338989986,514.4333737641787,942.7962687412827,1080.06515837032,402.65138004696826,638.7156258430252,862.870525854251,207.99456885706886,290.76501478254573,509.3999598934986,161.99168257837982,174.6435813641696,86.33565416065416,63.91633319994664,538.1196083091315,613.3848911545642,333.1349998585293,307.824305141851,1667.7090747298548,160.15747523173994,99.81394458368142,277.86318498226393,130.22093701505466,229.0893821534734,1288.8017045075094,897.126916964417,128.09112526532252,193.92966333775158,22.457966254018885,56.242829773712124,263.30038377658343,211.8791107041107,62.278751069192246,180.1002844120104,10.812169312169312,24.308730158730157,2.1164021164021163,22.184523809523807,576.8507075712957,210.16897546897547,23.250819134993446,20.702380952380953,617.5916347541347,26.10280910609858,71.5032000873744,167.88183736198442,208.55004162504162,81.18164936914937,217.82561256825963,18.40521978021978,112.75340585340585,42.17367123617124,20.702380952380953,140.8779743272362,53.252164502164504,60.34817536967525,23.751144688644686,81.0755291005291,243.77080892963244,74.37444653299916,160.28827129183165,1.3333333333333333,81.71711117628548,167.8106958401076,69.8008640868935,15.256944444444445,49.9973049825991,403.94521055391516,192.9248842107713,12.422619047619047,40.86391437308868,36.210578595688894,220.8159386996452,111.26846994018823,2.414038573045926,163.87886391930508,2.0238095238095237,24.026772913466463,34.3911223036223,8.194444444444445,6.6269841269841265,9.969516594516593,24.14038573045926,15.431925590749119,3.525149684157037,10.822222222222223,10.070171957671958,33.58569310404173,2.414038573045926,9.047415547415547,2.414038573045926,11.25780676438571,2.414038573045926,2.414038573045926,8.75,15.46616082330368,304.21917755005893,26.608818205322763,36.93596681096681,10.677777777777777,183.44597162097162,6.611111111111111,44.884523809523806,21.521464646464647,12.583333333333332,37.62630687630688,14.227272727272727,16.131902356902355,12.523484848484848,2.202380952380952,242.26342437874513,240.23232954321662,58.698622430201375,5.416666666666666,46.085455394278924,13.929563492063492,211.8254637150254,30.22827223744655,17.666666666666664,10.548809523809524,2.916666666666667,82.67890749601276,63.3015873015873,15.390873015873016,11.894179894179894,5.947089947089947,2.7777777777777777,14.956679894179892,10.653968253968253,5.666666666666666,29.7508658008658,3.75,27.208333333333332,13.710497835497835,4.454365079365079,11.94047619047619,11.269841269841269,81.28115968998321,17.583333333333332,0.8333333333333333,3.7916666666666665,57.70557928913192,13.842592592592592,16.119047619047617,0.0,77.1382529974273,7.619047619047619,8.70138888888889,37.80238095238095,0.3333333333333333,1.3333333333333333,0.4545454545454546,3.7037037037037033,26.305555555555554,2.238095238095238,9.252803261977574,16.72222222222222,0.0,1.3333333333333333,0.3571428571428571,15.3510101010101,0.7765151515151515,3.333333333333333,9.987012987012987,0.0,9.416666666666666,4.166666666666666,0.6666666666666666,1.9047619047619047,12.853763258018578,7.597222222222222,4.208333333333333,2.0666666666666664,16.428571428571427,36.853886853886856,10.0,0.0,0.0
17840.615362628632,951.6779783420909,4843.118039620318,4305.519982399545,4631.667703257412,2282.1304674030525,3554.8030300045198,7202.392289438048,1874.0130743938719,2557.2575852169725,1488.3578754493635,5015.741921279602,3254.9801678352637,789.8290355163462,792.5875028206071,2299.7264551274197,1502.5168610560052,3912.6368839239826,1279.6424208738326,848.8254017771219,720.0157508978657,1822.2478846357726,1867.1961497517516,1039.5840916962031,2787.7004175203247,2814.4281296343124,1107.3080503932347,1524.3246610090625,2061.2612705072006,457.9910872159496,756.951213754835,1745.8899208036119,953.0367773212138,353.41974318197975,208.07064694564693,64.20162787752393,1553.4698903729143,1919.6433101745658,212.10876705608678,866.539005621683,3315.4831596735803,216.7789636641202,206.09662712514523,572.0903253753947,132.84734070395834,330.721567986706,2383.523423939559,1888.0654670262973,224.92288332208057,467.7066897563221,133.2052993302993,90.47795400452601,464.9762627229662,294.35661375661374,343.9233238983239,139.6149205695037,39.41173641173641,205.19464285714284,13.947751322751323,41.37202380952381,1044.3322880550822,1665.409022244352,30.442016826191136,28.0207891523681,1442.765338577311,154.04431216931218,123.69270965188396,356.9888861993904,498.0297699063676,192.8478073426535,329.0405692813256,80.74724118474118,167.18827698744462,105.61241767491767,22.96596459096459,526.0088003896,109.51521164021163,83.73604213254201,102.71323944100224,291.46685834007263,296.0624378554588,187.96172011092995,202.1761468223653,0.8333333333333333,259.16579304996736,525.5527922566401,255.42153508256447,16.53174603174603,48.91118871791141,671.6631501717105,408.60498020666915,46.742826617826616,25.537723896898207,16.490800865800864,380.65281142915285,220.52685874228004,1.0993867243867244,278.9324518657502,27.673789173789174,128.65841210760564,73.60533229913881,1.8888888888888888,3.441043083900227,24.73671236171236,10.993867243867244,46.89618137464776,1.7243867243867244,38.89766067266067,29.85588624338624,45.7877026957572,1.0993867243867244,16.231317492031778,1.0993867243867244,55.58472655082562,1.0993867243867244,1.0993867243867244,34.13945578231292,44.947330447330444,578.3265536884123,13.171422135783839,68.59218559218559,29.65,242.22630240130238,7.5,100.66094276094276,59.30411255411255,28.225750148544268,53.75358237858238,70.01226551226551,48.49198010615156,7.842182327476444,6.025974025974026,531.9845645045574,321.7853211944226,240.835198857232,17.22069597069597,120.12860939217975,6.675595238095237,552.4087988940468,73.76001826919259,62.81349206349206,26.638636363636362,19.710317460317462,232.85102565773295,75.32643613000755,54.15562678062678,28.264143264143264,13.576516076516075,9.11111111111111,41.74629629629629,81.44324712643677,40.72222222222222,60.33014069264069,1.1011904761904763,26.410509031198686,39.742063492063494,13.861291486291487,15.984126984126984,5.603174603174603,181.38996140414207,8.625170068027211,0.5555555555555556,8.791666666666666,102.7927587763114,62.28398453398453,20.523809523809522,4.527777777777778,81.27491296444441,8.495310245310245,10.152777777777777,127.9088192221528,0.0,0.0,32.75396825396825,1.6203703703703702,30.61038961038961,6.71171802054155,9.828200087374398,28.81313131313131,1.0101010101010102,0.7738095238095237,5.37037037037037,37.17460317460317,2.2172619047619047,71.83333333333333,15.416805416805417,7.25,27.0,23.767556517556518,2.173076923076923,3.571428571428571,10.085631389886709,18.63888888888889,9.172619047619047,1.5666666666666664,30.303571428571427,44.00595238095238,10.809523809523808,5.0,0.0
229.3626443001443,4.507936507936508,178.984126984127,207.17400793650793,218.22510822510822,24.330555555555556,16.482142857142858,501.428297519474,89.193272005772,239.96527777777777,163.25184390772625,128.26765873015873,35.76190476190476,94.2652562306974,12.895833333333334,128.15560966810966,14.125,135.11130952380952,92.08333333333333,58.70833333333333,30.645833333333332,3.1458333333333335,40.791666666666664,93.67189754689754,19.95357142857143,83.61538461538461,13.333333333333332,36.05952380952381,103.35416666666666,2.125,3.6666666666666665,4.048611111111111,10.5,3.839285714285714,3.958333333333333,0.0,5.666666666666666,20.75306637806638,3.6904761904761902,12.589285714285714,32.413690476190474,53.932539682539684,21.666666666666664,5.122222222222223,19.97519841269841,8.416666666666666,14.5,15.520833333333332,27.69206349206349,16.2877886002886,4.0,1.0,164.71547619047618,12.258333333333333,2.0,1.25,3.142857142857143,0.7291666666666666,0.0,0.0,22.875,7.340277777777778,0.4,1.25,3.7694444444444444,3.8888888888888884,2.5,2.2083333333333335,1.125,4.583333333333333,4.940476190476191,3.6904761904761902,0.0,0.0,0.8333333333333333,0.0,1.25,0.2777777777777778,0.0,3.958333333333333,0.0,2.4444444444444446,0.0,0.0,0.8333333333333333,0.0,4.811584249084249,16.47222222222222,12.5,1.875,0.0,2.5,4.166666666666666,0.0,0.0,12.291666666666666,0.0,10.630952380952381,0.0,0.0,10.516666666666666,0.22222222222222224,0.8333333333333333,0.6666666666666666,0.0,9.196428571428571,0.0,0.0,1.25,1.9444444444444446,0.0,0.0,0.0,0.0,0.0,0.0,0.0,0.0,12.35515873015873,0.0,8.303571428571429,71.07777777777778,2.083333333333333,3.071428571428571,1.25,2.375,0.0,2.5,0.0,0.5,1.0,0.2777777777777778,11.396825396825397,10.158730158730158,0.0,0.0,0.0,0.0,9.0,0.8333333333333333,0.0,3.8068181818181817,0.0,0.8333333333333333,1.5833333333333333,0.5,3.0,1.5,0.0,1.3333333333333333,0.9107142857142857,0.0,0.0,0.0,4.75,0.0,0.0,0.0,7.708333333333333,1.8571428571428572,0.0,0.0,0.0,0.0,5.333333333333333,2.25,0.0,1.125,0.0,0.0,0.4444444444444445,0.0,0.0,0.0,0.0,0.0,0.0,0.0,0.0,0.0,0.0,0.0,3.125,0.0,0.0,0.0,0.0,8.429563492063492,0.0,0.3333333333333333,0.6222222222222222,0.0,2.0,0.625,0.0,0.0,0.0,0.0,0.0,0.0
2646.7445950646397,132.94642857142856,753.380291005291,713.0209595959595,700.6144179894179,596.0898966833109,402.52821869488537,1363.3016419215908,206.6175925925926,1082.9633360920125,238.71825396825398,514.5618386243386,232.5255957455446,743.8371980676328,283.0833333333333,129.6225845410628,61.6875,351.59892835922244,195.67337819185644,117.05257936507935,53.97407407407407,361.80909247757074,228.07142857142856,322.0595238095238,208.87147525676937,115.27182539682539,40.58333333333333,197.78507120898425,83.32980599647266,32.97222222222222,25.694444444444443,31.777777777777775,155.06944444444443,41.34920634920635,9.510912698412698,158.64550264550263,44.52777777777778,49.223412698412695,53.12103174603175,222.21190476190475,320.1463267125032,36.20238095238095,20.11111111111111,232.22222222222223,589.7809523809524,106.5079365079365,139.76680672268907,89.7007275132275,42.25816993464052,8.043939393939393,8.333333333333332,41.88492063492063,102.42857142857143,17.3015873015873,41.7007215007215,51.22222222222222,126.49603174603175,2.5,49.23809523809524,188.24590687090688,130.3253968253968,19.166666666666668,47.37301587301587,19.194474506974505,46.638888888888886,0.0,13.972222222222221,41.03968253968254,17.365079365079364,1.0,18.870238095238093,2.5,2.2222222222222223,310.875,16.41669672919673,15.765873015873016,55.11944444444444,31.383838383838384,25.555555555555554,0.8101851851851851,1.1111111111111112,2.5,57.92063492063492,9.277777777777779,25.277777777777775,8.75,33.125,16.583333333333332,8.800595238095237,24.410714285714285,2.685185185185185,2.5,18.202380952380953,6.897964464378127,21.333333333333332,29.583333333333332,1.4598642976252083,9.444444444444445,1.2000000000000002,0.0,7.166666666666666,61.625,12.0,2.095238095238095,4.598642976252084,23.595238095238095,0.4598642976252084,0.0,14.166666666666666,29.952777777777776,0.4598642976252084,35.08333333333333,0.4598642976252084,4.444444444444445,0.4598642976252084,0.4598642976252084,2.5,19.5,25.86111111111111,3.4285714285714284,5.833333333333333,82.78896103896103,1.6666666666666665,17.115079365079364,17.97222222222222,7.083333333333333,8.416666666666666,8.756613756613756,0.47619047619047616,0.0,1.6666666666666665,1.25,16.0,19.464285714285715,1.2222222222222223,0.0,0.0,3.6111111111111107,17.394931457431458,1.3333333333333333,6.25,17.19047619047619,2.5,2.608695652173913,2.5,2.380952380952381,9.194444444444445,4.597222222222222,1.0,4.833333333333333,1.1111111111111112,1.0476190476190474,2.5,13.61111111111111,5.277777777777778,0.0,1.5,0.0,4.583333333333333,2.5,13.86111111111111,7.023809523809524,0.0,11.5,0.0,6.979166666666666,20.835714285714285,3.148148148148148,5.697751322751323,1.3333333333333333,2.0,12.158553791887124,48.6342151675485,0.0,0.0,0.0,0.0,3.75,0.0,35.357142857142854,2.0,24.464285714285715,2.6666666666666665,2.9166666666666665,0.0,0.0,0.0,0.0,0.0,0.0,6.4642857142857135,0.0,1.0,3.8095238095238098,55.75,2.5,2.5,13.095238095238095,10.807539682539682,550.25
466.71031746031747,42.10648148148148,137.96891534391534,224.69708994708995,196.6259259259259,129.95873015873016,84.58809523809524,250.45436507936506,19.425925925925924,269.14351851851853,41.81878306878307,182.44444444444443,25.199074074074073,73.875,69.16666666666666,18.75,25.732804232804234,106.81746031746032,29.595238095238095,12.916666666666666,2.8703703703703702,77.14285714285714,45.69444444444444,97.24537037037037,37.107142857142854,23.333333333333332,9.333333333333332,31.507936507936506,3.5416666666666665,0.0,3.111111111111111,14.50595238095238,81.02777777777777,14.375,0.0,26.916666666666664,4.444444444444445,8.174603174603174,11.055555555555555,69.45,46.23611111111111,2.5,1.6666666666666665,37.99603174603175,85.33333333333333,17.233333333333334,8.78968253968254,15.388888888888888,2.125,8.174603174603174,0.0,2.0,4.166666666666666,0.0,0.3333333333333333,3.0,16.30952380952381,1.3333333333333333,4.166666666666666,1.25,14.384920634920634,1.6666666666666665,1.4285714285714284,4.537037037037037,0.8333333333333333,0.625,5.357142857142857,3.75,2.111111111111111,1.6666666666666665,4.566666666666666,5.0,0.0,50.166666666666664,4.166666666666666,0.0,9.166666666666666,0.0,5.833333333333333,0.6018518518518519,2.5,2.5,5.5,0.37037037037037035,15.0,1.25,3.0,7.0,0.0,0.7407407407407407,0.8101851851851851,0.8333333333333333,3.833333333333333,0.0,5.601851851851851,1.0,0.0,4.583333333333333,8.333333333333332,0.0,0.0,8.472222222222221,13.041666666666666,10.0,0.0,12.5,0.0,0.0,0.0,0.8,0.0,0.0,0.0,0.625,0.0,0.0,0.0,0.0,0.8333333333333333,1.1111111111111112,0.0,17.857142857142858,2.5,16.791666666666664,0.0,0.0,1.8,0.0,0.0,0.0,0.0,0.0,0.0,0.0,7.5,6.666666666666666,2.5925925925925926,1.6666666666666665,4.8809523809523805,0.0,0.0,0.0,0.0,0.0,5.0,0.0,0.0,0.0,0.0,4.0,0.0,0.6666666666666666,0.0,0.0,0.0,0.0,0.0,0.0,5.0,2.5,0.41666666666666663,0.0,2.5,5.0,0.0,0.0,0.8,2.5,0.37037037037037035,0.0,0.0,0.2678571428571428,1.0714285714285712,0.0,0.0,0.0,0.0,0.0,0.0,10.0,0.0,3.333333333333333,0.0,0.0,0.0,0.0,0.0,0.0,0.0,0.0,0.0,0.0,0.0,1.6666666666666665,0.0,0.0,0.0,0.0,1.4285714285714284,37.14285714285714
9811.54242016904,1865.2451891362605,4566.38054968925,3549.3844980416407,5266.932917611489,3341.9865689865687,4395.384032237604,3586.4340282886424,1512.5109126984125,3506.541402116402,2613.725597242774,2642.5266695994637,1327.0830138115853,1836.2940476190477,880.688524044907,1446.7897546897545,689.357671957672,1566.7041580773723,1303.9676615051615,1010.4066158479202,613.5969095719096,1320.5105253212396,785.7309664972709,1140.7577533577532,3604.6309523809523,1529.635618349904,827.2089789295671,2530.7023165326736,1175.1488532913165,290.4861111111111,372.359126984127,688.3163163138727,1028.5508491508492,383.2409297052154,299.6899737167594,525.3068783068783,571.0186991579849,558.963443963444,956.8316211566212,1072.1576058201058,563.2472703222703,281.4863997113997,417.30555555555554,931.1320346320346,836.1218169085815,865.9802503052503,381.90858585858587,462.8988095238095,525.1283068783068,437.81044874089986,326.63174603174605,499.7253401360544,707.6676870748299,207.13556998557,268.76843434343436,145.81944444444443,370.1780303030303,404.8168650793651,179.9047619047619,249.81984126984128,609.5185556506985,433.6738095238095,340.45932539682536,110.72056087187666,255.11964285714285,71.92780552780553,455.1164021164021,349.6587301587302,112.96371882086167,292.4972222222222,220.0376984126984,239.60487528344672,260.3051587301587,255.6887508626639,93.9586561099719,151.22222222222223,161.09126984126985,530.6586940836941,486.00595238095235,217.94444444444443,173.7111111111111,185.54524840239125,402.68578643578644,368.5370670995671,124.625,80.41931216931216,101.03571428571428,248.87301587301587,97.06666666666666,187.0076530612245,120.60277777777777,150.51111111111112,183.2521645021645,137.00096853342515,103.06666666666666,196.30555555555554,14.942921711752152,130.58333333333331,84.73809523809524,76.01666666666667,111.62896825396825,1015.2760614170497,614.1805555555555,248.86904761904762,89.42921711752153,165.66829004329003,8.942921711752154,424.91468253968253,120.97619047619047,286.6882922632923,8.942921711752154,172.83333333333331,8.942921711752154,168.62301587301587,8.942921711752154,8.942921711752154,121.2157178660938,82.55555555555556,173.93333333333334,62.35370267958291,53.138888888888886,235.30555555555554,118.22222222222221,138.73809523809524,97.4903381642512,45.96078431372549,113.50694444444444,92.43846497417925,110.83333333333333,63.666666666666664,453.218253968254,102.40277777777777,148.11111111111111,102.57575757575758,142.96248196248195,39.59126984126984,53.958333333333336,67.7907647907648,29.069444444444443,94.27777777777777,21.468376068376067,150.62626262626262,87.83333333333333,40.0,56.166666666666664,46.25,42.68888888888889,21.344444444444445,3.6507936507936507,182.18650793650792,113.76190476190476,26.76190476190476,95.84523809523809,58.916666666666664,61.666666666666664,10.25,17.0,56.654761904761905,10.595238095238095,110.5,131.9466374269006,90.47619047619047,41.477380952380955,154.19444444444443,21.3125,81.80555555555556,47.72222222222222,81.63690476190476,72.73333333333333,92.75,13.0,22.068436696154087,88.27374678461635,7.499999999999999,40.833333333333336,120.81349206349206,33.61111111111111,68.4515873015873,14.999999999999998,73.57575757575758,96.15264486975013,25.833333333333332,249.06547619047618,605.4959539371304,75.90277777777777,30.458333333333332,68.83333333333333,6.736111111111111,12.20238095238095,138.02083333333334,56.416666666666664,111.03014951307159,66.39999999999999,102.24747474747474,211.15674603174602,57.677669552669556,30.0,147.44047619047618,25.62049062049062,159.79166666666666
6494.420956010711,302.2537320483749,4623.88768613506,3071.757652334438,2443.9386345136345,3770.059674122174,1370.8994259708545,2568.9798559089527,659.2073172858887,1653.5295220652363,540.5662165604392,1258.0478417746274,786.3922419978092,1524.8067692228406,1729.1884070294784,1654.4453901257473,127.30171957671958,1760.8415352504637,1868.1431972789114,469.11201899951897,363.80799218360306,821.3434250273535,1262.9363287506144,2245.1404056443253,909.6381393912409,1456.2754888289792,321.9952172110205,1267.7656197221047,268.4793745936603,518.0358965108965,342.80420875420873,62.42639305139305,451.2713624338624,612.5832611832611,338.7754724111867,329.891477702192,320.3346593221593,226.74027460634602,390.14725274725276,384.26255754827184,335.4587172087172,1210.8950305646733,74.37857142857142,1330.1898148148148,1883.058946144503,2684.4549510013794,400.4457482993197,251.7397718683433,440.07613636363635,18.85238095238095,171.20878856593143,55.81459889317032,360.29398240648237,34.15538588395731,273.8783068783069,51.6644536019536,245.50327846756417,18.045238095238094,293.30599700007593,65.62085137085137,33.199999999999996,85.41269841269842,58.86111111111111,11.240079365079364,68.625,86.75492808859633,23.619047619047617,27.34047619047619,21.275664811379098,9.394607843137255,403.0660632339673,10.463813303099016,122.281462585034,4.632575757575758,4.305555555555555,22.070767195767196,145.2003968253968,38.916666666666664,302.46657945229373,34.527036455607885,17.49404761904762,2.5515873015873014,137.3218253968254,179.04365079365078,168.76979832336974,48.364538239538234,3.4722222222222223,450.4717251002965,1.4468253968253968,62.76587301587301,3.4166666666666665,48.489931425786686,155.30513983371125,22.545914423248888,47.38095238095238,31.983849483849482,1.3379815964705608,32.496753246753244,2.642857142857143,22.315984015984014,167.2405363155363,21.327380952380953,320.7734126984127,328.8976623431649,13.379815964705609,78.11558956916099,1.3379815964705608,11.732027659548667,258.4695433729047,20.357142857142858,1.3379815964705608,39.519841269841265,1.3379815964705608,29.592970521541947,1.3379815964705608,1.3379815964705608,12.166666666666666,7.645833333333333,9.656746031746032,16.175595238095237,53.235119047619044,1199.0690991548133,3.0238095238095237,1222.1228174603175,24.804390054390055,13.305555555555555,5.541666666666666,0.0,15.012703566274995,29.60760073260073,5.706349206349206,6.567460317460317,28.003968253968253,6.761904761904761,29.756349206349206,1.25,1.7857142857142856,389.23095753452895,49.742171717171715,47.470238095238095,26.706349206349206,141.72342042877756,0.7142857142857142,3.333333333333333,50.59950796557939,54.92989417989418,24.19784580498866,12.09892290249433,0.0,37.79960317460317,39.46232188527585,3.9166666666666665,0.0,1.845238095238095,15.287698412698413,1.6666666666666665,0.0,67.30357142857143,298.43519521335105,3.1904761904761902,11.333333333333332,0.0,77.68253968253968,7.809523809523809,22.224206349206348,16.26388888888889,22.145833333333332,45.36111111111111,49.45833333333333,14.944444444444443,30.9047619047619,1.902116402116402,7.608465608465608,4.283333333333333,9.607142857142856,37.273809523809526,10.0,61.26587301587301,22.341269841269842,633.1993215118215,0.3125,24.34978354978355,0.0,2.5,7.869047619047619,36.59520757020757,0.0,0.0,10.0,4.0,78.22814407814407,2.142857142857143,8.944444444444445,4.708333333333333,3.5119047619047614,26.63095238095238,5.25,55.75,0.18518518518518517,25.654761904761905
2850.9698481343216,194.68160173160172,607.2240369380075,227.49456654456654,191.2997668997669,245.1271645021645,405.84394771894773,503.16189874939874,33.20833333333333,112.88809523809523,17.838383838383837,420.96085858585855,170.12272727272727,157.03448773448773,71.27579365079364,441.58225108225105,33.9515873015873,129.97395382395382,69.01037296037296,44.680934343434345,136.31979670656142,92.46121933621933,452.364072039072,132.61484348984348,1124.3030719280719,16.865259740259738,49.404761904761905,55.97046657046657,285.5253968253968,30.51147186147186,241.14906343656344,30.969971001221,0.0,124.1106782106782,10.738095238095237,0.0,83.30018939393939,21.760551948051948,6.0,8.5,43.169642857142854,17.285714285714285,31.742316017316018,293.09902597402595,39.96756854256854,47.858423520923516,11.979166666666666,42.916666666666664,20.57977392977393,0.0,26.041666666666668,26.65,14.142334054834054,217.53823953823954,12.5,0.0,54.74980721033352,0.41666666666666663,4.555555555555555,5.769230769230769,30.666666666666664,0.5,10.416666666666666,0.0,6.666666666666666,0.9375,0.0,91.75238095238095,3.321428571428571,0.0,2.577380952380952,0.0,9.916666666666666,0.09090909090909091,0.0,0.0,1.0416666666666665,0.0,8.27020202020202,1.0,0.0,0.39285714285714285,5.2,2.7777777777777777,20.523809523809522,1.1111111111111112,0.8,25.373015873015873,5.5,0.0,1.0416666666666665,6.003663003663004,0.8333333333333333,0.0,0.0,0.7692307692307693,0.0,25.047619047619047,6.666666666666666,16.942857142857143,4.5,0.8333333333333333,12.908333333333333,0.0,0.0,23.488095238095237,0.0,0.0,1.845238095238095,6.5476190476190474,0.0,0.6666666666666666,0.0,2.9166666666666665,0.0,0.0,199.19444444444443,0.0,1.875,2.159090909090909,0.0,4.511904761904761,12.958333333333332,49.70238095238095,0.09090909090909091,8.579365079365079,2.8571428571428568,0.0,0.0,2.738095238095238,6.8809523809523805,0.0,16.666666666666664,31.25,2.25,0.2272727272727273,4.0,0.0,0.0,10.047619047619047,1.0,2.3295454545454546,0.0,0.0,3.9401709401709404,0.0,0.0,0.0,16.00815850815851,8.845238095238095,5.333333333333333,2.9772727272727275,0.0,0.0,0.0,0.0,0.75,6.238095238095238,1.0,0.0,0.0,0.0,0.0,2.083333333333333,0.0,0.0,0.0,3.0,5.833333333333333,0.0,0.8333333333333333,0.3571428571428571,1.4285714285714284,2.104761904761905,0.0,0.20833333333333331,0.0,1.6666666666666665,3.41005291005291,3.333333333333333,0.0,0.0,0.0,0.625,0.6666666666666666,11.084914268737798,0.0,0.0,0.0,0.0,0.0,19.43181818181818,0.0,1.875,0.0,0.0,0.0,0.0,0.0,0.0
3635.1102572342065,328.544166151309,1843.7533990519285,1051.9816390736557,1012.0255092130092,999.2284980231409,744.7960016174302,1021.7767299674338,150.13176937441642,531.217911908353,317.2231062821399,454.4670163170163,505.32467426364485,732.8306552904767,185.42953950811093,1143.7494619137476,37.56927008177008,1029.8035223063584,362.163949013949,128.69321718586426,312.3671058873596,311.0494288119288,442.5234054966198,734.152592286659,1416.821737649994,231.29375144262914,397.41379585459913,390.3650072150072,56.548003848003844,151.4421520200932,162.42400121664826,7.474889693639693,53.44623015873016,196.72383658008658,20.76834930942074,26.044372294372295,153.4806216931217,325.4954333365048,120.0047619047619,38.61111111111111,328.10906685906684,185.3256562881563,85.01588589981446,637.2653115403115,371.1618305150343,276.33626927072305,110.28376022126022,170.33251794501794,39.77812084429731,1.6666666666666665,33.87320655534941,8.429389657961087,139.69188912938912,32.70759894867037,28.675925925925924,12.277777777777779,166.1112145712986,8.333333333333332,4.307800751879699,2.8125,49.120734126984125,3.3589743589743586,42.72142857142857,2.7817460317460316,5.15079365079365,4.135416666666667,8.5,48.56243386243386,12.313492063492063,1.8035714285714284,72.92542212904054,0.47241118669690096,39.6343537414966,2.70995670995671,1.6388888888888888,23.8531746031746,3.8333333333333335,14.583333333333332,58.11181199752628,11.192735042735043,2.2916666666666665,8.242063492063492,14.414285714285713,3.333333333333333,12.650420016491445,7.813492063492063,3.103174603174603,163.49559884559883,57.08316220816221,12.773809523809524,17.601190476190474,5.214137774993038,24.293253968253968,1.865079365079365,12.408730158730158,27.7989898989899,0.09259259259259259,31.81434583934584,6.279671717171717,20.012626262626263,16.75436507936508,5.551587301587301,55.62286324786324,52.35803992854247,0.9259259259259258,104.09311759668903,0.09259259259259259,2.333333333333333,10.5515873015873,1.9662698412698412,0.09259259259259259,7.553751803751803,0.09259259259259259,24.166666666666664,0.09259259259259259,0.09259259259259259,28.92150072150072,2.3125,27.98769841269841,0.4735449735449735,3.333333333333333,136.66003401360544,16.416666666666664,301.4447913197913,0.09090909090909091,20.224206349206348,1.3523809523809525,2.2283272283272284,13.802891156462584,15.588888888888889,17.886752136752136,24.685714285714283,21.345238095238095,0.0,13.978571428571428,2.5113636363636362,29.45952380952381,29.749458874458874,12.416203703703703,1.8333333333333333,4.051587301587301,15.206425518925519,16.611507936507937,0.0,36.24726345083488,8.517857142857142,1.9166666666666665,0.9583333333333333,0.0,7.613636363636363,16.515546218487394,0.0,0.0,6.011904761904762,1.9196428571428572,1.4285714285714284,2.083333333333333,33.9547619047619,59.588425925925925,2.5,2.6666666666666665,0.0,2.9166666666666665,2.6428571428571423,0.5555555555555556,1.0714285714285714,2.8125,25.569444444444443,17.035714285714285,8.454761904761904,1.4672619047619047,0.2,0.8,5.456944444444444,1.0,3.0238095238095237,0.0,14.441666666666666,41.45238095238095,178.58477633477634,1.3125,0.2777777777777778,0.0,0.5,15.135714285714284,6.181318681318681,3.2291666666666665,2.125,2.5,0.0,41.5781746031746,4.261904761904762,2.5,1.7583333333333333,2.6666666666666665,7.457070707070708,0.2857142857142857,3.0555555555555554,0.625,1.4880952380952381
145.13036038036037,53.922619047619044,77.10980315980316,19.845238095238095,30.416189931350115,5.4,3.8461538461538463,23.616666666666667,0.3571428571428571,8.095238095238095,3.057142857142857,7.055555555555555,4.638888888888889,10.971428571428572,3.9722222222222223,3.311111111111111,7.968052377320111,3.4285714285714284,5.6,10.205555555555556,6.330952380952381,6.952380952380952,9.608333333333334,8.833333333333334,3.6005291005291005,3.75,0.0,1.6666666666666665,0.15384615384615385,0.6000000000000001,0.0,1.4476190476190476,0.5,0.0,2.0,5.333333333333333,0.0,2.2105263157894735,0.0,0.0,5.5,0.0,0.0,6.857142857142857,0.0,0.0,2.111111111111111,1.6666666666666665,0.0,0.3571428571428571,1.3888888888888888,6.441771094402673,0.0,0.0,0.0,0.4545454545454546,0.0,0.3333333333333333,1.8849206349206349,0.5555555555555556,2.0,0.0,0.0,0.0,0.0,0.0,0.0,3.0,0.0,0.0,4.333333333333334,0.0,0.0,12.5,0.0,0.0,0.6000000000000001,2.5,0.0,0.0,0.2857142857142857,0.0,0.0,0.0,0.0,0.0,0.0,0.0,0.0,0.10526315789473684,1.5,0.0,0.0,0.0,0.0,0.0,0.0,1.0,9.583333333333334,0.0,0.0,1.25,0.0,0.0,0.0,0.0,0.0,0.0,0.0,3.333333333333333,0.0,0.0,0.0,0.25,0.0,0.0,4.642857142857142,0.0,0.0,0.0,0.0,0.0,0.0,0.0,0.0,0.0,0.0,0.0,0.0,0.0,0.0,0.0,0.0,0.0,0.0,3.5,0.0,0.0,0.0,0.0,2.5,0.0,0.0,0.0,0.0,0.0,0.0,0.0,0.0,0.0,0.0,0.0,0.0,0.0,0.0,4.0,0.0,0.0,0.0,0.0,0.0,0.7660818713450293,0.0,3.1944444444444446,0.0,0.0,0.0,0.0,0.0,3.15,0.0,0.0,0.0,0.0,0.0,0.0,0.0,0.0,0.0,0.0,0.0,0.0,0.0,0.0,0.0,0.0,0.0,0.0,1.2,0.0,0.0,0.0,0.0,0.0,0.0,0.0,0.0,0.0,0.0,0.0
8.972222222222221,1.9444444444444446,2.5,0.41666666666666663,5.0,0.5,0.0,0.0,0.7777777777777778,2.5,1.0555555555555556,0.0,0.0,2.1666666666666665,0.0,0.8333333333333333,11.0625,0.0,0.0,5.520833333333333,0.0,0.0,5.0,0.0,0.0,0.0,2.0,0.0,0.0,0.0,0.0,1.3333333333333333,0.0,0.0,0.0,0.0,1.9444444444444442,0.0,0.0,0.0,0.0,0.41666666666666663,0.0,0.0,0.0,2.5,0.0,0.0,0.0,0.0,0.0,0.0,0.0,0.0,0.0,0.0,0.0,0.0,0.0,3.333333333333333,0.0,0.0,0.0,0.0,0.5555555555555556,10.555555555555555,0.0,0.0,0.8333333333333333,0.2777777777777778,0.0,0.0,0.0,0.0,0.0,0.0,0.0,0.0,0.0,0.0,0.2777777777777778,0.0,0.0,0.0,0.0,0.0,0.0,0.0,0.0,0.0,0.0,0.0,0.0,0.0,0.5,0.0,0.0,0.0,3.333333333333333,0.0,0.0,0.0,0.0,0.0,0.0,0.0,0.0,0.0,0.0,0.0,0.0,0.0,0.0,0.0,0.0,0.0,0.0,0.0,0.0,0.0,0.0,0.0,0.0,0.0,0.0,0.0,0.0,0.0,0.0,0.0,0.0,0.0,0.0,0.0,0.0,0.0,0.0,0.0,0.0,0.0,0.0,0.0,0.0,0.0,0.0,0.0,0.0,0.0,0.0,0.0,0.0,0.0,0.0,0.0,0.0,0.0,0.0,0.0,0.0,2.5,0.0,0.0,0.0,0.0,0.0,0.0,0.0,0.0,0.0,0.0,0.0,0.0,0.0,0.0,0.0,0.0,0.0,0.0,0.0,0.0,0.0,0.0,0.0,0.0,0.0,0.0,0.0,0.0,0.0,0.0,0.0,0.0,0.0,0.0,0.0,0.0,0.0,0.0,0.0,0.0
723.2792069042068,145.2243265993266,242.64163614163613,89.97329059829059,62.773809523809526,58.994692807192806,98.37947439034396,57.13392163392163,15.0,10.833333333333332,27.158119658119656,33.69047619047619,15.334249084249084,52.59595959595959,26.25,1.6666666666666665,112.66346153846153,24.791666666666664,1.25,1.6666666666666665,0.5555555555555556,0.0,16.738095238095237,19.86111111111111,8.055555555555555,6.666666666666666,4.285714285714285,0.0,0.625,5.0,17.5,15.0,37.76923076923077,0.7142857142857142,5.0,10.0,0.5,3.0,4.125,2.5,0.0,0.6666666666666666,0.0,0.0,0.0,0.41666666666666663,3.111111111111111,0.0,10.0,0.0,4.166666666666666,0.0,7.708333333333333,0.41666666666666663,0.20833333333333331,4.722222222222222,0.0,0.0,1.25,5.198412698412698,0.0,0.0,0.0,3.4166666666666665,0.0,18.166666666666664,0.0,0.0,2.0,0.0,0.0,0.0,0.0,0.0,3.208333333333333,0.0,0.6666666666666666,0.0,0.0,1.6666666666666665,0.0,0.0,0.0,0.0,0.0,0.0,0.0,0.0,1.8509615384615383,0.0,2.5,0.0,0.0,0.0,9.5,0.0,0.0,0.0,155.80876068376068,1.5,0.0,22.5,0.0,0.2777777777777778,0.0,0.0,0.0,0.0,0.0,0.0,0.0,0.0,0.0,0.5555555555555556,0.0,0.0,0.6666666666666666,8.333333333333332,0.0,0.0,0.0,0.0,0.0,0.0,0.0,0.0,0.0,4.3478260869565215,0.0,0.0,0.0,0.0,0.0,0.41666666666666663,0.0,9.858974358974358,2.8205128205128203,0.0,0.0,0.0,0.0,0.0,12.916666666666666,0.0,0.0,0.0,0.0,0.0,0.0,0.0,0.0,0.0,0.0,0.0,0.0,17.87037037037037,0.0,2.5,0.0,0.0,0.0,0.2777777777777778,0.0,0.0,0.0,0.0,0.0,0.0,0.0,2.2222222222222223,0.0,0.0,0.0,0.0,0.0,0.0,16.805555555555554,0.0,0.0,0.0,0.0,2.9166666666666665,0.0,7.499999999999999,0.0,0.0,0.0,2.6666666666666665,0.0,8.555555555555555,0.0,0.0,0.0,0.0,0.0,0.0,0.0,0.0,0.0,0.0
66.99074074074075,36.111111111111114,0.0,10.666666666666666,15.5,5.0,20.096618357487923,0.0,0.0,3.5,0.0,0.0,0.0,20.0,0.0,0.0,1.6666666666666667,0.0,0.0,0.0,0.5555555555555556,0.0,0.0,0.0,0.0,0.0,0.30303030303030304,0.0,5.0,0.0,0.0,0.0,1.0,0.0,0.0,0.0,0.0,0.0,3.5,0.0,0.0,0.0,0.0,0.0,0.0,0.0,0.0,0.0,0.0,0.0,0.0,2.0,0.0,0.0,0.8333333333333333,1.25,0.0,0.30303030303030304,0.0,3.333333333333333,0.0,0.0,0.0,0.0,0.0,0.0,0.0,0.0,0.0,2.7272727272727275,0.0,0.0,0.0,0.0,0.0,0.0,0.0,0.0,0.0,0.0,0.0,0.0,3.333333333333333,0.0,0.0,0.0,0.0,0.0,0.0,0.0,0.0,0.0,0.0,0.0,0.0,0.0,0.0,0.0,36.666666666666664,0.0,0.0,0.0,0.0,0.0,0.0,0.0,0.0,0.0,0.0,0.0,0.0,0.0,0.0,0.0,0.0,0.0,2.7777777777777777,0.0,0.0,0.0,0.0,0.0,0.0,0.0,0.0,0.0,0.0,4.3478260869565215,0.0,0.0,0.0,0.0,0.0,0.0,0.0,0.0,0.0,0.0,0.0,0.0,0.0,0.0,0.0,0.0,0.0,0.0,0.0,0.0,0.0,0.0,0.0,0.0,0.0,0.0,0.0,5.37037037037037,0.0,0.0,0.0,0.0,0.0,0.0,0.0,0.0,0.0,0.0,0.0,0.0,0.0,0.0,0.0,0.0,0.0,0.0,0.0,0.0,1.25,0.0,0.0,0.0,0.0,0.0,3.333333333333333,0.0,0.0,0.0,0.0,0.0,0.0,0.0,0.0,0.0,0.0,0.0,0.0,0.0,0.0,0.0,0.0,0.0
349.1101835642857,132.4142114421526,69.96016410060527,84.2435131997632,59.3079827946108,26.62101787101787,53.032814407814406,56.704365079365076,13.133928571428571,27.584415584415584,17.31547619047619,17.944444444444443,18.00063131313131,26.174603174603174,12.289953102453103,11.769841269841269,30.55836878672092,9.123015873015873,11.748214748214748,13.324460125930715,3.489583333333333,3.5195681511470984,5.432539682539682,12.799145299145298,20.997354497354497,6.0476190476190474,2.7777777777777777,5.714285714285714,0.5897435897435896,3.08974358974359,7.322916666666666,21.985191343743974,21.60154674124926,0.7142857142857142,6.666666666666666,0.0,1.9444444444444442,8.396825396825397,0.7703703703703704,0.8,0.0,0.4444444444444445,5.248917748917749,4.761904761904762,2.0,1.1746031746031744,1.574074074074074,0.0,10.944444444444445,0.0,7.296777296777297,0.0,7.569377990430621,8.75,0.0,8.591269841269842,4.761904761904761,0.0,4.583333333333333,4.294903926482874,12.680555555555555,0.47619047619047616,0.0,4.833333333333333,0.17857142857142855,0.0,0.8,0.0,0.0,0.0,0.0,1.6666666666666665,0.0,0.7323232323232324,3.3333333333333335,0.0,3.333333333333333,8.982905982905983,0.0,0.2777777777777778,1.7857142857142856,0.0,0.0,0.0,0.0,0.0,0.0,0.0,2.0562770562770565,0.0,1.3333333333333333,0.0,0.0,1.2820512820512822,3.0,0.8333333333333333,0.08547008547008547,0.0,3.7571271929824563,0.0,0.0,0.0,0.0,0.0,0.8547008547008548,0.0,0.08547008547008547,4.9966329966329965,0.0,0.0,0.08547008547008547,0.0,0.08547008547008547,0.0,0.08547008547008547,0.08547008547008547,0.0,0.0,0.0,1.25,0.0,0.0,0.0,0.0,0.0,0.0,0.0,0.0,0.0,0.0,0.0,4.6060606060606055,0.0,0.0,0.0,3.3333333333333335,0.0,0.0,0.0,0.0,0.0,0.0,0.0,0.17543859649122806,0.0,0.0,0.0,0.0,0.753968253968254,0.0,0.0,0.0,0.0,0.0,0.0,0.0,0.6818181818181819,6.666666666666666,0.0,0.47619047619047616,0.0,0.2777777777777778,4.9974358974358974,0.0,0.0,0.0,0.0,0.0,0.0,0.0,0.0,0.0,0.0,0.2777777777777778,0.0,0.0,1.6666666666666667,0.0,0.0,0.0,0.0,0.0,0.23809523809523808,0.0,0.0,0.0,0.0,0.0,0.0,0.23809523809523808,0.0,0.0,0.0,0.0,0.0,0.0,0.0,0.0,1.6666666666666665,0.0
3202.832892056513,827.9316252264393,708.3564928378809,671.4062188764394,570.8281925883567,95.09293912381297,249.49971833721833,670.9117550692628,137.90597569641687,199.50677331927332,354.2826880363645,205.2062653233706,96.03744866244867,212.81776493487018,37.952651515151516,89.6059866059866,426.2266244890559,65.27055398305399,156.13008103008102,169.1549233174233,29.656911375661373,35.44361656861657,92.46595846976031,179.31215981873876,69.252331002331,102.6649034195618,140.12577313037838,99.23850175165964,42.42433954933955,36.61489686783804,37.278480688987656,89.33187448265815,40.36890792099771,10.558109102226748,25.19047619047619,64.10045836516424,18.783189033189032,40.62287916332034,17.766439116439116,10.564484126984127,135.3788665038665,7.113247863247863,13.454045954045954,37.23587920016491,10.555555555555555,20.952380952380953,88.17324284511784,32.14682539682539,45.93479701515416,7.944416694416694,21.430224867724867,158.85147072342437,13.096320346320345,30.047389474772842,18.602388352388353,27.27097902097902,56.58836996336996,1.6461640211640212,27.76023051023051,19.70375111438916,44.164021164021165,6.1233349983349985,2.333089668615984,17.622498274672186,27.30964405964406,0.23809523809523808,4.918353868353869,9.444444444444443,1.1228070175438596,5.037037037037037,79.13077002362716,2.4371136110266542,7.407666407666407,34.78272653272653,6.658212560386473,1.6415979853479852,3.333333333333333,24.416666666666664,0.41666666666666663,7.0085470085470085,18.285984848484848,2.0238095238095237,10.180555555555555,13.178571428571429,1.3703703703703702,2.1342592592592595,1.25,0.0,13.170634920634921,0.0,1.0404040404040404,4.21506734006734,0.3333333333333333,5.712920120814857,8.651629072681704,5.119047619047619,4.0157819763082925,1.9444444444444442,60.71859506234506,4.208333333333333,0.37037037037037035,2.5,0.0,0.2040816326530612,3.4911530964162543,0.37037037037037035,0.3491153096416254,12.800756991546464,0.5,0.6666666666666666,0.3491153096416254,1.9696969696969697,0.3491153096416254,1.1111111111111112,0.3491153096416254,0.3491153096416254,10.625,1.8888888888888888,19.198412698412696,16.743173493173494,9.404761904761905,0.37037037037037035,4.444444444444445,0.30303030303030304,5.581326081326081,2.1203703703703702,22.76936026936027,4.166666666666667,11.597222222222221,0.0,0.0,2.2222222222222223,14.41194684944685,25.629440004440003,0.5,71.68425324675324,6.912393162393162,0.47619047619047616,17.80753968253968,2.1452991452991452,2.0,0.5555555555555556,6.310185185185185,12.05176134781398,0.0,0.5505952380952381,1.8888888888888888,0.6666666666666666,0.753968253968254,0.0,8.38888888888889,4.9853479853479845,3.6666666666666665,2.0370370370370368,0.0,5.473214285714286,4.737373737373738,1.9791666666666665,0.0,1.236009361009361,1.8518518518518516,3.333333333333333,8.906792622582095,0.5128205128205128,0.0,2.0185185185185186,5.71031746031746,0.0,0.0,7.499999999999999,12.412698412698411,0.6984126984126984,2.7936507936507935,2.4652777777777777,5.7407407407407405,1.1823361823361824,44.706722800763046,0.0,31.027777777777775,0.30303030303030304,7.5645743145743145,0.8333333333333333,0.23809523809523808,0.15151515151515152,13.75,0.0,21.102182539682538,1.6666666666666667,40.67171717171717,2.40981240981241,0.0,0.41666666666666663,0.6666666666666666,0.0,0.4292929292929293,0.0,0.0,12.666666666666668,3.518518518518518,0.2777777777777778
6102.291921113384,1989.7867603505586,1764.0873300824196,1125.03800628407,1085.4491327719757,457.86572160326506,464.66684662642433,1641.5355011094027,342.5567908304898,514.284754110412,875.0961988946398,736.9728442280687,399.32185401744226,201.03822989127343,105.52408578263841,245.79668294668295,880.176724971666,335.2644166019166,135.129937546114,337.06218696021324,96.72838504088503,175.45802065867855,266.2802957198118,363.065395367651,126.62533392533392,206.9136104240986,207.06746637865058,262.3790218796798,26.77000962000962,95.49904794371844,190.17215954123847,372.31584175451775,199.30036834510517,63.23730158730158,125.62251174751174,140.29771323734172,27.03174603174603,159.55602832839674,44.290248640248635,53.43429487179487,326.53975468975466,10.417915417915417,20.15806878306878,19.63401875901876,74.94980475321033,30.27136752136752,45.09361359637095,15.022108843537413,26.82294372294372,85.58680255932578,112.99942709406994,70.43147865333424,153.396525939947,43.50678161993952,2.9873015873015873,41.71552059052059,42.255717108977976,27.053611511944844,47.58720446220446,81.98833722830963,31.701984126984126,12.463161838161838,23.8015873015873,48.701100870455704,34.484848484848484,2.707936507936508,8.218498168498169,12.418250487329434,10.289473684210527,17.994555444555445,0.4880952380952381,10.86183180748398,9.084656084656084,67.78571428571428,19.40348182283666,2.022550366300366,18.740079365079364,16.22222222222222,2.095959595959596,6.317948717948718,55.25332654817949,3.003174603174603,8.444444444444445,61.15079365079365,5.814814814814815,0.0,16.351190476190474,1.7592592592592593,14.6,2.863095238095238,0.42765567765567764,10.833333333333332,0.0,28.020220445563755,26.4672619047619,9.809523809523808,7.661556956579844,0.6944444444444444,175.85625059638218,4.87037037037037,0.37037037037037035,4.944444444444445,3.333333333333333,0.7142857142857142,17.346813630375834,0.9090909090909092,1.7346813630375837,21.48376148705096,0.35384615384615387,3.663992869875223,1.7346813630375837,1.6666666666666665,1.7346813630375837,16.305916305916305,1.7346813630375837,1.7346813630375837,4.652777777777778,29.12037037037037,5.333333333333333,42.8486235986236,26.666666666666664,0.37037037037037035,3.3333333333333335,0.30303030303030304,0.8166666666666667,1.777777777777778,106.96876503126502,10.728498074454428,6.089285714285714,0.0,0.0,2.326388888888889,1.5625,11.717803030303031,2.5,121.36342592592592,11.481481481481481,0.0,0.6190476190476191,3.0897435897435894,1.5952380952380951,0.0,9.564153439153438,29.42742549847813,2.371140896140896,2.7589285714285716,0.0,0.0,12.29029304029304,0.0,0.30303030303030304,4.523809523809523,54.8125,5.344035594035594,0.25,3.229503339797457,7.9419620412267475,3.2291666666666665,1.2777777777777777,3.946078431372549,12.367003367003367,21.393328893328892,61.57447508631719,8.846153846153845,10.0,0.0,0.5555555555555556,6.277777777777778,0.0,12.185714285714285,14.374338624338623,0.47619047619047616,1.9047619047619047,1.0358220211161386,0.47619047619047616,0.0,132.32409603210687,0.0,6.527777777777778,0.30303030303030304,9.455411255411255,3.1376573617952928,0.17857142857142855,17.18181818181818,0.0,0.625,39.60366161616162,3.666666666666667,57.160353535353536,6.581439393939394,3.25,11.306193806193805,3.9999999999999996,0.0,32.5,1.0555555555555556,0.0,15.333333333333334,10.0,3.6111111111111107
415.68821720607434,13.436507936507935,253.7058767951625,69.6755007558579,58.08333333333333,129.3526060579632,56.53718966218966,263.2306972128401,54.18888386745529,36.570578231292515,19.105867346938773,55.123459212744926,30.084467120181404,49.15313852813853,38.0595238095238,67.55328798185941,31.034391534391535,73.73601662887377,59.78354119425548,32.11111111111111,37.060090702947846,64.53961911104768,34.83503401360544,20.06959706959707,64.53715728715729,91.9293776545786,12.5,40.449829931972786,17.05442176870748,2.6190476190476186,6.2338263588263585,2.5,8.571428571428571,10.047619047619047,20.574829931972786,22.35034013605442,9.19000444000444,10.25297619047619,15.273809523809522,11.223356009070294,36.26587301587301,30.45680906395192,5.180272108843537,30.4265873015873,56.94047619047619,75.48072562358276,18.160430839002267,18.85222978080121,7.523809523809524,0.2857142857142857,1.25,0.0,17.523809523809526,0.34798534798534797,4.071428571428571,7.49084249084249,4.884353741496598,1.7989417989417986,2.3571428571428568,3.964285714285714,14.806547619047619,0.2857142857142857,5.841269841269842,0.5,9.323361823361823,8.95135666002491,12.002886002886003,2.1428571428571423,4.597093382807668,0.2564102564102564,7.434291898577612,1.130952380952381,8.456632653061224,0.0,0.5,1.1428571428571428,1.4285714285714284,23.23611111111111,5.0225885225885225,2.4714809000523283,0.2857142857142857,2.6666666666666665,5.892857142857142,8.404761904761905,15.024725274725274,0.0,0.0,6.846938775510203,2.5,0.0,0.8333333333333333,2.6923076923076925,10.358843537414964,2.1847943722943723,0.14285714285714285,0.6959706959706959,0.14565295815295815,2.5,0.14285714285714285,0.0,4.5,0.0,18.285714285714285,0.8333333333333333,1.4565295815295816,0.0,0.14565295815295815,0.8986943262153346,20.263038548752835,0.3571428571428571,0.14565295815295815,0.0,0.14565295815295815,3.204081632653061,0.14565295815295815,0.14565295815295815,3.333333333333333,0.0,8.011904761904761,0.0,0.0,86.90708101422386,1.6746031746031746,27.047619047619047,0.0,0.0,0.0,0.0,6.904761904761904,0.17857142857142855,0.0,0.0,2.4761904761904763,1.4285714285714284,1.4285714285714284,0.0,0.0,1.0017006802721087,9.382515632515632,1.2499999999999998,0.0,10.29908781694496,0.0,0.0,0.0,0.0,1.201814058956916,0.600907029478458,0.0,1.6666666666666665,1.5873218852758495,0.0,2.9166666666666665,0.0,0.5952380952380951,0.0,0.0,0.0,2.4586740493298764,0.3571428571428571,0.0,0.0,0.0,0.41666666666666663,0.0,0.0,0.0,0.0,2.2023809523809526,1.2037037037037037,0.0,0.0,0.0,0.0,1.1904761904761902,0.0,0.0,0.0,0.0,3.095238095238095,0.0,2.101972101972102,0.0,0.0,7.291666666666666,0.0,0.0,0.0,0.0,0.0,0.3956043956043956,0.0,0.625,5.0,0.17857142857142855,0.47619047619047616,0.0,0.0,0.0,0.0
2607.6373438827745,95.21439995189995,1942.274533954996,1061.5486304039875,818.0288456913456,1041.2883147434002,405.1564407814408,1724.5055539329173,320.5206551462854,549.7241776411419,201.85122799119648,545.6396314664172,204.37429466736188,521.2942334762188,745.7227411477411,460.3411515802493,66.91573773448773,333.07822396901344,733.6834979504622,100.33787214769357,79.4189200680272,349.653697393876,446.24427523534666,378.4385426392779,513.7034421596921,392.8784295773147,83.26814008431656,465.0207312528741,107.6858150938508,77.38180972793975,149.1342412217412,8.154784135876572,88.88081924689067,209.26507936507937,45.833758503401356,98.7074499244142,77.63865763865763,156.57514129389128,128.62378593628594,115.99068182938524,189.63576238576238,353.7618385252314,23.78371126228269,383.66162464985996,687.459638047138,545.2791864220435,109.6922760770975,53.890866838188266,28.49918058132344,9.985119047619047,70.08639971139971,14.036507936507936,70.51342592592593,32.21729751729752,74.01397907647907,39.244359806859805,27.56690933949337,11.845238095238095,13.25297619047619,36.28799019607843,43.680203823953825,5.269782913165266,35.10515873015873,4.03219696969697,21.720238095238095,22.697518940726663,13.202380952380953,22.79367784992785,10.906617192331478,2.083333333333333,46.510432771593486,2.6415169869117237,13.178854875283447,1.25,3.4071969696969697,10.289630325814535,17.970238095238095,15.049278846153845,64.04403460101989,10.137602904409627,1.6607142857142856,3.6342592592592595,49.71861471861472,39.11904761904762,58.972552910052904,12.464285714285714,1.1111111111111112,156.68324829931973,1.5,21.46577380952381,15.019841269841269,7.0,50.234979901051325,7.471113445378151,17.48172514619883,10.27930402930403,0.49807422969187676,24.91635101010101,0.14285714285714285,11.322206959706959,44.936026936026934,2.9166666666666665,51.18948412698413,7.368055555555555,4.980742296918768,1.0555555555555556,0.49807422969187676,3.6552732735837554,150.82028291114426,3.5416666666666665,0.49807422969187676,17.262896825396826,0.49807422969187676,12.164579468150896,0.49807422969187676,0.49807422969187676,56.3791627762216,4.5,38.45337301587301,4.4642857142857135,0.8928571428571428,782.8723046794476,4.101190476190476,220.02843915343914,1.7395833333333333,0.2777777777777778,6.044642857142857,2.03125,3.3075396825396823,11.225656288156287,0.9166666666666666,1.0289115646258502,25.6937656641604,13.095238095238095,20.82769423558897,0.0,0.3125,12.549319727891156,3.96097132034632,10.751488095238095,2.083333333333333,20.394325912183053,6.428571428571428,0.0,22.693376068376068,21.787037037037038,2.6414425419290524,1.3207212709645262,0.5,13.5,6.599331074916618,0.5,0.0,0.0,3.6805555555555554,0.3571428571428571,0.625,1.1666666666666665,58.7230589699648,1.4940476190476188,6.458333333333333,2.2142857142857144,0.0,3.4375,0.17857142857142855,1.8194444444444444,11.936507936507937,12.952380952380953,14.142195767195767,2.5,0.0,3.2194299470114687,12.877719788045875,0.0,2.1071428571428568,3.833333333333333,0.0,3.0416666666666665,0.0,34.86607142857143,3.6785714285714284,3.511904761904762,5.0,0.0,9.166666666666666,3.077380952380952,0.0,0.7738095238095237,0.0,0.0,2.2081043956043955,0.0,1.0,5.87037037037037,8.553571428571429,9.907738095238095,1.8125,12.083333333333332,0.625,1.5
1663.8961431661153,105.03129217273954,584.5247182060148,168.24461451247166,328.2404932348928,349.4855055658627,250.76406926406926,1231.3310018826598,162.9460119035207,241.0550425973358,802.1076790332988,197.76221397649968,93.332441246445,241.68942405573534,476.6092692301465,225.39806820163963,79.92266067266067,256.57927059712773,159.25729429300858,155.85150575679103,59.27444715259841,476.24406050298904,102.4258582220767,239.12604617604617,135.34113790692737,262.60993321013416,50.84632034632035,289.59043839758124,93.19829668946808,43.410353535353536,107.68290043290042,14.337662337662337,19.46031746031746,111.62727531083264,31.352607709750565,19.85034013605442,31.104145854145855,84.22420634920634,68.09325396825396,69.12018140589569,147.24414936914937,153.19589636553923,9.067972128122504,495.6152981854378,173.96558752421754,252.26920249758595,201.97921390778532,66.07747906855049,10.52167277167277,5.285714285714286,23.66702282066059,25.083333333333332,34.781349206349205,8.153540903540904,27.76190476190476,44.15750915750915,22.318697175840033,4.391534391534391,2.3571428571428568,11.247619047619047,63.125,1.3107612220515446,28.285714285714285,0.0,21.875,18.402933786602034,4.035714285714286,49.198412698412696,14.239950525664812,6.75,27.521593485879198,3.9523809523809526,1.5816326530612244,0.0,0.0,2.2817460317460316,3.4285714285714284,1.0,45.86981074481074,11.304814233385661,3.2857142857142856,9.303571428571429,15.059523809523808,8.571428571428571,36.317460317460316,0.5902777777777778,11.666666666666666,25.64455782312925,15.416666666666666,13.028724747474747,0.7986111111111112,7.5,22.969954648526077,2.8755252100840334,7.761904761904762,0.6959706959706959,0.1917016806722689,13.395833333333334,0.14285714285714285,25.0,18.11111111111111,3.0555555555555554,45.19437482595377,21.0,1.9170168067226891,29.666666666666664,0.1917016806722689,6.898694326215335,12.2422052154195,4.857142857142858,0.1917016806722689,13.25,0.1917016806722689,3.204081632653061,0.1917016806722689,0.1917016806722689,0.0,7.481481481481481,20.428571428571427,5.333333333333334,7.8809523809523805,270.4487476808905,2.9206349206349205,525.3492063492063,5.611111111111111,13.333333333333332,4.5,2.083333333333333,3.988095238095238,1.8452380952380951,3.873015873015873,0.0,2.4761904761904763,8.928571428571429,3.7499999999999996,0.14285714285714285,0.0,8.36281179138322,17.737012987012985,2.083333333333333,4.555555555555555,19.229643372500515,0.8333333333333333,0.0,5.476190476190476,8.333333333333332,1.201814058956916,0.600907029478458,0.0,1.25,2.8373218852758493,0.2777777777777778,0.0,0.0,5.595238095238095,0.0,0.0,11.408730158730158,65.1888327794886,0.3571428571428571,0.0,0.0,0.0,0.0,6.4682539682539675,7.5,0.0,0.0,1.5357142857142856,1.4583333333333333,0.0,0.0,0.0,10.833333333333334,1.1904761904761902,0.0,0.0,2.25,0.0,18.182539682539684,1.0,1.4285714285714284,2.5,0.0,0.0,6.19047619047619,2.5,0.8333333333333333,0.0,8.75,17.062271062271062,0.0,1.6666666666666665,14.423809523809524,0.7341269841269842,0.47619047619047616,0.5555555555555556,0.625,0.0,3.75
3618.510041079209,359.38370102120103,1467.6044379231878,1082.6030939003213,1000.2761894885822,1031.3681784240423,1113.8577318591865,1176.4508171419493,356.74128654518694,371.571219851577,254.7706506970208,818.7850063587539,354.55102087455026,340.6414506731964,94.30158036408037,299.1634073714956,698.7659852327791,475.06699966699966,1041.8585777806097,197.1971221106117,136.3900613275613,226.84249037999038,290.5930068712963,491.4244059550782,918.415601392072,246.1087528873243,139.44587357087357,389.15467283782573,280.42212576653367,117.1395831020831,41.041124847374846,127.31198450672134,145.1825729074299,127.75119047619047,11.150992063492064,29.499206349206347,97.61757710888145,146.2260779790385,136.11400780591956,96.29994588744589,722.2403461748663,90.6446188071188,127.90849673202614,250.13879268879268,123.82861498979511,395.9190583226297,515.0527149437863,188.23289871504156,110.69177859177859,36.03207671957672,33.83401875901876,16.418253968253968,206.20873015873016,85.14419191919191,32.63992019189388,44.49422799422799,20.100468975468974,19.313812294790555,2.0,11.32449494949495,156.67764893836323,30.979767917267917,100.80186539650825,21.075752964355907,61.84731240981241,63.62382686757687,114.96971044828187,63.56983826358826,34.39393939393939,17.064213564213564,84.94961949426235,5.8758297258297265,5.757936507936508,17.107142857142858,18.254324392927334,22.345654345654346,55.625390812890814,130.53062182915124,15.748015873015872,27.858730158730157,8.301316738816737,10.565323565323565,73.96194561157796,13.083333333333332,12.707671957671957,22.861080586080586,41.3034188034188,29.91108706108706,32.02206589706589,37.84954304954305,27.491630591630592,2.7738095238095237,17.926262626262627,2.8308270676691727,20.371031746031743,38.75441919191919,0.18872180451127818,41.86502353466639,0.5555555555555556,11.455067155067155,24.27310762908589,0.503030303030303,29.016666666666666,9.907936507936508,1.8872180451127818,8.559014514896868,0.18872180451127818,24.52567734198169,22.424603174603174,95.06672858376822,0.18872180451127818,10.258475184945773,0.18872180451127818,5.382159507159507,0.18872180451127818,0.18872180451127818,106.0061568061568,24.424603174603174,109.70429292929293,6.276315789473684,49.02272727272727,103.58296055796056,98.67704485057426,33.61805555555556,11.112433862433862,10.533359497645211,53.893488455988454,16.557453267979582,8.241118669690099,1.9277296777296777,11.815806878306878,33.47685049155638,65.04978100189098,19.945436507936506,16.21797052154195,2.083333333333333,7.293101343101343,1.5555555555555554,37.606278322067794,11.166076516076515,2.607142857142857,12.724789915966387,9.476190476190476,32.87777777777778,13.733405483405482,57.83333333333333,14.244442952619643,7.1222214763098215,0.0,7.287878787878787,7.2900793650793645,1.0374149659863945,16.085497835497836,42.817460317460316,3.5793650793650795,0.0,0.8452380952380951,4.0,35.54490949871384,5.510314308011676,6.1730769230769225,0.13333333333333333,0.0,41.08824684087842,5.336363636363636,16.724664224664224,0.0,27.42195767195767,10.04124579124579,33.0,0.8333333333333333,13.148530744630488,52.59412297852195,52.726401267577735,1.7792207792207793,13.022756872756872,0.5,19.796825396825398,16.666666666666664,3.75,2.6666666666666665,5.066666666666666,36.91304112554113,1.1111111111111112,7.480158730158729,3.8520408163265305,0.2564102564102564,7.208333333333333,1.1111111111111112,2.7834467120181405,4.449999999999999,0.0,0.0,6.055555555555555,2.9345238095238093,3.333333333333333,2.7916666666666665,9.666666666666666,0.0,2.5
3059.874395646493,197.6062493062493,1110.2258451100556,956.725109308333,925.3797861473752,957.9078772835352,979.9668669293669,1386.4934387964565,275.0838878592168,389.5340969215969,222.60799098599608,773.8272617368012,321.34456344309285,277.3180101056245,99.77317127317127,258.8845954426837,521.969104695614,500.18113414363415,628.7329570211923,210.7082251082251,154.21595584367324,391.6109788359788,276.9570178603073,678.6104688339982,691.4969071233777,219.51829203934466,131.13976544897596,460.1528217608309,264.5921182983683,100.23504782254783,53.16093448620622,80.39832409306094,101.92602414641888,102.84678932178932,48.7343253968254,30.126190476190477,51.574290986790984,162.59984066859067,223.3527607196725,78.36136363636363,924.3910325908895,531.1423471254993,116.22272833375774,216.02810245310243,117.25279997779998,452.32221667221665,543.4871475746476,429.0570887445887,56.59389499389499,26.982593795093795,37.148863636363636,21.660317460317458,182.6457393483709,71.34422799422799,28.195111832611833,43.44047619047619,12.944444444444445,26.010571554049815,1.6666666666666665,40.05227272727273,191.08486143486144,28.214646464646464,102.63599456099456,14.648308880661821,79.97619047619047,24.563942307692308,102.24292698042697,132.3114357864358,112.28493265993265,41.6058201058201,363.10515873015873,11.284920634920635,66.62830687830687,11.402777777777779,12.064975547328489,15.296652421652421,86.01722582972583,132.1378404275463,33.330555555555556,103.68899711399712,39.729166666666664,12.025641025641026,56.36065338528574,9.027777777777779,11.260912698412698,7.12042611173046,20.857142857142858,36.72037037037037,58.63423520923521,62.36124431124431,49.013852813852814,55.590127465127466,43.83566433566433,5.31854205538416,22.86111111111111,29.577849294954557,0.35456947035894404,50.70315526565526,0.625,16.105555555555554,27.115928064011587,1.8666666666666665,16.818253968253966,35.53492063492063,3.54569470358944,13.249490705373058,0.35456947035894404,17.243026418026417,20.444444444444443,79.65274725274725,0.35456947035894404,26.13838913064919,0.35456947035894404,2.651098901098901,0.35456947035894404,0.35456947035894404,73.90310245310245,36.535714285714285,98.75945848445848,0.9523809523809523,40.06565656565657,158.78849206349207,207.7635046870341,38.72222222222222,14.753968253968253,5.972222222222222,77.60380591630592,8.3999333999334,6.638888888888889,11.677729677729678,5.965277777777778,13.883403361344538,22.25873015873016,27.35784062428799,8.11111111111111,0.20833333333333331,14.316910866910867,15.11111111111111,111.5460931368826,16.654120879120878,1.6071428571428572,18.07002801120448,4.555555555555555,21.775925925925925,16.733405483405484,56.96825396825397,14.800595238095237,7.400297619047619,7.0,4.694444444444445,4.018253968253968,0.8333333333333333,10.615079365079366,42.40079365079365,6.114087301587301,0.0,1.2896825396825398,5.083333333333333,7.577380952380952,16.38358918128655,6.791666666666666,0.13333333333333333,0.0,16.774747474747475,5.449999999999999,7.2008547008547,0.0,10.40494227994228,9.027777777777777,18.28769841269841,0.8333333333333333,5.362229437229438,21.448917748917747,36.244919786096254,6.777777777777778,21.405772005772004,0.0,8.959523809523809,7.5,17.11111111111111,3.5,2.1222222222222222,41.524152236652235,0.0,5.6005291005291005,8.684778184778185,0.0,7.208333333333333,1.1111111111111112,0.3571428571428571,2.7,0.0,9.944444444444445,14.626190476190477,2.458333333333333,12.430555555555555,2.125,69.60858585858585,0.0,3.1666666666666665
1499.2788877022815,138.14037831077303,366.7629806468042,403.7001512376512,460.13818777777584,329.6826620345188,301.2156664839849,560.316224706697,178.8315785378479,457.73315266389955,110.31250940399967,245.87642958892957,110.6463023088023,194.04836994276943,65.65706654456655,266.4946271808114,123.06116496807286,320.53509467541977,315.6653917569359,72.05497303622303,102.52561460225934,237.83499800637958,108.75351731601731,196.63859495051446,263.3507447209653,314.57491153640535,116.20552132336188,118.09352012509906,86.8855115753142,83.79701820367455,33.00051337551338,60.493443948552304,38.041666666666664,34.36454517704517,34.38086219336219,71.05803571428571,114.92205882352941,233.53302368927368,80.18979122729122,47.7136253100927,256.9886502386502,113.83359487734488,34.18584656084656,99.50816745890275,67.93912337662337,181.44285714285715,181.86370798319328,153.62530776971565,56.926434676434674,23.62346681096681,16.773809523809522,52.90172619777883,80.75932539682539,49.11772486772487,17.966468253968255,33.65827922077922,18.342728758169933,23.748015873015873,14.645833333333334,61.29989495798319,84.27498180425812,39.55963949907448,39.93281718281718,21.740530303030305,72.71438318017265,61.545138888888886,55.58357383357383,43.33054653679653,32.49801587301587,8.857142857142858,60.48923611111111,40.97749582289056,21.410714285714285,7.194444444444445,7.40719696969697,20.724154135338345,29.21827485380117,43.596958018833014,11.202001633986928,21.99019607843137,15.42579365079365,16.785714285714285,30.732142857142858,22.46428571428571,18.104166666666664,25.021592442645073,7.6982037570272865,21.09722222222222,26.299326599326598,71.71671741929094,37.381410256410255,18.076146076146077,5.676136363636363,3.904505931160343,48.74741142070863,24.015873015873016,0.2603003954106895,26.617830086580085,0.0,5.7913267288267285,35.04484126984127,15.44047619047619,14.288029100529101,36.745370370370374,2.6030039541068954,6.541666666666666,0.2603003954106895,6.875,13.611044973544974,21.705952380952382,0.2603003954106895,19.24290293040293,0.2603003954106895,8.755952380952381,0.2603003954106895,0.2603003954106895,34.31448412698413,5.416666666666666,32.82649331662489,5.753607503607503,18.928571428571427,143.56006493506493,20.61634199134199,32.285714285714285,10.412244152046783,7.25,67.47321428571428,3.7703804347826084,13.347222222222221,37.04788961038961,2.333333333333333,6.037878787878787,65.31767633954166,45.7003367003367,23.450710108604845,0.0,5.3125,17.583333333333332,46.408151455026456,10.953869047619047,79.46031746031746,18.43968253968254,11.89153439153439,6.334401709401709,9.721855921855921,19.857142857142858,8.83158946316841,4.415794731584205,2.423076923076923,6.527777777777778,3.113095238095238,0.20833333333333331,1.4317460317460318,3.2738095238095237,13.666666666666666,5.0,8.601190476190476,37.5,26.531336266390614,12.317460317460316,3.083333333333333,2.083333333333333,0.41666666666666663,14.362499999999999,9.369047619047619,3.6805555555555554,0.2857142857142857,16.241300366300365,14.208333333333332,0.0,2.5,8.27317632908266,33.09270531633064,2.0238095238095237,0.5555555555555556,6.694444444444444,0.625,2.736111111111111,4.416666666666667,4.988095238095238,5.761904761904762,0.08771929824561403,5.651515151515151,1.6666666666666665,9.833333333333332,4.619047619047619,0.0,1.607142857142857,0.0,1.7857142857142856,6.845833333333333,7.952380952380952,0.6944444444444444,16.101190476190474,2.5416666666666665,9.931547619047619,3.645833333333333,12.63888888888889,2.0535714285714284,1.9761904761904763
2455.7408145084196,486.26528904783817,447.60265676073874,1403.9192403969862,509.9850238399143,479.82078278522243,264.1889722100585,428.4517290524179,503.93501904583024,380.56762281882715,229.70895116061357,164.39133723077688,254.69998631636562,171.80826432022084,105.6547619047619,179.83101302339384,253.52330629669183,162.71440817636469,50.13305675805676,995.092584309109,35.16005291005291,59.32370638620638,89.73269272997534,273.6767903552386,73.51315789473684,66.84012626949934,115.79747461191427,300.3708224247017,57.14369986738407,164.15032592726558,132.29500763444727,1451.2779706053645,36.275292875770994,62.460137085137085,73.35218253968253,80.41901154401154,52.63048245614035,278.01882383646716,17.47685185185185,69.68650793650794,62.041666666666664,11.355006105006105,29.835076960076957,20.336957728262075,6.357142857142858,25.923076923076923,37.083333333333336,11.969246031746032,18.098484848484848,50.28029609279609,27.295329670329668,54.895171957671955,94.67730156317113,25.142857142857142,17.47222222222222,3.333333333333333,3.0,26.942876567876567,43.60283251231527,17.186507936507937,3.9399928774928776,71.35551948051948,7.5,45.24143911643912,21.59661172161172,18.978021978021978,20.290549728049726,6.034188034188034,67.73992673992674,33.19047619047619,1.1666666666666665,8.992063492063492,24.4047619047619,3.5405384375972613,45.24143911643912,13.0,7.987179487179487,12.444444444444445,0.8055555555555556,16.389069264069263,74.17445939728547,2.37012987012987,10.526315789473683,13.795634920634921,16.73580586080586,7.515873015873016,16.15674603174603,0.9782608695652173,19.897186147186144,26.57109440267335,0.0,5.541666666666666,5.759615384615385,17.06418018859033,47.19910494615329,8.45,0.9820564570171332,0.8333333333333333,185.18489639445522,20.154761904761905,0.47619047619047616,19.785714285714285,11.0,1.5,9.820564570171332,11.175213675213675,0.9820564570171332,14.25,5.583333333333333,16.2890559732665,0.9820564570171332,2.6666666666666665,0.9820564570171332,4.369519369519369,0.9820564570171332,0.9820564570171332,32.0,4.999999999999999,3.645833333333333,2.423076923076923,6.416666666666666,0.0,1.0,0.0,13.544871794871794,2.9166666666666665,19.13095238095238,8.654092323447161,8.785714285714286,1.6666666666666665,3.5416666666666665,7.5,2.3846153846153846,4.214285714285714,7.274725274725275,19.32234432234432,4.166666666666666,0.0,3.333333333333333,1.0,20.416666666666668,2.8703703703703702,12.222222222222221,2.5492610837438425,0.0,0.2857142857142857,0.0,0.0,2.5946969696969697,0.37037037037037035,0.0,0.0,13.779761904761903,0.8333333333333333,3.095238095238095,0.8333333333333333,3.9285714285714284,2.5,1.1111111111111112,7.5,9.305555555555555,23.14021164021164,41.4171147479971,5.0,0.0,0.0,2.7689393939393936,0.625,1.25,75.03571428571428,0.0,5.4523809523809526,21.80952380952381,0.8333333333333333,2.0416666666666665,0.0,155.09346663872526,0.8125,6.597222222222221,0.0,5.0,0.2777777777777778,3.1666666666666665,0.0,0.0,0.0,1.0,1.4285714285714284,20.460598860092063,10.9375,2.5,4.521978021978022,0.18518518518518517,0.0,0.0,0.0,2.075404858299595,2.0,0.0,3.255952380952381
606.639880952381,14.000992063492063,8.5,262.6190476190476,228.83648500192618,28.389249639249638,109.84817112758289,2.7777777777777777,54.88852813852814,148.0317599067599,17.083333333333332,111.52573121323121,32.1409632034632,166.37094155844156,8.161706349206348,18.166666666666664,6.468253968253968,4.829059829059829,150.0761322011322,136.40779359529358,17.5,6.083333333333333,114.48295454545455,22.04272116772117,7.2005772005772,39.2165404040404,13.444444444444445,8.857142857142858,69.9266774891775,10.256410256410255,1.3888888888888888,3.7626262626262625,0.17857142857142855,0.8333333333333333,0.0,134.17487373737373,0.0,29.56845238095238,59.61345598845598,0.0,178.484126984127,23.25,2.5,19.29563492063492,0.0,0.0,65.51289682539682,171.9316031191031,49.61165223665223,0.0,0.9375,99.00342712842712,0.2777777777777778,8.833333333333332,6.701388888888889,0.8333333333333333,0.625,0.0,11.33130758130758,0.0,45.4018759018759,0.0,32.0,0.0,6.75,0.0,0.0,0.6349206349206349,0.0,0.625,27.99016955266955,0.0,0.2272727272727273,4.615384615384616,0.0,0.0,0.0,2.857142857142857,0.0,2.1036036036036037,0.0,1.6666666666666665,0.0,0.0,0.0,2.0375457875457874,0.0,0.0,2.5,0.0,0.0,0.5277777777777778,0.0,0.0,6.398809523809524,0.7291666666666666,0.0,2.7976190476190474,0.0,0.19230769230769232,0.0,0.0,0.0,0.0,0.0,0.0,0.0,2.2083333333333335,0.3571428571428571,0.0,0.0,0.6349206349206349,0.0,0.0,0.0,0.0,0.0,9.817460317460316,89.76587301587301,11.771433389080448,45.5,0.0,3.333333333333333,0.0,11.538461538461537,1.1111111111111112,0.0,14.968434343434343,5.0,0.0,0.0,2.0,0.0,2.1944444444444446,6.111111111111111,0.0,0.3571428571428571,1.5,15.123737373737374,3.6111111111111107,0.0,0.3571428571428571,0.0,46.079365079365076,0.0,0.0,3.8888888888888884,1.9444444444444442,0.0,0.0,4.553571428571429,0.0,0.0,0.0,0.0,32.083333333333336,0.0,0.0,0.0,0.0,5.0,0.0,0.0,0.0,0.0,0.0,1.2323232323232323,0.0,2.083333333333333,1.6666666666666665,0.0,0.17857142857142855,0.7142857142857142,3.611111111111111,5.0,0.0,0.0,0.0,22.749999999999996,0.0,0.0,0.0,0.0,0.0,0.0,0.0,0.0,0.0,0.0,0.0,0.0,0.0,0.0,0.0,0.0,0.0,0.0,4.761904761904762,0.0,0.0
831.5307222165917,239.80939374635025,79.08657546157546,311.7765868390868,257.6941692566692,180.1629551004551,149.06845238095238,71.50520933744617,43.06018518518518,167.38633786848072,68.09280996780997,108.89700577200577,27.80860805860806,33.4528527028527,50.340909090909086,168.55271117771116,35.817550505050505,73.61378205128204,128.62439874939875,52.81547619047619,20.833333333333332,76.5280786464997,18.14351851851852,25.83216783216783,189.5595238095238,79.9172335600907,26.11233713951105,20.51129426129426,8.805555555555555,24.09968102073365,13.75,4.162037037037037,100.47709235209236,22.291666666666664,16.98015873015873,17.0,9.228174603174603,26.946997446997447,37.28769841269841,9.791666666666666,21.349358974358974,3.013157894736842,13.0,72.56311743811743,66.96194083694084,10.902777777777777,13.38095238095238,20.25595238095238,47.24603174603175,15.333333333333332,31.541666666666668,1.4285714285714284,13.739316239316238,28.392496392496394,10.416666666666666,14.569444444444445,52.67195767195767,8.86111111111111,27.047619047619047,11.541666666666666,15.257936507936506,7.5,0.0,1.6666666666666665,7.761904761904761,0.0,0.0,1.0185185185185184,0.0,1.0,2.0,5.3125,26.148809523809522,19.555555555555557,0.0,0.0,0.0,11.371212121212121,1.25,0.0,0.0,10.16468253968254,0.0,0.0,0.2777777777777778,0.625,12.30952380952381,0.0,4.583333333333333,6.625,2.5555555555555554,0.0,0.0,8.594478438228437,3.4722222222222223,0.25,0.5729652292152292,0.0,25.392857142857142,0.5,0.25,14.166666666666666,0.0,5.307539682539682,5.729652292152292,3.6666666666666665,0.5729652292152292,0.5555555555555556,0.0,0.0,0.5729652292152292,0.0,0.5729652292152292,1.25,0.5729652292152292,0.5729652292152292,0.0,1.6666666666666665,0.0,14.560714285714285,0.0,0.0,3.8392857142857144,0.0,3.75,0.0,5.0,4.640151515151516,0.0,0.0,0.0,0.2777777777777778,0.0,0.0,1.6666666666666665,1.0,0.0,0.0,0.0,0.5,0.5,8.5,2.583333333333333,3.75,5.0,0.0,0.0,0.0,1.1111111111111112,0.0,9.6875,6.305921052631579,0.0,3.958333333333333,0.0,0.41666666666666663,1.5,3.75,0.0,2.9166666666666665,0.0,0.0,0.0,0.0,0.0,0.0,1.0,0.0,0.0,0.0,0.0,0.8333333333333333,3.333333333333333,0.0,1.6666666666666665,1.25,5.49537037037037,0.0,1.25,4.833333333333333,7.25,0.0,0.0,0.0,0.0,0.0,28.051948051948052,0.0,0.18518518518518517,15.277777777777777,0.0,9.433333333333334,7.2142857142857135,0.0,0.0,0.0,2.8125,0.0,0.7948717948717948,2.0
229.42243867243866,30.71031746031746,18.375,57.78174603174603,80.98214285714286,29.361111111111107,28.5,32.0,18.587962962962962,11.11111111111111,23.944444444444443,27.944444444444443,5.0,23.75,7.861111111111111,28.631944444444443,30.586904761904762,2.9166666666666665,13.432539682539682,10.233333333333334,1.9444444444444446,6.0,11.11111111111111,16.206349206349206,11.11111111111111,4.722222222222222,2.083333333333333,11.833333333333334,3.103174603174603,13.892857142857142,6.777777777777777,26.567460317460316,27.55952380952381,23.382936507936506,1.8095238095238093,1.1111111111111112,2.9166666666666665,2.333333333333333,0.6944444444444444,0.2777777777777778,3.6944444444444446,3.666666666666667,7.944444444444444,0.0,0.0,0.0,0.0,0.0,0.0,12.583333333333334,13.125,4.956349206349206,1.6666666666666665,0.8333333333333333,10.0,1.1111111111111112,0.0,5.738095238095238,1.4285714285714284,0.0,0.0,7.87962962962963,1.0,0.0,2.361111111111111,0.8333333333333333,1.6666666666666665,0.0,3.5317460317460316,11.000661375661375,0.0,7.777777777777778,1.4166666666666665,0.0,0.0,1.6666666666666665,0.0,0.0,0.0,0.8888888888888888,0.0,0.5416666666666666,0.0,0.0,0.0,0.3333333333333333,5.194444444444445,1.488095238095238,0.0,1.6666666666666665,0.0,14.444444444444445,0.0,2.186147186147186,0.0,5.0,0.05050505050505051,0.0,0.5555555555555556,0.0,0.0,0.0,0.0,0.0,0.5050505050505051,1.6666666666666667,0.05050505050505051,0.0,0.0,0.0,0.05050505050505051,0.0,0.05050505050505051,1.25,0.05050505050505051,0.05050505050505051,0.0,4.0,0.0,0.6333333333333333,10.0,0.0,0.0,0.0,0.0,0.0,0.0,0.0,0.0,0.0,0.0,5.333333333333333,0.0,0.0,0.0,12.333333333333332,0.0,0.0,0.0,0.0,0.0,0.0,5.0,9.0,1.1111111111111112,0.0,0.0,0.0,0.0,0.0,0.0,0.0,0.0,0.0,0.0,0.0,0.0,0.0,0.0,0.0,0.0,1.4285714285714284,0.8333333333333333,0.41666666666666663,0.2777777777777778,0.0,0.3125,0.0,0.0,0.0,0.0,0.0,0.0,0.0,0.0,0.0,0.0,0.0,0.0,0.0,0.0,0.0,0.0,0.0,0.0,0.0,0.0,0.0,5.916666666666666,5.0,0.0,1.2,0.0,0.0,0.0,0.0,0.0,0.0,0.0,0.0
317.3751803751804,19.53030303030303,238.34475709475709,166.75396825396825,149.60624098124097,170.19345238095238,91.50396825396825,134.51190476190476,43.89423076923077,8.083333333333332,3.8888888888888884,116.16865079365078,13.75,11.728988603988604,8.333333333333332,124.5,29.95238095238095,14.6746632996633,92.05555555555556,18.988095238095237,30.0,16.425925925925924,73.22619047619047,42.429232804232804,84.0,13.63095238095238,6.333333333333333,15.99537037037037,20.535714285714285,0.8928571428571428,0.0,23.478835978835978,13.93939393939394,5.375,3.333333333333333,1.0,12.5,0.8333333333333333,12.5,6.458333333333334,67.94444444444444,44.52157102157102,13.242424242424242,26.833333333333332,20.0,18.11111111111111,10.333333333333332,1.7361111111111112,0.8333333333333333,0.0,1.6666666666666665,0.9090909090909092,31.764880952380953,9.465608465608465,8.162698412698411,0.0,0.0,3.6666666666666665,0.0,0.0,0.0,5.0,30.833333333333332,4.017857142857142,0.2564102564102564,5.0,3.333333333333333,0.7142857142857142,0.0,0.0,11.964285714285714,0.0,0.0,0.0,4.017857142857142,6.309523809523808,0.0,2.6666666666666665,7.0,0.8333333333333333,0.0,0.0,6.666666666666666,0.0,0.625,0.0,16.103896103896105,6.833333333333333,0.0,0.0,0.5,0.0,1.0,0.0,0.0,0.0,0.0,0.0,0.0,0.0,0.0,0.0,1.25,0.0,0.0,4.375,0.0,0.0,1.0,10.916666666666666,0.0,0.0,0.0,3.333333333333333,0.0,0.0,100.74465811965811,0.0,1.6666666666666665,0.0,0.0,0.0,1.6666666666666665,0.0,0.0,1.7938311688311688,0.5555555555555556,0.0,0.0,0.8928571428571428,0.0,14.38888888888889,0.0,4.0,0.0,0.0,0.0,0.0,0.0,0.0,0.0,1.625,4.583333333333333,0.0,0.0,0.0,0.0,0.0,0.0,0.0,0.0,0.41666666666666663,0.0,0.0,0.0,0.0,4.0,0.0,0.0,0.0,2.5,0.0,0.0,0.0,5.0,0.0,0.0,2.888888888888889,0.0,0.0,0.0,0.0,0.0,0.0,0.0,1.8333333333333333,0.0,0.0,1.8181818181818183,0.0,0.0,0.0,1.5555555555555556,0.0,0.0,0.0,0.0,2.962962962962963,0.0,0.0,0.0,0.0,0.0,0.0,0.0,0.0,0.5128205128205128,0.0,0.0,0.0
799.7004884004884,16.666666666666668,73.2452380952381,122.41666666666666,234.76388888888889,245.3015873015873,68.55357142857143,405.43055555555554,44.291666666666664,279.76388888888886,45.416666666666664,66.94246031746032,29.583333333333332,144.83333333333334,21.666666666666664,21.666666666666668,20.833333333333332,91.34444444444445,130.8968253968254,20.76388888888889,34.44444444444444,102.7579365079365,140.1468253968254,87.96428571428571,14.995238095238093,17.26190476190476,5.0,71.29761904761905,15.345238095238095,0.0,0.0,0.0,9.583333333333332,8.25,0.0,30.555555555555554,7.5,2.5,19.416666666666668,74.28174603174602,23.958333333333332,0.0,0.0,27.26190476190476,269.88095238095235,5.809523809523809,2.6785714285714284,11.13095238095238,6.666666666666666,0.0,0.0,1.1904761904761902,10.0,0.0,3.928571428571428,1.5714285714285714,78.3943833943834,7.5,7.265873015873016,7.579365079365079,2.5,4.166666666666666,0.0,3.75,5.0,0.0,0.0,0.0,1.1111111111111112,0.0,13.84920634920635,0.0,0.0,145.375,3.75,0.0,11.833333333333332,0.0,0.0,0.0,0.0,1.0,58.89285714285714,0.0,2.5,1.0,2.5,12.5,0.47619047619047616,2.2916666666666665,0.0,0.0,0.0,1.25,1.25,0.41666666666666663,0.0,1.4583333333333333,0.0,0.0,0.0,13.0,4.361111111111111,4.595238095238095,0.0,20.0,0.0,0.0,0.0,1.6666666666666665,0.0,2.2222222222222223,0.0,0.0,0.0,0.0,0.0,0.0,0.0,0.0,0.0,10.0,0.0,0.0,2.5,0.0,0.0,0.0,0.0,2.5,0.0,0.0,10.0,0.0,2.5,0.0,0.0,3.333333333333333,2.5,0.0,0.0,0.0,0.0,10.0,3.0,0.0,0.0,0.0,0.0,2.5,0.0,0.7142857142857142,0.0,0.0,0.0,0.0,0.0,0.0,0.0,0.0,2.5,1.0238095238095237,0.0,2.6666666666666665,0.0,0.0,0.0,2.0,0.0,0.0,0.0,1.8273809523809523,7.309523809523809,0.0,0.0,0.0,0.0,1.0,0.0,4.0155677655677655,0.0,9.583333333333332,0.0,0.0,0.0,0.0,0.0,0.0,0.0,0.0,0.7142857142857142,0.0,0.0,0.0,0.0,0.0,2.5,1.4285714285714284,6.785714285714286,111.71794871794872
1149.8171874421873,39.625,524.1444444444444,167.6594215969216,318.69641442435557,650.4315476190476,204.046164021164,553.3617724867725,74.68154761904762,229.89285714285714,221.44569519317972,198.78093434343435,54.79861111111111,179.53531746031746,83.6547619047619,112.69642857142857,115.02579365079364,187.9406288156288,71.85714285714286,7.562499999999999,31.647156084656086,478.8456349206349,137.98333333333332,163.18005952380952,100.18253968253968,158.41468253968253,40.260912698412696,169.76569264069263,23.958333333333332,64.52258403361344,59.6771978021978,3.75,20.833333333333332,24.666666666666664,27.5,59.07142857142857,9.384920634920634,109.3125,35.33910256410256,90.09722222222221,47.39087301587301,132.19583333333333,9.166666666666666,263.531746031746,256.77182539682536,254.24583333333334,91.61904761904762,29.610449735449734,8.38095238095238,0.1,0.0,13.869047619047619,46.0813492063492,8.747291923762512,47.710317460317455,4.999999999999999,30.87878787878788,2.2222222222222223,15.193452380952381,3.0476190476190474,12.62037037037037,0.0,7.619047619047619,0.0,22.395833333333332,12.305555555555555,0.5,11.037037037037036,17.48611111111111,6.666666666666666,8.025,6.138888888888889,2.5,2.75,0.0,1.8253968253968251,15.98611111111111,10.458333333333334,8.86111111111111,3.0555555555555554,0.0,1.1111111111111112,33.75,0.41666666666666663,13.958333333333332,11.666666666666666,3.517361111111111,25.02777777777778,0.8,1.4583333333333333,0.2777777777777778,0.0,5.408333333333333,3.2494588744588744,2.5,10.0,0.6332972582972582,1.0,0.0,0.0,12.333333333333332,0.0,17.819444444444443,6.875,2.1663059163059164,20.779761904761905,0.21663059163059162,0.0,0.8333333333333333,0.0,0.21663059163059162,4.908730158730158,0.21663059163059162,0.625,0.21663059163059162,0.21663059163059162,9.340277777777779,1.25,20.404761904761905,0.0,0.0,81.52831196581197,4.583333333333333,363.90939153439155,0.8333333333333333,19.166666666666664,0.3125,5.0,0.0,0.14705882352941177,0.9166666666666666,10.0,2.1428571428571423,2.1875,0.0,0.0,0.0,5.666666666666667,0.0,2.5,7.0,0.0,0.0,0.0,15.0,0.0,2.2222222222222223,1.1111111111111112,0.0,0.0,0.7142857142857142,1.4285714285714284,0.0,0.0,1.875,0.0,1.9444444444444446,0.0,17.791666666666668,1.875,0.0,0.0,0.0,0.0,0.0,0.9821428571428571,0.0,2.5,0.0,0.25,0.0,1.8502673796791445,7.401069518716578,1.25,0.0,1.1666666666666665,0.0,6.9851190476190474,4.8897604588394055,4.357142857142857,0.0,0.0,0.0,0.0,1.5,0.0,2.4999999999999996,0.0,0.0,10.0,4.166666666666666,0.0,10.0,0.0,3.3333333333333335,2.5,0.0,0.0,2.3611111111111107,0.5
1607.3829732359143,16.084325396825395,56.28373015873016,401.3435014060014,467.564335854777,142.3391510450334,531.1750398294515,28.944805194805195,350.48280885780883,175.29383116883116,22.52777777777778,183.74290293040292,153.91120453620454,247.7265131311184,50.89583333333333,57.088023088023085,13.257335257335257,32.33789821289821,236.68991139579373,235.2123963998964,34.33885558885559,217.9151383887692,110.19856301106302,254.51058176716072,24.58946608946609,123.49644568394568,40.29365079365079,36.41269841269841,323.49629414702946,156.69816642395242,52.80561105561105,23.78054036606668,1.2911255411255411,31.773809523809526,0.0,40.401785714285715,32.60479797979798,208.7172619047619,160.42778912264205,0.0,429.54817840111957,165.7245326512568,4.242424242424242,20.322420634920633,0.0,68.2281746031746,233.75237031487032,416.53413947163943,44.384296259296256,0.0,10.75297619047619,218.3287825722036,12.454545454545453,57.64303751803752,37.275523088023085,7.416666666666667,0.625,38.118686868686865,18.82184482184482,0.0,117.23917748917748,0.5555555555555556,3.2698412698412698,0.0,67.01310726310726,0.0,9.865079365079364,103.12072649572649,1.25,130.43266455766457,153.24146455396456,0.0,111.10371572871573,1.0,0.0,0.5555555555555556,0.0,16.69047619047619,0.0,32.15802253302253,51.2281746031746,0.47619047619047616,0.0,0.0,3.8703703703703702,14.247863247863247,0.0,0.0,0.0,5.0,0.7142857142857142,12.741582491582491,2.0,4.976503759398496,11.185359231411862,9.0625,0.33176691729323304,41.10183770477888,0.41666666666666663,2.8510378510378507,5.464285714285714,0.0,0.0,1.6666666666666665,3.3176691729323307,0.0,0.33176691729323304,18.38690476190476,1.0714285714285712,2.714285714285714,0.33176691729323304,10.312950937950937,0.33176691729323304,1.5476190476190474,0.33176691729323304,0.33176691729323304,4.621212121212121,0.0,61.22420634920635,37.37196069650431,31.768939393939394,0.0,20.25,0.0,7.125631313131313,6.5,0.7142857142857142,10.988733488733489,8.958333333333332,5.928571428571428,0.0,0.0,9.244949494949495,4.416666666666667,4.1646825396825395,0.0,1.626984126984127,21.806776556776555,100.89062326562326,4.7519841269841265,0.0,0.8571428571428571,0.0,12.912393162393162,8.708333333333334,0.0,14.21626984126984,7.10813492063492,1.2698412698412698,2.9684343434343434,10.76388888888889,1.0,0.0,0.8333333333333333,2.121212121212121,11.992243867243868,0.0,0.0,0.0,3.5892857142857144,13.207070707070706,0.0,0.0,0.0,0.0,2.5,1.5656565656565657,9.145833333333334,4.083333333333333,0.0,0.0,0.6785714285714286,2.7142857142857144,13.247890997890998,0.7407407407407407,18.414335392276566,0.0,0.4545454545454546,7.25,0.0,0.625,0.0,0.0,0.0,3.7499999999999996,0.0,0.0,0.0,0.0,0.0,0.0,0.41666666666666663,3.571428571428571,0.0,0.0,0.3125,0.0,2.3809523809523805,0.0,0.0
13147.14275159972,1264.594424896407,12177.619125248431,1944.9341963778108,3549.7232488186046,4401.883308482571,6643.711696363031,2747.6217532363644,1227.8667076125305,1456.6899698283598,567.2025850854798,2798.9211087165286,1442.782396973941,1616.2253637624956,668.9524975024975,881.2997082710318,1748.5217419104802,1083.0725834078776,3610.1744696666137,2903.0362077737077,247.46564565179116,2665.626937468849,788.2584593239005,2051.1384476534245,1017.7773419391066,1099.5450338415492,774.7895310571781,1170.4537666424276,570.1223575852252,556.4177596282859,374.1358821733822,392.39947844682325,60.0687097216509,243.8021852945766,77.67755994005994,436.7151953710777,434.55472623781446,704.1367692522264,917.3354441854442,242.40409867909867,4770.345365745366,931.3374726136723,497.2283841158841,200.49836968586968,66.67643759749022,1874.0556124173384,5079.745882407066,726.7658345739228,383.167169214228,490.8893301143301,128.8036014911015,297.3226482052569,354.38716527031744,425.7406894031894,31.60323565323565,72.82782587782587,46.26787711672622,163.7283165636107,69.01483886483886,40.07086339586339,1231.70324749067,146.76858465608464,360.8880471380471,38.19832888989236,253.28991826886562,57.06805555555555,415.714177026677,692.2301841948901,125.41306906601024,286.56930199430195,298.05526233026234,49.39556277056277,191.17193821973234,20.986435786435784,31.275251966815436,47.280050505050504,94.12604617604617,214.56604275354275,145.93431013431012,189.10690836940836,214.5617253117253,65.88888888888889,118.91309523809524,25.295299145299143,108.1546178660309,62.70633671883672,237.11239846754552,40.1025641025641,38.77032342657343,99.9348783161283,83.05586358086357,25.682886557886558,235.563409656792,16.043999393744723,81.10674603174603,76.64825890483785,0.5362666262496483,151.98552762596879,8.53571472387262,37.012023597317715,162.24853036397153,12.185185185185185,83.65277777777777,70.34033882783882,5.695999595829816,6.657392607392608,0.5362666262496483,65.76638998543024,47.51306193806194,65.09964815885868,0.5362666262496483,115.1001998001998,0.5362666262496483,11.84096459096459,0.5362666262496483,0.5362666262496483,92.84626623376623,33.5242673992674,300.9997756872757,132.61199227129458,67.86464646464647,20.555555555555554,246.16221270559504,5.447619047619048,69.88347654524125,30.232661782661783,60.647113997114,88.42059837181789,94.90824915824916,32.55105971027024,554.7527864765094,93.2104908979909,80.41498408998409,161.08039923039922,56.15367965367965,46.62659508247744,23.80952380952381,13.365464165464164,180.66936766936766,130.64209401709402,24.35185185185185,53.40180375180375,9.425595238095237,80.87220418470419,49.70997126655021,172.57391774891775,26.37347374847375,11.832570207570207,18.34010989010989,63.21259157509157,29.952645502645503,29.932107484728967,26.833333333333332,9.76480463980464,20.822222222222223,9.84803391053391,12.846923909423909,0.4,22.91190476190476,9.378618113912232,46.97492784992785,2.95,3.5,54.96402116402116,5.277777777777778,38.5452380952381,4.946270396270396,411.29580465830463,22.826719576719576,34.73599687349687,9.17195767195767,1.8804112554112553,7.521645021645021,32.679014041514044,20.41520979020979,92.42234848484848,7.826797385620915,50.37373737373737,21.058673469387752,23.916666666666664,12.44047619047619,12.239235764235763,1.7692307692307692,43.39027639027639,42.01626984126984,26.95945165945166,47.87526382635078,1.507936507936508,38.11038961038961,0.2777777777777778,32.01111111111111,19.10758079130172,135.75234487734488,11.523809523809524,13.472222222222221,14.580555555555556,0.0,32.72123015873016,6.613756613756614,7.434523809523809
3579.99008029008,53.551434676434674,640.676732064232,682.1340811965812,571.869227994228,791.4219576719577,1836.4849206349206,329.6332611832612,138.27003968253968,1569.5846537721536,126.13392857142857,4925.209087902837,605.5027958152958,116.9084249084249,140.79840761090762,502.05524302766946,51.04001322751323,298.65120916665035,2881.3031204906206,494.25892857142856,197.5780932030932,642.4783317173022,421.03762718762715,381.7671170204065,1089.6834595959597,424.4625305250305,416.26479076479075,2059.0621568246565,343.57964404017036,375.46527777777777,87.76440226440226,7.3769841269841265,31.96969696969697,265.0422124172124,14.285714285714285,85.01785714285714,430.0845238095238,1059.3242494938922,1826.0580507455506,25.23611111111111,4362.9101430976425,333.2373100075306,164.06547619047618,38.983333333333334,54.28697691197691,486.4633394383394,3708.0898060273057,912.7959054834055,114.83267195767195,7.5,34.73412698412698,50.72294372294372,78.90674603174602,763.9913258038258,20.515873015873016,29.208333333333332,1.7857142857142856,33.71825396825397,1.9999999999999998,26.653846153846153,2007.0852036852036,119.20337301587301,81.09126984126983,11.416666666666666,284.8644841269841,71.6486568986569,39.13577741702742,300.9536297036297,51.625,344.0849867724868,369.38888888888886,104.26587301587301,79.59186507936508,28.186868686868685,3.75,78.98809523809524,6.666666666666667,39.02777777777778,43.742063492063494,178.39219576719577,202.2614417989418,22.605158730158728,323.2579365079365,63.40277777777778,43.19444444444444,122.93543956043956,35.18614718614718,25.142857142857142,57.336309523809526,450.3001174751175,227.88185425685424,21.875,53.09920634920635,10.01717032967033,308.9220538720539,64.4098124098124,0.6678113553113554,211.06074213311055,0.0,33.09325396825397,86.4510582010582,0.0,12.75,39.948412698412696,6.678113553113553,16.833333333333332,1.7789224664224665,12.5,23.743386243386244,25.833333333333332,0.6678113553113554,24.037037037037035,0.6678113553113554,10.9890873015873,0.6678113553113554,0.6678113553113554,34.12103174603175,29.444444444444443,405.6627886002886,58.27281250495536,22.476190476190474,125.64484126984127,141.42893217893217,3.333333333333333,27.013668349194663,9.11111111111111,6.194444444444445,10.0,13.601190476190476,22.711805555555557,29.773809523809522,11.25,271.3120847698053,54.07407407407407,104.02480158730158,0.0,124.64210557960558,11.15079365079365,772.5191405816406,32.62301587301587,25.583333333333332,12.767022193492782,6.428571428571428,6.979166666666666,14.29685592185592,34.99801587301587,40.81587301587302,19.15793650793651,5.9230769230769225,38.829365079365076,40.416666666666664,1.6666666666666665,13.625,0.0,74.42757936507937,7.5,4.621212121212121,16.666666666666668,12.214285714285714,101.71428571428571,59.77777777777777,2.0,0.41666666666666663,51.43055555555556,11.75,21.006944444444443,3.6666666666666665,75.87830687830687,10.517857142857142,12.194444444444445,6.666666666666666,1.1166666666666667,4.466666666666667,11.666666666666666,5.555555555555555,33.81349206349206,0.0,14.166666666666668,1.25,0.0,2.5,0.5,28.0,5.0,7.714285714285714,9.833333333333332,1.25,4.0,0.0,1.25,14.761904761904761,18.18181818181818,58.90277777777778,22.333333333333332,0.0,7.499999999999999,3.333333333333333,3.3333333333333335,10.952380952380953,1.1111111111111112
823.1503727753727,54.14606094963238,733.681642101285,237.6125850340136,414.8021284271284,246.73446989518416,227.11339209732066,921.3639936782794,183.1611446754304,119.96310468631897,103.05882479254328,228.12619681905394,87.47603157424585,157.564417989418,74.37063492063491,267.603089569161,25.6281179138322,148.8065759637188,204.78202947845804,62.14346764346764,20.17687074829932,128.0023175237461,167.97590702947846,166.4021730914588,310.78922730708445,149.04317345916388,76.91746420790538,280.17457740672023,41.36098742527314,26.726190476190474,23.456102693602695,3.1934996220710503,59.572570947570945,41.83333333333333,31.491496598639454,24.853117913832197,34.39172401672401,23.007545695045696,25.420634920634917,23.965419501133784,127.8994708994709,84.20019530733816,18.1448223733938,123.86091269841269,224.37513227513227,173.37498196248194,56.38820861678004,26.209637188208614,6.857142857142857,1.714285714285714,9.273809523809524,6.586507936507936,31.810137944066515,8.655128205128204,43.76587301587301,10.990842490842489,10.074829931972788,10.095238095238095,3.4404761904761902,6.821428571428571,12.14345238095238,1.119047619047619,16.726190476190474,1.25,6.861111111111111,11.08293560739333,9.816326530612244,16.516305916305917,5.351061636775922,2.083333333333333,11.253736343022057,1.2142857142857142,1.5816326530612244,1.0,1.25,1.1428571428571428,4.095238095238095,0.25,9.85989010989011,7.8418512704226995,0.7619047619047619,0.9953703703703703,20.159090909090907,2.571428571428571,19.62301587301587,4.833333333333333,0.0,14.284438775510203,0.9111111111111112,0.47619047619047616,12.38095238095238,3.833333333333333,9.462925170068026,7.725495501230795,0.14285714285714285,0.6959706959706959,0.5150330334153864,20.593434343434343,0.14285714285714285,2.8968253968253967,12.678090428090428,0.0,18.017857142857142,7.430555555555555,5.150330334153864,1.3803854875283446,0.5150330334153864,3.0302732735837554,14.21000824572253,0.8333333333333333,0.5150330334153864,1.7023809523809523,0.5150330334153864,4.158627087198516,0.5150330334153864,0.5150330334153864,70.00332333788216,2.0,26.40079365079365,2.6785714285714284,0.0,206.74279529993814,0.14285714285714285,111.2281746031746,0.75,0.2777777777777778,4.299319727891156,1.443001443001443,1.0158730158730158,8.65079365079365,3.2023809523809526,0.9523809523809523,3.4761904761904763,11.785714285714285,5.345238095238095,0.0,0.0,3.5017006802721085,2.5167748917748916,2.8571428571428568,0.08333333333333333,10.201865594722737,0.17857142857142855,0.0,3.609126984126984,0.8333333333333333,1.201814058956916,0.600907029478458,0.23809523809523808,3.7916666666666665,8.474331074916618,0.0,0.0,0.1098901098901099,1.0714285714285714,0.3571428571428571,0.0,0.6666666666666666,37.17481901547484,0.3571428571428571,0.3571428571428571,0.9642857142857142,0.0,0.6349206349206349,0.0,1.0555555555555556,8.603174603174603,2.3571428571428568,2.683862433862434,0.0,0.0,0.0,0.0,0.0,1.1904761904761902,0.0,0.0,0.8333333333333333,0.0,21.595238095238095,0.0,3.511904761904762,7.5,0.0,9.166666666666666,0.25,0.0,0.0,0.0,0.0,0.3956043956043956,0.0,0.0,0.37037037037037035,0.17857142857142855,1.3095238095238093,1.5,5.0,0.0,0.0
190.57142857142856,94.45238095238095,61.638888888888886,1.6666666666666667,87.36111111111111,10.166666666666666,19.72222222222222,23.333333333333332,11.458333333333332,10.0,9.666666666666666,9.285714285714285,17.869047619047617,25.25,2.6666666666666665,30.0,35.68650793650794,31.148809523809522,11.666666666666666,1.8333333333333333,5.0,9.722222222222221,0.0,137.20436507936506,11.944444444444443,0.0,0.0,6.666666666666666,0.0,5.833333333333333,21.142857142857142,0.0,1.7142857142857142,1.1111111111111112,0.0,0.0,0.0,0.0,6.571428571428571,0.0,6.0,0.0,3.5,0.0,0.0,2.5,3.3333333333333335,0.0,0.0,7.0,0.5555555555555556,0.0,0.0,0.0,0.0,0.8333333333333333,0.0,3.75,0.0,2.8968253968253967,0.0,0.0,0.0,0.0,0.625,0.0,0.0,0.0,0.0,5.0,0.0,0.0,0.0,0.0,0.0,0.0,0.0,0.0,0.0,0.0,0.0,0.0,0.0,0.0,0.0,0.0,5.0,0.0,5.0,0.0,0.0,32.285714285714285,0.0,0.0,0.0,0.0,0.0,0.0,15.25,0.0,0.0,0.8333333333333333,0.0,0.0,0.0,0.0,0.0,5.0,0.0,0.0,0.0,0.0,0.0,5.0,0.0,0.0,0.0,5.0,0.0,0.0,0.0,0.0,0.0,0.0,0.0,0.0,0.0,0.0,0.0,0.0,0.0,2.5,0.0,0.0,0.0,0.47619047619047616,0.0,0.0,0.0,0.0,0.0,0.0,0.0,0.0,0.0,0.0,0.0,0.0,0.0,0.0,0.0,0.0,0.0,0.0,0.0,0.0,0.0,2.6666666666666665,0.0,0.0,0.0,1.1111111111111112,0.0,0.0,0.0,0.0,0.0,0.0,0.0,0.0,0.0,0.0,0.0,0.0,0.0,0.0,0.0,0.0,0.0,0.0,2.5,0.0,0.0,0.0,0.0,0.0,0.0,3.333333333333333,0.0,0.0,0.0,0.0,0.0,0.0,0.8095238095238095,0.0,0.0,0.0,0.0,0.0
4448.940864588798,1063.17674255569,955.2188187492266,941.7117530721029,424.01606668185616,237.27059928375718,267.55157342657344,344.3587297432352,265.2852068983648,160.03968253968253,163.2816122976023,518.491136558585,220.80473980042945,114.57539682539682,223.97635106828653,165.08043808043809,457.51710925190963,249.6636425723113,55.904761904761905,16.98946886446886,69.88510101010101,90.63705738705738,59.47666222666222,488.3697078159222,31.666666666666664,134.869227994228,73.79554655870444,59.748599253136454,176.06334222630952,58.48867243867244,68.42261904761905,111.79355786462641,235.18463480963482,27.38095238095238,53.00539939936225,485.8838383838384,9.107142857142858,44.46169108669108,0.0,4.102564102564102,3.5128205128205128,6.944444444444445,11.0,0.9774436090225562,3.5,0.9523809523809523,2.25,9.886904761904761,0.0,47.74981809362115,60.51190476190476,41.07142857142857,15.911458333333334,0.0,0.0,13.75,65.91953441295547,74.8371212121212,61.317460317460316,23.101551226551226,5.333333333333333,1.4285714285714284,41.56410256410256,45.09398496240601,18.322916666666664,0.0,15.432900432900432,2.5,2.5,15.709706959706958,0.0,31.017857142857142,0.0,37.77777777777778,45.09398496240601,3.214285714285714,122.38095238095238,43.31619769119769,0.0,14.706349206349207,8.0,0.0,5.0,204.73214285714286,0.0,0.37037037037037035,0.0,0.0,33.416666666666664,0.625,0.0,0.0,0.0,16.72321097515758,15.0,0.0,0.89265850945495,6.666666666666666,406.88670646444234,6.726190476190475,0.0,36.666666666666664,0.0,0.0,8.9265850945495,0.0,0.89265850945495,42.912565504670766,1.4285714285714284,10.056818181818182,0.89265850945495,0.0,0.89265850945495,40.72222222222222,0.89265850945495,0.89265850945495,30.763888888888886,136.57905982905982,0.0,4.9672897196261685,0.0,0.0,1.6666666666666665,0.0,1.25,0.0,25.0,0.0,0.0,0.0,0.0,1.6666666666666665,0.0,16.666666666666664,0.0,146.13073593073594,2.083333333333333,0.0,0.0,0.0,23.095238095238095,0.0,10.0,0.0,0.0,4.0,3.5,1.75,4.107142857142857,0.0,0.0,0.0,20.333333333333332,0.0,0.0,6.666666666666666,0.0,0.3333333333333333,0.0,0.0,25.656926406926406,31.774891774891774,15.416666666666666,0.0,8.0,0.0,28.5,0.0,0.0,0.41666666666666663,27.761904761904763,10.73917748917749,42.95670995670996,4.5,1.6666666666666665,0.0,96.67658730158729,0.0,0.0,0.0,0.0,12.428571428571429,0.0,67.98351648351648,6.666666666666666,0.0,0.0,0.6666666666666666,89.4693237796686,2.8571428571428568,2.5,4.205607476635514,0.0,0.0,5.0,0.5,0.0,0.0,0.0,0.0
879.7819727891157,232.10235003092146,865.440524436725,558.0748299319728,514.4887136672851,1384.0161782661783,258.7879422165136,666.9895894564908,286.5992063492063,513.8928571428571,390.2813557233223,292.2142857142857,205.83936301793443,219.0,133.8168309232139,166.28174603174602,48.21861471861472,171.6448928056071,179.75974025974025,126.25493025493026,59.287157287157285,157.21343537414967,119.61111111111111,74.14285714285714,251.34603174603174,179.9472789115646,118.78174603174602,88.65929705215419,108.6031746031746,46.33333333333333,41.42857142857142,84.34407447189402,92.45454545454545,43.17743764172336,29.55442176870748,33.03703703703704,76.06632653061224,62.82323232323232,61.33333333333333,106.76190476190476,63.44444444444444,14.761904761904761,39.44444444444444,46.19444444444444,130.59722222222223,98.27380952380952,44.05555555555556,55.388888888888886,24.857142857142858,60.12728249194414,13.857142857142858,62.270975056689345,70.65022675736961,17.738095238095237,73.88888888888889,15.0,32.77777777777778,48.94444444444444,37.15873015873016,11.547619047619046,97.28911564625851,6.666666666666666,20.0,4.833333333333333,27.461309523809526,60.14163614163614,31.28306878306878,36.13095238095238,0.4081632653061224,0.0,10.833333333333334,12.483843537414966,15.714285714285714,8.19047619047619,4.833333333333333,0.0,22.5,27.777777777777775,3.7301587301587302,43.05555555555556,10.833333333333334,60.368480725623584,1.6666666666666665,40.0,20.0,0.0,10.976190476190476,38.92857142857143,54.166666666666664,3.9342403628117912,20.083333333333332,63.333333333333336,25.357142857142858,21.73303945715006,3.333333333333333,11.666666666666666,6.258393106667147,0.0,0.0,0.0,5.476190476190476,118.74025974025973,11.0,3.2380952380952377,12.583931066671468,14.487734487734487,1.2583931066671468,14.761904761904761,14.642857142857142,72.16666666666667,1.2583931066671468,13.833333333333334,1.2583931066671468,18.75,1.2583931066671468,1.2583931066671468,24.382384532760472,16.666666666666664,12.5,1.5501519756838904,3.333333333333333,3.333333333333333,12.222222222222221,0.0,2.2222222222222223,4.333333333333333,4.444444444444445,40.76456942528371,3.333333333333333,5.0,0.47619047619047616,5.0,4.444444444444445,15.833333333333332,0.41666666666666663,4.563492063492063,10.833333333333334,1.5,1.1111111111111112,0.0,2.2222222222222223,1.1111111111111112,5.833333333333333,10.0,0.0,0.0,0.0,0.0,0.0,1.7857142857142856,5.0,9.166666666666666,3.3333333333333335,0.0,0.0,1.1111111111111112,3.333333333333333,3.3333333333333335,0.0,6.666666666666666,6.25,0.0,14.272727272727273,1.1111111111111112,1.25,2.2222222222222223,2.5,0.23809523809523808,0.0,0.0,3.333333333333333,2.5555555555555554,10.222222222222221,0.0,0.0,8.174603174603174,2.5,8.69047619047619,0.0,0.0,1.3032581453634084,2.5,17.055555555555554,10.833333333333334,0.0,0.0,1.1111111111111112,0.0,0.0,17.544642857142858,0.0,1.094224924012158,0.0,1.1111111111111112,0.0,0.15873015873015872,0.0,21.19047619047619,0.4816017316017316,3.333333333333333
8913.904359633796,1070.293814269771,1996.9295397793499,1801.2210454749895,2216.9735032118506,570.5598215756854,1808.3363406954406,1721.172209120759,534.0148602644144,977.4817349849194,601.8656740705115,1205.5956433396873,823.9412157933375,191.03540701744026,149.04872624938415,403.00242605394914,856.3289796317814,947.3163845174017,669.9316787014155,636.1649757406336,142.00581961611374,300.04478596247725,410.0518632161489,369.7403158230944,753.4743547001674,921.5849264703078,206.45354305567153,454.07030801299373,281.63043775312684,234.31465620722585,75.88357089144904,1250.844634667831,291.39463701765305,123.8349508678456,138.20433455433454,98.184613997114,288.5736339127316,283.26446215626885,131.23574527324527,52.26824004455583,2489.671720794399,46.29495520962239,37.10353215428403,136.78400482667814,12.636104149262042,182.31365227909345,1124.6926539938759,400.25211634770454,137.7429425732997,55.775221155655935,55.1502774245741,43.70644200701409,95.51177137705776,38.69793024663714,56.68360805860806,51.496473297943886,6.727985739750446,37.31444805194805,26.63327320827321,20.274276377217554,138.0375560112402,227.6871109554933,78.31982262520188,20.404956313709175,403.8266201391201,67.10895825379184,21.056093906093906,85.97161955691367,34.039357467928895,114.55075918233813,82.03310490863012,34.6275712305124,62.614891644303405,120.8726726976727,20.404956313709175,43.226190476190474,12.569444444444445,69.73680624930624,11.358974358974358,150.3896705146705,127.8629218004218,10.897130403709351,22.697043234543234,6.37037037037037,37.432720057720054,38.83911260696975,26.89523031434796,7.522222222222222,5.831140350877193,175.74900793650792,34.68476430976431,3.2976190476190474,2.75,3.4963659147869675,40.73129648129648,31.28260248543862,27.368011695906432,72.69167439703153,106.74963340961793,11.847222222222221,19.152958152958153,8.779100529100528,2.888888888888889,4.719233147804576,1.4578947368421051,1.8990057561486131,0.14578947368421052,122.68079721500438,10.927785177785179,27.290719492925376,0.14578947368421052,5.538888888888889,0.14578947368421052,197.7741790743793,0.14578947368421052,0.14578947368421052,5.649635216405403,25.70436507936508,534.871463231446,9.354961704961704,52.553030303030305,11.666666666666666,120.50829725829725,2.083333333333333,26.38269693269693,17.5530303030303,21.90414120193532,14.134199134199134,19.2502405002405,18.31547619047619,41.88809061309061,19.5530303030303,44.51157176157176,35.481732500999414,31.832799145299145,42.05063929888614,20.724206349206348,1.8650793650793651,156.0879329004329,11.431818181818182,8.809523809523808,3.1031746031746033,51.339435482817834,23.49249084249084,3.8667800453514736,3.738095238095238,8.56045751633987,4.113562091503268,16.878968253968253,17.527958152958153,6.111111111111111,21.19200244200244,10.656330005120328,15.637415824915825,10.518217893217892,13.967148129648129,5.591450216450216,33.98412698412698,12.5,27.22212047212047,17.871031746031747,15.378315105946683,6.361340048840049,4.023809523809524,5.857142857142857,4.012566137566138,0.5,5.931547619047619,3.5833333333333335,7.002164502164502,64.10943821973234,1.1034688995215312,4.413875598086125,26.21924603174603,0.9090909090909092,12.586309523809524,14.10102071131483,4.305555555555555,32.51984126984127,0.5555555555555556,14.567550505050505,4.66293449197861,21.128156565656564,25.829094516594516,10.499999999999998,1.0069444444444444,9.83566287513656,5.089285714285714,111.06187584806005,1.9444444444444444,0.6666666666666666,2.742857142857143,10.444444444444445,3.2579920079920077,0.15151515151515152,1.6666666666666665,1.1825396825396826,67.26176601176601,0.6851851851851851,0.0
2345.2157302056503,576.354202244939,575.2228117313118,300.29081741227526,577.987225157265,60.277152114407016,164.4263095292507,295.4247161507861,100.02875522903719,180.94959009244724,135.56308737149627,190.3057262922487,91.75,51.69753233883669,16.180555555555554,86.46255596255595,551.8098536518979,153.94683492477608,18.98217468805704,59.23107581989161,25.333975256769374,19.077894327894327,12.619773084058798,38.91104102868809,273.0598244348244,275.46642583398136,12.969703907203906,41.56096681096681,19.675380175380177,21.591970121381884,10.729023019464195,366.0238783268988,45.96061101756666,5.416666666666666,61.06944444444444,36.221771284271284,31.0625,24.35161135161135,2.5,15.399470899470899,148.2416056166056,12.718859600438547,1.869047619047619,4.206665305010893,7.083333333333333,6.963143338143338,13.809523809523808,4.25,22.475589225589225,21.157230908355345,2.9044117647058822,12.800508519258518,13.939484126984127,7.722222222222221,2.7777777777777777,10.066849816849818,11.235561497326204,7.192945326278659,6.3358585858585865,2.553030303030303,6.952380952380952,2.7976190476190474,7.12899069884364,8.788410419989367,23.174603174603174,8.994633838383837,2.308377896613191,0.2777777777777778,4.948773448773449,17.008884390463336,6.666666666666666,16.681804034745213,7.8601190476190474,23.442290249433107,8.788410419989367,3.8095238095238093,0.0,1.6919191919191918,1.0,0.0,4.893097643097644,0.4882154882154882,4.138888888888889,1.6111111111111112,7.499999999999999,3.0,0.0,0.0,1.5549965600275197,3.0456349206349205,0.41666666666666663,0.0,0.3333333333333333,0.0,3.333333333333333,0.0,22.702821869488535,0.0,62.953185425034164,0.0,0.0,13.158730158730158,0.0,0.0,0.0,1.1111111111111112,0.0,11.418300653594772,0.0,0.3571428571428571,0.0,1.3333333333333333,0.0,14.473443223443223,0.0,0.0,0.0,12.648809523809524,25.854497354497354,0.1904761904761905,0.0,0.0,4.444444444444445,0.0,0.0,0.0,0.0,0.0,2.5,0.8928571428571428,28.5,0.0,1.6666666666666667,0.0,6.25,92.64898077222762,0.0,0.0,1.1111111111111112,0.0,1.25,0.0,5.416666666666666,1.1111111111111112,0.15873015873015872,0.625,0.5882352941176471,0.29411764705882354,3.087301587301587,0.0,0.0,1.25,0.9896633384536611,0.37037037037037035,0.0,4.5919191919191915,0.0,0.0,0.0,0.0,0.0,7.003306878306878,5.604395604395604,0.0,0.5,0.0,0.5,0.0,0.2777777777777778,5.0,6.666666666666666,0.625,2.5,0.8333333333333333,0.625,0.5555555555555556,13.081890331890332,0.0,2.5,0.0,0.0,1.40625,3.4027777777777777,8.88888888888889,0.0,0.0,2.603174603174603,1.4285714285714284,37.04338023088023,0.0,0.0,1.7142857142857144,0.0,0.0,0.7142857142857142,0.0,0.5555555555555556,0.3333333333333333,0.0,0.0
2331.5120871775284,15.480248917748916,698.9355574980575,457.3436161061161,553.3270271395271,139.89828643578645,77.02489177489177,527.0762606674372,302.54238816738814,740.2300326307679,226.79254949843184,285.07305194805195,58.226190476190474,220.96039350083467,44.86904761904762,401.7773199023199,77.62446581196582,173.66573472823472,40.538690476190474,25.121031746031747,36.01190476190476,22.349206349206348,20.99074074074074,65.85103785103784,95.62835497835498,343.06570512820514,27.196608946608947,74.41023328523329,6.7142857142857135,32.88543401043401,28.05952380952381,0.0,24.33882783882784,4.94047619047619,16.666666666666668,0.3571428571428571,22.78409090909091,45.14196832579186,0.0,47.29298941798942,34.051587301587304,14.147222222222222,17.916666666666668,17.700595238095236,73.87301587301587,30.283008658008658,48.63194444444444,23.51010101010101,35.128571428571426,3.75,2.0,0.8333333333333333,456.4573454323454,40.613186813186815,2.6666666666666665,0.0,8.142857142857142,1.5,0.0,0.0,19.047619047619047,2.361111111111111,8.064772727272727,1.0683760683760684,7.241666666666666,20.694444444444443,0.2272727272727273,8.333333333333332,4.6022727272727275,0.0,5.269230769230769,0.0,1.4246031746031746,0.0,1.0683760683760684,1.1111111111111112,0.8333333333333333,4.166666666666666,3.75,6.119047619047619,0.0,7.305555555555555,0.0,0.0,3.0238095238095237,0.0,16.0,23.86111111111111,42.916666666666664,2.625,1.0555555555555556,0.8333333333333333,3.2407407407407405,0.0,2.5,1.6666666666666665,0.0,10.5,0.0,0.2777777777777778,14.266666666666666,0.22222222222222224,11.666666666666666,2.435897435897436,0.0,0.0,0.0,0.625,1.1111111111111112,0.8333333333333333,0.0,0.3571428571428571,0.0,0.2777777777777778,0.0,0.0,2.0,0.0,77.83928571428571,0.0,0.0,18.327777777777776,0.0,9.321428571428571,0.0,1.8611111111111112,0.0,0.0,0.41666666666666663,2.3055555555555554,1.0,0.0,11.11111111111111,0.3125,4.333333333333333,0.0,1.0,0.0,4.833333333333333,0.0,0.0,1.6785714285714284,1.9047619047619047,0.0,3.6785714285714284,3.333333333333333,3.0,1.5,0.0,1.8888888888888888,6.619047619047619,0.0,0.0,0.0,2.6666666666666665,0.0,0.0,30.0,8.166666666666666,0.0,0.0,0.0,0.0,8.993506493506493,8.666666666666666,0.0,0.8333333333333333,0.5,0.0,0.0,0.4444444444444445,0.41666666666666663,1.6666666666666665,0.0,0.0,0.0,0.0,2.5,36.666666666666664,0.0,0.0,0.8333333333333333,2.083333333333333,0.0,2.9166666666666665,0.0,0.0,0.0,0.0,0.3333333333333333,0.6222222222222222,0.0,2.0,0.0,0.0,1.0,0.0,0.0,0.0,0.0
3775.698018811254,316.4612514900558,1284.296941021941,1230.11336996337,1326.1412996550869,1067.561663996609,1060.3132811814185,1983.51242993118,469.50052521008405,2017.2665641139906,533.8414832852333,1619.323649036149,529.631268037518,766.6844065656566,301.74357448107446,648.4376795504118,319.95619588744586,1027.5505807516643,682.067018903859,294.17941017316014,253.8574081011581,480.0447439795654,273.57999639249635,610.0984073116426,746.7635658051099,880.1230058684006,310.6053115185468,269.35433455433457,430.6819949611616,210.46211830824834,132.4184163059163,125.92392623716152,147.58881578947367,83.67638888888888,116.78392857142856,216.0045587679516,247.97397186147185,277.3778927091427,207.16351426351426,192.54712536859276,676.0862904524669,406.44093059718057,105.45075757575758,318.34965375038905,277.4804473304473,371.199944037444,178.9293217539541,330.91061415436417,71.0833925090504,115.28690476190476,50.829365079365076,202.1735754985755,218.57440476190476,132.71177248677247,168.15575396825398,123.7487554112554,77.70225256769373,61.27916666666667,63.06036324786324,144.36735527544351,330.15443422318424,78.35212418300654,90.22420634920634,39.62151274651275,145.29378306878306,74.52628968253968,102.26984126984127,127.06050685425684,86.44191919191918,32.38809523809524,121.59771374458875,87.5788185742133,18.719444444444445,37.83333333333333,33.538179413179414,63.37613826232247,170.20138888888889,142.73328729801943,59.91033496732026,33.96440242763772,61.477777777777774,43.60634920634921,126.3543956043956,136.51984126984127,96.65099206349205,73.18809523809523,77.10972222222222,45.59722222222222,43.38710317460317,203.46775793650792,118.16918081918081,32.86111111111111,83.65827922077922,6.670536005213425,64.99785068732437,125.05501443001442,0.44470240034756164,80.55775682650683,1.2000000000000002,15.391071428571427,39.86468253968254,55.88492063492063,58.29861111111111,33.570436507936506,4.447024003475616,95.05238095238094,0.44470240034756164,20.077380952380953,41.995039682539684,53.00727513227513,0.44470240034756164,30.760648148148146,0.44470240034756164,31.83928571428571,0.44470240034756164,0.44470240034756164,10.76388888888889,51.192351299494156,109.03869047619047,18.470713083213084,34.349458874458875,310.9051046176046,37.575,99.9126984126984,24.090773809523807,50.70039682539682,72.36580687830687,13.096955128205128,26.14512987012987,36.94146825396825,17.36111111111111,3.1319444444444446,125.07637537471129,51.53174603174603,50.97379813169287,0.0,40.09583333333333,18.72222222222222,122.77168631341425,19.850694444444443,86.5547619047619,24.91651404151404,3.9285714285714284,11.38888888888889,13.535714285714285,50.38095238095238,21.584947216526164,10.792473608263082,37.07688492063492,6.305555555555555,25.642857142857142,22.383333333333333,49.80555555555556,36.30555555555556,20.832671957671955,2.5,23.208333333333332,65.57936507936508,78.05307539682539,57.99563492063492,27.87962962962963,4.027777777777778,7.777777777777777,39.29861111111111,8.886904761904763,23.51388888888889,11.867724867724867,6.398148148148148,24.544047619047618,22.625,5.055555555555555,14.672523814480869,58.690095257923474,3.3333333333333335,0.0,22.916666666666664,1.9583333333333333,3.1805555555555554,0.0,10.583333333333332,18.15079365079365,4.416666666666666,16.166666666666668,0.0,2.5,5.752380952380952,0.0,16.286706349206348,0.0,0.75,5.979166666666666,33.651785714285715,0.6666666666666666,25.202380952380953,10.319444444444445,14.919642857142856,3.6458333333333335,9.583333333333332,2.0535714285714284,43.01785714285714
4102.2347200188115,84.00264550264549,1099.1712407962407,874.3960971568114,1869.2028501260643,253.36001082251082,135.64455782312925,1710.5978413704254,520.3755823541537,1748.3919400355323,940.6278545722873,799.1498720195149,152.57783744033742,410.07653721162126,48.75892857142857,947.4000238745928,166.6091871091871,1033.3359825359826,280.55863997113994,127.06193310657596,87.51858835608836,96.23766233766233,114.11417748917748,426.41222792669834,124.26666666666667,759.3313478051779,247.43158369408368,251.32313754025577,163.43282828282827,93.88806332556332,53.70421245421245,4.691468253968254,61.84597069597069,5.506878306878306,35.56845238095238,0.47619047619047616,98.74047619047619,264.4039632752868,19.855820105820104,357.23884680134677,187.19214165464166,235.19951298701298,49.86904761904762,63.50416666666666,131.33007369614512,74.90754483611626,118.41699649556791,84.53727443191728,103.39433621933621,49.68034049284049,21.892857142857142,23.15277777777778,943.0562742812742,71.90732554482554,6.571428571428571,1.25,13.809523809523808,9.366071428571427,1.0555555555555556,0.8333333333333333,113.0576393183536,16.726190476190474,13.627697897340754,13.278693528693529,20.30019841269841,24.30515873015873,7.197227375798804,6.017857142857142,24.183333333333334,13.824404761904761,19.581179138321996,7.084415584415584,11.48015873015873,0.0,2.4572649572649574,5.833333333333333,15.18431855500821,12.932539682539682,9.462962962962964,15.827380952380953,5.3809523809523805,16.197619047619046,7.291666666666666,4.5,2.4404761904761907,19.971891534391535,49.04571123321123,27.257936507936506,35.78333333333333,26.424450549450547,5.847631535131535,1.1904761904761902,13.0,0.0,13.98611111111111,14.291666666666666,0.0,18.776814058956916,0.0,3.8636363636363633,28.18974358974359,0.22222222222222224,2.0860042735042734,13.25,0.0,28.474206349206348,0.0,1.3392857142857142,9.777777777777777,4.777777777777778,0.0,6.387896825396826,0.0,2.4,0.0,0.0,0.0,0.0,96.60515873015873,0.0,11.321428571428571,83.91111111111111,7.25,18.88809523809524,1.25,17.29251700680272,4.0,2.5,16.75170068027211,16.035714285714285,1.0,0.2777777777777778,62.33180708180708,65.66944444444444,12.344954648526077,0.0,10.466666666666667,24.393939393939394,36.985119047619044,2.833333333333333,1.25,10.641233766233766,3.154761904761904,1.9444444444444444,8.036904761904761,7.087301587301587,4.889396317967747,2.4446981589838734,1.6666666666666665,2.746031746031746,23.104166666666664,0.2040816326530612,2.0,0.0,3.4166666666666665,0.0,0.41666666666666663,18.6,31.072089947089946,7.490842490842491,0.0,0.0,0.5,1.1363636363636365,12.69047619047619,2.5625,1.4285714285714284,1.125,3.583333333333333,0.0,0.4444444444444445,0.0,0.0,0.0,1.8095238095238093,0.2857142857142857,0.0,2.095238095238095,29.999999999999996,1.6666666666666665,0.0,0.0,5.958333333333333,0.0,2.2916666666666665,0.1020408163265306,0.0,13.219246031746032,0.0,0.5374149659863945,6.322222222222222,0.3333333333333333,2.0,1.0416666666666665,0.0,0.0,0.0,0.3571428571428571,0.0,0.0
1512.922619047619,33.75,422.02777777777777,286.5984126984127,145.65277777777777,135.72222222222223,76.91666666666667,392.27777777777777,110.76388888888889,210.97222222222223,52.791666666666664,53.61111111111111,165.75,412.15277777777777,48.361111111111114,55.95833333333333,1.6666666666666665,109.79166666666666,24.083333333333332,12.0,159.26190476190476,172.97916666666666,96.61111111111111,309.6694444444444,249.19841269841268,76.64285714285714,29.333333333333332,60.77777777777778,35.16666666666667,136.63492063492063,12.11111111111111,0.0,2.5,10.86111111111111,5.833333333333333,8.333333333333334,56.30555555555556,8.75,0.5555555555555556,0.625,45.666666666666664,223.61111111111111,1.5,112.41666666666667,197.61111111111111,54.916666666666664,4.666666666666666,73.12103174603175,0.0,13.333333333333332,19.166666666666668,0.0,14.36111111111111,0.0,2.333333333333333,0.0,0.0,0.5555555555555556,6.388888888888888,2.5,7.333333333333332,5.0,0.0,0.0,13.333333333333332,1.0,0.0,0.0,6.538690476190476,3.333333333333333,3.125,1.3888888888888888,2.5,0.0,0.0,0.0,0.0,0.0,16.11111111111111,10.11111111111111,10.0,0.0,0.0,0.5,11.666666666666666,0.0,0.0,4.722222222222221,0.0,0.0,0.0,19.166666666666664,1.6666666666666665,0.0,0.8333333333333333,3.333333333333333,0.0,6.666666666666666,0.0,5.0,0.0,0.0,12.916666666666666,10.277777777777779,0.0,0.0,0.0,0.0,11.88888888888889,0.0,0.0,0.0,0.0,0.0,0.0,0.0,0.0,0.0,0.0,0.0,0.0,53.638888888888886,1.6666666666666665,3.1666666666666665,0.0,18.666666666666668,0.0,0.0,5.0,0.0,0.0,0.0,0.0,0.0,0.0,0.0,1.1111111111111112,15.734126984126984,0.0,0.0,0.0,0.0,0.0,0.0,0.0,2.083333333333333,0.0,0.0,0.0,0.0,1.6666666666666665,0.0,0.0,1.8650793650793651,0.0,0.0,0.0,0.0,4.833333333333333,0.0,0.0,0.0,0.0,0.0,2.5,8.5,0.0,0.0,0.0,0.0,0.0,0.0,0.0,0.0,0.0,0.0,0.0,0.0,0.0,6.666666666666666,0.0,0.0,0.0,0.0,1.6666666666666665,0.0,0.0,0.0,0.0,0.0,0.0,0.0,1.0,0.0,0.0,0.0,0.0,0.0,0.0,0.0
2109.425351037851,48.57837301587301,660.6153352366588,175.40595238095239,407.71163003663,197.38311688311688,55.83333333333333,634.6761904761904,888.8104978354978,761.1667124542124,233.44888999889,363.6382275132275,106.9484126984127,585.8738081363081,30.2,748.7398883795943,74.5047619047619,348.1161435786436,74.85714285714286,74.18387445887446,109.98517316017316,72.01482683982684,47.7962962962963,172.70959595959596,49.73095238095238,685.7680402930403,69.93333333333334,61.36666666666667,34.33095238095238,46.304761904761904,43.99047619047619,4.15,19.4,6.9,32.48571428571429,0.0,50.713059163059164,36.88333333333333,22.566666666666666,79.80562678062678,62.60324675324675,258.42469336219335,15.598484848484848,25.0,38.388888888888886,54.29523809523809,43.07142857142857,118.6038961038961,77.10897435897435,5.75,6.0,65.05,198.08630952380952,49.58412698412698,3.0,0.9,88.2843137254902,11.166666666666666,10.0,0.0,55.46904761904762,14.952380952380953,5.476190476190476,9.333333333333332,12.133333333333333,25.535714285714285,4.833333333333333,8.288095238095238,74.39588744588744,5.733333333333333,25.123160173160173,29.016666666666666,2.9,0.0,0.0,9.955555555555556,0.0,0.0,68.70238095238095,28.666666666666664,12.7,10.0,16.083333333333332,0.0,10.666666666666666,11.466666666666667,18.758608058608058,31.5,13.6,18.910714285714285,20.104761904761904,3.0,3.4074074074074074,0.0,20.933333333333334,14.61111111111111,0.0,17.0,0.0,11.745238095238095,6.144444444444445,0.0,11.666666666666666,11.452380952380953,0.0,17.385714285714286,0.0,11.063492063492063,9.69047619047619,10.916666666666666,0.0,4.05,0.0,2.0,0.0,0.0,2.666666666666667,0.0,240.53571428571428,8.366666666666667,6.933333333333334,132.50151515151515,12.95,125.36904761904762,0.0,11.825396825396826,4.0,0.0,9.899999999999999,8.722222222222223,0.0,0.0,66.58856209150326,4.9523809523809526,9.328643578643579,0.0,38.819047619047616,13.0,61.113865546218484,0.0,37.06666666666667,6.348484848484849,0.0,0.0,3.341269841269841,0.0,3.3974358974358974,1.6987179487179487,2.8095238095238093,2.6666666666666665,2.4444444444444446,6.8,33.166666666666664,6.666666666666666,1.6666666666666665,0.0,0.6666666666666666,244.67460317460316,12.0,21.216666666666665,0.0,0.0,0.0,0.0,0.0,0.0,1.119047619047619,0.0,16.216666666666665,0.0,0.0,0.0,0.0,0.0,0.0,0.0,0.0,0.9444444444444444,0.0,0.0,0.0,4.0,0.625,10.0,0.0,1.4666666666666668,5.0,0.0,0.0,0.0,3.2,1.8333333333333333,0.0,4.666666666666666,0.0,4.75,0.0,0.0,0.0,0.0
1572.3646393836048,31.50595238095238,463.08730158730157,307.83730158730157,1177.312459680842,189.421626984127,107.17460317460318,1192.3501498501498,189.92261904761904,1113.1488553113552,222.20138888888889,236.13492063492063,134.19047619047618,104.35813492063491,89.64880952380952,242.92914614121509,31.591269841269842,270.0706349206349,89.65674603174602,15.791666666666666,87.60396825396825,88.404329004329,88.44444444444444,182.14737274220033,149.97222222222223,104.27848301124163,58.65853563647681,142.85061892130858,23.893939393939394,36.545648795648795,13.601190476190476,3.8095238095238093,15.057738095238093,3.125,29.3125,2.1666666666666665,11.36111111111111,26.5,32.20833333333333,33.82142857142857,138.76785714285714,124.14722222222221,60.60185185185185,11.831349206349206,730.2876984126984,165.02910052910053,25.59325396825397,10.122222222222222,11.845238095238095,0.3571428571428571,6.166666666666666,3.75,285.7972222222222,6.333333333333333,10.976190476190474,0.5555555555555556,5.0,0.0,0.5,0.8333333333333333,30.94940476190476,3.8472222222222223,7.0,9.333333333333332,2.833333333333333,1.5,31.88095238095238,6.904761904761904,15.033333333333333,0.0,3.022222222222222,2.6666666666666665,0.0,0.0,0.0,2.5,8.922413793103448,78.86904761904762,34.69444444444444,11.166666666666666,4.0,6.444444444444445,4.666666666666666,0.0,3.75,1.1111111111111112,0.0,48.75,23.33888888888889,4.166666666666666,5.5,0.0,11.708333333333332,0.0,12.833333333333332,3.287878787878788,0.0,0.0,0.0,1.3636363636363638,17.089743589743588,0.0,6.0,19.083333333333332,0.0,0.9722222222222222,0.0,0.0,8.5,2.0,0.0,3.0,0.0,7.0,0.0,0.0,6.335511982570806,0.0,121.98214285714285,0.0,0.47619047619047616,14.42063492063492,6.166666666666666,168.0595238095238,11.40151515151515,28.589285714285715,4.0,0.0,15.130952380952381,5.595238095238095,0.0,0.0,5.673076923076923,5.875,10.666666666666666,0.0,0.0,13.833333333333332,17.55952380952381,0.0,5.0,15.809523809523808,1.25,1.1111111111111112,2.875,0.0,4.230769230769231,2.1153846153846154,1.6666666666666665,5.416666666666666,1.25,0.0,0.0,0.0,0.0,0.0,0.0,4.5,65.39880952380952,0.0,1.6666666666666667,3.333333333333333,5.5,5.0,10.75,7.0,8.603174603174603,0.0,4.75,0.0,0.0,1.9934640522875817,7.973856209150327,0.0,1.3333333333333333,0.0,0.0,1.6666666666666665,5.0,2.5,0.0,0.0,0.0,0.0,0.0,8.333333333333332,0.0,0.7142857142857142,0.0,0.0,3.2,0.3333333333333333,0.0,2.5416666666666665,2.5,0.5555555555555556,0.0,0.0,0.0,0.0
1677.7699379640233,402.03399850941423,387.9370647909386,468.16428563678437,314.5558102067562,211.42040343915343,189.4888324008293,332.20586771329374,51.43882484262919,314.4161462732115,127.32723200088267,201.81705653021442,97.18834568209567,36.723020647653,43.20265328353563,333.06691983486894,80.21289164899004,134.72709997223728,64.75,163.1784665468018,11.0,103.3647317594686,37.77777777777778,72.79405430889985,255.68575567580143,18.939238539238538,56.56592019092019,50.08563011063011,26.932978132978132,22.484920634920634,12.124477861319967,115.8834029497073,114.342233445434,11.11157796451914,67.40371202871202,19.98148148148148,21.76285866910867,10.550595238095237,26.63690476190476,14.857142857142858,15.135387488328664,1.3274672187715666,29.11545815295815,25.641246839389254,50.55,0.2777777777777778,3.5606060606060606,7.393074031231926,9.57010582010582,20.589495101020034,44.04100529100529,10.372896008136284,16.706349206349206,28.42661578187894,15.295815295815297,7.268379281537175,4.332467532467533,8.824314574314574,27.854847716790427,31.48800687616477,1.0555555555555556,4.087962962962963,2.0,7.0874999999999995,2.361111111111111,6.052564987347596,4.583333333333333,0.7142857142857142,29.035409035409035,28.060185185185183,0.0,6.458333333333333,43.522907647907644,120.79684283581342,5.8375,36.89880952380952,0.0,21.642857142857142,0.0,0.8888888888888888,27.057489623666093,0.0,0.22222222222222224,15.0,5.142857142857143,0.38461538461538464,3.111111111111111,1.488095238095238,7.5,0.8333333333333333,0.47619047619047616,9.027777777777779,0.0,3.9621212121212124,0.5,1.6666666666666665,0.2641414141414142,0.0,109.08090964463962,3.8095238095238093,0.0,0.6984126984126984,0.0,0.2777777777777778,2.6414141414141414,3.5,0.2641414141414142,10.214285714285714,0.0,0.0,0.2641414141414142,2.5,0.2641414141414142,1.25,0.2641414141414142,0.2641414141414142,11.071428571428571,3.722222222222222,0.0,43.15170152176984,1.75,1.6666666666666665,0.5,0.0,5.833333333333333,0.0,0.0,8.125,0.0,0.0,4.197510822510822,1.9999999999999998,0.0,0.0,0.0,13.666666666666666,3.3333333333333335,0.0,0.0,0.0,1.7733990147783252,1.25,0.2857142857142857,3.4159277504105092,0.0,3.4126984126984126,1.6666666666666665,0.8333333333333333,17.13098013098013,0.0,0.0,0.22222222222222224,2.600694444444444,1.5317460317460316,0.0,8.494778613199665,1.0,1.0566239316239316,0.0,0.9166666666666666,2.6785714285714284,2.333524027459954,23.539682539682538,9.29563492063492,0.2777777777777778,2.6785714285714284,3.0,0.7142857142857142,0.0,10.0,13.261904761904761,0.22222222222222224,0.888888888888889,9.285714285714285,0.5,0.3333333333333333,3.0999999999999996,0.0,0.0,0.0,66.34384226884227,0.0,0.0,1.3333333333333333,0.0,0.0,8.776315789473685,3.6363636363636367,11.083333333333332,39.65562678062678,0.0,3.674308300395257,0.0,0.0,5.625,0.0,0.0,0.0,4.444444444444445,0.5
313.3909324054354,72.77362914862914,66.52138807614814,134.28350122100122,50.946571810542395,111.87301587301587,36.88980463980464,78.7249545220387,6.666666666666666,42.50550144300144,29.013341543513956,51.19047619047619,26.727272727272727,20.635854341736696,19.50688608776844,61.98750664540138,19.57142857142857,59.140293186345815,3.75,14.724049707602338,3.0,27.512376512376512,5.0,8.47339466089466,184.4637445887446,5.227272727272727,8.31027306027306,5.766666666666667,22.674242424242422,0.0,2.3684210526315788,40.08936202686203,41.26190476190476,0.29411764705882354,12.667957042957044,0.7638888888888888,14.342261904761905,13.109508547008547,10.0,9.523809523809524,5.071895424836601,0.0,9.030753968253968,2.5,9.978571428571428,0.0,0.0,6.200091575091575,2.5,1.3137254901960784,20.476190476190474,0.2777777777777778,15.595238095238093,15.072802197802197,0.0,0.2777777777777778,0.0,2.0357142857142856,8.583333333333332,1.8214285714285712,0.0,0.0,0.0,3.4375,0.0,2.5,0.0,0.0,4.345238095238095,21.785714285714285,0.0,6.458333333333333,13.555735930735931,6.1900783040488925,3.4375,17.232142857142854,0.0,0.0,0.0,0.0,8.617647058823529,0.0,0.0,0.0,0.0,0.38461538461538464,0.0,0.0,0.0,0.0,0.0,8.57142857142857,0.0,1.5,1.0,0.0,0.1,0.0,13.62063492063492,0.0,0.0,0.0,0.0,0.2777777777777778,1.0,0.8333333333333333,0.1,0.8333333333333333,0.0,0.0,0.1,0.0,0.1,0.0,0.1,0.1,1.0714285714285712,0.8333333333333333,0.0,12.654990842490843,1.25,1.6666666666666665,0.0,0.0,0.0,0.0,0.0,5.625,0.0,0.0,1.8641774891774892,0.0,0.0,0.0,0.0,4.291666666666667,3.3333333333333335,0.0,0.0,0.0,0.3448275862068966,0.0,0.0,0.03333333333333333,0.0,0.0,1.6666666666666665,0.8333333333333333,3.146853146853147,0.0,0.0,0.0,0.0,1.0317460317460316,0.0,0.0,1.0,0.2777777777777778,0.0,0.9166666666666666,0.0,1.0,1.3888888888888888,0.0,0.0,0.0,0.0,0.0,0.0,0.0,10.0,0.0,0.0,0.0,0.5,0.0,1.6666666666666665,0.0,0.0,0.0,2.533333333333333,0.0,0.0,0.0,0.0,0.0,0.0,10.0,10.0,15.744047619047617,0.0,0.0,10.0,0.0,5.625,0.0,0.0,0.0,0.0,0.5
1024.888561651848,62.84788165051323,303.81905761592543,135.82394681802896,181.37196019562717,178.8159368165947,79.65986542732185,376.79165941243633,105.99352934381129,246.51610717471758,74.11983405686004,168.55133253812494,140.97449052853463,198.3995980816551,33.404761904761905,128.0965087894848,130.86357187442644,196.22020483959338,84.96972045659791,39.98995541131845,56.20897550104455,59.08345956466257,70.63458994708995,112.65976449059156,78.93381815580582,168.44277958580346,54.6984962406015,80.00988312779002,79.2475874243039,14.718340991367306,18.279761904761905,29.66128975599038,10.852482889180136,15.805135605135604,10.30952380952381,6.717687074829932,49.951877676734654,77.3539169164169,10.408029878618112,51.15273227027814,166.8851573377889,25.396199728920315,12.208333333333332,29.693650793650793,25.29496991104134,35.94439239715737,110.61228269085412,52.56209449489525,10.470538444735691,21.462331649831647,0.0,10.453216374269005,16.156850459482037,15.31547619047619,2.238095238095238,15.333333333333332,9.333333333333332,4.180555555555555,0.5555555555555556,6.166666666666666,51.77357021981082,23.273322194374824,9.010172876490044,4.1269841269841265,40.081568772358246,12.594246031746032,10.772361085106825,20.26298701298701,21.92171717171717,0.23809523809523808,17.522581254724113,0.0,5.7592592592592595,1.1111111111111112,3.888888888888889,14.210317460317459,5.54406850459482,15.96252262372839,1.3333333333333333,1.6666666666666665,5.511111111111111,0.6222222222222222,15.263125763125762,0.5,10.863914373088685,18.479010025062657,10.238095238095237,1.4285714285714284,0.19607843137254902,41.155224356540145,20.30948618287328,2.4404761904761902,8.244866754041066,0.0,46.62362155388471,3.7853336297733584,0.0,2.883606776043751,0.0,0.10752688172043012,7.814814814814815,5.777777777777778,0.0,1.5188492063492065,0.0,0.0,0.0,0.0,0.0,1.698066841415465,0.0,1.4682539682539684,0.0,2.1063492063492064,0.0,0.0,0.0,7.886795743938601,27.091832144463723,8.077131202131202,6.672619047619047,49.578968253968256,3.9318181818181817,16.5,0.0,7.244897959183673,4.5,0.0,0.2040816326530612,5.934027777777778,0.0,0.0,45.09802840071466,13.211879160266257,7.99078798185941,0.0,4.4363636363636365,3.333333333333333,19.604447386387115,1.363914373088685,0.5555555555555556,0.24321266968325794,0.0,0.20833333333333331,5.0,2.0337301587301586,0.2040816326530612,0.1020408163265306,0.0,0.0,3.007936507936508,4.579081632653061,1.2135642135642135,0.0,1.5,0.0,0.09523809523809525,2.8571428571428568,1.144927536231884,4.10989010989011,0.1388888888888889,0.0,0.0,3.111111111111111,0.0,2.4166666666666665,0.0,0.03058103975535168,0.0,0.0,0.0,0.0,0.0,0.0,0.8928571428571428,0.2857142857142857,0.0,1.45915246832678,0.0,0.0,0.0,0.9210526315789473,0.0,0.0,0.0,2.518707482993197,0.0,2.111111111111111,0.0,0.2040816326530612,5.5,0.0,0.0,0.0,0.0,2.5,1.1111111111111112,0.0,0.0,10.666666666666666
649.6384196320535,43.58432539682539,455.57766575529735,322.14350788100785,450.6984376004113,370.9624805247088,151.15440115440114,415.1849527787028,157.69219187675068,267.308692002442,171.63081709956708,189.43960622710622,71.85007215007215,177.32546596921597,90.39783272283272,121.98905407458038,21.495535714285715,363.58352416990186,102.34625305250304,72.87681878306879,33.34321915900863,50.52717352092352,90.2681277056277,184.68449084312087,127.87867063492064,95.0876148705096,41.906231431966724,98.34972527472527,70.36768481143481,145.0500331711632,44.32972582972583,3.3235294117647056,176.74041005291005,22.70436507936508,42.9984477124183,85.16517857142857,65.61742424242424,23.708468614718615,49.611881174381175,100.34499325092355,76.86764069264069,100.532693001443,4.75,98.88774202663521,160.99936868686868,190.10227272727272,49.80742521367521,63.75153388278388,52.670833333333334,18.895833333333332,1.4404761904761905,30.238095238095237,32.49305555555556,9.617724867724867,21.93392857142857,21.42018398268398,16.42606209150327,10.708333333333332,132.94639376218322,28.133228291316527,14.689529220779221,12.761846405228757,7.875,2.1571969696969697,3.859126984126984,21.37847222222222,13.13888888888889,3.6960227272727275,4.361111111111111,0.5555555555555556,9.322172619047619,1.056860902255639,5.763888888888889,0.7261904761904762,2.1571969696969697,2.0217731829573933,25.069444444444443,12.299278846153847,29.781366713352007,6.4941643323996265,2.5,0.0,4.666666666666667,6.5476190476190474,6.895833333333333,11.630952380952381,1.6666666666666665,20.025,1.3888888888888888,7.15625,4.097222222222222,2.787828947368421,4.134469696969697,1.8529040404040404,5.922201336675021,2.083333333333333,0.12352693602693603,3.489583333333333,0.0,0.5982142857142857,9.926984126984127,6.25,29.03009259259259,34.40190754664439,1.2352693602693603,0.08333333333333333,0.12352693602693603,0.625,11.908730158730158,1.1111111111111112,0.12352693602693603,4.923611111111111,0.12352693602693603,6.339285714285714,0.12352693602693603,0.12352693602693603,1.7013888888888888,2.083333333333333,11.552579365079364,0.5357142857142856,0.8928571428571428,52.9283189033189,3.125,68.33333333333333,1.4895833333333333,1.6666666666666665,2.7529761904761902,2.03125,0.0,7.913690476190476,1.4236111111111112,0.0,10.27313074352548,0.8333333333333333,1.2824561403508772,0.0,1.5625,12.581349206349206,3.1775297619047618,8.674107142857142,0.0,11.983134920634921,1.4285714285714284,0.0,8.958333333333334,5.426587301587301,1.513157894736842,0.756578947368421,0.5,1.607142857142857,3.333333333333333,0.0,0.0,0.0,4.434523809523809,0.0,0.625,0.0,28.997519841269842,1.1369047619047619,0.625,1.25,11.146031746031746,3.4375,1.1785714285714286,0.7638888888888888,0.0,1.25,5.122222222222222,0.0,0.6666666666666666,3.2194299470114687,12.877719788045875,0.5,0.0,8.555555555555555,0.0,8.652777777777779,0.0,15.607142857142856,3.6785714285714284,1.9444444444444444,0.0,0.0,0.0,7.7648809523809526,0.0,0.7738095238095237,0.0,0.25,6.8125,0.0,1.6666666666666665,5.0,1.7083333333333333,8.737103174603174,0.5625,10.083333333333332,0.625,1.5
3231.7738298373342,1057.4689399015617,1099.7610583860583,998.0068181818182,962.9765571517119,1143.7930540864363,920.457729788367,954.2496695999993,586.4917610097401,940.2849926876243,658.9223717344158,500.11273670286823,188.92128427128426,321.362081748633,278.14012784601016,574.6797241501189,173.89607952963215,447.7381925550656,210.46583951762523,387.36478536083797,158.02261904761903,481.5216618465568,215.10483127983127,333.36700937950934,749.9215367965368,254.53460197210197,254.404629820071,518.2781445758981,131.8274531024531,107.16256170300288,153.8705252808194,1347.9558867058865,187.92195767195767,166.94610177404294,235.6047983334748,156.49400982615268,93.98928571428571,221.9069483348895,326.3132275132275,185.19325396825397,281.66428359222476,81.2110231271996,63.63140331890332,33.089285714285715,41.61746031746031,82.19801587301588,50.55776621039779,47.30456349206349,38.89612794612795,63.55499533146592,207.6890267140267,127.6765873015873,67.15183982683982,58.791865079365074,33.659126984126985,12.338675213675213,40.887445887445885,59.793055555555554,101.89682539682539,26.880332946186602,43.66288156288156,69.24956247456247,19.81904761904762,26.9587671100829,66.584768009768,27.719444444444445,45.24007936507936,35.95025252525252,76.23376623376623,121.30583953083952,15.555555555555555,86.05361552028218,170.1174297924298,116.55340172987232,12.411758563074352,40.00595238095238,25.888888888888886,28.229931972789114,11.901963776963775,42.99603174603175,103.70119047619048,56.11507936507936,37.511111111111106,22.108333333333334,12.625,9.974025974025974,41.12388167388167,8.654761904761905,53.916666666666664,19.044973544973544,35.922222222222224,14.861111111111112,10.011904761904763,43.36140649616462,31.372222222222224,33.17936507936508,3.7796493219665304,10.805555555555555,32.03097383097383,32.90266955266955,7.75,98.04298941798942,2.5,25.522893772893774,29.629826552998637,50.125,2.7796493219665304,29.75,9.937878787878788,17.367460317460317,2.7796493219665304,11.833333333333332,2.7796493219665304,12.388888888888888,3.2796493219665304,2.7796493219665304,34.13578042328042,21.102607709750565,7.833333333333333,65.78110152374857,20.9019314019314,2.0,5.9944444444444445,3.333333333333333,32.08333333333333,5.0,45.55555555555555,44.32183058408548,15.405555555555555,0.6666666666666666,44.022619047619045,28.708333333333332,18.755555555555553,14.583333333333332,5.514880952380952,38.638888888888886,1.6666666666666665,1.1666666666666665,1.2683982683982684,0.9611528822055138,5.233333333333333,4.059523809523809,8.166666666666666,8.366666666666667,0.4,3.095238095238095,6.567460317460317,3.2837301587301586,16.318720821661998,8.095238095238095,4.375,12.522366522366521,12.583333333333334,10.031746031746032,4.166666666666666,4.166666666666667,9.583333333333332,12.19047619047619,0.9375,35.964285714285715,43.37719298245614,7.7142857142857135,19.023504273504273,50.50396825396825,3.0902777777777777,3.583333333333333,17.662193362193364,7.309523809523808,3.6916666666666664,6.555555555555555,6.944444444444445,3.202380952380952,12.809523809523808,5.0,1.9345238095238095,10.0,67.29603174603174,11.876190476190477,12.777777777777777,0.0,102.47003514503514,20.431623931623932,21.416666666666664,84.74105197634609,2.111111111111111,1.8484848484848484,21.333333333333332,0.22222222222222224,42.888888888888886,33.060693935693934,3.833333333333333,15.723809523809523,11.804761904761904,6.428571428571429,88.17904317904318,0.8472222222222222,0.0,16.833333333333332,3.6507936507936507,13.833333333333332
965.1560849720242,248.51767317649671,228.33576839826839,414.2336052102676,231.37439113174406,242.58748196248195,125.50482301099,211.61462312197605,46.54476213750407,95.11347899176846,75.47716834434101,63.525793650793645,49.19961696799932,65.33255943403002,59.878309802942155,87.61586585928691,88.24974373452633,122.83068783068782,36.20535714285714,60.373318266700615,17.552579365079364,46.625,123.20510226488487,81.8562324929972,130.28968253968253,62.9394149757053,25.5079646230962,70.21356421356421,16.536796536796537,45.73075998075998,81.51933551198256,189.70339105339104,56.93223443223443,32.25185857762584,21.530034235916588,37.829365079365076,28.640904846787198,18.8583850931677,9.184027777777777,102.79166666666666,53.431022408963585,14.944444444444445,1.7857142857142856,51.11607142857142,77.87566137566138,52.56532356532356,9.196969696969697,0.8035714285714286,3.236111111111111,4.313725490196078,7.268037518037517,12.5,57.291964677834244,14.489468864468865,11.261904761904761,2.261904761904762,9.166666666666666,3.1344086021505375,27.41111111111111,29.523809523809522,0.15873015873015872,6.059523809523809,27.25,12.567460317460316,2.083333333333333,7.163978494623656,6.666666666666666,0.4545454545454546,11.0,1.6666666666666665,2.5,7.174991674991675,2.5,5.4034690799396685,12.567460317460316,1.1805555555555556,4.121212121212121,18.126984126984127,8.738095238095237,1.2878787878787878,1.3392857142857142,0.3571428571428571,4.166666666666666,8.755411255411255,0.8465608465608465,2.2222222222222223,9.5,0.0,4.090909090909092,3.038095238095238,2.3484848484848486,1.25,5.625,7.859126984126984,5.904761904761904,0.2857142857142857,0.4794973544973545,1.6666666666666665,156.66369047619048,1.0606060606060606,16.988095238095237,0.0,13.571428571428571,11.183333333333334,4.794973544973545,0.0,0.4794973544973545,13.769034886681945,1.875,5.333333333333333,0.4794973544973545,0.0,0.4794973544973545,1.1111111111111112,0.4794973544973545,0.4794973544973545,2.3269230769230766,0.0,6.666666666666666,3.106060606060606,2.111111111111111,0.3571428571428571,7.7272727272727275,2.5,0.0,1.1111111111111112,0.0,29.051305272842274,0.2857142857142857,3.3134920634920633,0.5555555555555556,0.8333333333333333,0.0,1.25,0.0,28.507936507936506,0.0,0.0,0.0,0.5555555555555556,0.0,2.1215538847117794,0.0,5.0,3.9537037037037033,11.369047619047619,1.5384615384615385,0.7692307692307693,2.1428571428571423,0.0,0.0,6.414141414141414,0.8333333333333333,6.5,0.0,2.7182539682539684,0.8333333333333333,5.93073593073593,16.204184704184705,0.0,0.0,17.82142857142857,2.083333333333333,0.0,0.0,0.7777777777777778,0.7575757575757576,0.625,2.5,0.8333333333333333,23.547378547378546,3.847222222222222,15.388888888888888,7.777777777777778,0.2857142857142857,0.0,22.67156862745098,0.3571428571428571,0.0,2.3484848484848486,0.0,0.3333333333333333,0.6666666666666666,5.9375,0.41666666666666663,0.0,1.25,0.0,3.9999999999999996,19.36111111111111,0.0,0.0,0.0,0.0,0.2857142857142857,0.3125,1.6666666666666665,0.0,0.41666666666666663,0.8333333333333333
276.3421540068509,40.48964434258552,50.72132034632035,130.9512806034545,81.8928470954333,52.263888888888886,24.96002014360648,24.248336912130014,17.98163082437276,26.096613912403384,28.643141804432126,10.75,19.44498556998557,26.564728853521956,46.49295368584161,18.460273279352226,16.711122211122213,50.129389129389125,12.395833333333332,23.020833333333332,7.336309523809524,15.291666666666666,30.332431457431458,20.38095238095238,29.515873015873016,15.155608504398826,11.847250337381917,27.78174603174603,4.393939393939394,3.1818181818181817,12.098901098901099,38.42015392015392,24.624542124542124,30.336426261838554,0.8465608465608465,8.722222222222221,0.7272727272727273,0.8333333333333333,1.40625,16.333333333333332,7.275246305418719,2.5,1.7857142857142856,4.6875,13.75,11.025641025641026,2.5,0.8035714285714286,0.625,2.8232758620689653,1.1111111111111112,1.6666666666666665,11.041666666666666,6.739468864468864,2.5,0.0,1.1111111111111112,0.967741935483871,12.5,8.273809523809524,0.15873015873015872,5.0,0.2857142857142857,2.916666666666667,1.6666666666666665,0.08064516129032258,0.0,0.0,7.5,0.0,2.5,5.889277389277389,2.5,6.319628647214854,2.916666666666667,0.0,0.3333333333333333,11.222222222222221,0.0,0.0,0.625,2.5,2.5,1.6666666666666665,0.8465608465608465,0.0,0.0,1.25,0.0,2.5,0.6818181818181819,1.25,0.625,5.803571428571428,0.5654761904761905,0.0,0.38690476190476186,0.0,34.6875,0.2272727272727273,0.0,0.0,6.666666666666666,2.083333333333333,3.869047619047619,3.333333333333333,0.38690476190476186,1.7878787878787878,1.875,1.9999999999999998,0.38690476190476186,0.0,0.38690476190476186,0.0,0.38690476190476186,0.38690476190476186,0.576923076923077,0.0,0.0,7.2727272727272725,0.0,0.3571428571428571,7.7272727272727275,0.0,0.0,0.0,0.8333333333333333,21.4572192513369,0.0,0.625,0.0,0.0,0.0,0.0,0.0,10.674603174603174,0.0,0.0,0.0,0.0,0.0,0.0,0.0,0.0,1.25,0.8333333333333333,0.0,0.0,2.8095238095238093,0.0,0.0,3.6363636363636367,0.0,0.0,0.0,2.7182539682539684,0.0,0.0,0.2777777777777778,0.0,0.0,16.488095238095237,2.083333333333333,0.0,0.0,0.7777777777777778,0.2272727272727273,0.0,2.5,2.833333333333333,0.0,0.5555555555555556,2.2222222222222223,0.0,0.0,0.0,1.25,0.3571428571428571,0.8333333333333333,0.0,0.0,0.0,0.0,5.0,0.41666666666666663,0.0,1.25,0.0,0.0,1.25,0.0,0.0,0.0,0.0,1.6666666666666665,0.0,0.0,0.0,0.41666666666666663,0.0
3009.174951022115,939.886548493014,1045.8753181285508,1609.9752173162371,996.459614462965,706.1329365079365,457.3762199568651,1001.5671531679332,991.5880808617371,897.2135406016985,784.6578400691303,482.0492424242424,382.59229196729194,365.08344208473517,232.83476465265258,580.6112195552985,374.77569561488997,539.1481904524037,78.70748556998556,836.9899036149036,155.04825474233368,281.07542457542456,160.24120736348996,377.2848850117392,243.58549783549782,89.66210201089233,231.03799526496894,322.5554353054353,159.28210678210678,126.54310966810966,275.75652809348463,3903.209962617779,173.73153720333886,111.50965574974195,143.265305990306,166.05357142857142,71.99772727272727,213.43933747412007,54.9657738095238,148.06830206830207,243.03715106732346,34.01154401154401,42.06150793650794,48.24324286824287,70.57473544973544,28.692307692307693,21.19047619047619,34.047619047619044,7.643939393939394,85.32724411603722,97.68055555555556,170.34541847041845,71.21178791015747,56.83836996336996,47.56349206349206,16.064814814814813,19.83008658008658,74.07732679506873,168.97781159925088,36.46825396825397,33.51010101010101,115.1031746031746,30.13095238095238,25.388227513227513,32.93055555555556,40.25849508914025,57.175070028011206,28.437567062567062,255.65079365079364,108.55176767676767,9.0,17.86005661005661,24.87121212121212,33.652961980548184,22.05952380952381,29.535714285714285,13.166666666666666,29.202380952380953,5.858585858585858,45.54515392015392,237.05357142857142,7.333333333333333,29.82142857142857,22.662037037037035,10.142857142857142,1.75,43.16612554112554,2.0934343434343434,28.486772486772484,29.764285714285712,9.681818181818182,10.208333333333332,4.285714285714286,24.541957238642706,51.12446581196581,18.51190476190476,1.5361304825761803,4.616522366522366,194.59099234099233,24.67207792207792,1.4285714285714284,36.714285714285715,24.75,6.553571428571428,15.361304825761803,41.11111111111111,1.5361304825761803,50.83333333333333,7.430555555555555,5.652777777777778,1.5361304825761803,3.75,1.5361304825761803,12.032828282828282,1.5361304825761803,1.5361304825761803,15.617845117845118,13.333333333333332,13.015873015873016,23.94336219336219,6.166666666666666,6.857142857142857,8.282828282828284,0.0,10.662878787878787,1.2878787878787878,34.55291005291005,15.378787878787879,21.805555555555554,0.7142857142857142,20.666666666666664,26.6656746031746,10.857142857142858,13.797619047619047,11.666666666666666,100.30122655122655,2.083333333333333,0.5,3.0,2.9166666666666665,20.0,16.15079365079365,11.155913978494624,11.715927750410508,3.125,0.2857142857142857,5.0,2.5,10.428571428571427,0.0,34.92261904761905,3.7116355866355866,2.0,3.7878787878787876,12.714285714285714,17.242063492063494,5.714285714285714,3.0555555555555554,4.42739898989899,15.416666666666666,11.119047619047619,24.573879551820728,45.96957671957672,9.88095238095238,0.8333333333333333,1.4444444444444444,18.11111111111111,3.3680555555555554,8.769841269841269,39.80555555555556,0.0,6.30155529953917,25.20622119815668,0.8333333333333334,4.333333333333333,1.0,53.42056277056277,0.0,18.305555555555554,0.0,12.083333333333332,8.305555555555555,0.41666666666666663,27.31060606060606,0.41666666666666663,1.875,3.333333333333333,9.166666666666666,13.464285714285714,22.583333333333332,0.0,10.535714285714285,0.0,1.6666666666666665,2.9166666666666665,0.0,10.512218045112782,7.499999999999999,5.416666666666667,53.775183150183146
193.8965367965368,42.0452380952381,105.06031746031746,47.234722222222224,49.32290764790765,29.815945165945166,30.69191919191919,57.15147487863956,30.21939364399042,53.82222222222222,18.196741854636592,27.437301587301587,6.643001443001443,19.559521482102127,7.666666666666666,28.288095238095238,10.944444444444445,13.735714285714286,45.12316017316017,8.533333333333333,2.1999999999999997,25.156162464985993,13.676190476190476,20.763636363636362,22.174603174603174,39.80382395382395,3.25,2.3659774436090224,8.891666666666667,0.7142857142857142,1.6025974025974026,7.475757575757576,4.722222222222222,3.357142857142857,3.0,0.4,3.198701298701299,2.7666666666666666,7.75,2.35,37.0741341991342,35.04713423831071,4.916666666666666,2.25,0.0,24.304761904761904,15.705263157894738,4.5,7.215151515151515,12.463492063492064,0.5555555555555556,0.75,0.0,6.928571428571429,2.0,1.0,2.8636363636363638,1.3571428571428572,0.0,12.5,5.365079365079366,0.0,0.2,0.0,0.0,0.0,0.6666666666666666,0.525,2.2857142857142856,0.5,2.0833333333333335,0.5357142857142857,0.2857142857142857,0.0,0.0,0.5,0.0,5.2,3.0,0.0,0.0,0.0,0.4,0.4,2.0,1.6406926406926408,6.330952380952381,2.0,4.0,0.0,0.0,0.0,5.0,0.0,0.0,0.0,0.0,0.6666666666666666,6.666666666666666,0.0,0.25,0.8,0.0,0.15384615384615385,0.0,0.0,0.0,0.0,0.4,0.0,0.0,0.0,0.0,0.0,0.0,0.0,2.15,0.0,0.0,2.5,2.5,0.0,4.0777777777777775,0.0,0.0,0.0,1.2222222222222223,4.083333333333333,0.3888888888888889,0.0,1.3857142857142857,1.6666666666666667,1.5333333333333332,0.0,0.0,0.0,3.3333333333333335,0.0,1.2683982683982684,0.2857142857142857,0.0,1.726190476190476,0.0,0.0,0.4,0.0,0.0,0.0,2.8857142857142857,3.333333333333333,0.0,2.997835497835498,0.0,0.22222222222222224,0.0,0.0,0.0,0.0,0.0,0.0,0.0,0.0,0.0,0.0,0.0,0.0,0.13333333333333333,0.0,2.0,0.0,0.0,0.0,0.0,0.0,0.0,0.0,0.0,0.3333333333333333,2.5,0.0,2.5,1.2252747252747251,0.0,0.9523809523809523,1.0,0.18181818181818182,0.0,0.22222222222222224,5.0,0.0,0.0,0.0,0.0,0.0,0.0,0.22222222222222224,0.0,0.0,0.0,0.0
3541.2867574303514,513.3364560276325,948.8138610201165,800.0835893186456,776.4349663296604,730.7252121539861,984.2946895530936,743.5862468412852,331.91973022341176,511.79641114246374,342.8190415987596,800.2919618741047,512.1454332360679,224.12274713304123,160.62878787878788,397.59241534970266,837.3183697336681,421.2392796582004,1017.1205702976615,257.52308001514103,100.74290616790617,219.0240637845127,258.4854447800876,355.6259350709981,652.2267217570788,317.8611839649883,246.51297902160906,285.2959138771445,217.3405383893221,116.1084243242138,79.08913488472312,515.4766152506478,121.95519658005355,89.88542938542939,28.0297619047619,62.9472101972102,119.05378736760315,110.05330020856336,134.72343172700315,40.895117845117845,619.9805202733774,42.2200400362165,98.20797894915542,177.885316997817,138.28102915179574,262.8974619677944,409.6150328507471,176.88811790061789,199.67030942203576,88.35548928195986,40.236154335778394,74.49284915577485,161.3211530672057,72.37821484071483,32.83276353276353,39.349386724386726,4.690476190476191,18.297283321714605,9.028693528693529,18.793650793650794,76.40937463883688,53.854645850203795,64.65902569652569,29.63220570279394,72.73430735930735,58.3975293110742,115.56545075295075,105.03319370861664,29.031084656084655,26.17195767195767,81.5352170977171,21.425252525252525,48.3807107924755,44.089133089133085,29.63220570279394,48.75824175824176,64.50824915824916,109.68273610920669,11.868253968253967,13.636363636363635,15.703463203463203,4.907298006922067,47.80700371057514,11.166666666666666,17.174603174603174,38.782812612224376,70.22540041657689,15.192592592592591,33.9054834054834,20.844801397432978,49.62164502164502,7.49969474969475,12.2997668997669,18.3804607954396,20.673835559864973,51.3296805046805,1.1049441679035392,46.32492848282322,12.248799519807923,28.073717948717945,11.583784271284271,6.018903318903319,11.596560846560847,7.999206349206349,11.194369215267276,7.289089994972348,1.1049441679035392,147.00858631467395,15.518518518518517,136.63939677814693,1.1049441679035392,7.396011396011396,1.1049441679035392,32.10131535131535,1.1049441679035392,1.1049441679035392,62.671710207004324,8.110907610907612,111.88214285714285,21.441162881952355,84.52743090243091,34.28693659281895,135.01879569232509,4.419642857142857,13.54553268369058,11.10526048026048,64.3488455988456,41.74840993745168,8.374756335282651,7.505926237505185,8.971537721537722,63.85846424817013,48.8161185693155,18.229853479853478,10.513157894736842,42.690879382055854,13.880411255411255,1.7777777777777777,33.62837902837903,12.036086136086135,11.11111111111111,5.612530099759201,14.815562456866804,91.55072751322751,14.606421356421356,14.583333333333332,17.436507936507937,7.111111111111111,15.309523809523808,4.476190476190476,2.276190476190476,0.32738095238095233,24.16883116883117,4.968428396999825,3.5347222222222223,4.766214177978884,4.536686896981014,0.15873015873015872,59.8880772005772,4.09006734006734,12.99053724053724,4.258612216816551,0.0,51.129372382003965,1.5122895622895622,8.253968253968253,1.12012987012987,10.642857142857142,5.693362193362193,26.327645502645503,3.0014430014430014,8.44874719484694,33.79498877938776,35.26874225991873,8.702380952380953,12.565397565397564,7.286023500309215,17.167573696145123,63.346505346505346,6.17063492063492,7.585164835164835,4.066666666666666,37.44372775916894,16.12950937950938,13.515873015873014,4.138888888888888,5.989010989010988,14.777777777777777,17.53333333333333,19.048340548340548,4.469696969696969,2.8571428571428568,1.525252525252525,1.3333333333333333,0.0,4.166666666666666,10.620948495948495,9.333333333333334,1.6666666666666665,0.6666666666666666
2627.196246627077,589.1818397346261,1635.9394692450976,852.5801910119247,148.20904053929263,68.16203606048808,115.65766898266898,457.83951140181114,158.74606439312322,70.04692298442298,105.1089220233957,281.794234318886,97.31378343878343,99.06841891052417,84.4190476126975,21.488725355104663,234.27022578262074,136.60800652844264,75.37927812927813,12.524087024087024,13.09054834054834,20.2741341991342,30.883837602026457,217.67970085470085,22.483730158730157,39.81634199134199,43.58951545530493,13.35479797979798,9.613428238428238,29.545454545454547,31.8015873015873,296.83295689892134,91.73935786435786,62.71320346320346,56.46654230939221,72.64213564213564,31.417216117216118,1.7666666666666666,1.9000000000000001,6.666666666666666,7.3040404040404034,10.523809523809524,4.37965367965368,3.1547619047619047,2.6666666666666665,0.75,0.16666666666666666,3.311111111111111,5.253968253968254,9.805555555555555,122.92384687208217,16.666666666666668,16.915104829810712,1.1103174603174604,1.25,18.201952636735246,10.0,3.75,18.005555555555556,33.049786324786325,0.20833333333333331,3.333333333333333,0.0,6.520238095238095,5.150980392156863,23.257264957264958,3.9005439005439007,0.2777777777777778,0.16666666666666666,3.9215686274509802,0.0,11.772005772005771,1.8253968253968254,8.141691641691642,3.425,0.20050125313283207,7.499999999999999,12.041666666666666,1.4835164835164836,1.3986928104575163,7.142857142857142,0.13333333333333333,0.0,7.443833943833944,0.0,1.4285714285714284,0.8333333333333333,0.5,2.855218855218855,0.0,0.41666666666666663,0.0,0.0,5.426195426195426,10.0,2.7976190476190474,0.36174636174636177,0.0,686.4395268410715,3.0555555555555554,0.0,1.0277777777777777,1.1111111111111112,0.0,3.617463617463618,0.0,0.36174636174636177,2.9354256854256855,0.0,1.1111111111111112,0.36174636174636177,1.2794612794612794,0.36174636174636177,1.1704545454545454,0.36174636174636177,0.36174636174636177,4.166666666666666,30.0,10.0,1.2,0.5,10.0,0.0,0.0,0.3356643356643357,0.0,2.833333333333333,9.975579975579976,2.5,0.0,1.8285714285714283,1.1574074074074074,0.0,0.2857142857142857,3.2948717948717947,30.71890331890332,0.0,0.0,0.0,0.3333333333333333,5.0,0.0,7.841269841269841,1.4285714285714284,0.0,0.0,0.0,0.0,0.5555555555555556,0.0,0.0,4.311688311688312,0.7142857142857142,0.0,0.0,4.705627705627705,5.0,0.0,0.0,0.0,0.0,5.373376623376624,9.743589743589745,0.0,0.0,0.0,0.0,5.555555555555555,0.0,10.0,0.22222222222222224,0.0,0.0,0.5076923076923077,5.7142857142857135,0.0,265.4728777271347,0.0,3.333333333333333,0.0,0.0,1.550140056022409,0.3333333333333333,17.341269841269842,0.0,0.41666666666666663,2.2564102564102564,0.0,102.80595238095238,0.0,0.0,0.0,0.0,7.833333333333332,0.7142857142857142,0.0,0.0,3.333333333333333,0.0,0.0
1141.099720770648,196.6955955938249,245.09130880119284,275.69854880402164,196.58890204306164,150.855061039696,38.125,241.47970884338588,199.03755528404898,22.359649122807017,51.023994914984904,36.47273243948436,14.494994438264738,33.833333333333336,27.218995707424877,0.0,291.3440148024994,54.04349951124144,2.5,0.625,11.59274193548387,0.3225806451612903,4.328722002635046,55.9220725658676,28.666666666666668,11.732142857142856,7.708333333333333,20.758034995907995,5.416666666666667,1.8333333333333333,18.82258064516129,69.63945328864683,86.09350298823983,0.0,10.555555555555555,70.73809523809524,2.6666666666666665,2.6785714285714284,0.0,5.666666666666666,0.09615384615384616,0.0,0.0,0.0,1.6666666666666665,0.0,10.0,4.5,0.0,20.651602429828234,2.001152073732719,0.0,0.0,0.0,0.0,0.0,2.0,7.5,10.75,0.811965811965812,0.0,0.9090909090909092,34.230769230769226,2.1428571428571423,0.0,2.0,0.0,0.0,0.0,0.0,0.0,2.1428571428571423,3.8888888888888884,13.333333333333332,2.1428571428571423,0.0,5.0,16.27777777777778,0.0,0.0,6.363636363636364,0.0,0.0,0.2777777777777778,0.0,0.37037037037037035,0.0,0.0,0.0,0.0,0.0,0.0,0.0,15.809232480533927,10.0,0.0,1.0539488320355952,0.0,146.530187069222,0.0,0.0,0.0,0.0,0.0,10.53948832035595,0.0,1.0539488320355952,23.08246139825087,0.0,0.0,1.0539488320355952,0.0,1.0539488320355952,0.0,1.0539488320355952,1.0539488320355952,0.5555555555555556,5.0,10.0,0.0,15.0,0.0,0.0,0.0,1.25,0.0,5.0,0.0,0.0,0.0,0.0,0.0,0.0,10.0,0.0,10.277777777777779,0.0,0.0,0.0,0.0,0.0,0.0,0.0,0.0,0.0,0.0,1.0,0.5,0.0,0.0,0.0,0.0,2.6785714285714284,0.0,0.0,0.0,0.0,0.0,0.0,0.0,0.8333333333333333,0.0,6.6077694235588975,0.0,0.0,0.0,0.0,0.0,0.0,0.0,0.0,0.4545454545454546,1.8181818181818183,2.5,0.0,0.0,3.3333333333333335,0.0,0.0,0.0,0.0,1.0,0.0,0.0,0.0,0.0,0.0,0.0,14.566726377071204,0.0,0.0,0.0,0.0,0.0,0.0,0.0,0.0,0.0,0.0,0.0
1096.9978219607476,186.82262971233558,409.54083307273476,189.8190945191719,140.1525604025604,99.5021645021645,102.28371628371627,218.24301571321695,62.361903934272355,59.68518518518518,73.11654005036358,58.480359917859914,66.5723858256753,90.03595162147793,20.405423280423282,95.4520757020757,25.11813186813187,114.93109205609206,48.60027472527472,35.754273504273506,27.622354497354497,75.68510193510193,51.41128316128316,112.28126271876272,36.3947163947164,41.714056776556774,72.45937627187627,83.73214285714285,26.57142857142857,43.217843925080764,3.75,82.65692759539509,33.05357142857143,0.8095238095238095,19.43253968253968,44.241642616642615,28.630901505901505,13.479853479853478,1.3255633255633255,9.88888888888889,44.42424242424242,8.360042735042734,33.0,8.271901709401709,4.863636363636363,4.501831501831502,9.186762311762312,64.27651515151516,33.43635531135531,15.219696969696969,8.95472582972583,20.762175324675326,15.5124635712871,8.428571428571429,2.25,4.739285714285714,6.3392857142857135,1.0,9.992424242424242,21.761363636363637,14.617169595110772,2.1825396825396823,0.41666666666666663,6.551587301587301,2.0,8.5,6.58080808080808,0.0,14.055555555555555,3.0555555555555554,26.583333333333332,1.4166666666666667,9.958333333333334,10.74074074074074,4.218253968253968,11.479166666666666,4.045833333333333,3.353174603174603,3.4166666666666665,6.8809523809523805,0.0,0.0,0.0,6.805555555555555,0.0,2.2756410256410255,2.5,1.1363636363636365,1.6666666666666665,0.9722222222222222,0.0,0.6818181818181819,0.0,5.507764509312497,15.367063492063492,0.0,0.3354382688748014,0.0,30.962830212443215,4.0,0.0,1.3888888888888888,0.0,0.0,3.3543826887480135,1.8253968253968254,0.3354382688748014,5.777777777777777,0.0,3.333333333333333,0.3354382688748014,0.8333333333333333,0.3354382688748014,4.383116883116883,0.3354382688748014,0.3354382688748014,15.703703703703702,7.333333333333334,2.9404761904761902,0.43040293040293043,7.107142857142857,0.0,0.0,0.0,40.83333333333333,0.0,40.11309523809524,0.0,15.131578947368421,1.625,0.0,0.8333333333333333,0.0,4.722222222222222,0.0,14.692460317460316,5.333333333333333,0.6944444444444444,12.786706349206348,0.0,0.41666666666666663,0.0,3.761904761904762,9.12202380952381,0.5,0.0,1.2142857142857142,0.6071428571428571,0.625,0.41666666666666663,0.0,1.0526315789473684,10.416666666666666,6.0,0.0,0.2777777777777778,0.0,21.339285714285715,0.8333333333333333,0.0,5.0,3.1944444444444446,4.201388888888889,3.1944444444444446,1.952380952380952,1.75,4.732142857142857,0.0,0.0,2.5,1.6666666666666665,0.3571428571428571,1.4285714285714284,5.625,1.5277777777777777,0.0,94.66666666666667,0.0,0.0,0.0,34.76587301587301,0.0,0.41666666666666663,14.404761904761903,4.166666666666666,0.3571428571428571,9.595864661654135,1.0714285714285712,11.555555555555555,6.163165266106442,0.0,3.9265364265364266,0.0,0.625,0.7407407407407407,0.5555555555555556,2.9714912280701755,0.0,0.9821428571428571,0.0
3769.8475348725347,550.7259615384615,1170.638888888889,1035.122113997114,1281.4970238095239,1136.2390873015872,1316.9981823731823,1876.505248917749,693.4633838383838,1315.172619047619,993.8178418803419,823.2136752136752,503.59769397269395,1953.5370573870573,477.28846153846155,441.75126262626264,65.56746031746032,413.3701923076923,269.031746031746,291.8324314574314,126.375,132.9457671957672,319.1666666666667,268.5,142.67857142857142,499.56944444444446,162.43353174603175,303.22222222222223,224.40079365079364,203.44444444444443,242.5,244.75892857142856,552.160409035409,107.70833333333333,122.83333333333333,118.75,172.41071428571428,186.11607142857142,688.7202380952381,430.9791666666667,108.08417508417509,101.89393939393939,58.75,121.45171957671957,634.5138888888889,37.61111111111111,8.75,173.47222222222223,62.166666666666664,514.6215034965035,34.5,89.01388888888889,360.46338383838383,45.25,101.91666666666666,8.166666666666666,27.333333333333332,222.29166666666666,3.125,8.333333333333332,541.1361111111111,94.30555555555556,45.74107142857143,37.75,44.583333333333336,16.875,351.6025641025641,158.66666666666666,58.666666666666664,45.416666666666664,10.48611111111111,5.357142857142857,34.208333333333336,24.166666666666664,16.083333333333332,162.08928571428572,38.75,160.08333333333334,48.33333333333333,69.06565656565657,141.66666666666666,101.19949494949495,77.22222222222221,55.83333333333333,157.3642857142857,104.51923076923077,33.875,35.833333333333336,86.18055555555556,7.291666666666666,162.20833333333331,163.33333333333334,24.166666666666664,6.401209677419355,5.5,46.25,0.426747311827957,36.111111111111114,0.5,76.45833333333333,37.0,642.1736111111111,73.5,50.0,4.26747311827957,69.7202380952381,0.426747311827957,11.458333333333334,33.333333333333336,92.134324009324,0.426747311827957,33.833333333333336,0.426747311827957,34.375,0.426747311827957,0.426747311827957,17.833333333333332,9.166666666666666,45.166666666666664,0.0,7.5,3.333333333333333,6.0,25.0,12.5,37.5,24.166666666666668,23.618881118881117,77.91666666666667,25.192307692307693,18.22222222222222,5.416666666666666,86.53015873015873,13.444444444444445,30.833333333333332,0.0,16.041666666666664,10.0,0.0,38.33333333333333,7.0,42.18181818181818,5.0,1.25,2.5,16.25,4.583333333333333,2.2916666666666665,0.0,26.833333333333332,124.58333333333333,0.0,120.33333333333333,10.416666666666666,0.787037037037037,11.875,77.33333333333333,29.166666666666664,5.0,17.083333333333332,2.083333333333333,0.0,5.625,23.625,2.5,45.0,7.5,2.833333333333333,45.27777777777778,15.625,5.0,0.3125,1.25,0.0,0.0,13.333333333333332,1.0714285714285712,10.555555555555555,0.0,2.5,12.5,0.0,14.982142857142856,0.625,1.5,5.0,0.0,6.458333333333333,0.0,0.0,0.0,0.0,11.11111111111111,23.0,2.0,10.0,5.0,3.333333333333333,1.25,10.0
1178.5337301587301,160.04861111111111,457.0833333333333,365.43145743145743,218.18739177489178,504.51428571428573,208.05555555555554,527.936507936508,371.36607142857144,176.625,262.03046218487395,223.70734126984127,90.02777777777777,201.85714285714286,103.0,101.38888888888889,62.18478260869565,45.6625,65.78472222222223,86.31547619047619,25.714285714285715,55.36111111111111,51.0,87.30555555555556,130.16666666666666,235.80238095238096,27.916666666666664,72.36111111111111,47.833333333333336,24.77777777777778,16.59722222222222,490.1778976742212,96.60833333333333,35.625,13.645833333333334,22.083333333333332,7.916666666666666,16.833333333333332,35.257936507936506,65.06666666666666,51.060457516339866,32.229166666666664,49.388888888888886,121.94444444444444,85.625,21.48611111111111,10.833333333333334,19.166666666666664,7.5,27.106617647058822,28.5,14.0,38.958333333333336,31.666666666666664,2.0,89.90079365079364,7.5,65.64583333333333,0.0,10.0,48.666666666666664,30.91269841269841,36.666666666666664,0.0,24.791666666666664,0.0,40.27777777777778,9.0,19.22222222222222,4.958333333333333,6.25,10.25,1.8154761904761902,3.333333333333333,0.0,0.0,0.0,0.0,27.291666666666664,16.666666666666664,5.833333333333333,30.0,11.666666666666666,3.75,14.291666666666666,20.0,0.0,8.333333333333332,11.65,5.0,59.666666666666664,4.9,11.666666666666666,43.75170962813278,14.999999999999998,6.15,2.9167806418755187,5.0,5.0,4.166666666666666,5.0,141.625,52.5,0.5,29.167806418755184,17.916666666666664,2.9167806418755187,3.25,0.0,1.6666666666666665,2.9167806418755187,14.166666666666666,2.9167806418755187,1.6666666666666665,2.9167806418755187,2.9167806418755187,0.0,0.6666666666666666,0.0,0.43478260869565216,0.0,3.3333333333333335,0.0,14.0,6.666666666666666,2.5,0.0,5.0,8.333333333333332,0.6666666666666666,7.888888888888888,11.041666666666666,7.5,0.0,3.333333333333333,8.055555555555555,4.166666666666666,0.0,1.3333333333333333,9.333333333333332,0.0,5.416666666666667,0.0,0.0,1.0,0.0,5.166666666666666,2.583333333333333,0.0,5.0,17.916666666666664,0.0,6.833333333333334,0.0,0.0,5.0,0.8333333333333333,10.0,0.0,41.666666666666664,0.3333333333333333,0.0,2.4,2.5,0.3125,0.0,0.0,0.0,1.1111111111111112,5.0,0.0,0.5,2.0,0.0,2.5,0.0,7.166666666666666,1.25,0.0,0.0,11.333333333333332,0.0,6.25,1.25,0.0,5.0,0.0,0.0,0.0,0.0,2.5,6.413043478260869,5.0,18.333333333333332,0.625,0.625,1.25,4.833333333333333,0.0,16.666666666666668
1839.7148927461426,28.353556166056165,578.1631077256077,440.3837962962963,519.9845769970769,712.9772597772597,1472.8489387926888,432.59415121915123,150.20032745032745,784.8482142857142,142.13690476190476,902.506043956044,510.03607503607503,53.67564102564103,199.89402958152957,66.33048433048432,41.916666666666664,272.4171115921116,1196.067353942354,855.3226578976579,112.2276056302372,498.3934790155378,269.82323232323233,1018.3077330764637,415.7547591297591,82.94934640522875,466.26210317460317,841.7906894031894,278.076635705912,250.51642616642616,77.70750265816055,30.078754578754577,3.6785714285714284,134.8452380952381,46.62301587301587,17.238095238095237,94.14087301587301,125.91432733932733,793.7989898989898,28.431547619047617,2103.4549593924594,126.90827922077922,78.3278846153846,24.628400765900764,20.583333333333332,342.23353174603176,1819.1400372775372,943.4337349054454,88.19888167388167,4.7407407407407405,28.476190476190474,62.609487734487736,54.513888888888886,147.43500943500942,5.666666666666666,29.166666666666664,1.7142857142857142,95.89682539682539,1.5833333333333333,26.876068376068375,305.3706626706627,337.2628968253968,116.14285714285714,1.7857142857142856,295.13530219780216,20.608974358974358,109.68227513227514,168.09871933621935,58.88726551226551,115.37233414733414,472.8118867243867,19.936507936507937,166.43055555555554,17.983333333333334,1.7857142857142856,3.333333333333333,8.083333333333332,202.25362554112553,11.962148962148962,461.9514790764791,143.69781746031745,16.083333333333332,28.777777777777775,1.6666666666666665,15.63095238095238,72.80310634354751,18.379960317460316,2.083333333333333,11.09375,280.89880605505607,70.52559523809524,34.613095238095234,61.538215488215485,5.556609740670462,71.30436507936508,31.03044733044733,0.2593295382669197,100.98989723726565,0.0,27.458333333333332,78.34264346764347,0.0,0.5,50.09920634920635,2.593295382669197,10.472222222222221,0.2593295382669197,0.3333333333333333,14.987301587301587,34.52380952380952,0.2593295382669197,44.279329004329,0.2593295382669197,2.0446428571428568,0.2593295382669197,0.2593295382669197,3.822222222222222,2.0912698412698414,726.7287504162504,14.395238095238096,87.71957671957672,7.972222222222222,117.63369408369408,0.0,16.696208031734347,30.980820105820104,18.424603174603174,19.990079365079364,33.96230158730159,32.00714285714285,0.6666666666666666,2.9166666666666665,70.78456959706959,25.798941798941797,182.68454184704183,0.0,51.69047619047619,5.472222222222222,301.3843837535014,75.37619047619047,30.416666666666664,2.182539682539683,91.43452380952381,16.53095238095238,18.73333333333333,41.90097402597402,3.4444444444444446,1.7222222222222223,0.0,16.95364357864358,11.666666666666666,2.0,28.083333333333332,10.0,21.77612433862434,1.1666666666666665,1.6666666666666665,0.0,2.625,19.997619047619047,4.25,0.0,2.5,4.25,2.256944444444444,4.708333333333333,0.0,3.361111111111111,15.166666666666668,0.0,20.769230769230766,0.0,0.0,5.277777777777778,0.0,58.266468253968256,0.0,24.96428571428571,16.048566017316016,0.0,0.0,0.0,0.9821428571428571,0.0,3.333333333333333,15.094444444444445,0.0,1.6666666666666665,0.0,0.0,7.222222222222222,11.69047619047619,4.947222222222223,7.536219336219336,1.8055555555555556,9.25,0.0,17.544047619047618,0.0,0.0
148.56078643578644,7.7272727272727275,90.49433106575964,30.59722222222222,122.06428571428572,47.68055555555556,12.477272727272727,45.95833333333333,4.833333333333333,36.875,8.869047619047619,26.791666666666668,5.416666666666666,38.51785714285714,6.875,13.447619047619046,5.972222222222222,12.343434343434343,25.547619047619047,10.125,11.958333333333332,23.705357142857142,3.333333333333333,9.555555555555555,92.25,7.821428571428571,14.25,8.011904761904761,10.0,0.2040816326530612,2.5,9.761904761904761,18.055555555555557,1.625,1.0,7.875,2.6666666666666665,0.5,1.380952380952381,38.888888888888886,3.333333333333333,10.714285714285714,0.0,3.87012987012987,14.69047619047619,32.625,5.583333333333333,3.6111111111111107,0.8333333333333333,7.5,1.25,0.0,0.0,0.0,0.625,12.5,5.0,0.0,2.2222222222222223,2.5,2.5,0.0,32.77777777777778,30.93181818181818,0.0,5.0,0.0,0.0,0.0,0.0,0.41666666666666663,0.625,0.0,1.6666666666666665,30.93181818181818,1.5476190476190474,0.0,55.49404761904762,3.9999999999999996,0.0,0.0,1.875,1.3068181818181819,0.0,0.0,0.0,5.0,0.0,0.0,0.0,0.0,2.5,1.0378787878787878,4.838709677419355,0.0,0.0,0.3225806451612903,0.0,0.0,0.0,0.0,0.0,0.0,0.0,3.225806451612903,0.0,0.3225806451612903,0.0,0.0,7.5,0.3225806451612903,5.166666666666666,0.3225806451612903,0.5555555555555556,0.3225806451612903,0.3225806451612903,0.0,2.25,0.0,0.0,0.0,0.0,0.0,0.0,0.0,0.0,4.0625,0.0,0.0,0.0,1.0,10.0,2.5,0.0,0.0,0.0,0.0,0.2272727272727273,1.6666666666666665,1.1111111111111112,0.0,0.0,0.0,0.0,0.0,0.0,0.0,0.0,0.0,0.0,0.0,0.0,0.0,0.0,0.0,0.0,0.0,0.0,1.4285714285714284,0.8333333333333333,1.0,0.0,0.0,0.0,0.0,0.0,0.0,0.0,0.0,0.0,0.0,1.75,7.0,0.0,0.0,1.0,0.0,1.3333333333333333,4.0,0.0,0.4545454545454546,0.0,0.0,0.0,0.0,0.0,0.0,0.0,0.0,14.166666666666666,0.0,0.0,0.0,0.0,3.333333333333333,0.0,0.0,0.0,0.625,5.0
291.4002278423331,31.340548340548338,144.80087868480726,169.40343915343914,163.8111111111111,55.007936507936506,38.13095238095238,149.35231829573934,47.82675438596491,55.620512820512815,40.50647451963241,71.88888888888889,26.38888888888889,92.87959956709956,34.75365497076023,84.76587301587301,19.083333333333332,131.57738095238093,16.694677871148457,21.48674136321195,22.35780423280423,45.01289682539682,60.159126984126985,117.23412698412697,75.99325396825397,54.29365079365079,15.428571428571427,48.50238095238095,20.51111111111111,18.70408163265306,7.666666666666666,17.92063492063492,58.23412698412698,12.138888888888888,23.095238095238095,28.69642857142857,21.833333333333332,17.38888888888889,21.900072150072152,79.13756613756614,15.721296296296297,30.642857142857142,8.333333333333332,51.84444444444444,112.19444444444444,78.47222222222221,25.57142857142857,52.53174603174603,12.222222222222221,21.51111111111111,0.0,5.142857142857142,9.369047619047619,4.444444444444445,41.482142857142854,0.0,11.5,0.5,75.13888888888889,0.0,0.0,13.666666666666666,0.0,2.3015873015873014,1.6666666666666667,7.222222222222221,8.75,6.666666666666666,0.0,0.0,3.9999999999999996,0.34226190476190477,0.0,0.0,1.9444444444444444,0.0,17.399267399267398,20.833333333333332,5.624007936507937,0.0,0.5,0.0,3.333333333333333,0.0,0.0,0.0,0.41666666666666663,11.222222222222221,0.0,0.0,0.5555555555555556,0.0,4.375,1.5151515151515154,1.8125,3.333333333333333,0.10101010101010102,0.0,0.0,0.0,3.283333333333333,10.0,4.5,2.857142857142857,1.0101010101010102,4.333333333333333,0.10101010101010102,0.0,0.37037037037037035,1.6666666666666665,0.10101010101010102,1.8650793650793651,0.10101010101010102,0.0,0.10101010101010102,0.10101010101010102,0.0,1.6666666666666665,3.333333333333333,0.0,0.0,10.25,3.333333333333333,11.25,0.0,0.0,0.6666666666666666,1.25,0.0,0.0,0.0,0.0,0.0,2.6666666666666665,2.7777777777777777,4.33939393939394,0.0,0.2564102564102564,0.6666666666666666,3.4722222222222223,3.75,0.6666666666666666,0.0,0.0,0.0,4.7333333333333325,4.222222222222222,2.111111111111111,0.0,0.41666666666666663,0.0,0.0,0.0,0.0,0.8333333333333333,0.0,0.0,0.0,7.055555555555555,1.0,0.0,1.6666666666666665,0.5,0.0,0.0,0.0,0.6666666666666666,0.0,1.0416666666666665,0.0,3.333333333333333,0.4411764705882353,1.7647058823529411,0.0,0.0,0.8333333333333333,0.0,4.666666666666666,5.0,12.222222222222221,0.0,0.8333333333333333,0.0,6.25,0.6666666666666666,0.0,0.0,0.0,0.0,0.0,11.25,0.0,1.1111111111111112,2.5,0.0,1.1111111111111112,1.6666666666666665,0.0,0.0,0.0
5882.720453895347,1478.617990579782,820.0249735076058,2073.92261518141,433.5634880492819,401.9976329081933,692.7645294152647,1195.3169885928276,625.6776289218275,230.07090697617747,511.2963051320713,715.5535259463131,294.01476239786274,183.71762536948174,192.4188109505447,120.79179169520545,264.5528064673121,442.00706548615045,238.61124836778862,173.89220760176642,78.81708936829074,216.38437615589316,298.6219642439058,320.08047685601866,121.67007840693891,223.56205548899047,140.4466893517447,191.48494328530336,62.09935730229848,73.53651055257092,87.4938282441959,2201.7363288709075,236.28477552370404,48.349653914309314,64.62709339594015,119.28132211355896,78.89907086040125,74.57610279154396,50.26624683509358,9.909307359307359,94.15851694178353,11.668616106116104,87.46693696453758,25.151023391812863,9.421652421652421,23.653966458378225,34.18282454022586,52.7292530182236,47.73209475709476,114.32706117405989,202.91153110613942,47.87959984272371,195.82226621564098,41.41246161246161,7.206039331039332,70.63286894265156,13.104682898800545,7.62570368228263,31.768269883711056,48.56456151061414,36.389403488668194,13.875040468790468,15.689529914529913,50.07182329084725,29.54985428801218,62.88774926054338,12.15521978021978,27.5853428978429,5.585525585525586,3.607142857142857,14.962454212454212,32.140761102717626,5.942209832651009,26.075037404239087,48.57182329084725,30.55723340986499,34.79219552589118,42.658457040035984,2.852380952380952,4.184615384615385,7.065262515262515,2.373611111111111,1.6340852130325814,7.112103174603174,12.242929292929293,5.436507936507937,17.01748032669085,1.425438596491228,33.76369810386838,5.347222222222221,6.916666666666666,2.3186998186998187,0.2272727272727273,19.892137503287376,8.21610515088776,16.96233164983165,1.130687954764613,9.607619232619232,199.64169360124987,3.0448717948717947,1.290151515151515,1.25,0.2777777777777778,1.3862433862433863,11.306879547646128,1.0238095238095237,1.130687954764613,24.325420875420875,0.7948179271708683,6.2564935064935066,1.130687954764613,0.7142857142857142,1.130687954764613,15.762845849802371,1.4084657325423906,1.130687954764613,1.1302521008403361,27.034090909090907,16.083771656022297,13.581466959253337,13.39616402116402,8.25,1.8611111111111112,0.0,7.8975924402394995,3.164141414141414,4.681818181818182,5.341077051603367,11.326115770194717,2.8130656108597285,1.875,11.336237801872477,4.913919413919414,12.71031746031746,14.002425227850924,110.75242993561959,8.88888888888889,5.725573038073038,1.9444444444444444,0.6363636363636364,9.5625,1.2857142857142856,9.222582972582973,27.783868908868907,1.4215686274509804,3.122004357298475,3.4064327485380117,1.7032163742690059,34.62268888662077,2.2891414141414144,0.7142857142857142,14.505144425577862,6.666666666666666,8.793498168498168,0.6953463203463204,14.938475364791154,8.28589466089466,5.166666666666666,0.0,2.669071669071669,3.430555555555556,5.004746082377661,10.223905723905725,5.0436507936507935,0.7916666666666666,0.0,4.168622848200313,5.198412698412698,0.0,1.1710858585858586,1.0427350427350426,0.3333333333333333,1.3333333333333333,30.943382413080553,17.038144861674272,12.961414803520066,54.478608594707666,0.2777777777777778,9.31319375069375,0.0,2.17608428347865,14.533405192420537,5.517857142857142,16.18452380952381,0.0,0.16666666666666666,40.66711899211899,2.561050061050061,86.46520419444649,5.361111111111112,1.0,10.461827646038172,0.0,0.23809523809523808,2.1666666666666665,0.8333333333333333,1.7428571428571427,0.0,1.3888888888888888,4.644444444444444
4840.749901186367,1713.9964186989685,776.5261352484237,1420.8153634384184,304.6563155153921,310.5036907155938,400.82237194826206,959.7754423557544,703.3733790315675,172.6682853739235,438.78553148031307,653.1561085731604,183.80788315238058,141.966107836991,131.612009949166,77.55003958766386,276.94842175694,274.1335573507455,106.87551962197776,57.18358955858956,29.877859658895126,139.18257622007621,198.40844301567864,222.59276203672488,82.34425566944822,149.56423359778623,89.63548659895913,135.4473051544259,51.48028999867235,52.27022116394845,77.45604218765983,1769.5992731312576,226.25075963195158,30.751295853269536,66.1786276460038,106.766441161178,59.93930372694991,56.25042106586224,22.352068764568763,5.476190476190476,37.86736596736597,7.17032967032967,61.253819002348415,12.26077694235589,11.088319088319087,11.097222222222221,7.624675671550671,36.75384199134199,51.50775613275613,111.56118711383098,149.7784425171685,23.38046559490525,92.34271169464836,16.936884411884414,4.309704184704184,50.54358322836583,3.3241758241758244,3.717359575409111,24.891935107376284,36.625764196816824,25.59796916046916,7.191033041033041,19.65277777777778,42.44483916386312,17.49657842157842,56.91552373065531,4.488553113553113,20.251197876197878,9.634670884670884,4.166666666666666,3.7660256410256414,19.489397076353598,3.9230859010270773,20.306528788671645,38.68293440195836,4.783834586466165,11.875,29.97790148448043,0.0,1.82532500179559,5.3247863247863245,1.3431915306915307,0.8851674641148325,9.889880952380953,4.666666666666666,1.7063492063492063,16.678868645973907,1.4767206477732793,19.829692695791767,2.984126984126984,1.865079365079365,1.3888888888888888,0.0,3.256037727868714,5.363835725677831,11.268608706108706,0.21706918185791424,5.268874643874644,321.1098917773428,1.8942307692307692,0.5654761904761905,0.25,0.0,0.0,2.1706918185791424,0.0,0.21706918185791424,16.769901394901396,0.5,6.587301587301587,0.21706918185791424,0.0,0.21706918185791424,8.054512516469037,0.21706918185791424,0.21706918185791424,10.0,17.172619047619047,17.644158981115503,13.163699784907216,8.178571428571427,0.0,0.0,0.0,5.940181142387025,2.75,2.6818181818181817,9.975579975579976,7.824862637362637,1.9375,0.9375,4.456996434937611,4.166666666666666,6.744047619047619,4.677916038210156,235.56216187035153,4.305555555555555,3.5336538461538463,1.25,0.9583333333333333,6.5625,0.0,13.288660413660413,16.845238095238095,1.7549019607843137,2.0,0.0,0.0,27.083889966242907,1.9861111111111112,0.0,12.766972793288582,0.7142857142857142,4.562728937728938,2.2985347985347984,14.037665063980853,9.290778665778666,0.10869565217391304,0.0,2.571428571428571,0.5277777777777778,4.2296777296777295,8.223905723905725,0.5,1.4583333333333333,0.0,4.168622848200313,15.555555555555555,0.0,1.5282287157287158,0.22222222222222224,3.333333333333333,13.333333333333332,8.940177284875427,8.09065934065934,3.1825396825396823,114.03429392245181,0.0,3.583333333333333,0.0,0.035211267605633804,17.95185550715568,4.946428571428571,19.865079365079364,0.8522727272727273,0.0,24.900543900543898,5.6060606060606055,67.67121097545326,3.9722222222222223,0.0,2.076923076923077,0.0,0.9523809523809523,0.0,0.8333333333333333,2.316137566137566,0.0,2.083333333333333,4.444444444444445
296.41507936507935,16.88888888888889,45.06944444444444,46.005820105820106,129.2685185185185,110.47222222222221,28.50925925925926,65.92592592592592,17.72222222222222,52.128787878787875,9.666666666666666,64.37213403880071,10.75,34.76481481481481,12.222222222222221,11.333333333333334,6.5,85.41111111111111,16.53333333333333,4.666666666666667,0.5,36.87777777777778,16.37037037037037,37.85185185185185,91.12671957671958,3.4814814814814814,5.166666666666666,19.425925925925927,4.733333333333333,1.8888888888888888,5.0,2.492063492063492,13.37962962962963,0.0,2.0,38.48095238095238,0.0,2.071428571428571,10.298989898989898,57.352777777777774,20.094444444444445,2.7777777777777777,3.1666666666666665,2.7777777777777777,89.73386243386243,32.84444444444444,2.9555555555555553,1.0,1.6666666666666665,1.0648148148148149,0.4,3.6666666666666665,5.622222222222222,2.4761904761904763,7.611111111111111,7.925925925925926,22.51851851851852,0.0,9.722222222222221,22.982407407407408,5.455555555555555,1.1111111111111112,2.0555555555555554,1.9166666666666667,4.133333333333333,0.0,0.0,2.2222222222222223,3.333333333333333,0.4,2.0,1.5,0.0,0.0,1.9166666666666667,0.0,12.62962962962963,0.5555555555555556,1.8703703703703702,0.8333333333333333,2.2222222222222223,1.037037037037037,13.74074074074074,0.0,0.4,1.1111111111111112,0.0,0.22222222222222224,0.0,5.333333333333333,0.0,0.0,1.3888888888888888,0.5050505050505051,0.0,2.2222222222222223,0.03367003367003367,1.1111111111111112,0.0,0.8333333333333333,4.833333333333333,1.6111111111111112,4.45,3.333333333333333,0.3367003367003367,0.6666666666666666,0.03367003367003367,0.0,0.0,4.444444444444445,0.03367003367003367,6.003703703703704,0.03367003367003367,4.666666666666666,0.03367003367003367,0.03367003367003367,0.0,2.800673400673401,3.333333333333333,0.0,0.0,31.11111111111111,0.0,2.0,0.0,6.277777777777778,7.2,1.7283950617283952,0.0,0.0,0.0,0.0,0.8,1.1111111111111112,0.0,0.0,0.0,0.0,2.3111111111111113,0.0,2.0,1.0555555555555556,0.0,1.1111111111111112,0.0,0.0,0.8333333333333333,0.41666666666666663,0.0,1.8333333333333333,0.0,0.0,0.0,1.9444444444444444,0.2777777777777778,0.4,0.0,0.0,5.633333333333334,0.0,5.898148148148148,3.333333333333333,0.0,9.055555555555555,0.0,0.8333333333333333,2.0,0.0,0.5,0.0,0.0,1.6222222222222222,6.488888888888889,0.0,0.0,0.0,0.0,0.0,0.0,19.01851851851852,0.0,3.8888888888888893,0.0,0.0,2.0,0.0,0.0,0.0,0.0,0.0,2.1666666666666665,0.0,0.0,1.0,6.425925925925926,0.0,0.0,0.2777777777777778,0.41666666666666663,21.14814814814815
4512.165403723956,164.3734247234247,2720.163594276094,1175.4687217266164,1680.6189449196027,2277.1344365916734,909.3212378265009,1877.6229337670127,495.0905628971418,542.9734126984126,408.4667833800187,841.8610156656209,178.60398629148628,785.7022295787001,135.26188672438673,409.05589826839827,290.44847883597885,656.6596663918092,728.9602818477819,217.60907201264342,76.20337301587301,300.5944694194694,818.3670634920635,602.3872594997595,1701.9423034811193,325.75324675324674,127.46095201095201,348.37136243386243,100.80387806637806,98.27593933843933,80.33333333333333,23.006519274376416,136.67101284958426,221.63873224728488,49.31031746031746,418.8427248677248,139.54271284271283,47.81096681096681,259.47233013088277,422.5815162907268,402.8766730589099,355.1252354127354,78.21322751322751,291.2845238095238,605.9348364598364,1020.2664913789913,343.9254569504569,99.45092592592593,60.16609977324263,31.820436507936506,65.87916666666666,16.441666666666666,214.1430278055278,36.16031746031746,105.09833770031138,213.50066137566137,81.45833333333333,20.168253968253968,52.77777777777777,155.3546296296296,145.90887445887446,15.936507936507937,177.8095238095238,40.05355755355755,39.506349206349206,29.98611111111111,18.230158730158728,56.499711399711394,11.5503848003848,20.417195767195768,78.97063492063492,24.731060606060606,16.70138888888889,4.611111111111111,34.83133533133533,3.5,15.101851851851851,123.24819624819624,120.76984126984127,18.567460317460316,5.0,19.152777777777775,88.1765873015873,16.916666666666668,33.13822751322751,4.412698412698413,10.902777777777777,122.5967352092352,48.21269841269841,12.185714285714285,4.819444444444445,2.375,62.323941798941796,8.06316844919786,0.9166666666666666,4.444444444444445,0.5375445632798574,13.984126984126982,2.5,0.8333333333333333,37.74573112073112,8.333333333333332,134.6540945165945,9.444444444444445,8.986556743909686,9.52063492063492,0.5375445632798574,37.976190476190474,25.166666666666668,52.08333333333333,0.5375445632798574,28.20918803418803,0.5375445632798574,13.38888888888889,0.5375445632798574,0.5375445632798574,71.69155844155844,17.106349206349204,52.69444444444444,0.0,4.166666666666666,514.988492063492,9.67361111111111,453.3908309283309,16.78174603174603,16.568181818181817,56.38253968253968,23.766788766788764,13.041666666666666,4.023199023199023,27.03762626262626,3.86865515436944,10.3125,32.36111111111111,4.333333333333333,0.0,0.3125,16.331349206349206,12.741666666666667,15.761904761904761,10.75,22.188492063492063,10.555555555555555,3.069444444444444,27.773148148148145,7.208333333333333,7.888888888888889,3.9444444444444446,2.0,25.45652958152958,11.848544973544973,0.6666666666666666,9.149999999999999,2.4333333333333336,1.9545454545454546,0.4,0.41666666666666663,10.277777777777777,73.58174603174604,4.166666666666666,15.834656084656084,1.1111111111111112,0.0,12.152777777777777,19.625,9.666666666666666,17.96031746031746,39.95797720797721,12.044973544973544,2.869047619047619,0.0,12.934793422951318,51.73917369180527,12.0,1.6666666666666665,6.506944444444445,0.0,10.622354497354497,10.666666666666666,183.61444805194805,3.333333333333333,10.72063492063492,10.833333333333332,0.0,19.614285714285714,17.238095238095237,4.761904761904761,0.22222222222222224,0.0,0.0,16.75,0.0,11.027777777777777,23.333333333333332,105.63095238095238,5.5,0.0,3.055555555555556,0.2857142857142857,22.13888888888889
11437.628499766319,2262.578475583677,1566.1263843688014,3836.8540353055687,1555.1086356296496,356.98430293834707,1582.7512547483775,3114.34967210797,1589.1961778246048,1145.0096776086084,511.7352551822903,1486.3933948762508,1416.4183519890605,950.5961525509744,329.92279375895095,656.2166001436108,731.2450198780693,1094.031524637452,1061.5986089752917,661.785055849723,179.7402949793208,293.5848831277477,814.2014690976586,1351.6341616207405,172.8085908641397,1277.0031548561944,556.8663122462142,728.2421271527132,680.826566995524,255.87063096513225,578.3117698463674,10065.463103825488,276.2821758063631,177.20826268282352,266.97631475278536,287.7062978687979,319.5897036604555,539.6317679242231,301.6622409839902,51.564306064306066,395.30136596439263,158.61202316202315,186.97871459752264,108.68602686088384,22.953823953823953,47.29419238169238,121.05479867354867,222.45589674486732,29.139781514781514,330.3983677571139,280.93964638302873,151.57722471886558,350.63084199446746,90.56889831444785,30.645109656139066,114.91143578643579,11.488095238095237,55.82827700765007,157.01548312798312,42.64351851851852,461.9763646975124,44.19287417375653,38.70480676730676,65.17412449687991,207.37244906680814,720.1432774011334,25.939737034551275,205.6102557845205,43.41270072520072,18.048992673992675,41.8293734043734,408.22993254533503,131.64381184118025,60.692905270111154,62.33743719037837,73.06337665315993,14.772727272727273,62.267121767121765,11.171296296296296,21.12695300342359,125.43487383982234,19.00692314508104,42.742646242646245,17.418470418470417,30.674939874939874,94.0870881555092,185.96559975112606,15.238056629360976,45.214982119392204,94.41379592629593,23.680433455433455,8.470816220816221,2.5708916083916082,69.88707517699359,197.5325292089493,132.64827718415853,4.580013766008327,24.929799367299367,435.83058755558756,3.486138861138861,4.81962481962482,14.291994478951,4.858585858585858,7.599537037037036,48.30013766008327,8.832251082251082,4.580013766008327,87.65318015318014,6.719271469271469,150.3565787068109,4.580013766008327,0.8333333333333333,4.580013766008327,37.3697087226499,4.580013766008327,4.580013766008327,67.36111111111111,7.77579365079365,111.54551874280976,24.780952018995496,126.0808068637016,7.281746031746032,8.539317042606516,0.2564102564102564,144.7137881832575,27.12398481148481,26.989225235548766,30.352979029449617,29.26475243284706,4.857466063348416,28.322582023239917,71.56899853958677,59.3476379829321,11.080357142857142,59.964109866741445,144.7912157287157,66.46751777634131,17.850512913012913,90.17792334371282,17.498543123543122,25.35952380952381,0.787037037037037,36.765151515151516,38.68740981240981,10.468687222363693,36.97689021218433,7.465381024204554,3.732690512102277,84.44544104702773,8.367183742183743,14.418650793650793,5.672494172494172,29.422474747474748,6.458333333333333,15.77656085744321,53.34408646908647,13.976190476190476,29.992822636300897,0.22222222222222224,8.43144331302226,28.08450577200577,55.66130343398145,24.12210012210012,2.708333333333333,4.409188034188034,1.3968253968253967,8.857142857142858,8.322802197802197,0.3333333333333333,32.50474987974988,21.15277777777778,3.8899410774410774,15.55976430976431,44.84285853035853,22.124267072796485,47.50119087711967,198.88140535934653,2.996031746031746,90.80949143449143,0.5555555555555556,0.0,39.38369476527371,3.5416666666666665,60.15945165945166,4.6558441558441555,0.8809337506520605,4.341450216450216,51.362396862396864,344.80108367525247,2.1978021978021975,0.8333333333333333,14.478266178266178,1.0185185185185184,0.5952380952380951,2.0,5.638888888888888,2.6915831244778614,0.9523809523809523,0.0,2.5892857142857144
1293.1631142666856,79.76289682539682,576.498044217687,551.2240837865837,462.7881708238851,492.36507936507934,262.842846967847,468.352398989899,241.84866522366522,592.2371794871794,121.3834656084656,281.0310643060643,200.89032217782218,315.5714646464646,159.28580586080585,337.86372655122653,77.41567460317461,661.8713235294117,62.23730158730159,160.37599206349205,114.91441798941798,192.8365342990343,147.92526455026456,344.8530423280423,253.4683621933622,205.0799062049062,72.08659951159952,224.35232177666387,72.98609723609724,173.76488095238096,58.191378066378064,83.91865079365078,143.57936507936506,47.71019536019536,54.84547152194211,105.76851851851852,133.99383116883115,30.045329670329668,83.77106227106226,144.62731870525988,79.84797979797979,128.4385878010878,8.75091575091575,95.99229242979243,247.11524216524217,323.2906746031746,116.16071428571428,80.81349206349206,66.70555555555555,105.41111111111111,4.347883597883598,23.089285714285715,79.25496031746032,6.416666666666666,69.57142857142857,17.727777777777778,53.43095238095238,13.76388888888889,125.96626984126983,46.573232323232325,18.6875,32.829365079365076,12.738095238095237,3.9880952380952377,9.527777777777779,27.452380952380953,21.88888888888889,6.0101010101010095,4.583333333333333,4.852941176470589,10.632936507936508,3.943572631072631,2.3511904761904763,8.809523809523808,3.9880952380952377,2.376322751322751,31.79212454212454,21.666666666666668,46.64980158730158,3.823412698412698,1.9444444444444444,2.5,7.698412698412699,10.083333333333334,5.788690476190476,5.71969696969697,1.6666666666666665,42.65396825396825,0.41666666666666663,7.480158730158729,2.8470418470418473,5.231481481481481,18.00462962962963,2.1730462519936204,4.972222222222222,15.0,0.14486975013290804,0.0,3.581730769230769,6.1309523809523805,10.794973544973544,9.208333333333332,39.03075396825397,19.435185185185183,1.4486975013290804,6.198412698412698,0.14486975013290804,1.6111111111111112,5.4090608465608465,0.3333333333333333,0.14486975013290804,5.267857142857142,0.14486975013290804,2.204081632653061,0.14486975013290804,0.14486975013290804,0.0,8.333333333333332,8.75,4.285714285714285,6.25,53.692460317460316,2.1666666666666665,125.1422619047619,2.4786324786324787,4.444444444444444,0.875,3.125,4.0,26.930555555555557,1.4236111111111112,0.0,2.666666666666667,4.166666666666666,7.777777777777778,1.25,1.1904761904761902,31.698329448329446,8.928571428571427,13.027777777777777,0.0,18.5741341991342,17.738095238095237,1.1111111111111112,3.062169312169312,16.333333333333332,3.888888888888889,1.9444444444444444,1.0714285714285712,6.916666666666666,0.0,2.4404761904761902,0.0,0.0,8.948412698412698,1.6666666666666665,0.0,0.0,22.34722222222222,1.0,0.625,0.0,3.912698412698412,4.166666666666666,1.3492063492063493,3.5416666666666665,0.7575757575757576,0.0,14.15,0.0,1.1111111111111112,2.2222222222222223,8.88888888888889,2.5,0.0,14.833333333333332,0.0,14.44047619047619,0.0,10.63888888888889,0.0,24.583333333333332,0.0,0.0,0.6666666666666666,6.673611111111111,1.25,0.0,5.384615384615385,3.75,5.833333333333333,0.0,6.944444444444445,5.583333333333333,0.7142857142857142,5.761904761904762,0.0,14.666666666666666,0.18518518518518517,8.333333333333332
502.5499639249639,40.45833333333333,135.90674603174602,159.19708994708995,99.05972222222222,145.10615079365078,39.62929894179894,119.99060846560846,22.837301587301585,73.16450216450217,22.094444444444445,58.30864197530864,16.305555555555554,104.44080687830687,10.347222222222221,35.75,26.316468253968253,192.95674603174604,29.130158730158726,9.0,8.468650793650793,55.78174603174603,32.668386243386244,63.782407407407405,99.6521164021164,14.703703703703702,1.6666666666666665,133.5648148148148,16.194444444444443,19.72222222222222,7.166666666666667,18.438492063492063,20.3531746031746,8.621031746031745,22.27777777777778,57.01587301587301,9.5,14.527777777777777,15.049630924630925,49.03227513227513,24.791666666666668,29.63452380952381,2.5,17.27777777777778,139.66296296296295,69.85185185185185,18.805555555555554,20.38452380952381,3.333333333333333,6.731481481481481,0.0,2.5,34.138888888888886,0.3333333333333333,15.625,40.23148148148148,30.038359788359788,0.8333333333333333,12.0,21.199074074074076,8.055555555555555,10.0,20.11111111111111,4.28792735042735,2.638888888888889,0.5555555555555556,0.0,0.41666666666666663,2.5,0.8333333333333333,11.791666666666666,7.961309523809523,0.0,8.61111111111111,4.28792735042735,0.5555555555555556,5.105820105820106,0.0,3.196759259259259,0.0,1.3888888888888888,0.37037037037037035,9.435185185185185,0.0,0.625,1.1111111111111112,0.41666666666666663,10.055555555555555,0.0,0.6666666666666666,0.0,0.0,5.375,0.5050505050505051,2.5,0.0,0.03367003367003367,0.625,0.0,0.8333333333333333,9.777777777777777,0.0,8.0,1.25,0.3367003367003367,0.5555555555555556,0.03367003367003367,0.0,1.1111111111111112,3.3333333333333335,0.03367003367003367,0.9259259259259259,0.03367003367003367,0.0,0.03367003367003367,0.03367003367003367,0.0,2.845117845117845,3.333333333333333,0.0,0.0,22.694444444444443,1.2000000000000002,19.208333333333332,2.083333333333333,2.2916666666666665,7.472222222222222,1.7283950617283952,0.0,4.0,0.8333333333333333,0.0,1.1111111111111112,1.1111111111111112,0.8333333333333333,0.0,0.0,5.75,1.5277777777777777,0.0,3.333333333333333,1.6666666666666667,0.8333333333333333,1.1111111111111112,0.0,0.6666666666666666,7.682539682539682,3.841269841269841,0.0,0.8333333333333333,0.0,0.6666666666666666,0.0,1.8888888888888888,0.2777777777777778,0.0,0.0,0.0,11.027777777777777,0.0,1.4494301994301995,0.0,0.41666666666666663,1.1111111111111112,2.5,0.8333333333333333,2.555555555555556,0.0,0.0,0.0,1.1111111111111112,0.0,0.0,0.0,0.0,6.666666666666666,0.0,0.0,2.0,11.907407407407407,0.0,3.333333333333333,0.0,0.0,0.0,3.0555555555555554,0.0,0.0,0.0,0.0,0.8333333333333333,0.0,1.6666666666666665,2.7777777777777777,8.925925925925926,0.0,1.0,0.2777777777777778,0.0,11.981481481481481
2428.4870013797035,148.21885012746355,735.2533670794617,609.3208466525693,304.15865464187556,405.27191488483504,204.83277904401854,793.6094857760713,97.68122651158366,246.59585377213085,99.9130579970916,273.24821291825936,280.9835540898566,350.68072723650454,215.89010548080927,210.4548213768802,41.99135238890878,210.2148324559039,576.4054229073137,127.49004699004699,69.29564350992922,170.13329707828822,172.434444640327,346.74363613989334,735.5131553165166,202.4289083543285,188.83192782940682,60.538638940424654,54.799515167372306,97.92410154590605,88.66315522323926,240.40289871776216,42.97751322751323,57.88422490208204,6.070992499563928,23.51945967116246,64.27996864768481,56.01903274907477,25.517879995821172,3.389979068550497,133.55973768295198,16.28740960253565,73.72818517461374,145.9706534128803,136.09441746784182,50.95387548958978,68.18536556036555,42.096900123685835,14.061401098901099,5.567505411255411,48.799284585629124,56.36452161621611,123.67878411271268,8.218794697366127,0.0,9.508310589192941,13.05206324954224,7.767075517075517,0.8824508824508824,2.9990188383045524,60.97741008991009,13.24268192125335,19.177579365079364,1.2619047619047619,8.59271978021978,5.24868705855548,8.697278911564625,61.52342102342102,13.884448884448885,7.657142857142857,2.4134199134199132,3.593170601573963,7.6023024594453155,5.86080586080586,1.2619047619047619,10.374579124579125,8.088235294117647,3.3267195767195763,19.85296618647459,4.289393939393939,1.0515873015873014,1.7850907029478458,1.1904761904761905,1.492063492063492,0.5125231910946196,5.691468253968254,42.93999093227034,38.26449190787426,23.636904761904763,0.0,64.76185320670615,2.7392290249433104,2.9721371882086167,0.9523809523809523,1.4166666666666665,5.735449735449735,6.698412698412699,13.368520368520368,12.203566274994845,23.229520479520477,2.665674603174603,0.5714285714285714,8.035714285714285,3.901953205524634,0.31746031746031744,7.198024858739144,0.031746031746031744,2.8095238095238093,10.455683858625035,2.003968253968254,0.031746031746031744,0.5634920634920635,0.031746031746031744,5.758158819083189,0.031746031746031744,0.031746031746031744,26.86773444809159,4.285714285714285,66.77897184514832,1.7619047619047619,3.904761904761904,27.282785336356763,8.189273689273689,40.26587301587301,3.7928571428571427,0.8225108225108224,3.4104308390022675,2.038239538239538,21.13364512471655,2.247786935286935,10.796594609094608,16.87569176854891,3.364254792826221,7.3809523809523805,5.595238095238095,5.6813543599257885,1.1126373626373627,1.1805555555555556,4.7519841269841265,0.5753968253968254,0.5714285714285714,2.4886621315192743,10.45238095238095,13.128571428571428,32.01757369614512,0.0,1.1803751803751803,0.5901875901875901,2.6785714285714284,0.17857142857142855,10.374716553287982,0.6666666666666666,2.8571428571428568,2.6007326007326004,1.0083144368858654,0.846938775510204,8.627418877418878,7.436507936507937,32.49409915481344,0.625,0.7207792207792207,0.47619047619047616,0.0,0.6349206349206349,10.478674364482636,4.5,1.3457693100550243,1.7559523809523807,2.661583786583787,4.526984126984127,4.573412698412699,0.0,0.0,3.5146520146520146,1.5714285714285712,1.0333333333333332,0.6051587301587301,3.4338624338624335,83.31230713730713,1.6666666666666665,3.7151360544217686,0.0,2.0,9.912698412698411,29.014069264069263,1.1892551892551892,4.761904761904761,3.007518796992481,7.368916797488225,0.1680672268907563,13.19047619047619,2.8571428571428568,0.2857142857142857,3.7312062937062938,0.0,1.25,0.0,0.0,0.23809523809523808,0.23809523809523808
7017.517612741842,184.98634500420215,878.680394219398,1085.3298721446763,1200.0698643948645,586.495991045991,1363.1618984501338,1601.911815086227,407.922126022126,680.084771588061,134.43532208532207,2338.876028717625,711.9359247234247,62.445479861269334,468.0646996149628,336.161063011063,112.94871332371332,743.3472675472675,693.8532065157065,1084.7253496503497,283.5833476708477,381.84982998239576,733.0636751754232,429.92637085137085,815.2018564768565,711.3852363618668,424.54528804528803,448.49758898508895,429.911676667559,362.18333333333334,412.85822459704036,1230.5728596101633,299.56260175010175,126.07218013468014,80.2632275132275,36.729166666666664,228.20786435786434,680.877229187483,175.7642857142857,91.01309523809523,3349.074168187595,82.9630351130351,63.702248677248676,124.41370296370296,0.0,169.80569985569986,1643.0943866075445,1160.1924931549931,93.79522977022977,70.57148407148406,35.776785714285715,38.96865079365079,339.3881621357708,247.82246364746362,13.930555555555555,30.995421245421245,3.833333333333333,81.75155122655123,1.2037037037037037,1.3333333333333333,562.6371505809005,383.01273448773446,81.95337301587301,7.355392156862745,551.7630689729374,40.484848484848484,82.70793650793651,524.8458136362548,142.98216374269006,236.53262385762386,218.03015873015872,16.785714285714285,96.35029239766082,26.233333333333334,7.355392156862745,170.20202273360167,6.753968253968254,60.55674603174603,15.034722222222221,270.38342953342953,150.99995282495283,55.375955988455985,58.905176767676764,0.0,81.97329059829059,295.82656958051695,23.976984126984124,12.5,31.084044346176697,215.49392054024406,144.48736263736262,26.78174603174603,20.252380952380953,11.553173824609402,136.31436701382353,130.34423076923076,0.7702115883072935,313.8906541171247,0.47619047619047616,28.515857753357754,26.865608465608464,0.0,1.75,6.8809523809523805,7.702115883072935,5.761904761904761,0.7702115883072935,16.433333333333334,19.49563492063492,6.916666666666666,0.7702115883072935,31.327777777777776,0.7702115883072935,7.629197191697192,0.7702115883072935,0.7702115883072935,17.42142857142857,0.2857142857142857,234.79412994412993,29.652732444265624,38.52777777777778,11.89969474969475,259.7487326270221,0.2564102564102564,55.077497665732956,5.37037037037037,33.61904761904762,10.980392156862745,38.574855699855696,11.627248677248677,3.095238095238095,18.375,131.66713782975225,431.45668775668776,65.51507936507936,22.74969474969475,10.30952380952381,21.274651274651276,108.3470950102529,23.45952380952381,5.238095238095238,5.102380952380953,2.0,52.36043509630466,26.536363636363635,43.515567765567766,3.595959595959596,0.3333333333333333,1.25,52.914113664113664,7.087662337662337,0.0,23.81111111111111,4.851190476190476,37.11111111111111,33.67757607889187,0.0,5.333333333333334,0.0,51.03333333333333,6.2,0.0,0.6666666666666666,78.25,1.75,23.178571428571427,0.0,17.068831168831167,1.7294372294372293,13.219696969696969,96.96904761904761,0.37037037037037035,1.4814814814814814,11.822059884559884,0.0,22.783333333333335,0.30303030303030304,10.86111111111111,80.92328042328042,0.0,0.0,0.7275132275132274,4.833333333333333,0.0,5.0,6.530952380952381,0.0,2.7407407407407405,1.8055555555555554,0.6666666666666666,0.0,8.209401709401709,20.203174603174602,20.7,10.733333333333334,17.5,0.8703703703703703,7.5817460317460315,0.0,0.0
2229.526082257595,158.15633612706782,1126.1644606400623,268.20600788100785,533.6492558723043,545.0460317460318,407.988447853889,829.398531317144,152.81230193137088,276.9669566544566,417.1631974996534,288.4761197136197,106.06671008218713,312.42342707913184,312.27716271946144,260.4919524919525,60.75892857142857,318.3593767343767,141.47619047619048,32.5074282736401,100.37630329909742,159.7323112073112,187.15042941807647,227.51023999148998,300.1019895769896,214.00699254449253,156.62103174603175,519.3174191792613,80.27445365092423,109.55878394481336,87.7469128094128,27.419733044733043,76.68650793650794,72.51254739412634,59.929563492063494,46.05621693121693,108.99964618714618,38.54083532208532,89.09429181929181,60.69378306878307,184.71535409035408,139.20301596551596,29.88169759480735,202.72246625558518,323.5067998566311,716.6515850166764,98.11507936507937,37.64756771006771,22.049311391223156,20.033531746031745,8.625224433143913,24.149891774891774,139.1540404040404,11.599023525494113,25.837301587301585,16.67956349206349,54.18452380952381,1.6666666666666665,58.786886724386726,42.829184704184705,10.58768315018315,35.33391464814615,17.944444444444443,3.753968253968254,55.298611111111114,29.363339438339437,3.75,19.62142857142857,6.458333333333333,1.6458333333333333,74.82857142857142,6.006613756613756,10.055555555555555,4.507575757575758,2.9206349206349205,23.121362433862434,32.48710317460317,14.089285714285714,41.02350427350427,18.94047619047619,22.76785714285714,4.134920634920634,2.8984126984126983,10.583333333333332,21.759920634920633,14.126290376290376,8.956845238095237,10.82202380952381,2.805555555555556,10.224206349206348,4.448412698412698,0.625,23.22685185185185,13.89883745952107,9.077380952380953,2.5,1.343255830634738,11.297619047619047,16.916666666666668,2.7976190476190474,9.016203703703704,4.196428571428571,61.12899369149369,45.61700336700336,9.265891639680714,12.10515873015873,3.4265891639680714,1.3888888888888888,6.031746031746032,0.0,0.9265891639680713,6.1726190476190474,0.9265891639680713,0.4411764705882353,0.9265891639680713,0.9265891639680713,10.006944444444445,2.9166666666666665,17.553571428571427,1.3034188034188035,1.75,105.6743437118437,7.583333333333332,176.14363143631437,2.9862082362082365,7.726190476190476,9.424603174603174,5.0,6.727272727272727,4.869281045751634,18.698260073260073,0.8333333333333333,2.6428571428571423,4.1875,11.4004884004884,1.1805555555555556,1.0,15.868686868686869,5.7976190476190474,15.928571428571427,10.208333333333332,14.81024531024531,3.761904761904762,10.0,7.28042328042328,6.333333333333333,0.5,0.25,0.625,0.0,4.271915584415584,3.5119047619047614,0.41666666666666663,28.150793650793652,0.9375,2.3611111111111107,3.0277777777777777,82.90277777777777,54.38492063492063,1.875,0.0,0.0,2.1180555555555554,0.0,10.27579365079365,1.3293650793650793,0.625,20.36111111111111,7.3809523809523805,1.7083333333333333,0.0,2.7074102368220014,10.829640947288006,25.688095238095237,0.9166666666666666,3.083333333333333,0.0,6.679563492063492,3.5564271255060724,11.517406712528663,1.25,0.0,0.0,1.0714285714285712,7.333333333333333,0.5238095238095237,7.142857142857142,2.7380952380952377,0.0,5.119047619047619,22.857142857142858,6.730769230769231,0.2777777777777778,1.4583333333333333,0.0,3.495039682539683,2.2916666666666665,0.0,3.528439153439153,0.8333333333333333
2218.716905084773,549.3654425928567,571.5749128465847,396.70305233139453,362.66160177112187,114.83709808709808,78.72685185185185,614.3456344065864,128.89813372901608,118.25943038443039,353.38355764125384,134.33290758948652,148.4611958675426,109.11830993080993,65.71590595784144,124.21400127650128,314.35865981570316,71.85336670553389,44.42127317127317,42.99332149332149,24.225663225663226,56.15873015873016,89.85599415204678,155.43247237655132,49.348901098901095,37.11400027847396,54.606902113481055,159.35514254264254,17.423742923742925,18.316137566137566,32.0366572711774,276.1570419091766,82.3853596810253,52.879329004329,41.33797672342564,86.77170868347339,20.82936507936508,26.517857142857142,9.47069597069597,9.564153439153438,47.852716727716725,23.91053391053391,0.0,5.034188034188034,53.001503126503124,0.0,20.495014245014243,6.301587301587301,1.2916666666666665,32.06719564784081,14.202020202020202,9.083333333333334,40.11056073556073,11.48282659892567,10.66468253968254,15.384615384615385,1.574074074074074,10.737891737891738,32.41470225680752,49.31135449517802,4.027777777777778,0.46031746031746035,21.0,4.892857142857142,6.071428571428571,17.904040404040405,5.376290376290376,6.76449013949014,10.333333333333334,8.242424242424242,0.0,8.214285714285714,17.037037037037035,25.967032967032967,4.684523809523809,0.7142857142857142,0.0,0.11904761904761904,0.0,0.41666666666666663,20.683862433862434,18.125,1.7361111111111112,30.916666666666664,0.0,0.0,5.909090909090909,0.16666666666666666,11.166666666666666,3.095238095238095,4.707491582491582,5.833333333333333,0.9523809523809523,7.090295009649848,24.383207070707073,0.0,3.394908556198879,2.3665223665223665,110.58277547615782,0.6666666666666666,1.7989417989417986,0.0,0.0,0.75,3.3935300064332323,0.0,0.3393530006433232,5.943748259537733,0.0,11.784313725490197,0.3393530006433232,1.1666666666666665,0.3393530006433232,15.507305194805195,0.3393530006433232,0.3393530006433232,10.175842675842675,19.404761904761905,0.0,11.584415584415584,0.8333333333333333,0.0,0.0,0.0,3.3846153846153846,0.0,15.089285714285714,3.225806451612904,0.0,0.0,0.0,0.0,0.0,0.41666666666666663,0.0,40.45328282828283,5.0,0.0,0.0,5.0,0.0,0.8333333333333333,1.1111111111111112,8.75,0.0,0.0,0.0,0.0,14.336829836829837,0.0,0.0,0.9523809523809523,3.1666666666666665,3.2407407407407405,1.1111111111111112,11.408424908424909,17.23130341880342,0.3333333333333333,0.0,3.75,2.328042328042328,17.976190476190474,14.97164628743576,6.118881118881118,0.0,10.0,0.0,0.0,0.0,21.369047619047617,2.0,0.0,0.0,1.5873015873015874,1.875,0.0,80.33180708180709,0.0,13.384615384615385,4.666666666666666,10.155844155844155,2.361111111111111,0.17857142857142855,19.005050505050505,0.0,0.0,20.25,7.958333333333334,35.93637917637918,0.2777777777777778,3.25,5.259740259740259,0.0,0.0,5.0,0.0,0.20833333333333331,0.0,1.6666666666666665,2.4358974358974357
206.15277777777777,5.958333333333333,10.0,25.0,7.765151515151516,47.33333333333333,6.666666666666666,38.541666666666664,0.8333333333333333,25.333333333333332,2.2222222222222223,10.833333333333332,0.0,0.0,0.0,3.0555555555555554,38.916666666666664,10.0,22.40909090909091,5.0,2.5,20.0,5.083333333333333,0.0,3.333333333333333,0.0,0.0,0.0,15.833333333333332,0.0,0.0,5.0,3.333333333333333,3.333333333333333,5.0,1.6666666666666665,0.0,0.0,0.0,5.0,0.0,0.2777777777777778,0.0,0.0,0.625,0.0,0.0,0.0,0.2272727272727273,5.0,0.0,1.6666666666666665,0.0,0.0,0.0,0.0,0.0,0.0,0.41666666666666663,0.0,1.1111111111111112,0.0,0.0,0.0,0.0,0.0,0.0,0.0,10.0,0.0,0.0,0.0,0.0,0.0,0.0,1.0,0.0,0.0,0.0,0.0,0.0,0.0,0.0,0.0,0.0,0.0,0.6818181818181819,0.0,0.0,0.0,0.0,0.0,0.0,0.0,0.0,0.0,0.0,0.0,0.0,2.0,0.0,0.0,0.0,0.0,0.0,0.0,0.0,0.0,0.0,0.0,0.0,0.0,0.0,0.0,0.0,0.0,0.0,0.0,0.0,0.0,0.0,0.0,0.0,0.0,0.0,0.0,0.0,0.0,0.0,0.0,3.333333333333333,0.0,0.0,0.0,0.0,3.333333333333333,0.0,0.0,0.0,0.0,0.0,0.0,0.0,0.0,0.0,0.0,0.0,0.0,0.0,0.0,0.0,0.0,0.0,0.0,0.0,0.0,0.0,0.0,0.0,0.0,0.0,0.0,0.0,0.0,0.0,0.0,0.0,0.0,0.0,0.0,0.0,0.0,0.0,0.0,0.0,0.0,0.0,0.0,0.0,0.0,2.5,0.0,0.0,0.0,0.0,0.0,0.0,0.0,0.0,0.0,0.0,0.0,0.0,0.0,0.0,0.0,0.0,0.0,0.0,0.0
203.70767195767195,166.87103174603175,35.83333333333333,81.96230158730158,24.067099567099568,14.642857142857142,20.07936507936508,0.0,20.658730158730158,27.346560846560845,3.7499999999999996,10.833333333333332,4.444444444444445,18.72222222222222,0.0,42.15608465608465,11.043290043290042,47.91125541125541,66.01758658008657,0.0,2.361111111111111,108.15488215488215,0.625,0.0,6.809523809523809,0.0,32.92791005291005,14.666666666666666,6.666666666666666,0.0,0.0,0.23809523809523808,4.343975468975469,0.5555555555555556,0.0,0.0,0.0,0.0,0.0,0.0,0.0,0.47619047619047616,0.0,0.0,5.555555555555555,2.142857142857143,0.0,0.41666666666666663,0.0,0.0,0.5555555555555556,0.0,0.0,1.3333333333333333,0.0,0.625,0.0,0.8333333333333333,0.0,0.0,0.0,1.5,0.0,0.0,0.0,0.0,0.0,1.6666666666666665,0.0,0.0,0.0,0.0,0.0,0.0,0.0,0.0,2.5595238095238093,0.0,0.0,0.0,2.7777777777777777,0.0,0.0,2.611111111111111,3.333333333333333,0.0,0.0,0.0,0.0,0.0,0.0,0.0,0.0,0.0,0.0,0.0,0.0,0.0,1.1111111111111112,0.0,0.0,19.5,0.0,0.0,0.0,0.0,0.0,0.9090909090909092,0.0,0.0,0.0,0.0,0.0,0.0,0.0,0.0,0.0,4.166666666666666,0.0,0.0,0.0,0.0,0.0,0.0,0.0,0.0,2.8282828282828283,2.380952380952381,0.0,0.0,0.0,2.5,0.0,0.0,0.0,0.5555555555555556,2.2222222222222223,2.0,0.0,0.0,0.0,0.0,0.0,0.6666666666666666,0.0,0.0,0.0,0.0,0.0,0.0,0.0,0.0,1.9047619047619047,5.7142857142857135,0.0,0.0,1.3333333333333333,0.0,0.0,0.0,0.0,0.0,8.777777777777779,0.0,0.0,0.0,0.0,0.0,0.0,1.1111111111111112,0.0,0.3125,1.25,0.0,0.0,0.0,9.809523809523808,0.0,0.0,0.0,0.0,0.0,0.0,0.0,0.0,0.0,0.0,0.0,0.0,0.0,0.0,0.0,0.0,0.0,0.0,0.0,5.476190476190476,0.0,0.0,0.0
2235.068520003388,431.00925925925924,766.2454906204906,1061.8406084656085,548.763918951419,1005.2450396825396,627.2460317460317,772.7596049783549,334.5304232804233,678.0,194.035101010101,315.18650793650795,246.24740537240535,375.5849206349206,180.16666666666666,308.66179653679654,47.48465608465608,277.74020146520144,375.3673941798942,134.19444444444443,105.48511904761905,319.5247113997114,198.31944444444443,304.0,286.4408369408369,237.54166666666666,191.17041847041847,258.30317460317457,128.80555555555554,50.44444444444444,36.5,31.12301587301587,183.7973137973138,39.69444444444444,27.055555555555554,15.666666666666666,39.22222222222222,64.58730158730158,28.25,184.10416666666666,84.01010101010101,51.48368298368298,49.666666666666664,30.214285714285715,212.54166666666666,170.7063492063492,48.666666666666664,64.21222527472527,30.34722222222222,52.20833333333333,42.08333333333333,112.38888888888889,87.44444444444444,26.666666666666664,66.16666666666667,36.84722222222222,82.48888888888888,43.7037037037037,4.333333333333333,7.5,40.8531746031746,33.72222222222222,22.3125,16.97222222222222,47.25,37.83333333333333,27.583333333333332,57.61111111111111,24.166666666666664,60.25,22.208333333333332,11.466666666666667,10.583333333333332,11.666666666666666,16.97222222222222,73.06944444444444,4.722222222222222,48.5,20.289682539682538,28.694444444444443,34.77777777777778,41.38203463203463,15.869047619047619,25.694444444444443,38.05555555555556,24.22222222222222,13.333333333333332,60.17063492063492,18.11111111111111,43.92857142857143,58.041666666666664,37.1031746031746,24.166666666666664,4.248991935483871,43.27777777777778,29.233040935672513,0.28326612903225806,24.5,0.0,19.61111111111111,22.77777777777778,362.35714285714283,26.333333333333332,14.166666666666666,2.8326612903225805,47.43055555555556,0.28326612903225806,10.76388888888889,3.333333333333333,84.30099067599068,0.28326612903225806,22.61111111111111,0.28326612903225806,14.083333333333332,0.28326612903225806,0.28326612903225806,3.333333333333333,0.0,10.933333333333334,3.601190476190476,7.777777777777778,6.388888888888888,10.333333333333332,0.8333333333333333,13.277777777777779,0.0,25.277777777777775,1.0416666666666665,0.0,6.666666666666666,15.833333333333332,3.8095238095238093,31.13888888888889,12.833333333333332,22.5,1.0833333333333333,7.069444444444445,8.452380952380953,1.3333333333333333,8.333333333333332,12.222222222222221,44.93181818181818,2.0,3.0555555555555554,1.0,7.777777777777778,3.466666666666667,1.7333333333333334,0.8333333333333333,8.666666666666666,22.666666666666664,20.666666666666664,4.404761904761905,0.41666666666666663,25.833333333333332,1.2916666666666665,1.6666666666666665,5.0,0.0,28.61111111111111,2.083333333333333,0.0,26.319444444444443,3.333333333333333,22.089743589743588,22.75,0.0,7.5,4.333333333333333,8.333333333333332,0.0,2.7453703703703702,10.981481481481481,0.0,5.0,11.444444444444445,63.59656084656084,12.722222222222221,18.333333333333332,8.0,0.0,0.0,11.898809523809524,17.377450980392155,0.0,8.1,9.722222222222221,0.625,11.277777777777777,0.0,10.277777777777777,0.0,6.666666666666666,9.0,12.083333333333332,7.5,5.833333333333334,0.0,1.25,6.722222222222222
4379.307957682414,195.85335497835496,396.4162698412698,1653.798611111111,1245.6482753357752,1693.005477915804,851.4042860874757,1054.993236764656,705.3138227513227,1936.217522974102,1971.0977253740411,1611.6210127033269,402.07537929532816,779.3753895058243,313.2063492063492,489.6602829537612,269.43902625152623,960.1819985569986,385.2872670807453,247.31150793650792,158.90277777777777,434.2366718426501,327.47835497835496,561.2811507936508,214.3885582010582,592.8690091669743,191.10714285714286,510.2297468356452,194.9912518037518,198.35714285714286,172.25,105.86309523809523,695.8414502164502,57.86111111111111,108.97023809523809,958.0739942528735,231.08333333333331,152.47321428571428,57.36805555555556,820.3189484126984,183.42559523809524,66.55555555555556,17.145833333333332,72.75,367.2631578947368,53.42857142857142,95.83333333333333,54.179563492063494,38.77205882352941,271.8314393939394,64.29166666666667,110.17857142857143,126.91666666666666,6.458333333333333,534.8226282761167,61.907521645021646,722.6907096171802,78.39980158730158,796.0888888888888,105.18055555555556,112.00892857142857,30.619255260243634,95.125,44.64583333333333,97.43055555555556,91.25,18.333333333333332,63.5,37.19047619047619,55.17857142857143,93.125,28.208333333333332,7.305555555555555,111.69444444444444,27.145833333333332,19.348544973544975,497.3333333333333,180.67857142857142,11.52116402116402,14.518518518518517,27.875,66.61111111111111,99.70833333333333,188.83333333333334,13.5,42.19444444444444,51.5,24.61111111111111,29.866071428571427,10.083333333333332,17.185185185185183,14.916666666666666,7.166666666666666,108.96397716464895,30.833333333333332,42.270833333333336,9.569820699865486,45.83333333333333,5.458333333333333,19.19047619047619,11.426282051282051,1338.197808651297,5.833333333333333,1.25,70.69820699865485,27.166666666666664,7.0698206998654864,35.83333333333333,9.5,53.0,7.0698206998654864,8.5515873015873,7.0698206998654864,55.27777777777777,7.0698206998654864,7.0698206998654864,158.48611111111111,60.25,30.47222222222222,17.815456494335805,15.982142857142858,10.0,5.0,71.16666666666666,11.291666666666666,4.444444444444445,593.2619047619047,316.49211947056773,20.625,1.25,1.6666666666666665,30.172619047619047,23.75,10.708333333333332,30.0,9.444444444444445,15.0,3.75,0.2272727272727273,1.2291666666666665,11.964285714285715,17.648809523809526,113.54761904761905,56.94202898550724,0.0,6.25,44.0484496124031,22.02422480620155,21.805555555555557,1.1666666666666665,0.0,1.9999999999999998,23.333333333333332,7.0,11.666666666666666,17.375,10.0,0.0,0.0,28.25,67.91666666666667,133.63095238095238,63.33333333333333,54.857142857142854,2.746212121212121,0.8333333333333333,18.69047619047619,55.64285714285714,6.203703703703704,2.5,10.0,33.180916305916305,132.72366522366522,0.0,7.916666666666666,0.0,5.238095238095237,3.333333333333333,3.7499999999999996,1.6666666666666665,10.0,3.630952380952381,90.63888888888889,7.708333333333333,40.83333333333333,0.625,3.333333333333333,0.0,5.722222222222222,0.0,10.0,42.77660844902224,10.0,0.0,9.166666666666666,5.0,42.27272727272727,205.83035714285714,2.5,92.36111111111111
138.3905505336957,22.34722222222222,45.20833333333333,15.817307692307692,8.976606726606727,18.547619047619047,24.512463343108504,20.02777777777778,8.467741935483872,11.92994724573672,20.360313521603842,24.851190476190474,14.444985569985569,12.50534188034188,37.03125,3.147773279352227,5.37962037962038,7.583333333333333,0.47916666666666663,5.270833333333333,0.6696428571428571,4.5,23.933621933621932,1.3333333333333333,11.25,11.604472140762462,8.513917004048583,8.476190476190476,2.489177489177489,4.015151515151515,1.2179487179487178,5.75,11.858974358974358,0.625,1.0,1.3888888888888888,0.5,0.0,16.40625,3.625,3.6904761904761902,0.0,1.7857142857142856,1.25,2.5,1.442307692307692,2.9761904761904763,0.0,0.625,2.3194444444444446,0.0,1.25,0.0,10.625,0.0,0.0,0.0,3.1105990783410133,1.6666666666666665,2.4404761904761902,0.0,0.0,0.2857142857142857,2.6785714285714284,0.8333333333333333,3.0568356374807983,0.0,0.0,0.0,0.0,1.0,4.752913752913753,2.5,1.9230769230769231,2.6785714285714284,0.0,0.0,0.0,0.0,0.0,0.0,0.0,1.6666666666666665,0.0,0.0,0.0,3.333333333333333,0.0,0.0,0.0,0.6818181818181819,1.25,0.0,1.0416666666666667,0.5654761904761905,0.0,0.06944444444444445,0.0,54.94047619047619,0.2272727272727273,0.0,0.0,3.333333333333333,1.25,0.6944444444444444,0.0,0.06944444444444445,2.142857142857143,1.875,1.0,0.06944444444444445,10.0,0.06944444444444445,0.0,0.06944444444444445,0.06944444444444445,0.576923076923077,0.0,0.0,2.272727272727273,0.0,0.3571428571428571,7.7272727272727275,0.0,0.0,0.0,0.0,4.962121212121212,0.0,0.0,0.0,0.0,0.0,0.0,0.0,8.174603174603174,0.0,0.0,0.0,0.0,0.0,0.0,0.0,0.0,0.0,0.0,0.0,0.0,1.0714285714285712,0.0,0.0,1.590909090909091,0.0,0.0,0.0,2.7182539682539684,0.0,0.0,2.2777777777777777,0.0,0.0,1.25,0.0,0.0,0.0,0.7777777777777778,0.0,0.0,0.0,2.833333333333333,0.0,1.6666666666666665,6.666666666666666,0.0,0.0,0.0,1.7261904761904763,0.0,0.0,0.0,0.0,0.0,0.0,5.0,0.41666666666666663,0.0,0.0,0.0,0.47619047619047616,1.25,0.0,0.0,0.0,0.0,0.0,0.0,0.0,0.0,0.0,0.0
1646.5007256472772,117.50132275132275,437.3672619047619,1567.409793909794,746.08504378763,1675.7996292815371,463.6592522974102,792.5972634485565,442.8607609710551,1301.4275793650793,143.6053391053391,350.234126984127,235.85392246642246,647.5885858148789,89.11863009276802,232.640873015873,141.16666666666666,532.031746031746,112.66125541125541,39.861111111111114,145.12896825396825,530.8164682539682,147.49801587301587,284.62373737373736,508.43055555555554,263.8531746031746,119.96825396825396,359.30357142857144,28.833333333333332,48.25,92.66666666666667,261.3363187738188,104.27234753550543,39.85428473187093,9.047619047619047,30.476190476190474,106.19999999999999,72.28571428571428,228.25,58.817460317460316,38.62643678160919,27.873015873015873,1.6666666666666665,86.9861111111111,97.13888888888889,128.21031746031747,64.33333333333333,34.59722222222222,12.166666666666666,334.4266649654581,19.261904761904763,16.666666666666664,59.07738095238095,8.75,68.33333333333333,70.83333333333333,31.96428571428571,16.180555555555554,10.0,57.116402116402114,56.38513513513514,14.426470588235293,30.0,11.178571428571429,7.751322751322751,5.0,22.5,2.333333333333333,0.0,5.906084656084656,2.7777777777777777,1.175595238095238,7.208333333333333,63.02750410509031,8.678571428571427,0.0,28.5,6.666666666666666,57.21527777777778,2.5,20.0,33.62121212121212,10.333333333333332,39.0,15.833333333333332,5.0,2.083333333333333,156.5,7.333333333333333,8.809523809523808,28.660714285714285,3.333333333333333,19.94047619047619,16.955102423852423,0.0,58.7063492063492,1.1303401615901616,0.0,2.0,4.166666666666666,3.3333333333333335,32.08333333333333,26.03217503217503,3.333333333333333,11.303401615901617,3.333333333333333,1.1303401615901616,7.428571428571429,2.5,3.333333333333333,1.1303401615901616,29.666666666666664,1.1303401615901616,5.0,1.1303401615901616,1.1303401615901616,17.0,4.333333333333333,10.833333333333332,5.026455026455026,7.5,15.833333333333332,1.3333333333333335,8.333333333333332,1.6666666666666665,39.738095238095234,27.928571428571427,13.103070175438596,1.6666666666666665,9.75,11.666666666666666,0.0,3.333333333333333,5.294117647058823,10.625,0.6666666666666666,3.333333333333333,8.178571428571427,15.666666666666666,0.0,0.0,0.0,0.0,13.61111111111111,0.0,0.0,7.555555555555555,3.7777777777777777,10.666666666666666,8.0,2.5,5.0,12.5,0.0,6.805555555555555,2.9166666666666665,10.0,3.333333333333333,12.333333333333332,0.0,5.416666666666666,0.0,0.0,19.166666666666664,1.25,28.333333333333332,6.25,0.2857142857142857,5.0,1.25,10.0,0.0,0.0,2.5,0.0,8.25,5.0,0.0,0.0,3.6666666666666665,3.75,0.0,13.333333333333332,5.0,0.0,1.25,1.6666666666666665,1.25,3.3333333333333335,1.25,10.833333333333334,16.666666666666668,0.0,18.5,12.916666666666666,0.0,0.0,0.0,0.6666666666666666,0.0
576.8159895659895,110.21071004159239,54.89087301587301,92.05059523809524,165.52380952380952,120.77056277056276,108.16666666666666,22.75,55.5188492063492,45.86446886446886,39.333333333333336,28.77777777777778,40.76948051948052,12.5,45.05952380952381,122.89682539682539,25.69642857142857,46.198773448773444,3.333333333333333,15.277777777777777,2.333333333333333,74.58730158730158,19.166666666666664,39.1547619047619,36.666666666666664,19.166666666666664,45.166666666666664,433.60624098124094,22.916666666666664,13.999999999999998,3.75,35.97222222222222,24.107142857142858,9.055555555555555,18.333333333333332,17.857142857142854,16.054945054945055,20.317460317460316,106.29242979242979,19.166666666666664,0.0,10.0,12.46031746031746,3.9215686274509807,16.980392156862745,10.0,0.0,7.023809523809524,7.5,0.0,15.928571428571427,14.384920634920634,1.6666666666666665,13.75,5.555555555555555,4.444444444444445,5.0,5.0,11.575757575757574,9.5,0.0,1.1111111111111112,3.333333333333333,3.333333333333333,0.0,6.19047619047619,1.4285714285714284,4.0,13.333333333333334,8.333333333333332,0.0,7.5,14.761904761904761,8.333333333333334,3.333333333333333,0.0,0.0,0.0,5.0,0.47619047619047616,10.0,1.4285714285714284,13.0,4.5,0.0,0.0,30.273809523809522,2.5,6.5,0.0,35.166666666666664,1.25,0.0,7.083333333333333,213.67322954822953,22.333333333333332,0.0,0.0,5.0,2.0,0.0,1.1111111111111112,0.0,8.095238095238095,0.0,0.0,0.0,11.904761904761905,0.0,0.0,0.0,0.0,0.0,0.0,0.0,0.0,1.6666666666666665,1.6666666666666665,0.0,0.0,16.233766233766232,0.0,24.148809523809522,0.0,0.0,5.71969696969697,24.666666666666664,63.33333333333333,4.222222222222222,0.0,0.0,1.6666666666666665,0.0,10.0,0.0,966.775717746306,0.0,1.6666666666666665,0.0,0.0,21.714285714285715,0.0,0.0,8.095238095238095,0.0,10.0,0.0,0.0,0.0,0.0,0.0,3.333333333333333,10.0,6.0,0.0,0.0,0.0,0.0,0.0,1.6666666666666665,0.0,3.5,0.0,0.0,1.6666666666666665,0.0,0.0,0.0,0.0,0.0,0.0,9.904761904761905,39.61904761904762,0.625,0.0,0.0,0.0,0.0,31.119047619047617,0.0,9.25,0.0,0.0,5.0,0.0,0.0,3.333333333333333,0.0,12.337662337662337,3.6805555555555554,0.0,0.0,0.0,0.5555555555555556,0.0,0.0,0.0,0.0,0.0,0.0
1779.0142270740955,336.32936507936506,1056.3353174603174,892.1646825396825,634.436598124098,1089.1170634920634,801.110119047619,886.2556367243867,364.55555555555554,811.9960317460317,226.25732323232322,345.01984126984127,299.491452991453,411.86269841269836,210.33333333333331,224.56673881673882,50.14170274170274,198.49813797313797,212.24305555555554,149.38492063492063,133.40178571428572,274.01984126984127,232.40277777777777,346.25,318.2979797979798,261.0238095238095,183.981746031746,245.69206349206348,151.25,57.11111111111111,38.5,23.511904761904763,195.76322288822288,50.11111111111111,45.94444444444444,15.666666666666666,39.22222222222222,58.75396825396825,20.76388888888889,227.4375,112.76010101010101,48.98368298368298,47.166666666666664,23.214285714285715,240.54166666666666,175.62301587301587,71.16666666666666,85.32333638583638,31.180555555555554,65.125,35.416666666666664,168.63888888888889,124.11111111111111,27.333333333333332,78.94444444444444,37.40277777777778,78.6,61.388888888888886,4.333333333333333,5.0,74.375,37.72222222222222,22.3125,13.638888888888888,62.25,34.5,35.25,75.94444444444444,27.833333333333332,62.75,37.20833333333333,11.466666666666667,10.583333333333332,11.666666666666666,13.638888888888888,72.44444444444444,14.722222222222221,58.5,31.5,28.694444444444443,25.88888888888889,46.38203463203463,14.916666666666666,20.416666666666664,48.888888888888886,28.180555555555557,13.333333333333332,82.19444444444444,16.444444444444443,53.92857142857143,58.041666666666664,52.1031746031746,21.166666666666664,4.248991935483871,53.27777777777778,35.89970760233918,0.28326612903225806,34.5,0.0,19.61111111111111,42.77777777777778,461.5912698412698,25.22222222222222,14.166666666666666,2.8326612903225805,47.48611111111111,0.28326612903225806,9.652777777777777,18.333333333333332,84.30099067599068,0.28326612903225806,37.92361111111111,0.28326612903225806,10.75,0.28326612903225806,0.28326612903225806,3.333333333333333,0.0,10.933333333333334,2.976190476190476,6.666666666666666,16.38888888888889,10.333333333333332,0.8333333333333333,13.277777777777779,2.5,40.59027777777778,1.0416666666666665,0.0,6.666666666666666,9.166666666666666,3.333333333333333,39.888888888888886,12.833333333333332,27.5,0.0,17.069444444444443,8.452380952380953,13.833333333333332,8.333333333333332,20.0,59.515151515151516,2.0,0.0,1.0,5.277777777777778,3.466666666666667,1.7333333333333334,0.0,13.666666666666666,27.666666666666664,20.666666666666664,4.404761904761905,0.41666666666666663,25.833333333333332,0.6666666666666666,1.6666666666666665,1.6666666666666665,0.0,29.027777777777775,2.083333333333333,0.0,26.319444444444443,3.333333333333333,24.589743589743588,17.75,0.0,7.5,4.166666666666666,8.333333333333332,0.0,1.5416666666666665,6.166666666666666,0.0,5.0,21.444444444444443,9.0,22.72222222222222,18.333333333333332,8.0,0.0,0.0,11.898809523809524,47.377450980392155,0.0,8.1,9.055555555555555,0.625,0.0,0.0,13.61111111111111,0.0,6.666666666666666,6.5,8.333333333333332,7.5,5.0,0.0,1.25,4.5
1374.5967592592592,163.08333333333331,502.30555555555554,538.1111111111111,882.1404761904762,1100.4805555555556,499.1507936507936,617.1944444444445,200.94444444444443,488.65277777777777,388.6111111111111,241.94841269841268,188.97222222222223,477.97222222222223,136.27777777777777,193.65277777777777,48.05555555555556,121.77777777777777,215.83333333333334,166.0515873015873,81.1795634920635,154.48148148148147,142.94444444444443,288.69444444444446,143.11111111111111,252.11388888888888,68.30952380952381,163.58333333333331,71.66666666666666,50.0,71.5,16.666666666666668,138.51111111111112,23.055555555555557,35.77777777777778,4.166666666666666,28.333333333333332,43.976190476190474,32.47222222222222,46.06666666666666,56.96296296296296,81.66666666666667,23.333333333333332,17.037037037037035,209.13888888888889,147.12301587301587,10.75,48.516865079365076,12.0,40.83333333333333,23.916666666666664,50.97222222222222,85.83333333333333,18.166666666666664,37.22222222222222,25.277777777777775,99.26666666666667,91.22222222222221,5.0,2.5,51.59722222222222,14.166666666666666,52.833333333333336,24.166666666666664,54.58333333333333,16.666666666666668,49.5,24.5,28.42361111111111,26.277777777777775,1.1111111111111112,36.916666666666664,6.666666666666666,5.0,24.166666666666664,12.777777777777779,4.722222222222222,20.277777777777775,1.25,10.11111111111111,18.333333333333332,50.97222222222222,2.2222222222222223,7.5,85.47222222222223,24.88888888888889,10.833333333333332,98.41666666666666,16.51111111111111,9.833333333333332,12.0,21.983333333333334,65.0,4.6875,74.11111111111111,51.92777777777778,0.3125,27.833333333333332,0.0,29.069444444444443,9.166666666666666,279.4037698412698,21.916666666666664,5.833333333333334,3.125,33.33333333333333,0.3125,6.583333333333333,1.6666666666666665,46.666666666666664,0.3125,23.333333333333332,0.3125,2.5,0.3125,0.3125,0.0,0.0,3.6666666666666665,0.47619047619047616,5.833333333333333,0.0,8.333333333333332,0.0,8.777777777777777,2.5,35.0,0.0,0.0,8.333333333333332,14.166666666666666,0.0,25.833333333333332,1.1111111111111112,36.666666666666664,0.0,5.0,0.6666666666666666,1.3333333333333333,5.523809523809524,5.0,6.25,0.0,0.0,1.0,11.25,2.3333333333333335,1.1666666666666667,0.0,25.0,15.666666666666666,1.6666666666666665,0.0,2.5,23.703703703703702,10.416666666666666,5.0,0.0,0.0,31.11111111111111,0.3333333333333333,0.0,16.566666666666666,0.0,15.0,38.75,0.0,17.5,0.0,3.333333333333333,0.0,0.0,0.0,2.5,0.0,14.444444444444445,0.0,23.650793650793652,10.0,1.0,0.0,0.0,3.333333333333333,0.0,0.0,3.333333333333333,5.0,0.0,0.0,0.0,0.0,0.0,1.6666666666666665,9.666666666666666,0.0,7.5,0.0,4.0,0.0,1.6666666666666665
163.75,8.75,404.9166666666667,29.416666666666664,32.583333333333336,43.166666666666664,11.666666666666666,81.38194444444444,133.77777777777777,70.27777777777777,9.791666666666666,0.0,38.333333333333336,16.27777777777778,5.0,185.5625,35.979166666666664,49.666666666666664,13.166666666666668,3.333333333333333,0.0,14.0,0.0,0.0,23.75,18.5,3.333333333333333,0.0,5.0,1.25,5.0,0.0,7.0,1.25,1.0,0.0,5.0,2.9166666666666665,0.0,0.0,0.0,27.0,0.0,39.583333333333336,35.55555555555556,15.333333333333332,2.5,3.333333333333333,0.0,2.5,4.166666666666666,0.0,4.166666666666666,0.0,0.0,0.6666666666666666,0.0,0.0,0.0,0.0,0.0,0.0,0.0,0.0,0.0,0.0,15.0,0.0,0.0,0.0,10.083333333333332,0.0,1.6666666666666665,0.0,0.0,0.0,0.0,0.0,13.333333333333332,0.0,0.0,0.0,0.0,0.0,0.0,0.0,0.0,0.0,0.0,0.0,0.0,0.0,0.0,0.0,0.0,1.6666666666666665,0.0,0.0,0.0,0.0,0.0,0.0,0.3125,3.75,0.0,0.0,0.0,0.0,0.0,25.0,0.0,0.0,0.0,0.0,0.0,0.0,0.0,0.0,5.0,0.0,0.0,0.0,0.0,0.0,0.0,0.0,0.0,0.0,1.6666666666666665,0.0,0.0,0.0,0.0,0.0,0.0,0.0,0.0,0.0,0.0,0.0,2.0,0.0,0.0,0.0,2.5,0.0,2.0,1.0,0.0,1.6666666666666665,0.0,0.0,0.0,0.0,0.0,0.0,0.0,0.0,0.0,0.0,0.0,0.0,0.0,0.0,0.0,0.0,0.0,0.0,0.0,0.0,0.0,0.0,0.0,0.0,0.0,0.0,0.0,0.0,0.0,0.6666666666666666,0.0,0.0,0.0,0.0,0.0,1.0,0.0,0.0,0.0,0.0,0.0,0.0,0.0,0.0,0.0,2.5,0.0,0.0,0.0,0.0
297.81944444444446,25.180555555555554,65.05573593073592,79.95833333333333,130.8720238095238,77.43253968253968,67.46031746031746,102.30079365079365,36.041666666666664,95.2361111111111,12.705555555555556,35.25,29.416666666666664,69.4751984126984,14.208333333333332,19.833333333333332,19.226190476190474,172.69047619047618,33.107142857142854,4.166666666666666,26.60753968253968,66.27777777777777,25.109126984126984,29.5,59.83333333333333,14.73611111111111,25.3125,47.27777777777778,7.298611111111111,11.166666666666666,7.5,5.277777777777778,29.513888888888886,2.2916666666666665,10.527777777777777,15.738095238095237,5.0,13.027777777777777,37.19230769230769,57.738095238095234,5.902777777777778,13.075,0.0,8.75,37.53333333333333,36.20039682539682,11.527777777777779,8.902777777777779,0.0,42.61111111111111,0.6666666666666666,2.5,10.625,0.0,19.75,17.305555555555554,27.88095238095238,2.5,5.833333333333333,44.78787878787879,2.833333333333333,1.25,10.722222222222221,4.461538461538462,0.0,0.0,0.0,2.3055555555555554,0.0,3.333333333333333,1.4583333333333333,6.294642857142857,0.0,4.166666666666666,4.461538461538462,0.0,12.5,0.625,12.6875,0.0,0.3333333333333333,2.5,2.916666666666667,0.0,0.625,0.0,0.41666666666666663,10.277777777777779,0.0,3.9999999999999996,0.0,0.0,1.625,0.0,0.0,11.875,0.0,0.0,0.0,1.6666666666666665,2.361111111111111,2.708333333333333,12.833333333333332,1.6666666666666665,1.25,0.0,0.0,0.0,0.8333333333333333,3.3333333333333335,0.0,1.6666666666666665,0.0,0.0,0.0,0.0,0.0,5.0,3.9999999999999996,0.0,0.0,12.916666666666666,0.0,3.125,3.7499999999999996,3.875,1.4285714285714284,1.5625,0.0,19.999999999999996,0.8333333333333333,0.0,0.0,0.0,0.8333333333333333,0.0,0.0,3.5,2.083333333333333,0.0,0.0,0.0,0.0,0.0,0.0,0.0,9.126984126984127,4.563492063492063,0.0,0.0,0.0,0.0,0.0,0.8333333333333333,0.8333333333333333,0.0,0.0,0.0,8.444444444444443,0.0,1.5304487179487178,0.0,0.41666666666666663,0.0,0.0,0.8333333333333333,0.0,0.0,0.0,0.0,1.25,1.6696428571428572,6.678571428571429,0.0,0.0,0.0,0.0,0.0,0.0,14.527777777777777,0.625,5.833333333333333,0.0,0.0,0.0,0.0,0.0,0.0,0.0,0.0,0.8333333333333333,0.0,0.0,0.0,8.666666666666666,0.0,0.0,1.6666666666666665,0.0,8.75
1696.5025613275614,209.97200577200576,827.0902777777777,568.0422975172975,712.9005772005772,694.8707671957671,119.58862433862433,1008.2852513227513,196.79285714285714,245.15921115921117,132.58214285714286,299.58641975308643,286.7392218892219,920.8416005291006,35.567460317460316,136.45535714285714,59.419642857142854,743.6448412698412,144.63174603174602,7.416666666666667,31.55456349206349,230.26944444444445,123.69219576719577,237.90912698412697,738.4041005291004,18.30705868205868,19.083333333333332,153.98862433862433,55.81666666666666,90.5,9.479166666666666,10.200396825396826,38.833333333333336,11.972893772893773,28.627777777777776,208.07486772486772,45.33095238095238,12.809523809523808,69.2524087024087,250.32552910052908,108.62420634920635,25.72222222222222,21.583333333333332,58.192460317460316,610.0838624338625,365.07738095238096,81.94761904761904,23.023809523809522,8.333333333333334,30.087037037037035,18.316666666666666,26.25,289.4575396825397,2.0535714285714284,26.12301587301587,85.54497354497354,61.75502645502645,4.166666666666666,51.75,84.74748677248677,41.36507936507937,5.833333333333333,18.5,25.520070207570207,7.883333333333333,0.0,2.5,16.777777777777775,0.0,3.6777777777777776,46.87222222222222,15.850198412698411,0.0,22.11111111111111,14.408959096459096,1.1111111111111112,67.74470899470899,7.5,24.23723544973545,3.833333333333333,7.142857142857142,2.7037037037037033,44.64351851851852,0.5,1.6666666666666665,1.1111111111111112,0.41666666666666663,63.61507936507936,0.0,9.376190476190477,0.0,0.0,15.583333333333334,0.5050505050505051,2.5,10.833333333333334,0.03367003367003367,3.8888888888888884,1.2000000000000002,2.4444444444444446,61.02777777777778,6.65079365079365,88.39583333333333,3.333333333333333,0.3367003367003367,14.083333333333332,0.03367003367003367,0.47619047619047616,1.5476190476190474,20.416666666666668,0.03367003367003367,8.753703703703703,0.03367003367003367,16.095238095238095,0.03367003367003367,0.03367003367003367,0.0,23.495117845117846,14.833333333333332,0.0,1.6666666666666665,199.28968253968253,4.166666666666666,125.63095238095238,2.0,18.777777777777775,22.866666666666667,1.7283950617283952,1.1111111111111112,2.333333333333333,9.816666666666666,0.0,0.0,6.111111111111111,0.8333333333333333,0.0,0.0,4.316666666666666,2.727777777777778,0.0,9.583333333333332,6.291666666666667,1.9444444444444444,1.1111111111111112,0.0,2.6666666666666665,16.727272727272727,8.363636363636363,2.0,14.625,0.0,5.222222222222222,0.4,2.155555555555556,0.8333333333333334,0.4,5.0,0.0,52.96468253968254,0.0,14.227207977207977,0.0,0.0,1.1111111111111112,30.666666666666664,1.4583333333333333,11.722222222222221,0.0,0.0,0.0,0.0,1.2234126984126985,4.893650793650794,0.0,0.0,1.0,0.0,0.0,0.0,57.7010582010582,0.0,0.0,0.0,0.0,15.066666666666666,0.0,0.8333333333333333,0.0,0.0,0.0,1.4523809523809523,0.0,8.281746031746032,41.666666666666664,42.11402116402116,0.0,0.0,4.055555555555555,5.892857142857142,69.07888407888407
1120.1555555555556,56.547222222222224,463.7269841269841,218.54431216931215,384.82665945165945,425.41031746031746,96.41994348244349,265.01560846560847,65.02777777777777,167.14267676767676,50.522619047619045,247.17239858906524,67.22638888888889,304.5537037037037,11.152777777777777,31.583333333333332,81.9484126984127,197.4521164021164,135.07813852813854,37.523809523809526,10.505952380952381,80.7845238095238,135.1366402116402,80.31415343915344,161.62314814814815,17.18584656084656,68.6875,123.57592592592593,29.803571428571427,6.941919191919192,7.222222222222222,30.569444444444443,101.32539682539682,15.01388888888889,31.887037037037036,103.96428571428571,5.0,17.069444444444443,52.00732323232323,275.14021164021165,34.19444444444444,21.430555555555557,9.833333333333332,15.944444444444443,225.97910052910052,141.03344155844155,67.73412698412699,24.005291005291006,3.3106060606060606,13.524338624338624,5.5,45.523809523809526,62.28174603174603,5.928571428571429,64.37301587301587,44.49735449735449,125.89589947089947,6.666666666666666,59.34920634920635,256.92248677248676,11.722222222222221,1.25,63.01010101010101,11.621031746031747,10.0,0.0,6.75,9.11111111111111,0.0,1.0,12.082539682539682,0.5555555555555556,2.0,6.5,11.621031746031747,0.0,37.24907407407407,22.458333333333332,12.97037037037037,1.1111111111111112,0.0,0.37037037037037035,75.06415343915343,6.25,5.833333333333333,14.444444444444445,0.6818181818181819,7.263888888888888,1.1428571428571428,0.4,0.0,1.6666666666666665,1.3888888888888888,0.5050505050505051,0.0,22.5,1.0336700336700337,3.5,0.0,1.25,3.875,13.5,39.44285714285714,1.4285714285714284,1.5867003367003367,2.0,0.03367003367003367,0.0,2.8125,39.0,0.03367003367003367,28.99537037037037,0.03367003367003367,3.333333333333333,0.03367003367003367,0.03367003367003367,0.0,64.53956228956228,11.75,0.0,0.0,66.31746031746032,0.0,40.916666666666664,0.0,11.0,19.833333333333332,10.433752204585536,0.0,26.916666666666664,1.0666666666666667,0.0,1.1111111111111112,4.861111111111111,2.5,0.0,0.0,1.4,1.1111111111111112,7.0,6.666666666666666,5.180555555555555,0.0,1.1111111111111112,0.41666666666666663,0.6666666666666666,14.88888888888889,7.444444444444445,3.0,3.833333333333333,0.0,0.7142857142857142,0.4,8.697222222222223,1.6666666666666665,0.0,0.0,0.0,1.6666666666666665,0.0,24.19675925925926,1.3571428571428572,0.0,8.819444444444445,0.6666666666666666,7.5,31.63888888888889,0.0,5.0,0.0,1.25,6.4930194805194805,25.972077922077922,0.0,0.0,2.5,0.0,2.5,0.0,64.41335978835978,0.625,15.833333333333332,0.0,0.0,0.4,0.625,0.8333333333333333,0.0,0.0,0.0,10.839285714285714,0.0,1.0,7.972222222222222,46.79259259259259,0.0,1.0,3.3730158730158726,17.410714285714285,156.21759259259258
3359.7270062923294,207.41920394420393,983.9559751651857,738.2886664261664,694.7942103920045,819.0335594273599,564.2092372134039,1191.2135054801454,344.4421643458021,663.0862934587199,241.05360944883003,649.9135780885781,343.3459715706998,438.7792302592974,138.8971408221408,370.7477192017238,204.29145543783702,421.00127450235806,480.03056575413854,157.05536616161615,169.1104828042328,323.49440144770114,154.0476861101861,434.7065981948335,463.37492204146616,380.4766828285953,136.7108898583357,355.47514269938466,341.7963965318132,121.01203413316416,62.612518037518036,77.81840675664205,88.43515512265512,55.0344215969216,37.61170634920635,120.23484977324263,122.946158008658,200.8495909183409,151.42846366596368,232.14625799924713,616.2166548693251,144.83033979908978,114.70396825396824,206.96546664120194,174.0729377104377,282.9185606060606,515.3865455486779,286.23093734968734,22.518999518999518,55.03330928330928,22.57936507936508,45.5155303030303,163.84038220551378,51.975567025567024,52.26469176818014,114.84875541125541,52.51733193277311,21.1125,72.64583333333333,114.7280695611578,227.01766124670536,46.40779719216791,68.04166666666666,36.77920574795575,166.95049302549302,34.651289682539684,76.88994708994709,77.34567446442446,55.891865079365076,15.214285714285714,53.570188492063494,22.91797201336675,13.765873015873016,27.15,36.77920574795575,43.966939128123336,115.41468253968253,108.7063265137057,28.524620681605974,10.910169623404917,34.002405002405,8.75,51.48733211233211,45.047619047619044,49.15972222222222,45.665043290043286,24.063492063492063,21.743055555555554,25.595238095238095,85.57984492359492,48.155250305250306,22.583333333333332,24.811728549228548,6.250819925625346,84.33646300093667,40.384968102073366,0.41672132837502307,37.34390031265031,0.5555555555555556,2.5347222222222223,35.19148565859092,41.53294573643411,22.473214285714285,15.145833333333332,4.167213283750231,14.583333333333332,0.41672132837502307,1.875,14.693055555555555,74.0598544973545,0.41672132837502307,23.430090742590743,0.41672132837502307,15.839285714285714,0.41672132837502307,0.41672132837502307,30.645833333333332,48.192351299494156,144.97453703703704,8.603683353683353,20.601190476190474,189.25378787878788,28.769420394420393,88.73214285714285,34.84834956709957,8.172619047619047,82.8555254930255,6.197916666666666,14.284271284271284,17.579563492063492,7.0,13.583333333333332,71.91833276372749,24.82142857142857,21.03440419229893,1.6565656565656566,15.849537037037036,5.694444444444445,102.2736516955267,5.310096153846153,3.555555555555556,14.428751803751803,38.66865079365079,24.18855676328502,22.277777777777775,20.119047619047617,18.416308361840798,9.208154180920399,11.652777777777779,5.444444444444445,5.472222222222222,3.1666666666666665,4.888888888888889,5.833333333333333,6.8769841269841265,0.0,6.180555555555555,5.273809523809524,29.497519841269842,40.910714285714285,25.370791245791246,9.583333333333332,0.0,25.058531746031743,7.003968253968253,7.826388888888888,6.582010582010582,12.175925925925926,12.720238095238095,11.916666666666666,8.333333333333332,13.488499611914467,53.95399844765787,2.6666666666666665,0.41666666666666663,1.1111111111111112,0.0,1.0773809523809523,0.0,15.416666666666666,6.345238095238095,7.8184523809523805,14.1010101010101,0.0,3.666666666666667,3.8134920634920633,0.0,6.19047619047619,0.0,0.0,5.229166666666666,4.285714285714286,0.0,18.858333333333334,19.48611111111111,12.133928571428571,9.008267195767194,11.666666666666666,0.625,25.36111111111111
769.3482142857142,89.11507936507937,89.49819624819625,182.06884319384318,405.4763305322129,164.10416666666666,224.90608465608466,170.8005459867162,50.84722222222222,172.3559704184704,23.765873015873016,310.1161816578483,46.30555555555556,37.901124338624335,3.1646825396825395,40.65277777777778,39.125,219.6031746031746,84.13015873015873,11.95138888888889,14.765873015873016,108.75099206349206,74.77513227513228,70.17724867724867,149.54794973544972,16.132275132275133,16.721230158730158,40.416997354497354,60.91468253968254,11.277777777777779,0.22222222222222224,2.4444444444444446,207.99101307189542,23.27777777777778,3.1944444444444446,108.02182539682539,5.416666666666666,4.011904761904762,6.565656565656566,444.1592592592593,21.756944444444443,23.625,16.208333333333332,19.432539682539684,253.33862433862433,32.24206349206349,74.23214285714286,11.214285714285714,26.086309523809522,7.148148148148148,6.0,29.023809523809522,17.22222222222222,0.0,49.77453102453102,22.358465608465607,49.27738873327108,0.0,68.84920634920634,204.23033448033448,24.63888888888889,1.25,94.13888888888889,14.305555555555555,0.0,0.0,3.0,4.388888888888889,0.0,0.0,11.078373015873016,0.0,2.0,0.0,11.805555555555555,1.6666666666666665,43.824074074074076,5.625,32.9537037037037,0.0,0.0,0.37037037037037035,68.17526455026454,0.6666666666666666,0.3333333333333333,1.1111111111111112,0.0,10.305555555555555,23.941468253968253,1.1111111111111112,0.0,4.333333333333333,7.138888888888889,32.260052109485876,0.0,17.291666666666664,2.150670140632392,0.0,0.0,0.0,1.25,32.26190476190476,8.75,1.4285714285714284,22.756701406323916,0.0,2.150670140632392,0.0,0.0,33.38690476190476,2.150670140632392,18.287037037037038,2.150670140632392,4.333333333333333,2.150670140632392,2.150670140632392,0.0,10.234006734006734,14.916666666666666,0.0,2.5,9.23611111111111,1.5,6.666666666666666,0.0,16.333333333333332,17.46031746031746,3.290895061728395,0.0,1.25,0.0,2.0277777777777777,0.0,21.38888888888889,0.0,0.0,0.0,0.0,1.1111111111111112,0.0,5.0,4.055555555555555,11.25,1.1111111111111112,0.5,0.0,17.916666666666664,8.958333333333332,0.0,1.6666666666666665,0.0,0.7142857142857142,0.0,27.38888888888889,1.1111111111111112,0.0,0.0,0.0,2.375,0.0,2.210648148148148,5.357142857142858,0.0,1.1111111111111112,0.0,0.6666666666666666,8.13888888888889,1.6666666666666665,0.9375,0.0,1.25,25.02363445378151,100.09453781512605,0.41666666666666663,0.0,0.0,0.0,1.25,0.0,93.50859788359789,0.625,12.5,2.333333333333333,1.25,0.0,0.2777777777777778,3.333333333333333,0.0,0.0,0.0,4.652777777777778,0.0,0.0,0.0,56.34259259259259,0.0,1.0,8.61111111111111,2.9107142857142856,194.0648148148148
3933.596569363442,665.1868723868723,1871.449017839459,1264.9311728576433,1758.978071003071,1443.8936017141898,1001.0935305435305,1750.7911957323722,198.37040157554864,503.1404586154586,373.26018053297463,938.8834725459725,343.0446590174531,428.1097721722722,259.79460868652046,747.3593674843675,170.6574414283973,480.34942350288986,483.49548969548965,420.4766218103403,158.96644896497838,325.39393106893107,437.06189994645877,655.0985099187304,2592.9192221721632,173.53462920521744,374.3543422808129,138.64643782143781,93.83236940075174,247.17659905454022,176.54053930818637,77.35914350200065,154.52819640676782,194.94033082930142,6.908730158730159,70.39688552188552,186.39210557960558,93.3650434668817,225.59830447330447,19.494505494505493,210.72515725015725,401.9921472046472,179.2394401894402,761.1995971620971,260.72850529100526,400.1338557276057,278.9298941798942,62.709119448090036,51.72953206535139,4.791666666666666,72.77746371275782,37.83887593887594,253.91182273608743,73.91729797979798,29.614915966386555,12.717948717948717,119.12254194607135,19.173641173641172,1.976190476190476,7.995370370370369,71.13750881471469,11.321428571428571,423.96468253968254,16.74394151600034,60.05303724053724,11.16848544973545,9.20238095238095,75.60025252525253,13.797619047619047,5.193121693121693,29.14309371184371,2.702297702297702,41.708333333333336,12.003066378066379,12.827274849333673,24.23112073112073,16.77777777777778,33.31245421245421,56.29502023031434,8.677583527583527,4.236111111111111,27.25128205128205,8.039285714285715,5.5,26.96825396825397,14.488095238095237,9.797942797942797,169.50369167869167,102.64878408628408,2.3595848595848596,35.55072242572243,4.508954008954008,22.558862433862434,2.46031746031746,0.5833333333333333,12.9,3.497354497354497,32.973089873089876,0.7291666666666666,32.5281746031746,25.385078347578347,16.86183261183261,86.66971288515406,17.737211726182313,1.64021164021164,16.032952232952233,0.164021164021164,8.544973544973544,16.75132275132275,9.525853231735585,0.164021164021164,44.285714285714285,0.164021164021164,3.231837606837607,0.164021164021164,0.164021164021164,49.55137085137085,2.3030303030303028,81.32208393458393,1.1247613755353694,9.920634920634921,133.07974987974987,21.48148148148148,266.8971809236515,2.090909090909091,3.6478174603174605,3.6738095238095236,7.837995337995338,13.459920634920634,15.539285714285713,11.414141414141413,40.8573026180169,7.848484848484849,22.04563492063492,1.25,1.8809523809523807,3.874537037037037,1.6367521367521367,0.8333333333333333,2.1845238095238093,13.468253968253967,10.027523402523402,49.230555555555554,3.6565656565656566,64.50523370964547,3.2878787878787876,2.4722222222222223,1.2361111111111112,4.261904761904762,10.578042328042327,9.4197790227202,8.527777777777777,33.0,0.5,3.5109126984126986,7.174603174603174,4.519230769230769,57.89722222222222,78.43134920634921,0.6666666666666666,0.0,1.3675213675213675,4.607142857142857,19.518278018278018,5.862481962481962,8.872294372294371,3.4166666666666665,18.291666666666664,5.220416157916158,14.450793650793651,4.738095238095238,0.9196969696969697,3.6787878787878787,15.181890658361246,0.0,3.8934523809523807,0.0,12.711026936026935,75.84166666666667,161.21626984126985,2.895833333333333,2.080808080808081,0.3333333333333333,1.6111111111111112,102.06031746031745,6.256944444444444,0.47619047619047616,2.7222222222222223,0.0,0.0,33.74334554334554,10.122852379818324,2.6666666666666665,7.5500555000555,9.666666666666666,3.439814814814815,0.2857142857142857,0.3333333333333333,1.0,1.25
1177.5280603655603,76.73214285714285,317.624531024531,201.19126984126984,302.62240537240535,331.7923742923743,897.6778318903318,317.018731962482,52.029761904761905,166.3920274170274,149.44642857142856,236.97321428571428,97.45935404464817,70.82058239962652,28.896475256769374,69.61979918229918,24.303266178266178,97.6257055852644,435.70508935508934,235.37741563991563,41.114607614607614,87.91884920634921,137.48448773448771,116.8336038961039,318.57815656565657,96.3125,62.795634920634924,154.41275853775852,241.82242063492063,94.04924242424242,57.79220779220779,15.23482142857143,16.904761904761905,42.46279761904761,32.27777777777778,5.416666666666666,51.985119047619044,69.08690476190476,136.38505244755245,25.57142857142857,481.5341117216117,93.61507936507935,30.29365079365079,156.16098484848484,106.21067927170868,320.1347222222222,398.9775132275132,161.20165945165945,47.73611111111111,0.0,47.089285714285715,10.095238095238095,37.05952380952381,19.950396825396822,0.8333333333333333,0.0,16.5,23.5,0.8333333333333333,0.0,57.63599664224664,11.333333333333332,83.71428571428571,1.25,42.26190476190476,13.885416666666666,34.20238095238095,83.95833333333333,20.20238095238095,0.14705882352941177,84.70833333333333,3.095238095238095,34.666666666666664,1.025,1.25,5.499999999999999,2.0,31.01190476190476,10.48611111111111,61.19047619047619,0.625,23.142857142857142,16.666666666666668,5.0,31.833333333333332,9.5,8.044626941685765,19.25,16.675,13.75,14.466666666666667,3.208333333333333,21.836904761904762,0.0,0.9166666666666666,2.5,0.0,264.6904761904762,0.0,2.361111111111111,16.97222222222222,0.0,12.5,11.666666666666666,0.0,9.333333333333332,0.0,2.5,1.2000000000000002,2.333333333333333,0.0,17.214285714285715,0.0,0.0,0.0,0.0,6.982142857142857,7.3809523809523805,378.63095238095235,0.09259259259259259,21.666666666666668,30.910714285714285,41.01587301587301,75.7063492063492,5.416666666666666,2.673611111111111,20.5,14.285714285714285,68.625,2.109126984126984,1.1111111111111112,1.3888888888888888,0.8333333333333333,11.666666666666666,27.01190476190476,0.4444444444444445,11.979166666666666,6.428571428571429,48.5625,11.579365079365079,2.5,7.857142857142857,0.0,0.0,3.7916666666666665,61.416666666666664,0.25,0.125,0.0,2.6666666666666665,6.145833333333333,2.763888888888889,0.0,0.0,3.333333333333333,0.47619047619047616,0.0,8.654761904761905,74.34523809523809,2.8571428571428568,0.0,0.625,0.0,0.0,10.059523809523808,0.0,0.0,4.583333333333333,4.428571428571429,10.0,0.0,0.0,0.0,14.0,0.0,0.0,1.3095238095238093,2.5,11.833333333333332,3.236111111111111,20.0,2.5,0.0,0.0,11.261904761904761,1.1111111111111112,0.0,1.0,2.5,0.0,5.75,5.833333333333333,6.5476190476190474,4.333333333333333,0.0,2.0,0.0,1.6666666666666665,0.0,0.0
480.4183941058941,147.1082251082251,80.91017316017316,141.96834415584414,127.16071428571428,548.1190476190476,176.5753968253968,142.28203495850553,71.75165343915343,56.704365079365076,53.08928571428571,71.27480158730158,51.541666666666664,71.78108465608466,30.20680708180708,97.625,96.48273809523809,61.167748917748916,139.48611111111111,60.10039682539682,10.63888888888889,59.77861721611721,13.658730158730158,98.11300505050505,52.50604256854257,29.454695767195766,19.384920634920636,29.81956115779645,31.64781746031746,61.607142857142854,28.422619047619047,38.391955266955264,7.458333333333333,52.632936507936506,27.907738095238095,5.173611111111111,5.25,42.38988095238095,21.786706349206348,5.256944444444445,12.284722222222221,14.666666666666666,9.756944444444445,0.0,0.8333333333333333,0.0,0.0,0.8333333333333333,3.625,24.083333333333332,56.970238095238095,59.48015873015873,0.0,6.458333333333333,0.0,4.780753968253968,5.0,14.574404761904761,7.833333333333333,0.0,0.0,25.069113756613756,4.833333333333333,0.3125,3.986111111111111,3.333333333333333,16.25,0.0,6.448412698412698,27.845899470899468,0.41666666666666663,4.458333333333333,4.5,0.8333333333333333,0.3125,1.759259259259259,1.25,3.333333333333333,0.0,4.388888888888889,3.541666666666666,3.5416666666666665,2.1666666666666665,1.75,0.0,1.1666666666666665,7.765873015873016,1.488095238095238,2.2916666666666665,3.083333333333333,0.0,26.08730158730159,7.166666666666666,4.558289591496423,9.423076923076923,6.770833333333333,0.2761081949886504,0.0,5.013888888888889,13.714285714285714,0.0,0.0,0.0,0.0,2.761081949886504,4.583333333333333,0.2761081949886504,6.25,2.0,0.5,0.2761081949886504,0.3571428571428571,0.2761081949886504,1.6666666666666665,0.2761081949886504,0.2761081949886504,0.0,1.25,0.0,3.0060185185185184,3.482142857142857,0.0,0.0,0.0,0.625,0.0,2.5,1.25,0.625,0.0,0.0,20.50595238095238,1.875,1.0416666666666665,0.0,4.3910256410256405,0.0,1.25,0.0,1.2291666666666665,0.0,0.0,1.0416666666666665,0.0,1.1111111111111112,0.0,0.0,0.0,4.583333333333333,0.0,0.0,0.0,0.0,2.5,1.25,0.5,2.5,0.0,0.0,0.0,0.0,0.0,1.3333333333333333,3.3988095238095237,1.3194444444444444,0.0,2.0238095238095237,4.8809523809523805,0.0,0.0,0.0,0.0,0.0,0.625,1.964285714285714,0.0,0.0,0.0,2.9166666666666665,0.0,0.0,0.0,0.0,0.0,0.0,0.0,0.0,0.0,11.083333333333332,3.333333333333333,0.0,2.8666666666666667,0.0,0.0,0.0,0.0,0.0,7.4375,0.0,0.0
1390.4679160587905,86.99066152389322,626.4773574654592,310.25694444444446,241.19872659062366,106.19444444444444,259.7164175693587,509.3663284397507,218.56907448887873,235.46924603174602,277.37728927876066,270.88263218263216,95.65237768256061,369.0300975328611,163.8420797468785,135.87037037037035,11.875,153.4563492063492,22.77777777777778,9.740833757045587,161.34325396825395,218.97916666666666,119.47222222222221,192.22420634920636,211.7283891033891,127.66666666666666,47.73611111111111,81.63194444444444,9.77973448120507,93.50694444444444,25.740079365079364,6.766339869281046,0.0,65.32695520853416,20.513888888888886,5.238095238095238,63.06481481481482,20.416666666666664,70.33333333333333,1.9166666666666665,62.69444444444444,86.58814102564102,18.55530870591846,305.83736524548414,154.9746225996226,74.92322194456341,16.263888888888886,72.10416666666666,6.479166666666666,0.0,12.806422743922743,14.666666666666666,27.854166666666668,5.818783068783068,2.5,3.333333333333333,12.333333333333332,14.980392156862745,0.41666666666666663,2.5,20.138888888888886,6.601803621917473,1.1111111111111112,0.0,18.293650793650794,8.713868538868539,4.416666666666666,3.333333333333333,7.333333333333333,5.9640522875816995,6.111111111111111,0.0,4.583333333333333,6.666666666666666,0.0,1.6666666666666665,0.0,0.0,15.375,11.38888888888889,4.416666666666666,0.0,0.0,0.0,18.645833333333332,14.416666666666666,2.9166666666666665,23.27777777777778,0.0,2.071428571428571,0.5,1.25,0.0,0.0,0.0,3.333333333333333,0.0,1.6666666666666665,2.5,5.541666666666666,3.888888888888889,0.0,16.35518416768417,11.547619047619047,0.0,8.61111111111111,0.0,0.0,4.444444444444445,0.0,0.0,1.6666666666666665,0.0,1.25,0.0,0.0,0.0,0.0,3.333333333333333,0.0,0.0,88.45833333333333,1.6666666666666665,84.29144889663182,0.0,10.833333333333332,0.0,0.0,13.75,4.111111111111111,1.3034188034188035,0.0,0.0,0.0,0.0,1.25,3.134920634920635,4.166666666666666,2.7777777777777777,1.25,0.0,0.0,0.0,1.25,3.7499999999999996,1.6666666666666665,2.2222222222222223,1.1111111111111112,0.0,0.0,1.6666666666666665,1.25,0.0,0.0,1.4166666666666665,0.0,0.0,1.3095238095238093,0.0,4.166666666666666,0.0,0.8333333333333333,0.0,0.0,0.41666666666666663,1.4583333333333333,0.0,0.0,3.063725490196078,0.0,0.0,0.0,0.0,0.0,0.0,0.47619047619047616,0.0,1.1111111111111112,0.0,5.083333333333333,0.0,0.0,0.0,0.0,0.0,2.833333333333333,0.0,0.0,0.9523809523809523,2.5,1.1111111111111112,0.0,2.5,2.5,0.0,0.0,0.0,0.0,0.0,7.5
366.47450417799257,33.154761904761905,249.46428571428572,158.30555555555554,123.1984126984127,137.01190476190476,233.0,127.82936507936508,45.61111111111111,58.61111111111111,12.125,73.48809523809524,42.08333333333333,109.375,66.75,48.263888888888886,22.833333333333332,87.27380952380952,10.833333333333332,10.047619047619047,38.92857142857143,127.25,11.666666666666666,37.55555555555556,113.92857142857143,42.416666666666664,40.243589743589745,23.333333333333332,25.0,30.833333333333332,5.75,0.0,30.138888888888886,12.777777777777777,6.666666666666666,5.0,12.5,15.833333333333332,10.555555555555555,15.714285714285714,32.416666666666664,48.0,25.625,73.86111111111111,59.15277777777778,63.214285714285715,8.541666666666666,14.166666666666666,1.6666666666666665,5.347222222222222,2.5,8.833333333333332,59.44444444444444,10.833333333333334,2.5,0.0,2.0,5.833333333333333,0.0,0.0,7.5,14.166666666666666,3.333333333333333,3.333333333333333,9.166666666666666,0.0,12.5,5.0,16.5,8.5,3.849206349206349,0.0,0.47619047619047616,24.166666666666664,3.333333333333333,0.0,0.0,0.0,21.666666666666664,6.25,7.166666666666666,1.6666666666666665,7.222222222222221,0.0,5.833333333333333,5.0,0.0,3.0,3.333333333333333,7.5,2.5,0.8333333333333333,5.833333333333333,0.0,0.0,10.833333333333332,0.0,0.0,0.0,0.0,3.333333333333333,59.587141540629915,6.458333333333333,12.916666666666666,0.0,0.0,0.0,10.0,5.0,0.0,0.0,7.499999999999999,0.0,0.0,0.0,0.0,0.0,1.25,0.0,12.181814309721286,1.6666666666666665,33.666666666666664,0.0,15.61111111111111,0.0,3.5,0.0,0.0,1.6666666666666665,0.0,21.333333333333332,5.833333333333333,0.0,0.0,3.75,0.0,0.0,4.583333333333333,5.0,0.0,0.0,3.4722222222222223,0.0,0.0,7.5,0.0,0.0,0.0,0.0,7.5,0.0,3.6666666666666665,0.0,0.0,5.0,0.0,0.0,0.0,0.0,0.0,0.0,0.0,0.0,2.9166666666666665,0.0,0.0,0.0,1.25,0.8333333333333333,2.5,0.0,0.0,0.0,0.0,0.0,8.333333333333332,0.0,9.166666666666666,0.0,0.0,0.0,2.5,0.0,4.166666666666666,0.0,0.0,15.0,0.0,0.0,0.0,0.0,42.13632878749158,0.0,2.5,3.2142857142857144,0.0,0.0,0.0,0.0,3.75
6222.78259067432,434.844616673494,3157.2973239396847,1738.4504449254448,2587.8487682796504,1930.2607522107521,907.8325377351692,2560.850771750071,248.11172438672438,1210.2541837791837,580.2476994031872,826.5156523215346,258.7933982683983,1102.0156030555272,249.30509768009767,928.9365446032725,187.64246031746032,733.9329078329079,834.3327328774932,418.9716344444605,173.8964785214785,415.6471463721464,825.3238354238354,1059.61488661121,2775.8508593258593,465.91872082166196,472.6669025419025,354.5723484848485,44.80357142857143,252.59604978354977,117.99086099086098,17.583333333333332,156.10701798201796,302.6809884559884,18.97462121212121,170.93055555555554,167.81358225108224,43.776984126984125,394.93643856143854,116.91800144300144,153.38472222222222,428.2945526695527,128.06328856328855,717.3252044252044,900.1987945237945,757.2613675554464,153.59722222222223,55.36164021164021,93.12554112554112,0.7142857142857142,98.19209956709956,12.922979797979798,501.89304538054535,74.45021645021644,75.30515873015872,75.68253968253968,195.3138528138528,5.0,10.791666666666666,18.00925925925926,31.581349206349206,9.916666666666666,283.25660173160173,19.720906544435955,44.38690476190476,14.712301587301587,12.336507936507937,48.630158730158726,6.625,3.75,76.02579365079364,6.5427738927738925,40.93373015873016,6.386544011544012,9.922295433324845,18.976190476190474,2.609126984126984,356.15555555555557,129.73621933621934,7.678571428571429,4.4642857142857135,27.94702380952381,34.59126984126984,10.833333333333334,65.03571428571428,10.015151515151516,2.2222222222222223,206.42380952380952,142.0986050986051,3.6666666666666665,1.3055555555555556,0.20833333333333331,74.91596459096459,16.456481291205296,2.9444444444444446,19.5,1.0970987527470197,20.693181818181817,4.809523809523809,9.865079365079364,100.85095598845598,6.046176046176046,288.14022959611196,39.42857142857143,11.80432086080353,22.93444055944056,1.0970987527470197,17.819444444444443,17.220238095238095,44.00912486206604,1.0970987527470197,54.45454545454545,1.0970987527470197,12.958333333333334,1.0970987527470197,1.0970987527470197,21.704545454545453,85.87301587301587,229.25429894179894,12.291952664340057,19.77777777777778,527.6256493506494,9.599206349206348,1004.393413993414,12.5,24.770833333333332,20.208333333333332,2.631578947368421,23.47943722943723,15.412698412698411,12.083333333333332,10.875,13.583333333333334,9.541666666666666,0.0,1.5476190476190474,2.0,36.12958152958153,0.4,2.9166666666666665,55.076719576719576,32.80163817663818,35.66203703703704,7.277777777777778,129.24621212121212,6.25,3.488095238095238,1.744047619047619,27.005291005291003,22.625,17.074404761904763,3.333333333333333,19.46969696969697,0.41666666666666663,4.75,31.0021645021645,7.916666666666666,49.623168498168496,262.80067155067155,0.0,3.583333333333333,8.571428571428571,5.877344877344877,58.92558190719956,47.68282828282828,7.158189033189033,4.166666666666666,21.25,33.485449735449734,8.75,4.974823089521337,29.393034677292317,117.57213870916927,15.692640692640692,14.761904761904761,4.166666666666666,0.0,8.055555555555555,24.928571428571427,95.47619047619047,5.666666666666666,1.0,0.0,3.8095238095238093,5.0059523809523805,11.25,0.0,9.574074074074074,6.666666666666666,0.0,66.75487012987013,42.959991561478105,5.027777777777778,17.678571428571427,33.166666666666664,9.259259259259258,25.270195831795235,1.0476190476190474,17.357142857142854,5.0
262.47628066378064,13.19047619047619,469.94680735930734,154.47457264957265,71.66468253968254,34.916666666666664,26.010551948051948,26.226190476190474,12.5,56.833333333333336,21.523809523809522,12.779761904761905,7.7354700854700855,23.558333333333334,39.69583333333333,1.8333333333333333,2.0,39.625,6.458333333333333,48.30555555555556,6.851851851851852,7.333333333333333,36.58333333333333,14.488095238095237,23.654761904761905,11.333333333333332,2.5,41.291666666666664,8.625,30.25595238095238,23.198412698412696,2.0,14.402777777777779,1.83003663003663,2.6666666666666665,4.642857142857142,12.491666666666667,0.0,0.0,7.185185185185185,63.60185185185185,5.875,0.5,4.357142857142857,48.785714285714285,27.36417748917749,17.666666666666668,1.3333333333333333,2.583333333333333,0.0,0.0,0.0,9.13095238095238,0.0,10.25,2.5,29.444444444444443,3.833333333333333,5.0,0.0,13.714285714285714,1.5,5.0,0.0,0.0,22.5,0.0,1.2916666666666665,0.0,7.619047619047619,2.5,0.0,0.0,0.0,0.0,0.0,0.0,0.0,8.273809523809524,1.5476190476190474,1.875,5.0,2.0,2.5,0.0,1.4583333333333333,0.0,11.15,0.0,0.0,0.8333333333333333,0.0,0.625,0.0,0.25,0.0,0.0,2.5,0.0,0.0,8.666666666666666,0.0,4.166666666666666,3.333333333333333,0.0,0.0,0.0,0.0,1.25,0.0,0.0,0.5555555555555556,0.0,0.0,0.0,0.0,0.0,1.0,0.0,0.0,0.0,1.25,1.3333333333333335,2.5,0.0,0.0,0.0,0.0,0.0,0.7083333333333333,1.0,0.0,0.0,0.0,0.0,0.0,0.0,1.125,0.0,5.75,0.0,0.0,0.0,0.0,0.625,0.9821428571428571,0.0,0.0,0.0,0.41666666666666663,0.0,0.0,0.0,0.0,1.25,0.0,0.0,0.0,1.6666666666666665,1.0,0.0,0.0,2.9166666666666665,0.0,1.0,0.0,0.0,0.0,0.4,0.0,0.0,0.0,0.0,0.0,0.0,0.0,0.0,1.0,0.0,2.5,0.0,0.0,0.0,0.0,0.0,0.0,0.0,0.0,0.0,0.0,0.0,0.0,0.0,0.5,0.0,0.41666666666666663,0.0,0.0,0.0,1.6666666666666665
0.0,0.0,0.0,0.0,0.0,0.0,0.0,0.0,0.0,0.0,0.0,0.0,0.0,0.0,2.5,0.0,0.0,0.0,0.0,0.0,0.0,0.0,0.0,0.0,0.0,0.0,0.0,0.0,0.0,0.0,0.0,0.0,0.0,0.0,0.0,0.0,0.0,0.0,0.0,0.0,0.0,0.0,0.0,0.0,0.0,0.0,0.0,0.0,0.0,0.0,0.0,0.0,0.0,0.0,0.0,0.0,0.0,0.0,0.0,0.0,0.0,0.0,0.0,0.0,0.0,0.0,0.0,0.0,0.0,0.0,0.0,0.0,0.0,0.0,0.0,0.0,0.0,0.0,0.0,0.0,0.0,0.0,0.0,0.0,0.0,0.0,0.0,0.0,0.0,0.0,0.0,0.0,0.0,0.0,0.0,0.0,0.0,0.0,0.0,0.0,0.0,0.0,0.0,0.0,0.0,0.0,0.0,0.0,0.0,0.0,0.0,0.0,0.0,0.0,0.0,0.0,0.0,0.0,0.0,0.0,0.0,0.0,0.0,0.0,0.0,0.0,0.0,0.0,0.0,0.0,0.0,0.0,0.0,0.0,0.0,0.0,0.0,0.0,0.0,0.0,0.0,0.0,0.0,0.0,0.0,0.0,0.0,0.0,0.0,0.0,0.0,0.0,0.0,0.0,0.0,0.0,0.0,0.0,0.0,0.0,0.0,0.0,0.0,0.0,0.0,0.0,0.0,0.0,0.0,0.0,0.0,0.0,0.0,0.0,0.0,0.0,0.0,0.0,0.0,0.0,0.0,0.0,0.0,0.0,0.0,0.0,0.0,0.0,0.0,0.0,0.0,0.0,0.0,0.0,0.0,0.0,0.0,0.0,0.0,0.0
332.26083664234926,57.75396825396825,117.9245152334438,104.3507880435125,72.848828420257,52.77777777777777,61.53481240981241,46.25474987974988,43.637265512265515,27.38888888888889,12.771825396825395,130.3252684407096,40.725533195734435,66.62414410208528,11.069911297852475,107.64667277167277,17.648526077097504,39.261752136752136,20.13888888888889,10.666666666666666,15.402777777777777,9.920634920634921,19.8015873015873,44.98496642246642,11.041666666666668,14.11111111111111,38.47123015873016,19.01388888888889,21.856060606060606,12.355769230769232,10.416666666666666,67.04628214922332,15.625,10.269841269841269,5.349206349206349,27.666666666666664,17.814102564102566,7.066666666666666,1.1111111111111112,3.333333333333333,20.817307692307693,3.263888888888889,5.420634920634921,4.166666666666666,1.0,3.333333333333333,4.791666666666666,28.083333333333332,0.0,9.444444444444443,19.46825396825397,8.020833333333334,1.25,2.698412698412698,3.333333333333333,4.817063492063492,5.125,0.0,14.845238095238095,3.958333333333333,1.5476190476190474,1.4682539682539684,0.0,16.86111111111111,5.833333333333333,4.458333333333333,3.3333333333333335,0.0,13.392857142857142,4.388888888888888,9.583333333333334,1.25,3.333333333333333,1.3333333333333333,5.813492063492063,16.419642857142858,7.645833333333333,16.812770562770563,0.0,6.8809523809523805,3.333333333333333,0.0,10.0,0.41666666666666663,0.0,2.2756410256410255,0.0,0.0,0.0,0.0,6.666666666666667,0.0,0.0,0.0,3.125,0.0,0.0,0.0,8.583959899749372,4.0,0.0,3.3333333333333335,0.0,0.0,0.0,0.0,0.0,11.944444444444445,0.0,30.638694638694638,0.0,0.7142857142857142,0.0,3.6666666666666665,0.0,0.0,6.555555555555555,10.61111111111111,3.373015873015873,0.43040293040293043,5.083333333333333,0.0,0.0,0.0,0.0,0.0,7.333333333333333,3.333333333333333,5.27046783625731,1.625,0.0,1.0555555555555554,0.0,0.0,0.0,14.72420634920635,4.722222222222222,0.6944444444444444,4.25,0.0,10.416666666666666,0.0,3.761904761904762,1.4285714285714284,0.0,0.0,0.5,0.25,0.625,0.6666666666666666,0.0,0.0,17.083333333333332,1.6666666666666665,0.0,6.944444444444445,0.0,12.648809523809524,0.8333333333333333,0.0,14.166666666666666,5.222222222222222,10.756944444444445,0.0,0.0,0.0,0.625,1.6666666666666665,0.0,3.645833333333333,1.6666666666666665,0.3571428571428571,1.4285714285714284,3.958333333333333,0.41666666666666663,0.0,10.555555555555555,0.0,2.0,0.0,3.75,3.333333333333333,0.0,1.0714285714285712,1.6666666666666665,0.3571428571428571,3.7625313283208017,1.0714285714285712,6.666666666666667,3.8690476190476186,0.0,3.8736263736263736,0.0,0.0,0.0,0.0,2.2916666666666665,0.0,0.9821428571428571,0.0
738.8118686868687,609.8712121212121,117.95436507936508,152.75,101.16618566618565,93.54563492063491,298.984126984127,111.12301587301587,142.71266233766232,116.71428571428571,52.99801587301587,68.13690476190476,91.72023809523809,79.32539682539682,37.541666666666664,139.13095238095238,59.18386243386243,82.36772486772486,82.8670634920635,17.726190476190474,12.658730158730158,75.71049783549783,36.45238095238095,214.28174603174602,47.24025974025974,20.845598845598847,22.09325396825397,85.11706349206348,47.4287518037518,145.11507936507937,45.61111111111111,21.075396825396826,25.625,53.19642857142857,33.37391774891775,11.825396825396824,13.222222222222221,30.057720057720058,15.009920634920633,6.111111111111111,10.992063492063492,8.519841269841269,12.444444444444445,0.0,1.25,0.0,0.0,5.2896825396825395,6.25,11.242063492063492,77.24404761904762,49.82539682539682,0.0,19.791666666666664,0.625,5.492063492063492,0.0,11.882936507936508,9.166666666666666,62.49206349206349,0.0,52.73148148148148,0.0,0.0,4.833333333333333,4.0,12.511904761904761,0.0,6.677489177489178,13.56547619047619,0.0,7.333333333333333,3.0416666666666665,0.0,0.0,5.625,0.0,0.0,0.0,5.166666666666666,14.714285714285714,2.208333333333333,0.0,2.2916666666666665,6.0,1.3333333333333333,7.904761904761904,0.0,5.0,3.888888888888889,0.0,30.83928571428571,5.5476190476190474,1.8333333333333333,6.166666666666666,3.333333333333333,0.0,0.0,45.44642857142857,6.3809523809523805,0.8333333333333333,2.5,0.0,1.6666666666666665,0.0,5.654761904761904,0.0,1.25,0.0,0.0,0.0,0.0,0.0,6.0,0.0,0.0,0.8333333333333333,0.0,0.0,0.5,0.0,0.0,0.0,0.0,0.0,1.0,0.0,2.7777777777777777,3.095238095238095,0.0,0.0,27.226190476190474,1.875,0.0,0.0,8.75,1.6666666666666665,1.6666666666666665,0.0,0.0,2.8571428571428568,0.0,0.0,0.0,1.1111111111111112,0.0,0.0,0.0,0.0,0.0,1.0,0.0,0.0,2.5,0.0,0.0,0.0,3.6666666666666665,0.0,0.0,0.0,0.0,0.0,3.8392857142857144,2.5,0.0,0.0,4.333333333333333,0.0,0.0,0.0,0.0,0.0,1.4583333333333333,1.9642857142857142,0.0,5.0,0.0,4.166666666666666,0.0,0.8333333333333333,5.9523809523809526,5.833333333333334,0.0,0.0,0.0,0.0,15.388888888888888,56.75,0.0,0.0,0.0,2.5,0.0,0.0,1.25,0.0,17.5,0.0,0.0
4834.217184798936,1623.3466802447065,1209.3272330624068,1034.5959221355208,1047.521974513225,905.1930274402309,625.0581711598446,1249.3313033022591,545.6839400002763,604.8516392441296,775.5708771004823,549.8851608534818,492.22482119498034,436.7836990664196,259.7736167985781,430.0806130240682,449.5679712656089,823.0441456691457,241.18582438803026,553.1420099150362,209.71654202861296,331.6642863844102,293.9313736658938,284.7214277593913,264.9055152363976,312.7150786687533,322.9821174196174,228.24986492552281,119.31862581862582,259.46082852332853,239.40916069162637,563.4641134643824,184.41139443345324,43.64583333333333,206.90446440814088,251.8207197894698,53.55985403695273,189.342634406517,63.407738095238095,130.98448773448774,641.4224849224848,19.27727630127011,60.1753848003848,38.705449642949645,47.39021164021164,48.51731139231139,78.60140091390092,70.18167300179495,102.41266835016835,189.53077940577938,66.48046398046398,222.53940449528685,216.3005410410596,51.979166666666664,22.0,53.295138888888886,36.297230003112354,18.36327561327561,71.4020239020239,117.93991296013354,13.914141414141413,23.608585858585858,14.187289562289562,31.542605542605543,24.366060903246257,25.993853096794272,23.947991822991824,103.20069513819513,62.823412698412696,46.18939393939394,54.71077533577534,51.536907536907535,25.1031746031746,43.25709013209013,23.76238576238576,76.29049284678894,16.457875457875456,21.324675324675322,8.8364898989899,14.973214285714285,94.06524031524032,28.783730158730158,25.07142857142857,76.83465608465609,5.994919432419432,0.3333333333333333,26.82905982905983,3.0902777777777777,14.018217893217892,4.282917089213176,5.603535353535354,3.5101010101010104,4.889069264069264,33.01231404457211,22.31829189748929,11.50730289279637,1.6357415712254422,13.532999164578111,183.2616792929293,5.777116402116402,4.071428571428571,21.11111111111111,4.666666666666666,17.88095238095238,16.357415712254422,1.25,1.6357415712254422,30.969396838398385,3.409090909090909,6.75,1.6357415712254422,1.4393939393939394,1.6357415712254422,17.0,1.6357415712254422,1.6357415712254422,47.73715538847117,54.00396825396825,5.9572298093285045,59.370394897141445,11.333333333333332,2.5,9.73611111111111,0.39285714285714285,14.794612794612794,3.0,31.466961279461277,72.70781265600283,30.526785714285715,0.0,13.059855721620426,31.92779864471041,0.47646057855927393,49.27083333333333,2.0,86.49786324786325,32.916666666666664,0.5,0.9529211571185479,1.4925213675213675,2.5,2.6666666666666665,7.523809523809524,24.78105228105228,0.9259259259259259,2.5,0.0,0.0,20.624925727866902,2.7916666666666665,4.583333333333333,6.295518207282913,42.166666666666664,13.25,0.5833333333333333,19.22986694677871,13.596560846560847,0.0,2.8819444444444446,5.833333333333334,22.666666666666668,15.042328042328041,103.35455115060378,4.444444444444445,3.6458333333333335,2.125,14.527777777777779,5.874458874458874,2.9166666666666665,22.20899470899471,9.8015873015873,4.095238095238095,16.38095238095238,3.0476190476190474,11.551282051282051,0.0,69.47807734204792,0.8333333333333333,35.27146464646464,2.1818181818181817,35.95117845117845,27.086820586820586,11.75,10.079746642246644,13.125,4.916666666666666,43.734848484848484,25.081349206349206,94.04929403929404,67.92171717171718,0.0,15.314507198228128,10.416666666666666,1.1733058608058609,25.555555555555554,0.0,6.0227272727272725,15.579365079365079,5.333333333333333,8.333333333333332
1371.1795054346524,194.90602638102638,636.0483405483405,804.6587356543239,472.9938492063492,484.08308404558403,152.65138472638472,561.4828366078366,49.255158730158726,173.68074286824287,181.3825803825804,224.088943001443,65.54651239283592,411.67914446664446,36.66228354978355,193.80573916823917,52.726262626262624,203.29818977318976,85.72711038961039,20.920815295815295,24.516272616272616,91.1797582047582,327.60048146298146,340.06325983384806,1177.8335206188146,181.2963258963259,118.7280316905317,77.38194444444444,14.381818181818181,63.743322935234694,30.620220057720058,9.029419654419653,43.4515873015873,53.79587842712843,3.1507936507936507,15.928571428571427,62.87922077922078,18.070075757575758,54.99285714285714,14.997222222222222,19.05952380952381,146.66053807303805,55.235816035816036,201.7109126984127,130.37545093795094,144.31029942279943,19.083333333333332,5.9710197210197204,18.42891414141414,0.0,16.634199134199132,0.5,274.06752229252226,18.693001443001442,32.53472222222222,0.6944444444444444,72.73845598845598,1.9907407407407405,5.928571428571428,0.37037037037037035,2.395833333333333,0.0,21.894444444444446,9.320283882783883,2.333333333333333,12.71875,3.333333333333333,8.01096681096681,0.875,0.0,14.776785714285714,0.5594405594405594,7.194444444444445,3.9256854256854257,4.7131410256410255,3.405844155844156,0.0,30.27777777777778,72.42119408369408,3.6666666666666665,0.625,7.476190476190475,1.819047619047619,2.083333333333333,9.305555555555555,5.75,0.0,59.32738095238095,39.37993487993488,0.0,2.4166666666666665,0.0,23.827777777777776,1.2820512820512822,0.0,0.0,0.08547008547008547,15.045454545454545,0.0,2.4107142857142856,56.776785714285715,0.5,85.91130952380952,8.142857142857142,0.8547008547008548,1.6844405594405594,0.08547008547008547,0.0,1.5151515151515151,4.553571428571429,0.08547008547008547,10.083333333333332,0.08547008547008547,0.36363636363636365,0.08547008547008547,0.08547008547008547,2.515151515151515,0.0,159.96621896621897,0.0,1.5833333333333333,198.18080808080808,5.611111111111111,119.51237373737374,0.09090909090909091,0.6904761904761905,0.0,0.0,0.3125,0.9999999999999999,7.382783882783882,4.5,8.597222222222221,0.0,0.3125,0.0,0.7333333333333334,17.718614718614717,0.3125,0.0,15.333333333333332,1.9219576719576719,2.1428571428571423,2.7857142857142856,86.41958988723694,3.9166666666666665,0.25,0.125,0.0,12.607142857142858,0.4,0.0,0.0,0.0,0.41666666666666663,0.0,1.6666666666666665,11.071428571428571,268.96436202686203,0.0,0.0,0.0,1.3333333333333333,1.9328703703703702,4.270833333333333,2.422077922077922,0.0,6.833333333333334,2.9090608465608465,0.0,0.5,2.2190656565656566,8.876262626262626,0.7,0.0,2.2916666666666665,0.0,5.833333333333333,1.590909090909091,28.205357142857142,0.0,0.0,0.0,3.333333333333333,2.482142857142857,1.2828282828282829,0.0,1.0,2.5,0.0,26.110119047619047,0.0,2.130952380952381,9.095924908424909,20.125,0.9259259259259259,1.25,0.3333333333333333,0.0,0.0
6750.304929051117,1049.6523804128935,1692.412485063403,2695.676796433671,1709.1120452999803,595.7112715715657,2024.9894555470332,2453.2428072663715,457.3048500848875,740.1180577220985,425.2017018136213,983.638820139664,639.1663004686804,597.7736131833498,336.31112227913695,206.67260206898365,419.38624434560967,712.8121267117926,1053.923908687918,624.3069224391593,89.69537633419212,535.1987415319459,427.6752940858591,735.9391234818527,419.93966617532794,445.08086938860595,80.57820103872736,194.64074903823186,230.54996576246575,111.79840067340066,143.09814130197088,2148.619560196744,172.20081116423995,123.11959648538596,54.22479745486711,129.24523809523808,181.10809283309283,259.93310069496505,276.2381168410193,67.16887926887927,1332.0514047613892,110.49708105075752,122.33840230135996,92.88674843674843,6.285714285714286,91.07102948794125,704.2190707197286,257.8535948800655,82.84313464313463,55.585416435416434,78.04183409183409,110.16189069437468,120.97273243504861,70.36491517741517,0.5208333333333333,62.881746031746026,9.14935064935065,16.821886446886445,6.545400432900433,0.41291291291291293,475.2516384293667,66.4106053260465,122.16340465090465,16.144155827205363,155.9723950549844,54.39511920541332,12.989975302475303,103.71961973211972,45.941091115004156,7.268323996265172,33.524939311895835,98.02574808457162,62.64123108859951,108.13673622129504,15.88099793246852,32.2104566972988,19.651515151515152,73.65826395826396,24.01851851851852,31.246864246864245,7.404761904761904,12.106411862990809,37.31384711779448,1.65,72.5186988936989,25.056575149996203,222.7468730100309,19.005008607949783,4.902863218652692,8.753350815850816,59.96907536907537,0.5793650793650793,9.54519092019092,25.529061822482877,35.65693456869927,16.323646125116714,1.6413313942261312,15.373015873015873,40.91142192458606,3.407738095238095,4.6726190476190474,3.288888888888889,14.86111111111111,8.253383190883191,16.41331394226131,8.364348370927317,1.6413313942261312,78.05433455433456,1.0666666666666667,123.98911795119226,1.6413313942261312,5.032467532467533,1.6413313942261312,6.412624412624412,1.6413313942261312,1.6413313942261312,12.907034632034632,0.8333333333333333,161.0948694823695,39.73676201446445,49.85745614035088,41.08730158730159,31.117094820384292,2.5,73.91307834322541,14.699952824952824,5.252896613190731,25.063063063063062,20.685606060606062,3.683982683982684,43.54466644466644,60.938569471464206,10.724475524475524,18.637057387057386,19.40391558074071,13.292117604617605,15.989010989010989,12.60724691974692,45.48006854256854,27.532814407814406,9.166666666666666,1.8928571428571428,23.74919524919525,25.4503552003552,7.562289915966386,11.73953823953824,12.739190548014077,6.369595274007039,107.71929728338397,3.7196969696969697,4.193121693121693,10.106837606837606,10.833333333333332,13.460858585858587,4.400703463203463,28.950105450105447,5.7933732933732935,26.316666666666666,0.22222222222222224,2.838714526214526,49.3620337995338,38.61489199680121,0.0,1.4545454545454546,2.173076923076923,4.132936507936508,0.13333333333333333,42.196789321789325,0.8095238095238095,48.20238095238095,21.40079365079365,2.0681818181818183,8.272727272727273,14.47375541125541,9.57568575215634,35.74641943024296,49.06337181337181,5.896825396825396,84.24981962481962,0.0,0.0,1.4408891761832938,19.577777777777776,46.154761904761905,2.125,4.845508658008658,8.502567693744165,54.21805489196793,111.87724142503554,0.0,2.5,14.749095520123557,4.0476190476190474,0.3571428571428571,0.0,7.305555555555555,1.6245310245310245,0.0,0.0,0.0
5047.6017187687485,1285.5574168288626,844.8097245337183,1632.7260306330752,662.8680645948724,283.48146019285724,957.5164964925195,2014.5720392552478,762.8208736970355,688.0960826798835,404.01899719970106,722.6694447574209,566.9638982255275,374.337478811457,178.48671982973454,259.79985873259864,442.2579721306999,452.3143701420985,177.4048151744931,243.4909867909868,57.97523303509219,165.65709608588864,386.34004059665824,690.75406031374,242.62021173271174,448.70393296718424,143.28193195693194,291.52937023989654,254.8343637647043,70.69927506068811,123.79863146654775,5489.831302357798,150.28208695759005,80.85184279626836,108.88611293677083,171.20934343434342,204.6204544459693,170.57583297630026,11.23504921004921,45.014550264550266,306.4020576645577,38.52919164169164,28.91730759493917,52.502160264517244,10.785714285714285,26.429940484352247,116.86173826173825,69.10125832772891,11.190656565656566,126.61935885465297,127.77009657009657,52.55638174755381,145.35566059506655,59.973403531453066,5.2860644257703076,30.05238095238095,9.785714285714285,22.759473942523478,69.60159747659748,8.723098098098097,120.82023205552618,32.2737923840865,43.165464165464165,30.021883918168747,97.5792996041103,265.93968818419285,3.908032627846869,120.68509630347866,6.2980769230769225,4.208333333333333,12.092968504925027,79.91983629483629,22.492003367003367,63.11777343027343,20.518529945000534,29.844124199387355,2.676767676767677,19.5,5.638888888888888,16.296649973120562,27.936507936507933,6.0088661338661336,43.44144452039189,5.821428571428571,12.757936507936508,16.139573292204872,53.70347737058263,15.910060279305803,13.759226661972658,12.523268398268398,21.406593406593405,1.0687830687830688,3.708247308247308,31.340435579140948,105.49704490780006,53.47725584653502,2.0708438534242113,10.620726495726496,244.33951262473556,1.693452380952381,3.3511904761904763,5.907936507936508,5.555555555555555,1.513227513227513,20.708438534242113,6.122668997668997,2.0708438534242113,71.41466866466867,0.75,33.837490339038325,2.0708438534242113,3.333333333333333,2.0708438534242113,14.492456345397521,2.0708438534242113,2.0708438534242113,32.31613756613756,10.625,77.60137231189863,7.817653567816103,55.385233918128655,9.047619047619047,15.027777777777777,0.0,38.91589361074655,8.774170274170274,20.8510101010101,0.0,35.54563492063492,0.5594405594405594,17.101652024446143,3.6587301587301586,65.20516934046346,12.385912698412698,26.005851145176273,40.64646464646464,16.23901098901099,1.75,22.39652477152477,1.875,3.276190476190476,0.0,33.003607503607505,23.43253968253968,2.654383470559941,3.6296296296296293,7.457070707070708,3.728535353535354,77.0120411136278,1.5879629629629628,0.9523809523809523,7.6767676767676765,31.35681818181818,0.11363636363636365,13.464209401709402,11.653762903762903,9.981684981684982,26.42536231884058,0.22222222222222224,1.4595959595959598,17.22222222222222,38.2968986561492,15.431623931623932,0.0,3.4925213675213675,4.132936507936508,8.416666666666666,3.1767676767676765,0.47619047619047616,41.9755291005291,6.976190476190476,0.2777777777777778,1.1111111111111112,15.58982683982684,6.903191579662168,4.09047619047619,134.55729455729454,0.6111111111111112,44.04834054834055,0.0,0.0,14.049604534898652,1.3833333333333333,42.1257215007215,2.8522727272727275,0.46426708398539385,3.3638591800356505,37.53615828615828,140.50841392545357,1.25,0.0,15.793051564079601,0.8994708994708993,0.0,0.0,3.708333333333333,0.5912818662818663,0.0,0.0,0.0
2144.2317843219157,187.37280701754386,1026.5949972542078,651.902972027972,651.3366702741703,377.99549220272905,251.6774470899471,870.4604688186209,296.18531746031744,488.04716117216117,128.62391774891773,448.6979922524565,153.72193432928725,379.9637654213741,224.06609686609684,247.7846935141578,60.90367965367965,537.5732014017728,128.95138888888889,33.297619047619044,100.60813492063492,191.08607503607504,177.87619047619046,321.9218253968254,334.70670426065163,139.2081244778613,74.62698412698413,179.59397546897546,61.59761904761904,59.201479076479075,45.17222222222222,21.697866344605472,46.769841269841265,91.61981074481074,26.805555555555554,50.40555555555555,65.64153439153439,35.02020202020202,82.77182539682539,107.70227272727273,88.9541847041847,61.607142857142854,26.769444444444442,188.6251984126984,584.1674603174603,388.48161375661374,108.83827838827838,124.17222222222222,17.92063492063492,30.267857142857142,12.973214285714286,3.2055555555555557,168.890873015873,11.573015873015873,37.02074314574315,11.333333333333332,38.23611111111111,1.4166666666666665,13.746031746031745,6.666666666666666,33.33888888888889,8.142857142857142,14.071428571428571,1.5,6.111111111111111,4.012566137566138,14.595238095238095,4.385714285714285,4.146825396825396,1.1111111111111112,18.86111111111111,2.0238095238095237,2.083333333333333,15.444444444444445,1.5,2.3611111111111107,8.222222222222221,10.726190476190476,14.25,8.75,7.999999999999999,22.333333333333332,3.333333333333333,8.833333333333332,11.75,19.24206349206349,0.5555555555555556,73.67103174603174,5.468253968253968,4.428571428571429,2.5,2.583333333333333,11.088888888888889,3.499887209564629,2.261904761904762,1.4047619047619047,0.23332581397097527,11.720238095238095,7.619047619047619,5.25,27.009920634920633,0.0,30.568121693121693,10.166666666666666,2.3332581397097525,3.6019536019536016,0.23332581397097527,2.5,12.498832866479924,0.8333333333333333,0.23332581397097527,3.017857142857143,0.23332581397097527,0.0,0.23332581397097527,0.23332581397097527,3.4999999999999996,2.2222222222222223,15.333333333333332,0.0,0.0,248.37261904761903,3.5809523809523807,243.19378306878306,5.569444444444445,2.5555555555555554,1.625,0.0,3.505050505050505,10.555555555555555,0.0,2.6785714285714284,6.833333333333333,3.333333333333333,1.0,0.0,0.47619047619047616,17.572931697931697,2.8154761904761907,9.761904761904761,11.666666666666666,6.333333333333333,2.708333333333333,0.0,15.206349206349206,7.222222222222222,0.9523809523809523,0.47619047619047616,0.0,0.8611111111111112,0.0,4.5,0.0,1.0317460317460316,4.888888888888889,0.0,0.17857142857142855,5.0,36.547619047619044,2.1666666666666665,0.0,0.0,0.4,0.0,11.145833333333332,2.2777777777777777,3.333333333333333,1.8452380952380951,0.0,0.0,1.6666666666666665,2.0,8.0,0.0,0.0,1.5555555555555556,0.5714285714285714,9.507936507936508,2.0,37.208333333333336,0.0,0.5555555555555556,0.0,21.25,1.0,3.5555555555555554,0.0,0.0,0.37037037037037035,0.0,0.0,0.0,7.25,4.801587301587301,4.166666666666666,1.7857142857142856,0.5357142857142856,0.0,0.0,30.0
8090.254981297647,1346.1476359305882,2203.7612708578517,1933.6851424421611,2055.5384367157376,656.5890072984836,1532.6894484187717,2578.1095767645256,411.24688057976385,720.3805001888703,388.48176608919835,1048.3010660732825,678.2952064767328,322.8802766156772,181.26221177701441,438.9129699447562,713.9269726313098,826.5129772628391,679.9912235273488,447.83053196803195,144.45446101865275,342.8958499172785,452.71115941326025,721.0086634943308,693.5142121589158,713.787607346746,202.14539975438913,460.2123829800101,323.20303761364687,236.4171928350853,140.2144602925618,1530.7107940391209,287.78655357370303,181.79735181152913,92.8703303971161,106.86607778616292,226.14838697921405,176.77109582760843,86.60289519848342,39.50590295947438,1067.371114075801,48.6655601556862,143.26320101855816,223.27485430200423,43.00429894179894,125.53892172642172,760.1035272997678,240.2787379948094,190.95271104556818,64.86405764123155,76.75507329427498,170.88109549679916,173.20201567223626,59.58184186878406,27.726719576719574,59.88323839890336,18.10985347518961,24.094738921209508,31.059204452954454,32.86597086775658,155.83514917463307,148.81686491418634,73.58647402935328,42.69220038628606,222.2936968124468,76.82656219268061,30.74707607207607,76.563018000518,47.99304666699625,78.90918919043919,20.978767660910517,30.510189429307076,28.52958921525098,97.34316960272842,42.041406735492416,68.82389876205666,28.035127591706537,41.609291237862664,26.18872053872054,107.11396599043658,75.0066033639563,17.418492242928334,50.22283476327594,5.195767195767195,31.278559403559402,22.226576994434136,87.19321725387901,15.559796684796684,38.55226336843984,131.83382173382174,46.16932419432419,38.286096699752164,8.612554112554113,15.134811455406421,47.89920174854385,41.7660384408947,1.2772413986143965,46.338048855905996,105.09499405475333,19.585497835497833,18.225468975468974,9.855244996549345,4.6499999999999995,4.568826828977205,7.216858430588408,4.9232537303965875,0.7216858430588408,80.23156010656011,12.551462426462427,31.15844411673519,0.7216858430588408,8.478427128427128,0.7216858430588408,183.74155990783157,0.7216858430588408,0.7216858430588408,31.09058322629751,12.132124819624819,370.5835867835868,13.393418166184537,59.04960317460318,17.2630167451596,73.88924963924964,18.989285714285714,44.24490188460776,13.3196532225944,7.3161944264885435,12.77308670165813,18.40070398497172,21.637464387464387,18.92579365079365,28.561052703909844,45.24574829931972,39.4499899959984,26.858290007483554,64.22302102659245,29.959885022385023,2.6999999999999997,112.42108585858585,3.3185425685425685,20.884106634106633,1.7775510204081633,69.13720715558951,21.42055352055352,6.595280248851677,10.813492063492063,5.446248196248196,2.5564574314574315,23.56111111111111,14.045815295815295,10.974638390709819,30.65919193465633,17.345238095238095,17.912469474969473,4.966361019932449,15.568127309198736,8.507256632256631,6.21576635924462,99.67053383124811,19.3491045991046,5.080555555555556,11.542295569927148,6.008026695526696,7.446344396344396,6.933490381798652,6.05978835978836,1.6058703201560345,60.451830114330114,2.25,28.47176527176527,47.27940115440115,0.0,0.0,13.756405168905168,3.396270396270396,6.435616670910789,7.0019841269841265,1.0277777777777777,57.445443445443445,0.0,23.49107400535972,5.103075396825397,10.182997557997558,39.4375,21.2752886002886,1.4272959183673468,26.78857465633781,18.54711114908483,82.4969128754843,5.785389518126091,2.5,10.434881877279214,11.595238095238095,2.0079920079920077,0.15151515151515152,2.833333333333333,10.61111111111111,71.98398823398823,1.6084656084656084,5.0
2206.5337744148596,467.55886059423426,637.8207296126469,612.7227566484886,461.5254578674677,218.22116919805995,342.52984417113674,747.3874081872227,143.2957061385467,205.83784319324178,77.39682827630277,217.54589380705866,238.46659989238086,127.33089082014685,67.02335442335442,138.17473887768006,136.12566177556246,207.64721245340994,228.63795951681288,164.34730117765832,94.26285658008347,227.34587388821205,82.62564916409454,214.0333340267772,174.86094335558622,296.5998140092317,67.25245205308231,83.61718918336565,140.1737708875314,66.36363472621237,60.63081878336743,578.7197266056249,78.72314907889442,39.33279643364638,18.87843707801691,14.48729858104858,52.16551974325083,54.017584862227714,8.928571428571427,7.964096749811035,138.80319555397506,25.75872936587222,96.57875840862293,104.69774241864577,36.300595238095234,32.595487845487845,107.77831662968217,39.563639535068106,33.777684721293745,15.74529110529918,19.77961526490938,54.50767675368515,63.12006811738438,12.650204953776381,3.344155844155844,13.874292374292374,9.460862550148263,11.149513962539173,10.68951702475862,18.050256334417824,34.56601771244628,34.79424997271636,9.890132439922356,15.05642968142968,8.705574088609803,19.936861428720672,4.246148459383753,41.05681904074761,45.0301366545064,9.400339609221188,5.481601731601732,12.604778158349587,16.36191749928205,22.434565434565435,15.05642968142968,96.99851212636244,44.92493041873847,4.173778602350031,1.964736652236652,9.182900432900432,7.103860028860028,6.854818021484688,22.348049825991,9.371326424897854,8.079365079365079,6.484932434512266,75.73173047784115,6.3170691742120315,9.408019268313385,1.9444444444444444,10.814625850340136,5.486652236652237,0.47619047619047616,1.0763888888888888,2.1033163265306123,5.776999688764394,5.340277777777778,6.196886446886447,66.46232465866417,1.5391156462585032,1.3293650793650793,0.9166666666666666,8.035714285714285,0.8095238095238095,0.625,0.9090909090909092,0.0625,7.918805704099822,3.950396825396825,6.815873015873016,0.0625,1.8977324263038549,0.0625,7.211677211677212,0.0625,0.0625,31.503875753875754,0.9722222222222222,49.12524135916993,6.246904685835431,3.3650793650793647,4.709750566893423,5.439814814814815,5.184523809523809,18.543155918155918,6.161283316745501,0.8333333333333333,10.139172335600906,4.397150072150072,1.4558186911128088,15.488400488400488,3.186147186147186,16.727147651060694,11.152380952380952,3.9838851624565907,19.584415584415584,3.096590909090909,0.17857142857142855,5.679098765012077,1.0874390160104446,3.2142857142857144,1.386672850958565,23.300902179053438,29.531959450446845,7.1337181337181335,0.6428571428571428,0.0,0.0,19.155688452128082,2.4961519961519962,1.786422902494331,11.9249149116813,6.5,1.8363567649281936,0.75,5.362554112554112,4.026251526251526,13.603174603174603,12.91646607360893,0.5952380952380951,6.898989898989899,2.7723997493734336,2.7777777777777777,3.4545454545454546,0.753968253968254,0.7407407407407407,1.6994434137291279,41.20595376845377,1.4352869352869353,18.193704443704444,7.130832130832132,0.0,0.0,2.632275132275132,0.12987012987012989,2.7575757575757573,26.108796296296294,0.2777777777777778,61.5144720359006,0.6666666666666666,0.7037037037037037,0.6409438775510203,2.086507936507936,42.10930735930736,8.658644265787123,0.9501133786848072,2.131868131868132,19.01824888074888,34.154761904761905,0.0,0.6666666666666666,6.995951696328399,0.0,0.2686202686202686,0.0,0.0,1.9004329004329004,2.4999999999999996,0.0,0.0
31218.602115116446,4974.879695064976,8108.359505590132,6893.370849866908,5891.1498607088815,2822.7589039114196,5192.791474734973,8486.118416004754,2572.530270853933,4107.733040460157,2231.3312678560787,3693.7544621318307,2638.4411811541822,1775.0920872847605,1026.7466761688806,4208.084485695164,2103.0676239621603,2938.8246272850097,2050.082833574037,2266.2686341769986,1067.7669866778563,1445.0738406899573,1730.0073969264574,2472.2117652811557,2834.7453117646305,3793.7554670443606,966.4575136670484,2013.656603575597,1698.0022276821408,755.6600448303668,768.6903531094758,6987.840952428383,1337.0703576665244,479.6425694188852,434.7604413788066,748.1974728487886,840.7874712436708,984.7287595372928,700.6573002161238,516.7364111148382,3818.0198447211606,343.88723265039056,284.29097699685934,1171.7202962411773,559.1067863296124,1484.0043562675141,1611.7578354354669,1032.4149686223857,423.47699636429144,582.2488769363181,373.2080112107572,265.6986897118476,817.8725439315061,472.9587640845381,206.52571494597356,275.5629042010621,418.27283827283827,277.2567155067155,429.2358494990074,540.7521169562959,751.5319837464262,303.8932849976853,483.7959554635251,121.68038698630804,840.3170481565218,478.6023333382094,210.9700369075369,588.1506289834463,293.0217184776008,210.71896621896622,254.8292857663567,347.2256530019688,292.14108536391143,469.58729076221334,117.56927587519692,368.68271776801936,149.39627039627038,219.46787934287934,103.50468975468975,314.6313131313131,231.15512430745707,94.6078551078551,145.12042124542126,81.19934640522875,199.10891330891332,198.31939799331104,204.64477026241732,154.13539238539238,268.59784659784657,255.40409783220562,198.89391572479806,37.51587301587301,55.49900793650794,156.85228988584174,187.3629928672666,188.07600222999233,17.993856362759818,198.34285621785622,952.2691040894442,83.58272283272282,135.6184221184221,90.0,78.82575757575758,70.29080086580086,96.60523029426487,38.11937082525318,9.904425468450876,325.5199522699523,71.7816611493082,206.9250749250749,9.660523029426486,79.27808302808303,9.660523029426486,127.20272761294433,9.660523029426486,9.660523029426486,160.60227680815916,140.11111111111111,655.2133952142085,106.23937708681842,217.511544011544,142.37175324675326,232.5514393014393,320.15268065268066,121.77268907160212,41.6056166056166,125.32527472527472,143.2080717662559,77.02605244996549,45.81944444444444,40.39457805875716,68.54129204129204,346.01550787733174,120.53214601490463,98.1014847725374,318.22203235361127,41.18326118326118,34.00865800865801,332.9796898258161,62.64087301587301,49.25108225108225,48.44877344877345,91.69360051712992,65.43290043290042,37.42857142857143,83.52350427350427,34.243506493506494,15.871753246753247,126.18709137439788,27.638278388278387,40.89417989417989,24.215367965367964,121.66702741702741,43.99536916928221,28.819495319495317,67.86598124098124,82.06227106227107,53.317460317460316,75.50375939849624,98.14048479040738,56.8459595959596,25.030144806460594,85.55555555555556,89.0219421101774,25.202380952380953,13.61111111111111,16.7521645021645,84.76569264069263,54.44352869352869,172.51584526584526,120.28819764113882,2.5339366515837103,10.135746606334841,85.29037554517095,27.52777777777778,60.11133311133311,170.17334879441674,20.71825396825397,114.8585581085581,7.5,47.430502504031914,58.91615486660784,54.296065046065046,141.16147741147742,49.92857142857142,18.086691086691086,186.03958541458542,90.09774436090225,202.1284341303691,40.67625266889973,10.254329004329003,91.19497819695026,36.599567099567096,11.785714285714285,47.41702741702741,20.477272727272727,32.214646464646464,75.75829725829726,26.383116883116884,60.5
463.08252164502164,30.833333333333332,35.833333333333336,125.43560606060606,29.666666666666668,19.583333333333332,8.083333333333334,161.93560606060606,85.85227272727272,65.41666666666667,23.479166666666668,7.75,44.22727272727273,42.58333333333333,15.0,17.5,3.75,55.26602564102564,7.142857142857142,32.01893939393939,13.75,21.666666666666664,6.25,5.625,2.5,39.93452380952381,52.461309523809526,22.5,3.25,16.958333333333332,13.75,33.604166666666664,14.5,4.166666666666666,4.285714285714285,3.333333333333333,9.077380952380953,1.4285714285714284,3.333333333333333,5.5059523809523805,14.166666666666666,0.0,2.5,0.0,12.5,0.0,7.5,13.75,0.0,62.31060606060606,0.0,0.0,21.685606060606062,1.25,0.0,0.0,0.0,0.0,0.0,0.0,25.0,11.666666666666666,3.333333333333333,0.0,0.0,0.0,7.5,0.0,0.0,0.0,0.0,0.0,14.208333333333334,0.0,0.0,1.25,0.0,0.0,0.0,9.204545454545455,0.0,6.666666666666666,0.0,7.916666666666666,2.5,0.0,0.625,0.0,1.4583333333333333,0.0,0.625,2.5,0.8333333333333333,0.0,0.0,4.25,0.0,0.0,0.0,0.0,0.0,35.208333333333336,0.0,0.0,0.0,1.25,0.0,0.0,0.0,0.0,0.0,0.0,0.0,8.75,0.0,0.0,0.0,0.0,1.75,0.0,0.0,0.0,0.0,0.0,0.0,0.0,0.0,0.0,0.8333333333333333,0.19230769230769232,0.0,0.0,25.86904761904762,0.0,0.0,0.0,0.0,0.0,0.0,0.0,0.0,0.0,0.0,0.0,0.0,0.0,1.25,0.625,0.0,0.0,0.0,10.0,9.5,5.0,0.0,0.0,0.0,0.0,0.0,0.0,0.0,0.0,0.0,0.0,0.0,0.0,0.0,0.0,0.0,0.0,0.0,0.0,0.0,0.0,0.0,0.0,0.0,0.0,0.0,0.0,5.0,0.0,0.0,0.0,0.0,0.0,0.0,0.0,0.0,0.0,0.0,0.0,0.0,0.0,0.0,0.0,0.0,0.0,0.0,0.0
545.75,30.833333333333332,606.5833333333334,538.25,250.90277777777777,50.0,232.5,343.8958333333333,74.16666666666667,145.83333333333334,8.75,210.83333333333334,184.16666666666666,170.0,90.41666666666667,66.08333333333333,16.666666666666664,115.0,30.0,45.833333333333336,5.0,204.75,82.70833333333333,26.25,27.5,46.666666666666664,7.5,97.83333333333333,59.0,20.0,75.0,6.666666666666666,12.5,22.166666666666664,0.0,32.5,33.333333333333336,105.41666666666666,271.5833333333333,1.25,0.0,12.5,0.0,40.0,21.25,8.75,2.5,0.0,20.555555555555557,161.66666666666666,0.0,48.75,45.0,0.0,7.5,11.666666666666666,0.0,13.333333333333332,10.0,5.0,0.0,20.0,10.0,0.0,0.0,100.83333333333333,7.5,0.0,0.0,12.5,1.6666666666666665,0.0,0.0,0.0,0.0,1.6666666666666665,10.0,10.0,1.25,40.0,0.0,64.16666666666667,0.0,0.0,22.083333333333332,0.0,0.0,5.833333333333333,0.0,0.0,10.0,0.0,0.0,4.6875,69.0,0.0,0.3125,2.5,0.0,0.0,0.0,52.5,30.0,0.0,3.125,23.333333333333332,0.3125,0.0,92.5,5.0,0.3125,0.0,0.3125,13.333333333333332,0.3125,0.3125,0.0,0.0,0.0,0.0,10.0,0.0,0.0,0.0,0.0,0.0,5.0,2.083333333333333,0.0,0.0,2.5,0.0,0.0,0.0,10.833333333333334,0.0,0.0,0.0,0.0,0.0,0.0,3.75,5.0,0.0,0.0,1.25,0.0,0.0,0.0,0.0,0.0,0.0,0.0,10.0,0.0,0.0,0.0,0.0,0.0,25.0,0.0,0.0,0.0,0.0,0.0,0.0,0.0,0.0,0.0,0.0,0.0,0.0,0.0,0.0,0.0,0.0,0.0,0.0,0.0,10.0,0.0,0.0,0.0,0.0,0.0,0.0,0.0,0.0,0.0,0.0,0.0,0.0,8.333333333333332,12.5,20.0,0.0,0.0,0.0,1.6666666666666665,1.6666666666666665
1820.370017607699,88.01097883597883,545.5880567744491,550.243009644831,524.8208388130856,327.00382080937544,440.5030815589639,594.0155582534863,137.6698074299673,517.5864580981091,207.387395767001,1130.4416348729817,567.5109167757194,90.14550264550265,91.24562732157669,279.6270370424782,127.94246031746032,439.31961398306333,360.4913385556243,63.190893828393826,192.40712759462758,260.40673984045833,147.4564280490751,124.10180654540297,320.77103637103636,419.95594750389887,113.81708683473389,264.2073498260998,314.7470531647002,68.73261348356284,66.46889589169001,65.87123432123431,89.66735209235209,47.30358663667487,39.838095238095235,21.277009960102184,197.04440334630206,379.42389325498965,243.25840548340548,76.94166666666666,575.541977004477,56.08112608207545,64.26455026455027,60.3162037037037,64.27474717548246,75.59469696969697,583.9699345144803,271.4344482228976,41.929184704184706,42.61274673039379,20.525252525252526,39.50426887926888,68.9984901536372,84.90303215303214,49.52328431372549,33.66748366013072,4.333333333333333,11.534126984126983,1.9999999999999998,3.125,303.1835219791102,75.75003957598894,10.833333333333332,5.886904761904761,337.4386123136123,14.92361111111111,33.37460317460317,74.03125877390583,74.16269702519702,41.97853535353535,93.15460487225192,18.048076923076923,17.34459574649448,11.61111111111111,5.886904761904761,110.65818903318903,19.119047619047617,23.008503401360542,14.056700244200243,16.133597883597883,62.68683611278548,17.16488095238095,81.1528083028083,5.333333333333333,57.93095238095238,62.694011544011545,17.82151875901876,1.3125,7.520292207792207,227.8400982587226,86.971454008954,6.319444444444445,17.666666666666664,1.7857142857142858,121.1704780627249,44.3239565989566,0.11904761904761904,32.766172933819995,0.0,4.447420634920634,10.273088286537654,2.111111111111111,0.0,13.820707070707071,1.1904761904761905,20.288888888888888,1.2301587301587302,1.6666666666666665,5.489417989417989,4.761904761904762,0.11904761904761904,10.927777777777777,0.11904761904761904,3.042929292929293,0.11904761904761904,0.11904761904761904,0.41666666666666663,6.77568463282749,121.82339471668399,11.781533281533282,4.666666666666666,12.722222222222221,63.563672438672434,2.5,13.366666666666667,0.8888888888888888,9.63852813852814,7.348484848484848,0.6666666666666666,8.057828282828282,3.1809523809523808,0.6666666666666666,86.26301841859362,18.478835978835978,31.727030704878803,0.0,19.23943549418233,12.603174603174603,138.49842544937482,13.237373737373737,6.25,1.8809523809523807,0.0,28.9780146388699,18.46031746031746,12.569444444444445,4.507936507936508,2.253968253968254,3.375,8.194444444444445,10.614285714285714,4.999999999999999,11.559523809523808,0.0,20.808531746031747,0.6666666666666666,2.638888888888889,9.523809523809524,4.0,54.42297979797979,11.311111111111112,0.0,0.41666666666666663,9.269486215538848,12.912698412698411,10.0,1.6666666666666665,18.341269841269842,1.3095238095238093,1.2916666666666665,27.535714285714285,0.9166666666666666,3.6666666666666665,3.333333333333333,3.8888888888888884,4.611111111111111,0.0,0.5555555555555556,0.0,0.0,0.0,0.0,3.351010101010101,0.625,3.333333333333333,2.6367521367521367,0.0,3.75,1.6666666666666665,0.0,0.0,2.142857142857143,1.6111111111111112,0.0,0.3333333333333333,12.5,9.441798941798941,0.0,0.0,0.0
1768.1121786769165,1220.51633936096,418.9961219336219,302.8290487456088,262.4218223225576,101.63242313242313,163.93783068783068,175.55141944367526,207.29197259711967,153.50373482726422,228.04845595817892,286.8331247212826,143.78787878787878,397.3149093768289,293.22222222222223,66.52741702741703,252.70111791802967,154.6417248907658,10.643799946125528,42.70482295482295,55.418109668109665,10.096158270071314,80.44688644688644,265.6888528138528,13.089646464646465,14.351851851851851,23.78769841269841,53.91394927536231,0.4976851851851852,24.57142857142857,140.67761373324032,54.24140565317036,271.38113275613273,47.638888888888886,50.30610021786492,816.1909571909572,18.333333333333332,15.245726495726496,24.625180375180374,46.666666666666664,44.46031746031746,0.8333333333333333,3.8888888888888893,41.13095238095238,5.0,0.928030303030303,1.3888888888888888,1.6666666666666665,0.9191176470588236,44.704503506829084,84.34183389074693,23.5,5.055555555555555,14.496442255062945,1.1111111111111112,4.657407407407407,7.5,4.150543900543901,126.29166666666667,120.60984848484848,0.38983169215727353,0.0,53.97564935064935,16.11111111111111,2.5,0.0,0.47619047619047616,0.0,0.0,5.0,0.0,21.666666666666668,3.9999999999999996,42.93518518518518,16.11111111111111,18.333333333333332,10.0,0.0,0.0,0.0,0.6926406926406927,0.0,0.0,23.166666666666664,0.0,0.0,1.1111111111111112,0.0,1.3095238095238093,0.0,0.37037037037037035,0.0,0.0,12.803570321700862,0.0,0.0,0.8535713547800574,0.0,144.5869977975241,3.6904761904761907,0.3571428571428571,48.18165111144563,0.0,0.0,8.535713547800574,0.0,0.8535713547800574,7.499999999999999,0.0,0.0,0.8535713547800574,0.0,0.8535713547800574,0.0,0.8535713547800574,0.8535713547800574,0.0,0.0,0.0,2.532738095238095,5.555555555555555,0.0,0.0,0.0,0.0,3.333333333333333,10.0,10.0,0.0,0.0,0.41666666666666663,0.0,0.0,0.0,0.0,58.138888888888886,0.0,0.0,0.0,0.0,0.0,0.0,0.0,0.0,0.0,0.0,0.0,0.0,1.2698412698412698,0.0,0.0,0.0,159.3168498168498,5.0,0.0,5.861111111111111,0.0,1.2222222222222223,0.0,0.0,1.6666666666666665,3.75,23.493589743589745,0.0,0.0,0.5,0.0,8.0,0.0,0.0,4.361111111111111,0.0,0.0,0.0,0.0,0.0,30.5,0.0,0.5555555555555556,0.0,0.0,0.0,0.0,0.0,1.6666666666666665,0.0,14.46031746031746,0.0,37.1978021978022,7.884615384615385,0.0,1.5,3.7179487179487176,0.0,3.0,0.0,0.6060606060606061,0.0,2.555555555555556,3.333333333333333
3803.8438208819152,1447.887585901687,1087.9040027313417,897.6257034604816,797.1268437651447,504.85190859073117,205.2393745143745,710.3233489839587,114.5151047210438,163.3096562987075,72.0376264830128,763.4861416650239,91.10495708480153,307.79649630063693,27.77771942110177,177.4925576022443,417.9624424119216,232.17508148120373,231.52598885319472,72.37196911263408,31.58227672382084,101.69931457431457,35.097422561489054,162.46547399407692,128.97346184218407,71.5206337235749,51.00794080141906,50.61404662875251,25.969642857142855,40.5280239740766,28.099119995501574,116.93731694288513,355.0167811583434,20.139136904761905,78.2709558959559,72.66533429033429,18.182566264145212,13.945874445874445,32.49125534052005,1.9894179894179893,10.535714285714285,6.028321919626268,16.826268176268176,112.98488460811524,55.64285714285714,8.194444444444445,1.3095238095238093,17.787878787878785,27.934704184704184,190.0881794296715,89.50198412698413,49.56680616400296,8.466810966810966,12.574377011877012,11.556547619047619,16.307106782106782,31.420794510500393,7.4810606060606055,24.086126372505763,44.89655483405483,1.7676767676767677,0.30303030303030304,20.587301587301585,94.08463487557873,2.6666666666666665,5.666994708484634,7.323815547724466,5.955555555555556,0.9365079365079364,2.9166666666666665,0.0,14.47610028860029,2.9166666666666665,8.291847041847042,92.58463487557873,0.6971153846153846,2.3703703703703702,35.857142857142854,0.0,1.1904761904761902,6.984307359307359,1.3492063492063493,10.892326627620745,123.76384351384351,3.095238095238095,0.0,6.888888888888889,0.0,52.23627396390821,0.0,4.8809523809523805,0.23809523809523808,0.2102870133560671,13.663290248536608,0.30303030303030304,0.8333333333333333,0.9108860165691073,0.0,182.80544220547768,1.25,0.0,16.006959706959705,0.0,0.0,9.108860165691073,1.6333333333333333,0.9108860165691073,6.712460197754315,0.3333333333333333,0.15151515151515152,0.9108860165691073,0.0,0.9108860165691073,3.6349206349206344,0.9108860165691073,0.9108860165691073,1.692307692307692,15.633981148874765,6.458333333333333,2.0137311357275673,4.035714285714286,0.7142857142857142,0.5,1.387878787878788,0.0,1.9988344988344988,0.0,1.0416666666666665,1.6,0.0,3.161375661375661,2.5,0.0,0.39074960127591707,0.0,34.757946434775704,6.979166666666666,0.0,0.0,0.0,5.6646825396825395,0.8333333333333333,6.9523809523809526,0.9415584415584415,0.0,0.2857142857142857,2.9914529914529915,1.4957264957264957,5.5,0.0,0.0,24.277958152958153,57.33943829102545,4.76427738927739,0.0,2.7896825396825395,8.945707070707071,5.57051282051282,0.0,0.0,4.2407407407407405,10.01769402412995,21.305814555814557,6.866883116883117,0.0,0.0,2.6666666666666665,1.3807488807488806,0.0,4.303030303030303,3.5555555555555554,0.6767676767676768,2.707070707070707,1.2237762237762237,0.0,0.0,129.60595423095424,0.0,1.5,0.0,5.0476190476190474,2.5,4.0038141738909,8.11111111111111,0.0,0.0,21.71494708994709,3.583333333333333,77.14414983164983,33.69601781946983,0.0,12.498580221548108,0.0,0.0,0.0,0.0,1.630465051517683,0.2564102564102564,1.1111111111111112,0.0
8561.027248796647,3354.9554107325844,2066.898493474277,1689.9690280558445,1150.2933305750744,611.4284290647245,439.7314365172724,1244.8075512303292,434.5572362550871,289.86171113146406,276.4527583282917,1430.1791471230447,229.0327575538621,555.6880217638535,119.11894486232721,383.87781193124863,707.9435892443013,489.7347097614202,266.40667175961295,116.27687956166217,37.20380450159862,184.99250493658388,125.48652839976369,428.47409535226586,311.8886665205466,104.07101498719145,138.91288428788428,86.37361712361712,112.02317412120044,90.94667532616448,52.6141521447249,245.1698668073121,520.3917925438444,25.4349522005772,219.612320413791,253.01725056872115,51.07907600440495,34.749445874445875,75.06478475228475,26.43899782135076,13.111286181139121,32.31455380368424,43.54429497517733,112.22063680598043,112.51044277360066,2.361111111111111,6.3280423280423275,12.422619047619047,82.54016354016353,365.02556496080706,180.41185666185666,99.90355373548518,34.69973544973545,38.97470380926263,27.607473544973544,21.750559625559625,75.43366589837179,21.612012987012985,75.9089010980497,95.91502917160811,7.7008547008547,4.013347763347763,162.64947089947088,88.33295743708369,8.095238095238095,15.261330927820854,12.143865121806298,5.555555555555555,7.325396825396825,6.0,5.0,66.34759888804007,12.973057644110275,7.276027077497666,84.54507864920491,2.1062062937062938,0.37037037037037035,129.44047619047618,1.0,1.0317460317460316,10.352654698242933,1.2698412698412698,26.335328070622186,160.80641205641206,2.1798941798941796,0.0,16.333333333333332,3.0,123.27684373208109,2.5,5.833333333333333,0.0,2.5,26.49884307782868,5.0,0.0,11.766589538521911,2.2777777777777777,595.9293365036174,14.75,0.0,52.61097606097606,0.0,0.0,17.66589538521912,10.799999999999999,1.7665895385219121,27.51420311714429,0.3333333333333333,0.4640151515151515,1.7665895385219121,0.2777777777777778,1.7665895385219121,21.84722222222222,1.7665895385219121,1.7665895385219121,4.858974358974359,62.50488984827184,12.857142857142856,8.518781640778073,22.52056277056277,0.7142857142857142,0.5,2.637878787878788,0.2777777777777778,15.218531468531468,13.88888888888889,10.0,0.7777777777777778,0.0,8.652958152958153,8.46031746031746,0.0,2.8907496012759166,0.0,110.06981512164438,11.979166666666666,0.6666666666666666,0.0,0.0,17.554334554334552,1.1111111111111112,20.285714285714285,1.5463750808578394,0.0,3.4722222222222223,5.7225454284277815,2.8612727142138907,4.805555555555555,0.0,0.0,48.3255772005772,148.36978082209473,29.814185814185812,0.0,6.916666666666666,10.578703703703704,5.153846153846154,0.0,4.166666666666666,5.823826500297089,29.947639079075003,36.942991648874,5.021645021645022,0.3333333333333333,0.41666666666666663,9.849206349206348,0.5555555555555556,0.0,5.303030303030303,4.75,0.6767676767676768,2.707070707070707,0.7323232323232324,5.666666666666666,0.0,308.9972707575649,0.0,1.976190476190476,0.0,4.278769841269841,5.729166666666666,3.100704580077645,14.11111111111111,4.0476190476190474,0.0,35.048280423280424,4.694444444444445,118.57049663299662,85.38252575597777,4.583333333333333,14.998580221548108,0.41666666666666663,3.333333333333333,2.708333333333333,1.4285714285714284,1.8059036480089112,0.0,1.25,0.0
538.6558789058789,160.47815656565655,12.64062049062049,194.97893772893772,228.06550396384995,61.3129551004551,62.13095238095238,86.2779007029007,20.784615384615385,127.6422902494331,22.04212454212454,17.333333333333332,9.68083028083028,45.02579365079365,17.628174603174603,145.46658815041167,41.13142082786718,21.9023679023679,13.485625485625484,25.702380952380953,0.6547619047619047,208.07598039215685,29.22222222222222,9.446428571428571,79.23557692307692,97.62510901796615,0.5,19.38095238095238,0.0,1.4880952380952381,4.583333333333333,11.537037037037036,189.70148126727074,1.324786324786325,2.9761904761904763,3.833333333333333,0.22222222222222224,10.805555555555555,1.1904761904761905,14.457913165266106,2.9267399267399266,6.25,0.0,54.30655178155178,79.81746031746032,6.458333333333333,1.0,3.1726190476190474,6.357142857142857,22.79120879120879,6.4298941798941796,4.785714285714285,4.375,3.333333333333333,1.2698412698412698,16.763636363636365,114.92063492063491,2.9166666666666665,0.3125,2.142857142857143,0.25,0.0,0.0,0.47619047619047616,0.0,0.0,5.458333333333333,0.0,2.5,0.0,3.111111111111111,11.14918414918415,2.4722222222222223,0.0,0.47619047619047616,5.614316239316239,0.0,2.1634615384615383,0.0,0.0,0.0,1.1111111111111112,10.0,0.0,3.095238095238095,0.0,2.916666666666667,0.0,0.0,0.0,6.333333333333333,0.0,0.0,2.964527027027027,0.0,0.0,0.19763513513513514,0.0,7.619047619047619,0.0,0.25,2.5,0.0,1.25,1.9763513513513513,0.0,0.19763513513513514,0.18181818181818182,0.0,7.0,0.19763513513513514,0.0,0.19763513513513514,0.0,0.19763513513513514,0.19763513513513514,0.0,0.0,0.0,9.722222222222221,0.0,0.0,0.0,0.0,0.0,0.0,0.7142857142857142,1.0416666666666665,0.0,0.0,0.0,1.2727272727272727,0.0,2.25,0.0,0.4444444444444445,0.0,0.0,0.0,1.75,10.0,0.0,0.0,0.0,0.0,0.0,0.0,0.0,10.277777777777779,0.0,15.804195804195803,0.0,0.0,0.0,0.0,2.159090909090909,3.333333333333333,0.0,0.0,2.7777777777777777,0.0,0.5,9.904761904761903,0.0,0.0,0.0,0.0,0.0,0.0,0.0,0.0,0.0,0.0,0.0,0.0,0.0,3.75,0.0,0.0,0.0,0.0,0.0,0.8017833615659702,0.2,0.0,0.0,18.333333333333332,0.0,1.0,3.333333333333333,0.0,0.0,0.0,0.0,0.0,0.0,0.0,0.0,1.6666666666666665,0.0
524.596392033892,222.44267753039682,73.04587542087542,116.80725837343485,368.2194255923055,172.45625637268859,100.94433685223159,215.11374273874273,50.455204517704516,25.866512345679013,11.27527686738213,96.9480116833058,16.31228956228956,37.1513024013024,5.483585858585858,73.11011211011211,66.36990638323253,27.839202464202465,98.55943253369723,54.4628745437569,29.355158730158728,38.36805555555556,23.81181917211329,46.2337259210829,73.76282051282051,39.079365079365076,24.033189033189032,10.013227513227513,2.596153846153846,12.285714285714286,21.213937621832358,27.254689754689753,90.82497464290942,11.25,6.719780219780219,3.638701201201201,0.6666666666666666,11.198412698412698,6.771708683473389,34.44444444444444,0.9259259259259259,0.0,0.22222222222222224,38.07326007326007,8.821428571428571,2.0476190476190474,1.2962962962962963,3.4523809523809526,25.036075036075037,8.284262034262033,14.841269841269842,1.6369047619047619,6.444444444444445,6.0,5.666666666666667,0.18518518518518517,10.243055555555555,0.3571428571428571,8.0,6.309523809523809,2.3232323232323235,3.0555555555555554,1.1111111111111112,65.46869025659481,3.8888888888888893,1.1805555555555556,9.109062980030721,0.0,0.47619047619047616,0.0,0.0,0.9523809523809523,10.730994152046783,3.8888888888888884,59.913134701039255,0.0,3.8888888888888884,12.666666666666666,0.0,2.3809523809523805,0.0,5.238095238095237,1.3347763347763348,8.88888888888889,0.0,0.0,0.0,0.0,40.97099065760323,0.0,2.333333333333333,0.23809523809523808,0.2102870133560671,1.4285714285714286,0.30303030303030304,0.0,0.09523809523809525,0.0,8.371489621489621,0.0,3.333333333333333,5.387362637362637,0.0,0.0,0.9523809523809524,4.722222222222222,0.09523809523809525,11.992374727668844,0.41666666666666663,2.611111111111111,0.09523809523809525,0.0,0.09523809523809525,0.0,0.09523809523809525,0.09523809523809525,3.8888888888888884,0.0,5.0,8.352272727272727,2.5,0.0,0.41666666666666663,0.8333333333333333,0.5555555555555556,0.0,3.3333333333333335,4.139194139194139,0.0,0.0,0.0,2.5,0.0,11.11111111111111,2.6190476190476186,0.0,10.0,1.0,0.0,0.0,0.0,0.0,0.625,0.0,0.0,3.055555555555556,0.6666666666666666,0.3333333333333333,3.2222222222222223,0.0,0.0,6.0,10.0,0.0,0.0,0.0,0.0,4.166666666666666,0.0,3.333333333333333,4.2407407407407405,1.6964285714285714,3.7037037037037037,1.8452380952380951,3.3333333333333335,0.0,2.7777777777777777,2.214082214082214,0.0,0.6666666666666666,3.5555555555555554,0.41666666666666663,1.6666666666666665,0.0,0.0,0.0,17.409188034188034,0.0,0.0,1.6666666666666665,3.7037037037037033,1.0714285714285712,0.0,38.288671023965136,1.0,0.0,0.5555555555555556,0.0,5.277777777777777,0.0,0.0,0.0,0.41666666666666663,3.333333333333333,1.6666666666666665,0.0,0.0,0.2564102564102564,1.1111111111111112,0.0
422.9521193092622,4.238095238095238,138.09027777777777,228.26488095238093,365.0666971916972,127.61111111111111,62.785714285714285,804.1815476190476,28.30952380952381,21.19047619047619,92.25134220354808,44.59325396825397,1.0795454545454546,40.14682539682539,8.541666666666666,18.645833333333332,9.541666666666666,173.39285714285714,26.680555555555554,9.583333333333332,0.41666666666666663,25.59722222222222,11.916666666666666,12.714285714285714,14.916666666666666,17.4093567251462,4.309523809523809,15.55952380952381,2.452380952380952,9.059523809523808,2.375,0.0,9.269841269841269,4.666666666666667,3.1428571428571423,9.404761904761903,4.4642857142857135,0.0,8.055555555555555,10.396825396825395,7.17219387755102,6.369047619047619,1.9047619047619047,73.43452380952381,17.916666666666668,53.54076479076479,4.25,1.6468253968253967,0.0,0.0,1.25,0.0,3.0982142857142856,0.0,11.38095238095238,2.5,22.0,1.4285714285714284,0.8333333333333333,0.8333333333333333,5.0,0.8333333333333333,7.083333333333333,0.0,63.95833333333333,4.631578947368421,2.5,0.0,2.5,1.25,0.625,0.5,0.0,0.0,0.0,0.0,2.5,0.8333333333333333,5.8809523809523805,0.0,0.0,0.0,0.0,0.0,2.638888888888889,1.0,0.0,7.604166666666666,0.0,3.333333333333333,0.0,1.25,0.5,1.1029411764705883,0.0,0.3571428571428571,0.07352941176470588,0.0,0.6122448979591836,1.7857142857142856,1.6666666666666665,0.0,35.0,5.0,0.7352941176470589,0.0,0.07352941176470588,0.6871345029239766,1.3636363636363638,0.0,0.07352941176470588,2.5,0.07352941176470588,0.4545454545454546,0.07352941176470588,0.07352941176470588,1.3660714285714286,2.0,0.0,0.0,1.3811188811188813,55.70637695637696,0.0,38.96825396825396,0.0,0.0,0.0,0.0,0.0,0.4464285714285714,0.41666666666666663,0.0,39.333333333333336,2.5,0.0,0.0,0.0,0.0,0.0,1.25,3.333333333333333,0.0,0.0,0.0,0.0,0.8333333333333333,0.0,0.0,0.0,4.934523809523809,2.1052631578947367,0.0,0.0,2.5,0.0,0.9523809523809523,0.0,0.0,64.64762321012321,0.0,0.0,0.0,0.0,0.0,0.0,0.0,0.0,0.0,2.1666666666666665,12.5,0.0,0.0,0.0,0.0,0.0,0.0,0.8163265306122448,2.5,0.0,7.704822954822955,0.0,0.0,0.0,0.0,0.0,0.0,0.0,0.0,0.0,0.0,0.0,0.0,0.0,0.0,0.0,0.0,0.42857142857142855,5.0,0.0,0.0
10514.807947278281,330.3267010452693,2784.027818195163,209.48611111111111,1414.087248835763,1054.111111111111,261.4307359307359,7089.336752496816,415.46581975898863,527.5973327927662,6811.468618237787,176.6179968179968,395.11816216622526,1985.5738332196893,2000.2927205129927,1828.3246753246754,61.33333333333333,422.42857142857144,260.1666666666667,737.6771769903687,57.166666666666664,1932.8892496392496,10.583333333333332,453.25,459.8453996983409,1091.0515873015872,36.769841269841265,821.6210317460317,91.20214906911801,97.33333333333333,693.0555555555555,0.8333333333333333,46.81349206349206,296.60850843698324,7.291666666666666,0.0,0.0,281.27777777777777,70.23412698412699,0.625,40.0,358.1074148074148,172.68344331687229,3818.3384061457873,739.4600452069992,131.46242399398784,204.0,32.77777777777778,6.25,10.833333333333332,160.91103064438929,35.25,87.66666666666667,15.88888888888889,0.0,1.25,16.333333333333332,2.9166666666666665,0.0,0.8333333333333333,353.0959406090985,5.463304735885381,0.0,0.5,138.09126984126985,46.287781428084806,73.25,20.873015873015873,25.71428571428571,39.19444444444444,12.5,4.166666666666666,3.75,0.0,0.5,17.5,0.0,2.5,13.47985347985348,12.333333333333332,10.833333333333332,0.0,0.0,0.0,81.55555555555556,5.833333333333333,1.25,46.27777777777778,0.0,3.333333333333333,0.0,2.5,0.0,0.0,14.166666666666666,0.0,0.0,0.0,0.0,27.0,45.476190476190474,2.5,71.76080891359528,37.0,0.0,16.928571428571427,0.0,0.5555555555555556,6.666666666666666,0.0,0.0,12.0,0.0,0.0,0.0,0.0,0.0,0.0,10.0,0.0,1.3811188811188813,289.8135198135198,0.0,1298.9165214866434,0.0,26.166666666666664,0.0,0.0,0.47619047619047616,1.0,2.055827505827506,0.0,7.178571428571428,0.0,0.0,0.0,0.0,3.6666666666666665,6.25,0.0,0.0,0.0,0.0,0.0,33.58333333333333,0.0,0.0,0.0,0.0,2.833333333333333,30.0,0.0,0.0,2.5,15.0,0.0,0.0,5.125,21.870837495837495,0.0,0.0,0.0,0.0,0.0,0.0,0.0,0.0,0.0,20.555555555555557,0.0,0.0,0.0,0.0,0.0,0.0,0.0,0.0,1.25,0.0,22.79181929181929,1.4285714285714284,0.0,0.0,0.0,0.0,0.0,389.1666666666667,0.0,0.0,194.28571428571428,0.5,0.0,22.77777777777778,2.0,0.0,0.0,0.0,0.0,0.0,0.0
468.7037037037037,21.833333333333332,261.74801587301585,101.09126984126983,120.34325396825396,127.86507936507937,102.61772486772486,150.6170634920635,15.875,115.08531746031746,30.77777777777778,104.87037037037037,67.91388888888889,77.98611111111111,61.83333333333333,19.208333333333332,3.8333333333333335,62.11507936507936,31.75,3.75,45.32539682539682,54.6765873015873,15.544444444444444,28.914682539682538,30.194444444444443,32.454365079365076,9.166666666666666,12.90079365079365,10.694444444444445,8.708333333333332,10.625,3.333333333333333,2.9166666666666665,12.666666666666666,7.916666666666666,16.333333333333332,14.583333333333332,8.472222222222221,30.11111111111111,6.180555555555555,7.194444444444445,40.27777777777778,7.083333333333333,32.97222222222222,90.52777777777777,63.91600529100529,2.7777777777777777,14.48611111111111,0.41666666666666663,2.5,5.833333333333333,0.0,4.821428571428571,3.095238095238095,5.833333333333333,0.0,9.333333333333332,0.5555555555555556,14.125,0.0,4.138888888888889,0.0,0.0,0.0,3.333333333333333,0.5555555555555556,0.5555555555555556,0.8333333333333333,3.75,1.1111111111111112,7.083333333333333,0.5555555555555556,0.0,0.0,0.0,7.833333333333333,4.444444444444445,0.0,3.333333333333333,1.25,0.8333333333333333,0.0,3.333333333333333,0.0,2.5,7.499999999999999,0.0,1.6666666666666665,0.0,0.5555555555555556,2.5,0.0,2.0,0.0,0.0,0.0,0.0,2.5,0.0,0.8333333333333333,1.5,0.0,7.416666666666666,0.0,0.0,0.0,0.0,0.0,2.6666666666666665,0.0,0.0,0.41666666666666663,0.0,0.0,0.0,0.0,0.0,0.0,0.0,0.0,0.0,36.15079365079365,0.0,47.47222222222222,0.0,8.541666666666666,0.0,0.0,2.0,0.0,0.0,0.0,0.0,0.0,0.0,0.0,0.0,0.0,1.25,0.0,0.0,0.0,0.8333333333333333,0.0,0.0,2.083333333333333,0.0,0.0,0.0,0.0,0.0,0.0,0.0,0.0,3.4166666666666665,0.0,0.0,0.0,8.555555555555555,0.0,0.0,0.0,0.0,0.8333333333333333,0.0,0.6666666666666666,0.0,0.0,0.0,0.0,0.0,0.0,0.0,0.0,0.0,0.0,0.0,2.5,0.0,0.0,0.0,0.0,0.0,0.0,0.0,0.5555555555555556,0.0,0.0,0.37037037037037035,0.0,0.0,0.0,0.0,0.0,0.0,0.0,0.0,0.0,0.0,0.0
16.299603174603174,4.4603174603174605,2.333333333333333,0.0,11.277777777777777,3.1111111111111107,8.055555555555555,0.6666666666666666,4.027777777777777,0.0,2.5555555555555554,3.5,0.0,4.444444444444445,7.305555555555555,3.6111111111111107,2.0,1.6666666666666665,4.444444444444445,3.3333333333333335,1.9444444444444446,1.6666666666666665,0.0,3.111111111111111,0.0,2.2222222222222223,0.0,0.0,0.6111111111111112,9.369047619047619,5.666666666666666,0.2777777777777778,0.41666666666666663,9.648809523809524,1.3095238095238093,1.1111111111111112,1.6666666666666665,1.2222222222222223,0.2777777777777778,0.2777777777777778,1.2777777777777777,3.055555555555556,5.111111111111111,0.0,0.0,0.0,0.0,0.0,0.0,1.75,0.20833333333333331,1.4444444444444444,0.0,0.0,0.0,0.6944444444444444,0.0,3.5436507936507935,0.0,0.0,0.0,3.7916666666666665,0.0,0.0,0.0,0.0,0.0,0.0,0.47619047619047616,7.31547619047619,0.0,3.3333333333333335,1.4166666666666665,0.0,0.0,0.0,0.0,0.0,0.0,0.0,0.0,0.5416666666666666,0.0,0.0,0.0,0.3333333333333333,0.6547619047619047,0.0,0.0,0.8333333333333333,0.0,5.416666666666666,0.0,0.0,0.0,3.333333333333333,0.0,0.0,0.5555555555555556,0.0,0.0,0.0,0.0,0.0,0.0,0.0,0.0,0.0,0.0,0.0,0.0,0.0,0.0,0.0,0.0,0.0,0.0,0.0,0.0,0.5,0.0,0.0,0.0,0.0,0.0,0.0,0.0,0.0,0.0,0.0,0.0,0.0,0.0,0.0,0.0,0.0,0.0,0.0,0.0,0.0,0.0,0.0,0.0,0.0,1.1111111111111112,0.0,0.0,0.0,0.0,0.0,0.0,0.0,0.0,0.0,0.0,0.0,0.0,0.0,0.0,0.0,0.0,0.0,0.0,0.0,0.0,0.0,0.0,0.0,0.0,0.0,0.0,0.0,0.0,0.0,0.0,0.0,0.0,0.0,0.0,0.0,0.0,0.0,0.0,0.0,0.0,0.0,0.0,0.0,1.6666666666666665,0.0,0.0,0.0,0.0,0.0,0.0,0.0,0.0,0.0,0.0,0.0
390.8291847041847,46.17757936507937,29.09722222222222,22.599296536796537,70.14209401709401,68.74819624819625,40.59126984126984,39.99305555555556,36.18518518518518,15.634920634920634,25.539682539682538,14.277777777777777,23.125,26.194444444444443,30.125,40.05555555555556,16.458699633699634,23.026785714285715,26.21031746031746,18.316666666666666,19.291666666666664,18.291666666666664,6.111111111111111,44.07738095238095,11.11111111111111,7.886904761904762,12.083333333333334,10.833333333333334,10.527777777777777,32.94931457431458,3.4722222222222223,8.930555555555555,0.0,13.78174603174603,15.6875,3.3333333333333335,1.25,16.14316239316239,9.195436507936508,9.166666666666666,9.36111111111111,0.8888888888888888,28.480158730158728,0.0,0.0,2.5,0.0,0.0,2.9166666666666665,9.083333333333332,7.416666666666666,23.875,0.0,4.166666666666667,1.6666666666666665,1.25,0.0,5.944444444444445,0.625,0.0,0.0,6.754629629629629,1.0,0.0,2.986111111111111,2.083333333333333,8.61111111111111,0.0,3.0555555555555554,4.518518518518518,0.0,0.3571428571428571,1.1785714285714286,1.875,0.0,1.6666666666666665,0.8391608391608392,0.0,0.0,0.8888888888888888,3.333333333333333,0.0,0.0,0.0,0.0,0.0,11.36111111111111,1.488095238095238,11.340909090909092,3.125,0.0,10.277777777777779,2.5,0.7575757575757577,0.5,1.6666666666666665,0.05050505050505051,0.25,4.166666666666666,0.8333333333333333,0.0,0.8333333333333333,0.0,0.0,0.5050505050505051,1.6666666666666667,0.05050505050505051,5.0,0.0,0.0,0.05050505050505051,0.0,0.05050505050505051,1.25,0.05050505050505051,0.05050505050505051,0.0,11.666666666666666,0.0,0.669047619047619,0.0,0.0,0.625,0.0,0.0,0.0,0.0,0.0,0.41666666666666663,0.6666666666666666,0.0,7.416666666666666,0.0,0.0,0.0,3.7499999999999996,0.0,0.0,0.0,0.0,0.0,0.0,0.0,0.0,0.0,0.0,5.882352941176471,2.9411764705882355,0.0,0.0,0.0,0.0,0.0,0.0,0.41666666666666663,2.9761904761904763,0.0,3.833333333333333,0.0,0.0,0.0,1.1111111111111112,0.8333333333333333,1.0416666666666665,0.2777777777777778,0.0,0.0,0.0,0.0,0.0,1.6666666666666665,0.0,0.0,0.0,0.0,0.0,1.5476190476190474,0.0,2.5,0.0,0.0,0.0,0.0,2.2916666666666665,0.0,0.0,0.0,3.9999999999999996,4.25,0.0,0.0,1.2,0.0,0.0,1.1764705882352942,0.0,0.0,0.0,0.0,0.0
5012.165097918234,1378.2490632499196,1276.3430752394024,1264.3084042032958,1154.3912517292936,1143.1809975027736,691.8173540447816,1296.202672132582,485.52157875267835,900.5660866910866,955.3560183481236,581.5326391891795,670.1989560577022,410.5580975140822,220.48633186129314,572.0030740458371,392.88358715874193,891.0578148703148,278.04393757114343,728.4194015049278,252.47589398905188,354.4945869389755,472.9860131984745,283.45249535323063,155.22685185185185,153.8640873015873,226.03950216450215,364.7023633773634,146.10523789935556,428.6415134286651,254.65218482784272,284.6149538742418,169.6271960610196,25.034920634920635,142.39583102083103,97.55654761904762,41.460981148481146,243.83854673591514,48.385912698412696,86.42460317460318,952.4077542827542,16.38971016370397,67.31797138047138,16.261904761904763,18.20962663067926,80.84167452917453,232.50294789633023,29.314393939393938,103.56676286676286,139.83039230291553,83.96013708513708,225.12904311753417,357.45861931755894,82.44308513124302,10.198257298257298,32.299648268398265,25.62422360248447,9.955627705627705,72.4754366004366,25.31096275482717,95.32503607503607,17.048400673400675,23.838083213083213,28.68724898160382,13.972316124633057,8.83115468409586,29.5491822991823,152.3963785683987,43.02777777777778,30.982323232323232,6.785714285714286,8.392857142857142,6.511904761904762,60.4512987012987,24.041949836304674,20.99206349206349,13.007478632478632,30.39114357864358,1.2626262626262625,25.63888888888889,94.24995029480323,16.172619047619047,11.916666666666666,95.25,21.54419191919192,4.166666666666666,11.908730158730158,1.3888888888888888,22.313023088023087,2.124368686868687,1.2113095238095237,7.261904761904761,10.772997835497835,34.891679491424824,34.52013264513264,14.541666666666666,1.761032601015623,13.426017910538034,74.66706855522645,0.9259259259259259,1.3333333333333333,2.4444444444444446,1.9166666666666665,8.428571428571427,17.943659343489564,4.685314685314686,1.761032601015623,23.85465120391591,2.5,7.166666666666667,1.761032601015623,1.4393939393939394,1.761032601015623,17.63095238095238,1.761032601015623,1.761032601015623,42.27317029948609,46.2037037037037,3.8472222222222223,86.28915854090508,18.0,1.4814814814814814,48.20833333333333,0.0,13.796174957939664,2.2777777777777777,63.58270202020202,73.17240833086468,34.17063492063492,0.625,13.474690886455592,28.27965049656226,0.6084656084656084,50.240530303030305,5.568181818181818,84.12325406075406,28.453703703703702,0.0,1.0,7.6655982905982905,1.3095238095238093,2.9166666666666665,7.062169312169312,38.34710844710845,4.023258904837852,2.2083333333333335,0.0,0.0,9.445665445665446,1.8333333333333333,1.8055555555555556,0.9523809523809523,60.39583333333333,4.084249084249084,0.25,13.14963182242594,13.55307315233786,1.25,0.0,0.19607843137254902,1.6515151515151514,6.505291005291005,208.3805251765778,9.444444444444445,0.47619047619047616,1.6666666666666665,1.6346153846153846,26.759379509379507,1.5277777777777777,15.0,7.080687830687831,0.0,0.0,4.487058284852402,6.166666666666666,0.5555555555555556,27.7605580693816,3.1349206349206344,20.0,0.0,38.63795093795094,8.856601731601732,4.25,18.005883005883007,2.5,6.166666666666666,83.84460605819301,2.3333333333333335,22.308982683982684,6.338383838383838,0.0,10.929159212880144,11.797619047619047,0.9761904761904762,46.388888888888886,0.5,2.2727272727272725,13.357142857142856,6.666666666666666,8.125
4746.163456389662,2352.9883631647563,3701.526548511688,1421.4076679039913,971.5229050597665,215.02139249639248,280.53030507074624,698.0344441778265,245.7290509055215,295.8548020606844,300.4407867459338,370.81693510737625,259.7733793983794,447.9685771744595,138.4268648018648,444.7809366559366,601.7852692006136,378.4444051319051,145.45912698412698,263.8275169275169,73.47916666666666,72.07193732193731,178.84432160976277,582.8989898989898,310.84331409331406,84.33132145632145,62.329365079365076,87.87301587301587,47.07575757575757,132.163388000888,254.29231389525506,800.1443153366528,199.61376327920445,19.732142857142854,64.99870962370962,49.46825396825397,29.096532552414903,128.20297064047065,102.50198412698413,101.56454425204424,42.23304473304473,63.088023088023085,38.54617604617604,22.69047619047619,43.898809523809526,11.317460317460316,12.555555555555555,41.833333333333336,11.280143467643468,58.21943334443334,362.02074314574315,84.98509777259777,39.638888888888886,22.464646464646464,10.916666666666666,21.743894993894994,14.833333333333332,0.8888888888888888,81.77652208902208,19.5,5.333333333333333,50.73196248196248,51.09740259740259,87.21825396825396,1.6666666666666665,17.337412587412587,9.583333333333332,3.25,14.555555555555555,6.976190476190476,5.958333333333333,9.77994227994228,41.026695526695526,10.833333333333332,76.71825396825396,4.333333333333333,39.166666666666664,14.444444444444445,1.6666666666666665,10.214285714285714,54.448412698412696,5.0,7.5,35.17063492063492,2.5,9.047619047619047,7.561026936026936,0.0,16.865079365079364,0.3125,0.0,1.375,2.0,17.217749754988844,21.96771978021978,4.925925925925926,0.8684849043008436,4.166666666666667,327.93373015873016,19.92063492063492,0.0,13.949134199134198,0.0,1.5,8.684849043008436,12.5,0.8684849043008436,21.964285714285715,0.0,1.0,0.8684849043008436,0.0,0.8684849043008436,18.888888888888886,0.8684849043008436,0.8684849043008436,12.079365079365079,77.2420634920635,3.5,11.296620046620045,64.14880952380952,0.0,2.0,0.0,25.0,9.261363636363637,3.0,3.225806451612904,3.3333333333333335,0.0,15.428571428571427,11.5,0.7142857142857142,8.095238095238095,0.0,498.1903096903097,5.0,0.3333333333333333,0.0,1.6666666666666665,56.42994505494505,0.0,24.71428571428571,35.07142857142857,0.0,17.564935064935064,0.0,0.0,11.428571428571427,0.0,0.7142857142857142,0.0,72.69444444444444,12.0,0.0,10.644047619047619,0.8333333333333333,0.0,0.0,0.0,12.083333333333334,41.90839947089947,57.624458874458874,0.0,0.0,0.0,12.748397435897436,0.0,0.0,8.0,0.0,0.47619047619047616,1.9047619047619047,0.0,101.99891774891775,0.0,217.9920634920635,0.0,18.095238095238095,4.833333333333333,1.0,7.976190476190476,7.5,2.8571428571428568,0.625,1.3888888888888888,1.4285714285714284,10.0,74.94047619047619,31.666666666666664,0.0,2.7272727272727275,1.6666666666666665,0.0,0.0,0.0,1.1111111111111112,0.0,3.333333333333333,1.0
271.54714729714726,93.9563492063492,28.046825396825394,163.30343915343914,6.388888888888889,16.32142857142857,48.87174322590989,72.87590187590187,61.69100529100529,108.6984126984127,11.308833678398896,101.44444444444444,1.6798941798941798,4.595238095238095,10.878306878306878,40.12698412698413,6.666666666666666,45.00601995184038,36.61111111111111,15.504273504273504,5.666666666666666,54.68927368927368,6.111111111111111,16.636904761904763,468.8452380952381,55.457671957671955,34.30769230769231,33.09151459151459,2.2222222222222223,23.784377387318564,8.300696035990153,5.416666666666667,0.0,0.0,8.80952380952381,0.47619047619047616,9.083333333333332,4.398148148148148,27.738095238095237,0.0,0.0,0.0,0.3571428571428571,0.0,0.0,1.3333333333333333,0.0,0.0,0.8333333333333333,2.2222222222222223,45.14021164021164,1.3095238095238093,0.47619047619047616,9.083333333333332,0.47619047619047616,3.253968253968254,12.219780219780219,45.357142857142854,0.8333333333333333,1.9444444444444442,3.0476190476190474,3.333333333333333,0.8333333333333333,0.0,0.0,0.0,0.0,0.0,0.0,0.8333333333333333,0.8333333333333333,33.032186948853614,2.2222222222222223,12.775029775029775,0.0,2.8571428571428568,0.0,0.0,0.37037037037037035,1.3333333333333333,13.658730158730158,0.8333333333333333,0.41666666666666663,0.0,0.0,0.0,0.0,0.0,0.0,1.6203703703703702,0.23809523809523808,0.0,0.0,5.966735966735967,0.0,0.22222222222222224,1.0088935088935087,0.0,2.5135135135135136,16.166666666666664,0.0,0.8,0.0,0.0,1.7556017556017556,0.0,0.17556017556017556,0.0,0.0,3.3333333333333335,0.17556017556017556,0.0,0.17556017556017556,0.0,0.17556017556017556,0.17556017556017556,2.7777777777777777,0.0,0.0,9.033459595959595,0.30303030303030304,0.0,0.6666666666666666,0.0,0.0,0.0,5.833333333333333,8.441811909949164,0.0,0.0,15.222222222222221,0.0,2.5,0.0,0.0,1.1428571428571428,0.0,0.0,0.0,0.17543859649122806,0.0,0.0,0.0,0.0,0.0,1.9999999999999998,3.0555555555555554,1.5277777777777777,0.5555555555555556,0.0,0.0,0.0,6.0,0.0,0.0,2.361111111111111,5.833333333333333,0.0,0.0,3.3333333333333335,0.0,10.476190476190476,2.051282051282051,0.0,1.6666666666666665,0.0,1.6666666666666665,0.0,2.0,2.2222222222222223,0.0,0.0,0.0,0.0,0.8333333333333333,0.0,1.1111111111111112,0.0,0.0,0.0,1.2012012012012012,6.611111111111111,5.555555555555555,0.0,0.0,0.0,0.5555555555555556,0.0,8.88888888888889,0.0,0.0,2.5,1.9047619047619047,0.0,35.13997113997114,0.0,0.0,4.777777777777778,0.0,0.0
1340.2558715163977,26.04044834307992,256.2065527065527,131.39731379731379,259.91357336620496,221.95226576542365,134.87890812890814,2077.275721354669,73.37172793093845,88.7154970760234,64.86055416318574,64.49069264069264,68.5,93.73113497126654,15.647619047619047,59.993587650166596,258.9486221867801,121.24477544872282,51.63492063492063,6.152777777777778,42.45117307156781,20.656850459482037,30.877777777777776,100.29154831523252,26.03174603174603,71.31804859370648,12.450083542188805,47.00781601439496,6.666666666666667,0.5877192982456141,6.444444444444445,8.936925647451963,10.277777777777779,14.799267399267398,5.333333333333334,6.988888888888889,1.1111111111111112,8.75,18.22222222222222,9.701058201058201,19.444444444444443,43.52777777777778,12.666666666666666,97.55555555555556,69.18571428571428,79.61373256373255,8.399999999999999,21.745982696640592,8.957671957671957,3.959114959114959,6.444444444444444,0.8897243107769423,24.2,4.666666666666666,0.5,0.0,5.0,3.6527777777777777,0.8095238095238095,0.2,0.08771929824561403,0.17543859649122806,5.833333333333333,0.0,7.951684767474241,32.916666666666664,6.66984126984127,3.333333333333333,27.400793650793652,0.0,11.25925925925926,0.0,0.4,0.0,0.0,7.785714285714285,5.004385964912281,23.333333333333332,11.399999999999999,2.6984126984126986,2.0,0.0,3.333333333333333,1.0,6.638888888888888,0.17543859649122806,0.0,9.333333333333332,0.0,0.5,0.2777777777777778,1.1111111111111112,2.0,0.0,0.0,0.0,0.0,5.0,0.0,0.5,3.018518518518518,0.0,21.88888888888889,4.3125,0.0,0.5555555555555556,0.0,0.0,7.833333333333333,1.2222222222222223,0.0,4.809523809523809,0.0,0.0,0.0,0.0,3.333333333333333,1.0,24.204469507101084,0.0,0.0,21.72222222222222,3.333333333333333,62.4,3.3333333333333335,2.2962962962962963,0.0,6.944444444444445,1.3333333333333333,0.9166666666666666,2.3703703703703702,0.0,0.6613756613756614,0.0,0.0,0.0,1.6666666666666665,0.0,6.235780423280422,0.0,0.5555555555555556,1.037037037037037,0.0,0.20833333333333331,3.015873015873016,0.0,0.5714285714285714,0.2857142857142857,0.0,0.6666666666666666,0.6084656084656084,0.20833333333333331,1.0317460317460316,0.0,0.0,0.0,0.0,0.0,6.944444444444445,1.6666666666666665,0.0,0.47619047619047616,0.0,0.0,0.0,0.0,0.0,0.0,8.333333333333332,0.0,0.0,0.0,0.0,0.0,0.0,0.6666666666666666,0.0,2.2222222222222223,0.0,0.0,0.0,0.08771929824561403,0.0,0.0,0.0,1.7333333333333334,0.0,0.0,0.0,0.0,3.333333333333333,0.0,1.1111111111111112,6.261111111111111,0.0,0.6666666666666666,0.0,0.0,0.0,0.0
2077.5827344682607,237.5248505149821,237.36772486772486,137.9697802197802,533.2862734487734,501.8896841749009,127.44460038753516,946.9008196460713,499.3146761863867,187.64967817270448,410.11143912765766,638.4430152180151,63.80753968253968,664.7424925951242,77.0978835978836,338.56784492883565,1014.3242338536961,700.4690668980143,70.12133237133237,27.64330808080808,163.60005490868494,165.05989880003037,33.66179653679654,375.41290612409034,108.34808709808709,373.79087067902856,143.90974316361311,357.5216586532376,33.82954545454545,19.62938596491228,83.3734427122585,82.468671679198,54.98496642246642,12.390338827838827,21.0515873015873,7.249999999999999,36.93055555555556,44.60633116883117,46.97639207198031,236.0170666321982,33.75838744588744,46.80119047619047,2.5,55.83201058201058,78.32217621348056,36.523809523809526,40.451388888888886,337.92417256233045,16.150132275132275,101.90428552928553,11.791666666666666,11.837475633528266,35.276875901875904,15.406746031746032,8.01388888888889,3.914141414141414,7.2727272727272725,7.009920634920634,1.1111111111111112,3.1417989417989416,83.42577244879877,15.272841193893825,0.0,13.262820512820513,75.97020328599275,11.38888888888889,1.0,14.698412698412698,62.320707070707066,5.555555555555555,40.714466089466086,1.6666666666666665,1.3333333333333333,1.5,13.262820512820513,27.674603174603174,179.02831111383742,3.3333333333333335,1.8308080808080807,11.6765873015873,1.5,6.071428571428571,28.996657754010695,1.0,0.0,28.21209273182957,20.376068376068375,4.625,6.976190476190476,9.88095238095238,5.598290598290598,6.375,8.81096681096681,2.027027027027027,6.055555555555555,10.587301587301587,0.13513513513513514,11.479166666666666,0.0,3.6111111111111107,7.08989508989509,0.0,4.198412698412699,8.479166666666666,1.3513513513513513,6.76395173453997,0.13513513513513514,0.0,1.4821428571428572,3.5,0.13513513513513514,2.8867521367521367,0.13513513513513514,1.4583333333333333,0.13513513513513514,0.13513513513513514,5.185185185185185,1.0,211.6121625397941,0.0,0.0,26.392857142857142,1.1111111111111112,10.208333333333332,1.25,3.933862433862434,0.0,5.659489966555184,3.756944444444444,0.3571428571428571,7.777777777777778,0.0,6.661590161590161,5.321428571428571,0.3125,0.0,3.333333333333333,8.00595238095238,32.03141534391534,1.6666666666666665,4.833333333333333,7.961580086580086,1.1111111111111112,15.81439393939394,5.0724460724460725,0.0,5.707070707070708,2.853535353535354,0.0,3.5238095238095237,1.4880952380952381,7.85515873015873,14.511904761904763,0.0,0.6666666666666666,0.0,1.25,0.0,0.0,31.430074555074555,0.625,0.30303030303030304,0.0,0.0,0.8333333333333333,1.1111111111111112,0.0,2.125,1.9907407407407405,0.0,6.666666666666666,2.4188034188034186,9.675213675213675,5.0,0.0,7.821428571428571,0.0,5.208333333333334,0.0,0.0,0.625,3.208089668615984,0.2777777777777778,0.0,0.0,2.0198412698412698,0.0,0.41666666666666663,0.0,0.0,0.0,0.0,0.0,2.677777777777778,0.0,3.333333333333333,3.333333333333333,0.0,0.0,0.0
5866.909129637419,1329.8746283293303,1213.2654148853683,654.4324595635225,555.283951388118,122.25415020184111,309.1045113728834,948.5187657082081,167.42816246477054,279.61522214557925,242.734957676687,282.30306221693826,239.7338736064226,159.01229533137428,117.30321761571761,237.17287315081433,349.29377022759377,148.89266398089927,102.25572113072113,81.27448092031425,20.479166666666668,44.446993638170106,146.76347660276232,328.44439602794864,91.5081245508877,281.31250774891123,55.7261396011396,119.73859745918568,61.627132671250315,72.22297378547378,89.41260459526713,319.521597972553,573.0290437546629,20.921243686868685,44.01953601953602,83.1683360212772,19.09797463744832,44.55339105339105,11.351851851851851,32.82142857142857,3.75,11.884615384615385,33.849386724386726,21.089282245532246,25.625,6.647213897213898,1.4512310606060606,7.217948717948718,10.41958041958042,82.78655372405372,61.44675925925926,6.203390578719526,24.296085858585858,7.244047619047619,23.12632275132275,27.773078529657475,3.333333333333333,15.118357949240302,76.59449254449254,179.78503685856626,3.75,8.49512987012987,30.15463702963703,2.9930555555555554,9.625,15.218880534670008,14.102564102564102,1.4976657329598506,34.51267686561804,1.25,2.221320346320346,12.601190476190476,4.761904761904761,23.633030990173847,1.7430555555555556,4.0476190476190474,16.513227513227513,24.87121212121212,0.8333333333333333,0.0,29.24104769499506,0.5,0.0,23.680735930735928,0.9243881118881119,1.915204678362573,1.25,0.0,6.071428571428571,1.1805555555555556,2.5757575757575757,0.8680555555555556,0.0,7.258064516129033,5.0,0.0,1.039426523297491,0.25,717.964557063573,15.972222222222221,0.0,4.7142857142857135,0.6666666666666666,0.7738095238095237,4.838709677419355,4.230769230769231,0.4838709677419355,6.706349206349206,0.41666666666666663,5.181818181818182,0.4838709677419355,0.37037037037037035,0.4838709677419355,2.3733974358974357,0.4838709677419355,0.4838709677419355,11.084656084656084,22.268323996265174,0.47619047619047616,3.0746649184149186,29.642857142857142,19.166666666666664,0.5,2.083333333333333,0.1282051282051282,4.375,14.166666666666666,19.774842488314974,0.14285714285714285,0.0,7.999999999999999,11.465939153439153,0.7142857142857142,3.095238095238095,0.7272727272727273,215.29796129796128,5.507215007215008,0.0,2.5,0.3571428571428571,11.82142857142857,0.0,1.3333333333333333,14.583333333333332,0.0,3.9444444444444446,1.5384615384615383,0.7692307692307692,16.833333333333332,0.0,0.0,0.6547619047619047,7.916666666666666,3.333333333333333,1.1363636363636362,32.10185185185185,3.9328703703703702,80.76502664002663,0.0,1.1428571428571428,6.291666666666666,32.236201298701296,9.770833333333332,0.0,5.625,0.0,10.562499999999998,0.0,0.0,0.0,11.166316526610643,1.1034688995215312,4.413875598086125,10.295236013986013,6.541666666666667,0.0,296.93781863847653,0.0,10.773809523809524,2.5,7.579365079365079,3.7261904761904763,0.625,24.625,2.6666666666666665,0.7291666666666666,11.537878787878787,1.9047619047619047,94.51949317738791,3.4803921568627447,0.0,7.490166083916084,0.0,0.8333333333333333,0.0,1.25,0.3333333333333333,2.5,15.13095238095238,1.1111111111111112
197.19178044178042,33.38095238095238,52.29711954711954,27.675438596491226,19.282634032634032,5.833333333333334,5.7142857142857135,13.373015873015872,10.199134199134198,18.074074074074073,19.77777777777778,17.22222222222222,25.0,20.476190476190474,16.07142857142857,15.303030303030303,3.4294871794871793,27.19191919191919,5.703703703703703,2.8030303030303028,0.0,3.333333333333333,3.333333333333333,10.46031746031746,0.0,0.0,3.333333333333333,0.0,0.0,0.0,0.0,8.166666666666666,3.333333333333333,1.6666666666666665,0.0,0.0,0.0,2.7777777777777777,8.518518518518519,8.5,1.6666666666666665,0.0,13.333333333333332,0.0,0.0,0.0,0.0,0.0,0.0,5.555555555555555,4.722222222222222,3.303030303030303,0.30303030303030304,0.0,0.0,5.0,0.0,1.3852813852813852,3.333333333333333,9.027777777777777,0.0,0.0,0.0,0.5555555555555556,0.0,0.0,0.0,0.0,0.0,0.0,0.0,0.0,0.0,0.0,0.5555555555555556,0.0,0.0,0.0,0.0,0.0,3.1578947368421053,0.0,0.0,0.47619047619047616,0.0,0.0,0.0,0.0,0.0,0.5555555555555556,0.0,0.0,0.0,0.0,0.0,0.0,0.0,0.0,13.733766233766232,0.0,0.0,2.5,0.0,0.0,0.0,0.0,0.0,0.0,0.0,0.0,0.0,0.0,0.0,0.0,0.0,0.0,0.0,0.0,0.0,1.3333333333333333,2.5,0.0,0.0,0.0,0.0,0.0,0.0,0.0,0.0,0.0,0.0,4.666666666666666,0.0,0.0,0.0,9.0,1.6666666666666665,0.0,0.0,0.0,0.0,0.0,0.0,3.3333333333333335,0.0,1.9444444444444446,0.0,0.0,3.333333333333333,0.0,0.0,0.0,0.0,0.0,0.0,0.0,1.4537037037037037,0.0,0.0,0.47619047619047616,0.0,3.8730158730158726,0.8333333333333333,0.0,0.0,0.0,0.0,0.0,0.0,0.0,0.0,0.0,0.0,0.2564102564102564,0.0,0.0,2.0,0.0,0.0,0.0,6.190476190476191,0.0,3.3333333333333335,0.6666666666666666,0.0,0.0,3.9999999999999996,0.0,3.333333333333333,0.0,0.0,0.0,0.0,0.0,0.0,0.0,0.0,2.5,0.0,0.0
4134.50764746314,6502.049374146914,866.6154401154402,676.3613002917923,242.45983645983645,56.01190476190476,164.53391053391053,357.4173962611463,45.30631313131313,128.5595238095238,92.1024531024531,320.50547138047136,604.2852092352092,261.130291005291,214.9729437229437,45.19047619047619,238.44829244829245,214.0851370851371,16.28787878787879,20.0,51.59800384800385,55.416666666666664,20.88888888888889,91.07142857142857,27.5,56.94192799741999,31.25,118.77182539682539,6.095238095238095,1.6666666666666665,63.33333333333333,123.21645021645021,8.506493506493506,1.2698412698412698,17.5,39.333333333333336,9.410482146466128,18.416666666666668,0.0,6.575757575757576,4.999999999999999,8.333333333333332,15.5,6.25,34.166666666666664,0.0,5.0,5.0,1.25,309.84407449848624,82.70833333333333,17.5,0.0,13.333333333333332,21.666666666666664,1.4285714285714284,45.25,0.0,16.0,4.583333333333333,0.0,0.0,13.333333333333332,35.595238095238095,0.0,9.305555555555555,0.0,0.0,0.0,0.0,0.0,48.095238095238095,2.0,44.5,25.595238095238095,0.0,0.0,18.333333333333332,2.0,0.0,28.166666666666664,1.3703703703703702,26.11111111111111,20.25,0.0,0.0,10.0,0.0,0.0,15.0,0.0,0.0,0.0,46.1549947324971,0.0,7.0,3.0769996488331404,3.333333333333333,35.20454545454545,0.0,0.0,3.9166666666666665,0.0,7.5,30.7699964883314,1.0,3.0769996488331404,11.807239057239057,0.0,0.0,3.0769996488331404,0.0,3.0769996488331404,84.5,3.0769996488331404,3.0769996488331404,23.158730158730158,42.40079365079365,0.0,1.0,40.0,0.0,0.0,0.0,5.0,0.0,12.0,15.0,0.0,0.0,0.0,0.0,0.0,0.0,5.0,187.22222222222223,0.0,0.0,0.0,0.0,0.0,0.0,12.375,0.0,0.0,5.0,0.0,0.0,8.318602693602694,0.0,0.0,0.0,43.166666666666664,16.214285714285715,0.0,22.666666666666668,10.0,0.0,0.0,0.0,75.0,112.26190476190476,0.0,0.0,0.0,1.25,8.333333333333332,0.0,0.0,0.0,3.333333333333333,0.0,0.0,5.0,0.0,0.0,120.04761904761905,0.0,5.0,0.9523809523809523,0.0,0.0,0.0,0.0,0.0,0.0,2.0370370370370368,0.0,62.27633477633478,6.0,0.0,0.0,0.0,0.0,0.0,0.0,0.0,0.0,0.0,0.0
15.333333333333332,46.76587301587302,9.583333333333332,0.0,0.0,0.0,0.0,1.0,5.249999999999999,2.7777777777777777,0.0,5.0,0.8465608465608465,0.0,0.0,0.0,0.0,0.0,0.0,0.0,0.0,0.0,0.0,0.0,0.0,0.0,0.0,0.8994708994708994,0.0,0.0,0.0,0.0,0.0,0.0,0.0,3.3333333333333335,0.0,0.0,0.0,0.0,0.0,0.0,0.0,0.0,0.0,0.0,0.0,0.0,0.0,0.5,0.0,0.0,0.0,0.0,0.0,0.0,0.0,0.0,0.0,0.0,0.0,0.0,0.0,0.0,0.0,0.0,0.0,0.0,0.0,0.0,0.0,0.0,0.0,1.1111111111111112,0.0,0.0,0.0,0.0,0.0,0.0,0.0,0.0,0.0,0.0,0.0,0.0,0.0,0.0,0.0,0.0,0.23809523809523808,0.0,0.0,0.0,0.0,0.0,0.0,0.0,0.3333333333333333,0.0,0.0,0.0,0.0,0.0,0.0,0.0,0.0,0.0,0.0,0.0,0.0,0.0,0.0,0.0,0.0,0.0,0.0,0.0,0.0,0.0,0.0,0.0,0.0,0.0,0.0,0.0,0.0,0.0,0.0,0.0,0.0,0.0,0.0,0.0,0.0,0.0,0.0,0.0,0.0,0.0,0.0,0.0,0.0,0.0,0.0,0.3333333333333333,0.0,0.0,0.0,0.0,0.0,0.0,0.0,0.0,0.0,0.0,0.0,0.0,0.0,0.0,0.0,0.0,0.0,0.0,0.0,0.0,0.0,0.0,0.0,0.0,0.0,0.0,0.0,0.0,0.8333333333333333,0.0,1.3333333333333333,0.0,0.0,0.0,0.0,0.0,0.0,0.0,0.0,0.0,0.0,0.0,0.0,0.0,0.0,0.0,0.0,0.0,0.0,0.0,0.0,0.0,0.0,0.0
4291.0007130056765,127.27868104118103,1471.0098674065584,980.0250374625374,480.64360084360084,645.9621512746512,727.9621873496874,555.5286410957464,271.53727253139016,149.28968253968253,344.7005448255448,231.83296795796795,372.7055375180375,522.6836806248571,251.00258537758538,518.4779845154845,38.29705942205942,142.42560865060864,346.1270477888125,528.8398083398083,38.49282601929661,232.1960678210678,667.8858946608947,205.67016178266178,32.833333333333336,178.51650895400894,133.2090919701214,162.43470418470417,47.833333333333336,49.93650793650794,58.12193362193362,20.783381814264168,549.8713624338624,5.52579365079365,175.24603174603175,231.32242063492063,50.519841269841265,0.0,2.2222222222222223,10.868131868131869,0.0,19.03769841269841,120.95410654160654,26.547619047619047,6.401515151515151,18.607142857142854,0.0,6.26984126984127,3.9999999999999996,0.7142857142857142,7.234126984126984,2.8571428571428568,1.6666666666666665,93.21957671957671,248.40891053391053,171.0826330532213,0.0,2.2123015873015874,48.63860028860029,50.17949735449735,2.0,19.392460317460316,2.7777777777777777,55.83211233211233,1.25,24.78219696969697,0.0,0.0,209.15715488215488,48.90711152882206,0.0,1.8055555555555556,0.0,7.333333333333333,55.16544566544567,2.5,3.333333333333333,171.07586367880484,0.0,0.0,34.37771765271765,3.7499999999999996,9.583333333333332,1.6984126984126984,10.0,0.0,0.0,0.0,5.083333333333333,0.0,0.0,0.0,5.0,26.049222142560158,0.0,0.0,1.6255036983928994,0.0,13.205026455026454,1.0,0.0,0.0,0.0,0.0,16.255036983928996,10.059523809523808,1.6255036983928994,161.67493386243385,1.6666666666666665,0.0,1.6255036983928994,0.0,1.6255036983928994,0.0,1.6255036983928994,1.6255036983928994,31.164814814814815,128.92875642875643,0.0,94.31510103172255,28.424603174603174,5.0,0.0,25.208333333333332,4.1506410256410255,0.0,0.0,10.648148148148147,1.9074074074074072,0.5555555555555556,0.0,41.32142857142857,0.0,2.0,0.0,1.1428571428571428,0.41666666666666663,0.0,0.0,0.0,126.45138888888889,0.0,67.09307359307358,14.666666666666666,0.0,0.0,2.4722222222222223,1.2361111111111112,86.87590187590187,1.4285714285714284,0.0,0.0,0.18518518518518517,1.4583333333333333,0.33333333333333337,85.95238095238095,23.979166666666664,7.5,37.12085137085137,0.0,0.8333333333333333,49.28542984792985,15.0,0.0,0.0,0.0,19.325396825396826,8.992424242424242,0.0,0.0,12.6875,25.053485729956318,100.21394291982527,9.799107142857142,20.74722222222222,0.0,15.0,0.0,10.476190476190474,0.0,4.861111111111111,0.0,0.0,17.77777777777778,92.25,0.0,49.29563492063492,293.87614237614235,12.61111111111111,17.5,0.0,4.21875,0.0,0.0,1.6666666666666665,0.0,108.26786536646577,0.0,127.31150793650794,0.0
4121.948371456504,654.8858753874509,2605.476540983833,1076.6577678833878,1234.558857816188,1245.6538021774365,1174.3020566009657,2438.7790127867693,282.05741339659403,615.330556101497,288.21642608092185,826.2673851489641,346.2475114178302,497.6251610589846,340.4851054699269,387.7444960297127,258.75769444632226,663.3751493099182,1217.561730673744,840.2951750630322,121.51962045113305,494.86841305654883,237.53405201855003,659.3210812951436,1195.703152039759,398.0658118608749,188.75624656428226,357.0178698946556,158.1990237431414,277.7480480626496,119.33137448527282,535.046560293033,157.4862946882357,259.0047957002291,10.822605965463108,35.290202816905605,190.342061725009,109.3178316314871,81.44588744588745,39.76521097949669,339.01788046834486,201.46039355913305,153.29521530057244,443.2843058367903,153.74178004535148,290.24358997340363,449.757714045214,123.73871005074012,40.558673469387756,27.00692016317016,25.831769421055135,83.48481195314179,246.67606946624804,41.6902700474129,9.856060606060606,20.795907251789604,92.64529105449822,9.1859410430839,6.836750551036265,3.567046049188906,155.63976919244777,42.929434992722804,184.64944281908566,18.2776716747305,59.028486394557824,24.263188671166336,33.96663918092489,125.25284292427149,53.327400474564335,19.772591200222777,6.820827320827321,10.435435809910599,33.920020925190094,38.42019323269323,13.944338341397165,50.85567211139966,50.018160896837365,16.85222978080121,24.1673495155638,19.31950456950457,7.0229076479076475,9.307228750085892,58.762189199689196,4.7060657596371875,10.740697794269222,8.845401622187335,107.98464059089059,47.743913163556016,23.276251526251524,0.625,77.98889071945794,8.790750188964473,10.18642290249433,6.801368566074449,3.8997906855049713,3.5595238095238093,0.8383452059922648,59.693410755910755,17.956008277436847,28.947293820741024,26.089616402116402,10.347943722943723,12.715067340067339,7.324211502782931,4.216785393255981,6.2390902748045605,0.4216785393255982,10.360052910052909,8.6005291005291,19.21291061879297,0.4216785393255982,25.34297052154195,0.4216785393255982,3.482333337375354,0.4216785393255982,0.4216785393255982,72.36866407402121,6.731601731601731,84.4288849378135,40.78315202127001,11.49047619047619,124.75647566718995,16.09469696969697,182.89781746031744,17.195603008103006,2.8634044526901667,5.005668934240362,33.39826260445023,22.760079801151228,12.411140394693026,35.453347578347575,29.48321618857333,11.81105105212248,38.205952380952375,23.049726728298154,15.025510204081632,5.341498778998779,2.7480158730158726,11.045578690315532,8.3440527726242,5.166666666666666,7.284425891568748,42.569109461966605,16.679335875764448,18.12207105064248,7.461489898989899,3.4025974025974026,1.7012987012987013,13.489010989010989,12.337301587301587,13.912131519274375,15.041886751268903,56.829365079365076,4.066718995290423,4.421012849584278,2.464002267573696,9.839540089540089,16.63888888888889,98.2159681588253,0.6666666666666666,0.3571428571428571,1.730379269852954,0.3571428571428571,14.087301587301587,5.589417787726059,1.722222222222222,5.197810126381555,15.987873237873238,7.865842490842491,25.01977883227883,10.52374014874015,0.0,0.0,11.472111222111222,1.701298701298701,9.472634772634773,3.10515873015873,25.914381914381913,131.65547296618726,52.11111111111111,6.298469387755102,0.901360544217687,4.601190476190476,18.081349206349206,71.61115749330034,3.64333682190825,4.571428571428571,12.09554188501557,11.527646956218383,0.1680672268907563,20.583333333333332,22.820605603141228,2.3690476190476186,12.666768416768416,2.142857142857143,1.25,2.3608058608058604,0.0,0.23809523809523808,0.23809523809523808
380.65476190476187,25.48611111111111,70.00555555555555,78.04629629629629,140.19166666666666,134.6924603174603,38.19973544973545,84.77459114959115,61.44444444444444,109.39829846079846,6.945011337868481,70.52402055098133,19.805555555555554,52.823689273689276,13.78968253968254,18.27777777777778,13.722222222222221,87.34603174603174,30.63888888888889,14.416666666666666,3.8541666666666665,52.84722222222222,38.75727513227513,22.28240740740741,46.84060846560846,14.562830687830687,26.458333333333332,76.17890211640211,13.75,0.22222222222222224,0.5347222222222222,22.569444444444443,79.59722222222223,11.25,5.0,33.122655122655125,0.0,5.069444444444445,20.440656565656564,89.73743386243386,10.819444444444445,1.25,4.625,6.468253968253968,80.58687363834423,24.87193362193362,22.996031746031747,8.333333333333332,2.9166666666666665,0.9814814814814814,7.777777777777778,2.5,9.305555555555555,6.666666666666666,12.902777777777779,23.25925925925926,40.61970899470899,0.0,18.27777777777778,42.39351851851852,5.888888888888889,0.0,22.22222222222222,2.013888888888889,0.0,0.0,0.0,0.0,0.0,0.0,2.5,0.0,1.6666666666666665,10.0,0.7638888888888888,0.0,30.109788359788357,5.0,2.3703703703703702,0.5,0.0,2.0370370370370368,32.679232804232804,4.166666666666666,9.166666666666666,4.62962962962963,0.0,4.597222222222222,0.0,3.333333333333333,0.0,0.0,0.1388888888888889,3.0050505050505047,0.0,2.708333333333333,0.03367003367003367,0.0,0.0,0.0,0.625,8.636904761904761,1.25,0.0,0.3367003367003367,0.0,0.03367003367003367,0.0,0.0,1.25,0.03367003367003367,7.550925925925926,0.03367003367003367,0.0,0.03367003367003367,0.03367003367003367,0.0,20.734006734006734,0.0,0.0,7.777777777777778,11.61111111111111,0.0,4.583333333333333,7.222222222222221,0.0,8.138888888888888,1.7283950617283952,0.0,7.916666666666666,0.0,0.0,0.0,6.111111111111111,1.1111111111111112,0.0,0.0,0.0,1.1111111111111112,0.8333333333333333,0.0,0.5555555555555556,0.0,1.1111111111111112,0.0,0.0,6.428571428571428,3.214285714285714,0.0,1.25,0.0,0.0,0.0,1.1805555555555556,0.2777777777777778,0.0,0.0,0.0,0.0,0.0,1.0648148148148149,0.8333333333333333,0.0,14.319444444444445,0.0,0.0,5.055555555555555,0.0,0.0,0.0,2.5,3.1567460317460316,12.626984126984127,0.0,0.0,0.0,0.0,0.0,0.0,20.627645502645503,0.0,0.0,3.75,59.45238095238095,0.0,0.625,0.0,0.0,0.0,0.0,0.9523809523809523,0.0,0.0,0.0,9.25925925925926,0.0,0.0,0.2777777777777778,2.986111111111111,45.273148148148145
2730.7844695813446,62.6068376068376,388.34722222222223,402.3703703703704,434.99801587301585,95.7030192030192,214.72104978354977,775.1920984717037,246.49651737151737,97.3531746031746,346.04978354978357,110.1613664113664,140.78535353535352,311.3323801742919,209.34060846560845,189.125,2.6785714285714284,76.54232804232804,179.84595959595958,120.64682539682539,26.953703703703702,171.5595238095238,75.68324219640009,45.300595238095234,0.0,216.73015873015873,45.40079365079365,87.13311688311688,13.666666666666666,36.65079365079365,33.64574314574315,2.944444444444444,191.31646825396825,1.5138888888888888,42.42063492063492,287.81646825396825,25.42063492063492,0.0,0.5555555555555556,0.7142857142857142,0.0,27.785714285714285,18.271765271765272,2.5,0.41666666666666663,4.5,1.6666666666666665,0.7142857142857142,3.9999999999999996,0.0,0.0,0.0,0.0,42.83068783068783,359.5398629148629,34.166666666666664,0.0,5.640873015873016,5.333333333333333,6.388888888888889,0.0,23.666666666666664,1.6666666666666665,47.014652014652015,0.0,12.636363636363637,0.0,0.0,167.93287037037035,194.9031432748538,0.0,0.5555555555555556,0.0,14.833333333333332,47.014652014652015,2.5,3.333333333333333,17.047619047619047,0.0,0.0,11.054232804232804,0.0,9.583333333333332,1.0317460317460316,0.0,0.0,0.0,3.333333333333333,0.22222222222222224,0.0,0.0,0.0,0.0,7.622074196911264,0.0,0.0,0.5081382797940842,0.0,5.976190476190476,10.0,3.333333333333333,0.0,0.0,0.0,5.081382797940843,47.13095238095238,0.5081382797940842,98.48115079365078,1.6666666666666665,0.0,0.5081382797940842,0.0,0.5081382797940842,0.0,0.5081382797940842,0.5081382797940842,13.75,77.48950123950124,0.0,280.6950427131348,0.0,5.0,0.0,4.166666666666666,0.0,0.0,0.0,0.9259259259259258,0.0,0.5555555555555556,0.0,27.607142857142854,0.0,0.0,0.0,0.0,0.0,0.0,0.0,0.0,14.88888888888889,2.5,0.47619047619047616,24.166666666666664,0.0,0.0,0.0,0.0,115.51875901875901,0.0,0.0,0.0,3.2962962962962963,10.0,0.0,6.666666666666666,1.6666666666666667,2.5,17.398629148629148,0.0,0.0,10.243055555555555,2.5,0.0,0.0,0.0,29.61111111111111,3.9166666666666665,0.0,0.0,12.041666666666666,3.830808080808081,15.323232323232324,0.47619047619047616,11.347222222222221,0.0,0.0,0.0,0.0,0.0,3.333333333333333,0.0,0.0,7.777777777777777,5.0,0.0,33.02777777777778,104.6984126984127,0.0,7.5,0.0,4.21875,0.0,0.0,0.0,0.0,6.920282393882796,0.0,12.46031746031746,0.0
7568.464428154466,3243.22060053009,1575.3357494187146,1845.014120610621,1608.73336735238,1472.9437601069953,1698.6781242454242,1044.9300092230226,152.714744963642,595.0920255670255,469.76152273998525,762.5842564298447,491.1120485567964,386.3036616161616,536.0993366429319,728.1677945148533,313.70802253302253,419.31283225215907,266.2315820243737,649.7219945774899,83.65338095053568,561.2216522671282,290.1422258297258,386.7362379295152,798.6900062900063,146.51816341921383,615.5286825103001,264.1716112903189,263.9907536907537,157.04074007225267,219.085588023088,32.968748409067956,118.25429894179894,17.071494489268574,314.38157732012775,362.8507215007215,147.30364420542992,233.22677877677876,610.8385612853492,35.027056277056275,369.4136403287719,6.269047619047619,72.83201058201058,91.34595497095496,3.1805555555555554,146.18226953495494,88.06583694083693,64.5434443979612,266.4794372294372,291.4103230660304,391.94674171901613,91.19544939187796,113.03730663655475,183.7151424963925,55.44940001518949,85.50888648388649,10.13888888888889,30.707792207792206,44.757936507936506,295.14577073398476,29.93314612268975,5.158730158730158,166.41137566137564,86.75690975690975,11.735119047619047,7.062688773215089,49.41028138528138,3.1335200746965453,7.408163265306122,97.9920634920635,58.94603174603174,67.6153487099649,118.0395445543809,441.5006079160491,60.37046287046287,19.615079365079364,6.042857142857143,131.37642912642912,10.317460317460316,2.2222222222222223,8.24290293040293,27.769466679241116,7.666666666666666,88.99296536796537,0.5,1.5277777777777777,30.26943076081007,5.995238095238095,27.248477421271538,6.259637188208616,32.499699374699375,0.4,3.482142857142857,120.89369036461848,5.357142857142857,2.9367413632119512,15.239473537535412,4.454545454545454,488.18893005143,15.144660894660895,2.142857142857143,222.7579365079365,8.333333333333332,20.855158730158728,80.72806870868746,41.644660894660895,7.739473537535412,112.60714285714285,4.836309523809524,6.066666666666667,7.739473537535412,2.5,7.739473537535412,1.3333333333333333,7.739473537535412,7.739473537535412,64.64690600077031,33.114267676767675,0.11111111111111112,215.13560559597565,41.92857142857142,0.37037037037037035,4.222222222222222,0.30303030303030304,16.11111111111111,7.340170940170941,92.61291486291486,124.0581788249497,1.6666666666666665,0.0,13.148148148148147,3.962698412698413,0.0,0.0,0.9,327.4563492063492,0.5,23.86019536019536,1.2857142857142858,4.102564102564102,52.289021164021165,13.180555555555555,30.933982683982684,11.571428571428571,0.0,16.29563492063492,10.575757575757574,5.287878787878787,37.11742424242424,3.7857142857142856,0.0,0.8912655971479501,38.62896825396825,15.492103068803967,0.7125,32.3313492063492,42.20256132756133,6.638888888888888,2.121212121212121,3.333333333333333,9.375,28.140873015873016,41.785383597883595,3.708333333333333,0.8333333333333333,6.875,8.631313131313131,13.010101010101009,2.6818181818181817,7.203703703703703,17.180555555555557,0.7692307692307693,3.076923076923077,18.46996804008999,11.055555555555555,14.269047619047619,474.0374579124579,10.836309523809524,5.902777777777778,3.833333333333333,80.0422818399077,2.4814814814814814,6.132034632034632,10.833333333333332,4.111111111111111,0.0,93.54047341547341,20.817460317460316,34.416666666666664,288.5485081544864,0.0,27.74537028334166,16.621031746031747,1.3333333333333333,123.65354136604137,0.15873015873015872,0.0,2.8571428571428568,5.4020562770562774,0.0
7206.537943895635,2156.765195610577,2473.8175002831567,1462.177340426429,1010.2368325046795,371.6111974445308,520.4782031965856,558.9925831982807,387.79819746930787,527.9297323047323,255.52272905603672,606.980539890866,276.952592444917,242.82562473738943,68.01650432900432,772.7098961223961,416.833846483324,589.2557576025823,724.0476791726792,207.28774774608107,57.89145299145299,494.62229437229433,154.1312049062049,455.9137492137492,81.89682539682539,158.69741800424822,278.0074555074555,138.8434065934066,41.55555555555556,40.5,212.21584896584895,74.0435690907558,330.02951677951677,24.180555555555554,309.5223371399842,235.83973032686268,25.71103634690591,11.912878787878787,14.134920634920634,6.833333333333333,13.571428571428571,47.20039682539682,94.00854978354978,7.0,12.023809523809524,3.476190476190476,8.908730158730158,10.753968253968253,1.9444444444444444,65.20035037426342,31.638888888888886,18.61111111111111,13.714285714285715,58.94047619047619,150.26781531672836,118.57848442407266,20.305555555555554,21.314814814814813,50.96131869220105,85.81232527837005,0.0,106.03333333333333,11.849567099567098,21.666666666666664,0.0,20.874999999999996,17.666666666666668,1.6666666666666665,167.0742794242794,6.026785714285714,0.0,11.25,0.0,16.758449883449885,19.333333333333332,1.0,7.559523809523809,25.285714285714285,1.1111111111111112,1.2222222222222223,118.54318181818181,0.7738095238095237,31.369047619047617,38.44017094017094,3.333333333333333,10.0,0.0,0.47619047619047616,6.361111111111111,0.0,1.6666666666666665,0.0,0.0,27.33139725531123,0.0,4.444444444444445,2.3776487059096376,0.0,125.27987704303493,1.0,0.0,165.60515873015873,1.1111111111111112,0.3571428571428571,18.22093150354082,11.777777777777777,1.822093150354082,33.404708029278964,0.0,0.0,1.822093150354082,0.3125,1.822093150354082,18.95687134502924,1.822093150354082,1.822093150354082,14.334940984940985,118.20872183372182,0.0,113.55299435979353,38.452380952380956,0.0,0.0,19.583333333333332,7.884615384615385,7.0,3.696338383838384,30.170651852855244,5.181216931216931,0.0,4.166666666666666,14.357142857142858,0.0,0.47619047619047616,0.0,58.56623931623931,7.222222222222222,3.111111111111111,0.0,0.0,66.03571428571428,0.0,66.48809523809524,7.472222222222221,0.0,2.5,3.9007936507936503,1.9503968253968251,16.74512987012987,0.0,0.0,27.873348873348874,6.654761904761904,6.825396825396825,1.7619047619047616,48.92364117364117,10.928571428571427,9.761904761904763,2.2222222222222223,0.0,0.625,112.13158369408369,19.655982905982906,0.0,0.0,0.0,4.166666666666666,0.0,0.7142857142857142,9.444444444444443,25.291666666666664,3.4735449735449735,13.894179894179894,18.416666666666668,16.275,0.0,383.3499230101397,0.0,16.405122655122653,3.333333333333333,11.527777777777779,0.0,0.41666666666666663,13.833333333333332,66.41666666666667,0.0,47.31883394383394,70.94444444444444,38.97987891737892,29.86930641821946,10.0,25.996675191815857,0.0,0.0,13.583333333333332,0.0,28.473631411738207,8.57142857142857,28.885281385281385,2.2222222222222223
2011.4828499892574,49.66807299843014,389.9166599273742,327.03654678654675,1399.8844804318487,123.76686507936508,89.45137362637362,1534.8077033960437,199.12175324675323,623.4680782180782,637.5355641907113,396.43132859204286,74.60998029748029,298.32302207596325,39.17857142857143,179.85710678210677,133.31547619047618,660.0686304436305,292.77867965367966,66.15575396825396,32.00489787989788,47.31964285714285,89.48165227629512,151.96753246753246,122.82733793983793,323.9899267399267,100.77334797555386,118.8719474969475,42.53400072150072,77.18571428571428,34.48814102564103,116.926628001628,50.59706959706959,0.5257936507936507,6.0,14.653198653198652,57.62103174603175,167.56055948020233,4.458791208791208,536.2820377721694,122.77547452547452,19.693632756132754,12.869047619047619,139.30753968253967,4.468253968253968,41.107142857142854,65.4025974025974,62.408674658674656,85.60723304473304,124.82797757797758,98.73069985569985,6.5,161.2932831057831,56.58035714285714,56.111111111111114,2.083333333333333,0.0,31.52777777777778,0.0,14.0,44.67171717171717,115.40986652236653,4.583333333333333,6.54004329004329,49.56224747474747,12.458333333333334,20.583333333333332,12.72039072039072,4.350649350649351,18.657341269841268,0.3571428571428571,5.5,20.253968253968253,1.5714285714285714,5.706709956709957,6.666666666666666,0.25,0.0,7.416666666666666,27.72258297258297,12.857142857142856,7.063492063492063,5.0,1.6666666666666665,0.9999999999999999,9.516666666666666,73.86273448773449,2.107142857142857,5.4393939393939394,23.75976800976801,8.180964868464867,0.0,0.0,13.23529411764706,68.98214285714286,10.626190476190475,0.8823529411764706,8.672619047619047,0.37037037037037035,0.0,1.3156565656565657,0.0,1.4236111111111112,3.4285714285714284,8.823529411764707,32.125,0.8823529411764706,27.089285714285715,3.333333333333333,0.0,0.8823529411764706,10.3125,0.8823529411764706,0.2857142857142857,0.8823529411764706,0.8823529411764706,5.0,0.0,37.40873015873016,2.2991889063317634,3.0544871794871793,12.547619047619047,1.5,3.333333333333333,0.9523809523809523,4.6893939393939394,2.0,3.333333333333333,13.422619047619047,1.2571428571428571,3.333333333333333,3.333333333333333,49.74687118437118,113.75007215007216,18.410714285714285,3.5897435897435894,0.6428571428571428,1.9653679653679652,17.75892857142857,0.0,4.821428571428571,1.268939393939394,0.0,5.714285714285714,3.4166666666666665,5.0,1.9197469197469197,0.9598734598734598,3.3333333333333335,2.14021164021164,4.479166666666666,0.0,0.18181818181818182,0.47619047619047616,0.0,0.0,4.464285714285714,0.0,0.0,10.285714285714285,0.0,0.0,0.0,0.0,9.679487179487179,0.3125,0.0,0.0,5.6937229437229435,0.5555555555555556,1.6847041847041846,0.0,0.0,0.5555555555555556,0.0,0.0,0.5555555555555556,0.0,1.6666666666666665,2.121212121212121,0.41666666666666663,0.0,0.6111111111111112,1.9047619047619047,3.333333333333333,0.0,0.0,8.63095238095238,2.9166666666666665,0.2564102564102564,0.0,0.0,1.25,1.0416666666666665,0.0,0.0,0.8333333333333333,0.0,0.0,0.0
4363.919606142052,411.0699448577738,707.3826436220012,2081.7966812158725,695.8611105669929,317.3603567728568,1218.474466428143,786.0494014079189,643.8934511838924,488.0789254461855,186.24693770478154,908.4940882918823,829.0464200098471,632.2318410218952,267.2030050917358,266.19409212791567,137.75354452192687,449.92527262135104,544.0732307767911,776.9452611658494,174.78629851282432,143.61978761978762,475.37506763963944,453.2567571317571,84.3356188337806,896.4140097919509,336.57380697599996,314.41587505214505,628.4858247417071,185.5043706293706,609.9830864683419,4592.731667946232,110.98232323232322,68.11671244991678,73.70072710513887,219.05988455988455,148.94327270957706,543.3790528371411,204.32442153076826,4.563519813519814,282.10884867364877,284.7771927146927,77.01506826506827,50.398737836237835,1.1363636363636362,39.756410256410255,166.91567146994777,638.6992595611016,42.59228734228734,75.11540121098945,155.13399740237975,186.09578847078848,255.38322599726692,77.59989316239316,45.622552556376085,31.578754578754577,5.619047619047619,10.119505494505495,60.09027777777777,8.333333333333332,1836.8005272374846,60.16708754208754,9.641203703703702,29.20775738422797,209.0807014655699,336.5898291523291,12.121212121212121,83.72158995688407,16.65740740740741,11.416666666666666,105.9484126984127,97.47932078814432,118.66611823848666,7.965497737556561,24.20775738422797,387.0567485633275,20.61904761904762,83.60436785436785,6.192460317460317,31.053439153439154,63.08489658489658,11.139591402749296,31.470009157509157,3.333333333333333,51.14682539682539,250.84728176307124,140.4599567099567,4.448412698412699,19.51275146889126,18.142712842712843,4.438492063492063,9.066521169462346,1.7045454545454546,46.70375896175134,218.72961572386123,136.48352540543615,3.0950654122649044,12.517260517260517,13.859547859547858,4.3708791208791204,5.537878787878787,5.666666666666667,0.30303030303030304,4.770171957671957,30.950654122649045,4.3560606060606055,3.0950654122649044,12.765873015873016,2.2073667073667074,0.7638888888888888,3.0950654122649044,0.9090909090909092,3.0950654122649044,6.666666666666666,3.0950654122649044,3.0950654122649044,74.66056998556998,1.4646464646464648,239.5650058002999,39.674247974247976,100.24807599807599,2.2817460317460316,5.205983709273182,0.2564102564102564,184.78427699751228,22.54849086099086,7.222222222222221,24.663375839846427,12.474969474969475,1.3574660633484164,18.044394932552827,21.38595132364482,173.54011266511267,25.5,21.405400520532098,32.548791486291485,63.33216783216783,92.70380545380546,423.1414021164021,16.416125541125542,6.416666666666667,0.41666666666666663,23.499999999999996,92.89606227106228,20.700607263107262,13.189732925027043,8.79222085104438,4.39611042552219,7.974446849446849,10.06084656084656,8.317460317460318,3.9999999999999996,15.891414141414142,4.083333333333333,5.10562558356676,91.71688034188034,6.170634920634921,6.666666666666667,0.0,1.9668615984405458,24.581349206349206,14.99110149110149,0.5555555555555556,2.708333333333333,1.875,2.0,8.0,16.238095238095237,0.3333333333333333,11.69522607022607,0.5,0.9259259259259259,3.7037037037037037,88.97229853479854,18.15458642664525,48.24456221166747,14.445998445998445,4.444444444444445,72.16032116032116,0.0,5.0,5.119098494098494,0.0,11.875,1.875,1.0892670839853937,0.6944444444444444,10.90055315055315,77.20932539682539,0.0,0.0,1.0555555555555556,0.8333333333333333,0.3571428571428571,0.0,3.8055555555555554,6.898941798941799,5.992063492063492,0.0,0.0
2972.315218740954,404.198356953504,1118.5831371560537,817.0598606640273,574.1971141756229,119.34755599338932,219.7431631586804,502.8871613829947,231.41294932373364,329.0912698412698,309.7926564176564,309.6347319347319,216.61077271493937,210.22790903770004,32.038660413660416,276.04476033226035,133.93270569586358,217.88340085840085,242.11578005328005,114.45414153747487,25.473646125116712,113.71945646945646,68.27069504569505,208.45398212898212,39.01851851851852,158.65899410139605,67.69454170557111,158.52694527694527,52.08333333333333,10.303030303030303,62.954365079365076,268.0604003412827,110.51984126984127,29.07142857142857,49.24473443223443,98.9563492063492,21.302910052910054,35.416666666666664,186.31455350205349,6.987179487179487,72.50757575757575,82.65674603174602,58.37017195767196,14.784798534798535,6.085858585858586,1.4285714285714284,19.76190476190476,53.367153679653676,12.38888888888889,31.56322843822844,83.2325036075036,14.457459207459207,14.034992784992784,7.742063492063492,61.2989417989418,48.48907203907204,5.125,5.0,34.734319384319384,8.02142857142857,29.047619047619047,8.420238095238094,15.0,18.976190476190474,7.083333333333333,7.895833333333333,3.3333333333333335,2.932900432900433,48.19060522810523,5.888888888888888,1.0101010101010102,23.544117647058822,5.833333333333333,23.166666666666664,7.928571428571428,19.107142857142858,6.666666666666666,14.305555555555555,0.6084656084656084,0.0,31.078535353535354,1.130952380952381,13.333333333333332,3.8888888888888884,0.0,6.666666666666666,0.0,1.25,4.107142857142857,0.41666666666666663,6.666666666666667,0.0,0.0,7.50039925574231,0.8333333333333333,0.0,1.055582172605043,4.715909090909092,122.73717948717949,2.5,10.924658674658675,3.3333333333333335,0.0,0.0,5.000266170494873,2.7777777777777777,0.5000266170494874,20.984126984126984,0.0,33.33333333333333,0.5000266170494874,0.0,0.5000266170494874,7.383116883116883,0.5000266170494874,0.5000266170494874,25.595370370370368,26.063492063492063,30.833333333333332,11.89272030651341,27.174603174603174,0.0,0.0,0.0,73.3173076923077,0.0,12.333333333333332,4.722222222222222,6.0555555555555545,0.0,0.5555555555555556,7.724969474969475,7.777777777777778,2.2222222222222223,5.0,66.89069617746088,8.472222222222221,1.9642857142857142,10.238095238095237,0.8333333333333333,13.166666666666666,0.0,8.75,64.0,0.0,0.2777777777777778,0.8382352941176471,0.41911764705882354,1.3942307692307692,1.0833333333333333,0.0,1.25,35.0,6.061507936507937,0.6363636363636364,12.685185185185185,2.074404761904762,0.6666666666666666,0.0,3.333333333333333,35.49603174603175,40.09143634143634,14.0,0.0,10.0,2.083333333333333,4.107142857142857,1.6666666666666665,0.0,3.333333333333333,7.3125,1.0,4.0,11.15625,4.788888888888889,17.484848484848484,136.99735449735448,0.0,2.0,0.0,13.941176470588236,3.333333333333333,0.0,7.5,4.583333333333333,0.625,4.791666666666666,0.0,27.22222222222222,11.127450980392156,0.0,0.0,0.47619047619047616,0.625,0.0,0.0,1.8717948717948718,0.0,2.5,8.333333333333332
2.0555555555555554,0.6666666666666666,0.0,0.0,0.0,0.0,0.0,1.6666666666666665,0.0,0.0,0.0,0.0,0.0,0.0,0.0,0.0,0.0,0.0,0.0,0.0,2.0,0.0,0.0,3.75,0.0,0.0,0.0,0.0,0.0,0.0,0.0,0.0,0.0,0.0,0.0,0.0,0.0,0.0,0.0,0.0,0.0,0.0,0.0,0.3333333333333333,0.0,0.0,0.0,0.0,0.0,0.0,0.0,0.0,0.0,0.0,0.0,0.0,0.0,0.0,0.0,0.0,0.0,0.0,0.0,0.0,0.0,0.0,0.0,0.0,0.0,0.0,0.0,0.0,0.0,0.0,0.0,0.0,0.0,0.0,0.0,0.0,0.0,0.0,0.0,0.2777777777777778,0.0,0.0,0.0,0.0,0.0,0.0,0.0,0.0,0.0,0.0,0.0,0.0,0.0,0.0,0.0,0.0,0.0,0.0,0.0,0.0,0.0,0.0,0.0,0.0,0.0,0.0,0.0,0.0,0.0,0.0,0.0,0.0,0.0,0.0,0.0,0.0,0.0,0.0,0.0,0.0,0.0,0.0,0.0,0.0,0.0,0.0,0.0,0.0,0.0,0.0,0.0,0.0,0.0,0.0,0.0,0.0,0.0,0.0,0.0,0.0,0.0,0.0,0.0,0.0,0.0,0.0,0.0,0.0,0.0,0.0,0.0,0.0,0.0,0.0,0.0,0.0,0.0,1.25,0.0,0.0,0.0,0.0,0.0,0.0,0.0,0.0,0.0,0.0,0.0,0.0,0.0,0.0,0.0,0.0,0.0,0.0,0.0,0.0,0.0,0.0,0.0,0.0,0.0,0.0,0.0,0.0,0.0,0.0,0.0,0.0,0.0,0.0,0.0,0.0,0.0,0.0
169.07341269841268,40.26190476190476,20.0,25.714285714285715,13.333333333333332,41.26587301587301,14.666666666666666,12.051282051282051,5.375,3.333333333333333,3.5,9.333333333333332,10.0,5.0,0.625,14.607683982683982,0.30303030303030304,1.6666666666666665,15.0,12.803030303030303,1.1111111111111112,3.5256410256410255,0.0,85.46861471861472,15.999999999999998,13.333333333333332,0.0,0.0,0.0,4.0,3.720238095238095,1.6666666666666665,5.0,0.0,18.0,2.8571428571428568,0.0,19.047619047619047,10.0,1.25,0.0,2.0,3.8095238095238093,0.0,0.0,2.6428571428571423,0.0,6.666666666666667,0.0,1.6666666666666665,0.0,8.571428571428571,0.0,2.5,0.0,0.0,1.3333333333333333,0.0,3.5,0.0,0.0,0.0,0.0,0.0,0.0,0.0,0.0,0.0,0.0,0.0,0.0,0.0,2.0,0.0,0.0,2.8571428571428568,0.5555555555555556,0.0,0.0,0.0,0.0,0.0,0.0,0.0,0.0,0.0,2.0,0.0,0.0,0.0,0.0,1.9047619047619047,6.666666666666666,0.0,1.9230769230769231,0.0,0.0,0.0,5.0,0.0,0.0,0.0,0.0,1.4285714285714284,0.0,2.7272727272727275,0.0,3.75,0.0,0.0,0.0,0.0,0.0,0.0,0.0,0.0,0.0,4.0,0.0,0.0,0.0,0.0,0.0,0.0,0.0,0.0,0.0,5.555555555555555,0.0,0.0,0.0,0.0,0.0,0.0,0.0,1.25,0.0,0.0,0.0,0.0,0.0,0.0,0.0,0.0,0.0,0.0,0.0,0.0,0.0,0.0,0.0,0.0,6.873015873015873,0.0,0.0,0.0,0.0,0.0,0.0,0.0,0.0,2.0,5.782828282828283,0.0,0.0,0.0,0.0,0.0,0.0,0.0,0.0,0.0,0.0,0.0,0.0,0.0,2.2916666666666665,0.0,0.0,0.0,0.0,0.0,0.0,0.0,0.0,0.0,0.0,0.0,0.0,0.0,0.0,0.2777777777777778,0.0,0.0,0.0,0.0,0.0,0.0,0.0,0.0
5170.871904856613,3254.3502589939917,1832.9277167223997,1974.179371986325,1418.904886140112,648.4875558503579,809.720410038973,954.5957193845557,665.2987221713282,370.4710497835498,481.71556791649897,1045.431668852843,339.16301011649847,441.9135027010027,300.67559755059756,536.8194980128803,967.0935434772842,733.7944965609439,163.81486568986568,538.8524831649831,263.12631905131906,299.65004750724563,345.8901471407276,419.7785085285085,244.68821358952937,132.5867481284148,242.63097033685267,227.25228937728937,75.7902647461471,161.3088924963925,357.42093117151165,919.9195384829695,669.1937074936301,76.07928182928183,508.3502138699507,142.28319597069597,73.8829365079365,176.8468899521531,257.37896825396825,70.2996632996633,170.73304473304472,26.32153957153957,30.379990379990378,25.933433716042412,51.18192918192918,37.07142857142857,13.51010101010101,27.55753968253968,52.035714285714285,77.04004329004329,184.0102813852814,151.53665815178974,26.03174603174603,173.484126984127,73.86248473748473,26.80952380952381,91.72189153439153,29.583012666345997,153.26556776556777,123.06583231583231,4.166666666666666,138.24404761904762,59.166666666666664,106.8997424144483,17.782106782106784,24.195887445887443,13.706709956709956,19.42857142857143,173.86739417989418,20.194911297852475,0.0,53.9451566951567,44.7012987012987,67.66666666666667,106.8997424144483,11.833333333333332,42.58412698412698,20.428571428571427,22.833333333333332,33.188644688644686,226.80958393458394,0.8333333333333333,57.229166666666664,86.17460317460318,6.25,11.25,25.0,0.0,4.413250148544266,3.676691729323308,32.37312687312687,11.375,0.0,44.564646211529954,44.69047619047619,29.87037037037037,14.092845902638151,1.0,240.08886483886482,21.785714285714285,1.6666666666666665,33.63095238095238,3.492063492063492,7.416666666666666,25.805002236258062,52.14285714285714,2.580500223625806,94.72585978835978,1.6666666666666665,22.587719298245613,2.580500223625806,3.333333333333333,2.580500223625806,25.74290986790987,2.580500223625806,2.580500223625806,40.632936507936506,116.85437430786267,11.428571428571427,59.356374302026474,20.0,0.0,17.642857142857142,0.0,10.0,0.0,204.32924482924483,30.35615659519168,30.166666666666664,0.5555555555555556,7.095238095238095,37.89285714285714,0.7142857142857142,18.214285714285715,7.142857142857142,114.29695304695305,0.0,0.3333333333333333,0.0,0.0,62.573412698412696,0.0,44.973544973544975,25.738095238095237,12.5,16.923909423909425,0.0,0.0,43.198412698412696,0.0,0.0,1.25,67.26033591731266,18.333333333333332,3.333333333333333,12.190934065934066,55.060439560439555,0.0,0.0,0.0,10.416666666666666,30.23797340573656,92.81703944203944,6.666666666666666,1.0,0.0,11.277777777777777,13.333333333333332,1.6666666666666665,29.566666666666666,2.5,2.0,8.0,3.4954212454212454,34.61706349206349,1.6666666666666665,312.32641846457636,0.0,19.242424242424242,14.277777777777779,6.333333333333333,18.29004329004329,3.75,25.352564102564102,1.0,3.888888888888889,74.0079365079365,8.357142857142858,56.38382312132312,16.833333333333332,0.0,18.379446640316207,35.14285714285714,0.0,20.023809523809522,1.4285714285714284,12.717901441501843,1.25,11.567460317460316,11.666666666666666
1093.3093319871923,35.508916083916084,614.9290491915492,389.12765475265473,336.30655363155364,266.07142857142856,282.9684704184704,145.64924900915,69.66689291101056,47.769841269841265,101.2824074074074,69.7624269005848,37.08585858585859,141.67171145847615,27.856421356421357,103.86660284160284,9.298941798941799,61.28095238095238,203.5021645021645,221.29617604617604,1.1142857142857143,34.73015873015873,36.558791208791206,86.38867243867243,0.5,14.048539423539422,15.58639971139971,5.0,3.7681159420289854,56.02564102564103,111.49206349206348,8.726757882640236,45.729166666666664,0.8888888888888888,6.365079365079365,39.61050061050061,21.126984126984127,0.0,0.5555555555555556,0.0,0.0,2.865079365079365,41.30238095238095,2.5,3.333333333333333,0.0,8.928571428571429,2.5,0.6666666666666666,0.10101010101010102,7.0,0.0,0.0,45.797619047619044,29.90079365079365,102.26440226440226,0.0,1.0317460317460316,2.1,11.221164021164022,0.0,66.31184648684649,1.0,2.3333333333333335,0.0,4.303030303030303,0.0,0.0,23.16343795093795,0.5112781954887218,0.0,1.25,0.0,0.0,2.3333333333333335,2.5,2.0,10.555555555555555,0.0,0.0,23.14040404040404,1.4285714285714284,0.0,0.0,0.0,0.0,0.0,0.0,0.0,0.0,0.0,0.0,0.0,23.87764679531608,0.0,0.0,1.5918431196877385,0.0,2.5,0.0,0.0,0.0,0.0,2.8571428571428568,15.918431196877386,0.0,1.5918431196877385,11.711309523809524,0.0,0.0,1.5918431196877385,0.0,1.5918431196877385,0.0,1.5918431196877385,1.5918431196877385,0.26666666666666666,21.00925925925926,0.0,17.83421168203777,22.22222222222222,0.0,0.0,10.833333333333332,0.0,0.0,5.0,0.9259259259259258,0.0,0.0,0.0,16.885281385281385,0.0,0.0,0.0,0.0,0.0,0.0,0.0,0.0,63.88564213564213,0.0,12.222222222222221,2.5,0.0,0.41666666666666663,0.25,0.125,26.09307359307359,0.0,0.0,26.25,3.2962962962962963,0.0,0.33333333333333337,6.580086580086579,5.333333333333333,2.5,2.601010101010101,0.0,2.0,7.628787878787879,3.333333333333333,0.0,0.0,0.0,5.0,1.0833333333333333,0.0,2.8571428571428568,3.6666666666666665,3.628787878787879,14.515151515151516,0.0,1.511111111111111,0.0,0.0,0.0,0.0,5.0,1.3194444444444444,0.0,0.0,1.1111111111111112,16.666666666666664,0.0,7.5,301.0033915672269,0.0,0.0,0.0,7.826086956521739,0.0,0.0,0.0,0.0,57.2754329004329,0.0,167.40079365079364,1.4285714285714284
3716.1006352795553,612.6273288012404,1111.4788182056038,1148.246853320174,1498.558713510261,752.7825035608648,1091.0527020948239,1160.9574231480485,186.3600679821268,719.3198814460147,140.81616038125878,381.7776169006432,732.2688232236827,198.9426278813165,315.0350057350057,564.228841912588,135.33812520202943,559.9272440229926,558.319879992851,125.98635887921601,94.57862344422495,288.7545878244381,168.61922285619764,469.9876586876236,229.00068139532425,253.71597161211702,250.9105600055014,118.68257183992478,132.19987672613723,224.53242361133252,182.62623848664316,608.2800173481878,54.33623390067489,142.7463310672897,24.34497285705269,30.274170274170274,57.507453272684366,49.3339689411118,16.495004995004994,11.494279529993815,82.57289566953432,47.730396587539445,224.4092385439024,301.1880415393573,33.043345543345545,92.02242122956409,84.7141339869281,52.342552288980855,110.828803972413,29.475788831051986,47.93304989357621,27.264285341176098,296.169823313941,25.19019274376417,10.566378066378066,19.825452325452325,17.21624045684196,25.295550796076007,27.16627984527144,10.109780143941634,47.367929689358256,43.93151548498187,18.304638522075496,23.692836099086097,3.242176870748299,12.806696454805698,2.4276048026048027,75.20381510024367,196.56817342118765,3.753968253968254,0.0,8.008397686969115,57.75242714801538,27.686723407311643,22.692836099086097,182.5450960979464,74.95313856536767,17.150662829234257,2.626984126984127,2.8571428571428568,1.2000000000000002,3.208333333333333,10.31547619047619,3.061224489795918,1.7857142857142856,2.0166784662582984,109.103584318445,4.357489402132259,81.78371628371629,0.0,25.675736961451246,19.359451659451658,2.4996947496947497,1.5624999999999998,1.1241496598639455,1.0,0.10416666666666666,9.478327228327228,86.03931696323001,2.5272108843537415,6.248556998556999,6.844988344988344,4.535714285714285,6.666666666666666,3.0416666666666665,3.9861111111111107,0.3819444444444444,8.026695526695526,1.130952380952381,31.8492691132397,0.10416666666666666,3.759637188208617,0.10416666666666666,2.5933621933621933,0.10416666666666666,0.10416666666666666,210.1636976571187,7.261904761904761,31.499850546279117,3.7284960347224625,36.80555555555556,65.15816326530611,20.107142857142858,0.39285714285714285,13.993352780117485,9.658359340137315,4.618181818181818,7.311791383219954,2.5033577533577533,3.4819624819624817,15.135225885225886,88.80598845598846,19.34024288915593,12.857142857142856,2.2723467009181295,12.698412698412698,1.25,0.17857142857142855,5.087107423020735,3.0384879670593956,0.7142857142857142,5.396533360819075,24.566469944621204,39.084420605849175,9.307220070377966,0.8608058608058609,7.666666666666666,3.833333333333333,29.461924184060408,4.470899470899471,0.48185941043083896,22.311761316910058,5.0,0.7993197278911564,0.3333333333333333,3.611111111111111,2.3809523809523805,41.22222222222222,14.457919065061922,0.5555555555555556,3.666666666666666,8.152540442014125,0.0,13.158730158730158,10.77020202020202,0.7407407407407407,6.636534100819815,18.827128427128425,2.9075091575091574,200.96086966152754,7.262145262145262,0.0,0.0,20.238095238095237,0.12987012987012989,2.192307692307692,10.305555555555555,0.0,104.6614138662458,2.5,2.521885521885522,1.6064887493458921,2.0544566544566543,46.59920634920635,34.004603861746716,0.9501133786848072,4.595223673963831,23.33988788988789,7.261904761904762,0.0,1.25,11.716637472675322,2.5,0.2686202686202686,0.0,0.0,1.1638361638361638,0.0,3.3333333333333335,0.0
5111.584447546869,1446.2707598833097,1302.0210424962524,2311.1792988648235,1377.3899330485356,1186.0954524027422,1371.9221001487076,1454.00244798247,391.7412965173801,462.19408995623155,286.3198397376256,954.9792934839968,651.8372049519108,304.6078806856529,305.1921096876979,632.7099375310178,326.7912255030951,736.8601856865776,1428.0711752328625,527.8393180893181,167.00582679990575,570.5832327129928,319.2264012287121,1088.8251411468414,272.13719052111907,445.6467433029933,546.7148831646509,333.4345895708142,218.52130450573063,534.8846918518358,156.36434375021835,1147.2865185568269,354.48768940611046,181.427715140649,35.668986715039345,59.464466089466086,161.30949802998123,300.1980205757517,48.19700762200762,6.458333333333333,217.69318170117594,88.67015011132658,315.47452947190715,141.88003180681753,41.71807821807822,83.75758902341383,150.28713891928177,139.75407180538758,259.796687279582,60.38115995612799,64.63189819439819,266.4468143706589,289.895795015584,48.46355496355496,20.69191919191919,47.0049395049395,25.93788156288156,31.66665279165279,82.01875968190306,24.550421800421802,135.14416046916045,65.92102989602989,90.57626817626817,90.01384939480869,77.32191996599892,21.802975347092993,54.81624213656881,303.8885598863927,119.66142520333696,22.45050125313283,52.64417989417989,59.04226329226329,112.3231527974949,32.27822245836952,90.01384939480869,133.92316017316017,535.5105277418514,55.94978077478077,9.658570596070595,40.43209013209013,57.5964246809835,5.483906525573192,74.02659840159839,53.57404500261643,3.815151515151515,15.957106782106782,288.1885969293864,4.342105263157895,68.93507198139551,25.047619047619047,32.84507020757021,9.903138528138529,5.889665889665889,23.720251108355946,18.03933747412008,29.932687519452223,1.1112322287725513,60.45352186799555,73.53472399060634,18.826025281907633,12.936979686979686,2.0370370370370368,0.6734006734006734,0.3333333333333333,8.334544509947735,8.157142857142857,0.8334544509947736,103.43127381877382,2.9047619047619047,67.33682864692926,0.8334544509947736,7.352564102564102,0.8334544509947736,25.686149226590402,1.1112322287725513,0.8334544509947736,41.85110069668893,8.7008547008547,39.39116161616162,21.403584865761864,43.24702380952381,18.232193732193732,64.5516774891775,4.99189216580521,29.055453125306066,41.16433648051295,3.75,20.960103150455584,22.65525429735956,11.94525327613563,11.66971677559913,45.200639638139634,41.813672438672434,65.84758487126908,31.85945767195767,101.08838383838383,8.91092241092241,6.388888888888888,26.378357753357754,6.807109557109557,11.825396825396826,5.384615384615384,105.063943001443,106.0800396770985,17.775103980986334,0.8012820512820513,11.244343891402714,5.622171945701357,55.928300865800864,4.207792207792208,8.349867724867725,42.8522185875127,32.882672882672885,6.809523809523809,2.5,8.809218559218559,26.73458485958486,18.943181818181817,29.29722222222222,7.089285714285714,17.07661872178001,8.83970658970659,8.947283798576903,56.77750173802805,10.8125,0.11111111111111112,16.194444444444446,12.896392496392496,2.5,100.44347433755328,18.71306471306471,0.0,0.0,23.41386483886484,1.2962962962962963,6.756761756761756,58.66365334012393,3.7878787878787876,148.1107221151864,0.0,8.06060606060606,4.94949494949495,10.620494782994783,63.103660228660225,17.92800453514739,5.288359788359788,21.666944166944166,52.76084656084656,62.79047619047619,18.669117647058822,1.1666666666666665,27.773729352439997,0.0,0.875,0.0,0.0,0.2564102564102564,19.444444444444446,0.41666666666666663,0.0
3338.6809678594846,1573.8009655916483,728.1854482548755,848.2058694321886,502.13465817321037,224.94135873088288,472.49779188676246,641.8519391255459,271.7962824026678,264.8543182035829,128.58924471498,366.8790660213614,149.04904089942454,182.07093309740367,102.87761862320686,280.6550945780014,412.63870281541324,193.93409645909645,211.52942659192658,98.24146033704857,54.013552449965495,230.56749153838936,87.86545954045954,219.43617417440947,199.53397362441478,125.1212165149665,117.96611929092579,133.05526233026234,307.20636724386725,82.20019743328567,183.1388934187662,599.3449641128674,112.56066387316388,173.25170370266278,24.222125097125094,72.03030303030303,50.0499444999445,42.55185185185185,20.0529304029304,18.166666666666668,38.86048581048581,142.66504884004883,95.60161776647844,49.64315984940985,7.683982683982683,10.156267806267806,15.57202982202982,12.157958707958707,88.1108706108706,34.2560389098168,63.82157980907981,42.83134735634736,74.47970837890915,18.965127465127466,20.030212842712842,19.79047619047619,10.631652661064425,47.581578144078144,44.59332399626517,195.76573671426613,14.348544973544973,13.142748917748916,11.23546361046361,13.428208365708365,31.31612137862138,26.721296296296295,0.0,31.578474303474305,23.251391582273932,8.952380952380953,3.143795093795094,33.63339438339438,23.150793650793652,13.098490153637213,13.428208365708365,55.81987391263707,47.40456926326491,29.75,1.9444444444444444,3.0735042735042737,25.559319384319384,1.3287037037037037,3.9365079365079363,52.16117216117216,2.3664335664335665,3.140785043416622,64.52117465867465,3.666666666666666,20.705874572051044,0.0,33.11217948717949,0.3125,0.15384615384615385,8.671105538989789,4.665405850188459,0.8333333333333333,0.9129943375199542,5.553030303030303,212.47209829930418,0.0,0.8412698412698413,8.28888888888889,0.30303030303030304,0.3571428571428571,5.891848137104304,8.133333333333333,0.5558514803770971,13.03078098801783,0.16666666666666666,30.8117784992785,0.5558514803770971,0.5,0.5558514803770971,3.0253447532859297,0.8336292581548749,0.5558514803770971,8.302871148459383,1.6666666666666665,1.607142857142857,9.80812937062937,15.982456140350877,0.0,0.8333333333333333,0.0,19.11076097105509,1.6403318903318904,4.861111111111112,1.6666666666666665,1.9484126984126986,0.4545454545454546,9.803703703703704,1.9602272727272727,6.762235449735449,28.601608187134502,5.559523809523809,101.04633329633329,7.261904761904762,0.0,1.0555555555555556,0.8116883116883117,12.071428571428571,0.0,13.037087912087912,25.425518925518926,0.671218487394958,0.22222222222222224,1.5384615384615383,0.7692307692307692,43.548335157274785,0.22222222222222224,2.696428571428571,6.095238095238095,9.681818181818182,6.143772893772893,0.0,24.163690476190474,7.767322954822954,82.83169330669331,2.7222222222222223,0.3333333333333333,0.625,8.755073358014535,7.353594807829087,6.924603174603174,0.9953703703703703,1.3968253968253967,11.0,11.11111111111111,0.0,99.53467804125698,7.834706959706959,1.1111111111111112,4.444444444444445,16.25501234876235,3.9027777777777777,0.6666666666666666,36.1319073083779,0.0,23.411075036075037,0.0,6.0,2.7777777777777777,0.4545454545454546,36.17628205128205,2.1666666666666665,0.5902777777777778,6.821289821289821,35.070526695526695,24.427080327080326,88.48856209150327,0.0,1.7307692307692308,0.0,0.0,0.0,1.25,1.0294117647058822,9.166666666666666,18.13095238095238,0.0
2.5,0.0,0.0,0.0,0.0,0.0,2.5,0.0,0.0,0.0,0.0,2.5,0.0,0.0,11.071428571428571,0.0,0.0,0.0,0.0,0.0,0.0,0.0,0.0,0.0,0.0,0.0,0.0,0.0,0.0,0.0,0.0,0.0,0.0,0.0,0.0,0.0,0.0,0.0,0.0,0.0,0.0,0.0,0.0,0.0,0.0,0.0,0.0,0.0,0.0,0.0,0.0,0.0,0.0,0.0,0.0,0.0,0.0,0.0,0.0,0.0,0.0,0.0,0.0,0.0,0.0,0.0,0.0,0.0,0.0,0.0,0.0,0.0,0.0,0.0,0.0,0.0,0.0,0.0,0.0,0.0,0.0,0.0,0.0,0.0,0.0,0.0,0.0,0.0,0.0,0.0,0.0,0.0,0.0,0.0,0.0,0.0,0.0,0.0,0.0,0.0,0.0,0.0,0.0,0.0,0.0,0.0,0.0,0.0,0.0,0.0,0.0,0.0,0.0,0.0,0.0,0.0,0.0,0.0,0.0,0.0,0.0,0.0,0.0,0.0,0.0,0.0,0.0,0.0,0.0,0.0,0.0,0.0,0.0,0.0,0.0,0.0,0.0,0.0,0.0,0.0,0.0,0.0,0.0,0.0,0.0,0.0,0.0,0.0,0.0,0.0,0.0,0.0,0.0,0.0,0.0,0.0,0.0,0.0,0.0,0.0,0.0,0.0,0.0,0.0,0.0,0.0,0.0,0.0,0.0,0.0,0.0,0.0,0.0,0.0,0.0,0.0,0.0,0.0,0.0,0.0,0.0,0.0,0.0,0.0,0.0,0.0,0.0,0.0,0.0,0.0,0.0,0.0,0.0,0.0,0.0,0.0,0.0,0.0,0.0,0.0
204.99783032871267,40.775252525252526,53.701058201058196,101.41931216931216,71.71011396011396,32.916666666666664,25.879629629629626,183.58363858363856,20.21527777777778,45.54412993267482,84.63166463166462,57.91137566137566,20.537749287749286,86.76388888888889,9.583333333333332,51.578304048892285,17.912901912901912,14.223856209150325,2.181216931216931,8.88888888888889,17.941176470588236,32.29925303454715,3.333333333333333,28.162393162393162,33.0,5.833333333333333,6.666666666666666,23.957431457431458,11.022727272727273,5.0,3.9401709401709404,28.047619047619047,17.033730158730158,0.0,0.37037037037037035,0.0,6.666666666666666,6.666666666666666,3.333333333333333,1.875,7.222222222222221,10.333333333333332,4.444444444444445,6.111111111111111,11.11111111111111,0.0,0.8333333333333333,3.1666666666666665,2.083333333333333,9.781746031746032,0.0,16.666666666666664,1.6666666666666665,0.0,12.0,0.5555555555555556,0.0,2.4444444444444446,0.0,0.0,10.0,2.9166666666666665,3.333333333333333,0.37037037037037035,2.2222222222222223,0.0,0.37037037037037035,3.4722222222222223,1.3333333333333333,0.0,3.333333333333333,0.0,7.777777777777778,0.39215686274509803,0.0,0.0,3.333333333333333,0.0,3.333333333333333,0.0,1.6666666666666665,0.0,0.0,0.37037037037037035,0.0,2.0,10.625,0.0,3.333333333333333,0.0,0.0,1.6666666666666665,0.5555555555555556,0.0,0.0,0.0,0.0,0.0,10.0,0.0,0.0,4.444444444444445,3.333333333333333,3.333333333333333,0.0,0.2777777777777778,0.2777777777777778,4.642857142857142,0.0,0.0,0.0,1.1111111111111112,0.0,0.0,0.0,0.0,0.8333333333333333,0.0,13.062049062049061,0.0,0.0,0.0,3.333333333333333,0.0,1.1764705882352942,4.236111111111111,0.0,2.7777777777777777,0.0,0.8888888888888888,0.0,0.0,0.0,6.666666666666666,0.0,11.38888888888889,0.0,0.0,0.0,0.625,0.0,3.934102934102934,0.0,14.833333333333332,0.0,0.0,0.0,0.0,0.0,0.0,0.0,0.0,0.0,0.0,0.0,0.625,0.0,0.0,0.0,0.0,0.0,0.0,8.333333333333332,0.0,0.0,0.0,0.0,0.0,0.0,2.2222222222222223,0.0,0.0,0.0,1.6666666666666665,0.0,0.0,0.0,0.0,0.0,0.0,0.0,0.0,0.0,4.666666666666666,0.0,0.0,3.3333333333333335,0.0,0.15873015873015872,0.0,0.0,0.0,0.0,0.0,0.0,0.0,3.333333333333333,0.0,0.0,0.0
132.83526949241235,20.509757438328865,40.429789800990406,109.48665329379615,38.909348587920014,44.49832112332112,72.21968824825967,38.16531696971826,25.066666666666666,27.869047619047617,30.194054136020736,155.75396825396825,17.35126777983921,15.055555555555555,23.380322986705966,6.3388278388278385,20.503968253968253,7.075448361162646,25.907359307359307,20.465367965367964,7.62049062049062,23.235260770975056,2.4999999999999996,23.642857142857142,21.468253968253965,19.316326530612244,55.42857142857143,31.630807023664165,27.238095238095237,1.0,8.095238095238095,25.627407805227353,49.166666666666664,26.916326530612245,4.554421768707482,0.0,10.010770975056689,3.8787878787878785,20.166666666666664,1.4285714285714284,3.9999999999999996,8.333333333333332,6.777777777777778,0.0,0.0,5.898809523809524,3.333333333333333,0.41666666666666663,3.4589947089947084,3.460615825277479,3.8571428571428568,5.382086167800453,4.122448979591836,7.034391534391534,0.3333333333333333,0.5555555555555556,0.0,3.333333333333333,0.7142857142857142,0.9999999999999999,18.281179138321995,0.0,0.0,4.166666666666667,0.04464285714285714,2.2527472527472523,0.3571428571428571,4.186507936507937,0.4081632653061224,0.2857142857142857,0.0,2.067176870748299,2.380952380952381,0.3571428571428571,4.166666666666667,0.3333333333333333,12.628968253968253,0.0,0.9523809523809523,1.0,0.0,4.257369614512472,0.22222222222222224,0.0,0.0,0.0,6.809523809523809,1.4285714285714284,0.0,2.82312925170068,0.0,0.0,0.3571428571428571,15.956829779730704,0.5555555555555556,0.0,1.039979128172523,0.0,0.5555555555555556,0.0,0.47619047619047616,0.9523809523809523,0.0,1.0714285714285712,10.39979128172523,3.3766233766233764,1.039979128172523,0.0,2.976190476190476,3.333333333333333,1.039979128172523,0.0,1.039979128172523,0.0,1.039979128172523,1.039979128172523,5.215717866093805,0.0,0.0,1.5501519756838904,0.0,0.0,16.714285714285715,0.0,0.0,0.9999999999999999,1.1111111111111112,9.949273609987895,0.0,0.0,0.47619047619047616,0.47619047619047616,0.0,0.0,0.0,5.9523809523809526,0.0,1.5,0.0,0.0,0.0,0.0,0.14285714285714285,0.5,0.0,0.0,0.0,0.0,0.0,1.7857142857142856,0.0,0.0,0.0,0.0,0.0,0.0,0.0,0.0,0.0,0.0,0.0,0.0,0.0,2.380952380952381,0.37037037037037035,0.0,0.0,0.638095238095238,0.0,3.9682539682539684,0.0,0.0,0.0,0.0,0.0,0.9523809523809523,0.0,0.3571428571428571,0.0,0.0,0.46992481203007513,0.0,0.0,0.0,0.0,0.0,0.38461538461538464,0.0,0.15873015873015872,0.04464285714285714,0.0,1.094224924012158,0.0,0.0,0.0,0.15873015873015872,0.0,2.8571428571428568,0.06493506493506494,0.0
2175.842382154882,516.0972222222222,1238.5,1223.7222222222222,582.3928571428571,997.3611111111111,704.3373015873016,1141.577380952381,547.9351851851852,819.9801587301587,573.297619047619,495.43055555555554,232.47685185185185,451.3333333333333,251.01388888888889,244.10119047619048,36.93478260869565,354.0,451.25,220.66666666666666,129.7668650793651,231.17460317460316,191.25,185.61111111111111,389.8333333333333,178.14484126984127,182.9537037037037,376.25,138.33333333333334,175.0,172.66666666666666,95.62265512265512,308.38888888888886,125.83333333333333,20.194444444444443,921.4642857142857,29.583333333333332,140.0,12.5,484.8333333333333,21.25,73.33333333333333,5.303030303030303,283.1666666666667,388.54166666666663,23.333333333333332,145.94444444444443,46.29464285714286,12.5,35.19444444444444,46.52777777777778,129.44444444444446,121.91666666666667,25.0,115.52777777777777,102.62301587301587,54.666666666666664,36.083333333333336,18.27777777777778,14.166666666666666,168.54166666666666,44.416666666666664,94.16666666666667,3.4722222222222223,36.25,13.75,38.33333333333333,7.5,52.55555555555556,13.595959595959595,22.5,40.55555555555556,0.0,11.666666666666666,2.361111111111111,13.958333333333332,4.083333333333333,35.0,25.555555555555557,76.66666666666667,24.833333333333332,77.91666666666667,3.3333333333333335,35.0,71.25,7.5,6.833333333333333,31.666666666666664,5.0,8.61111111111111,19.583333333333332,21.666666666666668,20.0,3.9345063538611926,77.44444444444444,58.75,0.2623004235907462,2.5,2.2222222222222223,13.75,9.166666666666666,607.9315476190476,9.583333333333334,20.0,2.623004235907462,22.5,0.2623004235907462,21.25,10.0,0.0,0.2623004235907462,6.0,0.2623004235907462,16.25,0.2623004235907462,0.2623004235907462,10.74074074074074,6.25,27.5,2.494667168580212,0.0,15.0,0.0,40.0,3.333333333333333,20.0,32.833333333333336,26.33928571428571,0.0,0.0,13.333333333333332,13.333333333333334,6.25,16.666666666666664,2.5,5.166666666666666,6.25,0.0,2.5,16.666666666666664,15.0,27.5,0.0,0.0,0.0,31.25,4.166666666666666,2.083333333333333,0.6666666666666666,12.5,15.0,0.0,10.666666666666666,4.444444444444445,3.333333333333333,11.041666666666666,0.0,0.0,0.0,23.333333333333336,21.944444444444443,0.0,12.0,3.611111111111111,2.5,7.916666666666666,10.0,5.833333333333333,0.0,0.0,6.111111111111111,0.0,0.0,2.5,8.333333333333332,0.0,7.222222222222222,60.476190476190474,2.2222222222222223,2.2222222222222223,0.0,20.0,7.916666666666666,6.666666666666666,1.5,5.0,5.0,0.0,13.333333333333332,0.0,0.0,9.270186335403727,5.0,12.5,1.6666666666666665,2.5,5.0,7.083333333333333,0.0,7.666666666666666
5520.914323113607,1626.3663603868288,1414.360477594449,2208.043662922986,1622.088020351886,1672.4555370768285,1938.6138893583461,1175.750754215725,279.9842178654678,926.6829596329596,451.24228404552787,820.4097453229032,390.77908163265306,152.14616578954815,908.2916192991878,909.1826201585583,182.48539423539424,695.91272018529,191.60571437350606,633.7399423704377,90.16986087583913,665.8985353012481,221.327411014911,409.25613022455127,1327.937874162874,188.91189253867825,655.8583259633956,583.8859648796724,327.1768648018648,150.59520496130403,186.6585365385675,49.10117123986035,200.046626984127,41.196494489268574,408.08917174095745,143.64622414622414,165.68893114071685,310.7160406314818,990.7635134029483,19.494047619047617,465.82200929039163,4.9833333333333325,69.42671448921449,39.078518703518704,4.930555555555555,147.95370458425379,85.5463924963925,62.40953722203722,124.65999278499278,153.4250213307287,429.8888569276727,77.28955370026799,108.87230044391698,250.34062980670123,55.05167875496822,90.80512265512266,58.07995762407527,74.7359668109668,62.06150793650794,377.04052782874186,44.452072041615665,21.67128427128427,113.15079365079364,53.09654464052347,30.554166666666664,5.188879249405565,13.182239057239057,6.523809523809524,8.17739403453689,64.86962759462759,6.888888888888888,79.04264147892434,161.57531105396316,400.08310568604685,35.55350434748318,83.24224386724386,8.82857142857143,45.31147186147186,14.08664021164021,1.5555555555555556,56.0696859513036,51.61333772048057,9.268518518518517,49.96527777777778,0.5,0.41666666666666663,26.174819231988014,14.549783549783548,44.67407265936678,15.945483749055176,55.880796055796054,2.5,8.398809523809524,184.79011103762878,14.007142857142856,13.6359477124183,17.582568249069432,3.631132756132756,95.3477427102427,28.137518037518035,3.8095238095238093,70.06058201058201,6.666666666666666,33.69444444444444,124.83758725259908,17.70021645021645,11.832568249069432,29.38095238095238,13.728354978354979,32.61666666666667,11.832568249069432,11.555555555555555,11.832568249069432,3.6944444444444446,11.832568249069432,11.832568249069432,76.80433190819622,24.082132600514953,0.0,247.732604235562,58.455808080808076,2.7142857142857144,4.638888888888888,0.0,8.61111111111111,7.773504273504273,74.25946969696969,129.35761545514913,0.6944444444444444,1.6666666666666665,81.30002405002405,4.134920634920634,7.5,0.0,3.1666666666666665,92.48941798941799,27.666666666666664,24.526862026862027,0.0,6.008771929824561,17.694973544973543,17.275793650793652,33.053030303030305,9.999999999999998,0.0,12.271825396825395,23.198773448773448,11.599386724386724,21.623196248196248,9.48015873015873,0.0,10.136363636363637,13.767857142857142,10.461057317169981,0.7291666666666666,22.442460317460316,26.81592889681125,7.904761904761904,0.4545454545454546,6.666666666666666,27.276002506265662,27.271825396825395,14.393904706404706,33.416666666666664,2.5,6.166666666666666,10.638888888888888,10.275974025974026,1.0666666666666667,15.597222222222221,29.59541847041847,0.2857142857142857,1.1428571428571428,16.467803537925487,6.091269841269841,11.035714285714285,65.1382275132275,7.986309523809524,18.74801587301587,0.0,151.42408490921076,11.592592592592592,9.972222222222221,11.145833333333332,1.6111111111111112,1.6666666666666665,76.96876503126504,4.734126984126984,32.05555555555556,675.8317295627078,3.5555555555555554,40.0544979372969,18.96746031746032,0.5,262.89271885521885,0.15873015873015872,0.41666666666666663,24.3015873015873,2.013167388167388,0.0
7088.375254353571,872.7777190130131,4142.657622476259,1486.3286536059645,1771.554514103021,1525.35780797556,1298.5203506149935,2916.60049073048,740.0842347428481,1479.1947112759142,337.6550574969693,1564.6590633850972,808.7683599663642,722.0053835150999,671.8026728562443,901.2240741479186,98.60387214428567,674.7250548012931,771.4530474102289,409.6749596303168,300.64378677901453,637.8046720117319,581.1238637879394,656.7043278406115,1578.8450252128823,769.2098877439987,376.5240969348112,706.3254790844077,203.38806618218382,250.2606785271259,179.60211113235218,270.81424201331043,141.0439581869706,489.1199237270666,6.581828885400313,22.789781941484726,248.08018475660006,252.73139963055928,76.73333333333333,21.955215419501133,431.2027713571831,203.65498752725642,218.7496765800337,1129.669120892335,306.4686471325127,544.3141286623429,539.1716836734694,75.2369079333365,75.4774445131588,18.918581418581418,159.67329962287945,41.17269397269397,256.4202996077996,66.27580583515457,19.552183927183926,32.721461000872765,120.69738703562233,81.60525321239606,1.745480709766424,34.52537938252224,186.26160099820814,27.88384747838529,96.02952569916854,3.5416666666666665,32.258110936682364,12.143953496010107,25.47077922077922,64.94838349481206,105.3811036394683,8.083333333333334,53.18643578643579,13.894099831074621,24.32721643435929,26.12393162393162,1.9345238095238093,64.92417860490616,11.860119047619046,19.850529100529098,57.65290004890845,30.74693362193362,3.908730158730158,7.291836734693877,16.101190476190474,7.349206349206349,45.296253349824774,9.578536542822256,26.9372908137614,274.42263490477774,41.25450937950938,1.9047619047619047,175.5128257985401,17.52112629434058,13.329232804232804,7.996915365336418,6.790816326530612,3.788690476190476,8.83471499260973,26.99189699189699,43.03689960832818,37.05661203875489,23.292353479853478,0.8492063492063492,72.43650793650794,20.137944066515495,5.013816592763961,30.908728837300263,0.5013816592763961,2.2393483709273183,27.3531746031746,12.505952380952381,0.5013816592763961,13.255668934240362,0.5013816592763961,18.554730983302413,0.5013816592763961,0.5013816592763961,221.1521791700363,27.44642857142857,54.54609874252731,0.812460026745741,5.988095238095237,117.76691232048374,49.71626984126984,478.14186507936506,7.328601953601954,3.8401360544217686,0.6666666666666666,11.489476132333275,35.200113378684804,42.15931290931291,16.316563066563067,76.76427540713254,45.51171844028987,30.920634920634917,21.519099947671375,3.715986394557823,12.84180402930403,16.095238095238095,11.170578690315532,4.071145124716553,11.0,9.54596990311276,21.581014223871364,3.843537414965986,40.69614512471655,17.531926406926406,4.821492233256939,2.4107461166284696,7.155677655677656,6.44047619047619,93.03759837268241,1.6943889443889444,4.523809523809524,3.052066980638409,2.3654572940287224,6.454081632653061,19.41048766048766,35.20238095238095,159.09594373880088,0.0,0.0,0.9360902255639098,0.0,16.534632034632033,13.174291247599516,14.833333333333332,15.535111713683142,6.5104617604617605,7.022435897435897,31.216394716394714,2.2844516594516593,0.0,0.0,23.645604395604394,1.701298701298701,9.033333333333333,0.6051587301587301,8.452080327080326,106.55058275058275,77.04166666666666,0.3401360544217687,22.193027210884352,0.3333333333333333,18.4011544011544,48.12362914862915,5.474969474969475,4.285714285714285,3.007518796992481,9.08320251177394,0.1680672268907563,21.023809523809522,5.597854526425955,7.785714285714286,5.094377844377845,1.1011904761904763,11.083333333333332,0.47619047619047616,1.1805555555555556,0.23809523809523808,1.0714285714285714
2136.2373215644366,40.59196067090804,794.3650822070931,294.0704365079365,342.3355491049487,300.53439153439155,196.41443047693048,1161.6170525053176,196.56290096683836,352.6255177570967,1132.9271779867263,239.16732804232802,126.63995945574892,328.72307239269253,548.5894279603052,371.0536916786917,22.01388888888889,332.364010989011,81.94047619047619,142.34868219146747,105.65277777777777,914.5863095238095,63.87049062049062,442.2142857142857,411.49776368855316,281.8287037037037,66.24350649350649,439.296626984127,28.956870952506627,98.52678571428571,173.12301587301587,0.8229166666666666,12.5,103.65703721559454,23.291666666666664,0.8333333333333334,35.99302549302549,232.5952380952381,32.08333333333333,6.201923076923077,207.67460317460316,162.703373015873,48.17341430499325,819.2556300757697,175.31233581949525,79.26455403758035,121.83333333333333,81.93055555555556,2.5048076923076925,10.505952380952381,19.350029356608303,21.61111111111111,62.770833333333336,7.916666666666666,2.5,6.777777777777778,27.28876678876679,4.583333333333333,4.583333333333333,2.5,78.59077380952381,0.5250469363372589,4.166666666666667,0.6666666666666666,25.208333333333332,4.382132682132682,3.333333333333333,3.75,37.55555555555556,14.019607843137255,11.541005291005291,0.6666666666666666,9.166666666666666,1.5,0.0,8.277777777777777,0.0,0.0,14.069444444444443,4.791666666666666,0.0,9.206349206349206,0.0,0.0,71.82440476190476,1.8095238095238093,3.75,35.69444444444444,0.0,4.404761904761904,5.0,7.738095238095238,0.0,0.0,0.0,0.0,0.0,11.965201465201464,2.5,39.5,8.222222222222221,0.0,5.210247841826789,8.357142857142858,0.0,39.616402116402114,0.0,0.0,2.0,0.0,0.0,11.944444444444445,0.0,0.0,0.0,0.0,2.0,0.0,17.666666666666668,2.0925925925925926,0.0,298.99945887445887,0.0,295.4037698412698,0.0,19.02777777777778,1.6666666666666665,0.0,5.430555555555555,0.5,1.2896825396825398,0.0,0.6734006734006734,0.0,7.0,1.25,2.6904761904761902,21.25,3.333333333333333,1.25,1.3333333333333333,0.47619047619047616,0.0,0.0,20.51190476190476,3.9444444444444446,0.0,0.0,0.0,4.361111111111111,1.25,0.0,0.0,0.0,8.75,0.0,0.0,9.880952380952381,41.03174603174603,0.0,0.0,0.0,0.0,0.0,0.0,3.2196969696969697,0.0,0.0,11.166666666666666,2.0,0.0,1.4285714285714284,5.7142857142857135,0.0,0.0,0.0,0.0,10.0,3.3333333333333335,15.972222222222221,0.0,0.0,0.0,0.0,4.166666666666666,0.25,2.5,0.0,0.0,8.75,15.666666666666666,0.8333333333333333,2.1794871794871793,8.333333333333332,0.0,0.30303030303030304,0.0,0.0,0.0,7.5
6004.330719358043,1047.380267419404,1395.2129685929497,1034.5059705957,777.2116788700104,761.622563957084,973.5188873928004,1141.7209391801748,164.36073865218603,602.9837252172779,291.1318205326058,506.62989263887374,361.60187836472664,297.65343639854507,174.07048553298551,311.8320842517271,348.15943303383597,378.71024351465525,402.1844580753415,300.4112811374366,90.57490783207267,318.3066851721263,218.1197392266112,423.60137327106037,634.2018170321742,145.42668284874168,188.7532907724084,454.67596563252187,173.154101722274,114.93109582216725,114.49353054353054,318.2249038914669,117.24438865228339,55.61692659192659,87.79351743028214,100.67479734317969,75.209834682861,201.0695841195841,189.84020014377157,8.516666666666666,922.5477024529882,32.09468494468494,130.05892509050403,187.77394232751377,13.13095238095238,109.39109915849046,398.0726908177801,167.0914056959225,240.4619427070514,50.711147526937,100.43771007605594,67.76840303076206,149.61421159106916,103.01011522960894,8.436507936507937,21.08255170755171,24.210045129162776,5.772005772005771,24.654442609047873,85.00302910597028,94.08242866091703,29.956349206349206,39.4496632996633,13.879089864383982,147.16840180322322,8.602478418267891,26.6787629037629,44.09594616155872,22.817460317460316,49.544718013468014,97.00832824582824,15.826118326118326,54.71831224331224,181.99232156732157,12.212423197717316,19.456349206349206,11.38095238095238,32.013990638990634,8.001190476190477,28.998196248196248,41.55059523809524,32.47405939692907,14.265006002400959,18.651251526251524,7.6612433862433855,16.351190476190474,30.61611277439451,2.9952380952380953,40.24218374218374,46.176785714285714,34.26485088985089,7.2333333333333325,13.65,30.87790912969431,9.183644786585962,13.221693121693121,2.7929484097340884,24.8234126984127,69.0412198912199,4.2896825396825395,10.297426647426647,1.7605820105820105,0.625,2.5982142857142856,17.929484097340882,4.053030303030303,1.7929484097340884,8.072294372294373,1.6660300483829895,11.946078431372548,1.7929484097340884,10.27963702963703,1.7929484097340884,5.174603174603174,1.7929484097340884,1.7929484097340884,3.928571428571428,2.0238095238095237,157.5858558838822,48.68692207550903,50.28219696969697,3.4814814814814814,48.92009379509379,10.436507936507937,8.847422022422021,12.43174603174603,12.63888888888889,29.880050505050505,11.841378066378066,3.0625,15.047619047619047,7.133838383838384,23.15343915343915,10.780319948083106,2.7347763347763347,71.96342497658287,16.25488074017486,0.5,116.82142857142857,5.980158730158729,15.066137566137565,1.7554112554112553,15.390873015873016,38.93154761904762,6.111111111111111,14.291666666666666,7.134920634920635,3.5674603174603177,3.3997113997114,1.5376984126984126,13.623015873015872,0.9555555555555556,12.327651515151516,18.596728337799767,5.1499999999999995,8.178185703185703,3.4067460317460316,4.908730158730158,0.0,2.490079365079365,8.866041366041365,1.4277777777777778,16.333333333333332,9.586580086580087,1.753968253968254,3.869047619047619,0.0,9.032467532467532,1.8484848484848484,4.53042328042328,10.781399156399157,0.0,0.0,23.595147907647906,1.3412698412698412,5.121139971139971,7.18986568986569,2.204081632653061,5.925019425019425,0.0,54.55829530829531,5.37012987012987,4.871933621933621,19.643578643578643,25.208333333333332,1.1666666666666667,64.98315712065713,3.1468253968253967,9.46147186147186,2.607769423558897,2.25,11.744089244089244,14.053571428571429,0.0,18.411796536796537,6.436507936507937,0.0,9.976190476190476,12.165586165586165,0.2
3905.494195338977,919.4760360898132,901.609302548157,740.6575421649077,638.992372551196,642.1898159588949,686.4447189414261,867.4192965010292,177.60160297791876,439.0148322055277,219.36683906870795,605.1705613286496,260.9407329598506,186.48568901142428,273.2922713638876,311.6803661616162,228.90566965714024,262.4960895585896,151.2110435860436,193.67734080528197,91.53790687007171,432.79575209935115,147.1837337499102,221.31638463466194,392.81827641566014,59.9718992647564,283.8493585934762,196.70016795016795,98.96252497502498,117.55444164845424,201.73917748917748,301.2588120030554,102.9739774114774,18.627696377696378,96.46428571428571,90.52117604617604,78.30448717948718,167.1463083213083,230.84283907813318,20.40520753756048,168.8839067365383,16.07857142857143,41.00522138680033,84.2736753986754,7.714285714285714,73.62464430993843,97.28699945887446,38.38488719006189,113.77777777777777,90.8518981018981,162.16174935350054,66.7843679138322,166.1839638517657,93.58648608097978,14.548606364395837,14.232683982683982,16.128968253968253,18.66883116883117,39.14204545454545,72.26831501831502,48.85527618376455,50.92857142857143,12.273809523809522,36.692640692640694,17.626623376623375,4.388888888888888,25.91190476190476,9.130804953560371,13.880952380952381,55.0,32.40767195767196,19.5297619047619,107.75772005772005,247.82829573527246,34.33152958152958,63.666666666666664,1.6666666666666665,23.78066378066378,8.898809523809524,30.633116883116884,60.41269841269841,18.6701982228298,10.0,12.964285714285715,1.4814814814814814,6.083333333333333,5.633563074352548,3.4497835497835494,74.05625855625856,2.083333333333333,10.533910533910534,0.4,8.666666666666666,74.32360883104509,32.90342500636618,14.821428571428571,5.862314662810413,11.5,113.26820401820402,22.67857142857143,6.125,11.373626373626372,0.625,4.0476190476190474,48.62314662810413,45.666666666666664,4.862314662810413,28.716117216117215,1.621212121212121,2.25,4.862314662810413,0.0,4.862314662810413,26.833333333333332,4.862314662810413,4.862314662810413,39.88088300588301,16.198412698412696,8.11111111111111,54.95138043461025,31.166666666666664,9.814814814814813,0.3333333333333333,12.103174603174603,36.80681818181818,0.4,75.91666666666667,67.13322743564679,1.9047619047619047,1.9791666666666665,10.625,5.55,10.0,0.0,1.4555555555555557,126.46607047922836,14.434173669467786,7.916666666666666,1.2857142857142858,5.0,3.409090909090909,6.145833333333333,4.7519841269841265,12.768176268176267,0.0,13.863636363636363,3.857142857142857,1.9285714285714286,61.0998075998076,0.0,2.2222222222222223,1.1437908496732025,5.440705128205128,33.37346681096681,10.4,2.4999999999999996,28.175685425685426,5.0,5.0,0.0,12.499999999999998,12.404761904761905,34.416666666666664,19.333333333333332,5.238095238095237,6.416666666666666,32.08333333333333,2.611111111111111,0.18181818181818182,17.5,17.328102453102453,0.0,0.0,29.288690476190474,0.3571428571428571,12.399999999999999,63.42063492063492,0.0,1.1111111111111112,0.0,86.5503588003588,3.333333333333333,2.096320346320346,7.5,21.527777777777775,1.0,52.14641608391608,18.75,22.333333333333332,9.742690058479532,10.0,21.879097093382807,15.095238095238095,3.0,146.120670995671,0.0,0.0,35.0,8.851585351585351,0.0
10401.128399074149,382.4309832236579,3849.297654042192,2926.4510567014786,3477.5261943523165,2622.6558267875907,4691.164826352833,3130.755262116554,1029.470857214533,2366.4852017582057,458.7500072031225,3558.2672057619075,2031.895703046799,367.37365860691483,663.6046718632244,864.4020263790082,270.6940214211886,3036.1115063529187,1657.4286633888414,1836.6367767581003,635.743505106005,1389.6278371981532,1790.1591267529639,1673.8985552946078,1739.1260638190786,602.9859695412697,598.3600031560466,1800.7337242083386,1552.93617367429,703.5845250609956,532.5933011938264,322.99539338656984,116.12464618714618,331.5659298833212,176.37522847522848,77.80297619047619,584.1960754744774,914.9795717637523,880.0908068783068,113.68759018759019,5620.652319931893,583.5410864190276,352.0718287785404,399.0047882516997,60.56349206349206,741.047176892323,3915.400568042124,2301.8081806305613,293.7700204479616,155.73854013633425,73.17052299552299,156.2164493055213,250.83029815913997,443.84882894882895,26.908730158730158,59.55483405483405,9.988958209546444,326.7617216117216,12.085858585858585,27.309523809523807,1021.9862452362452,2224.2255915457913,119.08807488807489,1.5,902.9680476010169,118.07542457542456,214.725999000999,560.6140655640655,545.3233415394129,264.44653550472515,659.1586486692579,113.88690476190476,320.7236669376375,162.6913133163133,0.6666666666666666,195.73311688311688,75.34904678654678,497.8440425315425,60.64596148086714,578.9084415584415,390.6062752878929,77.79502303252303,286.05611439643945,20.191666666666666,121.83890091390091,426.23814326041213,414.1085488857548,20.71230158730159,47.26406926406926,743.7716987805222,454.8613046021065,35.40135281385281,66.72777777777777,12.069652457757297,226.0477611309508,106.93510616367759,0.5824212749615976,329.5902013330585,0.9259259259259259,87.83209796739209,152.09390460586113,0.0,8.777777777777779,41.44761257261257,5.824212749615976,41.88858978323264,0.5824212749615976,37.936330336330336,73.22380952380952,140.71428571428572,0.5824212749615976,66.18355718355718,0.5824212749615976,28.604145854145855,0.5824212749615976,0.5824212749615976,39.8390589569161,5.867521367521368,1237.823539858834,50.43266178266178,257.72536676286677,54.17579365079365,557.9759152884153,0.8333333333333333,49.537999037999036,98.67648963237198,36.79563492063492,109.46813912582775,95.24107142857143,52.1645444178463,13.511753034547151,16.001893939393938,336.8191960768422,198.6444202761872,168.62859085359085,11.15079365079365,90.27272727272727,9.219035594035594,1140.158776490394,69.20538258038258,8.71031746031746,8.58939393939394,41.39087301587301,108.31457431457432,60.4446299732014,108.23351972101972,37.85422307161438,18.92711153580719,9.924603174603174,45.49497354497355,38.48165270234236,38.527400703871294,80.49428904428905,10.698412698412698,22.493235101424755,2.6363636363636362,23.25,2.357142857142857,9.805555555555555,125.09421596921597,58.94206349206349,1.984126984126984,3.5238095238095237,38.10615079365079,28.126593314093313,11.886904761904761,0.5499999999999999,63.05564759314759,16.998015873015873,22.007381507381506,106.80354932423897,0.0,0.0,11.040792540792541,9.518518518518517,468.07981601731603,0.1680672268907563,30.087301587301585,135.4421476341119,3.833333333333333,0.0,3.3546037296037294,34.082341269841265,4.7519841269841265,10.523809523809524,32.888924963924964,6.5,31.444444444444443,2.186868686868687,0.6666666666666666,21.543650793650794,10.778571428571428,43.035714285714285,13.915584415584416,5.038888888888889,56.24920634920635,3.833333333333333,42.143817783523666,0.0,0.0
18.15277777777778,16.238095238095237,15.0,20.694444444444443,0.0,10.0,0.0,0.0,3.333333333333333,3.6111111111111107,5.0,0.0,4.1798941798941796,0.0,0.0,0.0,0.0,0.0,0.0,0.0,0.0,0.0,3.75,0.0,0.0,0.0,0.0,0.8994708994708994,0.0,0.0,0.0,0.0,0.0,0.0,0.0,2.5,5.0,0.0,0.0,0.0,0.0,0.0,0.0,5.0,0.0,0.0,0.0,0.0,5.0,0.0,1.25,0.0,0.0,4.322916666666666,0.0,0.625,0.0,1.6666666666666665,0.0,0.0,0.0,0.0,0.0,0.0,0.0,0.0,0.0,0.0,0.0,0.0,0.0,0.0,0.0,1.1111111111111112,0.0,0.0,0.0,0.0,0.0,0.0,0.0,0.0,0.0,0.0,0.0,0.0,0.0,0.0,0.0,0.0,0.23809523809523808,0.0,0.0,2.34375,0.0,0.0,0.15625,0.0,14.63888888888889,0.0,0.0,0.0,0.0,0.0,1.5625,0.0,0.15625,0.0,0.0,0.0,0.15625,0.0,0.15625,0.0,0.15625,0.15625,0.0,0.0,0.0,0.0,0.0,0.0,0.0,0.0,0.0,0.0,0.0,0.0,0.0,0.0,0.0,0.0,0.0,0.0,0.0,0.0,0.0,0.0,0.0,0.0,5.0,0.0,0.0,0.0,0.0,0.3333333333333333,0.0,0.0,0.0,0.0,0.0,0.0,0.0,0.0,0.0,0.0,2.5,0.0,0.0,0.0,0.0,0.0,0.0,0.0,0.0,0.0,0.0,0.0,0.0,0.0,0.0,0.0,0.0,0.0,0.8333333333333333,0.0,1.6666666666666665,0.0,0.0,0.0,0.0,0.0,0.0,0.0,0.0,0.0,0.0,0.0,0.0,0.0,0.0,0.0,0.0,0.0,0.0,0.0,0.0,0.0,0.0,0.0
1147.5906084656085,150.83333333333334,316.72222222222223,425.38888888888886,667.406746031746,211.91666666666666,89.41666666666666,628.2857142857142,138.3095238095238,735.9583333333334,464.26388888888886,289.14297385620915,125.16666666666666,244.77777777777777,31.944444444444443,11.666666666666666,30.38888888888889,316.97916666666663,59.72222222222222,32.67857142857143,17.0,128.5410052910053,211.25,113.25,68.33333333333333,41.19444444444444,42.833333333333336,62.083333333333336,37.40079365079365,4.444444444444445,11.583333333333332,17.57142857142857,25.97222222222222,5.0,13.333333333333332,64.58333333333333,6.666666666666666,12.083333333333332,3.4285714285714284,75.875,21.256613756613756,8.333333333333332,3.333333333333333,222.92989417989418,359.9861111111111,2.5,5.0,3.0555555555555554,24.5,47.916666666666664,4.166666666666666,2.5,12.777777777777779,0.0,167.33333333333331,10.0,74.23039215686273,0.0,36.25,10.958333333333332,116.4484126984127,9.166666666666666,2.5,6.0,5.277777777777778,14.166666666666666,2.5,24.75,63.61111111111111,0.0,1.25,1.25,0.0,15.0,1.8333333333333333,9.88095238095238,8.75,13.75,2.8571428571428568,1.1111111111111112,0.0,10.555555555555555,4.555555555555555,6.25,63.916666666666664,5.0,0.0,0.0,0.0,2.0,0.0,55.83333333333333,0.0,7.504150853889943,0.0,5.0,0.5002767235926628,1.6666666666666665,0.0,1.6666666666666665,0.0,257.5833333333333,3.333333333333333,1.25,5.002767235926629,1.4285714285714284,0.5002767235926628,0.0,5.0,0.0,0.5002767235926628,5.0,0.5002767235926628,1.6666666666666665,0.5002767235926628,0.5002767235926628,2.083333333333333,2.5,0.0,4.375,0.0,3.333333333333333,0.0,2.5,3.9999999999999996,0.0,35.833333333333336,12.833333333333332,0.0,0.0,0.0,4.166666666666666,0.8333333333333333,1.1111111111111112,8.75,0.0,5.0,0.0,0.0,0.0,5.0,1.25,10.625,4.5,0.0,0.0,0.0,0.0,0.0,0.0,6.666666666666666,0.0,0.0,12.499999999999998,0.787037037037037,0.0,2.5,0.0,0.0,6.666666666666666,0.0,0.0,0.0,0.0,0.0,0.0,2.5,3.333333333333333,0.0,7.499999999999999,0.0,0.0,0.0,0.0,1.6666666666666665,0.0,0.0,0.5555555555555556,0.0,6.666666666666666,6.666666666666666,0.0,0.0,2.5,0.0,0.0,0.0,0.0,0.0,0.0,0.0,0.0,0.0,0.0,0.0,0.0,0.0,6.25,2.5,44.72222222222222
4441.559397512657,601.1282221979701,1378.2827362899316,1136.9517833617926,1042.90532988417,1114.5962428585003,1190.8775163277683,1272.4007884371513,653.1809380301553,573.988916190326,523.6941359363493,1079.9324183526721,468.5053381459728,571.3018519106572,192.70207338957337,537.9194477399703,938.7752185958635,687.8975262942777,1139.9306186796691,276.52896665495626,227.03890854321526,362.3550081010607,259.9768846893847,672.7336395785975,755.7343616661893,475.72222299209875,300.9082238911186,648.4596120735699,299.6849833710321,132.78576516076515,95.50535773351176,471.1206855739474,117.43385958371655,118.13319504569505,48.149007936507935,58.6736531986532,123.47039488289488,178.93396731192783,202.3274369149369,119.67723827723827,857.7512482496782,122.34267075517076,126.5501633986928,278.4776871276871,263.498900501385,543.6150189757333,555.5177161462875,311.67505378219664,107.80477392977393,153.7464062353768,66.5268722018722,58.919603054897166,242.61314641220656,132.23180615680616,42.13106661856662,54.708513708513706,18.82142857142857,42.36043424084379,8.131868131868131,37.47661135161135,218.83306734824387,61.627403185461134,82.22523230737517,29.49481618527671,125.92037638287638,36.42902167277167,152.62108988894704,102.22523749398749,85.1962962962963,35.59367484367484,117.31758486222772,26.564141414141414,46.04948646125116,46.50103785103785,28.201165391625917,37.76262626262626,97.33777657527658,177.07797632650573,15.949603174603174,25.923665223665225,11.427338864838864,10.954212454212454,76.10430488629018,21.416666666666664,29.299603174603174,53.99684769994367,51.889397639397636,37.079497354497356,35.78030303030303,44.80523088023088,58.204184704184705,12.36111111111111,28.742126920698347,16.8179607954396,18.010145083674495,55.0503848003848,1.0007775012368725,84.13642805607091,10.721021742030144,9.795004995004994,22.478663184641444,5.026839826839827,23.346560846560845,19.457539682539682,10.152702548600608,13.517885242675158,1.0007775012368725,45.48027829658265,29.289550264550265,134.38791295495258,1.0007775012368725,16.534217960688547,1.0007775012368725,11.06956931956932,1.0007775012368725,1.0007775012368725,110.03313581842993,14.044973544973544,233.80431790431788,11.401280980228348,67.77364302364302,133.18018278018278,143.45482262835205,32.33829365079365,22.92363513679303,13.592221931507645,81.60286109393252,54.569791454485376,25.215866144437573,5.278066378066378,10.407203907203908,37.23123608417726,60.831258984455914,19.8531746031746,11.509637188208616,42.96486928104575,15.29057609057609,9.158730158730158,57.40191324270271,14.18115403115403,10.579365079365079,16.095382432611533,24.685271451575797,75.54444444444444,26.993722943722943,48.25,22.160965027036454,11.080482513518227,17.214285714285715,8.031746031746032,5.8846560846560845,2.7953514739229024,27.600577200577202,2.4258241758241756,6.186507936507936,4.766214177978884,4.810496420790538,1.4166666666666665,24.733315295815295,25.232885255582623,15.674159174159174,1.7206349206349205,0.0,36.63932909196067,6.352236652236652,10.892857142857142,1.1785714285714284,26.91269841269841,11.767436267436267,28.236772486772487,3.0014430014430014,14.701290297390042,58.80516118956017,47.191144857321326,8.345238095238095,26.407677507677505,4.730467944753658,25.2015873015873,13.17989417989418,14.408730158730158,7.585164835164835,12.999537037037037,45.42828976578976,11.030303030303031,7.182539682539682,6.324263038548753,3.489010989010989,19.569444444444443,4.833333333333333,17.387342815914245,12.753030303030304,2.8571428571428568,2.6363636363636362,13.634920634920634,1.1111111111111112,4.166666666666666,19.28517316017316,9.666666666666666,0.0,0.6666666666666666
2340.8310340688436,493.37794797794794,1295.069148906649,461.92041245791245,1172.2842375217374,827.6902717652717,722.9345029970029,1897.2974427261192,216.9353119103119,305.6417425167425,315.1218586696528,830.0023832648833,99.57376142376143,180.2840677840678,48.25306637806638,384.0869607244607,155.50523088023087,249.14674168424168,237.97119963369963,316.69241915491915,21.081349206349206,261.3135064010064,115.68253968253968,385.5010164127811,1191.0724534724534,199.54725829725828,101.08096533096533,164.9028379028379,47.079365079365076,177.89016555340083,101.83982683982684,36.361111111111114,137.62632783882782,90.19575216450217,21.060515873015873,41.04100529100529,144.11818783068782,36.41017316017316,185.98888888888888,18.78339438339438,116.50632515632515,621.0059889184889,64.93520923520923,503.5114658489658,167.2556216931217,209.78218216968216,296.09782347282345,32.08225663225663,46.88756613756613,3.125,21.42243867243867,76.01996151996151,92.92718855218855,24.805555555555554,12.5,6.736111111111111,132.7050476756359,12.523809523809524,4.2976190476190474,23.03030303030303,71.47123015873015,9.835317460317459,535.2400793650794,24.44524021729904,66.5,56.942294973544975,9.107142857142856,70.79444444444444,49.15321769733534,4.907407407407407,42.70238095238095,5.19047619047619,28.76388888888889,1.6666666666666665,23.61190688396571,13.227513227513228,12.958333333333332,39.46245421245421,22.422619047619047,21.71836496836497,0.9027777777777778,13.293650793650793,22.88095238095238,1.6666666666666665,36.79365079365079,3.9166666666666665,9.631276131276131,78.44787157287158,13.558201058201057,1.2286324786324787,6.249999999999999,2.023148148148148,21.558477633477633,4.166666666666667,0.0,0.0,0.2777777777777778,4.027777777777778,3.7499999999999996,19.501984126984127,9.833333333333332,12.834054834054834,77.94246031746032,7.333333333333333,2.7777777777777777,1.0833333333333333,0.2777777777777778,18.544973544973544,8.068783068783068,9.129027834910188,0.2777777777777778,42.50396825396825,0.2777777777777778,2.833333333333333,0.2777777777777778,0.2777777777777778,50.314935064935064,15.553030303030303,90.18253968253968,4.383116883116883,8.80952380952381,96.5265873015873,4.738095238095237,208.67909451659452,1.0,2.5297619047619047,0.0,8.829365079365079,3.4027777777777777,26.081349206349206,12.198412698412698,19.416666666666664,6.027777777777778,22.878968253968253,1.3257575757575757,0.3333333333333333,2.974537037037037,0.0,12.261904761904761,0.0,7.652777777777778,5.0396825396825395,10.333333333333332,1.2121212121212122,15.58584656084656,3.333333333333333,2.4722222222222223,1.2361111111111112,42.416666666666664,8.51058201058201,1.4532407407407408,20.90277777777778,29.166666666666668,0.5,3.7698412698412698,7.388888888888888,4.416666666666667,17.166666666666664,418.6011904761905,0.6666666666666666,0.0,1.2564102564102564,3.626373626373626,25.516955266955268,0.47619047619047616,0.0,2.414624183006536,3.333333333333333,2.0,43.02623765123765,1.0,2.1875,8.75,16.204184704184705,5.0,1.7142857142857142,2.5,2.5,8.61111111111111,153.11507936507937,2.583333333333333,4.000832500832501,0.0,3.6111111111111107,160.3095238095238,1.1944444444444444,0.0,32.81818181818182,0.0,3.0,7.888888888888889,12.857142857142858,0.41666666666666663,3.611111111111111,3.6666666666666665,0.0,4.6726190476190474,0.0,8.253968253968253,0.0
1421.875096728668,86.2559163059163,539.1515812890813,469.41969095719094,658.1725242004653,446.77111182468326,462.84745825814247,676.4293862813599,121.41208925090504,164.4203772418058,116.62817382565834,198.04814907314906,76.96357022607022,189.21654176719966,52.28015873015873,297.6489454989455,86.72164918414919,141.3503516324945,271.9536421911422,91.16822835194684,98.39426823176822,150.26769804269804,142.13856421356422,253.14509078884078,648.7539246701011,73.490873015873,122.69049422799422,82.13037518037518,43.93322510822511,63.501921362950775,26.867277167277166,38.438724252634024,54.62601525458668,47.989778739778735,32.92857142857142,16.88095238095238,44.25396825396825,25.317162698412698,44.82025335775336,28.00312812812813,166.07723063973063,137.76929135679134,45.71934652648938,174.63874458874457,105.76629389129388,219.3133256624328,100.37706143063285,27.66113146113146,18.737859386178712,6.417460317460317,20.401190476190475,19.590512265512263,104.90440115440116,42.82446937593996,16.35238095238095,6.499999999999999,14.63095238095238,11.619047619047619,15.193452380952381,8.904761904761905,20.78095238095238,5.976190476190476,50.60671828171828,2.6666666666666665,22.806948805163092,19.353174603174605,22.23366910866911,19.886507936507936,18.179761904761904,0.6746031746031746,23.062566137566137,2.083333333333333,11.962962962962962,3.0357142857142856,2.6666666666666665,4.857142857142857,19.505555555555556,29.352904040404038,11.810714285714285,6.083608058608058,2.75,3.625,12.023809523809524,0.41666666666666663,5.660714285714286,5.571428571428571,4.628472222222222,22.68154761904762,99.12795537795537,3.6011904761904763,4.063492063492063,1.9242424242424243,4.7749999999999995,3.2494588744588744,3.7133838383838382,0.6222222222222222,0.6332972582972582,14.433333333333334,0.0,3.1415251415251415,15.35410052910053,0.0,11.878968253968253,9.577380952380953,2.1663059163059164,7.250396825396825,0.21663059163059162,0.0,5.533333333333333,18.761507936507936,0.21663059163059162,5.773809523809524,0.21663059163059162,0.0,0.21663059163059162,0.21663059163059162,82.82837301587301,2.0,16.59285714285714,3.333333333333333,1.0833333333333333,56.029899267399266,2.333333333333333,59.99154456654456,3.5608946608946606,3.626984126984127,9.129166666666666,17.207000378459004,5.037301587301587,2.124115100585689,16.706145706145705,6.919171304885591,2.6190476190476186,14.83829365079365,0.0,0.0,0.0,1.1666666666666665,1.9444444444444446,3.1666666666666665,5.857142857142858,4.044300144300144,18.383333333333333,0.6666666666666666,9.293290043290042,0.0,0.0,0.0,0.0,0.0,0.6666666666666666,1.845238095238095,1.9,0.0,1.375,0.0,1.9444444444444446,12.847619047619048,92.9829365079365,2.113095238095238,0.3333333333333333,0.0,1.25,1.7375,1.6666666666666665,2.604978354978355,0.5634920634920635,13.654761904761905,1.619047619047619,1.6468253968253967,0.0,3.9461282755400404,15.784513102160162,2.9166666666666665,0.0,4.173611111111111,0.0,2.0517857142857143,23.278649347728294,5.763736263736263,0.0,1.1666666666666665,1.5555555555555556,0.5,4.166666666666667,0.0,2.4999999999999996,4.462962962962963,0.0,0.0,8.2,0.0,2.380952380952381,1.6333333333333333,0.6666666666666666,2.7222222222222223,0.7985347985347985,0.0,2.3611111111111107,0.0
561.7321428571428,86.41666666666667,9.642857142857142,18.93019943019943,46.577505827505824,20.291666666666664,2.1666666666666665,38.233225108225106,0.0,5.064935064935065,3.25,3.476190476190476,11.984126984126984,2.2727272727272725,2.7777777777777777,3.055555555555556,30.861888111888113,32.42857142857143,15.416666666666666,10.277777777777779,0.0,10.0,1.6666666666666665,27.694444444444443,14.416666666666666,2.5,0.0,8.333333333333334,4.166666666666666,6.25,0.0,8.680555555555555,16.7020202020202,1.5625,0.5,0.3571428571428571,0.0,13.61111111111111,1.4285714285714284,0.0,0.0,0.2777777777777778,10.0,1.5476190476190474,2.9285714285714284,1.4285714285714284,0.0,0.0,0.0,0.0,16.666666666666664,1.6666666666666665,0.6828703703703703,7.428571428571429,0.37037037037037035,3.0555555555555554,2.5,2.0,0.0,0.0,0.0,0.0,0.0,2.6041666666666665,0.0,1.4285714285714284,0.0,0.0,0.0,10.0,0.0,1.6666666666666665,0.0,0.0,2.6041666666666665,1.6666666666666665,0.0,0.0,0.0,2.7142857142857144,0.0,0.0,0.0,0.0,0.0,0.0,10.0,0.0,0.0,0.0,0.0,0.0,0.0,0.0,0.0,0.0,2.0,0.0,9.0,0.0,0.0,0.0,0.0,0.0,0.0,0.0,0.0,0.0,0.0,0.0,0.0,0.0,0.0,0.0,0.0,0.0,0.0,0.0,0.0,0.0,0.0,0.0,0.0,0.0,0.2777777777777778,0.0,0.0,0.0,0.0,0.0,0.0,0.0,0.0,0.0,0.0,1.6666666666666667,0.0,0.0,1.4285714285714284,0.0,0.0,0.0,0.0,0.0,0.0,0.0,0.0,0.0,0.0,0.0,0.0,0.0,0.0,0.5555555555555556,0.0,0.0,0.0,0.2777777777777778,0.0,0.0,0.0,0.0,0.0,0.0,0.0,0.0,0.2777777777777778,0.0,0.0,0.0,0.0,0.0,0.0,0.0,15.666666666666666,0.0,3.0238095238095233,0.0,0.0,0.0,0.0,0.0,1.25,2.6666666666666665,0.0,0.0,0.0,0.0,0.0,0.0,0.0,0.0,0.0,0.0,0.0,0.0,0.0,0.0,0.0,0.0
8664.232095691666,3486.2834782731297,544.4233550433945,1734.7156407946723,2813.6131561310717,534.9752242902091,626.1899930135224,3145.786295552565,667.3927487334033,357.08864713329,594.2748681233378,452.4153934714996,175.89656750254576,357.011305248693,335.92574555074555,372.46331416046974,2102.3943069310185,335.369132594247,374.81195651513997,567.1081819304143,127.09920634920634,316.3690476190476,143.09721176569002,640.7581016735859,308.0164612076377,83.80413832199547,209.5556653491436,409.29597924005816,75.37942612942612,53.66909921863482,52.77474323062558,424.406926768323,982.2437828299876,166.30898962148962,123.38809523809523,77.23748473748473,25.17778055278055,103.16335978835978,42.78510101010101,279.0639589169001,45.4313973063973,41.36111111111111,36.83088935488316,133.49078229336075,393.98504200477885,3.1666666666666665,11.38888888888889,9.669469419469419,28.937414612936436,193.43260403883468,87.96825396825396,46.407062744019264,88.80880407718642,29.46807359307359,154.5975529100529,24.086868686868687,240.63308631226587,31.645012395012394,145.3192683001705,33.98463794659447,30.544159544159545,45.005697733638904,25.22093102975456,210.27719999217155,34.77014652014652,23.095238095238095,77.60201994590939,16.180555555555557,9.86932511932512,46.666666666666664,5.5,24.72222222222222,61.10037878787878,25.68097643097643,200.65219999217155,26.616300366300365,22.916666666666664,32.074175824175825,1.1111111111111112,6.17038517038517,153.6155191545217,39.58333333333333,9.90909090909091,56.121753246753244,13.903950216450216,0.0,1.8181818181818183,3.0,207.23488874959463,1.4285714285714284,9.642857142857142,5.5,0.0,60.846010609638206,30.833333333333332,7.0,4.159575310483817,18.58730158730159,83.56260476640911,24.337301587301585,2.061688311688312,282.60646599777033,5.0,0.0,34.45289596198103,12.347619047619046,3.4452895961981027,27.207611832611832,0.0,37.51667766595171,3.4452895961981027,1.1111111111111112,3.4452895961981027,36.36446886446886,3.4452895961981027,3.4452895961981027,27.247474747474747,15.566666666666666,12.272727272727273,7.384359592020882,10.702380952380953,1.6666666666666665,0.9090909090909092,0.0,70.45506535947712,59.555167055167054,13.333333333333332,24.015151515151516,0.0,2.9166666666666665,2.909090909090909,8.182169682169683,1.153846153846154,55.60329236541715,7.333333333333333,288.8019758019758,2.0535714285714284,0.0,0.0,2.2916666666666665,0.3448275862068966,0.0,29.164682539682538,7.938149972632731,0.0,0.0,0.0,0.0,19.976190476190474,0.0,13.333333333333332,14.186507936507937,5.0,49.80555555555556,2.9166666666666665,28.273809523809522,8.055555555555555,12.569444444444445,0.0,12.499999999999998,6.025,9.12958773252891,637.1709260241491,7.061403508771929,0.0,3.333333333333333,3.4206349206349205,0.0,0.8333333333333333,32.02380952380952,0.0,14.393759018759019,57.575036075036074,0.0,19.08730158730159,0.3333333333333333,204.19795607585854,1.845238095238095,2.0,1.9696969696969695,10.0,14.047619047619047,58.25470543948805,317.01060606060605,0.0,3.1666666666666665,2.583333333333333,2.5,71.42616642616642,4.4219620958751396,0.0,34.954720011171624,7.551282051282051,0.0,0.0,0.0,120.09964745007315,10.0,5.833333333333333,2.9166666666666665
167.86417748917748,52.642857142857146,45.416666666666664,57.1482683982684,62.20833333333333,89.33333333333333,55.83333333333333,21.944444444444443,126.8611111111111,86.00711548987411,41.9411071236629,14.166666666666666,11.583333333333332,26.11111111111111,27.166666666666664,29.511904761904763,25.44642857142857,35.625,15.61111111111111,6.764069264069264,6.071428571428571,23.333333333333332,27.25,20.833333333333332,23.11111111111111,5.333333333333333,12.773809523809524,18.88888888888889,6.666666666666666,1.4285714285714284,5.0,0.0,4.707792207792208,5.0,4.166666666666666,2.5,24.86111111111111,25.0,1.1904761904761905,78.75,0.9523809523809523,18.11111111111111,0.0,36.666666666666664,7.916666666666667,0.0,0.0,0.0,2.0,3.333333333333333,0.0,2.5,0.0,0.0,1.6666666666666665,0.0,16.15079365079365,3.333333333333333,8.75,0.0,0.0,3.333333333333333,0.0,0.0,0.0,0.0,0.0,0.0,0.0,0.0,6.944444444444445,0.0,9.375,0.0,0.0,0.0,0.0,0.6666666666666666,0.0,0.0,0.0,2.5,0.0,19.67816091954023,0.0,0.8333333333333333,0.0,0.0,0.0,2.5,3.333333333333333,0.0,0.0,0.0,0.0,0.0,0.0,0.8333333333333333,5.833333333333333,0.0,0.0,11.0,0.0,1.25,0.0,3.333333333333333,0.0,0.0,0.0,0.0,0.0,0.0,0.0,0.0,0.0,0.0,0.0,0.0,0.0,0.0,2.0,0.0,0.0,0.0,0.8333333333333333,1.1111111111111112,15.0,10.0,0.0,0.0,0.0,0.0,0.0,0.0,0.0,4.444444444444445,7.5,2.5,0.0,0.0,0.0,0.41666666666666663,0.625,0.0,0.0,0.0,0.0,0.0,3.333333333333333,3.333333333333333,0.0,0.0,5.0,0.0,0.0,0.0,0.0,0.0,0.0,3.333333333333333,10.0,0.0,0.30303030303030304,0.0,0.0,2.5,0.0,0.6666666666666666,2.011494252873563,1.6666666666666665,0.6666666666666666,0.41666666666666663,1.6666666666666665,0.0,0.0,0.0,0.0,0.0,0.0,0.0,10.0,0.0,3.333333333333333,18.916666666666668,0.0,0.0,0.0,0.0,0.0,10.0,0.0,0.6666666666666666,0.0,0.0,0.0,0.0,0.0,0.0,2.5,3.333333333333333
1182.5787518037519,119.64343434343434,87.63809523809523,468.0515873015873,318.51406926406924,390.11652236652236,212.375,427.46493506493505,247.06944444444443,925.3016705516706,273.2672466422466,439.37710084033614,163.62121212121212,152.68055555555554,54.27777777777778,323.01190476190476,52.50595238095238,254.05555555555554,96.47619047619048,40.75,20.80952380952381,119.84523809523809,112.94444444444444,241.83333333333331,105.62222222222222,105.26590076590077,58.33333333333333,133.52777777777777,74.41666666666667,15.666666666666666,20.0,88.51984126984127,141.01388888888889,26.75,11.11111111111111,209.80357142857142,16.666666666666664,18.625,201.5,175.08482142857142,146.32142857142856,15.595238095238095,32.333333333333336,92.83333333333333,111.875,101.66666666666667,86.86111111111111,33.75,26.666666666666664,37.269696969696966,17.916666666666664,87.08333333333333,24.0,3.75,120.83333333333333,30.72222222222222,123.24467787114845,2.5,155.83333333333331,53.192460317460316,51.583333333333336,1.6666666666666665,24.166666666666664,10.071428571428571,19.083333333333332,4.166666666666666,22.166666666666668,12.25,2.5,5.0,23.166666666666664,2.5,5.208333333333333,19.583333333333332,5.571428571428571,0.5555555555555556,78.08333333333333,7.0,23.357142857142858,15.0,0.8333333333333333,26.666666666666664,37.33333333333333,27.5,1.25,0.6666666666666666,0.0,8.333333333333334,15.333333333333332,0.8333333333333333,3.333333333333333,27.666666666666664,2.8571428571428568,20.01211499995893,1.6666666666666665,15.13888888888889,1.334140999997262,8.333333333333332,5.0,3.9285714285714284,5.0,260.44444444444446,6.111111111111111,0.0,13.341409999972619,5.555555555555555,1.334140999997262,1.4285714285714284,2.5,21.333333333333332,1.334140999997262,6.25,1.334140999997262,11.666666666666666,1.334140999997262,1.334140999997262,24.083333333333332,25.166666666666668,0.0,1.875,2.5,0.0,4.166666666666666,5.833333333333333,0.0,7.0,62.77777777777778,43.05555555555556,4.166666666666666,15.0,0.0,5.833333333333333,0.0,5.909090909090909,1.6666666666666665,3.333333333333333,0.0,2.9166666666666665,0.0,0.0,0.0,8.25,25.625,22.5,3.333333333333333,0.0,32.33044733044733,16.165223665223664,0.0,0.0,0.0,1.0,0.0,2.5,5.0,0.5555555555555556,7.5,0.0,0.0,2.5,11.833333333333332,12.333333333333332,0.0,20.0,0.0,19.0,10.5,2.5,2.5,5.0,0.0,4.711038961038961,18.844155844155843,2.5,1.6666666666666665,1.25,0.0,0.0,0.0,21.333333333333332,1.6666666666666665,10.833333333333332,5.666666666666666,2.5,0.0,0.5555555555555556,0.0,0.0,0.0,0.0,3.333333333333333,0.0,6.666666666666666,0.0,5.0,1.0,5.0,17.0,2.5,169.12121212121212
16184.59628542145,3184.38541293967,3829.665320516492,7841.420954340337,3628.8982035012305,3673.988210331913,2632.61665522771,4217.512316128895,4434.756472595625,3478.707478765578,3141.5471322568746,1742.6742222999576,1739.1873353325816,1574.230482915777,869.3460798460798,2233.1749764017018,1355.942209320079,1923.1755645453425,1177.1525931706776,3823.731300195619,628.1083550034896,1080.649264495328,760.0936650909476,1694.513459343273,1223.9019676774321,922.8744393153287,1000.6917343257621,1508.6445210056,749.4026377999489,627.2532951539251,1375.5512115054776,13674.449671389073,434.72937628819983,328.29786350927657,607.1586880711881,515.7572734583291,475.1181429708735,989.7022731666718,460.7997923100864,610.0223511782335,1144.802357378767,293.2647888059653,226.92950336700335,202.45955433455433,219.96636141636142,391.0740735843677,413.233066008066,150.39900793650793,162.03036315536315,327.275974025974,461.31521996521997,516.4230019707961,533.8417152196901,329.7716191216191,100.68180708180708,146.15806878306879,72.31746031746032,314.68689251426497,478.8997852992418,162.59707792207791,201.04230764192886,657.849554358668,102.46063789152024,162.4922956186114,108.56464434258551,546.8367500805581,265.81668396962516,188.72348919355497,533.4512062012062,489.85441132941133,53.34659090909091,209.8950937950938,280.07963316639785,120.87436637436637,159.20062895194474,145.66635095490665,125.26923076923076,131.56756707344942,35.6972101972102,305.6848059348059,515.2971079020564,69.59403559403559,121.99576023391813,143.07277444777444,97.16437728937728,73.30866910866911,144.42791029633133,18.148989898989896,185.28956228956227,184.13312447786132,102.89066859066858,104.58116883116882,41.844608169608165,172.60293125614953,195.82415371715987,135.79468327073897,11.453108865284202,85.87044315333789,415.20719304070144,78.93787454375689,18.056727994227995,139.52380952380952,33.53703703703704,44.32242063492063,111.50934952240723,140.9781925590749,10.453108865284202,188.4108669108669,26.774170274170274,136.8681152181152,10.453108865284202,12.682539682539684,10.453108865284202,77.39596514596514,10.453108865284202,10.453108865284202,157.7353350081291,77.05357142857143,36.35436507936508,100.16124792378137,83.13095238095238,95.81349206349206,59.80909645909646,44.0515873015873,31.595604833762728,27.748057011214904,187.41531562119798,245.48792494647037,72.02422723475355,9.969007299889652,84.63934676434675,78.07055675805675,101.72215929495341,73.6998556998557,84.31497572195246,267.64206109794344,33.83080808080808,13.444444444444445,62.103968253968254,38.89379324379324,377.40198412698413,44.53784552507462,32.49665913796348,78.35784632034631,46.68777056277056,28.660714285714285,20.154761904761905,10.077380952380953,118.34910024615907,4.503968253968254,37.2229797979798,17.5428362487186,143.27954822954823,20.90936840936841,46.77229225023343,26.637245924010628,19.88787737317149,44.057720057720054,17.48015873015873,62.49704924704924,116.30359990886306,81.71441586735703,200.4962074962075,102.49606782106781,14.866666666666667,2.7777777777777777,27.79265873015873,58.8640873015873,26.705555555555556,120.78809523809524,12.173160173160174,18.36584249084249,73.71336996336996,43.010775335775335,30.51035076035076,25.288888888888888,408.11866928589615,19.890277777777776,76.04100529100529,7.92063492063492,74.86312298812298,32.394588744588745,36.02567432567432,87.25757575757575,13.619047619047619,6.291666666666667,17.070563695563695,43.506349206349206,153.8975149704097,126.33291014541014,15.0,53.02251082251082,29.383585858585857,15.404761904761905,39.13095238095238,5.6901604787161695,13.327153110047846,107.8116883116883,3.5,40.69184981684982
3945.97400194074,1440.7033111295882,377.55538334214805,490.10865795424615,567.9318783068783,333.7622655122655,498.2336395974167,1290.229358468329,434.47770162843693,117.83044733044733,280.19744607244604,294.4865869424693,147.21017177267177,118.94467731696834,202.82738095238096,163.39453601953602,526.1492488992488,271.2391709168025,37.163419913419915,169.5530303030303,12.880952380952381,42.37802840434419,49.02251221001221,179.9702380952381,302.72632752238013,16.72222222222222,29.992673992673993,104.78968253968253,101.3044733044733,1.7424242424242424,33.71089041677277,310.56165667407925,522.3473442407266,20.333333333333332,87.23230759608468,62.82364857364857,18.874640044338186,25.156759906759905,242.66287878787878,12.65151515151515,10.0,7.944444444444444,21.322150072150073,6.706349206349206,18.431372549019606,1.25,2.142857142857143,16.36243386243386,49.23845598845599,50.4849681971775,20.083333333333332,31.62121212121212,63.86489898989898,19.13888888888889,10.166666666666666,10.148148148148149,0.625,16.655844155844157,24.896825396825395,186.70928608428608,0.0,8.504901960784313,39.92857142857142,17.3965258879052,0.0,24.852737905369484,5.399267399267399,7.426157176157176,4.666666666666666,12.453208556149733,0.30303030303030304,0.20833333333333331,9.285714285714285,26.22222222222222,16.72985922123853,0.0,1.4285714285714284,1.8397435897435896,0.9090909090909092,10.74074074074074,0.6762820512820513,0.0,1.6666666666666665,6.666666666666666,0.0,0.0,0.6060606060606061,0.0,20.12962962962963,0.0,1.6666666666666665,0.0,2.0,24.636278360808564,0.0,0.0,1.1900376050062853,0.625,455.0932517917812,2.9150641025641026,0.0,0.0,0.0,0.0,11.900376050062853,0.0,1.1900376050062853,2.6785714285714284,0.0,38.19047619047619,1.1900376050062853,0.0,1.1900376050062853,11.38888888888889,1.1900376050062853,1.1900376050062853,5.416666666666667,1.9444444444444444,1.0,59.52791360686098,19.345238095238095,0.0,0.0,0.0,0.0,0.0,56.82296352884588,1.8518518518518516,0.8333333333333333,0.0,0.0,1.4285714285714284,0.0,0.0,10.196078431372548,96.56478189566424,0.0,0.0,0.0,5.0,1.3888888888888888,0.0,1.835016835016835,0.8333333333333333,0.0,0.0,0.0,0.0,4.2592592592592595,0.0,0.0,0.0,5.833333333333334,5.833333333333333,0.0,3.3333333333333335,19.74893162393162,0.0,0.0,0.0,5.0,1.691919191919192,4.642857142857142,0.47619047619047616,1.0,0.0,1.6666666666666665,11.428571428571427,0.0,15.0,10.833333333333332,1.4444444444444444,5.777777777777778,9.241452991452991,0.0,1.6666666666666665,89.63888888888889,0.0,15.0,0.0,0.3125,1.6849816849816848,12.180735930735931,15.056022408963583,32.047619047619044,0.0,1.7063492063492063,0.0,28.069444444444443,12.968020283809757,0.0,0.0,0.0,1.25,11.481481481481481,0.0,1.6666666666666667,23.595238095238095,2.019230769230769,0.0
1572.5085218702866,179.88011498305616,223.17559523809524,473.48719336219335,184.4686147186147,81.77200577200577,268.686611999112,901.3945915195915,110.86985236985237,45.97718253968254,251.35786435786434,63.019841269841265,34.45486111111111,63.89285714285714,37.564664502164504,8.543650793650793,198.41116522366522,287.67604617604616,32.468118686868685,80.34523809523809,18.206709956709958,26.602182539682538,233.59776334776333,7.994588744588744,127.72748778998779,15.145833333333334,379.33234126984127,3.952380952380952,6.0,6.9642857142857135,0.2272727272727273,5.375,18.666666666666668,2.3125,11.0,1.0,16.190184407096172,22.22222222222222,11.0,45.547619047619044,32.476190476190474,120.79563492063491,10.75,70.16477272727272,34.338383838383834,225.0669191919192,17.767857142857142,0.0,6.041666666666666,1.1688311688311688,2.5,4.246031746031746,5.0,2.2916666666666665,10.0,2.5,68.84126984126983,5.384920634920634,0.0,33.664685314685315,6.0,1.0192307692307692,2.2222222222222223,3.9880952380952377,23.979166666666664,0.5882352941176471,0.41666666666666663,1.8020833333333335,8.434523809523808,0.9404761904761904,7.979166666666666,0.0,10.555555555555555,0.0,2.321428571428571,0.625,2.5,1.5,37.801677489177486,0.0,2.0,0.0,0.0,0.0,6.214285714285714,0.3125,1.7708333333333335,14.833333333333332,1.0,0.0,2.0208333333333335,0.0,42.5,0.0,2.013888888888889,18.833333333333332,0.0,11.163194444444445,49.166666666666664,0.0,4.0,8.61111111111111,4.761904761904762,0.0,0.0,0.0,0.0,0.0,35.0,0.0,0.0,2.888888888888889,0.0,0.0,0.0,0.0,5.619047619047619,0.0,15.833333333333334,0.2,8.75,16.0,0.5,48.33730158730158,0.0,0.0,0.0,2.272727272727273,0.0,1.9642857142857142,14.412698412698413,0.8333333333333333,6.666666666666666,0.0,0.0,0.7291666666666666,0.0,6.7142857142857135,0.0,0.0,0.0,2.1726190476190474,4.603174603174603,0.25,0.0,0.0,0.0,0.0,0.0,0.0,13.928571428571427,0.625,0.0,8.936202686202686,0.0,2.8680555555555554,0.0,13.833333333333332,42.176406926406926,0.16666666666666666,0.0,0.0,5.0,0.0,0.7142857142857142,0.0,0.25,0.0,34.72222222222222,9.999999999999998,0.2777777777777778,0.0,0.0,7.796474358974359,0.0,0.0,0.0,6.25,3.2142857142857144,0.0,0.0,0.0,0.0,0.0,4.051587301587301,1.25,0.2777777777777778,2.9166666666666665,0.5555555555555556,0.0,1.6666666666666665,1.8,0.0,7.916666666666666,0.0,0.0,0.0,0.0,2.1904761904761902,0.0
855.4276706586489,184.96999256781865,248.4471153846154,80.39989177489177,66.66167890080933,26.44047619047619,71.2730672105672,164.69902482269504,70.2972027972028,43.4375,78.9484126984127,20.74206349206349,47.023403679653676,18.833333333333332,33.665979853479854,21.214285714285715,55.59767316017316,109.45905483405483,29.55902777777778,9.0,11.390572390572391,8.768849206349206,42.378787878787875,24.733477633477634,33.120039682539684,3.3601190476190474,27.71329365079365,6.9523809523809526,6.3125,5.837121212121212,10.719336219336219,12.86111111111111,10.0,1.3125,2.0,6.833333333333333,2.6934523809523805,3.333333333333333,0.25,2.7222222222222223,11.041666666666666,0.625,2.7499999999999996,29.354558786624004,15.963383838383837,35.07738095238095,4.017857142857142,0.0,1.0416666666666665,3.7222222222222223,10.805555555555555,6.746031746031745,4.083333333333333,0.0,35.95238095238095,2.5,0.41666666666666663,2.884920634920635,4.3,17.89195804195804,0.0,0.5833333333333333,0.0,2.321428571428571,27.8125,0.8333333333333333,0.5555555555555556,1.8020833333333335,12.875,0.16666666666666666,0.3125,0.0,0.0,0.8333333333333333,2.321428571428571,0.625,2.5,2.269230769230769,0.6666666666666666,0.0,0.0,0.0,0.0,1.8888888888888888,0.0,0.3125,1.7708333333333335,0.0,5.555555555555555,0.0,0.5208333333333333,0.0,19.0,2.393617021276596,2.013888888888889,2.5,0.1595744680851064,10.538194444444445,53.37460317460317,0.0,4.0,3.75,0.0,2.4333333333333336,1.5957446808510638,0.0,0.1595744680851064,4.666666666666666,0.0,4.230769230769231,0.1595744680851064,0.0,0.1595744680851064,0.0,0.1595744680851064,0.1595744680851064,3.73015873015873,3.333333333333333,0.0,0.9692307692307693,6.25,0.0,0.0,8.1,0.0,0.0,0.0,0.0,0.1388888888888889,0.0,0.0,3.5,0.0,0.0,0.0,2.7291666666666665,0.0,0.0,0.0,0.0,0.9821428571428571,5.833333333333333,5.555555555555555,0.25,0.2777777777777778,0.8412698412698413,0.0,0.0,2.1428571428571423,0.0,0.0,1.4545454545454546,0.0,6.936202686202686,0.0,0.3125,0.0,5.5,10.0,0.16666666666666666,0.5555555555555556,6.25,9.166666666666666,0.0,0.0,0.0,0.25,0.0,6.087301587301587,0.0,0.2777777777777778,0.0,0.0,7.296474358974359,2.0357142857142856,0.0,4.166666666666666,0.0,3.2142857142857144,2.5,0.0,0.0,0.0,0.0,4.051587301587301,0.0,4.444444444444445,2.9166666666666665,0.0,1.6666666666666667,0.0,1.8,0.0,0.0,0.0,0.0,2.5,0.0,7.190476190476191,0.0
6341.479517064,1724.6322547552356,1773.0604035026192,667.9997701100642,343.14987078587495,132.2089577089577,149.6778291153291,1191.8150680057024,187.75393356643355,216.02480158730157,302.7968559218559,217.47331834831834,134.3277867965368,503.59311224489795,143.2556263181263,138.8711160057991,275.2817416884502,317.765207015207,132.47337962962962,36.25562863062863,19.074006875477462,92.10879629629629,110.44408369408369,107.93115264365264,62.65931522181522,47.819160006660006,116.06921101774043,134.08104395604394,224.74351343101344,32.85299422799423,31.484598734598734,90.77290764790764,368.29905910964095,5.874368686868687,43.74099511599512,65.8313492063492,34.28108465608466,7.666666666666667,5.583333333333333,8.554639804639805,25.993953136810276,7.906746031746032,28.300595238095237,59.87390591818918,109.5726911976912,63.279761904761905,6.767857142857142,13.134920634920634,1.0416666666666665,33.74603174603175,95.39974323062557,24.507936507936506,20.695436507936506,4.583333333333333,51.095238095238095,10.0,12.229437229437229,4.313492063492063,22.36084656084656,107.18499833499834,0.7692307692307693,16.6875,20.126984126984127,13.94047619047619,54.73710317460317,4.129960317460317,15.252525252525253,9.96875,66.46527777777777,1.1587301587301586,1.0267857142857142,6.446428571428571,26.25,10.833333333333334,10.607142857142858,1.7361111111111112,8.80952380952381,24.416666666666668,1.380952380952381,0.47619047619047616,15.137626262626263,0.0,0.0,28.833333333333332,0.5,0.8283730158730158,1.7708333333333335,0.41666666666666663,0.0,0.0,2.8541666666666665,0.16666666666666666,19.0,16.046943074861055,40.14808802308802,3.142857142857143,1.069796204990737,10.538194444444445,1121.1714662865922,7.222222222222222,6.5,30.375457875457876,0.6666666666666666,4.1,10.69796204990737,0.0,1.069796204990737,10.095238095238095,0.0,0.0,1.069796204990737,0.8333333333333334,1.069796204990737,2.8125,1.069796204990737,1.069796204990737,15.658730158730158,16.523809523809522,0.0,1.513963813963814,7.916666666666666,5.7976190476190474,3.333333333333333,14.29047619047619,2.682387057387057,0.0,0.0,1.3888888888888888,0.8333333333333333,2.0238095238095237,4.5155423280423275,4.333333333333333,0.7692307692307693,0.0,0.0,34.39583333333333,0.41666666666666663,0.0,1.25,0.0,16.398809523809522,5.833333333333333,35.55555555555556,4.371794871794872,0.5277777777777778,3.341269841269841,0.4444444444444445,0.22222222222222224,14.573412698412698,0.47619047619047616,0.0,2.7045454545454546,0.0,37.59096459096459,0.0,2.7926587301587302,2.9791666666666665,12.873737373737374,11.777777777777779,0.9358974358974359,3.2222222222222223,37.05265567765568,9.166666666666666,0.0,0.0,0.0,0.5423602219376867,0.47619047619047616,9.524651274651275,0.7142857142857142,13.72159090909091,2.8948412698412698,11.579365079365079,29.468597374847374,23.76388888888889,0.0,84.075382289668,0.0,13.928571428571429,8.571428571428571,4.618544600938967,1.25,1.6666666666666667,0.0,4.051587301587301,0.0,27.202380952380953,5.416666666666666,19.575396825396822,19.333333333333332,3.333333333333333,6.702597402597402,1.25,0.0,0.8412698412698413,0.0,2.9285714285714284,16.666666666666664,10.859307359307358,0.0
2145.795827814927,708.8765180713433,463.40976789822855,1084.0604153226334,302.34971364225567,358.51219422686813,332.3637963268071,313.82228663192325,224.7699303011803,427.9103512228512,109.98936367315622,231.9649470899471,116.02166220023362,58.769600769600764,148.92832701710435,394.4893398268398,72.7300246050246,333.0000033813059,96.4973544973545,91.03804855275443,20.7732683982684,100.19484748056176,140.92111592111593,134.6433682058682,621.6503430665196,51.36015769944341,91.5281917156917,112.19162470948184,99.82521645021644,41.189754689754686,51.230829477540006,35.4883815537011,48.93981481481482,13.738945578231291,94.6298993956557,61.88119288119288,50.058604522890235,20.145652958152958,347.79672873422874,11.077380952380953,39.92361111111111,0.0,73.75211131461131,43.81872294372294,7.5,40.325132275132276,9.494047619047619,17.73460335960336,37.245129870129865,58.36273222739388,193.1708152958153,11.700989486703772,16.7629736595902,131.0702293738008,13.389846143135616,16.549603174603174,17.810466494290022,77.60497835497836,15.973214285714285,303.00795153920154,5.4557823129251695,3.888888888888889,25.694444444444443,20.885182902845948,0.04464285714285714,4.752747252747253,3.4682539682539684,10.56547619047619,7.408163265306122,15.019230769230768,6.055555555555555,21.24707105064248,26.456141193036352,17.64745670995671,19.677307444970488,11.22637085137085,8.428571428571429,14.869047619047617,6.494047619047619,2.2222222222222223,27.321432587879954,13.314756671899529,3.1018518518518516,28.878968253968253,0.0,0.41666666666666663,1.253968253968254,1.4285714285714284,9.666666666666666,4.628684807256235,19.38690476190476,0.0,0.3571428571428571,26.58704456927648,2.5,0.0,2.2856971511792783,2.509920634920635,81.6155303030303,18.2012987012987,0.47619047619047616,58.88756613756614,10.35978835978836,1.626984126984127,18.356971511792786,4.598845598845599,1.4523638178459453,12.25,3.288690476190476,4.876190476190477,1.4523638178459453,0.0,1.4523638178459453,1.9444444444444442,1.4523638178459453,1.4523638178459453,11.975155188031128,14.548420479302832,0.0,103.05130318814382,22.08531746031746,8.214285714285714,1.1666666666666665,1.3611111111111112,3.611111111111111,2.5555555555555554,7.040494227994228,33.547605721424844,0.9722222222222222,0.0,27.93891293891294,11.083333333333332,2.5,0.0,0.5,92.45406445406445,8.0,1.8703703703703702,0.0,0.0,8.425925925925926,0.0,3.6363636363636362,3.3333333333333335,0.0,3.9682539682539684,7.944444444444445,3.9722222222222223,15.878968253968253,1.7857142857142856,0.625,6.4523809523809526,12.839285714285714,2.6794871794871797,0.7291666666666666,18.623015873015873,35.94405539993775,3.9880952380952377,2.7777777777777777,3.8095238095238098,5.416666666666666,18.261904761904763,4.833333333333333,5.0,0.8333333333333333,0.0,4.416666666666666,4.1269841269841265,0.5,9.24537037037037,8.529761904761905,0.0,0.0,4.284188034188034,8.521825396825397,3.1746031746031744,48.03108465608466,0.3571428571428571,15.375,6.833333333333333,27.78580257356001,12.57175925925926,6.240079365079365,0.9791666666666666,0.5555555555555556,0.0,36.89054232804233,4.888888888888888,26.194444444444443,229.94569430167255,0.0,13.360346483611979,1.25,0.8333333333333333,54.98445767195767,0.15873015873015872,3.7499999999999996,7.634920634920634,2.2215007215007216,0.0
365.3611111111111,47.38095238095238,47.83333333333333,100.33333333333333,68.75,32.5,31.25,57.5,26.833333333333332,48.666666666666664,80.25,18.0,12.25,67.5,154.1904761904762,10.0,0.0,38.33333333333333,24.5,0.0,0.0,22.0,7.5,12.681818181818183,12.5,12.5,2.5,12.0,22.5,16.0,10.0,5.0,51.25,0.0,1.6666666666666665,350.55555555555554,2.361111111111111,4.0,15.0,76.25,5.0,17.5,14.761904761904761,0.0,140.0,1.1111111111111112,0.0,0.0,2.5,21.666666666666664,16.785714285714285,12.63888888888889,2.0,0.0,85.41666666666667,2.833333333333333,5.833333333333333,2.5,11.818181818181817,3.333333333333333,31.666666666666664,2.5,0.0,1.6666666666666665,0.0,0.0,0.0,10.555555555555555,0.0,0.0,0.0,0.0,0.0,3.333333333333333,0.0,0.0,0.0,0.0,0.8333333333333333,0.0,0.0,0.0,10.0,29.166666666666664,10.0,3.6666666666666665,0.0,0.0,5.138888888888889,5.0,5.0,2.5,0.0,0.0,0.0,1.1111111111111112,0.0,6.666666666666666,15.0,0.0,2.5,210.36111111111111,0.0,0.0,0.0,0.0,0.0,0.0,0.0,5.0,0.0,0.0,0.0,41.25,0.0,0.0,0.0,0.0,18.75,0.0,0.0,5.0,1.0,0.0,0.0,0.0,0.0,0.0,0.0,0.0,0.0,0.0,0.0,0.0,0.0,0.0,1.25,0.0,0.0,0.0,0.0,0.0,0.0,1.25,15.0,0.0,0.0,0.0,0.0,0.0,2.5,0.0,2.5,0.0,0.0,0.0,0.0,0.0,0.0,0.0,0.0,0.0,0.0,0.0,0.0,0.0,0.0,0.8333333333333333,1.0,0.0,0.0,0.0,0.0,0.0,0.7142857142857142,0.0,6.666666666666666,0.0,0.0,0.0,0.0,10.0,0.0,0.0,0.0,0.0,0.0,0.8333333333333333,2.0,0.0,0.0,0.0,0.0,0.0,0.0,0.0,0.0,0.8333333333333333,0.0,0.0
4446.948394241351,203.29629007780267,2319.5828705025133,994.1516051026389,1292.6790113395375,1735.4705536684962,870.2333855298141,2190.579261772901,442.8532509895955,511.38718870415295,155.5321074930899,775.9498375910499,259.55953025149455,475.65022971309736,174.61063797313795,530.2298070424342,341.4677794097437,613.145632253433,680.412668515347,293.6890875328375,146.57136861154717,458.60472447137363,564.9337593623308,688.3925000303151,998.0994321485392,449.7140476629328,105.09009386582916,393.48395229109514,234.7330733911091,117.8523604734905,148.75396224146223,50.96213485394158,89.24445108984582,110.20916875522138,103.5531089628834,147.09157690854119,121.16087384837384,125.85854076479076,150.99452876558138,256.4022125501265,560.6774906281485,119.61071418660704,48.41239970347113,619.1814659197012,376.6860088985089,707.6535714285714,315.2323794922009,109.64402340384483,23.68253968253968,15.857551353874884,90.74810606060606,50.60238095238095,219.5446557410843,43.278805453805454,99.50892857142857,229.16168784918784,88.197500970085,16.322751322751323,37.3640873015873,94.57634998443821,77.82854225023343,28.825338468720823,167.30306637806638,47.526358037387446,77.80559625559626,27.801685607393328,72.39471457775029,86.95962301587302,30.485982271696557,13.879426129426129,41.64932166048237,10.113739209133945,11.559807256235827,1.25,45.70817621920563,12.296905458089668,25.24966931216931,138.1298344017094,78.91903460101989,12.455183471990194,16.00595238095238,19.10660173160173,55.1712962962963,48.57738095238095,91.22578347578347,25.13095238095238,0.9090909090909092,98.21806070913213,38.887301587301586,23.680059523809522,14.273809523809524,19.53513071895425,50.1033472479901,17.453491163049986,7.745614035087719,14.945970695970695,1.1635660775366659,7.635228978978979,0.14285714285714285,9.216651404151404,33.41468253968254,9.583333333333332,98.5171176046176,13.616071428571427,12.746771886477768,12.991496598639456,1.1635660775366659,1.6552732735837556,149.89089448910877,32.68452380952381,1.1635660775366659,33.54193942022889,1.1635660775366659,24.803468357039787,1.1635660775366659,1.1635660775366659,80.77161727161727,20.86111111111111,83.78198734448735,1.2499999999999998,8.392857142857142,1133.7602015048444,18.208694083694084,122.91071428571428,19.9796626984127,6.180555555555555,77.13364512471655,4.756302725052725,14.071428571428571,14.721026658526657,3.392857142857143,12.528235653235653,41.94971804511278,64.54750512645249,22.49436090225564,0.0,0.3125,11.100907029478458,59.43451629389129,31.519345238095237,5.083333333333333,27.305040197897338,13.1511544011544,2.5925925925925926,20.538614163614163,15.814814814814815,11.464971953693757,5.732485976846879,1.5714285714285714,8.291666666666666,8.433987159572702,0.0,12.988095238095237,0.1098901098901099,11.874007936507937,0.3571428571428571,2.125,6.928571428571428,60.89165140693959,11.88095238095238,22.693783068783066,1.5,0.0,9.396494708994709,0.17857142857142855,17.51388888888889,9.253968253968253,26.84325396825397,15.876984126984127,9.9755291005291,0.0,15.793905909645325,63.17562363858131,11.0,5.3809523809523805,4.444444444444445,0.0,6.8961640211640205,12.380952380952381,38.9563492063492,5.011904761904762,14.685305435305434,5.833333333333333,1.1111111111111112,30.86243386243386,9.989010989010989,0.6666666666666666,0.7738095238095237,0.0,0.0,13.160485347985347,0.0,1.9444444444444444,17.42063492063492,25.5515873015873,36.669642857142854,0.3125,5.0,0.625,10.847222222222221
1246.6754320415034,426.34771518164376,552.2899880873096,284.3626373626374,268.7468973664794,26.947619047619046,76.45440670440671,77.51177988677989,39.082833832833835,75.5762987012987,65.73354423354424,67.18650793650794,62.363095238095234,88.81349206349206,20.01190476190476,49.4375,68.22692048233844,43.970238095238095,53.99285714285714,82.8175061050061,12.118055555555555,9.142857142857142,40.6236136878994,97.22902097902097,50.664021164021165,32.31338899196042,13.958333333333334,5.12987012987013,0.3571428571428571,25.814285714285713,45.32566738816739,132.89121295371294,42.68587662337662,2.232142857142857,7.291666666666666,25.0,5.0,38.0857683982684,5.917748917748918,3.3125,24.214285714285715,7.5,15.833333333333332,12.339053803339517,6.125,0.3571428571428571,13.14141414141414,3.333333333333333,8.933668514025657,17.118589743589745,23.0,28.960934435934437,5.749999999999999,2.5,6.714285714285714,8.74084249084249,0.6666666666666666,0.8888888888888888,16.383387445887447,9.313492063492063,16.404761904761905,1.8554778554778555,0.0,12.916666666666666,20.065934065934066,0.0,0.5,0.0,0.0,0.0,8.575963718820862,3.2142857142857144,2.5,5.0,7.916666666666666,1.927312271062271,39.58333333333333,0.0,0.0,0.0,0.0,0.0,0.0,13.047619047619047,0.0,5.714285714285714,2.6936026936026938,0.0,5.555555555555555,0.3125,0.0,0.0,0.0,5.535714285714286,14.6875,0.0,0.36904761904761907,1.1111111111111112,41.62321428571428,6.666666666666666,0.0,0.0,0.0,0.2040816326530612,3.6904761904761902,0.0,0.36904761904761907,5.714285714285714,0.0,0.0,0.36904761904761907,0.0,0.36904761904761907,0.0,0.36904761904761907,0.36904761904761907,0.0,11.428571428571427,1.2857142857142856,0.0,2.5,0.0,0.0,0.0,5.0,0.30303030303030304,0.0,0.0,0.0,0.0,0.7142857142857142,0.0,0.0,5.108225108225108,5.0,124.18722943722943,0.0,0.0,0.2857142857142857,1.6666666666666665,0.9821428571428571,0.0,13.333333333333332,0.0,0.0,0.0,0.0,0.0,0.0,5.0,0.7142857142857142,0.0,0.0,5.0,0.0,1.4714285714285713,0.0,0.0,0.0,0.0,0.0,11.25,9.166666666666666,0.0,0.0,0.0,1.1458333333333333,0.0,0.0,0.0,0.0,0.0,0.0,0.0,1.1111111111111112,0.0,38.25,0.0,0.0,0.30303030303030304,0.0,0.0,0.0,0.15151515151515152,0.0,0.0,0.0,0.0,40.166666666666664,0.0,0.0,0.0,0.0,0.0,0.0,0.0,0.0,0.0,0.0,0.0
121.34920634920634,69.72619047619047,123.02777777777777,8.88888888888889,88.63888888888889,11.833333333333332,8.333333333333332,17.333333333333332,7.5,0.0,8.666666666666666,9.285714285714285,17.869047619047617,22.916666666666664,4.666666666666666,33.0,47.90873015873016,43.64880952380952,12.0,1.0,2.0,4.166666666666666,0.0,141.31547619047618,5.833333333333333,0.0,1.0,1.6666666666666665,0.0,5.833333333333333,27.80952380952381,0.0,1.7142857142857142,0.0,7.5,0.0,0.0,0.0,6.571428571428571,0.0,6.0,0.0,1.6666666666666665,0.0,0.0,0.0,3.3333333333333335,0.0,0.0,7.0,0.0,0.0,0.0,0.0,0.0,0.0,0.0,0.0,0.0,2.8968253968253967,0.0,0.0,0.0,0.0,0.0,0.0,0.0,0.0,0.0,5.0,0.0,0.0,0.0,0.0,0.0,0.0,0.0,0.0,0.0,0.0,15.777777777777779,0.0,0.0,0.0,0.0,0.0,5.0,0.0,0.0,0.0,0.0,34.785714285714285,4.0,0.0,0.0,0.0,0.0,0.0,11.083333333333332,0.0,0.0,0.0,0.0,0.0,0.0,0.0,0.0,0.0,0.0,0.0,0.0,0.0,0.0,5.0,0.0,0.0,0.0,0.0,0.0,0.0,0.0,0.0,0.0,0.0,0.0,0.0,0.0,0.0,0.0,0.0,0.0,0.0,0.0,0.0,0.0,0.47619047619047616,0.0,0.0,0.0,0.0,0.0,0.0,0.0,0.0,0.0,0.0,0.0,0.0,0.0,0.0,0.0,0.0,0.0,0.0,0.0,0.0,0.0,0.0,0.0,0.0,0.0,0.0,0.0,0.0,0.0,0.0,0.0,0.0,2.0,0.0,0.0,0.0,0.0,0.0,0.0,0.0,3.333333333333333,0.0,0.0,0.0,0.0,0.0,0.0,0.0,0.0,0.0,0.0,0.0,0.0,0.0,0.0,0.0,0.0,0.0,0.8095238095238095,0.0,0.0,0.0,0.0,0.0
0.0,0.0,0.0,0.0,0.0,0.0,0.0,0.0,0.0,0.0,0.0,0.0,0.0,0.0,0.0,0.0,0.0,0.0,0.0,0.0,0.0,0.0,0.0,0.0,0.0,0.0,0.0,0.0,0.0,0.0,0.0,0.0,0.0,0.0,0.0,0.0,0.0,0.0,0.0,0.0,0.0,0.0,0.0,0.0,0.0,0.0,0.0,0.0,0.0,0.0,0.0,0.0,0.0,0.0,0.0,0.0,0.0,0.0,0.0,0.0,0.0,0.0,0.0,0.0,0.0,0.0,0.0,0.0,0.0,0.0,0.0,0.0,0.0,0.0,0.0,0.0,0.0,0.0,0.0,0.0,0.0,0.0,0.0,0.0,0.0,0.0,0.0,0.0,0.0,0.0,0.0,0.0,0.0,0.0,0.0,0.0,0.0,0.0,5.0,0.0,0.0,0.0,0.0,0.0,0.0,0.0,0.0,0.0,0.0,0.0,0.0,0.0,0.0,0.0,0.0,0.0,0.0,0.0,0.0,0.0,0.0,0.0,0.0,0.0,0.0,0.0,0.0,0.0,0.0,0.0,0.0,0.0,0.0,0.0,0.0,0.0,0.0,0.0,0.0,0.0,0.0,0.0,0.0,0.0,0.0,0.0,0.0,0.0,0.0,0.0,0.0,0.0,0.0,0.0,0.0,0.0,0.0,0.0,0.0,0.0,0.0,0.0,0.0,0.0,0.0,0.0,0.0,0.0,0.0,0.0,0.0,0.0,0.0,0.0,0.0,0.0,5.0,0.0,0.0,0.0,0.0,0.0,0.0,0.0,0.0,0.0,0.0,0.0,0.0,0.0,0.0,0.0,0.0,0.0,0.0,0.0,0.0,0.0,0.0,0.0
18.69047619047619,3.333333333333333,0.0,2.5,0.0,0.0,0.0,2.6666666666666665,0.0,0.0,0.0,0.0,0.0,2.5,0.0,5.0,0.0,0.0,0.0,0.0,0.0,0.0,10.0,0.0,10.0,0.0,0.0,0.0,1.4285714285714284,0.0,0.0,0.0,0.0,0.0,0.0,0.0,0.0,0.0,0.0,0.0,0.0,0.0,0.0,0.0,0.0,0.0,0.0,0.0,0.0,0.0,0.0,0.0,0.0,0.0,0.0,0.0,0.0,0.0,0.0,2.5,0.0,0.0,0.0,0.0,0.0,0.0,0.0,0.0,0.0,0.0,0.0,0.0,0.0,0.0,0.0,0.0,0.0,0.0,0.0,0.0,0.0,0.0,0.0,0.0,0.0,0.0,0.0,0.0,5.7142857142857135,0.0,0.0,0.0,0.0,0.0,0.0,0.0,0.0,0.0,0.0,0.0,0.0,0.0,0.0,0.0,0.0,0.0,0.0,0.0,0.0,0.0,0.0,0.0,0.0,0.0,0.0,0.0,0.0,0.0,0.0,0.0,0.0,0.0,0.0,0.0,0.0,0.0,0.0,0.0,0.0,0.0,0.0,0.0,0.0,0.0,0.0,0.0,0.0,0.0,0.0,0.0,0.0,0.0,0.0,0.0,0.0,0.0,0.0,0.0,0.0,0.0,0.0,0.0,0.0,0.0,0.0,0.0,0.0,0.0,0.0,0.0,0.0,0.0,0.0,0.0,0.0,0.0,0.0,0.0,0.0,0.0,0.0,0.0,0.0,0.0,0.0,0.0,0.0,0.0,0.0,0.0,0.0,0.0,0.0,0.0,0.0,0.0,0.0,0.0,0.0,0.0,0.0,0.0,0.0,0.0,0.0,0.0,0.0,0.0,0.0,0.0
4.5,0.0,0.0,0.0,0.0,0.0,1.6666666666666665,1.0,3.333333333333333,0.0,0.0,0.0,0.0,0.0,0.0,0.0,1.6666666666666667,0.0,0.0,0.0,0.0,0.0,0.0,0.0,0.0,0.0,0.0,0.0,0.0,0.0,0.0,2.0,0.0,0.0,0.8333333333333333,0.0,0.0,0.0,0.0,0.0,0.0,0.0,0.0,0.0,0.0,0.0,0.0,0.0,0.0,0.0,0.0,0.0,0.0,0.0,0.0,0.0,0.0,0.0,0.0,0.0,0.0,0.0,0.0,0.0,0.0,0.0,0.0,0.0,0.0,0.0,0.0,0.0,0.0,0.0,0.0,0.0,0.0,0.0,0.0,0.0,0.0,0.0,0.0,0.0,0.0,0.0,0.0,0.0,0.0,0.0,0.0,0.0,0.0,0.0,0.0,0.0,0.0,0.0,0.0,0.0,0.0,0.0,0.0,0.0,0.0,0.0,0.0,0.0,0.0,0.0,0.0,0.0,0.0,0.0,0.0,0.0,0.0,0.0,0.0,0.0,0.0,0.0,0.0,0.0,0.0,0.0,0.0,0.0,0.0,0.0,0.0,0.0,0.0,0.0,0.0,0.0,0.0,0.0,0.0,0.0,0.0,0.0,0.0,0.0,0.0,0.0,0.0,0.0,0.0,0.0,0.0,0.0,0.0,0.0,0.0,0.0,0.0,0.0,0.0,0.0,0.0,0.0,0.0,0.0,0.0,0.0,0.0,0.0,0.0,0.0,0.0,0.0,0.0,0.0,0.0,0.0,0.0,0.0,0.0,0.0,0.0,0.0,0.0,0.0,0.0,0.0,0.0,0.0,0.0,0.0,0.0,0.0,0.0,0.0,0.0,0.0,0.0,0.0,0.0,0.0
2938.5944838451915,1166.4363141042502,446.1953021816171,396.97557332228035,229.86888932685136,86.48222431674107,52.81477732793522,263.69012260937853,190.174870012743,104.58784391952486,478.4845445118998,456.6460663752546,50.67971724921853,46.56410256410256,69.14958259365693,36.903744403744405,530.0201379344154,130.76961628731203,24.582417582417584,92.73796056884292,12.5,21.429626377207022,52.22253866990709,165.39139515455304,139.93055555555554,20.547907507920094,8.293495977706504,158.75431495340152,28.19645413672988,2.2142857142857144,74.2989417989418,39.35889002065473,137.05200116012472,0.41666666666666663,7.625,32.43055555555556,58.78380947788381,12.28968253968254,30.903846153846153,8.603603603603602,0.47435897435897434,0.4545454545454546,3.583333333333333,2.708333333333333,0.0,3.9166666666666665,2.9722222222222223,0.0,16.833333333333332,2.8192450824029773,19.450330371383004,14.93240044555834,0.0,5.138888888888889,1.2648809523809523,4.384848484848485,0.0,8.0,44.28029542920847,36.19912718225075,1.0909090909090908,0.0,0.5,6.7558442552048685,27.14285714285714,0.47619047619047616,0.0,0.0,1.6,2.0,0.8333333333333333,0.0,0.0,7.333333333333334,6.7558442552048685,6.246212121212121,0.4,0.0,0.0,0.0,0.0,0.0,21.166666666666668,24.382249539069313,0.0,0.0,15.0,0.0,0.5555555555555556,0.0,0.0,1.0,0.8333333333333333,6.666666666666666,0.0,0.0,0.4444444444444444,0.5555555555555556,47.11446886446886,0.0,0.0,4.717948717948718,0.0,0.0,4.444444444444445,0.8333333333333333,0.4444444444444444,13.40958605664488,0.0,0.0,0.4444444444444444,0.0,0.4444444444444444,19.17216117216117,0.4444444444444444,0.4444444444444444,0.0,61.94444444444444,0.0,23.761904761904763,0.0,0.0,0.0,0.0,10.0,5.0,1.0,0.0,0.41666666666666663,0.0,12.857142857142858,2.083333333333333,0.0,0.0,10.0,10.65079365079365,0.0,0.0,0.0,0.0,1.25,0.0,3.8349657588788024,0.0,0.0,3.333333333333333,0.0,0.0,8.476190476190476,0.0,0.0,0.9523809523809523,10.0,0.0,0.0,37.85954785954786,9.285714285714285,3.4285714285714284,0.0,0.0,0.0,2.6666666666666665,1.4215686274509802,0.0,0.0,1.25,18.206349206349206,0.0,0.0,3.35016835016835,0.18181818181818182,2.0,8.0,0.7142857142857142,1.6666666666666665,0.0,13.595238095238095,0.0,0.0,0.0,1.6666666666666665,4.0,0.9369369369369369,0.0,0.0,0.0,1.6666666666666665,1.5,27.143173590542013,55.125,0.0,0.0,0.0,0.0,0.0,0.0,0.0,0.0,0.625,2.5396825396825395
269.8996336996337,13.837301587301587,105.05753968253968,103.92590187590187,72.66111111111111,87.26832611832612,94.54285714285714,111.88253968253967,59.60427350427351,68.69093406593406,37.93571428571428,61.65714285714286,22.886147186147184,27.042460317460318,6.976190476190476,16.25180375180375,26.42142857142857,48.78214285714286,54.86666666666667,13.988095238095237,9.142857142857142,33.957070707070706,6.174603174603174,30.260714285714286,61.37301587301587,25.06910866910867,20.27777777777778,20.592490842490843,18.1,7.546153846153846,10.14102564102564,19.458333333333332,17.98611111111111,6.929292929292929,12.5,15.694444444444443,2.929292929292929,3.5555555555555554,7.249999999999999,17.202380952380953,22.36991341991342,2.571428571428571,5.3809523809523805,8.554292929292929,29.22222222222222,35.49603174603175,8.265151515151516,5.157142857142857,2.857142857142857,2.5,0.2,0.0,5.992424242424242,0.9,11.5,0.0,5.333333333333333,5.6832722832722835,9.533333333333333,13.88888888888889,5.631818181818182,3.5416666666666665,2.0,2.4285714285714284,12.932417582417582,0.8333333333333334,0.0,4.76984126984127,6.083333333333333,6.303968253968254,0.0,0.6666666666666666,1.0,1.0,2.4285714285714284,0.2777777777777778,5.0,1.5,3.4126984126984126,0.8571428571428571,1.2000000000000002,1.3333333333333333,5.066666666666666,0.2857142857142857,4.833333333333333,4.1239316239316235,1.4285714285714284,0.5,0.0,2.8333333333333335,2.1666666666666665,0.0,0.0,0.0,7.666666666666666,1.6666666666666665,0.0,2.0,0.0,0.0,0.2564102564102564,7.333333333333333,3.333333333333333,0.6857142857142857,0.0,0.0,0.0,1.4285714285714284,1.4666666666666668,5.0,0.0,0.3333333333333333,0.0,0.0,0.0,0.0,4.666666666666666,4.0,3.6190476190476186,0.0,0.8928571428571428,12.761904761904761,1.0666666666666667,9.444444444444445,0.6666666666666666,0.0,7.447619047619048,7.166666666666666,0.0,0.4,0.0,2.5,0.2564102564102564,0.0,0.22222222222222224,3.333333333333333,0.0,0.0,0.47619047619047616,1.1111111111111112,0.0,1.6666666666666665,0.0,3.111111111111111,0.1282051282051282,0.0,0.0,0.0,0.2564102564102564,0.0,2.2857142857142856,1.875,0.0,0.0,0.4,0.0,0.0,0.0,12.161904761904761,0.0,2.0,0.0,2.0,5.0,0.0,1.0,0.0,7.6103896103896105,0.6785714285714286,0.0,0.0,0.7083333333333333,2.833333333333333,0.0,0.8333333333333333,0.5555555555555556,0.0,0.0,1.3333333333333333,1.6666666666666665,1.6666666666666665,1.6666666666666665,0.0,2.5,0.0,1.3611111111111112,0.0,0.0,0.0,3.333333333333333,0.0,2.0,0.3333333333333333,0.0,0.0,0.0,0.0,0.5,0.0,0.0
1006.917051004551,22.398556998556998,553.0000901875902,443.0700105450105,546.4388542013542,312.55787774317184,192.6164405039405,411.34348845598845,129.36851111851112,169.75013227513227,107.26607142857142,130.39175685425684,37.613924963924966,189.94467893217893,25.51017316017316,92.82766955266955,51.04365079365079,406.34739057239057,147.76355635105634,60.10667388167388,37.797619047619044,74.22711038961039,82.251443001443,127.28208273208273,207.9328541828542,73.23194444444445,58.56944444444444,64.58719336219336,27.969588744588744,18.967322954822954,6.2660256410256405,36.470238095238095,41.672619047619044,23.22869769119769,34.18593073593073,9.11111111111111,53.93921356421356,7.3419191919191915,30.32638888888889,59.54974747474747,117.0136544011544,112.70358345358345,22.047619047619047,87.30707070707071,194.1638888888889,180.3034743034743,93.69147426647426,29.761507936507936,8.662698412698413,4.138888888888888,6.8011904761904765,14.791666666666666,50.2979797979798,5.576587301587301,4.76984126984127,3.333333333333333,7.5,10.961050061050061,3.333333333333333,11.88888888888889,21.05966810966811,5.763888888888889,33.172258297258296,6.6083099906629315,22.616941391941392,0.8333333333333334,17.076923076923077,22.32420634920635,5.582130832130832,11.475925925925926,3.3511904761904763,1.4,1.0,2.6666666666666665,5.497198879551821,0.2777777777777778,8.859126984126984,25.524801587301585,11.662698412698411,3.6726190476190474,1.2000000000000002,5.033333333333333,4.733333333333333,0.2857142857142857,12.73611111111111,3.0128205128205128,1.4285714285714284,26.178373015873014,24.65079365079365,0.8333333333333333,1.2407407407407407,2.5,5.6850649350649345,0.0,2.9594155844155843,2.9404761904761902,0.0,5.888888888888888,0.0,0.0,11.61574074074074,3.333333333333333,17.615079365079364,5.519047619047619,0.0,0.0,0.0,1.0317460317460316,7.597619047619047,7.803571428571429,0.0,2.05006105006105,0.0,0.0,0.0,0.0,18.007575757575758,0.41666666666666663,13.595238095238095,0.0,6.1588966588966585,68.27701187701187,1.9,67.27182539682539,1.883116883116883,3.0,11.697619047619048,0.0,0.8484848484848484,1.9575396825396827,2.7857142857142856,4.3809523809523805,6.0,2.2222222222222223,0.22222222222222224,0.8333333333333333,0.0,6.451010101010101,2.820634920634921,1.1111111111111112,5.0,7.166666666666666,0.41666666666666663,0.0,0.1282051282051282,4.999999999999999,3.1547619047619047,1.5773809523809523,2.2564102564102564,3.75,5.619047619047619,1.875,0.5,2.5,0.7333333333333334,0.0,0.0,2.0,38.769845432345434,3.333333333333333,2.0,5.0,0.7777777777777778,12.708784271284271,0.0,1.2564102564102564,0.0,12.073352573352572,2.7156084656084656,3.5,0.0,0.6233766233766234,2.4935064935064934,0.0,1.0,3.1180555555555554,0.0,0.0,1.7777777777777777,24.412004662004662,0.3333333333333333,2.1666666666666665,0.0,0.0,0.5,10.11111111111111,0.0,0.0,0.0,5.833333333333333,0.0,0.0,0.3333333333333333,0.6666666666666666,12.5,0.0,0.0,0.7777777777777778,0.0,4.166666666666666
861.8665295199334,651.2427578925863,125.64794252277089,222.94192170127525,94.53742417401725,94.39008506113768,91.03650793650793,124.67046158985518,21.034848484848485,85.76280193236714,35.878731413514025,86.45013227513228,31.869841269841267,67.72083934583934,41.38059163059163,55.246392496392495,36.93570954877322,50.74709240670339,15.547619047619047,10.903623188405797,15.173400673400673,52.83432539682539,3.0555555555555554,11.03233082706767,64.56027005031582,38.06895141895142,3.371212121212121,39.595238095238095,18.005433455433455,5.377777777777777,4.367167919799499,5.131547619047619,32.955339057713196,2.4305555555555554,14.375,15.958333333333334,1.6560846560846558,8.672619047619047,12.166666666666666,0.3333333333333333,36.91287878787879,0.5714285714285714,15.733333333333333,22.080710955710956,27.686868686868685,27.166666666666664,50.83333333333333,10.50595238095238,0.0,25.332659932659933,24.125,3.63859649122807,10.681818181818182,1.0476190476190474,4.285714285714286,4.244047619047619,7.792063492063492,1.0,2.7460628235227778,1.6666666666666665,24.641955266955268,0.0,3.3333333333333335,6.420217209690893,4.428571428571429,0.642512077294686,0.0,0.0,0.0,0.0,0.0,5.0,7.833333333333333,7.45,4.753550543024227,1.1111111111111112,0.0,2.0,0.0,0.0,3.3235930735930737,0.37037037037037035,0.22222222222222224,10.0,0.0,0.0,5.0,0.0,1.25,6.625,0.0,0.0,1.25,4.21875,0.0,0.0,0.28125,0.0,28.48738942217203,0.0,0.0,0.22222222222222224,5.0,1.0714285714285712,2.8125,2.5,0.28125,1.898148148148148,0.0,0.0,0.28125,0.0,0.28125,0.1388888888888889,0.28125,0.28125,2.5,2.2222222222222223,0.0,13.762405106970323,0.0,0.0,0.5,0.0,0.0,0.0,0.0,3.125,0.0,0.0,22.653679653679653,0.0,0.0,0.0,0.0,7.388888888888889,0.0,0.0,0.0,0.0,1.4285714285714284,0.0,1.5357142857142856,6.25,0.0,0.0,0.0,0.0,3.742845117845118,4.31547619047619,0.0,0.22222222222222224,5.777777777777778,2.1726190476190474,0.0,0.09523809523809525,0.1388888888888889,3.9038461538461537,0.0,0.0,0.0,0.10526315789473684,1.4285714285714284,0.0,0.0,0.0,4.333333333333333,0.0,0.0,0.0,3.333333333333333,0.22222222222222224,0.888888888888889,0.0,0.0,1.25,4.127777777777778,0.0,0.0,0.9523809523809523,1.0,0.0,0.0,1.3333333333333333,0.0,0.0,6.828703703703703,0.0,0.2777777777777778,7.076923076923077,0.0,12.665217391304347,3.214285714285714,0.0,0.0,0.0,0.0,0.0,0.0,0.0
607.6965506715507,35.625,411.6141182230468,208.21230158730157,224.30119047619047,273.71468253968254,80.375,346.4503968253968,79.52876984126983,186.25436507936507,70.56944444444444,94.01190476190476,33.71984126984127,111.14246031746032,63.732219169719166,55.488095238095234,16.705555555555556,251.83174603174604,50.67301587301587,27.66111111111111,15.19563492063492,23.72222222222222,105.7095238095238,231.73888888888888,56.488095238095234,31.14781746031746,19.941666666666666,97.51150793650794,17.09246031746032,76.25170068027211,22.758333333333333,0.0,35.62301587301587,15.067460317460316,15.214285714285714,26.65277777777778,42.5515873015873,2.083333333333333,18.75,28.796825396825398,26.69642857142857,49.62182539682539,0.3333333333333333,58.81666666666666,217.3829365079365,139.75039682539682,28.666666666666664,20.158730158730158,20.79285714285714,0.625,0.0,0.5555555555555556,17.27777777777778,2.0,15.972222222222221,0.0,9.0,0.0,60.32142857142857,7.444444444444444,4.166666666666666,7.420634920634921,5.541666666666666,0.0,1.25,20.444444444444443,1.1904761904761902,3.2142857142857144,0.3333333333333333,0.0,2.833333333333333,0.0,0.0,0.0,0.0,0.0,10.666666666666666,0.0,8.892857142857142,3.583333333333333,0.3333333333333333,0.0,6.1,2.6780303030303028,7.583333333333333,2.0,0.5555555555555556,7.642857142857142,0.0,0.6666666666666666,0.0,0.5555555555555556,4.177777777777778,3.0208333333333335,10.0,0.0,0.2013888888888889,5.0,2.0,0.8333333333333333,17.797619047619047,0.0,51.398809523809526,35.55357142857143,2.013888888888889,0.0,0.2013888888888889,0.0,2.333333333333333,0.0,0.2013888888888889,0.6666666666666666,0.2013888888888889,0.0,0.2013888888888889,0.2013888888888889,0.0,0.0,0.0,0.0,0.0,56.36111111111111,1.0857142857142859,72.35753968253968,1.1666666666666665,2.7142857142857144,0.0,0.0,0.0,2.0634920634920633,0.6666666666666666,0.0,0.3125,1.0,0.0,0.6666666666666666,0.0,3.2499999999999996,0.0,4.882936507936508,0.0,4.761904761904761,0.0,0.0,3.5388888888888888,3.7253968253968255,0.0,0.0,0.0,0.0,0.47619047619047616,0.3571428571428571,0.0,0.0,1.875,0.0,0.0,0.47619047619047616,53.238095238095234,0.0,0.0,0.0,26.279761904761905,0.16666666666666666,0.5,0.0,0.0,0.0,4.166666666666666,0.0,2.571428571428571,0.0,0.0,0.5,0.0,0.625,0.0,5.902777777777778,0.0,16.166666666666664,0.0,0.0,0.0,0.0,0.0,0.5555555555555556,0.0,0.0,3.9999999999999996,0.25,0.47619047619047616,0.0,0.0,0.0,0.0,3.833333333333333,0.25,0.0,0.0,2.5
570.1636904761905,10.000992063492063,8.5,111.14285714285714,281.7668324322736,11.496031746031745,82.34178974620151,17.92063492063492,65.83333333333333,85.13437950937951,7.083333333333333,174.91750610500608,20.752074314574312,126.98710317460318,8.161706349206348,5.023809523809524,40.21825396825397,0.38461538461538464,97.45314407814408,63.34718753468753,8.333333333333332,2.333333333333333,30.0385101010101,26.64589577089577,9.422799422799423,24.77209595959596,2.75,6.0,17.893849206349206,8.58974358974359,1.3888888888888888,5.134920634920634,0.17857142857142855,0.8333333333333333,0.0,77.38988095238095,0.0,32.90178571428571,47.75595238095238,0.0,53.329365079365076,11.999999999999998,2.5,19.29563492063492,0.0,10.0,64.6795634920635,50.88362332112332,26.841450216450216,0.0,0.9375,105.95580808080808,0.2777777777777778,5.5,4.201388888888888,20.595238095238095,0.625,0.0,6.886863136863137,0.0,85.56854256854257,0.0,0.0,0.0,20.5,0.0,11.11111111111111,1.1904761904761905,0.0,0.625,33.79969336219336,0.0,0.2272727272727273,0.0,0.0,0.0,0.0,0.3571428571428571,0.0,1.8333333333333333,0.0,10.0,0.0,0.0,0.0,12.037545787545787,0.0,0.0,0.0,0.0,0.0,0.5277777777777778,0.0,0.0,3.8988095238095237,0.7291666666666666,0.0,3.214285714285714,0.0,0.19230769230769232,0.0,0.0,0.0,0.0,0.0,0.0,0.0,1.1174242424242424,0.3571428571428571,0.0,0.0,0.6349206349206349,0.0,0.0,0.0,0.0,0.0,0.0,21.52777777777778,6.169467787114846,28.833333333333332,0.0,0.0,0.0,10.0,0.0,0.0,5.593434343434343,5.0,0.0,0.0,0.0,0.0,2.1944444444444446,0.0,0.0,7.857142857142857,0.25,13.305555555555555,0.2777777777777778,0.0,0.3571428571428571,0.0,22.77777777777778,0.0,0.0,0.5555555555555556,0.2777777777777778,0.0,0.0,3.125,0.0,0.0,6.666666666666666,0.0,7.083333333333333,0.0,0.0,0.0,0.0,3.333333333333333,0.0,0.0,0.0,0.0,0.0,1.2323232323232323,0.0,2.083333333333333,0.0,0.0,0.17857142857142855,0.7142857142857142,5.0,0.0,0.0,0.0,0.0,41.083333333333336,0.0,0.0,0.0,0.0,0.0,0.0,0.0,0.0,0.0,0.0,0.0,0.0,0.0,0.0,0.0,0.0,0.0,0.0,0.0,0.0,0.0
1085.4762196137196,189.6417388167388,144.97883597883597,391.218253968254,651.5526094276094,406.8974867724868,367.29761904761904,261.6821428571429,285.3108465608465,537.5093795093795,197.0175741151351,103.88888888888889,83.34391534391534,137.61111111111111,161.24603174603175,235.515873015873,33.455555555555556,234.66931216931215,72.03333333333333,72.75213675213675,97.48015873015873,295.49152236652236,123.72089947089947,311.1190476190476,148.15050505050505,156.73809523809524,82.66931216931216,234.0286172161172,57.76118326118326,49.5,19.220238095238095,62.701058201058196,204.44444444444443,114.08333333333333,19.57010582010582,42.166666666666664,40.5,49.02116402116402,37.342532467532465,95.89303751803752,30.555555555555554,25.333333333333332,6.5,12.0,129.34924242424242,37.0,19.065934065934066,17.063492063492063,3.333333333333333,19.166666666666664,43.11111111111111,21.444444444444443,24.444444444444443,0.0,153.6706349206349,18.875,90.0,10.174603174603174,46.55555555555556,6.833333333333333,50.357142857142854,15.416666666666666,13.75,4.238095238095237,10.0,11.666666666666666,5.277777777777778,33.51851851851852,33.45238095238095,0.0,0.0,4.166666666666666,24.452380952380953,47.69444444444444,4.238095238095237,0.0,0.5555555555555556,3.111111111111111,2.261904761904762,20.833333333333332,4.476190476190476,3.333333333333333,0.0,127.69444444444444,0.0,0.0,0.0,4.444444444444445,20.13888888888889,0.0,1.6666666666666665,19.5,2.5,7.563538611925709,9.722222222222221,55.166666666666664,0.5042359074617139,5.0,6.5,10.0,7.083333333333333,237.70634920634922,17.5,7.5,5.042359074617139,3.333333333333333,0.5042359074617139,13.333333333333334,0.0,24.5,0.5042359074617139,0.0,0.5042359074617139,35.666666666666664,0.5042359074617139,0.5042359074617139,0.0,0.0,14.583333333333332,6.9523809523809526,2.5,5.0,0.0,5.0,24.107142857142858,0.0,20.0,0.0,0.0,0.0,0.0,11.904761904761905,0.0,10.833333333333334,12.5,3.894949494949495,0.0,0.0,0.0,5.0,21.666666666666664,0.0,9.357142857142856,6.25,5.0,0.0,2.8571428571428568,1.4285714285714284,2.5,5.0,2.6785714285714284,11.666666666666666,9.444444444444445,0.0,0.0,0.0,0.0,0.0,0.0,5.833333333333333,10.833333333333332,2.0,18.916666666666668,15.0,10.0,3.888888888888889,10.833333333333332,0.8333333333333333,0.0,5.0,10.0,7.528138528138528,30.11255411255411,0.0,0.0,0.7142857142857142,7.0,7.0,0.8333333333333333,2.0,23.30357142857143,0.0,5.601851851851851,73.54166666666666,5.0,1.6666666666666665,3.4722222222222223,0.8333333333333333,0.18518518518518517,6.12037037037037,2.5,8.849206349206348,0.0,0.0,5.0,0.0,0.0,3.333333333333333,12.222222222222221,5.0
1478.0760617650324,171.86646825396824,619.0851307189542,646.0419312169312,596.4607753357753,694.6046918767507,683.8322751322751,686.0668414295543,200.63690476190476,751.6928335166725,316.98839444868855,548.1155423280424,129.1940476190476,324.7455808080808,112.6111111111111,183.5285714285714,112.57295482295483,212.58917748917747,120.53392857142856,145.40039682539683,81.58253968253968,274.2369047619048,117.93452380952381,130.18968253968254,277.6788048552754,249.34272875816993,66.14682539682539,216.73917748917748,111.0465367965368,39.67171717171717,46.72222222222222,89.129477004477,128.90099206349205,29.930555555555554,48.80456349206349,91.6311858076564,71.12086834733893,63.75396825396825,161.2047619047619,126.81666666666666,113.45277777777778,62.99943977591036,22.208333333333332,61.18055555555556,179.0892857142857,122.02619047619046,40.760434173669466,18.054945054945055,39.69444444444444,60.08333333333333,35.135714285714286,51.888888888888886,120.6861111111111,18.4,59.59365079365079,17.416666666666664,90.56190476190476,50.364484126984124,65.96031746031746,57.8515873015873,81.84343711843712,34.423809523809524,48.67857142857143,10.266917293233082,24.159656084656085,10.288888888888888,48.648809523809526,35.666666666666664,13.5,15.58584656084656,18.194444444444443,28.208928571428572,36.412301587301585,53.535714285714285,9.266917293233082,20.125,58.888888888888886,33.95,19.97519841269841,8.5,21.988888888888887,18.77777777777778,47.64285714285714,30.895833333333332,22.244047619047617,5.555555555555555,12.75,17.291666666666664,32.87619047619047,15.406162464985995,27.775213675213674,16.566666666666666,16.563492063492063,13.878005467891741,6.6156862745098035,10.833333333333332,1.9252003645261162,15.13888888888889,2.833333333333333,5.072222222222223,13.333333333333332,140.34722222222223,58.61111111111111,8.297619047619047,9.25200364526116,11.666666666666666,0.9252003645261161,19.623015873015873,0.0,19.633333333333333,0.9252003645261161,22.916666666666664,0.9252003645261161,9.444444444444445,0.9252003645261161,0.9252003645261161,18.0,28.388888888888886,13.75,6.5095238095238095,6.444444444444445,5.333333333333333,0.0,3.6666666666666665,12.61111111111111,0.0,13.944444444444443,20.903679653679653,8.333333333333332,2.2222222222222223,9.38888888888889,7.881944444444445,8.063725490196077,14.166666666666666,16.416666666666664,8.166666666666666,5.0,7.5,9.964285714285714,4.111111111111111,0.4,17.75,10.0,10.333333333333332,9.333333333333332,5.833333333333333,3.0,1.5,2.5,4.166666666666666,5.666666666666666,12.630952380952381,20.555555555555557,28.86111111111111,2.5,3.125,11.25,6.0,0.0,17.916666666666664,26.954573934837093,0.3571428571428571,7.4,24.833333333333332,0.3125,17.083333333333332,3.333333333333333,4.074404761904761,3.2333333333333334,0.625,0.0,4.055555555555555,16.22222222222222,0.0,3.333333333333333,5.277777777777778,2.25,9.816666666666666,0.0,22.547619047619047,30.71428571428571,0.0,21.944444444444443,57.75,1.5,2.5,2.0,0.0,3.3333333333333335,9.5,16.896103896103895,11.785714285714285,2.0666666666666664,13.726190476190476,15.228174603174603,3.125,0.0,28.76190476190476,3.007936507936508,21.25
5761.754979062332,711.3958333333334,1563.7098845598846,1946.2440476190475,1614.5855009724576,1201.692857142857,693.460202393392,1773.0944444444444,828.4664021164022,2426.3323412698414,1116.95183982684,1197.143875732111,373.8333333333333,955.3290223665224,310.7291666666667,255.0547619047619,124.16388888888889,908.351948051948,356.0377551020408,228.92577169207604,142.03419913419913,507.67008692365835,413.7282608695652,359.7424603174603,741.9059523809524,349.5813492063492,203.38888888888889,346.6483134920635,120.81309523809523,80.06666666666666,97.06349206349206,151.27658730158728,455.46744227994225,52.72638888888889,36.95959595959596,406.7033876769098,101.18888888888888,100.06031746031746,152.84920634920636,457.5888543823326,275.369708994709,115.38690476190476,54.11111111111111,326.34656084656086,532.1726296579237,103.83333333333333,136.43849206349205,60.61370851370851,60.0,209.0,26.666666666666664,111.54166666666667,148.59325396825398,7.5,316.1821428571429,39.166666666666664,306.74112978524744,52.611111111111114,180.86666666666667,177.86904761904762,248.79166666666666,29.055555555555554,43.83333333333333,17.817460317460316,46.68452380952381,22.22222222222222,62.926587301587304,74.05555555555556,58.72539682539683,7.222222222222222,51.58333333333333,28.253968253968253,17.78174603174603,78.08333333333333,10.65079365079365,19.047619047619047,85.5,74.13548752834467,61.46825396825397,48.449074074074076,44.226190476190474,22.638888888888886,88.29563492063492,80.52777777777777,107.02182539682539,25.305555555555554,25.833333333333332,39.78968253968254,22.574404761904763,23.25,23.435185185185183,115.44444444444444,8.333333333333332,26.85028355183716,9.166666666666666,36.34027777777778,1.7900189034558105,21.666666666666664,1.6666666666666665,1.4583333333333333,36.25,579.343253968254,19.166666666666668,5.833333333333333,17.900189034558103,42.41468253968254,1.7900189034558105,10.178571428571427,18.888888888888886,20.51190476190476,1.7900189034558105,42.986111111111114,1.7900189034558105,20.583333333333332,1.7900189034558105,1.7900189034558105,21.75,48.62244897959184,63.513888888888886,9.803160919540229,7.583333333333334,23.273809523809522,3.25,11.625,11.416666666666666,31.666666666666664,131.69940476190476,59.8470978255461,8.75,33.333333333333336,12.916666666666666,5.729166666666666,55.166666666666664,13.277777777777777,17.666666666666668,11.666666666666666,6.111111111111111,8.380952380952381,18.1875,9.166666666666666,82.1547619047619,14.666666666666666,1.4583333333333333,51.416666666666664,7.5,5.0,10.666666666666666,5.333333333333333,2.5,10.75,18.958333333333332,0.0,17.5,7.5,2.925925925925926,1.25,7.083333333333333,15.357142857142856,0.0,39.25,51.232142857142854,34.083333333333336,26.166666666666664,13.847222222222221,0.0,18.0625,10.5,7.9375,9.703703703703702,2.5,18.333333333333332,11.833215697346132,47.33286278938453,0.0,1.6666666666666665,3.25,2.775,1.3888888888888888,2.5,18.833333333333332,13.666666666666666,10.833333333333332,32.80555555555556,16.708333333333332,14.714285714285715,0.0,0.8333333333333333,0.8333333333333333,0.0,7.341269841269841,8.277777777777779,17.603448275862068,0.0,14.125,6.666666666666666,12.5,3.958333333333333,30.416666666666664,10.61111111111111,153.58333333333334
2294.0944991898937,258.496811713191,1323.5739021993331,1181.1259671841567,1010.5012085137084,787.7178571428572,245.8007215007215,843.4243922743923,476.36311802232854,592.6980158730158,291.77234753550545,481.1484126984127,210.3630291005291,584.2717051467051,276.00858503095344,458.27347883597884,103.95793650793651,1359.4644512350394,144.11944444444444,90.05251322751323,206.7668091168091,166.59722222222223,447.91805555555555,563.8531746031746,470.35591440723016,180.41818783068783,72.39761904761905,247.86536796536797,101.45714285714286,208.13392857142856,115.5776455026455,11.25,499.65608465608466,138.30043859649123,135.35138782785842,234.21230158730157,201.6682178932179,14.578703703703702,116.98809523809524,200.47985598279715,66.25833333333333,249.47124819624818,7.388888888888888,194.29880952380952,673.4279100529101,695.2836219336219,154.47359584859583,197.96563852813853,83.7876984126984,70.9361111111111,17.979166666666668,78.07142857142857,125.21031746031746,12.402777777777777,119.51329365079364,8.517857142857142,64.32976190476191,23.35674603174603,288.58267195767195,39.00992063492063,21.17956349206349,48.90873015873016,18.782738095238095,1.0,15.805555555555555,12.433333333333334,48.13492063492063,6.555735930735931,3.2499999999999996,0.5555555555555556,29.256349206349206,0.8333333333333333,5.059523809523809,5.476190476190476,1.0,10.833333333333334,17.539682539682538,22.166666666666668,88.47619047619047,15.531746031746032,13.597222222222223,1.6666666666666665,4.1,5.055555555555555,4.291666666666666,22.833333333333332,0.0,128.78551587301587,0.0,9.023809523809524,5.531746031746032,2.4537037037037037,20.08531746031746,3.4722222222222223,20.72222222222222,0.0,0.23148148148148148,1.6666666666666665,1.25,6.757936507936508,49.987698412698414,3.333333333333333,53.92983405483405,95.86044973544973,4.814814814814815,6.211111111111111,0.23148148148148148,0.0,19.57175925925926,1.6111111111111112,0.23148148148148148,9.908730158730158,0.23148148148148148,4.0,0.23148148148148148,0.23148148148148148,1.5277777777777777,3.492063492063492,4.888888888888889,0.0,6.5,305.525,17.03333333333333,223.3100108225108,0.0,10.958333333333334,2.8095238095238093,0.0,2.5,1.875,3.6875,0.0,7.534722222222221,3.5,5.0,1.6666666666666665,1.25,19.285052910052908,4.333333333333333,17.00595238095238,0.0,29.15972222222222,0.0,0.0,5.625,14.71547619047619,3.25,1.625,0.0,10.606227106227106,4.761904761904762,2.7777777777777777,1.25,10.833333333333334,6.982142857142857,0.0,0.0,0.0,35.638888888888886,0.5,0.0,0.0,11.22936507936508,0.0,16.833333333333332,0.0,0.0,0.0,11.844444444444445,0.0,11.666666666666666,0.0,0.0,0.0,0.0,9.708333333333332,0.0,8.154761904761905,7.0,53.20932539682539,1.25,41.21666666666667,0.6666666666666666,0.0,2.6666666666666665,22.852182539682538,0.0,0.0,0.0,0.0,1.25,0.0,10.555555555555555,2.5,15.297619047619047,4.384920634920634,1.6666666666666665,25.083333333333332,0.2857142857142857,3.833333333333333
3980.5362529977024,51.79807692307692,692.9804743867244,351.5694839551982,1208.8853235894203,400.2812317040258,1905.5508108021763,501.78187696990216,99.75446643303786,694.2096326914605,48.40212730391302,963.1917912114341,382.11201483701484,83.45507096000793,67.5132275132275,92.94672035480859,73.84722222222221,284.65117880485525,1540.6143679305444,574.4486815433244,80.92729816479816,267.1468989343989,318.92612433862433,868.567865137508,292.7637205387205,112.32481275338418,162.55882352941177,449.89347127739984,189.9529130192923,387.55509387127034,121.77263199763199,10.785714285714285,26.81043956043956,63.94260091760091,38.73313492063492,10.983333333333333,139.87558356676004,286.622518708338,748.3718253968253,5.678571428571428,1767.2035990697755,162.03042328042326,88.34444444444443,44.23795787545787,35.20065450422593,396.6379836783198,2561.4076505854864,800.679706047143,86.39213564213564,9.0,29.264285714285712,32.00694444444444,79.77546296296296,209.70530713839537,0.9047619047619047,3.4305555555555554,0.0,16.055555555555554,0.3333333333333333,9.055555555555555,959.5749708974498,40.88333333333333,35.37452329416615,3.8888888888888884,97.1385582010582,2.952380952380952,98.94193637050779,194.85022639397638,52.3531746031746,70.92010582010582,397.9696050642479,9.492063492063492,112.50033068783068,17.97275132275132,3.095238095238095,5.19047619047619,1.4285714285714284,97.67380952380952,7.169312169312169,139.53174603174602,92.22433862433861,24.724206349206348,36.454365079365076,10.0,6.912698412698413,108.13994708994709,2.2222222222222223,42.726190476190474,8.333333333333332,150.22496947496947,73.57510822510822,23.16190476190476,52.913492063492065,1.6666666666666665,58.9766339869281,75.2921235627118,0.0,138.78990929705216,0.0,19.87222222222222,76.17566137566138,0.0,2.8055555555555554,35.529761904761905,0.0,5.388888888888888,0.0,4.2976190476190474,16.858333333333334,6.19047619047619,0.0,37.96494708994709,0.0,4.083333333333333,0.0,0.0,12.155555555555555,5.930555555555555,366.9622516372516,11.067032365554534,94.33133718133718,55.64285714285714,109.79776334776335,1.25,31.649562123700054,24.246882086167798,13.063492063492063,8.352758352758354,21.55328798185941,31.569372294372293,2.5,0.0,41.17568542568542,13.411324786324785,93.6437641723356,1.25,25.333333333333332,8.13888888888889,245.31914098972922,30.499206349206347,7.666666666666666,1.4285714285714284,7.7936507936507935,9.93968253968254,27.124206349206347,68.8031746031746,39.67351579326369,19.836757896631845,0.4,21.11197691197691,19.06135531135531,0.2040816326530612,0.0,0.0,30.367989417989417,1.1666666666666665,8.787878787878787,3.333333333333333,10.101851851851851,16.751689051689052,51.27182539682539,0.0,0.5,21.953823953823953,0.0,5.916666666666666,0.0,12.188492063492063,4.875,0.5555555555555556,3.333333333333333,0.0,0.0,12.222222222222221,13.773809523809522,84.79920634920634,0.0,10.53042328042328,31.249999999999996,1.8333333333333333,0.0,0.0,7.333333333333333,0.0,2.9166666666666665,17.107596371882085,0.0,5.0,1.6666666666666665,0.2040816326530612,8.61111111111111,12.29392446633826,17.048412698412697,3.4251082251082248,0.0,12.003174603174603,0.0,22.28115079365079,0.0,0.8333333333333333
6180.059490641561,119.10401404151403,536.9096890395273,517.5351473922902,2167.399126582932,616.6924509664743,99.20665445665445,1235.4113622464847,69.1242234468041,262.84147328849343,94.8903318903319,94.07917985435279,70.51473922902494,135.8531907805329,68.79761904761905,869.6507759830918,185.70941637043853,75.87037037037037,495.2314213564213,19.245199692780336,14.777777777777779,90.0465178096757,14.59630647130647,45.05128205128205,32.476190476190474,137.20580808080808,257.7033378058896,264.22478077478075,7.936507936507936,13.833333333333332,15.583333333333332,28.77146927146927,2.333333333333333,1.125,4.333333333333333,14.653198653198652,3.0555555555555554,17.704545454545453,16.08974358974359,9.951923076923077,26.544011544011546,197.42415039380984,25.38019250253293,250.56620474084932,137.29761904761904,223.48611111111111,15.388888888888888,11.041666666666666,38.62185314685315,5.161616161616161,0.0,30.5,30.26686507936508,6.5740740740740735,0.0,2.083333333333333,428.1395413121866,0.0,0.0,14.0,29.75,68.1843064292275,1.0,0.0,228.94204803133374,22.916666666666664,23.954545454545453,4.52991452991453,38.706998556998556,4.722222222222222,3.1805555555555554,5.0,0.47619047619047616,0.0,0.0,9.444444444444445,0.0,0.0,125.72619047619047,69.54761904761905,0.0,0.0,0.0,0.0,50.55555555555556,4.333333333333334,2.4242424242424243,83.23448773448773,1.2727272727272727,1.0,0.0,0.9401709401709402,0.0,0.0,1.0,0.5555555555555556,0.0,5.833333333333333,0.37037037037037035,0.6666666666666666,5.388888888888889,0.0,115.81607235910244,2.7380952380952377,0.0,56.158910533910536,0.0,0.0,0.5,0.0,0.0,2.0,0.0,0.0,0.0,0.0,0.0,0.0,3.583333333333333,0.0,0.5128205128205128,212.58669108669108,0.0,442.447619047619,0.9523809523809523,16.369949494949495,0.0,3.333333333333333,5.333333333333333,1.1111111111111112,15.79433621933622,3.333333333333333,20.108974358974358,1.5151515151515151,5.5,3.5897435897435894,45.45238095238095,0.0,3.6666666666666665,9.464285714285714,19.583333333333332,7.279456654456654,0.0,0.0,3.4555555555555557,0.0,0.5128205128205128,0.2564102564102564,3.3333333333333335,2.0370370370370368,11.196303696303696,0.0,0.0,6.666666666666666,0.0,0.0,4.0476190476190474,591.081634997163,8.333333333333332,0.0,0.0,0.8333333333333333,0.0,0.0,0.5128205128205128,0.0,0.0,0.0,0.0,0.5555555555555556,1.6847041847041846,0.0,0.0,0.5555555555555556,0.0,0.47619047619047616,0.5555555555555556,2.111111111111111,1.6666666666666665,13.691902669735182,0.41666666666666663,0.0,0.0,1.9047619047619047,3.333333333333333,0.0,135.95535714285714,5.416666666666666,2.9166666666666665,220.41315628815627,0.0,0.0,0.0,0.0,0.0,7.964285714285714,0.0,0.0,0.0,0.0
2849.343720683587,306.3082389132809,976.8864011477899,706.3274891183726,638.461116007152,438.3977644670922,601.9905602994888,869.861686520394,324.1951075087132,272.81834941374416,229.0996548969238,294.59135794239177,245.63379249524206,224.02902752009894,531.598794558616,205.25924565630447,75.32865761402913,339.8865923758781,382.3257455507455,103.72883597883597,91.24579468150897,198.51156132493483,289.11040277804983,554.149050587601,613.9031074084645,199.63547202486276,115.2382855239998,220.46721431385296,125.65651927437641,148.08239186669638,163.47795341524332,151.2960867136287,47.62830687830687,98.26081220366935,5.7376591662305945,19.910994062696847,70.37248377144994,93.5030118690833,15.642857142857142,6.726288592360021,177.00840462447604,18.254900445026493,74.38439239332097,264.04125438054007,173.50904195011339,133.16909532266675,116.51929065086959,48.40689290867862,13.252314814814813,17.591314935064936,16.777906617192333,66.01281885131675,202.08802308802308,39.6689084724799,11.277777777777777,9.091974610356964,63.91201995949895,33.9258658008658,3.6196303696303698,5.999018838304552,39.99250749250749,32.10776128633271,44.71146214896215,0.8035714285714285,29.494308688387633,22.959671907040327,2.5,44.24246031746031,26.009448884448883,35.032918470418466,5.472150072150072,8.245948379351741,7.1650730222158785,10.97949272949273,0.8035714285714285,19.049603174603174,8.541666666666666,5.55107855107855,12.263836089991552,30.994949494949495,0.15873015873015872,9.41326530612245,7.928174603174603,4.26984126984127,32.206967635539065,15.223214285714286,90.5725783611813,18.724206349206348,2.636904761904762,1.3690476190476188,35.9108893557423,12.207482993197278,0.8125,0.9523809523809523,1.4166666666666667,12.971230158730158,0.4484126984126984,23.496753246753247,12.399144506287362,14.507298257298256,36.53330697080697,1.6825396825396823,18.775396825396825,10.136621315192743,0.31746031746031744,6.020320948892377,2.5317460317460316,4.087301587301587,7.089285714285714,28.238608940079526,0.031746031746031744,7.125,0.031746031746031744,5.859267040149393,0.031746031746031744,0.031746031746031744,44.123534203891346,4.285714285714285,26.954725829725827,3.888888888888889,4.154761904761905,31.38860544217687,3.233225108225108,35.73412698412698,6.847402597402597,26.811094134623545,10.48154761904762,2.8235653235653233,20.221938775510203,9.866834554334554,19.547619047619047,25.145408163265305,3.061224489795918,11.999999999999998,17.37271062271062,12.912414965986395,1.9274521774521773,0.625,2.3147546897546896,0.15873015873015872,7.327380952380952,2.252551020408163,9.107142857142856,6.456043956043956,17.795351473922903,11.409090909090908,0.25974025974025977,0.12987012987012989,1.0714285714285714,0.6547619047619047,22.64908311809572,0.0,2.8571428571428568,43.02197802197802,2.088010204081632,1.7993197278911564,2.336080586080586,86.82738095238095,48.91870232941661,0.4545454545454546,0.0,0.47619047619047616,0.0,0.0,2.6026823009905717,0.8333333333333333,1.012435976721691,3.0,6.567821067821067,12.916666666666666,2.4345238095238093,2.357142857142857,9.428571428571429,78.73647741147741,1.5714285714285712,1.4583333333333333,1.921485260770975,19.6765873015873,32.26256613756614,4.728641456582633,3.7151360544217686,0.2777777777777778,0.0,9.69047619047619,8.786904761904761,5.3598901098901095,4.285714285714285,3.007518796992481,7.368916797488225,0.1680672268907563,13.547619047619046,0.0,1.952380952380952,0.5416666666666666,0.0,1.9791666666666665,1.6785714285714284,0.0,0.23809523809523808,0.23809523809523808
1206.4885521885521,458.239417989418,139.19112554112553,532.0937830687831,119.7999037999038,145.73015873015873,59.56547619047619,51.84920634920635,121.27169312169312,140.4100529100529,18.313492063492063,47.82142857142857,4.944444444444445,35.23015873015873,2.0238095238095237,188.37627465127466,25.905723905723907,176.90713153948448,324.0169252044252,6.059523809523809,7.777777777777778,263.21530784030784,2.625,8.333333333333332,58.97142857142857,3.333333333333333,95.43801106301106,45.11111111111111,20.055555555555554,0.0,3.333333333333333,8.206349206349206,30.623737373737374,2.638888888888889,6.209150326797385,3.3333333333333335,0.0,0.8333333333333333,2.7777777777777777,0.0,2.7777777777777777,0.47619047619047616,0.0,8.714285714285714,5.555555555555555,6.276190476190476,2.0,4.305555555555555,0.8333333333333333,3.3333333333333335,10.047619047619047,0.0,0.0,4.0,5.555555555555555,3.4027777777777777,16.555555555555554,3.148148148148148,0.0,1.6666666666666665,0.0,4.166666666666666,0.0,0.47619047619047616,0.0,3.333333333333333,1.9166666666666665,1.6666666666666665,0.0,0.0,0.0,0.0,0.0,0.0,0.47619047619047616,0.0,4.559523809523809,0.0,1.1111111111111112,0.0,11.666666666666666,0.0,0.9523809523809523,7.888888888888888,3.333333333333333,0.0,0.0,0.47619047619047616,1.6666666666666665,0.0,0.0,0.0,0.0,0.0,0.0,0.0,0.0,0.0,1.1111111111111112,0.0,0.0,96.19682539682539,1.1111111111111112,0.0,0.0,3.2777777777777777,0.0,2.7146464646464645,0.0,0.4,0.0,0.9236111111111112,0.0,3.333333333333333,0.0,0.0,0.0,4.166666666666666,0.0,16.80014124293785,1.1111111111111112,0.0,0.0,0.0,0.0,0.0,3.7518939393939394,8.69192224912564,0.0,0.0,4.166666666666666,2.9761904761904763,0.0,0.0,0.0,11.805555555555555,2.2222222222222223,2.0,0.0,0.0,2.2222222222222223,0.0,0.0,3.7222222222222223,0.0,0.0,0.0,0.0,0.8333333333333333,0.0,0.0,0.0,0.0,5.7142857142857135,0.0,0.0,1.3333333333333333,3.3333333333333335,0.0,0.0,0.0,0.0,9.194444444444445,0.0,0.0,0.0,0.0,0.0,0.0,1.1111111111111112,0.5555555555555556,1.9328703703703702,7.731481481481481,0.0,0.0,0.0,78.57275132275132,0.0,0.375,0.0,0.0,0.0,0.0,0.0,0.0,0.0,0.6666666666666666,0.0,11.277777777777777,0.25,0.0,0.0,0.0,0.0,3.75,0.0,8.80952380952381,0.0,0.0,2.2222222222222223
1929.3873765123765,123.87698412698413,620.1230158730159,526.8744588744588,608.468253968254,146.19444444444443,492.2196183446183,462.1420755170755,389.97648756472285,334.38888888888886,119.27777777777777,364.7730648980649,201.89880952380952,604.311507936508,90.24603174603175,347.6044973544973,39.25,497.0079365079365,125.17063492063492,38.958333333333336,400.21963684463685,324.53306878306876,134.54166666666666,349.8849206349206,280.5515873015873,104.4047619047619,79.8234126984127,54.20833333333333,9.583333333333334,89.34126984126983,23.1984126984127,17.794117647058822,0.0,156.84254634254634,54.22222222222222,7.571428571428571,88.9973544973545,117.73809523809524,75.36111111111111,7.125,197.5079365079365,91.78571428571428,17.666666666666664,273.4184704184704,305.79960317460313,104.88976763976764,55.513888888888886,268.90476190476187,28.555555555555554,0.0,9.166666666666666,3.888888888888889,56.16468253968254,15.658068783068781,2.361111111111111,9.75,18.333333333333332,48.39705882352941,2.976190476190476,28.333333333333332,36.654761904761905,111.5579322638146,1.6666666666666665,0.0,19.376984126984127,9.87037037037037,3.583333333333333,5.833333333333333,10.166666666666666,5.833333333333333,21.25,0.0,10.833333333333332,44.916666666666664,0.0,9.666666666666666,0.0,0.0,23.083333333333332,8.819444444444445,6.083333333333333,0.6666666666666666,0.0,0.0,13.63888888888889,17.416666666666668,3.0555555555555554,106.92857142857143,0.0,31.833333333333332,15.694444444444445,1.9166666666666665,0.0,2.272727272727273,0.0,7.5,0.15151515151515152,0.0,0.0,30.652777777777775,0.0,0.0,17.25,3.4999999999999996,1.5151515151515151,16.25,0.15151515151515152,0.0,5.583333333333333,0.0,0.15151515151515152,1.6666666666666665,0.15151515151515152,4.583333333333333,0.15151515151515152,0.15151515151515152,0.0,0.0,0.0,0.0,0.0,48.75396825396825,1.6666666666666665,66.13888888888889,4.166666666666666,3.3888888888888884,0.0,0.0,15.86111111111111,1.9166666666666665,2.825396825396825,1.25,0.0,0.0,2.0,0.0,14.444444444444443,5.416666666666666,1.6666666666666665,0.625,0.0,4.6726190476190474,0.0,1.25,8.5,0.8333333333333333,0.0,0.0,0.0,5.277777777777778,4.166666666666666,1.25,0.0,0.0,3.8373015873015874,0.0,0.0,0.0,0.0,20.277777777777775,0.0,0.0,0.0,0.0,0.0,3.333333333333333,0.625,0.0,5.563725490196078,0.0,0.0,0.0,0.0,2.5,0.0,3.333333333333333,0.0,1.0,1.6666666666666665,0.0,0.0,1.6666666666666665,0.0,0.0,0.0,8.5,0.0,0.0,0.9523809523809523,0.0,3.611111111111111,0.0,0.0,0.8333333333333333,0.0,0.0,0.0,0.0,0.0,12.5
4041.888702963703,92.69444444444444,940.4689865689866,1169.6293937543937,692.8571428571428,160.44742063492063,551.4835858585858,789.8027898027898,619.811507936508,705.5138888888889,90.09722222222221,379.3831168831169,199.13492063492063,461.53968253968253,206.11507936507937,786.146164021164,46.854166666666664,1456.8603174603174,200.03571428571428,30.90277777777778,281.40560365560367,258.880291005291,102.21111111111111,356.843253968254,589.7373015873015,77.29365079365078,49.15674603174603,116.47222222222221,37.501221001221,154.625,13.80952380952381,48.90430402930403,13.594444444444445,141.13131313131314,44.833333333333336,12.261904761904761,174.48917748917748,93.74404761904762,40.976190476190474,10.416666666666666,203.12301587301587,94.29166666666666,25.375,189.7862554112554,310.1329365079365,209.3963443963444,198.86111111111111,225.9047619047619,26.930555555555554,3.5416666666666665,10.5,3.5,182.04716117216117,13.820970695970695,41.43803418803419,9.166666666666666,10.5,37.58333333333333,2.976190476190476,28.333333333333332,22.944444444444443,119.96969696969697,1.6666666666666665,1.1805555555555556,25.75,0.0,0.0,2.5,7.249999999999999,3.333333333333333,23.083333333333332,4.583333333333333,6.666666666666666,72.13888888888889,0.625,20.166666666666664,1.25,0.0,10.694444444444445,6.986111111111111,0.0,2.333333333333333,9.333333333333332,5.0,12.76388888888889,1.6666666666666665,2.083333333333333,124.26190476190476,0.0,20.833333333333332,12.944444444444445,3.9999999999999996,0.0,2.272727272727273,3.875,9.833333333333332,0.15151515151515152,0.8333333333333333,3.720238095238095,27.444444444444443,6.25,2.5,17.916666666666664,3.333333333333333,1.5151515151515151,14.583333333333332,0.15151515151515152,1.25,15.345238095238095,0.0,0.15151515151515152,3.333333333333333,0.15151515151515152,0.8333333333333333,0.15151515151515152,0.15151515151515152,0.0,1.6666666666666665,0.0,0.0,0.0,47.454365079365076,5.714285714285714,53.33333333333333,6.111111111111111,2.083333333333333,0.0,0.0,21.61111111111111,7.333333333333333,2.825396825396825,1.25,1.0,0.0,2.0,0.0,12.777777777777777,11.5,0.0,5.625,0.0,4.6726190476190474,0.8333333333333333,0.0,6.5,0.0,5.0,2.5,0.0,11.944444444444445,1.6666666666666665,2.8192640692640696,0.0,0.0,5.337301587301587,0.0,0.0,0.0,1.1111111111111112,20.02136752136752,0.0,0.0,0.0,0.0,0.0,1.875,0.625,2.5,4.666666666666666,0.0,1.25,0.0,0.0,0.0,0.0,3.833333333333333,0.0,1.0,2.5,0.0,0.0,1.6666666666666665,0.0,0.0,0.0,5.5,7.5,0.0,0.0,0.0,2.5,0.0,1.0,0.0,0.0,0.0,0.0,0.0,0.0,69.58333333333333
1509.3013888888888,24.88888888888889,428.040873015873,400.56944444444446,222.79166666666666,76.9015873015873,144.6329365079365,290.68002645502645,117.6140873015873,238.02380952380952,24.47222222222222,120.40277777777777,61.394841269841265,99.36230158730159,84.39682539682539,253.49603174603175,24.0,386.36825396825395,43.14682539682539,4.492063492063492,53.52380952380952,81.25198412698413,20.833333333333332,73.04761904761905,228.68849206349205,30.76190476190476,14.305555555555555,75.73611111111111,25.757936507936506,41.242063492063494,3.642857142857143,9.13888888888889,3.3333333333333335,21.607142857142854,9.0,6.916666666666666,43.00992063492063,15.742063492063492,0.0,6.999999999999999,50.041666666666664,53.64285714285714,5.0,34.42460317460317,110.99126984126984,58.85648148148148,39.5,34.833333333333336,1.6666666666666665,1.275,3.75,0.8333333333333333,29.113095238095237,1.4285714285714284,2.361111111111111,0.0,1.6666666666666667,0.0,0.0,7.5,4.5,3.1666666666666665,0.8333333333333333,0.0,3.333333333333333,0.0,0.0,0.9722222222222222,0.0,0.0,2.5,0.0,0.0,10.0,0.0,0.0,0.0,0.0,5.476190476190476,0.0,0.0,0.0,0.0,0.0,0.0,0.0,2.5,7.777777777777778,0.0,1.625,0.0,5.833333333333333,0.0,2.4193548387096775,0.0,5.0,0.16129032258064516,13.333333333333332,2.8666666666666667,9.031746031746032,0.8333333333333333,0.0,8.809523809523808,3.2142857142857144,1.6129032258064515,1.6666666666666665,0.16129032258064516,0.0,1.6666666666666665,0.0,0.16129032258064516,1.6666666666666665,0.16129032258064516,0.0,0.16129032258064516,0.16129032258064516,0.0,1.6666666666666665,0.0,0.0,0.0,34.345238095238095,5.0,20.26190476190476,4.916666666666666,3.333333333333333,0.0,0.0,5.0,1.25,1.1111111111111112,0.0,1.0,0.0,1.25,0.0,0.0,0.6666666666666666,0.0,0.47619047619047616,1.25,0.0,0.0,0.0,0.0,0.0,0.0,0.0,0.0,0.0,0.47619047619047616,0.7738095238095237,0.0,0.0,0.0,0.0,0.0,0.0,6.349206349206349,0.8333333333333333,0.0,0.0,0.7142857142857142,0.0,0.0,0.0,0.0,0.0,1.6666666666666665,0.0,0.0,0.0,0.0,0.0,0.0,0.0,0.0,0.0,0.0,2.5,0.0,0.0,0.0,0.0,0.0,0.8333333333333333,0.0,0.0,0.0,0.0,0.47619047619047616,0.0,0.0,0.0,0.0,0.0,0.0,0.0,0.0,28.75
2130.197958620327,91.77936507936508,685.4376322751323,452.8513859434912,983.2231189862769,923.7972897472897,343.3201659451659,866.0739417989417,238.96626984126982,358.1036556036556,65.90053688141923,511.10472673849864,95.24722222222222,505.06329365079364,50.94047619047619,118.61805555555556,80.12108262108262,378.6291005291005,326.60532153032153,77.68861231361231,43.37202380952381,186.18928571428572,212.24973544973545,197.19841269841268,530.9546296296296,44.94973544973545,31.660052910052908,258.2584656084656,75.83919552669552,36.493506493506494,17.586004273504273,22.99206349206349,189.66982091982092,37.953216374269005,15.09537037037037,245.52777777777777,24.97222222222222,33.595238095238095,119.97905812511075,614.7017543859649,160.0554163185742,46.84722222222222,42.9563492063492,64.87301587301587,507.610582010582,353.03641774891776,116.00739538239537,44.496957671957674,31.014880952380953,27.81322751322751,13.666666666666666,49.67195767195767,99.5734126984127,1.9047619047619047,80.01190476190476,237.47619047619045,167.27378547378547,6.0,112.68253968253968,382.19497354497355,25.17063492063492,10.0,82.82828282828282,53.37958569208569,15.932539682539682,3.333333333333333,10.444444444444445,23.423520923520922,5.833333333333333,3.4206349206349205,18.677777777777777,20.203373015873016,0.0,19.0,52.12958569208569,0.0,97.28148148148148,64.09523809523809,48.48723544973545,1.75,6.555555555555555,0.7037037037037037,139.25859788359787,5.25,20.846560846560845,9.444444444444445,0.41666666666666663,17.448412698412696,20.23015873015873,5.8999999999999995,4.777777777777778,4.333333333333333,29.865079365079364,0.5050505050505051,2.5,5.833333333333333,1.0336700336700337,2.4444444444444446,1.2000000000000002,0.8333333333333333,23.583333333333332,23.428571428571427,47.21810966810967,8.761904761904761,1.4478114478114479,2.833333333333333,0.03367003367003367,0.0,5.555555555555555,53.31481481481482,0.03367003367003367,46.17043142043142,0.03367003367003367,7.222222222222222,0.03367003367003367,0.03367003367003367,7.7976190476190474,47.01178451178451,20.055555555555554,0.0,4.166666666666666,224.0952380952381,1.6666666666666667,127.55952380952381,8.698412698412698,30.97222222222222,63.404761904761905,4.853395061728395,0.5555555555555556,24.624999999999996,6.483333333333333,0.2564102564102564,1.1111111111111112,15.194444444444443,3.333333333333333,0.0,0.0,5.251190476190477,4.611111111111111,1.0,1.25,10.993055555555555,3.0555555555555554,2.2222222222222223,0.5555555555555556,3.9999999999999996,16.416666666666664,8.208333333333332,3.0,10.833333333333332,3.7037037037037033,0.7142857142857142,0.4,16.544444444444444,7.333333333333333,0.0,0.0,0.0,10.069444444444445,2.5,58.74669312169312,5.357142857142857,0.0,22.12962962962963,7.333333333333332,6.083333333333333,36.45304232804233,1.3333333333333333,5.466269841269841,1.619047619047619,2.5,17.818667881825775,71.2746715273031,0.0,0.0,6.944444444444445,0.0,2.8425925925925926,0.6666666666666666,99.77050264550265,0.16666666666666666,15.555555555555555,8.214285714285714,1.0,0.4,3.25,0.0,0.0,0.0,0.75,5.333333333333333,0.0,3.4206349206349205,13.944444444444443,74.2568783068783,2.5,1.0,5.484126984126984,3.202380952380952,256.19612794612794
758.4731100870806,23.229497354497354,226.36393698893698,145.07066544566544,604.6627955377955,27.19345238095238,75.47023809523809,480.52601769145883,116.58775252525253,420.1923076923077,267.6622680424151,258.6543831168831,45.73299617049617,154.3965670495082,3.0,163.91886724386723,30.15277777777778,261.33437118437115,72.4949494949495,24.822420634920633,17.159659784659784,20.455357142857142,42.154761904761905,110.74359668109668,34.01785714285714,254.85612304362303,38.22086940836941,49.04374791874792,20.15485209235209,16.470238095238095,8.847069597069597,0.0,17.416666666666664,0.20833333333333331,3.333333333333333,0.0,20.398809523809522,43.50694444444444,22.63095238095238,198.50207431457432,62.595779220779214,27.78053751803752,12.107142857142858,10.371031746031745,15.148809523809524,13.69047619047619,53.4025974025974,35.430500055500055,33.5159632034632,20.18223443223443,8.392857142857142,6.25,132.3820276945277,31.485119047619047,0.5,0.0,0.0,3.1190476190476186,0.0,0.0,47.273809523809526,3.6140873015873014,1.25,0.8333333333333333,10.415854978354979,2.458333333333333,10.416666666666666,2.8571428571428568,0.0,8.616071428571429,0.0,0.5,6.111111111111111,0.0,0.0,2.5,3.583333333333333,3.333333333333333,0.5,4.869047619047619,0.7142857142857142,2.5476190476190474,0.625,0.0,2.5,0.0,25.983211233211232,2.107142857142857,2.5,7.061355311355311,4.847631535131535,0.0,0.0,0.0,2.625,0.0,0.0,6.458333333333333,0.0,0.0,0.41666666666666663,0.0,0.6971153846153846,4.333333333333333,0.0,3.7916666666666665,0.0,1.3392857142857142,3.333333333333333,0.0,0.0,0.3125,0.0,0.0,0.0,0.0,0.0,0.0,28.077380952380953,0.0,2.5416666666666665,2.0476190476190474,2.0,0.0,0.0,0.625,0.0,0.0,5.0892857142857135,0.3571428571428571,1.25,0.0,13.29265873015873,20.07142857142857,8.529761904761905,0.0,0.0,1.0606060606060606,12.806547619047619,0.0,1.25,2.4507575757575757,0.0,1.25,0.5,5.0,3.787878787878788,1.893939393939394,0.0,0.8571428571428571,1.9791666666666665,0.0,0.0,0.0,0.0,0.0,0.41666666666666663,0.0,0.0,0.3571428571428571,0.0,0.0,0.0,0.0,0.0,0.3125,0.0,0.0,2.083333333333333,0.0,0.0,1.0,4.0,0.0,0.0,0.0,0.0,0.0,0.0,1.6666666666666665,0.0,0.0,2.5,0.0,0.0,0.0,0.0,0.7142857142857142,0.0,0.0,0.0,0.0,0.0,1.0416666666666665,0.0,0.0,0.0,0.0,0.0,0.0
1031.1379987806679,101.03364571936001,342.16889576343357,276.8424932319061,131.67301979066684,84.11553176355808,224.69812030075187,587.91667442765,52.25447026313899,81.74983697359858,16.768939393939394,203.36808323255693,90.57093554593554,38.4774753024753,28.726984126984128,59.20427733642019,44.37489177489177,145.840264474088,50.68598901098901,62.728182928182925,24.17520885547201,32.84436396936397,79.78457930957931,327.64010269056706,81.95296832796832,107.49039609627845,21.76388888888889,49.014652014652015,27.823809523809523,54.93711394384769,10.262440337440337,155.58988706497956,15.058333333333334,27.045154845154844,7.529233185115538,3.1010101010101008,20.887012987012987,11.538744588744589,24.076190476190476,4.749084249084249,151.15447885447884,9.650396825396825,31.168470418470417,59.53545977831692,22.11111111111111,37.87083472083472,99.19914690572585,34.38859473859474,1.5333333333333332,6.413780663780663,24.485410830999065,75.5888336723476,5.88023088023088,4.076923076923077,2.076923076923077,3.458333333333333,2.5047619047619047,2.0,8.938888888888888,7.05,32.537301587301585,52.07855339105339,15.752380952380951,2.0515873015873014,18.618754678905056,8.297619047619047,5.289177489177489,9.103174603174603,8.57931512931513,6.888888888888889,3.209035409035409,0.4545454545454546,1.5384615384615385,3.6999999999999997,2.0515873015873014,34.89877344877345,1.9500000000000002,5.0,21.15793650793651,0.7722222222222223,29.819895382395384,0.7272727272727273,3.1680672268907566,0.0,0.18181818181818182,0.0,20.099341834635954,4.449999999999999,2.4023310023310023,0.7333333333333334,14.812121212121212,20.308125208125208,6.854617604617604,0.8333333333333334,1.5809523809523807,12.343244474823422,0.05555555555555556,0.22222222222222224,1.8666666666666667,6.130230880230879,6.603174603174603,2.0,0.0,3.285380116959064,0.5555555555555556,1.2523809523809524,0.05555555555555556,0.0,1.6190476190476188,1.4246031746031746,0.05555555555555556,1.2833333333333332,0.05555555555555556,0.0,0.05555555555555556,0.05555555555555556,1.1666666666666667,0.0,27.41111111111111,0.42857142857142855,0.0,6.932234432234432,0.25,5.566666666666666,2.1587301587301586,3.7401077680489445,0.22222222222222224,0.7692307692307693,1.25,7.111111111111111,1.6111111111111112,3.75,8.18452380952381,6.419444444444444,0.9365079365079364,0.0,15.25,0.2,5.068181818181818,1.1666666666666665,0.0,1.0666666666666667,1.3333333333333333,3.841269841269841,1.1809523809523808,0.9166666666666666,0.0,0.0,1.5928571428571427,1.0,1.7000000000000002,17.64570542116982,1.5,0.0,0.5,0.0,0.935064935064935,2.0666666666666664,72.77380952380952,0.07692307692307693,0.0,0.7555555555555555,0.0,2.6611111111111114,0.0,0.2,0.0,0.5454545454545454,0.0,2.031168831168831,0.0,0.0,0.0,4.644444444444444,0.15384615384615385,2.202380952380952,4.75,0.6904761904761905,0.8,0.0,0.0,1.2666666666666666,0.0,14.579831932773109,13.423015873015872,0.0,1.7039473684210527,0.0,2.6948051948051948,0.0,0.0,0.0,0.0,0.0,0.0,2.0,3.333333333333333,0.0,0.0,0.0
1035.7833074619452,213.90879028379027,572.8723202723203,219.55809498235968,474.8957121582121,272.9900132275132,221.05847393347392,364.38486975986973,62.521428571428565,201.31118603618603,59.524260461760456,156.58153559403559,42.49544779838897,85.3027084027084,50.11399393090569,203.27138787138787,54.63738874143286,150.90068958818958,127.13042281792282,39.86556499056499,46.146031746031746,37.30287114845938,146.07310606060605,401.4955206830207,267.19234409381465,24.577525252525252,41.40006105006105,71.08670634920635,10.034722222222221,56.04766809987398,32.67719861837509,13.017676767676768,42.21660561660561,37.65449929971989,2.2569444444444446,56.70652958152958,38.095404595404595,23.01388888888889,48.733225108225106,11.428571428571427,63.81845238095238,17.78769841269841,22.064484126984127,197.76027953527952,128.6541670203435,146.7034271284271,35.514219576719576,21.613176039646625,12.213636363636363,0.5555555555555556,26.87073112073112,2.361111111111111,36.22300738477209,15.949754901960784,19.832203308673897,0.41666666666666663,22.62613530260589,0.7407407407407407,0.0,0.625,2.5,3.0,105.89001322751322,3.5198412698412698,10.363425925925926,0.75,0.0,7.949735449735449,5.142857142857142,0.0,18.305555555555554,0.0,1.7956349206349205,1.704059829059829,2.5198412698412698,6.149267399267399,0.3125,12.730952380952381,13.619047619047619,1.1666666666666665,0.0,3.9409340659340657,7.222222222222222,0.0,4.0740740740740735,0.0,3.3333333333333335,12.815873015873015,18.514430014430015,0.0,0.0,2.8680555555555554,11.06574074074074,0.0,0.5833333333333333,0.3125,0.0,0.4444444444444445,0.0,2.5,1.6888888888888889,0.8333333333333333,39.48710317460317,1.2222222222222223,0.0,0.9722222222222222,0.0,0.0,1.3611111111111112,0.5555555555555556,0.0,6.641330891330891,0.0,2.2916666666666665,0.0,0.0,6.527777777777778,0.0,15.166666666666666,0.664443915217909,4.527777777777778,32.27579365079365,9.092592592592592,68.57885064282122,0.6623931623931625,0.16666666666666666,0.0,3.0303030303030303,0.6666666666666666,1.369949494949495,0.9722222222222222,11.009615384615385,0.0,1.1111111111111112,0.47619047619047616,0.8333333333333333,2.59047619047619,0.19230769230769232,0.0,0.5787037037037037,12.916666666666666,4.291666666666666,3.333333333333333,0.0,4.205065359477124,0.8333333333333333,0.0,0.0,1.4285714285714284,0.0,0.0,0.0,1.3333333333333333,0.0,0.41666666666666663,1.6071428571428572,0.0,20.875,2.6452991452991452,0.0,0.0,0.16666666666666666,1.3333333333333333,0.6666666666666666,1.4,1.2121212121212122,0.9444444444444444,0.5,0.5,8.69047619047619,3.071428571428571,0.7738095238095237,3.095238095238095,3.8808805573511456,0.37037037037037035,2.25,0.0,4.5,23.88888888888889,10.367521367521368,0.0,2.0370370370370368,0.5555555555555556,0.0,4.722222222222222,0.0,0.0,0.0,0.0,0.0,6.398504273504273,5.979995236961181,1.119047619047619,1.7142857142857142,11.615079365079366,0.625,0.0,0.0,0.5,0.0
2113.9734163182306,368.3068963443963,1102.982406019906,724.6812381188929,1083.1780016280015,702.8194684944684,342.95290357790356,886.9427383074442,164.4125,313.1771654271654,117.56149264678676,407.83511904761906,93.31637771270124,226.53966727716727,101.93092006033183,455.2078722203722,129.99219273373686,181.95295798972268,108.12619047619047,102.8121792423263,55.028438228438226,177.02019919078742,277.8474913974914,278.22823282382103,1015.9410184314596,105.46968494468494,122.85249010249011,131.13829365079366,36.04172077922078,163.68876270788036,47.33166776034423,11.205738705738705,108.5156746031746,89.2735920125626,5.431547619047619,95.71428571428571,80.84114774114774,26.617397186147187,112.04155844155844,27.033730158730158,73.27191558441558,151.20686951936952,65.61261423761424,413.4127867502867,214.10874297271354,374.026476995227,70.90013227513228,28.925233426704015,35.32573989191636,1.9444444444444444,57.6548581048581,9.00952380952381,135.1384956002603,32.012445887445885,30.028937130407716,2.6944444444444446,96.0121240415358,6.607142857142857,0.0,0.625,25.514808802308803,1.988095238095238,191.81521164021163,4.798611111111111,26.44080687830688,3.099702380952381,2.5,26.384656084656083,6.333333333333333,8.253968253968255,28.34940476190476,0.0,12.257936507936508,1.6682900432900434,3.798611111111111,23.15395715395715,2.5,8.294444444444444,33.22242063492063,7.831623931623931,3.958333333333333,5.764346764346764,5.9222222222222225,0.5,10.835978835978835,9.015873015873016,0.0,53.81519265335054,53.668359418359415,0.0,12.311507936507937,0.16666666666666666,18.775,0.0,0.5833333333333333,11.173809523809524,3.333333333333333,7.294444444444444,0.0,10.595238095238095,44.260714285714286,7.5476190476190474,64.71837928153717,4.932539682539682,0.0,9.175,0.0,0.0,4.555555555555555,9.66468253968254,0.0,14.946886446886445,0.0,1.1111111111111112,0.0,0.0,8.253246753246753,2.0,103.65734126984127,0.664443915217909,2.4444444444444446,82.24642857142857,13.342592592592592,288.4977160366866,0.09090909090909091,1.9543650793650793,1.7333333333333334,3.0303030303030303,3.4499999999999997,16.851695526695526,5.496031746031746,19.95952380952381,10.306818181818182,4.92063492063492,0.7886904761904762,0.8333333333333333,3.07989417989418,0.9065934065934065,0.0,1.162037037037037,15.5515873015873,8.619047619047619,15.466666666666667,0.0,38.88795306001188,3.420634920634921,0.25,0.125,1.4285714285714284,4.661375661375661,1.8907407407407406,5.0,12.61111111111111,0.0,0.8333333333333333,6.222222222222221,1.6666666666666665,45.55992063492064,242.6208333333333,0.0,0.0,0.0,9.583333333333332,7.4564393939393945,2.025,2.831168831168831,2.75,9.0,2.0982142857142856,9.326923076923077,2.238095238095238,1.6236111111111111,6.4944444444444445,5.842785319255907,0.37037037037037035,0.625,0.0,11.177777777777777,40.77777777777778,60.937957875457876,0.0,0.8148148148148149,0.5555555555555556,0.5,13.383597883597883,0.9444444444444444,0.0,2.125,0.0,0.0,19.652274114774116,5.979995236961181,1.119047619047619,5.913095238095238,17.615079365079364,0.8472222222222222,1.119047619047619,0.5555555555555556,0.5,0.0
14498.046469749157,5539.693792905867,3406.702799434281,2436.656913099688,1200.819443979796,563.4567816442816,1220.2619484983616,1381.6499867707828,592.5364651416122,515.8842684087249,1247.9541584178144,2106.703814058219,807.2419931919932,806.6745032370033,394.8340548340548,849.8569375341434,1158.1912272905113,1164.5348852500604,112.71162818662818,123.119597994598,125.54376397023455,255.05994468494467,442.79435148185144,1064.1629227254227,260.38863775113776,345.8908572810208,260.23534447005807,215.28841991341992,483.4480755485428,125.007104007104,458.71801346801345,123.06396381396381,906.0633209383209,21.305194805194805,618.1973639105992,658.9346861424067,332.11308799895755,99.89466089466089,34.42857142857142,50.23122710622711,60.10615079365079,60.692460317460316,147.59027777777777,36.669372294372295,161.63095238095238,33.53241758241758,16.0,65.16107503607503,28.095238095238095,735.07681636449,301.8313492063492,92.52777777777777,44.857142857142854,77.81746031746032,228.9047619047619,117.5170330758566,187.68000542342648,54.769841269841265,244.0976639101639,525.7307716196106,20.5,72.84277296777297,218.5026455026455,151.71825396825398,7.5,74.69497320312537,104.5079365079365,45.482202982202985,125.50123256373256,29.991071428571423,37.857142857142854,448.7441338854382,103.35964912280701,102.34150326797385,127.40079365079364,26.0,19.761904761904763,298.71230158730157,2.4285714285714284,18.645021645021643,115.60011998870694,4.861111111111111,67.26190476190476,344.2224627224627,1.1805555555555556,1.5833333333333333,15.363095238095237,1.4285714285714284,60.912029555411905,20.0,22.22222222222222,0.0,5.0,122.52757281825815,45.547619047619044,71.28571428571428,13.2240604101061,10.61111111111111,1111.087388467226,77.71085858585859,0.0,286.2746003996004,5.0,0.2777777777777778,83.90727076772765,9.75,7.974060410106099,134.61624641984548,0.0,5.833333333333333,7.974060410106099,0.0,7.974060410106099,109.9375,7.974060410106099,7.974060410106099,144.60088522588524,586.4740860990861,47.61904761904761,113.91350149637536,98.29761904761905,0.0,0.0,4.375,19.428418803418804,5.833333333333333,27.537037037037035,55.879629629629626,4.268518518518518,10.621212121212121,0.0,40.49021164021164,1.1111111111111112,1.5,7.0,694.830038017538,26.774216524216524,0.0,2.5,0.0,110.30059523809524,0.0,60.26984126984127,13.40909090909091,0.0,29.0,4.722222222222222,2.361111111111111,25.594336219336217,1.25,0.0,30.12878787878788,101.1559829059829,112.77200577200577,0.0,216.75499174028585,24.172675771940476,140.35960589118483,2.2222222222222223,0.0,30.10539215686274,264.29101794175324,32.856753812636164,24.38888888888889,0.0,2.5,53.541242254477545,0.8333333333333333,3.125,13.222222222222221,122.6875,3.303030303030303,13.212121212121213,122.22639880544293,43.351190476190474,0.0,969.2585116408645,0.0,24.285714285714285,0.0,8.36111111111111,32.05191798941799,3.571428571428571,95.68253968253968,95.36562049062049,0.0,48.388888888888886,48.82539682539682,287.69074675324674,74.8587246087246,2.9166666666666665,9.85106202209006,2.0,0.0,18.263888888888886,0.5,27.607142857142858,4.984126984126984,58.76785714285714,1.25
975.6904761904761,48.738095238095234,698.959126984127,443.7154761904762,352.58492063492065,174.41626984126984,124.01388888888889,515.0763888888889,124.125,241.33333333333331,165.29166666666666,138.78571428571428,126.97222222222221,388.984126984127,61.06944444444444,208.8347222222222,39.00694444444444,330.58164098972924,65.37539682539682,46.88095238095238,35.79075091575091,55.666666666666664,131.08333333333331,422.8281746031746,114.0968253968254,34.82142857142857,36.05555555555556,88.02182539682539,60.666666666666664,33.138888888888886,24.88888888888889,4.7976190476190474,66.79166666666666,16.51388888888889,46.972455648926235,66.16666666666667,31.930555555555554,5.277777777777778,17.041666666666668,128.1830065359477,12.166666666666666,28.680555555555554,8.5,92.36309523809524,101.18055555555556,138.14801587301588,32.69444444444444,59.78769841269841,23.51388888888889,13.472222222222221,2.5,2.8472222222222223,39.914529914529915,5.333333333333333,39.01031746031746,1.5,49.857142857142854,5.625,50.43055555555556,7.5,30.073412698412696,0.0,0.0,0.0,3.972222222222222,0.5555555555555556,8.055555555555555,0.8333333333333333,0.8333333333333333,0.0,10.876984126984127,0.8333333333333333,2.976190476190476,5.0,0.0,0.8333333333333333,9.583333333333332,0.0,19.77777777777778,9.86111111111111,1.2222222222222223,1.6666666666666665,3.333333333333333,0.0,2.9166666666666665,2.5,0.5555555555555556,17.22222222222222,0.0,0.5555555555555556,0.8333333333333333,10.0,3.611111111111111,0.0,0.0,0.0,0.0,1.4583333333333333,0.0,1.119047619047619,12.0,0.0,44.59027777777778,26.36111111111111,0.0,3.333333333333333,0.0,0.0,3.694444444444444,2.5,0.0,2.9166666666666665,0.0,0.0,0.0,0.0,3.333333333333333,10.0,0.0,0.0,0.0,26.625,1.6666666666666665,85.75595238095238,0.0,24.333333333333332,0.0,0.0,2.5,5.0,0.8333333333333333,0.0,0.47619047619047616,0.8333333333333333,1.6666666666666665,0.0,0.0,10.416666666666666,0.8333333333333333,0.3333333333333333,0.0,4.861111111111111,0.0,0.0,3.333333333333333,0.8333333333333333,0.9523809523809523,0.47619047619047616,0.0,1.8205128205128203,3.333333333333333,0.0,0.0,0.8333333333333333,2.5,0.0,0.0,0.0,7.777777777777778,2.0,0.0,0.0,0.0,0.0,2.5,1.1111111111111112,2.2222222222222223,0.0,5.208333333333333,0.0,0.0,0.0,0.0,0.0,0.0,0.3333333333333333,0.0,2.5,0.0,9.0,0.0,1.25,0.0,0.0,1.6666666666666665,3.2291666666666665,0.0,0.0,0.0,0.0,1.6666666666666665,0.0,0.0,0.0,0.7142857142857142,7.833333333333333,0.0,0.0,0.0,0.8333333333333333
399.64793518028813,23.15833333333333,48.29563492063492,108.77843915343915,91.33609908609908,104.18915343915344,39.05266955266955,153.36111111111111,29.171296296296298,144.15046296296296,25.833333333333332,251.39285714285714,82.0,102.61111111111111,37.507936507936506,131.71428571428572,19.88888888888889,129.59126984126985,23.75925925925926,35.166666666666664,10.319444444444443,55.94444444444444,9.11111111111111,27.79100529100529,22.305555555555554,33.229166666666664,32.72222222222222,30.925595238095237,18.958333333333332,10.13888888888889,34.0,8.833333333333332,5.119047619047619,2.0,6.088888888888889,14.833333333333332,15.722222222222221,7.51984126984127,34.75396825396825,50.24244505494505,25.583333333333332,43.33333333333333,1.2916666666666665,3.888888888888889,31.583333333333332,15.13888888888889,11.422619047619047,15.333333333333332,6.666666666666666,21.333333333333332,3.3611111111111107,30.388888888888886,17.93253968253968,6.25,34.291666666666664,8.833333333333334,16.958496732026145,5.8,8.333333333333332,15.5,24.67063492063492,0.0,57.71153846153846,1.1666666666666665,9.583333333333332,11.63888888888889,4.333333333333333,9.5,0.0,3.833333333333333,1.9444444444444444,8.416666666666666,3.7499999999999996,0.8333333333333333,0.0,0.0,171.30555555555554,9.5,45.833333333333336,0.0,7.333333333333334,9.25925925925926,24.125,6.916666666666666,0.0,10.833333333333332,1.75,1.0,1.6666666666666665,5.166666666666666,12.177777777777777,1.1111111111111112,24.333333333333332,0.6944444444444444,0.0,10.3125,0.046296296296296294,0.0,0.0,0.0,0.0,14.333333333333334,14.027777777777779,2.0,0.4629629629629629,13.833333333333334,0.046296296296296294,0.0,0.6666666666666666,3.25,0.046296296296296294,2.4259259259259256,0.046296296296296294,0.0,0.046296296296296294,0.046296296296296294,0.0,10.555555555555555,4.166666666666666,2.2142857142857144,2.0,5.0,4.0,13.0,10.0,5.0,1.1111111111111112,4.545454545454546,0.0,4.0,0.0,0.6666666666666666,3.0,0.0,0.6666666666666666,0.0,7.666666666666666,0.8333333333333333,0.0,2.0,0.5,0.0,0.0,0.0,0.0,0.0,0.0,0.0,0.0,0.5555555555555556,2.0,12.916666666666666,2.4722222222222223,51.86111111111111,0.0,0.7638888888888888,0.20833333333333331,1.6666666666666665,0.0,6.666666666666667,1.1904761904761902,0.0,0.0,1.25,2.0,7.833333333333333,5.0,0.0,0.0,0.0,0.0,1.8709415584415585,7.483766233766234,0.20833333333333331,0.5555555555555556,3.333333333333333,0.0,0.0,0.0,0.0,2.0535714285714284,0.0,0.6666666666666666,0.0,0.0,0.0,1.875,0.0,1.1111111111111112,0.0,3.333333333333333,0.0,0.6666666666666666,0.0,0.0,0.0,0.0,0.23809523809523808,0.0,5.5
4746.278525555913,755.7953735972278,1200.639846377352,993.2886146575139,1005.2687773887087,900.9917009733186,1340.3011666955485,740.7189305047664,419.61994236700116,443.3978504435555,254.74059788250963,832.4652523478209,684.3184032714219,183.26702146484755,138.0676774206186,207.7453227931489,519.6851790762801,388.1172314455983,1366.7214652102202,290.2621459228602,79.40039682539683,171.25411729939594,327.42980227444514,641.4382391420062,313.02730434442617,302.1032744926287,162.81056565983036,478.2853379091382,221.34632253555495,311.37791601467734,64.3464058817,588.0193999130295,269.2913124886809,35.00064102564102,19.463675213675213,85.64591780768251,118.93164145795724,195.01118821427747,42.071090549661974,9.314814814814815,279.80470990997304,63.163642729819195,215.8349567099567,178.25289756539755,66.30399692899692,88.64204510796583,171.11452664399093,149.47028203278202,515.1360882023656,44.8833503098209,22.410893339464767,126.95624550887709,114.23275064307673,19.079545454545453,15.547619047619047,33.05555555555556,13.429945054945055,1.8055555555555556,35.23265068265068,46.95310245310245,79.78102453102453,59.68642931142931,31.652795815295814,38.46230530568766,52.51549839049839,248.40541448145936,52.460978835978835,177.44735015402307,14.867063492063492,27.65053900348018,27.422873422873423,5.970238095238095,45.66303141303141,9.959054834054834,38.46230530568766,36.50661838161838,181.29132719132718,64.34120345885052,4.892857142857142,19.16017316017316,10.785714285714285,10.864254792826221,31.571686250257677,1.9285714285714284,8.444444444444445,33.80957049486461,227.93534746843568,5.0,112.49908030422736,4.1608187134502925,23.03333333333333,2.265928515928516,4.166666666666666,4.077651515151516,46.92866855366855,132.21236847947375,0.20517676767676768,38.268568176462914,6.375742313242314,27.21113445378151,8.439484126984127,3.4920634920634916,0.0,5.555555555555555,2.051767676767677,0.0,0.20517676767676768,146.64065829923953,4.097222222222222,78.75625763125763,0.20517676767676768,11.97420634920635,0.20517676767676768,44.061868686868685,0.20517676767676768,0.20517676767676768,28.96624902874903,13.543447293447294,52.22222222222222,9.272626765164079,86.5,9.694055399937753,41.14021164021164,0.3333333333333333,12.454004329004329,33.809926184926184,13.333333333333332,5.158730158730159,5.0490107845371,11.056503438082386,7.577561327561327,61.2231906981907,39.74338624338624,14.819444444444443,36.81115850523745,11.220821661998134,0.7678571428571428,0.0,18.541666666666664,6.948051948051948,3.3333333333333335,4.25,16.307539682539684,75.87028018278018,0.5656565656565657,6.477272727272727,17.897488984445506,6.091601635079896,5.452380952380952,0.0,3.2837301587301586,27.90820290820291,7.694444444444445,2.215986394557823,1.0833333333333333,0.0,3.6785714285714284,11.61111111111111,155.65674603174602,0.0,28.2739898989899,7.276794034998369,7.757936507936508,54.296148296148296,2.029220779220779,1.4285714285714284,3.203463203463204,11.890623265623265,0.0,45.94272486772487,3.928571428571428,0.0,0.0,17.73005328005328,2.2685185185185186,9.534090909090908,4.36078431372549,5.259026687598116,96.77233238486436,0.0,0.5,0.0,20.628255802168844,39.97420634920635,28.0,2.5,34.58333333333333,12.735042735042736,13.533333333333333,11.11111111111111,0.30303030303030304,25.241519674355494,0.0,0.0,0.0,0.0,8.097680097680097,0.0,4.083333333333333,0.0
1463.4761049952226,771.5811104744928,320.8732122219517,189.78836686189626,108.64726107226107,42.86706349206349,44.36402486402486,121.65391999845781,34.376471742543174,40.40380254665969,43.07452993927158,87.5132548007548,37.53787878787879,26.80952380952381,49.42857142857142,37.792568542568546,206.14053446553447,7.853535353535353,0.0,0.0,0.5,1.6666666666666665,1.4541649993330665,146.06384301972537,1.0,2.0,1.5555555555555556,11.666666666666666,21.335227272727273,6.666666666666667,29.373473748473746,8.878078270935413,46.7248445998446,0.5,22.75,170.08477633477634,1.4646464646464648,0.1282051282051282,0.0,5.625,0.0,0.0,0.0,6.071428571428571,0.0,2.083333333333333,0.0,0.0,0.625,8.205128205128204,6.760854341736694,24.047619047619047,0.0,0.5555555555555556,0.0,6.666666666666666,0.0,0.0,13.065656565656566,5.353835978835979,0.0,0.0,51.736111111111114,2.361111111111111,2.5,0.0,0.0,2.5,0.4545454545454546,5.0,0.0,11.333333333333334,0.3333333333333333,30.54705215419501,2.361111111111111,0.0,0.0,12.916666666666666,0.0,0.4545454545454546,0.0,0.0,2.5,2.3571428571428568,0.0,0.0,3.571428571428571,0.0,0.0,0.0,0.0,0.0,0.0,8.336014282459436,0.0,0.0,0.5557342854972958,0.0,169.83431864587325,0.0,0.0,0.0,0.0,0.0,5.5573428549729575,0.0,0.5557342854972958,0.5,0.0,0.0,0.5557342854972958,0.0,0.5557342854972958,0.0,0.5557342854972958,0.5557342854972958,1.5,7.5,0.0,3.1666666666666665,2.9166666666666665,0.0,0.0,3.125,0.0,0.0,0.0,0.0,0.0,0.0,0.0,0.0,0.0,0.0,0.0,5.625,0.0,0.0,0.0,0.0,8.895833333333332,0.0,0.0,0.0,0.0,0.0,0.0,0.0,0.0,0.0,0.0,0.0,2.5,6.496212121212121,0.0,0.41666666666666663,0.0,3.333333333333333,0.0,0.0,0.0,4.625,0.41666666666666663,0.0,0.0,1.6071428571428572,0.0,0.0,0.0,0.0,0.0,0.0,0.0,0.41666666666666663,0.0,0.0,24.261904761904763,0.0,0.0,0.0,0.0,0.0,0.0,0.0,0.0,0.0,0.0,0.0,43.0,5.0,0.0,1.5,0.0,0.0,0.0,0.0,3.7499999999999996,0.0,2.0,3.333333333333333
595.5138888888889,24.36111111111111,76.97619047619047,134.0167748917749,189.35218253968253,109.96825396825396,12.305555555555555,300.640873015873,33.9537037037037,123.95403439153439,25.63888888888889,40.916666666666664,35.09487734487735,85.29166666666667,18.198412698412696,21.906565656565654,2.4305555555555554,116.01587301587301,31.984126984126984,1.9791666666666665,5.0,22.297348484848484,12.142857142857142,96.11441798941799,122.71428571428571,4.642857142857143,0.2777777777777778,31.368055555555554,3.333333333333333,10.625,9.86111111111111,3.25,5.833333333333333,2.484848484848485,1.1111111111111112,37.888888888888886,1.9292929292929293,2.261904761904762,9.004807692307692,15.416666666666666,25.337301587301585,8.75,0.0,15.734848484848484,72.72222222222221,59.22222222222222,17.956349206349206,1.6666666666666665,0.5,3.333333333333333,0.0,7.854166666666666,22.595959595959595,0.0,10.0,12.666666666666666,7.642857142857142,0.0,6.666666666666666,13.88888888888889,1.5277777777777777,5.944444444444445,3.1666666666666665,6.093482905982906,22.333333333333332,0.0,0.8333333333333333,0.0,3.333333333333333,0.8333333333333333,4.0,7.202380952380952,0.0,4.583333333333333,6.093482905982906,0.0,9.979166666666666,10.833333333333334,6.666666666666666,4.685185185185185,0.0,0.6666666666666666,5.069444444444445,5.0,0.0,0.0,0.0,16.055555555555557,0.0,0.7142857142857142,0.18518518518518517,0.8333333333333333,0.0,0.0,0.5,0.5,0.0,0.0,0.0,0.0,0.6666666666666666,3.5555555555555554,25.075396825396826,0.0,0.0,0.0,0.0,1.25,2.5,0.0,0.0,0.0,0.0,0.0,0.0,0.0,0.0,1.6666666666666665,9.333333333333332,0.0,0.0,46.0625,0.0,153.41666666666666,1.6666666666666665,7.083333333333333,0.0,0.0,0.0,10.0,0.0,0.0,0.0,0.0,5.833333333333333,1.25,0.0,3.6666666666666665,1.5972222222222223,0.25,0.0,0.0,2.5,0.0,0.0,5.0,0.0,0.0,0.8333333333333333,2.2777777777777777,0.0,0.0,0.0,0.0,0.0,0.0,0.0,0.0,21.214285714285715,7.25,0.8012820512820513,1.6666666666666665,0.0,0.0,3.333333333333333,1.6666666666666665,0.0,0.0,0.787037037037037,0.0,0.0,0.2678571428571428,1.0714285714285712,0.0,0.0,0.0,0.0,0.0,0.0,8.333333333333332,0.0,5.0,0.0,0.0,0.0,0.0,0.0,0.0,0.0,0.0,0.0,0.0,1.3333333333333333,1.5,5.0,0.0,0.0,0.0,1.4285714285714284,19.295634920634917
951.3714803850833,49.56992753623188,302.71944444444443,365.87463924963924,270.4323044105653,203.10716584613644,152.97642390289448,547.561507936508,111.2317821067821,283.686056998557,69.1626984126984,146.71362433862433,126.10069444444444,154.22142857142856,73.57638888888889,117.68353174603175,15.994949494949495,180.13095238095238,86.7392637555681,72.96064814814815,39.064331501831504,145.10119047619048,53.33333333333333,127.96428571428571,205.91984126984127,123.66414141414141,32.83333333333333,76.75595238095238,86.81421356421356,25.31547619047619,9.958333333333334,37.88437950937951,23.277777777777775,22.526785714285715,37.227777777777774,221.30507455507455,37.5625,27.218614718614717,32.30555555555556,51.10869565217391,131.73809523809524,44.98611111111111,8.791666666666666,150.63492063492063,66.97222222222221,139.89880952380952,47.375,22.53205128205128,18.833333333333332,4.5,4.115079365079366,28.125,21.25,2.0,41.3125,44.33333333333333,49.30042016806723,11.758333333333333,15.777777777777777,87.49007936507937,62.80277777777778,13.88888888888889,20.944444444444443,5.083333333333333,38.55357142857143,6.0625,17.81547619047619,15.61111111111111,32.773809523809526,3.3571428571428568,23.730158730158728,28.623015873015873,0.0,10.0,4.583333333333333,12.916666666666666,23.678571428571427,36.166666666666664,6.625,8.333333333333334,20.01388888888889,6.837662337662337,32.61507936507937,102.30555555555556,21.025,15.11111111111111,10.23611111111111,15.935515873015873,2.5,9.227272727272727,9.275641025641026,5.0,10.166666666666666,0.0,6.666666666666666,7.645833333333333,0.0,11.167929292929292,0.0,4.166666666666666,4.444444444444445,28.69047619047619,24.38888888888889,10.376984126984127,0.0,20.125,0.0,3.75,8.166666666666666,16.194444444444443,0.0,13.041666666666666,0.0,12.5,0.0,0.0,0.5,2.5,36.45833333333333,2.2720057720057723,37.56944444444444,50.476190476190474,5.916666666666666,25.577380952380953,2.5595238095238093,13.333333333333332,49.55357142857143,0.0,0.4545454545454546,1.2916666666666665,5.486111111111111,1.9166666666666665,32.055952380952384,5.0,14.357142857142858,0.0,12.666666666666666,5.0,5.680555555555555,4.166666666666666,88.73809523809524,2.2916666666666665,0.0,2.8472222222222223,0.0,3.333333333333333,12.020202020202019,6.0101010101010095,2.5,4.75,6.375,0.0,0.0,1.7361111111111112,5.027777777777778,0.0,3.333333333333333,33.388888888888886,9.944444444444445,3.5277777777777777,11.291666666666666,1.1111111111111112,1.1111111111111112,11.75487012987013,2.0,2.833333333333333,0.0,0.625,6.666666666666666,5.0,0.5555555555555556,6.205669224211424,24.822676896845696,3.3333333333333335,0.0,0.0,0.625,0.8333333333333333,0.0,3.333333333333333,13.055555555555555,1.6666666666666665,3.0,0.0,2.5,0.0,0.0,2.3809523809523805,0.0,0.0,0.0,2.8571428571428568,0.0,12.851190476190476,4.166666666666666,5.833333333333333,4.583333333333334,4.583333333333333,0.0,9.944444444444443
3004.1646455396453,1099.0228197728197,1265.4064003126502,307.3452780879251,124.30928534972652,26.99278499278499,164.33333333333331,89.89734084141979,213.2358273534744,87.30324074074073,1072.9048703489493,108.65807985873775,49.0625,236.91492863861285,197.75018037518038,64.13095238095238,291.440467212526,151.40721288515405,28.720085470085472,17.698412698412696,10.625,5.2976190476190474,63.238095238095234,119.69789932289932,102.03427128427128,8.787878787878787,8.208333333333332,81.86111111111111,17.664772727272727,27.07142857142857,30.556036556036556,41.79655067155067,150.57187025937026,1.7045454545454546,56.210140621905325,30.407407407407405,45.0,8.333333333333334,22.666666666666664,1.3333333333333333,10.416666666666666,2.5,28.732864357864358,5.123397435897436,0.0,1.0,14.999999999999998,8.035714285714285,5.666666666666666,46.416666666666664,4.666666666666666,10.843975468975469,0.0,8.15151515151515,7.5951132201132205,8.042328042328043,0.6666666666666666,0.0,4.569444444444445,34.28661616161616,0.0,58.25511988011988,4.375,10.065656565656566,0.0,5.0,0.5,1.6666666666666665,2.9166666666666665,11.666666666666666,3.8888888888888893,14.621212121212121,16.0,11.510942760942761,4.611111111111111,8.098307942057941,104.12037037037037,0.0,0.0,0.0,3.571428571428571,0.6666666666666666,6.979166666666666,189.25,0.0,3.333333333333333,0.3333333333333333,2.5,2.8472222222222223,0.0,0.0,0.0,0.0,11.98666253101737,0.0,2.0,0.799110835401158,1.9444444444444442,557.7203884078884,4.523809523809524,0.25,6.458333333333333,0.0,0.5,7.99110835401158,0.0,0.799110835401158,12.820512820512821,0.0,0.0,0.799110835401158,0.0,0.799110835401158,0.0,0.799110835401158,0.799110835401158,0.0,20.0,0.0,4.1826923076923075,23.00595238095238,0.0,0.0,0.0,0.0,0.0,0.0,0.0,0.0,0.0,1.1688311688311688,5.0,0.0,16.843725718725718,15.0,650.9165232915233,0.0,0.0,0.625,0.0,0.0,0.5555555555555556,0.0,0.0,0.0,0.0,0.0,0.0,0.0,5.0,0.0,0.0,2.5,4.0,0.0,5.861111111111111,2.0,1.7222222222222223,0.0,2.5,1.6666666666666665,7.916666666666666,0.0,0.0,0.0,0.5,1.6666666666666665,0.0,0.0,0.0,2.361111111111111,0.0,0.0,10.0,1.6666666666666665,0.0,70.60185185185185,0.0,0.0,0.30303030303030304,0.0,0.0,0.8333333333333333,0.15151515151515152,2.2916666666666665,0.0,0.23809523809523808,0.0,43.75,2.0,0.0,0.0,0.0,0.0,0.0,0.3125,0.0,0.0,2.555555555555556,0.0
374.25230399852245,40.60218253968254,29.833333333333332,453.37868326118326,101.65422077922078,67.31269841269841,118.84929653679653,19.70436507936508,40.91702741702741,38.788690476190474,7.555555555555555,122.41567460317461,19.126984126984127,34.361111111111114,11.326666666666666,8.958333333333334,38.65079365079365,13.965277777777777,95.56240981240981,58.21834415584416,4.404761904761905,55.707251082251084,31.138888888888886,11.74521411128554,6.666666666666666,32.46828449328449,1.7888888888888888,24.53253968253968,53.518452380952375,20.241960420531846,5.006872294372294,31.491865079365077,3.6666666666666665,0.0,0.0,5.23015873015873,8.517857142857142,20.59880952380952,34.57301587301587,0.0,31.96428571428571,17.924603174603174,5.312499999999999,0.23529411764705882,0.0,0.625,15.714285714285714,116.41929499072356,7.833333333333333,0.0,9.797052154195011,8.132276949241234,8.469523809523809,0.0,0.0,3.3015873015873014,0.47619047619047616,0.0,11.805555555555555,0.0,14.404761904761903,0.0,0.0,0.0,0.0,0.0,16.16883116883117,0.8333333333333333,0.0,2.7142857142857144,0.0,0.38461538461538464,1.6666666666666665,0.625,0.0,17.083333333333332,0.0,0.0,0.0,8.428571428571429,0.0,0.0,1.4285714285714284,0.0,0.0,11.82857142857143,0.0,0.0,0.0,1.8,0.0,0.0,0.0,0.0,2.0456349206349205,7.678571428571429,0.0,0.8333333333333333,0.625,0.0,6.333333333333333,1.1111111111111112,0.0,0.0,0.0,0.0,0.0,2.5,0.0,0.25,0.0,0.0,0.0,0.0,0.0,0.0,1.0,0.4545454545454546,0.0,3.311688311688312,0.0,0.0,0.0,2.5,5.25,0.0,0.0,0.0,0.0,0.0,0.0,2.103174603174603,10.625,0.0,0.0,2.0555555555555554,10.0,2.6666666666666665,20.919841269841267,0.0,0.0,0.0,0.0,74.98809523809524,5.0,5.0,2.2222222222222223,1.1111111111111112,1.5,0.0,0.7142857142857142,0.0,0.0,13.333333333333332,0.0,0.625,0.0,5.0,0.0,0.0,0.0,0.15625,0.0,0.0,0.0,0.0,0.0,0.0,0.0,0.0,0.0,0.25,1.0,5.0,2.111111111111111,10.0,0.3571428571428571,0.0,8.857142857142858,0.0,0.0,0.0,0.0,0.0,0.0,0.0,0.0,2.6190476190476186,0.0,0.0,0.0,1.168831168831169,0.0,0.0,0.0,0.0,0.0,0.0,0.0,0.0
2608.3422169185765,300.769390978482,331.04375283013053,991.7632263038512,567.0515343832294,155.79726450020567,281.3078621257969,723.3711491471796,370.8722440370037,750.9344394802936,47.02093277093277,232.1457387927976,184.42488136218788,112.75293225293225,46.94344245079539,74.02981471971242,67.04061233743896,230.0995273947107,214.05682311467913,60.35450514397883,65.22609026775693,59.22117752936718,93.95396964146964,118.85930735930735,40.48291572085618,403.8779562946762,46.894096871289854,104.95111240444824,91.5028874104961,61.286216506804735,66.35444060153813,2162.4238682928412,36.28882575757576,51.17304917304917,48.80347811230164,40.27708402708403,56.47072472126356,86.05595340649688,35.728284215784214,12.761599511599512,618.5387196137196,32.42391867391867,11.607142857142858,44.251165501165495,7.785714285714286,16.666666666666664,41.01232247284879,67.18163318163317,2.333333333333333,54.56125839334795,20.023569023569024,2.5,58.40090809698653,11.486797924297925,3.5416666666666665,12.559523809523808,3.0,13.247603703486055,17.00071225071225,4.333333333333333,18.013564186358305,9.213235294117647,10.357142857142856,13.333333333333332,81.8511042000879,70.87646655603312,10.219849594849595,23.210197210197208,5.090277777777778,6.992063492063492,7.583333333333333,141.19877263259616,20.48430735930736,8.56974071679954,10.0,12.923747276688452,3.333333333333333,5.766233766233766,0.7407407407407407,11.89033189033189,1.09006734006734,5.238095238095238,0.9523809523809523,0.625,11.498316498316498,8.964285714285714,5.0,1.1742424242424243,1.9642857142857142,3.533799533799534,3.7499999999999996,0.22222222222222224,0.5208333333333333,8.909430122116689,17.975436328377505,10.999317675788264,0.5939620081411126,1.4741161616161618,51.59370358170668,5.625,0.0,0.21739130434782608,1.6666666666666665,1.2037037037037037,5.939620081411126,0.0,0.5939620081411126,41.0,0.0,94.50011246063877,0.5939620081411126,0.0,0.5939620081411126,0.7407407407407407,0.5939620081411126,0.5939620081411126,8.07449494949495,0.0,15.48535941183,10.274233013363448,0.0,0.0,16.0,0.0,16.64855072463768,5.666666666666666,2.1255888719124014,0.0,13.661896954991585,1.3324420677361852,14.62463924963925,0.15151515151515152,5.077214452214452,0.0,6.637945387945388,22.162848725348727,9.771241830065359,0.6666666666666666,18.825396825396826,0.0,0.0,0.0,3.0555555555555554,6.794871794871794,1.5625,8.636363636363637,5.8225238813474105,2.9112619406737053,18.05180766945473,0.0,0.9523809523809523,4.967320261437909,0.0,7.5,5.310045948203843,4.048840048840049,0.0,0.0,0.0,0.8333333333333333,3.5416666666666665,2.759259259259259,0.0,0.0,1.9166666666666665,0.0,0.0,0.0,0.8095238095238095,12.916666666666666,0.47619047619047616,0.9090909090909092,3.6363636363636367,0.41666666666666663,0.875,1.6666666666666665,15.816798941798941,0.0,4.19047619047619,0.0,0.16666666666666666,6.833333333333333,0.9666666666666666,0.8333333333333333,0.0,0.0,1.5779645191409897,2.75,113.87618009654454,0.0,0.0,0.0,0.0,0.3571428571428571,0.0,0.41666666666666663,0.0,0.0,0.0,0.0
1100.8999999999999,72.33333333333333,686.0555555555555,419.4206349206349,404.01388888888886,133.66666666666666,270.0416666666667,385.47222222222223,376.6111111111111,314.69444444444446,128.68055555555554,126.0,109.98611111111111,182.41666666666666,108.58333333333333,85.41666666666667,23.333333333333332,89.33333333333333,138.25,39.5,11.333333333333334,20.0,45.06944444444444,87.41666666666667,39.75,36.875,29.916666666666664,38.416666666666664,12.75,2.5,6.5,19.166666666666664,27.5,44.166666666666664,13.833333333333332,20.833333333333332,8.333333333333332,22.333333333333332,336.5833333333333,41.94444444444444,31.666666666666668,13.0,4.166666666666666,16.666666666666664,139.58333333333331,27.5,8.833333333333332,3.333333333333333,0.0,365.4166666666667,2.5,10.75,49.166666666666664,14.0,15.0,14.166666666666666,20.766666666666666,17.0,5.0,4.375,1.875,6.0,2.0,5.0,0.0,0.0,4.5,3.0,1.6666666666666665,22.5,0.0,0.0,0.0,0.0,5.0,22.291666666666664,7.5,5.0,2.25,11.25,0.0,22.5,0.0,26.25,23.333333333333332,20.166666666666664,0.0,5.5,5.0,4.0,22.0,5.0,3.333333333333333,0.0,28.333333333333332,3.0,0.0,4.5,0.0,4.0,1.25,171.5,10.666666666666666,5.0,0.0,0.0,0.0,0.0,0.8333333333333333,7.0,0.0,10.0,0.0,6.666666666666666,0.0,0.0,0.0,3.333333333333333,3.0,0.0,2.5,0.0,0.0,0.0,1.0,10.0,8.333333333333332,2.083333333333333,0.0,0.0,2.5,2.5,6.25,0.0,3.333333333333333,0.0,0.0,0.0,0.0,0.0,0.0,3.75,0.0,0.0,5.0,2.5,1.3333333333333335,0.6666666666666667,0.0,11.666666666666666,0.0,0.0,0.0,19.444444444444443,3.333333333333333,0.625,8.333333333333332,0.0,0.0,27.5,0.0,0.0,0.0,0.0,5.0,10.0,0.0,0.0,0.0,25.0,1.9166666666666665,1.0,4.0,0.0,3.333333333333333,0.0,0.0,0.0,0.0,1.0,0.0,0.0,0.0,33.25,0.0,0.0,0.0,0.0,0.0,0.0,0.0,0.6666666666666666,0.0,5.166666666666666,0.0,0.0,3.333333333333333,5.0,0.0,0.0
3497.3972378603016,252.55350073207217,1131.3467678050854,1429.0637141791858,1021.1578675629565,1095.931230214451,1210.9427095676795,1180.9752298228905,341.7062698423131,485.04175685425685,393.3634630466152,762.0000364818974,412.2646197756492,285.3859098228663,96.8777417027417,324.29837167190107,325.2901912149148,624.5807650060801,715.5632976034236,248.6981301106301,157.23335652442796,325.9424772939479,320.7485269360269,824.4132672260823,757.0610277288848,215.46709323814585,108.80988930659983,687.9675241880333,221.40340978465977,124.12682872682872,74.63872354497354,159.2785094952388,95.39797164336638,88.88706709956709,37.364087301587304,41.06190476190476,58.2702922077922,115.44666606541607,228.24474789915965,97.553549003549,719.5670369005895,315.6852513227513,214.86824229691877,268.1343674843675,167.24888167388167,661.7719282040711,453.6464646464646,154.5282953157953,41.06785714285714,22.83378427128427,63.88699494949495,42.58333333333333,436.2195677686279,60.32103174603174,58.29799783549783,90.30357142857143,27.28174603174603,23.257505175983436,3.333333333333333,52.99116161616161,137.98790376290376,96.70833333333333,157.93800505050504,34.47959230312171,88.48551587301587,11.54513888888889,123.25404506208078,83.01666366041366,86.75251322751322,8.031746031746032,40.266865079365076,42.77777777777778,13.511904761904761,15.65,29.479592303121716,26.531084656084655,74.07863756613756,104.34650814871402,26.15674603174603,21.801046176046174,12.927579365079364,22.507783882783883,132.5082724329048,34.208333333333336,21.80787037037037,24.316666666666666,13.464285714285714,58.74583333333333,46.96663059163059,47.33261183261183,24.718131868131866,27.986111111111107,21.257927786499213,7.756622550740198,10.630050505050505,23.367531834637095,0.5171081700493465,27.254562192062192,0.0,5.562160062160062,70.97379242187594,1.8888888888888888,12.512698412698413,115.48333333333333,5.171081700493465,10.122448979591836,0.5171081700493465,10.234981684981685,42.211507936507935,49.69090696884815,0.5171081700493465,31.40783265009271,0.5171081700493465,24.202380952380953,0.5171081700493465,0.5171081700493465,96.62386594886594,49.19047619047619,84.64517277017276,1.6666666666666665,25.939560439560438,345.5776973026973,22.70561072914014,47.163690476190474,11.470153920153919,19.976190476190474,101.01658163265306,19.53522770668633,18.38888888888889,16.892797017797015,15.746031746031745,11.784377387318564,31.818253968253966,23.726076555023923,7.5,3.013888888888889,0.19230769230769232,24.22222222222222,60.90514797093744,8.016941391941392,16.607142857142858,73.62619047619047,40.99206349206349,14.675925925925926,18.92301587301587,54.079365079365076,23.83234126984127,11.916170634920634,5.238095238095238,14.222222222222221,10.133597883597883,1.7222222222222223,4.283333333333333,7.887667887667888,5.729166666666667,0.0,0.5119047619047619,2.333333333333333,51.28570041070041,30.061366959064326,25.292748917748916,0.0,0.0,33.81686507936508,8.30952380952381,11.444444444444443,0.2857142857142857,28.40806878306878,8.291666666666666,31.009920634920636,2.4444444444444446,8.100153825153825,32.4006153006153,30.744919786096254,1.6363636363636362,16.455555555555556,0.0,51.61904761904762,8.5,14.541514041514041,0.0,1.625,47.676785714285714,0.0,6.362433862433862,3.7866300366300365,0.5,4.375,0.0,0.6904761904761905,13.122222222222222,0.0,7.833333333333333,9.166666666666666,9.420634920634921,5.833333333333333,5.8313492063492065,20.0,0.0,6.916666666666667
3023.7925053424224,137.04134744397902,800.1037071724571,1394.3693233587142,1688.0153523411982,1000.1264484454887,1422.150440909447,1135.7604047229654,310.840961078743,661.9948310357145,252.23634669076398,784.2929636501065,410.2586940836941,325.67295224596194,183.0888949013949,339.33281462689354,331.57280356096146,769.7288207062975,879.4740153637213,261.3342802039231,328.487116295011,543.7800901827218,119.46964285714286,1325.7762406070676,427.0592642107348,384.372346676576,255.98597820308345,363.4782270187345,299.9716921966922,152.80856095658726,38.97519841269841,77.57859832662464,33.81819291819291,87.08584147334147,58.05674603174603,37.8079365079365,177.91666666666666,262.07835418549706,152.993894993895,64.44221981721981,873.2592217967218,655.9432844932844,134.10755241490534,99.5670695045695,139.4596371882086,354.7840160500875,526.1645975056689,569.8018255971264,24.018386243386242,63.94224987974988,58.83997113997114,16.565757536810167,194.09556878306879,78.91984126984127,54.36309523809524,20.585768398268396,0.6060606060606061,64.27290764790764,9.668498168498168,12.5,218.7482446194852,64.10328852434115,74.02769789734076,17.346560846560845,50.01436514265462,58.32356532356532,52.630672634244064,57.393734737484735,158.30161135161134,24.19047619047619,361.12966999931285,9.94047619047619,98.39285714285714,7.885042735042735,3.941798941798942,37.48280423280423,48.31799827852459,55.135714285714286,16.383585858585857,233.22182539682538,19.16540404040404,50.97664835164835,76.9198717948718,7.166666666666666,6.06084656084656,21.17047827903091,18.166666666666668,50.34722222222222,19.211904761904762,43.03944805194805,43.762648462648464,143.29695767195767,9.687432012432012,1.9600840336134453,61.75992063492063,31.549062049062048,0.13067226890756303,68.96290482004767,0.0,16.026190476190475,35.464225589225585,0.0,10.457142857142856,129.2772435897436,1.3067226890756303,8.612110112110113,0.13067226890756303,5.625,23.580321067821068,44.75631313131313,0.13067226890756303,62.21560846560846,0.13067226890756303,11.819444444444445,0.13067226890756303,0.13067226890756303,20.748767436267435,11.0,127.99108566871725,5.083279815422673,33.0,84.55952380952381,311.60714285714283,35.58333333333333,14.81096866096866,86.48599945028516,58.888888888888886,30.428158797724016,30.57718769325912,16.817989417989416,3.1512145262145257,8.484508547008547,49.17940485440485,13.787899600399601,40.53741496598639,1.9027777777777777,13.527380952380952,30.52579365079365,136.4699074074074,25.23519536019536,8.722222222222221,18.392043142043143,12.849206349206348,4.875,22.51984126984127,104.08730158730158,10.720565149136577,5.360282574568289,14.53125,4.416666666666666,3.3703703703703702,2.9203514739229024,5.641269841269842,2.7777777777777777,28.583333333333332,0.0,31.65277777777778,8.694444444444445,57.13194444444444,23.178266178266178,3.625,1.5893217893217892,0.0,20.174242424242422,5.031746031746032,6.25,0.0,36.84078884078884,7.027777777777778,14.0,4.5,4.668590886237945,18.67436354495178,37.34444444444444,11.279220779220779,32.160930735930734,0.0,12.83531746031746,31.999999999999996,4.333333333333333,1.4583333333333333,1.0877192982456139,10.847222222222221,0.0,20.25,8.316326530612244,0.5,12.777777777777777,0.0,0.2040816326530612,9.233333333333333,0.3333333333333333,12.777777777777779,4.861111111111111,1.8095238095238093,2.083333333333333,0.0,0.3333333333333333,6.666666666666666,1.3333333333333333
