47.013888888888886,18.958333333333332,0.9444444444444444,10.599206349206348,8.26388888888889,6.569444444444445,13.472222222222221,4.236111111111111,19.930555555555554,0.0,2.8472222222222223,8.88888888888889,5.888888888888888,4.0,5.069444444444445,2.5,4.583333333333333,1.9444444444444444,0.9027777777777777,1.9861111111111112,20.763888888888886,3.472222222222222,3.7499999999999996,8.888888888888888,0.20833333333333331,0.0,1.1111111111111112,1.6666666666666665,4.583333333333333,6.25,0.0,0.0,1.597222222222222,3.75,0.0,10.847222222222221,1.1111111111111112,3.958333333333333,3.333333333333333,0.2777777777777778,0.0,1.1111111111111112,0.20833333333333331,0.0,1.25,1.3888888888888888,1.1805555555555556,0.5555555555555556,0.8333333333333334,0.0,0.0,0.0,2.9166666666666665,0.41666666666666663,0.2777777777777778,0.0,2.7777777777777777,0.0,4.166666666666666,1.1111111111111112,6.583333333333333,0.0,0.0,1.5277777777777777,0.9722222222222222,0.5654761904761905,10.73015873015873,0.0,0.41666666666666663,0.41666666666666663,6.25,0.0,0.41666666666666663,0.5654761904761905,0.2777777777777778,4.277777777777778,3.333333333333333,0.0,0.2777777777777778,0.0,0.0,0.0,0.0,2.083333333333333,0.0,8.319444444444445,0.41666666666666663,0.0,0.0,0.0,0.0,0.0,0.0,0.0,0.0,0.0,0.0,0.2777777777777778,0.20833333333333331,0.625,0.0,0.0,0.0,0.41666666666666663,0.0,0.0,0.41666666666666663,0.8333333333333333,0.0,0.0,0.0,0.0,0.0,1.6666666666666665,0.0,0.0,1.25,0.0,0.0,0.0,0.0,0.0,0.0,0.8333333333333333,0.0,0.0,0.0,0.0,0.0,0.0,0.0,0.0,0.0,0.9722222222222222,0.0,0.0,1.6666666666666667,2.083333333333333,0.0,0.0,0.0,0.0,0.0,0.0,0.0,5.0,0.2777777777777778,0.0,0.0,0.0,0.0,0.0,0.0,0.0,0.0,0.41666666666666663,0.0,0.0,0.0,0.4861111111111111,0.6666666666666666,0.0,0.0,0.0,0.0,0.0,0.0,0.0,0.0,0.0,0.0,0.0,0.0,0.0,0.8333333333333334,0.5555555555555556,0.0,2.5,0.0,0.0,0.0,0.5555555555555556,0.2777777777777778,0.6190476190476191,2.4761904761904763,0.0,0.0,0.5555555555555556,0.0,0.0,0.0,0.41666666666666663,0.0,0.0,0.0,0.0,0.0,0.0,0.0,0.0,0.0,0.0,0.41666666666666663,0.0,0.0,0.0,0.0,0.5555555555555556,0.0,0.0,0.0,0.0,0.0,0.0,2.986111111111111,0.0,0.0,0.0,0.0,0.0,2.5,0.0,0.0,0.0,0.41666666666666663,0.0,0.0,0.0,0.0,0.0,0.0,0.0,0.0,0.0,0.0,0.0,0.0,0.0,0.0,0.8333333333333333,0.0,2.1666666666666665,0.0,0.0,0.0,0.0,0.0,0.0,0.0,0.0
2.2222222222222223,8.333333333333332,6.666666666666666,0.0,6.666666666666666,6.666666666666666,6.666666666666666,0.0,11.38888888888889,3.333333333333333,0.0,0.0,0.0,6.666666666666666,0.0,0.0,0.0,6.666666666666666,0.0,0.0,0.0,0.0,0.0,11.11111111111111,0.0,0.0,1.6666666666666665,0.0,0.0,0.0,0.0,0.0,0.0,0.0,0.0,0.0,0.0,0.0,0.0,0.0,0.0,0.0,0.0,0.0,0.0,0.0,0.0,0.0,0.0,0.0,0.0,0.0,0.0,0.0,0.0,0.0,0.0,0.0,0.0,0.0,0.0,0.0,0.0,0.0,0.0,0.0,0.0,0.0,0.0,0.0,0.0,0.0,0.0,0.0,3.333333333333333,0.0,0.0,0.0,0.0,0.0,4.444444444444445,0.0,0.0,0.0,0.0,0.0,0.0,0.0,0.0,0.0,0.0,0.0,0.0,0.0,0.0,0.0,0.0,3.333333333333333,0.0,0.0,0.0,0.0,0.0,0.0,0.0,0.0,0.0,0.0,0.0,0.0,0.0,0.0,0.0,0.0,0.0,0.0,0.0,0.0,0.0,0.0,0.0,0.0,0.0,0.0,0.0,0.0,0.0,0.0,0.0,0.0,0.0,0.0,0.0,0.0,0.0,0.0,0.8333333333333333,0.0,0.0,0.0,0.0,0.0,0.0,0.0,0.0,0.0,0.0,0.0,0.0,0.0,0.0,0.0,0.0,0.0,0.0,0.0,0.0,0.0,0.0,0.0,0.0,0.0,0.0,0.0,0.0,0.0,0.0,0.0,0.0,0.0,0.0,0.0,0.0,0.0,0.0,0.0,0.0,0.0,0.0,0.0,0.0,0.0,0.0,0.0,0.0,0.0,0.0,0.0,0.0,0.0,0.0,0.0,0.0,0.0,0.0,0.0,0.0,0.0,0.0,0.0,0.0,0.0,0.0,0.0,0.0,0.0,0.0,0.0,0.0,0.0,0.0,0.0,0.0,0.0,0.0,0.0,0.0,0.0,0.0,0.0,0.0,0.0,0.0,0.0,0.0,0.0,0.0,0.0,0.0,0.0,0.0,0.0,0.0,0.0,0.0,0.0,0.0,0.0,0.0,0.0,0.0,0.0,0.0,0.0,0.0,0.0,0.0,0.0,0.0,0.0
11.157407407407408,2.0370370370370368,2.3333333333333335,1.6666666666666665,0.0,0.0,7.499999999999999,0.5555555555555556,1.6666666666666667,0.0,0.0,0.0,0.0,2.7777777777777777,0.0,0.0,0.5555555555555556,0.0,0.0,0.0,0.0,0.0,0.0,0.0,0.0,0.0,0.0,0.0,0.0,0.0,0.0,0.0,0.0,0.0,3.333333333333333,0.0,0.0,0.0,0.0,0.0,0.0,0.0,0.0,0.0,0.0,0.0,0.0,0.0,0.0,0.0,0.0,0.0,0.0,0.0,0.0,0.0,0.0,0.0,0.0,0.0,0.0,0.0,0.0,0.0,0.0,0.0,0.0,0.0,0.0,0.0,0.0,0.0,0.0,0.0,0.0,0.0,0.0,0.0,0.0,0.0,6.666666666666666,0.0,0.0,0.0,0.0,0.0,0.0,0.0,0.0,0.0,0.0,0.0,0.0,0.0,0.0,0.0,0.0,0.0,0.0,0.0,0.0,0.0,0.0,0.0,0.0,0.0,0.0,0.0,0.0,0.0,0.0,0.0,0.0,0.0,0.0,0.0,0.0,0.0,0.0,0.0,0.0,0.0,0.0,0.0,0.0,0.0,0.0,0.0,0.0,0.0,0.0,0.0,0.0,0.0,0.0,0.41666666666666663,0.0,0.0,0.0,0.0,0.0,0.0,0.0,0.0,0.0,0.0,0.0,0.0,0.0,0.0,0.0,0.0,0.0,0.0,0.0,0.0,0.0,0.0,0.0,0.0,0.0,0.0,0.0,0.0,0.0,0.0,0.0,0.0,0.0,0.0,0.0,0.0,0.0,0.0,0.0,0.0,0.0,0.0,0.0,0.0,0.0,0.0,0.0,0.0,0.0,0.0,0.0,0.0,0.0,0.0,0.0,0.0,0.0,0.0,0.0,0.0,0.0,0.0,0.0,0.0,0.0,0.0,0.0,0.0,0.0,0.0,0.0,0.0,0.0,0.0,0.0,0.0,0.0,0.0,0.0,0.0,0.0,0.0,0.0,0.0,0.0,0.0,0.0,0.0,0.0,0.0,0.0,1.1111111111111112,0.0,0.0,0.0,0.0,0.0,0.0,0.0,0.0,0.0,0.0,0.0,0.0,0.0,0.0,0.0,0.0,0.0,0.0,0.0,0.0,0.0,0.0
57.96296296296296,11.944444444444443,16.196581196581196,5.0,24.666666666666664,13.66931216931217,17.69230769230769,2.7248677248677247,10.0,5.333333333333333,3.8888888888888893,0.08333333333333333,1.6666666666666665,0.0,3.0555555555555554,0.0,0.0,24.865079365079364,0.5555555555555556,14.444444444444445,5.444444444444445,3.888888888888889,3.416666666666667,14.166666666666666,10.0,0.0,38.33333333333333,1.1111111111111112,0.0,10.666666666666666,0.0,0.0,0.22222222222222224,26.780423280423282,0.0,0.0,0.0,0.0,1.1111111111111112,0.0,0.0,0.0,1.1111111111111112,3.333333333333333,0.2777777777777778,0.0,5.0,0.0,0.0,0.0,0.0,1.9444444444444444,0.0,1.4550264550264551,0.0,0.09259259259259259,0.0,1.6666666666666665,0.0,0.0,0.0,0.6666666666666666,0.0,0.0,0.0,0.0,0.0,0.0,0.9841269841269842,0.0,0.0,0.0,0.0,0.0,0.5555555555555556,0.0,0.0,0.0,0.0,0.0,0.0,0.0,0.0,3.5,7.222222222222221,0.0,0.0,0.0,0.0,0.0,0.0,0.0,0.0,0.0,0.0,0.0,0.0,326.7936507936508,0.0,3.333333333333333,0.0,0.0,0.0,0.0,0.0,0.0,0.0,0.0,0.0,0.0,0.16666666666666666,0.0,0.0,0.37037037037037035,0.0,0.0,0.0,0.0,0.0,0.0,0.0,0.0,0.0,0.0,0.0,0.0,0.0,0.0,0.0,0.0,0.0,0.0,13.333333333333334,0.0,0.0,0.0,0.0,0.0,0.0,0.0,0.0,0.0,0.0,1.1111111111111112,1.2222222222222223,0.0,0.0,0.0,0.0,0.0,0.0,0.0,0.0,0.0,0.0,0.0,0.0,0.0,0.0,0.0,0.5555555555555556,0.0,0.0,0.0,0.0,0.0,0.0,0.0,0.0,0.0,0.0,0.0,0.0,3.333333333333333,0.0,0.0,0.0,3.333333333333333,0.0,0.0,0.0,0.0,0.0,0.0,0.0,0.0,0.0,0.0,0.0,0.0,0.0,0.0,0.0,0.0,0.0,0.0,0.0,0.0,0.0,0.0,0.0,0.0,0.0,0.0,0.0,0.0,0.0,0.0,0.0,0.0,0.0,0.0,0.0,0.0,0.0,0.0,0.0,0.0,0.0,0.0,0.0,0.0,0.15873015873015872,0.0,0.0,0.0,0.0,0.0,0.0,0.0,0.0,0.0,0.0,0.0,0.0,0.0,0.0,0.0,0.0,0.0,0.0,0.0,0.0,0.0,0.0,0.0,0.0,0.0,0.0,0.0
100.97222222222221,2.8501221001220998,32.00925925925926,6.666666666666666,6.428571428571428,24.53174603174603,3.0555555555555554,14.386446886446887,11.041666666666666,5.0,4.910714285714286,3.8095238095238093,3.6666666666666665,3.518518518518518,0.41666666666666663,10.851851851851851,4.268518518518518,23.253968253968253,9.742063492063492,5.666666666666666,3.3465608465608465,12.12962962962963,1.6666666666666667,0.18518518518518517,0.8333333333333333,2.814814814814815,0.0,8.333333333333332,5.7142857142857135,3.3333333333333335,0.0,0.47619047619047616,0.0,3.5897435897435894,0.0,0.0,1.1111111111111112,2.5,0.0,1.6666666666666665,2.5396825396825395,0.41666666666666663,0.47619047619047616,0.0,0.0,0.47619047619047616,0.20833333333333331,3.333333333333333,2.619047619047619,0.0,0.0,1.9444444444444444,3.333333333333333,0.0,0.0,8.165954415954415,0.0,0.0,0.8333333333333333,1.1574074074074074,0.0,0.0,0.0,0.0,0.0,0.8333333333333333,1.4444444444444444,0.0,0.0,0.0,0.0,12.222222222222221,2.7248677248677247,0.8333333333333333,0.47619047619047616,1.6666666666666665,3.333333333333333,0.0,0.0,0.0,0.0,1.1111111111111112,0.0,0.0,0.0,0.0,0.0,0.0,0.0,0.0,0.0,0.0,0.0,0.0,0.0,0.0,0.5555555555555556,0.0,0.0,0.0,0.3333333333333333,1.8749999999999998,0.0,0.0,0.0,0.0,0.0,0.0,0.0,0.0,0.0,0.0,0.0,1.1111111111111112,2.6666666666666665,0.0,0.0,0.0,0.0,0.0,0.0,0.0,0.0,0.0,0.0,0.0,0.0,0.0,0.0,0.0,0.0,0.0,0.0,0.0,0.0,0.0,0.0,0.0,0.0,0.0,0.0,0.0,0.0,0.0,0.0,0.0,0.0,0.0,0.0,0.0,0.0,0.0,0.0,0.0,0.0,0.0,0.0,0.0,0.0,0.0,0.0,0.0,0.0,0.0,0.0,0.6666666666666666,0.0,0.0,0.0,0.0,0.0,0.0,0.7407407407407407,0.0,0.0,0.0,0.0,0.0,0.0,0.0,0.0,0.0,0.0,0.0,0.0,0.0,0.0,0.0,0.0,0.0,0.0,0.0,0.0,0.0,0.9523809523809523,0.0,0.2564102564102564,0.0,0.0,0.0,0.0,0.0,0.0,0.0,0.0,0.47619047619047616,0.0,0.0,0.0,0.0,0.0,0.0,0.0,0.0,0.0,0.0,0.0,0.0,0.0,0.0,0.0,0.0,0.0,0.0,0.0,0.0,0.0,0.0,0.0,0.0,0.0,0.0,0.0,0.0,0.0,0.0,0.0,0.0,0.0,0.0,0.0,0.0,0.0,0.0,0.0,0.0,0.0,0.0,0.0,0.0
172.1025132275132,33.769841269841265,171.38888888888889,29.96891534391534,1.3888888888888888,47.813822751322746,19.305555555555554,319.0267857142857,15.959325396825395,1.1111111111111112,11.416666666666666,19.333333333333332,89.55555555555556,1.8888888888888888,74.65756302521008,8.285714285714285,13.845238095238095,0.6666666666666666,1.8888888888888888,87.32539682539682,26.109788359788357,28.160052910052908,6.666666666666666,72.97222222222221,67.5542328042328,7.138888888888889,6.666666666666666,0.0,277.0704365079365,0.0,5.424603174603174,11.666666666666666,46.69444444444444,61.092261904761905,12.25297619047619,0.0,62.650793650793645,0.0,1.037037037037037,4.722222222222221,79.09126984126983,0.0,1.574074074074074,55.585317460317455,7.611111111111111,31.75132275132275,173.29629629629628,0.8333333333333334,1.9074074074074074,35.25396825396825,0.0,18.317460317460316,0.0,7.041666666666666,4.166666666666666,11.518518518518517,0.8333333333333333,2.2777777777777777,0.0,2.333333333333333,14.555555555555555,0.2777777777777778,3.126984126984127,18.174603174603174,7.550925925925926,0.5952380952380952,0.8333333333333333,2.537037037037037,153.7390873015873,18.841269841269842,0.0,44.19444444444444,2.1666666666666665,0.5952380952380952,0.0,0.0,0.0,7.638888888888888,1.6666666666666665,8.174603174603174,3.722222222222222,0.0,5.0,0.0,0.0,0.5555555555555556,0.6666666666666666,3.944444444444444,19.73015873015873,5.257936507936508,0.0,3.9999999999999996,0.0,0.0,20.998677248677247,0.0,0.0,5.029761904761904,0.37037037037037035,4.80026455026455,0.0,0.0,1.9708994708994707,61.041666666666664,3.6666666666666665,3.25,0.032679738562091505,3.555555555555556,0.4901960784313726,0.0,0.0,0.18518518518518517,2.611111111111111,0.0,0.6666666666666666,0.032679738562091505,0.0,0.032679738562091505,0.032679738562091505,0.32679738562091504,0.032679738562091505,0.032679738562091505,0.0,0.0,0.0,2.2916666666666665,4.444444444444445,3.1666666666666665,4.444444444444445,0.0,0.0,37.16798941798942,0.0,1.3095238095238093,0.0,0.0,0.0,0.0,0.2513227513227513,11.38888888888889,5.396825396825396,1.1111111111111112,1.6666666666666665,0.0,0.0,0.0,0.6666666666666666,8.944444444444445,0.1388888888888889,2.2222222222222223,0.0,6.111111111111111,1.1111111111111112,1.1111111111111112,3.333333333333333,0.0,1.9285714285714284,0.0,4.82308201058201,0.0,0.0,5.0,1.5,0.0,17.055555555555554,0.0,0.0,0.0,3.9999999999999996,2.7777777777777777,0.0,2.5,0.0,0.0,3.333333333333333,0.0,0.0,0.0,0.0,0.0,0.0,0.0,0.0,0.0,0.0,0.6666666666666666,13.305555555555555,1.3333333333333335,0.0,0.0,5.777777777777778,1.3333333333333333,0.0,0.0,0.0,0.0,0.0,0.0,0.6666666666666666,0.0,0.0,0.0,0.1388888888888889,10.0,13.333333333333332,3.333333333333333,0.0,3.333333333333333,0.0,0.0,0.0,0.0,8.148148148148147,0.0,0.0,0.0,2.2222222222222223,0.0,2.5,4.444444444444445,0.0,0.0,1.1111111111111112,0.0,0.0,0.0,0.0,0.0,0.0,0.0,0.0,0.0,0.0,0.0,0.0,0.0,3.444444444444444,0.0,0.37037037037037035,2.0,0.0,0.0,0.0,0.0,0.0,0.0,8.075396825396824,0.0,0.0,0.0
613.9196528779862,190.69300144300144,102.13888888888889,369.22833832833834,31.573192239858905,385.8845899470899,179.56216931216932,861.521129242943,157.8878968253968,23.56084656084656,40.63758617925284,83.91017316017316,102.22572951739618,37.8531746031746,277.04170058336723,44.102727727727725,148.86011904761904,4.861111111111111,15.545634920634921,737.871854996855,125.82076719576719,301.6756854256854,66.41847041847042,172.52843915343914,406.82556332556334,99.7039241622575,7.722222222222221,4.986111111111111,981.1684403559403,1.1111111111111112,58.1410934744268,165.57612988862988,124.17857142857143,194.86823593073592,36.851521164021165,4.597222222222222,151.374724658058,24.814273689273687,8.384038800705467,89.83399470899471,248.93746993746993,5.736291486291486,15.131613756613756,118.04286916786917,38.31944444444444,256.11277302943967,1100.2509219175886,15.488095238095237,38.738756613756614,160.9408329324996,1.1111111111111112,16.9781746031746,27.426994301994302,65.98384485884486,16.09259259259259,80.51394901394902,1.3326719576719577,71.09000721500722,0.31746031746031744,35.8287037037037,5.796296296296296,4.5,18.137566137566136,234.03130511463846,50.388447971781304,1.5714285714285714,2.5,94.4808201058201,154.03189634439633,79.71350408850408,11.013227513227513,74.3045634920635,40.87103174603175,0.738095238095238,0.0,2.4113756613756614,1.7936507936507935,124.4484126984127,1.6666666666666665,57.3097442680776,9.566257816257815,0.7638888888888888,13.451058201058201,1.4537037037037037,2.611111111111111,2.222222222222222,2.666666666666667,24.91137566137566,68.35317460317461,205.17502523752523,6.235449735449735,3.888888888888889,9.69047619047619,1.6481481481481481,51.87235449735449,1.2962962962962963,2.5,0.0,1.9973544973544974,20.016302016302017,52.64351851851852,4.305555555555555,32.85624098124098,82.30026455026454,9.91005291005291,11.885632450338333,0.23403623403623403,28.023809523809522,4.066099066099066,3.4695767195767195,3.3888888888888884,0.7407407407407407,12.11574074074074,1.9444444444444444,3.3308080808080804,0.23403623403623403,2.2222222222222223,0.23403623403623403,0.23403623403623403,2.3403623403623404,0.23403623403623403,0.23403623403623403,0.0,8.600427350427351,8.747493247493248,7.513888888888888,11.068783068783068,4.722222222222222,11.34920634920635,4.0476190476190474,0.0,127.78294853294852,0.0,3.113095238095238,0.0,0.0,14.484066859066859,0.0,2.148148148148148,10.333333333333334,16.543650793650794,11.11111111111111,45.41453753218459,1.6666666666666665,0.0,4.100947100947101,8.895282186948853,24.41269841269841,18.560185185185183,9.069444444444445,33.320105820105816,9.847883597883598,2.7546296296296293,1.6666666666666665,3.948412698412698,1.1666666666666665,23.517195767195766,3.013888888888889,38.785383597883595,3.802910052910053,0.41666666666666663,0.0,13.171296296296296,0.0,79.87918871252204,0.0,6.389670514670515,0.8333333333333333,3.2718855218855216,3.009259259259259,0.0,11.726190476190476,0.0,2.349206349206349,2.462962962962963,0.0,7.851851851851851,0.0,3.449074074074074,0.0,0.41666666666666663,2.632275132275132,1.316137566137566,0.23809523809523808,0.9523809523809523,0.8585858585858586,14.264129389129389,0.5555555555555556,0.0,0.0,4.907407407407407,12.91468253968254,0.0,0.5555555555555556,0.0,0.0,0.0,2.5,2.541125541125541,3.5295519295519293,0.8333333333333333,0.0,10.945887445887445,31.429232804232804,10.527777777777777,0.0,0.046296296296296294,24.5664767331434,3.6507936507936503,0.0,0.0,3.333333333333333,17.37037037037037,2.6146594146594144,3.611111111111111,0.0,9.467592592592592,11.914021164021165,17.037518037518037,6.768518518518518,0.0,0.0,0.23809523809523808,0.6666666666666666,0.0,1.1574074074074074,1.3333333333333333,0.0,1.8518518518518519,0.37037037037037035,0.0,6.3809523809523805,0.0,0.0,0.0,0.0,8.459656084656084,0.0,3.5277777777777777,0.20833333333333331,0.0,2.2222222222222223,1.6666666666666665,0.0,0.0,0.5555555555555556,25.13888888888889,0.0,1.1111111111111112,0.38961038961038963
256.75925925925924,49.99999999999999,58.05555555555555,44.27777777777777,53.61111111111111,6.666666666666666,121.1111111111111,48.33333333333333,63.388888888888886,10.0,10.648148148148147,21.11111111111111,16.666666666666664,19.166666666666664,11.666666666666666,20.0,13.055555555555555,10.833333333333332,16.666666666666664,8.944444444444443,10.0,23.333333333333332,1.9444444444444444,15.277777777777777,1.9444444444444444,6.666666666666666,52.77777777777777,0.0,9.722222222222221,5.0,7.222222222222221,3.8888888888888884,3.333333333333333,22.5,3.333333333333333,1.6666666666666665,1.2037037037037037,5.333333333333333,4.166666666666666,10.833333333333332,0.41666666666666663,0.0,0.0,16.805555555555554,6.111111111111111,0.0,3.333333333333333,0.0,1.6666666666666665,1.6666666666666665,0.0,0.8333333333333333,0.0,0.0,0.0,0.0,0.0,1.6666666666666665,0.0,0.0,0.0,4.444444444444445,0.0,1.1111111111111112,0.0,0.0,0.0,8.333333333333332,0.0,0.0,0.0,0.0,0.0,0.0,0.0,0.0,0.0,0.0,0.0,0.0,0.0,1.1111111111111112,0.0,4.444444444444445,0.0,0.0,0.0,0.0,0.0,0.0,0.0,0.0,0.0,0.0,0.0,0.0,0.0,1.6666666666666665,0.0,0.0,0.0,0.0,0.0,0.0,0.0,0.0,0.0,0.0,0.0,0.0,0.0,0.0,0.8333333333333333,0.0,0.0,0.0,0.0,0.0,0.0,0.0,0.0,0.0,0.0,0.0,0.0,0.0,0.0,0.8333333333333333,0.0,0.0,0.0,0.0,0.0,0.0,0.0,0.0,0.0,0.0,6.944444444444444,1.1111111111111112,0.0,0.0,0.0,0.0,0.0,0.0,0.0,0.0,0.0,0.0,0.0,0.0,0.0,0.0,0.0,0.0,0.0,0.0,0.0,0.0,0.0,0.0,0.0,0.0,0.0,0.0,0.0,0.0,0.0,0.0,0.0,0.0,0.0,0.0,0.0,0.0,0.0,0.0,0.0,0.0,0.0,0.0,0.0,0.0,0.0,0.0,0.0,0.0,0.0,0.0,0.0,0.0,0.0,0.0,0.0,0.0,0.0,0.0,0.0,0.0,0.0,0.0,0.0,0.0,1.1111111111111112,0.0,0.0,0.0,0.0,0.0,0.0,0.0,0.0,0.0,0.0,0.0,0.0,0.0,0.0,0.0,0.0,0.0,0.0,0.0,0.0,0.0,0.0,0.0,0.0,0.0,0.0,0.0,0.0,0.0,0.0,0.0,0.0,0.0,0.0,0.0,0.0,0.0,0.0,0.0,0.0,0.0,0.0,0.0,0.0,0.0
182.21296296296296,23.703703703703702,95.27777777777777,14.055555555555555,47.33333333333333,8.75,67.79629629629629,28.055555555555554,40.27777777777777,11.25,31.564814814814813,40.648148148148145,43.51851851851852,3.666666666666667,28.888888888888886,7.083333333333333,40.69444444444444,7.777777777777777,18.00925925925926,8.222222222222221,2.8703703703703702,33.01851851851852,35.138888888888886,5.0,1.6666666666666665,13.166666666666666,7.87037037037037,0.0,12.5,22.314814814814813,24.72222222222222,21.203703703703702,5.833333333333333,10.833333333333332,2.8703703703703702,0.0,10.092592592592592,0.0,6.666666666666666,4.814814814814815,5.0,0.0,0.0,46.57407407407407,4.416666666666666,0.0,1.1111111111111112,0.0,1.6666666666666665,0.0,0.0,0.0,0.0,0.0,0.0,1.1111111111111112,0.0,2.5,0.0,0.0,0.0,0.0,10.555555555555555,3.333333333333333,0.0,0.0,0.0,1.1111111111111112,0.5555555555555556,0.0,0.0,0.0,1.1111111111111112,0.0,0.0,6.111111111111111,0.0,0.0,0.0,1.6666666666666665,1.1111111111111112,0.6666666666666666,0.0,1.6666666666666665,14.999999999999998,0.0,0.0,1.1111111111111112,0.0,1.6666666666666665,1.6666666666666665,0.0,0.0,0.5555555555555556,0.0,0.0,0.0,0.0,0.0,0.0,0.2777777777777778,0.0,5.833333333333333,6.666666666666666,3.611111111111111,0.0,0.0,0.0,0.0,0.0,0.0,0.0,0.0,0.0,0.0,0.0,0.0,0.0,0.0,0.0,0.0,0.0,0.0,1.1111111111111112,0.0,1.5277777777777777,0.0,1.6666666666666665,0.0,0.0,0.0,0.0,0.6666666666666666,0.0,0.0,0.0,0.0,0.0,1.9629629629629628,0.0,0.37037037037037035,0.0,0.0,0.0,0.0,0.0,0.0,0.0,0.0,0.0,0.0,0.0,0.0,0.0,0.0,0.0,0.0,0.0,0.0,0.0,0.0,0.0,0.0,0.0,0.0,0.0,1.3888888888888888,0.0,0.0,0.0,0.0,0.0,0.0,0.0,0.0,0.0,0.0,0.0,0.0,0.0,0.0,0.0,0.0,0.0,0.0,0.0,0.0,1.6666666666666665,0.0,0.0,0.0,1.6666666666666665,0.0,0.0,0.0,0.0,0.0,0.0,0.0,0.0,0.0,0.0,0.0,0.0,0.0,0.0,0.0,0.0,0.0,0.0,0.0,0.0,0.0,0.0,0.0,0.0,0.0,0.0,0.0,0.0,0.0,0.0,0.0,0.0,0.0,0.0,0.0,0.0,0.0,0.0,0.0,0.0,0.0,0.0,0.0,0.0,0.0,0.0,0.0,0.0,0.0,0.0,0.0,0.0,0.0,0.0,0.0,0.0,0.0,0.0
199.50265906932572,48.34656084656085,107.21613201613201,66.15418871252204,46.731156806156804,30.985551485551486,24.515993265993263,55.053591470258134,17.12121212121212,13.048148148148147,37.02594148770619,6.902910052910053,40.220987654320986,36.770903479236814,16.87610306360306,20.407407407407405,14.548059964726631,20.99029982363316,18.86111111111111,59.2979242979243,21.41005291005291,23.41269841269841,8.055555555555555,17.287301587301588,14.832936507936507,13.37341670675004,16.40740740740741,0.18518518518518517,7.87989417989418,6.424603174603175,4.555555555555555,2.5,9.795787545787546,25.413105413105413,15.172839506172838,6.513888888888888,3.0277777777777777,7.534126984126984,9.02116402116402,9.387566137566138,12.294753086419753,15.8015873015873,2.1888888888888887,0.0,10.93095238095238,6.666666666666666,12.162698412698413,0.0,14.929629629629629,5.943602693602694,2.7777777777777777,0.4444444444444445,5.552655677655677,11.429012345679013,10.581481481481482,0.8611111111111112,0.6944444444444444,0.6666666666666666,0.5222222222222223,3.6666666666666665,2.037037037037037,0.2777777777777778,0.0,0.0,0.0,0.05050505050505051,0.0,0.787037037037037,3.9706959706959704,4.930555555555555,0.6666666666666667,0.5555555555555556,9.017740429505135,0.05050505050505051,0.0,0.0,0.0,1.3888888888888888,0.2777777777777778,0.0,0.0,1.4002849002849003,0.10416666666666666,0.2833333333333333,1.074074074074074,0.09259259259259259,3.611111111111111,0.1388888888888889,0.0,3.4259259259259256,0.0,0.0,0.10416666666666666,0.6666666666666666,0.09259259259259259,1.1111111111111112,0.0,1.1111111111111112,9.930555555555555,5.873015873015873,0.0,4.520074696545285,0.09259259259259259,1.5506715506715507,0.10416666666666666,0.0,0.0,0.0,0.0,0.6481481481481481,2.3955026455026456,5.031986531986532,0.08333333333333333,0.0,2.4206349206349205,0.0,14.125,0.0,0.0,0.0,0.0,0.0,0.23809523809523808,1.1904761904761905,0.0,0.2777777777777778,9.944444444444445,0.728395061728395,3.472222222222222,0.5050505050505051,0.0,0.0,0.5277777777777778,0.0,0.0,0.31746031746031744,5.0,0.2777777777777778,4.666666666666666,0.22222222222222224,0.0,0.2564102564102564,0.0,6.717171717171718,1.5740740740740742,0.36111111111111116,1.2962962962962963,0.8333333333333334,1.5555555555555556,5.487722154388821,0.7407407407407407,0.18518518518518517,0.37037037037037035,0.37037037037037035,0.0,0.0,0.638888888888889,0.0,5.777777777777779,0.0,0.0,1.6666666666666665,0.0,0.0,0.16666666666666666,0.0,0.0,0.0,4.444444444444445,0.617283950617284,0.0,3.6527777777777777,0.0,3.333333333333333,0.0,0.1388888888888889,0.0,0.18518518518518517,0.0,0.5555555555555556,0.0,0.0,0.0,0.0,0.0,0.0,0.0,1.6666666666666665,0.0,0.0,0.4673721340388007,0.0,0.0,0.0,0.0,0.1728395061728395,4.166666666666666,0.8333333333333334,0.0,0.0,0.0,1.089003589003589,0.0,0.2777777777777778,0.0,0.0,0.0,0.0,0.0,0.0,0.25252525252525254,0.0,0.0,0.0,0.0,0.0,0.0,0.0,0.0,0.0,0.0,0.0,0.0,0.0,0.0,0.0,0.0,0.0,0.0,0.0,0.0,0.0,0.0,0.0,0.0,0.0,0.10101010101010102,0.0,0.0,0.6666666666666666,0.0,0.0,0.0,0.0,0.0,0.0,0.0,0.5555555555555556,0.0,0.0
196.11180350150937,14.474506974506975,127.97631072631071,14.033128908128907,22.006252440370087,9.527777777777777,4.563492063492063,24.66233766233766,7.222222222222222,81.90277777777777,16.102092352092352,43.77777777777778,2.6125541125541125,4.962962962962963,5.618640618640618,7.8990240240240235,10.952380952380953,31.52651515151515,14.509971509971509,42.44370213120213,6.597222222222221,11.37061087061087,1.923076923076923,14.896645021645021,14.814814814814815,6.926282051282051,0.0392156862745098,0.0,7.777777777777778,0.20833333333333334,29.678571428571427,2.738095238095238,0.753968253968254,0.0,0.8095238095238095,0.0,0.9722222222222222,8.055555555555555,3.333333333333333,0.20833333333333331,28.257575757575754,5.195887445887445,0.0,6.666666666666666,3.412698412698413,46.2923951048951,5.285714285714286,4.333333333333333,0.0,7.571428571428571,2.6175213675213675,0.0,4.139957264957265,5.333333333333333,0.0,4.166666666666667,1.0,0.23809523809523808,0.8333333333333333,0.8333333333333333,7.754629629629629,0.0,0.0,7.185185185185184,0.0,0.5,3.333333333333333,0.0,0.0,0.0,0.2564102564102564,3.333333333333333,0.0,0.5,13.055555555555555,0.0,0.47619047619047616,0.0,0.5555555555555556,1.6666666666666665,3.333333333333333,0.11904761904761904,0.2564102564102564,0.0,0.0,1.6666666666666665,0.0,0.06944444444444445,0.0,3.8095238095238093,3.7087912087912085,0.06944444444444445,7.666666666666667,0.0,0.47619047619047616,0.37037037037037035,0.0,0.0,0.0,0.0,5.337301587301587,0.3952991452991453,0.41666666666666663,0.20833333333333331,0.0,0.3137254901960784,0.4869169608163915,0.0,7.303754412245873,1.4814814814814814,0.0,1.527777777777778,0.0,0.0,2.0802808302808304,0.4869169608163915,0.0,0.4869169608163915,0.4869169608163915,4.869169608163915,0.4869169608163915,0.4869169608163915,0.8333333333333333,0.0,0.0,0.0,2.6111111111111107,0.0,0.0,9.642857142857142,0.0,0.0,0.0,0.0,5.972402597402597,0.0,5.486111111111111,0.0,0.0,0.37037037037037035,1.6666666666666665,1.222222222222222,21.796296296296294,0.0,0.0,2.98983598983599,0.0,1.5656565656565657,0.0,0.0,16.333333333333332,0.0,5.214743589743589,0.0,0.0,0.0,4.674843674843675,0.0,0.0,0.0,0.0,0.0,0.0,0.5555555555555556,0.0,0.0,0.0,0.0,0.0,0.0,8.148148148148147,0.0,1.1174242424242424,0.0,0.0,0.0,0.0,0.0,0.0,0.0,0.0,0.0,0.0,0.0,0.0,1.0416666666666665,0.0,0.0,0.5555555555555556,0.0,1.1111111111111112,0.0,0.0,0.0,0.5128205128205128,0.0,0.0,0.0,0.0,0.0,3.9346405228758172,5.851851851851851,0.0,0.0,0.0,0.0,0.1568627450980392,3.333333333333333,0.0,17.083333333333332,0.0,4.918781654075771,1.6666666666666665,0.0,0.0,2.6666666666666665,0.0,0.0,2.1645021645021645,0.0,0.0,0.0,0.6666666666666666,0.0,1.1111111111111112,0.0,0.0,0.0,0.0,0.0,0.0,0.0,0.0,0.0,0.0,0.0,0.0,0.0,0.0,0.0,1.5151515151515151,0.0,0.0,0.0,0.5555555555555556,0.18518518518518517,0.0,0.0,0.0,0.20833333333333331
30.865079365079364,26.976190476190474,18.206349206349206,2.7777777777777777,0.0,0.0,1.6666666666666665,4.444444444444445,0.0,4.583333333333333,6.481481481481481,0.0,1.1666666666666665,0.08333333333333333,0.6666666666666666,0.0,0.0,10.0,2.0,2.9166666666666665,0.0,0.0,0.0,1.6666666666666665,0.0,4.888888888888889,0.0,0.0,0.47619047619047616,0.0,1.6666666666666665,0.0,0.0,0.0,1.0,0.0,0.0,0.0,0.0,0.0,0.0,0.0,0.18518518518518517,1.3333333333333333,0.0,0.0,0.0,1.3888888888888888,11.904761904761905,1.6666666666666667,3.0555555555555554,1.5,0.0,1.6666666666666665,0.0,3.7777777777777777,0.0,0.0,0.0,0.0,0.3333333333333333,0.0,0.0,0.0,0.0,0.0,1.0,0.0,0.0,0.0,0.0,0.0,0.0,0.0,0.0,0.0,0.0,0.0,0.0,0.23809523809523808,0.0,0.0,0.0,0.0,0.0,0.0,0.0,0.0,0.0,0.0,0.0,0.0,0.0,0.0,0.0,0.0,2.7777777777777777,0.0,0.0,0.0,0.0,0.0,0.0,0.0,0.0,0.0,0.0,0.0,0.0,0.0,0.2777777777777778,0.0,0.0,0.0,0.4166666666666667,0.0,0.0,0.0,0.0,0.0,0.0,0.0,3.333333333333333,0.0,0.0,0.0,0.0,0.0,0.0,0.0,0.0,0.0,0.0,0.0,0.0,0.0,0.0,0.0,0.0,0.0,0.0,0.0,5.0,0.9523809523809523,0.0,0.41666666666666663,0.0,0.0,0.0,0.0,0.0,0.0,0.0,0.0,0.0,0.6666666666666666,0.0,0.0,0.0,0.0,0.0,0.0,0.0,0.0,0.0,0.0,0.0,0.0,0.0,0.0,0.0,0.0,0.0,0.0,0.0,0.0,0.0,0.0,0.0,0.0,0.0,0.0,0.0,0.0,0.0,0.0,0.0,0.0,0.0,0.0,0.0,0.0,0.0,0.0,0.0,0.0,3.333333333333333,0.0,0.0,0.0,0.0,0.0,0.0,0.0,0.0,0.0,0.0,0.0,0.0,0.0,0.0,0.0,0.41666666666666663,0.0,0.0,0.0,0.0,0.0,0.0,0.0,0.0,0.0,0.0,2.6666666666666665,0.0,0.0,0.0,0.0,2.333333333333333,0.0,0.5555555555555556,0.0,0.0,0.0,0.0,0.0,0.0,0.0,0.0,0.0,0.0,0.0,0.0,0.0,0.0,0.0,0.0,0.0,0.0,0.0
2637.3357946006076,588.1686507936507,263.32393069893067,937.576645622466,984.7092962263165,1087.266138789526,296.8742794242794,945.8602878866161,224.8385827135827,188.78690440488685,244.62770655270654,161.26630591630592,337.77509542428896,250.16129148629147,267.3490944240944,227.39331316831317,351.01290868629576,52.17962962962963,117.387102014295,792.7960733710734,244.3191092046355,483.62643390062743,409.3089466089466,220.305291005291,382.79735031993096,207.51473248973247,56.24179037336932,161.64352776852775,724.9927267177267,1.25,110.63731854565188,174.78920153920154,464.37614560867246,163.0050136542072,115.70283605283605,103.4038961038961,369.1070629175892,104.35780423280423,41.534126984126985,213.8329365079365,465.51764254264253,262.979016475727,18.153897028897028,137.2734126984127,46.90542328042328,225.92450142450141,543.520345544539,46.4253848003848,30.828042328042326,360.20910801349396,54.49337352462352,28.77579365079365,42.71018518518518,115.27083564583565,10.756613756613756,88.66204906204906,61.25,207.52001447220744,0.0,22.829220779220776,59.16534391534391,10.022486772486772,51.22420634920635,122.24125781625781,55.75971620971621,1.25,3.1888888888888887,94.02222222222221,281.86334776334775,73.28421115921115,19.983333333333334,72.38760683760684,106.86118326118326,0.41666666666666663,0.5555555555555556,24.503968253968253,2.6269841269841265,72.9910052910053,29.56984126984127,114.82804232804233,10.402236652236653,35.726190476190474,26.92328042328042,1.5,9.929629629629629,11.617063492063492,5.7592592592592595,59.47539682539682,83.97172827172827,132.22363654863653,14.966931216931215,125.21388888888889,12.748778998778999,30.605820105820104,62.26434676434676,0.37037037037037035,12.108730158730157,0.0,3.402116402116402,17.113492063492064,82.19603174603175,58.1259768009768,101.82787081339713,70.51755651755651,12.962962962962962,23.654444248561894,0.29910714285714285,19.171031746031744,4.486607142857143,13.289295499821815,7.073412698412698,1.6574074074074074,5.6646825396825395,10.829004329004329,3.39033189033189,0.6324404761904762,3.083333333333333,0.29910714285714285,0.29910714285714285,2.9910714285714284,0.29910714285714285,0.29910714285714285,0.0,8.822344322344323,29.26310171310171,44.51255411255411,90.45978835978836,6.3353174603174605,23.193650793650793,9.08128908128908,4.136111111111111,82.32822732822733,0.0,3.536111111111111,0.0,0.0,35.47665945165945,0.0,5.17037037037037,16.881613756613756,33.214285714285715,3.333333333333333,36.696944939591994,10.11111111111111,10.88888888888889,1.3333333333333333,15.595959595959595,19.564486588680136,12.948412698412698,13.981481481481481,109.28805453805454,15.221428571428572,23.33994708994709,6.064814814814815,8.63095238095238,0.8333333333333333,38.65939153439153,1.4305555555555554,33.44378306878307,12.942640692640692,0.11111111111111112,13.726190476190474,8.625,0.0,129.10026455026454,3.3333333333333335,6.727633477633478,0.22222222222222224,6.50998075998076,18.078282828282827,0.5555555555555556,37.88333333333333,0.0,0.9464285714285714,0.3333333333333333,0.6666666666666666,7.894179894179894,0.0,3.263888888888889,0.37037037037037035,0.41666666666666663,6.177248677248677,3.0886243386243386,0.5158730158730158,2.0634920634920633,1.1666666666666665,14.654280904280903,1.7129629629629628,0.5555555555555556,0.0,18.908730158730158,15.849206349206348,0.0,7.551851851851852,0.22222222222222224,8.563492063492063,0.47619047619047616,3.944444444444444,6.030543530543531,3.771717171717172,1.1111111111111112,0.0,2.7474747474747474,11.674603174603174,39.067460317460316,3.833333333333333,0.0,27.447210197210197,0.0,0.0,5.203703703703704,5.476190476190475,24.082671957671955,4.21010101010101,1.1111111111111112,0.0,10.823412698412698,9.367063492063492,14.559163059163058,6.222222222222222,0.0,0.0,2.4603174603174605,1.4035087719298245,0.0,0.6111111111111112,0.0,1.6666666666666665,1.6666666666666665,0.0,0.0,10.624338624338623,0.0,3.333333333333333,0.0,3.4027777777777777,4.033730158730158,1.9722222222222223,0.0,0.875,0.0,0.0,2.7777777777777777,0.0,12.803968253968254,5.555555555555555,26.78174603174603,0.0,22.166666666666664,11.558922558922559
230.01984126984127,72.63888888888889,192.77777777777777,93.05555555555554,394.6296296296296,30.462962962962962,122.17592592592592,33.98148148148148,84.9074074074074,100.83333333333333,25.583333333333332,106.52777777777777,45.27777777777777,58.425925925925924,11.277777777777777,12.499999999999998,16.944444444444443,52.77777777777777,27.22222222222222,8.61111111111111,24.166666666666664,31.48148148148148,28.333333333333332,5.555555555555555,21.03174603174603,21.388888888888886,7.916666666666666,19.791666666666664,10.277777777777777,30.05050505050505,3.333333333333333,10.277777777777777,9.166666666666666,1.6666666666666665,10.555555555555555,5.555555555555555,7.777777777777777,5.277777777777778,8.88888888888889,15.0,2.2222222222222223,11.11111111111111,2.142857142857143,6.944444444444444,0.0,9.722222222222221,0.8333333333333333,3.0555555555555554,6.666666666666666,39.72222222222222,12.777777777777777,2.5,8.333333333333332,2.5,0.0,1.1111111111111112,7.222222222222221,0.0,2.7777777777777777,1.6666666666666665,0.0,1.6666666666666665,0.8333333333333333,0.0,3.6111111111111107,0.0,2.962962962962963,3.333333333333333,2.7777777777777777,0.5555555555555556,1.1111111111111112,0.6666666666666666,0.0,0.0,8.61111111111111,0.5555555555555556,3.4444444444444446,1.6666666666666665,0.8333333333333333,2.2222222222222223,0.0,1.6666666666666665,1.6666666666666665,3.333333333333333,0.0,1.6666666666666667,0.0,3.333333333333333,0.0,5.0,1.6666666666666665,0.8333333333333333,0.0,2.2222222222222223,5.555555555555555,5.0,0.0,0.0,0.5555555555555556,0.0,1.6666666666666665,0.0,1.1111111111111112,0.5555555555555556,0.0,3.3333333333333335,0.05050505050505051,4.722222222222222,0.7575757575757577,3.333333333333333,2.2222222222222223,2.5925925925925926,0.0,2.2222222222222223,1.6666666666666665,0.05050505050505051,0.0,0.05050505050505051,0.05050505050505051,0.5050505050505051,0.05050505050505051,0.05050505050505051,0.0,3.6111111111111107,0.0,0.5555555555555556,8.333333333333332,0.0,0.0,0.0,1.6666666666666665,0.0,0.0,0.0,0.0,0.0,0.0,0.0,3.333333333333333,3.333333333333333,1.6666666666666665,0.0,0.0,0.0,0.0,0.0,1.6666666666666665,0.0,0.0,0.0,5.555555555555555,0.0,0.0,0.0,1.6666666666666665,1.6666666666666667,0.0,0.5555555555555556,4.722222222222221,1.6666666666666665,0.0,0.0,0.0,0.0,0.0,0.0,0.0,2.7777777777777777,3.333333333333333,4.166666666666666,0.0,0.0,0.0,3.333333333333333,0.8333333333333333,4.166666666666666,0.0,0.5555555555555556,1.6666666666666667,0.0,0.0,0.0,0.0,0.7268518518518519,2.9074074074074074,0.0,0.0,0.41666666666666663,0.0,0.0,0.0,0.0,0.0,0.0,0.0,0.41666666666666663,0.0,0.0,0.0,0.0,0.0,0.0,0.0,0.0,0.0,0.0,0.0,0.0,0.0,0.0,0.0,0.0,0.0,0.0,0.0,0.0,0.0,0.0,0.0,0.0,0.0,0.0,0.0,0.0,0.0,0.0,0.0,0.0,0.0,0.0,0.0,0.0,0.0,0.0,0.0,0.0,0.0,0.0,0.0,0.0,0.0,4.166666666666666,0.0,0.0,0.0,0.0,0.0,0.0,0.0,0.0
792.3518518518518,190.08333333333331,361.261396011396,129.0648148148148,352.9074074074074,69.92857142857143,227.0719373219373,92.91005291005291,117.29629629629629,43.05555555555556,92.33333333333333,238.12962962962962,90.28703703703704,117.9537037037037,174.2222222222222,48.28703703703703,149.41203703703704,20.416666666666664,33.50925925925926,18.148148148148145,19.407407407407405,94.4074074074074,34.49074074074074,71.33333333333333,0.0,29.444444444444443,74.48148148148148,1.4814814814814814,35.416666666666664,48.023148148148145,59.72222222222222,29.62962962962963,20.703703703703702,77.84523809523809,16.944444444444443,1.9722222222222223,10.0,12.444444444444445,7.523148148148148,32.03703703703704,34.99074074074074,0.0,2.425925925925926,108.56481481481481,10.416666666666666,6.277777777777778,14.629629629629628,0.0,7.277777777777778,14.37037037037037,1.1111111111111112,5.0,3.333333333333333,1.4550264550264551,1.3333333333333335,2.337962962962963,1.1111111111111112,5.5,0.5555555555555556,5.0,0.0,5.277777777777777,27.22222222222222,10.185185185185185,3.9999999999999996,0.0,0.0,3.0,3.2063492063492065,0.0,0.0,0.0,0.0,0.0,0.0,1.6666666666666665,0.0,3.0555555555555554,0.0,0.0,0.0,1.4814814814814814,0.0,4.555555555555555,54.888888888888886,0.37037037037037035,3.8888888888888884,3.6111111111111107,1.6666666666666665,1.6666666666666665,0.0,1.6666666666666665,1.6666666666666665,8.027777777777777,0.8333333333333333,0.0,0.0,8.69047619047619,0.0,2.444444444444444,3.333333333333333,0.8333333333333333,8.425925925925926,2.5,9.351851851851851,0.0,0.0,0.0,0.0,3.333333333333333,0.0,0.0,2.7777777777777777,0.37037037037037035,0.0,0.0,0.0,0.0,0.0,0.0,0.0,0.0,0.0,2.7777777777777777,0.2777777777777778,0.41666666666666663,0.0,7.222222222222221,0.0,0.0,0.0,1.7777777777777777,6.055555555555555,0.0,0.0,0.0,0.0,0.0,1.7777777777777777,0.0,2.7777777777777777,0.0,0.0,0.0,0.0,0.0,1.1111111111111112,1.9444444444444444,1.1111111111111112,0.0,0.0,0.0,0.0,0.9259259259259259,0.2777777777777778,0.0,1.6666666666666665,0.0,0.8333333333333333,0.0,0.0,0.0,0.37037037037037035,0.0,0.0,0.0,1.0555555555555556,0.0,1.1111111111111112,0.8333333333333333,0.0,0.0,0.0,0.5555555555555556,0.0,0.0,0.6666666666666666,3.7037037037037033,0.0,0.0,1.1111111111111112,0.0,0.0,0.0,0.0,0.0,0.0,0.0,0.0,0.0,0.0,1.1111111111111112,0.0,0.0,0.0,0.0,0.0,0.37037037037037035,0.0,0.0,0.0,0.0,0.0,0.0,1.6666666666666665,0.0,0.0,0.0,0.0,0.6666666666666666,0.0,0.0,0.0,0.0,0.0,0.0,0.0,0.0,0.0,0.0,0.0,0.0,0.15873015873015872,0.0,0.0,0.0,0.0,0.0,1.1111111111111112,1.6666666666666665,0.0,0.8333333333333333,0.0,0.0,0.0,0.0,0.0,0.0,0.0,0.0,0.0,0.0,0.0,0.0,0.0,0.0,0.0,0.0,0.0,0.0
189.02425892009225,50.54151404151404,78.07076719576719,71.52927627927627,80.009324009324,31.079405162738496,16.303189865689866,60.382114798781465,19.977292768959437,12.82010582010582,32.8516081871345,31.797438672438673,31.916666666666664,14.054843304843304,101.09054078016926,12.448743386243386,26.363756613756614,9.902777777777777,11.682234432234432,42.97018722018722,7.073717948717949,14.998456790123457,4.682539682539682,12.079685746352412,47.60621785621785,1.6666666666666667,4.675925925925926,6.623376623376624,51.19708994708994,0.8333333333333334,3.1055068226120857,13.032407407407407,7.636752136752136,2.7261904761904763,0.0,0.8518518518518519,8.754208754208754,19.174603174603174,3.3035714285714284,2.017806267806268,6.416666666666666,50.23951434368101,3.2261904761904763,6.555555555555555,4.666666666666666,0.09259259259259259,44.279761904761905,3.7499999999999996,2.007936507936508,2.7777777777777777,0.3333333333333333,4.703703703703703,13.568830092049906,2.7777777777777777,7.042124542124542,3.226190476190476,0.7307692307692308,3.4444444444444446,0.0,0.40476190476190477,2.7777777777777777,1.6666666666666665,3.214285714285714,0.0,1.1111111111111112,1.037037037037037,2.7777777777777777,4.277777777777778,2.5284900284900287,2.4887334887334887,2.7777777777777777,1.8584656084656084,0.0,1.037037037037037,0.12345679012345678,9.92022792022792,1.1818181818181819,0.0,0.16666666666666666,0.0,1.164021164021164,1.1111111111111112,1.2647058823529411,1.6666666666666665,3.1150793650793647,1.6666666666666665,0.3333333333333333,1.25,0.0,6.875,0.0,1.4285714285714284,2.176322043969103,2.6488095238095237,0.0,0.0,0.0,0.0,0.41666666666666663,1.25,4.219576719576719,6.1043744983373465,0.0,0.0,0.0,0.0,0.09523809523809525,0.6666666666666666,1.4285714285714286,0.10416666666666666,7.319444444444444,3.3333333333333335,5.277777777777778,0.2777777777777778,1.4636752136752136,0.09523809523809525,0.0,0.09523809523809525,0.09523809523809525,0.9523809523809524,0.09523809523809525,0.09523809523809525,0.6944444444444444,0.5934343434343434,0.23809523809523808,0.0,1.1111111111111112,0.0,1.6025641025641026,1.1111111111111112,0.0,0.0,0.0,0.10416666666666666,0.0,0.0,0.5555555555555556,1.3414786967418546,0.0,0.6388888888888888,2.7777777777777777,0.0,14.722222222222221,4.444444444444445,0.6944444444444444,0.0,0.2777777777777778,0.0,0.0,1.6666666666666667,0.0,6.577635327635328,0.22222222222222224,0.0,0.4894179894179894,0.0,0.0,0.0,0.6190476190476191,0.15151515151515152,0.0,9.04320987654321,0.0,3.333333333333333,0.0,0.0,0.0,0.0,0.0,0.0,0.0,2.4873737373737375,0.8333333333333333,0.0,0.22222222222222224,1.6666666666666667,0.0,0.0,0.20833333333333331,0.3333333333333333,0.0,0.0,0.0,0.9761072261072261,3.9044289044289044,0.0,0.0,0.5555555555555556,2.7777777777777777,0.0,0.0,0.0,1.5542328042328042,0.0,0.0,0.0,0.0,0.0,0.15151515151515152,0.0,0.0,0.0,0.455026455026455,0.0,1.1111111111111112,7.083333333333332,0.0,0.0,0.0,0.0,0.16666666666666666,0.0,0.0,0.0,0.0,0.0,0.0,0.0,1.6666666666666665,0.0,1.6666666666666665,0.0,0.8333333333333333,0.0,0.0,0.1282051282051282,0.0,13.888888888888888,0.0,0.0,0.0,0.0,0.0,0.0,0.0,0.0,0.0,0.0,0.0,0.0,0.0,0.0,0.0,0.0,0.0,0.0,0.0,0.0,0.0,0.0
62.01851851851851,31.75,27.38888888888889,21.61111111111111,7.726430976430976,25.892857142857142,18.194444444444443,31.36111111111111,40.79629629629629,2.5,10.666666666666666,1.6666666666666665,0.0,33.18518518518518,1.4285714285714284,9.166666666666666,17.26190476190476,5.595238095238095,2.0555555555555554,6.666666666666666,6.944444444444445,2.4074074074074074,8.73015873015873,0.6666666666666666,12.222222222222221,1.8333333333333333,1.5595238095238095,0.5555555555555556,7.916666666666666,0.9722222222222222,0.5555555555555556,0.0,0.0,2.0833333333333335,3.333333333333333,0.3333333333333333,3.4761904761904763,0.6666666666666666,0.0,5.555555555555555,1.3333333333333333,0.0,5.555555555555555,0.0,0.0,19.23148148148148,0.0,5.833333333333333,0.0,1.7999999999999998,0.0,0.0,0.0,0.0,0.5555555555555556,0.0,1.1111111111111112,0.8333333333333333,1.1111111111111112,1.0,8.642857142857142,0.0,1.6666666666666665,0.0,0.0,0.41666666666666663,0.5687830687830687,0.0,0.0,0.0,0.0,14.19973544973545,0.0,0.41666666666666663,3.666666666666666,13.563492063492063,0.0,0.0,0.0,0.0,0.0,0.0,2.2222222222222223,0.0,0.0,0.0,3.333333333333333,0.0,1.3333333333333333,0.0,0.0,0.0,0.0,0.0,0.9090909090909092,3.666666666666666,0.0,0.0,1.1111111111111112,0.0,0.0,0.0,0.0,0.0,0.0,0.0,0.09259259259259259,0.0,1.3888888888888888,0.0,0.0,0.0,0.0,0.0,0.0,0.09259259259259259,0.0,0.09259259259259259,0.09259259259259259,0.9259259259259258,0.09259259259259259,0.09259259259259259,0.0,0.0,0.0,0.0,0.0,0.0,0.0,7.268518518518518,0.5555555555555556,0.0,0.0,0.0,0.0,0.23809523809523808,2.2222222222222223,0.0,0.0,3.333333333333333,0.0,0.0,0.0,0.0,0.0,0.0,0.0,0.0,5.0,0.0,0.0,0.0,0.0,0.0,0.0,0.0,0.0,5.151515151515151,0.0,0.0,6.666666666666666,1.6666666666666665,0.0,2.5,0.0,0.0,0.0,0.0,0.0,0.0,0.0,0.0,40.82539682539682,0.0,0.0,0.0,0.0,0.0,0.0,7.333333333333333,0.0,0.0,0.0,0.0,0.0,0.0,0.0,1.6666666666666665,0.0,0.0,0.0,0.0,0.0,0.0,1.2037037037037037,0.0,0.0,0.0,0.0,0.0,0.0,0.0,0.0,0.0,0.0,0.0,0.0,0.0,0.0,0.0,0.0,0.0,0.0,0.0,0.0,0.0,0.0,0.0,0.0,0.47619047619047616,0.6666666666666666,0.0,0.0,21.73383606299831,0.0,3.333333333333333,0.0,0.0,1.6666666666666665,0.0,0.0,0.0,0.0,0.5555555555555556,0.0,0.0,0.0,0.0,0.0,0.0,0.0,0.0,0.0,0.0,0.0,0.0,0.0,0.0,0.0,0.0
464.6058265898952,90.67129629629629,101.13035113035113,152.67968374218373,235.54138608305274,232.91843168926502,55.83459595959596,203.77709207057032,139.94459475709476,68.28048032214699,160.87334656084656,60.01190476190476,72.28902116402116,81.64484126984127,89.61225702402173,79.53451178451178,47.7390873015873,37.082671957671955,31.535253326919992,43.42063492063492,83.0465367965368,43.2851631393298,165.73862942612942,33.573412698412696,22.37845719095719,61.0244708994709,14.217592592592592,8.446127946127946,41.80934343434343,5.787716912716912,57.98520923520923,25.731837606837605,27.4271164021164,57.39087301587301,34.18386243386243,20.683922558922557,71.4878848003848,191.11979918229918,7.125,61.876503126503124,155.63260582010582,43.03637566137566,13.660714285714285,31.57142857142857,4.2023809523809526,25.610690235690235,68.14814814814815,3.865079365079365,5.648148148148148,81.70414462081128,38.90275234025234,8.75,4.671717171717172,4.444444444444444,3.333333333333333,7.063492063492063,27.38558201058201,20.278744403744405,1.1544011544011543,1.6798941798941798,14.459475709475708,11.054713804713804,48.101190476190474,20.881553631553633,14.944444444444445,2.083333333333333,0.8333333333333333,12.457671957671957,19.554232804232804,4.1269841269841265,20.680555555555554,6.071428571428571,11.027777777777779,2.083333333333333,0.0,1.9166666666666665,0.0,9.48611111111111,5.833333333333333,7.611111111111111,2.4290524290524287,5.0,13.041666666666666,0.5,17.634920634920636,43.46398508898509,2.486111111111111,16.541666666666664,5.755411255411255,39.93003718003718,8.38888888888889,22.170634920634917,3.988095238095238,2.833333333333333,16.773809523809522,0.0,1.0,5.625,8.333333333333332,13.502127127127126,16.555555555555554,14.01388888888889,18.578042328042326,29.0,0.8174603174603174,3.4169191919191917,0.04504504504504504,1.8055555555555554,0.6756756756756757,1.0694444444444444,1.4385521885521886,2.9166666666666665,7.261363636363636,1.6666666666666665,2.583333333333333,0.04504504504504504,14.472222222222221,0.04504504504504504,0.04504504504504504,0.4504504504504504,0.04504504504504504,0.04504504504504504,0.0,6.208333333333333,0.8516483516483516,1.0185185185185186,21.48155298155298,4.6875,3.888888888888889,10.9931307621525,3.3320707070707067,1.25,0.0,1.1805555555555556,0.0,0.0,0.7638888888888888,0.10101010101010102,1.4464285714285714,0.3333333333333333,4.625,0.3333333333333333,0.0,1.6666666666666665,93.6170634920635,0.0,1.8888888888888888,1.3888888888888888,7.091727716727716,0.0,23.07010582010582,0.4166666666666667,0.0,1.4444444444444444,16.486467236467234,1.6666666666666665,1.0833333333333333,1.0,3.7499999999999996,6.095959595959595,0.0,0.5555555555555556,1.9166666666666665,0.0,14.687830687830687,0.0,4.337759462759463,0.0,2.5297619047619047,0.0,0.0,7.48015873015873,0.5113636363636364,2.723905723905724,1.6666666666666665,1.6666666666666665,1.4417989417989416,0.3333333333333333,0.0,0.0,2.206349206349206,3.0134680134680134,1.5067340067340067,0.0,0.0,0.2777777777777778,0.0,0.0,0.5555555555555556,0.0,2.7777777777777777,1.277777777777778,0.09259259259259259,3.944444444444444,0.0,0.15873015873015872,0.0,3.1944444444444446,3.888888888888889,0.2556818181818182,3.65,0.0,0.41666666666666663,4.555555555555555,0.0,0.0,0.20277777777777778,4.345959595959596,0.0,0.0,1.6666666666666665,0.0,0.0,0.5113636363636364,0.0,0.0,1.0277777777777777,1.7222222222222223,0.23809523809523808,2.533333333333333,0.0,0.0,0.0,0.0,0.09259259259259259,0.0,0.0,5.266666666666667,0.0,0.0,0.0,3.54040404040404,0.3333333333333333,0.8333333333333333,0.3333333333333333,0.8333333333333333,0.47619047619047616,0.0,1.037037037037037,0.0,0.0,0.0,1.3863636363636362,0.0,0.0,2.992063492063492,0.0,0.0,0.0,0.5555555555555556
68.69390331890331,37.234848484848484,8.61111111111111,6.666666666666666,63.484848484848484,0.7407407407407407,10.0,5.277777777777778,2.2222222222222223,3.2638888888888884,11.399572649572649,7.111111111111111,3.333333333333333,5.012626262626262,2.638888888888889,0.8333333333333333,2.2222222222222223,0.0,3.333333333333333,1.6666666666666667,1.1111111111111112,3.855218855218855,10.61111111111111,3.0555555555555554,11.679292929292927,20.19642857142857,0.0,1.6666666666666665,0.0,1.1111111111111112,2.5,10.75,1.9444444444444444,0.0,9.166666666666666,3.194444444444444,0.0,1.6666666666666665,4.04040404040404,5.416666666666666,0.8333333333333333,3.4027777777777777,0.0,0.0,0.0,0.0,0.0,0.0,0.0,0.8333333333333334,3.7626262626262625,0.0,0.0,0.0,0.0,0.8333333333333333,0.0,0.0,0.0,0.0,0.0,0.0,0.0,0.0,5.0,0.0,0.0,0.0,2.5,0.0,0.0,9.472222222222221,0.0,0.0,0.5555555555555556,0.0,0.0,6.136363636363636,2.638888888888889,0.0,0.5555555555555556,0.0,0.0,0.0,0.0,0.0,0.0,2.5,0.0,0.0,0.0,1.1111111111111112,0.0,0.5555555555555556,0.41666666666666663,0.0,0.0,0.0,0.0,0.0,0.0,0.41666666666666663,0.0,0.0,0.0,0.0,0.0,0.0,0.0,5.833333333333333,0.0,0.0,0.0,0.0,0.0,0.0,0.0,0.0,0.0,0.0,0.0,0.0,0.0,1.6666666666666665,0.1282051282051282,0.0,17.8015873015873,0.5555555555555556,0.0,0.0,1.3333333333333333,0.0,0.0,0.0,0.0,0.0,0.0,0.0,0.0,0.0,0.0,0.0,0.0,0.0,0.0,0.0,0.0,0.5555555555555556,0.0,0.0,0.0,0.0,0.2777777777777778,0.0,0.0,0.0,0.0,0.0,0.0,0.0,0.0,0.0,0.0,0.0,0.0,0.0,0.0,0.0,0.0,0.0,0.0,0.0,0.0,0.0,0.0,0.0,0.0,0.0,0.0,0.0,0.0,0.0,0.0,0.0,0.0,0.0,0.0,0.0,0.0,0.0,0.0,0.0,0.0,0.0,0.0,0.0,0.0,0.0,0.0,0.0,0.0,0.0,0.0,0.0,0.0,0.0,0.0,0.0,0.0,0.0,3.333333333333333,0.0,0.0,0.0,0.0,0.0,0.0,0.0,0.0,0.0,0.0,0.0,0.0,0.0,0.0,0.0,0.0,0.0,0.0,0.0,0.0,0.0,0.0,0.0,0.0,0.0,0.0,0.0,0.0,0.0,0.0,0.0,0.0,0.0,0.0,0.0,0.0,0.0,0.0,0.0
227.72168109668107,49.17929292929293,25.277777777777775,7.777777777777778,80.84595959595958,3.2407407407407405,28.055555555555554,6.111111111111111,5.833333333333333,4.097222222222221,26.399572649572647,9.61111111111111,3.333333333333333,6.679292929292929,5.972222222222222,5.833333333333333,5.555555555555555,5.0,9.166666666666666,1.6666666666666667,2.7777777777777777,7.188552188552188,14.361111111111109,4.722222222222222,15.845959595959595,19.640873015873016,0.0,1.6666666666666665,0.0,6.111111111111111,2.5,9.083333333333332,1.9444444444444444,0.0,7.499999999999999,2.638888888888889,0.0,2.5,7.79040404040404,5.416666666666666,2.5,9.51388888888889,0.0,0.0,1.6666666666666667,0.0,0.0,0.0,0.0,4.166666666666666,14.595959595959595,0.0,0.0,0.0,0.0,0.8333333333333333,0.0,0.0,0.0,0.0,0.0,0.0,0.0,0.0,5.0,0.0,0.0,0.0,2.5,0.0,0.0,9.472222222222221,0.0,0.0,5.138888888888888,0.0,0.0,4.469696969696969,2.638888888888889,0.0,0.5555555555555556,0.0,3.333333333333333,0.0,0.0,0.0,0.0,1.6666666666666665,0.0,0.8333333333333333,0.0,1.1111111111111112,0.8333333333333333,0.5555555555555556,0.41666666666666663,5.0,0.0,0.0,0.0,0.0,0.0,0.41666666666666663,0.0,0.0,0.0,0.0,0.0,0.0,0.0,2.5,0.0,0.0,0.0,0.0,0.0,0.0,0.0,0.0,0.0,0.0,0.0,0.0,0.0,2.7777777777777777,0.1282051282051282,0.0,17.8015873015873,0.5555555555555556,0.0,0.0,6.333333333333333,0.0,0.0,0.0,0.0,0.0,0.0,0.0,0.0,0.0,0.0,0.0,0.0,0.0,0.0,0.0,0.0,0.5555555555555556,0.0,0.0,0.0,0.0,0.2777777777777778,0.0,0.0,0.0,0.0,0.0,0.0,0.0,0.0,0.0,0.0,0.0,0.0,0.0,0.0,0.0,0.0,0.0,0.0,0.0,3.333333333333333,0.0,0.0,0.0,0.0,0.0,0.0,0.0,0.0,0.8333333333333333,0.41666666666666663,0.0,0.0,0.0,0.0,0.0,0.0,0.0,0.0,0.0,0.0,0.0,0.0,0.0,0.0,0.0,0.0,0.0,0.0,0.0,0.0,0.8333333333333333,0.0,0.0,0.0,0.0,0.0,0.0,5.0,0.0,0.0,0.0,1.6666666666666665,0.0,0.0,0.0,0.0,0.0,0.0,0.0,0.0,0.0,0.0,0.0,0.0,0.0,0.0,0.0,0.0,0.0,0.0,0.0,0.0,0.0,0.0,0.0,0.0,0.0,0.0,0.0,0.0,0.0,0.0,0.0,0.0,0.0,0.0,0.0
43.888888888888886,10.606060606060606,16.666666666666664,34.44444444444444,29.999999999999996,6.666666666666666,13.333333333333332,20.0,23.333333333333332,4.166666666666666,5.833333333333333,6.666666666666666,2.0,6.666666666666666,6.666666666666666,0.0,0.0,0.0,3.333333333333333,10.0,3.333333333333333,3.333333333333333,3.333333333333333,3.333333333333333,12.222222222222221,0.0,3.9999999999999996,1.1111111111111112,6.111111111111111,23.333333333333332,0.0,0.0,1.6666666666666665,10.277777777777777,0.0,16.666666666666664,2.2222222222222223,6.666666666666666,0.0,3.333333333333333,0.0,0.0,0.0,0.0,3.333333333333333,7.777777777777777,0.0,7.5,0.0,6.666666666666666,6.666666666666666,0.0,0.0,0.0,6.666666666666666,0.8333333333333333,0.0,0.0,5.555555555555555,1.6666666666666665,1.1111111111111112,0.6666666666666666,4.166666666666666,0.0,1.6666666666666665,0.0,3.333333333333333,1.6666666666666665,0.0,0.0,0.0,0.0,0.0,0.0,1.1111111111111112,0.0,0.0,0.0,0.0,2.2222222222222223,2.2222222222222223,0.0,0.0,3.3333333333333335,0.0,0.0,0.0,0.0,0.0,0.0,0.0,0.0,0.0,3.333333333333333,0.0,10.0,0.0,0.0,0.0,0.0,0.0,0.0,3.333333333333333,0.0,0.0,0.0,0.0,0.0,0.0,0.0,0.0,0.0,0.0,0.0,0.0,0.0,0.0,0.0,0.0,0.0,0.0,0.0,0.0,0.0,0.0,0.0,0.0,0.0,0.0,0.0,0.0,0.0,0.0,0.0,0.0,0.0,0.0,0.0,0.0,0.0,0.0,0.0,0.0,0.0,0.0,0.0,0.0,0.0,0.0,0.0,0.0,0.0,0.0,0.0,0.0,0.0,0.0,0.0,0.0,0.0,0.0,0.0,0.0,0.0,0.0,0.0,0.0,0.0,0.0,0.0,0.0,0.0,3.333333333333333,0.0,0.0,0.0,0.0,0.0,0.0,0.0,0.0,0.0,0.0,0.5555555555555556,2.2222222222222223,0.0,0.0,0.0,0.0,0.0,0.0,0.0,0.0,0.0,0.0,0.0,0.0,0.0,0.0,0.0,0.0,0.0,0.0,0.0,0.0,0.0,0.0,0.8333333333333333,0.0,0.0,0.0,0.0,0.0,0.0,0.0,0.0,0.0,0.0,0.0,0.0,1.1111111111111112,0.0,0.0,0.0,0.0,0.0,0.0,0.0,0.0,0.0,0.0,0.0,0.0,0.0,0.0,0.0,0.0,0.0,0.0,0.0,0.0,2.7272727272727275,0.0,3.333333333333333,0.0,0.0,0.0,0.0,0.0,0.0
57.88148148148148,6.944444444444444,15.666666666666666,14.722222222222221,10.825396825396826,1.8333333333333333,23.77314814814815,16.572222222222223,34.94444444444444,4.238095238095238,17.65895061728395,11.180555555555555,2.7777777777777777,1.6666666666666665,3.5416666666666665,4.282407407407407,1.3194444444444444,2.314814814814815,2.7777777777777777,10.625,1.6666666666666667,7.805555555555555,1.6666666666666665,14.083333333333332,1.6666666666666667,11.569444444444443,3.5,13.333333333333332,3.333333333333333,0.0,1.1111111111111112,2.0,0.5,32.33333333333333,1.1111111111111112,6.777777777777778,0.0,0.0,3.8888888888888884,1.9444444444444446,0.6666666666666666,0.0,6.049382716049383,3.9583333333333335,1.9047619047619047,0.8333333333333333,2.7777777777777777,0.11111111111111112,0.0,1.6666666666666665,1.6666666666666667,0.0,0.625,0.8333333333333333,0.0,0.0,6.944444444444445,0.0,10.61111111111111,1.1111111111111112,0.3333333333333333,8.472222222222221,0.0,2.5,5.0,0.0,0.0,1.1111111111111112,0.0,0.0,0.0,0.37037037037037035,0.0,0.0,0.0,0.0,3.3333333333333335,0.0,0.0,0.11111111111111112,0.0,1.6666666666666665,1.6666666666666665,2.0496031746031744,2.5,0.0,3.333333333333333,0.0,0.0,0.0,0.0,0.0,0.0,0.0,0.0,1.0277777777777777,0.0,6.944444444444444,0.0,2.5,0.3333333333333333,0.0,5.555555555555555,0.0,0.0,0.0,0.0,0.0,0.0,0.75,0.0,0.7638888888888888,0.0,0.0,0.0,0.0,0.0,0.0,0.0,0.0,0.0,0.0,0.0,0.0,0.2777777777777778,0.0,0.0,0.0,0.0,0.0,0.0,0.0,0.0,0.0,0.0,0.0,0.0,0.0,0.2777777777777778,0.5555555555555556,0.0,0.0,0.0,0.0,0.0,0.0,0.0,0.0,0.5555555555555556,0.0,0.0,0.0,0.0,1.1111111111111112,0.16666666666666666,0.0,0.2777777777777778,0.0,0.0,0.0,0.5555555555555556,0.0,1.1111111111111112,0.0,0.0,0.0,0.0,0.0,0.2777777777777778,0.0,0.0,0.0,0.0,0.0,0.0,0.0,0.0,4.333333333333333,0.0,0.4166666666666667,0.16666666666666666,0.0,0.0,0.0,0.0,0.41666666666666663,1.6666666666666665,0.0,0.0,0.8333333333333333,0.0,0.0,0.0,0.0,0.0,0.0,0.0,0.625,0.0,0.0,0.0,0.0,0.0,0.0,0.0,0.0,0.0,0.0,0.0,0.0,0.0,0.0,0.0,0.0,0.0,0.0,1.6666666666666665,0.0,0.0,1.1111111111111112,0.8333333333333333,0.0,0.0,0.0,0.0,0.0,0.0,0.0,0.0,0.0,0.0,0.0,0.0,0.2777777777777778,0.0,0.0,0.0,0.0,0.0,0.0,0.0,0.0,0.0,0.0,0.0,0.0,0.0,0.0,0.0,0.0
349.5934343434343,91.94444444444444,72.77777777777777,85.69444444444444,101.39565826330532,73.22222222222221,79.30555555555554,63.05555555555555,82.77777777777777,36.307189542483655,65.27777777777777,55.75396825396825,18.75,16.666666666666664,11.11111111111111,13.166666666666666,18.88888888888889,15.0,18.055555555555554,30.0,36.94444444444444,24.999999999999996,30.97222222222222,23.333333333333332,25.277777777777775,10.0,7.777777777777778,14.166666666666666,8.333333333333332,31.944444444444443,1.6666666666666665,6.96969696969697,13.333333333333332,8.722222222222221,17.5,22.777777777777775,4.444444444444445,7.5,15.805555555555554,11.11111111111111,1.6666666666666665,11.587301587301587,12.777777777777777,6.0,7.222222222222222,25.555555555555554,5.0,10.0,7.499999999999999,12.777777777777777,25.0,0.0,8.333333333333332,9.444444444444445,3.333333333333333,0.0,6.666666666666666,5.555555555555555,2.2222222222222223,13.333333333333332,0.0,0.0,1.6666666666666665,0.0,10.0,1.6666666666666665,0.0,3.333333333333333,6.666666666666666,5.0,5.0,2.5,1.6666666666666665,1.6666666666666665,19.138888888888886,3.333333333333333,6.666666666666666,0.0,3.333333333333333,6.666666666666666,6.666666666666666,0.0,18.333333333333332,1.6666666666666665,0.0,0.0,6.666666666666666,1.6666666666666665,0.0,5.833333333333333,6.666666666666666,0.0,0.8333333333333333,4.166666666666666,11.666666666666666,6.666666666666666,5.277777777777778,0.0,1.6666666666666665,1.6666666666666665,3.333333333333333,0.0,2.2222222222222223,2.2222222222222223,0.0,0.0,0.09803921568627451,1.6666666666666665,1.4705882352941175,5.833333333333333,2.7777777777777777,4.444444444444445,0.0,0.0,2.7777777777777777,0.09803921568627451,0.0,0.09803921568627451,0.09803921568627451,0.9803921568627451,0.09803921568627451,0.09803921568627451,0.0,1.6666666666666665,0.0,0.0,3.333333333333333,0.0,3.333333333333333,0.0,6.111111111111111,0.0,0.0,0.0,0.0,0.0,6.666666666666666,0.0,0.0,0.0,3.333333333333333,1.6666666666666665,4.444444444444445,0.0,0.0,0.0,0.8333333333333333,3.333333333333333,3.333333333333333,0.0,0.0,1.1111111111111112,0.0,0.0,0.0,3.333333333333333,1.9444444444444444,1.6666666666666665,6.666666666666666,1.6666666666666665,0.0,0.0,0.0,0.0,0.0,0.0,3.333333333333333,0.0,1.6666666666666665,0.0,0.0,0.0,3.333333333333333,0.0,0.9090909090909092,0.0,0.0,0.0,0.0,0.0,0.0,0.8333333333333333,0.41666666666666663,0.0,0.0,0.0,6.666666666666666,0.0,3.333333333333333,0.0,0.0,0.0,0.0,0.0,0.0,0.0,0.0,0.0,3.333333333333333,0.0,0.0,0.0,0.0,1.9444444444444444,0.0,1.25,0.0,0.0,0.5555555555555556,0.0,1.6666666666666665,0.0,0.0,0.0,3.333333333333333,0.0,0.0,0.0,0.0,3.333333333333333,1.1111111111111112,0.0,0.0,0.0,0.0,3.333333333333333,0.0,0.0,0.0,0.0,0.0,3.333333333333333,0.6666666666666666,0.0,0.6666666666666666,0.0,0.0,0.0,0.0,0.0,0.0,0.0,0.0,0.0,0.0,0.0,0.0,0.0,0.0,0.0
5.083333333333333,1.6666666666666665,0.5555555555555556,2.5555555555555554,6.654761904761904,0.8888888888888888,0.3333333333333333,2.333333333333333,0.0,3.8888888888888884,0.0,2.111111111111111,0.0,0.0,0.0,0.0,0.0,0.0,1.8888888888888888,2.5,1.6666666666666665,0.8333333333333333,0.0,0.0,0.0,0.3333333333333333,0.0,0.0,0.0,0.0,0.0,0.0,0.0,0.0,0.0,0.0,0.0,0.0,0.0,0.0,0.0,0.0,0.0,0.0,0.0,0.0,0.0,6.142857142857142,0.5555555555555556,0.0,0.0,0.0,0.0,0.0,0.0,0.0,0.3333333333333333,0.0,0.0,0.5555555555555556,0.0,0.0,0.0,0.0,0.0,0.0,0.0,0.0,0.0,0.0,0.0,0.0,2.6746031746031744,0.0,0.0,0.0,0.0,0.0,0.0,0.0,0.0,0.0,0.0,0.0,0.0,0.0,0.0,0.0,0.0,0.0,0.0,0.0,0.0,0.0,0.0,0.0,0.0,0.0,0.0,0.0,0.0,0.0,0.0,0.0,0.0,0.0,0.0,0.0,0.0,0.0,0.0,0.0,0.0,0.0,0.0,0.0,0.0,0.0,0.0,0.0,0.0,0.0,0.0,0.0,0.0,0.0,0.0,0.0,0.0,0.0,0.0,0.0,0.0,0.0,0.0,0.0,0.0,0.0,0.0,0.0,0.0,0.0,0.0,0.0,0.0,0.0,0.0,0.0,0.0,0.0,0.0,0.0,0.0,0.0,0.0,0.0,0.0,0.0,0.0,0.0,0.0,0.0,0.0,0.0,0.0,0.0,0.0,0.0,0.0,0.0,0.0,0.0,0.0,0.0,0.0,0.0,0.0,0.0,0.0,0.0,0.0,0.0,0.0,0.0,0.0,0.0,0.0,0.0,0.0,0.0,0.0,0.0,0.0,0.0,0.0,0.0,0.0,0.0,0.0,0.0,0.0,0.0,0.0,0.0,0.0,0.0,0.0,0.0,0.0,0.0,0.0,0.0,0.0,0.0,0.0,0.0,0.0,0.0,0.0,0.0,0.0,0.0,0.0,0.0,0.0,0.3333333333333333,0.0,0.0,0.0,0.0,0.0,0.0,0.0,0.0,0.0,0.0,0.0,0.0,0.0,0.0,0.0,0.0,0.0,0.0,0.0,0.0,0.0,0.0,0.0,0.0
106.03571428571428,9.305555555555555,36.44444444444444,88.43253968253968,27.325396825396822,16.77777777777778,71.88888888888889,11.428571428571427,14.86111111111111,19.46031746031746,6.666666666666666,11.444444444444443,21.666666666666664,16.944444444444443,18.5,24.944444444444443,92.62301587301587,13.710317460317459,34.42857142857143,15.277116402116402,50.62301587301587,4.166666666666666,16.166666666666664,0.0,11.11111111111111,0.8928571428571428,38.05555555555555,0.0,0.0,0.0,4.583333333333333,5.777777777777778,0.0,18.174603174603174,20.944444444444443,0.0,33.388888888888886,3.4682539682539684,3.583333333333333,0.0,0.0,0.0,0.0,18.253968253968253,0.8333333333333334,0.0,17.527777777777775,0.0,3.444444444444444,27.976190476190474,0.0,0.5555555555555556,3.388888888888889,4.290343915343915,0.3333333333333333,3.4722222222222223,0.0,5.277777777777778,1.5,1.6666666666666665,0.0,8.793650793650793,1.3095238095238093,0.0,0.0,0.0,0.0,2.5,0.0,0.0,0.0,2.5,12.222222222222221,0.0,0.0,0.0,0.0,7.361111111111111,0.0,0.0,0.0,0.0,0.0,6.249999999999999,32.44444444444444,0.0,0.41666666666666663,0.0,0.0,0.0,0.0,0.0,3.619047619047619,5.555555555555555,0.0,0.0,0.0,23.527777777777775,0.0,1.0714285714285714,0.0,0.8333333333333333,0.0,0.0,3.333333333333333,0.0,0.0,3.333333333333333,0.0,0.0,0.0,0.0,0.0,0.0,0.0,0.0,0.0,0.0,0.0,0.0,0.0,0.0,0.0,0.0,0.6666666666666666,3.333333333333333,0.41666666666666663,0.2777777777777778,0.0,0.0,0.0,0.0,0.5,0.8333333333333333,0.0,0.0,0.0,0.0,0.0,1.8055555555555554,0.0,0.0,0.0,5.166666666666666,0.0,0.0,0.0,0.0,1.5833333333333333,0.0,0.0,0.0,0.0,1.7777777777777777,0.0,0.0,0.0,0.0,0.0,0.0,0.0,0.0,0.0,0.0,0.0,1.6666666666666665,0.0,0.0,0.0,0.0,0.0,0.0,0.0,0.0,0.0,0.0,0.0,0.0,0.0,0.0,0.0,0.0,0.0,0.0,0.0,0.0,0.0,0.0,0.0,0.0,0.0,1.3888888888888888,0.0,0.0,3.333333333333333,0.0,0.0,3.333333333333333,0.0,0.0,0.0,0.0,0.0,0.0,0.0,0.0,0.0,0.0,0.0,0.0,0.0,0.0,0.0,0.0,0.0,0.0,0.0,0.0,0.0,0.0,0.0,0.0,0.0,0.0,0.0,0.0,0.0,0.0,0.0,0.0,0.0,0.0,0.0,0.0,0.0,0.0,0.5555555555555556,0.0,0.0,0.0,0.0,0.0,0.0,0.0,0.0,0.0,0.0,0.0,0.0,0.0
106.14682539682539,30.52116402116402,6.666666666666666,24.444444444444443,34.38095238095238,9.472222222222221,13.527777777777777,14.309523809523808,8.333333333333332,2.0555555555555554,16.42063492063492,8.920634920634921,2.0370370370370368,11.976190476190474,7.592592592592592,12.333333333333334,6.666666666666666,0.0,0.0,4.027777777777778,6.269841269841269,4.417989417989418,18.22222222222222,2.7777777777777777,7.5,0.30303030303030304,0.0,0.0,6.0092592592592595,0.0,13.728956228956228,25.395622895622893,5.194444444444444,1.1111111111111112,5.505050505050505,0.22222222222222224,3.0,4.194444444444445,0.0,0.6666666666666666,4.696969696969697,0.0,0.0,57.88095238095238,0.0,0.0,22.455988455988454,0.0,0.0,7.341269841269841,3.333333333333333,3.333333333333333,0.0,1.5873015873015874,0.0,4.285714285714286,0.0,3.333333333333333,38.38095238095238,0.0,0.0,7.499999999999999,16.365079365079364,13.88888888888889,1.6666666666666665,0.0,0.0,0.0,1.1111111111111112,0.15151515151515152,3.333333333333333,0.0,0.787037037037037,0.0,0.0,0.0,0.0,1.6666666666666665,0.0,31.388888888888886,0.0,9.88888888888889,0.0,0.0,24.953703703703702,0.0,0.0,0.5555555555555556,5.476190476190476,0.47619047619047616,1.3333333333333333,0.0,0.5555555555555556,0.0,0.9523809523809523,1.6666666666666665,0.0,9.103174603174603,0.0,1.1111111111111112,0.0,0.0,0.0,0.0,1.1111111111111112,0.0,0.0,0.0,0.0,0.0,0.0,0.0,0.0,0.0,0.0,0.0,0.0,0.0,0.0,0.0,0.0,0.0,0.0,0.0,0.0,0.8333333333333333,3.6111111111111107,3.333333333333333,0.0,0.0,1.6666666666666665,10.0,0.0,0.0,0.0,0.0,0.0,0.0,0.0,0.0,5.476190476190475,0.0,0.0,38.507936507936506,0.0,0.0,1.6666666666666665,0.0,4.444444444444445,0.0,0.0,0.0,0.0,0.0,1.6666666666666665,0.0,0.41666666666666663,0.0,0.5555555555555556,0.0,0.0,0.0,0.0,0.0,1.1428571428571428,0.0,0.0,0.0,0.0,1.1111111111111112,0.0,0.0,0.0,2.5,0.0,0.0,0.0,0.0,0.0,0.0,0.0,0.0,0.0,0.0,0.0,0.0,0.0,0.0,6.666666666666666,0.0,0.0,0.0,0.0,0.0,0.0,0.0,0.0,0.0,0.0,0.0,0.0,0.0,0.0,0.0,0.0,0.0,0.0,0.0,0.0,0.0,0.0,0.0,2.253968253968254,0.0,0.0,0.0,0.0,1.1111111111111112,0.0,0.0,0.0,0.0,0.0,0.0,0.0,0.0,0.0,0.0,0.0,0.0,0.0,3.3333333333333335,0.0,0.0,0.0,0.0,0.0,0.0,0.0,0.0,0.0,0.0,0.0,0.0,0.0,0.0,0.0,0.0,0.0,0.0
336.4458943833944,63.7065527065527,177.95792633292632,62.21428571428571,84.85836385836386,104.62301587301587,76.00132275132275,49.79647667147667,95.36739417989418,27.35823667073667,47.13822751322751,121.62632275132275,61.12515262515262,39.5489417989418,38.039622414622414,30.750661375661373,95.29278591778592,12.722222222222221,53.20601851851851,15.787037037037036,104.58333333333333,32.61739417989418,38.259048821548824,37.419871794871796,17.47222222222222,20.206959706959704,52.1765873015873,5.777777777777778,16.944444444444443,48.62830687830687,38.013812576312574,7.273809523809524,11.63888888888889,46.22655122655122,13.015873015873016,0.0,29.638888888888886,3.333333333333333,7.003968253968254,3.5040885040885037,11.071428571428571,0.41666666666666663,1.8253968253968251,33.40806878306878,7.341269841269841,11.11111111111111,24.63888888888889,0.5555555555555556,3.148148148148148,17.765873015873016,3.3346560846560847,0.5555555555555556,0.22222222222222224,4.583333333333333,0.0,5.853174603174603,1.6666666666666665,10.555555555555555,6.111111111111111,2.5,0.0,12.039021164021163,2.083333333333333,8.4890873015873,2.486111111111111,1.2857142857142856,7.5,5.595238095238095,2.6666666666666665,0.0,1.6666666666666667,1.1111111111111112,1.4583333333333335,0.9523809523809523,0.0,0.0,0.9856902356902357,3.0515873015873014,0.0,0.0,2.6296296296296298,4.444444444444445,0.8333333333333333,13.541666666666666,15.126984126984127,0.0,17.63888888888889,3.472222222222222,0.0,0.0,0.6267806267806267,0.0,0.7152777777777777,3.8888888888888884,4.0,4.444444444444445,0.0,119.72883597883597,0.0,1.9047619047619049,0.0,0.0,0.8333333333333333,6.0,1.6666666666666665,0.0,0.0,0.41666666666666663,0.0,0.0,1.696759259259259,0.0,18.956709956709958,0.0,0.0,0.0,0.0,0.0,0.0,0.0,0.0,0.0,0.9722222222222221,0.3333333333333333,5.154761904761904,0.0,2.638888888888889,6.805555555555555,0.0,0.0,0.0,6.666666666666666,12.604166666666666,2.064484126984127,0.20833333333333331,0.0,0.0,0.0,2.7777777777777777,1.0,0.5555555555555556,0.0,0.0,3.0555555555555554,4.0,0.0,0.0,4.166666666666666,0.9583333333333333,1.3888888888888888,0.0,0.0,1.130952380952381,7.222222222222222,0.0,0.0,0.0,0.8055555555555556,0.0,0.0,0.0,1.1111111111111112,0.0,0.0,0.5555555555555556,30.476190476190474,6.56547619047619,0.0,0.0,1.1111111111111112,0.0,0.0,0.0,0.0,12.5,0.0,0.873015873015873,0.0,0.0,0.0,0.0,1.1111111111111112,0.5555555555555556,0.0,0.0,0.0,0.0,0.5555555555555556,0.0,0.0,0.8333333333333333,1.3888888888888888,0.0,0.0,0.0,0.0,0.41666666666666663,0.41666666666666663,0.22222222222222224,0.0,0.0,0.47619047619047616,0.0,0.0,0.0,0.0,0.0,0.0,0.0,0.0,0.0,0.0,0.19675925925925924,0.0,0.0,0.0,0.5555555555555556,0.41666666666666663,0.0,0.0,0.0,0.0,0.0,0.0,1.6666666666666665,0.0,0.0,0.0,0.0,0.0,0.0,0.0,0.0,0.0,0.0,0.0,0.5555555555555556,0.0,0.0,0.0,0.0,0.0,0.0,0.0,2.337962962962963,0.0,0.0,0.0,0.0,0.0
18.69047619047619,3.3888888888888884,9.416666666666666,5.0,0.0,0.0,1.222222222222222,0.16666666666666666,14.166666666666666,0.8333333333333333,0.0,1.1666666666666665,1.0,0.0,0.0,0.0,0.7222222222222222,0.0,0.0,0.0,4.444444444444445,0.0,0.0,0.8333333333333333,0.0,0.0,2.111111111111111,0.0,0.8333333333333333,1.1111111111111112,0.0,0.0,0.0,8.404761904761905,0.0,0.0,0.0,0.0,0.0,0.0,0.0,0.0,0.0,0.0,0.0,0.0,1.1111111111111112,0.0,0.0,0.0,0.0,0.0,0.0,0.0,0.0,0.0,0.0,0.0,0.0,0.0,0.0,0.2777777777777778,0.0,0.0,0.20833333333333331,0.0,0.0,0.0,0.0,0.0,0.0,0.0,0.0,0.0,0.0,0.0,0.0,0.0,0.0,0.0,0.0,0.0,0.0,0.0,0.0,0.0,0.0,0.0,0.0,0.0,0.0,0.0,0.0,0.0,0.0,0.0,0.0,5.029761904761904,0.0,0.0,0.0,0.0,0.0,0.41666666666666663,0.0,0.0,0.0,0.0,0.0,0.0,0.0,0.0,0.0,0.0,0.0,0.0,0.0,0.0,0.0,0.0,0.0,0.0,0.0,0.0,0.0,0.0,0.0,0.0,0.0,0.0,0.0,0.0,3.333333333333333,0.0,0.11111111111111112,0.0,0.0,0.0,0.0,0.0,0.0,0.0,0.0,0.0,0.0,0.0,0.0,0.0,0.0,0.5555555555555556,0.0,0.0,0.0,0.0,0.0,0.0,0.0,0.0,0.0,0.0,0.0,0.0,0.0,0.0,0.0,0.0,0.0,0.0,0.0,0.0,0.0,0.0,0.0,0.0,0.0,0.0,0.5555555555555556,3.3333333333333335,0.0,0.0,0.0,0.0,0.0,0.0,0.0,0.0,0.0,0.0,0.0,0.0,0.0,0.0,0.0,0.0,0.0,0.0,0.0,0.0,0.0,0.0,0.0,0.0,0.0,0.0,0.0,0.0,0.0,0.0,0.0,0.0,0.0,0.0,0.0,0.0,0.0,0.0,0.0,0.0,0.0,0.0,0.0,0.0,0.0,0.0,0.0,0.0,0.0,0.0,0.0,0.0,0.0,0.0,0.0,0.0,0.0,0.0,0.0,0.0,0.0,0.0,0.0,0.0,0.0,0.0,0.0,0.0,0.0,0.0,0.0,0.0
84.11459836459836,33.26583139083139,15.566919191919192,41.556089743589745,14.642857142857142,20.52777777777778,24.444444444444443,14.333333333333332,7.384259259259259,4.846681096681097,9.062830687830688,3.4999999999999996,31.277777777777775,18.376984126984127,10.239197530864196,15.666666666666666,3.4166666666666665,70.37462845796179,2.333333333333333,0.0,0.4567901234567901,2.8243546576879908,16.133597883597883,5.388888888888888,4.220779220779221,7.480158730158729,6.25,11.964285714285714,0.0,6.666666666666666,5.277777777777778,3.142857142857143,1.6666666666666665,0.0,6.868265993265993,0.3333333333333333,0.8333333333333333,0.0,3.0902777777777777,0.0,2.1825396825396823,3.571428571428571,3.0555555555555554,0.0,0.0,3.333333333333333,0.6944444444444444,0.787037037037037,0.8333333333333333,0.1388888888888889,2.5,0.0,2.2222222222222223,0.0,0.673076923076923,0.0,0.0,0.0,21.925925925925924,0.0,0.8333333333333333,0.0,0.23809523809523808,0.0,1.736111111111111,1.4141414141414141,3.194444444444444,1.1111111111111112,0.16666666666666666,1.6666666666666665,0.0,1.6666666666666665,0.3333333333333333,0.30303030303030304,2.2222222222222223,1.9444444444444442,0.9722222222222222,0.0,0.0,4.291666666666666,0.0,0.0,5.833333333333333,0.0,0.0,0.0,0.0,0.0,0.0,0.0,0.0,0.0,3.6111111111111107,0.0,0.3333333333333333,1.1111111111111112,1.25,0.0,2.5,0.0,0.0,0.0,0.0,0.0,0.0,0.0,0.0,0.0,0.0,0.2777777777777778,0.0,0.2777777777777778,0.0,0.0,0.0,0.0,0.0,0.0,0.0,0.0,0.0,0.0,8.518518518518517,0.0,0.0,0.0,0.0,0.6666666666666666,0.0,2.0695970695970693,1.6666666666666665,0.0,0.0,0.0,0.0,0.5833333333333333,0.0,0.0,0.0,0.0,5.0,0.0,0.0,0.0,0.0,1.3888888888888888,0.0,0.0,0.0,0.0,0.0,0.41666666666666663,0.0,0.0,0.0,1.1111111111111112,0.0,0.0,0.0,0.0,0.0,0.0,0.0,1.1111111111111112,1.6666666666666665,0.2777777777777778,0.0,0.0,0.0,0.0,3.1071428571428568,0.0,0.20833333333333331,0.0,0.0,0.0,0.0,0.0,0.0,0.0,6.111111111111111,0.0,0.0,0.0,0.0,1.6666666666666667,0.0,0.0,0.0,0.0,0.0,0.0,0.0,0.0,0.0,0.23809523809523808,0.8333333333333333,0.0,0.0,0.0,0.0,1.3888888888888888,0.0,0.0,0.0,0.0,0.0,0.0,0.0,0.0,0.0,0.0,0.0,0.0,0.0,0.0,0.0,0.0,0.0,0.0,0.0,0.0,0.0,0.0,0.0,0.0,0.47619047619047616,0.0,1.4285714285714284,0.0,0.41666666666666663,0.0,0.23809523809523808,0.0,0.23809523809523808,0.5555555555555556,0.0,0.0,0.0,0.0,0.0,1.25,0.0,1.5277777777777777,0.0,0.0,0.0,0.09259259259259259,0.0,0.0
1124.1616366696899,291.4045638003971,363.6891983016983,221.29376645050664,352.28630462919676,244.1859151650818,95.29932706182706,290.4413896742328,196.98056095139427,62.827733332390196,196.6315005074809,103.66036603193466,192.5837660795994,105.72309770839182,155.44187555364024,81.76025594775595,123.10984200077337,187.6043294292594,56.01897947731281,304.4174698758032,102.28028838445505,88.3707280373947,107.83829365079364,51.09928667012,105.71199109532442,61.8736132694466,48.86064476295569,34.30815480815481,139.25248917748917,31.987323633156965,51.62031024531024,46.9183201058201,57.06083191499858,57.73565786065786,27.333944604777937,11.081589706589705,47.53009953009953,61.22724405224405,69.20343314093314,107.04702242202242,79.4575116241783,120.91133603143406,11.979353054353053,11.101671476671475,79.71630591630591,21.25132275132275,98.62175474307827,6.92160753190165,80.28903642653643,39.5038443038443,14.064373897707231,12.936083977750643,27.73479500256461,29.79007335257335,24.403387970054634,42.115620490620486,3.9792260208926873,48.340488215488215,9.521412302294655,3.833409645909646,7.436462842712842,4.35515873015873,23.07070707070707,1.6203703703703702,21.03633866133866,9.303571428571429,3.644179894179894,35.22818154068154,36.59024848608182,11.783586783586783,44.83566919191919,21.02923934725405,12.918044918044918,9.303571428571429,0.41666666666666663,9.475589225589225,8.99407679738562,14.986356236356237,10.08994708994709,12.180705868205868,0.8703703703703703,7.300747863247863,6.888986013986013,0.44206349206349205,8.837962962962962,23.43350168350168,5.6410256410256405,6.806547619047619,2.9761904761904763,43.89353655603655,13.631944444444443,5.9563492063492065,1.7473845598845599,1.3253968253968254,18.404280904280903,4.826388888888888,1.3583638583638584,8.518518518518517,1.9444444444444442,11.40590428090428,6.418981481481481,31.972921028680833,1.7949735449735449,35.47094572094572,1.0750661375661374,3.415835707502374,0.1402778446896094,0.7150997150997151,2.104167670344141,2.173671236171236,3.488486050986051,14.08910533910534,4.0503848003848,1.2037037037037037,19.240440115440116,0.556944511356276,5.731481481481482,0.1402778446896094,0.1402778446896094,1.402778446896094,0.1402778446896094,0.1402778446896094,6.03757585007585,2.317099567099567,1.2572072988739655,1.3888888888888888,11.271825396825397,7.008156966490299,13.41765873015873,17.901209629150806,0.0,15.66648629148629,12.278659611992945,1.2301587301587302,3.6904761904761902,7.979009552538964,1.7824074074074074,1.5970568783068784,4.299011174011174,0.9581529581529581,1.6584757834757833,12.338624338624339,8.333333333333332,6.508838383838383,8.422619047619047,1.623737373737374,1.4417989417989419,3.211279461279461,14.53174603174603,86.83034095534096,8.248737373737374,7.26010101010101,0.8088624338624338,0.5555555555555556,0.30753968253968256,5.124338624338624,3.3703703703703702,6.241061407728074,14.399184149184148,6.491767491767491,0.9583333333333333,9.883838383838384,0.20833333333333331,1.9675925925925926,9.783068783068783,3.204212454212454,0.0,1.7857142857142856,1.1988536155202822,19.447971781305114,3.3892496392496394,8.87079587079587,0.8697089947089947,1.5,3.7499999999999996,2.837301587301587,0.08333333333333333,0.0,0.8396464646464646,4.522156084656085,3.2676767676767677,0.0,0.0,0.0,0.0,0.5146705146705146,0.8333333333333333,1.9444444444444442,0.18518518518518517,1.5797258297258296,2.15676607343274,2.2222222222222223,1.0437710437710437,5.227318977318977,1.1111111111111112,0.0,1.5922619047619047,0.0,0.2447089947089947,1.2152777777777777,1.9444444444444444,1.089003589003589,1.5,0.41666666666666663,0.7142857142857142,5.243386243386244,0.10802469135802469,1.283068783068783,1.4269179894179893,0.3888888888888889,0.25252525252525254,0.17592592592592593,1.7083333333333333,2.430555555555556,0.0,2.028769841269841,0.9259259259259259,0.0,10.743551655316361,0.2777777777777778,0.0,1.096153846153846,0.0,1.4043209876543208,0.0,0.0,0.8333333333333333,3.4333282458282457,2.513888888888889,0.09259259259259259,1.6666666666666667,2.287037037037037,0.10416666666666666,0.0,0.10416666666666666,0.0,0.0,0.0,5.092592592592593,0.18518518518518517,0.7692307692307692,0.0,0.923076923076923,1.6666666666666665,0.8134920634920635,2.5,0.0,0.0,1.1111111111111112,2.333333333333333
11.597823472823473,4.583333333333334,9.695767195767194,1.2962962962962963,3.333333333333333,6.435185185185185,0.46296296296296297,3.333333333333333,3.333333333333333,0.625,0.0,0.0,3.7499999999999996,0.888888888888889,0.0,2.083333333333333,0.10416666666666666,6.679292929292929,0.6944444444444444,0.18518518518518517,0.0,0.0,4.43287037037037,0.0,0.0,0.8333333333333333,0.0,0.11904761904761904,0.0,0.0,0.0,0.0,0.0,0.0,0.0,0.0,0.0,0.0,1.6666666666666665,0.0,0.0,2.8425925925925926,0.41666666666666663,0.0,0.0,0.0,1.6666666666666665,1.0648148148148149,0.0,0.0,0.0,1.3888888888888888,0.0,0.0,0.0,0.0,0.22222222222222224,0.0,0.0,0.0,0.0,0.0,0.11111111111111112,0.0,0.0,0.0,0.0,0.0,0.18518518518518517,0.0,0.0,0.0,0.0,0.0,0.0,0.0,0.0,0.0,0.0,0.0,0.0,0.0,0.0,0.0,0.0,0.0,0.0,0.0,0.0,0.0,0.0,0.0,0.0,0.0,0.0,0.0,0.0,0.0,0.0,0.0,0.0,0.0,0.0,0.0,0.0,0.0,0.0,0.0,0.0,0.0,0.0,0.8333333333333333,0.0,0.0,0.23809523809523808,0.0,0.0,0.0,0.0,0.0,0.0,0.0,1.6666666666666665,0.0,0.0,0.0,0.0,1.6666666666666665,0.0,0.0,0.0,0.0,0.0,0.0,0.0,0.0,0.0,0.0,0.0,0.0,0.0,0.0,0.0,0.0,0.0,0.0,0.0,0.0,0.0,0.0,0.0,0.0,0.0,0.0,0.0,0.0,0.0,0.0,0.0,0.0,0.0,0.0,0.0,0.0,0.0,0.0,0.0,0.0,0.0,0.0,0.0,0.0,0.0,0.0,0.0,0.0,0.0,0.0,0.0,0.9523809523809523,0.0,0.0,0.0,0.0,0.0,0.0,0.0,0.0,0.0,0.0,0.0,0.0,0.0,0.0,0.0,0.0,0.0,0.0,0.0,0.0,0.0,0.0,0.0,0.0,0.0,0.0,0.0,0.0,0.0,0.0,0.0,0.0,0.0,0.0,0.0,0.0,0.0,0.0,0.0,0.0,0.0,0.0,0.0,0.0,0.0,0.0,0.888888888888889,0.0,0.0,0.0,0.0,0.0,0.0,0.0,0.0,0.0,0.0,0.0,0.0,0.0,0.0,0.0,0.0,0.0,0.0,0.0,0.0,0.0,0.0,0.0
38.73015873015873,1.8253968253968251,1.888888888888889,2.2222222222222223,3.333333333333333,3.7883597883597884,3.611111111111111,4.944444444444445,1.4444444444444444,0.6666666666666666,1.3888888888888888,0.0,1.3888888888888888,1.7407407407407407,2.764705882352941,1.2121212121212122,2.0317460317460316,3.333333333333333,0.0,13.263227513227513,1.8518518518518516,3.734126984126984,0.0,1.9484126984126986,1.3888888888888888,0.4444444444444445,0.0,0.0,6.112433862433862,0.0,0.0,2.5,0.40740740740740744,0.0,0.0,0.0,1.984126984126984,1.1111111111111112,0.0,0.5555555555555556,0.0,0.0,0.7407407407407407,0.0,0.0,4.444444444444445,3.3703703703703707,1.1111111111111112,4.777777777777778,0.0,0.0,4.15079365079365,0.0,0.0,0.0,0.18518518518518517,0.0,0.0,0.0,0.0,0.0,0.0,0.22222222222222224,0.4444444444444445,0.0,0.5952380952380952,2.6666666666666665,1.9814814814814814,1.1111111111111112,0.0,0.0,0.0,0.0,0.5952380952380952,0.0,0.0,0.0,0.9444444444444444,0.0,0.0,0.0,0.0,0.0,0.0,0.0,0.0,0.0,0.0,2.126984126984127,0.0,0.0,0.0,0.0,0.0,3.322751322751323,0.0,0.0,0.0,0.0,0.18518518518518517,0.0,0.0,0.18518518518518517,3.2222222222222223,0.0,0.0,0.032679738562091505,0.0,0.4901960784313726,0.0,0.0,0.0,0.0,0.0,3.3333333333333335,0.032679738562091505,0.0,0.032679738562091505,0.032679738562091505,0.32679738562091504,0.032679738562091505,0.032679738562091505,0.0,0.0,0.41666666666666663,0.0,0.0,0.0,0.0,0.0,0.0,2.316137566137566,0.0,0.0,0.0,0.0,0.0,0.0,0.15873015873015872,0.0,3.6165223665223665,6.666666666666666,1.6666666666666665,0.0,0.0,0.0,0.0,0.888888888888889,0.0,0.0,0.0,0.0,0.0,0.0,0.0,0.0,0.5952380952380952,0.0,0.32407407407407407,0.0,0.0,0.0,0.0,3.0681818181818183,0.0,0.0,0.0,0.0,0.0,0.0,0.0,1.6666666666666665,0.0,0.0,0.0,0.0,0.0,0.0,0.0,0.0,0.0,0.0,0.0,0.0,0.0,0.0,1.8055555555555556,0.22222222222222224,0.0,0.0,0.0,0.0,0.0,0.0,0.0,0.0,0.0,0.0,0.0,0.0,0.0,0.0,0.0,0.0,0.0,0.0,0.0,0.0,0.0,0.0,0.0,2.6785714285714284,0.9259259259259258,0.0,0.0,0.6547619047619047,0.0,0.0,0.0,0.0,0.0,0.0,0.0,0.0,0.0,0.0,0.0,0.0,0.0,0.0,0.0,0.0,0.0,0.0,0.0,0.0,0.0,0.0,0.37037037037037035,0.0,0.0,0.0,0.0,0.0,0.0,0.0,0.15873015873015872,0.0,0.0,0.0
437.5794091982817,114.23671467421467,170.3121174849116,81.35260606767959,200.79096597846598,77.33327320827321,58.702651515151516,122.28067615935262,71.26080401080401,17.91435185185185,49.48059647324353,47.77355977355977,55.491202288996405,39.359846172346174,78.0829483016983,33.189574314574315,22.094091094091095,85.89578245828245,31.523508898508897,39.80026808703279,32.591089466089464,19.535052910052908,31.2439715785304,11.952991452991453,39.33544124720595,14.242424242424242,27.9807617491441,20.287397787397786,113.9334114959115,11.975859788359788,17.298280423280424,15.428266178266178,7.425595238095238,43.43124699374699,20.693783068783066,16.727513227513228,13.608355379188712,13.663359788359788,6.407467532467533,13.088934213934213,12.912037037037036,22.72925222925223,12.595238095238095,37.852894019560686,10.55731922398589,15.5,29.5017913731149,9.374338624338623,29.69997594997595,8.896825396825397,5.111111111111111,8.353174603174603,18.172435203685204,10.865079365079364,11.006613756613756,16.06228956228956,1.2678062678062676,3.80489417989418,7.151455026455026,3.597041847041847,2.8055555555555554,3.825396825396825,6.92063492063492,8.412698412698413,0.47619047619047616,2.0634920634920633,2.2222222222222223,5.152507215007215,2.1808862433862433,3.8888888888888884,7.460272366522366,6.258522727272727,1.8118686868686869,1.6666666666666665,4.552811023399259,6.380952380952381,1.8450126262626263,1.9417735042735043,4.761904761904762,3.14057239057239,3.253968253968254,7.62037037037037,2.179924242424242,1.5555555555555556,18.054232804232804,12.885521885521886,2.8095238095238093,0.7054673721340388,4.124338624338624,6.1173941798941796,0.9639550264550264,11.19035594035594,0.4071969696969697,1.0,1.0185185185185186,0.0,1.4285714285714284,5.261904761904762,0.6666666666666666,1.8452380952380951,0.10416666666666666,4.797202593158476,3.444444444444444,0.6666666666666667,0.691468253968254,6.125541125541125,0.0,2.5,0.0,0.2708333333333333,11.044642857142856,8.333333333333332,0.0,1.1111111111111112,3.333333333333333,0.0,0.0,0.0,0.0,0.0,0.0,0.0,4.947089947089947,0.7323232323232324,0.0,0.2777777777777778,1.8650793650793651,2.2718253968253967,2.314814814814815,4.4642857142857135,0.37037037037037035,0.20833333333333331,2.1944444444444446,1.1868686868686869,0.0,0.8333333333333333,0.0,2.7743055555555554,0.6527777777777777,0.6666666666666666,2.0,1.9047619047619047,0.8333333333333333,0.0,1.6666666666666667,0.4545454545454546,0.9629629629629629,0.16666666666666669,0.7326007326007326,11.382020757020756,0.41666666666666663,0.23809523809523808,0.6666666666666666,0.0,0.23809523809523808,0.7407407407407407,0.0,0.0,0.8122895622895623,0.15151515151515152,0.0,3.333333333333333,0.75,0.8333333333333333,0.5198412698412699,0.0,0.0,0.0,0.0,0.582010582010582,0.0,4.287878787878788,1.9444444444444446,0.0,0.0,0.1388888888888889,0.0,4.333333333333333,0.20833333333333331,0.6746031746031746,0.0,0.0,0.0,0.19607843137254904,0.7843137254901962,2.202380952380952,0.8333333333333333,1.5454545454545454,5.238095238095238,0.0,0.0,2.380952380952381,0.9722222222222222,0.0,0.0,0.0,0.0,0.0,0.0,0.0,0.0,4.944444444444445,0.8333333333333333,0.0,0.2777777777777778,3.142857142857143,0.0,1.1904761904761905,0.0,0.0,0.37037037037037035,0.6666666666666666,0.0,0.0,0.0,0.0,1.1507936507936507,0.0,1.1666666666666665,0.0,0.9656084656084656,0.0,0.0,0.0,0.0,0.0,0.0,15.121362433862434,0.0,0.0,0.5555555555555556,1.0185185185185184,0.0,0.0,0.0,0.0,0.0,0.0,0.0,0.0,0.0,0.0,0.0,0.0,0.0,0.7407407407407407,3.7037037037037033,0.0,0.0,0.0
269.5368911047564,74.94187698171186,45.07737217126178,30.437505849270554,58.32580564347402,118.65038760698154,10.42446852275043,21.48148148148148,13.435208191285797,3.4400409217896484,11.612242427459819,29.400087785665377,7.097923681257015,5.742000333398183,12.367444383573416,12.408740382424593,10.597883597883598,132.3742096333769,1.5546642899584078,2.2222222222222223,3.4298941798941796,8.756313715865646,2.7244668911335577,4.329954141718848,5.615079365079365,1.4635734635734636,2.5568783068783065,17.356342261775197,0.0,2.5753968253968256,5.3729635060280225,3.725801975801976,5.770655270655271,0.37037037037037035,0.0,0.4828042328042328,0.0,0.0,1.4197530864197532,3.829574487639004,0.0,5.173992673992674,1.7110769347611454,0.1965811965811966,0.0,1.2345679012345678,0.0,6.572751322751323,0.0,0.0,14.52196654130108,7.1719576719576725,2.6281624149271208,0.0,0.2777777777777778,2.3611111111111107,0.49382716049382713,0.888888888888889,10.880150713484046,1.1742424242424243,6.102292768959435,0.0,0.0,0.0,0.0,2.9012345679012346,3.564814814814815,0.0,0.41666666666666663,4.285714285714286,3.035056446821153,0.1388888888888889,0.1388888888888889,2.2345679012345676,0.8354497354497354,1.4531746031746031,2.383089133089133,0.15873015873015872,0.0,0.0,0.0,1.012895486579697,0.0,0.0,0.0,0.0,0.0,0.0,0.0,0.0,1.5824915824915826,0.0,0.0,0.0,0.31746031746031744,6.304843304843304,0.0,0.18518518518518517,0.0,0.0,0.0,0.0,0.0,0.0,0.1965811965811966,0.13704406493780308,0.07504814026553158,0.0,1.1257221039829737,0.0,0.10101010101010102,0.5641025641025641,0.0,3.078507643725035,0.0,0.07504814026553158,0.0,0.07504814026553158,0.07504814026553158,0.7504814026553157,0.07504814026553158,0.07504814026553158,10.947376976579847,0.0,0.18518518518518517,0.0,0.0,0.0,0.0,0.0,7.956232016009812,0.0,0.0,0.0,1.0047164164811224,13.443975777309111,0.0,1.5568505568505568,0.0,0.0,1.369047619047619,1.3888888888888888,0.0,0.0,0.0,0.0,0.0,0.15873015873015872,0.0,0.5,0.0,0.0,0.10101010101010102,0.0,0.0,0.0,0.0,0.0,0.0,0.0,0.0,0.10101010101010102,0.0,2.166666666666667,0.0,1.6754850088183422,0.0,9.503968253968253,0.0,0.0,4.253946094163485,0.0,0.0,0.0,0.0,0.22222222222222224,0.0,0.0,1.1111111111111112,0.6666666666666667,0.7142857142857142,0.0,0.0,0.0,0.0,0.0,0.0,0.0,0.9259259259259258,0.0,0.0,0.0,3.132275132275132,0.0,0.7521367521367521,0.4696969696969697,1.2592592592592593,0.0,0.0,0.0,1.2333965844402277,0.044444444444444446,0.0,0.0,0.0,0.0,0.06852203246890154,0.0,0.0,0.5555555555555556,7.004108501988432,1.3354700854700856,0.0,0.0,0.0,0.37037037037037035,0.0,0.0,0.0,0.0,0.0,8.336579917926342,0.0,0.9876543209876543,1.1111111111111112,1.7883597883597884,0.0,0.18518518518518517,1.2125220458553791,0.0,0.0,0.0,0.16666666666666666,0.0,0.16666666666666666,0.0,0.0,0.0,0.0,0.0,1.2606837606837606,0.0,0.0,1.2626262626262628,0.0,0.0,0.15873015873015872,3.1752136752136755,0.0,0.0
128.00021096822567,52.15599446849446,54.749400340944455,85.73974867724867,32.96841931216931,26.87962962962963,17.453823953823953,18.17717086834734,98.00429894179894,7.24537037037037,15.045965608465607,14.027777777777777,57.05902335681747,9.815656565656566,23.082010582010582,13.693843193843193,9.207570207570207,23.562205387205385,8.32972582972583,2.4675925925925926,26.41883116883117,6.9642857142857135,0.0,3.7936507936507935,2.7621452621452622,12.415013227513228,14.474147992530344,2.6041666666666665,15.351851851851851,14.164021164021163,10.535714285714286,3.0317460317460316,2.7222222222222223,4.23977873977874,0.4166666666666667,1.7361111111111112,12.619047619047619,1.557239057239057,1.5004960317460316,2.702380952380952,2.326388888888889,1.4814814814814814,6.428571428571428,14.051358363858363,5.333333333333333,5.930555555555555,43.430952380952384,19.19973544973545,14.527777777777777,2.333333333333333,1.6666666666666665,2.9761904761904763,1.6666666666666665,0.0,0.16666666666666666,5.163194444444445,0.0,2.1825396825396823,2.6094276094276094,0.43434343434343436,0.0,5.083333333333333,5.520833333333333,6.25,0.5555555555555556,0.6026785714285714,0.0,0.5555555555555556,0.5555555555555556,0.0,0.20833333333333331,0.0,0.47619047619047616,0.3645833333333333,1.1328976034858387,1.4545454545454546,1.6666666666666667,0.5357142857142857,8.095238095238095,0.0,3.8535052910052907,0.0,0.0,0.8055555555555556,9.006613756613756,0.0,2.0833333333333335,0.0,0.0,7.321428571428571,2.0555555555555554,1.25,2.643849206349206,0.6666666666666666,0.0,0.0,1.1111111111111112,9.575757575757576,0.47619047619047616,0.0,0.0,0.0,0.0,0.5555555555555556,0.0,0.24242424242424243,0.0,0.0,0.0,0.0,0.41666666666666663,5.972222222222221,0.0,3.8888888888888893,3.333333333333333,0.0,0.47619047619047616,0.0,0.0,0.0,0.0,0.0,7.982804232804233,0.5555555555555556,0.11904761904761904,0.0,2.5,0.0,0.0,0.0,0.37037037037037035,0.3611111111111111,1.8923611111111112,0.37037037037037035,0.41666666666666663,0.20833333333333331,0.0,0.0,0.0,0.0,0.0,11.805555555555555,0.0,0.10416666666666666,0.0,0.0,0.0,0.41666666666666663,0.3055555555555556,20.0,0.0,0.297979797979798,0.0,0.0,0.0,0.0,0.0,0.0,0.0,0.0,0.8333333333333333,3.3703703703703702,0.0,2.5,0.0,0.0,0.0,0.8333333333333334,0.0,0.16666666666666666,0.0,0.0,1.9444444444444446,0.0,0.0,0.0,0.1388888888888889,1.4583333333333333,0.0,0.0,0.0,0.0,0.0,0.0,0.0,0.0,0.0,0.7142857142857142,0.0,0.0,0.20833333333333331,0.0,0.0,0.0,0.0,0.0,0.0,0.0,0.0,0.0,2.1818181818181817,2.1031746031746033,0.0,0.0,0.0,11.892857142857142,0.12121212121212122,0.0,0.0,0.0,0.0,0.0,0.0,0.0,0.0,0.0,0.0,0.0,0.0,0.0,0.0,1.6666666666666667,0.0,0.0,0.0,0.0,0.0,0.5555555555555556,0.0,0.0,0.5555555555555556,0.0,0.0,0.0,0.0,0.0,0.0,0.0,0.0,0.0,0.0,0.0,0.0,0.0,0.0,0.0,0.0,0.0,0.0,0.23809523809523808
323.9105665635077,40.56902356902357,132.88395863395863,40.06878306878307,106.02417027417027,40.982804232804234,55.27513227513227,40.80217086834734,97.62962962962962,17.194444444444443,74.79845446950709,20.787037037037035,32.68374218374218,18.877825877825877,19.814814814814813,35.5670046327941,32.076719576719576,78.80300625300625,10.944444444444445,14.988279150043855,57.83549783549783,23.89009139009139,6.757936507936508,90.18915343915343,3.2452536570183628,0.0,29.838235294117645,20.72222222222222,9.722222222222221,9.222222222222221,0.15873015873015872,13.546296296296296,5.5,67.35846560846561,14.948412698412698,2.2222222222222223,0.7142857142857142,2.2916666666666665,7.749999999999999,6.944444444444444,3.8888888888888884,10.793650793650793,45.79232804232804,10.015873015873016,5.833333333333333,11.90151515151515,0.41666666666666663,47.242063492063494,7.222222222222221,0.09259259259259259,0.2777777777777778,10.416666666666666,3.333333333333333,0.0,0.75,3.055555555555556,12.037037037037036,0.5555555555555556,0.9523809523809523,2.378787878787879,1.056998556998557,3.4126984126984126,0.0,4.246031746031746,0.0,0.15873015873015872,39.72162097162097,1.726190476190476,0.0,0.41666666666666663,0.0,0.0,3.7037037037037033,0.0,1.3227513227513228,0.0,0.6666666666666666,0.22222222222222224,1.25,1.472222222222222,3.6481481481481484,0.0,0.0,5.444444444444444,3.518518518518518,0.0,0.2777777777777778,0.0,1.6666666666666665,0.0,0.0,1.6666666666666667,0.0,0.0,0.753968253968254,18.166666666666664,1.8928571428571428,11.5,0.0,10.95238095238095,0.5555555555555556,0.0,0.37037037037037035,1.6666666666666665,0.0,1.1111111111111112,0.2836927836927837,0.0,4.255391755391756,0.0,1.3333333333333333,0.0,3.333333333333333,3.6666666666666665,1.9163059163059164,0.2836927836927837,0.0,0.2836927836927837,0.2836927836927837,2.836927836927837,0.2836927836927837,0.2836927836927837,10.158730158730158,0.0,0.6666666666666666,0.0,1.1111111111111112,0.0,0.0,0.0,0.37037037037037035,0.0,8.531746031746032,4.196950710108604,0.41666666666666663,0.2777777777777778,0.0,3.9999999999999996,1.1111111111111112,0.8333333333333333,0.0,3.1349206349206344,0.47619047619047616,41.47931697931698,2.333333333333333,0.47979797979797983,0.0,0.6666666666666666,1.1666666666666665,1.6666666666666667,0.0,0.23809523809523808,0.0,0.0,2.2222222222222223,0.30303030303030304,0.0,0.0,0.0,0.0,0.37037037037037035,0.47619047619047616,0.0,0.9523809523809523,0.0,4.761904761904762,0.0,0.8333333333333334,0.0,0.0,3.333333333333333,0.0,2.333333333333333,0.41666666666666663,0.5555555555555556,0.0,0.0,3.214285714285714,0.0,0.5555555555555556,0.0,0.0,0.0,0.19607843137254904,0.7843137254901962,0.0,0.0,0.23809523809523808,23.10918060918061,0.0,39.638888888888886,1.6666666666666665,0.0,32.2991822991823,0.37037037037037035,0.0,0.5555555555555556,0.0,0.22222222222222224,0.0,0.0,15.242063492063492,0.0,0.0,0.0,0.0,0.0,0.0,0.7792207792207793,0.0,0.9090909090909092,0.0,0.0,0.0,0.8333333333333333,0.0,0.0,0.0,0.0,0.5555555555555556,0.0,1.6666666666666667,0.0,0.0,0.47619047619047616,0.0,0.0,2.2222222222222223,2.0,0.0,0.5555555555555556,0.0,0.0,0.0,0.0,0.0,0.0,0.0,0.0,0.0,0.0,0.0,0.0,0.0,0.0,0.0,0.9259259259259258,0.0,0.5555555555555556,0.0
416.37383218633215,80.98454785954786,46.28528647278647,85.52568033818034,54.6561305447175,32.80588624338624,36.22115847115847,64.27743140514879,44.277146464646464,32.64562983312983,24.565776815776815,14.709953173188467,106.6461038961039,9.846706534206534,28.92956696081696,29.95282264032264,20.27116402116402,57.65290550952315,42.11411736411736,23.465506715506713,25.307900432900432,11.552401302401302,13.405092592592592,21.26394824311491,15.688237688237688,8.084935897435898,13.29265873015873,5.138888888888888,16.789021164021165,0.7777777777777778,3.6910774410774407,7.485468235468235,8.447089947089946,4.2648809523809526,9.32795214045214,1.6388888888888888,10.532661782661782,5.348544973544973,5.318662818662818,6.694444444444445,12.544753086419753,9.679983060417843,20.67151675485009,0.8892496392496392,2.8656806156806156,47.81150793650794,5.557539682539682,8.053571428571429,2.7152777777777777,1.5666185666185666,1.7658730158730158,9.069664902998236,5.117704055204055,17.48115079365079,1.529100529100529,14.845117845117844,0.0,2.4047619047619047,2.9030501089324616,0.2232142857142857,2.092427248677249,5.648809523809524,0.0,1.1111111111111112,0.16666666666666666,0.0,7.898148148148148,0.5555555555555556,0.8333333333333333,0.8333333333333334,0.8333333333333333,2.4778439153439153,2.5096153846153846,0.0,0.41666666666666663,11.004569504569504,1.9233405483405484,0.4629629629629629,0.0,0.23809523809523808,0.0,1.4533730158730158,1.3541666666666667,0.0,0.0,1.6666666666666665,1.7592592592592593,0.15873015873015872,0.1388888888888889,2.825396825396825,1.759259259259259,0.5952380952380952,0.41666666666666663,0.8148148148148148,1.0925925925925926,0.10416666666666666,0.8028083028083028,3.3333333333333335,2.083333333333333,0.34659090909090906,0.0,1.3293650793650793,0.0,0.11904761904761904,0.11904761904761904,7.600759144237405,0.24558254252586403,0.0,3.6837381378879606,0.0,0.0,0.23809523809523808,0.9788359788359788,0.3333333333333333,0.20833333333333331,0.24558254252586403,1.1944444444444444,0.24558254252586403,0.24558254252586403,2.4558254252586402,0.24558254252586403,0.24558254252586403,2.750538813038813,0.0,0.06944444444444445,0.7962962962962963,0.5416666666666666,0.0,0.4348544973544973,0.0,0.0,0.2222222222222222,2.5,1.25,6.137566137566138,2.709401709401709,0.30092592592592593,0.37830687830687826,0.1752136752136752,0.0,0.0,0.16666666666666666,0.8333333333333333,1.4583333333333333,1.597222222222222,0.7954545454545454,0.7638888888888888,0.2777777777777778,0.0,0.625,1.1805555555555554,0.6194083694083694,3.0310846560846563,0.0,1.2962962962962963,0.6481481481481481,0.5555555555555556,7.425925925925926,0.0,0.0,0.9583333333333333,0.0,0.0,0.30092592592592593,0.0,14.312678062678062,0.0,0.8333333333333333,0.0,0.0,1.8584656084656084,0.18518518518518517,2.909391534391534,0.0,0.41666666666666663,0.1388888888888889,0.08333333333333333,1.6666666666666665,0.07575757575757576,0.10416666666666666,0.18518518518518517,0.0,0.0,0.0,0.0,0.09259259259259259,0.0,0.0,1.6666666666666665,0.05952380952380952,0.30303030303030304,3.2222222222222223,0.0,0.46092796092796096,7.885668276972625,0.0,0.7589285714285714,0.0,0.05952380952380952,0.1388888888888889,0.0,0.0,0.0,0.0,0.0,0.0,0.0,0.0,0.593584656084656,0.2222222222222222,0.5555555555555556,0.17592592592592593,1.0416666666666665,0.2777777777777778,0.0,2.028769841269841,0.0,0.0,0.0641025641025641,0.5555555555555556,0.0,2.0128205128205128,0.0,1.4337606837606838,0.0,0.0,0.0,0.0,26.78769841269841,0.09259259259259259,0.8333333333333333,0.0,0.9189814814814815,0.0,0.9189814814814815,0.0,0.0,0.0,0.6759259259259259,0.0,0.7692307692307692,0.0,0.0,0.0,0.8134920634920635,1.0185185185185184,0.0,0.23809523809523808,0.0,0.0
384.6371232253585,67.09812409812409,159.8181818181818,108.81477318977319,94.96151996151995,73.02954144620811,49.4287518037518,211.37536310820624,72.13516851894045,7.738215488215488,21.949915824915823,55.98881673881674,42.69039294039294,48.02276427276427,56.625901875901874,12.996873496873496,24.953860953860953,32.08213083213083,8.428987678987678,52.65608928108928,17.75505513005513,50.760030864197525,16.06240981240981,43.00897867564534,84.33791208791209,14.96626984126984,31.233587626969978,7.144078144078144,155.6766474266474,0.7777777777777778,17.956349206349206,33.864341676841676,64.45568783068782,27.556397306397304,1.4880952380952381,0.9523809523809523,10.810064935064934,40.89616402116402,1.494047619047619,15.770502645502644,21.453733766233768,36.633474550141216,2.2924482924482925,17.90666278166278,10.027777777777777,13.283008658008658,126.04365079365078,7.4146825396825395,10.763047138047137,16.395502645502646,0.0,0.09259259259259259,47.22370222370222,9.395382395382395,2.195767195767196,1.4781746031746033,0.5416666666666666,15.0,2.5925925925925926,8.434269434269433,4.868104118104118,1.7777777777777777,4.037037037037036,29.298280423280424,18.519456177350914,0.0,1.8333333333333333,8.634920634920634,17.254569504569503,4.722222222222222,16.11111111111111,9.12037037037037,3.201058201058201,0.0,0.0,0.47619047619047616,2.547017797017797,9.194444444444445,0.0,10.166666666666666,0.6666666666666666,5.0,0.3333333333333333,0.0,7.268518518518518,1.0,0.37037037037037035,2.142857142857143,2.8472222222222223,45.94104044104044,0.0,1.6666666666666665,0.18518518518518517,0.0,0.2777777777777778,0.0,0.2777777777777778,0.0,0.0,1.2388167388167388,2.46031746031746,10.222222222222221,0.7754629629629629,11.752044252044252,1.5138888888888888,11.16214667685256,0.0,4.172771672771672,0.0,0.6547619047619047,4.694444444444444,13.555555555555555,2.6587301587301586,0.9027777777777777,0.0,0.0,0.0,0.0,0.0,0.0,0.0,0.0,1.3333333333333333,2.1997539497539496,0.9544159544159543,0.10416666666666666,9.474206349206348,0.46296296296296297,8.430555555555555,7.222222222222222,5.0,6.861111111111111,2.037037037037037,0.8333333333333333,0.0,0.47619047619047616,0.47619047619047616,0.0,0.4444444444444445,4.349206349206349,1.8055555555555556,4.412698412698413,14.007936507936506,1.0714285714285714,0.0,0.9523809523809523,0.0,1.853896103896104,0.37037037037037035,18.591269841269842,3.4848484848484844,5.0,1.9888167388167388,0.0,3.0,0.37037037037037035,1.078042328042328,0.0,3.333333333333333,0.37037037037037035,0.0,5.925925925925926,1.375,1.1904761904761905,6.833333333333333,2.5,1.1111111111111112,0.0,0.0,2.0370370370370368,0.0,32.03517316017316,0.0,0.3472222222222222,1.8888888888888888,0.0,0.0,0.0,0.18518518518518517,0.18518518518518517,1.875,0.6666666666666666,0.3333333333333333,0.11111111111111112,0.4444444444444445,0.0,4.040404040404041,0.5555555555555556,0.0,0.0,0.0,0.23809523809523808,0.0,0.5555555555555556,0.0,0.0,0.0,0.2777777777777778,1.6666666666666665,0.0,0.0,0.0,0.37037037037037035,0.5555555555555556,0.2777777777777778,5.0,0.0,0.09259259259259259,0.0,0.0,0.2777777777777778,0.0,5.301587301587301,0.0,0.0,0.0,3.333333333333333,0.3333333333333333,10.083333333333332,0.0,0.0,3.333333333333333,0.3333333333333333,0.0,0.0,0.0,0.0,0.5555555555555556,0.0,0.0,0.0,0.8928571428571428,0.0,0.0,0.0,0.0,0.5555555555555556,0.10416666666666666,0.0,0.0,0.0,0.0,0.0,0.0,0.0,0.0,5.0,0.0,0.0,0.0
73.11865911865911,11.555555555555555,42.45238095238095,15.54100529100529,13.752136752136751,9.348244348244348,8.833333333333332,9.415584415584416,13.872053872053872,5.555555555555555,8.88888888888889,10.427350427350428,10.198412698412698,7.499999999999999,12.88095238095238,2.4206349206349205,0.0,0.0,0.0,7.925925925925926,16.666666666666664,3.888888888888889,7.833333333333332,1.8518518518518516,5.925925925925926,0.6666666666666666,0.0,0.0,5.277777777777778,10.555555555555555,3.3333333333333335,0.0,0.0,12.515151515151516,0.6666666666666666,30.0,1.3888888888888888,5.0,5.0,0.0,0.0,0.0,8.61111111111111,0.8333333333333333,10.428571428571429,0.22222222222222224,0.0,4.132996632996633,0.0,0.0,0.0,0.0,0.0,0.0,3.7037037037037033,0.0,0.0,0.0,0.0,0.0,0.6666666666666666,5.0,0.0,0.5555555555555556,1.6666666666666665,0.0,0.0,1.1111111111111112,0.0,1.1111111111111112,0.0,0.0,0.0,0.0,0.0,0.0,0.9523809523809523,0.0,0.0,0.0,0.0,0.0,0.0,0.0,7.196581196581196,0.0,3.333333333333333,0.0,0.22222222222222224,0.0,0.0,0.0,1.1111111111111112,1.6666666666666665,0.0,0.0,0.0,2.2222222222222223,0.0,0.0,0.0,0.0,0.0,0.0,1.6666666666666665,0.0,0.08547008547008547,0.0,1.2820512820512822,0.0,0.0,0.0,0.0,2.6839826839826837,0.0,0.08547008547008547,0.0,0.08547008547008547,0.08547008547008547,0.8547008547008548,0.08547008547008547,0.08547008547008547,0.0,0.0,0.0,0.0,0.0,0.0,0.0,0.0,0.0,0.0,0.0,0.5555555555555556,0.0,0.0,0.0,0.0,0.0,0.0,0.0,0.0,0.0,0.0,0.30303030303030304,0.0,0.0,0.0,0.0,0.0,0.0,0.0,0.0,0.0,0.0,0.0,0.0,0.0,0.0,1.1111111111111112,1.6666666666666665,0.0,0.0,0.0,0.0,0.3333333333333333,0.8333333333333333,0.0,0.0,0.0,0.0,1.1111111111111112,0.6666666666666666,2.2222222222222223,0.0,0.0,0.0,0.0,0.0,0.0,0.0,0.0,0.0,1.4484126984126984,5.7936507936507935,0.37037037037037035,0.0,0.0,0.0,0.0,0.0,0.0,0.0,3.333333333333333,0.0,0.0,0.0,3.333333333333333,0.0,0.0,0.0,0.0,0.0,0.0,0.0,1.6666666666666665,0.0,0.0,0.0,0.0,0.0,0.0,0.0,0.0,0.0,0.0,0.0,0.0,0.0,0.0,0.0,0.0,0.0,0.0,0.0,0.0,0.0,0.0,0.0,0.0,0.0,0.0,0.0,0.0,0.0,0.0,0.0,0.0,0.0,0.0,0.0,0.0,0.0,0.0,0.0,0.0,0.0,0.0,0.0,0.0
247.86838624338623,26.212962962962962,47.657407407407405,62.73765432098765,60.85648148148148,49.54728835978836,47.288359788359784,25.131944444444443,83.02314814814814,10.638227513227513,41.24537037037037,76.99537037037037,166.38690476190476,19.265873015873016,23.439393939393938,9.12037037037037,26.569444444444443,17.319444444444443,10.37037037037037,31.833333333333332,18.291666666666668,10.283068783068783,2.8703703703703702,19.300925925925927,13.972222222222221,4.166666666666666,4.972222222222222,20.16358024691358,15.412698412698411,53.007936507936506,4.375,4.722222222222222,5.988425925925926,39.99867724867725,4.12037037037037,59.382495590828924,1.9166666666666667,4.361111111111111,15.722222222222221,6.666666666666666,1.3611111111111112,0.9722222222222222,5.833333333333333,2.5925925925925926,0.0,9.25,10.325396825396824,26.058862433862434,0.41666666666666663,6.194444444444445,6.194444444444444,7.25,4.5740740740740735,0.75,7.444444444444445,1.3333333333333333,8.055555555555555,2.2777777777777777,24.305555555555554,2.2222222222222223,13.944444444444445,3.819444444444444,1.1111111111111112,9.925925925925926,0.5555555555555556,2.523148148148148,42.88425925925926,0.37037037037037035,2.4074074074074074,9.574074074074074,18.298941798941797,0.0,0.5833333333333333,1.6898148148148147,2.949074074074074,0.8333333333333333,6.62037037037037,0.2777777777777778,0.7407407407407407,2.4074074074074074,5.324074074074074,0.0,0.8333333333333334,6.559523809523809,24.09722222222222,4.974867724867725,4.305555555555555,0.7407407407407407,3.6111111111111107,4.305555555555555,0.625,0.3333333333333333,0.0,0.8333333333333333,0.0,2.083333333333333,0.0,8.61111111111111,10.00925925925926,3.6944444444444446,0.0,0.8333333333333333,1.6666666666666665,0.37037037037037035,3.0597643097643097,0.0,0.05050505050505051,3.7056878306878303,0.7575757575757577,3.0555555555555554,0.6111111111111112,0.0,1.9444444444444446,11.416666666666666,0.0,0.05050505050505051,7.259259259259259,0.05050505050505051,0.05050505050505051,0.5050505050505051,0.05050505050505051,0.05050505050505051,0.0,0.5555555555555556,0.0,0.2777777777777778,0.0,0.0,0.8333333333333333,3.3333333333333335,1.6666666666666667,0.0,9.847222222222221,1.0416666666666665,0.0,0.0,4.652777777777778,2.9166666666666665,2.2222222222222223,0.8333333333333333,0.0,0.0,0.0,0.0,1.3888888888888888,2.5555555555555554,3.0555555555555554,0.0,0.0,0.0,0.0,0.0,0.16666666666666666,0.9722222222222222,0.0,0.0,0.0,0.0,0.0,4.814814814814815,13.319444444444445,0.0,0.4861111111111111,0.0,2.1666666666666665,0.0,3.333333333333333,0.0,0.0,0.0,0.0,0.0,0.2777777777777778,2.9166666666666665,2.4305555555555554,2.2222222222222223,0.0,17.10648148148148,0.0,0.0,0.2777777777777778,1.9444444444444444,0.9722222222222222,0.9560185185185185,3.824074074074074,0.0,0.5555555555555556,1.5277777777777777,2.4074074074074074,2.0105820105820102,0.0,0.0,0.0,0.0,0.0,0.0,0.0,0.0,0.2777777777777778,0.0,0.0,0.0,0.20833333333333331,0.0,0.0,5.444444444444445,0.0,0.0,1.25,0.0,0.0,0.22222222222222224,0.0,0.0,1.1111111111111112,0.0,0.0,0.2777777777777778,0.0,0.41666666666666663,8.472222222222221,0.0,0.0,1.1111111111111112,2.9166666666666665,0.0,0.0,0.0,0.0,9.768518518518519,0.0,0.37037037037037035,0.0,0.0,0.0,0.0,0.0,1.1111111111111112,0.0,0.3333333333333333,0.0,15.610449735449736,1.7129629629629628,0.0,0.0,0.0,1.6666666666666665,0.0,0.0,0.0
33.210317460317455,16.73611111111111,9.194444444444445,16.819444444444443,47.05555555555555,9.032407407407407,12.694444444444445,12.11111111111111,10.083333333333332,3.7499999999999996,10.819444444444445,12.416666666666666,6.916666666666666,3.819444444444444,3.4305555555555554,2.6666666666666665,9.75,4.595959595959596,1.6666666666666667,3.6177248677248675,10.458333333333332,0.5833333333333333,0.2777777777777778,11.694444444444445,3.6666666666666665,2.5462962962962963,2.0555555555555554,10.76388888888889,3.6706349206349205,35.69444444444444,0.6547619047619047,0.7222222222222222,1.1111111111111112,1.6666666666666665,0.16666666666666666,9.791666666666666,0.0,2.833333333333333,1.5277777777777777,0.0,0.8333333333333333,3.472222222222222,0.5555555555555556,0.0,0.2777777777777778,3.4999999999999996,5.061507936507937,5.436507936507936,0.625,3.6111111111111107,0.4861111111111111,0.0,1.6666666666666665,1.25,1.5,0.0,7.708333333333333,0.0,3.6666666666666665,0.5555555555555556,1.6944444444444442,0.8333333333333334,0.0,0.0,0.0,0.10416666666666666,8.333333333333332,0.0,0.0,0.0,3.7777777777777777,0.0,0.0,0.10416666666666666,2.7777777777777777,0.0,6.666666666666666,0.0,0.0,0.0,0.10416666666666666,0.0,0.2777777777777778,0.0,0.8333333333333333,2.9166666666666665,0.7222222222222222,0.2777777777777778,0.0,0.0,0.0,0.0,0.0,0.0,0.0,0.0,0.0,0.0,0.16666666666666666,0.0,0.0,0.0,0.8333333333333333,0.0,0.0,0.0,0.025252525252525256,2.876984126984127,0.37878787878787884,0.0,0.0,0.37037037037037035,0.0,1.856060606060606,0.0,0.025252525252525256,0.0,0.025252525252525256,0.025252525252525256,0.25252525252525254,0.025252525252525256,0.025252525252525256,0.0,0.0,0.0,0.0,0.0,0.0,0.8333333333333333,1.2962962962962963,1.6666666666666665,0.0,0.0,0.41666666666666663,1.5151515151515151,0.0,0.798611111111111,0.0,0.0,0.0,0.0,0.0,0.0,0.0,0.0,1.6666666666666665,0.0,0.0,0.0,0.0,0.8333333333333333,0.0,0.0,0.0,0.0,0.0,0.0,0.0,0.0,1.25,1.9444444444444442,0.0,0.20833333333333331,0.0,0.8333333333333333,0.0,0.0,0.0,0.0,0.0,0.0,0.0,0.0,0.0,0.0,0.5555555555555556,0.0,4.583333333333333,0.0,0.0,0.0,0.0,0.0,0.0,0.0,0.0,0.20833333333333331,0.0,0.41666666666666663,0.0,0.0,0.0,0.0,0.0,0.0,0.0,0.0,0.1388888888888889,0.0,0.0,0.0,0.0,0.41666666666666663,0.0,0.0,0.0,0.0,0.0,0.0,0.0,0.0,0.0,0.0,0.0,1.1111111111111112,0.0,0.0,0.0,0.0,0.0,4.416666666666666,0.0,0.0,1.3333333333333333,0.41666666666666663,0.0,0.0,0.0,0.0,6.694444444444445,0.0,0.37037037037037035,0.0,0.0,0.0,0.0,0.0,0.16666666666666666,0.0,0.0,0.0,7.791666666666667,0.8333333333333333,0.0,0.0,0.0,0.0,0.0,0.0,0.0
472.8321516446516,91.78888703888704,155.42766247913306,76.77717652717652,81.7540885040885,20.050925925925924,28.792042743023135,62.348370416918804,18.016835016835017,28.21103896103896,21.047859547859545,13.674272486772486,2.5,22.856541606541604,60.78045334295334,25.678367928367926,6.986291486291487,100.8818575215634,5.046296296296296,14.638176638176637,8.983134920634921,21.25854700854701,41.13810726310726,12.666666666666666,9.75,15.0,4.892857142857142,32.446886446886445,1.6666666666666665,2.083333333333333,0.8888888888888888,16.854256854256853,2.259199134199134,3.194444444444444,4.766414141414141,0.0,1.25,2.9166666666666665,2.7777777777777777,0.41666666666666663,4.722222222222222,47.70365282865283,6.534391534391534,2.242424242424242,1.5211640211640212,0.0,0.5555555555555556,7.142857142857142,5.333333333333333,0.0,12.689814814814815,21.72138047138047,0.0,1.6666666666666665,1.6666666666666667,0.0,0.0,0.20833333333333331,0.0,5.694444444444445,0.5277777777777778,0.5555555555555556,8.89983164983165,0.37037037037037035,4.102564102564102,0.6862745098039216,4.5517676767676765,1.6666666666666665,0.15151515151515152,0.0,0.0,0.47619047619047616,0.0,0.6862745098039216,0.0,3.833333333333333,2.3055555555555554,0.0,0.0,9.594729344729345,0.0,0.41666666666666663,0.49633699633699635,0.0,3.333333333333333,0.8333333333333333,0.0,0.0,0.0,0.0,0.0,0.8333333333333333,1.4102564102564101,0.0,0.0,1.4372294372294372,5.1535947712418295,1.3888888888888888,1.1111111111111112,0.0,0.5555555555555556,0.0,0.0,0.0,0.0,0.2564102564102564,0.0,0.18518518518518517,0.0,0.6111111111111112,0.16666666666666666,0.0,0.0,0.5555555555555556,1.2091503267973855,0.0,0.0,0.0,0.0,0.0,0.0,0.0,58.68589281089281,0.0,0.0,0.2777777777777778,0.0,0.0,0.0,3.696663253114866,0.0,0.16666666666666666,0.0,0.0,23.229187479187477,27.860461978109036,0.41666666666666663,4.125631313131313,0.0,0.0,0.0,2.0,0.0,4.444444444444445,0.0,0.20238095238095238,0.0,0.0,0.0,3.333333333333333,0.8333333333333333,0.1282051282051282,3.3333333333333335,0.0,0.0,0.0,0.0,0.6666666666666666,0.2777777777777778,0.0,0.0,0.0,0.5897435897435896,15.577342047930282,0.0,0.5,0.0,0.41666666666666663,0.0,0.0,0.0,0.0,0.0,0.0,0.0,0.3758169934640523,0.0,0.0,0.0,2.380952380952381,0.0,0.0,0.0,0.0,0.0,0.0,0.0,0.0,0.0,0.0,0.0,0.0,5.151515151515151,1.1666666666666665,0.0,0.0,2.5,0.0,0.3787878787878788,0.0,2.3076923076923075,10.075757575757574,0.0,0.0,0.0,0.0,0.1282051282051282,0.0,0.0,0.0,0.0,0.0,0.0,0.0,0.0,0.2777777777777778,0.0,0.0,0.0,0.0,0.0,3.2222222222222223,0.0,0.0,0.0,0.0,0.6944444444444444,0.8333333333333334,0.8333333333333333,0.0,0.0,0.0,0.0,0.0,0.0,0.20833333333333331,0.0,0.0,0.0,0.0,1.0416666666666665,0.0,0.0,0.0,0.0,0.0,0.0,0.41666666666666663,0.0,0.0
654.8959414768239,107.0491452991453,97.86652236652236,79.1058201058201,90.35846560846561,108.7058682058682,17.857142857142858,67.7783559033559,32.49086099086099,42.349999999999994,52.75,66.67334054834055,22.55438842203548,51.6497113997114,25.81196581196581,31.757936507936506,17.22222222222222,152.01965082847434,11.370310245310245,14.293650793650793,16.666666666666664,26.809644059644057,22.174603174603174,11.37415824915825,0.9444444444444444,19.958333333333332,3.888888888888889,25.791666666666664,5.993589743589743,16.66810966810967,13.018518518518519,11.226851851851851,8.571428571428571,2.5,18.569444444444443,0.5555555555555556,8.172438672438672,3.333333333333333,8.333333333333334,17.44973544973545,0.787037037037037,5.805555555555555,56.06108706108706,2.6190476190476186,0.6666666666666666,0.0,0.0,58.9462481962482,0.9523809523809523,0.0,22.95992895992896,12.395382395382395,0.23809523809523808,1.2916666666666667,6.111111111111111,0.8333333333333333,0.0,0.0,2.7037037037037037,6.944444444444444,0.2777777777777778,0.0,3.571428571428571,0.0,0.0,5.285714285714286,24.684523809523807,0.0,0.625,5.555555555555555,6.666666666666666,11.559523809523808,0.0,5.285714285714286,16.19047619047619,1.8412698412698412,1.0757575757575757,0.0,1.0,0.3333333333333333,0.0,1.5873015873015874,1.6666666666666665,0.5555555555555556,0.8333333333333333,3.333333333333333,0.0,0.0,0.0,0.0,29.920634920634917,1.1111111111111112,3.0,0.0,0.0,7.018518518518518,1.5277777777777777,0.0,6.196428571428571,0.0,1.6666666666666665,0.0,0.16666666666666666,0.0,0.0,1.606060606060606,0.09523809523809525,0.0,2.261904761904762,9.398148148148147,0.0,6.518518518518519,0.0,25.055555555555554,5.763888888888888,0.09523809523809525,0.0,0.09523809523809525,0.09523809523809525,0.9523809523809524,0.09523809523809525,0.09523809523809525,157.35310985310986,0.0,0.0,3.541666666666667,0.0,0.0,10.0,8.278388278388277,13.333333333333332,0.0,0.0,0.0,90.27777777777777,33.00953675953676,4.666666666666667,2.185185185185185,0.0,0.0,0.0,0.0,6.0,0.9523809523809523,5.416666666666667,0.0,0.41666666666666663,4.81962481962482,0.0,5.611111111111111,0.5555555555555556,0.0,33.888888888888886,0.0,0.0,3.0,0.0,0.0,0.0,0.0,1.3333333333333333,0.5555555555555556,0.0,45.88059163059163,0.0,0.0,6.666666666666666,0.8333333333333334,0.0,0.0,26.888888888888886,0.6666666666666666,0.0,0.0,0.0,0.0,0.0,0.0,2.2407407407407405,0.0,0.0,0.0,0.0,0.5555555555555556,2.2222222222222223,0.0,4.111111111111111,0.0,3.888888888888889,1.4351851851851851,0.9259259259259259,0.0,7.929292929292929,8.333333333333332,0.11111111111111112,0.0,23.75,0.0,0.47619047619047616,0.3030303030303031,0.0,1.7777777777777777,0.0,0.0,0.20833333333333331,0.0,0.0,0.0,0.3333333333333333,24.12962962962963,0.0,3.333333333333333,5.7142857142857135,0.6060606060606062,0.8928571428571428,4.7936507936507935,0.0,0.0,1.6666666666666665,0.0,0.0,2.5925925925925926,0.0,2.092307692307692,0.0,0.0,3.333333333333333,0.0,0.0,0.0,61.60212771977478,0.0,0.0,0.0,0.0,22.28174603174603,0.0,0.0,0.0,0.0,4.111111111111111,0.0,0.5555555555555556,0.0,1.6666666666666665,0.0,0.0,3.333333333333333,0.0,0.0
0.5555555555555556,0.0,0.5555555555555556,0.0,0.0,0.0,0.0,0.0,0.0,0.0,0.0,0.0,0.0,0.0,0.0,0.0,0.0,0.0,0.0,0.0,0.0,0.0,0.0,0.0,0.0,0.0,0.0,0.0,0.0,0.0,0.0,0.0,0.0,0.0,0.0,0.0,0.0,0.0,0.0,0.0,0.0,0.0,0.0,0.0,0.0,0.0,0.0,0.0,0.0,0.0,0.0,0.0,0.0,0.0,0.0,0.0,0.0,0.0,0.0,0.0,0.0,0.0,0.0,0.0,0.0,0.0,0.0,0.0,0.0,0.0,0.0,0.0,0.0,0.0,0.0,0.0,0.0,0.0,0.0,0.0,0.0,0.0,0.0,0.0,0.0,0.0,0.0,0.0,0.0,0.0,0.0,0.0,0.0,0.0,0.0,0.0,0.0,0.0,0.0,0.0,0.0,0.0,0.0,0.0,0.0,0.0,0.0,0.0,0.0,0.0,0.0,0.0,0.0,0.0,0.0,0.0,0.0,0.0,0.0,0.0,0.0,0.0,0.0,0.0,0.0,0.0,0.0,0.0,0.0,0.0,0.0,0.0,0.0,0.0,0.0,0.0,0.0,0.0,0.0,0.0,0.0,0.0,0.0,0.0,0.0,0.0,0.0,0.0,0.0,0.0,0.0,0.0,0.0,0.0,0.0,0.0,0.0,0.0,0.0,0.0,0.0,0.0,0.0,0.0,0.0,0.0,0.0,0.0,0.0,0.0,0.0,0.0,0.0,0.0,0.0,0.0,0.0,0.0,0.0,0.0,0.0,0.0,0.0,0.0,0.0,0.0,0.0,0.0,0.0,0.0,0.0,0.0,0.0,0.0,0.0,0.0,0.0,0.0,0.0,0.0,0.0,0.0,0.0,0.0,0.0,0.0,0.0,0.0,0.0,0.0,0.0,0.0,0.0,0.0,0.0,0.0,0.0,0.0,0.0,0.0,0.0,0.0,0.0,0.0,0.0,0.0,0.0,0.0,0.0,0.0,0.0,0.0,0.0,0.0,0.0,0.0,0.0,0.0,0.0,0.0,0.0,0.0,0.0,0.0,0.0,0.0,0.0,0.0,0.0,0.0
319.83340039590036,108.41393791393791,149.0952380952381,142.58772246272247,206.11211936211936,56.13427930094597,55.5568783068783,48.61270827937494,95.28753835126383,19.147486772486772,41.80288175876411,92.66397028897029,96.9649887149887,25.60615079365079,46.672339234839235,62.09656084656084,29.291005291005288,40.710137085137085,73.21266233766234,122.93630443630443,10.32175925925926,52.45976654064889,27.956938894438892,20.132275132275133,78.16311928811929,1.5822510822510822,27.769931457431454,17.618894993894994,112.43428793428792,33.50992063492063,27.911617793970734,4.296957671957672,7.729051449639685,27.228835978835978,25.783098845598843,0.16666666666666666,7.60515873015873,19.00603318250377,14.387362637362637,5.635040885040885,9.61111111111111,17.896566396566396,0.0,6.780092592592593,32.46626984126984,4.484126984126984,20.67195767195767,10.0,26.983590483590483,20.94732337379396,2.0,2.946428571428571,3.844065656565656,5.46043771043771,6.461640211640211,5.652777777777778,0.0,5.222222222222221,3.7037037037037033,1.7171717171717171,2.227309727309727,6.7559523809523805,2.642857142857143,0.41666666666666663,6.767158767158767,0.0,4.666666666666666,6.851851851851852,37.50925925925926,1.7685185185185186,5.777777777777778,6.666666666666666,0.30092592592592593,0.0,0.0,1.6666666666666667,0.0,0.10416666666666666,5.589743589743589,0.20833333333333331,0.5555555555555556,0.0,1.923076923076923,0.19607843137254902,1.8749999999999998,2.9166666666666665,14.7255291005291,0.0,0.4166666666666667,10.894660894660895,0.48611111111111116,8.283760221260222,3.358585858585859,0.0,24.875439375439374,0.0,1.0,3.708333333333333,0.0,0.9722222222222222,0.0,1.0833333333333333,1.6388888888888888,0.0,0.0,0.0,0.0,1.1965811965811968,0.0,1.505087505087505,0.20833333333333331,4.0476190476190474,5.164021164021164,0.0,6.9326923076923075,0.0,0.0,0.0,0.0,0.0,0.0,0.0,0.0,3.0437710437710437,0.0,6.141203703703703,0.7070707070707071,2.996031746031746,4.966269841269842,1.527777777777778,0.0,0.5555555555555556,21.56084656084656,1.1805555555555554,0.0,0.0,0.0,0.0,1.9325396825396826,0.6666666666666666,0.10416666666666666,0.0,0.0,3.5,0.0,0.0,0.0,0.0,4.007936507936508,25.75,0.0,0.0,0.0,0.9374999999999999,0.0,0.0,2.1912578162578162,3.1719576719576716,0.0,0.0,0.0,0.0,0.09259259259259259,0.0,0.16666666666666666,0.0,0.4722222222222222,0.0,4.441919191919192,1.879148629148629,0.6060606060606061,0.3030303030303031,0.0,0.7326007326007326,0.8333333333333333,0.0,2.2996031746031744,0.3333333333333333,0.3333333333333333,0.0,0.0,0.23809523809523808,0.11904761904761904,0.0,0.0,1.6666666666666665,0.0,0.16666666666666666,0.0,0.0,1.6666666666666665,1.1111111111111112,1.9444444444444444,1.9444444444444446,0.0,0.0,0.0,0.0,0.0,0.0,0.0,0.0,0.0,0.375,0.0,1.2222222222222223,0.0,0.6666666666666667,0.0,0.0,0.0,0.0,0.0,0.0,0.0,0.0,0.0,0.625,0.0,0.0,0.0,0.0,0.0,0.0,0.0,0.0,0.0,0.0,0.23809523809523808,0.0,0.0,0.1388888888888889,0.0,0.0,0.0,0.0,0.20833333333333331,0.0,0.0,0.0,0.0,0.0,0.0,0.0,0.0,0.0,0.0,0.0,0.0,0.0
1161.8811068206207,197.29190209563015,390.5569692653026,235.37326716493382,350.3215759168276,68.65052839317545,97.51126329387199,144.78102439696642,140.41836998072696,74.64882802382802,65.90682928182927,68.80628469758905,57.70670995670995,38.117944772407014,100.14471189858186,72.30599647266314,46.82319833950269,195.40045160950734,19.818699818699816,69.09786663953331,25.838698176417473,48.340928889174506,22.984126984126984,70.760330651635,17.47954822954823,17.325396825396822,14.777116402116402,43.518419761066816,92.64285714285714,0.37037037037037035,22.665343915343914,11.957671957671957,14.188311688311687,5.972527472527473,8.777777777777777,0.47619047619047616,9.327533577533577,14.423520923520924,8.74074074074074,14.262740183792815,42.78463203463203,171.59149167921098,15.358672124976472,7.703703703703703,37.25962925962926,17.00462962962963,21.244708994708994,22.062229437229437,8.475468975468974,3.5505050505050506,4.858906525573192,6.756734006734007,16.791487923840865,11.606701940035274,4.024771524771525,7.4757094757094755,11.469576719576718,7.666666666666666,0.0,9.523809523809524,31.179894179894177,3.018518518518518,7.988816738816738,11.11111111111111,5.152116402116402,10.593448490507313,10.851851851851851,1.857142857142857,1.226798881261124,9.365079365079364,0.3508771929824561,0.6172839506172839,2.1296296296296298,10.545829442888266,1.1481481481481481,9.924825174825175,4.828898225957049,0.9722222222222222,6.995331465919701,8.705357142857142,0.0,3.689083820662768,0.7722832722832722,0.0,3.333333333333333,2.0370370370370368,0.08547008547008547,1.4814814814814814,0.5555555555555556,8.119883040935672,0.0,6.685185185185185,0.0,0.7301587301587301,0.41666666666666663,0.0,7.611111111111111,0.0,0.37037037037037035,0.0,0.8465608465608465,8.666744475568004,1.962962962962963,0.0,0.37037037037037035,1.1333333333333333,0.03003003003003003,0.15151515151515152,0.45045045045045046,0.30303030303030304,1.5681818181818183,0.18518518518518517,3.571428571428571,7.193121693121693,1.831908831908832,0.03003003003003003,9.047619047619047,0.03003003003003003,0.03003003003003003,0.3003003003003003,0.03003003003003003,0.03003003003003003,8.921570632096948,0.0,0.5263871930538597,0.37037037037037035,0.6666666666666666,20.309941520467834,6.763888888888888,3.9682539682539684,0.8333333333333334,0.0,0.3333333333333333,0.0,10.920634920634921,5.661375661375661,0.47619047619047616,8.163688163688164,0.0,1.1652421652421652,1.1111111111111112,20.41149591149591,18.88888888888889,7.161172161172161,24.394179894179892,0.0,0.6666666666666666,0.5555555555555556,0.37037037037037035,3.106060606060606,7.857142857142857,5.3311688311688314,1.5873015873015874,0.0,1.2962962962962963,1.0317460317460316,1.9300144300144302,0.18518518518518517,0.41666666666666663,0.2777777777777778,0.0,1.1111111111111112,0.0,1.412037037037037,2.2222222222222223,8.186090225563909,0.3333333333333333,3.6410256410256405,0.0,0.0,0.4924242424242424,0.9318181818181818,12.34054834054834,0.0,0.0,1.1898148148148149,0.0,2.2222222222222223,1.0,13.79995126705653,0.41666666666666663,0.0,0.0,0.37037037037037035,1.4814814814814814,3.3333333333333335,2.2222222222222223,1.3888888888888888,0.0,0.07575757575757576,2.663817663817664,0.0,9.571428571428571,5.206709956709957,4.194444444444445,1.1666666666666665,0.37037037037037035,0.0,5.972222222222221,0.0,1.2,38.193833943833944,0.0,0.0,0.0,5.944444444444444,0.06666666666666667,0.0,2.9365079365079367,0.16666666666666666,1.361858753163101,0.18518518518518517,0.41666666666666663,0.0,0.0,0.0,0.0,0.0,0.9523809523809523,0.0,0.0,0.0,1.5873015873015874,0.0,0.0,0.0,0.0,10.493284493284493,0.0,0.0,4.743589743589743,0.0,0.0,0.15873015873015872,0.0,0.0,0.0,0.0,0.0,0.18518518518518517,0.0,0.0,0.0,0.0,0.0,0.5555555555555556,0.0,0.0,0.0,0.0
267.0043129716852,60.97856149486584,33.57575757575758,62.09162362060913,82.56585448833732,57.52837118597988,18.666666666666664,23.015873015873016,44.923224579571325,10.084013209013209,24.076756576756576,13.753787878787879,9.226190476190476,19.20387623648493,12.1017501017501,37.975912975912976,0.0,187.8446539236394,1.2777777777777777,25.6902557319224,8.787878787878787,13.372053872053872,24.703703703703702,11.524531024531024,5.385056301722968,9.211640211640212,7.505291005291005,33.910018993352324,2.738095238095238,0.37037037037037035,0.625,6.666666666666666,1.0897435897435896,1.3095238095238093,0.07246376811594203,0.0,0.0,1.4814814814814814,1.8787878787878787,0.0,6.666666666666666,17.78066378066378,2.2222222222222223,0.0,0.0,0.8538359788359788,2.0370370370370368,0.7196969696969697,4.343434343434343,0.5555555555555556,13.262987012987013,6.111111111111111,1.7696377696377694,10.395462562129229,0.0,0.41666666666666663,0.0,2.6666666666666665,2.7705627705627704,0.0,1.726190476190476,0.0,0.0,2.0,2.5925925925925926,8.510008681835307,1.1111111111111112,0.0,0.0,3.333333333333333,0.0,0.37037037037037035,0.0,7.84334201516864,0.0,0.3254769921436588,1.1396011396011394,0.0,1.3333333333333333,0.7936507936507936,0.0,0.0,0.0,0.0,0.0,0.30303030303030304,0.0,0.37037037037037035,0.0,0.0,1.2962962962962963,0.0,10.124579124579125,0.3333333333333333,0.0,0.0,2.1825396825396823,0.5555555555555556,0.0,0.0,0.0,0.30303030303030304,0.0,0.30303030303030304,0.0,0.13333333333333333,0.0,0.15151515151515152,0.0,0.0,0.0,3.333333333333333,0.0,2.2222222222222223,0.37037037037037035,0.0,0.0,0.0,0.0,0.0,0.0,0.0,12.9265873015873,0.0,0.0,0.0,0.0,0.0,0.0,0.0,3.333333333333333,5.696969696969697,0.0,0.0,2.2222222222222223,2.685185185185185,0.0,0.9890109890109889,0.0,0.7407407407407407,0.0,0.0,0.0,0.0,0.0,0.0,0.0,0.0,0.0,0.0,0.0,0.0,0.0,0.0,0.0,1.1111111111111112,0.11904761904761904,0.3030303030303031,0.0,0.2777777777777778,0.0,0.0,0.0,0.2777777777777778,0.0,4.166666666666666,0.8333333333333333,1.3333333333333333,0.0,0.0,2.7407407407407405,0.0,0.30303030303030304,0.0,0.0,0.5416666666666666,0.0,1.0317460317460316,0.0,0.30303030303030304,0.0,0.6666666666666666,0.3333333333333333,0.0,0.0,0.0,0.0,0.0,0.0,0.0,0.0,0.0,7.150252525252525,0.0,0.4444444444444445,0.0,0.10101010101010102,0.0,0.0,0.0,1.2,0.0,0.6666666666666666,0.0,0.0,0.0,0.06666666666666667,0.0,0.0,0.0,0.0,7.222222222222221,0.0,0.0,0.0,0.0,0.0,0.0,0.0,0.0,0.0,3.333333333333333,1.1111111111111112,0.0,0.0,3.3333333333333335,0.0,0.0,0.0,0.0,1.9444444444444442,0.0,0.0,0.0,0.0,0.0,0.0,0.0,3.6666666666666665,0.0,0.0,0.0,0.0,0.0,0.0,0.0,0.0,0.0,0.0,0.0
155.97142857142856,40.529100529100525,28.248412698412697,44.388888888888886,11.265873015873016,21.58994708994709,8.333333333333334,89.89065255731923,64.82407407407408,34.12698412698413,32.84920634920635,20.913359788359788,125.19797178130511,18.928571428571427,28.666666666666664,111.81481481481481,82.95238095238095,27.305555555555554,1.6666666666666665,24.92989417989418,12.833333333333332,9.75,35.22222222222222,12.835978835978835,7.281746031746032,37.49206349206349,35.48412698412698,7.268518518518518,2.555555555555556,3.9523809523809526,22.857142857142858,28.74074074074074,0.0,23.288359788359788,9.087301587301587,3.708333333333333,0.0,3.7870370370370368,13.142857142857142,15.142857142857142,6.845238095238095,0.47619047619047616,0.0,198.5793650793651,22.07142857142857,19.61111111111111,14.133333333333333,1.1904761904761905,27.22222222222222,1.6666666666666665,0.0,0.0,0.0,5.5092592592592595,27.574074074074073,0.0,0.0,0.0,0.4444444444444445,0.0,0.0,10.632275132275133,1.0833333333333333,10.834656084656084,0.0,0.5555555555555556,0.0,0.0,1.5555555555555556,16.666666666666664,1.0317460317460316,21.523809523809522,0.0,0.5555555555555556,0.0,0.0,0.0,3.8095238095238093,61.1657848324515,0.0,3.1666666666666665,0.37037037037037035,0.0,0.0,36.69444444444444,0.0,9.166666666666666,0.0,0.0,46.01322751322751,0.0,0.0,0.2777777777777778,1.2222222222222223,0.8333333333333333,0.0,0.0,8.833333333333332,3.333333333333333,13.88888888888889,0.0,0.0,0.0,0.0,6.666666666666666,0.0,0.031746031746031744,1.1111111111111112,0.47619047619047616,0.0,0.0,0.0,0.5555555555555556,2.7777777777777777,6.100088183421517,0.031746031746031744,3.333333333333333,0.031746031746031744,0.031746031746031744,0.31746031746031744,0.031746031746031744,0.031746031746031744,0.0,0.0,0.8333333333333333,0.0,3.444444444444444,2.4761904761904763,0.0,0.0,0.8333333333333333,4.0,23.539682539682538,4.166666666666666,0.0,0.0,0.0,0.0,1.5,0.0,0.0,14.65079365079365,3.333333333333333,2.5,0.8333333333333333,0.0,0.0,0.0,8.952380952380953,0.0,0.0,0.0,0.0,2.757936507936508,0.0,0.0,0.0,0.0,0.0,0.47619047619047616,0.0,3.333333333333333,0.0,0.0,0.0,1.6666666666666667,6.111111111111111,0.0,0.0,1.3333333333333333,0.0,0.0,0.0,0.8333333333333333,0.0,0.0,0.22222222222222224,1.1111111111111112,0.0,0.0,0.0,0.8333333333333333,0.41666666666666663,0.6666666666666667,2.666666666666667,5.555555555555555,1.1111111111111112,3.333333333333333,0.0,0.0,0.18518518518518517,3.3333333333333335,0.0,0.0,0.0,0.0,0.0,3.8888888888888893,0.0,0.0,0.0,0.0,0.0,0.0,0.0,2.6666666666666665,0.0,0.0,0.22222222222222224,0.0,0.0,0.0,0.0,0.0,0.0,0.0,0.0,0.0,0.0,0.0,0.0,0.0,0.0,0.0,0.0,0.0,0.0,0.0,0.0,0.0,0.0,0.0,0.0,0.0,0.0,0.0,1.126984126984127,0.0,0.8333333333333333,0.0,0.0,0.0,3.333333333333333,0.0,0.0,3.333333333333333,0.0,0.0,0.0,0.0
93.87169312169311,30.32936507936508,66.34656084656085,84.34391534391534,89.61531986531986,70.99867724867725,19.25925925925926,82.76587301587301,56.001443001443,56.548026048026045,38.67647058823529,24.05026455026455,73.96957671957672,1.9444444444444442,18.936507936507937,14.859126984126982,17.904761904761905,38.12698412698413,4.722222222222221,11.0,21.962962962962962,10.12962962962963,2.775252525252525,15.87037037037037,21.214285714285715,6.666666666666666,18.634920634920633,0.0,10.435185185185185,3.6296296296296298,2.8571428571428568,52.03042328042328,2.138888888888889,42.57275132275132,5.857142857142857,0.0,5.277777777777778,14.652777777777777,13.976190476190476,5.459595959595959,2.761904761904762,3.4285714285714284,0.736111111111111,25.215608465608465,4.957671957671957,12.123015873015873,41.1468253968254,0.0,0.20833333333333331,26.556637806637806,0.0,0.6734006734006734,8.174603174603174,0.47619047619047616,33.70238095238095,2.4603174603174605,0.0,0.0,13.777777777777777,0.0,0.0,7.499999999999999,3.333333333333333,1.9444444444444444,0.30303030303030304,4.404040404040404,0.0,0.0,1.5277777777777777,1.1111111111111112,0.5555555555555556,1.9047619047619047,0.06535947712418301,1.5151515151515151,4.083333333333333,0.9722222222222222,1.4285714285714284,1.9444444444444444,4.738095238095238,0.0,0.8888888888888888,3.7373737373737375,1.9444444444444444,0.0,18.833333333333332,0.0,12.5,0.0,0.0,1.9444444444444444,2.7407407407407405,0.41666666666666663,0.0,0.0,2.5,0.0,0.0,59.17460317460318,0.2777777777777778,1.1111111111111112,1.8518518518518516,1.8534080298786182,0.0,0.0,0.0,2.7272727272727275,0.10256410256410256,6.388888888888888,1.5384615384615383,0.5555555555555556,4.833333333333333,0.0,0.3333333333333333,0.0,2.083333333333333,0.10256410256410256,3.6904761904761902,0.10256410256410256,0.10256410256410256,1.0256410256410255,0.10256410256410256,0.10256410256410256,0.0,0.0,0.41666666666666663,3.3333333333333335,0.0,0.0,0.0,0.0,23.333333333333332,0.0,12.61111111111111,0.0,0.0,0.0,0.0,0.2777777777777778,0.37037037037037035,0.0,0.1388888888888889,0.0,1.1111111111111112,3.3333333333333335,0.0,0.8333333333333333,2.4074074074074074,0.5555555555555556,0.5555555555555556,0.0,0.0,0.18518518518518517,0.8928571428571428,1.6666666666666665,0.0,0.6666666666666666,0.0,0.0,0.0,0.6666666666666666,0.0,0.0,0.0,0.0,0.18518518518518517,0.0,0.0,0.0,5.9523809523809526,0.0,0.0,0.0,0.0,0.0,3.3730158730158726,0.47619047619047616,0.0,6.666666666666666,0.0,0.0,0.8333333333333334,0.0,0.0,0.0,0.0,0.0,0.0,0.0,0.0,0.0,0.0,0.0,0.0,0.0,0.0,0.0,0.0,0.0,0.0,0.0,0.0,0.0,0.0,0.0,0.0,0.47619047619047616,0.0,0.0,0.0,0.0,0.0,0.0,0.0,0.0,0.0,0.0,0.0,0.0,0.3333333333333333,0.0,0.22222222222222224,0.0,0.1388888888888889,0.0,0.0,0.0,0.0,0.0,0.0,0.0,0.0,0.0,0.0,0.0,0.0,0.0,0.0,0.0,0.0,0.0,0.0,0.0,0.0,0.0,0.0,0.0,0.0,0.5555555555555556,0.0,0.0
0.8333333333333333,0.0,0.0,0.0,0.0,3.3333333333333335,0.8333333333333333,0.0,0.0,3.333333333333333,0.0,0.0,2.5,0.0,0.0,0.0,0.0,0.0,0.0,0.0,0.0,0.0,0.0,0.0,0.0,0.0,0.0,0.0,0.0,0.0,0.0,0.0,0.0,0.0,0.0,0.0,0.0,0.0,0.0,0.0,0.0,3.333333333333333,3.333333333333333,0.0,0.0,0.0,0.0,0.0,0.0,0.0,0.0,0.0,0.0,0.0,0.0,0.0,0.0,0.0,0.0,0.0,0.0,0.0,0.0,0.0,0.0,0.0,0.0,0.0,0.0,0.0,0.0,0.0,0.0,0.0,0.0,0.0,0.0,0.0,0.0,0.0,0.0,0.0,0.0,0.0,0.0,0.0,0.0,0.0,0.0,0.0,0.0,0.0,0.0,0.0,0.0,0.0,0.0,0.0,0.0,0.0,0.0,0.0,0.0,0.0,0.0,0.0,0.0,0.0,0.0,0.0,0.0,0.0,0.0,0.0,0.0,0.0,0.0,0.0,0.0,0.0,0.0,0.0,0.0,0.0,0.0,0.0,0.0,0.0,0.0,0.0,0.0,0.0,0.0,0.0,2.5,0.0,0.0,0.0,0.0,0.0,0.0,0.0,0.0,0.0,0.0,0.0,0.0,0.0,0.0,0.0,0.0,0.0,0.0,0.0,0.0,0.0,0.0,0.0,0.0,0.0,0.0,0.0,0.0,0.0,0.0,0.0,0.0,0.0,0.0,0.0,0.0,0.0,0.0,0.0,0.0,0.0,0.0,0.0,0.0,0.0,0.0,0.0,0.0,0.0,0.0,0.0,0.0,0.0,0.0,0.0,0.0,0.0,0.0,0.0,0.0,0.0,0.0,0.0,0.0,0.0,0.0,0.0,0.0,0.0,0.0,0.0,0.0,0.0,0.0,0.0,0.0,0.0,0.0,0.0,0.0,0.0,0.0,0.0,0.0,0.0,0.0,0.0,0.0,0.0,0.0,0.0,0.0,0.0,0.0,0.0,0.0,0.0,0.0,0.0,0.0,0.0,0.0,0.0,0.0,0.0,0.0,0.0,0.0,0.0,0.0,0.0,0.0,0.0,0.0,0.0
25.42361111111111,9.367724867724867,10.425925925925926,12.703703703703702,12.826178451178452,0.9722222222222222,11.851851851851851,26.097883597883595,16.425925925925924,1.0555555555555556,9.417211328976034,5.313732563732564,24.087301587301585,0.0,8.0842151675485,5.347222222222222,2.5,3.534722222222222,2.0555555555555554,4.972222222222222,3.9999999999999996,4.84006734006734,0.30303030303030304,5.0,8.609567901234568,0.0,7.62037037037037,0.0,2.7777777777777777,2.7777777777777777,3.333333333333333,3.0303030303030303,0.5092592592592592,2.7777777777777777,0.0,6.026455026455026,0.0,1.1959876543209877,1.0555555555555556,2.9215229215229215,4.232804232804233,0.6092796092796093,0.20833333333333331,0.0,6.666666666666667,1.5873015873015874,11.746031746031747,3.333333333333333,11.046476671476672,1.6975308641975309,0.0,0.0,0.8293650793650793,0.0,4.0740740740740735,0.5555555555555556,0.0,0.0,0.0,0.0,3.333333333333333,0.0,0.0,3.333333333333333,0.0,0.0,0.0,0.0,2.083333333333333,0.1388888888888889,2.0,0.0,0.06535947712418301,0.0,0.0,0.37037037037037035,0.0,0.0,0.0,0.0,0.18518518518518517,0.5788655788655789,3.3333333333333335,0.0,0.8432539682539681,0.0,2.0502645502645502,0.0,0.4166666666666667,0.2777777777777778,0.0,0.0,0.0,0.0,0.0,0.0,0.0,0.0,0.2777777777777778,0.0,0.0,2.9897716662422544,0.0,0.9259259259259258,0.0,0.0,0.09259259259259259,0.0,1.3888888888888888,0.0,0.0,0.0,0.0,0.0,0.0,0.09259259259259259,0.0,0.09259259259259259,0.09259259259259259,0.9259259259259258,0.09259259259259259,0.09259259259259259,0.0,4.19047619047619,0.0,0.0,0.0,0.0,0.0,0.0,0.0,0.22222222222222224,0.7222222222222223,0.0,0.0,0.0,0.0,0.2777777777777778,0.0,0.5555555555555556,0.0,0.0,0.0,0.0,0.0,0.0,0.0,0.0,0.0,1.6666666666666665,0.0,0.18518518518518517,0.0,0.8333333333333333,0.0,0.0,0.0,0.33333333333333337,0.0,0.0,0.0,0.0,0.0,0.0,0.0,0.0,0.0,0.0,1.1111111111111112,0.0,0.0,0.0,0.0,0.0,0.0,0.0,0.0,1.6666666666666667,0.0,0.0,0.5555555555555556,0.0,0.0,0.0,0.0,0.0,0.0,0.0,0.0,0.0,0.0,0.0,0.0,0.0,0.0,0.0,0.0,0.0,0.0,0.0,0.0,0.0,0.0,0.0,0.0,0.0,0.0,0.0,0.0,0.0,0.0,0.0,0.0,0.0,0.0,0.0,0.0,0.0,0.8333333333333333,0.0,0.0,0.0,0.0,0.0,0.0,0.0,0.0,0.0,0.0,0.0,0.0,0.0,0.0,0.0,0.0,0.0,0.0,0.0,0.0,0.0,0.0,0.0,0.0,0.0,0.0,0.0,0.0,0.5555555555555556,0.0,0.0
13.0,1.6666666666666665,6.666666666666666,5.833333333333333,1.7777777777777777,2.7777777777777777,0.0,0.0,1.9444444444444444,0.0,8.666666666666666,0.0,2.328042328042328,6.111111111111111,6.666666666666666,3.3333333333333335,0.0,4.0,0.0,0.0,3.333333333333333,0.0,0.0,0.0,0.0,0.0,1.1111111111111112,0.0,0.0,0.0,3.333333333333333,0.0,0.0,0.0,10.357864357864358,0.0,0.0,0.0,0.0,0.0,0.0,0.0,2.333333333333333,0.0,0.0,3.6111111111111107,0.0,0.0,8.11111111111111,0.0,0.6666666666666666,0.0,0.0,0.0,0.0,0.0,0.0,0.0,0.0,0.0,0.0,0.0,0.0,0.0,0.0,0.0,2.156325156325156,0.0,0.0,0.0,0.0,0.0,0.0,0.0,0.3333333333333333,0.0,0.0,0.0,0.0,0.0,0.0,0.0,0.0,0.0,0.0,0.0,0.0,0.0,0.0,0.0,0.0,0.0,0.0,0.0,0.0,0.0,0.0,0.0,0.0,0.0,0.0,0.0,0.0,0.0,0.0,3.3333333333333335,0.0,0.0,0.0,0.0,0.0,0.6060606060606061,0.0,0.0,0.0,0.0,0.8333333333333333,0.0,0.0,0.0,0.0,0.0,0.0,0.0,0.0,0.0,0.0,0.0,0.0,0.0,0.0,0.0,0.0,0.0,0.0,1.4285714285714284,0.0,0.0,0.0,0.0,0.0,0.0,0.0,0.0,0.0,0.0,0.0,0.0,0.0,0.0,0.0,0.0,0.0,0.0,0.0,2.3294853294853293,0.0,0.0,0.0,0.0,0.0,1.4285714285714284,0.0,0.0,0.0,0.0,0.0,0.0,0.0,0.0,0.0,0.0,0.0,0.0,0.0,0.0,0.0,0.0,0.0,0.0,0.0,0.0,0.0,0.0,0.0,0.0,0.0,0.0,3.333333333333333,0.0,0.0,0.0,0.0,0.0,6.666666666666666,0.0,1.6666666666666665,0.0,0.0,0.0,0.0,0.0,0.0,0.0,0.0,0.0,0.0,0.0,0.0,0.0,0.0,0.0,0.0,0.0,0.0,0.0,0.0,0.0,0.0,0.0,0.0,0.0,0.0,0.0,0.0,0.0,3.333333333333333,0.0,9.777777777777777,0.0,0.0,0.0,0.0,0.0,0.0,0.0,0.0,0.0,0.0,1.3333333333333333,0.0,0.0,0.0,0.0,0.0,0.0,0.0,0.0,0.0,0.0
202.4722222222222,55.398148148148145,66.99603174603175,81.20502645502646,67.94017094017094,50.08333333333333,60.34722222222222,16.5,45.08730158730159,40.31944444444444,21.833333333333332,12.347222222222221,31.166666666666664,15.462962962962962,16.38888888888889,20.0,10.805555555555555,0.0,11.333333333333332,11.001322751322752,28.63888888888889,8.11111111111111,26.507936507936506,35.36111111111111,4.087301587301587,14.732142857142856,12.222222222222221,1.7777777777777777,8.0,19.583333333333332,9.503968253968253,0.41666666666666663,2.083333333333333,33.932539682539684,0.0,29.460978835978835,1.6666666666666665,23.17063492063492,33.138888888888886,0.0,2.888888888888889,0.0,0.11111111111111112,3.888888888888889,13.88888888888889,17.083333333333332,3.9722222222222223,0.5555555555555556,0.0,1.6666666666666665,0.0,1.5277777777777777,0.0,5.0,0.37037037037037035,0.9722222222222222,4.305555555555555,2.638888888888889,1.1428571428571428,0.0,0.6666666666666666,3.6666666666666665,0.41666666666666663,1.5277777777777777,1.5555555555555556,0.0,0.0,3.611111111111111,1.3888888888888888,9.583333333333334,0.5555555555555556,2.0,0.0,0.0,0.0,0.0,0.0,0.0,2.638888888888889,0.0,0.5555555555555556,0.0,0.41666666666666663,5.0,7.972222222222222,1.6666666666666665,6.25,0.5555555555555556,0.5555555555555556,6.944444444444444,0.0,0.0,0.0,10.138888888888888,0.0,1.25,0.0,26.63888888888889,0.0,0.9722222222222222,0.0,0.0,0.0,0.41666666666666663,2.361111111111111,0.0,0.0,1.2698412698412698,0.0,1.6666666666666665,0.0,0.0,0.0,0.0,0.0,0.0,1.3333333333333333,0.0,0.0,0.0,0.0,0.0,0.0,0.0,0.8333333333333333,0.9722222222222222,1.7777777777777777,3.388888888888889,0.0,0.0,0.0,0.0,0.9722222222222222,1.7777777777777777,0.0,0.0,0.0,0.0,0.0,0.0,0.0,0.0,0.0,0.0,0.2777777777777778,0.0,0.5555555555555556,0.0,1.6666666666666665,0.0,0.0,0.0,0.0,0.8333333333333333,0.0,0.0,0.0,0.0,0.0,3.056277056277056,0.0,0.0,0.0,0.0,0.0,0.3333333333333333,1.8611111111111112,0.0,0.5555555555555556,0.0,0.0,0.0,0.6666666666666666,1.5833333333333333,0.0,0.0,0.0,0.0,0.5555555555555556,0.0,0.0,0.47619047619047616,0.23809523809523808,1.5594405594405594,6.2377622377622375,2.888888888888889,0.0,0.0,0.0,0.0,0.0,0.0,0.0,0.0,0.0,0.0,0.0,0.20833333333333331,0.0,0.0,0.0,0.0,0.0,0.0,0.0,0.0,0.0,0.41666666666666663,0.0,0.0,0.0,0.0,0.0,0.0,0.0,0.0,2.2222222222222223,0.8888888888888888,0.0,0.0,0.5555555555555556,0.0,0.0,0.0,0.0,0.0,0.0,0.0,0.0,0.0,0.0,0.0,0.0,0.0,0.0,0.0,0.0,0.0,0.0,0.0,0.0,0.0,0.0,0.0,0.0,0.0,1.6666666666666667,0.0,0.0,0.0
16.11111111111111,3.333333333333333,3.333333333333333,0.0,5.833333333333333,0.0,6.666666666666666,0.8333333333333333,0.0,3.333333333333333,0.0,0.0,0.0,0.0,0.0,0.0,5.0,0.0,10.0,0.0,5.833333333333333,1.6666666666666665,0.0,0.0,0.0,0.8333333333333333,0.0,0.0,0.0,0.0,0.0,0.0,0.0,0.0,0.0,0.0,0.0,0.0,0.0,0.0,0.0,0.0,0.0,0.0,0.0,0.0,0.0,0.0,0.0,0.0,0.0,0.0,0.0,0.0,0.0,0.0,0.0,0.0,0.0,0.0,0.0,0.0,0.0,0.0,0.0,0.0,0.0,0.0,0.0,0.0,0.0,0.0,0.0,0.0,0.0,0.0,0.0,0.0,0.0,0.0,0.0,0.0,0.0,0.0,0.0,0.0,0.0,0.0,0.0,0.0,0.0,0.0,0.0,0.0,0.0,0.0,0.0,0.0,0.0,0.0,0.0,0.0,0.0,0.0,0.0,0.0,0.0,0.0,0.0,0.0,0.0,0.0,0.0,0.0,0.0,0.0,1.6666666666666665,0.0,0.0,0.0,0.0,0.0,0.0,0.0,0.0,0.0,0.0,0.0,0.0,0.0,0.0,0.0,0.0,0.0,0.0,0.0,0.0,0.0,0.0,0.0,0.0,0.0,0.0,0.0,0.0,0.0,0.0,0.0,0.0,0.0,0.0,0.0,0.0,0.0,0.0,0.0,0.0,0.0,0.0,0.0,0.0,0.0,0.0,0.0,0.0,0.0,0.0,0.0,0.0,0.0,0.0,0.0,0.0,0.0,0.0,0.0,0.0,0.0,0.0,0.0,0.0,0.0,0.0,0.0,0.0,0.0,0.0,0.0,0.0,0.0,0.0,0.0,0.0,0.0,0.0,0.0,0.0,0.0,0.0,0.0,0.0,0.0,0.0,0.0,0.0,0.0,0.0,0.0,0.0,0.0,0.0,0.0,0.0,0.0,0.0,0.0,0.0,0.0,0.0,0.0,0.0,0.0,0.0,0.0,0.0,0.0,0.0,0.0,0.0,0.0,0.0,0.0,0.0,0.0,0.0,0.0,0.0,0.0,0.0,0.0,0.0,0.0,0.0,0.0,0.0,0.0,0.0,0.0,0.0,0.0
89.1703504375073,34.22622053872054,28.985973285973284,26.461026936026936,30.75819716775599,13.879731379731378,9.786355619688953,18.54319291819292,11.152958152958153,12.798556644880174,8.727557319223987,3.320899470899471,6.88989898989899,5.21545584045584,9.208218687630453,4.712962962962963,0.1388888888888889,21.6358024691358,2.8950617283950617,21.436908770242102,1.6759259259259258,2.9062049062049065,0.6190476190476191,6.7555555555555555,1.707936507936508,4.974426807760142,0.8333333333333333,2.8240740740740744,0.8666666666666667,2.0357142857142856,3.333333333333333,0.8720238095238094,3.224747474747475,0.6581196581196581,0.6388888888888888,0.5694444444444444,4.373092185592186,1.6313492063492063,3.058201058201058,0.7592592592592593,1.0833333333333335,5.757936507936508,0.13333333333333333,0.0,3.5513227513227514,0.8253968253968255,0.8333333333333333,1.815126050420168,4.625396825396825,0.6537037037037037,1.9999999999999998,0.22222222222222224,0.9741075917546507,2.561768478435145,3.6925925925925926,1.176767676767677,0.0,0.6666666666666666,0.5777777777777777,0.16666666666666666,0.0,0.0,0.0,0.8333333333333333,0.47619047619047616,0.8080808080808081,0.8585858585858586,0.0,0.6111111111111112,1.9675925925925926,4.0,0.0,0.0,0.8080808080808081,0.0,0.8585858585858587,2.303376906318083,0.0,2.2777777777777777,0.0,0.0,0.3632478632478633,0.0,0.2833333333333333,0.0,0.09259259259259259,0.2777777777777778,0.0,0.0,0.06666666666666667,0.0,0.0,0.0,0.6666666666666666,0.0,1.1111111111111112,0.0,0.0,0.0,0.0,0.0,0.9166666666666666,0.0,0.0,0.0,0.4861111111111111,0.014814814814814814,0.0,0.2222222222222222,0.5555555555555556,0.380952380952381,0.0,0.08333333333333333,1.25,0.2777777777777778,0.014814814814814814,15.421296296296296,0.014814814814814814,0.014814814814814814,0.14814814814814814,0.014814814814814814,0.014814814814814814,0.1388888888888889,0.19444444444444445,0.0,0.0,0.0,0.06172839506172839,0.0,0.0,0.0,0.0,0.5277777777777778,0.0,1.6666666666666667,0.4166666666666667,0.0,0.0,0.0,0.0,0.15384615384615385,0.14814814814814814,0.0,0.05050505050505051,0.0,1.3888888888888888,0.0,0.0,0.0,2.814814814814815,0.39814814814814814,0.10101010101010102,0.0,0.0,0.0,0.0,0.08333333333333333,0.0,0.0,0.0,0.0,0.1388888888888889,0.0,0.0,0.16666666666666666,0.0,0.0,0.0,0.0,0.06172839506172839,0.0,0.21212121212121215,0.0,0.0,0.0,0.0,0.0,0.0,0.0,0.5555555555555556,0.0,0.0,0.0,0.0,0.0,0.0,0.0,0.0,0.0,0.3333333333333333,0.4673721340388007,0.0,0.0,0.0,0.0,0.0,0.0,0.0,0.0,0.24305555555555555,0.0,3.8667813667813666,0.0,0.0,0.0,0.0,0.0,0.0,0.0,0.0,0.25252525252525254,0.0,0.0,0.4861111111111111,0.0,0.0,0.0,0.0,0.0,0.0,0.0,0.4166666666666667,0.0,0.0,0.0,0.0,1.9444444444444444,0.0,0.0,0.0,0.8333333333333334,0.0,0.0,0.0,0.0,0.0,0.0,0.0,0.0,0.0,0.0,0.0,0.0,0.0,0.12345679012345678,0.0,0.0,0.0,0.0,0.0
44.74867724867725,7.083333333333333,1.1111111111111112,4.087301587301587,11.430555555555555,4.472222222222222,6.388888888888888,0.0,0.0,5.833333333333332,2.4166666666666665,5.069444444444444,3.3796296296296298,7.083333333333333,3.2407407407407405,0.0,2.2222222222222223,6.638888888888888,11.875,0.0,0.41666666666666663,1.6666666666666667,0.0,0.20833333333333331,0.0,5.208333333333333,0.5555555555555556,6.198412698412698,1.4583333333333333,2.698412698412698,2.619047619047619,0.0,0.0,0.0,1.1111111111111112,8.583333333333332,0.7142857142857142,0.4166666666666667,0.0,0.1388888888888889,0.5833333333333333,3.333333333333333,0.16666666666666666,0.0,0.8333333333333333,0.0,0.0,0.0,0.0,0.0,4.166666666666666,1.349206349206349,0.0,0.0,0.23809523809523808,0.0,2.523148148148148,0.0,0.0,0.0,0.0,0.0,0.0,0.0,0.0,0.0,0.0,0.0,0.0,0.0,0.0,0.0,0.0,0.0,3.3333333333333335,0.0,1.1111111111111112,0.0,0.0,0.0,0.0,0.0,0.0,0.0,0.0,0.0,0.0,0.0,0.47619047619047616,0.0,0.5555555555555556,0.0,0.0,0.0,0.0,0.0,0.3333333333333333,0.0,0.0,0.0,0.0,0.0,0.0,0.0,0.0,0.0,0.0,0.0,0.0,0.0,0.0,0.0,0.0,0.0,0.0,0.0,0.0,0.0,0.0,0.0,0.0,0.0,0.8333333333333333,0.3333333333333333,0.0,0.0,0.0,0.0,0.0,0.0,0.0,0.0,0.0,0.0,1.0,0.0,0.0,0.0,0.0,0.0,0.0,2.0370370370370368,0.0,0.0,0.0,0.0,0.0,0.0,0.0,0.41666666666666663,0.0,0.0,0.0,0.0,0.0,0.0,0.0,0.0,0.0,0.0,0.0,0.0,0.0,0.0,0.0,0.0,0.0,0.0,0.0,1.1111111111111112,0.0,0.0,0.0,0.0,0.0,0.41666666666666663,0.0,0.0,0.0,1.6666666666666665,0.0,0.0,0.0,0.6111111111111112,2.4444444444444446,0.0,0.0,0.0,0.0,0.0,0.0,0.0,0.0,0.0,0.0,1.1111111111111112,0.0,0.0,1.4814814814814814,0.0,0.0,0.0,0.0,0.0,0.0,0.0,0.0,0.0,0.0,0.0,0.0,0.0,0.0,0.0,0.0,0.0,0.0,0.0,0.0,0.0,0.20833333333333331,0.0,0.0,0.0,0.0,0.0,0.0,0.0,0.0,0.0,0.0,0.0,0.0,0.5555555555555556,0.0,0.0,0.0,0.0,0.0,0.0,0.0,0.0,0.0,0.0,0.0,0.0,0.0,0.0,0.0,0.0
116.08227176465667,37.91421242872481,7.765451116650807,37.61189329532983,39.816049519222894,12.416666666666666,6.304563492063492,13.932539682539682,10.0,6.0061612364243935,5.121152554589087,7.437499999999999,37.708517431427644,1.1759259259259258,3.3764005602240896,14.027777777777777,3.333333333333333,40.89291624411593,2.617724867724868,4.351851851851851,0.08333333333333333,2.9166666666666665,0.7638888888888888,4.512345679012346,3.2083333333333335,0.0,4.6240379990379985,15.908189591626124,0.1388888888888889,12.479497354497354,1.6666666666666665,0.8518518518518519,2.6703042328042326,0.8333333333333333,0.049019607843137254,0.1388888888888889,0.0,1.7499999999999998,0.0,0.42328042328042326,0.2777777777777778,0.2857142857142857,2.3611111111111107,0.23809523809523808,0.0,1.26984126984127,0.0,2.8333333333333335,1.1111111111111112,0.11904761904761904,2.388888888888889,5.640432098765432,0.1388888888888889,0.0,0.8333333333333333,2.2083333333333335,1.7857142857142856,0.0,2.714285714285714,0.0,0.11904761904761904,0.0,0.0,0.0,0.0,0.0,1.1111111111111112,0.0,0.0,0.8333333333333334,0.09259259259259259,0.0,0.0,0.0,0.09259259259259259,1.0016835016835017,1.0652663112028438,0.0,0.0,1.3621031746031744,0.0,0.041666666666666664,0.2777777777777778,0.0,0.0,0.0,0.0,0.15873015873015872,0.0,0.0,0.0,0.0,2.5,0.0,0.0,4.166666666666666,0.0,0.0,0.0,0.0,0.0,0.0,0.0,0.0,0.0,0.6785243741765481,0.0,0.0,0.0,0.0,0.0,0.0,0.0,0.0,0.0,0.0,0.0,0.0,0.0,0.0,0.0,0.0,1.8139097744360901,0.0,0.0,0.0,0.0,0.0,0.0,0.0,1.0185185185185186,0.20833333333333331,0.0,0.0,0.0,0.8333333333333334,0.0,0.05555555555555556,0.0,0.0,0.0,0.11904761904761904,0.0,0.09259259259259259,0.5952380952380952,0.0,0.0,0.0,0.0,0.0,0.0,0.0,0.046296296296296294,0.0,0.0,0.20833333333333331,0.0,0.6666666666666667,0.0,0.0,0.0,0.0,0.0,0.0,0.0,3.3333333333333335,0.0,0.5952380952380952,0.0,0.0,0.9537037037037036,0.0,0.5555555555555556,0.0,0.0,0.0,0.0,0.0,0.0,0.5555555555555556,0.09259259259259259,0.0,0.0,0.09259259259259259,0.37037037037037035,0.0,0.0,0.0,0.0,0.0,0.0,0.0,0.2777777777777778,0.0,2.0324074074074074,1.6666666666666665,0.4605263157894737,0.0,0.0,0.30303030303030304,0.6521739130434783,0.0,0.0,0.0,0.0,0.0,0.036231884057971016,0.0,0.0,0.0,2.1296296296296298,0.0,0.1388888888888889,0.6060606060606061,0.0,0.3333333333333333,0.0,0.0,0.0,0.0,0.0,0.5833333333333333,0.0,0.0,0.036231884057971016,0.0,0.0,0.0,0.0,0.0,0.0,0.0,0.7314814814814814,0.8333333333333333,0.7314814814814814,0.0,0.0,0.0,1.1111111111111112,0.0,0.4629629629629629,0.0,0.0,0.0,0.0,0.18518518518518517,0.0,0.10416666666666666,0.0,0.0
42.925925925925924,7.916666666666666,18.39814814814815,23.539682539682538,13.013888888888888,3.0,5.0,4.5,19.430555555555557,1.6666666666666665,0.8333333333333334,1.6666666666666667,5.277777777777778,0.18518518518518517,9.36111111111111,4.2592592592592595,0.0,13.222222222222221,5.0,2.333333333333333,0.0,0.0,0.5555555555555556,0.18518518518518517,1.0185185185185184,0.0,6.916666666666666,3.571428571428571,1.6666666666666665,20.208333333333332,0.0,5.666666666666666,0.0,3.5416666666666665,2.5,2.685185185185185,0.0,0.18518518518518517,1.6666666666666665,1.6666666666666665,1.2037037037037037,0.0,0.0,0.0,2.5,1.6666666666666667,1.25,0.0,1.7592592592592593,0.0,0.0,0.0,0.0,0.0,9.88888888888889,0.0,0.41666666666666663,4.75,0.8333333333333333,0.0,0.0,0.0,0.8333333333333333,0.41666666666666663,0.0,0.8333333333333333,0.3333333333333333,0.0,0.0,0.0,0.0,0.0,0.0,0.8333333333333333,0.0,0.0,0.0,0.0,1.6666666666666667,0.0,0.0,0.0,0.0,0.0,3.6111111111111107,0.0,0.0,0.0,0.0,0.0,0.0,0.0,0.0,0.0,0.0,0.0,0.0,1.6666666666666665,0.0,0.0,0.0,0.0,0.16666666666666666,0.0,0.0,0.0,0.0,0.3333333333333333,0.0,0.0,0.0,0.0,0.0,0.0,0.0,0.0,0.0,0.0,0.0,0.0,0.0,0.0,0.0,0.0,0.8333333333333333,0.0,0.0,0.0,0.0,0.0,0.0,0.0,0.0,0.0,0.0,0.0,0.0,0.0,0.0,0.0,0.0,0.0,0.0,0.0,0.0,0.0,0.0,0.0,0.0,3.333333333333333,0.0,0.0,0.0,0.0,0.0,0.0,0.0,0.0,0.0,0.0,0.0,0.0,0.0,0.0,0.0,0.0,0.0,0.0,0.0,0.0,0.0,0.0,0.0,0.0,0.0,0.0,0.0,1.6666666666666667,0.0,0.0,0.5555555555555556,0.0,0.0,0.0,0.0,0.0,0.0,0.0,0.0,0.0,0.0,0.0,0.0,0.0,0.0,0.0,0.0,0.0,0.0,0.0,0.0,0.0,0.0,0.0,0.0,0.0,0.0,0.0,0.0,0.0,0.0,0.0,0.0,0.0,0.0,0.0,0.0,0.0,0.5,0.0,0.0,0.0,0.0,0.0,0.0,0.0,0.0,0.0,0.0,0.0,0.0,0.0,0.0,0.0,0.0,0.0,0.0,0.0,0.0,0.0,0.0,0.0,0.0,0.0,0.0,0.0,0.0,0.0,0.0,0.0
225.157848324515,125.60978835978835,66.87301587301587,103.46296296296296,97.49470899470899,59.648148148148145,110.86596119929453,45.407407407407405,128.74074074074073,47.8531746031746,59.37125220458554,74.89682539682539,51.17989417989418,80.17724867724867,42.148148148148145,25.84259259259259,55.32363315696649,93.89814814814815,39.922839506172835,23.407407407407405,34.96296296296296,30.074074074074073,12.484126984126984,16.98148148148148,10.617283950617283,17.833333333333332,11.38888888888889,19.25,9.444444444444445,31.777777777777775,12.519841269841269,18.38888888888889,14.695767195767194,12.638888888888888,15.888888888888888,24.887566137566136,25.436507936507937,3.3796296296296298,16.055555555555554,4.195767195767196,3.8095238095238093,106.15861992945327,0.4444444444444445,6.62037037037037,14.537037037037036,2.75,4.166666666666666,0.37037037037037035,2.638888888888889,2.5,13.888888888888888,3.462962962962963,14.601851851851851,3.317901234567901,0.0,7.314814814814815,14.814814814814813,7.962962962962963,6.296296296296296,3.611111111111111,13.333333333333332,1.1111111111111112,1.888888888888889,2.962962962962963,3.3703703703703702,0.8888888888888888,0.0,4.037037037037037,3.148148148148148,2.7777777777777777,4.62962962962963,1.1111111111111112,2.4074074074074074,0.8888888888888888,27.623456790123456,1.759259259259259,8.222222222222223,5.87037037037037,1.0,11.11111111111111,0.0,1.2407407407407407,9.166666666666666,0.0,0.0,2.2222222222222223,7.777777777777778,1.1111111111111112,1.9907407407407405,6.222222222222222,1.037037037037037,1.6666666666666665,5.462962962962963,0.5555555555555556,2.4537037037037033,6.888888888888888,1.6666666666666665,1.1111111111111112,5.0,2.7777777777777777,0.18518518518518517,2.2222222222222223,1.6666666666666665,0.7407407407407407,1.1111111111111112,2.5,0.14224910394265233,0.0,2.133736559139785,4.666666666666666,1.4814814814814814,0.8333333333333334,0.2777777777777778,3.7037037037037033,1.3333333333333335,0.14224910394265233,1.6666666666666665,0.14224910394265233,0.14224910394265233,1.4224910394265236,0.14224910394265233,0.14224910394265233,0.6349206349206349,1.6666666666666667,0.0,1.9444444444444442,0.0,1.1111111111111112,2.9166666666666665,1.1111111111111112,0.0,1.8888888888888888,0.0,3.333333333333333,0.5555555555555556,3.4444444444444446,0.0,3.5555555555555554,0.22222222222222224,0.0,1.6666666666666665,2.7777777777777777,0.0,0.0,0.0,0.4365079365079365,2.5,0.0,0.0,1.1111111111111112,1.9444444444444444,1.6666666666666665,0.5555555555555556,0.8333333333333333,6.296296296296297,0.0,1.6666666666666665,0.0,0.0,6.055555555555555,3.333333333333333,3.333333333333333,0.0,1.1111111111111112,0.0,0.0,0.23809523809523808,2.0370370370370368,0.41666666666666663,1.6666666666666665,0.0,0.15873015873015872,0.0,4.166666666666666,4.444444444444445,1.1111111111111112,0.0,0.0,0.5555555555555556,0.5555555555555556,1.1111111111111112,3.074074074074074,1.537037037037037,0.1388888888888889,0.5555555555555556,5.0,0.8333333333333333,3.7499999999999996,6.111111111111111,0.0,0.5555555555555556,0.5555555555555556,2.7777777777777777,0.0,0.38095238095238093,0.0,0.0,0.0,0.0,0.5555555555555556,0.0,0.0,0.0,1.6666666666666665,0.0,0.37037037037037035,0.0,0.0,0.0,2.2222222222222223,0.18518518518518517,0.0,0.0,0.0,5.0,1.1111111111111112,1.6666666666666665,0.0,0.0,0.0,4.833333333333333,0.0,0.37037037037037035,1.3333333333333333,0.0,2.8703703703703702,0.0,0.0,0.0,0.0,0.0,0.0,14.999999999999998,0.0,14.999999999999998,2.2222222222222223,0.0,3.333333333333333,0.0,0.0,0.37037037037037035,21.166666666666668,0.0,0.0,0.5555555555555556,0.0,0.0,0.0,1.1111111111111112,0.0
381.5992063492063,114.3531746031746,58.92063492063492,114.82142857142857,171.98972922502332,81.60714285714286,45.38359788359788,190.6468253968254,712.1097883597884,55.4563492063492,70.6984126984127,82.56922398589064,65.51190476190476,75.0515873015873,86.19444444444444,81.88888888888889,66.05952380952381,90.54761904761905,27.73015873015873,176.8095238095238,25.907563025210084,53.83333333333333,13.988536155202821,5.619047619047619,55.42063492063492,8.142857142857142,0.0,4.388888888888888,12.194444444444445,1.1111111111111112,11.63888888888889,59.17460317460317,34.01190476190476,0.0,24.055555555555554,6.638888888888888,47.30555555555556,97.56349206349206,0.0,3.2222222222222223,1.1111111111111112,16.246031746031747,28.13095238095238,14.884920634920634,43.44444444444444,25.067460317460316,0.0,5.416666666666666,5.222222222222222,0.0,26.083333333333332,59.05555555555555,64.18253968253968,4.944444444444445,0.6666666666666666,4.166666666666667,0.0,2.1666666666666665,0.0,11.781746031746032,3.8412698412698414,0.0,3.888888888888889,0.5555555555555556,17.77777777777778,0.41666666666666663,0.0,20.591269841269842,0.0,4.555555555555555,2.888888888888889,4.111111111111111,22.46031746031746,0.41666666666666663,0.0,1.1111111111111112,10.444444444444445,4.666666666666666,3.0555555555555554,4.722222222222222,9.555555555555555,2.976190476190476,4.0,0.0,0.0,1.6666666666666667,0.0,2.361111111111111,1.8888888888888888,0.0,1.5,0.12345679012345678,3.8888888888888893,0.0,0.0,2.3333333333333335,6.666666666666666,0.0,3.333333333333333,0.0,4.555555555555555,5.333333333333333,1.1111111111111112,0.0,0.0,3.1635802469135803,0.30080419264479985,0.5555555555555556,5.067618445227554,0.5555555555555556,0.0,0.0,0.0,1.6666666666666667,18.007936507936506,0.30080419264479985,0.6666666666666666,0.30080419264479985,0.30080419264479985,3.0080419264479987,0.30080419264479985,0.30080419264479985,2.611111111111111,14.888888888888888,0.0,18.285714285714285,0.0,0.8333333333333333,1.8888888888888888,1.6666666666666665,0.0,0.0,0.0,0.0,0.0,0.0,0.0,0.0,2.6666666666666665,1.6984126984126984,0.0,1.3888888888888888,4.642857142857142,0.0,0.0,0.47619047619047616,0.0,0.0,0.0,0.5555555555555556,0.0,0.0,0.6666666666666666,0.0,0.0,6.111111111111111,0.0,3.333333333333333,0.0,3.142857142857143,0.0,0.0,1.6666666666666665,6.888888888888888,0.0,0.0,1.6666666666666665,0.6666666666666666,0.0,0.0,1.9047619047619047,5.174603174603174,0.0,0.0,0.0,0.0,0.0,0.0,0.0,0.0,0.0,0.0,0.0,0.0,0.0,1.3888888888888888,4.523809523809524,0.0,0.0,0.0,0.0,0.0,0.0,0.0,0.0,0.0,2.0,0.0,1.6666666666666667,0.0,2.2222222222222223,0.0,0.8333333333333333,0.0,1.6666666666666667,0.0,0.12345679012345678,0.0,0.0,0.0,0.0,0.0,0.0,0.0,0.0,17.333333333333332,0.0,0.0,0.6666666666666666,0.0,0.0,0.0,0.0,0.0,0.0,0.0,0.5555555555555556,0.0,1.6666666666666665,0.0,0.0,0.0,0.0,0.0,0.0,0.0,0.0,0.0,0.0,0.0,0.0,0.0,0.0,0.0,0.0,0.0,1.1111111111111112,0.0,1.6666666666666665,0.0
99.27513227513228,28.928503595170262,36.104497354497354,35.401675485008816,30.465516691763,19.12037037037037,19.258648758648757,28.66003055586389,29.12477954144621,16.977069227069226,36.033068783068785,12.23097273097273,16.048941798941797,2.4895706145706145,11.771284271284271,16.496031746031747,18.525793650793652,12.585097001763668,9.369584117977379,24.63054538054538,9.22663139329806,8.81327160493827,4.444444444444445,14.628747795414462,1.5714285714285714,15.937830687830687,0.0,0.5555555555555556,6.976190476190476,0.0,1.8888888888888888,4.630070546737214,1.3002645502645502,1.074074074074074,8.447530864197532,0.9920634920634921,7.694444444444444,0.15873015873015872,2.7507122507122506,9.837301587301587,6.5,3.752136752136752,6.205026455026455,2.7222222222222223,0.0,14.738095238095237,3.0357142857142856,4.8809523809523805,20.687593270926605,12.261904761904761,5.357142857142857,23.246913580246915,5.402597402597403,3.325396825396825,5.777777777777778,11.35938135938136,0.8796296296296297,3.3333333333333335,0.9259259259259258,0.7407407407407407,0.3333333333333333,0.46296296296296297,7.848544973544973,2.2777777777777777,0.0,1.9953703703703705,9.55731922398589,1.6666666666666667,2.2857142857142856,0.0,2.0833333333333335,5.314814814814815,0.0,1.9953703703703705,0.9444444444444444,2.2275132275132274,0.12345679012345678,0.47619047619047616,0.37037037037037035,3.201058201058201,0.3333333333333333,0.16666666666666666,0.0,0.0,0.0,0.0,0.0,0.0,0.0,6.666666666666666,5.26984126984127,1.45679012345679,0.0,0.0,4.523148148148148,0.0,1.1111111111111112,0.0,0.31746031746031744,0.9523809523809523,2.6666666666666665,9.96031746031746,0.0,0.6074481074481075,0.0,7.64994264994265,0.12247912664796458,0.0,1.8371868997194687,1.412037037037037,3.4179894179894177,0.08547008547008547,0.0,0.1388888888888889,0.5982905982905983,0.12247912664796458,0.0,0.12247912664796458,0.12247912664796458,1.2247912664796459,0.12247912664796458,0.12247912664796458,0.0,0.15151515151515152,0.0,0.0,0.0,0.0,0.41666666666666663,5.876656822149149,1.25,1.6805555555555554,0.3333333333333333,0.0,0.0,3.0,0.0,0.0,0.0,0.0,3.3333333333333335,0.22222222222222224,5.300925925925926,0.0,0.0,0.0,0.0,0.0,1.9999999999999998,1.2169312169312168,0.0,0.3968253968253968,0.0,0.0,0.3333333333333333,2.037037037037037,1.6111111111111112,4.555555555555555,0.0,0.0,3.333333333333333,5.5,0.18518518518518517,0.0,0.0,0.36111111111111116,0.0,0.0,0.0,0.0,2.2222222222222223,0.0,0.46296296296296297,0.0,0.0,0.3333333333333333,0.0,0.0,0.0,0.1388888888888889,0.7160493827160493,0.0,0.0,0.0,0.0,0.3333333333333333,0.0,0.0,0.0,1.1111111111111112,0.0,0.0,0.07246376811594203,2.2777777777777777,2.125220458553792,0.18518518518518517,8.22039072039072,0.18518518518518517,0.6790123456790124,0.0,2.380952380952381,0.0,0.0,0.0,0.0,0.0,0.13227513227513227,0.0,0.0,0.0,0.0,0.0,0.41666666666666663,0.0,0.0,0.0,0.0,0.0,8.317083113438612,0.0,0.0,0.0,0.3333333333333333,3.0899470899470898,0.0,0.0,0.5555555555555556,0.0,32.501881077832095,0.0,0.0,0.0,0.0,0.0,0.0,0.0,0.0,0.47619047619047616,0.0,0.0,0.0,0.0,0.0,0.0,0.15873015873015872,0.0,0.0,0.6666666666666667,0.0,0.0
2.6666666666666665,0.0,1.0,0.0,2.0,1.5555555555555556,1.8518518518518519,0.11111111111111112,0.11111111111111112,0.0,1.9444444444444444,0.0,0.0,0.0,0.0,0.0,9.212301587301587,0.0,0.4444444444444445,0.0,1.3333333333333333,0.0,0.0,0.7407407407407407,0.0,0.0,0.0,0.0,0.6111111111111112,0.0,0.0,3.488095238095238,0.0,0.0,0.0,0.0,0.0,0.0,0.0,0.0,0.6666666666666666,0.1388888888888889,0.8333333333333333,2.2222222222222223,0.0,0.0,0.0,0.0,0.0,0.0,0.0,0.0,0.0,0.0,0.0,0.0,0.0,0.0,0.0,0.0,0.0,0.0,4.033730158730158,0.2777777777777778,0.0,0.0,0.0,0.0,0.0,0.0,0.0,0.0,0.0,0.0,0.0,0.0,0.0,0.0,0.0,0.0,0.3333333333333333,0.0,0.0,0.0,0.0,0.0,0.0,0.0,0.0,0.0,0.0,0.0,0.0,0.0,0.7407407407407407,0.0,0.0,0.0,0.0,0.0,2.6666666666666665,1.9047619047619047,0.0,0.0,0.0,0.0,0.0,0.0,0.0,0.0,0.0,0.0,0.0,0.0,0.0,0.0,0.0,0.0,0.0,0.0,0.0,0.0,0.0,0.0,0.0,0.0,0.0,0.0,0.0,0.0,2.5555555555555554,0.0,0.0,0.0,0.0,0.0,0.0,0.0,0.0,0.0,0.0,0.0,0.0,0.0,0.0,0.0,0.0,0.0,0.0,0.0,0.0,0.0,0.0,0.0,0.3333333333333333,0.0,0.0,0.0,0.0,0.0,0.0,1.1111111111111112,0.0,0.0,0.0,0.0,0.0,0.0,0.0,0.0,0.0,0.0,0.0,0.0,0.0,0.0,0.0,0.0,0.0,0.0,0.0,0.0,0.0,0.0,0.0,0.0,0.0,0.0,0.0,0.0,0.0,0.0,0.0,0.0,0.0,0.0,0.0,0.0,0.0,0.0,0.0,0.0,0.0,0.0,0.0,0.0,0.0,0.0,0.0,0.0,0.0,0.0,0.0,0.0,0.0,0.0,0.0,0.0,0.0,0.0,0.0,0.0,0.0,0.0,0.0,0.0,0.0,0.0,0.0,0.0,0.0,0.0,0.0,0.0,0.0,0.0,0.0,0.0,0.0,0.0,0.0,0.0,0.0,0.0,0.0,0.0,0.0,0.0,0.0,0.0
23.055555555555554,6.203703703703703,28.47222222222222,4.444444444444445,18.24074074074074,4.12037037037037,31.944444444444443,12.546296296296296,5.925925925925926,0.0,6.666666666666666,14.166666666666666,5.833333333333333,8.333333333333332,3.9814814814814814,2.5,9.166666666666666,0.0,6.898148148148148,0.0,3.888888888888889,8.518518518518519,2.685185185185185,1.6666666666666665,3.333333333333333,1.1111111111111112,0.37037037037037035,0.41666666666666663,2.2222222222222223,6.981481481481481,1.1111111111111112,0.37037037037037035,0.6666666666666666,4.444444444444445,0.2777777777777778,0.0,0.0,0.0,0.37037037037037035,0.0,2.2222222222222223,0.0,0.0,5.9259259259259265,0.0,1.6666666666666665,0.8333333333333333,0.0,0.5555555555555556,0.0,0.0,0.0,0.0,0.0,0.0,0.37037037037037035,0.0,0.0,0.0,0.0,0.0,0.0,1.6666666666666667,0.0,0.0,0.0,0.0,0.0,0.0,1.1111111111111112,0.0,0.0,0.0,0.0,0.0,1.1111111111111112,0.0,0.0,0.0,0.0,0.0,0.0,0.0,0.0,2.111111111111111,0.0,0.0,0.0,0.0,0.0,0.0,0.0,0.0,2.0555555555555554,0.0,0.0,0.0,0.0,0.0,0.0,0.0,0.0,1.4814814814814814,0.0,4.907407407407407,0.0,0.0,0.0,0.0,0.0,0.0,0.0,0.0,0.0,0.0,0.0,0.0,0.0,0.0,0.0,0.0,0.0,0.0,0.5555555555555556,0.0,0.0,0.0,0.0,0.0,0.0,0.0,0.0,0.0,0.0,0.0,0.0,0.0,0.0,0.0,0.0,0.0,0.0,0.0,0.0,0.0,0.0,0.0,0.0,0.0,0.0,0.0,0.0,0.0,0.37037037037037035,0.0,0.0,0.0,0.0,0.0,0.0,0.0,0.0,0.37037037037037035,0.0,0.0,0.0,0.0,0.0,0.0,0.0,0.0,0.0,0.0,0.0,0.0,0.0,0.0,0.0,0.0,0.0,0.0,0.0,0.0,0.0,0.0,0.0,0.0,0.0,0.0,0.0,0.0,0.0,0.0,0.0,0.0,0.0,0.0,0.0,0.0,0.0,0.0,0.0,0.0,0.0,0.0,0.0,0.0,0.0,0.0,0.0,0.0,0.0,0.0,0.0,0.0,0.0,0.0,0.0,0.0,0.0,0.0,0.0,0.0,0.0,0.0,0.0,0.0,0.0,0.0,0.0,0.0,0.0,0.0,0.0,0.0,0.0,0.0,0.0,0.0,0.0,0.0,0.0,0.0,0.0,0.0,0.0,0.0,0.0,0.0,0.0
5.0,0.8333333333333333,3.935185185185185,0.8333333333333333,6.518518518518518,0.0,0.0,0.0,1.6666666666666665,3.333333333333333,0.5555555555555556,0.08333333333333333,0.5555555555555556,0.0,0.0,0.0,0.5555555555555556,0.0,0.9722222222222221,0.0,1.1111111111111112,0.0,0.08333333333333333,5.277777777777778,0.0,0.0,1.5555555555555556,0.41666666666666663,0.0,3.4814814814814814,0.0,0.0,0.0,0.0,0.0,0.0,2.5,0.0,0.0,0.0,0.0,0.0,0.0,0.0,2.2222222222222223,1.1111111111111112,0.0,3.3333333333333335,0.0,0.0,0.0,0.0,0.0,0.0,0.0,0.0,0.0,0.0,0.0,0.0,0.0,1.4814814814814814,0.0,0.5555555555555556,0.0,0.0,0.0,0.0,0.0,1.1111111111111112,0.0,0.0,0.0,0.0,0.0,0.0,0.0,0.0,0.0,0.0,0.0,0.0,0.0,0.0,0.4444444444444445,0.0,0.0,0.0,0.0,0.0,0.0,0.0,0.0,0.6666666666666666,0.0,0.0,0.0,2.333333333333333,0.0,0.0,0.0,0.0,0.0,0.0,0.0,0.0,0.0,0.0,0.0,0.0,0.0,0.0,0.0,0.0,0.0,0.0,0.0,0.0,0.0,0.0,0.0,0.0,0.0,0.0,0.0,0.0,0.0,0.0,0.0,0.0,0.0,0.0,0.0,0.0,0.11111111111111112,0.0,0.0,0.0,0.0,0.0,0.0,0.0,0.0,0.0,0.0,0.0,0.0,0.0,0.0,0.0,0.0,0.0,0.0,0.0,0.0,0.0,0.0,0.0,0.0,0.0,0.0,0.0,0.0,0.0,0.0,0.0,0.0,0.0,0.0,0.0,0.0,0.0,0.0,0.0,0.0,0.0,0.5555555555555556,0.0,0.0,0.0,0.0,0.0,0.0,0.0,0.0,0.0,0.0,0.0,0.0,0.0,0.0,0.0,0.0,0.0,0.0,0.0,0.0,0.0,0.0,0.0,0.0,0.0,0.0,0.0,0.0,0.0,0.0,0.0,0.0,0.0,0.0,0.0,0.0,0.0,0.0,0.0,0.0,0.0,0.0,0.0,0.0,0.0,0.0,0.0,0.0,0.0,0.0,0.0,0.0,0.0,0.0,0.0,0.0,0.0,0.0,0.0,0.0,0.0,0.0,0.0,0.0,0.0,0.0,0.0,0.0,0.0,0.0,0.0,0.0,0.0
74.9074074074074,17.25925925925926,67.61111111111111,18.77777777777778,23.296296296296294,2.2777777777777777,10.231481481481481,24.194444444444443,7.638888888888889,8.055555555555555,12.28395061728395,19.14814814814815,5.277777777777778,4.314814814814815,21.63888888888889,6.999999999999999,6.722222222222222,5.833333333333333,3.425925925925926,1.5,3.898148148148148,11.018518518518519,3.333333333333333,5.138888888888889,0.2777777777777778,0.0,3.1018518518518516,0.0,4.444444444444445,13.425925925925926,2.7777777777777777,3.333333333333333,2.4537037037037033,14.305555555555555,0.37037037037037035,0.0,0.5555555555555556,0.0,0.0,1.1111111111111112,0.0,0.0,6.049382716049383,7.4867724867724865,0.8333333333333333,0.0,1.6666666666666665,2.0833333333333335,3.333333333333333,2.314814814814815,0.8333333333333333,0.0,0.2777777777777778,4.444444444444444,0.0,0.0,0.8333333333333333,0.0,2.5,0.0,0.0,0.0,0.0,0.0,0.0,0.0,1.6666666666666665,0.0,0.0,0.0,0.5555555555555556,0.0,1.1111111111111112,0.0,0.0,0.0,0.0,1.9444444444444442,0.0,0.0,1.1111111111111112,0.0,0.0,3.3333333333333335,0.0,0.0,1.6666666666666667,1.1111111111111112,0.0,0.0,0.0,1.6666666666666665,0.0,0.5555555555555556,0.0,0.0,0.0,0.0,0.0,0.0,0.2777777777777778,0.0,3.8888888888888884,0.0,0.5555555555555556,0.0,0.0,0.0,0.0,0.0,0.0,0.0,0.0,0.0,0.0,0.0,0.0,0.0,0.0,0.0,0.0,0.0,0.0,1.1111111111111112,0.0,0.0,0.2777777777777778,0.0,0.0,0.0,0.0,0.0,0.0,0.0,0.0,0.0,0.0,0.0,1.7129629629629628,0.0,0.787037037037037,0.0,0.0,0.0,0.0,0.0,0.0,0.0,0.0,0.0,0.0,0.0,0.0,0.37037037037037035,0.0,0.0,0.0,0.0,0.0,0.0,0.0,0.0,0.0,0.0,0.0,0.0,0.47619047619047616,0.0,0.0,0.0,0.0,0.0,0.0,0.0,0.0,0.0,0.0,0.0,0.0,0.0,0.0,0.0,0.0,0.0,0.0,0.2777777777777778,0.0,0.0,0.0,0.0,0.0,0.0,0.0,0.0,0.0,0.0,0.0,0.0,0.0,0.0,0.0,0.0,0.0,0.0,0.0,0.0,0.0,0.0,0.0,0.0,0.0,0.0,0.0,0.0,0.0,0.0,0.0,0.0,0.0,0.0,0.0,0.0,0.0,0.0,0.0,0.0,0.0,0.0,0.0,0.0,0.0,0.0,0.0,0.0,0.0,0.0,0.0,0.0,0.0,0.0,0.0,0.0,0.0,0.0,0.0,0.0,0.0,0.0,0.0,0.0
31.38888888888889,3.611111111111111,0.0,2.5555555555555554,3.685185185185185,4.166666666666666,1.7916666666666667,0.0,3.0555555555555554,3.333333333333333,1.1111111111111112,2.8472222222222223,0.0,0.0,1.1111111111111112,0.7638888888888888,0.20833333333333331,0.0,0.5555555555555556,2.2916666666666665,0.0,0.41666666666666663,0.0,3.75,0.0,0.11111111111111112,1.9444444444444446,2.333333333333333,0.0,2.4074074074074074,0.0,0.5555555555555556,0.0,1.8333333333333333,0.0,13.999999999999998,0.0,0.0,0.5555555555555556,0.8333333333333334,0.0,0.0,0.0,5.624999999999999,0.0,0.0,0.0,0.11111111111111112,0.0,0.0,0.0,0.0,0.0,0.0,0.0,0.0,0.0,0.0,0.0,0.0,0.0,0.0,0.0,0.0,0.0,0.0,0.0,0.0,0.0,1.1111111111111112,0.0,0.0,0.0,0.0,0.0,0.0,0.0,0.0,0.0,0.0,0.0,0.0,11.666666666666666,0.20833333333333331,0.8333333333333334,1.1111111111111112,0.0,0.0,0.0,0.0,0.0,0.0,0.0,0.0,0.0,0.0,0.6666666666666666,0.8333333333333333,0.0,0.0,0.3333333333333333,0.0,0.0,0.0,0.0,0.0,0.0,0.0,0.0,0.0,0.0,0.0,0.0,0.0,0.0,0.0,0.0,0.0,0.0,0.0,0.0,0.0,0.0,0.0,0.2777777777777778,0.0,0.0,0.0,0.0,0.0,0.0,0.0,0.0,0.0,0.0,0.0,0.0,0.0,0.0,0.0,0.0,0.0,0.0,0.0,0.0,0.0,0.0,0.0,0.0,0.0,0.0,0.0,0.0,0.0,0.16666666666666666,0.0,0.0,0.0,0.0,0.0,0.0,0.0,0.0,0.0,0.0,0.0,0.0,0.0,0.0,0.0,0.0,0.0,0.0,0.0,0.0,0.0,0.0,0.0,0.0,0.0,0.0,0.0,0.0,0.0,0.0,0.0,0.0,0.0,0.0,0.8333333333333333,0.0,0.0,0.0,0.0,0.0,0.0,0.0,0.0,0.0,0.0,0.0,0.0,0.0,0.0,0.0,0.0,0.0,0.0,0.0,0.0,0.0,0.0,0.0,0.0,0.0,0.0,0.0,0.0,0.0,0.0,0.8333333333333333,0.0,0.0,0.0,0.0,0.0,0.0,0.0,0.0,3.333333333333333,0.0,0.0,0.0,0.2777777777777778,0.0,0.0,0.0,0.0,0.0,0.0,0.0,0.0,0.0,0.0,0.0,0.0,0.0,0.0,0.0,0.0
38.81944444444444,2.2222222222222223,21.574074074074073,5.138888888888889,23.08994708994709,2.9166666666666665,7.347222222222222,18.715277777777775,28.0,1.3492063492063493,3.6527777777777777,6.458333333333333,5.0,2.5,12.097222222222221,0.7638888888888888,2.4305555555555554,3.6111111111111107,1.4583333333333333,3.958333333333333,0.0,4.888888888888889,4.722222222222222,10.61111111111111,0.0,8.51388888888889,0.8333333333333333,3.333333333333333,1.3888888888888888,3.0,0.0,4.722222222222221,2.7777777777777777,10.472222222222221,0.8888888888888888,5.333333333333333,1.6666666666666665,0.0,2.2222222222222223,4.166666666666667,0.5555555555555556,0.0,0.22222222222222224,5.982142857142857,0.8333333333333334,3.5416666666666665,2.2222222222222223,2.4722222222222223,0.0,3.611111111111111,3.333333333333333,0.0,7.013888888888889,0.0,0.0,0.0,6.481481481481482,0.0,10.11111111111111,0.0,2.520833333333333,5.583333333333333,0.0,2.2222222222222223,5.0,0.0,0.0,0.0,0.0,0.0,0.0,0.0,0.0,0.0,0.0,0.0,0.0,0.0,0.0,0.0,0.5555555555555556,0.0,0.0,0.8829365079365079,2.5,0.4444444444444444,1.6666666666666667,0.0,1.1111111111111112,0.0,0.0,0.0,0.8333333333333334,0.41666666666666663,0.8333333333333333,1.0277777777777777,0.0,0.8333333333333333,0.0,0.0,0.3333333333333333,0.0,1.1111111111111112,1.6666666666666665,1.6666666666666665,0.0,0.05291005291005291,0.0,0.7936507936507936,0.75,0.0,0.7638888888888888,0.0,0.0,0.0,0.05291005291005291,0.0,0.05291005291005291,0.05291005291005291,0.5291005291005291,0.05291005291005291,0.05291005291005291,0.0,0.0,0.2777777777777778,0.0,0.2777777777777778,0.0,0.0,1.5624999999999998,0.0,0.0,0.0,0.0,0.0,0.0,0.0,0.0,0.2777777777777778,0.5555555555555556,0.41666666666666663,0.0,0.45138888888888884,0.0,0.0,0.0,0.0,0.0,0.0,0.0,0.0,0.0,0.0,0.8333333333333333,0.16666666666666666,0.0,0.6944444444444444,0.0,0.0,0.0,0.0,0.0,0.0,0.0,0.0,0.0,0.47619047619047616,0.0,0.2777777777777778,0.0,0.0,0.0,0.0,0.0,0.0,0.0,0.0,0.41666666666666663,0.0,0.0,0.0,0.0,0.0,0.0,0.0,0.0,0.0,0.0,0.0,0.8333333333333333,0.0,0.0,0.0,0.0,0.0,0.0,0.0,0.625,0.0,0.0,0.0,0.0,0.0,0.0,0.0,0.0,0.0,0.0,0.0,0.0,0.0,1.1111111111111112,0.0,0.0,0.0,0.0,0.0,0.0,0.0,1.1111111111111112,1.3888888888888888,0.0,0.0,0.0,0.3472222222222222,0.0,0.0,0.0,0.0,0.0,0.0,0.0,0.0,0.2777777777777778,0.0,0.0,0.0,0.0,0.0,0.0,0.0,0.0,0.0,0.0,0.0,0.0,0.0,0.0,0.0,0.0
11.777777777777777,5.0,5.0,0.8333333333333333,3.9999999999999996,3.333333333333333,11.11111111111111,5.722222222222221,0.0,3.4999999999999996,0.0,4.444444444444445,0.0,0.0,10.0,0.0,0.0,0.0,10.0,1.1111111111111112,0.0,1.1111111111111112,0.0,0.0,1.6666666666666665,0.0,0.0,0.0,0.0,0.0,0.0,0.0,0.0,12.055555555555555,0.0,10.166666666666666,0.0,3.333333333333333,0.5555555555555556,0.0,0.0,0.0,0.0,0.0,0.0,1.1111111111111112,0.8333333333333333,0.0,0.0,0.0,0.0,0.0,0.0,0.0,0.0,0.0,0.0,0.0,0.0,0.0,1.6666666666666667,0.0,0.0,0.0,0.0,0.0,0.0,0.0,0.0,0.0,0.0,0.0,0.0,0.0,0.0,0.0,0.0,0.5555555555555556,0.0,0.0,0.0,0.0,0.0,0.0,0.0,0.0,0.0,0.0,0.0,0.0,0.0,0.0,0.8333333333333334,0.0,0.0,0.0,0.0,6.666666666666666,0.6666666666666666,0.0,0.0,0.0,0.0,0.0,0.0,0.0,0.0,0.0,0.0,0.0,0.0,0.0,0.0,0.0,0.0,0.0,0.0,0.0,0.0,0.0,0.0,0.0,0.0,0.0,0.0,0.0,0.0,0.0,0.0,0.0,0.0,0.0,0.0,0.0,0.0,0.0,0.0,0.0,0.0,0.0,0.0,0.0,0.0,0.0,0.0,0.0,0.0,0.0,0.0,0.0,0.0,0.0,0.0,0.0,0.0,0.0,0.0,0.0,0.0,0.0,0.0,0.0,0.0,0.0,0.0,0.0,0.0,0.0,0.0,0.0,0.0,0.0,0.0,0.0,0.0,0.0,0.0,3.333333333333333,0.0,0.0,0.0,0.0,0.0,0.0,0.0,0.0,0.0,0.0,0.0,0.0,0.0,0.0,0.0,0.0,0.0,0.0,0.0,0.0,0.0,0.0,0.0,0.0,0.0,0.0,0.0,0.0,0.0,0.0,0.0,0.0,0.0,0.0,0.0,0.0,0.0,0.0,0.0,1.1111111111111112,0.0,0.0,0.0,0.0,0.0,0.0,0.0,0.0,0.0,0.0,0.0,0.0,0.0,0.0,0.0,0.0,0.0,0.0,0.0,0.0,0.0,0.0,0.0,0.0,0.0,0.0,0.0,0.0,0.0,0.0,0.0,0.0
223.03835978835977,118.4537037037037,141.98611111111111,66.6005291005291,90.73478835978835,58.10648148148148,53.752849002849004,19.37665343915344,89.67857142857143,19.363095238095237,44.59611992945326,57.509740259740255,26.694444444444443,31.564814814814813,59.154100529100525,65.09728234728234,35.595238095238095,10.416666666666666,38.86441798941799,14.420634920634921,11.75,33.44444444444444,28.986050986050984,29.814814814814813,9.333333333333334,13.00925925925926,19.51388888888889,8.452380952380953,18.171296296296294,44.58333333333333,8.157407407407407,19.888888888888886,10.0,55.925925925925924,2.0370370370370368,11.62962962962963,6.361111111111111,5.0,5.486111111111111,7.962962962962963,9.39153439153439,4.305555555555555,10.216049382716049,8.666666666666666,7.541666666666666,10.672619047619047,13.685185185185185,3.1944444444444446,0.5555555555555556,0.625,6.111111111111111,1.6666666666666665,8.751984126984127,11.666666666666666,5.555555555555555,1.8253968253968254,20.069444444444443,0.8333333333333334,9.722222222222221,0.0,0.5208333333333334,2.5925925925925926,1.6666666666666665,1.8518518518518519,0.20833333333333331,1.6666666666666665,2.5,5.0,1.6666666666666665,3.333333333333333,0.5555555555555556,0.0,0.0,1.6666666666666665,0.0,0.8333333333333333,8.333333333333332,0.2777777777777778,0.0,3.333333333333333,5.37037037037037,8.88888888888889,0.0,4.007936507936508,33.77777777777778,5.128205128205128,6.944444444444445,0.0,0.0,1.4583333333333333,0.0,1.6666666666666665,2.083333333333333,0.6666666666666666,0.9444444444444445,0.0,0.0,13.981481481481481,0.0,0.8333333333333333,4.5,0.0,10.37037037037037,2.083333333333333,0.0,0.0,0.10341510341510342,2.5,1.5512265512265513,0.0,0.0,2.1666666666666665,0.0,0.0,0.0,0.10341510341510342,0.0,0.10341510341510342,0.10341510341510342,1.0341510341510343,0.10341510341510342,0.10341510341510342,1.6666666666666665,0.0,0.2777777777777778,0.3333333333333333,0.2777777777777778,0.0,0.0,1.5624999999999998,0.0,0.0,9.295634920634921,2.361111111111111,0.0,0.0,0.0,0.0,0.6018518518518519,6.555555555555555,0.0,0.0,0.8680555555555555,0.0,0.0,0.0,0.20833333333333331,1.9444444444444442,1.4814814814814814,0.0,0.0,0.0,0.0,0.6111111111111112,0.16666666666666666,0.0,0.0,0.0,0.0,0.0,0.0,0.0,1.5277777777777777,0.0,0.3333333333333333,0.0,2.3504273504273505,1.3333333333333333,3.611111111111111,0.0,0.0,0.0,0.0,0.0,0.0,0.0,0.0,4.12037037037037,0.0,0.4166666666666667,0.0,0.0,0.0,0.0,0.0,0.2777777777777778,1.1111111111111112,0.0,0.0,1.8518518518518519,0.0,0.5555555555555556,0.0,0.0,0.0,0.0,0.0,1.2037037037037037,0.0,0.0,0.0,0.8333333333333333,0.0,0.0,1.6666666666666665,0.3333333333333333,0.0,0.0,1.1111111111111112,0.0,0.0,1.1111111111111112,0.0,0.0,0.0,0.0,0.0,6.666666666666666,0.0,0.0,1.5416666666666665,0.0,0.0,0.0,0.7638888888888888,0.0,0.0,0.0,1.1111111111111112,1.6666666666666665,0.0,0.0,0.0,0.0,0.0,1.6666666666666665,0.0,0.0,0.5555555555555556,0.0,0.0,0.0,0.8333333333333333,0.0,0.0,0.0,0.0,0.0,3.333333333333333,0.0
7.603703703703704,0.2777777777777778,3.7222222222222223,2.2222222222222223,1.3333333333333335,0.16666666666666666,1.3148148148148149,0.6,0.22222222222222224,0.0,1.1111111111111112,2.5,0.5555555555555556,0.0,1.1111111111111112,2.2222222222222223,0.0,0.37037037037037035,0.0,0.0,0.3333333333333333,0.0,0.0,0.0,0.0,0.0,0.16666666666666666,0.5555555555555556,0.0,0.0,0.0,0.3333333333333333,0.22222222222222224,0.7777777777777778,0.5555555555555556,0.0,0.0,0.0,0.0,0.0,0.0,0.0,0.0,0.0,0.0,0.0,0.5555555555555556,0.0,0.0,0.0,0.0,0.0,0.0,0.0,0.0,0.0,1.9444444444444446,0.0,2.4444444444444446,0.0,0.0,0.2777777777777778,0.0,0.0,0.0,0.0,0.0,0.0,0.0,0.0,0.0,0.0,0.0,0.0,0.0,3.333333333333333,0.0,0.0,0.0,0.11111111111111112,0.0,0.0,0.0,0.888888888888889,0.0,0.0,0.0,0.0,0.0,0.0,0.0,0.0,0.0,0.0,0.0,0.0,0.0,0.2777777777777778,0.0,0.5,0.0,0.0,0.0,0.0,0.0,0.0,0.0,0.0,0.0,0.0,0.0,0.0,1.1111111111111112,0.0,0.0,0.0,0.0,0.0,0.0,0.0,0.0,0.0,0.0,0.0,0.0,0.0,0.0,0.0,0.0,0.0,0.0,0.0,0.0,0.0,0.0,0.0,0.0,0.0,0.0,0.5555555555555556,0.0,0.0,0.0,0.0,0.0,0.0,0.0,0.0,0.0,0.0,0.0,0.0,0.0,0.0,0.0,0.0,0.0,0.0,0.0,0.0,0.0,0.0,0.0,0.0,0.0,0.0,0.0,0.0,0.0,0.0,0.0,0.0,0.0,0.0,0.0,0.0,0.0,0.0,0.0,0.0,0.16666666666666666,0.0,0.0,0.0,0.0,0.0,0.0,0.0,0.0,0.0,0.0,0.0,0.0,0.0,0.0,0.0,0.0,0.0,0.0,0.0,0.0,0.0,0.0,0.0,0.0,0.0,0.0,0.0,0.0,0.0,0.0,0.0,0.0,0.0,0.0,0.0,0.0,0.0,0.0,0.0,0.0,0.0,0.0,0.0,0.0,0.0,0.0,0.0,0.0,0.0,0.0,0.0,0.0,0.0,0.0,0.0,0.0,0.0,0.0,0.0,0.0,0.0,0.0,0.0,0.0,0.0,0.0,0.0,0.0,0.0
25.029761904761905,11.982142857142856,17.802083333333332,14.050595238095237,16.6359126984127,21.73015873015873,27.67361111111111,14.722222222222221,9.181547619047619,5.637896825396825,96.43452380952381,8.677579365079364,9.813492063492063,8.097222222222221,28.487103174603174,21.913340336134453,21.905483405483405,1.5625,5.083333333333333,10.444775132275131,2.1180555555555554,14.890873015873016,51.62797619047619,7.281746031746032,21.21891534391534,21.02777777777778,1.25,0.0,10.273148148148147,0.0,27.897757335257335,19.154761904761905,15.256944444444443,12.27579365079365,14.9265873015873,1.119047619047619,11.618055555555555,5.21031746031746,1.0714285714285714,11.709145021645021,44.45238095238095,1.7291666666666665,11.869047619047619,32.1102392977393,0.4444444444444444,7.180555555555555,4.057539682539682,0.0,3.922979797979798,8.583333333333332,0.0,1.6666666666666665,27.104166666666664,0.5357142857142857,1.4484126984126984,6.986111111111111,0.0,2.833333333333333,0.0,4.027777777777778,0.375,2.9166666666666665,6.920244107744107,9.092983405483405,2.013888888888889,0.0,0.0,3.9384920634920637,3.453373015873016,0.0,5.034722222222222,1.0,2.388888888888889,0.0,0.0,0.0,0.0,2.103174603174603,0.9999999999999999,3.625,0.6994047619047619,2.8968253968253967,1.9444444444444442,0.0,47.04924242424242,0.0,0.2777777777777778,4.328703703703704,7.2023809523809526,1.597222222222222,11.67361111111111,4.2592592592592595,7.343253968253968,1.25,8.376984126984127,0.0,1.3690476190476188,0.41666666666666663,0.0,1.2638888888888888,2.888888888888889,7.7519841269841265,3.25,5.208333333333333,3.2605820105820102,2.6527777777777777,0.0,0.8541666666666667,0.0,0.0,0.0,0.2777777777777778,2.2718253968253967,0.0,0.0,0.0,3.7152777777777777,0.0,0.0,0.0,0.0,0.0,0.0,1.25,3.4027777777777777,4.8938492063492065,7.192985527544351,0.7222222222222222,0.39682539682539686,0.0,13.819444444444443,4.5625,2.1666666666666665,2.013888888888889,0.0,0.0,0.0,0.0,2.996031746031746,0.0,6.75,0.0,2.888888888888889,0.2777777777777778,0.861111111111111,0.1388888888888889,0.41666666666666663,0.0,0.11904761904761904,0.0,0.0,0.0,0.0,3.8402777777777777,8.840277777777779,0.47619047619047616,0.8333333333333333,0.2777777777777778,0.4841570466570466,0.0,0.0,0.0,0.0,0.0,19.922443977591033,0.0,0.6944444444444444,0.0,0.0,0.5555555555555556,0.0,0.0,0.0,0.5555555555555556,0.0,0.0,0.6111111111111112,0.0,0.3125,0.0,2.833333333333333,0.9027777777777777,0.45138888888888884,0.0,0.0,0.0,0.0,0.0,0.0,0.625,0.0,0.0,0.0,0.0,0.0,0.0,0.0,0.9027777777777777,0.0,1.2916666666666665,0.625,0.0,0.0,1.2777777777777777,0.9722222222222221,0.0,0.034722222222222224,0.6215277777777778,0.0,0.0,0.0,0.0,0.0,2.583333333333333,0.0,0.0,0.07575757575757576,0.11904761904761904,0.0,0.2013888888888889,0.0,0.0,0.3333333333333333,0.0,0.0,0.0,0.0,0.0,0.0,0.0,0.0,0.0,0.0,0.0,0.0,0.0,0.0,0.0,0.8958333333333333,0.2777777777777778,0.0,0.0,0.0,0.06944444444444445,0.0,0.0,0.0,0.0,0.0,0.0
598.0555772323568,142.09677128427128,213.73817275067273,235.29533429533427,236.81779100529099,94.44775132275132,51.3505291005291,82.3531746031746,103.82578763828764,80.44174287924288,121.67857142857142,188.37878787878788,231.1447841610885,89.42328042328042,89.37025012025012,122.36558638121137,67.89351851851852,68.91402116402116,20.383597883597883,38.29563492063492,26.773148148148145,35.12731481481481,50.29662698412698,28.28240740740741,14.666005291005291,44.35582010582011,80.73544973544973,21.61183261183261,23.47222222222222,70.82048224695284,17.506944444444443,38.741039053539055,2.048611111111111,39.61708199208199,20.885465297230002,8.421296296296296,36.42195767195767,17.03240740740741,43.585978835978835,25.507275132275133,17.876984126984127,45.03042328042328,0.41666666666666663,76.98412698412699,38.70159932659932,74.24192011692011,16.452777777777776,5.819444444444445,30.144179894179892,13.857142857142858,3.3875661375661372,15.525132275132275,0.4882154882154882,5.417388167388167,39.39087301587301,4.930555555555555,13.0515873015873,7.652777777777778,27.721607912784382,5.0,2.138888888888889,42.27741702741702,2.518518518518518,28.134589947089946,1.4444444444444444,2.53495115995116,0.8333333333333334,1.3888888888888888,1.9999999999999998,2.75,1.9444444444444444,6.779761904761904,2.1527777777777777,0.6043956043956044,3.357142857142857,0.0,1.5879629629629628,10.34920634920635,13.33555796055796,0.23809523809523808,4.6480463980463975,2.2916666666666665,3.2328042328042326,12.663540163540164,67.48015873015873,0.0,39.95039682539682,4.166666666666666,1.2222222222222223,34.025443510737624,0.3333333333333333,1.369047619047619,3.798611111111111,3.583333333333333,5.787037037037037,0.0,0.9027777777777777,136.13419913419912,1.5972222222222223,25.426046176046174,0.41666666666666663,0.47619047619047616,1.2777777777777777,3.3333333333333335,4.777777777777778,0.7359601449275363,0.09134134134134134,4.546296296296296,1.37012012012012,5.972222222222221,1.4930555555555554,0.0,8.397266313932981,0.9722222222222222,0.8333333333333333,0.09134134134134134,7.451298701298701,0.09134134134134134,0.09134134134134134,0.9134134134134133,0.09134134134134134,0.09134134134134134,0.0,0.0,3.6230158730158726,0.18518518518518517,0.6666666666666666,8.63888888888889,0.41666666666666663,0.0,4.055555555555555,1.8055555555555556,42.94279100529101,5.978505291005291,0.0,0.0,0.41666666666666663,0.0,3.9880952380952377,0.0,4.896825396825397,0.3333333333333333,0.0,16.349206349206348,0.9523809523809523,1.1666666666666665,2.609848484848485,0.0,10.43696581196581,0.47619047619047616,0.0,0.0,0.0,3.0555555555555554,0.5555555555555556,0.5158730158730158,0.8333333333333334,0.5092592592592593,0.0,10.432724682724682,1.1111111111111112,0.8333333333333333,0.41666666666666663,1.6666666666666665,0.5555555555555556,0.6349206349206349,7.77579365079365,0.9523809523809523,1.722222222222222,0.75,0.0,2.888888888888889,0.6666666666666666,1.0416666666666665,6.011363636363637,0.0,0.2777777777777778,34.60978835978836,0.0,0.18518518518518517,0.0,2.0833333333333335,1.0416666666666667,0.0,0.0,1.3888888888888888,0.23809523809523808,0.0,0.0,1.0,0.0,0.2777777777777778,0.0,0.0,0.0,0.0,0.0,2.083333333333333,0.0,0.2898550724637681,1.7395833333333333,1.6666666666666665,0.0,0.6944444444444444,0.41666666666666663,0.2777777777777778,0.078125,0.0,0.0,0.0,0.0,0.0,0.19675925925925924,0.5797101449275363,0.5555555555555556,0.0,0.0,1.0833333333333333,0.0,0.0,0.0,0.0,0.0,0.0,0.6666666666666666,0.0,0.0,0.0,0.0,0.5555555555555556,0.0,0.0,0.0,0.0,0.0,0.0,0.3333333333333333,0.5555555555555556,3.4325396825396823,0.0,2.9722222222222223,0.0,0.0,0.0,2.337962962962963,0.0,0.0,0.0,0.0,2.5
13.333333333333332,13.333333333333332,3.333333333333333,0.0,3.333333333333333,0.0,10.0,0.0,0.0,0.8333333333333333,5.7142857142857135,8.333333333333332,0.0,0.0,0.0,0.0,0.0,0.0,0.0,1.6666666666666665,0.0,0.0,0.0,0.0,0.0,0.0,0.0,0.0,0.0,3.333333333333333,0.0,3.333333333333333,0.0,0.0,0.0,0.0,0.0,0.0,0.0,0.0,0.0,0.0,0.47619047619047616,0.0,0.0,3.333333333333333,0.0,1.1111111111111112,0.0,0.0,1.6666666666666665,0.0,0.0,0.0,0.0,0.0,0.0,0.0,0.0,0.0,0.0,0.0,0.0,0.0,0.0,0.0,0.0,0.0,0.0,0.0,0.0,0.0,0.0,0.0,0.0,0.0,0.0,0.0,0.0,0.0,0.0,0.0,0.0,0.0,0.0,0.0,0.0,0.0,0.0,0.0,0.0,0.0,0.0,0.0,0.0,0.0,0.0,0.0,0.0,0.0,0.0,0.0,0.0,0.0,0.0,0.0,0.0,0.0,0.0,0.0,0.0,0.0,0.0,0.0,0.0,0.0,0.0,0.0,0.0,0.0,0.0,0.0,0.0,0.0,0.0,0.0,0.0,0.0,0.0,0.0,0.0,0.0,0.0,0.0,0.0,0.0,0.0,0.0,0.0,0.0,0.0,0.0,0.0,0.0,0.0,0.0,0.0,0.0,0.0,0.0,0.0,0.0,0.0,0.0,0.0,0.0,0.0,0.0,0.0,0.0,0.0,0.0,0.0,0.0,0.0,0.0,0.0,0.0,0.0,0.0,0.0,0.0,0.0,0.0,0.0,0.0,0.0,0.0,0.0,0.0,0.0,0.0,0.0,0.0,0.0,0.0,0.0,0.0,0.0,0.0,0.0,0.0,0.0,0.0,0.0,0.0,0.0,0.0,0.0,0.0,0.0,0.0,0.0,0.0,0.0,0.0,0.0,0.0,0.0,0.0,0.0,0.0,0.0,0.0,0.0,0.0,0.0,0.0,0.0,0.0,0.0,0.0,0.0,0.0,0.0,0.0,0.0,0.0,0.0,0.0,0.0,0.0,0.0,0.0,0.0,0.0,0.0,0.0,0.0,0.47619047619047616,0.0,0.0,0.0,0.0,0.0,0.0,0.0,0.0,0.0,0.0
21.214814814814815,3.0555555555555554,16.77777777777778,3.3333333333333335,10.0,0.537037037037037,2.2222222222222223,11.248148148148148,0.2777777777777778,0.5555555555555556,1.4814814814814814,0.37037037037037035,1.1111111111111112,0.0,0.0,3.6111111111111107,1.1111111111111112,0.0,0.5555555555555556,0.0,0.8333333333333333,4.444444444444445,7.222222222222222,1.4814814814814814,0.0,0.0,1.2777777777777777,0.0,0.0,3.333333333333333,0.0,2.7407407407407405,0.0,2.5555555555555554,0.0,3.3333333333333335,0.5555555555555556,0.0,0.0,0.9259259259259259,0.0,0.0,0.0,0.0,2.2222222222222223,1.1111111111111112,0.0,0.0,0.0,0.0,0.0,0.0,0.0,0.0,0.0,0.0,0.0,0.0,0.0,0.37037037037037035,0.0,1.4814814814814814,0.0,0.5555555555555556,0.0,0.0,0.0,0.0,0.0,0.0,0.0,0.0,0.0,0.0,0.0,1.1111111111111112,0.0,0.0,0.0,0.0,0.0,0.0,0.0,0.0,3.3333333333333335,0.0,0.0,0.0,0.0,0.0,0.37037037037037035,0.0,0.0,0.5555555555555556,0.0,0.0,0.0,0.0,0.0,0.0,0.0,0.0,0.5555555555555556,1.1111111111111112,0.5555555555555556,0.0,0.0,0.0,0.0,0.0,0.0,0.0,0.0,0.0,0.0,0.0,0.0,0.0,0.0,0.0,0.0,0.0,0.0,0.0,0.0,0.0,0.0,0.0,0.0,0.0,0.0,0.0,0.0,0.0,0.0,0.0,0.0,0.0,0.0,0.0,0.0,0.0,0.0,0.0,0.0,0.0,0.0,0.0,0.0,0.0,0.0,0.0,0.0,0.0,0.0,0.0,0.0,0.0,0.0,0.0,0.0,0.0,0.0,0.0,0.0,0.0,0.0,0.0,0.0,0.0,0.0,0.0,0.0,0.0,0.0,0.0,0.0,0.0,0.0,0.0,1.8333333333333333,0.0,0.0,0.0,0.0,0.0,0.0,0.0,0.0,0.0,0.0,0.0,0.0,0.0,0.0,0.0,0.0,0.0,0.0,0.0,0.0,0.0,0.0,0.0,0.0,0.0,0.0,0.0,0.0,0.0,0.0,0.0,0.0,0.0,0.0,0.0,0.0,0.0,0.0,0.0,0.0,0.0,0.0,0.0,0.0,0.0,0.0,0.0,0.0,0.0,0.0,0.0,0.0,0.0,0.0,0.0,0.0,0.0,0.0,0.0,0.0,0.0,0.0,0.0,0.0,0.0,0.0,0.0,0.0,0.0
24.646164021164022,17.046296296296298,12.87037037037037,17.59259259259259,26.646825396825395,1.7328042328042326,1.9444444444444444,31.075837742504408,14.293650793650793,2.4603174603174605,15.509259259259258,6.62037037037037,16.65432098765432,0.0,0.0,4.444444444444445,15.833333333333332,0.8333333333333333,6.111111111111111,5.777777777777778,1.3888888888888888,5.555555555555555,11.018518518518517,6.712962962962963,0.0,2.0370370370370368,3.8888888888888884,0.5555555555555556,0.0,4.444444444444445,0.41666666666666663,1.574074074074074,0.0,2.3888888888888893,0.41666666666666663,2.5,0.8333333333333334,1.1111111111111112,0.0,0.9259259259259259,0.0,0.0,0.0,5.0,1.6666666666666665,1.1666666666666665,0.0,0.0,0.0,0.0,0.5555555555555556,0.0,0.0,0.0,0.0,0.0,0.0,0.0,0.0,0.0,0.24305555555555555,0.0,0.0,1.9444444444444444,0.0,0.0,0.8333333333333333,0.0,1.5555555555555556,0.0,0.0,0.0,0.0,0.0,0.0,0.0,0.0,0.0,0.0,0.0,0.8888888888888888,0.0,0.0,0.5357142857142857,6.944444444444445,0.4444444444444444,2.2592592592592595,0.0,0.0,0.0,0.0,0.0,0.2777777777777778,0.5555555555555556,0.0,0.0,0.0,0.0,0.8333333333333334,0.0,1.1111111111111112,0.0,0.0,1.1111111111111112,0.0,0.0,0.0,0.2777777777777778,0.0,0.0,0.0,0.0,1.1111111111111112,0.0,0.0,0.0,0.0,0.0,0.0,0.0,0.0,0.0,0.0,0.0,0.8333333333333333,0.0,0.0,1.9444444444444444,0.0,0.0,0.0,0.0,0.0,1.1111111111111112,0.0,0.0,0.0,0.0,0.0,0.5555555555555556,0.0,0.0,0.45138888888888884,0.0,0.0,0.47619047619047616,0.0,0.0,0.0,0.0,0.0,0.0,0.0,3.333333333333333,0.0,0.0,0.0,0.0,1.1111111111111112,0.0,0.8333333333333333,0.0,0.0,0.0,0.0,0.0,0.0,0.0,0.0,0.0,0.0,0.0,0.0,0.0,0.0,0.0,0.0,0.2777777777777778,0.0,0.0,1.6666666666666665,0.0,0.0,0.23809523809523808,0.9523809523809523,0.0,0.0,0.0,0.0,0.0,0.0,0.0,0.0,0.0,0.0,0.0,0.0,0.0,0.0,0.0,0.0,0.0,0.0,0.0,0.0,0.0,0.0,0.0,0.0,0.0,0.0,0.0,0.0,0.0,0.0,0.0,0.0,0.0,0.0,0.0,0.0,0.0,0.0,0.0,0.3472222222222222,0.0,0.0,0.0,0.0,0.0,0.0,0.0,0.0,0.0,0.0,0.0,0.0,0.0,0.0,0.0,0.0,0.0,0.0,0.0,0.0,0.0,0.0,0.0,0.0,0.0
15.185185185185185,0.37037037037037035,2.2222222222222223,0.0,0.0,0.0,1.25,0.0,0.0,0.0,0.0,0.0,0.0,0.0,0.0,0.0,0.0,2.7777777777777777,0.0,0.0,0.0,0.0,0.0,0.0,0.0,0.20833333333333331,0.0,0.0,0.0,0.0,0.2777777777777778,0.0,0.0,0.0,0.0,0.0,0.0,0.0,0.0,0.0,0.0,0.0,0.0,0.0,0.0,0.0,0.0,0.0,0.0,0.0,0.0,0.0,1.4285714285714284,0.0,0.0,0.0,0.41666666666666663,0.0,0.0,0.20833333333333331,0.0,0.0,0.0,0.0,0.0,0.0,0.0,0.0,0.0,0.0,1.6666666666666665,0.0,1.25,0.0,0.0,0.0,0.0,0.0,0.0,0.0,0.0,0.0,0.0,0.0,0.0,0.0,0.0,0.0,0.0,0.0,0.0,0.0,0.0,0.0,0.0,0.0,0.0,0.0,0.0,0.0,0.0,0.0,0.0,0.0,0.0,0.0,0.0,0.0,0.0,0.0,0.0,1.3888888888888888,0.0,0.0,0.0,0.0,0.0,0.0,0.0,0.0,0.0,0.0,0.0,0.23809523809523808,0.0,0.0,0.0,0.0,0.0,0.0,0.0,0.0,0.0,0.0,0.0,0.0,0.0,0.0,0.0,0.0,0.0,0.0,0.0,0.0,0.0,0.0,0.0,0.0,0.0,0.0,0.0,0.0,0.0,0.0,0.0,0.0,0.0,0.0,0.0,0.0,0.0,0.0,0.0,0.0,0.0,0.0,0.0,0.0,0.0,0.0,0.0,0.0,0.0,0.0,0.0,0.0,0.0,0.0,0.0,0.0,0.0,0.0,0.0,0.0,0.0,0.0,0.0,0.0,0.0,0.0,0.0,0.0,0.0,0.0,0.0,0.0,0.0,0.0,0.0,0.0,0.0,0.0,0.0,0.0,0.0,0.0,0.0,0.0,0.0,0.0,0.0,0.0,0.0,0.0,0.0,0.0,0.0,0.0,0.0,0.0,0.0,0.0,0.0,0.0,0.0,0.0,0.0,0.0,0.0,0.0,0.0,0.0,0.0,0.0,0.0,0.0,0.0,0.0,0.0,0.0,0.0,0.0,0.0,0.0,0.0,0.0,0.0,0.0,0.0,0.0
5.462962962962963,3.333333333333333,0.0,7.222222222222222,0.0,3.333333333333333,0.0,11.148148148148147,0.0,0.0,3.333333333333333,0.0,0.08333333333333333,1.7499999999999998,0.0,0.0,0.0,3.4722222222222223,0.0,1.25,0.0,0.0,0.0,0.0,0.0,0.0,0.0,0.0,0.0,0.0,0.0,0.0,0.0,0.0,0.0,0.0,0.0,0.0,0.0,0.0,0.0,0.0,0.0,0.0,0.0,0.0,0.0,0.0,0.0,0.0,0.0,1.5,0.0,0.0,0.0,0.0,0.0,0.0,0.0,0.0,0.0,0.0,0.0,0.0,0.0,0.0,0.41666666666666663,0.0,0.0,0.0,0.0,0.0,0.0,0.0,3.333333333333333,0.0,0.0,0.0,0.0,0.0,0.0,0.0,0.0,0.0,0.0,0.3333333333333333,0.0,0.0,0.0,0.0,0.0,0.0,0.0,0.0,0.0,0.0,0.0,0.0,0.0,0.0,0.0,0.0,0.0,0.0,0.0,0.0,0.0,0.0,0.0,0.0,0.0,0.0,0.0,0.0,0.4166666666666667,0.0,0.0,0.0,0.0,0.0,0.0,0.0,3.333333333333333,0.0,0.0,0.0,0.0,0.0,0.0,0.0,0.0,0.0,0.0,0.0,1.6666666666666665,0.625,0.0,0.0,0.0,0.0,0.0,0.0,0.0,0.0,0.0,0.0,0.0,0.0,0.0,0.0,0.0,0.0,1.3888888888888888,0.0,0.0,0.0,0.0,0.0,0.0,0.0,0.0,0.0,0.0,0.0,0.0,0.0,0.0,0.0,0.0,0.0,0.0,0.0,0.0,0.0,0.0,0.0,0.0,0.0,0.0,0.0,0.0,0.0,0.0,0.0,0.0,0.0,0.0,0.0,0.0,0.0,0.0,0.0,1.6666666666666665,0.0,0.0,0.0,0.0,0.0,0.0,0.0,0.0,0.0,0.0,0.0,0.0,0.0,0.0,0.0,0.0,0.0,0.0,0.0,0.0,0.0,0.0,0.0,0.0,0.0,0.0,0.0,0.0,1.0416666666666665,0.0,0.0,0.0,0.0,0.0,0.0,0.0,0.0,0.5555555555555556,0.0,0.0,0.0,0.0,0.0,0.0,0.0,0.0,0.0,0.0,0.0,0.0,0.0,0.0,0.0,0.0,0.0,0.0,0.0
299.10515873015873,67.63888888888889,200.55555555555554,91.80555555555554,266.51388888888886,51.666666666666664,122.73809523809523,35.55555555555555,55.238095238095234,123.99999999999999,26.944444444444443,107.3611111111111,38.888888888888886,138.33333333333331,52.19444444444444,27.11111111111111,40.83333333333333,75.76388888888889,26.388888888888886,21.388888888888886,18.333333333333332,39.44444444444444,21.369047619047617,13.888888888888888,34.388888888888886,6.666666666666666,9.027777777777777,6.944444444444444,0.0,30.0,19.52777777777778,13.472222222222221,8.333333333333332,3.333333333333333,25.555555555555554,18.333333333333332,15.347222222222221,2.7777777777777777,1.6666666666666665,8.333333333333332,1.6666666666666665,10.88888888888889,0.0,12.777777777777777,3.333333333333333,3.7499999999999996,2.5,0.8333333333333333,6.666666666666666,37.77777777777777,11.61111111111111,3.0,16.47222222222222,3.6111111111111107,0.0,7.777777777777777,14.166666666666666,1.1111111111111112,4.444444444444445,1.6666666666666665,1.1111111111111112,8.333333333333332,8.333333333333332,2.2222222222222223,1.6666666666666665,0.0,1.6666666666666665,6.111111111111111,3.333333333333333,0.0,3.3333333333333335,1.6666666666666665,1.6666666666666665,0.0,16.11111111111111,3.333333333333333,3.75,16.11111111111111,3.333333333333333,2.7777777777777777,1.6666666666666665,0.0,0.0,0.8333333333333333,3.333333333333333,0.0,0.0,9.166666666666666,3.194444444444444,2.5,0.23809523809523808,5.833333333333333,0.8333333333333333,6.666666666666666,3.333333333333333,0.0,0.0,0.0,0.0,0.0,3.6666666666666665,5.5,10.0,0.0,3.333333333333333,2.5,0.0,0.0,0.0,3.333333333333333,2.2222222222222223,0.0,0.0,0.0,1.9444444444444444,0.0,1.1111111111111112,0.0,0.0,0.0,0.0,0.0,0.0,9.444444444444443,0.0,0.5555555555555556,5.0,0.0,0.0,0.0,0.0,0.0,0.0,1.6666666666666665,0.0,0.7142857142857142,0.0,0.0,1.6666666666666665,0.0,0.0,0.0,0.0,0.5555555555555556,1.6666666666666665,0.0,0.0,0.0,1.6666666666666665,0.0,4.166666666666666,0.0,1.6666666666666665,0.8333333333333333,7.777777777777777,1.6666666666666667,0.0,0.0,4.722222222222221,0.41666666666666663,1.6666666666666665,0.0,0.2777777777777778,0.0,0.0,0.0,0.0,0.0,0.0,1.6666666666666665,0.0,0.0,0.0,0.0,0.8333333333333333,0.0,0.0,0.0,0.3333333333333333,0.41666666666666663,0.0,0.0,0.0,0.0,0.0,0.0,3.333333333333333,0.0,0.0,1.6666666666666665,0.0,0.0,0.0,3.333333333333333,0.0,0.41666666666666663,0.0,0.0,1.1111111111111112,0.0,0.0,0.0,0.5555555555555556,1.1111111111111112,0.0,0.0,0.0,0.0,0.0,1.1111111111111112,0.0,0.0,0.0,0.0,0.0,0.5555555555555556,0.0,0.0,0.0,0.0,0.0,0.0,0.0,0.0,0.0,0.5555555555555556,0.0,0.0,0.0,0.0,0.0,0.0,0.0,0.0,0.0,0.0,0.0,0.0,0.0,0.0,0.0,0.0,0.0,0.2777777777777778,0.0,0.0,0.0,0.0,0.9722222222222222,0.0
0.0,0.0,0.0,0.0,0.0,0.0,0.0,0.0,0.0,0.0,0.0,0.5555555555555556,0.0,0.0,0.0,0.0,0.0,0.0,0.0,0.0,0.0,0.0,0.0,0.0,0.0,0.0,0.0,0.0,0.0,0.0,0.0,0.0,0.0,0.0,0.0,0.0,0.0,0.0,0.0,0.0,0.0,0.0,0.0,0.0,0.0,0.0,0.0,0.0,0.0,0.0,0.0,0.0,0.0,0.0,0.0,0.0,0.0,0.0,0.0,0.0,0.0,0.0,0.0,0.0,0.0,0.0,0.0,0.0,0.0,0.0,0.0,0.0,0.0,0.0,0.0,0.0,0.0,0.0,0.0,0.0,0.0,0.0,0.0,0.0,0.0,0.0,0.0,0.0,0.0,0.0,0.0,0.0,0.0,0.0,0.0,0.0,0.0,0.0,0.0,0.0,0.0,0.0,0.0,0.0,0.0,0.0,0.0,0.0,0.0,0.0,0.0,0.0,0.0,0.0,0.0,0.0,0.0,0.0,0.0,0.0,0.0,0.0,0.0,0.0,0.0,0.0,0.0,0.0,0.0,0.0,0.0,0.0,1.1111111111111112,0.0,0.0,0.0,0.0,0.0,0.0,0.0,0.0,0.0,0.0,0.0,0.0,0.0,0.0,0.0,0.0,0.0,0.0,0.0,0.0,0.0,0.0,0.0,0.0,0.0,0.0,0.0,0.0,0.0,0.0,0.0,0.0,0.0,0.0,0.0,0.0,0.0,0.0,0.0,0.0,0.0,0.0,0.0,0.0,0.0,0.0,0.0,0.0,0.0,0.0,0.0,0.0,0.0,0.0,0.0,0.0,0.0,0.0,0.0,0.0,0.0,0.0,0.0,0.0,0.0,0.0,0.0,0.0,0.0,0.0,0.0,0.0,0.0,0.0,0.0,0.0,0.0,0.0,0.0,0.0,0.0,0.0,0.0,0.0,0.0,0.0,0.0,0.0,0.0,0.0,0.0,0.0,0.0,0.0,0.0,0.0,0.0,0.0,0.0,0.0,0.0,0.0,0.0,0.0,0.0,0.0,0.0,0.0,0.0,0.0,0.0,0.0,0.0,0.0,0.0,0.0,0.0
13.777777777777777,15.925925925925926,5.185185185185185,6.111111111111112,4.444444444444445,1.2962962962962963,11.11111111111111,1.6666666666666665,6.018518518518519,1.1111111111111112,0.8333333333333333,1.1111111111111112,9.185185185185185,0.5555555555555556,1.6666666666666665,0.37037037037037035,0.37037037037037035,8.11111111111111,0.0,1.1111111111111112,1.6666666666666667,1.1111111111111112,0.6666666666666666,0.0,0.0,0.0,4.0,1.1111111111111112,1.4814814814814814,3.3333333333333335,0.0,0.0,1.1111111111111112,0.37037037037037035,0.0,0.0,0.0,0.0,0.0,1.4814814814814814,0.0,0.0,0.0,0.0,0.0,1.1111111111111112,0.0,0.0,0.0,0.0,1.1111111111111112,0.0,0.0,0.0,0.0,0.0,5.555555555555555,0.0,0.0,0.0,0.0,0.0,1.1111111111111112,0.0,0.0,0.0,0.0,0.0,0.0,0.0,0.0,0.0,0.0,0.0,0.9259259259259259,0.5555555555555556,0.0,0.0,0.0,2.2222222222222223,0.0,0.0,0.0,0.0,0.0,0.37037037037037035,0.0,0.0,0.0,0.0,0.0,0.0,0.0,1.6666666666666667,0.5555555555555556,0.0,0.0,0.0,0.0,0.0,0.0,0.0,0.0,0.0,0.0,0.0,0.035842293906810034,0.0,0.5376344086021505,0.0,0.0,0.0,0.0,0.0,0.0,0.035842293906810034,0.0,0.035842293906810034,0.035842293906810034,0.35842293906810035,0.035842293906810034,0.035842293906810034,0.0,0.0,0.0,0.0,0.0,0.0,1.1111111111111112,0.0,0.0,0.0,0.0,0.0,0.0,0.5925925925925926,0.0,0.0,0.0,0.0,0.0,0.0,0.0,0.0,0.0,0.0,0.0,0.0,0.0,0.0,0.0,0.0,0.0,0.0,0.0,0.0,0.0,0.5555555555555556,1.2962962962962963,0.7407407407407407,0.0,0.0,0.0,0.0,0.0,0.0,0.0,0.0,0.0,0.0,0.0,0.0,0.0,0.0,0.0,0.0,0.0,0.0,0.0,0.0,0.0,0.0,0.0,0.0,0.0,0.0,0.0,0.0,0.0,0.0,0.0,0.0,0.0,0.0,0.0,0.0,0.0,0.0,0.0,0.0,0.0,0.0,0.0,0.0,0.0,0.0,0.0,0.0,0.0,0.0,0.0,0.0,0.0,0.0,0.0,0.0,0.0,0.0,0.0,0.0,0.0,0.0,0.0,0.0,0.0,0.0,0.0,0.0,0.0,0.0,0.0,0.0,2.111111111111111,0.0,2.111111111111111,0.0,0.0,0.0,0.0,0.0,0.0,2.2222222222222223,0.0,1.1111111111111112,0.0,0.0,0.0,0.0,0.0,0.0
21.333333333333332,0.3333333333333333,0.0,3.333333333333333,0.0,0.0,0.0,0.0,0.0,0.0,0.0,0.0,0.0,0.0,0.0,0.0,0.0,0.0,0.0,0.0,0.0,0.0,0.0,0.0,1.6666666666666665,0.0,0.0,0.0,0.0,0.0,0.0,0.0,0.0,0.0,0.0,0.0,0.0,0.0,0.0,0.0,0.0,0.0,0.0,0.0,0.0,0.0,0.0,0.0,3.333333333333333,0.0,0.0,0.0,0.0,0.0,0.0,0.0,0.0,0.0,0.0,0.0,0.0,0.0,0.0,0.0,0.0,0.0,0.0,0.0,0.0,0.0,0.0,0.0,0.0,0.0,0.0,0.0,0.0,0.0,0.0,0.0,0.0,0.0,0.0,0.0,0.0,0.0,0.0,0.0,0.0,0.0,0.0,0.0,0.0,0.0,0.0,0.0,0.0,0.0,0.0,0.0,0.0,0.0,0.0,0.0,0.0,0.6666666666666666,0.0,0.0,0.0,0.0,0.0,0.0,0.0,0.0,0.0,0.0,0.0,0.0,0.0,0.0,0.0,0.0,0.0,0.0,0.0,0.0,0.0,0.0,0.0,0.0,0.0,0.0,0.0,0.0,0.0,0.0,0.0,0.0,0.0,0.0,0.0,0.0,0.0,0.0,0.0,0.0,0.0,0.0,0.0,0.0,0.0,0.0,0.0,0.0,0.0,0.0,0.0,0.0,0.0,0.0,0.0,0.0,0.0,0.0,0.0,0.0,0.0,0.0,0.0,0.0,0.0,0.0,0.0,0.0,0.0,0.0,0.0,0.0,0.0,0.0,0.0,0.0,0.0,0.0,0.0,0.0,0.0,0.0,0.0,0.0,0.0,0.0,0.0,0.0,0.0,0.0,0.0,0.0,0.0,0.3333333333333333,0.0,0.0,0.0,0.0,0.0,0.0,0.0,0.0,0.0,0.0,0.0,0.0,0.0,0.6666666666666666,0.0,0.0,0.0,0.0,0.0,0.0,0.0,0.0,0.0,0.0,0.0,0.0,0.0,0.0,0.0,0.0,0.0,0.0,0.0,0.0,0.0,0.0,0.0,0.0,0.0,0.0,0.0,0.0,0.0,0.0,0.0,0.0,0.0,0.0,0.0,0.0
198.6991341991342,28.968253968253965,48.84126984126984,10.61111111111111,90.33624338624338,34.72222222222222,4.087301587301587,14.217171717171716,7.222222222222221,47.460317460317455,3.472222222222222,67.17195767195767,3.414141414141414,17.07142857142857,15.444444444444445,4.821428571428571,0.0,59.46969696969697,0.47619047619047616,5.555555555555555,8.88888888888889,11.888888888888888,9.166666666666666,20.0,8.555555555555555,0.6666666666666666,0.0,16.333333333333332,0.0,1.6666666666666665,0.0,6.666666666666666,1.9444444444444444,3.333333333333333,0.4071969696969697,0.0,4.848484848484849,0.6666666666666666,0.0,16.944444444444443,0.0,22.392857142857142,1.1111111111111112,0.0,0.0,0.0,0.0,3.333333333333333,5.333333333333333,0.0,9.98015873015873,3.333333333333333,0.5555555555555556,0.0,0.0,0.0,0.07936507936507936,0.41666666666666663,0.0,0.0,0.0,0.0,0.0,2.5,1.1111111111111112,0.0,2.8571428571428568,0.0,0.0,0.0,0.0,5.0,0.0,0.0,7.777777777777778,0.0,0.0,0.0,0.0,0.07936507936507936,0.0,2.2222222222222223,0.0,0.0,0.0,0.0,0.0,0.0,13.636363636363635,0.0,8.61111111111111,0.0,0.8333333333333333,0.0,0.3333333333333333,0.0,0.0,0.0,1.1111111111111112,0.0,0.0,0.0,0.0,0.0,0.0,0.8727272727272728,0.37136243386243384,0.0,5.570436507936508,0.0,1.4285714285714284,0.0,0.0,0.0,0.0,0.37136243386243384,0.0,0.37136243386243384,0.37136243386243384,3.7136243386243386,0.37136243386243384,0.37136243386243384,3.3585858585858586,0.0,0.0,0.0,0.0,0.0,0.0,5.808080808080808,1.6666666666666665,0.0,0.0,0.0,36.69444444444444,2.2222222222222223,0.0,0.0,0.0,0.0,0.0,0.0,3.333333333333333,0.0,4.166666666666666,0.31746031746031744,0.0,0.0,0.0,0.0,3.333333333333333,1.6666666666666665,6.666666666666666,0.41666666666666663,0.0,3.333333333333333,0.0,0.0,0.0,0.0,0.5555555555555556,3.333333333333333,0.0,3.055555555555556,0.0,0.0,0.0,4.111111111111111,0.0,0.0,3.333333333333333,0.0,0.0,0.0,0.0,0.0,0.0,0.0,0.0,0.0,0.0,0.0,0.0,0.0,0.0,0.0,0.0,0.0,0.0,0.0,2.5,0.0,0.0,12.5,0.0,0.0,8.88888888888889,0.0,0.0,0.30303030303030304,2.4,0.0,0.0,0.0,0.0,0.0,1.2444444444444445,0.0,0.0,0.0,0.0,0.0,0.6666666666666666,0.6060606060606061,0.0,0.0,0.0,0.0,3.3333333333333335,0.0,0.0,1.6666666666666667,0.0,0.0,0.0,0.0,0.0,0.0,0.0,0.0,3.333333333333333,0.0,0.0,0.0,0.0,0.0,0.0,0.0,0.0,0.0,1.6666666666666665,0.0,0.0,0.0,0.0,0.0,0.0,0.0,0.0,0.0
38.34920634920635,4.96031746031746,9.0,15.509259259259258,10.388888888888888,14.902777777777777,11.666666666666666,4.388888888888888,3.7483660130718954,2.7777777777777777,6.666666666666666,8.333333333333332,1.6666666666666665,5.912698412698412,7.166666666666666,4.166666666666666,1.3888888888888888,0.0,3.333333333333333,2.569444444444444,1.6666666666666667,2.2222222222222223,7.444444444444444,0.0,1.6666666666666665,0.0,1.2222222222222223,8.333333333333332,3.1111111111111107,5.0,0.0,0.0,1.037037037037037,0.0,0.0,1.25,0.3333333333333333,1.1666666666666665,3.333333333333333,0.0,3.6111111111111107,0.5555555555555556,0.0,0.09803921568627451,0.0,0.0,0.0,0.09803921568627451,0.8333333333333333,0.7222222222222222,1.9444444444444442,1.3888888888888888,1.6666666666666665,0.0,0.7407407407407407,0.0,1.6666666666666665,0.0,0.0,0.0,0.6666666666666666,0.0,1.6666666666666665,1.25,0.4444444444444444,0.0,2.185185185185185,0.0,0.0,0.0,0.8333333333333333,0.0,0.0,0.0,0.0,0.0,0.0,2.5,0.0,0.0,0.0,0.0,0.8333333333333333,1.6666666666666665,0.0,0.0,0.0,0.0,1.6666666666666665,0.0,0.0,0.0,0.41666666666666663,0.4444444444444445,0.0,0.0,0.0,0.0,3.333333333333333,0.0,0.0,0.0,0.0,0.0,0.0,0.0,0.0,0.5555555555555556,0.0,0.0,0.0,0.0,0.0,0.0,0.0,0.0,0.0,0.0,0.0,0.0,0.0,0.0,0.0,0.0,0.4444444444444445,0.0,0.0,0.0,1.6666666666666665,0.0,0.0,1.6666666666666665,0.0,0.0,0.0,0.0,0.0,0.0,0.0,0.0,0.0,0.0,0.0,0.0,0.0,0.0,0.0,0.0,0.0,0.0,0.0,0.0,0.0,0.0,0.0,0.0,0.0,0.0,0.0,0.0,0.0,2.5,0.5555555555555556,0.0,0.3333333333333333,0.0,0.0,0.0,0.8333333333333333,0.0,0.0,0.0,0.22222222222222224,0.0,0.0,0.0,0.0,0.0,0.0,0.0,0.0,0.0,0.0,0.0,0.0,0.0,0.0,0.8333333333333333,0.0,0.0,0.0,0.0,0.0,0.0,0.0,0.0,0.0,0.0,0.5555555555555556,0.0,0.0,0.0,0.0,0.0,0.0,0.0,0.0,0.0,0.0,0.0,0.0,0.0,0.0,0.0,0.0,0.0,0.0,0.0,0.0,0.0,0.0,0.0,0.0,0.0,0.0,0.0,0.0,0.0,0.0,0.0,0.0,0.0,0.0,0.0,0.0,0.0,0.0,0.0,0.0,0.0,0.0,1.25,0.0,0.0,0.0,0.0,0.0,0.0,0.0,0.0
269.3522095188762,36.26426813926814,52.147105980439314,219.74364986864987,41.020502645502646,44.54243904243904,11.09126984126984,35.68446368446368,20.07055907055907,26.046296296296294,34.976190476190474,29.662037037037035,21.81216931216931,7.222222222222221,5.763888888888888,23.806277056277054,2.6483886483886483,48.54116254116254,5.365079365079365,14.532828282828282,11.408730158730158,3.5879629629629632,25.38888888888889,23.612373737373737,20.71825396825397,0.2777777777777778,14.410834535834535,45.110932096226215,56.09259259259259,0.47619047619047616,6.805555555555555,10.772690272690273,0.3888888888888889,0.2777777777777778,1.0925925925925926,0.537037037037037,2.962962962962963,2.488095238095238,9.11111111111111,0.0,2.253968253968254,7.7671957671957665,2.2222222222222223,3.142857142857143,2.238095238095238,0.3333333333333333,5.611111111111111,2.7777777777777777,25.937321937321936,5.12037037037037,0.0,3.191919191919192,6.2379749879749875,17.683862433862434,0.2777777777777778,4.3939393939393945,0.5714285714285714,1.3333333333333333,3.9999999999999996,0.0,10.092962592962593,0.0,0.0,12.925925925925926,1.1111111111111112,10.158371040723981,3.6666666666666665,0.0,1.6666666666666667,0.0,1.6964285714285712,0.0,0.0,10.158371040723981,0.9259259259259258,0.18518518518518517,0.0,0.0,14.284391534391533,0.15873015873015872,0.0,0.2777777777777778,0.0,0.0,0.0,0.24691358024691357,0.0,0.0,0.09259259259259259,5.227513227513227,0.0,0.2777777777777778,0.0,0.18518518518518517,1.0185185185185186,0.0,2.833333333333333,0.0,0.0,0.0,0.6481481481481481,2.222222222222222,0.18518518518518517,0.5555555555555556,0.0,0.0,0.0,0.5555555555555556,0.0,0.18518518518518517,0.0,0.18518518518518517,0.0,0.0,0.23809523809523808,0.0,1.0846560846560847,0.0,0.0,0.0,0.0,0.0,1.3194444444444444,0.15151515151515152,0.0,0.0,0.0,7.222222222222221,0.0,1.3888888888888888,0.875,0.0,0.0,0.0,3.148148148148148,0.1388888888888889,0.16666666666666666,0.18518518518518517,0.0,0.0,2.5,0.23809523809523808,0.0,0.0,2.250915750915751,0.0,0.8333333333333333,0.0,0.0,0.0,1.1904761904761905,0.0,0.30303030303030304,0.0,0.0,0.0,0.0,0.18518518518518517,0.0,0.0,0.0,2.947530864197531,0.0,1.1805555555555554,2.2222222222222223,0.8333333333333334,0.23809523809523808,5.25,0.0,0.0,1.3095238095238093,0.0,2.904040404040404,0.0,0.0,2.9324379324379324,0.0,0.0,0.0,0.0,0.0,0.0,0.0,0.0,0.0,1.3194444444444444,0.0,0.0,0.23809523809523808,0.3333333333333333,0.18518518518518517,0.0,0.8333333333333333,0.20833333333333331,0.8518518518518519,0.0,0.0,0.0,1.1111111111111112,0.0,0.0,4.761904761904762,0.0,0.0,0.0,0.0,0.0,0.0,0.7142857142857142,0.0,0.0,1.4351851851851851,0.8333333333333333,0.0,0.0,0.0,0.0,0.0,0.0,0.0,0.0,0.0,0.0,0.0,0.0,0.0,0.0,4.305555555555555,0.0,0.0,0.3333333333333333,0.15151515151515152,0.0,0.15873015873015872,0.0,0.0,0.0,0.0,0.0,0.0,0.0,0.0,0.0,0.0,0.0,0.0,0.0,0.0,0.0,0.0
24.814814814814813,12.558201058201059,1.1111111111111112,0.0,10.066137566137566,1.25,6.851851851851852,0.0,0.8333333333333333,6.666666666666666,10.555555555555555,0.32407407407407407,5.833333333333333,6.32051282051282,0.14545454545454548,4.285714285714286,0.37037037037037035,16.99206349206349,1.2037037037037037,0.0,0.0,0.0,1.25,0.0,0.0,1.3888888888888888,0.0,0.0,0.11111111111111112,0.8333333333333333,0.0,0.0,6.666666666666666,0.0,0.0,0.0,0.0,0.0,0.0,0.0,0.0,1.6056166056166057,0.0,0.0,0.0,0.0,0.0,0.41666666666666663,0.0,0.0,0.9259259259259259,0.8333333333333333,1.1111111111111112,0.0,0.0,2.2222222222222223,0.2777777777777778,0.0,0.0,0.0,0.0,0.0,0.0,0.0,0.0,3.3851851851851853,5.833333333333333,0.0,0.0,0.0,0.0,3.333333333333333,0.0,3.3851851851851853,0.0,0.0,0.0,0.0,2.787878787878788,0.0,0.0,0.0,0.0,0.9523809523809523,0.0,0.0,0.0,0.0,0.0,0.0,0.0,0.0,0.2777777777777778,0.0,0.0,0.0,0.0,0.0,0.0,0.0,0.0,0.0,0.0,0.0,0.0,0.0,0.0,0.0,0.0,0.0,0.0,0.0,0.0,0.0,0.0,0.0,0.0,0.0,0.0,0.0,0.0,0.0,0.0,0.0,0.0,0.0,0.0,0.0,0.0,0.0,0.0,0.0,0.0,0.0,4.333333333333333,0.0,0.0,0.0,0.0,0.0,0.0,0.0,0.0,0.0,0.0,0.0,0.0,0.0,0.0,0.0,0.0,0.0,0.0,0.0,0.0,0.0,0.0,1.3333333333333333,0.0,0.0,0.0,0.0,0.0,0.0,0.0,0.0,0.0,0.0,0.0,0.0,4.256410256410256,0.0,0.0,0.0,0.0,0.0,0.0,0.0,0.0,0.0,0.0,0.0,0.0,0.0,0.0,0.0,0.0,0.0,0.0,0.0,0.0,0.0,1.6666666666666665,0.0,2.6666666666666665,0.0,3.333333333333333,0.0,0.0,0.0,0.0,0.0,0.0,0.0,0.0,0.0,0.0,0.0,0.0,0.0,0.18518518518518517,0.0,0.0,0.0,0.0,0.0,0.0,0.0,0.0,0.0,0.0,0.0,0.0,0.0,0.0,0.0,0.0,0.0,0.0,0.0,3.333333333333333,0.0,0.0,0.0,0.0,0.0,0.0,0.0,0.0,0.0,0.0,0.0,0.0,0.0,0.0,0.0,0.0,1.6666666666666667,0.0,0.0
40.98148148148148,5.694444444444444,6.666666666666666,14.226190476190476,7.65079365079365,8.472222222222221,2.2222222222222223,1.7777777777777777,2.333333333333333,5.833333333333333,0.6666666666666666,2.0370370370370368,18.333333333333332,5.873015873015873,3.518518518518518,5.37037037037037,6.507936507936508,1.1111111111111112,4.333333333333333,0.9523809523809523,1.3888888888888888,0.0,6.666666666666666,3.333333333333333,2.5,0.0,0.9259259259259259,5.37037037037037,2.2222222222222223,5.925925925925926,0.0,3.333333333333333,0.0,0.0,6.0,3.234126984126984,0.0,1.527777777777778,0.0,0.47619047619047616,1.8518518518518519,0.47619047619047616,1.476190476190476,0.0,0.0,4.857142857142857,0.0,0.0,0.0,0.0,0.0,0.0,0.0,0.0,0.0,0.0,0.37037037037037035,0.0,12.333333333333332,0.0,0.0,0.0,0.0,0.0,0.0,1.1111111111111112,0.0,0.0,0.0,0.0,0.0,1.4285714285714284,0.0,0.0,1.1111111111111112,0.6666666666666666,1.1111111111111112,3.3333333333333335,0.0,0.0,0.0,0.0,0.0,0.0,0.0,0.0,0.0,0.0,0.0,0.0,0.0,0.0,0.0,0.0,0.0,0.0,3.8095238095238093,0.0,0.0,0.0,0.0,0.47619047619047616,0.0,0.0,0.09803921568627451,0.0,0.0,3.333333333333333,0.0,0.0,0.0,0.0,0.0,0.0,0.0,0.0,0.0,0.0,0.0,0.0,0.0,0.0,0.11111111111111112,0.0,0.0,0.0,0.0,0.0,0.0,0.0,0.5555555555555556,0.0,0.0,0.0,0.0,0.0,0.0,0.0,0.0,0.0,0.0,0.37037037037037035,0.0,0.0,0.0,0.0,0.0,0.0,0.0,0.0,0.0,0.0,0.0,0.0,0.0,0.0,0.0,0.0,0.0,0.0,0.0,0.0,0.0,0.0,0.0,0.0,0.0,0.0,0.0,0.0,0.0,0.0,0.0,0.0,0.0,2.361111111111111,0.0,0.0,0.0,0.0,0.0,0.0,0.0,0.0,0.0,0.0,0.0,0.0,0.0,0.0,0.0,0.0,0.0,0.0,0.0,0.0,0.0,0.0,0.0,0.0,0.0,0.0,0.0,0.0,0.0,0.0,0.0,0.0,0.0,1.1111111111111112,0.0,0.0,0.0,0.0,0.0,0.0,0.0,0.0,0.0,0.0,0.0,0.0,0.0,1.5686274509803921,0.0,1.6666666666666665,0.0,0.0,0.0,0.0,0.0,0.0,0.0,0.0,0.0,0.0,0.0,0.0,0.0,0.0,0.0,0.0,0.0,0.0,0.0,0.0,0.0,0.0,0.0,0.0
45.925925925925924,13.0,20.833333333333332,10.0,23.129629629629626,0.0,9.722222222222221,11.944444444444443,3.333333333333333,5.666666666666666,10.833333333333332,7.722222222222221,1.2037037037037037,7.037037037037036,29.833333333333332,0.0,0.0,1.6666666666666665,2.7777777777777777,0.0,11.944444444444443,7.499999999999999,5.277777777777778,1.9444444444444444,1.6666666666666665,0.0,12.87037037037037,0.0,0.0,4.444444444444445,0.0,0.0,0.37037037037037035,5.833333333333333,0.0,0.0,0.0,0.0,0.0,0.0,0.0,0.0,0.0,0.0,2.2222222222222223,1.1111111111111112,0.0,0.0,0.0,0.37037037037037035,0.0,0.0,1.1111111111111112,0.0,0.0,0.0,0.0,0.0,0.0,0.0,0.0,3.148148148148148,0.0,0.0,0.0,0.0,0.0,0.0,0.0,0.0,0.0,0.0,0.0,0.0,0.0,0.0,0.0,0.0,0.0,0.0,0.0,0.0,0.0,0.0,0.0,0.0,0.0,0.0,0.0,0.0,0.0,3.333333333333333,0.0,0.0,0.0,0.0,0.0,0.0,0.0,0.0,0.0,0.0,0.0,0.0,3.333333333333333,0.0,0.0,0.0,0.0,0.0,0.0,0.0,0.0,0.0,0.0,0.0,0.0,0.0,0.0,0.0,0.0,0.0,0.0,0.0,0.0,0.0,0.0,0.0,0.0,0.0,0.0,0.5555555555555556,0.0,0.0,0.0,0.0,0.0,0.0,0.0,0.0,0.0,0.0,0.0,0.0,0.0,0.0,0.0,0.0,0.0,0.0,0.0,0.0,0.0,0.0,0.0,0.0,0.0,0.0,0.0,0.0,0.0,0.0,0.0,0.0,0.0,0.0,0.0,0.0,0.0,2.2222222222222223,0.0,0.0,0.0,0.0,0.0,0.0,0.0,0.0,0.0,0.0,0.0,0.0,0.0,0.0,0.0,0.0,0.0,0.0,0.0,0.0,0.0,0.0,0.0,0.0,0.0,0.0,0.0,0.0,0.0,0.0,0.0,0.0,0.0,0.0,0.0,0.0,0.0,0.0,0.0,0.0,0.0,0.0,0.0,0.0,0.0,0.0,0.0,0.0,0.0,0.0,0.0,0.0,0.0,0.0,0.0,0.0,0.0,0.0,0.0,0.0,0.0,0.0,0.0,0.0,0.0,0.0,0.0,0.0,0.0,0.0,0.0,0.0,0.0,0.0,0.0,0.0,0.0,0.0,0.0,0.0
176.3219230064468,53.90708674042007,68.28693991193991,54.72399668233001,84.34182638349304,33.801548759882095,17.34391534391534,48.1649161024161,20.80513159679826,2.4586894586894585,24.460097001763668,26.312683612683614,25.682449494949495,19.200741388241386,43.85584976026152,6.282310282310282,32.76536426536426,30.892245761293378,5.967873176206509,50.278539361872696,2.5787037037037037,17.146825396825395,17.086640211640212,6.176467051467051,31.99351882685216,5.438832772166105,10.186911633340205,5.62962962962963,7.83934583934584,3.117283950617284,13.70580808080808,7.495851370851371,8.522486772486772,1.6615791615791615,4.859126984126984,2.7916666666666665,7.674242424242424,10.601851851851851,5.142857142857142,7.753607503607504,7.375180375180375,55.47648493481827,0.0,0.5185185185185185,18.605820105820104,2.648148148148148,20.42504409171076,0.0,7.252525252525253,11.01081326081326,0.5714285714285714,0.0,9.064475557122616,5.70679012345679,6.371930538597205,0.8333333333333334,0.6666666666666667,1.6666666666666665,1.1428571428571428,0.75,0.0,0.0,1.8095238095238093,0.0,0.7583774250440917,0.8080808080808081,0.0,2.964285714285714,6.657447490780824,0.5555555555555556,5.8277777777777775,2.8287037037037037,3.571428571428571,0.8080808080808081,0.12345679012345678,2.824074074074074,3.803376906318083,0.18518518518518517,1.9444444444444444,1.2962962962962963,1.0925925925925926,1.945739445739446,0.0,0.15873015873015872,0.0,34.56625781625782,0.22222222222222224,0.0,0.0,5.058922558922559,1.9047619047619047,8.147907647907648,0.0,0.0,0.1388888888888889,0.23809523809523808,0.0,0.0,0.0,0.37037037037037035,2.574074074074074,1.259259259259259,0.0,0.0,0.0,0.0,0.0,0.0,0.0,0.5555555555555556,0.0,0.0,0.0,0.0,0.994949494949495,0.0,2.166666666666667,0.0,0.0,0.0,0.0,0.0,0.0,0.0,0.0,0.0,5.347222222222222,0.5709876543209876,0.0,0.0,0.0,0.5555555555555556,1.4537037037037037,0.0,3.333333333333333,1.1111111111111112,0.0,0.0,0.7936507936507937,0.15873015873015872,0.0,1.8749999999999998,0.0,0.05050505050505051,0.0,0.0,0.3333333333333333,0.18518518518518517,0.37037037037037035,16.89222582972583,5.555555555555555,2.4768518518518516,0.0,0.0,0.0,0.8796296296296297,0.6296296296296297,1.25,0.8174603174603174,0.0,0.0,5.932098765432099,0.0,0.0,0.15873015873015872,0.0,0.0,0.0,0.9607583774250441,0.3950617283950617,0.0,0.4444444444444444,0.0,0.16666666666666666,0.0,1.1964285714285714,0.20833333333333331,0.0,0.0,0.5555555555555556,1.755050505050505,0.0,0.0,0.0,0.0,0.20833333333333331,0.0,0.0,0.2564102564102564,0.0,1.2366029032695698,0.0,0.7222222222222222,1.282051282051282,0.0,0.0,0.0,0.0,0.0,0.0,0.0,0.831067081067081,0.455026455026455,0.0,0.0,2.420634920634921,0.0,0.0,0.0,0.0,0.8793058793058792,0.0,0.0,0.0,0.1282051282051282,0.0,0.0,0.0,2.388888888888889,0.8333333333333333,0.0,0.0,0.0,0.0,0.0,0.0,0.0,0.0,0.0,0.0,0.0,0.0,0.0,0.0,0.0,0.0,0.0,0.0,0.0,0.0,0.0,0.0,0.0,0.0,0.0,0.7407407407407407,0.0,0.0,0.0,1.8055555555555554
0.0,0.0,0.0,0.0,0.0,5.0,0.0,0.0,0.0,0.0,0.0,0.0,0.0,0.0,0.0,0.0,0.0,0.0,0.0,0.0,0.0,0.0,0.0,0.0,0.0,0.0,0.0,0.0,0.0,0.0,0.0,0.0,0.0,0.0,0.0,0.0,0.0,0.0,0.0,0.0,0.0,0.0,0.0,0.0,0.0,0.0,0.0,0.0,0.0,0.0,0.0,0.0,0.0,0.0,0.0,0.0,0.0,0.0,0.0,0.0,0.0,0.0,0.0,0.0,0.0,0.0,0.0,0.0,0.0,0.0,0.0,0.0,0.0,0.0,0.0,0.0,0.0,0.0,0.0,0.0,0.0,0.0,0.0,0.0,0.0,0.0,0.0,0.0,0.0,0.0,0.0,0.0,0.0,0.0,0.0,0.0,0.0,0.0,0.0,0.0,0.0,0.0,0.0,0.0,0.0,0.0,0.0,0.0,0.0,0.0,0.0,0.0,0.0,0.0,0.0,0.0,0.0,0.0,0.0,0.0,0.0,0.0,0.0,0.0,0.0,0.0,0.0,0.0,0.0,0.0,0.0,0.0,0.0,0.0,0.0,0.0,0.0,0.0,0.0,0.0,0.0,0.0,0.0,0.0,0.0,0.0,0.0,0.0,0.0,0.0,0.0,0.0,0.0,0.0,0.0,0.0,0.0,0.0,0.0,0.0,0.0,0.0,0.0,0.0,0.0,0.0,0.0,0.0,0.0,0.0,0.0,0.0,0.0,0.0,0.0,0.0,0.0,0.0,0.0,0.0,0.0,0.0,0.0,0.0,0.0,0.0,0.0,0.0,0.0,0.0,0.0,0.0,0.0,0.0,0.0,0.0,0.0,0.0,0.0,0.0,0.0,0.0,0.0,0.0,0.0,0.0,0.0,0.0,0.0,0.0,0.0,0.0,0.0,0.0,0.0,0.0,0.0,0.0,0.0,0.0,0.0,0.0,0.0,0.0,0.0,0.0,0.0,0.0,0.0,0.0,0.0,0.0,0.0,0.0,0.0,0.0,0.0,0.0,0.0,0.0,0.0,0.0,0.0,0.0,0.0,0.0,0.0,0.0,0.0,0.0
19.74074074074074,11.38888888888889,3.1666666666666665,16.984126984126984,6.777777777777777,15.388888888888888,6.666666666666666,0.5555555555555556,0.8333333333333333,5.555555555555555,11.875,0.0,3.333333333333333,1.6666666666666667,0.0,0.0,0.0,0.0,0.0,0.0,2.5925925925925926,1.1111111111111112,1.25,0.753968253968254,0.8333333333333334,0.0,0.0,0.0,0.0,0.3333333333333333,0.0,0.2777777777777778,0.0,0.0,0.41666666666666663,2.333333333333333,0.0,1.6666666666666667,0.0,0.0,1.4583333333333333,0.0,0.0,0.0,0.0,0.0,3.333333333333333,0.0,0.0,0.0,0.0,0.0,0.0,1.6666666666666665,0.0,0.0,1.6666666666666667,0.0,0.8333333333333333,0.0,0.0,0.0,0.0,0.0,0.0,0.0,0.0,0.0,0.0,0.0,0.0,0.0,0.0,0.0,0.0,0.0,0.0,0.0,0.0,0.0,0.31746031746031744,0.0,0.0,0.8333333333333333,0.0,0.0,0.0,0.0,0.0,1.0,0.0,0.0,0.0,0.0,0.0,0.0,0.0,0.0,0.0,0.0,0.0,0.0,0.0,0.0,0.0,0.0,0.0,0.0,0.0,0.0,0.0,0.0,0.0,0.0,0.0,0.0,0.0,0.0,0.0,0.0,0.0,0.0,0.0,0.0,0.0,0.0,0.0,0.0,0.0,0.0,0.0,0.0,2.1666666666666665,0.0,0.0,0.0,0.0,0.0,0.0,0.0,0.0,0.0,0.0,0.0,0.0,0.0,0.0,0.0,0.0,0.0,0.0,0.0,0.0,0.0,0.0,0.0,0.8333333333333333,0.0,0.0,0.0,0.0,0.0,0.0,0.0,0.0,0.0,0.0,0.0,0.0,0.0,0.0,0.0,0.0,0.0,0.0,0.0,0.0,0.0,0.0,0.0,0.0,0.0,0.0,0.0,0.0,0.0,0.0,0.0,0.0,0.0,0.0,0.0,0.0,0.0,0.0,0.0,0.0,0.0,0.0,0.0,0.0,0.0,0.0,0.0,0.0,0.0,0.0,0.0,0.0,0.0,0.0,0.0,0.0,0.0,0.0,0.0,0.0,0.0,0.0,0.0,0.0,0.0,0.0,0.0,0.0,0.0,0.0,0.5555555555555556,0.0,0.0,0.0,0.0,0.0,0.0,0.0,0.0,0.0,0.0,0.0,0.0,0.0,0.0,0.0,0.0,0.0,0.0,0.0,0.0,0.0,0.0
64.37202380952381,130.0376984126984,54.89335317460317,161.96924603174602,146.2470238095238,92.84821428571428,67.8204365079365,106.35472739820565,41.35218253968254,28.52678571428571,146.73710317460316,81.45535714285714,20.577380952380953,25.208333333333332,102.83234126984127,71.59389589169001,66.26758658008657,3.395833333333333,30.305555555555554,46.29001322751323,26.28472222222222,51.710317460317455,74.1001984126984,26.0515873015873,40.767526455026456,34.25595238095238,1.6666666666666665,0.41666666666666663,19.63425925925926,8.833333333333332,45.127916065416066,22.765873015873016,28.8125,16.664682539682538,15.134920634920634,4.382936507936508,31.71527777777778,23.88095238095238,35.779761904761905,29.6416847041847,46.70932539682539,1.7291666666666665,20.390873015873016,40.77095358345358,1.1944444444444444,10.796296296296296,9.113095238095237,0.2777777777777778,20.311868686868685,8.916666666666666,0.0,3.722222222222222,53.00694444444444,1.0912698412698414,2.2817460317460316,13.097222222222221,4.652777777777778,6.166666666666666,0.8333333333333333,4.027777777777778,0.375,2.9166666666666665,13.198021885521886,14.301316738816737,8.402777777777777,0.0,0.41666666666666663,7.4940476190476195,6.786706349206349,0.0,13.57638888888889,11.833333333333332,2.388888888888889,0.0,0.0,0.0,0.0,3.5615079365079363,1.8333333333333333,6.736111111111111,4.548611111111111,6.230158730158729,3.4722222222222223,0.5,52.79924242424242,0.8333333333333333,3.073412698412698,18.300925925925924,8.313492063492063,1.597222222222222,15.006944444444445,9.25925925925926,9.009920634920634,4.583333333333333,8.376984126984127,0.0,1.3690476190476188,1.0416666666666665,0.0,1.472222222222222,3.1666666666666665,9.196428571428571,4.361111111111111,7.708333333333333,3.7605820105820102,2.6527777777777777,0.0,0.8541666666666667,0.0,0.20833333333333331,1.1111111111111112,0.2777777777777778,2.2718253968253967,0.0,0.0,0.0,6.104166666666667,0.0,0.0,0.0,0.0,0.0,0.0,4.819444444444444,4.35515873015873,4.8938492063492065,10.526318860877684,4.381944444444445,0.39682539682539686,1.2454710144927537,13.819444444444443,4.5625,0.0,2.013888888888889,0.0,0.0,0.20833333333333331,0.0,8.878968253968253,0.0,6.75,0.0,2.888888888888889,0.2777777777777778,0.861111111111111,0.1388888888888889,7.805555555555555,0.0,0.3571428571428571,0.0,0.0,0.4166666666666667,0.0,3.8402777777777777,9.715277777777779,0.47619047619047616,0.8333333333333333,0.2777777777777778,4.373045935545935,0.8333333333333333,0.0,0.0,0.0,0.0,20.0891106442577,0.0,2.013888888888889,0.0,0.625,1.3888888888888888,0.0,0.0,0.20833333333333331,0.5555555555555556,0.0,0.0,0.8492063492063492,0.0,0.3125,0.0,2.833333333333333,1.2731481481481481,0.6365740740740741,0.0,0.0,1.3888888888888888,1.6666666666666665,1.1111111111111112,0.0,0.625,0.0,0.0,0.0,0.0,0.0,0.0,0.0,1.4583333333333333,0.0,1.2916666666666665,0.625,0.0,0.47619047619047616,5.722222222222222,1.4484126984126984,0.0,0.034722222222222224,0.9270833333333333,0.0,0.0,0.0,0.0,0.0,2.583333333333333,0.0,0.0,1.7424242424242422,0.11904761904761904,0.0,0.2013888888888889,0.0,0.0,0.3333333333333333,0.0,0.09259259259259259,0.0,0.0,6.0,0.0,0.0,0.0,0.0,0.0,0.0,0.0,0.0,0.0,0.0,0.8958333333333333,0.2777777777777778,0.0,0.0,0.0,0.06944444444444445,0.0,0.0,0.0,0.0,0.0,0.0
16.24074074074074,0.8888888888888888,5.361111111111111,4.944444444444444,1.1111111111111112,24.25925925925926,3.518518518518518,0.6944444444444444,6.203703703703703,3.333333333333333,0.8796296296296295,0.0,5.333333333333333,1.5,0.6666666666666666,1.1728395061728394,4.4907407407407405,1.6666666666666667,0.0,4.555555555555555,3.055555555555556,3.224867724867725,4.0,0.0,1.6666666666666665,1.8055555555555556,0.0,1.1111111111111112,6.833333333333333,0.0,0.8333333333333334,1.4814814814814814,6.041446208112875,0.8333333333333334,0.0,1.2962962962962963,1.4087301587301586,1.1111111111111112,0.0,3.7037037037037037,2.0833333333333335,0.18518518518518517,0.0,0.0,0.0,5.277777777777778,10.972222222222221,0.0,0.0,1.25,0.0,0.0,0.0,0.0,0.0,3.333333333333333,1.777777777777778,6.527777777777778,0.0,0.0,6.0,0.0,0.0,0.0,0.0,0.0,2.0,0.0,0.0,1.1111111111111112,3.333333333333333,0.0,0.0,0.0,0.0,0.6666666666666666,0.0,0.0,0.0,0.0,0.0,0.0,0.0,0.0,0.0,0.0,0.0,0.0,0.37037037037037035,0.0,0.0,0.0,0.0,1.6666666666666667,0.0,0.0,0.0,0.0,0.0,0.2777777777777778,0.0,0.0,0.0,0.0,0.0,0.0,0.0,0.0,0.0,0.0,0.0,0.0,0.0,0.0,0.0,0.0,0.0,0.0,0.0,0.0,0.0,0.0,0.0,0.0,0.0,0.0,1.1111111111111112,0.0,0.0,0.0,0.0,0.9391534391534391,0.0,0.0,0.0,0.0,0.6666666666666666,0.0,0.0,0.0,0.0,0.0,0.0,0.0,0.0,0.0,0.0,0.0,0.0,0.0,0.1388888888888889,0.0,0.0,0.0,1.3888888888888888,0.0,0.0,0.0,0.0,0.0,0.6666666666666666,0.0,0.0,0.0,0.0,0.0,0.0,0.0,0.0,0.0,0.0,0.0,0.0,0.0,0.0,0.0,0.1388888888888889,0.0,0.0,0.0,0.0,2.2222222222222223,1.1111111111111112,0.0,0.0,0.0,0.0,0.0,0.0,0.0,0.0,0.0,0.0,0.0,0.0,0.0,0.0,0.0,0.0,0.0,0.0,0.0,0.0,0.0,0.0,0.0,0.0,0.0,0.0,0.0,0.0,0.0,0.0,0.0,0.0,0.0,0.0,0.0,0.0,0.0,0.0,0.0,0.0,0.0,0.0,0.0,0.0,0.0,0.0,0.0,0.0,0.0,0.0,0.0,0.0,0.0,0.0,0.0,0.0,0.0,0.0,0.0,0.0,0.0,0.0,0.0,0.0,0.0,0.0,0.0
228.2307158890492,105.93518518518518,67.78244348244348,77.54477513227513,230.94098961353862,133.4366321949655,49.113144263144264,184.99445646945648,47.96731000481,111.11933621933622,69.26835818502485,20.77752525252525,65.43298059964727,31.50436507936508,14.355555555555554,67.80664983164984,54.64674322590989,11.091666666666665,25.15108225108225,24.136363636363637,54.641923816923814,43.51081248997915,42.07665343915344,70.65085377585378,15.448075998075998,35.63619929453263,53.44657157157157,8.452380952380953,61.425925925925924,8.541666666666666,21.71031746031746,9.480158730158731,102.14510582010581,16.230820105820108,41.49126984126984,44.698412698412696,49.07104978354978,29.8885582010582,19.067901234567902,16.94179894179894,48.194047619047616,95.7082067288589,2.484126984126984,3.975044091710758,10.865079365079366,8.42169312169312,54.07142857142857,3.75,10.626984126984127,31.97888146475103,12.090490527990529,0.3333333333333333,5.029629629629629,12.700793650793651,2.8095238095238093,12.6,3.388888888888889,18.961060236060234,0.0,0.7814814814814814,10.543650793650794,2.8055555555555554,17.027513227513225,11.674963924963924,8.420370370370371,0.41666666666666663,4.318518518518519,14.443602693602694,6.086772486772487,14.005291005291005,7.884920634920634,11.137301587301588,10.223931623931623,0.41666666666666663,6.111111111111111,4.5,0.0,5.7555555555555555,11.526190476190475,12.25705467372134,1.9444444444444444,4.111111111111111,7.390608465608465,0.2777777777777778,0.4111111111111111,1.488095238095238,0.0,9.724074074074075,35.48517316017316,18.244179894179894,0.2777777777777778,8.287301587301588,1.4186507936507937,3.6666666666666665,21.603439153439155,0.0,2.7185185185185183,1.9444444444444444,2.083333333333333,1.0222222222222221,24.93148148148148,5.279365079365079,12.606613756613756,24.924603174603174,0.3333333333333333,0.20833333333333331,0.6939066167007344,1.2222222222222223,10.408599250511015,0.4444444444444444,2.6515151515151514,0.0,0.625,0.0,0.0,0.6939066167007344,0.4444444444444445,0.6939066167007344,0.6939066167007344,6.9390661670073435,0.6939066167007344,0.6939066167007344,0.0,2.5714285714285716,1.678747795414462,3.0666666666666664,24.885930735930735,6.666666666666666,18.50185185185185,1.9841269841269842,3.3166666666666664,13.732804232804233,0.0,1.2841269841269842,0.8333333333333333,0.0,0.9444444444444444,0.0,0.7894179894179894,1.0,3.763888888888889,0.0,1.7777777777777777,0.6666666666666666,1.1111111111111112,0.0,0.5555555555555556,0.0,1.3968253968253967,1.1111111111111112,6.273504273504273,5.553439153439154,1.6666666666666665,0.0,1.875,0.0,1.9444444444444444,0.4444444444444444,4.425925925925926,1.5626262626262626,0.6666666666666666,0.7222222222222222,0.0,0.0,9.470514670514671,0.0,0.0,0.22222222222222224,1.812169312169312,0.0,0.0,10.41904761904762,0.22222222222222224,1.0757575757575757,0.0,3.333333333333333,0.8333333333333333,0.0,0.0,0.0,0.0,0.0,0.0,0.0,0.0,1.8333333333333335,0.0,0.0,0.0,0.0,0.0,0.0,0.09259259259259259,2.033333333333333,0.22222222222222224,7.3228715728715725,0.0,0.9722222222222222,0.0,0.10416666666666666,0.0,0.0,0.0,0.638888888888889,3.333333333333333,0.0,0.0,1.6666666666666665,0.0,0.0,5.666666666666666,0.0,0.0,0.20833333333333331,0.0,0.0,0.6296296296296297,0.2777777777777778,0.05291005291005291,0.0,0.0,0.0,0.7070707070707071,0.3864734299516908,0.0,0.0,0.0,0.0,0.0,0.0,0.0,5.361111111111111,0.0,1.6666666666666665,0.0,1.6666666666666665,0.0,0.0,0.0,0.0,0.0,0.0,0.0,0.0,0.0,3.611111111111111,1.5,0.0,1.7037037037037037,1.75
2291.773272146956,398.7910654160654,514.5211889961889,540.7568811549074,1178.8283479783222,767.6812940146273,267.23209794767763,459.88789142955807,257.13561854811854,208.01866436033103,428.061264352931,65.51916786916787,415.2495390412057,295.31124338624335,108.89406796906796,259.05708900600206,251.026707436181,88.50857383357383,181.23329008548305,128.74733044733046,275.6232458087721,315.8477039935373,427.82629268879265,228.40890652557317,142.87960557960557,163.02205997169764,62.42895968553863,122.00728438228438,485.856746031746,12.513888888888888,61.28502886002886,82.72272936403371,270.590279956222,40.97156084656085,155.1471741221741,111.6056758056758,362.8876003685977,102.25760582010582,55.17345679012345,167.01349206349207,278.8511423761424,317.89464991530207,14.652777777777777,36.07580166746833,53.16269841269841,26.014365881032546,303.4813211479878,5.347222222222221,21.369047619047617,154.08962720049675,50.17669714544714,16.686507936507937,11.40462962962963,19.807359307359306,5.842592592592593,61.04179894179894,50.9563492063492,190.9328692100622,0.0,44.087037037037035,18.71031746031746,12.194444444444445,94.59466938290467,36.39515792849126,18.405218855218855,0.23809523809523808,0.6095238095238095,333.7795815295815,79.26979316979316,9.69973544973545,37.396031746031746,26.459391534391536,35.20978835978836,0.23809523809523808,0.0,19.857142857142858,0.9523809523809523,53.90171957671957,10.137301587301586,30.90640532307199,3.3888888888888884,31.658730158730158,32.408465608465605,0.2777777777777778,4.3,13.549603174603174,0.8333333333333333,41.56778591778592,85.75430358691229,53.83139823139823,15.259920634920634,120.29139009139008,6.79491341991342,37.15079365079365,68.48699294532628,0.0,7.155026455026455,0.8333333333333333,1.9999999999999998,13.577777777777778,50.337566137566135,49.46322751322751,119.43645667198298,32.91137566137566,8.36111111111111,3.70548433048433,0.18781565656565657,1.2444444444444445,2.8172348484848486,11.171774132300447,2.5820707070707067,8.825396825396826,3.958333333333333,9.202020202020202,0.7407407407407407,0.18781565656565657,9.277777777777777,0.18781565656565657,0.18781565656565657,1.8781565656565657,0.18781565656565657,0.18781565656565657,0.0,9.594831094831095,10.936977086252448,35.45026455026455,83.29676527176527,11.75925925925926,53.233333333333334,8.169261294261293,3.6487373737373736,29.45790937457604,0.0,1.7538239538239537,2.5,0.0,1.3444444444444443,0.0,2.1783068783068784,3.944444444444444,13.918650793650793,0.0,9.555555555555555,0.6666666666666666,15.388888888888888,0.3333333333333333,10.694444444444445,13.952991452991451,6.202380952380952,1.9444444444444444,32.60683760683761,19.01904761904762,7.738095238095237,0.0,19.82142857142857,0.3333333333333333,1.0606060606060606,2.450617283950617,37.2962962962963,16.662938912938912,0.11111111111111112,1.472222222222222,7.238095238095237,0.0,88.75085778419111,1.9999999999999998,0.0,0.22222222222222224,2.46031746031746,9.305555555555554,0.0,9.974603174603175,0.0,0.24242424242424243,0.0,7.888888888888889,2.424843674843675,0.0,5.0,0.0,1.6388888888888888,1.6666666666666667,0.8333333333333334,0.0,0.0,3.071428571428571,0.992063492063492,1.6666666666666665,0.7638888888888888,0.0,0.0,4.166666666666666,0.09259259259259259,28.2734126984127,0.22222222222222224,6.01984126984127,0.0,1.3055555555555556,0.0,0.6027421652421652,0.8333333333333333,0.0,1.7777777777777777,4.7023809523809526,8.533816425120772,19.444444444444443,0.0,9.723884140550807,0.0,0.0,3.2592592592592595,0.0,0.0,1.2054843304843303,0.0,0.0,2.574074074074074,3.583333333333333,0.5687830687830688,4.333333333333333,0.0,0.0,1.6666666666666667,3.719806763285024,0.0,0.0,0.0,5.249999999999999,0.0,0.0,0.0,5.929292929292929,0.3333333333333333,0.0,0.3333333333333333,6.62037037037037,0.0,4.611111111111111,0.47619047619047616,0.0,0.0,0.0,1.1111111111111112,0.0,0.0,13.666666666666666,1.4761904761904763,0.0,21.703703703703702,7.189153439153439
21.58068783068783,47.01587301587301,0.5555555555555556,25.416666666666664,6.055555555555555,6.944444444444445,5.972222222222222,0.41666666666666663,0.75,5.138888888888888,3.0555555555555554,1.25,1.5238095238095237,2.2222222222222223,5.3769841269841265,2.2222222222222223,0.2777777777777778,0.23809523809523808,3.75,1.3888888888888888,12.222222222222221,0.0,1.25,0.0,0.0,0.0,2.4166666666666665,0.0,3.7301587301587302,5.972222222222221,1.6666666666666665,0.0,0.0,0.8333333333333333,0.0,0.0,1.3888888888888888,0.0,45.73015873015873,0.0,0.0,0.0,0.0,1.0833333333333333,2.380952380952381,0.0,0.0,0.0,2.083333333333333,0.5555555555555556,0.0,1.6666666666666665,0.0,6.555555555555555,0.3333333333333333,2.333333333333333,0.8333333333333334,2.388888888888889,2.619047619047619,0.0,0.0,0.0,0.0,0.0,0.0,0.0,0.0,0.0,0.0,0.0,0.0,0.0,0.0,0.0,0.18518518518518517,0.0,0.0,0.0,8.333333333333334,0.0,0.0,0.0,1.1111111111111112,0.0,5.666666666666667,0.0,11.904761904761905,0.0,0.0,0.8333333333333333,0.0,0.0,0.0,0.0,0.0,0.0,0.0,0.47619047619047616,0.0,7.722222222222222,0.0,0.0,0.0,0.0,0.0,0.0,0.0,0.0,0.0,0.0,0.8333333333333333,0.0,0.5555555555555556,0.0,0.0,0.0,0.0,0.0,0.0,0.0,0.0,0.0,0.0,0.0,0.41666666666666663,0.0,0.0,0.0,0.0,0.0,0.0,0.0,0.0,0.0,0.0,0.0,0.0,0.0,0.0,0.0,0.0,0.0,0.0,0.0,0.0,0.0,1.1111111111111112,0.0,0.0,0.0,0.0,0.0,0.0,0.0,0.0,0.0,0.0,0.0,0.0,0.0,0.0,0.0,0.5555555555555556,0.0,0.0,0.0,0.0,0.0,0.0,0.23809523809523808,0.0,0.41666666666666663,0.0,0.0,0.5185185185185185,0.0,0.0,0.0,0.0,0.0,0.0,0.0,0.0,0.0,0.0,4.444444444444445,0.0,0.0,0.0,0.0,0.0,1.6666666666666665,0.0,0.37037037037037035,0.2777777777777778,0.0,0.0,0.0,0.0,0.0,0.0,0.0,0.0,0.0,0.0,0.0,0.0,0.0,0.0,0.0,0.0,0.0,0.0,0.0,0.0,0.0,0.0,0.0,0.0,0.0,0.0,0.0,0.0,0.0,0.0,0.0,0.0,0.0,0.0,0.0,0.0,0.0,0.0,0.0,0.0,0.0,0.0,0.0,0.0,0.0,0.0,0.0,0.0,0.0,0.0,0.0,0.0,0.0,0.0,0.0
216.0568783068783,53.34722222222222,83.82407407407408,63.35846560846561,109.59325396825396,76.44907407407408,90.93518518518518,65.17129629629629,51.8125,7.537037037037036,19.14351851851852,40.50925925925926,19.90740740740741,4.111111111111111,43.8287037037037,13.574074074074074,40.55555555555555,10.444444444444443,17.88425925925926,23.458333333333332,19.930555555555554,26.712962962962962,18.39814814814815,26.157407407407405,16.96759259259259,5.185185185185185,38.02777777777777,12.777777777777777,40.26851851851852,23.888888888888886,2.7777777777777777,2.5,12.13425925925926,14.75925925925926,2.2222222222222223,24.48611111111111,14.259259259259258,5.451388888888888,8.444444444444443,4.166666666666666,10.833333333333334,1.0317460317460316,0.20833333333333331,2.1666666666666665,4.212962962962963,5.833333333333333,12.291666666666666,10.462962962962962,2.037037037037037,12.037037037037038,0.0,0.0,2.824074074074074,3.75,6.296296296296296,0.0,6.203703703703703,4.0740740740740735,5.0396825396825395,0.0,3.324074074074074,1.6666666666666667,0.0,2.2592592592592595,2.8703703703703702,0.6696428571428571,10.46626984126984,2.5,4.027777777777778,1.5277777777777777,9.546296296296296,0.5555555555555556,0.41666666666666663,0.6696428571428571,3.6111111111111107,27.212962962962962,3.75,0.0,0.46296296296296297,0.37037037037037035,0.6944444444444444,0.0,0.8333333333333334,0.8333333333333333,4.111111111111111,7.486111111111111,0.41666666666666663,1.9444444444444446,3.8888888888888893,4.444444444444445,0.0,2.1666666666666665,7.018518518518519,2.314814814814815,0.0,0.37037037037037035,0.0,0.2777777777777778,0.7638888888888888,0.625,0.0,8.055555555555555,0.0,1.6203703703703702,0.5555555555555556,0.6666666666666667,0.41666666666666663,2.7777777777777777,0.0,0.37037037037037035,0.0,0.0,0.5555555555555556,1.9444444444444446,0.0,0.0,2.083333333333333,0.0,0.0,0.0,0.0,0.0,0.0,0.0,0.0,0.0,0.0,0.0,1.1111111111111112,0.0,0.0,0.5555555555555556,0.2777777777777778,1.6111111111111112,0.0,0.0,1.6666666666666667,0.5555555555555556,0.5555555555555556,0.4444444444444445,0.0,0.0,1.1111111111111112,0.0,0.0,3.7222222222222223,0.7222222222222223,0.0,0.0,0.0,0.0,1.2962962962962963,0.0,0.0,0.0,0.41666666666666663,0.0,0.0,0.0,1.6898148148148149,0.0,0.0,0.6481481481481481,0.0,2.5925925925925926,0.0,0.0,0.0,0.0,0.37037037037037035,0.0,0.0,0.0,0.0,1.9444444444444446,0.0,0.0,2.3611111111111107,0.0,0.0,0.2777777777777778,1.4814814814814814,0.7407407407407407,0.8968253968253967,3.587301587301587,0.0,1.6666666666666665,0.5555555555555556,0.0,0.0,0.0,0.41666666666666663,0.0,0.0,0.0,0.0,0.0,0.0,0.0,0.0,0.0,0.0,0.41666666666666663,0.0,5.0,0.0,0.0,0.6481481481481481,1.0119047619047619,0.0,0.0,0.22222222222222224,0.0,0.0,5.486111111111112,0.0,0.0,0.0,0.0,0.0,3.333333333333333,0.0,0.0,0.0,0.0,0.0,0.0,0.0,0.0,50.09259259259259,0.0,0.7407407407407407,0.0,0.0,0.0,0.0,0.8333333333333334,0.0,0.0,0.0,0.0,5.638888888888888,0.0,0.0,0.0,0.0,0.0,0.0,0.5555555555555556,0.0
3.333333333333333,19.837962962962962,0.0,6.666666666666666,8.518518518518517,1.5,20.833333333333332,7.666666666666666,0.37037037037037035,0.7407407407407407,0.0,0.18518518518518517,0.0,2.0,0.8333333333333333,1.6666666666666665,0.0,0.0,0.0,0.0,7.777777777777777,2.2222222222222223,0.0,0.0,0.0,0.0,0.0,0.0,0.625,0.0,0.0,0.0,0.0,0.0,0.0,0.0,0.0,0.0,0.0,0.0,0.0,3.5185185185185186,0.0,0.0,0.0,0.0,0.0,0.0,0.0,0.0,0.0,0.0,0.0,0.0,3.333333333333333,0.0,0.37037037037037035,0.0,0.0,1.3333333333333333,0.0,0.0,0.0,0.0,0.0,0.0,0.0,0.0,0.0,0.0,0.0,0.0,0.0,0.0,0.0,0.0,0.0,0.0,0.0,0.0,0.0,0.0,0.0,0.0,0.0,0.0,0.0,0.0,0.0,0.0,0.0,0.0,0.0,1.6666666666666665,0.0,0.0,0.0,0.0,0.0,0.0,0.0,0.0,0.0,0.0,0.0,0.0,0.0,0.0,0.0,0.0,0.0,0.0,0.0,0.0,0.0,0.0,0.0,0.0,0.0,0.0,0.0,0.0,0.0,0.0,0.0,0.0,0.0,0.0,0.0,0.0,0.0,0.0,0.0,0.0,0.0,0.0,0.0,0.0,0.0,0.0,0.0,0.0,0.0,0.0,0.0,0.0,0.0,0.0,0.0,0.0,0.0,0.0,0.0,0.0,0.0,0.0,0.0,0.0,0.0,0.0,0.0,0.0,0.0,0.0,0.0,0.0,0.0,0.0,0.0,0.0,0.0,0.0,0.0,0.0,0.0,0.0,0.0,0.0,0.0,0.0,0.0,0.0,0.0,0.0,0.0,0.0,0.0,0.0,0.0,0.0,0.0,0.0,0.0,0.0,0.0,0.0,0.0,0.0,0.0,0.0,0.0,0.0,0.0,0.0,0.0,0.0,0.0,0.0,0.0,0.0,0.0,0.0,0.0,0.0,0.0,0.0,0.0,0.0,0.0,0.0,0.0,0.0,0.0,0.0,0.0,0.0,0.0,0.0,0.0,0.0,0.0,0.0,0.0,0.0,0.0,0.0,0.0,0.0,0.0,0.0,0.0,3.3333333333333335,0.0,0.0,0.0,0.0,0.0,0.0,0.0,0.0
777.8550976729271,317.97089947089944,427.1180856180856,558.5809283309283,391.69459475709476,283.2261904761905,361.64506172839504,407.1732804232804,367.276455026455,191.16774238833062,133.87389770723104,145.84722222222223,428.7275132275132,157.54960317460316,121.16137566137566,139.08730158730157,141.83289241622575,237.59030784030784,89.78395061728395,133.2962962962963,315.25,115.9074074074074,115.0489417989418,59.67989417989418,79.76146384479718,69.0071225071225,46.416666666666664,101.67063492063491,56.05555555555555,73.375,56.94047619047619,35.05555555555556,146.41798941798942,86.44444444444444,27.638888888888886,134.27513227513228,40.94047619047619,60.407407407407405,62.99999999999999,47.297619047619044,24.865079365079364,115.32899029982363,43.01322751322751,19.675925925925924,47.79100529100529,119.06349206349206,22.73989898989899,41.08465608465608,26.11111111111111,55.79797979797979,26.458333333333332,33.9537037037037,48.0462962962963,17.845679012345677,10.555555555555555,22.73148148148148,17.021885521885523,21.328042328042326,34.49470899470899,21.194444444444443,10.37037037037037,50.52777777777777,5.222222222222222,8.518518518518519,15.87037037037037,7.343253968253968,14.166666666666666,39.00925925925926,21.48148148148148,25.277777777777775,24.669312169312168,48.80489417989418,14.768518518518517,4.009920634920634,79.49088780871726,59.70974235104669,35.22222222222222,22.564814814814813,3.7777777777777777,25.27777777777778,7.619047619047619,4.5740740740740735,19.242424242424242,69.4861111111111,18.27777777777778,20.234126984126984,21.666666666666664,22.11111111111111,20.883597883597883,27.888888888888886,28.574074074074073,11.11111111111111,6.296296296296296,11.444444444444445,15.787037037037036,56.68253968253968,21.388888888888886,14.277777777777777,7.944444444444444,8.88888888888889,11.685185185185185,4.365079365079366,3.333333333333333,12.407407407407407,1.2647058823529411,5.7790312709422915,0.9879245605052057,20.694444444444443,14.818868407578085,19.11111111111111,66.16666666666667,1.6666666666666665,8.61111111111111,8.00925925925926,3.2777777777777777,0.9879245605052057,29.36111111111111,0.9879245605052057,0.9879245605052057,9.879245605052057,0.9879245605052057,0.9879245605052057,0.6349206349206349,8.333333333333334,3.6111111111111107,6.944444444444445,5.0,3.888888888888889,6.25,4.444444444444445,5.888888888888889,16.88888888888889,0.0,8.194444444444443,0.5555555555555556,4.0,4.444444444444445,0.22222222222222224,7.166666666666666,7.962962962962963,5.0,5.111111111111111,13.472222222222221,0.0,0.0,6.2976190476190474,19.642857142857142,7.222222222222221,2.7777777777777777,3.611111111111111,2.7777777777777777,2.9227053140096615,0.5555555555555556,5.666666666666666,11.296296296296296,0.0,10.972222222222221,0.0,9.003968253968253,25.36111111111111,10.833333333333332,13.944444444444445,2.7777777777777777,2.2222222222222223,1.6666666666666665,6.944444444444445,5.654761904761905,7.777777777777778,5.138888888888888,5.0,9.30952380952381,9.325396825396824,19.09259259259259,0.9343434343434343,4.722222222222222,29.583333333333332,5.0,2.333333333333333,0.5555555555555556,127.5735789265201,4.111111111111111,3.074074074074074,1.537037037037037,1.853174603174603,7.412698412698412,5.555555555555555,13.055555555555555,7.083333333333333,1.6666666666666667,2.5,1.3888888888888888,2.7777777777777777,5.444444444444445,0.0,14.825396825396824,1.1111111111111112,0.0,0.2777777777777778,0.5555555555555556,0.5555555555555556,16.654138581337772,0.0,1.6666666666666665,5.0,1.3888888888888888,0.37037037037037035,0.9252299211854318,5.416666666666666,1.1111111111111112,14.296296296296296,0.18518518518518517,1.6666666666666665,0.0,0.0,5.0,2.7777777777777777,0.41666666666666663,0.0,0.8333333333333333,3.333333333333333,1.3888888888888888,0.0,0.37037037037037035,98.66451152333505,6.759259259259259,20.09259259259259,0.0,0.0,2.7777777777777777,9.444444444444445,0.0,4.444444444444445,1.1111111111111112,1.1111111111111112,1.1111111111111112,2.2222222222222223,3.333333333333333,6.666666666666666,0.0,0.0,0.37037037037037035,8.0,0.41666666666666663,0.5555555555555556,0.5555555555555556,0.0,0.0,0.0,1.1111111111111112,0.8333333333333333
288.29563492063494,94.41239316239316,146.53069384319383,157.45640933140933,46.48412698412698,48.34854497354497,46.31481481481481,26.45943562610229,136.21924603174602,14.285714285714286,111.89682539682539,62.82539682539682,18.54320987654321,26.087301587301585,30.688492063492063,115.32407407407408,12.809523809523808,9.722222222222221,24.6765873015873,38.28703703703704,42.68452380952381,33.55555555555556,103.56117724867724,18.84259259259259,67.6382275132275,5.592592592592593,57.182539682539684,49.94444444444444,6.047008547008547,73.26587301587301,3.6071428571428568,6.122685185185185,4.4230769230769225,96.9047619047619,3.3333333333333335,4.0,4.027777777777778,9.984126984126984,2.7777777777777777,10.24074074074074,4.138888888888889,0.0,10.055555555555555,55.37169312169312,12.499999999999998,1.0,6.944444444444445,3.0952380952380953,1.6666666666666667,0.8333333333333334,0.0,0.16666666666666666,1.1111111111111112,53.99603174603175,0.1388888888888889,0.15873015873015872,8.342592592592592,0.0,9.555555555555555,0.0,0.24305555555555555,7.037037037037036,0.5555555555555556,30.19808201058201,1.9444444444444444,0.0,0.0,0.0,1.5555555555555556,0.0,0.5555555555555556,1.6666666666666665,1.0138888888888888,0.0,1.3888888888888888,1.1111111111111112,16.256613756613756,0.5555555555555556,0.0,0.0,6.666666666666666,1.6666666666666665,0.0,33.09722222222222,46.11111111111111,5.444444444444444,24.089743589743588,0.41666666666666663,2.0,0.0,0.8333333333333333,0.0,1.2152777777777777,1.726190476190476,0.8333333333333333,3.333333333333333,1.6666666666666665,57.466931216931215,1.2222222222222223,5.638888888888888,3.333333333333333,0.0,6.857142857142857,3.0555555555555554,1.9444444444444444,0.0,0.046296296296296294,1.9761904761904763,0.6944444444444444,5.333333333333333,0.37037037037037035,0.0,2.638888888888889,0.0,0.0,0.046296296296296294,0.0,0.046296296296296294,0.046296296296296294,0.4629629629629629,0.046296296296296294,0.046296296296296294,0.0,3.333333333333333,0.0,0.046296296296296294,0.0,0.41666666666666663,0.0,0.0,0.0,0.0,21.34424603174603,9.620039682539682,0.0,0.0,0.0,0.0,1.1111111111111112,2.111111111111111,0.0,0.0,0.45138888888888884,4.814814814814815,0.0,0.0,0.0,0.2777777777777778,0.20833333333333331,0.0,0.0,0.0,0.0,5.222222222222221,0.0,0.0,0.0,0.0,0.0,0.0,0.0,0.0,0.0,0.0,0.0,0.0,61.21230158730158,11.202380952380953,3.518518518518518,2.7777777777777777,0.0,0.0,0.0,0.0,6.796296296296296,0.0,1.6666666666666665,113.05952380952381,0.0,0.0,0.0,0.9523809523809523,0.47619047619047616,0.0,0.0,0.0,0.0,0.0,0.0,1.6666666666666665,0.0,0.0,0.0,6.666666666666666,0.0,0.0,0.0,0.0,0.0,0.0,0.0,0.0,0.0,0.0,0.0,0.0,0.0,0.0,0.0,0.0,0.0,0.0,0.0,0.0,1.6666666666666665,0.0,0.0,0.0,0.0,0.6666666666666666,0.0,0.0,0.0,0.0,0.3472222222222222,0.0,0.0,0.0,0.0,1.9444444444444444,0.0,0.0,0.0,0.0,0.0,0.0,0.0,0.0,0.0,1.1111111111111112,0.0,0.0,0.0,2.2222222222222223,0.0,0.0,0.0,0.0,0.0,0.0
128.40038480038478,22.02910052910053,38.76559644059644,27.77974987974988,88.15281385281385,29.0,22.22222222222222,53.23412698412698,13.333333333333334,1.7333333333333334,8.178835978835979,24.127777777777776,104.66587301587302,4.25,5.559523809523809,45.14285714285714,7.42063492063492,35.50396825396825,12.36111111111111,13.439153439153438,4.074074074074074,33.33982683982684,6.19047619047619,38.30714285714286,14.773593073593073,5.0476190476190474,10.972222222222221,0.0,1.2833333333333332,3.7781385281385282,18.563492063492063,9.714285714285714,10.674603174603174,4.666666666666667,31.054473304473305,0.0,1.1111111111111112,11.256349206349206,1.9841269841269842,24.042735042735043,0.6666666666666667,5.381766381766382,0.13333333333333333,8.75,16.4998556998557,0.6666666666666667,1.25,0.0,4.178787878787879,11.11111111111111,0.0,1.8518518518518519,11.25,2.106060606060606,2.7666666666666666,28.25925925925926,3.333333333333333,0.6666666666666666,2.0857142857142854,0.16666666666666666,0.0,0.0,1.369047619047619,0.47619047619047616,0.0,0.0,0.0,0.0,1.25,0.0,0.0,0.0,0.0,0.0,0.0,0.0,0.6666666666666666,1.6666666666666665,3.333333333333333,0.0,0.0,0.4273504273504274,0.0,0.95,1.5873015873015874,0.0,3.0555555555555554,0.0,0.0,0.0,0.0,0.0,0.0,1.2222222222222223,0.0,1.1111111111111112,0.0,5.416666666666666,0.0,0.0,0.0,1.3333333333333333,0.0,2.5,0.0,0.0,0.0,1.1111111111111112,0.0,0.41666666666666663,1.880952380952381,11.571428571428571,0.0,0.0,0.0,0.0,1.3888888888888888,0.0,0.0,0.0,0.0,0.0,0.0,0.0,1.7857142857142856,6.0,0.0,0.0,0.0,0.0,0.0,3.555555555555556,0.4444444444444445,0.5555555555555556,0.0,0.0,0.0,0.0,1.1706349206349205,0.0,0.0,0.0,0.0,0.8333333333333333,0.0,0.0,0.5555555555555556,0.0,0.0,0.5925925925925926,0.0,0.0,0.0,0.0,0.0,2.878787878787879,0.08333333333333333,0.33333333333333337,0.0,0.5555555555555556,0.0,0.0,0.0,0.0,0.0,0.0,0.0,0.0,0.0,0.5555555555555556,0.0,0.0,0.0,0.8333333333333333,0.0,0.0,1.7361111111111112,0.0,0.0,0.0,0.8333333333333333,0.0,0.0,0.0,0.0,0.0,0.0,0.0,0.0,0.0,0.0,0.0,0.0,0.0,0.0,0.0,0.0,0.0,0.0,0.0,0.0,0.0,0.0,0.5555555555555556,0.0,0.0,0.0,0.0,0.0,0.0,0.0,0.0,0.0,0.0,0.0,0.0,0.0,0.0,0.0,0.0,0.0,0.0,0.0,0.0,0.0,0.0,0.0,0.0,0.0,0.0,0.0,0.0,0.0,0.0,0.0,0.0,0.0,0.0,0.0,0.0,0.0,0.0,0.0,0.0,0.0,0.0,0.0,0.0,0.0,0.37037037037037035
170.06795634920633,69.72065203315204,59.90751262626262,41.78114478114478,55.12847222222222,25.09259259259259,24.13227513227513,18.00925925925926,69.31944444444444,14.291666666666666,51.19742063492063,41.432539682539684,22.302579365079364,16.13888888888889,37.26306563806563,47.64748677248677,28.157967032967033,11.84090909090909,10.701719576719576,40.72685185185185,9.216269841269842,19.563492063492063,17.19212962962963,13.378205128205128,7.0773809523809526,14.91041366041366,26.44212962962963,2.8449074074074074,15.601851851851851,18.636243386243386,14.990079365079364,4.642857142857142,0.0,21.28775853775854,2.083333333333333,2.8472222222222223,24.652777777777775,0.44612794612794615,3.2465277777777777,10.415343915343914,10.270833333333332,0.9722222222222222,0.5753968253968254,36.992495929995926,23.837301587301585,33.81944444444444,1.2857142857142856,0.8333333333333333,1.1944444444444444,5.317460317460317,0.0,3.833333333333333,0.0,5.972222222222221,0.32407407407407407,3.21875,4.166666666666666,0.2777777777777778,9.664983164983164,1.6666666666666667,0.0,10.632936507936508,0.5208333333333333,7.895884208384208,0.20833333333333331,0.6979166666666666,0.0,0.5555555555555556,0.22222222222222224,0.0,5.486111111111111,1.6666666666666665,0.3472222222222222,0.3645833333333333,1.6666666666666667,0.2777777777777778,0.30270655270655267,1.5912698412698412,0.8333333333333334,0.0,6.793981481481481,0.0,0.0,0.7638888888888888,19.71031746031746,1.3333333333333333,13.694444444444443,0.41666666666666663,0.888888888888889,0.41666666666666663,0.0,1.8055555555555554,2.9861111111111107,0.41666666666666663,0.8333333333333333,0.0,0.0,13.262265512265511,0.0,0.6944444444444444,0.41666666666666663,0.0,0.0,1.6666666666666665,3.3333333333333335,0.0,0.0,0.16666666666666666,0.0,5.0,0.787037037037037,0.08333333333333333,10.236726236726236,0.0,1.6666666666666665,0.0,1.9444444444444444,0.0,0.0,0.0,0.0,0.0,0.9722222222222221,1.9047619047619047,1.0714285714285714,0.0,1.1666666666666665,1.6666666666666665,0.0,0.0,0.0,0.2777777777777778,6.260416666666666,2.1686507936507935,0.20833333333333331,0.0,0.0,0.0,0.6944444444444444,0.5555555555555556,2.7777777777777777,0.0,0.0,0.10416666666666666,0.6666666666666666,0.8333333333333333,0.15151515151515152,1.75,1.2083333333333333,0.0,0.0,0.0,0.7142857142857142,5.138888888888888,0.5555555555555556,0.0,0.0,0.0,0.0,0.6666666666666666,0.8333333333333333,0.0,0.0,1.6666666666666665,0.0,0.0,10.31547619047619,0.4166666666666667,0.0,0.16666666666666666,0.0,0.0,0.0,0.41666666666666663,2.518518518518518,0.0,0.1388888888888889,23.86574074074074,0.0,0.0,0.0,1.1111111111111112,0.5555555555555556,0.0,0.0,0.0,3.333333333333333,0.0,0.0,0.0,0.20833333333333331,0.0,0.0,0.11904761904761904,0.0,0.0,0.41666666666666663,1.3333333333333333,0.8888888888888888,0.0,0.0,0.0,0.0,0.6944444444444444,0.41666666666666663,0.0,0.0,0.0,0.0,0.0,0.0,0.0,0.0,0.0,0.0,0.0,0.5555555555555556,0.6666666666666666,0.0,0.0,0.0,0.0,0.0,0.0,1.6666666666666665,0.0,0.0,0.0,0.0,0.5555555555555556,0.0,0.0,0.0,0.0,0.0,0.0,0.3333333333333333,0.0,0.0,0.0,0.0,0.0,0.0,0.0,0.0,0.0,0.0,0.0,0.0,2.7380952380952377
10.0,1.3888888888888888,1.1111111111111112,0.0,7.499999999999999,0.0,0.0,0.0,3.3333333333333335,1.6666666666666665,0.0,0.0,0.0,0.0,0.0,0.0,0.0,0.0,0.2777777777777778,0.0,0.0,0.0,2.5,0.0,0.0,0.0,0.0,0.0,0.0,0.0,0.0,0.0,0.0,0.0,0.0,0.0,0.0,0.0,0.0,0.0,1.1111111111111112,0.0,0.0,0.0,0.0,0.0,0.0,0.0,0.0,0.0,0.0,0.0,0.0,0.0,0.0,0.0,0.0,0.0,0.0,0.0,0.0,0.0,0.0,0.0,0.0,0.0,0.0,0.0,0.0,0.0,0.0,0.0,0.0,0.0,0.0,8.333333333333332,0.0,0.0,0.0,0.0,0.0,0.0,0.0,0.0,0.0,0.0,0.0,0.0,0.0,0.0,0.0,0.0,0.0,0.0,0.0,0.0,0.0,0.0,0.0,0.0,0.0,0.0,0.0,0.0,0.0,0.0,0.0,0.0,0.0,0.0,0.0,0.0,0.0,0.0,0.0,0.0,0.0,0.0,0.0,0.0,0.0,0.0,3.333333333333333,0.0,0.0,0.0,0.0,0.0,0.0,0.0,0.0,0.0,0.0,0.0,0.0,0.0,0.0,0.0,0.0,0.0,0.0,0.0,0.0,0.0,0.0,0.0,0.0,0.0,0.0,0.0,0.0,0.0,0.0,0.0,0.0,0.0,0.0,0.0,0.0,0.0,0.0,0.0,0.0,0.0,0.0,0.0,0.0,0.0,0.0,0.0,0.0,0.0,0.0,0.0,0.0,0.0,0.0,0.0,0.0,0.0,0.0,0.0,0.0,0.0,0.0,0.0,0.0,0.0,0.0,0.0,0.0,0.0,0.0,0.0,0.0,0.0,0.0,0.0,0.0,0.0,0.0,0.0,0.0,0.0,0.0,0.0,0.0,0.0,0.0,0.0,0.0,0.0,0.0,0.0,0.0,0.0,0.0,0.0,0.0,0.0,0.0,0.0,0.0,0.0,0.0,0.0,0.0,0.0,0.0,0.0,0.0,0.0,0.0,0.0,0.0,0.0,0.0,0.0,0.0,0.0,0.0,0.0,0.0,0.0,0.0,0.0,0.0,0.0,0.0,0.0
6.5740740740740735,3.333333333333333,0.0,0.0,0.0,3.333333333333333,0.0,11.365539452495973,1.6666666666666667,0.0,1.6666666666666665,0.0,0.0,0.0,0.0,0.0,0.0,3.4722222222222223,0.0,0.0,0.0,0.0,0.0,0.0,0.0,0.0,0.0,0.0,0.0,0.0,0.0,0.0,0.0,0.0,0.0,0.0,0.0,0.0,0.0,0.0,0.0,0.0,0.0,0.0,0.0,0.0,0.0,0.0,0.0,0.0,0.0,0.0,0.0,0.0,0.0,0.0,0.0,0.0,0.0,0.0,0.0,0.0,0.0,0.0,0.0,0.0,0.41666666666666663,0.0,0.0,0.0,0.0,0.0,0.0,0.0,3.333333333333333,0.0,0.0,0.0,0.0,0.0,0.0,0.0,0.0,0.0,0.0,0.3333333333333333,0.0,0.0,0.0,0.0,0.0,0.0,0.0,0.0,0.0,0.0,0.0,0.0,0.0,0.0,0.0,0.0,0.0,0.0,0.0,0.0,0.0,0.0,0.0,0.0,0.0,0.0,0.0,0.0,0.0,0.0,0.0,0.0,0.0,0.0,0.0,0.0,0.0,0.0,0.0,0.0,0.0,0.0,0.0,1.4492753623188406,0.0,0.0,0.0,0.0,1.6666666666666665,0.625,0.0,0.0,0.0,0.0,0.0,0.0,0.0,0.0,0.0,0.0,0.0,0.0,0.0,0.0,0.0,0.0,1.3888888888888888,0.0,0.0,0.0,0.0,0.0,0.0,0.0,0.0,0.0,0.0,0.0,0.0,0.0,0.0,0.0,0.0,0.0,0.0,0.0,0.0,0.0,0.0,0.0,0.0,0.0,0.0,0.0,0.0,0.0,0.0,0.0,0.0,0.0,0.0,0.0,0.0,0.0,0.0,0.0,1.6666666666666665,0.0,0.0,0.0,0.0,0.0,0.0,0.0,0.0,0.0,0.0,0.0,0.0,0.0,0.0,0.0,0.0,0.0,0.0,0.0,0.0,0.0,0.0,0.0,0.0,0.0,0.0,0.0,0.0,1.0416666666666665,0.0,0.0,0.0,0.0,0.0,0.0,0.0,0.0,0.0,0.0,0.0,0.0,0.0,0.0,0.0,0.0,0.0,0.0,0.0,0.0,0.0,0.0,0.0,0.0,0.0,0.0,0.0,0.0
11.75925925925926,0.37037037037037035,0.0,0.0,0.0,0.0,1.25,5.032206119162641,1.6666666666666667,0.0,0.0,0.0,0.0,0.0,0.0,0.0,0.0,1.8055555555555556,0.0,0.0,0.0,0.0,0.0,0.0,0.0,0.20833333333333331,0.0,0.0,0.0,0.0,0.2777777777777778,0.0,0.0,0.0,0.0,0.0,0.0,0.0,0.0,0.0,0.0,0.0,0.0,0.0,0.0,0.0,0.0,0.0,0.0,0.0,0.0,0.0,0.0,0.0,0.0,0.0,0.41666666666666663,0.0,0.0,0.20833333333333331,0.0,0.0,0.0,0.0,0.0,0.0,0.0,0.0,0.0,0.0,1.6666666666666665,0.0,1.25,0.0,0.0,0.0,0.0,0.0,0.0,0.0,0.0,0.0,0.0,0.0,0.0,0.0,0.0,0.0,0.0,0.0,0.0,0.0,0.0,0.0,0.0,0.0,0.0,0.0,0.0,0.0,0.0,0.0,0.0,0.0,0.0,0.0,0.0,0.0,0.0,0.0,0.0,1.3888888888888888,0.0,0.0,0.0,0.0,0.0,0.0,0.0,0.0,0.0,0.0,0.0,0.0,0.0,0.0,0.0,0.0,0.0,1.4492753623188406,0.0,0.0,0.0,0.0,0.0,0.0,0.0,0.0,0.0,0.0,0.0,0.0,0.0,0.0,0.0,0.0,0.0,0.0,0.0,0.0,0.0,0.0,0.1388888888888889,0.0,0.0,0.0,0.0,0.0,0.0,0.0,0.0,0.0,0.0,0.0,0.0,0.0,0.0,0.0,0.0,0.0,0.0,0.0,0.0,0.0,0.0,0.0,0.0,0.0,0.0,0.0,0.0,0.0,0.0,0.0,0.0,0.0,0.0,0.0,0.0,0.0,0.0,0.0,0.0,0.0,0.0,0.0,0.0,0.0,0.0,0.0,0.0,0.0,0.0,0.0,0.0,0.0,0.0,0.0,0.0,0.0,0.0,0.0,0.0,0.0,0.0,0.0,0.0,0.0,0.0,0.0,0.0,0.0,0.0,0.0,0.0,0.0,0.0,0.0,0.0,0.0,0.0,0.0,0.0,0.0,0.0,0.0,0.0,0.0,0.0,0.0,0.0,0.0,0.0,0.0,0.0,0.0,0.0,0.0,0.0,0.0
22.34678130511464,11.119227994227995,1.6666666666666665,3.9691358024691357,1.4583333333333333,1.6666666666666665,2.666666666666667,1.0416666666666665,1.2962962962962963,1.1111111111111112,0.0,0.0,1.1111111111111112,0.0,1.4102564102564101,1.8253968253968254,0.1282051282051282,16.169532627865962,0.6527777777777778,1.9610636277302942,0.0,2.069023569023569,0.0,0.5555555555555556,1.234567901234568,0.0,0.0,1.0617283950617284,0.0,0.0,0.06944444444444445,0.1282051282051282,0.0,0.0,0.0,0.0,0.0,0.0,0.32323232323232326,0.0,0.0,0.0,0.0,0.0,0.0,0.0,0.37037037037037035,0.0,1.2481962481962483,1.3194444444444444,0.0,0.0,0.0,1.7901234567901234,0.0,0.0,0.0,0.0,2.7777777777777777,0.0,0.0,0.0,0.0,0.0,0.0,0.6666666666666667,0.0,0.0,0.0,1.4957264957264957,0.0,0.0,0.0,0.0,0.0,0.3254769921436588,1.6666666666666667,0.0,0.0,0.7936507936507936,0.0,0.0,0.0,0.0,0.0,0.0,0.0,0.37037037037037035,0.0,0.0,0.0,0.0,0.0,0.0,0.0,0.0,1.9444444444444444,0.0,0.0,0.0,0.0,0.0,0.0,0.0,0.0,0.625,0.0,0.0,0.0,0.0,0.0,0.0,0.0,0.0,0.0,0.0,0.0,0.0,0.0,0.0,0.0,0.0,0.06944444444444445,0.0,0.0,0.0,0.0,0.0,0.0,0.0,0.0,0.0,0.0,0.0,0.0,0.7407407407407407,0.0,0.0,0.0,0.0,0.0,0.0,0.0,0.0,0.0,0.0,0.0,0.0,0.0,0.0,0.0,0.0,0.0,0.0,0.23809523809523808,0.0,0.0,0.3030303030303031,0.0,0.0,0.0,0.0,0.0,0.0,0.0,0.0,0.0,0.0,0.0,0.0,0.0,0.0,0.0,0.0,0.0,0.0,0.0,0.0,0.0,0.0,0.0,0.0,0.0,0.0,0.0,0.0,0.0,0.0,0.0,0.0,0.0,0.0,0.0,0.0,0.0,0.0,0.10101010101010102,0.0,0.0,0.0,0.0,0.0,0.0,0.0,0.0,0.0,0.0,0.0,0.5555555555555556,0.0,0.0,0.0,0.0,0.0,0.0,0.0,0.0,0.0,0.0,0.0,0.0,0.0,0.0,0.0,0.0,0.0,0.0,0.0,0.0,0.0,0.0,0.0,0.0,0.0,0.0,0.0,0.0,0.0,0.0,0.0,0.0,0.0,0.0,0.0,0.0,0.0,0.0,0.0,0.0,0.0
500.22257920003017,135.85122053872053,49.43205868205868,135.2806483639817,31.278964363523187,24.94400352733686,30.658730158730158,54.41185203685203,16.296296296296298,19.972630718954246,15.044552669552669,95.69100465810992,15.095959595959595,33.128528878528876,61.41640211640211,17.49206349206349,8.100427350427351,100.93237626570959,10.327380952380953,51.321132571132566,6.957912457912458,14.514430014430014,49.90947337686468,19.81619769119769,62.81152797819464,17.070207570207568,9.793650793650794,3.7707416040749373,70.87169312169311,0.0,6.736111111111111,15.567358567358566,28.784511784511785,10.873015873015873,5.145299145299146,3.833333333333333,8.838321400821401,15.034391534391535,1.1565656565656566,5.849206349206349,15.290064102564102,7.767613478139793,0.5158730158730158,4.125,2.5211640211640214,7.579725829725829,52.04365079365079,19.864729225023343,3.1926406926406927,15.100132275132275,3.2167832167832167,5.182539682539682,90.45458245458245,22.981802148468816,0.0,8.98611111111111,15.566137566137566,8.185185185185185,1.9444444444444442,0.0,8.883089133089133,0.0,0.0,49.06232193732193,0.24691358024691357,0.6666666666666667,0.8333333333333333,3.429292929292929,3.8888888888888884,11.257631257631257,1.3333333333333335,5.724358974358974,0.0,0.0,0.0,3.658810325476992,9.608262108262108,5.7905982905982905,0.22222222222222224,4.7519841269841265,0.0,0.0,0.47619047619047616,0.0,0.0,0.0,0.0,4.1798941798941796,0.0,12.773015873015872,0.2898550724637681,1.9444444444444442,0.18518518518518517,0.37037037037037035,0.2777777777777778,0.0,2.5264550264550265,0.0,0.0,0.0,3.4690893901420217,0.25,0.9560185185185185,0.0,1.3935185185185184,4.897716662422544,0.4102264207527365,1.1363636363636362,3.0052481631429,0.0,0.0,6.972222222222221,0.0,0.4861111111111111,0.0,0.1880041985305143,0.6666666666666666,0.1880041985305143,0.1880041985305143,1.880041985305143,0.1880041985305143,0.1880041985305143,2.9861111111111107,3.2163299663299663,0.0,3.4375,7.966269841269841,1.1111111111111112,2.736111111111111,2.7777777777777777,2.4444444444444446,2.2222222222222223,0.0,0.0,38.46482683982684,4.4907407407407405,0.9259259259259258,0.6481481481481481,0.0,1.7777777777777777,3.764957264957265,0.20833333333333331,6.785714285714285,0.0,1.1111111111111112,1.4708994708994707,0.0,0.0,0.0,15.888888888888888,3.731481481481481,0.0,2.6666666666666665,0.0,0.23809523809523808,0.0,0.6481481481481481,0.3030303030303031,0.0,0.0,0.0,0.0,0.0,3.3333333333333335,10.88888888888889,0.0,0.23809523809523808,0.11904761904761904,0.0,6.626984126984127,8.353535353535353,0.0,0.0,0.0,0.0,0.0,0.0,0.0,1.5185185185185184,0.0,3.0654761904761902,0.6666666666666666,0.3333333333333333,0.6666666666666667,2.666666666666667,0.0,0.0,0.0,1.1111111111111112,0.3333333333333333,1.6363636363636362,0.0,0.0,0.0,0.0,0.0,2.4224386724386724,0.1388888888888889,1.6666666666666665,0.7192460317460317,0.0,0.0,0.0,1.3247863247863247,0.0,7.083333333333332,0.0,0.0,0.5555555555555556,0.0,2.5925925925925926,0.0,7.023809523809524,1.4384920634920635,0.47619047619047616,0.0,0.0,0.0,0.0,0.0,0.0,0.4166666666666667,0.3333333333333333,0.0,0.0,0.0,0.8333333333333333,0.0,0.0,0.0,0.8333333333333334,0.0,0.0,0.0,0.0,0.23809523809523808,0.0,0.0,0.0,0.0,0.0,0.0,0.0,0.0,0.0,0.0,0.0,0.23809523809523808,0.0,0.0
500.80633990192814,87.71691502941502,152.74753487253486,181.57738095238093,159.5370262770729,138.013986013986,24.7008547008547,57.61123136123136,36.39351851851852,61.623424369747895,36.92241554741555,23.54100529100529,14.815656565656564,61.91271691271691,34.28042328042328,19.502654752654752,12.430555555555555,244.13936198533722,5.661375661375661,16.467051467051466,22.902116402116402,31.0,8.388888888888888,9.680555555555555,23.77238502238502,34.78593628593629,0.23809523809523808,25.636243386243386,33.71825396825397,9.997474747474747,9.123737373737374,3.4302248677248675,1.9999999999999998,3.7499999999999996,17.42340067340067,12.547619047619047,19.07638888888889,6.135022385022385,6.962962962962963,2.2222222222222223,0.5555555555555556,30.42255892255892,10.564814814814815,2.1698301698301696,1.746031746031746,8.319444444444445,0.0,9.007586367880485,1.3888888888888888,0.0,9.654761904761903,23.01984126984127,8.518518518518519,0.0,5.625,3.7499999999999996,0.0,3.333333333333333,2.7339181286549707,4.291005291005291,6.7786131996658305,0.41666666666666663,0.0,0.0,0.23809523809523808,6.14021164021164,5.878306878306878,1.6666666666666665,2.6666666666666665,2.5,0.0,0.0,1.7592592592592593,0.7142857142857142,1.3333333333333333,11.61111111111111,4.312890812890813,1.3333333333333333,0.0,11.76653439153439,0.0,0.0,0.0,1.1111111111111112,0.0,3.8095238095238093,0.0,0.0,0.3333333333333333,0.0,3.833333333333333,0.0,0.41666666666666663,0.0,0.0,12.037037037037038,4.424603174603174,0.0,32.767195767195766,0.0,5.555555555555555,0.0,0.0,0.0,0.0,0.8782679738562091,0.9556049952391417,0.8333333333333333,6.00074159525379,0.0,0.0,0.8611111111111112,0.0,3.7499999999999996,1.4285714285714284,0.40004943968358603,0.48148148148148145,0.40004943968358603,0.40004943968358603,4.00049439683586,0.40004943968358603,0.40004943968358603,13.818783068783068,3.888888888888889,0.0,0.0,0.0,0.0,3.8095238095238093,0.0,17.166666666666668,0.0,0.0,0.0,12.490079365079366,22.55074555074555,4.259259259259259,3.6044973544973544,0.0,0.0,1.6666666666666665,0.7638888888888888,5.0,0.0,0.753968253968254,0.18518518518518517,0.0,0.0,0.0,0.0,1.4583333333333333,0.0,0.9523809523809523,0.0,0.0,0.0,0.0,0.0,0.0,2.2222222222222223,6.666666666666666,0.0,0.0,6.666666666666666,0.0,2.0370370370370368,0.0,5.357142857142857,0.0,0.0,1.1363636363636362,0.0,0.5555555555555556,0.0,0.0,0.0,0.0,0.0,2.0,0.0,0.0,0.0,0.0,0.0,0.0,3.3333333333333335,0.11111111111111112,0.0,0.0,0.0,0.0,1.1111111111111112,0.0,0.6666666666666666,0.0,0.0,4.589947089947089,0.1388888888888889,0.0,0.3084150326797386,2.3529411764705883,0.0,0.0,0.0,0.0,0.0,0.13071895424836602,0.0,0.0,0.0,0.0,4.345238095238095,2.5,0.6168300653594772,0.0,4.515873015873016,0.0,0.0,0.0,0.0,0.0,43.46248196248196,0.6666666666666666,0.0,0.0,0.0,4.166666666666666,0.0,3.162629528483187,0.0,7.148148148148148,0.0,0.0,0.0,0.0,0.5714285714285714,0.0,0.0,0.0,0.0,0.0,0.0,0.0,0.5555555555555556,0.0,0.0,0.9523809523809523,0.23809523809523808,0.0,0.0
19.31216931216931,2.7777777777777777,7.259259259259259,1.4285714285714286,10.813492063492063,1.1111111111111112,3.9814814814814814,0.9259259259259259,1.6666666666666665,1.3492063492063493,1.1111111111111112,1.7037037037037037,1.1111111111111112,0.7407407407407407,0.0,0.0,0.5555555555555556,2.7777777777777777,0.0,0.2777777777777778,0.7407407407407407,0.41666666666666663,0.0,0.0,3.45679012345679,0.0,0.0,0.0,1.1111111111111112,0.9722222222222223,2.1111111111111107,0.0,0.0,0.0,0.0,0.0,0.0,0.0,0.0,0.0,0.0,1.1111111111111112,0.0,0.6666666666666667,0.0,0.0,0.0,0.0,0.0,0.0,0.0,0.0,0.0,0.0,0.0,0.0,0.0,0.0,0.0,0.0,0.0,0.0,0.0,0.0,0.0,0.22222222222222224,0.0,0.0,0.0,4.820987654320987,0.0,0.0,0.0,0.22222222222222224,0.0,0.0,0.0,0.0,0.0,0.0,0.0,0.0,0.0,1.2301587301587302,0.0,0.0,0.0,0.0,0.0,0.0,0.18518518518518517,0.0,0.0,0.0,0.0,0.0,0.0,4.583333333333333,0.0,0.0,0.0,0.0,0.0,0.0,0.0,0.0,0.0,0.0,0.0,0.0,0.0,0.0,0.0,0.0,0.0,0.0,0.0,0.0,0.0,0.0,0.0,0.0,0.0,0.0,0.0,0.0,0.0,0.0,0.0,0.0,0.0,0.0,0.0,0.0,0.0,0.0,0.0,0.0,0.0,0.0,0.0,0.0,0.0,0.0,0.0,0.0,0.0,0.0,0.0,0.0,0.0,0.0,0.0,0.0,0.0,0.0,0.0,0.0,0.0,0.0,0.0,0.0,0.0,0.0,0.0,0.0,0.0,0.0,0.0,0.0,0.0,0.0,0.0,0.0,0.0,0.0,0.0,0.0,0.0,0.0,0.0,0.0,0.0,0.0,0.0,0.0,0.0,0.0,0.0,0.0,0.0,0.0,0.0,0.0,0.0,0.0,0.0,0.0,0.0,0.0,0.0,0.0,0.0,0.0,0.0,0.0,0.0,0.0,0.0,0.0,0.0,0.0,0.0,0.0,0.0,0.0,0.0,0.0,0.0,0.0,0.0,0.0,0.0,0.0,0.0,0.0,0.0,0.0,0.0,0.0,0.0,0.0,0.0,0.0,0.0,0.0,0.0,0.0,0.0,0.0,0.0,0.0,0.0,0.0,0.0,0.0,0.0,0.0,0.0,0.0
17.7987012987013,2.083333333333333,23.074675324675326,7.164862914862915,16.819444444444443,1.6666666666666665,6.944444444444444,1.8055555555555554,2.9166666666666665,7.503968253968254,2.9166666666666665,6.545634920634921,0.5,2.5,2.5,15.27579365079365,19.05952380952381,2.5952380952380953,0.0,1.6944444444444444,3.625,0.0,0.8625541125541125,0.41666666666666663,1.4027777777777777,4.4523809523809526,0.2777777777777778,0.0,0.0,22.055555555555554,1.9047619047619047,1.3333333333333333,0.0,3.1296296296296298,0.0,3.2361111111111107,4.027777777777778,4.073412698412699,0.0,2.6984126984126986,0.7638888888888888,0.0,0.0,20.97222222222222,3.611111111111111,3.6111111111111107,0.0,0.0,3.009259259259259,0.8333333333333334,0.0,0.16666666666666666,0.0,0.0,0.0,0.0,0.11904761904761904,0.0,0.0,0.0,0.0,0.16666666666666666,0.0,0.2777777777777778,0.0,0.0,0.0,0.0,0.0,0.41666666666666663,0.0,0.0,0.0,0.0,0.0,0.0,0.0,0.0,0.0,0.0,1.6666666666666665,0.8333333333333334,0.0,1.1666666666666665,5.833333333333333,0.0,6.666666666666666,0.41666666666666663,0.0,0.3333333333333333,0.0,0.0,0.4861111111111111,0.0,0.0,0.0,0.0,2.888888888888889,0.20833333333333331,0.3333333333333333,0.0,0.0,0.0,0.0,0.0,0.0,0.0,0.0,0.0,0.0,0.0,0.8333333333333333,0.0,0.0,0.0,0.0,0.0,0.0,0.0,0.0,0.0,0.0,0.0,0.0,0.0,0.0,0.0,0.0,0.0,0.0,0.0,0.0,0.0,0.0,0.0,0.0,0.0,0.0,0.0,0.0,0.0,0.0,0.0,0.0,0.0,4.301587301587301,0.0,0.0,0.0,0.0,0.0,0.0,0.0,0.0,0.0,0.0,0.0,0.0,0.0,0.0,0.0,0.0,0.0,0.0,0.0,0.0,0.0,0.0,0.0,0.0,0.0,0.0,0.0,0.0,0.0,0.0,0.0,0.0,0.0,0.0,0.0,0.0,0.0,0.0,0.0,0.0,0.0,0.0,0.0,0.0,0.0,0.0,0.0,0.0,0.0,0.0,0.0,0.0,0.0,0.0,0.0,0.0,0.0,0.0,0.0,0.0,0.0,0.0,0.0,0.0,0.0,0.0,0.0,0.0,0.0,0.0,0.0,0.0,0.0,0.0,0.0,0.0,0.0,0.0,0.0,0.0,0.0,0.0,0.0,0.0,0.0,0.0,0.0,0.0,0.0,0.0,0.0,0.0,0.0,0.0,0.0,0.0,0.0,0.0,0.0,0.0,0.0,0.0,0.0,0.0
17.998148148148147,3.2222222222222223,3.6666666666666665,7.022222222222222,8.793650793650793,1.3703703703703702,10.63888888888889,5.175925925925926,10.944444444444445,5.7407407407407405,8.11111111111111,9.332607116920842,3.1666666666666665,9.333333333333332,7.292592592592593,1.7777777777777777,1.2222222222222223,4.166666666666667,0.0,2.7037037037037037,4.761904761904762,1.1111111111111112,4.222222222222222,0.0,0.7777777777777778,0.6666666666666666,11.555555555555555,0.0,1.5277777777777777,1.9934640522875817,0.6666666666666666,0.0,0.0,1.876543209876543,0.0,9.224867724867725,0.0,13.182539682539682,0.5555555555555556,2.2222222222222223,4.111111111111111,0.22222222222222224,2.444444444444444,1.0,0.0,1.6666666666666667,3.8690476190476186,0.0,0.15873015873015872,1.6666666666666667,0.0,0.0,1.25,0.0,0.22222222222222224,0.0,0.0,0.6666666666666666,0.8333333333333333,0.0,0.0,0.0,0.0,0.0,0.0,0.0,1.3166666666666664,0.0,0.0,0.0,0.0,0.0,0.0,0.0,0.0,0.0,0.0,0.5555555555555556,0.0,0.0,0.6666666666666666,0.0,0.6666666666666666,2.833333333333333,0.5555555555555556,0.6666666666666666,0.0,0.0,0.0,1.6666666666666665,0.0,0.3333333333333333,0.0,0.8333333333333333,0.0,0.3333333333333333,0.0,0.0,0.8333333333333333,0.0,0.0,0.0,0.0,0.0,0.41666666666666663,0.0,0.049019607843137254,0.6666666666666666,0.7352941176470588,0.0,0.6666666666666666,0.0,2.074074074074074,0.7037037037037037,0.0,0.049019607843137254,0.0,0.049019607843137254,0.049019607843137254,0.49019607843137253,0.049019607843137254,0.049019607843137254,0.0,0.0,0.0,0.0,0.0,0.0,0.0,0.0,0.0,0.0,0.0,0.22222222222222224,0.11111111111111112,0.0,0.0,0.0,0.0,0.0,0.0,0.0,0.0,0.0,0.0,0.0,0.0,0.0,0.0,0.0,0.0,0.0,0.0,0.0,0.0,0.0,0.0,0.0,0.0,0.0,0.0,0.0,0.0,0.0,0.22222222222222224,0.0,0.0,0.0,0.0,0.0,0.0,0.0,0.0,0.8333333333333333,2.7777777777777777,0.0,0.5555555555555556,0.4444444444444445,0.0,0.0,0.0,0.0,0.0,0.0,0.0,0.0,0.0,1.6666666666666665,0.0,0.0,0.0,0.0,0.0,0.0,0.0,0.0,0.0,0.0,0.0,0.0,0.0,0.0,0.0,0.0,0.0,0.0,0.0,0.0,0.0,0.0,0.2777777777777778,0.0,0.0,0.0,0.0,0.0,0.0,0.0,0.0,0.0,0.0,0.0,0.0,0.0,0.0,0.0,0.0,0.0,0.0,0.0,0.0,0.0,0.0,0.0,0.0,0.0,0.0,0.0,0.0,0.0,0.0,0.0,0.0,0.0,0.0,0.0,0.0,0.0,0.0,0.0
390.95631914381914,81.58201058201058,107.87654320987654,99.34550264550265,60.4537518037518,84.04565496232162,25.113492063492064,219.98172198172196,80.62787582787583,26.383333333333333,79.63492063492063,38.5489417989418,84.81204906204906,60.145502645502646,58.638888888888886,27.619047619047617,44.726190476190474,16.735780423280424,16.527777777777775,108.42617567617567,33.923280423280424,20.203703703703702,13.559523809523808,32.86111111111111,35.29100529100529,17.51010101010101,25.694444444444443,13.157407407407407,71.58465608465607,12.777777777777777,19.68253968253968,19.364357864357864,46.757936507936506,103.87229437229436,0.8333333333333333,5.066137566137566,44.7989417989418,50.94312169312169,28.3531746031746,10.833333333333332,20.730158730158728,1.1111111111111112,2.5317460317460316,12.75,13.666666666666666,29.694240944240942,72.19444444444444,1.7857142857142856,31.696248196248195,35.269841269841265,4.037037037037036,15.833333333333332,2.416666666666667,11.037037037037036,5.518518518518518,4.821428571428571,3.333333333333333,9.38888888888889,0.0,2.5216450216450217,5.111111111111111,1.1111111111111112,7.916666666666666,20.139971139971138,17.713369963369964,0.8333333333333333,0.0,9.053030303030303,12.023809523809524,40.72222222222222,4.166666666666666,0.47619047619047616,13.928571428571429,0.0,0.0,1.9047619047619047,0.0,8.865079365079364,1.6666666666666665,0.8333333333333333,1.3888888888888888,14.351851851851851,2.083333333333333,8.043650793650794,17.458333333333332,4.318181818181818,1.2037037037037037,0.0,3.4166666666666665,2.2407407407407405,0.0,0.0,3.615319865319865,1.3888888888888888,0.0,0.0,0.0,4.875,2.5,2.8585858585858586,3.9999999999999996,8.166666666666666,0.0,1.25,1.1111111111111112,0.6666666666666666,0.09523809523809525,0.0,1.4285714285714286,0.0,3.194444444444444,9.545454545454545,0.0,0.0,8.666666666666666,0.09523809523809525,9.166666666666666,0.09523809523809525,0.09523809523809525,0.9523809523809524,0.09523809523809525,0.09523809523809525,0.18518518518518517,0.8333333333333333,0.47619047619047616,4.645622895622895,11.092592592592592,0.0,4.952380952380952,3.598484848484848,5.238095238095238,5.587301587301587,7.125,4.583333333333333,0.0,0.0,0.41666666666666663,0.22222222222222224,0.47619047619047616,1.1111111111111112,3.3095238095238093,1.1111111111111112,2.4444444444444446,1.6666666666666667,0.0,0.0,0.0,0.5555555555555556,2.8571428571428568,1.6666666666666665,2.2222222222222223,0.0,0.0,0.6666666666666667,0.30303030303030304,0.0,2.0885780885780885,0.0,0.0,1.6666666666666665,2.2222222222222223,3.8888888888888884,0.0,0.0,0.0,0.0,0.0,0.0,0.5555555555555556,0.0,0.0,7.857142857142857,0.0,0.0,0.41666666666666663,3.333333333333333,0.22222222222222224,0.8333333333333333,2.2222222222222223,0.0,0.0,0.0,0.0,0.6666666666666667,2.666666666666667,1.0317460317460316,0.5555555555555556,0.47619047619047616,0.0,0.7777777777777778,9.0,0.0,0.0,0.0,0.0,0.41666666666666663,0.0,0.5555555555555556,0.0,0.3333333333333333,0.0,0.0,0.0,0.42592592592592593,0.0,2.484126984126984,0.0,0.0,0.0,0.0,0.0,0.0,1.8888888888888888,0.6666666666666666,0.0,0.0,0.0,0.0,0.0,0.41666666666666663,0.0,0.0,7.5,0.0,0.0,0.0,0.0,0.0,0.0,0.0,0.0,1.4393939393939394,0.0,0.0,0.0,0.0,0.0,0.0,0.0,0.0,0.0,0.0,0.0,0.0,0.0,4.888888888888889,0.0,0.0,0.0,0.6666666666666666
185.19303350970017,66.21957671957672,70.72222222222221,43.315211640211636,29.824074074074073,77.33862433862434,14.944444444444445,197.07407407407408,17.38131313131313,0.8888888888888888,43.9021164021164,24.674603174603174,45.15367965367965,6.185185185185185,217.26535947712418,18.78932178932179,122.46921596921597,0.22222222222222224,3.8888888888888893,126.77922077922078,44.46560846560846,49.666666666666664,16.287037037037038,43.38095238095238,69.48544973544973,30.198412698412696,2.611111111111111,0.0,229.59400161030595,4.62962962962963,28.67494824016563,21.572751322751323,56.72751322751323,31.77777777777778,29.391304347826086,5.016534391534392,103.51675485008818,10.33531746031746,3.722222222222222,1.898148148148148,292.6587301587302,0.7777777777777778,14.0,385.8628277251466,6.218694885361552,42.857142857142854,118.53451178451178,3.3333333333333335,0.41666666666666663,70.38359788359789,0.2777777777777778,5.080808080808081,4.722222222222221,3.722222222222222,0.7407407407407407,14.666666666666666,1.2301587301587302,18.314814814814813,0.0,10.5,0.6666666666666666,0.0,46.81625781625782,307.9112554112554,11.444444444444445,1.6666666666666665,4.196296296296296,4.583333333333333,88.56926406926407,6.611111111111111,1.9444444444444444,62.25529100529101,23.38888888888889,1.6666666666666665,0.0,1.6666666666666667,0.8333333333333333,74.75541125541126,10.0,34.27777777777778,3.0277777777777777,0.37037037037037035,0.0,0.37037037037037035,11.277777777777779,1.7777777777777777,0.5555555555555556,7.5626102292768955,36.142857142857146,6.7976190476190474,3.9999999999999996,1.4444444444444444,8.444444444444445,0.47619047619047616,26.814814814814813,1.4444444444444444,0.5555555555555556,0.11111111111111112,4.375,5.5,12.65079365079365,0.0,2.181964573268921,24.63107263107263,0.0,0.0,0.0,7.858585858585858,0.0,0.0,0.6666666666666666,0.0,17.99766573295985,0.3333333333333333,0.0,0.0,0.5555555555555556,0.0,0.0,0.0,0.0,0.0,0.0,47.61025521319639,9.25,7.175925925925926,4.666666666666667,3.3333333333333335,0.0,0.0,0.0,171.56878306878306,0.0,6.0,0.0,0.0,2.722222222222222,0.0,4.833333333333333,8.5,7.222222222222222,0.0,12.222222222222221,0.0,0.0,0.0,1.5185185185185186,12.444444444444445,5.972222222222221,0.0,0.0,0.0,0.0,2.4444444444444446,3.8888888888888884,0.0,5.666666666666666,0.0,5.111111111111111,1.6666666666666665,0.0,0.0,3.333333333333333,0.0,46.58333333333333,0.0,6.611111111111111,0.0,0.5026455026455026,0.0,0.0,1.1111111111111112,0.22222222222222224,0.8333333333333333,0.0,0.0,6.111111111111112,0.0,0.0,0.0,0.0,0.0,0.0,0.0,0.0,0.0,65.64646464646465,0.0,0.0,0.0,0.0,8.277777777777779,0.0,0.0,0.0,0.0,0.0,0.0,4.444444444444445,3.333333333333333,0.0,0.0,0.0,62.53174603174603,31.22222222222222,0.0,0.0,8.61111111111111,0.0,0.0,0.0,0.0,12.5,0.0,0.0,0.0,17.65079365079365,11.041666666666666,0.0,5.333333333333333,0.9656084656084656,0.0,0.0,0.0,0.0,0.0,0.0,0.0,0.0,0.0,0.0,0.0,0.0,0.0,0.0,0.0,7.42063492063492,0.8333333333333333,0.0,0.0,0.0,0.0,0.0,0.0,0.0,0.0,10.523809523809524,0.0,3.8888888888888884,1.7777777777777777
37.113756613756614,13.055555555555555,4.856481481481481,17.62037037037037,7.916666666666666,3.333333333333333,1.6481481481481481,3.7037037037037033,5.1313131313131315,1.1111111111111112,2.388888888888889,7.916666666666667,1.6111111111111112,5.62962962962963,4.646464646464647,16.757575757575758,8.222222222222221,1.3333333333333333,0.0,0.8333333333333334,3.6309523809523805,3.3333333333333335,6.666666666666666,2.2222222222222223,4.567901234567901,0.0,4.158730158730158,6.666666666666666,11.481481481481481,6.805555555555555,1.2777777777777777,0.0,0.40509259259259256,0.0,1.6666666666666665,3.333333333333333,9.37037037037037,1.037037037037037,0.0,11.11111111111111,7.358585858585858,1.1111111111111112,0.11111111111111112,1.2222222222222223,4.0476190476190474,0.625,11.944444444444445,1.6666666666666665,0.0,1.6666666666666665,3.888888888888889,0.0,7.777777777777778,0.0,1.6666666666666665,0.0,3.333333333333333,3.333333333333333,0.0,0.0,2.4761904761904763,0.0,0.0,0.0,2.0370370370370368,0.22222222222222224,0.0,0.0,3.333333333333333,5.191358024691358,0.0,0.0,0.0,0.22222222222222224,0.0,0.0,0.0,0.5,0.0,0.0,0.0,0.0,0.0,1.1111111111111112,2.083333333333333,0.0,3.888888888888889,0.0,1.3333333333333333,3.3333333333333335,0.18518518518518517,0.0,0.0,0.0,2.2222222222222223,0.0,0.0,0.0,0.0,2.142857142857143,2.2222222222222223,0.0,3.333333333333333,1.6666666666666665,0.0,0.0,0.0,0.0,0.0,0.0,0.0,0.0,0.0,0.0,0.0,0.0,0.0,0.0,0.0,0.0,0.0,0.0,0.0,0.6060606060606061,0.0,0.0,0.0,0.0,0.0,0.0,0.0,0.0,0.0,0.0,0.0,0.0,0.0,0.0,0.0,0.0,0.0,0.0,0.0,0.0,0.0,0.0,0.0,0.0,0.0,0.0,0.0,0.0,0.0,0.0,0.0,0.0,4.166666666666666,0.0,1.6666666666666665,0.0,0.0,0.0,0.0,0.0,0.0,0.0,0.0,0.0,0.18518518518518517,0.0,0.0,2.7777777777777777,0.0,0.0,0.0,0.0,0.0,0.0,0.0,0.0,0.0,0.0,0.0,0.4375,1.75,0.0,0.5555555555555556,0.0,0.0,0.0,0.0,0.47619047619047616,0.0,0.0,1.1111111111111112,1.6666666666666665,0.0,0.0,0.0,0.0,0.0,0.0,0.0,0.0,2.5925925925925926,0.0,0.0,0.0,0.5555555555555556,0.0,0.0,0.0,0.0,0.0,0.0,0.0,0.0,0.0,0.0,0.0,0.0,0.0,0.0,0.0,0.0,0.0,0.0,0.0,0.0,0.18518518518518517,0.0,0.0,0.0,0.0,0.0,0.0,0.0,0.0,0.0,0.0,0.0,2.2222222222222223,0.0,0.0,0.0,0.0,0.0,0.0,0.0,0.0
626.2690011012379,610.4926246592913,160.00688418335477,158.7585629465496,115.58465608465607,29.74531230829896,184.82686501485165,83.60426267281106,199.41910610709274,94.77645502645503,75.76689051689051,40.95006613756613,9.583333333333332,150.02319566376852,111.31307874293135,62.092136282811104,21.733544233544233,85.54341783947046,39.48941798941799,11.61111111111111,134.03920335267665,119.1244260003993,18.946127946127945,18.246309246309245,269.15628815628816,22.928716866703517,3.42981092981093,7.281746031746032,23.386243386243386,1.25,15.337301587301587,101.68797612596278,25.852724273776904,3.6296296296296298,74.36347192645857,40.64682539682539,159.1770270360663,68.46296296296296,16.334014750681416,18.27777777777778,3.8095238095238098,487.99658985221646,20.907407407407405,7.096921596921597,32.10966810966811,0.7407407407407407,0.5555555555555556,10.654761904761905,13.266594516594516,0.8333333333333333,13.028439153439152,6.041282791282791,24.174603174603174,8.087301587301587,3.6666666666666665,11.115079365079366,6.6234567901234565,1.988095238095238,0.0,10.094155844155845,0.5555555555555556,0.18518518518518517,30.746392496392495,0.0,10.506410256410255,29.096144596144594,1.597222222222222,35.519841269841265,0.0,1.3580246913580247,7.017543859649122,12.214285714285714,19.555555555555554,29.096144596144594,7.388888888888889,0.9722222222222223,20.341269841269842,8.66931216931217,10.269841269841269,38.41468253968254,2.173076923076923,8.378205128205128,1.4285714285714284,1.6666666666666665,0.0,4.769230769230769,0.0,5.083333333333333,13.291005291005291,0.0,4.722222222222222,7.499999999999999,4.188034188034188,3.0897435897435894,0.0,4.888888888888888,3.333333333333333,0.0,7.405202821869488,0.0,25.855965543952195,6.706349206349206,2.6706349206349205,0.0,0.0,1.3333333333333333,0.4250405359276327,2.2222222222222223,6.375608038914491,1.2962962962962963,1.5277777777777777,16.666666666666668,0.0,3.333333333333333,4.0,0.4250405359276327,1.3095238095238093,0.4250405359276327,0.4250405359276327,4.250405359276327,0.4250405359276327,0.4250405359276327,29.101546601546602,2.7777777777777777,1.1111111111111112,13.436507936507937,0.7008547008547008,5.0,2.142857142857143,2.0299965864481995,0.0,0.16666666666666666,0.5555555555555556,1.7901234567901234,5.416666666666666,71.87756587951249,3.6111111111111107,8.95138888888889,3.0555555555555554,0.3333333333333333,0.8333333333333333,0.7407407407407407,2.7777777777777777,0.0,13.333333333333332,1.3134920634920635,0.0,0.15873015873015872,0.0,0.9722222222222222,0.8333333333333333,2.3333333333333335,0.0,0.2777777777777778,5.0,0.6944444444444444,0.0,0.0,4.444444444444445,3.3333333333333335,0.0,19.166666666666668,2.003968253968254,7.845860566448802,2.0,0.6666666666666666,0.0,9.432419432419431,0.0,0.0,2.6230158730158726,0.0,3.3333333333333335,0.0,1.1111111111111112,0.0,0.0,0.0,0.0,0.0,0.0,0.0,0.0,0.0,0.0,0.0,0.6666666666666666,0.0,0.0,0.10416666666666666,0.0,0.0,0.0,0.0,3.958333333333333,0.0,6.920634920634921,0.0,1.212121212121212,0.6666666666666666,0.0,3.805916305916306,0.9259259259259259,0.0,1.0185185185185184,0.0,0.0,0.0,0.0,4.444444444444445,0.0,0.0,0.0,1.3333333333333333,0.37037037037037035,3.333333333333333,0.0,0.0,0.0,0.0,0.0,1.5873015873015874,0.0,0.0,0.0,0.0,1.1111111111111112,0.0,0.0,0.0,0.0,0.0,0.0,0.0,0.0,2.75,0.0,0.0,0.0,3.1666666666666665,0.5555555555555556,0.0,0.0,16.198523698523697,0.0,0.0,0.0,0.2777777777777778,0.0,0.0
0.0,1.1111111111111112,0.0,0.0,0.0,0.0,0.0,0.0,0.0,0.0,0.0,0.0,0.0,0.0,0.0,0.0,0.0,0.0,0.0,0.0,0.0,0.0,0.0,0.0,0.0,0.0,0.0,0.0,0.0,0.0,0.0,0.0,0.0,0.0,0.0,0.0,0.0,0.0,0.0,0.0,0.0,0.0,0.0,0.0,0.0,0.0,0.0,0.0,0.0,0.0,0.0,0.0,0.0,0.0,0.0,0.0,0.0,0.0,0.0,0.0,0.0,0.0,0.0,0.0,0.0,0.0,0.0,0.0,0.0,0.0,0.0,0.0,0.0,0.0,0.0,0.0,0.0,0.0,0.0,0.0,0.0,0.0,0.0,0.0,0.0,0.0,0.0,0.0,0.0,0.0,0.0,0.0,0.0,0.0,0.0,0.0,0.0,0.0,0.0,0.0,0.0,0.0,0.0,0.0,0.0,0.0,0.0,0.0,0.0,0.0,0.0,0.0,0.0,0.0,0.0,0.0,0.0,0.0,0.0,0.0,0.0,0.0,0.0,0.0,0.0,0.0,0.0,0.0,0.0,0.0,0.0,0.0,0.0,0.0,0.0,0.0,0.0,0.0,0.0,0.0,0.0,0.0,0.0,0.0,0.0,0.0,0.0,0.0,0.0,0.0,0.0,0.0,0.0,0.0,0.0,0.0,0.0,0.0,0.0,0.0,0.0,0.0,0.0,0.0,0.0,0.0,0.0,0.0,0.0,0.0,0.0,0.0,0.0,0.0,0.0,0.0,0.0,0.0,0.0,0.0,0.0,0.0,0.0,0.0,0.0,0.0,0.0,0.0,0.0,0.0,0.0,0.0,0.0,0.0,0.0,0.0,0.0,0.0,0.0,0.0,0.0,0.0,0.0,0.0,0.0,0.0,0.0,0.0,0.0,0.0,0.0,0.0,0.0,0.0,0.0,0.0,0.0,0.0,0.0,0.0,0.0,0.0,0.0,0.0,0.0,0.0,0.0,0.0,0.0,0.0,0.0,0.0,0.0,0.0,0.0,0.0,0.0,0.0,0.0,0.0,0.0,0.0,0.0,0.0,0.0,0.0,0.0,0.0,0.0,0.0
148.5688848188848,62.01626391658037,11.696581196581196,28.444444444444443,18.691623455072822,19.246031746031747,28.063492063492063,17.803571428571427,34.482142857142854,6.145299145299145,3.9047619047619047,9.472934472934472,55.320105820105816,4.222222222222222,1.6666666666666665,15.367826617826617,13.053571428571429,17.00595238095238,10.580026455026454,3.5375966625966626,4.166666666666666,2.5297619047619047,16.444444444444443,2.70679012345679,11.988095238095237,0.6666666666666666,16.592948717948715,7.42063492063492,4.097222222222221,2.083333333333333,7.333333333333333,0.1282051282051282,3.685185185185185,0.5555555555555556,0.8333333333333333,0.0,4.653693528693529,1.6666666666666665,3.4218559218559217,1.58994708994709,1.6428571428571428,0.0,3.6507936507936507,0.6666666666666666,2.208333333333333,15.103174603174603,3.333333333333333,3.6666666666666665,1.6666666666666665,2.083333333333333,5.0,9.612654320987653,0.0,1.25,0.0,2.238095238095238,3.333333333333333,1.476190476190476,6.93121693121693,0.8888888888888888,1.9305555555555554,0.0,0.0,1.6666666666666665,0.0,0.5555555555555556,1.1111111111111112,0.0,0.0,0.0,0.0,4.515873015873016,0.3333333333333333,0.0,0.5555555555555556,1.25,0.11904761904761904,0.0,0.41666666666666663,0.0,0.0,0.0,0.8333333333333334,0.0,0.0,0.0,0.0,0.15873015873015872,2.2777777777777777,0.0,1.6666666666666665,0.0,0.0,0.0,0.0,0.0,0.0,0.0,3.3333333333333335,0.0,1.1111111111111112,1.9047619047619047,0.0,0.0,0.0,4.442460317460317,0.09427742616033755,0.0,1.4141613924050633,0.0,0.0,0.0,0.9126984126984127,0.0,0.0,0.09427742616033755,0.0,0.09427742616033755,0.09427742616033755,0.9427742616033755,0.09427742616033755,0.09427742616033755,0.0,0.0,0.0,0.0,0.0,0.0,0.0,1.0416666666666665,0.0,0.0,0.0,0.0,0.47619047619047616,0.4444444444444445,0.0,0.0,0.0,0.41666666666666663,0.0,1.75,0.0,1.25,0.0,0.3333333333333333,0.0,0.0,0.0,0.41666666666666663,0.41666666666666663,0.41666666666666663,0.0,0.0,0.0,0.0,0.41666666666666663,0.6666666666666667,0.0,0.0,0.0,0.0,0.0,0.0,0.0,9.682539682539684,0.0,0.0,0.0,0.0,0.37037037037037035,0.0,0.8888888888888888,0.0,0.0,0.0,0.0,0.0,0.5555555555555556,0.0,0.0,0.0,0.0,0.2777777777777778,1.1111111111111112,0.0,0.0,0.0,1.8749999999999998,0.0,0.0,2.071428571428571,0.0,0.0,6.296296296296297,1.6666666666666665,0.0,0.0,0.0,0.0,2.9166666666666665,0.0,0.0,0.0,0.0,0.0,0.06944444444444445,0.0,0.0,0.6666666666666666,0.0,0.0,0.0,0.0,0.0,0.0,0.0,0.0,0.0,0.0,0.0,0.0,0.0,1.6502578527894982,0.0,0.0,0.20833333333333331,0.0,4.768415963431786,0.0,0.0,0.0,0.0,0.20833333333333331,0.0,0.0,0.0,0.0,1.1111111111111112,0.23809523809523808,0.0,0.0,0.0,0.0,0.0,0.18518518518518517,0.0,0.0,0.0,0.0
13.566468253968253,0.0,1.1666666666666665,5.638888888888888,0.3333333333333333,0.9166666666666666,0.0,2.361111111111111,1.5555555555555554,1.2777777777777777,0.8333333333333333,2.2222222222222223,0.0,0.3472222222222222,1.5555555555555556,5.138888888888888,0.8333333333333333,2.2301587301587302,3.6527777777777777,2.2222222222222223,0.0,0.0,1.1111111111111112,0.0,1.6666666666666667,0.0,0.0,0.20833333333333331,0.6388888888888888,0.0,0.9722222222222223,4.684523809523809,0.3055555555555556,0.0,3.333333333333333,0.1388888888888889,0.6111111111111112,0.16666666666666666,0.0,0.8333333333333333,0.0,0.1388888888888889,0.23809523809523808,1.527777777777778,4.824404761904762,0.1388888888888889,0.0,0.5555555555555556,2.5555555555555554,0.0,0.875,0.10416666666666666,0.7222222222222222,0.0,0.0,0.0,0.0,0.0,0.0,1.7718253968253967,0.3472222222222222,0.0,0.23809523809523808,0.0,0.0,0.0,0.0,1.8958333333333333,0.0,0.0,0.0,0.7083333333333333,3.657738095238095,0.0,0.0,0.0,0.0,0.0,0.0,0.0,0.0,0.0,0.2708333333333333,0.0,0.0,0.0,0.0,1.6666666666666665,0.41666666666666663,0.0,1.6666666666666667,0.0,0.0,0.0,0.0,0.0,0.0,0.0,0.0,0.0,0.0,0.32738095238095233,0.16666666666666666,0.0,0.0,0.25,0.0,0.0,0.0,0.0,0.0,0.0,0.0,0.0,0.0,0.0,0.0,0.0,0.0,0.0,0.0,0.0,0.2777777777777778,2.708333333333333,0.0,0.0,0.0,0.0,0.0,0.0,0.0,0.0,0.0,0.0,0.0,0.0,0.0,0.0,0.0,0.0,0.0,3.333333333333333,0.0,0.0,0.0,0.0,0.0,0.0,0.5555555555555556,0.0,0.0,0.0,0.0,0.0,0.0,0.0,0.0,0.0,0.0,0.0,0.0,0.0,0.0,0.8333333333333333,0.0,0.0,0.0,0.0,0.0,0.0,0.0,0.0,0.0,0.0,0.0,0.0,0.0,0.0,0.0,0.0,0.0,0.0,0.0,0.0,0.0,0.0,0.0,0.0,0.0,0.0,0.0,0.0,0.0,0.0,0.0,0.0,0.0,0.0,0.0,0.0,0.0,0.0,0.2777777777777778,0.0,0.0,0.0,0.0,0.0,0.0,0.1388888888888889,0.0,0.0,0.0,0.0,0.0,0.8333333333333334,0.0,0.0,0.0,0.0,0.0,0.0,0.0,0.0,0.0,0.0,0.16666666666666666,0.0,0.0,0.0,0.0,0.0,0.0,0.0,0.0,0.0,0.0,0.0,0.0,0.1388888888888889,0.0,0.0,0.0,0.0,0.0,0.0,0.0,0.0,0.0,0.0
77.83116883116882,13.36111111111111,65.0530303030303,33.81649831649832,24.444444444444443,11.064814814814815,0.6666666666666666,15.777777777777777,47.57407407407407,0.0,7.522306397306397,2.5925925925925926,18.22222222222222,8.61111111111111,7.999999999999999,18.25,1.5714285714285714,0.0,5.333333333333333,21.85185185185185,0.0,3.6666666666666665,6.666666666666666,22.678571428571427,3.3333333333333335,1.3333333333333333,2.2222222222222223,5.202020202020202,6.722222222222222,3.333333333333333,1.6666666666666665,0.0,5.0,0.6666666666666666,0.0,1.1111111111111112,0.2777777777777778,4.444444444444445,10.666666666666666,0.0,0.5787037037037037,7.518518518518518,0.0,1.6666666666666665,0.3333333333333333,0.6666666666666666,3.2222222222222223,0.0,3.939393939393939,0.0,0.0,0.0,0.6060606060606061,0.0,4.611111111111111,2.619047619047619,0.0,0.0,0.0,0.6666666666666666,0.0,3.333333333333333,0.0,2.75,0.5555555555555556,0.0,0.0,3.333333333333333,0.0,0.0,0.0,0.0,0.0,0.0,0.0,0.0,0.0,0.0,0.0,0.0,0.0,3.3333333333333335,0.0,0.0,0.0,0.0,1.0833333333333333,0.0,0.0,0.0,0.0,4.2063492063492065,0.0,0.41666666666666663,0.3333333333333333,0.0,0.0,0.0,0.0,0.0,0.0,9.254449254449254,0.0,0.0,0.7792207792207793,0.0,0.0,0.0,0.0,0.0,0.0,7.666666666666667,0.0,0.0,3.7037037037037033,0.0,0.0,0.0,0.0,0.0,0.0,0.0,0.0,0.0,0.0,0.0,0.0,0.0,1.3333333333333333,0.0,0.0,0.0,0.0,0.0,0.0,0.0,0.0,0.0,0.0,0.0,0.0,0.0,0.0,0.0,0.0,0.0,0.0,0.0,0.0,1.2121212121212122,0.0,0.0,0.0,0.0,0.0,0.0,1.2222222222222223,2.6666666666666665,0.0,0.0,0.0,0.0,0.0,0.0,0.0,0.0,0.0,0.0,0.0,0.0,0.0,0.0,0.0,0.0,0.0,0.5185185185185185,0.0,0.0,0.0,0.0,0.0,0.0,0.0,0.0,0.0,3.333333333333333,0.0,0.0,0.0,0.0,0.0,0.0,0.0,0.0,0.0,0.0,0.0,0.0,0.0,0.0,0.0,0.0,0.0,0.0,0.0,0.0,0.0,0.3333333333333333,0.0,0.0,0.0,0.0,0.0,0.0,0.0,0.0,0.0,0.0,0.0,0.0,0.0,0.0,0.0,0.0,0.0,0.0,0.0,0.0,0.0,0.0,0.0,0.0,0.0,0.0,0.0,0.0,0.0,0.0,0.0,0.0,0.0,0.0,0.0,0.0,0.0,0.0,0.0,0.0,0.0,0.0
155.20085470085468,53.77777777777777,13.11111111111111,14.555555555555555,63.90873015873016,32.574074074074076,78.19444444444444,22.61111111111111,55.87037037037037,5.555555555555555,27.09259259259259,5.083333333333333,2.388888888888889,18.333333333333332,22.314814814814813,10.0,38.84259259259259,6.111111111111111,1.6666666666666665,23.13888888888889,18.88888888888889,10.833333333333332,8.444444444444445,57.19444444444444,0.8333333333333333,1.6666666666666665,1.7777777777777777,0.0,3.333333333333333,18.61111111111111,5.555555555555555,0.0,6.944444444444444,0.6018518518518519,0.0,6.111111111111111,0.0,10.0,3.333333333333333,0.0,1.9444444444444442,0.0,0.0,0.0,2.5,9.61111111111111,1.3888888888888888,1.1111111111111112,0.0,0.0,0.0,0.0,0.46296296296296297,1.1111111111111112,0.0,0.0,2.3333333333333335,0.0,13.995726495726494,3.333333333333333,0.22222222222222224,0.0,0.0,5.092592592592592,0.0,0.8333333333333333,1.1111111111111112,1.6666666666666665,0.0,0.0,28.60185185185185,0.0,0.0,0.8333333333333333,1.6666666666666665,5.972222222222221,1.25,0.0,0.18518518518518517,0.0,0.0,0.0,0.6666666666666666,0.8333333333333333,0.0,0.0,5.0,0.2777777777777778,0.2777777777777778,0.0,0.0,0.0,0.0,1.6666666666666665,0.0,0.0,0.0,0.0,0.0,0.0,0.0,1.1111111111111112,0.6666666666666666,0.0,0.0,0.0,0.0,1.1111111111111112,0.8333333333333333,0.0,0.0,0.0,0.5555555555555556,0.0,0.0,0.0,0.0,0.0,0.0,0.0,0.0,0.0,0.0,0.0,1.6666666666666665,0.0,0.0,0.0,0.0,0.0,0.0,0.0,0.0,0.0,0.0,0.0,1.6666666666666665,0.1388888888888889,0.0,0.0,0.0,0.0,0.0,0.0,0.0,0.0,1.6666666666666665,0.0,0.0,0.0,0.0,0.0,0.0,0.0,0.0,0.0,0.0,0.0,1.6666666666666665,1.7777777777777777,0.0,0.0,0.0,0.0,0.0,0.0,0.0,0.0,0.6666666666666666,0.0,0.0,1.3333333333333333,0.0,0.0,0.2777777777777778,0.0,0.0,1.3675213675213675,0.0,0.0,0.2777777777777778,0.0,0.0,0.1111111111111111,0.4444444444444444,0.0,0.5555555555555556,0.0,0.0,0.8333333333333333,0.0,0.0,0.0,0.0,0.0,0.0,0.0,0.0,0.0,0.0,0.0,0.0,0.0,0.0,0.0,0.0,0.0,0.0,0.6944444444444444,0.0,0.0,0.0,0.0,0.0,0.0,0.0,0.0,0.0,1.6666666666666665,0.0,0.0,0.0,1.1111111111111112,0.0,0.0,0.0,0.0,0.0,0.0,4.7008547008547,0.0,0.0,0.2564102564102564,0.0,0.2564102564102564,0.0,0.0,0.0,0.0,0.0,0.0,0.0,0.0,0.0,0.0,0.0,1.6666666666666665,0.0,0.0,0.0
2.8968253968253967,6.351851851851852,16.36111111111111,4.476190476190476,8.833333333333332,3.194444444444444,5.0,1.8333333333333335,2.4603174603174605,1.3888888888888888,0.0,2.7777777777777777,0.0,1.6666666666666667,0.0,0.0,0.16666666666666666,0.0,0.0,3.6666666666666665,0.0,0.0,5.989417989417989,1.6666666666666665,0.0,0.0,0.0,0.0,0.8333333333333333,2.7777777777777777,0.0,0.0,0.0,11.321428571428571,0.0,3.814814814814815,4.5,6.375661375661376,1.6666666666666665,0.0,0.0,0.0,0.0,0.0,0.0,0.0,0.0,0.0,0.0,0.0,0.0,0.0,0.0,0.0,0.0,0.0,1.5714285714285714,0.0,0.0,0.37037037037037035,0.0,0.2777777777777778,0.0,0.0,0.20833333333333331,0.0,0.0,0.0,0.0,1.6666666666666667,0.0,0.0,0.0,0.0,0.0,0.0,0.0,0.0,0.0,0.0,0.0,0.0,0.0,0.8333333333333333,1.9444444444444446,0.0,2.5925925925925926,0.0,0.0,0.0,0.7037037037037037,0.23809523809523808,0.0,0.0,0.0,0.0,0.0,6.696428571428571,0.0,0.0,0.0,0.0,0.0,0.41666666666666663,0.0,0.0,0.0,0.0,0.0,0.0,0.0,0.0,0.0,0.0,0.0,0.0,0.0,0.0,0.0,0.0,0.0,0.0,0.0,0.0,0.0,0.0,0.0,0.0,0.0,0.0,0.0,0.0,0.0,0.0,0.0,0.0,0.0,0.0,0.0,0.0,0.0,0.0,0.0,0.0,0.0,0.0,0.0,0.0,0.0,0.5555555555555556,0.0,0.0,0.0,0.0,0.0,0.0,0.0,0.0,0.0,0.0,0.0,0.0,0.0,0.0,0.0,0.0,0.0,0.0,0.0,0.0,0.0,0.0,0.0,0.0,0.0,0.0,0.0,0.2777777777777778,0.0,0.0,0.0,0.0,0.0,0.0,0.0,0.0,0.0,0.0,0.0,0.0,0.0,0.0,0.0,0.0,0.0,0.0,0.0,0.0,0.0,0.0,0.0,0.0,0.0,0.0,0.0,0.0,0.0,0.0,0.0,0.0,0.0,0.0,0.0,0.0,0.0,0.0,0.0,0.0,0.0,0.0,0.0,0.0,0.0,0.0,0.0,0.0,0.0,0.0,0.0,0.0,0.0,0.0,0.0,0.0,0.0,0.0,0.0,0.0,0.23809523809523808,0.0,0.0,0.0,0.0,0.0,0.0,0.0,0.0,0.0,0.0,0.0
3.0555555555555554,3.333333333333333,0.0,3.3333333333333335,0.0,1.6666666666666665,0.0,13.328347578347579,0.2777777777777778,0.0,0.0,1.4583333333333333,0.0,0.0,0.0,2.5925925925925926,0.37037037037037035,0.0,0.0,0.0,0.0,0.0,1.1111111111111112,0.0,0.0,0.0,0.0,0.0,1.3888888888888888,0.0,0.0,0.0,25.722934472934472,0.37037037037037035,0.0,0.0,7.333333333333333,0.0,0.0,0.0,0.0,0.20833333333333331,0.0,0.0,0.0,1.7777777777777777,0.0,0.0,0.0,0.2777777777777778,0.0,0.0,0.0,0.0,0.0,0.0,0.0,0.0,0.0,0.0,0.0,0.0,0.0,0.787037037037037,0.0,0.0,0.0,0.0,13.722222222222221,1.0,0.0,2.4074074074074074,0.0,0.0,0.0,0.0,0.0,0.0,0.0,0.0,0.1388888888888889,0.0,0.0,0.0,0.0,0.0,0.0,0.0,0.0,0.0,0.0,0.0,0.0,0.0,0.0,0.0,0.0,0.0,0.0,0.0,0.0,0.0,0.0,1.2222222222222223,0.0,0.0,0.0,0.0,0.0,0.0,0.0,0.0,0.0,0.0,0.0,0.0,0.0,0.0,0.0,0.0,0.0,0.0,0.0,0.0,0.0,0.0,0.0,0.0,0.0,1.282051282051282,0.0,0.0,0.0,0.0,0.0,0.0,0.0,0.0,0.0,0.0,0.0,0.0,0.0,0.0,0.0,0.0,0.0,0.0,0.0,0.8333333333333333,0.0,0.4444444444444445,0.0,0.0,0.0,0.0,0.0,0.0,0.0,0.0,0.0,0.0,0.0,0.0,0.0,0.0,0.0,0.0,0.0,0.0,0.0,0.0,0.0,0.0,0.0,0.0,0.0,0.0,0.0,0.0,0.0,0.0,0.0,0.0,0.0,0.0,0.0,0.0,0.0,0.0,0.0,0.0,0.0,0.0,0.0,0.0,0.0,0.0,0.0,0.0,0.0,0.0,0.0,0.0,0.0,0.0,0.0,0.0,0.0,0.0,0.0,0.0,0.0,0.0,0.0,0.0,0.0,0.0,0.0,0.0,0.0,0.0,0.0,0.0,0.0,0.0,0.0,0.0,0.0,0.0,0.0,0.0,0.0,0.0,0.0,0.0,0.0,0.0,0.0,0.0,0.0,0.0,0.0,0.0,0.0,0.0,0.0,0.0,0.0,0.0
439.3398962148962,102.24140211640211,215.43381155881156,121.1982091982092,60.8287037037037,136.7657227032227,65.27513227513226,405.2134139009139,123.11195054945054,10.722222222222221,28.89929052429052,54.122113997114,48.339285714285715,77.16877104377105,104.73063973063972,43.193422318422314,87.06316137566137,18.206349206349206,24.496031746031743,210.04178229178228,64.32076719576719,85.76826414326413,70.95833333333333,36.507936507936506,183.8251933251933,44.95238095238095,0.20833333333333331,1.8749999999999998,237.68368205868205,1.4141414141414141,29.830246913580247,53.145833333333336,55.486289173789174,113.65839947089947,16.12037037037037,7.708333333333333,72.00925925925925,126.59325396825396,12.188492063492063,39.46114996114996,92.05675805675806,6.71043771043771,8.709776334776334,76.64688552188552,22.060185185185183,79.92083842083842,338.1451619368286,6.195887445887445,32.91534391534392,97.70282186948853,13.037037037037036,12.652777777777777,22.61111111111111,25.376984126984127,11.916666666666666,79.75859788359789,0.8928571428571428,13.867724867724867,0.0,11.646825396825395,3.7037037037037037,4.17989417989418,9.121031746031745,49.28769841269841,34.379120879120876,2.341269841269841,2.2222222222222223,15.569444444444445,81.54906204906204,13.083333333333334,17.402116402116402,31.291335978835978,31.403439153439155,1.7857142857142856,0.0,0.0,2.7777777777777777,31.675925925925924,1.6666666666666665,46.77248677248677,24.559523809523807,7.166666666666667,7.361111111111111,4.12037037037037,0.6666666666666667,2.2222222222222223,3.4444444444444446,5.883597883597884,21.319444444444443,46.510912698412696,8.235449735449736,0.0,0.0,4.253968253968254,10.853632478632479,0.0,5.203703703703703,0.0,1.4814814814814814,13.075396825396824,9.458333333333332,0.23809523809523808,14.842592592592592,19.865773115773116,0.9444444444444444,19.615800865800864,0.0,18.023046398046397,1.6666666666666665,1.3675213675213675,10.968253968253968,1.074074074074074,4.277777777777778,8.287037037037036,6.462962962962963,0.0,4.0,0.0,0.0,0.0,0.0,0.0,0.0,1.1706349206349205,3.75,8.373015873015873,10.13888888888889,1.4047619047619047,14.444444444444443,2.083333333333333,1.6666666666666665,37.754629629629626,1.25,2.916666666666667,2.321428571428571,0.0,7.17063492063492,0.0,3.259259259259259,13.062169312169312,5.388888888888888,0.0,8.796296296296296,0.0,4.722222222222222,0.9090909090909092,14.280864197530864,34.019841269841265,3.2453703703703702,0.20833333333333331,0.0,11.38888888888889,0.0,3.398148148148148,0.11111111111111112,2.0,8.143097643097644,0.3472222222222222,8.55026455026455,3.148148148148148,2.638888888888889,0.0,1.9814814814814816,1.1904761904761905,32.23400673400673,0.0,0.6018518518518519,0.8333333333333333,3.46031746031746,4.694444444444445,0.0,29.299603174603174,0.0,1.5555555555555554,5.666666666666666,0.0,1.9074074074074072,3.333333333333333,0.9722222222222223,0.0,0.0,0.5555555555555556,0.2777777777777778,0.10416666666666667,0.4166666666666667,0.0,2.398148148148148,6.185185185185185,0.0,0.0,6.777777777777777,12.023148148148147,0.07936507936507936,0.0,0.0,0.0,0.0,1.4444444444444444,1.3333333333333335,0.41666666666666663,0.0,0.0,0.1388888888888889,8.907407407407407,4.583333333333333,0.0,0.0,24.57142857142857,0.5555555555555556,0.0,0.2777777777777778,0.0,4.12037037037037,0.8333333333333333,0.0,0.0,3.7083333333333335,1.6898148148148147,0.0,1.7526455026455026,0.0,0.0,0.0,0.0,0.0,0.6851851851851852,0.0,0.0,1.8518518518518519,0.18518518518518517,0.37037037037037035,16.015873015873016,0.0,0.0,0.0,0.0,0.6428571428571428,0.0,1.5833333333333333,0.0,0.0,2.2222222222222223,0.0,0.0,0.0,0.0,10.694444444444443,0.0,0.0,0.0
506.7140652557319,76.5734126984127,60.16137566137566,86.22156084656085,20.087301587301585,794.0793650793651,237.9157848324515,371.20238095238096,135.9021164021164,17.474537037037035,26.882275132275133,16.48148148148148,167.60257335257336,15.0,65.38636363636364,90.30555555555556,146.59391534391534,8.055555555555555,27.98148148148148,580.0277777777777,382.31812169312167,125.8311287477954,65.66005291005291,70.288139329806,94.18055555555556,72.56974506974507,1.1111111111111112,5.277777777777778,878.8655904280904,4.444444444444445,33.1468253968254,69.16666666666666,64.68939393939394,89.99867724867724,9.729166666666666,2.388888888888889,172.1278659611993,11.896825396825395,5.277777777777778,80.63359788359789,152.8088023088023,0.0,0.0,56.37896825396825,45.69059644059644,400.6533189033189,704.4688151354818,19.074074074074073,27.99537037037037,274.81493506493507,0.8333333333333333,8.8015873015873,8.444444444444445,19.375,10.185185185185185,129.39285714285714,1.2037037037037037,28.60185185185185,0.31746031746031744,2.833333333333333,5.185185185185185,12.333333333333332,7.51984126984127,53.67724867724868,8.955146705146705,0.0,6.333333333333333,10.563492063492063,47.03009259259259,5.777777777777778,50.235449735449734,18.198412698412696,73.6547619047619,0.0,0.0,5.407407407407407,0.0,36.58465608465608,12.222222222222221,23.93915343915344,7.787037037037036,11.476190476190474,4.555555555555555,1.6666666666666665,22.178571428571427,0.5555555555555556,6.908730158730158,12.61111111111111,77.32936507936508,66.72258297258297,20.738095238095237,14.587301587301587,5.351851851851852,3.148148148148148,51.34611992945326,20.37037037037037,4.166666666666666,0.0,0.37037037037037035,14.6005291005291,54.285714285714285,10.252525252525253,10.767195767195766,50.013888888888886,0.888888888888889,5.07022607022607,0.10416666666666666,6.111111111111112,1.5624999999999998,3.148148148148148,5.944444444444444,0.7407407407407407,8.194444444444445,7.777777777777778,3.7499999999999996,0.10416666666666666,3.333333333333333,0.10416666666666666,0.10416666666666666,1.0416666666666665,0.10416666666666666,0.10416666666666666,0.0,4.444444444444445,5.666666666666666,6.339285714285714,41.841931216931215,1.6666666666666665,6.666666666666667,2.7777777777777777,0.0,29.372134038800702,0.0,2.7222222222222223,0.0,0.0,6.777777777777778,0.6666666666666666,6.759259259259259,1.753968253968254,30.793650793650794,0.0,3.3333333333333335,3.333333333333333,2.2222222222222223,1.2222222222222223,8.222222222222221,4.222222222222222,0.9722222222222221,0.0,0.0,4.962962962962963,0.0,0.6666666666666666,12.059523809523808,0.0,9.948412698412698,1.450617283950617,25.08234126984127,12.703703703703702,0.0,3.7499999999999996,13.37037037037037,0.0,123.6036556036556,0.0,0.47619047619047616,0.0,3.333333333333333,8.402116402116402,0.0,15.5,0.8333333333333333,3.833333333333333,2.420634920634921,7.666666666666666,3.2777777777777777,0.0,0.0,1.6666666666666665,0.0,4.592592592592593,2.2962962962962963,0.0,0.0,0.8333333333333333,1.1111111111111112,2.0555555555555554,0.0,0.0,3.333333333333333,14.86111111111111,0.0,0.0,0.0,1.1111111111111112,0.0,0.47619047619047616,0.5555555555555556,2.7169312169312168,6.0606060606060606,0.0,2.0277777777777777,5.309523809523809,0.8333333333333333,0.6666666666666666,0.15151515151515152,12.335978835978835,0.31746031746031744,0.0,0.0,0.0,2.6666666666666665,4.1005291005291005,2.5,0.0,5.277777777777778,0.0,0.0,0.6666666666666666,1.1111111111111112,0.0,1.1111111111111112,0.0,0.0,0.0,0.0,0.0,0.0,0.37037037037037035,0.0,8.359788359788359,0.0,0.0,0.0,0.0,0.8333333333333334,0.0,3.7499999999999996,0.0,0.0,2.2222222222222223,0.0,0.0,0.0,0.0,1.3425925925925926,0.0,9.38888888888889,4.642857142857142
3.988095238095238,3.333333333333333,15.05952380952381,3.6507936507936503,8.541666666666666,3.333333333333333,5.0,0.0,0.0,4.111111111111111,0.5555555555555556,0.37037037037037035,5.0,0.0,1.6666666666666665,14.442460317460318,4.476190476190476,2.5952380952380953,0.0,5.277777777777777,2.9074074074074074,0.0,0.47619047619047616,0.0,0.22222222222222224,4.4523809523809526,0.0,0.0,0.0,28.055555555555554,1.9047619047619047,1.3333333333333333,0.0,3.1018518518518516,0.0,0.0,1.6666666666666665,0.6666666666666667,0.0,0.5555555555555556,0.4861111111111111,0.0,0.0,15.972222222222221,3.333333333333333,0.0,0.0,0.0,3.009259259259259,0.0,0.0,0.0,0.0,0.0,0.0,0.0,3.333333333333333,0.0,0.0,0.0,0.0,0.0,0.0,0.2777777777777778,0.0,0.0,0.0,0.0,0.0,0.0,0.0,0.0,0.0,0.0,0.0,0.0,0.0,0.0,0.0,0.0,0.0,0.0,0.0,0.0,0.0,0.0,0.0,0.0,0.0,0.3333333333333333,0.0,0.0,0.4861111111111111,0.0,0.0,0.0,0.0,3.333333333333333,0.0,0.3333333333333333,0.0,0.0,0.0,0.0,0.0,0.0,0.0,0.0,0.0,0.0,0.0,0.8333333333333333,0.0,0.0,0.0,0.0,0.0,0.0,0.0,0.0,0.0,0.0,0.0,0.0,0.0,0.0,0.0,0.0,0.0,0.0,0.0,0.0,0.0,0.0,0.0,0.0,0.0,0.0,0.0,0.0,0.0,0.0,0.0,0.0,0.0,4.301587301587301,0.0,0.0,0.0,0.0,0.0,0.0,0.0,0.0,0.0,0.0,0.0,0.0,0.0,0.0,0.0,0.0,0.0,0.0,0.0,0.0,0.0,0.0,0.0,0.0,0.0,0.0,0.0,0.0,0.0,0.0,0.0,0.0,0.0,0.0,0.0,0.0,0.0,0.0,0.0,0.0,0.0,0.0,0.0,0.0,0.0,0.0,0.0,0.0,0.0,0.0,0.0,0.0,0.0,0.0,0.0,0.0,0.0,0.0,0.0,0.0,0.0,0.0,0.0,0.0,0.0,0.0,0.0,0.0,0.0,0.0,0.0,0.0,0.0,0.0,0.0,0.0,0.0,0.0,0.0,0.0,0.0,0.0,0.0,0.0,0.0,0.0,0.0,0.0,0.0,0.0,0.0,0.0,0.0,0.0,0.0,0.0,0.0,0.0,0.0,0.0,0.0,0.0,0.0,0.0
0.5555555555555556,0.0,0.5555555555555556,3.333333333333333,0.0,0.0,0.0,2.2222222222222223,0.8333333333333333,0.0,0.0,0.0,1.1111111111111112,0.0,0.0,0.0,0.0,1.6666666666666665,0.0,0.0,0.0,0.0,0.0,0.0,0.0,0.0,0.0,0.0,0.0,0.0,0.0,0.0,0.0,0.0,0.8333333333333333,0.0,0.0,0.0,0.0,0.0,0.0,0.0,0.0,0.0,1.1111111111111112,0.0,0.0,0.0,0.0,0.0,0.0,0.0,0.0,0.0,0.0,0.0,0.0,0.0,0.0,0.0,0.0,0.0,0.0,0.0,0.0,0.0,0.0,0.0,0.0,0.0,0.0,0.0,0.0,0.0,0.0,0.0,0.0,0.0,0.0,0.0,0.0,0.0,0.0,0.0,0.0,0.0,0.0,0.0,0.0,0.0,0.0,0.0,0.0,0.0,0.0,0.0,0.0,0.0,0.0,0.0,0.0,0.0,0.0,0.0,0.0,0.0,0.0,0.0,0.0,0.0,0.0,0.0,0.0,0.0,0.0,0.0,0.0,0.0,0.0,0.0,0.0,0.0,0.0,0.0,0.0,0.0,0.0,0.0,0.0,0.0,0.0,0.0,0.0,0.0,0.0,0.0,0.0,0.0,0.0,0.0,0.0,0.0,0.0,0.0,0.0,0.0,0.0,0.0,0.0,0.0,0.0,0.0,0.0,0.0,0.0,0.0,0.0,0.0,0.0,0.0,0.0,0.0,0.0,0.0,0.0,0.0,0.0,0.0,0.0,0.0,0.0,0.0,0.0,0.0,0.0,0.0,0.0,0.0,0.0,0.0,0.0,0.0,0.0,0.0,0.0,0.0,0.0,0.0,0.0,0.0,0.0,0.0,0.0,0.0,0.0,0.0,0.0,0.0,0.0,0.0,0.0,0.0,0.0,0.0,0.0,0.0,0.0,0.0,0.0,0.0,0.0,0.0,0.0,0.0,0.0,0.0,0.0,0.0,0.0,0.0,0.0,0.0,0.0,0.0,0.0,0.0,1.1111111111111112,0.0,0.0,0.0,0.0,0.0,0.0,0.0,0.0,0.0,0.0,0.0,0.0,0.0,0.0,0.0,0.0,0.0,0.0,0.0,0.0,0.0,0.0,0.0
764.7094308626816,169.437770283552,245.75448359833035,108.401104886399,37.57266807266807,183.95331812437075,22.95767195767196,64.07010582010582,38.211273132325765,26.647136632430747,87.9328339788866,13.849206349206348,4.166666666666667,40.122150997150996,74.00010773540185,44.404761904761905,12.145299145299145,213.78075579391367,53.86111111111111,13.777777777777779,11.41597583702847,50.757936507936506,14.807189542483659,13.11111111111111,4.555555555555555,9.631410256410255,0.0,37.80555555555556,0.0,1.6666666666666665,15.38888888888889,4.894491129785247,19.062305295950154,0.0,26.719576719576718,1.1111111111111112,12.978632478632479,3.7499999999999996,3.333333333333333,4.166666666666666,0.0,10.337301587301587,13.916666666666666,3.148148148148148,7.484126984126984,0.0,0.6666666666666666,59.63822751322751,0.0,0.0,11.430555555555555,19.92063492063492,9.166666666666666,0.0,13.854700854700853,0.0,0.0,7.722222222222221,32.33524516419253,13.459656084656084,0.41666666666666663,0.0,1.6666666666666665,0.0,4.747474747474747,4.285714285714286,5.108585858585859,0.0,0.0,0.8167989417989417,3.333333333333333,0.0,3.8095238095238098,4.285714285714286,8.333333333333332,4.270152505446624,9.087301587301587,3.8095238095238093,9.88888888888889,0.0,0.0,0.0,0.0,0.0,0.0,20.833333333333332,0.0,0.0,0.0,0.0,15.376262626262626,1.1111111111111112,0.0,0.0,0.0,62.15277777777778,7.337301587301587,0.0,3.333333333333333,0.0,0.0,0.0,0.0,0.0,0.0,3.311526479750779,0.0,0.0,0.0,9.0,0.0,3.333333333333333,0.0,40.9045584045584,1.1111111111111112,0.0,1.3194444444444444,0.0,0.0,0.0,0.0,0.0,46.54636070270745,0.0,0.0,0.0,0.0,0.0,5.555555555555555,0.0,0.6666666666666666,0.0,0.0,0.0,35.72222222222222,20.796296296296294,1.972222222222222,6.19047619047619,0.5555555555555556,0.0,0.5555555555555556,1.6666666666666667,0.0,0.2777777777777778,4.920634920634921,4.166666666666667,0.0,2.6666666666666665,0.0,0.0,0.0,0.0,4.444444444444445,0.0,0.0,0.8333333333333333,0.0,0.0,0.0,0.0,3.3333333333333335,0.0,0.0,14.5,0.0,0.0,0.0,5.0,0.0,0.0,25.65277777777778,0.0,0.0,0.0,0.0,0.0,0.0,0.0,6.666666666666666,18.799253034547153,0.0,0.0,0.0,0.6060606060606061,2.4242424242424243,2.6666666666666665,0.0,0.0,0.0,0.0,0.0,0.0,3.3333333333333335,0.47619047619047616,0.0,0.0,11.30952380952381,0.0,0.5555555555555556,0.0,2.803738317757009,8.944444444444445,0.0,0.0,0.8333333333333333,0.0,0.1557632398753894,0.0,0.0,1.3071895424836601,3.3333333333333335,0.8333333333333333,0.0,0.0,0.6666666666666666,3.6296296296296298,0.0,0.3333333333333333,0.0,0.0,0.0,6.277777777777778,0.0,0.0,0.0,0.0,0.0,0.5555555555555556,0.0,0.0,1.6666666666666665,0.0,0.0,0.0,0.0,0.0,0.0,0.0,0.0,0.0,1.3095238095238093,0.0,0.0,0.0,0.0,0.0,0.0,0.0,0.0,0.0
242.2222222222222,132.77777777777777,110.27777777777777,132.77777777777777,164.83333333333331,75.77777777777777,121.94444444444443,65.05555555555556,423.88888888888886,104.99999999999999,41.11111111111111,38.888888888888886,69.44444444444444,44.44444444444444,20.22222222222222,40.27777777777778,29.999999999999996,60.94444444444444,31.111111111111107,63.666666666666664,19.72222222222222,58.888888888888886,28.333333333333332,23.333333333333332,34.44444444444444,28.333333333333332,15.5,26.11111111111111,17.22222222222222,47.22222222222222,18.88888888888889,10.555555555555555,23.055555555555554,26.666666666666664,16.666666666666664,31.666666666666664,15.555555555555555,11.11111111111111,26.111111111111107,24.999999999999996,19.72222222222222,18.5,7.499999999999999,6.111111111111111,11.11111111111111,8.88888888888889,12.222222222222221,15.0,24.444444444444443,20.0,16.944444444444443,0.0,24.61111111111111,6.666666666666666,0.0,5.0,12.222222222222221,8.333333333333332,11.11111111111111,11.11111111111111,0.0,1.1111111111111112,0.0,3.333333333333333,17.5,0.8333333333333333,3.333333333333333,0.0,14.166666666666664,16.666666666666664,1.6666666666666665,5.0,0.0,0.8333333333333333,37.77777777777778,0.0,5.0,8.88888888888889,18.61111111111111,3.333333333333333,8.333333333333332,16.666666666666664,16.11111111111111,3.333333333333333,3.333333333333333,3.333333333333333,7.5,1.6666666666666665,1.1111111111111112,3.333333333333333,3.333333333333333,0.0,4.444444444444445,3.333333333333333,3.6666666666666665,17.5,4.444444444444445,0.0,0.0,1.6666666666666665,0.0,2.5,0.0,0.0,3.333333333333333,0.0,1.7741935483870965,4.666666666666666,1.612903225806452,8.333333333333332,0.0,0.0,1.9999999999999998,3.333333333333333,1.6666666666666665,0.10752688172043012,21.11111111111111,0.10752688172043012,0.10752688172043012,1.0752688172043012,0.10752688172043012,0.10752688172043012,0.0,17.777777777777775,1.6666666666666665,0.0,4.444444444444445,0.0,1.9444444444444444,0.0,0.0,2.2222222222222223,0.0,1.1111111111111112,0.0,0.0,5.0,0.0,5.0,0.0,4.166666666666666,0.0,1.1111111111111112,0.0,2.2222222222222223,0.0,0.0,0.0,0.0,0.0,3.333333333333333,2.2222222222222223,1.1111111111111112,0.0,6.666666666666666,0.0,3.888888888888889,0.0,0.0,1.1111111111111112,0.0,0.0,0.0,0.0,1.1111111111111112,1.1111111111111112,0.0,1.6666666666666665,5.0,0.0,0.0,0.0,0.0,1.1111111111111112,0.0,4.166666666666666,0.0,0.0,0.0,3.333333333333333,0.0,0.0,0.0,0.6666666666666667,2.666666666666667,0.0,3.333333333333333,2.2222222222222223,0.0,0.0,0.0,0.0,0.0,3.333333333333333,17.5,0.0,0.0,0.0,0.0,0.0,0.0,0.0,0.0,0.0,0.8333333333333333,0.0,0.0,3.3333333333333335,0.41666666666666663,0.0,0.0,3.3333333333333335,0.0,0.0,0.0,2.2222222222222223,0.0,0.0,0.0,1.1111111111111112,0.0,0.0,0.0,3.333333333333333,3.333333333333333,0.0,1.1111111111111112,0.0,0.0,3.333333333333333,0.0,0.0,3.7499999999999996,0.0,3.7499999999999996,0.0,0.8333333333333333,3.3333333333333335,1.1111111111111112,0.0,0.0,0.0,0.0,6.111111111111111,0.0,0.0,0.0,0.0,3.3333333333333335,3.333333333333333
1277.2631833298758,183.5029045029045,225.41316621831328,562.4430395766179,230.8548985056338,191.32323694823694,152.39208082222788,318.3163070589541,91.62909544159544,56.48867644700978,146.92219499817537,17.895943562610228,123.82203753037086,98.1972286972287,32.23454785954786,71.17752454517161,80.31989891916362,107.80157669128256,19.62169312169312,119.32331094831095,68.39532227032227,121.28684509934509,102.6097582972583,35.00937950937951,104.59793746558452,54.14565826330532,20.738720222272853,36.108821733821735,536.4096181596182,1.9047619047619047,31.114655406322072,53.83192733192733,57.109354425530896,67.71512746512747,11.089193214193214,17.597883597883598,55.83201058201058,16.008597883597883,18.569569319569318,41.315605690605686,101.008177008177,107.9589183964184,33.0595407678741,15.524145516792576,23.31084656084656,25.180472305472303,236.770757020757,20.796296296296294,9.460978835978835,18.40079365079365,8.922854832168557,8.506613756613756,2.947530864197531,40.972101972101974,8.769841269841269,9.556437389770723,16.650522317188983,61.403559403559406,0.6060606060606061,3.142857142857143,4.682539682539682,2.4537037037037033,3.677008177008177,22.383597883597883,7.75,3.0555555555555554,1.0763888888888888,36.226190476190474,21.78103514132926,7.367283950617284,4.544973544973545,20.491946778711483,23.78745791245791,3.0555555555555554,0.11111111111111112,11.157407407407407,1.4166666666666665,58.01996151996151,1.5185185185185184,6.0770202020202015,0.37037037037037035,4.085648148148148,3.3521571021571024,0.0,0.0,4.444444444444445,1.5,4.091269841269841,27.825396825396822,104.72781385281385,4.3686868686868685,8.30952380952381,1.4285714285714286,7.999999999999999,3.511904761904762,1.7962962962962963,25.893402893402893,0.41666666666666663,14.075476992143658,6.082251082251082,7.0171957671957665,6.528815229795622,10.562271062271062,20.233465608465607,0.0,2.1907166907166906,0.22222222222222224,1.3333333333333333,0.18518518518518517,8.364748677248677,0.2361111111111111,0.7936507936507936,1.0833333333333333,3.518518518518518,1.8181818181818181,0.0,4.783128908128908,0.0,0.0,0.0,0.0,0.0,6.515290265290265,0.0,3.488095238095238,1.6296296296296295,11.870129870129869,2.962962962962963,3.151353276353276,3.333333333333333,6.794871794871796,19.865079365079364,1.1111111111111112,0.3333333333333333,4.781144781144781,2.82313138930786,1.3194444444444444,1.0052910052910053,0.37037037037037035,3.1706349206349205,0.46296296296296297,1.1375661375661374,8.722222222222221,0.0,0.0,0.19607843137254902,1.1111111111111112,0.0,0.5079365079365079,5.925925925925926,0.8181818181818181,14.320261437908496,0.41666666666666663,0.3333333333333333,2.579365079365079,2.9259259259259256,3.5555555555555554,0.0,7.3240740740740735,1.074074074074074,0.0,0.38961038961038963,2.46031746031746,7.435185185185185,19.59391534391534,0.9464285714285714,0.0,0.0,3.8888888888888884,0.8333333333333333,3.4823717948717947,3.861111111111111,0.0,0.0,0.6666666666666666,5.313492063492063,0.37037037037037035,0.0,4.097222222222221,0.15873015873015872,2.7777777777777777,1.5925925925925926,0.7962962962962963,0.0,0.0,0.0,0.20833333333333331,0.8333333333333333,3.333333333333333,0.4375,3.7499999999999996,0.0,3.217948717948718,14.555555555555555,0.0,1.8888888888888888,2.5,0.8333333333333333,0.0,0.6919191919191919,0.8333333333333333,0.3333333333333333,0.6666666666666667,1.25,4.040404040404041,5.333333333333333,0.046296296296296294,0.3333333333333333,0.0,0.2777777777777778,1.9027777777777777,0.7407407407407407,2.5595238095238093,1.3838383838383839,0.2777777777777778,0.2777777777777778,0.9259259259259259,1.6666666666666665,3.6111111111111107,0.2777777777777778,0.0,0.09803921568627451,0.0,0.0,0.0,0.0,0.0,0.0,0.0,0.0,1.0714285714285714,2.8439153439153437,0.0,0.41666666666666663,0.0,0.0,0.1282051282051282,0.10416666666666666,0.41666666666666663,0.0,0.8055555555555556,1.25,0.0,0.0,0.0,2.611111111111111,2.380952380952381,0.0,1.9444444444444444,0.41666666666666663
207.54307928029155,26.415760869565215,75.53292377557084,117.33645019019059,38.06704859150511,23.485081142689836,20.219576719576718,28.20238095238095,6.604166666666666,15.843915343915343,28.286531279178337,3.511904761904762,49.13425925925926,13.52760343521213,2.701418951418951,11.402777777777779,1.0162037037037037,96.93132549462473,0.0,2.9166666666666665,3.2592592592592595,1.8333333333333333,21.860119047619047,0.9523809523809523,7.93371280135986,0.09803921568627451,0.18518518518518517,12.24206349206349,17.91269841269841,0.0,0.9444444444444444,4.761904761904762,1.7222222222222223,3.388227513227513,0.7391304347826088,1.0,6.589947089947089,1.1851851851851851,4.611111111111111,7.083333333333334,0.0,35.462669683257914,12.3015873015873,0.7594148770619358,0.9259259259259258,0.0,1.6666666666666665,3.7592592592592595,0.0,0.8095238095238095,4.444444444444445,0.0,0.0,7.372354497354497,0.41666666666666663,1.0,0.0,0.41666666666666663,0.0,1.5555555555555554,0.23809523809523808,0.0,0.9523809523809523,0.0,0.0,1.9166666666666665,0.20833333333333331,0.0,0.0,0.0,0.3333333333333333,0.5158730158730158,0.5833333333333333,1.9166666666666665,0.11111111111111112,2.6666666666666665,0.0,0.0,0.0,1.414983164983165,0.0,1.7708333333333335,0.0,0.0,0.0,0.0,0.0,0.0,0.6547619047619047,0.8333333333333333,0.0,1.738095238095238,0.5555555555555556,2.5,0.0,0.35185185185185186,2.125,0.0,0.0,0.0,0.0,0.0,0.0,0.0,0.0,0.0,0.0,0.0,0.0,0.0,0.0,0.0,0.0,3.333333333333333,0.0,0.0,0.0,0.0,0.0,0.0,0.0,0.0,5.991841491841492,0.0,0.42328042328042326,0.0,0.0,0.0,0.0,0.0,0.0,0.0,0.0,0.0,22.929292929292927,2.872150997150997,0.0,1.369047619047619,0.0,0.0,0.0,0.0,0.0,0.0,0.0,0.19607843137254902,0.0,0.0,0.11111111111111112,0.0,0.0,0.0,0.0,0.0,0.0,0.3333333333333333,0.0,0.0,2.5,0.0,0.0,0.0,0.0,5.6534391534391535,0.0,0.4464285714285714,0.0,0.9523809523809523,0.0,0.0,3.539351851851852,0.0,0.0,0.0,0.0,0.20833333333333331,0.0,0.0,0.0,0.0,0.5555555555555556,0.0,0.0,0.0,0.0,0.0,0.20833333333333331,0.0,0.0,0.10416666666666666,0.0,0.0,0.41666666666666663,0.3333333333333333,0.0,0.2777777777777778,0.0,0.0,0.0,0.0,0.0,0.3333333333333333,0.0,0.0,0.0,0.0,0.0,0.0,0.0,0.6111111111111112,1.9027777777777777,0.7407407407407407,0.23809523809523808,0.0,0.0,0.0,0.2777777777777778,0.0,0.0,0.0,0.0,0.6666666666666666,0.0,0.0,0.0,0.0,0.0,0.0,0.0,0.0,0.0,0.0,0.0,0.0,0.0,0.0,0.0,0.0,0.0,0.0,0.47619047619047616,0.0,0.0,0.0,0.0,0.0,0.0,0.0,0.0,0.0
45.97222222222222,20.777777777777775,21.666666666666664,16.666666666666668,8.920634920634921,14.777777777777777,3.333333333333333,19.333333333333332,0.0,7.761904761904761,8.333333333333332,0.47619047619047616,0.0,1.1111111111111112,0.0,10.555555555555555,0.0,0.0,1.3333333333333333,0.5555555555555556,0.0,1.7777777777777777,17.185185185185187,0.0,1.8888888888888888,0.0,0.0,0.5555555555555556,2.9166666666666665,0.47619047619047616,0.0,0.0,0.0,0.0,3.333333333333333,3.611111111111111,0.0,0.6666666666666667,38.83333333333333,0.0,0.0,0.0,3.333333333333333,0.0,0.0,0.0,0.0,0.0,0.0,0.6666666666666666,0.0,0.0,0.0,0.0,0.0,2.8703703703703702,0.0,0.0,0.0,0.0,0.0,0.0,0.0,0.6666666666666666,0.0,0.0,0.0,0.0,0.0,0.0,0.0,0.0,0.0,0.0,0.0,0.0,0.0,0.0,9.444444444444445,0.0,0.8333333333333334,0.0,0.0,0.0,0.0,0.0,0.0,0.0,0.0,0.8333333333333333,0.0,0.0,0.0,0.0,0.0,0.0,0.0,0.0,0.0,0.0,0.0,0.0,0.0,0.0,0.0,0.0,0.0,0.0,0.0,0.0,0.0,0.0,0.0,0.0,0.0,0.0,0.0,0.0,0.0,0.0,0.0,0.0,0.0,0.0,0.0,0.0,0.0,0.0,0.0,0.0,0.0,0.0,0.0,0.47619047619047616,0.0,0.0,0.0,0.0,0.0,0.0,0.0,0.0,0.0,0.0,0.0,0.0,0.0,0.0,0.0,0.0,0.0,0.0,0.0,0.0,0.0,0.0,0.0,0.0,0.0,0.0,0.0,0.0,0.0,0.0,0.0,0.0,0.0,0.0,0.0,0.0,0.0,0.0,0.0,0.0,0.0,0.0,0.0,0.0,0.0,0.0,0.0,0.0,0.0,0.0,0.0,0.0,0.0,0.0,0.0,0.0,0.0,0.0,0.0,0.0,0.0,0.0,0.0,0.0,0.0,0.0,0.0,0.0,0.0,0.0,0.0,0.0,0.0,0.0,0.0,0.0,0.0,0.0,0.0,0.0,0.0,0.0,0.0,0.0,0.0,0.0,0.0,0.0,0.0,0.0,0.0,0.0,0.0,0.0,0.0,0.0,0.0,0.0,0.0,0.0,0.0,0.0,0.0,0.0,0.0,0.0,0.0,0.0,0.0,0.0,0.0,0.0,0.0,0.0,0.0,0.0
230.53373015873015,72.34325396825396,102.55208333333333,105.05956694271912,140.0843253968254,95.20238095238095,206.24305555555554,108.93055555555554,83.46130952380952,42.3676948051948,162.61507936507937,66.21167027417027,70.82738095238095,45.81547619047619,63.26488095238095,69.3577847805789,57.41474266474266,21.52385265700483,36.33333333333333,44.49872038187255,18.25297619047619,40.44642857142857,74.96130952380952,14.573412698412698,52.5244708994709,27.97222222222222,28.75,13.055555555555555,47.550925925925924,10.0,45.39775733525733,27.349206349206348,24.46759259259259,34.0813492063492,26.20436507936508,20.470899470899468,16.95138888888889,13.46031746031746,11.043650793650793,20.435996873496872,52.785714285714285,2.5625,15.757936507936508,47.249128186628184,4.611111111111111,20.625,7.224206349206349,20.416666666666668,8.297979797979798,22.916666666666664,7.638888888888888,5.0,41.00694444444444,6.329365079365079,8.948412698412698,11.041666666666666,16.805555555555554,8.11111111111111,7.333333333333333,5.694444444444444,3.208333333333333,8.333333333333332,11.086910774410773,12.259650072150071,8.939814814814815,0.3333333333333333,8.805555555555555,3.9384920634920637,14.897817460317459,5.972222222222221,17.979166666666664,1.0,3.2222222222222223,0.0,9.388888888888888,5.0,2.138888888888889,6.825396825396825,0.9999999999999999,4.736111111111111,12.227182539682538,4.980158730158729,7.111111111111111,6.25,52.04924242424242,29.625,3.6111111111111107,10.300925925925926,7.2023809523809526,12.847222222222221,17.506944444444443,7.175925925925926,11.093253968253968,12.805555555555554,14.654761904761903,19.444444444444443,1.3690476190476188,0.41666666666666663,5.357142857142858,3.486111111111111,4.833333333333333,8.307539682539682,7.694444444444444,5.625,5.343915343915343,2.8115079365079363,0.0,2.3125,0.0,4.583333333333333,0.0,0.8333333333333334,9.21626984126984,5.277777777777777,0.0,0.0,8.270833333333334,0.0,0.0,0.0,0.0,0.0,0.0,1.25,4.513888888888888,5.7271825396825395,13.06798552754435,0.7222222222222222,2.0634920634920633,1.6666666666666665,15.277777777777777,4.5625,4.861111111111111,2.013888888888889,0.0,0.0,6.25,0.5555555555555556,4.662698412698412,4.074074074074074,6.75,0.8333333333333333,6.222222222222222,14.88888888888889,2.5277777777777777,2.6388888888888884,0.41666666666666663,0.0,0.11904761904761904,0.0,1.9444444444444444,0.0,0.0,6.618055555555555,9.395833333333334,0.47619047619047616,1.6666666666666665,4.055555555555555,0.4841570466570466,0.41666666666666663,0.8333333333333333,0.0,1.1111111111111112,0.0,20.25577731092437,0.0,0.6944444444444444,1.6666666666666667,0.8333333333333333,1.3888888888888888,0.0,0.0,6.111111111111111,2.46031746031746,1.6666666666666665,0.41666666666666663,0.6111111111111112,0.0,0.3125,0.0,6.291666666666666,4.791666666666666,2.395833333333333,1.9098947550034506,7.6395790200138025,0.0,1.6666666666666665,4.166666666666666,9.51388888888889,0.625,1.6666666666666667,0.5555555555555556,0.0,0.0,0.0,1.6666666666666667,0.0,0.9027777777777777,0.0,1.2916666666666665,2.0535714285714284,0.0,0.2777777777777778,1.2777777777777777,1.8055555555555554,0.0,0.11408730158730158,0.6215277777777778,0.5555555555555556,0.0,0.0,0.0,0.0,2.583333333333333,0.5555555555555556,0.0,1.7424242424242422,1.7857142857142856,0.0,0.2013888888888889,0.0,0.0,0.3333333333333333,0.0,0.8333333333333333,0.0,0.0,0.5555555555555556,0.0,0.18518518518518517,0.0,0.0,0.0,0.5555555555555556,0.0,0.0,0.0,1.6666666666666665,1.7291666666666665,0.2777777777777778,0.0,5.138888888888888,0.0,2.569444444444444,0.0,0.8333333333333333,0.0,0.0,0.0,0.0
59.58068783068783,48.12698412698413,9.722222222222221,29.027777777777775,6.661616161616161,12.527777777777777,30.39141414141414,0.6388888888888888,0.75,10.694444444444445,11.984848484848484,1.25,1.5238095238095237,3.8888888888888884,6.0436507936507935,2.2222222222222223,0.2777777777777778,0.23809523809523808,3.75,1.5555555555555554,12.525252525252524,0.0,1.25,0.4292929292929293,0.0,3.9999999999999996,2.4166666666666665,0.5555555555555556,4.841269841269842,5.972222222222221,1.6666666666666665,0.0,0.0,0.8333333333333333,0.0,1.3333333333333335,1.3888888888888888,0.0,47.95238095238095,0.0,0.0,0.0,0.0,1.0833333333333333,2.380952380952381,0.0,2.2222222222222223,0.0,2.083333333333333,0.7070707070707071,0.15151515151515152,1.6666666666666665,0.0,6.555555555555555,0.3333333333333333,2.6363636363636362,0.8333333333333334,2.388888888888889,2.619047619047619,0.0,0.0,0.0,0.0,0.0,0.0,0.0,0.0,0.0,0.0,0.0,0.0,1.6666666666666665,0.0,0.0,0.18518518518518517,0.0,0.0,0.0,8.333333333333334,0.0,0.1388888888888889,0.0,1.1111111111111112,0.0,5.666666666666667,0.0,11.904761904761905,0.0,1.6666666666666665,0.8333333333333333,0.0,0.0,0.0,0.0,0.0,0.0,0.0,0.47619047619047616,0.0,7.722222222222222,0.0,0.0,0.0,0.0,0.0,0.0,0.0,0.0,0.0,0.0,0.8333333333333333,0.0,0.5555555555555556,0.0,0.0,0.0,0.0,0.0,0.0,0.0,0.0,0.0,0.0,0.0,0.41666666666666663,0.0,0.0,0.0,2.333333333333333,0.0,0.0,0.0,0.2777777777777778,0.0,0.0,0.0,0.0,0.0,0.0,0.0,0.0,0.0,0.0,0.0,0.0,0.0,1.1111111111111112,0.0,0.0,0.0,0.0,0.0,0.0,0.0,0.0,0.0,0.0,0.0,0.0,0.0,0.0,0.0,0.5555555555555556,0.0,0.0,0.0,0.0,0.0,0.0,0.23809523809523808,0.0,0.41666666666666663,0.0,0.0,0.5185185185185185,0.0,0.0,0.0,0.0,0.0,0.0,0.0,0.0,0.0,0.0,4.444444444444445,0.0,0.0,0.0,0.0,0.0,1.6666666666666665,0.0,0.37037037037037035,0.2777777777777778,0.0,0.0,0.0,0.0,0.0,0.0,0.0,0.0,0.0,0.0,0.0,0.0,0.0,0.0,0.0,0.0,0.0,0.0,0.0,0.0,0.0,0.0,0.0,0.0,0.0,0.0,0.0,0.15151515151515152,0.0,0.0,0.0,0.0,0.0,0.0,0.0,0.0,0.0,0.0,0.0,0.0,0.0,0.0,0.0,0.0,0.0,0.0,0.0,0.0,0.0,0.0,0.0,0.0,0.0,0.0,0.0
214.35185185185185,10.092592592592592,41.388888888888886,13.777777777777777,70.83333333333333,7.222222222222221,15.37037037037037,10.0,14.999999999999998,5.833333333333333,1.2037037037037037,38.56481481481481,38.79629629629629,19.72222222222222,20.0,0.0,13.333333333333332,2.5,3.7037037037037033,0.6666666666666667,4.814814814814815,13.24074074074074,4.722222222222222,11.11111111111111,1.6666666666666665,0.0,9.814814814814815,0.0,8.61111111111111,17.59259259259259,10.833333333333334,11.666666666666666,7.499999999999999,4.444444444444445,2.0370370370370368,0.0,0.9259259259259259,0.0,0.0,2.7777777777777777,0.41666666666666663,0.0,0.0,25.87962962962963,2.083333333333333,0.0,1.1111111111111112,0.0,0.0,1.6666666666666665,0.0,3.333333333333333,0.0,0.0,0.0,0.0,0.0,3.333333333333333,0.0,0.0,0.0,3.333333333333333,0.0,0.0,0.0,0.0,0.0,0.0,0.0,0.0,0.0,0.0,1.1111111111111112,0.0,0.0,0.0,0.0,0.0,0.0,0.0,0.0,0.0,0.0,0.0,6.666666666666666,0.0,0.0,1.1111111111111112,0.0,0.0,0.0,0.0,0.0,0.5555555555555556,0.0,0.0,0.0,0.0,0.0,0.0,0.2777777777777778,0.0,0.0,0.0,0.0,0.0,0.0,0.0,0.0,0.0,0.0,0.0,0.0,0.0,0.0,0.0,0.0,0.0,0.0,0.0,0.0,0.0,0.0,1.1111111111111112,0.0,0.0,0.0,1.6666666666666665,0.0,0.0,0.0,0.5555555555555556,0.0,0.0,0.0,0.0,0.0,0.0,2.962962962962963,0.0,0.37037037037037035,0.0,0.0,0.0,0.0,0.0,0.0,0.0,0.0,0.0,0.0,0.0,0.0,0.0,0.0,0.0,0.0,0.0,0.0,0.0,0.0,0.0,0.0,0.0,0.0,0.0,0.0,0.0,0.0,0.0,0.0,0.0,0.0,0.0,0.0,0.0,0.0,0.0,0.0,0.0,0.0,0.0,0.0,0.0,0.0,0.0,0.0,1.6666666666666665,0.0,0.0,0.0,0.0,0.0,0.0,0.0,0.0,0.0,0.0,0.0,0.0,0.0,0.0,0.0,0.0,0.0,0.0,0.0,0.0,0.0,0.0,0.0,0.0,0.0,0.0,0.0,0.0,0.0,0.0,0.0,0.0,0.0,0.0,0.0,0.0,0.0,0.0,0.0,0.0,0.0,0.0,0.0,0.0,0.0,0.0,0.0,0.0,0.0,0.0,0.0,0.0,0.0,0.0,0.0,0.0,0.0,0.0,0.0,0.0,0.0,0.0
56.41865079365079,8.648809523809524,31.135416666666664,14.010912698412698,14.969246031746032,21.035714285714285,27.67361111111111,14.722222222222221,9.181547619047619,7.8601190476190474,94.97619047619047,8.677579365079364,9.813492063492063,9.208333333333332,28.487103174603174,22.468895891690007,25.988816738816737,1.5625,5.083333333333333,10.444775132275131,10.451388888888888,14.890873015873016,51.62797619047619,8.472222222222221,21.21891534391534,21.02777777777778,1.25,0.5555555555555556,14.717592592592592,0.0,27.897757335257335,18.876984126984127,8.590277777777777,12.27579365079365,14.9265873015873,4.452380952380952,11.618055555555555,5.21031746031746,2.738095238095238,11.709145021645021,44.45238095238095,1.7291666666666665,11.869047619047619,41.15190596440596,0.4444444444444444,7.180555555555555,4.057539682539682,0.0,3.922979797979798,8.583333333333332,0.0,1.6666666666666665,27.104166666666664,3.869047619047619,1.4484126984126984,5.875,0.0,2.833333333333333,0.0,4.027777777777778,0.375,2.9166666666666665,6.920244107744107,9.092983405483405,2.013888888888889,0.0,0.0,3.9384920634920637,3.453373015873016,0.0,5.034722222222222,1.0,2.388888888888889,0.0,0.0,0.0,0.0,2.103174603174603,0.9999999999999999,3.625,0.7986111111111112,2.8968253968253967,1.9444444444444442,0.0,47.04924242424242,0.0,0.2777777777777778,4.328703703703704,7.2023809523809526,1.597222222222222,11.67361111111111,4.2592592592592595,7.343253968253968,1.25,8.376984126984127,0.0,1.3690476190476188,0.41666666666666663,0.0,1.2638888888888888,2.888888888888889,7.7519841269841265,3.25,5.208333333333333,3.2605820105820102,2.6527777777777777,0.0,0.8541666666666667,0.0,0.0,0.0,0.2777777777777778,2.2718253968253967,0.0,0.0,0.0,3.7152777777777777,0.0,0.0,0.0,0.0,0.0,0.0,1.25,3.4027777777777777,4.8938492063492065,7.192985527544351,0.7222222222222222,0.39682539682539686,0.0,13.819444444444443,4.5625,0.7777777777777778,2.013888888888889,0.0,0.0,0.0,0.0,2.996031746031746,0.0,6.75,0.0,2.888888888888889,3.6111111111111107,0.861111111111111,0.1388888888888889,0.41666666666666663,0.0,0.11904761904761904,0.0,0.0,0.0,0.0,3.8402777777777777,8.840277777777779,0.47619047619047616,0.0,0.2777777777777778,0.4841570466570466,0.0,0.0,0.0,0.0,0.0,19.922443977591033,0.0,0.6944444444444444,0.0,0.0,0.5555555555555556,0.0,0.0,0.0,0.5555555555555556,0.0,0.0,0.6111111111111112,0.0,0.3125,0.0,2.833333333333333,0.9027777777777777,0.45138888888888884,0.0,0.0,0.0,0.0,0.0,0.0,0.625,0.0,0.0,0.0,0.0,0.0,0.0,0.0,0.9027777777777777,0.0,1.2916666666666665,0.625,0.0,0.0,1.2777777777777777,0.9722222222222221,0.0,0.034722222222222224,0.6215277777777778,0.0,0.0,0.0,0.0,0.0,2.583333333333333,0.0,0.0,0.07575757575757576,0.11904761904761904,0.0,0.2013888888888889,0.0,0.0,0.3333333333333333,0.0,0.0,0.0,0.0,0.0,0.0,0.0,0.0,0.0,0.0,0.0,0.0,0.0,0.0,0.0,0.8958333333333333,0.2777777777777778,0.0,0.0,0.0,0.06944444444444445,0.0,0.0,0.0,0.0,0.0,0.0
118.30555555555554,6.055555555555555,18.444444444444443,79.94444444444444,71.05555555555556,40.138888888888886,140.94444444444443,17.22222222222222,13.333333333333332,28.555555555555557,38.44444444444444,4.444444444444445,6.666666666666666,10.38888888888889,28.88888888888889,12.880952380952381,0.0,0.0,6.333333333333333,13.825396825396824,13.888888888888888,27.142857142857142,4.333333333333333,5.944444444444444,1.6666666666666665,5.833333333333333,0.0,0.5555555555555556,20.555555555555557,38.888888888888886,3.888888888888889,1.5873015873015874,0.0,8.88888888888889,0.0,0.0,0.8333333333333333,1.6666666666666665,14.555555555555555,0.0,0.0,1.1111111111111112,6.666666666666666,12.722222222222221,0.0,2.7777777777777777,0.0,0.0,1.527777777777778,0.6666666666666666,0.0,0.0,0.0,0.0,0.0,0.2777777777777778,2.2222222222222223,0.6666666666666666,0.0,0.0,0.0,8.333333333333332,1.6666666666666667,0.0,10.349206349206348,0.0,0.0,0.0,0.0,19.896825396825395,0.0,0.0,0.0,0.0,0.0,0.0,0.0,1.7777777777777777,0.8333333333333333,0.0,0.1388888888888889,0.0,0.0,0.0,2.2222222222222223,0.0,8.333333333333332,0.0,0.0,21.11111111111111,0.0,0.0,0.0,0.0,1.6666666666666665,0.0,0.0,23.72222222222222,0.0,0.0,2.5,0.0,0.0,0.0,5.0,0.0,0.0,0.0,0.0,0.5555555555555556,0.0,0.0,2.2222222222222223,0.0,0.0,0.0,0.0,0.0,0.0,0.0,0.0,0.0,0.0,0.0,0.0,0.0,0.0,0.0,0.0,0.0,0.0,0.8333333333333333,9.031746031746032,2.4206349206349205,0.0,0.0,0.0,1.1111111111111112,0.0,0.0,0.0,0.0,0.0,0.0,0.0,0.0,0.5555555555555556,0.0,0.0,0.0,0.0,0.0,0.0,0.0,0.0,0.0,0.0,0.0,3.3333333333333335,1.6666666666666665,0.0,0.0,0.0,0.0,0.0,0.0,0.8333333333333333,0.0,0.0,0.0,0.0,0.0,0.0,0.0,0.0,0.0,0.0,0.8333333333333333,0.0,0.0,0.0,0.0,0.0,0.0,0.0,0.0,0.0,0.0,0.0,0.0,0.0,0.0,0.0,0.0,0.0,0.0,0.0,0.0,0.0,0.0,0.0,0.0,0.6666666666666666,0.0,0.0,0.0,0.0,0.0,0.0,0.0,0.0,0.0,0.0,0.0,0.0,0.0,0.8333333333333333,0.0,0.0,0.0,0.0,0.0,0.0,0.0,0.0,0.0,0.0,0.0,0.0,0.0,0.0,0.0,0.0,0.0,0.0,0.0,0.0,0.0,0.6666666666666666,0.0,0.0,0.0,0.0,0.0,0.0,0.0,0.0,0.0,0.0,0.0
247.33291543771412,72.1942102087226,29.28905714025683,91.90686684030337,56.03562623879961,49.05555555555556,63.07428451178451,43.015771265771264,55.007936507936506,17.209864940128096,19.34479927823581,16.04861111111111,44.54185076476098,26.546296296296294,26.640289449112977,49.89285714285714,16.589743589743588,48.10648045768014,18.547619047619047,5.476190476190476,19.064814814814813,11.182659932659933,6.875,8.88888888888889,7.81521164021164,13.24074074074074,5.346260221260221,27.098665782102312,3.861111111111111,10.886904761904761,3.3333333333333335,9.899470899470899,6.70734126984127,0.2777777777777778,5.4564270152505445,1.25,3.3055555555555554,25.67380952380952,0.0,7.015873015873016,3.458333333333333,4.869047619047619,15.517551892551891,1.4603174603174602,20.8015873015873,11.309523809523808,0.0,1.574074074074074,3.4054834054834053,0.11904761904761904,5.444444444444444,19.45436507936508,4.722222222222222,0.0,0.8333333333333333,6.200396825396825,2.4927849927849928,4.722222222222222,1.0476190476190474,6.022486772486772,0.9523809523809523,0.0,9.444444444444445,0.0,3.333333333333333,0.0,3.436868686868687,8.175925925925926,0.0,2.5,0.09259259259259259,12.61243386243386,10.571428571428571,0.0,0.09259259259259259,20.016233766233764,1.0652663112028438,1.7777777777777777,0.0,3.156974969474969,0.0,1.7083333333333333,0.0,0.0,1.6666666666666665,0.0,2.976190476190476,3.333333333333333,1.6666666666666665,0.0,0.0,3.333333333333333,3.3333333333333335,3.333333333333333,0.0,4.166666666666666,0.0,0.0,0.0,0.0,0.0,6.222222222222222,0.1282051282051282,0.0,0.0,10.525943621595795,0.10101010101010102,1.6666666666666667,1.5151515151515154,2.5,1.4814814814814814,0.0,0.41666666666666663,1.6666666666666667,3.9999999999999996,0.10101010101010102,0.0,0.10101010101010102,0.10101010101010102,1.0101010101010102,0.10101010101010102,0.10101010101010102,6.428989139515455,18.055555555555557,0.0,0.9523809523809523,0.0,0.0,0.0,3.333333333333333,1.0185185185185186,0.20833333333333331,0.0,0.0,1.6666666666666665,1.5,0.47619047619047616,0.05555555555555556,0.0,0.0,0.0,0.11904761904761904,0.0,0.09259259259259259,0.8251231527093595,0.0,0.0,1.3888888888888888,0.0,0.0,0.0,0.0,0.046296296296296294,0.0,0.0,4.480769230769231,0.0,1.3333333333333333,0.0,3.841066341066341,6.666666666666666,0.0,0.0,11.833333333333332,0.0,0.6666666666666666,0.0,2.738095238095238,0.0,0.0,0.8333333333333333,0.47619047619047616,2.121212121212121,0.0,0.0,0.0,0.0,0.0,0.0,0.5555555555555556,0.09259259259259259,0.0,0.0,0.09259259259259259,0.37037037037037035,0.5555555555555556,0.0,0.0,0.0,0.0,1.9047619047619047,0.0,0.2777777777777778,2.4761904761904763,2.958333333333333,0.0,1.7105263157894737,0.0,0.0,0.0,3.0521739130434784,0.0,0.0,0.0,0.0,0.0,0.16956521739130434,0.0,0.0,1.6666666666666665,2.1296296296296298,0.0,0.1388888888888889,0.0,0.0,0.3333333333333333,0.0,0.0,0.0,0.0,0.0,0.5833333333333333,0.0,2.2222222222222223,0.036231884057971016,0.0,0.0,0.0,2.0,0.0,1.3333333333333333,0.0,0.7314814814814814,1.2037037037037037,0.7314814814814814,0.8333333333333333,0.0,0.47619047619047616,0.0,0.0,0.8796296296296295,0.0,0.0,0.0,1.6666666666666665,0.0,0.0,0.10416666666666666,0.0,0.0
3.6111111111111107,3.3333333333333335,0.0,0.0,0.0,0.0,0.0,0.0,0.2777777777777778,0.0,1.574074074074074,0.0,0.0,0.0,0.20833333333333331,0.8333333333333333,0.0,0.0,0.0,0.0,0.0,3.3333333333333335,0.0,0.0,0.0,0.0,0.0,0.0,0.0,0.0,0.0,0.0,3.3333333333333335,0.0,0.0,0.0,0.0,0.0,0.0,0.0,1.3657407407407407,0.0,2.692053317053317,0.0,0.0,0.0,0.0,0.0,0.0,0.0,0.0,0.0,0.0,0.0,0.0,0.0,0.0,0.0,0.0,0.0,0.0,0.0,0.0,0.0,0.0,0.0,0.0,0.0,0.0,0.0,0.0,1.130952380952381,0.0,0.0,0.0,0.0,0.0,0.0,0.0,0.0,0.0,0.0,0.0,0.0,0.0,0.0,0.0,0.0,0.0,0.0,0.0,0.0,0.0,0.0,0.0,0.0,0.0,0.0,0.0,0.0,0.0,0.0,0.1282051282051282,0.0,0.0,0.0,0.0,0.0,0.0,0.0,0.0,0.0,0.0,0.0,0.0,0.0,0.0,0.0,0.0,0.0,0.0,0.0,0.0,0.0,0.0,0.0,0.0,0.0,0.0,0.0,0.0,0.0,0.0,0.0,0.0,0.0,0.0,0.0,0.0,0.0,0.0,0.0,0.0,0.0,0.0,0.0,0.0,0.0,0.0,0.0,0.0,0.0,0.0,0.0,0.0,1.1057692307692306,0.0,0.0,0.0,0.0,0.0,0.0,0.0,0.0,0.0,0.0,0.0,0.0,0.0,0.0,0.0,0.0,0.0,0.0,0.0,0.0,0.0,0.0,0.0,0.0,0.0,0.0,0.0,0.0,0.0,0.0,0.0,0.0,0.0,0.0,0.0,0.0,0.0,0.0,1.1111111111111112,0.0,0.0,0.0,0.0,0.0,0.0,0.0,0.0,0.0,0.0,0.0,0.0,0.0,0.0,0.0,0.0,0.0,0.0,0.0,0.0,0.0,0.0,0.0,0.0,0.0,0.0,0.0,0.0,0.0,0.0,0.0,0.0,0.0,0.0,0.0,0.0,0.0,0.0,0.0,0.0,0.0,0.0,0.0,0.0,0.0,0.0,0.0,0.0,0.0,0.0,0.0,0.0,0.0,0.0,0.0
103.10329485329484,14.98046398046398,25.09259259259259,13.369047619047619,36.03276353276353,7.2474747474747465,24.253968253968253,4.722222222222222,16.03174603174603,3.9999999999999996,15.920634920634921,23.29244829244829,7.559523809523809,17.107142857142858,5.833333333333333,8.214285714285714,4.166666666666666,10.833333333333332,2.2222222222222223,0.0,4.166666666666666,1.4444444444444444,12.306397306397306,14.388888888888888,4.444444444444445,0.0,0.3333333333333333,0.0,21.952380952380953,6.666666666666666,4.166666666666666,2.2222222222222223,9.603174603174603,0.0,3.8095238095238098,0.47619047619047616,7.777777777777778,8.095238095238095,0.0,8.61111111111111,3.333333333333333,10.476190476190474,0.6666666666666666,3.333333333333333,0.3333333333333333,0.0,11.476190476190474,0.0,3.333333333333333,1.7777777777777777,0.0,0.0,0.0,0.0,0.0,0.0,0.0,6.166666666666666,1.6666666666666665,3.333333333333333,0.0,0.0,2.5,1.3333333333333335,0.0,0.0,0.0,3.3333333333333335,0.0,3.333333333333333,0.0,0.0,0.0,0.0,2.2222222222222223,0.0,0.0,0.0,0.0,1.1111111111111112,0.0,1.1111111111111112,1.0833333333333333,0.0,11.38888888888889,0.0,0.0,0.41666666666666663,3.333333333333333,0.0,0.0,0.0,0.0,0.0,1.1111111111111112,0.0,0.0,1.6666666666666665,0.8333333333333333,0.7407407407407407,2.2222222222222223,3.888888888888889,0.0,1.2857142857142856,0.0,0.0,0.0,0.0,0.0,1.1111111111111112,0.0,0.0,0.0,0.0,0.0,0.0,0.41666666666666663,0.0,0.0,0.0,0.0,0.0,0.0,0.8333333333333333,0.0,0.0,0.8333333333333333,0.0,12.825396825396824,0.0,0.30303030303030304,0.0,0.0,0.0,0.0,0.0,0.0,0.0,0.0,0.0,0.0,0.0,0.0,0.0,0.0,0.0,0.0,0.0,0.0,0.0,0.0,0.0,0.0,0.0,0.0,0.0,0.0,0.0,0.0,0.0,0.0,0.0,1.1111111111111112,0.0,0.0,0.0,0.0,0.0,0.0,0.0,0.0,0.0,0.0,0.0,0.0,0.0,0.0,0.0,0.0,0.0,0.0,0.0,0.0,0.0,0.0,0.0,0.0,0.0,0.0,0.41666666666666663,0.0,0.0,0.0,0.0,0.0,1.1111111111111112,0.0,0.0,0.0,0.0,0.0,0.0,0.0,0.0,0.5555555555555556,0.0,0.0,0.0,0.0,0.0,0.0,0.0,0.0,0.0,0.0,0.0,0.0,0.0,0.0,0.0,0.0,0.0,0.0,0.0,0.0,0.0,0.0,0.0,0.0,0.0,0.0,0.0,0.0,0.0,0.0,0.0,0.0,0.0,0.0,0.0,0.0,0.0,0.0,0.0,0.0,0.0,0.0,0.0,0.8333333333333333,0.0
14.175925925925926,13.99002849002849,18.935185185185183,18.23611111111111,9.0,6.666666666666666,4.555555555555555,18.703703703703702,29.11111111111111,2.6666666666666665,6.777777777777778,5.416666666666666,4.953703703703703,15.194444444444445,1.888888888888889,10.814814814814815,5.592592592592593,1.6666666666666665,1.423076923076923,9.193121693121693,0.0,0.2777777777777778,0.5555555555555556,4.444444444444444,5.0,0.8333333333333333,10.0,15.324074074074073,0.3333333333333333,0.5555555555555556,0.41666666666666663,3.0555555555555554,4.037037037037037,14.083333333333332,0.0,4.666666666666666,0.0,0.41666666666666663,0.0,5.0,0.6944444444444444,0.0,0.5,0.6904761904761905,0.0,0.0,2.1794871794871793,2.638888888888889,0.0,0.2777777777777778,0.8333333333333333,0.0,2.5,0.42328042328042326,0.0,0.0,0.37037037037037035,0.0,0.0,0.0,0.37037037037037035,2.2222222222222223,0.0,0.0,0.41666666666666663,0.0,0.0,0.0,0.0,0.0,0.0,0.0,0.0,0.0,0.0,0.0,0.5555555555555556,0.0,0.0,0.0,0.0,0.0,0.0,1.1111111111111112,0.33333333333333337,0.0,0.0,0.0,1.6666666666666665,0.0,0.0,0.0,0.0,0.0,0.0,0.0,0.0,1.6666666666666665,0.0,0.0,0.0,2.2222222222222223,1.6666666666666665,0.0,1.1111111111111112,0.0,0.0,0.0,0.0,0.0,0.0,0.0,0.5555555555555556,0.0,0.0,0.0,0.0,0.0,0.0,0.0,0.0,0.0,0.0,0.0,0.0,0.0,0.0,0.0,0.0,0.0,0.0,0.0,0.0,0.2777777777777778,0.0,0.0,0.0,0.0,0.0,1.1111111111111112,0.41666666666666663,0.0,0.0,0.0,0.0,0.0,0.0,0.0,0.0,0.0,0.0,0.0,0.0,0.0,0.0,0.0,1.5,0.0,0.0,0.0,0.0,0.0,1.1111111111111112,0.0,0.0,0.0,0.8928571428571428,0.8095238095238095,0.0,1.1111111111111112,0.0,0.0,0.0,0.0,0.0,0.0,0.0,0.37037037037037035,0.0,0.0,0.0,0.0,0.0,0.0,0.0,0.0,0.20833333333333331,0.0,0.0,0.0,0.0,0.0,0.0,0.0,0.0,0.0,0.0,0.0,0.0,0.0,0.0,0.0,0.0,0.0,0.0,0.0,0.0,0.0,0.0,0.0,0.0,0.0,0.0,0.0,0.0,0.0,0.0,0.0,0.0,0.37037037037037035,0.0,0.0,0.0,0.0,0.0,0.0,0.0,0.0,0.0,0.0,0.0,0.0,0.0,0.0,0.0,0.0,0.0,0.0,0.0,0.0,0.0,0.0,0.0,0.0,0.0,0.0,0.0,0.0,0.0,0.0
384.94098125602187,124.77777777777777,160.24007936507937,119.77910052910053,93.99460724460725,70.21031746031746,103.86331569664902,138.79727525560858,142.2565305065305,60.14286722620056,43.58601973552954,23.982804232804234,181.12121212121212,51.16181657848325,33.16798941798942,65.44775132275132,98.47641093474427,163.89655654493052,41.14221272554606,24.72222222222222,60.328153309860625,15.72089947089947,42.235449735449734,35.96560846560846,47.52865961199294,62.94196544196544,1.8055555555555556,11.166666666666666,28.591269841269842,1.9999999999999998,21.51388888888889,21.04700854700855,9.973544973544973,8.948412698412698,21.28958078958079,29.193121693121693,34.71296296296296,9.435185185185185,4.424603174603174,12.448192239858907,5.243386243386244,112.53593474426808,22.371031746031747,5.555555555555555,18.425925925925927,44.62742504409171,4.920634920634921,1.917989417989418,2.2222222222222223,4.616402116402116,5.648148148148148,54.72854922854923,8.451058201058201,6.540123456790123,4.25,9.235449735449736,3.8624338624338623,14.320987654320987,6.248677248677248,5.555555555555555,1.6005291005291005,1.2962962962962963,2.2592592592592595,1.074074074074074,2.537037037037037,5.534188034188034,5.989740611691831,3.898148148148148,6.481481481481481,2.7777777777777777,6.574074074074074,32.20594220594221,15.54673721340388,2.222222222222222,8.45679012345679,25.484737109737107,9.38888888888889,6.314814814814815,7.777777777777778,12.762345679012347,0.8928571428571428,7.598765432098765,9.575396825396824,0.0,0.0,4.166666666666667,0.3333333333333333,1.7777777777777777,2.2222222222222223,2.388888888888889,9.080246913580247,2.8571428571428568,7.962962962962963,0.5555555555555556,4.251322751322751,3.5555555555555554,0.6666666666666666,1.1111111111111112,5.666666666666666,1.3888888888888888,1.5740740740740742,2.6984126984126986,1.6666666666666665,0.7407407407407407,0.0,17.521999605332937,0.4248455940529111,0.5555555555555556,6.978744516854273,1.3333333333333333,7.388888888888889,4.722222222222222,5.198412698412699,2.0370370370370368,1.3333333333333335,0.4248455940529111,1.3888888888888888,0.4248455940529111,0.4248455940529111,4.248455940529111,0.4248455940529111,0.4248455940529111,1.9371319371319373,1.6666666666666665,0.0,6.931216931216931,0.0,1.1111111111111112,1.6666666666666667,6.5691561524894855,0.23809523809523808,0.22222222222222224,0.7142857142857142,0.0,4.537037037037036,4.555555555555555,2.7777777777777777,0.46031746031746035,0.22222222222222224,0.09803921568627451,0.0,1.4444444444444444,7.0607448107448105,0.0,1.3333333333333333,0.4365079365079365,1.3095238095238095,1.1111111111111112,0.0,1.1111111111111112,1.1111111111111112,3.333333333333333,0.0,0.6666666666666667,9.074074074074074,1.0714285714285714,0.0,1.6666666666666665,1.3095238095238093,8.277777777777779,24.678247678247676,1.1666666666666667,0.0,3.888888888888889,0.0,6.0,0.3333333333333333,1.3703703703703702,0.3333333333333333,1.4285714285714284,2.7777777777777777,0.5753968253968254,22.95297045297045,0.47619047619047616,0.0,1.9444444444444444,0.0,0.0,2.2916666666666665,23.11655773420479,4.111111111111111,0.7407407407407407,0.37037037037037035,0.1388888888888889,0.5555555555555556,0.5555555555555556,0.0,0.3333333333333333,2.7777777777777777,0.10416666666666666,1.6666666666666667,3.4523809523809526,2.7777777777777777,0.0,3.714285714285714,0.0,1.6666666666666665,0.5555555555555556,0.0,0.5555555555555556,3.4722222222222223,0.0,0.0,0.0,1.3888888888888888,0.37037037037037035,0.8595679012345678,0.8928571428571428,0.8465608465608465,6.685185185185185,1.693121693121693,0.0,0.0,0.0,1.6666666666666665,1.1111111111111112,0.0,0.0,0.5555555555555556,0.0,0.0,0.5555555555555556,0.37037037037037035,25.96715985539515,1.560846560846561,0.9259259259259259,0.47619047619047616,0.0,9.715919701213817,0.0,5.523809523809524,0.0,0.37037037037037035,0.5555555555555556,0.37037037037037035,2.2222222222222223,0.0,0.0,0.0,0.0,0.37037037037037035,0.0,0.6666666666666666,0.5555555555555556,0.5555555555555556,0.5555555555555556,0.0,0.0,1.1111111111111112,0.0
74.18964076858813,9.112193362193361,8.266594516594516,17.444444444444443,4.541666666666666,1.1111111111111112,0.05555555555555556,0.0,17.13888888888889,4.0476190476190474,8.333333333333332,0.0,1.9444444444444446,4.277777777777778,1.3194444444444444,3.898989898989899,4.166666666666666,11.444444444444443,4.166666666666666,3.4444444444444446,0.2777777777777778,4.444444444444445,11.666666666666666,1.6666666666666665,0.0,0.0,1.8421052631578947,3.333333333333333,4.541666666666666,0.47619047619047616,0.0,0.0,1.6666666666666665,0.5555555555555556,0.0,4.555555555555555,3.3333333333333335,0.0,0.0,0.0,0.0,11.714285714285714,1.3333333333333333,0.3333333333333333,0.4545454545454546,0.0,0.0,0.0,0.0,0.0,0.0,0.0,7.222222222222221,2.0,2.3333333333333335,0.0,0.0,0.0,0.0,0.0,0.0,0.0,0.6666666666666666,0.0,0.0,1.6666666666666665,0.0,0.0,0.0,2.6666666666666665,0.0,0.0,0.0,1.6666666666666665,0.0,0.0,0.0,0.0,2.6666666666666665,0.0,1.6666666666666665,0.8333333333333333,0.0,0.0,0.0,0.3333333333333333,0.0,0.0,0.0,3.333333333333333,0.0,0.0,0.0,0.0,0.2777777777777778,0.0,0.0,0.0,0.0,0.0,0.0,1.6666666666666665,0.0,0.0,0.0,0.0,0.0,0.0,0.0,0.0,0.0,0.0,0.0,0.0,0.0,0.0,0.0,0.0,0.0,0.0,0.0,0.0,15.952380952380953,0.0,0.0,0.0,0.0,0.0,0.0,0.0,0.0,0.0,0.0,0.0,2.111111111111111,5.0,0.0,1.6666666666666665,0.0,0.0,0.0,0.0,0.0,0.0,0.0,0.3787878787878788,0.0,0.0,0.0,0.0,0.0,0.0,0.0,0.0,0.0,0.0,0.0,0.0,0.0,0.0,0.0,0.0,0.0,0.0,0.0,0.0,0.0,0.0,0.0,0.0,5.0,0.0,0.0,0.0,0.0,0.0,0.0,0.0,0.0,0.4166666666666667,0.0,0.0,0.0,0.0,0.0,0.0,0.0,0.0,0.0,0.0,0.0,0.0,0.0,0.5416666666666666,3.0,0.0,0.0,0.0,0.0,0.0,0.0,0.0,0.0,0.0,0.0,0.0,0.0,0.0,0.2777777777777778,0.0,0.0,0.0,0.0,0.0,0.0,0.0,0.0,0.0,0.0,0.0,0.0,0.0,0.0,0.0,0.0,0.0,0.0,0.0,0.0,0.5555555555555556,0.0,0.0,0.0,0.0,0.0,1.6666666666666665,0.0,0.0,0.0,0.0,0.0,0.0,0.0,0.0,1.6666666666666665,0.0,0.0,0.0,0.0,0.0
74.61111111111111,29.666907166907166,25.753968253968253,6.296296296296296,0.0,3.333333333333333,0.0,3.333333333333333,1.1111111111111112,0.0,1.9444444444444444,0.0,12.777777777777777,0.0,0.0,0.41666666666666663,3.333333333333333,0.6666666666666666,4.393939393939394,2.7777777777777777,1.9444444444444446,5.0,2.9166666666666665,0.0,6.666666666666666,0.0,1.6666666666666665,0.09259259259259259,0.0,0.0,0.20833333333333331,0.0,0.0,3.333333333333333,0.18518518518518517,0.0,0.0,0.0,6.666666666666666,0.0,0.0,3.75,0.0,0.0,0.41666666666666663,0.0,0.0,0.0,0.0,0.0,0.0,0.0,0.0,0.0,0.0,0.0,0.0,0.0,0.0,0.0,0.0,0.0,0.0,0.0,0.0,1.6666666666666667,0.0,0.0,0.0,0.0,0.0,0.0,0.0,1.6666666666666667,0.0,0.0,0.0,0.0,0.0,0.0,0.0,0.0,0.0,0.0,0.0,0.0,0.8333333333333333,0.0,0.0,0.0,0.0,0.0,0.0,0.0,0.0,0.0,0.0,0.0,0.0,0.0,0.0,0.0,0.0,0.0,0.0,3.3333333333333335,0.0,0.0,0.0,0.0,0.0,0.0,0.0,0.0,0.0,0.0,0.0,0.0,0.0,0.0,0.0,0.0,0.0,0.0,0.0,0.0,0.0,0.0,0.0,0.0,0.0,0.0,0.0,0.0,0.0,0.0,0.0,1.6666666666666665,0.0,0.0,0.0,0.0,0.0,0.0,0.0,0.0,0.0,0.0,0.0,0.8333333333333333,0.0,0.0,0.0,0.0,0.0,0.0,0.0,0.0,0.0,0.0,0.0,0.0,0.0,0.0,0.0,0.0,0.0,0.0,0.0,0.0,5.0,0.0,0.0,0.0,0.0,0.0,0.0,0.0,0.625,0.0,0.0,0.0,0.0,0.0,0.0,0.0,0.0,0.0,0.0,0.0,0.0,0.0,0.0,0.0,0.0,0.0,0.0,0.0,0.0,0.0,0.0,0.0,0.0,0.0,0.0,0.0,0.0,0.0,0.2777777777777778,0.0,0.0,0.0,0.0,0.0,0.0,0.0,0.0,0.0,0.0,0.0,0.0,0.0,0.0,0.0,0.0,0.0,0.0,0.0,0.0,0.0,0.0,0.0,0.0,0.0,0.0,0.0,0.0,0.0,0.0,0.0,0.0,0.0,0.0,0.0,0.0,0.0,0.0,0.0,0.0,0.0
492.0862193362193,351.95646945646945,248.74897787397785,212.57118807118806,202.62765113137453,98.50799663299662,213.4728835978836,105.50595238095238,180.9755291005291,160.96049783549782,120.52571261266912,83.62830687830687,49.65079365079365,216.8336060745481,75.80288686085787,134.74812687312686,72.6403318903319,157.0511063011063,35.738095238095234,19.54040404040404,75.23280423280423,74.76917989417989,21.38095238095238,22.275132275132275,126.79241822991823,37.65542328042328,7.718253968253968,23.594155844155843,64.60119047619048,4.305555555555555,34.482804232804234,35.490800865800864,32.504960317460316,6.027777777777778,75.4483456023311,34.75733525733526,59.88095238095238,61.5787037037037,11.761904761904761,14.912229437229437,9.404761904761905,963.1893633976061,19.637345679012345,9.121693121693122,15.831529581529582,12.297619047619047,2.4047619047619047,22.48611111111111,11.990079365079366,7.651515151515151,12.045634920634921,26.949074074074073,30.939213564213564,2.263888888888889,9.420634920634921,16.292989417989418,6.296296296296296,3.597222222222222,3.333333333333333,16.42063492063492,1.1111111111111112,1.2962962962962963,50.36507936507936,0.6111111111111112,16.126984126984127,6.501322751322751,4.861111111111111,27.67328042328042,5.9375,8.472222222222221,4.583333333333333,5.711038961038961,27.498737373737374,5.367063492063492,7.277777777777778,1.0277777777777777,44.464278743264245,10.785113035113035,3.452380952380952,73.4659090909091,1.1111111111111112,10.813492063492063,0.5555555555555556,4.305555555555555,0.8333333333333333,2.5,0.18518518518518517,2.5595238095238093,7.242063492063492,1.6666666666666665,3.5555555555555554,8.027777777777777,10.555555555555555,3.333333333333333,3.0,3.8888888888888884,9.86111111111111,0.0,6.638888888888888,0.47619047619047616,10.193452380952381,9.605880230880231,0.2777777777777778,0.75,0.4292929292929293,3.6587301587301586,0.34924990376689075,1.25,5.516526334281139,3.1944444444444446,4.111111111111111,3.8425925925925926,1.5178571428571428,2.7777777777777777,7.117724867724868,0.34924990376689075,0.0,0.34924990376689075,0.34924990376689075,3.492499037668907,0.34924990376689075,0.34924990376689075,24.555555555555554,2.1527777777777777,0.23809523809523808,8.148268398268398,3.1746031746031744,5.972222222222222,3.0555555555555554,1.1111111111111112,0.3333333333333333,0.18518518518518517,0.7142857142857142,3.4027777777777777,12.181818181818182,3.583333333333333,1.4047619047619047,5.704365079365079,1.8518518518518516,0.9722222222222222,0.7242063492063492,3.6111111111111107,0.3333333333333333,0.18518518518518517,6.666666666666666,2.1666666666666665,0.0,0.0,1.0416666666666665,4.944444444444445,4.166666666666666,2.929292929292929,0.0,2.9232804232804233,4.027777777777778,2.7777777777777777,0.3333333333333333,1.0714285714285714,0.5555555555555556,0.23809523809523808,0.41666666666666663,8.666666666666666,3.6825396825396823,2.4603174603174605,1.0,1.1111111111111112,0.3333333333333333,14.491402116402115,0.0,1.25,5.805555555555555,0.5185185185185185,3.194444444444444,0.5555555555555556,0.0,0.0,0.625,0.0,2.2916666666666665,0.41666666666666663,0.3365384615384615,1.1111111111111112,0.5555555555555556,0.9791666666666666,3.9166666666666665,0.0,2.5,0.0,1.2962962962962963,1.3333333333333333,0.0,0.0,0.75,0.0,0.0,3.4126984126984126,1.5282106782106784,0.0,0.3333333333333333,0.0,1.4285714285714284,5.9200336700336695,1.5277777777777777,0.0,1.3888888888888888,0.0,0.07936507936507936,0.0,0.0,3.083333333333333,2.5,0.0,0.0,0.0,5.0,8.555555555555555,0.0,0.0,0.0,0.41666666666666663,1.5277777777777777,0.0,0.2777777777777778,0.0,0.0,1.8518518518518516,0.0,0.8333333333333333,0.2777777777777778,3.333333333333333,0.0,0.0,0.42328042328042326,0.0,0.42328042328042326,0.0,0.2777777777777778,2.083333333333333,0.8333333333333333,1.1111111111111112,0.6547619047619047,0.0,0.0,2.2777777777777777,2.708333333333333,0.0,0.0,0.0,0.625,0.0
12.247474747474747,4.0,0.6666666666666666,3.3333333333333335,6.666666666666666,0.0,0.0,0.0,3.333333333333333,0.8333333333333333,0.0,0.0,3.333333333333333,4.0,3.333333333333333,0.0,0.0,10.833333333333332,1.6666666666666665,3.333333333333333,0.0,0.0,0.0,0.0,0.0,0.0,0.0,0.0,0.0,0.0,0.0,1.4285714285714284,0.0,2.2222222222222223,0.0,0.0,0.0,0.0,0.0,0.30303030303030304,0.0,0.0,0.0,0.0,0.0,0.0,0.0,0.0,0.0,0.0,0.0,0.0,0.0,0.0,0.0,0.0,0.0,0.0,3.333333333333333,1.6666666666666665,0.0,0.0,0.0,0.0,0.0,0.0,0.0,0.0,0.0,0.0,0.0,0.0,0.8333333333333333,0.0,1.3333333333333333,0.0,0.0,0.0,0.0,0.0,0.0,0.0,0.0,0.0,0.0,0.0,0.0,0.0,0.0,0.0,0.0,0.0,0.0,0.0,0.0,0.0,0.0,0.0,0.0,0.0,0.0,0.0,0.0,0.0,0.0,0.0,0.0,0.0,0.0,0.0,0.0,0.0,0.0,0.0,0.0,0.0,0.0,0.0,0.0,0.0,0.0,0.0,0.0,0.0,0.0,0.0,0.0,0.0,0.0,0.0,0.0,0.0,0.0,0.0,0.0,0.0,0.0,0.0,0.0,0.0,0.0,0.0,0.0,0.0,0.0,0.0,0.0,0.0,0.0,0.0,0.0,0.0,0.0,0.0,0.0,0.0,0.0,0.0,0.0,0.0,0.0,0.0,0.0,0.0,0.0,0.0,0.0,0.0,0.0,0.0,0.0,0.0,0.0,0.0,0.0,0.0,0.0,0.0,0.0,0.0,4.632034632034632,0.0,0.0,0.0,0.0,0.0,0.0,0.0,0.0,0.0,0.0,0.0,0.0,0.0,0.0,0.0,0.0,0.0,0.0,0.0,0.0,0.0,0.0,0.0,0.0,0.0,0.0,0.0,0.0,0.0,0.0,0.0,0.0,0.0,0.0,0.0,0.0,0.0,0.0,0.0,0.0,0.0,0.0,0.0,0.0,0.0,0.0,0.0,0.0,0.0,0.0,0.0,0.0,0.0,0.0,0.0,0.0,0.0,0.0,0.0,0.0,0.0,0.0,0.0,0.0,0.0,0.0,0.0,0.0,0.0
135.61674899174898,33.25988825988826,35.246753246753244,53.615966005671886,28.49669312169312,6.929778554778554,14.679292929292929,52.05170755170755,15.608766233766232,6.217291967291967,26.054131054131055,10.383763227513228,16.682539682539684,24.59347442680776,11.462842712842713,11.458333333333332,1.8716931216931216,14.363876863876865,1.8333333333333333,30.999611499611497,9.981240981240981,10.062409812409813,3.1111111111111107,0.8333333333333333,7.327561327561328,12.043650793650793,10.617724867724867,5.919973544973545,0.6746031746031745,4.839947089947089,2.388888888888889,1.2566137566137565,2.305555555555556,2.195165945165945,3.2407407407407405,0.7407407407407407,8.645502645502646,15.358164983164983,10.349206349206348,6.071428571428571,6.169973544973545,14.835775335775335,1.4305555555555556,0.20833333333333331,8.935185185185185,0.7134809634809635,3.125,1.1111111111111112,0.7407407407407407,8.02579365079365,2.7344276094276094,0.0,5.514670514670515,13.08092833092833,2.6216931216931214,1.3942307692307692,5.9508547008547,6.013888888888888,0.0,0.5555555555555556,5.198412698412698,0.2777777777777778,1.6666666666666667,0.41666666666666663,0.23809523809523808,4.2973856209150325,3.333333333333333,3.677248677248677,3.3134920634920633,0.0,0.0,1.6666666666666667,0.5555555555555556,4.2973856209150325,0.0,0.0,0.0,0.2777777777777778,2.7546296296296293,0.3439153439153439,0.0,0.0,0.0,1.6666666666666665,0.6851851851851851,0.24691358024691357,0.0,3.472222222222222,0.09259259259259259,0.0,0.0,2.638888888888889,0.5555555555555556,0.0,0.7407407407407407,0.0,18.755229247876304,1.3194444444444444,3.7037037037037037,0.0,3.4027777777777777,1.9623015873015874,0.0,0.5555555555555556,0.0,1.1616161616161618,0.052083333333333336,0.0,0.78125,1.164021164021164,1.8386243386243384,0.16666666666666669,0.0,0.0,3.2372888549359136,0.052083333333333336,7.531565656565657,0.052083333333333336,0.052083333333333336,0.5208333333333334,0.052083333333333336,0.052083333333333336,0.701058201058201,0.0,0.4464285714285714,0.0,0.0,1.3333333333333333,0.9074074074074074,0.0,0.0,0.0,5.627976190476191,0.3333333333333333,0.0,0.5952380952380952,2.5,0.18518518518518517,0.0,1.103896103896104,0.20833333333333331,0.0,8.238095238095237,0.0,1.5740740740740742,0.0,0.18518518518518517,0.0,0.0,3.0199430199430197,0.15151515151515152,0.0,0.37037037037037035,0.0,1.6666666666666665,0.0,0.5128205128205128,0.0,0.0,0.0,0.0,2.630070546737213,1.0416666666666665,1.8055555555555556,3.333333333333333,0.0,0.0,0.0,0.0,0.0,0.6613756613756614,0.0,0.0,0.0,1.1111111111111112,4.15359477124183,0.0,1.0185185185185184,0.0,0.0,0.0,0.5555555555555556,0.2777777777777778,0.0,0.0,0.23809523809523808,0.0,0.0,0.0,0.0,0.23809523809523808,0.0,0.3846153846153846,0.0,1.1111111111111112,0.5895061728395061,0.5555555555555556,0.8333333333333334,0.0,0.5808080808080809,0.0,0.0,1.6666666666666667,0.3333333333333333,0.0,3.0555555555555554,0.0,0.0,0.0,0.0,0.0,0.0,0.0,1.1616161616161618,0.0,0.0,0.0,0.0,0.0,0.0,0.0,0.0,0.0,0.0,0.0,0.0,0.0,0.0,0.0,0.0,0.4341736694677871,0.0,0.0,0.0,0.0,0.0,0.0,0.0,0.0,0.0,0.0,0.0,0.0,0.0,0.0,0.2777777777777778,0.0,0.0,0.0,0.0
295.5981610981611,97.52322677322677,124.37176249676249,25.925925925925924,39.413184038184035,25.346801346801346,18.651515151515152,12.777777777777777,14.394841269841269,14.761904761904761,18.76487863987864,18.938552188552187,0.6944444444444444,19.451267686561803,28.938089688089686,2.8896103896103895,2.2222222222222223,64.82982295482296,10.951696451696451,1.5555555555555556,0.0,12.535612535612536,4.925925925925926,2.46031746031746,2.97979797979798,0.11904761904761904,0.8928571428571428,0.75,2.1666666666666665,0.0,3.8227513227513223,1.6666666666666665,2.192460317460317,0.0,2.2222222222222223,0.8333333333333333,0.0,0.0,1.1111111111111112,6.797924297924298,0.2777777777777778,18.291730328495035,7.916666666666666,0.5357142857142857,8.448412698412698,0.0,0.0,10.81060606060606,0.37037037037037035,0.0,2.2222222222222223,32.33862433862434,5.0,0.6666666666666667,0.0,0.0,0.0,1.6503267973856208,3.3333333333333335,1.1018518518518519,0.0,0.0,0.11111111111111112,0.0,0.0,1.0317460317460316,3.9814814814814814,0.0,0.18518518518518517,1.6666666666666665,0.0,0.6084656084656084,1.3071895424836601,0.0,0.0,1.3333333333333333,3.0959595959595956,0.39215686274509803,0.0,1.6666666666666665,0.0,3.276353276353276,0.0,0.0,0.0,0.0,0.0,0.0,0.0,0.0,1.8333333333333333,0.0,0.0,0.0,0.0,1.6666666666666665,0.0,0.0,0.0,0.0,0.0,0.0,0.23809523809523808,0.0,0.0,0.0,0.10256410256410256,0.0,1.5384615384615383,0.20833333333333331,0.47619047619047616,0.0,0.0,6.666666666666666,0.23809523809523808,0.10256410256410256,1.6666666666666665,0.10256410256410256,0.10256410256410256,1.0256410256410255,0.10256410256410256,0.10256410256410256,61.3299062049062,0.0,0.0,1.1111111111111112,0.0,1.6666666666666665,0.0,2.5925925925925926,0.23809523809523808,0.0,0.0,0.0,3.333333333333333,26.42650405150405,0.0,1.6774891774891776,0.0,0.0,0.0,1.6666666666666667,0.0,0.0,0.8333333333333333,0.0,0.0,0.0,0.0,1.1111111111111112,0.0,0.0,0.0,0.0,0.0,0.18518518518518517,0.0,0.0,0.2777777777777778,0.0,0.0,0.0,0.0,10.0,0.0,0.0,0.0,3.686868686868687,0.0,0.0,4.583333333333333,1.6666666666666665,0.0,0.23809523809523808,0.0,0.0,0.0,0.0,0.23809523809523808,5.304232804232804,0.0,0.0,0.0,0.0,0.0,0.0,0.0,0.0,0.0,0.0,0.0,0.0,1.3888888888888888,0.0,0.0,0.0,0.0,0.0,0.0,0.0,0.0,0.0,0.0,0.0,0.0,0.0,0.0,0.0,0.0,1.6666666666666665,0.0,0.0,0.0,0.0,0.0,1.9047619047619047,0.0,0.0,0.0,0.0,0.0,4.62962962962963,0.0,0.0,0.0,0.0,1.6666666666666665,0.0,2.275132275132275,0.0,0.0,0.0,0.18518518518518517,0.0,0.18518518518518517,0.0,0.0,0.0,0.0,0.0,0.0,0.0,0.0,0.0,0.0,0.0,0.0,1.9523809523809523,0.0,0.0
36.8258547008547,9.554924242424242,4.647095959595959,6.051587301587301,0.0,0.20833333333333331,0.0,3.333333333333333,0.0,0.0,0.0,3.333333333333333,0.8333333333333333,2.5925925925925926,0.8333333333333333,0.0,0.0,8.484848484848484,1.1363636363636362,0.0,0.0,0.0,0.0,0.0,0.0,1.6666666666666665,0.0,0.2777777777777778,0.0,0.0,0.0,0.0,0.0,0.0,0.0,0.0,0.0,0.0,0.0,0.0,0.0,0.7407407407407407,0.0,0.0,0.0,0.0,0.0,3.388888888888889,0.0,0.0,3.3333333333333335,0.0,0.0,0.0,4.743589743589743,0.0,0.0,0.0,0.0,0.0,0.0,0.0,0.0,0.0,0.0,0.0,0.0,0.0,0.0,0.0,0.0,0.0,0.0,0.0,0.0,0.0,0.0,0.0,0.0,2.121212121212121,0.0,0.0,0.0,0.0,0.0,0.0,0.0,0.0,0.0,0.0,0.0,0.0,0.0,0.0,0.0,0.0,1.1706349206349205,0.0,0.0,0.0,0.0,0.0,0.0,0.0,0.0,0.0,0.0,0.0,0.0,0.0,0.0,0.0,0.0,0.0,0.0,0.0,0.0,0.0,0.0,0.0,0.0,0.0,0.0,0.0,0.0,0.0,0.0,0.0,0.0,0.0,0.0,0.0,0.0,0.0,1.6666666666666665,0.0,0.0,0.0,0.0,0.0,0.0,0.0,5.0,0.0,0.0,0.0,0.0,0.0,0.0,0.0,0.0,0.0,0.0,0.0,0.0,0.0,0.0,0.0,0.0,0.0,0.0,0.0,0.0,0.0,0.0,0.0,0.0,0.0,0.0,0.0,0.0,0.0,0.0,0.0,0.0,0.0,0.0,0.0,0.0,0.0,0.0,0.0,0.0,0.0,0.0,0.0,0.0,0.0,0.0,0.0,0.0,0.0,0.0,0.0,0.0,0.0,0.0,0.0,0.0,0.0,0.0,0.0,0.0,0.0,0.0,0.0,0.0,0.0,0.0,0.0,0.0,0.0,0.0,0.0,0.0,0.0,0.0,0.0,0.0,0.0,0.0,0.0,0.0,0.0,0.0,0.0,0.0,0.0,0.0,0.0,0.0,0.0,0.0,0.0,0.0,0.0,0.0,0.0,0.0,0.0,0.0,0.0,0.0,0.0,0.0,0.0,0.0,0.0,0.0,0.0
130.41666666666666,12.59006734006734,49.27843915343915,26.23148148148148,13.322751322751323,3.9999999999999996,4.944444444444445,0.0,19.11111111111111,3.4814814814814814,16.555555555555554,14.926065162907268,0.0,17.315295815295816,21.325396825396822,24.107142857142858,3.0,21.12962962962963,3.3333333333333335,0.0,9.222222222222223,16.984006734006734,0.0,6.095238095238095,5.777777777777778,2.833333333333333,0.0,7.666666666666666,0.0,0.0,0.0,0.0,1.1111111111111112,0.0,0.0,0.0,0.0,0.0,1.4285714285714284,0.47619047619047616,14.11111111111111,14.623737373737374,0.0,0.0,0.47619047619047616,0.0,0.0,0.0,1.6666666666666667,4.484126984126984,4.444444444444445,0.0,0.0,8.716931216931217,0.0,2.91005291005291,0.0,0.0,3.1249999999999996,0.0,1.25,0.0,5.305555555555555,0.0,0.0,0.8333333333333333,0.0,1.1111111111111112,0.0,0.0,0.0,0.0,0.5555555555555556,0.8333333333333333,0.0,0.3333333333333333,2.5,0.0,0.0,0.0,0.0,0.0,0.0,0.0,0.0,0.0,0.0,0.0,0.0,0.0,0.0,0.0,1.1111111111111112,0.0,0.0,0.18518518518518517,0.16666666666666666,0.0,0.0,0.0,5.013227513227513,0.0,0.0,0.0,0.0,0.0,0.043859649122807015,0.0,0.6578947368421052,2.6707551707551707,0.0,1.5714285714285714,0.0,0.0,0.0,0.043859649122807015,0.0,0.043859649122807015,0.043859649122807015,0.43859649122807015,0.043859649122807015,0.043859649122807015,5.0,0.0,0.6666666666666666,2.6666666666666665,0.0,0.0,0.0,0.0,5.0,0.0,0.0,0.0,7.5,31.111111111111107,0.0,2.2222222222222223,0.0,0.0,0.0,0.0,0.0,0.0,0.0,0.0,0.0,0.0,0.0,0.0,1.6666666666666665,16.944444444444443,0.0,0.0,0.0,0.0,0.0,0.0,0.0,0.0,0.0,0.0,0.0,3.0555555555555554,0.0,0.41666666666666663,0.0,3.5555555555555554,0.0,0.0,0.0,0.0,0.0,0.0,0.0,0.0,0.0,0.0,0.23809523809523808,0.0,0.0,0.0,0.0,0.0,0.0,0.47619047619047616,0.0,0.0,2.2222222222222223,0.0,0.0,0.0,0.0,1.6666666666666665,0.0,0.0,0.0,0.0,0.0,0.0,0.0,5.555555555555555,0.0,0.0,0.0,0.0,0.0,0.0,0.0,0.0,0.0,0.0,0.0,0.0,0.0,0.0,0.0,0.0,0.0,0.0,0.0,0.0,0.0,0.0,0.0,0.0,0.0,0.0,0.0,0.0,0.0,0.0,0.0,0.0,0.0,0.6666666666666666,0.0,0.0,0.0,0.0,0.0,0.0,0.0,0.0,0.0,0.0,0.0,0.0,0.0,0.0
679.5773809523808,156.91666666666666,223.41666666666666,193.6130952380952,277.9861111111111,159.1111111111111,164.12698412698413,181.63636363636363,121.83531746031746,177.69444444444443,57.49999999999999,366.2380952380952,17.22222222222222,131.05555555555554,55.916666666666664,105.20454545454545,25.833333333333332,114.65277777777777,72.91666666666666,64.5,63.33333333333333,85.83333333333333,109.70238095238095,52.77777777777777,64.79365079365078,28.055555555555554,40.27777777777777,104.53418803418802,32.8030303030303,74.30555555555554,36.19444444444444,57.638888888888886,57.22222222222222,13.88888888888889,64.5,75.79166666666666,30.902777777777775,9.619047619047619,48.61111111111111,26.11111111111111,32.77777777777777,31.555555555555554,27.22222222222222,21.818181818181817,24.166666666666664,45.08333333333333,0.0,13.333333333333332,17.5,87.19444444444444,99.77777777777777,11.333333333333332,13.694444444444445,7.361111111111111,2.9861111111111107,13.333333333333332,7.222222222222221,7.083333333333332,2.2222222222222223,56.27777777777777,2.6666666666666665,10.0,17.22222222222222,5.972222222222221,21.666666666666664,1.5,0.0,23.333333333333332,20.555555555555554,21.666666666666664,12.5,6.666666666666666,13.888888888888888,1.5,65.95833333333333,1.1111111111111112,0.41666666666666663,14.166666666666664,16.666666666666664,51.388888888888886,5.0,3.333333333333333,21.262626262626263,15.833333333333332,0.0,3.333333333333333,14.166666666666664,11.944444444444443,1.5277777777777777,3.333333333333333,0.23809523809523808,15.277777777777777,9.86111111111111,43.72222222222222,15.138888888888888,9.722222222222221,0.9722222222222222,8.333333333333332,5.833333333333333,2.083333333333333,0.3333333333333333,9.666666666666666,12.777777777777777,0.0,6.666666666666666,0.0,0.0,10.0,0.0,3.333333333333333,5.666666666666666,0.0,3.333333333333333,0.0,1.9444444444444444,0.0,43.20066045066045,0.0,0.0,0.0,0.0,0.0,0.0,24.166666666666664,5.0,15.555555555555554,16.333333333333332,23.333333333333332,0.6666666666666666,5.808080808080808,15.0,1.6666666666666665,1.6666666666666665,21.454545454545453,0.0,0.7142857142857142,1.4444444444444444,0.0,6.666666666666666,3.333333333333333,2.083333333333333,0.0,0.0,10.555555555555554,6.666666666666666,0.0,5.0,0.5555555555555556,0.0,0.0,0.0,0.0,5.277777777777777,6.666666666666666,0.0,0.0,3.333333333333333,2.2222222222222223,3.333333333333333,2.638888888888889,0.6666666666666666,3.333333333333333,0.2777777777777778,0.0,0.0,0.0,0.0,1.25,3.333333333333333,21.666666666666664,0.0,0.0,0.0,6.333333333333333,0.0,4.861111111111111,1.6666666666666665,0.0,0.3333333333333333,0.41666666666666663,0.0,0.0,0.0,0.20833333333333331,0.8333333333333333,0.0,0.0,10.0,1.9444444444444442,0.0,0.0,0.0,0.0,0.0,0.0,3.333333333333333,0.0,0.0,0.0,0.0,0.0,0.0,0.5555555555555556,3.333333333333333,5.0,0.0,0.0,0.0,0.8333333333333333,1.1111111111111112,0.0,1.1111111111111112,0.0,0.0,0.0,0.5555555555555556,6.666666666666666,0.0,0.0,0.0,1.1111111111111112,0.0,1.1111111111111112,23.333333333333332,1.9444444444444442,0.8333333333333333,0.0,0.41666666666666663,0.0,0.0,0.0,8.916666666666666,2.5,0.0,2.5,0.0,0.0,1.0,0.0,0.0,0.0,5.833333333333333,0.0,0.2777777777777778,0.0,0.0,0.0,0.0,0.9722222222222222,0.0
131.22619047619045,15.694444444444445,31.22222222222222,37.916666666666664,25.555555555555554,38.157407407407405,23.055555555555554,51.888888888888886,55.13492063492063,17.5,11.666666666666666,19.25925925925926,14.444444444444443,58.1547619047619,9.444444444444445,10.555555555555555,6.944444444444445,10.972222222222221,5.0,12.916666666666666,3.7499999999999996,5.833333333333333,15.249999999999998,6.666666666666666,10.555555555555555,6.111111111111111,0.0,30.388888888888886,6.249999999999999,10.277777777777777,6.111111111111111,3.5,7.777777777777777,16.055555555555554,7.777777777777777,6.666666666666666,5.555555555555555,35.0,3.333333333333333,5.555555555555555,0.0,34.166666666666664,11.25,0.0,7.499999999999999,15.587301587301585,4.444444444444445,2.7777777777777777,10.388888888888888,3.333333333333333,1.6666666666666665,3.333333333333333,6.0,5.555555555555555,23.333333333333332,4.444444444444445,0.0,11.944444444444445,1.6666666666666665,3.194444444444444,0.0,0.8333333333333333,1.1111111111111112,1.6666666666666665,11.944444444444445,0.0,0.0,1.3095238095238093,0.0,0.0,1.1111111111111112,2.4206349206349205,2.361111111111111,0.0,16.944444444444443,0.0,0.0,0.0,0.8333333333333333,1.6666666666666665,0.0,0.0,5.0,1.6666666666666665,0.0,0.0,0.0,4.166666666666666,0.0,0.0,0.0,0.0,10.555555555555555,0.8333333333333333,3.1111111111111107,3.333333333333333,1.6666666666666665,0.0,0.0,0.0,0.0,0.0,0.0,3.333333333333333,0.0,0.0,0.0,7.222222222222221,0.0,0.0,0.0,0.0,0.3333333333333333,0.0,4.722222222222221,0.0,0.0,0.0,0.0,0.0,0.0,0.0,0.0,0.0,0.3333333333333333,0.5555555555555556,0.0,0.0,0.0,0.0,1.6666666666666665,0.0,0.0,0.0,3.333333333333333,0.6666666666666666,0.0,0.0,0.0,3.333333333333333,0.0,0.0,0.0,0.0,0.0,0.0,1.6666666666666665,0.0,0.0,0.0,0.0,0.0,0.0,0.0,0.0,0.0,0.0,0.5555555555555556,0.0,3.333333333333333,0.8333333333333333,0.0,0.0,0.0,0.0,0.0,0.0,0.0,1.6666666666666665,2.5,0.0,0.0,1.5,3.333333333333333,3.333333333333333,0.8333333333333333,0.0,0.0,0.0,1.6666666666666665,0.0,0.0,0.0,0.6666666666666666,2.6666666666666665,0.41666666666666663,1.1111111111111112,0.0,0.0,0.0,0.0,0.0,0.0,0.0,0.0,0.8333333333333333,0.0,0.0,1.6666666666666665,0.0,0.0,0.0,0.0,0.0,0.0,0.0,0.0,0.0,0.0,0.0,0.0,0.0,0.0,0.0,0.0,5.0,0.0,0.8333333333333333,0.8333333333333333,0.0,0.0,0.0,0.0,0.0,0.0,0.0,0.0,0.0,0.0,0.0,0.0,3.333333333333333,0.0,1.6666666666666665,0.0,0.0,0.0,0.0,0.0,0.0,0.0,0.0,0.0,0.0,0.0,0.0,0.0,0.0,0.0,0.0
218.96506734006732,132.78990299823633,111.91137566137566,96.57804232804233,223.58826358826357,207.35528591778592,102.85185185185185,238.68242945326278,106.39869929453262,31.230158730158728,99.3829365079365,30.66269841269841,57.24272486772487,40.291666666666664,290.68578172009546,27.127204585537918,72.95028659611992,7.617521367521367,88.00264550264549,111.0387667887668,204.95701058201058,113.38624338624338,26.425264550264547,70.63492063492063,102.43584656084656,21.130291005291006,4.444444444444445,0.625,167.50981040564375,4.833333333333333,23.828042328042326,50.00694444444444,60.70216049382716,52.18353174603175,22.32260101010101,4.017857142857142,29.911495911495912,18.569444444444443,17.574074074074073,18.703703703703702,167.1441798941799,12.285714285714285,7.300925925925926,24.312830687830687,26.773809523809526,89.7989417989418,132.36287477954144,2.5,9.835978835978835,69.48015873015873,0.0,9.761904761904761,19.31878306878307,11.822089947089946,14.396825396825397,28.290547415547415,0.0,36.34722222222222,0.0,44.84259259259259,5.0,0.18518518518518517,19.34589947089947,99.7202380952381,7.537037037037036,0.5952380952380952,1.3888888888888888,114.37896825396825,34.113425925925924,16.22222222222222,13.99206349206349,30.79398148148148,36.09413580246913,0.5952380952380952,0.0,1.1111111111111112,0.0,47.166666666666664,4.166666666666666,18.084656084656086,1.722222222222222,13.61111111111111,5.305555555555555,0.0,0.0,4.722222222222222,0.0,7.296296296296296,44.13756613756613,63.91771885521886,6.111111111111111,0.22222222222222224,4.351851851851852,7.611111111111111,22.722883597883598,0.5555555555555556,0.0,0.0,7.12962962962963,18.938492063492063,12.060185185185185,8.063492063492063,20.078282828282827,16.672619047619047,2.8703703703703702,0.1984126984126984,0.14020662028252162,6.356481481481481,2.65865485979338,0.0,0.22222222222222224,1.2962962962962963,12.916666666666668,0.8333333333333333,1.5277777777777777,0.14020662028252162,23.015873015873016,0.14020662028252162,0.14020662028252162,1.4020662028252162,0.14020662028252162,0.14020662028252162,0.0,5.638888888888889,6.190476190476191,8.107804232804233,32.797619047619044,3.2962962962962963,11.137566137566138,0.0,18.72222222222222,24.924603174603174,1.3333333333333333,0.0,0.0,0.0,1.3703703703703702,0.0,1.2513227513227512,3.9365079365079363,7.896825396825396,1.1111111111111112,8.82716049382716,0.0,0.0,0.0,2.800925925925926,14.444444444444445,3.723544973544974,4.986111111111111,11.277777777777777,0.0,0.0,3.5555555555555554,11.083333333333334,0.0,5.104497354497354,0.3472222222222222,26.088233525733525,0.0,0.41666666666666663,0.0,5.057319223985891,0.0,101.13888888888889,0.0,2.3796296296296298,0.8333333333333333,2.6481481481481484,3.333333333333333,0.0,0.0,0.0,2.075036075036075,1.8518518518518516,0.0,1.9259259259259258,0.0,0.7407407407407407,0.0,1.3333333333333333,0.5555555555555556,0.2777777777777778,0.0,0.0,1.1111111111111112,2.5833333333333335,1.0555555555555556,0.0,0.0,1.0185185185185184,0.949074074074074,0.0,13.333333333333332,0.0,0.0,0.0,0.20833333333333331,0.0,0.0,1.7857142857142856,0.0,3.509259259259259,8.411375661375661,1.1111111111111112,1.6666666666666665,0.0992063492063492,2.2222222222222223,0.0,0.0,0.0,0.0,5.03042328042328,0.0,0.0,0.0,4.263888888888888,1.2777777777777777,0.22222222222222224,0.9166666666666666,0.0,0.0,0.0,0.0,0.0,0.3333333333333333,0.0,1.1111111111111112,0.0,0.0,0.0,4.034188034188034,0.0,0.5555555555555556,0.0,0.0,1.5,0.18518518518518517,3.064814814814815,0.0,0.0,0.0,1.6666666666666665,0.0,0.0,4.444444444444445,1.4087301587301588,0.0,6.666666666666666,3.333333333333333
7.222222222222221,0.0,2.7777777777777777,0.6666666666666666,0.8333333333333333,0.0,0.0,0.0,0.0,0.0,0.0,1.1111111111111112,0.0,0.0,0.0,0.16666666666666666,1.6666666666666665,0.0,0.0,0.0,0.0,0.0,0.0,0.0,0.0,1.6666666666666665,0.0,0.0,0.0,0.0,0.0,0.0,0.0,0.0,0.0,0.0,0.0,0.0,0.0,0.0,0.0,0.0,0.0,0.0,0.0,0.0,1.1111111111111112,0.0,0.0,0.0,0.0,0.0,0.0,0.0,0.0,0.0,0.0,0.0,0.0,0.0,0.0,1.6666666666666665,0.0,0.0,0.0,0.0,0.0,0.0,0.0,0.0,0.0,0.0,0.0,0.0,0.0,0.0,0.0,0.0,0.0,0.0,0.0,0.0,0.0,0.0,0.0,0.0,0.0,0.0,0.0,0.0,0.0,0.0,0.0,0.0,0.0,0.0,0.0,0.0,0.0,0.0,0.0,0.0,0.0,0.0,0.0,0.0,0.0,0.0,0.0,0.0,0.0,0.0,0.0,0.0,0.0,0.0,0.0,0.0,0.0,0.0,0.0,0.0,0.0,0.0,0.0,0.0,0.0,0.0,0.0,0.0,0.0,0.0,0.0,0.0,0.0,0.0,0.0,0.0,0.0,0.0,0.0,0.0,0.0,0.0,0.0,0.0,0.0,0.0,0.0,0.0,0.0,0.0,0.0,0.0,0.0,0.0,0.0,0.0,0.0,0.0,0.0,0.0,0.0,0.0,0.0,0.0,0.0,0.0,0.0,0.0,0.0,0.0,0.0,0.0,0.0,0.0,0.0,0.0,0.0,0.0,0.0,0.0,0.0,0.0,0.0,0.0,0.0,0.0,0.0,0.0,0.0,0.0,0.0,0.0,0.0,0.0,0.0,0.0,0.0,0.0,0.0,0.0,0.0,0.0,0.0,0.0,0.0,0.0,0.0,0.0,0.0,0.0,0.0,0.0,0.0,0.0,0.0,0.0,0.0,0.0,0.0,0.0,0.0,0.0,0.0,0.0,0.0,0.0,0.0,0.0,0.0,0.0,0.0,0.0,0.0,0.0,0.0,0.0,0.0,0.0,0.0,0.0,0.0,0.0,0.0,0.0,0.0,0.0,0.0,0.0
26.15343915343915,33.22089947089947,21.796296296296294,32.33730158730159,19.416666666666664,9.845238095238095,8.666666666666666,6.984126984126983,17.22222222222222,8.88888888888889,4.138888888888888,7.3809523809523805,16.03174603174603,5.833333333333333,13.055555555555554,16.22222222222222,6.059523809523809,1.6666666666666665,2.888888888888889,1.1764705882352942,8.777777777777777,1.2222222222222223,5.166666666666667,4.333333333333333,5.435729847494553,0.11111111111111112,4.333333333333333,10.833333333333332,1.5740740740740742,12.5,0.6613756613756614,2.083333333333333,0.0,15.873015873015872,0.0,4.470899470899471,1.25,1.1111111111111112,6.111111111111111,0.0,3.333333333333333,1.1111111111111112,1.3333333333333335,9.047619047619047,6.666666666666666,0.5555555555555556,1.5277777777777777,6.361111111111111,2.2222222222222223,0.0,2.9166666666666665,0.0,0.0,0.0,0.0,0.0,2.5925925925925926,0.0,0.0,0.0,0.0,0.2777777777777778,0.0,0.0,0.0,0.15873015873015872,0.0,0.0,0.0,0.0,0.0,0.0,0.0,0.0,0.0,0.0,0.0,0.0,0.0,0.22222222222222224,1.6666666666666665,0.0,0.0,1.2777777777777777,0.6666666666666666,2.5,3.333333333333333,0.0,0.0,0.0,0.0,0.0,0.0,0.0,0.0,0.0,0.0,6.666666666666667,0.0,0.3333333333333333,2.083333333333333,0.0,0.0,0.0,0.0,0.0,0.0,0.5555555555555556,0.0,0.0,0.0,0.0,0.0,0.0,0.0,0.0,0.0,0.0,0.0,0.0,0.0,0.0,0.0,0.0,0.0,0.0,0.0,0.0,0.0,1.6666666666666665,0.0,3.333333333333333,3.3333333333333335,0.0,0.0,0.0,0.0,0.0,0.0,0.0,0.0,0.0,0.0,0.0,1.6666666666666667,1.1111111111111112,0.0,0.0,0.0,0.0,0.0,0.0,0.0,0.2777777777777778,0.0,0.0,0.8333333333333333,0.0,0.0,0.0,0.0,0.0,0.0,0.0,0.0,0.0,0.0,0.0,3.333333333333333,0.0,3.333333333333333,0.0,0.0,0.0,0.0,0.0,0.0,0.0,0.0,0.5555555555555556,0.0,1.0,0.5,0.19607843137254904,0.7843137254901962,0.0,0.0,0.0,0.0,0.0,0.0,0.0,0.0,0.0,0.0,1.6666666666666665,0.0,0.0,0.0,0.0,0.0,1.6111111111111112,0.0,0.0,5.833333333333333,0.0,0.0,0.0,0.0,0.0,0.0,0.0,0.0,0.0,0.0,0.0,0.0,0.0,0.0,0.0,0.0,0.0,0.0,0.0,0.0,0.0,0.0,0.0,0.0,0.0,0.0,0.0,0.0,0.0,0.0,0.0,0.0,0.0,0.0,0.0,0.0,0.0,0.0,0.0,0.0,0.0,0.9259259259259258,0.0,0.0,0.0
648.3697160682455,205.84314714448874,110.49988318606276,95.95144824311491,108.25695131822583,86.1705521239835,16.732360232360232,99.6220037678371,14.394530918427977,40.14037507136062,73.84032711116045,39.134769642122585,23.721172346172345,64.97239064947398,45.352234084141976,13.372501628957028,20.611857278523946,161.61335940747705,28.691556718517504,43.97667737128521,32.32235842407411,48.722189847189846,35.902778548611884,42.2674927196986,43.35006814173481,11.481227106227106,6.3409391534391535,14.838675213675213,23.34259259259259,1.6666666666666665,20.409667107583772,17.289936914936916,7.504387587720921,7.0123556998557,15.874621520454854,1.3863636363636362,13.965404965404964,16.760241301907968,24.188171167402334,4.376984126984127,13.669552669552669,222.80779478328498,12.303250761584094,3.0998723498723497,5.543259980759981,15.522880351311724,9.236444111444111,11.730006105006105,11.279583842083841,7.4242730762338605,9.98886353298118,33.7381141008592,16.715352690681637,9.65024250440917,1.1957671957671958,8.908168991502325,0.4418130888719124,4.12962962962963,4.252256458138811,0.798611111111111,19.40327380952381,1.132936507936508,0.37037037037037035,4.858024691358025,1.0145687645687644,1.8253968253968254,3.0573062558356674,3.623914665581332,1.9432419432419432,8.044871794871794,0.09259259259259259,2.1709656084656084,0.8429487179487178,1.5476190476190474,0.41666666666666663,3.8754208754208754,5.47492784992785,0.7407407407407407,1.7659047537143513,3.275471442138109,0.0,3.8078703703703702,0.1875,0.0,4.166666666666666,0.07575757575757576,0.0,2.4776334776334776,1.9907407407407405,4.102957681389054,7.204415954415954,1.1804553471220138,0.1388888888888889,6.185185185185185,0.41203703703703703,0.10416666666666666,6.562409812409812,0.0,0.8333333333333333,0.34659090909090906,1.8544973544973544,4.557470307470307,1.574074074074074,0.2579365079365079,0.33116883116883117,1.9814814814814814,0.2613184051558883,0.0,3.919776077338324,2.2222222222222223,0.0,0.0,0.54673721340388,5.75,3.3255041073668523,0.2613184051558883,1.9212962962962963,0.2613184051558883,0.2613184051558883,2.6131840515588824,0.2613184051558883,0.2613184051558883,36.509136696636695,0.3099369766036433,0.3413947163947164,0.6540496540496541,0.7133838383838385,1.6865079365079365,0.4348544973544973,0.0,0.0,0.2777777777777778,0.0,0.2232142857142857,11.914351851851851,9.468660968660968,1.3873456790123457,1.1536480089111667,0.1752136752136752,0.2676767676767677,0.37037037037037035,1.176767676767677,1.9058641975308641,2.013888888888889,2.986111111111111,0.09389671361502347,0.3759820426487093,1.3740014524328248,0.37037037037037035,1.8925472675472674,5.873316498316498,1.4166666666666667,3.5846283346283343,0.0,0.23809523809523808,3.8518518518518516,4.80984755984756,0.09259259259259259,0.26289682539682535,0.0,0.9583333333333333,0.1388888888888889,0.30303030303030304,12.166666666666666,0.0,3.735958485958486,2.19004144004144,0.8333333333333333,0.18518518518518517,0.0,4.093915343915344,2.103174603174603,0.6550879350175124,0.0,0.41666666666666663,0.9027777777777778,0.08333333333333333,0.0,0.35353535353535354,0.10416666666666666,0.9932659932659933,1.4814814814814814,0.7407407407407407,0.20833333333333331,0.8333333333333333,0.5092592592592592,0.0,0.0,0.3935185185185185,0.19841269841269843,1.0345441595441596,0.0,0.11111111111111112,0.18315018315018314,0.4861111111111111,0.0,16.03009259259259,0.0,4.908204540557482,0.1388888888888889,0.0,0.11904761904761904,0.0,0.0,0.0,0.0,0.0,0.0,0.593584656084656,0.2222222222222222,0.2777777777777778,2.6759259259259256,1.0416666666666665,0.2777777777777778,0.0,2.028769841269841,0.09259259259259259,0.2777777777777778,0.8233618233618234,0.0,0.16666666666666666,2.2707570207570207,0.1388888888888889,0.41666666666666663,0.0,0.0,1.1111111111111112,0.18518518518518517,2.513888888888889,2.314814814814815,0.8333333333333333,0.0,0.10416666666666666,0.0,0.10416666666666666,2.962962962962963,0.18518518518518517,0.0,0.6759259259259259,0.0,0.7692307692307692,0.0,0.0,0.0,0.8134920634920635,0.8333333333333333,0.0,0.0,0.0,0.0
508.2872457970497,107.0119739556014,130.04739817107773,70.66152828652828,72.94975231739937,97.02671942255276,6.8769425019425015,51.04216770883438,11.715773809523808,180.12295751633985,48.06605662855662,28.883301883301883,10.220959595959595,52.42273274564941,28.53332778332778,2.461796593251992,8.124070374070374,289.6135878010878,16.10297418630752,14.696309862976529,8.615275383657735,29.698107448107447,12.506367089700422,18.718930035106506,4.3096641013307675,4.957468457468457,2.083333333333333,22.15277777777778,4.166666666666666,0.0,1.4528769841269842,6.694684944684944,4.815614940614941,0.0,15.36111111111111,0.6666666666666666,16.967028342028343,4.090909090909091,8.616859991859991,4.126984126984127,6.974025974025974,93.54670842048293,10.682539682539682,1.024114774114774,3.806216931216931,7.543206793206793,1.2794612794612796,8.287545787545787,0.6084656084656084,1.6719576719576719,7.817007611125258,29.77816682228447,7.940972222222221,6.097222222222221,10.0,2.072310405643739,0.0,0.8333333333333334,0.23809523809523808,0.0,6.887566137566138,0.0,0.4545454545454546,1.3580246913580245,0.5448717948717948,1.746031746031746,2.1512215997510116,1.9940476190476188,1.6666666666666665,5.433760683760683,0.0,0.8333333333333333,1.1111111111111112,0.7142857142857142,0.0,1.6666666666666667,5.873737373737374,0.11904761904761904,1.0447790227201992,0.6114502781169447,0.0,0.9722222222222222,0.0,0.0,0.0,0.0,0.0,0.8253968253968255,0.8518518518518519,1.8518518518518516,3.4907407407407405,0.15873015873015872,0.0,0.0,0.20833333333333331,1.6666666666666665,1.7037037037037037,0.0,0.0,0.0,0.0,3.213675213675214,0.23809523809523808,0.0,0.11111111111111112,4.3047138047138045,0.046948356807511735,0.0,0.704225352112676,0.20833333333333331,0.0,6.666666666666666,0.0,1.6944444444444444,0.9907407407407407,0.046948356807511735,5.7407407407407405,0.046948356807511735,0.046948356807511735,0.4694835680751174,0.046948356807511735,0.046948356807511735,72.31493506493506,0.3333333333333333,0.0,0.21957671957671956,0.0,1.130952380952381,0.8333333333333333,2.5925925925925926,0.23809523809523808,0.0,0.0,0.0,29.362764550264547,21.401251526251524,0.2345679012345679,1.6774891774891774,0.0,0.16666666666666666,0.37037037037037035,2.4915824915824913,0.20833333333333331,0.0,1.5277777777777777,0.09389671361502347,0.2244668911335578,1.0,0.37037037037037035,1.2222222222222223,2.8571428571428568,1.1111111111111112,4.3416999666999665,0.0,0.0,1.6111111111111112,1.4056776556776556,0.5128205128205128,0.10416666666666666,0.0,0.0,0.1388888888888889,0.0,12.00462962962963,0.0,0.7698412698412698,1.5705128205128205,0.0,0.0,0.0,2.4537037037037033,10.277777777777777,0.023474178403755867,0.23809523809523808,0.0,0.20833333333333331,0.0,0.0,0.23809523809523808,4.351851851851852,0.0,0.0,0.0,0.875,3.5,0.0,0.0,0.0,0.3935185185185185,0.1388888888888889,1.3479344729344729,0.0,1.3888888888888888,0.0,0.4861111111111111,0.2777777777777778,28.47222222222222,0.0,3.5409035409035408,0.6060606060606062,0.0,0.11904761904761904,0.0,0.23809523809523808,0.0,0.0,0.0,0.0,1.25,2.333333333333333,0.2777777777777778,0.0,0.0,1.2121212121212124,0.0,1.9047619047619047,0.09259259259259259,0.0,0.0,0.0,0.0,2.804232804232804,0.1388888888888889,0.0,0.0,0.0,2.7777777777777777,0.0,0.0,2.2222222222222223,0.0,0.0,0.0,0.0,0.0,0.0,0.0,0.0,0.0,0.0,1.1428571428571428,0.0,1.3095238095238093,0.0,0.0,0.0,0.0,1.9523809523809523,0.0,0.0
108.8181216931217,21.560185185185183,8.36111111111111,36.23765432098765,20.625,20.968584656084655,20.27910052910053,14.094907407407407,43.34722222222222,3.4027777777777777,31.51388888888889,13.180555555555555,35.55357142857143,5.486111111111111,12.50462962962963,3.8703703703703702,16.921296296296294,4.375,1.4814814814814814,5.166666666666667,6.402777777777778,2.6997354497354498,0.6481481481481481,7.12962962962963,0.5,1.1111111111111112,1.5277777777777777,6.1496913580246915,3.2698412698412698,31.48015873015873,0.20833333333333331,0.7222222222222222,1.0,8.083333333333334,1.787037037037037,16.461199294532626,0.3888888888888889,2.861111111111111,1.6944444444444444,0.0,0.41666666666666663,1.1111111111111112,0.8333333333333334,0.9259259259259259,0.0,4.083333333333333,1.3888888888888888,13.487433862433862,0.0,1.75,0.7083333333333334,0.16666666666666666,0.5555555555555556,1.25,0.6388888888888888,0.22222222222222224,3.75,0.8888888888888888,7.694444444444445,0.0,3.9166666666666665,0.4861111111111111,1.1111111111111112,0.8333333333333333,0.0,0.7523148148148148,9.087962962962962,0.37037037037037035,0.7407407407407407,0.18518518518518517,5.212962962962963,0.0,0.16666666666666666,0.7523148148148148,0.6157407407407407,0.0,5.37037037037037,0.2777777777777778,0.0,0.7407407407407407,0.10416666666666666,0.0,0.5555555555555556,1.3333333333333333,13.125,4.212962962962963,0.16666666666666666,0.7407407407407407,1.9444444444444444,0.9722222222222222,0.625,0.0,0.0,0.0,0.0,0.0,0.0,0.8333333333333333,1.9814814814814814,0.7777777777777778,0.0,0.0,0.8333333333333333,0.37037037037037035,1.3425925925925926,0.0,0.025252525252525256,1.8287037037037037,0.37878787878787884,1.9444444444444444,0.0,0.0,0.8333333333333334,1.6893939393939392,0.0,0.025252525252525256,1.4814814814814814,0.025252525252525256,0.025252525252525256,0.25252525252525254,0.025252525252525256,0.025252525252525256,0.0,0.0,0.0,0.2777777777777778,0.0,0.0,0.8333333333333333,1.2962962962962963,0.0,0.0,2.3472222222222223,0.625,0.0,0.0,2.5347222222222223,1.1111111111111112,0.0,0.0,0.0,0.0,0.0,0.0,0.0,1.2222222222222223,0.0,0.0,0.0,0.0,0.8333333333333333,0.0,0.16666666666666666,0.0,0.0,0.0,0.0,0.0,0.0,3.148148148148148,3.5416666666666665,0.0,0.20833333333333331,0.0,1.3333333333333333,0.0,0.0,0.0,0.0,0.0,0.0,0.0,0.0,0.41666666666666663,0.7638888888888888,0.0,0.0,9.606481481481481,0.0,0.0,0.0,0.2777777777777778,0.1388888888888889,0.5740740740740741,2.2962962962962963,0.0,0.20833333333333331,0.2777777777777778,0.8796296296296295,1.2962962962962963,0.0,0.0,0.0,0.0,0.0,0.0,0.0,0.0,0.0,0.0,0.0,0.0,0.625,0.0,0.0,0.8333333333333334,0.0,0.0,0.0,0.0,0.0,0.0,0.0,0.0,0.0,0.0,0.0,0.0,0.0,0.41666666666666663,1.5,0.0,0.0,0.0,0.41666666666666663,0.0,0.0,0.0,0.0,8.222222222222221,0.0,0.0,0.0,0.0,0.0,0.0,0.0,0.16666666666666666,0.0,0.0,0.0,7.072751322751323,1.0185185185185184,0.0,0.0,0.0,0.0,0.0,0.0,0.0
256.1345899470899,33.77777777777778,62.92460317460317,55.39616402116402,32.991402116402114,65.8885582010582,33.61111111111111,31.59490740740741,81.34722222222221,22.118055555555554,63.166666666666664,75.80555555555556,175.27579365079364,16.349206349206348,10.42087542087542,18.234126984126984,24.97222222222222,5.347222222222221,1.4070767195767195,38.78174603174603,25.828703703703702,12.131944444444443,5.333333333333333,12.319444444444443,42.3015873015873,4.083333333333333,6.916666666666666,10.194444444444443,24.185185185185183,20.262566137566136,7.104166666666666,4.907407407407407,5.722222222222222,42.13756613756614,3.0555555555555554,59.31944444444444,4.25,1.6666666666666665,18.152777777777775,6.722222222222222,5.083333333333333,0.6944444444444444,19.166666666666668,2.0370370370370368,5.259259259259259,9.206349206349207,23.873015873015873,26.799603174603174,5.925925925925926,4.444444444444445,5.973544973544973,7.25,0.5555555555555556,0.75,17.77777777777778,1.3194444444444444,10.75,2.5555555555555554,14.583333333333332,0.0,14.166666666666666,5.263888888888888,0.0,11.944444444444443,0.5555555555555556,3.0555555555555554,20.680555555555554,0.0,1.6666666666666665,6.888888888888888,6.944444444444445,0.0,0.5833333333333333,1.1111111111111112,1.4305555555555556,0.8333333333333333,8.333333333333332,0.0,0.5555555555555556,1.6666666666666665,4.388888888888888,1.6666666666666665,0.8333333333333334,10.976190476190476,29.930555555555554,1.8333333333333333,7.083333333333333,0.0,2.5,5.305555555555555,1.3657407407407407,0.3333333333333333,0.5555555555555556,0.8333333333333333,0.1388888888888889,2.083333333333333,4.166666666666667,8.88888888888889,11.972222222222221,2.9166666666666665,0.18518518518518517,0.8333333333333333,0.0,3.333333333333333,4.078282828282828,0.0,0.05050505050505051,1.9861111111111112,0.7575757575757577,1.9444444444444444,0.7152777777777778,0.0,0.7407407407407407,2.1666666666666665,0.0,0.05050505050505051,3.75,0.05050505050505051,0.05050505050505051,0.5050505050505051,0.05050505050505051,0.05050505050505051,0.0,0.0,0.0,0.0,0.0,0.0,0.8333333333333333,3.3333333333333335,1.6666666666666667,1.3333333333333335,10.402777777777779,1.0416666666666665,0.0,0.0,3.4027777777777777,0.0,1.6666666666666665,0.8333333333333333,0.1388888888888889,0.0,0.0,3.0555555555555554,1.3888888888888888,6.976190476190476,3.2407407407407405,0.5555555555555556,0.0,0.0,0.0,0.0,0.16666666666666666,0.9722222222222222,0.0,0.0,0.0,0.1388888888888889,0.0,2.0833333333333335,25.819444444444443,0.0,0.4861111111111111,0.0,2.3518518518518516,1.3095238095238093,0.0,0.0,0.0,0.0,0.0,0.0,0.2777777777777778,3.4722222222222223,1.597222222222222,1.6666666666666667,0.0,15.347222222222221,0.0,0.0,0.0,1.1111111111111112,0.5555555555555556,0.40476190476190477,1.619047619047619,0.0,0.0,0.8333333333333333,0.2777777777777778,0.7142857142857142,0.0,0.8333333333333333,0.0,0.0,0.0,0.0,0.0,0.0,0.2777777777777778,0.0,0.0,0.0,0.20833333333333331,0.0,3.333333333333333,5.444444444444445,0.0,0.0,0.0,0.0,0.0,0.0,0.19675925925925924,0.0,1.1111111111111112,0.0,0.0,0.2777777777777778,0.0,0.9722222222222222,3.2777777777777777,0.0,0.1388888888888889,0.0,3.6111111111111107,0.0,0.0,0.0,0.0,2.083333333333333,0.0,0.0,0.0,0.0,0.0,0.0,0.0,0.5555555555555556,0.0,0.3333333333333333,0.0,0.625,1.5277777777777777,0.0,2.337962962962963,0.0,1.6666666666666665,0.0,0.0,0.16666666666666666
918.717983088081,208.4062914186108,103.44078606578606,91.8578736078736,172.23398361375658,111.07414033239627,109.11153198653199,198.2714199380866,34.015840640840636,40.492356423341974,157.26248651493748,95.39986838258251,13.030011655011654,89.95435274601941,152.2990759240759,51.21649029982363,26.91610549943883,89.55387667887668,25.976248878209663,60.445310589918435,57.02034462451129,100.1678576053576,86.13641541827816,54.04100773953715,58.70285732785732,52.94630832130832,5.713143338143338,20.07711038961039,23.553631553631554,0.0,25.07654379397337,37.37370962370962,71.87963271296604,4.166666666666667,73.76503652484044,3.7962962962962963,71.63846801346801,33.238776655443324,32.91264114187231,49.16896143979477,24.28745791245791,536.8501009534936,43.30222555222555,21.534391534391535,25.990995115995116,16.904276732708105,18.91928441928442,19.948773448773448,14.848036223036223,15.544993586660253,61.03743770849034,56.43224341018458,11.869708994708994,4.738536155202821,5.7407407407407405,20.08531746031746,0.4418130888719124,12.314153439153438,0.47619047619047616,1.601410934744268,12.047859547859547,0.5925925925925926,1.9953703703703702,6.416666666666667,3.796296296296296,20.85985985985986,6.111111111111111,5.370210036876704,27.201118326118326,9.103174603174603,3.814814814814815,9.77013187429854,1.222222222222222,20.026526526526528,0.3333333333333333,0.7407407407407407,25.149827024827022,1.4781746031746033,3.5336257309941517,23.253866503866504,0.0,72.33494591827925,5.37037037037037,2.6666666666666665,0.0,1.1111111111111112,2.446428571428571,17.618867243867243,9.197811447811448,6.507599336030708,35.235309080897316,3.6209315375982043,1.9305555555555554,1.0158730158730158,4.703703703703703,4.398148148148148,7.349206349206349,0.0,3.009259259259259,0.0,42.24305555555556,1.3636363636363638,7.757575757575758,3.337301587301587,2.124819624819625,1.7407407407407407,0.48237128407437524,0.0,7.235569261115629,5.111111111111111,3.611111111111111,13.86111111111111,1.194885361552028,0.47619047619047616,5.936194343057088,0.48237128407437524,20.61431623931624,0.48237128407437524,0.48237128407437524,4.823712840743752,0.48237128407437524,0.48237128407437524,29.89916564916565,1.4369211035877703,0.6695156695156694,0.6752136752136753,4.999639249639249,0.8333333333333333,0.6944444444444444,8.957528957528957,7.5,0.1388888888888889,0.0,0.12345679012345678,17.11111111111111,13.26037851037851,1.9629629629629628,6.4413179413179416,0.37037037037037035,0.10101010101010102,18.5515873015873,4.074074074074074,11.69753086419753,1.3888888888888888,1.0,4.0,0.18518518518518517,9.146488224919597,1.7045454545454546,1.4897694897694898,3.641173641173641,8.648148148148147,3.4663299663299663,0.0,0.0,9.443121693121693,3.265281015281015,3.9880952380952377,3.9259259259259256,0.0,0.0,3.617724867724868,1.1111111111111112,14.444444444444445,0.9305555555555556,0.6666666666666666,0.8278619528619529,2.0,0.0,2.817460317460317,11.619664286330952,2.242063492063492,0.0,0.15873015873015872,0.0,0.0,0.23213354199269692,0.0,3.0648038277146257,1.6666666666666665,0.0,1.3964303670186022,0.6982151835093011,0.44191919191919193,1.7676767676767677,0.5555555555555556,0.0,0.0,0.0,2.7451599326599325,1.1965811965811965,0.0,3.819444444444444,2.430555555555556,0.0,0.0,6.838624338624339,0.23809523809523808,3.4925662572721397,0.8703703703703703,0.8333333333333333,2.4285714285714284,0.47619047619047616,0.0,7.0,0.0,0.0,0.25,0.0,2.6887464387464384,1.6666666666666667,1.8308080808080809,1.8095238095238093,1.7407407407407407,0.37037037037037035,13.774831649831649,0.476010101010101,0.46296296296296297,2.640873015873016,0.0,0.47619047619047616,0.37037037037037035,0.0,0.5925925925925926,0.0,0.0,0.6772486772486772,0.2962962962962963,0.0,0.0,0.6666666666666666,0.0,0.0,0.0,0.0,0.0,0.47619047619047616,0.2777777777777778,0.0,1.1111111111111112,3.8888888888888893,0.0,0.0,2.0198412698412698,1.5622895622895623,0.0,0.0,4.911810411810412,0.046296296296296294,0.0
65.655291005291,39.53703703703704,20.71825396825397,17.944444444444443,26.23611111111111,16.40277777777778,23.24358974358974,14.33148148148148,21.048941798941797,6.569444444444445,25.136243386243386,15.1010101010101,18.5,16.078703703703702,33.192460317460316,22.315656565656564,14.953703703703702,1.25,2.4074074074074074,2.7777777777777777,7.361111111111111,7.111111111111111,11.333333333333332,3.888888888888889,3.888888888888889,4.0,4.449074074074074,5.0,2.5,8.0,4.083333333333333,7.194444444444444,1.25,13.232804232804233,3.2037037037037033,1.8333333333333333,6.361111111111111,0.8333333333333333,0.7638888888888888,4.62962962962963,6.891534391534391,7.5,0.18518518518518517,0.0,2.0555555555555554,8.816137566137565,8.916666666666666,2.0555555555555554,0.0,0.625,7.5,1.5277777777777777,3.196428571428571,8.88888888888889,0.0,2.083333333333333,5.416666666666667,0.8333333333333334,6.277777777777778,0.0,0.0,2.2222222222222223,0.0,0.8333333333333334,0.20833333333333331,0.3571428571428571,0.0,5.0,1.6666666666666665,3.333333333333333,0.0,0.9953703703703702,0.0,0.3571428571428571,0.0,0.0,5.0,0.0,0.0,0.11111111111111112,0.906084656084656,3.7037037037037033,0.0,1.3888888888888888,5.555555555555555,0.1282051282051282,1.1111111111111112,0.2777777777777778,0.0,0.0,0.0,0.0,1.25,0.0,0.9444444444444445,0.8333333333333333,0.0,8.148148148148149,0.0,0.0,0.0,0.0,0.37037037037037035,0.0,0.0,0.0,0.05050505050505051,0.0,0.7575757575757577,0.0,0.0,0.0,0.0,0.0,0.0,0.05050505050505051,0.0,0.05050505050505051,0.05050505050505051,0.5050505050505051,0.05050505050505051,0.05050505050505051,0.0,0.0,0.2777777777777778,0.0,0.2777777777777778,0.37037037037037035,0.0,0.0,0.0,0.0,1.1111111111111112,1.1574074074074074,0.0,0.0,0.0,0.0,0.18518518518518517,2.2222222222222223,0.0,0.0,0.0,0.0,0.0,0.3787878787878788,1.0416666666666667,1.6666666666666665,0.37037037037037035,0.0,0.0,0.0,0.0,3.4259259259259256,0.0,0.0,0.41666666666666663,0.0,0.0,0.0,0.5555555555555556,0.0,0.41666666666666663,0.0,0.3333333333333333,0.0,1.1004273504273505,0.0,0.2777777777777778,0.0,0.0,0.0,0.0,0.0,0.2777777777777778,0.0,0.0,0.0,0.0,0.0,0.16666666666666666,0.5555555555555556,0.2777777777777778,0.0,0.0,0.0,1.1111111111111112,0.0,0.0,1.2962962962962963,0.8333333333333334,0.5555555555555556,0.0,0.0,0.0,0.0,0.0,0.2777777777777778,0.0,0.0,0.0,0.0,0.0,0.0,1.6666666666666665,0.3333333333333333,0.0,0.0,0.0,0.0,0.0,1.6666666666666665,0.0,0.0,0.0,0.0,0.0,0.0,0.0,0.0,2.1666666666666665,0.0,0.0,0.0,0.2777777777777778,0.0,0.0,0.0,0.0,0.0,0.0,0.0,0.0,0.0,0.0,0.0,0.0,0.0,0.0,0.0,0.0,0.0,0.8333333333333333,0.0,0.0,0.0,0.0,0.0,0.0,0.0
41.263888888888886,21.666666666666664,5.791666666666666,16.51388888888889,13.935185185185185,10.689814814814815,10.777777777777777,9.472222222222221,18.57638888888889,0.8333333333333333,23.35648148148148,14.657407407407407,7.194444444444445,2.0972222222222223,2.597222222222222,3.9999999999999996,7.249999999999999,2.4074074074074074,0.625,5.416666666666666,12.48611111111111,0.4444444444444444,0.5,8.055555555555555,2.722222222222222,0.0,1.6666666666666665,4.097222222222222,1.0416666666666665,10.694444444444443,0.0,0.9999999999999999,1.597222222222222,8.055555555555555,2.25,13.069444444444445,4.592592592592593,1.8541666666666665,1.25,3.333333333333333,0.37037037037037035,5.185185185185185,0.8888888888888888,3.3333333333333335,2.7083333333333335,2.0416666666666665,3.444444444444444,2.0,0.0,0.41666666666666663,2.208333333333333,0.0,0.0,1.25,17.27777777777778,0.0,2.2916666666666665,0.0,5.888888888888888,0.0,3.6388888888888884,0.2777777777777778,0.0,1.9999999999999998,0.0,0.41666666666666663,7.967592592592593,0.0,0.20833333333333331,0.0,1.1388888888888888,0.0,0.0,0.41666666666666663,0.0,0.8333333333333333,6.666666666666666,0.0,0.0,0.0,0.10416666666666666,0.0,0.2777777777777778,1.6666666666666667,4.166666666666666,1.8055555555555556,0.8333333333333333,0.0,0.3333333333333333,0.0,0.0,0.0,0.0,0.0,0.0,0.0,0.0,0.0,0.7222222222222222,0.5555555555555556,0.0,0.0,0.8333333333333333,0.0,0.0,0.0,0.025252525252525256,0.6944444444444444,0.37878787878787884,0.0,0.41666666666666663,0.0,0.0,1.3005050505050504,0.0,0.025252525252525256,1.6666666666666667,0.025252525252525256,0.025252525252525256,0.25252525252525254,0.025252525252525256,0.025252525252525256,0.0,0.0,0.8333333333333333,0.0,1.1111111111111112,0.0,0.8333333333333333,1.2962962962962963,0.0,0.0,2.5,0.41666666666666663,0.0,0.0,0.798611111111111,0.0,0.0,0.0,0.0,0.0,0.0,0.0,0.0,0.6666666666666666,0.0,0.0,0.0,0.0,0.8333333333333333,1.0416666666666665,0.0,0.0,0.0,0.0,0.0,0.0,0.0,0.8333333333333333,3.6111111111111107,0.0,0.20833333333333331,0.0,0.8333333333333333,0.0,0.0,0.0,0.0,0.0,0.0,0.0,0.0,0.0,0.2777777777777778,0.0,0.0,5.416666666666666,0.0,0.0,0.0,1.3756613756613756,0.6878306878306878,0.0,0.0,0.0,0.20833333333333331,0.0,1.0833333333333333,1.1111111111111112,0.0,0.0,0.0,0.0,0.0,0.0,0.0,0.0,0.0,0.0,0.0,0.0,0.41666666666666663,0.0,0.0,0.0,0.0,0.0,0.0,0.0,0.0,0.0,0.0,0.0,0.0,0.0,0.0,0.0,0.0,0.0,2.5337301587301586,0.0,0.0,0.0,0.41666666666666663,0.0,0.0,0.0,0.0,3.361111111111111,0.0,0.0,0.0,0.0,0.0,0.0,0.0,0.16666666666666666,0.0,0.0,0.0,4.458333333333333,0.8333333333333333,0.0,0.0,0.8333333333333333,0.0,0.0,0.0,0.0
94.83812329645663,28.19973544973545,37.9898088023088,13.416269841269841,47.88208273208273,13.254208754208754,50.139947089947086,8.424603174603174,20.067094017094018,4.642592592592592,12.123496873496874,27.055218855218854,38.05952380952381,8.235780423280424,15.37273606023606,6.805555555555555,14.413540163540164,11.233134920634921,12.356481481481481,50.542328042328045,6.291666666666666,12.731661856661857,14.300854238354237,6.777777777777778,2.060185185185185,2.2777777777777777,6.3770743145743145,1.7043650793650793,4.305555555555555,10.930555555555555,2.111111111111111,0.912037037037037,1.1742424242424243,3.824074074074074,8.921987734487734,0.0,6.097222222222222,0.7407407407407407,2.324074074074074,1.9351851851851851,1.861111111111111,29.026455026455025,0.0,1.0856481481481481,12.466269841269842,1.3888888888888888,10.314814814814815,0.3333333333333333,2.5,7.685185185185185,0.0,1.7638888888888888,0.4097222222222222,0.41666666666666663,0.11111111111111112,0.7916666666666666,0.0,0.0,0.0,0.37037037037037035,0.4894179894179894,0.6845238095238095,0.5,0.0,0.0,0.0,0.0,2.962962962962963,0.5681818181818181,0.0,0.13333333333333333,0.0,0.30092592592592593,0.0,0.0,0.0,0.0,0.0,3.333333333333333,0.20833333333333331,0.0,0.0,0.0,0.0,0.0,0.0,3.634259259259259,0.0,0.0,0.6666666666666667,0.48611111111111116,1.3710618085618085,0.0,0.0,14.7507955007955,0.0,0.0,3.708333333333333,0.0,0.798611111111111,0.0,0.25,0.75,0.6060606060606061,0.0,0.0,0.0,0.0,0.0,0.41534391534391535,1.6369047619047619,0.0,0.5202821869488536,0.0,3.5993589743589745,0.0,0.0,0.0,0.0,0.0,0.0,0.0,0.0,0.0,0.47619047619047616,3.998346560846561,0.7070707070707071,0.1388888888888889,0.32738095238095233,0.0,0.0,0.0,6.333333333333333,0.7638888888888888,0.0,0.0,0.0,0.0,1.8849206349206349,0.0,0.10416666666666666,0.0,0.0,0.16666666666666666,0.0,0.0,0.0,0.0,0.9523809523809523,0.8333333333333333,0.0,0.0,0.0,0.10416666666666666,0.0,0.0,0.20833333333333331,2.2887667887667886,0.0,0.0,0.0,0.0,0.09259259259259259,0.0,0.7222222222222222,0.15873015873015872,0.1388888888888889,0.0,0.47619047619047616,1.879148629148629,0.0,0.0,0.0,0.0,0.8333333333333333,0.0,0.1388888888888889,0.0,0.0,0.0,0.0,0.23809523809523808,0.11904761904761904,0.0,0.0,0.0,0.0,0.4444444444444444,0.0,0.0,0.0,0.0,0.0,0.2777777777777778,0.0,0.0,0.0,0.0,0.0,0.0,0.0,0.0,0.0,0.375,0.0,0.2619047619047619,0.0,0.38888888888888884,0.0,0.0,0.0,0.0,0.0,0.0,0.0,0.0,0.0,0.625,0.0,0.0,0.0,0.0,0.0,0.0,0.0,0.0,0.0,0.0,0.0,0.0,0.0,0.0,0.0,0.0,0.0,0.0,0.20833333333333331,0.0,0.0,0.0,0.0,0.0,0.0,0.0,0.0,0.0,0.0,0.0,0.0,0.0
550.6727513227513,128.75198412698413,68.44023569023568,139.87235449735448,186.08135259801927,347.11296296296297,112.42077922077922,239.96939634439633,77.04040404040404,17.260066476733144,53.828306878306876,4.988888888888889,86.5542328042328,48.64872534872535,72.66111111111111,30.46111111111111,39.88864838864839,9.429629629629629,77.29847767567065,155.97532467532466,68.74990842490843,76.47420634920634,62.94206349206349,70.19880952380952,137.38309283309283,55.767123617123616,7.402116402116402,32.535714285714285,239.1924482924483,0.0,15.573809523809524,55.32142857142857,42.000881834215164,34.81481481481482,62.089153439153435,10.772222222222222,87.94457671957672,12.041666666666666,31.387301587301586,24.572354497354496,101.4531746031746,63.44716253532043,3.7103174603174605,15.58095238095238,20.5760582010582,69.04828042328042,278.8492063492063,3.8888888888888884,4.198412698412699,86.8280858030858,6.488247863247863,5.467592592592593,7.696296296296295,16.70508658008658,4.9603174603174605,28.430507455507456,2.2222222222222223,80.86393298059964,0.0,14.047354497354497,5.222222222222221,0.2777777777777778,21.953703703703702,28.495767195767193,16.163095238095238,0.0,0.9666666666666666,90.83703703703704,72.99733414733414,13.958333333333332,3.3404761904761906,19.796031746031744,42.38108465608465,0.0,0.0,2.7777777777777777,0.0,44.27936507936508,6.942857142857143,17.131613756613756,4.515873015873016,6.999999999999999,4.182539682539683,1.0833333333333333,5.411111111111111,1.880952380952381,4.722222222222222,30.697619047619046,36.51578144078144,30.8989010989011,0.0,28.20793650793651,1.4444444444444442,13.88888888888889,23.444444444444443,0.0,4.366666666666666,0.0,3.904761904761904,5.466666666666667,23.505555555555556,1.0571428571428572,53.010052910052906,71.97588522588522,2.0,3.1666666666666665,0.08771929824561403,6.624074074074074,1.3157894736842104,0.41666666666666663,0.0,1.3333333333333333,1.5873015873015874,0.23809523809523808,0.0,0.08771929824561403,0.4444444444444445,0.08771929824561403,0.08771929824561403,0.8771929824561403,0.08771929824561403,0.08771929824561403,0.0,4.7367724867724865,5.610846560846561,6.0891534391534385,8.266666666666666,11.46494708994709,25.34444444444444,0.0,6.455555555555556,29.51058201058201,0.0,1.2841269841269842,0.0,0.0,1.0666666666666667,0.0,2.3,3.446428571428571,6.666666666666666,1.6666666666666667,12.055555555555555,0.6666666666666666,1.6666666666666665,0.0,13.820165945165945,8.037037037037036,1.0833333333333333,0.0,5.717948717948717,5.344444444444444,0.9722222222222222,0.0,8.722222222222221,0.0,13.212301587301587,0.0,9.781746031746032,16.75,0.11111111111111112,0.16666666666666666,3.8148148148148144,0.0,20.13068783068783,0.0,0.0,0.22222222222222224,2.638888888888889,0.47619047619047616,0.0,3.022222222222222,0.0,0.5,0.0,1.5,2.4166666666666665,0.0,0.0,0.0,0.0,0.0,0.0,0.0,0.0,0.16666666666666666,5.524470899470899,0.41666666666666663,0.0,0.0,0.0,3.0,0.8333333333333333,16.2,0.22222222222222224,0.16666666666666666,0.0,0.0,0.0,0.0,1.9444444444444444,0.0,0.5555555555555556,10.0,8.78968253968254,0.0,0.0,4.555555555555555,0.0,0.0,3.2592592592592595,0.0,2.8988095238095237,0.0,0.0,0.0,0.5601851851851851,0.0,2.7777777777777777,4.633394383394384,0.0,0.0,1.1111111111111112,0.0,0.0,1.6666666666666665,0.0,0.0,0.0,0.0,0.0,4.015873015873016,0.0,0.0,0.0,1.0416666666666665,0.3333333333333333,0.8611111111111112,0.0,0.0,0.0,0.0,1.1111111111111112,1.9444444444444444,0.0,0.0,4.611111111111111,0.0,3.0,2.333333333333333
251.32879524354482,14.007936507936506,163.37360732400853,70.4750769863417,149.95360371088523,9.031651064984398,11.23611111111111,16.624649859943975,15.916666666666666,132.93373518054946,37.585978835978835,27.89360959643237,21.099349349349346,13.79861735299666,1.6666666666666665,9.275132275132275,4.166666666666667,12.731208211696016,51.88512988416239,1.3333333333333333,6.25,5.6964925291144795,6.666666666666666,11.13095238095238,2.2577780602526145,47.485449735449734,33.95107288981883,15.027777777777779,34.7014652014652,34.21728652611005,0.8680555555555555,1.3333333333333333,2.6309340985811573,14.911312008872985,0.6666666666666667,0.6845238095238095,0.8333333333333333,1.6666666666666665,0.1388888888888889,1.9074074074074072,4.700854700854701,1.6666666666666665,0.20833333333333331,2.6282051282051277,2.947518368571,3.6666666666666665,0.0,0.22222222222222224,4.5596984101049145,0.8278388278388278,2.2235449735449735,1.3153929403929403,0.0,0.0,0.8796296296296295,0.3333333333333333,0.0,3.472222222222222,0.0,0.0,0.0,1.517094017094017,0.0,7.037037037037037,0.41666666666666663,0.0,0.8333333333333334,1.8193833622043614,0.0,0.0,0.0,3.7037037037037033,0.2777777777777778,0.0,0.0,0.0,0.0,1.6666666666666665,0.0,7.3809523809523805,1.4444444444444444,1.7289987789987789,0.0,6.908238366571699,0.0,0.0,0.0,0.0,1.619047619047619,0.0,0.0,3.333333333333333,2.1904761904761902,1.6666666666666665,0.1388888888888889,0.5555555555555556,0.0,9.493902439024389,0.0,0.1388888888888889,0.0,0.0,0.0,0.0,0.0,0.0,0.049019607843137254,0.0,0.7352941176470588,0.0,0.23237179487179485,0.0,0.0,0.0,0.0,0.049019607843137254,0.0,0.049019607843137254,0.049019607843137254,0.49019607843137253,0.049019607843137254,0.049019607843137254,3.333333333333333,0.0,0.0,0.0,0.0,0.0,0.0,0.0,0.0,0.0,3.581349206349206,0.7407407407407407,0.0,0.0,0.0,0.0,2.2222222222222223,0.5555555555555556,0.0,0.0,0.0,8.055555555555555,0.0,0.0,0.0,0.0,0.0,0.0,0.0,0.0,0.0,0.47619047619047616,0.0,0.0,0.0,0.1388888888888889,0.0,0.0,0.0,0.0,0.0,0.0,0.0,0.47619047619047616,0.0,0.4166666666666667,0.41666666666666663,1.6666666666666665,0.0,0.0,0.0,0.0,0.0,0.0,0.0,0.2393162393162393,0.0,0.0,0.0,0.0,0.0,0.0,0.0,0.0,0.0,0.0,0.0,0.0,0.0,0.0,0.11904761904761904,0.0,0.0,0.0,0.0,0.6666666666666666,0.0,0.0,0.0,0.0,0.0,0.1388888888888889,0.0,0.0,0.0,0.0,0.0,0.0,0.0,0.0,0.19675925925925924,0.0,1.6666666666666665,0.0,0.0,0.0,0.0,0.0,0.0,0.0,0.0,0.0,0.0,0.0,0.0,0.5555555555555556,0.0,0.0,0.0,0.0,0.0,0.0,0.0,0.0,0.0,0.0,0.0,0.0,0.0,0.0,0.0,0.0,2.337962962962963,0.0,0.0,0.0,0.0,0.0
139.81703944203943,15.164381914381913,30.627705627705627,16.52777777777778,5.486111111111111,5.26984126984127,8.253968253968253,3.9259259259259256,4.166666666666666,5.711111111111111,5.4393939393939394,9.554292929292929,1.3492063492063493,13.414141414141413,12.922619047619047,4.992784992784992,2.2222222222222223,28.297619047619047,4.515151515151515,2.7777777777777777,16.25,3.1666666666666665,0.4166666666666667,5.0,3.4615384615384617,5.422077922077922,0.0,10.0,1.9444444444444442,1.6666666666666665,0.15151515151515152,1.9444444444444444,1.6666666666666665,0.0,2.9696969696969697,0.8333333333333333,7.5,3.205128205128205,3.5185185185185186,1.6666666666666665,0.0,8.96031746031746,1.4153439153439153,2.929292929292929,4.383116883116883,0.0,0.0,5.476190476190476,0.0,0.0,1.167341430499325,0.41666666666666663,0.0,0.0,0.41666666666666663,0.37037037037037035,0.0,0.0,0.0,1.6666666666666667,3.333333333333333,0.0,0.0,0.0,0.23809523809523808,0.7142857142857142,4.880952380952381,0.0,0.0,0.0,0.0,0.0,0.9696969696969697,0.7142857142857142,0.0,4.007936507936508,5.04040404040404,0.0,0.0,2.6296296296296293,0.0,0.0,2.5,0.0,0.0,0.0,0.0,0.0,0.0,0.0,0.5555555555555556,0.0,0.0,0.0,0.0,3.333333333333333,0.5555555555555556,0.0,0.0,0.0,1.8055555555555556,0.6060606060606061,0.0,0.0,0.0,5.8181818181818175,0.0,0.0,0.0,1.0416666666666665,0.0,2.7777777777777777,0.0,5.158730158730158,0.0,0.0,0.0,0.0,0.0,0.0,0.0,0.0,6.486111111111111,0.0,0.0,0.0,0.0,0.0,0.0,0.0,1.6666666666666665,0.0,0.0,0.0,8.737373737373737,4.0,0.0,3.3333333333333335,0.0,1.6666666666666665,0.0,0.0,0.0,0.2777777777777778,0.0,0.0,0.0,0.0,0.0,3.333333333333333,2.5,0.0,0.16666666666666666,0.0,2.5,5.333333333333333,0.0,1.6666666666666665,0.0,0.0,0.0,0.5555555555555556,0.0,0.0,0.0,0.37037037037037035,0.0,0.0,0.0,0.0,1.9444444444444444,0.0,0.0,0.0,0.0,0.0,0.0,0.0,1.777777777777778,0.0,0.0,0.0,0.0,0.0,0.0,0.0,0.0,0.0,0.0,0.0,0.0,0.0,0.0,0.0,0.0,0.0,2.9166666666666665,0.0,1.25,0.6666666666666666,1.3636363636363638,0.0,0.0,0.0,0.0,0.0,0.07575757575757576,0.0,0.0,0.0,0.0,1.6666666666666665,0.0,1.3333333333333333,0.0,0.0,0.0,0.0,0.0,0.0,0.0,1.0,0.0,4.899325236167341,0.07575757575757576,0.0,3.333333333333333,0.5555555555555556,0.0,0.0,7.611111111111111,0.0,0.0,0.0,0.0,3.333333333333333,0.0,0.0,0.0,0.0,0.0,0.0,0.0,0.0,0.0,0.0,0.0,0.0,0.0,0.0
8.333333333333332,5.0,0.0,0.0,5.0,1.6666666666666665,1.3333333333333333,1.6666666666666667,1.3333333333333333,0.0,1.6666666666666665,0.0,1.6666666666666665,0.0,0.0,1.1111111111111112,0.4166666666666667,0.0,0.0,0.0,0.0,0.0,0.0,0.0,0.0,0.0,0.0,1.6666666666666665,0.0,0.0,0.0,0.0,0.0,0.0,0.0,0.0,0.0,0.0,0.0,0.0,0.0,0.0,0.0,0.1388888888888889,0.0,0.0,0.0,0.0,0.0,0.0,0.0,0.0,0.0,0.0,0.0,0.0,0.0,0.0,0.0,0.0,0.0,0.0,0.0,0.0,0.0,0.0,0.0,0.0,0.0,0.0,0.0,0.0,0.0,0.0,0.0,0.0,0.0,0.0,0.0,0.0,0.0,0.0,0.0,0.0,0.0,0.0,0.0,0.0,0.0,0.0,0.0,0.6666666666666666,0.0,0.0,0.0,0.0,0.0,0.0,0.0,0.0,0.0,0.0,0.0,0.0,0.0,0.0,0.0,0.0,0.0,0.0,1.6666666666666665,0.0,0.0,0.0,0.0,0.0,0.0,0.0,0.0,0.0,0.0,0.0,0.0,0.0,0.0,0.0,0.0,0.0,0.0,0.0,0.0,0.0,0.0,0.0,0.0,0.0,0.0,0.0,0.0,0.0,0.0,0.0,0.0,0.0,0.0,0.0,0.0,0.0,0.0,0.0,0.0,0.0,0.0,0.0,0.0,0.0,0.0,0.0,0.0,0.0,0.0,0.0,0.0,0.0,0.0,0.0,0.0,0.0,0.0,0.0,0.0,0.0,0.0,0.0,0.0,0.0,0.0,0.0,0.0,0.0,0.0,0.0,0.0,0.0,0.0,0.0,0.0,0.0,0.0,0.0,0.0,0.0,0.0,0.0,0.0,0.0,0.0,0.0,0.0,0.0,0.0,0.0,0.0,0.0,0.0,0.0,0.0,0.0,0.0,0.0,0.0,0.0,0.0,0.0,0.0,0.0,0.0,0.0,0.0,0.0,0.0,0.0,0.0,0.0,0.0,0.0,0.0,0.0,0.0,0.0,0.0,0.0,0.0,0.0,0.0,0.0,0.0,0.0,0.0,0.0,0.0,0.0,0.0,0.0,0.0,0.0,0.0,0.0,0.0,0.0
1.6666666666666665,1.6666666666666665,0.0,1.6666666666666665,0.0,0.0,0.0,0.0,0.0,0.0,0.0,1.3888888888888888,1.6666666666666665,0.0,0.0,5.277777777777778,0.0,1.6666666666666665,0.0,0.0,0.0,0.0,0.0,0.0,0.0,0.0,0.0,0.0,0.0,0.0,0.0,0.0,0.0,0.0,0.0,0.0,0.0,0.0,0.0,0.0,0.0,0.0,0.0,0.0,0.0,0.0,0.0,0.0,0.0,0.0,0.0,0.0,0.0,0.0,0.0,0.0,0.0,0.0,0.0,0.0,0.0,0.0,0.0,0.0,0.0,0.0,0.0,0.0,0.0,0.0,0.0,0.0,0.0,0.0,0.0,0.0,0.0,0.0,0.0,0.0,0.0,0.0,0.0,0.0,0.0,0.0,0.0,0.0,0.0,0.0,0.0,0.0,0.0,0.0,0.0,0.0,0.0,0.0,0.0,0.0,0.0,0.0,0.0,0.0,0.0,0.0,0.0,0.0,0.0,0.0,0.0,0.0,0.0,0.0,0.0,0.0,0.0,0.0,0.0,0.0,0.0,0.0,0.0,0.0,0.0,0.0,0.0,0.0,0.0,0.0,0.0,0.0,0.0,0.0,0.0,0.0,0.0,0.0,0.0,0.0,0.0,0.0,0.0,0.0,0.0,0.0,0.0,0.0,0.0,0.0,0.0,0.0,0.0,0.0,0.0,0.0,0.0,0.0,0.0,0.0,0.0,0.0,0.0,0.0,0.0,0.0,0.0,0.0,0.0,0.0,0.0,0.0,0.0,0.0,0.0,0.0,0.0,0.0,0.0,0.0,0.0,0.0,0.0,0.0,0.0,0.0,0.0,0.0,0.0,0.0,0.0,0.0,0.0,0.0,0.0,1.6666666666666665,0.0,0.0,0.0,0.0,0.0,0.0,0.0,0.0,0.0,0.0,0.0,0.0,0.0,0.0,0.0,0.0,0.0,0.0,0.0,0.0,0.0,0.0,0.0,0.0,0.0,0.0,0.0,0.0,0.0,0.0,0.0,0.0,0.0,0.0,0.0,0.0,0.0,0.0,0.0,0.0,0.0,0.0,0.0,0.0,0.0,0.0,0.0,0.0,0.0,0.0,0.0,0.0,0.0,0.0
169.00661375661375,104.58333333333333,91.72222222222221,117.91865079365078,92.27777777777777,45.69444444444444,48.33333333333333,67.63888888888889,66.18055555555556,20.555555555555554,32.60185185185185,56.988095238095234,45.0,35.27777777777778,34.22222222222222,33.23232323232323,35.37037037037037,33.888888888888886,32.08333333333333,17.277777777777775,27.916666666666664,21.805555555555554,14.444444444444443,26.944444444444443,21.79365079365079,25.0,2.5,43.006410256410255,10.025252525252524,22.916666666666664,28.67328042328042,9.722222222222221,20.0,21.11111111111111,2.833333333333333,66.34722222222221,8.333333333333332,8.785714285714285,11.527777777777777,0.0,9.821428571428571,2.7777777777777777,3.333333333333333,10.429292929292929,4.166666666666666,0.0,7.083333333333333,3.333333333333333,5.416666666666666,5.138888888888888,3.888888888888889,3.6111111111111107,21.277777777777775,7.361111111111111,6.319444444444444,6.444444444444444,19.444444444444443,7.083333333333333,14.444444444444443,10.61111111111111,7.111111111111111,5.0,5.833333333333333,2.9166666666666665,5.138888888888888,5.833333333333333,0.0,5.277777777777778,12.777777777777777,2.5,3.333333333333333,0.0,12.5,5.833333333333333,92.85515873015872,0.0,0.0,4.166666666666666,1.6666666666666665,6.666666666666667,2.9166666666666665,8.333333333333332,5.984848484848484,1.6666666666666667,0.0,0.5555555555555556,10.833333333333332,3.333333333333333,5.833333333333333,0.5555555555555556,3.333333333333333,5.833333333333333,11.25,1.3888888888888888,9.583333333333332,4.722222222222222,3.472222222222222,0.0,2.5,4.305555555555555,11.907407407407407,1.6666666666666665,1.1111111111111112,3.333333333333333,0.0,0.0,0.0,5.555555555555555,0.0,1.6666666666666665,5.0,0.0,2.5,0.0,0.8333333333333333,0.0,36.81177156177156,0.0,0.0,0.0,0.0,0.0,0.0,5.333333333333333,0.0,2.2222222222222223,2.2222222222222223,0.0,3.9999999999999996,0.0,0.0,0.0,0.0,8.676767676767676,0.0,0.0,1.4444444444444444,0.0,0.0,0.0,2.083333333333333,0.0,0.0,0.8333333333333333,3.333333333333333,0.0,0.0,0.5555555555555556,0.0,5.0,0.0,1.6666666666666665,0.2777777777777778,0.8333333333333333,0.0,0.0,0.0,0.0,3.333333333333333,0.0,1.6666666666666665,1.6666666666666665,2.083333333333333,0.0,0.0,4.5,0.8333333333333333,8.472222222222221,1.1111111111111112,5.0,0.0,1.6666666666666665,0.0,1.6666666666666665,2.2222222222222223,4.861111111111111,0.8333333333333333,0.0,0.0,3.8888888888888884,0.0,0.0,0.0,0.20833333333333331,0.8333333333333333,3.333333333333333,0.0,0.8333333333333333,0.2777777777777778,0.0,0.0,0.0,0.0,0.0,0.0,0.8333333333333333,0.0,0.0,1.6666666666666665,0.0,0.0,0.0,0.0,0.0,0.0,0.0,0.0,0.8333333333333333,0.8333333333333333,0.0,0.0,0.0,0.0,0.0,0.0,0.0,0.0,0.0,0.0,0.8333333333333333,0.0,0.0,0.0,0.0,2.7777777777777777,4.722222222222221,0.0,0.41666666666666663,0.0,0.0,0.0,5.583333333333333,2.2222222222222223,0.0,2.2222222222222223,0.0,0.0,1.0,0.0,0.0,0.0,8.333333333333334,0.0,0.0,0.0,0.0,0.0,0.0,1.6666666666666665,1.6666666666666665
346.6111111111111,197.98148148148147,16.944444444444443,89.96759259259258,112.94444444444444,96.18082788671023,188.7037037037037,42.66955266955267,111.3095238095238,75.67989417989418,56.46296296296296,69.62962962962963,23.22222222222222,27.77777777777778,36.25396825396825,15.833333333333332,23.814814814814813,14.722222222222221,20.925925925925924,19.72222222222222,16.21527777777778,18.148148148148145,39.44444444444444,29.999999999999996,9.444444444444445,13.351851851851851,9.814814814814815,54.291666666666664,15.277777777777777,30.925925925925924,12.296296296296296,3.8888888888888884,15.222222222222221,1.6666666666666665,8.222222222222221,60.78406084656084,8.333333333333332,10.0,1.6666666666666665,5.925925925925926,2.7777777777777777,7.777777777777778,9.0,2.2222222222222223,3.333333333333333,1.1111111111111112,10.0,83.25925925925925,0.0,4.074074074074074,18.15972222222222,0.0,7.592592592592593,3.333333333333333,11.944444444444445,0.0,32.24074074074074,7.777777777777779,64.01774042950514,7.037037037037036,6.666666666666666,1.1111111111111112,5.944444444444444,13.333333333333332,0.8333333333333333,1.4814814814814816,11.018518518518517,0.0,8.777777777777777,18.88888888888889,3.333333333333333,0.7407407407407407,1.6666666666666665,0.37037037037037035,95.0132275132275,8.333333333333334,69.07407407407408,0.8333333333333333,1.9444444444444444,0.5555555555555556,0.0,9.074074074074073,0.0,0.5555555555555556,0.0,49.166666666666664,0.0,5.0,0.0,3.7407407407407405,8.333333333333332,0.0,1.6666666666666665,3.8888888888888884,4.444444444444444,13.333333333333332,1.1111111111111112,0.0,43.33333333333333,0.0,0.0,1.6666666666666665,0.5925925925925926,2.7777777777777777,1.1111111111111112,0.8333333333333334,0.5602335020029517,0.37037037037037035,8.403502530044276,1.8518518518518519,0.0,14.074074074074074,0.0,2.2222222222222223,2.5,0.5602335020029517,8.88888888888889,0.5602335020029517,0.5602335020029517,5.602335020029518,0.5602335020029517,0.5602335020029517,0.0,0.5555555555555556,0.0,0.0,0.0,0.0,0.0,26.19618807118807,5.0,1.6666666666666665,0.0,0.0,0.0,0.0,6.111111111111111,17.063492063492063,0.0,0.0,0.0,3.611111111111111,0.0,0.0,0.0,3.3333333333333335,0.0,0.0,0.0,0.0,11.055555555555555,1.1111111111111112,0.0,0.6666666666666666,0.6666666666666666,0.0,0.0,1.1111111111111112,3.333333333333333,12.222222222222221,3.333333333333333,1.6666666666666665,1.6666666666666665,0.0,0.0,0.0,0.0,10.555555555555555,0.0,0.0,0.0,1.1111111111111112,0.7407407407407407,0.0,3.333333333333333,1.6666666666666665,0.0,0.0,5.0,0.0,0.0,0.0,0.0,2.4623015873015874,9.84920634920635,0.0,20.0,0.0,1.1111111111111112,0.0,0.0,0.0,0.0,0.0,0.0,1.1111111111111112,0.0,0.6666666666666666,0.0,0.0,0.0,0.0,0.0,0.0,0.0,3.6111111111111107,0.0,0.0,1.1111111111111112,0.0,0.0,29.0,0.0,0.0,0.6666666666666666,0.0,0.0,0.0,3.1481481481481484,0.0,0.0,0.0,0.0,0.0,0.0,0.37037037037037035,18.703703703703702,0.0,0.0,5.0,0.0,0.0,0.0,16.666666666666664,0.0,0.0,0.0,1.6666666666666667,1.6666666666666665,0.0,0.0,3.3333333333333335,5.37037037037037,3.8888888888888884,3.333333333333333,0.0,0.0,0.0,0.0,0.0
4.2063492063492065,2.314814814814815,0.0,0.7407407407407407,0.0,0.0,1.1111111111111112,1.1111111111111112,0.2777777777777778,0.0,0.0,0.0,0.0,1.1111111111111112,0.0,0.0,0.0,0.0,0.0,0.0,0.0,0.8333333333333333,0.0,0.0,0.0,0.0,0.0,0.09259259259259259,0.0,0.0,0.20833333333333331,0.0,0.0,0.0,0.18518518518518517,0.2777777777777778,0.0,0.0,0.0,0.0,0.0,0.0,0.0,0.0,0.0,0.0,0.22222222222222224,0.0,0.0,0.0,0.0,0.0,0.0,0.0,0.0,0.0,0.0,0.0,0.0,0.0,0.0,0.0,0.0,0.0,0.0,0.0,0.0,0.0,0.0,0.0,0.0,0.0,0.0,0.0,0.0,0.0,0.0,0.0,0.0,0.0,0.0,0.8333333333333334,0.0,0.0,0.0,0.0,0.0,0.0,0.0,0.0,0.0,0.0,0.0,0.0,0.0,0.0,0.0,0.0,0.0,0.0,0.0,0.0,0.0,0.0,0.0,0.0,0.0,0.0,0.0,0.0,0.0,0.0,0.0,0.0,0.0,0.0,0.0,0.0,0.0,0.0,0.0,0.0,8.666666666666666,0.0,0.0,0.0,0.0,0.0,0.0,0.0,0.0,0.0,0.0,0.0,0.0,0.0,0.0,0.0,0.0,0.0,0.0,0.0,0.0,0.0,0.0,0.0,0.0,0.0,0.0,0.0,0.0,0.0,0.0,0.0,0.0,0.0,0.0,0.0,0.0,0.0,0.0,0.0,0.0,0.0,0.0,0.0,0.0,0.0,0.0,0.0,0.0,0.0,0.0,0.0,0.0,0.0,0.0,0.0,0.625,0.0,0.0,0.0,0.0,0.0,0.0,0.0,0.0,0.0,0.0,0.0,0.0,0.0,0.0,0.0,0.0,0.0,0.0,0.0,0.0,0.0,0.0,0.0,0.0,0.0,0.0,0.0,0.0,0.0,0.0,0.0,0.0,0.0,0.0,0.0,0.0,0.0,0.0,0.0,0.0,0.0,0.0,0.0,0.0,0.0,0.0,0.0,0.0,0.0,0.0,0.0,0.0,0.0,0.0,0.0,0.0,0.0,0.0,0.0,0.0,0.0,0.0,0.0,0.0,0.0,0.0,0.0,0.0,0.0,0.0,0.0
132.00697865353038,157.82142857142856,23.47222222222222,107.78544061302681,98.55938697318007,46.666666666666664,135.05555555555554,101.25,188.0,1.1111111111111112,113.33333333333333,68.58716475095785,59.53174603174603,50.763888888888886,35.55555555555556,20.944444444444443,79.38888888888889,3.333333333333333,34.11649334063127,0.0,47.08333333333333,23.61111111111111,21.666666666666664,2.361111111111111,5.0,20.555555555555554,4.722222222222222,3.333333333333333,2.404214559386973,9.333333333333332,26.861111111111107,3.333333333333333,5.277777777777778,7.083333333333333,14.333333333333332,9.166666666666666,4.166666666666667,15.833333333333332,8.61111111111111,3.888888888888889,0.2777777777777778,18.5,0.0,7.777777777777777,15.223271300857506,26.25,0.41666666666666663,0.0,0.0,1.6666666666666665,56.50383141762452,1.25,0.0,0.0,3.333333333333333,0.41666666666666663,3.8888888888888884,0.0,0.0,2.5,0.0,7.499999999999999,0.0,0.5555555555555556,0.0,0.6904761904761905,6.666666666666666,0.0,0.0,0.0,0.0,0.625,0.0,0.6904761904761905,0.0,5.229885057471264,0.0,0.0,0.0,0.0,1.7857142857142856,0.0,5.0,3.333333333333333,0.0,3.333333333333333,14.86111111111111,15.277777777777777,6.666666666666666,0.0,0.0,0.0,3.333333333333333,5.0,0.0,5.833333333333333,2.7777777777777777,0.0,0.8333333333333333,0.0,0.0,0.5555555555555556,0.0,0.0,1.1111111111111112,0.0,0.0,0.0,0.0,0.0,0.0,0.0,0.0,0.0,0.0,0.0,0.0,0.0,0.0,0.0,0.0,0.0,0.0,0.0,1.9444444444444442,1.6666666666666665,0.0,0.0,0.0,2.083333333333333,3.333333333333333,0.0,0.0,0.0,0.0,0.0,0.0,0.0,0.0,0.0,0.0,0.0,0.0,0.0,0.0,0.0,0.0,0.0,0.0,0.0,0.8333333333333333,0.0,0.0,1.6666666666666665,0.0,3.9999999999999996,0.41666666666666663,0.0,0.0,0.0,1.6666666666666665,0.0,0.0,0.0,1.6666666666666665,0.0,3.138888888888889,0.0,0.0,0.0,0.0,0.0,0.0,4.166666666666666,0.2777777777777778,3.333333333333333,0.0,0.0,0.0,0.0,0.0,0.5555555555555556,0.2777777777777778,0.0,0.0,0.0,0.0,0.0,0.0,0.0,0.8333333333333334,0.0,0.0,3.333333333333333,0.0,0.0,0.0,0.2777777777777778,0.0,0.0,0.0,0.0,0.0,0.0,5.0,0.0,0.0,0.0,0.0,0.0,0.0,39.58333333333333,0.0,0.0,1.1111111111111112,0.0,0.0,0.0,0.0,0.0,16.916666666666664,0.0,0.0,0.0,0.2777777777777778,0.0,0.0,0.0,0.0,0.0,0.0,0.0,1.6666666666666665,0.0,1.6666666666666665,0.0,0.0,0.0,1.1111111111111112,0.0,0.0,0.0,0.0,0.0,0.0,0.0,0.0,0.0,0.0,1.1111111111111112
167.18376068376068,13.698412698412698,14.065934065934066,30.507936507936506,8.37037037037037,6.333333333333333,10.89033189033189,36.61111111111111,35.256854256854254,7.314814814814814,13.94083694083694,5.37037037037037,10.74074074074074,9.142857142857142,12.892857142857142,36.26984126984127,17.26984126984127,33.15658089187501,12.797619047619047,1.1111111111111112,145.16683643154232,14.228715728715729,4.166666666666667,6.388888888888889,4.444444444444445,15.055555555555555,0.19607843137254902,4.087301587301587,0.0,2.0370370370370368,0.0,4.666666666666666,7.083333333333333,0.0,0.8333333333333334,1.1111111111111112,4.666666666666666,6.19047619047619,0.0,5.178571428571428,2.341269841269841,7.416666666666666,6.111111111111112,3.333333333333333,2.8333333333333335,35.1031746031746,0.0,0.9523809523809523,3.333333333333333,0.0,0.0,5.476190476190476,5.011701261701262,2.5,1.1111111111111112,2.9166666666666665,0.0,0.0,0.0,0.0,1.0648148148148149,0.0,3.333333333333333,0.0,0.47619047619047616,1.1111111111111112,3.1666666666666665,0.37037037037037035,1.3333333333333333,0.0,3.333333333333333,3.8095238095238093,2.7777777777777777,1.1111111111111112,0.37037037037037035,2.7777777777777777,2.525252525252525,0.0,2.1666666666666665,3.333333333333333,0.0,2.0634920634920633,0.47619047619047616,0.0,0.0,0.0,0.0,7.111111111111111,0.0,0.0,2.5,0.0,0.0,0.0,11.38888888888889,1.5,3.968253968253968,0.0,8.222222222222221,0.0,71.5016835016835,10.15079365079365,0.0,0.0,1.9991582491582491,0.0,0.0,0.0,0.41666666666666663,0.0,0.0,0.0,2.6984126984126986,0.5555555555555556,0.5555555555555556,0.0,0.0,0.0,0.0,0.0,0.0,0.0,1.6666666666666667,0.41666666666666663,0.0,0.6666666666666666,0.0,1.4074074074074074,3.333333333333333,21.11111111111111,3.333333333333333,8.144300144300145,0.0,0.0,322.40516672869614,0.0,0.0,0.8333333333333333,0.0,0.0,0.0,0.0,5.411255411255411,0.0,7.46031746031746,0.0,0.0,3.3333333333333335,0.0,10.373015873015873,2.6984126984126986,0.0,0.0,0.0,0.5555555555555556,0.0,0.0,0.0,0.0,0.0,0.0,0.0,0.0,4.112554112554112,0.0,0.0,0.5555555555555556,0.0,0.0,0.0,0.6666666666666666,0.0,0.41666666666666663,0.19607843137254902,0.0,0.0,0.0,0.0,0.0,0.0,0.0,0.0,0.0,3.1904761904761902,12.761904761904761,0.5555555555555556,0.0,0.0,2.0,0.0,0.2564102564102564,0.0,0.0,0.0,1.1655011655011656,0.0,0.0,0.0,0.0,0.0,0.0,0.0,0.0,0.0,0.3333333333333333,0.0,0.0,0.0,0.0,10.031746031746032,0.0,0.0,0.0,0.0,0.6666666666666666,0.0,0.41666666666666663,0.0,2.0,0.0,0.0,0.0,0.0,0.0,0.0,0.0,0.0,0.0,0.0,0.0,0.0,0.0,1.6666666666666667,0.0,1.6666666666666667,6.666666666666666,0.0,0.0,0.0,1.3333333333333333,1.6666666666666665,0.5882352941176471,0.0,0.0,0.0,0.0,0.0,0.0,0.0,0.0
278.1944444444444,172.55555555555554,206.10714285714283,137.52777777777777,156.80555555555554,58.67063492063492,170.55555555555554,144.86111111111111,355.9722222222222,43.19444444444444,30.444444444444443,78.30555555555554,67.5,70.83333333333333,143.0,65.83333333333333,55.55555555555555,56.49999999999999,45.27777777777777,37.77777777777777,28.194444444444443,52.916666666666664,95.55555555555554,42.61111111111111,32.22222222222222,37.5,5.0,30.97222222222222,20.833333333333332,59.72222222222222,19.72222222222222,7.222222222222222,21.111111111111107,22.777777777777775,5.0,52.22222222222222,4.444444444444445,9.722222222222221,38.75,2.2222222222222223,11.666666666666666,0.0,10.555555555555555,15.277777777777777,5.277777777777778,3.8888888888888884,15.416666666666664,0.0,5.416666666666666,19.166666666666664,8.333333333333332,2.7777777777777777,31.277777777777775,5.277777777777778,1.6666666666666665,7.555555555555555,11.666666666666666,5.833333333333333,10.555555555555555,9.166666666666666,5.0,10.0,6.777777777777778,7.5,7.916666666666666,3.333333333333333,0.0,5.833333333333333,16.666666666666664,5.833333333333333,4.166666666666666,0.0,12.5,3.333333333333333,81.38888888888889,0.0,0.0,1.6666666666666665,1.6666666666666665,1.1111111111111112,3.583333333333333,12.5,6.666666666666666,0.2777777777777778,5.0,3.333333333333333,19.72222222222222,1.6666666666666665,7.499999999999999,0.5555555555555556,1.6666666666666665,13.333333333333332,10.277777777777777,8.055555555555554,5.0,3.333333333333333,1.6666666666666665,0.0,5.0,8.88888888888889,10.833333333333332,0.0,1.1111111111111112,3.8888888888888884,0.0,0.0,0.0,7.222222222222222,0.0,0.0,0.0,0.0,5.833333333333333,0.0,0.8333333333333333,0.0,1.6666666666666665,0.0,0.0,0.0,0.0,0.0,0.0,9.5,0.0,2.2222222222222223,5.0,0.0,3.333333333333333,0.0,0.0,0.0,0.0,11.666666666666666,0.0,0.0,0.0,0.0,5.0,0.0,5.0,0.0,0.0,0.8333333333333333,3.333333333333333,0.0,1.6666666666666665,0.0,0.0,5.0,0.0,1.6666666666666665,0.0,0.0,14.999999999999998,0.0,3.333333333333333,0.0,3.333333333333333,0.0,1.6666666666666665,1.6666666666666665,2.083333333333333,0.0,4.166666666666666,1.1666666666666665,0.8333333333333333,3.0555555555555554,4.444444444444445,3.333333333333333,0.0,0.0,0.0,0.0,3.8888888888888884,0.0,0.8333333333333333,0.0,0.0,13.88888888888889,0.0,0.0,0.0,0.0,0.0,1.6666666666666665,0.0,0.0,0.0,0.0,0.0,0.0,0.0,0.0,0.0,0.8333333333333333,0.0,0.0,1.6666666666666665,0.0,0.0,0.0,0.0,0.0,3.333333333333333,0.0,0.0,0.8333333333333333,0.0,3.3333333333333335,3.333333333333333,0.0,0.0,0.0,0.0,0.0,0.0,3.333333333333333,0.0,0.8333333333333333,0.0,0.0,0.0,0.0,0.0,3.333333333333333,0.0,0.0,0.0,0.0,0.0,3.333333333333333,4.277777777777778,3.333333333333333,4.277777777777778,0.0,1.6666666666666665,0.0,0.0,0.0,0.0,3.3333333333333335,0.0,3.333333333333333,0.0,0.0,0.0,0.0,3.333333333333333,0.0
116.22222222222221,48.888888888888886,51.666666666666664,35.83333333333333,75.83333333333333,20.0,56.11111111111111,31.666666666666664,75.55555555555554,48.33333333333333,13.333333333333332,58.33333333333333,23.333333333333332,6.666666666666666,11.666666666666666,26.666666666666664,8.333333333333332,13.333333333333332,11.666666666666666,20.0,23.333333333333332,15.0,14.166666666666666,18.888888888888886,10.833333333333332,6.666666666666666,0.0,11.944444444444443,2.2222222222222223,24.999999999999996,3.333333333333333,2.2222222222222223,6.666666666666666,14.999999999999998,5.0,4.166666666666666,10.0,6.666666666666666,17.777777777777775,3.333333333333333,0.0,0.0,6.666666666666666,3.333333333333333,3.333333333333333,5.0,3.333333333333333,0.0,3.333333333333333,0.0,3.333333333333333,0.0,8.333333333333332,0.0,5.0,0.0,3.333333333333333,5.0,10.555555555555555,18.333333333333332,0.0,1.6666666666666665,3.333333333333333,0.0,6.666666666666666,1.6666666666666665,0.0,0.0,0.0,0.0,0.0,0.0,3.333333333333333,1.6666666666666665,11.666666666666666,0.0,0.0,0.0,0.0,0.0,3.333333333333333,0.0,11.666666666666666,0.0,0.0,0.0,19.444444444444443,8.88888888888889,0.0,0.0,3.333333333333333,0.0,0.0,5.0,0.0,0.0,0.0,0.0,0.0,0.0,11.666666666666666,0.0,0.0,3.333333333333333,3.333333333333333,0.0,0.0,6.666666666666666,0.0,0.0,3.333333333333333,0.0,0.0,0.0,0.0,0.0,1.6666666666666665,0.0,0.0,0.0,0.0,0.0,0.0,0.0,0.0,1.6666666666666665,3.333333333333333,0.0,0.0,0.0,0.0,0.0,0.0,5.0,0.0,0.0,0.0,0.0,0.0,0.0,0.0,0.0,0.0,0.0,0.0,0.0,0.0,5.0,0.0,0.0,0.0,0.0,0.0,0.0,1.6666666666666665,0.0,0.0,0.0,7.777777777777777,0.0,0.0,0.0,3.333333333333333,0.0,0.0,0.0,0.0,0.0,3.333333333333333,0.0,0.0,0.0,0.0,3.333333333333333,0.0,0.0,0.0,0.0,0.0,0.0,0.0,0.0,0.0,0.0,0.0,3.333333333333333,0.0,6.666666666666666,0.0,0.0,0.0,0.0,0.0,0.0,0.0,0.0,0.0,0.0,0.0,0.0,0.0,0.0,0.0,0.0,0.0,0.0,0.0,0.0,0.0,0.0,0.0,0.0,0.0,0.0,0.0,0.0,0.0,0.0,0.0,0.0,0.0,0.0,0.0,0.0,0.0,0.0,0.0,0.0,0.0,0.0,0.0,0.0,0.0,0.0,0.0,0.0,0.0,0.0,0.0,0.0,0.0,5.833333333333333,0.0,0.0,0.0,0.0,0.0,0.0,8.333333333333332,0.0
18.888888888888886,3.333333333333333,16.666666666666664,2.333333333333333,19.166666666666664,0.0,12.222222222222221,2.2222222222222223,5.333333333333333,0.0,6.666666666666666,0.0,0.0,3.333333333333333,0.0,12.999999999999998,0.0,0.0,0.0,1.9999999999999998,0.0,1.6666666666666665,0.0,0.0,0.0,0.0,5.0,0.0,0.0,6.666666666666666,0.0,0.0,0.0,0.0,0.0,0.0,0.0,0.3333333333333333,0.0,0.0,0.0,0.0,0.0,4.166666666666666,0.0,0.0,0.0,0.0,0.0,0.0,0.0,0.8333333333333333,0.0,0.0,0.0,0.0,0.0,0.0,0.0,0.0,0.0,0.0,0.0,1.9999999999999998,0.0,0.0,0.0,0.0,0.0,0.0,0.0,0.0,0.0,0.0,0.0,0.0,0.0,0.0,0.0,0.0,0.0,0.0,0.0,0.0,0.0,0.0,0.0,0.0,0.0,0.0,0.0,0.0,0.0,0.0,0.0,0.0,0.0,0.0,0.0,0.0,0.0,0.0,0.0,0.0,0.0,0.0,0.0,0.0,0.0,0.0,0.0,0.0,0.0,0.0,0.0,0.0,0.0,0.0,0.0,0.0,0.0,0.0,0.0,0.0,0.0,0.0,0.0,0.8333333333333333,0.0,0.0,0.0,0.0,0.0,0.0,0.0,0.0,0.0,0.0,0.0,0.0,0.0,0.0,0.0,0.0,0.0,0.0,0.0,0.0,0.0,0.0,0.0,0.0,0.0,0.0,0.0,0.0,0.0,0.0,0.0,0.0,0.0,0.0,0.0,0.0,0.0,0.0,0.0,0.0,0.0,0.0,0.0,0.0,0.0,0.0,0.0,0.0,0.0,0.0,0.0,0.0,0.0,0.0,0.0,0.0,0.0,0.0,0.0,0.0,0.0,0.0,0.0,0.0,0.0,0.0,0.0,0.0,0.0,0.0,0.0,0.0,0.0,0.0,0.0,0.0,0.0,0.0,0.0,0.0,0.0,0.0,0.0,0.0,0.0,0.0,0.0,0.0,0.0,0.0,0.0,0.0,0.0,0.0,0.0,0.0,0.0,0.0,0.0,0.0,0.0,0.0,0.0,0.0,0.0,0.0,0.0,0.0,0.0,0.0,0.0,0.0,0.0,0.0,0.0,0.0,0.0,0.0,0.0,0.0,0.0,0.0
12.48611111111111,5.555555555555555,3.819444444444444,9.166666666666666,6.805555555555555,1.9999999999999998,5.37037037037037,1.6666666666666667,7.342592592592593,0.0,12.592592592592592,5.972222222222222,2.0833333333333335,0.8333333333333333,0.0,0.0,0.8333333333333333,1.8518518518518519,2.444444444444444,4.777777777777778,7.916666666666667,0.0,0.5,3.5185185185185186,0.5555555555555556,3.888888888888889,0.0,1.6666666666666665,0.7638888888888888,0.8333333333333333,0.0,1.1111111111111112,0.8333333333333333,7.777777777777778,2.0833333333333335,7.222222222222222,2.5925925925925926,0.0,0.8333333333333334,0.0,1.759259259259259,0.0,1.537037037037037,1.1111111111111112,0.20833333333333331,5.444444444444445,1.8518518518518516,0.0,0.0,0.0,1.3888888888888888,0.0,0.0,0.0,1.4444444444444444,0.0,0.20833333333333331,0.0,2.1111111111111107,0.0,1.6666666666666665,0.2777777777777778,0.0,0.0,0.0,0.0,2.8703703703703702,0.0,0.0,0.0,0.0,0.0,0.0,0.0,0.0,0.8333333333333333,0.0,0.0,0.0,0.11111111111111112,0.41666666666666663,0.0,0.0,3.333333333333333,2.2222222222222223,0.0,0.0,0.0,0.3333333333333333,1.1111111111111112,0.0,0.0,0.0,0.0,0.0,0.0,0.0,0.0,0.0,0.5555555555555556,0.0,0.0,0.0,0.0,0.0,0.0,0.0,0.0,0.0,0.0,0.41666666666666663,0.0,0.0,0.0,0.0,0.0,1.6666666666666667,0.0,0.0,0.0,0.0,0.0,0.0,0.0,8.75,0.0,0.0,0.0,0.0,0.0,0.0,0.0,1.3888888888888888,0.0,0.0,0.0,0.0,0.0,0.0,0.0,0.0,0.0,0.0,0.0,0.0,0.0,0.0,0.0,0.0,0.0,0.0,0.0,0.0,0.0,0.0,0.0,0.0,0.0,0.0,0.0,1.6666666666666665,0.0,0.2777777777777778,0.0,0.0,0.0,0.0,0.0,0.0,0.0,0.0,0.0,0.0,0.0,0.2777777777777778,0.0,0.0,0.37037037037037035,0.0,0.0,0.0,1.9312169312169312,0.9656084656084656,0.0,0.0,0.0,0.0,0.0,0.0,1.1111111111111112,0.0,0.0,0.0,0.0,0.0,0.0,0.0,0.37037037037037035,0.0,0.0,0.0,0.0,0.0,0.0,0.0,0.0,0.0,0.0,0.0,0.0,0.0,0.0,0.0,0.0,0.0,0.0,0.0,0.0,0.0,0.0,1.4781746031746033,0.0,0.0,0.0,0.0,0.0,0.0,0.0,0.0,0.0,0.0,0.0,0.0,0.0,0.0,0.0,0.0,0.0,0.0,0.0,0.0,0.0,0.0,0.0,0.0,0.8333333333333333,0.0,0.0,0.0,0.0
151.94781144781143,24.26388888888889,38.5,36.51725589225589,87.2361111111111,43.41765873015873,28.888888888888886,19.863425925925924,55.84027777777777,18.232142857142858,48.388888888888886,33.18055555555556,34.089285714285715,10.833333333333332,10.555555555555555,11.805555555555555,29.694444444444443,5.220959595959595,6.916666666666666,8.083333333333332,9.416666666666666,81.79040404040404,2.5681818181818183,9.666666666666666,1.9999999999999998,0.0,3.7222222222222223,8.75,5.333333333333333,29.410714285714285,1.0416666666666665,31.77777777777778,1.9606481481481481,26.944444444444443,0.1388888888888889,25.32473544973545,3.087301587301587,4.770833333333333,9.263888888888888,14.198412698412698,6.527777777777778,0.9444444444444444,2.5,3.333333333333333,0.0,12.25,6.0,9.783730158730158,6.111111111111111,5.694444444444444,1.5,0.16666666666666666,2.0833333333333335,1.6666666666666665,0.0,0.20833333333333331,6.111111111111111,1.3055555555555556,3.472222222222222,0.8333333333333333,4.555555555555555,1.0416666666666665,0.0,3.333333333333333,0.0,1.2569444444444444,12.25,1.6666666666666667,3.8888888888888893,0.8333333333333333,5.277777777777778,0.0,1.277777777777778,1.2569444444444444,3.5416666666666665,0.0,4.583333333333333,0.0,0.0,0.0,0.41666666666666663,0.0,0.2777777777777778,9.948412698412698,14.513888888888888,12.916666666666666,1.1111111111111112,2.9166666666666665,2.5,3.7499999999999996,1.0416666666666665,0.0,0.0,0.0,0.0,0.0,0.47619047619047616,4.166666666666667,1.8888888888888888,1.25,1.3888888888888888,0.0,0.0,0.5555555555555556,3.7499999999999996,0.0,0.0,0.9583333333333333,0.0,5.277777777777778,0.0,0.0,0.0,5.444444444444444,0.0,0.0,4.027777777777778,0.0,0.0,0.0,0.0,0.0,0.0,0.0,0.0,0.0,0.0,1.1111111111111112,1.6666666666666665,0.0,0.0,0.2777777777777778,3.847222222222222,0.20833333333333331,0.0,0.0,0.9583333333333333,0.0,0.0,0.0,0.0,0.0,0.0,0.0,0.0,1.1111111111111112,0.0,0.0,0.0,0.0,0.0,0.0,0.16666666666666666,0.0,0.0,0.0,0.0,1.6666666666666665,0.0,0.0,1.597222222222222,0.0,0.0,0.0,0.5,0.0,0.0,0.0,0.0,0.0,0.0,0.0,0.0,0.41666666666666663,0.20833333333333331,0.0,0.0,10.625,0.0,0.0,0.0,5.575757575757575,2.7878787878787876,0.2708333333333333,1.0833333333333333,0.0,0.0,0.0,0.0,0.0,0.0,0.0,0.0,0.0,0.0,0.0,0.0,0.0,0.0,0.0,0.0,0.0,0.20833333333333331,0.0,0.0,0.8333333333333334,0.0,0.0,0.5555555555555556,0.0,0.0,0.0,0.0,0.0,1.6666666666666665,0.0,1.1111111111111112,0.0,0.0,0.41666666666666663,0.41666666666666663,0.0,0.0,0.0,1.25,0.0,0.0,0.0,0.0,17.697811447811446,0.0,0.0,0.0,0.0,0.0,0.0,0.0,0.0,0.0,0.0,0.0,11.672979797979798,0.0,0.0,0.0,0.0,0.0,0.0,0.0,0.0
81.51851851851852,29.291666666666664,39.39351851851852,39.42791005291005,15.208333333333332,33.22685185185185,19.0,11.929713804713804,48.0787037037037,5.396825396825396,8.601851851851851,9.703703703703702,7.777777777777778,5.0,8.217592592592592,3.333333333333333,8.287037037037036,7.962962962962963,0.9027777777777777,27.01388888888889,14.375,11.25,2.3055555555555554,19.583333333333332,6.216269841269841,6.222222222222221,1.9444444444444444,3.333333333333333,4.208333333333333,21.62037037037037,0.0,0.15151515151515152,6.875,21.68265993265993,0.0,36.523148148148145,2.5925925925925926,11.124999999999998,3.055555555555556,0.2777777777777778,2.037037037037037,4.444444444444444,2.0972222222222223,1.5277777777777777,1.4583333333333333,3.8333333333333335,6.875,14.833333333333332,0.2777777777777778,0.0,0.0,0.0,9.12962962962963,0.41666666666666663,3.055555555555556,0.6666666666666666,5.208333333333333,3.3333333333333335,13.293650793650793,2.2222222222222223,3.8055555555555554,0.0,0.0,1.2037037037037037,0.5555555555555556,0.5654761904761905,35.035714285714285,0.0,0.41666666666666663,5.138888888888888,11.685185185185185,1.6666666666666665,0.41666666666666663,0.5654761904761905,0.2777777777777778,2.2222222222222223,4.416666666666666,0.0,0.46296296296296297,0.0,0.41666666666666663,0.0,0.0,6.621693121693122,8.88888888888889,8.458333333333332,0.41666666666666663,5.0,0.0,0.0,0.0,0.0,0.0,1.1111111111111112,0.0,0.5555555555555556,0.0,5.833333333333333,3.263888888888889,0.625,0.0,0.0,3.333333333333333,1.25,1.0833333333333333,0.0,0.41666666666666663,3.8611111111111107,0.0,1.1111111111111112,0.0,0.0,0.5555555555555556,7.361111111111111,0.0,0.0,13.194444444444443,0.0,0.0,0.0,0.0,0.0,0.0,0.5555555555555556,1.6666666666666665,0.0,0.0,0.0,0.0,0.0,0.0,0.0,0.0,0.5555555555555556,0.0,0.0,7.361111111111112,0.5555555555555556,0.5555555555555556,2.333333333333333,0.0,0.0,0.0,0.0,0.5555555555555556,5.75,1.3888888888888888,0.0,0.0,0.0,0.0,0.0,0.0,1.6666666666666665,0.0,0.41666666666666663,0.0,0.0,0.0,0.4861111111111111,1.6666666666666667,0.0,0.2777777777777778,0.0,0.0,0.0,0.0,0.0,0.0,0.0,0.0,0.0,0.0,0.0,1.3888888888888888,0.0,0.0,3.6111111111111107,0.0,0.0,0.2777777777777778,3.0423280423280423,1.5211640211640212,1.3015873015873016,5.2063492063492065,0.0,0.5555555555555556,1.6666666666666665,0.0,4.444444444444445,0.0,0.41666666666666663,0.0,0.0,0.0,0.0,0.0,0.0,0.0,0.0,0.0,0.0,0.41666666666666663,0.0,0.0,0.0,0.0,0.0,5.138888888888888,0.0,0.0,0.0,0.0,0.0,2.986111111111111,0.0,0.41666666666666663,0.0,0.0,0.0,2.867063492063492,0.0,0.0,0.0,0.41666666666666663,0.0,0.0,0.0,0.0,0.2777777777777778,0.0,0.0,0.0,0.0,0.0,0.0,0.0,0.0,0.0,0.0,0.0,6.634920634920634,0.0,0.0,0.0,0.0,0.0,0.0,0.0,0.0
68.96838624338623,4.722222222222222,51.55555555555555,36.278174603174605,36.99933862433862,6.055555555555555,4.833333333333333,18.36111111111111,19.02777777777778,14.075396825396824,8.453703703703704,9.944444444444445,15.666666666666666,13.00925925925926,16.877248677248677,23.89351851851852,10.037037037037036,0.0,1.3888888888888888,25.447089947089946,16.541666666666664,9.083333333333332,11.5,8.916666666666666,5.447089947089947,5.851851851851851,5.597222222222221,5.0,4.722222222222222,2.2222222222222223,1.0833333333333333,0.8333333333333333,17.408730158730158,10.420634920634921,0.6666666666666666,26.93584656084656,0.9259259259259258,7.77579365079365,0.6666666666666666,0.20833333333333331,2.8518518518518516,3.365079365079365,0.6666666666666666,10.488095238095237,0.0,4.222222222222222,7.638888888888888,3.333333333333333,0.8333333333333333,0.37037037037037035,2.142857142857143,1.3888888888888888,3.2870370370370368,1.1428571428571428,7.013888888888888,0.0,8.055555555555555,0.6666666666666666,2.9166666666666665,0.0,11.333333333333334,0.0,0.8333333333333333,4.455026455026455,5.658730158730159,1.2121212121212122,4.011111111111111,0.0,0.3333333333333333,2.388888888888889,2.2777777777777777,0.0,0.0,1.2121212121212122,1.1111111111111112,0.6666666666666666,0.0,1.6666666666666665,0.0,0.0,3.0277777777777777,0.0,0.0,0.37037037037037035,2.9444444444444446,1.986111111111111,0.5555555555555556,0.0,0.0,4.138888888888888,0.0,0.3333333333333333,0.0,1.375,0.0,4.5,0.0,0.11111111111111112,1.857142857142857,4.722222222222221,0.0,0.0,0.0,0.18518518518518517,0.0,0.0,0.0,2.333333333333333,0.0,0.0,0.6666666666666666,0.8333333333333333,1.3333333333333333,0.3333333333333333,0.0,0.0,0.18518518518518517,0.0,0.0,0.0,0.0,0.0,0.0,0.0,0.0,0.37037037037037035,5.238095238095238,0.0,3.4722222222222223,0.0,0.0,1.1574074074074074,0.0,1.3333333333333335,0.0,0.0,2.936868686868687,0.0,0.0,0.7407407407407407,0.0,0.0,0.0,0.0,0.0,0.37037037037037035,0.0,0.0,0.0,0.0,0.0,2.5,0.0,0.0,0.0,0.0,0.0,0.0,0.47619047619047616,0.0,0.6666666666666666,0.0,0.2777777777777778,0.0,1.8888888888888888,0.0,0.0,0.0,0.31746031746031744,0.0,0.0,0.0,0.0,0.8333333333333333,0.0,1.6666666666666665,0.37037037037037035,0.0,0.0,0.0,0.0,0.0,0.0,0.3333333333333333,1.3333333333333333,3.333333333333333,0.0,0.0,0.0,0.41666666666666663,0.0,0.0,0.0,1.1111111111111112,0.0,2.7777777777777777,0.0,0.0,0.0,0.0,0.0,0.0,0.0,0.0,0.0,0.0,0.0,0.0,0.0,0.0,0.0,0.0,0.0,0.0,0.0,0.0,0.1388888888888889,0.47619047619047616,0.0,0.0,0.0,0.0,0.0,0.0,0.0,0.0,0.0,0.0,0.0,0.5555555555555556,0.0,0.7916666666666666,0.0,0.0,0.0,0.0,0.0,0.0,0.0,0.0,0.0,0.0,0.0,0.0,0.0,0.0,0.0,0.0,0.0,0.0
31.62169312169312,8.819444444444445,0.031746031746031744,9.695767195767196,5.5177304964539005,11.666666666666666,0.16666666666666666,5.277777777777778,11.260582010582011,1.1428571428571428,3.7037037037037037,1.761574074074074,19.89814814814815,1.1111111111111112,3.0925925925925926,5.611111111111112,7.731481481481482,3.6111111111111107,0.0,4.657407407407407,0.16666666666666666,0.4444444444444445,0.0,1.8055555555555556,3.4722222222222223,4.345238095238095,5.841269841269842,8.194444444444443,3.8055555555555554,8.313492063492063,3.3333333333333335,0.40740740740740744,0.9722222222222222,2.5462962962962963,0.0,8.555555555555555,0.0,0.8333333333333333,2.666666666666667,0.0,1.9444444444444442,0.0,0.0,1.9444444444444442,0.5,0.0,5.180555555555555,0.5555555555555556,2.2083333333333335,0.0,0.3333333333333333,0.0,0.46296296296296297,0.32407407407407407,3.4722222222222223,0.0,3.958333333333333,0.0,4.166666666666667,0.0,1.8888888888888888,1.1111111111111112,0.0,0.23148148148148148,0.0,0.0,5.277777777777778,0.0,0.0,0.0,5.9907407407407405,1.6666666666666665,0.0,0.0,0.0,0.0,0.4166666666666667,0.0,8.390652557319225,0.0,0.5185185185185185,0.0,0.0,0.0,2.7777777777777777,0.8333333333333333,0.0,0.0,0.0,6.2592592592592595,0.0,0.0,0.0,0.0,0.0,0.0,0.0,0.0,0.9523809523809523,0.0,0.0,0.0,0.0,0.0,2.8888888888888893,0.0,0.3503945103550457,0.8333333333333333,5.2559176553256854,0.0,0.0,0.0,0.5555555555555556,0.0,0.38580246913580246,0.3503945103550457,0.0,0.3503945103550457,0.3503945103550457,3.503945103550457,0.3503945103550457,0.3503945103550457,0.0,0.0,0.0,0.0,0.0,0.0,0.0,0.0,0.0,0.6666666666666667,0.8333333333333334,0.0,0.0,0.0,0.0,0.1388888888888889,0.0,0.0,0.0,5.0,0.0,0.0,0.0,0.0,0.0,0.0,0.0,0.0,0.0,0.0,0.0,0.1388888888888889,0.0,0.0,0.0,0.0,0.0,0.0,0.0,0.0,0.2777777777777778,0.0,0.0,0.0,0.0,0.0,0.0,0.0,0.0,0.0,0.0,0.0,0.2777777777777778,0.0,0.22222222222222224,2.5,0.0,0.0,0.2777777777777778,2.7777777777777777,1.3888888888888888,1.3611111111111112,5.444444444444445,0.0,0.5555555555555556,0.0,0.0,0.0,0.18518518518518517,0.0,0.0,0.0,0.0,0.0,0.0,0.1388888888888889,0.0,0.0,0.0,0.0,0.0,0.0,0.0,0.0,0.0,0.0,0.9166666666666667,0.0,0.0,0.0,0.0,0.0,0.0,0.0,0.0,0.0,0.0,0.0,1.9444444444444444,0.0,0.0,1.1111111111111112,0.0,0.0,0.0,0.0,0.0,1.1111111111111112,0.0,0.37037037037037035,0.0,0.0,0.0,0.0,0.7936507936507936,0.5555555555555556,0.0,0.0,0.0,2.5,0.0,0.0,0.0,0.0,0.0,0.0,0.0,0.0
228.90291571173924,156.02017195767195,41.56143838006583,95.71693121693121,295.23421717171715,29.351190476190474,18.3531746031746,26.35185185185185,47.46957671957672,25.894300144300143,29.91269841269841,26.124398749398747,79.61701397730809,16.593915343915345,22.799543049543047,27.898027898027898,11.42195767195767,37.71825396825397,17.846590909090907,19.60185185185185,4.8280423280423275,25.053571428571427,0.6428571428571428,18.797198172198172,34.676166426166425,11.44877344877345,46.91600529100529,26.825396825396822,14.534391534391535,12.563492063492063,1.5277777777777777,13.407136844636844,3.639520202020202,18.412037037037035,0.6428571428571428,3.333333333333333,1.0416666666666665,4.113756613756614,42.36772486772487,0.0,2.9166666666666665,4.407407407407407,0.0,25.317460317460316,3.833333333333333,18.055555555555554,18.947089947089946,1.1666666666666665,6.255952380952381,5.861111111111111,0.8333333333333333,3.8777056277056277,4.722222222222222,12.662037037037036,40.398148148148145,1.5,1.6666666666666665,17.083333333333332,1.4814814814814814,0.37037037037037035,0.0,2.2777777777777777,1.1111111111111112,0.1388888888888889,2.380952380952381,3.7936507936507935,0.0,0.8333333333333334,5.707070707070708,0.0,1.1111111111111112,0.0,0.0,2.682539682539683,2.0588235294117645,0.0,0.0,1.2222222222222223,10.784832451499119,0.0,0.18518518518518517,0.0,5.555555555555555,3.0555555555555554,9.583333333333332,0.0,8.382936507936508,0.0,0.0,7.9259259259259265,0.0,0.0,0.0,3.0555555555555554,0.0,0.0,0.0,11.875,0.9523809523809523,3.5515873015873014,0.0,0.0,0.0,0.6060606060606061,1.0833333333333335,0.0,0.031746031746031744,5.833333333333333,0.47619047619047616,0.0,2.5555555555555554,3.333333333333333,0.19921436588103253,0.0,0.38580246913580246,0.031746031746031744,3.333333333333333,0.031746031746031744,0.031746031746031744,0.31746031746031744,0.031746031746031744,0.031746031746031744,0.0,0.0,0.9523809523809523,0.0,0.0,0.0,2.2222222222222223,0.0,17.77777777777778,0.0,2.833333333333333,0.10416666666666666,0.0,0.0,0.0,0.0,0.0,0.0,1.4444444444444444,5.0,0.0,1.6666666666666667,0.0,0.6666666666666666,0.5555555555555556,0.15151515151515152,19.857142857142854,3.333333333333333,0.0,0.0,0.0,0.1388888888888889,0.0,0.0,0.0,0.0,0.0,2.2222222222222223,0.0,0.0,0.0,0.0,0.0,0.15873015873015872,0.0,0.4166666666666667,0.8333333333333334,0.0,0.0,0.0,2.2222222222222223,0.0,1.1296296296296298,0.0,0.22222222222222224,27.40740740740741,0.0,1.1111111111111112,0.0,0.0,0.0,0.0,0.0,0.6277056277056277,0.0,0.0,0.0,0.0,0.18518518518518517,0.0,0.0,0.11904761904761904,0.0,0.0,0.0,0.0,0.0,0.0,0.0,0.0,0.0,0.0,0.0,5.698412698412698,0.0,0.0,0.22222222222222224,0.0,0.0,0.0,0.0,0.0,0.0,0.0,0.0,0.0,0.0,3.75,0.0,0.0,0.0,0.0,1.1111111111111112,0.0,0.0,0.0,0.0,0.5555555555555556,0.0,0.0,0.0,0.0,0.0,0.0,1.126984126984127,0.0,0.0,0.0,0.0,0.0,1.1111111111111112,0.0,0.47619047619047616,0.0,0.0,0.0,0.0,0.0
199.83730158730157,20.444444444444443,46.226190476190474,38.72995522995523,50.067460317460316,63.47089947089947,11.916666666666666,232.55489417989418,33.263042513042514,13.74074074074074,15.682539682539682,9.3179012345679,40.46031746031746,3.611111111111111,9.703703703703704,6.919312169312169,12.276455026455025,14.605820105820104,0.0,129.04958004958004,42.87566137566137,23.386243386243386,2.194444444444444,26.108465608465607,65.79389129389129,11.309523809523808,16.61904761904762,0.18518518518518517,152.86487586487587,4.351851851851851,9.77004477004477,17.645502645502646,75.94973544973544,84.24625220458553,14.388888888888888,2.2222222222222223,21.47222222222222,4.365079365079365,0.8333333333333333,11.765873015873016,53.13492063492063,3.333333333333333,3.4444444444444446,7.805555555555555,5.076719576719577,40.40712065712066,119.69444444444444,0.0,4.0,16.367521367521366,0.0,8.694444444444445,0.0,8.703703703703704,14.62962962962963,2.4603174603174605,0.41666666666666663,6.666666666666666,0.0,6.944444444444444,0.0,2.1944444444444446,6.003968253968254,14.944444444444445,11.442460317460316,0.0,0.0,0.0,25.095238095238095,6.031746031746032,0.0,7.333333333333333,0.0,0.0,0.0,0.0,0.0,20.257936507936506,0.8333333333333334,0.0,4.142857142857142,0.6666666666666666,1.1111111111111112,2.0,0.41666666666666663,0.0,1.25,0.8333333333333333,4.583333333333333,74.9920634920635,0.7407407407407407,0.0,3.111111111111111,0.0,4.444444444444445,0.0,0.8333333333333333,15.029761904761903,6.666666666666666,4.851851851851852,0.18518518518518517,0.0,2.333333333333333,85.67460317460318,0.787037037037037,0.0,0.0,4.404761904761904,0.0,0.0,0.0,0.0,4.0740740740740735,0.0,0.0,0.0,1.1666666666666665,0.0,0.0,0.0,0.0,0.0,0.0,0.0,0.0,0.0,0.0,22.5,0.5555555555555556,2.380952380952381,0.0,12.805555555555555,0.8531746031746031,0.0,0.0,0.41666666666666663,0.0,0.0,0.0,3.333333333333333,3.472222222222222,0.0,6.666666666666666,0.47619047619047616,0.0,0.0,0.8518518518518519,20.373015873015873,0.0,3.7777777777777777,0.0,0.0,0.0,1.1428571428571428,0.9523809523809523,0.0,0.0,0.0,9.003968253968253,0.0,0.0,0.0,1.1111111111111112,0.0,15.018518518518517,0.0,0.0,0.0,0.8333333333333333,0.0,0.0,0.0,0.0,0.3333333333333333,1.0,0.0,0.37037037037037035,0.4444444444444445,0.0,0.0,0.0,0.0,0.0,0.0,0.0,3.0555555555555554,0.5555555555555556,0.0,0.0,0.0,4.333333333333333,1.1111111111111112,0.0,0.0,0.0,0.0,0.0,0.0,0.0,0.0,0.0,0.0,0.0,1.1111111111111112,0.0,0.0,0.0,5.0,0.0,0.0,0.0,0.0,0.5555555555555556,0.0,0.0,0.0,0.0,0.6666666666666666,0.0,1.6666666666666667,0.22222222222222224,0.0,0.1388888888888889,0.0,0.0,0.0,0.0,0.0,0.0,0.0,0.0,0.0,0.0,0.0,0.0,0.0,0.0,0.47619047619047616,0.0,0.0,0.0,0.0,0.0,0.8333333333333333,0.0,0.0,8.777777777777777,0.0,0.41666666666666663,0.0
15.709325396825397,2.8571428571428568,1.8333333333333333,5.638888888888888,2.238095238095238,0.9166666666666666,0.0,10.337301587301587,1.5555555555555554,2.2301587301587302,2.5,2.2222222222222223,1.3095238095238093,3.680555555555556,5.365079365079365,5.138888888888888,3.5,14.604497354497354,3.6527777777777777,2.2222222222222223,3.333333333333333,3.3333333333333335,3.9682539682539684,0.0,1.6666666666666667,0.7407407407407407,0.0,0.20833333333333331,0.6388888888888888,0.0,0.9722222222222223,5.240079365079365,2.5277777777777777,0.0,3.333333333333333,0.1388888888888889,3.9444444444444446,0.16666666666666666,0.0,0.8333333333333333,0.0,0.6150793650793651,0.23809523809523808,1.527777777777778,4.824404761904762,1.1111111111111112,0.0,0.5555555555555556,2.5555555555555554,0.0,0.875,6.473214285714286,3.5,0.0,0.0,0.0,0.0,0.0,0.0,1.7718253968253967,0.625,0.0,0.23809523809523808,0.0,0.8333333333333333,0.0,0.0,2.3720238095238093,0.0,0.0,0.0,0.7083333333333333,3.657738095238095,0.0,0.0,0.0,0.0,0.0,0.0,0.0,0.0,0.0,0.2708333333333333,0.0,0.0,0.0,0.0,1.6666666666666665,0.41666666666666663,0.0,1.6666666666666667,0.0,0.0,0.0,0.0,0.0,0.0,0.0,0.0,0.0,0.0,0.32738095238095233,0.16666666666666666,0.0,0.0,0.25,0.0,0.0,0.0,0.0,0.0,0.0,0.0,0.0,3.3333333333333335,0.0,0.0,0.0,0.0,0.0,0.0,0.0,0.2777777777777778,2.708333333333333,0.0,0.0,1.25,0.0,0.0,0.0,0.0,0.0,0.0,0.0,0.0,0.0,0.0,0.0,0.0,0.0,0.0,0.0,0.0,0.0,0.0,0.0,0.0,0.0,0.5555555555555556,0.0,0.0,0.0,0.0,0.0,0.0,0.0,0.0,0.0,0.0,0.41666666666666663,0.0,0.0,0.0,0.8333333333333333,0.0,0.0,0.0,0.0,0.0,0.0,0.0,0.6666666666666666,0.0,0.0,0.0,0.0,0.0,0.0,0.0,0.0,0.0,0.0,0.0,0.0,0.0,0.0,2.6666666666666665,0.0,1.6666666666666665,0.0,0.41666666666666663,0.0,0.0,0.0,0.0,0.0,0.0,0.0,0.47619047619047616,0.0,0.0,0.0,0.2777777777777778,0.0,0.0,0.0,0.0,0.0,0.0,0.1388888888888889,0.0,0.0,0.0,0.0,0.0,0.8333333333333334,0.0,0.0,0.0,0.0,0.0,0.0,0.0,0.0,0.0,0.0,0.16666666666666666,0.0,0.0,0.0,0.0,0.0,0.0,0.0,0.0,0.0,0.0,0.0,0.0,0.1388888888888889,0.0,0.0,0.0,0.0,0.0,0.0,0.0,0.0,0.0,0.0
43.19444444444444,7.083333333333333,5.0,21.25,3.8888888888888884,5.277777777777778,1.6666666666666665,2.5,6.388888888888888,5.194444444444444,1.6666666666666665,6.111111111111111,6.666666666666666,0.0,1.1111111111111112,0.0,3.6111111111111107,0.0,0.41666666666666663,0.0,0.0,0.0,1.6666666666666665,3.3333333333333335,0.0,0.0,10.0,0.0,9.444444444444445,1.6666666666666665,0.0,0.5555555555555556,0.0,0.5555555555555556,1.6666666666666665,0.41666666666666663,0.0,0.5555555555555556,1.1111111111111112,0.0,0.0,0.0,0.0,1.1111111111111112,0.5555555555555556,0.0,0.0,0.0,0.0,1.6666666666666665,0.0,0.0,0.0,3.333333333333333,0.0,0.0,0.0,1.3333333333333333,0.0,1.6666666666666665,0.0,3.333333333333333,0.0,0.0,0.0,0.0,0.0,0.0,0.0,0.0,0.0,2.2222222222222223,0.0,0.0,0.0,0.0,0.0,0.0,0.0,0.0,0.0,0.0,0.0,0.0,0.0,0.0,0.8333333333333333,0.0,0.0,0.0,0.0,0.0,0.0,0.0,0.0,0.0,0.0,1.6666666666666665,0.0,0.0,0.0,0.0,0.0,0.8333333333333333,0.0,0.0,0.0,0.0,0.0,0.8333333333333333,0.0,0.0,0.0,0.0,0.0,0.0,0.0,0.0,0.0,0.0,0.0,0.0,0.0,0.0,0.0,0.0,0.0,0.0,0.0,0.0,0.0,0.0,0.0,0.0,0.0,0.0,0.0,0.0,0.0,0.0,0.0,0.0,0.0,0.0,0.0,0.0,0.0,0.0,0.0,0.0,0.0,0.0,0.0,0.0,0.0,0.0,0.0,0.0,0.0,0.0,0.0,0.0,0.0,0.0,0.0,0.0,0.0,0.0,0.0,0.0,0.0,0.0,0.0,0.5555555555555556,0.0,0.0,0.0,0.0,0.0,0.0,0.0,0.0,0.0,0.0,0.0,0.0,0.0,0.0,0.0,0.0,0.0,0.0,0.0,0.0,0.0,0.0,0.0,0.0,0.0,0.0,0.0,0.0,0.0,0.0,0.0,0.0,0.0,0.0,0.0,0.0,0.0,0.0,0.0,0.0,0.0,0.0,0.0,0.0,0.0,0.0,0.0,0.0,0.0,0.0,0.0,0.0,0.0,0.0,0.0,0.0,0.0,0.0,0.0,0.0,0.0,0.0,0.0,0.0,0.0,0.0,0.0,0.0,0.0,0.0,0.0,0.0,0.0,0.0,0.0,0.0
56.935945837108626,22.777777777777775,33.75,31.138888888888886,12.333333333333332,12.3015873015873,1.6666666666666665,54.888888888888886,26.583333333333332,1.9999999999999998,22.444444444444443,4.097222222222221,16.666666666666664,10.833333333333332,5.203703703703703,3.333333333333333,4.444444444444445,7.777777777777777,13.333333333333332,2.7777777777777777,5.833333333333333,1.6666666666666665,6.25,0.0,1.9999999999999998,3.358974358974359,11.75,9.166666666666666,1.6666666666666665,3.5416666666666665,0.0,2.2222222222222223,8.333333333333332,16.265873015873016,1.25,4.166666666666666,3.8888888888888884,6.777777777777778,16.99074074074074,0.0,4.277777777777778,0.0,0.5555555555555556,0.3333333333333333,2.2222222222222223,2.5,0.0,0.0,8.194444444444443,0.8333333333333333,0.4861111111111111,0.5555555555555556,2.9444444444444446,0.5555555555555556,0.0,0.0,0.8333333333333333,3.0555555555555554,0.0,3.6111111111111107,0.0,6.805555555555555,2.7777777777777777,0.0,3.333333333333333,1.1111111111111112,0.0,4.722222222222221,1.6666666666666665,0.0,0.0,0.0,2.9166666666666665,1.1111111111111112,17.917936069098857,1.6666666666666665,0.0,2.5,1.1111111111111112,1.3888888888888888,1.6666666666666665,0.0,0.5555555555555556,1.0416666666666667,0.5555555555555556,0.0,0.0,1.6666666666666665,2.5,0.0,0.0,0.0,0.0,0.0,0.8333333333333333,0.0,3.333333333333333,4.166666666666666,0.0,1.1111111111111112,0.0,0.0,0.0,0.0,1.1666666666666665,4.060604769907095,0.0,0.8333333333333334,0.0,0.0,6.0,0.0,1.25,0.41666666666666663,1.9444444444444444,0.0,0.0,0.0,0.0,0.0,0.0,0.0,0.0,0.0,0.0,0.0,0.0,0.5555555555555556,0.0,0.0,0.0,0.0,0.0,0.41666666666666663,0.0,0.0,0.0,0.0,1.6666666666666665,0.0,0.0,0.0,0.5555555555555556,0.0,0.0,0.0,1.9444444444444444,0.0,0.0,0.0,0.0,0.0,0.0,0.2777777777777778,0.0,0.0,2.7777777777777777,0.0,0.41666666666666663,0.9722222222222222,0.8333333333333333,0.8333333333333333,1.6666666666666665,0.0,1.6666666666666665,4.444444444444445,0.0,0.0,3.0555555555555554,0.0,0.0,0.41666666666666663,0.0,0.0,0.0,0.0,0.0,0.0,0.0,1.3888888888888888,0.0,0.0,0.0,0.0,0.0,0.0,0.0,0.0,0.0,0.8333333333333333,0.0,0.0,0.0,0.0,0.0,0.0,0.0,0.0,0.0,0.0,14.045442929163858,0.0,0.0,0.5555555555555556,0.5555555555555556,0.0,0.7803023849535478,0.41666666666666663,0.0,0.0,0.0,0.0,0.0,0.0,0.0,0.0,0.0,0.0,0.0,0.0,0.0,0.0,0.0,0.0,0.0,0.0,0.0,0.0,0.0,0.0,0.0,1.9444444444444444,0.0,0.0,0.0,0.0,0.0,0.0,0.0,0.0,0.0,0.0,0.0,0.0,0.0,0.0,0.0,0.0,0.0,0.0
475.0084185540707,158.9351851851852,201.72500536250536,232.52741702741702,180.41305453805452,104.27380952380952,79.48611111111111,54.669973544973544,142.17334054834055,85.83823758823759,97.91798941798942,127.96476671476671,192.91264130394563,50.76587301587301,78.95159932659932,92.49323188385688,46.589285714285715,47.886243386243386,18.08531746031746,27.531084656084655,39.888888888888886,16.694444444444443,47.74404761904762,61.4239417989418,10.387566137566138,46.5760582010582,51.46230158730158,20.056277056277054,17.166666666666668,41.4512012012012,13.543650793650793,29.943420005920004,5.416666666666666,75.97614885114885,4.034391534391535,24.64616402116402,5.079365079365079,23.64021164021164,57.2063492063492,16.65806878306878,6.222222222222222,0.0,2.2222222222222223,69.69642857142857,36.85636123136123,58.399327524327525,17.480555555555554,6.676587301587301,21.351190476190474,6.727513227513227,0.23809523809523808,15.302910052910052,0.4882154882154882,9.445165945165945,38.75595238095238,5.069444444444445,8.333333333333332,10.291666666666666,24.524595774595774,1.6666666666666665,0.8888888888888888,20.198051948051948,1.2685185185185184,15.067460317460316,1.2777777777777777,2.53495115995116,0.0,2.5,3.388888888888889,10.666666666666666,2.5,7.113095238095238,1.25,0.6043956043956044,1.6904761904761905,0.0,0.7638888888888888,0.23809523809523808,23.15698653198653,0.23809523809523808,6.962861212861212,2.6620370370370368,4.316137566137566,21.98298460798461,79.36111111111111,1.6666666666666665,33.62103174603175,0.8333333333333334,1.222222222222222,37.107142857142854,0.0,1.130952380952381,3.4166666666666665,10.11111111111111,0.0,1.25,0.9027777777777777,86.94438431938431,1.3888888888888888,22.19191919191919,0.8333333333333333,0.0,0.4444444444444444,2.0833333333333335,6.166666666666666,0.7359601449275363,0.09134134134134134,4.955026455026455,1.37012012012012,2.2222222222222223,3.0555555555555554,0.0,2.194444444444444,0.9722222222222222,0.0,0.09134134134134134,8.784632034632034,0.09134134134134134,0.09134134134134134,0.9134134134134133,0.09134134134134134,0.09134134134134134,0.0,0.0,3.3968253968253967,1.1574074074074074,1.6666666666666665,3.833333333333333,0.41666666666666663,0.0,4.055555555555555,1.8055555555555556,42.42195767195767,4.858465608465608,0.0,0.0,0.41666666666666663,3.8888888888888884,0.23809523809523808,0.0,0.0,0.3333333333333333,0.0,5.896825396825396,0.2777777777777778,0.3333333333333333,3.013888888888889,0.0,14.978632478632477,0.47619047619047616,0.0,0.0,0.0,3.7499999999999996,0.0,0.5158730158730158,0.8333333333333334,0.0,0.0,13.489001739001738,1.1111111111111112,0.8333333333333333,0.41666666666666663,1.6666666666666665,0.0,0.0,8.21031746031746,0.9523809523809523,1.722222222222222,1.583333333333333,0.0,2.888888888888889,0.6666666666666666,2.208333333333333,4.826178451178451,0.0,0.2777777777777778,14.702380952380953,0.5555555555555556,0.18518518518518517,0.0,1.4484126984126984,0.7242063492063492,0.8927738927738927,3.571095571095571,9.833333333333334,0.23809523809523808,0.0,0.0,0.3333333333333333,0.0,0.2777777777777778,0.0,0.0,0.0,0.0,0.0,2.208333333333333,0.0,0.2898550724637681,1.7395833333333333,1.6666666666666665,0.0,0.2777777777777778,0.0,0.2777777777777778,0.078125,0.41666666666666663,0.0,0.0,0.0,0.0,0.0,0.5797101449275363,0.0,0.0,0.0,0.8888888888888888,0.0,0.0,0.5555555555555556,0.0,0.0,0.0,0.6666666666666666,0.0,0.0,0.0,0.0,0.0,0.0,0.0,0.0,0.0,0.0,0.0,0.0,0.5555555555555556,3.194444444444444,0.0,2.9722222222222223,0.0,0.0,0.0,0.0,0.0,1.6666666666666667,0.0,0.0,0.0
3.333333333333333,14.444444444444443,5.555555555555555,0.0,0.0,0.0,0.0,0.0,0.0,3.333333333333333,0.0,0.0,0.0,0.0,0.0,0.0,0.0,0.0,0.5555555555555556,0.0,0.0,0.0,0.0,4.444444444444445,0.0,0.0,0.0,0.0,6.666666666666666,0.0,0.0,0.0,0.0,0.5555555555555556,0.0,0.0,0.0,0.0,0.0,0.0,0.0,0.0,0.0,0.0,0.0,0.0,0.0,0.0,0.0,0.0,0.0,0.0,0.0,0.0,0.0,0.0,0.0,0.0,0.0,0.0,0.0,0.0,0.0,0.0,0.0,0.0,0.0,0.0,0.0,0.0,0.0,0.0,0.0,0.0,0.0,0.0,0.0,0.0,0.0,0.0,0.0,0.0,0.0,0.0,0.0,0.0,0.0,0.0,0.0,0.0,0.0,0.0,0.0,0.0,0.0,0.0,0.0,0.0,0.0,0.0,0.0,0.0,0.0,0.0,0.0,0.0,0.0,0.0,0.0,0.0,0.0,0.0,0.0,0.0,0.0,0.0,0.0,0.0,0.0,0.0,0.0,0.0,0.0,0.0,0.0,0.0,0.0,0.0,0.0,0.0,0.0,0.0,0.0,0.0,0.0,0.0,0.0,0.0,0.0,0.0,0.0,0.0,0.0,0.0,0.0,0.0,0.0,0.0,0.0,0.0,0.0,0.0,0.0,0.0,0.0,0.0,0.0,0.0,0.0,0.0,0.0,0.0,0.0,0.0,0.0,0.0,0.0,0.0,0.0,0.0,0.0,0.0,0.0,0.0,0.0,0.0,0.0,0.0,0.0,0.0,0.0,0.0,0.0,0.0,0.0,0.0,0.0,0.0,0.0,0.0,0.0,0.0,0.0,0.0,0.0,0.0,0.0,0.0,0.0,0.0,0.0,0.0,0.0,0.0,0.0,0.0,0.0,0.0,0.0,0.0,0.0,0.0,0.0,0.0,0.0,0.0,0.0,0.0,0.0,0.0,0.0,0.0,0.0,0.0,0.0,0.0,0.0,0.0,0.0,0.0,0.0,0.0,0.0,0.0,0.0,0.0,0.0,0.0,0.0,0.0,0.0,0.0,0.0,0.0,0.0,0.0,0.0,0.0,0.0,0.0
0.0,0.0,0.0,0.0,0.0,0.0,0.0,0.0,0.0,0.0,0.0,0.0,0.0,0.0,0.0,0.0,0.0,0.0,1.6666666666666665,0.0,0.0,0.0,0.0,0.0,0.0,0.0,0.0,0.0,0.0,0.0,0.0,0.0,0.0,0.0,0.0,0.0,0.0,0.0,0.0,0.0,0.0,0.0,0.0,0.0,0.0,0.0,0.0,0.0,0.0,0.0,0.0,0.0,0.0,0.0,0.0,0.0,0.0,0.0,0.0,0.0,0.0,0.0,0.0,0.0,0.0,0.0,0.0,0.0,0.0,0.0,0.0,0.0,0.0,0.0,0.0,0.0,0.0,0.0,0.0,0.0,0.0,0.0,0.0,0.0,0.0,0.0,0.0,0.0,0.0,0.0,0.0,0.0,0.0,0.0,0.0,0.0,0.0,0.0,0.0,0.0,0.0,0.0,0.0,0.0,0.0,0.0,0.0,0.0,0.0,0.0,0.0,0.0,0.0,0.0,0.0,0.0,0.0,0.0,0.0,0.0,0.0,0.0,0.0,0.0,0.0,0.0,0.0,0.0,0.0,0.0,0.0,0.0,0.0,0.0,0.0,0.0,0.0,0.0,0.0,0.0,0.0,0.0,0.0,0.0,0.0,0.0,0.0,0.0,0.0,0.0,0.0,0.0,0.0,0.0,0.0,0.0,0.0,0.0,0.0,0.0,0.0,0.0,0.0,0.0,0.0,0.0,0.0,0.0,0.0,0.0,0.0,0.0,0.0,0.0,0.0,0.0,0.0,0.0,0.0,0.0,0.0,0.0,0.0,0.0,0.0,0.0,0.0,0.0,0.0,0.0,0.0,0.0,0.0,0.0,0.0,0.0,0.0,0.0,0.0,0.0,0.0,0.0,0.0,0.0,0.0,0.0,0.0,0.0,0.0,0.0,0.0,0.0,0.0,0.0,0.0,0.0,0.0,0.0,0.0,0.0,0.0,0.0,0.0,0.0,0.0,0.0,0.0,0.0,0.0,0.0,0.0,0.0,0.0,0.0,0.0,0.0,0.0,0.0,0.0,0.0,0.0,0.0,0.0,0.0,0.0,0.0,0.0,0.0,0.0,0.0
20.53174603174603,28.48611111111111,12.238095238095237,10.722222222222221,9.930555555555555,35.535714285714285,12.333333333333332,15.273809523809524,6.666666666666666,3.0555555555555554,3.7777777777777777,23.75925925925926,1.6666666666666667,13.083333333333332,16.035714285714285,35.638888888888886,2.46031746031746,18.83531746031746,3.333333333333333,7.361111111111111,6.944444444444444,10.763888888888888,6.666666666666666,0.5416666666666666,2.4166666666666665,9.38888888888889,0.0,4.555555555555555,1.6666666666666665,0.0,4.888888888888888,0.0,6.904761904761904,0.0,3.3333333333333335,1.6666666666666665,3.333333333333333,0.0,1.1111111111111112,1.6666666666666667,0.3333333333333333,9.018518518518519,1.3333333333333333,0.0,4.166666666666667,0.5555555555555556,0.0,10.202380952380953,0.23809523809523808,0.0,1.6666666666666665,9.345238095238095,0.0,0.0,0.0,0.0,1.6666666666666665,2.9166666666666665,1.0,0.0,0.0,0.0,2.2777777777777777,0.0,1.6666666666666667,8.380952380952381,0.0,0.0,0.0,6.25,5.0,1.6666666666666665,1.6666666666666665,2.380952380952381,1.6666666666666667,0.6666666666666666,5.0476190476190474,0.0,0.0,1.6666666666666665,0.0,0.0,0.0,0.0,0.0,3.333333333333333,0.0,0.0,0.0,0.0,0.0,4.761904761904762,0.0,0.0,3.3333333333333335,0.0,5.833333333333333,0.0,3.333333333333333,0.0,0.0,0.0,0.0,0.0,0.0,0.0,0.0,0.0,0.0,1.0,0.0,3.2777777777777777,0.0,4.472222222222222,0.1388888888888889,0.0,3.333333333333333,0.0,0.0,0.0,0.0,0.0,3.0059523809523805,0.0,0.0,0.0,0.0,0.0,0.0,1.6666666666666665,8.333333333333332,0.0,0.0,0.0,1.6666666666666665,5.277777777777778,7.083333333333333,1.5,0.0,0.0,2.361111111111111,0.0,1.6666666666666665,0.0,5.0,0.0,0.3333333333333333,0.0,0.0,1.0,0.0,0.0,3.3333333333333335,0.0,0.0,0.0,0.0,0.0,0.0,0.0,0.0,1.6666666666666665,0.0,3.3333333333333335,0.0,0.0,0.0,5.5,0.0,0.0,0.3333333333333333,0.8333333333333333,0.0,0.0,0.0,0.0,0.0,0.0,0.0,0.0,0.0,0.0,0.0,0.0,0.0,0.0,0.0,0.0,0.0,1.6666666666666665,1.6666666666666665,0.0,2.5,0.0,0.0,0.0,0.0,0.0,0.0,0.0,0.0,0.2777777777777778,0.0,0.0,0.0,0.0,0.0,0.0,0.0,0.0,0.0,0.0,0.0,0.0,0.0,1.6666666666666665,0.0,0.0,0.0,0.0,0.0,0.0,0.0,0.0,0.0,0.0,0.0,0.0,0.0,0.0,0.8333333333333333,0.0,0.0,0.5714285714285714,0.0,0.0,0.0,0.0,0.0,0.3333333333333333,0.0,0.0,0.0,0.0,0.0,0.0,0.0,0.0,0.0,0.0
17.899801587301585,0.0,1.1666666666666665,10.083333333333332,0.3333333333333333,0.9166666666666666,0.0,5.694444444444444,1.5555555555555554,1.2777777777777777,13.749999999999998,2.2222222222222223,0.08333333333333333,5.986111111111111,1.5555555555555556,1.8055555555555554,0.8333333333333333,2.2301587301587302,3.6527777777777777,3.4722222222222223,0.0,0.0,4.444444444444445,0.0,1.6666666666666667,0.0,0.0,0.20833333333333331,0.6388888888888888,0.0,0.9722222222222223,4.684523809523809,0.3055555555555556,0.0,3.333333333333333,0.1388888888888889,0.6111111111111112,0.16666666666666666,0.0,0.8333333333333333,0.0,0.1388888888888889,0.23809523809523808,1.527777777777778,4.824404761904762,0.1388888888888889,0.0,0.5555555555555556,2.5555555555555554,0.0,0.875,1.6041666666666665,0.7222222222222222,0.0,0.0,0.0,0.0,0.0,0.0,1.7718253968253967,1.0138888888888888,0.0,0.23809523809523808,0.0,0.0,0.0,0.0,3.377314814814815,0.0,0.0,0.0,0.7083333333333333,3.657738095238095,0.0,0.0,0.0,0.0,0.0,0.0,0.0,0.0,0.0,0.2708333333333333,0.0,0.0,0.0,0.0,1.6666666666666665,0.41666666666666663,0.0,1.6666666666666667,0.0,0.0,0.0,0.0,0.0,0.0,0.0,0.0,0.0,0.0,0.32738095238095233,0.16666666666666666,0.0,0.0,0.25,0.0,0.0,0.0,0.0,0.0,0.0,0.0,0.0,0.4166666666666667,0.0,0.0,0.0,0.0,0.0,0.0,0.0,0.2777777777777778,2.708333333333333,0.0,0.0,0.0,0.0,0.0,0.0,0.0,0.0,0.0,0.0,3.333333333333333,0.0,0.0,0.0,0.0,0.0,0.0,0.0,0.0,0.0,0.0,0.0,0.0,0.0,0.5555555555555556,0.0,0.0,0.0,0.0,0.0,0.0,0.0,0.0,0.0,0.0,0.0,0.0,0.0,0.0,0.8333333333333333,0.0,0.0,0.0,0.0,0.0,0.0,5.185185185185185,0.0,0.0,0.0,0.0,0.0,0.0,0.0,0.0,0.0,0.0,0.0,0.0,0.0,0.0,0.0,0.0,0.0,0.0,1.1111111111111112,0.0,0.0,0.0,0.0,0.0,0.0,0.0,0.0,0.0,0.0,0.0,0.0,0.2777777777777778,0.0,0.0,0.0,0.0,0.0,0.0,0.1388888888888889,0.0,0.0,0.0,0.0,0.0,0.8333333333333334,0.0,0.0,0.0,0.0,0.0,0.0,0.0,0.0,0.0,0.0,0.16666666666666666,0.0,0.0,0.0,0.0,0.0,0.0,0.0,0.0,0.0,0.0,0.0,0.0,0.1388888888888889,0.0,0.0,0.0,0.0,0.0,0.0,0.0,0.0,0.0,0.0
490.01886446433014,110.02922077922078,137.6924603174603,141.4775132275132,150.6435185185185,105.7540885040885,147.70238095238093,93.68432030932031,256.94444444444446,88.47971781305114,246.99741462241462,56.707671957671955,13.407563025210084,119.46075837742504,59.07712657712658,61.05844155844156,51.309403559403556,188.05939965988986,66.74657287157287,52.81277056277056,36.24470899470899,64.37698412698413,28.793650793650794,21.19119769119769,55.19973544973545,68.73015873015873,0.2777777777777778,48.46759259259259,144.4239417989418,2.5555555555555554,56.72222222222222,79.41344303844303,20.818181818181817,4.722222222222221,34.16738816738817,44.47222222222222,36.44516594516595,11.226190476190476,52.15530303030303,25.753086419753085,3.5277777777777777,57.1041366041366,66.85119047619047,6.969373219373219,16.666666666666668,11.944444444444445,18.555555555555554,83.4033189033189,8.543771043771043,0.6666666666666666,25.38888888888889,6.111111111111111,85.03881766381767,1.8749999999999998,1.6666666666666665,14.5,5.777777777777778,3.0246913580246915,8.37037037037037,7.027777777777777,7.836174242424242,0.2777777777777778,26.509259259259256,3.333333333333333,3.333333333333333,4.848484848484849,2.291666666666667,3.988095238095238,16.430555555555554,2.5555555555555554,6.666666666666667,1.1150793650793651,24.592432259098928,1.5151515151515151,8.333333333333332,9.5,21.852873977873976,3.722222222222222,1.0833333333333333,49.25837742504409,1.8650793650793651,6.119929453262786,15.724206349206348,0.0,0.0,2.0,0.0,3.75,3.333333333333333,0.0,45.11507936507936,3.333333333333333,0.0,1.3888888888888888,0.0,30.629629629629626,6.800925925925926,0.0,7.097222222222222,0.5555555555555556,5.6313131313131315,2.6666666666666665,0.16666666666666666,0.0,3.3333333333333335,19.28002553002553,0.30245232664587507,0.0,10.187578550481776,5.972222222222222,0.8333333333333333,22.349206349206348,5.777777777777778,25.47222222222222,15.359848484848484,0.30245232664587507,0.41666666666666663,0.30245232664587507,0.30245232664587507,3.0245232664587505,0.30245232664587507,0.30245232664587507,5.138888888888889,1.6666666666666665,0.0,4.652777777777778,0.0,17.404761904761905,23.055555555555554,38.179563492063494,15.904761904761903,0.0,0.0,0.0,6.833333333333333,4.731481481481481,17.5,3.074074074074074,1.6666666666666665,0.0,0.8333333333333333,0.9047619047619047,1.0,0.0,0.0,10.0,1.2222222222222223,0.0,0.0,12.222222222222221,3.333333333333333,0.6666666666666666,1.9444444444444442,0.1388888888888889,4.444444444444445,3.095238095238095,0.0,5.0,0.5555555555555556,1.1111111111111112,3.333333333333333,1.1111111111111112,0.0,38.40512265512265,0.0,0.5555555555555556,0.0,12.055555555555555,0.47619047619047616,0.8333333333333333,9.626984126984127,3.333333333333333,12.388888888888888,0.0,0.0,2.361111111111111,1.3888888888888888,0.0,2.3412698412698414,3.3333333333333335,0.0,0.0,0.0,0.0,0.0,0.0,1.7777777777777777,0.3333333333333333,1.6666666666666665,20.904882154882152,0.0,1.1111111111111112,8.818181818181818,8.333333333333332,0.0,1.1111111111111112,8.916666666666666,0.0,0.0,0.4545454545454546,2.8571428571428568,3.3333333333333335,0.0,0.0,0.20833333333333331,0.0,0.15873015873015872,3.405483405483406,0.0,4.5,0.8333333333333333,0.0,0.0,0.9090909090909092,2.2222222222222223,0.5555555555555556,0.0,0.0,1.6666666666666665,1.2626262626262628,0.0,0.0,0.0,0.0,0.0,0.3333333333333333,0.5555555555555556,0.0,0.0,0.0,14.206504824151882,0.0,0.0,3.333333333333333,0.0,12.555555555555555,0.0,0.0,0.0,11.944444444444443,4.111111111111111,0.0,0.0,3.333333333333333,1.6666666666666665,0.0,2.8571428571428568,3.666666666666666,0.0,1.6666666666666665
38.8531746031746,146.27777777777777,14.166666666666666,76.80555555555556,11.706349206349206,54.0,15.0,8.666666666666666,99.32539682539682,8.587301587301587,23.619047619047617,54.6468253968254,53.02380952380952,0.0,48.666666666666664,4.305555555555555,2.2222222222222223,3.8888888888888884,7.666666666666666,6.527777777777778,3.7777777777777777,4.166666666666666,14.722222222222221,92.33333333333333,0.0,5.333333333333333,0.6666666666666666,0.0,0.0,6.333333333333333,0.0,0.41666666666666663,0.0,28.858585858585858,0.0,0.0,0.0,4.722222222222222,36.0,5.722222222222222,0.0,0.0,0.0,12.380952380952381,0.5555555555555556,12.88888888888889,3.333333333333333,0.0,2.5,0.0,0.0,2.2222222222222223,0.0,0.0,0.0,1.1111111111111112,0.0,0.2777777777777778,1.6666666666666665,0.0,0.0,0.0,0.0,1.6666666666666667,0.0,4.142857142857142,0.0,0.0,0.0,1.6666666666666665,0.0,0.0,0.0,0.0,0.0,0.0,0.0,0.0,3.5317460317460316,0.0,10.11111111111111,0.0,0.0,23.055555555555554,34.388888888888886,0.0,19.666666666666664,0.0,0.0,27.499999999999996,0.0,0.0,0.0,0.0,0.0,0.0,0.0,9.444444444444443,0.0,1.1507936507936507,0.0,0.0,0.0,0.0,0.0,0.0,0.0,3.888888888888889,0.0,0.0,2.5,0.0,0.6666666666666666,0.0,0.0,0.0,0.0,0.0,0.0,0.0,0.0,0.0,0.0,0.0,0.0,0.0,0.0,0.0,0.0,0.0,0.0,0.0,0.8531746031746031,0.0,0.0,0.0,0.0,0.0,0.0,0.0,0.0,0.0,0.0,0.0,0.0,0.0,5.666666666666666,1.9444444444444444,7.222222222222221,0.0,0.0,0.0,0.0,0.0,0.0,0.0,0.5555555555555556,0.0,0.0,1.6666666666666667,8.333333333333332,0.0,0.0,0.0,0.0,0.0,3.333333333333333,0.0,1.1111111111111112,0.0,0.0,0.0,0.0,3.333333333333333,6.666666666666666,0.0,0.0,0.6666666666666666,0.0,0.0,0.0,0.0,0.0,0.6060606060606061,2.4242424242424243,0.0,0.0,0.0,0.0,0.0,0.0,0.8333333333333333,0.0,0.0,0.0,0.0,0.0,0.0,0.0,0.0,0.0,0.0,0.0,0.0,0.0,0.0,0.0,0.0,0.0,0.0,0.0,0.0,0.0,0.0,0.0,0.0,0.0,0.0,0.0,0.0,0.0,0.0,0.0,0.0,0.0,0.0,0.0,0.0,0.0,0.0,0.0,0.0,0.0,0.0,0.0,0.0,0.0,0.0,0.0,0.0,0.0,0.0,0.0,0.0,0.0,0.0,0.0,0.0,0.0,0.16666666666666666
1044.6578209156505,471.0776923606086,220.17641854477603,380.29011297021043,374.2601896814358,162.96465236320307,127.82745649412315,492.70541491652995,80.18793842323254,72.96015483515484,138.57854328906961,124.02455512323932,54.461199294532626,89.7643016537944,168.4185018508419,28.141223745390413,84.4979488104488,163.66325392714282,55.950974950974945,150.05810547477213,49.48915533783955,112.69903848164718,43.03667313631082,67.13023088023088,160.08878836400766,6.5,18.45911495911496,43.78639489165805,259.84785884050586,0.9523809523809523,27.607134824240088,15.906986531986531,35.0959595959596,21.026908276908276,22.708670958670957,0.6734006734006734,50.150732142554574,69.03230719897387,15.346357346357346,33.67063492063492,60.39738656405323,316.17616365670443,13.415343915343916,18.290750915750916,21.286572224072223,24.008815258815257,147.92682780182778,26.976190476190474,22.437522220130916,107.38107263107263,3.148148148148148,17.335858585858585,30.576637791937067,20.80964405964406,23.154761904761905,18.39575856242523,0.0,12.572751322751321,0.23809523809523808,2.3306878306878307,10.90286404416839,6.944444444444444,6.774557165861514,12.57814253647587,1.0833333333333333,1.8228228228228227,0.0,13.722680097680097,27.085793835793837,19.164659414659415,3.7275132275132274,13.7996632996633,0.4444444444444445,1.545045045045045,0.0,14.682539682539682,0.4444444444444444,8.674603174603174,0.8263888888888888,0.12345679012345678,0.5158730158730158,10.515873015873016,1.7924836601307188,2.083333333333333,9.337301587301587,1.5942760942760943,5.690332815332815,3.394179894179894,4.463480963480963,11.004342879342879,11.395639786944134,7.599953991258339,2.398544266191325,14.80621693121693,10.029761904761905,0.0,24.667027417027416,0.0,0.5555555555555556,0.47619047619047616,13.44973544973545,13.06804971201256,2.3015873015873014,1.2037037037037037,2.3333333333333335,11.044139805185546,0.35824285824285823,0.9523809523809523,5.373642873642874,1.5925925925925926,5.305555555555555,4.92063492063492,2.0555555555555554,0.2777777777777778,0.7841880341880342,0.35824285824285823,35.11505721374142,0.35824285824285823,0.35824285824285823,3.5824285824285824,0.35824285824285823,0.35824285824285823,3.5728982951205173,0.6084656084656084,0.23809523809523808,1.3095238095238095,0.9761072261072261,1.6865079365079363,2.6839826839826837,7.687687687687688,1.1111111111111112,0.0,0.0,0.10416666666666666,1.259259259259259,14.256613756613756,12.29685746352413,15.991760912233048,0.0,5.87037037037037,3.333333333333333,3.148148148148148,7.055555555555555,4.305555555555555,0.6944444444444444,0.0,0.8389450056116723,0.38961038961038963,0.9259259259259259,13.036195286195285,3.2413419913419914,6.527777777777778,3.418202168202168,0.0,1.3988095238095237,11.524540274540275,5.433455433455433,0.0,4.620517342739565,0.15151515151515152,0.0,9.428571428571429,0.46176046176046176,26.967772967772966,3.9652777777777777,2.1284271284271283,3.5705128205128203,0.0,0.6613756613756614,0.0,0.7407407407407407,13.935786435786435,0.0,0.0,0.0,5.833333333333333,0.0,0.0,0.0,4.166666666666666,1.6666666666666665,2.2222222222222223,1.1111111111111112,0.30303030303030304,1.2121212121212122,0.0,0.0,1.1111111111111112,3.371212121212121,0.0,1.8888888888888888,1.1111111111111112,7.182539682539682,1.4285714285714284,0.0,0.15151515151515152,0.0,0.0,1.957070707070707,2.487122200588997,3.043283300292646,0.18518518518518517,0.2777777777777778,1.1111111111111112,1.1111111111111112,0.4166666666666667,0.15363919569527046,0.41666666666666663,0.0,1.2222222222222223,0.7474747474747475,0.4444444444444445,0.6060606060606061,4.974244401177993,0.2777777777777778,0.37037037037037035,0.21604938271604937,2.2222222222222223,26.649716024716025,0.0,0.16666666666666666,0.6666666666666666,4.305555555555555,0.0,0.0,0.1282051282051282,0.30303030303030304,3.617149758454106,0.41666666666666663,0.0,0.0,1.6798941798941798,0.0,0.0,0.0,0.0,0.8333333333333333,0.0,0.0,0.0,0.0,0.0,3.333333333333333,0.0,0.0,0.0,0.0,1.3888888888888888,0.0,0.8095238095238095
574.9816069245894,231.31957813126112,105.34205403649848,108.36788674288674,261.99015579936633,98.91477658144325,137.51817780984447,173.100698684032,56.535126910126905,77.4257363007363,93.56720077308312,67.74125971494392,22.146464646464647,89.42159189441797,147.8122575118189,44.456871345029235,12.824464886964886,116.80243784264252,19.654678654678655,44.11111111111111,68.94860098478519,84.66412985162985,65.29274891774891,43.31325156325156,50.00671781921782,35.698412698412696,3.282407407407407,29.1882215007215,35.80952380952381,0.0,15.882931850361427,18.68703056203056,45.057202057202055,3.2331372331372332,25.697931697931697,6.666666666666666,42.59464471146714,24.596035137701804,32.38443963443963,55.77041245791246,21.6427569344236,1219.926364080731,29.424603174603174,10.752645502645501,17.046576879910212,0.6666666666666666,14.665584415584416,27.05291005291005,5.386904761904762,9.783730158730158,25.398018648018645,30.69610636277303,12.1982810409023,2.5555555555555554,7.101851851851852,19.044006919006918,4.285714285714286,6.438492063492063,0.47619047619047616,1.970458553791887,4.1269841269841265,0.0,1.0416666666666665,3.0277777777777777,0.5555555555555556,11.638047138047138,0.8333333333333333,5.548941798941799,26.62169312169312,8.333333333333332,9.933862433862434,7.267045454545454,1.2222222222222223,8.582491582491583,0.6666666666666666,1.1111111111111112,14.743742368742367,3.5178571428571432,4.474765974765974,8.907407407407407,1.3611111111111112,78.42435188268522,0.41666666666666663,0.0,1.1111111111111112,1.1111111111111112,3.828102453102453,15.121392496392495,1.6515151515151514,8.88370547581074,26.601190476190474,5.694444444444445,1.7916666666666665,1.1732804232804233,0.3472222222222222,1.6666666666666665,15.375763125763125,0.0,3.981481481481481,0.0,37.275943963443964,5.555555555555555,2.8736541236541235,0.8333333333333333,2.0238095238095237,0.3072783913905409,0.1996396729113915,1.6666666666666665,2.9945950936708727,3.333333333333333,2.267857142857143,9.37037037037037,0.23809523809523808,0.0,1.3888888888888888,0.1996396729113915,11.792929292929294,0.1996396729113915,0.1996396729113915,1.996396729113915,0.1996396729113915,0.1996396729113915,24.61652133874356,0.42328042328042326,0.1282051282051282,0.5714285714285714,23.315656565656564,8.042328042328043,0.6944444444444444,0.0,8.555555555555555,0.0,0.0,0.0,7.821428571428571,14.508284600389864,1.6666666666666665,11.95075478357212,0.0,0.0,1.6666666666666665,3.8518518518518516,8.88888888888889,5.138888888888889,1.3508771929824561,4.0,0.18518518518518517,3.8518518518518516,1.0101010101010102,8.45021645021645,3.333333333333333,5.833333333333333,2.056277056277056,0.0,0.0,3.5423280423280423,0.8518518518518519,3.1084656084656084,5.1059670781893,0.0,0.0,7.851851851851851,3.386243386243386,18.779882154882156,4.1342592592592595,1.1363636363636362,0.875,0.7692307692307692,0.0,0.0,10.895508812175478,0.6944444444444444,0.0,0.0,0.0,0.2777777777777778,0.23213354199269692,0.0,0.9741784037558685,9.166666666666666,1.6666666666666665,0.6060606060606061,0.30303030303030304,0.1388888888888889,0.5555555555555556,0.0,0.0,1.1111111111111112,0.03787878787878788,1.9002525252525253,2.259259259259259,0.0,4.2559523809523805,0.41666666666666663,0.41666666666666663,0.0,2.3492063492063493,0.23809523809523808,1.1666666666666665,0.0,3.8766166336259795,3.5396825396825395,0.0,0.0,1.9444444444444446,0.3333333333333333,0.15363919569527046,0.25,0.0,1.25,2.2222222222222223,0.4444444444444445,0.47619047619047616,0.0,0.0,3.837962962962963,0.4984567901234568,0.6666666666666667,5.801647426647427,0.0,0.0,0.37037037037037035,0.0,0.0,0.0,0.0,3.518518518518518,3.4722222222222223,0.0,0.0,0.6666666666666666,0.0,0.0,0.0,0.0,0.0,0.0,0.2777777777777778,0.0,1.1111111111111112,0.5555555555555556,0.0,0.0,0.7142857142857142,0.09259259259259259,0.0,0.0,3.0735930735930737,0.046296296296296294,0.0
347.27513227513225,70.55555555555556,112.50213675213675,67.0760582010582,67.7579365079365,70.22486772486772,62.56267806267806,25.724867724867725,22.166666666666668,7.8769841269841265,128.60185185185185,19.074074074074073,45.98015873015873,65.36507936507937,15.648148148148147,33.05555555555556,13.333333333333332,3.3055555555555554,28.796296296296294,11.87037037037037,20.185185185185183,16.063492063492063,11.222222222222221,27.499999999999996,0.8333333333333333,9.0,0.9259259259259259,3.333333333333333,5.277777777777778,54.388888888888886,7.222222222222221,7.888888888888888,12.888888888888888,37.26190476190476,4.444444444444444,31.069444444444443,1.6666666666666665,5.628968253968254,12.555555555555555,18.86111111111111,8.935185185185185,0.0,1.1111111111111112,14.0,2.7777777777777777,7.166666666666666,21.777777777777775,0.0,2.2222222222222223,0.41666666666666663,1.3888888888888888,1.6666666666666665,0.0,1.0105820105820105,1.3333333333333335,0.09259259259259259,1.2301587301587302,3.333333333333333,1.6666666666666665,0.0,3.9999999999999996,3.333333333333333,0.0,3.518518518518518,0.0,0.0,0.0,0.0,0.9841269841269842,0.0,0.0,0.0,0.0,0.0,0.0,1.6666666666666665,0.0,2.2222222222222223,0.0,0.0,0.0,0.0,6.111111111111111,0.11904761904761904,10.166666666666668,0.37037037037037035,0.2777777777777778,0.0,0.3333333333333333,1.4583333333333333,0.0,0.0,0.0,1.5,0.0,1.6666666666666665,1.1111111111111112,12.023809523809524,0.20833333333333331,3.333333333333333,0.8333333333333333,0.0,0.0,0.0,1.6666666666666665,0.0,0.0,0.0,0.0,0.0,0.0,0.0,0.0,0.37037037037037035,0.0,0.0,0.0,0.0,0.0,0.0,0.0,0.0,0.9523809523809523,0.0,3.6111111111111107,0.3333333333333333,0.0,0.0,0.0,0.0,0.0,0.47619047619047616,0.20833333333333331,0.0,0.0,0.0,0.0,0.0,1.507936507936508,0.0,0.0,1.6666666666666665,0.0,0.0,0.0,0.0,0.0,0.0,1.1111111111111112,0.0,0.0,0.0,0.0,0.0,0.0,0.0,0.0,0.0,0.0,0.0,0.0,0.0,0.0,0.0,0.0,0.0,0.8333333333333333,0.0,2.5,0.0,0.0,0.0,0.0,0.0,0.0,0.0,0.0,5.666666666666666,0.0,9.791666666666666,0.0,0.0,0.0,0.6666666666666666,2.6666666666666665,0.0,0.0,0.0,0.0,0.0,0.0,0.6666666666666666,0.0,0.0,0.0,0.0,0.0,0.0,0.0,0.0,0.0,0.0,0.0,0.0,0.0,0.0,0.0,0.0,0.0,0.0,0.0,0.0,0.0,0.0,0.0,0.0,0.0,0.0,0.0,0.0,0.0,0.0,0.15873015873015872,0.0,0.6666666666666666,0.0,0.0,0.0,1.1111111111111112,0.0,0.0,0.0,0.0,0.0,0.0,0.0,0.0,0.0,0.0,0.0,0.0,0.0,0.0,0.0,0.0,0.0,0.0,0.0,0.0,0.0
1210.1392594133988,245.63407899226613,361.1274442473273,506.25042194098563,338.09414377303693,208.7143534570005,106.79250533417199,291.98090095271465,133.19236781736782,45.274300545133876,154.89496297094337,72.54190197391952,152.19114758698092,88.68882688948479,92.19918989702916,53.081975803789526,41.937357849122556,183.7952823730718,64.9671686338353,96.07644053477387,63.69810679898399,94.71088154860084,109.57013588263588,48.2521688026074,62.01973951973952,19.320687029020363,25.20191283584141,57.70276319541025,173.73043683898948,2.716600529100529,31.969814136480803,22.904641654641654,24.595575765918902,13.775721963221963,8.713383838383837,9.878968253968253,22.33437627187627,32.62844254510921,34.19132256632257,44.84984922484922,29.927028218694883,143.0440042795564,16.67143350476684,2.037037037037037,13.101250601250602,18.582671957671955,119.95483370115723,9.162037037037036,34.44991582491582,49.28440609098504,6.105534806515198,8.965388007054674,23.384469929651818,51.45833333333333,25.98280423280423,7.6634784968118295,4.753086419753086,31.6031746031746,3.310185185185185,1.6018518518518519,17.50986975986976,0.5277777777777778,3.094997594997595,5.324074074074074,8.64102564102564,9.045625942684767,3.5787037037037037,11.655152717652717,7.960959383753501,14.417989417989418,7.05881734006734,5.374808130322836,12.251683501683502,8.998006895065718,1.1481481481481481,10.337962962962962,4.431847360156183,7.17094017094017,4.63422035480859,4.434084434084434,0.5555555555555556,10.372895622895623,6.023988195040826,0.37037037037037035,3.416666666666666,8.065656565656566,3.5993589743589745,6.17691798941799,4.404761904761904,29.02410506160506,2.4622715247715248,5.916666666666666,0.6204906204906204,14.366642616642617,1.8055555555555556,0.3333333333333333,15.215608465608465,5.416666666666667,0.8796296296296295,0.6666666666666666,10.139880952380953,29.58932314508295,6.3809523809523805,6.094576719576719,2.6077441077441077,1.029100529100529,0.5222349677612835,2.8518518518518516,4.963154146048883,4.801587301587301,1.5109126984126984,4.404761904761905,0.41666666666666663,0.5555555555555556,12.084193584193585,0.3000127455390613,7.933922558922559,0.3000127455390613,0.3000127455390613,3.000127455390613,0.3000127455390613,0.3000127455390613,16.202339760088297,2.606661856661857,3.406016822683489,1.3055555555555554,5.540404040404041,2.593230762090411,5.6746817996817995,0.5291005291005291,1.8365384615384615,4.597222222222221,1.1296296296296298,0.10416666666666666,19.834656084656086,1.6122004357298474,0.7222222222222222,5.206723405736564,1.1472832722832722,0.7054057054057054,4.991809116809117,11.038359788359788,18.61111111111111,0.05050505050505051,10.26017501017501,0.15151515151515152,0.39562289562289565,0.5966810966810967,2.444444444444444,17.959401709401707,2.064814814814815,7.459150326797386,2.7777777777777777,0.3333333333333333,7.208994708994709,4.25,0.11904761904761904,0.7253086419753085,3.5247381219603438,1.7811447811447811,0.0,2.3737373737373737,0.5753968253968254,13.638888888888888,13.37665343915344,0.9210526315789473,0.5555555555555556,1.3055555555555556,0.5555555555555556,0.7495590828924161,0.9615384615384615,1.621212121212121,9.652777777777777,0.0,0.0,2.4555860805860803,0.41666666666666663,0.0,1.3976608187134503,4.023809523809524,0.10101010101010102,0.8465608465608465,0.42328042328042326,0.0,0.0,2.5813492063492065,0.8333333333333333,0.0,7.298280423280422,0.3333333333333333,2.772927689594356,6.031746031746032,2.8102453102453104,8.000901875901876,1.2962962962962963,0.0,0.0,0.0,0.18518518518518517,0.11111111111111112,0.8333333333333333,0.7477337477337477,1.5,0.2777777777777778,0.0,3.777777777777778,0.046296296296296294,1.5238095238095237,0.3333333333333333,0.8333333333333333,0.25252525252525254,1.6944444444444444,1.3888888888888888,0.22222222222222224,1.597222222222222,3.333333333333333,3.2716049382716053,0.0,2.515151515151515,0.2777777777777778,0.16666666666666666,0.09803921568627451,1.0317460317460316,0.9876543209876543,0.0,0.0,0.0,4.149140211640212,0.0,0.0,0.6547619047619047,6.207070707070707,0.0,0.15873015873015872,0.0,0.3508771929824561,0.1282051282051282,0.0,0.5714285714285714,0.18518518518518517,0.1388888888888889,0.0,0.0,0.0,0.12345679012345678,6.111111111111111,0.0,0.6481481481481481,1.1111111111111112,1.6666666666666665
279.6909553018852,125.71369422153735,82.68935971435971,81.9946896014298,94.16302447552447,26.62538079204746,22.27032227032227,63.28618762319743,32.62732936997643,4.571574259074259,28.836694079341136,25.06452035618702,16.98122479372479,16.03608197358197,39.26485667110667,13.325119325119324,30.06161431161431,62.351847522430226,26.04783950617284,18.400132275132275,14.453904120570787,41.28352203352203,35.327050264550266,14.091656491656492,13.392857142857142,5.5963804713804715,28.980624320435243,6.702380952380952,21.294678224825283,1.6319444444444444,10.002104377104377,9.391714766714767,11.792919272085939,2.6428872053872055,3.257756132756133,0.11904761904761904,8.763918951418951,11.171296296296296,12.106962481962482,12.402356902356901,8.968739593739594,69.09406810509752,2.115079365079365,1.2905982905982905,9.382315215648548,1.6666666666666665,18.43697655830009,0.16666666666666666,33.41233766233766,6.451960076960076,0.7633477633477633,5.388888888888889,9.149768056018056,4.475108225108225,2.935185185185185,0.2777777777777778,0.0,0.06944444444444445,0.6990740740740741,0.1388888888888889,2.25,0.11111111111111112,1.1495911495911495,0.6150793650793651,0.0,1.671717171717172,0.8333333333333333,12.828012265512266,5.495941558441558,0.15873015873015872,5.960272366522366,4.170559764309764,0.14520202020202022,1.671717171717172,0.22222222222222224,10.396825396825397,1.7743055555555556,3.5042735042735043,0.0,0.16835016835016836,0.0,2.8358585858585856,0.07575757575757576,0.0,0.6851851851851851,8.856060606060606,0.0,0.11904761904761904,0.2777777777777778,11.362103174603174,2.0750661375661377,0.9325396825396826,0.30303030303030304,1.7407407407407407,0.2777777777777778,0.23809523809523808,2.962962962962963,0.0,0.37037037037037035,0.37037037037037035,0.10416666666666666,5.121276667232549,0.0,0.8441558441558441,2.7777777777777777,0.0,3.333333333333333,0.35185185185185186,0.0,0.16666666666666666,4.270833333333333,1.7424242424242424,0.3333333333333333,0.0,0.20202020202020204,0.0,0.7936507936507936,0.0,0.0,0.0,0.0,0.0,3.1194638694638694,0.23148148148148148,0.10101010101010102,0.23809523809523808,0.16666666666666669,1.0123015873015873,0.37037037037037035,1.6402116402116402,0.0,0.20833333333333331,0.9351851851851851,0.0,3.981481481481481,0.18518518518518517,0.0,0.1076388888888889,1.5575396825396823,0.10101010101010102,0.0,3.1448412698412698,0.0,0.0,1.1111111111111112,0.15151515151515152,0.9141414141414141,0.05555555555555556,0.47619047619047616,17.380036630036628,3.888888888888889,11.071428571428571,0.0,0.0,0.11904761904761904,0.6944444444444444,0.22222222222222224,2.5094966761633426,0.8122895622895623,0.15151515151515152,0.0,2.7777777777777777,0.0,0.0,0.15873015873015872,0.0,0.0,0.0,0.0,0.21164021164021163,0.0,0.9704184704184704,0.0,0.0,1.1111111111111112,0.4722222222222222,0.0,0.0,0.0,3.6904761904761902,1.9696969696969697,0.0,0.0,0.0,0.0,0.11904761904761904,0.8333333333333333,0.0,1.2962962962962963,0.0,0.37037037037037035,0.0,2.555555555555556,0.0,0.0,0.15151515151515152,0.0,0.0,0.0,0.0,0.0,0.41666666666666663,0.8333333333333333,0.0,0.0,1.8650793650793651,0.0,3.9682539682539684,0.0,0.0,0.37037037037037035,0.0,0.0,0.0,0.0,0.4444444444444445,0.2777777777777778,0.0,1.472222222222222,0.2777777777777778,0.0,0.0,0.0,0.9876543209876543,0.0,0.0,0.0,7.769510582010581,0.0,0.0,0.0,0.18518518518518517,0.0,0.0,0.0,0.0,0.18518518518518517,0.0,0.0,0.0,0.6666666666666667,0.0,0.0,0.0,0.0,0.7407407407407407,0.0,0.0,0.0,0.3333333333333333
64.8211461234717,18.80952380952381,39.38383838383838,31.25012025012025,27.304232804232804,15.462962962962962,17.394179894179892,75.75653594771241,65.33068783068782,6.694444444444444,12.037037037037036,16.76851851851852,13.033189033189032,3.973856209150327,4.833333333333333,7.222222222222221,10.0,18.055555555555554,4.2592592592592595,27.01851851851852,6.814814814814814,13.777777777777777,8.333333333333332,4.444444444444445,28.392857142857142,6.713903743315508,30.444444444444443,10.833333333333332,18.00925925925926,0.5555555555555556,5.0,0.0,14.931549880934284,51.70238095238095,11.11111111111111,10.452380952380953,8.481481481481481,10.0,11.11111111111111,5.238095238095238,4.814814814814815,1.4444444444444444,0.0,5.555555555555555,0.0,8.727513227513228,7.625272331154684,0.0,6.666666666666666,16.277777777777775,2.6666666666666665,6.666666666666666,3.333333333333333,5.888888888888888,4.166666666666667,0.0,0.0,4.476190476190476,0.5555555555555556,6.30718954248366,2.8095238095238093,5.666666666666666,1.4814814814814814,6.666666666666666,18.703703703703702,0.0,4.040404040404041,1.1111111111111112,5.37037037037037,1.759259259259259,3.333333333333333,0.0,4.920634920634921,0.0,29.11111111111111,0.0,0.0,0.0,5.757575757575758,0.0,6.587301587301587,0.0,0.0,12.0,3.333333333333333,3.0555555555555554,2.2222222222222223,6.666666666666666,5.0,0.0,3.333333333333333,0.0,0.0,0.6666666666666666,0.0,2.2222222222222223,130.83333333333331,0.8333333333333333,1.6666666666666665,6.111111111111111,0.0,0.0,0.0,5.0,0.0,5.92124719279302,0.0,0.5555555555555556,0.0,0.0,0.0,0.0,13.333333333333332,0.0,12.777777777777777,0.0,4.722222222222222,0.0,0.0,0.0,0.0,0.0,0.0,0.0,2.0,0.0,0.0,0.0,5.0,0.0,0.0,1.1111111111111112,1.7777777777777777,1.6666666666666665,0.0,0.0,1.4814814814814814,0.0,0.6666666666666666,1.6666666666666665,0.0,0.0,1.5,0.0,0.2777777777777778,0.0,0.0,0.0,0.0,0.0,0.0,1.6666666666666665,0.0,0.0,0.0,0.0,8.333333333333332,0.0,1.1111111111111112,3.2407407407407405,2.5,0.0,0.0,0.0,2.2222222222222223,10.666666666666666,1.1111111111111112,0.0,4.222222222222222,5.833333333333333,0.0,2.6666666666666665,0.0,0.0,0.2777777777777778,0.0,0.0,0.0,0.0,0.0,0.0,0.0,0.0,0.0,0.0,0.0,2.111111111111111,2.7777777777777777,0.0,0.0,0.0,3.333333333333333,0.0,2.0,2.3030303030303028,0.0,0.0,3.333333333333333,0.0,0.16666666666666666,27.791224735137185,0.0,0.5555555555555556,0.0,0.0,0.0,1.5439569297298434,4.333333333333333,0.0,0.0,0.0,0.0,0.0,0.3333333333333333,2.2222222222222223,0.0,0.0,0.15151515151515152,0.0,0.37037037037037035,0.0,0.0,0.0,0.0,0.0,0.0,0.0,0.0,0.0,0.0,0.0,0.0,0.0,0.0,0.0,0.0,0.0,0.37037037037037035,0.0,0.0,0.0,0.0,0.0,0.41666666666666663,0.0,1.25,0.37037037037037035,0.0,0.0,0.0
3.333333333333333,1.6666666666666665,1.6666666666666665,0.0,1.6666666666666665,0.0,4.166666666666666,0.0,0.0,0.8333333333333333,0.0,0.0,0.0,3.333333333333333,0.0,0.0,1.6666666666666665,0.0,0.0,0.0,0.0,0.0,0.0,0.0,0.0,0.0,0.0,0.0,0.0,0.0,0.0,0.0,0.0,0.0,0.0,0.0,0.0,0.0,0.0,0.0,0.0,0.8333333333333333,0.0,0.0,0.0,0.0,0.0,1.1111111111111112,0.0,0.0,0.0,0.0,0.0,0.0,0.0,0.0,0.0,0.0,0.0,0.0,0.0,0.0,0.0,0.0,0.0,0.0,0.0,1.1111111111111112,0.0,0.0,0.0,0.0,0.0,0.0,0.0,0.0,0.0,0.0,0.0,0.0,0.0,0.0,0.0,0.0,0.0,0.0,0.0,0.0,0.0,0.0,0.0,0.0,0.0,0.0,0.0,0.0,0.0,0.0,0.0,0.0,0.0,0.0,0.0,0.0,0.0,0.0,0.0,0.0,0.0,0.0,0.0,0.0,0.0,0.0,0.0,0.0,0.0,0.0,0.0,0.0,0.0,0.0,0.0,0.0,0.0,0.0,0.0,0.0,0.0,0.0,0.0,0.0,0.0,0.0,0.0,0.0,0.0,0.0,0.0,0.0,0.0,0.0,0.0,0.0,0.0,0.0,0.0,0.0,0.0,0.0,0.0,0.0,0.0,0.0,0.0,0.0,0.0,0.0,0.0,0.0,0.0,0.0,0.0,0.0,0.0,0.0,0.0,0.0,0.0,0.0,0.0,0.0,0.0,0.0,0.0,0.0,0.0,0.0,0.0,0.0,0.0,0.0,0.0,0.0,0.0,0.0,0.0,0.0,3.333333333333333,0.0,0.0,0.0,0.0,0.0,0.0,0.0,0.0,0.0,0.0,0.0,0.0,0.0,0.0,0.0,0.0,0.0,0.0,0.0,0.0,0.0,0.0,0.0,0.0,0.0,0.0,0.0,0.0,0.0,0.0,0.0,0.0,0.0,0.0,0.0,0.0,0.0,0.0,0.0,0.0,0.0,0.0,0.0,0.0,0.0,0.0,0.0,0.0,0.0,0.0,0.0,0.0,0.0,0.0,0.0,0.0,0.0,0.0,0.0,0.0,0.0
58.83333333333333,102.5,60.55555555555555,21.527777777777775,42.5,12.5,11.527777777777777,13.333333333333332,3.6111111111111107,0.0,10.833333333333332,8.333333333333332,2.2222222222222223,11.666666666666666,5.0,7.999999999999999,26.444444444444443,0.0,10.0,8.333333333333332,12.333333333333332,20.0,3.333333333333333,10.0,10.0,0.0,0.0,0.0,0.0,4.166666666666666,0.0,1.6666666666666665,12.999999999999998,0.0,0.0,0.0,15.0,0.0,1.1111111111111112,3.333333333333333,0.0,2.2222222222222223,0.0,0.0,2.6666666666666665,24.999999999999996,0.0,3.333333333333333,0.0,0.0,24.999999999999996,0.0,5.0,0.0,0.0,0.0,0.0,0.0,0.0,0.0,1.1111111111111112,0.0,0.0,0.0,0.0,0.0,0.0,3.333333333333333,0.0,3.333333333333333,0.0,0.0,3.333333333333333,0.0,13.333333333333332,0.0,0.0,3.333333333333333,0.0,0.0,0.0,16.666666666666664,8.88888888888889,0.0,0.0,0.0,0.0,0.0,0.0,0.0,0.0,0.0,6.666666666666666,8.333333333333332,6.666666666666666,0.0,0.0,0.0,0.0,0.0,11.333333333333332,0.0,0.0,1.6666666666666665,0.0,0.0,0.0,0.0,0.0,0.0,0.0,0.0,0.0,0.0,0.0,0.0,0.0,0.0,0.0,0.0,0.0,0.0,0.0,0.0,0.0,0.0,0.0,0.0,0.0,0.0,0.0,0.0,0.0,0.0,0.0,0.0,0.0,0.0,23.333333333333332,0.0,0.0,0.0,0.0,0.0,0.0,0.0,0.0,0.0,0.0,0.0,0.0,0.0,0.0,0.0,0.0,0.0,0.0,0.0,3.333333333333333,0.0,3.333333333333333,0.0,0.0,0.0,0.0,0.0,0.0,0.0,0.0,0.0,0.0,0.0,0.0,3.333333333333333,0.0,0.0,0.0,0.0,0.0,0.0,0.0,0.0,0.0,0.0,0.0,0.0,0.0,0.0,0.0,0.0,0.0,1.1111111111111112,0.0,0.0,0.0,0.0,0.0,0.0,0.0,0.0,0.0,0.0,0.0,0.0,0.0,0.0,0.0,0.0,0.0,0.0,0.0,0.0,0.0,0.0,0.0,0.0,0.0,0.0,0.0,0.0,3.333333333333333,0.0,0.0,0.0,0.0,3.333333333333333,0.0,0.0,0.0,0.0,0.0,0.0,1.1111111111111112,0.0,1.1111111111111112,0.0,0.0,0.0,0.0,0.0,0.0,0.0,0.0,0.0,0.0,0.0,0.0,0.0,0.0,0.0
51.56322751322751,16.25,14.532299182299182,13.709523809523809,14.057454890788224,17.792424242424243,13.075805675805675,7.5494949494949495,10.535353535353535,15.348433048433048,8.125661375661375,0.5555555555555556,9.007936507936508,4.296296296296297,1.0555555555555556,6.700617283950617,17.077272727272728,4.037037037037037,2.7222222222222223,0.4666666666666667,6.948575498575498,5.474867724867725,7.527777777777778,1.6611111111111112,0.6,10.381144781144782,0.8333333333333333,6.925925925925926,17.33888888888889,3.25,1.6333333333333333,0.6481481481481481,18.012081128747795,1.8148148148148147,0.0,8.818518518518518,4.804232804232804,6.0,2.883333333333333,4.737037037037037,7.697619047619048,4.872830872830873,0.0,0.4,0.5396825396825398,0.0,4.611111111111111,0.0,10.174603174603174,1.9895536562203229,1.9743589743589742,2.7222222222222223,7.3888888888888875,1.9777777777777779,0.16666666666666666,0.6666666666666667,5.277777777777778,4.6838624338624335,0.0,0.0,0.0,0.9259259259259259,7.861111111111111,5.788095238095238,3.0,0.0,0.0,2.2222222222222223,0.0,2.2222222222222223,2.511111111111111,0.0,0.0,0.0,0.0,0.0,0.0,1.6666666666666665,0.8888888888888888,0.3333333333333333,0.47619047619047616,0.22222222222222224,0.0,0.0,0.0,2.2976190476190474,0.0,0.1388888888888889,11.703703703703702,25.555555555555554,0.6666666666666666,0.0,2.0277777777777777,1.6666666666666667,2.3000000000000003,0.0,0.4444444444444445,0.0,0.3333333333333333,0.0,3.305555555555556,1.4444444444444444,0.6666666666666666,0.0,0.0,0.0,0.0,0.13333333333333333,0.0,0.0,0.0,0.1388888888888889,0.0,0.0,0.0,0.0,0.0,0.0,0.0,0.0,0.0,0.0,0.0,0.0,0.0,0.0,1.7777777777777777,0.0,0.5555555555555556,0.0,1.3333333333333333,5.8280423280423275,0.0,0.0,0.0,0.0,0.4,0.0,0.0,0.0,0.0,0.0,0.0,0.0,0.0,0.8333333333333333,0.0,0.25,0.0,0.0,3.4636752136752134,0.33333333333333337,0.0,0.0,0.3888888888888889,0.0,0.0,0.5555555555555556,0.0,1.8666666666666667,0.11111111111111112,0.0,0.23809523809523808,0.0,1.5277777777777777,0.0,0.0,0.0,0.0,0.0,0.0,0.11111111111111112,0.0,0.0,0.0,0.6666666666666666,0.5092592592592593,0.0,0.0,0.0,0.0,0.0,0.0,0.0,0.0,0.0,0.0,0.0,0.0,0.0,0.0,0.0,0.0,0.0,0.0,0.0,0.0,0.0,0.0,0.0,0.0,0.0,0.0,0.0,0.5555555555555556,0.0,0.0,0.0,0.0,0.0,0.0,0.0,0.0,0.0,0.0,0.0,0.0,1.1111111111111112,0.0,0.0,0.0,0.0,0.0,0.0,0.0,0.22222222222222224,0.0,0.0,0.0,0.0,0.0,0.5555555555555556,0.0,0.0,0.0,0.0,0.0,0.4444444444444445,0.0,0.0,0.0,0.0,0.0,0.0,0.0,0.0,0.4444444444444445,0.0,0.0,0.0
201.9612100862101,45.194240944240946,90.42460317460318,47.54629629629629,26.360486545418052,69.66862766862766,10.837301587301587,51.75925925925926,6.167124542124542,16.64377289377289,36.19444444444444,64.18037518037518,3.333333333333333,14.333333333333332,42.31878306878306,14.174603174603174,1.6666666666666665,223.87301587301587,65.69047619047619,3.333333333333333,12.11111111111111,30.555555555555554,4.166666666666667,10.555555555555555,7.424242424242424,2.486111111111111,0.0,16.72222222222222,4.666666666666667,1.6666666666666665,8.084656084656084,9.015873015873016,0.0,0.0,29.166666666666664,13.333333333333332,3.380952380952381,0.0,0.6666666666666666,3.333333333333333,0.0,9.0,7.824074074074074,0.0,12.777777777777777,0.0,0.0,46.26767676767677,1.6666666666666667,0.0,6.888888888888889,14.027777777777777,3.333333333333333,0.41666666666666663,8.75,0.3333333333333333,0.8333333333333334,0.0,2.5,0.673076923076923,1.2824074074074074,0.0,0.0,0.0,0.0,5.37037037037037,19.86952861952862,0.0,0.0,0.0,0.0,0.0,0.0,5.37037037037037,12.010947195878703,6.833333333333333,15.328042328042327,0.0,0.0,0.23809523809523808,0.0,0.0,0.0,0.0,0.0,3.333333333333333,0.0,0.0,0.0,0.0,6.666666666666666,5.7142857142857135,0.0,0.0,0.0,1.6666666666666665,3.333333333333333,0.0,3.333333333333333,0.0,0.0,0.0,0.0,0.0,1.1111111111111112,0.0,0.2567280512485992,0.0,3.850920768728988,0.0,0.0,0.0,0.0,0.0,0.0,0.2567280512485992,0.0,0.2567280512485992,0.2567280512485992,2.567280512485992,0.2567280512485992,0.2567280512485992,2.7142857142857144,0.0,0.0,1.1904761904761905,0.0,0.0,0.0,3.333333333333333,33.1056166056166,0.0,0.0,0.0,10.277777777777777,4.222222222222222,1.6666666666666665,0.41666666666666663,0.0,0.0,0.0,0.0,0.0,1.2222222222222223,0.0,0.0,0.0,0.0,0.0,0.0,0.0,0.0,5.916666666666666,0.0,0.0,0.42328042328042326,0.0,0.0,0.0,0.0,0.0,0.0,0.0,10.732600732600732,0.0,4.312169312169312,0.0,5.909090909090908,0.0,0.0,11.701058201058201,2.6666666666666665,0.0,0.0,0.0,0.0,0.0,0.0,1.25,0.0,0.0,0.0,0.0,0.0,0.0,0.0,0.0,0.0,0.0,0.0,0.0,1.1111111111111112,0.0,1.1111111111111112,2.5,0.0,1.6666666666666665,0.0,0.0,0.0,0.0,0.0,0.0,0.0,0.0,1.6666666666666665,0.0,0.0,2.6666666666666665,6.785714285714286,0.0,0.0,0.0,0.0,0.8333333333333333,0.2564102564102564,0.0,0.0,0.0,0.0,0.0,0.0,0.0,0.0,0.0,0.0,1.1666666666666667,0.0,0.0,0.0,0.0,0.0,0.0,0.0,0.0,0.0,0.0,0.0,0.0,0.0,0.0,0.0,0.0,0.0,0.3333333333333333,0.0,0.0,0.6666666666666666,0.0,0.0
454.4322532877666,131.77910742555994,89.59970991979922,66.17539120809245,103.18925221009395,145.376578083172,27.555662986181733,22.416666666666664,34.11576374684135,7.779535491547376,26.091980840634765,48.31259426067185,30.084218890462438,14.52903737043522,24.081779848399076,21.074084297768508,15.023929773929774,217.0994679181682,5.931648416942535,12.777777777777777,9.232131254061079,13.239512453450349,2.443382235048902,4.372689184453891,3.5416666666666665,3.0893550893550894,5.106842231842232,39.53315212202159,2.4722222222222223,13.740079365079366,2.3174079504724667,6.5220982720982725,8.811329873829873,0.37037037037037035,1.0577915376676987,0.6216931216931216,0.0,0.08333333333333333,1.3387345679012346,3.2343363924009085,0.2777777777777778,8.253357753357752,5.1832991569833675,0.4346764346764347,0.41666666666666663,1.2345679012345678,0.0,18.378306878306876,1.9444444444444442,0.2579365079365079,17.62310614244068,10.158068783068783,9.704641491406196,0.0,1.1111111111111112,1.736111111111111,2.5573192239858904,0.888888888888889,7.959515792849126,1.5909090909090908,3.1910373577040243,0.0,0.23809523809523808,0.0,0.48611111111111105,4.90691037357704,5.16005291005291,0.30303030303030304,0.16666666666666666,9.563492063492063,3.1276490394137455,0.1388888888888889,0.1388888888888889,4.90691037357704,3.192999592999593,2.4548581048581046,4.374281370217902,0.15873015873015872,2.787878787878788,1.3621031746031744,0.0,1.0545621532463638,0.22222222222222224,0.0,0.0,0.0,0.0,0.0,0.0,0.0,2.138047138047138,0.0,0.0,0.0,0.5555555555555556,10.47150997150997,0.1282051282051282,0.18518518518518517,0.0,0.0,0.0,0.6481481481481481,0.0,0.0,0.6662781662781663,0.2095078330537451,0.16164283212338132,0.0,2.4246424818507197,1.2301587301587302,0.10101010101010102,0.5641025641025641,0.0,4.745174310391702,0.0,0.16164283212338132,0.0,0.16164283212338132,0.16164283212338132,1.6164283212338133,0.16164283212338132,0.16164283212338132,17.81684230657149,0.0,0.0,0.0,0.0,0.6666666666666666,0.0,0.4629629629629629,11.652813212591008,0.20833333333333331,0.0,0.0,1.0047164164811224,20.834848793182125,0.0,2.214257964257964,0.0,0.0,0.0,2.341269841269841,0.0,0.09259259259259259,0.8035714285714285,0.0,0.0,0.15873015873015872,0.0,0.5,0.0,0.0,0.14730639730639733,0.0,0.0,1.0416666666666665,0.0,0.0,0.0,0.0,0.0,0.10101010101010102,0.0,7.3686868686868685,0.0,4.638447971781305,0.0,1.7063492063492063,0.0,0.0,11.267210607427998,0.0,0.0,0.0,0.0,0.22222222222222224,0.0,0.0,1.1111111111111112,1.2222222222222223,0.2513227513227513,0.0,0.0,0.09259259259259259,0.37037037037037035,0.0,0.0,0.0,0.9259259259259258,0.0,0.0,0.0,5.076719576719577,0.0,0.9326923076923077,0.4696969696969697,3.0146573699205277,0.0,0.0,0.0,1.885570497483706,0.044444444444444446,0.0,0.0,0.0,0.0,0.10475391652687255,0.0,0.0,0.5555555555555556,9.535972349641753,3.002136752136752,0.1388888888888889,0.0,0.0,2.8465608465608465,0.0,0.0,0.0,0.0,0.0,8.919913251259675,0.0,0.9876543209876543,1.1473429951690821,1.7883597883597884,0.5555555555555556,0.18518518518518517,1.2125220458553791,0.0,0.0,0.0,0.8981481481481481,2.763157894736842,0.8981481481481481,2.1693121693121693,0.0,0.0,0.0,0.0,1.7663817663817665,0.0,0.0,1.2626262626262628,0.0,0.0,0.15873015873015872,3.279380341880342,0.0,0.0
1258.7037892996277,210.5585381962188,231.63413382922312,122.2279705731718,200.47999217188655,304.4943029508969,42.65495794073985,97.64285714285714,57.331372212449814,35.918424380436264,80.57731032596425,66.51285233592992,42.51759399489018,44.79755588895374,52.56644795806719,59.14683562051983,36.01190476190476,627.710627928322,21.239188099482217,27.28174603174603,6.294753086419753,45.50455004743531,13.227851578341774,6.232912294677001,15.694444444444443,23.506021756021756,7.717953342953343,55.5694260332955,2.4722222222222223,27.240079365079364,2.3174079504724667,5.133209383209383,43.470199269541375,0.37037037037037035,2.1323529411764706,6.208994708994709,2.333333333333333,8.75,1.1111111111111112,14.245700028764544,0.2777777777777778,43.87637362637362,35.67536264904686,7.656898656898656,0.0,5.845679012345679,0.0,40.629629629629626,1.1111111111111112,0.11904761904761904,81.03122580056034,24.539021164021165,14.385858422623128,0.0,43.8531746031746,1.3194444444444444,7.989417989417989,0.888888888888889,14.647549980883314,1.452020202020202,3.0731922398589067,0.6666666666666666,0.23809523809523808,0.0,1.6666666666666665,8.528483245149912,19.564814814814813,0.0,0.0,36.59126984126984,3.3359823727470785,2.0436507936507935,0.8055555555555556,7.417372134038801,9.418121693121693,1.4826358826358825,17.79491629085282,0.15873015873015872,5.1688311688311686,3.5843253968253967,0.0,3.7582658569500675,0.22222222222222224,0.0,0.0,0.0,0.0,0.0,0.7037037037037037,0.0,11.75872874402286,0.0,4.444444444444445,0.0,0.31746031746031744,17.098494098494097,4.1269841269841265,0.8518518518518519,5.0,0.0,0.0,6.944444444444444,0.0,0.2777777777777778,1.7773892773892774,0.348396721942634,0.25097406619145746,0.0,3.7646109928718623,5.888888888888888,0.7676767676767676,0.5641025641025641,0.0,12.675729865947257,0.0,0.25097406619145746,0.3333333333333333,0.25097406619145746,0.25097406619145746,2.509740661914575,0.25097406619145746,0.25097406619145746,80.59729551349528,0.0,0.0,0.0,0.0,0.2777777777777778,1.1111111111111112,0.0,27.86363942341722,0.20833333333333331,0.0,0.0,6.4074941942589,63.82095990429323,0.0,5.091242091242091,0.0,0.0,0.0,7.896825396825396,3.333333333333333,0.09259259259259259,3.0952380952380953,1.3988095238095237,0.0,0.0,0.0,0.5,0.0,0.20833333333333331,0.14730639730639733,0.0,0.0,0.20833333333333331,0.0,1.2222222222222223,0.0,0.0,0.0,0.43434343434343436,0.0,15.5,0.0,5.564373897707231,0.6666666666666666,3.849206349206349,0.0,0.0,8.293628633846025,0.0,1.875,0.0,0.0,0.5555555555555556,0.0,0.0,4.444444444444445,1.5555555555555556,1.3624338624338626,0.8683473389355743,0.4341736694677871,0.09259259259259259,0.37037037037037035,0.0,0.0,0.0,0.9259259259259258,0.8333333333333333,0.0,0.0,8.925925925925926,0.0,5.964438339438339,0.4696969696969697,20.34799070325386,0.0,0.0,0.0,3.135570497483706,8.377777777777778,0.0,0.0,0.0,3.333333333333333,0.174198360971317,0.0,0.0,0.5555555555555556,11.217071464951395,3.002136752136752,0.6944444444444444,0.0,1.9861111111111112,2.8465608465608465,0.0,0.0,0.0,0.0,0.0,16.86435769570412,0.0,0.9876543209876543,1.1473429951690821,1.7883597883597884,0.5555555555555556,0.18518518518518517,2.5458553791887124,0.0,2.2222222222222223,0.0,0.8981481481481481,7.499999999999999,0.8981481481481481,0.0,0.0,0.0,0.0,0.0,2.5986467236467234,0.0,0.0,0.5555555555555556,0.0,0.0,0.15873015873015872,19.10279304029304,0.0,0.0
77.48118085618086,15.503968253968255,0.0,52.051587301587304,6.268518518518518,0.0,29.71428571428571,12.148148148148147,12.083333333333332,3.2738095238095237,4.166666666666667,7.104497354497354,14.305555555555555,3.333333333333333,1.3095238095238093,16.412037037037038,50.26587301587301,23.43121693121693,3.333333333333333,0.5555555555555556,3.333333333333333,0.6666666666666666,26.333694083694084,7.916666666666666,6.388888888888888,0.3333333333333333,8.124579124579125,33.05555555555556,0.0,17.235449735449734,0.0,0.41666666666666663,0.0,0.0,3.7499999999999996,4.166666666666667,3.712962962962963,0.0,0.0,0.0,0.0,0.0,1.1111111111111112,2.083333333333333,0.0,0.0,0.0,0.0,0.0,0.0,1.1111111111111112,1.1111111111111112,2.8571428571428568,1.25,0.0,0.0,0.0,0.0,28.965608465608465,0.0,5.454545454545455,0.0,0.0,2.0370370370370368,0.0,0.0,0.0,0.0,0.0,0.0,3.333333333333333,0.18518518518518517,0.0,0.0,0.0,0.0,0.1388888888888889,0.0,0.0,0.0,0.0,0.0,0.22222222222222224,0.0,0.0,0.0,0.0,0.0,0.0,0.0,3.848484848484848,4.3939393939393945,0.0,0.0,1.6666666666666665,0.0,0.0,0.0,0.0,0.0,0.0,0.0,0.0,0.0,0.0,3.2407407407407405,0.0,0.0,0.0,0.0,0.0,0.0,0.0,0.0,0.0,0.0,0.0,0.0,0.0,0.0,0.0,0.0,0.0,0.0,0.0,0.0,0.0,0.0,0.0,0.4629629629629629,0.0,0.0,0.0,0.0,0.47619047619047616,0.5555555555555556,0.0,0.0,0.0,0.41666666666666663,0.0,0.0,0.0,0.0,3.333333333333333,0.0,0.0,0.0,0.0,0.0,0.0,0.0,1.1363636363636362,0.0,0.9259259259259259,2.5,0.0,0.0,0.0,0.0,0.0,0.0,0.0,0.0,0.0,6.296296296296297,0.0,0.0,0.0,4.242424242424242,0.0,0.0,0.0,0.0,0.0,0.0,0.0,0.0,0.0,0.0,0.0,0.0,0.0,0.0,0.0,0.0,0.0,0.0,0.0,0.0,0.0,0.0,0.0,0.0,0.0,0.0,0.37037037037037035,0.0,0.0,0.787037037037037,0.0,0.0,0.0,0.0,0.0,0.0,0.0,0.0,0.5555555555555556,0.0,0.0,0.0,0.0,1.574074074074074,0.0,0.0,0.0,0.0,0.0,0.0,0.0,0.0,0.0,0.0,0.0,0.0,0.0,0.0,0.0,0.0,0.0,0.0,0.0,0.0,0.0,0.47619047619047616,0.0,0.0,0.0,0.0,0.0,0.0,0.0,0.0,0.0,0.0,0.0,0.0,0.0,0.0
47.62848725348725,18.156704406704407,6.691919191919192,10.0,4.768518518518518,12.777777777777777,2.083333333333333,2.055555555555556,2.759259259259259,0.5411255411255411,5.729497354497354,0.0,2.7777777777777777,8.392857142857142,9.00462962962963,8.148148148148147,1.6666666666666667,56.02454027454027,0.0,0.37037037037037035,0.3333333333333333,0.8181818181818181,1.1111111111111112,2.0555555555555554,5.331890331890332,3.472222222222222,0.37037037037037035,5.191798941798941,0.0,0.0,4.444444444444445,2.6666666666666665,0.0,0.0,6.03493265993266,0.0,0.0,0.0,2.569444444444444,0.0,0.5158730158730158,1.6666666666666667,3.2777777777777777,0.0,0.0,1.6666666666666665,0.6944444444444444,0.37037037037037035,0.0,0.0,1.6666666666666665,0.0,0.0,0.0,0.0,0.0,0.0,1.2962962962962963,1.1111111111111112,0.0,0.0,0.0,0.23809523809523808,0.0,1.6666666666666665,2.8585858585858586,0.2777777777777778,1.1111111111111112,0.0,4.444444444444445,0.0,0.0,0.0,0.6363636363636364,1.6666666666666665,1.9444444444444442,0.41666666666666663,0.0,0.0,0.0,0.0,0.0,2.5,0.0,0.0,0.0,0.0,0.0,0.0,0.0,0.0,0.0,0.0,0.0,0.3333333333333333,1.1111111111111112,3.75,0.0,1.6666666666666667,0.0,0.0,0.0,0.0,0.0,0.0,0.0,0.0,0.0,0.0,0.0,0.0,0.2777777777777778,0.0,0.0,0.0,0.0,0.0,0.0,0.0,0.0,0.0,0.0,0.2962962962962963,0.0,0.0,0.0,0.0,0.0,0.0,2.0695970695970693,5.0,0.0,0.0,0.0,0.0,3.3333333333333335,0.0,0.0,0.0,0.0,5.0,0.0,0.0,0.0,0.0,1.3888888888888888,0.0,0.0,0.0,0.0,0.0,0.0,0.0,0.0,0.0,0.0,0.0,0.0,0.0,0.0,0.0,0.0,0.0,0.0,0.0,0.2777777777777778,0.0,0.0,0.0,0.0,2.4404761904761902,0.0,0.20833333333333331,0.0,0.0,0.0,0.0,0.0,0.0,0.0,0.0,0.0,0.0,0.0,0.0,1.6666666666666667,0.0,0.0,0.0,0.0,0.0,0.0,0.0,0.0,0.0,0.0,0.0,0.0,0.0,0.0,0.0,1.3888888888888888,0.0,0.0,0.0,0.0,0.0,0.0,0.0,0.0,0.0,0.0,0.0,0.0,0.0,0.0,0.0,0.0,0.0,0.0,0.0,0.0,0.0,0.0,0.0,0.0,0.0,0.0,1.4285714285714284,0.0,0.0,0.0,0.0,0.0,0.0,0.5555555555555556,0.0,0.0,0.0,0.0,0.0,0.0,0.0,1.5277777777777777,0.0,0.0,0.0,0.09259259259259259,0.0,0.0
0.2777777777777778,1.1111111111111112,0.0,2.083333333333333,6.458333333333332,0.0,0.0,1.6666666666666665,0.0,5.119047619047619,3.2222222222222223,0.0,1.1111111111111112,2.5,0.0,0.0,0.23809523809523808,0.0,0.0,0.0,0.0,0.0,0.0,0.0,1.25,0.8333333333333333,0.2777777777777778,0.0,0.0,0.0,0.0,0.0,0.0,0.7142857142857142,0.0,0.0,0.0,0.0,0.0,0.0,0.0,0.0,0.0,0.0,0.0,1.6666666666666665,0.0,0.0,0.0,0.0,0.0,0.0,0.0,0.0,0.0,0.0,0.0,0.0,0.0,0.0,0.0,0.0,0.0,0.0,0.0,0.0,0.0,0.0,0.0,0.0,0.0,0.0,0.0,0.0,0.0,0.0,0.0,0.0,0.0,0.0,0.0,0.8333333333333334,0.0,0.0,0.0,0.0,0.0,0.0,0.0,0.0,0.0,0.0,0.0,0.0,0.0,0.0,0.0,0.0,0.0,0.0,0.0,0.0,0.0,0.0,0.0,0.0,0.0,0.0,0.0,0.0,0.0,0.0,0.0,0.0,0.0,0.0,0.0,0.0,0.0,0.0,0.0,0.0,0.0,0.0,0.0,0.0,0.0,0.0,0.0,0.0,0.0,0.0,4.017857142857142,0.0,0.0,0.0,0.0,0.0,0.0,0.0,0.0,0.0,0.0,0.0,0.0,0.0,0.0,0.0,0.0,0.0,0.0,0.0,0.0,0.0,0.0,0.0,0.0,0.0,0.0,0.0,0.0,0.0,0.0,0.0,0.0,0.0,0.0,0.0,0.0,0.0,0.0,0.0,0.0,0.0,0.0,0.0,0.0,0.0,0.0,0.0,0.0,0.0,0.0,0.0,0.0,0.0,0.0,0.0,0.0,0.0,0.0,0.0,0.11904761904761904,0.0,0.0,0.0,0.0,0.0,0.0,0.0,0.0,0.0,0.0,0.0,0.0,0.0,0.0,0.0,0.0,0.0,0.0,0.0,0.0,0.0,0.0,0.0,0.0,0.0,0.0,0.0,0.0,0.0,0.0,0.0,0.0,0.0,0.0,0.0,0.0,0.0,0.0,0.0,0.0,0.0,0.0,0.0,0.0,0.0,0.0,0.0,0.0,0.0,0.0,0.0,0.0,0.0,0.0,0.0,0.0,0.0
54.11965811965812,7.5,14.999999999999998,51.916666666666664,15.552248677248677,0.8333333333333333,0.0,8.333333333333332,11.527777777777777,5.396825396825396,8.25,11.207264957264957,1.1111111111111112,0.0,1.1111111111111112,0.0,0.0,0.0,3.333333333333333,3.333333333333333,0.0,0.0,0.0,3.3333333333333335,1.25,2.9814814814814814,1.6666666666666665,11.13888888888889,0.0,9.444444444444445,0.0,0.0,0.0,2.9365079365079363,0.0,0.20833333333333331,0.0,2.2222222222222223,0.0,0.0,0.0,0.0,0.20833333333333331,0.0,0.0,0.0,0.0,0.0,0.0,0.23809523809523808,0.0,0.0,0.0,0.0,0.0,0.0,0.0,0.0,0.0,0.0,0.0,0.1282051282051282,0.0,0.0,0.9722222222222222,0.0,0.0,0.0,0.0,0.0,0.0,0.0,0.0,0.0,0.0,0.0,0.0,0.0,0.0,0.0,0.0,0.0,0.0,1.3888888888888888,0.0,0.0,0.0,0.0,0.0,0.0,0.0,2.5,0.0,0.0,0.0,0.0,0.0,4.166666666666666,0.0,0.0,0.0,0.0,0.0,0.0,0.0,0.0,0.0,0.0,0.0,0.0,0.0,0.0,0.0,0.0,0.0,0.0,0.0,0.0,0.0,0.0,0.0,0.0,0.0,0.0,0.0,0.0,0.0,0.0,0.0,0.0,0.0,0.0,1.6369047619047619,0.0,0.0,0.0,0.0,0.0,0.0,0.0,0.0,0.0,0.0,0.0,0.0,0.0,0.0,0.0,0.0,0.0,0.0,0.0,0.0,0.0,0.0,0.0,0.0,0.0,0.0,0.0,0.0,0.0,0.0,0.0,0.0,0.0,0.0,0.0,0.41666666666666663,0.0,0.0,0.0,0.0,0.0,0.0,0.0,0.0,0.2393162393162393,0.0,0.0,0.0,0.0,0.0,0.0,0.0,0.0,0.0,0.0,0.0,0.0,0.0,0.0,1.7857142857142856,0.0,0.0,0.0,0.0,0.0,0.0,0.0,0.0,0.0,0.0,0.0,0.0,0.0,0.0,0.0,0.0,0.0,0.0,0.0,0.0,0.0,0.0,0.0,0.0,0.0,0.0,0.0,0.0,0.0,0.0,0.0,0.0,0.0,0.0,0.0,0.0,0.0,0.0,0.0,0.0,0.0,0.0,0.0,0.0,0.0,0.0,0.0,0.0,0.0,0.0,0.0,0.0,0.0,0.0,0.0,0.0,0.0
87.03703703703704,43.7037037037037,67.03703703703704,65.83333333333333,30.666666666666664,18.518518518518515,19.444444444444443,26.666666666666664,35.0,3.0,8.703703703703704,21.89814814814815,10.555555555555555,2.5,1.7777777777777777,12.5,25.277777777777775,9.444444444444443,6.481481481481481,8.333333333333332,2.5,18.796296296296298,7.407407407407407,10.37037037037037,1.6666666666666665,2.7777777777777777,8.888888888888888,0.0,0.5555555555555556,3.333333333333333,2.7777777777777777,1.1111111111111112,1.7777777777777777,8.88888888888889,4.444444444444444,0.8333333333333333,0.5555555555555556,0.0,2.0370370370370368,0.9259259259259259,0.8333333333333333,0.0,2.2222222222222223,30.648148148148145,0.41666666666666663,0.0,0.0,0.0,0.5555555555555556,0.0,3.333333333333333,5.0,0.0,0.0,0.0,0.37037037037037035,0.0,0.0,0.0,0.37037037037037035,0.0,0.8333333333333333,1.6666666666666667,5.555555555555555,0.0,0.0,0.0,0.0,0.0,0.0,0.0,0.0,0.0,0.0,0.0,0.0,3.333333333333333,0.0,0.0,0.0,0.0,0.0,0.0,7.222222222222221,6.666666666666666,0.37037037037037035,0.0,0.0,0.0,0.0,0.37037037037037035,1.6666666666666665,0.0,1.3888888888888888,0.0,0.0,0.0,0.0,0.0,0.0,0.0,0.0,0.37037037037037035,1.1111111111111112,3.7962962962962963,0.0,0.0,0.0,0.0,0.0,0.0,0.0,0.0,0.0,0.0,0.0,0.0,0.0,0.0,0.0,0.0,0.0,0.0,0.0,0.0,0.0,0.0,0.0,0.0,0.0,0.0,0.0,2.888888888888889,0.0,0.0,0.0,0.0,0.0,0.0,0.0,0.0,0.0,0.0,0.0,0.0,0.0,0.0,2.7777777777777777,0.0,0.0,0.0,0.0,0.0,0.0,0.0,0.0,0.0,0.0,0.0,0.0,0.0,0.0,0.37037037037037035,0.0,0.0,0.0,0.0,0.0,0.0,0.0,0.0,0.0,0.0,0.0,0.0,0.0,0.0,0.0,0.0,0.0,0.0,0.0,0.0,0.0,0.0,0.0,0.0,0.0,0.0,0.0,0.0,0.0,0.0,0.0,0.0,0.0,0.0,0.0,0.0,0.0,0.0,0.0,0.0,0.0,0.0,0.0,0.0,0.0,0.0,0.0,0.0,0.0,0.0,0.0,0.0,0.0,0.0,0.0,0.0,0.0,0.0,0.0,0.0,0.0,0.0,0.0,0.0,0.0,0.0,0.0,0.0,0.0,0.0,0.0,0.0,0.0,0.0,0.0,0.0,0.0,0.0,0.0,0.0,0.0,0.0,0.0,0.0,0.0,0.0,0.0
6.899801587301587,0.0,1.1666666666666665,5.638888888888888,0.3333333333333333,4.25,0.0,5.694444444444444,1.5555555555555554,1.2777777777777777,0.8333333333333333,2.2222222222222223,0.0,0.3472222222222222,1.5555555555555556,1.8055555555555554,0.8333333333333333,2.2301587301587302,3.6527777777777777,2.2222222222222223,0.0,0.0,1.1111111111111112,0.0,1.6666666666666667,0.0,0.0,0.20833333333333331,0.6388888888888888,0.0,0.9722222222222223,4.684523809523809,0.3055555555555556,0.0,3.333333333333333,0.1388888888888889,0.6111111111111112,0.16666666666666666,0.0,0.8333333333333333,0.0,0.1388888888888889,0.23809523809523808,1.527777777777778,4.824404761904762,0.1388888888888889,0.0,0.5555555555555556,2.5555555555555554,0.0,0.875,0.10416666666666666,0.7222222222222222,0.0,0.0,0.0,0.0,0.0,0.0,1.7718253968253967,0.3472222222222222,0.0,0.23809523809523808,0.0,0.0,0.0,0.0,1.8958333333333333,0.0,0.0,0.0,0.7083333333333333,3.657738095238095,0.0,0.0,0.0,0.0,0.0,0.0,0.0,0.0,0.0,0.2708333333333333,0.0,0.0,0.0,0.0,1.6666666666666665,0.41666666666666663,0.0,1.6666666666666667,0.0,0.0,0.0,0.0,0.0,0.0,0.0,0.0,0.0,0.0,0.32738095238095233,0.16666666666666666,0.0,0.0,0.25,0.0,0.0,0.0,0.0,0.0,0.0,0.0,0.0,0.0,0.0,0.0,0.0,0.0,0.0,0.0,0.0,0.2777777777777778,2.708333333333333,0.0,0.0,0.0,0.0,0.0,0.0,0.0,0.0,0.0,0.0,0.0,0.0,0.0,0.0,0.0,0.0,0.0,0.0,0.0,0.0,0.0,0.0,0.0,0.0,0.5555555555555556,0.0,0.0,0.0,0.0,0.0,0.0,0.0,0.0,0.0,0.0,0.0,0.0,0.0,0.0,0.8333333333333333,0.0,0.0,0.0,0.0,0.0,0.0,0.0,0.0,0.0,0.0,0.0,0.0,0.0,0.0,0.0,0.0,0.0,0.0,0.0,0.0,0.0,0.0,0.0,0.0,0.0,0.0,0.0,0.0,0.0,0.0,0.0,0.0,0.0,0.0,0.0,0.0,0.0,0.0,0.2777777777777778,0.0,0.0,0.0,0.0,0.0,0.0,0.1388888888888889,0.0,0.0,0.0,0.0,0.0,0.8333333333333334,0.0,0.0,0.0,0.0,0.0,0.0,0.0,0.0,0.0,0.0,0.16666666666666666,0.0,0.0,0.0,0.0,0.0,0.0,0.0,0.0,0.0,0.0,0.0,0.0,0.1388888888888889,0.0,0.0,0.0,0.0,0.0,0.0,0.0,0.0,0.0,0.0
31.34259259259259,0.0,0.5555555555555556,10.833333333333332,3.333333333333333,0.0,0.2777777777777778,3.333333333333333,14.8015873015873,1.6666666666666665,3.3333333333333335,3.333333333333333,0.0,6.666666666666666,0.2777777777777778,3.3333333333333335,0.0,0.2777777777777778,3.148148148148148,1.9444444444444444,0.0,1.3888888888888888,0.41666666666666663,0.0,0.8333333333333333,0.0,0.0,0.0,0.0,0.0,0.0,2.388888888888889,1.1111111111111112,0.0,0.2777777777777778,0.0,0.0,0.0,0.0,0.0,0.0,0.2777777777777778,4.166666666666667,0.0,0.0,0.753968253968254,0.0,0.0,4.861111111111111,0.0,0.0,0.0,0.0,0.0,0.0,0.0,0.0,0.0,0.0,0.0,0.0,0.0,0.0,0.0,2.2222222222222223,0.0,0.0,0.8333333333333333,0.0,0.0,0.0,0.0,0.41666666666666663,0.0,0.0,0.0,0.0,0.0,0.0,0.0,0.0,0.0,0.0,0.0,0.0,0.0,0.0,0.0,0.0,0.0,0.0,0.0,0.0,0.0,0.0,0.0,0.0,0.0,0.0,0.0,0.0,0.0,0.0,0.0,0.0,0.0,0.0,0.0,0.0,0.0,0.0,0.0,0.0,3.333333333333333,0.0,0.0,0.0,0.0,0.0,0.0,0.0,0.0,0.0,0.0,0.3333333333333333,0.0,0.0,0.0,0.0,0.0,0.0,0.0,0.0,0.0,0.0,0.2777777777777778,0.0,0.0,0.0,0.0,0.0,0.0,0.0,0.0,0.0,0.0,0.0,0.0,0.0,0.0,0.0,0.0,0.2777777777777778,0.0,0.0,0.0,0.0,0.0,0.0,0.0,0.39215686274509803,0.0,0.0,0.0,0.0,0.0,0.0,0.0,0.0,0.0,0.0,0.0,0.0,0.0,0.0,0.0,0.0,0.0,0.0,0.0,0.0,1.9607843137254901,0.9803921568627451,0.0,0.0,0.0,0.0,0.0,0.0,0.0,0.0,0.0,0.0,0.0,0.0,0.0,0.0,0.0,0.0,0.0,0.0,0.0,0.0,0.0,0.0,0.0,0.0,0.0,0.0,0.0,0.0,0.0,0.0,0.0,0.0,0.0,0.0,0.0,0.0,0.0,0.0,0.0,0.0,0.0,0.0,0.0,0.0,0.0,0.0,0.0,0.0,0.0,0.0,0.0,0.0,0.0,0.0,0.37037037037037035,0.0,0.0,0.0,0.0,0.0,0.0,0.0,0.0,0.0,0.0,0.0,0.0
174.1645541958042,51.03968253968254,80.73752173752173,68.17243867243867,52.187710437710436,39.81078643578643,22.5,47.43659581159581,23.04232804232804,22.484126984126984,28.906144781144782,29.695868945868945,2.1825396825396823,36.267195767195766,16.043327043327043,23.92075517075517,21.636123136123135,46.19444444444444,5.345959595959595,24.217893217893216,12.742063492063492,19.532407407407405,0.0,13.186147186147185,24.432539682539684,22.195767195767196,0.5555555555555556,8.222222222222221,52.03108465608465,0.3030303030303031,10.833333333333332,43.75351037851038,22.6008436008436,2.9166666666666665,22.61183261183261,2.638888888888889,21.522352647352648,1.1111111111111112,21.69011544011544,1.126984126984127,3.333333333333333,7.830687830687831,6.646825396825396,1.6125541125541125,0.2777777777777778,0.41666666666666663,20.948412698412696,7.558922558922559,2.0033670033670035,2.2222222222222223,18.682336182336183,2.4305555555555554,12.681721056721056,14.805194805194805,1.6666666666666665,8.796296296296296,0.29040404040404044,0.0,0.0,0.6944444444444444,5.373211279461279,0.2777777777777778,1.6666666666666665,0.0,2.037037037037037,0.0,0.0,2.275132275132275,30.20360195360195,3.9444444444444446,0.47619047619047616,1.0158730158730158,4.777777777777778,0.0,0.0,6.944444444444444,1.4372895622895623,1.8518518518518516,3.712962962962963,3.6666666666666665,0.8333333333333333,0.5555555555555556,1.8353174603174605,0.41666666666666663,0.0,3.846153846153846,0.0,0.0,0.0,0.0,0.0,3.333333333333333,0.0,0.0,0.0,8.88888888888889,3.996212121212121,0.0,0.2777777777777778,0.0,0.6060606060606061,0.5714285714285714,0.0,5.173400673400673,0.3333333333333333,8.312049062049061,0.1793854293854294,0.0,2.690781440781441,0.0,0.0,1.792929292929293,0.0,0.41666666666666663,4.357864357864358,0.1793854293854294,0.5277777777777778,0.1793854293854294,0.1793854293854294,1.7938542938542938,0.1793854293854294,0.1793854293854294,1.6666666666666665,0.47619047619047616,0.0,0.0,0.0,0.47619047619047616,9.166666666666666,2.673611111111111,0.0,15.48611111111111,0.0,0.0,9.424501424501424,0.0,0.0,0.0,0.0,0.0,0.0,0.23809523809523808,0.0,0.0,0.2777777777777778,0.0,0.0,0.0,0.0,1.6666666666666665,4.791666666666666,2.888888888888889,0.0,0.5092592592592593,0.0,0.8465608465608465,0.0,0.0,0.30303030303030304,0.37037037037037035,1.6666666666666665,0.0,0.0,0.15151515151515152,0.0,2.75,0.0,4.321428571428571,0.0,0.0,1.5714285714285714,5.09920634920635,1.6666666666666665,0.0,0.0,1.25,0.7222222222222222,0.0,2.2222222222222223,0.5128205128205128,0.0,0.0,0.0,0.0,0.0,0.0,0.3888888888888889,0.5555555555555556,0.0,0.0,0.0,0.0,1.5238095238095237,0.0,0.0,0.0,0.18518518518518517,0.0,0.0,0.15151515151515152,2.0,0.0,0.0,0.0,0.0,0.0,0.11111111111111112,1.9888167388167388,0.0,0.0,0.0,29.259259259259256,1.3333333333333333,0.30303030303030304,0.0,0.0,0.0,0.0,8.813492063492063,0.15151515151515152,0.0,0.0,0.0,0.0,0.0,0.3333333333333333,0.5555555555555556,0.0,0.0,0.0,9.37037037037037,0.0,0.0,0.0,0.0,0.0,0.0,0.0,0.0,0.0,0.0,0.0,0.0,0.0,0.0,0.0,0.0,0.3333333333333333,0.0,0.0
435.4877977624588,153.6726181163968,391.5514398643202,143.83954472392605,77.70237880405223,44.7566509664967,27.80488921123596,41.43337510442773,43.63046505151768,12.825396825396824,66.98392348392348,55.96439344968756,26.378427128427127,49.552977724030356,79.13178780284044,67.2834406972338,11.925925925925926,236.45345362856304,32.69715007215007,18.714285714285715,16.936507936507937,56.607804232804234,4.75,9.203740703740703,15.310064935064934,14.130815544608648,0.0,32.10813552918816,9.414141414141413,2.083333333333333,19.535440613026818,31.64869681974945,8.537037037037036,0.0,51.57912457912458,23.920033670033668,15.341541012593645,28.86183261183261,3.611111111111111,1.0546642899584076,4.222222222222222,89.72829485329486,10.746864246864247,10.781609195402298,2.142857142857143,17.5,1.3888888888888888,7.925301760147495,1.5277777777777777,0.0,5.321428571428571,57.4491341991342,12.257936507936508,1.6666666666666667,13.88888888888889,7.986111111111111,0.0,0.0,1.5,0.0,0.6111111111111112,0.5555555555555556,5.611111111111111,0.0,0.0,22.207535121328224,3.333333333333333,9.0515873015873,0.0,3.333333333333333,2.5,5.525252525252525,1.0714285714285714,18.87037037037037,4.748917748917749,3.333333333333333,12.5,3.0357142857142856,1.3888888888888888,27.390873015873016,0.0,1.5964775964775964,0.0,0.0,0.0,0.0,0.0,0.46296296296296297,0.15151515151515152,0.0,0.0,1.6666666666666665,4.305555555555555,0.0,0.0,5.7936507936507935,0.0,0.0,1.5,0.0,2.9166666666666665,1.6666666666666665,1.1111111111111112,0.2777777777777778,0.41666666666666663,1.8876262626262625,0.041666666666666664,0.0,1.2916666666666665,5.972222222222222,4.777777777777778,5.987958401751505,0.3333333333333333,19.087301587301585,3.333333333333333,0.041666666666666664,0.0,0.041666666666666664,0.041666666666666664,0.41666666666666663,0.041666666666666664,0.041666666666666664,32.847883597883595,0.0,0.0,2.738095238095238,0.0,1.6666666666666667,3.333333333333333,0.0,22.53769841269841,0.0,0.0,0.0,68.58154116502574,38.94179894179894,3.75,4.37037037037037,0.0,0.0,1.6666666666666665,2.175438596491228,8.952380952380953,0.0,14.673076923076922,0.9722222222222222,0.0,0.47619047619047616,0.0,3.75,3.0357142857142856,0.0,1.976190476190476,0.0,0.0,4.365079365079366,0.0,0.41666666666666663,0.0,0.0,0.0,2.6666666666666665,0.0,15.952380952380953,0.0,0.47619047619047616,0.16666666666666666,1.6098484848484846,0.0,0.0,16.035631035631035,0.0,0.3333333333333333,0.0,0.0,0.0,0.6944444444444444,0.0,0.0,0.9523809523809523,0.0,0.0,0.0,0.0,0.0,0.0,0.0,0.0,0.17543859649122806,2.9166666666666665,0.0,0.5555555555555556,0.0,0.0,8.88888888888889,0.0,14.007936507936506,0.0,16.74098124098124,0.5555555555555556,1.3636363636363638,6.694444444444445,0.0,0.0,0.0,0.0,0.07575757575757576,0.0,0.0,0.2777777777777778,0.0,0.0,3.1944444444444446,1.1111111111111112,9.07154882154882,0.0,0.0,0.0,0.0,0.0,3.333333333333333,6.940339354132457,0.0,0.0,0.0,0.0,0.0,3.333333333333333,0.0,0.0,0.0,0.0,0.47619047619047616,0.0,0.47619047619047616,0.0,0.0,0.0,0.0,1.4444444444444444,7.995894909688013,0.0,0.0,0.0,0.0,0.0,1.4285714285714284,2.261904761904762,0.0,0.0
40.283068783068785,21.535714285714285,3.2328042328042326,0.18518518518518517,17.24074074074074,15.841269841269842,18.61111111111111,4.763888888888889,3.6825396825396823,1.2037037037037037,9.113756613756614,0.5555555555555556,116.88359788359789,0.22222222222222224,3.611111111111111,4.62962962962963,14.94973544973545,22.227513227513228,0.0,10.314814814814815,7.817460317460318,0.0,12.092592592592593,0.0,2.7037037037037037,4.537037037037037,0.0,0.0,0.0,0.0,0.5555555555555556,0.0,0.0,0.0,0.22222222222222224,0.0,0.0,1.1111111111111112,0.0,0.0,0.0,0.37037037037037035,1.3624338624338623,0.0,0.0,6.507936507936508,0.0,0.15873015873015872,0.23809523809523808,0.0,0.0,11.018518518518519,0.2777777777777778,0.0,0.0,0.0,0.0,0.0,0.9523809523809523,0.5555555555555556,0.37037037037037035,0.0,0.0,0.0,0.0,0.0,0.0,0.0,0.0,0.0,0.0,0.37037037037037035,0.0,0.0,0.0,0.0,0.2777777777777778,0.4444444444444445,0.0,0.0,0.0,0.0,0.0,0.0,0.0,0.0,0.0,0.0,0.0,0.0,5.87037037037037,0.0,0.0,0.0,0.0,0.0,0.0,0.0,0.8333333333333334,0.0,0.0,0.0,0.0,0.0,0.0,0.625,0.0,0.0,0.0,0.0,5.074074074074074,0.0,0.0,0.0,0.0,0.0,0.0,0.0,0.0,0.0,0.0,0.0,0.0,0.0,0.0,0.0,0.0,0.0,0.0,0.6944444444444444,2.0,0.0,0.0,0.0,0.0,0.0,0.0,0.0,0.0,0.0,0.0,0.0,0.0,0.0,0.0,0.0,0.0,0.5555555555555556,0.0,0.0,0.0,0.0,0.0,0.6666666666666667,0.0,0.0,0.0,0.0,0.0,0.0,0.0,0.5555555555555556,0.0,1.1111111111111112,0.0,0.0,0.0,0.0,0.0,0.0,0.0,0.0,0.37037037037037035,0.0,0.0,0.0,0.0,0.0,0.0,0.0,0.0,0.0,0.0,0.0,0.0,0.5555555555555556,0.0,0.0,0.0,0.0,0.0,0.0,0.0,0.0,0.0,0.0,0.0,0.0,0.0,0.0,0.0,0.0,0.0,0.0,0.0,0.0,0.0,0.0,0.0,4.296296296296297,0.0,0.0,0.0,0.0,0.0,0.0,0.0,0.0,0.0,0.0,0.0,0.0,0.0,0.0,0.37037037037037035,0.0,0.0,0.0,0.0,0.0,0.0,0.0,0.0,0.0,0.0,0.0,0.0,0.0,0.0,0.0,0.0,0.0,0.0,0.5555555555555556,0.0,0.0,0.0,0.0,0.0,0.0
76.45802469135802,12.157407407407408,10.056878306878307,23.27795414462081,105.42328042328042,6.435185185185185,2.0,40.764109347442684,27.8006253006253,3.2962962962962963,17.156084656084655,6.253968253968254,3.3796296296296298,6.555555555555555,15.64400352733686,10.99037999037999,3.5767195767195767,0.9259259259259258,0.18518518518518517,13.011022927689595,2.2222222222222223,11.222222222222221,5.888888888888888,2.314814814814815,1.8425925925925926,0.8055555555555556,8.88888888888889,3.0555555555555554,3.814814814814815,0.18518518518518517,1.7777777777777777,0.0,2.2222222222222223,14.697530864197532,0.7407407407407407,0.0,1.9444444444444444,21.863756613756614,0.0,0.37037037037037035,0.6666666666666666,0.22222222222222224,1.7777777777777777,13.407407407407407,1.0555555555555556,0.7142857142857143,1.9444444444444446,0.2777777777777778,3.666666666666667,0.0,0.2777777777777778,1.759259259259259,0.0,1.2081128747795413,1.9444444444444446,1.3888888888888888,0.0,1.1111111111111112,0.0,1.1111111111111112,0.0,0.22222222222222224,9.133597883597883,2.9012345679012346,2.0899470899470898,0.0,0.06666666666666667,0.0,0.5555555555555556,5.277777777777778,1.1111111111111112,0.0,0.0,0.0,0.0,0.0,0.2976190476190476,0.8994708994708994,0.0,0.0,0.6666666666666666,0.6666666666666666,0.0,0.0,0.2777777777777778,0.6666666666666666,1.5555555555555556,0.0,0.0,0.6666666666666666,0.0,0.3333333333333333,0.18518518518518517,0.0,0.0,0.3333333333333333,0.0,1.1111111111111112,0.0,0.0,0.0,0.0,0.0,0.0,0.43209876543209874,0.0,0.0,1.1428571428571428,0.0,0.0,0.7901234567901234,1.1111111111111112,1.3333333333333333,0.3333333333333333,0.0,0.0,0.40740740740740744,0.0,0.0,0.0,0.0,0.0,0.0,0.37037037037037035,0.15873015873015872,0.0,0.15873015873015872,0.0,0.0,2.314814814814815,0.0,1.1111111111111112,2.0370370370370368,0.345679012345679,0.0,0.0,0.0,0.15873015873015872,2.388888888888889,0.0,0.0,0.0,0.0,0.0,0.0,0.0,0.0,0.0,0.7407407407407407,0.0,0.0,1.1111111111111112,0.0,0.0,0.5555555555555556,0.0,0.0,0.0,0.0,0.0,0.0,0.0,0.0,0.0,0.22222222222222224,0.0,0.0,0.0,0.7407407407407407,0.12345679012345678,0.0,0.0,0.0,1.2037037037037037,0.0,0.0,0.0,0.0,0.0,0.0,0.0,0.0,0.0,0.0,0.0,0.0,0.0,0.0,0.0,0.0,0.0,0.37037037037037035,0.0,0.0,0.0,0.0,0.0,0.0,0.0,0.0,0.0,0.0,0.0,0.0,0.0,0.0,0.0,0.0,0.0,0.0,0.0,0.0,0.0,0.0,0.0,0.0,0.0,0.0,2.0246913580246915,0.0,0.0,0.0,0.0,0.0,0.0,0.0,0.0,0.0,0.0,0.0,0.0,0.0,0.0,0.0,0.0,0.0,0.0,0.0,0.0,0.0,0.0,0.0,0.0,0.0,0.0,0.0,0.0,0.0,0.0,0.0
146.65129316036177,33.58730158730159,15.824074074074074,80.26759259259259,46.95206028539362,86.74030117780117,13.724025974025974,23.43673798021624,47.79028379028379,16.893575560242226,59.42228835978836,24.763227513227513,9.912037037037036,26.462962962962962,30.95367116543587,17.27314814814815,22.088955026455025,13.604497354497354,1.5123456790123457,11.341269841269842,18.582130832130833,4.236111111111111,22.11574074074074,2.7222222222222223,5.612584175084175,16.87632275132275,1.3425925925925926,4.222222222222221,4.8232323232323235,2.6096866096866096,16.015512265512264,3.6805555555555554,9.74074074074074,9.277777777777777,5.65079365079365,3.6157407407407405,4.541666666666666,70.39598364598365,1.375,10.574074074074073,41.9183201058201,2.8333333333333335,4.938492063492063,9.382936507936508,1.5833333333333333,5.949074074074074,3.888888888888889,0.6111111111111112,0.2777777777777778,9.837962962962962,7.688135938135938,2.472222222222222,0.3472222222222222,0.2777777777777778,0.0,1.5277777777777777,2.6712962962962963,7.722222222222222,0.20202020202020204,0.0,0.9343434343434344,0.3787878787878788,3.3333333333333335,3.761243386243386,0.3333333333333333,0.0,0.06666666666666667,0.37037037037037035,4.7407407407407405,0.0,8.541666666666666,0.0,0.8333333333333334,0.0,0.0,0.0,0.0,2.5694444444444446,0.8333333333333334,0.0,2.6195286195286194,2.5,0.75,0.5,6.305555555555555,35.48977873977874,1.2083333333333333,0.6388888888888888,0.0,14.119190619190618,0.0,1.9999999999999998,0.0,0.0,0.41666666666666663,0.3333333333333333,0.0,0.625,0.0,1.1873123123123124,0.2777777777777778,5.402777777777778,7.9603174603174605,0.8333333333333333,0.8174603174603174,0.0,0.04504504504504504,0.6666666666666666,0.6756756756756757,0.20833333333333331,0.8888888888888888,0.0,2.0,0.3333333333333333,0.0,0.04504504504504504,0.16666666666666666,0.04504504504504504,0.04504504504504504,0.4504504504504504,0.04504504504504504,0.04504504504504504,0.0,1.9027777777777777,0.11904761904761904,0.2777777777777778,0.04504504504504504,0.6597222222222222,0.0,1.2454710144927537,1.9444444444444442,0.0,0.0,0.9861111111111112,0.0,0.0,0.20833333333333331,0.10101010101010102,0.32738095238095233,0.3333333333333333,0.0,0.0,0.0,0.0,1.0555555555555556,0.0,1.0555555555555556,0.0,0.6845238095238095,0.0,2.037037037037037,0.4166666666666667,0.0,0.0,2.6712962962962963,0.0,1.0833333333333333,0.0,0.0,0.0,0.0,0.0,0.0,0.0,5.333333333333333,0.0,0.7638888888888888,0.0,0.625,0.0,0.0,0.0,0.20833333333333331,0.8333333333333333,0.0,0.0,0.23809523809523808,0.0,0.0,0.0,2.206349206349206,1.9023569023569022,0.9511784511784511,0.0,0.0,0.2777777777777778,0.0,0.0,0.0,0.0,1.6666666666666665,0.0,0.0,1.1111111111111112,0.0,0.0,0.0,1.1111111111111112,0.0,0.0,0.0,0.0,0.0,0.0,0.0,0.0,0.0,0.3055555555555556,0.0,0.0,0.0,0.0,0.0,0.0,0.0,0.0,0.0,0.0,0.0,0.0,0.0,0.0,0.0,0.0,0.09259259259259259,0.0,0.0,0.0,0.0,0.0,0.0,0.2777777777777778,0.0,0.0,0.0,0.0,0.0,0.0,0.5925925925925926,0.0,0.0,0.0,0.0,0.0,0.0,1.1587301587301586,0.0,0.0,0.0,0.0
475.093321030821,30.254828504828502,67.67874473021531,57.28030303030303,67.48941798941799,36.148809523809526,18.347683181016514,26.117150656287276,8.226190476190476,18.669312169312168,10.866522366522366,8.933531746031745,5.0,15.148046398046397,44.61372655122655,20.76831501831502,6.999518999518999,135.80932955932954,17.962962962962962,5.388888888888888,6.975198412698412,33.27777777777778,37.28114478114478,20.714285714285715,4.722222222222222,8.333333333333334,0.1388888888888889,41.39521589521589,0.8333333333333333,1.25,0.0,9.222222222222221,5.384199134199134,0.18518518518518517,7.202380952380952,1.6666666666666665,6.69047619047619,2.9166666666666665,1.2962962962962963,0.6944444444444444,1.1666666666666665,16.98611111111111,2.9047619047619047,2.242424242424242,2.6785714285714284,0.0,0.0,0.6801531801531802,3.888888888888889,0.6944444444444444,13.222883597883598,8.804713804713804,2.0,1.6666666666666665,3.75,0.0,3.333333333333333,0.20833333333333331,0.0,2.916666666666667,1.2685185185185184,0.0,5.103535353535353,0.0,6.666666666666666,0.0,21.551767676767675,1.6666666666666665,0.15151515151515152,0.5555555555555556,0.0,3.8095238095238093,0.0,0.0,0.0,4.652014652014652,8.0,0.0,2.5,1.6666666666666667,0.0,0.41666666666666663,0.16666666666666666,0.0,0.0,8.034188034188034,0.0,0.0,0.47619047619047616,0.0,4.261904761904762,2.0555555555555554,1.4102564102564101,0.0,0.0,6.794372294372295,0.8888888888888888,0.0,0.0,0.0,0.5555555555555556,0.0,0.0,0.0,0.0,0.15151515151515152,0.1075268817204301,0.18518518518518517,1.6129032258064515,0.5416666666666666,1.6666666666666665,0.0,0.0,0.7142857142857142,1.1111111111111112,0.1075268817204301,3.055555555555556,0.1075268817204301,0.1075268817204301,1.075268817204301,0.1075268817204301,0.1075268817204301,60.21128408628408,0.0,0.0,8.333333333333334,0.0,0.0,0.0,8.145776231639609,3.333333333333333,0.16666666666666666,0.0,0.0,40.679487179487175,37.85359085359085,0.0,5.729166666666667,0.0,0.0,0.0,0.0,0.0,0.5555555555555556,1.5,3.5357142857142856,0.0,0.0,0.0,0.23809523809523808,0.0,0.0,0.0,0.0,0.0,0.8333333333333333,0.0,0.6666666666666666,0.0,0.0,0.0,0.0,0.0,8.37363834422658,0.0,0.0,0.0,0.0,0.0,0.0,0.0,0.0,0.0,0.0,0.0,0.0,0.0,0.8333333333333333,0.0,0.5555555555555556,0.0,0.0,0.0,0.0,0.0,0.0,0.0,0.0,0.0,1.3333333333333333,0.0,0.0,0.0,4.351190476190476,3.333333333333333,0.0,20.357142857142854,0.0,1.6287878787878787,0.0,1.3636363636363638,0.07575757575757576,0.0,0.0,0.0,0.0,0.07575757575757576,0.0,0.0,0.0,0.0,0.1388888888888889,0.0,0.0,3.333333333333333,1.8518518518518519,0.0,0.0,0.0,0.0,0.0,8.044871794871796,0.0,0.0,0.07575757575757576,0.0,0.6944444444444444,0.5555555555555556,0.8333333333333333,0.0,0.0,0.0,0.18518518518518517,0.0,0.18518518518518517,0.20833333333333331,0.0,0.0,0.0,0.0,2.708333333333333,0.0,0.0,0.0,0.0,0.0,0.0,0.41666666666666663,0.0,0.0
3.75,0.0,0.0,0.8333333333333333,0.0,0.0,0.0,0.0,0.0,1.6666666666666665,0.0,0.0,0.0,0.0,0.0,0.0,0.0,1.6666666666666665,0.0,0.0,0.0,1.25,0.0,0.0,0.0,0.0,0.0,0.0,0.0,0.0,0.0,0.0,0.0,0.0,0.0,0.8333333333333333,0.0,0.0,0.0,0.0,0.0,0.0,0.0,0.0,0.0,0.0,0.0,0.0,0.0,0.0,0.0,0.0,0.0,0.0,0.0,0.0,0.0,0.0,0.0,0.0,0.0,0.0,0.0,0.0,0.0,0.0,0.0,0.0,0.0,0.0,0.0,0.0,0.0,0.0,0.0,0.0,0.0,0.0,0.0,0.0,0.0,0.0,0.0,0.0,0.0,0.0,0.0,0.0,0.0,0.0,0.0,0.0,0.0,0.0,0.0,0.0,0.0,0.0,0.0,0.0,0.0,0.0,0.0,0.0,0.0,0.0,0.0,0.0,0.0,0.0,0.0,0.0,0.0,0.0,0.0,0.0,0.0,0.0,0.0,0.0,0.0,0.0,0.8333333333333333,0.0,0.0,0.0,0.0,0.0,0.0,0.0,0.0,0.0,0.0,0.0,0.0,0.0,0.0,0.0,0.0,0.0,0.0,0.0,0.0,0.0,0.0,0.0,0.0,0.0,0.0,0.0,0.0,0.0,0.0,0.0,0.0,0.0,0.0,0.0,0.0,0.0,0.0,0.0,0.0,0.0,0.0,0.0,0.0,0.0,0.0,0.0,0.0,0.0,0.0,0.0,0.0,0.0,0.0,0.0,0.0,0.0,0.0,0.0,0.0,0.0,0.0,0.0,0.0,0.0,0.0,0.0,0.0,0.0,0.0,0.0,0.0,0.0,0.0,0.0,0.0,0.0,0.0,0.0,0.0,0.0,0.0,0.0,0.0,0.0,0.0,0.0,0.0,0.0,0.0,0.0,0.0,0.0,0.0,0.0,0.0,0.0,0.0,0.0,0.0,0.0,0.0,0.0,0.0,0.0,0.0,0.0,0.0,0.0,0.0,0.0,0.0,0.0,0.0,0.0,0.0,0.0,0.0,0.0,0.0,0.0,0.0,0.0,0.0,0.0,0.0,0.0
462.866341991342,77.74603174603175,83.43386243386243,46.138888888888886,30.25276575276575,59.74338624338624,16.15079365079365,13.379629629629628,1.6666666666666665,12.5,40.32539682539682,12.333333333333332,1.6666666666666665,1.0715488215488216,10.277777777777777,4.666666666666666,3.333333333333333,712.876924001924,18.017857142857142,3.333333333333333,12.72420634920635,83.5,3.4126984126984126,3.6296296296296293,1.6666666666666665,0.5555555555555556,0.0,0.0,0.0,3.888888888888889,1.4285714285714284,0.0,0.9999999999999999,0.0,3.6666666666666665,0.0,5.416666666666666,0.0,0.0,0.0,0.0,17.74074074074074,2.5,0.0,0.47619047619047616,0.0,0.0,4.555555555555555,2.6666666666666665,0.0,19.76190476190476,6.944444444444444,5.0,0.41666666666666663,0.0,0.0,0.0,0.0,6.666666666666667,0.0,0.0,0.6666666666666666,0.0,0.0,0.0,0.0,0.0,0.0,0.0,3.333333333333333,0.0,0.6666666666666666,0.0,0.0,0.41666666666666663,1.1111111111111112,0.0,0.0,0.0,0.0,0.0,0.0,0.3333333333333333,0.0,0.0,0.0,0.0,0.6666666666666666,0.0,0.0,3.333333333333333,0.0,0.0,0.0,0.0,3.3333333333333335,0.0,0.0,3.333333333333333,0.0,0.0,0.0,0.0,0.0,0.0,0.0,0.10752688172043012,0.0,1.612903225806452,0.0,0.0,0.23809523809523808,2.5,3.624338624338624,0.0,0.10752688172043012,0.0,0.10752688172043012,0.10752688172043012,1.0752688172043012,0.10752688172043012,0.10752688172043012,1.7857142857142856,0.0,0.0,0.0,0.0,0.0,0.0,0.0,9.166666666666666,0.0,0.0,0.0,17.194444444444443,13.261904761904761,0.0,6.388888888888888,0.0,0.0,0.0,3.5,13.333333333333332,0.0,0.0,0.0,0.0,0.0,0.0,0.0,0.0,0.0,0.0,0.0,0.0,0.47619047619047616,0.0,0.0,0.0,0.0,0.0,0.0,0.0,14.760101010101009,0.0,0.0,0.0,0.0,0.0,0.0,3.888888888888889,0.0,0.0,0.0,0.0,0.0,0.0,0.0,0.0,0.0,0.0,0.0,0.0,0.0,0.0,0.0,0.0,0.0,2.6666666666666665,0.0,0.0,0.0,0.6666666666666666,0.0,2.0,0.0,11.11111111111111,0.0,0.0,0.0,0.0,0.0,0.0,0.0,0.0,0.0,0.0,0.0,0.0,0.9523809523809523,0.0,0.0,0.6666666666666666,0.0,0.0,0.0,0.0,0.0,0.0,0.0,0.0,42.05723905723906,0.0,0.0,0.0,0.0,1.1111111111111112,0.0,1.1111111111111112,0.0,0.0,0.0,0.0,0.0,0.0,0.0,0.0,0.0,0.0,0.0,0.0,0.0,0.0,0.0,0.0,0.0,0.0,0.6666666666666666,0.0,0.0
0.0,0.0,1.6666666666666665,0.0,0.0,1.6666666666666667,0.8333333333333334,0.0,0.0,0.0,0.0,0.0,0.0,0.0,0.0,0.0,0.0,2.5,0.0,0.0,0.0,0.0,0.0,0.0,0.0,0.0,0.0,0.0,0.0,0.0,0.0,0.0,0.0,0.0,0.0,0.0,0.0,0.0,0.0,0.0,0.0,0.0,0.0,0.0,0.0,0.0,0.0,0.0,0.0,0.0,0.0,0.0,0.0,0.0,0.0,0.0,0.0,0.0,0.0,0.0,0.0,0.0,0.0,0.0,0.0,0.0,0.0,0.0,0.0,0.0,0.0,0.0,0.0,0.0,0.0,0.0,0.0,0.0,0.0,0.0,0.0,0.0,0.0,0.0,0.0,0.0,0.0,0.0,0.0,0.0,0.0,0.0,0.0,0.0,0.0,0.0,0.0,0.0,0.0,0.0,0.0,0.0,0.0,0.0,0.0,0.0,0.0,0.0,0.0,0.0,0.0,0.0,0.0,0.0,0.0,0.0,0.0,0.0,0.0,0.0,0.0,0.0,0.0,0.0,0.0,0.0,0.0,0.0,0.0,0.0,0.0,0.0,0.0,0.0,0.0,0.6666666666666666,0.0,0.0,0.0,0.0,0.0,0.0,0.0,0.0,0.0,0.0,0.0,0.0,0.0,0.0,0.0,0.0,0.0,0.0,0.0,0.0,0.0,0.0,0.0,0.0,0.0,0.0,0.0,0.0,0.0,0.0,0.0,0.0,0.0,0.0,0.0,0.0,0.0,0.0,0.0,0.0,0.0,0.0,0.0,0.0,0.0,0.0,0.0,0.0,0.0,0.0,0.0,0.0,0.0,0.0,0.0,0.0,0.0,0.0,0.0,0.0,0.0,0.0,0.0,0.0,0.0,0.0,0.0,0.0,0.0,0.0,0.0,0.0,0.0,0.0,0.0,0.0,0.0,0.0,0.0,0.0,0.0,0.0,0.0,0.0,0.0,1.0,0.0,0.0,0.0,0.0,0.0,0.0,0.0,0.0,0.0,0.0,0.0,0.0,0.0,0.0,0.0,0.0,0.0,0.0,0.0,0.0,0.0,0.0,0.0,0.0,0.0,0.0,0.0,0.0
141.53086419753086,91.20502645502646,47.93783068783068,27.734126984126984,63.425438596491226,22.29365079365079,6.805555555555555,30.828282828282827,9.105218855218855,10.412037037037036,30.359788359788357,25.18964947089947,0.0,15.87037037037037,5.972222222222222,29.206349206349206,67.19642857142857,6.145502645502646,30.809523809523807,9.208333333333332,23.11111111111111,12.512626262626263,11.305555555555555,13.88888888888889,19.33531746031746,7.865079365079366,1.6666666666666665,16.552910052910054,0.0,0.20833333333333331,8.476851851851851,15.634920634920634,3.2222222222222223,0.0,6.755952380952381,0.0,0.0,0.0,0.0,11.432539682539682,0.0,1.472222222222222,15.442460317460316,4.833333333333333,0.0,0.0,0.0,10.69047619047619,12.83068783068783,0.0,0.0,0.0,0.0,1.6666666666666665,0.8333333333333333,6.931216931216931,13.896825396825397,0.0,0.0,0.5555555555555556,1.9999999999999998,0.0,60.41732804232804,0.0,0.0,7.120670995670996,2.333333333333333,1.9166666666666665,0.0,1.6666666666666665,4.583333333333333,0.0,6.984126984126984,7.120670995670996,0.0,1.1666666666666665,2.740740740740741,0.0,0.11111111111111112,4.115079365079365,0.0,3.5277777777777777,0.0,0.0,0.0,1.6666666666666665,0.0,0.0,0.0,0.0,0.2777777777777778,1.6666666666666665,1.6666666666666665,0.0,0.0,0.5158730158730158,11.85515873015873,0.5555555555555556,0.0,0.0,0.0,0.0,0.0,0.0,0.0,2.489337822671156,0.2003999848346982,0.0,4.117110883631584,0.0,0.0,2.2222222222222223,0.0,8.166005291005291,6.773809523809524,0.2003999848346982,0.0,0.2003999848346982,0.2003999848346982,2.0039998483469823,0.2003999848346982,0.2003999848346982,3.4047619047619047,0.0,0.2777777777777778,0.0,0.0,0.6666666666666666,0.0,0.0,0.0,0.0,0.8333333333333333,0.0,0.0,0.0,0.0,1.6666666666666665,0.8333333333333333,0.0,0.0,1.2751322751322751,0.0,1.6666666666666667,1.3888888888888888,3.6805555555555554,0.0,0.0,0.0,0.0,2.333333333333333,1.1111111111111112,4.638888888888888,0.0,0.0,1.1111111111111112,0.0,0.8333333333333334,0.0,0.0,0.0,0.0,0.0,1.1111111111111112,0.0,12.263888888888888,0.0,0.41666666666666663,0.0,0.0,3.7777777777777777,0.2777777777777778,1.6666666666666665,0.0,0.0,0.0,0.0,0.0,5.277777777777778,1.6666666666666665,0.0,0.0,0.0,0.0,0.0,0.0,0.0,0.0,0.0,0.0,0.9047619047619047,0.0,0.0,0.0,0.0,2.7399031017033026,0.0,0.0,1.3888888888888888,0.7901234567901234,0.0,40.21825396825397,0.0,0.0,0.0,2.0370370370370368,0.0,0.0,7.976190476190475,0.5555555555555556,0.0,0.37037037037037035,0.20833333333333331,1.5802469135802468,0.23809523809523808,0.0,0.0,0.0,0.0,0.0,0.0,0.0,0.0,2.5146198830409356,0.0,0.3333333333333333,0.0,2.5,0.0,0.0,0.0,0.0,1.6666666666666665,0.0,1.6666666666666665,0.0,0.0,0.0,0.0,0.0,0.0,0.0,0.5158730158730158,0.0,1.3888888888888888,0.0,0.0,0.0,0.0,0.0
176.7528716873955,45.76436988936989,82.85368566618567,47.767791005291,111.27008978675646,43.76522705689372,71.99733044733044,29.068422318422318,52.00246574413241,6.475925925925925,36.921216129549464,31.168253968253968,42.95194003527337,12.034000721500721,13.677299552299552,7.3734567901234565,31.467813051146383,27.489559712773996,14.712301587301587,69.25756034089368,19.164682539682538,12.323412698412698,19.52307646057646,4.186507936507937,32.238977072310405,6.745220057720058,17.46101786125078,13.648809523809524,13.86002886002886,8.747334455667788,5.555555555555555,3.106481481481482,8.62912087912088,8.903439153439153,12.705938351771685,0.0,8.644230769230768,14.427368927368928,5.437423687423688,11.68980093980094,14.675485008818342,18.149843983177316,0.4365079365079365,3.254960317460317,21.22685185185185,2.5555555555555554,35.195767195767196,0.3333333333333333,7.962121212121212,11.603146853146853,1.3492063492063493,1.8379629629629628,0.7569444444444444,2.392857142857143,7.234567901234568,2.458333333333333,0.0,2.7777777777777777,1.4590208503251982,0.0,3.0026455026455023,1.3194444444444444,0.6666666666666666,0.0,0.7583774250440917,0.0,0.0,5.522486772486772,7.94380002713336,0.0,1.1703703703703705,2.7777777777777777,0.30092592592592593,0.0,0.0,1.176767676767677,0.0,0.5555555555555556,1.1111111111111112,0.20833333333333331,0.22222222222222224,0.8061383061383062,0.3162878787878788,0.15873015873015872,1.0416666666666667,0.0,4.1342592592592595,0.0,0.0,9.436507936507937,0.625,2.3340247715247715,0.10416666666666666,0.0,12.806351056351057,0.0,0.5555555555555556,7.8617724867724865,0.0,1.26758658008658,0.0,2.9166666666666665,0.8425925925925926,1.5506715506715507,0.10416666666666666,0.5928853754940712,0.0,0.0,0.0,0.5079365079365079,2.257275132275132,0.10101010101010102,0.4801587301587302,0.0,3.5993589743589745,0.0,0.0,0.0,0.0,0.0,0.0,0.0,0.0,0.0,0.0,4.276124338624339,1.9570707070707072,2.4933862433862433,1.1607142857142858,2.8287684537684537,0.0,0.861111111111111,7.0246913580246915,0.7638888888888888,0.23809523809523808,0.0,0.0,0.0,1.1706349206349207,1.417989417989418,0.10416666666666666,0.0,1.6666666666666665,0.16666666666666666,0.0,0.36111111111111116,1.1111111111111112,0.46296296296296297,1.3227513227513226,4.591710758377425,1.8518518518518516,0.297979797979798,0.0,0.10416666666666666,0.0,0.18518518518518517,1.5046296296296298,2.251729751729752,1.650793650793651,0.0,0.23809523809523808,0.0,0.09259259259259259,0.0,0.3333333333333333,0.0,0.1388888888888889,0.0,1.640772807439474,1.879148629148629,0.0,0.0,0.0,0.0,1.4285714285714284,0.1388888888888889,0.1388888888888889,0.0,0.0,0.0,0.2777777777777778,0.23809523809523808,0.11904761904761904,0.0,0.0,0.0,0.0,0.4444444444444444,0.0,0.0,0.0,0.0,0.7407407407407407,0.7722832722832723,0.0,0.0,0.0,0.0,0.0,0.0,5.335968379446641,0.11904761904761904,0.0,0.375,0.0,1.187830687830688,0.2964426877470356,0.38888888888888884,0.0,0.0,0.0,0.0,0.0,0.0,0.0,0.0,0.0,0.625,0.0,0.0,0.0,0.0,0.0,0.0,0.0,0.0,0.0,0.0,0.0,0.0,0.0,0.0,0.0,0.0,0.0,0.0,0.30934343434343436,0.0,0.0,0.0,0.0,0.0,0.0,0.0,0.0,0.0,0.0,0.0,0.0,0.1388888888888889
34.76851851851852,12.430555555555555,5.416666666666666,12.25925925925926,11.388888888888888,10.976851851851851,9.083333333333332,8.777777777777777,8.0,0.8333333333333333,11.777777777777777,6.805555555555555,5.5,4.375,4.541666666666666,2.6666666666666665,11.416666666666666,2.5925925925925926,0.0,3.768518518518518,8.069444444444443,0.16666666666666666,2.6111111111111107,4.611111111111111,0.5,1.8055555555555556,4.833333333333333,6.875,2.9166666666666665,10.277777777777777,0.0,0.16666666666666666,0.0,2.7777777777777777,0.16666666666666666,7.152777777777778,0.0,1.7499999999999998,0.41666666666666663,0.0,3.0555555555555554,1.3888888888888888,1.6666666666666665,0.0,0.2777777777777778,1.8333333333333333,1.2916666666666665,2.2222222222222223,0.20833333333333331,3.7499999999999996,0.4861111111111111,0.0,0.0,1.25,1.6666666666666665,3.333333333333333,3.5416666666666665,0.0,3.388888888888889,0.0,4.027777777777778,0.2777777777777778,0.0,0.0,0.0,0.3125,4.722222222222221,0.0,0.0,0.0,2.2896825396825395,0.0,0.0,0.3125,0.5555555555555556,0.0,7.5,0.0,0.0,0.0,0.10416666666666666,0.0,0.2777777777777778,0.0,1.6666666666666665,5.4563492063492065,0.16666666666666666,0.0,0.0,0.0,0.0,0.0,0.0,0.0,0.0,0.0,0.0,0.0,0.16666666666666666,0.0,0.0,0.0,0.8333333333333333,0.0,0.0,0.0,0.025252525252525256,0.6944444444444444,0.37878787878787884,0.0,0.0,0.0,0.0,1.5782828282828283,0.0,0.025252525252525256,0.0,0.025252525252525256,0.025252525252525256,0.25252525252525254,0.025252525252525256,0.025252525252525256,0.0,0.0,0.0,0.0,0.0,0.0,0.8333333333333333,1.2962962962962963,0.0,0.0,0.0,0.41666666666666663,0.0,0.0,0.798611111111111,0.0,0.0,0.0,0.0,0.0,0.0,0.0,0.0,0.6666666666666666,0.0,0.0,0.0,0.0,0.8333333333333333,0.0,0.0,0.0,0.0,0.0,0.0,0.0,0.0,0.8333333333333333,1.9444444444444442,0.0,0.20833333333333331,0.0,0.8333333333333333,0.0,0.0,0.0,0.0,0.0,0.0,0.0,0.0,0.0,0.0,0.0,0.0,5.416666666666666,0.0,0.0,0.0,0.5555555555555556,0.2777777777777778,0.0,0.0,0.0,0.20833333333333331,0.0,0.41666666666666663,0.0,0.0,0.0,0.0,0.0,0.0,0.0,0.0,0.1388888888888889,0.0,0.0,0.0,0.0,0.41666666666666663,0.0,0.0,0.0,0.0,0.0,0.0,0.0,0.0,0.0,0.0,0.0,0.0,0.0,0.0,0.0,0.0,0.0,2.333333333333333,0.0,0.0,0.0,0.41666666666666663,0.0,0.0,0.0,0.0,3.638888888888889,0.0,0.0,0.0,0.0,0.0,0.0,0.0,0.16666666666666666,0.0,0.0,0.0,6.184523809523809,0.8333333333333333,0.0,0.0,0.0,0.0,0.0,0.0,0.0
60.11111111111111,3.333333333333333,3.333333333333333,3.888888888888889,18.666666666666664,1.0185185185185184,1.6666666666666665,0.0,0.0,4.166666666666666,0.0,3.3333333333333335,0.0,4.814814814814815,0.0,0.0,0.0,0.7407407407407407,10.833333333333332,3.333333333333333,1.6666666666666667,3.666666666666667,0.0,2.2222222222222223,0.0,0.0,0.0,8.88888888888889,0.0,0.0,3.333333333333333,0.0,0.0,0.0,0.0,0.0,0.0,0.0,0.0,0.0,0.0,0.0,0.0,0.0,0.0,0.0,0.0,26.22222222222222,0.0,0.0,0.0,0.0,0.0,0.0,0.0,0.0,5.0,0.0,0.0,0.0,0.0,0.0,0.0,0.0,0.0,0.5555555555555556,0.0,0.0,0.0,0.0,0.0,0.0,12.166666666666666,0.5555555555555556,0.0,0.0,0.0,0.0,0.0,0.0,0.0,0.0,0.0,0.0,0.0,0.0,1.1111111111111112,0.0,0.0,0.0,0.0,0.0,0.0,0.0,0.0,0.0,3.3333333333333335,0.0,0.0,0.0,0.0,0.0,0.0,0.0,0.0,1.1111111111111112,0.0,0.0,0.0,0.0,0.0,0.0,0.0,2.5,1.1111111111111112,0.0,0.0,0.0,0.0,0.0,0.0,0.0,0.0,0.0,0.0,0.0,0.0,0.0,0.0,0.0,0.37037037037037035,0.0,0.0,0.0,0.0,0.0,0.0,0.0,0.0,0.0,0.0,0.0,0.0,0.0,0.0,0.0,0.0,0.0,0.0,0.0,2.5,0.0,0.0,0.0,0.0,0.0,0.0,0.0,0.0,0.0,0.0,0.0,0.0,0.0,0.0,0.0,0.0,0.0,0.0,0.0,3.333333333333333,0.0,0.0,0.0,0.0,0.0,0.0,0.0,0.0,0.0,0.0,0.0,0.0,0.6666666666666666,2.6666666666666665,0.0,0.0,0.0,0.0,0.0,0.0,0.0,0.0,0.0,0.0,0.0,0.0,0.0,0.0,0.5555555555555556,0.0,0.0,0.0,0.0,0.0,0.0,0.0,0.0,0.0,0.0,0.0,0.0,0.0,1.1111111111111112,0.0,0.0,0.0,0.0,0.0,0.0,0.0,0.0,0.0,0.0,0.0,1.1111111111111112,0.0,9.444444444444445,0.0,0.0,0.0,0.0,0.8333333333333333,0.0,0.8333333333333333,0.0,0.0,0.0,0.0,0.0,0.0,0.0,0.0,0.0,0.0,0.0,0.0,0.0,0.0,0.0
358.93265993265993,80.48148148148148,87.80008417508418,89.0532708032708,67.5428440037243,20.421296296296298,17.253306878306876,122.50227087727087,60.2766290726817,48.49838199012727,38.00042087542087,25.138888888888886,11.594636844636844,11.05952380952381,16.846921596921597,42.14021164021164,34.07347282347282,133.18426943426942,17.92204984935221,16.803933313367274,14.343915343915343,13.924603174603174,10.11111111111111,22.680555555555554,35.94444444444444,25.010161135161134,5.388888888888888,2.4206349206349205,12.837301587301587,0.0,6.646825396825397,4.642857142857142,7.5,5.502136752136751,8.26388888888889,3.3333333333333335,13.316798941798941,1.25,3.8551587301587302,8.935185185185185,16.646604938271604,0.6944444444444444,33.54717813051146,0.0,1.152777777777778,29.507936507936506,3.656084656084656,7.42063492063492,11.433862433862434,2.5994152046783627,27.069444444444443,12.867063492063492,3.174603174603175,16.904761904761905,6.26984126984127,7.699404761904762,2.2777777777777777,0.0,1.1111111111111112,0.5555555555555556,2.8472222222222223,0.6666666666666667,0.0,3.6111111111111107,0.47619047619047616,2.236842105263158,17.953703703703702,2.7777777777777777,0.0,0.0,2.5,6.708333333333333,15.34920634920635,2.236842105263158,10.0,13.007936507936508,1.8749999999999998,0.0,0.17543859649122806,0.23809523809523808,0.8333333333333333,0.22619047619047616,0.7222222222222223,0.0,0.0,0.0,0.0,1.7156862745098038,0.0,0.0,5.083333333333333,3.6111111111111107,0.0,0.0,1.1904761904761905,3.333333333333333,23.685185185185183,0.0,6.682539682539683,0.0,0.5555555555555556,9.777777777777777,0.0,0.0,0.0,21.28753191253191,0.7080390587055568,0.0,10.620585880583354,0.0,0.0,0.11574074074074073,0.8333333333333333,0.2777777777777778,0.0,0.7080390587055568,0.22222222222222224,0.7080390587055568,0.7080390587055568,7.080390587055569,0.7080390587055568,0.7080390587055568,16.914936914936913,0.0,0.0,1.857142857142857,0.0,0.41666666666666663,0.0,3.9880952380952377,2.5555555555555554,0.0,0.2777777777777778,1.25,18.333333333333332,8.083333333333332,1.6666666666666665,1.0515873015873014,0.0,1.1111111111111112,0.0,0.0,0.47619047619047616,1.2222222222222223,5.416666666666666,0.0,0.0,0.9444444444444444,0.0,0.0,2.083333333333333,0.0,5.916666666666666,0.0,0.0,1.1944444444444444,0.0,2.2222222222222223,0.0,0.0,0.6666666666666666,0.0,0.0,3.8888888888888884,0.0,0.4464285714285714,0.0,0.7407407407407407,0.0,0.0,2.2916666666666665,2.185185185185185,0.3333333333333333,0.41666666666666663,0.0,0.0,0.0,0.0,2.142857142857143,0.0,0.0,0.30303030303030304,0.15151515151515152,0.0,0.0,0.0,0.0,0.0,0.0,0.0,0.0,0.7242063492063492,0.0,1.6666666666666667,11.194444444444445,0.0,2.6666666666666665,1.1111111111111112,1.6666666666666665,0.0,1.3636363636363638,0.0,0.0,0.0,0.0,1.6666666666666665,0.07575757575757576,0.0,2.6666666666666665,0.0,0.0,1.1111111111111112,4.142857142857142,0.0,0.0,3.333333333333333,0.0,0.0,0.0,0.0,0.0,0.8333333333333333,0.0,3.874760732841126,0.7857142857142857,0.0,0.2777777777777778,0.0,30.647451963241437,0.0,0.0,0.0,0.0,0.0,0.0,2.9166666666666665,0.0,0.0,0.0,0.23809523809523808,0.0,0.0,0.0,0.0,0.3333333333333333,0.0,0.0,0.0,0.0,0.0
858.568886360553,206.04960317460316,151.93650793650792,137.36904761904762,35.735890652557316,85.24007936507937,77.73941798941799,57.4502800469872,46.973544973544975,7.688271604938271,74.46274250440916,18.534391534391535,22.07936507936508,42.675925925925924,23.03174603174603,85.57443482443482,87.16474266474266,220.18099647266314,5.7632275132275135,176.93386243386243,15.305555555555555,12.388888888888888,7.531746031746032,7.0,4.34920634920635,45.59722222222222,3.571428571428571,46.24603174603175,0.0,0.37037037037037035,5.152777777777778,0.0,6.765873015873016,0.6666666666666666,12.65432098765432,0.0,0.6944444444444444,0.8194444444444444,0.23809523809523808,0.4861111111111111,2.450396825396825,4.281746031746032,33.17857142857143,4.583333333333333,2.333333333333333,1.3888888888888888,0.0,8.029411764705882,10.767195767195767,0.0,5.833333333333334,3.333333333333333,0.0,0.41666666666666663,1.1111111111111112,3.0,12.218253968253968,0.0,6.527777777777778,3.9907407407407405,5.138888888888888,0.5555555555555556,5.361111111111111,0.0,1.0277777777777777,4.0,1.5277777777777777,4.666666666666666,0.0,0.5555555555555556,10.476190476190476,0.0,0.0,4.0,47.00330687830687,3.888888888888889,6.111111111111111,0.0,0.8333333333333333,4.444444444444445,0.0,1.8749999999999998,0.41666666666666663,0.5555555555555556,0.0,0.0,0.23809523809523808,0.0,0.0,0.0,0.0,0.0,2.5277777777777777,0.0,0.0,9.027777777777777,2.0317460317460316,0.0,0.0,0.0,0.0,0.0,0.0,0.0,0.0,28.577827356013632,0.0,0.0,0.0,2.333333333333333,2.083333333333333,0.0,0.0,13.162037037037036,0.9444444444444444,0.0,0.0,0.0,0.0,0.0,0.0,0.0,14.722222222222221,0.0,0.0,0.0,0.0,0.0,0.0,8.312410285556066,0.0,0.0,1.1111111111111112,0.0,1.9305555555555556,43.363095238095234,0.20833333333333331,11.19047619047619,0.0,0.0,0.0,5.703703703703703,2.698412698412698,1.6666666666666667,2.2222222222222223,1.1111111111111112,0.0,0.0,0.0,4.1269841269841265,2.361111111111111,1.1111111111111112,6.170634920634921,0.0,0.0,0.41666666666666663,0.0,2.2222222222222223,0.0,0.0,1.875,0.0,0.0,6.75,0.0,1.923076923076923,0.37037037037037035,0.0,0.0,0.0,0.41666666666666663,0.0,1.1111111111111112,0.0,0.0,0.0,0.0,0.0,3.5317460317460316,2.5,0.0,0.0,0.0,0.6481481481481481,2.5925925925925926,0.0,0.0,0.0,0.0,0.0,0.8333333333333333,0.0,0.41666666666666663,0.0,0.0,3.3333333333333335,0.0,0.0,0.0,1.498456790123457,0.0,17.91269841269841,0.3333333333333333,0.0,0.0,13.148148148148147,0.0,0.0,1.9444444444444446,12.477633477633477,1.6666666666666665,14.027777777777777,0.0,2.996913580246914,0.0,3.9999999999999996,0.0,0.0,0.0,0.0,0.0,3.722222222222222,0.0,0.0,0.0,120.21230158730158,0.0,1.9444444444444442,0.0,1.1111111111111112,0.47619047619047616,0.0,0.6944444444444444,1.1111111111111112,0.6944444444444444,0.0,0.0,0.0,0.0,0.5555555555555556,0.0,0.0,1.6666666666666665,0.0,6.388888888888888,0.0,0.0,0.0,0.0,0.0
79.62301587301587,12.88095238095238,26.944444444444443,132.3095238095238,46.32142857142857,21.198412698412696,17.77777777777778,6.166666666666666,19.444444444444443,25.376984126984127,65.27513227513226,0.0,3.7301587301587302,12.396825396825397,10.944444444444443,11.605339105339105,0.37037037037037035,0.8333333333333333,4.742063492063492,10.61111111111111,3.3333333333333335,2.9166666666666665,12.222222222222221,8.84920634920635,10.555555555555555,5.666666666666666,1.507936507936508,0.5555555555555556,6.676587301587301,0.0,1.226190476190476,11.083333333333332,4.285714285714286,6.666666666666666,5.0,41.317460317460316,3.6111111111111107,15.666666666666666,4.5436507936507935,1.6666666666666665,0.9259259259259259,0.8333333333333333,0.0,0.0,0.0,0.0,5.555555555555555,0.0,0.0,1.25,14.476190476190476,1.6666666666666665,0.0,9.682539682539682,1.1111111111111112,6.916666666666666,0.8333333333333333,0.7936507936507937,0.0,0.0,0.0,0.0,0.0,0.0,1.1111111111111112,1.0822510822510822,0.0,2.5416666666666665,0.0,0.0,0.0,2.7777777777777777,2.0,1.0822510822510822,0.0,0.0,0.0,4.166666666666667,0.0,1.6666666666666667,0.0,0.0,1.0317460317460316,0.0,3.333333333333333,0.0,0.0,1.5,3.8333333333333335,0.0,0.0,0.0,5.555555555555555,0.0,0.0,0.0,1.0833333333333333,0.0,0.0,0.0,5.111111111111111,0.6666666666666666,0.0,0.41666666666666663,0.41666666666666663,0.0,0.0,2.083333333333333,0.0,0.0,0.0,0.0,0.6666666666666666,0.0,0.0,0.0,0.0,0.0,0.0,0.0,0.0,0.0,0.0,0.0,0.0,0.0,5.833333333333333,3.333333333333333,6.0,0.0,0.0,0.0,0.0,0.0,0.0,0.0,0.0,0.0,0.0,0.0,0.0,0.0,0.0,0.0,0.0,0.0,0.0,0.0,0.5555555555555556,0.0,0.0,0.0,0.0,0.47619047619047616,0.47619047619047616,0.0,0.0,0.0,0.8333333333333333,0.0,0.0,0.0,0.0,0.0,0.0,0.0,0.0,0.0,0.0,0.6666666666666666,0.0,0.0,0.0,0.0,0.0,0.0,0.0,0.0,0.0,0.0,0.0,0.0,0.0,0.0,0.0,0.5555555555555556,0.0,0.0,0.0,0.0,0.0,0.41666666666666663,0.0,0.0,0.0,0.0,0.0,0.0,0.0,0.0,0.0,0.0,0.0,0.0,0.0,0.0,0.0,0.0,0.0,0.0,1.6666666666666665,0.0,0.0,0.0,0.0,0.0,0.0,0.0,0.0,0.0,0.0,0.0,2.5,0.0,0.0,0.0,0.0,0.0,0.0,0.0,0.0,0.0,0.0,0.0,0.0,0.0,0.0,0.0,0.0,0.0,0.0,0.0,0.0,0.0,0.0,0.0,0.0,0.0,0.8333333333333333,0.0
499.59132733642537,210.22063372834785,71.03751803751804,96.6266835016835,65.9408552594827,171.60640485150287,25.918650793650794,278.32601589268256,70.27380952380952,33.482887302168585,36.919720620701014,143.3545842320352,13.15491452991453,54.26665464165464,52.5503848003848,6.685185185185185,24.97623055956389,48.58201058201058,33.09517624713703,126.40326004786789,42.551692000967364,79.52279966410401,192.30526662879603,53.62897070250011,178.77181152181151,30.092097717097715,2.474053724053724,15.972222222222221,47.9431060083234,0.0,35.534271284271284,26.14575702075702,120.72370530703864,5.259259259259259,74.93988019968413,1.1823361823361822,105.28896103896103,18.900152316818982,12.753850858082025,8.932098765432098,166.2386964886965,390.65083158253987,0.2564102564102564,81.37614237614237,5.01058201058201,42.39166897010034,24.14176989176989,30.7526455026455,11.78917378917379,433.68554302154604,0.8333333333333333,14.170660856935367,31.408489658489657,6.071869488536155,1.1111111111111112,5.509259259259259,10.362448009506833,50.931585431585425,0.0,0.15873015873015872,8.358585858585858,0.6984126984126984,0.537037037037037,26.25,3.333333333333333,3.198412698412698,0.0,7.158990700657367,10.421356421356421,28.289682539682538,6.148148148148148,25.40544332210999,1.611111111111111,1.5317460317460316,0.0,0.7407407407407407,2.920634920634921,7.708730158730158,0.6169590643274854,6.592592592592593,0.0,2.352971102971103,0.41666666666666663,0.0,0.0,1.7989417989417988,0.0,20.514670514670513,1.3333333333333333,69.8928807213121,6.872213842802078,109.31934423601089,0.1388888888888889,2.2222222222222223,0.2962962962962963,0.0,0.4444444444444445,0.0,0.8333333333333333,1.9696969696969695,33.66378066378066,48.46151996151996,64.7505365005365,0.8055555555555556,2.581168831168831,8.944566544566545,0.6934188054195664,0.47619047619047616,10.401282081293495,0.0,5.512820512820513,9.042041292041292,0.49382716049382713,0.30303030303030304,4.867170774033519,0.6934188054195664,0.0,0.6934188054195664,0.6934188054195664,6.934188054195664,0.6934188054195664,0.6934188054195664,0.1388888888888889,0.8393487413095256,0.17094017094017094,0.818070818070818,49.37221112221112,0.2777777777777778,0.0,7.393162393162393,0.6734006734006734,0.1388888888888889,0.0,0.0,0.9722222222222221,2.275132275132275,4.0,0.8333333333333334,0.0,5.158008658008658,22.089355089355088,1.1111111111111112,16.086419753086417,0.5555555555555556,3.333333333333333,0.0,1.369047619047619,0.37400145243282495,2.164141414141414,7.515022015022015,24.224146224146224,33.82275132275132,20.30174455174455,0.0,0.0,0.3333333333333333,10.93964368964369,0.0,1.3015873015873014,0.0,0.0,3.0555555555555554,0.0,3.472222222222222,117.4604377104377,0.0,27.281866281866282,0.0,1.1111111111111112,1.6666666666666665,0.0,2.1587301587301586,0.0,0.15873015873015872,0.0,0.0,0.41666666666666663,0.0,15.524691358024691,0.0,1.1111111111111112,2.330773801362037,1.1653869006810185,0.0,0.0,0.5555555555555556,1.6798941798941798,0.6666666666666666,0.875,0.0,15.692973692973691,0.0,0.0,0.0,0.0,1.5,0.21164021164021163,0.0,3.603677368383251,1.8349206349206348,0.0,0.0,0.0,0.47619047619047616,1.4206349206349207,0.0,0.0,0.3333333333333333,0.0,0.37037037037037035,2.5,3.333333333333333,3.75,3.6698412698412697,0.0,0.9523809523809523,1.5945165945165944,0.46296296296296297,2.831908831908832,0.0,0.0,0.0,6.666666666666666,0.0,0.0,0.0,0.15873015873015872,0.2962962962962963,0.0,0.0,0.0,0.2564102564102564,0.0,0.0,0.0,0.0,0.0,0.0,0.0,0.37037037037037035,0.0,0.0,0.8333333333333333,0.0,2.0405982905982905,1.6666666666666665,0.0,0.0,0.0,1.619047619047619
370.269795019795,124.19684944684944,93.78108465608466,116.57525345025344,30.217712842712842,44.84126984126984,31.388888888888886,47.81438771956013,21.333333333333332,9.722222222222221,18.761904761904763,45.79643553327764,5.0,47.710317460317455,29.60185185185185,41.29545454545455,20.58946608946609,53.1581289081289,4.462962962962963,71.0151307026307,34.916666666666664,30.304810929810927,14.107142857142856,9.125,17.324074074074073,24.757936507936506,3.333333333333333,8.222222222222221,8.75,1.3888888888888888,4.888888888888888,0.0,14.321428571428571,0.47619047619047616,8.821428571428571,1.6666666666666665,10.694444444444445,2.1666666666666665,3.7518037518037515,1.875,18.79599567099567,26.583453583453583,8.813492063492063,26.26984126984127,4.166666666666667,59.919379231879226,5.0,23.480158730158728,0.23809523809523808,8.333333333333334,8.333333333333332,12.678571428571427,0.9523809523809523,0.0,0.5555555555555556,0.0,5.333333333333334,3.333333333333333,1.0,3.333333333333333,13.149928774928775,0.0,6.027777777777778,0.18518518518518517,1.6666666666666667,9.214285714285714,0.1388888888888889,0.47619047619047616,0.0,6.25,5.0,2.5,2.333333333333333,3.214285714285714,1.6666666666666667,11.833333333333332,9.214285714285714,0.0,0.5555555555555556,3.333333333333333,0.0,0.0,0.0,0.0,0.0,3.333333333333333,0.0,0.0,0.0,8.61111111111111,0.3571428571428571,4.761904761904762,0.0,0.0,3.3333333333333335,0.18518518518518517,6.0,0.0,3.333333333333333,0.0,0.2777777777777778,0.0,1.6666666666666665,0.20833333333333331,0.0,3.29757343550447,0.043859649122807015,0.0,0.6578947368421052,2.004088504088504,0.0,7.166666666666666,0.0,5.583333333333333,2.5525030525030523,0.043859649122807015,3.333333333333333,0.043859649122807015,0.043859649122807015,0.43859649122807015,0.043859649122807015,0.043859649122807015,6.061507936507936,0.0,0.0,0.8333333333333333,2.6111111111111107,0.0,0.0,1.6666666666666665,12.777777777777777,0.0,0.0,0.0,8.440656565656566,36.55555555555555,12.569444444444445,2.6904761904761907,0.0,0.37037037037037035,4.027777777777778,0.0,6.666666666666666,0.0,5.0,0.0,0.3333333333333333,0.0,0.0,1.0,19.666666666666664,10.277777777777777,3.3333333333333335,0.0,0.0,0.41666666666666663,5.865319865319865,0.0,3.333333333333333,0.0,0.0,1.6666666666666665,0.0,5.277777777777778,2.8571428571428568,0.0,0.41666666666666663,5.5,0.0,0.0,0.3333333333333333,0.8333333333333333,1.1174242424242424,0.0,0.0,0.0,0.0,0.0,1.9696969696969697,0.0,0.41666666666666663,0.0,0.0,0.3333333333333333,1.3333333333333333,3.333333333333333,0.0,0.0,0.8333333333333333,1.6666666666666665,1.6666666666666665,0.0,2.5,0.0,5.0,0.0,3.333333333333333,0.0,1.6666666666666665,1.0932311621966795,0.0,25.21825396825397,3.333333333333333,0.0,0.0,0.0,0.0,0.0,1.6666666666666665,0.47619047619047616,0.0,0.0,1.6666666666666665,2.186462324393359,0.0,1.6666666666666665,0.0,0.0,0.0,0.0,0.0,1.0,0.0,5.93006993006993,0.0,5.416666666666666,0.0,0.0,0.0,0.0,0.8333333333333333,0.0,0.5555555555555556,0.5714285714285714,0.5555555555555556,0.0,0.0,0.0,0.0,0.3333333333333333,0.0,0.0,0.0,0.0,0.0,0.18518518518518517,0.0,3.333333333333333,0.0,0.20833333333333331
13.619047619047619,1.0317460317460316,6.666666666666666,0.0,0.0,0.0,0.0,3.333333333333333,0.47619047619047616,0.0,0.0,3.333333333333333,0.0,0.6666666666666666,0.0,2.8571428571428568,0.0,2.333333333333333,0.0,0.0,0.0,0.0,0.0,0.0,0.0,0.0,0.0,0.0,0.0,0.0,0.0,0.0,0.0,1.4285714285714284,0.0,0.0,0.0,0.0,0.0,0.0,0.0,0.0,3.333333333333333,0.0,0.0,0.0,0.0,1.9047619047619047,2.5396825396825395,0.0,0.0,0.0,1.4285714285714284,0.0,0.0,0.0,0.0,0.0,0.0,0.0,0.0,0.0,0.0,0.0,0.0,0.0,0.0,0.0,0.0,0.0,0.0,0.0,0.0,0.0,0.0,0.0,0.0,0.0,0.0,0.0,0.0,0.0,0.0,0.0,0.0,0.0,0.0,0.0,0.0,0.0,0.0,0.0,0.0,0.0,0.0,0.0,0.0,0.0,0.0,0.0,0.0,0.0,0.0,0.0,0.0,0.0,0.0,0.0,0.0,0.0,0.0,0.0,0.0,2.6666666666666665,0.0,0.0,0.0,0.0,0.0,0.0,0.0,0.0,0.0,0.23809523809523808,0.0,0.0,0.0,0.0,0.0,0.0,0.6666666666666666,0.0,0.0,0.0,0.0,0.0,0.0,0.0,0.0,0.0,0.0,0.0,0.0,0.0,0.0,0.0,0.0,0.0,0.0,0.0,0.0,0.0,0.0,0.0,0.0,0.0,0.0,0.0,0.0,0.0,0.0,0.0,0.0,0.0,0.0,0.0,0.0,0.0,0.0,0.0,2.6666666666666665,0.0,0.0,0.0,0.0,0.0,0.0,0.0,0.0,0.0,0.0,0.0,0.0,0.0,0.0,0.0,0.0,0.0,0.0,0.0,0.0,0.0,0.0,0.0,0.0,0.0,0.0,0.0,0.0,0.0,0.0,0.47619047619047616,0.0,0.0,0.0,0.0,0.0,0.0,0.0,0.0,0.0,0.0,0.0,0.0,0.0,0.0,0.0,0.0,0.0,0.0,0.0,0.0,0.0,0.0,0.0,0.0,0.0,0.0,0.0,0.0,0.0,0.0,0.0,0.0,0.0,0.0,0.0,0.0,0.0,0.0,0.0,0.0,0.0,0.0,0.0,0.0,0.0,0.0,0.0,0.0
250.16623313333838,133.4102269562796,93.49241158451684,127.58161818688134,80.50382901698691,56.894841269841265,11.222222222222221,51.27272727272727,20.550498721551353,13.511243386243386,65.3015873015873,35.400688431938434,22.25925925925926,52.35930735930736,23.694444444444443,43.267195767195766,77.84800384800384,95.8078339788866,37.24488936988937,10.121031746031745,32.06150793650794,9.347943722943723,17.652951824004454,13.547619047619047,30.895382395382395,13.406204906204906,5.0,9.599206349206348,9.414141414141413,3.6805555555555554,24.72685185185185,21.156204906204906,9.037037037037036,0.0,36.45941558441558,15.197089947089946,11.277777777777777,15.111832611832611,1.3888888888888888,14.408730158730158,3.7989417989417986,77.3507696007696,24.331349206349206,6.333333333333333,2.142857142857143,9.8015873015873,1.3888888888888888,5.436507936507937,6.044973544973545,0.0,3.6904761904761902,11.38888888888889,16.22763347763348,8.214285714285714,2.5,18.80621693121693,17.194444444444443,0.5555555555555556,4.666666666666666,2.7516708437761066,2.6111111111111107,0.0,57.889550264550266,0.0,0.0,13.610569985569985,5.194444444444445,12.023809523809524,0.0,1.6666666666666665,4.583333333333333,6.001443001443001,5.3809523809523805,13.610569985569985,0.7936507936507937,1.1666666666666665,12.25,0.8928571428571428,1.3838383838383839,32.06150793650794,0.0,3.9318181818181817,0.0,0.0,0.0,1.6666666666666665,0.0,0.46296296296296297,0.0,0.0,1.253968253968254,1.6666666666666665,3.1944444444444446,0.0,0.5555555555555556,6.6269841269841265,13.660714285714285,0.0,1.5,0.0,3.25,1.6666666666666665,0.0,0.0,0.0,8.352272727272727,0.280600486087831,0.0,2.244095010615711,1.1111111111111112,0.3333333333333333,5.873015873015873,0.0,13.101190476190476,6.773809523809524,0.10516188959660297,0.0,0.10516188959660297,0.10516188959660297,1.0516188959660298,0.10516188959660297,0.10516188959660297,4.071428571428571,0.0,0.2777777777777778,1.626984126984127,0.0,1.6666666666666667,3.333333333333333,0.0,7.180555555555555,0.2777777777777778,0.0,0.0,3.6111111111111107,11.018518518518519,0.41666666666666663,2.5925925925925926,0.8333333333333333,0.0,0.0,5.476190476190476,1.6666666666666665,0.0,1.9444444444444442,3.6805555555555554,0.0,0.47619047619047616,0.0,0.41666666666666663,5.369047619047619,0.0,1.25,0.0,0.0,2.7777777777777777,0.0,1.8055555555555556,0.0,0.0,0.3333333333333333,0.8333333333333334,0.0,3.3333333333333335,0.0,12.263888888888888,0.16666666666666666,2.5820707070707067,0.0,0.0,3.888888888888889,0.0,1.6666666666666665,0.0,0.0,3.333333333333333,0.6944444444444444,0.0,8.61111111111111,5.0,0.41666666666666663,0.0,0.0,0.0,0.0,0.0,0.0,0.0,0.0,0.41666666666666663,0.23809523809523808,0.0,4.444444444444445,0.0,0.11111111111111112,1.3589507207509217,2.8968253968253967,0.0,1.8650793650793651,1.6666666666666665,1.3636363636363638,31.373015873015873,0.0,0.0,0.0,0.0,0.07575757575757576,0.0,0.6547619047619047,0.8333333333333334,0.0,0.0,1.8749999999999998,3.333333333333333,0.6547619047619047,0.0,0.0,0.0,0.0,0.0,0.0,0.9259259259259258,0.0,2.5146198830409356,0.0,0.0,0.0,0.0,0.0,0.0,3.333333333333333,0.0,0.0,6.666666666666666,0.0,0.0,0.0,0.0,0.0,1.4444444444444444,0.0,0.0,0.5555555555555556,0.0,0.0,0.0,0.0,0.0,0.0,0.0
25.86243386243386,2.833333333333333,1.4814814814814814,1.3888888888888888,0.9047619047619047,0.18518518518518517,1.1111111111111112,3.3333333333333335,0.0,0.8333333333333333,0.0,1.6666666666666667,0.0,0.0,0.18518518518518517,0.0,0.0,0.0,0.0,0.0,0.0,0.3333333333333333,0.0,0.0,0.0,0.0,1.6666666666666665,1.6666666666666665,0.0,0.0,0.0,0.0,0.0,0.0,0.0,0.0,0.0,0.0,0.0,0.0,0.0,0.0,0.0,0.0,0.0,0.0,0.0,0.0,0.18518518518518517,0.0,0.0,0.0,0.0,0.0,0.0,0.0,0.0,0.0,0.0,0.0,0.0,0.0,6.666666666666667,0.0,0.0,0.0,1.6666666666666665,0.0,0.0,0.0,0.0,0.0,0.0,0.0,0.0,0.0,0.0,0.0,0.0,0.0,0.0,0.0,0.0,0.0,0.0,0.0,0.0,0.0,0.0,0.0,0.0,1.6666666666666665,0.0,0.0,0.0,0.0,0.0,0.5555555555555556,0.0,0.0,0.0,0.0,0.0,0.0,0.0,0.6666666666666666,0.0,0.0,0.0,0.0,0.0,0.0,0.0,0.2777777777777778,0.0,0.0,0.0,0.0,0.0,0.0,0.0,0.0,1.6666666666666665,0.0,0.0,0.0,0.0,0.0,0.0,0.0,0.37037037037037035,0.0,0.0,0.0,0.0,0.0,0.0,0.0,0.0,0.0,0.0,0.0,0.0,1.6666666666666667,0.0,0.0,0.0,0.0,0.0,0.0,0.0,0.0,0.0,0.0,0.0,0.0,0.0,0.0,0.0,0.0,0.0,0.0,0.0,0.0,0.0,0.0,0.0,0.0,0.0,0.0,0.0,0.2777777777777778,0.0,0.0,0.0,0.0,0.0,0.0,0.0,0.0,0.0,0.0,0.0,0.0,0.0,0.0,0.0,0.0,0.0,0.0,0.0,0.0,0.0,0.0,0.0,1.1904761904761905,0.0,0.0,0.0,0.3333333333333333,0.0,2.857142857142857,0.0,0.0,0.0,0.0,0.0,0.0,3.6111111111111107,0.0,0.0,0.0,0.0,0.6666666666666666,0.0,0.0,0.0,0.0,0.0,0.0,0.0,0.0,0.0,0.0,0.0,1.1111111111111112,0.0,0.8333333333333333,0.0,0.0,0.0,0.0,0.8333333333333333,0.0,0.8333333333333333,0.0,0.0,0.0,0.0,0.0,0.0,0.0,0.2777777777777778,0.0,0.0,0.0,0.0,0.0,0.0,0.0
53.87349224849225,15.606060606060606,4.917989417989418,37.98677248677249,25.285612535612536,8.18121693121693,4.8809523809523805,37.35648148148148,13.113526570048307,2.420634920634921,4.351190476190476,4.747474747474747,11.666666666666666,2.738095238095238,7.5071225071225065,6.999999999999999,6.602971102971102,5.7936507936507935,16.904761904761905,45.4017094017094,2.7857142857142856,12.698412698412698,0.0,7.222222222222221,3.333333333333333,8.756410256410255,0.8333333333333333,0.0,3.333333333333333,5.277777777777778,8.0,5.6084656084656075,3.8541666666666665,0.0,0.7222222222222222,0.0,0.0,0.0,1.9047619047619047,0.0,0.23809523809523808,40.80535205535205,0.2777777777777778,0.0,5.7142857142857135,0.8333333333333333,21.11111111111111,0.0,18.454545454545453,0.2564102564102564,0.0,0.0,0.0,8.333333333333334,0.0,3.518518518518518,0.0,0.0,0.0,5.7142857142857135,0.0,0.0,3.238095238095238,0.0,0.18518518518518517,3.1932367149758454,0.0,0.0,0.10416666666666666,6.666666666666667,0.0,4.444444444444445,0.0,3.1932367149758454,0.0,1.25,0.0,0.0,3.333333333333333,0.0,0.0,0.0,0.0,0.0,0.0,0.0,0.0,0.0,0.0,1.6666666666666665,0.0,0.0,0.3333333333333333,0.0,0.47619047619047616,0.0,0.0,0.0,0.0,0.41666666666666663,0.0,12.316951566951566,0.0,0.0,1.9907407407407407,0.0,0.0,0.0,0.0,0.0,0.5555555555555556,0.8333333333333333,0.0,0.47619047619047616,0.0,0.0,0.0,0.0,0.0,0.0,0.0,0.0,0.0,0.0,0.0,0.0,0.0,0.0,0.0,0.0,0.0,0.0,4.444444444444445,0.0,0.23809523809523808,0.0,1.1111111111111112,0.0,0.0,0.37037037037037035,0.0,0.2564102564102564,0.0,0.0,0.0,0.0,0.0,0.0,0.0,5.47008547008547,3.3333333333333335,0.41666666666666663,0.0,0.0,0.0,0.41666666666666663,0.0,0.0,0.0,0.0,0.0,3.333333333333333,0.0,0.0,0.0,0.0,0.0,0.0,0.0,0.0,0.0,0.0,0.0,0.0,0.0,0.0,0.0,0.0,2.095238095238095,0.0,0.0,0.0,0.0,0.0,0.0,0.0,0.0,0.41666666666666663,0.0,0.0,0.0,0.0,0.0,0.0,0.0,0.0,0.0,0.0,0.0,0.0,0.0,0.0,0.0,0.0,0.0,0.0,0.0,0.0,0.0,0.0,0.0,0.0,0.0,0.0,0.0,0.0,0.0,0.0,0.0,0.0,0.0,0.0,0.0,0.0,0.0,0.0,0.0,0.0,0.0,0.0,0.0,0.0,0.0,0.0,0.0,0.0,0.0,0.0,0.0,0.0,0.0,0.0,0.0,0.0,0.0,0.0,0.0,0.0,0.0,0.0
199.70241165360213,71.52251683501683,53.06541298207965,66.80877301710635,58.340067340067336,38.387788137788135,19.990079365079364,44.72064432481099,37.74743466410133,6.851190476190476,37.06161585328252,16.593300218300218,15.159181096681097,38.25542281792281,49.0546435046435,14.19510582010582,20.536186036186034,65.37691387096149,13.304649054649055,44.92996817996818,7.250966625966625,28.840286256952922,15.400132275132275,11.54771925605259,8.926739926739927,15.618125701459034,7.71204390847248,2.7686202686202686,10.72089947089947,5.833333333333333,2.0,10.67989417989418,3.212842712842713,2.4236874236874235,5.6686507936507935,0.06944444444444445,8.590107423440756,5.251723585056918,7.021164021164021,7.236402486402486,5.059523809523809,25.997642789309456,1.3888888888888888,0.0,13.159611992945326,1.6481481481481481,5.382716049382716,1.8535353535353536,10.87037037037037,19.014111814111814,1.6522366522366523,4.395061728395062,6.301573426573427,15.007535674202341,8.076275576275576,3.783068783068783,0.6666666666666667,1.6666666666666665,1.1428571428571428,2.625,1.1904761904761905,0.0,0.9730639730639731,5.634920634920634,0.0,0.494949494949495,0.08547008547008547,3.1388888888888884,4.5772005772005775,2.0,6.361111111111111,2.923076923076923,2.9166666666666665,0.494949494949495,0.12345679012345678,0.0,0.0,0.18518518518518517,0.5555555555555556,9.793981481481481,1.0925925925925926,1.2975912975912978,0.2698412698412698,0.0,4.166666666666666,17.26070226070226,0.22222222222222224,0.0,1.6666666666666665,4.458922558922558,1.9047619047619047,3.7499999999999996,1.4444444444444444,0.0,0.8888888888888888,0.2564102564102564,0.18518518518518517,1.6666666666666667,0.18518518518518517,0.9523809523809523,2.574074074074074,10.453703703703704,0.0,0.4365079365079365,0.1388888888888889,0.0,0.05648148148148148,0.0,0.8472222222222222,0.0,0.0,0.0,0.0,0.40740740740740744,2.6875161875161875,0.05648148148148148,3.588023088023088,0.05648148148148148,0.05648148148148148,0.5648148148148148,0.05648148148148148,0.05648148148148148,7.26961926961927,0.19444444444444445,0.0,0.2777777777777778,4.802350427350428,0.974426807760141,2.444444444444444,0.0,1.6666666666666665,0.5555555555555556,0.5277777777777778,0.0,15.766594516594516,1.1111111111111112,1.5277777777777777,1.25,0.7936507936507937,0.0,0.15384615384615385,3.333333333333333,6.888888888888888,0.05050505050505051,0.0,0.0,0.0,0.18518518518518517,0.37037037037037035,23.077411014911014,13.675925925925926,0.3968253968253968,0.6388888888888888,0.41666666666666663,0.0,0.8101851851851851,0.0,2.0833333333333335,1.0952380952380953,2.196969696969697,0.0,7.654320987654321,0.0,1.6666666666666667,0.0,1.5384615384615383,0.0,0.0,0.0,0.3950617283950617,0.07575757575757576,0.5833333333333334,0.0,0.16666666666666666,0.22222222222222224,0.4464285714285714,0.0,0.0,0.0,5.17094017094017,1.1111111111111112,0.0,0.0,0.0,0.0,0.20833333333333331,0.0,0.0,0.0,0.40909090909090906,0.7054673721340388,0.0,0.7222222222222222,1.2767094017094016,4.583333333333333,0.0,0.0,0.5555555555555556,0.12345679012345678,0.0,0.0,0.4144004144004144,0.455026455026455,0.3968253968253968,0.0,0.7407407407407407,0.0,0.37037037037037035,0.0,0.0,2.3953823953823954,0.0,0.0,0.0,0.1282051282051282,0.0,0.0,0.0,0.0,0.18518518518518517,0.0,0.0,1.1904761904761905,1.777777777777778,0.0,0.0,0.0,0.0,0.0,0.0,0.0,0.0,0.0,0.0,0.0,0.0,0.0,0.0,0.0,0.0,0.6666666666666667,0.0,0.0,0.0,0.9074074074074073,0.0,0.0,0.0,0.0,1.8055555555555554
256.55811009977674,74.62342287342287,166.64066951566952,100.26687201687201,37.42818238406473,29.735449735449734,25.56216931216931,29.67622655122655,17.96031746031746,13.67619825708061,19.079124579124578,11.199074074074074,57.17082590612002,22.84391534391534,15.126271876271876,25.304473304473305,37.18557422969187,79.24488936988936,11.333333333333332,33.309930809930805,19.013278388278387,18.039682539682538,8.277336860670193,15.11111111111111,23.073426573426573,14.212962962962962,2.757936507936508,17.747474747474747,12.962962962962962,0.0,10.567460317460316,9.731481481481481,1.0763888888888888,0.6666666666666666,0.7936507936507936,3.185185185185185,3.3333333333333335,0.0,6.726190476190476,4.3169793169793165,0.0,32.09795242883478,0.0,2.5595238095238093,12.043650793650793,5.132275132275132,0.47619047619047616,0.07575757575757576,0.0,3.194444444444444,3.4259259259259256,13.583333333333332,2.3436285936285937,15.158730158730158,0.30303030303030304,0.0,0.0,0.0,2.963585434173669,1.9444444444444446,4.166666666666666,0.0,0.0,0.0,0.0,1.8055555555555556,52.36471861471861,1.3333333333333333,0.10416666666666666,0.22222222222222224,2.142857142857143,0.0,0.0,1.8055555555555556,3.333333333333333,0.0,3.333333333333333,0.0,0.0,10.833333333333332,0.0,1.9444444444444444,0.0,0.0,0.0,5.476190476190475,0.0,0.0,0.0,0.0,0.15873015873015872,10.333333333333332,0.0,0.0,0.3333333333333333,1.1111111111111112,2.6452991452991452,0.0,1.3888888888888888,0.0,0.2777777777777778,0.2564102564102564,0.0,0.0,0.0,1.3333333333333333,0.16693899782135074,0.0,2.5040849673202614,0.0,0.6666666666666666,1.4814814814814814,0.0,0.22222222222222224,0.47619047619047616,0.16693899782135074,0.8333333333333334,0.16693899782135074,0.16693899782135074,1.6693899782135075,0.16693899782135074,0.16693899782135074,42.30555555555555,0.0,0.0,0.0,0.15873015873015872,0.0,1.5873015873015872,0.0,0.0,0.5555555555555556,0.0,0.0,15.87962962962963,2.9814814814814814,0.0,0.8333333333333334,0.0,0.0,0.6349206349206349,0.5,0.0,0.0,1.75,0.0,0.0,0.0,0.0,6.666666666666667,2.564102564102564,0.0,0.46031746031746035,0.0,0.0,0.0,0.0,4.166666666666667,0.0,0.0,0.0,1.746031746031746,0.0,0.6666666666666666,0.0,0.3333333333333333,0.0,0.0,0.0,0.0,2.138888888888889,0.0,3.333333333333333,0.0,0.0,0.0,0.0,0.0,0.0,0.0,1.1111111111111112,0.0,0.0,0.0,0.0,0.23809523809523808,0.0,0.0,1.1746031746031744,0.0,3.1818181818181817,0.0,0.2777777777777778,0.20833333333333334,3.1111111111111107,0.5555555555555556,0.0,0.0,0.0,0.6666666666666666,0.0,3.5064935064935066,0.8333333333333333,0.0,0.0,0.0,0.0,0.0,0.6666666666666666,0.0,5.217532467532467,3.333333333333333,0.0,1.3333333333333333,3.333333333333333,0.0,0.0,0.0,0.0,0.0,0.0,2.5,0.0,0.0,0.0,0.0,0.0,4.396825396825397,3.333333333333333,0.0,12.134920634920634,0.0,0.0,0.0,0.0,0.5555555555555556,0.0,0.0,0.0,0.0,0.0,0.0,0.0,0.9722222222222223,0.9074074074074073,0.20833333333333331,0.0,0.0,0.0,0.0
3.333333333333333,0.0,0.0,0.0,0.0,3.3333333333333335,0.0,3.3333333333333335,0.0,0.0,0.0,0.0,0.0,0.0,0.0,0.0,0.0,0.0,14.761904761904761,0.0,0.0,0.0,0.0,0.0,0.0,0.0,0.0,0.0,0.0,0.0,0.0,0.0,0.0,0.0,0.0,0.0,0.0,0.0,0.0,0.0,0.0,0.0,0.0,0.0,0.0,0.0,0.0,0.0,0.0,0.0,0.0,0.0,0.0,0.0,0.0,0.0,0.0,0.0,0.0,0.0,0.0,0.0,0.0,0.0,0.0,0.0,0.0,0.0,0.0,0.0,0.0,0.0,0.0,0.0,0.0,0.0,0.0,0.0,0.0,0.0,0.0,0.0,0.0,0.0,0.0,0.0,0.0,0.0,0.0,0.0,0.0,0.0,0.0,0.0,0.0,0.0,0.0,0.0,0.0,0.0,0.0,0.0,0.0,0.0,0.0,0.0,0.0,0.0,0.0,0.0,0.0,0.0,0.0,0.0,0.0,0.0,0.0,0.0,0.0,0.0,0.0,0.0,0.0,0.0,0.0,0.0,0.0,0.0,0.0,0.0,0.0,0.0,0.0,0.0,0.0,0.0,0.0,0.0,0.0,0.0,0.0,0.0,0.0,0.0,0.0,0.0,0.0,0.0,0.0,0.0,0.0,0.0,0.0,0.0,0.0,0.0,0.0,0.0,0.0,0.0,0.0,0.0,0.0,0.0,0.0,0.0,0.0,0.0,0.0,0.0,0.0,0.0,0.0,0.0,0.0,0.0,0.0,0.0,0.0,0.0,0.0,0.0,0.0,0.0,0.0,0.0,0.0,0.0,0.0,0.0,0.0,0.0,0.0,0.0,0.0,0.0,0.0,0.0,0.0,0.0,0.0,0.0,0.0,0.0,0.0,0.0,0.0,0.0,0.0,0.0,0.0,0.0,0.0,0.0,0.0,0.0,0.0,0.0,0.0,0.0,0.0,0.0,0.0,0.0,0.0,0.0,0.0,0.0,0.0,0.0,0.0,0.0,0.0,0.0,0.0,0.0,0.0,0.0,0.0,0.0,0.0,0.0,0.0,0.0,0.0,0.0,0.0,0.0,0.0,0.0
25.37037037037037,13.425925925925926,6.111111111111112,10.814814814814815,41.92592592592593,1.2962962962962963,6.666666666666667,5.37037037037037,0.8333333333333334,21.203703703703706,2.111111111111111,24.814814814814817,9.88888888888889,2.5925925925925926,4.62962962962963,1.1111111111111112,2.7777777777777777,3.8888888888888893,1.4814814814814814,0.37037037037037035,4.444444444444445,1.1111111111111112,2.2222222222222223,0.0,1.8518518518518519,2.2222222222222223,2.037037037037037,6.666666666666666,1.1111111111111112,3.7037037037037037,3.2222222222222223,0.5555555555555556,1.1111111111111112,0.0,0.4444444444444445,0.0,0.0,0.0,0.5555555555555556,2.2222222222222223,0.0,2.7777777777777777,0.0,2.2222222222222223,0.0,1.1111111111111112,0.0,0.0,0.0,3.3333333333333335,1.1111111111111112,0.0,5.9259259259259265,0.0,0.0,0.0,3.888888888888889,0.7407407407407407,0.0,0.37037037037037035,0.0,1.1111111111111112,0.0,0.0,0.18518518518518517,0.0,0.0,0.0,0.0,0.0,0.0,0.7407407407407407,0.0,0.0,1.4814814814814814,0.0,0.0,0.0,1.1111111111111112,0.5555555555555556,0.0,0.0,0.0,0.5555555555555556,0.0,0.0,0.0,0.0,0.0,2.074074074074074,0.0,0.0,0.0,0.0,0.0,0.0,0.0,0.0,0.0,0.0,0.0,0.0,0.5925925925925926,0.0,1.1111111111111112,0.0,0.0,0.37037037037037035,0.0,0.0,0.0,0.0,0.0,0.0,0.0,0.0,0.0,0.0,0.0,0.0,0.0,0.0,0.0,0.5555555555555556,0.0,0.0,0.0,0.0,0.0,0.9259259259259258,0.0,0.0,0.0,0.0,0.0,0.0,0.0,0.0,0.0,0.0,0.0,0.0,0.0,0.0,0.0,0.0,0.0,0.0,0.0,0.0,4.944444444444445,0.0,0.0,0.0,0.0,0.0,0.0,0.0,0.0,0.0,0.0,0.0,0.0,0.0,0.0,0.0,0.0,2.7777777777777777,0.0,0.0,0.0,0.0,0.0,0.0,0.0,0.0,0.0,0.0,0.0,0.0,0.0,0.0,0.0,0.0,0.0,0.0,0.0,0.0,0.0,0.0,0.0,0.0,0.0,0.0,0.0,1.1111111111111112,0.0,0.0,0.0,0.0,0.0,0.0,0.0,0.0,0.0,0.0,0.0,0.0,0.0,0.0,0.0,1.1111111111111112,0.0,0.0,0.0,0.0,0.0,0.0,0.0,0.0,0.0,0.0,0.0,0.0,0.0,0.0,0.0,0.0,0.0,0.0,0.0,0.0,0.0,0.0,0.0,0.0,0.0,1.6666666666666667,0.0,0.0,0.0,0.0,0.0,0.0,0.0,0.0,0.0,0.0,0.0,0.0
45.11111111111111,1.2794612794612794,4.476190476190476,0.0,0.0,5.0,2.2222222222222223,1.0317460317460316,1.5555555555555556,0.0,3.333333333333333,0.0,0.0,0.0,0.0,0.0,0.0,2.2222222222222223,0.0,0.0,4.424242424242424,0.0,0.0,0.0,11.666666666666668,1.3333333333333335,0.0,15.555555555555555,0.0,0.0,0.0,0.0,0.0,0.0,0.0,0.0,0.0,0.0,0.0,0.0,0.0,0.0,0.0,0.0,0.0,0.0,0.0,0.0,0.0,0.0,0.0,0.0,0.0,0.0,0.0,2.962962962962963,0.0,0.0,0.0,0.0,0.0,0.0,0.0,0.0,0.0,0.0,0.0,0.0,3.3333333333333335,0.0,0.22222222222222224,0.0,0.0,0.0,0.0,0.0,0.0,0.0,0.0,0.0,0.0,0.0,0.0,0.0,0.0,9.587301587301587,0.0,0.0,0.0,0.0,0.0,0.0,0.0,0.0,0.0,0.0,0.0,0.0,0.0,0.0,0.0,0.0,0.0,0.0,0.0,0.0,0.0,0.0,0.0,0.0,0.0,0.0,0.0,0.0,0.0,0.0,1.1111111111111112,0.0,0.0,0.0,0.0,0.0,0.0,0.0,0.0,0.0,0.0,0.0,0.0,0.0,0.0,0.0,0.0,0.0,0.0,0.0,0.0,0.0,0.0,0.0,0.0,0.0,0.0,0.0,0.0,0.0,0.0,0.0,0.0,0.0,0.0,0.0,0.0,0.0,0.0,0.0,0.0,0.0,0.0,2.380952380952381,0.0,2.8571428571428568,0.0,0.0,0.0,0.0,0.0,0.0,0.0,0.0,0.0,0.0,0.0,0.0,0.0,0.0,0.0,0.0,0.0,0.0,0.0,0.0,0.0,0.0,0.0,0.0,0.0,0.0,0.0,0.0,0.0,0.0,0.0,0.0,0.0,0.0,0.0,0.0,0.0,0.0,0.0,0.0,0.0,0.0,0.0,0.0,0.0,0.0,0.0,0.0,0.0,0.0,0.0,0.0,0.0,0.0,0.0,0.0,0.0,0.0,0.0,0.0,0.0,0.0,0.0,0.0,0.0,0.0,0.0,0.0,0.0,0.0,0.0,0.0,0.0,0.0,0.0,0.0,0.0,0.0,0.0,0.0,0.0,0.0,0.0,0.0,0.0,0.0,0.0,0.0
306.0992063492063,168.05555555555554,121.66666666666666,88.05555555555554,144.7222222222222,83.05555555555554,88.6111111111111,71.38888888888889,132.2222222222222,57.97619047619047,57.962962962962955,71.62698412698413,46.666666666666664,55.27777777777777,28.888888888888886,43.56481481481481,28.703703703703702,83.33333333333333,29.72222222222222,70.0,59.99999999999999,38.61111111111111,16.38888888888889,23.888888888888886,46.666666666666664,22.499999999999996,31.666666666666664,39.166666666666664,0.0,47.77777777777777,28.395502645502642,23.333333333333332,24.444444444444443,10.0,14.166666666666664,89.16666666666666,10.0,1.4009661835748792,15.833333333333332,4.166666666666666,14.265873015873016,8.333333333333332,1.6666666666666665,6.666666666666666,13.333333333333332,0.0,13.333333333333332,68.88888888888889,3.333333333333333,29.166666666666664,3.8888888888888884,12.499999999999998,28.333333333333332,1.6666666666666665,18.333333333333332,0.0,30.555555555555554,7.5,16.666666666666664,5.833333333333333,61.600529100529094,6.666666666666666,0.0,3.333333333333333,5.0,0.8333333333333334,5.0,8.333333333333332,1.6666666666666665,0.0,0.0,0.0,0.0,0.8333333333333334,134.3968253968254,0.0,0.0,10.0,0.0,0.0,3.333333333333333,6.666666666666666,9.166666666666666,3.0555555555555554,5.0,0.5555555555555556,7.777777777777777,5.833333333333333,5.0,5.0,3.333333333333333,0.2777777777777778,8.333333333333332,7.222222222222221,5.555555555555555,11.666666666666666,0.8333333333333333,3.333333333333333,6.666666666666666,5.0,17.74074074074074,1.6666666666666665,3.333333333333333,1.6666666666666665,1.6666666666666665,0.2898550724637681,0.0,3.333333333333333,0.0,7.499999999999999,1.6666666666666665,0.0,3.333333333333333,0.0,0.0,0.0,0.0,0.0,0.0,0.0,0.0,0.0,0.0,0.0,0.0,3.333333333333333,3.8888888888888884,0.0,0.0,3.333333333333333,0.0,0.0,0.0,8.333333333333332,0.0,0.0,0.0,0.0,0.0,1.6666666666666665,0.0,0.0,0.0,0.0,3.333333333333333,0.0,1.6666666666666665,7.222222222222221,0.0,0.0,0.0,2.2222222222222223,0.2777777777777778,0.0,0.0,0.0,0.0,0.0,1.6666666666666665,0.0,0.0,0.0,0.0,0.0,0.0,3.333333333333333,0.0,5.0,3.333333333333333,10.0,0.0,1.6666666666666665,0.0,1.6666666666666665,0.0,0.0,3.333333333333333,0.0,0.0,0.0,0.0,2.7777777777777777,1.3888888888888888,0.0,0.0,1.6666666666666665,1.6666666666666665,0.8333333333333333,0.0,0.0,0.0,3.333333333333333,0.0,0.0,0.0,0.0,0.0,0.0,0.0,0.0,4.27536231884058,0.0,0.0,0.0,0.0,0.0,0.14492753623188406,0.0,0.0,0.0,0.0,0.0,0.0,0.0,0.0,0.0,0.0,0.0,0.0,0.0,0.0,0.0,0.0,0.0,0.8333333333333333,0.0,0.0,0.0,0.0,0.0,0.0,6.666666666666666,3.0555555555555554,0.0,3.0555555555555554,0.0,0.0,0.0,0.0,0.0,0.0,5.0,0.0,3.333333333333333,0.0,0.0,0.0,0.0,1.6666666666666665,1.6666666666666665
585.7066779168229,114.75822942489609,145.43903318903318,87.40696649029982,97.92874124086785,57.2962962962963,51.125814000813996,91.21174535341201,103.52160493827161,31.845650524895806,38.175396226866816,18.17969067969068,30.585497835497833,11.383089133089133,35.06120731120731,44.92791005291005,23.308922558922557,156.97917514584182,57.8022159779116,12.581711091145053,48.4951705368372,17.90454144620811,18.359126984126984,14.226851851851851,7.158730158730158,37.48717948717949,1.6666666666666665,45.14285714285714,21.503968253968253,0.0,0.22222222222222224,7.104327770994438,5.398148148148148,13.018518518518517,11.395180436847104,1.8253968253968254,21.429232804232804,0.15873015873015872,5.891585266585266,7.413359788359788,4.533730158730159,0.75,23.175925925925927,0.5555555555555556,1.7083333333333335,64.1894646747588,4.858465608465608,11.9498556998557,9.937593270926603,1.9380395433027011,10.148809523809524,38.189574314574315,4.365079365079365,8.325396825396824,12.277777777777777,20.367317867317865,2.451058201058201,1.6666666666666665,4.4226579520697165,1.0185185185185186,7.230639730639731,1.9814814814814814,1.6666666666666665,2.888888888888889,0.0,3.1064814814814814,10.045414462081128,0.0,0.8333333333333334,1.6666666666666665,0.0,6.263888888888888,5.8730158730158735,3.1064814814814814,29.0,19.49399636899637,0.6095679012345678,0.2777777777777778,0.37037037037037035,5.021367521367521,0.41666666666666663,0.22619047619047616,4.611111111111112,1.6666666666666667,0.0,0.47619047619047616,0.0,0.16013071895424838,2.1494708994708995,0.0,3.220458553791887,3.7345679012345676,0.3333333333333333,0.0,2.343915343915344,11.904761904761905,2.7777777777777777,0.0,1.3174603174603174,0.0,0.0,1.6666666666666665,0.0,1.4209401709401708,0.2777777777777778,17.310926352230698,1.113369710852106,0.2777777777777778,17.256101218337143,0.37037037037037035,1.3485449735449735,3.127136752136752,0.5555555555555556,2.808823529411765,0.0,1.113369710852106,1.6666666666666665,1.113369710852106,1.113369710852106,11.133697108521059,1.113369710852106,1.113369710852106,13.193926068926068,0.0,0.0,0.7407407407407407,0.0,0.0,0.0,8.465359078104177,2.5555555555555554,0.5,0.0,1.25,29.410052910052908,16.212962962962962,0.23809523809523808,2.6785714285714284,0.0,1.2091503267973858,3.3333333333333335,0.7070707070707071,2.5925925925925926,1.6666666666666665,1.8749999999999998,1.3888888888888888,0.0,0.23809523809523808,0.0,0.0,0.0,0.5555555555555556,5.0,0.0,0.0,2.564814814814815,1.1111111111111112,4.555555555555555,0.3333333333333333,0.0,24.56998556998557,3.2777777777777777,0.18518518518518517,4.5,0.0,5.8657407407407405,0.0,1.7407407407407407,0.0,0.0,12.430555555555555,0.3333333333333333,10.927430775256862,0.0,0.0,0.0,0.0,0.0,3.444444444444444,0.1388888888888889,0.7160493827160493,1.0437710437710437,0.5218855218855218,0.0,0.0,0.0,0.0,0.0,1.3838612368024132,2.1527777777777777,0.0,1.6765873015873014,0.0,2.376984126984127,8.00220458553792,0.18518518518518517,15.208485958485959,0.18518518518518517,1.0317460317460316,0.15151515151515152,3.506728778467909,0.23809523809523808,0.0,0.0,0.0,0.0,0.1948182654704394,0.0,0.0,0.0,2.0555555555555554,0.0,0.40476190476190477,0.30303030303030304,0.0,1.6666666666666667,0.0,0.0,0.5555555555555556,0.0,0.0,42.53589466089466,0.0,10.559655358912224,1.5317460317460316,0.0,1.0317460317460316,0.0,33.4191743109148,0.0,0.6666666666666666,0.0,0.0,0.41666666666666663,0.0,0.0,0.0,0.0,0.0,0.23809523809523808,1.6666666666666665,0.0,0.20833333333333331,0.0,0.15873015873015872,0.0,1.6666666666666667,8.74537037037037,6.388888888888888,0.0
326.37641293891295,98.12566137566137,183.47718253968253,63.453306878306876,147.78754609587943,69.3207872374539,112.45392015392015,67.19995590828924,90.50029507529507,16.41574074074074,36.17893217893218,74.92931697931698,95.03094436427769,38.847011784511785,43.71532865282865,36.003787878787875,31.451499118165785,20.74404761904762,73.00661375661375,73.7824074074074,43.96230158730159,16.181277056277057,45.573341010841006,30.172198172198172,50.379629629629626,16.699074074074073,37.27389971139971,9.07473544973545,18.479497354497354,14.643939393939394,14.839285714285714,20.000060125060124,2.9166666666666665,22.67328042328042,16.921987734487736,5.801587301587301,14.956349206349206,3.4419191919191916,24.81547619047619,34.338624338624335,6.150573192239858,7.626322751322752,2.103174603174603,11.93287037037037,67.20701058201058,11.595238095238095,59.136243386243386,0.0,5.462962962962963,13.60563973063973,1.25,5.582070707070707,6.798611111111111,1.5138888888888888,3.206349206349206,2.8287037037037033,0.0,11.638888888888888,9.213083213083213,4.805555555555555,5.6838624338624335,3.9583333333333335,1.3333333333333333,2.819444444444444,2.113095238095238,0.0,0.0,3.697089947089947,1.25,1.3611111111111112,0.13333333333333333,3.6111111111111107,0.30092592592592593,0.0,0.0,0.0,0.5555555555555556,1.6666666666666665,1.8253968253968254,0.20833333333333331,0.8888888888888888,0.0,0.9444444444444444,0.0,13.124999999999998,0.0,14.993386243386244,0.0,0.4166666666666667,12.678571428571427,1.597222222222222,2.3710618085618087,0.0,3.981481481481481,23.906399156399157,0.0,0.3333333333333333,41.01653439153439,0.0,3.7152777777777777,0.0,1.0833333333333333,1.6666666666666665,0.0,0.0,0.12345679012345678,0.0,0.2777777777777778,0.0,1.5456950456950456,0.20833333333333331,0.7142857142857142,0.582010582010582,0.0,15.210470085470085,0.0,0.0,0.0,0.0,0.0,0.0,0.0,0.0,1.4285714285714284,4.404761904761905,6.165013227513227,1.0404040404040404,7.123015873015873,1.4384920634920635,0.0,0.0,0.0,15.023809523809522,1.875,0.0,0.0,0.0,0.0,0.9325396825396826,0.47619047619047616,0.5208333333333333,0.0,0.0,0.16666666666666666,0.0,0.6944444444444444,0.23809523809523808,0.15151515151515152,9.785714285714285,6.785714285714286,0.0,0.0,0.0,0.10416666666666666,0.0,0.0,0.3194444444444444,7.603341103341103,1.6666666666666665,0.0,0.23809523809523808,0.0,0.6481481481481481,0.0,0.16666666666666666,0.0,0.1388888888888889,0.0,4.226190476190476,20.395021645021643,0.0,0.0,0.0,0.0,1.4285714285714284,0.0,0.5357142857142857,0.0,0.0,0.0,0.0,0.23809523809523808,0.11904761904761904,0.0,0.0,3.088023088023088,0.0,0.4444444444444444,0.0,0.0,0.0,5.555555555555555,0.0,0.2777777777777778,0.0,0.0,4.166666666666666,0.0,0.0,0.0,1.1111111111111112,0.0,0.0,0.375,0.0,0.2619047619047619,0.06172839506172839,0.38888888888888884,0.0,0.0,0.0,0.0,0.0,0.0,0.0,0.0,0.5555555555555556,1.1805555555555556,0.0,0.0,0.0,0.0,0.0,0.0,0.0,0.0,0.0,0.0,0.23809523809523808,0.0,0.0,0.0,0.0,0.0,0.0,0.0,1.0416666666666665,0.0,0.0,0.0,0.0,0.0,0.0,0.0,0.0,0.0,0.0,0.0,0.0,0.0
28.999999999999996,3.333333333333333,5.138888888888889,1.1111111111111112,0.8333333333333333,0.0,3.333333333333333,9.328703703703702,0.0,1.1111111111111112,2.2222222222222223,7.901234567901234,8.36111111111111,0.0,0.0,9.333333333333332,9.722222222222221,0.6111111111111112,0.0,0.0,3.333333333333333,0.0,0.6666666666666666,0.0,0.0,0.0,9.722222222222221,0.0,1.1111111111111112,1.9444444444444442,1.1111111111111112,1.1111111111111112,0.0,1.6589506172839505,6.055555555555555,1.6666666666666665,3.3333333333333335,0.0,0.8333333333333333,0.0,12.222222222222221,0.0,0.0,0.0,2.5,0.0,3.6111111111111107,0.0,0.0,1.6666666666666667,0.0,0.0,0.0,0.0,0.0,0.0,0.0,0.0,0.0,0.0,0.0,0.0,0.0,0.0,0.0,0.0,0.0,0.0,0.0,0.0,0.0,0.0,0.0,0.0,0.0,0.0,0.0,0.0,0.0,0.0,0.0,0.0,0.0,0.0,0.0,0.0,0.0,0.0,0.0,0.0,0.0,0.0,0.0,0.0,0.0,0.0,0.0,0.0,0.0,0.0,0.0,0.0,0.0,0.0,0.0,0.0,0.0,0.0,0.0,0.0,0.0,0.6666666666666666,0.0,0.0,0.0,0.0,0.0,0.0,0.0,0.0,0.0,0.0,0.0,0.0,0.0,0.0,0.0,0.0,0.0,0.0,0.0,0.0,0.0,0.0,0.0,0.0,0.0,0.0,0.0,0.0,0.0,0.0,0.0,0.0,0.0,0.0,0.0,0.0,1.1111111111111112,0.0,0.0,0.0,0.0,0.0,0.0,0.0,0.0,0.0,0.0,0.0,0.0,0.0,0.0,0.0,0.0,0.0,0.0,0.0,0.0,0.0,0.0,0.0,0.0,0.0,0.0,0.0,0.0,0.4444444444444445,0.0,0.0,0.0,0.0,0.0,0.0,0.0,0.0,0.0,0.0,0.0,0.0,0.0,0.0,0.0,0.0,0.0,0.0,0.0,0.0,0.0,0.0,0.0,0.0,0.0,0.0,0.0,0.0,0.0,0.0,0.0,0.0,0.0,0.0,0.0,0.0,0.0,0.0,0.0,0.0,0.0,0.0,0.0,0.0,0.0,0.0,0.0,0.0,0.0,0.0,0.0,0.0,0.0,0.0,0.0,0.0,0.0,0.0,0.0,0.0,0.0,0.0,0.0,0.0,0.0,0.0,0.0,0.0,0.0,0.0,0.0,0.0
853.2507176465509,153.59170073753407,120.66704745871412,166.41194916194917,177.18782937532936,114.66681081264414,85.32373182373182,157.9874037999038,134.57410413660412,79.77943121693121,88.9228872978873,34.44359915683445,87.82058682058681,29.814900377400377,78.36535802160802,78.01571345321345,75.76839826839827,150.41206301868067,29.504329004329,70.47634155967489,137.95593449760116,45.94327431827432,23.21527777777778,77.28170517753851,50.28042328042328,26.81157731157731,15.116732804232804,15.492521367521366,154.26606032856031,4.642857142857142,19.490800865800864,28.651575276575276,50.96143671143671,29.2135989010989,28.853445165945164,1.0833333333333333,37.26627384960718,21.321824780158114,24.845117845117844,21.59722222222222,38.63822751322751,59.357038794538795,11.08531746031746,10.511724386724387,4.109066859066859,37.76917989417989,94.87006666173332,12.606481481481481,35.93287037037037,24.80489417989418,12.043650793650794,18.914462081128747,20.18384162134162,14.06835063085063,2.01521164021164,24.362193362193363,0.0,30.3015873015873,5.750272331154684,3.0009920634920637,1.790839947089947,2.7857142857142856,5.575396825396825,35.53733766233766,1.4011343594676928,2.364672364672365,13.132758445258444,0.47619047619047616,16.75925925925926,5.138888888888889,0.8465608465608465,5.168981481481481,6.898504273504273,2.364672364672365,0.41666666666666663,30.569102194102193,4.343975468975469,8.796296296296296,6.666666666666666,20.911706349206348,5.203703703703703,0.9374999999999999,2.744378306878307,0.0,0.6666666666666666,0.2777777777777778,0.0,3.8888888888888884,17.28637566137566,58.044973544973544,0.9259259259259259,6.011904761904761,1.1111111111111112,0.4444444444444444,14.095034595034596,0.10416666666666666,0.582010582010582,0.0,4.166666666666667,5.720268157768158,2.7777777777777777,3.4523809523809526,9.5,4.757936507936508,0.11904761904761904,6.891534391534391,0.308867588279353,0.30303030303030304,4.633013824190295,0.0,0.8333333333333333,0.0,0.42328042328042326,0.0,0.3935185185185185,0.308867588279353,0.9722222222222222,0.308867588279353,0.308867588279353,3.0886758827935297,0.308867588279353,0.308867588279353,5.6235546860546854,3.3333333333333335,0.06944444444444445,2.128306878306878,0.20833333333333334,1.5793650793650793,0.4348544973544973,0.7575757575757576,5.342592592592593,8.431818181818182,0.0,0.39682539682539686,5.304232804232804,2.1955128205128203,0.30092592592592593,0.8544973544973544,0.1752136752136752,0.8465608465608465,3.8636363636363638,0.16666666666666666,7.555555555555555,1.4583333333333333,2.7083333333333335,0.0,0.47619047619047616,0.8333333333333333,3.333333333333333,0.625,4.431277056277056,0.08333333333333333,5.657763532763532,0.0,1.2037037037037037,0.6481481481481481,0.1388888888888889,0.5092592592592592,0.3333333333333333,0.0,2.978535353535354,0.0,2.9166666666666665,3.0787037037037037,40.09259259259259,15.301615051615052,0.0,4.166666666666666,0.0,3.6111111111111107,2.8971861471861473,3.825396825396825,6.044312169312169,0.0,0.41666666666666663,2.2222222222222223,0.75,0.0,1.7146464646464645,0.10416666666666666,0.18518518518518517,2.518518518518518,1.259259259259259,0.0,0.0,0.09259259259259259,0.0,0.0,0.22222222222222224,0.13528138528138528,2.115079365079365,0.2777777777777778,0.0,0.6593406593406593,0.5555555555555556,0.0,2.4255952380952377,1.25,1.3558201058201058,0.5092592592592593,0.0,0.0,0.0,0.15873015873015872,4.305555555555555,1.8518518518518516,0.0,0.5555555555555556,1.582595645095645,0.8888888888888888,0.0,0.17592592592592593,4.375,1.0185185185185186,0.0,2.028769841269841,3.333333333333333,3.9206349206349205,0.0641025641025641,1.3333333333333333,0.0,0.6794871794871794,0.5555555555555556,5.787037037037037,0.0,1.6666666666666667,0.0,0.37037037037037035,8.4265873015873,0.09259259259259259,6.277777777777778,0.0,0.10416666666666666,0.18518518518518517,0.10416666666666666,2.619047619047619,0.20833333333333331,0.0,1.509259259259259,0.0,0.7692307692307692,0.0,0.8333333333333333,2.9206349206349205,0.8134920634920635,3.611111111111111,0.41666666666666663,0.0,0.5555555555555556,0.0
235.8255270557902,38.86916786916787,17.918490460157127,26.356735856735856,59.48244810744811,18.88888888888889,17.09433305485937,21.251262626262626,15.193436193436193,26.295634920634917,9.571428571428571,15.342490842490843,12.259259259259258,3.449074074074074,15.156385281385282,18.76190476190476,21.8531746031746,63.039622414622414,5.613215488215488,8.115079365079366,7.530572010835169,7.685185185185185,10.892857142857142,5.143745143745143,11.388888888888888,12.36111111111111,4.541666666666666,11.64102564102564,0.6666666666666666,0.8333333333333333,0.888888888888889,6.717592592592593,6.56084656084656,1.6666666666666665,9.516233766233766,0.0,7.031305114638448,1.1463844797178129,6.542087542087542,0.0,6.597222222222221,0.9722222222222222,4.345238095238095,0.4464285714285714,0.0,3.333333333333333,2.7777777777777777,6.944444444444444,6.856481481481481,1.3392857142857142,3.9529914529914527,3.7037037037037033,7.201058201058201,2.5277777777777777,0.75,0.07936507936507936,0.22222222222222224,0.0,0.625,0.753968253968254,0.26455026455026454,0.20833333333333331,1.1904761904761905,9.863095238095237,0.20833333333333331,1.6666666666666665,2.1965811965811968,0.0,0.0,0.9722222222222222,0.0,1.8749999999999998,0.0,1.6666666666666665,3.3760683760683756,10.687169312169312,0.1388888888888889,1.6666666666666665,1.5384615384615383,0.0,0.0,0.5555555555555556,0.6865079365079365,0.0,0.0,0.2777777777777778,0.0,0.0,0.375,0.0,0.5555555555555556,0.0,1.1111111111111112,0.2777777777777778,0.0,0.0,1.0633903133903133,0.0,0.18518518518518517,0.20833333333333331,0.0,0.0,0.16666666666666666,0.0,0.0,0.0,0.08659469185784975,0.0,1.2989203778677463,1.4814814814814814,0.0,0.0,0.0,0.0,0.18518518518518517,0.08659469185784975,0.0,0.08659469185784975,0.08659469185784975,0.8659469185784975,0.08659469185784975,0.08659469185784975,18.094276094276093,0.0,0.0,0.0,0.0,0.07936507936507936,0.0,1.2205387205387206,0.9188034188034188,0.0,0.0,0.2777777777777778,53.77777777777778,3.5416666666666665,0.0,0.6349206349206349,0.0,0.0,0.0,0.0,0.0,0.0,0.0,0.0,0.0,1.0101010101010102,0.0,0.0,1.1673881673881674,0.0,0.7142857142857142,0.0,0.0,1.726190476190476,0.0,0.0,0.6666666666666666,0.0,8.0,0.0,0.0,4.444444444444445,0.0,4.352693602693603,0.0,0.0,0.0,0.0,3.7037037037037033,0.1388888888888889,0.9722222222222223,0.0,0.0,0.8333333333333333,0.0,0.0,0.0,0.0,0.0,0.0,0.0,0.0,0.0,0.0,0.0,0.0,0.0,0.0,0.0,0.0,0.0,0.0,0.5555555555555556,0.0,0.2777777777777778,0.41666666666666663,0.0,0.0,0.0,0.0,2.8571428571428568,0.15873015873015872,0.0,0.18518518518518517,0.0,0.0,0.47619047619047616,0.0,0.21704903283850652,0.0,0.0,0.0,0.0,0.0,0.0,0.0,0.0,0.0,0.0,0.0,0.0,1.6666666666666665,0.0,0.0,0.0,0.0,0.2777777777777778,0.0,3.75,0.0,0.0,0.18518518518518517,0.0,2.4074074074074074,0.20833333333333331,0.0,0.0,0.0,0.042735042735042736,0.0,0.0,0.0,0.0,0.0,0.0,0.0,0.0,0.0
653.2511343594676,275.3361992945326,313.8464886964887,371.15726403226404,285.37329892329893,348.90638528138527,244.0540108040108,395.22068903318905,238.19699775533107,39.24487179487179,376.71206816059754,25.029120879120878,166.86550024050024,114.8621693121693,127.64535834535835,107.30480599647265,148.6458633958634,35.91111111111111,92.65685425685426,176.75161782661783,182.71319606319605,228.38504088504087,40.28959694989106,167.06331829027906,120.43816738816739,83.3054834054834,24.224867724867725,14.509920634920634,415.50692900055645,11.222222222222221,19.772222222222222,54.28207671957672,143.1643618726952,55.19378306878307,77.79748677248676,12.286111111111111,93.4512305595639,13.990079365079366,36.44285714285714,80.89973544973545,283.4769841269841,47.06651971217188,20.224206349206348,38.37967372134039,46.40698653198653,68.43139329805996,321.580948372615,4.365079365079365,39.59060846560846,132.92290040876998,6.5505698005698,6.438051146384479,16.44016354016354,33.54016354016354,10.583333333333332,55.12050264550265,2.333333333333333,57.42076719576719,0.0,49.04537037037037,6.055555555555555,3.0,78.52288359788359,67.39016754850088,21.681293089626422,0.2777777777777778,8.625396825396825,346.57521645021643,58.068734968734965,11.189213564213564,55.00714285714285,61.48150871459695,40.74969135802469,0.0,0.0,9.11111111111111,0.0,78.94801587301586,5.553968253968254,41.38920955587622,3.972222222222222,18.224206349206348,11.561243386243387,0.0,1.0777777777777777,3.380952380952381,0.16666666666666666,10.214814814814815,130.4903439153439,74.39831048581048,12.732142857142858,33.08888888888889,1.9537037037037037,14.166666666666666,45.5271164021164,0.0,3.533333333333333,0.0,0.42592592592592593,7.696164021164021,34.588227513227515,30.179497354497354,47.0510582010582,38.396945646945646,6.067460317460317,2.208994708994709,0.12996031746031747,1.303205128205128,1.949404761904762,3.6342592592592595,1.5,1.4444444444444444,3.7076719576719577,0.0,1.5705128205128205,0.12996031746031747,16.88888888888889,0.12996031746031747,0.12996031746031747,1.2996031746031746,0.12996031746031747,0.12996031746031747,0.0,5.972943722943723,3.7634038800705465,14.872222222222222,28.889898989898988,24.883597883597883,10.730687830687831,9.034725605217933,4.316666666666666,22.18584656084656,0.3333333333333333,0.6174603174603175,0.0,0.0,2.4370370370370367,0.0,2.6888888888888887,4.8994708994708995,15.083333333333332,0.0,24.387345679012345,0.9047619047619047,1.1111111111111112,0.0,9.499338624338623,11.083333333333332,3.177248677248677,10.578703703703702,8.49969474969475,5.046825396825397,0.0,0.22222222222222224,14.458333333333332,0.0,10.694444444444445,0.3472222222222222,25.57070707070707,8.083333333333332,0.5277777777777778,0.16666666666666666,3.4104938271604937,0.0,117.66728395061727,1.9999999999999998,1.0416666666666665,1.0555555555555556,6.291005291005291,1.9444444444444444,0.0,7.496969696969697,0.0,2.162337662337662,1.6666666666666665,4.888888888888888,0.37037037037037035,0.0,0.5555555555555556,0.0,1.0833333333333333,0.5555555555555556,0.2777777777777778,0.0,0.0,2.166666666666667,0.992063492063492,0.8333333333333334,6.666666666666666,0.0,0.8333333333333333,1.7916666666666665,0.07246376811594203,13.898412698412697,0.22222222222222224,0.7222222222222222,0.0,0.20833333333333331,0.12345679012345678,1.1111111111111112,2.380952380952381,0.0,3.148148148148148,12.314153439153438,1.1111111111111112,0.0,0.13227513227513227,5.632716049382715,0.0,0.0,0.6666666666666666,0.0,14.485449735449734,0.0,0.0,0.0,2.1157407407407405,0.8333333333333333,10.258882055237553,3.25,0.0,0.0,0.3333333333333333,0.3864734299516908,0.0,1.8888888888888888,0.0,4.583333333333333,0.0,0.0,0.0,18.763227513227513,0.0,0.5555555555555556,0.0,0.8333333333333333,0.16666666666666666,1.4629629629629628,0.5277777777777778,0.0,0.0,0.0,1.1111111111111112,0.0,0.0,0.5555555555555556,5.555555555555555,0.0,5.87037037037037,0.23809523809523808
1.3888888888888888,1.9444444444444444,1.6666666666666665,0.0,0.0,0.0,0.0,0.0,0.0,0.0,0.0,0.0,0.0,0.0,0.0,0.0,0.0,0.0,0.0,0.0,0.0,0.0,0.0,0.0,0.0,0.0,1.6666666666666665,0.0,0.0,0.0,0.0,0.0,0.0,0.0,0.0,0.0,0.0,0.0,0.0,0.0,0.0,0.0,0.0,0.0,0.0,0.0,0.0,0.0,0.0,0.0,0.0,0.0,0.0,0.0,0.0,0.0,0.0,0.0,0.0,0.0,0.0,0.0,0.0,0.0,0.0,0.0,0.0,0.0,0.0,0.0,0.0,0.0,0.0,0.0,0.0,0.0,0.0,0.0,0.0,0.0,0.0,0.0,0.0,0.0,0.0,0.0,0.0,0.0,0.0,0.0,0.0,0.0,0.0,0.0,0.0,0.0,0.0,0.0,0.0,0.0,0.0,0.0,0.0,0.0,0.0,0.0,0.0,0.0,0.0,0.0,0.0,0.0,0.0,0.0,0.0,0.0,0.0,0.0,0.0,0.0,0.0,0.0,0.0,0.0,0.0,0.0,0.0,0.0,0.0,0.0,0.0,0.0,0.0,0.0,0.0,0.0,0.0,0.0,0.0,0.0,0.0,0.0,0.0,0.0,0.0,0.0,0.0,0.0,0.0,0.0,0.0,0.0,0.0,0.0,0.0,0.0,0.0,0.0,0.0,0.0,0.0,0.0,0.0,0.0,0.0,0.0,0.0,0.0,0.0,0.0,0.0,0.0,0.0,0.0,0.0,0.0,0.0,0.0,0.0,0.0,0.0,0.0,0.0,0.0,0.0,0.0,0.0,0.0,0.0,0.0,0.0,0.0,0.0,0.0,0.0,0.0,0.0,0.0,0.0,0.0,0.0,0.0,0.0,0.0,0.0,0.0,0.0,0.0,0.0,0.0,0.0,0.0,0.0,0.0,0.0,0.0,0.0,0.0,0.0,0.0,0.0,0.0,0.0,0.0,0.0,0.0,0.0,0.0,0.0,0.0,0.0,0.0,0.0,0.0,0.0,0.0,0.0,0.0,0.0,0.0,0.0,0.0,0.0,0.0,0.0,0.0,0.0,0.0,0.0,0.0
106.43518518518518,52.08333333333333,47.49999999999999,44.898148148148145,115.41666666666666,58.7363834422658,76.80555555555556,27.407407407407405,19.62962962962963,39.81481481481481,32.23379629629629,28.84259259259259,9.166666666666666,25.09259259259259,14.537037037037036,0.8333333333333333,8.425925925925926,9.722222222222221,5.555555555555555,5.555555555555555,10.972222222222221,17.59259259259259,6.388888888888888,30.416666666666664,4.537037037037037,8.518518518518519,24.166666666666664,2.083333333333333,6.666666666666666,12.222222222222221,2.4074074074074074,0.0,10.222222222222221,0.0,1.9444444444444444,9.027777777777777,3.333333333333333,5.0,1.6666666666666665,4.814814814814815,0.8333333333333333,3.333333333333333,1.6666666666666665,0.0,1.6666666666666665,0.0,0.0,10.37037037037037,1.1111111111111112,10.74074074074074,5.0,1.3888888888888888,0.0,0.8333333333333333,1.1111111111111112,0.0,10.185185185185185,0.37037037037037035,10.732026143790849,0.0,0.0,0.0,1.1111111111111112,0.0,0.8333333333333333,1.4814814814814816,4.722222222222221,3.333333333333333,1.0,3.3333333333333335,0.0,0.0,0.0,0.37037037037037035,41.11111111111111,3.194444444444444,8.518518518518519,0.0,0.0,0.0,0.0,1.8518518518518519,0.0,0.0,0.0,0.5555555555555556,0.0,0.0,0.0,0.0,0.5555555555555556,1.6666666666666665,0.0,12.222222222222221,0.0,0.0,0.0,0.8333333333333333,0.0,0.0,0.0,0.0,0.5555555555555556,0.5555555555555556,0.0,0.8333333333333334,0.13684640522875816,0.0,2.0526960784313726,0.7407407407407407,0.0,0.9259259259259259,0.0,0.0,0.0,0.13684640522875816,0.0,0.13684640522875816,0.13684640522875816,1.3684640522875817,0.13684640522875816,0.13684640522875816,0.0,3.333333333333333,0.0,1.6666666666666665,0.0,0.0,0.0,4.814814814814815,0.0,0.0,0.0,0.0,0.0,0.0,0.0,0.0,1.6666666666666665,0.0,0.0,0.2777777777777778,0.0,0.0,0.0,1.1111111111111112,0.0,0.0,0.0,0.0,1.1111111111111112,1.1111111111111112,0.0,0.0,3.333333333333333,0.0,0.0,1.1111111111111112,0.0,0.0,0.0,2.5,0.0,0.0,0.0,0.0,0.0,0.0,0.0,1.6666666666666665,0.0,0.0,0.7407407407407407,0.0,0.0,0.0,0.0,0.0,3.3333333333333335,0.0,0.0,0.0,0.0,0.0,0.0,0.0,0.41666666666666663,0.0,1.1111111111111112,0.0,0.0,0.0,0.0,0.0,0.0,0.0,0.0,0.0,0.5555555555555556,0.0,0.0,0.0,0.0,0.0,0.0,0.0,0.0,0.0,1.1111111111111112,0.0,0.0,2.2222222222222223,0.0,0.0,0.0,0.0,0.0,0.0,3.1481481481481484,0.0,0.0,0.0,0.0,0.0,0.0,0.37037037037037035,0.37037037037037035,0.0,0.0,3.333333333333333,0.0,0.0,0.0,0.0,0.0,0.41666666666666663,0.0,0.0,0.0,0.0,0.0,2.25,0.37037037037037035,0.5555555555555556,0.0,0.0,0.0,0.0,0.0,0.0
161.66887125220458,79.06878306878306,31.68841189674523,30.29210758377425,33.08730158730159,37.442239858906525,7.222222222222222,84.15696649029982,34.422131718184346,6.972222222222222,24.757936507936506,12.829365079365079,18.787037037037035,7.9373897707231045,25.46384479717813,15.302910052910054,14.873015873015873,3.7870370370370368,0.32407407407407407,66.66892058558724,16.48148148148148,22.333333333333332,5.0,6.064814814814815,12.509018759018758,5.212962962962963,12.532407407407407,2.1296296296296298,71.18783068783068,7.62962962962963,4.027777777777778,0.8333333333333333,7.111111111111111,43.435626102292765,0.7407407407407407,4.092592592592593,23.61111111111111,7.244708994708995,3.4444444444444446,2.648148148148148,1.2268518518518519,3.5,4.555555555555555,13.756613756613756,4.388888888888888,9.290140415140415,3.0092592592592595,0.2777777777777778,6.4907407407407405,10.101851851851851,0.2777777777777778,3.518518518518518,0.0,1.7795414462081127,14.125,9.115079365079364,1.8055555555555556,0.4444444444444445,1.25,2.8703703703703702,4.777777777777778,0.5,9.133597883597883,4.8694885361552025,20.072751322751323,5.124401913875598,5.277777777777778,0.8333333333333334,10.046296296296296,7.805555555555555,3.9444444444444446,0.0,0.0,5.124401913875598,0.0,0.0,0.2976190476190476,0.8994708994708994,6.0,1.037037037037037,1.6666666666666667,0.0,0.8333333333333333,1.3425925925925926,3.740740740740741,9.38095238095238,2.111111111111111,0.1388888888888889,1.1111111111111112,1.5,0.0,0.0,0.18518518518518517,4.708333333333334,0.0,0.0,0.47619047619047616,15.666666666666666,0.8333333333333333,0.22222222222222224,0.0,0.0,0.3333333333333333,13.333333333333334,0.43209876543209874,0.0,0.0,1.6666666666666665,0.0,0.0,0.8509700176366843,2.111111111111111,3.7499999999999996,0.0,0.0,0.0,10.407407407407407,0.0,0.0,0.0,0.0,0.0,0.42328042328042326,0.37037037037037035,0.15873015873015872,0.37037037037037035,0.15873015873015872,3.333333333333333,3.8055555555555554,2.314814814814815,0.0,2.2685185185185186,2.0370370370370368,0.12345679012345678,0.0,0.31746031746031744,2.936868686868687,0.15873015873015872,2.388888888888889,1.3888888888888888,0.0,0.0,6.666666666666666,0.5555555555555556,1.5740740740740742,0.0,0.18518518518518517,0.0,0.7407407407407407,0.0,0.0,1.4444444444444444,0.37037037037037035,0.11111111111111112,0.3333333333333333,0.0,9.592185592185592,0.0,0.0,0.0,0.0,0.0,1.7777777777777777,0.0,0.0,0.5555555555555556,0.47619047619047616,0.0,1.0582010582010581,0.12345679012345678,0.0,6.0,0.0,0.37037037037037035,0.0,1.6666666666666665,0.5925925925925926,0.18518518518518517,0.0,0.0,0.0,0.0,0.0,0.0,0.0,0.0,0.0,0.5555555555555556,0.0,0.22222222222222224,0.0,0.37037037037037035,0.0,0.0,0.0,0.1728395061728395,0.0,0.8333333333333334,0.0,0.0,0.0,0.0,0.0,1.0449735449735449,0.0,0.0,0.0,0.0,0.0,0.0,0.0,0.0,0.0,0.0,0.0,0.0,0.5092592592592593,0.0,4.246913580246914,0.0,0.0,0.0,1.5,0.0,0.0,0.0,0.0,0.0,0.0,0.0,0.0,0.7916666666666666,0.0,0.0,0.0,0.0,0.0,0.0,0.0,0.0,0.0,0.0,0.0,0.0,0.0,0.0,0.47619047619047616,0.0,0.0,0.0
77.03747860255213,6.096230158730158,12.900013616557734,40.18055555555555,112.42080026455027,20.79100529100529,17.234126984126984,3.5891053391053394,19.53472222222222,11.450396825396826,13.078373015873016,6.041666666666666,20.19177948957361,9.833333333333334,4.777777777777778,6.297679172679173,10.927146927146927,12.563131313131313,3.4090909090909087,2.6064814814814814,4.1005291005291005,3.7777777777777777,0.0,2.752645502645503,2.3917748917748916,2.517195767195767,3.1041666666666665,1.7708333333333333,1.0185185185185186,6.981481481481481,0.9722222222222223,3.183261183261183,1.1111111111111112,9.998797498797499,0.5833333333333334,0.9999999999999999,0.8333333333333333,5.622053872053872,1.0243055555555556,3.2116402116402116,0.10416666666666666,0.37037037037037035,0.0,19.333104395604394,2.119047619047619,5.875,0.292063492063492,0.9682539682539681,1.1944444444444444,5.0,0.0,0.8333333333333333,5.0,0.5555555555555556,23.11111111111111,2.552083333333333,0.0,0.2777777777777778,3.4242424242424243,0.0,0.0,1.5912698412698412,0.10416666666666666,0.0,0.0,0.6026785714285714,0.0,0.8333333333333334,0.0,0.0,0.20833333333333331,0.0,0.0,0.6026785714285714,0.39215686274509803,0.2777777777777778,0.0,0.5357142857142857,1.1904761904761905,0.0,2.0347222222222223,0.37037037037037035,0.0,1.25,3.0277777777777777,0.0,0.6944444444444444,0.0,0.0,2.361111111111111,0.0,1.25,0.10416666666666666,1.2222222222222223,0.0,0.0,0.0,6.178932178932179,0.0,0.0,0.0,0.0,0.0,0.0,0.0,0.0,0.0,1.6666666666666665,0.0,0.0,0.787037037037037,4.559523809523809,0.0,0.0,0.8333333333333333,0.0,0.0,0.0,0.0,0.0,0.0,0.0,0.0,0.0,0.11904761904761904,0.0,0.8333333333333333,0.0,0.0,0.0,0.8333333333333333,0.2777777777777778,2.4677579365079363,0.0,0.0,0.41666666666666663,0.0,0.0,0.0,0.0,0.0,0.0,1.6666666666666665,0.10416666666666666,0.0,0.0,0.0,0.41666666666666663,0.6388888888888888,0.0,0.0,0.0,0.0,0.0,0.0,0.0,0.0,0.0,0.0,1.6666666666666665,0.8333333333333333,0.0,0.0,0.0,0.0,0.0,0.0,0.0,0.2777777777777778,0.16666666666666666,0.0,0.0,0.0,0.0,0.0,0.0,0.1388888888888889,1.4583333333333333,0.0,0.0,0.0,0.0,0.0,0.0,0.0,0.0,0.0,0.0,0.0,0.0,0.20833333333333331,0.0,0.0,0.0,0.0,0.0,0.0,0.0,0.0,0.0,0.0,0.5555555555555556,0.0,0.0,0.0,0.47619047619047616,0.0,0.0,0.0,0.0,0.0,0.0,0.0,0.0,0.0,0.0,0.0,0.0,0.0,0.0,0.0,0.0,0.0,0.0,0.0,0.0,0.0,0.0,0.0,0.0,0.0,0.0,0.0,0.0,0.0,0.0,0.0,0.0,0.0,0.0,0.0,0.0,0.0,0.0,0.0,0.0,0.0,0.0,0.0,0.23809523809523808
37.72222222222222,22.916666666666664,27.38888888888889,19.233164983164983,11.962962962962962,14.946608946608947,2.2222222222222223,19.08730158730159,22.85185185185185,3.333333333333333,5.5324074074074066,8.333333333333332,12.777777777777777,12.5,5.5,16.25,0.0,3.452380952380952,0.0,7.666666666666666,4.416666666666666,3.4814814814814814,0.8333333333333333,15.194444444444443,8.0,2.2222222222222223,2.2222222222222223,1.8686868686868687,1.2777777777777777,6.666666666666666,1.6666666666666665,0.0,0.0,20.588985088985087,0.8333333333333333,2.2222222222222223,1.3215488215488216,16.86111111111111,7.611111111111111,1.9047619047619047,0.5787037037037037,2.5925925925925926,0.0,2.5,2.833333333333333,0.0,3.25,0.888888888888889,0.0,0.0,1.1111111111111112,4.444444444444445,0.0,0.5555555555555556,4.75,1.6666666666666667,0.0,0.8333333333333333,0.9523809523809523,0.6666666666666666,0.0,0.0,0.0,2.75,0.0,0.0,2.2222222222222223,0.0,1.3333333333333333,0.0,0.0,0.0,0.0,0.0,0.0,0.0,0.0,0.0,0.0,0.0,0.0,0.9523809523809523,0.0,1.6666666666666667,1.6666666666666665,0.0,0.41666666666666663,0.0,0.37037037037037035,0.0,0.0,0.47619047619047616,0.0,0.0,0.7407407407407407,0.0,0.0,4.642857142857142,0.0,0.1388888888888889,0.0,0.0,0.0,0.0,0.0,0.0,0.0,0.0,0.0,0.0,0.0,10.0,2.5,0.0,0.0,0.0,0.0,0.0,0.0,0.0,0.0,0.0,0.0,0.0,0.0,0.0,0.0,0.0,1.3333333333333333,1.8518518518518516,0.6666666666666666,0.0,0.0,0.0,0.0,0.0,0.0,0.0,0.0,0.0,0.0,0.0,0.0,0.9523809523809523,0.0,0.0,0.0,0.0,0.0,0.0,0.0,0.0,0.0,0.0,0.0,0.0,0.0,0.0,0.0,0.0,0.0,0.0,0.0,0.0,0.0,0.0,0.0,0.4166666666666667,0.0,0.0,0.0,0.22222222222222224,0.0,0.0,0.0,0.5185185185185185,0.0,0.0,0.0,0.0,0.0,0.0,0.0,0.0,0.0,0.0,0.0,0.0,0.0,0.0,1.6666666666666665,0.0,0.0,0.0,0.0,0.0,0.0,0.0,0.0,0.0,0.0,0.0,0.0,0.0,0.0,0.0,0.0,0.3333333333333333,0.0,0.0,0.0,0.0,0.0,0.0,0.0,0.0,0.0,0.0,0.0,0.0,0.0,0.0,0.0,0.0,0.0,0.0,0.0,0.0,0.0,0.0,0.0,0.0,0.0,0.0,0.0,0.0,0.0,0.0,0.0,0.0,0.0,0.0,0.0,0.0,0.0,0.0,0.0,0.0,0.0,0.0
1.6666666666666665,0.0,0.0,0.0,0.6666666666666667,0.4444444444444445,0.0,0.0,0.0,0.8333333333333333,0.0,0.0,0.0,0.0,0.0,0.2777777777777778,0.4166666666666667,0.0,1.1111111111111112,0.0,0.0,0.0,0.0,0.0,0.0,0.0,0.0,0.0,0.0,0.0,0.0,0.0,0.0,0.0,0.0,0.0,0.0,0.0,0.0,0.0,0.0,0.0,0.0,0.1388888888888889,0.0,0.0,0.0,0.0,0.0,0.0,0.0,0.0,0.0,0.0,0.0,0.0,0.0,0.0,1.1111111111111112,0.0,0.0,0.0,0.0,0.0,0.0,0.0,0.0,0.0,0.0,0.0,0.0,0.0,0.0,0.0,0.0,0.0,0.0,0.0,0.0,0.0,0.0,0.0,0.0,0.0,0.0,0.0,0.0,0.0,0.0,0.0,0.0,0.0,0.0,0.0,0.0,0.0,0.0,0.0,0.0,0.0,0.0,0.0,0.0,0.0,0.0,0.0,0.0,0.0,0.0,0.0,0.0,0.0,0.0,0.0,0.0,0.0,0.0,0.0,0.0,0.0,0.0,0.0,0.0,0.0,0.0,0.0,0.0,0.0,0.0,0.0,0.0,0.0,0.0,0.0,0.0,0.0,0.0,0.0,0.0,0.0,0.0,0.0,0.0,0.0,0.0,0.0,0.0,0.0,0.0,0.0,0.0,0.0,0.0,0.0,0.0,0.0,0.0,0.0,0.0,0.0,0.0,0.0,0.0,0.0,0.0,0.0,0.0,0.0,0.0,0.0,0.0,0.0,0.0,0.0,0.0,0.0,0.0,0.0,0.0,0.0,0.0,0.0,0.0,0.0,0.0,0.0,0.0,0.0,0.0,0.0,0.0,0.0,0.0,0.0,0.0,0.0,0.0,0.0,0.0,0.0,0.0,0.0,0.0,0.0,0.0,0.0,0.0,0.0,0.0,0.0,0.0,0.0,0.0,0.0,0.0,0.0,0.0,0.0,0.0,0.0,0.0,0.0,0.0,0.0,0.0,0.0,0.0,0.0,0.0,0.0,0.0,0.0,0.0,0.0,0.0,0.0,0.0,0.0,0.0,0.0,0.0,0.0,0.0,0.0,0.0,0.0,0.0,0.0,0.0,0.0
246.17578797320175,52.07150257150257,28.945563695563695,65.750962000962,201.34272209272208,32.01106301106301,3.2142857142857144,39.616402116402114,19.687950937950937,33.47842897842898,40.33068783068783,13.368487993487992,34.476851851851855,39.682539682539684,17.649013024013023,6.111111111111111,12.572649572649572,99.07653920153919,39.779761904761905,14.53174603174603,3.0833333333333335,11.881451881451882,3.187830687830688,9.288419913419913,15.699074074074073,12.893518518518517,5.925925925925926,24.17791005291005,4.791666666666667,22.037037037037035,12.202380952380953,3.6111111111111107,7.277777777777778,0.0,3.452380952380952,22.39814814814815,3.214285714285714,29.88888888888889,7.518518518518518,2.083333333333333,1.6944444444444442,14.986772486772486,10.61111111111111,1.25,6.753246753246753,8.61111111111111,3.333333333333333,0.23809523809523808,9.333333333333332,4.166666666666666,6.666666666666666,15.019841269841269,7.906746031746032,0.0,0.7936507936507937,6.722222222222222,4.74537037037037,0.41666666666666663,9.053391053391053,8.115079365079364,0.0,0.0,0.0,0.16666666666666666,17.69047619047619,6.944444444444445,0.37037037037037035,7.698412698412699,3.333333333333333,3.698412698412698,1.6666666666666665,0.0,11.666666666666666,6.944444444444445,10.416666666666666,0.0,2.142857142857143,0.6666666666666666,11.11111111111111,32.914021164021165,0.0,1.6666666666666665,0.8333333333333333,0.0,0.0,1.6666666666666665,0.0,0.41666666666666663,0.47619047619047616,0.0,1.6666666666666667,2.083333333333333,0.0,0.9523809523809523,0.41666666666666663,3.333333333333333,0.3333333333333333,0.0,3.333333333333333,0.0,4.444444444444445,0.6060606060606061,0.0,0.0,1.1111111111111112,0.30303030303030304,0.04761904761904762,0.0,3.214285714285714,3.8095238095238098,0.6666666666666666,2.5,0.0,0.18518518518518517,0.6666666666666666,0.04761904761904762,10.96103896103896,0.04761904761904762,0.04761904761904762,0.4761904761904762,0.04761904761904762,0.04761904761904762,5.416666666666666,0.3333333333333333,1.0185185185185184,2.083333333333333,0.0,0.0,8.88888888888889,1.1111111111111112,0.0,0.0,0.0,0.0,11.222222222222221,10.96031746031746,0.0,0.0,0.0,0.5555555555555556,0.0,6.402116402116402,1.6666666666666665,0.0,0.22988505747126436,0.20833333333333331,0.0,0.0,0.0,0.6666666666666666,0.0,6.680555555555555,3.333333333333333,0.41666666666666663,2.5,2.083333333333333,0.0,0.0,0.0,2.196969696969697,0.0,0.0,0.9722222222222222,7.222222222222222,0.0,0.0,0.0,33.41534391534391,0.0,1.1111111111111112,13.648148148148147,0.0,3.333333333333333,0.0,0.0,0.41666666666666663,0.5555555555555556,0.0,1.1111111111111112,30.151515151515152,0.5555555555555556,0.0,0.0,0.3333333333333333,1.3333333333333333,0.0,0.0,0.0,0.0,5.0,0.0,2.2222222222222223,0.0,0.0,0.0,1.1111111111111112,6.388888888888888,0.0,5.148148148148148,0.0,2.7272727272727275,0.0,0.0,0.0,0.0,0.0,0.15151515151515152,0.0,0.0,3.7499999999999996,0.0,3.333333333333333,0.0,0.0,0.7407407407407407,0.0,0.0,0.0,0.0,0.0,0.20833333333333331,1.3333333333333333,1.1904761904761905,3.829059829059829,0.0,0.0,0.0,0.0,1.3333333333333333,0.0,0.0,0.0,1.0833333333333333,0.5555555555555556,1.0833333333333333,5.0,0.0,0.0,0.0,0.0,0.4166666666666667,0.0,0.0,0.0,0.6666666666666666,0.0,1.6666666666666665,0.0,0.0,0.0
21.25,2.7777777777777777,2.2222222222222223,1.6666666666666665,1.6666666666666665,0.0,9.444444444444443,0.0,0.0,2.5037707390648567,2.5,0.0,3.333333333333333,5.0,2.083333333333333,10.694444444444443,0.8333333333333333,5.555555555555555,11.944444444444443,0.0,1.6666666666666665,6.666666666666666,2.2222222222222223,5.0,0.0,6.666666666666666,0.0,0.0,0.7407407407407407,0.0,0.18518518518518517,0.0,0.0,0.0,0.0,0.0,0.0,0.0,0.0,0.0,0.0,0.0,0.0,0.8333333333333333,0.0,0.9259259259259258,0.0,0.0,0.0,0.0,0.0,0.0,0.8333333333333333,1.6666666666666665,0.0,0.0,0.0,0.0,1.6666666666666667,0.0,0.0,0.0,0.0,0.0,0.0,0.0,0.0,0.0,0.0,0.0,0.0,0.8333333333333333,0.0,0.0,1.6666666666666665,0.0,0.0,0.0,0.0,0.0,0.0,0.0,0.0,0.0,0.0,0.0,0.0,0.0,0.0,0.0,0.0,0.0,0.0,0.0,0.0,4.444444444444445,0.0,0.0,0.0,0.0,0.0,0.0,0.0,0.0,0.0,0.0,0.0,0.0,0.0,0.0,0.0,0.0,0.41666666666666663,0.0,0.0,0.0,0.0,0.0,0.0,0.0,0.0,0.0,0.0,0.0,0.0,0.0,0.0,0.0,0.0,0.0,0.0,0.0,0.0,0.0,1.1111111111111112,0.0,0.0,0.0,0.0,0.0,1.6666666666666665,0.8333333333333333,0.0,0.0,0.0,0.0,3.333333333333333,0.0,0.0,0.0,0.0,0.0,0.0,0.0,0.0,0.0,0.0,0.0,0.0,0.0,0.0,0.5555555555555556,0.0,0.0,0.0,0.0,0.8333333333333333,0.0,0.0,0.0,0.0,0.0,3.333333333333333,0.0,0.0,0.0,0.0,0.0,0.0,3.333333333333333,0.0,0.0,0.0,0.5555555555555556,2.2222222222222223,0.0,0.0,0.0,0.0,0.0,0.0,0.0,0.0,0.0,0.0,0.0,0.0,0.0,0.0,0.0,0.0,0.0,0.0,0.0,0.0,0.0,0.0,0.0,0.0,0.0,0.0,0.0,0.0,0.0,0.0,0.0,0.0,0.0,0.0,0.0,0.0,0.0,0.0,5.829562594268476,0.0,0.0,0.0,0.0,0.0,0.0,0.0,0.0,0.0,0.0,0.0,0.0,0.0,0.37037037037037035,0.0,0.0,0.0,0.0,0.0,0.0,0.0,0.0,0.0,0.0,0.0,0.0
217.92929292929293,91.08333333333333,12.222222222222221,85.66738816738817,73.27777777777777,61.11111111111111,173.33333333333331,31.805555555555554,82.98412698412697,15.833333333333332,45.138888888888886,39.02777777777778,26.944444444444443,49.59722222222222,32.22222222222222,39.52777777777777,29.555555555555554,11.262626262626263,5.583333333333333,13.682539682539682,29.370370370370367,43.37373737373737,13.099927849927848,19.77777777777778,9.166666666666666,10.555555555555555,20.277777777777775,4.166666666666666,31.194444444444443,29.86111111111111,5.238095238095238,2.5,7.222222222222221,20.555555555555554,0.8333333333333333,11.805555555555555,1.1111111111111112,5.833333333333333,5.555555555555555,3.888888888888889,9.166666666666666,19.775132275132275,1.6666666666666665,4.722222222222222,4.722222222222222,60.83333333333333,25.75,20.658730158730158,7.5,7.749999999999999,1.6666666666666665,5.972222222222221,16.86111111111111,3.888888888888889,2.2222222222222223,1.25,12.0,4.416666666666666,5.7936507936507935,0.8333333333333333,1.6666666666666665,7.222222222222221,0.0,5.694444444444444,7.749999999999999,1.6904761904761905,17.13888888888889,0.5555555555555556,2.7777777777777777,0.0,10.694444444444445,1.7361111111111112,1.6666666666666665,1.0238095238095237,8.555555555555555,6.111111111111111,14.583333333333332,5.0,1.1111111111111112,0.0,0.11904761904761904,0.0,0.6666666666666666,2.083333333333333,0.0,19.02777777777778,2.7777777777777777,3.194444444444444,0.0,0.0,0.41666666666666663,0.0,0.8333333333333333,0.0,0.0,0.8333333333333333,0.0,0.0,0.0,1.25,0.5555555555555556,0.0,0.0,1.1111111111111112,0.6666666666666666,0.0,0.10582010582010581,0.41666666666666663,1.5873015873015872,3.333333333333333,0.0,0.0,0.0,8.055555555555555,0.0,0.10582010582010581,6.666666666666666,0.10582010582010581,0.10582010582010581,1.0582010582010581,0.10582010582010581,0.10582010582010581,0.0,4.999999999999999,3.6111111111111107,1.3095238095238093,0.0,0.8333333333333333,1.9696969696969695,0.0,0.0,1.3888888888888888,0.0,2.194444444444444,1.6666666666666665,0.0,1.4444444444444444,0.6666666666666666,0.8333333333333333,0.0,0.0,3.333333333333333,0.8333333333333333,0.0,0.0,3.6111111111111107,0.0,0.0,1.1111111111111112,0.0,0.0,0.0,0.0,0.8333333333333333,0.0,0.0,0.41666666666666663,1.6666666666666665,0.0,5.0,0.8333333333333333,0.0,1.6666666666666665,0.0,0.0,0.0,0.9722222222222222,0.0,0.0,0.0,0.0,0.0,0.0,0.0,0.2777777777777778,0.5555555555555556,0.0,6.944444444444444,0.0,0.0,0.0,10.036075036075035,5.018037518037517,0.6060606060606061,2.4242424242424243,0.0,0.0,6.111111111111111,0.0,3.6111111111111107,0.8333333333333334,0.0,0.0,0.0,0.0,0.0,0.0,0.2777777777777778,0.0,0.0,0.0,0.0,0.0,0.0,0.0,0.0,0.0,0.5555555555555556,0.0,0.0,0.0,1.6666666666666665,0.0,0.0,1.6666666666666665,0.0,2.7777777777777777,0.3333333333333333,0.0,0.0,1.5277777777777777,0.0,1.6666666666666665,5.185185185185185,1.9444444444444442,0.0,0.0,0.0,0.0,42.484848484848484,0.0,0.0,0.0,0.0,0.0,0.0,0.0,0.0,0.0,0.8333333333333333,0.0,13.825757575757576,0.0,0.0,0.0,0.0,0.0,0.0,0.0,0.0
786.7089045214045,434.6188071188071,338.9383046147752,234.73520923520923,283.87352243049173,124.34595959595958,247.6924603174603,212.20027776882614,225.4808201058201,189.61494777916346,172.04092425288076,109.84749278499278,89.5770202020202,270.0802991962412,112.87663024710126,165.59933430766765,87.93626743626743,235.9575717492384,61.24801587301587,71.64027176527176,107.88392857142857,131.4409941909942,44.12924883758217,59.26791726791727,160.37310606060606,41.63690476190476,15.759920634920634,40.3994708994709,107.83068783068782,6.277777777777778,37.98743386243386,62.17003367003367,39.22852564102564,50.71891534391534,93.67982708381258,38.684583934583934,106.04455266955267,70.32870370370371,26.557900432900432,43.176258617925285,16.142857142857142,1121.303695514922,43.80665784832451,31.630651755651755,18.539862914862915,32.78373015873016,42.86507936507937,30.83531746031746,18.901455026455025,28.996753246753247,19.828523328523328,49.793911335578,35.36381673881674,9.803571428571429,16.601190476190474,35.49537037037037,9.351851851851851,6.360008818342151,7.44047619047619,16.21384479717813,9.74074074074074,6.747354497354497,75.90037277537277,3.541666666666667,28.406084656084655,9.426406926406926,5.878968253968254,41.33994708994709,13.556547619047619,16.818342151675484,15.54100529100529,16.71897546897547,34.5388608305275,8.662518037518037,12.325396825396824,7.720899470899471,52.72221525120076,18.525853775853776,8.452380952380953,80.94055635722302,2.361111111111111,32.10229276895944,5.972222222222222,4.305555555555555,17.40343915343915,12.5,1.2962962962962963,9.545634920634921,12.019841269841269,1.6666666666666665,12.936507936507937,10.944444444444445,14.842796092796092,6.708333333333333,15.61111111111111,6.166666666666666,16.712962962962962,8.61111111111111,20.169753086419753,3.9484126984126986,22.685515873015873,9.605880230880231,1.7962962962962963,10.333333333333332,0.4292929292929293,12.43127493421611,0.6844368507943089,2.5,10.544330539692412,3.6111111111111107,6.644179894179894,5.0436507936507935,3.1845238095238098,6.666666666666667,9.701058201058201,0.6844368507943089,14.638888888888888,0.6844368507943089,0.6844368507943089,6.84436850794309,0.6844368507943089,0.6844368507943089,18.867724867724867,6.458333333333333,0.47619047619047616,9.963083213083213,7.156565656565656,10.0,11.30050505050505,15.869782073292509,3.6296296296296293,2.759259259259259,3.2738095238095237,5.0738536155202825,11.712962962962962,11.168710918710918,6.644660894660895,9.370039682539682,3.185185185185185,1.3055555555555556,2.192460317460317,4.166666666666666,2.2777777777777777,1.8518518518518516,100.46891534391534,1.7857142857142856,1.7824074074074074,5.805555555555555,2.351190476190476,4.944444444444445,4.583333333333333,4.595959595959596,0.37037037037037035,5.544973544973545,5.75,5.694444444444444,0.75,1.0714285714285714,1.8981481481481481,6.2751322751322745,0.41666666666666663,7.0,4.099206349206349,4.519140989729225,6.111111111111111,1.7037037037037037,1.3333333333333333,14.491402116402115,1.6666666666666665,1.25,8.73174202340869,2.601851851851852,6.435185185185185,2.8333333333333335,1.6666666666666665,3.333333333333333,0.625,0.5185185185185185,3.4444444444444446,0.41666666666666663,0.8127289377289377,1.1111111111111112,0.5555555555555556,0.615530303030303,2.462121212121212,0.0,6.5,0.0,1.2962962962962963,2.4791666666666665,0.0,1.277777777777778,1.5238095238095237,0.5555555555555556,0.0,3.7522045855379185,1.190909090909091,2.5,4.601010101010101,0.15151515151515152,5.078571428571428,8.97991822991823,1.9444444444444442,3.75,0.2564102564102564,0.0,0.28214285714285714,5.401515151515151,0.8333333333333333,5.027777777777778,2.2222222222222223,0.6666666666666666,0.0,0.30303030303030304,4.2592592592592595,8.555555555555555,1.1666666666666665,0.3333333333333333,0.0,2.283333333333333,0.9722222222222222,0.0,0.2777777777777778,1.6096866096866096,0.0,2.962962962962963,0.6944444444444444,6.1,7.6010101010101,1.6666666666666665,0.0,0.7916666666666666,1.2380952380952381,0.8333333333333333,1.2380952380952381,2.2222222222222223,0.2777777777777778,2.083333333333333,2.944444444444444,1.7777777777777777,1.2103174603174602,0.0,1.0833333333333333,3.25,2.8009259259259256,0.3333333333333333,5.0,0.23809523809523808,0.625,0.1388888888888889
166.05675805675804,8.564814814814815,7.333333333333333,6.248677248677248,12.777777777777777,3.333333333333333,1.3333333333333333,13.333333333333332,1.1111111111111112,8.097643097643097,4.583333333333333,3.333333333333333,0.37037037037037035,12.777777777777777,0.0,1.6666666666666665,4.416666666666666,21.407407407407405,3.950617283950617,0.0,0.0,4.666666666666666,0.0,1.9444444444444444,0.0,0.0,0.0,3.555555555555556,0.0,0.0,0.0,0.0,6.19047619047619,0.0,0.0,0.0,0.0,0.0,2.2222222222222223,0.0,0.0,7.748917748917748,15.746031746031745,0.41666666666666663,0.0,0.0,0.0,3.333333333333333,3.333333333333333,0.0,6.666666666666666,0.0,0.0,2.083333333333333,0.0,0.0,0.0,0.0,0.0,0.0,0.0,0.0,0.41666666666666663,0.0,0.47619047619047616,0.0,10.277777777777777,0.0,0.0,0.0,0.0,0.0,0.0,0.0,0.0,0.0,0.0,0.0,0.0,0.0,0.0,0.0,0.0,0.0,0.0,0.0,0.0,0.0,0.0,0.0,0.0,0.0,0.0,0.0,0.0,0.0,0.0,0.0,9.00925925925926,0.0,0.0,0.0,0.0,0.0,0.0,0.0,0.0,0.0,0.0,0.0,0.0,0.0,0.0,0.0,0.0,0.0,0.0,0.0,0.0,0.0,0.0,0.0,19.48148148148148,0.0,0.0,0.0,0.0,0.0,0.0,1.8518518518518516,0.0,0.0,0.0,0.0,0.6666666666666666,3.6111111111111107,0.0,0.0,0.0,0.0,0.0,0.0,0.0,0.0,0.0,0.0,0.0,0.0,0.0,0.0,0.0,0.0,0.0,0.0,0.0,0.0,0.0,2.7777777777777777,0.0,0.0,0.0,0.0,0.0,0.0,0.0,0.0,0.0,0.0,0.0,0.0,7.222222222222221,0.0,0.0,0.0,0.0,3.333333333333333,0.0,0.0,0.41666666666666663,0.0,0.0,0.0,0.0,0.0,0.0,0.0,1.4285714285714284,0.0,0.0,0.0,0.0,0.0,0.0,0.0,0.0,0.0,0.0,0.0,0.0,0.0,0.0,0.0,0.0,0.0,0.0,0.0,0.0,0.0,0.0,0.0,0.0,0.0,0.0,0.0,0.0,0.0,0.0,0.0,0.0,0.0,0.0,0.30303030303030304,0.0,0.0,0.0,0.0,0.0,0.0,0.0,0.0,1.6666666666666667,0.0,0.0,0.0,0.0,3.3333333333333335,0.0,0.0,0.0,0.0,0.0,0.0,0.0,0.0,1.7901234567901234,0.0,0.0,0.0,0.0,0.0
16.15674603174603,2.5,12.98611111111111,37.69179894179894,17.98611111111111,4.166666666666666,0.9523809523809523,0.0,2.2222222222222223,27.11111111111111,19.125,3.333333333333333,4.930555555555555,0.0,0.0,0.0,6.317460317460317,3.1051587301587302,3.333333333333333,3.333333333333333,0.0,0.0,6.666666666666666,0.2777777777777778,43.757936507936506,14.222222222222221,1.6666666666666665,0.0,0.0,2.111111111111111,0.0,2.202380952380952,0.0,4.458333333333333,0.0,29.91269841269841,0.0,123.12962962962962,0.0,0.0,0.0,0.0,3.3333333333333335,76.47619047619047,1.3333333333333333,7.333333333333334,3.3333333333333335,0.3333333333333333,0.0,0.6666666666666666,0.0,0.8333333333333333,0.0,3.333333333333333,0.0,0.5555555555555556,0.0,3.3333333333333335,19.96825396825397,0.21164021164021163,0.8333333333333333,5.882936507936508,5.2896825396825395,5.111111111111111,0.0,0.0,0.0,0.0,0.0,0.0,0.0,0.0,0.0,0.0,0.8333333333333333,0.0,0.0,0.0,0.0,0.0,0.0,0.0,0.0,0.0,0.0,0.0,0.0,0.8333333333333333,0.0,0.5555555555555556,0.0,0.0,0.0,0.0,0.0,0.0,0.0,6.15079365079365,0.0,0.0,0.0,0.0,0.0,0.0,0.0,0.0,0.0,0.6666666666666666,0.0,0.0,0.0,2.0,0.0,0.0,0.0,0.0,0.0,0.0,0.0,0.0,0.0,0.0,0.0,0.0,1.369047619047619,0.0,0.0,0.0,0.0,0.0,0.0,0.0,1.6666666666666665,1.4484126984126984,0.0,0.0,0.0,0.0,0.0,0.0,0.0,0.0,0.0,0.0,0.0,0.0,0.0,0.0,0.0,0.0,0.0,0.0,0.0,1.3624338624338623,0.0,0.0,0.0,0.0,0.0,0.0,0.0,0.0,0.0,0.0,0.0,0.0,3.587301587301587,0.0,4.166666666666666,0.0,0.09259259259259259,0.0,0.0,5.277777777777778,1.1111111111111112,0.0,0.0,0.0,0.0,0.0,0.0,0.0,0.0,0.0,0.0,0.0,0.0,0.0,0.0,0.0,0.0,0.0,0.41666666666666663,0.0,0.0,0.0,0.0,0.0,0.0,0.0,0.0,0.0,0.0,1.1428571428571428,0.0,0.0,0.0,0.0,0.0,0.0,0.0,0.0,0.0,0.0,0.0,0.0,0.0,0.0,0.0,0.0,0.0,0.0,0.0,0.0,0.6666666666666666,0.0,0.0,0.0,0.0,0.0,0.0,0.0,0.0,0.0,0.0,0.0,0.0,0.0,0.0,0.0,0.0,0.0,0.0,0.0,0.0,0.0,0.0,0.0,0.0,0.0
86.54365079365078,13.055555555555555,68.75330687830687,15.944444444444443,18.15120173364854,3.472222222222222,6.666666666666666,6.904761904761904,3.7301587301587302,4.055555555555555,29.311507936507937,7.333333333333333,0.20833333333333331,8.166666666666666,2.5,6.091269841269841,0.6666666666666666,9.375,18.12169312169312,4.333333333333333,2.0,12.857142857142858,0.47619047619047616,0.2777777777777778,0.0,4.365079365079365,0.0,3.333333333333333,0.0,0.0,0.0,1.25,0.0,3.625,0.47619047619047616,0.16666666666666666,0.0,0.0,0.0,0.0,0.0,0.0,0.6666666666666666,0.0,0.0,0.0,0.0,0.3333333333333333,0.0,0.0,0.37037037037037035,0.8333333333333333,0.0,0.0,0.0,0.0,23.96825396825397,0.0,0.0,0.21164021164021163,0.8333333333333333,0.0,8.25,0.0,0.0,0.0,0.0,0.0,0.0,0.37037037037037035,0.0,0.0,0.0,0.0,1.5,0.0,0.5555555555555556,0.0,0.0,0.0,1.6666666666666667,0.0,0.0,0.0,0.0,0.0,0.0,0.8333333333333333,0.0,0.0,0.0,0.0,0.0,0.0,0.0,0.6666666666666666,2.7777777777777777,2.5,0.0,0.0,0.0,0.0,0.0,0.0,0.0,0.5555555555555556,0.10638297872340424,0.0,1.5957446808510636,0.0,0.0,0.0,0.0,1.25,0.0,0.10638297872340424,1.2962962962962963,0.10638297872340424,0.10638297872340424,1.0638297872340425,0.10638297872340424,0.10638297872340424,5.555555555555555,0.0,0.0,0.0,0.0,0.0,0.0,0.0,0.0,0.0,1.6666666666666665,0.0,0.0,0.0,0.0,0.8333333333333333,0.0,0.0,0.0,1.1111111111111112,0.0,0.0,0.0,0.0,0.0,0.0,0.0,0.0,0.0,0.0,0.0,1.3624338624338623,0.0,1.4285714285714284,0.0,0.0,0.0,0.0,0.0,0.0,0.0,0.0,0.0,3.333333333333333,0.0,0.0,0.0,0.0,1.759259259259259,0.0,0.0,0.0,0.0,0.0,0.0,0.0,0.0,0.0,0.0,0.0,0.0,0.0,0.0,0.0,0.0,0.0,0.0,0.0,0.0,0.0,2.0833333333333335,0.0,1.25,1.6666666666666667,0.0,0.0,0.0,0.2777777777777778,0.0,5.333333333333333,0.0,0.0,0.0,0.0,0.0,0.0,3.333333333333333,0.0,0.0,0.0,0.0,0.5555555555555556,0.5555555555555556,0.0,0.0,0.0,0.0,0.0,0.0,0.0,0.0,0.0,0.0,0.5555555555555556,0.0,0.0,0.0,0.0,0.5555555555555556,0.0,0.0,0.0,0.0,0.0,0.0,0.0,0.0,0.0,0.0,0.0,0.0,0.0,0.0,0.0,0.0,0.0,0.0,0.0
614.1011164761164,71.5551948051948,165.35281847781846,18.682539682539684,171.98334535834536,31.013227513227513,14.654761904761903,10.222222222222221,11.575757575757574,30.23148148148148,51.53998316498316,70.69444444444444,4.486111111111111,15.115961199294532,7.969576719576719,8.329365079365079,16.25,232.64735264735265,23.08080808080808,6.111111111111112,34.90201465201465,12.11111111111111,0.7142857142857142,2.2777777777777777,8.888888888888888,24.194444444444443,1.527777777777778,41.14417989417989,0.6746031746031745,23.008658008658006,1.1111111111111112,3.944444444444444,60.53968253968254,8.347222222222221,1.5064102564102564,1.2777777777777777,0.3333333333333333,0.0,4.185185185185185,4.194444444444444,0.48611111111111116,14.381313131313131,3.1468253968253967,0.0,0.0,0.0,0.0,7.571428571428571,2.962962962962963,0.0,5.925925925925926,23.27777777777778,3.571428571428571,0.0,4.444444444444445,0.0,1.25,0.3333333333333333,0.9523809523809523,0.7671957671957672,2.5,0.2777777777777778,2.2222222222222223,0.0,1.6666666666666665,2.2222222222222223,8.129426129426129,1.3333333333333333,1.6666666666666665,6.666666666666666,0.0,7.916666666666666,0.0,2.2222222222222223,2.5,0.0,5.212962962962963,0.0,0.0,2.2222222222222223,5.0,0.0,0.0,0.0,1.470899470899471,1.1111111111111112,0.0,0.9722222222222221,0.0,0.0,0.3571428571428571,0.0,0.0,0.0,0.0,0.8333333333333333,1.3333333333333333,3.611111111111111,0.0,0.0,4.333333333333333,0.0,0.0,0.0,0.0,0.0,0.0,0.2777777777777778,0.0,0.8333333333333333,0.17195767195767195,3.6666666666666665,0.0,1.5277777777777777,1.6666666666666665,0.0,0.0,0.0,0.0,0.0,0.0,0.0,130.9133597883598,0.0,0.0,2.5,0.0,0.0,0.0,0.0,0.0,0.0,2.2222222222222223,0.0,2.5,13.28968253968254,1.3333333333333333,3.0555555555555554,0.0,0.0,0.0,3.333333333333333,0.0,1.6666666666666665,3.6574074074074074,0.0,0.18518518518518517,0.5555555555555556,0.0,0.23809523809523808,0.9294871794871794,0.0,0.37037037037037035,1.6402116402116402,0.2564102564102564,3.7499999999999996,0.0,0.6666666666666666,0.0,0.0,0.0,0.0,0.0,4.369047619047619,0.0,0.0,0.0,0.0,0.0,0.0,22.453703703703702,0.0,1.1111111111111112,0.0,0.0,0.0,0.0,1.0185185185185184,0.0,0.0,0.41666666666666663,0.0,0.0,0.3333333333333333,1.3333333333333333,0.0,3.333333333333333,0.0,0.0,0.41666666666666663,0.5555555555555556,0.0,2.0833333333333335,0.0,7.222222222222222,0.1728395061728395,0.0,0.8333333333333334,2.111111111111111,0.0,0.0,5.0,0.0,0.0,0.0,0.0,0.0,0.0,1.6666666666666665,0.47619047619047616,1.6666666666666665,0.1388888888888889,0.0,0.0,15.443241943241944,1.6666666666666667,0.0,0.0,0.0,0.0,0.0,12.777777777777777,0.0,1.2121212121212122,0.0,0.41666666666666663,0.0,0.0,0.0,0.0,1.8055555555555554,0.0,0.0,0.0,0.0,0.0,0.0,0.0,0.0,0.0,0.0,0.0,0.5555555555555556,0.0,0.0,0.0,0.0,1.6666666666666665,0.0,0.0
380.51627572642064,48.081942748609414,73.31156806156807,42.39902998236332,37.13019923144554,19.840608465608465,43.925417175417174,34.630046188379524,36.704144620811284,7.001322751322752,36.21825396825397,13.201058201058201,20.771284271284273,11.410866910866911,15.686507936507935,23.63888888888889,4.285714285714286,143.89584181250848,8.825933324326584,18.846560846560845,9.140550807217474,12.118827160493826,5.277777777777778,19.65740740740741,3.0,4.481481481481482,1.1111111111111112,3.333333333333333,3.611111111111111,0.0,0.22222222222222224,2.716049382716049,1.2407407407407407,6.768518518518518,6.4753086419753085,1.8253968253968254,0.15873015873015872,1.8253968253968251,1.9173789173789173,4.7976190476190474,0.8641975308641975,0.3333333333333333,11.33289241622575,0.0,1.6666666666666667,21.126984126984127,1.0158730158730158,10.6998556998557,13.191561524894858,0.0,5.634920634920634,34.317219817219815,2.7777777777777777,3.087301587301587,4.111111111111111,10.645095645095644,0.8796296296296297,0.0,0.9259259259259258,0.7407407407407407,3.3333333333333335,1.1296296296296298,1.6666666666666665,2.6111111111111107,0.0,4.217592592592593,9.668430335097002,0.0,0.2777777777777778,1.6666666666666665,0.0,4.851851851851852,0.8333333333333333,4.217592592592593,26.5,2.2275132275132274,0.4012345679012346,0.2777777777777778,0.37037037037037035,0.0,0.0,0.0,1.6666666666666665,1.6666666666666667,0.0,0.47619047619047616,0.0,0.0,0.0,0.0,0.15873015873015872,0.12345679012345678,0.3333333333333333,0.0,1.6296296296296298,12.777777777777777,4.777777777777778,0.0,1.4285714285714286,0.0,0.0,0.0,0.0,0.17094017094017094,0.2777777777777778,11.414170330474679,0.12247912664796458,0.0,2.392742455275024,0.37037037037037035,1.3485449735449735,0.7799145299145299,0.0,2.138888888888889,1.7777777777777777,0.12247912664796458,0.22222222222222224,0.12247912664796458,0.12247912664796458,1.2247912664796459,0.12247912664796458,0.12247912664796458,11.714947089947088,0.0,0.0,0.0,0.0,0.0,0.0,1.1574074074074074,0.0,0.22222222222222224,0.2777777777777778,0.0,30.150793650793652,12.601851851851851,0.0,1.8055555555555556,0.0,0.0,3.3333333333333335,0.37373737373737376,0.09259259259259259,0.0,1.8749999999999998,0.8333333333333333,0.0,0.5158730158730158,0.0,0.0,0.0,0.5555555555555556,5.0,0.0,0.0,1.3703703703703705,0.0,8.444444444444445,0.0,0.0,3.333333333333333,2.166666666666667,0.18518518518518517,6.444444444444445,0.0,1.2870370370370372,0.0,0.0,0.0,0.0,21.38888888888889,0.18518518518518517,6.993496841322928,0.0,0.0,0.0,0.0,0.0,0.0,0.1388888888888889,0.7160493827160493,0.0,0.0,0.0,0.0,0.0,0.0,0.0,1.0897435897435899,2.1527777777777777,0.0,0.0,0.0,2.376984126984127,2.9188712522045854,0.18518518518518517,12.748168498168498,0.18518518518518517,3.624338624338624,0.15151515151515152,2.256728778467909,0.23809523809523808,0.0,0.0,0.0,0.0,0.12537382102599492,0.0,0.0,0.0,0.0,0.0,0.40476190476190477,0.30303030303030304,0.0,1.6666666666666667,0.0,0.0,0.0,0.0,0.0,42.53589466089466,0.0,1.2566137566137565,0.0,0.0,0.5555555555555556,0.0,27.585214411165428,0.0,0.0,0.0,0.0,0.0,0.0,0.0,0.0,0.0,0.0,0.0,1.6666666666666665,0.0,0.20833333333333331,0.0,0.15873015873015872,0.0,1.6666666666666667,8.74537037037037,0.0,0.0
12.222222222222221,0.0,3.333333333333333,0.0,4.166666666666666,0.0,0.8333333333333333,0.8333333333333333,0.0,2.5,0.0,0.0,0.0,0.0,1.6666666666666665,0.0,0.0,0.0,3.333333333333333,0.0,0.8333333333333333,0.0,0.0,1.6666666666666665,0.0,0.8333333333333333,0.0,5.0,0.0,8.333333333333332,0.0,0.0,0.0,0.0,0.0,16.666666666666664,0.0,0.0,0.0,0.8333333333333333,0.0,0.0,0.0,0.0,0.0,0.0,0.0,23.333333333333332,0.0,0.0,0.0,0.0,0.0,1.6666666666666665,0.0,0.0,16.666666666666664,0.0,0.0,1.6666666666666665,0.0,0.0,0.0,0.0,0.0,0.0,0.0,0.0,0.0,0.0,0.0,0.0,0.0,0.0,14.999999999999998,0.0,0.0,0.0,0.0,0.0,0.0,0.0,0.0,0.0,1.6666666666666665,0.0,0.0,0.0,0.0,1.6666666666666665,0.0,0.0,0.0,0.0,0.0,5.0,0.0,0.0,0.0,0.0,0.0,0.0,0.0,0.0,0.0,0.0,0.0,0.0,0.0,4.166666666666666,0.0,0.0,0.0,0.0,0.0,0.0,0.0,0.0,0.0,0.0,0.0,0.0,0.0,0.0,0.0,0.0,0.0,0.0,0.0,0.0,0.0,0.0,0.0,0.0,0.0,0.0,0.0,0.0,0.0,0.0,0.0,0.0,0.0,0.0,0.0,0.0,0.0,0.0,0.0,0.0,0.0,0.0,0.0,0.0,0.0,0.0,0.0,0.0,0.0,0.0,0.0,0.0,0.0,0.0,0.0,0.0,0.0,0.0,0.0,0.0,0.0,0.0,0.0,0.0,0.0,0.0,0.0,0.0,0.0,0.0,0.0,0.0,0.0,0.0,0.0,0.0,0.0,0.0,0.0,3.333333333333333,0.0,0.0,0.0,0.0,0.0,0.0,0.0,0.0,0.0,0.0,0.0,0.0,0.0,0.0,0.0,0.0,0.0,0.0,0.0,0.0,0.0,0.0,0.0,0.0,0.0,0.0,0.0,0.0,0.0,0.0,0.0,0.0,0.0,0.0,0.0,0.0,0.0,0.0,0.0,0.0,0.0,0.0,7.499999999999999,0.0,7.499999999999999,0.0,0.0,0.0,0.0,0.0,0.0,0.0,0.0,0.0,0.0,0.0,0.0,0.0,1.6666666666666665,0.0
62.7063492063492,22.962962962962962,32.75925925925926,28.54232804232804,58.99074074074074,29.583333333333332,22.314814814814813,18.294973544973544,17.93253968253968,2.1666666666666665,23.333333333333332,27.564814814814813,10.166666666666666,9.526455026455025,5.694444444444445,8.333333333333332,12.333333333333332,0.0,7.277777777777778,10.34126984126984,9.216931216931217,6.203703703703704,23.730158730158728,11.666666666666666,7.012345679012346,3.365079365079365,3.9999999999999996,6.111111111111111,6.23015873015873,5.972222222222222,6.555555555555555,4.146825396825397,0.0,19.22222222222222,3.333333333333333,9.1765873015873,5.7407407407407405,8.125,4.722222222222222,1.9047619047619047,12.36111111111111,3.148148148148148,0.0,4.0,4.722222222222222,4.166666666666667,10.158730158730158,3.0317460317460316,1.25,6.666666666666666,1.1111111111111112,1.1111111111111112,0.0,0.0,6.537037037037036,4.083333333333333,1.3333333333333333,4.111111111111111,0.0,0.47619047619047616,2.0,0.0,0.0,0.0,0.0,0.22222222222222224,2.2222222222222223,9.166666666666666,3.333333333333333,5.237654320987654,0.0,0.0,9.444444444444445,0.22222222222222224,1.1111111111111112,0.0,0.0,2.261904761904762,0.0,0.0,0.18518518518518517,6.666666666666666,0.0,5.888888888888888,12.777777777777777,0.5555555555555556,9.25925925925926,0.0,0.37037037037037035,1.3888888888888888,0.18518518518518517,0.47619047619047616,0.0,0.0,0.7407407407407407,7.5,0.0,4.583333333333333,8.333333333333332,0.0,0.0,0.0,0.0,0.0,0.0,0.0,0.0,0.0,0.0,0.0,0.0,0.0,0.0,0.0,0.0,0.0,0.0,0.0,0.0,0.0,0.0,0.0,0.0,2.083333333333333,0.23809523809523808,0.0,5.0,1.1111111111111112,0.0,0.0,0.0,0.0,5.892857142857143,0.0,0.0,0.0,0.0,0.0,1.1111111111111112,0.0,0.0,3.3333333333333335,0.0,0.0,0.0,0.0,0.0,0.0,0.0,0.0,0.0,0.0,0.0,0.0,0.5555555555555556,0.0,0.0,0.0,0.0,0.0,0.0,0.0,0.0,0.0,0.0,0.0,0.0,0.0,0.0,0.0,0.0,1.8888888888888888,0.0,0.8333333333333333,3.333333333333333,0.0,2.2222222222222223,0.2777777777777778,0.0,0.0,0.0,0.0,0.0,0.0,0.0,0.0,0.0,0.0,0.0,0.0,0.0,0.0,0.0,0.0,0.0,0.0,0.0,0.0,0.0,0.0,0.0,0.0,0.0,0.0,0.0,0.0,0.0,0.0,0.0,0.0,0.0,0.0,0.0,0.0,0.0,0.0,0.0,0.47619047619047616,0.0,0.0,0.0,0.0,0.0,0.0,0.0,0.0,0.0,0.0,0.0,0.0,0.0,1.3888888888888888,0.0,0.0,0.0,0.0,0.0,0.0,0.0,0.0,0.0,0.0,0.0,0.0,0.0,0.0,0.0,0.0,0.0,0.0
69.80884393384393,11.5,23.275252525252526,14.532828282828282,1.0265151515151514,1.9444444444444442,10.109848484848484,21.68109668109668,0.0,1.4166666666666665,1.0,8.083333333333334,0.0,1.0,6.204545454545455,3.333333333333333,0.5555555555555556,15.842712842712842,1.3194444444444444,3.888888888888889,0.6931818181818181,5.625,3.071428571428571,3.827380952380952,3.3333333333333335,0.0,4.184704184704184,0.9999999999999999,4.333333333333333,0.0,0.0,0.5555555555555556,0.41666666666666663,0.41666666666666663,5.666666666666666,0.15151515151515152,3.8636363636363633,0.0,0.0,0.0,0.0,0.7613636363636364,2.0,0.0,0.41666666666666663,0.6818181818181819,5.090909090909091,1.6666666666666665,0.0,2.2222222222222223,0.0,0.0,8.835016835016836,3.165223665223665,0.0,0.0,0.5416666666666666,1.722222222222222,0.0,0.0,2.4514374514374513,0.0,0.0,3.7830687830687832,0.0,0.0,2.3703703703703702,0.0,0.0,0.0,0.0,0.0,0.0,0.0,0.0,0.0,1.1136363636363638,0.0,1.3888888888888888,0.0,0.0,0.0,0.0,0.0,0.0,0.2777777777777778,0.0,0.0,0.15151515151515152,0.3333333333333333,0.0,0.0,0.0,0.0,0.0,0.23809523809523808,0.0,0.0,0.0,0.0,0.0,0.0,0.0,0.2777777777777778,0.0,0.0,0.125,0.0,1.875,0.0,0.0,0.0,0.23809523809523808,0.0,0.0,0.125,0.0,0.125,0.125,1.25,0.125,0.125,5.833333333333333,0.0,0.0,1.1111111111111112,0.0,0.0,1.1111111111111112,0.0,0.0,0.0,0.0,0.0,7.777777777777778,0.0,0.0,1.6666666666666665,0.0,0.0,0.0,0.0,0.0,0.0,0.0,0.0,0.0,0.0,0.0,0.0,0.0,0.0,0.29040404040404044,0.0,0.0,0.0,0.0,0.0,3.333333333333333,0.0,0.0,0.0,0.0,0.0,0.3333333333333333,0.0,0.0,0.0,0.0,0.0,0.0,0.0,0.0,0.0,0.0,0.0,0.0,0.0,0.0,0.0,0.0,0.0,0.0,0.0,0.0,0.0,0.0,0.0,0.0,0.0,0.0,0.0,0.0,0.0,0.0,0.0,1.6666666666666665,0.0,0.0,0.0,0.0,0.0,0.0,0.0,0.0,0.0,0.0,0.0,0.0,0.0,0.0,0.0,2.7777777777777777,0.0,0.0,0.0,0.0,0.0,0.0,0.0,0.0,0.0,0.0,0.0,0.0,0.0,0.0,0.0,0.0,0.0,0.0,0.0,0.0,0.0,0.0,0.0,0.0,0.0,0.0,0.0,0.0,0.0,0.0,0.0,0.0,0.0,0.0,0.0,0.0,0.0
2.2222222222222223,0.0,0.0,0.5555555555555556,0.0,0.0,0.0,0.0,0.0,0.0,0.0,1.1111111111111112,0.0,0.0,0.0,2.2222222222222223,0.0,0.0,0.0,0.0,0.0,0.0,0.0,0.0,0.0,0.0,0.0,0.0,0.0,0.0,0.0,0.0,0.0,0.0,0.0,0.0,0.0,0.0,0.0,0.0,0.0,0.0,0.0,0.0,0.0,0.0,0.0,0.0,0.0,0.0,0.0,0.0,0.0,0.0,0.0,0.0,0.0,0.0,0.0,0.0,0.0,0.0,0.0,0.0,0.0,0.0,0.0,0.0,0.0,0.0,0.0,0.0,0.0,0.0,0.0,0.0,0.0,0.0,0.0,0.0,0.0,0.0,0.0,0.0,0.0,0.0,0.0,0.0,0.0,0.0,0.0,0.0,0.0,0.0,0.0,0.0,0.0,0.0,0.0,0.0,0.0,0.0,0.0,0.0,0.0,0.0,0.0,0.0,0.0,0.0,0.0,0.0,0.0,0.0,0.0,0.0,0.0,0.0,0.0,0.0,0.0,0.0,0.0,0.0,0.0,0.0,0.0,0.0,0.0,0.0,0.0,0.0,0.0,0.0,0.0,1.1111111111111112,0.0,0.0,0.0,0.0,0.0,0.0,0.0,0.0,0.0,0.0,0.0,0.0,0.0,0.0,0.0,0.0,0.0,0.0,0.0,0.0,0.0,0.0,0.0,0.0,0.0,0.0,0.0,0.0,0.0,0.0,0.0,0.0,0.0,0.0,0.0,0.0,0.0,0.0,0.0,0.0,0.0,0.0,0.0,0.0,0.0,0.0,0.0,0.0,0.0,0.0,0.0,0.0,0.0,0.0,0.0,0.0,0.0,0.0,0.0,0.0,0.0,0.0,0.0,0.0,0.0,0.0,0.0,0.0,0.0,0.0,0.0,0.0,0.0,0.0,0.0,0.0,0.0,0.0,0.0,0.0,0.0,0.0,0.0,0.0,0.0,0.0,0.0,0.0,0.0,0.0,0.0,0.0,0.0,0.0,0.5555555555555556,0.0,0.0,0.0,0.0,0.0,0.0,0.0,0.0,0.0,0.0,0.0,0.0,0.0,0.0,0.0,0.0,0.0,0.0,0.0
225.62791398014846,41.4014956566444,15.709266849023209,57.30161183422052,18.1937779942895,55.06534600241694,19.17079766924968,5.985668276972625,15.26664368769632,14.968941389994022,12.244059292686295,1.8325901151988109,12.645502645502646,36.41786283891547,27.89351851851852,7.222222222222222,5.77754632645937,146.46605426338567,12.795699469612511,5.592592592592592,21.701671469574283,6.617943555300534,1.0103785103785103,2.4225774225774224,11.505602240896359,0.0,0.0,5.530467921772269,0.0,0.0,0.0,0.0,4.658155049459397,0.0,2.905982905982906,0.0,0.2564102564102564,0.0,0.0,9.347915771828815,0.0,1.6998556998557,1.6666666666666665,0.17543859649122806,0.0,9.38888888888889,0.8115942028985507,1.0185185185185184,0.0,0.0,0.18518518518518517,2.7777777777777777,4.896723646723647,5.75,0.18518518518518517,0.41666666666666663,0.0,0.0,0.0,1.6666666666666665,0.15873015873015872,0.0,0.0,0.0,0.0,2.0286935286935286,3.0550682261208575,0.0,0.0,0.0,6.388888888888888,0.0,0.0,2.0286935286935286,0.7065217391304347,2.5,3.6473555684081997,0.0,0.0,0.0,0.41666666666666663,0.0,0.0,0.0,0.0,0.0,0.0,0.0,0.0,0.0,0.0,0.8181818181818181,0.0,0.0,0.0,6.017748862714537,4.666666666666666,0.0,0.0,0.0,0.0,5.0,0.0,0.0,1.6666666666666665,3.696296296296296,0.0,0.0,0.0,4.205128205128204,3.333333333333333,0.0,0.0,0.0,0.7407407407407407,0.0,0.0,0.0,0.0,0.0,0.0,0.0,3.5286935286935286,0.3333333333333333,0.0,0.0,0.0,0.41666666666666663,0.0,0.0,0.0,0.0,0.0,0.0,0.47619047619047616,0.5555555555555556,0.0,0.0,0.0,0.0,0.0,1.3134088134088133,0.0,1.1428571428571428,0.0,1.8095238095238093,0.0,1.1111111111111112,0.0,0.0,0.0,0.0,9.004202425255057,0.0,0.0,0.0,0.0,1.6666666666666665,0.0,0.0,0.0,0.16666666666666666,0.0,7.535612535612535,0.0,0.0,0.0,0.4738562091503268,0.0,0.0,9.416666666666666,0.0,0.0,0.0,0.0,0.41666666666666663,0.0,0.0,0.0,0.0,0.0,0.0,0.0,0.0,0.0,0.0,0.0,0.0,0.0,0.0,0.0,0.0,0.0,0.0,0.0,0.0,0.0,0.0,0.0,0.37037037037037035,0.0,0.0,0.0,0.0,0.0,0.0,0.0,0.0,0.0,0.20833333333333331,0.0,0.0,0.0,0.7407407407407407,0.0,0.41666666666666663,0.0,0.0,0.0,0.0,0.0,0.5076726342710998,0.0,0.0,0.0,0.0,0.41666666666666663,0.0,1.4444444444444444,0.0,0.0,0.0,0.0,0.2777777777777778,0.0,1.6666666666666665,0.0,0.0,0.0,0.0,0.0,0.0,0.0,0.0,0.0,0.0,0.0,0.5047760210803689,0.0,0.0
12.222222222222221,0.0,0.3333333333333333,0.0,0.0,0.6666666666666666,0.0,0.6666666666666666,3.333333333333333,0.0,3.333333333333333,4.444444444444445,0.0,0.0,0.0,0.0,1.1111111111111112,0.0,0.0,0.0,0.0,0.0,0.0,0.0,0.0,0.0,3.333333333333333,0.0,0.8333333333333334,10.0,0.0,0.0,0.0,0.0,0.0,1.1111111111111112,0.0,0.0,0.0,0.0,0.0,0.0,0.0,0.0,0.0,0.0,1.1111111111111112,0.0,0.0,0.0,0.0,0.0,0.0,0.0,0.0,0.0,0.0,0.0,0.0,0.0,0.0,2.2222222222222223,0.0,0.0,0.0,0.0,0.0,0.0,0.0,0.0,0.0,0.0,0.0,0.0,1.1111111111111112,0.0,0.0,0.0,0.0,0.0,0.0,0.0,0.0,0.0,0.0,0.0,0.0,0.0,0.0,0.0,0.0,0.0,0.0,0.0,0.0,0.0,0.0,0.0,0.0,0.0,0.0,0.0,0.0,0.0,0.0,0.0,0.0,0.0,0.0,0.0,0.0,0.0,0.0,0.0,0.0,0.0,0.0,0.0,0.0,0.0,0.0,0.0,0.0,0.0,0.0,0.0,0.0,0.0,0.0,0.0,0.0,0.0,0.0,0.0,0.0,0.0,0.0,0.0,0.0,0.0,0.0,0.0,0.0,0.0,0.0,0.0,0.0,0.0,0.0,0.0,0.0,0.0,0.0,0.0,0.0,0.0,0.0,0.0,0.0,0.0,0.0,0.0,0.0,0.0,0.0,0.0,0.0,0.0,0.0,0.0,0.0,0.0,0.0,0.0,0.0,0.0,0.0,0.0,0.0,0.0,0.0,0.0,0.0,0.0,0.0,0.0,0.0,0.0,0.0,0.0,0.0,0.0,0.0,0.0,0.0,0.0,0.0,0.0,0.0,0.0,0.0,0.0,0.0,0.0,0.0,0.0,0.0,0.0,0.0,0.0,0.0,0.0,0.0,0.0,0.0,0.0,0.0,0.0,0.0,0.0,0.2777777777777778,0.0,0.0,0.0,0.0,0.0,0.0,0.0,0.0,0.0,0.0,0.0,0.0,0.0,0.0,0.0,0.0,0.0,0.0,0.0,0.0,0.0,0.0,0.0,0.0,0.0,0.0,0.0,0.0,0.0
16.85185185185185,8.055555555555555,0.0,13.194444444444445,13.680555555555555,0.0,6.944444444444445,0.0,6.944444444444444,3.452380952380952,2.2222222222222223,26.944444444444443,5.0,4.166666666666666,2.2222222222222223,0.0,2.599206349206349,0.0,0.0,0.0,0.0,0.0,1.6666666666666665,3.888888888888889,1.25,0.8333333333333333,0.2777777777777778,2.7777777777777777,0.8333333333333334,19.166666666666664,0.1388888888888889,0.0,0.0,0.7142857142857142,0.0,2.037037037037037,0.0,0.0,0.1388888888888889,4.444444444444445,0.0,1.6666666666666665,1.6666666666666667,2.7777777777777777,0.0,0.0,1.1111111111111112,0.0,0.0,0.0,0.0,0.0,2.7777777777777777,0.0,0.0,0.0,0.0,0.1388888888888889,0.0,0.0,0.0,2.2222222222222223,0.0,0.0,0.0,0.0,0.0,0.0,0.0,0.0,0.0,0.0,0.2777777777777778,0.0,1.1111111111111112,0.0,0.0,0.0,3.333333333333333,0.0,0.5555555555555556,0.0,0.0,0.0,0.0,0.0,0.0,0.0,0.0,0.0,0.0,0.0,0.0,0.0,0.0,0.0,0.0,0.0,0.0,0.0,0.0,0.0,0.0,0.0,0.0,0.0,0.0,0.0,0.0,0.0,0.0,0.0,0.0,0.0,0.0,0.0,0.0,0.0,0.0,0.0,0.0,0.0,0.0,0.0,0.0,0.0,0.0,0.0,0.0,0.0,0.0,0.0,4.017857142857142,0.0,0.0,0.0,0.0,0.0,0.0,0.0,0.0,0.0,0.0,0.0,0.0,0.0,0.0,0.0,0.0,0.0,0.0,0.0,0.0,0.0,0.0,0.0,0.0,0.0,0.0,0.0,0.8333333333333333,0.0,0.0,0.0,0.0,0.0,0.9722222222222222,0.0,0.0,0.0,0.0,0.0,0.0,0.0,0.0,0.0,0.0,0.0,0.0,0.0,0.0,0.0,0.0,0.0,0.0,0.0,0.0,0.0,0.0,0.0,0.0,0.0,0.11904761904761904,0.0,0.0,0.0,0.0,0.0,0.0,0.0,0.0,0.0,0.0,0.1388888888888889,0.0,0.0,0.0,0.0,0.0,0.0,0.0,0.0,0.0,0.0,0.0,0.0,0.0,0.0,0.0,0.0,0.2777777777777778,0.0,0.0,0.0,0.0,0.0,0.0,0.0,0.0,0.2777777777777778,0.0,0.0,0.0,0.0,0.0,0.0,0.0,0.0,0.0,0.0,0.0,0.0,0.0,0.0,0.0,0.0,0.0,0.0,0.0,0.0
93.92948717948717,34.70165260196906,28.753579753579753,15.547619047619046,16.157435420884788,17.634920634920633,13.095238095238095,26.91865079365079,27.477092352092352,6.444444444444445,4.238095238095237,28.7536075036075,2.5555555555555554,6.305555555555555,1.9047619047619047,12.909493284493283,13.00595238095238,39.04563492063492,14.669973544973544,5.713522588522588,25.764550264550262,2.5297619047619047,9.166666666666666,0.5555555555555556,2.5,0.30303030303030304,8.162393162393162,1.6666666666666665,20.320887445887447,2.18013468013468,4.833333333333333,2.2222222222222223,0.8333333333333333,17.0,1.7857142857142856,0.0,2.890873015873016,2.2222222222222223,5.414862914862915,0.23809523809523808,6.642857142857143,0.0,1.4285714285714284,0.0,0.20833333333333331,4.055555555555555,33.888888888888886,2.9166666666666665,5.0,14.335377585377584,6.666666666666666,6.541666666666666,1.6666666666666665,0.0,0.41666666666666663,0.23809523809523808,0.0,1.476190476190476,3.333333333333333,0.3333333333333333,1.375,0.0,0.0,0.0,0.0,0.5555555555555556,0.0,0.0,0.0,0.0,0.0,2.6111111111111107,0.0,0.0,0.0,1.25,0.11904761904761904,0.0,0.41666666666666663,0.0,0.8333333333333333,0.0,0.0,3.3333333333333335,0.0,0.0,0.0,0.0,2.2777777777777777,0.0,1.6666666666666665,0.41666666666666663,0.0,0.0,0.0,0.0,0.2777777777777778,0.0,0.0,0.0,0.0,1.6666666666666665,0.0,0.0,0.0,4.5813492063492065,0.09427742616033755,0.0,1.4141613924050633,0.06944444444444445,15.102453102453103,0.0,0.3571428571428571,0.0,0.0,0.09427742616033755,0.0,0.09427742616033755,0.09427742616033755,0.9427742616033755,0.09427742616033755,0.09427742616033755,4.206349206349206,0.0,0.0,0.0,0.0,0.0,0.0,1.0416666666666665,0.0,0.0,0.0,0.0,0.0,0.0,0.0,0.0,0.0,0.0,0.0,0.41666666666666663,0.0,1.25,0.0,0.3333333333333333,2.876984126984127,0.0,0.0,0.0,3.75,0.0,0.0,0.0,0.0,2.2222222222222223,0.41666666666666663,0.0,0.0,0.0,0.0,0.0,0.0,0.0,0.0,0.8333333333333333,0.0,0.0,0.0,0.0,0.0,0.0,0.3333333333333333,0.0,0.0,0.0,0.0,0.0,0.5555555555555556,0.0,0.0,0.0,0.0,0.0,0.0,0.0,0.0,0.0,0.20833333333333331,0.0,0.0,1.0714285714285714,0.0,0.0,2.2222222222222223,0.0,0.0,0.0,0.0,0.0,4.166666666666667,0.0,0.0,0.0,0.0,0.0,0.1388888888888889,0.0,0.0,0.6666666666666666,0.0,0.0,0.0,0.0,0.0,0.0,0.0,0.0,0.0,0.0,0.0,0.0,0.0,1.6502578527894982,0.0,1.6666666666666667,0.20833333333333331,0.0,1.768415963431786,0.0,0.0,3.3333333333333335,0.0,0.20833333333333331,0.0,0.0,0.0,0.0,0.0,0.23809523809523808,0.0,0.0,0.0,0.0,0.0,0.0,0.0,1.1111111111111112,0.0,0.0
9.27037037037037,3.333333333333333,5.944444444444445,0.8333333333333333,7.549603174603175,0.16666666666666666,0.8333333333333333,0.6,0.8333333333333333,1.001984126984127,3.5185185185185186,3.194444444444444,0.5555555555555556,0.0,1.6666666666666665,0.5555555555555556,0.0,0.0,0.37037037037037035,0.0,0.0,0.8333333333333333,0.0,0.8333333333333333,0.0,0.0,0.7453703703703703,0.0,0.0,0.8333333333333333,0.0,0.3333333333333333,0.0,0.3333333333333333,0.0,0.8333333333333333,0.0,0.0,0.0,0.0,0.0,0.0,0.0,0.0,0.0,0.0,0.5555555555555556,0.0,0.0,0.625,0.0,0.0,0.0,0.0,0.0,0.0,0.0,0.0,0.4444444444444445,0.0,0.0,0.2777777777777778,0.0,0.0,0.0,0.0,0.0,0.0,0.0,0.0,0.0,0.0,0.0,0.0,0.0,0.0,0.0,0.0,0.0,0.11111111111111112,0.0,0.37037037037037035,0.0,0.11904761904761904,0.0,0.0,0.0,0.0,0.0,0.0,0.0,0.0,0.0,0.0,0.0,0.0,0.0,0.0,0.0,0.0,0.0,0.0,0.0,0.0,0.0,0.0,0.0,0.0,0.0,0.0,0.0,0.0,0.0,0.0,0.0,0.0,0.0,0.0,0.0,0.0,0.0,0.0,0.0,0.0,0.0,0.0,0.0,0.0,0.0,0.0,0.0,0.0,0.0,0.0,0.0,0.0,0.0,0.0,0.0,0.0,0.0,0.0,0.0,0.0,0.0,0.0,0.0,0.0,0.0,0.0,0.0,0.0,0.0,0.5555555555555556,0.0,0.0,0.0,0.0,0.0,0.0,0.0,0.0,0.0,0.0,0.0,0.0,0.0,0.0,0.0,0.0,0.0,0.0,0.0,0.0,0.0,0.0,0.0,0.0,0.0,0.0,0.16666666666666666,0.0,0.0,0.0,0.0,0.0,0.0,0.0,0.0,0.0,0.0,0.0,0.0,0.0,0.0,0.0,0.0,0.0,0.0,0.0,0.0,0.0,0.0,0.0,0.0,0.0,0.0,0.0,0.0,0.0,0.0,0.0,0.0,0.0,0.0,0.0,0.0,0.0,0.0,0.0,0.0,0.0,0.0,0.0,0.0,0.0,0.0,0.0,0.0,0.0,0.0,0.0,0.0,0.0,0.0,0.0,0.0,0.0,0.0,0.0,0.0,0.0,0.0,0.0,0.0,0.0,0.0,0.0,0.0,0.0
6.666666666666666,2.2222222222222223,0.0,2.0,0.0,10.0,0.0,0.0,0.0,0.0,0.0,0.0,0.0,4.444444444444445,0.0,0.0,0.0,0.0,0.0,0.0,0.0,0.0,0.0,0.0,0.0,0.0,0.0,0.0,0.0,0.0,0.0,0.0,0.0,0.0,0.0,0.0,0.0,0.0,0.0,0.0,0.0,0.0,0.0,0.0,0.0,0.0,0.0,0.0,0.0,0.0,0.0,0.0,0.0,0.0,0.0,0.0,0.0,1.1111111111111112,0.0,0.0,0.0,0.0,0.0,0.0,0.0,0.0,0.0,0.0,0.0,0.0,0.0,0.0,0.0,0.0,0.0,0.0,0.0,0.0,0.0,0.0,0.0,0.0,0.0,0.0,0.0,0.0,0.0,0.0,0.0,0.0,0.0,0.0,0.0,0.0,0.0,0.0,0.0,0.0,0.0,0.0,0.0,0.0,3.333333333333333,0.0,0.0,0.0,0.0,0.0,0.0,0.0,0.0,0.0,0.0,0.0,0.0,0.0,0.0,0.0,0.0,0.0,0.0,0.0,0.0,0.0,0.0,0.0,0.0,0.0,0.0,0.0,0.0,0.0,0.0,0.0,0.0,0.0,0.0,0.0,0.0,0.0,0.0,0.0,0.0,0.0,0.0,0.0,0.0,0.0,0.0,0.0,0.0,0.0,0.0,0.0,0.0,0.0,0.0,0.0,0.0,0.0,0.0,0.0,0.0,0.0,0.0,0.0,0.0,0.0,0.0,0.0,0.0,0.0,0.0,0.0,0.0,0.0,0.0,0.0,0.0,0.0,0.0,0.0,0.0,0.0,0.0,0.0,0.0,0.0,0.0,0.0,0.0,0.0,0.0,0.0,0.0,0.0,0.0,0.0,0.0,0.0,0.0,0.0,0.0,0.0,0.0,0.0,0.0,0.0,0.0,0.0,0.0,0.0,0.0,0.0,0.0,0.0,0.0,0.0,0.0,0.0,0.0,0.0,0.0,0.0,0.0,0.0,0.0,0.0,0.0,0.0,0.0,0.0,0.0,0.0,0.0,0.0,0.0,0.0,0.0,0.0,0.0,0.0,0.0,0.0,0.0,0.0,0.0,0.0,0.0,0.0
101.45502645502646,7.8240740740740735,1.1111111111111112,15.055555555555555,8.981481481481481,12.777777777777777,39.72222222222222,13.333333333333332,10.0,7.4074074074074066,19.920634920634917,8.703703703703702,2.4074074074074074,68.18518518518518,17.253968253968253,24.555555555555554,6.428571428571429,0.2777777777777778,5.0,0.0,1.6666666666666665,9.907407407407407,0.5555555555555556,0.0,3.333333333333333,3.4999999999999996,0.0,0.4444444444444445,0.0,4.12037037037037,0.47619047619047616,0.0,0.0,0.0,1.5873015873015874,8.583333333333334,0.6613756613756614,2.5,3.333333333333333,3.333333333333333,1.4285714285714284,1.4814814814814814,1.369047619047619,0.0,0.0,0.0,0.0,0.0,0.0,1.6666666666666665,5.0,0.0,1.6666666666666667,0.0,0.0,0.0,2.2222222222222223,0.0,0.0,1.5555555555555556,0.0,0.0,2.619047619047619,0.0,0.0,0.0,0.0,0.0,0.0,1.6666666666666665,0.0,2.0634920634920633,0.0,0.0,6.666666666666666,0.0,2.2222222222222223,0.0,0.0,0.0,0.0,0.0,0.0,0.0,0.0,0.0,4.444444444444445,0.0,0.0,0.0,0.0,0.0,0.0,0.0,0.0,8.333333333333332,0.0,0.0,0.0,0.0,1.1111111111111112,0.0,0.0,0.0,0.0,0.0,0.10752688172043012,0.0,1.612903225806452,0.0,0.0,0.0,0.0,0.0,0.0,0.10752688172043012,0.0,0.10752688172043012,0.10752688172043012,1.0752688172043012,0.10752688172043012,0.10752688172043012,0.0,1.6666666666666665,0.0,0.0,0.0,0.0,0.0,0.0,0.0,0.0,0.0,0.0,0.0,0.0,0.0,1.6666666666666665,0.0,1.6666666666666665,0.0,0.0,0.0,0.0,0.0,1.1111111111111112,0.0,0.0,1.6666666666666665,0.0,0.0,0.0,0.0,0.0,0.0,0.0,0.0,0.0,0.0,0.0,0.0,1.6666666666666665,0.0,0.0,0.0,0.0,0.0,0.0,0.0,0.8928571428571428,0.0,0.0,0.0,0.0,0.0,0.1388888888888889,0.0,0.0,0.0,9.791666666666666,0.0,0.0,0.0,0.0,0.0,0.0,0.0,2.7777777777777777,0.0,0.0,0.0,0.0,0.0,0.0,0.0,0.0,0.0,0.0,0.0,0.0,0.0,0.0,0.0,0.0,0.0,0.0,0.0,0.0,0.0,0.0,0.0,0.0,0.0,0.0,0.0,0.0,0.0,0.0,0.0,0.0,0.0,0.0,0.0,0.0,0.0,1.6666666666666665,0.0,0.0,0.0,0.0,0.0,0.0,0.9523809523809523,0.0,0.9523809523809523,0.0,0.0,0.0,0.0,0.0,0.0,0.0,0.0,0.0,0.0,0.0,0.0,0.0,0.0,0.0
250.74379324379322,181.56679894179894,111.57010582010581,167.15079365079364,94.51596003898635,183.32407407407408,94.10958485958486,420.4953703703703,215.33566760037348,69.20899470899471,81.05537518037518,58.92129629629629,62.58796296296296,22.22222222222222,18.72222222222222,62.71759259259259,60.05291005291005,31.476190476190474,35.27777777777778,33.97222222222222,94.44444444444444,25.087301587301585,31.333333333333332,24.944444444444443,34.61111111111111,33.80952380952381,5.833333333333333,21.984126984126984,43.513888888888886,26.777777777777775,16.40740740740741,2.5,24.753968253968253,44.592592592592595,17.11111111111111,23.666666666666664,33.33333333333333,25.055555555555554,33.08333333333333,27.477513227513228,6.031746031746032,10.44159544159544,28.547619047619047,10.76470588235294,8.333333333333332,143.3505291005291,7.611111111111111,26.098039215686274,4.444444444444444,25.694749694749692,17.97222222222222,9.253968253968253,18.569444444444443,11.25,18.333333333333332,5.666666666666666,8.0,6.166666666666666,2.888888888888889,21.452380952380953,2.333333333333333,6.111111111111111,2.7777777777777777,4.444444444444445,22.22222222222222,2.8020050125313283,10.61111111111111,10.666666666666666,14.166666666666666,17.833333333333332,18.13888888888889,33.652116402116405,9.119047619047619,1.9131161236424394,31.314814814814813,14.642857142857142,5.694444444444444,2.5,8.333333333333332,11.555555555555555,7.5,4.972222222222222,3.333333333333333,16.805555555555554,3.333333333333333,23.203703703703702,2.083333333333333,3.5,4.92063492063492,1.6666666666666665,8.11111111111111,11.666666666666666,3.3333333333333335,4.555555555555555,8.722222222222221,9.0,3.6111111111111107,0.0,3.333333333333333,4.444444444444445,4.0,2.944444444444444,1.1111111111111112,8.055555555555555,0.0,8.666666666666666,0.22772825881909073,4.791666666666666,3.4159238822863607,0.0,0.8333333333333333,6.111111111111111,6.309523809523809,9.444444444444445,0.0,0.22772825881909073,9.944444444444445,0.22772825881909073,0.22772825881909073,2.277282588190907,0.22772825881909073,0.22772825881909073,1.3888888888888888,3.333333333333333,1.1111111111111112,3.4074074074074074,1.6666666666666665,1.6666666666666665,4.444444444444445,11.018518518518519,10.458333333333332,0.0,0.0,1.1111111111111112,1.6666666666666665,0.5925925925925926,15.350877192982455,0.0,0.0,1.6666666666666665,0.0,0.0,3.3333333333333335,2.5,0.6666666666666666,1.6666666666666665,0.0,0.0,1.6666666666666665,0.0,0.0,7.222222222222221,3.3333333333333335,1.9444444444444444,2.5,0.0,2.2222222222222223,3.8888888888888884,2.1296296296296298,14.74074074074074,16.005291005291006,0.8333333333333333,0.0,0.0,0.8333333333333333,3.333333333333333,1.9444444444444444,3.333333333333333,5.5,0.0,0.0,0.0,17.023809523809522,5.0,3.888888888888889,0.0,1.6666666666666665,3.333333333333333,1.6666666666666667,6.333333333333333,3.4583333333333335,1.3333333333333333,0.6666666666666666,0.47619047619047616,1.9047619047619047,0.0,4.166666666666667,2.083333333333333,10.625,0.0,0.0,4.555555555555555,0.0,0.0,8.333333333333332,0.0,0.0,0.0,0.0,0.8333333333333333,0.0,0.0,0.0,1.6666666666666665,0.0,1.25,0.0,0.0,0.0,0.0,0.6666666666666666,3.333333333333333,0.0,0.0,3.333333333333333,0.0,0.0,1.6666666666666665,2.4444444444444446,0.0,3.333333333333333,0.0,4.794973544973545,15.347097347097346,1.5,3.888888888888889,0.0,0.0,2.5,0.0,0.0,0.0,3.5,0.0,3.5,0.0,0.0,0.37037037037037035,0.0,0.0,0.0,3.888888888888889,0.0,1.1111111111111112,0.0,0.0,0.0,0.0,2.142857142857143,0.0
1672.6719576719574,313.6574074074074,364.46296296296293,265.9907407407407,390.0833333333333,176.8937908496732,384.23148148148147,143.0,203.29365079365078,211.24074074074073,105.99999999999999,209.18518518518516,120.24074074074073,126.94444444444444,38.77777777777778,43.425925925925924,42.51851851851852,186.6111111111111,38.7037037037037,50.55555555555555,72.08333333333333,72.25925925925925,71.27777777777777,77.63888888888889,47.5,44.907407407407405,73.09259259259258,61.87499999999999,38.56481481481481,89.97643097643098,14.24074074074074,9.444444444444443,23.833333333333332,4.2592592592592595,28.499999999999996,46.666666666666664,15.0,16.944444444444443,33.53174603174603,31.85185185185185,11.388888888888888,36.77777777777778,8.333333333333332,20.0,6.666666666666666,16.666666666666664,6.666666666666666,37.87037037037037,11.666666666666666,68.51851851851852,47.11111111111111,9.166666666666666,21.59259259259259,7.5,8.055555555555555,0.0,37.93518518518518,4.444444444444445,53.62091503267974,23.148148148148145,0.0,5.555555555555555,6.388888888888888,2.6666666666666665,8.61111111111111,2.195767195767196,13.796296296296296,2.7777777777777777,13.777777777777777,3.8888888888888893,8.425925925925926,2.962962962962963,0.0,1.0846560846560847,126.99074074074073,19.72222222222222,13.62962962962963,10.388888888888888,4.444444444444445,4.444444444444445,0.0,10.185185185185183,6.111111111111111,2.222222222222222,0.0,4.2592592592592595,1.6666666666666665,7.222222222222221,1.6666666666666665,20.26851851851852,4.555555555555555,3.333333333333333,6.666666666666666,16.38888888888889,5.0,12.777777777777777,2.2222222222222223,1.6666666666666665,5.833333333333333,6.666666666666666,3.333333333333333,10.999999999999998,6.981481481481481,7.222222222222221,1.1111111111111112,0.8333333333333334,0.11902708297395205,2.0370370370370368,1.7854062446092807,0.7407407407407407,3.333333333333333,6.851851851851851,1.6666666666666665,3.0555555555555554,1.6666666666666665,0.11902708297395205,1.1111111111111112,0.11902708297395205,0.11902708297395205,1.1902708297395206,0.11902708297395205,0.11902708297395205,1.1111111111111112,26.666666666666664,3.333333333333333,0.0,24.999999999999996,5.0,1.1111111111111112,7.407407407407407,10.0,0.0,0.0,0.0,1.6666666666666665,0.5925925925925926,5.0,0.0,3.333333333333333,3.333333333333333,5.0,0.2777777777777778,0.0,0.0,0.0,1.1111111111111112,0.0,0.0,3.333333333333333,0.0,16.61111111111111,4.444444444444445,0.0,3.333333333333333,6.666666666666666,0.0,0.8333333333333333,5.0,4.62962962962963,2.4074074074074074,0.0,0.0,0.0,0.0,0.0,0.5555555555555556,0.0,6.666666666666667,0.0,5.0,0.0,0.0,3.518518518518518,2.333333333333333,0.5555555555555556,6.249999999999999,0.0,0.5555555555555556,5.0,1.6666666666666665,0.0,0.0,0.0,1.0046296296296295,4.018518518518518,0.0,0.41666666666666663,3.7499999999999996,4.444444444444444,0.0,0.0,0.0,0.0,0.0,3.333333333333333,1.1111111111111112,0.0,0.0,0.0,0.0,0.0,0.0,0.0,3.333333333333333,0.0,1.6666666666666665,0.0,0.0,1.1111111111111112,0.0,0.0,6.666666666666666,0.0,0.0,1.6666666666666665,0.0,0.0,3.333333333333333,3.1481481481481484,0.0,0.0,0.0,0.0,0.0,0.0,4.814814814814815,0.37037037037037035,0.5555555555555556,0.0,11.666666666666666,0.0,0.0,3.7777777777777777,0.5555555555555556,3.7777777777777777,0.41666666666666663,0.0,5.0,1.1111111111111112,0.0,0.0,13.472222222222221,3.7037037037037033,1.6666666666666667,0.0,3.333333333333333,0.0,0.0,0.0,0.0
85.5568783068783,38.57336182336182,48.71825396825397,51.073412698412696,47.77777777777778,23.61111111111111,28.84722222222222,12.824074074074073,39.66005291005291,14.11111111111111,44.629629629629626,17.98611111111111,8.874338624338623,32.62830687830688,6.055555555555555,40.46759259259259,22.35185185185185,7.361111111111111,5.821225071225071,16.207010582010582,4.027777777777778,10.722222222222221,4.611111111111111,24.694444444444443,5.555555555555555,3.333333333333333,4.537037037037036,15.324074074074073,0.75,16.689814814814813,7.357142857142857,9.351851851851851,4.037037037037037,38.84391534391534,0.37037037037037035,7.119047619047619,1.5277777777777777,0.41666666666666663,14.097222222222221,8.518518518518519,5.268518518518518,3.75,0.6851851851851852,7.982142857142857,0.0,7.01058201058201,10.373931623931623,3.6111111111111107,0.0,0.2777777777777778,3.75,1.1111111111111112,2.5,2.367724867724868,0.0,0.20833333333333331,0.0,0.0,1.6666666666666665,2.380952380952381,0.37037037037037035,3.888888888888889,0.0,2.5,1.0833333333333333,0.0,0.0,0.0,0.8333333333333333,0.0,0.0,0.37037037037037035,0.0,0.0,0.0,0.0,2.8769841269841265,0.0,0.0,0.0,0.37037037037037035,1.6666666666666665,0.0,1.3194444444444444,16.444444444444443,0.0,1.6666666666666665,0.0,1.6666666666666665,0.0,0.0,0.0,0.8333333333333334,0.0,0.6666666666666667,0.0,0.0,13.703703703703702,0.0,8.055555555555555,0.3333333333333333,0.0,6.481481481481481,0.0,0.0,0.0,0.046296296296296294,0.0,0.6944444444444444,0.0,0.0,0.0,1.6666666666666667,0.0,0.0,0.046296296296296294,0.0,0.046296296296296294,0.046296296296296294,0.4629629629629629,0.046296296296296294,0.046296296296296294,0.0,0.0,0.2777777777777778,0.046296296296296294,0.0,0.37037037037037035,0.0,0.0,0.0,2.7777777777777777,1.6666666666666665,2.962962962962963,0.0,0.0,0.0,0.0,0.0,1.6666666666666667,0.41666666666666663,0.0,0.41666666666666663,0.0,0.0,0.0,0.8333333333333334,0.6666666666666666,0.9259259259259259,0.0,0.0,0.0,0.0,1.2037037037037037,0.16666666666666666,0.0,1.25,0.0,0.0,0.0,0.5555555555555556,0.0,0.2777777777777778,0.0,0.0,0.0,0.8928571428571428,0.8095238095238095,0.0,1.1111111111111112,0.0,0.0,0.0,0.0,0.0,0.0,0.0,2.0370370370370368,0.0,0.0,0.0,1.0,0.5,0.0,0.0,0.41666666666666663,2.9861111111111107,0.0,0.0,2.1296296296296298,0.0,0.0,0.0,0.0,0.0,0.0,0.0,2.333333333333333,0.0,0.0,0.0,0.0,0.0,1.1111111111111112,2.5,0.0,0.0,0.0,0.0,0.0,0.0,0.0,0.0,0.0,0.0,0.0,1.6666666666666665,0.0,0.0,0.37037037037037035,0.8333333333333333,0.0,0.0,0.0,0.41666666666666663,0.0,0.0,0.0,0.0,0.0,0.0,0.0,0.0,0.2777777777777778,0.0,0.0,0.0,0.0,0.5555555555555556,0.0,0.0,0.0,0.0,0.0,0.0,0.0,0.0,0.0,0.0,0.0
134.0520282186949,27.34347442680776,78.57539682539682,29.33862433862434,16.203703703703702,52.09126984126984,54.37742504409171,194.12125220458555,15.828924162257495,0.888888888888889,4.5,7.648148148148148,39.216931216931215,3.5185185185185186,168.28615520282187,3.990299823633157,29.73236331569665,1.5277777777777777,1.8253968253968256,82.87433862433862,159.9021164021164,27.21604938271605,2.058201058201058,83.64462081128748,44.27513227513228,18.193121693121693,0.0,0.0,224.7231040564374,3.333333333333333,5.018518518518518,32.64021164021164,21.96869488536155,31.113756613756614,9.833333333333334,0.5555555555555556,16.22310405643739,2.6984126984126986,0.46296296296296297,14.148148148148147,69.5568783068783,0.0,3.185185185185185,19.394179894179896,9.928571428571429,17.751322751322753,665.781746031746,0.0,32.695767195767196,63.19179894179894,1.1111111111111112,4.777777777777778,8.037037037037036,3.6878306878306875,2.2222222222222223,31.117724867724867,0.0,9.555555555555555,0.0,0.9259259259259259,0.0,0.18518518518518517,5.08994708994709,98.0925925925926,4.299823633156967,0.0,1.3888888888888888,11.907407407407408,18.53174603174603,4.388888888888889,2.925925925925926,7.537037037037037,20.400352733686066,0.0,0.0,1.1111111111111112,0.37037037037037035,14.268518518518519,0.0,11.626102292768959,0.6666666666666666,0.0,4.611111111111111,0.37037037037037035,6.499999999999999,0.0,1.0,36.75925925925926,9.216931216931217,55.615440115440116,2.4259259259259256,0.22222222222222224,1.2407407407407407,0.0,8.41358024691358,3.8888888888888884,0.8333333333333333,0.0,0.09259259259259259,42.38095238095238,14.907407407407407,0.0,6.8994708994708995,13.477513227513228,1.9814814814814816,0.47619047619047616,0.0,1.4259259259259258,0.5555555555555556,1.1111111111111112,0.22222222222222224,0.0,9.277777777777779,0.0,0.0,0.0,0.0,0.0,0.0,0.0,0.0,0.0,0.0,5.638888888888889,5.436507936507937,1.712962962962963,1.1772486772486772,0.6851851851851852,2.4074074074074074,0.0,0.0,21.020282186948855,0.0,0.0,0.0,0.0,0.37037037037037035,0.0,0.5,3.6031746031746033,0.0,1.1111111111111112,13.919753086419753,0.0,0.0,0.0,2.753086419753086,14.742063492063492,3.417989417989418,0.0,2.7777777777777777,1.1111111111111112,0.0,1.0555555555555556,0.11111111111111112,0.0,5.037037037037037,0.6172839506172839,19.907407407407405,3.9682539682539684,0.0,0.0,8.530864197530864,0.0,17.166666666666668,0.0,1.8703703703703702,0.0,2.037037037037037,0.0,0.0,1.4444444444444446,0.0,1.075036075036075,0.18518518518518517,0.0,2.111111111111111,0.0,0.7407407407407407,0.0,0.0,0.0,0.0,0.0,0.0,0.0,1.1018518518518519,0.8333333333333334,0.0,0.0,0.18518518518518517,11.559523809523808,0.0,3.333333333333333,0.0,0.0,0.0,0.0,9.555555555555555,0.0,4.285714285714286,0.0,3.3703703703703702,4.675925925925926,1.1111111111111112,0.0,0.23809523809523808,6.944444444444445,0.0,0.0,0.0,0.0,61.3994708994709,0.0,0.0,0.0,3.7037037037037033,0.8148148148148148,0.22222222222222224,5.407407407407407,0.0,0.0,0.0,0.0,0.0,0.40740740740740744,0.0,0.0,1.8518518518518519,0.0,0.0,0.0,0.0,0.5555555555555556,0.0,0.0,1.3333333333333335,0.18518518518518517,1.4444444444444444,0.0,0.0,0.0,0.0,0.0,0.0,0.0,3.611111111111111,0.0,0.5555555555555556,0.47619047619047616
168.31878306878306,13.555555555555554,25.013227513227513,101.82142857142857,41.77777777777778,30.666666666666664,67.94973544973544,11.0,7.361111111111111,38.94444444444444,10.763888888888888,15.333333333333332,8.333333333333332,3.75,19.166666666666668,20.166666666666664,53.83333333333333,18.626984126984127,32.666666666666664,15.888227513227513,39.888888888888886,2.333333333333333,81.3611111111111,0.0,1.7777777777777777,3.333333333333333,20.666666666666664,0.0,0.0,3.333333333333333,0.0,12.666666666666666,0.0,6.111111111111111,2.2222222222222223,0.0,5.0,5.134920634920635,4.666666666666667,0.0,5.625,0.22222222222222224,5.0,11.11111111111111,0.0,0.0,7.222222222222221,0.0,5.666666666666666,0.0,0.0,0.0,12.722222222222221,5.957010582010582,0.3333333333333333,0.0,0.0,3.333333333333333,0.0,0.0,0.0,8.793650793650793,1.6666666666666665,0.0,0.8333333333333333,0.0,0.0,5.833333333333333,0.0,0.0,0.0,0.0,0.0,0.0,0.0,0.0,0.0,20.277777777777775,0.0,0.0,0.0,0.0,0.0,1.6666666666666665,16.666666666666664,0.0,0.0,0.0,0.0,0.0,0.0,0.0,5.0,6.666666666666666,0.0,0.0,0.0,41.654761904761905,0.0,2.611111111111111,0.0,0.0,0.0,0.0,5.555555555555555,0.0,0.0,0.0,0.0,0.0,1.1111111111111112,0.0,1.6666666666666665,0.0,0.0,0.0,0.0,0.0,0.0,0.0,0.0,0.0,0.0,0.0,1.1111111111111112,0.6666666666666666,0.0,0.0,0.0,0.0,0.0,0.0,0.0,0.0,0.0,0.0,0.0,0.8333333333333333,0.0,1.8055555555555554,0.0,0.0,0.0,6.476190476190476,0.0,0.0,0.0,0.0,0.0,0.0,0.0,0.0,0.0,0.0,0.0,0.0,0.47619047619047616,0.0,0.0,0.0,0.0,0.0,0.0,0.0,0.22222222222222224,3.333333333333333,0.0,0.0,1.1111111111111112,0.0,0.0,0.0,0.0,0.0,0.0,0.0,0.0,0.0,0.0,0.0,0.0,0.0,0.0,0.0,0.0,0.0,0.0,0.0,0.0,0.0,0.0,0.0,0.0,0.0,1.6666666666666665,0.0,0.0,0.0,0.0,0.0,0.0,0.0,0.0,0.0,0.0,0.0,0.0,0.0,0.0,0.0,0.0,0.0,0.0,0.0,0.0,0.0,0.0,0.0,0.0,0.0,0.0,0.0,0.0,0.0,0.0,0.0,0.0,0.0,0.0,0.0,0.0,0.0,0.0,0.0,0.0,0.0,0.0,0.0,0.0,0.0,0.0,0.0,0.0,0.0,0.0,0.0,0.0,0.0,0.0,0.0
178.09683341350006,43.657407407407405,58.11600529100529,11.788888888888888,92.66535994869328,18.257936507936506,6.321548821548822,45.530002405002406,16.069444444444443,35.11284271284271,20.315079365079363,14.68994708994709,13.970987654320988,8.141694725028058,6.928571428571429,2.567901234567901,2.742504409171076,3.9179894179894177,23.333333333333332,10.0,13.736467236467236,3.851851851851852,0.0,5.896969696969697,3.2357142857142858,10.484126984126984,9.314814814814815,0.0,2.9857142857142858,3.1468253968253967,4.138888888888889,1.4285714285714284,2.432539682539683,2.287037037037037,0.5,0.5555555555555556,2.1527777777777777,4.339682539682539,11.753968253968255,2.9365079365079367,4.368827160493827,3.5555555555555554,0.680952380952381,1.1111111111111112,0.430952380952381,0.6666666666666667,9.833333333333332,0.0,4.068518518518519,7.323232323232323,2.9907407407407405,0.4444444444444445,0.5,1.9444444444444444,4.924786324786325,0.16666666666666666,0.6944444444444444,0.6666666666666666,12.532804232804232,0.7222222222222222,0.0,0.6944444444444444,0.0,0.0,0.20833333333333331,0.0,0.0,6.984126984126984,2.444444444444444,0.0,0.0,1.1111111111111112,0.0,0.0,0.0,0.0,0.0,0.15873015873015872,0.0,0.0,0.0,3.472222222222222,0.0,0.2833333333333333,1.074074074074074,0.0,0.5555555555555556,0.1388888888888889,0.0,0.0,0.0,0.0,0.0,9.333333333333332,0.0,1.1111111111111112,0.0,1.1111111111111112,0.0,1.0683760683760684,0.0,0.0,0.0,0.0,0.47619047619047616,0.0,0.0,0.0,0.0,0.0,0.5529100529100529,0.7222222222222222,0.0,0.0,1.6666666666666665,0.0,0.0,0.0,0.0,0.0,0.0,0.0,0.23809523809523808,2.333333333333333,0.0,0.0,0.0,0.0,0.0,0.5050505050505051,0.0,0.0,10.238095238095239,0.0,0.0,0.31746031746031744,0.0,0.0,0.0,0.0,0.0,0.0,0.0,0.0,1.5740740740740742,0.0,0.18518518518518517,0.8585858585858586,0.0,5.220017636684303,0.0,0.0,0.37037037037037035,0.0,0.0,0.0,0.08333333333333333,0.0,1.1111111111111112,0.0,0.0,3.333333333333333,0.47619047619047616,0.0,0.0,0.0,0.0,0.0,0.0,0.0,0.0,0.0,0.0,0.0,0.5952380952380952,0.0,0.15873015873015872,0.18518518518518517,0.0,0.0,0.0,0.0,0.0,0.0,0.0,0.0,0.0,0.0,1.1111111111111112,0.0,0.0,0.0,0.0,0.0,0.0,0.1728395061728395,0.0,0.8333333333333334,0.0,0.0,0.0,0.0,0.0,0.2777777777777778,0.0,0.0,0.0,0.0,0.0,0.0,0.0,0.0,0.0,0.0,0.0,0.0,0.5555555555555556,0.0,0.0,0.0,0.0,0.0,0.0,0.0,0.0,0.0,0.0,0.0,0.0,0.0,0.0,0.0,0.0,0.0,0.0,0.0,0.10101010101010102,0.0,0.0,0.0,0.0,0.0,0.0,0.0,0.0,2.2222222222222223,0.0,0.0,0.0,0.0
394.7871572871573,173.83333333333331,41.82539682539682,41.36111111111111,15.833333333333334,11.109788359788359,52.23015873015873,18.400462962962962,41.05952380952381,2.2222222222222223,54.25992063492063,9.5,23.607142857142854,32.73148148148148,1.9999999999999998,68.13792688792688,72.39754689754689,125.25396825396825,0.3333333333333333,119.91005291005291,12.138888888888888,0.0,1.6666666666666665,0.0,1.5714285714285714,27.10515873015873,3.571428571428571,8.472222222222221,0.0,0.0,0.20833333333333331,0.0,6.765873015873016,0.6666666666666666,1.6666666666666665,0.0,0.41666666666666663,0.8194444444444444,0.0,0.0,1.974206349206349,3.8055555555555554,2.2222222222222223,0.0,0.3333333333333333,1.3888888888888888,0.0,1.6666666666666667,0.0,0.0,1.6666666666666667,3.333333333333333,0.0,0.41666666666666663,0.0,1.3333333333333333,2.7777777777777777,0.0,5.277777777777778,1.1574074074074074,1.5277777777777777,0.5555555555555556,0.0,0.0,0.3333333333333333,0.31746031746031744,0.0,1.3333333333333333,0.0,0.0,0.47619047619047616,0.0,0.0,0.31746031746031744,36.98015873015873,0.0,0.0,0.0,0.8333333333333333,4.444444444444445,0.0,1.6666666666666665,0.0,0.5555555555555556,0.0,0.0,0.23809523809523808,0.0,0.0,0.0,0.0,0.0,1.6388888888888888,0.0,0.0,2.638888888888889,0.5555555555555556,0.0,0.0,0.0,0.0,0.0,0.0,0.0,0.0,5.412173202614379,0.0,0.0,0.0,1.6666666666666665,2.083333333333333,0.0,0.0,0.0,0.2777777777777778,0.0,0.0,0.0,0.0,0.0,0.0,0.0,0.0,0.0,0.0,0.0,0.0,0.0,0.0,1.6318082788671024,0.0,0.0,0.0,0.0,1.6527777777777777,27.5297619047619,0.0,0.0,0.0,0.0,0.0,0.0,0.5555555555555556,1.6666666666666667,1.1111111111111112,0.0,0.0,0.0,0.0,0.0,1.5277777777777777,0.0,0.0,0.0,0.0,0.41666666666666663,0.0,0.0,0.0,0.0,1.875,0.0,0.0,5.638888888888888,0.0,0.3333333333333333,0.0,0.0,0.0,0.0,0.41666666666666663,0.0,0.0,0.0,0.0,0.0,0.0,0.0,0.0,0.0,0.0,0.0,0.0,0.6481481481481481,2.5925925925925926,0.0,0.0,0.0,0.0,0.0,0.0,0.0,0.41666666666666663,0.0,0.0,3.333333333333333,0.0,0.0,0.0,0.0,0.0,0.0,0.3333333333333333,0.0,0.0,0.0,0.0,0.0,0.0,10.461760461760461,0.0,11.249999999999998,0.0,0.0,0.0,0.0,0.0,0.0,0.0,0.0,0.0,3.0555555555555554,0.0,0.0,0.0,50.68716931216931,0.0,0.0,0.0,1.1111111111111112,0.0,0.0,0.0,0.0,0.0,0.0,0.0,0.0,0.0,0.0,0.0,0.0,0.8333333333333333,0.0,0.0,0.0,0.0,0.0,0.0,0.0
244.44444444444443,88.72222222222221,139.7222222222222,54.44444444444444,126.1111111111111,17.888888888888886,60.44444444444444,62.33333333333333,15.555555555555554,10.555555555555555,41.407407407407405,75.83333333333333,66.94444444444444,70.27777777777777,14.444444444444443,14.38888888888889,72.22222222222221,5.0,19.074074074074073,2.5,9.166666666666666,42.77777777777777,32.888888888888886,39.44444444444444,0.0,20.555555555555554,70.83333333333333,0.0,10.555555555555555,26.388888888888886,24.166666666666664,8.055555555555555,0.0,3.3333333333333335,7.611111111111111,0.0,0.0,4.166666666666666,5.277777777777777,8.61111111111111,7.4074074074074066,0.0,0.0,32.5,1.7777777777777777,0.0,1.6666666666666665,0.0,3.333333333333333,3.3333333333333335,0.0,1.6666666666666667,1.6666666666666665,0.0,0.0,0.0,0.0,1.1111111111111112,0.0,0.0,0.0,0.8333333333333333,2.7777777777777777,2.2222222222222223,0.0,0.0,0.0,0.0,1.1111111111111112,0.0,0.0,0.0,1.6666666666666665,0.0,0.0,0.0,0.0,0.0,0.0,0.0,0.0,1.1111111111111112,0.0,0.0,16.38888888888889,0.0,2.2222222222222223,0.0,0.0,0.0,0.0,0.0,0.0,0.0,0.0,0.0,0.0,3.333333333333333,0.0,0.0,0.0,1.1111111111111112,7.777777777777777,0.0,0.0,0.0,0.0,1.6666666666666665,0.0,0.0,0.0,0.0,0.0,0.0,0.0,0.0,0.0,0.0,0.0,0.0,0.0,0.0,0.0,0.0,0.0,0.0,0.0,0.0,0.0,0.0,0.0,1.1111111111111112,0.0,0.0,0.0,0.0,0.0,0.0,0.0,0.0,1.1111111111111112,0.0,0.0,0.0,0.0,0.0,0.0,0.0,0.0,0.0,0.0,0.0,0.0,0.0,0.0,0.0,0.0,0.0,0.0,0.0,0.0,0.0,0.0,0.0,1.1111111111111112,0.0,0.0,0.0,0.0,0.0,0.0,0.0,0.0,0.0,0.0,0.0,0.0,0.0,0.0,0.0,0.0,0.0,0.0,0.0,0.0,0.0,0.0,1.2222222222222223,0.0,0.0,0.0,0.0,0.0,0.0,0.0,0.0,0.0,0.0,0.0,0.0,0.0,0.0,0.0,0.0,0.0,0.0,0.0,0.0,0.0,0.0,0.0,0.0,0.0,0.0,0.0,0.0,0.0,0.0,0.0,0.0,0.0,0.0,0.0,0.0,0.0,0.0,0.0,0.0,0.0,0.0,0.0,0.0,0.0,0.0,0.0,0.0,6.666666666666666,0.0,0.0,0.0,0.0,0.0,0.0,0.0,0.0,0.0,0.0,0.0,0.0,0.0
265.5449735449735,75.04629629629629,62.4537037037037,33.351851851851855,47.22222222222222,7.388888888888889,53.56481481481481,31.888888888888886,6.111111111111111,0.8333333333333333,134.8148148148148,4.074074074074074,19.57142857142857,48.488095238095234,11.675925925925926,55.398148148148145,12.87037037037037,1.6666666666666667,11.666666666666666,17.166666666666664,9.907407407407407,5.555555555555555,1.6666666666666665,4.166666666666666,0.0,0.0,8.981481481481481,1.6203703703703702,0.0,9.722222222222221,6.388888888888888,10.092592592592592,3.722222222222222,5.222222222222222,0.0,0.0,1.9047619047619047,0.0,7.499999999999999,9.675925925925926,2.4444444444444446,0.0,0.0,7.694444444444445,1.6666666666666665,0.0,13.555555555555554,0.0,0.0,0.0,1.1111111111111112,0.0,0.0,0.0,0.0,0.0,0.0,1.6666666666666665,0.5555555555555556,0.0,0.0,0.0,1.3888888888888888,0.0,0.0,0.0,0.0,1.3333333333333335,0.0,0.0,0.0,1.1111111111111112,0.0,0.0,0.8333333333333333,0.0,0.0,0.2777777777777778,0.0,0.0,0.0,0.0,0.0,1.6666666666666665,3.333333333333333,0.0,0.0,3.0,0.0,0.0,0.0,3.333333333333333,0.5555555555555556,0.0,0.0,1.6666666666666665,0.0,0.0,0.0,0.2777777777777778,0.6666666666666666,0.0,0.0,0.0,0.0,0.0,0.0,0.0,0.0,0.0,0.0,0.0,0.0,0.0,0.0,0.0,0.0,0.0,0.0,0.0,0.0,0.0,0.0,1.1111111111111112,0.0,0.0,0.3333333333333333,0.0,0.0,0.0,0.0,0.0,0.0,0.0,0.0,0.0,0.0,0.0,0.0,0.0,0.0,0.0,0.0,0.0,0.0,0.0,0.0,0.0,0.0,0.0,0.0,0.0,0.0,0.0,1.3888888888888888,0.0,0.0,0.0,0.0,0.0,0.0,0.0,0.0,0.0,0.0,2.5,1.3333333333333333,0.0,0.0,0.0,0.0,0.0,0.0,0.0,0.0,0.0,0.0,0.0,0.0,0.0,0.0,0.0,0.0,0.0,0.0,0.0,0.0,0.0,0.0,0.0,0.0,0.0,0.0,0.0,0.0,0.0,0.0,0.0,0.0,0.0,0.0,0.0,0.0,0.0,0.0,0.0,0.0,0.0,0.0,0.0,0.0,0.0,0.0,0.0,0.0,0.0,0.0,0.0,0.0,0.0,0.0,0.0,0.0,0.0,0.0,0.0,0.0,0.0,0.0,0.5555555555555556,0.0,0.0,0.0,0.0,0.0,0.0,0.0,0.0,0.0,0.0,0.0,0.0,0.0,0.0,0.0,0.0,0.0,0.0,0.0,0.0
92.70701058201058,40.879629629629626,33.19444444444444,20.296296296296298,20.277777777777775,2.888888888888889,22.666666666666664,5.944444444444445,0.0,1.1111111111111112,32.074074074074076,3.2222222222222223,14.015873015873016,7.5436507936507935,10.842592592592592,33.56481481481481,4.2592592592592595,0.5555555555555556,10.0,3.5,7.5,2.7777777777777777,0.0,0.0,0.0,0.0,2.638888888888889,0.37037037037037035,0.8333333333333334,6.666666666666666,4.722222222222221,1.3888888888888888,0.7638888888888888,0.0,0.0,1.25,0.5714285714285714,0.0,0.8333333333333333,3.194444444444444,0.22222222222222224,0.5555555555555556,0.0,1.8611111111111112,0.0,0.0,4.111111111111111,0.3333333333333333,0.0,0.0,0.3333333333333333,0.0,0.0,0.0,0.41666666666666663,0.0,0.0,0.0,0.0,0.0,0.0,0.0,0.0,0.0,0.0,0.0,0.0,0.22222222222222224,0.4861111111111111,0.0,0.0,0.0,0.0,0.0,0.0,1.6666666666666665,0.0,0.0,0.0,0.0,0.0,0.0,0.0,0.0,1.6666666666666665,0.0,0.0,0.0,0.2777777777777778,0.0,0.0,0.0,0.5555555555555556,0.0,0.0,0.0,0.0,0.0,0.0,0.2777777777777778,0.0,1.1111111111111112,0.0,0.0,0.0,0.0,0.0,0.0,0.0,0.0,0.0,0.0,0.0,0.0,0.0,0.0,0.0,0.0,0.0,0.0,0.0,0.0,0.0,1.1111111111111112,0.41666666666666663,0.0,0.3333333333333333,0.0,0.0,0.0,0.0,0.0,0.0,0.0,0.0,0.0,0.0,0.0,0.0,0.0,0.0,0.0,0.0,0.0,0.0,0.0,0.0,0.0,0.0,0.0,0.0,1.0416666666666665,0.0,0.0,0.2777777777777778,0.0,0.0,0.0,0.0,0.0,0.0,0.0,0.0,0.0,0.0,0.0,0.22222222222222224,0.0,0.0,0.0,0.0,0.0,0.0,0.0,0.0,0.0,0.0,0.0,0.0,0.0,0.0,0.0,0.0,0.0,0.0,0.0,0.0,0.0,0.0,0.0,0.0,0.0,0.0,0.0,0.0,0.0,0.0,0.0,0.0,0.0,0.0,0.0,0.0,0.0,0.0,0.0,0.0,0.0,0.0,0.0,0.0,0.0,0.0,0.0,0.0,0.0,0.0,0.0,0.0,0.0,0.0,0.0,0.0,0.0,0.0,0.0,0.0,0.0,0.0,0.5555555555555556,0.0,0.0,0.0,0.0,0.0,0.0,0.0,0.0,0.0,0.0,0.0,0.0,0.0,0.0,0.0,0.0,0.0,0.0,0.0,0.0
175.98148148148147,53.56944444444444,34.96296296296296,85.99889770723104,54.791666666666664,51.61574074074074,52.62169312169312,20.14351851851852,59.79398148148148,9.204014939309056,22.39814814814815,13.00925925925926,22.0,21.166666666666664,18.791666666666668,11.203703703703702,31.666666666666664,13.88888888888889,6.342592592592593,32.125,36.763888888888886,3.644179894179894,1.6203703703703702,25.62037037037037,6.097222222222221,5.555555555555555,3.4722222222222223,19.28395061728395,9.075396825396826,66.9537037037037,3.333333333333333,0.5555555555555556,5.347222222222222,19.76851851851852,1.6666666666666667,91.0597442680776,1.9166666666666667,6.673611111111111,0.0,0.2777777777777778,3.333333333333333,0.8333333333333334,0.20833333333333331,8.00925925925926,5.694444444444444,13.48611111111111,19.680555555555554,15.37037037037037,0.2777777777777778,3.0,1.8888888888888888,0.0,14.287037037037036,0.41666666666666663,6.333333333333333,0.22222222222222224,16.5,0.0,26.72222222222222,0.0,15.027777777777777,2.888888888888889,2.7777777777777777,2.0370370370370368,1.3888888888888888,1.2483465608465607,48.78108465608465,0.37037037037037035,1.1574074074074074,1.1574074074074074,32.03703703703704,0.0,0.41666666666666663,1.2483465608465607,2.351851851851852,2.0555555555555554,10.787037037037036,0.2777777777777778,0.46296296296296297,0.8518518518518519,4.305555555555555,0.0,0.0,3.399470899470899,20.0,19.310185185185183,0.41666666666666663,0.7407407407407407,1.1111111111111112,2.2222222222222223,0.0,0.0,0.0,0.0,0.0,0.0,0.0,4.722222222222222,6.7215608465608465,3.069444444444444,1.6666666666666665,0.0,1.6666666666666665,0.787037037037037,5.925925925925926,0.0,0.41666666666666663,5.152116402116402,0.0,0.0,1.6666666666666665,0.0,1.9444444444444446,11.61111111111111,0.0,0.0,12.61111111111111,0.0,0.0,0.0,0.0,0.0,0.0,0.5555555555555556,8.333333333333332,0.2777777777777778,0.0,0.0,0.0,0.0,0.0,0.0,0.0,2.2222222222222223,0.0,0.0,11.11111111111111,1.6666666666666667,0.0,0.0,0.0,0.0,0.8333333333333333,0.0,0.0,4.759259259259259,1.3888888888888888,0.0,0.0,0.0,0.0,0.0,0.0,0.3333333333333333,0.0,0.41666666666666663,0.0,0.0,0.0,2.800925925925926,3.0,0.0,0.2777777777777778,0.0,0.0,0.0,0.0,0.0,0.8333333333333333,0.0,0.0,0.0,0.0,0.0,1.6666666666666667,0.0,0.6666666666666666,7.009259259259259,0.0,0.0,0.2777777777777778,1.9444444444444446,0.9722222222222223,1.8597883597883598,7.439153439153439,0.0,0.5555555555555556,0.6944444444444444,2.1296296296296293,2.962962962962963,0.0,0.41666666666666663,0.0,0.0,0.0,0.0,0.0,0.0,0.0,0.0,0.0,0.0,0.41666666666666663,0.0,0.0,0.0,0.0,0.0,0.6944444444444444,0.0,0.0,0.22222222222222224,0.0,0.0,2.986111111111111,0.0,0.0,0.0,0.0,0.0,9.722222222222221,0.0,1.5,3.1372549019607843,0.0,0.0,0.0,0.0,0.0,31.805555555555554,0.0,0.0,0.0,0.0,0.0,0.0,0.0,0.0,0.0,0.0,0.0,12.231481481481481,0.18518518518518517,1.1111111111111112,0.0,0.0,0.0,0.0,0.0,0.0
1.6666666666666665,0.0,0.0,0.0,0.0,1.6666666666666665,2.2222222222222223,0.0,0.0,0.0,1.1111111111111112,0.0,0.0,0.0,0.0,0.0,0.0,0.0,0.0,0.16666666666666666,0.0,0.0,0.0,0.0,0.0,0.0,0.0,0.5555555555555556,0.0,0.0,0.0,0.0,0.0,0.0,0.0,1.1111111111111112,0.0,0.0,0.0,0.0,0.0,0.0,0.0,0.0,0.0,0.0,0.0,0.0,0.0,0.0,0.0,0.0,0.0,0.0,0.0,0.0,0.0,0.0,0.0,0.0,0.0,0.0,0.0,0.0,0.0,0.0,0.0,0.0,0.0,0.0,0.0,0.0,0.0,0.0,0.0,0.0,0.0,0.0,0.0,0.0,0.0,0.0,0.0,0.0,0.0,0.0,0.0,0.0,0.0,0.0,0.0,0.0,0.0,0.0,0.0,0.0,0.0,0.0,0.0,0.0,0.0,0.0,0.0,0.0,0.0,0.0,0.0,0.0,0.0,0.0,0.0,0.0,0.0,0.0,0.0,0.0,0.0,0.0,0.0,0.0,0.0,0.0,0.0,0.0,0.0,0.0,0.0,0.0,2.333333333333333,0.0,0.0,0.0,0.0,0.0,0.0,0.0,0.0,0.0,0.0,0.0,0.0,0.0,0.0,0.0,0.0,0.0,0.0,0.0,0.0,0.0,0.0,0.0,0.0,0.0,0.0,0.0,0.0,0.0,0.0,0.0,0.0,0.0,0.0,0.0,0.0,0.0,0.0,0.0,0.0,0.0,0.0,0.0,0.0,0.0,0.0,0.0,0.0,0.0,0.0,0.0,0.0,0.0,0.0,0.0,0.0,0.0,0.0,0.0,0.0,0.0,0.0,0.0,0.0,0.0,0.0,0.0,0.0,0.0,0.0,0.0,0.0,0.0,0.0,0.0,0.0,0.0,0.0,0.0,0.0,0.0,0.0,0.0,0.0,0.0,0.0,0.0,0.0,0.0,0.0,0.0,0.0,0.0,0.0,0.0,0.0,0.0,0.0,0.0,0.0,0.0,0.0,0.0,0.0,0.0,0.0,0.0,0.0,0.0,0.0,0.0,0.0,0.0,0.0,0.0,0.0,0.0,0.0,0.0,0.0,0.0
28.542894935752077,27.867822966507177,49.910714285714285,7.092592592592593,16.353615520282187,6.203703703703704,10.61111111111111,0.31313131313131315,5.378747795414462,0.0,0.41666666666666663,3.888888888888889,0.0,7.17000835421888,2.7566137566137563,2.2222222222222223,2.4074074074074074,9.520975056689341,1.1111111111111112,1.746031746031746,11.38095238095238,31.396825396825395,1.736111111111111,3.0925925925925926,1.1111111111111112,7.222222222222221,9.540627362055934,0.3333333333333333,3.272727272727273,1.1111111111111112,0.5555555555555556,0.0,13.333333333333332,2.2222222222222223,0.0,0.0,0.5555555555555556,1.1111111111111112,0.0,0.5555555555555556,0.0,5.449735449735449,0.0,0.0,0.8002645502645502,0.2777777777777778,0.17543859649122806,0.0,2.323232323232323,0.47619047619047616,0.23809523809523808,1.1574074074074074,0.0,0.0,0.47619047619047616,0.06944444444444445,0.06944444444444445,1.286549707602339,1.1111111111111112,0.0,1.6666666666666665,0.0,0.0,0.0,0.0,0.0,0.8333333333333333,2.003968253968254,0.0,0.0,0.0,0.0,0.0,0.0,0.0,0.0,0.0,0.0,0.0,0.0,0.0,0.8333333333333334,0.10101010101010102,0.0,0.0,0.0,0.0,0.0,0.0,2.2222222222222223,0.0,1.1111111111111112,0.0,0.0,0.0,0.0,0.0,1.1111111111111112,0.0,1.7857142857142856,0.0,0.0,0.0,0.0,0.0,0.0,0.0,0.0,0.0,0.0,0.0,0.0,0.0,0.0,0.0,0.0,0.0,0.0,0.0,0.0,0.0,0.0,0.0,0.0,0.0,0.0,0.8333333333333334,0.0,0.2777777777777778,0.0,0.0,0.0,1.3580246913580247,0.0,0.0,0.0,0.0,0.0,0.23809523809523808,0.0,0.0,0.0,0.0,0.8333333333333333,0.0,0.0,0.0,0.0,0.0,0.0,2.2222222222222223,0.0,0.0,0.0,0.06944444444444445,0.0,0.0,0.0,0.0,0.0,0.0,0.0,0.0,0.0,0.0,0.0,0.0,0.0,0.15873015873015872,0.0,0.0,0.0,0.0,0.0,0.0,0.0,0.0,0.0,0.0,0.0,0.0,0.0,0.0,0.0,0.0,0.0,0.0,0.0,0.0,0.0,0.0,0.0,0.18518518518518517,0.0,0.0,0.0,0.0,0.0,0.0,0.0,0.0,0.0,0.0,0.0,0.0,0.0,0.0,0.0,0.0,0.0,0.0,0.0,0.0,0.0,0.0,0.0,0.0,0.0,0.0,0.0,0.0,0.0,0.0,0.0,0.0,0.0,0.0,0.0,0.0,0.0,0.0,0.0,0.0,0.0,0.0,0.0,0.0,0.0,0.0,0.0,0.0,0.0,0.0,0.0,0.0,0.0,0.0,0.0,0.0,0.0
29.975308641975307,7.756944444444445,20.362654320987655,9.444444444444445,15.520833333333332,4.833333333333333,3.9074074074074074,3.6944444444444446,3.817460317460317,0.0,3.5185185185185186,5.902777777777778,5.712301587301587,1.5476190476190474,2.87317620650954,4.768518518518518,0.9259259259259259,3.0555555555555554,1.3541666666666665,1.0185185185185186,0.0,3.5416666666666665,0.16666666666666666,4.224206349206349,1.8271604938271604,1.536075036075036,8.848544973544973,0.15873015873015872,3.185185185185185,3.2777777777777777,0.41666666666666663,3.0902777777777777,0.10416666666666666,5.805555555555555,0.3333333333333333,2.0634920634920633,0.20833333333333331,1.3580246913580247,0.22222222222222224,0.0,4.927248677248677,0.0,0.37037037037037035,0.0,0.0,0.2777777777777778,0.5555555555555556,1.8333333333333333,0.0,0.8641975308641975,0.0,2.3611111111111107,0.0,1.0185185185185186,3.4953703703703702,0.8333333333333333,0.0,1.1111111111111112,0.0,0.0,0.0,0.3333333333333333,0.0,2.2222222222222223,0.0,0.0,0.0,0.0,0.0,0.0,0.0,0.0,0.0,0.0,0.0,0.37037037037037035,0.0,0.0,0.0,0.0,0.8333333333333334,0.0,0.0,0.0,2.3015873015873014,0.0,0.7037037037037037,0.0,0.0,0.0,0.0,0.0,0.0,0.0,0.0,0.0,0.0,5.208333333333333,0.0,0.0,0.0,0.0,0.0,0.0,0.0,0.0,0.0,0.2777777777777778,0.0,0.0,0.0,0.0,0.07575757575757576,0.0,0.0,0.0,0.0,0.0,0.0,0.0,0.0,0.0,0.0,0.0,0.2777777777777778,0.0,0.0,0.0,0.0,0.0,0.0,0.0,0.0,0.10416666666666666,0.0,0.0,0.0,0.0,0.0,0.0,0.6111111111111112,0.0,0.0,0.22222222222222224,0.0,0.0,0.0,0.0,0.0,0.0,0.0,0.0,0.0,0.0,0.0,0.0,0.0,0.0,0.0,0.0,0.0,0.0,0.0,0.0,0.0,0.0,0.0,0.0,0.0,0.0,0.0,0.0,0.0,0.0,0.2777777777777778,0.0,0.0,0.5555555555555556,0.0,0.0,0.0,0.0,0.0,0.0,0.0,0.0,0.0,0.0,0.0,0.0,0.0,0.0,0.0,0.11904761904761904,0.0,0.0,0.0,0.0,0.0,0.0,0.0,0.0,0.0,0.0,0.0,0.0,0.0,0.0,0.0,0.0,0.0,0.0,0.0,0.0,0.0,0.0,0.0,0.0,0.0,0.0,0.0,0.0,0.0,0.0,0.0,0.0,0.0,0.0,0.0,0.0,0.0,0.0,0.0,0.0,0.0,0.0,0.0,0.0,0.0,0.0,0.0,0.0,0.0,0.0,0.0,0.0,0.0,0.0,0.0,0.0
37.7377094356261,11.472222222222221,39.63695987654321,20.208333333333332,18.161210317460316,12.5,9.185185185185185,6.849206349206349,13.009589947089946,1.4583333333333333,12.430224867724867,7.569444444444444,17.403769841269842,18.49206349206349,2.1509539842873178,18.697089947089946,8.884818884818884,14.785353535353535,7.395833333333333,3.1527777777777777,3.0357142857142856,7.319444444444444,3.4999999999999996,12.696428571428571,1.9462081128747795,5.553270803270803,14.619378306878307,1.929563492063492,2.560185185185185,7.037037037037036,1.3888888888888888,5.372023809523809,0.10416666666666666,33.916666666666664,0.75,4.990079365079365,1.0416666666666665,5.693041526374859,1.2465277777777777,1.619047619047619,2.8455687830687832,0.5158730158730158,0.0,9.348977411477412,0.5555555555555556,3.375,0.5555555555555556,1.8333333333333333,1.1944444444444444,0.8641975308641975,0.0,3.194444444444444,0.0,1.0185185185185186,5.300925925925926,3.3854166666666665,2.083333333333333,1.3888888888888888,3.0538720538720536,1.25,0.0,1.98015873015873,0.10416666666666666,1.3194444444444444,0.0,0.3645833333333333,0.0,0.0,0.0,0.888888888888889,0.20833333333333331,0.0,0.0,0.3645833333333333,0.0,0.6481481481481481,0.0,0.5357142857142857,0.0,0.0,1.9421296296296298,0.0,0.0,0.1388888888888889,5.329365079365079,0.0,1.9999999999999998,0.0,0.0,0.41666666666666663,0.0,1.25,0.10416666666666666,0.0,0.0,0.0,0.0,13.609487734487734,0.0,0.1388888888888889,0.0,0.0,0.0,0.0,0.0,0.0,0.0,0.2777777777777778,0.0,0.0,0.41666666666666663,0.08333333333333333,0.07575757575757576,0.0,0.8333333333333333,0.0,1.1666666666666665,0.0,0.0,0.0,0.0,0.0,0.0,0.0,0.39682539682539686,0.0,0.8333333333333333,0.0,0.0,0.0,0.0,0.2777777777777778,1.6145833333333333,0.10416666666666666,0.0,0.0,0.0,0.0,0.0,0.0,0.6111111111111112,0.0,0.0,0.3263888888888889,0.0,0.6944444444444444,0.0,0.41666666666666663,0.3055555555555556,0.0,0.0,0.0,0.0,0.0,0.0,0.0,0.0,0.0,0.0,0.0,0.8333333333333333,0.0,0.0,0.0,0.0,0.0,0.0,0.4166666666666667,0.0,0.16666666666666666,0.0,0.0,0.0,0.0,1.2777777777777777,0.0,0.1388888888888889,1.1805555555555556,0.0,0.0,0.0,0.0,0.0,0.0,0.0,0.0,0.0,0.0,0.0,0.0,0.20833333333333331,0.0,0.0,0.11904761904761904,0.0,0.0,0.0,0.0,0.0,0.0,0.0,0.0,0.0,0.0,0.0,0.0,0.0,0.0,0.0,0.0,0.0,0.0,0.0,0.0,0.0,0.0,0.0,0.0,0.0,0.0,0.0,0.0,0.0,0.0,0.0,0.0,0.0,0.0,0.0,0.0,0.0,0.0,0.0,0.0,0.0,0.0,0.0,0.0,0.0,0.0,0.0,0.0,0.0,0.0,0.0,0.0,0.0,0.0,0.0,0.23809523809523808
1357.6300705467372,277.8154761904762,318.0019841269841,131.234126984127,175.72231653604203,345.31150793650795,42.035714285714285,132.265873015873,62.07208994708994,103.69702342574682,132.29365079365078,94.1540404040404,9.166666666666666,60.2037037037037,119.25655363155363,87.17279942279941,31.38227513227513,683.9788683538684,64.97751322751323,13.087301587301587,21.884920634920636,111.63425925925925,30.476190476190474,50.955026455026456,8.833333333333332,37.46230158730158,3.412698412698413,115.83994708994709,7.309523809523809,13.583333333333332,12.988215488215488,8.333333333333332,24.806878306878307,10.269841269841269,53.34942680776014,10.875,17.055555555555554,15.694444444444445,8.849206349206348,88.05892255892255,0.5555555555555556,15.66053391053391,71.52380952380952,6.805555555555555,0.6666666666666666,8.333333333333334,0.0,87.61904761904762,10.989417989417989,0.0,81.45815295815295,35.69047619047619,16.38095238095238,3.3333333333333335,28.944444444444443,3.888888888888889,55.45238095238095,0.8333333333333333,11.416666666666668,5.888888888888888,12.563492063492063,0.0,12.13888888888889,12.777777777777777,26.694444444444443,22.115079365079364,13.17063492063492,20.833333333333332,4.642857142857142,75.94047619047619,7.333333333333332,18.015873015873016,7.698412698412699,16.63888888888889,81.70833333333333,10.416666666666666,29.01924001924002,1.9292929292929293,7.333333333333334,1.1111111111111112,3.333333333333333,18.082070707070706,0.37037037037037035,3.3333333333333335,0.0,2.5,0.0,0.6666666666666666,1.0,0.6666666666666666,26.13095238095238,0.0,1.4444444444444444,0.0,0.0,43.62698412698413,30.642857142857142,0.0,0.0,0.0,5.166666666666666,1.1904761904761905,0.47619047619047616,0.0,0.8333333333333333,9.441358024691358,3.5848750001723477,0.0,13.773125002585216,5.597222222222222,0.0,17.126984126984127,0.0,64.29431216931216,0.8333333333333333,0.918208333505681,3.333333333333333,0.918208333505681,0.918208333505681,9.182083335056811,0.918208333505681,0.918208333505681,128.3576516076516,0.0,0.0,3.333333333333333,0.0,0.0,0.0,0.0,16.38888888888889,0.0,0.0,0.0,95.65013227513226,265.771164021164,0.20833333333333331,21.68452380952381,0.0,0.0,2.0,8.203703703703702,2.2222222222222223,0.0,23.055555555555554,3.2106782106782106,0.0,3.3333333333333335,0.0,1.6666666666666665,3.333333333333333,1.1111111111111112,16.72222222222222,1.6666666666666665,0.0,2.611111111111111,0.0,0.0,0.6666666666666666,3.333333333333333,0.0,0.3333333333333333,0.0,34.0,0.0,0.6666666666666666,0.0,13.055555555555555,0.0,0.0,19.67845117845118,0.0,0.0,0.0,0.0,2.380952380952381,0.0,0.0,8.61111111111111,4.79100529100529,0.41666666666666663,0.0,0.0,0.0,0.0,0.0,0.0,0.41666666666666663,4.433922558922559,0.0,4.166666666666666,0.6666666666666666,22.5,0.0,4.0,4.444444444444445,43.12037037037037,0.0,14.142857142857142,3.3873456790123457,0.0,11.96031746031746,2.2222222222222223,0.0,0.0,13.727513227513226,0.0,0.0,8.988095238095237,2.7037037037037033,9.722222222222221,13.88888888888889,6.4603174603174605,6.7746913580246915,0.0,23.333333333333332,0.0,0.0,0.0,0.0,0.0,107.56746031746032,0.0,0.0,0.0,20.555555555555554,7.5,9.722222222222221,0.0,0.0,1.5873015873015874,0.0,0.6944444444444444,10.0,0.6944444444444444,7.259259259259259,0.0,1.1111111111111112,0.0,1.1111111111111112,3.8095238095238093,0.0,1.0714285714285714,0.0,6.333333333333333,0.0,0.0,12.767857142857142,0.0,0.0
122.57010582010581,75.06481481481481,134.83333333333331,31.944444444444443,91.25595238095238,17.333333333333332,54.25925925925925,23.72222222222222,19.027777777777775,22.15277777777778,32.5,58.86904761904762,13.00925925925926,28.833333333333332,91.94444444444444,36.85185185185185,21.296296296296294,2.0370370370370368,5.0,2.5,20.47222222222222,11.666666666666666,6.111111111111111,45.0,8.333333333333334,11.11111111111111,15.578703703703702,6.388888888888889,0.5555555555555556,20.833333333333332,3.333333333333333,0.0,8.37037037037037,12.001322751322752,3.8888888888888884,27.22222222222222,0.0,1.6666666666666665,0.5555555555555556,3.6111111111111107,8.88888888888889,1.1111111111111112,0.0,0.41666666666666663,0.0,1.0185185185185186,5.277777777777778,3.611111111111111,0.0,5.625,0.0,0.5555555555555556,0.0,3.333333333333333,0.0,0.5555555555555556,6.111111111111111,0.0,7.833333333333333,0.0,0.37037037037037035,3.9999999999999996,0.0,1.6666666666666665,1.6666666666666665,0.0,1.6666666666666665,0.0,0.0,0.0,0.0,0.0,0.0,0.0,0.0,1.6666666666666665,3.333333333333333,1.6666666666666665,0.0,0.0,0.0,0.0,0.0,4.777777777777778,5.0,1.6666666666666665,1.3888888888888888,0.0,0.0,0.0,0.0,0.0,0.0,0.5555555555555556,0.0,0.0,0.0,11.38888888888889,0.0,0.0,0.0,0.0,0.0,0.41666666666666663,6.777777777777778,0.0,0.0,0.0,0.0,0.0,0.0,0.0,3.8888888888888884,0.0,0.0,0.0,0.8333333333333333,0.0,0.0,0.0,0.0,0.0,0.0,3.333333333333333,0.0,0.0,0.0,0.37037037037037035,0.0,0.0,0.0,0.5555555555555556,1.6666666666666665,1.0185185185185186,0.0,0.0,0.0,0.0,0.0,0.0,0.0,0.0,0.0,0.0,0.0,0.0,0.0,0.0,1.1111111111111112,0.0,0.0,0.0,0.0,1.2037037037037037,0.6666666666666666,0.0,0.0,0.0,0.8333333333333333,0.0,0.0,0.0,0.2777777777777778,0.0,0.0,0.0,1.6666666666666665,0.0,0.0,1.1111111111111112,0.0,0.0,0.0,0.0,0.0,0.0,0.0,0.37037037037037035,0.0,0.0,0.0,0.0,0.0,0.0,0.0,0.0,0.0,0.0,0.0,0.5555555555555556,0.0,0.0,0.0,0.0,0.0,0.0,0.0,0.0,0.0,0.0,0.0,0.0,0.0,0.0,0.0,0.0,0.0,0.0,0.0,0.0,0.0,0.0,0.0,0.0,0.0,0.0,0.0,1.9444444444444444,0.0,1.4814814814814814,0.0,0.0,0.0,0.0,0.0,0.0,0.0,0.0,0.0,0.0,0.0,0.0,0.0,0.0,0.0,0.0,0.0,0.0,0.0,0.0,0.0,0.0,0.0,0.0,0.0,0.0,0.0,0.0,0.0,0.0
72.95833333333333,13.652777777777777,5.416666666666666,15.092592592592592,25.833333333333332,29.62037037037037,24.72222222222222,2.9166666666666665,12.86111111111111,3.3333333333333335,6.388888888888888,2.638888888888889,3.333333333333333,7.999999999999999,0.8333333333333333,13.333333333333332,3.333333333333333,0.6666666666666666,9.079365079365079,0.4629629629629629,0.16666666666666666,0.0,4.375,0.6666666666666666,5.722222222222222,1.5277777777777777,0.0,0.0,1.8055555555555554,0.41666666666666663,1.1111111111111112,0.0,1.6666666666666665,0.0,1.3333333333333333,2.1666666666666665,0.0,0.0,0.8333333333333333,0.0,0.8333333333333333,3.333333333333333,0.0,4.444444444444445,0.5555555555555556,11.317460317460316,0.625,5.555555555555555,0.20833333333333331,3.8095238095238098,6.444444444444444,0.0,2.0,1.1111111111111112,13.75,1.3888888888888888,0.625,0.0,0.8333333333333334,2.0,5.0,1.6666666666666665,0.0,0.0,0.0,0.0,0.0,0.0,0.0,0.0,0.8333333333333333,0.0,0.0,0.0,4.444444444444445,0.0,0.0,0.0,0.0,0.0,4.333333333333333,3.4999999999999996,3.333333333333333,3.333333333333333,0.0,20.27777777777778,0.0,3.333333333333333,0.0,0.0,0.8333333333333333,0.0,3.333333333333333,0.0,0.0,3.333333333333333,0.0,0.5555555555555556,0.0,0.0,0.0,0.0,0.0,0.0,0.0,0.0,0.0,0.0,0.0,0.0,0.0,0.0,0.0,0.0,0.0,0.0,0.0,0.0,0.0,0.0,0.0,0.0,0.0,0.0,0.0,0.0,0.0,0.0,0.0,1.3888888888888888,0.0,0.0,0.0,0.0,0.0,0.0,0.23809523809523808,0.0,0.0,0.0,0.0,0.0,0.0,0.0,0.0,0.0,0.0,0.0,0.0,0.0,0.0,3.333333333333333,0.0,0.0,0.0,0.0,0.0,0.0,0.0,0.0,0.0,0.0,0.0,0.0,0.0,0.0,0.0,0.0,0.0,0.0,0.0,0.0,0.0,0.0,0.0,0.0,0.0,0.0,1.1111111111111112,0.0,4.666666666666667,0.0,0.0,0.0,0.0,0.0,0.0,1.6666666666666665,7.222222222222221,0.0,0.0,0.0,0.0,0.0,0.0,0.0,0.0,0.1388888888888889,0.0,0.0,0.0,0.0,0.0,0.0,0.0,0.0,0.0,0.0,0.0,0.0,0.0,0.0,0.0,0.0,0.0,0.0,0.0,0.0,0.0,0.0,3.8888888888888884,0.0,0.0,1.1111111111111112,1.6666666666666665,0.0,0.0,0.0,0.0,0.0,0.0,0.0,0.0,0.0,0.0,0.0,0.0,0.5555555555555556,0.0,0.0,0.0,0.0,0.0,0.0,0.0,0.0,0.0,0.0,0.0,0.0
595.8154253154253,228.75023587523586,134.79085266585267,67.24174994395582,101.9796176046176,49.068579568579565,64.93081462484447,138.08088208088208,43.03910271015534,35.544196544196545,59.55112942612942,28.346064814814813,28.47113997113997,52.310439560439555,91.0970325970326,37.31709956709957,16.453703703703702,113.59780034780034,14.088203463203463,100.79285066785066,28.355699855699854,78.34946072446073,26.09371184371184,89.37168387168387,11.285714285714285,12.141330891330892,28.419312169312168,13.174603174603174,18.795093795093795,1.4537037037037037,8.313492063492063,46.032726532726535,54.46937791340776,2.3606237816764133,5.30978280978281,0.6666666666666666,15.244348244348243,54.97244373560163,7.379419191919192,20.697922447922448,15.567307692307692,101.19180638249766,1.1111111111111112,20.735449735449734,9.819444444444445,0.517094017094017,16.13888888888889,4.652777777777778,9.506253006253006,9.920634920634921,1.6666666666666665,9.906593406593405,12.247474747474747,43.18297443297443,2.5595238095238093,2.1124708624708624,0.47619047619047616,8.675925925925926,0.0,0.41666666666666663,1.4526214526214525,0.5555555555555556,1.3703703703703702,1.1666666666666665,7.033730158730158,5.0,8.443241943241944,13.8994708994709,14.164631664631663,2.4761904761904763,0.0,6.114996114996115,5.317460317460317,5.0,0.5555555555555556,1.2727272727272727,4.666666666666667,5.849206349206349,21.822663447663448,2.658730158730159,0.5555555555555556,44.918803418803414,2.341269841269841,0.0,0.0,4.691358024691358,0.0,27.567644343960133,0.6481481481481481,0.0,0.6666666666666666,0.9722222222222223,0.0,3.333333333333333,9.875661375661375,0.0,28.9496151996152,0.0,0.0,2.095238095238095,11.971981721981722,2.876831501831502,2.738095238095238,2.6296296296296298,0.0,1.5539187180978224,0.15309343434343436,0.47619047619047616,2.2964015151515156,10.575396825396826,0.0,0.2777777777777778,1.1111111111111112,0.0,15.702612202612203,0.15309343434343436,6.319444444444444,0.15309343434343436,0.15309343434343436,1.5309343434343436,0.15309343434343436,0.15309343434343436,0.0,0.9971509971509971,2.3507834757834756,16.281949531949532,10.1984126984127,1.803030303030303,2.1296296296296298,5.3418803418803416,0.0,3.571428571428571,1.4037698412698412,0.6666666666666666,2.9166666666666665,0.16666666666666666,4.884259259259259,0.7962962962962963,0.37037037037037035,1.4742664742664742,0.20833333333333331,4.542124542124542,28.425925925925924,3.817460317460317,0.0,0.9090909090909092,0.0,0.30303030303030304,0.0,26.68168868168868,1.5,0.6060606060606061,0.0,0.0,0.0,0.0,1.3333333333333333,2.142857142857143,7.7711640211640205,16.22465886939571,0.0,7.577160493827161,0.2777777777777778,1.8055555555555556,3.4722222222222223,2.7777777777777777,0.0,0.0,0.0,0.0,0.47619047619047616,0.0,0.0,0.0,0.0,2.08974358974359,1.6666666666666667,0.0,1.1666666666666665,17.22222222222222,0.0,0.0,0.0,0.0,0.0,0.0,0.0,0.0,0.0,0.0,1.513227513227513,0.0,0.0,0.5555555555555556,2.2222222222222223,0.0,1.3888888888888888,0.0,0.41666666666666663,0.0,7.556697034308974,5.5,5.0,0.0,0.0,1.1666666666666667,0.41981650190605413,0.5555555555555556,0.6666666666666666,0.7222222222222223,0.0,2.5,0.0,0.0,0.0,5.333333333333334,0.6170340380866697,0.0,0.6666666666666666,0.18518518518518517,0.0,0.0,0.0,0.0,0.0,0.47619047619047616,0.0,0.7407407407407407,0.0,0.0,0.4341736694677871,0.0,0.0,0.0,0.0,1.1111111111111112,0.0,0.0,0.41666666666666663,0.0,0.0,0.0,0.0,0.0,0.7196969696969697,0.0,0.0,0.0,0.0,0.0
204.07527657527658,16.226190476190474,87.41000203500204,13.333333333333334,17.63854228560111,4.583333333333333,9.722222222222221,29.925925925925924,12.562830687830688,5.312102790826194,3.333333333333333,1.5151515151515151,0.8333333333333333,1.6666666666666665,27.964105339105338,7.944444444444444,2.2222222222222223,47.9033189033189,17.976190476190474,0.0,5.0,8.333333333333332,2.0,0.0,0.0,0.3333333333333333,1.1904761904761905,8.5,0.0,0.0,0.0,0.0,6.055555555555555,1.1111111111111112,5.393518518518519,1.8749999999999998,0.04761904761904762,1.25,0.0,0.4882154882154882,0.0,0.30303030303030304,6.666666666666666,0.0,0.6666666666666666,0.0,0.0,1.6111111111111112,0.0,0.0,0.0,2.2222222222222223,5.071428571428571,0.41666666666666663,2.638888888888889,0.0,0.0,0.0,0.0,0.0,3.3333333333333335,0.0,0.0,0.0,0.0,2.0370370370370368,1.0714285714285714,0.0,0.8333333333333333,7.222222222222222,0.0,0.0,0.0,2.0370370370370368,0.0,8.75,2.1515151515151514,0.15151515151515152,0.0,0.0,0.0,0.0,0.0,0.0,0.0,0.0,0.0,0.0,0.0,0.0,4.666666666666666,0.0,0.0,0.0,0.0,0.5555555555555556,0.6666666666666666,4.166666666666666,0.0,0.0,0.0,1.1904761904761905,0.0,0.0,0.0,1.0,0.15428647280962673,0.0,2.3142970921444013,0.0,0.0,2.0,0.0,4.166666666666666,0.0,0.15428647280962673,0.0,0.15428647280962673,0.15428647280962673,1.5428647280962675,0.15428647280962673,0.15428647280962673,15.529151404151403,0.0,0.0,0.0,0.0,0.0,0.0,0.0,0.0,0.0,0.0,0.0,1.6666666666666665,11.425925925925926,0.0,1.5416666666666665,0.0,0.0,0.0,0.0,3.888888888888889,0.0,11.86111111111111,0.0,0.0,0.0,0.0,0.0,0.0,0.0,0.0,0.0,0.0,0.0,0.0,0.0,0.0,0.0,0.0,0.0,0.0,9.0,0.0,0.0,0.0,0.0,0.0,0.0,0.0,0.0,0.0,0.0,0.0,0.0,0.0,0.0,0.0,0.0,0.0,0.0,0.0,0.0,0.0,0.0,0.0,0.41666666666666663,0.35984848484848486,0.0,0.0,0.0,0.9722222222222223,0.0,1.6666666666666665,5.0,12.916666666666666,0.0,0.0,0.0,0.0,7.537037037037037,0.0,0.0,0.0,0.0,0.0,0.0,2.6666666666666665,0.0,0.0,0.0,0.0,0.0,0.0,0.0,0.0,0.0,0.0,0.0,0.0,0.0,0.0,0.0,0.0,0.0,0.0,0.0,3.3333333333333335,0.0,0.0,0.0,0.0,0.0,0.0,0.0,0.0,0.0,0.0,0.0,0.0,0.0,0.0,0.0,0.0,0.0,0.0,0.0,0.0,0.0
23.333333333333332,4.638888888888889,2.833333333333333,4.722222222222222,14.444444444444445,1.6666666666666667,9.444444444444445,0.0,4.583333333333333,0.0,7.777777777777778,3.5,6.638888888888888,0.2777777777777778,2.5,0.0,0.0,0.0,0.0,0.5555555555555556,0.0,0.0,0.0,2.083333333333333,0.5555555555555556,0.0,1.1111111111111112,1.6666666666666665,1.6666666666666667,0.0,0.0,0.0,0.40509259259259256,0.0,0.0,1.6666666666666665,0.0,0.0,0.0,0.0,0.0,0.0,0.0,0.0,0.0,0.5555555555555556,1.6666666666666667,3.333333333333333,0.0,0.0,0.0,0.0,0.0,0.0,0.0,0.0,0.0,0.0,0.0,0.0,0.0,0.0,0.0,0.8333333333333333,0.0,0.0,0.0,0.0,0.0,0.0,0.0,0.0,0.0,0.0,0.0,0.0,0.0,0.0,0.0,0.0,0.0,0.0,0.0,0.16666666666666666,0.0,0.0,0.0,0.0,0.0,3.3333333333333335,0.0,0.0,0.0,0.0,0.0,0.0,0.0,3.75,0.0,0.0,0.0,0.0,0.0,0.0,0.41666666666666663,0.0,0.0,0.0,0.0,0.0,0.0,0.0,0.0,0.0,0.0,0.0,0.0,0.0,0.0,0.0,0.0,0.0,0.0,0.0,0.0,0.0,0.0,0.0,0.0,0.0,0.0,0.0,3.0555555555555554,0.0,0.0,0.0,0.0,0.0,0.0,0.0,0.0,0.8333333333333333,0.0,0.0,0.0,0.0,0.0,0.0,0.0,0.0,0.0,0.0,0.0,0.2777777777777778,0.0,0.0,0.0,0.0,0.0,0.0,0.0,0.0,0.0,0.0,0.0,0.0,0.0,0.0,0.0,0.0,0.0,0.0,0.0,0.0,0.0,0.0,0.0,1.6666666666666665,0.0,0.0,0.0,0.0,0.0,0.10416666666666667,0.4166666666666667,0.0,0.0,0.0,0.0,0.0,0.0,0.0,0.0,0.0,0.0,0.0,0.0,0.0,0.0,0.0,0.0,0.0,0.0,0.0,0.0,0.0,0.0,0.0,0.5555555555555556,0.0,0.0,0.0,0.0,0.0,0.0,0.0,0.0,0.0,0.0,0.0,0.0,0.0,0.0,0.0,0.0,0.0,0.0,0.0,0.0,0.18518518518518517,0.0,0.0,0.0,0.0,0.0,0.0,0.0,0.0,0.0,0.0,0.0,2.2222222222222223,0.0,0.0,0.0,0.0,0.0,0.0,0.0,0.0
100.94444444444444,45.5,42.58333333333333,29.548654244306416,53.61507936507936,30.833333333333332,31.25,35.0,46.817460317460316,14.972222222222221,33.19444444444444,19.277777777777775,50.166666666666664,8.472222222222221,23.305555555555554,17.5,42.20238095238095,7.5724637681159415,8.055555555555555,11.46135265700483,10.579365079365079,6.666666666666666,30.72222222222222,13.333333333333332,12.694444444444443,5.833333333333333,19.27777777777778,2.2222222222222223,27.22222222222222,8.333333333333332,5.555555555555555,7.916666666666666,17.22222222222222,34.77777777777778,0.0,9.166666666666666,5.0,2.2222222222222223,3.0555555555555554,5.0,1.6666666666666665,1.25,13.888888888888888,15.555555555555555,2.5,14.722222222222221,4.833333333333333,5.277777777777778,5.0,8.61111111111111,0.0,2.2222222222222223,2.1666666666666665,3.333333333333333,7.777777777777777,0.0,8.61111111111111,3.0555555555555554,8.055555555555555,1.6666666666666665,5.0,1.6666666666666665,15.515873015873016,5.694444444444444,0.0,0.8333333333333333,27.833333333333332,0.0,1.6666666666666665,8.333333333333332,14.333333333333332,0.0,0.8333333333333333,0.8333333333333333,6.333333333333333,0.0,5.472222222222221,0.0,0.0,1.1111111111111112,1.6666666666666665,0.0,4.333333333333333,4.444444444444445,8.333333333333334,5.0,1.6666666666666665,0.8333333333333333,2.833333333333333,3.333333333333333,3.333333333333333,2.0833333333333335,1.6666666666666665,2.5,0.8333333333333333,28.277777777777775,0.0,3.333333333333333,0.8333333333333333,2.2222222222222223,0.41666666666666663,0.5555555555555556,1.6666666666666665,3.888888888888889,4.861111111111111,0.15873015873015872,0.0,0.0,0.0,7.916666666666666,1.5277777777777777,0.0,4.722222222222221,0.0,0.0,0.0,6.222222222222221,0.0,0.0,0.0,0.0,0.0,0.0,0.0,0.0,0.8333333333333333,2.698412698412698,0.0,0.0,0.0,0.0,0.0,4.861111111111111,0.0,0.0,0.0,4.583333333333333,0.5555555555555556,1.6666666666666665,1.6666666666666665,0.0,0.0,16.666666666666664,10.444444444444445,1.6666666666666667,0.0,1.6666666666666665,3.333333333333333,0.0,0.0,1.1111111111111112,0.0,0.0,0.0,1.3888888888888888,0.0,0.0,0.0,0.0,0.41666666666666663,0.8333333333333333,3.333333333333333,0.5555555555555556,0.0,0.0,0.0,0.0,0.5555555555555556,0.0,0.0,0.0,0.0,6.111111111111111,4.738095238095238,0.0,0.0,0.0,3.333333333333333,0.0,0.0,0.0,3.888888888888889,1.9444444444444444,2.194616977225673,8.778467908902693,0.0,0.0,0.0,0.5555555555555556,1.6666666666666665,1.6666666666666667,0.0,0.0,0.5555555555555556,0.0,2.0833333333333335,0.0,1.1111111111111112,0.0,0.0,1.4285714285714284,0.0,0.2777777777777778,0.0,4.166666666666667,0.0,0.07936507936507936,0.0,0.0,0.0,0.0,0.0,0.0,0.0,0.5555555555555556,0.0,0.0,1.6666666666666665,0.0,1.6666666666666665,0.8333333333333333,0.0,0.0,0.0,0.0,0.0,0.0,1.6666666666666665,0.0,1.1111111111111112,0.0,0.0,0.0,3.333333333333333,0.0,0.0,0.0,0.0,1.9444444444444444,0.0,0.0,1.6666666666666665,0.0,0.8333333333333333,0.0,0.8333333333333333,0.0,0.0,0.0,0.0
77.73015873015872,3.142857142857143,30.547619047619047,6.944444444444444,0.12345679012345678,10.277777777777779,3.8888888888888884,3.7037037037037033,0.0,3.333333333333333,0.0,3.333333333333333,0.0,0.0,0.0,0.0,0.0,31.976190476190474,10.555555555555555,2.2222222222222223,21.666666666666668,0.0,0.0,0.0,0.0,0.0,0.0,3.333333333333333,0.0,0.0,0.0,0.0,3.333333333333333,0.0,0.9876543209876543,0.0,0.0,0.0,0.0,15.0,0.0,0.0,5.0,0.0,0.0,0.0,0.0,0.0,0.0,0.0,0.0,0.0,0.0,0.0,0.0,0.0,0.22222222222222224,0.0,0.0,0.0,0.0,0.0,0.0,0.0,0.0,0.37037037037037035,0.0,0.0,0.0,0.0,2.2222222222222223,0.0,0.0,0.37037037037037035,0.0,0.0,0.0,0.0,0.0,0.0,0.0,1.6666666666666665,0.2777777777777778,0.0,0.0,3.333333333333333,0.0,0.0,0.0,0.0,0.0,0.0,0.0,0.0,0.0,9.531746031746032,0.0,0.0,0.0,0.0,0.0,0.0,0.0,0.0,0.0,0.0,0.0,0.0,0.0,0.0,0.0,0.0,0.0,0.0,1.6666666666666665,0.0,0.0,0.0,0.0,0.0,0.0,0.0,21.626984126984127,0.0,0.0,0.0,0.0,0.0,0.0,0.0,0.0,0.0,0.0,0.0,5.722222222222222,0.0,0.0,0.0,0.0,0.0,0.0,0.0,0.0,0.0,0.0,0.0,0.0,0.0,0.0,0.0,0.0,0.0,0.0,0.0,0.0,0.0,0.0,0.0,0.0,0.0,0.0,0.0,0.0,9.444444444444445,0.0,0.0,0.0,0.0,0.0,0.0,0.0,0.0,0.0,0.0,0.0,0.0,0.0,0.0,0.0,0.0,0.0,0.0,0.0,0.0,0.0,0.0,0.0,0.0,0.0,0.0,0.0,0.0,0.0,0.0,0.0,0.0,5.0,0.0,0.0,0.0,0.0,3.333333333333333,0.0,0.0,0.0,0.0,0.0,0.0,0.0,0.0,0.0,0.0,0.0,0.0,0.0,0.0,0.0,0.0,0.0,0.0,0.0,0.0,0.0,0.0,0.0,0.0,0.888888888888889,0.0,0.0,0.0,0.0,0.0,0.0,0.0,0.0,0.0,0.0,0.0,0.0,0.0,1.1111111111111112,0.0,0.0,0.0,0.0,0.0,0.0,0.0,0.0,0.0
10.238095238095237,1.1111111111111112,0.41666666666666663,10.075757575757574,0.0,5.0,0.0,0.0,0.0,0.0,0.0,0.5555555555555556,0.0,5.75,0.23809523809523808,0.0,0.0,2.7777777777777777,0.0,1.6666666666666665,0.0,0.0,1.1111111111111112,0.0,1.6666666666666665,0.0,0.0,0.0,0.0,0.0,1.25,0.23809523809523808,0.0,0.0,0.0,0.0,3.333333333333333,0.0,1.6666666666666667,0.0,12.484126984126984,1.6666666666666667,0.0,0.0,0.0,0.0,0.0,1.1111111111111112,0.0,2.2222222222222223,0.0,3.8095238095238093,0.7142857142857142,0.0,0.0,0.0,0.0,0.0,0.5555555555555556,0.0,0.0,0.0,0.0,0.0,0.0,0.0,0.0,0.0,0.0,0.0,0.0,0.0,0.0,0.0,0.5555555555555556,0.0,0.0,0.0,0.0,0.0,0.0,0.0,0.0,0.0,0.0,0.0,0.0,1.6666666666666665,0.0,0.0,0.0,0.0,0.0,0.0,0.0,0.0,0.0,0.0,0.0,0.0,0.0,0.0,0.0,0.0,0.0,0.15151515151515152,0.0,0.0,0.0,0.0,0.0,0.0,0.0,0.0,0.0,0.0,0.0,0.0,0.0,0.0,0.0,0.0,0.0,0.0,0.0,0.0,0.0,0.0,0.0,0.0,0.0,0.0,0.0,0.0,0.0,0.0,0.0,0.0,0.0,0.0,0.0,0.0,0.0,0.0,0.0,0.0,0.0,0.0,0.0,0.0,2.083333333333333,0.0,0.0,0.0,0.0,0.0,0.0,0.0,0.0,0.0,0.0,0.0,0.0,0.0,0.0,0.0,0.0,0.0,0.0,0.0,0.0,0.0,0.0,0.0,0.0,0.0,0.0,0.0,0.0,0.0,0.0,0.0,0.0,0.0,0.0,0.0,0.0,0.0,0.0,0.0,0.0,0.0,0.0,0.0,0.0,0.0,0.0,0.0,0.0,0.0,1.3636363636363638,0.0,0.0,0.0,0.0,0.0,0.07575757575757576,0.0,0.0,0.0,0.0,0.0,0.0,0.0,0.0,0.0,0.0,0.0,0.0,0.0,0.0,0.0,0.0,0.0,0.0,0.0,0.0,0.0,0.0,0.0,0.0,0.0,0.0,0.0,0.0,0.0,0.0,0.0,0.0,0.0,0.0,0.0,0.0,0.0,0.0,0.0,0.0,0.0,0.0,0.0
244.3733257960554,51.989805945688296,31.698209198209195,22.774420024420024,50.716579716579716,20.846357346357344,25.26070226070226,36.292684167684165,2.048941798941799,4.8465608465608465,17.717914801248135,17.25268558601892,3.3564814814814814,88.29121550199982,52.265752765752765,28.76984126984127,12.138668430335096,23.538916736285156,6.265432098765432,1.6049382716049383,25.754002170668837,25.65034965034965,14.77436234789176,7.402116402116402,12.228697228697229,21.007020757020758,1.5277777777777777,7.916666666666666,10.296296296296296,0.9523809523809523,5.992340992340992,19.835618085618083,20.90824915824916,0.0,6.291719718190306,1.3888888888888888,9.10882635882636,4.494949494949495,2.083333333333333,4.766347849681183,0.9629629629629629,219.9140288723622,12.663817663817664,0.20833333333333331,10.272727272727272,2.4801587301587302,0.41666666666666663,5.997354497354498,2.5661375661375665,3.3796296296296293,10.12987012987013,5.55889780154486,1.1111111111111112,0.0,1.1111111111111112,0.0,3.333333333333333,0.7777777777777778,0.0,0.923076923076923,0.0,0.37037037037037035,0.37037037037037035,2.5694444444444446,1.1111111111111112,0.0,3.333333333333333,0.7592592592592592,12.419191919191919,1.2698412698412698,0.9523809523809523,2.7623456790123457,0.11111111111111112,0.0,0.0,0.0,6.157527657527657,0.47619047619047616,0.0,1.09006734006734,0.0,19.340252340252338,0.09259259259259259,0.0,0.0,0.0,0.0,4.115079365079365,0.4079254079254079,1.1111111111111112,7.464806435394671,0.16666666666666666,0.0,1.2037037037037037,0.18518518518518517,0.0,0.4444444444444445,0.0,0.0,0.0,8.332417582417582,0.0,4.788359788359788,1.1616161616161618,0.0,2.8033910533910533,0.13187429854096522,0.0,1.9781144781144784,0.0,3.253968253968254,7.638888888888888,0.0,0.0,0.37037037037037035,0.13187429854096522,0.5217236467236467,0.13187429854096522,0.13187429854096522,1.3187429854096522,0.13187429854096522,0.13187429854096522,10.0,0.0,0.10101010101010102,0.0,2.7816627816627815,0.0,0.0,0.0,0.0,0.0,0.0,0.0,8.010582010582011,0.4629629629629629,0.0,2.148148148148148,0.0,0.0,0.0,1.1111111111111112,0.0,0.0,0.0,0.0,0.0,3.4848484848484844,0.6944444444444444,0.0,0.0,4.444444444444445,1.2608225108225108,0.0,0.8333333333333333,0.0,0.0,0.0,2.3412698412698414,0.0,0.0,2.2222222222222223,0.0,4.722222222222222,3.333333333333333,0.0,0.0,0.0,0.0,0.0,4.175084175084175,0.0,0.0,0.15873015873015872,0.0,0.0,0.0,0.0,0.24691358024691357,0.0,0.8080808080808082,0.563097033685269,0.2815485168426345,0.0,0.0,0.5555555555555556,0.0,0.0,0.0,1.037037037037037,0.0,0.0,0.0,0.0,0.0,0.0,0.15873015873015872,0.0,0.4575163398692811,1.1933621933621934,0.0,0.18518518518518517,0.0,0.0,0.6666666666666667,0.0,0.0,0.0,0.0,0.37037037037037035,0.0,0.0,0.0,2.386724386724387,0.0,0.0,0.6565656565656566,0.18518518518518517,7.597527472527473,0.0,0.0,0.0,0.0,0.5925925925925926,0.0,0.0,0.15873015873015872,0.11111111111111112,0.0,0.0,0.0,0.0,0.0,0.0,0.0,0.0,0.18518518518518517,0.0,0.0,0.0,0.0,0.0,0.0,0.0,0.0,0.0,0.0,0.0,0.0,0.0
258.16666666666663,87.77777777777777,181.2222222222222,106.27777777777777,69.84126984126983,30.277777777777775,79.16666666666666,111.66666666666666,23.61111111111111,24.444444444444443,32.05555555555556,23.253968253968253,7.499999999999999,90.05555555555554,22.22222222222222,21.666666666666664,3.0555555555555554,20.555555555555554,21.11111111111111,37.22222222222222,8.61111111111111,29.72222222222222,11.11111111111111,8.888888888888888,13.166666666666666,9.444444444444445,5.0,3.333333333333333,6.166666666666666,11.11111111111111,6.666666666666666,0.0,5.277777777777778,7.5,0.0,4.444444444444445,4.444444444444445,6.666666666666666,16.666666666666664,4.722222222222221,1.6666666666666665,0.0,8.333333333333332,4.166666666666666,16.666666666666664,103.88888888888889,0.0,6.111111111111111,0.0,0.8333333333333334,115.87301587301586,0.0,0.0,0.0,0.0,3.333333333333333,6.666666666666666,0.0,6.111111111111111,5.0,5.0,0.0,0.8333333333333333,0.0,0.0,0.8333333333333333,0.0,3.9999999999999996,0.0,0.0,0.0,0.0,8.333333333333332,0.8333333333333333,62.49999999999999,0.0,0.0,4.166666666666666,1.6666666666666665,0.0,0.0,0.0,0.0,3.333333333333333,0.0,3.333333333333333,0.0,0.0,0.0,0.0,0.0,5.277777777777778,0.0,3.8888888888888884,6.666666666666666,5.0,0.0,0.0,3.333333333333333,0.8333333333333333,3.333333333333333,0.0,5.0,0.0,3.333333333333333,0.0,0.0,3.333333333333333,0.0,2.2222222222222223,0.0,0.0,1.6666666666666665,0.0,0.0,0.0,3.333333333333333,0.0,0.0,0.0,0.0,0.0,0.0,0.0,0.0,0.0,0.5555555555555556,0.0,0.0,0.0,0.0,0.0,0.0,0.0,0.0,0.0,0.0,0.0,0.0,0.0,0.0,0.0,1.6666666666666665,0.0,0.0,0.0,3.333333333333333,0.5555555555555556,1.6666666666666665,0.0,0.0,0.0,0.2777777777777778,0.0,9.444444444444443,0.0,0.0,0.0,0.0,0.0,0.0,16.11111111111111,0.0,0.0,0.0,0.0,0.0,0.0,0.0,0.0,0.0,0.0,0.0,0.0,0.0,0.0,0.0,0.0,0.0,0.0,0.0,0.0,0.0,0.0,0.0,0.8333333333333333,3.333333333333333,0.0,3.333333333333333,0.0,0.0,0.0,0.0,0.8333333333333333,0.0,1.1111111111111112,0.0,0.0,0.0,0.6666666666666666,0.0,0.0,0.0,0.0,0.0,0.0,0.0,0.0,0.0,0.0,0.0,0.0,0.0,0.0,1.6666666666666665,0.0,0.0,0.0,0.0,0.0,0.0,0.0,0.0,0.0,0.0,7.499999999999999,0.0,0.0,0.0,0.0,0.0,0.0,0.0,0.0,0.0,0.0,0.0,0.0,0.0,0.0,0.0,3.3333333333333335,0.0,0.0,0.0,1.6666666666666665,0.0,0.0,0.0,0.0
91.80665784832452,35.31216931216931,28.98611111111111,14.625,23.92989417989418,18.953703703703702,2.9444444444444446,20.97089947089947,13.069444444444445,3.5277777777777777,33.888888888888886,1.25,31.186507936507937,6.018518518518519,4.333333333333333,3.392857142857143,9.222222222222221,7.333333333333334,0.6944444444444444,28.146825396825395,19.596560846560845,6.083333333333333,10.509259259259258,19.686507936507937,6.177248677248677,7.420634920634921,3.319444444444444,0.0,22.98015873015873,6.296296296296296,3.234126984126984,9.425925925925926,3.1626984126984126,11.392857142857142,3.7499999999999996,3.1666666666666665,4.320987654320987,2.555555555555556,0.0,0.37037037037037035,5.349206349206349,4.75,3.333333333333333,2.234567901234568,0.5520282186948853,11.375,15.648148148148149,0.0,1.6666666666666665,23.027777777777775,0.0,0.8333333333333333,1.25,0.5714285714285714,9.51388888888889,0.3333333333333333,0.0,0.37037037037037035,1.25,0.0,2.333333333333333,0.0,0.8333333333333333,0.7513227513227513,7.880952380952381,1.2121212121212122,0.0,4.027777777777778,0.0,2.861111111111111,1.9999999999999998,0.0,1.1111111111111112,1.2121212121212122,0.0,1.6666666666666667,0.0,0.0,0.0,0.0,1.9166666666666665,0.37037037037037035,0.0,0.0,0.8333333333333334,0.0,0.0,0.8641975308641976,1.253968253968254,3.333333333333333,0.0,0.0,0.0,1.375,0.0,0.0,0.0,0.0,1.6666666666666665,1.25,0.0,0.0,0.3333333333333333,0.6666666666666667,0.0,0.0,0.0,1.6666666666666665,0.0,0.0,3.8095238095238093,0.8333333333333333,0.0,0.0,0.0,0.0,0.0,0.0,0.0,0.0,0.0,0.0,0.0,0.0,0.23809523809523808,0.0,1.2222222222222223,0.0,3.4722222222222223,0.0,0.0,1.824074074074074,4.94047619047619,0.0,0.0,0.0,2.7146464646464645,0.0,0.8333333333333333,1.3888888888888888,0.0,0.0,0.3333333333333333,0.5555555555555556,0.0,0.0,0.9629629629629629,0.9444444444444444,0.0,0.0,0.0,0.3333333333333333,0.0,4.583333333333333,0.3333333333333333,0.0,0.0,0.0,0.0,0.6666666666666666,0.0,0.0,0.8333333333333333,0.0,0.36111111111111116,0.0,0.0,0.0,0.0,0.0,0.0,0.0,0.0,0.0,0.0,1.6666666666666665,0.0,0.0,0.0,0.0,0.0,0.0,0.0,0.0,0.0,0.0,0.0,0.5555555555555556,0.0,0.0,0.0,0.0,0.0,0.0,0.0,0.16666666666666666,0.0,0.0,0.0,0.0,0.0,0.0,0.0,0.0,0.0,0.0,0.0,0.0,0.0,0.0,0.0,0.0,0.0,0.0,0.0,0.0,1.0119047619047619,0.0,0.0,0.0,0.9656084656084656,0.0,1.5,0.0,0.0,0.0,0.0,0.0,0.0,0.0,0.0,0.7916666666666666,0.0,0.0,0.0,0.0,0.0,0.0,0.0,0.0,0.0,0.0,0.0,0.0,0.0,3.333333333333333,0.0,0.0,0.0,0.0
152.65733372473568,91.16600529100529,23.492283950617285,112.4075176366843,49.64545947879281,63.588554192720856,32.70959595959596,134.676376428188,45.225919913419915,21.40568382235049,64.8012566137566,18.144179894179896,40.43584656084656,27.02314814814815,47.53894453404257,34.86904761904762,19.698743386243386,11.32473544973545,12.785914702581369,24.18562610229277,13.96639009139009,26.245039682539684,26.28009259259259,15.328703703703704,12.123166185666186,16.200396825396826,7.550925925925926,2.5,14.522306397306398,2.875,21.007936507936506,1.8650793650793651,12.077380952380953,28.489197530864196,4.242724867724868,6.147486772486772,11.659722222222221,26.287848725348724,4.208333333333333,8.064814814814815,11.282076719576718,2.574074074074074,3.5218253968253967,31.44510582010582,3.0357142857142856,3.3994708994708995,17.47222222222222,0.5555555555555556,7.932539682539683,2.4093915343915344,12.918523606023605,3.9814814814814814,0.7638888888888888,1.4858906525573192,3.055555555555556,4.861111111111111,3.319444444444444,2.4305555555555554,0.20202020202020204,1.9444444444444444,8.644660894660895,1.1565656565656566,28.66137566137566,12.994849286515953,4.867724867724868,0.0,0.0,4.2592592592592595,4.12037037037037,5.277777777777778,10.069444444444445,0.0,0.2777777777777778,0.0,0.0,1.25,1.6865079365079365,4.302248677248677,0.8333333333333334,3.5555555555555554,1.1195286195286194,1.6666666666666665,7.124999999999999,1.4722222222222223,9.083333333333334,4.0175565175565175,3.875,1.75,1.2554112554112553,3.398148148148148,0.2777777777777778,0.7407407407407407,0.7288359788359788,3.333333333333333,4.746031746031746,1.3333333333333333,0.0,1.7361111111111112,7.499999999999999,2.0416666666666665,1.3888888888888888,2.6944444444444446,0.0,3.009259259259259,3.999559082892416,0.20833333333333331,0.0,0.0,0.0,0.6527777777777778,1.0527497194163862,1.1111111111111112,0.736111111111111,1.1111111111111112,0.0,0.0,0.5740740740740741,0.0,0.0,0.0,0.0,0.0,0.0,2.273148148148148,0.2777777777777778,0.0,4.5476190476190474,0.6597222222222222,0.0,5.544412813434552,0.2777777777777778,1.1111111111111112,2.0370370370370368,1.5123456790123457,0.0,0.0,0.20833333333333331,0.2597402597402597,2.8353174603174605,2.2222222222222223,0.5416666666666666,3.333333333333333,0.0,0.0,0.22222222222222224,0.0,1.0555555555555556,3.333333333333333,1.82010582010582,0.0,1.6666666666666667,1.5277777777777777,0.0,0.6666666666666667,4.157407407407407,0.0,0.0,0.4444444444444444,0.0,6.8181818181818175,0.0,0.5555555555555556,0.0,0.0,2.2777777777777777,0.0,4.652777777777778,0.0,1.6038359788359786,0.12345679012345678,0.0,10.09126984126984,0.20833333333333331,0.4461279461279461,0.0,0.0,1.2936507936507935,0.0,0.0,0.0,0.5396825396825397,0.37037037037037035,0.18518518518518517,0.0,0.0,0.9444444444444444,0.0,0.0,0.0,0.22222222222222224,0.0,0.37037037037037035,0.09259259259259259,0.8333333333333333,0.0,0.0,0.0,0.9722222222222222,0.0,0.10416666666666666,0.0,0.0,0.0,0.09259259259259259,0.0,0.8333333333333333,0.0,0.3055555555555556,0.0,0.0,0.0,0.0,0.0,0.20833333333333331,0.0,0.0,0.0,0.2777777777777778,2.0246913580246915,0.0,0.0,0.0,0.0,0.0,0.09259259259259259,0.0,0.0,0.0,0.0,0.0,0.0,0.41666666666666663,0.0,0.0,0.0,0.8333333333333333,0.0,0.0,0.22222222222222224,0.0,0.0,0.0,0.0,0.0,0.0,1.2777777777777777,0.0,0.0,0.0,0.0
