15715.0,15536.0,12575.0,15593.0,13482.0,15515.0,17109.0,2.0,15538.0,15595.0,15591.0,15589.0,462.0,15439.0,15509.0,13401.0,15594.0,1302.0,9140.0,15588.0,14856.0,14678.0,9144.0,410.0,15590.0,379.0,3.0,15648.0,1.0,14341.0,15596.0,81.0,39.0,37.0,2497.0,4.0,14838.0,14054.0,15031.0,16339.0,14750.0,9052.0,9053.0,21.0,367.0,10.0,15599.0,14.0,29.0,457.0,9088.0,15446.0,8137.0,14107.0,461.0,283.0,382.0,12529.0,438.0,15498.0,2415.0,24.0,482.0,36.0,20.0,13.0,15585.0,67.0,15622.0,560.0,15587.0,729.0,386.0,7040.0,366.0,34.0,9050.0,13955.0,194.0,236.0,574.0,9114.0,503.0,112.0,256.0,222.0,378.0,15945.0,16658.0,390.0,381.0,60.0,22.0,1638.0,210.0,2015.0,512.0,42.0,541.0,332.0,314.0,133.0,370.0,14677.0,14163.0,13984.0,2012.0,23.0,110.0,545.0,16047.0,19.0,16596.0,15600.0,297.0,14298.0,55.0,16655.0,8982.0,15642.0,14112.0,4126.0,2559.0,16350.0,16116.0,16120.0,274.0,75.0,9062.0,392.0,9113.0,46.0,14110.0,16657.0,5002.0,437.0,1554.0,17169.0,65.0,9092.0,15676.0,16078.0,4057.0,9064.0,17816.0,16298.0,16399.0,197.0,2447.0,305.0,16126.0,488.0,9061.0,288.0,16160.0,15532.0,8338.0,17853.0,9068.0,32.0,5001.0,542.0,121.0,9069.0,308.0,404.0,17982.0,199.0,2499.0,1246.0,9082.0,189.0,326.0,147.0,481.0,16878.0,372.0,16550.0,109.0,17818.0,8622.0,268.0,362.0,26.0,313.0,103.0,159.0,417.0,30.0,162.0,311.0,15019.0,151.0,13736.0,14814.0,15520.0,292.0,13489.0,88.0,300.0
171.45882936507937,42.090818903318905,7.573863636363636,82.51718073593074,44.54671717171717,47.58996212121212,23.899756493506494,79.77272727272727,21.001893939393938,35.90827922077922,19.333333333333332,7.126172438672438,19.684794372294373,18.90909090909091,14.504329004329003,14.683712121212121,17.485119047619047,10.396915584415584,69.29545454545455,10.807359307359308,18.639204545454543,34.45770202020202,4.375,3.4318181818181817,37.15530303030303,10.544507575757576,3.25,2.083333333333333,3.6117424242424243,3.4071969696969697,13.063041125541126,0.41666666666666663,10.421401515151516,3.861111111111111,1.6666666666666665,1.5,3.8257575757575752,0.0,1.775,0.0,1.2916666666666665,22.672835497835496,6.095238095238095,1.183712121212121,11.840277777777777,6.369318181818182,20.452967171717173,12.553977272727273,0.2272727272727273,0.0,1.59375,0.0,9.577651515151516,1.7708333333333333,0.0,0.3125,2.583333333333333,1.25,1.4583333333333333,1.875,0.0,0.7291666666666666,14.400568181818182,3.2007575757575757,0.2272727272727273,14.236201298701298,10.503787878787879,2.4573863636363638,0.8035714285714286,0.0,4.464285714285714,1.875,1.3541666666666665,0.0,0.0,0.625,2.958333333333333,0.0,0.0,2.75,0.0,0.0,2.9356060606060606,0.5,0.0,1.6571969696969697,5.4772727272727275,6.5,0.0,0.5,0.0,36.48823051948052,11.46875,1.5852272727272727,2.6515151515151514,0.0,0.0,1.9507575757575757,1.25,10.53030303030303,0.2272727272727273,0.0,3.6875,0.0,0.625,0.0,13.834280303030303,1.3257575757575757,15.628156565656566,0.0,0.0,0.0,6.71875,2.5,1.25,3.5416666666666665,2.8541666666666665,1.6761363636363638,0.0,2.1666666666666665,0.3835227272727273,1.3392857142857142,0.0,1.6193181818181819,0.0,0.0,0.0,0.0,0.0,0.0,0.0,0.0,0.0,0.0,0.0,0.0,0.2272727272727273,0.0,0.0,0.0,0.0,0.0,1.4583333333333333,0.8333333333333333,0.0,0.0,0.625,0.0,1.1875,1.25,0.0,0.0,0.0,0.0,2.5,0.3125,0.625,0.46875,0.0,0.0,0.5,0.0,0.0,0.0,4.943181818181818,0.0,0.0,0.0,0.9375,0.0,0.0,1.5,1.25,0.5625,1.5416666666666665,0.0,0.0,0.0,0.0,0.0,0.0,0.625,1.0416666666666665,1.75,0.5303030303030303,0.0,0.0,0.0,0.0,0.0,0.7291666666666666,0.625,20.75,0.20833333333333331,0.41666666666666663,0.5,0.0,0.0,3.958333333333333,0.0
25.43095803450281,11.506694745967133,8.099522005772005,3.9251893939393936,11.524305555555555,8.484283129805517,9.295905483405482,10.214261484783872,2.5378787878787876,13.44438431938432,6.012626262626262,6.768439996984773,3.5272349696323575,3.960648148148148,5.716794140768021,4.28125,1.9369588744588744,5.050650315342479,2.528409090909091,1.2589043419267298,3.8958333333333335,4.342487373737374,1.1578942409166288,0.8459595959595959,0.35416666666666663,6.248421717171717,1.2689393939393938,2.334911616161616,1.3194444444444444,0.5208333333333333,0.9769570707070707,1.0887896825396826,0.3939393939393939,0.3125,1.2159090909090908,1.9863560982963966,1.8876262626262625,0.0,0.9618055555555556,0.0,1.9791666666666665,4.473890692640692,1.9823232323232323,0.2793560606060606,0.7954545454545455,0.8333333333333333,0.4236111111111111,0.0,0.0,0.4722222222222222,0.41666666666666663,0.0,1.2168560606060606,0.0,0.0,0.5,0.7291666666666666,6.364944083694083,2.236111111111111,0.9722222222222222,0.21527777777777776,0.5234245439469319,1.0590277777777777,0.0,0.20833333333333331,1.4362373737373737,1.0892857142857142,0.0,0.3819444444444444,0.0,0.2604166666666667,0.0,0.0,0.41666666666666663,0.3472222222222222,0.20833333333333331,0.8696338383838383,0.49652777777777773,0.0,1.3541666666666665,0.8196548821548821,0.0,0.798611111111111,0.0,0.20833333333333331,0.0,0.0,2.689078282828283,0.28125,0.2120535714285714,0.2456467661691542,0.0,1.4678030303030305,0.0,0.0,0.0,0.0,0.0,0.3125,0.0,0.20833333333333331,0.41666666666666663,0.20833333333333331,0.5718283582089553,1.846590909090909,1.5536616161616161,0.0,0.0,0.0,0.0,1.1875901875901875,0.0,1.7187499999999998,0.46874999999999994,0.5034722222222222,0.0,0.0,2.975694444444444,0.7430555555555556,1.0416666666666665,0.0,0.0,0.0,0.20833333333333331,0.625,0.798611111111111,0.0,0.0,0.20833333333333331,1.5519931457431457,4.045454545454545,0.0,0.0,0.4356060606060606,0.2361111111111111,0.0,0.0,0.0,0.0,0.5972222222222222,0.25284090909090906,0.8333333333333333,0.35416666666666663,0.8333333333333334,0.0,0.0,0.3263888888888889,0.9945436507936507,0.0,0.0,0.0,0.0,0.36458333333333326,0.0,0.0,0.2777777777777778,0.0,0.0,0.6944444444444444,0.0,0.0,0.0,0.20833333333333334,0.0,0.0,0.0,0.0,0.0,0.2232142857142857,0.0,0.35416666666666663,0.0,0.0,0.0,0.0,0.0,0.0,0.0,0.6458333333333333,0.0,0.0,0.0,0.0,0.0,0.0,0.0,0.0,0.0,0.0,0.0,0.0,0.0,0.0,0.0,0.0,0.0,0.0,0.75,0.0,0.0
27.10561375936376,14.516026404151404,3.430655174405174,11.726883903133903,6.48254884004884,8.110620421245422,5.4130647130647125,7.464206349206349,4.897592338217338,9.049803526053525,3.100248015873016,18.5943853021978,3.959065934065934,7.55110542048042,5.137262667887668,16.635545634920636,15.426675824175824,3.464890873015873,0.5452628968253969,1.533068147130647,4.53328373015873,6.654108669108669,12.011702279202279,2.4829326923076924,9.659718337218337,24.00029571123321,2.664940476190476,3.908096764346764,4.696981525419025,2.335138195138195,4.542147435897435,4.091830738705739,2.3059065934065934,5.798993055555555,2.896971153846154,1.0285149572649572,0.8118551587301587,8.238695436507935,2.502938415750916,1.5456635378510377,2.762171855921856,0.0,0.0,1.6062271062271063,0.0,0.5712950244200243,0.0,0.3084134615384615,6.083926663614164,3.8088576007326007,0.6077686202686202,9.407439204314203,0.0,0.6288141025641025,4.981019917582417,4.186351114163614,1.1359249084249083,0.0,4.361949404761905,0.6730349511599512,0.49428037240537237,0.23821924603174605,0.2914300976800977,1.8979552045177046,0.0,0.0,0.0,0.2564102564102564,0.0,0.2622767857142857,0.5750457875457875,0.275,1.1753968253968254,0.21770833333333334,0.2673611111111111,3.1373242266992265,0.0,0.35,0.0,0.0,1.3963541666666666,1.101686507936508,2.05250296000296,0.4769345238095238,0.882688492063492,0.0,0.0,0.0,1.6807844932844933,0.3383279914529915,0.390625,0.0,0.0,0.0,0.2777777777777778,1.005406746031746,0.5908333333333333,0.0,0.5039930555555555,0.0,0.0,0.0,3.270436507936508,0.9375,0.0,0.0,0.8819673382173382,0.0,0.0,0.2361111111111111,0.0,0.0,0.0,0.0,3.9146825396825395,0.0,0.5282837301587301,0.0,0.0,0.0,0.0,0.0,0.0,0.0,0.0,0.6073069291819292,0.0,0.4117483211233211,0.0,0.0,0.0,1.0094551282051283,0.0,0.0,0.0,0.0,0.0,0.0,0.0,0.0,0.0,0.0,0.0,0.0,0.3855406746031746,0.3171626984126984,0.0,0.0,0.0,0.0,0.0,0.0,0.0,0.3721230158730159,0.0,0.0,0.0,0.26666666666666666,0.0,0.0,0.0,0.25605921855921854,0.4123263888888889,0.0,0.0,0.0,0.0,0.0,0.0,0.0,0.0,0.0,0.0,0.0,0.0,0.35962301587301587,0.7135416666666666,0.9861912393162393,0.0,0.0,1.0,0.0,0.0,0.0,0.0,0.4265873015873015,0.0,0.0,0.0,0.0,0.0,0.0,0.0,0.0,0.0,0.0,0.4427083333333333,0.0,0.0,0.670400641025641
2.4135122156091717,0.8517156862745098,1.2760416666666667,2.165236928104575,3.709252450980392,1.8106617647058822,1.2619266456582632,2.809436274509804,0.37683823529411764,2.0505514705882355,1.2408088235294117,2.191110819327731,0.20526960784313725,0.5859375,0.0,0.0,0.0,0.6875,0.984375,0.0,0.20254629629629628,0.203125,0.0,0.0,0.3125,0.625,0.0,0.2870273109243697,0.0,0.0,0.9388706140350876,0.36764705882352944,0.0,0.34375,0.0,0.0,0.0,0.0,0.0,0.0,0.0,1.7009803921568627,0.0,0.0,0.9797794117647058,1.0784313725490196,0.0,0.5253482972136223,0.0,0.0,0.0,0.0,0.0,0.0,0.0,0.5,0.0,0.6666666666666666,0.0,0.0,0.0,0.41666666666666663,0.0,0.0,0.29411764705882354,0.0,0.0,0.0,0.0,0.0,0.0,0.0,0.0,0.20526960784313725,0.0,0.0,0.21446078431372548,0.0,0.0,4.999999999999999,0.0,0.0,0.0,0.0,0.0,0.546875,0.0,0.0,0.0,0.0,0.0,0.0,0.0,0.0,0.0,0.0,0.0,0.0,0.0,0.0,0.0,0.0,0.0,0.0,0.0,0.0,0.0,0.0,0.0,0.0,0.0,0.0,0.0,0.0,0.0,0.0,0.0,0.0,0.0,0.3033088235294118,0.0,0.0,0.0,0.0,0.0,0.0,0.0,0.0,0.0,1.4846813725490196,0.0,0.0,0.0,0.0,0.0,0.0,0.0,0.25240384615384615,0.0,0.0,0.0,0.0,0.0,0.0,0.0,0.0,0.0,0.0,0.0,0.0,0.0,0.0,0.0,0.0,0.0,0.3125,0.0,0.0,0.0,0.0,0.0,0.0,0.0,0.0,0.0,0.0,0.0,0.0,0.0,0.0,0.0,0.0,0.0,0.0,0.0,0.0,0.0,0.0,0.0,0.0,0.0,0.0,0.0,0.0,0.0,0.0,0.0,0.0,0.0,0.0,0.0,0.0,0.0,0.0,0.0,0.0,0.0,0.0,0.22135416666666666,0.0
28.392101139264955,3.5082758226007904,8.80843743747499,9.401333971088436,2.7245044761785833,8.266813285661566,7.257283019559805,8.068300827793804,2.5260416666666665,12.253609537914048,2.1508822278911564,1.0102667466240227,1.037803827857466,1.4890784438775508,2.8426283759772564,4.899199263038549,1.9030257936507935,1.241803181160524,1.3263268849206349,1.9007275484820794,2.956845238095238,3.5497271825396823,6.25011105188344,4.13063350340136,2.095344387755102,3.0269717261904763,1.6917194908266335,1.0630580357142858,1.9478103741496597,0.4270833333333333,3.717828798185941,0.5763888888888888,3.4464285714285716,4.296880636724387,0.23160173160173161,1.484202869580668,0.7527990362811791,1.889274601886209,0.2979113520408163,1.8492890211640212,0.41489512471655327,4.593996777032491,0.4388818027210884,2.7498985389610384,0.0,0.2331349206349206,2.730654761904762,0.0,0.8400120464852607,0.550595238095238,0.4586079223356009,4.446399954212454,1.7351921951576328,0.5963010204081632,2.7353050595238093,2.1943204365079363,0.7145337301587301,0.39737048665620095,0.24234693877551017,0.6882440476190476,0.3005952380952381,0.0,0.5059523809523809,0.3018707482993197,1.636594742063492,0.0,0.4575892857142857,0.27976190476190477,0.376984126984127,0.0,0.9618764172335601,0.416843820861678,0.0,0.0,0.21726190476190474,0.46875,0.0,0.0,0.7124255952380952,0.41666666666666663,0.31249999999999994,1.177827380952381,0.0,0.0,1.6623740842490844,0.0,0.0,0.0,0.21391369047619047,0.0,0.548048977053508,0.21207611832611833,0.0,0.4345238095238095,3.0555555555555554,0.8366815476190476,1.1857244318181817,0.21428571428571427,0.0,0.0,0.0,0.2157738095238095,0.21155753968253965,0.38581645344705046,0.0,0.0,0.0,0.4168227605727606,0.0,0.0,0.0,0.0,0.0,2.544642857142857,0.3968253968253968,0.0,0.0,0.0,0.0,0.0,0.0,0.0,0.0,0.32291666666666663,0.0,0.0,0.48828124999999994,0.0,0.0,0.0,0.0,2.65625,0.0,0.0,0.0,0.0,0.20833333333333331,0.0,0.0,0.0,0.0,0.0,0.0,0.0,0.0,0.0,0.0,0.0,0.0,0.27566964285714285,0.0,0.0,0.0,0.0,0.0,0.0,0.0,0.0,0.0,0.0,0.0,0.0,0.0,1.0061813186813187,0.0,0.0,0.0,0.234375,0.0,0.0,0.0,0.0,0.0,0.0,0.0,1.4285714285714284,0.0,0.5282738095238095,0.0,0.0,0.0,0.0,0.0,0.0,0.0,0.0,0.5,0.0,0.0,0.0,0.0,0.0,0.0,0.0,0.0,0.0,0.0,0.0,0.0,2.1354166666666665
20.639361222186597,8.350729669618783,3.5805603523460663,6.94611781571603,9.364345138987996,4.499514941644472,34.690020202478436,9.584089226486615,8.535023946360154,18.978396806566447,14.52515306122449,3.2003709132906892,5.203849119371507,10.60195676347462,3.768587370686251,5.579470172684458,5.475724206349207,10.380013934527527,9.242415293040292,27.960146775088806,9.85799882987383,17.6870902014652,1.7083802826526706,10.494646781789639,13.735070217480931,4.4747023809523805,4.30328514739229,2.960376984126984,39.28474375327054,16.615300355774494,0.9611499215070644,2.7041071428571426,5.727725885225885,4.4423280192030195,3.447827380952381,4.862537347602646,3.425651600383743,11.008526785714285,1.0804634353741496,1.3452380952380951,2.5155819379033666,9.480990824651538,9.565654798244083,0.0,0.0,0.37285052910052907,8.36129868216075,1.1112026862026863,1.7737174036281178,1.6017857142857141,6.7761947278911565,0.27394179894179893,18.636514483979923,5.151380385487529,0.6845238095238095,1.3208333333333333,4.265515873015873,0.7752551020408163,6.3148194662480375,7.38453373015873,0.446547619047619,1.7881801355775235,14.317210266585267,3.6273667800453513,2.375952380952381,0.5958333333333333,4.245650691900692,0.20684523809523808,1.4632936507936507,0.3264158163265306,2.746955782312925,2.7737407896336466,0.381547619047619,0.0,0.0,0.31333333333333335,0.2642857142857143,1.241648629148629,0.7164170506912442,0.0,0.9493055555555555,5.687619047619047,0.2830569727891157,0.8855357142857143,3.9221161477411477,0.3337301587301587,0.0,9.31760938135938,2.0652777777777778,1.0743795093795094,9.93551043920247,0.963270757020757,0.0,0.0,1.1866071428571427,1.6133333333333333,2.5557539682539683,2.626547619047619,2.2458753052503053,0.0,0.0,0.3954034391534391,0.38051587301587303,3.1769275645581616,0.23833333333333334,3.324186507936508,0.47970238095238094,0.5272394272394273,0.0,0.0,0.28928571428571426,0.4166666666666667,0.0,0.25870535714285714,0.0,0.3,0.20833333333333331,0.0,0.4967828798185941,1.6880668934240364,1.6173430141287284,0.8092307692307692,0.0,8.273779761904763,0.577857905982906,0.0,0.0,1.2078373015873016,1.425496031746032,0.0,0.0,0.0,0.5922949735449735,7.02159416971917,0.27642322954822957,0.725,0.0,0.0,0.0,0.337078373015873,1.508316326530612,0.43898809523809523,0.28755952380952376,0.0,0.0,0.0,4.216666666666667,0.0,0.0,0.5826719576719577,0.9324404761904761,1.8928571428571428,2.8004634353741493,0.0,0.0,0.33472222222222225,1.5190575396825396,2.1933035714285714,0.0,0.0,0.7921794871794872,0.0,0.0,2.1902090964590966,0.25595238095238093,0.0,0.0,0.0,0.0,0.0,0.9901465201465202,0.0,0.0,0.0,0.0,0.5166666666666666,0.0,0.0,0.0,0.41666666666666663,0.669345238095238,0.0,0.0,0.0,0.0,0.0,0.3375,0.0,0.4084279609279609,0.0,0.4845238095238095,0.0,0.0,2.5670634920634923,0.22273809523809524,0.0,0.0,0.2777777777777778,0.0,0.0
162.86440053472592,6.37850744739656,28.925652759938473,69.90472471807293,81.64549269513554,42.290494795124324,400.85758764660835,92.06464478204217,10.915711777047983,107.6838938558135,89.50196583178726,9.250470119639894,51.15105469157708,58.61995635647421,20.19881223841112,10.079317547531833,24.71043740981241,46.39648218849578,72.91571352258852,184.44970929590133,109.82703373015873,186.26971410669938,1.5224828467552347,163.92610019357392,75.60984127975199,2.9330357142857144,19.63179043839758,4.873571428571428,103.08502865355544,97.54037528084942,6.692430895435097,10.187969576719576,88.1858022995523,85.59537543475044,28.105936864061864,15.677437031252328,15.739475786818224,42.27484258796758,8.021435657596372,1.310515873015873,25.226784624106052,74.92428156169227,64.47276088660017,0.9181547619047619,0.8360042735042735,8.668882275132274,105.07193041154248,7.173702686202685,1.8054634353741494,8.233730158730157,29.041377808699238,4.972751322751322,194.0153860753515,19.661301020408164,1.1706349206349205,2.044047619047619,23.25105463980464,3.5044217687074832,14.81798643816501,34.38502976190476,0.446547619047619,13.817942040339428,56.315760327635324,9.262783446712017,25.47777417027417,16.70297619047619,59.20029188404188,2.081845238095238,45.23665293040293,5.905284863945578,16.639812925170066,90.45316691905977,2.036640211640212,6.598313492063492,1.775595238095238,3.1660119047619046,6.278174603174603,4.237184343434343,9.472315319089512,1.7977777777777777,2.1506944444444445,20.767570346320344,2.7830569727891152,1.2054761904761904,18.86562449124949,1.6878968253968254,3.75,47.79344743219743,4.261111111111111,28.591046176046174,28.10400860770064,14.277831196581197,0.634090909090909,1.2702380952380952,4.847321428571428,0.8633333333333333,2.877579365079365,81.27421245421245,29.319974816849815,10.483333333333333,0.0,0.6731812169312169,22.923337294513765,15.292502961383558,1.2105555555555556,4.978948412698412,15.834861111111111,2.055017205017205,2.7299242424242425,0.0,0.39345238095238094,0.4166666666666667,3.1944444444444446,2.2170386904761905,1.2833333333333332,3.0083333333333333,3.032738095238095,1.0763888888888888,0.6753543083900226,4.659450371057514,17.720971330257044,9.9914245014245,0.0,59.6325009018759,7.21350351037851,2.602678571428571,0.5925925925925926,1.4081349206349205,1.7032738095238096,0.0,0.0,0.0,10.84221866096866,68.08707036019536,3.177598443223443,0.0,0.0,0.0,0.0,0.5156498015873016,4.6640702947845805,8.956183862433862,2.429184102934103,2.1352777777777776,0.0,0.0,7.6690476190476184,0.0,8.318809523809524,24.431382275132275,3.4610119047619046,0.503968253968254,6.164550736961451,0.0,0.2724358974358974,3.896527777777778,7.837764295889296,11.354513888888889,0.5396825396825397,0.0,3.151581196581197,0.0,0.0,9.809088827838828,4.561507936507937,2.9166666666666665,0.2790854978354978,0.0,0.9375,0.0,11.423090659340659,1.52,0.0,1.8125,1.6116666666666666,0.5166666666666666,0.0,0.0,0.0,0.0,5.805654761904762,0.0,1.0416666666666665,0.0,0.41666666666666663,0.0,0.0,0.0,3.6649908424908424,0.0,2.1101551226551227,10.425396825396826,1.0416666666666665,6.231746031746032,9.736626984126984,0.6794217687074829,1.0239158163265305,0.48611111111111105,3.9761904761904763,0.0
29.420955882352942,5.156045751633987,7.7379493464052285,2.758986928104575,1.6104983660130718,3.5784313725490198,4.830269607843137,7.993668300653595,3.0359477124183005,0.8623366013071896,0.2303921568627451,1.6980392156862745,2.243668300653595,3.9240876906318083,1.6944444444444444,1.4803921568627452,5.619281045751634,5.464528867102397,1.5204248366013071,1.0196078431372548,1.6928104575163399,1.1952614379084967,1.9379084967320261,0.32352941176470584,2.1282066993464053,0.29313725490196074,0.8872549019607843,0.4256535947712418,0.625,3.3727124183006536,0.22058823529411764,0.46078431372549017,0.0,0.8333333333333333,0.5055555555555555,1.6879084967320261,0.0,0.3715277777777778,0.0,0.0,0.0,1.7990196078431373,0.25,0.0,0.7373366013071896,0.0,1.1830065359477124,0.0,0.0,0.0,0.0,0.0,0.0,0.0,0.0,0.0,0.0,5.476307189542484,0.0,0.0,0.0,0.0,0.0,0.0,0.0,0.0,0.0,0.0,0.0,0.0,0.0,0.5441176470588235,0.0,0.0,0.0,0.0,0.7892156862745098,0.24019607843137253,0.0,0.0,0.5,0.0,0.0,0.0,0.0,0.0,0.0,0.2853349673202614,0.0,0.0,0.0,0.0,0.0,0.0,0.0,0.0,0.0,0.0,0.0,0.0,0.0,0.0,0.0,0.0,0.7361111111111112,1.4901960784313726,0.0,0.0,2.6666666666666665,0.0,0.0,0.0,0.0,0.0,0.0,0.0,0.0,0.0,0.0,0.0,0.0,0.0,0.0,0.0,0.0,0.0,0.0,0.0,0.0,0.0,1.25,0.0,0.0,0.0,0.0,0.0,0.0,0.0,0.0,0.0,0.0,0.0,0.0,0.0,0.0,0.0,0.0,0.0,0.0,0.0,0.0,0.0,0.0,0.0,0.0,0.0,0.0,0.0,0.0,0.0,0.0,0.0,0.0,0.0,0.0,0.0,0.0,0.0,0.0,0.0,0.0,0.0,0.0,0.0,0.0,0.0,0.0,0.0,0.0,0.0,0.0,0.0,0.0,0.0,0.0,0.0,0.0,0.0,0.0,0.0,0.0,0.0,0.0,0.0,0.0,0.0,0.0,0.0,0.0,0.0
80.04248366013071,6.822712418300654,13.050449346405228,8.154820261437909,3.860498366013072,5.120098039215686,10.722630718954248,20.743668300653592,4.7026143790849675,0.8623366013071896,1.2720588235294117,6.906372549019608,1.6186683006535947,1.5074210239651415,6.465277777777778,5.230392156862745,5.8276143790849675,10.464528867102397,8.395424836601308,4.186274509803922,6.630310457516339,2.3202614379084965,1.3129084967320261,0.32352941176470584,13.711540032679737,1.3348039215686274,1.303921568627451,6.342320261437909,0.0,15.456045751633987,0.7205882352941176,1.1899509803921569,0.0,4.583333333333333,0.8180555555555555,0.43790849673202614,0.0,2.2465277777777777,0.625,0.0,0.0,6.156658496732026,0.25,0.0,3.7373366013071894,0.0,1.8080065359477122,0.0,0.0,0.0,0.0,1.25,0.0,0.0,0.0,0.0,3.1822916666666665,2.073529411764706,0.0,0.625,0.0,0.9166666666666665,0.0,0.3125,0.0,0.0,0.0,0.0,0.0,0.0,0.0,0.5441176470588235,0.0,0.0,0.0,0.3125,0.7892156862745098,0.24019607843137253,0.0,0.0,0.5,0.0,0.0,0.0,0.0,0.0,0.0,0.2853349673202614,0.0,0.41666666666666663,0.0,0.0,0.0,0.0,0.0,0.0,0.0,0.0,0.0,0.0,0.0,0.0,0.0,0.0,0.0,0.24019607843137253,0.0,0.0,1.4166666666666667,0.0,0.0,0.0,0.0,0.0,0.0,0.0,0.7361111111111112,0.0,0.0,0.0,0.0,0.0,0.0,0.3125,2.0416666666666665,0.0,0.0,0.0,0.0,0.375,0.0,0.0,0.0,0.0,0.0,0.0,0.0,0.0,0.0,0.0,0.0,1.3970588235294117,0.0,0.625,0.0,0.0,0.0,0.0,0.0,0.0,0.0,0.0,0.0,0.0,0.0,1.25,0.0,0.0,0.0,0.0,0.0,0.0,0.0,0.0,0.0,0.0,0.0,0.0,0.0,0.0,0.0,0.0,0.0,0.0,0.0,0.0,0.0,0.0,0.0,0.625,0.0,0.0,0.0,0.0,0.0,0.0,0.0,0.0,0.0,0.0,0.0,0.0,0.0,0.0,0.0,0.0,0.0,0.0,0.0,0.0
61.38788917635449,56.15173617478614,38.732301119019866,9.930541776895943,17.74897613960114,24.23252657782575,29.0809061166084,10.748299784447171,7.658833151860535,19.66641865079365,17.586748754717505,31.61618687667099,20.430501263523652,17.92274968699601,10.716236105053735,12.153273809523808,17.168301316738816,25.07115617454319,14.680012984700484,15.65294606409345,11.366348928848929,8.628653464590965,8.358866012200899,8.31602733686067,7.698691933066933,8.113467261904761,5.759631283068783,9.374391233766234,5.1622023809523805,3.332530845192483,7.672453703703703,12.307415674603174,1.7586805555555556,8.890432098765432,7.9992559523809526,7.002443309696108,1.0625,5.75633103620236,3.015151515151515,11.523413184718331,1.1726190476190477,12.963341346153845,16.516204930398732,2.258928571428571,12.90376984126984,0.0,14.46717068053275,0.49244505494505497,3.3328373015873014,3.5284155328798184,4.0341134559884555,6.860863095238095,4.169042818740399,7.466192916560563,0.0,0.0,0.7199754901960784,5.933960137085137,2.289857609710551,3.165798611111111,0.20343660968660968,3.0867925995024876,1.015625,1.7760416666666665,0.2825091575091575,1.4018429487179487,1.210813492063492,0.7638888888888888,6.573528901653901,0.0,0.642361111111111,1.709077380952381,0.0,0.8708639705882353,0.4407051282051282,1.1666666666666665,1.7918669871794872,2.091765873015873,0.0,0.0,2.055871212121212,1.093484268707483,1.5347222222222223,1.3802083333333335,0.0,0.0,0.0,0.4613095238095238,0.8164457070707071,0.21875,0.0,3.8559027777777777,0.6666666666666666,0.3125,1.0729166666666667,0.9795386904761905,2.416869588744589,3.5881410256410255,1.8923611111111112,0.5613425925925926,0.8333333333333333,1.3541666666666667,0.0,1.5188769693200663,1.1371527777777777,1.2853535353535355,0.2678571428571428,1.909188034188034,0.3928571428571428,0.0,0.20833333333333334,0.625,1.435496794871795,2.3425099206349205,0.0,2.845982142857143,0.75,1.0003035159285159,0.6211670274170273,0.47719381313131315,2.0961963383838382,0.2300347222222222,0.0,1.1119791666666667,0.0,0.20089285714285715,1.2847222222222223,2.11266121031746,0.4427083333333333,4.258184523809524,2.62817997974248,0.0,2.7312748015873014,2.4821350524475525,0.29166666666666663,0.0,0.0,4.417782738095238,0.0,2.1884920634920633,2.759052579365079,1.4810267857142856,0.4897186147186147,0.24739583333333331,0.6004464285714286,0.2777777777777778,1.1067708333333333,0.20833333333333331,0.0,0.3125,0.0,0.0,0.25297619047619047,0.0,1.8050595238095237,1.2132034632034632,0.0,0.0,1.3836805555555556,0.0,0.41666666666666663,0.0,1.8072916666666665,1.8607200091575091,0.0,0.40900735294117646,0.9688358516483516,0.0,5.581597222222222,0.25,0.0,0.0,0.3415032679738562,0.0,0.3862847222222222,0.0,0.0,0.0,1.5323660714285714,0.0,0.23096955128205127,0.0,0.0,0.0,0.0,0.0,0.0,0.0,0.0,1.0,0.0,0.33854166666666663,0.7142857142857142,0.27232142857142855,0.26041666666666663,0.47649572649572647,0.0,0.0,0.3854166666666667,0.0
28.882575742014517,0.6735172423947934,6.9183126274963005,0.7178085519922254,2.1225520511234794,2.797254616132167,4.436291363587282,1.2105199222546161,11.736961451247165,0.7373663751214771,9.198615160349854,3.5511621315192743,1.1063698206555348,5.7985027666150115,0.2504086050004417,6.623866213151927,1.638966192537621,1.0398850016196954,1.1427052964042759,0.2942986718496923,0.26038629737609326,0.6383219954648526,2.2599917089713006,5.026218820861677,13.503895244966673,0.32253290926760314,4.812315330172473,1.6153848985481638,0.8615675707512441,1.5051020408163265,0.2551020408163265,0.8865605766115969,0.5384475218658892,0.2342687074829932,0.9378561489530877,1.9422541743970314,0.22151360544217685,5.01218820861678,4.9014415289925495,0.6384232264334304,0.4216472303206997,0.0,0.625,0.29622021968960743,0.0,0.0,1.3673469387755102,1.0277777777777777,0.2213313896987366,0.21080336896663426,0.7766439909297052,0.9209183673469388,0.0,2.609086491739553,0.47398180051241273,2.2185374149659864,1.3843537414965985,0.0,0.0,0.0,0.0,0.0,0.0,0.23044217687074828,0.0,0.0,0.0,0.0,0.0,0.29761904761904756,0.0,0.0,0.0,0.0,0.0,0.0,0.0,0.0,0.5178571428571428,0.0,0.0,0.0,0.0,0.0,0.0,0.0,0.28061224489795916,0.5510204081632653,0.0,0.0,0.4385325558794946,0.0,0.0,0.4919825072886297,4.236394557823129,0.0,0.0,0.0,0.0,0.6632653061224489,0.0,0.0,0.0,0.0,0.0,0.0,0.0,0.0,0.0,1.204567541302235,0.0,0.0,0.0,0.0,0.0,0.0,0.0,0.0,0.0,0.0,0.0,0.0,0.23814677386105956,0.0,0.0,0.0,2.741668384525527,0.0,0.0,0.0,0.0,1.5416666666666665,0.0,0.0,0.0,0.0,0.0,0.0,0.0,0.0,0.0,0.0,0.0,0.0,0.0,0.0,0.0,0.0,0.0,0.4166666666666667,0.0,0.0,0.0,0.24319727891156462,0.0,0.0,0.0,0.0,0.0,0.6995734801857251,0.0,0.0,0.0,0.0,0.0,3.1755547457078066,1.0289115646258504,0.0,0.0,0.0,0.0,0.33549783549783546,0.0,0.0,0.0,1.310799319727891,0.0,0.0,0.0,0.0,0.0,0.0,0.0,0.0,0.0,0.0,0.0,0.0,2.63718820861678,0.0,0.0,0.0,0.0,0.0,0.0,0.0,0.0,0.0,0.0,0.0
16.178000224938998,0.46518390906146007,0.7278364370201105,0.30114188532555874,1.203901257472686,0.47880223517978615,1.3267735665694849,0.6152818270165208,0.7687074829931972,3.1331997084548107,0.347424684159378,0.3567176870748299,0.2730364873222016,0.36298689359913844,0.2504086050004417,3.3460884353741496,0.5774582560296846,0.4148850016196955,0.30937196307094267,0.2942986718496923,0.26038629737609326,0.6383219954648526,2.184234133213725,0.3039965986394558,0.25819418676561534,0.0,0.21683673469387757,0.4249087080719734,0.30601201519568866,0.2551020408163265,0.2551020408163265,0.8865605766115969,0.4342808551992225,0.0,0.9378561489530877,0.0,0.22151360544217685,0.0,0.3875526401036605,0.43008989310009715,0.21331389698736636,0.0,0.0,0.0,0.0,0.0,0.0,0.0,0.0,0.21080336896663426,0.0,0.8018707482993197,0.0,0.2757531584062196,0.47398180051241273,0.0,0.0,0.0,0.0,0.0,0.0,0.0,0.0,0.0,0.0,0.0,0.0,0.0,0.0,0.29761904761904756,0.0,0.0,0.0,0.0,0.0,0.0,0.0,0.0,0.5178571428571428,0.0,0.0,0.0,0.0,0.0,0.0,0.0,0.28061224489795916,0.0,0.0,0.0,0.0,0.0,0.0,0.4919825072886297,0.0,0.0,0.0,0.0,0.0,0.2465986394557823,0.0,0.0,0.0,0.0,0.0,0.0,0.0,0.0,0.0,0.0,0.0,0.0,0.0,0.0,0.0,0.0,0.0,0.0,0.0,0.0,0.0,0.0,0.23814677386105956,0.0,0.0,0.0,0.0,0.0,0.0,0.0,0.0,0.3333333333333333,0.0,0.0,0.0,0.0,0.0,0.0,0.0,0.0,0.0,0.0,0.0,0.0,0.0,0.0,0.0,0.0,0.0,0.0,0.0,0.0,0.0,0.0,0.0,0.0,0.0,0.0,0.0,0.6069808875931324,0.0,0.0,0.0,0.0,0.0,0.0,0.0,0.0,0.0,0.0,0.0,0.0,0.0,0.0,0.0,0.0,0.0,0.0,0.0,0.0,0.0,0.0,0.0,0.0,0.0,0.0,0.0,0.0,0.0,0.0,0.0,0.0,0.0,0.0,0.0,0.0,0.0,0.0,0.0,0.0
197.76706813828636,45.56270056908968,33.59593733647305,100.05402597898133,82.62689935064935,58.46495343833297,232.7026120005613,54.79471332461071,17.73102262360883,81.37956838630946,25.287785336356762,28.555033611703386,82.96360441037679,56.167829779347635,45.885109737208616,18.00523075469504,56.73755810657596,22.335966315479908,26.610930805305806,96.91351979096181,81.65171136733636,76.09016538355824,7.125377637150025,81.91245432147218,76.40487841853913,9.898313492063492,23.804665017522158,4.834880952380952,109.33801756279435,35.4622427652169,33.05043563579278,18.435324074074074,85.46997332033047,18.659821405446404,35.302060185185184,64.26462068093598,17.40847236757951,73.99987103174603,0.8721301020408163,7.4122023809523805,15.533817868639296,31.425501406662118,51.87738949212163,4.315250721500721,0.5762362637362637,12.71150664811379,122.00225042221963,3.9385836385836384,16.1926988851096,36.0496515059015,59.139486875558305,3.4221560846560846,58.927315058853075,26.79734090644805,2.330357142857143,1.8555555555555554,6.516507936507936,1.4746598639455781,3.8543366620152333,37.2590376984127,3.9152976190476187,18.606632516529903,23.785960266585267,8.081235827664399,4.905714285714286,0.7694444444444444,58.79458647833648,7.697916666666667,35.72893990929705,0.5049872448979592,33.728767951625095,31.172947138839994,0.381547619047619,11.335747354497354,1.7438492063492064,1.4591666666666667,1.930952380952381,5.110696248196248,6.6691948284690215,1.1727777777777777,13.626388888888888,37.31278439153439,1.7552791950113378,1.1310714285714285,30.816759004884002,1.2712301587301587,0.20833333333333331,31.8874784012284,2.474074074074074,24.194220779220778,32.00495488364692,1.7581841769341768,0.8424242424242423,0.6630952380952381,4.381051587301587,0.8633333333333333,13.874603174603175,20.84628968253968,2.6417086385836384,0.789520202020202,0.0,1.52635582010582,1.1394444444444443,9.912222692710433,3.502222222222222,6.723988095238095,0.7088690476190476,3.027239427239427,0.0,0.25277777777777777,3.57369227994228,0.4166666666666667,0.0,1.6337053571428573,0.5428238428238429,0.3,1.25,0.0,1.6703939909297052,6.357412131519275,5.892938252223966,2.3683577533577536,0.0,40.12737953514739,4.38291742979243,0.40162037037037035,1.2291666666666665,12.92202380952381,3.4790674603174603,0.0,0.3741531165311653,0.0,1.3216420153920154,24.28895528083028,5.6633279914529915,1.2458333333333333,0.0,0.0,0.9970882292310864,0.7537450396825396,11.363971088435374,4.401785714285714,1.782689393939394,9.081706349206348,0.47424242424242424,1.4916666666666667,3.7583333333333333,0.0,2.0360714285714283,1.1898148148148149,5.1276785714285715,0.4623015873015873,4.749537509448223,0.0,0.38919413919413914,3.5597222222222222,9.736980820105819,6.824255952380952,0.939484126984127,0.0,3.3027945665445664,0.0,0.625,3.659058302808303,0.25595238095238093,1.8333333333333333,6.074224386724387,3.75,0.75,0.0,14.584214753500468,0.0,0.41666666666666663,0.0,0.0,2.1068027210884352,0.0,0.0,0.0,0.9523809523809523,3.8979166666666663,0.7119047619047619,2.2916666666666665,0.0,0.0,0.9921626984126983,0.0,0.0,4.658427960927961,0.0,1.2583333333333333,0.9506944444444444,0.0,7.084920634920635,3.3363744588744586,0.0,1.6786777210884354,0.3611111111111111,0.0,0.0
97.41124030345044,53.867361570939465,38.07478128567026,16.67915906515803,24.696128693023102,25.45066281343455,12.637843155506198,34.22048196617943,11.85890837136308,13.452058683942742,3.5427411106758933,23.00778165587948,5.248317805383023,10.332786979526109,16.32876121463078,13.927213285908937,17.64076039030749,9.830780703063311,3.282723717506326,0.7465949062416454,16.45053646367052,10.333706127378488,20.904448208796033,10.369004485852312,8.693578739095043,25.927043211689952,2.8099838969404187,4.490008783487044,6.149974120082816,0.7596323429656763,0.8680555555555555,0.0,4.87469806763285,3.515110996089257,8.776041666666666,1.18794570968484,2.951388888888889,12.374384769085855,6.898148148148148,5.274532004830918,1.3958333333333333,0.5520833333333334,2.81596862778928,1.129981884057971,2.149783615136876,0.0,0.0,4.283162238325282,7.023227225672877,1.3194444444444444,0.0,2.25,1.7881944444444444,0.0,4.894801731078905,0.0,3.582775919732441,1.6666666666666665,2.5,1.7059178743961354,0.0,0.0,2.112268518518518,4.313271604938271,0.0,0.0,2.7123590982286636,0.0,0.29977570738440307,0.6597222222222222,4.647376543209877,0.6405243558776167,0.3125,0.0,0.5701154052603328,0.9122670807453416,0.0,0.0,0.0,4.057010718016153,5.313894057100579,1.9072420634920635,2.458333333333333,0.3343900966183575,1.6793478260869565,0.0,3.440318035426731,0.0,6.634596553074814,2.6208987520128826,0.25,0.0,0.5797101449275361,0.7854938271604939,0.0,0.0,0.421195652173913,1.857634649301316,2.5,0.0,0.0,0.5821759259259259,0.0,5.0749007936507935,0.0,0.0,0.3125,0.0,2.7232142857142856,0.0,0.0,0.0,0.47101449275362317,0.49516908212560384,1.4583333333333333,0.0,0.41666666666666663,0.0,1.736111111111111,0.0,0.0,0.0,0.0,0.0,0.0,1.1555383022774326,0.0,2.544642857142857,0.0,0.0,0.0,0.0,0.0,0.0,0.0,0.0,0.0,0.0,0.0,0.0,0.0,0.0,0.0,0.0,0.0,0.0,0.0,0.3125,0.0,0.0,0.0,0.625,0.0,1.4384920634920633,0.0,0.0,0.0,0.0,0.0,1.4583333333333333,0.20833333333333331,0.0,0.0,0.0,0.0,1.25,0.0,0.2604166666666667,0.0,0.0,0.0,0.0,0.0,0.0,0.0,0.0,0.0,0.0,0.0,0.0,0.0,0.0,0.0,0.0,0.0,0.0,0.0,0.0,0.0,0.0,0.33482142857142855,0.0,0.0,0.0,0.0,0.0,0.0,0.0,0.0,0.41666666666666663
98.99545547385621,26.8171977124183,47.08169934640523,16.9890800070028,11.512459150326798,22.378676470588236,22.357996323529413,29.915441176470587,9.294730392156863,6.200214460784314,2.252450980392157,9.689869281045752,1.667687908496732,12.085546023965142,9.45138888888889,2.480392156862745,13.422589869281046,12.810014978213507,10.32250816993464,5.973848914565826,10.674428104575163,1.954190009337068,2.6149918300653594,0.3602941176470588,17.20112336601307,1.91078431372549,1.7205882352941175,8.273692810457517,1.024050245098039,18.769771241830064,0.22058823529411764,2.8995098039215685,0.20833333333333331,3.333333333333333,1.1305555555555555,1.1931168300653594,0.625,4.118923611111111,0.859375,0.0,0.0,7.984375,2.828125,0.23039215686274508,7.082924836601308,0.2450980392156863,1.8080065359477122,0.32563025210084034,0.0,0.0,0.20833333333333331,1.25,3.6060049019607843,0.0,0.0,0.0,3.6822916666666665,7.332924836601308,0.0,0.625,0.0,1.0729166666666665,0.0,0.8125,0.29411764705882354,0.0,0.0,0.0,1.6666666666666665,0.0,0.0,0.5962009803921569,0.0,0.4656862745098039,0.0,0.9375,2.357843137254902,0.24019607843137253,0.0,0.0,0.53125,1.9166666666666665,0.0,0.0,0.0,0.0,0.0,1.1603349673202614,0.0,1.0416666666666665,0.0,0.0,0.0,0.0,0.0,0.0,0.0,0.0,0.0,0.0,0.0,0.0,0.0,0.0,0.809640522875817,0.8651960784313725,0.0,0.0,1.9166666666666665,0.0,0.5555555555555556,0.0,1.3970588235294117,1.1640625,0.0,0.0,0.7361111111111112,0.0,0.6805555555555556,0.0,0.0,0.0,0.0,0.3125,4.411458333333333,0.0,0.0,0.0,0.0,0.7916666666666666,0.0,0.0,0.25183823529411764,0.0,0.0,0.0,0.0,0.0,0.0,0.0,0.0,0.8455882352941176,0.0,0.6544117647058824,0.0,0.0,0.0,0.0,0.0,0.0,0.0,0.0,0.0,0.0,0.3513071895424837,1.25,0.0,0.0,0.45343137254901955,0.0,0.0,0.0,0.0,0.0,0.0,0.0,0.0,0.0,2.0,0.0,0.0,0.0,0.0,0.0,0.0,0.0,0.0,0.0,0.0,0.625,0.0,0.0,0.0,0.0,0.0,0.0,0.0,0.0,0.0,0.0,0.0,0.0,0.0,0.0,0.0,0.0,0.0,0.0,0.0,0.0
21.309501262626263,5.069444444444445,10.385416666666666,7.408854166666666,2.0186011904761907,2.3932291666666665,33.55232007575757,0.3645833333333333,0.9027777777777777,3.4970238095238093,12.355820105820104,1.8363095238095237,0.0,3.9829282407407405,6.684523809523809,0.546875,3.2291666666666665,0.26041666666666663,1.7053571428571428,20.38475529100529,13.556547619047619,7.4375,3.3333333333333335,7.625,5.700892857142857,0.6150793650793651,3.2855902777777777,0.0,0.7291666666666666,4.15625,0.0,2.552083333333333,3.6979166666666665,14.616402116402115,0.0,4.0625,1.3333333333333333,6.895833333333333,1.6666666666666665,3.709201388888889,3.163318452380952,12.476190476190476,4.739583333333333,0.0,0.0,0.8779761904761904,1.8601190476190474,0.0,0.0,0.0,2.1666666666666665,0.0,13.76080869175627,0.982142857142857,0.0,0.0,1.375,0.0,0.0,0.41666666666666663,0.0,1.8634259259259258,0.0,5.0,0.0,0.0,10.513392857142858,0.0,2.6041666666666665,0.0,0.0,0.0,0.0,2.4999999999999996,0.4196428571428571,0.625,0.20833333333333331,0.0,2.2222222222222223,0.0,0.0,1.0416666666666665,0.0,0.0,1.0714285714285712,4.0625,0.0,5.0,0.0,4.941220238095238,0.0,0.8203125,0.0,0.0,0.41666666666666663,1.25,0.0,4.760416666666667,1.1666666666666665,0.0,0.23958333333333331,0.0,0.41666666666666663,0.0,0.8333333333333333,1.2946428571428572,0.0,0.0,0.0,0.0,0.0,0.0,0.0,0.0,0.0,0.0,0.0,0.0,0.0,0.0,2.083333333333333,0.3571428571428571,0.0,5.0,0.0,0.0,0.0,0.0,0.0,0.0,0.0,0.0,0.0,2.5,0.0,0.3125,0.0,0.0,0.0,0.41666666666666663,0.0,0.0,0.0,0.0,0.0,0.0,0.0,0.0,0.0,2.199074074074074,0.0,0.0,0.0,0.0,0.0,0.0,0.625,0.0,0.0,0.625,0.0,0.0,0.0,0.0,0.0,2.1875,0.0,0.0,0.0,0.0,0.8333333333333333,0.0,0.0,0.0,0.0,0.0,0.0,0.0,0.0,0.0,0.0,0.0,0.0,0.0,0.0,0.31818181818181823,0.0,0.0,0.0,0.0,0.0,0.0,0.0,0.0,0.0,0.0,0.0,0.0,0.0,0.0
175.66758733164983,36.73251488095238,16.172743055555554,47.71797588985089,94.02488425925925,43.67737268518518,45.08692956349206,105.41589255651755,13.969742063492063,30.23497828185328,39.26587301587301,12.745122354497354,9.984375,17.28414351851852,42.768886784511785,22.71730324074074,32.48755787037037,58.0515873015873,12.838307429453263,0.8802083333333333,6.928323412698412,12.432291666666666,17.66282242063492,5.722222222222222,47.3838458994709,25.241071428571427,15.8328373015873,22.400545634920636,7.043113425925926,4.7111441798941796,4.510416666666667,14.182953042328043,1.9270833333333333,37.11871693121693,3.066592261904762,2.925662878787879,0.7135416666666666,8.691550925925926,1.1458333333333333,3.060267857142857,0.2777777777777778,0.33854166666666663,1.568287037037037,37.22581845238095,27.38946759259259,2.8211805555555554,0.84375,32.559317129629626,3.1763392857142856,0.5208333333333333,1.1041666666666665,13.131944444444445,0.8958333333333333,9.62479332010582,1.2847222222222223,1.640625,2.21875,1.5260416666666665,4.72953869047619,0.5555555555555556,2.192708333333333,0.9765625,0.8333333333333333,0.37721836419753085,6.085069444444445,1.3229166666666667,2.642361111111111,3.259341931216931,0.2951388888888889,0.41666666666666663,2.0381944444444446,0.0,14.57791832010582,0.6197916666666666,10.90464917027417,0.28125,0.20833333333333331,0.33854166666666663,3.3697916666666665,13.414351851851851,0.0,3.0864197530864197,0.23995535714285715,3.002314814814815,1.6927083333333333,1.2053571428571428,27.66695601851852,0.3125,0.8203125,0.20833333333333331,1.21875,0.6117724867724867,5.713541666666667,1.6944444444444444,0.9375,0.0,0.41666666666666663,0.9071180555555556,3.111111111111111,0.0,0.8705357142857142,0.2951388888888889,0.0,0.0,0.46875,0.0,0.46875,3.0839120370370368,1.2239583333333333,1.2881944444444444,0.234375,34.90389384920635,0.3125,0.49479166666666663,1.8489583333333333,1.8333333333333333,0.0,0.6510416666666666,0.32291666666666663,0.0,0.0,0.21875,0.9027777777777778,0.5729166666666666,0.0,0.5833333333333333,0.5572916666666666,0.2864583333333333,0.21875,0.8333333333333333,0.625,0.46875,0.3125,0.0,0.0,0.7118055555555556,6.513888888888888,0.0,0.5208333333333333,0.3125,0.26041666666666663,0.0,0.0,0.26041666666666663,0.0,0.0,0.0,0.2170138888888889,0.3125,0.46875,1.9930555555555556,0.7986111111111112,0.0,1.3697916666666667,0.0,0.0,3.020833333333333,0.296875,0.0,0.6770833333333333,0.703125,0.0,3.125,0.0,0.0,0.0,0.0,0.0,0.41666666666666663,0.5208333333333333,0.0,0.0,0.20833333333333331,0.32291666666666663,1.6067708333333333,0.234375,1.5894097222222223,0.0,0.681423611111111,5.322916666666667,0.0,0.625,0.453125,0.0,0.21875,0.390625,0.65625,2.078125,0.0,0.3125,0.0,0.0,0.3877314814814815,0.0,0.0,0.0,0.0,0.0,0.0,0.0
93.64889533886357,36.35370586009497,10.41686987615559,94.10428108102215,17.096208513708515,6.449415735295266,140.1401292865161,8.07714478204217,35.00625410509031,42.778992044661685,22.021184807256237,22.861085199004975,7.165654674927063,38.48390120791906,43.11911647121535,15.559628902843189,21.407271825396826,14.872904146167738,10.784623085248084,23.08365867985071,18.933726343101345,27.65931787458573,7.3642244384968265,17.251591226234083,21.886359900020615,5.6622023809523805,14.591479591836734,2.960376984126984,12.557065181841967,14.21103448275862,52.18436420722135,2.775535714285714,19.860715911073054,10.11747231934732,15.51627976190476,42.60360877617407,9.182100013082156,15.148407738095237,1.601296768707483,5.431051587301587,4.6119924718139,6.071268602429316,18.34303102651317,0.6473214285714286,1.7280219780219779,0.9383267195767194,57.39304471390678,4.861202686202686,1.7737174036281178,1.5958333333333332,8.474156488352916,2.547300384800385,12.961911309376747,9.878562925170067,4.122023809523809,4.695833333333334,4.630099206349206,1.6085884353741495,6.95470041862899,6.151894841269841,3.8007142857142857,10.197902357799745,6.341019790394791,4.088676303854875,3.447380952380952,0.5958333333333333,10.434969474969474,9.239583333333332,4.3348922902494325,0.3264158163265306,24.95826530612245,8.855089995982853,0.2982142857142857,0.0,0.5255952380952381,1.1675,0.2642857142857143,3.956926406926407,0.6568932411674346,2.67625,3.76875,11.230773809523809,4.241390306122449,2.602797619047619,3.3665605921855923,0.3337301587301587,0.0,13.01056573056573,0.6625,7.491046176046176,6.567454883646914,1.275770757020757,0.0,2.517857142857143,0.5616071428571429,2.133219696969697,1.9863095238095239,1.5918253968253968,1.0583753052503053,0.0,0.0,0.34910714285714284,0.38051587301587303,5.147165659796257,0.23833333333333334,1.997797619047619,0.0,0.5272394272394273,0.0,0.0,0.20595238095238094,0.0,0.0,0.38370535714285714,0.0,0.3,0.875,0.0,3.5181573386930527,2.729733560090703,4.392685726971441,0.3628021978021978,0.0,24.613065476190474,0.6507745726495726,0.0,0.8125,1.2078373015873016,0.7707341269841269,0.0,0.3429031165311653,0.0,0.22192460317460316,5.235879884004884,3.255589896214896,0.9333333333333333,0.0,0.0,1.0520124716553287,0.337078373015873,1.3480980725623581,0.8556547619047619,0.28755952380952376,0.0,0.0,1.2833333333333334,3.279166666666667,0.0,0.0,0.5826719576719577,1.51875,1.8928571428571428,1.8629634353741495,0.0,0.0,1.3347222222222221,4.435724206349207,0.0,0.0,0.0,0.29217948717948716,0.0,0.625,0.45409798534798534,0.25595238095238093,0.9166666666666666,1.3624188311688312,1.25,0.0,0.0,4.293717948717949,0.0,0.0,0.0,0.0,0.5591836734693877,0.0,0.0,0.0,1.25,0.2526785714285714,0.0,4.791666666666666,0.0,0.0,0.0,0.3375,0.0,0.4084279609279609,0.0,0.4845238095238095,0.42291666666666666,0.0,0.49761904761904757,0.5447077922077922,0.0,0.0,0.0,0.8511904761904762,0.0
20.103204589164733,3.7736115709394693,3.283114619003594,1.431143192142157,3.1336286930231028,3.096496146767886,2.0128431555061987,4.458577204274668,1.2339083713630814,2.577058683942742,0.41774111067589326,1.9661149892128154,0.24831780538302275,0.0,1.12141994478951,0.43911804781369995,1.0990937236408251,1.7057807030633116,0.3660570508396595,0.7465949062416454,3.367203130337188,0.7503727940451542,1.5398648754627016,2.0356711525189786,0.98524540576171,1.885376545023284,0.30998389694041867,0.0,0.4728907867494824,0.0,1.2847222222222223,0.0,0.39553140096618356,0.5984443294225903,0.0,0.3546123763515068,0.0,0.32577365797474495,0.0,0.3786986714975845,0.0,0.5520833333333334,1.0104130722337243,0.2966485507246377,0.899783615136876,0.0,0.0,0.5331622383252818,0.2940605590062112,0.0,0.0,0.0,0.5381944444444444,0.0,0.5614683977455717,0.0,0.24944258639910813,0.41666666666666663,0.0,0.0,0.0,0.0,0.0,0.0,0.0,0.0,0.21235909822866347,0.0,0.29977570738440307,0.0,0.0,0.6405243558776167,0.0,0.0,0.5701154052603328,0.0,0.0,0.0,0.0,0.7236773846828195,0.3138940571005788,0.0,0.0,0.3343900966183575,0.0,0.0,0.8569847020933977,0.0,0.0,0.0,0.0,0.0,0.0,0.0,0.0,0.0,0.0,1.857634649301316,0.0,0.0,0.0,0.5821759259259259,0.0,0.0,0.0,0.0,0.0,0.0,1.681547619047619,0.0,0.0,0.0,0.0,0.842391304347826,0.0,0.0,0.0,0.0,0.0,0.0,0.0,0.0,0.0,0.0,0.0,0.0,0.0,0.0,0.0,0.0,0.0,0.0,0.0,0.3287037037037037,0.0,0.0,0.0,0.0,0.0,0.0,0.0,0.0,0.0,0.0,0.0,0.0,0.0,0.0,0.0,0.0,0.0,0.0,0.0,0.0,0.0,0.0,0.0,0.0,0.0,0.0,0.0,0.0,0.0,0.0,0.0,0.0,0.0,0.2604166666666667,0.0,0.0,0.0,0.0,0.0,0.0,0.0,0.0,0.0,0.0,0.0,0.0,0.0,0.0,0.0,0.0,0.0,0.0,0.0,0.0,0.0,0.0,0.0,0.0,0.0,0.0,0.0,0.0,0.0,0.0,0.0,0.0
1.0934684684684683,0.399311075781664,1.3919723294723294,0.30180180180180183,1.25,0.625,2.0764961389961387,1.172940797940798,0.20270270270270271,2.385135135135135,0.21235521235521232,0.0,0.0,0.0,0.0,0.0,0.0,0.38129305776364597,0.0,0.0,0.25,0.0,0.0,0.0,0.625,0.0,0.0,1.4166666666666665,0.0,0.0,0.0,0.0,0.0,0.0,0.0,0.0,0.0,0.0,0.0,0.0,0.0,0.0,0.0,0.0,0.0,0.0,0.0,0.0,0.0,0.0,0.0,0.0,0.0,0.625,0.0,0.0,0.0,0.0,0.0,0.0,0.0,0.0,0.0,0.0,0.0,0.0,0.0,0.0,0.0,0.0,0.0,0.0,0.0,0.0,0.0,0.0,0.0,0.0,0.0,0.0,0.0,0.0,0.0,0.0,0.0,0.0,0.0,0.0,0.0,0.0,0.0,0.0,0.0,0.0,0.0,0.0,0.0,0.0,0.0,0.0,0.0,0.0,0.0,0.0,0.0,0.0,0.0,0.0,0.0,0.0,0.0,0.0,0.0,0.625,0.0,0.0,0.0,0.0,0.0,0.0,0.0,0.0,0.0,0.0,0.0,0.0,0.0,0.0,0.0,0.0,0.0,0.0,0.0,0.25,0.0,0.0,0.0,0.0,0.0,0.0,0.0,0.0,0.0,0.0,0.0,0.0,0.0,0.0,0.0,0.0,0.0,0.0,0.0,0.0,0.0,0.0,0.0,0.0,0.0,0.0,0.0,0.0,0.0,0.0,0.0,0.0,0.0,0.0,0.0,0.0,0.0,0.0,0.0,0.0,0.0,0.0,0.0,0.0,0.0,0.0,0.0,0.0,0.0,0.0,0.0,0.0,0.0,0.0,0.0,0.0,0.0,0.0,0.0,0.0,0.0,0.0,0.0,0.0,0.0,0.0
18.41351221560917,6.10171568627451,3.984375,3.665236928104575,9.021752450980392,1.8106617647058822,1.2619266456582632,4.267769607843137,0.37683823529411764,2.3838848039215685,0.6158088235294118,2.191110819327731,0.20526960784313725,3.0859375,0.0,0.0,0.0,0.6875,0.984375,0.0,0.20254629629629628,0.828125,0.0,0.0,0.0,0.625,0.0,0.4120273109243697,0.0,0.0,1.0430372807017543,0.36764705882352944,0.0,0.34375,0.0,0.65625,0.0,0.0,0.0,0.0,0.0,0.8676470588235294,0.0,0.0,1.6047794117647058,0.2450980392156863,0.0,0.5253482972136223,0.0,0.0,0.0,0.0,0.0,0.0,0.0,0.0,0.0,0.0,0.0,0.0,0.0,0.0,0.0,0.0,0.29411764705882354,0.0,0.0,0.0,0.0,0.0,0.0,0.0,0.0,0.20526960784313725,0.0,0.0,0.21446078431372548,0.0,0.0,0.0,0.0,0.0,0.0,0.0,0.0,0.546875,1.25,0.0,0.0,0.0,0.0,0.0,4.375,0.0,0.0,0.0,0.0,0.0,0.0,0.0,0.0,0.0,0.0,0.0,0.0,0.0,0.8333333333333333,0.0,0.0,0.0,0.0,0.625,0.0,0.0,0.0,0.0,0.0,0.0,0.0,0.3033088235294118,0.0,0.0,0.0,0.0,0.0,0.0,0.0,0.0,0.0,1.4846813725490196,0.0,0.0,0.0,0.0,0.0,0.0,0.0,0.25240384615384615,0.0,0.0,0.0,0.0,0.0,0.0,0.0,0.0,0.0,0.0,0.0,0.0,0.0,0.0,0.0,0.0,0.0,0.0,0.0,0.0,0.0,0.0,0.0,0.0,0.0,0.0,0.0,0.0,0.0,0.0,0.0,0.0,0.0,0.0,0.0,0.0,0.0,0.0,0.0,0.0,0.0,0.0,0.0,0.0,0.0,0.0,0.0,0.0,0.0,0.0,0.0,0.0,0.0,0.0,0.0,0.0,0.0,0.0,0.0,0.0,0.22135416666666666,0.0
21.637706043956044,13.478937728937728,15.507478632478632,4.7138278388278385,16.90934065934066,12.122252747252746,21.14331501831502,3.389423076923077,4.278846153846153,1.2003205128205128,1.25,11.577838827838827,0.38461538461538464,9.206730769230768,16.077762515262513,14.358516483516484,5.833333333333333,0.859375,0.5631868131868132,0.0,2.3280677655677655,0.0,5.217490842490842,5.237179487179487,0.0,0.37545787545787546,0.3708791208791209,2.999084249084249,0.0,0.5235042735042735,1.5256410256410255,0.7051282051282051,0.7051282051282051,1.185897435897436,0.9999999999999999,8.761752136752136,1.8589743589743588,0.0,0.0,0.0,0.38461538461538464,1.520032051282051,0.625,2.2161172161172162,1.126068376068376,2.5,1.0737179487179487,0.8901098901098901,0.2692307692307692,2.5,0.0,0.0,2.6923076923076925,3.333333333333333,0.0,0.2403846153846154,0.0,0.0,0.0,0.0,3.75,0.0,0.3044871794871795,1.25,0.0,0.0,0.0,0.0,0.3571428571428571,0.0,0.0,0.0,0.8333333333333333,0.0,0.0,0.0,0.266025641025641,1.0256410256410255,0.0,1.858974358974359,0.41666666666666663,4.583333333333333,0.0,0.0,0.0,0.0,5.0,0.875,1.25,0.0,0.0,0.0,6.261904761904762,0.0,0.0,4.5,0.0,0.0,0.0,0.0,0.625,0.0,0.0,0.8333333333333333,0.0,1.25,0.0,0.0,0.0,0.0,0.0,0.0,0.3571428571428571,0.0,0.0,0.0,2.5,1.891025641025641,0.625,0.0,0.0,0.0,0.0,0.0,0.0,0.0,0.0,0.0,0.0,0.0,0.0,0.0,0.0,0.0,0.0,0.0,0.0,0.3846153846153846,0.0,0.41666666666666663,0.0,0.0,0.0,0.0,0.0,0.0,0.0,0.0,1.25,0.0,0.0,0.0,0.0,0.0,0.0,0.0,0.0,0.0,0.0,0.0,0.0,0.0,0.0,0.0,0.0,0.0,0.0,0.0,0.0,0.0,0.0,0.0,0.0,0.0,0.0,0.0,0.0,0.0,0.0,0.0,0.0,0.0,0.0,0.0,0.8333333333333333,0.20833333333333331,0.0,0.0,0.0,0.0,0.0,0.0,0.0,0.0,0.0,2.5,0.0,0.0,0.0,0.0
79.76013513513513,27.357644409114997,21.121138996138995,17.23096846846847,15.333333333333332,25.541666666666664,8.753579472329472,15.589607464607464,7.494369369369369,9.801801801801801,5.733188545688545,19.07545045045045,5.5,2.625,33.93472222222222,7.395833333333333,16.25,3.0896263910969792,1.7976190476190474,1.885135135135135,3.444444444444444,4.083333333333333,2.569444444444444,3.2916666666666665,0.0,12.9634009009009,1.25,7.944444444444445,3.125,3.0,3.0416666666666665,0.8333333333333333,2.011904761904762,0.38690476190476186,0.625,0.0,0.0,2.5675675675675675,0.0,1.875,1.25,2.083333333333333,3.333333333333333,5.558333333333333,5.833333333333333,0.3125,1.25,3.464583333333333,0.0,0.41666666666666663,0.0,1.0833333333333333,0.625,0.0,2.083333333333333,0.0,1.9583333333333333,6.875,3.645833333333333,1.125,1.4583333333333333,0.0,0.0,0.5,0.625,0.8333333333333333,1.0,0.3125,0.0,1.875,0.6,0.0,0.625,1.4583333333333333,2.5,2.611111111111111,0.0,0.0,0.0,3.66478978978979,0.5675675675675675,0.625,0.0,2.583333333333333,0.0,0.625,11.708333333333332,2.5,1.2759009009009008,0.0,0.0,0.0,0.0,0.0,0.9375,0.3125,1.25,0.0,0.0,0.0,0.5,0.25,1.9375,0.0,2.708333333333333,0.0,0.625,0.625,2.1875,1.25,1.0,1.6666666666666665,1.25,0.5,0.625,0.0,0.0,1.875,0.0,0.0,0.0,0.0,0.0,0.3333333333333333,0.0,0.0,0.0,0.0,0.0,0.0,1.5,0.0,0.20833333333333331,0.0,2.0833333333333335,0.0,0.0,0.0,1.25,0.4842342342342342,0.25,1.25,0.0,0.0,0.0,0.0,0.0,0.0,0.22222222222222224,0.0,0.0,0.0,0.0,0.0,0.0,0.0,0.25,0.0,1.0,0.0,0.8333333333333333,0.0,0.0,0.0,0.3125,0.0,0.0,0.0,0.0,0.0,0.0,0.0,0.3125,0.0,0.0,0.0,0.0,0.0,0.0,0.0,0.0,0.0,0.0,0.625,0.0,0.8333333333333333,0.0,0.0,0.0,0.0,0.0,0.0,0.0,0.0,0.0,0.0,0.8333333333333333,0.0,0.0,0.0
20.706804235554234,13.087454975579975,3.430655174405174,11.726883903133903,6.065882173382173,6.384429945054944,2.1838980463980464,4.964206349206349,4.480925671550671,9.049803526053525,0.9127480158730159,18.5943853021978,2.8548992673992672,4.693962563337563,2.994405525030525,14.135545634920636,12.926675824175824,2.4827480158730157,0.5452628968253969,1.533068147130647,2.390426587301587,6.654108669108669,3.8976149776149773,2.4829326923076924,7.659718337218337,23.286009996947495,1.692718253968254,3.8039300976800976,2.1969815254190252,2.335138195138195,4.542147435897435,4.091830738705739,1.9934065934065934,5.129350198412698,2.896971153846154,1.0285149572649572,0.8118551587301587,7.197028769841269,2.502938415750916,1.1885206807081807,2.137171855921856,0.0,0.0,0.35622710622710624,0.0,0.5712950244200243,0.0,0.3084134615384615,4.0005933302808305,2.5588576007326007,0.6077686202686202,4.63065349002849,0.0,0.6288141025641025,4.981019917582417,4.186351114163614,1.1359249084249083,0.0,4.004806547619047,0.315892094017094,0.49428037240537237,0.23821924603174605,0.2914300976800977,1.8979552045177046,0.0,0.0,0.0,0.2564102564102564,0.0,0.2622767857142857,0.5750457875457875,0.275,1.1753968253968254,0.21770833333333334,0.2673611111111111,3.1373242266992265,0.0,0.35,0.0,0.0,1.3963541666666666,1.101686507936508,2.05250296000296,0.4769345238095238,0.882688492063492,0.0,0.0,0.0,1.6807844932844933,0.3383279914529915,0.390625,0.0,0.0,0.0,0.2777777777777778,1.005406746031746,0.5908333333333333,0.0,0.5039930555555555,0.0,0.0,0.0,0.770436507936508,0.0,0.0,0.0,0.5694673382173382,0.0,0.0,0.2361111111111111,0.0,0.0,0.0,0.0,1.4146825396825398,0.0,0.5282837301587301,0.0,0.0,0.0,0.0,0.0,0.0,0.0,0.0,0.6073069291819292,0.0,0.4117483211233211,0.0,0.0,0.0,1.0094551282051283,0.0,0.0,0.0,0.0,0.0,0.0,0.0,0.0,0.0,0.0,0.0,0.0,0.3855406746031746,0.3171626984126984,0.0,0.0,0.0,0.0,0.0,0.0,0.0,0.3721230158730159,0.0,0.0,0.0,0.26666666666666666,0.0,0.0,0.0,0.25605921855921854,0.4123263888888889,0.0,0.0,0.0,0.0,0.0,0.0,0.0,0.0,0.0,0.0,0.0,0.0,0.0,0.7135416666666666,0.9861912393162393,0.0,0.0,0.0,0.0,0.0,0.0,0.0,0.0,0.0,0.0,0.0,0.0,0.0,0.0,0.0,0.0,0.0,0.0,0.0,0.0,0.0,0.670400641025641
39.55595803450281,15.256694745967133,12.266188672438672,2.9251893939393936,14.024305555555555,5.984283129805518,10.545905483405482,10.214261484783872,2.5378787878787876,6.069384319384319,6.012626262626262,8.393439996984773,1.6522349696323577,2.085648148148148,6.966794140768021,4.28125,1.9369588744588744,5.050650315342479,2.528409090909091,1.2589043419267298,1.3958333333333333,2.675820707070707,1.1578942409166288,0.8459595959595959,5.354166666666667,6.248421717171717,1.2689393939393938,4.834911616161616,1.3194444444444444,0.5208333333333333,0.9769570707070707,1.0887896825396826,0.2272727272727273,0.3125,1.2159090909090908,1.9863560982963966,3.1376262626262625,0.0,0.9618055555555556,0.0,1.9791666666666665,5.098890692640692,1.9823232323232323,0.2793560606060606,0.7954545454545455,0.0,0.4236111111111111,0.0,0.0,0.4722222222222222,0.41666666666666663,0.0,1.2168560606060606,0.0,0.0,0.0,0.7291666666666666,6.364944083694083,2.236111111111111,0.9722222222222222,0.21527777777777776,4.273424543946932,0.22569444444444442,0.0,0.20833333333333331,1.4362373737373737,1.0892857142857142,0.0,0.3819444444444444,0.0,0.2604166666666667,0.0,0.0,0.41666666666666663,0.3472222222222222,0.20833333333333331,4.619633838383838,0.49652777777777773,0.0,1.3541666666666665,0.8196548821548821,0.0,0.798611111111111,0.0,0.20833333333333331,0.0,0.0,2.689078282828283,0.28125,0.2120535714285714,0.2456467661691542,0.0,2.7178030303030303,0.0,0.0,0.0,0.0,0.0,0.3125,0.0,0.20833333333333331,0.41666666666666663,0.20833333333333331,0.5718283582089553,1.846590909090909,0.9286616161616161,0.0,0.0,0.0,0.0,1.1875901875901875,0.0,1.7187499999999998,0.46874999999999994,0.5034722222222222,0.0,0.0,2.975694444444444,0.7430555555555556,1.0416666666666665,0.0,0.0,0.0,0.20833333333333331,0.625,0.798611111111111,0.0,0.0,0.20833333333333331,4.051993145743146,4.045454545454545,0.0,0.0,0.4356060606060606,0.2361111111111111,0.0,0.0,0.0,0.0,0.5972222222222222,0.25284090909090906,0.8333333333333333,0.35416666666666663,0.8333333333333334,0.0,0.0,0.3263888888888889,0.9945436507936507,0.0,0.0,0.0,0.0,0.36458333333333326,0.0,0.0,0.2777777777777778,0.0,0.0,0.6944444444444444,0.0,0.0,0.0,0.20833333333333334,0.0,0.0,0.0,0.0,0.0,0.2232142857142857,0.0,0.35416666666666663,0.0,0.0,0.0,0.0,0.0,0.0,0.0,0.6458333333333333,0.0,0.0,0.0,0.0,0.0,0.0,0.0,0.0,0.0,0.0,0.0,0.0,0.0,0.0,0.0,0.0,0.0,0.0,0.75,0.0,0.0
64.65640124208888,36.38574674555485,14.438988095238095,18.41794217687075,52.076576994434134,14.285967060953734,54.85559034219748,27.193776017869833,49.65295900733093,31.272917310863736,18.194747217068645,23.884658946685864,6.589680212881172,56.47045068027211,36.7736574163813,43.408229958650125,17.29802489177489,5.794295740684333,6.399350649350649,17.29015434192673,18.230643860108145,40.67849348072562,2.9033848614072495,24.314355287569573,23.038059163059163,9.105229591836734,20.19206240188383,1.2678571428571428,29.947948876520304,102.16727829846671,7.953514739229025,3.5952380952380953,4.872023809523809,5.913690476190476,7.433673469387755,5.28460001707603,1.4369685374149659,28.225585426478283,1.526650432900433,0.3333333333333333,0.7797619047619047,6.892431972789115,18.216080546437688,0.7576530612244897,0.5466334260977118,0.0,24.405943382698307,0.6224489795918366,119.10714285714285,0.8020833333333333,2.9213435374149657,0.3571428571428571,11.497448979591836,4.7559523809523805,0.2773268398268398,5.748724489795918,16.817234848484848,9.424319727891156,2.0939625850340136,3.813339438339438,0.0,2.2250260178698342,10.71343537414966,2.412202380952381,0.41666666666666663,0.5187074829931972,4.049957482993197,0.8869047619047619,7.028617216117216,0.0,6.071428571428571,2.3363095238095237,0.0,8.058035714285714,0.0,2.7789695423623995,49.278409090909086,0.0,0.7529761904761905,0.0,0.9107142857142857,5.059523809523809,4.661139455782313,1.0476190476190474,0.7767857142857142,0.0,0.2777777777777778,6.384012317048031,7.1309523809523805,5.305803571428571,9.32104359156598,3.748511904761904,2.5,0.0,0.0,42.088010204081634,1.6736819727891155,4.292091836734693,0.5501765099979385,1.1220238095238093,0.6743197278911565,1.5136054421768708,0.0,14.094871098032156,0.6249999999999999,4.360827664399093,0.0,0.7961309523809523,0.0,0.0,0.8392857142857143,3.3035714285714284,1.6071428571428572,0.2678571428571428,0.0,0.0,4.513109410430839,3.765950319521748,2.0074404761904763,0.8928571428571428,0.9851190476190476,0.2822420634920635,2.6020408163265305,18.549488355948437,3.390660430839002,0.744047619047619,2.5595238095238093,7.086309523809524,1.978021978021978,9.533730158730158,1.3392857142857142,0.0,0.7848639455782312,2.6649659863945576,1.0654761904761905,0.5416666666666666,0.0,0.0,4.389880952380952,0.882440476190476,0.2040816326530612,1.1830357142857142,3.699404761904762,0.0,0.0,1.2113095238095237,0.44217687074829926,1.488095238095238,0.0,0.0,3.6698554421768708,0.0,2.7232529375386516,0.0,0.9366496598639455,0.0,1.4642857142857142,1.7757936507936507,0.29761904761904756,0.0,0.0,0.0,0.0,0.0,0.0,0.0,0.0,0.0,2.083333333333333,0.0,0.0,0.0,0.0,0.0,0.0,0.0,0.0,0.0,0.0,0.6071428571428571,5.056547619047619,0.7946428571428571,0.0,0.47789115646258495,0.0,0.0,0.0,0.0,0.0,0.0,0.0,18.140873015873016,0.0,0.3630952380952381,0.0,0.0,0.0,0.0,0.0,0.0
32.324897428442206,12.131694745967133,16.849522005772005,4.175189393939394,11.524305555555555,3.484283129805518,9.295905483405482,10.441534212056599,3.7878787878787876,4.819384319384319,6.012626262626262,7.601773330318106,1.6522349696323577,2.3129208754208754,5.716794140768021,4.28125,1.9369588744588744,5.050650315342479,2.945075757575758,1.2589043419267298,2.020833333333333,3.925820707070707,2.8245609075832956,1.470959595959596,0.5625,7.498421717171717,1.2689393939393938,2.334911616161616,1.3194444444444444,3.020833333333333,1.810290404040404,1.0887896825396826,0.2272727272727273,0.3125,1.2159090909090908,1.9863560982963966,1.8876262626262625,1.3674242424242424,0.9618055555555556,0.0,1.9791666666666665,4.473890692640692,1.9823232323232323,0.2793560606060606,3.087121212121212,0.0,0.4236111111111111,0.0,0.0,0.4722222222222222,0.41666666666666663,0.0,1.2168560606060606,5.041666666666666,0.0,0.0,0.7291666666666666,9.489944083694084,2.236111111111111,1.1805555555555556,0.21527777777777776,0.5234245439469319,0.22569444444444442,0.0,0.20833333333333331,1.4362373737373737,1.0892857142857142,0.0,0.3819444444444444,0.0,0.2604166666666667,0.0,0.0,0.625,1.1805555555555554,0.20833333333333331,0.8696338383838383,0.49652777777777773,0.0,1.3541666666666665,0.8196548821548821,0.0,0.798611111111111,0.0,0.20833333333333331,0.0,0.0,2.689078282828283,0.28125,0.2120535714285714,0.2456467661691542,0.0,1.4678030303030305,0.0,0.0,0.0,0.0,0.0,0.3125,0.0,0.20833333333333331,0.41666666666666663,0.20833333333333331,0.5718283582089553,1.846590909090909,0.9286616161616161,0.0,0.0,0.0,0.0,1.1875901875901875,0.0,1.7187499999999998,0.46874999999999994,0.5034722222222222,0.0,0.0,2.975694444444444,0.7430555555555556,1.0416666666666665,0.0,0.0,0.0,0.20833333333333331,0.625,0.798611111111111,0.0,0.0,0.20833333333333331,2.801993145743146,4.045454545454545,0.0,0.0,0.4356060606060606,0.2361111111111111,0.0,0.0,0.0,0.0,0.5972222222222222,0.25284090909090906,0.8333333333333333,0.35416666666666663,0.8333333333333334,0.0,0.0,0.3263888888888889,0.9945436507936507,0.0,0.0,0.0,0.0,0.36458333333333326,0.0,0.9374999999999999,0.2777777777777778,0.0,0.0,0.6944444444444444,0.0,0.0,0.0,0.20833333333333334,0.0,0.0,0.0,0.0,0.0,0.2232142857142857,0.0,0.35416666666666663,0.0,0.0,0.0,0.0,0.0,0.0,0.0,0.6458333333333333,0.0,0.0,0.0,0.0,0.0,0.0,0.0,0.0,0.0,0.0,0.0,0.0,0.0,0.0,0.0,0.0,0.0,0.0,0.75,0.0,0.0
7.621845548942505,0.8517156862745098,2.109375,4.665236928104576,3.709252450980392,0.977328431372549,1.817482201213819,2.809436274509804,0.37683823529411764,3.5088848039215685,0.8241421568627451,2.191110819327731,1.0386029411764706,1.8359375,0.0,1.25,0.0,0.6875,0.984375,1.25,0.48032407407407407,2.703125,0.0,5.897875816993464,0.0,1.4583333333333333,0.0,0.2870273109243697,0.0,0.0,0.9388706140350876,0.36764705882352944,0.0,0.34375,0.0,0.0,0.0,0.0,0.8333333333333333,0.0,0.0,0.8676470588235294,0.0,0.0,0.35477941176470584,1.0784313725490196,0.0,0.5253482972136223,0.0,0.0,0.0,0.0,0.31832107843137253,0.0,0.0,0.5,0.0,0.3125,0.0,0.0,0.0,0.0,0.0,0.0,0.29411764705882354,0.0,0.0,0.0,0.0,0.0,0.0,0.8333333333333333,0.0,0.20526960784313725,0.0,0.0,0.21446078431372548,0.0,0.0,2.5,0.0,0.0,0.0,0.0,0.0,0.546875,0.0,0.0,0.0,0.0,0.0,0.0,0.0,0.0,0.0,0.0,0.0,0.0,0.0,0.0,0.0,0.0,0.0,0.0,0.0,0.0,0.0,0.0,0.0,0.0,0.0,0.0,0.0,0.0,0.0,0.0,0.0,0.0,0.0,0.3033088235294118,0.0,0.0,0.0,0.0,0.0,0.0,0.0,0.0,0.0,1.4846813725490196,0.0,0.0,0.0,0.25925925925925924,0.0,0.0,0.0,1.5024038461538463,0.0,0.0,0.0,0.0,0.0,0.2963388480392157,0.0,0.0,0.0,0.0,0.0,0.0,0.0,0.0,0.0,0.0,0.0,0.0,0.0,0.8333333333333333,0.0,0.0,0.0,0.0,0.0,0.0,0.0,0.0,0.0,0.0,0.0,0.0,0.0,0.0,0.0,0.0,0.0,0.0,0.0,0.0,0.0,0.0,0.0,0.0,0.0,0.0,0.0,0.0,0.0,0.0,0.0,0.0,0.0,0.0,0.0,0.0,0.0,0.0,0.0,0.0,0.22135416666666666,0.0
70.05061327561327,14.811337054758107,13.39047619047619,5.078769841269841,3.5326923076923076,10.613157894736842,28.937608225108225,30.613095238095237,18.125,6.146423021423021,0.7916666666666666,2.5902777777777777,5.25,0.5909090909090909,16.325396825396826,38.523809523809526,13.94563492063492,22.897970085470085,11.345238095238095,4.083333333333333,6.722222222222222,10.523809523809524,13.94559052059052,0.5227272727272727,0.0,4.365530303030303,5.569597069597069,7.803571428571429,3.5984848484848486,0.625,2.5,0.0,1.1027777777777779,8.6875,1.25,2.719551282051282,0.5,0.25,0.37225274725274726,2.338434829059829,0.0,0.0,0.4375,2.522727272727273,3.833333333333333,1.301948051948052,12.83095238095238,0.0,0.3571428571428571,0.0,0.9583333333333334,0.8333333333333333,7.5,0.0,0.9114583333333333,0.0,0.0,13.675396825396826,0.0,0.0,0.0,10.0,0.0,0.0,0.3571428571428571,0.0,0.0,0.0,0.0,0.0,0.0,2.5,0.0,0.0,0.0,1.6349206349206349,0.0,0.0,0.5625,19.166666666666668,0.0,0.41666666666666663,0.0,3.2738095238095237,0.0,1.0119047619047619,0.8333333333333333,0.6923076923076923,0.0,0.20833333333333331,0.0,0.0,0.41666666666666663,1.4047619047619047,0.0,0.0,0.0,0.0,0.0,0.0,0.0,0.0,0.0,0.0,0.0,0.0,0.0,0.0,0.0,0.0,2.1111111111111107,0.0,0.0,0.0,0.0,0.3333333333333333,0.0,0.0,0.0,0.0,0.0,0.0,0.0,1.4722222222222223,0.0,0.0,0.0,0.0,0.0,0.3125,0.0,0.0,0.0,0.0,1.6666666666666665,0.0,0.44166666666666665,0.0,0.0,0.0,0.0,0.0,0.0,0.0,0.0,0.0,0.0,0.0,0.0,0.0,0.5555555555555556,0.0,0.0,0.625,0.0,0.0,0.0,0.0,0.0,0.0,0.0,0.2857142857142857,0.0,0.0,0.0,0.25,0.0,0.0,0.0,0.0,0.0,0.0,0.0,0.41666666666666663,0.0,0.0,0.0,0.0,0.0,0.0,0.0,0.0,0.25,0.0,0.0,0.0,0.0,0.0,0.0,0.0,0.0,0.0,0.0,0.0,0.0,0.0,0.0,0.0,0.0,0.0
65.74355856773852,51.602285979110945,18.055280871818425,9.288238732993197,20.484867030291138,22.420890111613392,54.74862809921134,6.793469177962154,12.76374876320997,8.88456191886643,1.5258822278911564,4.724552460909737,2.912803827857466,14.626479237528345,5.253613224462105,5.062393707482993,5.406471908939014,4.606386514493857,11.133958142551892,9.0916997707043,7.547068903318903,19.792286706349206,15.583345178867567,25.5547406462585,4.080192872603587,1.9019717261904763,2.431302824159967,1.2505580357142856,5.477572278911564,1.0664511494252873,1.3964002267573694,1.7966269841269842,2.174107142857143,2.8365631764069263,2.185966810966811,2.8832413311191294,2.936826814058957,5.814773177384785,3.7026732568027207,13.55067791005291,2.0815617913832196,9.697125592661306,9.501381802721088,0.4284699675324675,0.625,1.0892857142857142,4.926585108697178,0.0,1.054297760770975,1.693452380952381,1.8474968112244896,6.248338293650794,10.03281124277668,0.9809164050235478,0.4436383928571428,0.5484871031746031,0.7145337301587301,0.853032879818594,0.36734693877551017,0.6882440476190476,0.3005952380952381,0.8133550995024875,0.5059523809523809,0.3018707482993197,1.6921502976190474,0.0,2.624255952380952,1.2797619047619047,5.53670634920635,0.6801658163265306,0.8160430839002267,0.416843820861678,0.4211309523809524,0.0,0.21726190476190474,0.26988636363636365,1.3888888888888888,0.0,0.8270569316436251,0.0,0.31249999999999994,1.021577380952381,2.633383151240294,0.321744227994228,9.247979797979799,1.0267857142857142,0.0,1.0286458333333333,0.21391369047619047,0.4226190476190476,0.548048977053508,1.5454094516594514,1.0999999999999999,0.0,0.0,1.295014880952381,1.0071530032467533,0.5119047619047619,0.0,0.0,0.0,0.3066829004329004,0.21155753968253965,0.6358164534470504,0.4910714285714285,0.0,0.0,0.4168227605727606,0.0,0.0,0.0,0.0,0.0,0.0,0.3968253968253968,0.0,0.0,0.0,0.0,0.0,0.0,0.41666666666666663,0.0,1.0274621212121213,0.26262626262626265,0.0,2.98828125,0.0,0.0,0.0,2.684668989547038,0.9895833333333334,0.0,2.0357142857142856,0.0,0.0,0.20833333333333331,0.0,1.0893501339929912,0.0,0.0,1.2946428571428572,0.0,0.0,0.0,0.0,0.0,0.0,0.0,0.27566964285714285,0.0,0.0,0.0,1.1458333333333333,0.0,0.0,0.0,0.0,0.0,0.0,0.0,0.0,0.0,0.7071428571428571,0.0,0.0,1.5707521645021645,0.41294642857142855,0.0,0.0,0.25,0.0,0.0,0.0,0.0,0.0,0.47619047619047616,0.5282738095238095,1.75,0.0,0.3943452380952381,0.0,0.0,0.0,0.0,0.0,0.0,0.0,0.0,2.978968253968254,0.0,0.0,0.0,0.0,0.0,0.0,0.0,0.0,0.0,0.0
10.928000224939,0.46518390906146007,3.2278364370201102,0.30114188532555874,0.3705679241393527,0.47880223517978615,1.7434402332361516,0.6152818270165208,3.2687074829931975,0.6331997084548104,0.347424684159378,0.3567176870748299,0.2730364873222016,0.36298689359913844,0.2504086050004417,0.8460884353741496,2.7302360338074623,0.4148850016196955,0.30937196307094267,0.2942986718496923,0.26038629737609326,0.6383219954648526,1.559234133213725,0.9289965986394558,0.25819418676561534,0.0,0.21683673469387757,0.4249087080719734,0.30601201519568866,0.2551020408163265,0.2551020408163265,1.511560576611597,0.4342808551992225,0.0,0.9378561489530877,0.0,0.22151360544217685,0.0,0.3875526401036605,0.8467565597667638,0.21331389698736636,0.0,0.0,0.0,0.0,0.0,0.0,0.0,0.0,0.21080336896663426,0.0,0.8018707482993197,0.0,0.2757531584062196,0.47398180051241273,0.0,0.0,0.0,0.0,0.0,0.0,0.0,0.0,0.32071995464852604,0.0,0.0,0.0,0.0,0.0,0.29761904761904756,0.0,0.0,0.0,0.0,0.0,0.0,0.0,0.0,0.5178571428571428,0.0,0.0,0.0,0.0,0.0,0.0,0.0,0.28061224489795916,0.0,0.0,0.0,0.0,0.0,0.0,0.4919825072886297,0.0,0.0,0.0,0.0,0.0,0.2465986394557823,0.0,0.0,0.0,0.0,0.0,0.0,0.0,0.0,0.0,0.0,0.0,0.0,0.0,0.0,0.0,0.0,0.0,0.0,0.0,0.0,0.0,0.5,0.23814677386105956,0.0,0.0,0.0,0.0,0.0,0.0,0.0,0.0,0.3333333333333333,0.0,0.0,0.0,0.0,0.0,0.0,0.0,0.0,0.0,0.0,0.0,0.0,0.0,0.0,0.0,0.0,0.0,0.0,0.0,0.0,0.0,0.0,0.0,0.0,0.0,0.0,0.0,0.6069808875931324,0.0,0.0,0.0,0.0,0.0,0.0,0.0,0.0,0.0,0.0,0.0,0.0,0.0,0.0,0.0,0.0,0.0,0.0,0.0,0.0,0.0,0.0,0.0,0.0,0.0,0.0,0.0,0.0,0.0,0.0,0.0,0.0,0.0,0.0,0.0,0.0,0.0,0.0,0.0,0.0
4.742948208862027,2.3944937713187393,1.0480207708083233,2.1721673044217686,1.6932544761785833,1.4879671318154126,3.136403898680684,2.2349674944604705,1.603422619047619,3.496169061723573,0.6925488945578231,1.0102667466240227,1.037803827857466,1.4890784438775508,0.6551283759772566,1.8957270408163265,0.6530257936507936,0.8251365144938572,0.9096602182539681,0.8590608818154126,0.456845238095238,3.5497271825396823,1.12511105188344,1.3181335034013604,2.095344387755102,0.5894717261904762,1.1292194908266335,0.7505580357142857,0.6978103741496599,0.4270833333333333,1.217828798185941,0.5763888888888888,0.9464285714285714,1.7254520652958152,0.23160173160173161,0.984202869580668,1.377799036281179,1.889274601886209,0.2979113520408163,1.3284556878306877,0.41489512471655327,1.0683557513914657,0.4388818027210884,0.874898538961039,0.0,0.2331349206349206,0.9449404761904762,0.0,0.8400120464852607,0.7793898809523809,0.4586079223356009,1.1290922619047619,3.6622755284909663,0.5963010204081632,0.2353050595238095,0.42348710317460314,0.7145337301587301,0.0,0.24234693877551017,0.6882440476190476,0.3005952380952381,0.22741759950248755,0.5059523809523809,0.3018707482993197,2.2338169642857144,0.0,0.4575892857142857,0.27976190476190477,0.376984126984127,0.0,0.21187641723356007,0.416843820861678,0.0,0.0,0.21726190476190474,0.0,0.0,0.0,0.7124255952380952,0.20833333333333331,0.31249999999999994,1.8549107142857142,0.0,0.0,0.3162202380952381,0.0,1.875,0.0,0.21391369047619047,0.7976190476190477,0.548048977053508,0.21207611832611833,0.0,0.0,0.0,0.8366815476190476,0.4714387175324675,0.21428571428571427,0.0,0.0,0.0,0.2157738095238095,0.21155753968253965,0.38581645344705046,0.6473214285714286,0.0,0.0,0.4168227605727606,0.0,0.0,0.0,0.0,0.0,1.2946428571428572,0.3968253968253968,0.0,0.0,0.0,0.0,0.0,0.0,0.0,0.0,1.15625,0.0,0.0,0.48828124999999994,0.0,0.0,0.0,0.0,0.0,0.0,0.0,0.0,0.0,0.20833333333333331,0.0,0.0,0.0,0.0,0.0,0.0,0.0,0.0,0.0,0.0,0.0,0.0,0.27566964285714285,0.0,0.0,0.0,0.0,0.0,0.0,0.0,0.0,0.0,0.0,0.0,0.0,0.0,0.0,0.0,0.0,0.0,0.234375,0.0,0.0,0.0,0.0,0.0,0.0,0.0,0.0,0.0,0.5282738095238095,0.0,0.0,0.0,0.0,0.0,0.0,0.0,0.0,0.0,0.0,0.0,0.0,0.0,0.0,0.0,0.0,0.0,0.0,0.0,0.0,0.0,0.0
33.06086341419159,8.27470238095238,13.725160256410255,3.7759038800705467,8.82379426129426,4.823554421768708,3.6363324175824174,3.6532738095238093,0.3156693711967546,0.29761904761904756,0.6971153846153846,0.7542016806722689,0.0,10.0,0.2272727272727273,0.6818181818181819,3.4714285714285715,1.4055429864253395,2.4711538461538463,3.521474358974359,4.5,0.0,3.6107456140350873,1.8749999999999998,4.0625,2.5,2.5,3.6778846153846154,0.25,2.6532567049808424,0.7142857142857142,5.249159663865546,0.0,0.5555555555555556,0.0,0.0,0.0,4.285714285714286,0.0,2.75,0.0,1.2717490842490842,0.3830282112845138,3.3630952380952377,0.0,0.0,0.8905172413793103,0.0,0.0,0.7610544217687075,0.0,0.0,2.589285714285714,0.0,0.0,0.0,0.0,0.625,0.0,0.0,0.0,0.0,0.0,0.0,0.0,2.9308608058608057,0.0,0.0,0.2,0.0,0.0,0.0,0.0,0.20308123249299717,0.0,0.0,0.20833333333333331,0.25,0.25,0.0,2.272727272727273,0.0,0.0,0.0,0.0,0.25,0.0,0.0,0.0,0.0,0.0,0.0,0.0,0.0,0.0,0.0,0.0,0.0,0.0,0.0,0.0,0.0,0.0,1.6666666666666665,0.0,0.0,0.0,0.0,0.2678571428571428,0.0,0.0,0.0,0.0,0.0,0.0,0.0,0.0,0.0,2.5,0.0,0.0,0.0,0.0,0.0,0.0,0.0,5.0,0.0,0.0,0.0,0.0,0.0,0.0,0.0,0.0,0.0,0.0,0.0,0.0,0.0,0.0,0.0,0.0,0.0,0.0,0.0,0.0,0.6249999999999999,0.0,0.0,0.0,0.25,0.0,0.0,0.31875,0.0,0.0,0.0,0.0,0.0,0.0,0.5,0.0,0.0,0.0,0.0,0.0,0.0,2.1428571428571423,0.0,0.0,0.0,0.0,0.0,0.5681818181818182,0.0,0.0,0.0,0.0,0.0,0.0,0.0,0.0,0.0,0.0,0.0,0.0,0.0,0.0,0.0,0.0,0.0,0.7142857142857142,0.0,0.0,0.0,0.0,0.0,0.0,0.0
15.187518037518037,5.64467038809144,5.158333333333333,0.8714285714285714,1.0326923076923078,1.8631578947368421,3.189592352092352,1.625,0.0,2.0988039738039737,0.375,0.0,0.25,0.5909090909090909,0.0,1.0,0.275,3.4813034188034186,0.0,0.3333333333333333,0.0,0.5,2.3384476634476634,0.5227272727272727,0.8333333333333333,0.0,0.0,0.0,0.26515151515151514,0.0,0.0,0.0,0.2,0.25,0.0,0.21955128205128205,0.5,0.25,0.37225274725274726,2.338434829059829,0.0,0.0,0.4375,0.0,0.5,0.4686147186147186,0.2,0.0,0.0,0.0,0.9583333333333334,0.0,0.0,0.0,0.0,0.0,0.0,1.0087301587301587,0.0,0.0,0.0,0.5,0.0,0.0,2.5,0.0,0.0,0.0,0.0,0.0,0.0,0.0,0.0,0.0,0.0,0.3571428571428571,0.0,0.0,0.0,0.0,0.0,0.0,0.0,0.0,0.0,0.0,0.0,0.0,0.0,0.0,0.0,0.0,0.0,0.5714285714285714,0.0,0.0,0.0,0.0,0.0,0.0,0.0,0.0,0.0,0.0,0.0,0.0,0.0,0.0,0.0,0.0,0.0,0.0,0.0,0.0,0.0,0.0,0.0,0.0,0.0,0.0,0.0,0.0,0.0,0.0,0.0,0.0,0.0,0.0,0.0,0.3125,0.0,0.0,0.0,0.0,0.0,0.0,0.0,0.0,0.0,0.0,0.0,0.0,0.0,0.0,0.0,0.0,0.0,0.0,0.0,0.0,0.0,0.0,0.0,0.0,0.0,0.0,0.0,0.0,0.0,0.0,0.0,0.2857142857142857,0.0,0.0,0.0,0.25,0.0,0.0,0.0,0.0,0.0,0.0,0.0,0.25,0.0,0.0,0.0,0.0,0.0,0.0,0.0,0.0,0.25,0.0,0.0,0.0,0.0,0.0,0.0,0.0,0.0,0.0,0.0,0.0,0.0,0.0,0.0,0.0,0.0,0.0
43.39533480431152,15.874102132435466,23.919758019758017,25.276004088504088,31.032911532911534,27.481923830138115,24.518998362748363,7.940506253006253,7.415392015392015,13.03273057960558,9.071428571428571,7.369065656565656,0.7469035594035593,9.143994508577842,12.426388888888889,11.866137566137565,4.5810786435786435,21.705026455026456,2.6361670736670737,3.351037851037851,6.7592592592592595,9.252154095904096,10.455437309603976,19.762885802469135,7.462544091710758,5.927011183261183,6.1666005291005295,2.638888888888889,2.618716931216931,33.14242724867725,14.506295093795094,3.9127674680983504,7.552645502645503,2.16820987654321,1.7999338624338623,4.789351851851852,4.015046296296297,3.7147266313932983,0.8358134920634921,3.745791245791246,0.33333333333333337,14.937904687904688,1.923882747543462,5.148589065255732,2.23481240981241,1.462962962962963,0.4537037037037037,8.294871101121101,0.3773148148148148,0.8536470143613001,1.8263888888888888,1.0714285714285714,10.251984126984127,1.0324074074074074,0.0,1.6296296296296295,3.2838514109347443,3.779882154882155,0.33459595959595956,1.484126984126984,0.5902777777777778,4.058712121212121,0.20833333333333331,0.2777777777777778,1.7755647130647132,2.4331756206756205,0.2777777777777778,0.0,5.381944444444445,0.0,0.0,0.0,0.20391414141414144,2.6157407407407405,0.0,0.0,3.5416666666666665,0.7459325396825397,0.5555555555555556,0.6828703703703703,0.0,0.360969387755102,0.0,1.0578703703703705,0.0,0.6944444444444444,0.0,5.238492063492064,0.47089947089947093,0.0,0.0,1.1805555555555556,2.5493506493506493,0.0,0.22222222222222224,0.8229166666666667,0.0,0.0,0.0,6.12742504409171,0.5555555555555556,0.0,0.0,0.21666666666666667,2.2005982443482446,1.5046296296296295,0.823502886002886,5.578235653235653,0.4298941798941799,0.0,0.7665343915343915,1.902777777777778,8.541666666666666,0.2962962962962963,0.5833333333333334,0.0,0.0,2.178240740740741,0.6489748677248677,1.2662037037037037,1.8402777777777777,0.6402777777777777,0.0,0.0,0.3888888888888889,0.7718253968253967,0.0,0.0,1.7898809523809525,2.627645502645503,0.5423280423280423,0.0,0.5654761904761905,0.0,1.1342592592592593,0.5462962962962963,0.5555555555555556,9.607231888481888,5.436067019400353,0.627104377104377,2.4699074074074074,0.7662037037037037,0.9790013227513227,0.2777777777777778,1.1984126984126984,0.0,0.0,1.5868055555555556,0.0,0.0,0.0,0.20370370370370372,0.0,0.0,0.7214045214045214,0.9887566137566137,0.0,0.0,0.8078703703703703,0.0,0.0,0.0,0.0,0.0,0.5555555555555556,0.0,0.0,0.0,0.7361111111111112,0.0,0.0,0.2777777777777778,0.0,0.0,0.5681818181818182,0.7407407407407407,0.0,0.0,0.7575757575757576,0.0,0.0,0.0,0.0,0.0,0.9273504273504274,0.0,0.0,0.7777777777777778,0.0,0.0,0.0,0.23148148148148148,0.7142857142857142,0.0,0.0,0.6616809116809117,0.0,0.0,0.0,0.0
82.19327412037107,6.577906162464986,25.713541666666664,4.956903594771242,8.188419117647058,14.893995098039216,46.80359331232493,1.9761029411764706,29.00183823529412,17.57832924836601,3.7408088235294117,4.691110819327731,0.20526960784313725,0.5859375,3.6197916666666665,4.166666666666666,1.7708333333333333,9.020833333333332,8.484375,2.9166666666666665,0.7025462962962963,0.7586805555555556,9.635472370766488,0.0,0.625,4.234375,0.0,0.9120273109243697,0.0,0.0,0.20970394736842105,5.367647058823529,5.5625,0.34375,1.25,0.0,0.0,0.9374999999999999,2.5,0.0,0.2777777777777778,6.909313725490196,0.8333333333333334,0.0,0.9797794117647058,3.5784313725490193,0.8333333333333333,1.3586816305469556,0.0,0.625,0.0,0.0,0.0,0.0,0.0,0.0,0.0,0.6666666666666666,0.0,0.0,0.0,0.0,0.0,2.5,2.7941176470588234,0.0,0.0,0.0,0.0,0.0,0.0,0.0,0.0,2.883841036414566,0.0,0.0,2.7144607843137254,2.5,0.0,1.75,0.0,0.0,0.0,0.0,0.0,0.796875,0.0,4.166666666666666,0.0,0.0,0.0,0.0,0.0,0.0,0.0,2.5,0.625,0.0,0.0,0.0,0.0,0.0,0.0,0.0,1.3157169117647058,0.0,0.0,0.0,0.0,2.0,0.0,0.0,2.6470588235294117,0.0,0.0,0.0,0.8333333333333333,0.0,0.0,1.1366421568627452,0.0,0.0,0.0,0.0,2.9166666666666665,0.0,0.0,0.0,0.0,7.437062324929972,0.0,0.0,1.4215686274509804,0.0,0.0,0.41666666666666663,0.0,1.0857371794871793,0.0,0.0,0.0,0.0,0.0,0.0,1.28125,0.0,0.0,5.148809523809524,0.0,0.0,0.0,0.0,0.0,1.0,0.0,0.3125,0.0,0.0,0.0,0.0,0.0,1.3333333333333333,0.0,0.0,0.0,0.0,0.0,0.0,0.0,0.0,0.0,0.0,0.0,0.0,0.0,2.857142857142857,0.0,0.0,0.0,0.0,0.0,0.0,0.0,0.0,0.0,0.0,0.0,0.0,0.0,0.0,0.0,0.0,0.0,0.0,0.0,0.0,0.0,0.0,0.22135416666666666,0.0
21.52308890150272,8.629612818937787,5.345369255656808,14.338833971088436,20.38710368252779,9.17025879848208,21.2147769145537,16.73794368493666,4.241319444444445,6.086446839501351,1.454453656462585,2.093600079957356,1.350303827857466,2.706340348639456,0.6551283759772566,13.838187358276643,2.298859126984127,4.980980670338012,1.2668030753968254,0.9371858818154126,3.060019841269841,8.341393849206348,6.375111051883439,3.06813350340136,9.067566609977323,4.97265625,4.4313028241599675,3.548177083333333,1.2692389455782311,0.4270833333333333,1.217828798185941,1.4494047619047619,4.008928571428571,12.31473777958153,0.23160173160173161,1.4008695362473347,4.929386337868481,2.603560316171923,1.1312446853741496,3.5457175925925926,0.41489512471655327,1.6933557513914654,0.6680484693877551,1.489977904040404,0.0,1.3998015873015874,5.3040674603174605,0.0,1.054297760770975,0.8184523809523809,0.7224968112244897,1.2719494047619047,2.672692195157633,2.124078798185941,0.2353050595238095,11.169518849206348,0.7145337301587301,0.6377551020408163,0.24234693877551017,0.6882440476190476,0.3005952380952381,0.0,0.5059523809523809,0.3018707482993197,0.9421502976190476,0.8333333333333333,0.4575892857142857,0.27976190476190477,0.376984126984127,1.9301658163265305,0.7118764172335601,0.416843820861678,0.6711309523809523,0.0,0.21726190476190474,0.0,0.0,0.0,0.7124255952380952,0.0,3.2291666666666665,1.021577380952381,2.5938208616780045,0.0,0.3162202380952381,0.0,0.0,0.0,0.21391369047619047,0.0,0.548048977053508,0.21207611832611833,0.0,0.4345238095238095,0.0,1.0866815476190477,0.6381053841991342,1.4047619047619047,0.0,0.0,0.0,0.2157738095238095,0.21155753968253965,0.38581645344705046,0.0,0.431547619047619,0.0,0.4168227605727606,0.0,0.35565476190476186,0.0,0.0,0.0,0.0,0.3968253968253968,0.0,0.0,0.0,1.1154336734693877,0.0,0.0,0.0,0.0,0.32291666666666663,0.0,0.0,0.48828124999999994,0.0,0.0,0.0,0.0,0.0,0.0,0.0,0.0,0.0,0.20833333333333331,0.0,0.0,0.0,0.0,0.0,0.0,0.3720238095238095,0.0,0.0,0.0,0.8035714285714285,0.0,0.27566964285714285,0.0,0.0,0.0,0.0,0.0,0.0,0.0,0.0,0.0,0.0,0.0,0.5729166666666666,0.0,0.0,0.0,0.0,1.5707521645021645,2.9129464285714284,0.0,0.0,0.0,0.0,0.0,0.0,0.0,0.0,0.0,0.5282738095238095,0.0,0.0,0.0,0.0,0.0,0.0,0.0,0.0,0.0,0.0,0.0,0.0,0.0,0.0,0.0,0.0,0.0,0.0,0.0,0.0,0.0,0.0
9.72474334070787,3.0194937713187393,5.631354104141656,2.203031501952633,1.3182544761785833,1.4879671318154126,4.6294594542362395,2.2349674944604705,1.603422619047619,3.139026204580716,5.067548894557823,1.0102667466240227,3.537803827857466,3.9890784438775504,3.4676283759772564,2.8332270408163263,0.7155257936507936,0.8251365144938572,1.5346602182539681,0.8590608818154126,2.706845238095238,6.549727182539683,3.0001110518834397,1.3181335034013604,3.2064554988662133,2.115513392857143,3.6292194908266335,0.7505580357142857,1.0103103741496597,0.6701388888888888,1.217828798185941,0.7969771241830065,1.0089285714285714,2.6513779912217412,2.91017316017316,5.185591758469557,1.2527990362811792,2.5837190463306534,0.9229113520408163,0.9117890211640212,0.41489512471655327,2.897522418058132,0.4388818027210884,0.874898538961039,0.0,0.2331349206349206,1.819940476190476,0.0,0.8400120464852607,0.0,0.5836079223356009,1.1290922619047619,4.3567199729354105,0.5963010204081632,0.2353050595238095,0.42348710317460314,0.7145337301587301,0.0,0.24234693877551017,0.6882440476190476,0.3005952380952381,0.0,0.5059523809523809,0.3018707482993197,0.8588169642857143,0.0,0.4575892857142857,0.27976190476190477,1.0436507936507935,0.0,0.21187641723356007,1.666843820861678,0.0,0.0,0.21726190476190474,2.65625,0.20833333333333331,0.0,0.7124255952380952,0.20833333333333331,0.31249999999999994,1.021577380952381,0.0,0.0,0.3162202380952381,0.0,1.875,0.0,0.21391369047619047,0.0,0.548048977053508,0.21207611832611833,0.0,0.0,0.2306547619047619,0.8366815476190476,0.4714387175324675,0.21428571428571427,0.0,0.0,0.0,0.2157738095238095,0.21155753968253965,1.0108164534470503,0.6473214285714286,0.0,0.0,0.4168227605727606,0.0,0.35565476190476186,1.3588169642857142,0.0,0.0,0.0,0.3968253968253968,0.0,0.0,0.0,0.0,0.0,0.0,0.0,0.0,0.32291666666666663,0.0,0.32291666666666663,2.1549479166666665,0.0,0.0,0.0,0.0,0.0,1.3392857142857142,1.619047619047619,0.0,0.0,0.20833333333333331,0.0,0.0,0.0,0.0,0.0,0.0,0.0,1.25,0.0,0.0,0.0,0.0,1.8497437169312168,0.0,0.0,0.0,0.0,0.0,0.0,0.0,0.0,0.0,0.0,0.0,0.0,0.0,0.0,0.0,0.0,0.0,0.234375,0.0,0.0,0.0,0.0,0.0,0.0,0.0,0.0,0.0,0.5282738095238095,0.0,0.0,0.0,0.0,0.0,0.0,0.0,0.0,0.0,0.0,0.0,0.0,0.0,0.0,0.0,0.0,0.0,0.0,0.0,0.0,0.0,0.0
7.517678882275838,3.990604575163399,2.5260416666666665,2.477736928104575,1.9384191176470589,0.977328431372549,2.9285933123249297,2.4761029411764706,0.37683823529411764,2.0505514705882355,0.6158088235294118,2.191110819327731,0.20526960784313725,1.2109375,0.9114583333333333,0.0,0.0,1.7125,0.984375,0.0,1.4525462962962963,0.828125,0.0,0.0,0.0,1.25,0.0,1.9536939775910362,0.0,0.8333333333333333,0.20970394736842105,0.36764705882352944,0.0,0.34375,0.0,0.0,0.3125,0.0,0.0,2.083333333333333,0.0,0.8676470588235294,0.0,0.0,1.970941027926322,1.0784313725490196,0.0,0.5253482972136223,0.0,0.0,0.0,0.0,0.0,0.0,0.0,0.5,0.0,0.7291666666666666,0.0,0.0,0.0,0.0,0.0,0.0,0.29411764705882354,0.0,0.0,0.0,0.2777777777777778,0.0,0.0,0.0,0.0,0.20526960784313725,0.0,0.0,0.21446078431372548,0.0,0.0,0.0,0.0,0.0,0.0,1.3333333333333333,0.0,0.546875,0.0,0.0,0.0,0.0,0.0,0.0,0.0,0.0,0.0,0.0,0.0,0.0,0.0,0.0,0.0,0.0,0.0,0.0,0.0,0.0,0.0,0.0,0.0,0.0,0.0,0.0,1.6748366013071894,0.0,0.0,0.0,0.0,0.0,0.0,0.3033088235294118,0.0,0.0,0.0,0.0,0.0,0.0,0.0,0.0,0.0,1.4846813725490196,0.0,0.0,0.0,0.0,0.0,0.0,0.0,0.5649038461538461,0.0,0.0,0.0,0.0,0.0,0.0,0.0,0.0,0.0,0.0,0.0,0.0,0.0,0.0,0.0,0.0,0.3209252450980392,0.0,0.0,0.0,0.0,0.0,0.0,0.0,0.0,0.0,0.0,0.0,0.0,0.0,0.0,0.0,0.0,0.0,0.0,0.0,0.0,0.0,0.0,0.0,0.0,0.0,0.0,0.0,0.0,0.0,0.0,0.0,0.0,0.0,0.0,0.0,0.0,0.0,0.0,0.0,0.0,0.0,0.0,0.0,0.22135416666666666,0.0
93.85138888888889,30.641414141414142,7.996780303030302,47.55934343434343,31.891161616161614,53.95037878787878,6.04469696969697,40.05776515151515,18.258838383838384,24.665025252525254,43.141666666666666,15.287878787878787,3.3048340548340547,11.050757575757576,2.6035353535353534,11.3739898989899,3.5861111111111112,3.5189393939393936,27.798232323232323,11.11489898989899,8.374621212121212,6.297979797979798,7.097222222222222,1.481818181818182,19.424747474747473,0.8813131313131313,1.6076388888888888,3.7916666666666665,0.514520202020202,1.066919191919192,8.58030303030303,2.5,5.361363636363636,0.8402777777777778,0.0,0.8333333333333333,2.0757575757575757,0.0,0.8583333333333333,0.5,1.6666666666666665,6.956565656565656,1.2708333333333333,2.7878787878787876,16.65277777777778,3.5984848484848486,0.5744949494949495,35.31439393939394,4.6022727272727275,1.25,0.20833333333333331,0.0,5.373484848484848,0.0,1.4375,1.5416666666666665,0.0,5.458333333333333,0.0,1.25,4.751262626262626,0.41666666666666663,0.0,0.9090909090909091,1.4772727272727273,4.991161616161616,1.4204545454545454,24.058080808080806,0.0,2.069444444444444,1.0863095238095237,2.083333333333333,11.75,1.0833333333333333,0.0,0.0,0.5833333333333333,1.59375,0.41666666666666663,12.0,0.2777777777777778,0.0,0.43560606060606066,0.5833333333333333,0.20833333333333331,32.331502525252525,3.5606060606060606,0.8333333333333333,0.0,0.5,0.0,14.569083694083693,3.083333333333333,5.3768939393939394,1.5015151515151515,0.0,0.0,0.0,0.0,0.9469696969696969,0.2272727272727273,0.5,1.625,0.0,0.5833333333333333,0.0,2.1363636363636362,2.159090909090909,73.60662878787879,0.0,0.0,0.0,0.9333333333333332,0.0,0.0,3.236111111111111,0.0,1.3636363636363638,4.502525252525253,1.0416666666666665,2.1022727272727275,1.294642857142857,1.25,0.5568181818181819,1.3636363636363635,0.0,0.0,0.0,0.0,0.8333333333333333,0.3333333333333333,0.0,0.0,0.0,0.0,0.0,8.56060606060606,0.0,0.0,0.0,0.0,0.0,12.5,0.625,0.0,0.0,0.0,0.0,2.5,0.0,0.0,0.0,0.0,0.0,0.0,0.0,0.0,0.0,0.0,0.0,0.6805555555555556,0.0,0.0,0.0,0.35984848484848486,0.0,0.5,0.0,0.625,1.25,0.0,1.4444444444444444,5.0,0.0,7.483333333333333,0.0,0.0,0.0,0.3333333333333333,0.0,0.9090909090909091,0.0,0.0,0.0,0.0,0.0,0.0,0.0,0.0,0.0,1.5,0.0,7.833333333333333,0.0,0.0,0.0,0.0,0.0,0.0,0.0
11.909722222222221,5.384469696969697,6.462752525252525,6.976010101010101,2.1717171717171717,1.3920454545454546,0.928030303030303,6.1789772727272725,3.869949494949495,7.502525252525253,0.20833333333333331,3.13510101010101,1.0131673881673882,0.9090909090909091,1.6035353535353536,2.4823232323232327,1.1111111111111112,1.2689393939393938,2.8440656565656566,1.1565656565656566,2.5454545454545454,1.3396464646464648,0.0,0.0,1.8497474747474747,0.0,1.4409722222222223,0.41666666666666663,0.514520202020202,1.066919191919192,3.1761363636363638,0.0,1.7234848484848486,0.0,0.0,0.0,0.0,0.0,0.0,0.0,0.0,2.456565656565657,0.0,0.0,0.9722222222222222,0.9318181818181819,0.2967171717171717,2.6893939393939394,0.8522727272727273,0.0,0.20833333333333331,0.0,2.265151515151515,0.0,0.0,0.0,0.0,0.375,0.0,0.0,1.279040404040404,0.0,0.0,0.0,0.2272727272727273,0.7828282828282829,0.0,4.349747474747475,0.0,1.3194444444444444,1.0863095238095237,0.0,0.0,0.8333333333333333,0.0,0.0,0.41666666666666663,0.78125,0.0,0.8333333333333334,0.2777777777777778,0.0,0.43560606060606066,0.0,0.0,6.83080808080808,0.2272727272727273,0.0,0.0,0.0,0.0,2.2774170274170276,2.5,1.856060606060606,0.0,0.0,0.0,0.0,0.0,0.0,0.2272727272727273,0.0,0.0,0.0,0.41666666666666663,0.0,0.0,0.9090909090909091,3.9441287878787876,0.0,0.0,0.0,0.0,0.0,0.0,1.1111111111111112,0.0,1.3636363636363638,1.3358585858585859,0.20833333333333331,0.2272727272727273,0.0,0.0,0.0,0.5303030303030303,0.0,0.0,0.0,0.0,0.0,0.3333333333333333,0.0,0.0,0.0,0.0,0.0,0.2272727272727273,0.0,0.0,0.0,0.0,0.0,0.0,0.0,0.0,0.0,0.0,0.0,0.0,0.0,0.0,0.0,0.0,0.0,0.0,0.0,0.0,0.0,0.0,0.0,0.5555555555555556,0.0,0.0,0.0,0.35984848484848486,0.0,0.0,0.0,0.0,0.0,0.0,0.2777777777777778,0.9999999999999999,0.0,0.0,0.0,0.0,0.0,0.3333333333333333,0.0,0.0,0.0,0.0,0.0,0.0,0.0,0.0,0.0,0.0,0.0,0.0,0.0,0.0,0.0,0.0,0.0,0.0,0.0,0.0,0.0
116.70534900251282,26.83199377131874,18.836215215252768,5.297167304421769,7.98492114284525,1.708205227053508,7.678070565347351,4.65684249446047,4.014136904761904,12.99021668077119,1.5258822278911564,5.671725079957356,1.037803827857466,3.8159182707173778,13.128613224462104,5.895727040816326,4.13516865079365,6.762636514493858,14.882874503968253,0.8590608818154126,8.373511904761905,4.105282738095238,19.122730099502487,1.3181335034013604,2.095344387755102,4.610305059523809,4.031005205112348,7.875558035714286,2.5728103741496597,0.4270833333333333,1.217828798185941,1.2013888888888888,0.9464285714285714,2.225452065295815,2.7316017316017316,0.984202869580668,0.7527990362811791,5.222607935219542,0.2979113520408163,6.041997354497354,5.414895124716553,1.0683557513914657,0.8555484693877551,13.739481872294371,0.0,0.2331349206349206,0.9449404761904762,0.0,0.8920953798185941,0.0,0.4586079223356009,1.1290922619047619,1.7612338618242995,0.5963010204081632,1.7978050595238095,0.42348710317460314,0.7145337301587301,0.0,0.24234693877551017,0.6882440476190476,0.939484126984127,0.0,0.5059523809523809,2.087585034013605,0.3865947420634921,0.0,0.4575892857142857,1.1130952380952381,0.376984126984127,2.6801658163265305,0.21187641723356007,0.416843820861678,4.337797619047619,0.0,0.21726190476190474,1.40625,0.0,0.0,0.7124255952380952,0.0,0.31249999999999994,1.021577380952381,0.24659863945578228,0.0,0.3162202380952381,4.412202380952381,0.0,0.0,0.21391369047619047,0.0,0.548048977053508,0.21207611832611833,0.0,0.0,0.0,0.8366815476190476,6.096438717532467,0.21428571428571427,0.0,0.0,0.0,0.2157738095238095,0.21155753968253965,0.38581645344705046,0.0,0.0,0.0,0.4168227605727606,0.0,0.0,0.0,1.3124999999999998,0.0,0.0,0.3968253968253968,0.0,0.0,0.0,0.0,0.0,0.0,0.0,0.0,0.32291666666666663,2.5,0.0,0.48828124999999994,0.0,0.0,0.0,0.0,3.5034722222222223,0.0,0.0,0.0,0.3125,0.20833333333333331,0.0,3.318516800659658,0.0,0.0,0.0,0.0,0.0,0.0,0.41666666666666663,0.0,0.41666666666666663,0.0,0.27566964285714285,0.0,0.0,0.0,10.197916666666666,0.0,0.0,0.0,0.0,0.0,0.0,0.0,15.105387667887667,0.0,0.0,0.0,0.0,0.0,0.234375,0.0,1.5263122294372296,0.0,0.0,2.5,0.0,0.0,0.0,0.0,2.194940476190476,0.0,0.0,0.0,1.6666666666666665,0.0,0.0,0.0,0.0,0.3125,0.0,0.0,12.892628205128204,0.0,0.0,0.0,0.0,0.0,0.0,0.0,0.0,0.0,0.0
171.90130469824348,48.14977015614771,15.505614214797887,16.436062520246193,35.990607606679035,41.38518751656507,17.288083090379008,2.073615160349854,8.500850340136054,16.38319970845481,2.2224246841593778,71.38151927437642,2.7730364873222015,12.168542449154694,8.583741938333775,13.204042980828694,28.48023603380746,14.727385001619695,15.368895772594751,10.175251052802071,26.784195821185616,1.8883219954648525,17.760126990356582,3.2801870748299313,8.302837043908472,18.8552710045057,12.41326530612245,7.03205156521483,3.0143453485290217,0.5051020408163265,1.5051020408163267,4.167810576611597,4.934280855199222,1.0943877551020407,13.437856148953086,2.699829931972789,0.22151360544217685,5.123299319727891,1.1018383543893746,13.806172144182348,5.2133138969873665,1.3516156462585034,0.0,5.732728156197544,2.5,12.308248299319727,0.7482993197278911,0.0,0.0,3.567946226109491,1.9039888682745825,1.1590136054421767,0.9147230320699707,9.46325315840622,8.807315133845746,11.334518655947228,0.0,0.0,2.9213048855905996,0.4154518950437317,1.846938775510204,0.0,0.0,0.4209183673469387,0.0,1.8367346938775508,0.0,7.5,0.0,0.29761904761904756,0.0,0.0,2.959993521218011,0.0,0.5510204081632653,5.418083900226757,0.0,0.0,4.803571428571429,0.0,0.0,0.0,0.0,4.166666666666667,0.43083900226757366,2.373724489795918,0.28061224489795916,0.0,0.0,0.0,3.077421444768383,0.0,0.0,0.4919825072886297,2.3157596371882088,0.0,0.0,0.0,0.0,3.371598639455782,0.5148809523809523,0.0,0.0,0.8379715522572665,0.0,0.0,0.0,0.0,0.0,7.371234207968902,0.0,2.6179138321995463,0.0,0.0,0.0,5.503401360544218,0.365878169449598,0.0,0.0,0.0,0.0,0.0,2.1131467738610596,0.0,0.0,0.0,2.0779478458049887,0.0,0.0,0.0,0.0,43.14583333333333,0.0,0.0,0.0,2.5,1.875,0.0,0.0,0.0,0.0,0.0,0.0,0.0,0.0,0.0,0.0,0.0,0.2777777777777778,0.0,0.0,0.0,0.0,3.562641723356009,0.0,0.0,0.0,0.0,0.0,1.8569808875931324,0.0,9.915239310009717,0.0,0.0,0.0,1.2033325234855845,0.0,0.0,0.0,0.0,0.0,1.7640692640692641,2.385204081632653,2.63022351797862,0.24184998674794594,0.6441326530612245,16.98171768707483,0.0,0.0,0.0,1.0778061224489794,3.8762626262626263,0.2777777777777778,0.0,2.0595238095238093,0.0,0.0,1.5277777777777777,0.7482993197278911,11.583333333333332,0.0,0.0,0.0,0.0,0.0,0.41666666666666663,0.0,0.0,2.508503401360544,4.705569727891156
19.8734709022209,13.087454975579975,3.430655174405174,11.726883903133903,7.315882173382173,5.967763278388278,2.1838980463980464,4.964206349206349,4.480925671550671,9.049803526053525,0.9127480158730159,18.5943853021978,2.8548992673992672,4.693962563337563,2.994405525030525,14.135545634920636,12.926675824175824,2.4827480158730157,0.5452628968253969,1.533068147130647,2.390426587301587,6.654108669108669,3.8976149776149773,2.4829326923076924,7.659718337218337,23.286009996947495,1.692718253968254,3.8039300976800976,2.1969815254190252,2.335138195138195,4.542147435897435,4.091830738705739,1.9934065934065934,5.129350198412698,2.896971153846154,1.0285149572649572,0.8118551587301587,7.197028769841269,2.502938415750916,1.1885206807081807,2.137171855921856,0.0,0.0,0.35622710622710624,0.0,0.5712950244200243,0.0,0.3084134615384615,4.0005933302808305,2.5588576007326007,0.6077686202686202,4.63065349002849,0.0,0.6288141025641025,4.981019917582417,4.186351114163614,1.1359249084249083,0.0,4.004806547619047,0.315892094017094,0.49428037240537237,0.23821924603174605,0.2914300976800977,1.8979552045177046,0.0,0.0,0.0,0.2564102564102564,0.0,0.2622767857142857,0.5750457875457875,0.275,1.1753968253968254,0.21770833333333334,0.2673611111111111,3.1373242266992265,0.0,0.35,0.0,0.0,1.3963541666666666,1.101686507936508,2.05250296000296,0.4769345238095238,0.882688492063492,0.0,0.0,0.0,1.6807844932844933,0.3383279914529915,0.390625,0.0,0.0,0.0,0.2777777777777778,1.005406746031746,0.5908333333333333,0.0,0.5039930555555555,0.0,0.0,0.0,0.770436507936508,0.0,0.0,0.0,0.5694673382173382,0.0,0.0,0.2361111111111111,0.0,0.0,0.0,0.0,1.4146825396825398,0.0,0.5282837301587301,0.0,0.0,0.0,0.0,0.0,0.0,0.0,0.0,0.6073069291819292,0.0,0.4117483211233211,0.0,0.0,0.0,1.0094551282051283,0.0,0.0,0.0,0.0,0.0,0.0,0.0,0.0,0.0,0.0,0.0,0.0,0.3855406746031746,0.3171626984126984,0.0,0.0,0.0,0.0,0.0,0.0,0.0,0.3721230158730159,0.0,0.0,0.0,0.26666666666666666,0.0,0.0,0.0,0.25605921855921854,0.4123263888888889,0.0,0.0,0.0,0.0,0.0,0.0,0.0,0.0,0.0,0.0,0.0,0.0,0.0,0.7135416666666666,0.9861912393162393,0.0,0.0,0.0,0.0,0.0,0.0,0.0,0.0,0.0,0.0,0.0,0.0,0.0,0.0,0.0,0.0,0.0,0.0,0.0,0.0,0.0,0.670400641025641
18.39184712346477,0.8818452380952381,10.787660256410255,5.561618165784832,7.052960927960927,0.9842687074829932,2.219665750915751,1.3616071428571428,0.3156693711967546,3.3948412698412698,3.8541666666666665,2.7720588235294117,0.0,0.0,0.0,2.25,0.6142857142857143,3.673400129282482,0.0,1.021474358974359,0.0,0.3395909645909646,0.0,0.0,0.0,0.41666666666666663,0.0,0.0,0.25,0.0,0.0,0.3205882352941176,0.0,1.3888888888888888,0.0,1.9444444444444446,0.0,0.8333333333333333,0.0,0.0,0.0,3.063415750915751,0.3830282112845138,0.0,0.0,0.0,0.0,1.429945054945055,0.0,0.0,0.0,0.0,2.321428571428571,0.0,0.0,0.0,0.0,0.0,0.0,0.0,0.0,0.0,0.0,0.0,0.0,0.4308608058608059,0.0,0.0,2.6999999999999997,0.0,0.0,0.0,0.0,0.0,0.0,0.0,2.5,0.25,0.0,0.0,0.0,0.0,0.5555555555555556,0.0,0.0,0.0,0.0,0.25,0.0,0.0,0.0,0.5,0.0,0.0,0.0,0.0,0.41666666666666663,0.25,0.0,0.0,0.0,0.0,0.0,0.0,0.0,0.0,0.0,0.0,0.2678571428571428,0.0,0.0,0.0,0.0,0.0,0.0,0.0,0.0,0.0,0.0,0.0,0.20833333333333331,0.0,0.0,0.0,0.0,0.0,0.0,0.0,0.0,1.25,0.0,0.0,0.0,0.0,0.0,0.0,0.0,0.0,0.0,0.0,0.0,0.0,0.0,0.0,0.0,0.2777777777777778,0.0,0.0,0.0,0.0,0.0,0.0,0.0,0.0,0.31875,0.0,0.0,0.0,0.0,0.0,0.0,0.0,0.0,0.0,0.0,0.0,0.0,0.0,0.0,0.0,0.0,0.0,0.0,0.0,0.0,0.0,0.0,0.0,0.0,0.0,0.0,0.0,0.0,0.0,0.0,0.0,0.0,0.0,0.0,2.5,0.0,0.0,0.7142857142857142,0.0,0.0,0.0,0.0,0.0,0.0,0.0
644.5255325226963,103.15596533101979,127.28997326276081,30.18393678494125,110.93798100438035,101.02721746481575,244.7395529283003,62.10004685953983,43.006420968737146,46.91672766978218,65.48895040970933,61.98979416365144,12.851386078939717,99.84923442351882,46.53351041060929,31.848002502282963,13.394593253968253,64.56692944378679,14.17835679945055,41.06640215165668,47.72928603259486,40.159693605006105,104.44548267372565,17.89719333246119,43.11683909674981,63.39563778235653,16.972561334168475,26.94608473124098,13.036645150484436,4.7704274891774885,9.662273242630386,13.5697601010101,9.357413419913419,42.98082169566545,26.65494227994228,9.63329683117463,11.403592687074829,26.756682656794265,21.58930745593692,56.13645698843067,7.289895124716553,13.4532763863121,12.30594529478458,6.714141532809296,0.0,26.70526547326083,43.03533387908388,1.3945360195360195,59.064834040366854,3.474702380952381,26.003448498426177,4.093708664021164,29.23668029039573,10.587219823826967,3.9357018849206344,15.093129960317459,3.2383432539682535,11.61016810570382,1.4923469387755102,6.0007440476190474,4.698736312706901,17.750855099502488,2.0510912698412698,1.1381802721088434,5.143539186507937,5.16765873015873,3.136160714285714,1.9464285714285712,7.484623015873016,1.1801658163265305,0.5690192743764172,9.285079751597609,6.280438311688311,0.0,0.21726190476190474,4.600694444444445,0.0,0.0,6.064989697802198,6.434027777777778,2.7232142857142856,2.6604662698412698,14.5084875789763,1.5231331168831168,2.0787202380952383,8.215818903318903,1.25,42.845159181096676,1.5036864177489178,5.386904761904762,5.714715643720174,0.21207611832611833,7.9370629370629375,2.517857142857143,6.694940476190476,4.4329117063492065,0.9848315746753247,3.130952380952381,0.41666666666666663,0.44507575757575757,0.7034684065934066,3.6423611111111107,0.21155753968253965,4.26081645344705,2.1532738095238093,1.284722222222222,0.45386904761904756,3.333489427239427,0.0,3.296130952380952,6.3092137896825395,0.2777777777777778,0.0,0.5446428571428571,1.0138888888888888,0.0,0.8314732142857142,0.0,0.4011479591836734,0.0,2.0837778293135436,0.0,2.003968253968254,1.0967261904761905,0.5751262626262627,0.0,5.280970042688792,0.6245039682539683,1.0639880952380951,0.0,0.5060975609756098,3.662202380952381,0.5619747899159664,3.0357142857142856,2.3492063492063493,2.9047619047619047,0.20833333333333331,0.0,1.0893501339929912,0.0,0.4584750566893424,0.4613095238095238,0.2926587301587301,0.3720238095238095,0.32738095238095233,0.0,0.41666666666666663,4.0,2.375,3.7724645146520146,0.0,2.4395743145743145,0.0,6.598290598290599,0.0,2.5,0.20957341269841268,0.0,0.0,1.071759259259259,1.375,16.673739454989455,0.0,1.5029761904761905,0.0,4.734126984126984,4.60646645021645,7.776041666666666,0.0,1.177827380952381,0.2777777777777778,2.488095238095238,2.4327731092436973,0.41666666666666663,1.5293560606060606,1.2916666666666665,5.930059523809524,0.5282738095238095,0.0,0.5680272108843537,1.6095883283383283,1.0119047619047619,1.3034188034188032,0.0,0.0,0.6101190476190476,9.170267232767232,0.48363095238095233,6.891854673104673,15.203373015873016,1.5178571428571428,0.5,0.0,0.0,2.107142857142857,0.0,0.9868787792894935,0.3571428571428571,5.24512987012987,5.364583333333333
34.814502164502166,24.55092038809144,5.158333333333333,5.246428571428572,12.580311355311355,14.355221386800334,3.345842352092352,1.625,2.34375,6.196026196026196,1.2083333333333335,4.309027777777778,0.25,1.2424970862470863,0.0,6.312499999999999,0.275,0.9813034188034189,1.3452380952380951,0.6111111111111112,0.0,3.625,11.713447663447663,0.5227272727272727,0.8380681818181819,0.0,0.5555555555555556,0.8333333333333333,0.26515151515151514,0.0,0.0,0.0,0.2,0.25,0.0,0.21955128205128205,0.5,0.25,0.37225274725274726,4.124149114774115,0.0,0.38825757575757575,0.4375,0.0,0.5,1.0936147186147185,0.2,0.0,0.0,0.0,0.9583333333333334,0.0,0.0,0.0,1.328125,0.78125,0.0,1.217063492063492,0.0,0.0,0.0,0.5,0.75,0.0,0.0,0.0,0.0,0.0,0.0,0.0,0.0,0.0,0.0,0.0,0.0,0.3571428571428571,0.0,0.0,0.0,0.5,0.0,0.0,0.0,0.0,0.0,0.0,0.0,0.0,0.0,0.0,0.0,0.0,0.0,0.5714285714285714,0.0,0.0,0.0,0.0,0.0,6.4393939393939394,0.0,0.0,0.0,0.0,0.0,0.0,0.0,0.0,0.675,0.0,0.0,0.0,0.0,0.0,0.0,14.772970085470085,0.9375,0.0,0.0,0.0,0.0,0.0,0.0,0.0,0.0,0.0,0.2777777777777778,0.0,0.0,0.3125,0.0,0.0,0.0,0.0,0.0,0.0,0.0,0.0,0.0,0.0,0.0,0.0,0.0,0.0,0.0,0.0,0.0,0.0,0.0,0.0,0.0,0.0,0.0,0.0,0.0,0.0,0.0,0.0,0.0,0.0,0.0,0.2857142857142857,0.0,0.0,0.0,0.25,0.0,0.0,0.0,0.0,0.0,0.0,0.0,0.25,0.0,0.0,0.8333333333333333,0.0,0.0,0.0,0.0,0.0,0.25,0.0,0.0,0.0,0.0,0.0,0.0,0.0,0.0,0.0,0.0,0.0,0.0,0.0,0.0,0.0,0.0,0.0
41.35366813764485,11.766959275292608,25.044758019758017,23.758146945646946,33.61212398712399,28.285495258709545,21.581498362748363,10.440506253006253,7.415392015392015,19.863087722462723,4.765873015873016,5.285732323232323,0.7469035594035593,11.643994508577842,11.926388888888889,6.600986050986051,4.5810786435786435,30.855667480667478,3.5736670736670737,2.6565934065934065,6.8842592592592595,11.037868381618381,5.03877064293731,10.09324294532628,9.879210758377425,6.552011183261183,6.1666005291005295,2.013888888888889,1.9937169312169312,23.624570105820105,14.506295093795094,3.9127674680983504,7.552645502645503,2.16820987654321,1.7999338624338623,4.789351851851852,6.515046296296296,3.7147266313932983,0.8358134920634921,3.745791245791246,0.33333333333333337,20.062904687904688,4.423882747543462,2.8569223985890653,5.35981240981241,0.6296296296296297,0.4537037037037037,13.294871101121101,0.3773148148148148,0.22864701436130005,2.451388888888889,1.0714285714285714,6.680555555555555,1.0324074074074074,0.0,4.308201058201058,1.6588514109347443,3.779882154882155,0.33459595959595956,0.0,0.3819444444444445,4.058712121212121,0.20833333333333331,0.2777777777777778,1.7755647130647132,2.016508954008954,0.2777777777777778,0.0,2.8819444444444446,0.0,0.0,0.0,0.20391414141414144,1.3657407407407407,0.0,0.0,4.791666666666667,0.7459325396825397,0.5555555555555556,0.6828703703703703,0.0,0.360969387755102,0.0,1.0578703703703705,0.0,1.7361111111111112,0.0,4.881349206349206,0.47089947089947093,0.0,0.0,1.1805555555555556,2.5493506493506493,0.0,0.22222222222222224,0.8229166666666667,0.0,2.5,0.0,6.752425044091711,0.5555555555555556,0.0,0.0,0.21666666666666667,2.8255982443482446,1.5046296296296295,0.823502886002886,5.578235653235653,0.4298941798941799,0.0,0.7665343915343915,1.902777777777778,9.166666666666666,1.1296296296296295,0.5833333333333334,0.0,0.0,2.178240740740741,0.6489748677248677,1.2662037037037037,1.8402777777777777,0.6402777777777777,0.0,0.0,0.3888888888888889,0.7718253968253967,0.0,0.0,2.623214285714286,2.627645502645503,0.5423280423280423,0.0,0.5654761904761905,0.0,1.1342592592592593,0.5462962962962963,0.5555555555555556,8.29770807895808,5.436067019400353,0.627104377104377,2.4699074074074074,0.7662037037037037,0.9790013227513227,0.2777777777777778,1.1984126984126984,0.0,0.0,0.9618055555555556,0.0,0.0,0.0,0.20370370370370372,0.0,0.0,1.7928330928330927,0.9887566137566137,0.0,0.0,0.8078703703703703,0.0,0.0,0.0,0.625,0.0,0.5555555555555556,0.0,0.0,0.0,0.7361111111111112,2.5,0.0,0.2777777777777778,0.0,1.25,0.0,0.32407407407407407,0.0,0.0,0.7575757575757576,0.0,0.0,0.0,0.0,0.0,0.9273504273504274,0.0,0.0,0.7777777777777778,0.0,0.0,0.0,0.23148148148148148,0.7142857142857142,0.0,0.0,0.6616809116809117,0.0,0.0,0.0,0.0
5.26684712346477,0.8818452380952381,8.49599358974359,0.5616181657848325,2.4696275946275947,0.9842687074829932,0.38633241758241754,0.9449404761904763,0.3156693711967546,0.0,0.3125,0.0,0.0,0.0,0.0,0.25,0.6142857142857143,0.7805429864253394,0.0,1.021474358974359,0.0,0.0,0.0,0.0,0.0,0.0,0.0,0.0,0.25,0.0,0.0,0.3205882352941176,0.0,0.0,0.0,0.0,0.8333333333333333,0.0,0.0,0.0,0.0,0.23008241758241757,0.3830282112845138,0.0,0.0,0.0,0.0,0.0,0.0,0.0,0.0,0.0,0.0,0.0,0.0,0.0,0.0,0.0,0.0,0.0,0.0,0.0,0.0,0.0,0.0,0.4308608058608059,0.0,0.0,0.2,0.0,0.0,0.0,0.0,0.0,0.0,0.0,0.0,0.25,0.0,0.0,0.0,0.0,0.0,0.0,0.0,0.0,0.0,0.25,0.0,0.0,0.0,0.0,0.0,0.0,0.0,0.0,0.0,0.0,0.0,0.0,0.0,0.0,0.0,0.0,0.0,0.0,0.0,0.0,0.2678571428571428,0.0,0.0,0.0,0.0,0.0,0.0,0.0,0.0,0.0,0.0,0.0,0.0,0.0,0.0,0.0,0.0,0.0,0.0,0.0,0.0,0.0,0.0,0.0,0.0,0.0,0.0,0.0,0.0,0.5,0.0,0.0,0.0,0.0,0.0,0.0,0.0,0.0,0.0,0.0,0.0,0.0,0.0,0.0,0.0,0.0,0.31875,0.0,0.0,0.0,0.0,0.0,0.0,0.0,0.0,0.0,0.0,0.0,0.0,0.0,0.0,0.0,0.0,0.0,0.0,0.0,0.0,0.0,0.0,0.0,0.0,0.0,0.0,0.0,0.0,0.0,0.0,0.0,0.0,0.0,0.0,0.0,0.0,0.0,0.7142857142857142,0.0,0.0,0.0,0.0,0.0,0.0,0.0
4.64184712346477,0.8818452380952381,7.6626602564102555,0.5616181657848325,2.4696275946275947,0.9842687074829932,0.38633241758241754,0.0,0.3156693711967546,0.0,0.3125,0.0,0.0,0.0,0.0,0.0,0.6142857142857143,0.7805429864253394,0.0,1.021474358974359,0.0,0.0,0.0,0.0,0.0,0.0,0.0,0.0,0.25,0.0,0.0,0.3205882352941176,0.0,0.0,0.0,0.0,0.0,0.0,0.0,0.0,0.0,0.23008241758241757,0.3830282112845138,0.0,0.0,0.0,0.0,0.0,0.0,0.0,0.0,0.0,0.0,0.0,0.0,0.0,0.0,0.0,0.0,0.0,0.0,0.0,0.0,0.0,0.0,0.4308608058608059,0.0,0.0,0.2,0.0,0.0,0.0,0.0,0.0,0.0,0.0,0.0,0.25,0.0,0.0,0.0,0.0,0.0,0.0,0.0,0.0,0.0,0.0,0.0,0.0,0.0,0.0,0.0,0.0,0.0,0.0,0.0,0.0,0.0,0.0,0.0,0.0,0.0,0.0,0.0,0.0,0.0,0.0,0.2678571428571428,0.0,0.0,0.0,0.0,0.0,0.0,0.0,0.0,0.0,0.0,0.0,0.0,0.0,0.0,0.0,0.0,0.0,0.0,0.0,0.0,0.0,0.0,0.0,0.0,0.0,0.0,0.0,0.0,0.0,0.0,0.0,0.0,0.0,0.0,0.0,0.0,0.0,0.0,0.0,0.0,0.0,0.0,0.0,0.0,0.0,0.31875,0.0,0.0,0.0,0.0,0.0,0.0,0.0,0.0,0.0,0.0,0.0,0.0,0.0,0.0,0.0,0.0,0.0,0.0,0.0,0.0,0.0,0.0,0.0,0.0,0.0,0.0,0.0,0.0,0.0,0.0,0.0,0.0,0.0,0.0,0.0,0.0,0.0,0.7142857142857142,0.0,0.0,0.0,0.0,0.0,0.0,0.0
50.06844473191005,54.294593317643276,29.5031344523532,9.930541776895943,17.556668447293447,24.23252657782575,31.5809061166084,9.081633117780505,6.825499818527201,19.66641865079365,17.586748754717505,30.24118687667099,1.6805012635236516,15.660844925091249,11.216236105053735,7.431051587301587,19.668301316738816,22.55245959334661,11.763346318033818,11.069612730760118,11.366348928848929,4.017542353479853,5.846961250296138,6.649360670194003,7.698691933066933,7.280133928571428,4.481853505291006,9.096613455988455,5.1622023809523805,3.332530845192483,3.5752314814814814,12.307415674603174,1.7586805555555556,8.890432098765432,8.790922619047619,6.724665531918331,1.0625,5.75633103620236,3.015151515151515,11.523413184718331,1.005952380952381,13.744591346153845,16.516204930398732,2.258928571428571,2.9037698412698414,0.0,14.15467068053275,0.49244505494505497,3.3328373015873014,3.806193310657596,4.0341134559884555,6.860863095238095,4.446820596518177,7.466192916560563,0.0,0.0,0.7199754901960784,6.112531565656566,2.289857609710551,3.165798611111111,0.20343660968660968,3.0867925995024876,1.015625,2.053819444444444,0.2825091575091575,1.4018429487179487,1.0024801587301586,0.7638888888888888,6.573528901653901,0.0,0.642361111111111,1.2924107142857142,0.0,0.8708639705882353,0.4407051282051282,1.1666666666666665,1.7918669871794872,2.091765873015873,0.0,0.0,1.6392045454545454,1.093484268707483,0.9791666666666666,0.8802083333333334,0.0,0.0,6.397569444444445,0.4613095238095238,0.8164457070707071,0.21875,0.0,3.8559027777777777,0.6666666666666666,0.3125,1.0729166666666667,0.9795386904761905,2.416869588744589,3.421474358974359,1.8923611111111112,0.5613425925925926,0.8333333333333333,1.3541666666666667,0.0,1.0188769693200663,0.8871527777777778,1.2853535353535355,0.2678571428571428,1.909188034188034,0.3928571428571428,0.0,0.20833333333333334,0.625,1.435496794871795,2.3425099206349205,0.0,2.845982142857143,0.75,1.0003035159285159,0.6211670274170273,0.47719381313131315,2.0961963383838382,0.2300347222222222,0.0,1.1119791666666667,0.0,0.20089285714285715,1.2847222222222223,1.398375496031746,0.4427083333333333,4.258184523809524,2.62817997974248,0.0,2.7312748015873014,2.4821350524475525,0.29166666666666663,0.0,0.0,4.417782738095238,0.0,0.7301587301587301,2.759052579365079,1.4810267857142856,0.4897186147186147,0.24739583333333331,0.6004464285714286,0.0,1.1067708333333333,0.20833333333333331,0.0,0.3125,0.0,0.0,0.25297619047619047,0.0,0.9717261904761905,1.2132034632034632,0.0,0.0,1.3836805555555556,0.0,0.0,0.0,1.8072916666666665,0.6107200091575091,0.0,0.40900735294117646,0.9688358516483516,0.0,5.581597222222222,0.25,0.0,0.0,0.3415032679738562,0.0,0.3862847222222222,0.0,0.0,0.0,1.0323660714285714,0.0,0.23096955128205127,0.0,0.0,0.0,0.0,0.0,0.0,0.0,0.0,0.0,0.0,0.33854166666666663,0.7142857142857142,0.27232142857142855,0.26041666666666663,0.47649572649572647,0.0,0.0,0.3854166666666667,0.0
0.4605263157894737,0.0,0.0,0.0,0.0,0.0,0.0,0.0,0.0,0.0,0.0,0.0,0.0,0.0,0.0,0.0,0.0,0.0,0.0,0.0,0.0,0.0,0.0,0.0,0.0,0.0,0.0,0.0,0.0,0.0,0.0,0.0,0.0,0.0,0.0,0.0,0.0,0.0,0.0,0.0,0.0,0.0,0.0,0.0,0.0,0.0,0.0,0.0,0.0,0.0,0.0,0.0,0.0,0.0,0.0,0.0,0.0,0.0,0.0,0.0,0.0,0.0,0.0,0.0,0.0,0.0,0.0,0.0,0.0,0.0,0.0,0.0,0.0,0.0,0.0,0.0,0.0,0.0,0.0,0.0,0.0,0.0,0.0,0.0,0.0,0.0,0.0,0.0,0.0,0.0,0.0,0.0,0.0,0.0,0.0,0.0,0.0,0.0,0.0,0.0,0.0,0.0,0.0,0.0,0.0,0.0,0.0,0.0,0.0,0.0,0.0,0.0,0.0,0.0,0.0,0.0,0.0,0.0,0.0,0.0,0.0,0.0,0.0,0.0,0.0,0.0,0.0,0.0,0.0,0.0,0.0,0.0,0.0,0.0,0.0,0.0,0.0,0.0,0.0,0.0,0.0,0.0,0.0,0.0,0.0,0.0,0.0,0.0,0.0,0.0,0.0,0.0,0.0,0.0,0.0,0.0,0.0,0.0,0.0,0.0,0.0,0.0,0.0,0.0,0.0,0.0,0.0,0.0,0.0,0.0,0.0,0.0,0.0,0.0,0.0,0.0,0.0,0.0,0.0,0.0,0.0,0.0,0.0,0.0,0.0,0.0,0.0,0.0,0.0,0.0,0.0,0.0,0.0,0.0,0.0,0.0,0.0,0.0,0.0,0.0
29.892348194445148,6.78921568627451,21.762152777777775,9.23468137254902,9.577308006535947,9.498161764705882,19.414704423436042,20.18096405228758,2.4254493464052285,7.418607026143791,3.3310866013071894,5.347360819327731,0.20526960784313725,8.332465277777779,5.442708333333333,0.2777777777777778,7.819444444444445,4.627976190476191,0.984375,2.3412698412698414,3.6608796296296298,0.8628472222222222,0.0,2.5645424836601305,0.3472222222222222,2.694444444444444,0.0,1.120360644257703,0.872140522875817,0.986111111111111,0.365953947368421,0.9083216619981326,0.20833333333333331,8.052083333333332,0.0,0.0,0.7569444444444444,0.22916666666666666,0.26041666666666663,0.8333333333333333,0.0,8.055147058823529,0.0,0.0,10.727885472370767,0.8700980392156863,0.0,20.525348297213622,0.0,0.0,0.0,0.20833333333333331,0.0,0.0,0.0,0.8333333333333333,0.0,0.9583333333333333,0.20833333333333331,4.166666666666666,0.0,0.2986111111111111,0.0,0.0,0.29411764705882354,0.0,0.0,0.0,2.256944444444444,0.0,0.0,0.0,0.0,0.20526960784313725,0.0,0.0,4.186683006535947,0.8333333333333333,0.0,0.0,0.0,0.0,0.0,0.3819444444444444,0.0,0.546875,0.0,0.0,0.0,0.0,0.0,0.0,0.29166666666666663,0.0,0.0,0.0,0.0,0.0,0.0,1.0416666666666667,0.0,0.0,0.0,0.0,0.6907169117647058,0.3585069444444444,0.0,0.0,0.0,0.0,0.0,0.0,3.6540032679738563,0.0,0.0,0.0,0.0,0.0,0.0,0.7199754901960784,1.0347222222222223,0.0,0.0,0.0,0.0,0.0,0.0,0.0,0.0,2.193014705882353,0.0,0.0,0.0,0.0,0.0,0.0,2.708333333333333,0.6690705128205128,0.0,0.0,0.0,0.0,0.0,0.2963388480392157,0.5868055555555556,0.0,0.0,0.0,0.0,0.0,0.0,0.0,0.0,0.0,0.3209252450980392,0.3125,0.0,0.0,0.0,0.0,0.0,0.0,0.0,0.0,0.0,0.0,0.0,0.0,0.0,0.0,0.0,0.0,0.0,0.0,0.0,0.0,0.0,0.0,0.0,0.0,0.0,0.0,0.0,0.0,0.0,0.0,0.0,0.0,0.0,0.0,0.0,0.0,0.0,0.0,0.0,0.0,0.0,0.0,0.22135416666666666,0.0
5.260135135135135,1.4409777424483305,0.24613899613899612,0.30180180180180183,2.5,4.375,1.763996138996139,6.797940797940798,0.20270270270270271,3.218468468468468,1.4623552123552124,0.867117117117117,0.0,2.5,0.0,0.0,2.5,0.38129305776364597,0.0,0.7601351351351351,1.5,3.75,0.0,1.25,0.0,2.5675675675675675,0.0,2.666666666666667,0.0,0.0,0.0,1.875,0.0,0.0,1.25,0.0,0.0,3.8175675675675675,0.0,0.0,0.0,0.0,0.0,0.0,1.25,1.25,0.0,0.0,0.0,0.0,0.0,0.0,0.0,0.0,0.0,0.0,0.0,0.0,0.0,0.0,0.0,0.0,0.0,1.25,0.0,1.25,0.0,0.0,0.0,0.0,0.0,0.0,0.0,0.0,0.0,0.0,0.0,0.0,0.0,0.0,0.0,0.0,0.0,0.0,0.0,0.0,3.125,0.0,0.0,0.0,0.0,0.0,0.0,0.0,0.0,0.0,0.0,0.0,0.0,0.0,0.0,0.0,0.0,0.0,0.0,0.0,0.0,0.0,0.0,0.0,0.0,0.0,0.0,1.875,0.0,0.0,0.0,0.0,0.0,0.0,0.0,0.0,0.0,0.0,0.0,0.0,0.0,0.0,0.0,0.0,0.0,0.0,0.0,0.25,0.0,0.0,0.0,0.0,0.0,0.0,0.0,0.0,0.0,0.0,0.0,0.0,0.0,0.0,0.0,0.625,0.0,0.0,0.0,0.0,0.0,0.0,0.0,0.0,0.0,0.0,0.0,0.0,0.0,0.0,0.0,0.0,0.0,0.0,0.0,0.0,0.0,0.0,0.0,0.0,0.0,0.0,0.0,0.0,0.0,0.0,0.0,0.0,0.0,0.0,0.0,0.0,0.0,0.0,0.0,0.0,0.0,0.0,0.0,0.0,0.0,0.0,0.0,0.0,0.0,0.0
53.472381969545786,19.98080329512826,13.931453310490863,16.54716730442177,23.01666717459128,53.821300465148745,26.344737232014015,19.576237335730312,11.947172619047619,54.922756363310874,4.4494933390022675,36.64915563551291,11.394946685000322,24.29264987244898,12.182906153755034,58.479060374149654,24.715467436974787,3.325136514493857,2.9721602182539684,0.8590608818154126,19.831845238095237,19.660838293650794,32.9197539090263,7.56813350340136,7.098320578231292,5.068638392857142,16.462552824159967,3.7713913690476186,6.6025722789115635,0.4270833333333333,1.217828798185941,7.993055555555555,3.4464285714285716,2.225452065295815,5.231601731601731,3.4842028695806677,0.7527990362811791,1.889274601886209,0.6550542091836734,17.770857648615,2.914895124716553,1.0683557513914657,0.4388818027210884,7.083231872294372,0.625,16.481150793650794,1.7485119047619047,2.6167582417582413,0.9441787131519274,2.693452380952381,0.4586079223356009,16.18861607142857,1.7351921951576328,3.096301020408163,2.7353050595238098,2.7984871031746033,4.204729808590103,0.0,0.24234693877551017,3.1882440476190474,0.3005952380952381,4.563355099502488,0.5059523809523809,0.5588151927437641,9.90048363095238,0.0,0.5964781746031745,5.279761904761905,1.626984126984127,2.6801658163265305,0.21187641723356007,0.416843820861678,7.742559523809524,0.0,1.7172619047619047,0.0,0.0,0.4421446608946609,3.2124255952380953,3.125,7.455357142857142,1.021577380952381,0.0,0.0,2.8162202380952377,0.0,2.5,0.6640625,0.21391369047619047,0.0,0.548048977053508,7.712076118326118,0.8333333333333333,6.101190476190476,5.052083333333333,0.8366815476190476,0.4714387175324675,5.2142857142857135,0.0,0.0,8.564732142857142,0.2157738095238095,0.21155753968253965,0.38581645344705046,0.0,0.0,0.0,5.416822760572761,0.0,0.0,0.0,0.0,0.0,0.0,0.9176587301587301,6.953125,0.0,0.0,0.0,0.5873724489795918,0.0,0.3571428571428571,0.0,0.32291666666666663,0.0,0.0,6.654947916666666,0.0,0.0,0.0,0.4227642276422764,5.156249999999999,0.0,0.0,0.0,7.5,0.20833333333333331,0.0,12.58935013399299,0.0,0.0,0.4613095238095238,0.0,0.0,0.0,0.0,0.0,0.0,0.0,0.27566964285714285,0.0,5.017857142857142,0.0,7.916666666666666,0.0,0.0,0.0,0.0,0.0,0.0,0.0,7.165178571428571,0.0,0.0,0.0,0.0,0.0,0.234375,0.0,2.2611607142857144,0.0,0.0,0.0,0.0,0.0,1.25,0.5,0.5282738095238095,3.75,0.0,0.0,2.5,0.0,0.0,0.0,0.0,0.0,0.0,0.0,2.6041666666666665,0.0,0.0,0.0,0.0,0.0,0.0,0.0,0.0,0.0,2.5520833333333335
232.51480955387206,103.86098710317461,30.797743055555554,49.67928541366041,154.94849537037035,82.98987268518519,55.4202628968254,125.15200366762866,23.553075396825395,19.47108939296439,42.71031746031746,24.55067791005291,10.12326388888889,29.394262566137566,29.754997895622896,38.03972387566137,32.68200231481482,47.05853174603175,23.36608520723104,0.8802083333333333,9.719990079365079,20.557291666666668,23.141989087301585,9.26388888888889,73.21717923280423,72.25595238095238,21.353670634920633,29.0672123015873,12.436631944444445,5.3361441798941796,7.802083333333333,28.967675264550266,1.9270833333333333,31.572420634920633,8.20548115079365,2.925662878787879,1.9635416666666667,18.254050925925924,1.1458333333333333,4.310267857142857,0.2777777777777778,0.33854166666666663,2.6099537037037037,50.49317956349206,67.28530092592592,6.918402777777778,0.84375,62.83015046296296,4.277529761904762,1.7708333333333333,0.6875,16.743055555555554,0.7291666666666666,9.62479332010582,12.899305555555555,2.473958333333333,3.5729166666666665,1.1927083333333333,1.812872023809524,2.4305555555555554,2.192708333333333,0.9765625,0.0,1.2105516975308641,6.710069444444445,1.3229166666666667,3.614583333333333,2.946841931216931,0.2951388888888889,0.41666666666666663,2.0381944444444446,0.0,35.73863260582011,0.203125,11.251871392496392,3.1979166666666665,0.20833333333333331,0.7552083333333333,1.4947916666666665,37.68518518518518,0.0,3.9197530864197527,0.23995535714285715,3.877314814814815,2.942708333333333,1.5178571428571428,46.83362268518518,0.3125,0.8203125,0.0,1.21875,0.6117724867724867,11.68576388888889,0.0,0.9375,0.0,0.41666666666666663,1.7404513888888888,4.222222222222222,0.0,1.1517857142857142,0.2951388888888889,0.0,0.0,0.46875,0.0,0.46875,3.2089120370370368,4.765625,4.413194444444445,0.234375,36.95746527777778,0.3125,0.9114583333333333,3.098958333333333,2.25,0.0,1.9010416666666665,0.32291666666666663,0.0,0.0,0.21875,1.2847222222222223,0.0,0.0,0.5833333333333333,0.9739583333333333,0.2864583333333333,0.21875,0.0,0.625,0.46875,0.3125,0.0,0.0,0.0,4.847222222222222,0.0,0.5208333333333333,0.3125,0.26041666666666663,0.0,0.0,0.26041666666666663,0.0,0.0,0.0,1.8836805555555554,0.3125,0.46875,3.6597222222222223,1.1458333333333333,0.0,3.2447916666666665,0.0,0.0,0.3125,0.296875,0.0,1.9270833333333333,0.703125,0.0,18.958333333333332,0.0,0.0,0.5208333333333333,0.0,0.8576388888888888,0.41666666666666663,0.3125,0.0,0.0,0.20833333333333331,0.32291666666666663,1.6067708333333333,0.234375,4.089409722222222,0.0,1.0385664682539681,5.501488095238095,0.0,0.625,0.8697916666666666,0.0,0.21875,0.390625,0.65625,2.911458333333333,1.25,0.3125,0.0,0.0,0.3877314814814815,0.0,0.0,0.0,0.0,0.0,0.0,0.0
18.437518037518036,6.26967038809144,6.158333333333333,3.204761904761905,7.0049145299145295,3.738157894736842,4.022925685425685,1.625,0.0,2.0988039738039737,0.375,0.0,0.25,0.5909090909090909,0.0,1.0,0.275,0.9813034188034189,0.0,0.3333333333333333,0.0,1.0,3.796780996780997,1.7727272727272727,2.7777777777777777,2.2821969696969697,2.5,0.0,0.26515151515151514,0.0,0.0,0.2777777777777778,0.2,0.25,0.0,0.6362179487179487,0.5,0.41666666666666663,0.37225274725274726,2.338434829059829,0.0,0.0,0.4375,0.3699494949494949,0.5,0.4686147186147186,0.2,0.0,0.0,0.0,0.9583333333333334,0.0,0.0,0.2777777777777778,0.0,1.5,0.0,1.217063492063492,0.0,0.0,0.0,0.5,0.0,0.0,0.0,0.0,0.0,0.0,0.0,0.0,0.0,0.0,0.0,0.0,0.0,0.3571428571428571,0.0,0.0,0.0,0.0,0.0,0.0,2.5555555555555554,0.0,0.0,0.0,0.0,0.0,0.0,0.0,0.0,0.0,0.0,0.5714285714285714,0.0,0.0,0.0,0.0,0.0,0.0,0.0,0.0,0.0,0.0,0.0,0.41666666666666663,0.0,0.0,0.0,0.0,0.0,0.0,0.0,0.0,0.0,0.8333333333333333,0.0,0.0,0.0,1.25,0.0,0.0,0.0,0.0,0.0,0.0,0.0,0.0,0.0,0.3125,0.0,0.0,0.0,0.0,0.0,0.0,0.0,0.0,0.0,0.0,0.0,0.0,0.0,0.0,0.0,0.0,0.0,0.0,0.0,0.0,0.0,0.0,0.0,0.0,0.0,0.0,0.0,0.0,0.0,0.0,0.0,0.2857142857142857,0.0,0.0,0.0,0.25,0.0,0.0,0.0,0.0,0.0,0.0,0.0,0.25,0.0,0.0,0.0,0.0,0.0,0.0,0.0,0.0,0.25,0.0,0.0,0.0,0.0,0.0,0.0,0.0,0.0,0.0,0.0,0.0,0.0,0.0,0.0,0.0,0.0,0.0
4.64184712346477,0.8818452380952381,7.6626602564102555,0.5616181657848325,2.4696275946275947,0.9842687074829932,0.38633241758241754,0.0,0.3156693711967546,0.0,0.3125,0.0,0.0,0.0,0.0,0.0,0.6142857142857143,0.7805429864253394,0.0,1.021474358974359,0.0,0.0,0.0,0.0,0.0,0.0,0.0,0.0,0.25,0.0,0.0,0.3205882352941176,0.0,0.0,0.0,0.0,0.0,0.0,0.0,0.0,0.0,0.23008241758241757,0.3830282112845138,0.0,0.0,0.0,0.0,0.0,0.0,0.0,0.0,0.0,0.0,0.0,0.0,0.0,0.0,0.0,0.0,0.0,0.0,0.0,0.0,0.0,0.0,0.4308608058608059,0.0,0.0,0.2,0.0,0.0,0.0,0.0,0.0,0.0,0.0,0.0,0.25,0.0,0.0,0.0,0.0,0.0,0.0,0.0,0.0,0.0,0.0,0.0,0.0,0.0,0.0,0.0,0.0,0.0,0.0,0.0,0.0,0.0,0.0,0.0,0.0,0.0,0.0,0.0,0.0,0.0,0.0,0.2678571428571428,0.0,0.0,0.0,0.0,0.0,0.0,0.0,0.0,0.0,0.0,0.0,0.0,0.0,0.0,0.0,0.0,0.0,0.0,0.0,0.0,0.0,0.0,0.0,0.0,0.0,0.0,0.0,0.0,0.0,0.0,0.0,0.0,0.0,0.0,0.0,0.0,0.0,0.0,0.0,0.0,0.0,0.0,0.0,0.0,0.0,0.31875,0.0,0.0,0.0,0.0,0.0,0.0,0.0,0.0,0.0,0.0,0.0,0.0,0.0,0.0,0.0,0.0,0.0,0.0,0.0,0.0,0.0,0.0,0.0,0.0,0.0,0.0,0.0,0.0,0.0,0.0,0.0,0.0,0.0,0.0,0.0,0.0,0.0,0.7142857142857142,0.0,0.0,0.0,0.0,0.0,0.0,0.0
150.2089044448646,91.5459329995109,28.783114619003594,106.50654001753898,55.904462026356434,155.73538503565678,201.97762490153795,95.229410537608,68.8013686888234,39.091939636323694,21.653852221787005,95.3143292749271,2.4983178053830226,32.152231423970555,27.225586611456176,23.120665666861317,49.298498485545586,33.08078070306331,10.546612606395215,9.70492823957498,20.95053646367052,46.562872794045155,13.581531542129369,6.619004485852312,42.589412072428374,30.927043211689952,19.99748389694042,19.14774687872514,15.681224120082815,4.3151878985212315,5.222222222222222,8.379528985507246,14.569142512077294,69.05677766275592,14.72048611111111,1.8546123763515068,0.0,2.901531233732321,1.273148148148148,2.47691295721187,0.6458333333333333,10.010416666666666,1.6354130722337243,8.37998188405797,16.399783615136876,4.626178974005061,3.9007936507936507,25.428995571658614,1.3357272256728778,5.069444444444445,0.5,1.25,3.954861111111111,0.6979813664596273,21.644801731078903,6.067028985507246,5.249442586399108,2.7083333333333335,4.25,9.594806763285025,16.71772613960114,0.0,1.5497685185185184,2.521604938271605,0.0,4.770833333333333,1.5873590982286634,2.942028985507246,1.049775707384403,0.0,5.022376543209877,1.1405243558776168,1.25,0.625,0.5701154052603328,0.264945652173913,7.001056763285024,2.157738095238095,0.625,11.140344051349485,0.3138940571005788,7.532242063492063,0.0,6.681612318840579,0.0,0.0,43.56531803542673,0.0,1.8429298864081471,3.7042320853462156,0.0,6.410493827160494,3.7463768115942027,0.0,3.773148148148148,0.0,1.108695652173913,12.357634649301316,0.625,0.0,2.5,0.5821759259259259,5.0148809523809526,0.0,0.7291666666666666,0.0,0.25,8.75,12.112103174603174,2.6157407407407405,0.5543478260869565,6.497685185185185,2.721014492753623,3.1340579710144927,0.0,7.4375,0.0,0.0,0.0,1.2771739130434783,0.7336956521739131,2.534722222222222,1.6666666666666665,0.0,5.9226190476190474,0.0,2.5347222222222223,0.0,1.4791073124406457,0.0,0.0,0.0,0.0,0.7037037037037037,0.0,0.0,0.0,0.0,0.2777777777777778,1.0397897897897899,0.0,2.5,1.5625,2.523148148148148,0.3125,0.0,0.0,0.0,2.375,0.0,0.0,0.0,0.0,1.3194444444444444,0.20833333333333331,0.41666666666666663,0.0,0.0,1.5778985507246377,0.0,0.0,0.0,0.0,0.0,0.625,0.0,0.0,0.2604166666666667,2.083333333333333,0.0,0.0,2.5,2.5,0.0,0.3125,0.0,0.0,0.0,13.75,2.5925925925925926,0.0,1.3194444444444444,0.5659722222222222,0.0,0.0,0.0,0.0,0.0,0.0,0.0,0.0,0.0,0.0,0.0,0.0,0.0,0.625,1.0416666666666665,0.0,0.0
22.131636347886346,13.125916514041513,3.565270559020559,11.906371082621082,7.966523199023199,6.384429945054945,3.055692918192918,4.964206349206349,4.577079517704518,10.61985847110847,0.9127480158730159,18.85079555860806,2.890155677655678,5.480821537696538,3.122610653235653,14.343878968253968,12.966739926739926,3.3160813492063492,0.5452628968253969,1.6067860958485958,2.390426587301587,6.910518925518925,4.133993182743183,2.6752403846153845,7.70779526029526,23.589695894383393,1.692718253968254,4.225404456654457,2.267494345931846,2.5594971694971695,4.5613782051282055,4.648492826617827,2.0094322344322344,5.129350198412698,3.1758173076923075,1.1246688034188035,0.8118551587301587,7.732743055555555,2.802617902930403,1.2045463217338217,2.137171855921856,0.0,0.0,0.38026556776556775,0.0,0.6353975885225884,0.0,0.33245192307692306,4.075913843101343,3.158102106227106,0.6077686202686202,4.642672720797721,0.8333333333333334,0.7105448717948718,5.081981456043956,4.213823641636141,1.163397435897436,0.0,4.223556547619047,0.3543536324786325,0.5343444749694749,0.23821924603174605,0.33950702075702077,2.393147512210012,0.0,0.0,0.0,0.2564102564102564,0.0,0.2622767857142857,0.7673534798534798,0.275,1.1753968253968254,0.21770833333333334,0.2673611111111111,3.329631919006919,0.0,0.35,0.0,0.0,1.3963541666666666,1.101686507936508,2.090277685277685,0.5081845238095238,0.882688492063492,0.5367063492063492,0.0,0.0,1.8893467643467643,0.3575587606837607,0.390625,0.0,0.0,0.0,0.2777777777777778,1.005406746031746,0.5908333333333333,0.0,0.5039930555555555,0.0,0.0,0.0,0.770436507936508,0.0,0.0,0.0,0.5694673382173382,0.0,0.0,0.2361111111111111,0.0,0.0,0.0,0.0,1.4146825396825398,0.0,0.5282837301587301,0.0,0.0,0.0,0.0,0.0,0.0,0.0,0.0,0.6595047313797314,0.0,0.4987446581196581,0.0,0.0,0.0,1.1056089743589743,0.0,0.0,0.0,0.0,0.0,0.0,0.0,0.0,0.0,0.0,0.0,0.0,0.3855406746031746,0.3171626984126984,0.0,0.0,0.0,0.0,0.0,0.0,0.0,0.3721230158730159,0.0,0.0,0.0,0.26666666666666666,0.0,0.2080769230769231,0.0,0.2881105006105006,0.4123263888888889,0.0,0.0,0.0,0.0,0.0,0.0,0.0,0.0,0.20238095238095238,0.0,0.0,0.0,0.0,0.7135416666666666,1.1620154151404152,0.0,0.0,0.0,0.0,0.0,0.0,0.0,0.0,0.0,0.0,0.0,0.0,0.0,0.0,0.0,0.0,0.0,0.0,0.0,0.0,0.0,0.7280929487179487
39.345658955097726,41.777508839033445,20.17806791850159,13.311558551992226,8.586386827458256,10.603802235179785,22.171019598315517,10.533436588921283,6.140731292517007,37.888626879323155,2.5860610477957415,16.84282879818594,3.925814265099979,10.667054353916598,4.595646700238537,3.2191043083900226,9.764958256029685,1.605361192095886,1.5593719630709426,11.138048671849692,13.343719630709426,29.150722789115644,10.359002651732244,9.394274376417233,18.12922593279736,3.549174323409017,9.926658163265307,8.780563469976736,9.264345348529021,10.136054421768707,1.6439909297052153,4.865727243278263,6.955114188532556,4.130102040816326,7.282553118650058,10.86798469387755,0.22151360544217685,24.409013605442176,5.38755264010366,5.110149416909621,5.4216472303206995,10.696853741496598,4.232142857142857,1.4271726006419883,0.0,3.579081632653061,10.264668367346939,0.0,2.80466472303207,2.2822319403952056,1.5127551020408163,0.8018707482993197,17.43678185559938,6.793610301263362,6.973981800512413,1.8271683673469385,5.408163265306122,0.0,5.025471552257266,5.638666180758017,81.08328331332532,3.7971331389698735,5.0,1.447704081632653,1.40625,3.1760204081632653,11.72531436817151,0.6666666666666666,2.633928571428571,3.6726190476190474,2.5232426303854876,4.931547619047619,5.171799076773566,0.0,3.1016156462585034,1.3903061224489797,0.0,0.0,0.5178571428571428,0.0,2.627551020408163,7.555272108843537,4.618055555555555,0.0,4.786989795918367,0.0,1.0544217687074828,6.113520408163265,1.2766439909297052,2.0535714285714284,0.8551992225461612,1.3010204081632653,1.0267857142857142,0.4919825072886297,0.0,0.0,3.139880952380952,2.8154761904761902,3.8010204081632653,1.4965986394557822,0.0,2.6641414141414144,4.861111111111112,1.9486317254174397,0.41666666666666663,0.0,3.756377551020408,0.0,0.0,0.7879008746355685,0.0,0.0,0.0,0.0,0.4676870748299319,4.961734693877551,0.38860544217687076,0.0,1.25,0.46768707482993194,1.3409090909090908,0.0,1.4881467738610594,3.333333333333333,0.0,0.0,1.3874716553287982,0.0,1.4656219630709426,0.0,0.0,0.37301587301587297,1.25,6.809523809523809,0.0,1.875,0.0,0.20833333333333331,0.0,0.0,1.5625,0.0,1.7083333333333333,0.0,0.0,0.5,0.0,1.0364431486880465,0.0,1.1458333333333333,0.3645833333333333,9.398809523809524,1.3541666666666665,1.3265306122448979,0.0,1.25,0.8333333333333333,0.0,0.0,0.6069808875931324,0.7291666666666666,0.0,2.4305555555555554,0.0,1.0510204081632653,0.3476777615808228,0.8719851576994435,0.0,0.0,0.0,0.0,0.0,0.0,5.28647351797862,0.0,1.2691326530612244,6.579931972789115,0.543731778425656,0.0,0.0,0.5792942176870748,0.0,0.0,0.0,0.0,0.0,8.781397174254318,0.0,0.0,2.1805555555555554,1.3611111111111112,0.3125,0.0,0.0,0.0,0.8333333333333333,0.0,0.0,0.0,0.0
5.196389411027569,1.5625,2.1041666666666665,1.7142857142857142,5.438988095238095,2.589285714285714,3.151785714285714,5.260416666666666,6.119791666666666,5.260416666666667,0.4887218045112781,0.4375,3.625,2.9166666666666665,0.9598214285714285,4.1101190476190474,0.625,4.464285714285714,1.09375,0.0,0.3125,3.6249999999999996,3.1875,0.0,1.25,0.9375,0.4375,3.958333333333333,1.0535714285714284,0.0,0.0,0.0,3.375248015873016,1.7447916666666665,2.583333333333333,0.33482142857142855,0.0,0.0,2.0416666666666665,0.0,0.0,0.20833333333333331,0.0,0.8333333333333333,0.0,3.3072916666666665,0.20833333333333331,0.0,0.0,1.4583333333333333,1.7708333333333333,1.25,0.46875,0.9747023809523809,0.8035714285714286,0.25,0.0,0.0,0.0,0.0,0.0,0.0,0.0,0.41666666666666663,0.4464285714285714,1.75,0.0,0.625,0.0,1.681547619047619,0.0,0.0,1.8333333333333333,0.0,0.20833333333333331,0.4241071428571428,0.0,0.0,2.321428571428571,0.625,0.0,0.0,0.0,0.3571428571428571,0.546875,0.625,0.625,0.0,0.0,0.0,0.625,0.0,0.0,0.9374999999999999,0.0,0.0,0.0,0.3125,0.0,0.0,0.625,0.0,0.0,0.0,0.0,0.0,0.0,0.0,0.0,0.0,0.0,0.0,0.0,0.0,0.0,0.375,0.0,0.0,0.0,0.0,0.0,0.0,0.5208333333333333,0.0,0.0,0.0,0.0,0.0,0.0,0.0,0.8184523809523809,0.0,0.0,0.0,0.0,0.0,0.0,0.0,0.2951388888888889,0.0,0.0,0.0,0.0,0.20833333333333331,0.20833333333333331,0.375,0.0,0.0,0.0,0.0,0.0,0.0,0.0,0.8169642857142856,0.0,0.0,0.0,0.0,0.0,0.0,0.0,0.0,0.0,0.0,0.0,0.0,0.0,0.3571428571428571,0.0,0.0,0.0,1.3236607142857142,0.0,0.0,0.0,0.0,0.0,0.0,0.0,0.0,0.0,0.0,0.21428571428571427,0.0,0.0,0.0,0.0,0.0,0.0,0.0,0.5416666666666666,0.0,0.0,0.0,0.0,0.0,0.0,0.0,0.0,0.0
24.420955882352942,9.822712418300654,17.251838235294116,2.1756535947712417,1.6104983660130718,1.7034313725490196,5.434436274509804,5.077001633986928,1.7859477124183007,1.1123366013071896,0.2303921568627451,2.6667892156862743,1.8270016339869282,1.0074210239651415,0.4444444444444444,0.23039215686274508,3.1609477124183005,1.9923066448801743,1.5204248366013071,1.0196078431372548,1.7391067538126361,0.5702614379084967,1.6045751633986927,0.8443627450980392,1.7375816993464053,0.29313725490196074,0.8872549019607843,0.6339869281045751,0.625,3.3727124183006536,0.22058823529411764,0.8774509803921569,0.625,0.8333333333333333,0.5055555555555555,2.312908496732026,0.0,0.3715277777777778,0.0,0.0,0.0,0.27124183006535946,0.25,0.0,0.8935866013071896,0.0,0.5580065359477124,0.0,0.0,0.0,0.0,0.0,0.0,0.0,0.0,0.0,0.0,1.1360294117647058,0.0,0.0,0.0,0.0,0.0,0.0,0.0,0.0,0.0,0.0,1.6666666666666665,0.0,0.0,0.5441176470588235,0.0,0.5208333333333333,0.0,0.0,0.7892156862745098,0.24019607843137253,0.0,0.0,0.5,0.0,0.0,0.0,0.0,0.0,0.0,0.0,0.0,0.0,0.0,0.0,1.25,0.0,0.0,0.0,0.0,0.20833333333333331,0.0,0.0,0.0,0.0,0.0,0.0,0.0,0.24019607843137253,0.0,0.0,0.6666666666666666,0.0,0.0,0.0,0.0,0.0,0.0,0.0,0.0,0.0,0.0,0.0,0.0,0.0,0.0,0.0,0.0,0.0,0.0,0.0,0.0,0.5,0.0,0.0,0.0,0.0,0.0,0.0,0.0,0.0,0.0,0.0,0.0,0.0,0.0,0.0,0.0,0.0,0.0,0.0,0.0,0.0,0.0,0.0,0.0,0.0,0.0,0.0,0.0,0.0,0.41666666666666663,0.0,0.0,0.0,0.0,0.0,0.0,0.0,0.0,0.0,0.0,0.0,0.0,0.0,0.0,0.0,0.0,0.0,0.0,0.0,0.0,0.0,0.0,0.0,0.0,0.625,0.0,0.0,0.0,0.0,0.0,0.0,0.0,0.0,0.0,0.0,0.0,0.0,0.0,0.0,0.0,0.0
4.059345548942505,0.8517156862745098,1.2760416666666667,1.4152369281045751,1.1050857843137254,2.3106617647058822,2.293176645658263,2.2261029411764706,0.37683823529411764,1.5505514705882353,0.6158088235294118,2.691110819327731,0.20526960784313725,1.0859375,0.578125,0.0,1.5,0.6875,1.140625,0.25,0.4525462962962963,0.203125,0.0,0.0,0.75,0.625,0.0,2.03702731092437,0.0,0.0,0.20970394736842105,0.36764705882352944,0.0,0.34375,0.0,0.0,0.0,0.0,0.0,0.0,0.0,0.8676470588235294,0.0,0.0,0.8547794117647058,0.2450980392156863,0.0,0.5253482972136223,0.0,0.0,0.0,0.0,0.0,0.0,0.0,0.0,0.25,0.0,0.0,0.0,0.0,0.0,0.0,0.0,0.29411764705882354,0.0,0.0,0.0,0.0,0.0,0.0,0.20833333333333331,0.0,0.20526960784313725,0.0,0.0,0.21446078431372548,0.0,0.0,0.0,0.0,0.0,0.0,0.0,0.0,0.546875,0.0,0.0,0.0,0.0,0.0,0.0,0.0,0.0,0.0,0.0,0.0,0.0,0.0,0.0,0.0,0.0,0.0,0.0,0.0,0.0,0.0,0.0,0.0,0.0,0.0,0.0,0.0,0.0,0.0,0.0,0.0,0.0,0.0,0.3033088235294118,0.0,0.0,0.0,0.0,0.0,0.0,0.0,0.0,0.0,1.4846813725490196,0.0,0.0,0.0,0.0,0.0,0.0,0.0,0.25240384615384615,0.0,0.0,0.0,0.0,0.0,0.0,0.0,0.0,0.0,0.0,0.0,0.0,0.0,0.0,0.0,0.0,0.0,0.0,0.0,0.0,0.0,0.0,0.0,0.0,0.0,0.0,0.0,0.0,0.0,0.0,0.0,0.0,0.0,0.0,0.0,0.0,0.0,0.0,0.0,0.0,0.0,0.0,0.0,0.0,0.0,0.0,0.0,0.0,0.0,0.0,0.0,0.0,0.0,0.0,0.0,0.0,0.0,0.0,0.0,0.0,0.22135416666666666,0.0
11.951431534152123,3.0965847877612585,9.21417797888386,2.0422592113768583,2.6691445809092866,1.7423507864684336,4.650667959491489,1.2325603318250378,2.9675716440422324,1.4515460030165912,0.0,0.6685251023486318,0.45814479638009054,1.4861425339366514,0.31387362637362637,2.2555753070458953,0.5,0.0,0.9308338720103426,0.6862745098039216,1.8329697263520792,0.5147058823529411,0.2665104503339797,0.7273755656108598,0.7598039215686274,0.5225166989872873,0.5914673561732385,0.535848954966602,0.0,1.1852689793866265,0.91289592760181,0.3619909502262444,0.7051282051282051,1.185897435897436,0.0,0.8663273001508296,0.0,0.0,0.0,0.0,0.38461538461538464,0.7878016591251885,0.0,0.0,0.45940170940170943,0.0,1.3678355957767723,0.8901098901098901,0.2692307692307692,0.0,0.0,0.0,0.3393665158371041,0.0,0.0,0.2403846153846154,0.0,0.38838612368024134,0.0,0.0,0.0,0.0,0.3044871794871795,0.0,0.0,0.0,0.0,0.0,0.3571428571428571,0.0,0.0,0.29411764705882354,0.0,0.0,0.0,0.0,0.8052413273001509,0.2658371040723982,0.0,0.0,0.0,0.0,0.0,1.0256410256410255,0.0,0.0,0.0,0.0,0.0,0.0,0.0,0.0,0.4285714285714285,0.0,0.0,0.0,0.0,0.0,0.0,0.0,0.0,0.0,0.0,0.0,0.0,0.0,0.0,0.0,3.1666666666666665,0.0,0.0,0.0,0.3571428571428571,0.0,0.0,0.0,0.0,0.22435897435897434,0.0,0.0,0.0,0.8814102564102564,0.0,0.0,0.0,0.0,0.0,0.0,0.0,0.2724358974358974,0.0,0.0,0.24132730015082954,0.0,0.0,0.0,0.0,0.3846153846153846,0.0,0.0,0.0,0.0,0.0,0.0,0.0,0.0,0.0,0.0,0.0,0.0,0.0,0.0,0.0,0.0,0.0,0.0,0.0,0.0,0.0,0.0,0.0,0.0,0.0,0.0,0.0,0.0,0.0,0.0,0.0,0.0,0.0,0.0,0.0,0.0,0.0,0.0,0.0,0.0,0.0,0.0,0.0,0.0,0.0,2.5,0.0,0.0,0.0,0.0,0.0,0.0,0.0,0.0,0.0,0.0,0.0,0.0,0.0,0.0,0.0,0.0
13.174953518703518,5.324175824175824,5.576923076923077,8.32493894993895,6.909340659340659,2.3305860805860803,3.0738705738705736,6.931089743589744,7.9594017094017095,9.783653846153845,0.2777777777777778,0.5302197802197802,0.38461538461538464,3.234508547008547,0.31387362637362637,2.4835164835164836,2.5,0.8593749999999999,0.5631868131868132,0.0,2.911401098901099,0.0,0.21749084249084247,1.0705128205128205,0.41666666666666663,2.458791208791209,0.3708791208791209,0.4990842490842491,0.0,1.606837606837607,1.3173076923076925,0.2884615384615385,5.149572649572649,2.8525641025641026,1.736111111111111,0.0,0.0,0.2680652680652681,0.0,0.0,0.38461538461538464,2.1033653846153846,0.0,0.0,1.2927350427350426,0.8333333333333333,1.0737179487179487,4.2234432234432235,0.2692307692307692,0.0,0.0,0.0,0.0,0.0,0.0,0.2403846153846154,0.0,1.546474358974359,0.0,0.0,0.0,0.0,0.3044871794871795,0.0,0.0,0.0,0.0,0.0,0.3571428571428571,0.0,0.0,0.0,0.0,0.0,0.0,0.0,0.266025641025641,0.0,0.0,0.0,0.0,0.0,0.0,3.247863247863248,0.0,0.0,0.0,0.0,0.0,0.0,0.0,0.0,0.4285714285714285,0.0,0.0,0.0,0.0,0.0,0.0,0.0,0.0,0.0,0.0,0.0,0.0,0.0,0.0,0.0,0.0,0.0,0.0,0.0,0.3571428571428571,0.0,0.0,0.0,0.0,0.22435897435897434,0.0,0.0,0.0,0.0,0.8333333333333333,0.0,0.0,0.0,0.0,0.0,1.5224358974358974,0.0,0.0,0.0,0.0,0.0,0.0,0.0,0.0,0.3846153846153846,0.2777777777777778,0.0,0.0,0.0,0.0,0.0,0.0,0.0,0.0,0.0,0.0,0.0,0.0,0.0,0.0,0.0,0.0,0.0,0.0,0.0,0.0,0.0,0.0,0.0,0.0,0.0,0.0,0.0,0.0,0.0,0.0,0.0,0.0,0.0,0.0,0.0,0.0,0.0,0.0,0.0,0.0,0.0,0.0,0.0,0.0,0.0,1.25,0.0,0.0,0.0,0.0,0.0,0.0,0.0,0.0,0.625,0.0,0.0,0.0,0.0,0.0,0.0
19.346039377289376,18.270604395604394,3.34775641025641,4.5054945054945055,5.242673992673993,5.45558608058608,13.143315018315018,17.243589743589745,10.945512820512821,14.200320512820513,2.5,2.7340888278388276,0.38461538461538464,3.7900641025641026,0.31387362637362637,0.8585164835164836,6.375,0.0,1.8131868131868132,0.3125,4.1614010989010985,0.3125,0.21749084249084247,3.1538461538461537,3.75,1.2087912087912087,1.2042124542124542,3.624084249084249,8.75,0.7735042735042735,1.0048076923076923,0.9134615384615384,0.7051282051282051,1.3942307692307692,0.0,0.0,0.0,2.6923076923076925,0.0,1.0,0.38461538461538464,1.311698717948718,0.0,1.3827838827838828,1.7927350427350426,0.0,1.0737179487179487,1.7234432234432233,0.2692307692307692,0.0,0.0,0.0,1.0256410256410258,0.0,1.4583333333333335,0.2403846153846154,0.0,0.0,0.0,2.5297619047619047,3.75,0.0,0.3044871794871795,0.0,0.0,0.0,0.0,0.0,0.3571428571428571,0.0,0.8333333333333333,0.0,5.833333333333333,0.0,2.5,0.0,0.266025641025641,0.0,0.0,3.0048076923076925,0.0,0.0,0.0,0.0,0.0,0.0,2.8125,0.0,0.0,0.0,0.0,0.0,0.4285714285714285,0.0,0.0,0.0,0.0,0.0,0.0,0.0,0.0,0.0,2.083333333333333,0.0,0.3125,0.0,0.0,0.0,2.875,0.0,0.0,0.0,0.3571428571428571,0.0,0.0,0.0,0.0,0.22435897435897434,0.0,0.0,0.8333333333333333,1.2980769230769231,0.0,0.0,0.0,0.0,0.0,0.0,0.0,0.0,0.0,0.0,0.0,0.0,0.0,0.0,0.0,0.3846153846153846,0.0,0.0,0.0,0.0,0.0,0.0,0.0,0.0,0.0,0.0,0.3125,0.0,0.0,0.0,0.0,0.0,0.0,0.0,0.0,0.0,0.3125,0.0,0.0,0.0,0.0,0.0,0.0,0.0,0.0,0.0,0.0,2.5,0.0,0.0,0.0,0.0,0.0,0.0,0.0,0.0,0.0,0.0,0.0,0.0,0.0,0.0,2.5,0.0,0.0,0.0,0.0,0.0,0.0,0.0,0.0,0.0,0.0,0.0,0.0,0.0,0.0,0.0
8.096039377289378,3.478937728937729,4.743589743589744,2.6304945054945055,1.4926739926739927,1.7055860805860805,3.247481684981685,3.3894230769230766,0.9455128205128205,2.4503205128205128,0.625,5.046588827838828,3.717948717948718,2.5400641025641026,1.1472069597069596,1.3585164835164836,3.125,0.6510416666666666,0.5631868131868132,0.0,1.661401098901099,0.0,1.7948717948717947,1.2639652014652014,2.8125,0.37545787545787546,0.3708791208791209,0.7074175824175823,1.25,0.5235042735042735,0.6923076923076923,0.2884615384615385,1.330128205128205,1.185897435897436,0.625,1.442307692307692,0.0,0.0,0.0,0.0,0.38461538461538464,0.686698717948718,0.0,0.0,3.1156517094017095,1.25,1.0737179487179487,0.8901098901098901,0.2692307692307692,0.0,0.0,0.0,0.0,0.0,0.0,0.2403846153846154,0.0,3.5673076923076925,0.0,0.0,0.0,0.0,0.3044871794871795,0.0,0.0,0.0,0.0,0.0,0.3571428571428571,0.0,0.0,0.0,0.0,0.5208333333333333,0.0,0.0,0.266025641025641,0.0,0.0,0.0,0.0,0.0,0.0,0.0,0.0,0.0,0.0,0.0,0.0,0.0,0.0,0.0,1.6785714285714286,0.0,0.0,0.0,0.0,0.20833333333333331,0.0,0.0,0.0,0.0,0.0,0.0,0.0,0.0,0.0,0.0,0.0,0.0,0.0,0.0,0.3571428571428571,0.0,0.0,0.0,0.0,0.22435897435897434,0.0,0.0,0.0,0.0,0.0,0.0,0.0,0.0,0.0,0.0,0.0,0.0,0.0,0.0,0.0,0.0,0.0,0.0,0.0,0.3846153846153846,0.0,0.0,0.0,0.0,0.0,0.0,0.0,0.0,0.0,0.0,0.0,0.0,0.0,0.0,0.0,0.0,0.0,0.3125,0.0,0.0,0.0,0.0,0.0,0.0,0.0,0.0,0.0,0.0,0.0,0.0,0.0,0.0,0.0,0.0,0.0,0.0,0.0,0.0,0.0,0.0,0.0,0.0,0.0,0.0,0.0,0.625,0.0,0.0,0.0,0.0,0.0,0.0,0.0,0.0,0.0,0.0,0.0,0.0,0.0,0.0,0.0,0.0
57.973232359745516,36.35291648710766,33.13247863247863,21.79716117216117,34.20100732600733,73.09447496947497,31.78914835164835,24.012529137529135,11.14551282051282,5.610042735042735,3.75,11.323287007110537,12.467948717948717,4.206730769230769,17.813873626373628,3.3585164835164836,20.191666666666666,2.3871527777777777,7.750686813186814,8.125,17.21259935598171,7.5,2.384157509157509,3.6746794871794872,9.970238095238095,11.529869640163758,6.6208791208791204,6.957417582417582,8.166666666666666,5.148504273504273,2.49055330634278,2.5106837606837606,3.8301282051282053,6.185897435897436,2.6666666666666665,2.692307692307692,0.0,8.942307692307692,0.8173076923076923,2.8125,0.38461538461538464,18.625686813186814,1.875,6.382783882783882,14.698985042735043,1.1111111111111112,7.088003663003663,6.497566030460767,10.26923076923077,2.5,6.666666666666666,0.0,6.4423076923076925,0.0,0.0,0.2403846153846154,0.0,4.2548076923076925,1.25,7.113095238095238,0.0,7.5,2.4294871794871793,1.25,2.5,0.0,1.25,0.0,9.023809523809524,0.625,0.0,0.0,3.333333333333333,0.5208333333333333,0.0,1.6666666666666665,5.2660256410256405,2.2756410256410255,0.0,4.3589743589743595,2.5,3.875,0.0,8.942307692307692,2.5,2.5833333333333335,7.5,2.5,2.5,2.6923076923076925,5.416666666666666,2.5,7.928571428571429,0.0,2.5,0.0,2.576923076923077,5.833333333333333,0.0,0.0,0.0,0.0,0.0,0.0,0.0,0.0,0.0,3.333333333333333,2.732456140350877,3.75,1.25,0.0,5.357142857142858,1.25,0.0,0.0,2.5,0.22435897435897434,5.0,2.628205128205128,2.5,2.1314102564102564,0.0,0.0,0.0,0.0,0.0,0.0,0.4212454212454212,0.0,0.0,0.0,0.0,2.631054131054131,0.0,0.0,0.0,0.3846153846153846,0.0,0.41666666666666663,0.0,0.0,0.0,0.0,6.875,0.0,0.0,0.0,1.1458333333333333,0.0,5.0,0.8333333333333333,0.0,0.0,0.31875,0.0,0.0,0.625,0.7291666666666666,0.0,0.8333333333333333,0.0,0.0,0.0,0.0,0.0,0.0,0.0,1.25,0.0,2.7884615384615383,0.8771929824561403,0.0,1.25,0.0,0.0,0.0,0.0,0.0,0.0,0.0,0.0,0.0,0.625,2.5,0.0,0.0,0.0,0.0,0.0,0.0,0.0,0.0,2.5,0.0,2.5,0.0,5.0,0.0,0.0
3.7210393772893773,2.228937728937729,1.4102564102564101,1.3804945054945055,1.4926739926739927,1.0805860805860805,0.8516483516483516,1.5144230769230769,0.9455128205128205,1.2003205128205128,0.0,0.41117216117216115,0.38461538461538464,1.2900641025641024,0.31387362637362637,0.8585164835164836,0.0,0.0,0.5631868131868132,0.0,1.661401098901099,0.0,0.21749084249084247,0.6538461538461539,0.0,0.37545787545787546,0.3708791208791209,0.4990842490842491,0.0,0.5235042735042735,0.6923076923076923,0.2884615384615385,0.7051282051282051,1.185897435897436,0.0,0.0,0.0,0.0,0.0,0.0,0.38461538461538464,0.686698717948718,0.0,0.0,0.45940170940170943,0.0,1.0737179487179487,0.8901098901098901,0.2692307692307692,0.0,0.0,0.0,0.0,0.0,0.0,0.2403846153846154,0.0,0.0,0.0,0.0,0.0,0.0,0.3044871794871795,0.0,0.0,0.0,0.0,0.0,0.3571428571428571,0.0,0.0,0.0,0.0,0.0,0.0,0.0,0.266025641025641,0.0,0.0,0.0,0.0,0.0,0.0,0.0,0.0,0.0,0.0,0.0,0.0,0.0,0.0,0.0,0.4285714285714285,0.0,0.0,0.0,0.0,0.0,0.0,0.0,0.0,0.0,0.0,0.0,0.0,0.0,0.0,0.0,0.0,0.0,0.0,0.0,0.3571428571428571,0.0,0.0,0.0,0.0,0.22435897435897434,0.0,0.0,0.0,0.0,0.0,0.0,0.0,0.0,0.0,0.0,0.0,0.0,0.0,0.0,0.0,0.0,0.0,0.0,0.0,0.3846153846153846,0.0,0.0,0.0,0.0,0.0,0.0,0.0,0.0,0.0,0.0,0.0,0.0,0.0,0.0,0.0,0.0,0.0,0.0,0.0,0.0,0.0,0.0,0.0,0.0,0.0,0.0,0.0,0.0,0.0,0.0,0.0,0.0,0.0,0.0,0.0,0.0,0.0,0.0,0.0,0.0,0.0,0.0,0.0,0.0,0.0,0.0,0.0,0.0,0.0,0.0,0.0,0.0,0.0,0.0,0.0,0.0,0.0,0.0,0.0,0.0,0.0,0.0
15.332067341862118,6.85226138171234,8.78125,5.883503401360544,26.842095701917128,10.339396766169154,32.53975340136054,9.580680779774596,10.811730295566502,36.4520202020202,2.8142006802721085,4.18238428682192,2.988206289978678,4.741071428571428,2.969860518834399,2.776785714285714,6.059523809523809,2.316404584221748,6.549107142857142,13.540502208346025,2.88562925170068,4.281632653061224,0.3349324804548685,1.6198979591836733,1.9791666666666665,6.327168367346938,3.7011054421768703,1.3764880952380951,1.7085459183673468,1.0405582922824301,1.9411848072562357,2.0625,1.1666666666666665,0.625,0.7976190476190476,2.287402274342573,0.7053571428571428,0.30357142857142855,0.4124149659863945,0.0,0.3125,1.0178571428571428,4.624362244897959,0.0,0.39038342609771176,0.0,0.31373152709359603,0.5919784580498866,0.3720238095238095,0.0,0.2040816326530612,0.41666666666666663,0.0,0.0,0.0,0.0,0.0,0.8290816326530612,1.6964285714285714,0.5357142857142857,0.0,0.628299827393644,0.40178571428571425,0.33482142857142855,0.0,0.8333333333333333,0.399234693877551,0.2619047619047619,0.0,0.0,0.0,0.35714285714285715,0.0,2.9325396825396823,0.0,0.0,1.5119047619047619,0.0,0.2901785714285714,0.0,0.0,0.9630102040816326,0.0,0.0,0.25,0.0,0.0,0.0,0.0,0.20833333333333331,0.21588486140724944,0.0,0.0,0.0,0.0,0.0,0.0,0.0,0.4464285714285714,0.0,0.0,0.0,0.0,0.30830021968081667,0.0,0.23809523809523808,0.0,0.0,0.3125,0.0,0.3422619047619047,0.8035714285714286,0.29761904761904756,0.0,0.0,0.0,0.0,0.30761698618841476,0.28869047619047616,0.0,1.2351190476190474,0.0,0.3125,0.21577380952380953,0.8541666666666666,0.0,0.0,0.0,0.0,0.625,0.0,0.0,0.7440476190476191,0.21258503401360543,0.0,0.3571428571428571,0.0,4.241071428571429,0.0,0.0,0.0,0.6845238095238095,0.0,0.0,0.0,1.2113095238095237,0.44217687074829926,0.0,0.0,0.0,0.32312925170068024,0.0,0.33482142857142855,0.0,0.758078231292517,0.0,0.0,0.0,0.0,0.0,1.1979166666666665,0.0,0.0,0.0,0.0,0.0,0.0,0.0,0.0,0.0,0.0,0.0,0.0,0.0,0.0,0.0,0.0,0.0,0.0,0.0,0.0,0.0,0.0,1.0491071428571428,0.0,0.0,0.0,0.0,0.0,0.0,0.0,0.0,0.0,0.7142857142857143,0.625,0.0,0.0,0.0,0.0,0.0
65.2715644959426,81.72047470239414,31.065710678210678,9.807133838383837,25.299753487253486,22.248172018694405,30.402143812070282,13.794949315471703,11.402164502164501,14.416771885521886,6.366792929292929,13.067547139841915,2.2772349696323575,9.148238335738336,6.48693302965691,10.030654761904762,2.395292207792208,39.733701060893225,30.999639249639248,1.460293230815619,4.357142857142857,6.526515151515151,17.60460398542049,5.158117885201219,3.804365079365079,13.936258063831593,6.3829605579605575,4.209911616161616,3.8749999999999996,10.602083333333333,11.08621632996633,3.6887896825396824,6.721717171717171,3.4826940035273366,1.2159090909090908,3.896078320518619,4.252209595959596,1.772516835016835,1.1180555555555556,4.6201599326599325,1.9791666666666665,8.409406565656566,3.379148629148629,4.980384199134199,3.40755772005772,0.8333333333333333,6.326388888888888,2.941314935064935,1.284722222222222,0.4722222222222222,0.44791666666666663,0.0,4.294237012987013,0.0,0.3125,0.25,1.397718253968254,16.767090548340548,2.292929292929293,4.201388888888888,0.23842592592592593,1.242174543946932,0.22569444444444442,0.0,0.20833333333333331,1.9362373737373737,4.240079365079365,0.0,0.8402777777777778,0.0,0.2604166666666667,0.0,0.0,0.6944444444444444,1.1805555555555554,0.20833333333333331,1.2267766955266954,1.2411976911976912,0.0,3.8541666666666665,1.1321548821548821,0.2465277777777778,0.798611111111111,2.3958333333333335,0.20833333333333331,0.0,0.0,3.4831259018759018,0.28125,1.4620535714285714,1.4956467661691542,0.23809523809523808,2.7368506493506493,0.0,0.0,0.0,0.0,0.0,0.3125,0.6944444444444444,0.20833333333333331,0.41666666666666663,0.20833333333333331,0.7607172470978442,3.771590909090909,1.7932449494949494,0.4166666666666667,0.5952380952380952,0.0,0.0,2.15981240981241,0.0,2.725694444444444,0.46874999999999994,0.5034722222222222,0.0,0.24999999999999997,3.7197420634920633,0.845734126984127,1.4583333333333333,1.5625,1.0569444444444445,0.0,0.20833333333333331,0.7291666666666666,0.8759920634920635,0.0,0.28125,0.47738095238095235,4.654234042101689,4.832160894660895,0.0,0.0,1.2689393939393938,0.2361111111111111,0.0,0.0,3.5282738095238093,3.7777777777777777,0.7291666666666666,0.7111742424242424,0.8333333333333333,0.494047619047619,0.8333333333333334,0.0,0.0,0.3263888888888889,1.1820436507936507,0.0,0.0,0.0,0.0,0.36458333333333326,0.0,0.0,0.2777777777777778,0.0,0.0,1.0902777777777777,0.0,0.0,0.0,0.20833333333333334,0.20833333333333331,0.0,0.0,0.0,0.0,0.5773809523809523,0.0,0.35416666666666663,0.0,0.0,0.0,0.0,0.0,0.0,0.0,0.6458333333333333,0.0,0.0,0.0,0.0,0.0,0.0,0.0,0.0,0.0,0.0,0.0,0.0,0.0,0.0,0.0,0.0,0.4097222222222222,0.0,0.75,0.0,0.0
6.718468468468468,0.399311075781664,2.746138996138996,0.30180180180180183,1.25,0.625,0.5139961389961389,7.1104407979407975,0.20270270270270271,0.0,0.21235521235521232,1.2837837837837838,0.0,0.0,2.1875,0.0,2.5,0.38129305776364597,0.0,0.0,0.0,0.0,5.0,0.0,2.5,0.0,0.0,0.0,0.0,0.0,0.0,0.625,0.0,0.0,0.0,0.0,0.0,0.0,0.0,2.5,0.0,0.0,0.0,0.0,0.0,0.0,0.0,0.0,0.0,0.0,0.0,0.0,0.0,0.0,0.8333333333333333,0.0,0.0,0.0,0.0,0.0,0.0,0.0,0.0,0.0,0.0,0.0,0.0,0.0,0.0,0.0,0.0,0.0,0.0,0.0,0.0,0.0,0.0,0.0,0.0,0.0,0.0,0.0,0.0,0.0,0.0,0.0,0.0,0.0,0.0,0.0,0.0,0.0,1.25,0.0,0.0,0.0,0.0,0.0,0.0,0.0,0.0,0.0,0.0,0.0,0.0,0.0,0.0,0.0,0.0,0.0,0.0,0.0,0.0,0.0,0.0,0.0,0.0,0.0,0.0,0.0,0.0,0.0,0.0,0.0,0.0,0.0,0.0,0.0,0.0,0.0,0.0,0.0,0.0,0.0,0.0,0.0,0.0,0.0,0.0,0.0,0.0,0.0,0.0,0.0,0.0,0.0,0.0,0.0,0.0,0.0,0.0,0.0,0.0,0.0,0.0,0.0,0.0,0.0,0.0,0.0,0.0,0.0,0.0,0.0,0.0,0.0,0.0,0.0,0.0,0.0,0.0,0.0,0.0,0.0,0.0,0.0,0.0,0.0,0.0,0.0,0.0,0.0,0.0,0.0,0.0,0.0,0.0,0.0,0.0,0.0,0.0,0.0,0.0,0.0,0.0,0.0,0.0,0.0,0.0,0.0
15.615400326797385,3.0727124183006533,5.2379493464052285,1.3006535947712419,1.6104983660130718,1.5784313725490198,2.7886029411764706,3.452001633986928,1.1609477124183005,0.8623366013071896,0.2303921568627451,1.6980392156862745,0.6811683006535948,1.5074210239651415,0.9444444444444444,0.23039215686274508,1.869281045751634,1.9923066448801743,0.8954248366013072,1.2696078431372548,1.9428104575163399,0.5702614379084967,0.6879084967320261,0.32352941176470584,2.4875816993464053,0.29313725490196074,0.3872549019607843,0.9256535947712419,0.0,3.3727124183006536,0.22058823529411764,0.46078431372549017,0.0,0.8333333333333333,0.5055555555555555,0.43790849673202614,0.0,0.3715277777777778,0.0,0.0,0.0,0.27124183006535946,0.25,0.4404761904761904,0.9248366013071896,0.0,0.5580065359477124,0.0,0.0,0.0,0.0,0.0,0.0,0.0,0.0,0.0,0.2916666666666667,0.8235294117647058,0.0,0.0,0.0,0.0,0.0,0.0,0.0,0.0,0.0,0.0,0.0,0.0,0.0,0.5441176470588235,0.0,0.0,0.0,0.0,0.7892156862745098,0.24019607843137253,0.0,0.0,0.0,0.0,0.0,0.0,0.0,0.0,0.0,0.0,0.0,0.0,0.0,0.0,0.0,0.0,0.0,0.0,0.0,0.0,0.0,0.0,0.0,0.0,0.0,0.0,0.0,0.24019607843137253,0.0,0.0,0.0,0.0,0.0,0.0,0.0,0.0,0.0,0.0,0.0,0.0,0.0,0.0,0.0,0.0,0.0,0.0,0.0,0.0,0.0,0.0,0.0,0.0,0.0,0.0,0.0,0.0,0.0,0.0,0.0,0.0,0.0,0.0,0.0,0.0,0.0,0.0,0.0,0.0,0.0,0.0,0.0,0.0,0.0,0.0,0.0,0.0,0.0,0.0,0.0,0.0,0.0,0.0,0.0,0.0,0.0,0.0,0.0,0.0,0.0,0.0,0.0,0.0,0.0,0.0,0.0,0.0,0.0,0.0,0.0,0.0,0.0,0.0,0.0,0.0,0.0,0.0,0.0,0.0,0.0,0.0,0.0,0.0,0.0,0.0,0.0,0.0,0.0,0.0,0.0,0.0,0.0,0.0
7.383750310847267,1.8338585434173669,1.4546130952380951,3.6354750233426705,1.1050857843137254,3.6906220821661995,2.6210536297852474,6.321341036414566,1.522671568627451,2.106107026143791,0.6158088235294118,2.6077774859943976,0.20526960784313725,0.5859375,0.0,1.25,0.0,0.9652777777777778,1.1629464285714286,0.3125,0.20254629629629628,0.203125,0.0,0.0,1.25,0.625,0.0,0.2870273109243697,0.0,0.0,0.20970394736842105,0.36764705882352944,0.20833333333333331,0.34375,0.3125,0.0,0.625,0.0,0.0,0.0,0.0,2.534313725490196,0.0,0.0,0.35477941176470584,0.5228758169934641,0.0,0.5253482972136223,0.0,0.0,0.0,0.0,0.0,0.0,0.0,0.0,0.0,4.6875,0.0,0.0,0.0,0.0,0.0,0.0,0.29411764705882354,0.0,0.0,0.0,0.0,0.0,0.0,0.20833333333333331,0.0,0.20526960784313725,0.0,0.0,0.21446078431372548,0.0,0.0,0.0,0.0,0.0,0.0,0.0,0.0,0.546875,0.0,0.0,0.0,0.0,0.0,0.0,0.4285714285714285,0.0,0.0,0.0,0.0,0.0,0.0,0.0,0.0,0.0,0.0,0.0,0.8157169117647058,0.0,0.0,0.0,0.0,0.0,0.0,0.0,0.5042016806722689,0.0,0.0,0.0,0.0,0.0,0.0,0.3033088235294118,0.0,0.0,0.0,0.0,0.0,0.0,0.0,0.0,0.0,1.4846813725490196,0.0,0.0,0.0,0.0,0.0,0.0,0.0,0.25240384615384615,0.0,0.0,0.0,0.0,0.0,0.0,0.0,0.0,0.0,0.0,0.0,0.0,0.0,0.0,0.0,0.0,0.0,0.0,0.0,0.0,0.0,0.0,0.0,0.0,0.0,0.0,0.0,0.0,0.0,0.0,0.0,0.0,0.0,0.9748492324561403,0.0,0.0,0.0,0.0,0.0,0.0,0.0,0.0,0.0,0.0,0.0,0.0,0.0,0.0,0.0,0.0,0.0,0.0,0.0,0.0,0.0,0.0,0.0,0.0,0.0,0.0,0.22135416666666666,0.0
21.1234709022209,13.087454975579975,3.430655174405174,11.726883903133903,6.065882173382173,5.967763278388278,2.1838980463980464,4.964206349206349,4.480925671550671,9.049803526053525,0.9127480158730159,18.5943853021978,2.8548992673992672,4.693962563337563,2.994405525030525,14.135545634920636,12.926675824175824,2.4827480158730157,0.5452628968253969,1.533068147130647,2.390426587301587,6.654108669108669,3.8976149776149773,2.4829326923076924,7.659718337218337,23.286009996947495,1.692718253968254,3.8039300976800976,2.1969815254190252,2.335138195138195,4.542147435897435,4.091830738705739,1.9934065934065934,5.129350198412698,2.896971153846154,1.0285149572649572,0.8118551587301587,7.197028769841269,2.502938415750916,1.1885206807081807,2.137171855921856,0.0,0.0,0.35622710622710624,0.0,0.5712950244200243,0.0,0.3084134615384615,4.0005933302808305,2.5588576007326007,0.6077686202686202,4.63065349002849,0.0,0.6288141025641025,4.981019917582417,4.186351114163614,1.1359249084249083,0.0,4.004806547619047,0.315892094017094,0.49428037240537237,0.23821924603174605,0.2914300976800977,1.8979552045177046,0.0,0.0,0.0,0.2564102564102564,0.0,0.2622767857142857,0.5750457875457875,0.275,1.8003968253968254,0.21770833333333334,0.2673611111111111,3.1373242266992265,0.0,0.35,0.0,0.0,1.3963541666666666,1.101686507936508,2.05250296000296,0.4769345238095238,0.882688492063492,0.0,0.0,0.0,1.6807844932844933,0.3383279914529915,0.390625,0.0,0.0,0.0,0.2777777777777778,1.005406746031746,0.5908333333333333,0.0,0.5039930555555555,0.0,0.0,0.0,0.770436507936508,0.0,0.0,0.0,0.5694673382173382,0.0,0.0,0.2361111111111111,0.0,0.0,0.0,0.0,1.4146825396825398,0.0,0.5282837301587301,0.0,0.0,0.0,0.0,0.0,0.0,0.0,0.0,0.6073069291819292,0.0,0.4117483211233211,0.0,0.0,0.0,1.0094551282051283,0.0,0.0,0.0,0.0,0.0,0.0,0.0,0.0,0.0,0.0,0.0,0.0,0.3855406746031746,0.3171626984126984,0.0,0.0,0.0,0.0,0.0,0.0,0.0,0.3721230158730159,0.0,0.0,0.0,0.26666666666666666,0.0,0.0,0.0,0.25605921855921854,0.4123263888888889,0.0,0.0,0.0,0.0,0.0,0.0,0.0,0.0,0.0,0.0,0.0,0.0,0.0,0.7135416666666666,0.9861912393162393,0.0,0.0,0.0,0.0,0.0,0.0,0.0,0.0,0.0,0.0,0.0,0.0,0.0,0.0,0.0,0.0,0.0,0.0,0.0,0.0,0.0,0.670400641025641
12.487752972191746,0.5036454475229986,2.529118488302162,0.48062906481273826,1.0212089497803782,1.1573736637512146,2.1985684383643567,0.6152818270165208,0.8648613291470434,0.7389689392240413,0.447424684159378,0.6131279434850863,0.30829289757861184,0.7248458679581128,2.0452803998722366,1.054421768707483,0.6175223585937871,0.4148850016196955,0.30937196307094267,0.5498348023858228,0.3603862973760933,0.894732251875109,2.72061233834193,0.49630429094714806,0.3062711098425384,0.26163547337016724,0.21683673469387757,0.8463830670463324,1.1265248357085091,0.4794610151753008,0.27433281004709575,1.443222664523685,0.4503064962248635,0.0,1.2167023027992414,0.29598377812663523,0.22151360544217685,0.6590136054421769,0.6872321272831476,0.4461155341257382,0.21331389698736636,0.0,0.0,0.20121106218044993,0.0,0.0,0.0,0.0,0.0,0.6537978744611398,0.0,0.8138899790685504,0.0,0.35748392763698883,0.5749433389739512,0.0,0.0,0.0,0.2233882189239332,0.0,0.0,0.0,0.0,0.24646781789638933,0.0,0.0,0.0,0.0,0.0,0.29761904761904756,0.2433281004709576,0.0,0.8072157434402333,0.0,0.0,0.3326138147566719,0.0,0.0,0.5178571428571428,0.0,0.0,0.0,0.0,0.0,0.0,0.0,1.1139455782312924,0.0,0.22131737310308738,0.0,0.0,0.0,0.0,0.4919825072886297,0.0,0.0,0.0,0.0,0.0,0.2465986394557823,0.0,0.0,0.0,0.0,0.0,0.0,0.0,0.0,0.0,0.0,0.0,0.0,0.0,0.0,0.0,0.0,0.0,0.0,0.0,0.0,0.0,0.0,0.23814677386105956,0.0,0.0,0.0,0.0,0.0,0.0,0.0,0.0,0.42948717948717946,0.0,0.0,0.0,0.0,0.0,0.0,0.0,0.0,0.0,0.0,0.0,0.0,0.0,0.0,0.0,0.0,0.0,0.0,0.0,0.0,0.0,0.0,0.0,0.0,0.0,0.0,0.0,0.631019349131594,0.0,0.0,0.0,0.0,0.0,0.0,0.39471243042671617,0.0,0.0,0.3242954324586978,0.0,0.0,0.0,0.0,0.0,0.0,0.0,0.21955595424983182,0.0,0.0,0.0,0.0,0.0,0.0,0.0,0.0,0.0,0.0,0.0,0.0,0.0,0.0,0.0,0.0,0.0,0.0,0.0,0.0,0.0,0.23201203558346414
129.8809823669425,67.29444490427281,41.40811461900359,30.118643192142155,42.82807313746755,17.92982948010122,85.8878431555062,48.791910537608004,7.761686149140859,30.46594757283163,21.598296666231448,39.320281655879484,10.317762249827467,6.3952869795261105,23.21864216701173,23.772451381147032,15.265760390307491,8.12244736972998,9.42855705083966,1.0590949062416453,22.83942535255941,18.708706127378488,28.20653154212937,17.86900448585231,4.6102454057617095,32.90620987835662,3.6433172302737518,4.031675450153711,3.347890786749482,5.134632342965676,3.3680555555555554,2.608695652173913,9.562198067632849,10.181777662755923,16.692708333333332,6.18794570968484,0.7847222222222222,12.186884769085855,3.7731481481481484,6.628698671497585,7.229166666666666,0.7604166666666666,11.357635294455946,16.338315217391305,11.73311694847021,2.626178974005061,5.150793650793651,9.199828904991948,0.2940605590062112,0.0,2.5,3.75,1.3715277777777777,0.0,13.769801731078905,9.692028985507246,4.832775919732441,6.666666666666667,1.25,1.7059178743961354,0.46772613960113957,0.4629629629629629,0.0,20.563271604938272,7.681299603174603,3.083333333333333,9.587359098228664,0.0,0.29977570738440307,2.326388888888889,2.1473765432098766,1.8905243558776168,2.2916666666666665,2.0833333333333335,3.0701154052603328,0.0,0.0,0.0,0.0,2.3903440513494862,0.3138940571005788,0.0,0.0,1.1677234299516908,14.63768115942029,1.6815476190476188,15.106984702093397,0.0,3.9262632197414806,0.0,2.5,0.0,1.9130434782608694,1.8271604938271604,1.134259259259259,0.8333333333333333,1.358695652173913,5.19096798263465,0.0,6.708333333333333,0.0,0.9571759259259259,2.9315476190476186,0.9082341269841269,7.5,0.0,0.0,0.8333333333333333,6.8898809523809526,1.6782407407407405,2.5543478260869565,0.0,3.8043478260869565,0.49516908212560384,0.625,0.625,0.6666666666666666,0.0,4.236111111111111,0.0,0.0,0.2847222222222222,0.0,0.0,0.0,0.0,3.3680555555555554,0.0,0.0,0.0,0.9926026570048309,0.0,2.866797504025765,0.0,0.0,2.5892857142857144,1.1111111111111112,0.0,3.3333333333333335,0.0,0.0,3.333333333333333,1.25,0.0,0.0,0.0,2.686838624338624,3.3333333333333335,0.0,0.0,0.0,2.5,0.0,0.0,0.0,0.0,1.25,0.0,0.0,0.0,0.0,0.0,2.5,0.0,0.41666666666666663,0.41666666666666663,0.0,0.2604166666666667,0.0,0.0,0.0,0.0,0.0,0.8333333333333333,0.0,0.0,0.0,0.8333333333333333,0.0,0.0,0.0,0.0,0.0,0.0,0.8556547619047619,0.0,0.0,1.844806763285024,0.0,0.0,0.5223214285714286,0.0,0.0,0.0,5.084876543209877,0.0,3.0555555555555554,0.0,0.0,0.0
0.5,0.8333333333333333,0.0,0.6,0.5,0.5,0.0,1.5,0.0,0.0,0.0,1.0833333333333335,0.0,0.0,1.5,0.0,0.0,0.0,0.0,0.0,0.0,0.0,0.0,0.0,0.0,0.0,0.0,0.0,0.3333333333333333,0.6388888888888888,0.0,0.0,0.0,0.0,0.0,0.0,0.0,0.0,0.0,0.0,0.0,0.0,0.0,0.5,0.0,0.0,0.0,1.7619047619047619,0.0,0.0,0.0,0.0,0.0,0.0,0.0,0.0,0.0,0.0,0.0,0.0,0.0,0.0,0.0,0.0,0.0,0.0,0.0,0.0,0.0,0.0,0.0,0.0,0.0,0.0,0.0,0.0,0.0,0.0,0.0,0.0,0.0,0.0,0.0,0.0,0.0,0.0,0.0,0.0,0.0,0.0,0.0,0.0,0.0,0.0,0.0,0.0,0.0,0.0,0.0,0.0,0.0,0.0,0.0,0.0,0.0,0.0,0.0,0.0,0.5,0.0,0.0,0.0,0.0,0.0,0.0,0.30000000000000004,0.0,0.0,0.0,0.0,0.0,0.0,0.0,0.0,0.0,0.0,0.0,0.0,0.0,0.0,0.0,0.0,0.0,0.0,0.0,0.0,0.0,0.0,0.0,0.0,0.0,0.0,0.0,0.0,0.0,0.0,0.0,0.0,0.0,0.0,0.0,0.0,0.0,0.0,0.0,0.0,0.0,0.0,0.0,0.0,0.0,0.0,0.0,0.0,0.0,0.0,0.0,0.0,0.0,0.0,0.0,0.0,0.0,0.0,0.0,0.0,0.0,0.0,0.0,0.0,0.0,0.0,0.0,0.0,0.0,0.0,0.0,0.0,0.0,0.0,0.0,0.0,0.0,0.0,0.0,0.0,0.0,0.0,0.0,0.0
16.00598236694251,8.565278237606135,10.783114619003594,5.806143192142157,4.455057264451674,3.429829480101219,5.221176488839532,7.097466093163557,4.567241704696414,2.202058683942742,3.960598253533036,5.182781655879482,0.4149844720496894,0.4300092017483322,2.7880866114561766,0.43911804781369995,2.980046104593206,1.7057807030633116,2.157723717506326,3.2465949062416453,3.117203130337188,0.7503727940451542,1.8731982087960348,0.7856711525189786,2.86024540576171,5.135376545023284,0.3814124683689901,0.0,1.6836050724637681,0.0,0.4152777777777778,0.0,0.39553140096618356,0.5984443294225903,0.0,0.3546123763515068,0.0,0.32577365797474495,0.43981481481481477,1.4300875603864733,0.0,0.5520833333333334,2.2604130722337246,3.6299818840579707,2.149783615136876,1.4317345295606165,0.0,1.7831622383252816,0.2940605590062112,0.0,0.0,0.0,0.5381944444444444,0.0,1.0614683977455717,0.0,0.24944258639910813,0.625,0.0,0.4906400966183575,2.1343928062678064,0.0,0.4759589947089947,0.0,0.0,0.0,1.0456924315619966,0.0,0.29977570738440307,0.0,0.0,1.8905243558776168,0.0,0.0,0.5701154052603328,0.0,0.0,0.0,0.0,0.7236773846828195,0.3138940571005788,0.0,1.4375,0.3343900966183575,0.0,0.0,0.8569847020933977,1.2569444444444444,0.0,0.0,0.0,0.0,0.5797101449275361,0.0,0.0,0.0,0.0,3.524301315967983,0.0,0.0,0.0,0.5821759259259259,0.0,0.0,1.6666666666666665,0.0,0.0,0.0,1.681547619047619,0.0,0.0,0.0,0.0,0.21739130434782608,0.0,1.875,0.0,1.5,0.0,0.0,0.0,0.6597222222222223,0.0,0.0,0.0,0.0,0.3680555555555555,1.0307539682539684,0.0,0.0,0.0,0.0,0.0,0.0,0.4444444444444444,0.0,0.0,0.0,0.0,0.0,0.0,0.0,0.0,0.0,0.0,0.0,0.0,0.0,0.5,0.0,0.5034722222222222,0.0,0.0,0.0,0.0,0.0,0.0,0.0,0.0,0.0,0.0,0.0,0.0,0.0,0.0,0.0,0.0,0.2604166666666667,0.0,0.0,0.0,0.0,0.0,0.0,0.0,0.0,0.0,0.0,0.0,0.0,0.0,0.0,0.0,0.0,0.0,0.0,0.0,0.0,0.0,0.0,0.0,0.431547619047619,0.0,0.0,0.0,0.0,0.0,0.0,0.0,0.0
67.96637270499598,20.049014477585903,47.98559575345289,10.34438775510204,17.142857142857142,43.32991016919588,48.91855021578523,4.2478741496598635,15.139468666254379,8.668367346938775,9.035714285714285,10.860544217687075,1.7142857142857142,6.505668934240362,7.004578754578754,10.723214285714285,13.096513605442176,0.0,12.097789115646258,0.22959183673469385,4.973639455782313,9.857568027210883,0.4613095238095238,16.750850340136054,24.806972789115644,4.735827664399093,6.201530612244897,13.645549886621314,0.0,5.042942176870747,0.0,0.0,0.0,3.2971938775510203,5.343112244897958,6.8767006802721085,0.3571428571428571,5.977324263038549,6.217687074829931,1.548731030873888,0.0,0.0,0.0,3.8052721088435373,0.5059523809523809,3.5646258503401356,0.0,0.0,0.0,1.9132653061224487,4.999716553287981,0.0,0.0,0.0,0.0,11.064767573696145,20.610763244691814,0.0,5.160714285714286,0.0,3.5480442176870746,0.0,0.0,0.0,3.016581632653061,0.24999999999999997,0.0,1.3392857142857142,0.0,0.7619047619047619,0.0,0.0,2.522108843537415,0.0,0.0,0.0,0.0,0.0,1.318712969058591,8.077380952380953,0.0,0.0,0.0,0.0,3.956120268620268,1.1825396825396826,0.0,0.0,0.0,0.0,0.0,1.482142857142857,0.0,11.747023809523808,0.0,6.349914965986394,7.523809523809523,0.0,0.0,0.0,4.1687925170068025,0.6551870748299319,0.0,0.0,0.0,0.0,2.142857142857143,0.0,0.0,1.3314909297052153,0.0,0.7712585034013605,0.0,0.0,2.119047619047619,4.133928571428571,1.7142857142857142,0.0,0.0,0.0,0.0,0.0,2.436322605965463,0.0,0.0,0.0,0.8078231292517006,0.0,0.0,0.0,0.0,0.0,0.0,0.0,0.0,2.0493197278911564,2.571428571428571,0.5952380952380951,0.5399659863945577,0.0,0.0,0.0,0.0,0.0,0.0,0.9648580586080585,0.0,0.0,0.0,0.26530612244897955,0.0,1.1845238095238093,0.0,0.0,0.0,0.0,0.0,0.0,0.0,0.0,0.0,0.7295918367346939,2.325255102040816,0.0,0.0,1.7202380952380951,1.2653061224489794,0.0,0.0,0.8744331065759636,0.0,0.4081632653061224,1.135204081632653,1.5926870748299318,1.0267857142857142,0.30357142857142855,2.3503401360544216,0.5357142857142857,0.0,0.0,0.0,0.0,0.49999999999999994,0.0,0.0,1.6267006802721087,4.928571428571428,0.0,0.7226473922902494,0.0,0.0,0.0,0.0,0.0,0.0,0.0,0.0,0.0,2.954365079365079,0.0
75.46637270499598,20.049014477585903,47.98559575345289,10.34438775510204,19.642857142857142,43.32991016919588,48.91855021578523,4.2478741496598635,15.139468666254379,8.668367346938775,9.035714285714285,11.485544217687075,1.7142857142857142,6.505668934240362,7.004578754578754,10.723214285714285,13.096513605442176,0.0,12.097789115646258,0.22959183673469385,4.973639455782313,9.857568027210883,0.4613095238095238,16.750850340136054,24.806972789115644,4.735827664399093,6.201530612244897,13.645549886621314,0.0,5.042942176870747,0.0,0.0,0.0,3.2971938775510203,5.343112244897958,6.8767006802721085,0.3571428571428571,5.977324263038549,6.217687074829931,1.548731030873888,0.0,0.0,0.0,3.8052721088435373,0.5059523809523809,3.5646258503401356,0.0,0.0,0.0,1.9132653061224487,4.999716553287981,0.0,0.0,0.0,0.0,11.064767573696145,19.985763244691814,0.0,5.160714285714286,0.0,3.5480442176870746,0.0,0.0,0.0,3.016581632653061,0.24999999999999997,0.0,1.3392857142857142,0.0,0.7619047619047619,0.0,0.0,2.522108843537415,0.0,0.0,0.0,0.0,0.0,1.318712969058591,8.077380952380953,0.0,0.0,0.0,0.0,3.956120268620268,1.1825396825396826,0.0,0.0,0.0,0.0,0.0,1.482142857142857,0.0,11.747023809523808,0.0,6.349914965986394,7.523809523809523,0.0,0.0,0.0,4.1687925170068025,0.6551870748299319,0.0,0.0,0.0,0.0,2.142857142857143,0.0,0.0,1.3314909297052153,0.0,0.7712585034013605,0.0,0.0,2.119047619047619,4.133928571428571,1.7142857142857142,0.0,0.0,0.0,0.0,0.0,2.436322605965463,0.0,0.0,0.0,0.8078231292517006,0.0,0.0,0.0,0.0,0.0,0.0,0.0,0.0,2.0493197278911564,2.571428571428571,0.5952380952380951,0.5399659863945577,0.0,0.0,0.0,0.0,0.0,0.0,0.9648580586080585,0.0,0.0,0.0,0.26530612244897955,0.0,1.1845238095238093,0.0,0.0,0.0,0.0,0.0,0.0,0.0,0.0,0.0,0.7295918367346939,2.325255102040816,0.0,0.0,1.7202380952380951,1.2653061224489794,0.0,0.0,0.8744331065759636,0.0,0.4081632653061224,1.135204081632653,1.5926870748299318,1.0267857142857142,0.30357142857142855,2.3503401360544216,0.5357142857142857,0.0,0.0,0.0,0.0,0.49999999999999994,0.0,0.0,1.6267006802721087,4.928571428571428,0.0,0.7226473922902494,0.0,0.0,0.0,0.0,0.0,0.0,0.0,0.0,0.0,2.954365079365079,0.0
74.87708699071025,20.049014477585903,47.98559575345289,10.34438775510204,17.142857142857142,43.32991016919588,50.10902640626143,4.2478741496598635,15.139468666254379,8.668367346938775,9.035714285714285,11.485544217687075,1.7142857142857142,6.505668934240362,7.004578754578754,10.723214285714285,13.096513605442176,0.0,12.097789115646258,0.22959183673469385,4.973639455782313,9.857568027210883,0.4613095238095238,18.41751700680272,24.806972789115644,4.735827664399093,6.201530612244897,13.645549886621314,0.0,5.042942176870747,0.0,0.0,0.0,3.2971938775510203,5.343112244897958,6.8767006802721085,0.3571428571428571,5.977324263038549,6.217687074829931,1.548731030873888,0.0,0.0,0.0,3.8052721088435373,0.5059523809523809,3.5646258503401356,0.0,0.0,0.0,1.9132653061224487,5.624716553287981,0.0,0.0,0.0,0.0,11.064767573696145,20.610763244691814,0.0,5.160714285714286,0.0,3.5480442176870746,0.0,0.0,0.0,3.016581632653061,0.24999999999999997,0.0,1.3392857142857142,0.0,0.7619047619047619,0.0,0.0,2.522108843537415,0.0,0.0,0.0,0.0,0.0,1.318712969058591,8.077380952380953,0.0,0.0,0.0,0.0,3.956120268620268,1.1825396825396826,0.0,0.0,0.0,0.0,0.0,1.482142857142857,0.0,11.747023809523808,0.0,6.349914965986394,7.523809523809523,0.0,0.0,0.0,6.6687925170068025,0.6551870748299319,0.0,0.0,0.0,0.0,2.142857142857143,0.0,0.0,1.3314909297052153,0.0,0.7712585034013605,0.0,0.0,2.119047619047619,4.133928571428571,1.7142857142857142,0.0,0.0,0.0,0.0,0.0,2.436322605965463,0.0,0.0,0.0,0.8078231292517006,0.0,0.0,0.0,0.0,0.0,0.0,0.0,0.0,2.0493197278911564,2.571428571428571,0.5952380952380951,0.5399659863945577,0.0,0.0,0.0,0.0,0.0,0.0,0.9648580586080585,0.0,0.0,0.0,0.26530612244897955,0.0,1.1845238095238093,0.0,0.0,0.0,0.0,0.0,0.0,0.0,0.0,0.0,0.7295918367346939,2.325255102040816,0.0,0.0,2.032738095238095,1.2653061224489794,0.0,0.0,0.8744331065759636,0.0,0.4081632653061224,1.135204081632653,1.5926870748299318,1.0267857142857142,0.30357142857142855,2.6628401360544216,0.5357142857142857,0.0,0.0,0.0,0.0,0.49999999999999994,0.0,0.0,1.6267006802721087,4.928571428571428,0.0,0.7226473922902494,0.0,0.0,0.0,0.0,0.0,0.0,0.0,0.0,0.0,2.954365079365079,0.0
41.240500224939,38.13879502017257,22.811169770353445,1.5511418853255587,10.578901257472685,7.041302235179786,23.77469023323615,2.698615160349854,2.643707482993197,12.13319970845481,1.597424684159378,15.141439909297052,8.085536487322202,0.36298689359913844,6.917075271667108,2.929421768707483,2.244124922696351,1.1787738905085843,2.8093719630709426,1.7005486718496923,7.968719630709426,0.6383219954648526,23.913400799880392,0.3039965986394558,5.633194186765615,16.030866242600936,0.21683673469387757,4.174908708071974,4.056012015195688,0.3801020408163265,0.2551020408163265,0.8865605766115969,0.4342808551992225,17.83843537414966,0.9378561489530877,3.949829931972789,0.22151360544217685,1.998299319727891,0.3875526401036605,2.305089893100097,7.0883138969873665,0.0,0.46875,6.427172600641988,3.75,3.1624149659863945,0.0,0.0,0.0,0.21080336896663426,0.0,2.0518707482993195,0.0,0.2757531584062196,3.286481800512413,3.8435374149659864,0.0,1.25,0.0,0.8916423712342079,0.0,0.0,0.0,1.3137755102040816,0.0,1.3010204081632653,0.0,0.0,0.0,1.5476190476190474,0.0,0.0,0.0,0.0,1.3010204081632653,6.119472789115647,0.0,0.0,3.2261904761904763,0.0,1.3775510204081631,0.0,0.0,0.0,0.0,0.3052721088435374,0.9056122448979591,0.0,0.0,0.0,0.0,2.5510204081632653,2.3392857142857144,3.825315840621963,0.0,0.0,1.369047619047619,1.25,0.0,1.4965986394557822,0.0,0.0,0.0,0.0,0.0,0.0,0.0,0.0,0.0,1.5691508746355685,0.3125,19.555413832199545,0.0,0.0,0.0,0.0,0.0,0.0,0.0,0.0,0.0,0.0,0.23814677386105956,0.0,0.0,0.0,0.0,0.0,0.0,0.0,0.0,17.520833333333332,0.0,0.0,0.0,11.465277777777779,1.25,0.0,0.0,0.0,0.0,0.0,0.0,0.0,0.0,0.3125,0.0,0.0,0.0,0.0,0.0,19.604166666666664,0.0,11.993197278911564,0.0,0.0,0.0,0.0,0.0,0.8569808875931324,0.0,0.0,0.0,0.0,0.0,0.0,0.0,0.0,0.0,1.2742954324586977,0.0,0.0,0.0,0.0,0.0,0.0,0.0,0.35623177842565595,0.0,0.0,0.0,0.0,21.25,0.0,0.0,0.0,0.0,0.0,0.0,30.208333333333332,0.0,0.0,0.0,0.0,0.0,0.0,0.0,0.0,0.0,1.4243197278911564
52.55976069645614,59.254948044923005,12.1066440307683,30.22887895311321,44.07964346256728,29.114808471697856,11.508816544861942,33.46715563564722,32.841926578645996,14.643620308592602,8.397082847370571,15.45321816381599,7.318929383347542,10.432445592971488,15.587106219299313,8.216253902155437,27.471223636211914,3.9688525984881484,3.9567433253494633,10.772330200359292,11.677427219973042,6.799392401888292,7.98594330683525,7.0400829172248605,5.400686582232298,31.454842210077185,9.001160367528653,5.166724469761554,4.02232419647701,6.945089859305545,6.529820261437909,0.27676287906466934,0.41653980432752813,3.148864497489817,8.02236519607843,5.697749631253467,2.514647525676937,6.761435422680627,0.0,0.587440501562944,0.2928921568627451,2.267769607843137,8.66972679772392,20.92998188405797,5.297834502158351,0.0,4.2500583566760035,7.187574003031164,2.852884088417976,0.33905228758169936,0.0,3.8480392156862746,0.8029003267973855,2.6979813664596275,2.5636912565860777,1.591538789428815,0.31561905698734344,3.333333333333333,2.8566176470588234,0.47225774367718104,0.0,0.0,0.2213371459694989,0.0,0.0,2.583333333333333,2.822653215875722,2.6086956521739126,5.003615576665449,0.41789215686274506,1.620415758896151,1.2658744959336392,0.41666666666666663,0.20833333333333334,0.5701154052603328,2.8257824869078063,3.3584330471318964,0.0,0.46977124183006536,7.449167580761251,0.9388940571005788,0.26508520074696545,0.2666316526610644,0.3343900966183575,0.0,0.0,9.398651368760063,3.457516339869281,2.6762632197414806,0.0,0.0,0.0,1.9130434782608696,0.0,0.8564814814814814,0.0,0.7336956521739131,1.857634649301316,0.0,0.0,0.0,0.7175634142545907,0.0,0.6173844537815126,0.0,0.24439923916426473,0.0,0.0,5.931547619047619,0.8449074074074073,0.0,0.0,0.0,2.3914109121909632,2.5163398692810457,0.0,0.5409663865546218,0.0,0.2826797385620915,0.0,0.0,1.2847222222222223,0.0,0.6461056644880174,0.0,0.0,0.0,0.2578781512605042,0.0,0.0,0.0,0.0,5.281013190300275,0.2747821350762527,0.0,0.0,2.5,0.3799019607843137,0.0,1.3522897897897899,0.0,0.0,0.0,0.0,0.0,0.598797852474323,1.0201719576719575,0.0,0.0,0.0,0.0,0.0,0.0,0.0,1.0134803921568627,0.0,0.0,0.21895424836601307,0.0,0.0,0.0,0.0,0.0,0.0,0.0,0.0,2.29539641943734,0.2604166666666667,0.0,0.0,0.0,0.0,0.0,0.0,0.0,0.0,0.0,0.0,0.0,0.0,0.0,0.0,0.0,0.6985294117647058,0.0,0.0,0.0,5.178140096618358,0.0,0.0,0.0,0.0,0.0,0.0,1.751543209876543,0.0,0.0,0.29901960784313725,0.0,0.0
189.4896632993271,47.23141969691533,18.03836202677458,12.557583971088436,31.900919564358375,24.06277773787602,188.55504515325944,14.999374961992938,22.530190295815295,18.418711796766306,5.120646838280766,12.096576270433546,3.447841706645345,21.388383999433106,53.651399465998345,12.921520691609977,18.404108044733043,31.927409241766583,5.072200802669553,33.519775167529694,8.73045183982684,31.351200015262513,12.292817477402366,15.733273918541775,11.56585304576376,11.518133342352092,10.16554427715142,5.822730654761904,10.309552798392083,1.34375,23.484312314669456,4.951388888888888,3.425595238095238,35.804400894244644,3.398268398268398,25.95642509180289,3.3145098948670375,5.434413490775098,1.6104113520408163,14.239916029389713,0.6072028170242456,5.377383529169244,6.212691326530612,8.800451056618819,0.0,1.7052654732608292,25.11558927183927,1.1167582417582418,34.55727395124716,11.656836219336219,1.916941255668934,2.7086377164502164,10.892243477208915,5.971301020408163,0.2353050595238095,0.42348710317460314,2.3812003968253967,4.817776469562184,0.24234693877551017,1.2280167748917747,2.9245650183150182,5.090140813788201,1.8953754578754578,0.3018707482993197,4.7909750839438345,0.0,0.9575892857142857,0.5575396825396826,7.709325396825396,0.0,0.21187641723356007,3.190861469879327,3.5773809523809526,0.0,0.21726190476190474,0.46875,0.0,0.0,2.6274896978021975,7.276041666666666,0.31249999999999994,1.271577380952381,5.951144094001236,0.0,0.3162202380952381,0.25595238095238093,0.0,24.3392068001443,1.2764136904761905,2.8511904761904763,1.405191834196365,0.21207611832611833,0.0,0.0,0.0,1.3426339285714284,0.4714387175324675,0.21428571428571427,0.0,0.0,0.2611607142857143,0.6324404761904762,0.21155753968253965,0.6358164534470505,0.0,0.0,0.0,0.4168227605727606,0.0,0.0,5.103856646825397,0.0,0.0,3.544642857142857,0.4861111111111111,0.0,0.0,0.7291666666666666,0.0,0.0,0.8356717687074829,1.4423076923076923,0.0,4.812385531135531,0.0,0.0,0.8910590277777778,0.0,1.1681547619047619,0.0,1.5667036215816703,0.0,1.6755952380952381,0.0,0.8708791208791209,0.6349206349206349,0.20833333333333331,0.0,0.0,0.0,0.0,4.975198412698413,1.8303571428571426,0.0,0.7440476190476191,0.0,0.0,0.0,0.20833333333333331,0.9759901556776557,1.7961309523809523,0.2470238095238095,0.8717294610151752,0.0,0.0,0.0,0.20957341269841268,0.0,0.0,0.0,0.0,0.78125,0.0,1.2946428571428572,0.0,0.0,0.0,0.234375,0.0,0.0,0.0,0.0,0.0,0.0,1.0606060606060606,0.0,0.0,0.5282738095238095,0.0,0.0,0.6026785714285714,0.0,1.0863095238095237,0.0,0.0,0.0,0.0,0.0,2.65625,0.0,0.0,0.0,0.0,0.0,0.0,0.0,0.8412235086342229,0.0,0.8511904761904762,0.0
35.0501554001554,10.261147660818713,8.789285714285715,1.7047619047619047,109.80896362624304,6.613157894736842,7.564592352092352,1.9375,15.878317334839073,4.192057942057942,0.375,4.848800505050505,0.25,0.9971590909090909,2.5833333333333335,7.363636363636363,2.275,4.939636752136752,6.910714285714286,0.3333333333333333,0.3680555555555556,4.4393939393939394,6.962573537573538,8.022727272727273,1.4679383116883118,13.814935064935066,0.0,0.0,0.26515151515151514,2.357142857142857,0.0,0.0,0.2,2.75,0.0,0.21955128205128205,3.383522727272727,0.6071428571428571,19.0260989010989,3.615220543345543,0.41666666666666663,0.0,2.104166666666667,15.828282828282829,0.8571428571428571,0.4686147186147186,0.4272727272727273,0.0,0.0,0.0,0.9583333333333334,0.0,0.0,0.0,0.0,1.53125,0.0,2.50981240981241,0.0,0.0,3.000353812853813,0.5,0.75,0.0,0.0,0.0,0.0,0.0,0.0,0.0,0.0,0.0,0.0,0.0,0.0,0.3571428571428571,0.0,0.0,0.0,0.0,0.0,0.0,0.0,0.0,0.0,0.0,0.0,0.0,0.0,0.0,0.0,0.0,0.0,0.5714285714285714,0.0,0.0,0.0,0.0,0.0,9.007936507936508,0.2272727272727273,0.0,0.0,0.0,0.0,0.0,0.0,0.728021978021978,0.0,0.0,0.0,0.0,0.0,0.0,0.0,12.222222222222221,0.0,0.0,0.0,0.0,0.0,0.41666666666666663,0.0,0.0,0.0,0.0,0.0,0.0,0.0,0.3125,0.0,0.0,0.0,0.0,0.0,0.0,0.0,0.0,0.0,0.0,0.0,0.0,0.0,0.0,0.0,0.0,0.0,0.0,0.0,0.0,0.0,0.2272727272727273,0.0,0.0,0.0,0.0,0.0,0.0,0.0,0.0,0.0,0.2857142857142857,0.0,0.0,0.0,0.25,0.0,0.0,0.0,0.0,0.0,0.0,0.0,0.25,0.0,0.0,0.0,0.0,0.0,0.0,0.0,0.25,0.25,0.0,0.0,0.0,0.0,1.7251984126984126,0.0,0.0,0.0,0.0,0.0,0.0,0.0,0.0,0.0,0.0,0.0,0.0
212.20925399831648,43.04501488095238,34.96440972222222,57.59892827080327,105.11516203703704,51.659515542328045,89.89942956349206,135.77700366762866,28.066964285714285,36.29648621836122,55.09920634920635,21.807622354497354,15.401041666666666,23.081762566137566,52.99904551467051,36.21730324074074,34.62644675925926,72.52380952380952,29.61608520723104,1.7135416666666665,14.219990079365079,16.807291666666668,27.766989087301585,6.347222222222222,56.36995701058201,51.742063492063494,16.353670634920636,29.275545634920633,10.355613425925926,6.3778108465608465,6.177083333333333,15.016286375661375,6.579861111111111,52.257605820105816,3.379092261904762,5.425662878787879,1.546875,7.754050925925926,1.7708333333333333,3.372767857142857,1.1111111111111112,1.3802083333333333,6.568287037037037,42.50359623015873,31.972800925925924,7.404513888888888,0.84375,37.45515046296296,3.1316964285714284,0.5208333333333333,0.6875,15.770833333333332,2.6041666666666665,9.62479332010582,5.159722222222222,1.640625,2.21875,2.984375,3.4795386904761902,0.5555555555555556,5.734375,0.9765625,0.0,1.4188850308641974,6.085069444444445,1.9479166666666667,6.059027777777778,2.009341931216931,0.2951388888888889,0.41666666666666663,9.32986111111111,0.0,16.57196593915344,0.828125,10.90464917027417,1.7395833333333333,1.4583333333333333,2.3177083333333335,2.1197916666666665,19.45601851851852,0.0,5.169753086419753,0.23995535714285715,3.835648148148148,1.6927083333333333,3.4970238095238093,32.04195601851852,0.3125,1.4453125,0.20833333333333331,1.84375,0.6117724867724867,9.046875,0.9999999999999999,3.4375,0.9753787878787878,2.9166666666666665,0.9071180555555556,3.0416666666666665,0.0,0.8705357142857142,2.795138888888889,0.8072916666666666,0.0,0.46875,1.875,1.71875,5.16724537037037,1.2239583333333333,1.2881944444444444,0.234375,54.38306051587301,1.5625,0.0,2.098958333333333,4.020833333333333,1.25,0.6510416666666666,0.32291666666666663,1.328125,1.0763888888888888,1.6770833333333333,1.5277777777777777,0.5729166666666666,0.0,0.5833333333333333,0.5572916666666666,0.2864583333333333,0.21875,1.25,0.625,0.46875,0.3125,0.0,0.4626736111111111,1.9618055555555554,7.722222222222222,0.0,1.7708333333333333,0.3125,0.26041666666666663,0.0,0.0,0.26041666666666663,0.0,0.0,0.0,0.2170138888888889,0.3125,0.46875,2.1319444444444446,0.7986111111111112,0.0,1.6822916666666667,0.0,1.40625,1.1458333333333333,0.296875,0.0,0.6770833333333333,0.703125,0.0,3.125,0.0,0.0,0.0,1.25,0.0,0.7291666666666666,0.3125,0.0,0.625,0.20833333333333331,0.32291666666666663,2.2317708333333335,0.234375,2.5269097222222223,0.0,0.681423611111111,5.322916666666667,0.0,0.625,1.703125,0.0,0.21875,0.390625,1.28125,3.5364583333333335,0.0,0.3125,0.0,0.0,0.3877314814814815,0.0,1.0416666666666665,0.5625,0.0,0.0,0.0,0.0
25.94873366013072,3.906045751633987,10.446282679738562,2.758986928104575,4.110498366013072,3.5784313725490198,6.921772875816993,10.910334967320262,1.1609477124183005,0.8623366013071896,0.2303921568627451,1.6980392156862745,2.243668300653595,1.4240876906318083,1.6944444444444444,1.4803921568627452,1.869281045751634,2.8256399782135073,1.5204248366013071,1.852941176470588,3.56781045751634,1.1952614379084967,6.937908496732026,0.32352941176470584,4.237581699346405,0.7098039215686274,3.3872549019607843,0.4256535947712418,0.625,3.3727124183006536,0.22058823529411764,0.46078431372549017,0.0,0.8333333333333333,0.5055555555555555,1.6879084967320261,0.0,0.3715277777777778,0.0,0.0,0.0,1.7990196078431373,0.25,0.0,0.7373366013071896,0.0,0.5580065359477124,0.0,0.0,0.0,0.0,0.0,0.0,0.0,0.0,0.0,0.0,2.3513071895424837,0.0,0.0,0.0,0.0,0.0,0.0,0.0,0.0,0.0,0.0,0.0,0.0,0.0,0.5441176470588235,0.0,0.0,0.0,0.0,0.7892156862745098,0.24019607843137253,0.0,0.0,0.5,0.0,0.0,0.0,0.0,0.0,0.0,0.0,0.0,0.0,0.0,0.0,0.0,0.0,0.0,0.0,0.0,0.0,0.0,0.0,0.0,0.0,0.0,0.0,0.7361111111111112,1.4901960784313726,0.0,0.0,0.0,0.0,0.0,0.0,0.0,0.0,0.0,0.0,0.0,0.0,0.0,0.0,0.0,0.0,0.0,0.0,0.0,0.0,0.0,0.0,0.0,0.0,1.25,0.0,0.0,0.0,0.0,0.0,0.0,0.0,0.0,0.0,0.0,0.7720588235294118,0.0,0.0,0.0,0.0,0.0,0.0,0.0,0.0,0.0,0.0,0.0,0.0,0.0,0.0,0.0,0.0,0.0,0.0,0.0,0.0,0.0,0.0,0.0,0.0,0.0,0.0,0.0,0.0,0.0,0.0,0.0,0.0,0.0,0.0,0.0,0.0,0.0,0.0,0.0,0.0,0.0,0.0,0.0,0.0,0.0,0.0,0.0,0.0,0.0,0.0,0.0,0.0,0.0,0.0,0.0,0.0,0.0,0.0
18.390873015873016,12.987741425241426,9.358997071050641,3.0625,9.08953373015873,10.915085906157334,20.14236111111111,7.7507440476190474,25.153769841269842,15.959325396825395,2.4268925518925517,11.359272875816993,11.660714285714285,14.745483682983684,2.7896825396825395,9.158304988662131,2.015873015873016,0.96875,4.290674603174603,5.023242630385488,5.385416666666667,17.479277666777666,1.7893518518518516,3.355654761904762,12.954288766788766,6.1554422905525845,13.966193528693529,7.494047619047619,9.587797619047619,8.395975056689341,0.0,4.456632653061224,1.25,1.5892857142857142,6.674023397237683,5.8125,1.101190476190476,3.3414824263038545,8.694727891156463,9.647974574445163,0.8333333333333334,0.9999999999999999,8.25091575091575,0.0,1.25,1.3888888888888888,6.9770408163265305,0.0,4.573717948717948,0.30952380952380953,2.986111111111111,1.1111111111111112,9.65044162826421,2.2236394557823127,0.0,0.0,7.459750566893424,0.0,2.9166666666666665,3.1726190476190474,3.4143518518518516,2.5,0.20833333333333331,1.7738095238095237,1.2499999999999998,3.7499999999999996,2.2916666666666665,2.9126984126984126,5.0,1.098800505050505,0.8333333333333333,1.0069444444444444,0.0,0.0,0.8506944444444444,3.833333333333333,0.0,0.0,0.0,0.0,3.5510204081632653,0.496031746031746,21.497138278388277,0.0,5.464285714285714,0.0,0.0,1.9166666666666665,0.0,0.41666666666666663,0.0,1.5592948717948718,0.0,0.6944444444444444,0.0,0.31845238095238093,0.0,3.9360119047619047,1.6666666666666665,0.4166666666666667,1.1111111111111112,0.3125,0.3273809523809524,1.4285714285714284,0.0,0.0,0.2232142857142857,0.2777777777777778,0.0,0.0,0.0,1.4285714285714284,0.0,0.625,1.354895104895105,0.0,0.0,0.0,0.0,0.0,1.4047619047619047,0.0,1.2797619047619047,1.25,0.9325396825396826,0.0,0.0,0.8997252747252746,0.0,0.0,1.75,0.0,0.0,5.399305555555555,0.6245877138734282,0.2777777777777778,0.0,1.9613095238095237,0.9615384615384616,0.0,2.9117063492063493,0.0,0.0,0.0,0.25,0.0,0.0,0.0,0.41666666666666663,7.379577020202021,0.5952380952380952,0.41666666666666663,0.3125,0.0,0.0,0.0,0.3472222222222222,0.0,0.0,0.0,0.0,0.0,0.0,0.0,0.25,0.9523809523809523,0.5,0.0,0.0,0.41666666666666663,1.2083333333333333,0.0,0.0,0.0,0.0,0.8333333333333333,0.0,0.0,0.7678571428571428,0.0,0.0,0.0,0.625,0.625,0.0,0.0,0.41666666666666663,0.25,0.0,2.701388888888889,0.6666666666666666,0.0,0.0,0.0,0.0,0.0,0.0,0.3125,0.0,0.0
8.678000224939,0.46518390906146007,0.7278364370201105,0.30114188532555874,0.3705679241393527,0.47880223517978615,1.3267735665694849,0.6152818270165208,0.7687074829931972,0.6331997084548104,0.347424684159378,0.3567176870748299,0.2730364873222016,0.36298689359913844,0.2504086050004417,0.8460884353741496,0.5774582560296846,0.4148850016196955,0.30937196307094267,0.2942986718496923,0.26038629737609326,0.6383219954648526,0.934234133213725,0.3039965986394558,0.25819418676561534,0.0,0.21683673469387757,0.4249087080719734,0.30601201519568866,0.2551020408163265,0.2551020408163265,0.8865605766115969,0.4342808551992225,0.0,0.9378561489530877,0.0,0.22151360544217685,0.0,0.3875526401036605,0.43008989310009715,0.21331389698736636,0.0,0.0,0.0,0.0,0.0,0.0,0.0,0.0,0.21080336896663426,0.0,0.8018707482993197,0.0,0.2757531584062196,0.47398180051241273,0.0,0.0,0.0,0.0,0.0,0.0,0.0,0.0,0.0,0.0,0.0,0.0,0.0,0.0,0.29761904761904756,0.0,0.0,0.0,0.0,0.0,0.0,0.0,0.0,0.5178571428571428,0.0,0.0,0.0,0.0,0.0,0.0,0.0,0.28061224489795916,0.0,0.0,0.0,0.0,0.0,0.0,0.4919825072886297,0.0,0.0,0.0,0.0,0.0,0.2465986394557823,0.0,0.0,0.0,0.0,0.0,0.0,0.0,0.0,0.0,0.0,0.0,0.0,0.0,0.0,0.0,0.0,0.0,0.0,0.0,0.0,0.0,0.0,0.23814677386105956,0.0,0.0,0.0,0.0,0.0,0.0,0.0,0.0,0.3333333333333333,0.0,0.0,0.0,0.0,0.0,0.0,0.0,0.0,0.0,0.0,0.0,0.0,0.0,0.0,0.0,0.0,0.0,0.0,0.0,0.0,0.0,0.0,0.0,0.0,0.0,0.0,0.0,0.6069808875931324,0.0,0.0,0.0,0.0,0.0,0.0,0.0,0.0,0.0,0.0,0.0,0.0,0.0,0.0,0.0,0.0,0.0,0.0,0.0,0.0,0.0,0.0,0.0,0.0,0.0,0.0,0.0,0.0,0.0,0.0,0.0,0.0,0.0,0.0,0.0,0.0,0.0,0.0,0.0,0.0
34.116293532338304,22.431130429331386,12.401785714285714,12.819777911164465,40.02165919398062,15.089396766169154,48.208900226757365,27.03901411310793,34.36282156540777,51.23500631313131,4.168367346938775,12.316064842377475,8.696539623312011,17.519345238095237,9.816316146540027,18.19890873015873,14.674107142857142,4.4691823619995255,8.174107142857142,15.498835541679357,12.707553854875282,12.678210034013604,0.7515991471215352,4.834183673469387,10.802083333333332,9.035501700680271,4.829577664399093,5.959821428571429,1.8647959183673468,7.864087704047136,4.597434807256236,2.0625,4.375,2.083333333333333,2.9226190476190474,2.912402274342573,1.3370535714285714,4.959821428571429,0.7769982993197279,0.0,2.901785714285714,1.0178571428571428,5.457695578231292,0.7576530612244897,2.942466759431045,0.0,5.188731527093596,0.5919784580498866,2.0699404761904763,0.2901785714285714,2.4124149659863945,0.8333333333333333,1.4702380952380953,0.0,0.0,3.205357142857143,1.5208333333333333,3.329081632653061,2.1825396825396823,1.9940476190476188,0.0,5.715105382949199,0.6696428571428571,0.8035714285714286,0.0,1.4583333333333333,8.315901360544217,5.720238095238095,1.8958333333333333,0.0,0.49107142857142855,0.35714285714285715,0.0,2.9325396825396823,0.0,1.4853896103896105,1.6589635854341735,0.0,0.2901785714285714,0.0,0.0,1.5880102040816326,3.074404761904762,3.1547619047619047,0.25,0.0,0.0,1.04265873015873,0.0,6.1867559523809526,0.2853293058516939,0.0,0.0,0.0,0.0,0.0,0.625,0.20535714285714285,0.4464285714285714,0.9077380952380951,0.0,0.0,0.0,3.131960933966531,0.0,1.4255952380952381,0.0,0.0,2.1875,0.0,0.6547619047619048,1.4285714285714286,1.5476190476190477,1.6666666666666665,0.0,0.0,2.916170634920635,2.807616986188415,1.1592261904761905,0.0,1.2351190476190474,0.0,0.3125,0.42410714285714285,1.4270833333333333,0.0,0.0,5.6875,1.2053571428571428,1.25,0.0,0.0,0.7440476190476191,0.21258503401360543,0.625,0.3571428571428571,0.0,4.241071428571429,0.0,0.0,0.0,1.1532738095238095,1.25,0.0,0.0,1.2113095238095237,0.44217687074829926,1.4285714285714284,0.0,0.0,1.8647959183673468,0.0,0.33482142857142855,0.0,0.758078231292517,0.0,0.3333333333333333,0.3472222222222222,0.0,0.0,1.1979166666666665,0.0,0.0,0.0,0.0,0.0,0.0,0.0,0.0,0.0,0.0,0.0,0.0,0.0,0.0,0.0,0.0,0.0,0.0,0.0,0.0,0.0,0.0,1.0491071428571428,0.0,0.0,0.0,0.0,0.0,0.0,0.0,0.550595238095238,0.0,0.7142857142857143,0.625,0.0,0.0,0.0,0.0,0.0
20.664904643449418,13.306130429331388,11.026785714285714,11.508503401360544,33.702214749536175,14.089396766169154,36.528344671201815,15.164014113107928,24.008654898741106,47.207228535353536,7.848922902494331,9.927175953488586,6.981261845534234,18.497519841269842,8.14964947987336,18.129464285714285,13.910218253968253,2.8580712508884147,8.174107142857142,19.49883554167936,8.756164965986395,7.542793367346938,0.3349324804548685,3.5841836734693873,9.739583333333332,11.787485827664398,6.49624433106576,1.3764880952380951,4.677295918367347,7.79055829228243,4.163407029478458,3.3125,1.1666666666666665,0.625,2.9226190476190474,2.287402274342573,1.8370535714285712,4.834821428571429,0.7769982993197279,0.0,0.40178571428571425,1.0178571428571428,4.624362244897959,0.7576530612244897,0.5466334260977118,0.0,2.688731527093596,1.0919784580498866,3.181051587301587,0.2901785714285714,0.4124149659863945,0.41666666666666663,0.8035714285714286,0.0,2.008928571428571,4.574404761904762,1.5208333333333333,0.8290816326530612,2.9464285714285716,1.1607142857142856,0.0,1.8262164940603105,6.669642857142857,0.8035714285714286,0.0,0.8333333333333333,1.2325680272108843,0.8869047619047619,0.0,0.0,11.616071428571429,1.6071428571428572,0.0,2.9325396825396823,0.0,0.23538961038961037,1.5119047619047619,0.20833333333333331,0.2901785714285714,0.0,0.0,1.5880102040816326,4.324404761904762,1.0714285714285714,0.25,0.0,0.0,1.2509920634920635,0.0,4.415922619047619,0.2853293058516939,0.0,0.0,0.0,0.0,0.0,0.625,0.0,4.196428571428571,0.9077380952380951,0.0,0.0,0.0,3.131960933966531,2.083333333333333,1.1755952380952381,0.0,0.0,0.3125,0.0,0.6547619047619048,1.4285714285714286,0.29761904761904756,0.0,0.0,0.0,2.916170634920635,0.30761698618841476,1.1592261904761905,0.0,1.2351190476190474,0.376984126984127,0.3125,0.42410714285714285,1.4270833333333333,0.0,0.0,5.6875,1.2053571428571428,0.625,0.0,0.0,1.4732142857142856,0.21258503401360543,0.625,0.3571428571428571,0.0,4.241071428571429,0.0,0.0,0.0,1.1532738095238095,1.25,0.0,0.0,1.419642857142857,0.44217687074829926,2.6785714285714284,0.0,0.0,2.177295918367347,0.0,0.33482142857142855,0.0,1.1747448979591837,0.0,0.3333333333333333,0.3472222222222222,0.0,0.0,1.1979166666666665,0.0,0.0,0.0,0.0,0.0,0.0,0.0,0.0,0.0,0.625,0.0,0.0,0.0,0.0,0.0,0.0,0.0,0.0,0.0,0.0,0.0,0.0,1.0491071428571428,0.0,0.0,0.0,0.0,0.0,0.0,0.0,0.0,0.0,0.7142857142857143,3.375,0.0,0.0,0.0,0.0,0.0
21.144079520657304,28.955915484280457,7.989998812073392,9.768632539573034,12.021644516433327,6.603725212307145,19.221617591383872,21.613274259133853,29.621044600338276,15.822627638069353,3.3096342682372093,8.062247441711728,9.407961569243081,13.639068135801327,18.485251728896685,12.437255497381548,6.555628790236633,6.245641105315475,4.364548708372237,6.972802050112974,9.871688490534778,12.695050917803018,2.042839778999281,10.172455784178473,8.084482019886432,9.759891602072882,6.484037683449448,2.200159464718288,5.707881211925329,12.617207901362011,4.765000468135972,0.5373529411764706,3.527733067586009,1.9161899075869664,3.715049654477175,5.757141531557336,2.0203712443141897,6.256064422563897,0.871329693493559,1.4597529717015012,3.490343316813905,7.811492789423461,5.680434684557584,0.6750349431270484,1.8951828060283942,0.40547415547415544,13.416366513489086,1.2255848707004169,6.564698904037138,1.406726280255692,2.2312185643488163,0.5968487394957983,3.461392832755329,1.679010989010989,1.828681700924348,3.4838177578723797,2.0792538099155746,1.2238095238095237,1.6558366423492472,3.705074606765783,0.9441523767626708,1.4638397658985893,4.206532288128926,1.5499442868315416,0.8112864504776269,0.4865646258503401,2.5972887830345814,0.7429029304029303,1.6263062917474682,0.7460331825037707,3.363370581850974,4.09801328709417,0.2833333333333333,0.6425595238095237,0.5614197530864198,3.4176356311755467,14.098831683022858,0.45476190476190476,1.4197712418300652,0.0,1.3742648555148556,1.8924718220621581,2.0795568227290917,0.9073611111111111,0.8167857142857142,0.6881257631257631,0.0,4.055060402949058,0.45119047619047614,1.309581228956229,1.4484065934065933,3.3938113109587467,0.0,0.8370048161714828,0.33807488807488806,1.104960753532182,1.1986819727891156,5.531081797391321,0.3893248616462902,0.8405569920275803,0.352891156462585,1.2472860725486776,0.2991666666666667,2.8026480977006187,0.8633333333333333,1.0951187056018987,1.1753296703296703,1.8053818322200674,0.6503520289234574,0.36340557590557593,0.4020577461753932,0.8777218152218152,0.0,0.660832794656324,0.0,0.4778711484593838,2.7807623049219687,0.0,1.0929819363642892,0.20032051282051283,0.5576960784313725,0.5018055555555555,0.28061224489795916,7.252855925198362,1.022517340269441,0.9764194139194138,0.3186050061050061,1.6120448179271707,0.24216028510900303,0.3600217864923747,0.45348003960808836,0.0,1.0714671979903072,3.0281948334889512,0.8496642246642246,0.2845238095238095,0.0,0.6722096530920061,3.0803571428571423,1.006845238095238,0.5077998806360151,0.0,0.9268681318681318,0.0,0.0,0.6321311858076564,0.9373117623117623,0.21269841269841272,0.2705102040816326,0.0,2.0847760899231487,0.0,0.7503642290249433,0.0,1.1078027364792071,0.0,0.2523529411764706,0.5737161531279178,0.0,0.0,0.2906442577030812,0.0,0.0,0.39355742296918766,0.3238795518207283,0.0,0.0,0.2764423076923077,0.6122064210299504,0.0,0.47560224089635855,0.0,0.0,0.0,0.0,0.0,0.0,0.0,0.0,0.7592592592592592,1.0039915966386554,0.2367063492063492,0.0,0.43843979899652163,0.0,0.0,0.0,0.0,0.26,0.0,0.25833333333333336,0.4125,0.0,0.3920518207282913,0.26730078563411896,0.0,0.0,0.0,0.0,0.0
55.95444276852055,35.6503599287249,31.763808335882914,25.454411017630925,32.457701514990326,21.01597268705462,55.258158596674875,39.25910759246718,35.0452870245807,180.77318980738153,28.642967601570543,11.02058077504506,16.803839996371508,19.925526469134663,21.151918395563353,28.340033275159325,7.325470060077903,16.94107761325198,12.165143946467476,50.007524272335196,19.810180554026843,53.80070567970778,2.2511731123326144,15.172455784178473,17.545340605745018,11.676558268739548,15.444896269308034,3.0334927980516215,21.24260343414755,19.44768175757116,5.598333801469305,4.634575163398693,52.990034654887594,4.763412129809188,7.817232194159715,17.93769708711289,3.159260133203079,9.676203311452786,1.2879963601602256,3.084752971701501,5.365343316813905,14.898992789423462,38.337180716303614,4.140312720904826,1.8951828060283942,4.876821027556321,25.805255402377973,1.2255848707004169,6.564698904037138,8.337281835811247,11.883996342126594,0.7357376283846871,22.489170610533108,3.000980685980686,1.828681700924348,3.7338177578723797,2.0792538099155746,2.2357142857142853,4.016947753460358,18.427296828988005,0.9441523767626708,3.4802539073127305,15.338972764319402,2.1650236519109067,0.8112864504776269,1.26781462585034,9.513955449701248,0.7429029304029303,7.529084069525246,1.0634934999640882,6.182815026295418,6.625791064871947,0.2833333333333333,2.725892857142857,0.5614197530864198,4.417635631175547,14.098831683022858,1.684920634920635,1.4197712418300652,0.0,3.040931522181522,2.6320551553954914,3.260112378284647,0.9073611111111111,2.2751190476190475,0.6881257631257631,0.775462962962963,10.939981037869693,0.45119047619047614,4.323470117845118,6.378962148962149,14.348672422069857,0.8424242424242423,1.1147825939492606,0.5166463166463167,1.7994051979766266,2.1014597505668933,9.229494495804019,1.0143248616462903,0.8405569920275803,0.352891156462585,1.8028416281042332,3.736666666666667,6.795703653256174,1.7938888888888886,1.1732437056018987,1.8003296703296703,2.6387151655534007,1.2753520289234574,0.6759055759055759,1.0270577461753931,0.8777218152218152,0.0,1.4941661279896572,0.0,0.4778711484593838,2.7807623049219687,0.6045751633986929,1.3013152696976227,0.40865384615384615,1.6707913165266106,0.7795833333333333,0.28061224489795916,13.76674481408725,1.1361537039058047,1.184752747252747,0.3186050061050061,1.6120448179271707,0.38104917399789195,0.3600217864923747,0.6618133729414216,0.0,1.488133864656974,4.778194833488951,0.8496642246642246,0.2845238095238095,0.0,0.6722096530920061,4.330357142857142,1.5276785714285714,0.5077998806360151,0.3321123321123321,1.3435347985347985,0.32410052910052906,0.0,0.6321311858076564,1.2706450956450956,1.0460317460317459,0.2705102040816326,0.0,3.6125538677009263,0.0,2.3059197845804986,0.0,1.1078027364792071,0.0,1.9051307189542483,1.1987161531279178,0.0,0.0,4.276755368814192,0.0,0.0,2.372724089635854,0.5322128851540616,0.0,3.2789979628214923,0.2764423076923077,0.6122064210299504,0.20833333333333331,1.2117133520074697,0.0,0.0,0.0,0.0,0.0,0.0,0.0,0.0,0.7592592592592592,1.1825630252100838,0.2367063492063492,0.0,0.43843979899652163,0.0,0.8666666666666666,0.0,0.0,0.26,0.0,0.25833333333333336,0.4125,0.0,1.8364962651727357,1.2395230078563413,0.0,2.1875,1.1442577030812324,0.0,0.0
107.4639115500264,71.979175784907,32.80972701901273,36.932724958573175,40.34653308992595,27.383488606868138,127.17537975033798,22.542422559819947,38.695377481713685,86.08536561748262,30.846085600907028,9.839259802179578,33.071784424806815,24.660488509506365,9.176656153755033,17.291771759986045,25.532271825396826,39.28758668585028,22.622718323343324,42.23742852112055,28.81666285103785,25.879234862359862,7.444912269184657,21.167265829408684,32.34225816841888,12.439980158730158,18.503727066584208,8.085376984126984,20.656271531048315,14.538415435139573,22.92841182626897,7.079107142857143,7.598757631257631,5.528186605061605,18.43889880952381,15.029204014269313,10.481207155939298,20.863685515873016,5.767963435374149,10.357142857142858,5.466970826792255,10.633768602429317,16.77464950723879,5.5084325396825395,1.683379120879121,0.6109457671957672,23.84096138057345,3.3135836385836384,4.273717403628118,3.664285714285714,2.8342755359719645,4.172300384800384,17.066077976043413,6.443588177695321,2.8720238095238098,5.404166666666667,10.984265873015872,2.691921768707483,26.714621053549624,9.568561507936508,0.34238095238095234,12.755983165880554,15.910960266585267,4.609509637188208,5.572380952380952,0.5958333333333333,8.244493284493284,4.269345238095238,12.907738095238095,0.3264158163265306,3.9374319727891156,4.676518567411424,0.2982142857142857,0.21183862433862433,0.0,0.23,1.5142857142857142,1.1027597402597402,3.9902265745007677,0.42625,7.841666666666667,12.131071428571428,3.8088506235827664,2.201011904761905,6.554060592185592,1.167063492063492,0.0,8.891518111518112,1.5553571428571427,7.49799062049062,20.448407264599297,4.775770757020757,0.8424242424242423,2.517857142857143,1.8116071428571427,2.8276641414141412,2.8890873015873018,8.716825396825396,3.1417086385836384,0.6916666666666667,0.0,1.063392857142857,3.193015873015873,5.281094231224828,1.0022222222222221,0.5394642857142857,0.5838690476190476,0.5272394272394273,0.0,0.0,0.20595238095238094,0.0,0.0,3.8837053571428575,0.0,0.3,0.875,0.0,1.9854192434549576,0.6811224489795918,2.38375715554287,0.3628021978021978,0.0,16.23143668831169,1.6617323648573648,0.0,0.5,1.3745039682539681,1.4254960317460317,0.0,0.0,0.0,1.5413690476190476,7.09004655067155,1.5264232295482294,0.4125,0.0,0.0,0.5609410430839002,0.649578373015873,0.8793480725623583,1.6195436507936507,0.28755952380952376,0.0,0.0,0.0,4.216666666666667,0.0,0.0,0.5826719576719577,2.238988095238095,1.8928571428571428,0.8907412131519274,0.0,0.0,0.33472222222222225,3.185724206349206,1.2677083333333332,0.0,0.0,0.29217948717948716,0.0,0.6666666666666666,2.433264652014652,0.25595238095238093,0.0,6.143668831168831,0.0,0.0,0.0,0.8234798534798535,0.0,0.41666666666666663,0.0,0.0,0.0,0.0,0.0,0.0,5.291666666666666,1.0860119047619048,0.0,1.25,0.0,0.0,0.6583333333333333,0.3375,0.9419642857142857,0.4084279609279609,0.0,0.4845238095238095,0.0,0.0,0.0,0.22273809523809524,0.0,0.0,0.248015873015873,0.976190476190476,0.0
12.434456782486851,26.010681189029206,5.240196078431373,4.2854058289982655,21.97561047146131,9.599375757765792,25.60864345738295,10.828842544480478,10.273915169516082,10.136339763177999,4.418542416966787,4.325737461425095,7.308817867943197,8.533438375350139,5.050130126677536,6.803921568627451,8.994153722094898,2.2878098129799183,4.108543417366946,2.284987502463672,3.1958533413365346,7.643152260904362,0.5310109118274176,4.607643057222889,1.3946078431372548,13.323717365734172,3.6006152460984393,0.0,2.757979328094874,3.0593491419556327,2.2904495131385887,0.0,0.43767507002801115,0.0,0.9814425770308123,2.6305395292445333,1.935282446311858,0.3329831932773109,0.4859443777511004,0.20874183006535948,0.45955882352941174,0.6502100840336134,2.0232593037214883,0.0,0.8301009797858537,0.0,0.9129962329759489,0.9477791116446578,0.4308473389355742,0.40353641456582634,0.368297318927571,0.0,0.27661064425770304,0.0,0.915913335030982,0.3280812324929972,0.0,0.2040816326530612,0.8030462184873949,0.8298319327731092,0.0,0.47307106922370934,0.49002100840336127,0.22146358543417366,0.0,0.20833333333333331,0.3845288115246098,0.2619047619047619,0.6621732026143791,0.0,0.9016106442577031,0.6699929971988795,0.0,0.5654761904761905,0.0,0.3956582633053221,4.744281045751634,0.0,0.6036998132586368,0.23739495798319327,0.0,0.2583533413365346,0.44520308123249297,0.0,0.0,0.0,0.0,0.3196195144724556,0.0,0.20833333333333331,0.21588486140724944,0.0,0.0,0.0,0.0,0.0,0.0,0.0,0.4464285714285714,0.0,0.0,0.0,0.0,0.8507838798115357,0.0,0.2626050420168067,0.0,0.0,0.0,0.0,0.3790266106442577,0.0,0.3956582633053221,0.0,0.0,0.0,0.7314425770308123,0.356636594031552,0.5019257703081232,0.0,0.78781512605042,0.0,0.0,0.5644257703081232,0.9865196078431372,0.0,0.0,0.21323529411764705,0.0,0.0,0.0,0.0,0.24159663865546216,0.40866346538615445,0.0,0.3571428571428571,0.0,0.5584733893557423,0.0,0.0,0.27170868347338933,0.0,0.0,0.0,0.0,1.8101073762838469,0.44217687074829926,0.0,0.0,0.0,0.3735494197679071,0.0,0.0,0.0,1.6048919567827131,0.0,0.0,0.21895424836601307,0.0,0.0,0.0,0.0,0.0,0.0,0.0,0.0,0.0,0.0,0.0,0.0,0.0,0.0,0.0,0.0,0.0,0.0,0.0,0.0,0.0,0.0,0.23196778711484592,0.0,0.0,0.3413865546218487,0.0,0.0,0.0,0.0,0.0,0.0,0.0,0.0,0.0,0.0,0.0,0.0,0.0,0.0,0.0,0.0
192.25892857142856,87.30555555555556,62.56731859410431,41.32064909297052,74.44281462585033,71.11919642857143,18.1875,92.29861111111111,41.28769841269841,54.24955357142857,30.5625,34.1031746031746,9.067460317460316,55.96502976190476,13.712301587301587,10.67361111111111,17.66765873015873,11.547619047619047,27.95734126984127,33.59399801587301,20.51264880952381,15.563562925170068,14.045138888888888,11.274107142857142,31.350694444444443,20.229166666666668,6.909722222222222,33.262499999999996,3.5962301587301586,3.0555555555555554,10.25,3.270833333333333,4.895833333333333,4.377480158730159,0.0,2.2916666666666665,5.173611111111111,2.199404761904762,4.947916666666667,0.0,2.708333333333333,2.5396825396825395,16.612103174603174,18.497916666666665,10.371527777777777,10.023148148148147,4.2375992063492065,15.416666666666666,3.980654761904762,0.0,1.755952380952381,1.25,13.715773809523808,0.0,0.0,0.5,0.9821428571428571,8.5,4.479166666666666,0.9375,2.423611111111111,0.625,0.26041666666666663,0.0,2.7194940476190474,9.13888888888889,2.058531746031746,7.298611111111111,0.3125,1.486111111111111,4.166666666666666,0.3645833333333333,7.5,2.395833333333333,0.3125,0.0,0.7291666666666666,1.09375,0.625,6.1867559523809526,0.6944444444444444,0.0,0.8854166666666666,0.0,0.20833333333333331,32.757936507936506,12.5,3.944444444444444,0.625,0.0,0.0,7.618055555555555,10.135416666666666,1.927083333333333,1.3958333333333333,0.0,0.0,0.20833333333333331,0.3125,2.083333333333333,0.0,2.395833333333333,2.5669642857142856,0.0,4.166666666666666,0.4352678571428571,0.625,4.069444444444445,90.56696428571428,0.625,1.25,0.8333333333333333,3.4375,3.9404761904761902,0.9375,2.8715277777777777,1.3020833333333333,1.25,2.1507936507936507,0.9374999999999999,0.0,1.875,0.0,0.0,1.5625,0.7291666666666666,0.0,0.4613095238095238,0.3125,0.9375,0.3333333333333333,0.0,0.625,0.0,0.0,1.3392857142857144,3.5416666666666665,0.0,0.625,0.0,0.0,0.3125,0.0,0.0,0.0,0.0,0.9970238095238094,0.0,0.0,0.0,0.0,0.0,0.0,0.0,0.0,0.0,0.0,0.9375,0.0,0.0,0.5555555555555556,0.0,0.0,0.0,0.0,0.0,0.0,0.0,1.125,1.25,0.0,12.527777777777777,1.4166666666666665,0.0,1.4107142857142856,0.0,0.0,0.0,0.3333333333333333,0.0,1.6666666666666665,0.8333333333333333,0.0,5.572916666666667,0.0,0.0,0.0,0.0,0.0,0.0,0.0,0.0,1.1041666666666665,0.0,0.0,0.3125,1.4583333333333333,0.47916666666666663,0.0,0.0
102.1235119047619,58.8125,39.96315192743764,22.015093537414966,46.59559240362812,48.10877976190476,15.322916666666666,34.802083333333336,18.75297619047619,26.020386904761903,9.5,26.25595238095238,1.3244047619047619,41.619791666666664,9.892857142857142,6.354166666666666,6.056547619047619,7.6934523809523805,18.808035714285715,29.77455357142857,7.950148809523809,8.361181972789115,4.357638888888889,10.12827380952381,21.90625,13.354166666666666,4.84375,26.179166666666667,3.2142857142857144,1.875,6.916666666666666,4.208333333333333,2.8125,4.308035714285714,0.0,0.9375,0.8333333333333333,1.3244047619047619,3.4895833333333335,0.0,1.875,1.1160714285714286,8.139880952380953,8.39375,4.989583333333333,5.335648148148148,2.918154761904762,5.791666666666667,0.0,0.8333333333333333,0.8333333333333333,0.0,0.9032738095238094,0.0,0.0,0.0,0.9821428571428571,9.0625,1.5625,0.625,0.0,0.625,0.20833333333333331,0.0,2.0944940476190474,0.875,2.7529761904761907,0.625,0.7291666666666666,0.0,0.0,0.3645833333333333,0.625,0.0,0.3125,0.0,0.0,0.625,0.0,0.6659226190476191,0.0,0.0,0.6770833333333333,1.25,0.20833333333333331,0.2926587301587302,2.65625,3.111111111111111,0.625,0.625,0.0,1.0208333333333333,2.9479166666666665,0.26041666666666663,0.0,0.3125,0.0,0.5208333333333333,0.3125,2.083333333333333,0.0,0.0,0.4836309523809524,0.0,0.0,0.0,0.625,0.25,47.88988095238095,0.0,1.25,0.20833333333333331,1.0416666666666665,1.4404761904761905,0.625,0.0,2.552083333333333,0.0,0.0,0.3125,0.0,0.0,0.0,0.0,0.20833333333333331,0.3125,0.0,2.544642857142857,0.3125,0.9375,0.0,0.0,0.625,0.0,1.25,0.0,0.625,0.0,0.625,0.0,0.0,0.3125,0.0,0.0,0.0,0.0,0.0,0.0,0.0,0.0,1.25,0.0,0.0,0.0,0.0,0.0,0.0,0.9375,0.8333333333333333,0.0,0.0,0.0,0.0,0.0,0.0,0.0,0.0,0.0,0.625,0.0,0.0,0.20833333333333331,0.4166666666666667,0.0,0.0,0.0,0.0,0.0,0.0,0.0,0.0,0.0,0.0,4.322916666666667,0.0,0.0,0.0,0.0,0.0,0.0,0.0,0.0,0.9375,0.0,0.0,0.0,0.0,0.47916666666666663,0.0,0.0
1166.58650336413,458.6865579995109,516.1314361548251,415.47290906515803,665.9302331302525,600.0831859615827,555.2597567357531,403.57101106670854,232.6185809904107,380.64931397494803,292.502397195332,231.72868112677895,149.02965047734068,104.45073081621995,241.1617969289165,159.03068851438417,205.93672599877308,433.1768455178781,133.46212186565447,75.8877234536202,206.80619122557528,174.87363668293403,236.03093630403413,153.99499654934436,200.65588032639664,451.28964241803914,136.14893892339543,122.94536592634418,96.42758655394525,29.111694632527964,89.78720238095238,50.08240596963423,132.5098667184265,218.48501840349667,60.80381944444444,83.65694372555785,59.729166666666664,49.692671806122895,76.64004629629629,41.92541584321476,99.41666666666667,108.04563492063491,100.4444408500115,160.46950277982887,135.92408917069244,78.9456234184495,47.58151455026455,132.243115942029,88.70725500345065,65.37301587301587,28.36111111111111,41.49801587301587,54.48412698412698,25.317277001380262,79.28021839774557,36.70433959156785,12.42305369751022,99.42807539682539,44.93849206349206,66.9975845410628,7.620503917378917,38.355324074074076,28.781415343915345,83.22497795414462,96.41046626984127,62.89930555555556,64.48220036806994,16.049667874396135,16.70552967563837,8.694196428571429,29.41057098765432,25.84885768921095,8.723958333333332,27.1875,27.340948738593667,38.61564009661836,9.101751207729468,40.77430555555556,5.699404761904762,43.42506627357171,25.769912575619095,31.507936507936506,13.61111111111111,38.725804238032495,24.304347826086957,29.610119047619047,202.38773867034737,18.370535714285715,29.58251321974148,19.49961899010812,17.208333333333332,46.77507716049383,25.555404589371978,7.292438271604938,27.189814814814817,8.041666666666666,16.004528985507246,26.461801315967982,19.17361111111111,25.35,134.45982142857142,28.22611531986532,27.834325396825395,26.470734126984127,54.179563492063494,58.286605705083964,21.979166666666668,55.88809454434454,46.688988095238095,25.78240740740741,17.327165286404416,50.59995791245791,27.57518115942029,15.00558574879227,21.99652777777778,27.291666666666668,38.201388888888886,44.197916666666664,26.62563131313131,22.527173913043477,21.910778985507246,35.49305555555556,0.5555555555555556,4.016203703703703,3.9880952380952377,4.87081608005521,25.40972222222222,13.513392857142856,6.270773979107312,2.8255621693121693,24.38496376811594,0.0,21.825130837359097,10.287037037037036,10.222222222222221,5.561507936507937,10.520833333333332,0.0,21.541666666666664,4.782845345345345,8.22800925925926,9.583333333333332,11.1875,6.710648148148148,5.104166666666667,0.3125,27.36739417989418,2.6507936507936507,4.805555555555555,2.2916666666666665,18.614583333333332,2.361111111111111,9.956597222222221,1.2361111111111112,1.1041666666666665,1.8402777777777777,12.46875,2.083333333333333,18.980676328502415,5.0,10.79861111111111,0.2864583333333333,2.708333333333333,6.5625,1.3678075396825395,0.3125,5.579710144927536,3.3680555555555554,0.3794642857142857,4.375,15.041666666666666,33.8968253968254,3.020833333333333,1.25,0.625,0.0,0.0,0.0,4.395833333333333,1.6997354497354498,2.7916666666666665,1.9444444444444444,4.8874007936507935,2.5,0.38690476190476186,11.666666666666666,11.485615079365079,26.94897342995169,0.0,0.2777777777777778,0.2306547619047619,16.612103174603174,0.625,11.570954106280194,2.064043209876543,12.725694444444445,2.5,9.708333333333332,7.517361111111111,10.090277777777777
20.73990110449806,1.1376633986928104,12.87326388888889,4.776348039215686,16.9295668587948,5.352328431372548,9.150815534547153,14.406658496732025,2.243504901960784,3.703329248366013,5.407475490196078,12.871666374883286,0.20526960784313725,15.877604166666666,10.842013888888888,26.458333333333332,2.5,7.779003267973856,20.047927188552187,0.0,3.1886574074074074,0.4809027777777778,0.0,0.0,0.0,2.7222222222222223,0.0,0.2870273109243697,10.698529411764705,4.5,0.20970394736842105,2.784313725490196,0.5555555555555556,2.0104166666666665,1.4583333333333333,8.725694444444443,0.0,0.0,0.0,0.0,0.0,17.534313725490197,0.7638888888888888,0.0,7.910334967320261,3.647875816993464,0.30000000000000004,1.3586816305469556,0.0,0.0,0.0,11.909992784992784,3.901654411764706,3.333333333333333,0.0,0.0,0.0,13.666666666666666,0.0,6.416666666666666,3.75,0.0,0.0,0.0,0.29411764705882354,0.4856734360410831,0.4340277777777778,0.0,0.0,0.0,0.0,0.0,0.0,0.20526960784313725,0.5833333333333333,0.0,1.4644607843137256,0.8333333333333333,0.0,0.0,0.41666666666666663,1.4895833333333333,0.0,0.0,0.0,1.046875,0.0,1.625,2.0,0.0,0.0,2.5,0.8333333333333334,0.0,0.0,4.5,0.0,0.0,0.0,0.0,0.625,0.0,0.0,0.8333333333333333,4.149050245098039,1.0112847222222223,0.0,0.0,0.0,0.0,0.0,0.0,2.6470588235294117,4.71011396011396,0.0,0.0,0.0,1.8452380952380951,3.2777777777777777,2.8033088235294117,0.0,0.0,0.0,0.0,0.0,0.0,0.0,0.0,2.5,2.7346813725490198,0.0,0.0,28.119319950202303,0.0,0.0,0.0,0.0,0.25240384615384615,0.0,1.25,0.0,0.0,0.0,0.0,0.0,0.0,0.20833333333333331,0.0,1.2760416666666665,0.0,0.0,0.0,1.3611111111111112,0.0,0.5292585784313726,0.0,0.8333333333333334,0.0,0.0,0.0,0.0,0.0,0.0,2.2870370370370368,0.0,0.0,0.0,0.0,0.0,0.0,0.0,0.5581825657894737,0.0,0.0,1.0,0.0,0.0,0.0,0.0,0.0,0.0,0.0,0.0,0.0,0.8333333333333333,0.20833333333333331,0.0,0.0,0.0,0.0,0.0,0.0,0.0,0.0,0.0,0.0,0.0,0.0,0.22135416666666666,0.0
58.23511139857671,54.763343317643276,27.8156344523532,8.680541776895943,18.806668447293447,24.48252657782575,29.688048973751258,9.081633117780505,9.325499818527202,16.880704365079364,17.586748754717505,31.61618687667099,20.430501263523652,16.017987782234105,10.716236105053735,9.76438492063492,17.168301316738816,22.48995959334661,11.763346318033818,11.069612730760118,11.366348928848929,4.330042353479853,7.817199345534234,7.118110670194003,7.698691933066933,7.280133928571428,4.481853505291006,9.096613455988455,5.090773809523809,3.332530845192483,3.991898148148148,13.557415674603174,1.7586805555555556,8.890432098765432,7.9992559523809526,6.724665531918331,1.0625,5.75633103620236,3.015151515151515,11.523413184718331,1.005952380952381,12.963341346153845,16.516204930398732,2.258928571428571,2.9037698412698414,0.0,14.46717068053275,0.49244505494505497,3.3328373015873014,3.5284155328798184,6.5341134559884555,6.860863095238095,4.169042818740399,7.466192916560563,0.0,0.0,0.7199754901960784,8.433960137085137,2.289857609710551,3.165798611111111,0.20343660968660968,3.0867925995024876,1.015625,1.7760416666666665,0.2825091575091575,1.4018429487179487,1.0024801587301586,0.7638888888888888,6.573528901653901,0.0,0.642361111111111,1.2924107142857142,0.0,0.8708639705882353,0.4407051282051282,1.1666666666666665,1.7918669871794872,2.091765873015873,0.0,0.0,1.6392045454545454,1.093484268707483,0.9791666666666666,0.8802083333333334,0.0,0.0,0.0,0.4613095238095238,1.7093028499278498,0.21875,0.0,3.8559027777777777,0.6666666666666666,0.3125,1.0729166666666667,0.9795386904761905,2.416869588744589,3.421474358974359,1.8923611111111112,0.5613425925925926,0.8333333333333333,1.3541666666666667,0.0,1.0188769693200663,1.9704861111111112,1.2853535353535355,0.2678571428571428,1.909188034188034,0.3928571428571428,0.0,0.20833333333333334,0.625,1.435496794871795,2.3425099206349205,0.0,2.845982142857143,0.75,1.0003035159285159,0.6211670274170273,0.47719381313131315,2.0961963383838382,0.2300347222222222,0.0,1.1119791666666667,0.0,0.20089285714285715,1.2847222222222223,1.398375496031746,0.4427083333333333,4.258184523809524,2.62817997974248,0.0,2.7312748015873014,2.4821350524475525,0.29166666666666663,0.0,0.0,4.417782738095238,0.0,2.1884920634920633,2.759052579365079,1.4810267857142856,0.4897186147186147,0.24739583333333331,0.6004464285714286,0.0,1.1067708333333333,0.20833333333333331,0.0,0.3125,0.0,0.0,0.25297619047619047,0.0,0.9717261904761905,1.2132034632034632,0.0,0.0,1.3836805555555556,0.0,0.0,0.0,1.8072916666666665,0.6107200091575091,0.0,0.40900735294117646,0.9688358516483516,0.0,5.581597222222222,0.25,0.0,0.0,0.3415032679738562,0.0,0.3862847222222222,0.0,0.0,0.0,1.0323660714285714,0.0,0.23096955128205127,0.0,0.0,0.0,0.0,0.0,0.0,0.0,0.0,0.0,0.0,0.33854166666666663,0.7142857142857142,0.27232142857142855,0.26041666666666663,1.3098290598290598,0.0,0.0,0.3854166666666667,0.0
37.54712051859723,18.01695927529261,33.04475801975802,11.776004088504088,22.169816294816293,24.981923830138115,29.69409756909757,9.001112313612314,7.832058682058682,12.91616311928812,4.765873015873016,6.119065656565656,0.7469035594035593,10.676732603815937,11.926388888888889,7.225986050986051,4.5810786435786435,36.87542087542087,18.989341676841676,2.6565934065934065,7.8217592592592595,6.037868381618382,12.657818261984929,10.09324294532628,4.858377425044091,5.927011183261183,6.1666005291005295,2.013888888888889,1.9937169312169312,22.624570105820105,15.339628427128426,3.9127674680983504,7.552645502645503,2.16820987654321,3.2999338624338623,5.726851851851852,4.015046296296297,4.964726631393298,0.8358134920634921,3.745791245791246,0.33333333333333337,15.146238021238021,1.923882747543462,2.2319223985890653,2.443145743145743,1.1296296296296298,0.4537037037037037,8.294871101121101,0.4814814814814815,0.22864701436130005,1.8263888888888888,1.0714285714285714,6.680555555555555,1.0324074074074074,0.0,1.6296296296296295,1.6588514109347443,3.779882154882155,0.33459595959595956,3.4930555555555554,1.6319444444444444,4.058712121212121,0.20833333333333331,0.2777777777777778,1.7755647130647132,2.016508954008954,2.0396825396825395,0.0,2.8819444444444446,0.0,0.0,0.0,0.20391414141414144,1.5740740740740742,1.2384259259259258,0.0,3.8988095238095237,1.0224476911976912,0.5555555555555556,0.6828703703703703,0.3125,0.360969387755102,0.0,1.0578703703703705,0.0,0.48611111111111116,0.0,4.881349206349206,0.47089947089947093,1.25,1.25,1.1805555555555556,2.5493506493506493,0.0,0.22222222222222224,0.8229166666666667,0.0,1.5625,0.0,4.25242504409171,0.5555555555555556,0.0,0.0,0.21666666666666667,3.138098244348244,2.2858796296296298,0.823502886002886,5.578235653235653,0.4298941798941799,0.0,0.7665343915343915,1.902777777777778,8.854166666666666,0.2962962962962963,0.5833333333333334,0.0,0.20833333333333331,2.803240740740741,0.6489748677248677,1.2662037037037037,1.8402777777777777,0.6402777777777777,0.0,0.0,0.3888888888888889,0.7718253968253967,0.0,0.2847222222222222,1.7898809523809525,2.627645502645503,0.5423280423280423,0.0,0.5654761904761905,0.9606481481481481,1.1342592592592593,0.5462962962962963,0.5555555555555556,7.360208078958079,5.436067019400353,0.627104377104377,2.4699074074074074,0.7662037037037037,0.9790013227513227,0.2777777777777778,1.1984126984126984,0.0,0.0,0.9618055555555556,0.0,0.0,0.0,0.20370370370370372,0.0,0.0,1.5547378547378545,0.9887566137566137,0.0,0.0,0.8078703703703703,0.0,0.0,0.0,0.0,0.20833333333333331,0.5555555555555556,0.0,0.0,0.0,0.7361111111111112,0.0,0.0,0.2777777777777778,0.0,0.0,0.0,0.32407407407407407,0.0,0.0,0.7575757575757576,0.0,0.0,0.0,0.0,0.0,0.9273504273504274,0.0,0.0,0.7777777777777778,0.0,0.0,0.0,0.23148148148148148,0.7142857142857142,0.0,0.0,0.6616809116809117,0.0,0.0,0.0,0.0
8.928000224939,0.46518390906146007,0.7278364370201105,0.30114188532555874,0.3705679241393527,0.47880223517978615,1.3267735665694849,0.6152818270165208,0.7687074829931972,2.6331997084548107,0.347424684159378,5.10671768707483,0.2730364873222016,2.307431338043583,0.2504086050004417,0.8460884353741496,0.6667439703153989,0.4148850016196955,2.8093719630709426,0.2942986718496923,0.26038629737609326,0.6383219954648526,1.559234133213725,0.3039965986394558,0.25819418676561534,0.0,0.21683673469387757,0.4249087080719734,0.30601201519568866,0.2551020408163265,0.2551020408163265,0.8865605766115969,0.4342808551992225,0.0,0.9378561489530877,0.0,0.22151360544217685,0.0,0.3875526401036605,0.43008989310009715,0.21331389698736636,0.0,0.0,0.0,0.0,0.0,0.0,0.0,0.0,0.21080336896663426,0.0,0.8018707482993197,0.0,0.2757531584062196,0.47398180051241273,0.0,0.0,0.0,0.0,0.0,0.0,0.0,0.0,0.0,0.0,0.0,0.0,0.0,0.0,0.29761904761904756,0.0,0.0,0.0,0.0,0.0,0.0,0.0,0.0,0.5178571428571428,0.0,0.0,0.0,0.0,0.0,0.0,0.0,0.9056122448979592,0.0,0.0,0.0,0.0,0.0,0.0,0.4919825072886297,0.0,0.0,0.0,0.0,0.0,0.2465986394557823,0.0,0.0,0.0,0.0,0.0,0.0,0.0,0.0,0.0,0.0,0.0,0.0,0.0,0.0,0.0,0.0,0.0,0.0,0.0,0.0,0.0,0.0,0.23814677386105956,0.0,0.0,0.0,1.2981859410430838,0.0,0.0,0.0,0.0,0.3333333333333333,0.0,0.0,0.0,0.0,0.0,0.0,0.0,0.0,0.0,0.0,0.0,0.0,0.0,0.0,0.0,0.0,0.0,0.0,0.0,2.0,0.0,0.0,0.0,0.0,0.0,0.0,0.0,0.8847586653709102,0.0,0.0,0.0,0.0,0.5510204081632653,0.0,0.0,0.0,0.0,0.0,0.0,0.0,0.0,0.0,0.0,0.0,0.0,0.0,0.0,0.0,0.0,0.0,0.0,0.0,0.0,0.0,0.0,0.0,0.0,1.75,0.0,0.0,0.0,0.0,0.0,0.0,0.0,0.0,0.0,0.0
0.4605263157894737,0.0,0.0,0.0,0.0,0.0,0.0,0.0,0.0,0.0,0.0,0.0,0.0,0.0,0.0,0.0,0.0,0.0,0.0,0.0,0.0,0.0,0.0,0.0,0.0,0.0,0.0,0.0,0.0,0.0,0.0,0.0,0.0,0.0,0.0,0.0,0.0,0.0,0.0,0.0,0.0,0.0,0.0,0.0,0.0,0.0,0.0,0.0,0.0,0.0,0.0,0.0,0.0,0.0,0.0,0.0,0.0,0.0,0.0,0.0,0.0,0.0,0.0,0.0,0.0,0.0,0.0,0.0,0.0,0.0,0.0,0.0,0.0,0.0,0.0,0.0,0.0,0.0,0.0,0.0,0.0,0.0,0.0,0.0,0.0,0.0,0.0,0.0,0.0,0.0,0.0,0.0,0.0,0.0,0.0,0.0,0.0,0.0,0.0,0.0,0.0,0.0,0.0,0.0,0.0,0.0,0.0,0.0,0.0,0.0,0.0,0.0,0.0,0.0,0.0,0.0,0.0,0.0,0.0,0.0,0.0,0.0,0.0,0.0,0.0,0.0,0.0,0.0,0.0,0.0,0.0,0.0,0.0,0.0,0.0,0.0,0.0,0.0,0.0,0.0,0.0,0.0,0.0,0.0,0.0,0.0,0.0,0.0,0.0,0.0,0.0,0.0,0.0,0.0,0.0,0.0,0.0,0.0,0.0,0.0,0.0,0.0,0.0,0.0,0.0,0.0,0.0,0.0,0.0,0.0,0.0,0.0,0.0,0.0,0.0,0.0,0.0,0.0,0.0,0.0,0.0,0.0,0.0,0.0,0.0,0.0,0.0,0.0,0.0,0.0,0.0,0.0,0.0,0.0,0.0,0.0,0.0,0.0,0.0,0.0
8.678000224939,0.46518390906146007,2.3945031036867768,0.30114188532555874,0.3705679241393527,0.47880223517978615,3.410106899902818,0.6152818270165208,0.7687074829931972,0.6331997084548104,0.347424684159378,2.6483843537414966,0.2730364873222016,0.36298689359913844,1.9170752716671082,0.8460884353741496,0.5774582560296846,0.4148850016196955,0.30937196307094267,0.2942986718496923,0.26038629737609326,0.6383219954648526,3.434234133213725,0.3039965986394558,0.25819418676561534,1.7808662426009363,0.21683673469387757,0.4249087080719734,0.30601201519568866,0.2551020408163265,0.2551020408163265,0.8865605766115969,0.4342808551992225,0.0,0.9378561489530877,0.0,0.22151360544217685,0.0,0.3875526401036605,0.43008989310009715,0.21331389698736636,0.0,0.0,0.0,0.0,0.0,0.0,0.0,0.0,0.21080336896663426,0.0,0.8018707482993197,0.0,0.2757531584062196,0.47398180051241273,0.0,0.0,0.0,0.0,0.0,0.0,0.0,0.0,0.0,0.0,0.0,0.0,0.0,0.0,0.29761904761904756,0.0,0.0,0.0,0.0,0.0,0.0,0.0,0.0,0.5178571428571428,0.0,0.0,0.0,0.0,0.0,0.0,0.0,1.1139455782312924,0.0,0.0,0.0,0.0,0.0,0.0,0.4919825072886297,0.0,0.0,0.0,0.0,0.0,0.2465986394557823,0.0,0.0,0.0,0.0,0.0,0.0,0.0,0.0,0.0,0.0,0.0,0.0,0.0,0.0,0.0,0.0,0.0,0.0,0.0,0.0,0.0,0.0,0.23814677386105956,0.0,0.0,0.0,0.0,0.0,0.0,0.0,0.0,0.3333333333333333,0.0,0.0,0.0,0.0,0.0,0.0,0.0,0.0,0.0,0.0,0.0,0.0,0.0,0.0,0.0,0.0,0.0,0.0,0.0,0.0,0.0,0.0,0.0,0.0,0.0,0.0,0.0,0.6069808875931324,0.0,0.0,0.0,0.0,0.0,0.0,0.0,0.0,0.0,0.0,0.0,0.0,0.0,0.0,0.0,0.0,0.0,0.0,0.0,0.0,0.0,0.0,0.0,0.0,0.0,0.0,0.0,0.0,0.0,0.0,0.0,0.0,0.0,0.0,0.0,0.0,0.0,0.0,0.0,0.0
19.8734709022209,13.087454975579975,3.430655174405174,11.726883903133903,6.065882173382173,5.967763278388278,3.0172313797313794,4.964206349206349,4.480925671550671,9.049803526053525,0.9127480158730159,18.5943853021978,2.8548992673992672,4.693962563337563,2.994405525030525,14.135545634920636,12.926675824175824,2.4827480158730157,0.5452628968253969,1.533068147130647,2.390426587301587,6.654108669108669,3.8976149776149773,2.4829326923076924,7.659718337218337,23.286009996947495,1.692718253968254,3.8039300976800976,2.1969815254190252,2.335138195138195,4.542147435897435,4.091830738705739,1.9934065934065934,5.129350198412698,2.896971153846154,1.0285149572649572,0.8118551587301587,7.197028769841269,2.502938415750916,1.1885206807081807,2.137171855921856,0.0,0.0,0.35622710622710624,0.0,0.5712950244200243,0.0,0.3084134615384615,4.0005933302808305,2.5588576007326007,0.6077686202686202,4.63065349002849,0.0,0.6288141025641025,4.981019917582417,4.186351114163614,1.1359249084249083,0.0,4.004806547619047,0.315892094017094,0.49428037240537237,0.23821924603174605,0.2914300976800977,1.8979552045177046,0.0,0.0,0.0,0.2564102564102564,0.0,0.2622767857142857,0.5750457875457875,0.275,1.1753968253968254,0.21770833333333334,0.2673611111111111,3.1373242266992265,0.0,0.35,0.0,0.0,1.3963541666666666,1.101686507936508,2.05250296000296,0.4769345238095238,0.882688492063492,0.0,0.0,0.0,1.6807844932844933,0.3383279914529915,0.390625,0.0,0.0,0.0,0.2777777777777778,1.005406746031746,0.5908333333333333,0.0,0.5039930555555555,0.0,0.0,0.0,0.770436507936508,0.0,0.0,0.0,0.5694673382173382,0.0,0.0,0.2361111111111111,0.0,0.0,0.0,0.0,1.4146825396825398,0.0,0.5282837301587301,0.0,0.0,0.0,0.0,0.0,0.0,0.0,0.0,0.6073069291819292,0.0,0.4117483211233211,0.0,0.0,0.0,1.0094551282051283,0.0,0.0,0.0,0.0,0.0,0.0,0.0,0.0,0.0,0.0,0.0,0.0,0.3855406746031746,0.3171626984126984,0.0,0.0,0.0,0.0,0.0,0.0,0.0,0.3721230158730159,0.0,0.0,0.0,0.26666666666666666,0.0,0.0,0.0,0.25605921855921854,0.4123263888888889,0.0,0.0,0.0,0.0,0.0,0.0,0.0,0.0,0.0,0.0,0.0,0.0,0.0,0.7135416666666666,0.9861912393162393,0.0,0.0,0.0,0.0,0.0,0.0,0.0,0.0,0.0,0.0,0.0,0.0,0.0,0.0,0.0,0.0,0.0,0.0,0.0,0.0,0.0,0.670400641025641
18.312518037518036,5.853003721424774,12.241666666666667,0.8714285714285714,1.866025641025641,1.8631578947368421,3.2653499278499276,1.625,0.0,2.0988039738039737,1.2083333333333333,0.0,0.25,0.5909090909090909,0.9166666666666666,1.0,3.1083333333333334,0.9813034188034189,0.0,0.3333333333333333,0.0,1.0555555555555556,2.3384476634476634,0.5227272727272727,0.0,1.0321969696969697,2.5,0.0,0.26515151515151514,0.0,0.0,0.0,0.2,1.1666666666666665,0.0,0.21955128205128205,0.5,0.25,0.37225274725274726,2.338434829059829,0.0,0.0,0.4375,0.0,0.5,0.4686147186147186,0.2,0.0,0.0,0.0,0.9583333333333334,0.0,0.0,0.0,0.0,0.0,0.0,1.0087301587301587,0.0,0.0,0.0,0.5,0.0,0.0,0.2777777777777778,0.0,0.0,0.0,0.0,0.0,0.0,0.0,0.0,0.0,0.0,0.3571428571428571,0.0,0.0,0.0,0.0,0.0,0.0,0.0,0.0,0.0,0.0,0.0,0.0,0.0,0.0,0.6818181818181819,0.0,0.0,0.5714285714285714,0.0,0.0,0.0,0.0,0.0,0.0,0.0,0.0,0.0,0.0,0.0,0.0,0.0,0.0,0.0,0.0,0.0,0.0,0.0,0.0,0.0,0.0,0.0,0.0,0.0,0.0,0.0,0.0,0.0,0.0,0.0,0.0,0.0,0.0,0.0,0.3125,0.0,0.0,0.0,0.0,0.0,0.0,0.0,0.0,0.0,0.0,0.0,0.0,0.0,0.0,0.0,0.0,0.0,0.0,0.0,0.0,0.0,0.0,0.0,0.0,0.0,0.0,0.0,0.0,0.0,0.0,0.0,0.2857142857142857,0.0,0.0,0.0,0.25,0.0,0.0,0.0,0.0,0.0,0.0,0.0,0.25,0.0,0.0,0.0,0.0,0.0,0.0,0.0,0.0,0.25,0.0,0.0,0.0,0.0,0.0,0.0,0.0,0.0,0.0,0.0,0.0,0.0,0.0,0.0,0.0,0.0,0.0
68.30891349357731,9.1290786309036,35.852755966168516,2.1721673044217686,17.73171948339359,20.57229252864081,21.272477026941313,6.573035676278653,1.8891369047619047,18.014026204580716,1.7858254097093382,6.400891746624023,1.194053827857466,6.939294894094001,4.030128375977257,2.0519770408163263,9.26520528083028,1.1376365144938572,2.1081856511544013,2.3769180246725554,4.323164682539682,5.243675595238095,14.161820002654892,2.5681335034013606,2.303677721088435,1.4674479166666665,1.843505205112348,2.7036830357142856,0.7262194650587507,0.4270833333333333,1.217828798185941,0.7326388888888888,1.2021103896103895,9.916726069069819,0.23160173160173161,0.984202869580668,1.8512162440733868,2.5142746018862088,0.2979113520408163,7.561762311762312,0.41489512471655327,3.724605751391466,1.2722151360544216,0.624898538961039,1.25,2.733134920634921,0.9449404761904762,0.0,4.390246534219749,0.0,1.8474968112244898,2.129092261904762,3.209951810542248,0.5963010204081632,0.2353050595238095,0.42348710317460314,0.7145337301587301,0.9760105965463108,0.24234693877551017,0.6882440476190476,1.2340888278388278,0.8341884328358209,0.5059523809523809,4.460524594453166,0.3865947420634921,0.0,0.4575892857142857,0.27976190476190477,0.4662698412698412,0.0,0.46187641723356004,0.416843820861678,0.4845779220779221,0.0,0.21726190476190474,1.15625,0.0,0.0,0.7124255952380952,0.203125,0.31249999999999994,1.021577380952381,0.24659863945578228,0.0,0.3162202380952381,0.6002435064935064,0.0,1.4577132936507935,0.21391369047619047,0.0,1.2298671588716898,0.21207611832611833,0.0,0.0,12.94890873015873,0.8366815476190476,2.9714387175324677,0.21428571428571427,0.0,0.0,0.4496527777777778,3.1324404761904763,0.21155753968253965,0.38581645344705046,0.0,0.0,0.0,0.4168227605727606,0.0,0.0,0.0,2.5,0.0,0.0,2.5396825396825395,0.0,0.0,0.0,0.0,0.0,0.0,0.0,0.0,0.41220238095238093,0.0,0.0,0.48828124999999994,0.0,0.0,0.0,0.0,0.0,0.0,0.0,0.0,0.0,0.20833333333333331,0.0,0.0,0.0,0.0,0.0,0.0,0.0,0.0,0.0,0.0,0.0,0.0,0.27566964285714285,0.0,0.4791666666666666,0.0,5.25,0.0,0.0,0.0,0.0,0.0,0.0,0.0,1.9419642857142856,0.0,0.0,0.5892857142857143,0.0,0.0,0.234375,0.0,0.0,0.0,0.0,0.0,0.0,0.46875,0.0,0.0,0.5282738095238095,0.0,0.0,0.6026785714285714,0.0,0.0,0.0,0.0,0.0,0.3125,0.0,1.212797619047619,1.3541666666666665,0.0,0.0,0.0,0.0,0.0,0.0,3.790044848584595,0.0,0.0,0.794018817204301
58.807199960388736,3.8818505757281265,14.110592569776243,3.3894355361192097,30.47368841475984,17.407968901846452,22.286062888358806,6.162156827016521,3.9085884353741496,3.188755264010366,5.972424684159378,1.1015093537414966,0.4119253762110905,4.583224988837234,1.5629086050004417,0.8460884353741496,4.637451990365524,1.5607183349530287,3.1831454118443916,0.9609653385163589,4.828063065052861,0.6383219954648526,14.831456355435947,7.595663265306122,2.5845830756545043,0.6520783638130577,0.4102891156462585,5.862408708071974,4.544107253290926,0.2551020408163265,0.2551020408163265,2.136560576611597,0.4342808551992225,1.2967687074829932,0.9378561489530877,0.3873299319727891,0.22151360544217685,1.0354686318972033,0.6375526401036605,4.723177014312219,0.21331389698736636,0.0,0.22916666666666666,0.42717260064198836,1.25,0.37074829931972786,3.2125850340136055,0.0,1.2585337706511175,1.4608033689666342,0.0,1.8586167800453515,2.0717170796890185,0.5535309361839974,3.732910371940984,3.010204081632653,0.0,0.0,0.0,0.0,0.0,0.8090379008746356,0.0,2.0459183673469385,0.0,0.0,0.0,1.0,0.0,0.29761904761904756,0.5510204081632653,0.0,1.4322157434402332,0.0,0.0,0.2791950113378685,0.0,0.0,0.9464285714285714,0.0,0.0,0.0,1.875,0.0,0.0,0.32759353741496594,0.28061224489795916,0.0,0.0,0.0,4.870350737697676,0.0,0.5642857142857143,0.4919825072886297,0.3713151927437642,0.32369614512471656,0.0,0.0,0.0,0.4549319727891156,0.0,0.0,0.0,0.0,0.0,0.0,0.0,0.0,0.0,0.0,0.0,2.82624716553288,0.0,0.0,0.0,0.0,0.0,0.0,0.0,0.0,0.0,0.0,2.7381467738610596,0.0,0.0,0.0,0.0,0.0,0.0,0.0,0.25,1.583333333333333,0.0,0.0,0.0,0.0,0.0,0.0,0.0,0.0,0.0,0.0,0.0,0.0,0.0,0.0,0.0,0.0,0.0,0.0,1.875,0.0,0.0,0.0,0.0,0.0,0.0,0.0,0.0,0.6069808875931324,0.0,0.5923226433430515,0.0,0.6625,0.0,0.0,2.576530612244898,0.0,0.0,0.0,0.0,0.0,0.0,0.0,0.0,0.0,0.0,0.0,0.0,0.0,0.0,0.0,0.0,0.0,0.0,0.0,0.3438971742543171,0.0,0.0,3.6158730158730155,0.0,0.0,0.0,0.0,0.0,0.0,0.0,0.0,0.0,0.0
5.248237976782753,3.6134188750126914,1.5297619047619047,0.3571428571428571,0.0,0.0,5.204861111111111,0.0,0.0,1.7361111111111112,1.2638888888888888,0.6996268656716418,0.8706467661691543,0.0,4.130362219514671,1.5,0.0,0.0,0.0,1.7039800995024874,0.2777777777777778,2.5,0.21588486140724944,5.833333333333333,0.0,0.9649122807017543,0.0,0.0,0.0,0.0,0.0,0.0,0.0,0.0,0.0,0.0,0.3125,0.0,0.9226190476190476,0.0,0.0,0.0,0.0,0.0,0.0,0.0,0.0,0.0,0.0,0.0,0.0,0.0,0.0,0.0,0.0,0.0,0.0,0.20833333333333331,0.0,0.0,0.0,0.0,0.0,0.0,0.0,0.0,0.0,0.0,0.0,0.0,0.0,0.8333333333333333,0.0,0.8333333333333333,0.0,0.0,0.0,0.0,0.0,0.0,0.0,0.0,0.0,0.0,0.0,0.0,0.2777777777777778,0.0,0.0,0.0,0.0,0.0,0.0,0.0,0.0,0.0,0.0,0.0,0.0,0.0,0.0,0.0,0.0,0.0,0.0,0.0,0.0,0.0,0.0,0.21428571428571427,0.0,0.8333333333333333,0.0,0.0,0.0,0.0,0.0,0.0,0.0,0.0,0.0,0.0,0.0,0.0,0.0,0.0,0.0,0.0,0.0,0.0,0.0,0.0,0.0,0.0,0.0,0.0,0.0,0.0,0.0,0.0,0.0,0.0,0.0,0.20833333333333331,0.0,0.0,0.0,0.0,0.0,0.0,0.0,0.0,0.0,0.0,0.0,0.0,0.0,0.8333333333333333,0.0,0.0,0.0,0.0,0.0,0.0,0.0,0.0,0.0,0.0,0.0,0.0,0.0,0.0,0.0,0.0,0.0,0.0,0.0,0.0,0.0,0.0,0.0,0.0,0.0,0.0,0.0,0.0,0.0,0.0,0.0,0.0,0.0,0.0,0.0,0.0,0.0,0.0,0.0,0.0,0.0,0.0
12.045215100965759,2.5023077639015803,5.071428571428571,1.6765873015873014,11.657814407814408,0.8706467661691542,7.381944444444445,3.717868988391376,0.8333333333333333,2.4305555555555554,4.597222222222222,1.046849087893864,0.0,9.791666666666666,6.630362219514671,5.0,0.0,0.38971807628524047,19.063552188552187,0.4539800995024876,2.319444444444444,0.2777777777777778,0.21588486140724944,0.0,0.0,2.853801169590643,0.0,0.0,10.0,0.0,0.0,0.22058823529411764,0.5555555555555556,1.6666666666666665,0.0,0.0,0.3125,0.0,0.0,0.0,0.0,10.0,0.0,0.0,7.555555555555555,0.9027777777777777,0.0,0.8333333333333333,0.0,0.0,0.0,13.159992784992784,0.0,0.0,0.0,0.0,0.0,0.8333333333333333,0.0,0.0,0.0,0.0,0.0,0.0,0.0,0.39682539682539686,0.2777777777777778,0.0,0.0,0.0,0.0,0.0,0.0,0.8333333333333333,0.41666666666666663,0.0,1.25,0.0,0.0,0.0,0.0,0.0,0.0,0.0,0.0,0.0,0.2777777777777778,0.0,0.0,0.0,0.0,2.5,0.0,0.0,0.0,0.0,0.0,0.0,0.0,0.0,0.0,0.0,0.0,0.0,0.20833333333333331,0.9722222222222222,0.0,0.0,0.0,0.21428571428571427,0.0,0.8333333333333333,2.5,4.71011396011396,0.0,0.0,0.0,0.0,0.2777777777777778,0.0,0.0,0.0,0.0,0.0,0.0,0.0,0.0,0.0,0.0,0.0,0.0,0.0,27.947751322751323,0.0,0.0,0.0,0.0,0.0,0.0,0.0,0.0,0.0,0.0,0.0,0.0,0.0,0.20833333333333331,0.0,0.0,0.0,0.0,0.0,1.3611111111111112,0.0,0.5327380952380952,0.0,0.8333333333333334,0.0,0.0,0.0,0.0,0.0,0.0,2.2870370370370368,0.0,0.0,0.0,0.0,0.0,0.0,0.0,0.41666666666666663,0.0,0.0,0.0,0.0,0.0,0.0,0.0,0.0,0.0,0.0,0.0,0.0,0.0,0.0,0.0,0.0,0.0,0.0,0.0,0.0,0.0,0.0,0.0,0.0,0.0,0.0,0.0,0.0
33.4343455489425,0.8517156862745098,2.359375,3.040236928104575,2.3550857843137254,5.435661764705882,112.95091474089635,2.6011029411764706,0.37683823529411764,4.467218137254902,3.6158088235294117,3.649444152661064,2.455269607843137,6.2109375,0.0,0.0,0.75,4.4375,1.453125,6.625,2.5775462962962963,12.137648809523808,1.2794117647058822,0.0,5.208333333333333,0.625,3.5156249999999996,0.9120273109243697,0.6985294117647058,2.5,1.6680372807017543,0.36764705882352944,0.0,0.7604166666666666,0.625,0.0,0.0,2.6041666666666665,0.0,0.0,0.0,3.3051470588235294,0.0,0.0,2.2297794117647056,0.2450980392156863,3.333333333333333,3.858681630546956,0.0,0.0,0.41666666666666663,0.8333333333333333,14.776654411764705,0.0,0.0,0.0,0.0,0.0,0.0,0.20833333333333331,5.0,0.0,0.7142857142857142,0.0,0.29411764705882354,0.0,10.989583333333332,0.0,0.0,0.625,0.0,1.25,0.0,2.080269607843137,0.0,0.0,6.047794117647058,0.0,0.0,0.0,0.0,0.0,0.8333333333333333,1.6071428571428572,0.0,0.546875,0.0,0.41666666666666663,1.25,0.0,2.9166666666666665,2.5,0.0,0.0,0.0,0.0,0.0,0.0,0.0,0.0,0.0,1.875,0.0,0.0,6.440716911764706,0.0,0.0,0.0,0.0,0.0,0.0,0.0,0.0,0.0,0.0,0.0,0.0,0.0,0.0,0.3033088235294118,0.0,0.0,0.0,1.75,0.0,0.0,0.0,0.0,0.0,1.4846813725490196,0.0,0.0,0.0,0.0,0.0,0.0,0.0,0.25240384615384615,0.0,0.0,0.0,0.0,0.0,0.0,0.0,0.0,4.583333333333333,0.0,0.0,1.3125,0.0,0.0,0.3571428571428571,0.0,0.9459252450980391,0.0,0.0,1.25,0.0,0.0,2.5,0.0,0.0,0.0,0.0,0.0,0.0,0.0,0.0,0.0,0.0,0.0,0.0,0.0,0.0,0.8333333333333333,0.0,0.0,0.0,0.0,3.833333333333333,0.0,0.0,0.0,1.25,0.0,0.0,0.0,3.625,0.0,0.0,0.8333333333333333,0.0,0.625,0.0,0.0,0.0,0.0,0.22135416666666666,0.0
51.76312713970492,43.122582150947125,15.073332145406724,10.011688095128589,17.200215945004754,10.353725212307145,32.054950924717204,22.238274259133853,31.426600155893833,15.822627638069353,8.30963426823721,8.062247441711728,11.907961569243081,17.389068135801327,20.985251728896685,12.826144386270435,6.555628790236633,13.745641105315475,5.614548708372237,6.972802050112974,9.871688490534778,12.195050917803018,2.042839778999281,10.172455784178473,8.084482019886432,10.384891602072882,6.484037683449448,3.033492798051621,5.707881211925329,12.867207901362011,4.765000468135972,0.5373529411764706,3.527733067586009,1.9161899075869664,3.715049654477175,6.382141531557336,2.0203712443141897,6.256064422563897,0.871329693493559,3.959752971701501,3.490343316813905,7.6489927894234615,6.305434684557584,0.6750349431270484,1.8951828060283942,0.40547415547415544,14.24969984682242,1.2255848707004169,6.564698904037138,1.406726280255692,2.2312185643488163,0.5968487394957983,3.461392832755329,1.679010989010989,1.828681700924348,3.4838177578723797,2.0792538099155746,2.473809523809524,4.155836642349247,3.705074606765783,3.4441523767626707,1.4638397658985893,4.206532288128926,1.5499442868315416,0.8112864504776269,0.4865646258503401,3.4306221163679145,0.7429029304029303,1.6263062917474682,0.7460331825037707,3.363370581850974,4.09801328709417,0.2833333333333333,0.9203373015873015,0.5614197530864198,3.4176356311755467,14.098831683022858,1.5658730158730159,1.4197712418300652,0.0,1.3742648555148556,1.8924718220621581,2.0795568227290917,0.9073611111111111,0.8167857142857142,0.6881257631257631,0.0,4.305060402949058,0.45119047619047614,1.309581228956229,1.4484065934065933,4.22714464429208,0.0,0.8370048161714828,2.838074888074888,1.104960753532182,1.1986819727891156,5.531081797391321,0.3893248616462902,0.8405569920275803,0.352891156462585,1.2472860725486776,0.2991666666666667,2.8026480977006187,0.8633333333333333,1.0951187056018987,1.1753296703296703,1.8053818322200674,0.6503520289234574,0.36340557590557593,0.4020577461753932,0.8777218152218152,0.0,0.660832794656324,0.0,0.4778711484593838,2.9057623049219687,0.0,1.0929819363642892,0.20032051282051283,0.5576960784313725,0.5018055555555555,0.28061224489795916,7.252855925198362,1.022517340269441,0.9764194139194138,0.3186050061050061,1.6120448179271707,0.24216028510900303,0.3600217864923747,0.45348003960808836,0.0,1.9048005313236405,3.0281948334889512,0.8496642246642246,0.2845238095238095,0.0,0.6722096530920061,3.0803571428571423,1.006845238095238,0.5077998806360151,0.0,0.9268681318681318,0.0,0.0,0.6321311858076564,0.9373117623117623,0.21269841269841272,0.2705102040816326,0.0,2.0847760899231487,0.0,0.7503642290249433,0.0,1.1078027364792071,0.0,0.2523529411764706,0.5737161531279178,0.0,0.0,0.2906442577030812,0.0,0.0,1.6435574229691878,0.3238795518207283,0.0,0.0,0.2764423076923077,0.6122064210299504,0.0,0.47560224089635855,0.0,0.0,0.41666666666666663,0.0,0.0,0.0,0.0,0.5607142857142856,0.7592592592592592,1.0039915966386554,0.2367063492063492,0.0,0.43843979899652163,0.0,0.0,0.0,0.0,0.26,0.0,0.25833333333333336,0.4125,0.0,0.3920518207282913,0.26730078563411896,0.0,0.0,0.0,0.0,0.0
29.47741285399064,34.78924881761379,19.23999881207339,21.161489682430176,16.902596897385706,15.145391878973811,44.1938398136061,21.613274259133853,44.82937793367161,21.447627638069353,10.43463426823721,10.124747441711728,13.157961569243081,18.722401469134663,27.651918395563353,12.853922164048214,6.555628790236633,16.523418883093253,11.864548708372238,10.722802050112975,11.121688490534778,20.32005091780302,2.8761731123326144,10.172455784178473,31.090434400838813,12.384891602072882,8.984037683449447,5.387659464718288,8.20788121192533,16.74816028231439,4.765000468135972,0.5373529411764706,8.52773306758601,1.9161899075869664,3.715049654477175,5.96547486489067,2.4370379109808566,6.256064422563897,1.871329693493559,1.7722529717015012,4.115343316813905,19.482326122756795,6.930434684557584,0.6750349431270484,5.645182806028394,0.40547415547415544,14.666366513489086,3.0410610611766073,7.064698904037138,1.406726280255692,2.647885231015483,0.5968487394957983,3.461392832755329,1.679010989010989,1.828681700924348,8.48381775787238,13.085206190867956,3.723809523809524,1.6558366423492472,4.205074606765783,0.9441523767626708,2.2971730992319226,6.331532288128927,1.5499442868315416,6.227953117144294,2.98656462585034,2.5972887830345814,0.7429029304029303,1.6263062917474682,0.7460331825037707,3.363370581850974,4.09801328709417,0.2833333333333333,0.6425595238095237,0.5614197530864198,3.4176356311755467,14.098831683022858,0.45476190476190476,7.836437908496731,1.346184640522876,1.3742648555148556,1.8924718220621581,2.0795568227290917,0.9073611111111111,0.8167857142857142,1.9381257631257631,0.5671296296296295,4.055060402949058,0.45119047619047614,1.309581228956229,1.4484065934065933,3.3938113109587467,0.0,2.0870048161714827,1.588074888074888,1.104960753532182,1.1986819727891156,5.531081797391321,0.3893248616462902,0.8405569920275803,0.352891156462585,1.2472860725486776,0.2991666666666667,3.5764576215101425,2.1133333333333333,3.178452038935232,1.1753296703296703,3.1744294512676863,0.6503520289234574,0.36340557590557593,0.4020577461753932,0.8777218152218152,0.782563025210084,0.660832794656324,0.0,0.4778711484593838,2.7807623049219687,0.0,1.0929819363642892,0.20032051282051283,0.7660294117647058,0.5018055555555555,0.28061224489795916,7.252855925198362,1.8558506736027742,0.9764194139194138,0.3186050061050061,1.6120448179271707,0.24216028510900303,2.8600217864923745,0.7659800396080884,0.0,1.0714671979903072,3.0281948334889512,1.6829975579975578,0.2845238095238095,0.0,0.6722096530920061,3.0803571428571423,1.006845238095238,0.7577998806360151,0.0,0.9268681318681318,0.0,0.0,0.6321311858076564,1.353978428978429,1.0460317460317459,0.2705102040816326,0.0,2.0847760899231487,0.0,0.7503642290249433,0.0,1.1078027364792071,0.0,0.2523529411764706,0.5737161531279178,3.5357142857142856,0.0,0.2906442577030812,0.0,0.35096153846153844,0.39355742296918766,0.3238795518207283,0.0,0.0,0.2764423076923077,0.6122064210299504,0.0,0.47560224089635855,0.0,0.0,0.0,0.0,0.0,0.0,0.0,0.8583333333333333,0.7592592592592592,1.0039915966386554,0.2367063492063492,0.0,0.43843979899652163,0.20833333333333331,0.0,0.0,0.0,0.26,0.0,0.25833333333333336,0.4125,0.625,0.3920518207282913,0.26730078563411896,0.0,0.0,0.0,0.0,0.0
69.1238414254192,50.60174881761379,28.70874881207339,30.749287301477796,48.436624675163486,41.9514434662754,44.92743769720398,78.96396870357829,66.29753269557636,36.752687161878875,12.740189823792765,20.930302997267283,17.235838553370066,29.437679246912438,58.35228215217711,25.891422164048212,18.368128790236632,23.816242957167326,13.170104263927794,28.450480621541544,18.292984786831074,22.78136044161254,14.053256445665948,15.009261339734028,43.85164471829913,17.124474935406216,22.21518847710024,9.882451131384954,44.83734549763961,26.67534282199693,8.46291713480264,2.855061274509804,9.708784654887596,4.416189907586967,6.919910765588286,20.257141531557338,9.1627323554253,16.22035013684961,1.965079693493559,9.117581254529783,12.864351253321841,16.267048344979017,14.641578864451763,3.1222571653492706,3.6660161393617274,6.384640822140822,27.47350937063194,3.033620584986131,9.970948904037138,2.4483929469223584,7.193024119904372,2.6801820728291315,16.469329340691836,4.208772893772894,4.3286817009243475,9.152378363932986,7.952170476582241,3.025892857142857,4.933614420127025,15.041880162321338,1.0483190434293375,8.947470718279542,16.5577227643194,5.008277620164875,2.89461978381096,3.17406462585034,7.035946190441988,3.96165293040293,3.0583499425411187,0.7460331825037707,6.6431324866128785,7.622318842649725,1.9916666666666667,0.9758928571428571,1.0614197530864198,11.923389599429514,17.30716501635619,2.5728174603174603,3.166795051353875,2.117017973856209,4.117320411070411,4.975805155395491,2.9545568227290913,4.675218253968254,3.37234126984127,8.938125763125763,3.5730820105820107,16.038294529933186,2.791468253968254,4.538747895622896,8.456343101343101,9.043811310958747,1.4674242424242423,0.8370048161714828,15.476467745217745,2.5216274201988487,2.08062641723356,14.04497068628021,5.180991528312957,4.473890325360913,1.1862244897959182,10.731082368844973,3.945,8.208898097700619,1.1966666666666665,12.317340927824121,3.4149130036630035,5.742881832220068,1.5878520289234574,0.7592389092389092,0.8499744128420599,4.679805148555149,0.782563025210084,2.9004161279896574,0.3621732026143791,1.311204481792717,4.395345638255302,0.6740196078431373,3.8013152696976222,1.8322649572649572,5.654918300653595,4.491388888888888,0.6972789115646258,13.851070210912647,2.7308506736027742,3.884752747252747,0.7561050061050061,3.2787114845938374,4.325493618442336,3.505855119825708,0.7659800396080884,0.0,1.775170901694011,6.668075785869903,3.3996642246642246,18.93779761904762,0.3571428571428571,0.9222096530920061,3.0803571428571423,4.090178571428571,1.136768134604269,3.2244734432234434,8.2185347985348,0.0,1.3833333333333335,0.7883811858076564,4.124811762311762,3.587698412698413,1.7955102040816326,1.25,4.540133232780292,1.25,3.3128642290249433,0.22569444444444445,2.982802736479207,1.0142857142857142,2.544019607843137,3.8743113912231557,2.400297619047619,0.0,3.290644257703081,0.0,0.0,2.1296685340802988,0.8447128851540616,0.0,0.0,0.2764423076923077,1.028873087696617,0.20833333333333331,0.8922689075630252,0.0,0.0,0.0,0.0,0.5166666666666666,0.0,0.0,0.0,0.9155092592592592,2.2539915966386554,0.2367063492063492,0.6909722222222222,0.5946897989965216,0.20833333333333331,0.0,0.0,0.6944444444444444,0.26,0.0,0.25833333333333336,0.898611111111111,0.0,3.4793534080298785,0.39230078563411896,0.375,2.1875,0.49693627450980393,0.6423611111111112,0.0
16.544820077880175,1.12143390906146,2.1340864370201102,0.6125258138969873,0.4419964955679241,0.7913022351797862,2.162711066569485,0.8450612387812267,0.9249574829931972,4.266012208454811,1.390281827016521,1.28171768707483,0.4397031539888682,1.797262687249932,0.2504086050004417,0.9196178471388555,1.1354939703153988,0.7117600016196954,2.1531219630709426,1.5610397432782637,0.26038629737609326,0.772250566893424,1.241873022102614,0.3039965986394558,0.4144441867656153,0.0,0.288265306122449,0.4249087080719734,2.8839138009099745,0.2551020408163265,0.635657596371882,1.4073939099449302,0.4342808551992225,0.0,0.9378561489530877,0.33003826530612246,0.22151360544217685,0.0,0.6219276401036605,2.6014825527280507,0.21331389698736636,0.4922406462585034,0.0,0.0,0.0,0.0,0.0,0.0,0.23323615160349853,0.21080336896663426,0.0,0.8018707482993197,2.216806365403304,0.2757531584062196,1.0989818005124128,0.510204081632653,1.9260204081632653,1.4461538461538461,0.6296382189239332,0.0,0.0,0.28671647230320696,0.34285714285714286,0.0,0.0,0.0,0.0,0.0,0.0,0.29761904761904756,0.0,0.0,0.0,0.0,0.0,0.0,0.0,0.0,0.6845238095238095,0.0,0.0,0.0,0.9947916666666666,0.0,0.0,0.0,0.28061224489795916,0.0,0.0,0.0,0.0,0.0,0.0,0.4919825072886297,0.0,0.0,0.0,0.0,0.0,0.2465986394557823,0.0,0.0,0.0,0.0,0.0,0.0,0.0,0.0,0.3333333333333333,0.0,0.0,0.0,0.0,0.0,0.0,0.0,0.0,1.5,0.0,0.0,0.0,0.5,0.23814677386105956,0.0,0.49479166666666663,0.0,0.4708049886621315,1.0444201490119858,0.0,0.0,0.0,0.3333333333333333,0.0,0.0,0.0,0.0,0.0,0.0,0.0,0.0,0.0,0.0,0.0,0.0,0.0,0.0,0.0,0.0,0.5,0.0,0.0,0.0,0.0,0.0,0.0,0.0,0.0,0.0,0.0,0.6069808875931324,0.0,0.0,0.0,0.0,0.0,0.0,0.0,0.0,0.2755102040816326,0.0,0.0,0.0,0.0,0.0,0.0,0.0,0.0,0.0,0.0,0.0,0.0,0.0,0.0,0.0,0.0,0.0,0.0,0.0,0.0,0.0,0.0,0.0,0.0,0.0,0.0,0.0,0.0,0.0,0.0,0.23842229199372053
57.4194258453187,4.781812169312169,1.05625,26.37001133786848,77.39804302840017,37.41322751322751,124.57590574108431,33.95139790764791,4.61174543049543,125.65814909297052,10.256481481481481,23.541035353535353,25.48700396825397,8.068353174603175,13.95283189033189,7.268166786916787,19.64705215419501,4.599603174603175,29.84730339105339,19.439998196248197,31.753724747474745,53.11172868137154,0.0,54.002182539682536,16.983267658267657,0.6458333333333334,5.953162115662115,2.1628968253968255,32.48676948051948,30.661841399341398,2.201388888888889,1.3449074074074074,53.11028495314209,19.15191798941799,3.108399470899471,5.722718253968254,12.032771164021163,32.228291847041845,0.5,4.119696969696969,12.608134920634921,5.589351851851852,44.080583900226756,0.0,0.0,40.20641405552119,110.11932961218675,0.6333333333333333,24.04616402116402,3.9308383745883746,8.046016714766715,0.0,23.038113275613274,7.249333536833537,0.0,0.3819444444444445,0.7155753968253968,0.0,0.3396164021164021,4.368055555555555,1.994345238095238,12.13968253968254,0.41666666666666663,1.1299603174603174,14.673430735930735,4.714087301587301,8.714917027417027,0.3125,12.657511337868481,2.439285714285714,4.293716931216931,4.2253968253968255,0.55,4.67390873015873,1.2361111111111112,0.4083333333333333,0.4166666666666667,0.0,1.9724206349206348,1.4277777777777778,1.5833333333333333,2.7338955026455025,0.0,0.0,4.040178571428571,0.6041666666666666,0.0,35.54235972360972,0.2212962962962963,9.78015873015873,14.6734126984127,1.0032467532467533,0.25,4.108531746031746,0.5027777777777778,0.0,2.3222222222222224,3.306051587301587,3.625793650793651,0.0,0.525,0.875,0.9851190476190477,3.473687985295128,0.7083333333333333,1.0873015873015872,0.0,0.75,0.0,0.2837301587301587,0.7163690476190476,0.0,0.0,0.0,0.0,1.2333333333333334,1.7886363636363636,0.0,1.2396825396825397,1.1763257575757575,1.1892857142857143,1.1841269841269841,0.0,18.18326247165533,1.9642857142857142,1.0266203703703702,0.0,3.4140873015873012,1.2153138528138527,0.0,0.0,0.25,0.6668470418470418,5.6338293650793645,1.1714285714285715,0.0,0.4375,0.0,0.44507575757575757,0.0,2.7152777777777777,5.8978174603174605,1.3719155844155844,1.130952380952381,0.34090909090909094,0.0,1.0,0.0,2.4799603174603173,16.738690476190477,0.8708333333333333,1.6111111111111112,0.30522486772486773,0.0,0.0,0.475,1.371494708994709,0.0,0.3492063492063492,0.0,1.2457341269841269,0.0,0.0,1.135515873015873,1.0,2.7163419913419915,8.26002886002886,0.0,0.0,0.0,11.143166357452072,0.0,0.5186507936507936,0.0,0.23809523809523808,1.5611678004535148,0.0,0.0,0.0,0.2857142857142857,1.1519841269841269,0.49999999999999994,0.0,0.0,7.648015873015873,11.84077380952381,0.30000000000000004,0.0,2.4555555555555557,0.0,1.2857142857142856,0.0,0.0,0.49007936507936506,0.579040404040404,0.25,3.588690476190476,0.0,0.0,0.0
143.41758733164983,31.149181547619047,12.422743055555555,44.550317159692156,95.2957175925926,42.219039351851855,32.37859623015873,94.56867033429533,14.664186507936508,14.977041773916774,28.126984126984127,8.16178902116402,5.123263888888888,11.409143518518519,21.95737884800385,30.147858796296294,23.58478009259259,35.646031746031746,10.866085207231041,1.296875,4.428323412698413,12.432291666666666,17.829489087301585,3.638888888888889,48.24495701058201,24.387896825396826,15.8328373015873,20.3172123015873,6.394965277777778,4.7111441798941796,4.302083333333333,11.682953042328043,2.829861111111111,18.759920634920633,2.788814484126984,5.842329545454546,0.7135416666666666,8.233217592592592,1.1458333333333333,3.060267857142857,0.2777777777777778,0.33854166666666663,1.568287037037037,33.255580357142854,27.463872354497354,2.5434027777777777,0.84375,29.642650462962962,3.1763392857142856,0.5208333333333333,0.6875,11.32638888888889,0.7291666666666666,6.985904431216931,1.2847222222222223,3.140625,2.21875,1.1927083333333333,3.0628720238095237,0.5555555555555556,2.8177083333333335,2.2265625,0.0,0.37721836419753085,6.085069444444445,1.3229166666666667,2.364583333333333,2.009341931216931,0.2951388888888889,0.41666666666666663,2.0381944444444446,0.0,13.744584986772486,0.203125,8.960204725829726,0.28125,0.20833333333333331,0.7552083333333333,1.4947916666666665,15.081018518518519,0.0,3.0864197530864197,2.7955109126984126,3.085648148148148,1.6927083333333333,2.0386904761904763,19.225289351851853,0.3125,0.0,0.20833333333333331,1.21875,0.6117724867724867,5.435763888888888,0.41666666666666663,0.9375,0.0,0.5833333333333333,0.9071180555555556,2.138888888888889,0.0,0.8705357142857142,0.2951388888888889,0.0,0.0,0.46875,0.41666666666666663,0.46875,3.0839120370370368,1.2239583333333333,1.2881944444444444,0.234375,33.02889384920635,0.3125,0.0,1.8489583333333333,1.0,0.0,0.6510416666666666,0.32291666666666663,1.328125,0.0,0.21875,0.3472222222222222,0.0,0.0,0.5833333333333333,0.5572916666666666,0.2864583333333333,0.21875,0.0,0.625,0.46875,0.3125,0.0,0.0,0.0,4.847222222222222,0.0,0.5208333333333333,0.3125,0.26041666666666663,0.0,0.0,0.26041666666666663,0.0,0.0,0.0,0.2170138888888889,0.3125,0.46875,2.1319444444444446,0.5208333333333333,0.0,1.3697916666666667,0.0,0.0,0.3125,0.296875,0.0,0.6770833333333333,0.703125,0.0,3.125,0.0,0.0,0.0,0.0,0.0,0.41666666666666663,0.3125,0.0,0.0,0.20833333333333331,0.32291666666666663,1.6067708333333333,0.234375,1.5894097222222223,0.0,0.681423611111111,5.322916666666667,0.0,0.625,0.453125,0.0,0.21875,0.390625,0.65625,2.078125,0.0,0.3125,0.0,0.0,0.3877314814814815,0.0,0.0,0.0,0.0,0.0,0.0,0.0
8.678000224939,0.46518390906146007,0.7278364370201105,0.30114188532555874,0.3705679241393527,0.47880223517978615,1.3267735665694849,0.6152818270165208,0.7687074829931972,0.6331997084548104,0.347424684159378,2.440051020408163,0.2730364873222016,0.36298689359913844,0.2504086050004417,0.8460884353741496,0.5774582560296846,0.4148850016196955,0.30937196307094267,0.2942986718496923,0.26038629737609326,0.6383219954648526,0.934234133213725,0.3039965986394558,0.25819418676561534,0.0,0.21683673469387757,0.4249087080719734,0.30601201519568866,0.2551020408163265,0.2551020408163265,0.8865605766115969,0.4342808551992225,0.0,0.9378561489530877,0.0,0.22151360544217685,0.0,0.3875526401036605,0.43008989310009715,0.21331389698736636,0.0,0.0,0.0,0.0,0.0,0.0,0.0,0.0,0.21080336896663426,0.0,0.8018707482993197,0.0,0.2757531584062196,0.47398180051241273,0.0,0.0,0.0,0.0,0.0,0.0,0.0,0.0,0.0,0.0,0.0,0.0,0.0,0.0,0.29761904761904756,0.0,0.0,0.0,0.0,0.0,0.0,0.0,0.0,0.5178571428571428,0.0,0.0,0.0,0.0,0.0,0.0,0.0,0.28061224489795916,0.0,0.0,0.0,0.0,0.0,0.0,0.4919825072886297,0.0,0.0,0.0,0.0,0.0,0.2465986394557823,0.0,0.0,0.0,0.0,0.0,0.0,0.0,0.0,0.0,0.0,0.0,0.0,0.0,0.0,0.0,0.0,0.0,0.0,0.0,0.0,0.0,0.0,0.23814677386105956,0.0,0.0,0.0,0.0,0.0,0.0,0.0,0.0,0.3333333333333333,0.0,0.0,0.0,0.0,0.0,0.0,0.0,0.0,0.0,0.0,0.0,0.0,0.0,0.0,0.0,0.0,0.0,0.0,0.0,0.0,0.0,0.0,0.0,0.0,0.0,0.0,0.0,0.6069808875931324,0.0,0.0,0.0,0.0,0.0,0.0,0.0,0.0,0.0,0.0,0.0,0.0,0.0,0.0,0.0,0.0,0.0,0.0,0.0,0.0,0.0,0.0,0.0,0.0,0.0,0.0,0.0,0.0,0.0,0.0,0.0,0.0,0.0,0.0,0.0,0.0,0.0,0.0,0.0,0.0
17.76684712346477,1.5961309523809524,16.412660256410255,4.061618165784832,3.707001332001332,2.6509353741496597,0.38633241758241754,0.0,0.3156693711967546,0.0,0.3125,0.0,0.7142857142857143,2.5,0.0,0.0,2.8044566544566547,0.7805429864253394,0.0,1.021474358974359,0.0,0.0,0.0,2.5892857142857144,0.0,0.2777777777777778,0.0,0.0,0.25,0.0,0.0,0.3205882352941176,4.5,0.0,0.0,2.5,0.0,0.0,0.75,2.6190476190476186,0.0,0.23008241758241757,0.3830282112845138,0.0,0.0,0.0,0.0,0.0,0.0,0.0,0.0,0.0,0.0,0.0,0.0,0.0,0.0,0.0,0.0,0.0,0.0,0.0,0.0,0.0,0.0,2.9308608058608057,0.0,0.0,0.2,0.0,0.0,0.0,0.0,0.0,0.0,0.0,0.0,0.25,0.0,0.0,0.0,0.0,0.0,0.0,0.0,0.0,0.0,0.0,0.0,0.0,0.0,0.0,0.0,0.0,0.0,0.0,0.0,0.0,0.0,0.0,0.0,0.0,0.0,0.0,0.0,0.0,0.0,1.7639860139860142,0.2678571428571428,0.0,0.0,0.0,0.0,0.0,0.0,0.0,0.0,0.0,0.0,0.0,0.0,0.0,0.0,0.0,0.0,0.0,3.2264957264957266,0.0,0.0,0.0,0.0,0.0,0.0,0.0,0.0,0.0,0.0,0.0,0.0,0.0,0.0,0.0,0.0,0.0,0.0,0.0,0.0,0.0,0.0,0.0,0.0,0.0,0.0,0.0,0.31875,0.0,0.0,0.0,0.0,0.0,0.0,0.0,0.0,0.0,0.0,0.0,0.0,0.0,0.0,0.0,0.0,0.0,0.0,0.0,0.0,0.0,0.0,0.0,0.0,0.0,0.0,0.0,0.0,0.0,0.26573426573426573,0.0,0.0,0.0,0.0,0.0,0.0,0.0,0.7142857142857142,0.0,0.0,0.0,0.0,0.0,0.0,0.0
101.70684523809524,60.5625,39.33815192743764,22.015093537414966,47.11642573696145,44.98377976190476,10.947916666666666,37.822916666666664,18.75297619047619,26.020386904761903,10.75,26.25595238095238,1.3244047619047619,41.619791666666664,8.642857142857142,6.354166666666666,6.056547619047619,7.6934523809523805,18.808035714285715,29.77455357142857,4.825148809523809,8.986181972789115,4.357638888888889,10.12827380952381,21.90625,13.354166666666666,4.84375,25.34583333333333,3.2142857142857144,0.625,7.75,3.270833333333333,2.8125,4.308035714285714,0.0,0.9375,0.5208333333333333,1.3244047619047619,3.4895833333333335,0.0,1.875,1.1160714285714286,8.139880952380953,8.39375,5.40625,1.5856481481481481,2.918154761904762,6.625,0.0,0.0,0.8333333333333333,0.0,0.9032738095238094,0.0,0.0,0.0,0.9821428571428571,9.0625,1.9791666666666665,0.625,0.0,0.20833333333333331,0.20833333333333331,0.0,2.0944940476190474,0.875,0.8779761904761905,0.875,0.3125,0.0,0.0,0.3645833333333333,0.625,0.0,0.0,0.0,0.0,0.625,0.0,0.6659226190476191,0.0,0.0,0.6770833333333333,0.0,0.20833333333333331,0.2926587301587302,2.34375,3.111111111111111,0.625,0.0,0.0,1.0208333333333333,3.364583333333333,0.26041666666666663,0.0,0.0,0.0,0.20833333333333331,0.3125,2.083333333333333,0.0,0.0,0.4836309523809524,0.0,0.0,0.0,0.625,0.25,58.473214285714285,0.0,1.25,0.20833333333333331,1.0416666666666665,1.4404761904761905,0.625,0.0,1.3020833333333333,0.0,0.0,0.3125,0.0,0.0,0.0,0.0,0.20833333333333331,0.3125,0.0,0.0,0.3125,0.9375,0.0,0.0,0.625,0.0,0.0,0.0,0.625,0.0,0.625,0.0,0.0,0.3125,0.0,0.0,0.0,0.0,0.0,0.0,0.0,0.0,0.0,0.0,0.0,0.0,0.0,0.0,0.0,0.9375,0.0,0.0,0.0,0.0,0.0,0.0,0.0,0.0,0.0,0.0,0.625,0.0,0.0,0.20833333333333331,0.4166666666666667,0.0,0.0,0.0,0.0,0.0,0.0,0.0,0.0,0.8333333333333333,0.0,4.322916666666667,0.0,0.0,0.0,0.0,0.0,0.0,0.0,0.0,0.9375,0.0,0.0,0.0,0.0,0.47916666666666663,0.0,0.0
14.64184712346477,0.8818452380952381,8.49599358974359,0.8116181657848325,5.073794261294261,0.9842687074829932,0.38633241758241754,1.7782738095238095,0.3156693711967546,0.0,0.3125,1.2720588235294117,0.4017857142857143,0.0,0.0,0.0,0.8642857142857143,0.7805429864253394,0.0,1.021474358974359,0.0,0.0,0.0,0.0,0.0,0.0,0.0,0.0,0.25,0.0,0.7291666666666666,0.3205882352941176,0.0,0.0,0.0,0.0,0.8333333333333333,0.0,0.0,0.0,0.0,0.23008241758241757,0.3830282112845138,0.0,0.4851190476190476,0.0,0.0,0.0,0.0,0.0,0.0,0.0,0.0,0.0,0.0,0.0,0.0,0.0,0.0,0.0,0.0,0.0,0.0,0.0,0.0,0.4308608058608059,0.0,0.0,0.2,0.0,0.0,0.0,0.0,0.0,0.0,0.0,0.0,0.25,0.0,0.0,0.0,0.0,0.0,0.0,0.0,0.0,0.0,0.0,0.0,0.0,0.0,0.0,0.0,0.0,0.0,0.0,0.0,0.0,0.0,0.0,0.0,0.0,0.0,0.0,0.0,0.0,0.0,0.0,0.2678571428571428,0.0,0.0,0.0,0.0,0.0,0.0,0.0,0.0,0.0,0.0,0.0,0.0,0.0,0.0,0.0,0.0,0.0,0.0,0.0,0.0,0.0,0.0,0.0,0.0,0.0,0.0,0.0,0.0,0.625,0.0,0.0,0.0,0.0,0.0,0.0,0.0,0.0,0.0,0.0,0.0,0.0,0.0,0.0,0.0,0.0,0.31875,0.0,0.0,0.0,0.0,0.0,0.0,0.0,0.0,0.0,0.0,0.0,0.0,0.0,0.0,0.0,0.0,0.0,0.0,0.0,0.0,0.0,0.0,0.0,0.0,0.0,0.0,0.0,0.0,0.0,0.0,0.0,0.0,0.0,0.0,0.0,0.0,0.0,0.7142857142857142,0.0,0.0,0.0,0.0,0.0,0.0,0.0
57.5444258453187,4.781812169312169,1.05625,25.953344671201815,77.39804302840017,38.66322751322751,124.68007240775098,29.78473124098124,4.61174543049543,123.82878401360544,10.256481481481481,23.541035353535353,25.48700396825397,8.068353174603175,13.95283189033189,5.080666786916787,19.289909297052155,4.599603174603175,29.84730339105339,19.439998196248197,31.33705808080808,53.11172868137154,0.0,54.002182539682536,16.983267658267657,0.6458333333333334,5.953162115662115,2.1628968253968255,32.48676948051948,30.661841399341398,2.201388888888889,1.3449074074074074,47.44361828647543,19.98525132275132,3.108399470899471,5.722718253968254,12.032771164021163,32.228291847041845,0.5,4.119696969696969,12.608134920634921,5.589351851851852,44.080583900226756,0.0,0.0,23.156810880918023,99.22647246932961,0.6333333333333333,24.04616402116402,3.9308383745883746,8.046016714766715,0.0,23.45477994227994,7.249333536833537,0.0,0.3819444444444445,0.7155753968253968,0.0,0.3396164021164021,4.368055555555555,1.994345238095238,12.13968253968254,0.41666666666666663,2.7966269841269837,14.673430735930735,4.714087301587301,11.214917027417027,0.3125,12.657511337868481,2.439285714285714,4.293716931216931,4.2253968253968255,0.55,4.67390873015873,1.2361111111111112,0.4083333333333333,0.4166666666666667,0.0,1.9724206349206348,1.4277777777777778,1.5833333333333333,2.7338955026455025,0.0,0.0,4.040178571428571,0.6041666666666666,0.0,35.54235972360972,0.2212962962962963,9.78015873015873,14.6734126984127,1.0032467532467533,0.25,2.279166666666667,0.5027777777777778,0.0,2.3222222222222224,3.306051587301587,3.625793650793651,0.0,0.525,0.875,0.9851190476190477,3.473687985295128,0.7083333333333333,1.0873015873015872,0.0,0.75,0.0,0.2837301587301587,0.7163690476190476,0.0,0.0,0.0,0.0,1.2333333333333334,1.7886363636363636,0.0,1.2396825396825397,1.1763257575757575,1.1892857142857143,1.1841269841269841,0.0,18.18326247165533,1.9642857142857142,1.0266203703703702,0.0,3.4140873015873012,1.2153138528138527,0.0,0.0,0.25,0.6668470418470418,5.6338293650793645,1.1714285714285715,0.0,0.4375,0.0,0.44507575757575757,0.0,2.7152777777777777,5.8978174603174605,1.3719155844155844,1.130952380952381,0.34090909090909094,0.0,1.0,0.0,2.4799603174603173,16.738690476190477,0.8708333333333333,1.6111111111111112,0.30522486772486773,0.0,0.0,0.475,1.371494708994709,0.0,0.3492063492063492,0.0,1.2457341269841269,0.0,0.0,1.135515873015873,1.0,2.7163419913419915,7.01002886002886,0.0,0.0,0.0,11.143166357452072,0.0,0.5186507936507936,0.0,0.23809523809523808,1.5611678004535148,0.0,0.0,0.0,0.2857142857142857,1.1519841269841269,0.49999999999999994,0.0,0.0,7.648015873015873,11.84077380952381,0.30000000000000004,0.0,2.4555555555555557,0.0,1.2857142857142856,0.0,0.0,0.49007936507936506,0.579040404040404,0.25,3.588690476190476,0.0,0.0,0.0
76.34295970703508,9.492991574380687,25.96615095222238,14.227424505058433,13.380915176093747,10.075742880372411,77.07100565221388,10.170299543946932,17.051293787629994,18.501922883663955,57.39192656549799,11.95632329424307,6.933511817784206,7.8201115253793825,3.9316164712153516,2.351791601255887,13.832274063134024,13.697408114421707,22.376406995781995,66.10602971159673,22.956313825063823,22.49346066631781,8.371475520747909,38.8737638452817,10.903224979385694,2.412202380952381,3.977689909297052,4.434087301587302,12.977898515175301,10.568062871037009,0.7230546834118262,4.186448412698413,25.46939255189255,20.828141511266512,2.1367162698412696,7.340513538078836,2.186415489272632,34.18923566017316,5.166772959183673,3.4563492063492065,8.361018445839875,14.408768602429316,19.982784427873714,1.2723214285714286,0.26373626373626374,7.283761939119081,10.355326975296187,0.4862026862026862,4.4567531179138316,7.062103174603174,10.770589569160999,1.5339616402116403,177.84663353159897,8.738681972789115,0.8928571428571428,4.454761904761905,1.4113492063492064,0.8794217687074829,4.8460694662480375,5.949513888888889,0.34238095238095234,2.075878548275936,6.082091218966219,3.079747732426304,2.160922619047619,1.811111111111111,18.717310744810742,2.105654761904762,10.957142857142857,1.5764158163265307,13.014812925170068,8.780089995982852,0.2982142857142857,4.409821428571429,0.0,0.43833333333333335,2.4517857142857142,1.519426406926407,2.965821812596006,0.4775892857142857,0.6854166666666667,3.8870238095238094,0.2830569727891157,1.1072619047619048,7.981937576312576,0.3486111111111111,0.20833333333333331,5.501385327635328,0.775,2.188268398268398,8.010907264599295,1.1388659951159952,1.2174242424242423,0.6630952380952381,0.5616071428571429,1.3216666666666665,1.0482142857142858,2.530813492063492,2.412541971916972,0.0,1.9791666666666665,0.4400162337662337,1.2138492063492063,2.0023952516329913,0.44666666666666666,0.31029761904761904,2.836845238095238,0.5272394272394273,0.0,0.9333333333333332,0.20595238095238094,1.875,0.0,2.0781498015873017,2.7416666666666663,0.5083333333333333,0.0,0.0,0.4134495464852608,0.9873724489795919,17.29968428397,0.8633974358974359,0.0,4.847121598639456,0.49452457264957267,0.0,0.0,0.2563492063492063,0.5921626984126984,0.0,0.0,2.5,0.22192460317460316,8.100463217338218,1.5145184676434675,0.0,0.0,0.0,0.0,0.337078373015873,0.8793480725623583,0.9196428571428571,0.5148322510822511,4.192321428571429,0.0,0.24166666666666664,1.4220238095238094,0.0,1.3763492063492062,1.1898148148148149,0.8548611111111112,0.0,3.5921301020408163,0.0,0.0,0.976388888888889,1.7244146825396824,0.0,0.0,0.0,1.5671794871794873,0.0,0.0,2.670764652014652,0.25595238095238093,1.9722222222222223,1.1540854978354977,0.0,0.0,0.0,4.109151622187336,0.27,0.0,0.2777777777777778,0.0,0.37777777777777777,0.0,0.0,0.2928571428571428,0.0,16.118154761904762,0.9857142857142857,1.25,0.25,0.6889880952380952,4.436111111111111,0.0,0.0,17.947118437118437,1.5325396825396824,0.5068452380952381,1.0122023809523808,0.0,1.4450396825396825,1.4727380952380953,0.7270408163265305,4.639536306947021,0.0,0.0,0.2272727272727273
47.80404376186914,10.366602685491799,4.566671463457178,18.848895593493808,18.98240069454355,9.672477395856927,65.13148845644669,22.853930496327884,10.39216680350301,238.8336318493015,52.04598639455782,2.8253709132906892,6.364563405085793,14.10195676347462,5.463031815130695,12.359232077446363,5.316994047619048,17.38993456944816,15.10848672161172,65.85647614016817,18.32426867114367,80.49363782051282,1.7083802826526706,12.072027734170591,22.665625773036485,3.599702380952381,12.091479591836734,4.2103769841269845,60.7857358167626,28.26807813355227,1.9611499215070642,6.903602092352092,76.4746595071595,4.164550241425241,3.3783829365079363,13.2930929031582,4.564540489272632,15.661304563492063,0.45546343537414963,0.6507936507936508,2.2030819379033666,13.858967015127728,51.13906749665678,0.6473214285714286,0.0,2.5811838624338623,24.648997094859162,1.1112026862026863,1.7737174036281178,7.699007936507936,36.10159155328798,0.4128306878306878,55.592863690329125,5.359713718820862,0.6845238095238095,1.3208333333333333,4.265515873015873,0.7752551020408163,7.495375021803593,20.127589285714286,0.446547619047619,1.1631801355775235,24.317210266585267,4.435898526077097,2.375952380952381,0.5958333333333333,9.801206247456248,0.20684523809523808,5.074404761904762,0.4653047052154195,5.566400226757369,5.301518567411424,0.381547619047619,2.202579365079365,0.0,1.3133333333333335,0.2642857142857143,1.9360930735930735,0.7164170506912442,0.0,1.7826388888888887,6.114702380952381,0.2830569727891157,0.8855357142857143,5.737592338217338,0.3337301587301587,0.0,22.28586334961335,2.0652777777777778,3.1854906204906204,14.449399328091358,12.074381868131868,0.0,0.29563492063492064,0.5616071428571429,2.3077777777777775,2.5557539682539683,5.491626984126984,2.8708753052503053,0.0,0.0,1.5759589947089947,0.38051587301587303,7.405102167732765,0.405,3.324186507936508,0.0,1.3605727605727607,0.0,0.0,0.9142857142857143,0.4166666666666667,0.0,0.9670386904761904,0.0,0.3,0.0,0.0,0.4967828798185941,1.5839002267573696,2.0637715855573,0.462008547008547,0.0,14.454335317460318,0.577857905982906,0.29166666666666663,0.0,1.2078373015873016,1.5643849206349207,0.0,0.3012364498644986,0.0,0.5645171957671957,8.521594169719169,0.27642322954822957,0.0,0.0,0.0,1.3109410430839001,0.337078373015873,1.508316326530612,0.43898809523809523,0.7042261904761904,0.3852777777777778,0.0,0.0,4.55,0.8476190476190476,1.3432905982905983,0.7215608465608465,2.0435515873015873,1.8928571428571428,4.0782412131519274,0.0,0.0,0.33472222222222225,2.755168650793651,2.1933035714285714,0.0,0.0,4.528290598290598,0.0,0.0,2.1902090964590966,0.46428571428571425,0.0,0.0,0.0,0.0,0.0,1.4762576312576312,0.0,0.0,0.0,0.0,0.5166666666666666,0.0,0.0,0.0,0.41666666666666663,0.669345238095238,0.0,0.0,0.0,0.0,1.0055555555555555,0.3375,0.0,0.4084279609279609,0.0,0.4845238095238095,0.0,0.0,4.011507936507936,3.694960317460317,0.0,0.0,1.1111111111111112,0.0,0.0
1.6024046434494195,2.3634188750126914,3.0297619047619047,0.3571428571428571,0.0,0.0,4.326388888888888,0.8706467661691543,0.0,0.2777777777777778,0.2222222222222222,0.0,0.0,0.0,4.130362219514671,0.0,0.25,0.0,0.0,0.4539800995024876,0.0,0.0,0.21588486140724944,0.0,0.0,0.9649122807017543,0.0,0.0,0.0,0.0,0.0,0.0,0.0,0.0,0.0,0.0,1.1458333333333333,0.0,0.0,0.0,0.0,0.0,0.0,0.0,0.0,0.0,0.0,0.0,0.0,0.0,0.0,1.25,0.0,0.0,0.0,0.0,0.0,0.0,0.0,0.0,0.0,0.0,0.0,0.0,0.0,0.0,0.0,0.0,0.0,0.0,0.0,0.0,0.0,0.0,0.0,0.0,0.0,0.0,0.0,0.0,0.0,0.0,0.0,0.0,0.0,0.0,0.2777777777777778,0.0,0.0,0.0,0.0,0.0,0.0,0.0,0.0,0.0,0.0,0.0,0.0,0.0,0.0,0.0,0.0,0.0,0.0,0.0,0.0,0.0,0.0,0.21428571428571427,0.0,0.0,0.0,0.0,0.0,0.0,0.0,0.0,0.0,0.0,0.0,0.0,0.0,0.0,0.0,0.0,0.0,0.0,0.0,0.0,0.0,0.0,0.0,0.0,0.0,0.0,0.0,0.0,0.0,0.0,0.0,0.0,0.0,0.0,0.0,0.0,0.0,0.0,0.0,0.0,0.0,0.0,0.0,0.0,0.0,0.0,0.0,0.0,0.0,0.0,0.0,0.0,0.0,0.0,0.0,0.0,0.0,0.0,0.0,0.0,0.0,0.0,0.0,0.0,0.0,0.0,0.0,0.0,0.0,0.0,0.0,0.0,0.0,0.0,0.0,0.0,0.0,0.0,0.0,0.0,0.0,0.0,0.0,0.0,0.0,0.0,0.0,0.0,0.0,0.0
21.3218836006336,13.087454975579975,3.430655174405174,11.726883903133903,6.065882173382173,6.384429945054945,3.0172313797313794,4.964206349206349,4.480925671550671,10.51408924033924,0.9127480158730159,18.5943853021978,2.8548992673992672,4.693962563337563,2.994405525030525,14.135545634920636,12.926675824175824,3.3160813492063492,0.5452628968253969,1.533068147130647,2.390426587301587,6.654108669108669,3.8976149776149773,2.4829326923076924,7.659718337218337,23.286009996947495,1.692718253968254,3.8039300976800976,2.1969815254190252,2.335138195138195,4.542147435897435,4.091830738705739,1.9934065934065934,5.129350198412698,2.896971153846154,1.0285149572649572,0.8118551587301587,7.197028769841269,2.502938415750916,1.1885206807081807,2.137171855921856,0.0,0.0,0.35622710622710624,0.0,0.5712950244200243,0.0,0.3084134615384615,4.0005933302808305,2.5588576007326007,0.6077686202686202,4.63065349002849,0.8333333333333334,0.6288141025641025,4.981019917582417,4.186351114163614,1.1359249084249083,0.0,4.004806547619047,0.315892094017094,0.49428037240537237,0.23821924603174605,0.2914300976800977,1.8979552045177046,0.0,0.0,0.0,0.2564102564102564,0.0,0.2622767857142857,0.5750457875457875,0.275,1.1753968253968254,0.21770833333333334,0.2673611111111111,3.1373242266992265,0.0,0.35,0.0,0.0,1.3963541666666666,1.101686507936508,2.05250296000296,0.4769345238095238,0.882688492063492,0.5367063492063492,0.0,0.0,1.6807844932844933,0.3383279914529915,0.390625,0.0,0.0,0.0,0.2777777777777778,1.005406746031746,0.5908333333333333,0.0,0.5039930555555555,0.0,0.0,0.0,0.770436507936508,0.0,0.0,0.0,0.5694673382173382,0.0,0.0,0.2361111111111111,0.0,0.0,0.0,0.0,1.4146825396825398,0.0,0.5282837301587301,0.0,0.0,0.0,0.0,0.0,0.0,0.0,0.0,0.6073069291819292,0.0,0.4117483211233211,0.0,0.0,0.0,1.0094551282051283,0.0,0.0,0.0,0.0,0.0,0.0,0.0,0.0,0.0,0.0,0.0,0.0,0.3855406746031746,0.3171626984126984,0.0,0.0,0.0,0.0,0.0,0.0,0.0,0.3721230158730159,0.0,0.0,0.0,0.26666666666666666,0.0,0.0,0.0,0.25605921855921854,0.4123263888888889,0.0,0.0,0.0,0.0,0.0,0.0,0.0,0.0,0.20238095238095238,0.0,0.0,0.0,0.0,0.7135416666666666,0.9861912393162393,0.0,0.0,0.0,0.0,0.0,0.0,0.0,0.0,0.0,0.0,0.0,0.0,0.0,0.0,0.0,0.0,0.0,0.0,0.0,0.0,0.0,0.670400641025641
102.8530994312882,5.46518390906146,14.94534635765503,12.801141885325558,10.111909915481343,18.984010568513117,5.493440233236151,13.11528182701652,0.7687074829931972,14.376255264010366,2.8474246841593778,2.523384353741496,30.749226963512676,19.845129750741993,0.2504086050004417,5.116921768707483,10.93460111317254,0.4148850016196955,2.8093719630709426,0.2942986718496923,7.204830741820538,0.6383219954648526,19.225900799880392,0.6611394557823128,3.5915275200989485,2.6141995759342693,7.716836734693877,3.549908708071973,0.6631548723385458,0.2551020408163265,0.2551020408163265,3.3865605766115965,0.4342808551992225,0.0,5.223570434667373,0.9141156462585033,0.22151360544217685,4.4982993197278915,0.3875526401036605,2.930089893100097,1.8799805636540328,0.0,0.0,15.471003769473157,0.0,11.88265306122449,0.4506802721088435,0.3571428571428571,4.215379008746355,0.21080336896663426,0.0,3.3018707482993195,0.0,0.2757531584062196,2.973981800512413,0.9268707482993196,0.0,0.0,0.0,2.5583090379008744,2.909438775510204,0.0,0.0,0.8375850340136054,2.4999999999999996,0.0,0.44005102040816324,10.0,0.0,0.29761904761904756,0.0,1.6666666666666665,8.35185860058309,0.0,4.356575963718821,0.0,0.0,0.0,0.5178571428571428,0.0,0.0,0.0,0.0,0.0,2.1530612244897958,0.0,3.0306122448979593,0.0,0.0,0.0,2.521865889212828,0.0,2.1726190476190474,6.116982507288629,2.593537414965986,0.0,1.3690476190476188,0.0,0.0,0.2465986394557823,4.408279220779221,0.0,0.0,0.0,0.0,0.0,0.0,2.9166666666666665,0.0,0.0,0.0,13.034580498866212,0.0,0.0,0.0,15.170068027210883,0.0,0.0,0.0,0.0,0.0,0.0,0.9524324881467737,0.0,0.0,0.0,4.720804988662131,0.0,0.0,0.0,0.0,2.833333333333333,0.0,0.0,0.0,2.5,5.75,0.0,5.051020408163265,0.0,0.0,0.0,0.0,0.0,0.0,0.0,0.0,0.0,0.0,0.0,0.0,0.0,0.0,8.826530612244898,0.0,0.0,0.0,0.0,0.0,0.6069808875931324,0.0,0.9494655004859086,0.0,0.0,0.0,2.691427761580823,0.0,1.262755102040816,0.0,2.583819241982507,0.0,0.0,0.0,0.0,1.2645772594752187,0.0,7.538265306122449,0.0,0.0,0.0,0.0,2.5,6.444444444444445,0.0,0.0,0.0,0.0,0.0,2.5340136054421767,5.0,0.0,0.0,0.0,0.0,0.0,0.0,0.0,0.0,1.6751700680272108,0.0
85.58931570027585,62.94027823760614,137.44978128567027,29.90336541436438,28.41140647080088,52.05482948010122,19.5128431555062,34.87524387094133,14.220019482474193,19.07705868394274,7.223296666231448,24.882781655879484,5.942762249827467,3.89528697952611,21.74641994478951,14.605784714480366,38.07826039030749,24.20578070306331,13.699390384172993,3.2465949062416453,18.360258685892745,7.417039460711821,26.5398648754627,8.702337819185646,14.11024540576171,35.010376545023284,6.559983896940419,3.865008783487044,2.9728907867494825,0.551299009632343,1.9097222222222223,2.608695652173913,2.2705314009661834,2.0567776627559238,4.192708333333333,0.3546123763515068,0.0,3.2424403246414117,0.0,4.962032004830918,0.9791666666666665,7.635416666666666,7.677079738900391,1.754981884057971,10.48311694847021,1.848401196227283,1.8174603174603172,4.699828904991948,0.2940605590062112,0.0,0.0,2.5,2.6215277777777777,0.0,3.8948017310789047,1.5670289855072463,0.24944258639910813,2.9166666666666665,1.6666666666666665,2.6781400966183573,2.9677261396011394,0.4629629629629629,0.0,7.021604938271604,0.5146329365079365,5.416666666666666,0.21235909822866347,0.7336956521739131,0.9247757073844031,5.3125,2.564043209876543,0.6405243558776167,1.6666666666666665,0.0,1.5076154052603328,0.0,0.0,0.8333333333333333,0.0,10.72367738468282,0.3138940571005788,8.57390873015873,1.25,4.084390096618358,0.26268115942028986,1.6815476190476188,11.273651368760063,0.0,2.6762632197414806,0.0,0.8333333333333333,0.0,0.9963768115942029,1.8271604938271604,1.134259259259259,2.083333333333333,0.0,3.9409679826346493,0.0,2.958333333333333,0.0,1.832175925925926,2.9315476190476186,0.0,0.41666666666666663,0.0,0.0,0.8333333333333333,6.681547619047619,1.6782407407407405,1.3043478260869565,0.0,4.221014492753623,2.717391304347826,0.0,1.6666666666666665,0.0,0.0,0.0,0.0,0.0,0.0,0.0,0.0,0.0,0.0,3.9930555555555554,0.0,0.0,0.0,0.0,0.0,0.0,1.3287037037037037,0.0,0.0,2.3611111111111107,0.0,0.8333333333333334,0.0,0.0,0.8333333333333333,0.0,0.0,0.3125,0.0,0.0,0.8333333333333334,0.0,0.625,0.0,0.0,0.0,0.0,0.0,0.0,0.0,0.0,0.0,0.0,0.0,0.0,0.0,0.0,0.41666666666666663,0.41666666666666663,0.0,0.2604166666666667,0.0,0.0,0.0,0.0,0.0,0.8333333333333333,0.0,0.0,0.0,0.8333333333333333,0.0,0.0,0.0,0.6944444444444444,0.0,0.0,0.8556547619047619,0.0,0.0,1.844806763285024,0.0,0.0,0.0,0.0,0.0,0.0,0.0,0.0,3.0555555555555554,0.0,0.0,0.0
11.038170745996121,1.2971582410473537,1.3990127332984477,3.69611781571603,3.1976784723213294,2.3065585924381233,22.628346922055158,2.8792281153755033,2.0141906130268197,11.53792061609026,6.1258475056689345,1.4087042466240227,2.2623808654032533,5.526559938077795,0.7322117093105899,1.2431606488749345,1.8968551587301585,2.4517731937867864,5.041026404151404,12.536039632231663,4.634619200244201,12.240909645909646,0.4583802826526707,7.256799559567416,7.972669423830138,0.28720238095238093,1.8206462585034013,0.6374603174603175,4.561529467556253,10.048832101806239,0.5444832548403976,1.8707738095238096,2.390424297924298,2.358994685869686,0.6700496031746032,3.029204014269313,1.2468321559392987,8.392455357142858,0.351296768707483,0.0,1.9253041601255887,4.862935269095983,4.427427285016571,0.0,0.0,0.21660052910052907,4.337489158351227,0.4862026862026862,0.5832412131519273,0.39345238095238094,2.225847505668934,0.27394179894179893,8.524411309376747,4.392451814058957,0.0,0.6958333333333333,1.4113492063492064,0.0,1.8252361329147042,4.381061507936508,0.34238095238095234,0.8645690244664125,4.570186457061457,2.005342970521542,1.5426190476190476,0.0,2.6194932844932843,0.20684523809523808,1.0119047619047619,0.3264158163265306,1.4790986394557823,2.218185234078091,0.2982142857142857,0.0,0.0,0.23,0.2642857142857143,0.4777597402597403,0.6568932411674346,0.0,0.6020833333333333,3.448035714285714,0.2830569727891157,0.0,2.2728105921855923,0.3337301587301587,0.0,4.721875254375254,0.6625,0.9702128427128427,5.469240597932629,0.963270757020757,0.0,0.0,0.5616071428571429,0.44666666666666666,0.9148809523809524,1.17515873015873,0.7458753052503052,0.0,0.0,0.34910714285714284,0.38051587301587303,0.5415108978914949,0.23833333333333334,0.22696428571428573,0.0,0.5272394272394273,0.0,0.0,0.20595238095238094,0.0,0.0,0.0,0.0,0.3,0.0,0.0,0.4134495464852608,0.0,1.1867874585731728,0.0,0.0,2.519315476190476,0.49452457264957267,0.0,0.0,0.0,0.5921626984126984,0.0,0.0,0.0,0.22192460317460316,3.985879884004884,0.27642322954822957,0.0,0.0,0.0,0.0,0.337078373015873,0.8793480725623583,0.28273809523809523,0.28755952380952376,0.0,0.0,0.0,0.25833333333333336,0.0,0.0,0.5826719576719577,0.0,0.0,0.6129634353741497,0.0,0.0,0.33472222222222225,0.5815575396825396,0.0,0.0,0.0,0.29217948717948716,0.0,0.0,0.45409798534798534,0.25595238095238093,0.0,0.0,0.0,0.0,0.0,0.5734798534798535,0.0,0.0,0.0,0.0,0.0,0.0,0.0,0.0,0.0,0.2526785714285714,0.0,0.0,0.0,0.0,0.0,0.0,0.0,0.4084279609279609,0.0,0.4845238095238095,0.0,0.0,0.0,0.22273809523809524,0.0,0.0,0.0,0.0,0.0
0.46846846846846846,0.399311075781664,0.24613899613899612,0.30180180180180183,0.0,0.0,0.5139961389961389,0.547940797940798,0.20270270270270271,0.0,0.21235521235521232,0.0,0.0,0.0,0.0,0.0,0.0,0.38129305776364597,0.0,0.0,0.0,0.0,0.0,0.0,0.0,0.0,0.0,0.0,0.0,0.0,0.0,0.0,0.0,0.0,0.0,0.0,0.0,0.0,0.0,0.0,0.0,0.0,0.0,0.0,0.0,0.0,0.0,0.0,0.0,0.0,0.0,0.0,0.0,0.0,0.0,0.0,0.0,0.0,0.0,0.0,0.0,0.0,0.0,0.0,0.0,0.0,0.0,0.0,0.0,0.0,0.0,0.0,0.0,0.0,0.0,0.0,0.0,0.0,0.0,0.0,0.0,0.0,0.0,0.0,0.0,0.0,0.0,0.0,0.0,0.0,0.0,0.0,0.0,0.0,0.0,0.0,0.0,0.0,0.0,0.0,0.0,0.0,0.0,0.0,0.0,0.0,0.0,0.0,0.0,0.0,0.0,0.0,0.0,0.0,0.0,0.0,0.0,0.0,0.0,0.0,0.0,0.0,0.0,0.0,0.0,0.0,0.0,0.0,0.0,0.0,0.0,0.0,0.0,0.0,0.0,0.0,0.0,0.0,0.0,0.0,0.0,0.0,0.0,0.0,0.0,0.0,0.0,0.0,0.0,0.0,0.0,0.0,0.0,0.0,0.0,0.0,0.0,0.0,0.0,0.0,0.0,0.0,0.0,0.0,0.0,0.0,0.0,0.0,0.0,0.0,0.0,0.0,0.0,0.0,0.0,0.0,0.0,0.0,0.0,0.0,0.0,0.0,0.0,0.0,0.0,0.0,0.0,0.0,0.0,0.0,0.0,0.0,0.0,0.0,0.0,0.0,0.0,0.0,0.0,0.0
4.534614875528694,1.7694937713187393,0.8917707708083232,2.1721673044217686,1.3182544761785833,1.2796337984820794,3.136403898680684,1.6099674944604707,1.290922619047619,3.139026204580716,0.6925488945578231,1.0102667466240227,1.037803827857466,1.4890784438775508,0.6551283759772566,1.8957270408163265,0.6530257936507936,0.8251365144938572,0.9096602182539681,0.8590608818154126,0.456845238095238,3.5497271825396823,0.50011105188344,1.3181335034013604,2.095344387755102,0.27697172619047616,1.1292194908266335,0.7505580357142857,0.6978103741496599,0.4270833333333333,1.217828798185941,0.5763888888888888,0.9464285714285714,1.7254520652958152,0.23160173160173161,0.984202869580668,0.7527990362811791,1.889274601886209,0.2979113520408163,0.9117890211640212,0.41489512471655327,1.0683557513914657,0.4388818027210884,0.24989853896103897,0.0,0.2331349206349206,0.9449404761904762,0.0,0.8400120464852607,0.0,0.4586079223356009,1.1290922619047619,1.7351921951576328,0.5963010204081632,0.2353050595238095,0.42348710317460314,0.7145337301587301,0.0,0.24234693877551017,0.6882440476190476,0.3005952380952381,0.0,0.5059523809523809,0.3018707482993197,0.0,0.0,0.4575892857142857,0.27976190476190477,0.376984126984127,0.0,0.21187641723356007,0.416843820861678,0.0,0.0,0.21726190476190474,0.0,0.0,0.0,0.7124255952380952,0.0,0.31249999999999994,1.021577380952381,0.0,0.0,0.3162202380952381,0.0,0.0,0.0,0.21391369047619047,0.0,0.548048977053508,0.21207611832611833,0.0,0.0,0.0,0.8366815476190476,0.4714387175324675,0.21428571428571427,0.0,0.0,0.0,0.2157738095238095,0.21155753968253965,0.38581645344705046,0.0,0.0,0.0,0.4168227605727606,0.0,0.0,0.0,0.0,0.0,0.0,0.3968253968253968,0.0,0.0,0.0,0.0,0.0,0.0,0.0,0.0,0.32291666666666663,0.0,0.0,0.48828124999999994,0.0,0.0,0.0,0.0,0.0,0.0,0.0,0.0,0.0,0.20833333333333331,0.0,0.0,0.0,0.0,0.0,0.0,0.0,0.0,0.0,0.0,0.0,0.0,0.27566964285714285,0.0,0.0,0.0,0.0,0.0,0.0,0.0,0.0,0.0,0.0,0.0,0.0,0.0,0.0,0.0,0.0,0.0,0.234375,0.0,0.0,0.0,0.0,0.0,0.0,0.0,0.0,0.0,0.5282738095238095,0.0,0.0,0.0,0.0,0.0,0.0,0.0,0.0,0.0,0.0,0.0,0.0,0.0,0.0,0.0,0.0,0.0,0.0,0.0,0.0,0.0,0.0
2.604166666666667,1.0164141414141414,0.6988636363636364,5.4482323232323235,0.5050505050505051,1.3920454545454546,0.5113636363636365,3.053977272727273,0.39772727272727276,0.8011363636363636,0.20833333333333331,0.8017676767676768,0.7353896103896104,0.0,0.35353535353535354,1.2045454545454546,0.0,0.2272727272727273,1.5246212121212122,0.4621212121212121,0.0,0.6452020202020202,0.0,0.0,0.7386363636363638,0.0,0.0,0.20833333333333331,0.23674242424242425,0.5113636363636365,0.36363636363636365,0.0,0.0,0.0,0.0,0.0,0.0,0.0,0.0,0.0,0.0,2.178787878787879,0.0,0.0,0.2777777777777778,0.9318181818181819,0.2967171717171717,1.022727272727273,0.2272727272727273,0.0,0.0,0.0,0.0,0.0,0.0,0.0,0.0,0.0,0.0,0.0,0.0,0.0,0.0,0.0,0.2272727272727273,0.2272727272727273,0.0,0.0,0.0,0.0,0.0,0.0,0.0,0.0,0.0,0.0,0.0,0.0,0.0,0.0,0.0,0.0,0.43560606060606066,0.0,0.0,0.7196969696969697,0.2272727272727273,0.0,0.0,0.0,0.0,1.096861471861472,0.0,0.0,0.0,0.0,0.0,0.0,0.0,0.0,0.2272727272727273,0.0,0.0,0.0,0.0,0.0,0.0,0.0,0.0,0.0,0.0,0.0,0.0,0.0,0.0,0.0,0.0,1.3636363636363638,0.0,0.0,0.2272727272727273,0.0,0.0,0.0,0.0,0.0,0.0,0.0,0.0,0.0,0.0,0.0,0.0,0.0,0.0,0.0,0.2272727272727273,0.0,0.0,0.0,0.0,0.0,0.0,0.0,0.0,0.0,0.0,0.0,0.0,0.0,0.0,0.0,0.0,0.0,0.0,0.0,0.0,0.0,0.0,0.0,0.0,0.0,0.0,0.0,0.35984848484848486,0.0,0.0,0.0,0.0,0.0,0.0,0.0,0.0,0.0,0.0,0.0,0.0,0.0,0.0,0.0,0.0,0.0,0.0,0.0,0.0,0.0,0.0,0.0,0.0,0.0,0.0,0.0,0.0,0.0,0.0,0.0,0.0,0.0,0.0,0.0
4.64184712346477,0.8818452380952381,7.6626602564102555,0.5616181657848325,2.4696275946275947,0.9842687074829932,0.38633241758241754,0.0,0.3156693711967546,0.0,0.3125,0.0,0.0,0.0,0.0,0.0,0.6142857142857143,0.7805429864253394,0.0,1.021474358974359,0.0,0.0,0.0,0.0,0.0,0.0,0.0,0.0,0.25,0.0,0.0,0.3205882352941176,0.0,0.0,0.0,0.0,0.0,0.0,0.0,0.0,0.0,0.23008241758241757,0.3830282112845138,0.0,0.0,0.0,0.0,0.0,0.0,0.0,0.0,0.0,0.0,0.0,0.0,0.0,0.0,0.0,0.0,0.0,0.0,0.0,0.0,0.0,0.0,0.4308608058608059,0.0,0.0,0.2,0.0,0.0,0.0,0.0,0.0,0.0,0.0,0.0,0.25,0.0,0.0,0.0,0.0,0.0,0.0,0.0,0.0,0.0,0.0,0.0,0.0,0.0,0.0,0.0,0.0,0.0,0.0,0.0,0.0,0.0,0.0,0.0,0.0,0.0,0.0,0.0,0.0,0.0,0.0,0.2678571428571428,0.0,0.0,0.0,0.0,0.0,0.0,0.0,0.0,0.0,0.0,0.0,0.0,0.0,0.0,0.0,0.0,0.0,0.0,0.0,0.0,0.0,0.0,0.0,0.0,0.0,0.0,0.0,0.0,0.0,0.0,0.0,0.0,0.0,0.0,0.0,0.0,0.0,0.0,0.0,0.0,0.0,0.0,0.0,0.0,0.0,0.31875,0.0,0.0,0.0,0.0,0.0,0.0,0.0,0.0,0.0,0.0,0.0,0.0,0.0,0.0,0.0,0.0,0.0,0.0,0.0,0.0,0.0,0.0,0.0,0.0,0.0,0.0,0.0,0.0,0.0,0.0,0.0,0.0,0.0,0.0,0.0,0.0,0.0,0.7142857142857142,0.0,0.0,0.0,0.0,0.0,0.0,0.0
48.81844473191005,54.294593317643276,27.3156344523532,8.680541776895943,17.556668447293447,24.23252657782575,28.104715640417925,9.081633117780505,6.825499818527201,16.880704365079364,17.586748754717505,30.24118687667099,1.6805012635236516,15.660844925091249,10.716236105053735,7.431051587301587,17.168301316738816,21.48995959334661,11.763346318033818,11.069612730760118,11.366348928848929,4.017542353479853,4.317199345534234,6.649360670194003,7.698691933066933,7.280133928571428,4.481853505291006,9.096613455988455,5.090773809523809,3.332530845192483,3.5752314814814814,12.307415674603174,1.7586805555555556,8.890432098765432,6.7492559523809526,6.724665531918331,1.0625,5.75633103620236,3.015151515151515,11.523413184718331,1.005952380952381,12.963341346153845,16.516204930398732,2.258928571428571,2.9037698412698414,0.0,14.15467068053275,0.49244505494505497,3.3328373015873014,3.5284155328798184,4.0341134559884555,6.860863095238095,4.169042818740399,7.466192916560563,0.0,0.0,0.7199754901960784,5.933960137085137,2.289857609710551,3.165798611111111,0.20343660968660968,3.0867925995024876,1.015625,1.7760416666666665,0.2825091575091575,1.4018429487179487,1.0024801587301586,0.7638888888888888,6.573528901653901,0.0,0.642361111111111,1.2924107142857142,0.0,0.8708639705882353,0.4407051282051282,1.1666666666666665,1.7918669871794872,2.091765873015873,0.0,0.0,1.6392045454545454,1.093484268707483,0.9791666666666666,0.8802083333333334,0.0,0.0,0.0,0.4613095238095238,0.8164457070707071,0.21875,0.0,3.8559027777777777,0.6666666666666666,0.3125,1.0729166666666667,0.9795386904761905,2.416869588744589,3.421474358974359,1.8923611111111112,0.5613425925925926,0.8333333333333333,1.3541666666666667,0.0,1.0188769693200663,0.8871527777777778,1.2853535353535355,0.2678571428571428,1.909188034188034,0.3928571428571428,0.0,0.20833333333333334,0.625,1.435496794871795,2.3425099206349205,0.0,2.845982142857143,0.75,1.0003035159285159,0.6211670274170273,0.47719381313131315,2.0961963383838382,0.2300347222222222,0.0,1.1119791666666667,0.0,0.20089285714285715,1.2847222222222223,1.398375496031746,0.4427083333333333,4.258184523809524,2.62817997974248,0.0,2.7312748015873014,2.4821350524475525,0.29166666666666663,0.0,0.0,4.417782738095238,0.0,0.7301587301587301,2.759052579365079,1.4810267857142856,0.4897186147186147,0.24739583333333331,0.6004464285714286,0.0,1.1067708333333333,0.20833333333333331,0.0,0.3125,0.0,0.0,0.25297619047619047,0.0,0.9717261904761905,1.2132034632034632,0.0,0.0,1.3836805555555556,0.0,0.0,0.0,1.8072916666666665,0.6107200091575091,0.0,0.40900735294117646,0.9688358516483516,0.0,5.581597222222222,0.25,0.0,0.0,0.3415032679738562,0.0,0.3862847222222222,0.0,0.0,0.0,1.0323660714285714,0.0,0.23096955128205127,0.0,0.0,0.0,0.0,0.0,0.0,0.0,0.0,0.0,0.0,0.33854166666666663,0.7142857142857142,0.27232142857142855,0.26041666666666663,0.47649572649572647,0.0,0.0,0.3854166666666667,0.0
3.7210393772893773,2.228937728937729,1.4102564102564101,1.3804945054945055,1.4926739926739927,1.0805860805860805,0.434981684981685,0.8894230769230769,0.9455128205128205,1.2003205128205128,0.0,0.41117216117216115,0.38461538461538464,1.2900641025641024,0.31387362637362637,0.8585164835164836,0.0,0.0,0.5631868131868132,0.0,1.661401098901099,0.0,0.21749084249084247,0.6538461538461539,0.0,0.37545787545787546,0.3708791208791209,0.4990842490842491,0.0,0.5235042735042735,0.6923076923076923,0.2884615384615385,0.7051282051282051,1.185897435897436,0.0,0.0,0.0,0.0,0.0,0.0,0.38461538461538464,0.686698717948718,0.0,0.0,0.45940170940170943,0.0,1.0737179487179487,0.8901098901098901,0.2692307692307692,0.0,0.0,0.0,0.0,0.0,0.0,0.2403846153846154,0.0,0.0,0.0,0.0,0.0,0.0,0.3044871794871795,0.0,0.0,0.0,0.0,0.0,0.3571428571428571,0.0,0.0,0.0,0.0,0.0,0.0,0.0,0.266025641025641,0.0,0.0,0.0,0.0,0.0,0.0,0.0,0.0,0.0,0.0,0.0,0.0,0.0,0.0,0.0,0.4285714285714285,0.0,0.0,0.0,0.0,0.0,0.0,0.0,0.0,0.0,0.0,0.0,0.0,0.0,0.0,0.0,0.0,0.0,0.0,0.0,0.3571428571428571,0.0,0.0,0.0,0.0,0.22435897435897434,0.0,0.0,0.0,0.0,0.0,0.0,0.0,0.0,0.0,0.0,0.0,0.0,0.0,0.0,0.0,0.0,0.0,0.0,0.0,0.3846153846153846,0.0,0.0,0.0,0.0,0.0,0.0,0.0,0.0,0.0,0.0,0.0,0.0,0.0,0.0,0.0,0.0,0.0,0.0,0.0,0.0,0.0,0.0,0.0,0.0,0.0,0.0,0.0,0.0,0.0,0.0,0.0,0.0,0.0,0.0,0.0,0.0,0.0,0.0,0.0,0.0,0.0,0.0,0.0,0.0,0.0,0.0,0.0,0.0,0.0,0.0,0.0,0.0,0.0,0.0,0.0,0.0,0.0,0.0,0.0,0.0,0.0,0.0
0.5,0.5,0.0,0.6,0.5,0.5,0.0,1.5,0.0,0.0,0.0,1.0,0.0,0.0,1.5,0.0,0.0,0.0,0.0,0.0,0.0,0.0,0.0,0.0,0.0,0.0,0.0,0.0,0.3333333333333333,0.6388888888888888,0.0,0.0,0.0,0.0,0.0,0.0,0.0,0.0,0.0,0.0,0.0,0.0,0.0,0.5,0.0,0.0,0.0,1.7619047619047619,0.0,0.0,0.0,0.0,0.0,0.0,0.0,0.0,0.0,0.0,0.0,0.0,0.0,0.0,0.0,0.0,0.0,0.0,0.0,0.0,0.0,0.0,0.0,0.0,0.0,0.0,0.0,0.0,0.0,0.0,0.0,0.0,0.0,0.0,0.0,0.0,0.0,0.0,0.0,0.0,0.0,0.0,0.0,0.0,0.0,0.0,0.0,0.0,0.0,0.0,0.0,0.0,0.0,0.0,0.0,0.0,0.0,0.0,0.0,0.0,0.5,0.0,0.0,0.0,0.0,0.0,0.0,0.30000000000000004,0.0,0.0,0.0,0.0,0.0,0.0,0.0,0.0,0.0,0.0,0.0,0.0,0.0,0.0,0.0,0.0,0.0,0.0,0.0,0.0,0.0,0.0,0.0,0.0,0.0,0.0,0.0,0.0,0.0,0.0,0.0,0.0,0.0,0.0,0.0,0.0,0.0,0.0,0.0,0.0,0.0,0.0,0.0,0.0,0.0,0.0,0.0,0.0,0.0,0.0,0.0,0.0,0.0,0.0,0.0,0.0,0.0,0.0,0.0,0.0,0.0,0.0,0.0,0.0,0.0,0.0,0.0,0.0,0.0,0.0,0.0,0.0,0.0,0.0,0.0,0.0,0.0,0.0,0.0,0.0,0.0,0.0,0.0,0.0
67.96637270499598,20.049014477585903,47.98559575345289,10.34438775510204,17.142857142857142,43.32991016919588,48.91855021578523,4.2478741496598635,15.139468666254379,8.668367346938775,9.035714285714285,10.860544217687075,1.7142857142857142,6.505668934240362,7.004578754578754,10.723214285714285,13.096513605442176,0.0,12.097789115646258,0.22959183673469385,4.973639455782313,9.857568027210883,0.4613095238095238,16.750850340136054,24.806972789115644,4.735827664399093,6.201530612244897,13.645549886621314,0.0,5.042942176870747,0.0,0.0,0.0,3.2971938775510203,5.343112244897958,6.8767006802721085,0.3571428571428571,5.977324263038549,6.217687074829931,1.548731030873888,0.0,0.0,0.0,3.8052721088435373,0.5059523809523809,3.5646258503401356,0.0,0.0,0.0,1.9132653061224487,4.999716553287981,0.0,0.0,0.0,0.0,11.064767573696145,19.985763244691814,0.0,5.160714285714286,0.0,3.5480442176870746,0.0,0.0,0.0,3.016581632653061,0.24999999999999997,0.0,1.3392857142857142,0.0,0.7619047619047619,0.0,0.0,2.522108843537415,0.0,0.0,0.0,0.0,0.0,1.318712969058591,8.077380952380953,0.0,0.0,0.0,0.0,3.956120268620268,1.1825396825396826,0.0,0.0,0.0,0.0,0.0,1.482142857142857,0.0,11.747023809523808,0.0,6.349914965986394,7.523809523809523,0.0,0.0,0.0,4.1687925170068025,0.6551870748299319,0.0,0.0,0.0,0.0,2.142857142857143,0.0,0.0,1.3314909297052153,0.0,0.7712585034013605,0.0,0.0,2.119047619047619,4.133928571428571,1.7142857142857142,0.0,0.0,0.0,0.0,0.0,2.436322605965463,0.0,0.0,0.0,0.8078231292517006,0.0,0.0,0.0,0.0,0.0,0.0,0.0,0.0,2.0493197278911564,2.571428571428571,0.5952380952380951,0.5399659863945577,0.0,0.0,0.0,0.0,0.0,0.0,0.9648580586080585,0.0,0.0,0.0,0.26530612244897955,0.0,1.1845238095238093,0.0,0.0,0.0,0.0,0.0,0.0,0.0,0.0,0.0,0.7295918367346939,2.325255102040816,0.0,0.0,1.7202380952380951,1.2653061224489794,0.0,0.0,0.8744331065759636,0.0,0.4081632653061224,1.135204081632653,1.5926870748299318,1.0267857142857142,0.30357142857142855,2.3503401360544216,0.5357142857142857,0.0,0.0,0.0,0.0,0.49999999999999994,0.0,0.0,1.6267006802721087,4.928571428571428,0.0,0.7226473922902494,0.0,0.0,0.0,0.0,0.0,0.0,0.0,0.0,0.0,2.954365079365079,0.0
7.790400675195451,5.654344715045674,3.833333333333333,3.071003401360544,17.946262368583795,6.672730099502487,21.904336734693874,4.528597446441262,3.5825636288998353,6.753111471861471,2.8142006802721085,1.4219676201552534,1.4882062899786779,4.074404761904762,2.501110518834399,2.776785714285714,4.705357142857142,1.2747379175550815,2.101190476190476,0.8425855416793583,1.63562925170068,2.427465986394558,0.3349324804548685,1.2032312925170068,1.2291666666666665,5.337585034013605,3.0761054421768703,0.0,1.7085459183673468,0.4155582922824302,1.6286848072562357,0.0,0.41666666666666663,0.0,0.7976190476190476,2.287402274342573,0.7053571428571428,0.30357142857142855,0.4124149659863945,0.0,0.3125,0.3928571428571428,1.030612244897959,0.0,0.39038342609771176,0.0,0.31373152709359603,0.4183673469387755,0.3720238095238095,0.0,0.2040816326530612,0.0,0.0,0.0,0.0,0.0,0.0,0.2040816326530612,0.4464285714285714,0.5357142857142857,0.0,0.41996649406031067,0.40178571428571425,0.0,0.0,0.20833333333333331,0.274234693877551,0.2619047619047619,0.0,0.0,0.0,0.0,0.0,0.3571428571428571,0.0,0.0,1.5119047619047619,0.0,0.0,0.0,0.0,0.0,0.0,0.0,0.0,0.0,0.0,0.0,0.0,0.20833333333333331,0.21588486140724944,0.0,0.0,0.0,0.0,0.0,0.0,0.0,0.4464285714285714,0.0,0.0,0.0,0.0,0.30830021968081667,0.0,0.23809523809523808,0.0,0.0,0.0,0.0,0.3422619047619047,0.0,0.29761904761904756,0.0,0.0,0.0,0.0,0.30761698618841476,0.28869047619047616,0.0,0.7142857142857142,0.0,0.0,0.0,0.8541666666666666,0.0,0.0,0.0,0.0,0.0,0.0,0.0,0.0,0.21258503401360543,0.0,0.3571428571428571,0.0,0.0,0.0,0.0,0.0,0.0,0.0,0.0,0.0,1.2113095238095237,0.44217687074829926,0.0,0.0,0.0,0.32312925170068024,0.0,0.0,0.0,0.758078231292517,0.0,0.0,0.0,0.0,0.0,0.0,0.0,0.0,0.0,0.0,0.0,0.0,0.0,0.0,0.0,0.0,0.0,0.0,0.0,0.0,0.0,0.0,0.0,0.0,0.0,0.0,0.0,0.0,0.2678571428571428,0.0,0.0,0.0,0.0,0.0,0.0,0.0,0.0,0.0,0.0,0.0,0.0,0.0,0.0,0.0,0.0
92.4360119047619,53.604166666666664,38.71315192743764,20.765093537414966,43.99142573696145,44.98377976190476,8.447916666666666,33.135416666666664,18.75297619047619,26.020386904761903,9.5,25.00595238095238,1.3244047619047619,41.619791666666664,7.392857142857142,6.354166666666666,6.056547619047619,7.6934523809523805,18.808035714285715,29.77455357142857,4.825148809523809,8.361181972789115,4.357638888888889,10.12827380952381,21.90625,13.354166666666666,4.84375,25.34583333333333,3.2142857142857144,0.625,6.916666666666666,3.270833333333333,2.8125,4.308035714285714,0.0,0.9375,0.5208333333333333,1.3244047619047619,3.4895833333333335,0.0,1.875,1.1160714285714286,8.139880952380953,8.39375,3.7395833333333335,1.0300925925925926,2.918154761904762,5.791666666666667,0.0,0.0,0.8333333333333333,0.0,0.9032738095238094,0.0,0.0,0.0,0.9821428571428571,7.8125,1.5625,0.625,0.0,0.20833333333333331,0.20833333333333331,0.0,2.0944940476190474,0.875,0.8779761904761905,0.625,0.3125,0.0,0.0,0.3645833333333333,0.625,0.0,0.0,0.0,0.0,0.625,0.0,0.6659226190476191,0.0,0.0,0.6770833333333333,0.0,0.20833333333333331,0.2926587301587302,2.34375,2.8333333333333335,0.625,0.0,0.0,1.0208333333333333,1.6979166666666665,0.26041666666666663,0.0,0.0,0.0,0.20833333333333331,0.3125,2.083333333333333,0.0,0.0,0.4836309523809524,0.0,0.0,0.0,0.625,0.25,47.26488095238095,0.0,1.25,0.20833333333333331,1.0416666666666665,1.4404761904761905,0.625,0.0,1.3020833333333333,0.0,0.0,0.3125,0.0,0.0,0.0,0.0,0.20833333333333331,0.3125,0.0,0.0,0.3125,0.9375,0.0,0.0,0.625,0.0,0.0,0.0,0.625,0.0,0.625,0.0,0.0,0.3125,0.0,0.0,0.0,0.0,0.0,0.0,0.0,0.0,0.0,0.0,0.0,0.0,0.0,0.0,0.0,0.9375,0.0,0.0,0.0,0.0,0.0,0.0,0.0,0.0,0.0,0.0,0.625,0.0,0.0,0.20833333333333331,0.4166666666666667,0.0,0.0,0.0,0.0,0.0,0.0,0.0,0.0,0.0,0.0,4.322916666666667,0.0,0.0,0.0,0.0,0.0,0.0,0.0,0.0,0.9375,0.0,0.0,0.0,0.0,0.47916666666666663,0.0,0.0
1.6024046434494195,2.3634188750126914,0.6964285714285714,0.3571428571428571,0.0,0.0,4.326388888888888,0.0,0.0,0.2777777777777778,0.2222222222222222,0.0,0.0,0.0,4.130362219514671,0.0,0.0,0.0,0.0,0.4539800995024876,0.0,0.0,0.21588486140724944,0.0,0.0,0.0,0.0,0.0,0.0,0.0,0.0,0.0,0.0,0.0,0.0,0.0,0.3125,0.0,0.0,0.0,0.0,0.0,0.0,0.0,0.0,0.0,0.0,0.0,0.0,0.0,0.0,0.0,0.0,0.0,0.0,0.0,0.0,0.0,0.0,0.0,0.0,0.0,0.0,0.0,0.0,0.0,0.0,0.0,0.0,0.0,0.0,0.0,0.0,0.0,0.0,0.0,0.0,0.0,0.0,0.0,0.0,0.0,0.0,0.0,0.0,0.0,0.2777777777777778,0.0,0.0,0.0,0.0,0.0,0.0,0.0,0.0,0.0,0.0,0.0,0.0,0.0,0.0,0.0,0.0,0.0,0.0,0.0,0.0,0.0,0.0,0.21428571428571427,0.0,0.0,0.0,0.0,0.0,0.0,0.0,0.0,0.0,0.0,0.0,0.0,0.0,0.0,0.0,0.0,0.0,0.0,0.0,0.0,0.0,0.0,0.0,0.0,0.0,0.0,0.0,0.0,0.0,0.0,0.0,0.0,0.0,0.0,0.0,0.0,0.0,0.0,0.0,0.0,0.0,0.0,0.0,0.0,0.0,0.0,0.0,0.0,0.0,0.0,0.0,0.0,0.0,0.0,0.0,0.0,0.0,0.0,0.0,0.0,0.0,0.0,0.0,0.0,0.0,0.0,0.0,0.0,0.0,0.0,0.0,0.0,0.0,0.0,0.0,0.0,0.0,0.0,0.0,0.0,0.0,0.0,0.0,0.0,0.0,0.0,0.0,0.0,0.0,0.0
2.4135122156091717,0.8517156862745098,1.2760416666666667,1.1652369281045751,1.1050857843137254,0.977328431372549,1.2619266456582632,1.9761029411764706,0.37683823529411764,1.5505514705882353,0.6158088235294118,2.191110819327731,0.20526960784313725,0.5859375,0.0,0.0,0.0,0.6875,0.984375,0.0,0.20254629629629628,0.203125,0.0,0.0,0.0,0.625,0.0,0.2870273109243697,0.0,0.0,0.20970394736842105,0.36764705882352944,0.0,0.34375,0.0,0.0,0.0,0.0,0.0,0.0,0.0,0.8676470588235294,0.0,0.0,0.35477941176470584,0.2450980392156863,0.0,0.5253482972136223,0.0,0.0,0.0,0.0,0.0,0.0,0.0,0.0,0.0,0.0,0.0,0.0,0.0,0.0,0.0,0.0,0.29411764705882354,0.0,0.0,0.0,0.0,0.0,0.0,0.0,0.0,0.20526960784313725,0.0,0.0,0.21446078431372548,0.0,0.0,0.0,0.0,0.0,0.0,0.0,0.0,0.546875,0.0,0.0,0.0,0.0,0.0,0.0,0.0,0.0,0.0,0.0,0.0,0.0,0.0,0.0,0.0,0.0,0.0,0.0,0.0,0.0,0.0,0.0,0.0,0.0,0.0,0.0,0.0,0.0,0.0,0.0,0.0,0.0,0.0,0.3033088235294118,0.0,0.0,0.0,0.0,0.0,0.0,0.0,0.0,0.0,1.4846813725490196,0.0,0.0,0.0,0.0,0.0,0.0,0.0,0.25240384615384615,0.0,0.0,0.0,0.0,0.0,0.0,0.0,0.0,0.0,0.0,0.0,0.0,0.0,0.0,0.0,0.0,0.0,0.0,0.0,0.0,0.0,0.0,0.0,0.0,0.0,0.0,0.0,0.0,0.0,0.0,0.0,0.0,0.0,0.0,0.0,0.0,0.0,0.0,0.0,0.0,0.0,0.0,0.0,0.0,0.0,0.0,0.0,0.0,0.0,0.0,0.0,0.0,0.0,0.0,0.0,0.0,0.0,0.0,0.0,0.0,0.22135416666666666,0.0
20.519079520657304,28.955915484280457,7.989998812073392,9.768632539573034,12.021644516433327,6.603725212307145,19.221617591383872,21.613274259133853,29.621044600338276,15.822627638069353,3.3096342682372093,8.062247441711728,9.407961569243081,13.639068135801327,18.485251728896685,12.437255497381548,6.555628790236633,6.245641105315475,4.364548708372237,6.972802050112974,9.871688490534778,12.195050917803018,2.042839778999281,10.172455784178473,8.084482019886432,9.759891602072882,6.484037683449448,2.200159464718288,5.707881211925329,12.617207901362011,4.765000468135972,0.5373529411764706,3.527733067586009,1.9161899075869664,3.715049654477175,5.757141531557336,2.0203712443141897,6.256064422563897,0.871329693493559,1.4597529717015012,3.490343316813905,7.6489927894234615,5.680434684557584,0.6750349431270484,1.8951828060283942,0.40547415547415544,13.416366513489086,1.2255848707004169,6.564698904037138,1.406726280255692,2.2312185643488163,0.5968487394957983,3.461392832755329,1.679010989010989,1.828681700924348,3.4838177578723797,2.0792538099155746,1.2238095238095237,1.6558366423492472,3.705074606765783,0.9441523767626708,1.4638397658985893,4.206532288128926,1.5499442868315416,0.8112864504776269,0.4865646258503401,2.5972887830345814,0.7429029304029303,1.6263062917474682,0.7460331825037707,3.363370581850974,4.09801328709417,0.2833333333333333,0.6425595238095237,0.5614197530864198,3.4176356311755467,14.098831683022858,0.45476190476190476,1.4197712418300652,0.0,1.3742648555148556,1.8924718220621581,2.0795568227290917,0.9073611111111111,0.8167857142857142,0.6881257631257631,0.0,4.055060402949058,0.45119047619047614,1.309581228956229,1.4484065934065933,3.3938113109587467,0.0,0.8370048161714828,0.33807488807488806,1.104960753532182,1.1986819727891156,5.531081797391321,0.3893248616462902,0.8405569920275803,0.352891156462585,1.2472860725486776,0.2991666666666667,2.8026480977006187,0.8633333333333333,1.0951187056018987,1.1753296703296703,1.8053818322200674,0.6503520289234574,0.36340557590557593,0.4020577461753932,0.8777218152218152,0.0,0.660832794656324,0.0,0.4778711484593838,2.7807623049219687,0.0,1.0929819363642892,0.20032051282051283,0.5576960784313725,0.5018055555555555,0.28061224489795916,7.252855925198362,1.022517340269441,0.9764194139194138,0.3186050061050061,1.6120448179271707,0.24216028510900303,0.3600217864923747,0.45348003960808836,0.0,1.0714671979903072,3.0281948334889512,0.8496642246642246,0.2845238095238095,0.0,0.6722096530920061,3.0803571428571423,1.006845238095238,0.5077998806360151,0.0,0.9268681318681318,0.0,0.0,0.6321311858076564,0.9373117623117623,0.21269841269841272,0.2705102040816326,0.0,2.0847760899231487,0.0,0.7503642290249433,0.0,1.1078027364792071,0.0,0.2523529411764706,0.5737161531279178,0.0,0.0,0.2906442577030812,0.0,0.0,0.39355742296918766,0.3238795518207283,0.0,0.0,0.2764423076923077,0.6122064210299504,0.0,0.47560224089635855,0.0,0.0,0.0,0.0,0.0,0.0,0.0,0.0,0.7592592592592592,1.0039915966386554,0.2367063492063492,0.0,0.43843979899652163,0.0,0.0,0.0,0.0,0.26,0.0,0.25833333333333336,0.4125,0.0,0.3920518207282913,0.26730078563411896,0.0,0.0,0.0,0.0,0.0
0.4605263157894737,0.0,0.0,0.0,0.0,0.0,0.0,0.0,0.0,0.0,0.0,0.0,0.0,0.0,0.0,0.0,0.0,0.0,0.0,0.0,0.0,0.0,0.0,0.0,0.0,0.0,0.0,0.0,0.0,0.0,0.0,0.0,0.0,0.0,0.0,0.0,0.0,0.0,0.0,0.0,0.0,0.0,0.0,0.0,0.0,0.0,0.0,0.0,0.0,0.0,0.0,0.0,0.0,0.0,0.0,0.0,0.0,0.0,0.0,0.0,0.0,0.0,0.0,0.0,0.0,0.0,0.0,0.0,0.0,0.0,0.0,0.0,0.0,0.0,0.0,0.0,0.0,0.0,0.0,0.0,0.0,0.0,0.0,0.0,0.0,0.0,0.0,0.0,0.0,0.0,0.0,0.0,0.0,0.0,0.0,0.0,0.0,0.0,0.0,0.0,0.0,0.0,0.0,0.0,0.0,0.0,0.0,0.0,0.0,0.0,0.0,0.0,0.0,0.0,0.0,0.0,0.0,0.0,0.0,0.0,0.0,0.0,0.0,0.0,0.0,0.0,0.0,0.0,0.0,0.0,0.0,0.0,0.0,0.0,0.0,0.0,0.0,0.0,0.0,0.0,0.0,0.0,0.0,0.0,0.0,0.0,0.0,0.0,0.0,0.0,0.0,0.0,0.0,0.0,0.0,0.0,0.0,0.0,0.0,0.0,0.0,0.0,0.0,0.0,0.0,0.0,0.0,0.0,0.0,0.0,0.0,0.0,0.0,0.0,0.0,0.0,0.0,0.0,0.0,0.0,0.0,0.0,0.0,0.0,0.0,0.0,0.0,0.0,0.0,0.0,0.0,0.0,0.0,0.0,0.0,0.0,0.0,0.0,0.0,0.0
2.449382215007215,2.569444444444444,0.8854166666666666,0.0,0.4114583333333333,1.3515625,0.8588676948051949,0.3645833333333333,0.48611111111111105,0.5803571428571428,0.8796296296296295,1.0029761904761905,0.0,1.0546875,1.0595238095238095,0.546875,0.7291666666666666,0.0,1.7053571428571428,0.5127314814814814,6.666666666666666,0.0,0.8333333333333333,0.6249999999999999,0.0,0.6150793650793651,1.2022569444444444,0.0,0.7291666666666666,0.0,0.0,0.0,0.0,0.0,0.0,0.0,0.0,0.3125,0.0,2.8758680555555554,0.2734375,0.0,0.0,0.0,0.0,0.0,0.3125,0.0,0.0,0.0,0.0,0.0,0.27469758064516125,0.2678571428571428,0.0,0.0,0.0,0.0,0.0,0.0,0.0,0.0,0.0,0.0,0.0,0.0,0.0,0.0,0.0,0.0,0.0,0.0,0.0,0.0,0.4196428571428571,0.0,0.0,0.0,0.0,0.0,0.0,0.625,0.0,0.0,0.0,0.0,0.0,0.0,0.0,0.8697916666666666,0.0,0.8203125,0.0,0.0,0.41666666666666663,0.0,0.0,0.34375,0.0,0.0,0.23958333333333331,0.0,0.0,0.0,0.0,0.0,0.0,0.0,0.0,0.0,0.0,0.0,0.0,0.0,0.0,0.0,0.0,0.0,0.0,0.0,0.0,0.0,0.0,0.0,0.0,0.0,0.0,0.0,0.0,0.0,0.0,0.0,0.0,0.0,0.0,0.3125,0.0,0.0,0.0,0.0,0.0,0.0,0.0,0.0,0.0,0.0,0.0,0.0,0.0,0.0,0.0,0.0,0.0,0.0,0.0,0.0,0.20833333333333331,0.0,0.0,0.625,0.0,0.0,0.0,0.0,0.0,0.0,0.0,0.0,0.0,0.0,0.0,0.0,0.0,0.0,0.0,0.0,0.0,0.0,0.0,0.0,0.0,0.0,0.0,0.0,0.0,0.31818181818181823,0.0,0.0,0.0,0.0,0.0,0.0,0.0,0.0,0.0,0.0,0.0,0.0,0.0,0.0
27.877105637644853,11.454459275292608,21.138508019758017,10.901004088504088,21.857316294816293,24.981923830138115,18.768998362748363,7.315506253006253,7.415392015392015,10.409962722462723,4.765873015873016,5.285732323232323,0.7469035594035593,9.143994508577842,11.926388888888889,6.600986050986051,4.5185786435786435,13.788359788359788,2.6361670736670737,2.6565934065934065,6.2592592592592595,6.037868381618382,5.03877064293731,9.989076278659612,3.7125440917107584,5.770761183261183,6.1666005291005295,2.013888888888889,1.9937169312169312,22.624570105820105,14.506295093795094,3.1575591347650174,7.552645502645503,1.8557098765432098,1.7999338624338623,4.726851851851852,4.015046296296297,3.7147266313932983,0.8358134920634921,3.745791245791246,0.33333333333333337,14.937904687904688,1.845757747543462,2.2319223985890653,2.23481240981241,0.6296296296296297,0.4537037037037037,8.294871101121101,0.3773148148148148,0.22864701436130005,1.6701388888888888,1.0714285714285714,6.680555555555555,1.0324074074074074,0.0,1.6296296296296295,1.6588514109347443,3.779882154882155,0.33459595959595956,0.0,0.3819444444444445,4.058712121212121,0.20833333333333331,0.2777777777777778,1.7755647130647132,2.016508954008954,0.2777777777777778,0.0,2.8819444444444446,0.0,0.0,0.0,0.20391414141414144,1.3657407407407407,0.0,0.0,3.5416666666666665,0.7459325396825397,0.5555555555555556,0.6828703703703703,0.0,0.360969387755102,0.0,1.0578703703703705,0.0,0.48611111111111116,0.0,4.881349206349206,0.47089947089947093,0.0,0.0,0.9722222222222223,2.5493506493506493,0.0,0.22222222222222224,0.3125,0.0,0.0,0.0,4.25242504409171,0.5555555555555556,0.0,0.0,0.21666666666666667,2.2005982443482446,1.5046296296296295,0.823502886002886,5.578235653235653,0.4298941798941799,0.0,0.7665343915343915,1.902777777777778,8.541666666666666,0.2962962962962963,0.5833333333333334,0.0,0.0,2.178240740740741,0.6489748677248677,1.2662037037037037,1.8402777777777777,0.3277777777777778,0.0,0.0,0.3888888888888889,0.7718253968253967,0.0,0.0,1.7898809523809525,2.627645502645503,0.5423280423280423,0.0,0.5654761904761905,0.0,1.1342592592592593,0.5462962962962963,0.5555555555555556,7.047708078958079,5.436067019400353,0.3771043771043771,2.4699074074074074,0.7662037037037037,0.9790013227513227,0.2777777777777778,1.1984126984126984,0.0,0.0,0.9618055555555556,0.0,0.0,0.0,0.20370370370370372,0.0,0.0,0.7214045214045214,0.9887566137566137,0.0,0.0,0.8078703703703703,0.0,0.0,0.0,0.0,0.0,0.5555555555555556,0.0,0.0,0.0,0.7361111111111112,0.0,0.0,0.2777777777777778,0.0,0.0,0.0,0.32407407407407407,0.0,0.0,0.7575757575757576,0.0,0.0,0.0,0.0,0.0,0.9273504273504274,0.0,0.0,0.7777777777777778,0.0,0.0,0.0,0.23148148148148148,0.7142857142857142,0.0,0.0,0.6616809116809117,0.0,0.0,0.0,0.0
15.115400326797385,3.0727124183006533,5.2379493464052285,1.3006535947712419,1.6104983660130718,1.0784313725490196,2.5386029411764706,3.202001633986928,1.1609477124183005,0.8623366013071896,0.2303921568627451,1.6980392156862745,0.6811683006535948,1.0074210239651415,0.4444444444444444,0.23039215686274508,1.869281045751634,1.9923066448801743,0.8954248366013072,1.0196078431372548,1.6928104575163399,0.5702614379084967,0.6879084967320261,0.32352941176470584,1.7375816993464053,0.29313725490196074,0.3872549019607843,0.4256535947712418,0.0,3.3727124183006536,0.22058823529411764,0.46078431372549017,0.0,0.8333333333333333,0.5055555555555555,0.43790849673202614,0.0,0.3715277777777778,0.0,0.0,0.0,0.27124183006535946,0.25,0.0,0.42483660130718953,0.0,0.5580065359477124,0.0,0.0,0.0,0.0,0.0,0.0,0.0,0.0,0.0,0.0,0.8235294117647058,0.0,0.0,0.0,0.0,0.0,0.0,0.0,0.0,0.0,0.0,0.0,0.0,0.0,0.5441176470588235,0.0,0.0,0.0,0.0,0.7892156862745098,0.24019607843137253,0.0,0.0,0.0,0.0,0.0,0.0,0.0,0.0,0.0,0.0,0.0,0.0,0.0,0.0,0.0,0.0,0.0,0.0,0.0,0.0,0.0,0.0,0.0,0.0,0.0,0.0,0.0,0.24019607843137253,0.0,0.0,0.0,0.0,0.0,0.0,0.0,0.0,0.0,0.0,0.0,0.0,0.0,0.0,0.0,0.0,0.0,0.0,0.0,0.0,0.0,0.0,0.0,0.0,0.0,0.0,0.0,0.0,0.0,0.0,0.0,0.0,0.0,0.0,0.0,0.0,0.0,0.0,0.0,0.0,0.0,0.0,0.0,0.0,0.0,0.0,0.0,0.0,0.0,0.0,0.0,0.0,0.0,0.0,0.0,0.0,0.0,0.0,0.0,0.0,0.0,0.0,0.0,0.0,0.0,0.0,0.0,0.0,0.0,0.0,0.0,0.0,0.0,0.0,0.0,0.0,0.0,0.0,0.0,0.0,0.0,0.0,0.0,0.0,0.0,0.0,0.0,0.0,0.0,0.0,0.0,0.0,0.0,0.0
8.678000224939,0.46518390906146007,0.7278364370201105,0.30114188532555874,0.3705679241393527,0.47880223517978615,1.3267735665694849,0.6152818270165208,0.7687074829931972,0.6331997084548104,0.347424684159378,0.3567176870748299,0.2730364873222016,0.36298689359913844,0.2504086050004417,0.8460884353741496,0.5774582560296846,0.4148850016196955,0.30937196307094267,0.2942986718496923,0.26038629737609326,0.6383219954648526,0.934234133213725,0.3039965986394558,0.25819418676561534,0.0,0.21683673469387757,0.4249087080719734,0.30601201519568866,0.2551020408163265,0.2551020408163265,0.8865605766115969,0.4342808551992225,0.0,0.9378561489530877,0.0,0.22151360544217685,0.0,0.3875526401036605,0.43008989310009715,0.21331389698736636,0.0,0.0,0.0,0.0,0.0,0.0,0.0,0.0,0.21080336896663426,0.0,0.8018707482993197,0.0,0.2757531584062196,0.47398180051241273,0.0,0.0,0.0,0.0,0.0,0.0,0.0,0.0,0.0,0.0,0.0,0.0,0.0,0.0,0.29761904761904756,0.0,0.0,0.0,0.0,0.0,0.0,0.0,0.0,0.5178571428571428,0.0,0.0,0.0,0.0,0.0,0.0,0.0,0.28061224489795916,0.0,0.0,0.0,0.0,0.0,0.0,0.4919825072886297,0.0,0.0,0.0,0.0,0.0,0.2465986394557823,0.0,0.0,0.0,0.0,0.0,0.0,0.0,0.0,0.0,0.0,0.0,0.0,0.0,0.0,0.0,0.0,0.0,0.0,0.0,0.0,0.0,0.0,0.23814677386105956,0.0,0.0,0.0,0.0,0.0,0.0,0.0,0.0,0.3333333333333333,0.0,0.0,0.0,0.0,0.0,0.0,0.0,0.0,0.0,0.0,0.0,0.0,0.0,0.0,0.0,0.0,0.0,0.0,0.0,0.0,0.0,0.0,0.0,0.0,0.0,0.0,0.0,0.6069808875931324,0.0,0.0,0.0,0.0,0.0,0.0,0.0,0.0,0.0,0.0,0.0,0.0,0.0,0.0,0.0,0.0,0.0,0.0,0.0,0.0,0.0,0.0,0.0,0.0,0.0,0.0,0.0,0.0,0.0,0.0,0.0,0.0,0.0,0.0,0.0,0.0,0.0,0.0,0.0,0.0
13.312518037518037,5.01967038809144,5.158333333333333,0.8714285714285714,1.0326923076923078,1.8631578947368421,3.189592352092352,1.625,0.0,2.0988039738039737,0.375,0.0,0.25,0.5909090909090909,0.0,1.0,0.275,0.9813034188034189,0.0,0.3333333333333333,0.0,0.5,2.3384476634476634,0.5227272727272727,0.0,0.0,0.0,0.0,0.26515151515151514,0.0,0.0,0.0,0.2,0.25,0.0,0.21955128205128205,0.5,0.25,0.37225274725274726,2.338434829059829,0.0,0.0,0.4375,0.0,0.5,0.4686147186147186,0.2,0.0,0.0,0.0,0.9583333333333334,0.0,0.0,0.0,0.0,0.0,0.0,1.0087301587301587,0.0,0.0,0.0,0.5,0.0,0.0,0.0,0.0,0.0,0.0,0.0,0.0,0.0,0.0,0.0,0.0,0.0,0.3571428571428571,0.0,0.0,0.0,0.0,0.0,0.0,0.0,0.0,0.0,0.0,0.0,0.0,0.0,0.0,0.0,0.0,0.0,0.5714285714285714,0.0,0.0,0.0,0.0,0.0,0.0,0.0,0.0,0.0,0.0,0.0,0.0,0.0,0.0,0.0,0.0,0.0,0.0,0.0,0.0,0.0,0.0,0.0,0.0,0.0,0.0,0.0,0.0,0.0,0.0,0.0,0.0,0.0,0.0,0.0,0.3125,0.0,0.0,0.0,0.0,0.0,0.0,0.0,0.0,0.0,0.0,0.0,0.0,0.0,0.0,0.0,0.0,0.0,0.0,0.0,0.0,0.0,0.0,0.0,0.0,0.0,0.0,0.0,0.0,0.0,0.0,0.0,0.2857142857142857,0.0,0.0,0.0,0.25,0.0,0.0,0.0,0.0,0.0,0.0,0.0,0.25,0.0,0.0,0.0,0.0,0.0,0.0,0.0,0.0,0.25,0.0,0.0,0.0,0.0,0.0,0.0,0.0,0.0,0.0,0.0,0.0,0.0,0.0,0.0,0.0,0.0,0.0
19.8734709022209,13.087454975579975,3.430655174405174,11.726883903133903,6.065882173382173,5.967763278388278,2.1838980463980464,4.964206349206349,4.480925671550671,9.049803526053525,0.9127480158730159,18.5943853021978,2.8548992673992672,4.693962563337563,2.994405525030525,14.135545634920636,12.926675824175824,2.4827480158730157,0.5452628968253969,1.533068147130647,2.390426587301587,6.654108669108669,3.8976149776149773,2.4829326923076924,7.659718337218337,23.286009996947495,1.692718253968254,3.8039300976800976,2.1969815254190252,2.335138195138195,4.542147435897435,4.091830738705739,1.9934065934065934,5.129350198412698,2.896971153846154,1.0285149572649572,0.8118551587301587,7.197028769841269,2.502938415750916,1.1885206807081807,2.137171855921856,0.0,0.0,0.35622710622710624,0.0,0.5712950244200243,0.0,0.3084134615384615,4.0005933302808305,2.5588576007326007,0.6077686202686202,4.63065349002849,0.0,0.6288141025641025,4.981019917582417,4.186351114163614,1.1359249084249083,0.0,4.004806547619047,0.315892094017094,0.49428037240537237,0.23821924603174605,0.2914300976800977,1.8979552045177046,0.0,0.0,0.0,0.2564102564102564,0.0,0.2622767857142857,0.5750457875457875,0.275,1.1753968253968254,0.21770833333333334,0.2673611111111111,3.1373242266992265,0.0,0.35,0.0,0.0,1.3963541666666666,1.101686507936508,2.05250296000296,0.4769345238095238,0.882688492063492,0.0,0.0,0.0,1.6807844932844933,0.3383279914529915,0.390625,0.0,0.0,0.0,0.2777777777777778,1.005406746031746,0.5908333333333333,0.0,0.5039930555555555,0.0,0.0,0.0,0.770436507936508,0.0,0.0,0.0,0.5694673382173382,0.0,0.0,0.2361111111111111,0.0,0.0,0.0,0.0,1.4146825396825398,0.0,0.5282837301587301,0.0,0.0,0.0,0.0,0.0,0.0,0.0,0.0,0.6073069291819292,0.0,0.4117483211233211,0.0,0.0,0.0,1.0094551282051283,0.0,0.0,0.0,0.0,0.0,0.0,0.0,0.0,0.0,0.0,0.0,0.0,0.3855406746031746,0.3171626984126984,0.0,0.0,0.0,0.0,0.0,0.0,0.0,0.3721230158730159,0.0,0.0,0.0,0.26666666666666666,0.0,0.0,0.0,0.25605921855921854,0.4123263888888889,0.0,0.0,0.0,0.0,0.0,0.0,0.0,0.0,0.0,0.0,0.0,0.0,0.0,0.7135416666666666,0.9861912393162393,0.0,0.0,0.0,0.0,0.0,0.0,0.0,0.0,0.0,0.0,0.0,0.0,0.0,0.0,0.0,0.0,0.0,0.0,0.0,0.0,0.0,0.670400641025641
7.748511904761904,2.0892857142857144,1.7750850340136053,0.5625,0.5555555555555556,2.941871620443049,0.0,2.4404761904761902,1.7113095238095237,1.369047619047619,1.276098901098901,0.41666666666666663,9.19047619047619,1.726190476190476,0.7341269841269841,6.354733560090702,1.5297619047619047,0.0,0.0,0.0,0.0,0.47619047619047616,0.0,1.09375,3.514880952380952,0.20833333333333334,0.5069444444444444,0.41666666666666663,0.7738095238095237,4.965419501133787,0.0,4.456632653061224,0.0,1.4702380952380951,3.861523397237683,0.8095238095238094,1.101190476190476,1.0225340136054422,1.447704081632653,2.0238095238095237,0.0,0.0,0.20833333333333331,0.0,0.0,0.41666666666666663,0.0,0.0,1.0119047619047619,0.30952380952380953,0.2777777777777778,0.0,0.21889400921658983,1.072845804988662,0.0,0.0,0.46768707482993194,0.0,1.6666666666666665,0.0,0.7291666666666666,0.0,0.0,1.7738095238095237,0.0,0.0,0.3125,2.9126984126984126,0.0,0.0,0.0,0.41666666666666663,0.0,0.0,0.0,0.0,0.0,0.0,0.0,0.0,0.0,0.0,0.4702380952380952,0.0,0.0,0.0,0.0,0.0,0.0,0.0,0.0,0.0,0.0,0.0,0.0,0.0,0.0,1.0714285714285714,0.0,0.4166666666666667,1.1111111111111112,0.0,0.3273809523809524,0.0,0.0,0.0,0.2232142857142857,0.0,0.0,0.0,0.0,1.4285714285714284,0.0,0.0,0.0,0.0,0.0,0.0,0.0,0.0,0.0,0.0,0.6547619047619047,0.0,0.0,0.0,0.0,0.0,0.0,0.0,0.7083333333333333,0.0,0.0,0.0,0.6245877138734282,0.0,0.0,0.0,0.0,0.0,0.0,0.0,0.0,0.0,0.0,0.0,0.0,0.0,0.41666666666666663,0.0,0.0,0.41666666666666663,0.0,0.0,0.0,0.0,0.0,0.0,0.0,0.0,0.0,0.0,0.0,0.0,0.0,0.0,0.0,0.0,0.0,0.41666666666666663,0.0,0.0,0.0,0.0,0.0,0.0,0.0,0.0,0.2678571428571428,0.0,0.0,0.0,0.0,0.0,0.0,0.0,0.41666666666666663,0.0,0.0,0.0,0.0,0.0,0.0,0.0,0.0,0.0,0.0,0.0,0.0,0.0
25.43095803450281,11.506694745967133,8.099522005772005,2.9251893939393936,11.524305555555555,3.484283129805518,9.295905483405482,10.214261484783872,2.5378787878787876,4.819384319384319,6.012626262626262,6.768439996984773,1.6522349696323577,2.085648148148148,5.716794140768021,4.28125,1.9369588744588744,5.050650315342479,2.528409090909091,1.2589043419267298,1.3958333333333333,2.675820707070707,1.1578942409166288,0.8459595959595959,0.35416666666666663,6.248421717171717,1.2689393939393938,2.334911616161616,1.3194444444444444,0.5208333333333333,0.9769570707070707,1.0887896825396826,0.2272727272727273,0.3125,1.2159090909090908,1.9863560982963966,1.8876262626262625,0.0,0.9618055555555556,0.0,1.9791666666666665,4.473890692640692,1.9823232323232323,0.2793560606060606,0.7954545454545455,0.0,0.4236111111111111,0.0,0.0,0.4722222222222222,0.41666666666666663,0.0,1.2168560606060606,0.0,0.0,0.0,0.7291666666666666,6.364944083694083,2.236111111111111,0.9722222222222222,0.21527777777777776,0.5234245439469319,0.22569444444444442,0.0,0.20833333333333331,1.4362373737373737,1.0892857142857142,0.0,0.3819444444444444,0.0,0.2604166666666667,0.0,0.0,0.41666666666666663,0.3472222222222222,0.20833333333333331,0.8696338383838383,0.49652777777777773,0.0,1.3541666666666665,0.8196548821548821,0.0,0.798611111111111,0.0,0.20833333333333331,0.0,0.0,2.689078282828283,0.28125,0.2120535714285714,0.2456467661691542,0.0,1.4678030303030305,0.0,0.0,0.0,0.0,0.0,0.3125,0.0,0.20833333333333331,0.41666666666666663,0.20833333333333331,0.5718283582089553,1.846590909090909,0.9286616161616161,0.0,0.0,0.0,0.0,1.1875901875901875,0.0,1.7187499999999998,0.46874999999999994,0.5034722222222222,0.0,0.0,2.975694444444444,0.7430555555555556,1.0416666666666665,0.0,0.0,0.0,0.20833333333333331,0.625,0.798611111111111,0.0,0.0,0.20833333333333331,1.5519931457431457,4.045454545454545,0.0,0.0,0.4356060606060606,0.2361111111111111,0.0,0.0,0.0,0.0,0.5972222222222222,0.25284090909090906,0.8333333333333333,0.35416666666666663,0.8333333333333334,0.0,0.0,0.3263888888888889,0.9945436507936507,0.0,0.0,0.0,0.0,0.36458333333333326,0.0,0.0,0.2777777777777778,0.0,0.0,0.6944444444444444,0.0,0.0,0.0,0.20833333333333334,0.0,0.0,0.0,0.0,0.0,0.2232142857142857,0.0,0.35416666666666663,0.0,0.0,0.0,0.0,0.0,0.0,0.0,0.6458333333333333,0.0,0.0,0.0,0.0,0.0,0.0,0.0,0.0,0.0,0.0,0.0,0.0,0.0,0.0,0.0,0.0,0.0,0.0,0.75,0.0,0.0
134.4731428872054,29.399181547619047,11.589409722222221,36.92630922318422,80.7818287037037,35.344039351851855,31.545262896825395,88.65200366762866,13.969742063492063,13.429422726297727,28.126984126984127,8.16178902116402,5.123263888888888,10.992476851851851,18.92166456228956,19.87008101851852,22.057002314814813,30.03769841269841,10.866085207231041,0.8802083333333333,4.428323412698413,12.432291666666666,16.996155753968253,2.388888888888889,43.80051256613756,23.137896825396826,12.187003968253968,18.4422123015873,6.394965277777778,4.7111441798941796,4.302083333333333,11.405175264550264,1.9270833333333333,16.15575396825397,2.788814484126984,2.925662878787879,0.7135416666666666,5.879050925925926,1.1458333333333333,3.060267857142857,0.2777777777777778,0.33854166666666663,1.568287037037037,30.378596230158728,25.722800925925924,2.5434027777777777,0.84375,27.24681712962963,2.8191964285714284,0.5208333333333333,0.6875,11.32638888888889,0.7291666666666666,5.4581266534391535,1.2847222222222223,1.640625,2.21875,1.1927083333333333,1.812872023809524,0.5555555555555556,2.192708333333333,0.9765625,0.0,0.37721836419753085,6.085069444444445,1.3229166666666667,2.364583333333333,2.009341931216931,0.2951388888888889,0.41666666666666663,2.0381944444444446,0.0,13.030299272486772,0.203125,8.960204725829726,0.28125,0.20833333333333331,0.33854166666666663,1.4947916666666665,13.414351851851851,0.0,3.0864197530864197,0.23995535714285715,2.585648148148148,1.6927083333333333,1.2053571428571428,17.87528935185185,0.3125,0.0,0.0,1.21875,0.6117724867724867,5.435763888888888,0.0,0.9375,0.0,0.41666666666666663,0.9071180555555556,1.7222222222222223,0.0,0.8705357142857142,0.2951388888888889,0.0,0.0,0.46875,0.0,0.46875,3.0839120370370368,1.2239583333333333,1.2881944444444444,0.234375,33.02889384920635,0.3125,0.0,1.8489583333333333,1.0,0.0,0.6510416666666666,0.32291666666666663,0.0,0.0,0.21875,0.3472222222222222,0.0,0.0,0.5833333333333333,0.5572916666666666,0.2864583333333333,0.21875,0.0,0.625,0.46875,0.3125,0.0,0.0,0.0,4.847222222222222,0.0,0.5208333333333333,0.3125,0.26041666666666663,0.0,0.0,0.26041666666666663,0.0,0.0,0.0,0.2170138888888889,0.3125,0.46875,1.9930555555555556,0.5208333333333333,0.0,1.3697916666666667,0.0,0.0,0.3125,0.296875,0.0,0.6770833333333333,0.703125,0.0,3.125,0.0,0.0,0.0,0.0,0.0,0.41666666666666663,0.3125,0.0,0.0,0.20833333333333331,0.32291666666666663,1.6067708333333333,0.234375,1.5894097222222223,0.0,0.681423611111111,5.322916666666667,0.0,0.625,0.453125,0.0,0.21875,0.390625,0.65625,2.078125,0.0,0.3125,0.0,0.0,0.3877314814814815,0.0,0.0,0.0,0.0,0.0,0.0,0.0
10.103204589164735,3.7736115709394693,3.283114619003594,1.431143192142157,1.8836286930231028,2.471496146767886,2.0128431555061987,4.458577204274668,1.2339083713630814,1.5770586839427418,0.41774111067589326,1.9661149892128154,0.24831780538302275,0.0,1.12141994478951,0.43911804781369995,1.0990937236408251,1.7057807030633116,0.3660570508396595,0.7465949062416454,3.117203130337188,0.7503727940451542,1.5398648754627016,0.7856711525189786,0.98524540576171,1.885376545023284,0.30998389694041867,0.0,0.4728907867494824,0.0,0.0,0.0,0.39553140096618356,0.5984443294225903,0.0,0.3546123763515068,0.0,0.32577365797474495,0.0,0.3786986714975845,0.0,0.5520833333333334,1.0104130722337243,0.2966485507246377,0.899783615136876,0.0,0.0,0.5331622383252818,0.2940605590062112,0.0,0.0,0.0,0.5381944444444444,0.0,0.5614683977455717,0.0,0.24944258639910813,0.41666666666666663,0.0,0.0,0.0,0.0,0.0,0.0,0.0,0.0,0.21235909822866347,0.0,0.29977570738440307,0.0,0.0,0.6405243558776167,0.0,0.0,0.5701154052603328,0.0,0.0,0.0,0.0,0.7236773846828195,0.3138940571005788,0.0,0.0,0.3343900966183575,0.0,0.0,0.8569847020933977,0.0,0.0,0.0,0.0,0.0,0.0,0.0,0.0,0.0,0.0,1.857634649301316,0.0,0.0,0.0,0.5821759259259259,0.0,0.0,0.0,0.0,0.0,0.0,1.681547619047619,0.0,0.0,0.0,0.0,0.21739130434782608,0.0,0.0,0.0,0.0,0.0,0.0,0.0,0.0,0.0,0.0,0.0,0.0,0.0,0.0,0.0,0.0,0.0,0.0,0.0,0.0,0.0,0.0,0.0,0.0,0.0,0.0,0.0,0.0,0.0,0.0,0.0,0.0,0.0,0.0,0.0,0.0,0.0,0.0,0.0,0.0,0.0,0.0,0.0,0.0,0.0,0.0,0.0,0.0,0.0,0.0,0.0,0.0,0.0,0.2604166666666667,0.0,0.0,0.0,0.0,0.0,0.0,0.0,0.0,0.0,0.0,0.0,0.0,0.0,0.0,0.0,0.0,0.0,0.0,0.0,0.0,0.0,0.0,0.0,0.0,0.0,0.0,0.0,0.0,0.0,0.0,0.0,0.0
56.9194258453187,4.156812169312169,1.05625,25.953344671201815,77.39804302840017,36.16322751322751,124.05507240775098,29.78473124098124,4.61174543049543,123.82878401360544,10.256481481481481,23.541035353535353,25.48700396825397,8.068353174603175,13.95283189033189,5.080666786916787,19.289909297052155,4.599603174603175,29.84730339105339,19.439998196248197,30.920391414141413,53.11172868137154,0.0,54.002182539682536,16.983267658267657,0.6458333333333334,5.953162115662115,2.1628968253968255,32.48676948051948,30.661841399341398,2.201388888888889,1.3449074074074074,47.44361828647543,19.15191798941799,3.108399470899471,5.722718253968254,12.032771164021163,32.228291847041845,0.5,4.119696969696969,12.608134920634921,5.589351851851852,44.080583900226756,0.0,0.0,23.156810880918023,99.22647246932961,0.6333333333333333,24.04616402116402,3.9308383745883746,8.046016714766715,0.0,23.038113275613274,7.249333536833537,0.0,0.3819444444444445,0.7155753968253968,0.0,0.3396164021164021,4.368055555555555,1.994345238095238,12.13968253968254,0.41666666666666663,1.1299603174603174,14.673430735930735,4.714087301587301,8.714917027417027,0.3125,12.657511337868481,2.439285714285714,4.293716931216931,4.2253968253968255,0.55,4.67390873015873,1.2361111111111112,0.4083333333333333,0.4166666666666667,0.0,1.9724206349206348,1.4277777777777778,1.5833333333333333,2.7338955026455025,0.0,0.0,4.040178571428571,0.6041666666666666,0.0,35.54235972360972,0.2212962962962963,9.78015873015873,14.6734126984127,1.0032467532467533,0.25,2.279166666666667,0.5027777777777778,0.0,2.3222222222222224,3.306051587301587,3.625793650793651,0.0,0.525,0.875,0.9851190476190477,3.473687985295128,0.7083333333333333,1.0873015873015872,0.0,0.75,0.0,0.2837301587301587,0.7163690476190476,0.0,0.0,0.0,0.0,1.2333333333333334,1.7886363636363636,0.0,1.2396825396825397,1.1763257575757575,1.1892857142857143,1.1841269841269841,0.0,18.18326247165533,1.9642857142857142,1.0266203703703702,0.0,3.4140873015873012,1.2153138528138527,0.0,0.0,0.25,0.6668470418470418,5.6338293650793645,1.1714285714285715,0.0,0.4375,0.0,0.44507575757575757,0.0,2.7152777777777777,5.8978174603174605,1.3719155844155844,1.130952380952381,0.34090909090909094,0.0,1.0,0.0,2.4799603174603173,16.738690476190477,0.8708333333333333,1.6111111111111112,0.30522486772486773,0.0,0.0,0.475,1.371494708994709,0.0,0.3492063492063492,0.0,1.2457341269841269,0.0,0.0,1.135515873015873,1.0,2.7163419913419915,7.01002886002886,0.0,0.0,0.0,11.143166357452072,0.0,0.5186507936507936,0.0,0.23809523809523808,1.5611678004535148,0.0,0.0,0.0,0.2857142857142857,1.1519841269841269,0.49999999999999994,0.0,0.0,7.648015873015873,11.84077380952381,0.30000000000000004,0.0,2.4555555555555557,0.0,1.2857142857142856,0.0,0.0,0.49007936507936506,0.579040404040404,0.25,3.588690476190476,0.0,0.0,0.0
291.4160082239175,94.86775479392186,96.55735692076946,62.77484587585034,83.49708432688344,105.79905673665502,241.24171145921122,65.41532694373439,66.2293244949495,72.03617474317662,78.02582325908219,5.447766746624023,36.786045169848805,21.2096321956813,36.33038897064574,23.276107077446362,34.71411747974248,39.13303457403665,73.71173071719946,180.48063375338828,105.8347008344863,67.9093501984127,47.57139739421758,41.371985901003754,28.12389916630988,80.41238839285714,33.64712172747887,8.328683035714285,20.328086348175635,5.022321428571429,3.1969954648526073,11.68501984126984,13.629193722943722,53.37808068667444,12.12202380952381,22.51694096481876,10.30804413840128,34.8035512974129,1.1312446853741496,33.76097455784956,1.4755011853226139,9.42187306740878,8.160035648874935,9.67177353896104,1.0,1.288690476190476,64.47615925740925,0.36675824175824173,6.942329867553082,15.848214285714285,3.939875429338402,2.162746108058608,146.9591626691281,10.662692961800104,9.432815882034632,7.312375992063492,7.672867063492063,9.409343929879643,75.20068027210884,8.688472985347985,2.807348901098901,36.789680857078245,33.57242063492063,4.904143475572047,2.2963169642857144,10.948260073260073,12.06730248917749,0.644345238095238,59.46219752469752,0.7634991496598639,3.18062641723356,11.622877370645227,2.1408279220779223,0.0,43.134201334251394,1.152281746031746,0.0,0.28936688311688313,2.7436755952380953,1.9769345238095237,5.675595238095238,25.520585317460316,0.9549319727891157,0.29396645021645024,16.986038614163615,1.380952380952381,0.0,13.238963293650793,0.46391369047619047,10.454816017316018,4.818882310386841,0.5513618326118326,0.0,0.0,0.0,13.217633928571429,2.898026019119769,8.661210317460318,2.0625,0.0,7.046875,3.6056547619047614,16.88711809024309,2.451292643923241,0.0,0.0,0.6622023809523809,2.390781093906094,0.0,0.0,0.6643725198412699,0.0,0.0,1.5029761904761905,0.3968253968253968,0.0,0.0,0.0,0.0,4.1915391156462585,2.6445191713048857,0.25,0.21577380952380953,25.512175324675326,3.4375,1.0729166666666665,1.398003472222222,2.0024801587301586,0.0,0.0,0.0,5.577615914786967,1.2505411255411254,13.914276695526695,0.27610693400167086,0.625,0.20833333333333331,1.0,0.5893501339929911,0.5138888888888888,0.2312925170068027,2.669642857142857,1.9092261904761905,0.2232142857142857,0.0,0.0,0.0,0.0,0.38690476190476186,19.12140376984127,4.1398809523809526,0.5595238095238095,1.224560657596372,0.0,0.42857142857142855,0.0,0.6560019841269841,0.5,0.47967657342657344,0.0,0.625,0.34970238095238093,0.0,0.6383928571428571,0.0,0.0,1.5603354978354977,0.234375,0.0,1.2611607142857142,0.9077380952380951,0.0,0.0,5.580721872082166,0.0,0.0,0.0,0.9449404761904762,0.0,3.540249433106576,2.2098214285714284,0.0,11.284722222222221,0.0,0.0,0.2272727272727273,0.0,1.733630952380952,1.212797619047619,1.1458333333333333,0.0,0.0,0.0,1.363095238095238,0.3571428571428571,0.0,0.555954957740672,0.0,0.0,0.6618819776714513
40.75887987160812,2.221606214825871,16.57063946732314,2.0144355361192097,31.11912492269635,5.43713556851312,4.868440233236151,4.320847095081789,0.9249574829931972,1.0747482914507618,0.347424684159378,0.3567176870748299,0.4119253762110905,1.2558440364562813,3.1664439585357953,3.3460884353741496,2.305574502528284,1.6648850016196954,0.4230083267073063,0.2942986718496923,2.291636297376093,0.6383219954648526,9.724953830183422,1.3456632653061225,0.36236085343228197,0.40586624260093646,2.999574829931973,1.0499087080719733,0.5560120151956887,1.5051020408163265,0.2551020408163265,0.8865605766115969,0.4342808551992225,0.0,0.9378561489530877,0.0,0.22151360544217685,0.0,0.3875526401036605,11.454201810594368,0.21331389698736636,0.0,0.0,0.42717260064198836,0.0,0.0,0.0,0.0,0.7838313896987367,0.21080336896663426,2.929421768707483,1.8435374149659862,0.0,0.2757531584062196,1.857910371940984,0.3435374149659864,0.0,0.0,0.0,0.0,0.28924646781789637,0.0,0.0,0.9744897959183673,0.0,1.1621315192743764,0.26643990929705214,0.0,0.0,0.29761904761904756,0.0,0.0,0.0,0.0,1.749738356881214,0.2791950113378685,0.0,0.0,0.5178571428571428,0.0,0.0,0.0,0.0,0.0,0.0,0.0,0.5931122448979591,0.0,0.0,0.625,0.0,0.0,0.0,0.6482325072886297,0.0,0.0,0.0,0.0,0.0,0.4549319727891156,0.0,0.0,0.0,0.0,0.0,0.0,0.0,0.0,0.0,0.0,0.0,0.3262471655328798,0.0,0.0,0.0,0.0,0.0,0.0,0.0,0.0,0.0,0.0,0.23814677386105956,0.0,0.0,0.0,0.0,0.0,0.0,0.0,0.25,0.3333333333333333,0.0,0.0,0.0,0.0,0.0,0.0,0.0,0.0,0.0,0.46768707482993194,0.0,0.0,0.0,0.0,0.0,0.0,0.0,0.0,0.0,0.0,0.0,0.0,0.0,0.0,0.0,0.0,0.0,0.7458697764820214,0.0,0.0,0.0,0.0,0.0,0.0,0.0,0.0,0.0,0.38143828960155485,0.0,0.0,0.0,0.0,0.0,0.0,0.0,0.0,0.0,0.0,0.0,0.0,0.0,0.0,0.0,0.0,0.0,0.0,0.0,0.0,0.0,0.0,0.0,0.0,0.0,0.0,0.0,0.0,0.0,0.0
11.998403320698095,6.452955826156785,5.902777777777778,3.182114512471655,25.460151257472685,16.110230099502488,22.557114512471653,6.525125224219041,3.96450807334428,7.621167027417027,4.779478458049886,1.5782176201552534,1.4882062899786779,4.8209325396825395,2.657360518834399,3.3670634920634916,4.98313492063492,1.465214108031272,3.351190476190476,1.3088553829491996,3.38562925170068,2.61843820861678,0.37659914712153514,1.2032312925170068,1.5763888888888888,7.073696145124716,3.0761054421768703,1.0119047619047619,1.882157029478458,0.5683360700602079,1.6286848072562357,0.5406746031746031,0.41666666666666663,0.0,0.7976190476190476,2.287402274342573,1.4623015873015872,0.30357142857142855,0.6728316326530612,0.0,0.3125,2.9970238095238093,1.1000566893424035,0.0,1.1264945372088229,0.0,0.31373152709359603,0.9183673469387754,0.3720238095238095,0.0,2.7874149659863945,0.20833333333333331,0.0,0.0,0.0,0.0,0.0,0.49574829931972786,0.4464285714285714,0.5357142857142857,0.0,0.7185776051714218,0.40178571428571425,0.0,0.0,0.24999999999999997,0.274234693877551,0.2619047619047619,0.0,0.0,0.0,0.0,0.0,0.3571428571428571,0.0,0.0,2.506185807656396,0.0,0.0,0.28273809523809523,0.0,0.0,0.0,0.4117063492063492,0.0,0.0,0.0,0.6607142857142857,0.0,0.20833333333333331,0.21588486140724944,0.0,0.29166666666666663,0.0,0.0,0.0,0.0,0.0,0.4464285714285714,1.0416666666666667,0.0,0.0,0.0,0.30830021968081667,0.0,0.3075396825396825,0.0,0.0,0.0,0.0,0.3720238095238095,0.0,2.276785714285714,0.0,0.0,0.0,0.0,0.30761698618841476,0.28869047619047616,0.41666666666666663,1.7490079365079363,0.0,0.0,0.0,0.8541666666666666,0.0,0.0,0.0,0.0,0.0,0.0,0.0,0.0,0.21258503401360543,0.0,0.3571428571428571,0.0,0.0,0.0,0.0,0.0,0.0,0.0,0.20833333333333331,0.5555555555555556,1.2113095238095237,0.44217687074829926,0.0,0.0,0.0,0.32312925170068024,0.0,0.0,0.0,0.758078231292517,0.0,0.0,0.0,0.0,0.0,0.0,0.0,0.0,0.0,0.0,0.0,0.0,0.0,0.0,0.0,0.0,0.0,0.0,0.0,0.0,0.0,0.0,0.0,0.0,0.0,0.0,0.0,0.0,0.2678571428571428,0.0,0.0,0.0,0.0,0.0,0.0,0.0,0.0,0.0,0.0,0.0,0.0,0.0,0.0,0.0,0.0
222.18199709101395,120.03074169571666,94.20797623031478,74.30152149697285,118.6251582913058,96.7716537097931,128.22281881243563,146.2638534814522,43.713950388169806,189.61405681652911,24.117320942608664,91.26680943365726,40.709306367474525,32.208487259638154,94.69594975671428,38.58728564818718,51.176580779069056,63.34960656674212,37.01279491265105,49.88393734321643,58.460165315211135,79.75633684633273,58.71362187826382,25.611213869605812,29.016758010803727,67.69293744817242,18.472886558004845,25.16042486658695,19.311014672667486,19.63645890692459,19.567766690009336,11.213518831445622,20.489456470994195,22.872078783204103,15.869091386554622,27.004297250301086,5.79140713302865,17.36709018458539,6.0445942265795205,11.718392882515325,10.879201680672269,21.47907913165266,35.72677044851757,11.30902323744143,32.98533450215835,13.188678974005061,10.342320261437909,8.228744637951799,12.946634088417976,1.7140522875816993,15.64359493797519,6.806372549019608,5.02016223155929,0.3765527950310559,16.76011982801465,9.248398199859654,6.134071437939724,14.605654761904761,7.226657329598506,24.507972029391468,3.190065075175369,13.275492141300964,22.819551431683784,22.29574709513435,7.468472805788982,8.382440476190476,12.837534168256674,6.628040890269151,3.0884370052368775,0.2512254901960784,16.105534806515198,9.9340292578384,4.125,7.069444444444445,2.1326154052603328,7.910107883733203,7.153075904274753,6.58234126984127,2.8135212418300655,14.282500914094584,8.490977390433912,3.7025852007469653,11.201155462184873,9.941532953761214,12.721014492753623,15.422619047619047,11.553214860823557,12.365254435107376,8.822096553074815,8.225065418679549,5.059523809523809,12.694720017636683,9.027626811594203,0.36585097001763667,13.95320767195767,8.824404761904763,0.7336956521739131,20.307039411206077,12.145833333333334,8.492296918767508,1.0119047619047619,12.03006341425459,1.7857142857142856,6.467086834733894,7.916666666666666,3.2912742391642644,4.5461309523809526,5.9129901960784315,18.110119047619047,2.5710978835978837,6.455695865302643,15.99917328042328,1.1315537084398977,13.017899007429058,0.49550653594771243,1.011204481792717,9.840073529411764,1.4101307189542482,0.5505368814192343,0.6968167701863354,5.286391730605286,4.518353174603174,2.9910714285714284,4.547891378773731,1.5311624649859943,8.908514492753623,2.9722222222222223,5.4245448179271705,0.4820835029168362,4.0415694055399936,1.73665027605245,0.0,3.843513190300275,3.8372821350762525,2.111111111111111,19.367559523809522,1.607142857142857,4.692401960784314,7.619047619047619,5.10228978978979,2.827594926859633,6.71875,5.00297619047619,0.0,1.0833333333333333,1.380047852474323,0.6779100529100529,6.041666666666666,1.125,0.0,5.741392390289449,2.5,4.908978174603175,1.5590277777777777,1.1801470588235294,0.8333333333333333,2.3406862745098036,2.7784780578898225,3.3591485507246372,0.0,2.0168942577030813,0.0,0.0,2.226890756302521,1.8566176470588236,2.5,0.27158689562781635,0.2604166666666667,0.4656862745098039,0.0,1.963935574229692,0.0,0.0,0.0,0.0,0.0,0.0,0.0,2.125,0.3083664021164021,3.4313725490196076,0.6944444444444444,0.8993055555555556,2.3205532212885154,0.2306547619047619,0.0,0.0,2.0531400966183573,0.0,0.0,0.5223214285714286,1.0982142857142856,0.0,3.4544741809767383,3.5848765432098766,0.20833333333333331,0.0,3.2886029411764706,0.6423611111111112,0.0
138.24552279980287,84.84550261760063,34.59494896443426,16.535405828998265,76.16191999527084,45.72437575776579,119.65087830586779,42.93111527175321,65.50000643935735,50.14154809651133,28.03659797252234,10.070529128091762,9.822706756832085,44.97738678804855,44.75253813533554,92.92326680672268,58.45695134114251,3.2461431463132513,7.539098972922502,6.493320835797005,7.2638096905428835,20.95639630852341,5.822677578494084,7.7385954381752695,8.984191176470588,29.756257048273856,42.39575413498733,0.696953781512605,35.869315908181456,15.1760158086223,5.168921735360811,0.0,1.1460084033613445,0.8837535014005602,6.606442577030812,12.7972061959112,5.632455065359477,4.989233193277311,4.183861044417767,0.37540849673202614,0.548844537815126,1.3774828113063406,7.648259303721488,1.690986394557823,7.132184313119187,0.0,4.404662899642616,2.183890222755769,3.239875116713352,0.5597864145658263,3.2849639855942376,0.8897058823529411,0.901610644257703,0.0,2.761151430269077,5.682247899159664,3.9286764705882353,3.204081632653061,1.789157329598506,4.579831932773109,0.0,1.670987735890376,0.7578781512605041,0.6902135854341737,0.0,0.7083333333333333,0.3845288115246098,0.8869047619047619,4.794117647058823,0.0,3.3807773109243695,0.6699929971988795,0.2638888888888889,0.6904761904761905,0.5744047619047619,0.5524764451235039,5.391339869281046,0.20833333333333331,0.6036998132586368,0.36239495798319327,0.0,2.091686674669868,3.3410364145658265,2.988095238095238,1.0,0.0,0.0,2.5682306255835665,0.0,4.103422619047619,0.7853293058516939,0.4,0.0,0.0,1.0,2.9047619047619047,0.625,0.20535714285714285,0.613095238095238,3.229796918767507,0.0,1.1949112978524743,0.0,7.007777927430583,0.0,3.9501050420168067,0.0,0.6143790849673203,0.0,0.0,3.608193277310924,0.8035714285714286,1.645658263305322,0.0,0.0,0.0,4.707137021475257,0.356636594031552,2.205794817927171,0.0,1.91281512605042,0.876984126984127,0.41666666666666663,2.0227591036414565,2.559436274509804,0.5333333333333333,0.0,8.817401960784313,5.788690476190476,0.7720588235294118,0.0,0.0,0.7415966386554622,0.9086634653861545,1.3795454545454546,0.3571428571428571,0.0,0.5584733893557423,0.0,0.375,0.27170868347338933,0.9032738095238095,1.25,0.0,0.2272727272727273,2.296218487394958,0.9421768707482993,1.4285714285714284,0.4,0.0,1.9152160864345738,0.0,0.0,0.0,13.52155862344938,0.0,0.38235294117647056,0.5661764705882353,0.0,0.0,0.0,0.0,0.0,0.0,0.0,0.0,0.0,0.0,0.0,0.0,0.0,0.0,0.0,0.0,0.3571428571428571,0.0,0.0,0.0,0.0,0.0,0.23196778711484592,0.0,0.0,0.3413865546218487,0.0,0.0,0.0,0.6339285714285714,0.0,0.0,0.0,0.0,0.0,0.6444327731092436,0.0,0.0,0.0,0.0,0.0,0.0
83.5876225490196,25.031045751633986,15.487949346405228,4.633986928104575,1.6104983660130718,13.995098039215685,11.913602941176471,20.56311274509804,8.105392156862745,0.8623366013071896,7.313725490196078,30.86470588235294,0.9936683006535948,6.632421023965142,5.722222222222222,2.730392156862745,5.202614379084967,9.422862200435729,5.895424836601308,3.9362745098039214,22.31781045751634,0.5702614379084967,1.9379084967320261,0.32352941176470584,13.378206699346405,1.1264705882352941,3.303921568627451,3.342320261437908,0.0,13.581045751633987,0.22058823529411764,0.8774509803921569,0.0,2.083333333333333,0.5055555555555555,1.6879084967320261,0.0,6.829861111111111,0.0,0.0,0.0,0.687908496732026,0.25,0.0,15.945669934640524,0.0,3.6830065359477127,0.0,0.0,0.0,0.0,1.25,0.0,0.0,2.5555555555555554,0.0,0.0,5.198529411764706,1.3333333333333333,0.0,0.0,0.0,0.0,0.0,0.0,0.0,0.0,0.0,0.0,0.0,0.0,0.5441176470588235,0.0,0.41666666666666663,0.0,0.0,3.9142156862745097,0.24019607843137253,0.0,0.0,0.0,0.5416666666666666,0.0,0.0,0.0,0.0,0.0,0.2853349673202614,1.3235294117647058,0.0,0.0,0.0,0.0,0.0,0.0,0.0,0.0,0.0,0.0,0.0,0.0,0.0,0.0,0.0,0.0,0.8651960784313725,0.0,0.0,0.6666666666666666,0.0,0.5555555555555556,0.0,0.0,1.125,0.0,0.0,0.0,0.0,0.0,0.0,0.0,0.0,0.0,0.0,2.458333333333333,0.0,0.0,0.0,0.0,0.0,0.0,0.0,0.0,0.0,0.0,0.0,0.0,0.0,0.0,0.0,0.0,0.0,0.0,0.0,0.0,0.0,0.0,0.0,0.0,0.0,0.0,0.0,0.0,0.0,0.0,0.0,0.0,0.0,0.0,0.0,0.0,0.0,0.0,0.0,0.0,0.0,0.0,0.0,0.0,0.0,0.0,0.0,0.0,0.0,0.0,0.0,0.0,0.0,0.0,0.0,0.0,0.0,0.0,0.0,0.0,0.0,0.0,0.0,0.0,0.0,0.0,0.0,0.0,0.0,0.0,0.0,0.0,0.0,0.0,0.0
70.0380197228145,65.69601138171234,35.648809523809526,17.4281462585034,36.4212623685838,20.589396766169152,71.0579081632653,45.02264506548888,9.840896962233169,25.169778138528137,7.897534013605442,69.20172952491716,3.6548729566453444,11.532738095238095,65.26777718550106,36.338095238095235,112.9672619047619,1.2747379175550815,5.559523809523809,4.092585541679358,3.4689625850340136,7.2885770975056685,1.251599147121535,4.16156462585034,2.808333333333333,13.379251700680271,7.07610544217687,0.6785714285714286,4.375212585034014,12.86555829228243,5.462018140589569,0.0,0.9166666666666666,0.0,2.630952380952381,4.8151800521203505,2.4970238095238093,0.30357142857142855,0.4124149659863945,0.0,0.3125,1.5178571428571428,2.3639455782312924,0.7326530612244898,0.39038342609771176,0.0,0.5970648604269293,1.585034013605442,0.3720238095238095,0.0,5.954081632653061,0.0,0.0,0.0,0.0,1.0952380952380951,2.341666666666667,0.7040816326530612,0.9464285714285714,0.5357142857142857,0.0,0.9199664940603106,0.40178571428571425,0.0,0.0,0.7083333333333333,0.274234693877551,0.2619047619047619,36.0625,0.0,0.6785714285714286,0.40178571428571425,0.0,0.4821428571428571,0.5744047619047619,0.2785714285714286,2.1589635854341735,0.0,0.0,0.9285714285714286,0.0,4.567176870748299,0.0,1.3630952380952381,1.0,0.0,0.0,0.8607142857142858,0.0,0.20833333333333331,3.2158848614072495,0.9,0.8333333333333333,0.0,1.0,0.40476190476190477,0.0,0.0,0.613095238095238,2.175,3.4444444444444446,1.0595238095238095,0.0,2.544411330791928,2.5,2.738095238095238,0.0,0.5,0.0,0.0,0.3422619047619047,0.0,0.29761904761904756,0.625,0.0,0.0,0.0,0.30761698618841476,0.6220238095238094,0.0,1.2142857142857142,0.5992063492063492,0.41666666666666663,2.767857142857143,1.8541666666666665,0.5333333333333333,0.0,0.0,2.9970238095238093,0.5555555555555556,0.0,0.0,0.6190476190476191,0.7125850340136054,0.8,5.357142857142857,0.0,0.0,0.0,1.9821428571428572,0.0,0.43452380952380953,0.0,0.0,0.0,1.2113095238095237,0.9421768707482993,2.6785714285714284,0.4,0.0,0.32312925170068024,0.0,0.5952380952380952,0.0,48.2937925170068,0.0,0.0,0.0,1.0119047619047619,0.0,0.0,0.0,0.0,0.0,0.0,0.0,0.0,0.0,1.25,0.0,0.0,0.0,0.0,0.0,0.0,0.0,0.0,0.0,0.0,0.0,0.0,0.6607142857142857,0.0,0.2678571428571428,0.0,0.0,0.0,0.0,0.0,0.0,0.0,0.0,0.0,1.2142857142857142,0.0,0.0,0.0,0.0,0.0,0.0
20.058853056147832,10.529344715045674,6.625,6.571003401360544,30.50459570191713,15.797730099502488,27.59957482993197,13.945264113107928,7.7575636288998355,9.336444805194805,4.1475340136054415,1.4219676201552534,1.9882062899786779,10.949404761904761,3.7261105188343993,6.567261904761905,10.247023809523808,1.2747379175550815,2.851190476190476,3.6759188750126914,2.0939625850340136,2.896215986394558,0.8349324804548685,2.28656462585034,2.495833333333333,6.170918367346938,4.57610544217687,0.6785714285714286,2.7085459183673466,3.282224958949097,2.284934807256236,0.0,1.125,0.8333333333333333,1.7976190476190474,3.287402274342573,0.8303571428571428,0.42857142857142855,0.4124149659863945,0.0,0.3125,3.392857142857143,1.3639455782312924,0.2326530612244898,3.2028834260977117,0.0,0.5970648604269293,0.7517006802721088,0.3720238095238095,0.0,0.9540816326530612,0.0,0.0,0.0,0.0,1.0952380952380951,2.341666666666667,0.7040816326530612,1.1547619047619047,0.5357142857142857,0.0,0.41996649406031067,0.40178571428571425,0.0,0.0,0.7083333333333333,0.274234693877551,0.2619047619047619,2.2291666666666665,0.0,0.6785714285714286,0.0,0.0,0.4821428571428571,0.5744047619047619,0.2785714285714286,2.011904761904762,0.0,0.0,0.30357142857142855,0.0,1.2338435374149659,0.0,1.3630952380952381,1.0,0.0,0.0,0.2357142857142857,0.0,0.20833333333333331,0.7158848614072495,0.4,0.0,0.0,1.0,0.40476190476190477,0.0,0.20535714285714285,0.613095238095238,2.175,0.0,1.0595238095238095,0.0,0.30830021968081667,0.0,2.988095238095238,0.0,0.5,0.0,0.0,0.3422619047619047,0.0,1.5476190476190477,0.0,0.0,0.0,0.0,0.30761698618841476,0.6220238095238094,0.0,1.2142857142857142,0.5992063492063492,0.41666666666666663,0.0,1.8541666666666665,0.5333333333333333,0.0,0.0,2.9970238095238093,0.625,0.0,0.0,0.6190476190476191,0.7125850340136054,0.30000000000000004,0.3571428571428571,0.0,0.5952380952380952,0.0,0.375,0.0,0.43452380952380953,0.0,0.0,0.0,1.2113095238095237,0.9421768707482993,0.0,0.4,0.0,0.32312925170068024,0.0,0.0,0.0,1.508078231292517,0.0,0.0,0.0,0.0,0.0,0.0,0.0,0.0,0.0,0.0,0.0,0.0,0.0,0.0,0.0,0.0,0.0,0.0,0.0,0.0,0.0,0.0,0.0,0.0,0.0,0.0,0.0,0.0,0.2678571428571428,0.0,0.0,0.0,0.0,0.0,0.0,0.0,0.0,0.0,0.5892857142857142,0.0,0.0,0.0,0.0,0.0,0.0
26.136333558272334,2.270739464617016,6.227836437020111,7.884475218658892,3.061044114615543,18.064119695497247,15.028162455458373,8.383138969873663,14.185374149659864,10.938755264010366,0.347424684159378,0.3567176870748299,0.2730364873222016,0.36298689359913844,0.2504086050004417,4.596088435374149,0.5774582560296846,6.902980239714934,0.7260386297376094,0.2942986718496923,2.760386297376093,0.6383219954648526,5.1009007998803915,0.3039965986394558,0.5706941867656153,1.7808662426009365,1.1335034013605443,1.2582420414053068,0.30601201519568866,0.2551020408163265,0.2551020408163265,0.8865605766115969,0.4342808551992225,0.8245464852607709,0.9378561489530877,0.0,2.3643707482993195,0.0,1.6077907353417555,3.430089893100097,0.21331389698736636,0.0,0.0,0.0,0.0,0.31519274376417233,0.0,0.0,0.0,1.9295533689666342,1.4413265306122447,0.8018707482993197,0.4980563654033041,2.7757531584062196,0.47398180051241273,1.3435374149659862,0.0,0.0,0.0,0.0,0.0,0.0,0.0,0.0,0.0,0.0,0.0,0.0,0.0,0.43650793650793646,0.0,0.0,0.0,0.0,0.0,0.0,0.0,0.0,0.5178571428571428,0.0,0.0,0.0,0.0,0.0,0.0,0.20110544217687074,0.28061224489795916,0.0,0.0,0.0,0.0,0.0,0.0,0.9919825072886297,0.0,0.0,0.0,0.0,0.0,0.2465986394557823,0.0,0.0,0.0,0.0,0.0,0.0,0.0,0.0,0.0,0.0,0.0,0.0,0.0,0.0,0.0,0.0,0.0,0.0,0.0,0.0,0.0,0.0,0.23814677386105956,0.0,0.0,0.0,0.0,0.0,0.0,0.0,0.8125,0.3333333333333333,0.0,0.0,0.0,0.0,0.0,0.0,0.0,0.0,0.0,0.0,0.0,0.0,0.0,0.0,0.0,0.0,0.0,0.0,0.0,0.0,0.0,0.0,0.0,0.0,0.0,0.0,0.0,0.6069808875931324,0.0,0.0,0.0,0.3571428571428571,0.0,0.0,0.0,8.366921768707483,0.0,0.0,0.0,0.0,0.0,0.0,0.0,0.0,0.0,0.0,0.0,0.0,0.0,0.0,0.0,0.0,0.0,0.0,0.0,0.0,0.0,0.0,0.0,0.0,0.0,0.0,0.0,0.0,0.41666666666666663,0.0,0.0,0.0
31.540137568887566,14.337454975579975,3.847321841071841,13.810217236467237,7.73254884004884,9.097723595848596,3.1561202686202683,4.964206349206349,10.814259004884004,15.633136859386859,0.9127480158730159,18.5943853021978,2.8548992673992672,4.693962563337563,2.994405525030525,15.385545634920634,12.926675824175824,6.88750992063492,0.5452628968253969,1.533068147130647,2.390426587301587,6.654108669108669,6.814281644281644,2.4829326923076924,7.659718337218337,23.286009996947495,1.692718253968254,3.8039300976800976,4.696981525419026,2.335138195138195,7.042147435897436,9.85075931013431,1.9934065934065934,5.546016865079365,2.896971153846154,1.0285149572649572,0.8118551587301587,7.197028769841269,2.681509844322344,1.1885206807081807,2.137171855921856,0.0,0.0,0.35622710622710624,0.0,0.5712950244200243,0.0,0.3084134615384615,4.0005933302808305,2.5588576007326007,0.6077686202686202,4.63065349002849,0.0,0.6288141025641025,4.981019917582417,4.186351114163614,1.1359249084249083,0.0,4.004806547619047,0.315892094017094,0.49428037240537237,0.23821924603174605,0.2914300976800977,1.8979552045177046,0.0,0.0,0.0,0.2564102564102564,0.0,0.4011656746031746,0.5750457875457875,0.275,1.1753968253968254,0.21770833333333334,0.2673611111111111,3.1373242266992265,0.0,0.35,0.0,0.0,1.3963541666666666,1.101686507936508,2.05250296000296,0.4769345238095238,0.882688492063492,0.0,0.0,0.0,1.6807844932844933,0.3383279914529915,0.390625,0.0,0.0,0.0,0.2777777777777778,1.005406746031746,0.5908333333333333,0.0,0.5039930555555555,0.0,0.0,0.0,0.770436507936508,0.0,0.0,0.0,0.5694673382173382,0.0,0.0,0.2361111111111111,0.0,0.0,0.0,0.0,1.4146825396825398,0.0,0.5282837301587301,0.0,0.0,0.0,0.0,0.0,0.0,0.0,0.0,0.6073069291819292,0.0,0.4117483211233211,0.0,0.0,0.0,3.509455128205128,0.0,0.0,0.0,0.0,0.0,0.0,0.0,0.0,0.0,0.0,0.0,0.0,0.3855406746031746,0.3171626984126984,0.0,0.0,0.0,0.0,0.0,0.0,0.0,0.3721230158730159,0.0,0.0,0.0,0.26666666666666666,0.0,0.0,0.0,0.25605921855921854,0.4123263888888889,0.0,0.0,0.0,0.0,0.0,0.0,0.0,0.0,0.0,0.0,0.0,0.0,0.0,0.7135416666666666,0.9861912393162393,0.0,0.0,0.0,0.0,0.0,0.0,0.0,0.0,0.0,0.0,0.0,0.0,0.0,0.0,0.0,0.0,0.0,0.0,0.0,0.0,0.0,0.670400641025641
22.421857298435082,31.289248817613792,8.823332145406726,17.0602992062397,17.027596897385706,9.937058545640479,19.52717314693943,23.488274259133853,29.787711267004944,21.86429430473602,5.281856490459432,12.89558077504506,9.616294902576415,17.242242738975932,21.818585062230017,15.076144386270435,7.666739901347745,6.245641105315475,5.435977279800809,7.639468716779641,9.871688490534778,13.528384251136352,2.042839778999281,10.172455784178473,8.084482019886432,12.220209062390342,9.400704350116115,2.200159464718288,8.20788121192533,12.617207901362011,6.987222690358194,0.5373529411764706,3.527733067586009,1.9161899075869664,3.715049654477175,5.757141531557336,2.5203712443141897,6.256064422563897,0.871329693493559,1.6264196383681677,5.990343316813905,7.6489927894234615,5.680434684557584,0.6750349431270484,1.8951828060283942,1.0304741554741554,13.416366513489086,5.18391820403375,7.67581001514825,1.406726280255692,2.2312185643488163,0.5968487394957983,3.461392832755329,1.679010989010989,3.6739197961624432,3.6028653769199983,2.0792538099155746,1.2238095238095237,1.6558366423492472,3.705074606765783,0.9441523767626708,1.4638397658985893,4.206532288128926,1.5499442868315416,0.8112864504776269,0.4865646258503401,2.5972887830345814,0.7429029304029303,1.6263062917474682,0.7460331825037707,3.363370581850974,4.09801328709417,0.4222222222222223,1.356845238095238,0.5614197530864198,3.4176356311755467,15.348831683022858,0.6630952380952381,1.4197712418300652,1.346184640522876,1.3742648555148556,1.8924718220621581,2.0795568227290917,0.9073611111111111,0.8167857142857142,0.6881257631257631,2.6504629629629632,4.263393736282391,0.45119047619047614,1.309581228956229,1.4484065934065933,3.3938113109587467,0.0,0.8370048161714828,0.33807488807488806,1.104960753532182,1.1986819727891156,6.156081797391321,0.3893248616462902,0.8405569920275803,0.352891156462585,1.2472860725486776,0.2991666666666667,2.8026480977006187,1.4883333333333333,1.0951187056018987,1.1753296703296703,1.8053818322200674,0.6503520289234574,0.36340557590557593,0.4020577461753932,0.8777218152218152,0.0,0.660832794656324,0.0,0.4778711484593838,2.7807623049219687,0.0,1.0929819363642892,0.20032051282051283,0.5576960784313725,0.7795833333333333,0.28061224489795916,7.252855925198362,1.022517340269441,0.9764194139194138,0.3186050061050061,1.6120448179271707,0.24216028510900303,0.3600217864923747,0.45348003960808836,0.0,1.0714671979903072,3.0281948334889512,0.8496642246642246,0.2845238095238095,0.0,0.6722096530920061,3.0803571428571423,1.006845238095238,0.5077998806360151,0.0,0.9268681318681318,0.0,0.0,0.8404645191409897,0.9373117623117623,0.21269841269841272,0.2705102040816326,0.0,2.0847760899231487,0.0,0.7503642290249433,0.0,1.5244694031458736,1.430952380952381,1.085686274509804,0.5737161531279178,0.0,0.0,0.2906442577030812,0.0,0.0,0.39355742296918766,0.3238795518207283,1.3169642857142856,0.0,0.2764423076923077,0.6122064210299504,0.0,0.47560224089635855,0.0,0.0,0.0,0.0,0.0,0.0,0.0,0.0,0.7592592592592592,1.0039915966386554,0.2367063492063492,0.0,0.43843979899652163,0.0,0.0,0.0,0.0,0.26,0.0,0.25833333333333336,0.4125,0.0,0.3920518207282913,0.26730078563411896,0.0,0.0,0.0,0.0,0.0
7.05437271062271,8.270604395604396,2.2435897435897436,1.3804945054945055,2.3260073260073257,1.0805860805860805,0.434981684981685,0.8894230769230769,0.9455128205128205,1.2003205128205128,0.0,0.41117216117216115,0.8012820512820513,1.2900641025641024,0.31387362637362637,0.8585164835164836,0.0,1.2760416666666667,0.5631868131868132,0.0,2.494734432234432,0.0,0.21749084249084247,0.6538461538461539,0.0,0.37545787545787546,0.3708791208791209,0.4990842490842491,0.0,0.5235042735042735,0.6923076923076923,0.9134615384615384,0.7051282051282051,1.185897435897436,0.0,0.0,0.0,0.0,0.0,0.0,0.38461538461538464,0.686698717948718,1.25,0.0,0.45940170940170943,0.0,1.0737179487179487,1.7234432234432233,0.2692307692307692,0.0,0.0,0.0,1.0256410256410258,0.0,0.8333333333333334,0.2403846153846154,0.0,0.0,0.0,0.0,0.0,0.0,0.3044871794871795,0.0,0.0,0.0,0.0,0.0,0.3571428571428571,0.0,0.0,0.0,0.0,0.0,0.0,0.0,0.266025641025641,0.0,0.0,0.0,0.0,0.0,0.0,0.0,0.0,0.0,0.0,0.0,0.0,0.0,0.0,0.0,0.4285714285714285,0.0,0.0,0.0,0.0,0.0,0.0,0.0,0.0,0.0,2.083333333333333,0.41666666666666663,0.0,0.0,0.0,0.0,0.0,0.0,0.0,0.0,0.3571428571428571,0.0,0.0,0.0,0.0,1.0576923076923075,0.0,0.0,0.0,0.0,0.0,0.0,0.0,0.0,0.0,0.0,0.0,0.0,0.0,0.0,0.0,0.0,0.0,0.0,0.0,0.3846153846153846,0.0,0.0,0.0,0.0,0.0,0.0,0.0,0.0,0.0,0.0,0.3125,0.0,0.0,0.0,0.0,0.0,0.625,0.0,0.0,0.0,0.0,0.0,0.0,0.0,0.0,0.0,0.0,0.0,0.0,0.0,0.0,0.0,0.0,0.0,0.0,0.0,0.0,0.0,0.0,0.0,0.0,0.0,0.0,0.0,0.0,0.0,0.0,0.0,0.0,0.0,0.0,0.0,0.0,0.0,0.0,0.0,0.0,0.0,0.0,0.0,0.0,0.0
385.9514889802123,155.35768895189184,103.29501938090836,166.54919874769772,132.38040448667388,99.87187643777317,80.35393262159566,181.74684102378848,71.84278733961705,74.51522005960412,71.73764677762104,61.76505678815461,26.27907177363699,46.58225503597946,27.007332643202208,72.85727280971847,103.73748658078368,33.85657435385696,29.480640384172993,43.93078802793477,32.500635670019726,30.34238668293404,100.78391249451032,36.63586956521739,38.16580096131727,117.83230114819789,23.96218933039585,39.74348100570926,30.27142558528428,8.28046567629901,17.859126984126984,28.071989302967562,49.929013543823324,39.553343596821854,21.32465277777778,17.434721503335634,2.736111111111111,10.167043499244587,9.108796296296296,233.59756314036204,8.774305555555555,10.253472222222221,7.908726564297216,28.816489820565906,4.285200281803543,64.82260754543363,1.2296626984126984,34.699828904991946,31.27124309868875,24.22172619047619,5.680555555555555,10.805059523809524,5.159722222222221,17.608943668046926,9.12049617552335,44.92615596963423,9.818887030843552,4.583333333333333,10.890873015873016,6.525362318840579,4.134392806267806,3.4108796296296293,6.0557208994708995,13.837081128747794,3.7021329365079363,1.9791666666666665,4.656803542673107,4.942028985507246,0.5497757073844031,9.881696428571429,7.022376543209877,2.203024355877617,17.53844246031746,2.125,1.715948738593666,31.15036231884058,0.7510567632850242,3.2291666666666665,0.3125,7.022288495793931,6.355560723767246,6.36359126984127,5.105203619909503,12.660778985507246,18.90157004830918,1.4851190476190474,20.938333908442605,2.6736111111111107,0.5929298864081473,1.3708987520128824,7.729166666666667,6.222993827160494,3.4963768115942027,5.806327160493827,5.856481481481481,2.1770833333333335,5.512465493443754,6.732634649301316,0.20833333333333331,7.125,7.28125,3.8113425925925926,4.2648809523809526,3.9637896825396823,2.299107142857143,3.689383482861744,6.837797619047619,3.4965277777777777,10.764880952380953,4.586970899470899,0.0,0.9143518518518517,1.096014492753623,1.8840579710144927,11.597222222222221,0.375,6.09375,1.4583333333333333,0.6944444444444444,1.1730072463768115,0.5253623188405797,2.7152777777777777,2.7222222222222223,0.5578703703703703,2.5297619047619047,3.586093857832988,4.277777777777778,2.044642857142857,0.22910731244064575,0.0,5.211352657004831,11.465277777777777,3.001267200995462,0.3912037037037037,1.5277777777777777,0.4642857142857143,1.8749999999999998,0.0,7.999999999999999,0.4356231231231231,0.33564814814814814,2.2222222222222223,0.41666666666666663,0.7106481481481481,0.3125,0.0,1.6451719576719575,1.8229166666666665,0.4583333333333333,1.255952380952381,4.146329365079365,0.9374999999999999,1.2586805555555554,13.099747474747474,0.0,0.41666666666666663,0.0,0.8035714285714285,1.3278985507246377,1.875,1.0416666666666665,2.3697916666666665,0.0,0.0,1.5463789682539681,0.3125,1.4130434782608696,2.2098214285714284,0.0,0.8928571428571428,2.2916666666666665,7.855158730158729,0.25,0.8333333333333333,8.29861111111111,0.0,1.0119047619047619,0.6011904761904762,0.41666666666666663,0.37037037037037035,1.1507936507936507,13.069444444444443,5.274305555555555,0.3125,0.5952380952380952,0.3125,0.24305555555555552,2.5114734299516908,2.5297619047619047,3.8435672514619883,0.0,0.8482142857142856,0.0,0.0,0.0,3.5104166666666665,0.0,0.7291666666666666,0.0,1.1111111111111112
11.253757800696576,0.46518390906146007,0.7278364370201105,1.1761418853255587,0.8586631622345907,3.1038022351797863,2.451773566569485,0.6152818270165208,0.7687074829931972,1.2581997084548104,1.390281827016521,0.6567176870748299,0.4397031539888682,0.6477091158213607,0.2504086050004417,0.8460884353741496,1.4167439703153988,0.4148850016196955,2.101038629737609,0.2942986718496923,0.26038629737609326,0.6383219954648526,0.9897896887692805,0.3039965986394558,0.5706941867656153,1.7808662426009363,0.288265306122449,0.4249087080719734,1.5167263009099743,0.2551020408163265,1.135657596371882,0.8865605766115969,0.4342808551992225,0.0,0.9378561489530877,0.2755875077303649,0.22151360544217685,0.0,0.3875526401036605,0.6481454486556527,0.21331389698736636,0.0,0.8333333333333334,0.0,0.0,0.8707482993197279,0.0,3.333333333333333,0.0,0.21080336896663426,0.0,0.8018707482993197,0.0,0.2757531584062196,0.47398180051241273,0.0,0.0,0.0,0.0,0.0,0.0,0.0,0.34285714285714286,0.0,0.0,0.0,0.0,0.0,0.0,0.29761904761904756,0.0,0.0,0.0,0.0,0.0,0.0,0.0,0.0,0.6845238095238095,0.6760204081632653,0.0,0.0,0.5,0.0,0.0,0.0,0.28061224489795916,0.6760204081632653,0.0,0.0,0.0,0.6760204081632653,0.0,0.4919825072886297,0.0,0.0,0.0,0.0,0.0,0.2465986394557823,0.0,0.0,0.0,0.0,0.0,0.0,0.0,0.0,0.0,1.8295675413022352,0.0,0.0,0.0,0.0,0.0,0.6700680272108843,0.0,1.5,0.0,0.0,0.0,0.0,0.23814677386105956,0.0,0.0,0.0,0.4708049886621315,1.0444201490119858,0.0,0.0,0.0,0.3333333333333333,0.0,0.0,0.0,0.0,0.0,0.0,0.0,0.0,0.0,0.0,0.0,0.0,0.0,0.0,0.0,0.0,0.5,0.0,0.0,0.0,0.0,0.0,0.0,0.0,0.0,0.0,0.0,0.6069808875931324,0.0,0.0,0.0,0.0,0.0,0.0,0.0,0.0,0.0,0.0,0.0,0.0,0.0,0.0,0.0,0.0,0.0,0.0,0.0,0.6818181818181819,0.0,0.0,0.0,0.0,0.0,0.0,0.0,0.0,0.0,0.0,0.0,0.0,0.0,0.0,0.0,0.0,0.0,0.0,0.0,0.0
5.644584156097314,0.9757834757834757,1.40625,2.2916666666666665,1.3425925925925926,0.0,10.902777777777777,0.0,4.791666666666666,1.25,3.6732456140350878,1.0879629629629628,1.25,0.0,1.25,3.75,1.4583333333333333,0.0,0.0,0.8101851851851851,0.0,0.0,0.0,0.0,1.5625,1.6666666666666665,1.25,10.729471916971917,0.3125,0.0,0.0,5.170240638990639,0.0,0.0,1.6517857142857142,0.0,0.0,0.0,0.0,1.9791666666666665,0.0,0.0,0.8333333333333334,0.0,0.0,0.8333333333333333,0.0,0.0,0.0,0.0,0.0,0.3125,0.0,0.0,0.6712962962962963,0.0,1.875,0.0,0.625,0.0,0.0,0.0,0.9375,0.0,0.0,0.0,0.0,0.0,0.0,0.20833333333333331,0.0,0.0,0.0,0.0,0.0,0.0,0.0,0.0,0.0,0.625,0.0,0.0,0.0,0.7738095238095237,0.0,2.5,0.0,0.625,0.0,0.3571428571428571,0.0,0.0,0.0,0.0,0.3125,0.0,0.0,0.0,0.0,0.0,0.0,0.0,0.0,0.0,0.0,0.0,0.0,0.0,0.0,1.6666666666666667,0.0,0.625,0.0,0.0,0.0,0.0,1.25,1.25,0.0,0.0,0.0,0.0,0.0,0.0,0.0,0.0,0.0,0.0,0.0,0.0,0.0,0.0,0.0,0.0,0.0,0.0,0.0,0.0,0.0,0.0,0.0,0.0,0.0,0.0,0.0,0.0,0.0,0.0,0.0,0.0,0.0,0.0,0.0,0.0,0.0,0.0,0.0,0.0,0.0,0.0,0.0,0.0,0.0,0.0,0.0,0.0,0.0,0.0,0.0,0.0,0.0,0.20833333333333331,0.0,0.0,0.0,0.0,0.0,0.0,0.0,0.6818181818181819,0.0,0.0,0.0,0.0,0.0,0.0,0.0,0.0,0.0,0.0,0.0,0.0,0.0,0.0,0.0,0.0,4.305555555555555,0.0,0.0,0.0
62.58517869461747,36.68865257003012,18.672280881464555,22.33586410754778,20.117922421493848,20.326024457402006,14.187884677680596,24.844066930801624,21.40065192743764,10.910977486232587,10.710718334953029,18.855791761148904,3.668869820655535,13.30395911582136,3.792075271667108,18.887755102040817,40.513966192537616,4.609329446064139,5.918498947197927,2.771150523701544,2.3437196307094266,1.9924886621315192,21.78840079988039,4.887329931972789,5.417916408987837,51.26350513148982,5.427154195011338,21.709936180599446,7.38478185646553,0.9634353741496597,3.9689909297052153,13.695690104491124,1.475947521865889,11.518990929705215,7.034086307683246,0.0,0.22151360544217685,3.8038548752834465,1.3944970845481048,98.56277711328731,1.4633138969873662,0.5877267573696145,1.9444444444444442,7.329950378419766,2.261904761904762,2.120748299319728,0.0,6.180555555555555,18.79077583414318,6.686497813411078,0.3078939909297052,1.947704081632653,2.998056365403304,0.6924198250728862,4.88138920791982,4.982426303854875,18.374929138321995,0.0,6.212971552257266,0.2249757045675413,0.41985544217687076,4.71379980563654,2.1136904761904765,2.931831065759637,1.0416666666666665,0.0,0.40532879818594103,0.8541666666666666,1.0317460317460316,0.5059523809523809,4.009353741496598,0.0,2.4044379656624555,0.0,0.0,0.2965561224489796,0.0,0.0,0.6845238095238095,1.5787981859410432,0.6275510204081632,1.7913832199546484,0.5,1.3988095238095237,4.111394557823129,2.879676870748299,2.1556122448979593,1.4676870748299318,0.6377551020408163,0.3571428571428571,4.188532555879495,0.0,0.0,0.4919825072886297,2.072704081632653,0.0,0.0,0.0,0.0,1.538265306122449,0.0,0.7291666666666666,0.0,0.0,0.41666666666666663,0.0,2.2980442176870746,0.2777777777777778,0.0,0.8573453190800129,0.0,1.159580498866213,0.0,0.0,1.33078231292517,0.336734693877551,1.6663832199546484,2.75,0.0,0.0,0.0,0.0,0.41671820243248814,0.0,0.0,0.9722222222222222,0.7833049886621315,2.0860868156786525,0.0,0.0,0.20833333333333331,0.611111111111111,0.0,0.0,0.0,0.0,0.0,0.0,0.0,0.0,0.0,1.094671201814059,0.0,0.0,0.20833333333333331,0.0,0.0,0.0,0.5,0.0,0.7142857142857142,3.125,0.0,3.357780612244898,0.0,0.0,0.0,0.6377551020408163,0.0,3.940314220926466,0.41666666666666663,0.5089893100097181,0.0,0.0,0.0,0.0,0.0,0.8460884353741496,0.0,0.0,0.0,0.3057359307359307,0.0,0.0,0.5006883705863298,0.0,0.24659863945578228,0.0,0.41666666666666663,0.2777777777777778,0.0,0.0,0.0,0.0,0.0,0.8460884353741497,0.0,0.0,0.0,0.7291666666666666,0.0,0.0,0.0,0.0,0.0,0.0,4.305555555555555,0.5072886297376094,0.0,0.0
2.9605263157894735,0.0,0.0,0.0,0.0,0.0,0.0,0.0,0.0,0.0,0.0,0.0,0.0,0.0,0.8333333333333333,0.0,0.0,0.0,0.8333333333333333,0.0,0.0,0.0,0.0,0.0,0.0,0.0,0.0,0.0,0.0,0.0,0.0,0.0,0.0,0.0,0.0,0.0,0.0,0.0,1.25,0.0,0.0,0.0,0.0,0.0,0.0,0.0,0.0,0.0,0.0,0.0,0.0,0.0,0.0,0.0,0.0,0.0,0.0,0.0,0.0,0.0,0.0,0.0,0.0,0.0,0.0,0.0,0.0,0.0,0.0,0.0,0.0,0.0,0.0,0.0,0.0,0.0,0.0,0.0,0.0,0.0,0.0,0.0,0.0,0.0,0.0,0.0,0.0,0.0,0.0,0.0,0.0,0.0,0.0,0.0,0.0,0.0,0.0,0.0,0.0,0.0,0.0,0.0,0.0,0.0,0.0,0.0,0.0,0.0,0.0,0.0,0.0,0.0,0.0,0.0,0.0,0.0,0.0,0.0,0.0,0.0,0.0,0.0,0.0,0.0,0.0,0.0,0.0,0.0,0.0,0.0,0.0,0.0,0.0,0.0,0.0,0.0,0.0,0.0,0.0,0.0,0.0,0.0,0.0,0.0,0.0,0.0,0.0,0.0,0.0,0.0,0.0,0.0,0.0,0.0,0.0,0.0,0.0,0.0,0.0,0.0,0.0,0.0,0.0,0.0,0.0,0.0,0.0,0.0,0.0,0.0,0.0,0.0,0.0,0.0,0.0,0.0,0.0,0.0,0.0,0.0,0.0,0.0,0.0,0.0,0.0,0.0,0.0,0.0,0.0,0.0,0.0,0.0,0.0,0.0,0.0,0.0,0.0,0.0,0.0,0.0
25.007206760800674,32.20591548428046,9.864998812073392,9.768632539573034,14.521644516433327,6.603725212307145,19.813495471568203,22.446607592467185,29.777294600338276,15.822627638069353,3.3096342682372093,8.062247441711728,9.407961569243081,16.149484802467995,18.485251728896685,12.437255497381548,6.555628790236633,6.245641105315475,5.927048708372237,16.945024272335196,9.871688490534778,12.195050917803018,2.459506445665948,10.172455784178473,8.084482019886432,9.759891602072882,10.025704350116115,2.200159464718288,5.707881211925329,12.617207901362011,4.765000468135972,0.5373529411764706,3.527733067586009,1.9161899075869664,3.715049654477175,5.757141531557336,2.0203712443141897,6.256064422563897,3.371329693493559,3.959752971701501,3.490343316813905,7.6489927894234615,5.680434684557584,0.6750349431270484,1.8951828060283942,0.40547415547415544,13.416366513489086,1.2255848707004169,6.564698904037138,1.406726280255692,2.2312185643488163,0.5968487394957983,3.461392832755329,1.679010989010989,1.828681700924348,3.4838177578723797,2.0792538099155746,1.2238095238095237,1.6558366423492472,3.705074606765783,1.881652376762671,1.9638397658985893,4.206532288128926,1.5499442868315416,0.8112864504776269,1.7365646258503402,2.5972887830345814,0.7429029304029303,1.6263062917474682,0.7460331825037707,3.363370581850974,4.09801328709417,0.2833333333333333,0.6425595238095237,0.5614197530864198,3.4176356311755467,14.098831683022858,0.45476190476190476,1.7754740068070238,0.0,1.3742648555148556,1.8924718220621581,2.0795568227290917,0.9073611111111111,0.8167857142857142,0.6881257631257631,0.0,4.055060402949058,0.45119047619047614,1.309581228956229,1.4484065934065933,3.3938113109587467,0.0,0.8370048161714828,2.838074888074888,1.104960753532182,1.1986819727891156,5.531081797391321,0.3893248616462902,0.8405569920275803,0.352891156462585,1.2472860725486776,0.2991666666666667,2.8026480977006187,0.8633333333333333,1.0951187056018987,1.1753296703296703,3.0553818322200677,0.6503520289234574,0.36340557590557593,0.4020577461753932,0.8777218152218152,0.0,0.660832794656324,0.0,0.4778711484593838,2.7807623049219687,0.0,1.0929819363642892,0.20032051282051283,0.5576960784313725,0.5018055555555555,0.28061224489795916,7.252855925198362,1.022517340269441,0.9764194139194138,0.3186050061050061,1.6120448179271707,0.24216028510900303,0.3600217864923747,0.45348003960808836,0.0,1.0714671979903072,3.0281948334889512,0.8496642246642246,0.2845238095238095,0.0,1.5055429864253393,3.0803571428571423,1.319345238095238,0.5077998806360151,0.0,0.9268681318681318,0.0,0.0,0.6321311858076564,0.9373117623117623,0.21269841269841272,0.2705102040816326,0.0,2.0847760899231487,0.0,0.7503642290249433,0.0,1.1078027364792071,0.0,0.2523529411764706,0.5737161531279178,0.0,0.0,0.2906442577030812,0.0,0.0,0.39355742296918766,0.3238795518207283,0.0,0.0,0.2764423076923077,0.6122064210299504,0.0,0.47560224089635855,0.0,0.0,0.0,0.0,0.0,0.0,0.0,0.0,0.7592592592592592,1.0039915966386554,0.2367063492063492,0.0,0.43843979899652163,0.0,0.0,0.0,0.0,0.26,0.0,0.25833333333333336,0.4125,0.0,0.3920518207282913,0.26730078563411896,0.0,0.0,0.0,0.0,0.0
15.805525477464252,0.5207394646170156,9.431705484639158,1.5511418853255587,1.799139352710781,0.8121355685131195,2.1601068999028183,0.6152818270165208,0.7687074829931972,0.6331997084548104,1.597424684159378,1.1067176870748299,0.2730364873222016,2.408441439053684,1.0559641605559973,1.6794217687074828,0.5774582560296846,0.4148850016196955,0.30937196307094267,0.2942986718496923,0.26038629737609326,0.6383219954648526,8.85090079988039,0.3039965986394558,0.5081941867656153,0.0,2.7862811791383217,1.6749087080719733,0.30601201519568866,0.5051020408163265,0.2551020408163265,0.8865605766115969,0.4342808551992225,0.0,0.9378561489530877,0.0,0.22151360544217685,0.0,0.3875526401036605,1.0794405424507465,0.21331389698736636,0.0,0.0,0.0,0.0,0.0,0.0,0.0,0.4713313896987366,0.21080336896663426,0.0,0.8018707482993197,0.0,0.2757531584062196,0.47398180051241273,0.0,0.0,0.0,0.0,0.0,0.0,0.0,0.0,0.0,1.09375,0.0,0.0,0.8928571428571428,0.0,0.29761904761904756,0.0,0.0,0.0,0.0,0.0,0.6403061224489796,0.0,0.0,0.5178571428571428,0.0,0.0,0.0,0.20833333333333331,0.0,0.0,0.0,0.28061224489795916,0.0,0.0,0.0,0.0,0.0,0.0,2.9919825072886295,0.0,0.0,0.0,0.0,0.0,0.2465986394557823,0.0,0.0,0.0,0.0,0.0,0.0,0.0,0.0,0.0,0.0,0.0,0.0,0.0,0.0,0.0,0.0,0.0,0.0,0.0,0.0,0.0,0.0,0.23814677386105956,0.0,0.0,0.0,1.1791383219954648,0.0,0.0,0.0,0.0,0.3333333333333333,0.0,0.0,0.0,0.0,0.0,0.0,0.0,0.0,0.0,0.0,0.0,0.0,0.0,0.0,0.0,0.0,0.0,0.0,0.0,0.0,0.0,2.576530612244898,0.0,0.0,0.0,0.0,0.0,0.6069808875931324,0.0,0.0,0.0,0.0,0.0,0.0,0.0,0.0,0.0,0.25156815973142505,0.0,0.0,0.0,0.0,0.0,0.0,0.0,0.0,0.0,0.0,0.0,0.0,0.0,0.0,0.0,0.0,0.0,0.0,0.0,0.0,0.0,0.0,0.0,0.0,0.0,0.0,0.0,0.0,0.0,0.0
13.209250224939,1.71518390906146,1.8550685798772533,0.6136418853255587,0.3705679241393527,0.7131772351797862,1.3267735665694849,0.6152818270165208,0.7687074829931972,1.8831997084548107,0.347424684159378,0.3567176870748299,0.2730364873222016,0.36298689359913844,0.2504086050004417,0.8460884353741496,0.5774582560296846,0.4148850016196955,0.30937196307094267,0.2942986718496923,0.26038629737609326,0.6383219954648526,0.934234133213725,0.3039965986394558,0.25819418676561534,0.0,0.21683673469387757,0.4249087080719734,0.30601201519568866,0.2551020408163265,0.2551020408163265,0.8865605766115969,0.4342808551992225,0.0,0.9378561489530877,0.0,0.22151360544217685,0.0,0.3875526401036605,1.2113398931000972,0.21331389698736636,0.0,0.0,0.0,0.0,0.0,0.0,0.0,0.0,0.21080336896663426,0.0,0.8018707482993197,0.0,0.2757531584062196,0.9427318005124128,0.0,0.0,0.0,0.0,0.0,0.0,0.0,0.0,0.0,0.0,0.0,0.0,0.0,0.0,0.29761904761904756,0.0,0.0,0.0,0.0,0.0,0.0,0.0,0.0,0.5178571428571428,0.0,0.0,0.0,0.0,0.0,0.0,0.0,0.28061224489795916,0.0,0.0,0.0,0.0,0.0,0.0,0.4919825072886297,0.0,0.0,0.0,0.0,0.0,0.2465986394557823,0.0,0.0,0.0,0.0,0.0,0.0,0.0,0.0,0.0,0.0,0.0,0.0,0.0,0.0,0.0,1.1075680272108843,0.0,0.0,0.0,0.0,0.0,0.0,0.23814677386105956,0.0,0.0,0.0,0.0,0.0,0.0,0.0,0.0,0.3333333333333333,0.0,0.0,0.0,0.0,0.0,0.0,0.0,0.0,0.0,0.0,0.0,0.0,0.0,0.0,0.0,0.0,0.0,0.0,0.0,0.0,0.0,0.0,0.0,0.0,0.0,0.0,0.0,0.6069808875931324,0.0,0.4494655004859086,0.0,0.0,0.0,0.0,0.0,1.262755102040816,0.0,0.0,0.0,0.0,0.0,0.0,0.0,0.0,0.0,0.0,0.0,0.0,0.0,0.0,0.0,0.0,0.0,0.0,0.0,0.0,0.0,0.0,0.0,0.0,0.0,0.0,0.0,0.0,0.0,0.0,0.0,0.0
29.71590907534785,0.7290727979503488,7.251645960829634,0.7178085519922254,2.1225520511234794,3.1305879494655002,4.436291363587282,1.2105199222546161,11.736961451247165,0.7373663751214771,9.198615160349854,3.5511621315192743,1.1063698206555348,5.7985027666150115,0.3059641605559973,6.623866213151927,1.638966192537621,1.0398850016196954,1.1427052964042759,0.2942986718496923,0.26038629737609326,0.6383219954648526,2.2599917089713006,2.526218820861678,13.503895244966673,0.32253290926760314,4.812315330172473,1.6153848985481638,0.8615675707512441,1.5051020408163265,0.2551020408163265,0.8865605766115969,0.5384475218658892,0.2342687074829932,0.9378561489530877,1.9422541743970314,0.22151360544217685,5.01218820861678,4.9014415289925495,0.6384232264334304,0.4216472303206997,0.0,0.625,0.29622021968960743,0.0,0.0,1.3673469387755102,1.0277777777777777,0.2213313896987366,0.21080336896663426,0.7766439909297052,0.9209183673469388,0.0,2.609086491739553,0.47398180051241273,2.2185374149659864,1.3843537414965985,0.0,0.0,0.0,0.0,0.0,0.0,0.23044217687074828,0.0,0.0,0.0,0.0,0.0,0.29761904761904756,0.0,0.0,0.0,0.0,0.0,0.0,0.0,0.0,0.5178571428571428,0.0,0.0,0.0,0.0,0.0,0.0,0.9302721088435373,0.28061224489795916,0.5510204081632653,0.0,0.0,0.4385325558794946,0.0,0.0,0.4919825072886297,4.236394557823129,0.0,0.0,0.0,0.0,0.6632653061224489,0.0,0.0,0.0,0.0,0.0,0.0,0.0,0.0,0.0,1.204567541302235,0.0,2.6179138321995468,0.0,0.0,0.0,0.0,0.0,0.0,0.0,0.0,0.0,0.0,0.23814677386105956,0.0,0.0,0.0,2.741668384525527,0.0,0.0,0.0,0.0,1.5416666666666665,0.0,0.0,0.0,0.0,0.0,0.0,0.0,0.0,0.0,0.0,0.0,0.0,0.0,0.0,0.0,0.0,0.0,0.4166666666666667,0.0,0.0,0.0,0.24319727891156462,0.0,0.0,0.0,0.0,0.0,0.6995734801857251,0.0,0.0,0.0,0.0,0.0,3.1755547457078066,1.0289115646258504,0.0,0.0,0.0,0.0,0.33549783549783546,0.0,0.0,0.0,1.310799319727891,0.0,0.0,0.0,0.0,0.0,0.0,0.0,0.0,0.0,0.0,0.0,0.0,2.63718820861678,0.0,0.0,0.0,0.0,0.0,0.0,0.0,0.0,0.0,0.0,0.0
158.5815637065637,93.65053656597775,47.621138996138995,95.59346846846847,104.29166666666667,53.791666666666664,62.80417471042471,81.21460746460747,26.661036036036037,44.13513513513514,21.149855212355213,112.09925997425998,17.291666666666668,5.729166666666666,30.979166666666668,26.354166666666664,33.020833333333336,5.570018547959725,21.235119047619047,3.385135135135135,31.61904761904762,19.833333333333332,20.446428571428573,19.0625,5.5,48.83244851994852,9.208333333333334,30.946428571428573,3.2916666666666665,13.958333333333332,5.416666666666666,5.0,63.49404761904762,29.761904761904763,5.0625,13.833333333333332,6.375,2.6925675675675675,0.625,8.791666666666666,53.45238095238095,0.625,36.541666666666664,28.958333333333332,16.5,4.145833333333333,11.875,17.78125,7.5,3.208333333333333,3.625,2.5,1.875,0.625,29.452380952380953,10.178571428571429,0.41666666666666663,1.25,5.729166666666667,6.875,1.0416666666666665,2.5,0.0,9.166666666666666,15.8125,3.7083333333333335,18.333333333333332,5.9375,1.7083333333333333,2.375,3.75,5.625,0.625,5.416666666666666,0.0,1.25,0.0,3.833333333333333,0.41666666666666663,4.4425675675675675,20.56756756756757,2.9166666666666665,0.0,5.0,2.5,0.625,56.833333333333336,0.9375,9.859234234234235,8.869047619047619,0.0,3.125,3.625,0.0,0.9375,0.3125,6.25,12.869047619047619,3.125,6.25,0.0,2.875,0.9375,0.625,4.583333333333333,7.5,3.625,0.0,11.875,1.25,13.75,1.5625,0.0,5.0,0.625,2.583333333333333,5.25,5.625,0.0,1.25,2.25,1.5,0.0,0.0,4.583333333333333,0.0,2.5,2.5,3.75,0.0,0.0,0.0,2.0833333333333335,0.25,0.41666666666666663,0.0,0.0,0.0,13.75,6.3175675675675675,0.0,2.5,2.5,3.75,0.8333333333333333,1.25,0.0,0.8333333333333333,1.25,0.0,0.0,0.0,0.0,0.0,0.0,0.0,5.625,0.0,0.0,0.0,0.0,0.0,0.0,2.5,0.3125,0.0,0.0,0.625,0.0,0.0,0.8333333333333333,0.0,3.75,0.0,0.625,0.0,2.5,0.0,1.25,0.0,0.0,0.0,1.25,0.0,0.0,0.0,0.0,0.8333333333333333,0.0,0.0,0.5,0.0,0.0,0.0,0.0,0.0,0.8333333333333333,0.0,0.0,0.0
69.20457957957957,37.87847774244833,27.371138996138995,40.46013513513513,15.333333333333332,28.458333333333332,31.484234234234236,15.797940797940798,5.202702702702703,18.73037323037323,3.962355212355212,11.545688545688545,15.5,3.25,35.705555555555556,18.194444444444443,18.125,3.5062930577636457,7.839285714285714,1.885135135135135,6.5,10.75,21.458333333333332,5.166666666666666,2.5,15.09137709137709,0.0,5.583333333333333,0.8333333333333333,3.0,4.916666666666666,5.0,0.6785714285714286,2.6785714285714284,0.0,1.25,0.0,5.0675675675675675,3.75,1.875,1.25,4.166666666666666,3.125,8.683333333333334,10.0,0.0,1.25,5.808333333333334,0.0,0.41666666666666663,0.0,3.583333333333333,0.0,0.0,0.625,0.0,1.9583333333333333,12.291666666666666,3.333333333333333,0.5,45.15873015873016,0.0,2.5,0.5,0.0,0.0,1.0,0.0,0.0,2.5,0.6,0.0,0.0,0.625,0.0,2.611111111111111,0.0,0.0,0.0,0.0,0.5675675675675675,5.625,0.0,0.5,0.0,2.5,11.916666666666666,1.875,1.2759009009009008,0.0,0.0,0.0,2.5,0.0,0.0,0.0,1.25,2.5,0.0,0.0,0.5,0.25,1.0,2.5,6.875,0.0,0.0,0.625,1.25,0.0,6.0,0.0,1.25,0.5,0.0,0.0,5.0,1.875,2.5,1.25,2.5,2.5,0.0,0.3333333333333333,1.25,0.0,0.0,0.0,0.0,0.0,1.5,0.0,0.0,0.0,2.0833333333333335,0.0,0.0,0.0,1.25,0.4842342342342342,0.25,1.25,0.0,2.5,0.0,0.0,2.5833333333333335,0.0,2.0972222222222223,0.0,0.0,0.0,0.0,0.0,0.0,2.5,0.25,0.0,1.0,0.0,0.0,0.0,0.0,0.0,0.0,0.0,0.0,0.0,0.0,0.0,0.0,0.0,0.3125,0.0,0.0,0.0,0.0,0.0,0.0,0.0,0.0,0.0,0.0,0.625,0.0,0.0,0.0,0.0,0.0,0.0,0.0,0.0,0.0,0.0,0.0,0.0,0.0,0.0,0.0,0.0
56.864890322715695,2.3666026854917983,17.80575876504448,36.07671869631691,39.56441127655413,26.440487163866695,151.58502681623506,69.7542281153755,4.787338761174968,53.86464019280984,26.625847505668933,2.6587042466240227,10.780238008260396,30.251758350776207,4.487833402432283,1.9624066806209663,10.87809613997114,12.064868431882024,16.55392322954823,146.09926113295316,35.2976483007733,92.41002294002294,0.666713615986004,100.30297560574346,51.82187577303649,2.787202380952381,75.1741515495087,2.292222222222222,17.452733171259958,14.041887657361794,1.4819832548403975,12.305628306878306,99.38777879527879,29.136111087986087,3.246107804232804,5.008370680935979,9.162867509474651,24.92420138888889,2.6449475623582765,0.8938492063492063,16.995740668062098,19.323252729413444,35.3807101132994,0.5461309523809523,1.0256410256410255,1.0499338624338623,68.80177487263694,0.6945360195360195,1.5554634353741494,9.525396825396825,12.832900175221603,0.5864417989417989,116.90073406069949,8.082928004535146,1.1706349206349205,3.3148809523809524,4.716904761904761,1.4905328798185942,5.714125021803593,7.6796726190476186,0.34238095238095234,3.2395690244664124,8.306450193325194,3.7910572562358276,17.815436507936507,1.8607142857142855,10.163144078144077,0.20684523809523808,18.196275946275946,0.3264158163265306,7.127908163265306,9.412629678522535,0.2982142857142857,4.609325396825397,0.525595238095238,0.23,2.4865079365079366,2.013474025974026,4.073559907834101,0.2977777777777778,1.0187499999999998,21.670257936507937,0.2830569727891157,0.2888095238095238,13.602506359381358,3.2503968253968254,0.0,13.082986365486365,3.489880952380952,1.5952128427128427,11.552573931265961,0.963270757020757,0.0,0.0,0.6806547619047618,0.44666666666666666,1.1926587301587301,3.6334920634920636,3.620875305250305,0.0,0.0,0.6268849206349206,3.1311772486772487,0.9581775645581616,0.23833333333333334,0.4650595238095238,1.8338690476190473,0.5272394272394273,0.0,0.0,0.20595238095238094,0.0,0.6944444444444444,0.9670386904761904,0.0,0.3,0.0,0.20833333333333331,0.4134495464852608,2.3987451041022467,4.520120791906506,2.688860398860399,0.0,8.041140873015873,1.327857905982906,0.0,0.5925925925925926,0.5456349206349206,0.5921626984126984,0.0,0.0,0.0,2.471924603174603,10.930324328449329,0.6236454517704517,7.6,0.0,0.0,0.0,1.837078373015873,1.4349036281179137,0.7374338624338624,1.9935780423280423,0.7741666666666667,0.0,0.0,7.037103174603174,0.0,0.0,1.9715608465608465,0.0,0.503968253968254,2.0296301020408163,0.0,0.24038461538461536,2.098611111111111,2.6265310846560848,2.156597222222222,0.0,0.0,0.5977350427350427,0.0,0.0,1.0790979853479852,0.8115079365079365,0.0,0.2790854978354978,0.0,0.0,0.0,9.165741758241758,0.0,0.0,0.8333333333333334,0.0,0.0,0.0,0.0,0.0,0.0,1.6762896825396825,0.0,0.0,0.41666666666666663,0.0,0.0,0.0,0.0,1.8578327228327227,0.0,0.7623015873015873,1.4199404761904761,0.0,3.424206349206349,0.4657936507936508,2.9294217687074826,0.0,0.2777777777777778,0.0,0.0
10.103204589164735,3.7736115709394693,3.283114619003594,1.431143192142157,1.8836286930231028,2.471496146767886,2.0128431555061987,4.458577204274668,2.4839083713630816,1.5770586839427418,0.41774111067589326,1.9661149892128154,0.24831780538302275,0.0,3.62141994478951,0.43911804781369995,1.0990937236408251,1.7057807030633116,0.3660570508396595,0.7465949062416454,3.117203130337188,0.7503727940451542,1.5398648754627016,0.7856711525189786,0.98524540576171,6.885376545023284,0.30998389694041867,0.0,0.4728907867494824,0.0,0.0,0.0,0.39553140096618356,0.5984443294225903,0.0,0.3546123763515068,0.0,0.32577365797474495,0.0,0.3786986714975845,0.0,0.5520833333333334,1.0104130722337243,0.2966485507246377,0.899783615136876,0.0,0.0,3.0331622383252816,0.2940605590062112,0.0,0.0,0.0,0.5381944444444444,0.0,0.5614683977455717,0.0,0.24944258639910813,0.41666666666666663,0.0,0.0,0.0,0.0,0.0,0.0,0.0,0.0,0.21235909822866347,0.0,0.29977570738440307,0.0,0.0,0.6405243558776167,0.0,0.0,1.1951154052603328,0.0,0.0,0.0,0.0,0.7236773846828195,0.3138940571005788,0.0,0.0,0.3343900966183575,0.0,0.0,0.8569847020933977,0.0,0.0,0.0,0.0,0.0,0.0,0.0,0.0,0.0,0.0,1.857634649301316,0.0,0.0,0.0,0.5821759259259259,0.0,0.0,0.0,0.0,0.0,0.0,1.681547619047619,0.0,0.0,0.0,0.0,0.21739130434782608,0.0,0.0,0.0,0.0,0.0,0.0,0.0,0.0,0.0,0.0,0.0,1.363871635610766,0.0,0.0,0.0,0.0,0.0,0.0,0.0,0.0,0.0,0.0,0.0,0.0,0.0,0.0,0.0,0.0,0.0,0.0,0.0,0.0,0.0,0.0,0.0,0.0,0.0,0.0,0.0,0.0,0.0,0.0,0.0,0.0,0.0,0.0,0.0,0.0,0.0,0.0,0.0,0.0,0.0,0.2604166666666667,0.0,0.0,0.0,0.0,0.0,0.0,0.0,0.0,0.0,0.0,0.0,0.0,0.0,0.0,0.0,0.0,0.0,0.0,0.0,0.0,0.0,0.0,0.0,0.0,0.0,0.0,0.0,0.0,0.0,0.0,0.0,0.0
22.040483821733822,28.603937728937726,14.017399267399266,5.8804945054945055,7.159340659340659,25.862332112332112,1.5064102564102564,9.254807692307692,15.052655677655677,15.054487179487179,2.5,12.91117216117216,2.2596153846153846,27.432921245421245,13.980540293040292,18.983516483516482,6.249999999999999,12.567708333333334,0.5631868131868132,3.333333333333333,7.9114010989010985,0.0,0.5746336996336996,5.653846153846154,0.0,6.000457875457875,0.3708791208791209,0.4990842490842491,9.541666666666666,0.5235042735042735,0.6923076923076923,2.836080586080586,4.038461538461538,3.6858974358974357,2.5,5.608974358974359,9.358974358974358,0.6923076923076923,0.0,5.0,0.6971153846153846,6.686698717948718,0.0,3.466117216117216,9.209401709401709,0.8333333333333333,10.216575091575091,2.39010989010989,4.126373626373626,0.0,2.4999999999999996,0.0,6.6923076923076925,0.0,9.166666666666666,0.2403846153846154,0.0,2.692307692307692,6.0,0.0,0.0,1.25,0.3044871794871795,0.0,5.0,0.0,2.5,0.0,0.3571428571428571,0.0,0.0,0.0,10.0,0.0,0.0,0.0,5.2660256410256405,0.0,0.0,3.317307692307692,0.0,0.0,0.0,1.0256410256410255,0.0,0.0,2.5,0.0,0.0,0.0,0.0,0.0,5.428571428571428,0.0,0.0,5.0,0.0,0.41666666666666663,0.0,0.0,0.0,0.0,0.0,0.0,0.0,5.0,0.0,0.0,0.0,0.8333333333333333,0.0,0.0,0.3571428571428571,0.0,0.0,0.0,2.0,0.22435897435897434,0.5,0.4853479853479853,0.0,0.0,0.0,0.5,0.0,0.0,0.0,0.0,0.2564102564102564,0.0,0.0,0.0,0.4700854700854701,0.0,0.2777777777777778,0.0,0.0,2.051282051282051,0.0,0.0,0.0,0.0,0.0,0.8333333333333333,0.0,0.0,0.0,0.0,0.0,0.0,0.0,0.0,0.0,0.0,0.0,0.0,2.083333333333333,2.5,0.0,0.0,0.625,0.0,0.0,2.5,0.0,0.0,0.0,0.0,0.0,0.0,0.0,0.0,0.0,0.0,0.0,0.0,0.0,0.0,0.0,0.0,0.0,0.0,0.0,0.0,0.0,0.0,0.0,0.0,0.0,0.0,0.0,0.0,0.0,0.0,0.0,0.0,0.0,0.0,0.5,0.0
31.653175692220312,3.4780982905982905,0.8854166666666666,1.3671875,2.1614583333333335,4.406073778195489,9.447837375486833,2.280505952380952,3.3191738816738816,15.62202380952381,0.8796296296296295,2.2349473443223444,0.0,1.4118303571428572,1.1785714285714286,2.317708333333333,4.717261904761905,0.41666666666666663,1.7053571428571428,0.5127314814814814,6.732456140350877,0.0,10.148809523809524,0.6249999999999999,2.90625,59.67757936507937,1.2915426587301586,0.0,1.318452380952381,0.0,0.0,0.8854166666666666,0.0,1.09375,0.0,0.0,0.0,0.3125,0.0,7.288814484126984,0.2734375,0.0,1.90625,0.0,0.0,0.0,0.3125,0.3020833333333333,0.6473214285714285,0.0,0.0,1.3514610389610389,0.30073924731182794,0.2678571428571428,0.0,0.0,0.6818181818181819,0.0,0.0,0.0,0.0,0.40509259259259256,0.0,0.0,0.0,1.25,2.65625,0.0,0.0,0.0,0.0,0.0,0.0,0.0,0.4196428571428571,0.0,0.0,0.0,0.0,0.0,0.0,0.625,0.41666666666666663,0.0,0.0,1.0520833333333333,0.0,0.0,0.0,0.8697916666666666,0.0,0.8203125,0.0,0.0,0.41666666666666663,0.0,0.0,1.1770833333333335,0.0,0.0,0.23958333333333331,1.5,0.0,0.0,0.0,0.0,0.0,0.0,0.0,0.0,0.0,0.0,0.0,0.625,0.0,0.0,0.0,0.0,0.0,0.0,0.0,0.0,0.0,0.0,0.0,0.0,0.0,0.0,0.0,0.0,0.0,0.0,0.0,0.0,0.0,0.3125,0.0,0.0,5.357142857142857,0.0,0.0,0.0,0.0,0.0,0.0,0.0,0.0,0.0,0.0,0.0,0.0,0.0,0.0,0.0,0.0,0.0,0.20833333333333331,0.0,0.0,0.625,0.0,0.5684523809523809,0.0,0.0,0.0,0.0,0.0,0.0,0.0,0.0,0.0,0.0,0.0,0.0,0.3125,0.41666666666666663,0.0,0.0,0.0,0.0,0.0,0.0,0.0,0.0,0.0,0.31818181818181823,0.3125,0.0,0.0,2.2470238095238093,0.0,0.0,0.0,0.25,0.0,0.0,0.0,0.0,0.0,0.0
33.20836258918294,20.00784263922019,9.098372151305824,6.551141885325559,3.1681869717584004,2.908313513375275,3.4101068999028183,2.5312044460641396,0.9919217687074829,1.4665330417881437,0.347424684159378,1.407064909297052,0.2730364873222016,0.7201297507419956,0.3694562240480608,2.6169217687074826,8.10722016079159,0.8662738905085844,1.5593719630709426,0.2942986718496923,0.3261757710603038,0.7573696145124716,23.725900799880392,0.3039965986394558,0.25819418676561534,1.1558662426009365,0.30612244897959184,0.4249087080719734,0.3952977294814029,0.2551020408163265,0.2551020408163265,0.8865605766115969,0.4342808551992225,0.0,0.9378561489530877,0.0,6.471513605442177,0.0,0.3875526401036605,9.503750607385811,0.21331389698736636,0.0,0.0,0.2429620743261989,1.25,2.537414965986394,0.0,0.0,0.7019861516034984,0.21080336896663426,0.0,2.0518707482993195,0.0,0.2757531584062196,0.47398180051241273,0.0,0.0,0.0,0.0,0.0,0.0,0.0,0.0,0.0,1.09375,0.0,0.0,0.8928571428571428,0.0,0.29761904761904756,0.0,0.0,0.30126336248785224,0.0,0.0,0.0,0.0,0.0,0.5178571428571428,0.5510204081632654,0.0,0.0,0.41666666666666663,0.0,0.0,0.0,0.28061224489795916,0.0,0.0,0.0,0.0,0.0,0.0,0.4919825072886297,0.0,0.0,0.0,0.0,0.0,0.2465986394557823,0.0,1.25,0.0,0.0,0.0,0.0,0.0,0.0,0.0,0.0,0.0,0.0,0.0,0.6913265306122449,0.0,0.0,0.0,0.0,0.0,0.0,0.0,0.0,0.23814677386105956,0.0,0.0,0.0,0.0,0.0,0.0,0.0,0.0,0.3333333333333333,0.0,0.0,0.0,0.0,0.0,0.0,0.4081632653061224,0.0,0.0,0.0,0.0,0.0,0.0,0.0,0.0,0.0,0.0,0.0,0.0,0.0,0.0,9.451530612244898,0.0,0.0,0.0,0.0,0.0,0.6069808875931324,0.0,0.46732264334305146,0.0,0.0,0.0,0.0,0.0,0.0,0.0,0.0,0.0,0.0,0.0,0.0,0.32707725947521865,0.0,0.0,0.0,0.0,0.0,0.0,0.0,0.0,0.0,0.0,0.0,0.3438971742543171,0.0,0.0,2.5,0.0,0.0,0.0,0.0,0.0,0.0,0.0,0.0,0.0,0.0
3.8541666666666665,1.8080808080808082,1.115530303030303,6.0732323232323235,3.2133838383838382,1.5482954545454546,1.3446969696969697,3.053977272727273,1.022727272727273,1.1136363636363638,0.20833333333333331,1.176767676767677,1.3603896103896105,0.0,0.9785353535353536,2.4545454545454546,0.0,0.2272727272727273,2.0454545454545454,3.222537878787879,0.8787878787878787,0.9577020202020202,0.0,1.3068181818181819,0.7386363636363638,0.6313131313131313,0.625,0.20833333333333331,0.23674242424242425,0.5113636363636365,0.36363636363636365,0.0,0.6818181818181819,0.0,0.0,0.0,0.0,0.0,0.0,0.0,0.0,3.949621212121212,0.20833333333333331,0.0,0.2777777777777778,0.9318181818181819,0.2967171717171717,1.022727272727273,0.2272727272727273,0.0,0.3125,0.0,0.0,0.0,0.0,0.0,0.0,0.0,0.0,0.7291666666666666,0.0,0.625,0.0,0.0,0.2272727272727273,0.2272727272727273,0.0,0.0,0.0,0.0,0.0,0.0,0.0,0.0,0.0,0.0,0.0,0.0,0.0,0.0,0.0,0.0,0.43560606060606066,0.0,0.0,0.7196969696969697,0.2272727272727273,0.0,0.0,0.0,0.0,1.096861471861472,0.0,0.0,0.7765151515151515,0.0,0.0,0.0,0.0,0.0,0.2272727272727273,0.0,0.0,0.25,0.0,0.0,0.49053030303030304,0.0,0.0,0.0,0.0,0.0,0.0,0.0,0.0,0.0,0.20833333333333331,1.3636363636363638,0.0,0.3125,0.2272727272727273,0.6696428571428571,0.0,0.0,0.0,0.0,0.0,0.0,0.0,0.0,0.0,0.0,0.0,0.0,0.0,0.625,0.2272727272727273,0.0,0.0,0.0,0.0,0.0,0.0,0.0,0.0,0.0,0.0,0.0,0.0,0.0,0.0,0.0,0.0,0.0,0.0,0.0,0.0,0.0,0.0,0.0,0.0,0.0,0.0,0.0,0.35984848484848486,0.0,0.0,0.0,0.0,0.0,0.0,0.0,0.0,0.0,0.0,0.0,0.0,0.0,0.0,0.0,0.0,0.0,0.0,0.0,0.0,0.0,0.0,0.0,0.0,0.0,0.0,0.0,0.0,0.0,0.0,0.0,0.0,0.0,0.0,0.0
7.2519862415831975,1.8189775910364145,10.321180555555555,2.0558393812070284,3.3888159430438844,2.7949304721888755,6.114605217086835,2.0877100840336134,1.410171568627451,1.810291730328495,0.9283088235294117,9.399444152661063,0.29455532212885155,0.5859375,8.467013888888888,0.0,1.3392857142857144,2.895833333333333,0.984375,0.7291666666666666,0.8692129629629629,0.23288690476190477,0.0,0.0,0.0,0.625,0.24479166666666666,0.2870273109243697,0.6985294117647058,0.0,0.20970394736842105,0.7843137254901961,0.0,0.4826388888888889,6.020833333333333,8.850694444444443,0.0,0.0,0.0,0.0,0.0,1.891727145403616,0.860969387755102,0.0,0.44406512605042014,2.7450980392156863,0.30000000000000004,0.6146340114993366,0.0,0.0,0.0,0.0,3.99094012605042,3.333333333333333,0.0,0.0,0.0,0.0,0.0,0.0,3.75,0.0,0.0,0.0,0.29411764705882354,0.0,0.0,0.0,0.0,0.0,0.0,0.0,2.5,0.20526960784313725,0.0,0.0,0.5269607843137255,0.8333333333333333,0.0,0.0,0.41666666666666663,1.017219387755102,0.0,0.0,0.0,1.046875,0.0,0.0,0.0,0.0,0.0,0.0,0.8333333333333334,0.0,0.0,4.5,0.0,0.0,0.0,0.0,0.625,0.0,0.0,0.8333333333333333,0.21303834033613445,0.0,0.0,0.0,0.33364661654135336,0.0,0.0,0.0,0.0,0.0,0.0,0.0,0.0,1.8452380952380951,0.0,0.3033088235294118,0.0,0.0,0.0,0.0,0.0,0.0,0.0,0.0,0.0,1.7346813725490196,0.0,0.0,0.0,0.0,0.0,0.0,0.0,0.25240384615384615,0.0,0.0,0.0,0.0,0.0,0.0,0.0,0.0,0.0,0.0,1.2760416666666665,0.0,0.0,0.0,0.0,0.0,0.0,0.0,0.0,0.0,0.0,0.0,0.0,0.0,0.0,0.0,0.0,0.0,0.0,0.0,0.0,0.0,0.0,0.0,0.0,0.0,0.0,0.0,0.0,0.0,0.0,0.0,0.0,0.0,0.0,0.0,0.8333333333333333,0.20833333333333331,0.0,0.0,0.0,0.0,0.0,0.0,0.7142857142857142,0.0,0.0,0.0,0.0,0.0,0.22135416666666666,0.0
35.04404910661288,31.724112480490028,5.675753103686777,0.7308293853255587,0.782026257472686,6.397825052640104,5.452010308993727,3.5393889698736634,3.754818594104308,7.463556851311953,1.2807580174927113,6.834396258503401,0.4553281539888682,18.145452171376917,6.595646700238537,5.663796768707483,11.86645398252541,1.9773850016196954,15.348062439261419,2.163616853667874,7.374275186264982,3.9716553287981857,11.139988101467694,0.9289965986394557,0.41444418676561534,4.5487233854580795,1.919093679138322,1.2894920414053066,10.50541677710045,0.4113520408163265,0.2551020408163265,0.9386439099449303,0.5384475218658892,0.33843537414965985,1.185251982286421,0.9934807256235828,0.22151360544217685,2.935799319727891,0.3875526401036605,20.633529682477384,0.48675139698736636,0.0,2.125,1.0105059339753217,0.0,0.0,1.1798469387755102,0.0,1.3046647230320698,0.48858114674441205,1.2627551020408163,1.7366651205936918,0.3157646987366375,5.662657920310981,3.4427318005124126,2.474489795918367,0.0,1.346153846153846,0.0,0.0,1.346938775510204,0.426940831277566,10.357142857142858,0.0,2.5,0.0,0.28380102040816324,0.0,0.0,0.29761904761904756,0.0,0.0,0.57904114026563,0.0,0.4706632653061224,0.7028061224489796,0.0,0.0,0.5178571428571428,1.8426870748299318,0.23171768707482993,0.6802721088435374,0.41666666666666663,0.0,0.0,0.5136054421768708,0.43686224489795916,1.9260204081632653,0.0,0.8697916666666666,0.0,0.8713329081632653,0.0,0.4919825072886297,0.0,0.9070294784580499,0.0,0.34375,0.0,0.2465986394557823,0.2544642857142857,0.0,0.0,0.0,0.0,0.0,0.0,0.0,0.0,0.7358175413022351,0.3515625,0.0,0.0,0.0,0.0,1.1075680272108843,0.7636054421768708,0.0,0.0,0.0,0.0,0.0,0.2693967738610596,0.0,0.41666666666666663,0.0,0.0,0.0,0.0,0.0,1.488095238095238,0.3333333333333333,0.0,0.0,0.0,0.7291666666666666,0.0,0.0,0.0,0.0,0.0,0.0,0.0,0.0,0.0,0.0,0.0,0.0,0.0,0.0,0.0,0.0,0.0,0.0,0.0,0.0,0.20833333333333331,0.0,0.0,1.2319808875931324,1.25,0.0,0.0,0.0,0.0,0.0,0.4988790970933828,0.0,0.0,1.9909620991253643,0.0,0.0,0.0,0.0,0.0,1.2691326530612244,0.20493197278911562,0.0,0.0,0.0,0.0,0.0,0.0,0.0,0.0,0.33093692022263455,0.0,0.0,0.0,0.9374999999999999,0.0,0.0,0.0,0.0,0.0,0.0,0.3766025641025641,0.0,0.0,1.0196722919937204
24.498817155067155,23.478937728937726,12.174145299145298,21.13743894993895,29.999618437118436,34.10836385836386,70.99748168498168,26.1475930115636,31.94551282051282,13.700320512820513,11.805555555555555,12.234088827838827,0.38461538461538464,13.665064102564102,3.02220695970696,4.157127594627594,13.597222222222221,12.491319444444445,1.952075702075702,0.9375,9.369734432234432,1.1458333333333333,0.21749084249084247,0.6538461538461539,22.09722222222222,0.37545787545787546,7.315323565323565,3.207417582417582,0.0,2.6485042735042734,4.1298076923076925,1.2259615384615383,8.969017094017094,20.602564102564102,2.5,2.4839743589743586,0.0,2.5673076923076925,0.0,4.125,0.38461538461538464,2.7005876068376065,0.625,0.0,1.2927350427350426,0.8333333333333333,1.0737179487179487,5.39010989010989,0.2692307692307692,0.0,0.0,0.0,1.0256410256410258,0.0,16.666666666666668,0.7403846153846154,0.0,0.0,0.0,0.0,0.8333333333333334,0.0,1.1794871794871795,1.4583333333333333,0.0,3.060897435897436,0.41666666666666663,0.0,2.0238095238095237,0.625,3.375,0.0,0.0,0.41666666666666663,0.0,0.0,1.9326923076923075,0.4700854700854701,0.0,1.8589743589743588,0.0,0.0,0.0,1.1298076923076923,0.0,2.458333333333333,1.25,0.0,0.41666666666666663,0.0,0.0,0.0,2.928571428571429,0.0,0.0,0.0,0.7019230769230769,0.0,0.0,0.0,0.0,0.0,2.083333333333333,0.0,2.0902777777777777,0.0,1.0416666666666665,0.0,3.9166666666666665,0.0,0.0,0.0,2.8571428571428568,0.8333333333333333,0.0,0.9294871794871794,0.0,0.22435897435897434,0.0,1.0032051282051282,0.8333333333333334,0.0,0.0,0.625,0.8814102564102564,0.0,0.0,0.0,0.8766025641025641,0.0,0.0,0.0,0.0,0.0,0.0,0.0,0.0,1.2179487179487178,0.0,0.0,0.0,0.0,0.20833333333333331,0.0,0.0,0.0,0.0,0.0,0.0,0.0,0.0,0.0,0.0,0.0,0.0,0.0,0.0,0.625,0.7291666666666666,0.0,1.3888888888888888,0.0,0.0,0.0,0.0,0.0,0.2777777777777778,0.0,0.0,0.0,0.28846153846153844,0.0,0.0,0.0,0.0,0.0,0.0,0.0,0.0,0.0,0.0,2.5,0.0,1.4583333333333333,0.0,0.0,0.0,0.0,0.0,0.0,0.0,0.0,0.0,0.0,0.0,0.0,4.791666666666666,0.0,0.0,0.0
1.0,0.5,0.0,0.6,0.5,0.5,0.0,1.5,0.2,0.0,0.0,1.0,0.0,0.0,1.5,0.0,0.0,0.0,0.0,0.0,0.0,0.0,0.0,0.0,0.0,0.0,0.0,0.0,0.3333333333333333,0.6388888888888888,0.0,0.0,0.0,0.0,0.0,0.0,0.0,0.0,0.0,0.0,0.0,0.0,0.0,0.5,0.0,0.0,0.30000000000000004,1.7619047619047619,0.0,0.0,0.0,0.0,0.0,0.0,0.0,0.0,0.0,0.0,0.0,0.0,0.0,0.0,0.0,0.0,0.0,0.0,0.0,0.0,0.0,0.0,0.0,0.0,0.0,0.0,0.0,0.0,0.0,0.0,0.0,0.0,0.0,0.0,0.0,0.0,0.0,0.6666666666666666,0.0,0.0,0.0,0.0,0.0,0.0,0.0,0.0,0.0,0.0,0.0,0.0,0.0,0.0,0.0,0.0,0.0,0.0,0.0,0.0,0.0,0.0,0.5,0.0,0.0,0.0,0.0,0.0,0.0,0.30000000000000004,0.0,0.0,0.0,0.0,0.0,0.0,0.0,0.0,0.0,0.0,0.0,0.0,0.0,0.0,0.0,0.0,0.0,0.0,0.0,0.0,0.0,0.0,0.0,0.0,0.0,0.0,0.0,0.0,0.0,0.0,0.0,0.0,0.0,0.0,0.0,0.0,0.0,0.0,0.0,0.0,0.0,0.0,0.0,0.0,0.0,0.0,0.0,0.0,0.0,0.0,0.0,0.0,0.0,0.0,0.0,0.0,0.0,0.0,0.0,0.0,0.0,0.0,0.0,0.0,0.0,0.0,0.0,0.0,0.0,0.0,0.0,0.0,0.0,0.0,0.0,0.0,0.0,0.0,0.0,0.0,0.0,0.0,0.0,0.0
58.3281849916503,55.47514887319883,29.611088997807748,10.347208443562609,18.56857320919821,40.49641546671464,34.35471564041792,9.706633117780505,6.964388707416091,17.7140376984127,17.8694868499556,30.449520210004323,1.6805012635236516,18.220368734615057,10.716236105053735,7.569940476190475,17.168301316738816,22.39147474486176,12.71572727041477,11.625168286315674,14.077658452658453,6.128653464590965,4.4081084364433245,6.649360670194003,7.698691933066933,7.280133928571428,5.759631283068783,12.318835678210679,5.090773809523809,3.332530845192483,5.46412037037037,12.307415674603174,1.7586805555555556,8.890432098765432,6.7492559523809526,7.349665531918331,1.0625,5.75633103620236,3.015151515151515,12.584019245324392,1.005952380952381,12.963341346153845,17.141204930398732,2.258928571428571,2.9037698412698414,0.0,14.988004013866082,0.49244505494505497,3.3328373015873014,3.5284155328798184,4.0341134559884555,7.039434523809524,4.169042818740399,7.466192916560563,0.0,0.0,0.7199754901960784,6.009717712842713,2.3466757915287326,3.165798611111111,0.20343660968660968,3.0867925995024876,1.015625,1.7760416666666665,0.2825091575091575,1.4018429487179487,3.6413690476190474,0.7638888888888888,6.573528901653901,0.0,0.642361111111111,1.2924107142857142,0.0,0.8708639705882353,0.4407051282051282,1.1666666666666665,2.0002003205128203,2.091765873015873,0.0,0.0,1.6392045454545454,1.093484268707483,0.9791666666666666,0.8802083333333334,0.0,0.0,0.0,0.4613095238095238,0.8164457070707071,0.21875,0.0,3.8559027777777777,0.6666666666666666,0.3125,1.0729166666666667,0.9795386904761905,2.416869588744589,3.421474358974359,1.8923611111111112,0.5613425925925926,0.8333333333333333,1.3541666666666667,0.0,1.0188769693200663,0.8871527777777778,1.2853535353535355,0.2678571428571428,1.909188034188034,0.3928571428571428,0.0,0.20833333333333334,0.625,1.435496794871795,2.3425099206349205,0.0,2.845982142857143,0.75,1.0003035159285159,0.6211670274170273,0.47719381313131315,2.0961963383838382,0.2300347222222222,0.0,1.1119791666666667,0.0,0.20089285714285715,1.2847222222222223,1.398375496031746,0.4427083333333333,4.258184523809524,2.62817997974248,0.0,2.7312748015873014,2.4821350524475525,0.29166666666666663,0.0,0.0,4.417782738095238,0.0,0.7301587301587301,2.759052579365079,1.4810267857142856,0.4897186147186147,0.24739583333333331,0.7790178571428571,0.0,1.1067708333333333,0.20833333333333331,0.0,0.3125,0.0,0.0,0.25297619047619047,0.0,0.9717261904761905,1.2132034632034632,0.0,0.0,1.3836805555555556,0.0,0.0,0.0,1.8072916666666665,0.6107200091575091,0.0,0.40900735294117646,0.9688358516483516,0.0,5.581597222222222,0.25,0.0,0.0,0.3415032679738562,0.47916666666666663,0.3862847222222222,0.0,0.0,0.0,1.568080357142857,0.0,0.8559695512820512,0.0,0.0,0.0,0.0,0.0,0.0,0.0,0.0,0.0,0.0,0.33854166666666663,0.7142857142857142,0.27232142857142855,0.26041666666666663,0.47649572649572647,0.0,0.0,0.3854166666666667,0.0
66.2643612221866,29.008467764856878,2.8017905110762253,14.003810123408337,11.253234027876886,7.33136017973971,40.53013263634087,5.17089478204217,19.26419061302682,50.19268252085216,11.4175141723356,2.2420375799573558,6.905238008260396,8.082776869294726,2.1905450426439232,2.195541601255887,5.646855158730158,8.535106527120119,6.291026404151404,28.161039632231663,6.613785866910867,19.199242979242978,0.4583802826526707,10.193307496075352,18.056002757163473,3.037202380952381,8.862312925170068,7.304126984126984,33.71217049319728,10.882165435139573,1.7944832548403977,3.1207738095238096,2.390424297924298,2.358994685869686,6.920049603174602,3.029204014269313,3.7468321559392987,8.392455357142858,4.101296768707483,6.212301587301587,3.8003041601255885,4.862935269095983,5.239927285016571,1.8556547619047619,0.0,0.38326719576719576,14.04582249168456,0.4862026862026862,0.5832412131519273,0.7505952380952381,2.225847505668934,0.27394179894179893,13.961911309376747,5.392451814058957,1.9345238095238095,0.6958333333333333,3.4946825396825396,0.0,2.3252361329147044,4.381061507936508,0.34238095238095234,2.9895690244664124,7.070186457061457,3.6720096371882085,1.5426190476190476,2.5749999999999997,11.929017094017093,0.20684523809523808,2.261904761904762,0.3264158163265306,1.4790986394557823,7.134851900744757,0.3908068783068783,0.0,0.0,0.23,0.2642857142857143,0.4777597402597403,0.6568932411674346,0.0,0.6020833333333333,6.260535714285714,0.2830569727891157,1.5983333333333332,4.043643925518926,0.3337301587301587,0.0,5.346875254375254,1.5553571428571427,2.9702128427128427,5.469240597932629,0.963270757020757,0.0,0.0,0.5616071428571429,0.44666666666666666,1.7482142857142857,1.5918253968253968,0.7458753052503052,0.0,0.0,0.34910714285714284,0.38051587301587303,0.5415108978914949,0.8633333333333333,0.22696428571428573,0.0,0.5272394272394273,0.0,0.0,0.20595238095238094,0.0,0.0,0.0,0.0,2.8,0.0,0.0,0.4134495464852608,0.0,1.1867874585731728,1.4342307692307692,0.0,2.519315476190476,0.49452457264957267,0.0,0.41666666666666663,0.0,0.5921626984126984,0.0,0.0,0.0,0.22192460317460316,3.985879884004884,0.27642322954822957,0.0,0.0,0.0,0.8942743764172335,0.337078373015873,0.8793480725623583,0.28273809523809523,0.28755952380952376,0.0,0.0,0.0,0.25833333333333336,0.0,0.0,0.5826719576719577,0.0,0.0,3.946296768707483,0.0,0.0,0.33472222222222225,0.5815575396825396,0.0,0.0,0.0,0.29217948717948716,0.0,0.0,1.3915979853479854,0.25595238095238093,0.0,2.612418831168831,0.0,0.0,0.0,0.5734798534798535,0.0,0.0,0.0,0.0,0.0,0.0,0.0,0.0,0.0,1.0860119047619048,0.0,0.0,0.0,0.0,0.0,0.0,0.0,0.7655708180708181,0.0,0.4845238095238095,0.0,0.0,0.0,0.22273809523809524,0.0,0.0,0.0,0.0,0.0
25.544594398139175,12.188512927785315,9.364673520923521,3.2092803030303028,11.600063131313131,3.6168588873812753,9.52317821067821,10.290019060541448,2.6893939393939394,5.046657046657047,6.012626262626262,7.1235536333484095,1.7658713332687213,2.085648148148148,5.716794140768021,4.357007575757575,2.0884740259740258,5.552544254736419,2.528409090909091,1.2589043419267298,1.3958333333333333,2.751578282828283,1.3662275742499623,0.8459595959595959,0.35416666666666663,6.324179292929292,1.2689393939393938,2.334911616161616,1.3194444444444444,0.625,1.0905934343434343,1.0887896825396826,0.2272727272727273,0.3125,1.2159090909090908,1.9863560982963966,1.8876262626262625,0.0,0.9618055555555556,0.0,1.9791666666666665,4.473890692640692,1.9823232323232323,0.2793560606060606,0.7954545454545455,0.0,0.4236111111111111,0.0,0.0,0.4722222222222222,0.41666666666666663,0.0,1.2168560606060606,0.0,0.2178030303030303,0.0,0.7291666666666666,7.321383477633478,2.236111111111111,0.9722222222222222,0.21527777777777776,0.5234245439469319,0.22569444444444442,0.0,0.20833333333333331,1.4362373737373737,1.0892857142857142,0.0,0.3819444444444444,0.0,0.2604166666666667,0.0,0.0,0.41666666666666663,0.3472222222222222,0.20833333333333331,0.8696338383838383,0.49652777777777773,0.0,1.3541666666666665,0.8196548821548821,0.0,0.798611111111111,0.0,0.20833333333333331,0.0,0.0,2.689078282828283,0.28125,0.2120535714285714,0.2456467661691542,0.0,6.5814393939393945,0.0,0.0,0.0,0.0,0.0,0.3125,0.0,0.20833333333333331,0.41666666666666663,0.20833333333333331,0.5718283582089553,1.875,0.9286616161616161,0.0,0.0,0.0,0.0,1.1875901875901875,0.0,1.7187499999999998,0.46874999999999994,0.5034722222222222,0.0,0.0,2.975694444444444,0.7430555555555556,1.0416666666666665,0.0,0.0,0.0,0.20833333333333331,0.625,0.798611111111111,0.0,0.0,0.20833333333333331,1.5519931457431457,4.045454545454545,0.0,0.0,0.4356060606060606,0.2361111111111111,0.0,0.0,0.0,0.0,0.5972222222222222,0.25284090909090906,0.8333333333333333,0.35416666666666663,0.8333333333333334,0.0,0.0,0.3263888888888889,0.9945436507936507,0.0,0.0,0.0,0.0,0.36458333333333326,0.0,0.0,0.2777777777777778,0.0,0.0,0.6944444444444444,0.0,0.0,0.0,0.20833333333333334,0.0,0.0,0.0,0.0,0.0,0.2232142857142857,0.0,0.35416666666666663,0.0,0.0,0.0,0.0,0.0,0.0,0.0,0.6458333333333333,0.0,0.0,0.0,0.0,0.0,0.0,0.0,0.0,0.0,0.0,0.0,0.0,0.0,0.0,0.0,0.0,0.0,0.0,0.75,0.0,0.0
16.118807103245878,0.5842315281090791,2.394503103686777,0.5094752186588921,0.4896155431869717,0.47880223517978615,5.285106899902818,0.6152818270165208,1.1853741496598638,2.1609774862325883,2.8474246841593778,0.3567176870748299,0.2730364873222016,0.6129868935991385,0.2504086050004417,0.8460884353741496,0.5774582560296846,0.4148850016196955,0.30937196307094267,0.2942986718496923,0.26038629737609326,0.7573696145124716,8.434234133213725,0.3039965986394558,0.25819418676561534,0.0,0.21683673469387757,1.2582420414053066,0.30601201519568866,0.2551020408163265,0.2551020408163265,0.8865605766115969,0.4342808551992225,0.0,0.9378561489530877,0.0,0.22151360544217685,0.9150604686318972,0.3875526401036605,1.1800898931000972,0.21331389698736636,0.0,0.0,0.0,0.0,0.0,0.0,0.0,0.0,0.21080336896663426,0.0,0.8018707482993197,0.9147230320699707,0.2757531584062196,0.47398180051241273,0.510204081632653,0.0,0.0,0.0,0.0,0.0,0.0,0.0,0.0,0.0,0.0,0.0,0.0,0.0,1.0119047619047619,0.0,0.0,0.0,0.0,0.0,0.0,0.0,0.0,0.5178571428571428,0.0,0.0,0.0,0.0,0.0,0.0,0.0,0.28061224489795916,0.0,0.0,0.0,0.0,0.0,0.0,0.4919825072886297,0.0,0.0,0.0,0.0,0.0,0.2465986394557823,0.0,0.0,0.0,0.0,0.0,0.0,0.0,0.0,0.0,0.0,0.0,2.6179138321995463,0.0,0.0,0.0,0.0,0.0,0.0,0.0,0.0,0.0,0.0,0.23814677386105956,0.0,0.0,0.0,0.0,0.0,0.0,0.0,0.0,0.3333333333333333,0.0,0.0,0.0,0.0,0.0,0.0,0.0,0.0,0.0,0.0,0.0,0.0,0.0,0.0,0.0,0.0,0.0,0.0,0.0,0.0,0.0,5.076530612244898,0.0,0.0,0.0,0.0,0.0,0.6069808875931324,0.0,0.0,0.0,0.0,0.0,0.0,0.0,0.0,0.0,0.0,0.0,0.0,0.0,0.0,0.0,0.0,0.0,0.0,0.0,0.0,0.0,0.0,0.0,0.0,0.0,0.0,0.0,0.0,0.0,0.0,0.0,0.0,0.0,0.0,0.0,0.0,0.0,0.0,0.0,0.0
21.1234709022209,13.087454975579975,4.6806551744051745,11.726883903133903,6.065882173382173,5.967763278388278,2.1838980463980464,4.964206349206349,4.480925671550671,9.049803526053525,0.9127480158730159,18.5943853021978,2.8548992673992672,4.693962563337563,2.994405525030525,14.135545634920636,12.926675824175824,2.4827480158730157,0.5452628968253969,1.533068147130647,2.390426587301587,6.654108669108669,3.8976149776149773,2.4829326923076924,7.659718337218337,23.286009996947495,1.692718253968254,3.8039300976800976,2.1969815254190252,2.335138195138195,4.542147435897435,4.091830738705739,1.9934065934065934,5.129350198412698,2.896971153846154,1.0285149572649572,0.8118551587301587,7.197028769841269,2.502938415750916,1.1885206807081807,2.137171855921856,0.0,0.0,0.35622710622710624,0.0,0.5712950244200243,0.0,0.3084134615384615,4.0005933302808305,2.5588576007326007,0.6077686202686202,4.63065349002849,0.0,0.6288141025641025,4.981019917582417,4.186351114163614,1.1359249084249083,0.0,4.004806547619047,0.315892094017094,0.49428037240537237,0.23821924603174605,0.2914300976800977,1.8979552045177046,0.0,0.0,0.0,0.2564102564102564,0.0,0.2622767857142857,0.5750457875457875,0.275,1.1753968253968254,0.21770833333333334,0.2673611111111111,3.1373242266992265,0.0,0.35,0.0,0.0,1.3963541666666666,1.101686507936508,2.05250296000296,0.4769345238095238,0.882688492063492,0.0,0.0,0.0,1.6807844932844933,0.3383279914529915,0.390625,0.0,0.0,0.0,0.2777777777777778,1.005406746031746,0.5908333333333333,0.0,0.5039930555555555,0.0,0.0,0.0,0.770436507936508,0.0,0.0,0.0,0.5694673382173382,0.0,0.0,0.2361111111111111,0.0,0.0,0.0,0.0,1.4146825396825398,0.0,0.5282837301587301,0.0,0.0,0.0,0.0,0.0,0.0,0.0,0.0,0.6073069291819292,0.0,0.4117483211233211,0.0,0.0,0.0,1.0094551282051283,0.0,0.0,0.0,0.0,0.0,0.0,0.0,0.0,0.0,0.0,0.0,0.0,0.3855406746031746,0.3171626984126984,0.0,0.0,0.0,0.0,0.0,0.0,0.0,0.3721230158730159,0.0,0.0,0.0,0.26666666666666666,0.0,0.0,0.0,0.25605921855921854,0.4123263888888889,0.0,0.0,0.0,0.0,0.0,0.0,0.0,0.0,0.0,0.0,0.0,0.0,0.0,0.7135416666666666,0.9861912393162393,0.0,0.0,0.0,0.0,0.0,0.0,0.0,0.0,0.0,0.0,0.0,0.0,0.0,0.0,0.0,0.0,0.0,0.0,0.0,0.0,0.0,0.670400641025641
20.706804235554234,13.087454975579975,3.430655174405174,11.726883903133903,6.065882173382173,6.384429945054944,2.1838980463980464,4.964206349206349,4.480925671550671,9.049803526053525,0.9127480158730159,18.5943853021978,2.8548992673992672,4.693962563337563,2.994405525030525,14.135545634920636,12.926675824175824,2.4827480158730157,0.5452628968253969,1.533068147130647,2.390426587301587,6.654108669108669,3.8976149776149773,2.4829326923076924,7.659718337218337,23.286009996947495,1.692718253968254,3.8039300976800976,2.1969815254190252,2.335138195138195,4.542147435897435,4.091830738705739,1.9934065934065934,5.129350198412698,2.896971153846154,1.0285149572649572,0.8118551587301587,7.197028769841269,2.502938415750916,1.1885206807081807,2.137171855921856,0.0,0.0,0.35622710622710624,0.0,0.5712950244200243,0.0,0.3084134615384615,4.0005933302808305,2.5588576007326007,0.6077686202686202,4.63065349002849,0.0,0.6288141025641025,4.981019917582417,4.186351114163614,1.1359249084249083,0.0,4.004806547619047,0.315892094017094,0.49428037240537237,0.23821924603174605,0.2914300976800977,1.8979552045177046,0.0,0.0,0.0,0.2564102564102564,0.0,0.2622767857142857,0.5750457875457875,0.275,1.1753968253968254,0.21770833333333334,0.2673611111111111,3.1373242266992265,0.0,0.35,0.0,0.0,1.3963541666666666,1.101686507936508,2.05250296000296,0.4769345238095238,0.882688492063492,0.0,0.0,0.0,1.6807844932844933,0.3383279914529915,0.390625,0.0,0.0,0.0,0.2777777777777778,1.005406746031746,0.5908333333333333,0.0,0.5039930555555555,0.0,0.0,0.0,0.770436507936508,0.0,0.0,0.0,0.5694673382173382,0.0,0.0,0.2361111111111111,0.0,0.0,0.0,0.0,1.4146825396825398,0.0,0.5282837301587301,0.0,0.0,0.0,0.0,0.0,0.0,0.0,0.0,0.6073069291819292,0.0,0.4117483211233211,0.0,0.0,0.0,1.0094551282051283,0.0,0.0,0.0,0.0,0.0,0.0,0.0,0.0,0.0,0.0,0.0,0.0,0.3855406746031746,0.3171626984126984,0.0,0.0,0.0,0.0,0.0,0.0,0.0,0.3721230158730159,0.0,0.0,0.0,0.26666666666666666,0.0,0.0,0.0,0.25605921855921854,0.4123263888888889,0.0,0.0,0.0,0.0,0.0,0.0,0.0,0.0,0.0,0.0,0.0,0.0,0.0,0.7135416666666666,0.9861912393162393,0.0,0.0,0.0,0.0,0.0,0.0,0.0,0.0,0.0,0.0,0.0,0.0,0.0,0.0,0.0,0.0,0.0,0.0,0.0,0.0,0.0,0.670400641025641
124.12124624624624,69.4422032326444,43.12808344058344,41.88513513513513,19.444444444444443,34.96180555555555,47.79177391677391,46.950718575718575,12.244369369369368,21.96846846846847,14.11513299013299,38.88795045045045,8.98611111111111,16.52777777777778,2.9166666666666665,10.48611111111111,19.680555555555554,16.184601881293055,15.644841269841269,8.739301801801801,20.333333333333332,14.874999999999998,13.083333333333332,6.625,9.791666666666666,22.421734234234233,5.833333333333333,9.888888888888888,6.277777777777778,1.9166666666666665,1.3333333333333333,2.795138888888889,1.9285714285714284,10.345238095238095,4.75,4.027777777777778,0.0,3.817567567567567,3.6805555555555554,2.232142857142857,2.583333333333333,12.916666666666666,1.6666666666666665,7.666666666666666,16.559027777777775,1.25,3.6111111111111107,4.583333333333333,4.583333333333333,5.361111111111111,1.3333333333333333,5.833333333333333,1.9583333333333333,1.6666666666666665,3.333333333333333,1.4146825396825395,1.6666666666666665,1.0,3.75,3.3055555555555554,2.083333333333333,2.7777777777777777,3.5,3.9722222222222223,8.194444444444445,2.583333333333333,6.791666666666666,0.9722222222222222,0.75,0.0,4.402777777777778,3.208333333333333,0.625,0.8333333333333333,0.0,0.0,0.0,0.41666666666666663,0.8333333333333334,4.2342342342342345,0.9009009009009008,2.361111111111111,2.083333333333333,6.309523809523809,2.5,0.0,14.263888888888888,0.8333333333333333,4.928678678678678,2.611111111111111,2.083333333333333,0.0,4.277777777777778,0.0,4.583333333333333,0.20833333333333331,2.111111111111111,3.2777777777777777,3.4027777777777777,2.9166666666666665,0.8333333333333333,0.0,0.0,0.8333333333333333,0.8333333333333333,0.8333333333333333,0.0,7.083333333333333,0.41666666666666663,0.0,2.1666666666666665,1.4583333333333333,4.291666666666666,5.277777777777778,0.0,2.458333333333333,1.5277777777777777,1.833333333333333,1.6666666666666665,0.8333333333333333,2.083333333333333,1.6666666666666665,0.0,0.0,0.0,0.0,0.8333333333333333,0.8333333333333333,0.0,0.0,1.6666666666666665,0.0,0.0,2.083333333333333,0.0,0.0,0.0,0.0,0.0,0.9009009009009008,0.0,0.0,1.0416666666666665,0.8333333333333333,2.5,0.0,0.0,0.0,0.5,0.0,0.0,0.0,0.41666666666666663,0.0,0.0,0.8333333333333333,0.41666666666666663,0.0,1.0833333333333333,0.0,3.333333333333333,0.0,0.0,1.25,0.0,0.0,0.0,0.0,0.0,0.0,1.1111111111111112,0.0,0.0,0.0,0.0,0.0,0.0,0.0,0.0,0.41666666666666663,0.0,0.0,0.0,0.0,0.0,0.0,0.3645833333333333,0.8333333333333333,0.0,0.0,0.0,0.0,0.0,0.0,0.0,0.41666666666666663,0.8333333333333333,2.5,0.0,0.0
590.8611410971013,101.00277823760614,30.202757476146452,186.50753208103103,170.87668424857867,216.613857257879,52.77325982217287,244.729410537608,121.2686305935853,237.87616582679988,96.33440777734256,89.92444832254614,35.20665113871635,68.00242983666897,111.14225327812284,82.02245138114704,120.76377626332336,14.414114036396644,56.39284276512537,22.539749668146406,45.6658142414483,42.66703946071182,5.289864875462701,21.966226708074533,62.11024540576171,371.76632892597564,34.434983896940416,53.44983021205847,22.34789078674948,8.676299009632343,26.868055555555557,1.358695652173913,5.478864734299517,41.43177766275592,31.880208333333332,44.104612376351504,5.347222222222222,29.11148794368903,3.3564814814814814,11.628698671497585,0.7708333333333334,7.21875,19.709817834138487,119.32938664596273,38.19145028180354,114.57756786289394,3.900793650793651,118.86302334943639,5.502393892339544,11.527777777777779,0.8333333333333333,1.25,16.788194444444443,0.0,37.56146839774557,9.108695652173914,1.9161092530657746,5.208333333333333,3.5069444444444446,11.01147342995169,11.301059472934472,14.212962962962962,2.299768518518518,10.593033509700176,27.3687996031746,14.489583333333332,10.420692431561996,78.87952898550725,4.362275707384403,43.666666666666664,6.909281305114638,9.390524355877616,124.24305555555556,0.0,8.868726516371444,0.0,0.0,0.0,2.083333333333333,109.53220913071456,4.688894057100579,4.615575396825397,10.0,18.112167874396135,5.26268115942029,13.306547619047619,260.39865136876006,15.819444444444445,0.8012632197414806,4.912565418679549,3.125,19.67091049382716,97.03109903381642,8.910493827160494,75.62731481481481,14.6875,1.4777432712215322,3.107634649301316,3.75,2.833333333333333,6.666666666666666,3.040509259259259,38.17460317460317,3.1999007936507935,0.0,0.4542644352426961,4.583333333333333,2.708333333333333,60.38095238095238,18.761574074074073,0.0,32.43518518518518,3.3876811594202896,2.967391304347826,2.708333333333333,11.75,6.166666666666666,0.41666666666666663,2.5694444444444446,0.0,0.0,2.3472222222222223,3.0555555555555554,0.0,0.0,0.0,22.32638888888889,1.5029761904761902,0.6457739791073125,0.0,2.3259359903381642,0.0,0.6584641706924316,0.0,0.0,2.767857142857143,21.875,0.0,1.25,0.3106231231231231,0.0,5.0,0.3125,2.523148148148148,0.3125,0.0,0.0,0.0,10.9375,10.416666666666666,4.253472222222222,4.375,0.0,0.0,0.0,0.0,0.0,0.0,0.0,0.0,1.5625,0.0,9.166666666666666,2.5,1.9791666666666665,5.416666666666666,4.413043478260869,0.2604166666666667,0.0,14.166666666666666,0.0,1.6666666666666665,2.5,25.178571428571427,1.5,0.0,0.0,0.47619047619047616,0.0,0.5092592592592592,0.0,0.6944444444444444,0.8993055555555556,0.0,16.827876984126984,0.8333333333333333,0.8680555555555555,8.442028985507246,0.0,0.0,5.522321428571428,0.2648809523809524,0.625,0.0,0.0,0.0,76.91666666666667,0.0,7.517361111111111,0.0
19.8734709022209,13.087454975579975,4.6806551744051745,11.976883903133903,6.065882173382173,5.967763278388278,2.1838980463980464,4.964206349206349,4.480925671550671,9.049803526053525,0.9127480158730159,18.5943853021978,2.8548992673992672,4.693962563337563,2.994405525030525,14.135545634920636,12.926675824175824,2.4827480158730157,0.5452628968253969,1.533068147130647,2.390426587301587,6.654108669108669,3.8976149776149773,2.4829326923076924,7.659718337218337,23.286009996947495,1.692718253968254,3.8039300976800976,2.1969815254190252,2.335138195138195,5.042147435897435,4.091830738705739,1.9934065934065934,5.129350198412698,2.896971153846154,1.0285149572649572,0.8118551587301587,7.197028769841269,2.502938415750916,1.1885206807081807,2.137171855921856,0.0,0.0,0.35622710622710624,0.0,0.5712950244200243,0.0,0.3084134615384615,4.0005933302808305,2.5588576007326007,0.6077686202686202,4.63065349002849,0.0,0.6288141025641025,4.981019917582417,4.186351114163614,1.1359249084249083,0.0,4.004806547619047,0.315892094017094,0.49428037240537237,0.23821924603174605,0.2914300976800977,1.8979552045177046,0.0,0.0,0.0,0.2564102564102564,0.0,0.2622767857142857,0.5750457875457875,0.275,1.1753968253968254,0.21770833333333334,0.2673611111111111,3.1373242266992265,0.0,0.35,0.0,0.0,1.3963541666666666,1.101686507936508,2.05250296000296,0.4769345238095238,0.882688492063492,0.0,0.0,0.0,1.6807844932844933,0.3383279914529915,0.390625,0.6634615384615384,0.0,0.0,0.2777777777777778,1.005406746031746,0.5908333333333333,0.0,0.5039930555555555,0.0,0.0,0.0,0.770436507936508,0.0,0.0,0.0,0.5694673382173382,0.0,0.0,0.2361111111111111,0.0,0.0,0.0,0.0,1.4146825396825398,0.5510416666666667,0.5282837301587301,0.0,0.0,0.0,0.0,0.0,0.0,0.0,0.0,0.6073069291819292,0.0,0.4117483211233211,0.0,0.0,0.0,1.0094551282051283,0.0,0.0,0.0,0.0,0.0,0.0,0.0,0.0,0.0,0.0,0.0,0.0,0.3855406746031746,0.3171626984126984,0.0,0.0,0.0,0.0,0.0,0.0,0.0,0.3721230158730159,0.0,0.0,0.0,0.26666666666666666,0.0,0.0,0.0,0.25605921855921854,0.4123263888888889,0.0,0.0,0.0,0.0,0.0,0.0,0.0,0.0,0.0,0.0,0.0,0.0,0.0,0.7135416666666666,0.9861912393162393,0.0,0.0,0.0,0.0,0.0,0.0,0.0,0.0,0.0,0.0,0.0,0.0,0.0,0.0,0.0,0.0,0.0,0.0,0.0,0.0,0.0,0.670400641025641
170.8231374340976,102.80337347570138,38.734503507892484,236.80316700166597,90.41438266127707,236.19867868645042,263.150968918632,213.71552164871912,51.71605122850594,45.466939636323694,59.14988396781875,104.88873403683186,2.1233178053830226,45.81195364619278,42.87141994478951,35.462927571623226,76.52072070776781,47.80086617314878,9.088279273061882,3.9340949062416453,27.23426662240068,20.22953946071182,12.084507732605559,5.056504485852312,82.89099937401568,25.677043211689952,14.10859500805153,8.254889735867996,10.889557453416149,1.940187898521232,17.291666666666664,3.379528985507246,35.805253623188406,28.58241868839695,16.067708333333332,20.06294570968484,0.6597222222222222,11.471606991308079,0.0,32.40250819530711,5.5625,8.744391025641026,13.447913072233725,18.150815217391305,8.691450281803542,5.181734529560616,2.6507936507936507,6.158162238325281,2.5857272256728776,0.9027777777777777,2.5,1.875,2.100694444444444,1.3229813664596273,56.106111254888425,1.3586956521739129,0.24944258639910813,3.958333333333333,1.25,2.2614734299516908,5.676059472934473,0.0,0.5497685185185185,2.8549382716049383,1.7646329365079365,6.770833333333333,0.6290257648953301,4.733695652173913,1.7581090407177364,1.0416666666666667,8.698963844797177,0.6405243558776167,1.25,3.125,0.5701154052603328,0.0,3.6677234299516908,1.2896825396825395,0.8333333333333333,6.640344051349485,0.3138940571005788,0.6572420634920635,0.0,7.271890096618357,4.63768115942029,7.3809523809523805,8.461151368760063,0.0,1.0095965530748139,1.3708987520128824,0.0,2.243827160493827,1.4130434782608696,0.0,2.523148148148148,0.0,0.7336956521739131,5.190967982634649,2.5,2.5416666666666665,0.0,0.5821759259259259,0.0,0.6999007936507937,3.0902777777777777,0.9750977685760294,4.791666666666666,0.0,17.299603174603174,2.615740740740741,0.6793478260869565,6.081018518518518,28.679347826086957,1.0507246376811594,0.0,2.395833333333333,0.0,3.333333333333333,0.0,1.527173913043478,0.9420289855072465,7.034722222222222,0.0,3.6412037037037037,8.797619047619047,1.238871635610766,4.284722222222222,0.0,0.37791683625016953,0.31712962962962965,3.0759359903381642,0.0,0.7834641706924316,0.7037037037037037,2.111111111111111,0.0,0.0,1.8333333333333333,0.625,0.0,0.0,0.3571428571428571,1.5625,0.0,0.3125,0.3125,0.0,0.8333333333333333,0.0,0.0,0.0,0.0,0.0,1.3194444444444444,0.20833333333333331,0.41666666666666663,0.0,0.0,1.3278985507246377,0.0,1.7013888888888888,0.0,0.0,0.0,0.625,0.0,0.44082125603864736,2.8854166666666665,2.083333333333333,0.0,0.5,2.8125,2.9166666666666665,0.0,1.5625,0.0,0.0,0.0,0.0,2.5925925925925926,0.0,1.3194444444444444,0.0,0.8333333333333333,0.0,0.0,0.45138888888888884,1.0114734299516908,0.0,0.0,0.0,0.0,0.0,0.0,0.0,0.0,3.9791666666666665,5.625,0.0,0.0
11.353204589164735,3.7736115709394693,3.908114619003594,1.431143192142157,1.8836286930231028,2.471496146767886,2.6378431555061987,4.458577204274668,1.5116861491408593,1.5770586839427418,0.41774111067589326,1.9661149892128154,0.24831780538302275,0.0,1.12141994478951,0.7168958255914778,1.0990937236408251,1.7057807030633116,0.3660570508396595,0.7465949062416454,3.117203130337188,0.7503727940451542,1.5398648754627016,0.7856711525189786,1.2630231835394878,2.1978765450232842,0.30998389694041867,0.0,0.4728907867494824,0.0,0.0,0.0,0.39553140096618356,0.5984443294225903,0.0,0.3546123763515068,0.0,0.32577365797474495,0.0,0.6911986714975845,0.0,0.5520833333333334,1.0104130722337243,0.2966485507246377,0.899783615136876,0.0,0.0,0.5331622383252818,0.2940605590062112,0.0,0.0,0.0,0.5381944444444444,0.0,0.5614683977455717,0.0,0.24944258639910813,0.41666666666666663,0.0,0.0,0.0,0.0,0.0,0.0,0.0,0.0,0.21235909822866347,0.0,0.29977570738440307,0.0,0.0,0.6405243558776167,0.0,0.0,0.5701154052603328,0.0,0.0,0.0,0.0,0.7236773846828195,0.3138940571005788,0.0,0.0,0.3343900966183575,0.0,0.0,0.8569847020933977,0.0,0.0,0.0,0.0,0.0,0.0,0.0,0.0,0.0,0.0,1.857634649301316,0.0,0.0,0.0,0.5821759259259259,0.0,0.0,0.0,0.0,0.0,0.0,1.681547619047619,0.0,0.0,0.0,0.0,0.21739130434782608,0.0,0.0,0.0,0.0,0.0,0.0,0.0,0.0,0.0,0.0,0.0,0.0,0.0,0.0,0.0,0.0,0.0,0.0,0.0,0.0,0.0,0.0,0.0,0.0,0.0,0.0,0.0,0.0,0.0,0.0,0.0,0.0,0.0,0.0,0.0,0.0,0.0,0.0,0.0,0.0,0.0,0.0,0.0,0.0,0.0,0.0,0.0,0.0,0.0,0.0,0.0,0.0,0.0,0.2604166666666667,0.0,0.0,0.0,0.0,0.0,0.0,0.0,0.0,0.0,0.0,0.0,0.0,0.0,0.0,0.0,0.0,0.0,0.0,0.0,0.0,0.0,0.0,0.0,0.0,0.0,0.0,0.0,0.0,0.0,0.0,0.0,0.0
226.73812522408537,81.6694449042728,82.2067257301147,70.5318376365866,69.41289456603897,53.099968368990105,87.20728759995065,66.06968831538578,35.15057503802975,58.410392017276074,21.487185555120337,78.52266260826043,22.567762249827467,17.94389809063722,8.62141994478951,17.2036382498339,36.19631594586305,37.98703070306331,17.171612606395215,14.578034300181038,25.95053646367052,24.000372794045152,37.64403154212937,17.589242581090407,30.776912072428377,29.968709878356616,10.518317230273752,12.087231005709265,10.542335231193928,7.269102039935373,3.540674603174603,2.903834541062802,0.39553140096618356,12.84844432942259,5.651041666666666,4.3823901541292845,1.5972222222222223,8.24244032464141,3.0787037037037033,6.777508195307108,1.8958333333333333,20.552083333333332,5.593746405567058,25.322289576365662,16.52131139291465,5.181734529560616,15.244047619047619,26.803995571658614,21.439893892339544,5.555555555555555,1.3333333333333333,6.25,1.6631944444444444,1.8646480331262938,5.040635064412238,1.7614734299516908,1.9161092530657746,2.0416666666666665,6.25,5.983695652173913,7.884392806267806,13.074074074074073,6.133101851851851,12.07716049382716,8.292410714285714,7.114583333333333,12.420692431561996,1.9142512077294684,1.049775707384403,0.0,9.050154320987655,7.598857689210949,0.625,0.8333333333333333,3.0701154052603328,5.108695652173913,0.28230676328502413,0.41666666666666663,0.8333333333333334,16.140344051349487,1.147227390433912,5.518353174603175,4.583333333333333,8.840883603111864,6.096014492753623,0.0,135.4274212100299,1.1527777777777777,5.662374330852591,3.565343196457327,17.604166666666668,0.49382716049382713,14.440821256038648,0.0,5.106481481481481,7.708333333333333,2.2198067632850242,10.55207909374576,5.0,2.958333333333333,2.8125,1.082175925925926,0.0,0.9082341269841269,0.41666666666666663,0.9750977685760294,0.0,33.18174533799534,2.0982142857142856,0.0,7.221014492753623,7.581018518518518,5.179347826086956,5.078502415458937,0.0,4.958333333333333,4.340277777777778,3.6190476190476186,4.077020202020202,0.8605072463768115,4.108695652173913,5.243055555555555,0.0,0.0,0.863095238095238,0.9472049689440993,0.8680555555555555,0.8779761904761905,0.0,0.0,5.992602657004831,0.0,0.0,2.162037037037037,0.0,5.089285714285714,0.3125,0.0,0.0,0.935623123123123,0.0,0.0,1.0416666666666665,0.8564814814814814,5.833333333333333,0.3125,4.811838624338624,0.0,0.5,0.0,0.0,0.0,0.4253472222222222,0.0,0.0,0.8333333333333333,0.41666666666666663,0.0,2.8278985507246377,0.0,3.333333333333333,0.0,0.0,0.8333333333333333,0.0,0.0,0.0,0.2604166666666667,0.0,0.0,1.1111111111111112,0.0,0.625,0.0,0.0,0.0,0.0,0.0,0.0,0.5092592592592592,0.0,0.0,0.0,0.3571428571428571,1.2723214285714286,0.0,5.399305555555555,4.657306763285024,0.0,0.0,0.0,0.0,0.0,0.0,0.0,0.41666666666666663,0.8333333333333333,1.25,0.0,0.0
135.99624624624624,72.107644409115,46.621138996138995,46.08513513513513,136.00595238095238,36.076388888888886,43.72232947232947,35.08960746460746,13.286036036036036,14.968468468468469,11.406799656799656,41.26295045045045,6.986111111111111,10.194444444444445,32.03888888888889,20.0,18.708333333333332,9.006293057763646,12.422619047619047,7.051801801801801,24.708333333333332,22.291666666666664,13.916666666666666,10.533730158730158,10.833333333333332,28.4634009009009,2.9166666666666665,12.597222222222221,3.75,2.208333333333333,6.25,1.1805555555555556,1.1785714285714286,8.261904761904761,13.083333333333332,4.027777777777778,0.0,5.484234234234234,2.4305555555555554,1.25,3.0,7.499999999999999,0.8333333333333333,12.113888888888889,11.61111111111111,0.41666666666666663,3.75,2.683333333333333,0.8333333333333333,4.861111111111111,1.3333333333333333,3.1666666666666665,0.5,1.6666666666666665,4.583333333333333,2.6646825396825395,2.583333333333333,0.0,2.9166666666666665,4.847222222222222,2.083333333333333,5.0,1.8333333333333333,3.222222222222222,3.8888888888888884,3.833333333333333,5.083333333333333,0.9722222222222222,0.75,0.0,4.377777777777777,3.0,0.0,3.333333333333333,1.25,2.611111111111111,0.0,0.41666666666666663,0.0,2.9009009009009006,0.5675675675675675,0.8333333333333333,2.083333333333333,2.1666666666666665,1.25,0.0,19.555555555555554,0.0,5.025900900900901,3.236111111111111,2.5,0.0,10.944444444444445,0.0,2.5,0.0,2.111111111111111,1.6111111111111112,1.875,3.0166666666666666,1.3333333333333333,0.25,1.0,0.8333333333333333,0.0,0.0,0.0,9.583333333333332,0.41666666666666663,1.25,3.1666666666666665,0.0,2.4166666666666665,10.36111111111111,0.0,1.6666666666666665,1.25,2.458333333333333,0.0,2.9166666666666665,0.8333333333333333,1.6666666666666665,0.0,0.3333333333333333,0.0,0.0,0.0,0.8333333333333333,0.0,0.0,0.8333333333333333,0.0,0.0,0.8333333333333333,0.8333333333333334,0.0,0.0,0.0,0.0,0.0,0.25,0.0,0.8333333333333333,0.41666666666666663,2.5,0.0,0.0,0.0,0.7222222222222222,0.0,2.5,2.2916666666666665,0.41666666666666663,0.0,0.0,0.8333333333333333,1.380952380952381,0.0,0.75,0.0,3.333333333333333,0.0,0.0,0.8333333333333333,0.0,0.0,0.0,0.0,0.0,0.0,1.1111111111111112,0.0,0.0,0.0,0.0,0.625,0.0,0.0,0.0,0.41666666666666663,0.0,0.0,0.0,0.0,0.0,0.0,0.0,0.8333333333333333,0.0,0.0,0.0,0.0,0.0,0.0,0.0,3.2738095238095237,0.8333333333333333,3.75,0.0,0.0
23.032066993464053,5.572712418300654,21.48794934640523,1.3006535947712419,1.6104983660130718,3.5784313725490198,2.5386029411764706,10.285334967320262,3.6609477124183005,0.8623366013071896,0.2303921568627451,1.6980392156862745,0.6811683006535948,1.0074210239651415,0.4444444444444444,2.730392156862745,15.619281045751634,1.9923066448801743,0.8954248366013072,1.0196078431372548,1.6928104575163399,0.5702614379084967,0.6879084967320261,0.32352941176470584,1.7375816993464053,2.7931372549019606,0.3872549019607843,0.4256535947712418,0.0,3.3727124183006536,0.22058823529411764,0.46078431372549017,0.0,0.8333333333333333,0.5055555555555555,0.43790849673202614,0.0,0.3715277777777778,0.0,0.0,2.5520833333333335,0.27124183006535946,0.25,0.0,0.42483660130718953,0.0,0.5580065359477124,0.0,0.0,0.0,0.0,0.0,0.0,0.0,0.0,0.0,0.0,0.8235294117647058,0.0,0.0,0.0,0.0,0.0,0.0,0.0,0.0,0.0,0.0,0.0,0.0,0.0,0.5441176470588235,0.0,0.0,0.0,0.0,0.7892156862745098,0.24019607843137253,0.0,0.0,0.0,0.0,0.0,0.0,0.0,0.0,0.0,0.0,0.0,0.0,0.0,0.0,0.0,0.0,0.0,0.0,0.0,0.0,0.0,0.0,0.0,0.0,0.0,0.0,0.0,0.24019607843137253,0.0,0.0,0.0,0.0,0.0,0.0,0.0,0.0,0.0,0.0,0.0,0.0,0.0,0.0,0.0,0.0,0.0,0.0,0.0,0.0,0.0,0.0,0.0,0.0,0.0,0.0,0.0,0.0,0.0,0.0,0.0,0.0,0.0,0.0,0.0,0.0,0.0,0.0,0.0,0.0,0.0,0.0,0.0,0.0,0.0,0.0,0.0,0.0,0.0,0.0,0.0,0.0,0.0,0.0,0.0,0.0,0.0,0.0,0.0,0.0,0.0,0.0,0.0,0.0,0.0,0.0,0.0,0.0,0.0,0.0,0.0,0.0,0.0,0.0,0.0,0.0,0.0,0.0,0.0,0.0,0.0,0.0,0.0,0.0,0.0,0.0,0.0,0.0,0.0,0.0,0.0,0.0,0.0,0.0
20.72222222222222,17.85669191919192,3.337752525252525,9.510732323232324,22.275883838383837,18.78787878787879,52.90719696969697,23.928977272727273,29.564393939393938,6.551136363636363,7.083333333333333,15.498196248196248,2.402056277056277,7.784090909090909,3.061868686868687,3.6698232323232327,7.5,12.831439393939394,1.5246212121212122,0.4621212121212121,3.7954545454545454,0.6452020202020202,0.0,0.0,17.585858585858585,4.742424242424242,5.052083333333333,2.7083333333333335,0.7367424242424243,2.3863636363636367,3.4886363636363633,0.3125,5.681818181818182,16.77777777777778,1.25,5.0,0.0,0.6818181818181819,0.0,1.8680555555555556,0.0,3.1212481962481964,0.0,0.0,0.2777777777777778,1.4318181818181819,0.2967171717171717,7.8977272727272725,0.2272727272727273,0.0,0.0,0.0,2.6818181818181817,0.0,14.041666666666666,0.0,0.0,0.625,0.0,0.0,0.0,0.0,0.7339015151515152,0.7007575757575758,0.2272727272727273,2.1022727272727275,1.2815656565656566,0.0,0.0,0.0,3.419642857142857,0.0,0.0,0.0,0.0,0.0,2.4999999999999996,0.0,0.0,0.0,0.0,0.0,0.43560606060606066,0.9375,0.0,1.553030303030303,0.2272727272727273,0.0,0.0,0.0,0.0,1.096861471861472,0.0,0.0,0.0,0.0,0.625,0.0,0.0,0.0,0.2272727272727273,0.0,0.0,0.0,1.5,1.6666666666666665,0.0,0.0,7.589962121212121,0.0,0.0,0.0,2.5,0.0,0.0,0.0,0.0,5.196969696969697,0.0,0.0,0.2272727272727273,0.0,0.0,0.6818181818181819,0.0,0.0,0.0,0.0,0.9829545454545454,0.0,0.0,0.0,0.0,0.0,0.0,0.0,0.2272727272727273,0.0,0.0,0.0,0.0,0.0,0.8333333333333333,0.0,0.0,0.0,0.0,0.0,0.0,0.0,0.0,0.0,0.0,0.0,0.0,0.0,0.0,0.0,0.0,0.0,0.0,0.0,0.0,0.0,0.35984848484848486,0.0,0.0,0.0,0.0,0.0,0.0,0.0,0.0,0.0,0.0,0.0,0.0,0.0,0.0,0.0,0.0,0.0,0.0,11.458333333333334,0.0,0.0,0.0,0.0,0.0,0.0,0.0,0.0,0.0,0.0,0.0,0.0,4.791666666666666,0.0,0.0,0.0
98.72787698412698,48.31944444444444,48.863392857142856,23.849999999999998,26.655952380952378,30.373809523809523,46.59583333333333,16.420454545454547,80.18055555555556,13.641666666666666,17.724999999999998,77.22420634920634,5.416666666666666,6.308333333333334,2.5,5.141666666666667,3.1,26.4375,8.266666666666666,4.696428571428571,4.742857142857143,11.583333333333332,10.56547619047619,0.30000000000000004,6.741666666666666,10.13888888888889,0.0,3.1666666666666665,0.9583333333333333,3.1388888888888884,8.025,0.0,4.262878787878788,2.75,3.2249999999999996,0.0,0.75,1.975,0.0,0.5833333333333334,0.625,14.708333333333332,3.270833333333333,2.625,28.61111111111111,3.5,0.2777777777777778,10.761904761904761,2.5,0.0,0.0,1.4583333333333333,2.4476190476190474,0.0,3.1041666666666665,5.895833333333333,0.0,0.8571428571428571,0.0,0.0,4.333333333333333,0.0,0.5,0.0,0.0,4.916666666666666,0.0,2.958333333333333,2.5,0.75,0.625,0.8333333333333333,6.125,0.25,0.3571428571428571,0.0,3.395833333333333,0.9166666666666666,0.41666666666666663,1.5238095238095237,0.0,0.0,0.0,0.5833333333333333,1.7857142857142856,3.025,0.0,4.166666666666666,0.0,0.5,0.0,2.4166666666666665,2.458333333333333,0.9166666666666666,3.0166666666666666,0.0,0.0,0.0,0.0,0.0,0.0,0.5,1.625,0.0,0.0,0.0,0.5,2.5,38.641666666666666,0.0,0.0,0.0,0.0,0.41666666666666663,0.0,2.3833333333333333,0.0,9.25,0.875,0.0,8.333333333333334,0.8333333333333333,0.0,0.5,0.8333333333333333,0.0,0.0,0.0,0.0,10.488095238095237,3.125,0.0,0.0,0.0,0.0,0.0,0.0,12.81547619047619,0.0,0.0,0.0,0.0,0.625,0.0,4.375,0.0,0.0,0.0,0.0,0.0,0.0,0.0,0.0,0.0,6.0,0.0,0.0,0.0,6.208333333333333,0.0,0.0,0.0,0.0,0.0,0.0,0.0,0.5,0.0,0.0,0.0,0.0,7.416666666666666,2.5416666666666665,0.0,2.5875,0.0,0.0,0.0,0.0,0.0,0.0,0.0,0.0,5.0,0.5,0.0,0.3125,0.0,0.0,0.0,0.25,0.0,0.9583333333333333,0.0,0.625,0.0,0.0,0.0,2.75,0.0
36.702083333333334,16.273358585858585,8.111363636363636,27.250315656565657,12.936300505050506,14.710795454545455,6.773863636363636,11.776515151515152,11.272727272727273,10.22405303030303,6.891666666666667,11.07260101010101,1.3603896103896105,3.884090909090909,4.166035353535354,5.908712121212121,6.85,5.164772727272727,13.749621212121212,2.5767045454545454,1.7600378787878788,5.14520202020202,0.5416666666666666,1.3984848484848484,7.3761363636363635,2.2320075757575757,3.5416666666666665,0.4583333333333333,1.0700757575757576,2.9071969696969697,2.246969696969697,0.5555555555555556,2.0801136363636363,0.7361111111111112,0.0,1.25,0.8257575757575757,0.7818181818181819,0.65,0.9166666666666666,2.5,2.824621212121212,0.75,3.621212121212121,6.652777777777778,1.9318181818181819,0.9217171717171717,5.6581439393939394,1.9981060606060606,0.0,0.41666666666666663,0.3125,2.613068181818182,0.0,0.9166666666666666,6.854166666666666,0.0,0.5,0.0,1.25,1.8901515151515151,0.0,0.0,0.0,0.2272727272727273,9.018939393939394,1.4204545454545454,1.7073863636363635,0.3125,0.8194444444444444,1.294642857142857,0.0,4.458333333333333,0.25,0.0,0.0,0.0,1.1770833333333333,0.0,4.083333333333333,0.0,0.0,0.43560606060606066,0.0,0.0,12.630113636363637,0.2272727272727273,0.6666666666666666,0.0,0.5,0.0,5.648944805194805,7.052083333333333,2.043560606060606,3.3765151515151515,0.0,0.3125,0.0,0.625,0.0,0.2272727272727273,0.5,0.0,0.41666666666666663,0.0,0.41666666666666663,1.146780303030303,1.3257575757575757,42.26287878787879,0.0,0.0,0.0,0.88125,0.0,0.0,0.25,0.0,3.321969696969697,0.7803030303030303,0.0,0.3835227272727273,2.7529761904761902,0.0,0.5568181818181819,0.0,0.0,0.0,0.0,0.0,0.41666666666666663,0.0,0.0,0.0,0.0,0.0,0.625,1.0606060606060606,0.0,0.0,0.0,0.0,0.0,0.0,0.0,0.0,0.0,0.41666666666666663,0.0,1.25,0.0,0.0,0.0,0.0,0.0,0.0,0.3125,0.0,0.0,1.1458333333333333,0.0,0.0,0.0,0.0,0.0,0.35984848484848486,0.0,0.5,0.0,0.0,0.0,0.0,5.541666666666666,1.7083333333333333,0.0,4.045833333333333,0.0,0.0,0.0,0.0,0.0,0.0,0.0,0.0,0.0,0.0,0.0,0.3125,0.0,0.0,0.0,0.25,0.0,0.9583333333333333,0.20833333333333331,0.0,0.0,0.0,0.625,0.0,0.0
59.28032290690069,39.98369326205824,15.344165478740058,28.1227992062397,20.340096897385706,18.93705854564048,34.94152499879128,32.40494092580052,34.12104460033828,38.2045720825138,6.945050934903876,13.576136330600615,22.75749860628012,25.154693135801327,28.985251728896685,22.103922164048214,14.3472954569033,14.495641105315475,6.718715375038904,9.695024272335196,32.413355157201444,20.75755091780302,4.531265704925207,13.380789117511807,17.480315353219765,18.28766937985066,10.275704350116115,7.929326131384955,10.201928830972948,16.36720790136201,9.973333801469305,0.5373529411764706,4.361066400919341,6.832856574253633,5.215049654477175,10.694641531557336,2.0203712443141897,11.870647755897231,2.0796630268268923,3.508364082812612,7.907009983480571,14.565659456090128,7.72210135122425,3.1750349431270486,4.478516139361727,8.773529711029711,20.603866513489084,13.457727727843274,10.564698904037138,1.7400596135890254,2.2312185643488163,1.4718487394957984,4.96139283275533,3.3456776556776555,3.703681700924348,6.804651091205713,3.6417538099155746,1.8488095238095237,2.6280588645714698,6.37174127343245,2.8191523767626707,1.8805064325652558,6.956532288128926,3.083277620164875,4.227953117144294,5.434481292517006,5.388955449701248,14.36790293040293,7.534044386985563,1.3710331825037707,5.041942010422402,5.556346620427503,14.45,0.7351521164021164,1.8114197530864198,5.209302297842213,15.348831683022858,0.45476190476190476,4.003104575163398,1.2836846405228757,2.6242648555148556,1.8924718220621581,2.4128901560624247,1.1156944444444443,1.8167857142857142,16.00062576312576,8.108796296296296,5.034227069615725,0.45119047619047614,2.8512478956228957,2.0734065934065935,9.654227977625414,6.759090909090909,4.587004816171483,10.338074888074887,3.2716274201988487,1.1986819727891156,7.989415130724654,1.8059915283129568,1.257223658694247,0.352891156462585,2.4972860725486776,3.2158333333333333,4.552648097700619,1.3633333333333333,2.423243705601899,2.6336630036630035,5.466096117934353,3.9836853622567907,2.030072242572243,1.4020577461753931,7.398555148555149,0.40756302521008403,0.660832794656324,0.21633986928104573,0.4778711484593838,6.030762304921969,0.6045751633986929,1.0929819363642892,0.20032051282051283,1.3910294117647057,1.7518055555555554,1.530612244897959,7.252855925198362,1.647517340269441,0.9764194139194138,1.568605006105006,1.7787114845938374,0.24216028510900303,0.3600217864923747,0.870146706274755,0.0,1.238133864656974,3.7781948334889512,0.8496642246642246,0.2845238095238095,3.125,0.6722096530920061,3.0803571428571423,2.0485119047619045,0.6744665473026817,0.0,2.4060347985347983,0.0,0.3833333333333333,1.2571311858076564,0.9373117623117623,0.21269841269841272,0.47884353741496594,0.0,2.6681094232564817,0.0,0.7503642290249433,0.0,1.3161360698125404,0.0,0.2523529411764706,1.8237161531279178,0.7857142857142857,0.0,0.2906442577030812,0.0,0.0,1.6435574229691878,0.3238795518207283,0.0,1.5602479628214923,0.2764423076923077,0.6122064210299504,1.875,0.47560224089635855,0.0,0.8333333333333333,4.583333333333333,0.0,0.0,0.0,0.0,0.0,1.1759259259259258,1.8373249299719887,0.8617063492063491,0.2743055555555555,0.43843979899652163,0.41666666666666663,0.0,0.0,1.3194444444444444,0.26,0.0,0.25833333333333336,0.6625,0.625,0.3920518207282913,0.26730078563411896,0.0,7.604166666666666,0.6323529411764706,0.0,0.0
80.3014985380117,12.745580808080808,7.163446969696969,25.531565656565657,24.00921717171717,26.31496212121212,6.200946969696969,24.724431818181817,23.210227272727273,26.421969696969697,9.829166666666666,7.3017676767676765,8.72646103896104,7.187662337662338,4.27020202020202,4.596212121212121,8.6,9.352272727272727,10.176704545454545,2.837121212121212,5.8329545454545455,6.186868686868687,10.020833333333332,0.6693181818181818,12.896969696969697,1.159090909090909,0.6770833333333334,0.4583333333333333,1.0700757575757576,2.3863636363636362,6.441048644338118,0.0,2.028030303030303,0.7361111111111112,0.0,1.3541666666666665,4.888257575757575,1.0318181818181817,1.7958333333333332,1.3333333333333333,0.3125,5.012121212121213,5.333333333333333,11.642045454545455,14.215277777777777,9.119318181818182,1.5467171717171717,12.713516746411484,4.8106060606060606,0.0,0.0,1.25,11.623484848484848,0.0,0.29166666666666663,0.0,0.0,3.3125,0.0,0.3125,1.9526515151515151,0.0,0.0,0.0,0.8522727272727273,5.0606060606060606,0.7954545454545454,3.4261363636363638,0.0,0.8194444444444444,3.2142857142857144,0.0,8.208333333333334,1.8125,0.3125,0.0,0.47916666666666663,0.8645833333333333,0.625,5.854166666666666,0.41666666666666663,0.0,0.43560606060606066,0.0,0.625,29.525946969696967,7.883522727272727,1.7708333333333333,0.625,0.5,0.0,8.706980519480519,2.9791666666666665,1.731060606060606,1.2306818181818182,0.0,0.0,0.0,0.0,0.0,0.2272727272727273,2.895833333333333,1.375,0.0,4.75,0.3571428571428571,0.6780303030303031,3.096590909090909,54.012696039340774,0.3958333333333333,0.0,0.0,2.495833333333333,0.0,0.3125,2.0104166666666665,0.0,4.176136363636363,1.6047077922077921,0.41666666666666663,0.2272727272727273,2.380952380952381,0.0,0.5568181818181819,1.0511363636363638,0.41666666666666663,0.0,0.41666666666666663,0.0,0.0,0.0,0.0,0.0,0.0,0.0,1.25,3.143939393939394,0.0,0.0,0.0,0.3125,0.0,0.0,0.0,0.0,0.0,0.0,0.0,0.0,0.0,0.0,0.0,0.41666666666666663,0.0,0.0,0.0,0.0,0.0,0.0,0.0,0.0,0.0,0.0,0.0,0.35984848484848486,0.0,0.5,0.0,0.5,1.25,0.0,13.25219298245614,1.7083333333333333,0.0,3.0607142857142855,0.0,0.0,0.0,0.0,0.0,1.7424242424242424,0.0,0.0,0.0,1.3636363636363638,0.0,0.0,0.0,0.0,0.0,0.25,0.0,0.9583333333333333,0.0,0.0,0.3125,0.0,0.3125,0.0,0.0
32.84771575669247,15.100292608625942,22.961424686424685,13.401004088504088,30.487123987123987,30.19025716347145,21.303720584970584,12.523839586339585,7.415392015392015,12.13491311928812,4.765873015873016,7.553589466089466,0.7469035594035593,11.505105619688953,11.926388888888889,7.975986050986051,4.5810786435786435,24.804741554741554,15.795889295889296,2.6565934065934065,6.2592592592592595,6.037868381618382,5.455437309603976,10.09324294532628,4.268099647266314,6.546058802308802,6.9999338624338625,2.013888888888889,1.9937169312169312,22.624570105820105,14.506295093795094,3.9127674680983504,9.21931216931217,2.16820987654321,1.7999338624338623,5.761574074074074,4.015046296296297,3.7980599647266313,0.8358134920634921,3.745791245791246,0.33333333333333337,17.437904687904688,1.923882747543462,2.2319223985890653,2.85981240981241,0.6296296296296297,1.287037037037037,8.294871101121101,0.3773148148148148,0.22864701436130005,2.451388888888889,1.0714285714285714,6.680555555555555,1.0324074074074074,0.0,1.6296296296296295,1.6588514109347443,4.571548821548822,0.33459595959595956,0.0,0.3819444444444445,4.058712121212121,0.20833333333333331,0.2777777777777778,1.7755647130647132,2.016508954008954,1.4444444444444444,0.0,2.8819444444444446,0.0,0.0,0.0,0.20391414141414144,1.6435185185185186,0.0,0.0,3.5416666666666665,0.8974476911976912,0.5555555555555556,0.6828703703703703,0.0,0.360969387755102,0.0,1.0578703703703705,0.0,0.48611111111111116,0.0,5.298015873015873,0.47089947089947093,0.0,0.0,1.1805555555555556,2.5493506493506493,0.0,0.22222222222222224,0.8229166666666667,0.0,0.0,0.0,4.946869488536155,0.5555555555555556,0.0,0.0,0.21666666666666667,2.4089315776815776,1.5046296296296295,1.2401695526695526,5.578235653235653,0.4298941798941799,0.0,0.7665343915343915,1.902777777777778,9.583333333333334,0.2962962962962963,0.5833333333333334,0.0,0.20833333333333331,2.2972883597883595,0.6489748677248677,1.2662037037037037,1.8402777777777777,0.6402777777777777,0.0,0.0,0.3888888888888889,0.7718253968253967,0.0,0.0,1.7898809523809525,2.627645502645503,0.5423280423280423,0.0,0.5654761904761905,0.0,1.1342592592592593,0.5462962962962963,0.5555555555555556,8.29770807895808,5.436067019400353,0.627104377104377,2.678240740740741,0.7662037037037037,0.9790013227513227,0.2777777777777778,1.1984126984126984,0.0,0.0,0.9618055555555556,0.0,0.0,0.0,0.20370370370370372,0.0,0.0,0.7214045214045214,0.9887566137566137,0.0,0.0,0.8078703703703703,0.0,0.0,0.0,0.0,0.0,0.5555555555555556,0.0,0.0,0.0,0.7361111111111112,0.0,0.0,0.2777777777777778,0.0,1.25,0.0,0.32407407407407407,0.0,0.0,0.7575757575757576,0.0,0.0,0.0,0.0,0.0,0.9273504273504274,0.0,0.0,0.7777777777777778,0.0,0.0,0.0,0.23148148148148148,0.7142857142857142,0.0,0.0,0.6616809116809117,0.0,0.0,0.0,0.0
31.60565226462898,12.266959275292608,22.544758019758017,14.963504088504088,23.419816294816293,24.981923830138115,20.57455391830392,8.440506253006253,7.415392015392015,11.738087722462723,4.765873015873016,5.285732323232323,0.7469035594035593,9.143994508577842,11.926388888888889,6.600986050986051,4.5810786435786435,15.438359788359788,2.6361670736670737,2.6565934065934065,6.2592592592592595,6.662868381618382,7.49908810325477,10.09324294532628,3.7125440917107584,5.927011183261183,6.1666005291005295,3.6805555555555554,1.9937169312169312,22.624570105820105,14.506295093795094,3.9127674680983504,10.052645502645502,2.16820987654321,1.7999338624338623,4.789351851851852,4.327546296296297,3.7147266313932983,1.5500992063492063,3.745791245791246,0.33333333333333337,14.937904687904688,1.923882747543462,2.2319223985890653,2.23481240981241,0.6296296296296297,0.4537037037037037,8.294871101121101,0.3773148148148148,0.22864701436130005,2.451388888888889,3.258928571428571,6.680555555555555,1.0324074074074074,0.0,1.6296296296296295,1.6588514109347443,4.583453583453584,0.33459595959595956,0.0,0.3819444444444445,4.058712121212121,0.20833333333333331,0.2777777777777778,1.7755647130647132,2.016508954008954,0.2777777777777778,0.0,2.8819444444444446,0.0,0.0,0.0,0.20391414141414144,1.3657407407407407,0.0,0.0,3.5416666666666665,0.7459325396825397,0.5555555555555556,0.6828703703703703,0.0,0.360969387755102,0.0,2.3912037037037037,0.0,0.48611111111111116,0.21574074074074073,4.881349206349206,0.47089947089947093,0.0,0.0,1.1805555555555556,2.5493506493506493,5.138888888888888,0.22222222222222224,0.8229166666666667,0.0,0.0,0.0,4.25242504409171,0.5555555555555556,0.0,0.0,0.21666666666666667,2.2005982443482446,1.5046296296296295,0.823502886002886,5.578235653235653,0.4298941798941799,0.0,0.7665343915343915,1.902777777777778,9.791666666666666,0.2962962962962963,0.5833333333333334,0.0,0.0,2.178240740740741,0.6489748677248677,1.2662037037037037,1.8402777777777777,0.6402777777777777,0.0,0.0,0.3888888888888889,0.7718253968253967,0.0,0.0,1.7898809523809525,2.627645502645503,0.5423280423280423,0.0,0.5654761904761905,0.0,1.1342592592592593,0.5462962962962963,0.5555555555555556,7.360208078958079,5.436067019400353,0.627104377104377,2.4699074074074074,0.7662037037037037,0.9790013227513227,0.2777777777777778,1.1984126984126984,0.0,0.0,0.9618055555555556,0.0,0.0,0.0,0.5608465608465608,0.0,0.3571428571428571,0.7214045214045214,0.9887566137566137,0.0,0.0,0.8078703703703703,0.0,0.0,0.0,0.0,0.0,0.5555555555555556,0.0,0.0,0.0,0.7361111111111112,0.0,0.0,0.2777777777777778,0.0,0.0,0.0,0.32407407407407407,0.0,0.0,0.7575757575757576,0.0,0.0,0.0,0.0,0.0,0.9273504273504274,0.0,0.0,0.7777777777777778,0.0,0.0,0.0,0.23148148148148148,0.7142857142857142,0.0,0.0,0.6616809116809117,0.0,0.0,0.0,0.0
19.8734709022209,13.087454975579975,3.430655174405174,11.726883903133903,6.065882173382173,5.967763278388278,2.1838980463980464,4.964206349206349,4.480925671550671,9.049803526053525,0.9127480158730159,18.5943853021978,2.959065934065934,4.693962563337563,2.994405525030525,14.135545634920636,12.926675824175824,2.4827480158730157,0.5452628968253969,1.533068147130647,2.390426587301587,6.654108669108669,3.8976149776149773,2.4829326923076924,7.659718337218337,23.286009996947495,1.692718253968254,3.908096764346764,2.1969815254190252,2.335138195138195,4.542147435897435,4.091830738705739,1.9934065934065934,5.129350198412698,2.896971153846154,1.0285149572649572,0.8118551587301587,7.822028769841269,2.502938415750916,3.6885206807081805,2.137171855921856,0.0,0.0,0.35622710622710624,0.0,0.5712950244200243,0.0,0.3084134615384615,4.0005933302808305,2.5588576007326007,0.6077686202686202,4.63065349002849,0.0,0.6288141025641025,4.981019917582417,4.186351114163614,1.1359249084249083,0.0,4.004806547619047,0.315892094017094,0.49428037240537237,0.23821924603174605,0.2914300976800977,1.8979552045177046,0.0,0.0,0.0,0.2564102564102564,0.0,0.2622767857142857,0.5750457875457875,0.275,1.1753968253968254,0.21770833333333334,0.2673611111111111,3.1373242266992265,0.0,0.35,0.0,0.0,1.3963541666666666,1.101686507936508,2.05250296000296,0.4769345238095238,0.882688492063492,0.0,0.0,0.0,1.6807844932844933,0.3383279914529915,0.390625,0.0,0.0,0.0,0.2777777777777778,1.005406746031746,0.5908333333333333,0.0,0.5039930555555555,0.0,0.0,0.0,0.770436507936508,0.0,0.0,0.0,0.5694673382173382,0.0,0.0,0.2361111111111111,0.0,0.0,0.0,0.0,1.4146825396825398,0.0,0.5282837301587301,0.0,0.0,0.0,0.0,0.0,0.0,0.0,0.0,0.6073069291819292,0.0,0.4117483211233211,0.0,0.0,0.0,1.0094551282051283,0.0,0.0,0.0,0.0,0.0,0.0,0.0,0.0,0.0,0.0,0.0,0.0,0.3855406746031746,0.3171626984126984,0.0,0.0,0.0,0.0,0.0,0.0,0.0,0.3721230158730159,0.0,0.0,0.0,0.26666666666666666,0.0,0.0,0.0,0.25605921855921854,0.4123263888888889,0.0,0.0,0.0,0.0,0.0,0.0,0.0,0.0,0.0,0.0,0.0,0.0,0.0,0.7135416666666666,0.9861912393162393,0.0,0.0,0.0,0.0,0.0,0.0,0.0,0.0,0.0,0.0,0.0,0.0,0.0,0.0,0.0,0.0,0.0,0.0,0.0,0.0,0.0,0.670400641025641
17.55984477124183,3.0727124183006533,6.071282679738562,2.133986928104575,2.443831699346405,2.411764705882353,12.788602941176471,4.563112745098039,1.6470588235294117,0.8623366013071896,0.2303921568627451,2.5313725490196077,0.6811683006535948,2.340754357298475,1.222222222222222,0.23039215686274508,2.702614379084967,1.9923066448801743,0.8954248366013072,1.6862745098039216,1.9428104575163399,0.5702614379084967,0.6879084967320261,0.32352941176470584,3.3209150326797388,0.29313725490196074,0.3872549019607843,1.3423202614379084,0.0,3.3727124183006536,0.22058823529411764,0.46078431372549017,0.0,0.8333333333333333,0.5055555555555555,0.43790849673202614,0.0,0.3715277777777778,0.0,0.0,0.0,0.687908496732026,0.25,0.0,0.9248366013071896,0.0,0.5580065359477124,0.0,0.0,0.0,0.0,0.0,0.0,0.0,0.0,0.0,0.2916666666666667,1.4485294117647058,0.0,0.0,0.0,0.0,0.0,0.0,0.0,0.0,0.0,0.0,1.6666666666666665,0.0,0.0,0.5441176470588235,0.0,0.0,0.0,0.0,1.2892156862745097,0.24019607843137253,0.0,0.0,0.0,0.0,0.0,0.0,0.0,0.0,0.0,0.0,0.0,0.0,0.0,0.0,0.0,0.0,0.0,0.0,0.0,0.0,0.0,0.0,0.0,0.0,0.0,0.0,0.0,0.24019607843137253,0.0,0.0,0.0,0.0,0.5555555555555556,0.0,0.0,0.0,0.0,0.0,0.0,0.0,0.0,0.0,0.0,0.0,0.0,0.0,0.9999999999999999,0.0,0.0,0.0,0.0,0.0,0.0,0.0,0.0,0.0,0.0,0.0,0.0,0.0,0.0,0.0,0.0,0.0,0.0,0.0,0.0,0.0,0.0,0.0,0.0,0.0,0.0,0.0,0.0,0.0,0.0,0.0,0.0,0.0,0.41666666666666663,0.0,0.0,0.0,0.0,0.0,0.0,0.0,0.0,0.0,0.0,0.0,0.0,0.0,0.0,0.0,0.0,0.0,0.0,0.0,0.0,0.0,0.0,0.0,0.0,0.0,0.0,0.0,0.0,0.0,0.0,0.0,0.0,0.0,0.0,0.0,0.0,0.0,0.0,0.0,0.0,0.0
15.115400326797385,4.322712418300654,6.4879493464052285,1.3006535947712419,1.6104983660130718,1.0784313725490196,2.5386029411764706,3.202001633986928,1.1609477124183005,0.8623366013071896,0.2303921568627451,3.7813725490196077,0.6811683006535948,1.0074210239651415,1.2777777777777777,0.23039215686274508,1.869281045751634,3.2423066448801743,0.8954248366013072,1.0196078431372548,1.6928104575163399,0.5702614379084967,0.6879084967320261,0.32352941176470584,1.7375816993464053,0.29313725490196074,1.6372549019607843,0.4256535947712418,0.0,5.872712418300654,0.22058823529411764,0.46078431372549017,0.0,1.25,0.5055555555555555,0.43790849673202614,0.0,0.3715277777777778,0.0,0.0,0.0,0.27124183006535946,0.6666666666666666,0.0,0.42483660130718953,0.0,0.5580065359477124,0.0,0.0,0.0,0.0,0.0,0.0,0.0,0.0,0.0,0.0,0.8235294117647058,0.0,0.0,0.0,0.0,0.0,0.0,0.0,0.0,0.0,0.0,0.0,0.0,0.0,0.5441176470588235,0.0,0.0,0.0,0.0,0.7892156862745098,0.24019607843137253,0.0,0.0,0.0,0.0,0.0,0.0,0.0,0.0,0.0,0.0,0.0,0.0,0.0,0.0,0.0,0.0,0.0,0.0,0.0,0.0,0.0,0.0,0.0,0.0,0.0,0.0,0.0,1.4901960784313726,0.0,0.0,0.0,0.0,0.0,0.0,0.0,0.0,0.0,0.0,0.0,0.0,0.0,0.0,0.0,1.25,0.0,0.0,0.0,0.0,0.0,0.0,0.0,0.0,0.0,0.0,0.0,0.0,0.0,0.0,0.0,0.0,0.0,0.0,0.0,0.0,0.0,0.0,0.0,0.0,0.0,0.0,0.0,0.0,0.0,0.0,0.0,0.0,0.0,0.0,0.0,0.0,0.0,0.0,0.0,0.0,0.0,0.0,0.0,0.0,0.0,0.0,0.0,0.0,0.0,0.0,0.0,0.0,0.0,0.0,0.0,0.0,0.0,0.0,0.0,0.0,0.0,0.0,0.0,0.0,0.0,0.0,0.0,0.0,0.0,0.0,0.0,0.0,0.0,0.0,0.0,0.0,0.0,0.0
47.61805767015463,20.8046918767507,8.309375,74.19175207961972,50.53216911764706,113.47732843137254,17.001509978991596,9.684436274509803,18.46612394957983,42.34600601604278,3.532475490196078,37.3907139939309,0.20526960784313725,30.627604166666664,14.59201388888889,1.1174242424242424,0.0,35.125,71.640625,0.0,3.3275462962962963,4.942708333333333,1.4877450980392157,0.0,0.3333333333333333,8.333333333333332,0.0,6.03702731092437,0.0,10.428571428571427,3.7513706140350878,0.7843137254901961,4.791666666666666,0.34375,0.0,0.65625,0.0,0.0,0.0,0.8333333333333333,0.0,24.007798573975045,0.0,0.0,5.568668300653594,1.0784313725490196,0.0,0.5253482972136223,0.0,0.0,0.8333333333333333,1.6666666666666665,2.651654411764706,0.0,0.0,0.0,0.0,0.0,0.0,0.0,0.0,0.0,0.0,0.0,1.5441176470588234,0.5055147058823529,0.0,0.0,16.11111111111111,0.0,0.0,0.0,0.0,6.871936274509804,0.0,0.0,21.839460784313726,0.0,0.0,0.5,0.0,0.0,0.0,0.0,0.0,0.546875,0.0,0.0,0.0,0.0,0.0,0.0,0.8333333333333333,0.0,0.0,0.0,0.0,0.0,0.0,0.0,0.0,0.0,0.0,0.0,0.0,0.5390625,0.0,0.0,0.0,0.0,0.0,0.0,15.487336601307188,0.0,0.0,0.0,0.0,19.63392857142857,0.0,7.886642156862745,0.5,3.046875,0.0,0.0,0.0,0.0,0.0,0.0,2.357142857142857,8.568014705882353,1.875,0.0,0.0,0.0,0.0,0.0,1.6666666666666665,1.3982371794871795,0.0,0.0,4.166666666666666,0.0,0.0,0.7130055147058824,0.0,0.0,0.0,0.0,0.0,0.0,0.0,0.0,0.0,0.0,9.193544292717087,0.0,0.0,0.0,2.536764705882353,0.0,0.0,0.0,0.0,2.2916666666666665,0.0,0.0,0.0,0.0,0.0,0.0,0.45343137254901955,6.8081825657894735,0.0,0.0,0.0,0.0,0.0,0.0,0.0,0.0,0.0,0.0,0.0,0.0,0.0,0.0,0.0,0.0,0.0,0.0,0.0,0.0,0.0,0.0,0.0,0.8333333333333333,0.0,0.0,0.22135416666666666,0.0
5.0474407870377425,0.9856442577030812,7.682291666666666,1.2098797852474323,1.402704831932773,1.5449304721888755,1.5521052170868348,2.0877100840336134,0.37683823529411764,1.6398371848739495,0.9283088235294117,2.191110819327731,0.29455532212885155,0.5859375,0.0,0.0,0.0,0.6875,0.984375,0.7291666666666666,0.20254629629629628,0.23288690476190477,0.0,0.0,0.0,0.625,0.0,0.2870273109243697,0.0,0.0,0.20970394736842105,0.36764705882352944,0.0,0.34375,0.0,0.0,0.0,0.0,0.0,0.0,0.0,1.0015756302521008,0.235969387755102,0.0,0.44406512605042014,0.2450980392156863,0.0,0.6146340114993366,0.0,0.0,0.0,0.0,0.24094012605042014,0.0,0.0,0.0,0.0,0.0,0.0,0.0,0.0,0.0,0.0,0.0,0.29411764705882354,0.0,0.0,0.0,0.0,0.0,0.0,0.0,0.0,0.20526960784313725,0.0,0.0,0.21446078431372548,0.0,0.0,0.0,0.0,0.0,0.0,0.0,0.0,0.546875,0.0,0.0,0.0,0.0,0.0,0.0,0.0,0.0,0.0,0.0,0.0,0.0,0.0,0.0,0.0,0.0,0.0,0.0,0.21303834033613445,0.0,0.0,0.0,0.33364661654135336,0.0,0.0,0.0,0.0,0.0,0.0,0.0,0.0,0.0,0.0,0.3033088235294118,0.0,0.0,0.0,0.0,0.0,0.0,0.0,0.0,0.0,1.4846813725490196,0.0,0.0,0.0,0.0,0.0,0.0,0.0,0.25240384615384615,0.0,0.0,0.0,0.0,0.0,0.0,0.0,0.0,0.0,0.0,0.0,0.0,0.0,0.0,0.0,0.0,0.0,0.0,0.0,0.0,0.0,0.0,0.0,0.0,0.0,0.0,0.0,0.0,0.0,0.0,0.0,0.0,0.0,0.0,0.0,0.0,0.0,0.0,0.0,0.0,0.0,0.0,0.0,0.0,0.0,0.0,0.0,0.0,0.0,0.0,0.0,0.0,0.0,0.0,0.7142857142857142,0.0,0.0,0.0,0.0,0.0,0.22135416666666666,0.0
0.4605263157894737,0.0,0.0,0.0,0.0,0.0,0.0,0.0,0.0,0.0,0.0,0.0,0.0,0.0,0.0,0.0,0.0,0.0,0.0,0.0,0.0,0.0,0.0,0.0,0.0,0.0,0.0,0.0,0.0,0.0,0.0,0.0,0.0,0.0,0.0,0.0,0.0,0.0,0.0,0.0,0.0,0.0,0.0,0.0,0.0,0.0,0.0,0.0,0.0,0.0,0.0,0.0,0.0,0.0,0.0,0.0,0.0,0.0,0.0,0.0,0.0,0.0,0.0,0.0,0.0,0.0,0.0,0.0,0.0,0.0,0.0,0.0,0.0,0.0,0.0,0.0,0.0,0.0,0.0,0.0,0.0,0.0,0.0,0.0,0.0,0.0,0.0,0.0,0.0,0.0,0.0,0.0,0.0,0.0,0.0,0.0,0.0,0.0,0.0,0.0,0.0,0.0,0.0,0.0,0.0,0.0,0.0,0.0,0.0,0.0,0.0,0.0,0.0,0.0,0.0,0.0,0.0,0.0,0.0,0.0,0.0,0.0,0.0,0.0,0.0,0.0,0.0,0.0,0.0,0.0,0.0,0.0,0.0,0.0,0.0,0.0,0.0,0.0,0.0,0.0,0.0,0.0,0.0,0.0,0.0,0.0,0.0,0.0,0.0,0.0,0.0,0.0,0.0,0.0,0.0,0.0,0.0,0.0,0.0,0.0,0.0,0.0,0.0,0.0,0.0,0.0,0.0,0.0,0.0,0.0,0.0,0.0,0.0,0.0,0.0,0.0,0.0,0.0,0.0,0.0,0.0,0.0,0.0,0.0,0.0,0.0,0.0,0.0,0.0,0.0,0.0,0.0,0.0,0.0,0.0,0.0,0.0,0.0,0.0,0.0
0.856359649122807,0.0,0.0,0.0,0.0,0.0,0.0,0.0,0.0,1.119047619047619,0.0,0.0,0.0,0.0,0.0,0.0,0.0,0.0,0.0,0.0,0.0,0.0,0.0,0.0,0.0,0.0,0.0,0.0,0.0,0.0,0.0,0.0,0.0,0.0,0.0,0.0,0.0,0.0,0.0,0.4904100529100529,0.0,0.0,0.0,0.0,0.0,0.0,0.0,0.0,0.0,0.0,0.0,0.0,0.0,0.0,0.0,0.0,0.0,0.0,0.0,0.0,0.0,0.0,0.0,0.0,0.0,0.0,0.0,0.0,0.0,0.0,0.0,0.0,0.0,0.0,0.0,0.0,0.0,0.0,0.0,0.0,0.0,0.0,0.0,0.0,0.0,0.0,0.0,0.0,0.0,0.0,0.0,0.0,0.0,0.0,0.0,0.0,0.0,0.0,0.0,0.0,0.0,0.0,0.0,0.0,0.0,0.0,0.0,0.0,0.0,0.0,0.0,0.0,0.0,0.0,0.0,0.0,0.0,0.0,0.0,0.0,0.0,0.0,0.0,0.0,0.0,0.0,0.0,0.0,0.0,0.0,0.0,0.0,0.0,0.0,0.0,0.0,0.0,0.0,0.0,0.0,0.0,0.0,0.0,0.0,0.0,0.0,0.0,0.0,0.0,0.0,0.0,0.0,0.0,0.0,0.0,0.0,0.0,0.0,0.0,0.0,0.0,0.0,0.0,0.0,0.0,0.0,0.0,0.0,0.0,0.0,0.0,0.0,0.0,0.0,0.0,0.0,0.0,0.0,0.0,0.0,0.0,0.0,0.0,0.0,0.0,0.0,0.0,0.0,0.0,0.0,0.0,0.0,0.0,0.0,0.0,0.0,0.0,0.0,0.0,0.0
0.4605263157894737,0.0,0.0,0.0,0.0,0.0,0.0,0.0,0.0,0.0,0.0,0.0,0.0,0.0,0.0,0.0,0.0,0.0,0.0,0.0,0.0,0.0,0.0,0.0,0.0,0.0,0.0,0.0,0.0,0.0,0.0,0.0,0.0,0.0,0.0,0.0,0.0,0.0,0.0,0.0,0.0,0.0,0.0,0.0,0.0,0.0,0.0,0.0,0.0,0.0,0.0,0.0,0.0,0.0,0.0,0.0,0.0,0.0,0.0,0.0,0.0,0.0,0.0,0.0,0.0,0.0,0.0,0.0,0.0,0.0,0.0,0.0,0.0,0.0,0.0,0.0,0.0,0.0,0.0,0.0,0.0,0.0,0.0,0.0,0.0,0.0,0.0,0.0,0.0,0.0,0.0,0.0,0.0,0.0,0.0,0.0,0.0,0.0,0.0,0.0,0.0,0.0,0.0,0.0,0.0,0.0,0.0,0.0,0.0,0.0,0.0,0.0,0.0,0.0,0.0,0.0,0.0,0.0,0.0,0.0,0.0,0.0,0.0,0.0,0.0,0.0,0.0,0.0,0.0,0.0,0.0,0.0,0.0,0.0,0.0,0.0,0.0,0.0,0.0,0.0,0.0,0.0,0.0,0.0,0.0,0.0,0.0,0.0,0.0,0.0,0.0,0.0,0.0,0.0,0.0,0.0,0.0,0.0,0.0,0.0,0.0,0.0,0.0,0.0,0.0,0.0,0.0,0.0,0.0,0.0,0.0,0.0,0.0,0.0,0.0,0.0,0.0,0.0,0.0,0.0,0.0,0.0,0.0,0.0,0.0,0.0,0.0,0.0,0.0,0.0,0.0,0.0,0.0,0.0,0.0,0.0,0.0,0.0,0.0,0.0
19.8734709022209,13.087454975579975,3.430655174405174,11.726883903133903,6.065882173382173,5.967763278388278,2.1838980463980464,4.964206349206349,4.480925671550671,9.049803526053525,0.9127480158730159,18.5943853021978,2.8548992673992672,4.693962563337563,2.994405525030525,14.135545634920636,12.926675824175824,2.4827480158730157,0.5452628968253969,1.533068147130647,2.390426587301587,6.654108669108669,3.8976149776149773,2.4829326923076924,7.659718337218337,23.286009996947495,1.692718253968254,3.8039300976800976,2.1969815254190252,2.335138195138195,4.542147435897435,4.091830738705739,1.9934065934065934,5.129350198412698,2.896971153846154,1.0285149572649572,0.8118551587301587,7.197028769841269,2.502938415750916,1.1885206807081807,2.137171855921856,0.0,0.0,0.35622710622710624,0.0,0.5712950244200243,0.0,0.3084134615384615,4.0005933302808305,2.5588576007326007,0.6077686202686202,4.63065349002849,0.0,0.6288141025641025,4.981019917582417,4.186351114163614,1.1359249084249083,0.0,4.004806547619047,0.315892094017094,0.49428037240537237,0.23821924603174605,0.2914300976800977,1.8979552045177046,0.0,0.0,0.0,0.2564102564102564,0.0,0.2622767857142857,0.5750457875457875,0.275,1.1753968253968254,0.21770833333333334,0.2673611111111111,3.1373242266992265,0.0,0.35,0.0,0.0,1.3963541666666666,1.101686507936508,2.05250296000296,0.4769345238095238,0.882688492063492,0.0,0.0,0.0,1.6807844932844933,0.3383279914529915,0.390625,0.0,0.0,0.0,0.2777777777777778,1.005406746031746,0.5908333333333333,0.0,0.5039930555555555,0.0,0.0,0.0,0.770436507936508,0.0,0.0,0.0,0.5694673382173382,0.0,0.0,0.2361111111111111,0.0,0.0,0.0,0.0,1.4146825396825398,0.0,0.5282837301587301,0.0,0.0,0.0,0.0,0.0,0.0,0.0,0.0,0.6073069291819292,0.0,0.4117483211233211,0.0,0.0,0.0,1.0094551282051283,0.0,0.0,0.0,0.0,0.0,0.0,0.0,0.0,0.0,0.0,0.0,0.0,0.3855406746031746,0.3171626984126984,0.0,0.0,0.0,0.0,0.0,0.0,0.0,0.3721230158730159,0.0,0.0,0.0,0.26666666666666666,0.0,0.0,0.0,0.25605921855921854,0.4123263888888889,0.0,0.0,0.0,0.0,0.0,0.0,0.0,0.0,0.0,0.0,0.0,0.0,0.0,0.7135416666666666,0.9861912393162393,0.0,0.0,0.0,0.0,0.0,0.0,0.0,0.0,0.0,0.0,0.0,0.0,0.0,0.0,0.0,0.0,0.0,0.0,0.0,0.0,0.0,0.670400641025641
67.06724986418864,14.645739464617016,6.167651251834926,7.436558551992225,4.328901257472686,4.176718901846453,7.576773566569485,6.823615160349854,5.386763038548753,4.311878387133489,1.1807580174927113,5.10671768707483,0.2730364873222016,0.6288239976715366,0.2504086050004417,1.9274376417233559,14.88301381158524,5.817662779397473,1.3510386297376091,0.2942986718496923,0.7603862973760933,0.6383219954648526,5.522197096176687,1.5539965986394557,2.664940218511647,2.4544773537120474,0.21683673469387757,3.34157537473864,1.139345348529022,0.2551020408163265,1.5051020408163265,0.8865605766115969,0.4342808551992225,0.0,1.5628561489530877,0.0,0.22151360544217685,1.0756802721088434,1.6375526401036604,8.38842322643343,0.21331389698736636,0.51828231292517,0.0,2.607728156197544,0.0,2.120748299319728,0.0,3.194444444444444,0.0,0.21080336896663426,0.0,0.8018707482993197,1.5397230320699709,0.2757531584062196,0.47398180051241273,0.9268707482993197,2.5510204081632653,7.083333333333333,0.282415996701711,1.3083090379008746,0.4094387755102041,2.630466472303207,0.0,0.7969104308390023,0.0,0.0,0.0,0.0,0.0,1.0119047619047619,0.46768707482993194,0.0,1.4322157434402332,0.0,0.8843537414965985,0.0,0.0,0.0,0.5178571428571428,3.1760204081632653,0.0,0.2636054421768707,2.9802036199095023,0.6944444444444444,0.0,0.0,2.9889455782312924,0.8843537414965985,0.0,0.0,0.521865889212828,0.0,2.3809523809523805,1.3253158406219632,0.9268707482993197,0.6986961451247165,0.23809523809523808,0.0,0.0,0.2465986394557823,1.681547619047619,0.0,1.3888888888888888,0.0,0.0,0.0,0.0,0.0,2.2916666666666665,0.9962342079689017,1.25,1.3679138321995463,0.0,0.34410430839002265,0.4974489795918367,0.3784013605442177,0.0,0.0,0.0,0.0,0.0,0.0,0.7937023294166151,0.0,0.0,0.0,0.4499716553287982,0.0,0.0,0.0,0.0,2.873015873015873,0.0,0.0,0.0,0.0,0.8333333333333333,0.0,0.0,0.0,0.0,0.0,0.0,0.0,0.0,0.0,0.0,0.0,0.0,0.0,0.0,0.0,0.0,0.0,0.0,0.0,0.0,0.0,0.0,0.6069808875931324,0.0,1.758989310009718,0.625,0.0,0.0,0.913649983803045,0.0,0.0,0.0,0.0,0.0,0.514069264069264,0.0,1.2413346290897311,0.0,0.29691043083900226,0.0,0.5199222546161322,0.0,0.0,0.0,3.2738095238095237,0.0,0.0,1.1428571428571428,1.7488662131519273,0.0,0.8333333333333333,0.0,1.5972222222222223,0.0,0.0,0.0,0.0,0.0,0.0,2.9608585858585856,0.0,0.0,0.4015924551638837
31.041168137644853,12.600292608625942,22.128091353091353,10.901004088504088,24.25314962814963,29.56525716347145,18.768998362748363,7.940506253006253,7.415392015392015,11.738087722462723,4.765873015873016,5.285732323232323,0.7469035594035593,9.143994508577842,11.926388888888889,6.600986050986051,4.5810786435786435,14.100859788359788,13.886167073667073,2.6565934065934065,6.2592592592592595,6.037868381618382,5.03877064293731,10.09324294532628,3.7125440917107584,6.552011183261183,6.1666005291005295,2.013888888888889,1.9937169312169312,22.624570105820105,14.506295093795094,3.9127674680983504,7.552645502645503,2.16820987654321,1.7999338624338623,4.789351851851852,4.015046296296297,3.7147266313932983,0.8358134920634921,3.745791245791246,0.33333333333333337,14.937904687904688,1.923882747543462,2.2319223985890653,2.23481240981241,0.6296296296296297,0.4537037037037037,8.294871101121101,0.3773148148148148,0.22864701436130005,1.8263888888888888,1.0714285714285714,6.680555555555555,1.0324074074074074,0.0,1.6296296296296295,1.6588514109347443,3.779882154882155,0.33459595959595956,0.0,0.3819444444444445,4.058712121212121,0.20833333333333331,0.2777777777777778,1.7755647130647132,2.016508954008954,0.2777777777777778,0.0,2.8819444444444446,0.0,0.0,0.0,0.20391414141414144,1.3657407407407407,0.0,0.0,3.5416666666666665,0.7459325396825397,0.5555555555555556,6.93287037037037,0.0,0.360969387755102,0.0,1.0578703703703705,0.0,0.48611111111111116,0.0,4.881349206349206,0.47089947089947093,0.0,0.0,1.1805555555555556,2.5493506493506493,0.0,0.22222222222222224,0.8229166666666667,0.0,0.0,0.0,4.25242504409171,0.5555555555555556,0.0,0.0,0.21666666666666667,2.2005982443482446,1.5046296296296295,0.823502886002886,5.578235653235653,0.4298941798941799,0.0,0.7665343915343915,1.902777777777778,9.270833333333334,0.2962962962962963,0.5833333333333334,0.0,0.0,2.803240740740741,0.6489748677248677,1.2662037037037037,1.8402777777777777,0.6402777777777777,0.0,0.0,0.3888888888888889,0.7718253968253967,0.0,0.0,1.7898809523809525,2.627645502645503,0.5423280423280423,0.0,0.5654761904761905,0.0,1.1342592592592593,0.5462962962962963,0.5555555555555556,7.360208078958079,5.436067019400353,0.627104377104377,2.4699074074074074,0.7662037037037037,0.9790013227513227,0.2777777777777778,1.1984126984126984,0.0,0.0,0.9618055555555556,0.0,0.0,0.0,0.20370370370370372,0.0,0.0,0.7214045214045214,0.9887566137566137,0.0,0.0,0.8078703703703703,0.0,0.0,0.0,0.0,0.0,0.5555555555555556,0.0,0.0,0.0,1.3611111111111112,0.0,0.0,0.2777777777777778,0.0,0.0,0.0,0.32407407407407407,0.0,0.0,0.7575757575757576,0.0,0.0,0.0,0.0,0.0,0.9273504273504274,0.0,0.0,0.7777777777777778,0.0,0.0,0.0,0.23148148148148148,0.7142857142857142,0.0,0.0,0.6616809116809117,0.0,0.0,0.0,0.0
86.74920080671822,30.498751248751248,16.677083333333332,5.238399621212121,39.40687957875458,15.610491071428571,11.986843885281385,11.447916666666666,22.147241647241646,14.12202380952381,3.132407407407407,22.15880647130647,22.18923611111111,14.546354166666667,6.274080086580087,19.741319444444443,13.354166666666666,4.971200980392157,20.17063492063492,13.861216329966329,13.676923076923076,11.818722943722943,14.299999999999999,6.0447885447885445,10.687003968253968,7.365079365079365,8.474984217171716,13.399305555555555,25.219155844155843,0.0,11.187354312354312,14.000496031746032,7.253787878787879,20.85300925925926,8.808324391359415,2.2222222222222223,2.5,0.3125,0.0,28.220285076443165,0.37760416666666663,1.6666666666666665,2.4479166666666665,0.0,0.0,4.419642857142857,0.3125,11.302083333333332,0.0,1.2916666666666665,0.41666666666666663,1.9139610389610389,6.614975358422939,1.0416666666666665,0.0,0.576923076923077,0.0,0.0,0.0,0.5,2.5,4.610449735449735,0.0,0.5,2.8571428571428568,2.5,0.0,0.0,4.270833333333333,0.0,1.0714285714285712,0.0,0.25,0.0,0.4196428571428571,11.09040959040959,0.0,0.0,0.0,0.0,0.0,0.625,0.0,0.0,1.25,0.0,0.0,0.0,0.0,0.8697916666666666,0.0,7.903645833333333,0.0,0.0,0.41666666666666663,1.25,0.0,10.260416666666666,0.6666666666666666,0.0,1.2395833333333333,0.0,0.0,0.0,0.0,0.0,0.0,2.6822916666666665,0.0,0.41666666666666663,0.0,0.0,0.0,0.0,1.0476190476190474,1.7222222222222223,0.0,0.0,0.0,0.0,0.0,0.625,0.0,0.7692307692307693,0.0,0.0,1.4772727272727273,0.0,0.0,0.0,7.604166666666667,0.8804563492063492,0.8854166666666666,0.0,0.0,0.3125,0.3571428571428571,0.0,0.0,0.0,1.5625,0.0,0.8333333333333333,0.0,1.25,0.25,0.0,0.0,0.9090909090909092,2.355324074074074,0.0,0.0,0.0,0.8333333333333333,0.0,0.0,0.20833333333333331,1.25,0.3571428571428571,1.6964285714285712,0.0,2.5,0.0,2.5,0.0,0.7142857142857142,0.8390151515151515,0.0,0.0,0.30000000000000004,0.0,0.0,0.0,2.5,0.0,0.41666666666666663,0.0,0.3125,5.0,0.0,0.3571428571428571,0.0,0.0,0.0,0.0,1.1931818181818181,0.5,0.0,0.0,2.8125,0.0,0.0,0.0,0.0,0.2272727272727273,0.0,0.0,0.0,0.0,0.0
11.518909315848092,3.2720020908796417,0.7846546188382922,0.3768994610831345,0.44632549989692843,0.6113779927555437,1.5540462938422122,0.6910394027740966,0.9202226345083487,0.8604724357275377,0.347424684159378,1.4097479901051329,0.38667285095856524,1.1963202269324718,0.2504086050004417,0.9218460111317254,0.7289734075448361,2.166778941013635,0.30937196307094267,0.2942986718496923,0.26038629737609326,0.7140795712224283,2.3925674665470584,0.3039965986394558,0.25819418676561534,0.6066238183585122,0.21683673469387757,1.2582420414053066,0.30601201519568866,0.2551020408163265,0.3687384044526901,0.8865605766115969,0.4342808551992225,0.0,0.9378561489530877,0.0,0.22151360544217685,0.0,0.3875526401036605,1.5134232264334304,0.21331389698736636,0.0,1.5,1.0105059339753217,0.0,0.0,0.0,0.0,0.0,0.21080336896663426,0.0,0.8018707482993197,0.0,0.2757531584062196,0.5876181641487764,0.0,0.0,0.2272727272727273,0.0,0.0,0.0,0.0,0.0,0.0,0.0,0.0,0.0,0.0,0.0,0.29761904761904756,0.0,0.0,2.795852107076597,0.0,0.0,0.0,0.0,0.0,0.5178571428571428,0.0,0.0,0.0,0.0,0.0,0.0,0.0,0.28061224489795916,0.0,0.0,0.0,0.0,0.0,0.20292207792207792,0.4919825072886297,0.0,0.9070294784580499,0.0,0.0,0.0,0.2465986394557823,0.0,0.0,0.0,0.0,0.0,0.0,0.0,0.0,0.0,0.0,0.0,0.0,0.0,0.0,0.0,0.0,0.0,0.0,0.0,0.0,0.0,0.0,0.23814677386105956,0.0,0.0,0.0,0.0,0.0,0.0,0.0,0.0,0.3333333333333333,0.0,0.0,0.0,0.0,0.0,0.0,0.0,0.0,0.0,0.0,0.0,0.0,0.0,0.0,0.0,0.0,0.0,0.0,0.0,0.0,0.0,0.0,0.0,0.0,0.0,0.0,0.0,0.6069808875931324,0.0,0.0,0.0,0.0,0.0,0.0,0.0,0.0,0.0,0.0,0.0,0.0,0.0,0.0,0.0,0.0,0.0,0.0,0.0,0.0,0.0,0.0,0.0,0.0,0.0,0.0,0.0,0.0,0.0,0.0,0.0,0.0,0.0,0.0,0.0,0.0,0.0,0.0,0.0,0.0
44.493872549019606,9.010212418300654,6.515727124183006,4.043709150326797,1.6104983660130718,2.571486928104575,4.250408496732026,7.910334967320261,12.494281045751634,1.8345588235294117,0.2303921568627451,2.665301120448179,1.5492238562091503,2.2574210239651418,0.4444444444444444,1.480392156862745,9.7859477124183,3.5478622004357296,4.645424836601308,1.3321078431372548,1.6928104575163399,0.5702614379084967,0.6879084967320261,0.35130718954248363,2.9875816993464053,0.29313725490196074,0.3872549019607843,0.4256535947712418,0.41666666666666663,3.3727124183006536,0.22058823529411764,1.2941176470588234,0.20833333333333331,2.083333333333333,1.1305555555555555,0.43790849673202614,0.625,0.3715277777777778,0.0,0.0,0.0,5.606063258636788,0.25,0.4404761904761904,0.7373366013071896,0.2777777777777778,0.5580065359477124,0.0,0.0,0.0,0.0,0.0,1.3970588235294117,0.0,0.0,0.0,0.0,0.8235294117647058,0.0,0.0,0.0,0.0,0.0,0.0,0.0,0.0,0.0,0.0,1.6666666666666665,0.0,0.4595588235294118,0.5441176470588235,0.0,0.0,0.0,0.0,0.7892156862745098,0.24019607843137253,0.0,2.5,0.0,0.0,0.0,0.0,0.0,0.0,0.0,0.0,0.0,0.0,0.0,0.0,0.0,0.0,0.0,0.0,0.0,0.0,0.0,0.0,0.0,0.0,0.0,0.0,0.7361111111111112,0.24019607843137253,0.0,0.0,0.5,0.0,0.0,0.0,0.0,0.0,0.0,0.0,0.0,0.0,0.0,0.0,0.0,0.0,0.0,0.3125,0.0,0.0,0.0,0.0,0.0,0.0,0.0,0.0,0.0,0.0,0.0,0.0,0.0,1.25,0.0,0.0,0.0,0.0,0.0,0.0,0.0,0.0,0.0,0.0,0.0,0.0,0.0,0.0,0.0,0.0,0.0,0.0,0.0,0.0,0.41666666666666663,0.25,0.0,0.0,0.0,0.0,0.0,0.0,0.0,0.0,0.0,0.0,0.0,0.8333333333333333,0.0,0.0,0.0,0.0,0.0,0.0,0.0,0.0,0.0,0.0,0.0,1.875,0.0,0.0,0.0,0.0,0.0,0.0,0.0,0.0,0.0,0.0,0.0,0.0,0.0,0.0,0.0,0.0
296.2567654080314,109.60673292105788,91.69650596616852,11.812544288548752,53.505809154687206,105.59915594300422,216.8244577939956,51.31436540527285,49.821207081317375,55.10002007182458,51.60485765061658,15.406100079957355,44.348545169848805,14.782052830601938,54.713505853762626,18.223527712366998,10.649147124011254,59.263085079087155,48.95920546467421,128.91317343592797,74.48400639004186,54.53407963564214,75.11107044046956,39.0931397471576,35.420255587666304,15.557410037878787,27.99980029890744,4.474516369047619,18.413899840239125,5.827876984126984,2.8636621315192743,14.236156204906205,4.1708603896103895,49.81359655969031,19.843384502923975,20.790979426357225,20.936651642008783,30.218335587197192,6.369339923469387,73.48342305635305,0.41489512471655327,7.7702857658214795,6.216163548752834,14.182190205627705,2.75,2.330357142857143,30.033609908609908,0.0,6.317329867553082,15.295262896825397,1.752375429338402,3.725246108058608,105.52910314531857,4.808526295133437,4.122209821428571,13.895709325396824,7.117311507936508,3.5760105965463107,10.406037414965986,7.726934523809524,1.9900412087912087,29.391243357078245,29.919146825396822,3.5657596371882088,0.0,3.246031746031746,9.739861411736412,0.43601190476190477,57.516264985014985,0.7634991496598639,3.18062641723356,9.654533214801072,1.890827922077922,0.0,41.935483385533445,3.652281746031746,0.0,0.28936688311688313,2.7436755952380953,0.9769345238095237,4.872023809523809,20.694196428571427,1.883383151240294,0.321744227994228,15.963311341436341,0.738095238095238,0.22417153996101363,2.0202132936507935,0.36097251400560226,2.836760461760462,4.263326754831286,7.968028499278499,0.0,1.2678571428571428,0.0,9.684895833333332,2.7591371302308803,5.848710317460317,5.8125,2.028409090909091,7.739515692640692,1.569940476190476,17.13711809024309,3.272721215351812,1.0639880952380951,0.0,0.0,2.390781093906094,0.0,0.0,1.9143725198412698,0.3402777777777778,0.3314393939393939,4.00297619047619,0.6240981240981242,2.578125,0.0,0.0,0.0,3.3165391156462585,2.6445191713048857,0.0,0.21577380952380953,19.095508658008658,0.26262626262626265,1.0729166666666665,1.398003472222222,0.33581349206349204,1.0223214285714286,0.0,3.5998475609756095,7.745535714285714,0.8338744588744589,14.472988816738816,1.2761069340016709,0.625,0.20833333333333331,2.5,0.0,0.3888888888888889,0.4025540040577634,0.9196428571428572,1.472718253968254,0.2232142857142857,0.0,0.0,0.0,0.0,0.38690476190476186,19.12140376984127,1.244047619047619,0.8720238095238095,0.7245606575963719,0.0,0.42857142857142855,0.3125,0.794890873015873,0.5,0.47967657342657344,0.0,0.3522727272727273,0.46875,0.0,0.6383928571428571,0.0,0.0,1.5603354978354977,0.234375,0.0,0.904017857142857,0.9077380952380951,0.0,0.2272727272727273,5.580721872082166,0.0,0.0,0.5595238095238095,0.9449404761904762,0.0,0.5680272108843537,1.8973214285714284,0.0,3.020833333333333,0.0,0.0,0.2272727272727273,0.0,0.900297619047619,1.212797619047619,5.383928571428571,0.29563492063492064,0.0,0.0,0.0,0.7738095238095237,0.0,0.555954957740672,2.9166666666666665,0.0,0.5303030303030303
48.2157080878719,12.40784847217344,9.553229104141657,6.380500637755102,15.358185031734138,3.8861814175296985,12.222713422490207,5.234967494460471,2.5071924603174605,6.70847064902516,1.0973107993197277,4.239433413290689,1.037803827857466,3.83797954277865,8.43786647121535,4.604060374149659,0.6530257936507936,7.116803181160524,0.9096602182539681,0.8590608818154126,2.726686507936508,11.269812652625152,7.556929233701622,2.5681335034013606,4.919672837083551,2.464471726190476,4.371206670313813,5.452938988095237,1.1204294217687074,0.4270833333333333,1.217828798185941,1.171626984126984,0.9464285714285714,1.7254520652958152,2.7316017316017316,1.3413457267235251,2.0722434807256236,2.365465078076685,6.235411352040816,20.525800010175008,0.41489512471655327,1.0683557513914657,0.5350356488749346,2.559994692807193,1.25,1.413690476190476,0.9449404761904762,0.0,3.161440617913832,0.7793898809523809,0.5974968112244897,1.1290922619047619,9.6518588618243,0.5963010204081632,0.2353050595238095,0.42348710317460314,4.137152777777778,1.9502551020408163,0.24234693877551017,0.6882440476190476,0.3005952380952381,0.22741759950248755,0.5059523809523809,0.3018707482993197,0.9421502976190476,0.0,0.4575892857142857,0.27976190476190477,0.376984126984127,0.0,0.21187641723356007,0.416843820861678,0.0,0.0,0.21726190476190474,0.0,0.0,0.0,0.7124255952380952,0.0,7.990759240759241,1.021577380952381,3.2508721437292865,0.0,1.7930059523809523,0.0,0.0,0.0,0.21391369047619047,0.7976190476190477,1.3813823103868412,0.29540945165945165,0.0,0.2609126984126984,0.0,1.991443452380952,0.4714387175324675,0.3333333333333333,0.0,0.0,0.0,0.2157738095238095,0.21155753968253965,2.3054593105899075,0.0,0.0,0.0,0.4168227605727606,0.0,0.0,0.0,0.0,0.0,0.6696428571428571,0.3968253968253968,0.0,0.0,0.0,0.0,0.0,0.0,0.0,0.37202380952380953,0.32291666666666663,0.6944444444444444,0.0,0.48828124999999994,0.0,0.0,0.0,0.0,0.0,0.0,0.0,0.0,0.0,0.20833333333333331,1.6666666666666665,1.3185168006596577,0.0,0.0,0.0,0.0,0.0,0.0,0.0,0.0,0.0,0.0,0.27566964285714285,0.0,0.5178571428571429,0.0,0.0,0.0,0.0,0.0,0.0,0.0,0.0,0.0,4.002403846153847,0.0,0.0,0.0,0.9523809523809523,0.9457521645021645,0.234375,0.0,0.0,0.0,0.0,0.0,0.0,0.0,0.0,0.0,0.5282738095238095,0.5,0.0,0.0,0.0,0.625,0.0,0.0,0.0,0.0,0.0,0.0,2.25,0.0,0.0,0.0,0.0,0.0,0.0,0.0,0.3125,0.0,0.0
124.28742784992785,20.208333333333332,15.604587542087542,14.833333333333332,35.40327380952381,24.270833333333332,31.51388888888889,64.1875,7.5,44.351190476190474,6.25,11.458333333333332,7.9017857142857135,21.273809523809526,6.815476190476191,15.032738095238095,67.6547619047619,21.210497835497836,12.25,2.857142857142857,30.416666666666664,16.339285714285715,21.09292328042328,2.5,8.746031746031745,25.916666666666668,10.625,0.0,6.607142857142858,3.333333333333333,2.9166666666666665,0.0,8.833333333333332,6.333333333333333,2.5,1.25,0.41666666666666663,12.65625,2.5,17.708333333333332,0.0,5.979166666666666,2.5,22.095238095238095,3.75,11.25,2.7777777777777777,7.25,13.458333333333332,0.0,0.0,8.125,7.678571428571429,2.2222222222222223,0.0,1.875,0.0,0.0,0.0,6.1875,0.9166666666666666,4.375,0.0,6.160714285714285,1.25,59.166666666666664,0.0,3.75,0.0,2.5,2.5,2.5,58.976190476190474,0.0,5.625,29.583333333333332,3.0,0.0,0.5,2.083333333333333,0.41666666666666663,0.625,7.625,3.333333333333333,0.0,0.0,6.083333333333333,1.25,5.0,0.0,2.5,0.0,0.0,0.0,0.0,1.0,1.0,2.9166666666666665,0.0,0.0,1.2202380952380951,0.0,1.25,7.5,0.0,0.0,0.0,25.876488095238095,0.625,5.982142857142857,0.8125,5.0,1.25,7.5,0.0,0.0,0.0,2.083333333333333,0.0,0.0,12.083333333333332,0.3125,0.0,0.0,1.875,2.5,2.5,0.0,0.5,2.5,0.41666666666666663,0.0,0.0,0.0,0.0,0.0,0.0,0.0,0.0,5.0,0.0,0.0,4.583333333333333,0.0,0.0,3.333333333333333,0.9375,0.0,0.0,0.0,0.0,0.0,0.0,0.41666666666666663,0.0,2.5,0.0,0.0,1.25,2.5,0.0,7.5,0.0,0.0,0.0,0.0,0.0,0.0,0.0,0.0,0.0,0.0,2.5,0.41666666666666663,0.0,0.0,15.0,0.0,0.0,0.0,0.0,0.8333333333333333,0.0,0.0,0.8333333333333333,0.0,0.0,0.0,0.0,1.1805555555555556,0.20833333333333331,0.0,0.625,0.0,0.0,0.0,2.6666666666666665,0.0,0.0,127.77083333333333
20.5518018018018,4.1493110757816645,0.24613899613899612,2.8018018018018016,0.5,5.208333333333333,0.5139961389961389,1.797940797940798,2.7027027027027026,0.0,2.712355212355212,5.033783783783784,0.5,0.0,2.083333333333333,2.5,16.666666666666668,0.38129305776364597,0.0,0.0,6.0,0.0,7.5,3.0,2.5,2.5675675675675675,4.5,0.0,0.0,0.0,0.0,0.625,0.0,0.0,0.0,0.0,0.0,0.9009009009009008,0.0,0.0,0.0,0.0,5.0,2.5,2.5,0.0,2.5,0.0,0.0,0.0,0.0,0.0,0.0,0.0,5.833333333333333,0.0,0.0,0.0,0.0,0.0,0.0,0.0,0.0,0.0,0.0,0.8333333333333333,0.0,0.0,0.0,0.0,0.0,0.0,0.0,0.0,0.0,0.0,0.0,0.0,0.0,0.0,0.0,0.0,0.0,0.0,0.0,0.0,5.833333333333333,0.0,0.0,0.0,0.0,0.0,0.0,0.0,0.0,0.0,0.0,0.0,0.0,0.0,0.0,0.0,0.0,0.0,0.0,0.0,0.0,0.0,0.0,0.0,0.0,0.0,0.0,0.625,0.0,0.0,0.0,0.0,0.0,0.0,0.0,0.0,0.0,0.0,0.0,0.0,0.0,1.25,0.0,0.0,0.0,0.0,0.0,0.0,0.0,0.0,0.0,0.0,0.0,0.0,0.0,0.0,0.0,0.0,0.0,0.0,0.0,0.0,0.0,0.0,0.0,0.0,0.0,0.0,0.0,0.0,0.0,0.0,0.0,0.0,0.0,0.0,0.0,0.0,0.0,0.0,0.0,0.0,0.0,0.0,0.0,0.0,0.0,0.0,0.0,0.0,0.0,0.0,0.0,3.75,0.0,0.0,0.0,0.0,0.0,0.0,0.0,0.0,0.0,0.0,0.0,0.0,0.0,0.0,0.0,0.0,0.0,0.0,0.0,0.0
39.218468468468465,36.232644409115,66.07947232947232,11.274024024024023,23.125,21.458333333333332,29.055662805662806,9.714607464607464,9.36936936936937,27.4268018018018,11.045688545688545,13.783783783783784,0.0,3.75,9.166666666666666,4.583333333333333,10.416666666666666,3.7146263910969792,12.589285714285714,0.0,10.833333333333334,2.5,3.333333333333333,1.6666666666666665,21.666666666666668,1.3175675675675675,0.8333333333333333,11.833333333333334,8.083333333333332,3.333333333333333,1.6666666666666665,2.5,39.220238095238095,1.4285714285714284,8.75,2.5,2.5,2.5675675675675675,0.0,0.0,0.8333333333333333,2.9166666666666665,0.0,0.8333333333333333,5.0,5.0,0.0,0.0,8.75,0.9166666666666666,0.0,0.0,0.8333333333333333,0.0,13.75,0.0,0.0,0.0,0.0,2.5,0.0,0.0,0.0,3.333333333333333,0.0,0.0,0.0,0.0,0.0,0.0,0.0,0.0,0.0,0.0,0.0,0.0,0.0,1.25,0.0,0.0,0.0,6.25,0.0,4.166666666666666,0.0,0.0,2.083333333333333,0.0,0.0,0.0,1.6666666666666665,0.0,0.0,0.0,0.0,0.8333333333333333,0.0,0.0,0.2777777777777778,0.0,0.0,0.0,0.0,0.0,0.41666666666666663,0.0,0.0,1.25,0.0,1.25,0.0,0.0,0.8333333333333333,0.41666666666666663,0.0,0.0,0.0,5.0,1.25,0.0,0.0,0.0,0.0,0.0,0.0,0.0,0.0,0.0,0.0,0.0,0.8333333333333333,0.0,2.5,0.0,0.0,0.0,0.0,0.0,0.0,0.0,0.0,0.0,0.0,1.25,0.0,0.0,2.5,0.0,0.0,0.0,5.0,0.0,2.5,0.0,0.0,0.0,0.0,0.0,0.8333333333333333,0.0,0.0,0.0,0.0,0.41666666666666663,0.0,0.0,0.0,0.0,0.0,0.0,0.0,2.5,0.0,0.0,0.0,0.0,0.0,0.0,0.0,0.0,0.0,0.0,0.0,0.0,0.0,0.0,0.0,0.0,0.0,0.0,0.0,0.0,0.0,0.0,0.0,0.0,0.0,0.0,0.0,0.0
39.311738250816035,32.9003599287249,14.226109923184502,18.588076984017476,20.035533405322216,15.149360132942066,45.992616268632545,34.07160759246718,35.39187793367161,183.53294509838682,28.823523157126097,10.687247441711728,12.722941727973241,21.771012580245774,22.091071834716793,20.621779306905356,7.194517679125522,14.003742957167326,11.637366168689697,45.22081792312885,35.19675462810092,57.679177901930004,2.042839778999281,12.998844673067362,19.08993836909278,11.343224935406216,17.213204350116115,5.616826131384955,47.510956608750725,22.180203933108043,5.181667134802638,4.009575163398693,52.26483624218918,4.471745463142522,4.381716321143842,14.729363753779557,4.166204577647523,9.102294581294055,1.1421630268268923,1.7375307494792789,4.851454427925016,17.121215011645685,42.475408229531126,0.6750349431270484,4.0618494726950605,2.6138074888074887,26.97489825952083,1.2255848707004169,10.064698904037138,8.628948502477915,15.627051897682149,0.9857376283846871,28.101273785136282,2.3337728937728937,1.828681700924348,3.7838177578723795,2.1313371432489077,1.2238095238095237,3.3572255312381363,21.701602384543563,1.0483190434293375,2.3666175436763672,19.4952227643194,3.2221665090537637,2.14461978381096,0.4865646258503401,10.279001745997544,1.2429029304029304,5.376306291747468,0.8849220713926597,8.825672169152561,7.181346620427503,0.3666666666666667,5.225892857142857,0.5614197530864198,6.292635631175547,14.098831683022858,1.7047619047619047,1.9792950513538747,1.1795179738562092,2.554820411070411,2.4758051553954914,2.4128901560624247,1.4668849206349206,3.830674603174603,0.6881257631257631,0.40046296296296297,13.866072307710963,1.853968253968254,2.774859006734007,9.761898656898657,12.629922422069857,0.509090909090909,1.1147825939492606,0.33807488807488806,2.0216274201988487,1.76812641723356,11.680883384692908,1.7434915283129568,0.8405569920275803,0.352891156462585,1.8491379244005295,0.2991666666666667,7.545703653256174,1.5299999999999998,4.192340927824121,1.1753296703296703,2.6387151655534007,0.6503520289234574,0.44673890923890924,2.1103910795087266,1.7943884818884819,0.40756302521008403,0.660832794656324,0.21633986928104573,0.4778711484593838,4.780762304921969,0.0,1.1763152696976227,1.7280982905982907,1.4346802054154995,0.7795833333333333,0.28061224489795916,15.875375766468203,1.1058506736027742,1.2680860805860805,0.3186050061050061,1.7787114845938374,1.2143825073312253,0.3600217864923747,0.6618133729414216,0.0,1.5807264572495665,6.438909119203236,0.8496642246642246,0.2845238095238095,0.0,0.6722096530920061,4.330357142857142,1.006845238095238,1.3034348012709356,0.0,1.510201465201465,0.39354497354497353,0.3833333333333333,0.6321311858076564,2.5206450956450954,1.8793650793650793,0.2705102040816326,0.0,3.9012443438914026,0.0,4.215642006802721,0.0,1.1078027364792071,0.0,1.4884640522875816,2.6243113912231557,0.0,0.0,4.526755368814192,0.0,0.0,2.1296685340802988,0.5322128851540616,0.0,0.0,0.2764423076923077,0.6122064210299504,0.0,1.3783800186741364,0.0,0.0,0.0,0.0,0.5166666666666666,0.0,0.0,0.0,0.7592592592592592,1.420658263305322,0.2367063492063492,0.0,0.8551064656631883,0.0,1.0055555555555555,0.0,0.0,0.26,0.0,0.25833333333333336,0.48194444444444445,0.0,4.21546451914099,1.2395230078563413,0.0,0.0,1.674019607843137,0.0,0.0
16.200436122374896,0.46518390906146007,1.5611697703534437,2.897295731479405,2.9667217702931987,2.4649133462908974,3.826773566569485,1.0319484936831875,3.268707482993197,1.9601227853778873,0.347424684159378,0.3567176870748299,0.2730364873222016,1.6963202269324718,0.2504086050004417,0.8460884353741496,0.5966890252604538,0.4148850016196955,0.30937196307094267,0.2942986718496923,0.8853862973760933,0.6383219954648526,5.1009007998803915,0.3039965986394558,0.25819418676561534,0.0,0.21683673469387757,1.8779001610634263,0.30601201519568866,0.2551020408163265,0.2551020408163265,0.8865605766115969,0.4342808551992225,0.0,0.9378561489530877,0.0,0.22151360544217685,0.0,0.3875526401036605,0.43008989310009715,0.21331389698736636,0.0,0.0,4.119480292949681,0.0,0.0,0.0,0.0,0.0,1.4608033689666342,0.0,0.8018707482993197,0.0,0.2757531584062196,1.7239818005124128,2.593537414965986,0.0,10.0,0.0,0.0,0.0,0.0,0.0,0.0,0.0,0.6760204081632653,0.0,0.0,0.0,0.29761904761904756,0.0,0.0,3.8488824101068997,0.0,0.0,0.0,0.0,0.0,0.5178571428571428,0.0,0.0,0.0,0.0,0.0,0.0,0.0,0.28061224489795916,0.0,0.0,0.0,0.0,0.0,0.0,0.4919825072886297,0.0,0.0,0.0,0.0,0.0,0.2465986394557823,0.0,0.0,0.0,0.0,0.0,0.0,0.0,0.0,0.0,0.0,0.0,0.0,0.0,0.0,0.0,0.0,0.0,0.0,0.0,0.0,0.0,0.0,0.23814677386105956,0.0,0.0,0.0,0.0,0.0,0.0,0.0,0.0,0.36538461538461536,0.0,0.0,0.0,0.0,0.0,0.0,0.0,0.0,0.0,0.0,0.0,0.0,0.0,0.0,0.0,0.0,0.0,0.0,0.0,0.0,0.0,0.0,0.0,0.0,0.0,0.0,0.0,0.6069808875931324,0.0,0.0,0.0,0.0,0.0,0.0,0.0,0.0,0.0,0.0,0.0,0.0,0.0,0.0,0.0,0.0,0.0,0.0,0.0,0.0,0.0,0.0,0.0,0.0,0.0,0.0,0.0,0.0,0.0,0.0,0.0,0.0,0.0,0.0,0.0,0.0,0.0,0.0,0.0,0.0
26.43751803751804,8.353003721424773,5.991666666666666,2.7464285714285714,3.1993589743589745,4.363157894736842,8.189592352092353,1.625,2.5,11.098803973803973,0.375,0.0,0.25,0.5909090909090909,0.0,2.25,1.525,0.9813034188034189,0.0,0.3333333333333333,2.5555555555555554,7.25,7.100352425352425,0.5227272727272727,0.0,0.0,0.0,0.0,0.26515151515151514,0.0,0.0,0.0,0.2,0.6666666666666666,1.25,0.21955128205128205,0.5,0.25,0.37225274725274726,2.963434829059829,0.0,0.0,0.4375,0.0,0.5,0.6075036075036075,0.2,0.0,0.0,0.0,0.9583333333333334,0.0,0.0,0.0,0.9114583333333333,0.0,0.0,1.217063492063492,0.0,0.0,0.0,0.5,0.0,0.0,0.0,0.0,0.0,0.0,0.0,0.0,0.0,0.0,0.0,0.0,0.0,0.3571428571428571,0.0,0.0,0.0,1.25,0.0,0.0,0.0,0.0,0.0,0.0,1.6666666666666665,0.0,0.0,0.0,0.0,0.0,0.0,0.5714285714285714,0.0,0.0,0.0,0.0,0.0,0.3571428571428571,0.0,0.0,0.0,0.0,0.0,0.0,0.0,0.0,0.0,0.0,0.0,0.0,0.0,0.0,0.0,0.7142857142857142,0.0,0.0,0.0,0.0,0.0,0.0,0.0,0.0,0.0,0.0,0.0,0.0,0.0,0.3125,0.0,0.9895833333333334,0.0,0.0,0.0,0.0,0.0,0.0,0.0,0.0,0.0,0.0,0.0,0.0,0.0,0.0,0.0,0.0,0.0,0.0,0.0,0.0,0.0,0.0,0.0,0.0,0.0,0.0,0.0,0.0,0.0,0.2857142857142857,0.0,0.0,0.0,0.25,0.0,0.0,0.0,0.0,0.0,0.0,0.0,0.25,0.0,0.0,0.0,0.0,0.0,0.0,0.0,0.0,0.25,0.0,0.0,0.0,0.0,0.0,0.0,0.0,0.0,0.0,0.0,0.0,0.0,0.0,0.0,0.0,0.0,0.0
118.74248435192312,18.12499631887387,23.72259861928229,2.509475218658892,9.940012368583798,18.756580012957563,11.476575153871073,5.1986151603498545,4.1020408163265305,29.841533041788143,1.597424684159378,6.912273242630385,2.092480931766646,3.279653560265805,1.2920752716671082,5.950255102040816,38.410791589363015,0.6232183349530288,1.7677052964042759,0.2942986718496923,24.07288629737609,11.257369614512472,44.366683628163216,0.3039965986394558,4.174860853432282,5.322532909267603,11.883503401360544,3.383242041405307,2.4935120151956887,0.5676020408163265,0.2551020408163265,0.8865605766115969,0.4342808551992225,3.671768707482993,4.687856148953087,0.8248299319727891,1.471513605442177,3.4566326530612246,1.066124068675089,3.430089893100097,1.4633138969873662,0.0,0.0,9.853098526567914,0.0,11.113803854875282,0.0,1.25,2.5546647230320696,0.21080336896663426,0.0,3.6381802721088436,0.0,1.9424198250728861,5.444219895750508,5.9268707482993195,0.3635204081632653,0.0,0.0,2.141642371234208,1.7427721088435375,0.0,0.41666666666666663,2.834608843537415,10.833333333333332,5.791761148904006,0.0,0.0,1.25,0.29761904761904756,0.0,0.5,2.682215743440233,0.0,3.1135204081632653,6.87641723356009,0.0,0.0,1.7678571428571428,1.3010204081632653,0.0,0.0,0.0,0.0,0.0,0.0,5.697278911564625,0.8843537414965985,0.0,0.0,1.2718658892128278,1.3010204081632653,0.9226190476190476,4.24198250728863,0.0,1.3236961451247165,2.869047619047619,0.41666666666666663,0.0,4.812074829931973,2.445436507936508,1.25,0.0,0.0,0.0,0.0,0.0,0.0,0.0,0.0,0.0,3.3249845392702535,0.75,0.0,0.7950680272108843,7.634353741496598,0.7636054421768708,0.0,0.0,0.0,0.0,0.0,0.23814677386105956,0.0,0.0,0.0,1.554138321995465,0.0,0.0,0.0,0.0,5.715277777777778,0.0,0.0,0.0,0.0,0.0,0.0,0.46768707482993194,0.0,0.0,0.0,0.0,0.0,0.0,0.0,0.0,0.0,0.0,0.8333333333333334,1.0416666666666665,1.597222222222222,0.0,9.261715797430083,0.0,0.0,0.0,0.0,0.0,0.6069808875931324,0.0,10.593314706835114,0.0,0.0,0.0,0.0,0.0,0.0,0.0,2.107628765792031,0.0,0.0,0.0,0.5468901846452867,0.0,0.0,8.184098639455781,1.043731778425656,0.0,0.0,0.0,0.0,0.0,0.0,0.0,0.0,0.0,0.0,1.105442176870748,9.70138888888889,0.0,0.0,0.0,0.0,0.0,0.0,0.0,0.0,0.42517006802721086,1.3201530612244896
139.0564762205387,29.399181547619047,11.75607638888889,37.259642556517555,80.7818287037037,36.594039351851855,31.545262896825395,89.27700366762866,13.969742063492063,13.505180302055301,28.126984126984127,8.16178902116402,5.123263888888888,10.992476851851851,18.92166456228956,22.99508101851852,22.057002314814813,30.03769841269841,11.074418540564373,1.5052083333333333,4.428323412698413,12.432291666666666,18.454489087301585,2.388888888888889,43.80051256613756,23.137896825396826,12.187003968253968,18.4422123015873,6.394965277777778,4.7111441798941796,4.302083333333333,11.405175264550264,2.552083333333333,16.15575396825397,2.788814484126984,2.925662878787879,0.7135416666666666,5.879050925925926,1.1458333333333333,3.060267857142857,0.2777777777777778,0.41429924242424243,1.568287037037037,30.378596230158728,25.722800925925924,2.6191603535353534,0.84375,27.24681712962963,2.8191964285714284,0.5208333333333333,0.6875,11.32638888888889,0.7291666666666666,5.4581266534391535,2.5347222222222223,1.640625,2.21875,1.1927083333333333,1.812872023809524,0.5555555555555556,2.192708333333333,0.9765625,0.0,0.37721836419753085,6.085069444444445,1.3229166666666667,2.364583333333333,2.009341931216931,0.2951388888888889,0.41666666666666663,2.0381944444444446,0.0,13.030299272486772,0.203125,8.960204725829726,0.28125,0.20833333333333331,0.33854166666666663,1.4947916666666665,13.414351851851851,0.0,3.0864197530864197,0.23995535714285715,2.585648148148148,1.6927083333333333,1.413690476190476,17.87528935185185,0.3125,0.0,0.0,1.21875,0.6117724867724867,5.435763888888888,0.0,0.9375,0.0,0.41666666666666663,0.9071180555555556,1.7222222222222223,0.0,0.8705357142857142,0.2951388888888889,0.0,0.0,0.46875,0.0,0.46875,3.0839120370370368,1.2239583333333333,1.2881944444444444,0.234375,33.02889384920635,0.3125,0.0,1.8489583333333333,1.3333333333333333,0.0,0.6510416666666666,0.32291666666666663,0.0,0.0,0.21875,0.3472222222222222,0.0,0.0,0.5833333333333333,0.5572916666666666,0.2864583333333333,0.21875,0.0,0.625,0.46875,0.3125,0.0,0.0,0.0,4.847222222222222,0.0,0.5208333333333333,0.3125,0.26041666666666663,0.0,0.0,0.26041666666666663,0.0,0.0,0.0,0.2170138888888889,0.3125,0.46875,1.9930555555555556,0.5208333333333333,0.0,1.3697916666666667,0.0,0.0,0.3125,0.296875,0.0,0.6770833333333333,0.703125,0.0,3.125,0.0,0.0,0.0,0.0,0.0,0.41666666666666663,0.3125,0.0,0.0,0.20833333333333331,0.32291666666666663,1.6067708333333333,0.234375,1.5894097222222223,0.0,0.681423611111111,5.322916666666667,0.0,0.625,0.453125,0.0,0.21875,0.390625,0.65625,2.078125,0.0,0.3125,0.0,0.0,0.3877314814814815,0.0,0.0,0.0,0.0,0.0,0.0,0.0
30.80160533910534,5.186337054758107,8.075,3.153835978835979,2.0280626780626783,2.5113060428849905,4.46737012987013,2.3842592592592595,0.0,3.4876928626928625,0.9861111111111112,0.42361111111111116,0.3888888888888889,1.2159090909090908,1.027777777777778,5.458333333333333,0.7611111111111112,6.361263736263736,0.5141093474426808,0.3333333333333333,0.0,1.625,8.37416194916195,0.8064574314574314,2.435185185185185,0.4766414141414142,1.5925925925925926,0.0,0.3762626262626263,0.0,0.0,0.8333333333333333,0.2,1.5,0.0,0.21955128205128205,0.5,0.861111111111111,0.37225274725274726,6.088434829059829,0.0,0.0,0.5300925925925926,1.3606902356902357,1.4583333333333333,0.676948051948052,0.2,2.939814814814815,0.0,0.0,3.708333333333333,2.7843915343915344,0.0,0.787037037037037,0.0,0.0,0.0,1.2865079365079364,0.0,0.0,0.0,0.5,0.0,0.0,0.2777777777777778,0.0,0.0,0.32407407407407407,0.0,0.0,0.0,0.0,1.6180555555555556,0.0,0.0,0.3571428571428571,0.0,0.0,0.27083333333333337,1.0925925925925926,0.0,0.0,0.0,0.0,0.0,0.0,0.4563492063492063,0.0,0.0,0.0,0.0,0.0,1.3194444444444444,0.5714285714285714,0.0,0.0,0.0,0.0,0.3888888888888889,0.0,0.0,0.0,0.0,0.0,0.0,0.0,0.0,0.2175925925925926,0.0,0.0,0.0,0.5555555555555556,0.0,0.0,0.0,0.0,0.0,0.0,0.0,0.0,0.0,0.0,0.0,0.0,0.0,0.0,0.0,0.0,0.0,0.3125,0.0,1.4062499999999998,0.0,0.0,0.0,0.0,0.44166666666666665,0.0,0.0,0.0,0.0,0.0,0.0,0.0,0.0,0.0,0.0,0.0,0.0,0.0,0.2777777777777778,0.0,0.0,1.25,0.0,0.0,0.0,0.0,0.0,0.0,0.0,0.2857142857142857,0.0,0.0,0.0,0.25,0.0,0.0,0.0,0.3125,0.0,0.0,0.0,0.41666666666666663,0.0,0.0,0.0,0.0,0.0,0.5,0.0,0.0,0.25,0.0,0.0,0.0,0.0,0.0,0.0,0.0,0.0,0.0,0.0,0.0,0.0,0.0,0.0,0.0,0.0,0.0
1.6024046434494195,2.3634188750126914,0.6964285714285714,0.3571428571428571,1.6666666666666665,7.537313432835821,4.326388888888888,0.0,17.5,0.2777777777777778,0.2222222222222222,0.0,0.0,0.0,4.130362219514671,0.0,0.0,0.0,0.0,0.4539800995024876,0.0,0.0,0.21588486140724944,0.0,0.0,3.4649122807017543,0.0,0.0,0.0,0.0,0.0,0.0,0.0,0.0,0.0,0.0,0.3125,0.0,0.0,0.0,0.0,0.0,0.0,0.0,0.0,0.0,0.0,0.0,0.0,0.0,0.0,0.0,0.0,0.0,0.0,0.0,0.0,0.0,0.0,0.0,0.0,7.120646766169154,0.0,0.0,0.0,0.0,0.0,0.0,0.0,0.0,0.0,0.0,0.0,0.0,0.0,0.0,0.0,0.0,0.0,0.0,0.0,0.0,0.0,0.0,0.0,0.0,0.2777777777777778,0.0,0.0,0.0,0.0,0.0,0.0,0.0,0.0,0.0,0.0,0.0,0.0,0.0,0.0,0.0,0.0,2.5093283582089554,0.0,0.0,0.0,0.0,0.0,0.21428571428571427,0.0,0.0,0.0,0.0,0.0,0.0,0.0,0.0,0.0,0.0,0.0,0.0,0.0,0.0,0.0,0.0,0.0,0.0,0.0,0.0,0.0,0.0,0.0,0.0,0.0,0.0,0.0,0.5,0.0,0.41666666666666663,0.0,0.0,0.0,0.0,0.0,0.0,0.0,0.0,0.0,0.0,0.0,0.0,0.0,0.0,0.0,0.0,0.0,0.0,0.0,0.0,0.0,0.0,0.0,0.0,0.0,0.0,0.0,0.0,0.0,0.0,0.0,0.0,0.0,0.0,0.0,0.0,0.0,0.0,0.0,0.0,0.0,0.0,0.0,0.0,0.0,0.0,0.0,0.0,0.0,0.0,0.0,0.0,0.0,0.0,0.0,0.0,0.0,0.0,0.0,0.0
68.05595803450281,12.131694745967133,10.599522005772005,5.633522727272727,11.524305555555555,3.484283129805518,9.295905483405482,10.214261484783872,2.5378787878787876,4.819384319384319,6.012626262626262,11.768439996984773,1.6522349696323577,2.085648148148148,5.716794140768021,4.28125,5.686958874458875,5.050650315342479,2.528409090909091,1.2589043419267298,1.3958333333333333,3.925820707070707,1.782894240916629,1.470959595959596,0.35416666666666663,31.248421717171716,1.2689393939393938,2.334911616161616,1.3194444444444444,0.5208333333333333,0.9769570707070707,1.0887896825396826,0.2272727272727273,0.3125,1.2159090909090908,1.9863560982963966,1.8876262626262625,0.0,0.9618055555555556,0.0,1.9791666666666665,4.473890692640692,1.9823232323232323,0.2793560606060606,0.7954545454545455,0.0,0.4236111111111111,0.0,0.0,0.4722222222222222,0.41666666666666663,0.0,1.2168560606060606,0.0,0.0,0.0,0.7291666666666666,9.364944083694084,2.236111111111111,0.9722222222222222,0.21527777777777776,0.5234245439469319,0.22569444444444442,0.0,0.20833333333333331,1.4362373737373737,1.0892857142857142,0.0,0.3819444444444444,0.0,0.2604166666666667,0.0,0.0,0.41666666666666663,0.3472222222222222,0.20833333333333331,0.8696338383838383,0.49652777777777773,0.0,1.3541666666666665,0.8196548821548821,0.0,0.798611111111111,0.0,1.4583333333333333,0.0,0.0,2.689078282828283,0.28125,0.2120535714285714,0.2456467661691542,0.0,1.4678030303030305,0.0,0.0,0.0,0.0,0.0,0.3125,0.0,0.20833333333333331,0.41666666666666663,0.20833333333333331,0.5718283582089553,1.846590909090909,0.9286616161616161,0.0,0.0,0.0,0.0,1.1875901875901875,0.0,1.7187499999999998,0.46874999999999994,0.5034722222222222,0.0,0.0,2.975694444444444,0.7430555555555556,1.0416666666666665,0.0,0.0,0.0,0.20833333333333331,0.625,0.798611111111111,0.0,0.0,0.20833333333333331,2.801993145743146,4.045454545454545,0.0,0.0,0.4356060606060606,0.2361111111111111,0.0,0.0,0.0,0.0,0.5972222222222222,0.25284090909090906,0.8333333333333333,0.35416666666666663,0.8333333333333334,0.0,0.0,0.3263888888888889,0.9945436507936507,0.0,0.0,0.0,0.0,0.36458333333333326,0.0,0.0,0.2777777777777778,0.0,0.0,0.6944444444444444,0.0,0.0,0.0,0.20833333333333334,0.0,0.0,0.0,0.0,0.0,0.2232142857142857,0.0,0.35416666666666663,0.0,0.0,0.0,0.0,0.0,0.0,0.0,0.6458333333333333,0.0,0.0,0.0,0.0,0.0,0.0,0.0,0.0,0.0,0.0,0.0,0.0,0.0,0.0,0.0,0.0,0.0,0.0,0.75,0.0,0.0
18.396650326797385,4.322712418300654,5.2379493464052285,1.6131535947712419,4.110498366013072,1.0784313725490196,3.1948529411764706,3.202001633986928,1.7859477124183005,0.8623366013071896,0.2303921568627451,6.698039215686275,0.6811683006535948,1.0074210239651415,0.4444444444444444,0.23039215686274508,4.577614379084967,5.742306644880174,0.8954248366013072,1.0196078431372548,1.6928104575163399,0.5702614379084967,3.1879084967320264,0.32352941176470584,1.7375816993464053,0.29313725490196074,0.3872549019607843,0.4256535947712418,0.0,3.3727124183006536,0.22058823529411764,0.8774509803921569,0.0,1.6666666666666665,0.8180555555555555,0.43790849673202614,0.0,0.3715277777777778,0.0,0.0,0.0,4.906658496732026,0.25,0.0,0.42483660130718953,0.0,1.1830065359477124,0.0,0.0,0.0,0.0,0.0,0.0,0.0,0.0,0.0,0.0,0.8235294117647058,0.0,0.0,0.0,0.0,0.0,0.0,0.0,0.0,0.0,0.0,0.0,0.0,0.0,0.5441176470588235,0.0,0.0,0.0,0.0,0.7892156862745098,0.24019607843137253,0.0,0.0,0.0,0.0,0.0,0.0,0.0,0.0,0.0,0.0,0.0,0.0,0.0,0.0,0.0,0.0,0.0,0.0,0.0,0.0,0.0,0.0,0.0,0.0,0.0,0.0,0.0,0.24019607843137253,0.0,0.0,0.0,0.0,0.0,0.0,0.0,0.0,0.0,0.0,0.0,0.0,0.0,0.0,0.0,0.0,0.0,0.3125,0.0,0.0,0.0,0.0,0.0,0.0,0.0,0.0,0.0,0.0,0.0,0.0,0.0,0.0,0.0,0.0,0.0,0.0,0.0,0.0,0.0,0.0,0.0,0.0,0.0,0.0,0.0,0.0,0.0,0.0,0.0,0.0,0.0,0.0,0.0,0.0,0.0,0.0,0.0,0.0,0.0,0.0,0.0,0.0,0.0,0.0,0.0,0.0,0.0,0.0,0.0,0.0,0.0,0.0,0.0,0.0,0.0,0.0,0.0,0.0,0.0,0.0,0.0,0.0,0.0,0.0,0.0,0.0,0.0,0.0,0.0,0.0,0.0,0.0,0.0,0.0
19.8734709022209,13.087454975579975,3.430655174405174,11.726883903133903,6.065882173382173,5.967763278388278,2.1838980463980464,4.964206349206349,4.480925671550671,9.049803526053525,0.9127480158730159,18.5943853021978,2.8548992673992672,4.693962563337563,2.994405525030525,14.135545634920636,12.926675824175824,2.4827480158730157,0.5452628968253969,1.533068147130647,2.390426587301587,6.654108669108669,3.8976149776149773,2.4829326923076924,7.659718337218337,23.286009996947495,1.692718253968254,3.8039300976800976,2.1969815254190252,2.335138195138195,4.542147435897435,4.091830738705739,1.9934065934065934,5.129350198412698,2.896971153846154,1.0285149572649572,0.8118551587301587,7.197028769841269,2.502938415750916,1.1885206807081807,2.137171855921856,0.0,0.0,0.35622710622710624,0.0,0.5712950244200243,0.0,0.3084134615384615,4.0005933302808305,2.5588576007326007,0.6077686202686202,4.63065349002849,0.0,0.6288141025641025,4.981019917582417,4.186351114163614,1.1359249084249083,0.0,4.004806547619047,0.315892094017094,0.49428037240537237,0.23821924603174605,0.2914300976800977,1.8979552045177046,0.0,0.0,0.0,0.2564102564102564,0.0,0.2622767857142857,0.5750457875457875,0.275,1.1753968253968254,0.21770833333333334,0.2673611111111111,3.1373242266992265,0.0,0.35,0.0,0.0,1.3963541666666666,1.101686507936508,2.05250296000296,0.4769345238095238,0.882688492063492,0.0,0.0,0.0,1.6807844932844933,0.3383279914529915,0.390625,0.0,0.0,0.0,0.2777777777777778,1.005406746031746,0.5908333333333333,0.0,0.5039930555555555,0.0,0.0,0.0,0.770436507936508,0.0,0.0,0.0,0.5694673382173382,0.0,0.0,0.2361111111111111,0.0,0.0,0.0,0.0,1.4146825396825398,0.0,0.5282837301587301,0.0,0.0,0.0,0.0,0.0,0.0,0.0,0.0,0.6073069291819292,0.0,0.4117483211233211,0.0,0.0,0.0,1.0094551282051283,0.0,0.0,0.0,0.0,0.0,0.0,0.0,0.0,0.0,0.0,0.0,0.0,0.3855406746031746,0.3171626984126984,0.0,0.0,0.0,0.0,0.0,0.0,0.0,0.3721230158730159,0.0,0.0,0.0,0.26666666666666666,0.0,0.0,0.0,0.25605921855921854,0.4123263888888889,0.0,0.0,0.0,0.0,0.0,0.0,0.0,0.0,0.0,0.0,0.0,0.0,0.0,0.7135416666666666,0.9861912393162393,0.0,0.0,0.0,0.0,0.0,0.0,0.0,0.0,0.0,0.0,0.0,0.0,0.0,0.0,0.0,0.0,0.0,0.0,0.0,0.0,0.0,0.670400641025641
50.22317328317328,25.47287164224664,4.888988507738508,14.613788665038665,9.295048840048839,6.280263278388278,2.8088980463980464,6.392777777777778,6.772592338217338,9.117371093621093,0.9127480158730159,21.0943853021978,5.459065934065934,9.881462563337562,5.271191239316239,21.79030753968254,15.84334249084249,3.1077480158730157,0.5452628968253969,1.533068147130647,2.390426587301587,10.820775335775336,4.512198310948311,9.982932692307692,11.61805167055167,27.11934333028083,4.192718253968254,4.949763431013431,4.124064858752359,2.5434715284715286,4.542147435897435,4.091830738705739,4.805906593406593,5.129350198412698,2.896971153846154,1.0285149572649572,1.2285218253968253,15.842862103174603,5.627938415750916,2.584354014041514,3.387171855921856,0.0,0.0,0.35622710622710624,0.0,0.5712950244200243,0.0,1.5584134615384615,8.229759996947497,2.5588576007326007,0.6077686202686202,6.88065349002849,0.0,0.6288141025641025,8.689353250915751,4.186351114163614,1.1359249084249083,0.0,4.004806547619047,0.315892094017094,0.49428037240537237,0.23821924603174605,2.2705967643467644,1.8979552045177046,0.0,0.0,0.0,0.2564102564102564,0.0,0.2622767857142857,0.5750457875457875,0.275,1.4878968253968254,0.21770833333333334,0.2673611111111111,3.3158956552706553,0.0,0.35,0.0,0.0,1.3963541666666666,1.101686507936508,4.094169626669626,0.4769345238095238,2.2993551587301586,0.0,0.0,0.0,3.1391178266178263,0.3383279914529915,0.640625,0.0,0.0,0.6510416666666666,0.2777777777777778,1.005406746031746,0.9033333333333333,0.0,0.5039930555555555,0.0,0.0,0.0,0.770436507936508,0.0,0.0,0.0,0.8819673382173382,0.0,0.0,0.2361111111111111,0.0,0.0,0.0,0.0,2.873015873015873,0.0,0.5282837301587301,0.0,0.0,0.0,0.0,0.0,0.0,0.0,0.0,1.6489735958485958,0.0,2.911748321123321,0.0,0.0,0.0,1.0094551282051283,0.0,0.0,0.0,0.0,0.0,0.0,0.0,0.0,0.0,0.0,0.0,0.0,0.3855406746031746,0.3171626984126984,0.0,0.3125,0.0,0.0,0.0,0.7638888888888888,0.0,0.9078373015873015,0.0,0.0,0.0,0.26666666666666666,0.0,1.6423717948717949,0.22916666666666666,0.25605921855921854,0.4123263888888889,0.0,0.0,1.2847222222222223,0.0,0.0,0.0,0.0,0.0,0.0,0.0,0.0,0.0,0.0,0.7135416666666666,0.9861912393162393,0.0,0.0,0.0,0.0,0.0,0.0,0.0,0.0,0.0,0.0,0.0,0.0,0.46955128205128205,0.0,0.0,0.0,0.0,0.0,0.0,0.0,0.0,1.0870673076923076
194.24881962756962,68.74221688034187,79.45057553182554,172.28293549043548,59.38884393384393,67.72593427405927,46.3253663003663,50.77968253968254,174.64660027472527,52.77112387237387,22.489136904761903,30.790813873626373,5.021565934065934,30.605464664177898,17.949762667887665,40.09604347041847,59.0357767013688,8.718859126984126,8.745064484126983,70.53158005189255,47.16643668831169,27.31650183150183,92.42380545380546,53.86422847985348,26.916861194361193,60.25029571123321,37.49480158730159,46.64023962148962,27.814135205072702,4.87803035200094,8.399290293040293,10.730719627594627,6.8267399267399265,28.15018353174603,8.00113782051282,9.882681623931624,2.061855158730159,74.11303105459355,8.377938415750915,19.545663537851038,4.6371718559218555,7.823412698412699,3.3125,12.071504884004884,0.0,3.964152167277167,2.645833333333333,10.641746794871795,53.44352050114917,9.114413156288157,11.899435286935287,7.307935236060236,11.964285714285714,0.6288141025641025,13.606019917582417,25.77861301892552,14.385924908424908,0.8333333333333333,6.8728621031746036,15.690892094017093,0.9942803724053724,2.321552579365079,0.2914300976800977,2.1360504426129427,0.41666666666666663,0.20833333333333331,9.700396825396826,1.2564102564102564,0.0,19.012276785714285,3.387545787545787,0.275,12.737896825396826,0.6343749999999999,0.6840277777777777,3.4944670838420837,0.0,0.35,0.0,1.3601190476190474,1.3963541666666666,6.643353174603175,2.05250296000296,1.310267857142857,25.6297123015873,0.0,0.0,2.5,2.3057844932844933,0.754994658119658,1.9057765151515151,2.0384615384615383,8.708333333333334,13.484375,5.194444444444444,1.880406746031746,0.5908333333333333,0.0,0.9206597222222221,0.0,1.9791666666666665,6.757575757575758,1.1871031746031746,0.0,0.0,4.716066919191919,1.819467338217338,0.0,0.0,1.0694444444444444,0.625,13.736458333333333,0.0,5.198611111111111,4.123015873015873,2.342708333333333,0.5282837301587301,0.0,0.0,0.9166666666666666,0.41666666666666663,0.0,0.0,0.0,0.0,1.0239735958485958,14.836805555555555,0.4117483211233211,0.0,0.0,0.0,3.5094551282051283,1.25,0.0,0.25,0.0,0.0,0.0,2.534722222222222,0.0,0.0,12.697619047619048,0.0,0.8333333333333333,0.3855406746031746,0.3171626984126984,0.0,0.0,0.0,0.0,0.0,0.0,3.333333333333333,0.3721230158730159,0.0,0.625,0.8057142857142857,0.26666666666666666,0.0,2.6840384615384614,0.0,0.25605921855921854,1.245659722222222,0.6625,0.0,2.6319444444444446,0.0,0.0,0.0,0.7840277777777778,0.0,0.6666666666666666,0.0,0.8645833333333334,0.0,0.32490079365079366,3.491319444444444,0.9861912393162393,0.0,0.21329365079365076,0.0,1.6626190476190474,0.0,0.0,0.6666666666666666,1.8055555555555554,0.43402777777777773,0.8333333333333333,0.0,3.4075396825396824,0.0,0.0,0.0,0.0,0.0,0.7142857142857142,2.9869002525252526,0.0,0.0,0.8976733682983683
20.67204784398662,0.46518390906146007,16.97783643702011,0.6582847424684158,0.9955679241393527,3.6038022351797863,1.3267735665694849,0.6152818270165208,0.7687074829931972,2.1609774862325883,0.347424684159378,2.690051020408163,0.2730364873222016,0.36298689359913844,1.5004086050004417,0.8460884353741496,0.5774582560296846,0.4148850016196955,0.30937196307094267,0.2942986718496923,0.26038629737609326,0.6383219954648526,5.892567466547058,0.3039965986394558,0.25819418676561534,0.0,0.21683673469387757,0.4249087080719734,0.30601201519568866,0.2551020408163265,0.2551020408163265,0.8865605766115969,5.077137998056365,0.5467687074829931,2.1878561489530877,0.0,0.22151360544217685,2.623299319727891,0.3875526401036605,0.43008989310009715,0.21331389698736636,0.0,0.0,0.0,0.0,0.0,0.0,0.0,0.0,0.21080336896663426,0.0,0.8018707482993197,0.0,0.2757531584062196,0.47398180051241273,0.0,0.0,0.0,0.0,0.0,0.0,0.0,0.0,0.0,0.0,0.0,0.0,0.0,0.0,1.0119047619047619,0.0,0.0,0.0,0.0,0.0,0.0,0.0,0.0,0.5178571428571428,0.0,0.0,0.0,0.0,0.0,0.0,0.0,0.28061224489795916,0.0,0.0,0.0,0.0,0.0,0.0,0.4919825072886297,0.0,0.0,0.0,0.0,0.0,0.2465986394557823,0.0,0.0,0.0,0.0,0.0,0.0,0.0,0.0,0.0,0.0,0.0,0.0,0.0,0.0,0.0,0.0,0.0,0.0,0.0,0.0,0.0,0.0,0.23814677386105956,0.0,0.0,0.0,0.0,0.0,0.0,0.0,0.0,0.3333333333333333,0.0,0.0,0.0,0.0,0.0,0.0,0.0,0.0,0.0,0.0,0.0,0.0,0.0,0.0,0.0,0.0,0.0,0.0,0.0,0.0,0.0,0.0,0.0,0.0,0.0,0.0,0.0,0.6069808875931324,0.0,1.3423226433430515,0.0,0.0,0.0,0.0,0.0,0.0,0.0,0.0,0.0,0.0,0.0,0.0,0.0,0.0,0.0,0.0,0.0,0.0,0.0,0.0,0.0,0.0,0.0,0.0,0.0,0.0,0.0,0.0,0.0,0.0,0.0,0.0,0.0,0.0,0.0,0.0,0.0,0.0
6.58453425229741,1.0416666666666665,2.069444444444444,0.0,0.8333333333333334,1.8541666666666665,0.0,2.875,1.1805555555555554,10.714285714285714,0.4649122807017544,0.7321428571428571,0.5555555555555556,0.5208333333333333,2.619047619047619,5.681547619047619,14.873045935545935,0.20833333333333331,1.5277777777777777,0.0,0.0,0.0,2.376984126984127,0.20833333333333331,1.6666666666666665,0.0,2.111111111111111,1.25,0.5208333333333333,0.0,0.0,0.0,1.4285714285714286,0.0,0.7916666666666666,1.3333333333333333,0.0,5.238095238095238,0.0,0.7638888888888888,0.0,0.41666666666666663,0.0,0.0,0.0,0.0,0.0,0.0,0.0,0.20833333333333331,1.9791666666666665,0.6666666666666666,0.0,0.2777777777777778,0.0,1.1805555555555556,0.0,0.0,3.444444444444444,0.0,0.5357142857142857,0.0,0.3125,11.411044973544973,0.0,0.0,0.0,0.0,0.0,0.8333333333333333,0.0,0.0,0.0,0.0,0.0,3.3382936507936507,0.0,0.0,0.0,0.0,0.7142857142857142,0.0,0.0,0.20833333333333331,3.4146825396825395,0.41666666666666663,0.25,0.20833333333333331,0.0,0.0,0.0,0.0,2.3392857142857144,0.0,0.8333333333333333,0.0,4.041666666666666,0.0,0.0,0.0,0.0,0.0,1.1944444444444444,0.625,0.0,0.0,0.0,0.8333333333333334,0.0,0.0,0.0,0.0,0.0,0.0,0.0,0.0,0.0,0.0,0.0,0.0,0.0,0.0,0.0,0.0,0.0,0.0,0.6944444444444444,0.0,0.0,0.0,0.0,1.3888888888888888,0.0,0.0,0.0,0.0,0.0,0.0,0.0,0.0,0.0,0.0,0.0,0.0,0.0,0.0,0.0,0.0,0.9722222222222221,0.0,0.8333333333333334,0.5902777777777778,0.0,0.2777777777777778,0.0,0.0,0.0,0.0,0.0,2.4305555555555554,0.0,0.0,0.0,0.0,0.0,1.4583333333333333,0.0,0.8333333333333333,0.0,2.2222222222222223,0.0,0.0,0.0,0.0,0.41666666666666663,0.0,12.30787037037037,0.0,0.0,0.0,0.0,1.675925925925926,0.0,0.0,0.0,0.0,0.0,1.3257575757575757,0.0,0.0,0.0,0.0,0.0,0.0,0.0,0.0,0.0,0.0,0.0,0.0
2.4135122156091717,0.8517156862745098,1.2760416666666667,1.1652369281045751,1.1050857843137254,0.977328431372549,1.2619266456582632,1.9761029411764706,0.37683823529411764,1.5505514705882353,0.6158088235294118,4.691110819327731,0.20526960784313725,0.5859375,0.0,0.0,0.0,0.6875,0.984375,0.0,0.20254629629629628,0.203125,0.0,0.0,0.0,0.625,0.0,0.2870273109243697,0.0,0.0,0.20970394736842105,0.36764705882352944,0.0,0.34375,0.0,0.0,0.0,0.0,0.0,0.0,0.0,0.8676470588235294,0.0,0.0,0.35477941176470584,0.2450980392156863,0.0,0.5253482972136223,0.0,0.0,0.0,0.0,0.0,0.0,0.0,0.0,0.0,0.0,0.0,0.0,0.0,0.0,0.0,0.0,0.29411764705882354,0.0,0.0,0.0,0.0,0.0,0.0,0.0,0.0,0.20526960784313725,0.0,0.0,0.21446078431372548,0.0,0.0,0.0,0.0,0.0,0.0,0.0,0.0,0.546875,0.0,0.0,0.0,0.0,0.0,0.0,0.0,0.0,0.0,0.0,0.0,0.0,0.0,0.0,0.0,0.0,0.0,0.0,0.0,0.0,0.0,0.0,0.0,0.0,0.0,0.0,0.0,0.0,0.0,0.0,0.0,0.0,0.0,0.3033088235294118,0.0,0.0,0.0,0.0,0.0,0.0,0.0,0.0,0.0,1.4846813725490196,0.0,0.0,0.0,0.0,0.0,0.0,0.0,0.25240384615384615,0.0,0.0,0.0,0.0,0.0,0.0,0.0,0.0,0.0,0.0,0.0,0.0,0.0,0.0,0.0,0.0,0.0,0.0,0.0,0.0,0.0,0.0,0.0,0.0,0.0,0.0,0.0,0.0,0.0,0.0,0.0,0.0,0.0,0.0,0.0,0.0,0.0,0.0,0.0,0.0,0.0,0.0,0.0,0.0,0.0,0.0,0.0,0.0,0.0,0.0,0.0,0.0,0.0,0.0,0.0,0.0,0.0,0.0,0.0,0.0,0.22135416666666666,0.0
17.272543532338307,9.099961598162558,3.833333333333333,3.8626700680272106,19.553405225726653,7.297730099502487,22.9281462585034,4.528597446441262,9.487866659202865,6.753111471861471,3.041473407544836,1.4219676201552534,1.4882062899786779,4.699404761904762,2.501110518834399,2.776785714285714,6.431547619047619,1.6914045842217482,2.2148268398268396,0.8425855416793583,1.8439625850340136,2.427465986394558,0.3349324804548685,1.2032312925170068,1.6458333333333333,5.545918367346938,3.4927721088435373,0.0,1.7085459183673468,0.4155582922824302,3.712018140589569,0.0,0.41666666666666663,0.0,4.2351190476190474,2.287402274342573,0.7053571428571428,0.7202380952380951,0.4124149659863945,1.3660714285714286,0.3125,0.3928571428571428,1.1442486085343226,0.0,0.7475262832405689,0.0,2.397064860426929,0.4183673469387755,0.3720238095238095,0.0,0.2040816326530612,0.0,0.0,0.0,0.2773268398268398,0.0,0.0,0.2040816326530612,1.0119047619047619,0.5357142857142857,0.0,1.253299827393644,1.6517857142857142,1.4285714285714286,0.0,0.20833333333333331,0.274234693877551,0.2619047619047619,0.913690476190476,0.0,0.3571428571428571,0.0,0.0,0.3571428571428571,0.0,0.0,1.5119047619047619,0.0,0.0,0.0,0.0,0.0,0.8035714285714285,0.0,0.0,0.0,0.0,0.5714285714285714,0.0,0.20833333333333331,0.21588486140724944,0.0,0.0,0.0,0.0,0.0,0.0,0.0,0.4464285714285714,0.0,0.0,0.0,0.0,0.30830021968081667,0.0,0.23809523809523808,0.0,0.0,0.0,0.0,0.3422619047619047,0.0,0.29761904761904756,0.0,0.0,0.0,0.0,0.30761698618841476,0.4672619047619047,0.0,0.7142857142857142,0.0,0.0,1.3095238095238095,0.8541666666666666,0.0,0.0,0.0,0.0,0.0,0.0,0.0,0.0,0.21258503401360543,0.0,0.3571428571428571,0.0,0.0,0.0,0.0,0.0,0.0,0.0,0.0,0.0,1.2113095238095237,0.7546768707482993,0.0,0.0,0.0,0.32312925170068024,0.0,0.0,0.0,0.758078231292517,0.0,0.0,0.0,0.0,0.0,0.0,0.0,0.0,0.0,0.0,0.0,0.0,0.0,0.0,0.0,0.0,0.0,0.0,0.0,0.0,0.0,0.0,0.0,0.0,0.0,0.0,0.0,0.0,0.2678571428571428,0.0,0.0,0.0,0.0,0.0,0.0,0.0,0.0,0.0,0.0,0.0,0.0,0.0,0.0,0.0,0.0
33.01891833460711,1.27768390906146,5.186169770353444,0.30114188532555874,2.974734590806019,0.47880223517978615,2.951773566569485,1.1621568270165208,0.9919217687074829,0.6331997084548104,1.597424684159378,2.43484268707483,0.2730364873222016,5.116774772387018,1.833741938333775,1.6794217687074828,3.077458256029684,0.7273850016196955,3.7468719630709426,0.2942986718496923,0.26038629737609326,0.6383219954648526,11.336615085594676,0.3039965986394558,0.5081941867656153,0.0,1.7297335600907031,1.6749087080719733,0.30601201519568866,0.5051020408163265,0.2551020408163265,1.511560576611597,0.4342808551992225,0.9634353741496597,0.9378561489530877,0.0,0.22151360544217685,0.0,0.3875526401036605,0.5697679234031274,0.21331389698736636,0.0,0.0,6.948005933975321,0.0,0.0,0.0,5.9375,0.3150813896987366,0.21080336896663426,0.0,0.8018707482993197,0.0,0.2757531584062196,0.47398180051241273,0.0,0.5718537414965986,0.0,0.0,0.0,0.0,0.0,0.0,0.0,0.0,0.0,0.0,0.0,0.0,0.29761904761904756,0.0,0.0,7.786382410106899,0.0,0.0,0.6403061224489796,0.0,0.0,0.5178571428571428,0.0,0.0,0.0,0.20833333333333331,0.0,0.0,0.0,1.1139455782312924,0.0,0.0,0.0,0.0,0.0,0.4464285714285714,0.5961491739552963,0.0,0.0,0.0,0.0,0.0,0.2465986394557823,0.0,0.0,0.0,0.0,0.0,0.0,0.0,0.0,0.0,1.4129008746355685,0.0,0.0,0.0,0.0,0.0,0.0,0.0,0.0,0.0,0.0,0.0,0.0,0.23814677386105956,0.0,0.0,0.0,0.0,0.0,0.0,0.0,0.0,0.3333333333333333,0.0,0.0,0.0,0.3125,0.0,0.0,0.7801870748299319,0.0,0.0,0.0,0.0,0.0,0.0,0.0,0.0,0.0,0.0,0.0,0.0,0.0,0.0,2.576530612244898,0.0,0.0,0.0,0.0,0.0,0.6069808875931324,0.0,0.0,0.0,0.0,0.0,0.0,0.0,0.0,0.0,0.25156815973142505,0.0,0.0,0.0,0.0,0.0,0.0,0.0,0.0,0.0,0.0,0.0,0.0,0.0,0.0,0.0,0.0,0.3438971742543171,0.0,0.0,1.25,0.0,0.0,0.0,0.0,0.0,0.0,0.0,0.0,0.0,0.0
19.8734709022209,13.087454975579975,3.430655174405174,11.726883903133903,6.899215506715507,5.967763278388278,2.1838980463980464,4.964206349206349,4.480925671550671,9.049803526053525,0.9127480158730159,18.5943853021978,2.8548992673992672,4.693962563337563,2.994405525030525,14.135545634920636,12.926675824175824,2.4827480158730157,1.37859623015873,1.533068147130647,2.390426587301587,6.654108669108669,3.8976149776149773,2.4829326923076924,7.659718337218337,23.286009996947495,1.692718253968254,3.8039300976800976,2.1969815254190252,2.335138195138195,4.542147435897435,4.091830738705739,1.9934065934065934,5.129350198412698,2.896971153846154,1.0285149572649572,0.8118551587301587,7.197028769841269,2.502938415750916,1.1885206807081807,2.137171855921856,0.0,0.0,0.35622710622710624,0.0,0.5712950244200243,0.0,0.3084134615384615,4.0005933302808305,2.5588576007326007,0.6077686202686202,4.63065349002849,0.0,0.6288141025641025,4.981019917582417,4.186351114163614,1.1359249084249083,0.0,4.004806547619047,0.315892094017094,0.49428037240537237,0.23821924603174605,0.2914300976800977,1.8979552045177046,0.0,0.0,0.0,0.2564102564102564,0.0,0.2622767857142857,0.5750457875457875,0.275,1.1753968253968254,0.21770833333333334,0.2673611111111111,3.1373242266992265,0.0,0.35,0.0,0.0,1.3963541666666666,1.101686507936508,2.05250296000296,0.4769345238095238,0.882688492063492,0.0,0.0,0.0,1.6807844932844933,0.3383279914529915,0.390625,0.0,0.0,0.0,0.2777777777777778,1.005406746031746,0.5908333333333333,0.0,0.5039930555555555,0.0,0.0,0.0,0.770436507936508,0.0,0.0,0.0,0.5694673382173382,0.0,0.0,0.2361111111111111,0.0,0.0,0.0,0.0,1.4146825396825398,0.0,0.5282837301587301,0.0,0.0,0.0,0.0,0.0,0.0,0.0,0.0,0.6073069291819292,0.0,0.4117483211233211,0.0,0.0,0.0,1.0094551282051283,0.0,0.0,0.0,0.0,0.0,0.0,0.0,0.0,0.0,0.0,0.0,0.0,0.3855406746031746,0.3171626984126984,0.0,0.0,0.0,0.0,0.0,0.0,0.0,0.3721230158730159,0.0,0.0,0.0,0.26666666666666666,0.0,0.0,0.0,0.25605921855921854,0.4123263888888889,0.0,0.0,0.0,0.0,0.0,0.0,0.0,0.0,0.0,0.0,0.0,0.0,0.0,0.7135416666666666,0.9861912393162393,0.0,0.0,0.0,0.0,0.0,0.0,0.0,0.0,0.0,0.0,0.0,0.0,0.0,0.0,0.0,0.0,0.0,0.0,0.0,0.0,0.0,0.670400641025641
70.8044883201771,18.935422004299554,23.09390786559154,1.5511418853255587,1.6773861059575346,19.68713556851312,24.326773566569482,8.55278182701652,6.1853741496598635,15.077644152899255,11.61528182701652,14.252551020408163,0.6897031539888683,7.833224988837234,1.708741938333775,4.072278911564625,5.181624922696351,1.0398850016196954,1.2468719630709426,1.544298671849692,24.760386297376094,0.6383219954648526,79.69519192542151,0.3039965986394558,7.862360853432282,1.822532909267603,1.0501700680272108,19.323718231881497,0.7226786818623553,1.921768707482993,0.2551020408163265,0.8865605766115969,0.4342808551992225,3.984268707482993,9.312856148953088,1.137329931972789,0.22151360544217685,0.5399659863945577,2.5958859734369937,3.6592565597667637,0.21331389698736636,0.0,0.0,1.559748358217746,5.3125,1.5999149659863945,1.2840136054421767,0.0,1.30466472303207,0.21080336896663426,3.3460884353741496,13.45812074829932,1.3313896987366376,0.2757531584062196,16.301362752893365,4.2602040816326525,0.0,0.0,0.0,0.0,0.0,0.0,3.75,0.0,1.25,3.3843537414965983,0.0,0.0,0.0,4.0476190476190474,1.3010204081632653,0.8333333333333333,1.8488824101069,0.0,14.676020408163264,9.306972789115646,0.0,0.0,0.5178571428571428,1.7176870748299318,0.0,0.0,0.0,0.0,5.944727891156463,1.2427721088435373,0.9472789115646258,0.0,0.0,0.0,0.0,1.3010204081632653,3.2142857142857144,8.755871396177518,0.0,2.2611961451247167,0.0,0.0,1.3010204081632653,0.2465986394557823,0.0,0.0,0.0,0.0,0.0,0.0,0.0,0.0,0.0,12.600400874635568,0.0,1.8887471655328798,0.0,0.0,0.0,8.920068027210885,0.0,0.0,0.0,0.0,0.0,0.0,1.2798134405277262,0.0,0.0,0.0,5.887471655328798,0.0,0.0,0.0,0.0,1.7916666666666665,0.0,0.0,0.0,0.0,0.0,0.0,0.0,0.0,0.0,0.0,0.0,0.0,0.0,0.0,0.0,0.0,0.0,0.0,0.0,4.0,0.0,5.493197278911564,0.0,0.0,0.0,0.0,0.0,3.7319808875931324,0.0,0.0,0.0,1.25,0.0,0.8580944282474894,0.0,0.0,0.0,10.262390670553936,0.0,0.0,1.260204081632653,0.59897351797862,1.2645772594752187,1.2691326530612246,1.5918367346938773,0.8770651117589893,0.0,0.0,0.0,0.0,0.0,0.0,0.0,0.0,0.4480638409209837,0.0,2.575680272108843,11.083333333333332,0.0,0.0,0.0,0.0,0.0,0.0,0.0,0.31978862973760935,0.0,0.42431972789115646
0.4605263157894737,0.0,0.3125,0.0,0.0,0.0,0.0,0.0,0.0,0.0,0.0,0.0,0.0,0.0,0.0,0.0,0.0,0.0,0.0,0.0,0.0,0.0,0.9375,0.0,0.0,0.0,0.0,0.0,0.0,0.0,0.0,0.0,0.0,0.0,0.0,0.0,0.0,0.0,0.0,0.0,0.0,0.0,0.0,0.0,0.0,0.0,0.0,0.0,0.0,0.0,0.0,0.0,0.0,0.0,0.0,0.0,0.0,0.0,0.0,0.0,0.0,0.0,0.0,0.0,0.0,0.0,0.0,0.0,0.0,0.0,0.0,0.0,0.0,0.0,0.0,0.0,0.0,0.0,0.0,0.0,0.0,0.0,0.0,0.0,0.0,0.0,0.0,0.0,0.0,0.0,0.0,0.0,0.0,0.0,0.0,0.0,0.0,0.0,0.0,0.0,0.0,0.0,0.0,0.0,0.0,0.0,0.0,0.0,0.0,0.0,0.0,0.0,0.0,0.0,0.0,0.0,0.0,0.0,0.0,0.0,0.0,0.0,0.0,0.0,0.0,0.0,0.0,0.0,0.0,0.0,0.0,0.0,0.0,0.0,0.0,0.0,0.0,0.0,0.0,0.0,0.0,0.0,0.0,0.0,0.0,0.0,0.0,0.0,0.0,0.0,0.0,0.0,0.0,0.0,0.0,0.0,0.0,0.0,0.0,0.0,0.0,0.0,0.0,0.0,0.0,0.0,0.0,0.0,0.0,0.0,0.0,0.0,0.0,0.0,0.0,0.0,0.0,0.0,0.0,0.0,0.0,0.0,0.0,0.0,0.0,0.0,0.0,0.0,0.0,0.0,0.0,0.0,0.0,0.0,0.0,0.0,0.0,0.0,0.0,0.0
76.25803937166263,20.049014477585903,50.48559575345289,10.34438775510204,17.142857142857142,43.57991016919588,49.19632799356301,4.2478741496598635,15.556135332921047,8.668367346938775,9.035714285714285,11.485544217687075,1.9920634920634919,6.505668934240362,7.004578754578754,12.38988095238095,13.096513605442176,0.0,12.097789115646258,0.22959183673469385,4.973639455782313,9.857568027210883,0.4613095238095238,17.445294784580497,24.806972789115644,4.735827664399093,6.201530612244897,16.145549886621314,0.0,5.042942176870747,0.0,0.0,0.0,3.2971938775510203,5.343112244897958,6.8767006802721085,0.3571428571428571,5.977324263038549,7.051020408163264,1.548731030873888,0.0,0.0,0.0,6.305272108843537,0.5059523809523809,3.5646258503401356,0.0,0.0,0.0,1.9132653061224487,5.624716553287981,0.0,0.0,0.0,0.0,11.48143424036281,20.610763244691814,0.0,5.160714285714286,0.0,8.048044217687075,0.0,0.0,0.0,3.016581632653061,0.24999999999999997,0.0,1.3392857142857142,0.0,0.7619047619047619,0.0,0.0,2.522108843537415,0.0,0.0,0.0,0.0,0.0,1.318712969058591,8.077380952380953,0.0,0.0,0.0,0.0,3.956120268620268,1.1825396825396826,0.0,0.0,0.0,0.0,0.0,1.482142857142857,0.0,11.747023809523808,0.0,6.349914965986394,7.523809523809523,0.0,0.0,0.0,4.1687925170068025,0.6551870748299319,0.0,0.0,0.0,0.0,2.142857142857143,0.0,0.0,1.3314909297052153,0.0,0.7712585034013605,0.0,0.0,2.119047619047619,4.133928571428571,1.7142857142857142,0.0,0.0,0.0,0.0,0.0,2.436322605965463,0.0,0.0,0.0,0.8078231292517006,0.0,0.0,0.0,0.0,0.0,0.0,0.0,0.0,2.0493197278911564,2.571428571428571,0.5952380952380951,0.5399659863945577,0.0,0.0,0.0,0.0,0.0,0.0,1.2426358363858363,0.0,0.0,0.0,0.26530612244897955,0.0,1.1845238095238093,0.0,0.0,0.0,0.0,0.0,0.0,0.0,0.0,0.0,0.7295918367346939,2.325255102040816,0.0,0.0,2.032738095238095,1.2653061224489794,0.0,0.0,0.8744331065759636,0.0,0.4081632653061224,1.135204081632653,1.5926870748299318,1.0267857142857142,0.30357142857142855,2.6628401360544216,0.5357142857142857,0.0,0.0,0.0,0.0,0.49999999999999994,0.0,0.0,1.6267006802721087,4.928571428571428,0.0,0.7226473922902494,0.0,0.0,0.0,0.0,0.0,0.0,0.0,0.0,0.0,2.954365079365079,0.0
140.51388123984654,196.82097318777315,116.61622969044844,66.4017719356261,88.67273987586488,61.655145625444796,86.15071131141359,25.109410895558284,47.414785532812914,48.17402447089947,31.84179925976801,41.14594878143289,1.6805012635236516,29.962432226678548,25.472188486006115,23.908234126984127,29.043301316738816,85.50748604837307,24.435965365652866,17.18072384187123,23.11634892884893,17.069129655067155,39.07215966299455,44.98715828924162,22.460596694971695,57.35850694444444,12.351893187830688,14.047010281385282,8.46577380952381,26.564673702335337,23.142691798941797,20.640749007936506,13.953125,34.09281305114638,11.142113095238095,12.931104925857724,3.145833333333333,46.40547124784257,4.681818181818182,18.981746518051665,3.458333333333333,46.696476266788764,37.890032491726295,6.9599567099567095,4.5436507936507935,0.0,21.434432585294655,2.5757783882783882,10.584821428571429,3.806193310657596,5.462684884559884,8.05530753968254,45.60951900921659,8.89476434513199,0.36237373737373735,0.0,3.4977532679738563,32.86054743867244,2.289857609710551,4.951512896825396,0.20343660968660968,15.899292599502488,1.015625,2.470486111111111,0.2825091575091575,32.28577152014652,5.232729076479076,0.7638888888888888,7.823528901653901,0.0,0.642361111111111,6.065137987012987,1.2132936507936507,1.3708639705882353,0.4407051282051282,2.0,15.972422542735043,2.091765873015873,0.4003456221198156,0.0,1.9517045454545454,2.968484268707483,1.5347222222222223,4.560763888888889,0.0,0.0,3.2100694444444446,1.544642857142857,1.7093028499278498,0.21875,0.8706467661691542,4.510664682539683,10.541666666666666,0.3125,1.4300595238095237,3.877265963203463,4.024012445887446,5.7131410256410255,1.8923611111111112,3.489914021164021,0.8333333333333333,5.520833333333333,0.0,1.0188769693200663,1.7681051587301586,1.5353535353535355,1.1845238095238095,4.796092796092796,0.3928571428571428,1.1041666666666667,0.20833333333333334,0.625,13.171607905982906,4.509176587301587,1.5625,7.845982142857142,0.75,1.0003035159285159,0.6211670274170273,2.977193813131313,3.5545296717171717,6.271701388888888,0.65625,1.1119791666666667,0.0,4.200892857142857,3.6061507936507935,1.398375496031746,0.4427083333333333,51.764136904761905,7.575600614663115,0.0,3.009052579365079,2.7321350524475525,0.29166666666666663,0.0,0.0,12.042782738095237,23.90277777777778,2.1884920634920633,3.175719246031746,1.4810267857142856,0.8022186147186148,0.24739583333333331,0.6004464285714286,0.2777777777777778,1.1067708333333333,2.708333333333333,0.0,0.3125,0.0,0.7008928571428571,0.25297619047619047,0.0,4.346726190476191,1.2132034632034632,0.0,0.0,1.3836805555555556,0.0,0.0,0.0,1.8072916666666665,0.6107200091575091,0.0,0.40900735294117646,0.9688358516483516,0.0,9.435763888888888,0.25,0.0,0.0,0.3415032679738562,0.0,1.1779513888888888,0.0,0.0,0.0,1.0323660714285714,0.625,1.0643028846153846,0.0,0.0,0.0,0.0,0.0,0.0,0.3571428571428571,0.0,2.5,0.0,0.33854166666666663,0.7142857142857142,0.27232142857142855,0.26041666666666663,4.94078144078144,0.0,0.0,2.2703373015873014,0.0
35.94444444444444,5.412247474747475,5.698863636363636,21.68087121212121,14.550189393939394,7.277462121212121,2.3863636363636362,10.953282828282829,0.7102272727272727,4.985164141414142,9.125,4.69760101010101,1.3603896103896105,0.9090909090909091,2.054924242424242,3.5309343434343434,7.097222222222222,2.5883838383838382,8.705176767676768,0.8267045454545454,1.3475378787878787,1.2702020202020203,1.25,1.5151515151515151,2.0928030303030303,2.2657377344877343,1.25,1.8749999999999998,0.6534090909090908,0.8238636363636365,1.4053030303030303,1.6666666666666665,0.9422348484848484,0.3472222222222222,0.0,0.0,0.0,0.0,0.0,0.41666666666666663,0.0,3.012121212121212,0.0,13.551767676767676,4.861111111111111,3.431818181818182,0.2967171717171717,7.7414772727272725,0.2272727272727273,0.0,0.41666666666666663,1.5277777777777777,1.1297348484848484,0.41666666666666663,0.0,0.0,0.0,0.0,0.0,0.0,0.0,0.0,0.9422348484848484,0.0,1.4772727272727273,4.1856060606060606,0.0,1.8323863636363638,0.0,0.0,0.0,0.0,0.0,0.0,0.0,0.0,0.0,0.0,1.875,0.0,0.0,0.0,0.43560606060606066,0.41666666666666663,0.0,0.7196969696969697,0.2272727272727273,0.0,0.0,0.20833333333333331,0.0,4.273944805194805,2.5104166666666665,0.7796717171717171,1.6098484848484849,0.0,0.0,0.0,0.2777777777777778,0.0,0.2272727272727273,0.0,0.0,0.0,0.0,0.0,0.6467803030303031,0.0,6.704545454545455,0.0,0.0,1.0416666666666665,0.46875,0.41666666666666663,0.0,0.0,0.0,1.3636363636363638,0.0,0.0,0.3835227272727273,0.0,0.0,0.0,0.0,0.0,0.0,0.0,0.0,0.8333333333333333,0.0,0.0,0.0,0.0,0.0,0.0,1.893939393939394,0.0,0.0,0.0,0.0,0.0,0.0,0.0,0.0,0.0,0.0,0.0,0.0,0.0,0.0,0.0,0.0,0.0,0.0,0.3125,0.20833333333333331,0.0,0.0,0.0,0.0,0.0,0.0,0.0,0.35984848484848486,0.0,0.0,0.0,0.0,0.20833333333333331,0.0,0.0,0.0,0.0,0.0,0.0,0.0,0.0,0.0,0.0,0.0,0.0,0.0,0.0,0.0,0.0,0.0,0.0,0.0,0.0,0.0,0.0,0.0,0.20833333333333331,0.0,0.0,0.0,0.0,0.0,0.0
72.09137270499598,20.049014477585903,47.98559575345289,10.34438775510204,17.142857142857142,43.57991016919588,48.91855021578523,4.2478741496598635,15.139468666254379,8.668367346938775,9.035714285714285,10.860544217687075,1.7142857142857142,6.505668934240362,7.004578754578754,10.723214285714285,13.929846938775508,0.0,12.097789115646258,0.22959183673469385,4.973639455782313,9.857568027210883,0.4613095238095238,16.750850340136054,24.806972789115644,4.735827664399093,6.201530612244897,13.645549886621314,0.0,5.042942176870747,0.0,0.0,0.0,3.2971938775510203,5.343112244897958,6.8767006802721085,0.3571428571428571,5.977324263038549,6.217687074829931,1.548731030873888,0.0,0.0,0.0,3.8052721088435373,0.5059523809523809,3.5646258503401356,0.0,0.0,0.0,2.746598639455782,5.624716553287981,0.0,0.0,0.0,0.0,11.064767573696145,20.610763244691814,0.0,5.160714285714286,0.0,3.5480442176870746,0.0,0.0,0.0,3.016581632653061,0.24999999999999997,0.0,1.3392857142857142,0.0,0.7619047619047619,0.0,0.0,2.522108843537415,0.0,0.0,0.0,0.0,0.0,1.318712969058591,10.577380952380953,0.0,0.0,0.0,0.0,3.956120268620268,1.1825396825396826,0.0,0.0,0.0,0.0,0.0,1.482142857142857,0.0,11.747023809523808,0.0,6.349914965986394,7.523809523809523,0.0,0.0,0.0,4.1687925170068025,0.6551870748299319,0.0,0.0,0.0,0.0,2.142857142857143,0.0,0.0,1.3314909297052153,0.0,0.7712585034013605,0.0,0.0,2.119047619047619,4.133928571428571,1.7142857142857142,0.0,0.0,0.0,0.0,0.0,2.436322605965463,0.0,0.0,0.0,0.8078231292517006,0.0,0.0,0.0,0.0,0.0,0.0,0.0,0.0,2.0493197278911564,2.571428571428571,0.5952380952380951,0.5399659863945577,0.0,0.0,0.0,0.0,0.0,0.0,0.9648580586080585,0.0,0.0,0.0,0.26530612244897955,0.0,1.1845238095238093,0.0,0.0,0.0,0.0,0.0,0.0,0.0,0.0,0.0,0.7295918367346939,2.325255102040816,0.0,0.0,2.032738095238095,1.2653061224489794,0.0,0.0,0.8744331065759636,0.0,0.4081632653061224,1.135204081632653,1.5926870748299318,1.0267857142857142,0.30357142857142855,2.6628401360544216,0.5357142857142857,0.0,0.0,0.0,0.0,0.49999999999999994,0.0,0.0,1.6267006802721087,4.928571428571428,0.0,0.7226473922902494,0.0,0.0,0.0,0.0,0.0,0.0,0.0,0.0,0.0,2.954365079365079,0.0
896.7332210457848,83.46378600141355,135.98003909547276,43.30381629424997,48.11362694844838,111.50037961613216,66.50782515387107,49.34593658892128,50.75694320560392,129.74778304178813,12.419331943566636,42.02140022675737,18.479385693671407,59.910605941218186,8.168563366905204,20.719913623344073,25.311089208410635,9.045837382572076,14.479524726973706,29.183748859819616,69.68002915451895,15.435941043083899,459.8981868471664,17.92953772418058,36.94325912183055,36.817572591807284,68.71857238939006,61.442405100568365,7.87145698689066,0.9842687074829931,4.671768707482993,8.594893909944929,24.556552680596045,32.5172999123892,15.187856148953088,13.69437358276644,7.450680272108843,12.206632653061224,4.63755264010366,3.364117670877875,15.541686912860381,19.403698979591837,3.170138888888889,28.39476519323458,0.0,51.55899234693877,2.648191094619666,1.25,17.971331389698737,9.012886702299967,2.8460884353741496,39.47214491857349,5.395377793974733,15.13346835987142,30.082116721147333,18.14274862042719,2.5510204081632653,0.0,0.0,3.079142371234208,7.506660997732427,2.21379980563654,0.5729166666666666,0.7929421768707483,34.00198412698413,20.875094482237337,0.8418367346938774,1.125,0.0,3.645833333333333,0.4537981859410431,0.0,9.7863824101069,0.0,0.2593537414965986,10.552012471655328,0.0,0.0,2.839285714285714,11.604591836734693,2.158801020408163,1.3052721088435373,2.0014880952380953,5.024891774891775,1.6166028911564625,9.055858328179756,93.40561224489795,13.551020408163264,0.0,0.0,0.646865889212828,0.0,1.5476190476190474,7.304482507288629,5.343537414965986,1.9070294784580497,4.910714285714286,0.3125,0.0,2.645408163265306,19.375992063492063,0.0,0.0,0.0,0.0,5.428571428571428,0.25637755102040816,2.5,0.0,6.2255361560208495,0.0,56.39790120593692,0.0,0.0,0.7950680272108843,21.46173469387755,9.180272108843537,5.0,0.0,0.3010204081632653,1.25,0.625,2.467313440527726,0.0,0.75,0.0,18.372229952587094,2.141642371234208,7.048955296404276,0.0,0.8184523809523809,15.581349206349206,0.0,0.8333333333333333,1.90625,17.896825396825395,0.0,0.0,8.887825963718821,1.25,0.0,0.0,0.0,1.6666666666666665,0.20833333333333331,2.875,0.0,1.2864431486880465,0.0,1.1458333333333335,0.41666666666666663,11.701388888888888,0.0,144.94123419569848,0.0,0.0,0.0,0.0,0.0,0.6069808875931324,0.0,55.36166788143829,0.0,1.09375,0.0,1.4414277615808229,0.5973639455782312,12.411564625850339,0.0,10.118045432458697,0.25,5.84963474025974,0.5794005102040816,4.568805769060871,2.574101068999028,0.2464053803339518,25.276360544217685,0.4603984450923226,0.0,0.0,0.0,1.0277777777777777,1.1964285714285714,0.0,2.5595238095238093,5.084183673469387,1.576536063143206,1.7857142857142856,3.3197278911564623,107.0625,0.9583333333333333,0.3571428571428571,0.0,0.0,0.0,0.0,7.916666666666666,1.2572886297376094,0.0,16.563208616780045
18.233059748748524,0.46518390906146007,7.60283643702011,0.30114188532555874,1.6205679241393525,0.47880223517978615,1.812884677680596,0.6152818270165208,1.1853741496598638,1.6054219306770328,0.347424684159378,0.3567176870748299,0.5508142650999794,0.36298689359913844,0.2504086050004417,2.512755102040816,0.5774582560296846,0.4148850016196955,0.30937196307094267,0.2942986718496923,0.26038629737609326,0.6383219954648526,1.3509007998803917,0.9984410430839002,0.25819418676561534,0.0,0.21683673469387757,0.6749087080719733,0.30601201519568866,0.2551020408163265,0.2551020408163265,0.8865605766115969,0.4342808551992225,0.0,0.9378561489530877,0.0,0.22151360544217685,1.373299319727891,1.2208859734369937,0.43008989310009715,0.21331389698736636,0.0,0.0,0.31606148953087726,0.0,0.0,0.0,0.0,1.30466472303207,0.21080336896663426,0.0,0.8018707482993197,0.0,0.2757531584062196,0.47398180051241273,0.510204081632653,0.0,0.0,0.0,0.0,4.596938775510204,0.0,0.0,0.0,0.0,0.0,0.0,0.0,0.0,0.29761904761904756,0.0,0.0,0.0,0.0,0.0,0.0,0.0,0.0,0.5178571428571428,0.0,0.0,0.0,0.0,0.0,0.0,0.3469387755102041,0.28061224489795916,0.0,0.0,0.0,0.0,0.0,0.0,0.6308713961775186,0.0,2.5736961451247162,0.0,0.0,0.0,0.2465986394557823,0.0,0.0,0.0,0.0,0.0,0.0,0.0,0.0,0.0,0.0,0.0,0.0,0.0,0.0,0.0,0.0,0.0,0.0,0.0,0.0,0.0,0.0,0.23814677386105956,0.0,0.0,0.0,0.0,0.0,0.0,0.0,0.0,0.3333333333333333,0.0,0.0,0.0,0.0,0.0,0.0,0.0,0.0,0.0,0.3010204081632653,0.0,0.0,0.0,0.4340277777777778,0.0,0.0,0.0,0.0,0.0,0.0,0.0,0.0,0.0,0.0,0.0,0.0,0.0,0.6069808875931324,0.0,0.0,0.0,0.0,0.0,0.0,0.0,0.0,0.0,0.0,0.0,0.0,0.0,2.2730806608357628,0.0,0.0,0.0,0.0,0.0,0.0,0.0,0.0,2.5,0.0,0.0,0.0,0.0,0.0,0.0,0.0,0.0,0.0,0.0,0.0,0.0,0.0,0.0,0.0,0.0,0.0
19.04040067519545,10.612678048379008,5.541666666666666,3.071003401360544,18.571262368583795,8.339396766169154,23.05017006802721,4.778597446441262,3.5825636288998353,7.433667027417027,3.4392006802721085,1.4219676201552534,1.4882062899786779,4.074404761904762,2.501110518834399,2.776785714285714,4.705357142857142,1.2747379175550815,2.9345238095238093,0.8425855416793583,2.538407029478458,3.677465986394558,0.3349324804548685,1.2032312925170068,1.2291666666666665,5.587585034013605,4.32610544217687,0.0,2.54187925170068,0.4155582922824302,2.462018140589569,0.0,0.41666666666666663,0.0,0.7976190476190476,2.287402274342573,0.7053571428571428,0.30357142857142855,0.4124149659863945,0.0,2.1875,0.3928571428571428,1.030612244897959,0.0,0.39038342609771176,0.0,0.7303981937602626,0.4183673469387755,0.3720238095238095,0.0,0.2040816326530612,0.0,0.0,1.0,0.0,0.0,0.0,0.2040816326530612,0.4464285714285714,0.5357142857142857,0.0,0.41996649406031067,0.40178571428571425,1.4285714285714286,0.0,0.20833333333333331,0.274234693877551,0.2619047619047619,0.0,0.0,0.0,0.0,0.0,0.3571428571428571,0.0,0.0,1.5119047619047619,0.0,0.0,0.0,0.0,0.0,0.0,0.0,0.0,0.0,0.0,0.0,0.0,0.20833333333333331,0.21588486140724944,0.0,0.0,0.0,0.0,0.0,0.0,0.0,0.4464285714285714,0.0,0.0,0.0,0.0,0.30830021968081667,0.625,0.23809523809523808,0.0,0.0,0.0,0.0,0.3422619047619047,0.0,0.29761904761904756,0.0,0.0,0.0,0.0,0.30761698618841476,0.28869047619047616,0.0,0.7142857142857142,0.0,0.0,0.0,0.8541666666666666,0.0,0.0,0.0,0.0,0.0,0.0,0.0,0.0,0.21258503401360543,0.0,0.3571428571428571,0.0,0.0,0.0,0.0,0.0,0.0,0.0,0.0,0.0,1.2113095238095237,0.44217687074829926,0.0,0.0,0.0,0.32312925170068024,0.0,0.0,0.0,0.758078231292517,0.0,0.0,0.0,0.0,0.0,0.0,0.0,0.0,1.056547619047619,0.0,0.0,0.0,0.0,0.0,0.0,0.0,0.0,0.0,0.0,0.0,0.0,0.0,0.0,0.0,0.0,0.0,0.0,0.0,0.2678571428571428,0.0,0.0,0.0,0.0,0.0,0.0,0.0,0.0,0.0,0.0,0.0,0.0,0.0,0.0,0.0,0.0
8.699382215007216,5.527777777777778,1.71875,0.6171875,1.6614583333333333,3.0182291666666665,4.535951028138528,1.6145833333333333,0.48611111111111105,2.080357142857143,2.1296296296296298,1.6279761904761905,1.4322916666666667,1.7491319444444444,3.767857142857143,0.546875,2.6736111111111107,0.0,2.5386904761904763,0.5127314814814814,6.805555555555555,0.8333333333333333,2.7777777777777777,3.958333333333333,0.8705357142857142,0.6150793650793651,1.2022569444444444,0.0,0.7291666666666666,0.0,0.41666666666666663,0.0,0.0,0.0,2.7176339285714284,0.7936507936507937,0.0,0.3125,0.0,9.94119162087912,0.2734375,0.0,1.65625,0.0,0.0,0.0,1.1458333333333333,0.0,0.8333333333333333,0.2777777777777778,3.75,0.9347943722943722,0.27469758064516125,0.2678571428571428,0.0,0.0,0.0,1.346153846153846,0.0,0.0,0.0,0.6967592592592592,0.0,0.0,0.0,0.0,0.0,0.0,2.1041666666666665,0.0,0.0,0.0,0.2777777777777778,0.0,0.4196428571428571,0.0,0.0,0.0,0.0,1.7916666666666665,0.0,0.625,0.0,3.1746031746031744,0.0,0.4166666666666667,0.0,0.0,0.0,0.8697916666666666,0.0,0.8203125,0.0,0.0,0.41666666666666663,0.0,0.0,0.34375,0.0,0.0,0.23958333333333331,0.0,0.0,0.0,0.0,0.0,0.0,0.0,0.0,0.0,1.5866815476190474,0.0,0.0,0.0,0.0,0.0,0.0,0.0,0.0,0.0,0.0,0.0,0.0,0.41666666666666663,0.0,0.0,0.0,0.0,0.0,0.0,0.0,0.0,0.0,0.0,0.0,0.3125,0.0,0.0,0.0,0.0,0.0,0.0,0.0,0.0,0.0,0.0,0.0,0.0,0.0,0.0,0.0,0.0,0.0,0.0,0.0,0.0,0.20833333333333331,0.0,0.0,0.625,1.25,0.0,0.25,0.0,0.0,0.0,0.0,0.0,0.0,0.0,0.0,0.0,0.0,0.0,0.0,1.25,0.0,0.0,0.0,0.0,0.0,0.0,0.0,0.0,0.0,0.31818181818181823,0.0,0.0,0.0,0.9374999999999999,0.0,0.0,0.0,0.0,0.0,0.0,0.43612637362637363,0.0,0.0,0.8453525641025641
40.3327621297009,4.645739464617016,1.0611697703534437,1.134475218658892,0.3705679241393527,8.749635568513119,15.61438179167771,3.1152818270165206,0.7687074829931972,1.4665330417881437,5.347424684159377,0.3567176870748299,0.2730364873222016,0.36298689359913844,0.6184641605559973,19.953231292517007,0.9941249226963512,1.6648850016196954,0.30937196307094267,2.7942986718496923,1.0937196307094266,3.1383219954648527,4.6842341332137245,0.3039965986394558,3.901051329622758,1.6141995759342698,0.21683673469387757,2.9695515652148305,0.30601201519568866,0.8801020408163265,0.2551020408163265,0.8865605766115969,0.4342808551992225,0.0,0.9378561489530877,0.0,0.22151360544217685,0.0,8.363743116294136,2.305089893100097,0.21331389698736636,0.0,0.0,2.6771726006419883,0.0,0.0,0.0,0.0,0.0,0.21080336896663426,0.0,0.8018707482993197,0.0,0.2757531584062196,0.47398180051241273,0.7185374149659864,0.5510204081632653,0.0,0.0,1.3083090379008746,0.0,0.0,0.0,0.0,0.0,0.0,0.0,0.0,0.0,0.29761904761904756,0.0,0.0,0.0,0.0,0.0,0.0,0.0,0.0,0.5178571428571428,6.801020408163265,0.0,0.0,0.0,0.0,0.0,0.0,0.28061224489795916,0.0,0.0,0.0,0.0,0.0,0.0,1.325315840621963,0.0,0.0,0.0,0.0,0.0,0.2465986394557823,0.0,0.0,0.0,0.0,0.0,0.0,0.0,0.0,0.0,0.0,0.0,0.0,0.0,0.0,0.0,0.0,0.0,0.0,0.0,0.0,0.0,0.5,0.23814677386105956,0.0,0.0,0.0,0.0,0.0,0.0,0.0,0.0,2.833333333333333,0.0,0.0,0.0,0.8333333333333333,0.0,0.0,0.0,0.0,0.0,0.0,0.0,0.0,0.0,0.0,0.0,0.0,0.0,0.0,0.0,0.3571428571428571,0.0,0.0,0.0,0.0,0.0,0.0,0.0,0.6069808875931324,0.0,0.0,0.0,0.0,0.0,0.0,0.0,0.0,0.0,0.0,0.0,0.0,0.0,0.0,0.0,0.0,0.0,0.0,0.0,0.0,0.0,0.0,0.0,0.0,0.0,0.0,0.0,0.0,0.0,0.0,0.0,0.0,0.0,0.0,0.0,0.0,0.0,0.0,4.29421768707483,0.0
19.8734709022209,13.087454975579975,3.430655174405174,11.726883903133903,6.065882173382173,5.967763278388278,2.1838980463980464,4.964206349206349,4.480925671550671,9.049803526053525,0.9127480158730159,18.5943853021978,2.8548992673992672,4.693962563337563,2.994405525030525,14.135545634920636,12.926675824175824,2.4827480158730157,0.5452628968253969,1.533068147130647,2.390426587301587,6.654108669108669,3.8976149776149773,2.4829326923076924,7.659718337218337,23.286009996947495,1.692718253968254,3.8039300976800976,2.1969815254190252,2.335138195138195,4.542147435897435,4.091830738705739,1.9934065934065934,5.129350198412698,2.896971153846154,1.0285149572649572,0.8118551587301587,7.197028769841269,2.502938415750916,1.1885206807081807,2.137171855921856,0.0,0.0,0.35622710622710624,0.0,0.5712950244200243,0.0,0.3084134615384615,4.0005933302808305,2.5588576007326007,0.6077686202686202,4.63065349002849,0.0,0.6288141025641025,4.981019917582417,4.186351114163614,1.1359249084249083,0.0,4.004806547619047,0.315892094017094,0.49428037240537237,0.23821924603174605,0.2914300976800977,1.8979552045177046,0.0,0.0,0.0,0.2564102564102564,0.0,0.2622767857142857,0.5750457875457875,0.275,1.1753968253968254,0.21770833333333334,0.2673611111111111,3.1373242266992265,0.0,0.35,0.0,0.0,1.3963541666666666,1.101686507936508,2.05250296000296,0.4769345238095238,0.882688492063492,0.0,0.0,0.0,1.6807844932844933,0.3383279914529915,0.390625,0.0,0.0,0.0,0.2777777777777778,1.005406746031746,0.5908333333333333,0.0,0.5039930555555555,0.0,0.0,0.0,0.770436507936508,0.0,0.0,0.0,0.5694673382173382,0.0,0.0,0.2361111111111111,0.0,0.0,0.0,0.0,1.4146825396825398,0.0,0.5282837301587301,0.0,0.0,0.0,0.0,0.0,0.0,0.0,0.0,0.6073069291819292,0.0,0.4117483211233211,0.0,0.0,0.0,1.0094551282051283,0.0,0.0,0.0,0.0,0.0,0.0,0.0,0.0,0.0,0.0,0.0,0.0,0.3855406746031746,0.3171626984126984,0.0,0.0,0.0,0.0,0.0,0.0,0.0,0.3721230158730159,0.0,0.0,0.0,0.26666666666666666,0.0,0.0,0.0,0.25605921855921854,0.4123263888888889,0.0,0.0,0.0,0.0,0.0,0.0,0.0,0.0,0.0,0.0,0.0,0.0,0.0,0.7135416666666666,0.9861912393162393,0.0,0.0,0.0,0.0,0.0,0.0,0.0,0.0,0.0,0.0,0.0,0.0,0.0,0.0,0.0,0.0,0.0,0.0,0.0,0.0,0.0,0.670400641025641
23.6234709022209,13.087454975579975,3.430655174405174,11.726883903133903,6.065882173382173,5.967763278388278,2.1838980463980464,4.964206349206349,4.480925671550671,9.049803526053525,0.9127480158730159,18.5943853021978,2.8548992673992672,4.693962563337563,2.994405525030525,14.135545634920636,12.926675824175824,2.4827480158730157,0.5452628968253969,1.533068147130647,2.390426587301587,6.654108669108669,3.8976149776149773,2.4829326923076924,7.659718337218337,23.286009996947495,1.692718253968254,3.8039300976800976,2.1969815254190252,2.335138195138195,4.542147435897435,4.091830738705739,1.9934065934065934,5.129350198412698,2.896971153846154,1.0285149572649572,0.8118551587301587,7.197028769841269,2.502938415750916,1.1885206807081807,2.137171855921856,0.0,0.0,0.35622710622710624,0.0,0.5712950244200243,0.0,0.3084134615384615,4.0005933302808305,2.5588576007326007,0.6077686202686202,4.63065349002849,0.0,0.6288141025641025,4.981019917582417,4.186351114163614,1.1359249084249083,0.0,4.004806547619047,0.315892094017094,0.49428037240537237,0.23821924603174605,0.2914300976800977,1.8979552045177046,0.0,0.0,0.0,0.2564102564102564,0.0,0.2622767857142857,0.5750457875457875,0.275,1.8003968253968254,0.21770833333333334,0.2673611111111111,3.1373242266992265,0.0,0.35,0.0,0.0,1.3963541666666666,1.101686507936508,2.05250296000296,0.4769345238095238,0.882688492063492,0.0,0.0,0.0,1.6807844932844933,0.3383279914529915,0.390625,0.0,0.0,0.0,0.2777777777777778,1.005406746031746,0.5908333333333333,0.0,0.5039930555555555,0.0,0.0,0.0,0.770436507936508,0.0,0.0,0.0,0.5694673382173382,0.0,0.0,0.2361111111111111,0.0,0.0,0.0,0.0,1.4146825396825398,0.0,0.5282837301587301,0.0,0.0,0.0,0.0,0.0,0.0,0.0,0.0,0.6073069291819292,0.0,0.4117483211233211,0.0,0.0,0.0,1.0094551282051283,0.0,0.0,0.0,0.0,0.0,0.0,0.0,0.0,0.0,0.0,0.0,0.0,0.3855406746031746,0.3171626984126984,0.0,0.0,0.0,0.0,0.0,0.0,0.0,0.3721230158730159,0.0,0.0,0.0,0.26666666666666666,0.0,0.0,0.0,0.25605921855921854,0.4123263888888889,0.0,0.0,0.0,0.0,0.0,0.0,0.0,0.0,0.0,0.0,0.0,0.0,0.0,0.7135416666666666,0.9861912393162393,0.0,0.0,0.0,0.0,0.0,0.0,0.0,0.0,0.0,0.0,0.0,0.0,0.0,0.0,0.0,0.0,0.0,0.0,0.0,0.0,0.0,0.670400641025641
58.54262865206743,21.100104543982095,11.518511040194714,15.820081279264953,18.130488559059987,17.012532393909943,15.7285592808552,12.809726271460965,18.49489795918367,24.480421930677032,2.2224246841593778,7.384495464852607,1.0003092145949288,11.2498916555039,5.647234001825838,11.828231292517007,12.434601113172542,8.655956430191123,1.8371497408487205,1.7942986718496923,4.42705296404276,5.617488662131519,25.541376990356582,4.7484410430839,7.491599670171098,31.530866242600936,5.133503401360544,3.7582420414053064,4.270658479842154,0.2551020408163265,1.0884353741496597,4.949060576611597,3.350947521865889,2.570578231292517,13.300951387048325,2.699829931972789,0.22151360544217685,11.794294990723563,0.3875526401036605,11.370566083576287,0.44058662426009365,0.9349489795918366,0.41666666666666663,5.149394822864211,4.023809523809524,2.315192743764172,0.39115646258503395,0.0,11.968355199222545,0.21080336896663426,5.262755102040816,3.123299319727891,0.0,0.2757531584062196,2.973981800512413,26.95861678004535,1.6224489795918366,0.0,13.80225726654298,1.486880466472303,5.096938775510204,1.630466472303207,0.0,2.563775510204082,2.5,3.314909297052154,0.0,7.152777777777778,0.0,4.3601190476190474,1.3010204081632653,0.0,9.119715743440233,0.0,1.7176870748299318,5.418083900226757,0.0,0.0,0.5178571428571428,1.6760204081632653,2.002551020408163,0.0,3.5416666666666665,0.0,7.212585034013605,0.0,2.9591836734693873,0.0,2.512755102040816,2.857142857142857,4.396865889212828,5.467687074829931,1.130952380952381,5.096149173955296,4.0102040816326525,0.38619614512471656,3.2440476190476186,4.166666666666666,1.6135204081632653,0.5590986394557823,3.0426587301587302,2.5,0.3125,0.0,0.0,0.7291666666666666,1.6730442176870748,4.583333333333333,0.0,2.329567541302235,0.0,0.7429138321995464,0.0,0.8996598639455782,1.5807823129251701,2.982568027210884,9.215986394557822,0.0,0.0,0.0,0.0,0.0,0.41671820243248814,0.0,0.0,0.2777777777777778,1.8041383219954648,3.2329122125040493,0.0,0.0,0.0,1.5833333333333333,0.0,0.0,0.0,0.0,2.5,0.0,0.0,0.0,3.3035714285714284,0.0,0.0,0.0,0.0,0.0,0.0,0.0,0.0,0.8125,0.0,1.6666666666666665,0.0,2.1598639455782314,0.0,0.3125,0.0,0.0,0.0,0.6069808875931324,0.0,0.0,0.0,0.0,0.3287981859410431,0.0,0.0,0.0,0.0,0.7534620991253644,0.41666666666666663,0.7224025974025974,2.510204081632653,2.63022351797862,0.0,0.0,0.0,0.0,0.0,0.0,0.0,1.25,0.625,0.0,0.6845238095238095,0.0,1.031397174254317,0.0,2.5340136054421767,6.25,0.0,0.0,0.0,0.0,0.0,0.0,0.0,0.0,0.0,2.436224489795918
68.59137270499598,20.049014477585903,47.98559575345289,10.34438775510204,17.142857142857142,43.32991016919588,48.91855021578523,4.2478741496598635,15.139468666254379,8.668367346938775,9.035714285714285,11.485544217687075,1.7142857142857142,6.505668934240362,7.004578754578754,10.723214285714285,13.096513605442176,0.0,12.097789115646258,0.22959183673469385,4.973639455782313,9.857568027210883,0.4613095238095238,16.750850340136054,24.806972789115644,4.735827664399093,6.201530612244897,13.645549886621314,0.0,5.042942176870747,0.0,0.0,0.0,3.2971938775510203,5.343112244897958,6.8767006802721085,0.3571428571428571,5.977324263038549,6.217687074829931,1.548731030873888,0.0,0.0,0.0,3.8052721088435373,0.5059523809523809,3.5646258503401356,0.0,0.0,0.0,1.9132653061224487,5.624716553287981,0.0,0.0,0.0,0.0,11.064767573696145,19.985763244691814,0.0,5.160714285714286,0.0,3.5480442176870746,0.0,0.0,0.0,3.016581632653061,0.24999999999999997,0.0,1.3392857142857142,0.0,0.7619047619047619,0.0,0.0,2.522108843537415,0.0,0.0,0.0,0.0,0.0,1.318712969058591,8.077380952380953,0.0,0.0,0.0,0.0,3.956120268620268,1.1825396825396826,0.0,0.0,0.0,0.0,0.0,1.482142857142857,0.0,11.747023809523808,0.0,6.349914965986394,7.523809523809523,0.0,0.0,0.0,4.1687925170068025,0.6551870748299319,0.0,0.0,0.0,0.0,2.142857142857143,0.0,0.0,1.3314909297052153,0.0,0.7712585034013605,0.0,0.0,2.119047619047619,4.133928571428571,1.7142857142857142,0.0,0.0,0.0,0.0,0.0,2.436322605965463,0.0,0.0,0.0,0.8078231292517006,0.0,0.0,0.0,0.0,0.0,0.0,0.0,0.0,2.0493197278911564,2.571428571428571,0.5952380952380951,0.5399659863945577,0.0,0.0,0.0,0.0,0.0,0.0,0.9648580586080585,0.0,0.0,0.0,0.26530612244897955,0.0,1.1845238095238093,0.0,0.0,0.0,0.0,0.0,0.0,0.0,0.0,0.0,0.7295918367346939,2.325255102040816,0.0,0.0,2.032738095238095,1.2653061224489794,0.0,0.0,0.8744331065759636,0.0,0.4081632653061224,1.135204081632653,1.5926870748299318,1.0267857142857142,0.30357142857142855,2.6628401360544216,0.5357142857142857,0.0,0.0,0.0,0.0,0.49999999999999994,0.0,0.0,1.6267006802721087,4.928571428571428,0.0,0.7226473922902494,0.0,0.0,0.0,0.0,0.0,0.0,0.0,0.0,0.0,2.954365079365079,0.0
10.665178571428571,2.625,1.7982331821617534,0.6815476190476191,1.507936507936508,3.254371620443049,1.2847222222222223,3.6904761904761902,1.7113095238095237,2.2023809523809526,1.276098901098901,0.41666666666666663,9.81547619047619,3.392857142857143,0.7341269841269841,6.533304988662131,1.5297619047619047,0.0,0.20833333333333331,0.0,0.0,6.190476190476191,0.28935185185185186,1.09375,6.9771825396825395,0.20833333333333334,0.5069444444444444,4.5684523809523805,0.7738095238095237,7.04875283446712,0.0,4.456632653061224,0.0,1.4702380952380951,5.528190063904349,0.8095238095238094,1.101190476190476,1.0735544217687074,1.447704081632653,2.8571428571428568,0.0,0.0,0.20833333333333331,0.0,0.0,0.41666666666666663,0.0,0.0,1.0119047619047619,0.30952380952380953,0.2777777777777778,0.0,0.21889400921658983,1.2117346938775508,0.0,0.0,0.46768707482993194,2.083333333333333,1.6666666666666665,0.0,0.7291666666666666,0.0,0.0,1.7738095238095237,0.0,0.0,0.3125,2.9126984126984126,0.0,0.0,0.0,0.41666666666666663,0.0,0.0,0.0,0.0,0.0,0.0,0.0,0.0,0.0,0.0,2.136904761904762,0.0,0.0,0.0,0.0,0.0,0.0,0.0,0.0,0.0,0.0,0.0,0.0,0.0,0.0,1.0714285714285714,0.0,0.4166666666666667,1.1111111111111112,0.0,0.3273809523809524,0.0,0.0,0.0,0.2232142857142857,0.0,0.0,0.41666666666666663,0.0,1.4285714285714284,0.0,0.0,0.0,0.0,0.0,0.0,0.0,0.0,0.0,0.0,0.6547619047619047,0.0,0.0,0.0,0.0,0.0,0.0,0.0,0.7083333333333333,0.0,0.0,3.6805555555555554,0.6245877138734282,0.0,0.0,0.0,0.0,0.0,0.0,0.0,0.0,0.0,0.0,0.0,0.0,0.0,0.41666666666666663,0.0,0.0,0.41666666666666663,0.0,0.0,0.0,0.0,0.0,0.0,0.0,0.0,0.0,0.0,0.0,0.0,0.0,0.0,0.0,0.0,0.0,0.41666666666666663,0.0,0.0,0.0,0.0,0.0,0.0,0.0,0.0,0.2678571428571428,0.0,0.0,0.0,0.0,0.0,0.0,0.0,0.41666666666666663,0.0,0.0,1.1805555555555556,0.0,0.0,0.0,0.0,0.0,0.0,0.0,0.0,0.0,0.0
24.930059523809522,9.970238095238095,14.740152374080946,7.441964285714286,11.904310966810966,26.55645495377638,24.598710317460316,17.66889880952381,14.135912698412698,45.135912698412696,4.07029082029082,12.58843954248366,11.70238095238095,19.24150502275502,7.134920634920634,12.259495464852607,11.495039682539682,1.1696428571428572,4.0476190476190474,11.908659297052154,17.21875,40.325892857142854,5.079530423280423,11.19593253968254,32.294642857142854,2.4433210784313726,16.30902777777778,8.647321428571429,13.300595238095237,21.217403628117914,0.0,8.43579931972789,4.020833333333333,5.589285714285714,13.852053700267986,18.444940476190474,1.101190476190476,27.37719671201814,4.781037414965986,6.359856442577031,6.041666666666666,11.595238095238095,4.261904761904762,3.522727272727273,0.0,4.791666666666666,15.975552721088436,0.0,8.353479853479854,2.380952380952381,3.8611111111111107,0.5,18.942108294930875,8.701814058956916,3.75,2.372519841269841,19.269274376417233,2.083333333333333,7.937499999999999,6.502976190476191,2.5694444444444446,3.6666666666666665,5.208333333333333,3.157738095238095,2.6562499999999996,3.125,12.396374458874458,3.5793650793650795,2.633928571428571,2.3488005050505047,3.3055555555555554,5.348214285714286,2.989583333333333,0.0,3.9012896825396823,5.083333333333333,0.0,0.0,0.0,0.0,3.5510204081632653,7.638888888888888,20.64831349206349,0.0,4.633928571428571,0.0,0.0,6.479166666666666,1.360042735042735,2.4702380952380953,0.8333333333333333,2.809294871794872,0.9375,0.5555555555555556,0.0,0.31845238095238093,3.020833333333333,6.751488095238095,5.416666666666666,1.6666666666666665,1.1111111111111112,2.6641414141414144,5.188492063492063,2.122564935064935,0.0,0.0,3.9732142857142856,0.2777777777777778,0.0,1.0416666666666665,0.0,1.4285714285714284,0.0,0.0,0.5059523809523809,7.291666666666666,0.25,0.0,1.25,0.41666666666666663,1.6742424242424243,0.0,1.9047619047619047,4.583333333333333,0.23809523809523808,0.0,1.25,0.8997252747252746,1.597222222222222,0.0,1.75,0.0,1.3888888888888888,15.889384920634921,0.6245877138734282,2.1527777777777777,0.0,0.5029761904761905,0.9615384615384616,0.0,3.2242063492063493,0.0,1.7678571428571428,0.0,0.25,0.0,0.0,1.0,0.41666666666666663,8.525410353535353,0.9598214285714285,0.41666666666666663,1.3541666666666665,0.0,0.0,1.25,1.0416666666666665,0.0,0.0,0.0,0.7291666666666666,0.0,0.0,0.0,1.25,0.0,1.2954545454545454,0.0,0.0,0.41666666666666663,1.2083333333333333,0.0,0.0,2.65625,0.0,4.46969696969697,1.25,0.5,0.7678571428571428,0.0,0.5729166666666666,0.0,0.0,0.625,0.0,0.0,0.41666666666666663,0.25,0.0,2.371031746031746,2.0277777777777777,0.3125,0.0,0.0,0.0,0.8333333333333333,0.0,0.0,0.0,0.0
26.986035939224713,3.4909775598551107,2.5862548043670492,1.228225218658892,0.3705679241393527,5.466804808003787,3.1124878522837705,4.722424684159378,1.4383503401360545,4.918913994169096,1.449912474147168,2.023384353741496,9.463512677798391,2.5752884809007255,0.29009114468298136,2.617488662131519,1.4822201607915892,0.4148850016196955,1.5593719630709426,2.8453190800129575,0.26038629737609326,0.6978458049886621,6.8717341332137245,1.3977465986394557,3.4258529169243452,0.4713424330771269,0.8626700680272109,7.567765850929116,0.6631548723385458,5.01218820861678,0.2551020408163265,5.3431932296728215,0.4342808551992225,3.2908163265306123,4.79937954619077,1.0093537414965985,1.322704081632653,3.1944444444444446,1.8352567217363134,1.4122327502429541,0.21331389698736636,0.0,0.0,2.6771726006419883,0.8333333333333333,0.0,0.0,0.0,0.23323615160349853,0.5203271784904437,0.2905328798185941,0.8018707482993197,0.2599611273080661,4.056932296728215,0.47398180051241273,0.0,0.0,0.0,0.0,0.0,0.0,0.0,0.0,1.4209183673469385,0.0,0.0,0.44005102040816324,0.8988095238095237,0.0,0.29761904761904756,0.0,0.0,0.0,0.0,0.0,0.0,0.0,0.36352040816326525,0.5178571428571428,0.0,0.0,0.0,0.0,0.0,0.0,0.0,0.28061224489795916,0.0,0.0,0.0,0.0,0.0,0.0,0.4919825072886297,0.0,0.2671485260770975,0.0,1.0714285714285714,0.0,0.2465986394557823,0.0,0.0,0.3273809523809524,0.0,0.0,0.0,0.22959183673469385,0.0,0.0,0.0,0.0,1.546485260770975,0.0,0.0,0.0,2.3888180272108843,0.0,0.0,0.0,0.0,0.2777777777777778,0.0,0.4762420119562977,0.0,0.0,0.0,0.0,0.0,0.0,0.0,0.0,0.3333333333333333,0.0,0.0,0.6245877138734282,0.0,0.0,0.0,0.0,0.0,0.0,0.0,0.0,0.0,0.0,0.0,0.0,0.0,0.0,0.0,0.0,0.0,0.0,0.0,0.0,0.0,0.0,0.0,0.0,0.6069808875931324,0.0,0.0,0.0,0.0,0.0,0.0,0.0,0.0,0.0,0.0,0.0,0.0,0.0,0.0,0.0,0.0,0.0,0.0,0.2678571428571428,0.0,0.0,0.0,0.0,0.0,0.0,0.0,0.0,0.0,0.0,0.0,0.0,0.0,0.0,0.0,0.0,0.0,0.0,0.0,0.0,0.0
19.8734709022209,13.087454975579975,3.430655174405174,11.726883903133903,6.065882173382173,5.967763278388278,2.1838980463980464,4.964206349206349,4.480925671550671,9.049803526053525,0.9127480158730159,18.5943853021978,2.8548992673992672,4.693962563337563,2.994405525030525,14.135545634920636,12.926675824175824,2.4827480158730157,0.5452628968253969,1.533068147130647,2.390426587301587,6.654108669108669,3.8976149776149773,2.4829326923076924,7.659718337218337,23.286009996947495,1.692718253968254,3.8039300976800976,2.1969815254190252,2.335138195138195,4.542147435897435,4.091830738705739,1.9934065934065934,5.129350198412698,2.896971153846154,1.0285149572649572,0.8118551587301587,7.197028769841269,2.502938415750916,1.1885206807081807,2.137171855921856,0.0,0.0,0.35622710622710624,0.0,0.5712950244200243,0.0,0.3084134615384615,4.0005933302808305,2.5588576007326007,0.6077686202686202,4.63065349002849,0.0,0.6288141025641025,4.981019917582417,4.186351114163614,1.1359249084249083,0.0,4.004806547619047,0.315892094017094,0.49428037240537237,0.23821924603174605,0.2914300976800977,1.8979552045177046,0.0,0.0,0.0,0.2564102564102564,0.0,0.2622767857142857,0.5750457875457875,0.275,1.1753968253968254,0.21770833333333334,0.2673611111111111,3.1373242266992265,0.0,0.35,0.0,0.0,1.3963541666666666,1.101686507936508,2.05250296000296,0.4769345238095238,0.882688492063492,0.0,0.0,0.0,1.6807844932844933,0.3383279914529915,0.390625,0.0,0.0,0.0,0.2777777777777778,1.005406746031746,0.5908333333333333,0.0,0.5039930555555555,0.0,0.0,0.0,0.770436507936508,0.0,0.0,0.0,0.5694673382173382,0.0,0.0,0.2361111111111111,0.0,0.0,0.0,0.0,1.4146825396825398,0.0,0.5282837301587301,0.0,0.0,0.0,0.0,0.0,0.0,0.0,0.0,0.6073069291819292,0.0,0.4117483211233211,0.0,0.0,0.0,1.0094551282051283,0.0,0.0,0.0,0.0,0.0,0.0,0.0,0.0,0.0,0.0,0.0,0.0,0.3855406746031746,0.3171626984126984,0.0,0.0,0.0,0.0,0.0,0.0,0.0,0.3721230158730159,0.0,0.0,0.0,0.26666666666666666,0.0,0.0,0.0,0.25605921855921854,0.4123263888888889,0.0,0.0,0.0,0.0,0.0,0.0,0.0,0.0,0.0,0.0,0.0,0.0,0.0,0.7135416666666666,0.9861912393162393,0.0,0.0,0.0,0.0,0.0,0.0,0.0,0.0,0.0,0.0,0.0,0.0,0.0,0.0,0.0,0.0,0.0,0.0,0.0,0.0,0.0,0.670400641025641
7.748511904761904,2.0892857142857144,1.7982331821617534,0.5625,0.5555555555555556,3.254371620443049,0.0,2.4404761904761902,1.7113095238095237,1.369047619047619,1.276098901098901,0.41666666666666663,9.81547619047619,1.726190476190476,0.7341269841269841,6.394416099773242,1.5297619047619047,0.0,0.20833333333333331,0.0,0.0,0.47619047619047616,0.28935185185185186,1.09375,4.33829365079365,0.20833333333333334,0.5069444444444444,0.5208333333333333,0.7738095238095237,4.965419501133787,0.0,4.456632653061224,0.0,1.4702380952380951,3.861523397237683,0.8095238095238094,1.101190476190476,1.0225340136054422,1.447704081632653,2.0238095238095237,0.0,0.0,0.20833333333333331,0.0,0.0,0.41666666666666663,0.0,0.0,1.0119047619047619,0.30952380952380953,0.2777777777777778,0.0,0.21889400921658983,1.072845804988662,0.0,0.0,0.46768707482993194,0.0,1.6666666666666665,0.0,0.7291666666666666,0.0,0.0,1.7738095238095237,0.0,0.0,0.3125,2.9126984126984126,0.0,0.0,0.0,0.41666666666666663,0.0,0.0,0.0,0.0,0.0,0.0,0.0,0.0,0.0,0.0,0.4702380952380952,0.0,0.0,0.0,0.0,0.0,0.0,0.0,0.0,0.0,0.0,0.0,0.0,0.0,0.0,1.0714285714285714,0.0,0.4166666666666667,1.1111111111111112,0.0,0.3273809523809524,0.0,0.0,0.0,0.2232142857142857,0.0,0.0,0.0,0.0,1.4285714285714284,0.0,0.0,0.0,0.0,0.0,0.0,0.0,0.0,0.0,0.0,0.6547619047619047,0.0,0.0,0.0,0.0,0.0,0.0,0.0,0.7083333333333333,0.0,0.0,0.0,0.6245877138734282,0.0,0.0,0.0,0.0,0.0,0.0,0.0,0.0,0.0,0.0,0.0,0.0,0.0,0.41666666666666663,0.0,0.0,0.41666666666666663,0.0,0.0,0.0,0.0,0.0,0.0,0.0,0.0,0.0,0.0,0.0,0.0,0.0,0.0,0.0,0.0,0.0,0.41666666666666663,0.0,0.0,0.0,0.0,0.0,0.0,0.0,0.0,0.2678571428571428,0.0,0.0,0.0,0.0,0.0,0.0,0.0,0.41666666666666663,0.0,0.0,1.1805555555555556,0.0,0.0,0.0,0.0,0.0,0.0,0.0,0.0,0.0,0.0
2.1271929824561404,0.41666666666666663,0.0,0.0,0.8333333333333333,0.0,1.1805555555555556,0.0,0.0,0.8333333333333334,0.0,0.0,0.0,1.6666666666666665,0.0,0.0,0.0,0.0,0.0,0.0,0.0,5.595238095238095,0.0,0.0,2.837301587301587,0.0,0.0,4.0476190476190474,0.0,2.083333333333333,0.0,0.0,0.0,0.0,1.6666666666666665,0.0,0.0,0.0,0.0,0.8333333333333333,0.0,0.0,0.0,0.0,0.0,0.0,0.0,0.0,0.0,0.0,0.0,0.0,0.0,0.0,0.0,0.0,0.0,0.8333333333333333,0.0,0.0,0.0,0.0,0.0,0.0,0.0,0.0,0.0,0.0,0.0,0.0,0.0,0.0,0.0,0.0,0.0,0.0,0.0,0.0,0.0,0.0,0.0,0.0,1.6666666666666665,0.0,0.0,0.0,0.0,0.0,0.0,0.0,0.0,0.0,0.0,0.0,0.0,0.0,0.0,0.0,0.0,0.0,0.0,0.0,0.0,0.0,0.0,0.0,0.0,0.0,0.0,0.41666666666666663,0.0,0.0,0.0,0.0,0.0,0.0,0.0,0.0,0.0,0.0,0.0,0.0,0.0,0.0,0.0,0.0,0.0,0.0,0.0,0.0,0.0,0.0,0.0,3.6805555555555554,0.0,0.0,0.0,0.0,0.0,0.0,0.0,0.0,0.0,0.0,0.0,0.0,0.0,0.0,0.0,0.0,0.0,0.0,0.0,0.0,0.0,0.0,0.0,0.0,0.0,0.0,0.0,0.0,0.0,0.0,0.0,0.0,0.0,0.0,0.0,0.0,0.0,0.0,0.0,0.0,0.0,0.0,0.0,0.0,0.0,0.0,0.0,0.0,0.0,0.0,0.0,0.0,0.0,0.0,0.0,1.246345029239766,0.0,0.0,0.0,0.0,0.0,0.0,0.0,0.0,0.0,0.0
102.54485735735736,45.46181107578166,28.475305662805663,52.905968468468465,21.666666666666664,87.08333333333333,19.941079472329474,38.325718575718575,9.161036036036036,21.59346846846847,12.81652187902188,27.096283783783782,5.416666666666667,8.125,16.979166666666668,14.479166666666666,17.291666666666664,21.214626391096978,19.88095238095238,1.510135135135135,13.61111111111111,25.208333333333332,14.166666666666666,14.166666666666666,10.625,36.2134009009009,14.583333333333332,26.194444444444443,9.333333333333334,1.0416666666666667,2.1527777777777777,8.333333333333334,1.0119047619047619,22.886904761904763,8.125,0.5,1.25,10.067567567567568,0.0,3.333333333333333,0.0,0.41666666666666663,8.125,10.625,10.416666666666666,109.0625,0.0,18.90625,0.0,0.0,3.75,3.75,13.125,0.625,1.4583333333333333,1.4285714285714286,5.0,9.583333333333332,1.5625,8.125,0.0,3.75,0.0,3.75,3.125,3.75,1.6666666666666665,0.3125,0.0,1.875,6.25,0.0,0.625,0.0,1.25,0.0,0.0,3.75,0.0,6.9425675675675675,0.0,2.5,0.41666666666666663,4.583333333333333,0.20833333333333331,0.625,51.458333333333336,3.125,2.5675675675675675,0.625,1.25,0.0,0.0,0.0,0.9375,0.3125,0.0,0.0,0.0,0.0,2.5,3.75,2.1875,0.0,0.0,0.0,0.625,0.0,5.104166666666667,1.25,0.0,1.6666666666666665,0.41666666666666663,5.0,0.0,0.0,0.0,0.625,0.0,2.5,0.0,0.0,0.0,0.0,2.5,0.0,0.0,0.0,0.0,0.0,0.0,0.0,0.0,0.0,0.0,0.0,0.0,0.0,0.0,0.0,0.0,0.0,0.0,0.0,0.0,0.0,1.25,0.0,0.0,0.625,2.5,2.2916666666666665,0.0,0.0,0.0,0.0,0.0,0.0,0.0,0.0,0.8333333333333333,0.0,1.25,0.0,0.3125,0.0,0.0,0.0,0.0,0.0,0.0,0.0,0.0,0.0,0.0,0.625,0.0,0.0,0.0,0.0,0.0,0.0,0.0,0.0,0.0,0.8333333333333333,0.0,1.25,0.0,0.0,0.0,2.5,0.0,0.0,0.0,10.0,0.8333333333333333,1.25,0.0,0.0
81.55803471017286,64.69954177766678,54.79861111111111,79.48597236097235,78.27058878621378,66.90686050061049,46.77132936507936,72.0530303030303,35.06185134310134,62.86160714285714,53.84938197767145,11.655906593406593,18.11706349206349,15.766369047619047,12.648313492063492,48.166666666666664,26.0084626022126,13.497023809523808,12.979180541680542,39.55877976190476,17.72172619047619,15.633680555555555,20.855790043290042,29.34577922077922,40.59577922077922,22.640625,56.9521867021867,45.15390512265512,10.201732295482294,0.4375,7.104166666666666,7.458333333333333,60.15873015873016,39.688327297702294,9.416666666666666,8.821180555555555,4.645833333333333,6.592261904761904,6.0,4.53125,0.5072115384615384,9.208333333333332,6.874007936507936,2.5892857142857144,0.46875,8.515625,3.4657738095238093,1.0416666666666665,10.15625,7.095238095238095,4.628205128205128,15.336309523809524,5.532738095238095,21.337129884004884,13.259577228327228,35.906059218559214,0.0,0.0,6.605158730158729,4.583333333333333,3.382936507936508,2.739583333333333,2.068452380952381,15.58068783068783,2.5922619047619047,6.4375,0.41666666666666663,0.6730769230769231,0.0,6.667410714285714,2.0277777777777777,0.0,7.89360119047619,1.875,0.5208333333333333,10.26388888888889,0.625,1.9166666666666665,2.633928571428571,1.3541666666666665,3.9955357142857144,0.3125,2.1264880952380953,6.136002886002886,9.267113095238095,4.5620941558441555,1.2916666666666665,0.20833333333333331,0.0,0.0,1.6875,0.35096153846153844,3.5892857142857144,1.8958333333333333,3.2738095238095237,0.4583333333333333,6.208333333333333,5.1875,0.20833333333333331,4.674450549450549,5.635416666666667,0.0,3.6944444444444446,1.875,0.5803571428571428,8.976190476190476,2.0649038461538463,4.052083333333333,0.0,4.714420995670995,0.0,0.9895833333333333,0.625,0.0,1.3333333333333333,1.8333333333333335,3.125,0.625,0.20833333333333331,1.3958333333333333,1.6666666666666665,2.75,0.9097222222222222,0.0,0.3333333333333333,0.49107142857142855,9.518849206349206,1.25,7.25,0.0,3.974702380952381,1.6388888888888888,2.4261363636363638,0.625,2.3229166666666665,0.0,0.20833333333333331,0.0,0.2951388888888889,0.3333333333333333,0.3125,0.0,0.0,2.3541666666666665,0.20833333333333331,0.375,0.625,0.0,1.1805555555555554,1.3601190476190474,1.25,0.5902777777777778,0.0,1.0947420634920635,0.0,0.41666666666666663,0.0,0.0,0.0,2.638888888888889,0.0,1.5364583333333333,0.0,1.09375,0.5344742063492063,3.0208333333333335,0.0,8.598214285714285,0.0,4.500496031746032,0.875,7.720486111111111,0.5691964285714286,0.9375,1.413690476190476,0.2272727272727273,12.30787037037037,0.0,0.0,1.25,1.1507936507936507,1.925925925925926,0.21428571428571427,0.0,0.0,0.0,0.5034722222222222,1.9507575757575757,0.0,1.0181704260651627,1.097222222222222,0.0,0.0,0.0,0.0,1.84375,0.0,0.3125,0.0,0.0
71.74701616048148,66.03141304553444,34.74122969044844,12.172605268959435,24.415642806267805,41.74641546671464,29.007493418195704,9.91496645111384,7.137999818527201,17.7140376984127,20.3694868499556,33.68959957508369,1.6805012635236516,19.331479845726168,15.424852885099087,8.181051587301587,17.168301316738816,24.203100618987637,26.46572727041477,11.625168286315674,14.077658452658453,6.128653464590965,5.162437440772329,8.982694003527337,9.712580821955822,11.232514880952381,5.315186838624339,12.318835678210679,5.090773809523809,12.180745130906768,3.5752314814814814,12.307415674603174,3.425347222222222,8.890432098765432,8.790922619047619,7.696887754140553,1.0625,5.839664369535693,5.604437229437229,14.440079851384999,1.005952380952381,13.744591346153845,18.56977635897016,2.258928571428571,4.153769841269841,0.8333333333333333,14.15467068053275,0.49244505494505497,3.3328373015873014,3.5284155328798184,4.0341134559884555,7.039434523809524,4.169042818740399,7.466192916560563,0.0,0.0,0.7199754901960784,6.100626803751804,2.289857609710551,3.165798611111111,0.20343660968660968,3.0867925995024876,1.015625,1.7760416666666665,0.2825091575091575,1.4018429487179487,3.224702380952381,0.7638888888888888,6.573528901653901,0.0,0.642361111111111,1.2924107142857142,0.0,1.148641748366013,0.4407051282051282,1.1666666666666665,2.0002003205128203,2.091765873015873,0.0,0.0,1.6392045454545454,1.093484268707483,0.9791666666666666,0.8802083333333334,0.0,0.0,0.0,0.8779761904761905,0.8164457070707071,0.21875,0.0,3.8559027777777777,1.2916666666666665,0.3125,1.0729166666666667,0.9795386904761905,2.416869588744589,3.421474358974359,1.8923611111111112,1.9700727513227512,0.8333333333333333,1.3541666666666667,0.0,1.1577658582089552,1.0954861111111112,1.2853535353535355,0.6845238095238095,1.909188034188034,0.3928571428571428,0.31845238095238093,0.3472222222222222,0.625,1.435496794871795,2.3425099206349205,0.0,2.845982142857143,0.75,1.119351134976135,0.6211670274170273,0.47719381313131315,2.8104820526695526,0.2300347222222222,0.0,1.1119791666666667,0.0,0.20089285714285715,1.2847222222222223,1.398375496031746,0.4427083333333333,4.258184523809524,2.747227598790099,0.0,2.7312748015873014,2.4821350524475525,0.29166666666666663,0.0,0.0,5.126116071428571,0.0,0.7301587301587301,2.9673859126984126,1.4810267857142856,0.4897186147186147,0.24739583333333331,0.7790178571428571,0.0,1.1067708333333333,0.20833333333333331,0.0,0.3125,0.0,0.0,0.25297619047619047,0.0,1.087797619047619,1.2132034632034632,0.0,0.0,1.3836805555555556,0.0,0.0,0.0,1.8072916666666665,0.6107200091575091,0.0,0.40900735294117646,0.9688358516483516,0.0,5.581597222222222,0.25,0.0,0.0,0.3415032679738562,0.0,0.3862847222222222,0.0,0.0,0.0,1.0323660714285714,0.0,0.8559695512820512,0.0,0.0,0.0,0.0,0.0,0.0,0.0,0.0,0.0,0.0,0.33854166666666663,0.7142857142857142,0.27232142857142855,0.26041666666666663,0.47649572649572647,0.0,0.0,0.3854166666666667,0.0
37.68095803450281,11.506694745967133,12.266188672438672,2.9251893939393936,14.024305555555555,3.484283129805518,13.045905483405482,10.214261484783872,2.5378787878787876,4.819384319384319,6.012626262626262,8.393439996984773,1.6522349696323577,2.085648148148148,5.716794140768021,6.78125,1.9369588744588744,6.925650315342479,2.528409090909091,1.2589043419267298,1.3958333333333333,2.675820707070707,1.1578942409166288,0.8459595959595959,0.35416666666666663,6.248421717171717,1.2689393939393938,4.834911616161616,1.3194444444444444,0.5208333333333333,0.9769570707070707,1.0887896825396826,0.2272727272727273,0.3125,1.2159090909090908,1.9863560982963966,1.8876262626262625,0.0,0.9618055555555556,0.0,1.9791666666666665,4.473890692640692,1.9823232323232323,0.2793560606060606,5.795454545454545,0.0,0.4236111111111111,0.0,0.0,0.4722222222222222,0.41666666666666663,0.0,1.2168560606060606,0.0,0.0,0.0,0.7291666666666666,6.364944083694083,2.236111111111111,0.9722222222222222,0.21527777777777776,1.7734245439469318,0.22569444444444442,0.0,0.20833333333333331,1.4362373737373737,1.0892857142857142,0.0,0.3819444444444444,0.0,0.2604166666666667,0.0,0.0,0.41666666666666663,0.3472222222222222,0.20833333333333331,0.8696338383838383,0.49652777777777773,0.0,1.3541666666666665,2.069654882154882,0.0,0.798611111111111,0.0,0.20833333333333331,0.0,0.0,2.689078282828283,0.28125,0.2120535714285714,0.2456467661691542,0.0,1.4678030303030305,0.0,0.0,0.0,0.0,0.0,0.3125,0.0,0.20833333333333331,0.41666666666666663,0.20833333333333331,0.5718283582089553,2.471590909090909,0.9286616161616161,0.0,0.0,0.0,0.0,1.1875901875901875,0.0,1.7187499999999998,0.46874999999999994,0.5034722222222222,0.0,0.0,2.975694444444444,0.7430555555555556,1.0416666666666665,0.0,0.0,0.0,0.20833333333333331,0.625,0.798611111111111,0.0,0.0,0.20833333333333331,2.801993145743146,4.045454545454545,0.0,0.0,0.4356060606060606,0.2361111111111111,0.0,0.0,0.0,0.0,0.5972222222222222,0.25284090909090906,0.8333333333333333,0.35416666666666663,0.8333333333333334,0.0,0.0,0.3263888888888889,0.9945436507936507,0.0,0.0,0.0,0.0,0.36458333333333326,0.0,0.0,0.2777777777777778,0.0,0.0,0.6944444444444444,0.0,0.0,0.0,0.20833333333333334,0.0,0.0,0.0,0.0,0.0,0.2232142857142857,0.0,0.35416666666666663,0.0,0.0,0.0,0.0,0.0,0.0,0.0,0.6458333333333333,0.0,0.0,0.0,0.0,0.0,0.0,0.0,0.0,0.0,0.0,0.0,0.0,0.0,0.0,0.0,0.0,0.0,0.0,0.75,0.0,0.0
133.90306725648108,16.452529485604455,51.73385230038985,76.44755511105957,36.83258528425939,44.02366615501443,75.97983222960902,38.421151102519076,18.454803876678877,52.610256363310874,8.978924555933483,2.8264869847192604,3.9023871611907994,12.838780824829932,6.809890280739161,16.739477040816325,13.608852861319967,12.276029371636714,5.541009424603175,68.48604500879954,23.14555375180375,18.41900027056277,40.87649994077233,38.42230017006803,18.559630102040817,8.219432043650793,26.376243300350442,19.737165178571427,14.057433390022675,0.7048611111111112,14.417233560090702,0.985042735042735,25.88888888888889,25.233884604978353,6.03219696969697,8.540750488628287,70.05488236961452,6.177766665378273,4.659022463151928,9.95271164021164,2.0815617913832196,14.971133529169244,4.474519775859061,4.708231872294372,0.0,10.126488095238095,15.396749084249084,1.4292582417582418,2.398047760770975,12.834945436507937,5.3023579223356005,13.624826388888888,41.558852909443345,8.633503401360544,7.154947916666666,12.971602182539682,2.742311507936508,0.2627551020408163,8.129251700680271,2.0664491758241756,0.8403679653679653,2.8970604566453444,0.5059523809523809,0.3018707482993197,3.9133804563492065,4.642857142857142,3.0733300264550265,1.2797619047619047,0.5555555555555555,0.8448483560090703,1.9975907029478457,0.5954152494331065,2.025297619047619,0.9970238095238095,0.21726190476190474,2.5,0.0,0.8340097402597402,0.7838541666666666,0.28125,1.2291666666666665,4.307787698412699,1.8140589569160996,0.6064664502164502,2.816220238095238,0.5580357142857143,0.0,9.521205357142858,0.21391369047619047,0.7351190476190477,1.1829696119741429,1.4620761183261182,0.8916666666666666,0.38244047619047616,3.0555555555555554,1.0866815476190477,0.6103276064213564,1.3253968253968254,0.0,0.23674242424242423,1.421875,0.3066829004329004,1.4615575396825395,0.7429593105899075,0.5952380952380952,0.0,0.706845238095238,3.7293227605727606,0.0,0.8745039682539683,0.0,2.6160714285714284,0.6875,0.0,0.3968253968253968,0.390625,0.0,0.0,0.0,0.33737244897959184,0.0,0.41666666666666663,0.0,0.7395833333333333,3.4375,0.0,1.2085193452380951,0.0,0.0,0.0,2.5299070847851333,0.0,0.0,2.0982142857142856,0.0,0.0,0.20833333333333331,0.0,0.0,0.0,0.0,1.7767857142857144,0.0,4.275297619047619,0.0,0.0,0.0,0.625,0.0,1.0569196428571428,0.0,0.0,0.0,0.0,0.0,0.0,0.794890873015873,0.0,0.0,0.0,0.25,0.4340277777777778,0.0,2.5821428571428573,0.29761904761904756,3.333333333333333,3.6919642857142856,0.234375,0.0,0.0,1.0,1.8229166666666665,0.2777777777777778,2.65625,0.0,0.0,0.0,0.5282738095238095,0.0,0.0,3.3229166666666665,2.5,0.0,0.0,0.0,0.0,2.8125,0.3794642857142857,0.0,1.785515873015873,0.6081349206349207,0.0,0.0,1.363095238095238,0.0,0.0,0.6489158163265305,0.0,10.885912698412698,0.0
128.51279459723338,76.25016628779383,98.93116435909803,84.09693289986657,50.32334570191713,59.679129685507235,45.85415590645182,31.19340682701652,29.04721716775288,119.48488621639132,14.729865160349854,3.1163903061224487,6.286429344465058,25.99741149677374,6.783146700238537,29.521996956677405,30.142934446505873,20.2896179076026,13.89964974084872,25.621992907438663,20.37645772594752,13.264584621727478,35.637291492521086,29.713222789115644,51.12832405689549,22.582453544188237,53.50273614230381,45.975458852372114,18.056553140736813,2.7551020408163263,3.8384353741496597,1.5382699783209988,34.39459831551668,43.94309807256236,38.0351685587655,14.936666012558868,10.99234693877551,18.73639455782313,1.720885973436994,33.75375060738581,5.820456754130223,12.000921201814059,6.8561507936507935,9.829950378419765,0.5,10.656958616780045,3.8565244279529995,3.7053571428571423,7.237700437317784,13.585803368966634,4.538052721088435,30.33717918985776,13.641792837264775,22.464741253644313,12.329903656434269,18.07265898783756,2.8010204081632653,0.0,12.558209647495362,9.655531260123096,3.657544836116265,2.0501093294460637,0.0,5.569727891156463,4.5146103896103895,0.0,0.7525510204081632,0.20833333333333331,0.0,9.494047619047619,4.346655328798186,3.125,7.640549076773566,2.1666666666666665,3.3843537414965987,4.814413265306122,2.083333333333333,0.9032931354359925,6.017857142857142,2.1775085034013606,17.502551020408163,7.004676870748299,1.2549603174603174,1.1279761904761905,13.694727891156463,3.1976332199546484,0.9056122448979592,0.0,0.0,1.4375,6.9663103336572725,0.8843537414965985,2.064285714285714,4.519264253320375,18.98937074829932,0.0,6.021825396825396,4.236111111111111,0.0,13.642431972789115,3.7648809523809526,0.0,11.25,2.504638218923933,2.03125,1.4285714285714286,5.299126468769326,0.5625,2.0,10.497788209522904,0.5555555555555556,1.796485260770975,0.6875,0.0,0.9141156462585033,10.982568027210885,10.45110544217687,0.0,1.25,0.0,1.25,0.0,14.722724695938982,0.0,0.0,2.9166666666666665,9.133982089339233,4.641642371234208,1.9864552964042759,0.0,1.25,3.3333333333333335,1.25,0.0,0.25,0.8522727272727273,0.0,0.0,0.0,0.0,0.0,0.4081632653061224,0.0,4.572916666666666,3.333333333333333,10.0,0.0,1.2864431486880465,0.0,0.78125,0.0,0.0,0.0,14.180697278911564,0.625,0.0,0.625,0.0,0.625,5.731980887593132,2.75,0.9951004211208293,0.0,1.875,0.2593537414965986,4.878927761580822,0.701530612244898,1.147370486656201,0.0,2.5242954324586977,2.5,26.96685606060606,0.28798185941043086,0.4787812102863123,7.946124878522838,4.394132653061225,5.663265306122448,0.0,4.375,0.0,1.4905045351473922,0.8333333333333333,5.075757575757575,0.4081632653061224,0.0,0.0,0.6563971742543171,0.3125,0.0,0.7738095238095237,2.0982142857142856,2.5,0.0,0.0,0.0,0.0,0.6249999999999999,1.2572886297376094,5.200811093668236,2.6743197278911564
239.3119622322876,212.02307815446727,104.15607035432666,115.094178782527,156.94355689944976,123.28721335434288,472.1208278785986,87.7402400201374,110.0592302955665,266.98808850375815,238.06893011750154,30.696898691068466,116.55646525323763,136.5923566413745,31.03677520137408,27.3849494156637,44.829575216450216,89.37945176521535,134.36305021367522,200.7588168550089,159.43532127594628,128.00925465873996,11.565039826812214,129.33467078964452,93.38166667657738,27.373511904761905,30.59574546485261,69.91821428571428,83.79743314720993,88.98829194751609,21.88954628005048,22.419781746031745,101.63357905982906,98.61038357475857,38.92039092851593,30.833343624658923,25.602591837434275,67.71631084193584,12.36766581632653,10.470238095238095,20.952288287109717,60.85300561541633,60.71046299930229,3.043154761904762,4.956196581196581,8.342493386243387,140.54731960568168,3.4028693528693528,14.336217403628117,35.718668831168834,27.37693808175951,9.392394179894179,304.1928636903291,26.576975623582765,2.8720238095238093,3.5767857142857142,40.45591575091575,5.504421768707483,137.81928375196233,43.48473214285714,4.6479365079365085,48.35365632605371,53.70808328245828,47.31437074829932,76.91329004329003,13.033333333333333,61.04360944610944,4.040178571428571,66.83628246753247,6.530284863945578,20.681479591836734,32.114505580398436,1.131547619047619,5.076488095238095,0.8033730158730159,10.791011904761904,4.892261904761905,3.19650974025974,11.183624842899036,2.52,2.6368055555555556,33.563115079365076,20.755279195011337,3.1310714285714285,16.245330433455432,0.3337301587301587,0.0,54.829085405335405,2.218452380952381,44.66761544011544,15.737097740789771,16.36803266178266,0.0,0.692857142857143,5.5616071428571425,11.557777777777776,7.1930555555555555,62.73949023199023,16.06333562271062,3.191666666666667,3.4375,12.611011904761904,12.120096553773024,36.56333629471689,5.585555555555556,6.435297619047619,3.3854563492063487,24.138350538350537,0.7507575757575757,2.5999999999999996,1.5601190476190476,3.75,0.0,13.508705357142857,0.8666666666666666,0.3,4.803571428571428,0.0,0.5920209750566894,2.9229785095856524,40.5896373864231,11.530064102564102,0.0,120.02287788600289,1.972203144078144,2.6860119047619047,1.0833333333333333,22.17003968253968,1.8421626984126984,0.0,0.0,0.0,11.72184829059829,51.5582242063492,5.46392322954823,0.37777777777777777,0.0,1.1,20.269274376417233,3.0156498015873017,4.951768707482993,4.58829365079365,0.9314989177489177,4.997876984126984,1.3833333333333333,0.8666666666666666,9.536111111111111,0.0,4.631309523809524,22.875826719576718,12.541369047619046,0.0,6.389749149659863,0.0,0.0,2.9659722222222222,10.834457417582417,7.112946428571428,0.45634920634920634,0.0,2.2814652014652017,0.0,0.41666666666666663,14.028105921855921,0.8809523809523809,2.9166666666666665,11.219561688311687,0.0,0.0,0.0,104.6946108058608,0.0,2.5,0.41666666666666663,0.0,0.9333333333333332,0.0,0.0,0.0,6.5,18.343353174603173,0.0,11.25,3.302083333333333,0.0,2.7,0.0,2.4419642857142856,19.660412087912086,1.1805555555555556,4.478210678210678,4.225,0.0,1.7416666666666667,6.160238095238094,1.7210884353741496,1.0239158163265305,0.0,0.42063492063492064,0.0
0.4605263157894737,0.0,0.0,0.0,0.0,0.0,0.0,0.0,0.0,0.0,0.0,0.0,0.0,0.0,0.0,0.0,0.0,0.0,0.0,0.0,0.0,0.0,0.0,0.0,0.0,0.0,0.0,0.0,0.0,0.0,0.0,0.0,0.0,0.0,0.0,0.0,0.0,0.0,0.0,0.0,0.0,0.0,0.0,0.0,0.0,0.0,0.0,0.0,0.0,0.0,0.0,0.0,0.0,0.0,0.0,0.0,0.0,0.0,0.0,0.0,0.0,0.0,0.0,0.0,0.0,0.0,0.0,0.0,0.0,0.0,0.0,0.0,0.0,0.0,0.0,0.0,0.0,0.0,0.0,0.0,0.0,0.0,0.0,0.0,0.0,0.0,0.0,0.0,0.0,0.0,0.0,0.0,0.0,0.0,0.0,0.0,0.0,0.0,0.0,0.0,0.0,0.0,0.0,0.0,0.0,0.0,0.0,0.0,0.0,0.0,0.0,0.0,0.0,0.0,0.0,0.0,0.0,0.0,0.0,0.0,0.0,0.0,0.0,0.0,0.0,0.0,0.0,0.0,0.0,0.0,0.0,0.0,0.0,0.0,0.0,0.0,0.0,0.0,0.0,0.0,0.0,0.0,0.0,0.0,0.0,0.0,0.0,0.0,0.0,0.0,0.0,0.0,0.0,0.0,0.0,0.0,0.0,0.0,0.0,0.0,0.0,0.0,0.0,0.0,0.0,0.0,0.0,0.0,0.0,0.0,0.0,0.0,0.0,0.0,0.0,0.0,0.0,0.0,0.0,0.0,0.0,0.0,0.0,0.0,0.0,0.0,0.0,0.0,0.0,0.0,0.0,0.0,0.0,0.0,0.0,0.0,0.0,0.0,0.0,0.0
88.97820458916473,47.7944449042728,25.366447952336927,26.118643192142155,95.88660488349929,28.221496146767887,22.637843155506197,44.27107720427467,26.483908371363082,25.535392017276074,6.667741110675893,33.84111498921281,2.914984472049689,12.83278697952611,3.5380866114561766,1.6891180478137,12.119927056974158,5.455780703063311,21.095223717506325,1.9965949062416453,6.742203130337188,8.250372794045154,19.873198208796033,4.535671152518979,12.943578739095043,35.36454321168995,4.559983896940419,5.115008783487045,1.0978907867494825,2.634632342965676,3.951388888888889,0.0,0.8955314009661836,1.5984443294225903,1.8802083333333333,0.3546123763515068,5.534722222222222,1.9924403246414117,0.0,1.6286986714975846,0.0,1.59375,22.885413072233725,2.7966485507246377,10.691450281803542,10.181734529560616,0.0,8.824828904991948,0.9190605590062112,0.0,0.0,0.0,0.5381944444444444,0.0,9.311468397745571,2.608695652173913,13.106585443541965,14.791666666666666,1.25,1.4281400966183575,2.551059472934473,1.7129629629629628,0.6331018518518519,0.0,2.2854662698412698,0.0,4.31950195537152,1.1503623188405796,0.29977570738440307,0.6041666666666666,1.3140432098765433,0.6405243558776167,3.75,0.0,0.5701154052603328,0.0,1.3760567632850242,0.0,0.0,20.80701071801615,0.3138940571005788,0.0,0.0,0.7510567632850241,0.0,1.1398809523809523,18.3569847020934,0.3194444444444444,5.176263219741481,0.0,0.0,0.24382716049382716,9.454710144927535,0.0,8.981481481481481,0.0,0.0,1.857634649301316,2.5,0.5416666666666666,0.0,0.5821759259259259,1.2648809523809523,0.38740079365079366,0.0,0.4542644352426961,0.0,0.0,20.74404761904762,2.511574074074074,0.6793478260869565,1.6435185185185186,0.0,9.574534161490684,1.875,0.5,0.0,0.0,0.0,0.0,0.0,1.2847222222222223,0.0,0.0,0.0,0.0,0.0,0.0,0.0,0.0,0.0,0.0,0.0,0.0,0.0,1.3392857142857142,0.0,0.0,0.0,0.0,0.0,0.0,0.0,0.0,0.0,0.0,0.0,0.0,0.0,0.0,1.3368055555555556,0.0,0.0,0.0,0.0,0.0,0.0,0.0,0.0,0.0,0.3125,0.0,0.0,0.0,1.6666666666666665,0.0,0.6630434782608696,0.2604166666666667,0.0,0.0,0.0,0.0,0.0,1.25,0.0,0.0,0.0,0.0,0.0,0.0,0.0,0.0,0.0,0.0,0.0,0.0,0.0,0.0,0.0,0.0,0.0,0.2648809523809524,2.5,0.0,0.0,0.0,0.8333333333333333,0.0,0.0,0.0
21.800329520657304,29.313058341423314,15.073332145406726,13.1227992062397,14.174422294211103,6.603725212307145,22.221617591383872,21.613274259133853,29.621044600338276,15.822627638069353,3.3096342682372093,9.58010458456887,10.032961569243081,13.639068135801327,19.735251728896685,12.687255497381548,8.586878790236634,6.245641105315475,5.614548708372237,8.972802050112975,10.371688490534778,12.195050917803018,2.042839778999281,11.422455784178473,9.334482019886432,9.759891602072882,6.484037683449448,2.200159464718288,5.707881211925329,12.617207901362011,7.265000468135972,0.5373529411764706,3.527733067586009,1.9161899075869664,3.715049654477175,5.757141531557336,2.298149022091968,6.256064422563897,0.871329693493559,2.709752971701501,3.490343316813905,10.148992789423462,6.180434684557583,0.6750349431270484,4.395182806028394,0.4769027269027269,13.416366513489086,1.2255848707004169,8.439698904037138,1.406726280255692,2.2312185643488163,0.5968487394957983,6.461392832755329,1.679010989010989,1.828681700924348,3.4838177578723797,2.0792538099155746,1.2238095238095237,2.9058366423492474,3.705074606765783,0.9441523767626708,1.4638397658985893,4.206532288128926,1.7061942868315416,1.6446197838109604,0.4865646258503401,3.4306221163679145,0.7429029304029303,1.6263062917474682,0.7460331825037707,3.363370581850974,4.09801328709417,0.2833333333333333,0.6425595238095237,0.5614197530864198,3.4176356311755467,14.098831683022858,0.45476190476190476,1.4197712418300652,0.0,1.3742648555148556,1.8924718220621581,2.0795568227290917,0.9073611111111111,0.8167857142857142,0.6881257631257631,0.0,4.305060402949058,0.45119047619047614,1.309581228956229,1.4484065934065933,3.3938113109587467,0.0,0.8370048161714828,2.2825193325193327,1.104960753532182,1.1986819727891156,5.531081797391321,0.3893248616462902,0.8405569920275803,0.352891156462585,1.2472860725486776,0.2991666666666667,2.8026480977006187,0.8633333333333333,1.0951187056018987,1.1753296703296703,1.8053818322200674,0.6503520289234574,0.36340557590557593,0.4020577461753932,0.8777218152218152,0.0,0.660832794656324,0.0,0.4778711484593838,2.9057623049219687,0.0,1.0929819363642892,0.20032051282051283,0.5576960784313725,0.5018055555555555,0.28061224489795916,7.252855925198362,1.022517340269441,0.9764194139194138,0.3186050061050061,1.6120448179271707,1.492160285109003,0.3600217864923747,0.45348003960808836,0.0,1.0714671979903072,3.0281948334889512,0.8496642246642246,0.2845238095238095,0.0,0.6722096530920061,3.0803571428571423,1.006845238095238,0.5077998806360151,0.0,0.9268681318681318,0.0,0.0,0.6321311858076564,0.9373117623117623,0.21269841269841272,0.2705102040816326,0.0,2.0847760899231487,0.0,0.7503642290249433,0.0,1.1078027364792071,0.0,0.2523529411764706,0.5737161531279178,0.0,0.0,0.2906442577030812,0.0,0.0,0.39355742296918766,0.3238795518207283,0.0,0.0,0.2764423076923077,0.6122064210299504,0.0,0.7256022408963585,0.0,0.0,0.0,0.0,0.0,0.0,0.0,0.0,0.7592592592592592,1.0039915966386554,0.3929563492063492,0.0,0.43843979899652163,0.0,0.0,0.0,0.0,0.26,0.0,0.25833333333333336,0.4125,0.0,0.3920518207282913,0.26730078563411896,0.0,0.0,0.0,0.0,0.0
39.77033480431152,71.25505451338785,24.211424686424685,13.991281866281867,25.63112581862582,30.398590496804783,22.094755938505937,10.023839586339585,11.879677729677729,15.510574494949495,4.765873015873016,5.285732323232323,0.7469035594035593,9.525938953022287,11.926388888888889,10.786501924001923,4.7894119769119765,19.642195767195766,3.469500407000407,2.6565934065934065,6.2592592592592595,7.287868381618382,12.709405563572231,10.878957231040564,5.379210758377425,9.303003246753246,7.446362433862434,2.013888888888889,1.9937169312169312,26.826951058201058,14.863437950937952,4.746100801431684,11.83042328042328,2.16820987654321,1.7999338624338623,4.789351851851852,6.09837962962963,5.188271604938271,0.8358134920634921,3.745791245791246,0.33333333333333337,16.604571354571355,3.284993858654573,6.932950537117204,2.624693362193362,0.6296296296296297,1.287037037037037,9.128204434454435,1.5578703703703702,0.22864701436130005,1.8263888888888888,1.0714285714285714,6.799603174603175,1.0324074074074074,0.32196969696969696,1.6296296296296295,1.936629188712522,9.196548821548822,0.33459595959595956,0.0,0.3819444444444445,4.058712121212121,0.20833333333333331,0.2777777777777778,1.7755647130647132,2.016508954008954,0.2777777777777778,0.0,3.298611111111111,0.0,0.0,0.0,0.20391414141414144,1.3657407407407407,0.0,0.0,3.5416666666666665,0.7459325396825397,0.5555555555555556,0.6828703703703703,0.0,0.360969387755102,0.0,3.2800925925925926,0.0,0.48611111111111116,0.0,4.881349206349206,0.47089947089947093,0.0,0.0,1.4186507936507937,2.5493506493506493,0.0,0.22222222222222224,0.8229166666666667,0.0,0.0,0.0,4.25242504409171,0.5555555555555556,0.0,0.0,0.21666666666666667,2.367264911014911,1.5046296296296295,0.823502886002886,6.173473748473748,0.4298941798941799,0.0,0.7665343915343915,1.902777777777778,9.23611111111111,0.2962962962962963,0.5833333333333334,0.0,0.0,2.178240740740741,0.6489748677248677,1.2662037037037037,2.2569444444444446,1.473611111111111,0.0,0.0,0.4930555555555556,0.7718253968253967,0.0,0.0,1.7898809523809525,4.294312169312169,1.3290343915343916,0.0,0.5654761904761905,0.0,1.1342592592592593,0.5462962962962963,0.5555555555555556,7.547708078958079,9.21384479717813,0.627104377104377,2.4699074074074074,0.7662037037037037,0.9790013227513227,0.2777777777777778,1.1984126984126984,0.0,0.0,1.1006944444444444,0.0,0.0,0.0,0.20370370370370372,0.0,0.0,0.7214045214045214,0.9887566137566137,0.0,0.0,0.8078703703703703,0.0,0.0,0.0,0.0,0.0,0.5555555555555556,0.0,0.0,0.0,0.8402777777777778,0.0,0.0,0.2777777777777778,0.0,0.0,0.0,0.32407407407407407,0.0,0.0,0.7575757575757576,0.0,0.0,0.0,0.0,0.0,0.9273504273504274,0.0,0.0,0.7777777777777778,0.0,0.0,0.0,0.23148148148148148,0.7142857142857142,0.0,0.0,0.6616809116809117,0.0,0.0,0.0,0.0
7.76684712346477,0.8818452380952381,10.162660256410255,0.9782848324514991,2.8029609279609278,0.9842687074829932,0.38633241758241754,1.2782738095238095,0.3156693711967546,0.0,0.3125,0.35539215686274506,0.0,0.8333333333333333,0.0,0.25,0.6142857142857143,1.336098541980895,0.0,1.021474358974359,0.0,4.228479853479853,0.0,1.7559523809523807,0.0,0.0,0.0,0.2777777777777778,0.25,0.4032567049808429,0.20833333333333331,0.3205882352941176,0.0,0.0,0.0,0.0,0.0,0.0,0.0,0.0,0.0,0.23008241758241757,0.3830282112845138,0.0,0.0,0.0,0.0,0.0,0.0,0.0,0.0,0.0,0.0,0.0,0.0,0.0,0.0,0.0,0.0,0.0,0.0,0.0,0.0,0.0,0.0,0.4308608058608059,0.0,0.0,0.2,0.0,0.0,0.0,0.0,0.0,0.0,0.0,0.0,0.25,0.0,0.0,0.0,0.0,0.0,0.0,0.0,0.0,0.0,0.25,0.0,0.0,0.0,0.0,0.0,0.0,0.0,0.0,0.0,0.0,0.0,0.25925925925925924,0.0,0.0,0.0,0.0,0.0,0.0,0.0,0.0,0.2678571428571428,0.0,0.0,0.0,0.0,0.0,0.0,0.0,0.0,0.0,0.0,0.0,0.0,0.0,0.0,0.0,0.0,0.0,0.0,0.0,0.0,0.0,0.0,0.0,0.0,0.0,0.0,0.0,0.0,0.0,0.0,0.0,0.0,0.0,0.0,0.0,0.0,0.0,0.0,0.0,0.0,0.0,0.0,0.0,0.0,0.0,0.31875,0.0,0.0,0.0,0.0,0.0,0.0,0.0,0.0,0.0,0.0,0.0,0.0,0.0,0.0,0.0,0.0,0.0,0.0,0.0,0.0,0.0,0.0,0.0,0.0,0.0,0.0,0.0,0.0,0.0,0.0,0.0,0.0,0.0,0.0,0.0,0.0,0.0,0.7142857142857142,0.0,0.0,0.0,0.0,0.0,0.0,0.0
35.30799471174471,13.087454975579975,3.430655174405174,12.560217236467237,6.065882173382173,6.696929945054944,2.1838980463980464,4.964206349206349,4.480925671550671,9.049803526053525,0.9127480158730159,18.5943853021978,2.8548992673992672,4.693962563337563,2.994405525030525,14.135545634920636,12.926675824175824,3.3160813492063492,0.9619295634920635,1.533068147130647,2.390426587301587,6.654108669108669,4.73094831094831,2.4829326923076924,7.659718337218337,23.286009996947495,1.692718253968254,3.8039300976800976,2.1969815254190252,2.335138195138195,4.542147435897435,4.091830738705739,1.9934065934065934,5.129350198412698,2.896971153846154,1.0285149572649572,0.8118551587301587,7.197028769841269,2.502938415750916,1.1885206807081807,2.137171855921856,0.0,0.0,0.35622710622710624,0.0,0.5712950244200243,0.0,0.3084134615384615,4.0005933302808305,2.5588576007326007,0.6077686202686202,4.63065349002849,0.0,0.6288141025641025,4.981019917582417,4.186351114163614,1.1359249084249083,0.38690476190476186,4.004806547619047,0.315892094017094,0.49428037240537237,0.23821924603174605,0.2914300976800977,1.8979552045177046,0.0,0.0,0.0,0.2564102564102564,0.0,0.2622767857142857,0.5750457875457875,0.275,1.1753968253968254,0.21770833333333334,0.2673611111111111,3.1373242266992265,0.0,0.35,0.0,0.21428571428571427,1.3963541666666666,1.2802579365079365,2.05250296000296,0.4769345238095238,0.882688492063492,0.0,0.0,0.0,1.6807844932844933,0.3383279914529915,0.390625,0.0,0.0,0.0,0.2777777777777778,1.005406746031746,0.5908333333333333,0.0,0.5039930555555555,0.0,0.0,0.0,0.770436507936508,0.0,0.0,0.0,0.5694673382173382,0.0,0.0,0.2361111111111111,0.0,0.0,0.0,0.0,1.4146825396825398,0.0,0.5282837301587301,0.0,0.0,0.0,0.0,0.0,0.0,0.0,0.0,0.6073069291819292,0.0,0.4117483211233211,0.0,0.0,0.0,1.0094551282051283,0.0,0.0,0.0,0.0,0.0,0.0,0.0,0.0,0.0,0.0,0.0,0.0,0.3855406746031746,0.3171626984126984,0.0,0.0,0.0,0.0,0.0,0.0,0.0,0.3721230158730159,0.0,0.0,0.0,0.26666666666666666,0.0,0.0,0.0,0.25605921855921854,0.4123263888888889,0.0,0.0,0.0,0.0,0.0,0.0,0.0,0.0,0.0,0.0,0.0,0.0,0.0,0.7135416666666666,0.9861912393162393,0.0,0.0,0.0,0.0,0.0,0.0,0.0,1.1527777777777777,0.0,0.0,0.0,0.0,0.0,0.0,0.0,0.0,0.0,0.0,0.0,0.0,0.0,0.670400641025641
163.14691556885435,106.9547672423948,30.741725325908998,15.937715959399632,55.565012368583794,66.49103768491524,17.951773566569486,30.84213367886837,11.01672335600907,26.230421930677032,7.708535795270489,22.044548374905517,4.3147031539888685,14.574957793070038,10.27355675314859,7.807397959183673,41.014958256029686,8.894051668286362,10.286223814922794,0.2942986718496923,4.857608519598315,11.221655328798185,21.496734133213725,3.4289965986394555,16.744305297876725,57.30169957593427,12.1890589569161,20.84157537473864,7.535178681862355,1.562972411186697,2.2689909297052155,19.314801317352337,0.4342808551992225,9.032879818594104,5.421983133080071,0.8248299319727891,2.7215136054421767,5.748299319727891,1.066124068675089,8.430089893100098,1.7410916747651441,0.0,1.3194444444444444,21.497443764663153,37.28505291005291,10.349914965986395,0.0,8.256944444444445,1.5824425008098477,1.4608033689666342,0.0,7.456963340891912,0.0,7.660012417665478,14.519120689401301,3.7006802721088436,0.3635204081632653,0.4563492063492063,0.282415996701711,2.48886459345643,0.4094387755102041,0.0,0.0,2.4488063744016126,3.5416666666666665,0.0,1.3775510204081631,3.645833333333333,1.25,0.6101190476190476,0.0,3.0,16.77712315084764,0.0,0.9537981859410432,4.306972789115647,0.0,0.0,1.7678571428571428,27.886668556311413,0.0,0.26470773494583016,0.0,4.023148148148148,1.403061224489796,3.8469387755102042,36.6463529856387,0.8843537414965985,0.6377551020408163,0.0,1.2718658892128278,0.0,1.617063492063492,4.24198250728863,0.0,1.7403628117913832,1.7857142857142856,2.9166666666666665,1.7176870748299318,2.1632653061224487,0.5044642857142857,1.25,0.0,0.0,0.0,0.0,0.0,0.0,7.321428571428571,2.454567541302235,2.5,4.117913832199546,0.75,0.0,0.70578231292517,6.920068027210884,0.7636054421768708,1.25,0.0,0.0,0.0,0.0,1.374059472273758,0.0,0.0,0.0,3.4708049886621315,0.0,0.0,0.0,0.0,3.666666666666667,0.0,0.0,0.0,0.0,5.8125,0.0,0.0,0.0,0.0,0.0,0.0,0.0,0.0,0.0,0.0,1.8419987042436021,0.0,0.0,1.0416666666666665,0.625,0.41666666666666663,3.201530612244898,0.0,0.625,0.0,0.0,0.0,1.8569808875931324,0.0,1.3423226433430515,17.15277777777778,0.0,0.0,3.1080944282474894,0.0,0.6794217687074829,0.0,0.0,0.0,0.0,0.0,1.5468901846452867,0.0,0.0,8.91326530612245,0.0,0.0,0.0,0.0,0.0,0.0,0.0,0.6845238095238094,1.0960884353741496,0.0,0.625,2.3554421768707483,0.5,0.0,0.0,0.0,0.0,0.0,0.0,0.41666666666666663,0.0,0.0,0.0
153.5564762205387,33.149181547619044,12.839409722222221,59.21797588985089,90.36516203703704,43.46903935185185,38.4202628968254,94.69367033429533,15.219742063492063,16.830323627198627,28.543650793650794,14.41178902116402,6.373263888888888,13.804976851851851,19.42166456228956,22.87008101851852,37.97366898148148,31.16269841269841,14.616085207231041,0.8802083333333333,4.428323412698413,17.432291666666668,22.656870039682538,2.4781746031746033,44.42551256613756,29.700396825396826,12.812003968253968,20.10887896825397,10.22829861111111,8.33614417989418,6.444940476190476,11.405175264550264,1.9270833333333333,25.322420634920633,2.788814484126984,8.758996212121211,0.7135416666666666,6.236193783068783,1.1458333333333333,3.060267857142857,0.2777777777777778,0.33854166666666663,1.568287037037037,31.62859623015873,26.347800925925924,3.3767361111111107,0.84375,45.996817129629626,2.8191964285714284,0.5208333333333333,0.6875,11.32638888888889,0.7291666666666666,6.7081266534391535,1.2847222222222223,1.640625,2.21875,1.1927083333333333,1.812872023809524,0.5555555555555556,2.192708333333333,0.9765625,0.625,0.37721836419753085,6.085069444444445,1.3229166666666667,2.364583333333333,2.009341931216931,0.2951388888888889,2.9166666666666665,2.0381944444444446,0.0,15.217799272486772,0.203125,8.960204725829726,0.28125,0.20833333333333331,0.33854166666666663,1.9947916666666665,13.414351851851851,0.0,3.0864197530864197,0.23995535714285715,2.585648148148148,1.6927083333333333,1.2053571428571428,20.458622685185183,1.5625,0.0,0.0,1.21875,0.6117724867724867,5.435763888888888,0.0,4.6875,0.0,0.41666666666666663,1.7404513888888888,1.7222222222222223,0.0,0.8705357142857142,0.2951388888888889,0.0,0.0,0.46875,0.0,0.46875,3.0839120370370368,1.2239583333333333,1.2881944444444444,0.234375,35.84139384920635,0.3125,0.0,1.8489583333333333,1.0,0.0,0.6510416666666666,0.32291666666666663,0.0,0.0,0.21875,1.1805555555555554,0.0,0.0,0.5833333333333333,0.5572916666666666,0.2864583333333333,0.21875,0.0,0.625,0.46875,0.3125,0.0,0.0,0.0,4.847222222222222,0.0,1.7708333333333333,0.625,0.26041666666666663,0.0,0.0,0.26041666666666663,0.0,0.0,0.0,0.2170138888888889,0.3125,0.46875,1.9930555555555556,0.5208333333333333,0.0,1.3697916666666667,0.0,0.0,0.3125,0.296875,0.0,0.6770833333333333,0.703125,0.0,3.125,0.0,0.0,0.0,0.0,0.0,0.41666666666666663,0.3125,0.0,0.0,0.20833333333333331,0.32291666666666663,1.6067708333333333,0.234375,2.4227430555555554,0.0,0.681423611111111,5.322916666666667,0.0,0.625,0.453125,1.25,1.0520833333333333,0.390625,0.65625,2.078125,0.0,0.3125,0.0,0.0,0.3877314814814815,0.0,0.0,0.0,0.0,0.0,0.0,0.0
97.0853474463076,47.25575442808233,4.533114619003594,45.59780985880882,18.92529535968977,43.84947233724407,7.950343155506199,53.62524387094133,25.192241704696414,88.39253487441893,11.042741110675893,10.507781655879482,22.206651138716357,31.5857631700023,14.663086611456176,45.95995138114703,29.64076039030749,5.455780703063311,15.723199907982517,10.538261572908311,8.846369797003854,10.333706127378488,6.956531542129368,4.119004485852312,10.11024540576171,50.78418606883281,18.43498389694042,7.972151640629901,4.639557453416149,0.9679656762990095,5.421626984126984,1.983695652173913,0.39553140096618356,9.515110996089257,3.7760416666666665,3.6879457096848403,3.3680555555555554,1.7841069913080783,2.523148148148148,1.6286986714975846,0.0,1.8020833333333333,6.843746405567058,29.463315217391305,2.9235931389463996,51.64006786289395,0.0,31.473638428801472,6.151203416149068,0.0,0.0,0.0,1.7881944444444444,0.0,10.561468397745571,1.358695652173913,2.749442586399108,6.666666666666667,0.0,5.178140096618357,3.051059472934473,2.1296296296296298,0.0,0.0,3.4312996031746033,6.25,2.4623590982286636,6.358695652173913,2.799775707384403,12.961309523809524,1.314043209876543,1.8905243558776168,38.898809523809526,0.0,2.2367820719269993,1.7753623188405796,0.0,0.0,0.0,21.16415357515901,0.3138940571005788,0.0,0.0,6.584390096618358,0.0,3.3482142857142856,110.80341327352197,3.7569444444444446,0.0,0.0,0.0,1.3271604938271606,31.996376811594203,0.7854938271604938,16.48148148148148,4.166666666666666,0.0,2.6909679826346493,0.0,3.0416666666666665,0.8333333333333333,0.5821759259259259,4.2648809523809526,0.0,0.0,0.0,2.083333333333333,0.0,26.461309523809522,6.0532407407407405,0.0,6.331018518518519,0.0,1.0507246376811594,1.6666666666666665,1.4583333333333333,0.625,0.0,0.0,0.0,0.0,1.2847222222222223,0.0,0.0,0.0,0.0,7.951388888888889,1.2946428571428572,0.0,0.0,0.0,0.0,0.0,0.0,0.861111111111111,0.0,2.5,0.0,0.0,0.0,0.0,0.0,0.0,1.6898148148148147,0.0,0.0,0.0,0.0,0.0,7.916666666666666,0.7118055555555556,0.0,0.0,0.0,0.0,0.0,0.0,0.0,0.0,0.0,0.0,0.0,1.25,0.0,0.0,7.5,7.663043478260869,0.2604166666666667,0.0,1.6071428571428572,0.0,1.0,0.0,4.375,2.5,0.0,0.0,2.5,1.25,0.0,0.0,0.0,0.0,0.0,19.188988095238095,0.0,0.0,0.0,0.0,0.0,0.0,0.0,0.0,0.0,0.0,0.0,8.229166666666666,0.0,0.0,0.0
481.724789609504,127.18271367096622,124.52972135765502,123.11497125040492,102.97288935271078,157.39002743359248,76.76218499653736,107.81831062828061,123.99547065038136,77.54730993475253,78.42920204422622,59.80700628736343,44.19867230983302,58.158021615821355,32.17489273198457,109.10526268840869,155.0185224695939,39.23890285876255,26.734967201166178,54.48953451239803,41.996100583090374,41.81454223356009,125.86017749540709,38.00865027829313,40.23347196454339,92.29525116323585,43.29236748866213,43.192260800424066,55.72077888027505,13.280518707482992,37.57781127602556,21.495389941690963,40.552286807580174,31.96815759637188,78.48517261720706,10.676337868480726,11.859013605442177,34.7302983276644,8.157962993639014,291.0756065190395,9.28585853984451,5.507518424036281,5.216021825396825,23.109712283181672,2.864583333333333,14.540391156462585,3.1753826530612246,25.717162698412697,44.67946631033366,66.48039641480968,17.920890022675735,38.09042594310451,15.08957422254616,37.17991170818977,9.328961959242571,45.35706916099773,23.721972789115647,4.236111111111111,29.357895794681507,10.795809037900874,10.796938775510204,2.420239199575934,9.889285714285714,7.37564058956916,10.604166666666666,3.3843537414965983,2.311578798185941,18.333333333333332,0.35416666666666663,19.890625,7.401020408163265,4.18125,25.30280106090055,2.5875,9.637329931972788,10.076972789115645,3.125,2.127210884353741,2.5687980030721964,3.7246315192743764,17.932015306122448,19.434240362811792,7.483125,4.773809523809524,49.108418367346935,11.442176870748298,10.715433673469388,1.4676870748299318,12.119897959183673,5.503125,5.68940061143505,9.517166241496598,1.9642857142857144,8.950315840621963,14.635204081632653,21.240065192743764,8.205912698412698,8.14970238095238,0.5593537414965986,15.704931972789115,7.723214285714286,9.729166666666666,21.59285714285714,2.7476937744794885,0.9559523809523809,3.1101190476190474,10.383460884353742,8.053819444444445,4.518939393939394,3.5359167476514415,0.0,7.4012471655328795,0.41666666666666663,2.2137223639455783,2.1641156462585034,12.070068027210885,15.105133219954649,1.5,2.708333333333333,0.0,0.625,0.0,12.748563440527725,0.41666666666666663,2.578125,3.759722222222222,12.46782879818594,5.732515387107224,0.5162280236770033,0.0,2.9479166666666665,15.262247474747475,0.49999999999999994,0.0,1.25,3.8125,0.20833333333333331,0.0,27.363520408163264,0.3723958333333333,1.7988095238095236,5.50062358276644,0.0,5.020833333333333,2.0416666666666665,1.292857142857143,0.0,8.287931243926142,2.3125,0.3333333333333333,4.892857142857142,3.4375,1.607142857142857,17.723500309214593,0.0,1.4583333333333333,2.371190476190476,9.285374149659864,1.25,10.5586475542598,3.5416666666666665,7.145447643343051,0.0,0.0,1.5973993764172334,1.0594833171363782,6.302450525664812,2.5648384353741496,0.2755102040816326,1.8131843213475867,2.2916666666666665,6.994227994227994,0.2602040816326531,2.63022351797862,1.8353312277291869,3.2334183673469385,3.437074829931973,3.5711127308066084,0.41666666666666663,0.2777777777777778,0.0,0.74,0.20833333333333331,1.8218537414965985,0.2157738095238095,0.6434369202226345,0.23973050758765044,0.875,2.1337159863945576,3.982456140350877,0.0,0.0,0.0,0.0,0.0,0.6979166666666666,1.6666666666666665,0.423955296404276,0.0,3.010986394557823
20.428000224938998,6.7151839090614605,0.7278364370201105,0.30114188532555874,0.3705679241393527,2.9788022351797863,1.3267735665694849,3.1152818270165206,0.7687074829931972,0.6331997084548104,0.347424684159378,0.7733843537414965,0.2730364873222016,0.36298689359913844,0.2504086050004417,0.8460884353741496,3.077458256029684,0.4148850016196955,0.30937196307094267,0.2942986718496923,0.26038629737609326,0.6383219954648526,2.215484133213725,1.3039965986394557,0.25819418676561534,0.0,0.21683673469387757,1.2582420414053066,0.30601201519568866,0.2551020408163265,0.2551020408163265,0.8865605766115969,0.4342808551992225,1.3801020408163265,0.9378561489530877,0.0,1.721513605442177,0.0,0.3875526401036605,0.43008989310009715,0.21331389698736636,0.0,0.0,0.0,0.0,0.0,0.0,0.0,2.55466472303207,0.21080336896663426,0.0,0.8018707482993197,0.0,0.2757531584062196,0.47398180051241273,0.0,0.0,0.0,0.0,0.0,0.0,0.0,0.0,0.0,0.0,0.0,0.0,0.0,0.0,0.29761904761904756,0.0,0.0,0.0,0.0,0.0,0.0,0.0,0.0,0.5178571428571428,0.0,0.0,0.0,0.0,0.0,0.0,1.346938775510204,0.28061224489795916,0.0,0.0,0.0,0.0,0.0,0.0,0.4919825072886297,0.0,0.0,0.0,0.0,0.0,1.2465986394557822,0.0,0.0,0.0,0.0,0.0,0.0,0.0,0.0,0.0,0.0,0.0,0.0,0.0,0.0,0.0,0.0,0.0,0.0,0.0,0.0,0.0,0.0,0.23814677386105956,0.0,0.0,0.0,0.0,0.0,0.0,0.0,0.0,0.3333333333333333,0.0,0.0,0.0,0.0,0.0,0.0,0.0,0.0,0.0,0.0,0.0,0.0,0.0,0.0,0.0,0.0,0.0,0.0,0.0,0.0,0.0,2.576530612244898,0.0,0.0,0.0,0.0,0.0,0.6069808875931324,0.0,0.5610726433430515,0.0,0.0,0.0,0.0,0.0,0.0,0.0,0.0,0.0,0.0,0.0,0.0,0.0,0.0,0.5382653061224489,0.0,0.0,0.0,0.0,0.0,0.0,0.0,0.0,0.0,0.0,0.0,0.0,0.0,0.0,0.0,0.0,0.0,0.0,0.0,0.0,0.0,0.0,0.0
26.05595803450281,12.131694745967133,8.30785533910534,3.758522727272727,11.524305555555555,3.484283129805518,9.295905483405482,10.214261484783872,2.5378787878787876,4.819384319384319,6.012626262626262,6.820523330318106,1.6522349696323577,2.085648148148148,5.716794140768021,4.28125,1.9369588744588744,5.050650315342479,2.528409090909091,1.2589043419267298,1.3958333333333333,2.675820707070707,1.1578942409166288,0.8459595959595959,0.35416666666666663,6.248421717171717,1.2689393939393938,2.334911616161616,1.3194444444444444,0.625,0.9769570707070707,1.0887896825396826,0.2272727272727273,0.3125,1.2159090909090908,1.9863560982963966,1.8876262626262625,0.0,0.9618055555555556,0.0,1.9791666666666665,4.5875270562770565,1.9823232323232323,0.2793560606060606,0.7954545454545455,0.0,0.4236111111111111,0.0,0.0,0.4722222222222222,0.41666666666666663,0.0,1.2168560606060606,0.0,0.0,0.0,0.7291666666666666,6.46911075036075,2.236111111111111,0.9722222222222222,0.21527777777777776,0.5234245439469319,0.22569444444444442,0.0,0.20833333333333331,1.4362373737373737,1.0892857142857142,0.0,0.3819444444444444,0.0,0.2604166666666667,0.0,0.0,0.41666666666666663,0.3472222222222222,0.20833333333333331,0.8696338383838383,0.49652777777777773,0.0,1.3541666666666665,0.8196548821548821,0.0,0.798611111111111,0.0,0.20833333333333331,0.0,0.0,2.689078282828283,0.28125,0.2120535714285714,0.2456467661691542,0.0,1.4678030303030305,0.0,0.0,0.0,0.0,0.0,0.3125,0.0,0.20833333333333331,0.41666666666666663,0.20833333333333331,0.5718283582089553,1.846590909090909,0.9286616161616161,0.0,0.0,0.0,0.0,1.1875901875901875,0.0,1.7187499999999998,0.46874999999999994,0.5034722222222222,0.0,0.0,2.975694444444444,0.7430555555555556,1.0416666666666665,0.0,0.0,0.0,0.20833333333333331,0.625,0.798611111111111,0.0,0.0,0.20833333333333331,1.5519931457431457,4.045454545454545,0.0,0.0,0.4356060606060606,0.2361111111111111,0.0,0.0,0.5520833333333334,0.0,0.5972222222222222,0.25284090909090906,0.8333333333333333,0.35416666666666663,0.8333333333333334,0.0,0.0,0.3263888888888889,0.9945436507936507,0.0,0.0,0.0,0.0,0.36458333333333326,0.0,0.0,0.2777777777777778,0.0,0.0,0.6944444444444444,0.0,0.0,0.0,0.20833333333333334,0.0,0.0,0.0,0.0,0.0,0.2232142857142857,0.0,0.35416666666666663,0.0,0.0,0.0,0.0,0.0,0.0,0.0,0.6458333333333333,0.0,0.0,0.0,0.0,0.0,0.0,0.0,0.0,0.0,0.0,0.0,0.0,0.0,0.0,0.0,0.0,0.0,0.0,0.75,0.0,0.0
0.4605263157894737,0.9375,1.25,0.20833333333333331,2.1130952380952377,0.8333333333333334,0.0,0.0,0.0,0.8333333333333333,0.0,0.0,0.0,0.0,0.0,0.0,0.0,0.0,0.0,0.0,0.0,0.0,0.0,0.0,0.0,6.5625,0.0,0.0,0.0,0.0,0.0,0.0,0.0,0.0,0.0,0.0,0.0,0.0,0.0,0.0,0.0,0.0,0.0,0.0,0.0,1.25,0.0,0.0,0.0,0.0,0.0,0.0,0.0,0.0,0.0,0.0,0.0,0.0,0.0,0.0,0.0,0.0,0.0,0.0,0.0,0.0,0.0,0.0,0.0,0.0,0.0,0.0,0.0,5.0,0.0,0.0,0.0,0.0,0.0,0.0,0.0,0.0,0.0,0.0,0.0,0.0,0.0,0.0,0.0,0.0,0.0,0.0,0.0,0.0,0.0,0.0,0.0,0.0,0.0,0.0,0.0,0.0,0.0,0.0,0.0,0.0,0.0,0.0,0.0,0.0,0.0,0.0,0.0,0.0,0.0,0.0,0.0,0.0,0.0,0.0,0.0,0.0,0.0,0.0,0.0,0.0,0.0,0.0,0.0,0.0,0.0,0.0,0.0,0.0,0.0,0.0,0.0,0.0,0.0,0.0,0.0,0.0,0.0,0.0,0.0,0.0,0.0,0.0,0.0,0.0,0.0,0.0,0.0,0.0,0.0,0.0,0.0,0.0,0.0,0.0,0.0,0.0,0.0,0.0,0.0,0.0,0.0,0.0,0.0,0.0,0.0,0.0,0.0,0.0,0.0,0.0,0.0,0.0,0.0,0.0,0.0,0.0,0.0,0.0,0.0,0.0,0.0,0.0,0.0,0.0,0.0,0.0,0.0,0.0,0.0,0.0,0.0,0.0,0.0,0.0
37.21966689160566,1.40268390906146,4.477836437020111,1.134475218658892,2.4836631622345906,3.8121355685131193,1.3267735665694849,1.8652818270165208,0.7687074829931972,5.841533041788144,0.347424684159378,0.3567176870748299,0.2730364873222016,0.36298689359913844,0.2504086050004417,0.8460884353741496,0.5774582560296846,0.4148850016196955,0.30937196307094267,0.2942986718496923,0.6770529640427599,0.6383219954648526,4.5279841332137245,0.3039965986394558,0.25819418676561534,7.926699575934269,0.21683673469387757,0.4249087080719734,0.30601201519568866,0.2551020408163265,2.7551020408163263,0.8865605766115969,0.4342808551992225,0.5467687074829931,0.9378561489530877,0.0,0.22151360544217685,0.0,0.3875526401036605,0.43008989310009715,0.21331389698736636,0.0,0.0,0.0,0.0,1.9124149659863945,0.0,0.0,0.0,0.21080336896663426,0.0,0.8018707482993197,0.0,0.2757531584062196,0.47398180051241273,0.0,0.0,0.625,0.0,0.0,0.0,0.0,0.0,0.0,0.0,0.0,0.0,0.0,0.0,0.29761904761904756,0.0,0.0,0.0,0.0,0.0,0.0,0.0,0.0,0.5178571428571428,0.0,0.0,0.0,0.0,0.0,0.0,0.0,0.28061224489795916,0.0,0.0,0.0,0.0,0.0,0.0,0.4919825072886297,0.0,0.0,0.0,0.0,0.0,0.2465986394557823,0.0,0.0,0.0,0.0,0.0,0.0,0.0,0.0,0.0,0.0,0.0,0.0,0.0,0.0,0.0,0.0,0.0,0.0,0.0,0.0,0.0,0.0,0.23814677386105956,0.0,0.0,0.0,0.0,0.0,0.0,0.0,0.0,0.3333333333333333,0.0,0.0,0.0,0.0,0.0,0.0,0.0,0.0,0.0,0.0,0.0,0.0,0.0,0.0,0.0,0.0,0.0,0.0,0.0,0.0,0.0,0.0,0.0,0.0,0.0,0.0,0.0,1.8569808875931324,0.0,3.425655976676385,0.0,0.0,0.0,0.0,0.0,0.0,0.0,0.0,0.0,0.0,0.0,5.13022351797862,0.0,0.0,0.0,0.0,0.0,0.0,0.0,0.0,0.0,0.0,0.0,0.0,0.0,0.0,0.0,0.0,0.0,0.0,0.0,0.0,0.0,0.0,0.0,0.0,0.0,0.9555697278911565
33.343961000274774,2.62750075887831,5.6097808814645544,3.5827352919189654,7.178603638425066,4.653023846901398,6.041059280855198,8.750698493683187,8.485721371882086,17.441235422740526,1.0379008746355685,1.542386185243328,4.453592042877757,3.800486893599138,4.662610985952822,11.554421768707483,15.95050419157562,3.212504049238743,2.9308997408487203,0.2942986718496923,0.5728862973760933,4.549036281179138,6.7427658792454706,0.6016156462585034,3.174860853432282,1.0516995759342698,3.182114512471655,5.633242041405306,1.8804167771004505,0.2551020408163265,0.2551020408163265,1.011560576611597,5.2381002996436665,1.874893707482993,4.312856148953087,1.867984693877551,0.22151360544217685,5.412414965986394,2.429219306770327,1.193978781988986,0.25177543544890485,0.3099489795918367,0.0,1.0105059339753217,0.625,4.178039965986394,0.24234693877551017,0.0,0.0,1.8774700356333007,3.7867935635792778,2.7185374149659864,0.5501396987366375,1.5282333171363782,1.5019122034428156,1.5433237397523112,0.0,0.0,3.4490826633683778,0.0,0.7889030612244897,0.0,0.3125,11.89148715041572,0.4464285714285714,2.6343537414965983,0.0,0.6730769230769231,0.0,2.8125,0.0,0.0,2.0155490767735667,0.0,0.2593537414965986,3.902706916099773,0.0,0.0,2.839285714285714,0.6760204081632653,0.9980867346938775,0.0,0.0,0.5654761904761905,4.114618764172335,1.2427721088435373,0.9056122448979591,0.2593537414965986,0.0,0.0,0.646865889212828,0.0,1.8035714285714284,1.4294825072886297,0.9268707482993197,0.0,4.160714285714286,0.3125,0.0,0.4389063317634746,0.6398809523809523,0.0,1.1944444444444444,0.6296382189239331,0.0,0.0,0.0,0.8333333333333334,0.0,0.25218658892128276,0.0,0.2741638321995465,0.0,0.0,0.0,0.5450680272108843,0.0,0.0,0.0,0.0,0.0,0.0,0.8978689960832817,0.0,0.0,0.0,0.8319160997732427,0.0,0.0,0.0,0.8184523809523809,1.722222222222222,0.0,0.0,0.0,0.0,0.0,0.0,0.3461592970521542,0.0,0.0,0.0,0.0,0.20833333333333331,0.20833333333333331,0.375,0.0,0.0,0.9722222222222221,0.0,0.8333333333333334,0.5902777777777778,0.0,1.1712726757369614,0.0,0.0,0.0,0.0,0.0,3.2458697764820212,0.0,0.0,0.0,0.0,0.0,1.6497610949141561,0.0,1.2032312925170068,0.0,2.24651765468092,0.0,1.4210633116883116,0.0,0.0,0.535410592808552,0.0,12.34613567649282,0.0,0.0,1.3180272108843538,0.0,1.675925925925926,0.21428571428571427,0.0,0.0,0.0,0.32653606314320605,1.3257575757575757,0.21258503401360543,0.0,0.6805555555555556,0.0,0.0,0.0,0.0,0.0,0.5555555555555556,0.0,0.0,0.729875283446712
1.0934684684684683,2.8993110757816636,1.1836389961389961,5.301801801801802,0.8333333333333333,1.875,2.284829472329472,1.172940797940798,0.20270270270270271,1.135135135135135,0.21235521235521232,0.6587837837837838,0.8333333333333333,0.0,2.5,0.0,0.0,0.38129305776364597,0.0,1.385135135135135,0.25,0.0,0.8333333333333333,0.0,0.625,0.6925675675675675,0.0,1.4166666666666665,0.0,0.0,0.0,0.0,1.4285714285714286,0.0,0.625,0.0,0.0,0.0,0.0,0.0,0.0,0.0,1.25,0.0,0.0,0.0,0.0,0.0,0.0,0.0,0.0,0.0,0.0,0.625,0.0,0.0,0.0,0.0,0.0,0.0,0.0,0.0,0.0,0.0,0.0,0.0,0.0,0.0,0.0,0.0,0.0,0.0,0.0,0.0,0.0,0.0,0.0,0.0,0.0,2.5675675675675675,0.0,0.0,0.0,0.0,0.0,0.0,0.0,0.0,0.0,0.0,0.0,0.0,0.0,0.0,0.0,0.0,0.0,0.0,0.0,1.25,0.0,0.0,0.0,0.0,0.0,0.0,0.0,0.0,0.0,0.0,0.625,0.625,0.0,0.0,0.0,0.0,0.0,0.0,0.0,0.0,0.0,0.0,0.0,0.0,0.0,0.0,0.0,0.0,0.0,0.0,0.0,0.0,0.0,0.25,0.0,0.0,0.0,0.0,0.0,0.0,0.0,0.0,0.0,0.0,0.0,0.0,0.0,0.0,0.0,0.0,0.0,0.0,0.0,0.0,0.0,0.0,0.0,0.0,0.0,0.0,0.0,0.0,0.0,0.0,0.0,0.0,0.0,0.0,0.0,0.0,0.0,0.0,0.0,0.0,0.0,0.0,0.0,0.0,0.0,0.0,0.0,0.0,0.0,0.0,0.0,0.0,0.0,0.0,0.0,0.0,0.0,0.0,0.0,0.0,0.0,0.0,0.0,0.0,0.0,0.0
28.29337686567164,10.710641097234914,7.050595238095238,2.3363095238095237,17.324481074481074,5.089396766169154,8.73611111111111,5.936618988391376,3.0944683908045976,5.0,6.159722222222222,1.7412935323383083,1.787313432835821,12.604166666666666,5.797028886181338,5.3125,1.6041666666666667,1.4147180762852405,20.313552188552187,1.7039800995024876,2.319444444444444,8.61111111111111,0.21588486140724944,0.41666666666666663,4.6875,2.8017178362573096,1.25,1.875,10.0,3.258415435139573,0.0,2.5,0.5555555555555556,1.6666666666666665,2.0,0.3171641791044776,0.3125,0.0,0.0,0.3125,0.0,17.4375,0.2951388888888889,0.0,7.555555555555555,3.4027777777777777,0.632183908045977,7.291666666666666,0.0,0.0,0.0,12.222492784992784,0.0,0.0,0.625,1.875,0.0,0.0,0.0,0.0,1.0,0.0,0.0,0.0,0.625,2.6884920634920633,2.0277777777777777,0.3125,0.0,0.0,1.369047619047619,0.0,0.0,0.8333333333333333,0.41666666666666663,0.0,2.916666666666667,1.875,0.0,2.5,0.0,0.0,0.0,0.5,0.0,0.41666666666666663,0.37777777777777777,0.0,0.0,0.0,0.0,2.5,0.8333333333333333,0.625,0.0,0.0,0.0,0.0,0.0,0.0,0.0,0.0,0.0,0.0,0.20833333333333331,0.9722222222222222,0.0,1.25,2.125,0.21428571428571427,0.0,0.8333333333333333,2.5,4.71011396011396,0.0,0.0,0.0,0.0,0.6944444444444444,0.0,0.0,0.625,0.0,0.0,0.0,0.0,0.0,0.0,0.0,0.0,0.0,0.0,27.947751322751323,0.0,0.0,0.625,0.8333333333333333,0.0,0.0,0.0,0.0,0.0,0.0,0.0,0.0,0.0,0.20833333333333331,0.0,1.25,0.0,0.0,0.0,1.3611111111111112,0.0,0.25496031746031744,0.0,1.6666666666666665,0.0,0.625,0.0,0.0,0.0,0.0,2.2870370370370368,0.0,0.0,0.0,0.0,0.0,0.0,0.0,1.0416666666666665,0.0,0.0,0.8333333333333333,0.0,0.0,0.0,0.0,0.0,0.0,0.0,0.0,0.0,0.0,0.0,0.5,0.0,0.0,0.0,0.0,0.0,0.0,0.0,0.0,0.0,0.0,0.0,0.0,0.0
26.62442879636757,0.46518390906146007,1.2278364370201105,0.30114188532555874,3.495567924139353,1.103802235179786,1.3267735665694849,3.1152818270165206,0.7687074829931972,1.1331997084548104,0.347424684159378,1.1900510204081634,0.2730364873222016,4.640764671376916,0.2504086050004417,5.304421768707483,0.5774582560296846,2.9148850016196954,0.30937196307094267,0.2942986718496923,1.7603862973760933,0.6383219954648526,18.573123022102614,0.3039965986394558,0.25819418676561534,0.0,2.7168367346938775,0.4249087080719734,0.30601201519568866,0.2551020408163265,0.2551020408163265,0.8865605766115969,0.4342808551992225,0.0,1.4934117045086432,0.0,0.22151360544217685,5.480442176870748,0.3875526401036605,0.9300898931000972,0.21331389698736636,0.0,0.0,0.0,0.0,0.0,0.0,0.0,0.0,0.21080336896663426,0.0,3.3018707482993195,0.0,0.2757531584062196,0.47398180051241273,0.0,0.0,0.0,0.0,0.0,0.0,0.0,0.0,0.0,0.0,0.0,0.0,0.0,0.0,0.29761904761904756,0.0,0.0,0.0,0.0,0.0,0.0,0.0,0.0,0.5178571428571428,0.0,0.0,0.0,0.0,0.0,0.0,0.0,0.28061224489795916,0.0,0.0,0.0,0.0,0.0,0.0,0.4919825072886297,0.0,0.0,0.0,0.0,0.0,0.2465986394557823,0.0,0.0,0.0,0.0,0.0,0.0,0.0,0.0,0.0,0.0,0.0,0.0,0.0,0.0,0.0,2.6700680272108843,0.0,0.0,0.0,0.0,0.0,0.0,0.23814677386105956,0.0,0.0,0.0,0.0,0.0,0.0,0.0,0.0,1.9999999999999998,0.0,0.0,0.0,0.0,0.0,0.0,0.0,0.0,0.0,0.0,0.0,0.0,0.0,0.0,0.0,0.0,0.0,0.0,0.0,0.0,0.0,2.576530612244898,0.0,0.0,0.0,0.0,0.0,0.6069808875931324,0.0,2.5923226433430515,0.0,0.0,0.0,0.0,0.0,0.0,0.0,0.0,0.0,0.0,0.0,0.0,0.43124392614188534,0.0,0.0,0.0,0.0,0.0,0.0,0.0,0.0,0.0,0.0,0.2905328798185941,0.0,0.0,0.0,0.8333333333333333,0.0,0.0,0.0,0.0,0.0,0.0,0.0,0.0,0.0,0.0
21.3218836006336,13.087454975579975,4.9306551744051745,12.226883903133903,6.065882173382173,6.384429945054945,3.0172313797313794,4.964206349206349,7.605925671550671,10.51408924033924,0.9127480158730159,18.5943853021978,2.8548992673992672,4.693962563337563,2.994405525030525,14.135545634920636,12.926675824175824,3.3160813492063492,0.5452628968253969,1.533068147130647,2.390426587301587,6.654108669108669,3.8976149776149773,2.4829326923076924,7.659718337218337,23.286009996947495,1.692718253968254,3.8039300976800976,2.1969815254190252,2.335138195138195,4.542147435897435,4.091830738705739,1.9934065934065934,5.129350198412698,2.896971153846154,1.0285149572649572,0.8118551587301587,7.197028769841269,2.502938415750916,1.1885206807081807,2.137171855921856,0.0,0.0,0.35622710622710624,0.0,0.5712950244200243,0.0,0.3084134615384615,4.0005933302808305,2.5588576007326007,0.6077686202686202,4.63065349002849,0.8333333333333334,0.6288141025641025,4.981019917582417,6.061351114163614,1.1359249084249083,0.0,4.004806547619047,0.8158920940170941,0.49428037240537237,0.23821924603174605,0.2914300976800977,1.8979552045177046,0.0,0.0,0.0,0.2564102564102564,0.0,0.2622767857142857,0.5750457875457875,0.275,1.1753968253968254,0.21770833333333334,0.2673611111111111,3.1373242266992265,0.0,0.35,0.0,0.0,1.3963541666666666,1.101686507936508,2.05250296000296,0.4769345238095238,0.882688492063492,0.5367063492063492,0.0,0.0,1.6807844932844933,0.3383279914529915,0.390625,0.0,0.0,0.0,0.2777777777777778,1.005406746031746,0.5908333333333333,0.0,0.5039930555555555,0.0,0.0,0.0,0.770436507936508,0.0,0.0,0.0,0.5694673382173382,0.0,0.0,0.2361111111111111,0.0,0.0,0.0,0.0,1.4146825396825398,0.0,0.5282837301587301,0.0,0.0,0.0,0.0,0.0,0.0,0.0,0.0,0.6073069291819292,0.0,0.4117483211233211,0.0,0.0,0.0,1.0094551282051283,0.0,0.0,0.0,0.0,0.0,0.0,0.0,0.0,0.0,0.0,0.0,0.0,0.3855406746031746,0.3171626984126984,0.0,0.0,0.0,0.0,0.0,0.0,0.0,0.3721230158730159,0.0,0.0,0.0,0.26666666666666666,0.0,0.0,0.0,0.25605921855921854,0.4123263888888889,0.0,0.0,0.0,0.0,0.0,0.0,0.0,0.0,0.20238095238095238,0.0,0.0,0.0,0.0,0.7135416666666666,0.9861912393162393,0.0,0.0,0.0,0.0,0.0,0.0,0.0,0.0,0.0,0.0,0.0,0.0,0.0,0.0,0.0,0.0,0.0,0.0,0.0,0.0,0.0,0.670400641025641
0.4605263157894737,0.0,0.0,0.0,0.0,0.0,0.0,0.0,0.0,0.0,0.0,0.0,0.0,0.0,0.0,0.0,0.0,0.0,0.0,0.0,0.0,0.0,0.0,0.0,0.0,0.0,0.0,0.0,0.0,0.0,0.0,0.0,0.0,0.0,0.0,0.0,0.0,0.0,0.0,0.0,0.0,0.0,0.0,0.0,0.0,0.0,0.0,0.0,0.0,0.0,0.0,0.0,0.0,0.0,0.0,0.0,0.0,0.0,0.0,0.0,0.0,0.0,0.0,0.0,0.0,0.0,0.0,0.0,0.0,0.0,0.0,0.0,0.0,0.0,0.0,0.0,0.0,0.0,0.0,0.0,0.0,0.0,0.0,0.0,0.0,0.0,0.0,0.0,0.0,0.0,0.0,0.0,0.0,0.0,0.0,0.0,0.0,0.0,0.0,0.0,0.0,0.0,0.0,0.0,0.0,0.0,0.0,0.0,0.0,0.0,0.0,0.0,0.0,0.0,0.0,0.0,0.0,0.0,0.0,0.0,0.0,0.0,0.0,0.0,0.0,0.0,0.0,0.0,0.0,0.0,0.0,0.0,0.0,0.0,0.0,0.0,0.0,0.0,0.0,0.0,0.0,0.0,0.0,0.0,0.0,0.0,0.0,0.0,0.0,0.0,0.0,0.0,0.0,0.0,0.0,0.0,0.0,0.0,0.0,0.0,0.0,0.0,0.0,0.0,0.0,0.0,0.0,0.0,0.0,0.0,0.0,0.0,0.0,0.0,0.0,0.0,0.0,0.0,0.0,0.0,0.0,0.0,0.0,0.0,0.0,0.0,0.0,0.0,0.0,0.0,0.0,0.0,0.0,0.0,0.0,0.0,0.0,0.0,0.0,0.0
19.8734709022209,13.087454975579975,3.430655174405174,11.726883903133903,6.065882173382173,5.967763278388278,2.1838980463980464,4.964206349206349,4.480925671550671,9.049803526053525,0.9127480158730159,18.5943853021978,2.8548992673992672,4.693962563337563,2.994405525030525,14.135545634920636,12.926675824175824,2.4827480158730157,0.5452628968253969,1.533068147130647,2.390426587301587,6.654108669108669,3.8976149776149773,2.4829326923076924,7.659718337218337,23.286009996947495,1.692718253968254,3.8039300976800976,2.1969815254190252,2.335138195138195,4.542147435897435,4.091830738705739,1.9934065934065934,5.129350198412698,2.896971153846154,1.0285149572649572,0.8118551587301587,7.197028769841269,2.502938415750916,1.1885206807081807,2.137171855921856,0.0,0.0,0.35622710622710624,0.0,0.5712950244200243,0.0,0.3084134615384615,4.0005933302808305,2.5588576007326007,0.6077686202686202,4.63065349002849,0.0,0.6288141025641025,4.981019917582417,4.186351114163614,1.1359249084249083,0.0,4.004806547619047,0.315892094017094,0.49428037240537237,0.23821924603174605,0.2914300976800977,1.8979552045177046,0.0,0.0,0.0,0.2564102564102564,0.0,0.2622767857142857,0.5750457875457875,0.275,1.1753968253968254,0.21770833333333334,0.2673611111111111,3.1373242266992265,0.0,0.35,0.0,0.0,1.3963541666666666,1.101686507936508,2.05250296000296,0.4769345238095238,0.882688492063492,0.0,0.0,0.0,1.6807844932844933,0.3383279914529915,0.390625,0.0,0.0,0.0,0.2777777777777778,1.005406746031746,0.5908333333333333,0.0,0.5039930555555555,0.0,0.0,0.0,0.770436507936508,0.0,0.0,0.0,0.5694673382173382,0.0,0.0,0.2361111111111111,0.0,0.0,0.0,0.0,1.4146825396825398,0.0,0.5282837301587301,0.0,0.0,0.0,0.0,0.0,0.0,0.0,0.0,0.6073069291819292,0.0,0.4117483211233211,0.0,0.0,0.0,1.0094551282051283,0.0,0.0,0.0,0.0,0.0,0.0,0.0,0.0,0.0,0.0,0.0,0.0,0.3855406746031746,0.3171626984126984,0.0,0.0,0.0,0.0,0.0,0.0,0.0,0.3721230158730159,0.0,0.0,0.0,0.26666666666666666,0.0,0.0,0.0,0.25605921855921854,0.4123263888888889,0.0,0.0,0.0,0.0,0.0,0.0,0.0,0.0,0.0,0.0,0.0,0.0,0.0,0.7135416666666666,0.9861912393162393,0.0,0.0,0.0,0.0,0.0,0.0,0.0,0.0,0.0,0.0,0.0,0.0,0.0,0.0,0.0,0.0,0.0,0.0,0.0,0.0,0.0,0.670400641025641
8.678000224939,0.46518390906146007,0.7278364370201105,0.30114188532555874,0.3705679241393527,0.47880223517978615,1.3267735665694849,0.6152818270165208,0.7687074829931972,0.6331997084548104,0.347424684159378,0.3567176870748299,0.2730364873222016,0.36298689359913844,0.2504086050004417,0.8460884353741496,0.5774582560296846,0.4148850016196955,0.30937196307094267,0.2942986718496923,0.26038629737609326,0.6383219954648526,0.934234133213725,0.3039965986394558,0.25819418676561534,0.0,0.21683673469387757,0.4249087080719734,0.30601201519568866,0.2551020408163265,0.2551020408163265,0.8865605766115969,0.4342808551992225,0.0,0.9378561489530877,0.0,0.22151360544217685,0.0,0.3875526401036605,0.43008989310009715,0.21331389698736636,0.0,0.0,0.0,0.0,0.0,0.0,0.0,0.0,0.21080336896663426,0.0,0.8018707482993197,0.0,0.2757531584062196,0.47398180051241273,0.0,0.0,0.0,0.0,0.0,0.0,0.0,0.0,0.0,0.0,0.0,0.0,0.0,0.0,0.29761904761904756,0.0,0.0,0.0,0.0,0.0,0.0,0.0,0.0,0.5178571428571428,0.0,0.0,0.0,0.0,0.0,0.0,0.0,0.28061224489795916,0.0,0.0,0.0,0.0,0.0,0.0,0.4919825072886297,0.0,0.0,0.0,0.0,0.0,0.2465986394557823,0.0,0.0,0.0,0.0,0.0,0.0,0.0,0.0,0.0,0.0,0.0,0.0,0.0,0.0,0.0,0.0,0.0,0.0,0.0,0.0,0.0,0.0,0.23814677386105956,0.0,0.0,0.0,0.0,0.0,0.0,0.0,0.0,0.3333333333333333,0.0,0.0,0.0,0.0,0.0,0.0,0.0,0.0,0.0,0.0,0.0,0.0,0.0,0.0,0.0,0.0,0.0,0.0,0.0,0.0,0.0,0.0,0.0,0.0,0.0,0.0,0.0,0.6069808875931324,0.0,0.0,0.0,0.0,0.0,0.0,0.0,0.0,0.0,0.0,0.0,0.0,0.0,0.0,0.0,0.0,0.0,0.0,0.0,0.0,0.0,0.0,0.0,0.0,0.0,0.0,0.0,0.0,0.0,0.0,0.0,0.0,0.0,0.0,0.0,0.0,0.0,0.0,0.0,0.0
15.761333558272332,3.459231528109079,0.7278364370201105,0.30114188532555874,0.4896155431869717,2.4788022351797863,1.3267735665694849,0.6152818270165208,3.2687074829931975,3.1331997084548107,0.347424684159378,2.4817176870748296,0.2730364873222016,0.36298689359913844,0.2504086050004417,0.8460884353741496,2.0774582560296846,1.2482183349530287,0.30937196307094267,0.2942986718496923,0.26038629737609326,0.7573696145124716,3.934234133213725,0.3039965986394558,1.0915275200989485,0.0,0.21683673469387757,0.4249087080719734,0.9310120151956887,0.2551020408163265,0.2551020408163265,0.8865605766115969,0.4342808551992225,0.0,0.9378561489530877,0.0,0.22151360544217685,0.0,0.3875526401036605,0.43008989310009715,0.21331389698736636,0.0,0.0,2.6771726006419887,0.0,0.0,0.0,0.0,0.0,0.21080336896663426,0.0,0.8018707482993197,0.0,0.2757531584062196,0.47398180051241273,0.0,0.0,0.0,0.0,0.0,0.9302721088435373,2.630466472303207,0.0,0.0,0.0,0.0,0.0,0.0,0.0,0.29761904761904756,0.0,0.0,0.0,0.0,0.0,0.0,0.0,0.0,0.5178571428571428,0.0,0.0,0.0,0.0,0.0,0.0,0.0,0.28061224489795916,0.0,0.0,0.0,0.0,0.0,0.0,0.4919825072886297,0.0,0.0,0.0,0.0,0.0,0.2465986394557823,0.0,0.0,0.0,0.0,0.0,0.0,0.0,0.0,0.0,0.0,0.0,0.0,0.0,0.0,0.0,0.0,0.0,0.0,0.0,0.0,0.0,0.0,0.23814677386105956,0.0,0.0,0.0,0.0,0.0,0.0,0.0,0.0,0.3333333333333333,0.0,0.0,0.0,0.0,0.0,0.0,0.0,0.0,0.0,0.0,0.0,0.0,0.0,0.0,0.0,0.0,0.0,0.0,0.0,0.0,0.0,0.0,0.0,0.0,0.0,0.0,0.0,0.6069808875931324,0.0,0.0,0.0,0.0,0.0,0.0,0.0,0.0,0.0,0.0,0.0,0.0,0.0,0.0,0.0,0.0,2.2882653061224487,0.0,0.0,0.0,0.0,0.0,0.0,0.0,0.0,0.8460884353741496,0.0,0.0,0.0,0.0,0.0,0.0,0.0,0.0,0.0,0.0,0.0,0.0,0.0,0.0
28.031776017736163,17.39861157093947,4.810892396781372,7.88947652547549,3.49077155016596,13.638162813434553,2.0128431555061987,15.750243870941334,2.7339083713630816,9.49372535060941,0.41774111067589326,2.632781655879482,0.8316511387163561,3.02028697952611,3.5380866114561766,1.2724513811470333,3.265760390307492,1.7057807030633116,0.3660570508396595,0.7465949062416454,4.242203130337188,0.7503727940451542,1.6787537643515904,0.7856711525189786,2.73524540576171,7.135376545023284,0.8099838969404187,0.0,0.4728907867494824,0.9679656762990095,0.2013888888888889,0.0,0.8955314009661836,1.5984443294225903,0.5260416666666666,0.3546123763515068,0.5347222222222222,0.32577365797474495,0.0,0.4620320048309179,0.0,0.5520833333333334,1.0104130722337243,5.400815217391305,3.399783615136876,2.26506786289395,0.0,2.991495571658615,0.2940605590062112,0.0,0.0,0.0,0.5381944444444444,0.0,0.5614683977455717,0.0,1.8565854435419653,0.41666666666666663,0.0,0.0,0.0,0.0,0.6331018518518519,0.0,0.7229662698412699,0.0,0.5695019553715205,0.0,0.29977570738440307,0.6041666666666666,0.0,0.6405243558776167,3.25,0.0,0.5701154052603328,0.0,0.0,0.0,0.0,3.7236773846828193,0.3138940571005788,0.0,0.0,0.3343900966183575,0.0,3.8482142857142856,3.356984702093398,0.0,0.0,0.0,0.0,0.24382716049382716,0.9130434782608696,2.6604938271604937,0.0,0.0,0.0,3.5243013159679824,0.0,0.5416666666666666,0.8333333333333333,0.5821759259259259,0.0,0.0,0.0,0.0,0.0,0.0,8.37797619047619,0.0,0.0,0.0,0.0,0.8245341614906831,0.0,0.5,0.0,0.8333333333333333,0.0,0.0,0.0,0.0,0.0,0.0,0.0,0.0,2.951388888888889,0.0,0.0,0.0,0.0,0.0,0.0,0.0,0.861111111111111,0.0,1.5625,0.5,0.0,0.0,0.0,0.0,0.0,0.0,0.0,0.0,0.0,0.0,0.0,0.0,0.0,0.0,0.0,0.0,0.0,0.625,0.0,0.0,0.0,0.0,0.0,0.0,0.0,0.0,0.0,2.5,0.6630434782608696,0.2604166666666667,0.0,0.0,0.0,0.0,0.0,0.0,0.0,0.0,0.0,0.0,0.0,0.0,0.0,0.0,0.0,0.0,0.6473214285714286,0.0,0.0,0.0,0.0,0.0,0.0,0.2648809523809524,1.25,0.0,0.0,0.0,0.0,0.0,0.0,0.0
4.080178882275838,0.8517156862745098,1.2760416666666667,1.7902369281045751,1.1050857843137254,1.8106617647058822,2.199426645658263,1.9761029411764706,0.37683823529411764,1.5505514705882353,0.6158088235294118,2.191110819327731,0.20526960784313725,0.5859375,0.0,0.0,0.0,0.6875,0.984375,0.0,0.20254629629629628,0.203125,0.0,0.0,0.0,0.625,0.0,0.2870273109243697,0.0,0.0,0.20970394736842105,0.36764705882352944,0.0,0.34375,0.0,0.0,0.0,0.0,0.0,0.0,0.0,1.7009803921568627,0.0,0.0,0.35477941176470584,0.2450980392156863,0.0,1.3586816305469556,0.0,0.0,0.0,0.0,0.0,0.0,0.0,0.0,0.0,0.0,0.0,0.0,0.0,0.0,0.0,0.0,0.29411764705882354,0.5055147058823529,0.0,0.0,0.0,0.0,0.0,0.20833333333333331,0.0,0.20526960784313725,0.0,0.0,0.5269607843137255,0.0,0.0,0.0,0.0,0.0,0.0,0.0,0.0,0.546875,0.0,0.0,0.0,0.0,0.0,0.0,0.0,0.0,0.0,0.0,0.0,0.0,0.0,0.0,0.0,0.0,0.0,0.0,0.0,0.0,0.0,0.0,0.0,0.0,0.0,0.0,0.0,0.0,0.0,0.0,0.0,1.0119047619047619,0.0,0.3033088235294118,0.0,0.0,0.0,0.0,0.0,0.0,0.0,0.0,0.0,1.4846813725490196,0.0,0.0,0.0,0.0,0.0,0.0,0.0,0.25240384615384615,0.0,0.0,0.0,0.0,0.0,0.0,0.0,0.0,0.0,0.0,0.0,0.0,0.0,0.0,0.0,0.0,0.0,0.0,0.0,0.0,0.0,0.0,0.0,0.0,0.0,0.0,0.0,0.0,0.0,0.0,0.0,0.0,0.0,0.0,0.0,0.0,0.0,0.0,0.0,0.0,0.0,0.0,0.0,0.0,0.0,0.0,0.0,0.0,0.0,0.0,0.0,0.0,0.0,0.0,0.0,0.0,0.0,0.0,0.0,0.0,0.22135416666666666,0.0
265.0227016404648,83.10182653603707,29.815683147262092,7.746428571428571,48.174710231289176,80.64801872104503,39.716017316017314,35.12653318903319,16.63047391205286,23.409410034410033,0.5535714285714286,7.334595959595959,8.024648962148962,10.400537328168907,0.7083333333333333,16.12310606060606,2.68125,63.810918467497416,0.869047619047619,1.5833333333333333,9.13888888888889,3.0,53.50511454919349,3.6363636363636362,12.857142857142858,8.092261904761905,0.41666666666666663,7.7976190476190474,0.26515151515151514,0.7142857142857142,0.25,0.0,0.2,0.25,0.0,0.9338369963369962,0.5,2.8055555555555554,3.3722527472527473,2.9455776862026863,0.0,0.38825757575757575,0.6875,39.302253740411636,31.30952380952381,5.4686147186147185,1.0333333333333332,0.41666666666666663,0.381578947368421,0.0,1.375,3.0555555555555554,0.0,0.0,1.7239583333333333,7.142857142857142,0.0,3.7476190476190476,0.0,0.0,0.3779761904761904,0.5,0.0,0.0,2.5,2.5,0.0,0.0,0.0,0.0,0.0,0.0,3.0424460773144983,0.0,0.0,0.3571428571428571,0.0,0.45512820512820507,0.0,5.357142857142858,0.0,0.0,0.0,0.0,4.154491341991342,0.28273809523809523,0.25,0.0,0.0,0.0,0.0,0.2692307692307692,2.5,0.5714285714285714,0.0,0.0,0.0,0.0,0.0,0.0,0.0,0.0,0.0,0.0,0.0,0.0,0.0,0.0,0.675,0.0,0.0,12.5,0.0,0.0,0.0,0.0,0.9375,0.0,0.0,0.0,0.0,0.0,0.625,0.0,0.0,0.0,0.0,0.0,0.0,0.3125,0.0,0.0,0.0,0.6349206349206349,0.0,1.7857142857142856,0.525,0.0,3.173076923076923,0.0,0.0,0.0,0.0,0.0,0.0,0.0,0.0,0.0,0.0,0.0,0.0,0.0,0.0,1.1666666666666665,0.0,0.0,0.0,0.0,0.0,0.0,1.25,5.696969696969696,0.0,0.0,0.0,0.25,0.0,0.0,0.0,0.0,0.0,0.0,1.1666666666666665,0.6071428571428571,0.0,0.0,0.65625,0.0,0.0,0.2777777777777778,0.0,1.5,0.25,0.0,0.0,0.0,0.0,0.0,0.2777777777777778,0.0,0.0,0.0,0.0,0.0,0.0,0.0,0.45238095238095233,0.0,0.0,1.0
5.700206043956044,3.062271062271062,2.41025641025641,1.3804945054945055,1.4926739926739927,1.0805860805860805,0.434981684981685,1.5144230769230769,0.9455128205128205,1.2003205128205128,0.0,0.41117216117216115,0.38461538461538464,1.2900641025641024,0.31387362637362637,0.8585164835164836,0.0,0.0,0.5631868131868132,0.0,1.661401098901099,0.0,0.21749084249084247,0.6538461538461539,0.0,0.37545787545787546,0.3708791208791209,0.4990842490842491,0.0,0.5235042735042735,0.6923076923076923,0.2884615384615385,0.7051282051282051,1.185897435897436,0.0,0.0,0.0,0.0,0.0,0.0,0.38461538461538464,0.686698717948718,0.0,0.5494505494505494,0.45940170940170943,0.0,1.0737179487179487,0.8901098901098901,0.2692307692307692,0.0,0.0,0.0,0.0,0.0,0.0,0.2403846153846154,0.0,0.7131410256410257,0.0,0.0,0.0,0.0,0.3044871794871795,0.0,0.0,0.0,0.0,0.0,0.3571428571428571,0.0,0.0,0.0,0.0,0.0,0.0,0.0,0.266025641025641,0.0,0.0,0.0,0.0,0.0,0.0,0.0,0.0,0.0,0.0,0.0,0.0,0.0,0.0,0.0,0.4285714285714285,0.0,0.0,0.0,0.0,0.0,0.0,0.0,0.0,0.0,0.0,0.0,0.0,0.0,0.0,0.0,0.0,0.0,0.0,0.0,0.3571428571428571,0.0,0.0,0.0,0.0,0.22435897435897434,0.0,0.0,0.0,0.0,0.0,0.0,0.0,0.0,0.0,0.0,0.0,0.0,0.0,0.0,0.0,0.0,0.0,0.0,0.0,0.3846153846153846,0.0,0.0,0.0,0.0,0.0,0.0,0.0,0.0,0.0,0.0,0.0,0.0,0.0,0.0,0.0,0.0,0.0,0.0,0.0,0.0,0.0,0.0,0.0,0.0,0.0,0.0,0.0,0.0,0.0,0.0,0.0,0.0,0.0,0.0,0.0,0.0,0.0,0.0,0.0,0.0,0.0,0.0,0.0,0.0,0.0,0.0,0.0,0.0,0.0,0.0,0.0,0.0,0.0,0.0,0.0,0.0,0.0,0.0,0.0,0.0,0.0,0.0
56.9194258453187,4.781812169312169,1.05625,25.953344671201815,77.39804302840017,36.16322751322751,126.55507240775098,29.78473124098124,4.61174543049543,123.82878401360544,10.256481481481481,23.541035353535353,25.48700396825397,8.068353174603175,13.95283189033189,5.080666786916787,19.289909297052155,4.599603174603175,29.84730339105339,19.439998196248197,30.920391414141413,53.11172868137154,0.0,54.002182539682536,16.983267658267657,0.6458333333333334,5.953162115662115,2.1628968253968255,32.48676948051948,30.661841399341398,2.201388888888889,1.3449074074074074,47.44361828647543,19.15191798941799,3.108399470899471,5.722718253968254,12.032771164021163,32.228291847041845,0.5,4.119696969696969,12.608134920634921,5.589351851851852,44.080583900226756,0.0,0.0,25.656810880918023,99.22647246932961,0.6333333333333333,24.04616402116402,3.9308383745883746,8.046016714766715,0.0,23.038113275613274,7.249333536833537,0.0,0.3819444444444445,0.7155753968253968,0.0,0.3396164021164021,4.368055555555555,1.994345238095238,12.13968253968254,0.41666666666666663,1.1299603174603174,14.673430735930735,4.714087301587301,8.714917027417027,0.3125,12.657511337868481,2.439285714285714,4.293716931216931,4.2253968253968255,0.55,4.67390873015873,1.2361111111111112,0.4083333333333333,0.4166666666666667,0.0,1.9724206349206348,1.4277777777777778,1.5833333333333333,2.7338955026455025,0.0,0.0,4.040178571428571,0.6041666666666666,0.0,35.54235972360972,0.2212962962962963,9.78015873015873,14.6734126984127,1.0032467532467533,0.25,2.279166666666667,0.5027777777777778,0.0,2.3222222222222224,3.306051587301587,3.625793650793651,0.0,0.525,0.875,0.9851190476190477,3.473687985295128,0.7083333333333333,1.0873015873015872,0.0,0.75,0.0,0.2837301587301587,0.7163690476190476,0.0,0.0,0.0,0.0,1.2333333333333334,1.7886363636363636,0.0,1.2396825396825397,1.1763257575757575,1.1892857142857143,1.1841269841269841,0.0,18.18326247165533,1.9642857142857142,1.0266203703703702,0.0,3.4140873015873012,1.2153138528138527,0.0,0.0,0.25,0.6668470418470418,5.6338293650793645,1.1714285714285715,0.0,0.4375,0.0,0.44507575757575757,0.0,2.7152777777777777,5.8978174603174605,1.3719155844155844,1.130952380952381,0.34090909090909094,0.0,1.0,0.0,2.4799603174603173,16.738690476190477,0.8708333333333333,1.6111111111111112,0.30522486772486773,0.0,0.0,0.475,1.371494708994709,0.0,0.3492063492063492,0.0,1.2457341269841269,0.0,0.0,1.135515873015873,1.0,2.7163419913419915,7.01002886002886,0.0,0.0,0.0,11.143166357452072,0.0,0.5186507936507936,0.0,0.23809523809523808,1.5611678004535148,0.0,0.0,0.0,0.2857142857142857,1.1519841269841269,0.49999999999999994,0.0,0.0,7.648015873015873,11.84077380952381,0.30000000000000004,0.0,2.4555555555555557,0.0,1.2857142857142856,0.0,0.0,0.49007936507936506,0.579040404040404,0.25,3.588690476190476,0.0,0.0,0.0
315.6467539983165,83.42001488095238,43.17274305555556,113.90547588985089,208.9693287037037,107.93927744708995,101.77442956349206,166.44367033429532,63.78224206349206,21.97108939296439,79.43948412698413,32.84928902116402,16.789930555555554,58.498429232804234,53.71333122895623,67.49508101851852,59.265335648148145,58.24603174603175,38.57441854056437,3.796875,18.386656746031747,28.973958333333332,43.80865575396825,13.847222222222221,64.09217923280423,75.95039682539682,24.2703373015873,45.3172123015873,16.79079861111111,10.336144179894179,8.677083333333334,37.238508597883595,4.427083333333333,52.301587301587304,3.101314484126984,11.675662878787879,1.546875,17.42071759259259,1.7708333333333333,8.685267857142858,1.1111111111111112,1.3802083333333333,15.318287037037036,70.00359623015873,39.68113425925926,11.293402777777779,2.40625,43.45515046296296,8.770585317460316,0.5208333333333333,0.6875,22.65972222222222,4.479166666666667,8.37479332010582,2.1180555555555554,1.640625,10.34375,2.6510416666666665,6.812872023809524,3.6805555555555554,8.317708333333334,0.9765625,0.0,1.4188850308641974,6.085069444444445,4.447916666666667,8.28125,2.009341931216931,12.378472222222221,0.41666666666666663,16.82986111111111,1.328125,22.405299272486772,0.828125,17.085204725829726,1.3229166666666665,1.4583333333333333,3.1510416666666665,2.1197916666666665,49.69411375661375,0.0,8.294753086419753,0.23995535714285715,2.585648148148148,2.5260416666666665,2.663690476190476,111.23640046296296,0.3125,5.1953125,0.0,3.09375,0.6117724867724867,20.602430555555554,0.0,5.9375,3.058712121212121,2.9166666666666665,0.9071180555555556,4.847222222222222,5.201388888888888,3.3705357142857144,2.795138888888889,2.0572916666666665,0.0,1.3020833333333333,1.875,4.21875,8.79224537037037,3.723958333333333,3.7881944444444446,0.234375,59.799727182539684,0.3125,0.0,5.015625,1.9375,0.0,5.026041666666666,0.32291666666666663,1.328125,3.784722222222222,0.84375,0.9722222222222221,0.0,0.0,0.5833333333333333,0.5572916666666666,0.2864583333333333,0.21875,1.25,0.625,0.46875,0.3125,0.0,0.4626736111111111,5.572916666666666,10.222222222222221,0.0,1.7708333333333333,0.3125,0.26041666666666663,0.0,0.0,0.26041666666666663,2.5,0.8333333333333333,0.0,0.2170138888888889,0.3125,0.46875,2.826388888888889,0.5208333333333333,0.625,1.6822916666666667,0.0,1.40625,0.3125,0.296875,0.0,0.6770833333333333,0.703125,0.5625,3.125,0.0,0.0,0.0,2.5,2.0659722222222223,0.7291666666666666,0.3125,0.0,1.25,0.20833333333333331,0.32291666666666663,3.481770833333333,0.234375,2.5269097222222223,0.0,0.681423611111111,6.572916666666666,0.0,0.625,2.953125,0.0,0.21875,0.390625,1.28125,3.1197916666666665,0.0,0.3125,0.0,0.0,0.3877314814814815,0.0,1.0416666666666665,1.8125,0.0,0.0,1.40625,0.0
229.93211873057888,206.93134966617757,118.67497969836867,65.8741987476977,72.66835091524533,88.61964429491603,49.240025695188734,114.36829942649689,29.817241704696414,57.56581529769935,22.489500369935154,65.63608853418636,15.345540027605244,24.589731423970555,48.451975500345064,13.036340270035922,18.846117533164634,25.316891814174422,16.032723717506325,6.709557869204608,24.3533142414483,16.43092834960071,28.86625376435159,21.95928226363009,15.790800961317265,73.43398765613439,14.212761674718196,21.573342116820378,8.778446342305038,10.259632342965677,15.118055555555555,7.317028985507246,9.756642512077294,16.876222107200366,7.262152777777778,8.722667931907063,6.715277777777778,4.151531233732321,3.9282407407407405,12.65052406832298,4.243055555555555,7.267361111111111,19.135413072233725,16.85498188405797,34.44145028180354,16.01506786289395,0.0,11.716495571658614,7.481560559006211,1.5138888888888888,1.1111111111111112,1.1875,6.440972222222222,1.4281400966183575,6.811468397745571,6.879528985507246,2.277220364176886,7.708333333333333,4.285714285714286,7.27536231884058,1.5510594729344729,6.50462962962963,0.6331018518518519,4.778549382716049,2.3896329365079363,2.2916666666666665,3.0873590982286636,1.358695652173913,6.237275707384403,2.2708333333333335,2.1223765432098762,1.8905243558776166,10.243055555555555,2.5,4.910393183038111,5.219806763285024,1.3760567632850242,0.9999999999999999,0.5952380952380951,12.45978849579393,2.688894057100579,1.4905753968253967,1.4166666666666665,6.181612318840579,2.346014492753623,9.369047619047619,15.218095813204508,1.6736111111111112,2.009596553074814,0.9542320853462157,1.25,2.118827160493827,10.63526570048309,1.8271604938271604,2.384259259259259,0.8333333333333333,0.421195652173913,9.774301315967982,4.375,6.058333333333333,2.895833333333333,2.915509259259259,7.542658730158729,2.8874007936507935,1.4583333333333333,1.1834311019093628,1.4583333333333333,1.6666666666666665,14.598214285714285,1.9907407407407405,1.6793478260869565,1.9560185185185186,3.1793478260869565,3.675724637681159,2.326388888888889,0.5,2.638888888888889,3.125,1.7361111111111112,0.4438405797101449,0.7336956521739131,2.4652777777777777,0.8333333333333333,0.474537037037037,0.0,0.0,3.3680555555555554,0.4613095238095238,1.4791073124406457,0.4212962962962963,5.992602657004831,0.0,0.5751308373590982,0.0,0.8611111111111112,0.0,2.7777777777777777,0.0,1.1111111111111112,0.0,1.5231481481481481,0.8333333333333333,0.0,0.0,0.0,0.0,2.7701719576719577,0.8333333333333334,0.22222222222222224,0.20833333333333331,5.086805555555555,0.625,0.0,0.2361111111111111,0.0,0.0,0.25,0.0,1.5153985507246377,0.0,0.0,0.0,0.0,2.8125,1.6666666666666665,1.25,6.913043478260869,0.2604166666666667,0.0,0.0,0.7291666666666666,0.20833333333333331,0.625,2.708333333333333,0.0,0.0,0.0,0.8333333333333333,0.0,1.3425925925925926,0.41666666666666663,0.0,0.0,0.0,1.4112103174603174,1.25,0.0,2.4003623188405796,0.0,0.2777777777777778,0.0,0.8898809523809523,0.0,0.45289855072463764,0.0,1.0416666666666665,3.888888888888889,0.625,0.0,5.090277777777778
424.42711331932344,168.90555601538392,168.40274845738742,160.77588525563422,188.14999774064214,207.32219059121232,132.21720823487126,227.14905339475087,94.70414646660117,139.77321669260076,30.20940777734256,117.13278165587948,9.685817805383023,57.270286979526105,56.57429692891649,31.221856143051795,147.7409588030059,55.747447369729976,21.288676098458705,25.46385681100355,38.62414757478163,42.60751565118801,46.24472598657381,39.32386559696342,67.31857873909505,118.44043606883281,16.539150563607084,41.897994894598156,17.042335231193928,10.165882342965677,14.107638888888888,6.38473731884058,16.260114734299517,27.744277662755923,15.932291666666666,8.68794570968484,6.336805555555555,11.77021810241919,5.596064814814815,14.23286533816425,13.047619047619047,12.677083333333332,40.33680196112261,52.22720410628019,47.37895028180354,68.9456234184495,5.428571428571428,52.716197952611,16.408643892339544,3.4027777777777777,5.46875,2.9166666666666665,10.100694444444445,1.4479813664596273,28.81146839774557,8.407306763285025,10.919085443541965,21.09375,5.9375,13.851751207729468,2.759392806267806,8.599371693121693,4.070601851851851,10.146604938271604,13.757688492063492,3.65625,9.076446399815964,5.99411231884058,4.414359040717736,5.472222222222222,6.9092813051146384,2.9842743558776164,17.28472222222222,1.4583333333333333,7.931226516371444,3.962366287094548,4.188556763285024,2.013888888888889,2.5208333333333335,57.251455162460594,5.834727390433912,13.643353174603174,4.708333333333333,6.792723429951691,5.637681159420289,10.514880952380953,74.92543708304578,8.944444444444445,12.849874330852591,0.9542320853462157,1.0416666666666665,8.35841049382716,15.82276570048309,0.0,30.20320767195767,2.083333333333333,1.5670289855072463,11.024301315967982,4.479166666666666,4.291666666666666,1.4583333333333333,3.1446759259259256,9.702380952380953,4.2415674603174605,9.916666666666666,1.1834311019093626,1.8645833333333333,4.0625,79.11011904761905,3.7615740740740735,5.41893115942029,16.69560185185185,2.491847826086956,16.913323844030366,0.3125,4.875,9.934027777777777,3.2916666666666665,2.361111111111111,3.8813405797101446,1.3586956521739129,8.461805555555555,1.25,0.9849537037037037,4.404761904761905,0.0,11.82638888888889,0.0,2.312440645773979,0.962962962962963,1.5134359903381642,0.0,0.0,0.3912037037037037,1.6944444444444444,19.992559523809522,5.773809523809524,0.0,5.0,2.498123123123123,1.2731481481481481,0.0,0.20833333333333331,2.939814814814815,0.0,0.0,1.0201719576719575,3.125,2.1875,0.0,6.045138888888889,0.0,0.3836805555555556,0.22569444444444445,0.0,0.0,5.208333333333333,0.0,8.359148550724637,0.0,0.0,0.0,0.3125,2.083333333333333,0.5208333333333333,0.8333333333333333,1.9130434782608696,0.2604166666666667,0.0,3.333333333333333,0.0,2.239583333333333,0.0,0.0,0.25,0.0,0.0,0.0,1.25,0.24884259259259256,0.0,3.4027777777777777,2.5659722222222223,0.0,5.36954365079365,0.8333333333333333,0.0,3.233695652173913,0.0,0.0,1.3556547619047619,0.2648809523809524,0.0,1.0778985507246377,0.20987654320987653,0.20833333333333331,7.083333333333333,3.0729166666666665,3.923611111111111,0.0
13.319635225885225,8.606388709329886,11.16025641025641,26.380494505494504,5.659340659340659,1.4972527472527473,10.503205128205128,5.056089743589744,1.2580128205128205,2.4503205128205128,0.0,2.664060816634346,1.2179487179487178,1.2900641025641024,2.8138736263736264,0.8585164835164836,2.583333333333333,1.7760416666666667,1.4203296703296702,0.0,8.041303059685413,0.0,0.21749084249084247,0.6538461538461539,0.0,0.4048696401637578,10.475045787545787,0.4990842490842491,1.25,3.0235042735042734,0.6923076923076923,0.2884615384615385,0.7051282051282051,2.435897435897436,0.9999999999999999,1.8589743589743588,0.0,0.0,0.0,0.0,7.884615384615385,2.770032051282051,1.25,1.858974358974359,1.126068376068376,0.0,1.0737179487179487,5.89010989010989,0.2692307692307692,0.0,0.0,0.0,3.5256410256410255,0.0,1.25,0.2403846153846154,0.0,0.0,0.0,0.0,0.0,0.0,0.3044871794871795,0.0,0.0,0.0,0.0,0.0,0.3571428571428571,0.0,0.0,0.0,0.8333333333333333,0.0,1.125,0.0,2.766025641025641,0.0,0.0,3.5256410256410255,0.0,0.0,0.0,0.0,0.0,1.4166666666666667,0.0,2.5,0.0,1.8589743589743588,0.0,0.0,10.095238095238095,0.0,0.0,0.0,0.0,0.0,0.0,0.0,0.0,0.0,0.0,0.41666666666666663,5.388888888888888,0.0,0.0,0.0,0.0,0.0,0.0,1.8888888888888888,0.3571428571428571,0.0,0.0,0.0,0.0,1.0576923076923075,0.0,0.0,0.0,0.0,0.0,0.0,0.0,0.0,1.1458333333333333,0.0,0.0,0.0,0.0,0.0,0.6089743589743589,0.0,0.0,0.0,0.0,0.3846153846153846,0.0,0.41666666666666663,0.0,0.0,0.0,0.0,0.0,0.0,0.0,0.0,0.3125,0.0,0.0,0.0,0.0,0.0,0.625,0.0,0.0,0.0,0.3125,0.0,0.0,0.0,0.0,0.0,0.0,0.0,0.0,0.0,0.0,0.0,0.45512820512820507,0.0,0.0,0.0,0.0,0.0,0.0,0.0,0.0,0.0,0.0,0.0,0.0,0.0,0.0,0.0,0.0,0.0,0.0,0.0,0.0,1.6666666666666665,0.0,0.0,0.0,0.0,0.0,0.0,0.0,0.0
61.70893794176332,5.574936018825132,8.118258765044478,37.625528220126434,37.216990641633494,25.075407798787328,108.81925300671124,32.915339226486616,4.788727650063857,55.22178304995269,27.19469671201814,2.6587042466240227,8.439464198736587,25.06911946188732,4.592000069098949,2.1752042996685854,10.162818362193361,10.708320812834405,19.660867673992673,72.65481668850872,35.45469195156695,84.15208643208643,0.666713615986004,64.62480100256886,16.71473291589363,0.28720238095238093,11.13724678760393,1.9866666666666666,26.117118091894877,13.831951759925898,1.4819832548403975,7.953842592592592,68.14531847781848,32.16874997687498,5.434996693121693,5.0875373476026455,7.426855604712747,23.876979166666665,2.214392006802721,0.8938492063492063,17.15466923949067,28.537935269095982,34.93805138314067,0.0,0.0,1.3380291005291005,29.882141034253102,0.6945360195360195,1.8054634353741494,7.025396825396825,11.93567795299938,2.07989417989418,97.72791660038203,15.048205782312925,0.3373015873015873,1.0023809523809524,4.716904761904761,2.740532879818594,3.123847244025815,14.22828373015873,0.34238095238095234,5.218735691133079,12.89970416157916,3.8535572562358276,10.20829365079365,1.7218253968253967,20.119096459096458,0.20684523809523808,10.887942612942613,0.3264158163265306,9.351122448979591,12.026121742014599,1.131547619047619,6.348313492063492,0.525595238095238,0.43833333333333335,3.31984126984127,3.623593073593073,3.290226574500768,0.2977777777777778,1.1020833333333333,16.076507936507937,0.2830569727891157,0.2888095238095238,15.364212708587708,0.7503968253968253,0.0,11.810413105413105,1.4148809523809525,6.493823953823954,11.344240597932629,0.9989850427350427,0.0,0.0,1.9306547619047618,0.44666666666666666,1.3259920634920634,7.954424603174603,9.141708638583639,0.0,0.0,0.6268849206349206,3.5329629629629626,4.624844231224828,0.44666666666666666,0.5483928571428571,2.8199801587301585,0.5272394272394273,0.0,0.0,0.20595238095238094,0.0,0.6944444444444444,0.5503720238095238,0.0,0.3,0.0,0.20833333333333331,0.4134495464852608,1.1127331993403422,6.404843014128728,3.680527065527065,0.0,13.24252976190476,3.4707150488400487,0.0,0.5925925925925926,0.6581349206349206,1.008829365079365,0.0,0.0,0.0,1.2219246031746032,9.253240995115995,1.0403121184371185,0.0,0.0,0.0,0.0,0.337078373015873,2.059903628117914,1.2999338624338623,2.2208507696007698,0.7741666666666667,0.0,0.0,5.2940476190476184,0.0,0.23944444444444446,5.1382275132275135,3.160416666666667,0.503968253968254,6.342130102040816,0.0,0.24038461538461536,2.4902777777777776,2.3943882275132276,2.156597222222222,0.0,0.0,0.7477350427350428,0.0,0.0,1.2790979853479854,0.8115079365079365,0.0,0.2790854978354978,0.0,0.0,0.0,10.203539377289378,0.0,0.0,0.8333333333333334,0.0,0.0,0.0,0.0,0.0,0.0,3.1637896825396825,0.0,0.0,0.0,0.0,0.0,0.0,0.0,1.8578327228327227,0.0,0.7623015873015873,1.1044642857142857,0.0,2.7575396825396825,5.882460317460318,0.42942176870748294,1.0239158163265305,0.2777777777777778,0.0,0.0
15.91540067519545,9.404344715045674,3.833333333333333,3.071003401360544,22.946262368583795,7.50606343283582,23.154336734693874,4.528597446441262,3.5825636288998353,8.003111471861471,2.8142006802721085,1.4219676201552534,1.4882062899786779,4.074404761904762,3.751110518834399,7.776785714285714,4.705357142857142,1.2747379175550815,2.101190476190476,0.8425855416793583,1.63562925170068,2.427465986394558,0.3349324804548685,1.2032312925170068,1.2291666666666665,5.337585034013605,3.0761054421768703,0.0,1.7085459183673468,0.4155582922824302,1.6286848072562357,0.0,0.41666666666666663,0.0,0.7976190476190476,2.287402274342573,1.9553571428571428,0.30357142857142855,0.4124149659863945,0.0,0.3125,1.0178571428571428,1.030612244897959,0.0,0.39038342609771176,0.0,0.31373152709359603,0.4183673469387755,0.3720238095238095,0.0,0.2040816326530612,0.0,0.0,0.0,0.0,0.0,0.0,0.2040816326530612,0.4464285714285714,0.5357142857142857,0.0,0.8366331607269772,0.40178571428571425,0.0,0.0,0.20833333333333331,0.274234693877551,0.2619047619047619,0.0,0.0,0.0,0.0,0.0,0.3571428571428571,0.0,0.0,5.261904761904762,0.0,0.0,0.0,0.0,0.0,0.0,0.0,0.0,0.0,0.0,0.0,0.0,0.20833333333333331,0.21588486140724944,0.0,1.25,0.0,0.0,0.0,0.0,0.0,0.4464285714285714,0.0,0.0,0.0,0.0,0.30830021968081667,0.0,0.23809523809523808,0.0,0.0,0.0,0.0,0.3422619047619047,0.0,0.29761904761904756,0.0,0.0,0.0,0.0,0.30761698618841476,0.28869047619047616,0.0,0.7142857142857142,0.0,0.0,0.0,0.8541666666666666,0.0,0.0,0.0,0.0,1.25,0.0,0.0,0.0,0.21258503401360543,0.0,0.3571428571428571,0.0,0.0,0.0,0.0,0.0,0.0,0.0,0.0,0.0,1.2113095238095237,0.44217687074829926,2.6785714285714284,0.0,0.0,0.32312925170068024,0.0,0.0,0.0,0.758078231292517,0.0,0.0,0.0,0.0,0.0,0.0,0.0,0.0,0.0,0.0,0.0,0.0,0.0,0.0,0.0,0.0,0.0,0.0,0.0,0.0,0.0,0.0,0.0,0.0,0.0,0.0,0.0,0.0,0.2678571428571428,0.0,0.0,0.0,0.0,0.0,0.0,0.0,0.0,0.0,0.0,0.0,0.0,0.0,0.0,0.0,0.0
61.63094473191005,54.294593317643276,32.9093844523532,8.680541776895943,17.556668447293447,26.454748800047973,31.854715640417925,9.081633117780505,7.971333151860535,18.130704365079364,17.836748754717505,30.24118687667099,2.3055012635236514,16.910844925091247,10.716236105053735,8.681051587301587,17.168301316738816,23.36495959334661,11.902235206922706,11.069612730760118,11.366348928848929,4.017542353479853,4.817199345534234,6.649360670194003,9.0528585997336,7.280133928571428,4.481853505291006,9.096613455988455,5.090773809523809,3.332530845192483,3.991898148148148,12.307415674603174,1.7586805555555556,12.045194003527335,6.7492559523809526,6.724665531918331,1.0625,5.75633103620236,3.171401515151515,11.523413184718331,1.005952380952381,13.141912774725274,16.516204930398732,2.258928571428571,4.153769841269841,0.0,14.988004013866082,0.49244505494505497,3.3328373015873014,3.5284155328798184,4.0341134559884555,6.860863095238095,4.169042818740399,7.466192916560563,0.0,0.0,0.7199754901960784,5.933960137085137,2.289857609710551,3.165798611111111,0.20343660968660968,3.5555425995024876,1.015625,1.7760416666666665,0.2825091575091575,1.4018429487179487,1.0024801587301586,0.7638888888888888,6.573528901653901,0.0,0.642361111111111,1.2924107142857142,0.0,0.8708639705882353,0.4407051282051282,1.1666666666666665,1.7918669871794872,2.091765873015873,0.0,0.0,1.6392045454545454,1.093484268707483,0.9791666666666666,0.8802083333333334,0.0,0.0,0.0,0.4613095238095238,0.8164457070707071,0.21875,0.0,3.8559027777777777,0.6666666666666666,0.3125,1.0729166666666667,0.9795386904761905,2.416869588744589,3.421474358974359,1.8923611111111112,0.5613425925925926,0.8333333333333333,1.3541666666666667,0.0,1.0188769693200663,1.1996527777777777,1.2853535353535355,0.2678571428571428,1.909188034188034,0.3928571428571428,0.0,0.20833333333333334,0.625,1.435496794871795,2.3425099206349205,0.0,2.845982142857143,0.75,1.0003035159285159,0.6211670274170273,0.47719381313131315,3.0961963383838382,0.2300347222222222,0.0,1.1119791666666667,0.0,0.20089285714285715,1.2847222222222223,1.398375496031746,0.4427083333333333,4.258184523809524,2.62817997974248,0.0,2.7312748015873014,2.4821350524475525,0.29166666666666663,0.0,0.0,4.417782738095238,0.0,0.7301587301587301,2.759052579365079,1.4810267857142856,0.4897186147186147,0.24739583333333331,0.6004464285714286,0.0,1.1067708333333333,0.3645833333333333,0.0,0.3125,0.0,0.0,0.25297619047619047,0.0,0.9717261904761905,1.2132034632034632,0.0,0.0,1.3836805555555556,0.0,0.0,0.0,1.8072916666666665,1.8607200091575091,0.0,0.40900735294117646,0.9688358516483516,0.0,5.581597222222222,0.25,0.0,0.0,0.3415032679738562,0.0,0.3862847222222222,0.0,0.0,0.0,1.0323660714285714,0.0,0.23096955128205127,0.0,0.0,0.0,0.0,0.0,0.0,0.0,0.0,0.0,0.0,0.8385416666666666,0.7142857142857142,0.27232142857142855,0.26041666666666663,1.3098290598290598,0.0,0.0,0.3854166666666667,0.0
3.793859649122807,0.625,1.375,0.0,0.41666666666666663,6.166666666666666,0.7291666666666666,0.0,0.41666666666666663,0.0,0.0,0.0,0.0,2.5,0.0,0.41666666666666663,2.625,0.0,0.0,0.0,0.0,0.0,2.083333333333333,0.0,0.0,0.0,0.41666666666666663,0.0,0.0,0.0,0.0,0.0,0.0,0.0,0.0,0.0,0.0,0.0,0.0,0.0,0.0,0.41666666666666663,0.0,0.0,0.0,0.0,0.0,0.0,0.0,0.0,0.0,0.0,0.0,0.0,0.0,0.0,0.0,0.0,0.0,0.0,0.0,0.0,0.0,0.0,0.0,0.0,0.0,0.0,0.0,0.0,0.0,0.0,0.0,0.0,0.0,0.0,0.0,0.0,0.0,0.0,0.0,0.0,0.0,0.0,0.0,0.0,0.25,0.0,0.0,0.0,0.0,0.0,0.625,0.0,0.0,0.0,0.0,0.0,0.0,0.0,0.0,0.0,0.0,0.0,0.0,0.0,0.0,0.0,0.0,0.0,0.0,0.0,0.0,0.0,0.0,0.0,0.0,0.0,0.0,0.0,0.0,0.0,0.0,0.0,0.0,0.0,0.0,0.0,0.0,0.0,0.0,0.0,0.0,0.0,0.0,0.0,0.0,0.0,0.0,0.0,0.0,0.0,0.0,0.0,0.0,0.0,0.0,0.0,0.0,0.0,0.0,0.0,0.0,0.0,0.0,0.0,0.0,0.0,0.0,0.20833333333333331,0.0,0.0,0.0,0.0,0.0,0.0,0.0,0.0,0.0,0.0,0.0,0.0,0.0,0.0,0.0,0.0,0.0,0.0,0.0,0.0,0.0,0.0,0.0,0.0,0.0,0.0,0.0,0.0,0.0,0.0,0.0,0.0,0.0,0.0,0.0,0.0,0.41666666666666663,0.0,0.0,0.0
39.18095803450281,12.131694745967133,11.641188672438672,2.9251893939393936,22.04513888888889,8.796783129805517,16.795905483405484,10.214261484783872,2.8503787878787876,6.069384319384319,6.012626262626262,8.018439996984773,1.6522349696323577,3.335648148148148,6.966794140768021,4.28125,1.9369588744588744,5.050650315342479,8.778409090909092,1.5714043419267298,1.3958333333333333,2.675820707070707,1.1578942409166288,1.470959595959596,1.6041666666666665,9.83175505050505,1.2689393939393938,2.334911616161616,1.3194444444444444,0.5208333333333333,1.3936237373737372,6.088789682539682,2.727272727272727,0.7291666666666666,1.5284090909090908,1.9863560982963966,2.5126262626262625,0.0,0.9618055555555556,0.0,1.9791666666666665,5.098890692640692,1.9823232323232323,0.2793560606060606,0.7954545454545455,0.0,0.4236111111111111,0.3125,0.0,0.4722222222222222,0.41666666666666663,0.0,1.2168560606060606,1.2916666666666667,0.0,0.0,0.7291666666666666,15.114944083694084,2.236111111111111,0.9722222222222222,0.21527777777777776,1.5234245439469318,0.22569444444444442,1.3511904761904763,0.20833333333333331,1.4362373737373737,1.0892857142857142,0.0,0.3819444444444444,0.0,0.2604166666666667,0.0,0.0,0.41666666666666663,0.9722222222222222,0.20833333333333331,0.8696338383838383,0.49652777777777773,0.0,1.3541666666666665,0.8196548821548821,0.0,0.798611111111111,0.0,0.20833333333333331,0.0,0.0,2.689078282828283,0.28125,0.2120535714285714,0.2456467661691542,0.0,1.4678030303030305,0.0,0.0,0.0,0.0,0.0,0.3125,0.0,0.20833333333333331,0.41666666666666663,0.20833333333333331,0.5718283582089553,5.804924242424242,0.9286616161616161,0.0,0.0,0.0,0.0,1.1875901875901875,0.0,1.7187499999999998,0.46874999999999994,0.5034722222222222,0.0,0.0,2.975694444444444,0.7430555555555556,1.0416666666666665,0.0,0.0,0.0,0.20833333333333331,0.625,0.798611111111111,0.0,0.0,0.20833333333333331,6.551993145743146,4.045454545454545,0.0,0.0,0.4356060606060606,0.2361111111111111,0.0,0.0,0.0,0.0,0.5972222222222222,0.25284090909090906,0.8333333333333333,0.35416666666666663,0.8333333333333334,0.0,0.0,0.3263888888888889,0.9945436507936507,0.0,0.0,0.0,0.0,0.36458333333333326,0.0,0.0,0.2777777777777778,0.0,0.0,1.1111111111111112,0.0,0.0,0.0,0.20833333333333334,0.0,0.0,0.0,0.0,0.0,2.7232142857142856,0.0,0.35416666666666663,0.0,0.0,0.0,0.0,0.0,0.0,0.0,0.6458333333333333,0.0,0.0,0.0,0.0,0.0,0.0,0.0,0.0,0.0,0.0,0.0,0.0,0.0,0.0,0.0,0.0,0.0,0.0,0.75,0.0,0.0
170.9449875594177,40.146854575163395,47.76919934640523,1.3620375233426705,12.860498366013072,51.161764705882355,7.853707107843137,25.255310457516337,52.94914215686274,1.786815767973856,1.4803921568627452,11.80220588235294,3.1117238562091503,16.793879357298476,0.4444444444444444,24.049836601307188,25.38092320261438,29.671126089324616,7.197508169934641,3.1196822478991595,5.7369281045751634,0.7041900093370681,1.3649918300653594,0.32352941176470584,11.685498366013071,0.9181372549019609,2.053921568627451,6.258986928104575,2.2838541666666665,10.061437908496732,0.22058823529411764,2.439950980392157,0.0,0.8333333333333333,1.7555555555555555,5.310541072489602,0.0,7.077256944444445,0.234375,0.0,0.0,8.057700163398692,1.1614583333333333,0.0,5.571895424836601,0.0,1.1830065359477124,0.0,0.0,0.0,0.20833333333333331,0.0,3.532475490196078,0.0,0.0,0.0,0.8749999999999999,6.409313725490196,0.0,0.0,0.0,0.23958333333333331,0.0,0.0,0.0,0.0,0.0,0.0,0.0,0.0,0.4595588235294118,0.5962009803921569,0.0,0.0,0.0,0.0,0.7892156862745098,0.24019607843137253,0.0,0.0,0.0,0.0,0.0,0.0,0.0,0.0,0.0,0.0,0.0,0.0,0.0,0.0,0.0,0.0,0.0,0.0,0.0,0.0,0.0,0.0,0.0,0.0,0.0,0.0,0.9444444444444444,0.24019607843137253,0.0,0.0,1.4166666666666665,0.0,0.0,0.0,1.25,0.0,0.0,0.0,0.0,0.0,0.0,0.0,0.0,0.0,0.0,0.0,0.24479166666666666,0.0,0.0,0.0,0.0,0.5833333333333333,0.0,0.0,0.0,0.0,0.0,0.0,0.0,0.0,0.0,0.0,0.0,0.0,0.0,0.0,0.0,0.0,0.0,0.0,1.25,0.0,0.0,0.0,0.0,0.0,0.0,0.0,0.0,0.0,0.0,0.25,0.0,0.0,0.0,0.0,0.0,0.0,0.0,0.0,0.0,0.0,0.0,0.0,0.0,0.0,0.0,0.0,0.0,0.0,0.0,0.6818181818181819,0.0,0.0,0.0,4.375,0.0,0.0,0.0,0.0,0.0,0.0,0.0,0.0,0.0,0.0,0.0,0.0,0.0,0.0,0.0,0.0
24.9109477124183,6.825980392156863,12.928921568627452,1.261764705882353,7.509803921568627,7.411764705882352,2.2990196078431375,8.301470588235293,1.730392156862745,0.5637254901960784,0.0,3.840686274509804,1.2540849673202614,4.362745098039215,2.333333333333333,1.605392156862745,0.0,3.2017973856209148,0.36764705882352944,1.3112745098039216,0.0,0.5147058823529411,0.0,0.0,2.426470588235294,0.7720588235294118,0.22058823529411764,0.0,1.5833333333333333,4.842320261437909,0.3205882352941177,0.9068627450980391,0.0,0.0,1.25,1.7156862745098038,0.0,2.9166666666666665,0.0,0.0,0.0,0.25735294117647056,0.0,0.5,0.0,0.0,0.29411764705882354,2.595238095238095,0.0,0.0,0.0,0.0,0.9803921568627451,0.0,0.0,0.0,0.0,0.8210784313725491,0.0,0.0,0.0,0.0,0.0,0.0,0.0,0.0,0.0,0.0,0.0,0.0,0.0,1.1274509803921569,0.0,0.0,0.0,0.0,0.5392156862745098,0.0,0.0,0.0,0.0,0.0,0.0,0.0,0.0,0.3333333333333333,0.0,0.0,0.0,0.0,0.0,0.0,0.0,0.0,0.0,0.0,0.0,0.0,0.0,0.0,0.0,0.0,0.0,0.0,0.0,0.0,0.0,0.0,1.9166666666666665,0.0,0.0,0.0,0.0,0.0,0.0,0.30000000000000004,0.0,0.8333333333333333,0.0,0.0,0.0,0.0,0.0,0.0,0.8333333333333333,0.0,0.0,0.0,0.0,0.0,0.0,0.0,0.0,0.0,0.0,0.0,0.0,0.8333333333333333,0.0,0.0,0.0,0.0,0.0,0.0,0.0,0.0,0.0,0.0,0.0,0.0,0.0,0.0,0.0,0.0,0.0,0.0,0.0,0.0,0.0,0.0,0.0,0.0,0.0,0.0,0.0,0.0,0.0,0.0,0.0,0.0,0.0,0.0,0.0,0.0,0.0,0.0,0.0,0.0,0.0,0.0,0.0,0.0,0.0,1.25,0.0,0.0,0.0,0.0,0.0,0.0,0.0,0.0,0.0,0.0,0.0,0.0,0.0,0.0,0.0,0.0
39.31885964912281,13.40530303030303,5.302335858585859,31.934343434343432,22.377272727272725,22.89482323232323,15.648863636363636,14.293876262626263,10.569949494949494,16.401136363636365,7.655555555555555,17.78787878787879,4.038961038961039,6.592424242424242,0.5202020202020202,6.346212121212121,4.697222222222222,10.984217171717171,6.513510101010101,0.962121212121212,5.6662878787878785,4.52020202020202,0.5416666666666666,0.9818181818181818,6.4803030303030305,0.8813131313131313,1.9965277777777777,6.291666666666667,1.486742424242424,1.3446969696969697,5.295215311004784,0.5555555555555556,4.250252525252525,2.0902777777777777,1.3499999999999999,3.5416666666666665,0.8257575757575757,0.0,0.3375,3.0,0.3125,6.782954545454546,0.4375,2.7878787878787876,11.958333333333334,2.765151515151515,0.8744949494949495,6.63018341307815,1.4772727272727273,0.0,0.0,0.0,0.8943181818181818,0.0,3.1041666666666665,0.9166666666666666,0.0,0.5,0.0,1.25,1.8623737373737375,0.0,0.0,0.909090909090909,0.2272727272727273,8.393939393939394,0.5871212121212122,2.1136363636363638,0.0,0.8194444444444444,0.0,0.0,2.583333333333333,0.6666666666666666,0.0,0.0,4.645833333333333,0.8298611111111112,0.41666666666666663,5.333333333333333,0.0,0.0,0.43560606060606066,0.5833333333333333,0.8333333333333333,13.88705808080808,1.477272727272727,0.9375,1.0416666666666665,0.5,0.0,4.623647186147186,1.625,1.8352272727272727,0.8765151515151515,0.0,0.0,0.0,0.0,0.0,0.2272727272727273,0.5,1.625,0.41666666666666663,0.4444444444444444,0.0,1.7196969696969697,0.38825757575757575,40.49186270600744,0.0,0.0,0.0,0.4125,0.8333333333333333,0.0,1.0833333333333333,0.0,2.9261363636363638,0.6761363636363636,0.875,1.0606060606060606,0.5059523809523809,0.0,0.5568181818181819,0.9469696969696969,0.0,0.0,0.0,2.6704545454545454,2.5,0.0,0.0,0.0,0.0,0.0,0.0,0.2272727272727273,0.8333333333333333,0.0,0.0,0.3125,0.0,0.0,0.0,0.0,0.0,0.0,0.0,0.0,0.0,0.0,0.0,0.41666666666666663,0.0,0.0,0.0,0.0,1.25,0.0,0.0,1.5138888888888888,0.0,0.0,0.0,0.35984848484848486,0.0,0.7777777777777778,0.0,0.0,0.0,0.0,1.2105263157894737,2.125,0.0,2.9,0.0,0.0,0.0,0.0,0.0,0.0,2.5,0.0,0.8333333333333333,1.3636363636363638,0.0,0.0,0.0,0.0,0.0,0.25,0.0,0.9583333333333333,0.0,0.0,0.0,0.0,0.3125,0.0,0.0
8.29040067519545,5.654344715045674,4.583333333333333,3.071003401360544,18.446262368583795,7.172730099502487,21.904336734693874,5.778597446441262,3.5825636288998353,6.753111471861471,3.3142006802721085,1.4219676201552534,1.4882062899786779,4.074404761904762,2.501110518834399,2.776785714285714,4.705357142857142,1.2747379175550815,2.101190476190476,0.8425855416793583,2.13562925170068,2.427465986394558,0.3349324804548685,1.2032312925170068,1.2291666666666665,5.837585034013605,3.0761054421768703,0.0,1.7085459183673468,0.4155582922824302,1.6286848072562357,0.0,0.41666666666666663,0.0,0.7976190476190476,2.287402274342573,0.7053571428571428,0.30357142857142855,0.4124149659863945,0.0,0.3125,0.3928571428571428,1.030612244897959,0.0,0.39038342609771176,0.0,0.31373152709359603,0.9183673469387754,0.3720238095238095,0.0,0.2040816326530612,0.0,0.0,0.0,0.0,0.0,0.0,0.2040816326530612,0.4464285714285714,0.5357142857142857,0.0,0.41996649406031067,0.40178571428571425,0.0,0.0,0.20833333333333331,0.274234693877551,0.2619047619047619,0.0,0.0,0.0,0.0,0.0,0.3571428571428571,0.0,0.0,1.5119047619047619,0.0,0.0,0.0,0.0,0.0,0.0,0.0,0.0,0.0,0.0,0.0,0.0,0.20833333333333331,0.21588486140724944,0.0,0.0,0.0,0.0,0.0,0.0,0.0,0.4464285714285714,0.0,0.0,0.0,0.0,0.30830021968081667,0.0,0.23809523809523808,0.0,0.0,0.0,0.0,0.3422619047619047,0.0,0.29761904761904756,0.0,0.0,0.0,0.0,0.30761698618841476,0.28869047619047616,0.0,0.7142857142857142,0.0,0.0,0.0,0.8541666666666666,0.0,0.0,0.0,0.0,0.0,0.0,0.0,0.0,0.21258503401360543,0.0,0.3571428571428571,0.0,0.0,0.0,0.0,0.0,0.0,0.0,0.0,0.0,1.2113095238095237,0.44217687074829926,0.0,0.0,0.0,0.32312925170068024,0.0,0.0,0.0,0.758078231292517,0.0,0.0,0.0,0.0,0.0,0.0,0.0,0.0,0.0,0.0,0.0,0.0,0.0,0.0,0.0,0.0,0.0,0.0,0.0,0.0,0.0,0.0,0.0,0.0,0.0,0.0,0.0,0.0,0.2678571428571428,0.0,0.0,0.0,0.0,0.0,0.0,0.0,0.0,0.0,0.0,0.0,0.0,0.0,0.0,0.0,0.0
35.949873228287046,38.74117486799984,8.595143786681339,4.255500637755102,2.846032253956361,10.90600915923244,17.02834413437092,5.700876585369562,6.008566086691086,3.2431928712473823,0.8777340797430082,1.0102667466240227,1.037803827857466,11.555050666099772,5.253613224462105,2.7290603741496597,0.6530257936507936,3.3945809589383016,7.2317756028693525,4.376421992926524,2.4387175324675323,6.188616071428571,6.114694385216773,1.3181335034013604,2.095344387755102,0.27697172619047616,1.181302824159967,1.0005580357142856,1.6005881519274374,0.7048611111111112,1.217828798185941,0.5763888888888888,0.9464285714285714,1.7254520652958152,1.66017316017316,0.984202869580668,0.7527990362811791,2.4448301574417646,0.2979113520408163,6.166749338624339,0.41489512471655327,1.0683557513914657,4.397215136054422,1.0832318722943723,1.25,0.2331349206349206,1.219665750915751,0.0,0.8400120464852607,1.0267857142857142,0.4586079223356009,3.316592261904762,3.4018588618242993,0.9809164050235478,0.4436383928571428,0.42348710317460314,0.9923115079365079,0.0,0.24234693877551017,0.6882440476190476,0.3005952380952381,0.8133550995024875,0.5059523809523809,0.3018707482993197,0.0,0.0,2.4483300264550265,0.27976190476190477,3.5367063492063493,0.0,0.31604308390022673,0.416843820861678,0.4211309523809524,0.0,0.21726190476190474,0.26988636363636365,0.0,0.0,0.7124255952380952,0.0,0.31249999999999994,1.021577380952381,0.0,0.0,7.771194083694084,1.0267857142857142,0.0,0.0,0.21391369047619047,0.0,0.8258267548312856,0.21207611832611833,0.0,0.0,0.0,0.8366815476190476,0.4714387175324675,0.39285714285714285,0.0,0.0,0.0,0.2157738095238095,0.21155753968253965,0.38581645344705046,0.0,0.0,0.0,0.4168227605727606,0.0,0.0,0.0,0.0,0.0,0.0,0.3968253968253968,0.0,0.0,0.0,0.0,0.0,0.0,0.0,0.0,1.0274621212121213,0.0,0.0,0.48828124999999994,0.0,0.0,0.0,0.4227642276422764,0.0,0.0,0.0,0.0,0.0,0.20833333333333331,0.0,0.0,0.0,0.0,0.0,0.0,0.0,0.0,0.0,0.0,0.0,0.0,0.27566964285714285,0.0,0.0,0.0,1.1458333333333333,0.0,0.0,0.0,0.0,0.0,0.0,0.0,0.0,0.0,0.0,0.0,0.0,0.0,0.41294642857142855,0.0,0.0,0.0,0.0,0.0,0.0,0.0,0.0,0.0,0.5282738095238095,0.0,0.0,0.0,0.0,0.0,0.0,0.0,0.0,0.0,0.0,0.0,0.0,0.29563492063492064,0.0,0.0,0.0,0.0,0.0,0.0,0.0,0.0,0.0
28.764291367836144,19.006694745967135,11.537022005772005,5.425189393939394,11.524305555555555,3.484283129805518,10.858405483405484,10.214261484783872,2.5378787878787876,4.819384319384319,6.012626262626262,10.935106663651439,1.6522349696323577,2.085648148148148,5.716794140768021,5.352678571428571,19.436958874458874,5.050650315342479,3.153409090909091,1.2589043419267298,1.3958333333333333,2.675820707070707,1.1578942409166288,0.8459595959595959,0.35416666666666663,7.08175505050505,1.2689393939393938,2.334911616161616,1.3194444444444444,0.5208333333333333,0.9769570707070707,1.0887896825396826,0.2272727272727273,0.3125,1.2159090909090908,2.2988560982963966,1.8876262626262625,0.295995670995671,0.9618055555555556,0.0,1.9791666666666665,4.473890692640692,1.9823232323232323,0.2793560606060606,0.7954545454545455,0.0,0.4236111111111111,0.0,0.0,0.4722222222222222,0.41666666666666663,0.0,1.2168560606060606,0.0,0.0,0.0,0.7291666666666666,6.364944083694083,2.236111111111111,0.9722222222222222,0.21527777777777776,0.5234245439469319,0.22569444444444442,0.0,0.20833333333333331,1.4362373737373737,1.0892857142857142,0.0,0.3819444444444444,0.0,0.2604166666666667,0.0,0.0,0.41666666666666663,0.3472222222222222,0.20833333333333331,0.8696338383838383,0.49652777777777773,0.0,1.3541666666666665,1.1321548821548821,0.0,0.798611111111111,0.0,0.20833333333333331,0.0,0.0,2.689078282828283,0.28125,0.2120535714285714,0.2456467661691542,0.0,1.4678030303030305,0.0,0.0,0.0,0.0,0.0,0.3125,0.0,0.20833333333333331,0.41666666666666663,0.20833333333333331,0.5718283582089553,1.846590909090909,0.9286616161616161,0.0,0.0,0.0,0.0,1.1875901875901875,0.0,1.7187499999999998,0.46874999999999994,0.5034722222222222,0.0,0.0,4.225694444444445,0.7430555555555556,1.0416666666666665,0.0,0.0,0.0,0.20833333333333331,0.625,0.798611111111111,0.0,0.0,0.20833333333333331,4.051993145743146,4.045454545454545,0.0,0.0,0.4356060606060606,0.2361111111111111,0.0,0.0,0.0,0.0,0.5972222222222222,0.25284090909090906,0.8333333333333333,0.35416666666666663,0.8333333333333334,0.0,0.0,0.3263888888888889,0.9945436507936507,0.0,0.0,0.0,0.0,0.36458333333333326,0.0,0.0,0.2777777777777778,0.0,0.0,0.6944444444444444,0.0,0.0,0.0,0.20833333333333334,0.0,0.0,0.0,0.0,0.0,0.2232142857142857,0.0,0.35416666666666663,0.625,0.0,0.0,0.0,0.0,0.0,0.0,0.6458333333333333,0.0,0.0,0.0,0.0,0.0,0.0,0.0,0.0,0.0,0.0,0.0,0.0,0.0,0.0,0.0,0.0,0.0,0.0,0.75,0.0,0.0
29.562001470978185,13.016959275292608,22.232258019758017,10.901004088504088,22.794816294816293,24.981923830138115,20.331498362748363,7.940506253006253,7.415392015392015,11.738087722462723,4.765873015873016,5.285732323232323,0.7469035594035593,9.143994508577842,11.926388888888889,7.672414622414623,4.5810786435786435,14.413359788359788,3.2611670736670737,2.6565934065934065,6.2592592592592595,6.037868381618382,5.03877064293731,10.09324294532628,3.7125440917107584,5.927011183261183,6.1666005291005295,2.013888888888889,1.9937169312169312,22.624570105820105,14.506295093795094,3.9127674680983504,7.552645502645503,2.16820987654321,1.7999338624338623,5.101851851851852,4.015046296296297,3.8932980599647267,0.8358134920634921,3.745791245791246,0.33333333333333337,14.937904687904688,1.923882747543462,2.2319223985890653,3.068145743145743,0.6296296296296297,1.287037037037037,8.294871101121101,0.3773148148148148,0.22864701436130005,2.451388888888889,1.0714285714285714,6.680555555555555,1.0324074074074074,0.0,1.6296296296296295,1.6588514109347443,3.779882154882155,0.33459595959595956,0.0,0.3819444444444445,4.058712121212121,0.20833333333333331,0.2777777777777778,1.7755647130647132,2.016508954008954,0.2777777777777778,0.0,2.8819444444444446,0.0,0.0,0.0,0.20391414141414144,1.3657407407407407,0.0,0.0,3.5416666666666665,0.7459325396825397,0.5555555555555556,0.6828703703703703,0.3125,0.360969387755102,0.0,1.0578703703703705,0.0,0.48611111111111116,0.0,4.881349206349206,0.47089947089947093,0.0,0.0,1.1805555555555556,2.5493506493506493,0.0,0.22222222222222224,0.8229166666666667,0.0,0.0,0.0,4.25242504409171,0.5555555555555556,0.0,0.0,0.21666666666666667,2.2005982443482446,1.5046296296296295,0.823502886002886,5.578235653235653,0.4298941798941799,0.0,0.7665343915343915,1.902777777777778,8.541666666666666,0.2962962962962963,0.5833333333333334,0.0,0.0,2.178240740740741,0.6489748677248677,1.2662037037037037,1.8402777777777777,0.6402777777777777,0.0,0.0,0.3888888888888889,0.7718253968253967,0.0,0.0,1.7898809523809525,2.627645502645503,0.5423280423280423,0.0,0.5654761904761905,0.0,1.1342592592592593,0.5462962962962963,0.5555555555555556,7.047708078958079,5.436067019400353,0.627104377104377,2.4699074074074074,0.7662037037037037,0.9790013227513227,0.2777777777777778,1.1984126984126984,0.0,0.0,0.9618055555555556,0.0,0.0,0.0,0.20370370370370372,0.0,0.0,0.7214045214045214,0.9887566137566137,0.0,0.0,0.8078703703703703,0.0,0.0,0.0,0.0,0.0,0.5555555555555556,0.0,0.0,0.0,0.7361111111111112,0.0,0.0,0.9027777777777778,0.0,0.0,0.0,0.32407407407407407,0.0,0.0,0.7575757575757576,0.0,0.0,0.0,0.0,0.0,0.9273504273504274,0.0,0.0,0.7777777777777778,0.0,0.0,0.0,0.23148148148148148,0.7142857142857142,0.0,0.0,0.6616809116809117,0.0,0.0,0.0,0.0
295.4349446693834,54.486017242394794,88.29700338118705,14.019891885325558,17.094052772624202,78.28038953676709,107.87538467768059,18.761115160349853,32.560374149659864,62.01712827988338,17.448615160349853,40.318523242630384,14.391092042877757,36.23600276661501,19.04802765261949,20.53061224489796,17.386982065553493,1.6648850016196954,17.49687196307094,1.544298671849692,52.885386297376094,3.340702947845805,175.46990332513292,3.4984410430839,9.529027520098948,22.393961480696174,4.704931972789115,34.69871823188149,0.7226786818623553,1.921768707482993,0.2551020408163265,0.8865605766115969,0.4342808551992225,24.859268707482993,10.562856148953088,7.387329931972789,0.22151360544217685,5.331632653061225,3.429219306770327,3.2842565597667637,8.838313896987366,0.0,0.0,32.04122983969923,10.3125,25.037414965986393,1.2840136054421767,0.8333333333333333,7.55466472303207,0.21080336896663426,3.3460884353741496,29.76764455782313,1.3313896987366376,4.978134110787171,26.79243418146479,12.736394557823129,0.0,1.25,1.4351937744794887,2.9749757045675413,7.492772108843537,0.0,3.75,1.7304421768707483,16.25,10.875094482237339,0.0,0.0,0.0,9.047619047619047,8.801020408163264,2.375,19.07110463232912,0.0,17.176020408163264,21.245464852607707,0.0,0.0,5.726190476190476,7.217687074829932,3.877551020408163,2.5552721088435373,0.0,0.0,7.194727891156463,7.603883219954648,3.655612244897959,2.5510204081632653,0.0,0.0,0.0,5.051020408163265,16.13095238095238,23.269760285066408,0.0,3.5111961451247162,10.577380952380953,1.25,1.3010204081632653,3.7882653061224487,4.459325396825397,0.0,0.0,0.0,0.0,0.0,3.256377551020408,0.0,0.0,15.600400874635568,0.0,33.90831787260358,0.0,0.0,4.961734693877551,27.253401360544217,0.0,0.0,0.0,0.3287981859410431,0.0,0.0,1.2798134405277262,0.0,0.0,0.0,9.863662131519273,0.0,0.0,0.0,0.0,33.31944444444444,0.0,0.0,0.0,11.881944444444445,1.25,0.0,5.467687074829932,0.0,0.0,0.3010204081632653,0.0,0.0,0.0,0.5902777777777778,0.0,0.0,0.0,0.8333333333333334,0.0,27.70138888888889,0.0,22.17838246409675,0.0,0.0,0.0,0.0,0.0,5.231980887593132,0.0,15.589346452866861,1.0,1.25,0.0,3.3580944282474894,0.0,0.0,0.0,13.179057337220602,0.0,0.0,2.510204081632653,1.0156401846452867,1.2645772594752187,1.685799319727891,17.932114512471653,4.06456511175899,0.0,0.0,0.0,7.023809523809524,21.25,0.0,0.0,0.3698979591836734,0.7258416186987615,0.0,2.575680272108843,61.02876984126984,0.0,0.0,0.0,0.0,0.0,0.0,0.7638888888888888,0.31978862973760935,0.0,3.375708616780045
84.609447945845,31.676879084967318,47.42247315592904,1.9256535947712419,39.497403127917835,34.227240896358545,3.267769607843137,17.0859302054155,15.5359477124183,3.9665032679738563,10.230392156862745,25.113217787114845,4.847834967320261,37.44492102396514,0.48908730158730157,5.81967787114846,2.702614379084967,6.78397331154684,4.645424836601308,1.0196078431372548,3.969596171802054,2.02859477124183,4.104575163398692,0.8443627450980392,1.7375816993464053,6.203851540616246,0.3872549019607843,3.133986928104575,0.625,3.3727124183006536,0.22058823529411764,0.46078431372549017,0.625,0.8333333333333333,0.5055555555555555,1.687908496732026,0.0,0.3715277777777778,0.0,0.0,0.0,6.364991830065359,1.7083333333333333,0.0,13.08108660130719,0.0,1.8080065359477124,0.0,1.1458333333333333,0.0,0.0,0.0,0.0,0.0,0.0,0.0,0.0,7.594362745098039,0.0,0.0,0.0,0.0,0.0,0.0,0.0,0.0,0.41666666666666663,0.0,0.0,0.0,0.0,0.9607843137254901,0.0,0.5208333333333333,0.0,0.0,0.7892156862745098,0.24019607843137253,0.0,0.0,0.0,0.0,0.0,0.0,0.0,0.0,0.0,0.0,0.0,0.0,0.0,0.0,3.75,0.0,0.0,0.0,0.0,0.20833333333333331,0.0,0.0,0.0,0.0,0.0,0.0,3.4444444444444446,0.24019607843137253,0.0,0.0,0.6666666666666666,0.0,0.0,0.0,0.0,0.0,0.0,0.0,0.0,7.166666666666667,0.0,0.8333333333333333,0.0,0.0,0.0,0.0,0.0,0.0,0.0,0.0,0.0,0.29166666666666663,0.0,0.0,0.4656862745098039,0.0,0.0,0.0,0.0,0.0,0.0,0.0,0.0,0.0,0.0,0.0,0.0,0.0,0.0,0.0,0.0,0.0,0.0,0.0,0.0,0.0,0.0,0.0,0.0,0.0,0.0,0.0,0.0,0.0,0.0,0.0,0.0,0.0,0.0,0.0,0.0,0.0,0.0,0.0,0.0,0.0,0.0,0.0,0.0,0.0,0.0,0.0,0.0,0.0,0.0,0.625,0.0,0.0,0.0,0.0,0.0,0.0,0.0,0.0,0.0,0.0,0.0,0.0,0.0,0.0,0.0,0.0
49.69047619047619,14.224747474747474,3.3655303030303028,17.448232323232325,11.921717171717171,20.05573593073593,4.511363636363637,18.053977272727273,22.293560606060606,45.509469696969695,6.291666666666666,30.405934343434343,5.8187229437229435,8.159090909090908,7.14520202020202,44.43371212121212,1.75,6.5814393939393945,2.941287878787879,5.441287878787879,18.62878787878788,8.478535353535353,1.875,7.640151515151515,20.03030303030303,1.8674242424242424,3.6354166666666665,12.791666666666666,0.23674242424242425,2.5946969696969697,3.4886363636363633,0.0,3.8068181818181817,0.923611111111111,8.75,1.5,3.409090909090909,0.3068181818181818,0.0,0.8333333333333333,1.0833333333333333,3.8454545454545457,6.916666666666666,0.0,4.111111111111111,0.9318181818181819,0.9217171717171717,1.022727272727273,11.331439393939394,0.9583333333333333,1.6666666666666665,0.25,1.8484848484848484,0.0,10.208333333333332,0.30000000000000004,0.0,0.0,0.0,6.0,0.0,0.0,0.7755681818181818,0.7757575757575758,1.3522727272727273,10.227272727272727,0.6704545454545454,29.738636363636363,2.5,0.0,2.794642857142857,0.0,0.0,4.583333333333333,0.0,1.7916666666666665,0.0,0.0,0.5,6.083333333333333,0.0,0.0,0.7689393939393939,1.25,1.0,4.21969696969697,1.3106060606060606,0.625,0.0,0.9166666666666666,0.0,8.430194805194805,1.5416666666666665,1.1893939393939394,0.0,3.625,0.0,4.075757575757575,0.0,0.0,0.2272727272727273,0.0,0.0,1.0,4.25,2.5,0.0,2.5757575757575757,3.4232954545454546,0.0,1.0,0.5,0.25,0.0,0.0,0.0,5.125,1.571969696969697,0.0,0.0,0.2272727272727273,3.0654761904761902,0.0,0.0,0.0,0.0,0.0,0.0,0.0,2.5,0.0,0.8333333333333333,0.0,0.75,0.0,0.0,0.2272727272727273,0.0,2.3011363636363633,0.0,0.0,0.0,1.8333333333333333,0.8333333333333333,0.25,0.0,0.0,1.25,0.0,0.0,0.0,0.0,1.25,0.0,0.0,0.0,1.25,0.0,0.0,0.0,0.0,0.0,0.0,0.0,0.35984848484848486,0.0,0.0,0.0,0.0,0.0,0.0,0.0,0.0,0.0,3.75,0.0,0.0,0.0,0.0,5.520833333333333,0.0,0.0,0.0,0.0,0.0,0.0,0.0,0.0,0.0,0.0,0.0,0.0,0.0,0.0,0.0,0.0,0.0,3.0,0.0,0.0
16.361639144905272,3.339285714285714,4.800878684807256,1.3958333333333333,3.0555555555555554,13.620443049014478,8.008544546850999,3.0654761904761907,3.1175595238095237,1.7857142857142856,1.5546703296703295,0.8333333333333333,9.607142857142856,3.019940476190476,0.7341269841269841,9.201955782312925,1.5297619047619047,0.0,0.5555555555555556,0.23283858998144713,2.35,5.011446886446886,1.2374999999999998,1.09375,3.514880952380952,0.20833333333333334,0.5069444444444444,0.41666666666666663,3.2425595238095237,4.965419501133787,0.0,4.456632653061224,0.0,1.4702380952380951,3.861523397237683,1.0178571428571428,1.101190476190476,1.0225340136054422,1.447704081632653,4.662698412698413,0.0,0.0,0.8333333333333333,0.0,0.0,0.41666666666666663,0.0,0.0,1.0119047619047619,0.30952380952380953,0.2777777777777778,1.1111111111111112,0.21889400921658983,1.072845804988662,0.0,0.0,0.46768707482993194,0.0,1.6666666666666665,0.0,1.6666666666666667,0.0,0.0,1.7738095238095237,0.0,1.25,1.4583333333333333,3.984126984126984,0.0,0.0,0.0,1.4236111111111112,0.0,0.0,0.0,0.0,0.0,0.0,0.3557027649769585,0.0,0.46768707482993194,0.0,1.8911782661782661,0.0,0.0,0.0,0.0,0.0,0.0,0.0,0.0,0.0,0.0,0.0,0.0,0.4017857142857143,0.0,1.5714285714285714,0.0,0.4166666666666667,1.1111111111111112,0.0,0.3273809523809524,0.8035714285714286,0.0,0.0,0.2232142857142857,1.25,0.0,0.0,0.0,1.4285714285714284,0.0,0.0,0.6730769230769231,0.0,0.0,0.0,0.0,0.0,1.0714285714285712,0.5,0.6547619047619047,0.0,0.0,0.0,0.0,0.0,0.0,0.0,0.7083333333333333,0.0,0.0,0.25,0.6245877138734282,0.0,0.0,0.0,0.0,0.0,0.0,0.0,0.0,0.0,0.0,0.0,0.0,0.0,0.41666666666666663,0.0,0.0,0.41666666666666663,0.0,0.0,0.0,0.0,0.0,0.0,0.0,0.0,0.0,0.0,0.0,0.0,0.0,0.0,0.3181818181818182,0.0,0.0,0.7166666666666667,0.0,0.0,0.0,0.0,0.0,0.0,0.0,0.0,0.2678571428571428,0.0,0.0,0.0,0.625,0.0,0.0,0.0,0.41666666666666663,0.0,0.0,2.2916666666666665,0.0,0.0,0.0,0.0,0.0,0.0,0.0,0.0,0.0,0.0
8.678000224939,0.46518390906146007,0.7278364370201105,0.30114188532555874,0.3705679241393527,0.47880223517978615,1.3267735665694849,0.6152818270165208,0.7687074829931972,0.6331997084548104,0.347424684159378,1.1900510204081631,0.2730364873222016,0.36298689359913844,0.2504086050004417,0.8460884353741496,0.5774582560296846,0.4148850016196955,0.30937196307094267,0.2942986718496923,0.8853862973760933,0.6383219954648526,4.059234133213725,0.3039965986394558,0.25819418676561534,0.0,0.21683673469387757,0.4249087080719734,0.30601201519568866,0.2551020408163265,0.2551020408163265,0.8865605766115969,0.4342808551992225,0.0,0.9378561489530877,0.0,0.22151360544217685,0.0,0.3875526401036605,0.43008989310009715,0.21331389698736636,0.0,0.0,0.0,0.0,0.0,0.0,0.0,0.0,1.4608033689666342,0.0,0.8018707482993197,0.0,0.2757531584062196,2.140648467179079,0.0,0.0,0.0,0.0,0.0,0.0,0.0,0.0,0.0,0.0,0.6760204081632653,0.0,0.0,0.0,0.29761904761904756,0.0,0.0,0.0,0.0,0.0,0.0,0.0,0.0,0.5178571428571428,0.0,0.0,0.0,0.0,0.0,0.0,0.0,0.28061224489795916,0.0,0.0,0.0,0.0,0.0,0.0,0.4919825072886297,0.0,0.0,0.0,0.0,0.0,0.2465986394557823,0.0,0.0,0.0,0.0,0.0,0.0,0.0,0.0,0.0,0.5795675413022351,0.0,0.0,0.0,0.0,0.0,0.0,0.0,0.0,0.0,0.0,0.0,0.0,0.23814677386105956,0.0,0.0,0.0,0.0,0.0,0.0,0.0,0.0,0.3333333333333333,0.0,0.0,0.0,0.0,0.0,0.0,0.0,0.0,0.0,0.0,0.0,0.0,0.0,0.0,0.0,0.0,0.0,0.0,0.0,0.0,0.0,0.0,0.0,0.0,0.0,0.0,0.0,0.6069808875931324,0.0,0.0,0.0,0.0,0.0,0.0,0.0,0.0,0.0,0.0,0.0,0.0,1.260204081632653,0.0,0.0,0.0,0.0,0.0,0.0,0.0,0.0,0.0,0.0,0.0,0.0,0.0,0.0,0.0,0.0,0.0,0.0,0.0,0.0,0.0,0.0,0.0,0.0,0.0,0.0,0.0
20.93653792249807,8.044444904272803,3.283114619003594,7.681143192142157,9.904462026356436,4.346496146767886,2.0128431555061987,5.291910537608001,1.2339083713630814,5.118725350609409,4.167741110675894,7.070281655879482,0.24831780538302275,0.0,1.12141994478951,0.43911804781369995,1.0990937236408251,1.7057807030633116,0.3660570508396595,0.7465949062416454,3.117203130337188,0.7503727940451542,2.7898648754627016,0.7856711525189786,0.98524540576171,10.468709878356618,0.30998389694041867,0.0,0.4728907867494824,0.0,0.45138888888888884,0.0,0.39553140096618356,0.5984443294225903,0.0,0.3546123763515068,0.0,0.32577365797474495,0.0,0.3786986714975845,0.0,4.212797619047619,1.0104130722337243,0.2966485507246377,0.899783615136876,0.0,0.0,0.8456622383252818,0.2940605590062112,0.0,0.0,0.0,0.5381944444444444,0.0,0.5614683977455717,0.0,1.499442586399108,0.41666666666666663,0.0,0.0,0.0,1.0462962962962963,0.0,0.0,2.5979662698412698,0.625,0.21235909822866347,0.0,0.29977570738440307,0.0,0.0,0.6405243558776167,0.0,0.0,0.5701154052603328,0.0,0.0,3.2142857142857144,0.0,0.7236773846828195,0.3138940571005788,0.0,0.0,0.3343900966183575,0.0,0.0,0.8569847020933977,0.0,0.0,0.0,0.0,0.0,0.0,0.0,0.0,0.0,0.0,1.857634649301316,0.0,0.0,0.0,0.5821759259259259,0.0,0.0,0.0,0.0,0.0,0.0,2.931547619047619,0.0,0.0,0.0,0.0,0.21739130434782608,0.0,0.0,0.0,0.625,0.0,0.0,0.0,0.0,0.0,0.0,0.0,0.0,0.0,0.0,0.0,5.00462962962963,0.0,0.0,0.0,0.0,0.0,0.0,0.0,0.0,0.0,0.0,0.0,0.0,0.0,0.0,0.0,0.0,0.0,0.0,0.0,0.0,0.0,0.0,0.0,0.0,0.0,0.0,0.0,0.0,0.4945652173913043,0.0,0.0,0.0,0.0,0.0,0.0,0.0,0.0,0.2604166666666667,0.0,0.0,0.0,0.0,0.0,0.0,0.0,0.0,0.0,0.0,0.0,0.0,0.0,0.0,0.0,0.0,0.0,0.0,0.0,0.0,0.0,0.0,0.0,0.0,1.25,0.0,0.0,0.0,0.0,0.0,0.0,0.0
73.779295859006,54.86736157093947,45.56436461900359,24.316559858808823,40.501188216832624,19.98191281343455,14.773259822172866,59.27107720427467,9.400575038029748,12.176761064895123,8.292741110675893,29.966114989212816,6.894151138716356,10.832786979526109,15.164574706694271,11.20300693670259,6.932427056974158,15.184947369729977,4.803557050839659,16.181118715765454,27.13803646367052,15.086682317854677,8.883614875462701,5.004421152518979,10.526912072428377,12.479126545023284,5.195400563607085,10.908411561264822,4.056224120082816,3.2075490096323427,3.5243055555555554,4.926403985507246,4.301781400966183,1.6609443294225903,1.1614583333333333,6.417112376351507,2.5868055555555554,1.8257736579747448,0.5543981481481481,0.5036986714975845,3.7142857142857144,12.489583333333332,17.781246405567057,1.7758152173913042,13.92061694847021,5.501178974005061,2.234126984126984,6.382864619277663,4.908643892339544,0.4027777777777778,0.78125,0.25,3.642361111111111,0.0,1.1864683977455717,1.4156400966183575,3.478609253065775,3.59375,0.3125,13.844806763285023,0.8843928062678061,7.696593915343915,1.3206018518518519,3.1382716049382715,0.5979662698412699,3.90625,3.8026368760064413,2.7441123188405796,0.6643590407177363,0.0,2.6057098765432096,1.5259410225442833,0.375,0.20833333333333331,0.5701154052603328,5.5977829537612145,1.688556763285024,0.8680555555555556,0.9375,4.640344051349486,2.501394057100579,0.6572420634920635,2.125,0.5427234299516908,3.5126811594202896,7.6398809523809526,5.154603749712445,2.298611111111111,2.3637632197414806,1.037565418679549,1.0416666666666665,2.775077160493827,8.371376811594203,0.0,12.286541005291005,0.5,0.0,3.6909679826346493,1.5208333333333333,0.6666666666666666,0.8333333333333333,1.9363425925925926,1.7857142857142856,4.3665674603174605,2.083333333333333,0.3500977685760294,2.7604166666666665,1.7708333333333333,2.619047619047619,0.0,2.66893115942029,7.091435185185185,1.033514492753623,4.248641304347826,0.47916666666666663,0.8333333333333333,2.989583333333333,2.875,0.2777777777777778,0.6521739130434783,0.0,3.5243055555555554,1.25,0.9849537037037037,0.6547619047619048,0.0,0.0,0.21130952380952378,1.687440645773979,0.962962962962963,0.4717693236714976,0.0,0.3251308373590982,1.1412037037037037,0.4444444444444444,19.367559523809522,0.3571428571428571,0.0,0.0,0.7272897897897898,0.0,0.0,0.0,0.0,0.25,0.0,0.0,3.125,0.625,0.0,0.3784722222222222,0.0,0.3836805555555556,0.22569444444444445,0.0,0.0,0.20833333333333331,0.0,0.2341485507246377,0.0,0.0,0.0,0.3125,0.8333333333333333,1.7708333333333333,0.0,0.0,0.2604166666666667,0.0,0.0,0.0,0.0,0.0,0.0,0.0,0.0,0.0,0.0,0.0,0.24884259259259256,0.0,0.0,0.0,0.0,0.2306547619047619,0.0,0.0,0.8031400966183575,0.0,0.0,0.0,0.0,0.0,0.24456521739130432,0.20987654320987653,0.20833333333333331,0.0,0.65625,0.6423611111111112,0.0
15.117102789041564,0.46518390906146007,10.72783643702011,1.647295731479405,0.46672177029319883,2.4649133462908974,1.3267735665694849,5.615281827016521,0.7687074829931972,1.9601227853778873,0.347424684159378,0.3567176870748299,0.2730364873222016,0.9879868935991385,0.2504086050004417,0.8460884353741496,0.5966890252604538,0.4148850016196955,0.30937196307094267,0.2942986718496923,0.26038629737609326,0.6383219954648526,0.934234133213725,0.3039965986394558,0.25819418676561534,0.0,0.21683673469387757,0.6279001610634264,0.30601201519568866,0.2551020408163265,0.2551020408163265,0.8865605766115969,0.4342808551992225,0.0,0.9378561489530877,0.0,0.22151360544217685,0.0,0.3875526401036605,0.43008989310009715,0.21331389698736636,0.0,0.0,0.3694802929496807,0.0,0.0,0.0,0.0,0.0,0.21080336896663426,0.0,0.8018707482993197,0.0,0.2757531584062196,1.7239818005124128,0.0,0.0,0.0,0.0,0.0,0.0,0.0,0.0,0.0,0.0,0.6760204081632653,0.0,0.0,0.0,0.29761904761904756,0.0,0.0,0.0,0.0,0.0,0.0,0.0,0.0,0.5178571428571428,0.0,0.0,0.0,0.0,0.0,0.0,0.0,0.28061224489795916,0.0,0.0,0.0,0.0,0.0,0.0,0.4919825072886297,0.0,0.0,0.0,0.0,0.0,0.2465986394557823,0.0,0.0,0.0,0.0,0.0,0.0,0.0,0.0,0.0,0.0,0.0,0.0,0.0,0.0,0.0,0.0,0.0,0.0,0.0,0.0,0.0,0.0,0.23814677386105956,0.0,0.0,0.0,0.0,0.0,0.0,0.0,0.0,0.36538461538461536,0.0,0.0,0.0,0.0,0.0,0.0,0.0,0.0,0.0,0.0,0.0,0.0,0.0,0.0,0.0,0.0,0.0,0.0,0.0,0.0,0.0,0.0,0.0,0.0,0.0,0.0,0.0,0.6069808875931324,0.0,0.0,0.0,0.0,0.0,0.0,0.0,0.0,0.0,1.8992954324586977,0.0,0.0,0.0,0.0,0.0,0.0,0.0,0.0,0.0,0.0,0.0,0.0,0.0,0.0,0.0,0.0,0.0,0.0,0.0,0.0,0.0,0.0,0.0,0.0,0.0,0.0,0.0,0.0,0.0,0.0
101.12775917865203,4.781812169312169,1.05625,31.50890022675737,94.89804302840017,132.84757094757094,183.78721526489383,32.69544552669552,4.61174543049543,143.66211734693877,13.589814814814815,28.541035353535353,37.26081349206349,9.73501984126984,15.20283189033189,5.080666786916787,25.004195011337867,4.599603174603175,34.47230339105339,21.73166486291486,34.49181998556998,62.93018106232392,0.0,57.83551587301587,28.94268324268324,0.6458333333333334,5.953162115662115,4.5378968253968255,32.48676948051948,32.3493413993414,6.576388888888889,1.3449074074074074,52.721396064253206,28.73525132275132,3.2125661375661374,5.722718253968254,13.991104497354497,36.20150613275613,0.5,5.369696969696969,15.893849206349206,5.589351851851852,44.080583900226756,0.0,0.0,23.32347754758469,121.72052008837723,0.6333333333333333,24.879497354497353,3.9308383745883746,8.046016714766715,0.606547619047619,23.663113275613274,7.666000203500203,0.0,0.3819444444444445,0.7155753968253968,0.0,0.3396164021164021,5.826388888888888,2.601488095238095,12.13968253968254,0.41666666666666663,1.1299603174603174,14.673430735930735,4.714087301587301,8.714917027417027,0.3125,12.657511337868481,2.439285714285714,4.293716931216931,4.2253968253968255,3.05,4.67390873015873,1.2361111111111112,0.4083333333333333,0.4166666666666667,0.0,1.9724206349206348,1.4277777777777778,1.5833333333333333,4.841038359788359,0.0,0.0,4.040178571428571,0.6041666666666666,0.375,35.54235972360972,0.2212962962962963,12.59265873015873,14.6734126984127,1.3603896103896103,0.25,2.279166666666667,0.5027777777777778,0.0,2.3222222222222224,3.306051587301587,3.625793650793651,0.0,0.525,0.875,0.9851190476190477,3.473687985295128,0.7083333333333333,1.0873015873015872,0.0,0.75,0.0,0.2837301587301587,0.7163690476190476,0.0,0.0,0.0,0.0,1.2333333333333334,1.7886363636363636,0.0,1.2396825396825397,1.1763257575757575,2.230952380952381,1.1841269841269841,0.0,22.349929138321993,1.9642857142857142,1.0266203703703702,0.0,3.4140873015873012,1.7153138528138527,0.0,0.0,0.25,0.6668470418470418,5.6338293650793645,1.1714285714285715,0.0,0.4375,0.0,0.44507575757575757,0.0,2.7152777777777777,5.8978174603174605,1.3719155844155844,1.130952380952381,0.34090909090909094,0.7916666666666666,1.0,1.25,3.313293650793651,16.738690476190477,0.8708333333333333,1.6111111111111112,0.30522486772486773,0.0,0.0,0.475,1.371494708994709,0.0,0.3492063492063492,0.0,1.2457341269841269,0.0,0.0,1.135515873015873,1.0,2.7163419913419915,23.82252886002886,0.0,0.0,0.0,13.64316635745207,0.0,0.5186507936507936,0.0,0.23809523809523808,1.8111678004535148,0.0,0.0,0.0,0.2857142857142857,1.1519841269841269,0.49999999999999994,0.0,0.0,7.648015873015873,12.368551587301587,0.30000000000000004,0.0,2.9555555555555557,0.0,1.2857142857142856,0.0,0.0,0.49007936507936506,0.579040404040404,0.25,3.588690476190476,0.0,0.0,0.0
13.595215548340548,2.881944444444444,0.8854166666666666,5.1171875,2.911458333333333,1.9765625,0.8588676948051949,0.3645833333333333,22.378968253968253,4.580357142857142,0.8796296296296295,1.3154761904761905,0.0,1.3324652777777777,3.142857142857143,3.046875,7.673611111111111,0.0,1.7053571428571428,0.5127314814814814,6.666666666666666,0.0,1.4583333333333333,0.6249999999999999,0.78125,0.6150793650793651,1.2022569444444444,0.0,0.7291666666666666,0.78125,0.0,0.0,0.20833333333333331,6.875,0.0,0.0,0.0,0.3125,0.0,11.95920138888889,0.37760416666666663,0.8333333333333333,0.0,0.0,0.0,0.0,1.1458333333333333,0.0,0.0,0.0,0.0,0.0,0.27469758064516125,0.8749999999999999,0.0,0.0,0.625,0.0,0.0,0.0,0.0,0.0,0.0,0.0,0.0,0.0,0.0,0.0,0.0,0.0,0.8333333333333333,0.0,0.2777777777777778,0.0,0.4196428571428571,1.25,0.0,0.0,0.0,0.0,0.0,0.625,0.0,0.0,0.0,0.0,0.0,0.0,0.0,0.8697916666666666,0.0,0.8203125,0.0,0.0,0.41666666666666663,0.0,0.0,0.34375,0.0,0.0,0.23958333333333331,0.0,0.0,0.0,0.0,0.0,0.0,0.0,0.0,0.0,0.0,0.0,0.0,0.0,0.0,7.499999999999999,0.0,0.0,0.0,0.0,0.0,0.0,0.0,0.0,0.0,0.0,0.0,0.0,0.0,0.0,0.0,0.0,0.0,0.0,0.0,0.3125,0.0,0.0,0.0,0.0,0.0,0.0,0.0,0.0,0.0,0.0,0.0,0.0,0.0,0.625,0.0,0.0,0.0,0.0,0.0,0.0,0.20833333333333331,0.0,0.0,0.625,0.0,0.0,0.0,2.5,0.0,0.0,0.0,0.0,0.0,0.0,0.0,0.0,0.0,0.0,0.0,0.0,0.0,0.0,0.0,0.0,0.0,0.0,0.0,0.0,0.0,0.31818181818181823,0.0,0.0,0.0,0.0,0.0,0.0,0.0,0.0,0.0,0.0,0.0,0.0,0.0,0.0
67.73235735735736,26.482644409114997,22.621138996138995,12.31569069069069,11.416666666666666,21.4375,6.263996138996139,17.200718575718575,2.869369369369369,5.510135135135135,3.212355212355212,11.908783783783782,1.0,2.5,0.0,4.583333333333333,11.625,3.1729597244303127,3.4226190476190474,1.135135135135135,3.069444444444444,1.9583333333333333,9.75,0.8333333333333333,0.8333333333333334,7.025900900900901,0.8333333333333333,6.694444444444444,3.2916666666666665,1.0833333333333333,0.5,0.8333333333333333,2.761904761904762,3.6785714285714284,1.0,0.0,0.0,0.0,0.625,0.0,1.3333333333333333,3.333333333333333,0.0,3.083333333333333,8.833333333333332,0.0,0.0,0.0,1.25,0.9166666666666666,0.5,0.0,1.3333333333333333,0.0,0.8333333333333333,0.30357142857142855,0.0,0.8333333333333333,2.5,0.25,0.0,0.0,1.0,0.5,0.0,0.5,0.75,0.0,0.75,0.0,1.0,0.5,0.0,0.8333333333333333,0.0,0.0,0.0,0.0,0.0,0.4842342342342342,0.0,0.0,0.0,3.7499999999999996,0.0,0.0,7.833333333333333,0.0,1.3175675675675675,0.25,1.6666666666666665,0.0,1.0833333333333333,0.0,0.0,0.0,1.0,0.5,0.9027777777777778,0.0,0.0,0.0,0.0,0.0,0.41666666666666663,0.0,0.0,0.0,0.0,0.0,0.5,1.6666666666666665,1.5833333333333333,0.41666666666666663,0.625,0.0,0.0,0.0,1.25,0.0,0.0,0.0,0.0,0.0,0.8333333333333333,0.0,0.0,0.0,0.0,0.0,0.8333333333333333,0.0,0.20833333333333331,0.0,0.0,0.0,0.0,0.0,0.0,0.0,0.0,0.0,0.0,0.0,0.8333333333333333,0.0,0.0,0.0,0.5,0.0,0.0,0.0,0.0,0.0,0.0,0.0,0.0,0.0,1.0833333333333333,0.0,0.8333333333333333,0.0,0.0,0.41666666666666663,0.0,0.0,0.0,0.0,0.0,0.0,0.0,0.0,0.0,0.0,0.0,0.0,0.0,0.0,0.0,0.0,0.0,0.0,0.0,0.0,0.0,0.8333333333333333,0.0,0.0,0.0,0.0,0.0,0.0,0.0,0.0,0.0,0.0,0.0,0.0,0.0,0.0
202.8546525124803,89.54321707158205,63.95933503140961,83.80236269830318,81.06529531008412,156.3011458472278,146.52338526815154,49.69313537024496,100.38096523525891,64.12520700314872,68.96241204601499,29.766116489330773,27.991294902576414,132.07086377072196,33.141501728896685,35.17336660849266,36.98965656801441,63.25772624240061,25.162167755991284,46.1622861770971,63.87168849053478,44.49018980669191,11.584506445665948,45.65162245084514,42.57753757544199,54.9305265227078,10.591180540592305,13.765635655194478,17.613635180179298,77.63308091723502,11.098333801469305,3.0780275443510736,25.194399734252674,20.957856574253633,11.381716321143841,11.203570102985907,3.193982355425301,23.162314422563895,36.50674636016022,19.75737201932055,13.07962903109962,61.39006421799489,14.95821246233536,1.3000349431270484,17.881293917139505,2.2804741554741557,25.791366513489084,10.18391820403375,13.725413189751423,1.406726280255692,8.495107453237706,6.882563025210084,38.01496426132676,3.3456776556776555,1.828681700924348,7.858817757872379,15.73996809562986,21.65436507936508,21.822503309015914,7.455074606765783,3.8012952339055275,10.220784210343034,11.706532288128926,3.0395276201648747,8.58509597428715,14.278231292517006,7.458399894145693,11.99290293040293,3.292972958414135,1.579366515837104,6.178846772327164,5.09801328709417,1.1166666666666667,2.80922619047619,6.478086419753086,12.542635631175546,50.928196762387934,0.45476190476190476,1.4197712418300652,8.700351307189543,8.790931522181522,6.6424718220621575,2.0795568227290917,5.914305555555556,0.8167857142857142,4.438125763125763,0.8402777777777777,9.44196516485382,6.284523809523809,6.892914562289562,1.4484065934065933,16.435477977625414,0.7174242424242424,12.003671482838149,13.463074888074887,2.3549607535321817,1.6986819727891156,6.864415130724654,1.63932486164629,4.46555699202758,1.960034013605442,1.2472860725486776,5.299166666666666,6.344314764367285,5.321666666666666,31.49268815004634,7.6753296703296705,3.2637151655534007,2.5253520289234577,0.9884055759055759,0.43181965093729796,5.252721815221816,7.63672969187675,0.660832794656324,0.0,4.227871148459384,4.030762304921969,0.0,17.30726765065,1.8669871794871795,12.949561157796452,3.418472222222222,1.530612244897959,10.75285592519836,3.5225173402694407,4.20558608058608,2.8186050061050056,1.6120448179271707,7.325493618442336,6.068355119825708,1.057646706274755,0.0,8.029800531323641,3.0281948334889512,0.8496642246642246,3.617857142857143,0.5,6.252566795949149,3.0803571428571423,1.006845238095238,2.5911332139693486,2.6515567765567765,3.2706181318681318,1.7824338624338623,0.6888888888888889,0.6321311858076564,2.478978428978429,0.21269841269841272,4.812176870748299,0.0,7.918109423256482,0.0,0.7503642290249433,0.0,2.357802736479207,0.5976190476190476,0.2523529411764706,0.5737161531279178,1.4107142857142858,1.25,0.39481092436974785,0.0,0.0,4.351890756302521,0.8238795518207283,0.0,0.0,2.1514423076923075,0.6122064210299504,0.0,3.3922689075630252,1.4783333333333333,0.0,6.261904761904762,0.0,3.0999999999999996,0.0,0.0,3.9416666666666664,0.7592592592592592,1.0039915966386554,0.3929563492063492,0.0,0.43843979899652163,0.20833333333333331,0.0,0.0,5.069444444444445,0.26,0.2777777777777778,0.25833333333333336,1.0375,0.625,0.3920518207282913,0.767300785634119,11.648809523809524,0.0,0.0,0.0,0.0
101.96709539367318,29.247582150947125,28.198332145406724,18.9352992062397,29.33593023071904,31.18705854564048,376.86824457551086,34.15494092580052,39.46271126700494,23.655960971402685,33.89296760157054,8.89558077504506,11.720461569243081,108.97240146913465,22.210251728896687,16.227731687857737,11.055628790236634,31.453974438648807,8.864548708372238,72.1811353834463,37.091926585772875,92.65338425113634,2.542839778999281,29.83912245084514,36.851148686553096,9.759891602072882,28.859037683449447,5.973968988527812,24.04121454525866,115.14458885374296,5.265000468135972,0.5373529411764706,4.861066400919342,1.9161899075869664,5.631716321143842,16.882141531557334,4.103704577647523,24.047731089230563,3.371329693493559,1.709752971701501,7.776057602528191,13.107326122756795,29.049482303605203,0.7750349431270483,3.1451828060283944,0.40547415547415544,93.11636651348908,1.5589182040337501,6.564698904037138,7.281726280255692,10.981218564348817,2.8051820728291315,34.628059499421994,24.595677655677655,1.828681700924348,9.48381775787238,13.444730000391765,1.7238095238095237,2.9891699756825805,6.62174127343245,0.9441523767626708,4.588839765898589,6.706532288128926,17.758277620164876,2.061286450477627,5.98656462585034,11.59728878303458,0.7429029304029303,18.971544386985563,1.2460331825037707,6.541942010422402,7.889679953760836,0.9083333333333333,0.7675595238095237,1.0614197530864198,3.517635631175547,14.598831683022858,0.45476190476190476,4.753104575163398,0.22118464052287581,1.3742648555148556,53.55913848872882,2.0795568227290917,3.282361111111111,3.8167857142857144,0.6881257631257631,0.42824074074074076,76.07053659342525,16.951190476190476,1.934581228956229,12.781739926739926,6.293811310958747,0.0,0.8370048161714828,1.338074888074888,1.479960753532182,4.323681972789116,10.072748464057987,9.847658194979623,3.01555699202758,0.352891156462585,2.2472860725486776,0.2991666666666667,2.8026480977006187,2.7383333333333333,50.88678537226856,1.1753296703296703,2.3053818322200677,0.6503520289234574,0.36340557590557593,0.4020577461753932,0.8777218152218152,0.0,0.660832794656324,0.0,0.4778711484593838,3.2807623049219687,0.0,3.1763152696976227,0.20032051282051283,7.724362745098039,12.275615079365078,0.6972789115646258,32.5861892585317,15.14751734026944,2.8430860805860805,0.3186050061050061,2.0287114845938374,3.7004936184423363,0.3600217864923747,4.203480039608088,0.0,1.5714671979903072,76.43295673825085,7.232997557997558,2.1595238095238094,0.0,0.6722096530920061,3.0803571428571423,2.006845238095238,1.4244665473026816,3.48489010989011,3.9268681318681318,2.6157671957671957,0.0,0.6321311858076564,4.2289784289784285,0.21269841269841272,0.6705102040816326,0.0,2.9181094232564817,0.0,3.0003642290249433,0.0,1.8578027364792071,0.0,3.3773529411764707,6.407049486461251,0.5773809523809523,0.0,5.8739775910364145,0.0,0.0,11.72689075630252,0.3238795518207283,0.0,0.0,0.2764423076923077,0.6122064210299504,0.0,5.350602240896358,0.0,0.0,0.0,0.0,2.975,0.0,0.0,0.0,0.7592592592592592,1.0039915966386554,0.2367063492063492,0.0,0.43843979899652163,0.0,2.408333333333333,0.0,1.9027777777777777,0.76,0.0,0.25833333333333336,0.4125,0.0,11.433718487394957,0.26730078563411896,0.6666666666666666,0.0,0.0,1.267361111111111,0.0
